{"type":"FeatureCollection","name":"4301008","crs":{"type":"name","properties":{"name":"urn:ogc:def:crs:OGC:1.3:CRS84"}},"features":[{"type":"Feature","properties":{"id_grade":"200ME52100N80742","pop":2,"dom":2,"universo_dom":"domicilios_ocupados_grade_ibge_2022","na_bacia":1,"area_pct_bacia":100.0,"metodo_recorte_bacia":"ponto_representativo_grade_2022; area_pct_geometrica","status_borda_bacia":"total","metodo_area_bacia":"interseção geométrica em EPSG:5880","metodo_na_bacia":"ponto_representativo_grade_2022_within_bacia","pop_n_validos":1,"pop_n_total":1,"pop_completude":1.0,"dom_n_validos":1,"dom_n_total":1,"dom_completude":1.0},"geometry":{"type":"Polygon","coordinates":[[[-51.907875481926396,-29.394928348336414],[-51.90789038219799,-29.393062494423834],[-51.90589797123988,-29.393048534142903],[-51.90588305677914,-29.394914387804658],[-51.907875481926396,-29.394928348336414]]]}},{"type":"Feature","properties":{"id_grade":"200ME52104N80742","pop":7,"dom":2,"universo_dom":"domicilios_ocupados_grade_ibge_2022","na_bacia":1,"area_pct_bacia":100.0,"metodo_recorte_bacia":"ponto_representativo_grade_2022; area_pct_geometrica","status_borda_bacia":"total","metodo_area_bacia":"interseção geométrica em EPSG:5880","metodo_na_bacia":"ponto_representativo_grade_2022_within_bacia","pop_n_validos":1,"pop_n_total":1,"pop_completude":1.0,"dom_n_validos":1,"dom_n_total":1,"dom_completude":1.0},"geometry":{"type":"Polygon","coordinates":[[[-51.90389063184433,-29.39490041398536],[-51.90390556049421,-29.393034560574726],[-51.901913149961175,-29.393020573719227],[-51.90189820712216,-29.394886426878493],[-51.90389063184433,-29.39490041398536]]]}},{"type":"Feature","properties":{"id_grade":"200ME52100N80744","pop":13,"dom":4,"universo_dom":"domicilios_ocupados_grade_ibge_2022","na_bacia":1,"area_pct_bacia":100.0,"metodo_recorte_bacia":"ponto_representativo_grade_2022; area_pct_geometrica","status_borda_bacia":"total","metodo_area_bacia":"interseção geométrica em EPSG:5880","metodo_na_bacia":"ponto_representativo_grade_2022_within_bacia","pop_n_validos":1,"pop_n_total":1,"pop_completude":1.0,"dom_n_validos":1,"dom_n_total":1,"dom_completude":1.0},"geometry":{"type":"Polygon","coordinates":[[[-51.90789038219799,-29.393062494423834],[-51.907905282257346,-29.39119666075273],[-51.90591288548818,-29.391182700722634],[-51.90589797123988,-29.393048534142903],[-51.90789038219799,-29.393062494423834]]]}},{"type":"Feature","properties":{"id_grade":"200ME52104N80744","pop":1,"dom":1,"universo_dom":"domicilios_ocupados_grade_ibge_2022","na_bacia":1,"area_pct_bacia":100.0,"metodo_recorte_bacia":"ponto_representativo_grade_2022; area_pct_geometrica","status_borda_bacia":"total","metodo_area_bacia":"interseção geométrica em EPSG:5880","metodo_na_bacia":"ponto_representativo_grade_2022_within_bacia","pop_n_validos":1,"pop_n_total":1,"pop_completude":1.0,"dom_n_validos":1,"dom_n_total":1,"dom_completude":1.0},"geometry":{"type":"Polygon","coordinates":[[[-51.90390556049421,-29.393034560574726],[-51.90392048893145,-29.391168727405606],[-51.901928092587355,-29.39115474080147],[-51.901913149961175,-29.393020573719227],[-51.90390556049421,-29.393034560574726]]]}},{"type":"Feature","properties":{"id_grade":"200ME52108N80744","pop":16,"dom":4,"universo_dom":"domicilios_ocupados_grade_ibge_2022","na_bacia":1,"area_pct_bacia":100.0,"metodo_recorte_bacia":"ponto_representativo_grade_2022; area_pct_geometrica","status_borda_bacia":"total","metodo_area_bacia":"interseção geométrica em EPSG:5880","metodo_na_bacia":"ponto_representativo_grade_2022_within_bacia","pop_n_validos":1,"pop_n_total":1,"pop_completude":1.0,"dom_n_validos":1,"dom_n_total":1,"dom_completude":1.0},"geometry":{"type":"Polygon","coordinates":[[[-51.89992073964098,-29.39300657357642],[-51.89993569645609,-29.391140740910206],[-51.89794330053787,-29.391126727732065],[-51.89792832953385,-29.392992560146386],[-51.89992073964098,-29.39300657357642]]]}},{"type":"Feature","properties":{"id_grade":"200ME52102N80746","pop":3,"dom":1,"universo_dom":"domicilios_ocupados_grade_ibge_2022","na_bacia":1,"area_pct_bacia":100.0,"metodo_recorte_bacia":"ponto_representativo_grade_2022; area_pct_geometrica","status_borda_bacia":"total","metodo_area_bacia":"interseção geométrica em EPSG:5880","metodo_na_bacia":"ponto_representativo_grade_2022_within_bacia","pop_n_validos":1,"pop_n_total":1,"pop_completude":1.0,"dom_n_validos":1,"dom_n_total":1,"dom_completude":1.0},"geometry":{"type":"Polygon","coordinates":[[[-51.90591288548818,-29.391182700722634],[-51.90592779952405,-29.389316887540943],[-51.90393541715605,-29.38930291447491],[-51.90392048893145,-29.391168727405606],[-51.90591288548818,-29.391182700722634]]]}},{"type":"Feature","properties":{"id_grade":"200ME52104N80748","pop":6,"dom":4,"universo_dom":"domicilios_ocupados_grade_ibge_2022","na_bacia":1,"area_pct_bacia":100.0,"metodo_recorte_bacia":"ponto_representativo_grade_2022; area_pct_geometrica","status_borda_bacia":"total","metodo_area_bacia":"interseção geométrica em EPSG:5880","metodo_na_bacia":"ponto_representativo_grade_2022_within_bacia","pop_n_validos":1,"pop_n_total":1,"pop_completude":1.0,"dom_n_validos":1,"dom_n_total":1,"dom_completude":1.0},"geometry":{"type":"Polygon","coordinates":[[[-51.90393541715605,-29.38930291447491],[-51.90395034516802,-29.387437121779573],[-51.901957977201185,-29.387423135678013],[-51.901943035000684,-29.38928892812205],[-51.90393541715605,-29.38930291447491]]]}},{"type":"Feature","properties":{"id_grade":"200ME52106N80748","pop":8,"dom":3,"universo_dom":"domicilios_ocupados_grade_ibge_2022","na_bacia":1,"area_pct_bacia":100.0,"metodo_recorte_bacia":"ponto_representativo_grade_2022; area_pct_geometrica","status_borda_bacia":"total","metodo_area_bacia":"interseção geométrica em EPSG:5880","metodo_na_bacia":"ponto_representativo_grade_2022_within_bacia","pop_n_validos":1,"pop_n_total":1,"pop_completude":1.0,"dom_n_validos":1,"dom_n_total":1,"dom_completude":1.0},"geometry":{"type":"Polygon","coordinates":[[[-51.901943035000684,-29.38928892812205],[-51.901957977201185,-29.387423135678013],[-51.89996560944718,-29.38740913628992],[-51.89995065305815,-29.389274928482468],[-51.901943035000684,-29.38928892812205]]]}},{"type":"Feature","properties":{"id_grade":"200ME52106N80750","pop":12,"dom":5,"universo_dom":"domicilios_ocupados_grade_ibge_2022","na_bacia":1,"area_pct_bacia":100.0,"metodo_recorte_bacia":"ponto_representativo_grade_2022; area_pct_geometrica","status_borda_bacia":"total","metodo_area_bacia":"interseção geométrica em EPSG:5880","metodo_na_bacia":"ponto_representativo_grade_2022_within_bacia","pop_n_validos":1,"pop_n_total":1,"pop_completude":1.0,"dom_n_validos":1,"dom_n_total":1,"dom_completude":1.0},"geometry":{"type":"Polygon","coordinates":[[[-51.901957977201185,-29.387423135678013],[-51.90197291918886,-29.385557363466283],[-51.899980565623174,-29.385543364329703],[-51.89996560944718,-29.38740913628992],[-51.901957977201185,-29.387423135678013]]]}},{"type":"Feature","properties":{"id_grade":"200ME52108N80754","pop":1,"dom":1,"universo_dom":"domicilios_ocupados_grade_ibge_2022","na_bacia":1,"area_pct_bacia":100.0,"metodo_recorte_bacia":"ponto_representativo_grade_2022; area_pct_geometrica","status_borda_bacia":"total","metodo_area_bacia":"interseção geométrica em EPSG:5880","metodo_na_bacia":"ponto_representativo_grade_2022_within_bacia","pop_n_validos":1,"pop_n_total":1,"pop_completude":1.0,"dom_n_validos":1,"dom_n_total":1,"dom_completude":1.0},"geometry":{"type":"Polygon","coordinates":[[[-51.89999552158614,-29.38367761259853],[-51.90001047733609,-29.381811881093615],[-51.89801815235947,-29.38179786917403],[-51.898003182421604,-29.383663600427354],[-51.89999552158614,-29.38367761259853]]]}},{"type":"Feature","properties":{"id_grade":"200ME52106N80756","pop":1,"dom":1,"universo_dom":"domicilios_ocupados_grade_ibge_2022","na_bacia":1,"area_pct_bacia":100.0,"metodo_recorte_bacia":"ponto_representativo_grade_2022; area_pct_geometrica","status_borda_bacia":"total","metodo_area_bacia":"interseção geométrica em EPSG:5880","metodo_na_bacia":"ponto_representativo_grade_2022_within_bacia","pop_n_validos":1,"pop_n_total":1,"pop_completude":1.0,"dom_n_validos":1,"dom_n_total":1,"dom_completude":1.0},"geometry":{"type":"Polygon","coordinates":[[[-51.902002802525736,-29.38182587972734],[-51.90201774387495,-29.37996016819395],[-51.90002543287302,-29.379946169811685],[-51.90001047733609,-29.381811881093615],[-51.902002802525736,-29.38182587972734]]]}},{"type":"Feature","properties":{"id_grade":"200ME52108N80756","pop":8,"dom":4,"universo_dom":"domicilios_ocupados_grade_ibge_2022","na_bacia":1,"area_pct_bacia":100.0,"metodo_recorte_bacia":"ponto_representativo_grade_2022; area_pct_geometrica","status_borda_bacia":"total","metodo_area_bacia":"interseção geométrica em EPSG:5880","metodo_na_bacia":"ponto_representativo_grade_2022_within_bacia","pop_n_validos":1,"pop_n_total":1,"pop_completude":1.0,"dom_n_validos":1,"dom_n_total":1,"dom_completude":1.0},"geometry":{"type":"Polygon","coordinates":[[[-51.90001047733609,-29.381811881093615],[-51.90002543287302,-29.379946169811685],[-51.898033122084115,-29.37993215814381],[-51.89801815235947,-29.38179786917403],[-51.90001047733609,-29.381811881093615]]]}},{"type":"Feature","properties":{"id_grade":"200ME52106N80758","pop":14,"dom":4,"universo_dom":"domicilios_ocupados_grade_ibge_2022","na_bacia":1,"area_pct_bacia":100.0,"metodo_recorte_bacia":"ponto_representativo_grade_2022; area_pct_geometrica","status_borda_bacia":"total","metodo_area_bacia":"interseção geométrica em EPSG:5880","metodo_na_bacia":"ponto_representativo_grade_2022_within_bacia","pop_n_validos":1,"pop_n_total":1,"pop_completude":1.0,"dom_n_validos":1,"dom_n_total":1,"dom_completude":1.0},"geometry":{"type":"Polygon","coordinates":[[[-51.90201774387495,-29.37996016819395],[-51.90203268501135,-29.378094476880634],[-51.90004038819694,-29.378080478749705],[-51.90002543287302,-29.379946169811685],[-51.90201774387495,-29.37996016819395]]]}},{"type":"Feature","properties":{"id_grade":"200ME52108N80758","pop":3,"dom":1,"universo_dom":"domicilios_ocupados_grade_ibge_2022","na_bacia":1,"area_pct_bacia":100.0,"metodo_recorte_bacia":"ponto_representativo_grade_2022; area_pct_geometrica","status_borda_bacia":"total","metodo_area_bacia":"interseção geométrica em EPSG:5880","metodo_na_bacia":"ponto_representativo_grade_2022_within_bacia","pop_n_validos":1,"pop_n_total":1,"pop_completude":1.0,"dom_n_validos":1,"dom_n_total":1,"dom_completude":1.0},"geometry":{"type":"Polygon","coordinates":[[[-51.90002543287302,-29.379946169811685],[-51.90004038819694,-29.378080478749705],[-51.89804809159554,-29.378066467333436],[-51.898033122084115,-29.37993215814381],[-51.90002543287302,-29.379946169811685]]]}},{"type":"Feature","properties":{"id_grade":"200ME52100N80760","pop":5,"dom":1,"universo_dom":"domicilios_ocupados_grade_ibge_2022","na_bacia":1,"area_pct_bacia":100.0,"metodo_recorte_bacia":"ponto_representativo_grade_2022; area_pct_geometrica","status_borda_bacia":"total","metodo_area_bacia":"interseção geométrica em EPSG:5880","metodo_na_bacia":"ponto_representativo_grade_2022_within_bacia","pop_n_validos":1,"pop_n_total":1,"pop_completude":1.0,"dom_n_validos":1,"dom_n_total":1,"dom_completude":1.0},"geometry":{"type":"Polygon","coordinates":[[[-51.908009576730606,-29.37813639156095],[-51.90802447509224,-29.37627071971188],[-51.90603219182734,-29.37625676168782],[-51.90601727927839,-29.378122433286215],[-51.908009576730606,-29.37813639156095]]]}},{"type":"Feature","properties":{"id_grade":"200ME52102N80760","pop":10,"dom":4,"universo_dom":"domicilios_ocupados_grade_ibge_2022","na_bacia":1,"area_pct_bacia":100.0,"metodo_recorte_bacia":"ponto_representativo_grade_2022; area_pct_geometrica","status_borda_bacia":"total","metodo_area_bacia":"interseção geométrica em EPSG:5880","metodo_na_bacia":"ponto_representativo_grade_2022_within_bacia","pop_n_validos":1,"pop_n_total":1,"pop_completude":1.0,"dom_n_validos":1,"dom_n_total":1,"dom_completude":1.0},"geometry":{"type":"Polygon","coordinates":[[[-51.90601727927839,-29.378122433286215],[-51.90603219182734,-29.37625676168782],[-51.90403990877484,-29.37624279037857],[-51.90402498203857,-29.378108461726097],[-51.90601727927839,-29.378122433286215]]]}},{"type":"Feature","properties":{"id_grade":"200ME52104N80760","pop":5,"dom":2,"universo_dom":"domicilios_ocupados_grade_ibge_2022","na_bacia":1,"area_pct_bacia":100.0,"metodo_recorte_bacia":"ponto_representativo_grade_2022; area_pct_geometrica","status_borda_bacia":"total","metodo_area_bacia":"interseção geométrica em EPSG:5880","metodo_na_bacia":"ponto_representativo_grade_2022_within_bacia","pop_n_validos":1,"pop_n_total":1,"pop_completude":1.0,"dom_n_validos":1,"dom_n_total":1,"dom_completude":1.0},"geometry":{"type":"Polygon","coordinates":[[[-51.90402498203857,-29.378108461726097],[-51.90403990877484,-29.37624279037857],[-51.90204762593495,-29.376228805784248],[-51.90203268501135,-29.378094476880634],[-51.90402498203857,-29.378108461726097]]]}},{"type":"Feature","properties":{"id_grade":"200ME52100N80762","pop":4,"dom":2,"universo_dom":"domicilios_ocupados_grade_ibge_2022","na_bacia":1,"area_pct_bacia":100.0,"metodo_recorte_bacia":"ponto_representativo_grade_2022; area_pct_geometrica","status_borda_bacia":"total","metodo_area_bacia":"interseção geométrica em EPSG:5880","metodo_na_bacia":"ponto_representativo_grade_2022_within_bacia","pop_n_validos":1,"pop_n_total":1,"pop_completude":1.0,"dom_n_validos":1,"dom_n_total":1,"dom_completude":1.0},"geometry":{"type":"Polygon","coordinates":[[[-51.90802447509224,-29.37627071971188],[-51.90803937324168,-29.374405068076744],[-51.9060471041639,-29.374391110303335],[-51.90603219182734,-29.37625676168782],[-51.90802447509224,-29.37627071971188]]]}},{"type":"Feature","properties":{"id_grade":"200ME52104N80762","pop":3,"dom":2,"universo_dom":"domicilios_ocupados_grade_ibge_2022","na_bacia":1,"area_pct_bacia":100.0,"metodo_recorte_bacia":"ponto_representativo_grade_2022; area_pct_geometrica","status_borda_bacia":"total","metodo_area_bacia":"interseção geométrica em EPSG:5880","metodo_na_bacia":"ponto_representativo_grade_2022_within_bacia","pop_n_validos":1,"pop_n_total":1,"pop_completude":1.0,"dom_n_validos":1,"dom_n_total":1,"dom_completude":1.0},"geometry":{"type":"Polygon","coordinates":[[[-51.90403990877484,-29.37624279037857],[-51.904054835298524,-29.37437713924496],[-51.90206256664574,-29.374363154901694],[-51.90204762593495,-29.376228805784248],[-51.90403990877484,-29.37624279037857]]]}},{"type":"Feature","properties":{"id_grade":"200ME52100N80764","pop":2,"dom":1,"universo_dom":"domicilios_ocupados_grade_ibge_2022","na_bacia":1,"area_pct_bacia":100.0,"metodo_recorte_bacia":"ponto_representativo_grade_2022; area_pct_geometrica","status_borda_bacia":"total","metodo_area_bacia":"interseção geométrica em EPSG:5880","metodo_na_bacia":"ponto_representativo_grade_2022_within_bacia","pop_n_validos":1,"pop_n_total":1,"pop_completude":1.0,"dom_n_validos":1,"dom_n_total":1,"dom_completude":1.0},"geometry":{"type":"Polygon","coordinates":[[[-51.90803937324168,-29.374405068076744],[-51.90805427117892,-29.37253943665253],[-51.90606201628807,-29.37252547912969],[-51.9060471041639,-29.374391110303335],[-51.90803937324168,-29.374405068076744]]]}},{"type":"Feature","properties":{"id_grade":"200ME52102N80766","pop":5,"dom":2,"universo_dom":"domicilios_ocupados_grade_ibge_2022","na_bacia":1,"area_pct_bacia":100.0,"metodo_recorte_bacia":"ponto_representativo_grade_2022; area_pct_geometrica","status_borda_bacia":"total","metodo_area_bacia":"interseção geométrica em EPSG:5880","metodo_na_bacia":"ponto_representativo_grade_2022_within_bacia","pop_n_validos":1,"pop_n_total":1,"pop_completude":1.0,"dom_n_validos":1,"dom_n_total":1,"dom_completude":1.0},"geometry":{"type":"Polygon","coordinates":[[[-51.90606201628807,-29.37252547912969],[-51.906076928199845,-29.37065986816393],[-51.9040846877081,-29.37064589760723],[-51.90406976160961,-29.3725115083222],[-51.90606201628807,-29.37252547912969]]]}},{"type":"Feature","properties":{"id_grade":"200ME52102N80768","pop":5,"dom":1,"universo_dom":"domicilios_ocupados_grade_ibge_2022","na_bacia":1,"area_pct_bacia":100.0,"metodo_recorte_bacia":"ponto_representativo_grade_2022; area_pct_geometrica","status_borda_bacia":"total","metodo_area_bacia":"interseção geométrica em EPSG:5880","metodo_na_bacia":"ponto_representativo_grade_2022_within_bacia","pop_n_validos":1,"pop_n_total":1,"pop_completude":1.0,"dom_n_validos":1,"dom_n_total":1,"dom_completude":1.0},"geometry":{"type":"Polygon","coordinates":[[[-51.906076928199845,-29.37065986816393],[-51.90609183989924,-29.368794277402813],[-51.90409961359401,-29.368780307096888],[-51.9040846877081,-29.37064589760723],[-51.906076928199845,-29.37065986816393]]]}},{"type":"Feature","properties":{"id_grade":"200ME52096N80772","pop":1,"dom":1,"universo_dom":"domicilios_ocupados_grade_ibge_2022","na_bacia":1,"area_pct_bacia":100.0,"metodo_recorte_bacia":"ponto_representativo_grade_2022; area_pct_geometrica","status_borda_bacia":"total","metodo_area_bacia":"interseção geométrica em EPSG:5880","metodo_na_bacia":"ponto_representativo_grade_2022_within_bacia","pop_n_validos":1,"pop_n_total":1,"pop_completude":1.0,"dom_n_validos":1,"dom_n_total":1,"dom_completude":1.0},"geometry":{"type":"Polygon","coordinates":[[[-51.91208338901645,-29.3669705373052],[-51.91209825773273,-29.365104986193646],[-51.91010605916342,-29.365091056240388],[-51.91009117626101,-29.36695660710194],[-51.91208338901645,-29.3669705373052]]]}},{"type":"Feature","properties":{"id_grade":"200ME52098N80772","pop":8,"dom":2,"universo_dom":"domicilios_ocupados_grade_ibge_2022","na_bacia":1,"area_pct_bacia":100.0,"metodo_recorte_bacia":"ponto_representativo_grade_2022; area_pct_geometrica","status_borda_bacia":"total","metodo_area_bacia":"interseção geométrica em EPSG:5880","metodo_na_bacia":"ponto_representativo_grade_2022_within_bacia","pop_n_validos":1,"pop_n_total":1,"pop_completude":1.0,"dom_n_validos":1,"dom_n_total":1,"dom_completude":1.0},"geometry":{"type":"Polygon","coordinates":[[[-51.91009117626101,-29.36695660710194],[-51.91010605916342,-29.365091056240388],[-51.90811386080607,-29.365077113003387],[-51.90809896371755,-29.366942663614612],[-51.91009117626101,-29.36695660710194]]]}},{"type":"Feature","properties":{"id_grade":"200ME52100N80772","pop":12,"dom":4,"universo_dom":"domicilios_ocupados_grade_ibge_2022","na_bacia":1,"area_pct_bacia":100.0,"metodo_recorte_bacia":"ponto_representativo_grade_2022; area_pct_geometrica","status_borda_bacia":"total","metodo_area_bacia":"interseção geométrica em EPSG:5880","metodo_na_bacia":"ponto_representativo_grade_2022_within_bacia","pop_n_validos":1,"pop_n_total":1,"pop_completude":1.0,"dom_n_validos":1,"dom_n_total":1,"dom_completude":1.0},"geometry":{"type":"Polygon","coordinates":[[[-51.90809896371755,-29.366942663614612],[-51.90811386080607,-29.365077113003387],[-51.906121662660894,-29.365063156482655],[-51.906106751386254,-29.36692870684342],[-51.90809896371755,-29.366942663614612]]]}},{"type":"Feature","properties":{"id_grade":"200ME52078N80774","pop":5,"dom":3,"universo_dom":"domicilios_ocupados_grade_ibge_2022","na_bacia":1,"area_pct_bacia":100.0,"metodo_recorte_bacia":"ponto_representativo_grade_2022; area_pct_geometrica","status_borda_bacia":"total","metodo_area_bacia":"interseção geométrica em EPSG:5880","metodo_na_bacia":"ponto_representativo_grade_2022_within_bacia","pop_n_validos":1,"pop_n_total":1,"pop_completude":1.0,"dom_n_validos":1,"dom_n_total":1,"dom_completude":1.0},"geometry":{"type":"Polygon","coordinates":[[[-51.93002805436169,-29.365229758004144],[-51.93004279519271,-29.363364224848954],[-51.92805060891076,-29.363350414697443],[-51.928035853893775,-29.36521594760469],[-51.93002805436169,-29.365229758004144]]]}},{"type":"Feature","properties":{"id_grade":"200ME52096N80774","pop":2,"dom":1,"universo_dom":"domicilios_ocupados_grade_ibge_2022","na_bacia":1,"area_pct_bacia":100.0,"metodo_recorte_bacia":"ponto_representativo_grade_2022; area_pct_geometrica","status_borda_bacia":"total","metodo_area_bacia":"interseção geométrica em EPSG:5880","metodo_na_bacia":"ponto_representativo_grade_2022_within_bacia","pop_n_validos":1,"pop_n_total":1,"pop_completude":1.0,"dom_n_validos":1,"dom_n_total":1,"dom_completude":1.0},"geometry":{"type":"Polygon","coordinates":[[[-51.91209825773273,-29.365104986193646],[-51.91211312623725,-29.363239455277753],[-51.91012094185386,-29.363225525574407],[-51.91010605916342,-29.365091056240388],[-51.91209825773273,-29.365104986193646]]]}},{"type":"Feature","properties":{"id_grade":"200ME52100N80774","pop":5,"dom":3,"universo_dom":"domicilios_ocupados_grade_ibge_2022","na_bacia":1,"area_pct_bacia":100.0,"metodo_recorte_bacia":"ponto_representativo_grade_2022; area_pct_geometrica","status_borda_bacia":"total","metodo_area_bacia":"interseção geométrica em EPSG:5880","metodo_na_bacia":"ponto_representativo_grade_2022_within_bacia","pop_n_validos":1,"pop_n_total":1,"pop_completude":1.0,"dom_n_validos":1,"dom_n_total":1,"dom_completude":1.0},"geometry":{"type":"Polygon","coordinates":[[[-51.90811386080607,-29.365077113003387],[-51.90812875768243,-29.363211582587653],[-51.90613657372316,-29.36319762631742],[-51.906121662660894,-29.365063156482655],[-51.90811386080607,-29.365077113003387]]]}},{"type":"Feature","properties":{"id_grade":"200ME52078N80776","pop":2,"dom":1,"universo_dom":"domicilios_ocupados_grade_ibge_2022","na_bacia":1,"area_pct_bacia":100.0,"metodo_recorte_bacia":"ponto_representativo_grade_2022; area_pct_geometrica","status_borda_bacia":"total","metodo_area_bacia":"interseção geométrica em EPSG:5880","metodo_na_bacia":"ponto_representativo_grade_2022_within_bacia","pop_n_validos":1,"pop_n_total":1,"pop_completude":1.0,"dom_n_validos":1,"dom_n_total":1,"dom_completude":1.0},"geometry":{"type":"Polygon","coordinates":[[[-51.93004279519271,-29.363364224848954],[-51.93005753581379,-29.361498711886703],[-51.92806536371759,-29.361484901982944],[-51.92805060891076,-29.363350414697443],[-51.93004279519271,-29.363364224848954]]]}},{"type":"Feature","properties":{"id_grade":"200ME52092N80776","pop":6,"dom":1,"universo_dom":"domicilios_ocupados_grade_ibge_2022","na_bacia":1,"area_pct_bacia":100.0,"metodo_recorte_bacia":"ponto_representativo_grade_2022; area_pct_geometrica","status_borda_bacia":"total","metodo_area_bacia":"interseção geométrica em EPSG:5880","metodo_na_bacia":"ponto_representativo_grade_2022_within_bacia","pop_n_validos":1,"pop_n_total":1,"pop_completude":1.0,"dom_n_validos":1,"dom_n_total":1,"dom_completude":1.0},"geometry":{"type":"Polygon","coordinates":[[[-51.91609749563911,-29.363267274833742],[-51.91611233556041,-29.36140176361116],[-51.91412016493943,-29.361387860724385],[-51.914105310832404,-29.36325337169746],[-51.91609749563911,-29.363267274833742]]]}},{"type":"Feature","properties":{"id_grade":"200ME52094N80776","pop":5,"dom":3,"universo_dom":"domicilios_ocupados_grade_ibge_2022","na_bacia":1,"area_pct_bacia":100.0,"metodo_recorte_bacia":"ponto_representativo_grade_2022; area_pct_geometrica","status_borda_bacia":"total","metodo_area_bacia":"interseção geométrica em EPSG:5880","metodo_na_bacia":"ponto_representativo_grade_2022_within_bacia","pop_n_validos":1,"pop_n_total":1,"pop_completude":1.0,"dom_n_validos":1,"dom_n_total":1,"dom_completude":1.0},"geometry":{"type":"Polygon","coordinates":[[[-51.914105310832404,-29.36325337169746],[-51.91412016493943,-29.361387860724385],[-51.91212799453,-29.361373944554362],[-51.91211312623725,-29.363239455277753],[-51.914105310832404,-29.36325337169746]]]}},{"type":"Feature","properties":{"id_grade":"200ME52074N80778","pop":2,"dom":1,"universo_dom":"domicilios_ocupados_grade_ibge_2022","na_bacia":1,"area_pct_bacia":100.0,"metodo_recorte_bacia":"ponto_representativo_grade_2022; area_pct_geometrica","status_borda_bacia":"total","metodo_area_bacia":"interseção geométrica em EPSG:5880","metodo_na_bacia":"ponto_representativo_grade_2022_within_bacia","pop_n_validos":1,"pop_n_total":1,"pop_completude":1.0,"dom_n_validos":1,"dom_n_total":1,"dom_completude":1.0},"geometry":{"type":"Polygon","coordinates":[[[-51.93404188063579,-29.361526291844353],[-51.9340565926758,-29.359660798576872],[-51.932064434345506,-29.35964701548699],[-51.932049708119926,-29.3615125085072],[-51.93404188063579,-29.361526291844353]]]}},{"type":"Feature","properties":{"id_grade":"200ME52076N80778","pop":2,"dom":1,"universo_dom":"domicilios_ocupados_grade_ibge_2022","na_bacia":1,"area_pct_bacia":100.0,"metodo_recorte_bacia":"ponto_representativo_grade_2022; area_pct_geometrica","status_borda_bacia":"total","metodo_area_bacia":"interseção geométrica em EPSG:5880","metodo_na_bacia":"ponto_representativo_grade_2022_within_bacia","pop_n_validos":1,"pop_n_total":1,"pop_completude":1.0,"dom_n_validos":1,"dom_n_total":1,"dom_completude":1.0},"geometry":{"type":"Polygon","coordinates":[[[-51.932049708119926,-29.3615125085072],[-51.932064434345506,-29.35964701548699],[-51.930072276224934,-29.359633219114155],[-51.93005753581379,-29.361498711886703],[-51.932049708119926,-29.3615125085072]]]}},{"type":"Feature","properties":{"id_grade":"200ME52094N80778","pop":3,"dom":1,"universo_dom":"domicilios_ocupados_grade_ibge_2022","na_bacia":1,"area_pct_bacia":100.0,"metodo_recorte_bacia":"ponto_representativo_grade_2022; area_pct_geometrica","status_borda_bacia":"total","metodo_area_bacia":"interseção geométrica em EPSG:5880","metodo_na_bacia":"ponto_representativo_grade_2022_within_bacia","pop_n_validos":1,"pop_n_total":1,"pop_completude":1.0,"dom_n_validos":1,"dom_n_total":1,"dom_completude":1.0},"geometry":{"type":"Polygon","coordinates":[[[-51.91412016493943,-29.361387860724385],[-51.91413501883492,-29.359522369940823],[-51.912142862611006,-29.359508454020517],[-51.91212799453,-29.361373944554362],[-51.91412016493943,-29.361387860724385]]]}},{"type":"Feature","properties":{"id_grade":"200ME52096N80778","pop":10,"dom":4,"universo_dom":"domicilios_ocupados_grade_ibge_2022","na_bacia":1,"area_pct_bacia":100.0,"metodo_recorte_bacia":"ponto_representativo_grade_2022; area_pct_geometrica","status_borda_bacia":"total","metodo_area_bacia":"interseção geométrica em EPSG:5880","metodo_na_bacia":"ponto_representativo_grade_2022_within_bacia","pop_n_validos":1,"pop_n_total":1,"pop_completude":1.0,"dom_n_validos":1,"dom_n_total":1,"dom_completude":1.0},"geometry":{"type":"Polygon","coordinates":[[[-51.91212799453,-29.361373944554362],[-51.912142862611006,-29.359508454020517],[-51.910150706598856,-29.359494524817148],[-51.910135824332336,-29.361360015101038],[-51.91212799453,-29.361373944554362]]]}},{"type":"Feature","properties":{"id_grade":"200ME52094N80780","pop":4,"dom":1,"universo_dom":"domicilios_ocupados_grade_ibge_2022","na_bacia":1,"area_pct_bacia":100.0,"metodo_recorte_bacia":"ponto_representativo_grade_2022; area_pct_geometrica","status_borda_bacia":"total","metodo_area_bacia":"interseção geométrica em EPSG:5880","metodo_na_bacia":"ponto_representativo_grade_2022_within_bacia","pop_n_validos":1,"pop_n_total":1,"pop_completude":1.0,"dom_n_validos":1,"dom_n_total":1,"dom_completude":1.0},"geometry":{"type":"Polygon","coordinates":[[[-51.91413501883492,-29.359522369940823],[-51.91414987251884,-29.357656899343787],[-51.91215773048027,-29.357642983673074],[-51.912142862611006,-29.359508454020517],[-51.91413501883492,-29.359522369940823]]]}},{"type":"Feature","properties":{"id_grade":"200ME52096N80780","pop":2,"dom":1,"universo_dom":"domicilios_ocupados_grade_ibge_2022","na_bacia":1,"area_pct_bacia":100.0,"metodo_recorte_bacia":"ponto_representativo_grade_2022; area_pct_geometrica","status_borda_bacia":"total","metodo_area_bacia":"interseção geométrica em EPSG:5880","metodo_na_bacia":"ponto_representativo_grade_2022_within_bacia","pop_n_validos":1,"pop_n_total":1,"pop_completude":1.0,"dom_n_validos":1,"dom_n_total":1,"dom_completude":1.0},"geometry":{"type":"Polygon","coordinates":[[[-51.912142862611006,-29.359508454020517],[-51.91215773048027,-29.357642983673074],[-51.91016558865343,-29.357629054719656],[-51.910150706598856,-29.359494524817148],[-51.912142862611006,-29.359508454020517]]]}},{"type":"Feature","properties":{"id_grade":"200ME52068N80782","pop":7,"dom":3,"universo_dom":"domicilios_ocupados_grade_ibge_2022","na_bacia":1,"area_pct_bacia":100.0,"metodo_recorte_bacia":"ponto_representativo_grade_2022; area_pct_geometrica","status_borda_bacia":"total","metodo_area_bacia":"interseção geométrica em EPSG:5880","metodo_na_bacia":"ponto_representativo_grade_2022_within_bacia","pop_n_validos":1,"pop_n_total":1,"pop_completude":1.0,"dom_n_validos":1,"dom_n_total":1,"dom_completude":1.0},"geometry":{"type":"Polygon","coordinates":[[[-51.94004773819743,-29.35783659432667],[-51.94006240726287,-29.35597114068927],[-51.93807027667515,-29.355957397941822],[-51.93805559342453,-29.357822851332653],[-51.94004773819743,-29.35783659432667]]]}},{"type":"Feature","properties":{"id_grade":"200ME52070N80782","pop":2,"dom":1,"universo_dom":"domicilios_ocupados_grade_ibge_2022","na_bacia":1,"area_pct_bacia":100.0,"metodo_recorte_bacia":"ponto_representativo_grade_2022; area_pct_geometrica","status_borda_bacia":"total","metodo_area_bacia":"interseção geométrica em EPSG:5880","metodo_na_bacia":"ponto_representativo_grade_2022_within_bacia","pop_n_validos":1,"pop_n_total":1,"pop_completude":1.0,"dom_n_validos":1,"dom_n_total":1,"dom_completude":1.0},"geometry":{"type":"Polygon","coordinates":[[[-51.93805559342453,-29.357822851332653],[-51.93807027667515,-29.355957397941822],[-51.93607814629654,-29.355943641911747],[-51.93606344886074,-29.35780909505588],[-51.93805559342453,-29.357822851332653]]]}},{"type":"Feature","properties":{"id_grade":"200ME52066N80784","pop":4,"dom":1,"universo_dom":"domicilios_ocupados_grade_ibge_2022","na_bacia":1,"area_pct_bacia":100.0,"metodo_recorte_bacia":"ponto_representativo_grade_2022; area_pct_geometrica","status_borda_bacia":"total","metodo_area_bacia":"interseção geométrica em EPSG:5880","metodo_na_bacia":"ponto_representativo_grade_2022_within_bacia","pop_n_validos":1,"pop_n_total":1,"pop_completude":1.0,"dom_n_validos":1,"dom_n_total":1,"dom_completude":1.0},"geometry":{"type":"Polygon","coordinates":[[[-51.942054538059516,-29.355984870154067],[-51.94206919273107,-29.35411943645104],[-51.94007707611941,-29.354105707232563],[-51.94006240726287,-29.35597114068927],[-51.942054538059516,-29.355984870154067]]]}},{"type":"Feature","properties":{"id_grade":"200ME52062N80788","pop":6,"dom":1,"universo_dom":"domicilios_ocupados_grade_ibge_2022","na_bacia":1,"area_pct_bacia":100.0,"metodo_recorte_bacia":"ponto_representativo_grade_2022; area_pct_geometrica","status_borda_bacia":"total","metodo_area_bacia":"interseção geométrica em EPSG:5880","metodo_na_bacia":"ponto_representativo_grade_2022_within_bacia","pop_n_validos":1,"pop_n_total":1,"pop_completude":1.0,"dom_n_validos":1,"dom_n_total":1,"dom_completude":1.0},"geometry":{"type":"Polygon","coordinates":[[[-51.94606805267358,-29.352281441023763],[-51.94608267855856,-29.350416047181234],[-51.944090589899055,-29.350402345019095],[-51.9440759498295,-29.352267738615843],[-51.94606805267358,-29.352281441023763]]]}},{"type":"Feature","properties":{"id_grade":"200ME52034N80802","pop":18,"dom":7,"universo_dom":"domicilios_ocupados_grade_ibge_2022","na_bacia":1,"area_pct_bacia":100.0,"metodo_recorte_bacia":"ponto_representativo_grade_2022; area_pct_geometrica","status_borda_bacia":"total","metodo_area_bacia":"interseção geométrica em EPSG:5880","metodo_na_bacia":"ponto_representativo_grade_2022_within_bacia","pop_n_validos":1,"pop_n_total":1,"pop_completude":1.0,"dom_n_validos":1,"dom_n_total":1,"dom_completude":1.0},"geometry":{"type":"Polygon","coordinates":[[[-51.97405850105798,-29.339414522802784],[-51.97407292692015,-29.33754926668403],[-51.972080934649775,-29.33753575216542],[-51.97206649460438,-29.339401008041946],[-51.97405850105798,-29.339414522802784]]]}},{"type":"Feature","properties":{"id_grade":"200ME52036N80802","pop":10,"dom":4,"universo_dom":"domicilios_ocupados_grade_ibge_2022","na_bacia":1,"area_pct_bacia":100.0,"metodo_recorte_bacia":"ponto_representativo_grade_2022; area_pct_geometrica","status_borda_bacia":"total","metodo_area_bacia":"interseção geométrica em EPSG:5880","metodo_na_bacia":"ponto_representativo_grade_2022_within_bacia","pop_n_validos":1,"pop_n_total":1,"pop_completude":1.0,"dom_n_validos":1,"dom_n_total":1,"dom_completude":1.0},"geometry":{"type":"Polygon","coordinates":[[[-51.97206649460438,-29.339401008041946],[-51.972080934649775,-29.33753575216542],[-51.970088942585036,-29.337522224366555],[-51.97007448835641,-29.339387480000617],[-51.97206649460438,-29.339401008041946]]]}},{"type":"Feature","properties":{"id_grade":"200ME52038N80802","pop":2,"dom":1,"universo_dom":"domicilios_ocupados_grade_ibge_2022","na_bacia":1,"area_pct_bacia":100.0,"metodo_recorte_bacia":"ponto_representativo_grade_2022; area_pct_geometrica","status_borda_bacia":"total","metodo_area_bacia":"interseção geométrica em EPSG:5880","metodo_na_bacia":"ponto_representativo_grade_2022_within_bacia","pop_n_validos":1,"pop_n_total":1,"pop_completude":1.0,"dom_n_validos":1,"dom_n_total":1,"dom_completude":1.0},"geometry":{"type":"Polygon","coordinates":[[[-51.97007448835641,-29.339387480000617],[-51.970088942585036,-29.337522224366555],[-51.968096950726135,-29.33750868328738],[-51.96808248231428,-29.339373938678662],[-51.97007448835641,-29.339387480000617]]]}},{"type":"Feature","properties":{"id_grade":"200ME52030N80804","pop":15,"dom":6,"universo_dom":"domicilios_ocupados_grade_ibge_2022","na_bacia":1,"area_pct_bacia":100.0,"metodo_recorte_bacia":"ponto_representativo_grade_2022; area_pct_geometrica","status_borda_bacia":"total","metodo_area_bacia":"interseção geométrica em EPSG:5880","metodo_na_bacia":"ponto_representativo_grade_2022_within_bacia","pop_n_validos":1,"pop_n_total":1,"pop_completude":1.0,"dom_n_validos":1,"dom_n_total":1,"dom_completude":1.0},"geometry":{"type":"Polygon","coordinates":[[[-51.97805691207701,-29.33757625588004],[-51.978071309367664,-29.335711019428107],[-51.97607933086966,-29.335697531711933],[-51.97606491939597,-29.337562767922183],[-51.97805691207701,-29.33757625588004]]]}},{"type":"Feature","properties":{"id_grade":"200ME52032N80804","pop":19,"dom":7,"universo_dom":"domicilios_ocupados_grade_ibge_2022","na_bacia":1,"area_pct_bacia":100.0,"metodo_recorte_bacia":"ponto_representativo_grade_2022; area_pct_geometrica","status_borda_bacia":"total","metodo_area_bacia":"interseção geométrica em EPSG:5880","metodo_na_bacia":"ponto_representativo_grade_2022_within_bacia","pop_n_validos":1,"pop_n_total":1,"pop_completude":1.0,"dom_n_validos":1,"dom_n_total":1,"dom_completude":1.0},"geometry":{"type":"Polygon","coordinates":[[[-51.97606491939597,-29.337562767922183],[-51.97607933086966,-29.335697531711933],[-51.97408735257688,-29.335684030715694],[-51.97407292692015,-29.33754926668403],[-51.97606491939597,-29.337562767922183]]]}},{"type":"Feature","properties":{"id_grade":"200ME52030N80806","pop":20,"dom":9,"universo_dom":"domicilios_ocupados_grade_ibge_2022","na_bacia":1,"area_pct_bacia":100.0,"metodo_recorte_bacia":"ponto_representativo_grade_2022; area_pct_geometrica","status_borda_bacia":"total","metodo_area_bacia":"interseção geométrica em EPSG:5880","metodo_na_bacia":"ponto_representativo_grade_2022_within_bacia","pop_n_validos":1,"pop_n_total":1,"pop_completude":1.0,"dom_n_validos":1,"dom_n_total":1,"dom_completude":1.0},"geometry":{"type":"Polygon","coordinates":[[[-51.978071309367664,-29.335711019428107],[-51.97808570645329,-29.33384580312366],[-51.976093742138126,-29.333832315649175],[-51.97607933086966,-29.335697531711933],[-51.978071309367664,-29.335711019428107]]]}},{"type":"Feature","properties":{"id_grade":"200ME52032N80806","pop":4,"dom":3,"universo_dom":"domicilios_ocupados_grade_ibge_2022","na_bacia":1,"area_pct_bacia":100.0,"metodo_recorte_bacia":"ponto_representativo_grade_2022; area_pct_geometrica","status_borda_bacia":"total","metodo_area_bacia":"interseção geométrica em EPSG:5880","metodo_na_bacia":"ponto_representativo_grade_2022_within_bacia","pop_n_validos":1,"pop_n_total":1,"pop_completude":1.0,"dom_n_validos":1,"dom_n_total":1,"dom_completude":1.0},"geometry":{"type":"Polygon","coordinates":[[[-51.97607933086966,-29.335697531711933],[-51.976093742138126,-29.333832315649175],[-51.97410177802818,-29.33381881489491],[-51.97408735257688,-29.335684030715694],[-51.97607933086966,-29.335697531711933]]]}},{"type":"Feature","properties":{"id_grade":"200ME52030N80808","pop":16,"dom":7,"universo_dom":"domicilios_ocupados_grade_ibge_2022","na_bacia":1,"area_pct_bacia":100.0,"metodo_recorte_bacia":"ponto_representativo_grade_2022; area_pct_geometrica","status_borda_bacia":"total","metodo_area_bacia":"interseção geométrica em EPSG:5880","metodo_na_bacia":"ponto_representativo_grade_2022_within_bacia","pop_n_validos":1,"pop_n_total":1,"pop_completude":1.0,"dom_n_validos":1,"dom_n_total":1,"dom_completude":1.0},"geometry":{"type":"Polygon","coordinates":[[[-51.97808570645329,-29.33384580312366],[-51.978100103333894,-29.33198060696365],[-51.97610815320136,-29.331967119730912],[-51.976093742138126,-29.333832315649175],[-51.97808570645329,-29.33384580312366]]]}},{"type":"Feature","properties":{"id_grade":"200ME52030N80810","pop":5,"dom":2,"universo_dom":"domicilios_ocupados_grade_ibge_2022","na_bacia":1,"area_pct_bacia":100.0,"metodo_recorte_bacia":"ponto_representativo_grade_2022; area_pct_geometrica","status_borda_bacia":"total","metodo_area_bacia":"interseção geométrica em EPSG:5880","metodo_na_bacia":"ponto_representativo_grade_2022_within_bacia","pop_n_validos":1,"pop_n_total":1,"pop_completude":1.0,"dom_n_validos":1,"dom_n_total":1,"dom_completude":1.0},"geometry":{"type":"Polygon","coordinates":[[[-51.978100103333894,-29.33198060696365],[-51.97811450000949,-29.33011543094501],[-51.97612256405938,-29.330101943954016],[-51.97610815320136,-29.331967119730912],[-51.978100103333894,-29.33198060696365]]]}},{"type":"Feature","properties":{"id_grade":"1KME5209N8072","pop":4,"dom":2,"universo_dom":"domicilios_ocupados_grade_ibge_2022","na_bacia":1,"area_pct_bacia":100.0,"metodo_recorte_bacia":"ponto_representativo_grade_2022; area_pct_geometrica","status_borda_bacia":"total","metodo_area_bacia":"interseção geométrica em EPSG:5880","metodo_na_bacia":"ponto_representativo_grade_2022_within_bacia","pop_n_validos":1,"pop_n_total":1,"pop_completude":1.0,"dom_n_validos":1,"dom_n_total":1,"dom_completude":1.0},"geometry":{"type":"Polygon","coordinates":[[[-51.917689305965844,-29.41365761728529],[-51.91776346104471,-29.4043275312324],[-51.907800977384724,-29.404257921630382],[-51.90772646753647,-29.41358800142327],[-51.917689305965844,-29.41365761728529]]]}},{"type":"Feature","properties":{"id_grade":"1KME5210N8072","pop":36,"dom":11,"universo_dom":"domicilios_ocupados_grade_ibge_2022","na_bacia":1,"area_pct_bacia":100.0,"metodo_recorte_bacia":"ponto_representativo_grade_2022; area_pct_geometrica","status_borda_bacia":"total","metodo_area_bacia":"interseção geométrica em EPSG:5880","metodo_na_bacia":"ponto_representativo_grade_2022_within_bacia","pop_n_validos":1,"pop_n_total":1,"pop_completude":1.0,"dom_n_validos":1,"dom_n_total":1,"dom_completude":1.0},"geometry":{"type":"Polygon","coordinates":[[[-51.90772646753647,-29.41358800142327],[-51.907800977384724,-29.404257921630382],[-51.89783849903134,-29.404187979809848],[-51.89776363441425,-29.41351805331343],[-51.90772646753647,-29.41358800142327]]]}},{"type":"Feature","properties":{"id_grade":"1KME5199N8073","pop":8,"dom":3,"universo_dom":"domicilios_ocupados_grade_ibge_2022","na_bacia":1,"area_pct_bacia":100.0,"metodo_recorte_bacia":"ponto_representativo_grade_2022; area_pct_geometrica","status_borda_bacia":"total","metodo_area_bacia":"interseção geométrica em EPSG:5880","metodo_na_bacia":"ponto_representativo_grade_2022_within_bacia","pop_n_validos":1,"pop_n_total":1,"pop_completude":1.0,"dom_n_validos":1,"dom_n_total":1,"dom_completude":1.0},"geometry":{"type":"Polygon","coordinates":[[[-52.017388583948744,-29.405005355096897],[-52.017459186274394,-29.395675714624137],[-52.00749700568771,-29.395609433200057],[-52.007426048612416,-29.404939067714846],[-52.017388583948744,-29.405005355096897]]]}},{"type":"Feature","properties":{"id_grade":"1KME5200N8073","pop":46,"dom":19,"universo_dom":"domicilios_ocupados_grade_ibge_2022","na_bacia":1,"area_pct_bacia":100.0,"metodo_recorte_bacia":"ponto_representativo_grade_2022; area_pct_geometrica","status_borda_bacia":"total","metodo_area_bacia":"interseção geométrica em EPSG:5880","metodo_na_bacia":"ponto_representativo_grade_2022_within_bacia","pop_n_validos":1,"pop_n_total":1,"pop_completude":1.0,"dom_n_validos":1,"dom_n_total":1,"dom_completude":1.0},"geometry":{"type":"Polygon","coordinates":[[[-52.007426048612416,-29.404939067714846],[-52.00749700568771,-29.395609433200057],[-51.997534830154436,-29.395542819580836],[-51.99746351833003,-29.40487244810774],[-52.007426048612416,-29.404939067714846]]]}},{"type":"Feature","properties":{"id_grade":"1KME5201N8073","pop":57,"dom":22,"universo_dom":"domicilios_ocupados_grade_ibge_2022","na_bacia":1,"area_pct_bacia":100.0,"metodo_recorte_bacia":"ponto_representativo_grade_2022; area_pct_geometrica","status_borda_bacia":"total","metodo_area_bacia":"interseção geométrica em EPSG:5880","metodo_na_bacia":"ponto_representativo_grade_2022_within_bacia","pop_n_validos":1,"pop_n_total":1,"pop_completude":1.0,"dom_n_validos":1,"dom_n_total":1,"dom_completude":1.0},"geometry":{"type":"Polygon","coordinates":[[[-51.99746351833003,-29.40487244810774],[-51.997534830154436,-29.395542819580836],[-51.98757265969983,-29.395475873767293],[-51.98750099312685,-29.404805496276783],[-51.99746351833003,-29.40487244810774]]]}},{"type":"Feature","properties":{"id_grade":"1KME5210N8073","pop":44,"dom":16,"universo_dom":"domicilios_ocupados_grade_ibge_2022","na_bacia":1,"area_pct_bacia":100.0,"metodo_recorte_bacia":"ponto_representativo_grade_2022; area_pct_geometrica","status_borda_bacia":"total","metodo_area_bacia":"interseção geométrica em EPSG:5880","metodo_na_bacia":"ponto_representativo_grade_2022_within_bacia","pop_n_validos":1,"pop_n_total":1,"pop_completude":1.0,"dom_n_validos":1,"dom_n_total":1,"dom_completude":1.0},"geometry":{"type":"Polygon","coordinates":[[[-51.907800977384724,-29.404257921630382],[-51.907875481926396,-29.394928348336414],[-51.89791335831657,-29.394858412801902],[-51.89783849903134,-29.404187979809848],[-51.907800977384724,-29.404257921630382]]]}},{"type":"Feature","properties":{"id_grade":"1KME5211N8073","pop":15,"dom":4,"universo_dom":"domicilios_ocupados_grade_ibge_2022","na_bacia":1,"area_pct_bacia":100.0,"metodo_recorte_bacia":"ponto_representativo_grade_2022; area_pct_geometrica","status_borda_bacia":"total","metodo_area_bacia":"interseção geométrica em EPSG:5880","metodo_na_bacia":"ponto_representativo_grade_2022_within_bacia","pop_n_validos":1,"pop_n_total":1,"pop_completude":1.0,"dom_n_validos":1,"dom_n_total":1,"dom_completude":1.0},"geometry":{"type":"Polygon","coordinates":[[[-51.89783849903134,-29.404187979809848],[-51.89791335831657,-29.394858412801902],[-51.88795124003802,-29.39478814508023],[-51.88787602600979,-29.404117705771753],[-51.89783849903134,-29.404187979809848]]]}},{"type":"Feature","properties":{"id_grade":"1KME5199N8074","pop":55,"dom":20,"universo_dom":"domicilios_ocupados_grade_ibge_2022","na_bacia":1,"area_pct_bacia":100.0,"metodo_recorte_bacia":"ponto_representativo_grade_2022; area_pct_geometrica","status_borda_bacia":"total","metodo_area_bacia":"interseção geométrica em EPSG:5880","metodo_na_bacia":"ponto_representativo_grade_2022_within_bacia","pop_n_validos":1,"pop_n_total":1,"pop_completude":1.0,"dom_n_validos":1,"dom_n_total":1,"dom_completude":1.0},"geometry":{"type":"Polygon","coordinates":[[[-52.017459186274394,-29.395675714624137],[-52.01752978357189,-29.386346580302458],[-52.007567957709604,-29.386280304833196],[-52.00749700568771,-29.395609433200057],[-52.017459186274394,-29.395675714624137]]]}},{"type":"Feature","properties":{"id_grade":"1KME5200N8074","pop":34,"dom":12,"universo_dom":"domicilios_ocupados_grade_ibge_2022","na_bacia":1,"area_pct_bacia":100.0,"metodo_recorte_bacia":"ponto_representativo_grade_2022; area_pct_geometrica","status_borda_bacia":"total","metodo_area_bacia":"interseção geométrica em EPSG:5880","metodo_na_bacia":"ponto_representativo_grade_2022_within_bacia","pop_n_validos":1,"pop_n_total":1,"pop_completude":1.0,"dom_n_validos":1,"dom_n_total":1,"dom_completude":1.0},"geometry":{"type":"Polygon","coordinates":[[[-52.00749700568771,-29.395609433200057],[-52.007567957709604,-29.386280304833196],[-51.99760613690018,-29.386213697198507],[-51.997534830154436,-29.395542819580836],[-52.00749700568771,-29.395609433200057]]]}},{"type":"Feature","properties":{"id_grade":"1KME5201N8074","pop":47,"dom":20,"universo_dom":"domicilios_ocupados_grade_ibge_2022","na_bacia":1,"area_pct_bacia":100.0,"metodo_recorte_bacia":"ponto_representativo_grade_2022; area_pct_geometrica","status_borda_bacia":"total","metodo_area_bacia":"interseção geométrica em EPSG:5880","metodo_na_bacia":"ponto_representativo_grade_2022_within_bacia","pop_n_validos":1,"pop_n_total":1,"pop_completude":1.0,"dom_n_validos":1,"dom_n_total":1,"dom_completude":1.0},"geometry":{"type":"Polygon","coordinates":[[[-51.997534830154436,-29.395542819580836],[-51.99760613690018,-29.386213697198507],[-51.98764432116887,-29.386146757399562],[-51.98757265969983,-29.395475873767293],[-51.997534830154436,-29.395542819580836]]]}},{"type":"Feature","properties":{"id_grade":"1KME5211N8074","pop":40,"dom":13,"universo_dom":"domicilios_ocupados_grade_ibge_2022","na_bacia":1,"area_pct_bacia":100.0,"metodo_recorte_bacia":"ponto_representativo_grade_2022; area_pct_geometrica","status_borda_bacia":"total","metodo_area_bacia":"interseção geométrica em EPSG:5880","metodo_na_bacia":"ponto_representativo_grade_2022_within_bacia","pop_n_validos":1,"pop_n_total":1,"pop_completude":1.0,"dom_n_validos":1,"dom_n_total":1,"dom_completude":1.0},"geometry":{"type":"Polygon","coordinates":[[[-51.89791335831657,-29.394858412801902],[-51.89798821227052,-29.38552935190664],[-51.8880264487097,-29.385459090497207],[-51.88795124003802,-29.39478814508023],[-51.89791335831657,-29.394858412801902]]]}},{"type":"Feature","properties":{"id_grade":"1KME5212N8074","pop":13,"dom":6,"universo_dom":"domicilios_ocupados_grade_ibge_2022","na_bacia":1,"area_pct_bacia":100.0,"metodo_recorte_bacia":"ponto_representativo_grade_2022; area_pct_geometrica","status_borda_bacia":"total","metodo_area_bacia":"interseção geométrica em EPSG:5880","metodo_na_bacia":"ponto_representativo_grade_2022_within_bacia","pop_n_validos":1,"pop_n_total":1,"pop_completude":1.0,"dom_n_validos":1,"dom_n_total":1,"dom_completude":1.0},"geometry":{"type":"Polygon","coordinates":[[[-51.88795124003802,-29.39478814508023],[-51.8880264487097,-29.385459090497207],[-51.87806469050486,-29.385388496930435],[-51.87798912711601,-29.3947175451707],[-51.88795124003802,-29.39478814508023]]]}},{"type":"Feature","properties":{"id_grade":"1KME5199N8075","pop":69,"dom":32,"universo_dom":"domicilios_ocupados_grade_ibge_2022","na_bacia":1,"area_pct_bacia":100.0,"metodo_recorte_bacia":"ponto_representativo_grade_2022; area_pct_geometrica","status_borda_bacia":"total","metodo_area_bacia":"interseção geométrica em EPSG:5880","metodo_na_bacia":"ponto_representativo_grade_2022_within_bacia","pop_n_validos":1,"pop_n_total":1,"pop_completude":1.0,"dom_n_validos":1,"dom_n_total":1,"dom_completude":1.0},"geometry":{"type":"Polygon","coordinates":[[[-52.01752978357189,-29.386346580302458],[-52.017600375841795,-29.377017951748435],[-52.00763890467863,-29.376951682230825],[-52.007567957709604,-29.386280304833196],[-52.01752978357189,-29.386346580302458]]]}},{"type":"Feature","properties":{"id_grade":"1KME5200N8075","pop":90,"dom":35,"universo_dom":"domicilios_ocupados_grade_ibge_2022","na_bacia":1,"area_pct_bacia":100.0,"metodo_recorte_bacia":"ponto_representativo_grade_2022; area_pct_geometrica","status_borda_bacia":"total","metodo_area_bacia":"interseção geométrica em EPSG:5880","metodo_na_bacia":"ponto_representativo_grade_2022_within_bacia","pop_n_validos":1,"pop_n_total":1,"pop_completude":1.0,"dom_n_validos":1,"dom_n_total":1,"dom_completude":1.0},"geometry":{"type":"Polygon","coordinates":[[[-52.007567957709604,-29.386280304833196],[-52.00763890467863,-29.376951682230825],[-51.99767743856779,-29.376885080577754],[-51.99760613690018,-29.386213697198507],[-52.007567957709604,-29.386280304833196]]]}},{"type":"Feature","properties":{"id_grade":"1KME5201N8075","pop":74,"dom":28,"universo_dom":"domicilios_ocupados_grade_ibge_2022","na_bacia":1,"area_pct_bacia":100.0,"metodo_recorte_bacia":"ponto_representativo_grade_2022; area_pct_geometrica","status_borda_bacia":"total","metodo_area_bacia":"interseção geométrica em EPSG:5880","metodo_na_bacia":"ponto_representativo_grade_2022_within_bacia","pop_n_validos":1,"pop_n_total":1,"pop_completude":1.0,"dom_n_validos":1,"dom_n_total":1,"dom_completude":1.0},"geometry":{"type":"Polygon","coordinates":[[[-51.99760613690018,-29.386213697198507],[-51.99767743856779,-29.376885080577754],[-51.98771597753454,-29.376818146789958],[-51.98764432116887,-29.386146757399562],[-51.99760613690018,-29.386213697198507]]]}},{"type":"Feature","properties":{"id_grade":"1KME5202N8075","pop":98,"dom":34,"universo_dom":"domicilios_ocupados_grade_ibge_2022","na_bacia":1,"area_pct_bacia":100.0,"metodo_recorte_bacia":"ponto_representativo_grade_2022; area_pct_geometrica","status_borda_bacia":"total","metodo_area_bacia":"interseção geométrica em EPSG:5880","metodo_na_bacia":"ponto_representativo_grade_2022_within_bacia","pop_n_validos":1,"pop_n_total":1,"pop_completude":1.0,"dom_n_validos":1,"dom_n_total":1,"dom_completude":1.0},"geometry":{"type":"Polygon","coordinates":[[[-51.98764432116887,-29.386146757399562],[-51.98771597753454,-29.376818146789958],[-51.977754521604126,-29.37675088086794],[-51.977682510540966,-29.38607948543656],[-51.98764432116887,-29.386146757399562]]]}},{"type":"Feature","properties":{"id_grade":"1KME5211N8075","pop":31,"dom":12,"universo_dom":"domicilios_ocupados_grade_ibge_2022","na_bacia":1,"area_pct_bacia":100.0,"metodo_recorte_bacia":"ponto_representativo_grade_2022; area_pct_geometrica","status_borda_bacia":"total","metodo_area_bacia":"interseção geométrica em EPSG:5880","metodo_na_bacia":"ponto_representativo_grade_2022_within_bacia","pop_n_validos":1,"pop_n_total":1,"pop_completude":1.0,"dom_n_validos":1,"dom_n_total":1,"dom_completude":1.0},"geometry":{"type":"Polygon","coordinates":[[[-51.89798821227052,-29.38552935190664],[-51.898063060893755,-29.376200796740015],[-51.88810165202542,-29.376130541639945],[-51.8880264487097,-29.385459090497207],[-51.89798821227052,-29.38552935190664]]]}},{"type":"Feature","properties":{"id_grade":"1KME5212N8075","pop":6,"dom":4,"universo_dom":"domicilios_ocupados_grade_ibge_2022","na_bacia":1,"area_pct_bacia":100.0,"metodo_recorte_bacia":"ponto_representativo_grade_2022; area_pct_geometrica","status_borda_bacia":"total","metodo_area_bacia":"interseção geométrica em EPSG:5880","metodo_na_bacia":"ponto_representativo_grade_2022_within_bacia","pop_n_validos":1,"pop_n_total":1,"pop_completude":1.0,"dom_n_validos":1,"dom_n_total":1,"dom_completude":1.0},"geometry":{"type":"Polygon","coordinates":[[[-51.8880264487097,-29.385459090497207],[-51.88810165202542,-29.376130541639945],[-51.87814024851248,-29.376059954412177],[-51.87806469050486,-29.385388496930435],[-51.8880264487097,-29.385459090497207]]]}},{"type":"Feature","properties":{"id_grade":"1KME5200N8076","pop":1,"dom":1,"universo_dom":"domicilios_ocupados_grade_ibge_2022","na_bacia":1,"area_pct_bacia":100.0,"metodo_recorte_bacia":"ponto_representativo_grade_2022; area_pct_geometrica","status_borda_bacia":"total","metodo_area_bacia":"interseção geométrica em EPSG:5880","metodo_na_bacia":"ponto_representativo_grade_2022_within_bacia","pop_n_validos":1,"pop_n_total":1,"pop_completude":1.0,"dom_n_validos":1,"dom_n_total":1,"dom_completude":1.0},"geometry":{"type":"Polygon","coordinates":[[[-52.00763890467863,-29.376951682230825],[-52.007709846595326,-29.367623565009758],[-51.99774873515783,-29.36755696933514],[-51.99767743856779,-29.376885080577754],[-52.00763890467863,-29.376951682230825]]]}},{"type":"Feature","properties":{"id_grade":"1KME5201N8076","pop":34,"dom":17,"universo_dom":"domicilios_ocupados_grade_ibge_2022","na_bacia":1,"area_pct_bacia":100.0,"metodo_recorte_bacia":"ponto_representativo_grade_2022; area_pct_geometrica","status_borda_bacia":"total","metodo_area_bacia":"interseção geométrica em EPSG:5880","metodo_na_bacia":"ponto_representativo_grade_2022_within_bacia","pop_n_validos":1,"pop_n_total":1,"pop_completude":1.0,"dom_n_validos":1,"dom_n_total":1,"dom_completude":1.0},"geometry":{"type":"Polygon","coordinates":[[[-51.99767743856779,-29.376885080577754],[-51.99774873515783,-29.36755696933514],[-51.98778762879736,-29.36749004155528],[-51.98771597753454,-29.376818146789958],[-51.99767743856779,-29.376885080577754]]]}},{"type":"Feature","properties":{"id_grade":"1KME5202N8076","pop":8,"dom":4,"universo_dom":"domicilios_ocupados_grade_ibge_2022","na_bacia":1,"area_pct_bacia":100.0,"metodo_recorte_bacia":"ponto_representativo_grade_2022; area_pct_geometrica","status_borda_bacia":"total","metodo_area_bacia":"interseção geométrica em EPSG:5880","metodo_na_bacia":"ponto_representativo_grade_2022_within_bacia","pop_n_validos":1,"pop_n_total":1,"pop_completude":1.0,"dom_n_validos":1,"dom_n_total":1,"dom_completude":1.0},"geometry":{"type":"Polygon","coordinates":[[[-51.98771597753454,-29.376818146789958],[-51.98778762879736,-29.36749004155528],[-51.9778265275392,-29.367422781671173],[-51.977754521604126,-29.37675088086794],[-51.98771597753454,-29.376818146789958]]]}},{"type":"Feature","properties":{"id_grade":"1KME5211N8076","pop":5,"dom":2,"universo_dom":"domicilios_ocupados_grade_ibge_2022","na_bacia":1,"area_pct_bacia":100.0,"metodo_recorte_bacia":"ponto_representativo_grade_2022; area_pct_geometrica","status_borda_bacia":"total","metodo_area_bacia":"interseção geométrica em EPSG:5880","metodo_na_bacia":"ponto_representativo_grade_2022_within_bacia","pop_n_validos":1,"pop_n_total":1,"pop_completude":1.0,"dom_n_validos":1,"dom_n_total":1,"dom_completude":1.0},"geometry":{"type":"Polygon","coordinates":[[[-51.898063060893755,-29.376200796740015],[-51.898137904186854,-29.366872746918997],[-51.88817684998573,-29.36680249812497],[-51.88810165202542,-29.376130541639945],[-51.898063060893755,-29.376200796740015]]]}},{"type":"Feature","properties":{"id_grade":"1KME5194N8077","pop":42,"dom":16,"universo_dom":"domicilios_ocupados_grade_ibge_2022","na_bacia":1,"area_pct_bacia":100.0,"metodo_recorte_bacia":"ponto_representativo_grade_2022; area_pct_geometrica","status_borda_bacia":"total","metodo_area_bacia":"interseção geométrica em EPSG:5880","metodo_na_bacia":"ponto_representativo_grade_2022_within_bacia","pop_n_validos":1,"pop_n_total":1,"pop_completude":1.0,"dom_n_validos":1,"dom_n_total":1,"dom_completude":1.0},"geometry":{"type":"Polygon","coordinates":[[[-52.06747662042396,-29.368016164817245],[-52.06754542938916,-29.35868851736895],[-52.057584642671024,-29.358623920134068],[-52.05751547905455,-29.36795156178606],[-52.06747662042396,-29.368016164817245]]]}},{"type":"Feature","properties":{"id_grade":"1KME5195N8077","pop":40,"dom":15,"universo_dom":"domicilios_ocupados_grade_ibge_2022","na_bacia":1,"area_pct_bacia":100.0,"metodo_recorte_bacia":"ponto_representativo_grade_2022; area_pct_geometrica","status_borda_bacia":"total","metodo_area_bacia":"interseção geométrica em EPSG:5880","metodo_na_bacia":"ponto_representativo_grade_2022_within_bacia","pop_n_validos":1,"pop_n_total":1,"pop_completude":1.0,"dom_n_validos":1,"dom_n_total":1,"dom_completude":1.0},"geometry":{"type":"Polygon","coordinates":[[[-52.05751547905455,-29.36795156178606],[-52.057584642671024,-29.358623920134068],[-52.047623860877884,-29.358558990820132],[-52.04755434261066,-29.36788662664571],[-52.05751547905455,-29.36795156178606]]]}},{"type":"Feature","properties":{"id_grade":"1KME5197N8077","pop":47,"dom":17,"universo_dom":"domicilios_ocupados_grade_ibge_2022","na_bacia":1,"area_pct_bacia":100.0,"metodo_recorte_bacia":"ponto_representativo_grade_2022; area_pct_geometrica","status_borda_bacia":"total","metodo_area_bacia":"interseção geométrica em EPSG:5880","metodo_na_bacia":"ponto_representativo_grade_2022_within_bacia","pop_n_validos":1,"pop_n_total":1,"pop_completude":1.0,"dom_n_validos":1,"dom_n_total":1,"dom_completude":1.0},"geometry":{"type":"Polygon","coordinates":[[[-52.03759321111753,-29.367821359397453],[-52.03766308403498,-29.35849372942784],[-52.02770231216757,-29.35842813595781],[-52.027632084600434,-29.367755760041582],[-52.03759321111753,-29.367821359397453]]]}},{"type":"Feature","properties":{"id_grade":"1KME5199N8077","pop":13,"dom":5,"universo_dom":"domicilios_ocupados_grade_ibge_2022","na_bacia":1,"area_pct_bacia":100.0,"metodo_recorte_bacia":"ponto_representativo_grade_2022; area_pct_geometrica","status_borda_bacia":"total","metodo_area_bacia":"interseção geométrica em EPSG:5880","metodo_na_bacia":"ponto_representativo_grade_2022_within_bacia","pop_n_validos":1,"pop_n_total":1,"pop_completude":1.0,"dom_n_validos":1,"dom_n_total":1,"dom_completude":1.0},"geometry":{"type":"Polygon","coordinates":[[[-52.01767096308461,-29.367689828578815],[-52.01774154530091,-29.35836221041059],[-52.00778078346024,-29.358295952786936],[-52.007709846595326,-29.367623565009758],[-52.01767096308461,-29.367689828578815]]]}},{"type":"Feature","properties":{"id_grade":"1KME5200N8077","pop":18,"dom":6,"universo_dom":"domicilios_ocupados_grade_ibge_2022","na_bacia":1,"area_pct_bacia":100.0,"metodo_recorte_bacia":"ponto_representativo_grade_2022; area_pct_geometrica","status_borda_bacia":"total","metodo_area_bacia":"interseção geométrica em EPSG:5880","metodo_na_bacia":"ponto_representativo_grade_2022_within_bacia","pop_n_validos":1,"pop_n_total":1,"pop_completude":1.0,"dom_n_validos":1,"dom_n_total":1,"dom_completude":1.0},"geometry":{"type":"Polygon","coordinates":[[[-52.007709846595326,-29.367623565009758],[-52.00778078346024,-29.358295952786936],[-51.99782002667082,-29.35822936308743],[-51.99774873515783,-29.36755696933514],[-52.007709846595326,-29.367623565009758]]]}},{"type":"Feature","properties":{"id_grade":"1KME5201N8077","pop":20,"dom":7,"universo_dom":"domicilios_ocupados_grade_ibge_2022","na_bacia":1,"area_pct_bacia":100.0,"metodo_recorte_bacia":"ponto_representativo_grade_2022; area_pct_geometrica","status_borda_bacia":"total","metodo_area_bacia":"interseção geométrica em EPSG:5880","metodo_na_bacia":"ponto_representativo_grade_2022_within_bacia","pop_n_validos":1,"pop_n_total":1,"pop_completude":1.0,"dom_n_validos":1,"dom_n_total":1,"dom_completude":1.0},"geometry":{"type":"Polygon","coordinates":[[[-51.99774873515783,-29.36755696933514],[-51.99782002667082,-29.35822936308743],[-51.9878592749579,-29.358162441312594],[-51.98778762879736,-29.36749004155528],[-51.99774873515783,-29.36755696933514]]]}},{"type":"Feature","properties":{"id_grade":"1KME5202N8077","pop":216,"dom":82,"universo_dom":"domicilios_ocupados_grade_ibge_2022","na_bacia":1,"area_pct_bacia":100.0,"metodo_recorte_bacia":"ponto_representativo_grade_2022; area_pct_geometrica","status_borda_bacia":"total","metodo_area_bacia":"interseção geométrica em EPSG:5880","metodo_na_bacia":"ponto_representativo_grade_2022_within_bacia","pop_n_validos":1,"pop_n_total":1,"pop_completude":1.0,"dom_n_validos":1,"dom_n_total":1,"dom_completude":1.0},"geometry":{"type":"Polygon","coordinates":[[[-51.98778762879736,-29.36749004155528],[-51.9878592749579,-29.358162441312594],[-51.97789852834672,-29.358095187463203],[-51.9778265275392,-29.367422781671173],[-51.98778762879736,-29.36749004155528]]]}},{"type":"Feature","properties":{"id_grade":"1KME5203N8077","pop":33,"dom":13,"universo_dom":"domicilios_ocupados_grade_ibge_2022","na_bacia":1,"area_pct_bacia":100.0,"metodo_recorte_bacia":"ponto_representativo_grade_2022; area_pct_geometrica","status_borda_bacia":"total","metodo_area_bacia":"interseção geométrica em EPSG:5880","metodo_na_bacia":"ponto_representativo_grade_2022_within_bacia","pop_n_validos":1,"pop_n_total":1,"pop_completude":1.0,"dom_n_validos":1,"dom_n_total":1,"dom_completude":1.0},"geometry":{"type":"Polygon","coordinates":[[[-51.9778265275392,-29.367422781671173],[-51.97789852834672,-29.358095187463203],[-51.96793778686254,-29.3580276015399],[-51.967865431408576,-29.367355189683355],[-51.9778265275392,-29.367422781671173]]]}},{"type":"Feature","properties":{"id_grade":"1KME5204N8077","pop":4,"dom":2,"universo_dom":"domicilios_ocupados_grade_ibge_2022","na_bacia":1,"area_pct_bacia":100.0,"metodo_recorte_bacia":"ponto_representativo_grade_2022; area_pct_geometrica","status_borda_bacia":"total","metodo_area_bacia":"interseção geométrica em EPSG:5880","metodo_na_bacia":"ponto_representativo_grade_2022_within_bacia","pop_n_validos":1,"pop_n_total":1,"pop_completude":1.0,"dom_n_validos":1,"dom_n_total":1,"dom_completude":1.0},"geometry":{"type":"Polygon","coordinates":[[[-51.967865431408576,-29.367355189683355],[-51.96793778686254,-29.3580276015399],[-51.95797705053062,-29.357959683543204],[-51.95790434043076,-29.367287265592463],[-51.967865431408576,-29.367355189683355]]]}},{"type":"Feature","properties":{"id_grade":"1KME5208N8077","pop":28,"dom":14,"universo_dom":"domicilios_ocupados_grade_ibge_2022","na_bacia":1,"area_pct_bacia":100.0,"metodo_recorte_bacia":"ponto_representativo_grade_2022; area_pct_geometrica","status_borda_bacia":"total","metodo_area_bacia":"interseção geométrica em EPSG:5880","metodo_na_bacia":"ponto_representativo_grade_2022_within_bacia","pop_n_validos":1,"pop_n_total":1,"pop_completude":1.0,"dom_n_validos":1,"dom_n_total":1,"dom_completude":1.0},"geometry":{"type":"Polygon","coordinates":[[[-51.92802109866665,-29.36708150070776],[-51.92809487270086,-29.357753937120005],[-51.91813415723044,-29.357684690836695],[-51.91806002855256,-29.367012248211083],[-51.92802109866665,-29.36708150070776]]]}},{"type":"Feature","properties":{"id_grade":"1KME5197N8078","pop":22,"dom":7,"universo_dom":"domicilios_ocupados_grade_ibge_2022","na_bacia":1,"area_pct_bacia":100.0,"metodo_recorte_bacia":"ponto_representativo_grade_2022; area_pct_geometrica","status_borda_bacia":"total","metodo_area_bacia":"interseção geométrica em EPSG:5880","metodo_na_bacia":"ponto_representativo_grade_2022_within_bacia","pop_n_validos":1,"pop_n_total":1,"pop_completude":1.0,"dom_n_validos":1,"dom_n_total":1,"dom_completude":1.0},"geometry":{"type":"Polygon","coordinates":[[[-52.03766308403498,-29.35849372942784],[-52.037732951976935,-29.349166604082946],[-52.02777253473397,-29.349101016495784],[-52.02770231216757,-29.35842813595781],[-52.03766308403498,-29.35849372942784]]]}},{"type":"Feature","properties":{"id_grade":"1KME5198N8078","pop":16,"dom":6,"universo_dom":"domicilios_ocupados_grade_ibge_2022","na_bacia":1,"area_pct_bacia":100.0,"metodo_recorte_bacia":"ponto_representativo_grade_2022; area_pct_geometrica","status_borda_bacia":"total","metodo_area_bacia":"interseção geométrica em EPSG:5880","metodo_na_bacia":"ponto_representativo_grade_2022_within_bacia","pop_n_validos":1,"pop_n_total":1,"pop_completude":1.0,"dom_n_validos":1,"dom_n_total":1,"dom_completude":1.0},"geometry":{"type":"Polygon","coordinates":[[[-52.02770231216757,-29.35842813595781],[-52.02777253473397,-29.349101016495784],[-52.01781212249121,-29.349035096861083],[-52.01774154530091,-29.35836221041059],[-52.02770231216757,-29.35842813595781]]]}},{"type":"Feature","properties":{"id_grade":"1KME5199N8078","pop":44,"dom":15,"universo_dom":"domicilios_ocupados_grade_ibge_2022","na_bacia":1,"area_pct_bacia":100.0,"metodo_recorte_bacia":"ponto_representativo_grade_2022; area_pct_geometrica","status_borda_bacia":"total","metodo_area_bacia":"interseção geométrica em EPSG:5880","metodo_na_bacia":"ponto_representativo_grade_2022_within_bacia","pop_n_validos":1,"pop_n_total":1,"pop_completude":1.0,"dom_n_validos":1,"dom_n_total":1,"dom_completude":1.0},"geometry":{"type":"Polygon","coordinates":[[[-52.01774154530091,-29.35836221041059],[-52.01781212249121,-29.349035096861083],[-52.00785171527391,-29.34896884517971],[-52.00778078346024,-29.358295952786936],[-52.01774154530091,-29.35836221041059]]]}},{"type":"Feature","properties":{"id_grade":"1KME5200N8078","pop":10,"dom":3,"universo_dom":"domicilios_ocupados_grade_ibge_2022","na_bacia":1,"area_pct_bacia":100.0,"metodo_recorte_bacia":"ponto_representativo_grade_2022; area_pct_geometrica","status_borda_bacia":"total","metodo_area_bacia":"interseção geométrica em EPSG:5880","metodo_na_bacia":"ponto_representativo_grade_2022_within_bacia","pop_n_validos":1,"pop_n_total":1,"pop_completude":1.0,"dom_n_validos":1,"dom_n_total":1,"dom_completude":1.0},"geometry":{"type":"Polygon","coordinates":[[[-52.00778078346024,-29.358295952786936],[-52.00785171527391,-29.34896884517971],[-51.99789131310732,-29.3489022614521],[-51.99782002667082,-29.35822936308743],[-52.00778078346024,-29.358295952786936]]]}},{"type":"Feature","properties":{"id_grade":"1KME5201N8078","pop":178,"dom":69,"universo_dom":"domicilios_ocupados_grade_ibge_2022","na_bacia":1,"area_pct_bacia":100.0,"metodo_recorte_bacia":"ponto_representativo_grade_2022; area_pct_geometrica","status_borda_bacia":"total","metodo_area_bacia":"interseção geométrica em EPSG:5880","metodo_na_bacia":"ponto_representativo_grade_2022_within_bacia","pop_n_validos":1,"pop_n_total":1,"pop_completude":1.0,"dom_n_validos":1,"dom_n_total":1,"dom_completude":1.0},"geometry":{"type":"Polygon","coordinates":[[[-51.99782002667082,-29.35822936308743],[-51.99789131310732,-29.3489022614521],[-51.98793091601668,-29.348835345679067],[-51.9878592749579,-29.358162441312594],[-51.99782002667082,-29.35822936308743]]]}},{"type":"Feature","properties":{"id_grade":"1KME5202N8078","pop":23,"dom":7,"universo_dom":"domicilios_ocupados_grade_ibge_2022","na_bacia":1,"area_pct_bacia":100.0,"metodo_recorte_bacia":"ponto_representativo_grade_2022; area_pct_geometrica","status_borda_bacia":"total","metodo_area_bacia":"interseção geométrica em EPSG:5880","metodo_na_bacia":"ponto_representativo_grade_2022_within_bacia","pop_n_validos":1,"pop_n_total":1,"pop_completude":1.0,"dom_n_validos":1,"dom_n_total":1,"dom_completude":1.0},"geometry":{"type":"Polygon","coordinates":[[[-51.9878592749579,-29.358162441312594],[-51.98793091601668,-29.348835345679067],[-51.97797052402725,-29.348768097861214],[-51.97789852834672,-29.358095187463203],[-51.9878592749579,-29.358162441312594]]]}},{"type":"Feature","properties":{"id_grade":"1KME5204N8078","pop":86,"dom":31,"universo_dom":"domicilios_ocupados_grade_ibge_2022","na_bacia":1,"area_pct_bacia":100.0,"metodo_recorte_bacia":"ponto_representativo_grade_2022; area_pct_geometrica","status_borda_bacia":"total","metodo_area_bacia":"interseção geométrica em EPSG:5880","metodo_na_bacia":"ponto_representativo_grade_2022_within_bacia","pop_n_validos":1,"pop_n_total":1,"pop_completude":1.0,"dom_n_validos":1,"dom_n_total":1,"dom_completude":1.0},"geometry":{"type":"Polygon","coordinates":[[[-51.96793778686254,-29.3580276015399],[-51.96801013716426,-29.348700517999287],[-51.95804975545299,-29.34863260609357],[-51.95797705053062,-29.357959683543204],[-51.96793778686254,-29.3580276015399]]]}},{"type":"Feature","properties":{"id_grade":"1KME5205N8078","pop":103,"dom":38,"universo_dom":"domicilios_ocupados_grade_ibge_2022","na_bacia":1,"area_pct_bacia":100.0,"metodo_recorte_bacia":"ponto_representativo_grade_2022; area_pct_geometrica","status_borda_bacia":"total","metodo_area_bacia":"interseção geométrica em EPSG:5880","metodo_na_bacia":"ponto_representativo_grade_2022_within_bacia","pop_n_validos":1,"pop_n_total":1,"pop_completude":1.0,"dom_n_validos":1,"dom_n_total":1,"dom_completude":1.0},"geometry":{"type":"Polygon","coordinates":[[[-51.95797705053062,-29.357959683543204],[-51.95804975545299,-29.34863260609357],[-51.94808937891865,-29.348564362145222],[-51.9480163193762,-29.357891433474077],[-51.95797705053062,-29.357959683543204]]]}},{"type":"Feature","properties":{"id_grade":"1KME5208N8078","pop":7,"dom":3,"universo_dom":"domicilios_ocupados_grade_ibge_2022","na_bacia":1,"area_pct_bacia":100.0,"metodo_recorte_bacia":"ponto_representativo_grade_2022; area_pct_geometrica","status_borda_bacia":"total","metodo_area_bacia":"interseção geométrica em EPSG:5880","metodo_na_bacia":"ponto_representativo_grade_2022_within_bacia","pop_n_validos":1,"pop_n_total":1,"pop_completude":1.0,"dom_n_validos":1,"dom_n_total":1,"dom_completude":1.0},"geometry":{"type":"Polygon","coordinates":[[[-51.92809487270086,-29.357753937120005],[-51.928168641481825,-29.348426878122023],[-51.91820828062983,-29.34835763804865],[-51.91813415723044,-29.357684690836695],[-51.92809487270086,-29.357753937120005]]]}},{"type":"Feature","properties":{"id_grade":"1KME5197N8079","pop":27,"dom":9,"universo_dom":"domicilios_ocupados_grade_ibge_2022","na_bacia":1,"area_pct_bacia":100.0,"metodo_recorte_bacia":"ponto_representativo_grade_2022; area_pct_geometrica","status_borda_bacia":"total","metodo_area_bacia":"interseção geométrica em EPSG:5880","metodo_na_bacia":"ponto_representativo_grade_2022_within_bacia","pop_n_validos":1,"pop_n_total":1,"pop_completude":1.0,"dom_n_validos":1,"dom_n_total":1,"dom_completude":1.0},"geometry":{"type":"Polygon","coordinates":[[[-52.037732951976935,-29.349166604082946],[-52.03780281494393,-29.339839982980582],[-52.02784275230015,-29.339774401272972],[-52.02777253473397,-29.349101016495784],[-52.037732951976935,-29.349166604082946]]]}},{"type":"Feature","properties":{"id_grade":"1KME5198N8079","pop":12,"dom":4,"universo_dom":"domicilios_ocupados_grade_ibge_2022","na_bacia":1,"area_pct_bacia":100.0,"metodo_recorte_bacia":"ponto_representativo_grade_2022; area_pct_geometrica","status_borda_bacia":"total","metodo_area_bacia":"interseção geométrica em EPSG:5880","metodo_na_bacia":"ponto_representativo_grade_2022_within_bacia","pop_n_validos":1,"pop_n_total":1,"pop_completude":1.0,"dom_n_validos":1,"dom_n_total":1,"dom_completude":1.0},"geometry":{"type":"Polygon","coordinates":[[[-52.02777253473397,-29.349101016495784],[-52.02784275230015,-29.339774401272972],[-52.017882694656045,-29.339708487547732],[-52.01781212249121,-29.349035096861083],[-52.02777253473397,-29.349101016495784]]]}},{"type":"Feature","properties":{"id_grade":"1KME5199N8079","pop":36,"dom":14,"universo_dom":"domicilios_ocupados_grade_ibge_2022","na_bacia":1,"area_pct_bacia":100.0,"metodo_recorte_bacia":"ponto_representativo_grade_2022; area_pct_geometrica","status_borda_bacia":"total","metodo_area_bacia":"interseção geométrica em EPSG:5880","metodo_na_bacia":"ponto_representativo_grade_2022_within_bacia","pop_n_validos":1,"pop_n_total":1,"pop_completude":1.0,"dom_n_validos":1,"dom_n_total":1,"dom_completude":1.0},"geometry":{"type":"Polygon","coordinates":[[[-52.01781212249121,-29.349035096861083],[-52.017882694656045,-29.339708487547732],[-52.00792264203687,-29.339642241805247],[-52.00785171527391,-29.34896884517971],[-52.01781212249121,-29.349035096861083]]]}},{"type":"Feature","properties":{"id_grade":"1KME5200N8079","pop":27,"dom":10,"universo_dom":"domicilios_ocupados_grade_ibge_2022","na_bacia":1,"area_pct_bacia":100.0,"metodo_recorte_bacia":"ponto_representativo_grade_2022; area_pct_geometrica","status_borda_bacia":"total","metodo_area_bacia":"interseção geométrica em EPSG:5880","metodo_na_bacia":"ponto_representativo_grade_2022_within_bacia","pop_n_validos":1,"pop_n_total":1,"pop_completude":1.0,"dom_n_validos":1,"dom_n_total":1,"dom_completude":1.0},"geometry":{"type":"Polygon","coordinates":[[[-52.00785171527391,-29.34896884517971],[-52.00792264203687,-29.339642241805247],[-51.99796259446786,-29.339575664046468],[-51.99789131310732,-29.3489022614521],[-52.00785171527391,-29.34896884517971]]]}},{"type":"Feature","properties":{"id_grade":"1KME5201N8079","pop":10,"dom":5,"universo_dom":"domicilios_ocupados_grade_ibge_2022","na_bacia":1,"area_pct_bacia":100.0,"metodo_recorte_bacia":"ponto_representativo_grade_2022; area_pct_geometrica","status_borda_bacia":"total","metodo_area_bacia":"interseção geométrica em EPSG:5880","metodo_na_bacia":"ponto_representativo_grade_2022_within_bacia","pop_n_validos":1,"pop_n_total":1,"pop_completude":1.0,"dom_n_validos":1,"dom_n_total":1,"dom_completude":1.0},"geometry":{"type":"Polygon","coordinates":[[[-51.99789131310732,-29.3489022614521],[-51.99796259446786,-29.339575664046468],[-51.988002551974255,-29.33950875427205],[-51.98793091601668,-29.348835345679067],[-51.99789131310732,-29.3489022614521]]]}},{"type":"Feature","properties":{"id_grade":"1KME5202N8079","pop":6,"dom":3,"universo_dom":"domicilios_ocupados_grade_ibge_2022","na_bacia":1,"area_pct_bacia":100.0,"metodo_recorte_bacia":"ponto_representativo_grade_2022; area_pct_geometrica","status_borda_bacia":"total","metodo_area_bacia":"interseção geométrica em EPSG:5880","metodo_na_bacia":"ponto_representativo_grade_2022_within_bacia","pop_n_validos":1,"pop_n_total":1,"pop_completude":1.0,"dom_n_validos":1,"dom_n_total":1,"dom_completude":1.0},"geometry":{"type":"Polygon","coordinates":[[[-51.98793091601668,-29.348835345679067],[-51.988002551974255,-29.33950875427205],[-51.97804251458132,-29.339441512482633],[-51.97797052402725,-29.348768097861214],[-51.98793091601668,-29.348835345679067]]]}},{"type":"Feature","properties":{"id_grade":"1KME5203N8079","pop":31,"dom":10,"universo_dom":"domicilios_ocupados_grade_ibge_2022","na_bacia":1,"area_pct_bacia":100.0,"metodo_recorte_bacia":"ponto_representativo_grade_2022; area_pct_geometrica","status_borda_bacia":"total","metodo_area_bacia":"interseção geométrica em EPSG:5880","metodo_na_bacia":"ponto_representativo_grade_2022_within_bacia","pop_n_validos":1,"pop_n_total":1,"pop_completude":1.0,"dom_n_validos":1,"dom_n_total":1,"dom_completude":1.0},"geometry":{"type":"Polygon","coordinates":[[[-51.97797052402725,-29.348768097861214],[-51.97804251458132,-29.339441512482633],[-51.96808248231428,-29.339373938678605],[-51.96801013716426,-29.348700517999287],[-51.97797052402725,-29.348768097861214]]]}},{"type":"Feature","properties":{"id_grade":"1KME5204N8079","pop":94,"dom":35,"universo_dom":"domicilios_ocupados_grade_ibge_2022","na_bacia":1,"area_pct_bacia":100.0,"metodo_recorte_bacia":"ponto_representativo_grade_2022; area_pct_geometrica","status_borda_bacia":"total","metodo_area_bacia":"interseção geométrica em EPSG:5880","metodo_na_bacia":"ponto_representativo_grade_2022_within_bacia","pop_n_validos":1,"pop_n_total":1,"pop_completude":1.0,"dom_n_validos":1,"dom_n_total":1,"dom_completude":1.0},"geometry":{"type":"Polygon","coordinates":[[[-51.96801013716426,-29.348700517999287],[-51.96808248231428,-29.339373938678605],[-51.9581224551984,-29.339306032860947],[-51.95804975545299,-29.34863260609357],[-51.96801013716426,-29.348700517999287]]]}},{"type":"Feature","properties":{"id_grade":"1KME5205N8079","pop":23,"dom":7,"universo_dom":"domicilios_ocupados_grade_ibge_2022","na_bacia":1,"area_pct_bacia":100.0,"metodo_recorte_bacia":"ponto_representativo_grade_2022; area_pct_geometrica","status_borda_bacia":"total","metodo_area_bacia":"interseção geométrica em EPSG:5880","metodo_na_bacia":"ponto_representativo_grade_2022_within_bacia","pop_n_validos":1,"pop_n_total":1,"pop_completude":1.0,"dom_n_validos":1,"dom_n_total":1,"dom_completude":1.0},"geometry":{"type":"Polygon","coordinates":[[[-51.95804975545299,-29.34863260609357],[-51.9581224551984,-29.339306032860947],[-51.94816243325891,-29.339237795029984],[-51.94808937891865,-29.348564362145222],[-51.95804975545299,-29.34863260609357]]]}},{"type":"Feature","properties":{"id_grade":"1KME5206N8079","pop":9,"dom":4,"universo_dom":"domicilios_ocupados_grade_ibge_2022","na_bacia":1,"area_pct_bacia":100.0,"metodo_recorte_bacia":"ponto_representativo_grade_2022; area_pct_geometrica","status_borda_bacia":"total","metodo_area_bacia":"interseção geométrica em EPSG:5880","metodo_na_bacia":"ponto_representativo_grade_2022_within_bacia","pop_n_validos":1,"pop_n_total":1,"pop_completude":1.0,"dom_n_validos":1,"dom_n_total":1,"dom_completude":1.0},"geometry":{"type":"Polygon","coordinates":[[[-51.94808937891865,-29.348564362145222],[-51.94816243325891,-29.339237795029984],[-51.93820241652106,-29.339169225186545],[-51.93812900758652,-29.348495786154345],[-51.94808937891865,-29.348564362145222]]]}},{"type":"Feature","properties":{"id_grade":"1KME5197N8080","pop":9,"dom":3,"universo_dom":"domicilios_ocupados_grade_ibge_2022","na_bacia":1,"area_pct_bacia":100.0,"metodo_recorte_bacia":"ponto_representativo_grade_2022; area_pct_geometrica","status_borda_bacia":"total","metodo_area_bacia":"interseção geométrica em EPSG:5880","metodo_na_bacia":"ponto_representativo_grade_2022_within_bacia","pop_n_validos":1,"pop_n_total":1,"pop_completude":1.0,"dom_n_validos":1,"dom_n_total":1,"dom_completude":1.0},"geometry":{"type":"Polygon","coordinates":[[[-52.03780281494393,-29.339839982980582],[-52.03787267293649,-29.3305138657382],[-52.02791296486666,-29.330448289906883],[-52.02784275230015,-29.339774401272972],[-52.03780281494393,-29.339839982980582]]]}},{"type":"Feature","properties":{"id_grade":"1KME5199N8080","pop":30,"dom":10,"universo_dom":"domicilios_ocupados_grade_ibge_2022","na_bacia":1,"area_pct_bacia":100.0,"metodo_recorte_bacia":"ponto_representativo_grade_2022; area_pct_geometrica","status_borda_bacia":"total","metodo_area_bacia":"interseção geométrica em EPSG:5880","metodo_na_bacia":"ponto_representativo_grade_2022_within_bacia","pop_n_validos":1,"pop_n_total":1,"pop_completude":1.0,"dom_n_validos":1,"dom_n_total":1,"dom_completude":1.0},"geometry":{"type":"Polygon","coordinates":[[[-52.017882694656045,-29.339708487547732],[-52.01795326179597,-29.330382382087773],[-52.007993563749665,-29.330316142281244],[-52.00792264203687,-29.339642241805247],[-52.017882694656045,-29.339708487547732]]]}},{"type":"Feature","properties":{"id_grade":"1KME5200N8080","pop":7,"dom":2,"universo_dom":"domicilios_ocupados_grade_ibge_2022","na_bacia":1,"area_pct_bacia":100.0,"metodo_recorte_bacia":"ponto_representativo_grade_2022; area_pct_geometrica","status_borda_bacia":"total","metodo_area_bacia":"interseção geométrica em EPSG:5880","metodo_na_bacia":"ponto_representativo_grade_2022_within_bacia","pop_n_validos":1,"pop_n_total":1,"pop_completude":1.0,"dom_n_validos":1,"dom_n_total":1,"dom_completude":1.0},"geometry":{"type":"Polygon","coordinates":[[[-52.00792264203687,-29.339642241805247],[-52.007993563749665,-29.330316142281244],[-51.998033870752984,-29.330249570488238],[-51.99796259446786,-29.339575664046468],[-52.00792264203687,-29.339642241805247]]]}},{"type":"Feature","properties":{"id_grade":"1KME5201N8080","pop":6,"dom":3,"universo_dom":"domicilios_ocupados_grade_ibge_2022","na_bacia":1,"area_pct_bacia":100.0,"metodo_recorte_bacia":"ponto_representativo_grade_2022; area_pct_geometrica","status_borda_bacia":"total","metodo_area_bacia":"interseção geométrica em EPSG:5880","metodo_na_bacia":"ponto_representativo_grade_2022_within_bacia","pop_n_validos":1,"pop_n_total":1,"pop_completude":1.0,"dom_n_validos":1,"dom_n_total":1,"dom_completude":1.0},"geometry":{"type":"Polygon","coordinates":[[[-51.99796259446786,-29.339575664046468],[-51.998033870752984,-29.330249570488238],[-51.98807418283118,-29.33018266670942],[-51.988002551974255,-29.33950875427205],[-51.99796259446786,-29.339575664046468]]]}},{"type":"Feature","properties":{"id_grade":"1KME5204N8080","pop":17,"dom":7,"universo_dom":"domicilios_ocupados_grade_ibge_2022","na_bacia":1,"area_pct_bacia":100.0,"metodo_recorte_bacia":"ponto_representativo_grade_2022; area_pct_geometrica","status_borda_bacia":"total","metodo_area_bacia":"interseção geométrica em EPSG:5880","metodo_na_bacia":"ponto_representativo_grade_2022_within_bacia","pop_n_validos":1,"pop_n_total":1,"pop_completude":1.0,"dom_n_validos":1,"dom_n_total":1,"dom_completude":1.0},"geometry":{"type":"Polygon","coordinates":[[[-51.96808248231428,-29.339373938678605],[-51.96815482231315,-29.330047863195926],[-51.95819514976742,-29.329979963462804],[-51.9581224551984,-29.339306032860947],[-51.96808248231428,-29.339373938678605]]]}},{"type":"Feature","properties":{"id_grade":"1KME5206N8080","pop":6,"dom":4,"universo_dom":"domicilios_ocupados_grade_ibge_2022","na_bacia":1,"area_pct_bacia":100.0,"metodo_recorte_bacia":"ponto_representativo_grade_2022; area_pct_geometrica","status_borda_bacia":"total","metodo_area_bacia":"interseção geométrica em EPSG:5880","metodo_na_bacia":"ponto_representativo_grade_2022_within_bacia","pop_n_validos":1,"pop_n_total":1,"pop_completude":1.0,"dom_n_validos":1,"dom_n_total":1,"dom_completude":1.0},"geometry":{"type":"Polygon","coordinates":[[[-51.94816243325891,-29.339237795029984],[-51.94823548239753,-29.329911731746225],[-51.938275820228725,-29.32984316804688],[-51.93820241652106,-29.339169225186545],[-51.94816243325891,-29.339237795029984]]]}},{"type":"Feature","properties":{"id_grade":"1KME5207N8080","pop":4,"dom":2,"universo_dom":"domicilios_ocupados_grade_ibge_2022","na_bacia":1,"area_pct_bacia":100.0,"metodo_recorte_bacia":"ponto_representativo_grade_2022; area_pct_geometrica","status_borda_bacia":"total","metodo_area_bacia":"interseção geométrica em EPSG:5880","metodo_na_bacia":"ponto_representativo_grade_2022_within_bacia","pop_n_validos":1,"pop_n_total":1,"pop_completude":1.0,"dom_n_validos":1,"dom_n_total":1,"dom_completude":1.0},"geometry":{"type":"Polygon","coordinates":[[[-51.93820241652106,-29.339169225186545],[-51.938275820228725,-29.32984316804688],[-51.92831616328625,-29.329774272365437],[-51.928242405010096,-29.339100323331152],[-51.93820241652106,-29.339169225186545]]]}},{"type":"Feature","properties":{"id_grade":"1KME5199N8081","pop":23,"dom":8,"universo_dom":"domicilios_ocupados_grade_ibge_2022","na_bacia":1,"area_pct_bacia":100.0,"metodo_recorte_bacia":"ponto_representativo_grade_2022; area_pct_geometrica","status_borda_bacia":"total","metodo_area_bacia":"interseção geométrica em EPSG:5880","metodo_na_bacia":"ponto_representativo_grade_2022_within_bacia","pop_n_validos":1,"pop_n_total":1,"pop_completude":1.0,"dom_n_validos":1,"dom_n_total":1,"dom_completude":1.0},"geometry":{"type":"Polygon","coordinates":[[[-52.01795326179597,-29.330382382087773],[-52.0180238239115,-29.32105678009928],[-52.00806448041282,-29.320990546225897],[-52.007993563749665,-29.330316142281244],[-52.01795326179597,-29.330382382087773]]]}},{"type":"Feature","properties":{"id_grade":"1KME5200N8081","pop":2,"dom":1,"universo_dom":"domicilios_ocupados_grade_ibge_2022","na_bacia":1,"area_pct_bacia":100.0,"metodo_recorte_bacia":"ponto_representativo_grade_2022; area_pct_geometrica","status_borda_bacia":"total","metodo_area_bacia":"interseção geométrica em EPSG:5880","metodo_na_bacia":"ponto_representativo_grade_2022_within_bacia","pop_n_validos":1,"pop_n_total":1,"pop_completude":1.0,"dom_n_validos":1,"dom_n_total":1,"dom_completude":1.0},"geometry":{"type":"Polygon","coordinates":[[[-52.007993563749665,-29.330316142281244],[-52.00806448041282,-29.320990546225897],[-51.998105141963244,-29.32092398039544],[-51.998033870752984,-29.330249570488238],[-52.007993563749665,-29.330316142281244]]]}},{"type":"Feature","properties":{"id_grade":"1KME5201N8081","pop":15,"dom":6,"universo_dom":"domicilios_ocupados_grade_ibge_2022","na_bacia":1,"area_pct_bacia":100.0,"metodo_recorte_bacia":"ponto_representativo_grade_2022; area_pct_geometrica","status_borda_bacia":"total","metodo_area_bacia":"interseção geométrica em EPSG:5880","metodo_na_bacia":"ponto_representativo_grade_2022_within_bacia","pop_n_validos":1,"pop_n_total":1,"pop_completude":1.0,"dom_n_validos":1,"dom_n_total":1,"dom_completude":1.0},"geometry":{"type":"Polygon","coordinates":[[[-51.998033870752984,-29.330249570488238],[-51.998105141963244,-29.32092398039544],[-51.98814580858798,-29.320857082608775],[-51.98807418283118,-29.33018266670942],[-51.998033870752984,-29.330249570488238]]]}},{"type":"Feature","properties":{"id_grade":"1KME5203N8081","pop":2,"dom":2,"universo_dom":"domicilios_ocupados_grade_ibge_2022","na_bacia":1,"area_pct_bacia":100.0,"metodo_recorte_bacia":"ponto_representativo_grade_2022; area_pct_geometrica","status_borda_bacia":"total","metodo_area_bacia":"interseção geométrica em EPSG:5880","metodo_na_bacia":"ponto_representativo_grade_2022_within_bacia","pop_n_validos":1,"pop_n_total":1,"pop_completude":1.0,"dom_n_validos":1,"dom_n_total":1,"dom_completude":1.0},"geometry":{"type":"Polygon","coordinates":[[[-51.97811450000949,-29.330115430944847],[-51.978186480312296,-29.32078985286631],[-51.96822715716142,-29.320722291168885],[-51.96815482231315,-29.330047863195926],[-51.97811450000949,-29.330115430944847]]]}},{"type":"Feature","properties":{"id_grade":"1KME5206N8081","pop":37,"dom":15,"universo_dom":"domicilios_ocupados_grade_ibge_2022","na_bacia":1,"area_pct_bacia":100.0,"metodo_recorte_bacia":"ponto_representativo_grade_2022; area_pct_geometrica","status_borda_bacia":"total","metodo_area_bacia":"interseção geométrica em EPSG:5880","metodo_na_bacia":"ponto_representativo_grade_2022_within_bacia","pop_n_validos":1,"pop_n_total":1,"pop_completude":1.0,"dom_n_validos":1,"dom_n_total":1,"dom_completude":1.0},"geometry":{"type":"Polygon","coordinates":[[[-51.94823548239753,-29.329911731746225],[-51.94830852633506,-29.320586171911852],[-51.93834921871005,-29.320517614353026],[-51.938275820228725,-29.32984316804688],[-51.94823548239753,-29.329911731746225]]]}},{"type":"Feature","properties":{"id_grade":"1KME5207N8081","pop":50,"dom":19,"universo_dom":"domicilios_ocupados_grade_ibge_2022","na_bacia":1,"area_pct_bacia":100.0,"metodo_recorte_bacia":"ponto_representativo_grade_2022; area_pct_geometrica","status_borda_bacia":"total","metodo_area_bacia":"interseção geométrica em EPSG:5880","metodo_na_bacia":"ponto_representativo_grade_2022_within_bacia","pop_n_validos":1,"pop_n_total":1,"pop_completude":1.0,"dom_n_validos":1,"dom_n_total":1,"dom_completude":1.0},"geometry":{"type":"Polygon","coordinates":[[[-51.938275820228725,-29.32984316804688],[-51.93834921871005,-29.320517614353026],[-51.92838991631081,-29.320448724842386],[-51.92831616328625,-29.329774272365437],[-51.938275820228725,-29.32984316804688]]]}},{"type":"Feature","properties":{"id_grade":"1KME5200N8082","pop":21,"dom":8,"universo_dom":"domicilios_ocupados_grade_ibge_2022","na_bacia":1,"area_pct_bacia":100.0,"metodo_recorte_bacia":"ponto_representativo_grade_2022; area_pct_geometrica","status_borda_bacia":"total","metodo_area_bacia":"interseção geométrica em EPSG:5880","metodo_na_bacia":"ponto_representativo_grade_2022_within_bacia","pop_n_validos":1,"pop_n_total":1,"pop_completude":1.0,"dom_n_validos":1,"dom_n_total":1,"dom_completude":1.0},"geometry":{"type":"Polygon","coordinates":[[[-52.00806448041282,-29.320990546225897],[-52.008135392026894,-29.311665453256968],[-51.99817640809916,-29.311598893385728],[-51.998105141963244,-29.32092398039544],[-52.00806448041282,-29.320990546225897]]]}},{"type":"Feature","properties":{"id_grade":"1KME5201N8082","pop":2,"dom":1,"universo_dom":"domicilios_ocupados_grade_ibge_2022","na_bacia":1,"area_pct_bacia":100.0,"metodo_recorte_bacia":"ponto_representativo_grade_2022; area_pct_geometrica","status_borda_bacia":"total","metodo_area_bacia":"interseção geométrica em EPSG:5880","metodo_na_bacia":"ponto_representativo_grade_2022_within_bacia","pop_n_validos":1,"pop_n_total":1,"pop_completude":1.0,"dom_n_validos":1,"dom_n_total":1,"dom_completude":1.0},"geometry":{"type":"Polygon","coordinates":[[[-51.998105141963244,-29.32092398039544],[-51.99817640809916,-29.311598893385728],[-51.98821742924522,-29.311532001588066],[-51.98814580858798,-29.320857082608775],[-51.998105141963244,-29.32092398039544]]]}},{"type":"Feature","properties":{"id_grade":"1KME5202N8082","pop":36,"dom":15,"universo_dom":"domicilios_ocupados_grade_ibge_2022","na_bacia":1,"area_pct_bacia":100.0,"metodo_recorte_bacia":"ponto_representativo_grade_2022; area_pct_geometrica","status_borda_bacia":"total","metodo_area_bacia":"interseção geométrica em EPSG:5880","metodo_na_bacia":"ponto_representativo_grade_2022_within_bacia","pop_n_validos":1,"pop_n_total":1,"pop_completude":1.0,"dom_n_validos":1,"dom_n_total":1,"dom_completude":1.0},"geometry":{"type":"Polygon","coordinates":[[[-51.98814580858798,-29.320857082608775],[-51.98821742924522,-29.311532001588066],[-51.97825845549029,-29.311464777864597],[-51.978186480312296,-29.32078985286631],[-51.98814580858798,-29.320857082608775]]]}},{"type":"Feature","properties":{"id_grade":"1KME5203N8082","pop":12,"dom":3,"universo_dom":"domicilios_ocupados_grade_ibge_2022","na_bacia":1,"area_pct_bacia":100.0,"metodo_recorte_bacia":"ponto_representativo_grade_2022; area_pct_geometrica","status_borda_bacia":"total","metodo_area_bacia":"interseção geométrica em EPSG:5880","metodo_na_bacia":"ponto_representativo_grade_2022_within_bacia","pop_n_validos":1,"pop_n_total":1,"pop_completude":1.0,"dom_n_validos":1,"dom_n_total":1,"dom_completude":1.0},"geometry":{"type":"Polygon","coordinates":[[[-51.978186480312296,-29.32078985286631],[-51.97825845549029,-29.311464777864597],[-51.968299486859635,-29.311397222215632],[-51.96822715716142,-29.320722291168885],[-51.978186480312296,-29.32078985286631]]]}},{"type":"Feature","properties":{"id_grade":"1KME5206N8082","pop":1,"dom":1,"universo_dom":"domicilios_ocupados_grade_ibge_2022","na_bacia":1,"area_pct_bacia":100.0,"metodo_recorte_bacia":"ponto_representativo_grade_2022; area_pct_geometrica","status_borda_bacia":"total","metodo_area_bacia":"interseção geométrica em EPSG:5880","metodo_na_bacia":"ponto_representativo_grade_2022_within_bacia","pop_n_validos":1,"pop_n_total":1,"pop_completude":1.0,"dom_n_validos":1,"dom_n_total":1,"dom_completude":1.0},"geometry":{"type":"Polygon","coordinates":[[[-51.94830852633506,-29.320586171911852],[-51.94838156507206,-29.311261115144298],[-51.938422611965606,-29.311192563723484],[-51.93834921871005,-29.320517614353026],[-51.94830852633506,-29.320586171911852]]]}},{"type":"Feature","properties":{"id_grade":"1KME5201N8083","pop":9,"dom":4,"universo_dom":"domicilios_ocupados_grade_ibge_2022","na_bacia":1,"area_pct_bacia":100.0,"metodo_recorte_bacia":"ponto_representativo_grade_2022; area_pct_geometrica","status_borda_bacia":"total","metodo_area_bacia":"interseção geométrica em EPSG:5880","metodo_na_bacia":"ponto_representativo_grade_2022_within_bacia","pop_n_validos":1,"pop_n_total":1,"pop_completude":1.0,"dom_n_validos":1,"dom_n_total":1,"dom_completude":1.0},"geometry":{"type":"Polygon","coordinates":[[[-51.99817640809916,-29.311598893385728],[-51.9982476691613,-29.30227430907748],[-51.98828904480343,-29.30220742326589],[-51.98821742924522,-29.311532001588066],[-51.99817640809916,-29.311598893385728]]]}},{"type":"Feature","properties":{"id_grade":"1KME5202N8083","pop":15,"dom":6,"universo_dom":"domicilios_ocupados_grade_ibge_2022","na_bacia":1,"area_pct_bacia":100.0,"metodo_recorte_bacia":"ponto_representativo_grade_2022; area_pct_geometrica","status_borda_bacia":"total","metodo_area_bacia":"interseção geométrica em EPSG:5880","metodo_na_bacia":"ponto_representativo_grade_2022_within_bacia","pop_n_validos":1,"pop_n_total":1,"pop_completude":1.0,"dom_n_validos":1,"dom_n_total":1,"dom_completude":1.0},"geometry":{"type":"Polygon","coordinates":[[[-51.98821742924522,-29.311532001588066],[-51.98828904480343,-29.30220742326589],[-51.97833042554404,-29.302140205557738],[-51.97825845549029,-29.311464777864597],[-51.98821742924522,-29.311532001588066]]]}},{"type":"Feature","properties":{"id_grade":"1KME5207N8083","pop":55,"dom":19,"universo_dom":"domicilios_ocupados_grade_ibge_2022","na_bacia":1,"area_pct_bacia":100.0,"metodo_recorte_bacia":"ponto_representativo_grade_2022; area_pct_geometrica","status_borda_bacia":"total","metodo_area_bacia":"interseção geométrica em EPSG:5880","metodo_na_bacia":"ponto_representativo_grade_2022_within_bacia","pop_n_validos":1,"pop_n_total":1,"pop_completude":1.0,"dom_n_validos":1,"dom_n_total":1,"dom_completude":1.0},"geometry":{"type":"Polygon","coordinates":[[[-51.938422611965606,-29.311192563723484],[-51.938495999995965,-29.301868015776012],[-51.92853740660749,-29.30179913859653],[-51.928463664084376,-29.311123680379815],[-51.938422611965606,-29.311192563723484]]]}},{"type":"Feature","properties":{"id_grade":"200ME51968N80758","pop":7,"dom":2,"universo_dom":"domicilios_ocupados_grade_ibge_2022","na_bacia":1,"area_pct_bacia":100.0,"metodo_recorte_bacia":"ponto_representativo_grade_2022; area_pct_geometrica","status_borda_bacia":"total","metodo_area_bacia":"interseção geométrica em EPSG:5880","metodo_na_bacia":"ponto_representativo_grade_2022_within_bacia","pop_n_validos":1,"pop_n_total":1,"pop_completude":1.0,"dom_n_validos":1,"dom_n_total":1,"dom_completude":1.0},"geometry":{"type":"Polygon","coordinates":[[[-52.0394877060927,-29.380893971079836],[-52.03950166806748,-29.37902826364342],[-52.037509356771345,-29.379015182104936],[-52.03749538040745,-29.38088088954139],[-52.0394877060927,-29.380893971079836]]]}},{"type":"Feature","properties":{"id_grade":"200ME51966N80760","pop":10,"dom":2,"universo_dom":"domicilios_ocupados_grade_ibge_2022","na_bacia":1,"area_pct_bacia":100.0,"metodo_recorte_bacia":"ponto_representativo_grade_2022; area_pct_geometrica","status_borda_bacia":"total","metodo_area_bacia":"interseção geométrica em EPSG:5880","metodo_na_bacia":"ponto_representativo_grade_2022_within_bacia","pop_n_validos":1,"pop_n_total":1,"pop_completude":1.0,"dom_n_validos":1,"dom_n_total":1,"dom_completude":1.0},"geometry":{"type":"Polygon","coordinates":[[[-52.041493979363615,-29.3790413316921],[-52.04150792694924,-29.377175643141353],[-52.039515630042274,-29.377162575992056],[-52.03950166806748,-29.37902826364342],[-52.041493979363615,-29.3790413316921]]]}},{"type":"Feature","properties":{"id_grade":"200ME51968N80760","pop":3,"dom":1,"universo_dom":"domicilios_ocupados_grade_ibge_2022","na_bacia":1,"area_pct_bacia":100.0,"metodo_recorte_bacia":"ponto_representativo_grade_2022; area_pct_geometrica","status_borda_bacia":"total","metodo_area_bacia":"interseção geométrica em EPSG:5880","metodo_na_bacia":"ponto_representativo_grade_2022_within_bacia","pop_n_validos":1,"pop_n_total":1,"pop_completude":1.0,"dom_n_validos":1,"dom_n_total":1,"dom_completude":1.0},"geometry":{"type":"Polygon","coordinates":[[[-52.03950166806748,-29.37902826364342],[-52.039515630042274,-29.377162575992056],[-52.037523333135255,-29.377149494453608],[-52.037509356771345,-29.379015182104936],[-52.03950166806748,-29.37902826364342]]]}},{"type":"Feature","properties":{"id_grade":"200ME51960N80762","pop":12,"dom":5,"universo_dom":"domicilios_ocupados_grade_ibge_2022","na_bacia":1,"area_pct_bacia":100.0,"metodo_recorte_bacia":"ponto_representativo_grade_2022; area_pct_geometrica","status_borda_bacia":"total","metodo_area_bacia":"interseção geométrica em EPSG:5880","metodo_na_bacia":"ponto_representativo_grade_2022_within_bacia","pop_n_validos":1,"pop_n_total":1,"pop_completude":1.0,"dom_n_validos":1,"dom_n_total":1,"dom_completude":1.0},"geometry":{"type":"Polygon","coordinates":[[[-52.04748481946882,-29.377214767247647],[-52.0474987247863,-29.37534909848207],[-52.04550644136913,-29.37533607090294],[-52.04549252166248,-29.377201739668568],[-52.04748481946882,-29.377214767247647]]]}},{"type":"Feature","properties":{"id_grade":"200ME51962N80762","pop":2,"dom":1,"universo_dom":"domicilios_ocupados_grade_ibge_2022","na_bacia":1,"area_pct_bacia":100.0,"metodo_recorte_bacia":"ponto_representativo_grade_2022; area_pct_geometrica","status_borda_bacia":"total","metodo_area_bacia":"interseção geométrica em EPSG:5880","metodo_na_bacia":"ponto_representativo_grade_2022_within_bacia","pop_n_validos":1,"pop_n_total":1,"pop_completude":1.0,"dom_n_validos":1,"dom_n_total":1,"dom_completude":1.0},"geometry":{"type":"Polygon","coordinates":[[[-52.04549252166248,-29.377201739668568],[-52.04550644136913,-29.37533607090294],[-52.04351415795197,-29.375323029833872],[-52.04350022475552,-29.377188697700202],[-52.04549252166248,-29.377201739668568]]]}},{"type":"Feature","properties":{"id_grade":"200ME51964N80762","pop":4,"dom":1,"universo_dom":"domicilios_ocupados_grade_ibge_2022","na_bacia":1,"area_pct_bacia":100.0,"metodo_recorte_bacia":"ponto_representativo_grade_2022; area_pct_geometrica","status_borda_bacia":"total","metodo_area_bacia":"interseção geométrica em EPSG:5880","metodo_na_bacia":"ponto_representativo_grade_2022_within_bacia","pop_n_validos":1,"pop_n_total":1,"pop_completude":1.0,"dom_n_validos":1,"dom_n_total":1,"dom_completude":1.0},"geometry":{"type":"Polygon","coordinates":[[[-52.04350022475552,-29.377188697700202],[-52.04351415795197,-29.375323029833872],[-52.04152187453485,-29.375309975275172],[-52.04150792694924,-29.377175643141353],[-52.04350022475552,-29.377188697700202]]]}},{"type":"Feature","properties":{"id_grade":"200ME51968N80762","pop":3,"dom":2,"universo_dom":"domicilios_ocupados_grade_ibge_2022","na_bacia":1,"area_pct_bacia":100.0,"metodo_recorte_bacia":"ponto_representativo_grade_2022; area_pct_geometrica","status_borda_bacia":"total","metodo_area_bacia":"interseção geométrica em EPSG:5880","metodo_na_bacia":"ponto_representativo_grade_2022_within_bacia","pop_n_validos":1,"pop_n_total":1,"pop_completude":1.0,"dom_n_validos":1,"dom_n_total":1,"dom_completude":1.0},"geometry":{"type":"Polygon","coordinates":[[[-52.039515630042274,-29.377162575992056],[-52.039529592017004,-29.375296908125843],[-52.03753730949922,-29.375283826587363],[-52.037523333135255,-29.377149494453608],[-52.039515630042274,-29.377162575992056]]]}},{"type":"Feature","properties":{"id_grade":"200ME51960N80764","pop":2,"dom":1,"universo_dom":"domicilios_ocupados_grade_ibge_2022","na_bacia":1,"area_pct_bacia":100.0,"metodo_recorte_bacia":"ponto_representativo_grade_2022; area_pct_geometrica","status_borda_bacia":"total","metodo_area_bacia":"interseção geométrica em EPSG:5880","metodo_na_bacia":"ponto_representativo_grade_2022_within_bacia","pop_n_validos":1,"pop_n_total":1,"pop_completude":1.0,"dom_n_validos":1,"dom_n_total":1,"dom_completude":1.0},"geometry":{"type":"Polygon","coordinates":[[[-52.0474987247863,-29.37534909848207],[-52.04751262920444,-29.373483450400904],[-52.04552036017646,-29.373470422821736],[-52.04550644136913,-29.37533607090294],[-52.0474987247863,-29.37534909848207]]]}},{"type":"Feature","properties":{"id_grade":"200ME51964N80764","pop":1,"dom":1,"universo_dom":"domicilios_ocupados_grade_ibge_2022","na_bacia":1,"area_pct_bacia":100.0,"metodo_recorte_bacia":"ponto_representativo_grade_2022; area_pct_geometrica","status_borda_bacia":"total","metodo_area_bacia":"interseção geométrica em EPSG:5880","metodo_na_bacia":"ponto_representativo_grade_2022_within_bacia","pop_n_validos":1,"pop_n_total":1,"pop_completude":1.0,"dom_n_validos":1,"dom_n_total":1,"dom_completude":1.0},"geometry":{"type":"Polygon","coordinates":[[[-52.04351415795197,-29.375323029833872],[-52.04352809114846,-29.37345738175266],[-52.04153582212046,-29.373444328093218],[-52.04152187453485,-29.375309975275172],[-52.04351415795197,-29.375323029833872]]]}},{"type":"Feature","properties":{"id_grade":"200ME51966N80764","pop":40,"dom":14,"universo_dom":"domicilios_ocupados_grade_ibge_2022","na_bacia":1,"area_pct_bacia":100.0,"metodo_recorte_bacia":"ponto_representativo_grade_2022; area_pct_geometrica","status_borda_bacia":"total","metodo_area_bacia":"interseção geométrica em EPSG:5880","metodo_na_bacia":"ponto_representativo_grade_2022_within_bacia","pop_n_validos":1,"pop_n_total":1,"pop_completude":1.0,"dom_n_validos":1,"dom_n_total":1,"dom_completude":1.0},"geometry":{"type":"Polygon","coordinates":[[[-52.04152187453485,-29.375309975275172],[-52.04153582212046,-29.373444328093218],[-52.03954355309247,-29.373431260044615],[-52.039529592017004,-29.375296908125843],[-52.04152187453485,-29.375309975275172]]]}},{"type":"Feature","properties":{"id_grade":"200ME51968N80764","pop":6,"dom":2,"universo_dom":"domicilios_ocupados_grade_ibge_2022","na_bacia":1,"area_pct_bacia":100.0,"metodo_recorte_bacia":"ponto_representativo_grade_2022; area_pct_geometrica","status_borda_bacia":"total","metodo_area_bacia":"interseção geométrica em EPSG:5880","metodo_na_bacia":"ponto_representativo_grade_2022_within_bacia","pop_n_validos":1,"pop_n_total":1,"pop_completude":1.0,"dom_n_validos":1,"dom_n_total":1,"dom_completude":1.0},"geometry":{"type":"Polygon","coordinates":[[[-52.039529592017004,-29.375296908125843],[-52.03954355309247,-29.373431260044615],[-52.0375512849638,-29.373418179405448],[-52.03753730949922,-29.375283826587363],[-52.039529592017004,-29.375296908125843]]]}},{"type":"Feature","properties":{"id_grade":"200ME51962N80766","pop":5,"dom":3,"universo_dom":"domicilios_ocupados_grade_ibge_2022","na_bacia":1,"area_pct_bacia":100.0,"metodo_recorte_bacia":"ponto_representativo_grade_2022; area_pct_geometrica","status_borda_bacia":"total","metodo_area_bacia":"interseção geométrica em EPSG:5880","metodo_na_bacia":"ponto_representativo_grade_2022_within_bacia","pop_n_validos":1,"pop_n_total":1,"pop_completude":1.0,"dom_n_validos":1,"dom_n_total":1,"dom_completude":1.0},"geometry":{"type":"Polygon","coordinates":[[[-52.04552036017646,-29.373470422821736],[-52.04553427898373,-29.37160479542488],[-52.04354202434491,-29.371591754355904],[-52.04352809114846,-29.37345738175266],[-52.04552036017646,-29.373470422821736]]]}},{"type":"Feature","properties":{"id_grade":"200ME51964N80766","pop":42,"dom":12,"universo_dom":"domicilios_ocupados_grade_ibge_2022","na_bacia":1,"area_pct_bacia":100.0,"metodo_recorte_bacia":"ponto_representativo_grade_2022; area_pct_geometrica","status_borda_bacia":"total","metodo_area_bacia":"interseção geométrica em EPSG:5880","metodo_na_bacia":"ponto_representativo_grade_2022_within_bacia","pop_n_validos":1,"pop_n_total":1,"pop_completude":1.0,"dom_n_validos":1,"dom_n_total":1,"dom_completude":1.0},"geometry":{"type":"Polygon","coordinates":[[[-52.04352809114846,-29.37345738175266],[-52.04354202434491,-29.371591754355904],[-52.04154976970608,-29.37157870069642],[-52.04153582212046,-29.373444328093218],[-52.04352809114846,-29.37345738175266]]]}},{"type":"Feature","properties":{"id_grade":"200ME51966N80766","pop":15,"dom":6,"universo_dom":"domicilios_ocupados_grade_ibge_2022","na_bacia":1,"area_pct_bacia":100.0,"metodo_recorte_bacia":"ponto_representativo_grade_2022; area_pct_geometrica","status_borda_bacia":"total","metodo_area_bacia":"interseção geométrica em EPSG:5880","metodo_na_bacia":"ponto_representativo_grade_2022_within_bacia","pop_n_validos":1,"pop_n_total":1,"pop_completude":1.0,"dom_n_validos":1,"dom_n_total":1,"dom_completude":1.0},"geometry":{"type":"Polygon","coordinates":[[[-52.04153582212046,-29.373444328093218],[-52.04154976970608,-29.37157870069642],[-52.0395575150672,-29.371565633547068],[-52.03954355309247,-29.373431260044615],[-52.04153582212046,-29.373444328093218]]]}},{"type":"Feature","properties":{"id_grade":"200ME51968N80766","pop":3,"dom":1,"universo_dom":"domicilios_ocupados_grade_ibge_2022","na_bacia":1,"area_pct_bacia":100.0,"metodo_recorte_bacia":"ponto_representativo_grade_2022; area_pct_geometrica","status_borda_bacia":"total","metodo_area_bacia":"interseção geométrica em EPSG:5880","metodo_na_bacia":"ponto_representativo_grade_2022_within_bacia","pop_n_validos":1,"pop_n_total":1,"pop_completude":1.0,"dom_n_validos":1,"dom_n_total":1,"dom_completude":1.0},"geometry":{"type":"Polygon","coordinates":[[[-52.03954355309247,-29.373431260044615],[-52.0395575150672,-29.371565633547068],[-52.03756526042838,-29.37155255290789],[-52.0375512849638,-29.373418179405448],[-52.03954355309247,-29.373431260044615]]]}},{"type":"Feature","properties":{"id_grade":"200ME51960N80768","pop":12,"dom":5,"universo_dom":"domicilios_ocupados_grade_ibge_2022","na_bacia":1,"area_pct_bacia":100.0,"metodo_recorte_bacia":"ponto_representativo_grade_2022; area_pct_geometrica","status_borda_bacia":"total","metodo_area_bacia":"interseção geométrica em EPSG:5880","metodo_na_bacia":"ponto_representativo_grade_2022_within_bacia","pop_n_validos":1,"pop_n_total":1,"pop_completude":1.0,"dom_n_validos":1,"dom_n_total":1,"dom_completude":1.0},"geometry":{"type":"Polygon","coordinates":[[[-52.0475265336226,-29.371617822104728],[-52.047540438040755,-29.369752214492998],[-52.04554819779104,-29.369739186913872],[-52.04553427898373,-29.37160479542488],[-52.0475265336226,-29.371617822104728]]]}},{"type":"Feature","properties":{"id_grade":"200ME51962N80768","pop":31,"dom":11,"universo_dom":"domicilios_ocupados_grade_ibge_2022","na_bacia":1,"area_pct_bacia":100.0,"metodo_recorte_bacia":"ponto_representativo_grade_2022; area_pct_geometrica","status_borda_bacia":"total","metodo_area_bacia":"interseção geométrica em EPSG:5880","metodo_na_bacia":"ponto_representativo_grade_2022_within_bacia","pop_n_validos":1,"pop_n_total":1,"pop_completude":1.0,"dom_n_validos":1,"dom_n_total":1,"dom_completude":1.0},"geometry":{"type":"Polygon","coordinates":[[[-52.04553427898373,-29.37160479542488],[-52.04554819779104,-29.369739186913872],[-52.043555956642024,-29.36972614674418],[-52.04354202434491,-29.371591754355904],[-52.04553427898373,-29.37160479542488]]]}},{"type":"Feature","properties":{"id_grade":"200ME51964N80768","pop":8,"dom":3,"universo_dom":"domicilios_ocupados_grade_ibge_2022","na_bacia":1,"area_pct_bacia":100.0,"metodo_recorte_bacia":"ponto_representativo_grade_2022; area_pct_geometrica","status_borda_bacia":"total","metodo_area_bacia":"interseção geométrica em EPSG:5880","metodo_na_bacia":"ponto_representativo_grade_2022_within_bacia","pop_n_validos":1,"pop_n_total":1,"pop_completude":1.0,"dom_n_validos":1,"dom_n_total":1,"dom_completude":1.0},"geometry":{"type":"Polygon","coordinates":[[[-52.04354202434491,-29.371591754355904],[-52.043555956642024,-29.36972614674418],[-52.041563716392375,-29.369713093084737],[-52.04154976970608,-29.37157870069642],[-52.04354202434491,-29.371591754355904]]]}},{"type":"Feature","properties":{"id_grade":"200ME51960N80770","pop":12,"dom":4,"universo_dom":"domicilios_ocupados_grade_ibge_2022","na_bacia":1,"area_pct_bacia":100.0,"metodo_recorte_bacia":"ponto_representativo_grade_2022; area_pct_geometrica","status_borda_bacia":"total","metodo_area_bacia":"interseção geométrica em EPSG:5880","metodo_na_bacia":"ponto_representativo_grade_2022_within_bacia","pop_n_validos":1,"pop_n_total":1,"pop_completude":1.0,"dom_n_validos":1,"dom_n_total":1,"dom_completude":1.0},"geometry":{"type":"Polygon","coordinates":[[[-52.047540438040755,-29.369752214492998],[-52.04755434245891,-29.367886626666436],[-52.045562115699056,-29.367873599986652],[-52.04554819779104,-29.369739186913872],[-52.047540438040755,-29.369752214492998]]]}},{"type":"Feature","properties":{"id_grade":"200ME51962N80770","pop":15,"dom":5,"universo_dom":"domicilios_ocupados_grade_ibge_2022","na_bacia":1,"area_pct_bacia":100.0,"metodo_recorte_bacia":"ponto_representativo_grade_2022; area_pct_geometrica","status_borda_bacia":"total","metodo_area_bacia":"interseção geométrica em EPSG:5880","metodo_na_bacia":"ponto_representativo_grade_2022_within_bacia","pop_n_validos":1,"pop_n_total":1,"pop_completude":1.0,"dom_n_validos":1,"dom_n_total":1,"dom_completude":1.0},"geometry":{"type":"Polygon","coordinates":[[[-52.04554819779104,-29.369739186913872],[-52.045562115699056,-29.367873599986652],[-52.04356988983852,-29.36786055981698],[-52.043555956642024,-29.36972614674418],[-52.04554819779104,-29.369739186913872]]]}},{"type":"Feature","properties":{"id_grade":"200ME51964N80770","pop":3,"dom":2,"universo_dom":"domicilios_ocupados_grade_ibge_2022","na_bacia":1,"area_pct_bacia":100.0,"metodo_recorte_bacia":"ponto_representativo_grade_2022; area_pct_geometrica","status_borda_bacia":"total","metodo_area_bacia":"interseção geométrica em EPSG:5880","metodo_na_bacia":"ponto_representativo_grade_2022_within_bacia","pop_n_validos":1,"pop_n_total":1,"pop_completude":1.0,"dom_n_validos":1,"dom_n_total":1,"dom_completude":1.0},"geometry":{"type":"Polygon","coordinates":[[[-52.043555956642024,-29.36972614674418],[-52.04356988983852,-29.36786055981698],[-52.04157766307867,-29.36784750615744],[-52.041563716392375,-29.369713093084737],[-52.043555956642024,-29.36972614674418]]]}},{"type":"Feature","properties":{"id_grade":"200ME51968N80770","pop":1,"dom":1,"universo_dom":"domicilios_ocupados_grade_ibge_2022","na_bacia":1,"area_pct_bacia":100.0,"metodo_recorte_bacia":"ponto_representativo_grade_2022; area_pct_geometrica","status_borda_bacia":"total","metodo_area_bacia":"interseção geométrica em EPSG:5880","metodo_na_bacia":"ponto_representativo_grade_2022_within_bacia","pop_n_validos":1,"pop_n_total":1,"pop_completude":1.0,"dom_n_validos":1,"dom_n_total":1,"dom_completude":1.0},"geometry":{"type":"Polygon","coordinates":[[[-52.03957147614267,-29.369700025935376],[-52.039585437218136,-29.367834439008096],[-52.0375932113576,-29.367821359268227],[-52.03757923589296,-29.3696869461956],[-52.03957147614267,-29.369700025935376]]]}},{"type":"Feature","properties":{"id_grade":"200ME51962N80772","pop":3,"dom":1,"universo_dom":"domicilios_ocupados_grade_ibge_2022","na_bacia":1,"area_pct_bacia":100.0,"metodo_recorte_bacia":"ponto_representativo_grade_2022; area_pct_geometrica","status_borda_bacia":"total","metodo_area_bacia":"interseção geométrica em EPSG:5880","metodo_na_bacia":"ponto_representativo_grade_2022_within_bacia","pop_n_validos":1,"pop_n_total":1,"pop_completude":1.0,"dom_n_validos":1,"dom_n_total":1,"dom_completude":1.0},"geometry":{"type":"Polygon","coordinates":[[[-52.045562115699056,-29.367873599986652],[-52.04557603450633,-29.366008032844395],[-52.043583822135645,-29.36599499267467],[-52.04356988983852,-29.36786055981698],[-52.045562115699056,-29.367873599986652]]]}},{"type":"Feature","properties":{"id_grade":"200ME51964N80772","pop":3,"dom":1,"universo_dom":"domicilios_ocupados_grade_ibge_2022","na_bacia":1,"area_pct_bacia":100.0,"metodo_recorte_bacia":"ponto_representativo_grade_2022; area_pct_geometrica","status_borda_bacia":"total","metodo_area_bacia":"interseção geométrica em EPSG:5880","metodo_na_bacia":"ponto_representativo_grade_2022_within_bacia","pop_n_validos":1,"pop_n_total":1,"pop_completude":1.0,"dom_n_validos":1,"dom_n_total":1,"dom_completude":1.0},"geometry":{"type":"Polygon","coordinates":[[[-52.04356988983852,-29.36786055981698],[-52.043583822135645,-29.36599499267467],[-52.041591609764964,-29.365981939015207],[-52.04157766307867,-29.36784750615744],[-52.04356988983852,-29.36786055981698]]]}},{"type":"Feature","properties":{"id_grade":"200ME51966N80772","pop":7,"dom":3,"universo_dom":"domicilios_ocupados_grade_ibge_2022","na_bacia":1,"area_pct_bacia":100.0,"metodo_recorte_bacia":"ponto_representativo_grade_2022; area_pct_geometrica","status_borda_bacia":"total","metodo_area_bacia":"interseção geométrica em EPSG:5880","metodo_na_bacia":"ponto_representativo_grade_2022_within_bacia","pop_n_validos":1,"pop_n_total":1,"pop_completude":1.0,"dom_n_validos":1,"dom_n_total":1,"dom_completude":1.0},"geometry":{"type":"Polygon","coordinates":[[[-52.04157766307867,-29.36784750615744],[-52.041591609764964,-29.365981939015207],[-52.03959939739423,-29.36596887276521],[-52.039585437218136,-29.367834439008096],[-52.04157766307867,-29.36784750615744]]]}},{"type":"Feature","properties":{"id_grade":"200ME51960N80774","pop":4,"dom":1,"universo_dom":"domicilios_ocupados_grade_ibge_2022","na_bacia":1,"area_pct_bacia":100.0,"metodo_recorte_bacia":"ponto_representativo_grade_2022; area_pct_geometrica","status_borda_bacia":"total","metodo_area_bacia":"interseção geométrica em EPSG:5880","metodo_na_bacia":"ponto_representativo_grade_2022_within_bacia","pop_n_validos":1,"pop_n_total":1,"pop_completude":1.0,"dom_n_validos":1,"dom_n_total":1,"dom_completude":1.0},"geometry":{"type":"Polygon","coordinates":[[[-52.04756824687706,-29.36602105952426],[-52.0475821503959,-29.364155512167123],[-52.04558995241433,-29.364142485487253],[-52.04557603450633,-29.366008032844395],[-52.04756824687706,-29.36602105952426]]]}},{"type":"Feature","properties":{"id_grade":"200ME51966N80774","pop":5,"dom":1,"universo_dom":"domicilios_ocupados_grade_ibge_2022","na_bacia":1,"area_pct_bacia":100.0,"metodo_recorte_bacia":"ponto_representativo_grade_2022; area_pct_geometrica","status_borda_bacia":"total","metodo_area_bacia":"interseção geométrica em EPSG:5880","metodo_na_bacia":"ponto_representativo_grade_2022_within_bacia","pop_n_validos":1,"pop_n_total":1,"pop_completude":1.0,"dom_n_validos":1,"dom_n_total":1,"dom_completude":1.0},"geometry":{"type":"Polygon","coordinates":[[[-52.041591609764964,-29.365981939015207],[-52.0416055564512,-29.364116392557438],[-52.0396133584697,-29.3641033263074],[-52.03959939739423,-29.36596887276521],[-52.041591609764964,-29.365981939015207]]]}},{"type":"Feature","properties":{"id_grade":"200ME51976N80738","pop":1,"dom":1,"universo_dom":"domicilios_ocupados_grade_ibge_2022","na_bacia":1,"area_pct_bacia":100.0,"metodo_recorte_bacia":"ponto_representativo_grade_2022; area_pct_geometrica","status_borda_bacia":"total","metodo_area_bacia":"interseção geométrica em EPSG:5880","metodo_na_bacia":"ponto_representativo_grade_2022_within_bacia","pop_n_validos":1,"pop_n_total":1,"pop_completude":1.0,"dom_n_validos":1,"dom_n_total":1,"dom_completude":1.0},"geometry":{"type":"Polygon","coordinates":[[[-52.0313782062392,-29.399499749014158],[-52.03139222666988,-29.397633840129576],[-52.02939977507953,-29.397620702833155],[-52.02938573936035,-29.39948661171769],[-52.0313782062392,-29.399499749014158]]]}},{"type":"Feature","properties":{"id_grade":"200ME51976N80740","pop":3,"dom":1,"universo_dom":"domicilios_ocupados_grade_ibge_2022","na_bacia":1,"area_pct_bacia":100.0,"metodo_recorte_bacia":"ponto_representativo_grade_2022; area_pct_geometrica","status_borda_bacia":"total","metodo_area_bacia":"interseção geométrica em EPSG:5880","metodo_na_bacia":"ponto_representativo_grade_2022_within_bacia","pop_n_validos":1,"pop_n_total":1,"pop_completude":1.0,"dom_n_validos":1,"dom_n_total":1,"dom_completude":1.0},"geometry":{"type":"Polygon","coordinates":[[[-52.03139222666988,-29.397633840129576],[-52.03140624710057,-29.395767950130665],[-52.02941380989939,-29.395754813733625],[-52.02939977507953,-29.397620702833155],[-52.03139222666988,-29.397633840129576]]]}},{"type":"Feature","properties":{"id_grade":"200ME51972N80742","pop":2,"dom":1,"universo_dom":"domicilios_ocupados_grade_ibge_2022","na_bacia":1,"area_pct_bacia":100.0,"metodo_recorte_bacia":"ponto_representativo_grade_2022; area_pct_geometrica","status_borda_bacia":"total","metodo_area_bacia":"interseção geométrica em EPSG:5880","metodo_na_bacia":"ponto_representativo_grade_2022_within_bacia","pop_n_validos":1,"pop_n_total":1,"pop_completude":1.0,"dom_n_validos":1,"dom_n_total":1,"dom_completude":1.0},"geometry":{"type":"Polygon","coordinates":[[[-52.035391124201,-29.395794184254175],[-52.03540511585339,-29.39392831493964],[-52.03341269214201,-29.393915204622978],[-52.03339868610044,-29.395781073937304],[-52.035391124201,-29.395794184254175]]]}},{"type":"Feature","properties":{"id_grade":"200ME51974N80742","pop":3,"dom":1,"universo_dom":"domicilios_ocupados_grade_ibge_2022","na_bacia":1,"area_pct_bacia":100.0,"metodo_recorte_bacia":"ponto_representativo_grade_2022; area_pct_geometrica","status_borda_bacia":"total","metodo_area_bacia":"interseção geométrica em EPSG:5880","metodo_na_bacia":"ponto_representativo_grade_2022_within_bacia","pop_n_validos":1,"pop_n_total":1,"pop_completude":1.0,"dom_n_validos":1,"dom_n_total":1,"dom_completude":1.0},"geometry":{"type":"Polygon","coordinates":[[[-52.03339868610044,-29.395781073937304],[-52.03341269214201,-29.393915204622978],[-52.03142026843062,-29.393902081715687],[-52.03140624710057,-29.395767950130665],[-52.03339868610044,-29.395781073937304]]]}},{"type":"Feature","properties":{"id_grade":"200ME51978N80742","pop":2,"dom":1,"universo_dom":"domicilios_ocupados_grade_ibge_2022","na_bacia":1,"area_pct_bacia":100.0,"metodo_recorte_bacia":"ponto_representativo_grade_2022; area_pct_geometrica","status_borda_bacia":"total","metodo_area_bacia":"interseção geométrica em EPSG:5880","metodo_na_bacia":"ponto_representativo_grade_2022_within_bacia","pop_n_validos":1,"pop_n_total":1,"pop_completude":1.0,"dom_n_validos":1,"dom_n_total":1,"dom_completude":1.0},"geometry":{"type":"Polygon","coordinates":[[[-52.02941380989939,-29.395754813733625],[-52.02942784471924,-29.393888945318473],[-52.02743542100785,-29.393875795431587],[-52.02742137179882,-29.39574166384669],[-52.02941380989939,-29.395754813733625]]]}},{"type":"Feature","properties":{"id_grade":"200ME51978N80744","pop":2,"dom":1,"universo_dom":"domicilios_ocupados_grade_ibge_2022","na_bacia":1,"area_pct_bacia":100.0,"metodo_recorte_bacia":"ponto_representativo_grade_2022; area_pct_geometrica","status_borda_bacia":"total","metodo_area_bacia":"interseção geométrica em EPSG:5880","metodo_na_bacia":"ponto_representativo_grade_2022_within_bacia","pop_n_validos":1,"pop_n_total":1,"pop_completude":1.0,"dom_n_validos":1,"dom_n_total":1,"dom_completude":1.0},"geometry":{"type":"Polygon","coordinates":[[[-52.02942784471924,-29.393888945318473],[-52.02944187863977,-29.392023096688437],[-52.0274494693175,-29.392009946801583],[-52.02743542100785,-29.393875795431587],[-52.02942784471924,-29.393888945318473]]]}},{"type":"Feature","properties":{"id_grade":"200ME51976N80750","pop":2,"dom":1,"universo_dom":"domicilios_ocupados_grade_ibge_2022","na_bacia":1,"area_pct_bacia":100.0,"metodo_recorte_bacia":"ponto_representativo_grade_2022; area_pct_geometrica","status_borda_bacia":"total","metodo_area_bacia":"interseção geométrica em EPSG:5880","metodo_na_bacia":"ponto_representativo_grade_2022_within_bacia","pop_n_validos":1,"pop_n_total":1,"pop_completude":1.0,"dom_n_validos":1,"dom_n_total":1,"dom_completude":1.0},"geometry":{"type":"Polygon","coordinates":[[[-52.03146232882335,-29.388304596080197],[-52.03147634835477,-29.386438807704803],[-52.02948398130065,-29.386425672207004],[-52.029469947380115,-29.38829146058246],[-52.03146232882335,-29.388304596080197]]]}},{"type":"Feature","properties":{"id_grade":"200ME51978N80752","pop":7,"dom":4,"universo_dom":"domicilios_ocupados_grade_ibge_2022","na_bacia":1,"area_pct_bacia":100.0,"metodo_recorte_bacia":"ponto_representativo_grade_2022; area_pct_geometrica","status_borda_bacia":"total","metodo_area_bacia":"interseção geométrica em EPSG:5880","metodo_na_bacia":"ponto_representativo_grade_2022_within_bacia","pop_n_validos":1,"pop_n_total":1,"pop_completude":1.0,"dom_n_validos":1,"dom_n_total":1,"dom_completude":1.0},"geometry":{"type":"Polygon","coordinates":[[[-52.02948398130065,-29.386425672207004],[-52.02949801522118,-29.384559904515932],[-52.02750566255622,-29.384546756427568],[-52.02749161424657,-29.386412523219345],[-52.02948398130065,-29.386425672207004]]]}},{"type":"Feature","properties":{"id_grade":"200ME51976N80754","pop":12,"dom":4,"universo_dom":"domicilios_ocupados_grade_ibge_2022","na_bacia":1,"area_pct_bacia":100.0,"metodo_recorte_bacia":"ponto_representativo_grade_2022; area_pct_geometrica","status_borda_bacia":"total","metodo_area_bacia":"interseção geométrica em EPSG:5880","metodo_na_bacia":"ponto_representativo_grade_2022_within_bacia","pop_n_validos":1,"pop_n_total":1,"pop_completude":1.0,"dom_n_validos":1,"dom_n_total":1,"dom_completude":1.0},"geometry":{"type":"Polygon","coordinates":[[[-52.031490367886136,-29.38457304001368],[-52.0315043874175,-29.382707292107778],[-52.0295120482424,-29.382694157509327],[-52.02949801522118,-29.384559904515932],[-52.031490367886136,-29.38457304001368]]]}},{"type":"Feature","properties":{"id_grade":"200ME51974N80756","pop":11,"dom":3,"universo_dom":"domicilios_ocupados_grade_ibge_2022","na_bacia":1,"area_pct_bacia":100.0,"metodo_recorte_bacia":"ponto_representativo_grade_2022; area_pct_geometrica","status_borda_bacia":"total","metodo_area_bacia":"interseção geométrica em EPSG:5880","metodo_na_bacia":"ponto_representativo_grade_2022_within_bacia","pop_n_validos":1,"pop_n_total":1,"pop_completude":1.0,"dom_n_validos":1,"dom_n_total":1,"dom_completude":1.0},"geometry":{"type":"Polygon","coordinates":[[[-52.03349672569328,-29.3827204141158],[-52.03351073083553,-29.380854686894327],[-52.03151840604954,-29.38084156488622],[-52.0315043874175,-29.382707292107778],[-52.03349672569328,-29.3827204141158]]]}},{"type":"Feature","properties":{"id_grade":"200ME51978N80756","pop":6,"dom":2,"universo_dom":"domicilios_ocupados_grade_ibge_2022","na_bacia":1,"area_pct_bacia":100.0,"metodo_recorte_bacia":"ponto_representativo_grade_2022; area_pct_geometrica","status_borda_bacia":"total","metodo_area_bacia":"interseção geométrica em EPSG:5880","metodo_na_bacia":"ponto_representativo_grade_2022_within_bacia","pop_n_validos":1,"pop_n_total":1,"pop_completude":1.0,"dom_n_validos":1,"dom_n_total":1,"dom_completude":1.0},"geometry":{"type":"Polygon","coordinates":[[[-52.0295120482424,-29.382694157509327],[-52.02952608216293,-29.380828430287792],[-52.02753375737694,-29.380815282199507],[-52.02751970996661,-29.38268100942099],[-52.0295120482424,-29.382694157509327]]]}},{"type":"Feature","properties":{"id_grade":"200ME51972N80758","pop":3,"dom":1,"universo_dom":"domicilios_ocupados_grade_ibge_2022","na_bacia":1,"area_pct_bacia":100.0,"metodo_recorte_bacia":"ponto_representativo_grade_2022; area_pct_geometrica","status_borda_bacia":"total","metodo_area_bacia":"interseção geométrica em EPSG:5880","metodo_na_bacia":"ponto_representativo_grade_2022_within_bacia","pop_n_validos":1,"pop_n_total":1,"pop_completude":1.0,"dom_n_validos":1,"dom_n_total":1,"dom_completude":1.0},"geometry":{"type":"Polygon","coordinates":[[[-52.03550305562146,-29.380867794513],[-52.03551704637454,-29.379002087076586],[-52.03352473597772,-29.378988979457773],[-52.03351073083553,-29.380854686894327],[-52.03550305562146,-29.380867794513]]]}},{"type":"Feature","properties":{"id_grade":"200ME51974N80758","pop":4,"dom":1,"universo_dom":"domicilios_ocupados_grade_ibge_2022","na_bacia":1,"area_pct_bacia":100.0,"metodo_recorte_bacia":"ponto_representativo_grade_2022; area_pct_geometrica","status_borda_bacia":"total","metodo_area_bacia":"interseção geométrica em EPSG:5880","metodo_na_bacia":"ponto_representativo_grade_2022_within_bacia","pop_n_validos":1,"pop_n_total":1,"pop_completude":1.0,"dom_n_validos":1,"dom_n_total":1,"dom_completude":1.0},"geometry":{"type":"Polygon","coordinates":[[[-52.03351073083553,-29.380854686894327],[-52.03352473597772,-29.378988979457773],[-52.031532425580906,-29.378975858349126],[-52.03151840604954,-29.38084156488622],[-52.03351073083553,-29.380854686894327]]]}},{"type":"Feature","properties":{"id_grade":"200ME51970N80760","pop":4,"dom":1,"universo_dom":"domicilios_ocupados_grade_ibge_2022","na_bacia":1,"area_pct_bacia":100.0,"metodo_recorte_bacia":"ponto_representativo_grade_2022; area_pct_geometrica","status_borda_bacia":"total","metodo_area_bacia":"interseção geométrica em EPSG:5880","metodo_na_bacia":"ponto_representativo_grade_2022_within_bacia","pop_n_validos":1,"pop_n_total":1,"pop_completude":1.0,"dom_n_validos":1,"dom_n_total":1,"dom_completude":1.0},"geometry":{"type":"Polygon","coordinates":[[[-52.037509356771345,-29.379015182104936],[-52.037523333135255,-29.377149494453608],[-52.03553103622829,-29.377136400324556],[-52.03551704637454,-29.379002087076586],[-52.037509356771345,-29.379015182104936]]]}},{"type":"Feature","properties":{"id_grade":"200ME51972N80760","pop":2,"dom":2,"universo_dom":"domicilios_ocupados_grade_ibge_2022","na_bacia":1,"area_pct_bacia":100.0,"metodo_recorte_bacia":"ponto_representativo_grade_2022; area_pct_geometrica","status_borda_bacia":"total","metodo_area_bacia":"interseção geométrica em EPSG:5880","metodo_na_bacia":"ponto_representativo_grade_2022_within_bacia","pop_n_validos":1,"pop_n_total":1,"pop_completude":1.0,"dom_n_validos":1,"dom_n_total":1,"dom_completude":1.0},"geometry":{"type":"Polygon","coordinates":[[[-52.03551704637454,-29.379002087076586],[-52.03553103622829,-29.377136400324556],[-52.03353874022065,-29.377123291806367],[-52.03352473597772,-29.378988979457773],[-52.03551704637454,-29.379002087076586]]]}},{"type":"Feature","properties":{"id_grade":"200ME51970N80762","pop":19,"dom":9,"universo_dom":"domicilios_ocupados_grade_ibge_2022","na_bacia":1,"area_pct_bacia":100.0,"metodo_recorte_bacia":"ponto_representativo_grade_2022; area_pct_geometrica","status_borda_bacia":"total","metodo_area_bacia":"interseção geométrica em EPSG:5880","metodo_na_bacia":"ponto_representativo_grade_2022_within_bacia","pop_n_validos":1,"pop_n_total":1,"pop_completude":1.0,"dom_n_validos":1,"dom_n_total":1,"dom_completude":1.0},"geometry":{"type":"Polygon","coordinates":[[[-52.037523333135255,-29.377149494453608],[-52.03753730949922,-29.375283826587363],[-52.03554502698137,-29.37527073245839],[-52.03553103622829,-29.377136400324556],[-52.037523333135255,-29.377149494453608]]]}},{"type":"Feature","properties":{"id_grade":"200ME51970N80764","pop":10,"dom":4,"universo_dom":"domicilios_ocupados_grade_ibge_2022","na_bacia":1,"area_pct_bacia":100.0,"metodo_recorte_bacia":"ponto_representativo_grade_2022; area_pct_geometrica","status_borda_bacia":"total","metodo_area_bacia":"interseção geométrica em EPSG:5880","metodo_na_bacia":"ponto_representativo_grade_2022_within_bacia","pop_n_validos":1,"pop_n_total":1,"pop_completude":1.0,"dom_n_validos":1,"dom_n_total":1,"dom_completude":1.0},"geometry":{"type":"Polygon","coordinates":[[[-52.03753730949922,-29.375283826587363],[-52.0375512849638,-29.373418179405448],[-52.03555901683512,-29.37340508617573],[-52.03554502698137,-29.37527073245839],[-52.03753730949922,-29.375283826587363]]]}},{"type":"Feature","properties":{"id_grade":"200ME51972N80764","pop":9,"dom":4,"universo_dom":"domicilios_ocupados_grade_ibge_2022","na_bacia":1,"area_pct_bacia":100.0,"metodo_recorte_bacia":"ponto_representativo_grade_2022; area_pct_geometrica","status_borda_bacia":"total","metodo_area_bacia":"interseção geométrica em EPSG:5880","metodo_na_bacia":"ponto_representativo_grade_2022_within_bacia","pop_n_validos":1,"pop_n_total":1,"pop_completude":1.0,"dom_n_validos":1,"dom_n_total":1,"dom_completude":1.0},"geometry":{"type":"Polygon","coordinates":[[[-52.03554502698137,-29.37527073245839],[-52.03555901683512,-29.37340508617573],[-52.03356674870645,-29.37339197855693],[-52.03355274446352,-29.37525762483949],[-52.03554502698137,-29.37527073245839]]]}},{"type":"Feature","properties":{"id_grade":"200ME51976N80764","pop":2,"dom":1,"universo_dom":"domicilios_ocupados_grade_ibge_2022","na_bacia":1,"area_pct_bacia":100.0,"metodo_recorte_bacia":"ponto_representativo_grade_2022; area_pct_geometrica","status_borda_bacia":"total","metodo_area_bacia":"interseção geométrica em EPSG:5880","metodo_na_bacia":"ponto_representativo_grade_2022_within_bacia","pop_n_validos":1,"pop_n_total":1,"pop_completude":1.0,"dom_n_validos":1,"dom_n_total":1,"dom_completude":1.0},"geometry":{"type":"Polygon","coordinates":[[[-52.03156046284505,-29.37524450463013],[-52.031574480577774,-29.37337885744824],[-52.02958221334842,-29.373365723749146],[-52.0295681803272,-29.37523137003165],[-52.03156046284505,-29.37524450463013]]]}},{"type":"Feature","properties":{"id_grade":"200ME51970N80766","pop":8,"dom":4,"universo_dom":"domicilios_ocupados_grade_ibge_2022","na_bacia":1,"area_pct_bacia":100.0,"metodo_recorte_bacia":"ponto_representativo_grade_2022; area_pct_geometrica","status_borda_bacia":"total","metodo_area_bacia":"interseção geométrica em EPSG:5880","metodo_na_bacia":"ponto_representativo_grade_2022_within_bacia","pop_n_validos":1,"pop_n_total":1,"pop_completude":1.0,"dom_n_validos":1,"dom_n_total":1,"dom_completude":1.0},"geometry":{"type":"Polygon","coordinates":[[[-52.0375512849638,-29.373418179405448],[-52.03756526042838,-29.37155255290789],[-52.035573006688885,-29.371539458778948],[-52.03555901683512,-29.37340508617573],[-52.0375512849638,-29.373418179405448]]]}},{"type":"Feature","properties":{"id_grade":"200ME51972N80766","pop":3,"dom":1,"universo_dom":"domicilios_ocupados_grade_ibge_2022","na_bacia":1,"area_pct_bacia":100.0,"metodo_recorte_bacia":"ponto_representativo_grade_2022; area_pct_geometrica","status_borda_bacia":"total","metodo_area_bacia":"interseção geométrica em EPSG:5880","metodo_na_bacia":"ponto_representativo_grade_2022_within_bacia","pop_n_validos":1,"pop_n_total":1,"pop_completude":1.0,"dom_n_validos":1,"dom_n_total":1,"dom_completude":1.0},"geometry":{"type":"Polygon","coordinates":[[[-52.03555901683512,-29.37340508617573],[-52.035573006688885,-29.371539458778948],[-52.03358075294931,-29.37152635205941],[-52.03356674870645,-29.37339197855693],[-52.03555901683512,-29.37340508617573]]]}},{"type":"Feature","properties":{"id_grade":"200ME51970N80768","pop":3,"dom":1,"universo_dom":"domicilios_ocupados_grade_ibge_2022","na_bacia":1,"area_pct_bacia":100.0,"metodo_recorte_bacia":"ponto_representativo_grade_2022; area_pct_geometrica","status_borda_bacia":"total","metodo_area_bacia":"interseção geométrica em EPSG:5880","metodo_na_bacia":"ponto_representativo_grade_2022_within_bacia","pop_n_validos":1,"pop_n_total":1,"pop_completude":1.0,"dom_n_validos":1,"dom_n_total":1,"dom_completude":1.0},"geometry":{"type":"Polygon","coordinates":[[[-52.03756526042838,-29.37155255290789],[-52.03757923589296,-29.3696869461956],[-52.035586995643314,-29.36967385206657],[-52.035573006688885,-29.371539458778948],[-52.03756526042838,-29.37155255290789]]]}},{"type":"Feature","properties":{"id_grade":"200ME51972N80768","pop":6,"dom":2,"universo_dom":"domicilios_ocupados_grade_ibge_2022","na_bacia":1,"area_pct_bacia":100.0,"metodo_recorte_bacia":"ponto_representativo_grade_2022; area_pct_geometrica","status_borda_bacia":"total","metodo_area_bacia":"interseção geométrica em EPSG:5880","metodo_na_bacia":"ponto_representativo_grade_2022_within_bacia","pop_n_validos":1,"pop_n_total":1,"pop_completude":1.0,"dom_n_validos":1,"dom_n_total":1,"dom_completude":1.0},"geometry":{"type":"Polygon","coordinates":[[[-52.035573006688885,-29.371539458778948],[-52.035586995643314,-29.36967385206657],[-52.03359475629293,-29.369660745347083],[-52.03358075294931,-29.37152635205941],[-52.035573006688885,-29.371539458778948]]]}},{"type":"Feature","properties":{"id_grade":"200ME51978N80768","pop":4,"dom":1,"universo_dom":"domicilios_ocupados_grade_ibge_2022","na_bacia":1,"area_pct_bacia":100.0,"metodo_recorte_bacia":"ponto_representativo_grade_2022; area_pct_geometrica","status_borda_bacia":"total","metodo_area_bacia":"interseção geométrica em EPSG:5880","metodo_na_bacia":"ponto_representativo_grade_2022_within_bacia","pop_n_validos":1,"pop_n_total":1,"pop_completude":1.0,"dom_n_validos":1,"dom_n_total":1,"dom_completude":1.0},"geometry":{"type":"Polygon","coordinates":[[[-52.02959624547032,-29.371500098151035],[-52.02961027759221,-29.369634492337926],[-52.027618038241826,-29.369621345148914],[-52.027603991730814,-29.37148695096195],[-52.02959624547032,-29.371500098151035]]]}},{"type":"Feature","properties":{"id_grade":"200ME51970N80770","pop":11,"dom":6,"universo_dom":"domicilios_ocupados_grade_ibge_2022","na_bacia":1,"area_pct_bacia":100.0,"metodo_recorte_bacia":"ponto_representativo_grade_2022; area_pct_geometrica","status_borda_bacia":"total","metodo_area_bacia":"interseção geométrica em EPSG:5880","metodo_na_bacia":"ponto_representativo_grade_2022_within_bacia","pop_n_validos":1,"pop_n_total":1,"pop_completude":1.0,"dom_n_validos":1,"dom_n_total":1,"dom_completude":1.0},"geometry":{"type":"Polygon","coordinates":[[[-52.03757923589296,-29.3696869461956],[-52.0375932113576,-29.367821359268227],[-52.03560098549707,-29.36780826603851],[-52.035586995643314,-29.36967385206657],[-52.03757923589296,-29.3696869461956]]]}},{"type":"Feature","properties":{"id_grade":"200ME51972N80770","pop":6,"dom":2,"universo_dom":"domicilios_ocupados_grade_ibge_2022","na_bacia":1,"area_pct_bacia":100.0,"metodo_recorte_bacia":"ponto_representativo_grade_2022; area_pct_geometrica","status_borda_bacia":"total","metodo_area_bacia":"interseção geométrica em EPSG:5880","metodo_na_bacia":"ponto_representativo_grade_2022_within_bacia","pop_n_validos":1,"pop_n_total":1,"pop_completude":1.0,"dom_n_validos":1,"dom_n_total":1,"dom_completude":1.0},"geometry":{"type":"Polygon","coordinates":[[[-52.035586995643314,-29.36967385206657],[-52.03560098549707,-29.36780826603851],[-52.03360875963648,-29.367795159319073],[-52.03359475629293,-29.369660745347083],[-52.035586995643314,-29.36967385206657]]]}},{"type":"Feature","properties":{"id_grade":"200ME51976N80770","pop":2,"dom":1,"universo_dom":"domicilios_ocupados_grade_ibge_2022","na_bacia":1,"area_pct_bacia":100.0,"metodo_recorte_bacia":"ponto_representativo_grade_2022; area_pct_geometrica","status_borda_bacia":"total","metodo_area_bacia":"interseção geométrica em EPSG:5880","metodo_na_bacia":"ponto_representativo_grade_2022_within_bacia","pop_n_validos":1,"pop_n_total":1,"pop_completude":1.0,"dom_n_validos":1,"dom_n_total":1,"dom_completude":1.0},"geometry":{"type":"Polygon","coordinates":[[[-52.031602516942534,-29.369647625137763],[-52.031616534675265,-29.367782040009082],[-52.02962430971411,-29.367768906309994],[-52.02961027759221,-29.369634492337926],[-52.031602516942534,-29.369647625137763]]]}},{"type":"Feature","properties":{"id_grade":"200ME51986N80742","pop":5,"dom":2,"universo_dom":"domicilios_ocupados_grade_ibge_2022","na_bacia":1,"area_pct_bacia":100.0,"metodo_recorte_bacia":"ponto_representativo_grade_2022; area_pct_geometrica","status_borda_bacia":"total","metodo_area_bacia":"interseção geométrica em EPSG:5880","metodo_na_bacia":"ponto_representativo_grade_2022_within_bacia","pop_n_validos":1,"pop_n_total":1,"pop_completude":1.0,"dom_n_validos":1,"dom_n_total":1,"dom_completude":1.0},"geometry":{"type":"Polygon","coordinates":[[[-52.02144406019516,-29.395702134146166],[-52.021458151672334,-29.393836266630363],[-52.01946572886027,-29.393823063683367],[-52.01945162299398,-29.39568893119916],[-52.02144406019516,-29.395702134146166]]]}},{"type":"Feature","properties":{"id_grade":"200ME51980N80744","pop":10,"dom":3,"universo_dom":"domicilios_ocupados_grade_ibge_2022","na_bacia":1,"area_pct_bacia":100.0,"metodo_recorte_bacia":"ponto_representativo_grade_2022; area_pct_geometrica","status_borda_bacia":"total","metodo_area_bacia":"interseção geométrica em EPSG:5880","metodo_na_bacia":"ponto_representativo_grade_2022_within_bacia","pop_n_validos":1,"pop_n_total":1,"pop_completude":1.0,"dom_n_validos":1,"dom_n_total":1,"dom_completude":1.0},"geometry":{"type":"Polygon","coordinates":[[[-52.02743542100785,-29.393875795431587],[-52.0274494693175,-29.392009946801583],[-52.02545705999528,-29.391996784324043],[-52.02544299729646,-29.393862632054738],[-52.02743542100785,-29.393875795431587]]]}},{"type":"Feature","properties":{"id_grade":"200ME51982N80744","pop":10,"dom":4,"universo_dom":"domicilios_ocupados_grade_ibge_2022","na_bacia":1,"area_pct_bacia":100.0,"metodo_recorte_bacia":"ponto_representativo_grade_2022; area_pct_geometrica","status_borda_bacia":"total","metodo_area_bacia":"interseção geométrica em EPSG:5880","metodo_na_bacia":"ponto_representativo_grade_2022_within_bacia","pop_n_validos":1,"pop_n_total":1,"pop_completude":1.0,"dom_n_validos":1,"dom_n_total":1,"dom_completude":1.0},"geometry":{"type":"Polygon","coordinates":[[[-52.02544299729646,-29.393862632054738],[-52.02545705999528,-29.391996784324043],[-52.0234646515724,-29.391983608356725],[-52.0234505744844,-29.393849456087462],[-52.02544299729646,-29.393862632054738]]]}},{"type":"Feature","properties":{"id_grade":"200ME51984N80744","pop":1,"dom":1,"universo_dom":"domicilios_ocupados_grade_ibge_2022","na_bacia":1,"area_pct_bacia":100.0,"metodo_recorte_bacia":"ponto_representativo_grade_2022; area_pct_geometrica","status_borda_bacia":"total","metodo_area_bacia":"interseção geométrica em EPSG:5880","metodo_na_bacia":"ponto_representativo_grade_2022_within_bacia","pop_n_validos":1,"pop_n_total":1,"pop_completude":1.0,"dom_n_validos":1,"dom_n_total":1,"dom_completude":1.0},"geometry":{"type":"Polygon","coordinates":[[[-52.0234505744844,-29.393849456087462],[-52.0234646515724,-29.391983608356725],[-52.02147224225013,-29.391970418899692],[-52.021458151672334,-29.393836266630363],[-52.0234505744844,-29.393849456087462]]]}},{"type":"Feature","properties":{"id_grade":"200ME51988N80744","pop":2,"dom":1,"universo_dom":"domicilios_ocupados_grade_ibge_2022","na_bacia":1,"area_pct_bacia":100.0,"metodo_recorte_bacia":"ponto_representativo_grade_2022; area_pct_geometrica","status_borda_bacia":"total","metodo_area_bacia":"interseção geométrica em EPSG:5880","metodo_na_bacia":"ponto_representativo_grade_2022_within_bacia","pop_n_validos":1,"pop_n_total":1,"pop_completude":1.0,"dom_n_validos":1,"dom_n_total":1,"dom_completude":1.0},"geometry":{"type":"Polygon","coordinates":[[[-52.01946572886027,-29.393823063683367],[-52.01947983382723,-29.39195721595268],[-52.01748742540434,-29.391944000415208],[-52.0174733060482,-29.393809847246622],[-52.01946572886027,-29.393823063683367]]]}},{"type":"Feature","properties":{"id_grade":"200ME51982N80746","pop":10,"dom":3,"universo_dom":"domicilios_ocupados_grade_ibge_2022","na_bacia":1,"area_pct_bacia":100.0,"metodo_recorte_bacia":"ponto_representativo_grade_2022; area_pct_geometrica","status_borda_bacia":"total","metodo_area_bacia":"interseção geométrica em EPSG:5880","metodo_na_bacia":"ponto_representativo_grade_2022_within_bacia","pop_n_validos":1,"pop_n_total":1,"pop_completude":1.0,"dom_n_validos":1,"dom_n_total":1,"dom_completude":1.0},"geometry":{"type":"Polygon","coordinates":[[[-52.02545705999528,-29.391996784324043],[-52.025471122694114,-29.390130956378535],[-52.02347872866033,-29.390117780411146],[-52.0234646515724,-29.391983608356725],[-52.02545705999528,-29.391996784324043]]]}},{"type":"Feature","properties":{"id_grade":"200ME51982N80748","pop":5,"dom":3,"universo_dom":"domicilios_ocupados_grade_ibge_2022","na_bacia":1,"area_pct_bacia":100.0,"metodo_recorte_bacia":"ponto_representativo_grade_2022; area_pct_geometrica","status_borda_bacia":"total","metodo_area_bacia":"interseção geométrica em EPSG:5880","metodo_na_bacia":"ponto_representativo_grade_2022_within_bacia","pop_n_validos":1,"pop_n_total":1,"pop_completude":1.0,"dom_n_validos":1,"dom_n_total":1,"dom_completude":1.0},"geometry":{"type":"Polygon","coordinates":[[[-52.025471122694114,-29.390130956378535],[-52.02548518539294,-29.388265149117267],[-52.02349280484901,-29.388251973149956],[-52.02347872866033,-29.390117780411146],[-52.025471122694114,-29.390130956378535]]]}},{"type":"Feature","properties":{"id_grade":"200ME51980N80750","pop":6,"dom":3,"universo_dom":"domicilios_ocupados_grade_ibge_2022","na_bacia":1,"area_pct_bacia":100.0,"metodo_recorte_bacia":"ponto_representativo_grade_2022; area_pct_geometrica","status_borda_bacia":"total","metodo_area_bacia":"interseção geométrica em EPSG:5880","metodo_na_bacia":"ponto_representativo_grade_2022_within_bacia","pop_n_validos":1,"pop_n_total":1,"pop_completude":1.0,"dom_n_validos":1,"dom_n_total":1,"dom_completude":1.0},"geometry":{"type":"Polygon","coordinates":[[[-52.027477565936856,-29.38827831159477],[-52.02749161424657,-29.386412523219345],[-52.02549924809176,-29.386399361641153],[-52.02548518539294,-29.388265149117267],[-52.027477565936856,-29.38827831159477]]]}},{"type":"Feature","properties":{"id_grade":"200ME51984N80750","pop":3,"dom":1,"universo_dom":"domicilios_ocupados_grade_ibge_2022","na_bacia":1,"area_pct_bacia":100.0,"metodo_recorte_bacia":"ponto_representativo_grade_2022; area_pct_geometrica","status_borda_bacia":"total","metodo_area_bacia":"interseção geométrica em EPSG:5880","metodo_na_bacia":"ponto_representativo_grade_2022_within_bacia","pop_n_validos":1,"pop_n_total":1,"pop_completude":1.0,"dom_n_validos":1,"dom_n_total":1,"dom_completude":1.0},"geometry":{"type":"Polygon","coordinates":[[[-52.02349280484901,-29.388251973149956],[-52.02350688193701,-29.38638618657321],[-52.02151451488293,-29.38637299711606],[-52.021500424305096,-29.388238784592215],[-52.02349280484901,-29.388251973149956]]]}},{"type":"Feature","properties":{"id_grade":"200ME51986N80750","pop":1,"dom":1,"universo_dom":"domicilios_ocupados_grade_ibge_2022","na_bacia":1,"area_pct_bacia":100.0,"metodo_recorte_bacia":"ponto_representativo_grade_2022; area_pct_geometrica","status_borda_bacia":"total","metodo_area_bacia":"interseção geométrica em EPSG:5880","metodo_na_bacia":"ponto_representativo_grade_2022_within_bacia","pop_n_validos":1,"pop_n_total":1,"pop_completude":1.0,"dom_n_validos":1,"dom_n_total":1,"dom_completude":1.0},"geometry":{"type":"Polygon","coordinates":[[[-52.021500424305096,-29.388238784592215],[-52.02151451488293,-29.38637299711606],[-52.01952214962745,-29.38635979596775],[-52.01950804466048,-29.388225582544607],[-52.021500424305096,-29.388238784592215]]]}},{"type":"Feature","properties":{"id_grade":"200ME51980N80752","pop":8,"dom":4,"universo_dom":"domicilios_ocupados_grade_ibge_2022","na_bacia":1,"area_pct_bacia":100.0,"metodo_recorte_bacia":"ponto_representativo_grade_2022; area_pct_geometrica","status_borda_bacia":"total","metodo_area_bacia":"interseção geométrica em EPSG:5880","metodo_na_bacia":"ponto_representativo_grade_2022_within_bacia","pop_n_validos":1,"pop_n_total":1,"pop_completude":1.0,"dom_n_validos":1,"dom_n_total":1,"dom_completude":1.0},"geometry":{"type":"Polygon","coordinates":[[[-52.02749161424657,-29.386412523219345],[-52.02750566255622,-29.384546756427568],[-52.02551330989133,-29.38453359484947],[-52.02549924809176,-29.386399361641153],[-52.02749161424657,-29.386412523219345]]]}},{"type":"Feature","properties":{"id_grade":"200ME51982N80752","pop":12,"dom":5,"universo_dom":"domicilios_ocupados_grade_ibge_2022","na_bacia":1,"area_pct_bacia":100.0,"metodo_recorte_bacia":"ponto_representativo_grade_2022; area_pct_geometrica","status_borda_bacia":"total","metodo_area_bacia":"interseção geométrica em EPSG:5880","metodo_na_bacia":"ponto_representativo_grade_2022_within_bacia","pop_n_validos":1,"pop_n_total":1,"pop_completude":1.0,"dom_n_validos":1,"dom_n_total":1,"dom_completude":1.0},"geometry":{"type":"Polygon","coordinates":[[[-52.02549924809176,-29.386399361641153],[-52.02551330989133,-29.38453359484947],[-52.02352095812569,-29.384520418882207],[-52.02350688193701,-29.38638618657321],[-52.02549924809176,-29.386399361641153]]]}},{"type":"Feature","properties":{"id_grade":"200ME51984N80752","pop":3,"dom":1,"universo_dom":"domicilios_ocupados_grade_ibge_2022","na_bacia":1,"area_pct_bacia":100.0,"metodo_recorte_bacia":"ponto_representativo_grade_2022; area_pct_geometrica","status_borda_bacia":"total","metodo_area_bacia":"interseção geométrica em EPSG:5880","metodo_na_bacia":"ponto_representativo_grade_2022_within_bacia","pop_n_validos":1,"pop_n_total":1,"pop_completude":1.0,"dom_n_validos":1,"dom_n_total":1,"dom_completude":1.0},"geometry":{"type":"Polygon","coordinates":[[[-52.02350688193701,-29.38638618657321],[-52.02352095812569,-29.384520418882207],[-52.02152860546073,-29.38450723122372],[-52.02151451488293,-29.38637299711606],[-52.02350688193701,-29.38638618657321]]]}},{"type":"Feature","properties":{"id_grade":"200ME51986N80752","pop":6,"dom":2,"universo_dom":"domicilios_ocupados_grade_ibge_2022","na_bacia":1,"area_pct_bacia":100.0,"metodo_recorte_bacia":"ponto_representativo_grade_2022; area_pct_geometrica","status_borda_bacia":"total","metodo_area_bacia":"interseção geométrica em EPSG:5880","metodo_na_bacia":"ponto_representativo_grade_2022_within_bacia","pop_n_validos":1,"pop_n_total":1,"pop_completude":1.0,"dom_n_validos":1,"dom_n_total":1,"dom_completude":1.0},"geometry":{"type":"Polygon","coordinates":[[[-52.02151451488293,-29.38637299711606],[-52.02152860546073,-29.38450723122372],[-52.019536253695094,-29.38449402917603],[-52.01952214962745,-29.38635979596775],[-52.02151451488293,-29.38637299711606]]]}},{"type":"Feature","properties":{"id_grade":"200ME51988N80752","pop":2,"dom":1,"universo_dom":"domicilios_ocupados_grade_ibge_2022","na_bacia":1,"area_pct_bacia":100.0,"metodo_recorte_bacia":"ponto_representativo_grade_2022; area_pct_geometrica","status_borda_bacia":"total","metodo_area_bacia":"interseção geométrica em EPSG:5880","metodo_na_bacia":"ponto_representativo_grade_2022_within_bacia","pop_n_validos":1,"pop_n_total":1,"pop_completude":1.0,"dom_n_validos":1,"dom_n_total":1,"dom_completude":1.0},"geometry":{"type":"Polygon","coordinates":[[[-52.01952214962745,-29.38635979596775],[-52.019536253695094,-29.38449402917603],[-52.017543902828834,-29.384480814537945],[-52.017529783472696,-29.386346580430317],[-52.01952214962745,-29.38635979596775]]]}},{"type":"Feature","properties":{"id_grade":"200ME51986N80754","pop":3,"dom":1,"universo_dom":"domicilios_ocupados_grade_ibge_2022","na_bacia":1,"area_pct_bacia":100.0,"metodo_recorte_bacia":"ponto_representativo_grade_2022; area_pct_geometrica","status_borda_bacia":"total","metodo_area_bacia":"interseção geométrica em EPSG:5880","metodo_na_bacia":"ponto_representativo_grade_2022_within_bacia","pop_n_validos":1,"pop_n_total":1,"pop_completude":1.0,"dom_n_validos":1,"dom_n_total":1,"dom_completude":1.0},"geometry":{"type":"Polygon","coordinates":[[[-52.02152860546073,-29.38450723122372],[-52.02154269603852,-29.382641484217086],[-52.01955035866206,-29.382628283068726],[-52.019536253695094,-29.38449402917603],[-52.02152860546073,-29.38450723122372]]]}},{"type":"Feature","properties":{"id_grade":"200ME51988N80754","pop":17,"dom":7,"universo_dom":"domicilios_ocupados_grade_ibge_2022","na_bacia":1,"area_pct_bacia":100.0,"metodo_recorte_bacia":"ponto_representativo_grade_2022; area_pct_geometrica","status_borda_bacia":"total","metodo_area_bacia":"interseção geométrica em EPSG:5880","metodo_na_bacia":"ponto_representativo_grade_2022_within_bacia","pop_n_validos":1,"pop_n_total":1,"pop_completude":1.0,"dom_n_validos":1,"dom_n_total":1,"dom_completude":1.0},"geometry":{"type":"Polygon","coordinates":[[[-52.019536253695094,-29.38449402917603],[-52.01955035866206,-29.382628283068726],[-52.01755802128559,-29.382615068430564],[-52.017543902828834,-29.384480814537945],[-52.019536253695094,-29.38449402917603]]]}},{"type":"Feature","properties":{"id_grade":"200ME51980N80756","pop":6,"dom":2,"universo_dom":"domicilios_ocupados_grade_ibge_2022","na_bacia":1,"area_pct_bacia":100.0,"metodo_recorte_bacia":"ponto_representativo_grade_2022; area_pct_geometrica","status_borda_bacia":"total","metodo_area_bacia":"interseção geométrica em EPSG:5880","metodo_na_bacia":"ponto_representativo_grade_2022_within_bacia","pop_n_validos":1,"pop_n_total":1,"pop_completude":1.0,"dom_n_validos":1,"dom_n_total":1,"dom_completude":1.0},"geometry":{"type":"Polygon","coordinates":[[[-52.02751970996661,-29.38268100942099],[-52.02753375737694,-29.380815282199507],[-52.025541433490325,-29.380802120621283],[-52.02552737169083,-29.382667847842818],[-52.02751970996661,-29.38268100942099]]]}},{"type":"Feature","properties":{"id_grade":"200ME51988N80756","pop":19,"dom":6,"universo_dom":"domicilios_ocupados_grade_ibge_2022","na_bacia":1,"area_pct_bacia":100.0,"metodo_recorte_bacia":"ponto_representativo_grade_2022; area_pct_geometrica","status_borda_bacia":"total","metodo_area_bacia":"interseção geométrica em EPSG:5880","metodo_na_bacia":"ponto_representativo_grade_2022_within_bacia","pop_n_validos":1,"pop_n_total":1,"pop_completude":1.0,"dom_n_validos":1,"dom_n_total":1,"dom_completude":1.0},"geometry":{"type":"Polygon","coordinates":[[[-52.01955035866206,-29.382628283068726],[-52.019564462729704,-29.380762556746543],[-52.01757213974241,-29.380749342108395],[-52.01755802128559,-29.382615068430564],[-52.01955035866206,-29.382628283068726]]]}},{"type":"Feature","properties":{"id_grade":"200ME51988N80758","pop":15,"dom":5,"universo_dom":"domicilios_ocupados_grade_ibge_2022","na_bacia":1,"area_pct_bacia":100.0,"metodo_recorte_bacia":"ponto_representativo_grade_2022; area_pct_geometrica","status_borda_bacia":"total","metodo_area_bacia":"interseção geométrica em EPSG:5880","metodo_na_bacia":"ponto_representativo_grade_2022_within_bacia","pop_n_validos":1,"pop_n_total":1,"pop_completude":1.0,"dom_n_validos":1,"dom_n_total":1,"dom_completude":1.0},"geometry":{"type":"Polygon","coordinates":[[[-52.019564462729704,-29.380762556746543],[-52.0195785667974,-29.378896851108713],[-52.01758625819923,-29.37888363736991],[-52.01757213974241,-29.380749342108395],[-52.019564462729704,-29.380762556746543]]]}},{"type":"Feature","properties":{"id_grade":"200ME51988N80760","pop":5,"dom":2,"universo_dom":"domicilios_ocupados_grade_ibge_2022","na_bacia":1,"area_pct_bacia":100.0,"metodo_recorte_bacia":"ponto_representativo_grade_2022; area_pct_geometrica","status_borda_bacia":"total","metodo_area_bacia":"interseção geométrica em EPSG:5880","metodo_na_bacia":"ponto_representativo_grade_2022_within_bacia","pop_n_validos":1,"pop_n_total":1,"pop_completude":1.0,"dom_n_validos":1,"dom_n_total":1,"dom_completude":1.0},"geometry":{"type":"Polygon","coordinates":[[[-52.0195785667974,-29.378896851108713],[-52.01959267086505,-29.37703116615536],[-52.01760037575667,-29.377017951517196],[-52.01758625819923,-29.37888363736991],[-52.0195785667974,-29.378896851108713]]]}},{"type":"Feature","properties":{"id_grade":"200ME52026N80718","pop":9,"dom":5,"universo_dom":"domicilios_ocupados_grade_ibge_2022","na_bacia":1,"area_pct_bacia":100.0,"metodo_recorte_bacia":"ponto_representativo_grade_2022; area_pct_geometrica","status_borda_bacia":"total","metodo_area_bacia":"interseção geométrica em EPSG:5880","metodo_na_bacia":"ponto_representativo_grade_2022_within_bacia","pop_n_validos":1,"pop_n_total":1,"pop_completude":1.0,"dom_n_validos":1,"dom_n_total":1,"dom_completude":1.0},"geometry":{"type":"Polygon","coordinates":[[[-51.98142284059157,-29.417827483551577],[-51.981437218053145,-29.415961376816043],[-51.979444629765794,-29.41594790587111],[-51.97943023791509,-29.417814011707286],[-51.98142284059157,-29.417827483551577]]]}},{"type":"Feature","properties":{"id_grade":"200ME52028N80718","pop":2,"dom":1,"universo_dom":"domicilios_ocupados_grade_ibge_2022","na_bacia":1,"area_pct_bacia":100.0,"metodo_recorte_bacia":"ponto_representativo_grade_2022; area_pct_geometrica","status_borda_bacia":"total","metodo_area_bacia":"interseção geométrica em EPSG:5880","metodo_na_bacia":"ponto_representativo_grade_2022_within_bacia","pop_n_validos":1,"pop_n_total":1,"pop_completude":1.0,"dom_n_validos":1,"dom_n_total":1,"dom_completude":1.0},"geometry":{"type":"Polygon","coordinates":[[[-51.97943023791509,-29.417814011707286],[-51.979444629765794,-29.41594790587111],[-51.97745204057918,-29.415934420537067],[-51.97743763433931,-29.417800526373064],[-51.97943023791509,-29.417814011707286]]]}},{"type":"Feature","properties":{"id_grade":"200ME52026N80720","pop":5,"dom":2,"universo_dom":"domicilios_ocupados_grade_ibge_2022","na_bacia":1,"area_pct_bacia":100.0,"metodo_recorte_bacia":"ponto_representativo_grade_2022; area_pct_geometrica","status_borda_bacia":"total","metodo_area_bacia":"interseção geométrica em EPSG:5880","metodo_na_bacia":"ponto_representativo_grade_2022_within_bacia","pop_n_validos":1,"pop_n_total":1,"pop_completude":1.0,"dom_n_validos":1,"dom_n_total":1,"dom_completude":1.0},"geometry":{"type":"Polygon","coordinates":[[[-51.981437218053145,-29.415961376816043],[-51.98145159551466,-29.414095290765008],[-51.97945902071717,-29.414081819820037],[-51.979444629765794,-29.41594790587111],[-51.981437218053145,-29.415961376816043]]]}},{"type":"Feature","properties":{"id_grade":"200ME52028N80722","pop":5,"dom":4,"universo_dom":"domicilios_ocupados_grade_ibge_2022","na_bacia":1,"area_pct_bacia":100.0,"metodo_recorte_bacia":"ponto_representativo_grade_2022; area_pct_geometrica","status_borda_bacia":"total","metodo_area_bacia":"interseção geométrica em EPSG:5880","metodo_na_bacia":"ponto_representativo_grade_2022_within_bacia","pop_n_validos":1,"pop_n_total":1,"pop_completude":1.0,"dom_n_validos":1,"dom_n_total":1,"dom_completude":1.0},"geometry":{"type":"Polygon","coordinates":[[[-51.97945902071717,-29.414081819820037],[-51.97947341256786,-29.412215754453523],[-51.977480852159545,-29.412202270018767],[-51.97746644681906,-29.414068335385306],[-51.97945902071717,-29.414081819820037]]]}},{"type":"Feature","properties":{"id_grade":"200ME52020N80726","pop":4,"dom":2,"universo_dom":"domicilios_ocupados_grade_ibge_2022","na_bacia":1,"area_pct_bacia":100.0,"metodo_recorte_bacia":"ponto_representativo_grade_2022; area_pct_geometrica","status_borda_bacia":"total","metodo_area_bacia":"interseção geométrica em EPSG:5880","metodo_na_bacia":"ponto_representativo_grade_2022_within_bacia","pop_n_validos":1,"pop_n_total":1,"pop_completude":1.0,"dom_n_validos":1,"dom_n_total":1,"dom_completude":1.0},"geometry":{"type":"Polygon","coordinates":[[[-51.98745799029399,-29.410403512612053],[-51.98747232548737,-29.408537486815636],[-51.9854797920587,-29.408524056340102],[-51.98546544337546,-29.4103900821365],[-51.98745799029399,-29.410403512612053]]]}},{"type":"Feature","properties":{"id_grade":"200ME52026N80726","pop":1,"dom":1,"universo_dom":"domicilios_ocupados_grade_ibge_2022","na_bacia":1,"area_pct_bacia":100.0,"metodo_recorte_bacia":"ponto_representativo_grade_2022; area_pct_geometrica","status_borda_bacia":"total","metodo_area_bacia":"interseção geométrica em EPSG:5880","metodo_na_bacia":"ponto_representativo_grade_2022_within_bacia","pop_n_validos":1,"pop_n_total":1,"pop_completude":1.0,"dom_n_validos":1,"dom_n_total":1,"dom_completude":1.0},"geometry":{"type":"Polygon","coordinates":[[[-51.98148035043777,-29.410363179816798],[-51.981494726999976,-29.408497154919672],[-51.97950219537001,-29.40848368487416],[-51.97948780351925,-29.410349708871948],[-51.98148035043777,-29.410363179816798]]]}},{"type":"Feature","properties":{"id_grade":"200ME52020N80728","pop":2,"dom":1,"universo_dom":"domicilios_ocupados_grade_ibge_2022","na_bacia":1,"area_pct_bacia":100.0,"metodo_recorte_bacia":"ponto_representativo_grade_2022; area_pct_geometrica","status_borda_bacia":"total","metodo_area_bacia":"interseção geométrica em EPSG:5880","metodo_na_bacia":"ponto_representativo_grade_2022_within_bacia","pop_n_validos":1,"pop_n_total":1,"pop_completude":1.0,"dom_n_validos":1,"dom_n_total":1,"dom_completude":1.0},"geometry":{"type":"Polygon","coordinates":[[[-51.98747232548737,-29.408537486815636],[-51.987486658882176,-29.406671481703512],[-51.985494140741935,-29.406658051228032],[-51.9854797920587,-29.408524056340102],[-51.98747232548737,-29.408537486815636]]]}},{"type":"Feature","properties":{"id_grade":"200ME52026N80728","pop":14,"dom":5,"universo_dom":"domicilios_ocupados_grade_ibge_2022","na_bacia":1,"area_pct_bacia":100.0,"metodo_recorte_bacia":"ponto_representativo_grade_2022; area_pct_geometrica","status_borda_bacia":"total","metodo_area_bacia":"interseção geométrica em EPSG:5880","metodo_na_bacia":"ponto_representativo_grade_2022_within_bacia","pop_n_validos":1,"pop_n_total":1,"pop_completude":1.0,"dom_n_validos":1,"dom_n_total":1,"dom_completude":1.0},"geometry":{"type":"Polygon","coordinates":[[[-51.981494726999976,-29.408497154919672],[-51.981509103562246,-29.406631150706964],[-51.97951658632138,-29.40661767976203],[-51.97950219537001,-29.40848368487416],[-51.981494726999976,-29.408497154919672]]]}},{"type":"Feature","properties":{"id_grade":"200ME52028N80728","pop":5,"dom":1,"universo_dom":"domicilios_ocupados_grade_ibge_2022","na_bacia":1,"area_pct_bacia":100.0,"metodo_recorte_bacia":"ponto_representativo_grade_2022; area_pct_geometrica","status_borda_bacia":"total","metodo_area_bacia":"interseção geométrica em EPSG:5880","metodo_na_bacia":"ponto_representativo_grade_2022_within_bacia","pop_n_validos":1,"pop_n_total":1,"pop_completude":1.0,"dom_n_validos":1,"dom_n_total":1,"dom_completude":1.0},"geometry":{"type":"Polygon","coordinates":[[[-51.97950219537001,-29.40848368487416],[-51.97951658632138,-29.40661767976203],[-51.97752406818113,-29.40660419622669],[-51.97750966284064,-29.40847020043937],[-51.97950219537001,-29.40848368487416]]]}},{"type":"Feature","properties":{"id_grade":"200ME52024N80730","pop":2,"dom":1,"universo_dom":"domicilios_ocupados_grade_ibge_2022","na_bacia":1,"area_pct_bacia":100.0,"metodo_recorte_bacia":"ponto_representativo_grade_2022; area_pct_geometrica","status_borda_bacia":"total","metodo_area_bacia":"interseção geométrica em EPSG:5880","metodo_na_bacia":"ponto_representativo_grade_2022_within_bacia","pop_n_validos":1,"pop_n_total":1,"pop_completude":1.0,"dom_n_validos":1,"dom_n_total":1,"dom_completude":1.0},"geometry":{"type":"Polygon","coordinates":[[[-51.98350162260175,-29.406644607262773],[-51.98351598477484,-29.40477862283514],[-51.981523480124444,-29.40476516537999],[-51.981509103562246,-29.406631150706964],[-51.98350162260175,-29.406644607262773]]]}},{"type":"Feature","properties":{"id_grade":"200ME52026N80730","pop":4,"dom":1,"universo_dom":"domicilios_ocupados_grade_ibge_2022","na_bacia":1,"area_pct_bacia":100.0,"metodo_recorte_bacia":"ponto_representativo_grade_2022; area_pct_geometrica","status_borda_bacia":"total","metodo_area_bacia":"interseção geométrica em EPSG:5880","metodo_na_bacia":"ponto_representativo_grade_2022_within_bacia","pop_n_validos":1,"pop_n_total":1,"pop_completude":1.0,"dom_n_validos":1,"dom_n_total":1,"dom_completude":1.0},"geometry":{"type":"Polygon","coordinates":[[[-51.981509103562246,-29.406631150706964],[-51.981523480124444,-29.40476516537999],[-51.97953097637344,-29.404751695334426],[-51.97951658632138,-29.40661767976203],[-51.981509103562246,-29.406631150706964]]]}},{"type":"Feature","properties":{"id_grade":"200ME52020N80732","pop":10,"dom":5,"universo_dom":"domicilios_ocupados_grade_ibge_2022","na_bacia":1,"area_pct_bacia":100.0,"metodo_recorte_bacia":"ponto_representativo_grade_2022; area_pct_geometrica","status_borda_bacia":"total","metodo_area_bacia":"interseção geométrica em EPSG:5880","metodo_na_bacia":"ponto_representativo_grade_2022_within_bacia","pop_n_validos":1,"pop_n_total":1,"pop_completude":1.0,"dom_n_validos":1,"dom_n_total":1,"dom_completude":1.0},"geometry":{"type":"Polygon","coordinates":[[[-51.98750099317623,-29.404805496376493],[-51.98751532657104,-29.40293953083464],[-51.985522836309826,-29.40292610125843],[-51.9855084885259,-29.404792065901137],[-51.98750099317623,-29.404805496376493]]]}},{"type":"Feature","properties":{"id_grade":"200ME52022N80732","pop":8,"dom":2,"universo_dom":"domicilios_ocupados_grade_ibge_2022","na_bacia":1,"area_pct_bacia":100.0,"metodo_recorte_bacia":"ponto_representativo_grade_2022; area_pct_geometrica","status_borda_bacia":"total","metodo_area_bacia":"interseção geométrica em EPSG:5880","metodo_na_bacia":"ponto_representativo_grade_2022_within_bacia","pop_n_validos":1,"pop_n_total":1,"pop_completude":1.0,"dom_n_validos":1,"dom_n_total":1,"dom_completude":1.0},"geometry":{"type":"Polygon","coordinates":[[[-51.9855084885259,-29.404792065901137],[-51.985522836309826,-29.40292610125843],[-51.98353034694793,-29.402912658192562],[-51.98351598477484,-29.40477862283514],[-51.9855084885259,-29.404792065901137]]]}},{"type":"Feature","properties":{"id_grade":"200ME52020N80734","pop":12,"dom":5,"universo_dom":"domicilios_ocupados_grade_ibge_2022","na_bacia":1,"area_pct_bacia":100.0,"metodo_recorte_bacia":"ponto_representativo_grade_2022; area_pct_geometrica","status_borda_bacia":"total","metodo_area_bacia":"interseção geométrica em EPSG:5880","metodo_na_bacia":"ponto_representativo_grade_2022_within_bacia","pop_n_validos":1,"pop_n_total":1,"pop_completude":1.0,"dom_n_validos":1,"dom_n_total":1,"dom_completude":1.0},"geometry":{"type":"Polygon","coordinates":[[[-51.98751532657104,-29.40293953083464],[-51.98752965996579,-29.401073586876475],[-51.98553718409374,-29.401060156401037],[-51.985522836309826,-29.40292610125843],[-51.98751532657104,-29.40293953083464]]]}},{"type":"Feature","properties":{"id_grade":"200ME52022N80734","pop":10,"dom":4,"universo_dom":"domicilios_ocupados_grade_ibge_2022","na_bacia":1,"area_pct_bacia":100.0,"metodo_recorte_bacia":"ponto_representativo_grade_2022; area_pct_geometrica","status_borda_bacia":"total","metodo_area_bacia":"interseção geométrica em EPSG:5880","metodo_na_bacia":"ponto_representativo_grade_2022_within_bacia","pop_n_validos":1,"pop_n_total":1,"pop_completude":1.0,"dom_n_validos":1,"dom_n_total":1,"dom_completude":1.0},"geometry":{"type":"Polygon","coordinates":[[[-51.985522836309826,-29.40292610125843],[-51.98553718409374,-29.401060156401037],[-51.98354470822165,-29.401046713335216],[-51.98353034694793,-29.402912658192562],[-51.985522836309826,-29.40292610125843]]]}},{"type":"Feature","properties":{"id_grade":"200ME52026N80734","pop":3,"dom":1,"universo_dom":"domicilios_ocupados_grade_ibge_2022","na_bacia":1,"area_pct_bacia":100.0,"metodo_recorte_bacia":"ponto_representativo_grade_2022; area_pct_geometrica","status_borda_bacia":"total","metodo_area_bacia":"interseção geométrica em EPSG:5880","metodo_na_bacia":"ponto_representativo_grade_2022_within_bacia","pop_n_validos":1,"pop_n_total":1,"pop_completude":1.0,"dom_n_validos":1,"dom_n_total":1,"dom_completude":1.0},"geometry":{"type":"Polygon","coordinates":[[[-51.98153785668671,-29.402899201636895],[-51.98155223324892,-29.401033257678634],[-51.979559757376876,-29.401019787633068],[-51.97954536732482,-29.402885731591205],[-51.98153785668671,-29.402899201636895]]]}},{"type":"Feature","properties":{"id_grade":"200ME52028N80736","pop":3,"dom":1,"universo_dom":"domicilios_ocupados_grade_ibge_2022","na_bacia":1,"area_pct_bacia":100.0,"metodo_recorte_bacia":"ponto_representativo_grade_2022; area_pct_geometrica","status_borda_bacia":"total","metodo_area_bacia":"interseção geométrica em EPSG:5880","metodo_na_bacia":"ponto_representativo_grade_2022_within_bacia","pop_n_validos":1,"pop_n_total":1,"pop_completude":1.0,"dom_n_validos":1,"dom_n_total":1,"dom_completude":1.0},"geometry":{"type":"Polygon","coordinates":[[[-51.979559757376876,-29.401019787633068],[-51.979574147428934,-29.39915386435937],[-51.977581686845326,-29.399140381723207],[-51.977567282404095,-29.401006304996955],[-51.979559757376876,-29.401019787633068]]]}},{"type":"Feature","properties":{"id_grade":"200ME52026N80738","pop":7,"dom":1,"universo_dom":"domicilios_ocupados_grade_ibge_2022","na_bacia":1,"area_pct_bacia":100.0,"metodo_recorte_bacia":"ponto_representativo_grade_2022; area_pct_geometrica","status_borda_bacia":"total","metodo_area_bacia":"interseção geométrica em EPSG:5880","metodo_na_bacia":"ponto_representativo_grade_2022_within_bacia","pop_n_validos":1,"pop_n_total":1,"pop_completude":1.0,"dom_n_validos":1,"dom_n_total":1,"dom_completude":1.0},"geometry":{"type":"Polygon","coordinates":[[[-51.981566608911805,-29.399167333505595],[-51.981580984574755,-29.3973014300169],[-51.97958853748099,-29.39728796087064],[-51.979574147428934,-29.39915386435937],[-51.981566608911805,-29.399167333505595]]]}},{"type":"Feature","properties":{"id_grade":"200ME52028N80738","pop":9,"dom":2,"universo_dom":"domicilios_ocupados_grade_ibge_2022","na_bacia":1,"area_pct_bacia":100.0,"metodo_recorte_bacia":"ponto_representativo_grade_2022; area_pct_geometrica","status_borda_bacia":"total","metodo_area_bacia":"interseção geométrica em EPSG:5880","metodo_na_bacia":"ponto_representativo_grade_2022_within_bacia","pop_n_validos":1,"pop_n_total":1,"pop_completude":1.0,"dom_n_validos":1,"dom_n_total":1,"dom_completude":1.0},"geometry":{"type":"Polygon","coordinates":[[[-51.979574147428934,-29.39915386435937],[-51.97958853748099,-29.39728796087064],[-51.97759609038723,-29.397274478234596],[-51.977581686845326,-29.399140381723207],[-51.979574147428934,-29.39915386435937]]]}},{"type":"Feature","properties":{"id_grade":"200ME52022N80742","pop":3,"dom":1,"universo_dom":"domicilios_ocupados_grade_ibge_2022","na_bacia":1,"area_pct_bacia":100.0,"metodo_recorte_bacia":"ponto_representativo_grade_2022; area_pct_geometrica","status_borda_bacia":"total","metodo_area_bacia":"interseção geométrica em EPSG:5880","metodo_na_bacia":"ponto_representativo_grade_2022_within_bacia","pop_n_validos":1,"pop_n_total":1,"pop_completude":1.0,"dom_n_validos":1,"dom_n_total":1,"dom_completude":1.0},"geometry":{"type":"Polygon","coordinates":[[[-51.985580226546176,-29.395462445035754],[-51.985594573430774,-29.39359658111727],[-51.983602154215994,-29.393583138950582],[-51.983587792942274,-29.395449002869125],[-51.985580226546176,-29.395462445035754]]]}},{"type":"Feature","properties":{"id_grade":"200ME52026N80742","pop":2,"dom":1,"universo_dom":"domicilios_ocupados_grade_ibge_2022","na_bacia":1,"area_pct_bacia":100.0,"metodo_recorte_bacia":"ponto_representativo_grade_2022; area_pct_geometrica","status_borda_bacia":"total","metodo_area_bacia":"interseção geométrica em EPSG:5880","metodo_na_bacia":"ponto_representativo_grade_2022_within_bacia","pop_n_validos":1,"pop_n_total":1,"pop_completude":1.0,"dom_n_validos":1,"dom_n_total":1,"dom_completude":1.0},"geometry":{"type":"Polygon","coordinates":[[[-51.981595360237634,-29.39543554721272],[-51.9816097350012,-29.393569684193558],[-51.97961731668579,-29.393556215047198],[-51.97960292663374,-29.39542207806642],[-51.981595360237634,-29.39543554721272]]]}},{"type":"Feature","properties":{"id_grade":"200ME52028N80742","pop":6,"dom":2,"universo_dom":"domicilios_ocupados_grade_ibge_2022","na_bacia":1,"area_pct_bacia":100.0,"metodo_recorte_bacia":"ponto_representativo_grade_2022; area_pct_geometrica","status_borda_bacia":"total","metodo_area_bacia":"interseção geométrica em EPSG:5880","metodo_na_bacia":"ponto_representativo_grade_2022_within_bacia","pop_n_validos":1,"pop_n_total":1,"pop_completude":1.0,"dom_n_validos":1,"dom_n_total":1,"dom_completude":1.0},"geometry":{"type":"Polygon","coordinates":[[[-51.97960292663374,-29.39542207806642],[-51.97961731668579,-29.393556215047198],[-51.97762489837032,-29.3935427333104],[-51.977610493929085,-29.395408595430286],[-51.97960292663374,-29.39542207806642]]]}},{"type":"Feature","properties":{"id_grade":"200ME52020N80744","pop":4,"dom":1,"universo_dom":"domicilios_ocupados_grade_ibge_2022","na_bacia":1,"area_pct_bacia":100.0,"metodo_recorte_bacia":"ponto_representativo_grade_2022; area_pct_geometrica","status_borda_bacia":"total","metodo_area_bacia":"interseção geométrica em EPSG:5880","metodo_na_bacia":"ponto_representativo_grade_2022_within_bacia","pop_n_validos":1,"pop_n_total":1,"pop_completude":1.0,"dom_n_validos":1,"dom_n_total":1,"dom_completude":1.0},"geometry":{"type":"Polygon","coordinates":[[[-51.98758699264556,-29.39361000979416],[-51.987601325140986,-29.391744166559985],[-51.98560891941605,-29.391730737883265],[-51.985594573430774,-29.39359658111727],[-51.98758699264556,-29.39361000979416]]]}},{"type":"Feature","properties":{"id_grade":"200ME52024N80744","pop":4,"dom":2,"universo_dom":"domicilios_ocupados_grade_ibge_2022","na_bacia":1,"area_pct_bacia":100.0,"metodo_recorte_bacia":"ponto_representativo_grade_2022; area_pct_geometrica","status_borda_bacia":"total","metodo_area_bacia":"interseção geométrica em EPSG:5880","metodo_na_bacia":"ponto_representativo_grade_2022_within_bacia","pop_n_validos":1,"pop_n_total":1,"pop_completude":1.0,"dom_n_validos":1,"dom_n_total":1,"dom_completude":1.0},"geometry":{"type":"Polygon","coordinates":[[[-51.983602154215994,-29.393583138950582],[-51.983616514590445,-29.391717295716642],[-51.98162410976483,-29.391703840959465],[-51.9816097350012,-29.393569684193558],[-51.983602154215994,-29.393583138950582]]]}},{"type":"Feature","properties":{"id_grade":"200ME52026N80744","pop":8,"dom":4,"universo_dom":"domicilios_ocupados_grade_ibge_2022","na_bacia":1,"area_pct_bacia":100.0,"metodo_recorte_bacia":"ponto_representativo_grade_2022; area_pct_geometrica","status_borda_bacia":"total","metodo_area_bacia":"interseção geométrica em EPSG:5880","metodo_na_bacia":"ponto_representativo_grade_2022_within_bacia","pop_n_validos":1,"pop_n_total":1,"pop_completude":1.0,"dom_n_validos":1,"dom_n_total":1,"dom_completude":1.0},"geometry":{"type":"Polygon","coordinates":[[[-51.9816097350012,-29.393569684193558],[-51.98162410976483,-29.391703840959465],[-51.97963170583853,-29.39169037271255],[-51.97961731668579,-29.393556215047198],[-51.9816097350012,-29.393569684193558]]]}},{"type":"Feature","properties":{"id_grade":"200ME52028N80744","pop":4,"dom":1,"universo_dom":"domicilios_ocupados_grade_ibge_2022","na_bacia":1,"area_pct_bacia":100.0,"metodo_recorte_bacia":"ponto_representativo_grade_2022; area_pct_geometrica","status_borda_bacia":"total","metodo_area_bacia":"interseção geométrica em EPSG:5880","metodo_na_bacia":"ponto_representativo_grade_2022_within_bacia","pop_n_validos":1,"pop_n_total":1,"pop_completude":1.0,"dom_n_validos":1,"dom_n_total":1,"dom_completude":1.0},"geometry":{"type":"Polygon","coordinates":[[[-51.97961731668579,-29.393556215047198],[-51.97963170583853,-29.39169037271255],[-51.977639301012914,-29.39167689097569],[-51.97762489837032,-29.3935427333104],[-51.97961731668579,-29.393556215047198]]]}},{"type":"Feature","properties":{"id_grade":"200ME52020N80746","pop":7,"dom":2,"universo_dom":"domicilios_ocupados_grade_ibge_2022","na_bacia":1,"area_pct_bacia":100.0,"metodo_recorte_bacia":"ponto_representativo_grade_2022; area_pct_geometrica","status_borda_bacia":"total","metodo_area_bacia":"interseção geométrica em EPSG:5880","metodo_na_bacia":"ponto_representativo_grade_2022_within_bacia","pop_n_validos":1,"pop_n_total":1,"pop_completude":1.0,"dom_n_validos":1,"dom_n_total":1,"dom_completude":1.0},"geometry":{"type":"Polygon","coordinates":[[[-51.987601325140986,-29.391744166559985],[-51.98761565763647,-29.389878343110993],[-51.98562326630065,-29.38986491533353],[-51.98560891941605,-29.391730737883265],[-51.987601325140986,-29.391744166559985]]]}},{"type":"Feature","properties":{"id_grade":"200ME52022N80746","pop":2,"dom":1,"universo_dom":"domicilios_ocupados_grade_ibge_2022","na_bacia":1,"area_pct_bacia":100.0,"metodo_recorte_bacia":"ponto_representativo_grade_2022; area_pct_geometrica","status_borda_bacia":"total","metodo_area_bacia":"interseção geométrica em EPSG:5880","metodo_na_bacia":"ponto_representativo_grade_2022_within_bacia","pop_n_validos":1,"pop_n_total":1,"pop_completude":1.0,"dom_n_validos":1,"dom_n_total":1,"dom_completude":1.0},"geometry":{"type":"Polygon","coordinates":[[[-51.98560891941605,-29.391730737883265],[-51.98562326630065,-29.38986491533353],[-51.98363087586421,-29.389851473166903],[-51.983616514590445,-29.391717295716642],[-51.98560891941605,-29.391730737883265]]]}},{"type":"Feature","properties":{"id_grade":"200ME52026N80746","pop":4,"dom":2,"universo_dom":"domicilios_ocupados_grade_ibge_2022","na_bacia":1,"area_pct_bacia":100.0,"metodo_recorte_bacia":"ponto_representativo_grade_2022; area_pct_geometrica","status_borda_bacia":"total","metodo_area_bacia":"interseção geométrica em EPSG:5880","metodo_na_bacia":"ponto_representativo_grade_2022_within_bacia","pop_n_validos":1,"pop_n_total":1,"pop_completude":1.0,"dom_n_validos":1,"dom_n_total":1,"dom_completude":1.0},"geometry":{"type":"Polygon","coordinates":[[[-51.98162410976483,-29.391703840959465],[-51.98163848542771,-29.389838018409744],[-51.97964609499127,-29.389824550162864],[-51.97963170583853,-29.39169037271255],[-51.98162410976483,-29.391703840959465]]]}},{"type":"Feature","properties":{"id_grade":"200ME52020N80802","pop":3,"dom":1,"universo_dom":"domicilios_ocupados_grade_ibge_2022","na_bacia":1,"area_pct_bacia":100.0,"metodo_recorte_bacia":"ponto_representativo_grade_2022; area_pct_geometrica","status_borda_bacia":"total","metodo_area_bacia":"interseção geométrica em EPSG:5880","metodo_na_bacia":"ponto_representativo_grade_2022_within_bacia","pop_n_validos":1,"pop_n_total":1,"pop_completude":1.0,"dom_n_validos":1,"dom_n_total":1,"dom_completude":1.0},"geometry":{"type":"Polygon","coordinates":[[[-51.98800255227593,-29.339508754225513],[-51.988016878476124,-29.337643496450173],[-51.9860248846407,-29.337630074967898],[-51.98601054405135,-29.339495332743347],[-51.98800255227593,-29.339508754225513]]]}},{"type":"Feature","properties":{"id_grade":"200ME52028N80808","pop":21,"dom":9,"universo_dom":"domicilios_ocupados_grade_ibge_2022","na_bacia":1,"area_pct_bacia":100.0,"metodo_recorte_bacia":"ponto_representativo_grade_2022; area_pct_geometrica","status_borda_bacia":"total","metodo_area_bacia":"interseção geométrica em EPSG:5880","metodo_na_bacia":"ponto_representativo_grade_2022_within_bacia","pop_n_validos":1,"pop_n_total":1,"pop_completude":1.0,"dom_n_validos":1,"dom_n_total":1,"dom_completude":1.0},"geometry":{"type":"Polygon","coordinates":[[[-51.980077670647916,-29.333859276984047],[-51.980092053505416,-29.331994081261794],[-51.97810010373678,-29.331980606719576],[-51.9780857064901,-29.333845803341088],[-51.980077670647916,-29.333859276984047]]]}},{"type":"Feature","properties":{"id_grade":"200ME52024N80810","pop":2,"dom":1,"universo_dom":"domicilios_ocupados_grade_ibge_2022","na_bacia":1,"area_pct_bacia":100.0,"metodo_recorte_bacia":"ponto_representativo_grade_2022; area_pct_geometrica","status_borda_bacia":"total","metodo_area_bacia":"interseção geométrica em EPSG:5880","metodo_na_bacia":"ponto_representativo_grade_2022_within_bacia","pop_n_validos":1,"pop_n_total":1,"pop_completude":1.0,"dom_n_validos":1,"dom_n_total":1,"dom_completude":1.0},"geometry":{"type":"Polygon","coordinates":[[[-51.98407595484139,-29.332020988977426],[-51.98409030892061,-29.330155812141008],[-51.98209837264176,-29.330142365477737],[-51.98208400417342,-29.332007541414765],[-51.98407595484139,-29.332020988977426]]]}},{"type":"Feature","properties":{"id_grade":"200ME52026N80810","pop":6,"dom":3,"universo_dom":"domicilios_ocupados_grade_ibge_2022","na_bacia":1,"area_pct_bacia":100.0,"metodo_recorte_bacia":"ponto_representativo_grade_2022; area_pct_geometrica","status_borda_bacia":"total","metodo_area_bacia":"interseção geométrica em EPSG:5880","metodo_na_bacia":"ponto_representativo_grade_2022_within_bacia","pop_n_validos":1,"pop_n_total":1,"pop_completude":1.0,"dom_n_validos":1,"dom_n_total":1,"dom_completude":1.0},"geometry":{"type":"Polygon","coordinates":[[[-51.98208400417342,-29.332007541414765],[-51.98209837264176,-29.330142365477737],[-51.98010643636292,-29.33012890442531],[-51.980092053505416,-29.331994081261794],[-51.98208400417342,-29.332007541414765]]]}},{"type":"Feature","properties":{"id_grade":"200ME52028N80810","pop":11,"dom":4,"universo_dom":"domicilios_ocupados_grade_ibge_2022","na_bacia":1,"area_pct_bacia":100.0,"metodo_recorte_bacia":"ponto_representativo_grade_2022; area_pct_geometrica","status_borda_bacia":"total","metodo_area_bacia":"interseção geométrica em EPSG:5880","metodo_na_bacia":"ponto_representativo_grade_2022_within_bacia","pop_n_validos":1,"pop_n_total":1,"pop_completude":1.0,"dom_n_validos":1,"dom_n_total":1,"dom_completude":1.0},"geometry":{"type":"Polygon","coordinates":[[[-51.980092053505416,-29.331994081261794],[-51.98010643636292,-29.33012890442531],[-51.978114500084075,-29.330115430782474],[-51.97810010373678,-29.331980606719576],[-51.980092053505416,-29.331994081261794]]]}},{"type":"Feature","properties":{"id_grade":"200ME52026N80812","pop":2,"dom":1,"universo_dom":"domicilios_ocupados_grade_ibge_2022","na_bacia":1,"area_pct_bacia":100.0,"metodo_recorte_bacia":"ponto_representativo_grade_2022; area_pct_geometrica","status_borda_bacia":"total","metodo_area_bacia":"interseção geométrica em EPSG:5880","metodo_na_bacia":"ponto_representativo_grade_2022_within_bacia","pop_n_validos":1,"pop_n_total":1,"pop_completude":1.0,"dom_n_validos":1,"dom_n_total":1,"dom_completude":1.0},"geometry":{"type":"Polygon","coordinates":[[[-51.98209837264176,-29.330142365477737],[-51.982112740210766,-29.328277208426346],[-51.98012081832104,-29.32826374827334],[-51.98010643636292,-29.33012890442531],[-51.98209837264176,-29.330142365477737]]]}},{"type":"Feature","properties":{"id_grade":"200ME52024N80814","pop":3,"dom":1,"universo_dom":"domicilios_ocupados_grade_ibge_2022","na_bacia":1,"area_pct_bacia":100.0,"metodo_recorte_bacia":"ponto_representativo_grade_2022; area_pct_geometrica","status_borda_bacia":"total","metodo_area_bacia":"interseção geométrica em EPSG:5880","metodo_na_bacia":"ponto_representativo_grade_2022_within_bacia","pop_n_validos":1,"pop_n_total":1,"pop_completude":1.0,"dom_n_validos":1,"dom_n_total":1,"dom_completude":1.0},"geometry":{"type":"Polygon","coordinates":[[[-51.984104662999755,-29.328290655988877],[-51.98411901707891,-29.32642551872267],[-51.982127108679094,-29.326412072059465],[-51.982112740210766,-29.328277208426346],[-51.984104662999755,-29.328290655988877]]]}},{"type":"Feature","properties":{"id_grade":"200ME52028N80814","pop":4,"dom":1,"universo_dom":"domicilios_ocupados_grade_ibge_2022","na_bacia":1,"area_pct_bacia":100.0,"metodo_recorte_bacia":"ponto_representativo_grade_2022; area_pct_geometrica","status_borda_bacia":"total","metodo_area_bacia":"interseção geométrica em EPSG:5880","metodo_na_bacia":"ponto_representativo_grade_2022_within_bacia","pop_n_validos":1,"pop_n_total":1,"pop_completude":1.0,"dom_n_validos":1,"dom_n_total":1,"dom_completude":1.0},"geometry":{"type":"Polygon","coordinates":[[[-51.98012081832104,-29.32826374827334],[-51.98013520027923,-29.326398612805644],[-51.978143292778725,-29.326385139162895],[-51.97812889643137,-29.328250274630395],[-51.98012081832104,-29.32826374827334]]]}},{"type":"Feature","properties":{"id_grade":"200ME52022N80816","pop":4,"dom":1,"universo_dom":"domicilios_ocupados_grade_ibge_2022","na_bacia":1,"area_pct_bacia":100.0,"metodo_recorte_bacia":"ponto_representativo_grade_2022; area_pct_geometrica","status_borda_bacia":"total","metodo_area_bacia":"interseção geométrica em EPSG:5880","metodo_na_bacia":"ponto_representativo_grade_2022_within_bacia","pop_n_validos":1,"pop_n_total":1,"pop_completude":1.0,"dom_n_validos":1,"dom_n_total":1,"dom_completude":1.0},"geometry":{"type":"Polygon","coordinates":[[[-51.98611092547878,-29.326438952795325],[-51.9861252642695,-29.32457383621355],[-51.9841333702588,-29.32456040304015],[-51.98411901707891,-29.32642551872267],[-51.98611092547878,-29.326438952795325]]]}},{"type":"Feature","properties":{"id_grade":"200ME52024N80816","pop":2,"dom":1,"universo_dom":"domicilios_ocupados_grade_ibge_2022","na_bacia":1,"area_pct_bacia":100.0,"metodo_recorte_bacia":"ponto_representativo_grade_2022; area_pct_geometrica","status_borda_bacia":"total","metodo_area_bacia":"interseção geométrica em EPSG:5880","metodo_na_bacia":"ponto_representativo_grade_2022_within_bacia","pop_n_validos":1,"pop_n_total":1,"pop_completude":1.0,"dom_n_validos":1,"dom_n_total":1,"dom_completude":1.0},"geometry":{"type":"Polygon","coordinates":[[[-51.98411901707891,-29.32642551872267],[-51.9841333702588,-29.32456040304015],[-51.9821414762481,-29.324546956376853],[-51.982127108679094,-29.326412072059465],[-51.98411901707891,-29.32642551872267]]]}},{"type":"Feature","properties":{"id_grade":"200ME52020N80818","pop":4,"dom":1,"universo_dom":"domicilios_ocupados_grade_ibge_2022","na_bacia":1,"area_pct_bacia":100.0,"metodo_recorte_bacia":"ponto_representativo_grade_2022; area_pct_geometrica","status_borda_bacia":"total","metodo_area_bacia":"interseção geométrica em EPSG:5880","metodo_na_bacia":"ponto_representativo_grade_2022_within_bacia","pop_n_validos":1,"pop_n_total":1,"pop_completude":1.0,"dom_n_validos":1,"dom_n_total":1,"dom_completude":1.0},"geometry":{"type":"Polygon","coordinates":[[[-51.988117159179524,-29.324587255897075],[-51.98813148358107,-29.32272215910031],[-51.986139603959494,-29.322708739416687],[-51.9861252642695,-29.32457383621355],[-51.988117159179524,-29.324587255897075]]]}},{"type":"Feature","properties":{"id_grade":"200ME52026N80818","pop":3,"dom":1,"universo_dom":"domicilios_ocupados_grade_ibge_2022","na_bacia":1,"area_pct_bacia":100.0,"metodo_recorte_bacia":"ponto_representativo_grade_2022; area_pct_geometrica","status_borda_bacia":"total","metodo_area_bacia":"interseção geométrica em EPSG:5880","metodo_na_bacia":"ponto_representativo_grade_2022_within_bacia","pop_n_validos":1,"pop_n_total":1,"pop_completude":1.0,"dom_n_validos":1,"dom_n_total":1,"dom_completude":1.0},"geometry":{"type":"Polygon","coordinates":[[[-51.9821414762481,-29.324546956376853],[-51.98215584381711,-29.32268186047948],[-51.98016396419552,-29.322668401225698],[-51.9801495822374,-29.32453349712308],[-51.9821414762481,-29.324546956376853]]]}},{"type":"Feature","properties":{"id_grade":"200ME52028N80818","pop":4,"dom":1,"universo_dom":"domicilios_ocupados_grade_ibge_2022","na_bacia":1,"area_pct_bacia":100.0,"metodo_recorte_bacia":"ponto_representativo_grade_2022; area_pct_geometrica","status_borda_bacia":"total","metodo_area_bacia":"interseção geométrica em EPSG:5880","metodo_na_bacia":"ponto_representativo_grade_2022_within_bacia","pop_n_validos":1,"pop_n_total":1,"pop_completude":1.0,"dom_n_validos":1,"dom_n_total":1,"dom_completude":1.0},"geometry":{"type":"Polygon","coordinates":[[[-51.9801495822374,-29.32453349712308],[-51.98016396419552,-29.322668401225698],[-51.978172084574,-29.322654928482116],[-51.97815768912602,-29.324520023480318],[-51.9801495822374,-29.32453349712308]]]}},{"type":"Feature","properties":{"id_grade":"200ME52026N80820","pop":2,"dom":1,"universo_dom":"domicilios_ocupados_grade_ibge_2022","na_bacia":1,"area_pct_bacia":100.0,"metodo_recorte_bacia":"ponto_representativo_grade_2022; area_pct_geometrica","status_borda_bacia":"total","metodo_area_bacia":"interseção geométrica em EPSG:5880","metodo_na_bacia":"ponto_representativo_grade_2022_within_bacia","pop_n_validos":1,"pop_n_total":1,"pop_completude":1.0,"dom_n_validos":1,"dom_n_total":1,"dom_completude":1.0},"geometry":{"type":"Polygon","coordinates":[[[-51.98215584381711,-29.32268186047948],[-51.98217021138611,-29.320816784367082],[-51.98017834525439,-29.320803325113342],[-51.98016396419552,-29.322668401225698],[-51.98215584381711,-29.32268186047948]]]}},{"type":"Feature","properties":{"id_grade":"200ME52030N80718","pop":3,"dom":1,"universo_dom":"domicilios_ocupados_grade_ibge_2022","na_bacia":1,"area_pct_bacia":100.0,"metodo_recorte_bacia":"ponto_representativo_grade_2022; area_pct_geometrica","status_borda_bacia":"total","metodo_area_bacia":"interseção geométrica em EPSG:5880","metodo_na_bacia":"ponto_representativo_grade_2022_within_bacia","pop_n_validos":1,"pop_n_total":1,"pop_completude":1.0,"dom_n_validos":1,"dom_n_total":1,"dom_completude":1.0},"geometry":{"type":"Polygon","coordinates":[[[-51.97743763433931,-29.417800526373064],[-51.97745204057918,-29.415934420537067],[-51.97545945229183,-29.415920922612397],[-51.97544503166285,-29.417787027549277],[-51.97743763433931,-29.417800526373064]]]}},{"type":"Feature","properties":{"id_grade":"200ME52032N80718","pop":4,"dom":2,"universo_dom":"domicilios_ocupados_grade_ibge_2022","na_bacia":1,"area_pct_bacia":100.0,"metodo_recorte_bacia":"ponto_representativo_grade_2022; area_pct_geometrica","status_borda_bacia":"total","metodo_area_bacia":"interseção geométrica em EPSG:5880","metodo_na_bacia":"ponto_representativo_grade_2022_within_bacia","pop_n_validos":1,"pop_n_total":1,"pop_completude":1.0,"dom_n_validos":1,"dom_n_total":1,"dom_completude":1.0},"geometry":{"type":"Polygon","coordinates":[[[-51.97544503166285,-29.417787027549277],[-51.97545945229183,-29.415920922612397],[-51.973466864004536,-29.415907411198056],[-51.97345242898638,-29.417773516134815],[-51.97544503166285,-29.417787027549277]]]}},{"type":"Feature","properties":{"id_grade":"200ME52038N80718","pop":9,"dom":3,"universo_dom":"domicilios_ocupados_grade_ibge_2022","na_bacia":1,"area_pct_bacia":100.0,"metodo_recorte_bacia":"ponto_representativo_grade_2022; area_pct_geometrica","status_borda_bacia":"total","metodo_area_bacia":"interseção geométrica em EPSG:5880","metodo_na_bacia":"ponto_representativo_grade_2022_within_bacia","pop_n_validos":1,"pop_n_total":1,"pop_completude":1.0,"dom_n_validos":1,"dom_n_total":1,"dom_completude":1.0},"geometry":{"type":"Polygon","coordinates":[[[-51.96946722453276,-29.417746452836475],[-51.9694816874299,-29.415880347899723],[-51.96748910004192,-29.415866796915097],[-51.96747462275562,-29.41773290185189],[-51.96946722453276,-29.417746452836475]]]}},{"type":"Feature","properties":{"id_grade":"200ME52032N80720","pop":3,"dom":2,"universo_dom":"domicilios_ocupados_grade_ibge_2022","na_bacia":1,"area_pct_bacia":100.0,"metodo_recorte_bacia":"ponto_representativo_grade_2022; area_pct_geometrica","status_borda_bacia":"total","metodo_area_bacia":"interseção geométrica em EPSG:5880","metodo_na_bacia":"ponto_representativo_grade_2022_within_bacia","pop_n_validos":1,"pop_n_total":1,"pop_completude":1.0,"dom_n_validos":1,"dom_n_total":1,"dom_completude":1.0},"geometry":{"type":"Polygon","coordinates":[[[-51.97545945229183,-29.415920922612397],[-51.97547387202155,-29.414054837460817],[-51.973481298123374,-29.414041326046352],[-51.973466864004536,-29.415907411198056],[-51.97545945229183,-29.415920922612397]]]}},{"type":"Feature","properties":{"id_grade":"200ME52034N80720","pop":12,"dom":3,"universo_dom":"domicilios_ocupados_grade_ibge_2022","na_bacia":1,"area_pct_bacia":100.0,"metodo_recorte_bacia":"ponto_representativo_grade_2022; area_pct_geometrica","status_borda_bacia":"total","metodo_area_bacia":"interseção geométrica em EPSG:5880","metodo_na_bacia":"ponto_representativo_grade_2022_within_bacia","pop_n_validos":1,"pop_n_total":1,"pop_completude":1.0,"dom_n_validos":1,"dom_n_total":1,"dom_completude":1.0},"geometry":{"type":"Polygon","coordinates":[[[-51.973466864004536,-29.415907411198056],[-51.973481298123374,-29.414041326046352],[-51.9714887242252,-29.414027802041335],[-51.971474275717185,-29.415893886293752],[-51.973466864004536,-29.415907411198056]]]}},{"type":"Feature","properties":{"id_grade":"200ME52036N80720","pop":8,"dom":4,"universo_dom":"domicilios_ocupados_grade_ibge_2022","na_bacia":1,"area_pct_bacia":100.0,"metodo_recorte_bacia":"ponto_representativo_grade_2022; area_pct_geometrica","status_borda_bacia":"total","metodo_area_bacia":"interseção geométrica em EPSG:5880","metodo_na_bacia":"ponto_representativo_grade_2022_within_bacia","pop_n_validos":1,"pop_n_total":1,"pop_completude":1.0,"dom_n_validos":1,"dom_n_total":1,"dom_completude":1.0},"geometry":{"type":"Polygon","coordinates":[[[-51.971474275717185,-29.415893886293752],[-51.9714887242252,-29.414027802041335],[-51.96949615032701,-29.4140142636473],[-51.9694816874299,-29.415880347899723],[-51.971474275717185,-29.415893886293752]]]}},{"type":"Feature","properties":{"id_grade":"200ME52038N80720","pop":25,"dom":8,"universo_dom":"domicilios_ocupados_grade_ibge_2022","na_bacia":1,"area_pct_bacia":100.0,"metodo_recorte_bacia":"ponto_representativo_grade_2022; area_pct_geometrica","status_borda_bacia":"total","metodo_area_bacia":"interseção geométrica em EPSG:5880","metodo_na_bacia":"ponto_representativo_grade_2022_within_bacia","pop_n_validos":1,"pop_n_total":1,"pop_completude":1.0,"dom_n_validos":1,"dom_n_total":1,"dom_completude":1.0},"geometry":{"type":"Polygon","coordinates":[[[-51.9694816874299,-29.415880347899723],[-51.96949615032701,-29.4140142636473],[-51.96750357642884,-29.414000712662784],[-51.96748910004192,-29.415866796915097],[-51.9694816874299,-29.415880347899723]]]}},{"type":"Feature","properties":{"id_grade":"200ME52030N80722","pop":8,"dom":3,"universo_dom":"domicilios_ocupados_grade_ibge_2022","na_bacia":1,"area_pct_bacia":100.0,"metodo_recorte_bacia":"ponto_representativo_grade_2022; area_pct_geometrica","status_borda_bacia":"total","metodo_area_bacia":"interseção geométrica em EPSG:5880","metodo_na_bacia":"ponto_representativo_grade_2022_within_bacia","pop_n_validos":1,"pop_n_total":1,"pop_completude":1.0,"dom_n_validos":1,"dom_n_total":1,"dom_completude":1.0},"geometry":{"type":"Polygon","coordinates":[[[-51.97746644681906,-29.414068335385306],[-51.977480852159545,-29.412202270018767],[-51.975488291751226,-29.41218877209417],[-51.97547387202155,-29.414054837460817],[-51.97746644681906,-29.414068335385306]]]}},{"type":"Feature","properties":{"id_grade":"200ME52032N80722","pop":7,"dom":3,"universo_dom":"domicilios_ocupados_grade_ibge_2022","na_bacia":1,"area_pct_bacia":100.0,"metodo_recorte_bacia":"ponto_representativo_grade_2022; area_pct_geometrica","status_borda_bacia":"total","metodo_area_bacia":"interseção geométrica em EPSG:5880","metodo_na_bacia":"ponto_representativo_grade_2022_within_bacia","pop_n_validos":1,"pop_n_total":1,"pop_completude":1.0,"dom_n_validos":1,"dom_n_total":1,"dom_completude":1.0},"geometry":{"type":"Polygon","coordinates":[[[-51.97547387202155,-29.414054837460817],[-51.975488291751226,-29.41218877209417],[-51.97349573224221,-29.41217526157899],[-51.973481298123374,-29.414041326046352],[-51.97547387202155,-29.414054837460817]]]}},{"type":"Feature","properties":{"id_grade":"200ME52034N80722","pop":68,"dom":25,"universo_dom":"domicilios_ocupados_grade_ibge_2022","na_bacia":1,"area_pct_bacia":100.0,"metodo_recorte_bacia":"ponto_representativo_grade_2022; area_pct_geometrica","status_borda_bacia":"total","metodo_area_bacia":"interseção geométrica em EPSG:5880","metodo_na_bacia":"ponto_representativo_grade_2022_within_bacia","pop_n_validos":1,"pop_n_total":1,"pop_completude":1.0,"dom_n_validos":1,"dom_n_total":1,"dom_completude":1.0},"geometry":{"type":"Polygon","coordinates":[[[-51.973481298123374,-29.414041326046352],[-51.97349573224221,-29.41217526157899],[-51.97150317273321,-29.412161737574056],[-51.9714887242252,-29.414027802041335],[-51.973481298123374,-29.414041326046352]]]}},{"type":"Feature","properties":{"id_grade":"200ME52036N80722","pop":25,"dom":9,"universo_dom":"domicilios_ocupados_grade_ibge_2022","na_bacia":1,"area_pct_bacia":100.0,"metodo_recorte_bacia":"ponto_representativo_grade_2022; area_pct_geometrica","status_borda_bacia":"total","metodo_area_bacia":"interseção geométrica em EPSG:5880","metodo_na_bacia":"ponto_representativo_grade_2022_within_bacia","pop_n_validos":1,"pop_n_total":1,"pop_completude":1.0,"dom_n_validos":1,"dom_n_total":1,"dom_completude":1.0},"geometry":{"type":"Polygon","coordinates":[[[-51.9714887242252,-29.414027802041335],[-51.97150317273321,-29.412161737574056],[-51.969510613224195,-29.41214820007936],[-51.96949615032701,-29.4140142636473],[-51.9714887242252,-29.414027802041335]]]}},{"type":"Feature","properties":{"id_grade":"200ME52038N80722","pop":17,"dom":7,"universo_dom":"domicilios_ocupados_grade_ibge_2022","na_bacia":1,"area_pct_bacia":100.0,"metodo_recorte_bacia":"ponto_representativo_grade_2022; area_pct_geometrica","status_borda_bacia":"total","metodo_area_bacia":"interseção geométrica em EPSG:5880","metodo_na_bacia":"ponto_representativo_grade_2022_within_bacia","pop_n_validos":1,"pop_n_total":1,"pop_completude":1.0,"dom_n_validos":1,"dom_n_total":1,"dom_completude":1.0},"geometry":{"type":"Polygon","coordinates":[[[-51.96949615032701,-29.4140142636473],[-51.969510613224195,-29.41214820007936],[-51.96751805371514,-29.412134649094817],[-51.96750357642884,-29.414000712662784],[-51.96949615032701,-29.4140142636473]]]}},{"type":"Feature","properties":{"id_grade":"200ME52030N80724","pop":28,"dom":9,"universo_dom":"domicilios_ocupados_grade_ibge_2022","na_bacia":1,"area_pct_bacia":100.0,"metodo_recorte_bacia":"ponto_representativo_grade_2022; area_pct_geometrica","status_borda_bacia":"total","metodo_area_bacia":"interseção geométrica em EPSG:5880","metodo_na_bacia":"ponto_representativo_grade_2022_within_bacia","pop_n_validos":1,"pop_n_total":1,"pop_completude":1.0,"dom_n_validos":1,"dom_n_total":1,"dom_completude":1.0},"geometry":{"type":"Polygon","coordinates":[[[-51.977480852159545,-29.412202270018767],[-51.977495257500095,-29.410336225336472],[-51.975502711480885,-29.410322727411877],[-51.975488291751226,-29.41218877209417],[-51.977480852159545,-29.412202270018767]]]}},{"type":"Feature","properties":{"id_grade":"200ME52032N80724","pop":24,"dom":9,"universo_dom":"domicilios_ocupados_grade_ibge_2022","na_bacia":1,"area_pct_bacia":100.0,"metodo_recorte_bacia":"ponto_representativo_grade_2022; area_pct_geometrica","status_borda_bacia":"total","metodo_area_bacia":"interseção geométrica em EPSG:5880","metodo_na_bacia":"ponto_representativo_grade_2022_within_bacia","pop_n_validos":1,"pop_n_total":1,"pop_completude":1.0,"dom_n_validos":1,"dom_n_total":1,"dom_completude":1.0},"geometry":{"type":"Polygon","coordinates":[[[-51.975488291751226,-29.41218877209417],[-51.975502711480885,-29.410322727411877],[-51.97351016636106,-29.41030921689672],[-51.97349573224221,-29.41217526157899],[-51.975488291751226,-29.41218877209417]]]}},{"type":"Feature","properties":{"id_grade":"200ME52034N80724","pop":3,"dom":1,"universo_dom":"domicilios_ocupados_grade_ibge_2022","na_bacia":1,"area_pct_bacia":100.0,"metodo_recorte_bacia":"ponto_representativo_grade_2022; area_pct_geometrica","status_borda_bacia":"total","metodo_area_bacia":"interseção geométrica em EPSG:5880","metodo_na_bacia":"ponto_representativo_grade_2022_within_bacia","pop_n_validos":1,"pop_n_total":1,"pop_completude":1.0,"dom_n_validos":1,"dom_n_total":1,"dom_completude":1.0},"geometry":{"type":"Polygon","coordinates":[[[-51.97349573224221,-29.41217526157899],[-51.97351016636106,-29.41030921689672],[-51.97151762034184,-29.41029569289189],[-51.97150317273321,-29.412161737574056],[-51.97349573224221,-29.41217526157899]]]}},{"type":"Feature","properties":{"id_grade":"200ME52038N80726","pop":7,"dom":3,"universo_dom":"domicilios_ocupados_grade_ibge_2022","na_bacia":1,"area_pct_bacia":100.0,"metodo_recorte_bacia":"ponto_representativo_grade_2022; area_pct_geometrica","status_borda_bacia":"total","metodo_area_bacia":"interseção geométrica em EPSG:5880","metodo_na_bacia":"ponto_representativo_grade_2022_within_bacia","pop_n_validos":1,"pop_n_total":1,"pop_completude":1.0,"dom_n_validos":1,"dom_n_total":1,"dom_completude":1.0},"geometry":{"type":"Polygon","coordinates":[[[-51.96952507522201,-29.41028215539709],[-51.969539537219816,-29.408416132298562],[-51.96754700648909,-29.408402582213377],[-51.96753253010212,-29.41026860531183],[-51.96952507522201,-29.41028215539709]]]}},{"type":"Feature","properties":{"id_grade":"200ME52030N80728","pop":5,"dom":1,"universo_dom":"domicilios_ocupados_grade_ibge_2022","na_bacia":1,"area_pct_bacia":100.0,"metodo_recorte_bacia":"ponto_representativo_grade_2022; area_pct_geometrica","status_borda_bacia":"total","metodo_area_bacia":"interseção geométrica em EPSG:5880","metodo_na_bacia":"ponto_representativo_grade_2022_within_bacia","pop_n_validos":1,"pop_n_total":1,"pop_completude":1.0,"dom_n_validos":1,"dom_n_total":1,"dom_completude":1.0},"geometry":{"type":"Polygon","coordinates":[[[-51.97750966284064,-29.40847020043937],[-51.97752406818113,-29.40660419622669],[-51.975531550940275,-29.406590699201313],[-51.9755171312106,-29.408456703414046],[-51.97750966284064,-29.40847020043937]]]}},{"type":"Feature","properties":{"id_grade":"200ME52032N80728","pop":4,"dom":1,"universo_dom":"domicilios_ocupados_grade_ibge_2022","na_bacia":1,"area_pct_bacia":100.0,"metodo_recorte_bacia":"ponto_representativo_grade_2022; area_pct_geometrica","status_borda_bacia":"total","metodo_area_bacia":"interseção geométrica em EPSG:5880","metodo_na_bacia":"ponto_representativo_grade_2022_within_bacia","pop_n_validos":1,"pop_n_total":1,"pop_completude":1.0,"dom_n_validos":1,"dom_n_total":1,"dom_completude":1.0},"geometry":{"type":"Polygon","coordinates":[[[-51.9755171312106,-29.408456703414046],[-51.975531550940275,-29.406590699201313],[-51.97353903280009,-29.40657718958554],[-51.97352459958057,-29.408443192898957],[-51.9755171312106,-29.408456703414046]]]}},{"type":"Feature","properties":{"id_grade":"200ME52034N80728","pop":2,"dom":1,"universo_dom":"domicilios_ocupados_grade_ibge_2022","na_bacia":1,"area_pct_bacia":100.0,"metodo_recorte_bacia":"ponto_representativo_grade_2022; area_pct_geometrica","status_borda_bacia":"total","metodo_area_bacia":"interseção geométrica em EPSG:5880","metodo_na_bacia":"ponto_representativo_grade_2022_within_bacia","pop_n_validos":1,"pop_n_total":1,"pop_completude":1.0,"dom_n_validos":1,"dom_n_total":1,"dom_completude":1.0},"geometry":{"type":"Polygon","coordinates":[[[-51.97352459958057,-29.408443192898957],[-51.97353903280009,-29.40657718958554],[-51.97154651555923,-29.406563665580677],[-51.971532067950534,-29.40842966889406],[-51.97352459958057,-29.408443192898957]]]}},{"type":"Feature","properties":{"id_grade":"200ME52038N80730","pop":6,"dom":3,"universo_dom":"domicilios_ocupados_grade_ibge_2022","na_bacia":1,"area_pct_bacia":100.0,"metodo_recorte_bacia":"ponto_representativo_grade_2022; area_pct_geometrica","status_borda_bacia":"total","metodo_area_bacia":"interseção geométrica em EPSG:5880","metodo_na_bacia":"ponto_representativo_grade_2022_within_bacia","pop_n_validos":1,"pop_n_total":1,"pop_completude":1.0,"dom_n_validos":1,"dom_n_total":1,"dom_completude":1.0},"geometry":{"type":"Polygon","coordinates":[[[-51.969553999217624,-29.4065501289852],[-51.96956846031617,-29.404684145456923],[-51.96757595836374,-29.404670596270936],[-51.96756148197676,-29.40653657889994],[-51.969553999217624,-29.4065501289852]]]}},{"type":"Feature","properties":{"id_grade":"200ME52034N80738","pop":10,"dom":4,"universo_dom":"domicilios_ocupados_grade_ibge_2022","na_bacia":1,"area_pct_bacia":100.0,"metodo_recorte_bacia":"ponto_representativo_grade_2022; area_pct_geometrica","status_borda_bacia":"total","metodo_area_bacia":"interseção geométrica em EPSG:5880","metodo_na_bacia":"ponto_representativo_grade_2022_within_bacia","pop_n_validos":1,"pop_n_total":1,"pop_completude":1.0,"dom_n_validos":1,"dom_n_total":1,"dom_completude":1.0},"geometry":{"type":"Polygon","coordinates":[[[-51.97359676477885,-29.399113375981447],[-51.97361119709905,-29.397247474291447],[-51.971618750904604,-29.397233951185815],[-51.971604304195246,-29.399099853775137],[-51.97359676477885,-29.399113375981447]]]}},{"type":"Feature","properties":{"id_grade":"200ME52030N80740","pop":3,"dom":1,"universo_dom":"domicilios_ocupados_grade_ibge_2022","na_bacia":1,"area_pct_bacia":100.0,"metodo_recorte_bacia":"ponto_representativo_grade_2022; area_pct_geometrica","status_borda_bacia":"total","metodo_area_bacia":"interseção geométrica em EPSG:5880","metodo_na_bacia":"ponto_representativo_grade_2022_within_bacia","pop_n_validos":1,"pop_n_total":1,"pop_completude":1.0,"dom_n_validos":1,"dom_n_total":1,"dom_completude":1.0},"geometry":{"type":"Polygon","coordinates":[[[-51.97759609038723,-29.397274478234596],[-51.977610493929085,-29.395408595430286],[-51.97561806212383,-29.39539510020361],[-51.9756036441928,-29.3972609830079],[-51.97759609038723,-29.397274478234596]]]}},{"type":"Feature","properties":{"id_grade":"200ME52032N80740","pop":10,"dom":4,"universo_dom":"domicilios_ocupados_grade_ibge_2022","na_bacia":1,"area_pct_bacia":100.0,"metodo_recorte_bacia":"ponto_representativo_grade_2022; area_pct_geometrica","status_borda_bacia":"total","metodo_area_bacia":"interseção geométrica em EPSG:5880","metodo_na_bacia":"ponto_representativo_grade_2022_within_bacia","pop_n_validos":1,"pop_n_total":1,"pop_completude":1.0,"dom_n_validos":1,"dom_n_total":1,"dom_completude":1.0},"geometry":{"type":"Polygon","coordinates":[[[-51.9756036441928,-29.3972609830079],[-51.97561806212383,-29.39539510020361],[-51.973625629419246,-29.39538159148723],[-51.97361119709905,-29.397247474291447],[-51.9756036441928,-29.3972609830079]]]}},{"type":"Feature","properties":{"id_grade":"200ME52030N80742","pop":4,"dom":2,"universo_dom":"domicilios_ocupados_grade_ibge_2022","na_bacia":1,"area_pct_bacia":100.0,"metodo_recorte_bacia":"ponto_representativo_grade_2022; area_pct_geometrica","status_borda_bacia":"total","metodo_area_bacia":"interseção geométrica em EPSG:5880","metodo_na_bacia":"ponto_representativo_grade_2022_within_bacia","pop_n_validos":1,"pop_n_total":1,"pop_completude":1.0,"dom_n_validos":1,"dom_n_total":1,"dom_completude":1.0},"geometry":{"type":"Polygon","coordinates":[[[-51.977610493929085,-29.395408595430286],[-51.97762489837032,-29.3935427333104],[-51.975632480054855,-29.393529238083826],[-51.97561806212383,-29.39539510020361],[-51.977610493929085,-29.395408595430286]]]}},{"type":"Feature","properties":{"id_grade":"200ME52032N80742","pop":5,"dom":2,"universo_dom":"domicilios_ocupados_grade_ibge_2022","na_bacia":1,"area_pct_bacia":100.0,"metodo_recorte_bacia":"ponto_representativo_grade_2022; area_pct_geometrica","status_borda_bacia":"total","metodo_area_bacia":"interseção geométrica em EPSG:5880","metodo_na_bacia":"ponto_representativo_grade_2022_within_bacia","pop_n_validos":1,"pop_n_total":1,"pop_completude":1.0,"dom_n_validos":1,"dom_n_total":1,"dom_completude":1.0},"geometry":{"type":"Polygon","coordinates":[[[-51.97561806212383,-29.39539510020361],[-51.975632480054855,-29.393529238083826],[-51.97364006173939,-29.393515729367373],[-51.973625629419246,-29.39538159148723],[-51.97561806212383,-29.39539510020361]]]}},{"type":"Feature","properties":{"id_grade":"200ME52038N80742","pop":4,"dom":3,"universo_dom":"domicilios_ocupados_grade_ibge_2022","na_bacia":1,"area_pct_bacia":100.0,"metodo_recorte_bacia":"ponto_representativo_grade_2022; area_pct_geometrica","status_borda_bacia":"total","metodo_area_bacia":"interseção geométrica em EPSG:5880","metodo_na_bacia":"ponto_representativo_grade_2022_within_bacia","pop_n_validos":1,"pop_n_total":1,"pop_completude":1.0,"dom_n_validos":1,"dom_n_total":1,"dom_completude":1.0},"geometry":{"type":"Polygon","coordinates":[[[-51.96964076580866,-29.395354534484106],[-51.96965522600783,-29.393488672364278],[-51.96766280859168,-29.393475124077664],[-51.96764833400334,-29.39534098529808],[-51.96964076580866,-29.395354534484106]]]}},{"type":"Feature","properties":{"id_grade":"200ME52032N80744","pop":7,"dom":2,"universo_dom":"domicilios_ocupados_grade_ibge_2022","na_bacia":1,"area_pct_bacia":100.0,"metodo_recorte_bacia":"ponto_representativo_grade_2022; area_pct_geometrica","status_borda_bacia":"total","metodo_area_bacia":"interseção geométrica em EPSG:5880","metodo_na_bacia":"ponto_representativo_grade_2022_within_bacia","pop_n_validos":1,"pop_n_total":1,"pop_completude":1.0,"dom_n_validos":1,"dom_n_total":1,"dom_completude":1.0},"geometry":{"type":"Polygon","coordinates":[[[-51.975632480054855,-29.393529238083826],[-51.97564689708656,-29.39166339574908],[-51.97365449316026,-29.391649887931955],[-51.97364006173939,-29.393515729367373],[-51.975632480054855,-29.393529238083826]]]}},{"type":"Feature","properties":{"id_grade":"200ME52034N80744","pop":5,"dom":3,"universo_dom":"domicilios_ocupados_grade_ibge_2022","na_bacia":1,"area_pct_bacia":100.0,"metodo_recorte_bacia":"ponto_representativo_grade_2022; area_pct_geometrica","status_borda_bacia":"total","metodo_area_bacia":"interseção geométrica em EPSG:5880","metodo_na_bacia":"ponto_representativo_grade_2022_within_bacia","pop_n_validos":1,"pop_n_total":1,"pop_completude":1.0,"dom_n_validos":1,"dom_n_total":1,"dom_completude":1.0},"geometry":{"type":"Polygon","coordinates":[[[-51.97364006173939,-29.393515729367373],[-51.97365449316026,-29.391649887931955],[-51.971662090133286,-29.391636365725624],[-51.97164764342398,-29.39350220806039],[-51.97364006173939,-29.393515729367373]]]}},{"type":"Feature","properties":{"id_grade":"200ME52032N80746","pop":1,"dom":1,"universo_dom":"domicilios_ocupados_grade_ibge_2022","na_bacia":1,"area_pct_bacia":100.0,"metodo_recorte_bacia":"ponto_representativo_grade_2022; area_pct_geometrica","status_borda_bacia":"total","metodo_area_bacia":"interseção geométrica em EPSG:5880","metodo_na_bacia":"ponto_representativo_grade_2022_within_bacia","pop_n_validos":1,"pop_n_total":1,"pop_completude":1.0,"dom_n_validos":1,"dom_n_total":1,"dom_completude":1.0},"geometry":{"type":"Polygon","coordinates":[[[-51.97564689708656,-29.39166339574908],[-51.975661315017646,-29.38979757409873],[-51.97366892548047,-29.389784066281603],[-51.97365449316026,-29.391649887931955],[-51.97564689708656,-29.39166339574908]]]}},{"type":"Feature","properties":{"id_grade":"200ME52034N80746","pop":122,"dom":48,"universo_dom":"domicilios_ocupados_grade_ibge_2022","na_bacia":1,"area_pct_bacia":100.0,"metodo_recorte_bacia":"ponto_representativo_grade_2022; area_pct_geometrica","status_borda_bacia":"total","metodo_area_bacia":"interseção geométrica em EPSG:5880","metodo_na_bacia":"ponto_representativo_grade_2022_within_bacia","pop_n_validos":1,"pop_n_total":1,"pop_completude":1.0,"dom_n_validos":1,"dom_n_total":1,"dom_completude":1.0},"geometry":{"type":"Polygon","coordinates":[[[-51.97365449316026,-29.391649887931955],[-51.97366892548047,-29.389784066281603],[-51.971676535943345,-29.38977054497462],[-51.971662090133286,-29.391636365725624],[-51.97365449316026,-29.391649887931955]]]}},{"type":"Feature","properties":{"id_grade":"200ME52036N80746","pop":7,"dom":2,"universo_dom":"domicilios_ocupados_grade_ibge_2022","na_bacia":1,"area_pct_bacia":100.0,"metodo_recorte_bacia":"ponto_representativo_grade_2022; area_pct_geometrica","status_borda_bacia":"total","metodo_area_bacia":"interseção geométrica em EPSG:5880","metodo_na_bacia":"ponto_representativo_grade_2022_within_bacia","pop_n_validos":1,"pop_n_total":1,"pop_completude":1.0,"dom_n_validos":1,"dom_n_total":1,"dom_completude":1.0},"geometry":{"type":"Polygon","coordinates":[[[-51.971662090133286,-29.391636365725624],[-51.971676535943345,-29.38977054497462],[-51.969684146406166,-29.389757010177853],[-51.969669686207,-29.391622830928902],[-51.971662090133286,-29.391636365725624]]]}},{"type":"Feature","properties":{"id_grade":"200ME52036N80748","pop":70,"dom":25,"universo_dom":"domicilios_ocupados_grade_ibge_2022","na_bacia":1,"area_pct_bacia":100.0,"metodo_recorte_bacia":"ponto_representativo_grade_2022; area_pct_geometrica","status_borda_bacia":"total","metodo_area_bacia":"interseção geométrica em EPSG:5880","metodo_na_bacia":"ponto_representativo_grade_2022_within_bacia","pop_n_validos":1,"pop_n_total":1,"pop_completude":1.0,"dom_n_validos":1,"dom_n_total":1,"dom_completude":1.0},"geometry":{"type":"Polygon","coordinates":[[[-51.971676535943345,-29.38977054497462],[-51.97169098085402,-29.387904744008644],[-51.96969860570607,-29.38789120921193],[-51.969684146406166,-29.389757010177853],[-51.971676535943345,-29.38977054497462]]]}},{"type":"Feature","properties":{"id_grade":"200ME52038N80748","pop":10,"dom":4,"universo_dom":"domicilios_ocupados_grade_ibge_2022","na_bacia":1,"area_pct_bacia":100.0,"metodo_recorte_bacia":"ponto_representativo_grade_2022; area_pct_geometrica","status_borda_bacia":"total","metodo_area_bacia":"interseção geométrica em EPSG:5880","metodo_na_bacia":"ponto_representativo_grade_2022_within_bacia","pop_n_validos":1,"pop_n_total":1,"pop_completude":1.0,"dom_n_validos":1,"dom_n_total":1,"dom_completude":1.0},"geometry":{"type":"Polygon","coordinates":[[[-51.969684146406166,-29.389757010177853],[-51.96969860570607,-29.38789120921193],[-51.967706231457385,-29.387877661824575],[-51.967691756869044,-29.389743461891193],[-51.969684146406166,-29.389757010177853]]]}},{"type":"Feature","properties":{"id_grade":"200ME52036N80750","pop":7,"dom":3,"universo_dom":"domicilios_ocupados_grade_ibge_2022","na_bacia":1,"area_pct_bacia":100.0,"metodo_recorte_bacia":"ponto_representativo_grade_2022; area_pct_geometrica","status_borda_bacia":"total","metodo_area_bacia":"interseção geométrica em EPSG:5880","metodo_na_bacia":"ponto_representativo_grade_2022_within_bacia","pop_n_validos":1,"pop_n_total":1,"pop_completude":1.0,"dom_n_validos":1,"dom_n_total":1,"dom_completude":1.0},"geometry":{"type":"Polygon","coordinates":[[[-51.97169098085402,-29.387904744008644],[-51.971705426664066,-29.386038962827822],[-51.96971306590524,-29.386025428930346],[-51.96969860570607,-29.38789120921193],[-51.97169098085402,-29.387904744008644]]]}},{"type":"Feature","properties":{"id_grade":"200ME52038N80750","pop":85,"dom":32,"universo_dom":"domicilios_ocupados_grade_ibge_2022","na_bacia":1,"area_pct_bacia":100.0,"metodo_recorte_bacia":"ponto_representativo_grade_2022; area_pct_geometrica","status_borda_bacia":"total","metodo_area_bacia":"interseção geométrica em EPSG:5880","metodo_na_bacia":"ponto_representativo_grade_2022_within_bacia","pop_n_validos":1,"pop_n_total":1,"pop_completude":1.0,"dom_n_validos":1,"dom_n_total":1,"dom_completude":1.0},"geometry":{"type":"Polygon","coordinates":[[[-51.96969860570607,-29.38789120921193],[-51.96971306590524,-29.386025428930346],[-51.967720705146405,-29.386011881543023],[-51.967706231457385,-29.387877661824575],[-51.96969860570607,-29.38789120921193]]]}},{"type":"Feature","properties":{"id_grade":"200ME52038N80752","pop":62,"dom":23,"universo_dom":"domicilios_ocupados_grade_ibge_2022","na_bacia":1,"area_pct_bacia":100.0,"metodo_recorte_bacia":"ponto_representativo_grade_2022; area_pct_geometrica","status_borda_bacia":"total","metodo_area_bacia":"interseção geométrica em EPSG:5880","metodo_na_bacia":"ponto_representativo_grade_2022_within_bacia","pop_n_validos":1,"pop_n_total":1,"pop_completude":1.0,"dom_n_validos":1,"dom_n_total":1,"dom_completude":1.0},"geometry":{"type":"Polygon","coordinates":[[[-51.96971306590524,-29.386025428930346],[-51.96972752520509,-29.384159668433824],[-51.96773517883537,-29.38414612104667],[-51.967720705146405,-29.386011881543023],[-51.96971306590524,-29.386025428930346]]]}},{"type":"Feature","properties":{"id_grade":"200ME52038N80754","pop":40,"dom":13,"universo_dom":"domicilios_ocupados_grade_ibge_2022","na_bacia":1,"area_pct_bacia":100.0,"metodo_recorte_bacia":"ponto_representativo_grade_2022; area_pct_geometrica","status_borda_bacia":"total","metodo_area_bacia":"interseção geométrica em EPSG:5880","metodo_na_bacia":"ponto_representativo_grade_2022_within_bacia","pop_n_validos":1,"pop_n_total":1,"pop_completude":1.0,"dom_n_validos":1,"dom_n_total":1,"dom_completude":1.0},"geometry":{"type":"Polygon","coordinates":[[[-51.96972752520509,-29.384159668433824],[-51.96974198450494,-29.38229392772245],[-51.96774965162507,-29.382280381234548],[-51.96773517883537,-29.38414612104667],[-51.96972752520509,-29.384159668433824]]]}},{"type":"Feature","properties":{"id_grade":"200ME52036N80756","pop":69,"dom":26,"universo_dom":"domicilios_ocupados_grade_ibge_2022","na_bacia":1,"area_pct_bacia":100.0,"metodo_recorte_bacia":"ponto_representativo_grade_2022; area_pct_geometrica","status_borda_bacia":"total","metodo_area_bacia":"interseção geométrica em EPSG:5880","metodo_na_bacia":"ponto_representativo_grade_2022_within_bacia","pop_n_validos":1,"pop_n_total":1,"pop_completude":1.0,"dom_n_validos":1,"dom_n_total":1,"dom_completude":1.0},"geometry":{"type":"Polygon","coordinates":[[[-51.97173431648548,-29.382307461620023],[-51.97174876139616,-29.38044174159309],[-51.96975644290546,-29.380428208594875],[-51.96974198450494,-29.38229392772245],[-51.97173431648548,-29.382307461620023]]]}},{"type":"Feature","properties":{"id_grade":"200ME52038N80756","pop":45,"dom":15,"universo_dom":"domicilios_ocupados_grade_ibge_2022","na_bacia":1,"area_pct_bacia":100.0,"metodo_recorte_bacia":"ponto_representativo_grade_2022; area_pct_geometrica","status_borda_bacia":"total","metodo_area_bacia":"interseção geométrica em EPSG:5880","metodo_na_bacia":"ponto_representativo_grade_2022_within_bacia","pop_n_validos":1,"pop_n_total":1,"pop_completude":1.0,"dom_n_validos":1,"dom_n_total":1,"dom_completude":1.0},"geometry":{"type":"Polygon","coordinates":[[[-51.96974198450494,-29.38229392772245],[-51.96975644290546,-29.380428208594875],[-51.96776412531409,-29.380414661207567],[-51.96774965162507,-29.382280381234548],[-51.96974198450494,-29.38229392772245]]]}},{"type":"Feature","properties":{"id_grade":"200ME52030N80758","pop":13,"dom":4,"universo_dom":"domicilios_ocupados_grade_ibge_2022","na_bacia":1,"area_pct_bacia":100.0,"metodo_recorte_bacia":"ponto_representativo_grade_2022; area_pct_geometrica","status_borda_bacia":"total","metodo_area_bacia":"interseção geométrica em EPSG:5880","metodo_na_bacia":"ponto_representativo_grade_2022_within_bacia","pop_n_validos":1,"pop_n_total":1,"pop_completude":1.0,"dom_n_validos":1,"dom_n_total":1,"dom_completude":1.0},"geometry":{"type":"Polygon","coordinates":[[[-51.97772571776761,-29.380482262346458],[-51.977740119510884,-29.378616561205302],[-51.975747815409306,-29.378603067777362],[-51.97573339927692,-29.380468768918497],[-51.97772571776761,-29.380482262346458]]]}},{"type":"Feature","properties":{"id_grade":"200ME52032N80758","pop":33,"dom":11,"universo_dom":"domicilios_ocupados_grade_ibge_2022","na_bacia":1,"area_pct_bacia":100.0,"metodo_recorte_bacia":"ponto_representativo_grade_2022; area_pct_geometrica","status_borda_bacia":"total","metodo_area_bacia":"interseção geométrica em EPSG:5880","metodo_na_bacia":"ponto_representativo_grade_2022_within_bacia","pop_n_validos":1,"pop_n_total":1,"pop_completude":1.0,"dom_n_validos":1,"dom_n_total":1,"dom_completude":1.0},"geometry":{"type":"Polygon","coordinates":[[[-51.97573339927692,-29.380468768918497],[-51.975747815409306,-29.378603067777362],[-51.97375551040841,-29.378589561758815],[-51.973741079886906,-29.380455262000652],[-51.97573339927692,-29.380468768918497]]]}},{"type":"Feature","properties":{"id_grade":"200ME52034N80758","pop":5,"dom":2,"universo_dom":"domicilios_ocupados_grade_ibge_2022","na_bacia":1,"area_pct_bacia":100.0,"metodo_recorte_bacia":"ponto_representativo_grade_2022; area_pct_geometrica","status_borda_bacia":"total","metodo_area_bacia":"interseção geométrica em EPSG:5880","metodo_na_bacia":"ponto_representativo_grade_2022_within_bacia","pop_n_validos":1,"pop_n_total":1,"pop_completude":1.0,"dom_n_validos":1,"dom_n_total":1,"dom_completude":1.0},"geometry":{"type":"Polygon","coordinates":[[[-51.973741079886906,-29.380455262000652],[-51.97375551040841,-29.378589561758815],[-51.97176320630689,-29.37857604135122],[-51.97174876139616,-29.38044174159309],[-51.973741079886906,-29.380455262000652]]]}},{"type":"Feature","properties":{"id_grade":"200ME52036N80758","pop":87,"dom":34,"universo_dom":"domicilios_ocupados_grade_ibge_2022","na_bacia":1,"area_pct_bacia":100.0,"metodo_recorte_bacia":"ponto_representativo_grade_2022; area_pct_geometrica","status_borda_bacia":"total","metodo_area_bacia":"interseção geométrica em EPSG:5880","metodo_na_bacia":"ponto_representativo_grade_2022_within_bacia","pop_n_validos":1,"pop_n_total":1,"pop_completude":1.0,"dom_n_validos":1,"dom_n_total":1,"dom_completude":1.0},"geometry":{"type":"Polygon","coordinates":[[[-51.97174876139616,-29.38044174159309],[-51.97176320630689,-29.37857604135122],[-51.96977090220531,-29.378562508353014],[-51.96975644290546,-29.380428208594875],[-51.97174876139616,-29.38044174159309]]]}},{"type":"Feature","properties":{"id_grade":"200ME52038N80758","pop":98,"dom":37,"universo_dom":"domicilios_ocupados_grade_ibge_2022","na_bacia":1,"area_pct_bacia":100.0,"metodo_recorte_bacia":"ponto_representativo_grade_2022; area_pct_geometrica","status_borda_bacia":"total","metodo_area_bacia":"interseção geométrica em EPSG:5880","metodo_na_bacia":"ponto_representativo_grade_2022_within_bacia","pop_n_validos":1,"pop_n_total":1,"pop_completude":1.0,"dom_n_validos":1,"dom_n_total":1,"dom_completude":1.0},"geometry":{"type":"Polygon","coordinates":[[[-51.96975644290546,-29.380428208594875],[-51.96977090220531,-29.378562508353014],[-51.96777859810379,-29.378548961865153],[-51.96776412531409,-29.380414661207567],[-51.96975644290546,-29.380428208594875]]]}},{"type":"Feature","properties":{"id_grade":"200ME52032N80760","pop":2,"dom":1,"universo_dom":"domicilios_ocupados_grade_ibge_2022","na_bacia":1,"area_pct_bacia":100.0,"metodo_recorte_bacia":"ponto_representativo_grade_2022; area_pct_geometrica","status_borda_bacia":"total","metodo_area_bacia":"interseção geométrica em EPSG:5880","metodo_na_bacia":"ponto_representativo_grade_2022_within_bacia","pop_n_validos":1,"pop_n_total":1,"pop_completude":1.0,"dom_n_validos":1,"dom_n_total":1,"dom_completude":1.0},"geometry":{"type":"Polygon","coordinates":[[[-51.975747815409306,-29.378603067777362],[-51.975762230642374,-29.376737388219876],[-51.97376994092998,-29.37672388130203],[-51.97375551040841,-29.378589561758815],[-51.975747815409306,-29.378603067777362]]]}},{"type":"Feature","properties":{"id_grade":"200ME52036N80760","pop":2,"dom":1,"universo_dom":"domicilios_ocupados_grade_ibge_2022","na_bacia":1,"area_pct_bacia":100.0,"metodo_recorte_bacia":"ponto_representativo_grade_2022; area_pct_geometrica","status_borda_bacia":"total","metodo_area_bacia":"interseção geométrica em EPSG:5880","metodo_na_bacia":"ponto_representativo_grade_2022_within_bacia","pop_n_validos":1,"pop_n_total":1,"pop_completude":1.0,"dom_n_validos":1,"dom_n_total":1,"dom_completude":1.0},"geometry":{"type":"Polygon","coordinates":[[[-51.97176320630689,-29.37857604135122],[-51.97177765031824,-29.376710361793627],[-51.96978536060584,-29.376696828795485],[-51.96977090220531,-29.378562508353014],[-51.97176320630689,-29.37857604135122]]]}},{"type":"Feature","properties":{"id_grade":"200ME52038N80760","pop":61,"dom":19,"universo_dom":"domicilios_ocupados_grade_ibge_2022","na_bacia":1,"area_pct_bacia":100.0,"metodo_recorte_bacia":"ponto_representativo_grade_2022; area_pct_geometrica","status_borda_bacia":"total","metodo_area_bacia":"interseção geométrica em EPSG:5880","metodo_na_bacia":"ponto_representativo_grade_2022_within_bacia","pop_n_validos":1,"pop_n_total":1,"pop_completude":1.0,"dom_n_validos":1,"dom_n_total":1,"dom_completude":1.0},"geometry":{"type":"Polygon","coordinates":[[[-51.96977090220531,-29.378562508353014],[-51.96978536060584,-29.376696828795485],[-51.96779307089349,-29.376683283206855],[-51.96777859810379,-29.378548961865153],[-51.96977090220531,-29.378562508353014]]]}},{"type":"Feature","properties":{"id_grade":"200ME52038N80762","pop":3,"dom":2,"universo_dom":"domicilios_ocupados_grade_ibge_2022","na_bacia":1,"area_pct_bacia":100.0,"metodo_recorte_bacia":"ponto_representativo_grade_2022; area_pct_geometrica","status_borda_bacia":"total","metodo_area_bacia":"interseção geométrica em EPSG:5880","metodo_na_bacia":"ponto_representativo_grade_2022_within_bacia","pop_n_validos":1,"pop_n_total":1,"pop_completude":1.0,"dom_n_validos":1,"dom_n_total":1,"dom_completude":1.0},"geometry":{"type":"Polygon","coordinates":[[[-51.96978536060584,-29.376696828795485],[-51.969799819006425,-29.37483116992257],[-51.967807543683136,-29.374817623434563],[-51.96779307089349,-29.376683283206855],[-51.96978536060584,-29.376696828795485]]]}},{"type":"Feature","properties":{"id_grade":"200ME52034N80764","pop":2,"dom":2,"universo_dom":"domicilios_ocupados_grade_ibge_2022","na_bacia":1,"area_pct_bacia":100.0,"metodo_recorte_bacia":"ponto_representativo_grade_2022; area_pct_geometrica","status_borda_bacia":"total","metodo_area_bacia":"interseção geométrica em EPSG:5880","metodo_na_bacia":"ponto_representativo_grade_2022_within_bacia","pop_n_validos":1,"pop_n_total":1,"pop_completude":1.0,"dom_n_validos":1,"dom_n_total":1,"dom_completude":1.0},"geometry":{"type":"Polygon","coordinates":[[[-51.97378437055221,-29.374858221529657],[-51.97379880017445,-29.37299258244165],[-51.97180653834101,-29.372979062933403],[-51.971792094329665,-29.374844702021328],[-51.97378437055221,-29.374858221529657]]]}},{"type":"Feature","properties":{"id_grade":"200ME52036N80764","pop":4,"dom":1,"universo_dom":"domicilios_ocupados_grade_ibge_2022","na_bacia":1,"area_pct_bacia":100.0,"metodo_recorte_bacia":"ponto_representativo_grade_2022; area_pct_geometrica","status_borda_bacia":"total","metodo_area_bacia":"interseção geométrica em EPSG:5880","metodo_na_bacia":"ponto_representativo_grade_2022_within_bacia","pop_n_validos":1,"pop_n_total":1,"pop_completude":1.0,"dom_n_validos":1,"dom_n_total":1,"dom_completude":1.0},"geometry":{"type":"Polygon","coordinates":[[[-51.971792094329665,-29.374844702021328],[-51.97180653834101,-29.372979062933403],[-51.969814277406954,-29.372965530834524],[-51.969799819006425,-29.37483116992257],[-51.971792094329665,-29.374844702021328]]]}},{"type":"Feature","properties":{"id_grade":"200ME52038N80764","pop":4,"dom":1,"universo_dom":"domicilios_ocupados_grade_ibge_2022","na_bacia":1,"area_pct_bacia":100.0,"metodo_recorte_bacia":"ponto_representativo_grade_2022; area_pct_geometrica","status_borda_bacia":"total","metodo_area_bacia":"interseção geométrica em EPSG:5880","metodo_na_bacia":"ponto_representativo_grade_2022_within_bacia","pop_n_validos":1,"pop_n_total":1,"pop_completude":1.0,"dom_n_validos":1,"dom_n_total":1,"dom_completude":1.0},"geometry":{"type":"Polygon","coordinates":[[[-51.969799819006425,-29.37483116992257],[-51.969814277406954,-29.372965530834524],[-51.96782201557352,-29.37295198524595],[-51.967807543683136,-29.374817623434563],[-51.969799819006425,-29.37483116992257]]]}},{"type":"Feature","properties":{"id_grade":"200ME52032N80766","pop":2,"dom":1,"universo_dom":"domicilios_ocupados_grade_ibge_2022","na_bacia":1,"area_pct_bacia":100.0,"metodo_recorte_bacia":"ponto_representativo_grade_2022; area_pct_geometrica","status_borda_bacia":"total","metodo_area_bacia":"interseção geométrica em EPSG:5880","metodo_na_bacia":"ponto_representativo_grade_2022_within_bacia","pop_n_validos":1,"pop_n_total":1,"pop_completude":1.0,"dom_n_validos":1,"dom_n_total":1,"dom_completude":1.0},"geometry":{"type":"Polygon","coordinates":[[[-51.975791062007886,-29.373006087560775],[-51.97580547814028,-29.37114046825803],[-51.97381322979669,-29.371126963138753],[-51.97379880017445,-29.37299258244165],[-51.975791062007886,-29.373006087560775]]]}},{"type":"Feature","properties":{"id_grade":"200ME52034N80766","pop":10,"dom":3,"universo_dom":"domicilios_ocupados_grade_ibge_2022","na_bacia":1,"area_pct_bacia":100.0,"metodo_recorte_bacia":"ponto_representativo_grade_2022; area_pct_geometrica","status_borda_bacia":"total","metodo_area_bacia":"interseção geométrica em EPSG:5880","metodo_na_bacia":"ponto_representativo_grade_2022_within_bacia","pop_n_validos":1,"pop_n_total":1,"pop_completude":1.0,"dom_n_validos":1,"dom_n_total":1,"dom_completude":1.0},"geometry":{"type":"Polygon","coordinates":[[[-51.97379880017445,-29.37299258244165],[-51.97381322979669,-29.371126963138753],[-51.971820982352426,-29.371113443630456],[-51.97180653834101,-29.372979062933403],[-51.97379880017445,-29.37299258244165]]]}},{"type":"Feature","properties":{"id_grade":"200ME52036N80766","pop":3,"dom":1,"universo_dom":"domicilios_ocupados_grade_ibge_2022","na_bacia":1,"area_pct_bacia":100.0,"metodo_recorte_bacia":"ponto_representativo_grade_2022; area_pct_geometrica","status_borda_bacia":"total","metodo_area_bacia":"interseção geométrica em EPSG:5880","metodo_na_bacia":"ponto_representativo_grade_2022_within_bacia","pop_n_validos":1,"pop_n_total":1,"pop_completude":1.0,"dom_n_validos":1,"dom_n_total":1,"dom_completude":1.0},"geometry":{"type":"Polygon","coordinates":[[[-51.97180653834101,-29.372979062933403],[-51.971820982352426,-29.371113443630456],[-51.96982873490816,-29.371099911531633],[-51.969814277406954,-29.372965530834524],[-51.97180653834101,-29.372979062933403]]]}},{"type":"Feature","properties":{"id_grade":"200ME52038N80766","pop":4,"dom":2,"universo_dom":"domicilios_ocupados_grade_ibge_2022","na_bacia":1,"area_pct_bacia":100.0,"metodo_recorte_bacia":"ponto_representativo_grade_2022; area_pct_geometrica","status_borda_bacia":"total","metodo_area_bacia":"interseção geométrica em EPSG:5880","metodo_na_bacia":"ponto_representativo_grade_2022_within_bacia","pop_n_validos":1,"pop_n_total":1,"pop_completude":1.0,"dom_n_validos":1,"dom_n_total":1,"dom_completude":1.0},"geometry":{"type":"Polygon","coordinates":[[[-51.969814277406954,-29.372965530834524],[-51.96982873490816,-29.371099911531633],[-51.9678364874639,-29.37108636594301],[-51.96782201557352,-29.37295198524595],[-51.969814277406954,-29.372965530834524]]]}},{"type":"Feature","properties":{"id_grade":"200ME52032N80768","pop":3,"dom":1,"universo_dom":"domicilios_ocupados_grade_ibge_2022","na_bacia":1,"area_pct_bacia":100.0,"metodo_recorte_bacia":"ponto_representativo_grade_2022; area_pct_geometrica","status_borda_bacia":"total","metodo_area_bacia":"interseção geométrica em EPSG:5880","metodo_na_bacia":"ponto_representativo_grade_2022_within_bacia","pop_n_validos":1,"pop_n_total":1,"pop_completude":1.0,"dom_n_validos":1,"dom_n_total":1,"dom_completude":1.0},"geometry":{"type":"Polygon","coordinates":[[[-51.97580547814028,-29.37114046825803],[-51.97581989337334,-29.369274868740142],[-51.97382765941893,-29.369261363620975],[-51.97381322979669,-29.371126963138753],[-51.97580547814028,-29.37114046825803]]]}},{"type":"Feature","properties":{"id_grade":"200ME52034N80768","pop":7,"dom":4,"universo_dom":"domicilios_ocupados_grade_ibge_2022","na_bacia":1,"area_pct_bacia":100.0,"metodo_recorte_bacia":"ponto_representativo_grade_2022; area_pct_geometrica","status_borda_bacia":"total","metodo_area_bacia":"interseção geométrica em EPSG:5880","metodo_na_bacia":"ponto_representativo_grade_2022_within_bacia","pop_n_validos":1,"pop_n_total":1,"pop_completude":1.0,"dom_n_validos":1,"dom_n_total":1,"dom_completude":1.0},"geometry":{"type":"Polygon","coordinates":[[[-51.97381322979669,-29.371126963138753],[-51.97382765941893,-29.369261363620975],[-51.971835425464455,-29.369247845012012],[-51.971820982352426,-29.371113443630456],[-51.97381322979669,-29.371126963138753]]]}},{"type":"Feature","properties":{"id_grade":"200ME52036N80768","pop":10,"dom":2,"universo_dom":"domicilios_ocupados_grade_ibge_2022","na_bacia":1,"area_pct_bacia":100.0,"metodo_recorte_bacia":"ponto_representativo_grade_2022; area_pct_geometrica","status_borda_bacia":"total","metodo_area_bacia":"interseção geométrica em EPSG:5880","metodo_na_bacia":"ponto_representativo_grade_2022_within_bacia","pop_n_validos":1,"pop_n_total":1,"pop_completude":1.0,"dom_n_validos":1,"dom_n_total":1,"dom_completude":1.0},"geometry":{"type":"Polygon","coordinates":[[[-51.971820982352426,-29.371113443630456],[-51.971835425464455,-29.369247845012012],[-51.969843192409364,-29.36923431291314],[-51.96982873490816,-29.371099911531633],[-51.971820982352426,-29.371113443630456]]]}},{"type":"Feature","properties":{"id_grade":"200ME52030N80770","pop":21,"dom":7,"universo_dom":"domicilios_ocupados_grade_ibge_2022","na_bacia":1,"area_pct_bacia":100.0,"metodo_recorte_bacia":"ponto_representativo_grade_2022; area_pct_geometrica","status_borda_bacia":"total","metodo_area_bacia":"interseção geométrica em EPSG:5880","metodo_na_bacia":"ponto_representativo_grade_2022_within_bacia","pop_n_validos":1,"pop_n_total":1,"pop_completude":1.0,"dom_n_validos":1,"dom_n_total":1,"dom_completude":1.0},"geometry":{"type":"Polygon","coordinates":[[[-51.97781212642843,-29.369288361268723],[-51.977826527272384,-29.367422781536074],[-51.97583430770709,-29.36740928990677],[-51.97581989337334,-29.369274868740142],[-51.97781212642843,-29.369288361268723]]]}},{"type":"Feature","properties":{"id_grade":"200ME52032N80770","pop":8,"dom":3,"universo_dom":"domicilios_ocupados_grade_ibge_2022","na_bacia":1,"area_pct_bacia":100.0,"metodo_recorte_bacia":"ponto_representativo_grade_2022; area_pct_geometrica","status_borda_bacia":"total","metodo_area_bacia":"interseção geométrica em EPSG:5880","metodo_na_bacia":"ponto_representativo_grade_2022_within_bacia","pop_n_validos":1,"pop_n_total":1,"pop_completude":1.0,"dom_n_validos":1,"dom_n_total":1,"dom_completude":1.0},"geometry":{"type":"Polygon","coordinates":[[[-51.97581989337334,-29.369274868740142],[-51.97583430770709,-29.36740928990677],[-51.973842088141794,-29.367395784787607],[-51.97382765941893,-29.369261363620975],[-51.97581989337334,-29.369274868740142]]]}},{"type":"Feature","properties":{"id_grade":"200ME52034N80770","pop":4,"dom":2,"universo_dom":"domicilios_ocupados_grade_ibge_2022","na_bacia":1,"area_pct_bacia":100.0,"metodo_recorte_bacia":"ponto_representativo_grade_2022; area_pct_geometrica","status_borda_bacia":"total","metodo_area_bacia":"interseção geométrica em EPSG:5880","metodo_na_bacia":"ponto_representativo_grade_2022_within_bacia","pop_n_validos":1,"pop_n_total":1,"pop_completude":1.0,"dom_n_validos":1,"dom_n_total":1,"dom_completude":1.0},"geometry":{"type":"Polygon","coordinates":[[[-51.97382765941893,-29.369261363620975],[-51.973842088141794,-29.367395784787607],[-51.971849869475875,-29.367382266178524],[-51.971835425464455,-29.369247845012012],[-51.97382765941893,-29.369261363620975]]]}},{"type":"Feature","properties":{"id_grade":"200ME52036N80770","pop":1,"dom":1,"universo_dom":"domicilios_ocupados_grade_ibge_2022","na_bacia":1,"area_pct_bacia":100.0,"metodo_recorte_bacia":"ponto_representativo_grade_2022; area_pct_geometrica","status_borda_bacia":"total","metodo_area_bacia":"interseção geométrica em EPSG:5880","metodo_na_bacia":"ponto_representativo_grade_2022_within_bacia","pop_n_validos":1,"pop_n_total":1,"pop_completude":1.0,"dom_n_validos":1,"dom_n_total":1,"dom_completude":1.0},"geometry":{"type":"Polygon","coordinates":[[[-51.971835425464455,-29.369247845012012],[-51.971849869475875,-29.367382266178524],[-51.96985764991057,-29.367368734979074],[-51.969843192409364,-29.36923431291314],[-51.971835425464455,-29.369247845012012]]]}},{"type":"Feature","properties":{"id_grade":"200ME52040N80716","pop":64,"dom":22,"universo_dom":"domicilios_ocupados_grade_ibge_2022","na_bacia":1,"area_pct_bacia":100.0,"metodo_recorte_bacia":"ponto_representativo_grade_2022; area_pct_geometrica","status_borda_bacia":"total","metodo_area_bacia":"interseção geométrica em EPSG:5880","metodo_na_bacia":"ponto_representativo_grade_2022_within_bacia","pop_n_validos":1,"pop_n_total":1,"pop_completude":1.0,"dom_n_validos":1,"dom_n_total":1,"dom_completude":1.0},"geometry":{"type":"Polygon","coordinates":[[[-51.96746014546932,-29.419599026573795],[-51.96747462275562,-29.41773290185189],[-51.96548202097848,-29.417719336478147],[-51.965467529303,-29.41958546120001],[-51.96746014546932,-29.419599026573795]]]}},{"type":"Feature","properties":{"id_grade":"200ME52048N80716","pop":2,"dom":1,"universo_dom":"domicilios_ocupados_grade_ibge_2022","na_bacia":1,"area_pct_bacia":100.0,"metodo_recorte_bacia":"ponto_representativo_grade_2022; area_pct_geometrica","status_borda_bacia":"total","metodo_area_bacia":"interseção geométrica em EPSG:5880","metodo_na_bacia":"ponto_representativo_grade_2022_within_bacia","pop_n_validos":1,"pop_n_total":1,"pop_completude":1.0,"dom_n_validos":1,"dom_n_total":1,"dom_completude":1.0},"geometry":{"type":"Polygon","coordinates":[[[-51.959489683502056,-29.419544685938384],[-51.95950421744561,-29.41767856211591],[-51.95751161656779,-29.41766494458155],[-51.95749706823506,-29.419531068403984],[-51.959489683502056,-29.419544685938384]]]}},{"type":"Feature","properties":{"id_grade":"200ME52040N80718","pop":10,"dom":3,"universo_dom":"domicilios_ocupados_grade_ibge_2022","na_bacia":1,"area_pct_bacia":100.0,"metodo_recorte_bacia":"ponto_representativo_grade_2022; area_pct_geometrica","status_borda_bacia":"total","metodo_area_bacia":"interseção geométrica em EPSG:5880","metodo_na_bacia":"ponto_representativo_grade_2022_within_bacia","pop_n_validos":1,"pop_n_total":1,"pop_completude":1.0,"dom_n_validos":1,"dom_n_total":1,"dom_completude":1.0},"geometry":{"type":"Polygon","coordinates":[[[-51.96747462275562,-29.41773290185189],[-51.96748910004192,-29.415866796915097],[-51.965496512653885,-29.41585323244069],[-51.96548202097848,-29.417719336478147],[-51.96747462275562,-29.41773290185189]]]}},{"type":"Feature","properties":{"id_grade":"200ME52042N80718","pop":2,"dom":1,"universo_dom":"domicilios_ocupados_grade_ibge_2022","na_bacia":1,"area_pct_bacia":100.0,"metodo_recorte_bacia":"ponto_representativo_grade_2022; area_pct_geometrica","status_borda_bacia":"total","metodo_area_bacia":"interseção geométrica em EPSG:5880","metodo_na_bacia":"ponto_representativo_grade_2022_within_bacia","pop_n_validos":1,"pop_n_total":1,"pop_completude":1.0,"dom_n_validos":1,"dom_n_total":1,"dom_completude":1.0},"geometry":{"type":"Polygon","coordinates":[[[-51.96548202097848,-29.417719336478147],[-51.965496512653885,-29.41585323244069],[-51.96350392526591,-29.415839654476436],[-51.96348942010064,-29.41770575851381],[-51.96548202097848,-29.417719336478147]]]}},{"type":"Feature","properties":{"id_grade":"200ME52044N80718","pop":5,"dom":1,"universo_dom":"domicilios_ocupados_grade_ibge_2022","na_bacia":1,"area_pct_bacia":100.0,"metodo_recorte_bacia":"ponto_representativo_grade_2022; area_pct_geometrica","status_borda_bacia":"total","metodo_area_bacia":"interseção geométrica em EPSG:5880","metodo_na_bacia":"ponto_representativo_grade_2022_within_bacia","pop_n_validos":1,"pop_n_total":1,"pop_completude":1.0,"dom_n_validos":1,"dom_n_total":1,"dom_completude":1.0},"geometry":{"type":"Polygon","coordinates":[[[-51.96348942010064,-29.41770575851381],[-51.96350392526591,-29.415839654476436],[-51.96151133787788,-29.415826063022262],[-51.96149681832344,-29.417692167059855],[-51.96348942010064,-29.41770575851381]]]}},{"type":"Feature","properties":{"id_grade":"200ME52046N80718","pop":12,"dom":5,"universo_dom":"domicilios_ocupados_grade_ibge_2022","na_bacia":1,"area_pct_bacia":100.0,"metodo_recorte_bacia":"ponto_representativo_grade_2022; area_pct_geometrica","status_borda_bacia":"total","metodo_area_bacia":"interseção geométrica em EPSG:5880","metodo_na_bacia":"ponto_representativo_grade_2022_within_bacia","pop_n_validos":1,"pop_n_total":1,"pop_completude":1.0,"dom_n_validos":1,"dom_n_total":1,"dom_completude":1.0},"geometry":{"type":"Polygon","coordinates":[[[-51.96149681832344,-29.417692167059855],[-51.96151133787788,-29.415826063022262],[-51.95951875138922,-29.415812458977786],[-51.95950421744561,-29.41767856211591],[-51.96149681832344,-29.417692167059855]]]}},{"type":"Feature","properties":{"id_grade":"200ME52048N80718","pop":19,"dom":6,"universo_dom":"domicilios_ocupados_grade_ibge_2022","na_bacia":1,"area_pct_bacia":100.0,"metodo_recorte_bacia":"ponto_representativo_grade_2022; area_pct_geometrica","status_borda_bacia":"total","metodo_area_bacia":"interseção geométrica em EPSG:5880","metodo_na_bacia":"ponto_representativo_grade_2022_within_bacia","pop_n_validos":1,"pop_n_total":1,"pop_completude":1.0,"dom_n_validos":1,"dom_n_total":1,"dom_completude":1.0},"geometry":{"type":"Polygon","coordinates":[[[-51.95950421744561,-29.41767856211591],[-51.95951875138922,-29.415812458977786],[-51.95752616400125,-29.415798841443344],[-51.95751161656779,-29.41766494458155],[-51.95950421744561,-29.41767856211591]]]}},{"type":"Feature","properties":{"id_grade":"200ME52040N80720","pop":2,"dom":1,"universo_dom":"domicilios_ocupados_grade_ibge_2022","na_bacia":1,"area_pct_bacia":100.0,"metodo_recorte_bacia":"ponto_representativo_grade_2022; area_pct_geometrica","status_borda_bacia":"total","metodo_area_bacia":"interseção geométrica em EPSG:5880","metodo_na_bacia":"ponto_representativo_grade_2022_within_bacia","pop_n_validos":1,"pop_n_total":1,"pop_completude":1.0,"dom_n_validos":1,"dom_n_total":1,"dom_completude":1.0},"geometry":{"type":"Polygon","coordinates":[[[-51.96748910004192,-29.415866796915097],[-51.96750357642884,-29.414000712662784],[-51.96551100343004,-29.41398714818828],[-51.965496512653885,-29.41585323244069],[-51.96748910004192,-29.415866796915097]]]}},{"type":"Feature","properties":{"id_grade":"200ME52044N80720","pop":24,"dom":11,"universo_dom":"domicilios_ocupados_grade_ibge_2022","na_bacia":1,"area_pct_bacia":100.0,"metodo_recorte_bacia":"ponto_representativo_grade_2022; area_pct_geometrica","status_borda_bacia":"total","metodo_area_bacia":"interseção geométrica em EPSG:5880","metodo_na_bacia":"ponto_representativo_grade_2022_within_bacia","pop_n_validos":1,"pop_n_total":1,"pop_completude":1.0,"dom_n_validos":1,"dom_n_total":1,"dom_completude":1.0},"geometry":{"type":"Polygon","coordinates":[[[-51.96350392526591,-29.415839654476436],[-51.96351843043118,-29.413973571123393],[-51.96152585743232,-29.41395997966927],[-51.96151133787788,-29.415826063022262],[-51.96350392526591,-29.415839654476436]]]}},{"type":"Feature","properties":{"id_grade":"200ME52046N80720","pop":86,"dom":31,"universo_dom":"domicilios_ocupados_grade_ibge_2022","na_bacia":1,"area_pct_bacia":100.0,"metodo_recorte_bacia":"ponto_representativo_grade_2022; area_pct_geometrica","status_borda_bacia":"total","metodo_area_bacia":"interseção geométrica em EPSG:5880","metodo_na_bacia":"ponto_representativo_grade_2022_within_bacia","pop_n_validos":1,"pop_n_total":1,"pop_completude":1.0,"dom_n_validos":1,"dom_n_total":1,"dom_completude":1.0},"geometry":{"type":"Polygon","coordinates":[[[-51.96151133787788,-29.415826063022262],[-51.96152585743232,-29.41395997966927],[-51.95953328443346,-29.413946375624647],[-51.95951875138922,-29.415812458977786],[-51.96151133787788,-29.415826063022262]]]}},{"type":"Feature","properties":{"id_grade":"200ME52048N80720","pop":42,"dom":18,"universo_dom":"domicilios_ocupados_grade_ibge_2022","na_bacia":1,"area_pct_bacia":100.0,"metodo_recorte_bacia":"ponto_representativo_grade_2022; area_pct_geometrica","status_borda_bacia":"total","metodo_area_bacia":"interseção geométrica em EPSG:5880","metodo_na_bacia":"ponto_representativo_grade_2022_within_bacia","pop_n_validos":1,"pop_n_total":1,"pop_completude":1.0,"dom_n_validos":1,"dom_n_total":1,"dom_completude":1.0},"geometry":{"type":"Polygon","coordinates":[[[-51.95951875138922,-29.415812458977786],[-51.95953328443346,-29.413946375624647],[-51.95754071233398,-29.41393275809027],[-51.95752616400125,-29.415798841443344],[-51.95951875138922,-29.415812458977786]]]}},{"type":"Feature","properties":{"id_grade":"200ME52040N80722","pop":109,"dom":40,"universo_dom":"domicilios_ocupados_grade_ibge_2022","na_bacia":1,"area_pct_bacia":100.0,"metodo_recorte_bacia":"ponto_representativo_grade_2022; area_pct_geometrica","status_borda_bacia":"total","metodo_area_bacia":"interseção geométrica em EPSG:5880","metodo_na_bacia":"ponto_representativo_grade_2022_within_bacia","pop_n_validos":1,"pop_n_total":1,"pop_completude":1.0,"dom_n_validos":1,"dom_n_total":1,"dom_completude":1.0},"geometry":{"type":"Polygon","coordinates":[[[-51.96750357642884,-29.414000712662784],[-51.96751805371514,-29.412134649094817],[-51.96552549420613,-29.412121084620296],[-51.96551100343004,-29.41398714818828],[-51.96750357642884,-29.414000712662784]]]}},{"type":"Feature","properties":{"id_grade":"200ME52044N80722","pop":20,"dom":8,"universo_dom":"domicilios_ocupados_grade_ibge_2022","na_bacia":1,"area_pct_bacia":100.0,"metodo_recorte_bacia":"ponto_representativo_grade_2022; area_pct_geometrica","status_borda_bacia":"total","metodo_area_bacia":"interseção geométrica em EPSG:5880","metodo_na_bacia":"ponto_representativo_grade_2022_within_bacia","pop_n_validos":1,"pop_n_total":1,"pop_completude":1.0,"dom_n_validos":1,"dom_n_total":1,"dom_completude":1.0},"geometry":{"type":"Polygon","coordinates":[[[-51.96351843043118,-29.413973571123393],[-51.963532935596454,-29.41210750755547],[-51.961540376986754,-29.41209391700062],[-51.96152585743232,-29.41395997966927],[-51.96351843043118,-29.413973571123393]]]}},{"type":"Feature","properties":{"id_grade":"200ME52046N80722","pop":74,"dom":29,"universo_dom":"domicilios_ocupados_grade_ibge_2022","na_bacia":1,"area_pct_bacia":100.0,"metodo_recorte_bacia":"ponto_representativo_grade_2022; area_pct_geometrica","status_borda_bacia":"total","metodo_area_bacia":"interseção geométrica em EPSG:5880","metodo_na_bacia":"ponto_representativo_grade_2022_within_bacia","pop_n_validos":1,"pop_n_total":1,"pop_completude":1.0,"dom_n_validos":1,"dom_n_total":1,"dom_completude":1.0},"geometry":{"type":"Polygon","coordinates":[[[-51.96152585743232,-29.41395997966927],[-51.961540376986754,-29.41209391700062],[-51.95954781837708,-29.412080312956043],[-51.95953328443346,-29.413946375624647],[-51.96152585743232,-29.41395997966927]]]}},{"type":"Feature","properties":{"id_grade":"200ME52044N80724","pop":48,"dom":17,"universo_dom":"domicilios_ocupados_grade_ibge_2022","na_bacia":1,"area_pct_bacia":100.0,"metodo_recorte_bacia":"ponto_representativo_grade_2022; area_pct_geometrica","status_borda_bacia":"total","metodo_area_bacia":"interseção geométrica em EPSG:5880","metodo_na_bacia":"ponto_representativo_grade_2022_within_bacia","pop_n_validos":1,"pop_n_total":1,"pop_completude":1.0,"dom_n_validos":1,"dom_n_total":1,"dom_completude":1.0},"geometry":{"type":"Polygon","coordinates":[[[-51.963532935596454,-29.41210750755547],[-51.963547439862396,-29.410241464671795],[-51.96155489564188,-29.410227874117012],[-51.961540376986754,-29.41209391700062],[-51.963532935596454,-29.41210750755547]]]}},{"type":"Feature","properties":{"id_grade":"200ME52046N80724","pop":21,"dom":7,"universo_dom":"domicilios_ocupados_grade_ibge_2022","na_bacia":1,"area_pct_bacia":100.0,"metodo_recorte_bacia":"ponto_representativo_grade_2022; area_pct_geometrica","status_borda_bacia":"total","metodo_area_bacia":"interseção geométrica em EPSG:5880","metodo_na_bacia":"ponto_representativo_grade_2022_within_bacia","pop_n_validos":1,"pop_n_total":1,"pop_completude":1.0,"dom_n_validos":1,"dom_n_total":1,"dom_completude":1.0},"geometry":{"type":"Polygon","coordinates":[[[-51.961540376986754,-29.41209391700062],[-51.96155489564188,-29.410227874117012],[-51.95956235142131,-29.410214270072466],[-51.95954781837708,-29.412080312956043],[-51.961540376986754,-29.41209391700062]]]}},{"type":"Feature","properties":{"id_grade":"200ME52048N80724","pop":3,"dom":1,"universo_dom":"domicilios_ocupados_grade_ibge_2022","na_bacia":1,"area_pct_bacia":100.0,"metodo_recorte_bacia":"ponto_representativo_grade_2022; area_pct_geometrica","status_borda_bacia":"total","metodo_area_bacia":"interseção geométrica em EPSG:5880","metodo_na_bacia":"ponto_representativo_grade_2022_within_bacia","pop_n_validos":1,"pop_n_total":1,"pop_completude":1.0,"dom_n_validos":1,"dom_n_total":1,"dom_completude":1.0},"geometry":{"type":"Polygon","coordinates":[[[-51.95954781837708,-29.412080312956043],[-51.95956235142131,-29.410214270072466],[-51.9575698072008,-29.410200653437386],[-51.957555259767396,-29.412066695421643],[-51.95954781837708,-29.412080312956043]]]}},{"type":"Feature","properties":{"id_grade":"200ME52040N80726","pop":56,"dom":24,"universo_dom":"domicilios_ocupados_grade_ibge_2022","na_bacia":1,"area_pct_bacia":100.0,"metodo_recorte_bacia":"ponto_representativo_grade_2022; area_pct_geometrica","status_borda_bacia":"total","metodo_area_bacia":"interseção geométrica em EPSG:5880","metodo_na_bacia":"ponto_representativo_grade_2022_within_bacia","pop_n_validos":1,"pop_n_total":1,"pop_completude":1.0,"dom_n_validos":1,"dom_n_total":1,"dom_completude":1.0},"geometry":{"type":"Polygon","coordinates":[[[-51.96753253010212,-29.41026860531183],[-51.96754700648909,-29.408402582213377],[-51.965554475758374,-29.408389018638267],[-51.96553998498228,-29.410255041736725],[-51.96753253010212,-29.41026860531183]]]}},{"type":"Feature","properties":{"id_grade":"200ME52042N80726","pop":27,"dom":12,"universo_dom":"domicilios_ocupados_grade_ibge_2022","na_bacia":1,"area_pct_bacia":100.0,"metodo_recorte_bacia":"ponto_representativo_grade_2022; area_pct_geometrica","status_borda_bacia":"total","metodo_area_bacia":"interseção geométrica em EPSG:5880","metodo_na_bacia":"ponto_representativo_grade_2022_within_bacia","pop_n_validos":1,"pop_n_total":1,"pop_completude":1.0,"dom_n_validos":1,"dom_n_total":1,"dom_completude":1.0},"geometry":{"type":"Polygon","coordinates":[[[-51.96553998498228,-29.410255041736725],[-51.965554475758374,-29.408389018638267],[-51.96356194502771,-29.4083754415733],[-51.963547439862396,-29.410241464671795],[-51.96553998498228,-29.410255041736725]]]}},{"type":"Feature","properties":{"id_grade":"200ME52044N80726","pop":81,"dom":29,"universo_dom":"domicilios_ocupados_grade_ibge_2022","na_bacia":1,"area_pct_bacia":100.0,"metodo_recorte_bacia":"ponto_representativo_grade_2022; area_pct_geometrica","status_borda_bacia":"total","metodo_area_bacia":"interseção geométrica em EPSG:5880","metodo_na_bacia":"ponto_representativo_grade_2022_within_bacia","pop_n_validos":1,"pop_n_total":1,"pop_completude":1.0,"dom_n_validos":1,"dom_n_total":1,"dom_completude":1.0},"geometry":{"type":"Polygon","coordinates":[[[-51.963547439862396,-29.410241464671795],[-51.96356194502771,-29.4083754415733],[-51.961569414297,-29.408361851018572],[-51.96155489564188,-29.410227874117012],[-51.963547439862396,-29.410241464671795]]]}},{"type":"Feature","properties":{"id_grade":"200ME52046N80726","pop":94,"dom":36,"universo_dom":"domicilios_ocupados_grade_ibge_2022","na_bacia":1,"area_pct_bacia":100.0,"metodo_recorte_bacia":"ponto_representativo_grade_2022; area_pct_geometrica","status_borda_bacia":"total","metodo_area_bacia":"interseção geométrica em EPSG:5880","metodo_na_bacia":"ponto_representativo_grade_2022_within_bacia","pop_n_validos":1,"pop_n_total":1,"pop_completude":1.0,"dom_n_validos":1,"dom_n_total":1,"dom_completude":1.0},"geometry":{"type":"Polygon","coordinates":[[[-51.96155489564188,-29.410227874117012],[-51.961569414297,-29.408361851018572],[-51.95957688446561,-29.408348247873338],[-51.95956235142131,-29.410214270072466],[-51.96155489564188,-29.410227874117012]]]}},{"type":"Feature","properties":{"id_grade":"200ME52048N80726","pop":8,"dom":3,"universo_dom":"domicilios_ocupados_grade_ibge_2022","na_bacia":1,"area_pct_bacia":100.0,"metodo_recorte_bacia":"ponto_representativo_grade_2022; area_pct_geometrica","status_borda_bacia":"total","metodo_area_bacia":"interseção geométrica em EPSG:5880","metodo_na_bacia":"ponto_representativo_grade_2022_within_bacia","pop_n_validos":1,"pop_n_total":1,"pop_completude":1.0,"dom_n_validos":1,"dom_n_total":1,"dom_completude":1.0},"geometry":{"type":"Polygon","coordinates":[[[-51.95956235142131,-29.410214270072466],[-51.95957688446561,-29.408348247873338],[-51.95758435463421,-29.40833463123811],[-51.9575698072008,-29.410200653437386],[-51.95956235142131,-29.410214270072466]]]}},{"type":"Feature","properties":{"id_grade":"200ME52040N80728","pop":97,"dom":38,"universo_dom":"domicilios_ocupados_grade_ibge_2022","na_bacia":1,"area_pct_bacia":100.0,"metodo_recorte_bacia":"ponto_representativo_grade_2022; area_pct_geometrica","status_borda_bacia":"total","metodo_area_bacia":"interseção geométrica em EPSG:5880","metodo_na_bacia":"ponto_representativo_grade_2022_within_bacia","pop_n_validos":1,"pop_n_total":1,"pop_completude":1.0,"dom_n_validos":1,"dom_n_total":1,"dom_completude":1.0},"geometry":{"type":"Polygon","coordinates":[[[-51.96754700648909,-29.408402582213377],[-51.96756148197676,-29.40653657889994],[-51.96556896563521,-29.406523015324872],[-51.965554475758374,-29.408389018638267],[-51.96754700648909,-29.408402582213377]]]}},{"type":"Feature","properties":{"id_grade":"200ME52042N80728","pop":92,"dom":39,"universo_dom":"domicilios_ocupados_grade_ibge_2022","na_bacia":1,"area_pct_bacia":100.0,"metodo_recorte_bacia":"ponto_representativo_grade_2022; area_pct_geometrica","status_borda_bacia":"total","metodo_area_bacia":"interseção geométrica em EPSG:5880","metodo_na_bacia":"ponto_representativo_grade_2022_within_bacia","pop_n_validos":1,"pop_n_total":1,"pop_completude":1.0,"dom_n_validos":1,"dom_n_total":1,"dom_completude":1.0},"geometry":{"type":"Polygon","coordinates":[[[-51.965554475758374,-29.408389018638267],[-51.96556896563521,-29.406523015324872],[-51.963576449293676,-29.4065094391593],[-51.96356194502771,-29.4083754415733],[-51.965554475758374,-29.408389018638267]]]}},{"type":"Feature","properties":{"id_grade":"200ME52044N80728","pop":70,"dom":28,"universo_dom":"domicilios_ocupados_grade_ibge_2022","na_bacia":1,"area_pct_bacia":100.0,"metodo_recorte_bacia":"ponto_representativo_grade_2022; area_pct_geometrica","status_borda_bacia":"total","metodo_area_bacia":"interseção geométrica em EPSG:5880","metodo_na_bacia":"ponto_representativo_grade_2022_within_bacia","pop_n_validos":1,"pop_n_total":1,"pop_completude":1.0,"dom_n_validos":1,"dom_n_total":1,"dom_completude":1.0},"geometry":{"type":"Polygon","coordinates":[[[-51.96356194502771,-29.4083754415733],[-51.963576449293676,-29.4065094391593],[-51.96158393295212,-29.406495848604486],[-51.961569414297,-29.408361851018572],[-51.96356194502771,-29.4083754415733]]]}},{"type":"Feature","properties":{"id_grade":"200ME52046N80728","pop":15,"dom":5,"universo_dom":"domicilios_ocupados_grade_ibge_2022","na_bacia":1,"area_pct_bacia":100.0,"metodo_recorte_bacia":"ponto_representativo_grade_2022; area_pct_geometrica","status_borda_bacia":"total","metodo_area_bacia":"interseção geométrica em EPSG:5880","metodo_na_bacia":"ponto_representativo_grade_2022_within_bacia","pop_n_validos":1,"pop_n_total":1,"pop_completude":1.0,"dom_n_validos":1,"dom_n_total":1,"dom_completude":1.0},"geometry":{"type":"Polygon","coordinates":[[[-51.961569414297,-29.408361851018572],[-51.96158393295212,-29.406495848604486],[-51.95959141750984,-29.40648224545928],[-51.95957688446561,-29.408348247873338],[-51.961569414297,-29.408361851018572]]]}},{"type":"Feature","properties":{"id_grade":"200ME52048N80728","pop":4,"dom":2,"universo_dom":"domicilios_ocupados_grade_ibge_2022","na_bacia":1,"area_pct_bacia":100.0,"metodo_recorte_bacia":"ponto_representativo_grade_2022; area_pct_geometrica","status_borda_bacia":"total","metodo_area_bacia":"interseção geométrica em EPSG:5880","metodo_na_bacia":"ponto_representativo_grade_2022_within_bacia","pop_n_validos":1,"pop_n_total":1,"pop_completude":1.0,"dom_n_validos":1,"dom_n_total":1,"dom_completude":1.0},"geometry":{"type":"Polygon","coordinates":[[[-51.95957688446561,-29.408348247873338],[-51.95959141750984,-29.40648224545928],[-51.9575989011683,-29.40646862882411],[-51.95758435463421,-29.40833463123811],[-51.95957688446561,-29.408348247873338]]]}},{"type":"Feature","properties":{"id_grade":"200ME52040N80730","pop":23,"dom":8,"universo_dom":"domicilios_ocupados_grade_ibge_2022","na_bacia":1,"area_pct_bacia":100.0,"metodo_recorte_bacia":"ponto_representativo_grade_2022; area_pct_geometrica","status_borda_bacia":"total","metodo_area_bacia":"interseção geométrica em EPSG:5880","metodo_na_bacia":"ponto_representativo_grade_2022_within_bacia","pop_n_validos":1,"pop_n_total":1,"pop_completude":1.0,"dom_n_validos":1,"dom_n_total":1,"dom_completude":1.0},"geometry":{"type":"Polygon","coordinates":[[[-51.96756148197676,-29.40653657889994],[-51.96757595836374,-29.404670596270936],[-51.965583455512046,-29.404657032695862],[-51.96556896563521,-29.406523015324872],[-51.96756148197676,-29.40653657889994]]]}},{"type":"Feature","properties":{"id_grade":"200ME52042N80730","pop":30,"dom":13,"universo_dom":"domicilios_ocupados_grade_ibge_2022","na_bacia":1,"area_pct_bacia":100.0,"metodo_recorte_bacia":"ponto_representativo_grade_2022; area_pct_geometrica","status_borda_bacia":"total","metodo_area_bacia":"interseção geométrica em EPSG:5880","metodo_na_bacia":"ponto_representativo_grade_2022_within_bacia","pop_n_validos":1,"pop_n_total":1,"pop_completude":1.0,"dom_n_validos":1,"dom_n_total":1,"dom_completude":1.0},"geometry":{"type":"Polygon","coordinates":[[[-51.96556896563521,-29.406523015324872],[-51.965583455512046,-29.404657032695862],[-51.96359095355962,-29.404643456530252],[-51.963576449293676,-29.4065094391593],[-51.96556896563521,-29.406523015324872]]]}},{"type":"Feature","properties":{"id_grade":"200ME52044N80730","pop":10,"dom":5,"universo_dom":"domicilios_ocupados_grade_ibge_2022","na_bacia":1,"area_pct_bacia":100.0,"metodo_recorte_bacia":"ponto_representativo_grade_2022; area_pct_geometrica","status_borda_bacia":"total","metodo_area_bacia":"interseção geométrica em EPSG:5880","metodo_na_bacia":"ponto_representativo_grade_2022_within_bacia","pop_n_validos":1,"pop_n_total":1,"pop_completude":1.0,"dom_n_validos":1,"dom_n_total":1,"dom_completude":1.0},"geometry":{"type":"Polygon","coordinates":[[[-51.963576449293676,-29.4065094391593],[-51.96359095355962,-29.404643456530252],[-51.96159845160719,-29.404629866874796],[-51.96158393295212,-29.406495848604486],[-51.963576449293676,-29.4065094391593]]]}},{"type":"Feature","properties":{"id_grade":"200ME52046N80730","pop":30,"dom":1,"universo_dom":"domicilios_ocupados_grade_ibge_2022","na_bacia":1,"area_pct_bacia":100.0,"metodo_recorte_bacia":"ponto_representativo_grade_2022; area_pct_geometrica","status_borda_bacia":"total","metodo_area_bacia":"interseção geométrica em EPSG:5880","metodo_na_bacia":"ponto_representativo_grade_2022_within_bacia","pop_n_validos":1,"pop_n_total":1,"pop_completude":1.0,"dom_n_validos":1,"dom_n_total":1,"dom_completude":1.0},"geometry":{"type":"Polygon","coordinates":[[[-51.96158393295212,-29.406495848604486],[-51.96159845160719,-29.404629866874796],[-51.95960594965481,-29.404616263729558],[-51.95959141750984,-29.40648224545928],[-51.96158393295212,-29.406495848604486]]]}},{"type":"Feature","properties":{"id_grade":"200ME52042N80732","pop":14,"dom":5,"universo_dom":"domicilios_ocupados_grade_ibge_2022","na_bacia":1,"area_pct_bacia":100.0,"metodo_recorte_bacia":"ponto_representativo_grade_2022; area_pct_geometrica","status_borda_bacia":"total","metodo_area_bacia":"interseção geométrica em EPSG:5880","metodo_na_bacia":"ponto_representativo_grade_2022_within_bacia","pop_n_validos":1,"pop_n_total":1,"pop_completude":1.0,"dom_n_validos":1,"dom_n_total":1,"dom_completude":1.0},"geometry":{"type":"Polygon","coordinates":[[[-51.965583455512046,-29.404657032695862],[-51.965597945388815,-29.402791070751242],[-51.96360545782556,-29.402777494585695],[-51.96359095355962,-29.404643456530252],[-51.965583455512046,-29.404657032695862]]]}},{"type":"Feature","properties":{"id_grade":"200ME52044N80732","pop":86,"dom":33,"universo_dom":"domicilios_ocupados_grade_ibge_2022","na_bacia":1,"area_pct_bacia":100.0,"metodo_recorte_bacia":"ponto_representativo_grade_2022; area_pct_geometrica","status_borda_bacia":"total","metodo_area_bacia":"interseção geométrica em EPSG:5880","metodo_na_bacia":"ponto_representativo_grade_2022_within_bacia","pop_n_validos":1,"pop_n_total":1,"pop_completude":1.0,"dom_n_validos":1,"dom_n_total":1,"dom_completude":1.0},"geometry":{"type":"Polygon","coordinates":[[[-51.96359095355962,-29.404643456530252],[-51.96360545782556,-29.402777494585695],[-51.96161296936299,-29.40276390493023],[-51.96159845160719,-29.404629866874796],[-51.96359095355962,-29.404643456530252]]]}},{"type":"Feature","properties":{"id_grade":"200ME52046N80732","pop":13,"dom":4,"universo_dom":"domicilios_ocupados_grade_ibge_2022","na_bacia":1,"area_pct_bacia":100.0,"metodo_recorte_bacia":"ponto_representativo_grade_2022; area_pct_geometrica","status_borda_bacia":"total","metodo_area_bacia":"interseção geométrica em EPSG:5880","metodo_na_bacia":"ponto_representativo_grade_2022_within_bacia","pop_n_validos":1,"pop_n_total":1,"pop_completude":1.0,"dom_n_validos":1,"dom_n_total":1,"dom_completude":1.0},"geometry":{"type":"Polygon","coordinates":[[[-51.96159845160719,-29.404629866874796],[-51.96161296936299,-29.40276390493023],[-51.95962048179973,-29.402750301784913],[-51.95960594965481,-29.404616263729558],[-51.96159845160719,-29.404629866874796]]]}},{"type":"Feature","properties":{"id_grade":"200ME52048N80732","pop":5,"dom":2,"universo_dom":"domicilios_ocupados_grade_ibge_2022","na_bacia":1,"area_pct_bacia":100.0,"metodo_recorte_bacia":"ponto_representativo_grade_2022; area_pct_geometrica","status_borda_bacia":"total","metodo_area_bacia":"interseção geométrica em EPSG:5880","metodo_na_bacia":"ponto_representativo_grade_2022_within_bacia","pop_n_validos":1,"pop_n_total":1,"pop_completude":1.0,"dom_n_validos":1,"dom_n_total":1,"dom_completude":1.0},"geometry":{"type":"Polygon","coordinates":[[[-51.95960594965481,-29.404616263729558],[-51.95962048179973,-29.402750301784913],[-51.95762799513585,-29.40273668604918],[-51.957613448601705,-29.404602647094446],[-51.95960594965481,-29.404616263729558]]]}},{"type":"Feature","properties":{"id_grade":"200ME52040N80734","pop":17,"dom":7,"universo_dom":"domicilios_ocupados_grade_ibge_2022","na_bacia":1,"area_pct_bacia":100.0,"metodo_recorte_bacia":"ponto_representativo_grade_2022; area_pct_geometrica","status_borda_bacia":"total","metodo_area_bacia":"interseção geométrica em EPSG:5880","metodo_na_bacia":"ponto_representativo_grade_2022_within_bacia","pop_n_validos":1,"pop_n_total":1,"pop_completude":1.0,"dom_n_validos":1,"dom_n_total":1,"dom_completude":1.0},"geometry":{"type":"Polygon","coordinates":[[[-51.9675904338514,-29.40280463342699],[-51.967604909339066,-29.400938691267495],[-51.965612435265655,-29.400925128591844],[-51.965597945388815,-29.402791070751242],[-51.9675904338514,-29.40280463342699]]]}},{"type":"Feature","properties":{"id_grade":"200ME52042N80734","pop":63,"dom":23,"universo_dom":"domicilios_ocupados_grade_ibge_2022","na_bacia":1,"area_pct_bacia":100.0,"metodo_recorte_bacia":"ponto_representativo_grade_2022; area_pct_geometrica","status_borda_bacia":"total","metodo_area_bacia":"interseção geométrica em EPSG:5880","metodo_na_bacia":"ponto_representativo_grade_2022_within_bacia","pop_n_validos":1,"pop_n_total":1,"pop_completude":1.0,"dom_n_validos":1,"dom_n_total":1,"dom_completude":1.0},"geometry":{"type":"Polygon","coordinates":[[[-51.965597945388815,-29.402791070751242],[-51.965612435265655,-29.400925128591844],[-51.963619961192194,-29.40091155242624],[-51.96360545782556,-29.402777494585695],[-51.965597945388815,-29.402791070751242]]]}},{"type":"Feature","properties":{"id_grade":"200ME52044N80734","pop":35,"dom":16,"universo_dom":"domicilios_ocupados_grade_ibge_2022","na_bacia":1,"area_pct_bacia":100.0,"metodo_recorte_bacia":"ponto_representativo_grade_2022; area_pct_geometrica","status_borda_bacia":"total","metodo_area_bacia":"interseção geométrica em EPSG:5880","metodo_na_bacia":"ponto_representativo_grade_2022_within_bacia","pop_n_validos":1,"pop_n_total":1,"pop_completude":1.0,"dom_n_validos":1,"dom_n_total":1,"dom_completude":1.0},"geometry":{"type":"Polygon","coordinates":[[[-51.96360545782556,-29.402777494585695],[-51.963619961192194,-29.40091155242624],[-51.96162748801811,-29.400897963670047],[-51.96161296936299,-29.40276390493023],[-51.96360545782556,-29.402777494585695]]]}},{"type":"Feature","properties":{"id_grade":"200ME52040N80736","pop":23,"dom":7,"universo_dom":"domicilios_ocupados_grade_ibge_2022","na_bacia":1,"area_pct_bacia":100.0,"metodo_recorte_bacia":"ponto_representativo_grade_2022; area_pct_geometrica","status_borda_bacia":"total","metodo_area_bacia":"interseção geométrica em EPSG:5880","metodo_na_bacia":"ponto_representativo_grade_2022_within_bacia","pop_n_validos":1,"pop_n_total":1,"pop_completude":1.0,"dom_n_validos":1,"dom_n_total":1,"dom_completude":1.0},"geometry":{"type":"Polygon","coordinates":[[[-51.967604909339066,-29.400938691267495],[-51.967619383927406,-29.39907276889312],[-51.96562692424311,-29.399059206217373],[-51.965612435265655,-29.400925128591844],[-51.967604909339066,-29.400938691267495]]]}},{"type":"Feature","properties":{"id_grade":"200ME52042N80736","pop":9,"dom":3,"universo_dom":"domicilios_ocupados_grade_ibge_2022","na_bacia":1,"area_pct_bacia":100.0,"metodo_recorte_bacia":"ponto_representativo_grade_2022; area_pct_geometrica","status_borda_bacia":"total","metodo_area_bacia":"interseção geométrica em EPSG:5880","metodo_na_bacia":"ponto_representativo_grade_2022_within_bacia","pop_n_validos":1,"pop_n_total":1,"pop_completude":1.0,"dom_n_validos":1,"dom_n_total":1,"dom_completude":1.0},"geometry":{"type":"Polygon","coordinates":[[[-51.965612435265655,-29.400925128591844],[-51.96562692424311,-29.399059206217373],[-51.96363446455882,-29.399045630951072],[-51.963619961192194,-29.40091155242624],[-51.965612435265655,-29.400925128591844]]]}},{"type":"Feature","properties":{"id_grade":"200ME52044N80736","pop":21,"dom":8,"universo_dom":"domicilios_ocupados_grade_ibge_2022","na_bacia":1,"area_pct_bacia":100.0,"metodo_recorte_bacia":"ponto_representativo_grade_2022; area_pct_geometrica","status_borda_bacia":"total","metodo_area_bacia":"interseção geométrica em EPSG:5880","metodo_na_bacia":"ponto_representativo_grade_2022_within_bacia","pop_n_validos":1,"pop_n_total":1,"pop_completude":1.0,"dom_n_validos":1,"dom_n_total":1,"dom_completude":1.0},"geometry":{"type":"Polygon","coordinates":[[[-51.963619961192194,-29.40091155242624],[-51.96363446455882,-29.399045630951072],[-51.9616420057739,-29.399032042194914],[-51.96162748801811,-29.400897963670047],[-51.963619961192194,-29.40091155242624]]]}},{"type":"Feature","properties":{"id_grade":"200ME52046N80736","pop":2,"dom":1,"universo_dom":"domicilios_ocupados_grade_ibge_2022","na_bacia":1,"area_pct_bacia":100.0,"metodo_recorte_bacia":"ponto_representativo_grade_2022; area_pct_geometrica","status_borda_bacia":"total","metodo_area_bacia":"interseção geométrica em EPSG:5880","metodo_na_bacia":"ponto_representativo_grade_2022_within_bacia","pop_n_validos":1,"pop_n_total":1,"pop_completude":1.0,"dom_n_validos":1,"dom_n_total":1,"dom_completude":1.0},"geometry":{"type":"Polygon","coordinates":[[[-51.96162748801811,-29.400897963670047],[-51.9616420057739,-29.399032042194914],[-51.95964954608962,-29.39901843994896],[-51.959635013944705,-29.40088436052484],[-51.96162748801811,-29.400897963670047]]]}},{"type":"Feature","properties":{"id_grade":"200ME52042N80738","pop":5,"dom":3,"universo_dom":"domicilios_ocupados_grade_ibge_2022","na_bacia":1,"area_pct_bacia":100.0,"metodo_recorte_bacia":"ponto_representativo_grade_2022; area_pct_geometrica","status_borda_bacia":"total","metodo_area_bacia":"interseção geométrica em EPSG:5880","metodo_na_bacia":"ponto_representativo_grade_2022_within_bacia","pop_n_validos":1,"pop_n_total":1,"pop_completude":1.0,"dom_n_validos":1,"dom_n_total":1,"dom_completude":1.0},"geometry":{"type":"Polygon","coordinates":[[[-51.96562692424311,-29.399059206217373],[-51.96564141411994,-29.397193305426583],[-51.9636489679255,-29.397179729261005],[-51.96363446455882,-29.399045630951072],[-51.96562692424311,-29.399059206217373]]]}},{"type":"Feature","properties":{"id_grade":"200ME52044N80738","pop":3,"dom":2,"universo_dom":"domicilios_ocupados_grade_ibge_2022","na_bacia":1,"area_pct_bacia":100.0,"metodo_recorte_bacia":"ponto_representativo_grade_2022; area_pct_geometrica","status_borda_bacia":"total","metodo_area_bacia":"interseção geométrica em EPSG:5880","metodo_na_bacia":"ponto_representativo_grade_2022_within_bacia","pop_n_validos":1,"pop_n_total":1,"pop_completude":1.0,"dom_n_validos":1,"dom_n_total":1,"dom_completude":1.0},"geometry":{"type":"Polygon","coordinates":[[[-51.96363446455882,-29.399045630951072],[-51.9636489679255,-29.397179729261005],[-51.96165652352972,-29.397166140504964],[-51.9616420057739,-29.399032042194914],[-51.96363446455882,-29.399045630951072]]]}},{"type":"Feature","properties":{"id_grade":"200ME52046N80738","pop":19,"dom":8,"universo_dom":"domicilios_ocupados_grade_ibge_2022","na_bacia":1,"area_pct_bacia":100.0,"metodo_recorte_bacia":"ponto_representativo_grade_2022; area_pct_geometrica","status_borda_bacia":"total","metodo_area_bacia":"interseção geométrica em EPSG:5880","metodo_na_bacia":"ponto_representativo_grade_2022_within_bacia","pop_n_validos":1,"pop_n_total":1,"pop_completude":1.0,"dom_n_validos":1,"dom_n_total":1,"dom_completude":1.0},"geometry":{"type":"Polygon","coordinates":[[[-51.9616420057739,-29.399032042194914],[-51.96165652352972,-29.397166140504964],[-51.959664078234596,-29.39715253915829],[-51.95964954608962,-29.39901843994896],[-51.9616420057739,-29.399032042194914]]]}},{"type":"Feature","properties":{"id_grade":"200ME52044N80740","pop":10,"dom":2,"universo_dom":"domicilios_ocupados_grade_ibge_2022","na_bacia":1,"area_pct_bacia":100.0,"metodo_recorte_bacia":"ponto_representativo_grade_2022; area_pct_geometrica","status_borda_bacia":"total","metodo_area_bacia":"interseção geométrica em EPSG:5880","metodo_na_bacia":"ponto_representativo_grade_2022_within_bacia","pop_n_validos":1,"pop_n_total":1,"pop_completude":1.0,"dom_n_validos":1,"dom_n_total":1,"dom_completude":1.0},"geometry":{"type":"Polygon","coordinates":[[[-51.9636489679255,-29.397179729261005],[-51.963663471292136,-29.395313848255434],[-51.961671040386136,-29.395300260398628],[-51.96165652352972,-29.397166140504964],[-51.9636489679255,-29.397179729261005]]]}},{"type":"Feature","properties":{"id_grade":"200ME52046N80740","pop":6,"dom":3,"universo_dom":"domicilios_ocupados_grade_ibge_2022","na_bacia":1,"area_pct_bacia":100.0,"metodo_recorte_bacia":"ponto_representativo_grade_2022; area_pct_geometrica","status_borda_bacia":"total","metodo_area_bacia":"interseção geométrica em EPSG:5880","metodo_na_bacia":"ponto_representativo_grade_2022_within_bacia","pop_n_validos":1,"pop_n_total":1,"pop_completude":1.0,"dom_n_validos":1,"dom_n_total":1,"dom_completude":1.0},"geometry":{"type":"Polygon","coordinates":[[[-51.96165652352972,-29.397166140504964],[-51.961671040386136,-29.395300260398628],[-51.95967860948019,-29.39528665815276],[-51.959664078234596,-29.39715253915829],[-51.96165652352972,-29.397166140504964]]]}},{"type":"Feature","properties":{"id_grade":"200ME52040N80742","pop":23,"dom":9,"universo_dom":"domicilios_ocupados_grade_ibge_2022","na_bacia":1,"area_pct_bacia":100.0,"metodo_recorte_bacia":"ponto_representativo_grade_2022; area_pct_geometrica","status_borda_bacia":"total","metodo_area_bacia":"interseção geométrica em EPSG:5880","metodo_na_bacia":"ponto_representativo_grade_2022_within_bacia","pop_n_validos":1,"pop_n_total":1,"pop_completude":1.0,"dom_n_validos":1,"dom_n_total":1,"dom_completude":1.0},"geometry":{"type":"Polygon","coordinates":[[[-51.96764833400334,-29.39534098529808],[-51.96766280859168,-29.393475124077664],[-51.965670391175586,-29.393461562301184],[-51.9656559030974,-29.395327423521774],[-51.96764833400334,-29.39534098529808]]]}},{"type":"Feature","properties":{"id_grade":"200ME52042N80742","pop":9,"dom":4,"universo_dom":"domicilios_ocupados_grade_ibge_2022","na_bacia":1,"area_pct_bacia":100.0,"metodo_recorte_bacia":"ponto_representativo_grade_2022; area_pct_geometrica","status_borda_bacia":"total","metodo_area_bacia":"interseção geométrica em EPSG:5880","metodo_na_bacia":"ponto_representativo_grade_2022_within_bacia","pop_n_validos":1,"pop_n_total":1,"pop_completude":1.0,"dom_n_validos":1,"dom_n_total":1,"dom_completude":1.0},"geometry":{"type":"Polygon","coordinates":[[[-51.9656559030974,-29.395327423521774],[-51.965670391175586,-29.393461562301184],[-51.963677974658765,-29.393447987934195],[-51.963663471292136,-29.395313848255434],[-51.9656559030974,-29.395327423521774]]]}},{"type":"Feature","properties":{"id_grade":"200ME52044N80742","pop":7,"dom":5,"universo_dom":"domicilios_ocupados_grade_ibge_2022","na_bacia":1,"area_pct_bacia":100.0,"metodo_recorte_bacia":"ponto_representativo_grade_2022; area_pct_geometrica","status_borda_bacia":"total","metodo_area_bacia":"interseção geométrica em EPSG:5880","metodo_na_bacia":"ponto_representativo_grade_2022_within_bacia","pop_n_validos":1,"pop_n_total":1,"pop_completude":1.0,"dom_n_validos":1,"dom_n_total":1,"dom_completude":1.0},"geometry":{"type":"Polygon","coordinates":[[[-51.963663471292136,-29.395313848255434],[-51.963677974658765,-29.393447987934195],[-51.96168555724262,-29.39343439917813],[-51.961671040386136,-29.395300260398628],[-51.963663471292136,-29.395313848255434]]]}},{"type":"Feature","properties":{"id_grade":"200ME52046N80742","pop":19,"dom":7,"universo_dom":"domicilios_ocupados_grade_ibge_2022","na_bacia":1,"area_pct_bacia":100.0,"metodo_recorte_bacia":"ponto_representativo_grade_2022; area_pct_geometrica","status_borda_bacia":"total","metodo_area_bacia":"interseção geométrica em EPSG:5880","metodo_na_bacia":"ponto_representativo_grade_2022_within_bacia","pop_n_validos":1,"pop_n_total":1,"pop_completude":1.0,"dom_n_validos":1,"dom_n_total":1,"dom_completude":1.0},"geometry":{"type":"Polygon","coordinates":[[[-51.961671040386136,-29.395300260398628],[-51.96168555724262,-29.39343439917813],[-51.95969314072585,-29.393420797831546],[-51.95967860948019,-29.39528665815276],[-51.961671040386136,-29.395300260398628]]]}},{"type":"Feature","properties":{"id_grade":"200ME52040N80744","pop":21,"dom":8,"universo_dom":"domicilios_ocupados_grade_ibge_2022","na_bacia":1,"area_pct_bacia":100.0,"metodo_recorte_bacia":"ponto_representativo_grade_2022; area_pct_geometrica","status_borda_bacia":"total","metodo_area_bacia":"interseção geométrica em EPSG:5880","metodo_na_bacia":"ponto_representativo_grade_2022_within_bacia","pop_n_validos":1,"pop_n_total":1,"pop_completude":1.0,"dom_n_validos":1,"dom_n_total":1,"dom_completude":1.0},"geometry":{"type":"Polygon","coordinates":[[[-51.96766280859168,-29.393475124077664],[-51.96767728318002,-29.39160928354165],[-51.96568488015305,-29.391595721765075],[-51.965670391175586,-29.393461562301184],[-51.96766280859168,-29.393475124077664]]]}},{"type":"Feature","properties":{"id_grade":"200ME52042N80744","pop":26,"dom":10,"universo_dom":"domicilios_ocupados_grade_ibge_2022","na_bacia":1,"area_pct_bacia":100.0,"metodo_recorte_bacia":"ponto_representativo_grade_2022; area_pct_geometrica","status_borda_bacia":"total","metodo_area_bacia":"interseção geométrica em EPSG:5880","metodo_na_bacia":"ponto_representativo_grade_2022_within_bacia","pop_n_validos":1,"pop_n_total":1,"pop_completude":1.0,"dom_n_validos":1,"dom_n_total":1,"dom_completude":1.0},"geometry":{"type":"Polygon","coordinates":[[[-51.965670391175586,-29.393461562301184],[-51.96568488015305,-29.391595721765075],[-51.963692477126074,-29.391582147398104],[-51.963677974658765,-29.393447987934195],[-51.965670391175586,-29.393461562301184]]]}},{"type":"Feature","properties":{"id_grade":"200ME52044N80744","pop":19,"dom":6,"universo_dom":"domicilios_ocupados_grade_ibge_2022","na_bacia":1,"area_pct_bacia":100.0,"metodo_recorte_bacia":"ponto_representativo_grade_2022; area_pct_geometrica","status_borda_bacia":"total","metodo_area_bacia":"interseção geométrica em EPSG:5880","metodo_na_bacia":"ponto_representativo_grade_2022_within_bacia","pop_n_validos":1,"pop_n_total":1,"pop_completude":1.0,"dom_n_validos":1,"dom_n_total":1,"dom_completude":1.0},"geometry":{"type":"Polygon","coordinates":[[[-51.963677974658765,-29.393447987934195],[-51.963692477126074,-29.391582147398104],[-51.96170007499842,-29.391568558642007],[-51.96168555724262,-29.39343439917813],[-51.963677974658765,-29.393447987934195]]]}},{"type":"Feature","properties":{"id_grade":"200ME52048N80744","pop":21,"dom":7,"universo_dom":"domicilios_ocupados_grade_ibge_2022","na_bacia":1,"area_pct_bacia":100.0,"metodo_recorte_bacia":"ponto_representativo_grade_2022; area_pct_geometrica","status_borda_bacia":"total","metodo_area_bacia":"interseção geométrica em EPSG:5880","metodo_na_bacia":"ponto_representativo_grade_2022_within_bacia","pop_n_validos":1,"pop_n_total":1,"pop_completude":1.0,"dom_n_validos":1,"dom_n_total":1,"dom_completude":1.0},"geometry":{"type":"Polygon","coordinates":[[[-51.95969314072585,-29.393420797831546],[-51.95970767197145,-29.391554958194757],[-51.957715269843796,-29.391541343358277],[-51.95770072420902,-29.393407182995073],[-51.95969314072585,-29.393420797831546]]]}},{"type":"Feature","properties":{"id_grade":"200ME52042N80746","pop":61,"dom":24,"universo_dom":"domicilios_ocupados_grade_ibge_2022","na_bacia":1,"area_pct_bacia":100.0,"metodo_recorte_bacia":"ponto_representativo_grade_2022; area_pct_geometrica","status_borda_bacia":"total","metodo_area_bacia":"interseção geométrica em EPSG:5880","metodo_na_bacia":"ponto_representativo_grade_2022_within_bacia","pop_n_validos":1,"pop_n_total":1,"pop_completude":1.0,"dom_n_validos":1,"dom_n_total":1,"dom_completude":1.0},"geometry":{"type":"Polygon","coordinates":[[[-51.96568488015305,-29.391595721765075],[-51.96569936823124,-29.389729901014064],[-51.96370697959338,-29.38971632664707],[-51.963692477126074,-29.391582147398104],[-51.96568488015305,-29.391595721765075]]]}},{"type":"Feature","properties":{"id_grade":"200ME52044N80746","pop":8,"dom":5,"universo_dom":"domicilios_ocupados_grade_ibge_2022","na_bacia":1,"area_pct_bacia":100.0,"metodo_recorte_bacia":"ponto_representativo_grade_2022; area_pct_geometrica","status_borda_bacia":"total","metodo_area_bacia":"interseção geométrica em EPSG:5880","metodo_na_bacia":"ponto_representativo_grade_2022_within_bacia","pop_n_validos":1,"pop_n_total":1,"pop_completude":1.0,"dom_n_validos":1,"dom_n_total":1,"dom_completude":1.0},"geometry":{"type":"Polygon","coordinates":[[[-51.963692477126074,-29.391582147398104],[-51.96370697959338,-29.38971632664707],[-51.96171459095558,-29.389702738790344],[-51.96170007499842,-29.391568558642007],[-51.963692477126074,-29.391582147398104]]]}},{"type":"Feature","properties":{"id_grade":"200ME52048N80746","pop":105,"dom":34,"universo_dom":"domicilios_ocupados_grade_ibge_2022","na_bacia":1,"area_pct_bacia":100.0,"metodo_recorte_bacia":"ponto_representativo_grade_2022; area_pct_geometrica","status_borda_bacia":"total","metodo_area_bacia":"interseção geométrica em EPSG:5880","metodo_na_bacia":"ponto_representativo_grade_2022_within_bacia","pop_n_validos":1,"pop_n_total":1,"pop_completude":1.0,"dom_n_validos":1,"dom_n_total":1,"dom_completude":1.0},"geometry":{"type":"Polygon","coordinates":[[[-51.95970767197145,-29.391554958194757],[-51.95972220321704,-29.389689137443625],[-51.95772981547855,-29.389675523506583],[-51.957715269843796,-29.391541343358277],[-51.95970767197145,-29.391554958194757]]]}},{"type":"Feature","properties":{"id_grade":"200ME52046N80748","pop":17,"dom":5,"universo_dom":"domicilios_ocupados_grade_ibge_2022","na_bacia":1,"area_pct_bacia":100.0,"metodo_recorte_bacia":"ponto_representativo_grade_2022; area_pct_geometrica","status_borda_bacia":"total","metodo_area_bacia":"interseção geométrica em EPSG:5880","metodo_na_bacia":"ponto_representativo_grade_2022_within_bacia","pop_n_validos":1,"pop_n_total":1,"pop_completude":1.0,"dom_n_validos":1,"dom_n_total":1,"dom_completude":1.0},"geometry":{"type":"Polygon","coordinates":[[[-51.96171459095558,-29.389702738790344],[-51.96172910781206,-29.387836938723677],[-51.959736733563375,-29.387823338276426],[-51.95972220321704,-29.389689137443625],[-51.96171459095558,-29.389702738790344]]]}},{"type":"Feature","properties":{"id_grade":"200ME52048N80748","pop":60,"dom":21,"universo_dom":"domicilios_ocupados_grade_ibge_2022","na_bacia":1,"area_pct_bacia":100.0,"metodo_recorte_bacia":"ponto_representativo_grade_2022; area_pct_geometrica","status_borda_bacia":"total","metodo_area_bacia":"interseção geométrica em EPSG:5880","metodo_na_bacia":"ponto_representativo_grade_2022_within_bacia","pop_n_validos":1,"pop_n_total":1,"pop_completude":1.0,"dom_n_validos":1,"dom_n_total":1,"dom_completude":1.0},"geometry":{"type":"Polygon","coordinates":[[[-51.95972220321704,-29.389689137443625],[-51.959736733563375,-29.387823338276426],[-51.957744360214015,-29.38780972433924],[-51.95772981547855,-29.389675523506583],[-51.95972220321704,-29.389689137443625]]]}},{"type":"Feature","properties":{"id_grade":"200ME52042N80750","pop":8,"dom":2,"universo_dom":"domicilios_ocupados_grade_ibge_2022","na_bacia":1,"area_pct_bacia":100.0,"metodo_recorte_bacia":"ponto_representativo_grade_2022; area_pct_geometrica","status_borda_bacia":"total","metodo_area_bacia":"interseção geométrica em EPSG:5880","metodo_na_bacia":"ponto_representativo_grade_2022_within_bacia","pop_n_validos":1,"pop_n_total":1,"pop_completude":1.0,"dom_n_validos":1,"dom_n_total":1,"dom_completude":1.0},"geometry":{"type":"Polygon","coordinates":[[[-51.96571385630938,-29.387864100947464],[-51.96572834438752,-29.38599832066594],[-51.963735984528,-29.385984746298938],[-51.96372148206069,-29.387850526580497],[-51.96571385630938,-29.387864100947464]]]}},{"type":"Feature","properties":{"id_grade":"200ME52044N80750","pop":18,"dom":6,"universo_dom":"domicilios_ocupados_grade_ibge_2022","na_bacia":1,"area_pct_bacia":100.0,"metodo_recorte_bacia":"ponto_representativo_grade_2022; area_pct_geometrica","status_borda_bacia":"total","metodo_area_bacia":"interseção geométrica em EPSG:5880","metodo_na_bacia":"ponto_representativo_grade_2022_within_bacia","pop_n_validos":1,"pop_n_total":1,"pop_completude":1.0,"dom_n_validos":1,"dom_n_total":1,"dom_completude":1.0},"geometry":{"type":"Polygon","coordinates":[[[-51.96372148206069,-29.387850526580497],[-51.963735984528,-29.385984746298938],[-51.961743623769166,-29.38597115934146],[-51.96172910781206,-29.387836938723677],[-51.96372148206069,-29.387850526580497]]]}},{"type":"Feature","properties":{"id_grade":"200ME52046N80750","pop":21,"dom":9,"universo_dom":"domicilios_ocupados_grade_ibge_2022","na_bacia":1,"area_pct_bacia":100.0,"metodo_recorte_bacia":"ponto_representativo_grade_2022; area_pct_geometrica","status_borda_bacia":"total","metodo_area_bacia":"interseção geométrica em EPSG:5880","metodo_na_bacia":"ponto_representativo_grade_2022_within_bacia","pop_n_validos":1,"pop_n_total":1,"pop_completude":1.0,"dom_n_validos":1,"dom_n_total":1,"dom_completude":1.0},"geometry":{"type":"Polygon","coordinates":[[[-51.96172910781206,-29.387836938723677],[-51.961743623769166,-29.38597115934146],[-51.95975126390965,-29.385957558894162],[-51.959736733563375,-29.387823338276426],[-51.96172910781206,-29.387836938723677]]]}},{"type":"Feature","properties":{"id_grade":"200ME52048N80750","pop":165,"dom":62,"universo_dom":"domicilios_ocupados_grade_ibge_2022","na_bacia":1,"area_pct_bacia":100.0,"metodo_recorte_bacia":"ponto_representativo_grade_2022; area_pct_geometrica","status_borda_bacia":"total","metodo_area_bacia":"interseção geométrica em EPSG:5880","metodo_na_bacia":"ponto_representativo_grade_2022_within_bacia","pop_n_validos":1,"pop_n_total":1,"pop_completude":1.0,"dom_n_validos":1,"dom_n_total":1,"dom_completude":1.0},"geometry":{"type":"Polygon","coordinates":[[[-51.959736733563375,-29.387823338276426],[-51.95975126390965,-29.385957558894162],[-51.95775890494946,-29.385943944957017],[-51.957744360214015,-29.38780972433924],[-51.959736733563375,-29.387823338276426]]]}},{"type":"Feature","properties":{"id_grade":"200ME52040N80752","pop":18,"dom":7,"universo_dom":"domicilios_ocupados_grade_ibge_2022","na_bacia":1,"area_pct_bacia":100.0,"metodo_recorte_bacia":"ponto_representativo_grade_2022; area_pct_geometrica","status_borda_bacia":"total","metodo_area_bacia":"interseção geométrica em EPSG:5880","metodo_na_bacia":"ponto_representativo_grade_2022_within_bacia","pop_n_validos":1,"pop_n_total":1,"pop_completude":1.0,"dom_n_validos":1,"dom_n_total":1,"dom_completude":1.0},"geometry":{"type":"Polygon","coordinates":[[[-51.967720705146405,-29.386011881543023],[-51.96773517883537,-29.38414612104667],[-51.96574283246571,-29.38413256106877],[-51.96572834438752,-29.38599832066594],[-51.967720705146405,-29.386011881543023]]]}},{"type":"Feature","properties":{"id_grade":"200ME52042N80752","pop":7,"dom":3,"universo_dom":"domicilios_ocupados_grade_ibge_2022","na_bacia":1,"area_pct_bacia":100.0,"metodo_recorte_bacia":"ponto_representativo_grade_2022; area_pct_geometrica","status_borda_bacia":"total","metodo_area_bacia":"interseção geométrica em EPSG:5880","metodo_na_bacia":"ponto_representativo_grade_2022_within_bacia","pop_n_validos":1,"pop_n_total":1,"pop_completude":1.0,"dom_n_validos":1,"dom_n_total":1,"dom_completude":1.0},"geometry":{"type":"Polygon","coordinates":[[[-51.96572834438752,-29.38599832066594],[-51.96574283246571,-29.38413256106877],[-51.96375048609599,-29.384118986701765],[-51.963735984528,-29.385984746298938],[-51.96572834438752,-29.38599832066594]]]}},{"type":"Feature","properties":{"id_grade":"200ME52048N80752","pop":26,"dom":8,"universo_dom":"domicilios_ocupados_grade_ibge_2022","na_bacia":1,"area_pct_bacia":100.0,"metodo_recorte_bacia":"ponto_representativo_grade_2022; area_pct_geometrica","status_borda_bacia":"total","metodo_area_bacia":"interseção geométrica em EPSG:5880","metodo_na_bacia":"ponto_representativo_grade_2022_within_bacia","pop_n_validos":1,"pop_n_total":1,"pop_completude":1.0,"dom_n_validos":1,"dom_n_total":1,"dom_completude":1.0},"geometry":{"type":"Polygon","coordinates":[[[-51.95975126390965,-29.385957558894162],[-51.959765794255986,-29.384091799296964],[-51.95777344878558,-29.38407818625917],[-51.95775890494946,-29.385943944957017],[-51.95975126390965,-29.385957558894162]]]}},{"type":"Feature","properties":{"id_grade":"200ME52040N80754","pop":42,"dom":15,"universo_dom":"domicilios_ocupados_grade_ibge_2022","na_bacia":1,"area_pct_bacia":100.0,"metodo_recorte_bacia":"ponto_representativo_grade_2022; area_pct_geometrica","status_borda_bacia":"total","metodo_area_bacia":"interseção geométrica em EPSG:5880","metodo_na_bacia":"ponto_representativo_grade_2022_within_bacia","pop_n_validos":1,"pop_n_total":1,"pop_completude":1.0,"dom_n_validos":1,"dom_n_total":1,"dom_completude":1.0},"geometry":{"type":"Polygon","coordinates":[[[-51.96773517883537,-29.38414612104667],[-51.96774965162507,-29.382280381234548],[-51.965757319644524,-29.382266821256692],[-51.96574283246571,-29.38413256106877],[-51.96773517883537,-29.38414612104667]]]}},{"type":"Feature","properties":{"id_grade":"200ME52042N80754","pop":14,"dom":6,"universo_dom":"domicilios_ocupados_grade_ibge_2022","na_bacia":1,"area_pct_bacia":100.0,"metodo_recorte_bacia":"ponto_representativo_grade_2022; area_pct_geometrica","status_borda_bacia":"total","metodo_area_bacia":"interseção geométrica em EPSG:5880","metodo_na_bacia":"ponto_representativo_grade_2022_within_bacia","pop_n_validos":1,"pop_n_total":1,"pop_completude":1.0,"dom_n_validos":1,"dom_n_total":1,"dom_completude":1.0},"geometry":{"type":"Polygon","coordinates":[[[-51.96574283246571,-29.38413256106877],[-51.965757319644524,-29.382266821256692],[-51.963764987664035,-29.3822532477891],[-51.96375048609599,-29.384118986701765],[-51.96574283246571,-29.38413256106877]]]}},{"type":"Feature","properties":{"id_grade":"200ME52048N80754","pop":23,"dom":9,"universo_dom":"domicilios_ocupados_grade_ibge_2022","na_bacia":1,"area_pct_bacia":100.0,"metodo_recorte_bacia":"ponto_representativo_grade_2022; area_pct_geometrica","status_borda_bacia":"total","metodo_area_bacia":"interseção geométrica em EPSG:5880","metodo_na_bacia":"ponto_representativo_grade_2022_within_bacia","pop_n_validos":1,"pop_n_total":1,"pop_completude":1.0,"dom_n_validos":1,"dom_n_total":1,"dom_completude":1.0},"geometry":{"type":"Polygon","coordinates":[[[-51.959765794255986,-29.384091799296964],[-51.959780324602264,-29.382226060384383],[-51.95778799352104,-29.382212447346507],[-51.95777344878558,-29.38407818625917],[-51.959765794255986,-29.384091799296964]]]}},{"type":"Feature","properties":{"id_grade":"200ME52040N80756","pop":121,"dom":43,"universo_dom":"domicilios_ocupados_grade_ibge_2022","na_bacia":1,"area_pct_bacia":100.0,"metodo_recorte_bacia":"ponto_representativo_grade_2022; area_pct_geometrica","status_borda_bacia":"total","metodo_area_bacia":"interseção geométrica em EPSG:5880","metodo_na_bacia":"ponto_representativo_grade_2022_within_bacia","pop_n_validos":1,"pop_n_total":1,"pop_completude":1.0,"dom_n_validos":1,"dom_n_total":1,"dom_completude":1.0},"geometry":{"type":"Polygon","coordinates":[[[-51.96774965162507,-29.382280381234548],[-51.96776412531409,-29.380414661207567],[-51.9657718068234,-29.38040110122979],[-51.965757319644524,-29.382266821256692],[-51.96774965162507,-29.382280381234548]]]}},{"type":"Feature","properties":{"id_grade":"200ME52042N80756","pop":14,"dom":5,"universo_dom":"domicilios_ocupados_grade_ibge_2022","na_bacia":1,"area_pct_bacia":100.0,"metodo_recorte_bacia":"ponto_representativo_grade_2022; area_pct_geometrica","status_borda_bacia":"total","metodo_area_bacia":"interseção geométrica em EPSG:5880","metodo_na_bacia":"ponto_representativo_grade_2022_within_bacia","pop_n_validos":1,"pop_n_total":1,"pop_completude":1.0,"dom_n_validos":1,"dom_n_total":1,"dom_completude":1.0},"geometry":{"type":"Polygon","coordinates":[[[-51.965757319644524,-29.382266821256692],[-51.9657718068234,-29.38040110122979],[-51.963779489232024,-29.380387528661494],[-51.963764987664035,-29.3822532477891],[-51.965757319644524,-29.382266821256692]]]}},{"type":"Feature","properties":{"id_grade":"200ME52046N80756","pop":19,"dom":8,"universo_dom":"domicilios_ocupados_grade_ibge_2022","na_bacia":1,"area_pct_bacia":100.0,"metodo_recorte_bacia":"ponto_representativo_grade_2022; area_pct_geometrica","status_borda_bacia":"total","metodo_area_bacia":"interseção geométrica em EPSG:5880","metodo_na_bacia":"ponto_representativo_grade_2022_within_bacia","pop_n_validos":1,"pop_n_total":1,"pop_completude":1.0,"dom_n_validos":1,"dom_n_total":1,"dom_completude":1.0},"geometry":{"type":"Polygon","coordinates":[[[-51.96177265658281,-29.382239660831722],[-51.9617871716406,-29.380373941704033],[-51.95979485494854,-29.38036034215602],[-51.959780324602264,-29.382226060384383],[-51.96177265658281,-29.382239660831722]]]}},{"type":"Feature","properties":{"id_grade":"200ME52048N80756","pop":37,"dom":13,"universo_dom":"domicilios_ocupados_grade_ibge_2022","na_bacia":1,"area_pct_bacia":100.0,"metodo_recorte_bacia":"ponto_representativo_grade_2022; area_pct_geometrica","status_borda_bacia":"total","metodo_area_bacia":"interseção geométrica em EPSG:5880","metodo_na_bacia":"ponto_representativo_grade_2022_within_bacia","pop_n_validos":1,"pop_n_total":1,"pop_completude":1.0,"dom_n_validos":1,"dom_n_total":1,"dom_completude":1.0},"geometry":{"type":"Polygon","coordinates":[[[-51.959780324602264,-29.382226060384383],[-51.95979485494854,-29.38036034215602],[-51.95780253735716,-29.380346729118248],[-51.95778799352104,-29.382212447346507],[-51.959780324602264,-29.382226060384383]]]}},{"type":"Feature","properties":{"id_grade":"200ME52040N80758","pop":53,"dom":17,"universo_dom":"domicilios_ocupados_grade_ibge_2022","na_bacia":1,"area_pct_bacia":100.0,"metodo_recorte_bacia":"ponto_representativo_grade_2022; area_pct_geometrica","status_borda_bacia":"total","metodo_area_bacia":"interseção geométrica em EPSG:5880","metodo_na_bacia":"ponto_representativo_grade_2022_within_bacia","pop_n_validos":1,"pop_n_total":1,"pop_completude":1.0,"dom_n_validos":1,"dom_n_total":1,"dom_completude":1.0},"geometry":{"type":"Polygon","coordinates":[[[-51.96776412531409,-29.380414661207567],[-51.96777859810379,-29.378548961865153],[-51.965786294002214,-29.378535402786557],[-51.9657718068234,-29.38040110122979],[-51.96776412531409,-29.380414661207567]]]}},{"type":"Feature","properties":{"id_grade":"200ME52042N80758","pop":8,"dom":2,"universo_dom":"domicilios_ocupados_grade_ibge_2022","na_bacia":1,"area_pct_bacia":100.0,"metodo_recorte_bacia":"ponto_representativo_grade_2022; area_pct_geometrica","status_borda_bacia":"total","metodo_area_bacia":"interseção geométrica em EPSG:5880","metodo_na_bacia":"ponto_representativo_grade_2022_within_bacia","pop_n_validos":1,"pop_n_total":1,"pop_completude":1.0,"dom_n_validos":1,"dom_n_total":1,"dom_completude":1.0},"geometry":{"type":"Polygon","coordinates":[[[-51.9657718068234,-29.38040110122979],[-51.965786294002214,-29.378535402786557],[-51.963793990800006,-29.378521829318935],[-51.963779489232024,-29.380387528661494],[-51.9657718068234,-29.38040110122979]]]}},{"type":"Feature","properties":{"id_grade":"200ME52044N80758","pop":15,"dom":5,"universo_dom":"domicilios_ocupados_grade_ibge_2022","na_bacia":1,"area_pct_bacia":100.0,"metodo_recorte_bacia":"ponto_representativo_grade_2022; area_pct_geometrica","status_borda_bacia":"total","metodo_area_bacia":"interseção geométrica em EPSG:5880","metodo_na_bacia":"ponto_representativo_grade_2022_within_bacia","pop_n_validos":1,"pop_n_total":1,"pop_completude":1.0,"dom_n_validos":1,"dom_n_total":1,"dom_completude":1.0},"geometry":{"type":"Polygon","coordinates":[[[-51.963779489232024,-29.380387528661494],[-51.963793990800006,-29.378521829318935],[-51.961801687597756,-29.378508243260743],[-51.9617871716406,-29.380373941704033],[-51.963779489232024,-29.380387528661494]]]}},{"type":"Feature","properties":{"id_grade":"200ME52046N80758","pop":5,"dom":2,"universo_dom":"domicilios_ocupados_grade_ibge_2022","na_bacia":1,"area_pct_bacia":100.0,"metodo_recorte_bacia":"ponto_representativo_grade_2022; area_pct_geometrica","status_borda_bacia":"total","metodo_area_bacia":"interseção geométrica em EPSG:5880","metodo_na_bacia":"ponto_representativo_grade_2022_within_bacia","pop_n_validos":1,"pop_n_total":1,"pop_completude":1.0,"dom_n_validos":1,"dom_n_total":1,"dom_completude":1.0},"geometry":{"type":"Polygon","coordinates":[[[-51.9617871716406,-29.380373941704033],[-51.961801687597756,-29.378508243260743],[-51.959809384395555,-29.37849464371281],[-51.95979485494854,-29.38036034215602],[-51.9617871716406,-29.380373941704033]]]}},{"type":"Feature","properties":{"id_grade":"200ME52040N80760","pop":13,"dom":4,"universo_dom":"domicilios_ocupados_grade_ibge_2022","na_bacia":1,"area_pct_bacia":100.0,"metodo_recorte_bacia":"ponto_representativo_grade_2022; area_pct_geometrica","status_borda_bacia":"total","metodo_area_bacia":"interseção geométrica em EPSG:5880","metodo_na_bacia":"ponto_representativo_grade_2022_within_bacia","pop_n_validos":1,"pop_n_total":1,"pop_completude":1.0,"dom_n_validos":1,"dom_n_total":1,"dom_completude":1.0},"geometry":{"type":"Polygon","coordinates":[[[-51.96777859810379,-29.378548961865153],[-51.96779307089349,-29.376683283206855],[-51.96580078118108,-29.376669723229135],[-51.965786294002214,-29.378535402786557],[-51.96777859810379,-29.378548961865153]]]}},{"type":"Feature","properties":{"id_grade":"200ME52044N80760","pop":7,"dom":2,"universo_dom":"domicilios_ocupados_grade_ibge_2022","na_bacia":1,"area_pct_bacia":100.0,"metodo_recorte_bacia":"ponto_representativo_grade_2022; area_pct_geometrica","status_borda_bacia":"total","metodo_area_bacia":"interseção geométrica em EPSG:5880","metodo_na_bacia":"ponto_representativo_grade_2022_within_bacia","pop_n_validos":1,"pop_n_total":1,"pop_completude":1.0,"dom_n_validos":1,"dom_n_total":1,"dom_completude":1.0},"geometry":{"type":"Polygon","coordinates":[[[-51.963793990800006,-29.378521829318935],[-51.963808492368,-29.37665615066077],[-51.96181620265559,-29.37664256460259],[-51.961801687597756,-29.378508243260743],[-51.963793990800006,-29.378521829318935]]]}},{"type":"Feature","properties":{"id_grade":"200ME52046N80760","pop":4,"dom":3,"universo_dom":"domicilios_ocupados_grade_ibge_2022","na_bacia":1,"area_pct_bacia":100.0,"metodo_recorte_bacia":"ponto_representativo_grade_2022; area_pct_geometrica","status_borda_bacia":"total","metodo_area_bacia":"interseção geométrica em EPSG:5880","metodo_na_bacia":"ponto_representativo_grade_2022_within_bacia","pop_n_validos":1,"pop_n_total":1,"pop_completude":1.0,"dom_n_validos":1,"dom_n_total":1,"dom_completude":1.0},"geometry":{"type":"Polygon","coordinates":[[[-51.961801687597756,-29.378508243260743],[-51.96181620265559,-29.37664256460259],[-51.95982391384251,-29.376628965054632],[-51.959809384395555,-29.37849464371281],[-51.961801687597756,-29.378508243260743]]]}},{"type":"Feature","properties":{"id_grade":"200ME52040N80762","pop":3,"dom":1,"universo_dom":"domicilios_ocupados_grade_ibge_2022","na_bacia":1,"area_pct_bacia":100.0,"metodo_recorte_bacia":"ponto_representativo_grade_2022; area_pct_geometrica","status_borda_bacia":"total","metodo_area_bacia":"interseção geométrica em EPSG:5880","metodo_na_bacia":"ponto_representativo_grade_2022_within_bacia","pop_n_validos":1,"pop_n_total":1,"pop_completude":1.0,"dom_n_validos":1,"dom_n_total":1,"dom_completude":1.0},"geometry":{"type":"Polygon","coordinates":[[[-51.96779307089349,-29.376683283206855],[-51.967807543683136,-29.374817623434563],[-51.965815268359904,-29.374804064356088],[-51.96580078118108,-29.376669723229135],[-51.96779307089349,-29.376683283206855]]]}},{"type":"Feature","properties":{"id_grade":"200ME52042N80762","pop":27,"dom":10,"universo_dom":"domicilios_ocupados_grade_ibge_2022","na_bacia":1,"area_pct_bacia":100.0,"metodo_recorte_bacia":"ponto_representativo_grade_2022; area_pct_geometrica","status_borda_bacia":"total","metodo_area_bacia":"interseção geométrica em EPSG:5880","metodo_na_bacia":"ponto_representativo_grade_2022_within_bacia","pop_n_validos":1,"pop_n_total":1,"pop_completude":1.0,"dom_n_validos":1,"dom_n_total":1,"dom_completude":1.0},"geometry":{"type":"Polygon","coordinates":[[[-51.96580078118108,-29.376669723229135],[-51.965815268359904,-29.374804064356088],[-51.96382299303667,-29.37479049178776],[-51.963808492368,-29.37665615066077],[-51.96580078118108,-29.376669723229135]]]}},{"type":"Feature","properties":{"id_grade":"200ME52044N80762","pop":3,"dom":2,"universo_dom":"domicilios_ocupados_grade_ibge_2022","na_bacia":1,"area_pct_bacia":100.0,"metodo_recorte_bacia":"ponto_representativo_grade_2022; area_pct_geometrica","status_borda_bacia":"total","metodo_area_bacia":"interseção geométrica em EPSG:5880","metodo_na_bacia":"ponto_representativo_grade_2022_within_bacia","pop_n_validos":1,"pop_n_total":1,"pop_completude":1.0,"dom_n_validos":1,"dom_n_total":1,"dom_completude":1.0},"geometry":{"type":"Polygon","coordinates":[[[-51.963808492368,-29.37665615066077],[-51.96382299303667,-29.37479049178776],[-51.96183071771338,-29.374776906628863],[-51.96181620265559,-29.37664256460259],[-51.963808492368,-29.37665615066077]]]}},{"type":"Feature","properties":{"id_grade":"200ME52046N80762","pop":5,"dom":2,"universo_dom":"domicilios_ocupados_grade_ibge_2022","na_bacia":1,"area_pct_bacia":100.0,"metodo_recorte_bacia":"ponto_representativo_grade_2022; area_pct_geometrica","status_borda_bacia":"total","metodo_area_bacia":"interseção geométrica em EPSG:5880","metodo_na_bacia":"ponto_representativo_grade_2022_within_bacia","pop_n_validos":1,"pop_n_total":1,"pop_completude":1.0,"dom_n_validos":1,"dom_n_total":1,"dom_completude":1.0},"geometry":{"type":"Polygon","coordinates":[[[-51.96181620265559,-29.37664256460259],[-51.96183071771338,-29.374776906628863],[-51.95983844328947,-29.374763307080904],[-51.95982391384251,-29.376628965054632],[-51.96181620265559,-29.37664256460259]]]}},{"type":"Feature","properties":{"id_grade":"200ME52048N80762","pop":5,"dom":1,"universo_dom":"domicilios_ocupados_grade_ibge_2022","na_bacia":1,"area_pct_bacia":100.0,"metodo_recorte_bacia":"ponto_representativo_grade_2022; area_pct_geometrica","status_borda_bacia":"total","metodo_area_bacia":"interseção geométrica em EPSG:5880","metodo_na_bacia":"ponto_representativo_grade_2022_within_bacia","pop_n_validos":1,"pop_n_total":1,"pop_completude":1.0,"dom_n_validos":1,"dom_n_total":1,"dom_completude":1.0},"geometry":{"type":"Polygon","coordinates":[[[-51.95982391384251,-29.376628965054632],[-51.95983844328947,-29.374763307080904],[-51.95784616886556,-29.374749694942366],[-51.957831625029435,-29.376615352916208],[-51.95982391384251,-29.376628965054632]]]}},{"type":"Feature","properties":{"id_grade":"200ME52040N80764","pop":7,"dom":2,"universo_dom":"domicilios_ocupados_grade_ibge_2022","na_bacia":1,"area_pct_bacia":100.0,"metodo_recorte_bacia":"ponto_representativo_grade_2022; area_pct_geometrica","status_borda_bacia":"total","metodo_area_bacia":"interseção geométrica em EPSG:5880","metodo_na_bacia":"ponto_representativo_grade_2022_within_bacia","pop_n_validos":1,"pop_n_total":1,"pop_completude":1.0,"dom_n_validos":1,"dom_n_total":1,"dom_completude":1.0},"geometry":{"type":"Polygon","coordinates":[[[-51.967807543683136,-29.374817623434563],[-51.96782201557352,-29.37295198524595],[-51.96582975463941,-29.37293842616738],[-51.965815268359904,-29.374804064356088],[-51.967807543683136,-29.374817623434563]]]}},{"type":"Feature","properties":{"id_grade":"200ME52042N80764","pop":4,"dom":1,"universo_dom":"domicilios_ocupados_grade_ibge_2022","na_bacia":1,"area_pct_bacia":100.0,"metodo_recorte_bacia":"ponto_representativo_grade_2022; area_pct_geometrica","status_borda_bacia":"total","metodo_area_bacia":"interseção geométrica em EPSG:5880","metodo_na_bacia":"ponto_representativo_grade_2022_within_bacia","pop_n_validos":1,"pop_n_total":1,"pop_completude":1.0,"dom_n_validos":1,"dom_n_total":1,"dom_completude":1.0},"geometry":{"type":"Polygon","coordinates":[[[-51.965815268359904,-29.374804064356088],[-51.96582975463941,-29.37293842616738],[-51.96383749370534,-29.372924853599088],[-51.96382299303667,-29.37479049178776],[-51.965815268359904,-29.374804064356088]]]}},{"type":"Feature","properties":{"id_grade":"200ME52050N80716","pop":16,"dom":5,"universo_dom":"domicilios_ocupados_grade_ibge_2022","na_bacia":1,"area_pct_bacia":100.0,"metodo_recorte_bacia":"ponto_representativo_grade_2022; area_pct_geometrica","status_borda_bacia":"total","metodo_area_bacia":"interseção geométrica em EPSG:5880","metodo_na_bacia":"ponto_representativo_grade_2022_within_bacia","pop_n_validos":1,"pop_n_total":1,"pop_completude":1.0,"dom_n_validos":1,"dom_n_total":1,"dom_completude":1.0},"geometry":{"type":"Polygon","coordinates":[[[-51.95749706823506,-29.419531068403984],[-51.95751161656779,-29.41766494458155],[-51.95551901568996,-29.417651313557254],[-51.955504452968114,-29.419517436480465],[-51.95749706823506,-29.419531068403984]]]}},{"type":"Feature","properties":{"id_grade":"200ME52050N80718","pop":53,"dom":20,"universo_dom":"domicilios_ocupados_grade_ibge_2022","na_bacia":1,"area_pct_bacia":100.0,"metodo_recorte_bacia":"ponto_representativo_grade_2022; area_pct_geometrica","status_borda_bacia":"total","metodo_area_bacia":"interseção geométrica em EPSG:5880","metodo_na_bacia":"ponto_representativo_grade_2022_within_bacia","pop_n_validos":1,"pop_n_total":1,"pop_completude":1.0,"dom_n_validos":1,"dom_n_total":1,"dom_completude":1.0},"geometry":{"type":"Polygon","coordinates":[[[-51.95751161656779,-29.41766494458155],[-51.95752616400125,-29.415798841443344],[-51.95553357751254,-29.415785210419042],[-51.95551901568996,-29.417651313557254],[-51.95751161656779,-29.41766494458155]]]}},{"type":"Feature","properties":{"id_grade":"200ME52052N80718","pop":2,"dom":1,"universo_dom":"domicilios_ocupados_grade_ibge_2022","na_bacia":1,"area_pct_bacia":100.0,"metodo_recorte_bacia":"ponto_representativo_grade_2022; area_pct_geometrica","status_borda_bacia":"total","metodo_area_bacia":"interseção geométrica em EPSG:5880","metodo_na_bacia":"ponto_representativo_grade_2022_within_bacia","pop_n_validos":1,"pop_n_total":1,"pop_completude":1.0,"dom_n_validos":1,"dom_n_total":1,"dom_completude":1.0},"geometry":{"type":"Polygon","coordinates":[[[-51.95551901568996,-29.417651313557254],[-51.95553357751254,-29.415785210419042],[-51.953540991923205,-29.415771565905022],[-51.95352641481213,-29.417637669043184],[-51.95551901568996,-29.417651313557254]]]}},{"type":"Feature","properties":{"id_grade":"200ME52052N80720","pop":20,"dom":7,"universo_dom":"domicilios_ocupados_grade_ibge_2022","na_bacia":1,"area_pct_bacia":100.0,"metodo_recorte_bacia":"ponto_representativo_grade_2022; area_pct_geometrica","status_borda_bacia":"total","metodo_area_bacia":"interseção geométrica em EPSG:5880","metodo_na_bacia":"ponto_representativo_grade_2022_within_bacia","pop_n_validos":1,"pop_n_total":1,"pop_completude":1.0,"dom_n_validos":1,"dom_n_total":1,"dom_completude":1.0},"geometry":{"type":"Polygon","coordinates":[[[-51.95553357751254,-29.415785210419042],[-51.95554814023444,-29.413919127066038],[-51.9535555681349,-29.413905483451217],[-51.953540991923205,-29.415771565905022],[-51.95553357751254,-29.415785210419042]]]}},{"type":"Feature","properties":{"id_grade":"200ME52050N80724","pop":25,"dom":6,"universo_dom":"domicilios_ocupados_grade_ibge_2022","na_bacia":1,"area_pct_bacia":100.0,"metodo_recorte_bacia":"ponto_representativo_grade_2022; area_pct_geometrica","status_borda_bacia":"total","metodo_area_bacia":"interseção geométrica em EPSG:5880","metodo_na_bacia":"ponto_representativo_grade_2022_within_bacia","pop_n_validos":1,"pop_n_total":1,"pop_completude":1.0,"dom_n_validos":1,"dom_n_total":1,"dom_completude":1.0},"geometry":{"type":"Polygon","coordinates":[[[-51.957555259767396,-29.412066695421643],[-51.9575698072008,-29.410200653437386],[-51.955577262980285,-29.410187022413155],[-51.95556270205703,-29.412053065296675],[-51.957555259767396,-29.412066695421643]]]}},{"type":"Feature","properties":{"id_grade":"200ME52058N80724","pop":24,"dom":7,"universo_dom":"domicilios_ocupados_grade_ibge_2022","na_bacia":1,"area_pct_bacia":100.0,"metodo_recorte_bacia":"ponto_representativo_grade_2022; area_pct_geometrica","status_borda_bacia":"total","metodo_area_bacia":"interseção geométrica em EPSG:5880","metodo_na_bacia":"ponto_representativo_grade_2022_within_bacia","pop_n_validos":1,"pop_n_total":1,"pop_completude":1.0,"dom_n_validos":1,"dom_n_total":1,"dom_completude":1.0},"geometry":{"type":"Polygon","coordinates":[[[-51.949585028925924,-29.412012093982884],[-51.94959963301658,-29.410146051998577],[-51.947607089695396,-29.410132368813645],[-51.94759247121556,-29.411998409898743],[-51.949585028925924,-29.412012093982884]]]}},{"type":"Feature","properties":{"id_grade":"200ME52050N80726","pop":18,"dom":6,"universo_dom":"domicilios_ocupados_grade_ibge_2022","na_bacia":1,"area_pct_bacia":100.0,"metodo_recorte_bacia":"ponto_representativo_grade_2022; area_pct_geometrica","status_borda_bacia":"total","metodo_area_bacia":"interseção geométrica em EPSG:5880","metodo_na_bacia":"ponto_representativo_grade_2022_within_bacia","pop_n_validos":1,"pop_n_total":1,"pop_completude":1.0,"dom_n_validos":1,"dom_n_total":1,"dom_completude":1.0},"geometry":{"type":"Polygon","coordinates":[[[-51.9575698072008,-29.410200653437386],[-51.95758435463421,-29.40833463123811],[-51.95559182480281,-29.408321001113222],[-51.955577262980285,-29.410187022413155],[-51.9575698072008,-29.410200653437386]]]}},{"type":"Feature","properties":{"id_grade":"200ME52054N80726","pop":4,"dom":1,"universo_dom":"domicilios_ocupados_grade_ibge_2022","na_bacia":1,"area_pct_bacia":100.0,"metodo_recorte_bacia":"ponto_representativo_grade_2022; area_pct_geometrica","status_borda_bacia":"total","metodo_area_bacia":"interseção geométrica em EPSG:5880","metodo_na_bacia":"ponto_representativo_grade_2022_within_bacia","pop_n_validos":1,"pop_n_total":1,"pop_completude":1.0,"dom_n_validos":1,"dom_n_total":1,"dom_completude":1.0},"geometry":{"type":"Polygon","coordinates":[[[-51.953584719659034,-29.41017337879832],[-51.95359929497147,-29.40830735749859],[-51.95160676603939,-29.40829370129324],[-51.95159217633784,-29.4101597225931],[-51.953584719659034,-29.41017337879832]]]}},{"type":"Feature","properties":{"id_grade":"200ME52056N80726","pop":63,"dom":29,"universo_dom":"domicilios_ocupados_grade_ibge_2022","na_bacia":1,"area_pct_bacia":100.0,"metodo_recorte_bacia":"ponto_representativo_grade_2022; area_pct_geometrica","status_borda_bacia":"total","metodo_area_bacia":"interseção geométrica em EPSG:5880","metodo_na_bacia":"ponto_representativo_grade_2022_within_bacia","pop_n_validos":1,"pop_n_total":1,"pop_completude":1.0,"dom_n_validos":1,"dom_n_total":1,"dom_completude":1.0},"geometry":{"type":"Polygon","coordinates":[[[-51.95159217633784,-29.4101597225931],[-51.95160676603939,-29.40829370129324],[-51.94961423710731,-29.408280030698815],[-51.94959963301658,-29.410146051998577],[-51.95159217633784,-29.4101597225931]]]}},{"type":"Feature","properties":{"id_grade":"200ME52058N80726","pop":57,"dom":15,"universo_dom":"domicilios_ocupados_grade_ibge_2022","na_bacia":1,"area_pct_bacia":100.0,"metodo_recorte_bacia":"ponto_representativo_grade_2022; area_pct_geometrica","status_borda_bacia":"total","metodo_area_bacia":"interseção geométrica em EPSG:5880","metodo_na_bacia":"ponto_representativo_grade_2022_within_bacia","pop_n_validos":1,"pop_n_total":1,"pop_completude":1.0,"dom_n_validos":1,"dom_n_total":1,"dom_completude":1.0},"geometry":{"type":"Polygon","coordinates":[[[-51.94959963301658,-29.410146051998577],[-51.94961423710731,-29.408280030698815],[-51.94762170817524,-29.408266347513926],[-51.947607089695396,-29.410132368813645],[-51.94959963301658,-29.410146051998577]]]}},{"type":"Feature","properties":{"id_grade":"200ME52050N80728","pop":1,"dom":1,"universo_dom":"domicilios_ocupados_grade_ibge_2022","na_bacia":1,"area_pct_bacia":100.0,"metodo_recorte_bacia":"ponto_representativo_grade_2022; area_pct_geometrica","status_borda_bacia":"total","metodo_area_bacia":"interseção geométrica em EPSG:5880","metodo_na_bacia":"ponto_representativo_grade_2022_within_bacia","pop_n_validos":1,"pop_n_total":1,"pop_completude":1.0,"dom_n_validos":1,"dom_n_total":1,"dom_completude":1.0},"geometry":{"type":"Polygon","coordinates":[[[-51.95758435463421,-29.40833463123811],[-51.9575989011683,-29.40646862882411],[-51.95560638572607,-29.406454999598513],[-51.95559182480281,-29.408321001113222],[-51.95758435463421,-29.40833463123811]]]}},{"type":"Feature","properties":{"id_grade":"200ME52052N80728","pop":19,"dom":7,"universo_dom":"domicilios_ocupados_grade_ibge_2022","na_bacia":1,"area_pct_bacia":100.0,"metodo_recorte_bacia":"ponto_representativo_grade_2022; area_pct_geometrica","status_borda_bacia":"total","metodo_area_bacia":"interseção geométrica em EPSG:5880","metodo_na_bacia":"ponto_representativo_grade_2022_within_bacia","pop_n_validos":1,"pop_n_total":1,"pop_completude":1.0,"dom_n_validos":1,"dom_n_total":1,"dom_completude":1.0},"geometry":{"type":"Polygon","coordinates":[[[-51.95559182480281,-29.408321001113222],[-51.95560638572607,-29.406454999598513],[-51.953613870283846,-29.406441355983812],[-51.95359929497147,-29.40830735749859],[-51.95559182480281,-29.408321001113222]]]}},{"type":"Feature","properties":{"id_grade":"200ME52054N80728","pop":74,"dom":28,"universo_dom":"domicilios_ocupados_grade_ibge_2022","na_bacia":1,"area_pct_bacia":100.0,"metodo_recorte_bacia":"ponto_representativo_grade_2022; area_pct_geometrica","status_borda_bacia":"total","metodo_area_bacia":"interseção geométrica em EPSG:5880","metodo_na_bacia":"ponto_representativo_grade_2022_within_bacia","pop_n_validos":1,"pop_n_total":1,"pop_completude":1.0,"dom_n_validos":1,"dom_n_total":1,"dom_completude":1.0},"geometry":{"type":"Polygon","coordinates":[[[-51.95359929497147,-29.40830735749859],[-51.953613870283846,-29.406441355983812],[-51.95162135574094,-29.406427699778455],[-51.95160676603939,-29.40829370129324],[-51.95359929497147,-29.40830735749859]]]}},{"type":"Feature","properties":{"id_grade":"200ME52056N80728","pop":26,"dom":10,"universo_dom":"domicilios_ocupados_grade_ibge_2022","na_bacia":1,"area_pct_bacia":100.0,"metodo_recorte_bacia":"ponto_representativo_grade_2022; area_pct_geometrica","status_borda_bacia":"total","metodo_area_bacia":"interseção geométrica em EPSG:5880","metodo_na_bacia":"ponto_representativo_grade_2022_within_bacia","pop_n_validos":1,"pop_n_total":1,"pop_completude":1.0,"dom_n_validos":1,"dom_n_total":1,"dom_completude":1.0},"geometry":{"type":"Polygon","coordinates":[[[-51.95160676603939,-29.40829370129324],[-51.95162135574094,-29.406427699778455],[-51.949628840298715,-29.40641403008337],[-51.94961423710731,-29.408280030698815],[-51.95160676603939,-29.40829370129324]]]}},{"type":"Feature","properties":{"id_grade":"200ME52050N80730","pop":4,"dom":3,"universo_dom":"domicilios_ocupados_grade_ibge_2022","na_bacia":1,"area_pct_bacia":100.0,"metodo_recorte_bacia":"ponto_representativo_grade_2022; area_pct_geometrica","status_borda_bacia":"total","metodo_area_bacia":"interseção geométrica em EPSG:5880","metodo_na_bacia":"ponto_representativo_grade_2022_within_bacia","pop_n_validos":1,"pop_n_total":1,"pop_completude":1.0,"dom_n_validos":1,"dom_n_total":1,"dom_completude":1.0},"geometry":{"type":"Polygon","coordinates":[[[-51.9575989011683,-29.40646862882411],[-51.957613448601705,-29.404602647094446],[-51.955620946649326,-29.404589017868872],[-51.95560638572607,-29.406454999598513],[-51.9575989011683,-29.40646862882411]]]}},{"type":"Feature","properties":{"id_grade":"200ME52052N80730","pop":44,"dom":18,"universo_dom":"domicilios_ocupados_grade_ibge_2022","na_bacia":1,"area_pct_bacia":100.0,"metodo_recorte_bacia":"ponto_representativo_grade_2022; area_pct_geometrica","status_borda_bacia":"total","metodo_area_bacia":"interseção geométrica em EPSG:5880","metodo_na_bacia":"ponto_representativo_grade_2022_within_bacia","pop_n_validos":1,"pop_n_total":1,"pop_completude":1.0,"dom_n_validos":1,"dom_n_total":1,"dom_completude":1.0},"geometry":{"type":"Polygon","coordinates":[[[-51.95560638572607,-29.406454999598513],[-51.955620946649326,-29.404589017868872],[-51.95362844559622,-29.404575375153378],[-51.953613870283846,-29.406441355983812],[-51.95560638572607,-29.406454999598513]]]}},{"type":"Feature","properties":{"id_grade":"200ME52054N80730","pop":13,"dom":5,"universo_dom":"domicilios_ocupados_grade_ibge_2022","na_bacia":1,"area_pct_bacia":100.0,"metodo_recorte_bacia":"ponto_representativo_grade_2022; area_pct_geometrica","status_borda_bacia":"total","metodo_area_bacia":"interseção geométrica em EPSG:5880","metodo_na_bacia":"ponto_representativo_grade_2022_within_bacia","pop_n_validos":1,"pop_n_total":1,"pop_completude":1.0,"dom_n_validos":1,"dom_n_total":1,"dom_completude":1.0},"geometry":{"type":"Polygon","coordinates":[[[-51.953613870283846,-29.406441355983812],[-51.95362844559622,-29.404575375153378],[-51.95163594454317,-29.404561718948187],[-51.95162135574094,-29.406427699778455],[-51.953613870283846,-29.406441355983812]]]}},{"type":"Feature","properties":{"id_grade":"200ME52056N80730","pop":4,"dom":1,"universo_dom":"domicilios_ocupados_grade_ibge_2022","na_bacia":1,"area_pct_bacia":100.0,"metodo_recorte_bacia":"ponto_representativo_grade_2022; area_pct_geometrica","status_borda_bacia":"total","metodo_area_bacia":"interseção geométrica em EPSG:5880","metodo_na_bacia":"ponto_representativo_grade_2022_within_bacia","pop_n_validos":1,"pop_n_total":1,"pop_completude":1.0,"dom_n_validos":1,"dom_n_total":1,"dom_completude":1.0},"geometry":{"type":"Polygon","coordinates":[[[-51.95162135574094,-29.406427699778455],[-51.95163594454317,-29.404561718948187],[-51.94964344438938,-29.40454804925301],[-51.949628840298715,-29.40641403008337],[-51.95162135574094,-29.406427699778455]]]}},{"type":"Feature","properties":{"id_grade":"200ME52052N80732","pop":7,"dom":2,"universo_dom":"domicilios_ocupados_grade_ibge_2022","na_bacia":1,"area_pct_bacia":100.0,"metodo_recorte_bacia":"ponto_representativo_grade_2022; area_pct_geometrica","status_borda_bacia":"total","metodo_area_bacia":"interseção geométrica em EPSG:5880","metodo_na_bacia":"ponto_representativo_grade_2022_within_bacia","pop_n_validos":1,"pop_n_total":1,"pop_completude":1.0,"dom_n_validos":1,"dom_n_total":1,"dom_completude":1.0},"geometry":{"type":"Polygon","coordinates":[[[-51.955620946649326,-29.404589017868872],[-51.9556355075726,-29.402723056823643],[-51.95364302090866,-29.40270941410805],[-51.95362844559622,-29.404575375153378],[-51.955620946649326,-29.404589017868872]]]}},{"type":"Feature","properties":{"id_grade":"200ME52054N80732","pop":11,"dom":4,"universo_dom":"domicilios_ocupados_grade_ibge_2022","na_bacia":1,"area_pct_bacia":100.0,"metodo_recorte_bacia":"ponto_representativo_grade_2022; area_pct_geometrica","status_borda_bacia":"total","metodo_area_bacia":"interseção geométrica em EPSG:5880","metodo_na_bacia":"ponto_representativo_grade_2022_within_bacia","pop_n_validos":1,"pop_n_total":1,"pop_completude":1.0,"dom_n_validos":1,"dom_n_total":1,"dom_completude":1.0},"geometry":{"type":"Polygon","coordinates":[[[-51.95362844559622,-29.404575375153378],[-51.95364302090866,-29.40270941410805],[-51.95165053424471,-29.402695757902794],[-51.95163594454317,-29.404561718948187],[-51.95362844559622,-29.404575375153378]]]}},{"type":"Feature","properties":{"id_grade":"200ME52050N80734","pop":11,"dom":4,"universo_dom":"domicilios_ocupados_grade_ibge_2022","na_bacia":1,"area_pct_bacia":100.0,"metodo_recorte_bacia":"ponto_representativo_grade_2022; area_pct_geometrica","status_borda_bacia":"total","metodo_area_bacia":"interseção geométrica em EPSG:5880","metodo_na_bacia":"ponto_representativo_grade_2022_within_bacia","pop_n_validos":1,"pop_n_total":1,"pop_completude":1.0,"dom_n_validos":1,"dom_n_total":1,"dom_completude":1.0},"geometry":{"type":"Polygon","coordinates":[[[-51.95762799513585,-29.40273668604918],[-51.95764254077062,-29.400870744789042],[-51.9556500684958,-29.4008571155634],[-51.9556355075726,-29.402723056823643],[-51.95762799513585,-29.40273668604918]]]}},{"type":"Feature","properties":{"id_grade":"200ME52052N80734","pop":61,"dom":20,"universo_dom":"domicilios_ocupados_grade_ibge_2022","na_bacia":1,"area_pct_bacia":100.0,"metodo_recorte_bacia":"ponto_representativo_grade_2022; area_pct_geometrica","status_borda_bacia":"total","metodo_area_bacia":"interseção geométrica em EPSG:5880","metodo_na_bacia":"ponto_representativo_grade_2022_within_bacia","pop_n_validos":1,"pop_n_total":1,"pop_completude":1.0,"dom_n_validos":1,"dom_n_total":1,"dom_completude":1.0},"geometry":{"type":"Polygon","coordinates":[[[-51.9556355075726,-29.402723056823643],[-51.9556500684958,-29.4008571155634],[-51.953657595321715,-29.40084347374727],[-51.95364302090866,-29.40270941410805],[-51.9556355075726,-29.402723056823643]]]}},{"type":"Feature","properties":{"id_grade":"200ME52058N80734","pop":4,"dom":2,"universo_dom":"domicilios_ocupados_grade_ibge_2022","na_bacia":1,"area_pct_bacia":100.0,"metodo_recorte_bacia":"ponto_representativo_grade_2022; area_pct_geometrica","status_borda_bacia":"total","metodo_area_bacia":"interseção geométrica em EPSG:5880","metodo_na_bacia":"ponto_representativo_grade_2022_within_bacia","pop_n_validos":1,"pop_n_total":1,"pop_completude":1.0,"dom_n_validos":1,"dom_n_total":1,"dom_completude":1.0},"geometry":{"type":"Polygon","coordinates":[[[-51.94965804758079,-29.4026820891071],[-51.94967265077219,-29.400816148746244],[-51.947680178497414,-29.400802466460593],[-51.947665560916846,-29.40266840682153],[-51.94965804758079,-29.4026820891071]]]}},{"type":"Feature","properties":{"id_grade":"200ME52050N80736","pop":27,"dom":15,"universo_dom":"domicilios_ocupados_grade_ibge_2022","na_bacia":1,"area_pct_bacia":100.0,"metodo_recorte_bacia":"ponto_representativo_grade_2022; area_pct_geometrica","status_borda_bacia":"total","metodo_area_bacia":"interseção geométrica em EPSG:5880","metodo_na_bacia":"ponto_representativo_grade_2022_within_bacia","pop_n_validos":1,"pop_n_total":1,"pop_completude":1.0,"dom_n_validos":1,"dom_n_total":1,"dom_completude":1.0},"geometry":{"type":"Polygon","coordinates":[[[-51.95764254077062,-29.400870744789042],[-51.95765708730471,-29.39900482421325],[-51.95566462851974,-29.39899119498766],[-51.9556500684958,-29.4008571155634],[-51.95764254077062,-29.400870744789042]]]}},{"type":"Feature","properties":{"id_grade":"200ME52052N80736","pop":20,"dom":10,"universo_dom":"domicilios_ocupados_grade_ibge_2022","na_bacia":1,"area_pct_bacia":100.0,"metodo_recorte_bacia":"ponto_representativo_grade_2022; area_pct_geometrica","status_borda_bacia":"total","metodo_area_bacia":"interseção geométrica em EPSG:5880","metodo_na_bacia":"ponto_representativo_grade_2022_within_bacia","pop_n_validos":1,"pop_n_total":1,"pop_completude":1.0,"dom_n_validos":1,"dom_n_total":1,"dom_completude":1.0},"geometry":{"type":"Polygon","coordinates":[[[-51.9556500684958,-29.4008571155634],[-51.95566462851974,-29.39899119498766],[-51.95367216973484,-29.39897755317152],[-51.953657595321715,-29.40084347374727],[-51.9556500684958,-29.4008571155634]]]}},{"type":"Feature","properties":{"id_grade":"200ME52058N80736","pop":76,"dom":30,"universo_dom":"domicilios_ocupados_grade_ibge_2022","na_bacia":1,"area_pct_bacia":100.0,"metodo_recorte_bacia":"ponto_representativo_grade_2022; area_pct_geometrica","status_borda_bacia":"total","metodo_area_bacia":"interseção geométrica em EPSG:5880","metodo_na_bacia":"ponto_representativo_grade_2022_within_bacia","pop_n_validos":1,"pop_n_total":1,"pop_completude":1.0,"dom_n_validos":1,"dom_n_total":1,"dom_completude":1.0},"geometry":{"type":"Polygon","coordinates":[[[-51.94967265077219,-29.400816148746244],[-51.94968725396353,-29.398950229069786],[-51.94769479517862,-29.39893654678411],[-51.947680178497414,-29.400802466460593],[-51.94967265077219,-29.400816148746244]]]}},{"type":"Feature","properties":{"id_grade":"200ME52058N80738","pop":88,"dom":36,"universo_dom":"domicilios_ocupados_grade_ibge_2022","na_bacia":1,"area_pct_bacia":100.0,"metodo_recorte_bacia":"ponto_representativo_grade_2022; area_pct_geometrica","status_borda_bacia":"total","metodo_area_bacia":"interseção geométrica em EPSG:5880","metodo_na_bacia":"ponto_representativo_grade_2022_within_bacia","pop_n_validos":1,"pop_n_total":1,"pop_completude":1.0,"dom_n_validos":1,"dom_n_total":1,"dom_completude":1.0},"geometry":{"type":"Polygon","coordinates":[[[-51.94968725396353,-29.398950229069786],[-51.94970185625561,-29.39708432917844],[-51.94770941275914,-29.397070647792155],[-51.94769479517862,-29.39893654678411],[-51.94968725396353,-29.398950229069786]]]}},{"type":"Feature","properties":{"id_grade":"200ME52052N80742","pop":26,"dom":11,"universo_dom":"domicilios_ocupados_grade_ibge_2022","na_bacia":1,"area_pct_bacia":100.0,"metodo_recorte_bacia":"ponto_representativo_grade_2022; area_pct_geometrica","status_borda_bacia":"total","metodo_area_bacia":"interseção geométrica em EPSG:5880","metodo_na_bacia":"ponto_representativo_grade_2022_within_bacia","pop_n_validos":1,"pop_n_total":1,"pop_completude":1.0,"dom_n_validos":1,"dom_n_total":1,"dom_completude":1.0},"geometry":{"type":"Polygon","coordinates":[[[-51.955693748567626,-29.395259414990004],[-51.95570830859151,-29.39339355466878],[-51.95371589207475,-29.393379913752003],[-51.95370131856094,-29.39524577317381],[-51.955693748567626,-29.395259414990004]]]}},{"type":"Feature","properties":{"id_grade":"200ME52056N80742","pop":16,"dom":5,"universo_dom":"domicilios_ocupados_grade_ibge_2022","na_bacia":1,"area_pct_bacia":100.0,"metodo_recorte_bacia":"ponto_representativo_grade_2022; area_pct_geometrica","status_borda_bacia":"total","metodo_area_bacia":"interseção geométrica em EPSG:5880","metodo_na_bacia":"ponto_representativo_grade_2022_within_bacia","pop_n_validos":1,"pop_n_total":1,"pop_completude":1.0,"dom_n_validos":1,"dom_n_total":1,"dom_completude":1.0},"geometry":{"type":"Polygon","coordinates":[[[-51.95170888855433,-29.39523211786797],[-51.95172347645723,-29.393366259345328],[-51.94973106083973,-29.39335259054949],[-51.9497164585477,-29.39521844997141],[-51.95170888855433,-29.39523211786797]]]}},{"type":"Feature","properties":{"id_grade":"200ME52058N80742","pop":77,"dom":30,"universo_dom":"domicilios_ocupados_grade_ibge_2022","na_bacia":1,"area_pct_bacia":100.0,"metodo_recorte_bacia":"ponto_representativo_grade_2022; area_pct_geometrica","status_borda_bacia":"total","metodo_area_bacia":"interseção geométrica em EPSG:5880","metodo_na_bacia":"ponto_representativo_grade_2022_within_bacia","pop_n_validos":1,"pop_n_total":1,"pop_completude":1.0,"dom_n_validos":1,"dom_n_total":1,"dom_completude":1.0},"geometry":{"type":"Polygon","coordinates":[[[-51.9497164585477,-29.39521844997141],[-51.94973106083973,-29.39335259054949],[-51.94773864522227,-29.39333891006262],[-51.94772402944034,-29.395204768585117],[-51.9497164585477,-29.39521844997141]]]}},{"type":"Feature","properties":{"id_grade":"200ME52050N80744","pop":73,"dom":31,"universo_dom":"domicilios_ocupados_grade_ibge_2022","na_bacia":1,"area_pct_bacia":100.0,"metodo_recorte_bacia":"ponto_representativo_grade_2022; area_pct_geometrica","status_borda_bacia":"total","metodo_area_bacia":"interseção geométrica em EPSG:5880","metodo_na_bacia":"ponto_representativo_grade_2022_within_bacia","pop_n_validos":1,"pop_n_total":1,"pop_completude":1.0,"dom_n_validos":1,"dom_n_total":1,"dom_completude":1.0},"geometry":{"type":"Polygon","coordinates":[[[-51.95770072420902,-29.393407182995073],[-51.957715269843796,-29.391541343358277],[-51.955722867716126,-29.391527715032023],[-51.95570830859151,-29.39339355466878],[-51.95770072420902,-29.393407182995073]]]}},{"type":"Feature","properties":{"id_grade":"200ME52052N80744","pop":136,"dom":62,"universo_dom":"domicilios_ocupados_grade_ibge_2022","na_bacia":1,"area_pct_bacia":100.0,"metodo_recorte_bacia":"ponto_representativo_grade_2022; area_pct_geometrica","status_borda_bacia":"total","metodo_area_bacia":"interseção geométrica em EPSG:5880","metodo_na_bacia":"ponto_representativo_grade_2022_within_bacia","pop_n_validos":1,"pop_n_total":1,"pop_completude":1.0,"dom_n_validos":1,"dom_n_total":1,"dom_completude":1.0},"geometry":{"type":"Polygon","coordinates":[[[-51.95570830859151,-29.39339355466878],[-51.955722867716126,-29.391527715032023],[-51.953730466487805,-29.39151407411522],[-51.95371589207475,-29.393379913752003],[-51.95570830859151,-29.39339355466878]]]}},{"type":"Feature","properties":{"id_grade":"200ME52054N80744","pop":62,"dom":25,"universo_dom":"domicilios_ocupados_grade_ibge_2022","na_bacia":1,"area_pct_bacia":100.0,"metodo_recorte_bacia":"ponto_representativo_grade_2022; area_pct_geometrica","status_borda_bacia":"total","metodo_area_bacia":"interseção geométrica em EPSG:5880","metodo_na_bacia":"ponto_representativo_grade_2022_within_bacia","pop_n_validos":1,"pop_n_total":1,"pop_completude":1.0,"dom_n_validos":1,"dom_n_total":1,"dom_completude":1.0},"geometry":{"type":"Polygon","coordinates":[[[-51.95371589207475,-29.393379913752003],[-51.953730466487805,-29.39151407411522],[-51.951738064360136,-29.391500419708564],[-51.95172347645723,-29.393366259345328],[-51.95371589207475,-29.393379913752003]]]}},{"type":"Feature","properties":{"id_grade":"200ME52056N80744","pop":108,"dom":44,"universo_dom":"domicilios_ocupados_grade_ibge_2022","na_bacia":1,"area_pct_bacia":100.0,"metodo_recorte_bacia":"ponto_representativo_grade_2022; area_pct_geometrica","status_borda_bacia":"total","metodo_area_bacia":"interseção geométrica em EPSG:5880","metodo_na_bacia":"ponto_representativo_grade_2022_within_bacia","pop_n_validos":1,"pop_n_total":1,"pop_completude":1.0,"dom_n_validos":1,"dom_n_total":1,"dom_completude":1.0},"geometry":{"type":"Polygon","coordinates":[[[-51.95172347645723,-29.393366259345328],[-51.951738064360136,-29.391500419708564],[-51.94974566313181,-29.39148675181214],[-51.94973106083973,-29.39335259054949],[-51.95172347645723,-29.393366259345328]]]}},{"type":"Feature","properties":{"id_grade":"200ME52058N80744","pop":53,"dom":20,"universo_dom":"domicilios_ocupados_grade_ibge_2022","na_bacia":1,"area_pct_bacia":100.0,"metodo_recorte_bacia":"ponto_representativo_grade_2022; area_pct_geometrica","status_borda_bacia":"total","metodo_area_bacia":"interseção geométrica em EPSG:5880","metodo_na_bacia":"ponto_representativo_grade_2022_within_bacia","pop_n_validos":1,"pop_n_total":1,"pop_completude":1.0,"dom_n_validos":1,"dom_n_total":1,"dom_completude":1.0},"geometry":{"type":"Polygon","coordinates":[[[-51.94973106083973,-29.39335259054949],[-51.94974566313181,-29.39148675181214],[-51.94775326190347,-29.39147307132509],[-51.94773864522227,-29.39333891006262],[-51.94973106083973,-29.39335259054949]]]}},{"type":"Feature","properties":{"id_grade":"200ME52050N80746","pop":92,"dom":38,"universo_dom":"domicilios_ocupados_grade_ibge_2022","na_bacia":1,"area_pct_bacia":100.0,"metodo_recorte_bacia":"ponto_representativo_grade_2022; area_pct_geometrica","status_borda_bacia":"total","metodo_area_bacia":"interseção geométrica em EPSG:5880","metodo_na_bacia":"ponto_representativo_grade_2022_within_bacia","pop_n_validos":1,"pop_n_total":1,"pop_completude":1.0,"dom_n_validos":1,"dom_n_total":1,"dom_completude":1.0},"geometry":{"type":"Polygon","coordinates":[[[-51.957715269843796,-29.391541343358277],[-51.95772981547855,-29.389675523506583],[-51.955737426840756,-29.389661896079616],[-51.955722867716126,-29.391527715032023],[-51.957715269843796,-29.391541343358277]]]}},{"type":"Feature","properties":{"id_grade":"200ME52052N80746","pop":146,"dom":60,"universo_dom":"domicilios_ocupados_grade_ibge_2022","na_bacia":1,"area_pct_bacia":100.0,"metodo_recorte_bacia":"ponto_representativo_grade_2022; area_pct_geometrica","status_borda_bacia":"total","metodo_area_bacia":"interseção geométrica em EPSG:5880","metodo_na_bacia":"ponto_representativo_grade_2022_within_bacia","pop_n_validos":1,"pop_n_total":1,"pop_completude":1.0,"dom_n_validos":1,"dom_n_total":1,"dom_completude":1.0},"geometry":{"type":"Polygon","coordinates":[[[-51.955722867716126,-29.391527715032023],[-51.955737426840756,-29.389661896079616],[-51.953745040001536,-29.389648255162765],[-51.953730466487805,-29.39151407411522],[-51.955722867716126,-29.391527715032023]]]}},{"type":"Feature","properties":{"id_grade":"200ME52054N80746","pop":174,"dom":56,"universo_dom":"domicilios_ocupados_grade_ibge_2022","na_bacia":1,"area_pct_bacia":100.0,"metodo_recorte_bacia":"ponto_representativo_grade_2022; area_pct_geometrica","status_borda_bacia":"total","metodo_area_bacia":"interseção geométrica em EPSG:5880","metodo_na_bacia":"ponto_representativo_grade_2022_within_bacia","pop_n_validos":1,"pop_n_total":1,"pop_completude":1.0,"dom_n_validos":1,"dom_n_total":1,"dom_completude":1.0},"geometry":{"type":"Polygon","coordinates":[[[-51.953730466487805,-29.39151407411522],[-51.953745040001536,-29.389648255162765],[-51.95175265226305,-29.38963460075619],[-51.951738064360136,-29.391500419708564],[-51.953730466487805,-29.39151407411522]]]}},{"type":"Feature","properties":{"id_grade":"200ME52056N80746","pop":109,"dom":46,"universo_dom":"domicilios_ocupados_grade_ibge_2022","na_bacia":1,"area_pct_bacia":100.0,"metodo_recorte_bacia":"ponto_representativo_grade_2022; area_pct_geometrica","status_borda_bacia":"total","metodo_area_bacia":"interseção geométrica em EPSG:5880","metodo_na_bacia":"ponto_representativo_grade_2022_within_bacia","pop_n_validos":1,"pop_n_total":1,"pop_completude":1.0,"dom_n_validos":1,"dom_n_total":1,"dom_completude":1.0},"geometry":{"type":"Polygon","coordinates":[[[-51.951738064360136,-29.391500419708564],[-51.95175265226305,-29.38963460075619],[-51.94976026542388,-29.38962093375901],[-51.94974566313181,-29.39148675181214],[-51.951738064360136,-29.391500419708564]]]}},{"type":"Feature","properties":{"id_grade":"200ME52058N80746","pop":43,"dom":17,"universo_dom":"domicilios_ocupados_grade_ibge_2022","na_bacia":1,"area_pct_bacia":100.0,"metodo_recorte_bacia":"ponto_representativo_grade_2022; area_pct_geometrica","status_borda_bacia":"total","metodo_area_bacia":"interseção geométrica em EPSG:5880","metodo_na_bacia":"ponto_representativo_grade_2022_within_bacia","pop_n_validos":1,"pop_n_total":1,"pop_completude":1.0,"dom_n_validos":1,"dom_n_total":1,"dom_completude":1.0},"geometry":{"type":"Polygon","coordinates":[[[-51.94974566313181,-29.39148675181214],[-51.94976026542388,-29.38962093375901],[-51.94776787768535,-29.38960725237275],[-51.94775326190347,-29.39147307132509],[-51.94974566313181,-29.39148675181214]]]}},{"type":"Feature","properties":{"id_grade":"200ME52050N80748","pop":115,"dom":44,"universo_dom":"domicilios_ocupados_grade_ibge_2022","na_bacia":1,"area_pct_bacia":100.0,"metodo_recorte_bacia":"ponto_representativo_grade_2022; area_pct_geometrica","status_borda_bacia":"total","metodo_area_bacia":"interseção geométrica em EPSG:5880","metodo_na_bacia":"ponto_representativo_grade_2022_within_bacia","pop_n_validos":1,"pop_n_total":1,"pop_completude":1.0,"dom_n_validos":1,"dom_n_total":1,"dom_completude":1.0},"geometry":{"type":"Polygon","coordinates":[[[-51.95772981547855,-29.389675523506583],[-51.957744360214015,-29.38780972433924],[-51.95575198596532,-29.38779609691235],[-51.955737426840756,-29.389661896079616],[-51.95772981547855,-29.389675523506583]]]}},{"type":"Feature","properties":{"id_grade":"200ME52052N80748","pop":34,"dom":13,"universo_dom":"domicilios_ocupados_grade_ibge_2022","na_bacia":1,"area_pct_bacia":100.0,"metodo_recorte_bacia":"ponto_representativo_grade_2022; area_pct_geometrica","status_borda_bacia":"total","metodo_area_bacia":"interseção geométrica em EPSG:5880","metodo_na_bacia":"ponto_representativo_grade_2022_within_bacia","pop_n_validos":1,"pop_n_total":1,"pop_completude":1.0,"dom_n_validos":1,"dom_n_total":1,"dom_completude":1.0},"geometry":{"type":"Polygon","coordinates":[[[-51.955737426840756,-29.389661896079616],[-51.95575198596532,-29.38779609691235],[-51.95375961261602,-29.387782455995467],[-51.953745040001536,-29.389648255162765],[-51.955737426840756,-29.389661896079616]]]}},{"type":"Feature","properties":{"id_grade":"200ME52054N80748","pop":87,"dom":36,"universo_dom":"domicilios_ocupados_grade_ibge_2022","na_bacia":1,"area_pct_bacia":100.0,"metodo_recorte_bacia":"ponto_representativo_grade_2022; area_pct_geometrica","status_borda_bacia":"total","metodo_area_bacia":"interseção geométrica em EPSG:5880","metodo_na_bacia":"ponto_representativo_grade_2022_within_bacia","pop_n_validos":1,"pop_n_total":1,"pop_completude":1.0,"dom_n_validos":1,"dom_n_total":1,"dom_completude":1.0},"geometry":{"type":"Polygon","coordinates":[[[-51.953745040001536,-29.389648255162765],[-51.95375961261602,-29.387782455995467],[-51.951767239266644,-29.387768802488203],[-51.95175265226305,-29.38963460075619],[-51.953745040001536,-29.389648255162765]]]}},{"type":"Feature","properties":{"id_grade":"200ME52056N80748","pop":47,"dom":15,"universo_dom":"domicilios_ocupados_grade_ibge_2022","na_bacia":1,"area_pct_bacia":100.0,"metodo_recorte_bacia":"ponto_representativo_grade_2022; area_pct_geometrica","status_borda_bacia":"total","metodo_area_bacia":"interseção geométrica em EPSG:5880","metodo_na_bacia":"ponto_representativo_grade_2022_within_bacia","pop_n_validos":1,"pop_n_total":1,"pop_completude":1.0,"dom_n_validos":1,"dom_n_total":1,"dom_completude":1.0},"geometry":{"type":"Polygon","coordinates":[[[-51.95175265226305,-29.38963460075619],[-51.951767239266644,-29.387768802488203],[-51.9497748668166,-29.38775513459176],[-51.94976026542388,-29.38962093375901],[-51.95175265226305,-29.38963460075619]]]}},{"type":"Feature","properties":{"id_grade":"200ME52050N80750","pop":57,"dom":21,"universo_dom":"domicilios_ocupados_grade_ibge_2022","na_bacia":1,"area_pct_bacia":100.0,"metodo_recorte_bacia":"ponto_representativo_grade_2022; area_pct_geometrica","status_borda_bacia":"total","metodo_area_bacia":"interseção geométrica em EPSG:5880","metodo_na_bacia":"ponto_representativo_grade_2022_within_bacia","pop_n_validos":1,"pop_n_total":1,"pop_completude":1.0,"dom_n_validos":1,"dom_n_total":1,"dom_completude":1.0},"geometry":{"type":"Polygon","coordinates":[[[-51.957744360214015,-29.38780972433924],[-51.95775890494946,-29.385943944957017],[-51.95576654508995,-29.38593031753007],[-51.95575198596532,-29.38779609691235],[-51.957744360214015,-29.38780972433924]]]}},{"type":"Feature","properties":{"id_grade":"200ME52052N80750","pop":5,"dom":1,"universo_dom":"domicilios_ocupados_grade_ibge_2022","na_bacia":1,"area_pct_bacia":100.0,"metodo_recorte_bacia":"ponto_representativo_grade_2022; area_pct_geometrica","status_borda_bacia":"total","metodo_area_bacia":"interseção geométrica em EPSG:5880","metodo_na_bacia":"ponto_representativo_grade_2022_within_bacia","pop_n_validos":1,"pop_n_total":1,"pop_completude":1.0,"dom_n_validos":1,"dom_n_total":1,"dom_completude":1.0},"geometry":{"type":"Polygon","coordinates":[[[-51.95575198596532,-29.38779609691235],[-51.95576654508995,-29.38593031753007],[-51.95377418612975,-29.385916677512586],[-51.95375961261602,-29.387782455995467],[-51.95575198596532,-29.38779609691235]]]}},{"type":"Feature","properties":{"id_grade":"200ME52054N80750","pop":133,"dom":48,"universo_dom":"domicilios_ocupados_grade_ibge_2022","na_bacia":1,"area_pct_bacia":100.0,"metodo_recorte_bacia":"ponto_representativo_grade_2022; area_pct_geometrica","status_borda_bacia":"total","metodo_area_bacia":"interseção geométrica em EPSG:5880","metodo_na_bacia":"ponto_representativo_grade_2022_within_bacia","pop_n_validos":1,"pop_n_total":1,"pop_completude":1.0,"dom_n_validos":1,"dom_n_total":1,"dom_completude":1.0},"geometry":{"type":"Polygon","coordinates":[[[-51.95375961261602,-29.387782455995467],[-51.95377418612975,-29.385916677512586],[-51.951781827169555,-29.385903024005295],[-51.951767239266644,-29.387768802488203],[-51.95375961261602,-29.387782455995467]]]}},{"type":"Feature","properties":{"id_grade":"200ME52058N80750","pop":57,"dom":23,"universo_dom":"domicilios_ocupados_grade_ibge_2022","na_bacia":1,"area_pct_bacia":100.0,"metodo_recorte_bacia":"ponto_representativo_grade_2022; area_pct_geometrica","status_borda_bacia":"total","metodo_area_bacia":"interseção geométrica em EPSG:5880","metodo_na_bacia":"ponto_representativo_grade_2022_within_bacia","pop_n_validos":1,"pop_n_total":1,"pop_completude":1.0,"dom_n_validos":1,"dom_n_total":1,"dom_completude":1.0},"geometry":{"type":"Polygon","coordinates":[[[-51.9497748668166,-29.38775513459176],[-51.94978946820936,-29.385889357008153],[-51.94779710924917,-29.385875676521202],[-51.94778249346724,-29.3877414541048],[-51.9497748668166,-29.38775513459176]]]}},{"type":"Feature","properties":{"id_grade":"200ME52050N80752","pop":27,"dom":10,"universo_dom":"domicilios_ocupados_grade_ibge_2022","na_bacia":1,"area_pct_bacia":100.0,"metodo_recorte_bacia":"ponto_representativo_grade_2022; area_pct_geometrica","status_borda_bacia":"total","metodo_area_bacia":"interseção geométrica em EPSG:5880","metodo_na_bacia":"ponto_representativo_grade_2022_within_bacia","pop_n_validos":1,"pop_n_total":1,"pop_completude":1.0,"dom_n_validos":1,"dom_n_total":1,"dom_completude":1.0},"geometry":{"type":"Polygon","coordinates":[[[-51.95775890494946,-29.385943944957017],[-51.95777344878558,-29.38407818625917],[-51.95578110421457,-29.384064558832293],[-51.95576654508995,-29.38593031753007],[-51.95775890494946,-29.385943944957017]]]}},{"type":"Feature","properties":{"id_grade":"200ME52052N80752","pop":59,"dom":20,"universo_dom":"domicilios_ocupados_grade_ibge_2022","na_bacia":1,"area_pct_bacia":100.0,"metodo_recorte_bacia":"ponto_representativo_grade_2022; area_pct_geometrica","status_borda_bacia":"total","metodo_area_bacia":"interseção geométrica em EPSG:5880","metodo_na_bacia":"ponto_representativo_grade_2022_within_bacia","pop_n_validos":1,"pop_n_total":1,"pop_completude":1.0,"dom_n_validos":1,"dom_n_total":1,"dom_completude":1.0},"geometry":{"type":"Polygon","coordinates":[[[-51.95576654508995,-29.38593031753007],[-51.95578110421457,-29.384064558832293],[-51.95378875874417,-29.384050918814786],[-51.95377418612975,-29.385916677512586],[-51.95576654508995,-29.38593031753007]]]}},{"type":"Feature","properties":{"id_grade":"200ME52054N80752","pop":191,"dom":76,"universo_dom":"domicilios_ocupados_grade_ibge_2022","na_bacia":1,"area_pct_bacia":100.0,"metodo_recorte_bacia":"ponto_representativo_grade_2022; area_pct_geometrica","status_borda_bacia":"total","metodo_area_bacia":"interseção geométrica em EPSG:5880","metodo_na_bacia":"ponto_representativo_grade_2022_within_bacia","pop_n_validos":1,"pop_n_total":1,"pop_completude":1.0,"dom_n_validos":1,"dom_n_total":1,"dom_completude":1.0},"geometry":{"type":"Polygon","coordinates":[[[-51.95377418612975,-29.385916677512586],[-51.95378875874417,-29.384050918814786],[-51.951796414173145,-29.38403726530752],[-51.951781827169555,-29.385903024005295],[-51.95377418612975,-29.385916677512586]]]}},{"type":"Feature","properties":{"id_grade":"200ME52056N80752","pop":3,"dom":1,"universo_dom":"domicilios_ocupados_grade_ibge_2022","na_bacia":1,"area_pct_bacia":100.0,"metodo_recorte_bacia":"ponto_representativo_grade_2022; area_pct_geometrica","status_borda_bacia":"total","metodo_area_bacia":"interseção geométrica em EPSG:5880","metodo_na_bacia":"ponto_representativo_grade_2022_within_bacia","pop_n_validos":1,"pop_n_total":1,"pop_completude":1.0,"dom_n_validos":1,"dom_n_total":1,"dom_completude":1.0},"geometry":{"type":"Polygon","coordinates":[[[-51.951781827169555,-29.385903024005295],[-51.951796414173145,-29.38403726530752],[-51.949804069602074,-29.38402359920969],[-51.94978946820936,-29.385889357008153],[-51.951781827169555,-29.385903024005295]]]}},{"type":"Feature","properties":{"id_grade":"200ME52058N80752","pop":34,"dom":15,"universo_dom":"domicilios_ocupados_grade_ibge_2022","na_bacia":1,"area_pct_bacia":100.0,"metodo_recorte_bacia":"ponto_representativo_grade_2022; area_pct_geometrica","status_borda_bacia":"total","metodo_area_bacia":"interseção geométrica em EPSG:5880","metodo_na_bacia":"ponto_representativo_grade_2022_within_bacia","pop_n_validos":1,"pop_n_total":1,"pop_completude":1.0,"dom_n_validos":1,"dom_n_total":1,"dom_completude":1.0},"geometry":{"type":"Polygon","coordinates":[[[-51.94978946820936,-29.385889357008153],[-51.949804069602074,-29.38402359920969],[-51.94781172503105,-29.38400991872269],[-51.94779710924917,-29.385875676521202],[-51.94978946820936,-29.385889357008153]]]}},{"type":"Feature","properties":{"id_grade":"200ME52050N80754","pop":61,"dom":22,"universo_dom":"domicilios_ocupados_grade_ibge_2022","na_bacia":1,"area_pct_bacia":100.0,"metodo_recorte_bacia":"ponto_representativo_grade_2022; area_pct_geometrica","status_borda_bacia":"total","metodo_area_bacia":"interseção geométrica em EPSG:5880","metodo_na_bacia":"ponto_representativo_grade_2022_within_bacia","pop_n_validos":1,"pop_n_total":1,"pop_completude":1.0,"dom_n_validos":1,"dom_n_total":1,"dom_completude":1.0},"geometry":{"type":"Polygon","coordinates":[[[-51.95777344878558,-29.38407818625917],[-51.95778799352104,-29.382212447346507],[-51.95579566243982,-29.38219882081889],[-51.95578110421457,-29.384064558832293],[-51.95777344878558,-29.38407818625917]]]}},{"type":"Feature","properties":{"id_grade":"200ME52052N80754","pop":99,"dom":36,"universo_dom":"domicilios_ocupados_grade_ibge_2022","na_bacia":1,"area_pct_bacia":100.0,"metodo_recorte_bacia":"ponto_representativo_grade_2022; area_pct_geometrica","status_borda_bacia":"total","metodo_area_bacia":"interseção geométrica em EPSG:5880","metodo_na_bacia":"ponto_representativo_grade_2022_within_bacia","pop_n_validos":1,"pop_n_total":1,"pop_completude":1.0,"dom_n_validos":1,"dom_n_total":1,"dom_completude":1.0},"geometry":{"type":"Polygon","coordinates":[[[-51.95578110421457,-29.384064558832293],[-51.95579566243982,-29.38219882081889],[-51.95380333135859,-29.382185180801415],[-51.95378875874417,-29.384050918814786],[-51.95578110421457,-29.384064558832293]]]}},{"type":"Feature","properties":{"id_grade":"200ME52054N80754","pop":267,"dom":89,"universo_dom":"domicilios_ocupados_grade_ibge_2022","na_bacia":1,"area_pct_bacia":100.0,"metodo_recorte_bacia":"ponto_representativo_grade_2022; area_pct_geometrica","status_borda_bacia":"total","metodo_area_bacia":"interseção geométrica em EPSG:5880","metodo_na_bacia":"ponto_representativo_grade_2022_within_bacia","pop_n_validos":1,"pop_n_total":1,"pop_completude":1.0,"dom_n_validos":1,"dom_n_total":1,"dom_completude":1.0},"geometry":{"type":"Polygon","coordinates":[[[-51.95378875874417,-29.384050918814786],[-51.95380333135859,-29.382185180801415],[-51.951811001176736,-29.382171527294116],[-51.951796414173145,-29.38403726530752],[-51.95378875874417,-29.384050918814786]]]}},{"type":"Feature","properties":{"id_grade":"200ME52056N80754","pop":34,"dom":12,"universo_dom":"domicilios_ocupados_grade_ibge_2022","na_bacia":1,"area_pct_bacia":100.0,"metodo_recorte_bacia":"ponto_representativo_grade_2022; area_pct_geometrica","status_borda_bacia":"total","metodo_area_bacia":"interseção geométrica em EPSG:5880","metodo_na_bacia":"ponto_representativo_grade_2022_within_bacia","pop_n_validos":1,"pop_n_total":1,"pop_completude":1.0,"dom_n_validos":1,"dom_n_total":1,"dom_completude":1.0},"geometry":{"type":"Polygon","coordinates":[[[-51.951796414173145,-29.38403726530752],[-51.951811001176736,-29.382171527294116],[-51.94981867009551,-29.3821578611963],[-51.949804069602074,-29.38402359920969],[-51.951796414173145,-29.38403726530752]]]}},{"type":"Feature","properties":{"id_grade":"200ME52058N80754","pop":127,"dom":49,"universo_dom":"domicilios_ocupados_grade_ibge_2022","na_bacia":1,"area_pct_bacia":100.0,"metodo_recorte_bacia":"ponto_representativo_grade_2022; area_pct_geometrica","status_borda_bacia":"total","metodo_area_bacia":"interseção geométrica em EPSG:5880","metodo_na_bacia":"ponto_representativo_grade_2022_within_bacia","pop_n_validos":1,"pop_n_total":1,"pop_completude":1.0,"dom_n_validos":1,"dom_n_total":1,"dom_completude":1.0},"geometry":{"type":"Polygon","coordinates":[[[-51.949804069602074,-29.38402359920969],[-51.94981867009551,-29.3821578611963],[-51.947826339913604,-29.38214418160856],[-51.94781172503105,-29.38400991872269],[-51.949804069602074,-29.38402359920969]]]}},{"type":"Feature","properties":{"id_grade":"200ME52050N80756","pop":110,"dom":38,"universo_dom":"domicilios_ocupados_grade_ibge_2022","na_bacia":1,"area_pct_bacia":100.0,"metodo_recorte_bacia":"ponto_representativo_grade_2022; area_pct_geometrica","status_borda_bacia":"total","metodo_area_bacia":"interseção geométrica em EPSG:5880","metodo_na_bacia":"ponto_representativo_grade_2022_within_bacia","pop_n_validos":1,"pop_n_total":1,"pop_completude":1.0,"dom_n_validos":1,"dom_n_total":1,"dom_completude":1.0},"geometry":{"type":"Polygon","coordinates":[[[-51.95778799352104,-29.382212447346507],[-51.95780253735716,-29.380346729118248],[-51.955810220665114,-29.380333102590463],[-51.95579566243982,-29.38219882081889],[-51.95778799352104,-29.382212447346507]]]}},{"type":"Feature","properties":{"id_grade":"200ME52052N80756","pop":102,"dom":37,"universo_dom":"domicilios_ocupados_grade_ibge_2022","na_bacia":1,"area_pct_bacia":100.0,"metodo_recorte_bacia":"ponto_representativo_grade_2022; area_pct_geometrica","status_borda_bacia":"total","metodo_area_bacia":"interseção geométrica em EPSG:5880","metodo_na_bacia":"ponto_representativo_grade_2022_within_bacia","pop_n_validos":1,"pop_n_total":1,"pop_completude":1.0,"dom_n_validos":1,"dom_n_total":1,"dom_completude":1.0},"geometry":{"type":"Polygon","coordinates":[[[-51.95579566243982,-29.38219882081889],[-51.955810220665114,-29.380333102590463],[-51.95381790397306,-29.38031946257309],[-51.95380333135859,-29.382185180801415],[-51.95579566243982,-29.38219882081889]]]}},{"type":"Feature","properties":{"id_grade":"200ME52054N80756","pop":5,"dom":2,"universo_dom":"domicilios_ocupados_grade_ibge_2022","na_bacia":1,"area_pct_bacia":100.0,"metodo_recorte_bacia":"ponto_representativo_grade_2022; area_pct_geometrica","status_borda_bacia":"total","metodo_area_bacia":"interseção geométrica em EPSG:5880","metodo_na_bacia":"ponto_representativo_grade_2022_within_bacia","pop_n_validos":1,"pop_n_total":1,"pop_completude":1.0,"dom_n_validos":1,"dom_n_total":1,"dom_completude":1.0},"geometry":{"type":"Polygon","coordinates":[[[-51.95380333135859,-29.382185180801415],[-51.95381790397306,-29.38031946257309],[-51.951825587281014,-29.380305809965133],[-51.951811001176736,-29.382171527294116],[-51.95380333135859,-29.382185180801415]]]}},{"type":"Feature","properties":{"id_grade":"200ME52056N80756","pop":4,"dom":2,"universo_dom":"domicilios_ocupados_grade_ibge_2022","na_bacia":1,"area_pct_bacia":100.0,"metodo_recorte_bacia":"ponto_representativo_grade_2022; area_pct_geometrica","status_borda_bacia":"total","metodo_area_bacia":"interseção geométrica em EPSG:5880","metodo_na_bacia":"ponto_representativo_grade_2022_within_bacia","pop_n_validos":1,"pop_n_total":1,"pop_completude":1.0,"dom_n_validos":1,"dom_n_total":1,"dom_completude":1.0},"geometry":{"type":"Polygon","coordinates":[[[-51.951811001176736,-29.382171527294116],[-51.951825587281014,-29.380305809965133],[-51.949833271488274,-29.380292143867276],[-51.94981867009551,-29.3821578611963],[-51.951811001176736,-29.382171527294116]]]}},{"type":"Feature","properties":{"id_grade":"200ME52058N80756","pop":33,"dom":13,"universo_dom":"domicilios_ocupados_grade_ibge_2022","na_bacia":1,"area_pct_bacia":100.0,"metodo_recorte_bacia":"ponto_representativo_grade_2022; area_pct_geometrica","status_borda_bacia":"total","metodo_area_bacia":"interseção geométrica em EPSG:5880","metodo_na_bacia":"ponto_representativo_grade_2022_within_bacia","pop_n_validos":1,"pop_n_total":1,"pop_completude":1.0,"dom_n_validos":1,"dom_n_total":1,"dom_completude":1.0},"geometry":{"type":"Polygon","coordinates":[[[-51.94981867009551,-29.3821578611963],[-51.949833271488274,-29.380292143867276],[-51.94784095569548,-29.380278464279698],[-51.947826339913604,-29.38214418160856],[-51.94981867009551,-29.3821578611963]]]}},{"type":"Feature","properties":{"id_grade":"200ME52050N80758","pop":19,"dom":6,"universo_dom":"domicilios_ocupados_grade_ibge_2022","na_bacia":1,"area_pct_bacia":100.0,"metodo_recorte_bacia":"ponto_representativo_grade_2022; area_pct_geometrica","status_borda_bacia":"total","metodo_area_bacia":"interseção geométrica em EPSG:5880","metodo_na_bacia":"ponto_representativo_grade_2022_within_bacia","pop_n_validos":1,"pop_n_total":1,"pop_completude":1.0,"dom_n_validos":1,"dom_n_total":1,"dom_completude":1.0},"geometry":{"type":"Polygon","coordinates":[[[-51.95780253735716,-29.380346729118248],[-51.957817081193305,-29.378481030674997],[-51.95582477889042,-29.378467404147305],[-51.955810220665114,-29.380333102590463],[-51.95780253735716,-29.380346729118248]]]}},{"type":"Feature","properties":{"id_grade":"200ME52056N80758","pop":18,"dom":7,"universo_dom":"domicilios_ocupados_grade_ibge_2022","na_bacia":1,"area_pct_bacia":100.0,"metodo_recorte_bacia":"ponto_representativo_grade_2022; area_pct_geometrica","status_borda_bacia":"total","metodo_area_bacia":"interseção geométrica em EPSG:5880","metodo_na_bacia":"ponto_representativo_grade_2022_within_bacia","pop_n_validos":1,"pop_n_total":1,"pop_completude":1.0,"dom_n_validos":1,"dom_n_total":1,"dom_completude":1.0},"geometry":{"type":"Polygon","coordinates":[[[-51.951825587281014,-29.380305809965133],[-51.9518401742846,-29.378440112421178],[-51.94984787198167,-29.37842644632341],[-51.949833271488274,-29.380292143867276],[-51.951825587281014,-29.380305809965133]]]}},{"type":"Feature","properties":{"id_grade":"200ME52058N80758","pop":18,"dom":6,"universo_dom":"domicilios_ocupados_grade_ibge_2022","na_bacia":1,"area_pct_bacia":100.0,"metodo_recorte_bacia":"ponto_representativo_grade_2022; area_pct_geometrica","status_borda_bacia":"total","metodo_area_bacia":"interseção geométrica em EPSG:5880","metodo_na_bacia":"ponto_representativo_grade_2022_within_bacia","pop_n_validos":1,"pop_n_total":1,"pop_completude":1.0,"dom_n_validos":1,"dom_n_total":1,"dom_completude":1.0},"geometry":{"type":"Polygon","coordinates":[[[-51.949833271488274,-29.380292143867276],[-51.94984787198167,-29.37842644632341],[-51.94785556967878,-29.378412766735718],[-51.94784095569548,-29.380278464279698],[-51.949833271488274,-29.380292143867276]]]}},{"type":"Feature","properties":{"id_grade":"200ME52050N80760","pop":2,"dom":1,"universo_dom":"domicilios_ocupados_grade_ibge_2022","na_bacia":1,"area_pct_bacia":100.0,"metodo_recorte_bacia":"ponto_representativo_grade_2022; area_pct_geometrica","status_borda_bacia":"total","metodo_area_bacia":"interseção geométrica em EPSG:5880","metodo_na_bacia":"ponto_representativo_grade_2022_within_bacia","pop_n_validos":1,"pop_n_total":1,"pop_completude":1.0,"dom_n_validos":1,"dom_n_total":1,"dom_completude":1.0},"geometry":{"type":"Polygon","coordinates":[[[-51.957817081193305,-29.378481030674997],[-51.957831625029435,-29.376615352916208],[-51.95583933621634,-29.376601726388472],[-51.95582477889042,-29.378467404147305],[-51.957817081193305,-29.378481030674997]]]}},{"type":"Feature","properties":{"id_grade":"200ME52056N80760","pop":2,"dom":1,"universo_dom":"domicilios_ocupados_grade_ibge_2022","na_bacia":1,"area_pct_bacia":100.0,"metodo_recorte_bacia":"ponto_representativo_grade_2022; area_pct_geometrica","status_borda_bacia":"total","metodo_area_bacia":"interseção geométrica em EPSG:5880","metodo_na_bacia":"ponto_representativo_grade_2022_within_bacia","pop_n_validos":1,"pop_n_total":1,"pop_completude":1.0,"dom_n_validos":1,"dom_n_total":1,"dom_completude":1.0},"geometry":{"type":"Polygon","coordinates":[[[-51.9518401742846,-29.378440112421178],[-51.951854760388805,-29.37657443466237],[-51.949862472475104,-29.376560769463886],[-51.94984787198167,-29.37842644632341],[-51.9518401742846,-29.378440112421178]]]}},{"type":"Feature","properties":{"id_grade":"200ME52058N80760","pop":13,"dom":6,"universo_dom":"domicilios_ocupados_grade_ibge_2022","na_bacia":1,"area_pct_bacia":100.0,"metodo_recorte_bacia":"ponto_representativo_grade_2022; area_pct_geometrica","status_borda_bacia":"total","metodo_area_bacia":"interseção geométrica em EPSG:5880","metodo_na_bacia":"ponto_representativo_grade_2022_within_bacia","pop_n_validos":1,"pop_n_total":1,"pop_completude":1.0,"dom_n_validos":1,"dom_n_total":1,"dom_completude":1.0},"geometry":{"type":"Polygon","coordinates":[[[-51.94984787198167,-29.37842644632341],[-51.949862472475104,-29.376560769463886],[-51.94787018456134,-29.376547089876155],[-51.94785556967878,-29.378412766735718],[-51.94984787198167,-29.37842644632341]]]}},{"type":"Feature","properties":{"id_grade":"200ME52054N80762","pop":6,"dom":2,"universo_dom":"domicilios_ocupados_grade_ibge_2022","na_bacia":1,"area_pct_bacia":100.0,"metodo_recorte_bacia":"ponto_representativo_grade_2022; area_pct_geometrica","status_borda_bacia":"total","metodo_area_bacia":"interseção geométrica em EPSG:5880","metodo_na_bacia":"ponto_representativo_grade_2022_within_bacia","pop_n_validos":1,"pop_n_total":1,"pop_completude":1.0,"dom_n_validos":1,"dom_n_total":1,"dom_completude":1.0},"geometry":{"type":"Polygon","coordinates":[[[-51.95384704830258,-29.37658808727032],[-51.953861620017726,-29.37472243019594],[-51.95186934649308,-29.37470877758788],[-51.951854760388805,-29.37657443466237],[-51.95384704830258,-29.37658808727032]]]}},{"type":"Feature","properties":{"id_grade":"200ME52058N80762","pop":7,"dom":2,"universo_dom":"domicilios_ocupados_grade_ibge_2022","na_bacia":1,"area_pct_bacia":100.0,"metodo_recorte_bacia":"ponto_representativo_grade_2022; area_pct_geometrica","status_borda_bacia":"total","metodo_area_bacia":"interseção geométrica em EPSG:5880","metodo_na_bacia":"ponto_representativo_grade_2022_within_bacia","pop_n_validos":1,"pop_n_total":1,"pop_completude":1.0,"dom_n_validos":1,"dom_n_total":1,"dom_completude":1.0},"geometry":{"type":"Polygon","coordinates":[[[-51.949862472475104,-29.376560769463886],[-51.94987707296849,-29.374695112389436],[-51.9478847994439,-29.374681433701127],[-51.94787018456134,-29.376547089876155],[-51.949862472475104,-29.376560769463886]]]}},{"type":"Feature","properties":{"id_grade":"200ME52056N80764","pop":7,"dom":3,"universo_dom":"domicilios_ocupados_grade_ibge_2022","na_bacia":1,"area_pct_bacia":100.0,"metodo_recorte_bacia":"ponto_representativo_grade_2022; area_pct_geometrica","status_borda_bacia":"total","metodo_area_bacia":"interseção geométrica em EPSG:5880","metodo_na_bacia":"ponto_representativo_grade_2022_within_bacia","pop_n_validos":1,"pop_n_total":1,"pop_completude":1.0,"dom_n_validos":1,"dom_n_total":1,"dom_completude":1.0},"geometry":{"type":"Polygon","coordinates":[[[-51.95186934649308,-29.37470877758788],[-51.951883931698035,-29.372843141197976],[-51.94989167256261,-29.372829475999506],[-51.94987707296849,-29.374695112389436],[-51.95186934649308,-29.37470877758788]]]}},{"type":"Feature","properties":{"id_grade":"200ME52058N80764","pop":20,"dom":8,"universo_dom":"domicilios_ocupados_grade_ibge_2022","na_bacia":1,"area_pct_bacia":100.0,"metodo_recorte_bacia":"ponto_representativo_grade_2022; area_pct_geometrica","status_borda_bacia":"total","metodo_area_bacia":"interseção geométrica em EPSG:5880","metodo_na_bacia":"ponto_representativo_grade_2022_within_bacia","pop_n_validos":1,"pop_n_total":1,"pop_completude":1.0,"dom_n_validos":1,"dom_n_total":1,"dom_completude":1.0},"geometry":{"type":"Polygon","coordinates":[[[-51.94987707296849,-29.374695112389436],[-51.94989167256261,-29.372829475999506],[-51.947899413427145,-29.372815797311166],[-51.9478847994439,-29.374681433701127],[-51.94987707296849,-29.374695112389436]]]}},{"type":"Feature","properties":{"id_grade":"200ME52050N80766","pop":8,"dom":2,"universo_dom":"domicilios_ocupados_grade_ibge_2022","na_bacia":1,"area_pct_bacia":100.0,"metodo_recorte_bacia":"ponto_representativo_grade_2022; area_pct_geometrica","status_borda_bacia":"total","metodo_area_bacia":"interseção geométrica em EPSG:5880","metodo_na_bacia":"ponto_representativo_grade_2022_within_bacia","pop_n_validos":1,"pop_n_total":1,"pop_completude":1.0,"dom_n_validos":1,"dom_n_total":1,"dom_completude":1.0},"geometry":{"type":"Polygon","coordinates":[[[-51.95786071180237,-29.37288405675389],[-51.95787525473918,-29.37101844014887],[-51.95588300909356,-29.371004814520532],[-51.95586845176758,-29.372870432024772],[-51.95786071180237,-29.37288405675389]]]}},{"type":"Feature","properties":{"id_grade":"200ME52056N80766","pop":5,"dom":1,"universo_dom":"domicilios_ocupados_grade_ibge_2022","na_bacia":1,"area_pct_bacia":100.0,"metodo_recorte_bacia":"ponto_representativo_grade_2022; area_pct_geometrica","status_borda_bacia":"total","metodo_area_bacia":"interseção geométrica em EPSG:5880","metodo_na_bacia":"ponto_representativo_grade_2022_within_bacia","pop_n_validos":1,"pop_n_total":1,"pop_completude":1.0,"dom_n_validos":1,"dom_n_total":1,"dom_completude":1.0},"geometry":{"type":"Polygon","coordinates":[[[-51.951883931698035,-29.372843141197976],[-51.951898517802306,-29.37097752459303],[-51.94990627215668,-29.37096385939454],[-51.94989167256261,-29.372829475999506],[-51.951883931698035,-29.372843141197976]]]}},{"type":"Feature","properties":{"id_grade":"200ME52058N80766","pop":5,"dom":2,"universo_dom":"domicilios_ocupados_grade_ibge_2022","na_bacia":1,"area_pct_bacia":100.0,"metodo_recorte_bacia":"ponto_representativo_grade_2022; area_pct_geometrica","status_borda_bacia":"total","metodo_area_bacia":"interseção geométrica em EPSG:5880","metodo_na_bacia":"ponto_representativo_grade_2022_within_bacia","pop_n_validos":1,"pop_n_total":1,"pop_completude":1.0,"dom_n_validos":1,"dom_n_total":1,"dom_completude":1.0},"geometry":{"type":"Polygon","coordinates":[[[-51.94989167256261,-29.372829475999506],[-51.94990627215668,-29.37096385939454],[-51.94791402741038,-29.370950180706288],[-51.947899413427145,-29.372815797311166],[-51.94989167256261,-29.372829475999506]]]}},{"type":"Feature","properties":{"id_grade":"200ME52056N80768","pop":10,"dom":3,"universo_dom":"domicilios_ocupados_grade_ibge_2022","na_bacia":1,"area_pct_bacia":100.0,"metodo_recorte_bacia":"ponto_representativo_grade_2022; area_pct_geometrica","status_borda_bacia":"total","metodo_area_bacia":"interseção geométrica em EPSG:5880","metodo_na_bacia":"ponto_representativo_grade_2022_within_bacia","pop_n_validos":1,"pop_n_total":1,"pop_completude":1.0,"dom_n_validos":1,"dom_n_total":1,"dom_completude":1.0},"geometry":{"type":"Polygon","coordinates":[[[-51.951898517802306,-29.37097752459303],[-51.95191310300726,-29.369111927773165],[-51.949920871750805,-29.369098263474026],[-51.94990627215668,-29.37096385939454],[-51.951898517802306,-29.37097752459303]]]}},{"type":"Feature","properties":{"id_grade":"200ME52054N80770","pop":13,"dom":5,"universo_dom":"domicilios_ocupados_grade_ibge_2022","na_bacia":1,"area_pct_bacia":100.0,"metodo_recorte_bacia":"ponto_representativo_grade_2022; area_pct_geometrica","status_borda_bacia":"total","metodo_area_bacia":"interseção geométrica em EPSG:5880","metodo_na_bacia":"ponto_representativo_grade_2022_within_bacia","pop_n_validos":1,"pop_n_total":1,"pop_completude":1.0,"dom_n_validos":1,"dom_n_total":1,"dom_completude":1.0},"geometry":{"type":"Polygon","coordinates":[[[-51.95390533426371,-29.369125579481864],[-51.95391990507949,-29.367260003346413],[-51.951927688212216,-29.367246351637824],[-51.95191310300726,-29.369111927773165],[-51.95390533426371,-29.369125579481864]]]}},{"type":"Feature","properties":{"id_grade":"200ME52056N80770","pop":7,"dom":2,"universo_dom":"domicilios_ocupados_grade_ibge_2022","na_bacia":1,"area_pct_bacia":100.0,"metodo_recorte_bacia":"ponto_representativo_grade_2022; area_pct_geometrica","status_borda_bacia":"total","metodo_area_bacia":"interseção geométrica em EPSG:5880","metodo_na_bacia":"ponto_representativo_grade_2022_within_bacia","pop_n_validos":1,"pop_n_total":1,"pop_completude":1.0,"dom_n_validos":1,"dom_n_total":1,"dom_completude":1.0},"geometry":{"type":"Polygon","coordinates":[[[-51.95191310300726,-29.369111927773165],[-51.951927688212216,-29.367246351637824],[-51.94993547134487,-29.367232687338635],[-51.949920871750805,-29.369098263474026],[-51.95191310300726,-29.369111927773165]]]}},{"type":"Feature","properties":{"id_grade":"200ME52052N80772","pop":7,"dom":3,"universo_dom":"domicilios_ocupados_grade_ibge_2022","na_bacia":1,"area_pct_bacia":100.0,"metodo_recorte_bacia":"ponto_representativo_grade_2022; area_pct_geometrica","status_borda_bacia":"total","metodo_area_bacia":"interseção geométrica em EPSG:5880","metodo_na_bacia":"ponto_representativo_grade_2022_within_bacia","pop_n_validos":1,"pop_n_total":1,"pop_completude":1.0,"dom_n_validos":1,"dom_n_total":1,"dom_completude":1.0},"geometry":{"type":"Polygon","coordinates":[[[-51.955912122846144,-29.36727364066596],[-51.95592667927281,-29.365408084315654],[-51.95393447589532,-29.365394446996106],[-51.95391990507949,-29.367260003346413],[-51.955912122846144,-29.36727364066596]]]}},{"type":"Feature","properties":{"id_grade":"200ME52054N80772","pop":8,"dom":2,"universo_dom":"domicilios_ocupados_grade_ibge_2022","na_bacia":1,"area_pct_bacia":100.0,"metodo_recorte_bacia":"ponto_representativo_grade_2022; area_pct_geometrica","status_borda_bacia":"total","metodo_area_bacia":"interseção geométrica em EPSG:5880","metodo_na_bacia":"ponto_representativo_grade_2022_within_bacia","pop_n_validos":1,"pop_n_total":1,"pop_completude":1.0,"dom_n_validos":1,"dom_n_total":1,"dom_completude":1.0},"geometry":{"type":"Polygon","coordinates":[[[-51.95391990507949,-29.367260003346413],[-51.95393447589532,-29.365394446996106],[-51.95194227341715,-29.365380795287425],[-51.951927688212216,-29.367246351637824],[-51.95391990507949,-29.367260003346413]]]}},{"type":"Feature","properties":{"id_grade":"200ME52056N80772","pop":7,"dom":2,"universo_dom":"domicilios_ocupados_grade_ibge_2022","na_bacia":1,"area_pct_bacia":100.0,"metodo_recorte_bacia":"ponto_representativo_grade_2022; area_pct_geometrica","status_borda_bacia":"total","metodo_area_bacia":"interseção geométrica em EPSG:5880","metodo_na_bacia":"ponto_representativo_grade_2022_within_bacia","pop_n_validos":1,"pop_n_total":1,"pop_completude":1.0,"dom_n_validos":1,"dom_n_total":1,"dom_completude":1.0},"geometry":{"type":"Polygon","coordinates":[[[-51.951927688212216,-29.367246351637824],[-51.95194227341715,-29.365380795287425],[-51.949950070938996,-29.36536713098822],[-51.94993547134487,-29.367232687338635],[-51.951927688212216,-29.367246351637824]]]}},{"type":"Feature","properties":{"id_grade":"200ME52052N80774","pop":20,"dom":8,"universo_dom":"domicilios_ocupados_grade_ibge_2022","na_bacia":1,"area_pct_bacia":100.0,"metodo_recorte_bacia":"ponto_representativo_grade_2022; area_pct_geometrica","status_borda_bacia":"total","metodo_area_bacia":"interseção geométrica em EPSG:5880","metodo_na_bacia":"ponto_representativo_grade_2022_within_bacia","pop_n_validos":1,"pop_n_total":1,"pop_completude":1.0,"dom_n_validos":1,"dom_n_total":1,"dom_completude":1.0},"geometry":{"type":"Polygon","coordinates":[[[-51.95592667927281,-29.365408084315654],[-51.95594123569941,-29.363542547750303],[-51.9539490467111,-29.363528910430837],[-51.95393447589532,-29.365394446996106],[-51.95592667927281,-29.365408084315654]]]}},{"type":"Feature","properties":{"id_grade":"200ME52054N80774","pop":9,"dom":3,"universo_dom":"domicilios_ocupados_grade_ibge_2022","na_bacia":1,"area_pct_bacia":100.0,"metodo_recorte_bacia":"ponto_representativo_grade_2022; area_pct_geometrica","status_borda_bacia":"total","metodo_area_bacia":"interseção geométrica em EPSG:5880","metodo_na_bacia":"ponto_representativo_grade_2022_within_bacia","pop_n_validos":1,"pop_n_total":1,"pop_completude":1.0,"dom_n_validos":1,"dom_n_total":1,"dom_completude":1.0},"geometry":{"type":"Polygon","coordinates":[[[-51.95393447589532,-29.365394446996106],[-51.9539490467111,-29.363528910430837],[-51.95195685772279,-29.363515259621533],[-51.95194227341715,-29.365380795287425],[-51.95393447589532,-29.365394446996106]]]}},{"type":"Feature","properties":{"id_grade":"200ME52056N80774","pop":8,"dom":4,"universo_dom":"domicilios_ocupados_grade_ibge_2022","na_bacia":1,"area_pct_bacia":100.0,"metodo_recorte_bacia":"ponto_representativo_grade_2022; area_pct_geometrica","status_borda_bacia":"total","metodo_area_bacia":"interseção geométrica em EPSG:5880","metodo_na_bacia":"ponto_representativo_grade_2022_within_bacia","pop_n_validos":1,"pop_n_total":1,"pop_completude":1.0,"dom_n_validos":1,"dom_n_total":1,"dom_completude":1.0},"geometry":{"type":"Polygon","coordinates":[[[-51.95194227341715,-29.365380795287425],[-51.95195685772279,-29.363515259621533],[-51.949964669633744,-29.36350159532234],[-51.949950070938996,-29.36536713098822],[-51.95194227341715,-29.365380795287425]]]}},{"type":"Feature","properties":{"id_grade":"200ME52058N80774","pop":14,"dom":4,"universo_dom":"domicilios_ocupados_grade_ibge_2022","na_bacia":1,"area_pct_bacia":100.0,"metodo_recorte_bacia":"ponto_representativo_grade_2022; area_pct_geometrica","status_borda_bacia":"total","metodo_area_bacia":"interseção geométrica em EPSG:5880","metodo_na_bacia":"ponto_representativo_grade_2022_within_bacia","pop_n_validos":1,"pop_n_total":1,"pop_completude":1.0,"dom_n_validos":1,"dom_n_total":1,"dom_completude":1.0},"geometry":{"type":"Polygon","coordinates":[[[-51.949950070938996,-29.36536713098822],[-51.949964669633744,-29.36350159532234],[-51.94797248154475,-29.36348791843264],[-51.94795786756151,-29.36535345409858],[-51.949950070938996,-29.36536713098822]]]}},{"type":"Feature","properties":{"id_grade":"200ME52054N80776","pop":8,"dom":2,"universo_dom":"domicilios_ocupados_grade_ibge_2022","na_bacia":1,"area_pct_bacia":100.0,"metodo_recorte_bacia":"ponto_representativo_grade_2022; area_pct_geometrica","status_borda_bacia":"total","metodo_area_bacia":"interseção geométrica em EPSG:5880","metodo_na_bacia":"ponto_representativo_grade_2022_within_bacia","pop_n_validos":1,"pop_n_total":1,"pop_completude":1.0,"dom_n_validos":1,"dom_n_total":1,"dom_completude":1.0},"geometry":{"type":"Polygon","coordinates":[[[-51.9539490467111,-29.363528910430837],[-51.95396361752688,-29.361663394549982],[-51.951971442927686,-29.36164974374065],[-51.95195685772279,-29.363515259621533],[-51.9539490467111,-29.363528910430837]]]}},{"type":"Feature","properties":{"id_grade":"200ME52058N80776","pop":4,"dom":2,"universo_dom":"domicilios_ocupados_grade_ibge_2022","na_bacia":1,"area_pct_bacia":100.0,"metodo_recorte_bacia":"ponto_representativo_grade_2022; area_pct_geometrica","status_borda_bacia":"total","metodo_area_bacia":"interseção geométrica em EPSG:5880","metodo_na_bacia":"ponto_representativo_grade_2022_within_bacia","pop_n_validos":1,"pop_n_total":1,"pop_completude":1.0,"dom_n_validos":1,"dom_n_total":1,"dom_completude":1.0},"geometry":{"type":"Polygon","coordinates":[[[-51.949964669633744,-29.36350159532234],[-51.94997926832854,-29.361636080340862],[-51.94798709372935,-29.361622403451083],[-51.94797248154475,-29.36348791843264],[-51.949964669633744,-29.36350159532234]]]}},{"type":"Feature","properties":{"id_grade":"200ME52054N80778","pop":14,"dom":6,"universo_dom":"domicilios_ocupados_grade_ibge_2022","na_bacia":1,"area_pct_bacia":100.0,"metodo_recorte_bacia":"ponto_representativo_grade_2022; area_pct_geometrica","status_borda_bacia":"total","metodo_area_bacia":"interseção geométrica em EPSG:5880","metodo_na_bacia":"ponto_representativo_grade_2022_within_bacia","pop_n_validos":1,"pop_n_total":1,"pop_completude":1.0,"dom_n_validos":1,"dom_n_total":1,"dom_completude":1.0},"geometry":{"type":"Polygon","coordinates":[[[-51.95396361752688,-29.361663394549982],[-51.95397818744333,-29.359797899353577],[-51.95198602723332,-29.35978424854424],[-51.951971442927686,-29.36164974374065],[-51.95396361752688,-29.361663394549982]]]}},{"type":"Feature","properties":{"id_grade":"200ME52052N80780","pop":6,"dom":3,"universo_dom":"domicilios_ocupados_grade_ibge_2022","na_bacia":1,"area_pct_bacia":100.0,"metodo_recorte_bacia":"ponto_representativo_grade_2022; area_pct_geometrica","status_borda_bacia":"total","metodo_area_bacia":"interseção geométrica em EPSG:5880","metodo_na_bacia":"ponto_representativo_grade_2022_within_bacia","pop_n_validos":1,"pop_n_total":1,"pop_completude":1.0,"dom_n_validos":1,"dom_n_total":1,"dom_completude":1.0},"geometry":{"type":"Polygon","coordinates":[[[-51.95597034765337,-29.359811535773762],[-51.955984904080026,-29.35794606036229],[-51.9539927573598,-29.357932423042794],[-51.95397818744333,-29.359797899353577],[-51.95597034765337,-29.359811535773762]]]}},{"type":"Feature","properties":{"id_grade":"200ME52054N80780","pop":3,"dom":1,"universo_dom":"domicilios_ocupados_grade_ibge_2022","na_bacia":1,"area_pct_bacia":100.0,"metodo_recorte_bacia":"ponto_representativo_grade_2022; area_pct_geometrica","status_borda_bacia":"total","metodo_area_bacia":"interseção geométrica em EPSG:5880","metodo_na_bacia":"ponto_representativo_grade_2022_within_bacia","pop_n_validos":1,"pop_n_total":1,"pop_completude":1.0,"dom_n_validos":1,"dom_n_total":1,"dom_completude":1.0},"geometry":{"type":"Polygon","coordinates":[[[-51.95397818744333,-29.359797899353577],[-51.9539927573598,-29.357932423042794],[-51.95200061153895,-29.357918773132887],[-51.95198602723332,-29.35978424854424],[-51.95397818744333,-29.359797899353577]]]}},{"type":"Feature","properties":{"id_grade":"200ME52056N80780","pop":7,"dom":3,"universo_dom":"domicilios_ocupados_grade_ibge_2022","na_bacia":1,"area_pct_bacia":100.0,"metodo_recorte_bacia":"ponto_representativo_grade_2022; area_pct_geometrica","status_borda_bacia":"total","metodo_area_bacia":"interseção geométrica em EPSG:5880","metodo_na_bacia":"ponto_representativo_grade_2022_within_bacia","pop_n_validos":1,"pop_n_total":1,"pop_completude":1.0,"dom_n_validos":1,"dom_n_total":1,"dom_completude":1.0},"geometry":{"type":"Polygon","coordinates":[[[-51.95198602723332,-29.35978424854424],[-51.95200061153895,-29.357918773132887],[-51.95000846481879,-29.357905109732958],[-51.949993867023295,-29.359770585144304],[-51.95198602723332,-29.35978424854424]]]}},{"type":"Feature","properties":{"id_grade":"200ME52060N80724","pop":24,"dom":7,"universo_dom":"domicilios_ocupados_grade_ibge_2022","na_bacia":1,"area_pct_bacia":100.0,"metodo_recorte_bacia":"ponto_representativo_grade_2022; area_pct_geometrica","status_borda_bacia":"total","metodo_area_bacia":"interseção geométrica em EPSG:5880","metodo_na_bacia":"ponto_representativo_grade_2022_within_bacia","pop_n_validos":1,"pop_n_total":1,"pop_completude":1.0,"dom_n_validos":1,"dom_n_total":1,"dom_completude":1.0},"geometry":{"type":"Polygon","coordinates":[[[-51.94759247121556,-29.411998409898743],[-51.947607089695396,-29.410132368813645],[-51.945614547273514,-29.41011867213896],[-51.94559991440451,-29.411984713223884],[-51.94759247121556,-29.411998409898743]]]}},{"type":"Feature","properties":{"id_grade":"200ME52060N80726","pop":25,"dom":8,"universo_dom":"domicilios_ocupados_grade_ibge_2022","na_bacia":1,"area_pct_bacia":100.0,"metodo_recorte_bacia":"ponto_representativo_grade_2022; area_pct_geometrica","status_borda_bacia":"total","metodo_area_bacia":"interseção geométrica em EPSG:5880","metodo_na_bacia":"ponto_representativo_grade_2022_within_bacia","pop_n_validos":1,"pop_n_total":1,"pop_completude":1.0,"dom_n_validos":1,"dom_n_total":1,"dom_completude":1.0},"geometry":{"type":"Polygon","coordinates":[[[-51.947607089695396,-29.410132368813645],[-51.94762170817524,-29.408266347513926],[-51.94562917924321,-29.408252650839163],[-51.945614547273514,-29.41011867213896],[-51.947607089695396,-29.410132368813645]]]}},{"type":"Feature","properties":{"id_grade":"200ME52064N80726","pop":123,"dom":34,"universo_dom":"domicilios_ocupados_grade_ibge_2022","na_bacia":1,"area_pct_bacia":100.0,"metodo_recorte_bacia":"ponto_representativo_grade_2022; area_pct_geometrica","status_borda_bacia":"total","metodo_area_bacia":"interseção geométrica em EPSG:5880","metodo_na_bacia":"ponto_representativo_grade_2022_within_bacia","pop_n_validos":1,"pop_n_total":1,"pop_completude":1.0,"dom_n_validos":1,"dom_n_total":1,"dom_completude":1.0},"geometry":{"type":"Polygon","coordinates":[[[-51.94362200395227,-29.410104961974362],[-51.943636651210454,-29.408238941573895],[-51.941644122278376,-29.408225218818824],[-51.94162946153039,-29.41009123831993],[-51.94362200395227,-29.410104961974362]]]}},{"type":"Feature","properties":{"id_grade":"200ME52060N80728","pop":46,"dom":16,"universo_dom":"domicilios_ocupados_grade_ibge_2022","na_bacia":1,"area_pct_bacia":100.0,"metodo_recorte_bacia":"ponto_representativo_grade_2022; area_pct_geometrica","status_borda_bacia":"total","metodo_area_bacia":"interseção geométrica em EPSG:5880","metodo_na_bacia":"ponto_representativo_grade_2022_within_bacia","pop_n_validos":1,"pop_n_total":1,"pop_completude":1.0,"dom_n_validos":1,"dom_n_total":1,"dom_completude":1.0},"geometry":{"type":"Polygon","coordinates":[[[-51.94762170817524,-29.408266347513926],[-51.94763632575581,-29.406400346898455],[-51.94564381121291,-29.40638665112304],[-51.94562917924321,-29.408252650839163],[-51.94762170817524,-29.408266347513926]]]}},{"type":"Feature","properties":{"id_grade":"200ME52062N80728","pop":145,"dom":62,"universo_dom":"domicilios_ocupados_grade_ibge_2022","na_bacia":1,"area_pct_bacia":100.0,"metodo_recorte_bacia":"ponto_representativo_grade_2022; area_pct_geometrica","status_borda_bacia":"total","metodo_area_bacia":"interseção geométrica em EPSG:5880","metodo_na_bacia":"ponto_representativo_grade_2022_within_bacia","pop_n_validos":1,"pop_n_total":1,"pop_completude":1.0,"dom_n_validos":1,"dom_n_total":1,"dom_completude":1.0},"geometry":{"type":"Polygon","coordinates":[[[-51.94562917924321,-29.408252650839163],[-51.94564381121291,-29.40638665112304],[-51.94365129666994,-29.406372940958427],[-51.943636651210454,-29.408238941573895],[-51.94562917924321,-29.408252650839163]]]}},{"type":"Feature","properties":{"id_grade":"200ME52064N80728","pop":92,"dom":37,"universo_dom":"domicilios_ocupados_grade_ibge_2022","na_bacia":1,"area_pct_bacia":100.0,"metodo_recorte_bacia":"ponto_representativo_grade_2022; area_pct_geometrica","status_borda_bacia":"total","metodo_area_bacia":"interseção geométrica em EPSG:5880","metodo_na_bacia":"ponto_representativo_grade_2022_within_bacia","pop_n_validos":1,"pop_n_total":1,"pop_completude":1.0,"dom_n_validos":1,"dom_n_total":1,"dom_completude":1.0},"geometry":{"type":"Polygon","coordinates":[[[-51.943636651210454,-29.408238941573895],[-51.94365129666994,-29.406372940958427],[-51.94165878302636,-29.406359218203324],[-51.941644122278376,-29.408225218818824],[-51.943636651210454,-29.408238941573895]]]}},{"type":"Feature","properties":{"id_grade":"200ME52066N80728","pop":143,"dom":56,"universo_dom":"domicilios_ocupados_grade_ibge_2022","na_bacia":1,"area_pct_bacia":100.0,"metodo_recorte_bacia":"ponto_representativo_grade_2022; area_pct_geometrica","status_borda_bacia":"total","metodo_area_bacia":"interseção geométrica em EPSG:5880","metodo_na_bacia":"ponto_representativo_grade_2022_within_bacia","pop_n_validos":1,"pop_n_total":1,"pop_completude":1.0,"dom_n_validos":1,"dom_n_total":1,"dom_completude":1.0},"geometry":{"type":"Polygon","coordinates":[[[-51.941644122278376,-29.408225218818824],[-51.94165878302636,-29.406359218203324],[-51.93966626938277,-29.406345481958386],[-51.93965159424562,-29.408211481674474],[-51.941644122278376,-29.408225218818824]]]}},{"type":"Feature","properties":{"id_grade":"200ME52060N80730","pop":17,"dom":5,"universo_dom":"domicilios_ocupados_grade_ibge_2022","na_bacia":1,"area_pct_bacia":100.0,"metodo_recorte_bacia":"ponto_representativo_grade_2022; area_pct_geometrica","status_borda_bacia":"total","metodo_area_bacia":"interseção geométrica em EPSG:5880","metodo_na_bacia":"ponto_representativo_grade_2022_within_bacia","pop_n_validos":1,"pop_n_total":1,"pop_completude":1.0,"dom_n_validos":1,"dom_n_total":1,"dom_completude":1.0},"geometry":{"type":"Polygon","coordinates":[[[-51.94763632575581,-29.406400346898455],[-51.947650943336335,-29.40453436696743],[-51.94565844318254,-29.40452067029265],[-51.94564381121291,-29.40638665112304],[-51.94763632575581,-29.406400346898455]]]}},{"type":"Feature","properties":{"id_grade":"200ME52062N80730","pop":194,"dom":81,"universo_dom":"domicilios_ocupados_grade_ibge_2022","na_bacia":1,"area_pct_bacia":100.0,"metodo_recorte_bacia":"ponto_representativo_grade_2022; area_pct_geometrica","status_borda_bacia":"total","metodo_area_bacia":"interseção geométrica em EPSG:5880","metodo_na_bacia":"ponto_representativo_grade_2022_within_bacia","pop_n_validos":1,"pop_n_total":1,"pop_completude":1.0,"dom_n_validos":1,"dom_n_total":1,"dom_completude":1.0},"geometry":{"type":"Polygon","coordinates":[[[-51.94564381121291,-29.40638665112304],[-51.94565844318254,-29.40452067029265],[-51.943665943028805,-29.404506961027366],[-51.94365129666994,-29.406372940958427],[-51.94564381121291,-29.40638665112304]]]}},{"type":"Feature","properties":{"id_grade":"200ME52064N80730","pop":107,"dom":39,"universo_dom":"domicilios_ocupados_grade_ibge_2022","na_bacia":1,"area_pct_bacia":100.0,"metodo_recorte_bacia":"ponto_representativo_grade_2022; area_pct_geometrica","status_borda_bacia":"total","metodo_area_bacia":"interseção geométrica em EPSG:5880","metodo_na_bacia":"ponto_representativo_grade_2022_within_bacia","pop_n_validos":1,"pop_n_total":1,"pop_completude":1.0,"dom_n_validos":1,"dom_n_total":1,"dom_completude":1.0},"geometry":{"type":"Polygon","coordinates":[[[-51.94365129666994,-29.406372940958427],[-51.943665943028805,-29.404506961027366],[-51.941673443774384,-29.404493239171575],[-51.94165878302636,-29.406359218203324],[-51.94365129666994,-29.406372940958427]]]}},{"type":"Feature","properties":{"id_grade":"200ME52066N80730","pop":105,"dom":43,"universo_dom":"domicilios_ocupados_grade_ibge_2022","na_bacia":1,"area_pct_bacia":100.0,"metodo_recorte_bacia":"ponto_representativo_grade_2022; area_pct_geometrica","status_borda_bacia":"total","metodo_area_bacia":"interseção geométrica em EPSG:5880","metodo_na_bacia":"ponto_representativo_grade_2022_within_bacia","pop_n_validos":1,"pop_n_total":1,"pop_completude":1.0,"dom_n_validos":1,"dom_n_total":1,"dom_completude":1.0},"geometry":{"type":"Polygon","coordinates":[[[-51.94165878302636,-29.406359218203324],[-51.941673443774384,-29.404493239171575],[-51.9396809436206,-29.404479502926645],[-51.93966626938277,-29.406345481958386],[-51.94165878302636,-29.406359218203324]]]}},{"type":"Feature","properties":{"id_grade":"200ME52068N80730","pop":50,"dom":19,"universo_dom":"domicilios_ocupados_grade_ibge_2022","na_bacia":1,"area_pct_bacia":100.0,"metodo_recorte_bacia":"ponto_representativo_grade_2022; area_pct_geometrica","status_borda_bacia":"total","metodo_area_bacia":"interseção geométrica em EPSG:5880","metodo_na_bacia":"ponto_representativo_grade_2022_within_bacia","pop_n_validos":1,"pop_n_total":1,"pop_completude":1.0,"dom_n_validos":1,"dom_n_total":1,"dom_completude":1.0},"geometry":{"type":"Polygon","coordinates":[[[-51.93966626938277,-29.406345481958386],[-51.9396809436206,-29.404479502926645],[-51.93768844436619,-29.404465754091213],[-51.937673755739176,-29.40633173312294],[-51.93966626938277,-29.406345481958386]]]}},{"type":"Feature","properties":{"id_grade":"200ME52060N80732","pop":5,"dom":2,"universo_dom":"domicilios_ocupados_grade_ibge_2022","na_bacia":1,"area_pct_bacia":100.0,"metodo_recorte_bacia":"ponto_representativo_grade_2022; area_pct_geometrica","status_borda_bacia":"total","metodo_area_bacia":"interseção geométrica em EPSG:5880","metodo_na_bacia":"ponto_representativo_grade_2022_within_bacia","pop_n_validos":1,"pop_n_total":1,"pop_completude":1.0,"dom_n_validos":1,"dom_n_total":1,"dom_completude":1.0},"geometry":{"type":"Polygon","coordinates":[[[-51.947650943336335,-29.40453436696743],[-51.947665560916846,-29.40266840682153],[-51.94567307515223,-29.402654711046008],[-51.94565844318254,-29.40452067029265],[-51.947650943336335,-29.40453436696743]]]}},{"type":"Feature","properties":{"id_grade":"200ME52062N80732","pop":178,"dom":73,"universo_dom":"domicilios_ocupados_grade_ibge_2022","na_bacia":1,"area_pct_bacia":100.0,"metodo_recorte_bacia":"ponto_representativo_grade_2022; area_pct_geometrica","status_borda_bacia":"total","metodo_area_bacia":"interseção geométrica em EPSG:5880","metodo_na_bacia":"ponto_representativo_grade_2022_within_bacia","pop_n_validos":1,"pop_n_total":1,"pop_completude":1.0,"dom_n_validos":1,"dom_n_total":1,"dom_completude":1.0},"geometry":{"type":"Polygon","coordinates":[[[-51.94565844318254,-29.40452067029265],[-51.94567307515223,-29.402654711046008],[-51.94368058938767,-29.402641001780754],[-51.943665943028805,-29.404506961027366],[-51.94565844318254,-29.40452067029265]]]}},{"type":"Feature","properties":{"id_grade":"200ME52064N80732","pop":99,"dom":37,"universo_dom":"domicilios_ocupados_grade_ibge_2022","na_bacia":1,"area_pct_bacia":100.0,"metodo_recorte_bacia":"ponto_representativo_grade_2022; area_pct_geometrica","status_borda_bacia":"total","metodo_area_bacia":"interseção geométrica em EPSG:5880","metodo_na_bacia":"ponto_representativo_grade_2022_within_bacia","pop_n_validos":1,"pop_n_total":1,"pop_completude":1.0,"dom_n_validos":1,"dom_n_total":1,"dom_completude":1.0},"geometry":{"type":"Polygon","coordinates":[[[-51.943665943028805,-29.404506961027366],[-51.94368058938767,-29.402641001780754],[-51.94168810362305,-29.40262727902562],[-51.941673443774384,-29.404493239171575],[-51.943665943028805,-29.404506961027366]]]}},{"type":"Feature","properties":{"id_grade":"200ME52066N80732","pop":85,"dom":30,"universo_dom":"domicilios_ocupados_grade_ibge_2022","na_bacia":1,"area_pct_bacia":100.0,"metodo_recorte_bacia":"ponto_representativo_grade_2022; area_pct_geometrica","status_borda_bacia":"total","metodo_area_bacia":"interseção geométrica em EPSG:5880","metodo_na_bacia":"ponto_representativo_grade_2022_within_bacia","pop_n_validos":1,"pop_n_total":1,"pop_completude":1.0,"dom_n_validos":1,"dom_n_total":1,"dom_completude":1.0},"geometry":{"type":"Polygon","coordinates":[[[-51.941673443774384,-29.404493239171575],[-51.94168810362305,-29.40262727902562],[-51.93969561785843,-29.40261354368004],[-51.9396809436206,-29.404479502926645],[-51.941673443774384,-29.404493239171575]]]}},{"type":"Feature","properties":{"id_grade":"200ME52068N80732","pop":128,"dom":49,"universo_dom":"domicilios_ocupados_grade_ibge_2022","na_bacia":1,"area_pct_bacia":100.0,"metodo_recorte_bacia":"ponto_representativo_grade_2022; area_pct_geometrica","status_borda_bacia":"total","metodo_area_bacia":"interseção geométrica em EPSG:5880","metodo_na_bacia":"ponto_representativo_grade_2022_within_bacia","pop_n_validos":1,"pop_n_total":1,"pop_completude":1.0,"dom_n_validos":1,"dom_n_total":1,"dom_completude":1.0},"geometry":{"type":"Polygon","coordinates":[[[-51.9396809436206,-29.404479502926645],[-51.93969561785843,-29.40261354368004],[-51.93770313299313,-29.40259979484464],[-51.93768844436619,-29.404465754091213],[-51.9396809436206,-29.404479502926645]]]}},{"type":"Feature","properties":{"id_grade":"200ME52060N80734","pop":132,"dom":41,"universo_dom":"domicilios_ocupados_grade_ibge_2022","na_bacia":1,"area_pct_bacia":100.0,"metodo_recorte_bacia":"ponto_representativo_grade_2022; area_pct_geometrica","status_borda_bacia":"total","metodo_area_bacia":"interseção geométrica em EPSG:5880","metodo_na_bacia":"ponto_representativo_grade_2022_within_bacia","pop_n_validos":1,"pop_n_total":1,"pop_completude":1.0,"dom_n_validos":1,"dom_n_total":1,"dom_completude":1.0},"geometry":{"type":"Polygon","coordinates":[[[-51.947665560916846,-29.40266840682153],[-51.947680178497414,-29.400802466460593],[-51.9456877062226,-29.40078877158442],[-51.94567307515223,-29.402654711046008],[-51.947665560916846,-29.40266840682153]]]}},{"type":"Feature","properties":{"id_grade":"200ME52062N80734","pop":105,"dom":50,"universo_dom":"domicilios_ocupados_grade_ibge_2022","na_bacia":1,"area_pct_bacia":100.0,"metodo_recorte_bacia":"ponto_representativo_grade_2022; area_pct_geometrica","status_borda_bacia":"total","metodo_area_bacia":"interseção geométrica em EPSG:5880","metodo_na_bacia":"ponto_representativo_grade_2022_within_bacia","pop_n_validos":1,"pop_n_total":1,"pop_completude":1.0,"dom_n_validos":1,"dom_n_total":1,"dom_completude":1.0},"geometry":{"type":"Polygon","coordinates":[[[-51.94567307515223,-29.402654711046008],[-51.9456877062226,-29.40078877158442],[-51.94369523484715,-29.40077506231924],[-51.94368058938767,-29.402641001780754],[-51.94567307515223,-29.402654711046008]]]}},{"type":"Feature","properties":{"id_grade":"200ME52064N80734","pop":101,"dom":47,"universo_dom":"domicilios_ocupados_grade_ibge_2022","na_bacia":1,"area_pct_bacia":100.0,"metodo_recorte_bacia":"ponto_representativo_grade_2022; area_pct_geometrica","status_borda_bacia":"total","metodo_area_bacia":"interseção geométrica em EPSG:5880","metodo_na_bacia":"ponto_representativo_grade_2022_within_bacia","pop_n_validos":1,"pop_n_total":1,"pop_completude":1.0,"dom_n_validos":1,"dom_n_total":1,"dom_completude":1.0},"geometry":{"type":"Polygon","coordinates":[[[-51.94368058938767,-29.402641001780754],[-51.94369523484715,-29.40077506231924],[-51.94170276347172,-29.400761340463465],[-51.94168810362305,-29.40262727902562],[-51.94368058938767,-29.402641001780754]]]}},{"type":"Feature","properties":{"id_grade":"200ME52066N80734","pop":121,"dom":48,"universo_dom":"domicilios_ocupados_grade_ibge_2022","na_bacia":1,"area_pct_bacia":100.0,"metodo_recorte_bacia":"ponto_representativo_grade_2022; area_pct_geometrica","status_borda_bacia":"total","metodo_area_bacia":"interseção geométrica em EPSG:5880","metodo_na_bacia":"ponto_representativo_grade_2022_within_bacia","pop_n_validos":1,"pop_n_total":1,"pop_completude":1.0,"dom_n_validos":1,"dom_n_total":1,"dom_completude":1.0},"geometry":{"type":"Polygon","coordinates":[[[-51.94168810362305,-29.40262727902562],[-51.94170276347172,-29.400761340463465],[-51.939710292096265,-29.40074760511774],[-51.93969561785843,-29.40261354368004],[-51.94168810362305,-29.40262727902562]]]}},{"type":"Feature","properties":{"id_grade":"200ME52068N80734","pop":21,"dom":7,"universo_dom":"domicilios_ocupados_grade_ibge_2022","na_bacia":1,"area_pct_bacia":100.0,"metodo_recorte_bacia":"ponto_representativo_grade_2022; area_pct_geometrica","status_borda_bacia":"total","metodo_area_bacia":"interseção geométrica em EPSG:5880","metodo_na_bacia":"ponto_representativo_grade_2022_within_bacia","pop_n_validos":1,"pop_n_total":1,"pop_completude":1.0,"dom_n_validos":1,"dom_n_total":1,"dom_completude":1.0},"geometry":{"type":"Polygon","coordinates":[[[-51.93969561785843,-29.40261354368004],[-51.939710292096265,-29.40074760511774],[-51.93771782072082,-29.40073385628245],[-51.93770313299313,-29.40259979484464],[-51.93969561785843,-29.40261354368004]]]}},{"type":"Feature","properties":{"id_grade":"200ME52060N80736","pop":316,"dom":149,"universo_dom":"domicilios_ocupados_grade_ibge_2022","na_bacia":1,"area_pct_bacia":100.0,"metodo_recorte_bacia":"ponto_representativo_grade_2022; area_pct_geometrica","status_borda_bacia":"total","metodo_area_bacia":"interseção geométrica em EPSG:5880","metodo_na_bacia":"ponto_representativo_grade_2022_within_bacia","pop_n_validos":1,"pop_n_total":1,"pop_completude":1.0,"dom_n_validos":1,"dom_n_total":1,"dom_completude":1.0},"geometry":{"type":"Polygon","coordinates":[[[-51.947680178497414,-29.400802466460593],[-51.94769479517862,-29.39893654678411],[-51.94570233819229,-29.398922851907994],[-51.9456877062226,-29.40078877158442],[-51.947680178497414,-29.400802466460593]]]}},{"type":"Feature","properties":{"id_grade":"200ME52062N80736","pop":57,"dom":29,"universo_dom":"domicilios_ocupados_grade_ibge_2022","na_bacia":1,"area_pct_bacia":100.0,"metodo_recorte_bacia":"ponto_representativo_grade_2022; area_pct_geometrica","status_borda_bacia":"total","metodo_area_bacia":"interseção geométrica em EPSG:5880","metodo_na_bacia":"ponto_representativo_grade_2022_within_bacia","pop_n_validos":1,"pop_n_total":1,"pop_completude":1.0,"dom_n_validos":1,"dom_n_total":1,"dom_completude":1.0},"geometry":{"type":"Polygon","coordinates":[[[-51.9456877062226,-29.40078877158442],[-51.94570233819229,-29.398922851907994],[-51.9437098803067,-29.398909143542017],[-51.94369523484715,-29.40077506231924],[-51.9456877062226,-29.40078877158442]]]}},{"type":"Feature","properties":{"id_grade":"200ME52064N80736","pop":18,"dom":10,"universo_dom":"domicilios_ocupados_grade_ibge_2022","na_bacia":1,"area_pct_bacia":100.0,"metodo_recorte_bacia":"ponto_representativo_grade_2022; area_pct_geometrica","status_borda_bacia":"total","metodo_area_bacia":"interseção geométrica em EPSG:5880","metodo_na_bacia":"ponto_representativo_grade_2022_within_bacia","pop_n_validos":1,"pop_n_total":1,"pop_completude":1.0,"dom_n_validos":1,"dom_n_total":1,"dom_completude":1.0},"geometry":{"type":"Polygon","coordinates":[[[-51.94369523484715,-29.40077506231924],[-51.9437098803067,-29.398909143542017],[-51.94171742332038,-29.39889542168623],[-51.94170276347172,-29.400761340463465],[-51.94369523484715,-29.40077506231924]]]}},{"type":"Feature","properties":{"id_grade":"200ME52066N80736","pop":70,"dom":25,"universo_dom":"domicilios_ocupados_grade_ibge_2022","na_bacia":1,"area_pct_bacia":100.0,"metodo_recorte_bacia":"ponto_representativo_grade_2022; area_pct_geometrica","status_borda_bacia":"total","metodo_area_bacia":"interseção geométrica em EPSG:5880","metodo_na_bacia":"ponto_representativo_grade_2022_within_bacia","pop_n_validos":1,"pop_n_total":1,"pop_completude":1.0,"dom_n_validos":1,"dom_n_total":1,"dom_completude":1.0},"geometry":{"type":"Polygon","coordinates":[[[-51.94170276347172,-29.400761340463465],[-51.94171742332038,-29.39889542168623],[-51.9397249663341,-29.398881686340673],[-51.939710292096265,-29.40074760511774],[-51.94170276347172,-29.400761340463465]]]}},{"type":"Feature","properties":{"id_grade":"200ME52068N80736","pop":41,"dom":18,"universo_dom":"domicilios_ocupados_grade_ibge_2022","na_bacia":1,"area_pct_bacia":100.0,"metodo_recorte_bacia":"ponto_representativo_grade_2022; area_pct_geometrica","status_borda_bacia":"total","metodo_area_bacia":"interseção geométrica em EPSG:5880","metodo_na_bacia":"ponto_representativo_grade_2022_within_bacia","pop_n_validos":1,"pop_n_total":1,"pop_completude":1.0,"dom_n_validos":1,"dom_n_total":1,"dom_completude":1.0},"geometry":{"type":"Polygon","coordinates":[[[-51.939710292096265,-29.40074760511774],[-51.9397249663341,-29.398881686340673],[-51.93773250934776,-29.39886793750523],[-51.93771782072082,-29.40073385628245],[-51.939710292096265,-29.40074760511774]]]}},{"type":"Feature","properties":{"id_grade":"200ME52060N80738","pop":127,"dom":53,"universo_dom":"domicilios_ocupados_grade_ibge_2022","na_bacia":1,"area_pct_bacia":100.0,"metodo_recorte_bacia":"ponto_representativo_grade_2022; area_pct_geometrica","status_borda_bacia":"total","metodo_area_bacia":"interseção geométrica em EPSG:5880","metodo_na_bacia":"ponto_representativo_grade_2022_within_bacia","pop_n_validos":1,"pop_n_total":1,"pop_completude":1.0,"dom_n_validos":1,"dom_n_total":1,"dom_completude":1.0},"geometry":{"type":"Polygon","coordinates":[[[-51.94769479517862,-29.39893654678411],[-51.94770941275914,-29.397070647792155],[-51.94571696926266,-29.39705695291593],[-51.94570233819229,-29.398922851907994],[-51.94769479517862,-29.39893654678411]]]}},{"type":"Feature","properties":{"id_grade":"200ME52062N80738","pop":1,"dom":1,"universo_dom":"domicilios_ocupados_grade_ibge_2022","na_bacia":1,"area_pct_bacia":100.0,"metodo_recorte_bacia":"ponto_representativo_grade_2022; area_pct_geometrica","status_borda_bacia":"total","metodo_area_bacia":"interseção geométrica em EPSG:5880","metodo_na_bacia":"ponto_representativo_grade_2022_within_bacia","pop_n_validos":1,"pop_n_total":1,"pop_completude":1.0,"dom_n_validos":1,"dom_n_total":1,"dom_completude":1.0},"geometry":{"type":"Polygon","coordinates":[[[-51.94570233819229,-29.398922851907994],[-51.94571696926266,-29.39705695291593],[-51.943724525766186,-29.39704324455009],[-51.9437098803067,-29.398909143542017],[-51.94570233819229,-29.398922851907994]]]}},{"type":"Feature","properties":{"id_grade":"200ME52060N80740","pop":3,"dom":1,"universo_dom":"domicilios_ocupados_grade_ibge_2022","na_bacia":1,"area_pct_bacia":100.0,"metodo_recorte_bacia":"ponto_representativo_grade_2022; area_pct_geometrica","status_borda_bacia":"total","metodo_area_bacia":"interseção geométrica em EPSG:5880","metodo_na_bacia":"ponto_representativo_grade_2022_within_bacia","pop_n_validos":1,"pop_n_total":1,"pop_completude":1.0,"dom_n_validos":1,"dom_n_total":1,"dom_completude":1.0},"geometry":{"type":"Polygon","coordinates":[[[-51.94770941275914,-29.397070647792155],[-51.94772402944034,-29.395204768585117],[-51.945731599433714,-29.395191073709],[-51.94571696926266,-29.39705695291593],[-51.94770941275914,-29.397070647792155]]]}},{"type":"Feature","properties":{"id_grade":"200ME52064N80740","pop":12,"dom":5,"universo_dom":"domicilios_ocupados_grade_ibge_2022","na_bacia":1,"area_pct_bacia":100.0,"metodo_recorte_bacia":"ponto_representativo_grade_2022; area_pct_geometrica","status_borda_bacia":"total","metodo_area_bacia":"interseção geométrica em EPSG:5880","metodo_na_bacia":"ponto_representativo_grade_2022_within_bacia","pop_n_validos":1,"pop_n_total":1,"pop_completude":1.0,"dom_n_validos":1,"dom_n_total":1,"dom_completude":1.0},"geometry":{"type":"Polygon","coordinates":[[[-51.943724525766186,-29.39704324455009],[-51.9437391703264,-29.395177365343105],[-51.941746742118426,-29.3951636443866],[-51.94173208226977,-29.397029522694275],[-51.943724525766186,-29.39704324455009]]]}},{"type":"Feature","properties":{"id_grade":"200ME52060N80742","pop":32,"dom":12,"universo_dom":"domicilios_ocupados_grade_ibge_2022","na_bacia":1,"area_pct_bacia":100.0,"metodo_recorte_bacia":"ponto_representativo_grade_2022; area_pct_geometrica","status_borda_bacia":"total","metodo_area_bacia":"interseção geométrica em EPSG:5880","metodo_na_bacia":"ponto_representativo_grade_2022_within_bacia","pop_n_validos":1,"pop_n_total":1,"pop_completude":1.0,"dom_n_validos":1,"dom_n_total":1,"dom_completude":1.0},"geometry":{"type":"Polygon","coordinates":[[[-51.94772402944034,-29.395204768585117],[-51.94773864522227,-29.39333891006262],[-51.945746230504085,-29.393325215186547],[-51.945731599433714,-29.395191073709],[-51.94772402944034,-29.395204768585117]]]}},{"type":"Feature","properties":{"id_grade":"200ME52064N80742","pop":5,"dom":2,"universo_dom":"domicilios_ocupados_grade_ibge_2022","na_bacia":1,"area_pct_bacia":100.0,"metodo_recorte_bacia":"ponto_representativo_grade_2022; area_pct_geometrica","status_borda_bacia":"total","metodo_area_bacia":"interseção geométrica em EPSG:5880","metodo_na_bacia":"ponto_representativo_grade_2022_within_bacia","pop_n_validos":1,"pop_n_total":1,"pop_completude":1.0,"dom_n_validos":1,"dom_n_total":1,"dom_completude":1.0},"geometry":{"type":"Polygon","coordinates":[[[-51.9437391703264,-29.395177365343105],[-51.943753815785946,-29.393311507719886],[-51.941761401067765,-29.393297785864046],[-51.941746742118426,-29.3951636443866],[-51.9437391703264,-29.395177365343105]]]}},{"type":"Feature","properties":{"id_grade":"200ME52066N80742","pop":3,"dom":2,"universo_dom":"domicilios_ocupados_grade_ibge_2022","na_bacia":1,"area_pct_bacia":100.0,"metodo_recorte_bacia":"ponto_representativo_grade_2022; area_pct_geometrica","status_borda_bacia":"total","metodo_area_bacia":"interseção geométrica em EPSG:5880","metodo_na_bacia":"ponto_representativo_grade_2022_within_bacia","pop_n_validos":1,"pop_n_total":1,"pop_completude":1.0,"dom_n_validos":1,"dom_n_total":1,"dom_completude":1.0},"geometry":{"type":"Polygon","coordinates":[[[-51.941746742118426,-29.3951636443866],[-51.941761401067765,-29.393297785864046],[-51.93976898634958,-29.393284051417837],[-51.93975431301112,-29.395149909940386],[-51.941746742118426,-29.3951636443866]]]}},{"type":"Feature","properties":{"id_grade":"200ME52064N80744","pop":10,"dom":3,"universo_dom":"domicilios_ocupados_grade_ibge_2022","na_bacia":1,"area_pct_bacia":100.0,"metodo_recorte_bacia":"ponto_representativo_grade_2022; area_pct_geometrica","status_borda_bacia":"total","metodo_area_bacia":"interseção geométrica em EPSG:5880","metodo_na_bacia":"ponto_representativo_grade_2022_within_bacia","pop_n_validos":1,"pop_n_total":1,"pop_completude":1.0,"dom_n_validos":1,"dom_n_total":1,"dom_completude":1.0},"geometry":{"type":"Polygon","coordinates":[[[-51.943753815785946,-29.393311507719886],[-51.94376846034612,-29.39144566898244],[-51.941776060017105,-29.39143194802593],[-51.941761401067765,-29.393297785864046],[-51.943753815785946,-29.393311507719886]]]}},{"type":"Feature","properties":{"id_grade":"200ME52066N80744","pop":2,"dom":1,"universo_dom":"domicilios_ocupados_grade_ibge_2022","na_bacia":1,"area_pct_bacia":100.0,"metodo_recorte_bacia":"ponto_representativo_grade_2022; area_pct_geometrica","status_borda_bacia":"total","metodo_area_bacia":"interseção geométrica em EPSG:5880","metodo_na_bacia":"ponto_representativo_grade_2022_within_bacia","pop_n_validos":1,"pop_n_total":1,"pop_completude":1.0,"dom_n_validos":1,"dom_n_total":1,"dom_completude":1.0},"geometry":{"type":"Polygon","coordinates":[[[-51.941761401067765,-29.393297785864046],[-51.941776060017105,-29.39143194802593],[-51.93978365968808,-29.391418214479],[-51.93976898634958,-29.393284051417837],[-51.941761401067765,-29.393297785864046]]]}},{"type":"Feature","properties":{"id_grade":"200ME52068N80744","pop":25,"dom":12,"universo_dom":"domicilios_ocupados_grade_ibge_2022","na_bacia":1,"area_pct_bacia":100.0,"metodo_recorte_bacia":"ponto_representativo_grade_2022; area_pct_geometrica","status_borda_bacia":"total","metodo_area_bacia":"interseção geométrica em EPSG:5880","metodo_na_bacia":"ponto_representativo_grade_2022_within_bacia","pop_n_validos":1,"pop_n_total":1,"pop_completude":1.0,"dom_n_validos":1,"dom_n_total":1,"dom_completude":1.0},"geometry":{"type":"Polygon","coordinates":[[[-51.93976898634958,-29.393284051417837],[-51.93978365968808,-29.391418214479],[-51.93779125935907,-29.39140446654277],[-51.93777657163145,-29.39327030438098],[-51.93976898634958,-29.393284051417837]]]}},{"type":"Feature","properties":{"id_grade":"200ME52064N80746","pop":5,"dom":2,"universo_dom":"domicilios_ocupados_grade_ibge_2022","na_bacia":1,"area_pct_bacia":100.0,"metodo_recorte_bacia":"ponto_representativo_grade_2022; area_pct_geometrica","status_borda_bacia":"total","metodo_area_bacia":"interseção geométrica em EPSG:5880","metodo_na_bacia":"ponto_representativo_grade_2022_within_bacia","pop_n_validos":1,"pop_n_total":1,"pop_completude":1.0,"dom_n_validos":1,"dom_n_total":1,"dom_completude":1.0},"geometry":{"type":"Polygon","coordinates":[[[-51.94376846034612,-29.39144566898244],[-51.943783104906345,-29.38957985092935],[-51.941790718067125,-29.38956613087218],[-51.941776060017105,-29.39143194802593],[-51.94376846034612,-29.39144566898244]]]}},{"type":"Feature","properties":{"id_grade":"200ME52066N80746","pop":6,"dom":2,"universo_dom":"domicilios_ocupados_grade_ibge_2022","na_bacia":1,"area_pct_bacia":100.0,"metodo_recorte_bacia":"ponto_representativo_grade_2022; area_pct_geometrica","status_borda_bacia":"total","metodo_area_bacia":"interseção geométrica em EPSG:5880","metodo_na_bacia":"ponto_representativo_grade_2022_within_bacia","pop_n_validos":1,"pop_n_total":1,"pop_completude":1.0,"dom_n_validos":1,"dom_n_total":1,"dom_completude":1.0},"geometry":{"type":"Polygon","coordinates":[[[-51.941776060017105,-29.39143194802593],[-51.941790718067125,-29.38956613087218],[-51.93979833212728,-29.389552396425913],[-51.93978365968808,-29.391418214479],[-51.941776060017105,-29.39143194802593]]]}},{"type":"Feature","properties":{"id_grade":"200ME52068N80746","pop":21,"dom":6,"universo_dom":"domicilios_ocupados_grade_ibge_2022","na_bacia":1,"area_pct_bacia":100.0,"metodo_recorte_bacia":"ponto_representativo_grade_2022; area_pct_geometrica","status_borda_bacia":"total","metodo_area_bacia":"interseção geométrica em EPSG:5880","metodo_na_bacia":"ponto_representativo_grade_2022_within_bacia","pop_n_validos":1,"pop_n_total":1,"pop_completude":1.0,"dom_n_validos":1,"dom_n_total":1,"dom_completude":1.0},"geometry":{"type":"Polygon","coordinates":[[[-51.93978365968808,-29.391418214479],[-51.93979833212728,-29.389552396425913],[-51.93780594618744,-29.38953864938918],[-51.93779125935907,-29.39140446654277],[-51.93978365968808,-29.391418214479]]]}},{"type":"Feature","properties":{"id_grade":"200ME52062N80748","pop":29,"dom":11,"universo_dom":"domicilios_ocupados_grade_ibge_2022","na_bacia":1,"area_pct_bacia":100.0,"metodo_recorte_bacia":"ponto_representativo_grade_2022; area_pct_geometrica","status_borda_bacia":"total","metodo_area_bacia":"interseção geométrica em EPSG:5880","metodo_na_bacia":"ponto_representativo_grade_2022_within_bacia","pop_n_validos":1,"pop_n_total":1,"pop_completude":1.0,"dom_n_validos":1,"dom_n_total":1,"dom_completude":1.0},"geometry":{"type":"Polygon","coordinates":[[[-51.94577549084619,-29.389593558395937],[-51.94579012101724,-29.387727761027257],[-51.943797748567185,-29.387714053560664],[-51.943783104906345,-29.38957985092935],[-51.94577549084619,-29.389593558395937]]]}},{"type":"Feature","properties":{"id_grade":"200ME52064N80748","pop":22,"dom":10,"universo_dom":"domicilios_ocupados_grade_ibge_2022","na_bacia":1,"area_pct_bacia":100.0,"metodo_recorte_bacia":"ponto_representativo_grade_2022; area_pct_geometrica","status_borda_bacia":"total","metodo_area_bacia":"interseção geométrica em EPSG:5880","metodo_na_bacia":"ponto_representativo_grade_2022_within_bacia","pop_n_validos":1,"pop_n_total":1,"pop_completude":1.0,"dom_n_validos":1,"dom_n_total":1,"dom_completude":1.0},"geometry":{"type":"Polygon","coordinates":[[[-51.943783104906345,-29.38957985092935],[-51.943797748567185,-29.387714053560664],[-51.94180537701652,-29.387700333503503],[-51.941790718067125,-29.38956613087218],[-51.943783104906345,-29.38957985092935]]]}},{"type":"Feature","properties":{"id_grade":"200ME52066N80748","pop":10,"dom":5,"universo_dom":"domicilios_ocupados_grade_ibge_2022","na_bacia":1,"area_pct_bacia":100.0,"metodo_recorte_bacia":"ponto_representativo_grade_2022; area_pct_geometrica","status_borda_bacia":"total","metodo_area_bacia":"interseção geométrica em EPSG:5880","metodo_na_bacia":"ponto_representativo_grade_2022_within_bacia","pop_n_validos":1,"pop_n_total":1,"pop_completude":1.0,"dom_n_validos":1,"dom_n_total":1,"dom_completude":1.0},"geometry":{"type":"Polygon","coordinates":[[[-51.941790718067125,-29.38956613087218],[-51.94180537701652,-29.387700333503503],[-51.939813004566474,-29.387686599956574],[-51.93979833212728,-29.389552396425913],[-51.941790718067125,-29.38956613087218]]]}},{"type":"Feature","properties":{"id_grade":"200ME52068N80748","pop":16,"dom":8,"universo_dom":"domicilios_ocupados_grade_ibge_2022","na_bacia":1,"area_pct_bacia":100.0,"metodo_recorte_bacia":"ponto_representativo_grade_2022; area_pct_geometrica","status_borda_bacia":"total","metodo_area_bacia":"interseção geométrica em EPSG:5880","metodo_na_bacia":"ponto_representativo_grade_2022_within_bacia","pop_n_validos":1,"pop_n_total":1,"pop_completude":1.0,"dom_n_validos":1,"dom_n_total":1,"dom_completude":1.0},"geometry":{"type":"Polygon","coordinates":[[[-51.93979833212728,-29.389552396425913],[-51.939813004566474,-29.387686599956574],[-51.93782063301575,-29.387672852919803],[-51.93780594618744,-29.38953864938918],[-51.93979833212728,-29.389552396425913]]]}},{"type":"Feature","properties":{"id_grade":"200ME52060N80750","pop":75,"dom":29,"universo_dom":"domicilios_ocupados_grade_ibge_2022","na_bacia":1,"area_pct_bacia":100.0,"metodo_recorte_bacia":"ponto_representativo_grade_2022; area_pct_geometrica","status_borda_bacia":"total","metodo_area_bacia":"interseção geométrica em EPSG:5880","metodo_na_bacia":"ponto_representativo_grade_2022_within_bacia","pop_n_validos":1,"pop_n_total":1,"pop_completude":1.0,"dom_n_validos":1,"dom_n_total":1,"dom_completude":1.0},"geometry":{"type":"Polygon","coordinates":[[[-51.94778249346724,-29.3877414541048],[-51.94779710924917,-29.385875676521202],[-51.94580475118829,-29.38586198344374],[-51.94579012101724,-29.387727761027257],[-51.94778249346724,-29.3877414541048]]]}},{"type":"Feature","properties":{"id_grade":"200ME52062N80750","pop":7,"dom":3,"universo_dom":"domicilios_ocupados_grade_ibge_2022","na_bacia":1,"area_pct_bacia":100.0,"metodo_recorte_bacia":"ponto_representativo_grade_2022; area_pct_geometrica","status_borda_bacia":"total","metodo_area_bacia":"interseção geométrica em EPSG:5880","metodo_na_bacia":"ponto_representativo_grade_2022_within_bacia","pop_n_validos":1,"pop_n_total":1,"pop_completude":1.0,"dom_n_validos":1,"dom_n_total":1,"dom_completude":1.0},"geometry":{"type":"Polygon","coordinates":[[[-51.94579012101724,-29.387727761027257],[-51.94580475118829,-29.38586198344374],[-51.943812393127416,-29.385848275977146],[-51.943797748567185,-29.387714053560664],[-51.94579012101724,-29.387727761027257]]]}},{"type":"Feature","properties":{"id_grade":"200ME52066N80750","pop":2,"dom":1,"universo_dom":"domicilios_ocupados_grade_ibge_2022","na_bacia":1,"area_pct_bacia":100.0,"metodo_recorte_bacia":"ponto_representativo_grade_2022; area_pct_geometrica","status_borda_bacia":"total","metodo_area_bacia":"interseção geométrica em EPSG:5880","metodo_na_bacia":"ponto_representativo_grade_2022_within_bacia","pop_n_validos":1,"pop_n_total":1,"pop_completude":1.0,"dom_n_validos":1,"dom_n_total":1,"dom_completude":1.0},"geometry":{"type":"Polygon","coordinates":[[[-51.94180537701652,-29.387700333503503],[-51.94182003506654,-29.38583455591995],[-51.939827677005674,-29.38582082237304],[-51.939813004566474,-29.387686599956574],[-51.94180537701652,-29.387700333503503]]]}},{"type":"Feature","properties":{"id_grade":"200ME52068N80750","pop":5,"dom":2,"universo_dom":"domicilios_ocupados_grade_ibge_2022","na_bacia":1,"area_pct_bacia":100.0,"metodo_recorte_bacia":"ponto_representativo_grade_2022; area_pct_geometrica","status_borda_bacia":"total","metodo_area_bacia":"interseção geométrica em EPSG:5880","metodo_na_bacia":"ponto_representativo_grade_2022_within_bacia","pop_n_validos":1,"pop_n_total":1,"pop_completude":1.0,"dom_n_validos":1,"dom_n_total":1,"dom_completude":1.0},"geometry":{"type":"Polygon","coordinates":[[[-51.939813004566474,-29.387686599956574],[-51.939827677005674,-29.38582082237304],[-51.93783531984412,-29.385807076235544],[-51.93782063301575,-29.387672852919803],[-51.939813004566474,-29.387686599956574]]]}},{"type":"Feature","properties":{"id_grade":"200ME52060N80752","pop":17,"dom":6,"universo_dom":"domicilios_ocupados_grade_ibge_2022","na_bacia":1,"area_pct_bacia":100.0,"metodo_recorte_bacia":"ponto_representativo_grade_2022; area_pct_geometrica","status_borda_bacia":"total","metodo_area_bacia":"interseção geométrica em EPSG:5880","metodo_na_bacia":"ponto_representativo_grade_2022_within_bacia","pop_n_validos":1,"pop_n_total":1,"pop_completude":1.0,"dom_n_validos":1,"dom_n_total":1,"dom_completude":1.0},"geometry":{"type":"Polygon","coordinates":[[[-51.94779710924917,-29.385875676521202],[-51.94781172503105,-29.38400991872269],[-51.94581938046003,-29.383996225645255],[-51.94580475118829,-29.38586198344374],[-51.94779710924917,-29.385875676521202]]]}},{"type":"Feature","properties":{"id_grade":"200ME52062N80752","pop":3,"dom":2,"universo_dom":"domicilios_ocupados_grade_ibge_2022","na_bacia":1,"area_pct_bacia":100.0,"metodo_recorte_bacia":"ponto_representativo_grade_2022; area_pct_geometrica","status_borda_bacia":"total","metodo_area_bacia":"interseção geométrica em EPSG:5880","metodo_na_bacia":"ponto_representativo_grade_2022_within_bacia","pop_n_validos":1,"pop_n_total":1,"pop_completude":1.0,"dom_n_validos":1,"dom_n_total":1,"dom_completude":1.0},"geometry":{"type":"Polygon","coordinates":[[[-51.94580475118829,-29.38586198344374],[-51.94581938046003,-29.383996225645255],[-51.94382703678827,-29.383982519077936],[-51.943812393127416,-29.385848275977146],[-51.94580475118829,-29.38586198344374]]]}},{"type":"Feature","properties":{"id_grade":"200ME52066N80752","pop":10,"dom":4,"universo_dom":"domicilios_ocupados_grade_ibge_2022","na_bacia":1,"area_pct_bacia":100.0,"metodo_recorte_bacia":"ponto_representativo_grade_2022; area_pct_geometrica","status_borda_bacia":"total","metodo_area_bacia":"interseção geométrica em EPSG:5880","metodo_na_bacia":"ponto_representativo_grade_2022_within_bacia","pop_n_validos":1,"pop_n_total":1,"pop_completude":1.0,"dom_n_validos":1,"dom_n_total":1,"dom_completude":1.0},"geometry":{"type":"Polygon","coordinates":[[[-51.94182003506654,-29.38583455591995],[-51.94183469311656,-29.383968799020806],[-51.9398423494448,-29.383955066373183],[-51.939827677005674,-29.38582082237304],[-51.94182003506654,-29.38583455591995]]]}},{"type":"Feature","properties":{"id_grade":"200ME52068N80752","pop":19,"dom":6,"universo_dom":"domicilios_ocupados_grade_ibge_2022","na_bacia":1,"area_pct_bacia":100.0,"metodo_recorte_bacia":"ponto_representativo_grade_2022; area_pct_geometrica","status_borda_bacia":"total","metodo_area_bacia":"interseção geométrica em EPSG:5880","metodo_na_bacia":"ponto_representativo_grade_2022_within_bacia","pop_n_validos":1,"pop_n_total":1,"pop_completude":1.0,"dom_n_validos":1,"dom_n_total":1,"dom_completude":1.0},"geometry":{"type":"Polygon","coordinates":[[[-51.939827677005674,-29.38582082237304],[-51.9398423494448,-29.383955066373183],[-51.9378500057731,-29.38394131933629],[-51.93783531984412,-29.385807076235544],[-51.939827677005674,-29.38582082237304]]]}},{"type":"Feature","properties":{"id_grade":"200ME52060N80754","pop":41,"dom":14,"universo_dom":"domicilios_ocupados_grade_ibge_2022","na_bacia":1,"area_pct_bacia":100.0,"metodo_recorte_bacia":"ponto_representativo_grade_2022; area_pct_geometrica","status_borda_bacia":"total","metodo_area_bacia":"interseção geométrica em EPSG:5880","metodo_na_bacia":"ponto_representativo_grade_2022_within_bacia","pop_n_validos":1,"pop_n_total":1,"pop_completude":1.0,"dom_n_validos":1,"dom_n_total":1,"dom_completude":1.0},"geometry":{"type":"Polygon","coordinates":[[[-51.94781172503105,-29.38400991872269],[-51.947826339913604,-29.38214418160856],[-51.94583401063102,-29.382130488531207],[-51.94581938046003,-29.383996225645255],[-51.94781172503105,-29.38400991872269]]]}},{"type":"Feature","properties":{"id_grade":"200ME52064N80754","pop":3,"dom":1,"universo_dom":"domicilios_ocupados_grade_ibge_2022","na_bacia":1,"area_pct_bacia":100.0,"metodo_recorte_bacia":"ponto_representativo_grade_2022; area_pct_geometrica","status_borda_bacia":"total","metodo_area_bacia":"interseção geométrica em EPSG:5880","metodo_na_bacia":"ponto_representativo_grade_2022_within_bacia","pop_n_validos":1,"pop_n_total":1,"pop_completude":1.0,"dom_n_validos":1,"dom_n_total":1,"dom_completude":1.0},"geometry":{"type":"Polygon","coordinates":[[[-51.94382703678827,-29.383982519077936],[-51.94384168044917,-29.382116781963934],[-51.94184935116658,-29.382103062806042],[-51.94183469311656,-29.383968799020806],[-51.94382703678827,-29.383982519077936]]]}},{"type":"Feature","properties":{"id_grade":"200ME52066N80754","pop":15,"dom":6,"universo_dom":"domicilios_ocupados_grade_ibge_2022","na_bacia":1,"area_pct_bacia":100.0,"metodo_recorte_bacia":"ponto_representativo_grade_2022; area_pct_geometrica","status_borda_bacia":"total","metodo_area_bacia":"interseção geométrica em EPSG:5880","metodo_na_bacia":"ponto_representativo_grade_2022_within_bacia","pop_n_validos":1,"pop_n_total":1,"pop_completude":1.0,"dom_n_validos":1,"dom_n_total":1,"dom_completude":1.0},"geometry":{"type":"Polygon","coordinates":[[[-51.94183469311656,-29.383968799020806],[-51.94184935116658,-29.382103062806042],[-51.939857020984675,-29.382089329259074],[-51.9398423494448,-29.383955066373183],[-51.94183469311656,-29.383968799020806]]]}},{"type":"Feature","properties":{"id_grade":"200ME52068N80754","pop":53,"dom":19,"universo_dom":"domicilios_ocupados_grade_ibge_2022","na_bacia":1,"area_pct_bacia":100.0,"metodo_recorte_bacia":"ponto_representativo_grade_2022; area_pct_geometrica","status_borda_bacia":"total","metodo_area_bacia":"interseção geométrica em EPSG:5880","metodo_na_bacia":"ponto_representativo_grade_2022_within_bacia","pop_n_validos":1,"pop_n_total":1,"pop_completude":1.0,"dom_n_validos":1,"dom_n_total":1,"dom_completude":1.0},"geometry":{"type":"Polygon","coordinates":[[[-51.9398423494448,-29.383955066373183],[-51.939857020984675,-29.382089329259074],[-51.937864691702146,-29.382075583121633],[-51.9378500057731,-29.38394131933629],[-51.9398423494448,-29.383955066373183]]]}},{"type":"Feature","properties":{"id_grade":"200ME52060N80756","pop":10,"dom":4,"universo_dom":"domicilios_ocupados_grade_ibge_2022","na_bacia":1,"area_pct_bacia":100.0,"metodo_recorte_bacia":"ponto_representativo_grade_2022; area_pct_geometrica","status_borda_bacia":"total","metodo_area_bacia":"interseção geométrica em EPSG:5880","metodo_na_bacia":"ponto_representativo_grade_2022_within_bacia","pop_n_validos":1,"pop_n_total":1,"pop_completude":1.0,"dom_n_validos":1,"dom_n_total":1,"dom_completude":1.0},"geometry":{"type":"Polygon","coordinates":[[[-51.947826339913604,-29.38214418160856],[-51.94784095569548,-29.380278464279698],[-51.94584863900343,-29.380264771202196],[-51.94583401063102,-29.382130488531207],[-51.947826339913604,-29.38214418160856]]]}},{"type":"Feature","properties":{"id_grade":"200ME52062N80756","pop":8,"dom":2,"universo_dom":"domicilios_ocupados_grade_ibge_2022","na_bacia":1,"area_pct_bacia":100.0,"metodo_recorte_bacia":"ponto_representativo_grade_2022; area_pct_geometrica","status_borda_bacia":"total","metodo_area_bacia":"interseção geométrica em EPSG:5880","metodo_na_bacia":"ponto_representativo_grade_2022_within_bacia","pop_n_validos":1,"pop_n_total":1,"pop_completude":1.0,"dom_n_validos":1,"dom_n_total":1,"dom_completude":1.0},"geometry":{"type":"Polygon","coordinates":[[[-51.94583401063102,-29.382130488531207],[-51.94584863900343,-29.380264771202196],[-51.943856324110016,-29.38025106553419],[-51.94384168044917,-29.382116781963934],[-51.94583401063102,-29.382130488531207]]]}},{"type":"Feature","properties":{"id_grade":"200ME52068N80756","pop":8,"dom":3,"universo_dom":"domicilios_ocupados_grade_ibge_2022","na_bacia":1,"area_pct_bacia":100.0,"metodo_recorte_bacia":"ponto_representativo_grade_2022; area_pct_geometrica","status_borda_bacia":"total","metodo_area_bacia":"interseção geométrica em EPSG:5880","metodo_na_bacia":"ponto_representativo_grade_2022_within_bacia","pop_n_validos":1,"pop_n_total":1,"pop_completude":1.0,"dom_n_validos":1,"dom_n_total":1,"dom_completude":1.0},"geometry":{"type":"Polygon","coordinates":[[[-51.939857020984675,-29.382089329259074],[-51.93987169342386,-29.380223612829404],[-51.937879378530454,-29.38020986759125],[-51.937864691702146,-29.382075583121633],[-51.939857020984675,-29.382089329259074]]]}},{"type":"Feature","properties":{"id_grade":"200ME52068N80758","pop":6,"dom":2,"universo_dom":"domicilios_ocupados_grade_ibge_2022","na_bacia":1,"area_pct_bacia":100.0,"metodo_recorte_bacia":"ponto_representativo_grade_2022; area_pct_geometrica","status_borda_bacia":"total","metodo_area_bacia":"interseção geométrica em EPSG:5880","metodo_na_bacia":"ponto_representativo_grade_2022_within_bacia","pop_n_validos":1,"pop_n_total":1,"pop_completude":1.0,"dom_n_validos":1,"dom_n_total":1,"dom_completude":1.0},"geometry":{"type":"Polygon","coordinates":[[[-51.93987169342386,-29.380223612829404],[-51.93988636496374,-29.378357917084077],[-51.937894063560115,-29.37834417184602],[-51.937879378530454,-29.38020986759125],[-51.93987169342386,-29.380223612829404]]]}},{"type":"Feature","properties":{"id_grade":"200ME52060N80762","pop":5,"dom":3,"universo_dom":"domicilios_ocupados_grade_ibge_2022","na_bacia":1,"area_pct_bacia":100.0,"metodo_recorte_bacia":"ponto_representativo_grade_2022; area_pct_geometrica","status_borda_bacia":"total","metodo_area_bacia":"interseção geométrica em EPSG:5880","metodo_na_bacia":"ponto_representativo_grade_2022_within_bacia","pop_n_validos":1,"pop_n_total":1,"pop_completude":1.0,"dom_n_validos":1,"dom_n_total":1,"dom_completude":1.0},"geometry":{"type":"Polygon","coordinates":[[[-51.94787018456134,-29.376547089876155],[-51.9478847994439,-29.374681433701127],[-51.945892525919305,-29.374667741523027],[-51.94587789754689,-29.376533397698115],[-51.94787018456134,-29.376547089876155]]]}},{"type":"Feature","properties":{"id_grade":"200ME52068N80762","pop":14,"dom":5,"universo_dom":"domicilios_ocupados_grade_ibge_2022","na_bacia":1,"area_pct_bacia":100.0,"metodo_recorte_bacia":"ponto_representativo_grade_2022; area_pct_geometrica","status_borda_bacia":"total","metodo_area_bacia":"interseção geométrica em EPSG:5880","metodo_na_bacia":"ponto_representativo_grade_2022_within_bacia","pop_n_validos":1,"pop_n_total":1,"pop_completude":1.0,"dom_n_validos":1,"dom_n_total":1,"dom_completude":1.0},"geometry":{"type":"Polygon","coordinates":[[[-51.9399010356043,-29.376492241123994],[-51.93991570714412,-29.374626585848198],[-51.93792343451884,-29.37461284061009],[-51.93790874948917,-29.376478495885777],[-51.9399010356043,-29.376492241123994]]]}},{"type":"Feature","properties":{"id_grade":"200ME52060N80764","pop":8,"dom":3,"universo_dom":"domicilios_ocupados_grade_ibge_2022","na_bacia":1,"area_pct_bacia":100.0,"metodo_recorte_bacia":"ponto_representativo_grade_2022; area_pct_geometrica","status_borda_bacia":"total","metodo_area_bacia":"interseção geométrica em EPSG:5880","metodo_na_bacia":"ponto_representativo_grade_2022_within_bacia","pop_n_validos":1,"pop_n_total":1,"pop_completude":1.0,"dom_n_validos":1,"dom_n_total":1,"dom_completude":1.0},"geometry":{"type":"Polygon","coordinates":[[[-51.9478847994439,-29.374681433701127],[-51.947899413427145,-29.372815797311166],[-51.94590715429171,-29.372802105133054],[-51.945892525919305,-29.374667741523027],[-51.9478847994439,-29.374681433701127]]]}},{"type":"Feature","properties":{"id_grade":"200ME52068N80764","pop":41,"dom":17,"universo_dom":"domicilios_ocupados_grade_ibge_2022","na_bacia":1,"area_pct_bacia":100.0,"metodo_recorte_bacia":"ponto_representativo_grade_2022; area_pct_geometrica","status_borda_bacia":"total","metodo_area_bacia":"interseção geométrica em EPSG:5880","metodo_na_bacia":"ponto_representativo_grade_2022_within_bacia","pop_n_validos":1,"pop_n_total":1,"pop_completude":1.0,"dom_n_validos":1,"dom_n_total":1,"dom_completude":1.0},"geometry":{"type":"Polygon","coordinates":[[[-51.93991570714412,-29.374626585848198],[-51.93993037778466,-29.372760950357584],[-51.93793811954857,-29.372747205119353],[-51.93792343451884,-29.37461284061009],[-51.93991570714412,-29.374626585848198]]]}},{"type":"Feature","properties":{"id_grade":"200ME52062N80766","pop":34,"dom":11,"universo_dom":"domicilios_ocupados_grade_ibge_2022","na_bacia":1,"area_pct_bacia":100.0,"metodo_recorte_bacia":"ponto_representativo_grade_2022; area_pct_geometrica","status_borda_bacia":"total","metodo_area_bacia":"interseção geométrica em EPSG:5880","metodo_na_bacia":"ponto_representativo_grade_2022_within_bacia","pop_n_validos":1,"pop_n_total":1,"pop_completude":1.0,"dom_n_validos":1,"dom_n_total":1,"dom_completude":1.0},"geometry":{"type":"Polygon","coordinates":[[[-51.94590715429171,-29.372802105133054],[-51.94592178266408,-29.370936489427358],[-51.94392953791783,-29.370922784658724],[-51.94391489515624,-29.372788400364303],[-51.94590715429171,-29.372802105133054]]]}},{"type":"Feature","properties":{"id_grade":"200ME52064N80766","pop":20,"dom":8,"universo_dom":"domicilios_ocupados_grade_ibge_2022","na_bacia":1,"area_pct_bacia":100.0,"metodo_recorte_bacia":"ponto_representativo_grade_2022; area_pct_geometrica","status_borda_bacia":"total","metodo_area_bacia":"interseção geométrica em EPSG:5880","metodo_na_bacia":"ponto_representativo_grade_2022_within_bacia","pop_n_validos":1,"pop_n_total":1,"pop_completude":1.0,"dom_n_validos":1,"dom_n_total":1,"dom_completude":1.0},"geometry":{"type":"Polygon","coordinates":[[[-51.94391489515624,-29.372788400364303],[-51.94392953791783,-29.370922784658724],[-51.94193729317152,-29.37090906640026],[-51.94192263692013,-29.372774682105852],[-51.94391489515624,-29.372788400364303]]]}},{"type":"Feature","properties":{"id_grade":"200ME52068N80766","pop":13,"dom":5,"universo_dom":"domicilios_ocupados_grade_ibge_2022","na_bacia":1,"area_pct_bacia":100.0,"metodo_recorte_bacia":"ponto_representativo_grade_2022; area_pct_geometrica","status_borda_bacia":"total","metodo_area_bacia":"interseção geométrica em EPSG:5880","metodo_na_bacia":"ponto_representativo_grade_2022_within_bacia","pop_n_validos":1,"pop_n_total":1,"pop_completude":1.0,"dom_n_validos":1,"dom_n_total":1,"dom_completude":1.0},"geometry":{"type":"Polygon","coordinates":[[[-51.93993037778466,-29.372760950357584],[-51.939945049324535,-29.370895335551307],[-51.93795280457823,-29.370881590313108],[-51.93793811954857,-29.372747205119353],[-51.93993037778466,-29.372760950357584]]]}},{"type":"Feature","properties":{"id_grade":"200ME52064N80768","pop":51,"dom":21,"universo_dom":"domicilios_ocupados_grade_ibge_2022","na_bacia":1,"area_pct_bacia":100.0,"metodo_recorte_bacia":"ponto_representativo_grade_2022; area_pct_geometrica","status_borda_bacia":"total","metodo_area_bacia":"interseção geométrica em EPSG:5880","metodo_na_bacia":"ponto_representativo_grade_2022_within_bacia","pop_n_validos":1,"pop_n_total":1,"pop_completude":1.0,"dom_n_validos":1,"dom_n_total":1,"dom_completude":1.0},"geometry":{"type":"Polygon","coordinates":[[[-51.94392953791783,-29.370922784658724],[-51.94394417978003,-29.369057189637537],[-51.9419519494229,-29.36904347137908],[-51.94193729317152,-29.37090906640026],[-51.94392953791783,-29.370922784658724]]]}},{"type":"Feature","properties":{"id_grade":"200ME52066N80768","pop":3,"dom":1,"universo_dom":"domicilios_ocupados_grade_ibge_2022","na_bacia":1,"area_pct_bacia":100.0,"metodo_recorte_bacia":"ponto_representativo_grade_2022; area_pct_geometrica","status_borda_bacia":"total","metodo_area_bacia":"interseção geométrica em EPSG:5880","metodo_na_bacia":"ponto_representativo_grade_2022_within_bacia","pop_n_validos":1,"pop_n_total":1,"pop_completude":1.0,"dom_n_validos":1,"dom_n_total":1,"dom_completude":1.0},"geometry":{"type":"Polygon","coordinates":[[[-51.94193729317152,-29.37090906640026],[-51.9419519494229,-29.36904347137908],[-51.93995971906577,-29.369029740530088],[-51.939945049324535,-29.370895335551307],[-51.94193729317152,-29.37090906640026]]]}},{"type":"Feature","properties":{"id_grade":"200ME52068N80768","pop":37,"dom":13,"universo_dom":"domicilios_ocupados_grade_ibge_2022","na_bacia":1,"area_pct_bacia":100.0,"metodo_recorte_bacia":"ponto_representativo_grade_2022; area_pct_geometrica","status_borda_bacia":"total","metodo_area_bacia":"interseção geométrica em EPSG:5880","metodo_na_bacia":"ponto_representativo_grade_2022_within_bacia","pop_n_validos":1,"pop_n_total":1,"pop_completude":1.0,"dom_n_validos":1,"dom_n_total":1,"dom_completude":1.0},"geometry":{"type":"Polygon","coordinates":[[[-51.939945049324535,-29.370895335551307],[-51.93995971906577,-29.369029740530088],[-51.9379674896079,-29.369015995291935],[-51.93795280457823,-29.370881590313108],[-51.939945049324535,-29.370895335551307]]]}},{"type":"Feature","properties":{"id_grade":"200ME52062N80770","pop":6,"dom":3,"universo_dom":"domicilios_ocupados_grade_ibge_2022","na_bacia":1,"area_pct_bacia":100.0,"metodo_recorte_bacia":"ponto_representativo_grade_2022; area_pct_geometrica","status_borda_bacia":"total","metodo_area_bacia":"interseção geométrica em EPSG:5880","metodo_na_bacia":"ponto_representativo_grade_2022_within_bacia","pop_n_validos":1,"pop_n_total":1,"pop_completude":1.0,"dom_n_validos":1,"dom_n_total":1,"dom_completude":1.0},"geometry":{"type":"Polygon","coordinates":[[[-51.945936410137165,-29.36907089350685],[-51.945951038509584,-29.36720531827082],[-51.94395882164225,-29.367191613502108],[-51.94394417978003,-29.369057189637537],[-51.945936410137165,-29.36907089350685]]]}},{"type":"Feature","properties":{"id_grade":"200ME52064N80770","pop":17,"dom":5,"universo_dom":"domicilios_ocupados_grade_ibge_2022","na_bacia":1,"area_pct_bacia":100.0,"metodo_recorte_bacia":"ponto_representativo_grade_2022; area_pct_geometrica","status_borda_bacia":"total","metodo_area_bacia":"interseção geométrica em EPSG:5880","metodo_na_bacia":"ponto_representativo_grade_2022_within_bacia","pop_n_validos":1,"pop_n_total":1,"pop_completude":1.0,"dom_n_validos":1,"dom_n_total":1,"dom_completude":1.0},"geometry":{"type":"Polygon","coordinates":[[[-51.94394417978003,-29.369057189637537],[-51.94395882164225,-29.367191613502108],[-51.94196660567428,-29.367177896142948],[-51.9419519494229,-29.36904347137908],[-51.94394417978003,-29.369057189637537]]]}},{"type":"Feature","properties":{"id_grade":"200ME52066N80770","pop":4,"dom":2,"universo_dom":"domicilios_ocupados_grade_ibge_2022","na_bacia":1,"area_pct_bacia":100.0,"metodo_recorte_bacia":"ponto_representativo_grade_2022; area_pct_geometrica","status_borda_bacia":"total","metodo_area_bacia":"interseção geométrica em EPSG:5880","metodo_na_bacia":"ponto_representativo_grade_2022_within_bacia","pop_n_validos":1,"pop_n_total":1,"pop_completude":1.0,"dom_n_validos":1,"dom_n_total":1,"dom_completude":1.0},"geometry":{"type":"Polygon","coordinates":[[[-51.9419519494229,-29.36904347137908],[-51.94196660567428,-29.367177896142948],[-51.939974389706265,-29.367164165293985],[-51.93995971906577,-29.369029740530088],[-51.9419519494229,-29.36904347137908]]]}},{"type":"Feature","properties":{"id_grade":"200ME52068N80770","pop":6,"dom":3,"universo_dom":"domicilios_ocupados_grade_ibge_2022","na_bacia":1,"area_pct_bacia":100.0,"metodo_recorte_bacia":"ponto_representativo_grade_2022; area_pct_geometrica","status_borda_bacia":"total","metodo_area_bacia":"interseção geométrica em EPSG:5880","metodo_na_bacia":"ponto_representativo_grade_2022_within_bacia","pop_n_validos":1,"pop_n_total":1,"pop_completude":1.0,"dom_n_validos":1,"dom_n_total":1,"dom_completude":1.0},"geometry":{"type":"Polygon","coordinates":[[[-51.93995971906577,-29.369029740530088],[-51.939974389706265,-29.367164165293985],[-51.9379821737383,-29.367150420955117],[-51.9379674896079,-29.369015995291935],[-51.93995971906577,-29.369029740530088]]]}},{"type":"Feature","properties":{"id_grade":"200ME52060N80772","pop":6,"dom":3,"universo_dom":"domicilios_ocupados_grade_ibge_2022","na_bacia":1,"area_pct_bacia":100.0,"metodo_recorte_bacia":"ponto_representativo_grade_2022; area_pct_geometrica","status_borda_bacia":"total","metodo_area_bacia":"interseção geométrica em EPSG:5880","metodo_na_bacia":"ponto_representativo_grade_2022_within_bacia","pop_n_validos":1,"pop_n_total":1,"pop_completude":1.0,"dom_n_validos":1,"dom_n_total":1,"dom_completude":1.0},"geometry":{"type":"Polygon","coordinates":[[[-51.94794325447759,-29.367219009549604],[-51.94795786756151,-29.36535345409858],[-51.94596566598267,-29.365339762819715],[-51.945951038509584,-29.36720531827082],[-51.94794325447759,-29.367219009549604]]]}},{"type":"Feature","properties":{"id_grade":"200ME52062N80772","pop":16,"dom":5,"universo_dom":"domicilios_ocupados_grade_ibge_2022","na_bacia":1,"area_pct_bacia":100.0,"metodo_recorte_bacia":"ponto_representativo_grade_2022; area_pct_geometrica","status_borda_bacia":"total","metodo_area_bacia":"interseção geométrica em EPSG:5880","metodo_na_bacia":"ponto_representativo_grade_2022_within_bacia","pop_n_validos":1,"pop_n_total":1,"pop_completude":1.0,"dom_n_validos":1,"dom_n_total":1,"dom_completude":1.0},"geometry":{"type":"Polygon","coordinates":[[[-51.945951038509584,-29.36720531827082],[-51.94596566598267,-29.365339762819715],[-51.943973463504506,-29.36532605895038],[-51.94395882164225,-29.367191613502108],[-51.945951038509584,-29.36720531827082]]]}},{"type":"Feature","properties":{"id_grade":"200ME52064N80772","pop":1,"dom":1,"universo_dom":"domicilios_ocupados_grade_ibge_2022","na_bacia":1,"area_pct_bacia":100.0,"metodo_recorte_bacia":"ponto_representativo_grade_2022; area_pct_geometrica","status_borda_bacia":"total","metodo_area_bacia":"interseção geométrica em EPSG:5880","metodo_na_bacia":"ponto_representativo_grade_2022_within_bacia","pop_n_validos":1,"pop_n_total":1,"pop_completude":1.0,"dom_n_validos":1,"dom_n_total":1,"dom_completude":1.0},"geometry":{"type":"Polygon","coordinates":[[[-51.94395882164225,-29.367191613502108],[-51.943973463504506,-29.36532605895038],[-51.94198126192566,-29.365312341591267],[-51.94196660567428,-29.367177896142948],[-51.94395882164225,-29.367191613502108]]]}},{"type":"Feature","properties":{"id_grade":"200ME52066N80772","pop":2,"dom":1,"universo_dom":"domicilios_ocupados_grade_ibge_2022","na_bacia":1,"area_pct_bacia":100.0,"metodo_recorte_bacia":"ponto_representativo_grade_2022; area_pct_geometrica","status_borda_bacia":"total","metodo_area_bacia":"interseção geométrica em EPSG:5880","metodo_na_bacia":"ponto_representativo_grade_2022_within_bacia","pop_n_validos":1,"pop_n_total":1,"pop_completude":1.0,"dom_n_validos":1,"dom_n_total":1,"dom_completude":1.0},"geometry":{"type":"Polygon","coordinates":[[[-51.94196660567428,-29.367177896142948],[-51.94198126192566,-29.365312341591267],[-51.9399890594475,-29.36529861074223],[-51.939974389706265,-29.367164165293985],[-51.94196660567428,-29.367177896142948]]]}},{"type":"Feature","properties":{"id_grade":"200ME52060N80774","pop":8,"dom":3,"universo_dom":"domicilios_ocupados_grade_ibge_2022","na_bacia":1,"area_pct_bacia":100.0,"metodo_recorte_bacia":"ponto_representativo_grade_2022; area_pct_geometrica","status_borda_bacia":"total","metodo_area_bacia":"interseção geométrica em EPSG:5880","metodo_na_bacia":"ponto_representativo_grade_2022_within_bacia","pop_n_validos":1,"pop_n_total":1,"pop_completude":1.0,"dom_n_validos":1,"dom_n_total":1,"dom_completude":1.0},"geometry":{"type":"Polygon","coordinates":[[[-51.94795786756151,-29.36535345409858],[-51.94797248154475,-29.36348791843264],[-51.945980292556435,-29.363474228053125],[-51.94596566598267,-29.365339762819715],[-51.94795786756151,-29.36535345409858]]]}},{"type":"Feature","properties":{"id_grade":"200ME52062N80774","pop":12,"dom":4,"universo_dom":"domicilios_ocupados_grade_ibge_2022","na_bacia":1,"area_pct_bacia":100.0,"metodo_recorte_bacia":"ponto_representativo_grade_2022; area_pct_geometrica","status_borda_bacia":"total","metodo_area_bacia":"interseção geométrica em EPSG:5880","metodo_na_bacia":"ponto_representativo_grade_2022_within_bacia","pop_n_validos":1,"pop_n_total":1,"pop_completude":1.0,"dom_n_validos":1,"dom_n_total":1,"dom_completude":1.0},"geometry":{"type":"Polygon","coordinates":[[[-51.94596566598267,-29.365339762819715],[-51.945980292556435,-29.363474228053125],[-51.943988105366714,-29.36346052418378],[-51.943973463504506,-29.36532605895038],[-51.94596566598267,-29.365339762819715]]]}},{"type":"Feature","properties":{"id_grade":"200ME52062N80776","pop":3,"dom":1,"universo_dom":"domicilios_ocupados_grade_ibge_2022","na_bacia":1,"area_pct_bacia":100.0,"metodo_recorte_bacia":"ponto_representativo_grade_2022; area_pct_geometrica","status_borda_bacia":"total","metodo_area_bacia":"interseção geométrica em EPSG:5880","metodo_na_bacia":"ponto_representativo_grade_2022_within_bacia","pop_n_validos":1,"pop_n_total":1,"pop_completude":1.0,"dom_n_validos":1,"dom_n_total":1,"dom_completude":1.0},"geometry":{"type":"Polygon","coordinates":[[[-51.945980292556435,-29.363474228053125],[-51.94599492002948,-29.361608713071703],[-51.94400274632966,-29.361595009202315],[-51.943988105366714,-29.36346052418378],[-51.945980292556435,-29.363474228053125]]]}},{"type":"Feature","properties":{"id_grade":"200ME52064N80776","pop":16,"dom":6,"universo_dom":"domicilios_ocupados_grade_ibge_2022","na_bacia":1,"area_pct_bacia":100.0,"metodo_recorte_bacia":"ponto_representativo_grade_2022; area_pct_geometrica","status_borda_bacia":"total","metodo_area_bacia":"interseção geométrica em EPSG:5880","metodo_na_bacia":"ponto_representativo_grade_2022_within_bacia","pop_n_validos":1,"pop_n_total":1,"pop_completude":1.0,"dom_n_validos":1,"dom_n_total":1,"dom_completude":1.0},"geometry":{"type":"Polygon","coordinates":[[[-51.943988105366714,-29.36346052418378],[-51.94400274632966,-29.361595009202315],[-51.94201057262978,-29.361581292742443],[-51.94199591727772,-29.36344680682463],[-51.943988105366714,-29.36346052418378]]]}},{"type":"Feature","properties":{"id_grade":"200ME52064N80778","pop":3,"dom":1,"universo_dom":"domicilios_ocupados_grade_ibge_2022","na_bacia":1,"area_pct_bacia":100.0,"metodo_recorte_bacia":"ponto_representativo_grade_2022; area_pct_geometrica","status_borda_bacia":"total","metodo_area_bacia":"interseção geométrica em EPSG:5880","metodo_na_bacia":"ponto_representativo_grade_2022_within_bacia","pop_n_validos":1,"pop_n_total":1,"pop_completude":1.0,"dom_n_validos":1,"dom_n_total":1,"dom_completude":1.0},"geometry":{"type":"Polygon","coordinates":[[[-51.94400274632966,-29.361595009202315],[-51.944017387292554,-29.359729514905176],[-51.94202522798184,-29.359715798445283],[-51.94201057262978,-29.361581292742443],[-51.94400274632966,-29.361595009202315]]]}},{"type":"Feature","properties":{"id_grade":"200ME52066N80778","pop":6,"dom":3,"universo_dom":"domicilios_ocupados_grade_ibge_2022","na_bacia":1,"area_pct_bacia":100.0,"metodo_recorte_bacia":"ponto_representativo_grade_2022; area_pct_geometrica","status_borda_bacia":"total","metodo_area_bacia":"interseção geométrica em EPSG:5880","metodo_na_bacia":"ponto_representativo_grade_2022_within_bacia","pop_n_validos":1,"pop_n_total":1,"pop_completude":1.0,"dom_n_validos":1,"dom_n_total":1,"dom_completude":1.0},"geometry":{"type":"Polygon","coordinates":[[[-51.94201057262978,-29.361581292742443],[-51.94202522798184,-29.359715798445283],[-51.940033068671134,-29.359702068495633],[-51.94001839982923,-29.361567561893473],[-51.94201057262978,-29.361581292742443]]]}},{"type":"Feature","properties":{"id_grade":"200ME52070N80732","pop":43,"dom":14,"universo_dom":"domicilios_ocupados_grade_ibge_2022","na_bacia":1,"area_pct_bacia":100.0,"metodo_recorte_bacia":"ponto_representativo_grade_2022; area_pct_geometrica","status_borda_bacia":"total","metodo_area_bacia":"interseção geométrica em EPSG:5880","metodo_na_bacia":"ponto_representativo_grade_2022_within_bacia","pop_n_validos":1,"pop_n_total":1,"pop_completude":1.0,"dom_n_validos":1,"dom_n_total":1,"dom_completude":1.0},"geometry":{"type":"Polygon","coordinates":[[[-51.93768844436619,-29.404465754091213],[-51.93770313299313,-29.40259979484464],[-51.93571064722852,-29.40258603251939],[-51.93569594511172,-29.404451991765963],[-51.93768844436619,-29.404465754091213]]]}},{"type":"Feature","properties":{"id_grade":"200ME52070N80734","pop":60,"dom":24,"universo_dom":"domicilios_ocupados_grade_ibge_2022","na_bacia":1,"area_pct_bacia":100.0,"metodo_recorte_bacia":"ponto_representativo_grade_2022; area_pct_geometrica","status_borda_bacia":"total","metodo_area_bacia":"interseção geométrica em EPSG:5880","metodo_na_bacia":"ponto_representativo_grade_2022_within_bacia","pop_n_validos":1,"pop_n_total":1,"pop_completude":1.0,"dom_n_validos":1,"dom_n_total":1,"dom_completude":1.0},"geometry":{"type":"Polygon","coordinates":[[[-51.93770313299313,-29.40259979484464],[-51.93771782072082,-29.40073385628245],[-51.935725350244695,-29.40072009395713],[-51.93571064722852,-29.40258603251939],[-51.93770313299313,-29.40259979484464]]]}},{"type":"Feature","properties":{"id_grade":"200ME52072N80734","pop":5,"dom":2,"universo_dom":"domicilios_ocupados_grade_ibge_2022","na_bacia":1,"area_pct_bacia":100.0,"metodo_recorte_bacia":"ponto_representativo_grade_2022; area_pct_geometrica","status_borda_bacia":"total","metodo_area_bacia":"interseção geométrica em EPSG:5880","metodo_na_bacia":"ponto_representativo_grade_2022_within_bacia","pop_n_validos":1,"pop_n_total":1,"pop_completude":1.0,"dom_n_validos":1,"dom_n_total":1,"dom_completude":1.0},"geometry":{"type":"Polygon","coordinates":[[[-51.93571064722852,-29.40258603251939],[-51.935725350244695,-29.40072009395713],[-51.93373287976858,-29.400706319041365],[-51.93371816236328,-29.402572257603584],[-51.93571064722852,-29.40258603251939]]]}},{"type":"Feature","properties":{"id_grade":"200ME52070N80736","pop":99,"dom":36,"universo_dom":"domicilios_ocupados_grade_ibge_2022","na_bacia":1,"area_pct_bacia":100.0,"metodo_recorte_bacia":"ponto_representativo_grade_2022; area_pct_geometrica","status_borda_bacia":"total","metodo_area_bacia":"interseção geométrica em EPSG:5880","metodo_na_bacia":"ponto_representativo_grade_2022_within_bacia","pop_n_validos":1,"pop_n_total":1,"pop_completude":1.0,"dom_n_validos":1,"dom_n_total":1,"dom_completude":1.0},"geometry":{"type":"Polygon","coordinates":[[[-51.93771782072082,-29.40073385628245],[-51.93773250934776,-29.39886793750523],[-51.935740052361496,-29.398854176079343],[-51.935725350244695,-29.40072009395713],[-51.93771782072082,-29.40073385628245]]]}},{"type":"Feature","properties":{"id_grade":"200ME52072N80736","pop":63,"dom":23,"universo_dom":"domicilios_ocupados_grade_ibge_2022","na_bacia":1,"area_pct_bacia":100.0,"metodo_recorte_bacia":"ponto_representativo_grade_2022; area_pct_geometrica","status_borda_bacia":"total","metodo_area_bacia":"interseção geométrica em EPSG:5880","metodo_na_bacia":"ponto_representativo_grade_2022_within_bacia","pop_n_validos":1,"pop_n_total":1,"pop_completude":1.0,"dom_n_validos":1,"dom_n_total":1,"dom_completude":1.0},"geometry":{"type":"Polygon","coordinates":[[[-51.935725350244695,-29.40072009395713],[-51.935740052361496,-29.398854176079343],[-51.933747596274486,-29.398840401163536],[-51.93373287976858,-29.400706319041365],[-51.935725350244695,-29.40072009395713]]]}},{"type":"Feature","properties":{"id_grade":"200ME52074N80736","pop":16,"dom":7,"universo_dom":"domicilios_ocupados_grade_ibge_2022","na_bacia":1,"area_pct_bacia":100.0,"metodo_recorte_bacia":"ponto_representativo_grade_2022; area_pct_geometrica","status_borda_bacia":"total","metodo_area_bacia":"interseção geométrica em EPSG:5880","metodo_na_bacia":"ponto_representativo_grade_2022_within_bacia","pop_n_validos":1,"pop_n_total":1,"pop_completude":1.0,"dom_n_validos":1,"dom_n_total":1,"dom_completude":1.0},"geometry":{"type":"Polygon","coordinates":[[[-51.93373287976858,-29.400706319041365],[-51.933747596274486,-29.398840401163536],[-51.93175513928822,-29.398826612757897],[-51.93174040929238,-29.40069253063577],[-51.93373287976858,-29.400706319041365]]]}},{"type":"Feature","properties":{"id_grade":"200ME52070N80738","pop":44,"dom":17,"universo_dom":"domicilios_ocupados_grade_ibge_2022","na_bacia":1,"area_pct_bacia":100.0,"metodo_recorte_bacia":"ponto_representativo_grade_2022; area_pct_geometrica","status_borda_bacia":"total","metodo_area_bacia":"interseção geométrica em EPSG:5880","metodo_na_bacia":"ponto_representativo_grade_2022_within_bacia","pop_n_validos":1,"pop_n_total":1,"pop_completude":1.0,"dom_n_validos":1,"dom_n_total":1,"dom_completude":1.0},"geometry":{"type":"Polygon","coordinates":[[[-51.93773250934776,-29.39886793750523],[-51.937747197075446,-29.39700203941255],[-51.935754754478296,-29.396988277986605],[-51.935740052361496,-29.398854176079343],[-51.93773250934776,-29.39886793750523]]]}},{"type":"Feature","properties":{"id_grade":"200ME52072N80738","pop":5,"dom":1,"universo_dom":"domicilios_ocupados_grade_ibge_2022","na_bacia":1,"area_pct_bacia":100.0,"metodo_recorte_bacia":"ponto_representativo_grade_2022; area_pct_geometrica","status_borda_bacia":"total","metodo_area_bacia":"interseção geométrica em EPSG:5880","metodo_na_bacia":"ponto_representativo_grade_2022_within_bacia","pop_n_validos":1,"pop_n_total":1,"pop_completude":1.0,"dom_n_validos":1,"dom_n_total":1,"dom_completude":1.0},"geometry":{"type":"Polygon","coordinates":[[[-51.935740052361496,-29.398854176079343],[-51.935754754478296,-29.396988277986605],[-51.93376231188114,-29.39697450307086],[-51.933747596274486,-29.398840401163536],[-51.935740052361496,-29.398854176079343]]]}},{"type":"Feature","properties":{"id_grade":"200ME52076N80738","pop":33,"dom":11,"universo_dom":"domicilios_ocupados_grade_ibge_2022","na_bacia":1,"area_pct_bacia":100.0,"metodo_recorte_bacia":"ponto_representativo_grade_2022; area_pct_geometrica","status_borda_bacia":"total","metodo_area_bacia":"interseção geométrica em EPSG:5880","metodo_na_bacia":"ponto_representativo_grade_2022_within_bacia","pop_n_validos":1,"pop_n_total":1,"pop_completude":1.0,"dom_n_validos":1,"dom_n_total":1,"dom_completude":1.0},"geometry":{"type":"Polygon","coordinates":[[[-51.93175513928822,-29.398826612757897],[-51.9317698701833,-29.396960715564536],[-51.92977742848552,-29.396946913669133],[-51.92976268320121,-29.398812810862434],[-51.93175513928822,-29.398826612757897]]]}},{"type":"Feature","properties":{"id_grade":"200ME52078N80738","pop":55,"dom":23,"universo_dom":"domicilios_ocupados_grade_ibge_2022","na_bacia":1,"area_pct_bacia":100.0,"metodo_recorte_bacia":"ponto_representativo_grade_2022; area_pct_geometrica","status_borda_bacia":"total","metodo_area_bacia":"interseção geométrica em EPSG:5880","metodo_na_bacia":"ponto_representativo_grade_2022_within_bacia","pop_n_validos":1,"pop_n_total":1,"pop_completude":1.0,"dom_n_validos":1,"dom_n_total":1,"dom_completude":1.0},"geometry":{"type":"Polygon","coordinates":[[[-51.92976268320121,-29.398812810862434],[-51.92977742848552,-29.396946913669133],[-51.927784986787685,-29.39693309918318],[-51.92777022801357,-29.398798996376513],[-51.92976268320121,-29.398812810862434]]]}},{"type":"Feature","properties":{"id_grade":"200ME52078N80740","pop":14,"dom":6,"universo_dom":"domicilios_ocupados_grade_ibge_2022","na_bacia":1,"area_pct_bacia":100.0,"metodo_recorte_bacia":"ponto_representativo_grade_2022; area_pct_geometrica","status_borda_bacia":"total","metodo_area_bacia":"interseção geométrica em EPSG:5880","metodo_na_bacia":"ponto_representativo_grade_2022_within_bacia","pop_n_validos":1,"pop_n_total":1,"pop_completude":1.0,"dom_n_validos":1,"dom_n_total":1,"dom_completude":1.0},"geometry":{"type":"Polygon","coordinates":[[[-51.92977742848552,-29.396946913669133],[-51.929792172870464,-29.39508103716003],[-51.92779974466242,-29.395067222674093],[-51.927784986787685,-29.39693309918318],[-51.92977742848552,-29.396946913669133]]]}},{"type":"Feature","properties":{"id_grade":"200ME52074N80742","pop":37,"dom":14,"universo_dom":"domicilios_ocupados_grade_ibge_2022","na_bacia":1,"area_pct_bacia":100.0,"metodo_recorte_bacia":"ponto_representativo_grade_2022; area_pct_geometrica","status_borda_bacia":"total","metodo_area_bacia":"interseção geométrica em EPSG:5880","metodo_na_bacia":"ponto_representativo_grade_2022_within_bacia","pop_n_validos":1,"pop_n_total":1,"pop_completude":1.0,"dom_n_validos":1,"dom_n_total":1,"dom_completude":1.0},"geometry":{"type":"Polygon","coordinates":[[[-51.93377702838711,-29.395108625662463],[-51.933791743993766,-29.393242768938627],[-51.931799330174904,-29.39322898143225],[-51.93178460017913,-29.395094838156208],[-51.93377702838711,-29.395108625662463]]]}},{"type":"Feature","properties":{"id_grade":"200ME52076N80742","pop":5,"dom":3,"universo_dom":"domicilios_ocupados_grade_ibge_2022","na_bacia":1,"area_pct_bacia":100.0,"metodo_recorte_bacia":"ponto_representativo_grade_2022; area_pct_geometrica","status_borda_bacia":"total","metodo_area_bacia":"interseção geométrica em EPSG:5880","metodo_na_bacia":"ponto_representativo_grade_2022_within_bacia","pop_n_validos":1,"pop_n_total":1,"pop_completude":1.0,"dom_n_validos":1,"dom_n_total":1,"dom_completude":1.0},"geometry":{"type":"Polygon","coordinates":[[[-51.93178460017913,-29.395094838156208],[-51.931799330174904,-29.39322898143225],[-51.929806916356085,-29.39321518043621],[-51.929792172870464,-29.39508103716003],[-51.93178460017913,-29.395094838156208]]]}},{"type":"Feature","properties":{"id_grade":"200ME52078N80742","pop":33,"dom":14,"universo_dom":"domicilios_ocupados_grade_ibge_2022","na_bacia":1,"area_pct_bacia":100.0,"metodo_recorte_bacia":"ponto_representativo_grade_2022; area_pct_geometrica","status_borda_bacia":"total","metodo_area_bacia":"interseção geométrica em EPSG:5880","metodo_na_bacia":"ponto_representativo_grade_2022_within_bacia","pop_n_validos":1,"pop_n_total":1,"pop_completude":1.0,"dom_n_validos":1,"dom_n_total":1,"dom_completude":1.0},"geometry":{"type":"Polygon","coordinates":[[[-51.929792172870464,-29.39508103716003],[-51.929806916356085,-29.39321518043621],[-51.927814503436544,-29.393201366849574],[-51.92779974466242,-29.395067222674093],[-51.929792172870464,-29.39508103716003]]]}},{"type":"Feature","properties":{"id_grade":"200ME52070N80744","pop":15,"dom":7,"universo_dom":"domicilios_ocupados_grade_ibge_2022","na_bacia":1,"area_pct_bacia":100.0,"metodo_recorte_bacia":"ponto_representativo_grade_2022; area_pct_geometrica","status_borda_bacia":"total","metodo_area_bacia":"interseção geométrica em EPSG:5880","metodo_na_bacia":"ponto_representativo_grade_2022_within_bacia","pop_n_validos":1,"pop_n_total":1,"pop_completude":1.0,"dom_n_validos":1,"dom_n_total":1,"dom_completude":1.0},"geometry":{"type":"Polygon","coordinates":[[[-51.93777657163145,-29.39327030438098],[-51.93779125935907,-29.39140446654277],[-51.93579885903006,-29.39139070601621],[-51.93578415781257,-29.393256542955037],[-51.93777657163145,-29.39327030438098]]]}},{"type":"Feature","properties":{"id_grade":"200ME52078N80744","pop":66,"dom":20,"universo_dom":"domicilios_ocupados_grade_ibge_2022","na_bacia":1,"area_pct_bacia":100.0,"metodo_recorte_bacia":"ponto_representativo_grade_2022; area_pct_geometrica","status_borda_bacia":"total","metodo_area_bacia":"interseção geométrica em EPSG:5880","metodo_na_bacia":"ponto_representativo_grade_2022_within_bacia","pop_n_validos":1,"pop_n_total":1,"pop_completude":1.0,"dom_n_validos":1,"dom_n_total":1,"dom_completude":1.0},"geometry":{"type":"Polygon","coordinates":[[[-51.929806916356085,-29.39321518043621],[-51.92982166074102,-29.391349344396748],[-51.92782926131134,-29.391335529910684],[-51.927814503436544,-29.393201366849574],[-51.929806916356085,-29.39321518043621]]]}},{"type":"Feature","properties":{"id_grade":"200ME52070N80746","pop":13,"dom":4,"universo_dom":"domicilios_ocupados_grade_ibge_2022","na_bacia":1,"area_pct_bacia":100.0,"metodo_recorte_bacia":"ponto_representativo_grade_2022; area_pct_geometrica","status_borda_bacia":"total","metodo_area_bacia":"interseção geométrica em EPSG:5880","metodo_na_bacia":"ponto_representativo_grade_2022_within_bacia","pop_n_validos":1,"pop_n_total":1,"pop_completude":1.0,"dom_n_validos":1,"dom_n_total":1,"dom_completude":1.0},"geometry":{"type":"Polygon","coordinates":[[[-51.93779125935907,-29.39140446654277],[-51.93780594618744,-29.38953864938918],[-51.93581356024754,-29.389524888862454],[-51.93579885903006,-29.39139070601621],[-51.93779125935907,-29.39140446654277]]]}},{"type":"Feature","properties":{"id_grade":"200ME52076N80746","pop":2,"dom":1,"universo_dom":"domicilios_ocupados_grade_ibge_2022","na_bacia":1,"area_pct_bacia":100.0,"metodo_recorte_bacia":"ponto_representativo_grade_2022; area_pct_geometrica","status_borda_bacia":"total","metodo_area_bacia":"interseção geométrica em EPSG:5880","metodo_na_bacia":"ponto_representativo_grade_2022_within_bacia","pop_n_validos":1,"pop_n_total":1,"pop_completude":1.0,"dom_n_validos":1,"dom_n_total":1,"dom_completude":1.0},"geometry":{"type":"Polygon","coordinates":[[[-51.93181406017073,-29.391363144493464],[-51.93182878926717,-29.389497328239127],[-51.92983640422665,-29.389483528142264],[-51.92982166074102,-29.391349344396748],[-51.93181406017073,-29.391363144493464]]]}},{"type":"Feature","properties":{"id_grade":"200ME52078N80746","pop":128,"dom":46,"universo_dom":"domicilios_ocupados_grade_ibge_2022","na_bacia":1,"area_pct_bacia":100.0,"metodo_recorte_bacia":"ponto_representativo_grade_2022; area_pct_geometrica","status_borda_bacia":"total","metodo_area_bacia":"interseção geométrica em EPSG:5880","metodo_na_bacia":"ponto_representativo_grade_2022_within_bacia","pop_n_validos":1,"pop_n_total":1,"pop_completude":1.0,"dom_n_validos":1,"dom_n_total":1,"dom_completude":1.0},"geometry":{"type":"Polygon","coordinates":[[[-51.92982166074102,-29.391349344396748],[-51.92983640422665,-29.389483528142264],[-51.92784401918607,-29.389469714555588],[-51.92782926131134,-29.391335529910684],[-51.92982166074102,-29.391349344396748]]]}},{"type":"Feature","properties":{"id_grade":"200ME52070N80748","pop":8,"dom":3,"universo_dom":"domicilios_ocupados_grade_ibge_2022","na_bacia":1,"area_pct_bacia":100.0,"metodo_recorte_bacia":"ponto_representativo_grade_2022; area_pct_geometrica","status_borda_bacia":"total","metodo_area_bacia":"interseção geométrica em EPSG:5880","metodo_na_bacia":"ponto_representativo_grade_2022_within_bacia","pop_n_validos":1,"pop_n_total":1,"pop_completude":1.0,"dom_n_validos":1,"dom_n_total":1,"dom_completude":1.0},"geometry":{"type":"Polygon","coordinates":[[[-51.93780594618744,-29.38953864938918],[-51.93782063301575,-29.387672852919803],[-51.935828261465076,-29.387659092393182],[-51.93581356024754,-29.389524888862454],[-51.93780594618744,-29.38953864938918]]]}},{"type":"Feature","properties":{"id_grade":"200ME52074N80748","pop":40,"dom":16,"universo_dom":"domicilios_ocupados_grade_ibge_2022","na_bacia":1,"area_pct_bacia":100.0,"metodo_recorte_bacia":"ponto_representativo_grade_2022; area_pct_geometrica","status_borda_bacia":"total","metodo_area_bacia":"interseção geométrica em EPSG:5880","metodo_na_bacia":"ponto_representativo_grade_2022_within_bacia","pop_n_validos":1,"pop_n_total":1,"pop_completude":1.0,"dom_n_validos":1,"dom_n_total":1,"dom_completude":1.0},"geometry":{"type":"Polygon","coordinates":[[[-51.933821175207015,-29.389511115745332],[-51.933835889914356,-29.387645319275965],[-51.93184351926294,-29.387631531769728],[-51.93182878926717,-29.389497328239127],[-51.933821175207015,-29.389511115745332]]]}},{"type":"Feature","properties":{"id_grade":"200ME52076N80748","pop":74,"dom":26,"universo_dom":"domicilios_ocupados_grade_ibge_2022","na_bacia":1,"area_pct_bacia":100.0,"metodo_recorte_bacia":"ponto_representativo_grade_2022; area_pct_geometrica","status_borda_bacia":"total","metodo_area_bacia":"interseção geométrica em EPSG:5880","metodo_na_bacia":"ponto_representativo_grade_2022_within_bacia","pop_n_validos":1,"pop_n_total":1,"pop_completude":1.0,"dom_n_validos":1,"dom_n_total":1,"dom_completude":1.0},"geometry":{"type":"Polygon","coordinates":[[[-51.93182878926717,-29.389497328239127],[-51.93184351926294,-29.387631531769728],[-51.92985114771227,-29.387617731672886],[-51.92983640422665,-29.389483528142264],[-51.93182878926717,-29.389497328239127]]]}},{"type":"Feature","properties":{"id_grade":"200ME52078N80748","pop":52,"dom":22,"universo_dom":"domicilios_ocupados_grade_ibge_2022","na_bacia":1,"area_pct_bacia":100.0,"metodo_recorte_bacia":"ponto_representativo_grade_2022; area_pct_geometrica","status_borda_bacia":"total","metodo_area_bacia":"interseção geométrica em EPSG:5880","metodo_na_bacia":"ponto_representativo_grade_2022_within_bacia","pop_n_validos":1,"pop_n_total":1,"pop_completude":1.0,"dom_n_validos":1,"dom_n_total":1,"dom_completude":1.0},"geometry":{"type":"Polygon","coordinates":[[[-51.92983640422665,-29.389483528142264],[-51.92985114771227,-29.387617731672886],[-51.92785877706086,-29.387603918985633],[-51.92784401918607,-29.389469714555588],[-51.92983640422665,-29.389483528142264]]]}},{"type":"Feature","properties":{"id_grade":"200ME52070N80750","pop":4,"dom":1,"universo_dom":"domicilios_ocupados_grade_ibge_2022","na_bacia":1,"area_pct_bacia":100.0,"metodo_recorte_bacia":"ponto_representativo_grade_2022; area_pct_geometrica","status_borda_bacia":"total","metodo_area_bacia":"interseção geométrica em EPSG:5880","metodo_na_bacia":"ponto_representativo_grade_2022_within_bacia","pop_n_validos":1,"pop_n_total":1,"pop_completude":1.0,"dom_n_validos":1,"dom_n_total":1,"dom_completude":1.0},"geometry":{"type":"Polygon","coordinates":[[[-51.93782063301575,-29.387672852919803],[-51.93783531984412,-29.385807076235544],[-51.93584296178324,-29.38579331570892],[-51.935828261465076,-29.387659092393182],[-51.93782063301575,-29.387672852919803]]]}},{"type":"Feature","properties":{"id_grade":"200ME52074N80750","pop":57,"dom":23,"universo_dom":"domicilios_ocupados_grade_ibge_2022","na_bacia":1,"area_pct_bacia":100.0,"metodo_recorte_bacia":"ponto_representativo_grade_2022; area_pct_geometrica","status_borda_bacia":"total","metodo_area_bacia":"interseção geométrica em EPSG:5880","metodo_na_bacia":"ponto_representativo_grade_2022_within_bacia","pop_n_validos":1,"pop_n_total":1,"pop_completude":1.0,"dom_n_validos":1,"dom_n_total":1,"dom_completude":1.0},"geometry":{"type":"Polygon","coordinates":[[[-51.933835889914356,-29.387645319275965],[-51.93385060462168,-29.385779542591745],[-51.93185824835944,-29.385765755984757],[-51.93184351926294,-29.387631531769728],[-51.933835889914356,-29.387645319275965]]]}},{"type":"Feature","properties":{"id_grade":"200ME52076N80750","pop":25,"dom":11,"universo_dom":"domicilios_ocupados_grade_ibge_2022","na_bacia":1,"area_pct_bacia":100.0,"metodo_recorte_bacia":"ponto_representativo_grade_2022; area_pct_geometrica","status_borda_bacia":"total","metodo_area_bacia":"interseção geométrica em EPSG:5880","metodo_na_bacia":"ponto_representativo_grade_2022_within_bacia","pop_n_validos":1,"pop_n_total":1,"pop_completude":1.0,"dom_n_validos":1,"dom_n_total":1,"dom_completude":1.0},"geometry":{"type":"Polygon","coordinates":[[[-51.93184351926294,-29.387631531769728],[-51.93185824835944,-29.385765755984757],[-51.92986589119789,-29.385751955888022],[-51.92985114771227,-29.387617731672886],[-51.93184351926294,-29.387631531769728]]]}},{"type":"Feature","properties":{"id_grade":"200ME52078N80750","pop":18,"dom":9,"universo_dom":"domicilios_ocupados_grade_ibge_2022","na_bacia":1,"area_pct_bacia":100.0,"metodo_recorte_bacia":"ponto_representativo_grade_2022; area_pct_geometrica","status_borda_bacia":"total","metodo_area_bacia":"interseção geométrica em EPSG:5880","metodo_na_bacia":"ponto_representativo_grade_2022_within_bacia","pop_n_validos":1,"pop_n_total":1,"pop_completude":1.0,"dom_n_validos":1,"dom_n_total":1,"dom_completude":1.0},"geometry":{"type":"Polygon","coordinates":[[[-51.92985114771227,-29.387617731672886],[-51.92986589119789,-29.385751955888022],[-51.92787353493566,-29.38573814320068],[-51.92785877706086,-29.387603918985633],[-51.92985114771227,-29.387617731672886]]]}},{"type":"Feature","properties":{"id_grade":"200ME52070N80752","pop":7,"dom":4,"universo_dom":"domicilios_ocupados_grade_ibge_2022","na_bacia":1,"area_pct_bacia":100.0,"metodo_recorte_bacia":"ponto_representativo_grade_2022; area_pct_geometrica","status_borda_bacia":"total","metodo_area_bacia":"interseção geométrica em EPSG:5880","metodo_na_bacia":"ponto_representativo_grade_2022_within_bacia","pop_n_validos":1,"pop_n_total":1,"pop_completude":1.0,"dom_n_validos":1,"dom_n_total":1,"dom_completude":1.0},"geometry":{"type":"Polygon","coordinates":[[[-51.93783531984412,-29.385807076235544],[-51.9378500057731,-29.38394131933629],[-51.93585766300072,-29.383927559709075],[-51.93584296178324,-29.38579331570892],[-51.93783531984412,-29.385807076235544]]]}},{"type":"Feature","properties":{"id_grade":"200ME52074N80752","pop":7,"dom":2,"universo_dom":"domicilios_ocupados_grade_ibge_2022","na_bacia":1,"area_pct_bacia":100.0,"metodo_recorte_bacia":"ponto_representativo_grade_2022; area_pct_geometrica","status_borda_bacia":"total","metodo_area_bacia":"interseção geométrica em EPSG:5880","metodo_na_bacia":"ponto_representativo_grade_2022_within_bacia","pop_n_validos":1,"pop_n_total":1,"pop_completude":1.0,"dom_n_validos":1,"dom_n_total":1,"dom_completude":1.0},"geometry":{"type":"Polygon","coordinates":[[[-51.93385060462168,-29.385779542591745],[-51.93386532022828,-29.383913786591947],[-51.931872977455896,-29.38389999998498],[-51.93185824835944,-29.385765755984757],[-51.93385060462168,-29.385779542591745]]]}},{"type":"Feature","properties":{"id_grade":"200ME52076N80752","pop":4,"dom":2,"universo_dom":"domicilios_ocupados_grade_ibge_2022","na_bacia":1,"area_pct_bacia":100.0,"metodo_recorte_bacia":"ponto_representativo_grade_2022; area_pct_geometrica","status_borda_bacia":"total","metodo_area_bacia":"interseção geométrica em EPSG:5880","metodo_na_bacia":"ponto_representativo_grade_2022_within_bacia","pop_n_validos":1,"pop_n_total":1,"pop_completude":1.0,"dom_n_validos":1,"dom_n_total":1,"dom_completude":1.0},"geometry":{"type":"Polygon","coordinates":[[[-51.93185824835944,-29.385765755984757],[-51.931872977455896,-29.38389999998498],[-51.929880634683514,-29.383886200787547],[-51.92986589119789,-29.385751955888022],[-51.93185824835944,-29.385765755984757]]]}},{"type":"Feature","properties":{"id_grade":"200ME52078N80752","pop":25,"dom":9,"universo_dom":"domicilios_ocupados_grade_ibge_2022","na_bacia":1,"area_pct_bacia":100.0,"metodo_recorte_bacia":"ponto_representativo_grade_2022; area_pct_geometrica","status_borda_bacia":"total","metodo_area_bacia":"interseção geométrica em EPSG:5880","metodo_na_bacia":"ponto_representativo_grade_2022_within_bacia","pop_n_validos":1,"pop_n_total":1,"pop_completude":1.0,"dom_n_validos":1,"dom_n_total":1,"dom_completude":1.0},"geometry":{"type":"Polygon","coordinates":[[[-51.92986589119789,-29.385751955888022],[-51.929880634683514,-29.383886200787547],[-51.927888291911074,-29.383872388100237],[-51.92787353493566,-29.38573814320068],[-51.92986589119789,-29.385751955888022]]]}},{"type":"Feature","properties":{"id_grade":"200ME52078N80754","pop":8,"dom":3,"universo_dom":"domicilios_ocupados_grade_ibge_2022","na_bacia":1,"area_pct_bacia":100.0,"metodo_recorte_bacia":"ponto_representativo_grade_2022; area_pct_geometrica","status_borda_bacia":"total","metodo_area_bacia":"interseção geométrica em EPSG:5880","metodo_na_bacia":"ponto_representativo_grade_2022_within_bacia","pop_n_validos":1,"pop_n_total":1,"pop_completude":1.0,"dom_n_validos":1,"dom_n_total":1,"dom_completude":1.0},"geometry":{"type":"Polygon","coordinates":[[[-51.929880634683514,-29.383886200787547],[-51.929895377269816,-29.382020465472056],[-51.92790304888655,-29.382006652784767],[-51.927888291911074,-29.383872388100237],[-51.929880634683514,-29.383886200787547]]]}},{"type":"Feature","properties":{"id_grade":"200ME52078N80756","pop":60,"dom":24,"universo_dom":"domicilios_ocupados_grade_ibge_2022","na_bacia":1,"area_pct_bacia":100.0,"metodo_recorte_bacia":"ponto_representativo_grade_2022; area_pct_geometrica","status_borda_bacia":"total","metodo_area_bacia":"interseção geométrica em EPSG:5880","metodo_na_bacia":"ponto_representativo_grade_2022_within_bacia","pop_n_validos":1,"pop_n_total":1,"pop_completude":1.0,"dom_n_validos":1,"dom_n_total":1,"dom_completude":1.0},"geometry":{"type":"Polygon","coordinates":[[[-51.929895377269816,-29.382020465472056],[-51.92991011985612,-29.38015475084109],[-51.92791780586202,-29.380140938153716],[-51.92790304888655,-29.382006652784767],[-51.929895377269816,-29.382020465472056]]]}},{"type":"Feature","properties":{"id_grade":"200ME52070N80758","pop":4,"dom":1,"universo_dom":"domicilios_ocupados_grade_ibge_2022","na_bacia":1,"area_pct_bacia":100.0,"metodo_recorte_bacia":"ponto_representativo_grade_2022; area_pct_geometrica","status_borda_bacia":"total","metodo_area_bacia":"interseção geométrica em EPSG:5880","metodo_na_bacia":"ponto_representativo_grade_2022_within_bacia","pop_n_validos":1,"pop_n_total":1,"pop_completude":1.0,"dom_n_validos":1,"dom_n_total":1,"dom_completude":1.0},"geometry":{"type":"Polygon","coordinates":[[[-51.937879378530454,-29.38020986759125],[-51.937894063560115,-29.37834417184602],[-51.935901763055874,-29.378330412218713],[-51.93588706363704,-29.380196107963997],[-51.937879378530454,-29.38020986759125]]]}},{"type":"Feature","properties":{"id_grade":"200ME52074N80758","pop":3,"dom":1,"universo_dom":"domicilios_ocupados_grade_ibge_2022","na_bacia":1,"area_pct_bacia":100.0,"metodo_recorte_bacia":"ponto_representativo_grade_2022; area_pct_geometrica","status_borda_bacia":"total","metodo_area_bacia":"interseção geométrica em EPSG:5880","metodo_na_bacia":"ponto_representativo_grade_2022_within_bacia","pop_n_validos":1,"pop_n_total":1,"pop_completude":1.0,"dom_n_validos":1,"dom_n_total":1,"dom_completude":1.0},"geometry":{"type":"Polygon","coordinates":[[[-51.933894748743626,-29.38018233574617],[-51.93390946255163,-29.378316640000854],[-51.93191716294666,-29.37830285429328],[-51.93190243474954,-29.380168550038512],[-51.933894748743626,-29.38018233574617]]]}},{"type":"Feature","properties":{"id_grade":"200ME52076N80758","pop":7,"dom":2,"universo_dom":"domicilios_ocupados_grade_ibge_2022","na_bacia":1,"area_pct_bacia":100.0,"metodo_recorte_bacia":"ponto_representativo_grade_2022; area_pct_geometrica","status_borda_bacia":"total","metodo_area_bacia":"interseção geométrica em EPSG:5880","metodo_na_bacia":"ponto_representativo_grade_2022_within_bacia","pop_n_validos":1,"pop_n_total":1,"pop_completude":1.0,"dom_n_validos":1,"dom_n_total":1,"dom_completude":1.0},"geometry":{"type":"Polygon","coordinates":[[[-51.93190243474954,-29.380168550038512],[-51.93191716294666,-29.37830285429328],[-51.92992486244242,-29.378289055995065],[-51.92991011985612,-29.38015475084109],[-51.93190243474954,-29.380168550038512]]]}},{"type":"Feature","properties":{"id_grade":"200ME52078N80758","pop":16,"dom":6,"universo_dom":"domicilios_ocupados_grade_ibge_2022","na_bacia":1,"area_pct_bacia":100.0,"metodo_recorte_bacia":"ponto_representativo_grade_2022; area_pct_geometrica","status_borda_bacia":"total","metodo_area_bacia":"interseção geométrica em EPSG:5880","metodo_na_bacia":"ponto_representativo_grade_2022_within_bacia","pop_n_validos":1,"pop_n_total":1,"pop_completude":1.0,"dom_n_validos":1,"dom_n_total":1,"dom_completude":1.0},"geometry":{"type":"Polygon","coordinates":[[[-51.92991011985612,-29.38015475084109],[-51.92992486244242,-29.378289055995065],[-51.927932562837434,-29.378275243307762],[-51.92791780586202,-29.380140938153716],[-51.92991011985612,-29.38015475084109]]]}},{"type":"Feature","properties":{"id_grade":"200ME52070N80760","pop":32,"dom":14,"universo_dom":"domicilios_ocupados_grade_ibge_2022","na_bacia":1,"area_pct_bacia":100.0,"metodo_recorte_bacia":"ponto_representativo_grade_2022; area_pct_geometrica","status_borda_bacia":"total","metodo_area_bacia":"interseção geométrica em EPSG:5880","metodo_na_bacia":"ponto_representativo_grade_2022_within_bacia","pop_n_validos":1,"pop_n_total":1,"pop_completude":1.0,"dom_n_validos":1,"dom_n_total":1,"dom_completude":1.0},"geometry":{"type":"Polygon","coordinates":[[[-51.937894063560115,-29.37834417184602],[-51.93790874948917,-29.376478495885777],[-51.93591646337404,-29.376464737157864],[-51.935901763055874,-29.378330412218713],[-51.937894063560115,-29.37834417184602]]]}},{"type":"Feature","properties":{"id_grade":"200ME52072N80760","pop":3,"dom":2,"universo_dom":"domicilios_ocupados_grade_ibge_2022","na_bacia":1,"area_pct_bacia":100.0,"metodo_recorte_bacia":"ponto_representativo_grade_2022; area_pct_geometrica","status_borda_bacia":"total","metodo_area_bacia":"interseção geométrica em EPSG:5880","metodo_na_bacia":"ponto_representativo_grade_2022_within_bacia","pop_n_validos":1,"pop_n_total":1,"pop_completude":1.0,"dom_n_validos":1,"dom_n_total":1,"dom_completude":1.0},"geometry":{"type":"Polygon","coordinates":[[[-51.935901763055874,-29.378330412218713],[-51.93591646337404,-29.376464737157864],[-51.9339241763596,-29.376450964939988],[-51.93390946255163,-29.378316640000854],[-51.935901763055874,-29.378330412218713]]]}},{"type":"Feature","properties":{"id_grade":"200ME52074N80760","pop":4,"dom":1,"universo_dom":"domicilios_ocupados_grade_ibge_2022","na_bacia":1,"area_pct_bacia":100.0,"metodo_recorte_bacia":"ponto_representativo_grade_2022; area_pct_geometrica","status_borda_bacia":"total","metodo_area_bacia":"interseção geométrica em EPSG:5880","metodo_na_bacia":"ponto_representativo_grade_2022_within_bacia","pop_n_validos":1,"pop_n_total":1,"pop_completude":1.0,"dom_n_validos":1,"dom_n_total":1,"dom_completude":1.0},"geometry":{"type":"Polygon","coordinates":[[[-51.93390946255163,-29.378316640000854],[-51.9339241763596,-29.376450964939988],[-51.93193189114385,-29.376437180131624],[-51.93191716294666,-29.37830285429328],[-51.93390946255163,-29.378316640000854]]]}},{"type":"Feature","properties":{"id_grade":"200ME52076N80760","pop":4,"dom":2,"universo_dom":"domicilios_ocupados_grade_ibge_2022","na_bacia":1,"area_pct_bacia":100.0,"metodo_recorte_bacia":"ponto_representativo_grade_2022; area_pct_geometrica","status_borda_bacia":"total","metodo_area_bacia":"interseção geométrica em EPSG:5880","metodo_na_bacia":"ponto_representativo_grade_2022_within_bacia","pop_n_validos":1,"pop_n_total":1,"pop_completude":1.0,"dom_n_validos":1,"dom_n_total":1,"dom_completude":1.0},"geometry":{"type":"Polygon","coordinates":[[[-51.93191716294666,-29.37830285429328],[-51.93193189114385,-29.376437180131624],[-51.92993960502872,-29.376423380934185],[-51.92992486244242,-29.378289055995065],[-51.93191716294666,-29.37830285429328]]]}},{"type":"Feature","properties":{"id_grade":"200ME52078N80760","pop":39,"dom":14,"universo_dom":"domicilios_ocupados_grade_ibge_2022","na_bacia":1,"area_pct_bacia":100.0,"metodo_recorte_bacia":"ponto_representativo_grade_2022; area_pct_geometrica","status_borda_bacia":"total","metodo_area_bacia":"interseção geométrica em EPSG:5880","metodo_na_bacia":"ponto_representativo_grade_2022_within_bacia","pop_n_validos":1,"pop_n_total":1,"pop_completude":1.0,"dom_n_validos":1,"dom_n_total":1,"dom_completude":1.0},"geometry":{"type":"Polygon","coordinates":[[[-51.92992486244242,-29.378289055995065],[-51.92993960502872,-29.376423380934185],[-51.927947319812915,-29.376409569146244],[-51.927932562837434,-29.378275243307762],[-51.92992486244242,-29.378289055995065]]]}},{"type":"Feature","properties":{"id_grade":"200ME52070N80762","pop":42,"dom":15,"universo_dom":"domicilios_ocupados_grade_ibge_2022","na_bacia":1,"area_pct_bacia":100.0,"metodo_recorte_bacia":"ponto_representativo_grade_2022; area_pct_geometrica","status_borda_bacia":"total","metodo_area_bacia":"interseção geométrica em EPSG:5880","metodo_na_bacia":"ponto_representativo_grade_2022_within_bacia","pop_n_validos":1,"pop_n_total":1,"pop_completude":1.0,"dom_n_validos":1,"dom_n_total":1,"dom_completude":1.0},"geometry":{"type":"Polygon","coordinates":[[[-51.93790874948917,-29.376478495885777],[-51.93792343451884,-29.37461284061009],[-51.93593116279288,-29.374599081882046],[-51.93591646337404,-29.376464737157864],[-51.93790874948917,-29.376478495885777]]]}},{"type":"Feature","properties":{"id_grade":"200ME52072N80762","pop":61,"dom":22,"universo_dom":"domicilios_ocupados_grade_ibge_2022","na_bacia":1,"area_pct_bacia":100.0,"metodo_recorte_bacia":"ponto_representativo_grade_2022; area_pct_geometrica","status_borda_bacia":"total","metodo_area_bacia":"interseção geométrica em EPSG:5880","metodo_na_bacia":"ponto_representativo_grade_2022_within_bacia","pop_n_validos":1,"pop_n_total":1,"pop_completude":1.0,"dom_n_validos":1,"dom_n_total":1,"dom_completude":1.0},"geometry":{"type":"Polygon","coordinates":[[[-51.93591646337404,-29.376464737157864],[-51.93593116279288,-29.374599081882046],[-51.93393889016761,-29.374585310563592],[-51.9339241763596,-29.376450964939988],[-51.93591646337404,-29.376464737157864]]]}},{"type":"Feature","properties":{"id_grade":"200ME52074N80762","pop":43,"dom":15,"universo_dom":"domicilios_ocupados_grade_ibge_2022","na_bacia":1,"area_pct_bacia":100.0,"metodo_recorte_bacia":"ponto_representativo_grade_2022; area_pct_geometrica","status_borda_bacia":"total","metodo_area_bacia":"interseção geométrica em EPSG:5880","metodo_na_bacia":"ponto_representativo_grade_2022_within_bacia","pop_n_validos":1,"pop_n_total":1,"pop_completude":1.0,"dom_n_validos":1,"dom_n_total":1,"dom_completude":1.0},"geometry":{"type":"Polygon","coordinates":[[[-51.9339241763596,-29.376450964939988],[-51.93393889016761,-29.374585310563592],[-51.93194661844166,-29.37457152485591],[-51.93193189114385,-29.376437180131624],[-51.9339241763596,-29.376450964939988]]]}},{"type":"Feature","properties":{"id_grade":"200ME52076N80762","pop":28,"dom":12,"universo_dom":"domicilios_ocupados_grade_ibge_2022","na_bacia":1,"area_pct_bacia":100.0,"metodo_recorte_bacia":"ponto_representativo_grade_2022; area_pct_geometrica","status_borda_bacia":"total","metodo_area_bacia":"interseção geométrica em EPSG:5880","metodo_na_bacia":"ponto_representativo_grade_2022_within_bacia","pop_n_validos":1,"pop_n_total":1,"pop_completude":1.0,"dom_n_validos":1,"dom_n_total":1,"dom_completude":1.0},"geometry":{"type":"Polygon","coordinates":[[[-51.93193189114385,-29.376437180131624],[-51.93194661844166,-29.37457152485591],[-51.929954346715704,-29.37455772655778],[-51.92993960502872,-29.376423380934185],[-51.93193189114385,-29.376437180131624]]]}},{"type":"Feature","properties":{"id_grade":"200ME52078N80762","pop":50,"dom":19,"universo_dom":"domicilios_ocupados_grade_ibge_2022","na_bacia":1,"area_pct_bacia":100.0,"metodo_recorte_bacia":"ponto_representativo_grade_2022; area_pct_geometrica","status_borda_bacia":"total","metodo_area_bacia":"interseção geométrica em EPSG:5880","metodo_na_bacia":"ponto_representativo_grade_2022_within_bacia","pop_n_validos":1,"pop_n_total":1,"pop_completude":1.0,"dom_n_validos":1,"dom_n_total":1,"dom_completude":1.0},"geometry":{"type":"Polygon","coordinates":[[[-51.92993960502872,-29.376423380934185],[-51.929954346715704,-29.37455772655778],[-51.92796207588907,-29.374543914769735],[-51.927947319812915,-29.376409569146244],[-51.92993960502872,-29.376423380934185]]]}},{"type":"Feature","properties":{"id_grade":"200ME52070N80764","pop":15,"dom":6,"universo_dom":"domicilios_ocupados_grade_ibge_2022","na_bacia":1,"area_pct_bacia":100.0,"metodo_recorte_bacia":"ponto_representativo_grade_2022; area_pct_geometrica","status_borda_bacia":"total","metodo_area_bacia":"interseção geométrica em EPSG:5880","metodo_na_bacia":"ponto_representativo_grade_2022_within_bacia","pop_n_validos":1,"pop_n_total":1,"pop_completude":1.0,"dom_n_validos":1,"dom_n_total":1,"dom_completude":1.0},"geometry":{"type":"Polygon","coordinates":[[[-51.93792343451884,-29.37461284061009],[-51.93793811954857,-29.372747205119353],[-51.935945862211724,-29.37273344729074],[-51.93593116279288,-29.374599081882046],[-51.93792343451884,-29.37461284061009]]]}},{"type":"Feature","properties":{"id_grade":"200ME52072N80764","pop":15,"dom":8,"universo_dom":"domicilios_ocupados_grade_ibge_2022","na_bacia":1,"area_pct_bacia":100.0,"metodo_recorte_bacia":"ponto_representativo_grade_2022; area_pct_geometrica","status_borda_bacia":"total","metodo_area_bacia":"interseção geométrica em EPSG:5880","metodo_na_bacia":"ponto_representativo_grade_2022_within_bacia","pop_n_validos":1,"pop_n_total":1,"pop_completude":1.0,"dom_n_validos":1,"dom_n_total":1,"dom_completude":1.0},"geometry":{"type":"Polygon","coordinates":[[[-51.93593116279288,-29.374599081882046],[-51.935945862211724,-29.37273344729074],[-51.933953603975624,-29.372719675972185],[-51.93393889016761,-29.374585310563592],[-51.93593116279288,-29.374599081882046]]]}},{"type":"Feature","properties":{"id_grade":"200ME52074N80764","pop":8,"dom":4,"universo_dom":"domicilios_ocupados_grade_ibge_2022","na_bacia":1,"area_pct_bacia":100.0,"metodo_recorte_bacia":"ponto_representativo_grade_2022; area_pct_geometrica","status_borda_bacia":"total","metodo_area_bacia":"interseção geométrica em EPSG:5880","metodo_na_bacia":"ponto_representativo_grade_2022_within_bacia","pop_n_validos":1,"pop_n_total":1,"pop_completude":1.0,"dom_n_validos":1,"dom_n_total":1,"dom_completude":1.0},"geometry":{"type":"Polygon","coordinates":[[[-51.93393889016761,-29.374585310563592],[-51.933953603975624,-29.372719675972185],[-51.931961346638786,-29.372705891163815],[-51.93194661844166,-29.37457152485591],[-51.93393889016761,-29.374585310563592]]]}},{"type":"Feature","properties":{"id_grade":"200ME52076N80764","pop":12,"dom":4,"universo_dom":"domicilios_ocupados_grade_ibge_2022","na_bacia":1,"area_pct_bacia":100.0,"metodo_recorte_bacia":"ponto_representativo_grade_2022; area_pct_geometrica","status_borda_bacia":"total","metodo_area_bacia":"interseção geométrica em EPSG:5880","metodo_na_bacia":"ponto_representativo_grade_2022_within_bacia","pop_n_validos":1,"pop_n_total":1,"pop_completude":1.0,"dom_n_validos":1,"dom_n_total":1,"dom_completude":1.0},"geometry":{"type":"Polygon","coordinates":[[[-51.93194661844166,-29.37457152485591],[-51.931961346638786,-29.372705891163815],[-51.929969089302006,-29.372692092865734],[-51.929954346715704,-29.37455772655778],[-51.93194661844166,-29.37457152485591]]]}},{"type":"Feature","properties":{"id_grade":"200ME52078N80764","pop":65,"dom":24,"universo_dom":"domicilios_ocupados_grade_ibge_2022","na_bacia":1,"area_pct_bacia":100.0,"metodo_recorte_bacia":"ponto_representativo_grade_2022; area_pct_geometrica","status_borda_bacia":"total","metodo_area_bacia":"interseção geométrica em EPSG:5880","metodo_na_bacia":"ponto_representativo_grade_2022_within_bacia","pop_n_validos":1,"pop_n_total":1,"pop_completude":1.0,"dom_n_validos":1,"dom_n_total":1,"dom_completude":1.0},"geometry":{"type":"Polygon","coordinates":[[[-51.929954346715704,-29.37455772655778],[-51.929969089302006,-29.372692092865734],[-51.92797683196517,-29.372678281077796],[-51.92796207588907,-29.374543914769735],[-51.929954346715704,-29.37455772655778]]]}},{"type":"Feature","properties":{"id_grade":"200ME52070N80766","pop":15,"dom":6,"universo_dom":"domicilios_ocupados_grade_ibge_2022","na_bacia":1,"area_pct_bacia":100.0,"metodo_recorte_bacia":"ponto_representativo_grade_2022; area_pct_geometrica","status_borda_bacia":"total","metodo_area_bacia":"interseção geométrica em EPSG:5880","metodo_na_bacia":"ponto_representativo_grade_2022_within_bacia","pop_n_validos":1,"pop_n_total":1,"pop_completude":1.0,"dom_n_validos":1,"dom_n_total":1,"dom_completude":1.0},"geometry":{"type":"Polygon","coordinates":[[[-51.93793811954857,-29.372747205119353],[-51.93795280457823,-29.370881590313108],[-51.935960560731246,-29.370867832484404],[-51.935945862211724,-29.37273344729074],[-51.93793811954857,-29.372747205119353]]]}},{"type":"Feature","properties":{"id_grade":"200ME52074N80766","pop":5,"dom":4,"universo_dom":"domicilios_ocupados_grade_ibge_2022","na_bacia":1,"area_pct_bacia":100.0,"metodo_recorte_bacia":"ponto_representativo_grade_2022; area_pct_geometrica","status_borda_bacia":"total","metodo_area_bacia":"interseção geométrica em EPSG:5880","metodo_na_bacia":"ponto_representativo_grade_2022_within_bacia","pop_n_validos":1,"pop_n_total":1,"pop_completude":1.0,"dom_n_validos":1,"dom_n_total":1,"dom_completude":1.0},"geometry":{"type":"Polygon","coordinates":[[[-51.933953603975624,-29.372719675972185],[-51.93396831688426,-29.370854061165957],[-51.931976073936596,-29.37084027635764],[-51.931961346638786,-29.372705891163815],[-51.933953603975624,-29.372719675972185]]]}},{"type":"Feature","properties":{"id_grade":"200ME52076N80766","pop":2,"dom":1,"universo_dom":"domicilios_ocupados_grade_ibge_2022","na_bacia":1,"area_pct_bacia":100.0,"metodo_recorte_bacia":"ponto_representativo_grade_2022; area_pct_geometrica","status_borda_bacia":"total","metodo_area_bacia":"interseção geométrica em EPSG:5880","metodo_na_bacia":"ponto_representativo_grade_2022_within_bacia","pop_n_validos":1,"pop_n_total":1,"pop_completude":1.0,"dom_n_validos":1,"dom_n_total":1,"dom_completude":1.0},"geometry":{"type":"Polygon","coordinates":[[[-51.931961346638786,-29.372705891163815],[-51.931976073936596,-29.37084027635764],[-51.92998383098899,-29.370826478958783],[-51.929969089302006,-29.372692092865734],[-51.931961346638786,-29.372705891163815]]]}},{"type":"Feature","properties":{"id_grade":"200ME52074N80768","pop":7,"dom":3,"universo_dom":"domicilios_ocupados_grade_ibge_2022","na_bacia":1,"area_pct_bacia":100.0,"metodo_recorte_bacia":"ponto_representativo_grade_2022; area_pct_geometrica","status_borda_bacia":"total","metodo_area_bacia":"interseção geométrica em EPSG:5880","metodo_na_bacia":"ponto_representativo_grade_2022_within_bacia","pop_n_validos":1,"pop_n_total":1,"pop_completude":1.0,"dom_n_validos":1,"dom_n_total":1,"dom_completude":1.0},"geometry":{"type":"Polygon","coordinates":[[[-51.93396831688426,-29.370854061165957],[-51.933983030692275,-29.368988467044048],[-51.93199080123446,-29.36897468223578],[-51.931976073936596,-29.37084027635764],[-51.93396831688426,-29.370854061165957]]]}},{"type":"Feature","properties":{"id_grade":"200ME52080N80740","pop":9,"dom":5,"universo_dom":"domicilios_ocupados_grade_ibge_2022","na_bacia":1,"area_pct_bacia":100.0,"metodo_recorte_bacia":"ponto_representativo_grade_2022; area_pct_geometrica","status_borda_bacia":"total","metodo_area_bacia":"interseção geométrica em EPSG:5880","metodo_na_bacia":"ponto_representativo_grade_2022_within_bacia","pop_n_validos":1,"pop_n_total":1,"pop_completude":1.0,"dom_n_validos":1,"dom_n_total":1,"dom_completude":1.0},"geometry":{"type":"Polygon","coordinates":[[[-51.927784986787685,-29.39693309918318],[-51.92779974466242,-29.395067222674093],[-51.92580731735376,-29.39505339559768],[-51.925792545089855,-29.396919271207427],[-51.927784986787685,-29.39693309918318]]]}},{"type":"Feature","properties":{"id_grade":"200ME52084N80740","pop":3,"dom":2,"universo_dom":"domicilios_ocupados_grade_ibge_2022","na_bacia":1,"area_pct_bacia":100.0,"metodo_recorte_bacia":"ponto_representativo_grade_2022; area_pct_geometrica","status_borda_bacia":"total","metodo_area_bacia":"interseção geométrica em EPSG:5880","metodo_na_bacia":"ponto_representativo_grade_2022_within_bacia","pop_n_validos":1,"pop_n_total":1,"pop_completude":1.0,"dom_n_validos":1,"dom_n_total":1,"dom_completude":1.0},"geometry":{"type":"Polygon","coordinates":[[[-51.92380010339201,-29.396905430641134],[-51.92381489094441,-29.395039554132055],[-51.92182246363575,-29.39502570007597],[-51.921807662593494,-29.39689157568565],[-51.92380010339201,-29.396905430641134]]]}},{"type":"Feature","properties":{"id_grade":"200ME52086N80740","pop":34,"dom":10,"universo_dom":"domicilios_ocupados_grade_ibge_2022","na_bacia":1,"area_pct_bacia":100.0,"metodo_recorte_bacia":"ponto_representativo_grade_2022; area_pct_geometrica","status_borda_bacia":"total","metodo_area_bacia":"interseção geométrica em EPSG:5880","metodo_na_bacia":"ponto_representativo_grade_2022_within_bacia","pop_n_validos":1,"pop_n_total":1,"pop_completude":1.0,"dom_n_validos":1,"dom_n_total":1,"dom_completude":1.0},"geometry":{"type":"Polygon","coordinates":[[[-51.921807662593494,-29.39689157568565],[-51.92182246363575,-29.39502570007597],[-51.91983003722641,-29.395011832530017],[-51.919815221795034,-29.396877708139655],[-51.921807662593494,-29.39689157568565]]]}},{"type":"Feature","properties":{"id_grade":"200ME52088N80740","pop":14,"dom":5,"universo_dom":"domicilios_ocupados_grade_ibge_2022","na_bacia":1,"area_pct_bacia":100.0,"metodo_recorte_bacia":"ponto_representativo_grade_2022; area_pct_geometrica","status_borda_bacia":"total","metodo_area_bacia":"interseção geométrica em EPSG:5880","metodo_na_bacia":"ponto_representativo_grade_2022_within_bacia","pop_n_validos":1,"pop_n_total":1,"pop_completude":1.0,"dom_n_validos":1,"dom_n_total":1,"dom_completude":1.0},"geometry":{"type":"Polygon","coordinates":[[[-51.919815221795034,-29.396877708139655],[-51.91983003722641,-29.395011832530017],[-51.91783761081706,-29.394997951494215],[-51.91782278099652,-29.396863827103935],[-51.919815221795034,-29.396877708139655]]]}},{"type":"Feature","properties":{"id_grade":"200ME52080N80742","pop":18,"dom":9,"universo_dom":"domicilios_ocupados_grade_ibge_2022","na_bacia":1,"area_pct_bacia":100.0,"metodo_recorte_bacia":"ponto_representativo_grade_2022; area_pct_geometrica","status_borda_bacia":"total","metodo_area_bacia":"interseção geométrica em EPSG:5880","metodo_na_bacia":"ponto_representativo_grade_2022_within_bacia","pop_n_validos":1,"pop_n_total":1,"pop_completude":1.0,"dom_n_validos":1,"dom_n_total":1,"dom_completude":1.0},"geometry":{"type":"Polygon","coordinates":[[[-51.92779974466242,-29.395067222674093],[-51.927814503436544,-29.393201366849574],[-51.92582209051705,-29.393187538873725],[-51.92580731735376,-29.39505339559768],[-51.92779974466242,-29.395067222674093]]]}},{"type":"Feature","properties":{"id_grade":"200ME52082N80742","pop":46,"dom":20,"universo_dom":"domicilios_ocupados_grade_ibge_2022","na_bacia":1,"area_pct_bacia":100.0,"metodo_recorte_bacia":"ponto_representativo_grade_2022; area_pct_geometrica","status_borda_bacia":"total","metodo_area_bacia":"interseção geométrica em EPSG:5880","metodo_na_bacia":"ponto_representativo_grade_2022_within_bacia","pop_n_validos":1,"pop_n_total":1,"pop_completude":1.0,"dom_n_validos":1,"dom_n_total":1,"dom_completude":1.0},"geometry":{"type":"Polygon","coordinates":[[[-51.92580731735376,-29.39505339559768],[-51.92582209051705,-29.393187538873725],[-51.923829677597496,-29.393173698307496],[-51.92381489094441,-29.395039554132055],[-51.92580731735376,-29.39505339559768]]]}},{"type":"Feature","properties":{"id_grade":"200ME52084N80742","pop":17,"dom":7,"universo_dom":"domicilios_ocupados_grade_ibge_2022","na_bacia":1,"area_pct_bacia":100.0,"metodo_recorte_bacia":"ponto_representativo_grade_2022; area_pct_geometrica","status_borda_bacia":"total","metodo_area_bacia":"interseção geométrica em EPSG:5880","metodo_na_bacia":"ponto_representativo_grade_2022_within_bacia","pop_n_validos":1,"pop_n_total":1,"pop_completude":1.0,"dom_n_validos":1,"dom_n_total":1,"dom_completude":1.0},"geometry":{"type":"Polygon","coordinates":[[[-51.92381489094441,-29.395039554132055],[-51.923829677597496,-29.393173698307496],[-51.921837264678004,-29.393159844251404],[-51.92182246363575,-29.39502570007597],[-51.92381489094441,-29.395039554132055]]]}},{"type":"Feature","properties":{"id_grade":"200ME52086N80742","pop":43,"dom":12,"universo_dom":"domicilios_ocupados_grade_ibge_2022","na_bacia":1,"area_pct_bacia":100.0,"metodo_recorte_bacia":"ponto_representativo_grade_2022; area_pct_geometrica","status_borda_bacia":"total","metodo_area_bacia":"interseção geométrica em EPSG:5880","metodo_na_bacia":"ponto_representativo_grade_2022_within_bacia","pop_n_validos":1,"pop_n_total":1,"pop_completude":1.0,"dom_n_validos":1,"dom_n_total":1,"dom_completude":1.0},"geometry":{"type":"Polygon","coordinates":[[[-51.92182246363575,-29.39502570007597],[-51.921837264678004,-29.393159844251404],[-51.919844852657775,-29.393145976705384],[-51.91983003722641,-29.395011832530017],[-51.92182246363575,-29.39502570007597]]]}},{"type":"Feature","properties":{"id_grade":"200ME52080N80744","pop":78,"dom":28,"universo_dom":"domicilios_ocupados_grade_ibge_2022","na_bacia":1,"area_pct_bacia":100.0,"metodo_recorte_bacia":"ponto_representativo_grade_2022; area_pct_geometrica","status_borda_bacia":"total","metodo_area_bacia":"interseção geométrica em EPSG:5880","metodo_na_bacia":"ponto_representativo_grade_2022_within_bacia","pop_n_validos":1,"pop_n_total":1,"pop_completude":1.0,"dom_n_validos":1,"dom_n_total":1,"dom_completude":1.0},"geometry":{"type":"Polygon","coordinates":[[[-51.927814503436544,-29.393201366849574],[-51.92782926131134,-29.391335529910684],[-51.92583686278096,-29.391321702834272],[-51.92582209051705,-29.393187538873725],[-51.927814503436544,-29.393201366849574]]]}},{"type":"Feature","properties":{"id_grade":"200ME52082N80744","pop":79,"dom":30,"universo_dom":"domicilios_ocupados_grade_ibge_2022","na_bacia":1,"area_pct_bacia":100.0,"metodo_recorte_bacia":"ponto_representativo_grade_2022; area_pct_geometrica","status_borda_bacia":"total","metodo_area_bacia":"interseção geométrica em EPSG:5880","metodo_na_bacia":"ponto_representativo_grade_2022_within_bacia","pop_n_validos":1,"pop_n_total":1,"pop_completude":1.0,"dom_n_validos":1,"dom_n_total":1,"dom_completude":1.0},"geometry":{"type":"Polygon","coordinates":[[[-51.92582209051705,-29.393187538873725],[-51.92583686278096,-29.391321702834272],[-51.92384446425058,-29.391307862267986],[-51.923829677597496,-29.393173698307496],[-51.92582209051705,-29.393187538873725]]]}},{"type":"Feature","properties":{"id_grade":"200ME52084N80744","pop":37,"dom":14,"universo_dom":"domicilios_ocupados_grade_ibge_2022","na_bacia":1,"area_pct_bacia":100.0,"metodo_recorte_bacia":"ponto_representativo_grade_2022; area_pct_geometrica","status_borda_bacia":"total","metodo_area_bacia":"interseção geométrica em EPSG:5880","metodo_na_bacia":"ponto_representativo_grade_2022_within_bacia","pop_n_validos":1,"pop_n_total":1,"pop_completude":1.0,"dom_n_validos":1,"dom_n_total":1,"dom_completude":1.0},"geometry":{"type":"Polygon","coordinates":[[[-51.923829677597496,-29.393173698307496],[-51.92384446425058,-29.391307862267986],[-51.9218520657202,-29.391294009111157],[-51.921837264678004,-29.393159844251404],[-51.923829677597496,-29.393173698307496]]]}},{"type":"Feature","properties":{"id_grade":"200ME52086N80744","pop":25,"dom":9,"universo_dom":"domicilios_ocupados_grade_ibge_2022","na_bacia":1,"area_pct_bacia":100.0,"metodo_recorte_bacia":"ponto_representativo_grade_2022; area_pct_geometrica","status_borda_bacia":"total","metodo_area_bacia":"interseção geométrica em EPSG:5880","metodo_na_bacia":"ponto_representativo_grade_2022_within_bacia","pop_n_validos":1,"pop_n_total":1,"pop_completude":1.0,"dom_n_validos":1,"dom_n_total":1,"dom_completude":1.0},"geometry":{"type":"Polygon","coordinates":[[[-51.921837264678004,-29.393159844251404],[-51.9218520657202,-29.391294009111157],[-51.91985966718983,-29.391280141565204],[-51.919844852657775,-29.393145976705384],[-51.921837264678004,-29.393159844251404]]]}},{"type":"Feature","properties":{"id_grade":"200ME52088N80744","pop":42,"dom":13,"universo_dom":"domicilios_ocupados_grade_ibge_2022","na_bacia":1,"area_pct_bacia":100.0,"metodo_recorte_bacia":"ponto_representativo_grade_2022; area_pct_geometrica","status_borda_bacia":"total","metodo_area_bacia":"interseção geométrica em EPSG:5880","metodo_na_bacia":"ponto_representativo_grade_2022_within_bacia","pop_n_validos":1,"pop_n_total":1,"pop_completude":1.0,"dom_n_validos":1,"dom_n_total":1,"dom_completude":1.0},"geometry":{"type":"Polygon","coordinates":[[[-51.919844852657775,-29.393145976705384],[-51.91985966718983,-29.391280141565204],[-51.917867269558826,-29.391266261428836],[-51.91785243973828,-29.393132096568934],[-51.919844852657775,-29.393145976705384]]]}},{"type":"Feature","properties":{"id_grade":"200ME52080N80746","pop":116,"dom":43,"universo_dom":"domicilios_ocupados_grade_ibge_2022","na_bacia":1,"area_pct_bacia":100.0,"metodo_recorte_bacia":"ponto_representativo_grade_2022; area_pct_geometrica","status_borda_bacia":"total","metodo_area_bacia":"interseção geométrica em EPSG:5880","metodo_na_bacia":"ponto_representativo_grade_2022_within_bacia","pop_n_validos":1,"pop_n_total":1,"pop_completude":1.0,"dom_n_validos":1,"dom_n_total":1,"dom_completude":1.0},"geometry":{"type":"Polygon","coordinates":[[[-51.92782926131134,-29.391335529910684],[-51.92784401918607,-29.389469714555588],[-51.925851635044864,-29.389455887479183],[-51.92583686278096,-29.391321702834272],[-51.92782926131134,-29.391335529910684]]]}},{"type":"Feature","properties":{"id_grade":"200ME52082N80746","pop":97,"dom":35,"universo_dom":"domicilios_ocupados_grade_ibge_2022","na_bacia":1,"area_pct_bacia":100.0,"metodo_recorte_bacia":"ponto_representativo_grade_2022; area_pct_geometrica","status_borda_bacia":"total","metodo_area_bacia":"interseção geométrica em EPSG:5880","metodo_na_bacia":"ponto_representativo_grade_2022_within_bacia","pop_n_validos":1,"pop_n_total":1,"pop_completude":1.0,"dom_n_validos":1,"dom_n_total":1,"dom_completude":1.0},"geometry":{"type":"Polygon","coordinates":[[[-51.92583686278096,-29.391321702834272],[-51.925851635044864,-29.389455887479183],[-51.92385925000434,-29.389442046912958],[-51.92384446425058,-29.391307862267986],[-51.92583686278096,-29.391321702834272]]]}},{"type":"Feature","properties":{"id_grade":"200ME52084N80746","pop":115,"dom":46,"universo_dom":"domicilios_ocupados_grade_ibge_2022","na_bacia":1,"area_pct_bacia":100.0,"metodo_recorte_bacia":"ponto_representativo_grade_2022; area_pct_geometrica","status_borda_bacia":"total","metodo_area_bacia":"interseção geométrica em EPSG:5880","metodo_na_bacia":"ponto_representativo_grade_2022_within_bacia","pop_n_validos":1,"pop_n_total":1,"pop_completude":1.0,"dom_n_validos":1,"dom_n_total":1,"dom_completude":1.0},"geometry":{"type":"Polygon","coordinates":[[[-51.92384446425058,-29.391307862267986],[-51.92385925000434,-29.389442046912958],[-51.92186686586314,-29.38942819375611],[-51.9218520657202,-29.391294009111157],[-51.92384446425058,-29.391307862267986]]]}},{"type":"Feature","properties":{"id_grade":"200ME52086N80746","pop":115,"dom":49,"universo_dom":"domicilios_ocupados_grade_ibge_2022","na_bacia":1,"area_pct_bacia":100.0,"metodo_recorte_bacia":"ponto_representativo_grade_2022; area_pct_geometrica","status_borda_bacia":"total","metodo_area_bacia":"interseção geométrica em EPSG:5880","metodo_na_bacia":"ponto_representativo_grade_2022_within_bacia","pop_n_validos":1,"pop_n_total":1,"pop_completude":1.0,"dom_n_validos":1,"dom_n_total":1,"dom_completude":1.0},"geometry":{"type":"Polygon","coordinates":[[[-51.9218520657202,-29.391294009111157],[-51.92186686586314,-29.38942819375611],[-51.91987448172194,-29.389414327109524],[-51.91985966718983,-29.391280141565204],[-51.9218520657202,-29.391294009111157]]]}},{"type":"Feature","properties":{"id_grade":"200ME52088N80746","pop":74,"dom":30,"universo_dom":"domicilios_ocupados_grade_ibge_2022","na_bacia":1,"area_pct_bacia":100.0,"metodo_recorte_bacia":"ponto_representativo_grade_2022; area_pct_geometrica","status_borda_bacia":"total","metodo_area_bacia":"interseção geométrica em EPSG:5880","metodo_na_bacia":"ponto_representativo_grade_2022_within_bacia","pop_n_validos":1,"pop_n_total":1,"pop_completude":1.0,"dom_n_validos":1,"dom_n_total":1,"dom_completude":1.0},"geometry":{"type":"Polygon","coordinates":[[[-51.91985966718983,-29.391280141565204],[-51.91987448172194,-29.389414327109524],[-51.91788209847999,-29.389400446973017],[-51.917867269558826,-29.391266261428836],[-51.91985966718983,-29.391280141565204]]]}},{"type":"Feature","properties":{"id_grade":"200ME52080N80748","pop":74,"dom":25,"universo_dom":"domicilios_ocupados_grade_ibge_2022","na_bacia":1,"area_pct_bacia":100.0,"metodo_recorte_bacia":"ponto_representativo_grade_2022; area_pct_geometrica","status_borda_bacia":"total","metodo_area_bacia":"interseção geométrica em EPSG:5880","metodo_na_bacia":"ponto_representativo_grade_2022_within_bacia","pop_n_validos":1,"pop_n_total":1,"pop_completude":1.0,"dom_n_validos":1,"dom_n_total":1,"dom_completude":1.0},"geometry":{"type":"Polygon","coordinates":[[[-51.92784401918607,-29.389469714555588],[-51.92785877706086,-29.387603918985633],[-51.92586640640952,-29.38759009190916],[-51.925851635044864,-29.389455887479183],[-51.92784401918607,-29.389469714555588]]]}},{"type":"Feature","properties":{"id_grade":"200ME52082N80748","pop":101,"dom":42,"universo_dom":"domicilios_ocupados_grade_ibge_2022","na_bacia":1,"area_pct_bacia":100.0,"metodo_recorte_bacia":"ponto_representativo_grade_2022; area_pct_geometrica","status_borda_bacia":"total","metodo_area_bacia":"interseção geométrica em EPSG:5880","metodo_na_bacia":"ponto_representativo_grade_2022_within_bacia","pop_n_validos":1,"pop_n_total":1,"pop_completude":1.0,"dom_n_validos":1,"dom_n_total":1,"dom_completude":1.0},"geometry":{"type":"Polygon","coordinates":[[[-51.925851635044864,-29.389455887479183],[-51.92586640640952,-29.38759009190916],[-51.923874036657416,-29.387576252242265],[-51.92385925000434,-29.389442046912958],[-51.925851635044864,-29.389455887479183]]]}},{"type":"Feature","properties":{"id_grade":"200ME52084N80748","pop":42,"dom":17,"universo_dom":"domicilios_ocupados_grade_ibge_2022","na_bacia":1,"area_pct_bacia":100.0,"metodo_recorte_bacia":"ponto_representativo_grade_2022; area_pct_geometrica","status_borda_bacia":"total","metodo_area_bacia":"interseção geométrica em EPSG:5880","metodo_na_bacia":"ponto_representativo_grade_2022_within_bacia","pop_n_validos":1,"pop_n_total":1,"pop_completude":1.0,"dom_n_validos":1,"dom_n_total":1,"dom_completude":1.0},"geometry":{"type":"Polygon","coordinates":[[[-51.92385925000434,-29.389442046912958],[-51.923874036657416,-29.387576252242265],[-51.92188166600601,-29.387562399085418],[-51.92186686586314,-29.38942819375611],[-51.92385925000434,-29.389442046912958]]]}},{"type":"Feature","properties":{"id_grade":"200ME52086N80748","pop":54,"dom":23,"universo_dom":"domicilios_ocupados_grade_ibge_2022","na_bacia":1,"area_pct_bacia":100.0,"metodo_recorte_bacia":"ponto_representativo_grade_2022; area_pct_geometrica","status_borda_bacia":"total","metodo_area_bacia":"interseção geométrica em EPSG:5880","metodo_na_bacia":"ponto_representativo_grade_2022_within_bacia","pop_n_validos":1,"pop_n_total":1,"pop_completude":1.0,"dom_n_validos":1,"dom_n_total":1,"dom_completude":1.0},"geometry":{"type":"Polygon","coordinates":[[[-51.92186686586314,-29.38942819375611],[-51.92188166600601,-29.387562399085418],[-51.91988929625399,-29.387548532438757],[-51.91987448172194,-29.389414327109524],[-51.92186686586314,-29.38942819375611]]]}},{"type":"Feature","properties":{"id_grade":"200ME52088N80748","pop":48,"dom":23,"universo_dom":"domicilios_ocupados_grade_ibge_2022","na_bacia":1,"area_pct_bacia":100.0,"metodo_recorte_bacia":"ponto_representativo_grade_2022; area_pct_geometrica","status_borda_bacia":"total","metodo_area_bacia":"interseção geométrica em EPSG:5880","metodo_na_bacia":"ponto_representativo_grade_2022_within_bacia","pop_n_validos":1,"pop_n_total":1,"pop_completude":1.0,"dom_n_validos":1,"dom_n_total":1,"dom_completude":1.0},"geometry":{"type":"Polygon","coordinates":[[[-51.91987448172194,-29.389414327109524],[-51.91988929625399,-29.387548532438757],[-51.9178969265019,-29.38753465230231],[-51.91788209847999,-29.389400446973017],[-51.91987448172194,-29.389414327109524]]]}},{"type":"Feature","properties":{"id_grade":"200ME52080N80750","pop":63,"dom":21,"universo_dom":"domicilios_ocupados_grade_ibge_2022","na_bacia":1,"area_pct_bacia":100.0,"metodo_recorte_bacia":"ponto_representativo_grade_2022; area_pct_geometrica","status_borda_bacia":"total","metodo_area_bacia":"interseção geométrica em EPSG:5880","metodo_na_bacia":"ponto_representativo_grade_2022_within_bacia","pop_n_validos":1,"pop_n_total":1,"pop_completude":1.0,"dom_n_validos":1,"dom_n_total":1,"dom_completude":1.0},"geometry":{"type":"Polygon","coordinates":[[[-51.92785877706086,-29.387603918985633],[-51.92787353493566,-29.38573814320068],[-51.92588117867342,-29.385724317023598],[-51.92586640640952,-29.38759009190916],[-51.92785877706086,-29.387603918985633]]]}},{"type":"Feature","properties":{"id_grade":"200ME52082N80750","pop":36,"dom":13,"universo_dom":"domicilios_ocupados_grade_ibge_2022","na_bacia":1,"area_pct_bacia":100.0,"metodo_recorte_bacia":"ponto_representativo_grade_2022; area_pct_geometrica","status_borda_bacia":"total","metodo_area_bacia":"interseção geométrica em EPSG:5880","metodo_na_bacia":"ponto_representativo_grade_2022_within_bacia","pop_n_validos":1,"pop_n_total":1,"pop_completude":1.0,"dom_n_validos":1,"dom_n_total":1,"dom_completude":1.0},"geometry":{"type":"Polygon","coordinates":[[[-51.92586640640952,-29.38759009190916],[-51.92588117867342,-29.385724317023598],[-51.92388882241119,-29.385710477356614],[-51.923874036657416,-29.387576252242265],[-51.92586640640952,-29.38759009190916]]]}},{"type":"Feature","properties":{"id_grade":"200ME52084N80750","pop":94,"dom":34,"universo_dom":"domicilios_ocupados_grade_ibge_2022","na_bacia":1,"area_pct_bacia":100.0,"metodo_recorte_bacia":"ponto_representativo_grade_2022; area_pct_geometrica","status_borda_bacia":"total","metodo_area_bacia":"interseção geométrica em EPSG:5880","metodo_na_bacia":"ponto_representativo_grade_2022_within_bacia","pop_n_validos":1,"pop_n_total":1,"pop_completude":1.0,"dom_n_validos":1,"dom_n_total":1,"dom_completude":1.0},"geometry":{"type":"Polygon","coordinates":[[[-51.923874036657416,-29.387576252242265],[-51.92388882241119,-29.385710477356614],[-51.92189646614895,-29.38569662419972],[-51.92188166600601,-29.387562399085418],[-51.923874036657416,-29.387576252242265]]]}},{"type":"Feature","properties":{"id_grade":"200ME52086N80750","pop":78,"dom":29,"universo_dom":"domicilios_ocupados_grade_ibge_2022","na_bacia":1,"area_pct_bacia":100.0,"metodo_recorte_bacia":"ponto_representativo_grade_2022; area_pct_geometrica","status_borda_bacia":"total","metodo_area_bacia":"interseção geométrica em EPSG:5880","metodo_na_bacia":"ponto_representativo_grade_2022_within_bacia","pop_n_validos":1,"pop_n_total":1,"pop_completude":1.0,"dom_n_validos":1,"dom_n_total":1,"dom_completude":1.0},"geometry":{"type":"Polygon","coordinates":[[[-51.92188166600601,-29.387562399085418],[-51.92189646614895,-29.38569662419972],[-51.919904110786035,-29.385682757553173],[-51.91988929625399,-29.387548532438757],[-51.92188166600601,-29.387562399085418]]]}},{"type":"Feature","properties":{"id_grade":"200ME52088N80750","pop":18,"dom":8,"universo_dom":"domicilios_ocupados_grade_ibge_2022","na_bacia":1,"area_pct_bacia":100.0,"metodo_recorte_bacia":"ponto_representativo_grade_2022; area_pct_geometrica","status_borda_bacia":"total","metodo_area_bacia":"interseção geométrica em EPSG:5880","metodo_na_bacia":"ponto_representativo_grade_2022_within_bacia","pop_n_validos":1,"pop_n_total":1,"pop_completude":1.0,"dom_n_validos":1,"dom_n_total":1,"dom_completude":1.0},"geometry":{"type":"Polygon","coordinates":[[[-51.91988929625399,-29.387548532438757],[-51.919904110786035,-29.385682757553173],[-51.91791175542312,-29.38566887831602],[-51.9178969265019,-29.38753465230231],[-51.91988929625399,-29.387548532438757]]]}},{"type":"Feature","properties":{"id_grade":"200ME52080N80752","pop":27,"dom":13,"universo_dom":"domicilios_ocupados_grade_ibge_2022","na_bacia":1,"area_pct_bacia":100.0,"metodo_recorte_bacia":"ponto_representativo_grade_2022; area_pct_geometrica","status_borda_bacia":"total","metodo_area_bacia":"interseção geométrica em EPSG:5880","metodo_na_bacia":"ponto_representativo_grade_2022_within_bacia","pop_n_validos":1,"pop_n_total":1,"pop_completude":1.0,"dom_n_validos":1,"dom_n_total":1,"dom_completude":1.0},"geometry":{"type":"Polygon","coordinates":[[[-51.92787353493566,-29.38573814320068],[-51.927888291911074,-29.383872388100237],[-51.925895950038004,-29.38385856192298],[-51.92588117867342,-29.385724317023598],[-51.92787353493566,-29.38573814320068]]]}},{"type":"Feature","properties":{"id_grade":"200ME52082N80752","pop":132,"dom":52,"universo_dom":"domicilios_ocupados_grade_ibge_2022","na_bacia":1,"area_pct_bacia":100.0,"metodo_recorte_bacia":"ponto_representativo_grade_2022; area_pct_geometrica","status_borda_bacia":"total","metodo_area_bacia":"interseção geométrica em EPSG:5880","metodo_na_bacia":"ponto_representativo_grade_2022_within_bacia","pop_n_validos":1,"pop_n_total":1,"pop_completude":1.0,"dom_n_validos":1,"dom_n_total":1,"dom_completude":1.0},"geometry":{"type":"Polygon","coordinates":[[[-51.92588117867342,-29.385724317023598],[-51.925895950038004,-29.38385856192298],[-51.92390360816495,-29.383844722256057],[-51.92388882241119,-29.385710477356614],[-51.92588117867342,-29.385724317023598]]]}},{"type":"Feature","properties":{"id_grade":"200ME52084N80752","pop":120,"dom":48,"universo_dom":"domicilios_ocupados_grade_ibge_2022","na_bacia":1,"area_pct_bacia":100.0,"metodo_recorte_bacia":"ponto_representativo_grade_2022; area_pct_geometrica","status_borda_bacia":"total","metodo_area_bacia":"interseção geométrica em EPSG:5880","metodo_na_bacia":"ponto_representativo_grade_2022_within_bacia","pop_n_validos":1,"pop_n_total":1,"pop_completude":1.0,"dom_n_validos":1,"dom_n_total":1,"dom_completude":1.0},"geometry":{"type":"Polygon","coordinates":[[[-51.92388882241119,-29.385710477356614],[-51.92390360816495,-29.383844722256057],[-51.921911266291886,-29.38383086999865],[-51.92189646614895,-29.38569662419972],[-51.92388882241119,-29.385710477356614]]]}},{"type":"Feature","properties":{"id_grade":"200ME52086N80752","pop":53,"dom":17,"universo_dom":"domicilios_ocupados_grade_ibge_2022","na_bacia":1,"area_pct_bacia":100.0,"metodo_recorte_bacia":"ponto_representativo_grade_2022; area_pct_geometrica","status_borda_bacia":"total","metodo_area_bacia":"interseção geométrica em EPSG:5880","metodo_na_bacia":"ponto_representativo_grade_2022_within_bacia","pop_n_validos":1,"pop_n_total":1,"pop_completude":1.0,"dom_n_validos":1,"dom_n_total":1,"dom_completude":1.0},"geometry":{"type":"Polygon","coordinates":[[[-51.92189646614895,-29.38569662419972],[-51.921911266291886,-29.38383086999865],[-51.919918925318086,-29.383817003351975],[-51.919904110786035,-29.385682757553173],[-51.92189646614895,-29.38569662419972]]]}},{"type":"Feature","properties":{"id_grade":"200ME52088N80752","pop":115,"dom":42,"universo_dom":"domicilios_ocupados_grade_ibge_2022","na_bacia":1,"area_pct_bacia":100.0,"metodo_recorte_bacia":"ponto_representativo_grade_2022; area_pct_geometrica","status_borda_bacia":"total","metodo_area_bacia":"interseção geométrica em EPSG:5880","metodo_na_bacia":"ponto_representativo_grade_2022_within_bacia","pop_n_validos":1,"pop_n_total":1,"pop_completude":1.0,"dom_n_validos":1,"dom_n_total":1,"dom_completude":1.0},"geometry":{"type":"Polygon","coordinates":[[[-51.919904110786035,-29.385682757553173],[-51.919918925318086,-29.383817003351975],[-51.91792658344502,-29.383803124114802],[-51.91791175542312,-29.38566887831602],[-51.919904110786035,-29.385682757553173]]]}},{"type":"Feature","properties":{"id_grade":"200ME52080N80754","pop":67,"dom":21,"universo_dom":"domicilios_ocupados_grade_ibge_2022","na_bacia":1,"area_pct_bacia":100.0,"metodo_recorte_bacia":"ponto_representativo_grade_2022; area_pct_geometrica","status_borda_bacia":"total","metodo_area_bacia":"interseção geométrica em EPSG:5880","metodo_na_bacia":"ponto_representativo_grade_2022_within_bacia","pop_n_validos":1,"pop_n_total":1,"pop_completude":1.0,"dom_n_validos":1,"dom_n_total":1,"dom_completude":1.0},"geometry":{"type":"Polygon","coordinates":[[[-51.927888291911074,-29.383872388100237],[-51.92790304888655,-29.382006652784767],[-51.925910721402595,-29.381992826607625],[-51.925895950038004,-29.38385856192298],[-51.927888291911074,-29.383872388100237]]]}},{"type":"Feature","properties":{"id_grade":"200ME52082N80754","pop":88,"dom":36,"universo_dom":"domicilios_ocupados_grade_ibge_2022","na_bacia":1,"area_pct_bacia":100.0,"metodo_recorte_bacia":"ponto_representativo_grade_2022; area_pct_geometrica","status_borda_bacia":"total","metodo_area_bacia":"interseção geométrica em EPSG:5880","metodo_na_bacia":"ponto_representativo_grade_2022_within_bacia","pop_n_validos":1,"pop_n_total":1,"pop_completude":1.0,"dom_n_validos":1,"dom_n_total":1,"dom_completude":1.0},"geometry":{"type":"Polygon","coordinates":[[[-51.925895950038004,-29.38385856192298],[-51.925910721402595,-29.381992826607625],[-51.92391839391872,-29.381978987840075],[-51.92390360816495,-29.383844722256057],[-51.925895950038004,-29.38385856192298]]]}},{"type":"Feature","properties":{"id_grade":"200ME52084N80754","pop":26,"dom":14,"universo_dom":"domicilios_ocupados_grade_ibge_2022","na_bacia":1,"area_pct_bacia":100.0,"metodo_recorte_bacia":"ponto_representativo_grade_2022; area_pct_geometrica","status_borda_bacia":"total","metodo_area_bacia":"interseção geométrica em EPSG:5880","metodo_na_bacia":"ponto_representativo_grade_2022_within_bacia","pop_n_validos":1,"pop_n_total":1,"pop_completude":1.0,"dom_n_validos":1,"dom_n_total":1,"dom_completude":1.0},"geometry":{"type":"Polygon","coordinates":[[[-51.92390360816495,-29.383844722256057],[-51.92391839391872,-29.381978987840075],[-51.92192606643476,-29.38196513558253],[-51.921911266291886,-29.38383086999865],[-51.92390360816495,-29.383844722256057]]]}},{"type":"Feature","properties":{"id_grade":"200ME52086N80754","pop":35,"dom":15,"universo_dom":"domicilios_ocupados_grade_ibge_2022","na_bacia":1,"area_pct_bacia":100.0,"metodo_recorte_bacia":"ponto_representativo_grade_2022; area_pct_geometrica","status_borda_bacia":"total","metodo_area_bacia":"interseção geométrica em EPSG:5880","metodo_na_bacia":"ponto_representativo_grade_2022_within_bacia","pop_n_validos":1,"pop_n_total":1,"pop_completude":1.0,"dom_n_validos":1,"dom_n_total":1,"dom_completude":1.0},"geometry":{"type":"Polygon","coordinates":[[[-51.921911266291886,-29.38383086999865],[-51.92192606643476,-29.38196513558253],[-51.919933738950874,-29.381951269835152],[-51.919918925318086,-29.383817003351975],[-51.921911266291886,-29.38383086999865]]]}},{"type":"Feature","properties":{"id_grade":"200ME52088N80754","pop":16,"dom":7,"universo_dom":"domicilios_ocupados_grade_ibge_2022","na_bacia":1,"area_pct_bacia":100.0,"metodo_recorte_bacia":"ponto_representativo_grade_2022; area_pct_geometrica","status_borda_bacia":"total","metodo_area_bacia":"interseção geométrica em EPSG:5880","metodo_na_bacia":"ponto_representativo_grade_2022_within_bacia","pop_n_validos":1,"pop_n_total":1,"pop_completude":1.0,"dom_n_validos":1,"dom_n_total":1,"dom_completude":1.0},"geometry":{"type":"Polygon","coordinates":[[[-51.919918925318086,-29.383817003351975],[-51.919933738950874,-29.381951269835152],[-51.917941411466934,-29.381937390598086],[-51.91792658344502,-29.383803124114802],[-51.919918925318086,-29.383817003351975]]]}},{"type":"Feature","properties":{"id_grade":"200ME52080N80756","pop":75,"dom":30,"universo_dom":"domicilios_ocupados_grade_ibge_2022","na_bacia":1,"area_pct_bacia":100.0,"metodo_recorte_bacia":"ponto_representativo_grade_2022; area_pct_geometrica","status_borda_bacia":"total","metodo_area_bacia":"interseção geométrica em EPSG:5880","metodo_na_bacia":"ponto_representativo_grade_2022_within_bacia","pop_n_validos":1,"pop_n_total":1,"pop_completude":1.0,"dom_n_validos":1,"dom_n_total":1,"dom_completude":1.0},"geometry":{"type":"Polygon","coordinates":[[[-51.92790304888655,-29.382006652784767],[-51.92791780586202,-29.380140938153716],[-51.92592549276725,-29.38012711287592],[-51.925910721402595,-29.381992826607625],[-51.92790304888655,-29.382006652784767]]]}},{"type":"Feature","properties":{"id_grade":"200ME52082N80756","pop":9,"dom":4,"universo_dom":"domicilios_ocupados_grade_ibge_2022","na_bacia":1,"area_pct_bacia":100.0,"metodo_recorte_bacia":"ponto_representativo_grade_2022; area_pct_geometrica","status_borda_bacia":"total","metodo_area_bacia":"interseção geométrica em EPSG:5880","metodo_na_bacia":"ponto_representativo_grade_2022_within_bacia","pop_n_validos":1,"pop_n_total":1,"pop_completude":1.0,"dom_n_validos":1,"dom_n_total":1,"dom_completude":1.0},"geometry":{"type":"Polygon","coordinates":[[[-51.925910721402595,-29.381992826607625],[-51.92592549276725,-29.38012711287592],[-51.923933178773154,-29.380113273208973],[-51.92391839391872,-29.381978987840075],[-51.925910721402595,-29.381992826607625]]]}},{"type":"Feature","properties":{"id_grade":"200ME52084N80756","pop":88,"dom":27,"universo_dom":"domicilios_ocupados_grade_ibge_2022","na_bacia":1,"area_pct_bacia":100.0,"metodo_recorte_bacia":"ponto_representativo_grade_2022; area_pct_geometrica","status_borda_bacia":"total","metodo_area_bacia":"interseção geométrica em EPSG:5880","metodo_na_bacia":"ponto_representativo_grade_2022_within_bacia","pop_n_validos":1,"pop_n_total":1,"pop_completude":1.0,"dom_n_validos":1,"dom_n_total":1,"dom_completude":1.0},"geometry":{"type":"Polygon","coordinates":[[[-51.92391839391872,-29.381978987840075],[-51.923933178773154,-29.380113273208973],[-51.92194086567838,-29.380099420951453],[-51.92192606643476,-29.38196513558253],[-51.92391839391872,-29.381978987840075]]]}},{"type":"Feature","properties":{"id_grade":"200ME52086N80756","pop":56,"dom":25,"universo_dom":"domicilios_ocupados_grade_ibge_2022","na_bacia":1,"area_pct_bacia":100.0,"metodo_recorte_bacia":"ponto_representativo_grade_2022; area_pct_geometrica","status_borda_bacia":"total","metodo_area_bacia":"interseção geométrica em EPSG:5880","metodo_na_bacia":"ponto_representativo_grade_2022_within_bacia","pop_n_validos":1,"pop_n_total":1,"pop_completude":1.0,"dom_n_validos":1,"dom_n_total":1,"dom_completude":1.0},"geometry":{"type":"Polygon","coordinates":[[[-51.92192606643476,-29.38196513558253],[-51.92194086567838,-29.380099420951453],[-51.919948552583605,-29.380085556103445],[-51.919933738950874,-29.381951269835152],[-51.92192606643476,-29.38196513558253]]]}},{"type":"Feature","properties":{"id_grade":"200ME52088N80756","pop":100,"dom":35,"universo_dom":"domicilios_ocupados_grade_ibge_2022","na_bacia":1,"area_pct_bacia":100.0,"metodo_recorte_bacia":"ponto_representativo_grade_2022; area_pct_geometrica","status_borda_bacia":"total","metodo_area_bacia":"interseção geométrica em EPSG:5880","metodo_na_bacia":"ponto_representativo_grade_2022_within_bacia","pop_n_validos":1,"pop_n_total":1,"pop_completude":1.0,"dom_n_validos":1,"dom_n_total":1,"dom_completude":1.0},"geometry":{"type":"Polygon","coordinates":[[[-51.919933738950874,-29.381951269835152],[-51.919948552583605,-29.380085556103445],[-51.91795623948884,-29.380071676866386],[-51.917941411466934,-29.381937390598086],[-51.919933738950874,-29.381951269835152]]]}},{"type":"Feature","properties":{"id_grade":"200ME52080N80758","pop":99,"dom":38,"universo_dom":"domicilios_ocupados_grade_ibge_2022","na_bacia":1,"area_pct_bacia":100.0,"metodo_recorte_bacia":"ponto_representativo_grade_2022; area_pct_geometrica","status_borda_bacia":"total","metodo_area_bacia":"interseção geométrica em EPSG:5880","metodo_na_bacia":"ponto_representativo_grade_2022_within_bacia","pop_n_validos":1,"pop_n_total":1,"pop_completude":1.0,"dom_n_validos":1,"dom_n_total":1,"dom_completude":1.0},"geometry":{"type":"Polygon","coordinates":[[[-51.92791780586202,-29.380140938153716],[-51.927932562837434,-29.378275243307762],[-51.92594026323252,-29.378261418029982],[-51.92592549276725,-29.38012711287592],[-51.92791780586202,-29.380140938153716]]]}},{"type":"Feature","properties":{"id_grade":"200ME52082N80758","pop":32,"dom":13,"universo_dom":"domicilios_ocupados_grade_ibge_2022","na_bacia":1,"area_pct_bacia":100.0,"metodo_recorte_bacia":"ponto_representativo_grade_2022; area_pct_geometrica","status_borda_bacia":"total","metodo_area_bacia":"interseção geométrica em EPSG:5880","metodo_na_bacia":"ponto_representativo_grade_2022_within_bacia","pop_n_validos":1,"pop_n_total":1,"pop_completude":1.0,"dom_n_validos":1,"dom_n_total":1,"dom_completude":1.0},"geometry":{"type":"Polygon","coordinates":[[[-51.92592549276725,-29.38012711287592],[-51.92594026323252,-29.378261418029982],[-51.9239479636276,-29.37824757926234],[-51.923933178773154,-29.380113273208973],[-51.92592549276725,-29.38012711287592]]]}},{"type":"Feature","properties":{"id_grade":"200ME52084N80758","pop":58,"dom":27,"universo_dom":"domicilios_ocupados_grade_ibge_2022","na_bacia":1,"area_pct_bacia":100.0,"metodo_recorte_bacia":"ponto_representativo_grade_2022; area_pct_geometrica","status_borda_bacia":"total","metodo_area_bacia":"interseção geométrica em EPSG:5880","metodo_na_bacia":"ponto_representativo_grade_2022_within_bacia","pop_n_validos":1,"pop_n_total":1,"pop_completude":1.0,"dom_n_validos":1,"dom_n_total":1,"dom_completude":1.0},"geometry":{"type":"Polygon","coordinates":[[[-51.923933178773154,-29.380113273208973],[-51.9239479636276,-29.37824757926234],[-51.92195566492193,-29.378233727904195],[-51.92194086567838,-29.380099420951453],[-51.923933178773154,-29.380113273208973]]]}},{"type":"Feature","properties":{"id_grade":"200ME52086N80758","pop":17,"dom":6,"universo_dom":"domicilios_ocupados_grade_ibge_2022","na_bacia":1,"area_pct_bacia":100.0,"metodo_recorte_bacia":"ponto_representativo_grade_2022; area_pct_geometrica","status_borda_bacia":"total","metodo_area_bacia":"interseção geométrica em EPSG:5880","metodo_na_bacia":"ponto_representativo_grade_2022_within_bacia","pop_n_validos":1,"pop_n_total":1,"pop_completude":1.0,"dom_n_validos":1,"dom_n_total":1,"dom_completude":1.0},"geometry":{"type":"Polygon","coordinates":[[[-51.92194086567838,-29.380099420951453],[-51.92195566492193,-29.378233727904195],[-51.91996336621634,-29.37821986215684],[-51.919948552583605,-29.380085556103445],[-51.92194086567838,-29.380099420951453]]]}},{"type":"Feature","properties":{"id_grade":"200ME52088N80758","pop":37,"dom":13,"universo_dom":"domicilios_ocupados_grade_ibge_2022","na_bacia":1,"area_pct_bacia":100.0,"metodo_recorte_bacia":"ponto_representativo_grade_2022; area_pct_geometrica","status_borda_bacia":"total","metodo_area_bacia":"interseção geométrica em EPSG:5880","metodo_na_bacia":"ponto_representativo_grade_2022_within_bacia","pop_n_validos":1,"pop_n_total":1,"pop_completude":1.0,"dom_n_validos":1,"dom_n_total":1,"dom_completude":1.0},"geometry":{"type":"Polygon","coordinates":[[[-51.919948552583605,-29.380085556103445],[-51.91996336621634,-29.37821986215684],[-51.917971067510734,-29.378205983819008],[-51.91795623948884,-29.380071676866386],[-51.919948552583605,-29.380085556103445]]]}},{"type":"Feature","properties":{"id_grade":"200ME52080N80760","pop":109,"dom":37,"universo_dom":"domicilios_ocupados_grade_ibge_2022","na_bacia":1,"area_pct_bacia":100.0,"metodo_recorte_bacia":"ponto_representativo_grade_2022; area_pct_geometrica","status_borda_bacia":"total","metodo_area_bacia":"interseção geométrica em EPSG:5880","metodo_na_bacia":"ponto_representativo_grade_2022_within_bacia","pop_n_validos":1,"pop_n_total":1,"pop_completude":1.0,"dom_n_validos":1,"dom_n_total":1,"dom_completude":1.0},"geometry":{"type":"Polygon","coordinates":[[[-51.927932562837434,-29.378275243307762],[-51.927947319812915,-29.376409569146244],[-51.92595503369779,-29.376395743868425],[-51.92594026323252,-29.378261418029982],[-51.927932562837434,-29.378275243307762]]]}},{"type":"Feature","properties":{"id_grade":"200ME52082N80760","pop":5,"dom":2,"universo_dom":"domicilios_ocupados_grade_ibge_2022","na_bacia":1,"area_pct_bacia":100.0,"metodo_recorte_bacia":"ponto_representativo_grade_2022; area_pct_geometrica","status_borda_bacia":"total","metodo_area_bacia":"interseção geométrica em EPSG:5880","metodo_na_bacia":"ponto_representativo_grade_2022_within_bacia","pop_n_validos":1,"pop_n_total":1,"pop_completude":1.0,"dom_n_validos":1,"dom_n_total":1,"dom_completude":1.0},"geometry":{"type":"Polygon","coordinates":[[[-51.92594026323252,-29.378261418029982],[-51.92595503369779,-29.376395743868425],[-51.92396274848204,-29.376381906000155],[-51.9239479636276,-29.37824757926234],[-51.92594026323252,-29.378261418029982]]]}},{"type":"Feature","properties":{"id_grade":"200ME52084N80760","pop":40,"dom":18,"universo_dom":"domicilios_ocupados_grade_ibge_2022","na_bacia":1,"area_pct_bacia":100.0,"metodo_recorte_bacia":"ponto_representativo_grade_2022; area_pct_geometrica","status_borda_bacia":"total","metodo_area_bacia":"interseção geométrica em EPSG:5880","metodo_na_bacia":"ponto_representativo_grade_2022_within_bacia","pop_n_validos":1,"pop_n_total":1,"pop_completude":1.0,"dom_n_validos":1,"dom_n_total":1,"dom_completude":1.0},"geometry":{"type":"Polygon","coordinates":[[[-51.9239479636276,-29.37824757926234],[-51.92396274848204,-29.376381906000155],[-51.92197046416556,-29.376368053742585],[-51.92195566492193,-29.378233727904195],[-51.9239479636276,-29.37824757926234]]]}},{"type":"Feature","properties":{"id_grade":"200ME52086N80760","pop":21,"dom":7,"universo_dom":"domicilios_ocupados_grade_ibge_2022","na_bacia":1,"area_pct_bacia":100.0,"metodo_recorte_bacia":"ponto_representativo_grade_2022; area_pct_geometrica","status_borda_bacia":"total","metodo_area_bacia":"interseção geométrica em EPSG:5880","metodo_na_bacia":"ponto_representativo_grade_2022_within_bacia","pop_n_validos":1,"pop_n_total":1,"pop_completude":1.0,"dom_n_validos":1,"dom_n_total":1,"dom_completude":1.0},"geometry":{"type":"Polygon","coordinates":[[[-51.92195566492193,-29.378233727904195],[-51.92197046416556,-29.376368053742585],[-51.919978178949755,-29.376354188894595],[-51.91996336621634,-29.37821986215684],[-51.92195566492193,-29.378233727904195]]]}},{"type":"Feature","properties":{"id_grade":"200ME52088N80760","pop":57,"dom":24,"universo_dom":"domicilios_ocupados_grade_ibge_2022","na_bacia":1,"area_pct_bacia":100.0,"metodo_recorte_bacia":"ponto_representativo_grade_2022; area_pct_geometrica","status_borda_bacia":"total","metodo_area_bacia":"interseção geométrica em EPSG:5880","metodo_na_bacia":"ponto_representativo_grade_2022_within_bacia","pop_n_validos":1,"pop_n_total":1,"pop_completude":1.0,"dom_n_validos":1,"dom_n_total":1,"dom_completude":1.0},"geometry":{"type":"Polygon","coordinates":[[[-51.91996336621634,-29.37821986215684],[-51.919978178949755,-29.376354188894595],[-51.91798589463326,-29.37634031055688],[-51.917971067510734,-29.378205983819008],[-51.91996336621634,-29.37821986215684]]]}},{"type":"Feature","properties":{"id_grade":"200ME52080N80762","pop":141,"dom":55,"universo_dom":"domicilios_ocupados_grade_ibge_2022","na_bacia":1,"area_pct_bacia":100.0,"metodo_recorte_bacia":"ponto_representativo_grade_2022; area_pct_geometrica","status_borda_bacia":"total","metodo_area_bacia":"interseção geométrica em EPSG:5880","metodo_na_bacia":"ponto_representativo_grade_2022_within_bacia","pop_n_validos":1,"pop_n_total":1,"pop_completude":1.0,"dom_n_validos":1,"dom_n_total":1,"dom_completude":1.0},"geometry":{"type":"Polygon","coordinates":[[[-51.927947319812915,-29.376409569146244],[-51.92796207588907,-29.374543914769735],[-51.92596980416312,-29.374530090391303],[-51.92595503369779,-29.376395743868425],[-51.927947319812915,-29.376409569146244]]]}},{"type":"Feature","properties":{"id_grade":"200ME52082N80762","pop":142,"dom":59,"universo_dom":"domicilios_ocupados_grade_ibge_2022","na_bacia":1,"area_pct_bacia":100.0,"metodo_recorte_bacia":"ponto_representativo_grade_2022; area_pct_geometrica","status_borda_bacia":"total","metodo_area_bacia":"interseção geométrica em EPSG:5880","metodo_na_bacia":"ponto_representativo_grade_2022_within_bacia","pop_n_validos":1,"pop_n_total":1,"pop_completude":1.0,"dom_n_validos":1,"dom_n_total":1,"dom_completude":1.0},"geometry":{"type":"Polygon","coordinates":[[[-51.92595503369779,-29.376395743868425],[-51.92596980416312,-29.374530090391303],[-51.923977533336426,-29.374516251623692],[-51.92396274848204,-29.376381906000155],[-51.92595503369779,-29.376395743868425]]]}},{"type":"Feature","properties":{"id_grade":"200ME52084N80762","pop":203,"dom":85,"universo_dom":"domicilios_ocupados_grade_ibge_2022","na_bacia":1,"area_pct_bacia":100.0,"metodo_recorte_bacia":"ponto_representativo_grade_2022; area_pct_geometrica","status_borda_bacia":"total","metodo_area_bacia":"interseção geométrica em EPSG:5880","metodo_na_bacia":"ponto_representativo_grade_2022_within_bacia","pop_n_validos":1,"pop_n_total":1,"pop_completude":1.0,"dom_n_validos":1,"dom_n_total":1,"dom_completude":1.0},"geometry":{"type":"Polygon","coordinates":[[[-51.92396274848204,-29.376381906000155],[-51.923977533336426,-29.374516251623692],[-51.92198526250979,-29.374502400265467],[-51.92197046416556,-29.376368053742585],[-51.92396274848204,-29.376381906000155]]]}},{"type":"Feature","properties":{"id_grade":"200ME52088N80762","pop":7,"dom":3,"universo_dom":"domicilios_ocupados_grade_ibge_2022","na_bacia":1,"area_pct_bacia":100.0,"metodo_recorte_bacia":"ponto_representativo_grade_2022; area_pct_geometrica","status_borda_bacia":"total","metodo_area_bacia":"interseção geométrica em EPSG:5880","metodo_na_bacia":"ponto_representativo_grade_2022_within_bacia","pop_n_validos":1,"pop_n_total":1,"pop_completude":1.0,"dom_n_validos":1,"dom_n_total":1,"dom_completude":1.0},"geometry":{"type":"Polygon","coordinates":[[[-51.919978178949755,-29.376354188894595],[-51.91999299258248,-29.37448853541751],[-51.918000721755845,-29.37447465797899],[-51.91798589463326,-29.37634031055688],[-51.919978178949755,-29.376354188894595]]]}},{"type":"Feature","properties":{"id_grade":"200ME52080N80764","pop":66,"dom":25,"universo_dom":"domicilios_ocupados_grade_ibge_2022","na_bacia":1,"area_pct_bacia":100.0,"metodo_recorte_bacia":"ponto_representativo_grade_2022; area_pct_geometrica","status_borda_bacia":"total","metodo_area_bacia":"interseção geométrica em EPSG:5880","metodo_na_bacia":"ponto_representativo_grade_2022_within_bacia","pop_n_validos":1,"pop_n_total":1,"pop_completude":1.0,"dom_n_validos":1,"dom_n_total":1,"dom_completude":1.0},"geometry":{"type":"Polygon","coordinates":[[[-51.92796207588907,-29.374543914769735],[-51.92797683196517,-29.372678281077796],[-51.925984574628394,-29.372664456699265],[-51.92596980416312,-29.374530090391303],[-51.92796207588907,-29.374543914769735]]]}},{"type":"Feature","properties":{"id_grade":"200ME52082N80764","pop":16,"dom":6,"universo_dom":"domicilios_ocupados_grade_ibge_2022","na_bacia":1,"area_pct_bacia":100.0,"metodo_recorte_bacia":"ponto_representativo_grade_2022; area_pct_geometrica","status_borda_bacia":"total","metodo_area_bacia":"interseção geométrica em EPSG:5880","metodo_na_bacia":"ponto_representativo_grade_2022_within_bacia","pop_n_validos":1,"pop_n_total":1,"pop_completude":1.0,"dom_n_validos":1,"dom_n_total":1,"dom_completude":1.0},"geometry":{"type":"Polygon","coordinates":[[[-51.92596980416312,-29.374530090391303],[-51.925984574628394,-29.372664456699265],[-51.92399231819087,-29.37265061883094],[-51.923977533336426,-29.374516251623692],[-51.92596980416312,-29.374530090391303]]]}},{"type":"Feature","properties":{"id_grade":"200ME52084N80764","pop":23,"dom":9,"universo_dom":"domicilios_ocupados_grade_ibge_2022","na_bacia":1,"area_pct_bacia":100.0,"metodo_recorte_bacia":"ponto_representativo_grade_2022; area_pct_geometrica","status_borda_bacia":"total","metodo_area_bacia":"interseção geométrica em EPSG:5880","metodo_na_bacia":"ponto_representativo_grade_2022_within_bacia","pop_n_validos":1,"pop_n_total":1,"pop_completude":1.0,"dom_n_validos":1,"dom_n_total":1,"dom_completude":1.0},"geometry":{"type":"Polygon","coordinates":[[[-51.923977533336426,-29.374516251623692],[-51.92399231819087,-29.37265061883094],[-51.92200006175341,-29.372636767472763],[-51.92198526250979,-29.374502400265467],[-51.923977533336426,-29.374516251623692]]]}},{"type":"Feature","properties":{"id_grade":"200ME52086N80764","pop":3,"dom":1,"universo_dom":"domicilios_ocupados_grade_ibge_2022","na_bacia":1,"area_pct_bacia":100.0,"metodo_recorte_bacia":"ponto_representativo_grade_2022; area_pct_geometrica","status_borda_bacia":"total","metodo_area_bacia":"interseção geométrica em EPSG:5880","metodo_na_bacia":"ponto_representativo_grade_2022_within_bacia","pop_n_validos":1,"pop_n_total":1,"pop_completude":1.0,"dom_n_validos":1,"dom_n_total":1,"dom_completude":1.0},"geometry":{"type":"Polygon","coordinates":[[[-51.92198526250979,-29.374502400265467],[-51.92200006175341,-29.372636767472763],[-51.92000780531595,-29.37262290262481],[-51.91999299258248,-29.37448853541751],[-51.92198526250979,-29.374502400265467]]]}},{"type":"Feature","properties":{"id_grade":"200ME52088N80794","pop":6,"dom":3,"universo_dom":"domicilios_ocupados_grade_ibge_2022","na_bacia":1,"area_pct_bacia":100.0,"metodo_recorte_bacia":"ponto_representativo_grade_2022; area_pct_geometrica","status_borda_bacia":"total","metodo_area_bacia":"interseção geométrica em EPSG:5880","metodo_na_bacia":"ponto_representativo_grade_2022_within_bacia","pop_n_validos":1,"pop_n_total":1,"pop_completude":1.0,"dom_n_validos":1,"dom_n_total":1,"dom_completude":1.0},"geometry":{"type":"Polygon","coordinates":[[[-51.92021516200008,-29.3465061623295],[-51.92022997203554,-29.344640832608295],[-51.91823792873736,-29.344626957867824],[-51.918223104312744,-29.34649228758893],[-51.92021516200008,-29.3465061623295]]]}},{"type":"Feature","properties":{"id_grade":"200ME52088N80796","pop":17,"dom":8,"universo_dom":"domicilios_ocupados_grade_ibge_2022","na_bacia":1,"area_pct_bacia":100.0,"metodo_recorte_bacia":"ponto_representativo_grade_2022; area_pct_geometrica","status_borda_bacia":"total","metodo_area_bacia":"interseção geométrica em EPSG:5880","metodo_na_bacia":"ponto_representativo_grade_2022_within_bacia","pop_n_validos":1,"pop_n_total":1,"pop_completude":1.0,"dom_n_validos":1,"dom_n_total":1,"dom_completude":1.0},"geometry":{"type":"Polygon","coordinates":[[[-51.92022997203554,-29.344640832608295],[-51.920244781171675,-29.342775522672174],[-51.91825275226268,-29.342761648830955],[-51.91823792873736,-29.344626957867824],[-51.92022997203554,-29.344640832608295]]]}},{"type":"Feature","properties":{"id_grade":"200ME52086N80798","pop":8,"dom":4,"universo_dom":"domicilios_ocupados_grade_ibge_2022","na_bacia":1,"area_pct_bacia":100.0,"metodo_recorte_bacia":"ponto_representativo_grade_2022; area_pct_geometrica","status_borda_bacia":"total","metodo_area_bacia":"interseção geométrica em EPSG:5880","metodo_na_bacia":"ponto_representativo_grade_2022_within_bacia","pop_n_validos":1,"pop_n_total":1,"pop_completude":1.0,"dom_n_validos":1,"dom_n_total":1,"dom_completude":1.0},"geometry":{"type":"Polygon","coordinates":[[[-51.92223681097999,-29.342789383023558],[-51.922251605726956,-29.340924092872587],[-51.92025959030781,-29.34091023252121],[-51.920244781171675,-29.342775522672174],[-51.92223681097999,-29.342789383023558]]]}},{"type":"Feature","properties":{"id_grade":"200ME52088N80798","pop":4,"dom":2,"universo_dom":"domicilios_ocupados_grade_ibge_2022","na_bacia":1,"area_pct_bacia":100.0,"metodo_recorte_bacia":"ponto_representativo_grade_2022; area_pct_geometrica","status_borda_bacia":"total","metodo_area_bacia":"interseção geométrica em EPSG:5880","metodo_na_bacia":"ponto_representativo_grade_2022_within_bacia","pop_n_validos":1,"pop_n_total":1,"pop_completude":1.0,"dom_n_validos":1,"dom_n_total":1,"dom_completude":1.0},"geometry":{"type":"Polygon","coordinates":[[[-51.920244781171675,-29.342775522672174],[-51.92025959030781,-29.34091023252121],[-51.91826757578792,-29.340896358679963],[-51.91825275226268,-29.342761648830955],[-51.920244781171675,-29.342775522672174]]]}},{"type":"Feature","properties":{"id_grade":"200ME52086N80800","pop":11,"dom":5,"universo_dom":"domicilios_ocupados_grade_ibge_2022","na_bacia":1,"area_pct_bacia":100.0,"metodo_recorte_bacia":"ponto_representativo_grade_2022; area_pct_geometrica","status_borda_bacia":"total","metodo_area_bacia":"interseção geométrica em EPSG:5880","metodo_na_bacia":"ponto_representativo_grade_2022_within_bacia","pop_n_validos":1,"pop_n_total":1,"pop_completude":1.0,"dom_n_validos":1,"dom_n_total":1,"dom_completude":1.0},"geometry":{"type":"Polygon","coordinates":[[[-51.922251605726956,-29.340924092872587],[-51.92226640047397,-29.33905882250668],[-51.92027439944394,-29.33904496305454],[-51.92025959030781,-29.34091023252121],[-51.922251605726956,-29.340924092872587]]]}},{"type":"Feature","properties":{"id_grade":"200ME52088N80800","pop":5,"dom":2,"universo_dom":"domicilios_ocupados_grade_ibge_2022","na_bacia":1,"area_pct_bacia":100.0,"metodo_recorte_bacia":"ponto_representativo_grade_2022; area_pct_geometrica","status_borda_bacia":"total","metodo_area_bacia":"interseção geométrica em EPSG:5880","metodo_na_bacia":"ponto_representativo_grade_2022_within_bacia","pop_n_validos":1,"pop_n_total":1,"pop_completude":1.0,"dom_n_validos":1,"dom_n_total":1,"dom_completude":1.0},"geometry":{"type":"Polygon","coordinates":[[[-51.92025959030781,-29.34091023252121],[-51.92027439944394,-29.33904496305454],[-51.9182823984139,-29.339031089213343],[-51.91826757578792,-29.340896358679963],[-51.92025959030781,-29.34091023252121]]]}},{"type":"Feature","properties":{"id_grade":"200ME52086N80802","pop":12,"dom":4,"universo_dom":"domicilios_ocupados_grade_ibge_2022","na_bacia":1,"area_pct_bacia":100.0,"metodo_recorte_bacia":"ponto_representativo_grade_2022; area_pct_geometrica","status_borda_bacia":"total","metodo_area_bacia":"interseção geométrica em EPSG:5880","metodo_na_bacia":"ponto_representativo_grade_2022_within_bacia","pop_n_validos":1,"pop_n_total":1,"pop_completude":1.0,"dom_n_validos":1,"dom_n_total":1,"dom_completude":1.0},"geometry":{"type":"Polygon","coordinates":[[[-51.92226640047397,-29.33905882250668],[-51.92228119522094,-29.337193572825093],[-51.92028920858007,-29.337179713373025],[-51.92027439944394,-29.33904496305454],[-51.92226640047397,-29.33905882250668]]]}},{"type":"Feature","properties":{"id_grade":"200ME52088N80802","pop":7,"dom":2,"universo_dom":"domicilios_ocupados_grade_ibge_2022","na_bacia":1,"area_pct_bacia":100.0,"metodo_recorte_bacia":"ponto_representativo_grade_2022; area_pct_geometrica","status_borda_bacia":"total","metodo_area_bacia":"interseção geométrica em EPSG:5880","metodo_na_bacia":"ponto_representativo_grade_2022_within_bacia","pop_n_validos":1,"pop_n_total":1,"pop_completude":1.0,"dom_n_validos":1,"dom_n_total":1,"dom_completude":1.0},"geometry":{"type":"Polygon","coordinates":[[[-51.92027439944394,-29.33904496305454],[-51.92028920858007,-29.337179713373025],[-51.91829722193921,-29.337165840431155],[-51.9182823984139,-29.339031089213343],[-51.92027439944394,-29.33904496305454]]]}},{"type":"Feature","properties":{"id_grade":"200ME52088N80806","pop":2,"dom":1,"universo_dom":"domicilios_ocupados_grade_ibge_2022","na_bacia":1,"area_pct_bacia":100.0,"metodo_recorte_bacia":"ponto_representativo_grade_2022; area_pct_geometrica","status_borda_bacia":"total","metodo_area_bacia":"interseção geométrica em EPSG:5880","metodo_na_bacia":"ponto_representativo_grade_2022_within_bacia","pop_n_validos":1,"pop_n_total":1,"pop_completude":1.0,"dom_n_validos":1,"dom_n_total":1,"dom_completude":1.0},"geometry":{"type":"Polygon","coordinates":[[[-51.92030401681689,-29.33531448437588],[-51.92031882505369,-29.333449275163858],[-51.918326867191126,-29.333435402222012],[-51.91831204456515,-29.335300611434054],[-51.92030401681689,-29.33531448437588]]]}},{"type":"Feature","properties":{"id_grade":"200ME52086N80812","pop":2,"dom":1,"universo_dom":"domicilios_ocupados_grade_ibge_2022","na_bacia":1,"area_pct_bacia":100.0,"metodo_recorte_bacia":"ponto_representativo_grade_2022; area_pct_geometrica","status_borda_bacia":"total","metodo_area_bacia":"interseção geométrica em EPSG:5880","metodo_na_bacia":"ponto_representativo_grade_2022_within_bacia","pop_n_validos":1,"pop_n_total":1,"pop_completude":1.0,"dom_n_validos":1,"dom_n_total":1,"dom_completude":1.0},"geometry":{"type":"Polygon","coordinates":[[[-51.92234037151087,-29.329732775547047],[-51.92235516535857,-29.32786762658966],[-51.92036324886482,-29.32785376803688],[-51.920348441527324,-29.329718916994306],[-51.92234037151087,-29.329732775547047]]]}},{"type":"Feature","properties":{"id_grade":"200ME52088N80812","pop":7,"dom":3,"universo_dom":"domicilios_ocupados_grade_ibge_2022","na_bacia":1,"area_pct_bacia":100.0,"metodo_recorte_bacia":"ponto_representativo_grade_2022; area_pct_geometrica","status_borda_bacia":"total","metodo_area_bacia":"interseção geométrica em EPSG:5880","metodo_na_bacia":"ponto_representativo_grade_2022_within_bacia","pop_n_validos":1,"pop_n_total":1,"pop_completude":1.0,"dom_n_validos":1,"dom_n_total":1,"dom_completude":1.0},"geometry":{"type":"Polygon","coordinates":[[[-51.920348441527324,-29.329718916994306],[-51.92036324886482,-29.32785376803688],[-51.918371333270386,-29.32783989599437],[-51.91835651154371,-29.329705044951822],[-51.920348441527324,-29.329718916994306]]]}},{"type":"Feature","properties":{"id_grade":"200ME52084N80814","pop":3,"dom":1,"universo_dom":"domicilios_ocupados_grade_ibge_2022","na_bacia":1,"area_pct_bacia":100.0,"metodo_recorte_bacia":"ponto_representativo_grade_2022; area_pct_geometrica","status_borda_bacia":"total","metodo_area_bacia":"interseção geométrica em EPSG:5880","metodo_na_bacia":"ponto_representativo_grade_2022_within_bacia","pop_n_validos":1,"pop_n_total":1,"pop_completude":1.0,"dom_n_validos":1,"dom_n_total":1,"dom_completude":1.0},"geometry":{"type":"Polygon","coordinates":[[[-51.924347080953005,-29.327881471652532],[-51.924361860411466,-29.32601634248013],[-51.92236995830689,-29.32600249741729],[-51.92235516535857,-29.32786762658966],[-51.924347080953005,-29.327881471652532]]]}},{"type":"Feature","properties":{"id_grade":"200ME52086N80814","pop":7,"dom":3,"universo_dom":"domicilios_ocupados_grade_ibge_2022","na_bacia":1,"area_pct_bacia":100.0,"metodo_recorte_bacia":"ponto_representativo_grade_2022; area_pct_geometrica","status_borda_bacia":"total","metodo_area_bacia":"interseção geométrica em EPSG:5880","metodo_na_bacia":"ponto_representativo_grade_2022_within_bacia","pop_n_validos":1,"pop_n_total":1,"pop_completude":1.0,"dom_n_validos":1,"dom_n_total":1,"dom_completude":1.0},"geometry":{"type":"Polygon","coordinates":[[[-51.92235516535857,-29.32786762658966],[-51.92236995830689,-29.32600249741729],[-51.92037805710164,-29.325988639763867],[-51.92036324886482,-29.32785376803688],[-51.92235516535857,-29.32786762658966]]]}},{"type":"Feature","properties":{"id_grade":"200ME52088N80814","pop":30,"dom":9,"universo_dom":"domicilios_ocupados_grade_ibge_2022","na_bacia":1,"area_pct_bacia":100.0,"metodo_recorte_bacia":"ponto_representativo_grade_2022; area_pct_geometrica","status_borda_bacia":"total","metodo_area_bacia":"interseção geométrica em EPSG:5880","metodo_na_bacia":"ponto_representativo_grade_2022_within_bacia","pop_n_validos":1,"pop_n_total":1,"pop_completude":1.0,"dom_n_validos":1,"dom_n_total":1,"dom_completude":1.0},"geometry":{"type":"Polygon","coordinates":[[[-51.92036324886482,-29.32785376803688],[-51.92037805710164,-29.325988639763867],[-51.918386154996995,-29.32597476772132],[-51.918371333270386,-29.32783989599437],[-51.92036324886482,-29.32785376803688]]]}},{"type":"Feature","properties":{"id_grade":"200ME52084N80816","pop":2,"dom":1,"universo_dom":"domicilios_ocupados_grade_ibge_2022","na_bacia":1,"area_pct_bacia":100.0,"metodo_recorte_bacia":"ponto_representativo_grade_2022; area_pct_geometrica","status_borda_bacia":"total","metodo_area_bacia":"interseção geométrica em EPSG:5880","metodo_na_bacia":"ponto_representativo_grade_2022_within_bacia","pop_n_validos":1,"pop_n_total":1,"pop_completude":1.0,"dom_n_validos":1,"dom_n_total":1,"dom_completude":1.0},"geometry":{"type":"Polygon","coordinates":[[[-51.924361860411466,-29.32601634248013],[-51.92437663986999,-29.32415123399215],[-51.92238475215453,-29.32413738892937],[-51.92236995830689,-29.32600249741729],[-51.924361860411466,-29.32601634248013]]]}},{"type":"Feature","properties":{"id_grade":"200ME52086N80816","pop":16,"dom":9,"universo_dom":"domicilios_ocupados_grade_ibge_2022","na_bacia":1,"area_pct_bacia":100.0,"metodo_recorte_bacia":"ponto_representativo_grade_2022; area_pct_geometrica","status_borda_bacia":"total","metodo_area_bacia":"interseção geométrica em EPSG:5880","metodo_na_bacia":"ponto_representativo_grade_2022_within_bacia","pop_n_validos":1,"pop_n_total":1,"pop_completude":1.0,"dom_n_validos":1,"dom_n_total":1,"dom_completude":1.0},"geometry":{"type":"Polygon","coordinates":[[[-51.92236995830689,-29.32600249741729],[-51.92238475215453,-29.32413738892937],[-51.92039286443913,-29.324123531275994],[-51.92037805710164,-29.325988639763867],[-51.92236995830689,-29.32600249741729]]]}},{"type":"Feature","properties":{"id_grade":"200ME52088N80816","pop":10,"dom":4,"universo_dom":"domicilios_ocupados_grade_ibge_2022","na_bacia":1,"area_pct_bacia":100.0,"metodo_recorte_bacia":"ponto_representativo_grade_2022; area_pct_geometrica","status_borda_bacia":"total","metodo_area_bacia":"interseção geométrica em EPSG:5880","metodo_na_bacia":"ponto_representativo_grade_2022_within_bacia","pop_n_validos":1,"pop_n_total":1,"pop_completude":1.0,"dom_n_validos":1,"dom_n_total":1,"dom_completude":1.0},"geometry":{"type":"Polygon","coordinates":[[[-51.92037805710164,-29.325988639763867],[-51.92039286443913,-29.324123531275994],[-51.91840097672365,-29.324109659233315],[-51.918386154996995,-29.32597476772132],[-51.92037805710164,-29.325988639763867]]]}},{"type":"Feature","properties":{"id_grade":"200ME52082N80818","pop":2,"dom":1,"universo_dom":"domicilios_ocupados_grade_ibge_2022","na_bacia":1,"area_pct_bacia":100.0,"metodo_recorte_bacia":"ponto_representativo_grade_2022; area_pct_geometrica","status_borda_bacia":"total","metodo_area_bacia":"interseção geométrica em EPSG:5880","metodo_na_bacia":"ponto_representativo_grade_2022_within_bacia","pop_n_validos":1,"pop_n_total":1,"pop_completude":1.0,"dom_n_validos":1,"dom_n_total":1,"dom_completude":1.0},"geometry":{"type":"Polygon","coordinates":[[[-51.92636852758545,-29.324165065565264],[-51.926383291755485,-29.322299975963027],[-51.924391418429195,-29.322286145289336],[-51.92437663986999,-29.32415123399215],[-51.92636852758545,-29.324165065565264]]]}},{"type":"Feature","properties":{"id_grade":"200ME52084N80820","pop":8,"dom":5,"universo_dom":"domicilios_ocupados_grade_ibge_2022","na_bacia":1,"area_pct_bacia":100.0,"metodo_recorte_bacia":"ponto_representativo_grade_2022; area_pct_geometrica","status_borda_bacia":"total","metodo_area_bacia":"interseção geométrica em EPSG:5880","metodo_na_bacia":"ponto_representativo_grade_2022_within_bacia","pop_n_validos":1,"pop_n_total":1,"pop_completude":1.0,"dom_n_validos":1,"dom_n_total":1,"dom_completude":1.0},"geometry":{"type":"Polygon","coordinates":[[[-51.924391418429195,-29.322286145289336],[-51.92440619698834,-29.320421076371517],[-51.9224143371519,-29.320407232207987],[-51.922399545102905,-29.322272300226444],[-51.924391418429195,-29.322286145289336]]]}},{"type":"Feature","properties":{"id_grade":"200ME52088N80820","pop":2,"dom":1,"universo_dom":"domicilios_ocupados_grade_ibge_2022","na_bacia":1,"area_pct_bacia":100.0,"metodo_recorte_bacia":"ponto_representativo_grade_2022; area_pct_geometrica","status_borda_bacia":"total","metodo_area_bacia":"interseção geométrica em EPSG:5880","metodo_na_bacia":"ponto_representativo_grade_2022_within_bacia","pop_n_validos":1,"pop_n_total":1,"pop_completude":1.0,"dom_n_validos":1,"dom_n_total":1,"dom_completude":1.0},"geometry":{"type":"Polygon","coordinates":[[[-51.920407670877296,-29.322258442573062],[-51.92042247821474,-29.320393374554534],[-51.91843061927761,-29.32037950341126],[-51.91841579845027,-29.32224457142977],[-51.920407670877296,-29.322258442573062]]]}},{"type":"Feature","properties":{"id_grade":"200ME52084N80822","pop":3,"dom":1,"universo_dom":"domicilios_ocupados_grade_ibge_2022","na_bacia":1,"area_pct_bacia":100.0,"metodo_recorte_bacia":"ponto_representativo_grade_2022; area_pct_geometrica","status_borda_bacia":"total","metodo_area_bacia":"interseção geométrica em EPSG:5880","metodo_na_bacia":"ponto_representativo_grade_2022_within_bacia","pop_n_validos":1,"pop_n_total":1,"pop_completude":1.0,"dom_n_validos":1,"dom_n_total":1,"dom_completude":1.0},"geometry":{"type":"Polygon","coordinates":[[[-51.92440619698834,-29.320421076371517],[-51.92442097554755,-29.31855602723882],[-51.92242913010022,-29.318542183075245],[-51.9224143371519,-29.320407232207987],[-51.92440619698834,-29.320421076371517]]]}},{"type":"Feature","properties":{"id_grade":"200ME52086N80822","pop":20,"dom":8,"universo_dom":"domicilios_ocupados_grade_ibge_2022","na_bacia":1,"area_pct_bacia":100.0,"metodo_recorte_bacia":"ponto_representativo_grade_2022; area_pct_geometrica","status_borda_bacia":"total","metodo_area_bacia":"interseção geométrica em EPSG:5880","metodo_na_bacia":"ponto_representativo_grade_2022_within_bacia","pop_n_validos":1,"pop_n_total":1,"pop_completude":1.0,"dom_n_validos":1,"dom_n_total":1,"dom_completude":1.0},"geometry":{"type":"Polygon","coordinates":[[[-51.9224143371519,-29.320407232207987],[-51.92242913010022,-29.318542183075245],[-51.920437284652905,-29.318528326321132],[-51.92042247821474,-29.320393374554534],[-51.9224143371519,-29.320407232207987]]]}},{"type":"Feature","properties":{"id_grade":"200ME52084N80824","pop":3,"dom":1,"universo_dom":"domicilios_ocupados_grade_ibge_2022","na_bacia":1,"area_pct_bacia":100.0,"metodo_recorte_bacia":"ponto_representativo_grade_2022; area_pct_geometrica","status_borda_bacia":"total","metodo_area_bacia":"interseção geométrica em EPSG:5880","metodo_na_bacia":"ponto_representativo_grade_2022_within_bacia","pop_n_validos":1,"pop_n_total":1,"pop_completude":1.0,"dom_n_validos":1,"dom_n_total":1,"dom_completude":1.0},"geometry":{"type":"Polygon","coordinates":[[[-51.92442097554755,-29.31855602723882],[-51.924435753207376,-29.316690998790513],[-51.92244392214923,-29.316677155526232],[-51.92242913010022,-29.318542183075245],[-51.92442097554755,-29.31855602723882]]]}},{"type":"Feature","properties":{"id_grade":"200ME52086N80824","pop":6,"dom":2,"universo_dom":"domicilios_ocupados_grade_ibge_2022","na_bacia":1,"area_pct_bacia":100.0,"metodo_recorte_bacia":"ponto_representativo_grade_2022; area_pct_geometrica","status_borda_bacia":"total","metodo_area_bacia":"interseção geométrica em EPSG:5880","metodo_na_bacia":"ponto_representativo_grade_2022_within_bacia","pop_n_validos":1,"pop_n_total":1,"pop_completude":1.0,"dom_n_validos":1,"dom_n_total":1,"dom_completude":1.0},"geometry":{"type":"Polygon","coordinates":[[[-51.92242913010022,-29.318542183075245],[-51.92244392214923,-29.316677155526232],[-51.920452091091086,-29.316663297872903],[-51.920437284652905,-29.318528326321132],[-51.92242913010022,-29.318542183075245]]]}},{"type":"Feature","properties":{"id_grade":"200ME52086N80826","pop":5,"dom":2,"universo_dom":"domicilios_ocupados_grade_ibge_2022","na_bacia":1,"area_pct_bacia":100.0,"metodo_recorte_bacia":"ponto_representativo_grade_2022; area_pct_geometrica","status_borda_bacia":"total","metodo_area_bacia":"interseção geométrica em EPSG:5880","metodo_na_bacia":"ponto_representativo_grade_2022_within_bacia","pop_n_validos":1,"pop_n_total":1,"pop_completude":1.0,"dom_n_validos":1,"dom_n_total":1,"dom_completude":1.0},"geometry":{"type":"Polygon","coordinates":[[[-51.92244392214923,-29.316677155526232],[-51.922458714198285,-29.31481214686302],[-51.92046689752925,-29.314798290108925],[-51.920452091091086,-29.316663297872903],[-51.92244392214923,-29.316677155526232]]]}},{"type":"Feature","properties":{"id_grade":"200ME52088N80826","pop":6,"dom":4,"universo_dom":"domicilios_ocupados_grade_ibge_2022","na_bacia":1,"area_pct_bacia":100.0,"metodo_recorte_bacia":"ponto_representativo_grade_2022; area_pct_geometrica","status_borda_bacia":"total","metodo_area_bacia":"interseção geométrica em EPSG:5880","metodo_na_bacia":"ponto_representativo_grade_2022_within_bacia","pop_n_validos":1,"pop_n_total":1,"pop_completude":1.0,"dom_n_validos":1,"dom_n_total":1,"dom_completude":1.0},"geometry":{"type":"Polygon","coordinates":[[[-51.920452091091086,-29.316663297872903],[-51.92046689752925,-29.314798290108925],[-51.918475080860276,-29.314784419865063],[-51.91846026093224,-29.31664942762886],[-51.920452091091086,-29.316663297872903]]]}},{"type":"Feature","properties":{"id_grade":"200ME52084N80828","pop":8,"dom":2,"universo_dom":"domicilios_ocupados_grade_ibge_2022","na_bacia":1,"area_pct_bacia":100.0,"metodo_recorte_bacia":"ponto_representativo_grade_2022; area_pct_geometrica","status_borda_bacia":"total","metodo_area_bacia":"interseção geométrica em EPSG:5880","metodo_na_bacia":"ponto_representativo_grade_2022_within_bacia","pop_n_validos":1,"pop_n_total":1,"pop_completude":1.0,"dom_n_validos":1,"dom_n_total":1,"dom_completude":1.0},"geometry":{"type":"Polygon","coordinates":[[[-51.92445053086726,-29.31482599012736],[-51.92446530852715,-29.312961002148462],[-51.92247350624728,-29.31294715888422],[-51.922458714198285,-29.31481214686302],[-51.92445053086726,-29.31482599012736]]]}},{"type":"Feature","properties":{"id_grade":"200ME52086N80828","pop":2,"dom":1,"universo_dom":"domicilios_ocupados_grade_ibge_2022","na_bacia":1,"area_pct_bacia":100.0,"metodo_recorte_bacia":"ponto_representativo_grade_2022; area_pct_geometrica","status_borda_bacia":"total","metodo_area_bacia":"interseção geométrica em EPSG:5880","metodo_na_bacia":"ponto_representativo_grade_2022_within_bacia","pop_n_validos":1,"pop_n_total":1,"pop_completude":1.0,"dom_n_validos":1,"dom_n_total":1,"dom_completude":1.0},"geometry":{"type":"Polygon","coordinates":[[[-51.922458714198285,-29.31481214686302],[-51.92247350624728,-29.31294715888422],[-51.920481703967425,-29.312933302130155],[-51.92046689752925,-29.314798290108925],[-51.922458714198285,-29.31481214686302]]]}},{"type":"Feature","properties":{"id_grade":"200ME52088N80828","pop":2,"dom":1,"universo_dom":"domicilios_ocupados_grade_ibge_2022","na_bacia":1,"area_pct_bacia":100.0,"metodo_recorte_bacia":"ponto_representativo_grade_2022; area_pct_geometrica","status_borda_bacia":"total","metodo_area_bacia":"interseção geométrica em EPSG:5880","metodo_na_bacia":"ponto_representativo_grade_2022_within_bacia","pop_n_validos":1,"pop_n_total":1,"pop_completude":1.0,"dom_n_validos":1,"dom_n_total":1,"dom_completude":1.0},"geometry":{"type":"Polygon","coordinates":[[[-51.92046689752925,-29.314798290108925],[-51.920481703967425,-29.312933302130155],[-51.91848990168756,-29.312919432785623],[-51.918475080860276,-29.314784419865063],[-51.92046689752925,-29.314798290108925]]]}},{"type":"Feature","properties":{"id_grade":"200ME52084N80830","pop":6,"dom":1,"universo_dom":"domicilios_ocupados_grade_ibge_2022","na_bacia":1,"area_pct_bacia":100.0,"metodo_recorte_bacia":"ponto_representativo_grade_2022; area_pct_geometrica","status_borda_bacia":"total","metodo_area_bacia":"interseção geométrica em EPSG:5880","metodo_na_bacia":"ponto_representativo_grade_2022_within_bacia","pop_n_validos":1,"pop_n_total":1,"pop_completude":1.0,"dom_n_validos":1,"dom_n_total":1,"dom_completude":1.0},"geometry":{"type":"Polygon","coordinates":[[[-51.92446530852715,-29.312961002148462],[-51.924480086186975,-29.31109603395469],[-51.92248829829629,-29.311082190690474],[-51.92247350624728,-29.31294715888422],[-51.92446530852715,-29.312961002148462]]]}},{"type":"Feature","properties":{"id_grade":"200ME52086N80830","pop":5,"dom":2,"universo_dom":"domicilios_ocupados_grade_ibge_2022","na_bacia":1,"area_pct_bacia":100.0,"metodo_recorte_bacia":"ponto_representativo_grade_2022; area_pct_geometrica","status_borda_bacia":"total","metodo_area_bacia":"interseção geométrica em EPSG:5880","metodo_na_bacia":"ponto_representativo_grade_2022_within_bacia","pop_n_validos":1,"pop_n_total":1,"pop_completude":1.0,"dom_n_validos":1,"dom_n_total":1,"dom_completude":1.0},"geometry":{"type":"Polygon","coordinates":[[[-51.92247350624728,-29.31294715888422],[-51.92248829829629,-29.311082190690474],[-51.92049650950628,-29.311068334835745],[-51.920481703967425,-29.312933302130155],[-51.92247350624728,-29.31294715888422]]]}},{"type":"Feature","properties":{"id_grade":"200ME52098N80732","pop":7,"dom":3,"universo_dom":"domicilios_ocupados_grade_ibge_2022","na_bacia":1,"area_pct_bacia":100.0,"metodo_recorte_bacia":"ponto_representativo_grade_2022; area_pct_geometrica","status_borda_bacia":"total","metodo_area_bacia":"interseção geométrica em EPSG:5880","metodo_na_bacia":"ponto_representativo_grade_2022_within_bacia","pop_n_validos":1,"pop_n_total":1,"pop_completude":1.0,"dom_n_validos":1,"dom_n_total":1,"dom_completude":1.0},"geometry":{"type":"Polygon","coordinates":[[[-51.90979347368983,-29.404271870150648],[-51.90980836106695,-29.402405914501276],[-51.90781587889967,-29.402391966016285],[-51.90780097713332,-29.4042579216657],[-51.90979347368983,-29.404271870150648]]]}},{"type":"Feature","properties":{"id_grade":"200ME52094N80738","pop":5,"dom":2,"universo_dom":"domicilios_ocupados_grade_ibge_2022","na_bacia":1,"area_pct_bacia":100.0,"metodo_recorte_bacia":"ponto_representativo_grade_2022; area_pct_geometrica","status_borda_bacia":"total","metodo_area_bacia":"interseção geométrica em EPSG:5880","metodo_na_bacia":"ponto_representativo_grade_2022_within_bacia","pop_n_validos":1,"pop_n_total":1,"pop_completude":1.0,"dom_n_validos":1,"dom_n_total":1,"dom_completude":1.0},"geometry":{"type":"Polygon","coordinates":[[[-51.91382304259929,-29.39870191995763],[-51.9138379002988,-29.39683602546219],[-51.911845460399654,-29.3968221039569],[-51.911830588310984,-29.39868799935163],[-51.91382304259929,-29.39870191995763]]]}},{"type":"Feature","properties":{"id_grade":"200ME52096N80738","pop":16,"dom":3,"universo_dom":"domicilios_ocupados_grade_ibge_2022","na_bacia":1,"area_pct_bacia":100.0,"metodo_recorte_bacia":"ponto_representativo_grade_2022; area_pct_geometrica","status_borda_bacia":"total","metodo_area_bacia":"interseção geométrica em EPSG:5880","metodo_na_bacia":"ponto_representativo_grade_2022_within_bacia","pop_n_validos":1,"pop_n_total":1,"pop_completude":1.0,"dom_n_validos":1,"dom_n_total":1,"dom_completude":1.0},"geometry":{"type":"Polygon","coordinates":[[[-51.911830588310984,-29.39868799935163],[-51.911845460399654,-29.3968221039569],[-51.90985302139978,-29.396808169861085],[-51.90983813492192,-29.39867406435658],[-51.911830588310984,-29.39868799935163]]]}},{"type":"Feature","properties":{"id_grade":"200ME52094N80740","pop":13,"dom":3,"universo_dom":"domicilios_ocupados_grade_ibge_2022","na_bacia":1,"area_pct_bacia":100.0,"metodo_recorte_bacia":"ponto_representativo_grade_2022; area_pct_geometrica","status_borda_bacia":"total","metodo_area_bacia":"interseção geométrica em EPSG:5880","metodo_na_bacia":"ponto_representativo_grade_2022_within_bacia","pop_n_validos":1,"pop_n_total":1,"pop_completude":1.0,"dom_n_validos":1,"dom_n_total":1,"dom_completude":1.0},"geometry":{"type":"Polygon","coordinates":[[[-51.9138379002988,-29.39683602546219],[-51.91385275889769,-29.39497014985254],[-51.91186033248828,-29.394956229246528],[-51.911845460399654,-29.3968221039569],[-51.9138379002988,-29.39683602546219]]]}},{"type":"Feature","properties":{"id_grade":"200ME52096N80740","pop":4,"dom":1,"universo_dom":"domicilios_ocupados_grade_ibge_2022","na_bacia":1,"area_pct_bacia":100.0,"metodo_recorte_bacia":"ponto_representativo_grade_2022; area_pct_geometrica","status_borda_bacia":"total","metodo_area_bacia":"interseção geométrica em EPSG:5880","metodo_na_bacia":"ponto_representativo_grade_2022_within_bacia","pop_n_validos":1,"pop_n_total":1,"pop_completude":1.0,"dom_n_validos":1,"dom_n_total":1,"dom_completude":1.0},"geometry":{"type":"Polygon","coordinates":[[[-51.911845460399654,-29.3968221039569],[-51.91186033248828,-29.394956229246528],[-51.90986790697826,-29.394942295150706],[-51.90985302139978,-29.396808169861085],[-51.911845460399654,-29.3968221039569]]]}},{"type":"Feature","properties":{"id_grade":"200ME52098N80740","pop":3,"dom":1,"universo_dom":"domicilios_ocupados_grade_ibge_2022","na_bacia":1,"area_pct_bacia":100.0,"metodo_recorte_bacia":"ponto_representativo_grade_2022; area_pct_geometrica","status_borda_bacia":"total","metodo_area_bacia":"interseção geométrica em EPSG:5880","metodo_na_bacia":"ponto_representativo_grade_2022_within_bacia","pop_n_validos":1,"pop_n_total":1,"pop_completude":1.0,"dom_n_validos":1,"dom_n_total":1,"dom_completude":1.0},"geometry":{"type":"Polygon","coordinates":[[[-51.90985302139978,-29.396808169861085],[-51.90986790697826,-29.394942295150706],[-51.90787548236756,-29.3949283484645],[-51.90786058150058,-29.39679422227546],[-51.90985302139978,-29.396808169861085]]]}},{"type":"Feature","properties":{"id_grade":"200ME52090N80742","pop":21,"dom":8,"universo_dom":"domicilios_ocupados_grade_ibge_2022","na_bacia":1,"area_pct_bacia":100.0,"metodo_recorte_bacia":"ponto_representativo_grade_2022; area_pct_geometrica","status_borda_bacia":"total","metodo_area_bacia":"interseção geométrica em EPSG:5880","metodo_na_bacia":"ponto_representativo_grade_2022_within_bacia","pop_n_validos":1,"pop_n_total":1,"pop_completude":1.0,"dom_n_validos":1,"dom_n_total":1,"dom_completude":1.0},"geometry":{"type":"Polygon","coordinates":[[[-51.91783761081706,-29.394997951494215],[-51.91785243973828,-29.393132096568934],[-51.915860027718054,-29.393118202942667],[-51.915845184407715,-29.394984057867994],[-51.91783761081706,-29.394997951494215]]]}},{"type":"Feature","properties":{"id_grade":"200ME52092N80742","pop":1,"dom":1,"universo_dom":"domicilios_ocupados_grade_ibge_2022","na_bacia":1,"area_pct_bacia":100.0,"metodo_recorte_bacia":"ponto_representativo_grade_2022; area_pct_geometrica","status_borda_bacia":"total","metodo_area_bacia":"interseção geométrica em EPSG:5880","metodo_na_bacia":"ponto_representativo_grade_2022_within_bacia","pop_n_validos":1,"pop_n_total":1,"pop_completude":1.0,"dom_n_validos":1,"dom_n_total":1,"dom_completude":1.0},"geometry":{"type":"Polygon","coordinates":[[[-51.915845184407715,-29.394984057867994],[-51.915860027718054,-29.393118202942667],[-51.9138676165972,-29.393104295826525],[-51.91385275889769,-29.39497014985254],[-51.915845184407715,-29.394984057867994]]]}},{"type":"Feature","properties":{"id_grade":"200ME52098N80742","pop":8,"dom":3,"universo_dom":"domicilios_ocupados_grade_ibge_2022","na_bacia":1,"area_pct_bacia":100.0,"metodo_recorte_bacia":"ponto_representativo_grade_2022; area_pct_geometrica","status_borda_bacia":"total","metodo_area_bacia":"interseção geométrica em EPSG:5880","metodo_na_bacia":"ponto_representativo_grade_2022_within_bacia","pop_n_validos":1,"pop_n_total":1,"pop_completude":1.0,"dom_n_validos":1,"dom_n_total":1,"dom_completude":1.0},"geometry":{"type":"Polygon","coordinates":[[[-51.90986790697826,-29.394942295150706],[-51.90988279345612,-29.393076441124858],[-51.90789038233521,-29.39306249443852],[-51.90787548236756,-29.3949283484645],[-51.90986790697826,-29.394942295150706]]]}},{"type":"Feature","properties":{"id_grade":"200ME52090N80744","pop":44,"dom":15,"universo_dom":"domicilios_ocupados_grade_ibge_2022","na_bacia":1,"area_pct_bacia":100.0,"metodo_recorte_bacia":"ponto_representativo_grade_2022; area_pct_geometrica","status_borda_bacia":"total","metodo_area_bacia":"interseção geométrica em EPSG:5880","metodo_na_bacia":"ponto_representativo_grade_2022_within_bacia","pop_n_validos":1,"pop_n_total":1,"pop_completude":1.0,"dom_n_validos":1,"dom_n_total":1,"dom_completude":1.0},"geometry":{"type":"Polygon","coordinates":[[[-51.91785243973828,-29.393132096568934],[-51.917867269558826,-29.391266261428836],[-51.91587487102845,-29.39125236780249],[-51.915860027718054,-29.393118202942667],[-51.91785243973828,-29.393132096568934]]]}},{"type":"Feature","properties":{"id_grade":"200ME52092N80744","pop":39,"dom":15,"universo_dom":"domicilios_ocupados_grade_ibge_2022","na_bacia":1,"area_pct_bacia":100.0,"metodo_recorte_bacia":"ponto_representativo_grade_2022; area_pct_geometrica","status_borda_bacia":"total","metodo_area_bacia":"interseção geométrica em EPSG:5880","metodo_na_bacia":"ponto_representativo_grade_2022_within_bacia","pop_n_validos":1,"pop_n_total":1,"pop_completude":1.0,"dom_n_validos":1,"dom_n_total":1,"dom_completude":1.0},"geometry":{"type":"Polygon","coordinates":[[[-51.915860027718054,-29.393118202942667],[-51.91587487102845,-29.39125236780249],[-51.91388247339739,-29.391238460686374],[-51.9138676165972,-29.393104295826525],[-51.915860027718054,-29.393118202942667]]]}},{"type":"Feature","properties":{"id_grade":"200ME52094N80744","pop":5,"dom":2,"universo_dom":"domicilios_ocupados_grade_ibge_2022","na_bacia":1,"area_pct_bacia":100.0,"metodo_recorte_bacia":"ponto_representativo_grade_2022; area_pct_geometrica","status_borda_bacia":"total","metodo_area_bacia":"interseção geométrica em EPSG:5880","metodo_na_bacia":"ponto_representativo_grade_2022_within_bacia","pop_n_validos":1,"pop_n_total":1,"pop_completude":1.0,"dom_n_validos":1,"dom_n_total":1,"dom_completude":1.0},"geometry":{"type":"Polygon","coordinates":[[[-51.9138676165972,-29.393104295826525],[-51.91388247339739,-29.391238460686374],[-51.91189007666566,-29.391224540979728],[-51.911875204576965,-29.39309037522068],[-51.9138676165972,-29.393104295826525]]]}},{"type":"Feature","properties":{"id_grade":"200ME52096N80744","pop":2,"dom":1,"universo_dom":"domicilios_ocupados_grade_ibge_2022","na_bacia":1,"area_pct_bacia":100.0,"metodo_recorte_bacia":"ponto_representativo_grade_2022; area_pct_geometrica","status_borda_bacia":"total","metodo_area_bacia":"interseção geométrica em EPSG:5880","metodo_na_bacia":"ponto_representativo_grade_2022_within_bacia","pop_n_validos":1,"pop_n_total":1,"pop_completude":1.0,"dom_n_validos":1,"dom_n_total":1,"dom_completude":1.0},"geometry":{"type":"Polygon","coordinates":[[[-51.911875204576965,-29.39309037522068],[-51.91189007666566,-29.391224540979728],[-51.90989767903459,-29.391210607783304],[-51.90988279345612,-29.393076441124858],[-51.911875204576965,-29.39309037522068]]]}},{"type":"Feature","properties":{"id_grade":"200ME52098N80744","pop":4,"dom":2,"universo_dom":"domicilios_ocupados_grade_ibge_2022","na_bacia":1,"area_pct_bacia":100.0,"metodo_recorte_bacia":"ponto_representativo_grade_2022; area_pct_geometrica","status_borda_bacia":"total","metodo_area_bacia":"interseção geométrica em EPSG:5880","metodo_na_bacia":"ponto_representativo_grade_2022_within_bacia","pop_n_validos":1,"pop_n_total":1,"pop_completude":1.0,"dom_n_validos":1,"dom_n_total":1,"dom_completude":1.0},"geometry":{"type":"Polygon","coordinates":[[[-51.90988279345612,-29.393076441124858],[-51.90989767903459,-29.391210607783304],[-51.90790528230292,-29.391196661096966],[-51.90789038233521,-29.39306249443852],[-51.90988279345612,-29.393076441124858]]]}},{"type":"Feature","properties":{"id_grade":"200ME52090N80746","pop":73,"dom":25,"universo_dom":"domicilios_ocupados_grade_ibge_2022","na_bacia":1,"area_pct_bacia":100.0,"metodo_recorte_bacia":"ponto_representativo_grade_2022; area_pct_geometrica","status_borda_bacia":"total","metodo_area_bacia":"interseção geométrica em EPSG:5880","metodo_na_bacia":"ponto_representativo_grade_2022_within_bacia","pop_n_validos":1,"pop_n_total":1,"pop_completude":1.0,"dom_n_validos":1,"dom_n_total":1,"dom_completude":1.0},"geometry":{"type":"Polygon","coordinates":[[[-51.917867269558826,-29.391266261428836],[-51.91788209847999,-29.389400446973017],[-51.91588971433879,-29.389386553346732],[-51.91587487102845,-29.39125236780249],[-51.917867269558826,-29.391266261428836]]]}},{"type":"Feature","properties":{"id_grade":"200ME52092N80746","pop":15,"dom":4,"universo_dom":"domicilios_ocupados_grade_ibge_2022","na_bacia":1,"area_pct_bacia":100.0,"metodo_recorte_bacia":"ponto_representativo_grade_2022; area_pct_geometrica","status_borda_bacia":"total","metodo_area_bacia":"interseção geométrica em EPSG:5880","metodo_na_bacia":"ponto_representativo_grade_2022_within_bacia","pop_n_validos":1,"pop_n_total":1,"pop_completude":1.0,"dom_n_validos":1,"dom_n_total":1,"dom_completude":1.0},"geometry":{"type":"Polygon","coordinates":[[[-51.91587487102845,-29.39125236780249],[-51.91588971433879,-29.389386553346732],[-51.913897331096905,-29.389372647129886],[-51.91388247339739,-29.391238460686374],[-51.91587487102845,-29.39125236780249]]]}},{"type":"Feature","properties":{"id_grade":"200ME52092N80748","pop":29,"dom":11,"universo_dom":"domicilios_ocupados_grade_ibge_2022","na_bacia":1,"area_pct_bacia":100.0,"metodo_recorte_bacia":"ponto_representativo_grade_2022; area_pct_geometrica","status_borda_bacia":"total","metodo_area_bacia":"interseção geométrica em EPSG:5880","metodo_na_bacia":"ponto_representativo_grade_2022_within_bacia","pop_n_validos":1,"pop_n_total":1,"pop_completude":1.0,"dom_n_validos":1,"dom_n_total":1,"dom_completude":1.0},"geometry":{"type":"Polygon","coordinates":[[[-51.91588971433879,-29.389386553346732],[-51.915904557649185,-29.387520759575356],[-51.91391218789709,-29.387506853358573],[-51.913897331096905,-29.389372647129886],[-51.91588971433879,-29.389386553346732]]]}},{"type":"Feature","properties":{"id_grade":"200ME52090N80750","pop":142,"dom":48,"universo_dom":"domicilios_ocupados_grade_ibge_2022","na_bacia":1,"area_pct_bacia":100.0,"metodo_recorte_bacia":"ponto_representativo_grade_2022; area_pct_geometrica","status_borda_bacia":"total","metodo_area_bacia":"interseção geométrica em EPSG:5880","metodo_na_bacia":"ponto_representativo_grade_2022_within_bacia","pop_n_validos":1,"pop_n_total":1,"pop_completude":1.0,"dom_n_validos":1,"dom_n_total":1,"dom_completude":1.0},"geometry":{"type":"Polygon","coordinates":[[[-51.9178969265019,-29.38753465230231],[-51.91791175542312,-29.38566887831602],[-51.915919400060204,-29.385654985589056],[-51.915904557649185,-29.387520759575356],[-51.9178969265019,-29.38753465230231]]]}},{"type":"Feature","properties":{"id_grade":"200ME52092N80750","pop":125,"dom":47,"universo_dom":"domicilios_ocupados_grade_ibge_2022","na_bacia":1,"area_pct_bacia":100.0,"metodo_recorte_bacia":"ponto_representativo_grade_2022; area_pct_geometrica","status_borda_bacia":"total","metodo_area_bacia":"interseção geométrica em EPSG:5880","metodo_na_bacia":"ponto_representativo_grade_2022_within_bacia","pop_n_validos":1,"pop_n_total":1,"pop_completude":1.0,"dom_n_validos":1,"dom_n_total":1,"dom_completude":1.0},"geometry":{"type":"Polygon","coordinates":[[[-51.915904557649185,-29.387520759575356],[-51.915919400060204,-29.385654985589056],[-51.91392704469729,-29.385641079372256],[-51.91391218789709,-29.387506853358573],[-51.915904557649185,-29.387520759575356]]]}},{"type":"Feature","properties":{"id_grade":"200ME52094N80750","pop":90,"dom":34,"universo_dom":"domicilios_ocupados_grade_ibge_2022","na_bacia":1,"area_pct_bacia":100.0,"metodo_recorte_bacia":"ponto_representativo_grade_2022; area_pct_geometrica","status_borda_bacia":"total","metodo_area_bacia":"interseção geométrica em EPSG:5880","metodo_na_bacia":"ponto_representativo_grade_2022_within_bacia","pop_n_validos":1,"pop_n_total":1,"pop_completude":1.0,"dom_n_validos":1,"dom_n_total":1,"dom_completude":1.0},"geometry":{"type":"Polygon","coordinates":[[[-51.91391218789709,-29.387506853358573],[-51.91392704469729,-29.385641079372256],[-51.91193469023375,-29.38562715966559],[-51.91191981904439,-29.387492933651895],[-51.91391218789709,-29.387506853358573]]]}},{"type":"Feature","properties":{"id_grade":"200ME52090N80752","pop":76,"dom":26,"universo_dom":"domicilios_ocupados_grade_ibge_2022","na_bacia":1,"area_pct_bacia":100.0,"metodo_recorte_bacia":"ponto_representativo_grade_2022; area_pct_geometrica","status_borda_bacia":"total","metodo_area_bacia":"interseção geométrica em EPSG:5880","metodo_na_bacia":"ponto_representativo_grade_2022_within_bacia","pop_n_validos":1,"pop_n_total":1,"pop_completude":1.0,"dom_n_validos":1,"dom_n_total":1,"dom_completude":1.0},"geometry":{"type":"Polygon","coordinates":[[[-51.91791175542312,-29.38566887831602],[-51.91792658344502,-29.383803124114802],[-51.91593424247128,-29.383789231387933],[-51.915919400060204,-29.385654985589056],[-51.91791175542312,-29.38566887831602]]]}},{"type":"Feature","properties":{"id_grade":"200ME52092N80752","pop":2,"dom":1,"universo_dom":"domicilios_ocupados_grade_ibge_2022","na_bacia":1,"area_pct_bacia":100.0,"metodo_recorte_bacia":"ponto_representativo_grade_2022; area_pct_geometrica","status_borda_bacia":"total","metodo_area_bacia":"interseção geométrica em EPSG:5880","metodo_na_bacia":"ponto_representativo_grade_2022_within_bacia","pop_n_validos":1,"pop_n_total":1,"pop_completude":1.0,"dom_n_validos":1,"dom_n_total":1,"dom_completude":1.0},"geometry":{"type":"Polygon","coordinates":[[[-51.915919400060204,-29.385654985589056],[-51.91593424247128,-29.383789231387933],[-51.91394190149753,-29.383775326070403],[-51.91392704469729,-29.385641079372256],[-51.915919400060204,-29.385654985589056]]]}},{"type":"Feature","properties":{"id_grade":"200ME52090N80756","pop":8,"dom":3,"universo_dom":"domicilios_ocupados_grade_ibge_2022","na_bacia":1,"area_pct_bacia":100.0,"metodo_recorte_bacia":"ponto_representativo_grade_2022; area_pct_geometrica","status_borda_bacia":"total","metodo_area_bacia":"interseção geométrica em EPSG:5880","metodo_na_bacia":"ponto_representativo_grade_2022_within_bacia","pop_n_validos":1,"pop_n_total":1,"pop_completude":1.0,"dom_n_validos":1,"dom_n_total":1,"dom_completude":1.0},"geometry":{"type":"Polygon","coordinates":[[[-51.917941411466934,-29.381937390598086],[-51.91795623948884,-29.380071676866386],[-51.915963926394056,-29.38005778503877],[-51.91594908488231,-29.38192349787107],[-51.917941411466934,-29.381937390598086]]]}},{"type":"Feature","properties":{"id_grade":"200ME52090N80758","pop":109,"dom":34,"universo_dom":"domicilios_ocupados_grade_ibge_2022","na_bacia":1,"area_pct_bacia":100.0,"metodo_recorte_bacia":"ponto_representativo_grade_2022; area_pct_geometrica","status_borda_bacia":"total","metodo_area_bacia":"interseção geométrica em EPSG:5880","metodo_na_bacia":"ponto_representativo_grade_2022_within_bacia","pop_n_validos":1,"pop_n_total":1,"pop_completude":1.0,"dom_n_validos":1,"dom_n_total":1,"dom_completude":1.0},"geometry":{"type":"Polygon","coordinates":[[[-51.91795623948884,-29.380071676866386],[-51.917971067510734,-29.378205983819008],[-51.915978768805076,-29.378192091991405],[-51.915963926394056,-29.38005778503877],[-51.91795623948884,-29.380071676866386]]]}},{"type":"Feature","properties":{"id_grade":"200ME52092N80758","pop":139,"dom":50,"universo_dom":"domicilios_ocupados_grade_ibge_2022","na_bacia":1,"area_pct_bacia":100.0,"metodo_recorte_bacia":"ponto_representativo_grade_2022; area_pct_geometrica","status_borda_bacia":"total","metodo_area_bacia":"interseção geométrica em EPSG:5880","metodo_na_bacia":"ponto_representativo_grade_2022_within_bacia","pop_n_validos":1,"pop_n_total":1,"pop_completude":1.0,"dom_n_validos":1,"dom_n_total":1,"dom_completude":1.0},"geometry":{"type":"Polygon","coordinates":[[[-51.915963926394056,-29.38005778503877],[-51.915978768805076,-29.378192091991405],[-51.91398647009947,-29.378178186674],[-51.9139716141986,-29.380043879721242],[-51.915963926394056,-29.38005778503877]]]}},{"type":"Feature","properties":{"id_grade":"200ME52096N80758","pop":2,"dom":1,"universo_dom":"domicilios_ocupados_grade_ibge_2022","na_bacia":1,"area_pct_bacia":100.0,"metodo_recorte_bacia":"ponto_representativo_grade_2022; area_pct_geometrica","status_borda_bacia":"total","metodo_area_bacia":"interseção geométrica em EPSG:5880","metodo_na_bacia":"ponto_representativo_grade_2022_within_bacia","pop_n_validos":1,"pop_n_total":1,"pop_completude":1.0,"dom_n_validos":1,"dom_n_total":1,"dom_completude":1.0},"geometry":{"type":"Polygon","coordinates":[[[-51.91197930200315,-29.380029960914005],[-51.91199417229319,-29.37816426786668],[-51.91000187448685,-29.3781503364688],[-51.90998698980769,-29.380016028616733],[-51.91197930200315,-29.380029960914005]]]}},{"type":"Feature","properties":{"id_grade":"200ME52090N80760","pop":43,"dom":16,"universo_dom":"domicilios_ocupados_grade_ibge_2022","na_bacia":1,"area_pct_bacia":100.0,"metodo_recorte_bacia":"ponto_representativo_grade_2022; area_pct_geometrica","status_borda_bacia":"total","metodo_area_bacia":"interseção geométrica em EPSG:5880","metodo_na_bacia":"ponto_representativo_grade_2022_within_bacia","pop_n_validos":1,"pop_n_total":1,"pop_completude":1.0,"dom_n_validos":1,"dom_n_total":1,"dom_completude":1.0},"geometry":{"type":"Polygon","coordinates":[[[-51.917971067510734,-29.378205983819008],[-51.91798589463326,-29.37634031055688],[-51.915993610316825,-29.376326418729214],[-51.915978768805076,-29.378192091991405],[-51.917971067510734,-29.378205983819008]]]}},{"type":"Feature","properties":{"id_grade":"200ME52092N80760","pop":164,"dom":67,"universo_dom":"domicilios_ocupados_grade_ibge_2022","na_bacia":1,"area_pct_bacia":100.0,"metodo_recorte_bacia":"ponto_representativo_grade_2022; area_pct_geometrica","status_borda_bacia":"total","metodo_area_bacia":"interseção geométrica em EPSG:5880","metodo_na_bacia":"ponto_representativo_grade_2022_within_bacia","pop_n_validos":1,"pop_n_total":1,"pop_completude":1.0,"dom_n_validos":1,"dom_n_total":1,"dom_completude":1.0},"geometry":{"type":"Polygon","coordinates":[[[-51.915978768805076,-29.378192091991405],[-51.915993610316825,-29.376326418729214],[-51.914001326000346,-29.376312514311],[-51.91398647009947,-29.378178186674],[-51.915978768805076,-29.378192091991405]]]}},{"type":"Feature","properties":{"id_grade":"200ME52094N80760","pop":21,"dom":7,"universo_dom":"domicilios_ocupados_grade_ibge_2022","na_bacia":1,"area_pct_bacia":100.0,"metodo_recorte_bacia":"ponto_representativo_grade_2022; area_pct_geometrica","status_borda_bacia":"total","metodo_area_bacia":"interseção geométrica em EPSG:5880","metodo_na_bacia":"ponto_representativo_grade_2022_within_bacia","pop_n_validos":1,"pop_n_total":1,"pop_completude":1.0,"dom_n_validos":1,"dom_n_total":1,"dom_completude":1.0},"geometry":{"type":"Polygon","coordinates":[[[-51.91398647009947,-29.378178186674],[-51.914001326000346,-29.376312514311],[-51.91200904258318,-29.37629859550371],[-51.91199417229319,-29.37816426786668],[-51.91398647009947,-29.378178186674]]]}},{"type":"Feature","properties":{"id_grade":"200ME52096N80760","pop":1,"dom":1,"universo_dom":"domicilios_ocupados_grade_ibge_2022","na_bacia":1,"area_pct_bacia":100.0,"metodo_recorte_bacia":"ponto_representativo_grade_2022; area_pct_geometrica","status_borda_bacia":"total","metodo_area_bacia":"interseção geométrica em EPSG:5880","metodo_na_bacia":"ponto_representativo_grade_2022_within_bacia","pop_n_validos":1,"pop_n_total":1,"pop_completude":1.0,"dom_n_validos":1,"dom_n_total":1,"dom_completude":1.0},"geometry":{"type":"Polygon","coordinates":[[[-51.91199417229319,-29.37816426786668],[-51.91200904258318,-29.37629859550371],[-51.91001675826675,-29.376284664105892],[-51.91000187448685,-29.3781503364688],[-51.91199417229319,-29.37816426786668]]]}},{"type":"Feature","properties":{"id_grade":"200ME52098N80760","pop":18,"dom":5,"universo_dom":"domicilios_ocupados_grade_ibge_2022","na_bacia":1,"area_pct_bacia":100.0,"metodo_recorte_bacia":"ponto_representativo_grade_2022; area_pct_geometrica","status_borda_bacia":"total","metodo_area_bacia":"interseção geométrica em EPSG:5880","metodo_na_bacia":"ponto_representativo_grade_2022_within_bacia","pop_n_validos":1,"pop_n_total":1,"pop_completude":1.0,"dom_n_validos":1,"dom_n_total":1,"dom_completude":1.0},"geometry":{"type":"Polygon","coordinates":[[[-51.91000187448685,-29.3781503364688],[-51.91001675826675,-29.376284664105892],[-51.908024474849576,-29.37627072011756],[-51.90800957668057,-29.378136391581172],[-51.91000187448685,-29.3781503364688]]]}},{"type":"Feature","properties":{"id_grade":"200ME52090N80762","pop":28,"dom":12,"universo_dom":"domicilios_ocupados_grade_ibge_2022","na_bacia":1,"area_pct_bacia":100.0,"metodo_recorte_bacia":"ponto_representativo_grade_2022; area_pct_geometrica","status_borda_bacia":"total","metodo_area_bacia":"interseção geométrica em EPSG:5880","metodo_na_bacia":"ponto_representativo_grade_2022_within_bacia","pop_n_validos":1,"pop_n_total":1,"pop_completude":1.0,"dom_n_validos":1,"dom_n_total":1,"dom_completude":1.0},"geometry":{"type":"Polygon","coordinates":[[[-51.91798589463326,-29.37634031055688],[-51.918000721755845,-29.37447465797899],[-51.91600845182854,-29.374460766151394],[-51.915993610316825,-29.376326418729214],[-51.91798589463326,-29.37634031055688]]]}},{"type":"Feature","properties":{"id_grade":"200ME52092N80762","pop":38,"dom":10,"universo_dom":"domicilios_ocupados_grade_ibge_2022","na_bacia":1,"area_pct_bacia":100.0,"metodo_recorte_bacia":"ponto_representativo_grade_2022; area_pct_geometrica","status_borda_bacia":"total","metodo_area_bacia":"interseção geométrica em EPSG:5880","metodo_na_bacia":"ponto_representativo_grade_2022_within_bacia","pop_n_validos":1,"pop_n_total":1,"pop_completude":1.0,"dom_n_validos":1,"dom_n_total":1,"dom_completude":1.0},"geometry":{"type":"Polygon","coordinates":[[[-51.915993610316825,-29.376326418729214],[-51.91600845182854,-29.374460766151394],[-51.914016181901225,-29.37444686173323],[-51.914001326000346,-29.376312514311],[-51.915993610316825,-29.376326418729214]]]}},{"type":"Feature","properties":{"id_grade":"200ME52094N80762","pop":42,"dom":15,"universo_dom":"domicilios_ocupados_grade_ibge_2022","na_bacia":1,"area_pct_bacia":100.0,"metodo_recorte_bacia":"ponto_representativo_grade_2022; area_pct_geometrica","status_borda_bacia":"total","metodo_area_bacia":"interseção geométrica em EPSG:5880","metodo_na_bacia":"ponto_representativo_grade_2022_within_bacia","pop_n_validos":1,"pop_n_total":1,"pop_completude":1.0,"dom_n_validos":1,"dom_n_total":1,"dom_completude":1.0},"geometry":{"type":"Polygon","coordinates":[[[-51.914001326000346,-29.376312514311],[-51.914016181901225,-29.37444686173323],[-51.912023911973904,-29.374432943825305],[-51.91200904258318,-29.37629859550371],[-51.914001326000346,-29.376312514311]]]}},{"type":"Feature","properties":{"id_grade":"200ME52096N80762","pop":5,"dom":2,"universo_dom":"domicilios_ocupados_grade_ibge_2022","na_bacia":1,"area_pct_bacia":100.0,"metodo_recorte_bacia":"ponto_representativo_grade_2022; area_pct_geometrica","status_borda_bacia":"total","metodo_area_bacia":"interseção geométrica em EPSG:5880","metodo_na_bacia":"ponto_representativo_grade_2022_within_bacia","pop_n_validos":1,"pop_n_total":1,"pop_completude":1.0,"dom_n_validos":1,"dom_n_total":1,"dom_completude":1.0},"geometry":{"type":"Polygon","coordinates":[[[-51.91200904258318,-29.37629859550371],[-51.912023911973904,-29.374432943825305],[-51.91003164294592,-29.374419012427417],[-51.91001675826675,-29.376284664105892],[-51.91200904258318,-29.37629859550371]]]}},{"type":"Feature","properties":{"id_grade":"200ME52098N80762","pop":12,"dom":5,"universo_dom":"domicilios_ocupados_grade_ibge_2022","na_bacia":1,"area_pct_bacia":100.0,"metodo_recorte_bacia":"ponto_representativo_grade_2022; area_pct_geometrica","status_borda_bacia":"total","metodo_area_bacia":"interseção geométrica em EPSG:5880","metodo_na_bacia":"ponto_representativo_grade_2022_within_bacia","pop_n_validos":1,"pop_n_total":1,"pop_completude":1.0,"dom_n_validos":1,"dom_n_total":1,"dom_completude":1.0},"geometry":{"type":"Polygon","coordinates":[[[-51.91001675826675,-29.376284664105892],[-51.91003164294592,-29.374419012427417],[-51.9080393730186,-29.37440506843918],[-51.908024474849576,-29.37627072011756],[-51.91001675826675,-29.376284664105892]]]}},{"type":"Feature","properties":{"id_grade":"200ME52090N80764","pop":4,"dom":2,"universo_dom":"domicilios_ocupados_grade_ibge_2022","na_bacia":1,"area_pct_bacia":100.0,"metodo_recorte_bacia":"ponto_representativo_grade_2022; area_pct_geometrica","status_borda_bacia":"total","metodo_area_bacia":"interseção geométrica em EPSG:5880","metodo_na_bacia":"ponto_representativo_grade_2022_within_bacia","pop_n_validos":1,"pop_n_total":1,"pop_completude":1.0,"dom_n_validos":1,"dom_n_total":1,"dom_completude":1.0},"geometry":{"type":"Polygon","coordinates":[[[-51.918000721755845,-29.37447465797899],[-51.91801554887843,-29.3726090251863],[-51.916023292440975,-29.37259513425805],[-51.91600845182854,-29.374460766151394],[-51.918000721755845,-29.37447465797899]]]}},{"type":"Feature","properties":{"id_grade":"200ME52092N80764","pop":16,"dom":6,"universo_dom":"domicilios_ocupados_grade_ibge_2022","na_bacia":1,"area_pct_bacia":100.0,"metodo_recorte_bacia":"ponto_representativo_grade_2022; area_pct_geometrica","status_borda_bacia":"total","metodo_area_bacia":"interseção geométrica em EPSG:5880","metodo_na_bacia":"ponto_representativo_grade_2022_within_bacia","pop_n_validos":1,"pop_n_total":1,"pop_completude":1.0,"dom_n_validos":1,"dom_n_total":1,"dom_completude":1.0},"geometry":{"type":"Polygon","coordinates":[[[-51.91600845182854,-29.374460766151394],[-51.916023292440975,-29.37259513425805],[-51.91403103690277,-29.37258122983986],[-51.914016181901225,-29.37444686173323],[-51.91600845182854,-29.374460766151394]]]}},{"type":"Feature","properties":{"id_grade":"200ME52094N80764","pop":4,"dom":2,"universo_dom":"domicilios_ocupados_grade_ibge_2022","na_bacia":1,"area_pct_bacia":100.0,"metodo_recorte_bacia":"ponto_representativo_grade_2022; area_pct_geometrica","status_borda_bacia":"total","metodo_area_bacia":"interseção geométrica em EPSG:5880","metodo_na_bacia":"ponto_representativo_grade_2022_within_bacia","pop_n_validos":1,"pop_n_total":1,"pop_completude":1.0,"dom_n_validos":1,"dom_n_total":1,"dom_completude":1.0},"geometry":{"type":"Polygon","coordinates":[[[-51.914016181901225,-29.37444686173323],[-51.91403103690277,-29.37258122983986],[-51.91203878136463,-29.3725673119319],[-51.912023911973904,-29.374432943825305],[-51.914016181901225,-29.37444686173323]]]}},{"type":"Feature","properties":{"id_grade":"200ME52096N80764","pop":3,"dom":1,"universo_dom":"domicilios_ocupados_grade_ibge_2022","na_bacia":1,"area_pct_bacia":100.0,"metodo_recorte_bacia":"ponto_representativo_grade_2022; area_pct_geometrica","status_borda_bacia":"total","metodo_area_bacia":"interseção geométrica em EPSG:5880","metodo_na_bacia":"ponto_representativo_grade_2022_within_bacia","pop_n_validos":1,"pop_n_total":1,"pop_completude":1.0,"dom_n_validos":1,"dom_n_total":1,"dom_completude":1.0},"geometry":{"type":"Polygon","coordinates":[[[-51.912023911973904,-29.374432943825305],[-51.91203878136463,-29.3725673119319],[-51.9100465267258,-29.37255338053403],[-51.91003164294592,-29.374419012427417],[-51.912023911973904,-29.374432943825305]]]}},{"type":"Feature","properties":{"id_grade":"200ME52090N80766","pop":2,"dom":1,"universo_dom":"domicilios_ocupados_grade_ibge_2022","na_bacia":1,"area_pct_bacia":100.0,"metodo_recorte_bacia":"ponto_representativo_grade_2022; area_pct_geometrica","status_borda_bacia":"total","metodo_area_bacia":"interseção geométrica em EPSG:5880","metodo_na_bacia":"ponto_representativo_grade_2022_within_bacia","pop_n_validos":1,"pop_n_total":1,"pop_completude":1.0,"dom_n_validos":1,"dom_n_total":1,"dom_completude":1.0},"geometry":{"type":"Polygon","coordinates":[[[-51.91801554887843,-29.3726090251863],[-51.91803037600101,-29.370743412178765],[-51.916038133952675,-29.370729521250368],[-51.916023292440975,-29.37259513425805],[-51.91801554887843,-29.3726090251863]]]}},{"type":"Feature","properties":{"id_grade":"200ME52092N80766","pop":9,"dom":2,"universo_dom":"domicilios_ocupados_grade_ibge_2022","na_bacia":1,"area_pct_bacia":100.0,"metodo_recorte_bacia":"ponto_representativo_grade_2022; area_pct_geometrica","status_borda_bacia":"total","metodo_area_bacia":"interseção geométrica em EPSG:5880","metodo_na_bacia":"ponto_representativo_grade_2022_within_bacia","pop_n_validos":1,"pop_n_total":1,"pop_completude":1.0,"dom_n_validos":1,"dom_n_total":1,"dom_completude":1.0},"geometry":{"type":"Polygon","coordinates":[[[-51.916023292440975,-29.37259513425805],[-51.916038133952675,-29.370729521250368],[-51.91404589190433,-29.370715617731605],[-51.91403103690277,-29.37258122983986],[-51.916023292440975,-29.37259513425805]]]}},{"type":"Feature","properties":{"id_grade":"200ME52094N80766","pop":17,"dom":7,"universo_dom":"domicilios_ocupados_grade_ibge_2022","na_bacia":1,"area_pct_bacia":100.0,"metodo_recorte_bacia":"ponto_representativo_grade_2022; area_pct_geometrica","status_borda_bacia":"total","metodo_area_bacia":"interseção geométrica em EPSG:5880","metodo_na_bacia":"ponto_representativo_grade_2022_within_bacia","pop_n_validos":1,"pop_n_total":1,"pop_completude":1.0,"dom_n_validos":1,"dom_n_total":1,"dom_completude":1.0},"geometry":{"type":"Polygon","coordinates":[[[-51.91403103690277,-29.37258122983986],[-51.91404589190433,-29.370715617731605],[-51.912053650755354,-29.370701699823524],[-51.91203878136463,-29.3725673119319],[-51.91403103690277,-29.37258122983986]]]}},{"type":"Feature","properties":{"id_grade":"200ME52096N80766","pop":3,"dom":1,"universo_dom":"domicilios_ocupados_grade_ibge_2022","na_bacia":1,"area_pct_bacia":100.0,"metodo_recorte_bacia":"ponto_representativo_grade_2022; area_pct_geometrica","status_borda_bacia":"total","metodo_area_bacia":"interseção geométrica em EPSG:5880","metodo_na_bacia":"ponto_representativo_grade_2022_within_bacia","pop_n_validos":1,"pop_n_total":1,"pop_completude":1.0,"dom_n_validos":1,"dom_n_total":1,"dom_completude":1.0},"geometry":{"type":"Polygon","coordinates":[[[-51.91203878136463,-29.3725673119319],[-51.912053650755354,-29.370701699823524],[-51.910061409606335,-29.370687769325013],[-51.9100465267258,-29.37255338053403],[-51.91203878136463,-29.3725673119319]]]}},{"type":"Feature","properties":{"id_grade":"200ME52092N80768","pop":1,"dom":1,"universo_dom":"domicilios_ocupados_grade_ibge_2022","na_bacia":1,"area_pct_bacia":100.0,"metodo_recorte_bacia":"ponto_representativo_grade_2022; area_pct_geometrica","status_borda_bacia":"total","metodo_area_bacia":"interseção geométrica em EPSG:5880","metodo_na_bacia":"ponto_representativo_grade_2022_within_bacia","pop_n_validos":1,"pop_n_total":1,"pop_completude":1.0,"dom_n_validos":1,"dom_n_total":1,"dom_completude":1.0},"geometry":{"type":"Polygon","coordinates":[[[-51.916038133952675,-29.370729521250368],[-51.9160529745651,-29.368863929826432],[-51.91406074690593,-29.368850025408282],[-51.91404589190433,-29.370715617731605],[-51.916038133952675,-29.370729521250368]]]}},{"type":"Feature","properties":{"id_grade":"200ME52094N80768","pop":9,"dom":3,"universo_dom":"domicilios_ocupados_grade_ibge_2022","na_bacia":1,"area_pct_bacia":100.0,"metodo_recorte_bacia":"ponto_representativo_grade_2022; area_pct_geometrica","status_borda_bacia":"total","metodo_area_bacia":"interseção geométrica em EPSG:5880","metodo_na_bacia":"ponto_representativo_grade_2022_within_bacia","pop_n_validos":1,"pop_n_total":1,"pop_completude":1.0,"dom_n_validos":1,"dom_n_total":1,"dom_completude":1.0},"geometry":{"type":"Polygon","coordinates":[[[-51.91404589190433,-29.370715617731605],[-51.91406074690593,-29.368850025408282],[-51.91206852014602,-29.368836108399602],[-51.912053650755354,-29.370701699823524],[-51.91404589190433,-29.370715617731605]]]}},{"type":"Feature","properties":{"id_grade":"200ME52096N80768","pop":21,"dom":7,"universo_dom":"domicilios_ocupados_grade_ibge_2022","na_bacia":1,"area_pct_bacia":100.0,"metodo_recorte_bacia":"ponto_representativo_grade_2022; area_pct_geometrica","status_borda_bacia":"total","metodo_area_bacia":"interseção geométrica em EPSG:5880","metodo_na_bacia":"ponto_representativo_grade_2022_within_bacia","pop_n_validos":1,"pop_n_total":1,"pop_completude":1.0,"dom_n_validos":1,"dom_n_total":1,"dom_completude":1.0},"geometry":{"type":"Polygon","coordinates":[[[-51.912053650755354,-29.370701699823524],[-51.91206852014602,-29.368836108399602],[-51.91007629338617,-29.368822177901116],[-51.910061409606335,-29.370687769325013],[-51.912053650755354,-29.370701699823524]]]}},{"type":"Feature","properties":{"id_grade":"200ME52098N80768","pop":2,"dom":1,"universo_dom":"domicilios_ocupados_grade_ibge_2022","na_bacia":1,"area_pct_bacia":100.0,"metodo_recorte_bacia":"ponto_representativo_grade_2022; area_pct_geometrica","status_borda_bacia":"total","metodo_area_bacia":"interseção geométrica em EPSG:5880","metodo_na_bacia":"ponto_representativo_grade_2022_within_bacia","pop_n_validos":1,"pop_n_total":1,"pop_completude":1.0,"dom_n_validos":1,"dom_n_total":1,"dom_completude":1.0},"geometry":{"type":"Polygon","coordinates":[[[-51.910061409606335,-29.370687769325013],[-51.91007629338617,-29.368822177901116],[-51.908084066626316,-29.368808234812107],[-51.9080691684573,-29.37067382533676],[-51.910061409606335,-29.370687769325013]]]}},{"type":"Feature","properties":{"id_grade":"200ME52094N80770","pop":11,"dom":4,"universo_dom":"domicilios_ocupados_grade_ibge_2022","na_bacia":1,"area_pct_bacia":100.0,"metodo_recorte_bacia":"ponto_representativo_grade_2022; area_pct_geometrica","status_borda_bacia":"total","metodo_area_bacia":"interseção geométrica em EPSG:5880","metodo_na_bacia":"ponto_representativo_grade_2022_within_bacia","pop_n_validos":1,"pop_n_total":1,"pop_completude":1.0,"dom_n_validos":1,"dom_n_total":1,"dom_completude":1.0},"geometry":{"type":"Polygon","coordinates":[[[-51.91406074690593,-29.368850025408282],[-51.914075601907484,-29.366984454668792],[-51.91208338863743,-29.366970537660137],[-51.91206852014602,-29.368836108399602],[-51.91406074690593,-29.368850025408282]]]}},{"type":"Feature","properties":{"id_grade":"200ME52096N80770","pop":11,"dom":4,"universo_dom":"domicilios_ocupados_grade_ibge_2022","na_bacia":1,"area_pct_bacia":100.0,"metodo_recorte_bacia":"ponto_representativo_grade_2022; area_pct_geometrica","status_borda_bacia":"total","metodo_area_bacia":"interseção geométrica em EPSG:5880","metodo_na_bacia":"ponto_representativo_grade_2022_within_bacia","pop_n_validos":1,"pop_n_total":1,"pop_completude":1.0,"dom_n_validos":1,"dom_n_total":1,"dom_completude":1.0},"geometry":{"type":"Polygon","coordinates":[[[-51.91206852014602,-29.368836108399602],[-51.91208338863743,-29.366970537660137],[-51.91009117626674,-29.36695660716165],[-51.91007629338617,-29.368822177901116],[-51.91206852014602,-29.368836108399602]]]}},{"type":"Feature","properties":{"id_grade":"200ME52098N80770","pop":17,"dom":7,"universo_dom":"domicilios_ocupados_grade_ibge_2022","na_bacia":1,"area_pct_bacia":100.0,"metodo_recorte_bacia":"ponto_representativo_grade_2022; area_pct_geometrica","status_borda_bacia":"total","metodo_area_bacia":"interseção geométrica em EPSG:5880","metodo_na_bacia":"ponto_representativo_grade_2022_within_bacia","pop_n_validos":1,"pop_n_total":1,"pop_completude":1.0,"dom_n_validos":1,"dom_n_total":1,"dom_completude":1.0},"geometry":{"type":"Polygon","coordinates":[[[-51.91007629338617,-29.368822177901116],[-51.91009117626674,-29.36695660716165],[-51.90809896389601,-29.3669426631733],[-51.908084066626316,-29.368808234812107],[-51.91007629338617,-29.368822177901116]]]}},{"type":"Feature","properties":{"id_grade":"200ME52092N80782","pop":7,"dom":2,"universo_dom":"domicilios_ocupados_grade_ibge_2022","na_bacia":1,"area_pct_bacia":100.0,"metodo_recorte_bacia":"ponto_representativo_grade_2022; area_pct_geometrica","status_borda_bacia":"total","metodo_area_bacia":"interseção geométrica em EPSG:5880","metodo_na_bacia":"ponto_representativo_grade_2022_within_bacia","pop_n_validos":1,"pop_n_total":1,"pop_completude":1.0,"dom_n_validos":1,"dom_n_total":1,"dom_completude":1.0},"geometry":{"type":"Polygon","coordinates":[[[-51.91614201464222,-29.35767080216572],[-51.91615685435528,-29.355805351036096],[-51.91416472562156,-29.355791449315927],[-51.91414987241865,-29.357656899546203],[-51.91614201464222,-29.35767080216572]]]}},{"type":"Feature","properties":{"id_grade":"200ME52090N80784","pop":4,"dom":2,"universo_dom":"domicilios_ocupados_grade_ibge_2022","na_bacia":1,"area_pct_bacia":100.0,"metodo_recorte_bacia":"ponto_representativo_grade_2022; area_pct_geometrica","status_borda_bacia":"total","metodo_area_bacia":"interseção geométrica em EPSG:5880","metodo_na_bacia":"ponto_representativo_grade_2022_within_bacia","pop_n_validos":1,"pop_n_total":1,"pop_completude":1.0,"dom_n_validos":1,"dom_n_total":1,"dom_completude":1.0},"geometry":{"type":"Polygon","coordinates":[[[-51.918148982189734,-29.355819240165808],[-51.918163807513686,-29.35395380882111],[-51.916171693169076,-29.353939920590836],[-51.91615685435528,-29.355805351036096],[-51.918148982189734,-29.355819240165808]]]}},{"type":"Feature","properties":{"id_grade":"200ME52094N80784","pop":4,"dom":2,"universo_dom":"domicilios_ocupados_grade_ibge_2022","na_bacia":1,"area_pct_bacia":100.0,"metodo_recorte_bacia":"ponto_representativo_grade_2022; area_pct_geometrica","status_borda_bacia":"total","metodo_area_bacia":"interseção geométrica em EPSG:5880","metodo_na_bacia":"ponto_representativo_grade_2022_within_bacia","pop_n_validos":1,"pop_n_total":1,"pop_completude":1.0,"dom_n_validos":1,"dom_n_total":1,"dom_completude":1.0},"geometry":{"type":"Polygon","coordinates":[[[-51.91416472562156,-29.355791449315927],[-51.91417957882447,-29.353926018870595],[-51.9121874653792,-29.35391210366067],[-51.9121725977871,-29.35577753320654],[-51.91416472562156,-29.355791449315927]]]}},{"type":"Feature","properties":{"id_grade":"200ME52096N80784","pop":11,"dom":4,"universo_dom":"domicilios_ocupados_grade_ibge_2022","na_bacia":1,"area_pct_bacia":100.0,"metodo_recorte_bacia":"ponto_representativo_grade_2022; area_pct_geometrica","status_borda_bacia":"total","metodo_area_bacia":"interseção geométrica em EPSG:5880","metodo_na_bacia":"ponto_representativo_grade_2022_within_bacia","pop_n_validos":1,"pop_n_total":1,"pop_completude":1.0,"dom_n_validos":1,"dom_n_total":1,"dom_completude":1.0},"geometry":{"type":"Polygon","coordinates":[[[-51.9121725977871,-29.35577753320654],[-51.9121874653792,-29.35391210366067],[-51.91019535193391,-29.353898174960786],[-51.910180470852026,-29.355763604506638],[-51.9121725977871,-29.35577753320654]]]}},{"type":"Feature","properties":{"id_grade":"200ME52092N80786","pop":2,"dom":1,"universo_dom":"domicilios_ocupados_grade_ibge_2022","na_bacia":1,"area_pct_bacia":100.0,"metodo_recorte_bacia":"ponto_representativo_grade_2022; area_pct_geometrica","status_borda_bacia":"total","metodo_area_bacia":"interseção geométrica em EPSG:5880","metodo_na_bacia":"ponto_representativo_grade_2022_within_bacia","pop_n_validos":1,"pop_n_total":1,"pop_completude":1.0,"dom_n_validos":1,"dom_n_total":1,"dom_completude":1.0},"geometry":{"type":"Polygon","coordinates":[[[-51.916171693169076,-29.353939920590836],[-51.91618653198282,-29.35207450993061],[-51.91419443202739,-29.352060608210508],[-51.91417957882447,-29.353926018870595],[-51.916171693169076,-29.353939920590836]]]}},{"type":"Feature","properties":{"id_grade":"200ME52094N80786","pop":4,"dom":2,"universo_dom":"domicilios_ocupados_grade_ibge_2022","na_bacia":1,"area_pct_bacia":100.0,"metodo_recorte_bacia":"ponto_representativo_grade_2022; area_pct_geometrica","status_borda_bacia":"total","metodo_area_bacia":"interseção geométrica em EPSG:5880","metodo_na_bacia":"ponto_representativo_grade_2022_within_bacia","pop_n_validos":1,"pop_n_total":1,"pop_completude":1.0,"dom_n_validos":1,"dom_n_total":1,"dom_completude":1.0},"geometry":{"type":"Polygon","coordinates":[[[-51.91417957882447,-29.353926018870595],[-51.91419443202739,-29.352060608210508],[-51.912202332971276,-29.352046693899773],[-51.9121874653792,-29.35391210366067],[-51.91417957882447,-29.353926018870595]]]}},{"type":"Feature","properties":{"id_grade":"200ME52094N80788","pop":6,"dom":2,"universo_dom":"domicilios_ocupados_grade_ibge_2022","na_bacia":1,"area_pct_bacia":100.0,"metodo_recorte_bacia":"ponto_representativo_grade_2022; area_pct_geometrica","status_borda_bacia":"total","metodo_area_bacia":"interseção geométrica em EPSG:5880","metodo_na_bacia":"ponto_representativo_grade_2022_within_bacia","pop_n_validos":1,"pop_n_total":1,"pop_completude":1.0,"dom_n_validos":1,"dom_n_total":1,"dom_completude":1.0},"geometry":{"type":"Polygon","coordinates":[[[-51.91419443202739,-29.352060608210508],[-51.91420928523031,-29.35019521913406],[-51.91221719966398,-29.350181303924],[-51.912202332971276,-29.352046693899773],[-51.91419443202739,-29.352060608210508]]]}},{"type":"Feature","properties":{"id_grade":"200ME52090N80790","pop":6,"dom":2,"universo_dom":"domicilios_ocupados_grade_ibge_2022","na_bacia":1,"area_pct_bacia":100.0,"metodo_recorte_bacia":"ponto_representativo_grade_2022; area_pct_geometrica","status_borda_bacia":"total","metodo_area_bacia":"interseção geométrica em EPSG:5880","metodo_na_bacia":"ponto_representativo_grade_2022_within_bacia","pop_n_validos":1,"pop_n_total":1,"pop_completude":1.0,"dom_n_validos":1,"dom_n_total":1,"dom_completude":1.0},"geometry":{"type":"Polygon","coordinates":[[[-51.91819345636287,-29.35022300818518],[-51.918208280787496,-29.348357637994535],[-51.916216208711035,-29.348343749764197],[-51.91620137079656,-29.35020911995483],[-51.91819345636287,-29.35022300818518]]]}},{"type":"Feature","properties":{"id_grade":"200ME52092N80790","pop":7,"dom":3,"universo_dom":"domicilios_ocupados_grade_ibge_2022","na_bacia":1,"area_pct_bacia":100.0,"metodo_recorte_bacia":"ponto_representativo_grade_2022; area_pct_geometrica","status_borda_bacia":"total","metodo_area_bacia":"interseção geométrica em EPSG:5880","metodo_na_bacia":"ponto_representativo_grade_2022_within_bacia","pop_n_validos":1,"pop_n_total":1,"pop_completude":1.0,"dom_n_validos":1,"dom_n_total":1,"dom_completude":1.0},"geometry":{"type":"Polygon","coordinates":[[[-51.91620137079656,-29.35020911995483],[-51.916216208711035,-29.348343749764197],[-51.91422413753389,-29.348329848943333],[-51.91420928523031,-29.35019521913406],[-51.91620137079656,-29.35020911995483]]]}},{"type":"Feature","properties":{"id_grade":"200ME52090N80792","pop":6,"dom":3,"universo_dom":"domicilios_ocupados_grade_ibge_2022","na_bacia":1,"area_pct_bacia":100.0,"metodo_recorte_bacia":"ponto_representativo_grade_2022; area_pct_geometrica","status_borda_bacia":"total","metodo_area_bacia":"interseção geométrica em EPSG:5880","metodo_na_bacia":"ponto_representativo_grade_2022_within_bacia","pop_n_validos":1,"pop_n_total":1,"pop_completude":1.0,"dom_n_validos":1,"dom_n_total":1,"dom_completude":1.0},"geometry":{"type":"Polygon","coordinates":[[[-51.918208280787496,-29.348357637994535],[-51.918223104312744,-29.34649228758893],[-51.91623104752477,-29.346478400257887],[-51.916216208711035,-29.348343749764197],[-51.918208280787496,-29.348357637994535]]]}},{"type":"Feature","properties":{"id_grade":"200ME52090N80794","pop":9,"dom":3,"universo_dom":"domicilios_ocupados_grade_ibge_2022","na_bacia":1,"area_pct_bacia":100.0,"metodo_recorte_bacia":"ponto_representativo_grade_2022; area_pct_geometrica","status_borda_bacia":"total","metodo_area_bacia":"interseção geométrica em EPSG:5880","metodo_na_bacia":"ponto_representativo_grade_2022_within_bacia","pop_n_validos":1,"pop_n_total":1,"pop_completude":1.0,"dom_n_validos":1,"dom_n_total":1,"dom_completude":1.0},"geometry":{"type":"Polygon","coordinates":[[[-51.918223104312744,-29.34649228758893],[-51.91823792873736,-29.344626957867824],[-51.916245885439196,-29.3446130705368],[-51.91623104752477,-29.346478400257887],[-51.918223104312744,-29.34649228758893]]]}},{"type":"Feature","properties":{"id_grade":"200ME52090N80796","pop":3,"dom":2,"universo_dom":"domicilios_ocupados_grade_ibge_2022","na_bacia":1,"area_pct_bacia":100.0,"metodo_recorte_bacia":"ponto_representativo_grade_2022; area_pct_geometrica","status_borda_bacia":"total","metodo_area_bacia":"interseção geométrica em EPSG:5880","metodo_na_bacia":"ponto_representativo_grade_2022_within_bacia","pop_n_validos":1,"pop_n_total":1,"pop_completude":1.0,"dom_n_validos":1,"dom_n_total":1,"dom_completude":1.0},"geometry":{"type":"Polygon","coordinates":[[[-51.91823792873736,-29.344626957867824],[-51.91825275226268,-29.342761648830955],[-51.91626072335367,-29.34274776149992],[-51.916245885439196,-29.3446130705368],[-51.91823792873736,-29.344626957867824]]]}},{"type":"Feature","properties":{"id_grade":"200ME52090N80808","pop":12,"dom":7,"universo_dom":"domicilios_ocupados_grade_ibge_2022","na_bacia":1,"area_pct_bacia":100.0,"metodo_recorte_bacia":"ponto_representativo_grade_2022; area_pct_geometrica","status_borda_bacia":"total","metodo_area_bacia":"interseção geométrica em EPSG:5880","metodo_na_bacia":"ponto_representativo_grade_2022_within_bacia","pop_n_validos":1,"pop_n_total":1,"pop_completude":1.0,"dom_n_validos":1,"dom_n_total":1,"dom_completude":1.0},"geometry":{"type":"Polygon","coordinates":[[[-51.918326867191126,-29.333435402222012],[-51.91834168981711,-29.331570213694363],[-51.91634974544434,-29.331556328162044],[-51.916334909328555,-29.333421516689622],[-51.918326867191126,-29.333435402222012]]]}},{"type":"Feature","properties":{"id_grade":"200ME52090N80810","pop":37,"dom":16,"universo_dom":"domicilios_ocupados_grade_ibge_2022","na_bacia":1,"area_pct_bacia":100.0,"metodo_recorte_bacia":"ponto_representativo_grade_2022; area_pct_geometrica","status_borda_bacia":"total","metodo_area_bacia":"interseção geométrica em EPSG:5880","metodo_na_bacia":"ponto_representativo_grade_2022_within_bacia","pop_n_validos":1,"pop_n_total":1,"pop_completude":1.0,"dom_n_validos":1,"dom_n_total":1,"dom_completude":1.0},"geometry":{"type":"Polygon","coordinates":[[[-51.91834168981711,-29.331570213694363],[-51.91835651154371,-29.329705044951822],[-51.916364581560174,-29.329691159419472],[-51.91634974544434,-29.331556328162044],[-51.91834168981711,-29.331570213694363]]]}},{"type":"Feature","properties":{"id_grade":"200ME52090N80812","pop":3,"dom":1,"universo_dom":"domicilios_ocupados_grade_ibge_2022","na_bacia":1,"area_pct_bacia":100.0,"metodo_recorte_bacia":"ponto_representativo_grade_2022; area_pct_geometrica","status_borda_bacia":"total","metodo_area_bacia":"interseção geométrica em EPSG:5880","metodo_na_bacia":"ponto_representativo_grade_2022_within_bacia","pop_n_validos":1,"pop_n_total":1,"pop_completude":1.0,"dom_n_validos":1,"dom_n_total":1,"dom_completude":1.0},"geometry":{"type":"Polygon","coordinates":[[[-51.91835651154371,-29.329705044951822],[-51.918371333270386,-29.32783989599437],[-51.916379417675955,-29.32782601136128],[-51.916364581560174,-29.329691159419472],[-51.91835651154371,-29.329705044951822]]]}},{"type":"Feature","properties":{"id_grade":"200ME52090N80816","pop":2,"dom":1,"universo_dom":"domicilios_ocupados_grade_ibge_2022","na_bacia":1,"area_pct_bacia":100.0,"metodo_recorte_bacia":"ponto_representativo_grade_2022; area_pct_geometrica","status_borda_bacia":"total","metodo_area_bacia":"interseção geométrica em EPSG:5880","metodo_na_bacia":"ponto_representativo_grade_2022_within_bacia","pop_n_validos":1,"pop_n_total":1,"pop_completude":1.0,"dom_n_validos":1,"dom_n_total":1,"dom_completude":1.0},"geometry":{"type":"Polygon","coordinates":[[[-51.918386154996995,-29.32597476772132],[-51.91840097672365,-29.324109659233315],[-51.91640908990752,-29.3240957746003],[-51.91639425379174,-29.325960883088225],[-51.918386154996995,-29.32597476772132]]]}},{"type":"Feature","properties":{"id_grade":"200ME52090N80820","pop":3,"dom":1,"universo_dom":"domicilios_ocupados_grade_ibge_2022","na_bacia":1,"area_pct_bacia":100.0,"metodo_recorte_bacia":"ponto_representativo_grade_2022; area_pct_geometrica","status_borda_bacia":"total","metodo_area_bacia":"interseção geométrica em EPSG:5880","metodo_na_bacia":"ponto_representativo_grade_2022_within_bacia","pop_n_validos":1,"pop_n_total":1,"pop_completude":1.0,"dom_n_validos":1,"dom_n_total":1,"dom_completude":1.0},"geometry":{"type":"Polygon","coordinates":[[[-51.91841579845027,-29.32224457142977],[-51.91843061927761,-29.32037950341126],[-51.9164387603405,-29.320365619677546],[-51.91642392512398,-29.322230686796754],[-51.91841579845027,-29.32224457142977]]]}},{"type":"Feature","properties":{"id_grade":"200ME52090N80822","pop":3,"dom":2,"universo_dom":"domicilios_ocupados_grade_ibge_2022","na_bacia":1,"area_pct_bacia":100.0,"metodo_recorte_bacia":"ponto_representativo_grade_2022; area_pct_geometrica","status_borda_bacia":"total","metodo_area_bacia":"interseção geométrica em EPSG:5880","metodo_na_bacia":"ponto_representativo_grade_2022_within_bacia","pop_n_validos":1,"pop_n_total":1,"pop_completude":1.0,"dom_n_validos":1,"dom_n_total":1,"dom_completude":1.0},"geometry":{"type":"Polygon","coordinates":[[[-51.91843061927761,-29.32037950341126],[-51.91844544010496,-29.318514455177954],[-51.916453595556966,-29.318500571444172],[-51.9164387603405,-29.320365619677546],[-51.91843061927761,-29.32037950341126]]]}},{"type":"Feature","properties":{"id_grade":"200ME52092N80824","pop":6,"dom":2,"universo_dom":"domicilios_ocupados_grade_ibge_2022","na_bacia":1,"area_pct_bacia":100.0,"metodo_recorte_bacia":"ponto_representativo_grade_2022; area_pct_geometrica","status_borda_bacia":"total","metodo_area_bacia":"interseção geométrica em EPSG:5880","metodo_na_bacia":"ponto_representativo_grade_2022_within_bacia","pop_n_validos":1,"pop_n_total":1,"pop_completude":1.0,"dom_n_validos":1,"dom_n_total":1,"dom_completude":1.0},"geometry":{"type":"Polygon","coordinates":[[[-51.916453595556966,-29.318500571444172],[-51.9164684298741,-29.31663554389517],[-51.914476599715265,-29.316621647570976],[-51.91446175100895,-29.318486674220523],[-51.916453595556966,-29.318500571444172]]]}},{"type":"Feature","properties":{"id_grade":"200ME52094N80826","pop":7,"dom":2,"universo_dom":"domicilios_ocupados_grade_ibge_2022","na_bacia":1,"area_pct_bacia":100.0,"metodo_recorte_bacia":"ponto_representativo_grade_2022; area_pct_geometrica","status_borda_bacia":"total","metodo_area_bacia":"interseção geométrica em EPSG:5880","metodo_na_bacia":"ponto_representativo_grade_2022_within_bacia","pop_n_validos":1,"pop_n_total":1,"pop_completude":1.0,"dom_n_validos":1,"dom_n_total":1,"dom_completude":1.0},"geometry":{"type":"Polygon","coordinates":[[[-51.914476599715265,-29.316621647570976],[-51.914491449320906,-29.31475663980702],[-51.91249963265188,-29.314742729992894],[-51.91248477045576,-29.316607736857495],[-51.914476599715265,-29.316621647570976]]]}},{"type":"Feature","properties":{"id_grade":"200ME52096N80826","pop":3,"dom":2,"universo_dom":"domicilios_ocupados_grade_ibge_2022","na_bacia":1,"area_pct_bacia":100.0,"metodo_recorte_bacia":"ponto_representativo_grade_2022; area_pct_geometrica","status_borda_bacia":"total","metodo_area_bacia":"interseção geométrica em EPSG:5880","metodo_na_bacia":"ponto_representativo_grade_2022_within_bacia","pop_n_validos":1,"pop_n_total":1,"pop_completude":1.0,"dom_n_validos":1,"dom_n_total":1,"dom_completude":1.0},"geometry":{"type":"Polygon","coordinates":[[[-51.91248477045576,-29.316607736857495],[-51.91249963265188,-29.314742729992894],[-51.91050781778153,-29.314728806689086],[-51.91049294029693,-29.31659381355358],[-51.91248477045576,-29.316607736857495]]]}},{"type":"Feature","properties":{"id_grade":"200ME52096N80828","pop":10,"dom":6,"universo_dom":"domicilios_ocupados_grade_ibge_2022","na_bacia":1,"area_pct_bacia":100.0,"metodo_recorte_bacia":"ponto_representativo_grade_2022; area_pct_geometrica","status_borda_bacia":"total","metodo_area_bacia":"interseção geométrica em EPSG:5880","metodo_na_bacia":"ponto_representativo_grade_2022_within_bacia","pop_n_validos":1,"pop_n_total":1,"pop_completude":1.0,"dom_n_validos":1,"dom_n_total":1,"dom_completude":1.0},"geometry":{"type":"Polygon","coordinates":[[[-51.91249963265188,-29.314742729992894],[-51.91251449574735,-29.312877742913503],[-51.91052269436682,-29.312863820508856],[-51.91050781778153,-29.314728806689086],[-51.91249963265188,-29.314742729992894]]]}},{"type":"Feature","properties":{"id_grade":"200ME52098N80828","pop":4,"dom":2,"universo_dom":"domicilios_ocupados_grade_ibge_2022","na_bacia":1,"area_pct_bacia":100.0,"metodo_recorte_bacia":"ponto_representativo_grade_2022; area_pct_geometrica","status_borda_bacia":"total","metodo_area_bacia":"interseção geométrica em EPSG:5880","metodo_na_bacia":"ponto_representativo_grade_2022_within_bacia","pop_n_validos":1,"pop_n_total":1,"pop_completude":1.0,"dom_n_validos":1,"dom_n_total":1,"dom_completude":1.0},"geometry":{"type":"Polygon","coordinates":[[[-51.91050781778153,-29.314728806689086],[-51.91052269436682,-29.312863820508856],[-51.90853089298628,-29.312849883715046],[-51.90851600201182,-29.31471487079457],[-51.91050781778153,-29.314728806689086]]]}},{"type":"Feature","properties":{"id_grade":"200ME52096N80830","pop":2,"dom":1,"universo_dom":"domicilios_ocupados_grade_ibge_2022","na_bacia":1,"area_pct_bacia":100.0,"metodo_recorte_bacia":"ponto_representativo_grade_2022; area_pct_geometrica","status_borda_bacia":"total","metodo_area_bacia":"interseção geométrica em EPSG:5880","metodo_na_bacia":"ponto_representativo_grade_2022_within_bacia","pop_n_validos":1,"pop_n_total":1,"pop_completude":1.0,"dom_n_validos":1,"dom_n_total":1,"dom_completude":1.0},"geometry":{"type":"Polygon","coordinates":[[[-51.91251449574735,-29.312877742913503],[-51.91252935884279,-29.31101277651837],[-51.9105375709521,-29.31099885411375],[-51.91052269436682,-29.312863820508856],[-51.91251449574735,-29.312877742913503]]]}},{"type":"Feature","properties":{"id_grade":"200ME52098N80830","pop":12,"dom":6,"universo_dom":"domicilios_ocupados_grade_ibge_2022","na_bacia":1,"area_pct_bacia":100.0,"metodo_recorte_bacia":"ponto_representativo_grade_2022; area_pct_geometrica","status_borda_bacia":"total","metodo_area_bacia":"interseção geométrica em EPSG:5880","metodo_na_bacia":"ponto_representativo_grade_2022_within_bacia","pop_n_validos":1,"pop_n_total":1,"pop_completude":1.0,"dom_n_validos":1,"dom_n_total":1,"dom_completude":1.0},"geometry":{"type":"Polygon","coordinates":[[[-51.91052269436682,-29.312863820508856],[-51.9105375709521,-29.31099885411375],[-51.90854578396073,-29.31098491821935],[-51.90853089298628,-29.312849883715046],[-51.91052269436682,-29.312863820508856]]]}},{"type":"Feature","properties":{"id_grade":"200ME52096N80832","pop":2,"dom":1,"universo_dom":"domicilios_ocupados_grade_ibge_2022","na_bacia":1,"area_pct_bacia":100.0,"metodo_recorte_bacia":"ponto_representativo_grade_2022; area_pct_geometrica","status_borda_bacia":"total","metodo_area_bacia":"interseção geométrica em EPSG:5880","metodo_na_bacia":"ponto_representativo_grade_2022_within_bacia","pop_n_validos":1,"pop_n_total":1,"pop_completude":1.0,"dom_n_validos":1,"dom_n_total":1,"dom_completude":1.0},"geometry":{"type":"Polygon","coordinates":[[[-51.91252935884279,-29.31101277651837],[-51.91254422103896,-29.30914782990842],[-51.910552447537384,-29.30913390750379],[-51.9105375709521,-29.31099885411375],[-51.91252935884279,-29.31101277651837]]]}},{"type":"Feature","properties":{"id_grade":"200ME52098N80832","pop":6,"dom":2,"universo_dom":"domicilios_ocupados_grade_ibge_2022","na_bacia":1,"area_pct_bacia":100.0,"metodo_recorte_bacia":"ponto_representativo_grade_2022; area_pct_geometrica","status_borda_bacia":"total","metodo_area_bacia":"interseção geométrica em EPSG:5880","metodo_na_bacia":"ponto_representativo_grade_2022_within_bacia","pop_n_validos":1,"pop_n_total":1,"pop_completude":1.0,"dom_n_validos":1,"dom_n_total":1,"dom_completude":1.0},"geometry":{"type":"Polygon","coordinates":[[[-51.9105375709521,-29.31099885411375],[-51.910552447537384,-29.30913390750379],[-51.90856067493513,-29.309119971609302],[-51.90854578396073,-29.31098491821935],[-51.9105375709521,-29.31099885411375]]]}},{"type":"Feature","properties":{"id_grade":"200ME52096N80836","pop":7,"dom":3,"universo_dom":"domicilios_ocupados_grade_ibge_2022","na_bacia":1,"area_pct_bacia":100.0,"metodo_recorte_bacia":"ponto_representativo_grade_2022; area_pct_geometrica","status_borda_bacia":"total","metodo_area_bacia":"interseção geométrica em EPSG:5880","metodo_na_bacia":"ponto_representativo_grade_2022_within_bacia","pop_n_validos":1,"pop_n_total":1,"pop_completude":1.0,"dom_n_validos":1,"dom_n_total":1,"dom_completude":1.0},"geometry":{"type":"Polygon","coordinates":[[[-51.912559083235074,-29.307282903982802],[-51.91257394453186,-29.305417996943],[-51.91058219980862,-29.305404075437714],[-51.91056732412267,-29.307268981578183],[-51.912559083235074,-29.307282903982802]]]}},{"type":"Feature","properties":{"id_grade":"200ME52102N80826","pop":2,"dom":2,"universo_dom":"domicilios_ocupados_grade_ibge_2022","na_bacia":1,"area_pct_bacia":100.0,"metodo_recorte_bacia":"ponto_representativo_grade_2022; area_pct_geometrica","status_borda_bacia":"total","metodo_area_bacia":"interseção geométrica em EPSG:5880","metodo_na_bacia":"ponto_representativo_grade_2022_within_bacia","pop_n_validos":1,"pop_n_total":1,"pop_completude":1.0,"dom_n_validos":1,"dom_n_total":1,"dom_completude":1.0},"geometry":{"type":"Polygon","coordinates":[[[-51.906509280878595,-29.316565926476247],[-51.90652418714149,-29.314700920511072],[-51.904532372271156,-29.31468695763688],[-51.904517452518405,-29.316551963602176],[-51.906509280878595,-29.316565926476247]]]}},{"type":"Feature","properties":{"id_grade":"200ME52100N80830","pop":10,"dom":4,"universo_dom":"domicilios_ocupados_grade_ibge_2022","na_bacia":1,"area_pct_bacia":100.0,"metodo_recorte_bacia":"ponto_representativo_grade_2022; area_pct_geometrica","status_borda_bacia":"total","metodo_area_bacia":"interseção geométrica em EPSG:5880","metodo_na_bacia":"ponto_representativo_grade_2022_within_bacia","pop_n_validos":1,"pop_n_total":1,"pop_completude":1.0,"dom_n_validos":1,"dom_n_total":1,"dom_completude":1.0},"geometry":{"type":"Polygon","coordinates":[[[-51.90853089298628,-29.312849883715046],[-51.90854578396073,-29.31098491821935],[-51.90655399696936,-29.31097096883501],[-51.906539092505064,-29.312835934330803],[-51.90853089298628,-29.312849883715046]]]}},{"type":"Feature","properties":{"id_grade":"200ME52106N80830","pop":4,"dom":2,"universo_dom":"domicilios_ocupados_grade_ibge_2022","na_bacia":1,"area_pct_bacia":100.0,"metodo_recorte_bacia":"ponto_representativo_grade_2022; area_pct_geometrica","status_borda_bacia":"total","metodo_area_bacia":"interseção geométrica em EPSG:5880","metodo_na_bacia":"ponto_representativo_grade_2022_within_bacia","pop_n_validos":1,"pop_n_total":1,"pop_completude":1.0,"dom_n_validos":1,"dom_n_total":1,"dom_completude":1.0},"geometry":{"type":"Polygon","coordinates":[[[-51.90255549064335,-29.31280799599218],[-51.902570423885884,-29.310943030496396],[-51.90057863779384,-29.310929041542018],[-51.90056369016214,-29.31279400613844],[-51.90255549064335,-29.31280799599218]]]}},{"type":"Feature","properties":{"id_grade":"200ME52100N80832","pop":12,"dom":5,"universo_dom":"domicilios_ocupados_grade_ibge_2022","na_bacia":1,"area_pct_bacia":100.0,"metodo_recorte_bacia":"ponto_representativo_grade_2022; area_pct_geometrica","status_borda_bacia":"total","metodo_area_bacia":"interseção geométrica em EPSG:5880","metodo_na_bacia":"ponto_representativo_grade_2022_within_bacia","pop_n_validos":1,"pop_n_total":1,"pop_completude":1.0,"dom_n_validos":1,"dom_n_total":1,"dom_completude":1.0},"geometry":{"type":"Polygon","coordinates":[[[-51.90854578396073,-29.31098491821935],[-51.90856067493513,-29.309119971609302],[-51.906568902332936,-29.309106023124386],[-51.90655399696936,-29.31097096883501],[-51.90854578396073,-29.31098491821935]]]}},{"type":"Feature","properties":{"id_grade":"200ME52102N80832","pop":11,"dom":4,"universo_dom":"domicilios_ocupados_grade_ibge_2022","na_bacia":1,"area_pct_bacia":100.0,"metodo_recorte_bacia":"ponto_representativo_grade_2022; area_pct_geometrica","status_borda_bacia":"total","metodo_area_bacia":"interseção geométrica em EPSG:5880","metodo_na_bacia":"ponto_representativo_grade_2022_within_bacia","pop_n_validos":1,"pop_n_total":1,"pop_completude":1.0,"dom_n_validos":1,"dom_n_total":1,"dom_completude":1.0},"geometry":{"type":"Polygon","coordinates":[[[-51.90655399696936,-29.31097096883501],[-51.906568902332936,-29.309106023124386],[-51.90457712973068,-29.309092060250315],[-51.904562210877316,-29.310957005960976],[-51.90655399696936,-29.31097096883501]]]}},{"type":"Feature","properties":{"id_grade":"200ME52102N80834","pop":11,"dom":6,"universo_dom":"domicilios_ocupados_grade_ibge_2022","na_bacia":1,"area_pct_bacia":100.0,"metodo_recorte_bacia":"ponto_representativo_grade_2022; area_pct_geometrica","status_borda_bacia":"total","metodo_area_bacia":"interseção geométrica em EPSG:5880","metodo_na_bacia":"ponto_representativo_grade_2022_within_bacia","pop_n_validos":1,"pop_n_total":1,"pop_completude":1.0,"dom_n_validos":1,"dom_n_total":1,"dom_completude":1.0},"geometry":{"type":"Polygon","coordinates":[[[-51.906568902332936,-29.309106023124386],[-51.90658380679719,-29.307241097198816],[-51.90459204858411,-29.3072271352241],[-51.90457712973068,-29.309092060250315],[-51.906568902332936,-29.309106023124386]]]}},{"type":"Feature","properties":{"id_grade":"200ME52104N80834","pop":3,"dom":1,"universo_dom":"domicilios_ocupados_grade_ibge_2022","na_bacia":1,"area_pct_bacia":100.0,"metodo_recorte_bacia":"ponto_representativo_grade_2022; area_pct_geometrica","status_borda_bacia":"total","metodo_area_bacia":"interseção geométrica em EPSG:5880","metodo_na_bacia":"ponto_representativo_grade_2022_within_bacia","pop_n_validos":1,"pop_n_total":1,"pop_completude":1.0,"dom_n_validos":1,"dom_n_total":1,"dom_completude":1.0},"geometry":{"type":"Polygon","coordinates":[[[-51.90457712973068,-29.309092060250315],[-51.90459204858411,-29.3072271352241],[-51.90260029037108,-29.30721315975947],[-51.90258535712849,-29.309078084785764],[-51.90457712973068,-29.309092060250315]]]}},{"type":"Feature","properties":{"id_grade":"200ME52108N80834","pop":1,"dom":1,"universo_dom":"domicilios_ocupados_grade_ibge_2022","na_bacia":1,"area_pct_bacia":100.0,"metodo_recorte_bacia":"ponto_representativo_grade_2022; area_pct_geometrica","status_borda_bacia":"total","metodo_area_bacia":"interseção geométrica em EPSG:5880","metodo_na_bacia":"ponto_representativo_grade_2022_within_bacia","pop_n_validos":1,"pop_n_total":1,"pop_completude":1.0,"dom_n_validos":1,"dom_n_total":1,"dom_completude":1.0},"geometry":{"type":"Polygon","coordinates":[[[-51.90059358542561,-29.309064095831324],[-51.90060853305732,-29.30719917080501],[-51.898616774844236,-29.30718516926004],[-51.89860181372268,-29.30905009428641],[-51.90059358542561,-29.309064095831324]]]}},{"type":"Feature","properties":{"id_grade":"200ME52104N80836","pop":2,"dom":1,"universo_dom":"domicilios_ocupados_grade_ibge_2022","na_bacia":1,"area_pct_bacia":100.0,"metodo_recorte_bacia":"ponto_representativo_grade_2022; area_pct_geometrica","status_borda_bacia":"total","metodo_area_bacia":"interseção geométrica em EPSG:5880","metodo_na_bacia":"ponto_representativo_grade_2022_within_bacia","pop_n_validos":1,"pop_n_total":1,"pop_completude":1.0,"dom_n_validos":1,"dom_n_total":1,"dom_completude":1.0},"geometry":{"type":"Polygon","coordinates":[[[-51.90459204858411,-29.3072271352241],[-51.90460696743753,-29.305362229982933],[-51.90261522361362,-29.305348254518258],[-51.90260029037108,-29.30721315975947],[-51.90459204858411,-29.3072271352241]]]}},{"type":"Feature","properties":{"id_grade":"200ME52108N80836","pop":6,"dom":3,"universo_dom":"domicilios_ocupados_grade_ibge_2022","na_bacia":1,"area_pct_bacia":100.0,"metodo_recorte_bacia":"ponto_representativo_grade_2022; area_pct_geometrica","status_borda_bacia":"total","metodo_area_bacia":"interseção geométrica em EPSG:5880","metodo_na_bacia":"ponto_representativo_grade_2022_within_bacia","pop_n_validos":1,"pop_n_total":1,"pop_completude":1.0,"dom_n_validos":1,"dom_n_total":1,"dom_completude":1.0},"geometry":{"type":"Polygon","coordinates":[[[-51.90060853305732,-29.30719917080501],[-51.900623479789715,-29.305334266463205],[-51.89863173596581,-29.30532026491821],[-51.898616774844236,-29.30718516926004],[-51.90060853305732,-29.30719917080501]]]}},{"type":"Feature","properties":{"id_grade":"200ME52106N80838","pop":11,"dom":5,"universo_dom":"domicilios_ocupados_grade_ibge_2022","na_bacia":1,"area_pct_bacia":100.0,"metodo_recorte_bacia":"ponto_representativo_grade_2022; area_pct_geometrica","status_borda_bacia":"total","metodo_area_bacia":"interseção geométrica em EPSG:5880","metodo_na_bacia":"ponto_representativo_grade_2022_within_bacia","pop_n_validos":1,"pop_n_total":1,"pop_completude":1.0,"dom_n_validos":1,"dom_n_total":1,"dom_completude":1.0},"geometry":{"type":"Polygon","coordinates":[[[-51.90261522361362,-29.305348254518258],[-51.90263015595689,-29.30348336996148],[-51.900638426522114,-29.303469381906343],[-51.900623479789715,-29.305334266463205],[-51.90261522361362,-29.305348254518258]]]}},{"type":"Feature","properties":{"id_grade":"200ME52104N80842","pop":2,"dom":1,"universo_dom":"domicilios_ocupados_grade_ibge_2022","na_bacia":1,"area_pct_bacia":100.0,"metodo_recorte_bacia":"ponto_representativo_grade_2022; area_pct_geometrica","status_borda_bacia":"total","metodo_area_bacia":"interseção geométrica em EPSG:5880","metodo_na_bacia":"ponto_representativo_grade_2022_within_bacia","pop_n_validos":1,"pop_n_total":1,"pop_completude":1.0,"dom_n_validos":1,"dom_n_total":1,"dom_completude":1.0},"geometry":{"type":"Polygon","coordinates":[[[-51.90463680424506,-29.301632478855705],[-51.90465172219916,-29.299767633869177],[-51.902660020643395,-29.29975366020323],[-51.90264508830011,-29.301618504290424],[-51.90463680424506,-29.301632478855705]]]}},{"type":"Feature","properties":{"id_grade":"200ME52102N80844","pop":4,"dom":1,"universo_dom":"domicilios_ocupados_grade_ibge_2022","na_bacia":1,"area_pct_bacia":100.0,"metodo_recorte_bacia":"ponto_representativo_grade_2022; area_pct_geometrica","status_borda_bacia":"total","metodo_area_bacia":"interseção geométrica em EPSG:5880","metodo_na_bacia":"ponto_representativo_grade_2022_within_bacia","pop_n_validos":1,"pop_n_total":1,"pop_completude":1.0,"dom_n_validos":1,"dom_n_total":1,"dom_completude":1.0},"geometry":{"type":"Polygon","coordinates":[[[-51.906643423754986,-29.299781594944587],[-51.90665832731991,-29.29791676974306],[-51.90466664015327,-29.297902809566953],[-51.90465172219916,-29.299767633869177],[-51.906643423754986,-29.299781594944587]]]}},{"type":"Feature","properties":{"id_grade":"200ME52104N80844","pop":9,"dom":3,"universo_dom":"domicilios_ocupados_grade_ibge_2022","na_bacia":1,"area_pct_bacia":100.0,"metodo_recorte_bacia":"ponto_representativo_grade_2022; area_pct_geometrica","status_borda_bacia":"total","metodo_area_bacia":"interseção geométrica em EPSG:5880","metodo_na_bacia":"ponto_representativo_grade_2022_within_bacia","pop_n_validos":1,"pop_n_total":1,"pop_completude":1.0,"dom_n_validos":1,"dom_n_total":1,"dom_completude":1.0},"geometry":{"type":"Polygon","coordinates":[[[-51.90465172219916,-29.299767633869177],[-51.90466664015327,-29.297902809566953],[-51.90267495298667,-29.297888835001654],[-51.902660020643395,-29.29975366020323],[-51.90465172219916,-29.299767633869177]]]}},{"type":"Feature","properties":{"id_grade":"200ME52106N80844","pop":2,"dom":1,"universo_dom":"domicilios_ocupados_grade_ibge_2022","na_bacia":1,"area_pct_bacia":100.0,"metodo_recorte_bacia":"ponto_representativo_grade_2022; area_pct_geometrica","status_borda_bacia":"total","metodo_area_bacia":"interseção geométrica em EPSG:5880","metodo_na_bacia":"ponto_representativo_grade_2022_within_bacia","pop_n_validos":1,"pop_n_total":1,"pop_completude":1.0,"dom_n_validos":1,"dom_n_total":1,"dom_completude":1.0},"geometry":{"type":"Polygon","coordinates":[[[-51.902660020643395,-29.29975366020323],[-51.90267495298667,-29.297888835001654],[-51.90068326582003,-29.29787484784588],[-51.90066831908763,-29.299739672148103],[-51.902660020643395,-29.29975366020323]]]}},{"type":"Feature","properties":{"id_grade":"200ME52104N80846","pop":3,"dom":1,"universo_dom":"domicilios_ocupados_grade_ibge_2022","na_bacia":1,"area_pct_bacia":100.0,"metodo_recorte_bacia":"ponto_representativo_grade_2022; area_pct_geometrica","status_borda_bacia":"total","metodo_area_bacia":"interseção geométrica em EPSG:5880","metodo_na_bacia":"ponto_representativo_grade_2022_within_bacia","pop_n_validos":1,"pop_n_total":1,"pop_completude":1.0,"dom_n_validos":1,"dom_n_total":1,"dom_completude":1.0},"geometry":{"type":"Polygon","coordinates":[[[-51.90466664015327,-29.297902809566953],[-51.90468155720805,-29.296038004150482],[-51.90268988443057,-29.29602403048465],[-51.90267495298667,-29.297888835001654],[-51.90466664015327,-29.297902809566953]]]}},{"type":"Feature","properties":{"id_grade":"200ME52100N80848","pop":8,"dom":4,"universo_dom":"domicilios_ocupados_grade_ibge_2022","na_bacia":1,"area_pct_bacia":100.0,"metodo_recorte_bacia":"ponto_representativo_grade_2022; area_pct_geometrica","status_borda_bacia":"total","metodo_area_bacia":"interseção geométrica em EPSG:5880","metodo_na_bacia":"ponto_representativo_grade_2022_within_bacia","pop_n_validos":1,"pop_n_total":1,"pop_completude":1.0,"dom_n_validos":1,"dom_n_total":1,"dom_completude":1.0},"geometry":{"type":"Polygon","coordinates":[[[-51.90866490366232,-29.296065911912244],[-51.908679792838136,-29.294201127180322],[-51.90668813355047,-29.29418717959469],[-51.906673230884856,-29.296051965225917],[-51.90866490366232,-29.296065911912244]]]}}]}
