{"type":"FeatureCollection","name":"4303558","crs":{"type":"name","properties":{"name":"urn:ogc:def:crs:OGC:1.3:CRS84"}},"features":[{"type":"Feature","properties":{"id_grade":"200ME51736N81542","pop":14,"dom":5,"universo_dom":"domicilios_ocupados_grade_ibge_2022","na_bacia":1,"area_pct_bacia":100.0,"metodo_recorte_bacia":"ponto_representativo_grade_2022; area_pct_geometrica","status_borda_bacia":"total","metodo_area_bacia":"interseção geométrica em EPSG:5880","metodo_na_bacia":"ponto_representativo_grade_2022_within_bacia","pop_n_validos":1,"pop_n_total":1,"pop_completude":1.0,"dom_n_validos":1,"dom_n_total":1,"dom_completude":1.0},"geometry":{"type":"Polygon","coordinates":[[[-52.275413338782585,-28.65247313261442],[-52.275425586674615,-28.650615094012604],[-52.273438800215,-28.650603633352393],[-52.27342653821357,-28.65246167175534],[-52.275413338782585,-28.65247313261442]]]}},{"type":"Feature","properties":{"id_grade":"200ME51738N81542","pop":3,"dom":1,"universo_dom":"domicilios_ocupados_grade_ibge_2022","na_bacia":1,"area_pct_bacia":100.0,"metodo_recorte_bacia":"ponto_representativo_grade_2022; area_pct_geometrica","status_borda_bacia":"total","metodo_area_bacia":"interseção geométrica em EPSG:5880","metodo_na_bacia":"ponto_representativo_grade_2022_within_bacia","pop_n_validos":1,"pop_n_total":1,"pop_completude":1.0,"dom_n_validos":1,"dom_n_total":1,"dom_completude":1.0},"geometry":{"type":"Polygon","coordinates":[[[-52.27342653821357,-28.65246167175534],[-52.273438800215,-28.650603633352393],[-52.27145201392955,-28.650592159497524],[-52.271439737818724,-28.652450197701388],[-52.27342653821357,-28.65246167175534]]]}},{"type":"Feature","properties":{"id_grade":"200ME51730N81544","pop":2,"dom":1,"universo_dom":"domicilios_ocupados_grade_ibge_2022","na_bacia":1,"area_pct_bacia":100.0,"metodo_recorte_bacia":"ponto_representativo_grade_2022; area_pct_geometrica","status_borda_bacia":"total","metodo_area_bacia":"interseção geométrica em EPSG:5880","metodo_na_bacia":"ponto_representativo_grade_2022_within_bacia","pop_n_validos":1,"pop_n_total":1,"pop_completude":1.0,"dom_n_validos":1,"dom_n_total":1,"dom_completude":1.0},"geometry":{"type":"Polygon","coordinates":[[[-52.28138594709644,-28.650649396824907],[-52.28139815248689,-28.648791376672385],[-52.27941137961519,-28.64877995579453],[-52.27939916011554,-28.650637975748758],[-52.28138594709644,-28.650649396824907]]]}},{"type":"Feature","properties":{"id_grade":"200ME51738N81544","pop":10,"dom":3,"universo_dom":"domicilios_ocupados_grade_ibge_2022","na_bacia":1,"area_pct_bacia":100.0,"metodo_recorte_bacia":"ponto_representativo_grade_2022; area_pct_geometrica","status_borda_bacia":"total","metodo_area_bacia":"interseção geométrica em EPSG:5880","metodo_na_bacia":"ponto_representativo_grade_2022_within_bacia","pop_n_validos":1,"pop_n_total":1,"pop_completude":1.0,"dom_n_validos":1,"dom_n_total":1,"dom_completude":1.0},"geometry":{"type":"Polygon","coordinates":[[[-52.273438800215,-28.650603633352393],[-52.273451062042255,-28.648745613993917],[-52.27146428986601,-28.64873414033817],[-52.27145201392955,-28.650592159497524],[-52.273438800215,-28.650603633352393]]]}},{"type":"Feature","properties":{"id_grade":"200ME51742N81546","pop":5,"dom":2,"universo_dom":"domicilios_ocupados_grade_ibge_2022","na_bacia":1,"area_pct_bacia":100.0,"metodo_recorte_bacia":"ponto_representativo_grade_2022; area_pct_geometrica","status_borda_bacia":"total","metodo_area_bacia":"interseção geométrica em EPSG:5880","metodo_na_bacia":"ponto_representativo_grade_2022_within_bacia","pop_n_validos":1,"pop_n_total":1,"pop_completude":1.0,"dom_n_validos":1,"dom_n_total":1,"dom_completude":1.0},"geometry":{"type":"Polygon","coordinates":[[[-52.26947751786411,-28.648722653487887],[-52.2694898077352,-28.6468646535694],[-52.26750305001686,-28.646853153724198],[-52.26749074603678,-28.648711153443188],[-52.26947751786411,-28.648722653487887]]]}},{"type":"Feature","properties":{"id_grade":"200ME51744N81546","pop":3,"dom":1,"universo_dom":"domicilios_ocupados_grade_ibge_2022","na_bacia":1,"area_pct_bacia":100.0,"metodo_recorte_bacia":"ponto_representativo_grade_2022; area_pct_geometrica","status_borda_bacia":"total","metodo_area_bacia":"interseção geométrica em EPSG:5880","metodo_na_bacia":"ponto_representativo_grade_2022_within_bacia","pop_n_validos":1,"pop_n_total":1,"pop_completude":1.0,"dom_n_validos":1,"dom_n_total":1,"dom_completude":1.0},"geometry":{"type":"Polygon","coordinates":[[[-52.26749074603678,-28.648711153443188],[-52.26750305001686,-28.646853153724198],[-52.26551629247327,-28.646841640684773],[-52.26550397438421,-28.64869964020401],[-52.26749074603678,-28.648711153443188]]]}},{"type":"Feature","properties":{"id_grade":"200ME51748N81546","pop":3,"dom":1,"universo_dom":"domicilios_ocupados_grade_ibge_2022","na_bacia":1,"area_pct_bacia":100.0,"metodo_recorte_bacia":"ponto_representativo_grade_2022; area_pct_geometrica","status_borda_bacia":"total","metodo_area_bacia":"interseção geométrica em EPSG:5880","metodo_na_bacia":"ponto_representativo_grade_2022_within_bacia","pop_n_validos":1,"pop_n_total":1,"pop_completude":1.0,"dom_n_validos":1,"dom_n_total":1,"dom_completude":1.0},"geometry":{"type":"Polygon","coordinates":[[[-52.2635172029066,-28.648688113770408],[-52.263529535104645,-28.64683011445111],[-52.261542777911174,-28.6468185750233],[-52.26153043160415,-28.648676574142343],[-52.2635172029066,-28.648688113770408]]]}},{"type":"Feature","properties":{"id_grade":"200ME51744N81548","pop":2,"dom":1,"universo_dom":"domicilios_ocupados_grade_ibge_2022","na_bacia":1,"area_pct_bacia":100.0,"metodo_recorte_bacia":"ponto_representativo_grade_2022; area_pct_geometrica","status_borda_bacia":"total","metodo_area_bacia":"interseção geométrica em EPSG:5880","metodo_na_bacia":"ponto_representativo_grade_2022_within_bacia","pop_n_validos":1,"pop_n_total":1,"pop_completude":1.0,"dom_n_validos":1,"dom_n_total":1,"dom_completude":1.0},"geometry":{"type":"Polygon","coordinates":[[[-52.26750305001686,-28.646853153724198],[-52.26751535382218,-28.64499517304371],[-52.26552861038738,-28.644983660204083],[-52.26551629247327,-28.646841640684773],[-52.26750305001686,-28.646853153724198]]]}},{"type":"Feature","properties":{"id_grade":"200ME51746N81550","pop":4,"dom":2,"universo_dom":"domicilios_ocupados_grade_ibge_2022","na_bacia":1,"area_pct_bacia":100.0,"metodo_recorte_bacia":"ponto_representativo_grade_2022; area_pct_geometrica","status_borda_bacia":"total","metodo_area_bacia":"interseção geométrica em EPSG:5880","metodo_na_bacia":"ponto_representativo_grade_2022_within_bacia","pop_n_validos":1,"pop_n_total":1,"pop_completude":1.0,"dom_n_validos":1,"dom_n_total":1,"dom_completude":1.0},"geometry":{"type":"Polygon","coordinates":[[[-52.26552861038738,-28.644983660204083],[-52.26554092812653,-28.643125698758904],[-52.263554198975264,-28.643114172925173],[-52.26354186712753,-28.644972134170292],[-52.26552861038738,-28.644983660204083]]]}},{"type":"Feature","properties":{"id_grade":"200ME51816N81622","pop":9,"dom":3,"universo_dom":"domicilios_ocupados_grade_ibge_2022","na_bacia":1,"area_pct_bacia":100.0,"metodo_recorte_bacia":"ponto_representativo_grade_2022; area_pct_geometrica","status_borda_bacia":"total","metodo_area_bacia":"interseção geométrica em EPSG:5880","metodo_na_bacia":"ponto_representativo_grade_2022_within_bacia","pop_n_validos":1,"pop_n_total":1,"pop_completude":1.0,"dom_n_validos":1,"dom_n_total":1,"dom_completude":1.0},"geometry":{"type":"Polygon","coordinates":[[[-52.196453802551545,-28.577698012556002],[-52.1964666075405,-28.575840741543722],[-52.19448039240943,-28.575828761402285],[-52.19446757331924,-28.5776860322074],[-52.196453802551545,-28.577698012556002]]]}},{"type":"Feature","properties":{"id_grade":"200ME51810N81628","pop":4,"dom":1,"universo_dom":"domicilios_ocupados_grade_ibge_2022","na_bacia":1,"area_pct_bacia":100.0,"metodo_recorte_bacia":"ponto_representativo_grade_2022; area_pct_geometrica","status_borda_bacia":"total","metodo_area_bacia":"interseção geométrica em EPSG:5880","metodo_na_bacia":"ponto_representativo_grade_2022_within_bacia","pop_n_validos":1,"pop_n_total":1,"pop_completude":1.0,"dom_n_validos":1,"dom_n_total":1,"dom_completude":1.0},"geometry":{"type":"Polygon","coordinates":[[[-52.20245077885063,-28.572162116367014],[-52.2024635409922,-28.57030490150494],[-52.2004773676188,-28.570292961538968],[-52.20046459137659,-28.572150176194715],[-52.20245077885063,-28.572162116367014]]]}},{"type":"Feature","properties":{"id_grade":"1KME5178N8152","pop":11,"dom":5,"universo_dom":"domicilios_ocupados_grade_ibge_2022","na_bacia":1,"area_pct_bacia":100.0,"metodo_recorte_bacia":"ponto_representativo_grade_2022; area_pct_geometrica","status_borda_bacia":"total","metodo_area_bacia":"interseção geométrica em EPSG:5880","metodo_na_bacia":"ponto_representativo_grade_2022_within_bacia","pop_n_validos":1,"pop_n_total":1,"pop_completude":1.0,"dom_n_validos":1,"dom_n_total":1,"dom_completude":1.0},"geometry":{"type":"Polygon","coordinates":[[[-52.231578174014565,-28.670799335501265],[-52.23164097264004,-28.66150840232635],[-52.221706638224866,-28.66144950953539],[-52.22164348682656,-28.670740437596958],[-52.231578174014565,-28.670799335501265]]]}},{"type":"Feature","properties":{"id_grade":"1KME5179N8152","pop":3,"dom":1,"universo_dom":"domicilios_ocupados_grade_ibge_2022","na_bacia":1,"area_pct_bacia":100.0,"metodo_recorte_bacia":"ponto_representativo_grade_2022; area_pct_geometrica","status_borda_bacia":"total","metodo_area_bacia":"interseção geométrica em EPSG:5880","metodo_na_bacia":"ponto_representativo_grade_2022_within_bacia","pop_n_validos":1,"pop_n_total":1,"pop_completude":1.0,"dom_n_validos":1,"dom_n_total":1,"dom_completude":1.0},"geometry":{"type":"Polygon","coordinates":[[[-52.22164348682656,-28.670740437596958],[-52.221706638224866,-28.66144950953539],[-52.21177230829464,-28.66139028684559],[-52.21170880412397,-28.67068120976466],[-52.22164348682656,-28.670740437596958]]]}},{"type":"Feature","properties":{"id_grade":"1KME5180N8152","pop":7,"dom":3,"universo_dom":"domicilios_ocupados_grade_ibge_2022","na_bacia":1,"area_pct_bacia":100.0,"metodo_recorte_bacia":"ponto_representativo_grade_2022; area_pct_geometrica","status_borda_bacia":"total","metodo_area_bacia":"interseção geométrica em EPSG:5880","metodo_na_bacia":"ponto_representativo_grade_2022_within_bacia","pop_n_validos":1,"pop_n_total":1,"pop_completude":1.0,"dom_n_validos":1,"dom_n_total":1,"dom_completude":1.0},"geometry":{"type":"Polygon","coordinates":[[[-52.21170880412397,-28.67068120976466],[-52.21177230829464,-28.66139028684559],[-52.20183798287438,-28.661330734257234],[-52.20177412593184,-28.670621652005735],[-52.21170880412397,-28.67068120976466]]]}},{"type":"Feature","properties":{"id_grade":"1KME5181N8152","pop":3,"dom":1,"universo_dom":"domicilios_ocupados_grade_ibge_2022","na_bacia":1,"area_pct_bacia":100.0,"metodo_recorte_bacia":"ponto_representativo_grade_2022; area_pct_geometrica","status_borda_bacia":"total","metodo_area_bacia":"interseção geométrica em EPSG:5880","metodo_na_bacia":"ponto_representativo_grade_2022_within_bacia","pop_n_validos":1,"pop_n_total":1,"pop_completude":1.0,"dom_n_validos":1,"dom_n_total":1,"dom_completude":1.0},"geometry":{"type":"Polygon","coordinates":[[[-52.20177412593184,-28.670621652005735],[-52.20183798287438,-28.661330734257234],[-52.19190366198916,-28.661270851770897],[-52.19183945227523,-28.67056176431997],[-52.20177412593184,-28.670621652005735]]]}},{"type":"Feature","properties":{"id_grade":"1KME5173N8153","pop":7,"dom":3,"universo_dom":"domicilios_ocupados_grade_ibge_2022","na_bacia":1,"area_pct_bacia":100.0,"metodo_recorte_bacia":"ponto_representativo_grade_2022; area_pct_geometrica","status_borda_bacia":"total","metodo_area_bacia":"interseção geométrica em EPSG:5880","metodo_na_bacia":"ponto_representativo_grade_2022_within_bacia","pop_n_validos":1,"pop_n_total":1,"pop_completude":1.0,"dom_n_validos":1,"dom_n_total":1,"dom_completude":1.0},"geometry":{"type":"Polygon","coordinates":[[[-52.28131271111304,-28.661797917779012],[-52.28137374153263,-28.652507436021903],[-52.271439737818724,-28.65245019770135],[-52.271378354648995,-28.661740674490577],[-52.28131271111304,-28.661797917779012]]]}},{"type":"Feature","properties":{"id_grade":"1KME5176N8153","pop":2,"dom":2,"universo_dom":"domicilios_ocupados_grade_ibge_2022","na_bacia":1,"area_pct_bacia":100.0,"metodo_recorte_bacia":"ponto_representativo_grade_2022; area_pct_geometrica","status_borda_bacia":"total","metodo_area_bacia":"interseção geométrica em EPSG:5880","metodo_na_bacia":"ponto_representativo_grade_2022_within_bacia","pop_n_validos":1,"pop_n_total":1,"pop_completude":1.0,"dom_n_validos":1,"dom_n_total":1,"dom_completude":1.0},"geometry":{"type":"Polygon","coordinates":[[[-52.25150965482496,-28.66162519820964],[-52.25157174349356,-28.652334731441513],[-52.241637752932405,-28.65227650350364],[-52.241575311515085,-28.661566965218107],[-52.25150965482496,-28.66162519820964]]]}},{"type":"Feature","properties":{"id_grade":"1KME5178N8153","pop":10,"dom":3,"universo_dom":"domicilios_ocupados_grade_ibge_2022","na_bacia":1,"area_pct_bacia":100.0,"metodo_recorte_bacia":"ponto_representativo_grade_2022; area_pct_geometrica","status_borda_bacia":"total","metodo_area_bacia":"interseção geométrica em EPSG:5880","metodo_na_bacia":"ponto_representativo_grade_2022_within_bacia","pop_n_validos":1,"pop_n_total":1,"pop_completude":1.0,"dom_n_validos":1,"dom_n_total":1,"dom_completude":1.0},"geometry":{"type":"Polygon","coordinates":[[[-52.23164097264004,-28.66150840232635],[-52.23170376680562,-28.6522179456942],[-52.22176978513824,-28.65215905801397],[-52.221706638224866,-28.66144950953539],[-52.23164097264004,-28.66150840232635]]]}},{"type":"Feature","properties":{"id_grade":"1KME5179N8153","pop":5,"dom":2,"universo_dom":"domicilios_ocupados_grade_ibge_2022","na_bacia":1,"area_pct_bacia":100.0,"metodo_recorte_bacia":"ponto_representativo_grade_2022; area_pct_geometrica","status_borda_bacia":"total","metodo_area_bacia":"interseção geométrica em EPSG:5880","metodo_na_bacia":"ponto_representativo_grade_2022_within_bacia","pop_n_validos":1,"pop_n_total":1,"pop_completude":1.0,"dom_n_validos":1,"dom_n_total":1,"dom_completude":1.0},"geometry":{"type":"Polygon","coordinates":[[[-52.221706638224866,-28.66144950953539],[-52.22176978513824,-28.65215905801397],[-52.21183580795531,-28.652099840463315],[-52.21177230829464,-28.66139028684559],[-52.221706638224866,-28.66144950953539]]]}},{"type":"Feature","properties":{"id_grade":"1KME5180N8153","pop":4,"dom":1,"universo_dom":"domicilios_ocupados_grade_ibge_2022","na_bacia":1,"area_pct_bacia":100.0,"metodo_recorte_bacia":"ponto_representativo_grade_2022; area_pct_geometrica","status_borda_bacia":"total","metodo_area_bacia":"interseção geométrica em EPSG:5880","metodo_na_bacia":"ponto_representativo_grade_2022_within_bacia","pop_n_validos":1,"pop_n_total":1,"pop_completude":1.0,"dom_n_validos":1,"dom_n_total":1,"dom_completude":1.0},"geometry":{"type":"Polygon","coordinates":[[[-52.21177230829464,-28.66139028684559],[-52.21183580795531,-28.652099840463315],[-52.20190183528188,-28.652040293043157],[-52.20183798287438,-28.661330734257234],[-52.21177230829464,-28.66139028684559]]]}},{"type":"Feature","properties":{"id_grade":"1KME5181N8153","pop":7,"dom":2,"universo_dom":"domicilios_ocupados_grade_ibge_2022","na_bacia":1,"area_pct_bacia":100.0,"metodo_recorte_bacia":"ponto_representativo_grade_2022; area_pct_geometrica","status_borda_bacia":"total","metodo_area_bacia":"interseção geométrica em EPSG:5880","metodo_na_bacia":"ponto_representativo_grade_2022_within_bacia","pop_n_validos":1,"pop_n_total":1,"pop_completude":1.0,"dom_n_validos":1,"dom_n_total":1,"dom_completude":1.0},"geometry":{"type":"Polygon","coordinates":[[[-52.20183798287438,-28.661330734257234],[-52.20190183528188,-28.652040293043157],[-52.191967867143006,-28.65198041575337],[-52.19190366198916,-28.661270851770897],[-52.20183798287438,-28.661330734257234]]]}},{"type":"Feature","properties":{"id_grade":"1KME5182N8153","pop":3,"dom":1,"universo_dom":"domicilios_ocupados_grade_ibge_2022","na_bacia":1,"area_pct_bacia":100.0,"metodo_recorte_bacia":"ponto_representativo_grade_2022; area_pct_geometrica","status_borda_bacia":"total","metodo_area_bacia":"interseção geométrica em EPSG:5880","metodo_na_bacia":"ponto_representativo_grade_2022_within_bacia","pop_n_validos":1,"pop_n_total":1,"pop_completude":1.0,"dom_n_validos":1,"dom_n_total":1,"dom_completude":1.0},"geometry":{"type":"Polygon","coordinates":[[[-52.19190366198916,-28.661270851770897],[-52.191967867143006,-28.65198041575337],[-52.18203390356373,-28.65192020859538],[-52.18196934566403,-28.66121063938744],[-52.19190366198916,-28.661270851770897]]]}},{"type":"Feature","properties":{"id_grade":"1KME5183N8153","pop":10,"dom":3,"universo_dom":"domicilios_ocupados_grade_ibge_2022","na_bacia":1,"area_pct_bacia":100.0,"metodo_recorte_bacia":"ponto_representativo_grade_2022; area_pct_geometrica","status_borda_bacia":"total","metodo_area_bacia":"interseção geométrica em EPSG:5880","metodo_na_bacia":"ponto_representativo_grade_2022_within_bacia","pop_n_validos":1,"pop_n_total":1,"pop_completude":1.0,"dom_n_validos":1,"dom_n_total":1,"dom_completude":1.0},"geometry":{"type":"Polygon","coordinates":[[[-52.18196934566403,-28.66121063938744],[-52.18203390356373,-28.65192020859538],[-52.17209994456911,-28.651859671569042],[-52.17203503392403,-28.66115009710726],[-52.18196934566403,-28.66121063938744]]]}},{"type":"Feature","properties":{"id_grade":"1KME5184N8153","pop":22,"dom":7,"universo_dom":"domicilios_ocupados_grade_ibge_2022","na_bacia":1,"area_pct_bacia":100.0,"metodo_recorte_bacia":"ponto_representativo_grade_2022; area_pct_geometrica","status_borda_bacia":"total","metodo_area_bacia":"interseção geométrica em EPSG:5880","metodo_na_bacia":"ponto_representativo_grade_2022_within_bacia","pop_n_validos":1,"pop_n_total":1,"pop_completude":1.0,"dom_n_validos":1,"dom_n_total":1,"dom_completude":1.0},"geometry":{"type":"Polygon","coordinates":[[[-52.17203503392403,-28.66115009710726],[-52.17209994456911,-28.651859671569042],[-52.16216599018417,-28.651798804675177],[-52.16210072679422,-28.661089224931075],[-52.17203503392403,-28.66115009710726]]]}},{"type":"Feature","properties":{"id_grade":"1KME5175N8154","pop":2,"dom":1,"universo_dom":"domicilios_ocupados_grade_ibge_2022","na_bacia":1,"area_pct_bacia":100.0,"metodo_recorte_bacia":"ponto_representativo_grade_2022; area_pct_geometrica","status_borda_bacia":"total","metodo_area_bacia":"interseção geométrica em EPSG:5880","metodo_na_bacia":"ponto_representativo_grade_2022_within_bacia","pop_n_validos":1,"pop_n_total":1,"pop_completude":1.0,"dom_n_validos":1,"dom_n_total":1,"dom_completude":1.0},"geometry":{"type":"Polygon","coordinates":[[[-52.261505738464,-28.65239262950775],[-52.26156746999914,-28.6431026338977],[-52.25163382775285,-28.6430447408539],[-52.25157174349356,-28.652334731441513],[-52.261505738464,-28.65239262950775]]]}},{"type":"Feature","properties":{"id_grade":"1KME5177N8154","pop":16,"dom":6,"universo_dom":"domicilios_ocupados_grade_ibge_2022","na_bacia":1,"area_pct_bacia":100.0,"metodo_recorte_bacia":"ponto_representativo_grade_2022; area_pct_geometrica","status_borda_bacia":"total","metodo_area_bacia":"interseção geométrica em EPSG:5880","metodo_na_bacia":"ponto_representativo_grade_2022_within_bacia","pop_n_validos":1,"pop_n_total":1,"pop_completude":1.0,"dom_n_validos":1,"dom_n_total":1,"dom_completude":1.0},"geometry":{"type":"Polygon","coordinates":[[[-52.241637752932405,-28.65227650350364],[-52.241700189915385,-28.642986517966765],[-52.2317665565118,-28.642927965236908],[-52.23170376680562,-28.6522179456942],[-52.241637752932405,-28.65227650350364]]]}},{"type":"Feature","properties":{"id_grade":"1KME5178N8154","pop":19,"dom":6,"universo_dom":"domicilios_ocupados_grade_ibge_2022","na_bacia":1,"area_pct_bacia":100.0,"metodo_recorte_bacia":"ponto_representativo_grade_2022; area_pct_geometrica","status_borda_bacia":"total","metodo_area_bacia":"interseção geométrica em EPSG:5880","metodo_na_bacia":"ponto_representativo_grade_2022_within_bacia","pop_n_validos":1,"pop_n_total":1,"pop_completude":1.0,"dom_n_validos":1,"dom_n_total":1,"dom_completude":1.0},"geometry":{"type":"Polygon","coordinates":[[[-52.23170376680562,-28.6522179456942],[-52.2317665565118,-28.642927965236908],[-52.221832927567156,-28.64286908266479],[-52.22176978513824,-28.65215905801397],[-52.23170376680562,-28.6522179456942]]]}},{"type":"Feature","properties":{"id_grade":"1KME5179N8154","pop":9,"dom":4,"universo_dom":"domicilios_ocupados_grade_ibge_2022","na_bacia":1,"area_pct_bacia":100.0,"metodo_recorte_bacia":"ponto_representativo_grade_2022; area_pct_geometrica","status_borda_bacia":"total","metodo_area_bacia":"interseção geométrica em EPSG:5880","metodo_na_bacia":"ponto_representativo_grade_2022_within_bacia","pop_n_validos":1,"pop_n_total":1,"pop_completude":1.0,"dom_n_validos":1,"dom_n_total":1,"dom_completude":1.0},"geometry":{"type":"Polygon","coordinates":[[[-52.22176978513824,-28.65215905801397],[-52.221832927567156,-28.64286908266479],[-52.211899303106485,-28.642809870250936],[-52.21183580795531,-28.652099840463315],[-52.22176978513824,-28.65215905801397]]]}},{"type":"Feature","properties":{"id_grade":"1KME5180N8154","pop":2,"dom":2,"universo_dom":"domicilios_ocupados_grade_ibge_2022","na_bacia":1,"area_pct_bacia":100.0,"metodo_recorte_bacia":"ponto_representativo_grade_2022; area_pct_geometrica","status_borda_bacia":"total","metodo_area_bacia":"interseção geométrica em EPSG:5880","metodo_na_bacia":"ponto_representativo_grade_2022_within_bacia","pop_n_validos":1,"pop_n_total":1,"pop_completude":1.0,"dom_n_validos":1,"dom_n_total":1,"dom_completude":1.0},"geometry":{"type":"Polygon","coordinates":[[[-52.21183580795531,-28.652099840463315],[-52.211899303106485,-28.642809870250936],[-52.20196568315484,-28.64275032799591],[-52.20190183528188,-28.652040293043157],[-52.21183580795531,-28.652099840463315]]]}},{"type":"Feature","properties":{"id_grade":"1KME5181N8154","pop":6,"dom":3,"universo_dom":"domicilios_ocupados_grade_ibge_2022","na_bacia":1,"area_pct_bacia":100.0,"metodo_recorte_bacia":"ponto_representativo_grade_2022; area_pct_geometrica","status_borda_bacia":"total","metodo_area_bacia":"interseção geométrica em EPSG:5880","metodo_na_bacia":"ponto_representativo_grade_2022_within_bacia","pop_n_validos":1,"pop_n_total":1,"pop_completude":1.0,"dom_n_validos":1,"dom_n_total":1,"dom_completude":1.0},"geometry":{"type":"Polygon","coordinates":[[[-52.20190183528188,-28.652040293043157],[-52.20196568315484,-28.64275032799591],[-52.19203206773726,-28.64269045590035],[-52.191967867143006,-28.65198041575337],[-52.20190183528188,-28.652040293043157]]]}},{"type":"Feature","properties":{"id_grade":"1KME5182N8154","pop":3,"dom":1,"universo_dom":"domicilios_ocupados_grade_ibge_2022","na_bacia":1,"area_pct_bacia":100.0,"metodo_recorte_bacia":"ponto_representativo_grade_2022; area_pct_geometrica","status_borda_bacia":"total","metodo_area_bacia":"interseção geométrica em EPSG:5880","metodo_na_bacia":"ponto_representativo_grade_2022_within_bacia","pop_n_validos":1,"pop_n_total":1,"pop_completude":1.0,"dom_n_validos":1,"dom_n_total":1,"dom_completude":1.0},"geometry":{"type":"Polygon","coordinates":[[[-52.191967867143006,-28.65198041575337],[-52.19203206773726,-28.64269045590035],[-52.18209845687879,-28.64263025396442],[-52.18203390356373,-28.65192020859538],[-52.191967867143006,-28.65198041575337]]]}},{"type":"Feature","properties":{"id_grade":"1KME5183N8154","pop":10,"dom":4,"universo_dom":"domicilios_ocupados_grade_ibge_2022","na_bacia":1,"area_pct_bacia":100.0,"metodo_recorte_bacia":"ponto_representativo_grade_2022; area_pct_geometrica","status_borda_bacia":"total","metodo_area_bacia":"interseção geométrica em EPSG:5880","metodo_na_bacia":"ponto_representativo_grade_2022_within_bacia","pop_n_validos":1,"pop_n_total":1,"pop_completude":1.0,"dom_n_validos":1,"dom_n_total":1,"dom_completude":1.0},"geometry":{"type":"Polygon","coordinates":[[[-52.18203390356373,-28.65192020859538],[-52.18209845687879,-28.64263025396442],[-52.17216485060448,-28.642569722189233],[-52.17209994456911,-28.651859671569042],[-52.18203390356373,-28.65192020859538]]]}},{"type":"Feature","properties":{"id_grade":"1KME5184N8154","pop":13,"dom":4,"universo_dom":"domicilios_ocupados_grade_ibge_2022","na_bacia":1,"area_pct_bacia":100.0,"metodo_recorte_bacia":"ponto_representativo_grade_2022; area_pct_geometrica","status_borda_bacia":"total","metodo_area_bacia":"interseção geométrica em EPSG:5880","metodo_na_bacia":"ponto_representativo_grade_2022_within_bacia","pop_n_validos":1,"pop_n_total":1,"pop_completude":1.0,"dom_n_validos":1,"dom_n_total":1,"dom_completude":1.0},"geometry":{"type":"Polygon","coordinates":[[[-52.17209994456911,-28.651859671569042],[-52.17216485060448,-28.642569722189233],[-52.16223124893938,-28.64250886057523],[-52.16216599018417,-28.651798804675177],[-52.17209994456911,-28.651859671569042]]]}},{"type":"Feature","properties":{"id_grade":"1KME5185N8154","pop":6,"dom":3,"universo_dom":"domicilios_ocupados_grade_ibge_2022","na_bacia":1,"area_pct_bacia":100.0,"metodo_recorte_bacia":"ponto_representativo_grade_2022; area_pct_geometrica","status_borda_bacia":"total","metodo_area_bacia":"interseção geométrica em EPSG:5880","metodo_na_bacia":"ponto_representativo_grade_2022_within_bacia","pop_n_validos":1,"pop_n_total":1,"pop_completude":1.0,"dom_n_validos":1,"dom_n_total":1,"dom_completude":1.0},"geometry":{"type":"Polygon","coordinates":[[[-52.16216599018417,-28.651798804675177],[-52.16223124893938,-28.64250886057523],[-52.152297651908526,-28.642447669122713],[-52.152232040433994,-28.65173760791442],[-52.16216599018417,-28.651798804675177]]]}},{"type":"Feature","properties":{"id_grade":"1KME5172N8155","pop":1,"dom":1,"universo_dom":"domicilios_ocupados_grade_ibge_2022","na_bacia":1,"area_pct_bacia":100.0,"metodo_recorte_bacia":"ponto_representativo_grade_2022; area_pct_geometrica","status_borda_bacia":"total","metodo_area_bacia":"interseção geométrica em EPSG:5880","metodo_na_bacia":"ponto_representativo_grade_2022_within_bacia","pop_n_validos":1,"pop_n_total":1,"pop_completude":1.0,"dom_n_validos":1,"dom_n_total":1,"dom_completude":1.0},"geometry":{"type":"Polygon","coordinates":[[[-52.291368422940614,-28.64327433396357],[-52.29142909199185,-28.633984799281524],[-52.281495789369814,-28.633927900704762],[-52.28143476761807,-28.64321743045288],[-52.291368422940614,-28.64327433396357]]]}},{"type":"Feature","properties":{"id_grade":"1KME5173N8155","pop":15,"dom":5,"universo_dom":"domicilios_ocupados_grade_ibge_2022","na_bacia":1,"area_pct_bacia":100.0,"metodo_recorte_bacia":"ponto_representativo_grade_2022; area_pct_geometrica","status_borda_bacia":"total","metodo_area_bacia":"interseção geométrica em EPSG:5880","metodo_na_bacia":"ponto_representativo_grade_2022_within_bacia","pop_n_validos":1,"pop_n_total":1,"pop_completude":1.0,"dom_n_validos":1,"dom_n_total":1,"dom_completude":1.0},"geometry":{"type":"Polygon","coordinates":[[[-52.28143476761807,-28.64321743045288],[-52.281495789369814,-28.633927900704762],[-52.27156249108102,-28.633870672311584],[-52.27150111662924,-28.643160197097544],[-52.28143476761807,-28.64321743045288]]]}},{"type":"Feature","properties":{"id_grade":"1KME5174N8155","pop":2,"dom":1,"universo_dom":"domicilios_ocupados_grade_ibge_2022","na_bacia":1,"area_pct_bacia":100.0,"metodo_recorte_bacia":"ponto_representativo_grade_2022; area_pct_geometrica","status_borda_bacia":"total","metodo_area_bacia":"interseção geométrica em EPSG:5880","metodo_na_bacia":"ponto_representativo_grade_2022_within_bacia","pop_n_validos":1,"pop_n_total":1,"pop_completude":1.0,"dom_n_validos":1,"dom_n_total":1,"dom_completude":1.0},"geometry":{"type":"Polygon","coordinates":[[[-52.27150111662924,-28.643160197097544],[-52.27156249108102,-28.633870672311584],[-52.2616291971505,-28.633813114102985],[-52.26156746999914,-28.6431026338977],[-52.27150111662924,-28.643160197097544]]]}},{"type":"Feature","properties":{"id_grade":"1KME5176N8155","pop":6,"dom":2,"universo_dom":"domicilios_ocupados_grade_ibge_2022","na_bacia":1,"area_pct_bacia":100.0,"metodo_recorte_bacia":"ponto_representativo_grade_2022; area_pct_geometrica","status_borda_bacia":"total","metodo_area_bacia":"interseção geométrica em EPSG:5880","metodo_na_bacia":"ponto_representativo_grade_2022_within_bacia","pop_n_validos":1,"pop_n_total":1,"pop_completude":1.0,"dom_n_validos":1,"dom_n_total":1,"dom_completude":1.0},"geometry":{"type":"Polygon","coordinates":[[[-52.25163382775285,-28.6430447408539],[-52.251695907603306,-28.633755226078726],[-52.24176262246448,-28.63369700824019],[-52.241700189915385,-28.642986517966765],[-52.25163382775285,-28.6430447408539]]]}},{"type":"Feature","properties":{"id_grade":"1KME5177N8155","pop":7,"dom":2,"universo_dom":"domicilios_ocupados_grade_ibge_2022","na_bacia":1,"area_pct_bacia":100.0,"metodo_recorte_bacia":"ponto_representativo_grade_2022; area_pct_geometrica","status_borda_bacia":"total","metodo_area_bacia":"interseção geométrica em EPSG:5880","metodo_na_bacia":"ponto_representativo_grade_2022_within_bacia","pop_n_validos":1,"pop_n_total":1,"pop_completude":1.0,"dom_n_validos":1,"dom_n_total":1,"dom_completude":1.0},"geometry":{"type":"Polygon","coordinates":[[[-52.241700189915385,-28.642986517966765],[-52.24176262246448,-28.63369700824019],[-52.23182934175906,-28.633638460587004],[-52.2317665565118,-28.642927965236908],[-52.241700189915385,-28.642986517966765]]]}},{"type":"Feature","properties":{"id_grade":"1KME5179N8155","pop":2,"dom":1,"universo_dom":"domicilios_ocupados_grade_ibge_2022","na_bacia":1,"area_pct_bacia":100.0,"metodo_recorte_bacia":"ponto_representativo_grade_2022; area_pct_geometrica","status_borda_bacia":"total","metodo_area_bacia":"interseção geométrica em EPSG:5880","metodo_na_bacia":"ponto_representativo_grade_2022_within_bacia","pop_n_validos":1,"pop_n_total":1,"pop_completude":1.0,"dom_n_validos":1,"dom_n_total":1,"dom_completude":1.0},"geometry":{"type":"Polygon","coordinates":[[[-52.221832927567156,-28.64286908266479],[-52.2218960655121,-28.633579583120174],[-52.21196279374864,-28.633520375840405],[-52.211899303106485,-28.642809870250936],[-52.221832927567156,-28.64286908266479]]]}},{"type":"Feature","properties":{"id_grade":"1KME5180N8155","pop":10,"dom":4,"universo_dom":"domicilios_ocupados_grade_ibge_2022","na_bacia":1,"area_pct_bacia":100.0,"metodo_recorte_bacia":"ponto_representativo_grade_2022; area_pct_geometrica","status_borda_bacia":"total","metodo_area_bacia":"interseção geométrica em EPSG:5880","metodo_na_bacia":"ponto_representativo_grade_2022_within_bacia","pop_n_validos":1,"pop_n_total":1,"pop_completude":1.0,"dom_n_validos":1,"dom_n_total":1,"dom_completude":1.0},"geometry":{"type":"Polygon","coordinates":[[[-52.211899303106485,-28.642809870250936],[-52.21196279374864,-28.633520375840405],[-52.202029526493725,-28.63346083874797],[-52.20196568315484,-28.64275032799591],[-52.211899303106485,-28.642809870250936]]]}},{"type":"Feature","properties":{"id_grade":"1KME5181N8155","pop":15,"dom":4,"universo_dom":"domicilios_ocupados_grade_ibge_2022","na_bacia":1,"area_pct_bacia":100.0,"metodo_recorte_bacia":"ponto_representativo_grade_2022; area_pct_geometrica","status_borda_bacia":"total","metodo_area_bacia":"interseção geométrica em EPSG:5880","metodo_na_bacia":"ponto_representativo_grade_2022_within_bacia","pop_n_validos":1,"pop_n_total":1,"pop_completude":1.0,"dom_n_validos":1,"dom_n_total":1,"dom_completude":1.0},"geometry":{"type":"Polygon","coordinates":[[[-52.20196568315484,-28.64275032799591],[-52.202029526493725,-28.63346083874797],[-52.192096263772385,-28.63340097184351],[-52.19203206773726,-28.64269045590035],[-52.20196568315484,-28.64275032799591]]]}},{"type":"Feature","properties":{"id_grade":"1KME5182N8155","pop":18,"dom":7,"universo_dom":"domicilios_ocupados_grade_ibge_2022","na_bacia":1,"area_pct_bacia":100.0,"metodo_recorte_bacia":"ponto_representativo_grade_2022; area_pct_geometrica","status_borda_bacia":"total","metodo_area_bacia":"interseção geométrica em EPSG:5880","metodo_na_bacia":"ponto_representativo_grade_2022_within_bacia","pop_n_validos":1,"pop_n_total":1,"pop_completude":1.0,"dom_n_validos":1,"dom_n_total":1,"dom_completude":1.0},"geometry":{"type":"Polygon","coordinates":[[[-52.19203206773726,-28.64269045590035],[-52.192096263772385,-28.63340097184351],[-52.18216300560968,-28.63334077512772],[-52.18209845687879,-28.64263025396442],[-52.19203206773726,-28.64269045590035]]]}},{"type":"Feature","properties":{"id_grade":"1KME5183N8155","pop":3,"dom":1,"universo_dom":"domicilios_ocupados_grade_ibge_2022","na_bacia":1,"area_pct_bacia":100.0,"metodo_recorte_bacia":"ponto_representativo_grade_2022; area_pct_geometrica","status_borda_bacia":"total","metodo_area_bacia":"interseção geométrica em EPSG:5880","metodo_na_bacia":"ponto_representativo_grade_2022_within_bacia","pop_n_validos":1,"pop_n_total":1,"pop_completude":1.0,"dom_n_validos":1,"dom_n_total":1,"dom_completude":1.0},"geometry":{"type":"Polygon","coordinates":[[[-52.18209845687879,-28.64263025396442],[-52.18216300560968,-28.63334077512772],[-52.17222975203064,-28.633280248600872],[-52.17216485060448,-28.642569722189233],[-52.18209845687879,-28.64263025396442]]]}},{"type":"Feature","properties":{"id_grade":"1KME5184N8155","pop":14,"dom":5,"universo_dom":"domicilios_ocupados_grade_ibge_2022","na_bacia":1,"area_pct_bacia":100.0,"metodo_recorte_bacia":"ponto_representativo_grade_2022; area_pct_geometrica","status_borda_bacia":"total","metodo_area_bacia":"interseção geométrica em EPSG:5880","metodo_na_bacia":"ponto_representativo_grade_2022_within_bacia","pop_n_validos":1,"pop_n_total":1,"pop_completude":1.0,"dom_n_validos":1,"dom_n_total":1,"dom_completude":1.0},"geometry":{"type":"Polygon","coordinates":[[[-52.17216485060448,-28.642569722189233],[-52.17222975203064,-28.633280248600872],[-52.16229650306033,-28.633219392263342],[-52.16223124893938,-28.64250886057523],[-52.17216485060448,-28.642569722189233]]]}},{"type":"Feature","properties":{"id_grade":"1KME5185N8155","pop":10,"dom":3,"universo_dom":"domicilios_ocupados_grade_ibge_2022","na_bacia":1,"area_pct_bacia":100.0,"metodo_recorte_bacia":"ponto_representativo_grade_2022; area_pct_geometrica","status_borda_bacia":"total","metodo_area_bacia":"interseção geométrica em EPSG:5880","metodo_na_bacia":"ponto_representativo_grade_2022_within_bacia","pop_n_validos":1,"pop_n_total":1,"pop_completude":1.0,"dom_n_validos":1,"dom_n_total":1,"dom_completude":1.0},"geometry":{"type":"Polygon","coordinates":[[[-52.16223124893938,-28.64250886057523],[-52.16229650306033,-28.633219392263342],[-52.152363258723774,-28.633158206116573],[-52.152297651908526,-28.642447669122713],[-52.16223124893938,-28.64250886057523]]]}},{"type":"Feature","properties":{"id_grade":"1KME5173N8156","pop":4,"dom":2,"universo_dom":"domicilios_ocupados_grade_ibge_2022","na_bacia":1,"area_pct_bacia":100.0,"metodo_recorte_bacia":"ponto_representativo_grade_2022; area_pct_geometrica","status_borda_bacia":"total","metodo_area_bacia":"interseção geométrica em EPSG:5880","metodo_na_bacia":"ponto_representativo_grade_2022_within_bacia","pop_n_validos":1,"pop_n_total":1,"pop_completude":1.0,"dom_n_validos":1,"dom_n_total":1,"dom_completude":1.0},"geometry":{"type":"Polygon","coordinates":[[[-52.281495789369814,-28.633927900704762],[-52.281556806788316,-28.62463884640978],[-52.27162386117451,-28.624581622976635],[-52.27156249108102,-28.633870672311584],[-52.281495789369814,-28.633927900704762]]]}},{"type":"Feature","properties":{"id_grade":"1KME5174N8156","pop":14,"dom":4,"universo_dom":"domicilios_ocupados_grade_ibge_2022","na_bacia":1,"area_pct_bacia":100.0,"metodo_recorte_bacia":"ponto_representativo_grade_2022; area_pct_geometrica","status_borda_bacia":"total","metodo_area_bacia":"interseção geométrica em EPSG:5880","metodo_na_bacia":"ponto_representativo_grade_2022_within_bacia","pop_n_validos":1,"pop_n_total":1,"pop_completude":1.0,"dom_n_validos":1,"dom_n_total":1,"dom_completude":1.0},"geometry":{"type":"Polygon","coordinates":[[[-52.27156249108102,-28.633870672311584],[-52.27162386117451,-28.624581622976635],[-52.26169091991853,-28.624524069756156],[-52.2616291971505,-28.633813114102985],[-52.27156249108102,-28.633870672311584]]]}},{"type":"Feature","properties":{"id_grade":"1KME5175N8156","pop":11,"dom":4,"universo_dom":"domicilios_ocupados_grade_ibge_2022","na_bacia":1,"area_pct_bacia":100.0,"metodo_recorte_bacia":"ponto_representativo_grade_2022; area_pct_geometrica","status_borda_bacia":"total","metodo_area_bacia":"interseção geométrica em EPSG:5880","metodo_na_bacia":"ponto_representativo_grade_2022_within_bacia","pop_n_validos":1,"pop_n_total":1,"pop_completude":1.0,"dom_n_validos":1,"dom_n_total":1,"dom_completude":1.0},"geometry":{"type":"Polygon","coordinates":[[[-52.2616291971505,-28.633813114102985],[-52.26169091991853,-28.624524069756156],[-52.25175798304539,-28.624466186749117],[-52.251695907603306,-28.633755226078726],[-52.2616291971505,-28.633813114102985]]]}},{"type":"Feature","properties":{"id_grade":"1KME5176N8156","pop":3,"dom":1,"universo_dom":"domicilios_ocupados_grade_ibge_2022","na_bacia":1,"area_pct_bacia":100.0,"metodo_recorte_bacia":"ponto_representativo_grade_2022; area_pct_geometrica","status_borda_bacia":"total","metodo_area_bacia":"interseção geométrica em EPSG:5880","metodo_na_bacia":"ponto_representativo_grade_2022_within_bacia","pop_n_validos":1,"pop_n_total":1,"pop_completude":1.0,"dom_n_validos":1,"dom_n_total":1,"dom_completude":1.0},"geometry":{"type":"Polygon","coordinates":[[[-52.251695907603306,-28.633755226078726],[-52.25175798304539,-28.624466186749117],[-52.241825050580154,-28.62440797395601],[-52.24176262246448,-28.63369700824019],[-52.251695907603306,-28.633755226078726]]]}},{"type":"Feature","properties":{"id_grade":"1KME5178N8156","pop":6,"dom":3,"universo_dom":"domicilios_ocupados_grade_ibge_2022","na_bacia":1,"area_pct_bacia":100.0,"metodo_recorte_bacia":"ponto_representativo_grade_2022; area_pct_geometrica","status_borda_bacia":"total","metodo_area_bacia":"interseção geométrica em EPSG:5880","metodo_na_bacia":"ponto_representativo_grade_2022_within_bacia","pop_n_validos":1,"pop_n_total":1,"pop_completude":1.0,"dom_n_validos":1,"dom_n_total":1,"dom_completude":1.0},"geometry":{"type":"Polygon","coordinates":[[[-52.23182934175906,-28.633638460587004],[-52.231892122547855,-28.624349431377272],[-52.22195919897354,-28.624290559013133],[-52.2218960655121,-28.633579583120174],[-52.23182934175906,-28.633638460587004]]]}},{"type":"Feature","properties":{"id_grade":"1KME5179N8156","pop":15,"dom":5,"universo_dom":"domicilios_ocupados_grade_ibge_2022","na_bacia":1,"area_pct_bacia":100.0,"metodo_recorte_bacia":"ponto_representativo_grade_2022; area_pct_geometrica","status_borda_bacia":"total","metodo_area_bacia":"interseção geométrica em EPSG:5880","metodo_na_bacia":"ponto_representativo_grade_2022_within_bacia","pop_n_validos":1,"pop_n_total":1,"pop_completude":1.0,"dom_n_validos":1,"dom_n_total":1,"dom_completude":1.0},"geometry":{"type":"Polygon","coordinates":[[[-52.2218960655121,-28.633579583120174],[-52.22195919897354,-28.624290559013133],[-52.21202627988225,-28.624231356864595],[-52.21196279374864,-28.633520375840405],[-52.2218960655121,-28.633579583120174]]]}},{"type":"Feature","properties":{"id_grade":"1KME5180N8156","pop":1,"dom":1,"universo_dom":"domicilios_ocupados_grade_ibge_2022","na_bacia":1,"area_pct_bacia":100.0,"metodo_recorte_bacia":"ponto_representativo_grade_2022; area_pct_geometrica","status_borda_bacia":"total","metodo_area_bacia":"interseção geométrica em EPSG:5880","metodo_na_bacia":"ponto_representativo_grade_2022_within_bacia","pop_n_validos":1,"pop_n_total":1,"pop_completude":1.0,"dom_n_validos":1,"dom_n_total":1,"dom_completude":1.0},"geometry":{"type":"Polygon","coordinates":[[[-52.21196279374864,-28.633520375840405],[-52.21202627988225,-28.624231356864595],[-52.202093365299014,-28.624171824932027],[-52.202029526493725,-28.63346083874797],[-52.21196279374864,-28.633520375840405]]]}},{"type":"Feature","properties":{"id_grade":"1KME5182N8156","pop":22,"dom":10,"universo_dom":"domicilios_ocupados_grade_ibge_2022","na_bacia":1,"area_pct_bacia":100.0,"metodo_recorte_bacia":"ponto_representativo_grade_2022; area_pct_geometrica","status_borda_bacia":"total","metodo_area_bacia":"interseção geométrica em EPSG:5880","metodo_na_bacia":"ponto_representativo_grade_2022_within_bacia","pop_n_validos":1,"pop_n_total":1,"pop_completude":1.0,"dom_n_validos":1,"dom_n_total":1,"dom_completude":1.0},"geometry":{"type":"Polygon","coordinates":[[[-52.192096263772385,-28.63340097184351],[-52.19216045524889,-28.624111963215963],[-52.1822275497569,-28.624051771716918],[-52.18216300560968,-28.63334077512772],[-52.192096263772385,-28.63340097184351]]]}},{"type":"Feature","properties":{"id_grade":"1KME5183N8156","pop":8,"dom":2,"universo_dom":"domicilios_ocupados_grade_ibge_2022","na_bacia":1,"area_pct_bacia":100.0,"metodo_recorte_bacia":"ponto_representativo_grade_2022; area_pct_geometrica","status_borda_bacia":"total","metodo_area_bacia":"interseção geométrica em EPSG:5880","metodo_na_bacia":"ponto_representativo_grade_2022_within_bacia","pop_n_validos":1,"pop_n_total":1,"pop_completude":1.0,"dom_n_validos":1,"dom_n_total":1,"dom_completude":1.0},"geometry":{"type":"Polygon","coordinates":[[[-52.18216300560968,-28.63334077512772],[-52.1822275497569,-28.624051771716918],[-52.1722946488481,-28.623991250435743],[-52.17222975203064,-28.633280248600872],[-52.18216300560968,-28.63334077512772]]]}},{"type":"Feature","properties":{"id_grade":"1KME5184N8156","pop":10,"dom":4,"universo_dom":"domicilios_ocupados_grade_ibge_2022","na_bacia":1,"area_pct_bacia":100.0,"metodo_recorte_bacia":"ponto_representativo_grade_2022; area_pct_geometrica","status_borda_bacia":"total","metodo_area_bacia":"interseção geométrica em EPSG:5880","metodo_na_bacia":"ponto_representativo_grade_2022_within_bacia","pop_n_validos":1,"pop_n_total":1,"pop_completude":1.0,"dom_n_validos":1,"dom_n_total":1,"dom_completude":1.0},"geometry":{"type":"Polygon","coordinates":[[[-52.17222975203064,-28.633280248600872],[-52.1722946488481,-28.623991250435743],[-52.16236175254752,-28.623930399372664],[-52.16229650306033,-28.633219392263342],[-52.17222975203064,-28.633280248600872]]]}},{"type":"Feature","properties":{"id_grade":"1KME5185N8156","pop":3,"dom":1,"universo_dom":"domicilios_ocupados_grade_ibge_2022","na_bacia":1,"area_pct_bacia":100.0,"metodo_recorte_bacia":"ponto_representativo_grade_2022; area_pct_geometrica","status_borda_bacia":"total","metodo_area_bacia":"interseção geométrica em EPSG:5880","metodo_na_bacia":"ponto_representativo_grade_2022_within_bacia","pop_n_validos":1,"pop_n_total":1,"pop_completude":1.0,"dom_n_validos":1,"dom_n_total":1,"dom_completude":1.0},"geometry":{"type":"Polygon","coordinates":[[[-52.16229650306033,-28.633219392263342],[-52.16236175254752,-28.623930399372664],[-52.15242886088021,-28.6238692185283],[-52.152363258723774,-28.633158206116573],[-52.16229650306033,-28.633219392263342]]]}},{"type":"Feature","properties":{"id_grade":"1KME5186N8156","pop":16,"dom":4,"universo_dom":"domicilios_ocupados_grade_ibge_2022","na_bacia":1,"area_pct_bacia":100.0,"metodo_recorte_bacia":"ponto_representativo_grade_2022; area_pct_geometrica","status_borda_bacia":"total","metodo_area_bacia":"interseção geométrica em EPSG:5880","metodo_na_bacia":"ponto_representativo_grade_2022_within_bacia","pop_n_validos":1,"pop_n_total":1,"pop_completude":1.0,"dom_n_validos":1,"dom_n_total":1,"dom_completude":1.0},"geometry":{"type":"Polygon","coordinates":[[[-52.152363258723774,-28.633158206116573],[-52.15242886088021,-28.6238692185283],[-52.1424959738712,-28.62380770790332],[-52.14243001904601,-28.633096690160414],[-52.152363258723774,-28.633158206116573]]]}},{"type":"Feature","properties":{"id_grade":"1KME5187N8156","pop":5,"dom":2,"universo_dom":"domicilios_ocupados_grade_ibge_2022","na_bacia":1,"area_pct_bacia":100.0,"metodo_recorte_bacia":"ponto_representativo_grade_2022; area_pct_geometrica","status_borda_bacia":"total","metodo_area_bacia":"interseção geométrica em EPSG:5880","metodo_na_bacia":"ponto_representativo_grade_2022_within_bacia","pop_n_validos":1,"pop_n_total":1,"pop_completude":1.0,"dom_n_validos":1,"dom_n_total":1,"dom_completude":1.0},"geometry":{"type":"Polygon","coordinates":[[[-52.14243001904601,-28.633096690160414],[-52.1424959738712,-28.62380770790332],[-52.132563091545535,-28.623745867498215],[-52.132496784052094,-28.633034844395382],[-52.14243001904601,-28.633096690160414]]]}},{"type":"Feature","properties":{"id_grade":"1KME5172N8157","pop":11,"dom":5,"universo_dom":"domicilios_ocupados_grade_ibge_2022","na_bacia":1,"area_pct_bacia":100.0,"metodo_recorte_bacia":"ponto_representativo_grade_2022; area_pct_geometrica","status_borda_bacia":"total","metodo_area_bacia":"interseção geométrica em EPSG:5880","metodo_na_bacia":"ponto_representativo_grade_2022_within_bacia","pop_n_validos":1,"pop_n_total":1,"pop_completude":1.0,"dom_n_validos":1,"dom_n_total":1,"dom_completude":1.0},"geometry":{"type":"Polygon","coordinates":[[[-52.2914897567349,-28.624695740054925],[-52.29155041717021,-28.615407155917612],[-52.28161781987404,-28.6153502672009],[-52.281556806788316,-28.62463884640978],[-52.2914897567349,-28.624695740054925]]]}},{"type":"Feature","properties":{"id_grade":"1KME5174N8157","pop":17,"dom":6,"universo_dom":"domicilios_ocupados_grade_ibge_2022","na_bacia":1,"area_pct_bacia":100.0,"metodo_recorte_bacia":"ponto_representativo_grade_2022; area_pct_geometrica","status_borda_bacia":"total","metodo_area_bacia":"interseção geométrica em EPSG:5880","metodo_na_bacia":"ponto_representativo_grade_2022_within_bacia","pop_n_validos":1,"pop_n_total":1,"pop_completude":1.0,"dom_n_validos":1,"dom_n_total":1,"dom_completude":1.0},"geometry":{"type":"Polygon","coordinates":[[[-52.27162386117451,-28.624581622976635],[-52.271685226910186,-28.615293048725093],[-52.26175263830368,-28.615235500490563],[-52.26169091991853,-28.624524069756156],[-52.27162386117451,-28.624581622976635]]]}},{"type":"Feature","properties":{"id_grade":"1KME5176N8157","pop":8,"dom":3,"universo_dom":"domicilios_ocupados_grade_ibge_2022","na_bacia":1,"area_pct_bacia":100.0,"metodo_recorte_bacia":"ponto_representativo_grade_2022; area_pct_geometrica","status_borda_bacia":"total","metodo_area_bacia":"interseção geométrica em EPSG:5880","metodo_na_bacia":"ponto_representativo_grade_2022_within_bacia","pop_n_validos":1,"pop_n_total":1,"pop_completude":1.0,"dom_n_validos":1,"dom_n_total":1,"dom_completude":1.0},"geometry":{"type":"Polygon","coordinates":[[[-52.25175798304539,-28.624466186749117],[-52.25182005407957,-28.615177622497907],[-52.24188747426289,-28.61511941474773],[-52.241825050580154,-28.62440797395601],[-52.25175798304539,-28.624466186749117]]]}},{"type":"Feature","properties":{"id_grade":"1KME5178N8157","pop":14,"dom":6,"universo_dom":"domicilios_ocupados_grade_ibge_2022","na_bacia":1,"area_pct_bacia":100.0,"metodo_recorte_bacia":"ponto_representativo_grade_2022; area_pct_geometrica","status_borda_bacia":"total","metodo_area_bacia":"interseção geométrica em EPSG:5880","metodo_na_bacia":"ponto_representativo_grade_2022_within_bacia","pop_n_validos":1,"pop_n_total":1,"pop_completude":1.0,"dom_n_validos":1,"dom_n_total":1,"dom_completude":1.0},"geometry":{"type":"Polygon","coordinates":[[[-52.231892122547855,-28.624349431377272],[-52.231954898878676,-28.615060877240147],[-52.22202232795196,-28.61500200997621],[-52.22195919897354,-28.624290559013133],[-52.231892122547855,-28.624349431377272]]]}},{"type":"Feature","properties":{"id_grade":"1KME5179N8157","pop":6,"dom":2,"universo_dom":"domicilios_ocupados_grade_ibge_2022","na_bacia":1,"area_pct_bacia":100.0,"metodo_recorte_bacia":"ponto_representativo_grade_2022; area_pct_geometrica","status_borda_bacia":"total","metodo_area_bacia":"interseção geométrica em EPSG:5880","metodo_na_bacia":"ponto_representativo_grade_2022_within_bacia","pop_n_validos":1,"pop_n_total":1,"pop_completude":1.0,"dom_n_validos":1,"dom_n_total":1,"dom_completude":1.0},"geometry":{"type":"Polygon","coordinates":[[[-52.22195919897354,-28.624290559013133],[-52.22202232795196,-28.61500200997621],[-52.2120897615078,-28.614942812956308],[-52.21202627988225,-28.624231356864595],[-52.22195919897354,-28.624290559013133]]]}},{"type":"Feature","properties":{"id_grade":"1KME5180N8157","pop":5,"dom":2,"universo_dom":"domicilios_ocupados_grade_ibge_2022","na_bacia":1,"area_pct_bacia":100.0,"metodo_recorte_bacia":"ponto_representativo_grade_2022; area_pct_geometrica","status_borda_bacia":"total","metodo_area_bacia":"interseção geométrica em EPSG:5880","metodo_na_bacia":"ponto_representativo_grade_2022_within_bacia","pop_n_validos":1,"pop_n_total":1,"pop_completude":1.0,"dom_n_validos":1,"dom_n_total":1,"dom_completude":1.0},"geometry":{"type":"Polygon","coordinates":[[[-52.21202627988225,-28.624231356864595],[-52.2120897615078,-28.614942812956308],[-52.20215719957121,-28.614883286180813],[-52.202093365299014,-28.624171824932027],[-52.21202627988225,-28.624231356864595]]]}},{"type":"Feature","properties":{"id_grade":"1KME5181N8157","pop":8,"dom":3,"universo_dom":"domicilios_ocupados_grade_ibge_2022","na_bacia":1,"area_pct_bacia":100.0,"metodo_recorte_bacia":"ponto_representativo_grade_2022; area_pct_geometrica","status_borda_bacia":"total","metodo_area_bacia":"interseção geométrica em EPSG:5880","metodo_na_bacia":"ponto_representativo_grade_2022_within_bacia","pop_n_validos":1,"pop_n_total":1,"pop_completude":1.0,"dom_n_validos":1,"dom_n_total":1,"dom_completude":1.0},"geometry":{"type":"Polygon","coordinates":[[[-52.202093365299014,-28.624171824932027],[-52.20215719957121,-28.614883286180813],[-52.19222464216725,-28.61482342965049],[-52.19216045524889,-28.624111963215963],[-52.202093365299014,-28.624171824932027]]]}},{"type":"Feature","properties":{"id_grade":"1KME5182N8157","pop":11,"dom":4,"universo_dom":"domicilios_ocupados_grade_ibge_2022","na_bacia":1,"area_pct_bacia":100.0,"metodo_recorte_bacia":"ponto_representativo_grade_2022; area_pct_geometrica","status_borda_bacia":"total","metodo_area_bacia":"interseção geométrica em EPSG:5880","metodo_na_bacia":"ponto_representativo_grade_2022_within_bacia","pop_n_validos":1,"pop_n_total":1,"pop_completude":1.0,"dom_n_validos":1,"dom_n_total":1,"dom_completude":1.0},"geometry":{"type":"Polygon","coordinates":[[[-52.19216045524889,-28.624111963215963],[-52.19222464216725,-28.61482342965049],[-52.182292089320946,-28.614763243365864],[-52.1822275497569,-28.624051771716918],[-52.19216045524889,-28.624111963215963]]]}},{"type":"Feature","properties":{"id_grade":"1KME5184N8157","pop":5,"dom":2,"universo_dom":"domicilios_ocupados_grade_ibge_2022","na_bacia":1,"area_pct_bacia":100.0,"metodo_recorte_bacia":"ponto_representativo_grade_2022; area_pct_geometrica","status_borda_bacia":"total","metodo_area_bacia":"interseção geométrica em EPSG:5880","metodo_na_bacia":"ponto_representativo_grade_2022_within_bacia","pop_n_validos":1,"pop_n_total":1,"pop_completude":1.0,"dom_n_validos":1,"dom_n_total":1,"dom_completude":1.0},"geometry":{"type":"Polygon","coordinates":[[[-52.1722946488481,-28.623991250435743],[-52.17235954105733,-28.61470272732736],[-52.162426997401454,-28.614641881535587],[-52.16236175254752,-28.623930399372664],[-52.1722946488481,-28.623991250435743]]]}},{"type":"Feature","properties":{"id_grade":"1KME5185N8157","pop":5,"dom":2,"universo_dom":"domicilios_ocupados_grade_ibge_2022","na_bacia":1,"area_pct_bacia":100.0,"metodo_recorte_bacia":"ponto_representativo_grade_2022; area_pct_geometrica","status_borda_bacia":"total","metodo_area_bacia":"interseção geométrica em EPSG:5880","metodo_na_bacia":"ponto_representativo_grade_2022_within_bacia","pop_n_validos":1,"pop_n_total":1,"pop_completude":1.0,"dom_n_validos":1,"dom_n_total":1,"dom_completude":1.0},"geometry":{"type":"Polygon","coordinates":[[[-52.16236175254752,-28.623930399372664],[-52.162426997401454,-28.614641881535587],[-52.15249445837834,-28.614580705991166],[-52.15242886088021,-28.6238692185283],[-52.16236175254752,-28.623930399372664]]]}},{"type":"Feature","properties":{"id_grade":"1KME5186N8157","pop":12,"dom":4,"universo_dom":"domicilios_ocupados_grade_ibge_2022","na_bacia":1,"area_pct_bacia":100.0,"metodo_recorte_bacia":"ponto_representativo_grade_2022; area_pct_geometrica","status_borda_bacia":"total","metodo_area_bacia":"interseção geométrica em EPSG:5880","metodo_na_bacia":"ponto_representativo_grade_2022_within_bacia","pop_n_validos":1,"pop_n_total":1,"pop_completude":1.0,"dom_n_validos":1,"dom_n_total":1,"dom_completude":1.0},"geometry":{"type":"Polygon","coordinates":[[[-52.15242886088021,-28.6238692185283],[-52.15249445837834,-28.614580705991166],[-52.14256192401304,-28.614519200694804],[-52.1424959738712,-28.62380770790332],[-52.15242886088021,-28.6238692185283]]]}},{"type":"Feature","properties":{"id_grade":"1KME5187N8157","pop":7,"dom":3,"universo_dom":"domicilios_ocupados_grade_ibge_2022","na_bacia":1,"area_pct_bacia":100.0,"metodo_recorte_bacia":"ponto_representativo_grade_2022; area_pct_geometrica","status_borda_bacia":"total","metodo_area_bacia":"interseção geométrica em EPSG:5880","metodo_na_bacia":"ponto_representativo_grade_2022_within_bacia","pop_n_validos":1,"pop_n_total":1,"pop_completude":1.0,"dom_n_validos":1,"dom_n_total":1,"dom_completude":1.0},"geometry":{"type":"Polygon","coordinates":[[[-52.1424959738712,-28.62380770790332],[-52.14256192401304,-28.614519200694804],[-52.13262939433059,-28.614457365646533],[-52.132563091545535,-28.623745867498215],[-52.1424959738712,-28.62380770790332]]]}},{"type":"Feature","properties":{"id_grade":"1KME5171N8158","pop":8,"dom":3,"universo_dom":"domicilios_ocupados_grade_ibge_2022","na_bacia":1,"area_pct_bacia":100.0,"metodo_recorte_bacia":"ponto_representativo_grade_2022; area_pct_geometrica","status_borda_bacia":"total","metodo_area_bacia":"interseção geométrica em EPSG:5880","metodo_na_bacia":"ponto_representativo_grade_2022_within_bacia","pop_n_validos":1,"pop_n_total":1,"pop_completude":1.0,"dom_n_validos":1,"dom_n_total":1,"dom_completude":1.0},"geometry":{"type":"Polygon","coordinates":[[[-52.30148301877366,-28.615463714874476],[-52.301543322275855,-28.606175600561006],[-52.29161107329825,-28.606119046501725],[-52.29155041717021,-28.615407155917612],[-52.30148301877366,-28.615463714874476]]]}},{"type":"Feature","properties":{"id_grade":"1KME5173N8158","pop":22,"dom":8,"universo_dom":"domicilios_ocupados_grade_ibge_2022","na_bacia":1,"area_pct_bacia":100.0,"metodo_recorte_bacia":"ponto_representativo_grade_2022; area_pct_geometrica","status_borda_bacia":"total","metodo_area_bacia":"interseção geométrica em EPSG:5880","metodo_na_bacia":"ponto_representativo_grade_2022_within_bacia","pop_n_validos":1,"pop_n_total":1,"pop_completude":1.0,"dom_n_validos":1,"dom_n_total":1,"dom_completude":1.0},"geometry":{"type":"Polygon","coordinates":[[[-52.28161781987404,-28.6153502672009],[-52.281678828627456,-28.60606216271122],[-52.271746588288515,-28.60600494918993],[-52.271685226910186,-28.615293048725093],[-52.28161781987404,-28.6153502672009]]]}},{"type":"Feature","properties":{"id_grade":"1KME5174N8158","pop":18,"dom":5,"universo_dom":"domicilios_ocupados_grade_ibge_2022","na_bacia":1,"area_pct_bacia":100.0,"metodo_recorte_bacia":"ponto_representativo_grade_2022; area_pct_geometrica","status_borda_bacia":"total","metodo_area_bacia":"interseção geométrica em EPSG:5880","metodo_na_bacia":"ponto_representativo_grade_2022_within_bacia","pop_n_validos":1,"pop_n_total":1,"pop_completude":1.0,"dom_n_validos":1,"dom_n_total":1,"dom_completude":1.0},"geometry":{"type":"Polygon","coordinates":[[[-52.271685226910186,-28.615293048725093],[-52.271746588288515,-28.60600494918993],[-52.26181435230646,-28.605947405938736],[-52.26175263830368,-28.615235500490563],[-52.271685226910186,-28.615293048725093]]]}},{"type":"Feature","properties":{"id_grade":"1KME5176N8158","pop":4,"dom":1,"universo_dom":"domicilios_ocupados_grade_ibge_2022","na_bacia":1,"area_pct_bacia":100.0,"metodo_recorte_bacia":"ponto_representativo_grade_2022; area_pct_geometrica","status_borda_bacia":"total","metodo_area_bacia":"interseção geométrica em EPSG:5880","metodo_na_bacia":"ponto_representativo_grade_2022_within_bacia","pop_n_validos":1,"pop_n_total":1,"pop_completude":1.0,"dom_n_validos":1,"dom_n_total":1,"dom_completude":1.0},"geometry":{"type":"Polygon","coordinates":[[[-52.25182005407957,-28.615177622497907],[-52.25188212070633,-28.605889532957825],[-52.24194989351316,-28.60583133024775],[-52.24188747426289,-28.61511941474773],[-52.25182005407957,-28.615177622497907]]]}},{"type":"Feature","properties":{"id_grade":"1KME5177N8158","pop":18,"dom":5,"universo_dom":"domicilios_ocupados_grade_ibge_2022","na_bacia":1,"area_pct_bacia":100.0,"metodo_recorte_bacia":"ponto_representativo_grade_2022; area_pct_geometrica","status_borda_bacia":"total","metodo_area_bacia":"interseção geométrica em EPSG:5880","metodo_na_bacia":"ponto_representativo_grade_2022_within_bacia","pop_n_validos":1,"pop_n_total":1,"pop_completude":1.0,"dom_n_validos":1,"dom_n_total":1,"dom_completude":1.0},"geometry":{"type":"Polygon","coordinates":[[[-52.24188747426289,-28.61511941474773],[-52.24194989351316,-28.60583133024775],[-52.232017670751986,-28.605772797809188],[-52.231954898878676,-28.615060877240147],[-52.24188747426289,-28.61511941474773]]]}},{"type":"Feature","properties":{"id_grade":"1KME5178N8158","pop":4,"dom":1,"universo_dom":"domicilios_ocupados_grade_ibge_2022","na_bacia":1,"area_pct_bacia":100.0,"metodo_recorte_bacia":"ponto_representativo_grade_2022; area_pct_geometrica","status_borda_bacia":"total","metodo_area_bacia":"interseção geométrica em EPSG:5880","metodo_na_bacia":"ponto_representativo_grade_2022_within_bacia","pop_n_validos":1,"pop_n_total":1,"pop_completude":1.0,"dom_n_validos":1,"dom_n_total":1,"dom_completude":1.0},"geometry":{"type":"Polygon","coordinates":[[[-52.231954898878676,-28.615060877240147],[-52.232017670751986,-28.605772797809188],[-52.22208545244784,-28.605713935642754],[-52.22202232795196,-28.61500200997621],[-52.231954898878676,-28.615060877240147]]]}},{"type":"Feature","properties":{"id_grade":"1KME5179N8158","pop":6,"dom":3,"universo_dom":"domicilios_ocupados_grade_ibge_2022","na_bacia":1,"area_pct_bacia":100.0,"metodo_recorte_bacia":"ponto_representativo_grade_2022; area_pct_geometrica","status_borda_bacia":"total","metodo_area_bacia":"interseção geométrica em EPSG:5880","metodo_na_bacia":"ponto_representativo_grade_2022_within_bacia","pop_n_validos":1,"pop_n_total":1,"pop_completude":1.0,"dom_n_validos":1,"dom_n_total":1,"dom_completude":1.0},"geometry":{"type":"Polygon","coordinates":[[[-52.22202232795196,-28.61500200997621],[-52.22208545244784,-28.605713935642754],[-52.21215323862576,-28.60565474374851],[-52.2120897615078,-28.614942812956308],[-52.22202232795196,-28.61500200997621]]]}},{"type":"Feature","properties":{"id_grade":"1KME5182N8158","pop":19,"dom":7,"universo_dom":"domicilios_ocupados_grade_ibge_2022","na_bacia":1,"area_pct_bacia":100.0,"metodo_recorte_bacia":"ponto_representativo_grade_2022; area_pct_geometrica","status_borda_bacia":"total","metodo_area_bacia":"interseção geométrica em EPSG:5880","metodo_na_bacia":"ponto_representativo_grade_2022_within_bacia","pop_n_validos":1,"pop_n_total":1,"pop_completude":1.0,"dom_n_validos":1,"dom_n_total":1,"dom_completude":1.0},"geometry":{"type":"Polygon","coordinates":[[[-52.19222464216725,-28.61482342965049],[-52.19228882452795,-28.60553537078002],[-52.18235662430228,-28.605475189706997],[-52.182292089320946,-28.614763243365864],[-52.19222464216725,-28.61482342965049]]]}},{"type":"Feature","properties":{"id_grade":"1KME5184N8158","pop":10,"dom":4,"universo_dom":"domicilios_ocupados_grade_ibge_2022","na_bacia":1,"area_pct_bacia":100.0,"metodo_recorte_bacia":"ponto_representativo_grade_2022; area_pct_geometrica","status_borda_bacia":"total","metodo_area_bacia":"interseção geométrica em EPSG:5880","metodo_na_bacia":"ponto_representativo_grade_2022_within_bacia","pop_n_validos":1,"pop_n_total":1,"pop_completude":1.0,"dom_n_validos":1,"dom_n_total":1,"dom_completude":1.0},"geometry":{"type":"Polygon","coordinates":[[[-52.17235954105733,-28.61470272732736],[-52.17242442865883,-28.60541467890837],[-52.1624922376226,-28.605353838385376],[-52.162426997401454,-28.614641881535587],[-52.17235954105733,-28.61470272732736]]]}},{"type":"Feature","properties":{"id_grade":"1KME5185N8158","pop":3,"dom":1,"universo_dom":"domicilios_ocupados_grade_ibge_2022","na_bacia":1,"area_pct_bacia":100.0,"metodo_recorte_bacia":"ponto_representativo_grade_2022; area_pct_geometrica","status_borda_bacia":"total","metodo_area_bacia":"interseção geométrica em EPSG:5880","metodo_na_bacia":"ponto_representativo_grade_2022_within_bacia","pop_n_validos":1,"pop_n_total":1,"pop_completude":1.0,"dom_n_validos":1,"dom_n_total":1,"dom_completude":1.0},"geometry":{"type":"Polygon","coordinates":[[[-52.162426997401454,-28.614641881535587],[-52.1624922376226,-28.605353838385376],[-52.152560051218664,-28.605292668138073],[-52.15249445837834,-28.614580705991166],[-52.162426997401454,-28.614641881535587]]]}},{"type":"Feature","properties":{"id_grade":"1KME5171N8159","pop":4,"dom":1,"universo_dom":"domicilios_ocupados_grade_ibge_2022","na_bacia":1,"area_pct_bacia":100.0,"metodo_recorte_bacia":"ponto_representativo_grade_2022; area_pct_geometrica","status_borda_bacia":"total","metodo_area_bacia":"interseção geométrica em EPSG:5880","metodo_na_bacia":"ponto_representativo_grade_2022_within_bacia","pop_n_validos":1,"pop_n_total":1,"pop_completude":1.0,"dom_n_validos":1,"dom_n_total":1,"dom_completude":1.0},"geometry":{"type":"Polygon","coordinates":[[[-52.301543322275855,-28.606175600561006],[-52.301603621496284,-28.596887960605184],[-52.29167172511947,-28.596831411440856],[-52.29161107329825,-28.606119046501725],[-52.301543322275855,-28.606175600561006]]]}},{"type":"Feature","properties":{"id_grade":"1KME5172N8159","pop":7,"dom":3,"universo_dom":"domicilios_ocupados_grade_ibge_2022","na_bacia":1,"area_pct_bacia":100.0,"metodo_recorte_bacia":"ponto_representativo_grade_2022; area_pct_geometrica","status_borda_bacia":"total","metodo_area_bacia":"interseção geométrica em EPSG:5880","metodo_na_bacia":"ponto_representativo_grade_2022_within_bacia","pop_n_validos":1,"pop_n_total":1,"pop_completude":1.0,"dom_n_validos":1,"dom_n_total":1,"dom_completude":1.0},"geometry":{"type":"Polygon","coordinates":[[[-52.29161107329825,-28.606119046501725],[-52.29167172511947,-28.596831411440856],[-52.281739833049016,-28.596774532573896],[-52.281678828627456,-28.60606216271122],[-52.29161107329825,-28.606119046501725]]]}},{"type":"Feature","properties":{"id_grade":"1KME5173N8159","pop":8,"dom":4,"universo_dom":"domicilios_ocupados_grade_ibge_2022","na_bacia":1,"area_pct_bacia":100.0,"metodo_recorte_bacia":"ponto_representativo_grade_2022; area_pct_geometrica","status_borda_bacia":"total","metodo_area_bacia":"interseção geométrica em EPSG:5880","metodo_na_bacia":"ponto_representativo_grade_2022_within_bacia","pop_n_validos":1,"pop_n_total":1,"pop_completude":1.0,"dom_n_validos":1,"dom_n_total":1,"dom_completude":1.0},"geometry":{"type":"Polygon","coordinates":[[[-52.281678828627456,-28.60606216271122],[-52.281739833049016,-28.596774532573896],[-52.27180794530995,-28.596717324004796],[-52.271746588288515,-28.60600494918993],[-52.281678828627456,-28.60606216271122]]]}},{"type":"Feature","properties":{"id_grade":"1KME5174N8159","pop":10,"dom":4,"universo_dom":"domicilios_ocupados_grade_ibge_2022","na_bacia":1,"area_pct_bacia":100.0,"metodo_recorte_bacia":"ponto_representativo_grade_2022; area_pct_geometrica","status_borda_bacia":"total","metodo_area_bacia":"interseção geométrica em EPSG:5880","metodo_na_bacia":"ponto_representativo_grade_2022_within_bacia","pop_n_validos":1,"pop_n_total":1,"pop_completude":1.0,"dom_n_validos":1,"dom_n_total":1,"dom_completude":1.0},"geometry":{"type":"Polygon","coordinates":[[[-52.271746588288515,-28.60600494918993],[-52.27180794530995,-28.596717324004796],[-52.26187606192731,-28.596659785734058],[-52.26181435230646,-28.605947405938736],[-52.271746588288515,-28.60600494918993]]]}},{"type":"Feature","properties":{"id_grade":"1KME5175N8159","pop":17,"dom":7,"universo_dom":"domicilios_ocupados_grade_ibge_2022","na_bacia":1,"area_pct_bacia":100.0,"metodo_recorte_bacia":"ponto_representativo_grade_2022; area_pct_geometrica","status_borda_bacia":"total","metodo_area_bacia":"interseção geométrica em EPSG:5880","metodo_na_bacia":"ponto_representativo_grade_2022_within_bacia","pop_n_validos":1,"pop_n_total":1,"pop_completude":1.0,"dom_n_validos":1,"dom_n_total":1,"dom_completude":1.0},"geometry":{"type":"Polygon","coordinates":[[[-52.26181435230646,-28.605947405938736],[-52.26187606192731,-28.596659785734058],[-52.25194418292613,-28.59660191776218],[-52.25188212070633,-28.605889532957825],[-52.26181435230646,-28.605947405938736]]]}},{"type":"Feature","properties":{"id_grade":"1KME5177N8159","pop":10,"dom":4,"universo_dom":"domicilios_ocupados_grade_ibge_2022","na_bacia":1,"area_pct_bacia":100.0,"metodo_recorte_bacia":"ponto_representativo_grade_2022; area_pct_geometrica","status_borda_bacia":"total","metodo_area_bacia":"interseção geométrica em EPSG:5880","metodo_na_bacia":"ponto_representativo_grade_2022_within_bacia","pop_n_validos":1,"pop_n_total":1,"pop_completude":1.0,"dom_n_validos":1,"dom_n_total":1,"dom_completude":1.0},"geometry":{"type":"Polygon","coordinates":[[[-52.24194989351316,-28.60583133024775],[-52.24201230833143,-28.5965437200898],[-52.23208043816827,-28.59648519271734],[-52.232017670751986,-28.605772797809188],[-52.24194989351316,-28.60583133024775]]]}},{"type":"Feature","properties":{"id_grade":"1KME5178N8159","pop":9,"dom":3,"universo_dom":"domicilios_ocupados_grade_ibge_2022","na_bacia":1,"area_pct_bacia":100.0,"metodo_recorte_bacia":"ponto_representativo_grade_2022; area_pct_geometrica","status_borda_bacia":"total","metodo_area_bacia":"interseção geométrica em EPSG:5880","metodo_na_bacia":"ponto_representativo_grade_2022_within_bacia","pop_n_validos":1,"pop_n_total":1,"pop_completude":1.0,"dom_n_validos":1,"dom_n_total":1,"dom_completude":1.0},"geometry":{"type":"Polygon","coordinates":[[[-52.232017670751986,-28.605772797809188],[-52.23208043816827,-28.59648519271734],[-52.222148572461656,-28.59642633564541],[-52.22208545244784,-28.605713935642754],[-52.232017670751986,-28.605772797809188]]]}},{"type":"Feature","properties":{"id_grade":"1KME5179N8159","pop":24,"dom":7,"universo_dom":"domicilios_ocupados_grade_ibge_2022","na_bacia":1,"area_pct_bacia":100.0,"metodo_recorte_bacia":"ponto_representativo_grade_2022; area_pct_geometrica","status_borda_bacia":"total","metodo_area_bacia":"interseção geométrica em EPSG:5880","metodo_na_bacia":"ponto_representativo_grade_2022_within_bacia","pop_n_validos":1,"pop_n_total":1,"pop_completude":1.0,"dom_n_validos":1,"dom_n_total":1,"dom_completude":1.0},"geometry":{"type":"Polygon","coordinates":[[[-52.22208545244784,-28.605713935642754],[-52.222148572461656,-28.59642633564541],[-52.21221671123663,-28.59636714887452],[-52.21215323862576,-28.60565474374851],[-52.22208545244784,-28.605713935642754]]]}},{"type":"Feature","properties":{"id_grade":"1KME5180N8159","pop":7,"dom":2,"universo_dom":"domicilios_ocupados_grade_ibge_2022","na_bacia":1,"area_pct_bacia":100.0,"metodo_recorte_bacia":"ponto_representativo_grade_2022; area_pct_geometrica","status_borda_bacia":"total","metodo_area_bacia":"interseção geométrica em EPSG:5880","metodo_na_bacia":"ponto_representativo_grade_2022_within_bacia","pop_n_validos":1,"pop_n_total":1,"pop_completude":1.0,"dom_n_validos":1,"dom_n_total":1,"dom_completude":1.0},"geometry":{"type":"Polygon","coordinates":[[[-52.21215323862576,-28.60565474374851],[-52.21221671123663,-28.59636714887452],[-52.202284854518226,-28.596307632405175],[-52.20222102931079,-28.60559522212754],[-52.21215323862576,-28.60565474374851]]]}},{"type":"Feature","properties":{"id_grade":"1KME5181N8159","pop":34,"dom":10,"universo_dom":"domicilios_ocupados_grade_ibge_2022","na_bacia":1,"area_pct_bacia":100.0,"metodo_recorte_bacia":"ponto_representativo_grade_2022; area_pct_geometrica","status_borda_bacia":"total","metodo_area_bacia":"interseção geométrica em EPSG:5880","metodo_na_bacia":"ponto_representativo_grade_2022_within_bacia","pop_n_validos":1,"pop_n_total":1,"pop_completude":1.0,"dom_n_validos":1,"dom_n_total":1,"dom_completude":1.0},"geometry":{"type":"Polygon","coordinates":[[[-52.20222102931079,-28.60559522212754],[-52.202284854518226,-28.596307632405175],[-52.19235300233148,-28.596247786238123],[-52.19228882452795,-28.60553537078002],[-52.20222102931079,-28.60559522212754]]]}},{"type":"Feature","properties":{"id_grade":"1KME5183N8159","pop":4,"dom":2,"universo_dom":"domicilios_ocupados_grade_ibge_2022","na_bacia":1,"area_pct_bacia":100.0,"metodo_recorte_bacia":"ponto_representativo_grade_2022; area_pct_geometrica","status_borda_bacia":"total","metodo_area_bacia":"interseção geométrica em EPSG:5880","metodo_na_bacia":"ponto_representativo_grade_2022_within_bacia","pop_n_validos":1,"pop_n_total":1,"pop_completude":1.0,"dom_n_validos":1,"dom_n_total":1,"dom_completude":1.0},"geometry":{"type":"Polygon","coordinates":[[[-52.18235662430228,-28.605475189706997],[-52.18242115470142,-28.59618761037362],[-52.172489311653074,-28.59612710481259],[-52.17242442865883,-28.60541467890837],[-52.18235662430228,-28.605475189706997]]]}},{"type":"Feature","properties":{"id_grade":"1KME5171N8160","pop":4,"dom":1,"universo_dom":"domicilios_ocupados_grade_ibge_2022","na_bacia":1,"area_pct_bacia":100.0,"metodo_recorte_bacia":"ponto_representativo_grade_2022; area_pct_geometrica","status_borda_bacia":"total","metodo_area_bacia":"interseção geométrica em EPSG:5880","metodo_na_bacia":"ponto_representativo_grade_2022_within_bacia","pop_n_validos":1,"pop_n_total":1,"pop_completude":1.0,"dom_n_validos":1,"dom_n_total":1,"dom_completude":1.0},"geometry":{"type":"Polygon","coordinates":[[[-52.301603621496284,-28.596887960605184],[-52.30166391643538,-28.587600794640217],[-52.291732372634335,-28.587544250368442],[-52.29167172511947,-28.596831411440856],[-52.301603621496284,-28.596887960605184]]]}},{"type":"Feature","properties":{"id_grade":"1KME5172N8160","pop":2,"dom":1,"universo_dom":"domicilios_ocupados_grade_ibge_2022","na_bacia":1,"area_pct_bacia":100.0,"metodo_recorte_bacia":"ponto_representativo_grade_2022; area_pct_geometrica","status_borda_bacia":"total","metodo_area_bacia":"interseção geométrica em EPSG:5880","metodo_na_bacia":"ponto_representativo_grade_2022_within_bacia","pop_n_validos":1,"pop_n_total":1,"pop_completude":1.0,"dom_n_validos":1,"dom_n_total":1,"dom_completude":1.0},"geometry":{"type":"Polygon","coordinates":[[[-52.29167172511947,-28.596831411440856],[-52.291732372634335,-28.587544250368442],[-52.28180083313919,-28.58748737642246],[-52.281739833049016,-28.596774532573896],[-52.29167172511947,-28.596831411440856]]]}},{"type":"Feature","properties":{"id_grade":"1KME5173N8160","pop":4,"dom":2,"universo_dom":"domicilios_ocupados_grade_ibge_2022","na_bacia":1,"area_pct_bacia":100.0,"metodo_recorte_bacia":"ponto_representativo_grade_2022; area_pct_geometrica","status_borda_bacia":"total","metodo_area_bacia":"interseção geométrica em EPSG:5880","metodo_na_bacia":"ponto_representativo_grade_2022_within_bacia","pop_n_validos":1,"pop_n_total":1,"pop_completude":1.0,"dom_n_validos":1,"dom_n_total":1,"dom_completude":1.0},"geometry":{"type":"Polygon","coordinates":[[[-52.281739833049016,-28.596774532573896],[-52.28180083313919,-28.58748737642246],[-52.271869297974966,-28.587430172802588],[-52.27180794530995,-28.596717324004796],[-52.281739833049016,-28.596774532573896]]]}},{"type":"Feature","properties":{"id_grade":"1KME5175N8160","pop":12,"dom":4,"universo_dom":"domicilios_ocupados_grade_ibge_2022","na_bacia":1,"area_pct_bacia":100.0,"metodo_recorte_bacia":"ponto_representativo_grade_2022; area_pct_geometrica","status_borda_bacia":"total","metodo_area_bacia":"interseção geométrica em EPSG:5880","metodo_na_bacia":"ponto_representativo_grade_2022_within_bacia","pop_n_validos":1,"pop_n_total":1,"pop_completude":1.0,"dom_n_validos":1,"dom_n_total":1,"dom_completude":1.0},"geometry":{"type":"Polygon","coordinates":[[[-52.26187606192731,-28.596659785734058],[-52.2619377671667,-28.587372639509862],[-52.25200624073944,-28.58731477654432],[-52.25194418292613,-28.59660191776218],[-52.26187606192731,-28.596659785734058]]]}},{"type":"Feature","properties":{"id_grade":"1KME5176N8160","pop":15,"dom":4,"universo_dom":"domicilios_ocupados_grade_ibge_2022","na_bacia":1,"area_pct_bacia":100.0,"metodo_recorte_bacia":"ponto_representativo_grade_2022; area_pct_geometrica","status_borda_bacia":"total","metodo_area_bacia":"interseção geométrica em EPSG:5880","metodo_na_bacia":"ponto_representativo_grade_2022_within_bacia","pop_n_validos":1,"pop_n_total":1,"pop_completude":1.0,"dom_n_validos":1,"dom_n_total":1,"dom_completude":1.0},"geometry":{"type":"Polygon","coordinates":[[[-52.25194418292613,-28.59660191776218],[-52.25200624073944,-28.58731477654432],[-52.242074718718186,-28.587256583907145],[-52.24201230833143,-28.5965437200898],[-52.25194418292613,-28.59660191776218]]]}},{"type":"Feature","properties":{"id_grade":"1KME5177N8160","pop":20,"dom":8,"universo_dom":"domicilios_ocupados_grade_ibge_2022","na_bacia":1,"area_pct_bacia":100.0,"metodo_recorte_bacia":"ponto_representativo_grade_2022; area_pct_geometrica","status_borda_bacia":"total","metodo_area_bacia":"interseção geométrica em EPSG:5880","metodo_na_bacia":"ponto_representativo_grade_2022_within_bacia","pop_n_validos":1,"pop_n_total":1,"pop_completude":1.0,"dom_n_validos":1,"dom_n_total":1,"dom_completude":1.0},"geometry":{"type":"Polygon","coordinates":[[[-52.24201230833143,-28.5965437200898],[-52.242074718718186,-28.587256583907145],[-52.232143201128,-28.587198061598002],[-52.23208043816827,-28.59648519271734],[-52.24201230833143,-28.5965437200898]]]}},{"type":"Feature","properties":{"id_grade":"1KME5178N8160","pop":13,"dom":7,"universo_dom":"domicilios_ocupados_grade_ibge_2022","na_bacia":1,"area_pct_bacia":100.0,"metodo_recorte_bacia":"ponto_representativo_grade_2022; area_pct_geometrica","status_borda_bacia":"total","metodo_area_bacia":"interseção geométrica em EPSG:5880","metodo_na_bacia":"ponto_representativo_grade_2022_within_bacia","pop_n_validos":1,"pop_n_total":1,"pop_completude":1.0,"dom_n_validos":1,"dom_n_total":1,"dom_completude":1.0},"geometry":{"type":"Polygon","coordinates":[[[-52.23208043816827,-28.59648519271734],[-52.232143201128,-28.587198061598002],[-52.22221168799388,-28.587139209618034],[-52.222148572461656,-28.59642633564541],[-52.23208043816827,-28.59648519271734]]]}},{"type":"Feature","properties":{"id_grade":"1KME5177N8161","pop":15,"dom":5,"universo_dom":"domicilios_ocupados_grade_ibge_2022","na_bacia":1,"area_pct_bacia":100.0,"metodo_recorte_bacia":"ponto_representativo_grade_2022; area_pct_geometrica","status_borda_bacia":"total","metodo_area_bacia":"interseção geométrica em EPSG:5880","metodo_na_bacia":"ponto_representativo_grade_2022_within_bacia","pop_n_validos":1,"pop_n_total":1,"pop_completude":1.0,"dom_n_validos":1,"dom_n_total":1,"dom_completude":1.0},"geometry":{"type":"Polygon","coordinates":[[[-52.242074718718186,-28.587256583907145],[-52.24213712467389,-28.577969921333334],[-52.23220595963164,-28.577911404084894],[-52.232143201128,-28.587198061598002],[-52.242074718718186,-28.587256583907145]]]}},{"type":"Feature","properties":{"id_grade":"1KME5178N8161","pop":15,"dom":5,"universo_dom":"domicilios_ocupados_grade_ibge_2022","na_bacia":1,"area_pct_bacia":100.0,"metodo_recorte_bacia":"ponto_representativo_grade_2022; area_pct_geometrica","status_borda_bacia":"total","metodo_area_bacia":"interseção geométrica em EPSG:5880","metodo_na_bacia":"ponto_representativo_grade_2022_within_bacia","pop_n_validos":1,"pop_n_total":1,"pop_completude":1.0,"dom_n_validos":1,"dom_n_total":1,"dom_completude":1.0},"geometry":{"type":"Polygon","coordinates":[[[-52.232143201128,-28.587198061598002],[-52.23220595963164,-28.577911404084894],[-52.22227479904499,-28.577852557194372],[-52.22221168799388,-28.587139209618034],[-52.232143201128,-28.587198061598002]]]}},{"type":"Feature","properties":{"id_grade":"1KME5182N8161","pop":9,"dom":4,"universo_dom":"domicilios_ocupados_grade_ibge_2022","na_bacia":1,"area_pct_bacia":100.0,"metodo_recorte_bacia":"ponto_representativo_grade_2022; area_pct_geometrica","status_borda_bacia":"total","metodo_area_bacia":"interseção geométrica em EPSG:5880","metodo_na_bacia":"ponto_representativo_grade_2022_within_bacia","pop_n_validos":1,"pop_n_total":1,"pop_completude":1.0,"dom_n_validos":1,"dom_n_total":1,"dom_completude":1.0},"geometry":{"type":"Polygon","coordinates":[[[-52.19241717557832,-28.586960675657952],[-52.19248134426896,-28.57767403867301],[-52.18255020175503,-28.577613873218002],[-52.18248568051884,-28.586900504999633],[-52.19241717557832,-28.586960675657952]]]}},{"type":"Feature","properties":{"id_grade":"1KME5183N8161","pop":3,"dom":1,"universo_dom":"domicilios_ocupados_grade_ibge_2022","na_bacia":1,"area_pct_bacia":100.0,"metodo_recorte_bacia":"ponto_representativo_grade_2022; area_pct_geometrica","status_borda_bacia":"total","metodo_area_bacia":"interseção geométrica em EPSG:5880","metodo_na_bacia":"ponto_representativo_grade_2022_within_bacia","pop_n_validos":1,"pop_n_total":1,"pop_completude":1.0,"dom_n_validos":1,"dom_n_total":1,"dom_completude":1.0},"geometry":{"type":"Polygon","coordinates":[[[-52.18248568051884,-28.586900504999633],[-52.18255020175503,-28.577613873218002],[-52.17261906382181,-28.577553378123145],[-52.17255419004058,-28.586840004672904],[-52.18248568051884,-28.586900504999633]]]}},{"type":"Feature","properties":{"id_grade":"1KME5177N8162","pop":3,"dom":1,"universo_dom":"domicilios_ocupados_grade_ibge_2022","na_bacia":1,"area_pct_bacia":100.0,"metodo_recorte_bacia":"ponto_representativo_grade_2022; area_pct_geometrica","status_borda_bacia":"total","metodo_area_bacia":"interseção geométrica em EPSG:5880","metodo_na_bacia":"ponto_representativo_grade_2022_within_bacia","pop_n_validos":1,"pop_n_total":1,"pop_completude":1.0,"dom_n_validos":1,"dom_n_total":1,"dom_completude":1.0},"geometry":{"type":"Polygon","coordinates":[[[-52.24213712467389,-28.577969921333334],[-52.242199526199016,-28.56868373200228],[-52.23226871367967,-28.568625219812247],[-52.23220595963164,-28.577911404084894],[-52.24213712467389,-28.577969921333334]]]}},{"type":"Feature","properties":{"id_grade":"1KME5178N8162","pop":15,"dom":4,"universo_dom":"domicilios_ocupados_grade_ibge_2022","na_bacia":1,"area_pct_bacia":100.0,"metodo_recorte_bacia":"ponto_representativo_grade_2022; area_pct_geometrica","status_borda_bacia":"total","metodo_area_bacia":"interseção geométrica em EPSG:5880","metodo_na_bacia":"ponto_representativo_grade_2022_within_bacia","pop_n_validos":1,"pop_n_total":1,"pop_completude":1.0,"dom_n_validos":1,"dom_n_total":1,"dom_completude":1.0},"geometry":{"type":"Polygon","coordinates":[[[-52.23220595963164,-28.577911404084894],[-52.23226871367967,-28.568625219812247],[-52.22233790561547,-28.568566378008335],[-52.22227479904499,-28.577852557194372],[-52.23220595963164,-28.577911404084894]]]}},{"type":"Feature","properties":{"id_grade":"1KME5180N8162","pop":18,"dom":7,"universo_dom":"domicilios_ocupados_grade_ibge_2022","na_bacia":1,"area_pct_bacia":100.0,"metodo_recorte_bacia":"ponto_representativo_grade_2022; area_pct_geometrica","status_borda_bacia":"total","metodo_area_bacia":"interseção geométrica em EPSG:5880","metodo_na_bacia":"ponto_representativo_grade_2022_within_bacia","pop_n_validos":1,"pop_n_total":1,"pop_completude":1.0,"dom_n_validos":1,"dom_n_total":1,"dom_completude":1.0},"geometry":{"type":"Polygon","coordinates":[[[-52.212343642938976,-28.577793380661934],[-52.21240710203141,-28.568507206590603],[-52.20247630295255,-28.568447705560516],[-52.20241249133863,-28.577733874488057],[-52.212343642938976,-28.577793380661934]]]}},{"type":"Feature","properties":{"id_grade":"1KME5182N8162","pop":18,"dom":7,"universo_dom":"domicilios_ocupados_grade_ibge_2022","na_bacia":1,"area_pct_bacia":100.0,"metodo_recorte_bacia":"ponto_representativo_grade_2022; area_pct_geometrica","status_borda_bacia":"total","metodo_area_bacia":"interseção geométrica em EPSG:5880","metodo_na_bacia":"ponto_representativo_grade_2022_within_bacia","pop_n_validos":1,"pop_n_total":1,"pop_completude":1.0,"dom_n_validos":1,"dom_n_total":1,"dom_completude":1.0},"geometry":{"type":"Polygon","coordinates":[[[-52.19248134426896,-28.57767403867301],[-52.19254550840389,-28.5683878749176],[-52.182614718410456,-28.568327714663003],[-52.18255020175503,-28.577613873218002],[-52.19248134426896,-28.57767403867301]]]}},{"type":"Feature","properties":{"id_grade":"1KME5183N8162","pop":4,"dom":2,"universo_dom":"domicilios_ocupados_grade_ibge_2022","na_bacia":1,"area_pct_bacia":100.0,"metodo_recorte_bacia":"ponto_representativo_grade_2022; area_pct_geometrica","status_borda_bacia":"total","metodo_area_bacia":"interseção geométrica em EPSG:5880","metodo_na_bacia":"ponto_representativo_grade_2022_within_bacia","pop_n_validos":1,"pop_n_total":1,"pop_completude":1.0,"dom_n_validos":1,"dom_n_total":1,"dom_completude":1.0},"geometry":{"type":"Polygon","coordinates":[[[-52.18255020175503,-28.577613873218002],[-52.182614718410456,-28.568327714663003],[-52.172683932997295,-28.568267224797154],[-52.17261906382181,-28.577553378123145],[-52.18255020175503,-28.577613873218002]]]}},{"type":"Feature","properties":{"id_grade":"1KME5177N8163","pop":4,"dom":2,"universo_dom":"domicilios_ocupados_grade_ibge_2022","na_bacia":1,"area_pct_bacia":100.0,"metodo_recorte_bacia":"ponto_representativo_grade_2022; area_pct_geometrica","status_borda_bacia":"total","metodo_area_bacia":"interseção geométrica em EPSG:5880","metodo_na_bacia":"ponto_representativo_grade_2022_within_bacia","pop_n_validos":1,"pop_n_total":1,"pop_completude":1.0,"dom_n_validos":1,"dom_n_total":1,"dom_completude":1.0},"geometry":{"type":"Polygon","coordinates":[[[-52.242199526199016,-28.56868373200228],[-52.24226192329402,-28.55939801554787],[-52.23233146327257,-28.559339508413533],[-52.23226871367967,-28.568625219812247],[-52.242199526199016,-28.56868373200228]]]}},{"type":"Feature","properties":{"id_grade":"1KME5178N8163","pop":16,"dom":5,"universo_dom":"domicilios_ocupados_grade_ibge_2022","na_bacia":1,"area_pct_bacia":100.0,"metodo_recorte_bacia":"ponto_representativo_grade_2022; area_pct_geometrica","status_borda_bacia":"total","metodo_area_bacia":"interseção geométrica em EPSG:5880","metodo_na_bacia":"ponto_representativo_grade_2022_within_bacia","pop_n_validos":1,"pop_n_total":1,"pop_completude":1.0,"dom_n_validos":1,"dom_n_total":1,"dom_completude":1.0},"geometry":{"type":"Polygon","coordinates":[[[-52.23226871367967,-28.568625219812247],[-52.23233146327257,-28.559339508413533],[-52.222401007705784,-28.559280671693294],[-52.22233790561547,-28.568566378008335],[-52.23226871367967,-28.568625219812247]]]}},{"type":"Feature","properties":{"id_grade":"1KME5179N8163","pop":22,"dom":8,"universo_dom":"domicilios_ocupados_grade_ibge_2022","na_bacia":1,"area_pct_bacia":100.0,"metodo_recorte_bacia":"ponto_representativo_grade_2022; area_pct_geometrica","status_borda_bacia":"total","metodo_area_bacia":"interseção geométrica em EPSG:5880","metodo_na_bacia":"ponto_representativo_grade_2022_within_bacia","pop_n_validos":1,"pop_n_total":1,"pop_completude":1.0,"dom_n_validos":1,"dom_n_total":1,"dom_completude":1.0},"geometry":{"type":"Polygon","coordinates":[[[-52.22233790561547,-28.568566378008335],[-52.222401007705784,-28.559280671693294],[-52.212470556618676,-28.559221505388216],[-52.21240710203141,-28.568507206590603],[-52.22233790561547,-28.568566378008335]]]}},{"type":"Feature","properties":{"id_grade":"1KME5180N8163","pop":10,"dom":4,"universo_dom":"domicilios_ocupados_grade_ibge_2022","na_bacia":1,"area_pct_bacia":100.0,"metodo_recorte_bacia":"ponto_representativo_grade_2022; area_pct_geometrica","status_borda_bacia":"total","metodo_area_bacia":"interseção geométrica em EPSG:5880","metodo_na_bacia":"ponto_representativo_grade_2022_within_bacia","pop_n_validos":1,"pop_n_total":1,"pop_completude":1.0,"dom_n_validos":1,"dom_n_total":1,"dom_completude":1.0},"geometry":{"type":"Polygon","coordinates":[[[-52.21240710203141,-28.568507206590603],[-52.212470556618676,-28.559221505388216],[-52.20254011003627,-28.559162009498536],[-52.20247630295255,-28.568447705560516],[-52.21240710203141,-28.568507206590603]]]}},{"type":"Feature","properties":{"id_grade":"1KME5179N8164","pop":16,"dom":6,"universo_dom":"domicilios_ocupados_grade_ibge_2022","na_bacia":1,"area_pct_bacia":100.0,"metodo_recorte_bacia":"ponto_representativo_grade_2022; area_pct_geometrica","status_borda_bacia":"total","metodo_area_bacia":"interseção geométrica em EPSG:5880","metodo_na_bacia":"ponto_representativo_grade_2022_within_bacia","pop_n_validos":1,"pop_n_total":1,"pop_completude":1.0,"dom_n_validos":1,"dom_n_total":1,"dom_completude":1.0},"geometry":{"type":"Polygon","coordinates":[[[-52.222401007705784,-28.559280671693294],[-52.22246410531642,-28.54999543788399],[-52.212534006701226,-28.549936276688523],[-52.212470556618676,-28.559221505388216],[-52.222401007705784,-28.559280671693294]]]}},{"type":"Feature","properties":{"id_grade":"200ME51740N81522","pop":38,"dom":14,"universo_dom":"domicilios_ocupados_grade_ibge_2022","na_bacia":1,"area_pct_bacia":100.0,"metodo_recorte_bacia":"ponto_representativo_grade_2022; area_pct_geometrica","status_borda_bacia":"total","metodo_area_bacia":"interseção geométrica em EPSG:5880","metodo_na_bacia":"ponto_representativo_grade_2022_within_bacia","pop_n_validos":1,"pop_n_total":1,"pop_completude":1.0,"dom_n_validos":1,"dom_n_total":1,"dom_completude":1.0},"geometry":{"type":"Polygon","coordinates":[[[-52.27131696750399,-28.6710316274076],[-52.271329245048605,-28.669173398733378],[-52.26934231799356,-28.669161909894186],[-52.26933002605983,-28.671020138568558],[-52.27131696750399,-28.6710316274076]]]}},{"type":"Feature","properties":{"id_grade":"200ME51740N81524","pop":8,"dom":3,"universo_dom":"domicilios_ocupados_grade_ibge_2022","na_bacia":1,"area_pct_bacia":100.0,"metodo_recorte_bacia":"ponto_representativo_grade_2022; area_pct_geometrica","status_borda_bacia":"total","metodo_area_bacia":"interseção geométrica em EPSG:5880","metodo_na_bacia":"ponto_representativo_grade_2022_within_bacia","pop_n_validos":1,"pop_n_total":1,"pop_completude":1.0,"dom_n_validos":1,"dom_n_total":1,"dom_completude":1.0},"geometry":{"type":"Polygon","coordinates":[[[-52.271329245048605,-28.669173398733378],[-52.27134152259316,-28.667315188944734],[-52.26935460992729,-28.667303700105574],[-52.26934231799356,-28.669161909894186],[-52.271329245048605,-28.669173398733378]]]}},{"type":"Feature","properties":{"id_grade":"200ME51740N81526","pop":13,"dom":6,"universo_dom":"domicilios_ocupados_grade_ibge_2022","na_bacia":1,"area_pct_bacia":100.0,"metodo_recorte_bacia":"ponto_representativo_grade_2022; area_pct_geometrica","status_borda_bacia":"total","metodo_area_bacia":"interseção geométrica em EPSG:5880","metodo_na_bacia":"ponto_representativo_grade_2022_within_bacia","pop_n_validos":1,"pop_n_total":1,"pop_completude":1.0,"dom_n_validos":1,"dom_n_total":1,"dom_completude":1.0},"geometry":{"type":"Polygon","coordinates":[[[-52.27134152259316,-28.667315188944734],[-52.27135380013772,-28.665456998941266],[-52.26936690096164,-28.665445510102156],[-52.26935460992729,-28.667303700105574],[-52.27134152259316,-28.667315188944734]]]}},{"type":"Feature","properties":{"id_grade":"200ME51790N81602","pop":3,"dom":1,"universo_dom":"domicilios_ocupados_grade_ibge_2022","na_bacia":1,"area_pct_bacia":100.0,"metodo_recorte_bacia":"ponto_representativo_grade_2022; area_pct_geometrica","status_borda_bacia":"total","metodo_area_bacia":"interseção geométrica em EPSG:5880","metodo_na_bacia":"ponto_representativo_grade_2022_within_bacia","pop_n_validos":1,"pop_n_total":1,"pop_completude":1.0,"dom_n_validos":1,"dom_n_total":1,"dom_completude":1.0},"geometry":{"type":"Polygon","coordinates":[[[-52.222148572498554,-28.596426335506983],[-52.22216119628211,-28.59456887215564],[-52.22017483759861,-28.59455706135925],[-52.22016219942594,-28.596414524710564],[-52.222148572498554,-28.596426335506983]]]}},{"type":"Feature","properties":{"id_grade":"200ME51790N81604","pop":4,"dom":2,"universo_dom":"domicilios_ocupados_grade_ibge_2022","na_bacia":1,"area_pct_bacia":100.0,"metodo_recorte_bacia":"ponto_representativo_grade_2022; area_pct_geometrica","status_borda_bacia":"total","metodo_area_bacia":"interseção geométrica em EPSG:5880","metodo_na_bacia":"ponto_representativo_grade_2022_within_bacia","pop_n_validos":1,"pop_n_total":1,"pop_completude":1.0,"dom_n_validos":1,"dom_n_total":1,"dom_completude":1.0},"geometry":{"type":"Polygon","coordinates":[[[-52.22216119628211,-28.59456887215564],[-52.22217381916636,-28.59271142858953],[-52.220187474872034,-28.592699617793066],[-52.22017483759861,-28.59455706135925],[-52.22216119628211,-28.59456887215564]]]}},{"type":"Feature","properties":{"id_grade":"200ME51794N81604","pop":10,"dom":3,"universo_dom":"domicilios_ocupados_grade_ibge_2022","na_bacia":1,"area_pct_bacia":100.0,"metodo_recorte_bacia":"ponto_representativo_grade_2022; area_pct_geometrica","status_borda_bacia":"total","metodo_area_bacia":"interseção geométrica em EPSG:5880","metodo_na_bacia":"ponto_representativo_grade_2022_within_bacia","pop_n_validos":1,"pop_n_total":1,"pop_completude":1.0,"dom_n_validos":1,"dom_n_total":1,"dom_completude":1.0},"geometry":{"type":"Polygon","coordinates":[[[-52.218188478915124,-28.594545237972234],[-52.218201130577654,-28.592687794406135],[-52.21621478628333,-28.592675957529412],[-52.21620212113095,-28.594533401095536],[-52.218188478915124,-28.594545237972234]]]}},{"type":"Feature","properties":{"id_grade":"200ME51794N81606","pop":6,"dom":3,"universo_dom":"domicilios_ocupados_grade_ibge_2022","na_bacia":1,"area_pct_bacia":100.0,"metodo_recorte_bacia":"ponto_representativo_grade_2022; area_pct_geometrica","status_borda_bacia":"total","metodo_area_bacia":"interseção geométrica em EPSG:5880","metodo_na_bacia":"ponto_representativo_grade_2022_within_bacia","pop_n_validos":1,"pop_n_total":1,"pop_completude":1.0,"dom_n_validos":1,"dom_n_total":1,"dom_completude":1.0},"geometry":{"type":"Polygon","coordinates":[[[-52.218201130577654,-28.592687794406135],[-52.218213782240234,-28.59083036882641],[-52.21622745233503,-28.590818532849006],[-52.21621478628333,-28.592675957529412],[-52.218201130577654,-28.592687794406135]]]}},{"type":"Feature","properties":{"id_grade":"200ME51796N81608","pop":6,"dom":3,"universo_dom":"domicilios_ocupados_grade_ibge_2022","na_bacia":1,"area_pct_bacia":100.0,"metodo_recorte_bacia":"ponto_representativo_grade_2022; area_pct_geometrica","status_borda_bacia":"total","metodo_area_bacia":"interseção geométrica em EPSG:5880","metodo_na_bacia":"ponto_representativo_grade_2022_within_bacia","pop_n_validos":1,"pop_n_total":1,"pop_completude":1.0,"dom_n_validos":1,"dom_n_total":1,"dom_completude":1.0},"geometry":{"type":"Polygon","coordinates":[[[-52.21622745233503,-28.590818532849006],[-52.216240117487416,-28.588961127054375],[-52.214253801971324,-28.58894927758711],[-52.214241122429826,-28.59080668248234],[-52.21622745233503,-28.590818532849006]]]}},{"type":"Feature","properties":{"id_grade":"200ME51798N81610","pop":4,"dom":1,"universo_dom":"domicilios_ocupados_grade_ibge_2022","na_bacia":1,"area_pct_bacia":100.0,"metodo_recorte_bacia":"ponto_representativo_grade_2022; area_pct_geometrica","status_borda_bacia":"total","metodo_area_bacia":"interseção geométrica em EPSG:5880","metodo_na_bacia":"ponto_representativo_grade_2022_within_bacia","pop_n_validos":1,"pop_n_total":1,"pop_completude":1.0,"dom_n_validos":1,"dom_n_total":1,"dom_completude":1.0},"geometry":{"type":"Polygon","coordinates":[[[-52.214253801971324,-28.58894927758711],[-52.21426648061356,-28.58709189067815],[-52.21228017948664,-28.58708002772114],[-52.21226748645529,-28.58893741462994],[-52.214253801971324,-28.58894927758711]]]}},{"type":"Feature","properties":{"id_grade":"200ME51798N81614","pop":1,"dom":1,"universo_dom":"domicilios_ocupados_grade_ibge_2022","na_bacia":1,"area_pct_bacia":100.0,"metodo_recorte_bacia":"ponto_representativo_grade_2022; area_pct_geometrica","status_borda_bacia":"total","metodo_area_bacia":"interseção geométrica em EPSG:5880","metodo_na_bacia":"ponto_representativo_grade_2022_within_bacia","pop_n_validos":1,"pop_n_total":1,"pop_completude":1.0,"dom_n_validos":1,"dom_n_total":1,"dom_completude":1.0},"geometry":{"type":"Polygon","coordinates":[[[-52.21427915925574,-28.58523452355436],[-52.214291838797294,-28.583377174417098],[-52.212305565549336,-28.583365312359206],[-52.212292872518,-28.585222660597267],[-52.21427915925574,-28.58523452355436]]]}},{"type":"Feature","properties":{"id_grade":"200ME51790N81616","pop":4,"dom":1,"universo_dom":"domicilios_ocupados_grade_ibge_2022","na_bacia":1,"area_pct_bacia":100.0,"metodo_recorte_bacia":"ponto_representativo_grade_2022; area_pct_geometrica","status_borda_bacia":"total","metodo_area_bacia":"interseção geométrica em EPSG:5880","metodo_na_bacia":"ponto_representativo_grade_2022_within_bacia","pop_n_validos":1,"pop_n_total":1,"pop_completude":1.0,"dom_n_validos":1,"dom_n_total":1,"dom_completude":1.0},"geometry":{"type":"Polygon","coordinates":[[[-52.22223693268825,-28.583424492246472],[-52.22224955557248,-28.581567161095588],[-52.2202632958144,-28.5815553520978],[-52.22025065944035,-28.583412682349376],[-52.22223693268825,-28.583424492246472]]]}},{"type":"Feature","properties":{"id_grade":"200ME51792N81616","pop":3,"dom":1,"universo_dom":"domicilios_ocupados_grade_ibge_2022","na_bacia":1,"area_pct_bacia":100.0,"metodo_recorte_bacia":"ponto_representativo_grade_2022; area_pct_geometrica","status_borda_bacia":"total","metodo_area_bacia":"interseção geométrica em EPSG:5880","metodo_na_bacia":"ponto_representativo_grade_2022_within_bacia","pop_n_validos":1,"pop_n_total":1,"pop_completude":1.0,"dom_n_validos":1,"dom_n_total":1,"dom_completude":1.0},"geometry":{"type":"Polygon","coordinates":[[[-52.22025065944035,-28.583412682349376],[-52.2202632958144,-28.5815553520978],[-52.21827703605635,-28.581543529610105],[-52.218264385293075,-28.583400859861744],[-52.22025065944035,-28.583412682349376]]]}},{"type":"Feature","properties":{"id_grade":"200ME51794N81616","pop":15,"dom":5,"universo_dom":"domicilios_ocupados_grade_ibge_2022","na_bacia":1,"area_pct_bacia":100.0,"metodo_recorte_bacia":"ponto_representativo_grade_2022; area_pct_geometrica","status_borda_bacia":"total","metodo_area_bacia":"interseção geométrica em EPSG:5880","metodo_na_bacia":"ponto_representativo_grade_2022_within_bacia","pop_n_validos":1,"pop_n_total":1,"pop_completude":1.0,"dom_n_validos":1,"dom_n_total":1,"dom_completude":1.0},"geometry":{"type":"Polygon","coordinates":[[[-52.218264385293075,-28.583400859861744],[-52.21827703605635,-28.581543529610105],[-52.21629077629825,-28.58153169363268],[-52.21627811204519,-28.58338902388427],[-52.218264385293075,-28.583400859861744]]]}},{"type":"Feature","properties":{"id_grade":"200ME51796N81616","pop":6,"dom":2,"universo_dom":"domicilios_ocupados_grade_ibge_2022","na_bacia":1,"area_pct_bacia":100.0,"metodo_recorte_bacia":"ponto_representativo_grade_2022; area_pct_geometrica","status_borda_bacia":"total","metodo_area_bacia":"interseção geométrica em EPSG:5880","metodo_na_bacia":"ponto_representativo_grade_2022_within_bacia","pop_n_validos":1,"pop_n_total":1,"pop_completude":1.0,"dom_n_validos":1,"dom_n_total":1,"dom_completude":1.0},"geometry":{"type":"Polygon","coordinates":[[[-52.21627811204519,-28.58338902388427],[-52.21629077629825,-28.58153169363268],[-52.21430451743947,-28.58151984506468],[-52.214291838797294,-28.583377174417098],[-52.21627811204519,-28.58338902388427]]]}},{"type":"Feature","properties":{"id_grade":"200ME51798N81616","pop":1,"dom":1,"universo_dom":"domicilios_ocupados_grade_ibge_2022","na_bacia":1,"area_pct_bacia":100.0,"metodo_recorte_bacia":"ponto_representativo_grade_2022; area_pct_geometrica","status_borda_bacia":"total","metodo_area_bacia":"interseção geométrica em EPSG:5880","metodo_na_bacia":"ponto_representativo_grade_2022_within_bacia","pop_n_validos":1,"pop_n_total":1,"pop_completude":1.0,"dom_n_validos":1,"dom_n_total":1,"dom_completude":1.0},"geometry":{"type":"Polygon","coordinates":[[[-52.214291838797294,-28.583377174417098],[-52.21430451743947,-28.58151984506468],[-52.21231825768143,-28.581507983007022],[-52.212305565549336,-28.583365312359206],[-52.214291838797294,-28.583377174417098]]]}},{"type":"Feature","properties":{"id_grade":"200ME51790N81618","pop":3,"dom":1,"universo_dom":"domicilios_ocupados_grade_ibge_2022","na_bacia":1,"area_pct_bacia":100.0,"metodo_recorte_bacia":"ponto_representativo_grade_2022; area_pct_geometrica","status_borda_bacia":"total","metodo_area_bacia":"interseção geométrica em EPSG:5880","metodo_na_bacia":"ponto_representativo_grade_2022_within_bacia","pop_n_validos":1,"pop_n_total":1,"pop_completude":1.0,"dom_n_validos":1,"dom_n_total":1,"dom_completude":1.0},"geometry":{"type":"Polygon","coordinates":[[[-52.22224955557248,-28.581567161095588],[-52.22226217755741,-28.57970984972975],[-52.22027593128916,-28.57969804073195],[-52.2202632958144,-28.5815553520978],[-52.22224955557248,-28.581567161095588]]]}},{"type":"Feature","properties":{"id_grade":"200ME51790N81620","pop":2,"dom":1,"universo_dom":"domicilios_ocupados_grade_ibge_2022","na_bacia":1,"area_pct_bacia":100.0,"metodo_recorte_bacia":"ponto_representativo_grade_2022; area_pct_geometrica","status_borda_bacia":"total","metodo_area_bacia":"interseção geométrica em EPSG:5880","metodo_na_bacia":"ponto_representativo_grade_2022_within_bacia","pop_n_validos":1,"pop_n_total":1,"pop_completude":1.0,"dom_n_validos":1,"dom_n_total":1,"dom_completude":1.0},"geometry":{"type":"Polygon","coordinates":[[[-52.22226217755741,-28.57970984972975],[-52.22227479864302,-28.577852557249646],[-52.220288567663204,-28.577840748251894],[-52.22027593128916,-28.57969804073195],[-52.22226217755741,-28.57970984972975]]]}},{"type":"Feature","properties":{"id_grade":"200ME51806N81602","pop":5,"dom":1,"universo_dom":"domicilios_ocupados_grade_ibge_2022","na_bacia":1,"area_pct_bacia":100.0,"metodo_recorte_bacia":"ponto_representativo_grade_2022; area_pct_geometrica","status_borda_bacia":"total","metodo_area_bacia":"interseção geométrica em EPSG:5880","metodo_na_bacia":"ponto_representativo_grade_2022_within_bacia","pop_n_validos":1,"pop_n_total":1,"pop_completude":1.0,"dom_n_validos":1,"dom_n_total":1,"dom_completude":1.0},"geometry":{"type":"Polygon","coordinates":[[[-52.20625759691052,-28.596331478614783],[-52.20627033310933,-28.594474017062232],[-52.204283976224474,-28.59446210104516],[-52.20427122563649,-28.596319561698277],[-52.20625759691052,-28.596331478614783]]]}},{"type":"Feature","properties":{"id_grade":"200ME51804N81604","pop":4,"dom":1,"universo_dom":"domicilios_ocupados_grade_ibge_2022","na_bacia":1,"area_pct_bacia":100.0,"metodo_recorte_bacia":"ponto_representativo_grade_2022; area_pct_geometrica","status_borda_bacia":"total","metodo_area_bacia":"interseção geométrica em EPSG:5880","metodo_na_bacia":"ponto_representativo_grade_2022_within_bacia","pop_n_validos":1,"pop_n_total":1,"pop_completude":1.0,"dom_n_validos":1,"dom_n_total":1,"dom_completude":1.0},"geometry":{"type":"Polygon","coordinates":[[[-52.20825668999419,-28.594485920488786],[-52.20826941180389,-28.592628477821975],[-52.20628306930814,-28.592616574395347],[-52.20627033310933,-28.594474017062232],[-52.20825668999419,-28.594485920488786]]]}},{"type":"Feature","properties":{"id_grade":"200ME51806N81604","pop":6,"dom":3,"universo_dom":"domicilios_ocupados_grade_ibge_2022","na_bacia":1,"area_pct_bacia":100.0,"metodo_recorte_bacia":"ponto_representativo_grade_2022; area_pct_geometrica","status_borda_bacia":"total","metodo_area_bacia":"interseção geométrica em EPSG:5880","metodo_na_bacia":"ponto_representativo_grade_2022_within_bacia","pop_n_validos":1,"pop_n_total":1,"pop_completude":1.0,"dom_n_validos":1,"dom_n_total":1,"dom_completude":1.0},"geometry":{"type":"Polygon","coordinates":[[[-52.20627033310933,-28.594474017062232],[-52.20628306930814,-28.592616574395347],[-52.20429672591314,-28.592604658378267],[-52.204283976224474,-28.59446210104516],[-52.20627033310933,-28.594474017062232]]]}},{"type":"Feature","properties":{"id_grade":"200ME51808N81604","pop":87,"dom":22,"universo_dom":"domicilios_ocupados_grade_ibge_2022","na_bacia":1,"area_pct_bacia":100.0,"metodo_recorte_bacia":"ponto_representativo_grade_2022; area_pct_geometrica","status_borda_bacia":"total","metodo_area_bacia":"interseção geométrica em EPSG:5880","metodo_na_bacia":"ponto_representativo_grade_2022_within_bacia","pop_n_validos":1,"pop_n_total":1,"pop_completude":1.0,"dom_n_validos":1,"dom_n_total":1,"dom_completude":1.0},"geometry":{"type":"Polygon","coordinates":[[[-52.204283976224474,-28.59446210104516],[-52.20429672591314,-28.592604658378267],[-52.2023103834174,-28.59259272887129],[-52.20229761933962,-28.594450171538163],[-52.204283976224474,-28.59446210104516]]]}},{"type":"Feature","properties":{"id_grade":"200ME51802N81606","pop":1,"dom":1,"universo_dom":"domicilios_ocupados_grade_ibge_2022","na_bacia":1,"area_pct_bacia":100.0,"metodo_recorte_bacia":"ponto_representativo_grade_2022; area_pct_geometrica","status_borda_bacia":"total","metodo_area_bacia":"interseção geométrica em EPSG:5880","metodo_na_bacia":"ponto_representativo_grade_2022_within_bacia","pop_n_validos":1,"pop_n_total":1,"pop_completude":1.0,"dom_n_validos":1,"dom_n_total":1,"dom_completude":1.0},"geometry":{"type":"Polygon","coordinates":[[[-52.210255755198894,-28.59264036685937],[-52.21026846351873,-28.590782943078295],[-52.20828213361352,-28.590771054040914],[-52.20826941180389,-28.592628477821975],[-52.210255755198894,-28.59264036685937]]]}},{"type":"Feature","properties":{"id_grade":"200ME51806N81606","pop":40,"dom":16,"universo_dom":"domicilios_ocupados_grade_ibge_2022","na_bacia":1,"area_pct_bacia":100.0,"metodo_recorte_bacia":"ponto_representativo_grade_2022; area_pct_geometrica","status_borda_bacia":"total","metodo_area_bacia":"interseção geométrica em EPSG:5880","metodo_na_bacia":"ponto_representativo_grade_2022_within_bacia","pop_n_validos":1,"pop_n_total":1,"pop_completude":1.0,"dom_n_validos":1,"dom_n_total":1,"dom_completude":1.0},"geometry":{"type":"Polygon","coordinates":[[[-52.20628306930814,-28.592616574395347],[-52.206295804607635,-28.590759150614275],[-52.20430947650112,-28.590747235496394],[-52.20429672591314,-28.592604658378267],[-52.20628306930814,-28.592616574395347]]]}},{"type":"Feature","properties":{"id_grade":"200ME51808N81606","pop":103,"dom":36,"universo_dom":"domicilios_ocupados_grade_ibge_2022","na_bacia":1,"area_pct_bacia":100.0,"metodo_recorte_bacia":"ponto_representativo_grade_2022; area_pct_geometrica","status_borda_bacia":"total","metodo_area_bacia":"interseção geométrica em EPSG:5880","metodo_na_bacia":"ponto_representativo_grade_2022_within_bacia","pop_n_validos":1,"pop_n_total":1,"pop_completude":1.0,"dom_n_validos":1,"dom_n_total":1,"dom_completude":1.0},"geometry":{"type":"Polygon","coordinates":[[[-52.20429672591314,-28.592604658378267],[-52.20430947650112,-28.590747235496394],[-52.202323147495235,-28.590735305989504],[-52.2023103834174,-28.59259272887129],[-52.20429672591314,-28.592604658378267]]]}},{"type":"Feature","properties":{"id_grade":"200ME51802N81608","pop":28,"dom":8,"universo_dom":"domicilios_ocupados_grade_ibge_2022","na_bacia":1,"area_pct_bacia":100.0,"metodo_recorte_bacia":"ponto_representativo_grade_2022; area_pct_geometrica","status_borda_bacia":"total","metodo_area_bacia":"interseção geométrica em EPSG:5880","metodo_na_bacia":"ponto_representativo_grade_2022_within_bacia","pop_n_validos":1,"pop_n_total":1,"pop_completude":1.0,"dom_n_validos":1,"dom_n_total":1,"dom_completude":1.0},"geometry":{"type":"Polygon","coordinates":[[[-52.21026846351873,-28.590782943078295],[-52.210281170939254,-28.588925538183066],[-52.20829485542322,-28.588913649145503],[-52.20828213361352,-28.590771054040914],[-52.21026846351873,-28.590782943078295]]]}},{"type":"Feature","properties":{"id_grade":"200ME51804N81608","pop":19,"dom":7,"universo_dom":"domicilios_ocupados_grade_ibge_2022","na_bacia":1,"area_pct_bacia":100.0,"metodo_recorte_bacia":"ponto_representativo_grade_2022; area_pct_geometrica","status_borda_bacia":"total","metodo_area_bacia":"interseção geométrica em EPSG:5880","metodo_na_bacia":"ponto_representativo_grade_2022_within_bacia","pop_n_validos":1,"pop_n_total":1,"pop_completude":1.0,"dom_n_validos":1,"dom_n_total":1,"dom_completude":1.0},"geometry":{"type":"Polygon","coordinates":[[[-52.20828213361352,-28.590771054040914],[-52.20829485542322,-28.588913649145503],[-52.20630854080645,-28.588901746618276],[-52.206295804607635,-28.590759150614275],[-52.20828213361352,-28.590771054040914]]]}},{"type":"Feature","properties":{"id_grade":"200ME51806N81608","pop":59,"dom":23,"universo_dom":"domicilios_ocupados_grade_ibge_2022","na_bacia":1,"area_pct_bacia":100.0,"metodo_recorte_bacia":"ponto_representativo_grade_2022; area_pct_geometrica","status_borda_bacia":"total","metodo_area_bacia":"interseção geométrica em EPSG:5880","metodo_na_bacia":"ponto_representativo_grade_2022_within_bacia","pop_n_validos":1,"pop_n_total":1,"pop_completude":1.0,"dom_n_validos":1,"dom_n_total":1,"dom_completude":1.0},"geometry":{"type":"Polygon","coordinates":[[[-52.206295804607635,-28.590759150614275],[-52.20630854080645,-28.588901746618276],[-52.204322226189724,-28.58888983060113],[-52.20430947650112,-28.590747235496394],[-52.206295804607635,-28.590759150614275]]]}},{"type":"Feature","properties":{"id_grade":"200ME51808N81608","pop":79,"dom":29,"universo_dom":"domicilios_ocupados_grade_ibge_2022","na_bacia":1,"area_pct_bacia":100.0,"metodo_recorte_bacia":"ponto_representativo_grade_2022; area_pct_geometrica","status_borda_bacia":"total","metodo_area_bacia":"interseção geométrica em EPSG:5880","metodo_na_bacia":"ponto_representativo_grade_2022_within_bacia","pop_n_validos":1,"pop_n_total":1,"pop_completude":1.0,"dom_n_validos":1,"dom_n_total":1,"dom_completude":1.0},"geometry":{"type":"Polygon","coordinates":[[[-52.20430947650112,-28.590747235496394],[-52.204322226189724,-28.58888983060113],[-52.20233591157301,-28.58887790199354],[-52.202323147495235,-28.590735305989504],[-52.20430947650112,-28.590747235496394]]]}},{"type":"Feature","properties":{"id_grade":"200ME51800N81610","pop":3,"dom":1,"universo_dom":"domicilios_ocupados_grade_ibge_2022","na_bacia":1,"area_pct_bacia":100.0,"metodo_recorte_bacia":"ponto_representativo_grade_2022; area_pct_geometrica","status_borda_bacia":"total","metodo_area_bacia":"interseção geométrica em EPSG:5880","metodo_na_bacia":"ponto_representativo_grade_2022_within_bacia","pop_n_validos":1,"pop_n_total":1,"pop_completude":1.0,"dom_n_validos":1,"dom_n_total":1,"dom_completude":1.0},"geometry":{"type":"Polygon","coordinates":[[[-52.21226748645529,-28.58893741462994],[-52.21228017948664,-28.58708002772114],[-52.21029387835977,-28.58706815217345],[-52.210281170939254,-28.588925538183066],[-52.21226748645529,-28.58893741462994]]]}},{"type":"Feature","properties":{"id_grade":"200ME51802N81610","pop":13,"dom":7,"universo_dom":"domicilios_ocupados_grade_ibge_2022","na_bacia":1,"area_pct_bacia":100.0,"metodo_recorte_bacia":"ponto_representativo_grade_2022; area_pct_geometrica","status_borda_bacia":"total","metodo_area_bacia":"interseção geométrica em EPSG:5880","metodo_na_bacia":"ponto_representativo_grade_2022_within_bacia","pop_n_validos":1,"pop_n_total":1,"pop_completude":1.0,"dom_n_validos":1,"dom_n_total":1,"dom_completude":1.0},"geometry":{"type":"Polygon","coordinates":[[[-52.210281170939254,-28.588925538183066],[-52.21029387835977,-28.58706815217345],[-52.20830757723285,-28.58705626313599],[-52.20829485542322,-28.588913649145503],[-52.210281170939254,-28.588925538183066]]]}},{"type":"Feature","properties":{"id_grade":"200ME51804N81610","pop":52,"dom":22,"universo_dom":"domicilios_ocupados_grade_ibge_2022","na_bacia":1,"area_pct_bacia":100.0,"metodo_recorte_bacia":"ponto_representativo_grade_2022; area_pct_geometrica","status_borda_bacia":"total","metodo_area_bacia":"interseção geométrica em EPSG:5880","metodo_na_bacia":"ponto_representativo_grade_2022_within_bacia","pop_n_validos":1,"pop_n_total":1,"pop_completude":1.0,"dom_n_validos":1,"dom_n_total":1,"dom_completude":1.0},"geometry":{"type":"Polygon","coordinates":[[[-52.20829485542322,-28.588913649145503],[-52.20830757723285,-28.58705626313599],[-52.20632127610593,-28.587044360608726],[-52.20630854080645,-28.588901746618276],[-52.20829485542322,-28.588913649145503]]]}},{"type":"Feature","properties":{"id_grade":"200ME51806N81610","pop":77,"dom":33,"universo_dom":"domicilios_ocupados_grade_ibge_2022","na_bacia":1,"area_pct_bacia":100.0,"metodo_recorte_bacia":"ponto_representativo_grade_2022; area_pct_geometrica","status_borda_bacia":"total","metodo_area_bacia":"interseção geométrica em EPSG:5880","metodo_na_bacia":"ponto_representativo_grade_2022_within_bacia","pop_n_validos":1,"pop_n_total":1,"pop_completude":1.0,"dom_n_validos":1,"dom_n_total":1,"dom_completude":1.0},"geometry":{"type":"Polygon","coordinates":[[[-52.20630854080645,-28.588901746618276],[-52.20632127610593,-28.587044360608726],[-52.204334975878396,-28.58703244549093],[-52.204322226189724,-28.58888983060113],[-52.20630854080645,-28.588901746618276]]]}},{"type":"Feature","properties":{"id_grade":"200ME51808N81610","pop":52,"dom":24,"universo_dom":"domicilios_ocupados_grade_ibge_2022","na_bacia":1,"area_pct_bacia":100.0,"metodo_recorte_bacia":"ponto_representativo_grade_2022; area_pct_geometrica","status_borda_bacia":"total","metodo_area_bacia":"interseção geométrica em EPSG:5880","metodo_na_bacia":"ponto_representativo_grade_2022_within_bacia","pop_n_validos":1,"pop_n_total":1,"pop_completude":1.0,"dom_n_validos":1,"dom_n_total":1,"dom_completude":1.0},"geometry":{"type":"Polygon","coordinates":[[[-52.204322226189724,-28.58888983060113],[-52.204334975878396,-28.58703244549093],[-52.20234867475148,-28.587020516883342],[-52.20233591157301,-28.58887790199354],[-52.204322226189724,-28.58888983060113]]]}},{"type":"Feature","properties":{"id_grade":"200ME51800N81612","pop":26,"dom":14,"universo_dom":"domicilios_ocupados_grade_ibge_2022","na_bacia":1,"area_pct_bacia":100.0,"metodo_recorte_bacia":"ponto_representativo_grade_2022; area_pct_geometrica","status_borda_bacia":"total","metodo_area_bacia":"interseção geométrica em EPSG:5880","metodo_na_bacia":"ponto_representativo_grade_2022_within_bacia","pop_n_validos":1,"pop_n_total":1,"pop_completude":1.0,"dom_n_validos":1,"dom_n_total":1,"dom_completude":1.0},"geometry":{"type":"Polygon","coordinates":[[[-52.21228017948664,-28.58708002772114],[-52.212292872518,-28.585222660597267],[-52.21030658578024,-28.58521078504959],[-52.21029387835977,-28.58706815217345],[-52.21228017948664,-28.58708002772114]]]}},{"type":"Feature","properties":{"id_grade":"200ME51802N81612","pop":58,"dom":19,"universo_dom":"domicilios_ocupados_grade_ibge_2022","na_bacia":1,"area_pct_bacia":100.0,"metodo_recorte_bacia":"ponto_representativo_grade_2022; area_pct_geometrica","status_borda_bacia":"total","metodo_area_bacia":"interseção geométrica em EPSG:5880","metodo_na_bacia":"ponto_representativo_grade_2022_within_bacia","pop_n_validos":1,"pop_n_total":1,"pop_completude":1.0,"dom_n_validos":1,"dom_n_total":1,"dom_completude":1.0},"geometry":{"type":"Polygon","coordinates":[[[-52.21029387835977,-28.58706815217345],[-52.21030658578024,-28.58521078504959],[-52.208320298143185,-28.585198896012184],[-52.20830757723285,-28.58705626313599],[-52.21029387835977,-28.58706815217345]]]}},{"type":"Feature","properties":{"id_grade":"200ME51804N81612","pop":41,"dom":15,"universo_dom":"domicilios_ocupados_grade_ibge_2022","na_bacia":1,"area_pct_bacia":100.0,"metodo_recorte_bacia":"ponto_representativo_grade_2022; area_pct_geometrica","status_borda_bacia":"total","metodo_area_bacia":"interseção geométrica em EPSG:5880","metodo_na_bacia":"ponto_representativo_grade_2022_within_bacia","pop_n_validos":1,"pop_n_total":1,"pop_completude":1.0,"dom_n_validos":1,"dom_n_total":1,"dom_completude":1.0},"geometry":{"type":"Polygon","coordinates":[[[-52.20830757723285,-28.58705626313599],[-52.208320298143185,-28.585198896012184],[-52.20633401140549,-28.58518699438422],[-52.20632127610593,-28.587044360608726],[-52.20830757723285,-28.58705626313599]]]}},{"type":"Feature","properties":{"id_grade":"200ME51806N81612","pop":77,"dom":31,"universo_dom":"domicilios_ocupados_grade_ibge_2022","na_bacia":1,"area_pct_bacia":100.0,"metodo_recorte_bacia":"ponto_representativo_grade_2022; area_pct_geometrica","status_borda_bacia":"total","metodo_area_bacia":"interseção geométrica em EPSG:5880","metodo_na_bacia":"ponto_representativo_grade_2022_within_bacia","pop_n_validos":1,"pop_n_total":1,"pop_completude":1.0,"dom_n_validos":1,"dom_n_total":1,"dom_completude":1.0},"geometry":{"type":"Polygon","coordinates":[[[-52.20632127610593,-28.587044360608726],[-52.20633401140549,-28.58518699438422],[-52.20434772556707,-28.585175078367108],[-52.204334975878396,-28.58703244549093],[-52.20632127610593,-28.587044360608726]]]}},{"type":"Feature","properties":{"id_grade":"200ME51808N81612","pop":37,"dom":16,"universo_dom":"domicilios_ocupados_grade_ibge_2022","na_bacia":1,"area_pct_bacia":100.0,"metodo_recorte_bacia":"ponto_representativo_grade_2022; area_pct_geometrica","status_borda_bacia":"total","metodo_area_bacia":"interseção geométrica em EPSG:5880","metodo_na_bacia":"ponto_representativo_grade_2022_within_bacia","pop_n_validos":1,"pop_n_total":1,"pop_completude":1.0,"dom_n_validos":1,"dom_n_total":1,"dom_completude":1.0},"geometry":{"type":"Polygon","coordinates":[[[-52.204334975878396,-28.58703244549093],[-52.20434772556707,-28.585175078367108],[-52.20236143882932,-28.58516315065885],[-52.20234867475148,-28.587020516883342],[-52.204334975878396,-28.58703244549093]]]}},{"type":"Feature","properties":{"id_grade":"200ME51802N81614","pop":3,"dom":1,"universo_dom":"domicilios_ocupados_grade_ibge_2022","na_bacia":1,"area_pct_bacia":100.0,"metodo_recorte_bacia":"ponto_representativo_grade_2022; area_pct_geometrica","status_borda_bacia":"total","metodo_area_bacia":"interseção geométrica em EPSG:5880","metodo_na_bacia":"ponto_representativo_grade_2022_within_bacia","pop_n_validos":1,"pop_n_total":1,"pop_completude":1.0,"dom_n_validos":1,"dom_n_total":1,"dom_completude":1.0},"geometry":{"type":"Polygon","coordinates":[[[-52.21030658578024,-28.58521078504959],[-52.21031929230145,-28.583353436811596],[-52.20833301995288,-28.583341547774218],[-52.208320298143185,-28.585198896012184],[-52.21030658578024,-28.58521078504959]]]}},{"type":"Feature","properties":{"id_grade":"200ME51806N81614","pop":2,"dom":1,"universo_dom":"domicilios_ocupados_grade_ibge_2022","na_bacia":1,"area_pct_bacia":100.0,"metodo_recorte_bacia":"ponto_representativo_grade_2022; area_pct_geometrica","status_borda_bacia":"total","metodo_area_bacia":"interseção geométrica em EPSG:5880","metodo_na_bacia":"ponto_representativo_grade_2022_within_bacia","pop_n_validos":1,"pop_n_total":1,"pop_completude":1.0,"dom_n_validos":1,"dom_n_total":1,"dom_completude":1.0},"geometry":{"type":"Polygon","coordinates":[[[-52.20633401140549,-28.58518699438422],[-52.20634674670497,-28.583329646146158],[-52.20436047435635,-28.58331773102841],[-52.20434772556707,-28.585175078367108],[-52.20633401140549,-28.58518699438422]]]}},{"type":"Feature","properties":{"id_grade":"200ME51808N81614","pop":49,"dom":16,"universo_dom":"domicilios_ocupados_grade_ibge_2022","na_bacia":1,"area_pct_bacia":100.0,"metodo_recorte_bacia":"ponto_representativo_grade_2022; area_pct_geometrica","status_borda_bacia":"total","metodo_area_bacia":"interseção geométrica em EPSG:5880","metodo_na_bacia":"ponto_representativo_grade_2022_within_bacia","pop_n_validos":1,"pop_n_total":1,"pop_completude":1.0,"dom_n_validos":1,"dom_n_total":1,"dom_completude":1.0},"geometry":{"type":"Polygon","coordinates":[[[-52.20434772556707,-28.585175078367108],[-52.20436047435635,-28.58331773102841],[-52.202374202007775,-28.583305803320144],[-52.20236143882932,-28.58516315065885],[-52.20434772556707,-28.585175078367108]]]}},{"type":"Feature","properties":{"id_grade":"200ME51800N81618","pop":9,"dom":3,"universo_dom":"domicilios_ocupados_grade_ibge_2022","na_bacia":1,"area_pct_bacia":100.0,"metodo_recorte_bacia":"ponto_representativo_grade_2022; area_pct_geometrica","status_borda_bacia":"total","metodo_area_bacia":"interseção geométrica em EPSG:5880","metodo_na_bacia":"ponto_representativo_grade_2022_within_bacia","pop_n_validos":1,"pop_n_total":1,"pop_completude":1.0,"dom_n_validos":1,"dom_n_total":1,"dom_completude":1.0},"geometry":{"type":"Polygon","coordinates":[[[-52.21231825768143,-28.581507983007022],[-52.212330950712776,-28.579650672540463],[-52.21034470624318,-28.57963879699286],[-52.21033199882265,-28.581496107459316],[-52.21231825768143,-28.581507983007022]]]}},{"type":"Feature","properties":{"id_grade":"200ME51802N81620","pop":3,"dom":1,"universo_dom":"domicilios_ocupados_grade_ibge_2022","na_bacia":1,"area_pct_bacia":100.0,"metodo_recorte_bacia":"ponto_representativo_grade_2022; area_pct_geometrica","status_borda_bacia":"total","metodo_area_bacia":"interseção geométrica em EPSG:5880","metodo_na_bacia":"ponto_representativo_grade_2022_within_bacia","pop_n_validos":1,"pop_n_total":1,"pop_completude":1.0,"dom_n_validos":1,"dom_n_total":1,"dom_completude":1.0},"geometry":{"type":"Polygon","coordinates":[[[-52.21034470624318,-28.57963879699286],[-52.210357411865004,-28.57778150541207],[-52.20837118178457,-28.57776961817323],[-52.20835846087426,-28.579626908854646],[-52.21034470624318,-28.57963879699286]]]}},{"type":"Feature","properties":{"id_grade":"200ME51816N81602","pop":5,"dom":3,"universo_dom":"domicilios_ocupados_grade_ibge_2022","na_bacia":1,"area_pct_bacia":100.0,"metodo_recorte_bacia":"ponto_representativo_grade_2022; area_pct_geometrica","status_borda_bacia":"total","metodo_area_bacia":"interseção geométrica em EPSG:5880","metodo_na_bacia":"ponto_representativo_grade_2022_within_bacia","pop_n_validos":1,"pop_n_total":1,"pop_completude":1.0,"dom_n_validos":1,"dom_n_total":1,"dom_completude":1.0},"geometry":{"type":"Polygon","coordinates":[[[-52.19632574233906,-28.596271764530307],[-52.196338549584375,-28.594414303877006],[-52.19435219359883,-28.594402321310042],[-52.19433937196441,-28.596259781963322],[-52.19632574233906,-28.596271764530307]]]}},{"type":"Feature","properties":{"id_grade":"200ME51810N81604","pop":60,"dom":25,"universo_dom":"domicilios_ocupados_grade_ibge_2022","na_bacia":1,"area_pct_bacia":100.0,"metodo_recorte_bacia":"ponto_representativo_grade_2022; area_pct_geometrica","status_borda_bacia":"total","metodo_area_bacia":"interseção geométrica em EPSG:5880","metodo_na_bacia":"ponto_representativo_grade_2022_within_bacia","pop_n_validos":1,"pop_n_total":1,"pop_completude":1.0,"dom_n_validos":1,"dom_n_total":1,"dom_completude":1.0},"geometry":{"type":"Polygon","coordinates":[[[-52.20229761933962,-28.594450171538163],[-52.2023103834174,-28.59259272887129],[-52.200324040921714,-28.592580786773873],[-52.20031126245476,-28.59443822854134],[-52.20229761933962,-28.594450171538163]]]}},{"type":"Feature","properties":{"id_grade":"200ME51812N81604","pop":10,"dom":4,"universo_dom":"domicilios_ocupados_grade_ibge_2022","na_bacia":1,"area_pct_bacia":100.0,"metodo_recorte_bacia":"ponto_representativo_grade_2022; area_pct_geometrica","status_borda_bacia":"total","metodo_area_bacia":"interseção geométrica em EPSG:5880","metodo_na_bacia":"ponto_representativo_grade_2022_within_bacia","pop_n_validos":1,"pop_n_total":1,"pop_completude":1.0,"dom_n_validos":1,"dom_n_total":1,"dom_completude":1.0},"geometry":{"type":"Polygon","coordinates":[[[-52.20031126245476,-28.59443822854134],[-52.200324040921714,-28.592580786773873],[-52.19833769842598,-28.59256883118657],[-52.198324905569905,-28.594426272954127],[-52.20031126245476,-28.59443822854134]]]}},{"type":"Feature","properties":{"id_grade":"200ME51816N81604","pop":6,"dom":2,"universo_dom":"domicilios_ocupados_grade_ibge_2022","na_bacia":1,"area_pct_bacia":100.0,"metodo_recorte_bacia":"ponto_representativo_grade_2022; area_pct_geometrica","status_borda_bacia":"total","metodo_area_bacia":"interseção geométrica em EPSG:5880","metodo_na_bacia":"ponto_representativo_grade_2022_within_bacia","pop_n_validos":1,"pop_n_total":1,"pop_completude":1.0,"dom_n_validos":1,"dom_n_total":1,"dom_completude":1.0},"geometry":{"type":"Polygon","coordinates":[[[-52.196338549584375,-28.594414303877006],[-52.19635135593029,-28.592556862109447],[-52.194365014333926,-28.592544880441874],[-52.19435219359883,-28.594402321310042],[-52.196338549584375,-28.594414303877006]]]}},{"type":"Feature","properties":{"id_grade":"200ME51818N81604","pop":37,"dom":14,"universo_dom":"domicilios_ocupados_grade_ibge_2022","na_bacia":1,"area_pct_bacia":100.0,"metodo_recorte_bacia":"ponto_representativo_grade_2022; area_pct_geometrica","status_borda_bacia":"total","metodo_area_bacia":"interseção geométrica em EPSG:5880","metodo_na_bacia":"ponto_representativo_grade_2022_within_bacia","pop_n_validos":1,"pop_n_total":1,"pop_completude":1.0,"dom_n_validos":1,"dom_n_total":1,"dom_completude":1.0},"geometry":{"type":"Polygon","coordinates":[[[-52.19435219359883,-28.594402321310042],[-52.194365014333926,-28.592544880441874],[-52.192378671838185,-28.592532885284427],[-52.192365837613295,-28.59439032615254],[-52.19435219359883,-28.594402321310042]]]}},{"type":"Feature","properties":{"id_grade":"200ME51810N81606","pop":135,"dom":53,"universo_dom":"domicilios_ocupados_grade_ibge_2022","na_bacia":1,"area_pct_bacia":100.0,"metodo_recorte_bacia":"ponto_representativo_grade_2022; area_pct_geometrica","status_borda_bacia":"total","metodo_area_bacia":"interseção geométrica em EPSG:5880","metodo_na_bacia":"ponto_representativo_grade_2022_within_bacia","pop_n_validos":1,"pop_n_total":1,"pop_completude":1.0,"dom_n_validos":1,"dom_n_total":1,"dom_completude":1.0},"geometry":{"type":"Polygon","coordinates":[[[-52.2023103834174,-28.59259272887129],[-52.202323147495235,-28.590735305989504],[-52.20033681938867,-28.590723363892064],[-52.200324040921714,-28.592580786773873],[-52.2023103834174,-28.59259272887129]]]}},{"type":"Feature","properties":{"id_grade":"200ME51812N81606","pop":64,"dom":23,"universo_dom":"domicilios_ocupados_grade_ibge_2022","na_bacia":1,"area_pct_bacia":100.0,"metodo_recorte_bacia":"ponto_representativo_grade_2022; area_pct_geometrica","status_borda_bacia":"total","metodo_area_bacia":"interseção geométrica em EPSG:5880","metodo_na_bacia":"ponto_representativo_grade_2022_within_bacia","pop_n_validos":1,"pop_n_total":1,"pop_completude":1.0,"dom_n_validos":1,"dom_n_total":1,"dom_completude":1.0},"geometry":{"type":"Polygon","coordinates":[[[-52.200324040921714,-28.592580786773873],[-52.20033681938867,-28.590723363892064],[-52.19835049038278,-28.590711408304767],[-52.19833769842598,-28.59256883118657],[-52.200324040921714,-28.592580786773873]]]}},{"type":"Feature","properties":{"id_grade":"200ME51814N81606","pop":6,"dom":3,"universo_dom":"domicilios_ocupados_grade_ibge_2022","na_bacia":1,"area_pct_bacia":100.0,"metodo_recorte_bacia":"ponto_representativo_grade_2022; area_pct_geometrica","status_borda_bacia":"total","metodo_area_bacia":"interseção geométrica em EPSG:5880","metodo_na_bacia":"ponto_representativo_grade_2022_within_bacia","pop_n_validos":1,"pop_n_total":1,"pop_completude":1.0,"dom_n_validos":1,"dom_n_total":1,"dom_completude":1.0},"geometry":{"type":"Polygon","coordinates":[[[-52.19833769842598,-28.59256883118657],[-52.19835049038278,-28.590711408304767],[-52.19636416227621,-28.590699440127032],[-52.19635135593029,-28.592556862109447],[-52.19833769842598,-28.59256883118657]]]}},{"type":"Feature","properties":{"id_grade":"200ME51816N81606","pop":3,"dom":2,"universo_dom":"domicilios_ocupados_grade_ibge_2022","na_bacia":1,"area_pct_bacia":100.0,"metodo_recorte_bacia":"ponto_representativo_grade_2022; area_pct_geometrica","status_borda_bacia":"total","metodo_area_bacia":"interseção geométrica em EPSG:5880","metodo_na_bacia":"ponto_representativo_grade_2022_within_bacia","pop_n_validos":1,"pop_n_total":1,"pop_completude":1.0,"dom_n_validos":1,"dom_n_total":1,"dom_completude":1.0},"geometry":{"type":"Polygon","coordinates":[[[-52.19635135593029,-28.592556862109447],[-52.19636416227621,-28.590699440127032],[-52.194377834169636,-28.59068745845938],[-52.194365014333926,-28.592544880441874],[-52.19635135593029,-28.592556862109447]]]}},{"type":"Feature","properties":{"id_grade":"200ME51810N81608","pop":110,"dom":45,"universo_dom":"domicilios_ocupados_grade_ibge_2022","na_bacia":1,"area_pct_bacia":100.0,"metodo_recorte_bacia":"ponto_representativo_grade_2022; area_pct_geometrica","status_borda_bacia":"total","metodo_area_bacia":"interseção geométrica em EPSG:5880","metodo_na_bacia":"ponto_representativo_grade_2022_within_bacia","pop_n_validos":1,"pop_n_total":1,"pop_completude":1.0,"dom_n_validos":1,"dom_n_total":1,"dom_completude":1.0},"geometry":{"type":"Polygon","coordinates":[[[-52.202323147495235,-28.590735305989504],[-52.20233591157301,-28.58887790199354],[-52.20034959695629,-28.588865959896136],[-52.20033681938867,-28.590723363892064],[-52.202323147495235,-28.590735305989504]]]}},{"type":"Feature","properties":{"id_grade":"200ME51812N81608","pop":78,"dom":31,"universo_dom":"domicilios_ocupados_grade_ibge_2022","na_bacia":1,"area_pct_bacia":100.0,"metodo_recorte_bacia":"ponto_representativo_grade_2022; area_pct_geometrica","status_borda_bacia":"total","metodo_area_bacia":"interseção geométrica em EPSG:5880","metodo_na_bacia":"ponto_representativo_grade_2022_within_bacia","pop_n_validos":1,"pop_n_total":1,"pop_completude":1.0,"dom_n_validos":1,"dom_n_total":1,"dom_completude":1.0},"geometry":{"type":"Polygon","coordinates":[[[-52.20033681938867,-28.590723363892064],[-52.20034959695629,-28.588865959896136],[-52.198363283238905,-28.588854004308807],[-52.19835049038278,-28.590711408304767],[-52.20033681938867,-28.590723363892064]]]}},{"type":"Feature","properties":{"id_grade":"200ME51814N81608","pop":17,"dom":8,"universo_dom":"domicilios_ocupados_grade_ibge_2022","na_bacia":1,"area_pct_bacia":100.0,"metodo_recorte_bacia":"ponto_representativo_grade_2022; area_pct_geometrica","status_borda_bacia":"total","metodo_area_bacia":"interseção geométrica em EPSG:5880","metodo_na_bacia":"ponto_representativo_grade_2022_within_bacia","pop_n_validos":1,"pop_n_total":1,"pop_completude":1.0,"dom_n_validos":1,"dom_n_total":1,"dom_completude":1.0},"geometry":{"type":"Polygon","coordinates":[[[-52.19835049038278,-28.590711408304767],[-52.198363283238905,-28.588854004308807],[-52.19637696862218,-28.588842036131],[-52.19636416227621,-28.590699440127032],[-52.19835049038278,-28.590711408304767]]]}},{"type":"Feature","properties":{"id_grade":"200ME51816N81608","pop":9,"dom":4,"universo_dom":"domicilios_ocupados_grade_ibge_2022","na_bacia":1,"area_pct_bacia":100.0,"metodo_recorte_bacia":"ponto_representativo_grade_2022; area_pct_geometrica","status_borda_bacia":"total","metodo_area_bacia":"interseção geométrica em EPSG:5880","metodo_na_bacia":"ponto_representativo_grade_2022_within_bacia","pop_n_validos":1,"pop_n_total":1,"pop_completude":1.0,"dom_n_validos":1,"dom_n_total":1,"dom_completude":1.0},"geometry":{"type":"Polygon","coordinates":[[[-52.19636416227621,-28.590699440127032],[-52.19637696862218,-28.588842036131],[-52.19439065490474,-28.588830054463408],[-52.194377834169636,-28.59068745845938],[-52.19636416227621,-28.590699440127032]]]}},{"type":"Feature","properties":{"id_grade":"200ME51810N81610","pop":39,"dom":17,"universo_dom":"domicilios_ocupados_grade_ibge_2022","na_bacia":1,"area_pct_bacia":100.0,"metodo_recorte_bacia":"ponto_representativo_grade_2022; area_pct_geometrica","status_borda_bacia":"total","metodo_area_bacia":"interseção geométrica em EPSG:5880","metodo_na_bacia":"ponto_representativo_grade_2022_within_bacia","pop_n_validos":1,"pop_n_total":1,"pop_completude":1.0,"dom_n_validos":1,"dom_n_total":1,"dom_completude":1.0},"geometry":{"type":"Polygon","coordinates":[[[-52.20233591157301,-28.58887790199354],[-52.20234867475148,-28.587020516883342],[-52.20036237452393,-28.587008574785827],[-52.20034959695629,-28.588865959896136],[-52.20233591157301,-28.58887790199354]]]}},{"type":"Feature","properties":{"id_grade":"200ME51812N81610","pop":93,"dom":34,"universo_dom":"domicilios_ocupados_grade_ibge_2022","na_bacia":1,"area_pct_bacia":100.0,"metodo_recorte_bacia":"ponto_representativo_grade_2022; area_pct_geometrica","status_borda_bacia":"total","metodo_area_bacia":"interseção geométrica em EPSG:5880","metodo_na_bacia":"ponto_representativo_grade_2022_within_bacia","pop_n_validos":1,"pop_n_total":1,"pop_completude":1.0,"dom_n_validos":1,"dom_n_total":1,"dom_completude":1.0},"geometry":{"type":"Polygon","coordinates":[[[-52.20034959695629,-28.588865959896136],[-52.20036237452393,-28.587008574785827],[-52.19837607519566,-28.586996620097963],[-52.198363283238905,-28.588854004308807],[-52.20034959695629,-28.588865959896136]]]}},{"type":"Feature","properties":{"id_grade":"200ME51814N81610","pop":8,"dom":3,"universo_dom":"domicilios_ocupados_grade_ibge_2022","na_bacia":1,"area_pct_bacia":100.0,"metodo_recorte_bacia":"ponto_representativo_grade_2022; area_pct_geometrica","status_borda_bacia":"total","metodo_area_bacia":"interseção geométrica em EPSG:5880","metodo_na_bacia":"ponto_representativo_grade_2022_within_bacia","pop_n_validos":1,"pop_n_total":1,"pop_completude":1.0,"dom_n_validos":1,"dom_n_total":1,"dom_completude":1.0},"geometry":{"type":"Polygon","coordinates":[[[-52.198363283238905,-28.588854004308807],[-52.19837607519566,-28.586996620097963],[-52.196389774968104,-28.58698465192004],[-52.19637696862218,-28.588842036131],[-52.198363283238905,-28.588854004308807]]]}},{"type":"Feature","properties":{"id_grade":"200ME51810N81612","pop":76,"dom":33,"universo_dom":"domicilios_ocupados_grade_ibge_2022","na_bacia":1,"area_pct_bacia":100.0,"metodo_recorte_bacia":"ponto_representativo_grade_2022; area_pct_geometrica","status_borda_bacia":"total","metodo_area_bacia":"interseção geométrica em EPSG:5880","metodo_na_bacia":"ponto_representativo_grade_2022_within_bacia","pop_n_validos":1,"pop_n_total":1,"pop_completude":1.0,"dom_n_validos":1,"dom_n_total":1,"dom_completude":1.0},"geometry":{"type":"Polygon","coordinates":[[[-52.20234867475148,-28.587020516883342],[-52.20236143882932,-28.58516315065885],[-52.20037515299089,-28.58515120856134],[-52.20036237452393,-28.587008574785827],[-52.20234867475148,-28.587020516883342]]]}},{"type":"Feature","properties":{"id_grade":"200ME51812N81612","pop":29,"dom":11,"universo_dom":"domicilios_ocupados_grade_ibge_2022","na_bacia":1,"area_pct_bacia":100.0,"metodo_recorte_bacia":"ponto_representativo_grade_2022; area_pct_geometrica","status_borda_bacia":"total","metodo_area_bacia":"interseção geométrica em EPSG:5880","metodo_na_bacia":"ponto_representativo_grade_2022_within_bacia","pop_n_validos":1,"pop_n_total":1,"pop_completude":1.0,"dom_n_validos":1,"dom_n_total":1,"dom_completude":1.0},"geometry":{"type":"Polygon","coordinates":[[[-52.20036237452393,-28.587008574785827],[-52.20037515299089,-28.58515120856134],[-52.19838886625314,-28.58513925387335],[-52.19837607519566,-28.586996620097963],[-52.20036237452393,-28.587008574785827]]]}},{"type":"Feature","properties":{"id_grade":"200ME51810N81614","pop":21,"dom":8,"universo_dom":"domicilios_ocupados_grade_ibge_2022","na_bacia":1,"area_pct_bacia":100.0,"metodo_recorte_bacia":"ponto_representativo_grade_2022; area_pct_geometrica","status_borda_bacia":"total","metodo_area_bacia":"interseção geométrica em EPSG:5880","metodo_na_bacia":"ponto_representativo_grade_2022_within_bacia","pop_n_validos":1,"pop_n_total":1,"pop_completude":1.0,"dom_n_validos":1,"dom_n_total":1,"dom_completude":1.0},"geometry":{"type":"Polygon","coordinates":[[[-52.20236143882932,-28.58516315065885],[-52.202374202007775,-28.583305803320144],[-52.20038793055852,-28.583293861222632],[-52.20037515299089,-28.58515120856134],[-52.20236143882932,-28.58516315065885]]]}},{"type":"Feature","properties":{"id_grade":"200ME51812N81614","pop":14,"dom":5,"universo_dom":"domicilios_ocupados_grade_ibge_2022","na_bacia":1,"area_pct_bacia":100.0,"metodo_recorte_bacia":"ponto_representativo_grade_2022; area_pct_geometrica","status_borda_bacia":"total","metodo_area_bacia":"interseção geométrica em EPSG:5880","metodo_na_bacia":"ponto_representativo_grade_2022_within_bacia","pop_n_validos":1,"pop_n_total":1,"pop_completude":1.0,"dom_n_validos":1,"dom_n_total":1,"dom_completude":1.0},"geometry":{"type":"Polygon","coordinates":[[[-52.20037515299089,-28.58515120856134],[-52.20038793055852,-28.583293861222632],[-52.19840165820988,-28.583281906534708],[-52.19838886625314,-28.58513925387335],[-52.20037515299089,-28.58515120856134]]]}},{"type":"Feature","properties":{"id_grade":"200ME51814N81614","pop":21,"dom":8,"universo_dom":"domicilios_ocupados_grade_ibge_2022","na_bacia":1,"area_pct_bacia":100.0,"metodo_recorte_bacia":"ponto_representativo_grade_2022; area_pct_geometrica","status_borda_bacia":"total","metodo_area_bacia":"interseção geométrica em EPSG:5880","metodo_na_bacia":"ponto_representativo_grade_2022_within_bacia","pop_n_validos":1,"pop_n_total":1,"pop_completude":1.0,"dom_n_validos":1,"dom_n_total":1,"dom_completude":1.0},"geometry":{"type":"Polygon","coordinates":[[[-52.19838886625314,-28.58513925387335],[-52.19840165820988,-28.583281906534708],[-52.196415386760634,-28.5832699392562],[-52.19640258041471,-28.585127285695638],[-52.19838886625314,-28.58513925387335]]]}},{"type":"Feature","properties":{"id_grade":"200ME51816N81614","pop":39,"dom":14,"universo_dom":"domicilios_ocupados_grade_ibge_2022","na_bacia":1,"area_pct_bacia":100.0,"metodo_recorte_bacia":"ponto_representativo_grade_2022; area_pct_geometrica","status_borda_bacia":"total","metodo_area_bacia":"interseção geométrica em EPSG:5880","metodo_na_bacia":"ponto_representativo_grade_2022_within_bacia","pop_n_validos":1,"pop_n_total":1,"pop_completude":1.0,"dom_n_validos":1,"dom_n_total":1,"dom_completude":1.0},"geometry":{"type":"Polygon","coordinates":[[[-52.19640258041471,-28.585127285695638],[-52.196415386760634,-28.5832699392562],[-52.19442911531138,-28.583257958487977],[-52.194416295475605,-28.58511530492728],[-52.19640258041471,-28.585127285695638]]]}},{"type":"Feature","properties":{"id_grade":"200ME51814N81616","pop":3,"dom":1,"universo_dom":"domicilios_ocupados_grade_ibge_2022","na_bacia":1,"area_pct_bacia":100.0,"metodo_recorte_bacia":"ponto_representativo_grade_2022; area_pct_geometrica","status_borda_bacia":"total","metodo_area_bacia":"interseção geométrica em EPSG:5880","metodo_na_bacia":"ponto_representativo_grade_2022_within_bacia","pop_n_validos":1,"pop_n_total":1,"pop_completude":1.0,"dom_n_validos":1,"dom_n_total":1,"dom_completude":1.0},"geometry":{"type":"Polygon","coordinates":[[[-52.19840165820988,-28.583281906534708],[-52.198414449267375,-28.58142457898116],[-52.196428192207236,-28.581412611702603],[-52.196415386760634,-28.5832699392562],[-52.19840165820988,-28.583281906534708]]]}},{"type":"Feature","properties":{"id_grade":"200ME51816N81616","pop":1,"dom":1,"universo_dom":"domicilios_ocupados_grade_ibge_2022","na_bacia":1,"area_pct_bacia":100.0,"metodo_recorte_bacia":"ponto_representativo_grade_2022; area_pct_geometrica","status_borda_bacia":"total","metodo_area_bacia":"interseção geométrica em EPSG:5880","metodo_na_bacia":"ponto_representativo_grade_2022_within_bacia","pop_n_validos":1,"pop_n_total":1,"pop_completude":1.0,"dom_n_validos":1,"dom_n_total":1,"dom_completude":1.0},"geometry":{"type":"Polygon","coordinates":[[[-52.196415386760634,-28.5832699392562],[-52.196428192207236,-28.581412611702603],[-52.194441934247834,-28.581400630934386],[-52.19442911531138,-28.583257958487977],[-52.196415386760634,-28.5832699392562]]]}},{"type":"Feature","properties":{"id_grade":"200ME51816N81618","pop":2,"dom":2,"universo_dom":"domicilios_ocupados_grade_ibge_2022","na_bacia":1,"area_pct_bacia":100.0,"metodo_recorte_bacia":"ponto_representativo_grade_2022; area_pct_geometrica","status_borda_bacia":"total","metodo_area_bacia":"interseção geométrica em EPSG:5880","metodo_na_bacia":"ponto_representativo_grade_2022_within_bacia","pop_n_validos":1,"pop_n_total":1,"pop_completude":1.0,"dom_n_validos":1,"dom_n_total":1,"dom_completude":1.0},"geometry":{"type":"Polygon","coordinates":[[[-52.196428192207236,-28.581412611702603],[-52.196440997653895,-28.57955530213536],[-52.19445475408361,-28.579543322266524],[-52.194441934247834,-28.581400630934386],[-52.196428192207236,-28.581412611702603]]]}},{"type":"Feature","properties":{"id_grade":"200ME51814N81620","pop":4,"dom":2,"universo_dom":"domicilios_ocupados_grade_ibge_2022","na_bacia":1,"area_pct_bacia":100.0,"metodo_recorte_bacia":"ponto_representativo_grade_2022; area_pct_geometrica","status_borda_bacia":"total","metodo_area_bacia":"interseção geométrica em EPSG:5880","metodo_na_bacia":"ponto_representativo_grade_2022_within_bacia","pop_n_validos":1,"pop_n_total":1,"pop_completude":1.0,"dom_n_validos":1,"dom_n_total":1,"dom_completude":1.0},"geometry":{"type":"Polygon","coordinates":[[[-52.19842724122418,-28.579567270313238],[-52.19844003228161,-28.57770997963181],[-52.196453802201184,-28.577698012353245],[-52.196440997653895,-28.57955530213536],[-52.19842724122418,-28.579567270313238]]]}},{"type":"Feature","properties":{"id_grade":"200ME51826N81596","pop":3,"dom":1,"universo_dom":"domicilios_ocupados_grade_ibge_2022","na_bacia":1,"area_pct_bacia":100.0,"metodo_recorte_bacia":"ponto_representativo_grade_2022; area_pct_geometrica","status_borda_bacia":"total","metodo_area_bacia":"interseção geométrica em EPSG:5880","metodo_na_bacia":"ponto_representativo_grade_2022_within_bacia","pop_n_validos":1,"pop_n_total":1,"pop_completude":1.0,"dom_n_validos":1,"dom_n_total":1,"dom_completude":1.0},"geometry":{"type":"Polygon","coordinates":[[[-52.18635526008717,-28.60178421207173],[-52.18636813837884,-28.599926695660486],[-52.18438174012516,-28.59991464744303],[-52.184368848343645,-28.60177216295485],[-52.18635526008717,-28.60178421207173]]]}},{"type":"Feature","properties":{"id_grade":"200ME51820N81598","pop":4,"dom":1,"universo_dom":"domicilios_ocupados_grade_ibge_2022","na_bacia":1,"area_pct_bacia":100.0,"metodo_recorte_bacia":"ponto_representativo_grade_2022; area_pct_geometrica","status_borda_bacia":"total","metodo_area_bacia":"interseção geométrica em EPSG:5880","metodo_na_bacia":"ponto_representativo_grade_2022_within_bacia","pop_n_validos":1,"pop_n_total":1,"pop_completude":1.0,"dom_n_validos":1,"dom_n_total":1,"dom_completude":1.0},"geometry":{"type":"Polygon","coordinates":[[[-52.19232733134123,-28.59996276297107],[-52.19234016736482,-28.598105265445614],[-52.19035378350026,-28.59809325589896],[-52.19034093398687,-28.599950754323757],[-52.19232733134123,-28.59996276297107]]]}},{"type":"Feature","properties":{"id_grade":"200ME51820N81602","pop":2,"dom":1,"universo_dom":"domicilios_ocupados_grade_ibge_2022","na_bacia":1,"area_pct_bacia":100.0,"metodo_recorte_bacia":"ponto_representativo_grade_2022; area_pct_geometrica","status_borda_bacia":"total","metodo_area_bacia":"interseção geométrica em EPSG:5880","metodo_na_bacia":"ponto_representativo_grade_2022_within_bacia","pop_n_validos":1,"pop_n_total":1,"pop_completude":1.0,"dom_n_validos":1,"dom_n_total":1,"dom_completude":1.0},"geometry":{"type":"Polygon","coordinates":[[[-52.19235300248903,-28.596247785906577],[-52.192365837613295,-28.59439032615254],[-52.19037948162776,-28.594378317505292],[-52.19036663211432,-28.596235777259196],[-52.19235300248903,-28.596247785906577]]]}},{"type":"Feature","properties":{"id_grade":"200ME51820N81604","pop":6,"dom":2,"universo_dom":"domicilios_ocupados_grade_ibge_2022","na_bacia":1,"area_pct_bacia":100.0,"metodo_recorte_bacia":"ponto_representativo_grade_2022; area_pct_geometrica","status_borda_bacia":"total","metodo_area_bacia":"interseção geométrica em EPSG:5880","metodo_na_bacia":"ponto_representativo_grade_2022_within_bacia","pop_n_validos":1,"pop_n_total":1,"pop_completude":1.0,"dom_n_validos":1,"dom_n_total":1,"dom_completude":1.0},"geometry":{"type":"Polygon","coordinates":[[[-52.192365837613295,-28.59439032615254],[-52.192378671838185,-28.592532885284427],[-52.19039233024182,-28.592520876637092],[-52.19037948162776,-28.594378317505292],[-52.192365837613295,-28.59439032615254]]]}},{"type":"Feature","properties":{"id_grade":"200ME51820N81606","pop":2,"dom":1,"universo_dom":"domicilios_ocupados_grade_ibge_2022","na_bacia":1,"area_pct_bacia":100.0,"metodo_recorte_bacia":"ponto_representativo_grade_2022; area_pct_geometrica","status_borda_bacia":"total","metodo_area_bacia":"interseção geométrica em EPSG:5880","metodo_na_bacia":"ponto_representativo_grade_2022_within_bacia","pop_n_validos":1,"pop_n_total":1,"pop_completude":1.0,"dom_n_validos":1,"dom_n_total":1,"dom_completude":1.0},"geometry":{"type":"Polygon","coordinates":[[[-52.192378671838185,-28.592532885284427],[-52.19239150696245,-28.590675463301984],[-52.19040517885589,-28.590663454654692],[-52.19039233024182,-28.592520876637092],[-52.192378671838185,-28.592532885284427]]]}},{"type":"Feature","properties":{"id_grade":"200ME51822N81606","pop":4,"dom":1,"universo_dom":"domicilios_ocupados_grade_ibge_2022","na_bacia":1,"area_pct_bacia":100.0,"metodo_recorte_bacia":"ponto_representativo_grade_2022; area_pct_geometrica","status_borda_bacia":"total","metodo_area_bacia":"interseção geométrica em EPSG:5880","metodo_na_bacia":"ponto_representativo_grade_2022_within_bacia","pop_n_validos":1,"pop_n_total":1,"pop_completude":1.0,"dom_n_validos":1,"dom_n_total":1,"dom_completude":1.0},"geometry":{"type":"Polygon","coordinates":[[[-52.19039233024182,-28.592520876637092],[-52.19040517885589,-28.590663454654692],[-52.188418851648635,-28.590651433416866],[-52.1884059886454,-28.592508855399323],[-52.19039233024182,-28.592520876637092]]]}}]}
