{"type":"FeatureCollection","name":"4304952","crs":{"type":"name","properties":{"name":"urn:ogc:def:crs:OGC:1.3:CRS84"}},"features":[{"type":"Feature","properties":{"id_grade":"1KME5235N8189","pop":28,"dom":10,"universo_dom":"domicilios_ocupados_grade_ibge_2022","na_bacia":1,"area_pct_bacia":100.0,"metodo_recorte_bacia":"ponto_representativo_grade_2022; area_pct_geometrica","status_borda_bacia":"total","metodo_area_bacia":"interse??o geom?trica em EPSG:5880","metodo_na_bacia":"ponto_representativo_grade_2022_within_bacia","pop_n_validos":1,"pop_n_total":1,"pop_completude":1.0,"dom_n_validos":1,"dom_n_total":1,"dom_completude":1.0},"geometry":{"type":"Polygon","coordinates":[[[-51.66837249567475,-28.32347797013411],[-51.668455184083435,-28.314204756252682],[-51.65853417913331,-28.314127307261174],[-51.65845113890825,-28.32340051452829],[-51.66837249567475,-28.32347797013411]]]}},{"type":"Feature","properties":{"id_grade":"1KME5228N8190","pop":13,"dom":4,"universo_dom":"domicilios_ocupados_grade_ibge_2022","na_bacia":1,"area_pct_bacia":100.0,"metodo_recorte_bacia":"ponto_representativo_grade_2022; area_pct_geometrica","status_borda_bacia":"total","metodo_area_bacia":"interse??o geom?trica em EPSG:5880","metodo_na_bacia":"ponto_representativo_grade_2022_within_bacia","pop_n_validos":1,"pop_n_total":1,"pop_completude":1.0,"dom_n_validos":1,"dom_n_total":1,"dom_completude":1.0},"geometry":{"type":"Polygon","coordinates":[[[-51.73790238154453,-28.31473769231758],[-51.737982601531364,-28.305464895831854],[-51.72806190784906,-28.30538975497891],[-51.72798133606649,-28.314662545049472],[-51.73790238154453,-28.31473769231758]]]}},{"type":"Feature","properties":{"id_grade":"1KME5229N8190","pop":8,"dom":3,"universo_dom":"domicilios_ocupados_grade_ibge_2022","na_bacia":1,"area_pct_bacia":100.0,"metodo_recorte_bacia":"ponto_representativo_grade_2022; area_pct_geometrica","status_borda_bacia":"total","metodo_area_bacia":"interse??o geom?trica em EPSG:5880","metodo_na_bacia":"ponto_representativo_grade_2022_within_bacia","pop_n_validos":1,"pop_n_total":1,"pop_completude":1.0,"dom_n_validos":1,"dom_n_total":1,"dom_completude":1.0},"geometry":{"type":"Polygon","coordinates":[[[-51.72798133606649,-28.314662545049472],[-51.72806190784906,-28.30538975497891],[-51.718141219881005,-28.30531428533437],[-51.71806029630331,-28.314587068961938],[-51.72798133606649,-28.314662545049472]]]}},{"type":"Feature","properties":{"id_grade":"1KME5231N8190","pop":6,"dom":2,"universo_dom":"domicilios_ocupados_grade_ibge_2022","na_bacia":1,"area_pct_bacia":100.0,"metodo_recorte_bacia":"ponto_representativo_grade_2022; area_pct_geometrica","status_borda_bacia":"total","metodo_area_bacia":"interse??o geom?trica em EPSG:5880","metodo_na_bacia":"ponto_representativo_grade_2022_within_bacia","pop_n_validos":1,"pop_n_total":1,"pop_completude":1.0,"dom_n_validos":1,"dom_n_total":1,"dom_completude":1.0},"geometry":{"type":"Polygon","coordinates":[[[-51.70813926227993,-28.314511264055238],[-51.708220537652146,-28.305238486898848],[-51.69829986118742,-28.305162359672558],[-51.6982182340213,-28.31443513033047],[-51.70813926227993,-28.314511264055238]]]}},{"type":"Feature","properties":{"id_grade":"1KME5232N8190","pop":15,"dom":5,"universo_dom":"domicilios_ocupados_grade_ibge_2022","na_bacia":1,"area_pct_bacia":100.0,"metodo_recorte_bacia":"ponto_representativo_grade_2022; area_pct_geometrica","status_borda_bacia":"total","metodo_area_bacia":"interse??o geom?trica em EPSG:5880","metodo_na_bacia":"ponto_representativo_grade_2022_within_bacia","pop_n_validos":1,"pop_n_total":1,"pop_completude":1.0,"dom_n_validos":1,"dom_n_total":1,"dom_completude":1.0},"geometry":{"type":"Polygon","coordinates":[[[-51.6982182340213,-28.31443513033047],[-51.69829986118742,-28.305162359672558],[-51.68837919051179,-28.305085903657112],[-51.68829721155238,-28.31435866778791],[-51.6982182340213,-28.31443513033047]]]}},{"type":"Feature","properties":{"id_grade":"1KME5233N8190","pop":8,"dom":2,"universo_dom":"domicilios_ocupados_grade_ibge_2022","na_bacia":1,"area_pct_bacia":100.0,"metodo_recorte_bacia":"ponto_representativo_grade_2022; area_pct_geometrica","status_borda_bacia":"total","metodo_area_bacia":"interse??o geom?trica em EPSG:5880","metodo_na_bacia":"ponto_representativo_grade_2022_within_bacia","pop_n_validos":1,"pop_n_total":1,"pop_completude":1.0,"dom_n_validos":1,"dom_n_total":1,"dom_completude":1.0},"geometry":{"type":"Polygon","coordinates":[[[-51.68829721155238,-28.31435866778791],[-51.68837919051179,-28.305085903657112],[-51.678458525650186,-28.3050091188524],[-51.67837619489811,-28.314281876428247],[-51.68829721155238,-28.31435866778791]]]}},{"type":"Feature","properties":{"id_grade":"1KME5234N8190","pop":9,"dom":4,"universo_dom":"domicilios_ocupados_grade_ibge_2022","na_bacia":1,"area_pct_bacia":100.0,"metodo_recorte_bacia":"ponto_representativo_grade_2022; area_pct_geometrica","status_borda_bacia":"total","metodo_area_bacia":"interse??o geom?trica em EPSG:5880","metodo_na_bacia":"ponto_representativo_grade_2022_within_bacia","pop_n_validos":1,"pop_n_total":1,"pop_completude":1.0,"dom_n_validos":1,"dom_n_total":1,"dom_completude":1.0},"geometry":{"type":"Polygon","coordinates":[[[-51.67837619489811,-28.314281876428247],[-51.678458525650186,-28.3050091188524],[-51.668537866627574,-28.304932005259847],[-51.668455184083435,-28.314204756252682],[-51.67837619489811,-28.314281876428247]]]}},{"type":"Feature","properties":{"id_grade":"1KME5235N8190","pop":12,"dom":3,"universo_dom":"domicilios_ocupados_grade_ibge_2022","na_bacia":1,"area_pct_bacia":100.0,"metodo_recorte_bacia":"ponto_representativo_grade_2022; area_pct_geometrica","status_borda_bacia":"total","metodo_area_bacia":"interse??o geom?trica em EPSG:5880","metodo_na_bacia":"ponto_representativo_grade_2022_within_bacia","pop_n_validos":1,"pop_n_total":1,"pop_completude":1.0,"dom_n_validos":1,"dom_n_total":1,"dom_completude":1.0},"geometry":{"type":"Polygon","coordinates":[[[-51.668455184083435,-28.314204756252682],[-51.668537866627574,-28.304932005259847],[-51.65861721346888,-28.3048545628794],[-51.65853417913331,-28.314127307261174],[-51.668455184083435,-28.314204756252682]]]}},{"type":"Feature","properties":{"id_grade":"1KME5228N8191","pop":13,"dom":5,"universo_dom":"domicilios_ocupados_grade_ibge_2022","na_bacia":1,"area_pct_bacia":100.0,"metodo_recorte_bacia":"ponto_representativo_grade_2022; area_pct_geometrica","status_borda_bacia":"total","metodo_area_bacia":"interse??o geom?trica em EPSG:5880","metodo_na_bacia":"ponto_representativo_grade_2022_within_bacia","pop_n_validos":1,"pop_n_total":1,"pop_completude":1.0,"dom_n_validos":1,"dom_n_total":1,"dom_completude":1.0},"geometry":{"type":"Polygon","coordinates":[[[-51.737982601531364,-28.305464895831854],[-51.73806281582888,-28.29619256189871],[-51.72814247391737,-28.2961174274575],[-51.72806190784906,-28.30538975497891],[-51.737982601531364,-28.305464895831854]]]}},{"type":"Feature","properties":{"id_grade":"1KME5229N8191","pop":8,"dom":2,"universo_dom":"domicilios_ocupados_grade_ibge_2022","na_bacia":1,"area_pct_bacia":100.0,"metodo_recorte_bacia":"ponto_representativo_grade_2022; area_pct_geometrica","status_borda_bacia":"total","metodo_area_bacia":"interse??o geom?trica em EPSG:5880","metodo_na_bacia":"ponto_representativo_grade_2022_within_bacia","pop_n_validos":1,"pop_n_total":1,"pop_completude":1.0,"dom_n_validos":1,"dom_n_total":1,"dom_completude":1.0},"geometry":{"type":"Polygon","coordinates":[[[-51.72806190784906,-28.30538975497891],[-51.72814247391737,-28.2961174274575],[-51.71822213771951,-28.296041964251977],[-51.718141219881005,-28.30531428533437],[-51.72806190784906,-28.30538975497891]]]}},{"type":"Feature","properties":{"id_grade":"1KME5230N8191","pop":4,"dom":3,"universo_dom":"domicilios_ocupados_grade_ibge_2022","na_bacia":1,"area_pct_bacia":100.0,"metodo_recorte_bacia":"ponto_representativo_grade_2022; area_pct_geometrica","status_borda_bacia":"total","metodo_area_bacia":"interse??o geom?trica em EPSG:5880","metodo_na_bacia":"ponto_representativo_grade_2022_within_bacia","pop_n_validos":1,"pop_n_total":1,"pop_completude":1.0,"dom_n_validos":1,"dom_n_total":1,"dom_completude":1.0},"geometry":{"type":"Polygon","coordinates":[[[-51.718141219881005,-28.30531428533437],[-51.71822213771951,-28.296041964251977],[-51.70830180726022,-28.29596617228393],[-51.708220537652146,-28.305238486898848],[-51.718141219881005,-28.30531428533437]]]}},{"type":"Feature","properties":{"id_grade":"1KME5233N8191","pop":3,"dom":1,"universo_dom":"domicilios_ocupados_grade_ibge_2022","na_bacia":1,"area_pct_bacia":61.4957,"metodo_recorte_bacia":"ponto_representativo_grade_2022; area_pct_geometrica","status_borda_bacia":"parcial","metodo_area_bacia":"interse??o geom?trica em EPSG:5880","metodo_na_bacia":"ponto_representativo_grade_2022_within_bacia","pop_n_validos":1,"pop_n_total":1,"pop_completude":1.0,"dom_n_validos":1,"dom_n_total":1,"dom_completude":1.0},"geometry":{"type":"Polygon","coordinates":[[[-51.68837919051179,-28.305085903657112],[-51.68846116365717,-28.295813602061433],[-51.6785408505633,-28.29573682380853],[-51.678458525650186,-28.3050091188524],[-51.68837919051179,-28.305085903657112]]]}},{"type":"Feature","properties":{"id_grade":"1KME5234N8191","pop":53,"dom":17,"universo_dom":"domicilios_ocupados_grade_ibge_2022","na_bacia":1,"area_pct_bacia":81.5509,"metodo_recorte_bacia":"ponto_representativo_grade_2022; area_pct_geometrica","status_borda_bacia":"parcial","metodo_area_bacia":"interse??o geom?trica em EPSG:5880","metodo_na_bacia":"ponto_representativo_grade_2022_within_bacia","pop_n_validos":1,"pop_n_total":1,"pop_completude":1.0,"dom_n_validos":1,"dom_n_total":1,"dom_completude":1.0},"geometry":{"type":"Polygon","coordinates":[[[-51.678458525650186,-28.3050091188524],[-51.6785408505633,-28.29573682380853],[-51.66862054330779,-28.295659716795214],[-51.668537866627574,-28.304932005259847],[-51.678458525650186,-28.3050091188524]]]}},{"type":"Feature","properties":{"id_grade":"1KME5235N8191","pop":36,"dom":12,"universo_dom":"domicilios_ocupados_grade_ibge_2022","na_bacia":1,"area_pct_bacia":61.9162,"metodo_recorte_bacia":"ponto_representativo_grade_2022; area_pct_geometrica","status_borda_bacia":"parcial","metodo_area_bacia":"interse??o geom?trica em EPSG:5880","metodo_na_bacia":"ponto_representativo_grade_2022_within_bacia","pop_n_validos":1,"pop_n_total":1,"pop_completude":1.0,"dom_n_validos":1,"dom_n_total":1,"dom_completude":1.0},"geometry":{"type":"Polygon","coordinates":[[[-51.668537866627574,-28.304932005259847],[-51.66862054330779,-28.295659716795214],[-51.658700241915575,-28.29558228102257],[-51.65861721346888,-28.3048545628794],[-51.668537866627574,-28.304932005259847]]]}},{"type":"Feature","properties":{"id_grade":"1KME5236N8191","pop":9,"dom":3,"universo_dom":"domicilios_ocupados_grade_ibge_2022","na_bacia":0,"area_pct_bacia":6.809,"metodo_recorte_bacia":"ponto_representativo_grade_2022; area_pct_geometrica","status_borda_bacia":"parcial","metodo_area_bacia":"interse??o geom?trica em EPSG:5880","metodo_na_bacia":"ponto_representativo_grade_2022_within_bacia","pop_n_validos":1,"pop_n_total":1,"pop_completude":1.0,"dom_n_validos":1,"dom_n_total":1,"dom_completude":1.0},"geometry":{"type":"Polygon","coordinates":[[[-51.65861721346888,-28.3048545628794],[-51.658700241915575,-28.29558228102257],[-51.64877994641161,-28.295504516491267],[-51.64869656619906,-28.30477679171257],[-51.65861721346888,-28.3048545628794]]]}},{"type":"Feature","properties":{"id_grade":"1KME5221N8192","pop":3,"dom":1,"universo_dom":"domicilios_ocupados_grade_ibge_2022","na_bacia":1,"area_pct_bacia":48.8454,"metodo_recorte_bacia":"ponto_representativo_grade_2022; area_pct_geometrica","status_borda_bacia":"parcial","metodo_area_bacia":"interse??o geom?trica em EPSG:5880","metodo_na_bacia":"ponto_representativo_grade_2022_within_bacia","pop_n_validos":1,"pop_n_total":1,"pop_completude":1.0,"dom_n_validos":1,"dom_n_total":1,"dom_completude":1.0},"geometry":{"type":"Polygon","coordinates":[[[-51.8075053670961,-28.296709297550223],[-51.807583113467196,-28.2874373817371],[-51.79766308400867,-28.287364554871836],[-51.79758498588754,-28.296636464473462],[-51.8075053670961,-28.296709297550223]]]}},{"type":"Feature","properties":{"id_grade":"1KME5222N8192","pop":3,"dom":1,"universo_dom":"domicilios_ocupados_grade_ibge_2022","na_bacia":1,"area_pct_bacia":64.5434,"metodo_recorte_bacia":"ponto_representativo_grade_2022; area_pct_geometrica","status_borda_bacia":"parcial","metodo_area_bacia":"interse??o geom?trica em EPSG:5880","metodo_na_bacia":"ponto_representativo_grade_2022_within_bacia","pop_n_validos":1,"pop_n_total":1,"pop_completude":1.0,"dom_n_validos":1,"dom_n_total":1,"dom_completude":1.0},"geometry":{"type":"Polygon","coordinates":[[[-51.79758498588754,-28.296636464473462],[-51.79766308400867,-28.287364554871836],[-51.78774306008857,-28.287291399266437],[-51.78766461021801,-28.296563302628062],[-51.79758498588754,-28.296636464473462]]]}},{"type":"Feature","properties":{"id_grade":"1KME5223N8192","pop":9,"dom":4,"universo_dom":"domicilios_ocupados_grade_ibge_2022","na_bacia":1,"area_pct_bacia":97.217,"metodo_recorte_bacia":"ponto_representativo_grade_2022; area_pct_geometrica","status_borda_bacia":"parcial","metodo_area_bacia":"interse??o geom?trica em EPSG:5880","metodo_na_bacia":"ponto_representativo_grade_2022_within_bacia","pop_n_validos":1,"pop_n_total":1,"pop_completude":1.0,"dom_n_validos":1,"dom_n_total":1,"dom_completude":1.0},"geometry":{"type":"Polygon","coordinates":[[[-51.78766461021801,-28.296563302628062],[-51.78774306008857,-28.287291399266437],[-51.77782304173187,-28.28721791492157],[-51.77774424011246,-28.29648981201495],[-51.78766461021801,-28.296563302628062]]]}},{"type":"Feature","properties":{"id_grade":"1KME5224N8192","pop":10,"dom":4,"universo_dom":"domicilios_ocupados_grade_ibge_2022","na_bacia":1,"area_pct_bacia":100.0,"metodo_recorte_bacia":"ponto_representativo_grade_2022; area_pct_geometrica","status_borda_bacia":"total","metodo_area_bacia":"interse??o geom?trica em EPSG:5880","metodo_na_bacia":"ponto_representativo_grade_2022_within_bacia","pop_n_validos":1,"pop_n_total":1,"pop_completude":1.0,"dom_n_validos":1,"dom_n_total":1,"dom_completude":1.0},"geometry":{"type":"Polygon","coordinates":[[[-51.77774424011246,-28.29648981201495],[-51.77782304173187,-28.28721791492157],[-51.767903028963495,-28.287144101837203],[-51.76782387559582,-28.296415992634806],[-51.77774424011246,-28.29648981201495]]]}},{"type":"Feature","properties":{"id_grade":"1KME5229N8192","pop":24,"dom":11,"universo_dom":"domicilios_ocupados_grade_ibge_2022","na_bacia":1,"area_pct_bacia":76.344,"metodo_recorte_bacia":"ponto_representativo_grade_2022; area_pct_geometrica","status_borda_bacia":"parcial","metodo_area_bacia":"interse??o geom?trica em EPSG:5880","metodo_na_bacia":"ponto_representativo_grade_2022_within_bacia","pop_n_validos":1,"pop_n_total":1,"pop_completude":1.0,"dom_n_validos":1,"dom_n_total":1,"dom_completude":1.0},"geometry":{"type":"Polygon","coordinates":[[[-51.72814247391737,-28.2961174274575],[-51.728223034272055,-28.28684556212397],[-51.718303049819426,-28.28677010535487],[-51.71822213771951,-28.296041964251977],[-51.72814247391737,-28.2961174274575]]]}},{"type":"Feature","properties":{"id_grade":"1KME5230N8192","pop":2,"dom":1,"universo_dom":"domicilios_ocupados_grade_ibge_2022","na_bacia":0,"area_pct_bacia":37.1891,"metodo_recorte_bacia":"ponto_representativo_grade_2022; area_pct_geometrica","status_borda_bacia":"parcial","metodo_area_bacia":"interse??o geom?trica em EPSG:5880","metodo_na_bacia":"ponto_representativo_grade_2022_within_bacia","pop_n_validos":1,"pop_n_total":1,"pop_completude":1.0,"dom_n_validos":1,"dom_n_total":1,"dom_completude":1.0},"geometry":{"type":"Polygon","coordinates":[[[-51.71822213771951,-28.296041964251977],[-51.718303049819426,-28.28677010535487],[-51.70838307110477,-28.286694319850735],[-51.70830180726022,-28.29596617228393],[-51.71822213771951,-28.296041964251977]]]}},{"type":"Feature","properties":{"id_grade":"1KME5231N8192","pop":11,"dom":4,"universo_dom":"domicilios_ocupados_grade_ibge_2022","na_bacia":1,"area_pct_bacia":56.787,"metodo_recorte_bacia":"ponto_representativo_grade_2022; area_pct_geometrica","status_borda_bacia":"parcial","metodo_area_bacia":"interse??o geom?trica em EPSG:5880","metodo_na_bacia":"ponto_representativo_grade_2022_within_bacia","pop_n_validos":1,"pop_n_total":1,"pop_completude":1.0,"dom_n_validos":1,"dom_n_total":1,"dom_completude":1.0},"geometry":{"type":"Polygon","coordinates":[[[-51.70830180726022,-28.29596617228393],[-51.70838307110477,-28.286694319850735],[-51.69846309815303,-28.286618205612257],[-51.698381482564464,-28.295890051553652],[-51.70830180726022,-28.29596617228393]]]}},{"type":"Feature","properties":{"id_grade":"1KME5232N8192","pop":19,"dom":7,"universo_dom":"domicilios_ocupados_grade_ibge_2022","na_bacia":0,"area_pct_bacia":7.1792,"metodo_recorte_bacia":"ponto_representativo_grade_2022; area_pct_geometrica","status_borda_bacia":"parcial","metodo_area_bacia":"interse??o geom?trica em EPSG:5880","metodo_na_bacia":"ponto_representativo_grade_2022_within_bacia","pop_n_validos":1,"pop_n_total":1,"pop_completude":1.0,"dom_n_validos":1,"dom_n_total":1,"dom_completude":1.0},"geometry":{"type":"Polygon","coordinates":[[[-51.698381482564464,-28.295890051553652],[-51.69846309815303,-28.286618205612257],[-51.68854313098914,-28.28654176264045],[-51.68846116365717,-28.295813602061433],[-51.698381482564464,-28.295890051553652]]]}},{"type":"Feature","properties":{"id_grade":"1KME5233N8192","pop":23,"dom":7,"universo_dom":"domicilios_ocupados_grade_ibge_2022","na_bacia":0,"area_pct_bacia":0.0,"metodo_recorte_bacia":"ponto_representativo_grade_2022; area_pct_geometrica","status_borda_bacia":"total","metodo_area_bacia":"interse??o geom?trica em EPSG:5880","metodo_na_bacia":"ponto_representativo_grade_2022_within_bacia","pop_n_validos":1,"pop_n_total":1,"pop_completude":1.0,"dom_n_validos":1,"dom_n_total":1,"dom_completude":1.0},"geometry":{"type":"Polygon","coordinates":[[[-51.68846116365717,-28.295813602061433],[-51.68854313098914,-28.28654176264045],[-51.67862316963805,-28.28646499093563],[-51.6785408505633,-28.29573682380853],[-51.68846116365717,-28.295813602061433]]]}},{"type":"Feature","properties":{"id_grade":"1KME5234N8192","pop":13,"dom":6,"universo_dom":"domicilios_ocupados_grade_ibge_2022","na_bacia":0,"area_pct_bacia":0.0,"metodo_recorte_bacia":"ponto_representativo_grade_2022; area_pct_geometrica","status_borda_bacia":"total","metodo_area_bacia":"interse??o geom?trica em EPSG:5880","metodo_na_bacia":"ponto_representativo_grade_2022_within_bacia","pop_n_validos":1,"pop_n_total":1,"pop_completude":1.0,"dom_n_validos":1,"dom_n_total":1,"dom_completude":1.0},"geometry":{"type":"Polygon","coordinates":[[[-51.6785408505633,-28.29573682380853],[-51.67862316963805,-28.28646499093563],[-51.6687032141247,-28.2863878904986],[-51.66862054330779,-28.295659716795214],[-51.6785408505633,-28.29573682380853]]]}},{"type":"Feature","properties":{"id_grade":"1KME5235N8192","pop":25,"dom":6,"universo_dom":"domicilios_ocupados_grade_ibge_2022","na_bacia":0,"area_pct_bacia":0.0,"metodo_recorte_bacia":"ponto_representativo_grade_2022; area_pct_geometrica","status_borda_bacia":"total","metodo_area_bacia":"interse??o geom?trica em EPSG:5880","metodo_na_bacia":"ponto_representativo_grade_2022_within_bacia","pop_n_validos":1,"pop_n_total":1,"pop_completude":1.0,"dom_n_validos":1,"dom_n_total":1,"dom_completude":1.0},"geometry":{"type":"Polygon","coordinates":[[[-51.66862054330779,-28.295659716795214],[-51.6687032141247,-28.2863878904986],[-51.65878326447402,-28.286310461330054],[-51.658700241915575,-28.29558228102257],[-51.66862054330779,-28.295659716795214]]]}},{"type":"Feature","properties":{"id_grade":"1KME5236N8192","pop":8,"dom":4,"universo_dom":"domicilios_ocupados_grade_ibge_2022","na_bacia":0,"area_pct_bacia":0.0,"metodo_recorte_bacia":"ponto_representativo_grade_2022; area_pct_geometrica","status_borda_bacia":"total","metodo_area_bacia":"interse??o geom?trica em EPSG:5880","metodo_na_bacia":"ponto_representativo_grade_2022_within_bacia","pop_n_validos":1,"pop_n_total":1,"pop_completude":1.0,"dom_n_validos":1,"dom_n_total":1,"dom_completude":1.0},"geometry":{"type":"Polygon","coordinates":[[[-51.658700241915575,-28.29558228102257],[-51.65878326447402,-28.286310461330054],[-51.648863320710966,-28.286232703430823],[-51.64877994641161,-28.295504516491267],[-51.658700241915575,-28.29558228102257]]]}},{"type":"Feature","properties":{"id_grade":"1KME5221N8193","pop":4,"dom":1,"universo_dom":"domicilios_ocupados_grade_ibge_2022","na_bacia":0,"area_pct_bacia":0.0,"metodo_recorte_bacia":"ponto_representativo_grade_2022; area_pct_geometrica","status_borda_bacia":"total","metodo_area_bacia":"interse??o geom?trica em EPSG:5880","metodo_na_bacia":"ponto_representativo_grade_2022_within_bacia","pop_n_validos":1,"pop_n_total":1,"pop_completude":1.0,"dom_n_validos":1,"dom_n_total":1,"dom_completude":1.0},"geometry":{"type":"Polygon","coordinates":[[[-51.807583113467196,-28.2874373817371],[-51.807660854324794,-28.27816592777831],[-51.79774117659135,-28.27809310712184],[-51.79766308400867,-28.287364554871836],[-51.807583113467196,-28.2874373817371]]]}},{"type":"Feature","properties":{"id_grade":"1KME5227N8193","pop":12,"dom":5,"universo_dom":"domicilios_ocupados_grade_ibge_2022","na_bacia":1,"area_pct_bacia":100.0,"metodo_recorte_bacia":"ponto_representativo_grade_2022; area_pct_geometrica","status_borda_bacia":"total","metodo_area_bacia":"interse??o geom?trica em EPSG:5880","metodo_na_bacia":"ponto_representativo_grade_2022_within_bacia","pop_n_validos":1,"pop_n_total":1,"pop_completude":1.0,"dom_n_validos":1,"dom_n_total":1,"dom_completude":1.0},"geometry":{"type":"Polygon","coordinates":[[[-51.748063020291475,-28.286995489454643],[-51.7481428714907,-28.277724073167906],[-51.73822322735846,-28.277649280247367],[-51.73814302443772,-28.28692069015744],[-51.748063020291475,-28.286995489454643]]]}},{"type":"Feature","properties":{"id_grade":"1KME5228N8193","pop":4,"dom":2,"universo_dom":"domicilios_ocupados_grade_ibge_2022","na_bacia":1,"area_pct_bacia":93.7861,"metodo_recorte_bacia":"ponto_representativo_grade_2022; area_pct_geometrica","status_borda_bacia":"parcial","metodo_area_bacia":"interse??o geom?trica em EPSG:5880","metodo_na_bacia":"ponto_representativo_grade_2022_within_bacia","pop_n_validos":1,"pop_n_total":1,"pop_completude":1.0,"dom_n_validos":1,"dom_n_total":1,"dom_completude":1.0},"geometry":{"type":"Polygon","coordinates":[[[-51.73814302443772,-28.28692069015744],[-51.73822322735846,-28.277649280247367],[-51.72830358891371,-28.277574158618457],[-51.728223034272055,-28.28684556212397],[-51.73814302443772,-28.28692069015744]]]}},{"type":"Feature","properties":{"id_grade":"1KME5229N8193","pop":16,"dom":6,"universo_dom":"domicilios_ocupados_grade_ibge_2022","na_bacia":0,"area_pct_bacia":9.3272,"metodo_recorte_bacia":"ponto_representativo_grade_2022; area_pct_geometrica","status_borda_bacia":"parcial","metodo_area_bacia":"interse??o geom?trica em EPSG:5880","metodo_na_bacia":"ponto_representativo_grade_2022_within_bacia","pop_n_validos":1,"pop_n_total":1,"pop_completude":1.0,"dom_n_validos":1,"dom_n_total":1,"dom_completude":1.0},"geometry":{"type":"Polygon","coordinates":[[[-51.728223034272055,-28.28684556212397],[-51.72830358891371,-28.277574158618457],[-51.71838395618137,-28.277498708282256],[-51.718303049819426,-28.28677010535487],[-51.728223034272055,-28.28684556212397]]]}},{"type":"Feature","properties":{"id_grade":"1KME5230N8193","pop":15,"dom":7,"universo_dom":"domicilios_ocupados_grade_ibge_2022","na_bacia":0,"area_pct_bacia":0.0,"metodo_recorte_bacia":"ponto_representativo_grade_2022; area_pct_geometrica","status_borda_bacia":"total","metodo_area_bacia":"interse??o geom?trica em EPSG:5880","metodo_na_bacia":"ponto_representativo_grade_2022_within_bacia","pop_n_validos":1,"pop_n_total":1,"pop_completude":1.0,"dom_n_validos":1,"dom_n_total":1,"dom_completude":1.0},"geometry":{"type":"Polygon","coordinates":[[[-51.718303049819426,-28.28677010535487],[-51.71838395618137,-28.277498708282256],[-51.7084643291864,-28.277422929238806],[-51.70838307110477,-28.286694319850735],[-51.718303049819426,-28.28677010535487]]]}},{"type":"Feature","properties":{"id_grade":"1KME5231N8193","pop":24,"dom":8,"universo_dom":"domicilios_ocupados_grade_ibge_2022","na_bacia":0,"area_pct_bacia":0.0,"metodo_recorte_bacia":"ponto_representativo_grade_2022; area_pct_geometrica","status_borda_bacia":"total","metodo_area_bacia":"interse??o geom?trica em EPSG:5880","metodo_na_bacia":"ponto_representativo_grade_2022_within_bacia","pop_n_validos":1,"pop_n_total":1,"pop_completude":1.0,"dom_n_validos":1,"dom_n_total":1,"dom_completude":1.0},"geometry":{"type":"Polygon","coordinates":[[[-51.70838307110477,-28.286694319850735],[-51.7084643291864,-28.277422929238806],[-51.69854470795374,-28.277346821489076],[-51.69846309815303,-28.286618205612257],[-51.70838307110477,-28.286694319850735]]]}},{"type":"Feature","properties":{"id_grade":"1KME5232N8193","pop":54,"dom":17,"universo_dom":"domicilios_ocupados_grade_ibge_2022","na_bacia":0,"area_pct_bacia":0.0,"metodo_recorte_bacia":"ponto_representativo_grade_2022; area_pct_geometrica","status_borda_bacia":"total","metodo_area_bacia":"interse??o geom?trica em EPSG:5880","metodo_na_bacia":"ponto_representativo_grade_2022_within_bacia","pop_n_validos":1,"pop_n_total":1,"pop_completude":1.0,"dom_n_validos":1,"dom_n_total":1,"dom_completude":1.0},"geometry":{"type":"Polygon","coordinates":[[[-51.69846309815303,-28.286618205612257],[-51.69854470795374,-28.277346821489076],[-51.68862509250831,-28.277270385033773],[-51.68854313098914,-28.28654176264045],[-51.69846309815303,-28.286618205612257]]]}},{"type":"Feature","properties":{"id_grade":"1KME5233N8193","pop":10,"dom":3,"universo_dom":"domicilios_ocupados_grade_ibge_2022","na_bacia":0,"area_pct_bacia":0.0,"metodo_recorte_bacia":"ponto_representativo_grade_2022; area_pct_geometrica","status_borda_bacia":"total","metodo_area_bacia":"interse??o geom?trica em EPSG:5880","metodo_na_bacia":"ponto_representativo_grade_2022_within_bacia","pop_n_validos":1,"pop_n_total":1,"pop_completude":1.0,"dom_n_validos":1,"dom_n_total":1,"dom_completude":1.0},"geometry":{"type":"Polygon","coordinates":[[[-51.68854313098914,-28.28654176264045],[-51.68862509250831,-28.277270385033773],[-51.67870548287506,-28.277193619873813],[-51.67862316963805,-28.28646499093563],[-51.68854313098914,-28.28654176264045]]]}},{"type":"Feature","properties":{"id_grade":"1KME5234N8193","pop":20,"dom":8,"universo_dom":"domicilios_ocupados_grade_ibge_2022","na_bacia":0,"area_pct_bacia":0.0,"metodo_recorte_bacia":"ponto_representativo_grade_2022; area_pct_geometrica","status_borda_bacia":"total","metodo_area_bacia":"interse??o geom?trica em EPSG:5880","metodo_na_bacia":"ponto_representativo_grade_2022_within_bacia","pop_n_validos":1,"pop_n_total":1,"pop_completude":1.0,"dom_n_validos":1,"dom_n_total":1,"dom_completude":1.0},"geometry":{"type":"Polygon","coordinates":[[[-51.67862316963805,-28.28646499093563],[-51.67870548287506,-28.277193619873813],[-51.66878587907893,-28.27711652600928],[-51.6687032141247,-28.2863878904986],[-51.67862316963805,-28.28646499093563]]]}},{"type":"Feature","properties":{"id_grade":"1KME5235N8193","pop":20,"dom":6,"universo_dom":"domicilios_ocupados_grade_ibge_2022","na_bacia":0,"area_pct_bacia":0.0,"metodo_recorte_bacia":"ponto_representativo_grade_2022; area_pct_geometrica","status_borda_bacia":"total","metodo_area_bacia":"interse??o geom?trica em EPSG:5880","metodo_na_bacia":"ponto_representativo_grade_2022_within_bacia","pop_n_validos":1,"pop_n_total":1,"pop_completude":1.0,"dom_n_validos":1,"dom_n_total":1,"dom_completude":1.0},"geometry":{"type":"Polygon","coordinates":[[[-51.6687032141247,-28.2863878904986],[-51.66878587907893,-28.27711652600928],[-51.65886628114485,-28.277039103441496],[-51.65878326447402,-28.286310461330054],[-51.6687032141247,-28.2863878904986]]]}},{"type":"Feature","properties":{"id_grade":"1KME5236N8193","pop":4,"dom":1,"universo_dom":"domicilios_ocupados_grade_ibge_2022","na_bacia":0,"area_pct_bacia":0.0,"metodo_recorte_bacia":"ponto_representativo_grade_2022; area_pct_geometrica","status_borda_bacia":"total","metodo_area_bacia":"interse??o geom?trica em EPSG:5880","metodo_na_bacia":"ponto_representativo_grade_2022_within_bacia","pop_n_validos":1,"pop_n_total":1,"pop_completude":1.0,"dom_n_validos":1,"dom_n_total":1,"dom_completude":1.0},"geometry":{"type":"Polygon","coordinates":[[[-51.65878326447402,-28.286310461330054],[-51.65886628114485,-28.277039103441496],[-51.64894668909777,-28.276961352170897],[-51.648863320710966,-28.286232703430823],[-51.65878326447402,-28.286310461330054]]]}},{"type":"Feature","properties":{"id_grade":"1KME5237N8193","pop":4,"dom":1,"universo_dom":"domicilios_ocupados_grade_ibge_2022","na_bacia":0,"area_pct_bacia":0.0,"metodo_recorte_bacia":"ponto_representativo_grade_2022; area_pct_geometrica","status_borda_bacia":"total","metodo_area_bacia":"interse??o geom?trica em EPSG:5880","metodo_na_bacia":"ponto_representativo_grade_2022_within_bacia","pop_n_validos":1,"pop_n_total":1,"pop_completude":1.0,"dom_n_validos":1,"dom_n_total":1,"dom_completude":1.0},"geometry":{"type":"Polygon","coordinates":[[[-51.648863320710966,-28.286232703430823],[-51.64894668909777,-28.276961352170897],[-51.63902710296261,-28.27688327219817],[-51.63894338286047,-28.28615461680138],[-51.648863320710966,-28.286232703430823]]]}},{"type":"Feature","properties":{"id_grade":"1KME5227N8194","pop":7,"dom":3,"universo_dom":"domicilios_ocupados_grade_ibge_2022","na_bacia":0,"area_pct_bacia":23.5333,"metodo_recorte_bacia":"ponto_representativo_grade_2022; area_pct_geometrica","status_borda_bacia":"parcial","metodo_area_bacia":"interse??o geom?trica em EPSG:5880","metodo_na_bacia":"ponto_representativo_grade_2022_within_bacia","pop_n_validos":1,"pop_n_total":1,"pop_completude":1.0,"dom_n_validos":1,"dom_n_total":1,"dom_completude":1.0},"geometry":{"type":"Polygon","coordinates":[[[-51.7481428714907,-28.277724073167906],[-51.74822271702738,-28.26845311835567],[-51.73830342459171,-28.2683783318086],[-51.73822322735846,-28.277649280247367],[-51.7481428714907,-28.277724073167906]]]}},{"type":"Feature","properties":{"id_grade":"1KME5228N8194","pop":9,"dom":4,"universo_dom":"domicilios_ocupados_grade_ibge_2022","na_bacia":0,"area_pct_bacia":7.2623,"metodo_recorte_bacia":"ponto_representativo_grade_2022; area_pct_geometrica","status_borda_bacia":"parcial","metodo_area_bacia":"interse??o geom?trica em EPSG:5880","metodo_na_bacia":"ponto_representativo_grade_2022_within_bacia","pop_n_validos":1,"pop_n_total":1,"pop_completude":1.0,"dom_n_validos":1,"dom_n_total":1,"dom_completude":1.0},"geometry":{"type":"Polygon","coordinates":[[[-51.73822322735846,-28.277649280247367],[-51.73830342459171,-28.2683783318086],[-51.72838413784292,-28.268303216581028],[-51.72830358891371,-28.277574158618457],[-51.73822322735846,-28.277649280247367]]]}},{"type":"Feature","properties":{"id_grade":"1KME5230N8194","pop":28,"dom":13,"universo_dom":"domicilios_ocupados_grade_ibge_2022","na_bacia":0,"area_pct_bacia":0.0,"metodo_recorte_bacia":"ponto_representativo_grade_2022; area_pct_geometrica","status_borda_bacia":"total","metodo_area_bacia":"interse??o geom?trica em EPSG:5880","metodo_na_bacia":"ponto_representativo_grade_2022_within_bacia","pop_n_validos":1,"pop_n_total":1,"pop_completude":1.0,"dom_n_validos":1,"dom_n_total":1,"dom_completude":1.0},"geometry":{"type":"Polygon","coordinates":[[[-51.71838395618137,-28.277498708282256],[-51.71846485680595,-28.268227772674077],[-51.70854558150573,-28.268152000087763],[-51.7084643291864,-28.277422929238806],[-51.71838395618137,-28.277498708282256]]]}},{"type":"Feature","properties":{"id_grade":"1KME5231N8194","pop":47,"dom":17,"universo_dom":"domicilios_ocupados_grade_ibge_2022","na_bacia":0,"area_pct_bacia":0.0,"metodo_recorte_bacia":"ponto_representativo_grade_2022; area_pct_geometrica","status_borda_bacia":"total","metodo_area_bacia":"interse??o geom?trica em EPSG:5880","metodo_na_bacia":"ponto_representativo_grade_2022_within_bacia","pop_n_validos":1,"pop_n_total":1,"pop_completude":1.0,"dom_n_validos":1,"dom_n_total":1,"dom_completude":1.0},"geometry":{"type":"Polygon","coordinates":[[[-51.7084643291864,-28.277422929238806],[-51.70854558150573,-28.268152000087763],[-51.69862631196721,-28.268075898823444],[-51.69854470795374,-28.277346821489076],[-51.7084643291864,-28.277422929238806]]]}},{"type":"Feature","properties":{"id_grade":"1KME5235N8194","pop":2,"dom":1,"universo_dom":"domicilios_ocupados_grade_ibge_2022","na_bacia":0,"area_pct_bacia":0.0,"metodo_recorte_bacia":"ponto_representativo_grade_2022; area_pct_geometrica","status_borda_bacia":"total","metodo_area_bacia":"interse??o geom?trica em EPSG:5880","metodo_na_bacia":"ponto_representativo_grade_2022_within_bacia","pop_n_validos":1,"pop_n_total":1,"pop_completude":1.0,"dom_n_validos":1,"dom_n_total":1,"dom_completude":1.0},"geometry":{"type":"Polygon","coordinates":[[[-51.66878587907893,-28.27711652600928],[-51.668868538171104,-28.26784562296753],[-51.65894929192869,-28.26776820699672],[-51.65886628114485,-28.277039103441496],[-51.66878587907893,-28.27711652600928]]]}},{"type":"Feature","properties":{"id_grade":"1KME5237N8194","pop":5,"dom":2,"universo_dom":"domicilios_ocupados_grade_ibge_2022","na_bacia":0,"area_pct_bacia":0.0,"metodo_recorte_bacia":"ponto_representativo_grade_2022; area_pct_geometrica","status_borda_bacia":"total","metodo_area_bacia":"interse??o geom?trica em EPSG:5880","metodo_na_bacia":"ponto_representativo_grade_2022_within_bacia","pop_n_validos":1,"pop_n_total":1,"pop_completude":1.0,"dom_n_validos":1,"dom_n_total":1,"dom_completude":1.0},"geometry":{"type":"Polygon","coordinates":[[[-51.64894668909777,-28.276961352170897],[-51.64903005157264,-28.267690462351315],[-51.639110817127886,-28.267612389031754],[-51.63902710296261,-28.27688327219817],[-51.64894668909777,-28.276961352170897]]]}},{"type":"Feature","properties":{"id_grade":"1KME5238N8194","pop":19,"dom":8,"universo_dom":"domicilios_ocupados_grade_ibge_2022","na_bacia":0,"area_pct_bacia":0.0,"metodo_recorte_bacia":"ponto_representativo_grade_2022; area_pct_geometrica","status_borda_bacia":"total","metodo_area_bacia":"interse??o geom?trica em EPSG:5880","metodo_na_bacia":"ponto_representativo_grade_2022_within_bacia","pop_n_validos":1,"pop_n_total":1,"pop_completude":1.0,"dom_n_validos":1,"dom_n_total":1,"dom_completude":1.0},"geometry":{"type":"Polygon","coordinates":[[[-51.63902710296261,-28.27688327219817],[-51.639110817127886,-28.267612389031754],[-51.62919158861937,-28.267533987038814],[-51.629107522764315,-28.2768048635241],[-51.63902710296261,-28.27688327219817]]]}},{"type":"Feature","properties":{"id_grade":"1KME5224N8195","pop":1,"dom":1,"universo_dom":"domicilios_ocupados_grade_ibge_2022","na_bacia":0,"area_pct_bacia":5.3489,"metodo_recorte_bacia":"ponto_representativo_grade_2022; area_pct_geometrica","status_borda_bacia":"parcial","metodo_area_bacia":"interse??o geom?trica em EPSG:5880","metodo_na_bacia":"ponto_representativo_grade_2022_within_bacia","pop_n_validos":1,"pop_n_total":1,"pop_completude":1.0,"dom_n_validos":1,"dom_n_total":1,"dom_completude":1.0},"geometry":{"type":"Polygon","coordinates":[[[-51.777980628206315,-28.268675505908433],[-51.778059413062536,-28.259404993268827],[-51.76814045538928,-28.259331199052642],[-51.768061318859615,-28.268601705406436],[-51.777980628206315,-28.268675505908433]]]}},{"type":"Feature","properties":{"id_grade":"1KME5226N8195","pop":1,"dom":1,"universo_dom":"domicilios_ocupados_grade_ibge_2022","na_bacia":0,"area_pct_bacia":10.2604,"metodo_recorte_bacia":"ponto_representativo_grade_2022; area_pct_geometrica","status_borda_bacia":"parcial","metodo_area_bacia":"interse??o geom?trica em EPSG:5880","metodo_na_bacia":"ponto_representativo_grade_2022_within_bacia","pop_n_validos":1,"pop_n_total":1,"pop_completude":1.0,"dom_n_validos":1,"dom_n_total":1,"dom_completude":1.0},"geometry":{"type":"Polygon","coordinates":[[[-51.758142015124996,-28.26852757622201],[-51.75822150332749,-28.259257076182195],[-51.74830255690211,-28.259182624658173],[-51.74822271702738,-28.26845311835567],[-51.758142015124996,-28.26852757622201]]]}},{"type":"Feature","properties":{"id_grade":"1KME5228N8195","pop":8,"dom":2,"universo_dom":"domicilios_ocupados_grade_ibge_2022","na_bacia":0,"area_pct_bacia":0.0,"metodo_recorte_bacia":"ponto_representativo_grade_2022; area_pct_geometrica","status_borda_bacia":"total","metodo_area_bacia":"interse??o geom?trica em EPSG:5880","metodo_na_bacia":"ponto_representativo_grade_2022_within_bacia","pop_n_validos":1,"pop_n_total":1,"pop_completude":1.0,"dom_n_validos":1,"dom_n_total":1,"dom_completude":1.0},"geometry":{"type":"Polygon","coordinates":[[[-51.73830342459171,-28.2683783318086],[-51.73838361613808,-28.25910784448104],[-51.72846468106032,-28.25903273565143],[-51.72838413784292,-28.268303216581028],[-51.73830342459171,-28.2683783318086]]]}},{"type":"Feature","properties":{"id_grade":"1KME5229N8195","pop":56,"dom":20,"universo_dom":"domicilios_ocupados_grade_ibge_2022","na_bacia":0,"area_pct_bacia":0.0,"metodo_recorte_bacia":"ponto_representativo_grade_2022; area_pct_geometrica","status_borda_bacia":"total","metodo_area_bacia":"interse??o geom?trica em EPSG:5880","metodo_na_bacia":"ponto_representativo_grade_2022_within_bacia","pop_n_validos":1,"pop_n_total":1,"pop_completude":1.0,"dom_n_validos":1,"dom_n_total":1,"dom_completude":1.0},"geometry":{"type":"Polygon","coordinates":[[[-51.72838413784292,-28.268303216581028],[-51.72846468106032,-28.25903273565143],[-51.71854575169378,-28.258957298170216],[-51.71846485680595,-28.268227772674077],[-51.72838413784292,-28.268303216581028]]]}},{"type":"Feature","properties":{"id_grade":"1KME5231N8195","pop":17,"dom":7,"universo_dom":"domicilios_ocupados_grade_ibge_2022","na_bacia":0,"area_pct_bacia":0.0,"metodo_recorte_bacia":"ponto_representativo_grade_2022; area_pct_geometrica","status_borda_bacia":"total","metodo_area_bacia":"interse??o geom?trica em EPSG:5880","metodo_na_bacia":"ponto_representativo_grade_2022_within_bacia","pop_n_validos":1,"pop_n_total":1,"pop_completude":1.0,"dom_n_validos":1,"dom_n_total":1,"dom_completude":1.0},"geometry":{"type":"Polygon","coordinates":[[[-51.70854558150573,-28.268152000087763],[-51.70862682806338,-28.258881532037957],[-51.69870791019405,-28.25880543725538],[-51.69862631196721,-28.268075898823444],[-51.70854558150573,-28.268152000087763]]]}},{"type":"Feature","properties":{"id_grade":"1KME5235N8195","pop":6,"dom":2,"universo_dom":"domicilios_ocupados_grade_ibge_2022","na_bacia":0,"area_pct_bacia":0.0,"metodo_recorte_bacia":"ponto_representativo_grade_2022; area_pct_geometrica","status_borda_bacia":"total","metodo_area_bacia":"interse??o geom?trica em EPSG:5880","metodo_na_bacia":"ponto_representativo_grade_2022_within_bacia","pop_n_validos":1,"pop_n_total":1,"pop_completude":1.0,"dom_n_validos":1,"dom_n_total":1,"dom_completude":1.0},"geometry":{"type":"Polygon","coordinates":[[[-51.668868538171104,-28.26784562296753],[-51.66895119140185,-28.258575181012795],[-51.65903229682616,-28.25849777163587],[-51.65894929192869,-28.26776820699672],[-51.668868538171104,-28.26784562296753]]]}},{"type":"Feature","properties":{"id_grade":"1KME5237N8195","pop":6,"dom":4,"universo_dom":"domicilios_ocupados_grade_ibge_2022","na_bacia":0,"area_pct_bacia":0.0,"metodo_recorte_bacia":"ponto_representativo_grade_2022; area_pct_geometrica","status_borda_bacia":"total","metodo_area_bacia":"interse??o geom?trica em EPSG:5880","metodo_na_bacia":"ponto_representativo_grade_2022_within_bacia","pop_n_validos":1,"pop_n_total":1,"pop_completude":1.0,"dom_n_validos":1,"dom_n_total":1,"dom_completude":1.0},"geometry":{"type":"Polygon","coordinates":[[[-51.64903005157264,-28.267690462351315],[-51.64911340813621,-28.25842003361211],[-51.63919452535692,-28.25834196694235],[-51.639110817127886,-28.267612389031754],[-51.64903005157264,-28.267690462351315]]]}},{"type":"Feature","properties":{"id_grade":"1KME5238N8195","pop":15,"dom":5,"universo_dom":"domicilios_ocupados_grade_ibge_2022","na_bacia":0,"area_pct_bacia":0.0,"metodo_recorte_bacia":"ponto_representativo_grade_2022; area_pct_geometrica","status_borda_bacia":"total","metodo_area_bacia":"interse??o geom?trica em EPSG:5880","metodo_na_bacia":"ponto_representativo_grade_2022_within_bacia","pop_n_validos":1,"pop_n_total":1,"pop_completude":1.0,"dom_n_validos":1,"dom_n_total":1,"dom_completude":1.0},"geometry":{"type":"Polygon","coordinates":[[[-51.639110817127886,-28.267612389031754],[-51.63919452535692,-28.25834196694235],[-51.62927564851325,-28.258263571626955],[-51.62919158861937,-28.267533987038814],[-51.639110817127886,-28.267612389031754]]]}},{"type":"Feature","properties":{"id_grade":"1KME5214N8196","pop":6,"dom":2,"universo_dom":"domicilios_ocupados_grade_ibge_2022","na_bacia":0,"area_pct_bacia":0.0,"metodo_recorte_bacia":"ponto_representativo_grade_2022; area_pct_geometrica","status_borda_bacia":"total","metodo_area_bacia":"interse??o geom?trica em EPSG:5880","metodo_na_bacia":"ponto_representativo_grade_2022_within_bacia","pop_n_validos":1,"pop_n_total":1,"pop_completude":1.0,"dom_n_validos":1,"dom_n_total":1,"dom_completude":1.0},"geometry":{"type":"Polygon","coordinates":[[[-51.87724929294091,-28.26012485929245],[-51.87732455569332,-28.25085474612779],[-51.86740589493098,-28.250784244495016],[-51.86733028052425,-28.260054351656304],[-51.87724929294091,-28.26012485929245]]]}},{"type":"Feature","properties":{"id_grade":"1KME5215N8196","pop":26,"dom":8,"universo_dom":"domicilios_ocupados_grade_ibge_2022","na_bacia":0,"area_pct_bacia":0.0,"metodo_recorte_bacia":"ponto_representativo_grade_2022; area_pct_geometrica","status_borda_bacia":"total","metodo_area_bacia":"interse??o geom?trica em EPSG:5880","metodo_na_bacia":"ponto_representativo_grade_2022_within_bacia","pop_n_validos":1,"pop_n_total":1,"pop_completude":1.0,"dom_n_validos":1,"dom_n_total":1,"dom_completude":1.0},"geometry":{"type":"Polygon","coordinates":[[[-51.86733028052425,-28.260054351656304],[-51.86740589493098,-28.250784244495016],[-51.85748723953021,-28.250713414229303],[-51.85741127346972,-28.259983515359615],[-51.86733028052425,-28.260054351656304]]]}},{"type":"Feature","properties":{"id_grade":"1KME5226N8196","pop":2,"dom":1,"universo_dom":"domicilios_ocupados_grade_ibge_2022","na_bacia":0,"area_pct_bacia":0.0,"metodo_recorte_bacia":"ponto_representativo_grade_2022; area_pct_geometrica","status_borda_bacia":"total","metodo_area_bacia":"interse??o geom?trica em EPSG:5880","metodo_na_bacia":"ponto_representativo_grade_2022_within_bacia","pop_n_validos":1,"pop_n_total":1,"pop_completude":1.0,"dom_n_validos":1,"dom_n_total":1,"dom_completude":1.0},"geometry":{"type":"Polygon","coordinates":[[[-51.75822150332749,-28.259257076182195],[-51.75830098589358,-28.249987036901153],[-51.748382391115506,-28.249912591715525],[-51.74830255690211,-28.259182624658173],[-51.75822150332749,-28.259257076182195]]]}},{"type":"Feature","properties":{"id_grade":"1KME5227N8196","pop":9,"dom":2,"universo_dom":"domicilios_ocupados_grade_ibge_2022","na_bacia":0,"area_pct_bacia":0.0,"metodo_recorte_bacia":"ponto_representativo_grade_2022; area_pct_geometrica","status_borda_bacia":"total","metodo_area_bacia":"interse??o geom?trica em EPSG:5880","metodo_na_bacia":"ponto_representativo_grade_2022_within_bacia","pop_n_validos":1,"pop_n_total":1,"pop_completude":1.0,"dom_n_validos":1,"dom_n_total":1,"dom_completude":1.0},"geometry":{"type":"Polygon","coordinates":[[[-51.74830255690211,-28.259182624658173],[-51.748382391115506,-28.249912591715525],[-51.738463801998186,-28.24983781790512],[-51.73838361613808,-28.25910784448104],[-51.74830255690211,-28.259182624658173]]]}},{"type":"Feature","properties":{"id_grade":"1KME5228N8196","pop":8,"dom":4,"universo_dom":"domicilios_ocupados_grade_ibge_2022","na_bacia":0,"area_pct_bacia":0.0,"metodo_recorte_bacia":"ponto_representativo_grade_2022; area_pct_geometrica","status_borda_bacia":"total","metodo_area_bacia":"interse??o geom?trica em EPSG:5880","metodo_na_bacia":"ponto_representativo_grade_2022_within_bacia","pop_n_validos":1,"pop_n_total":1,"pop_completude":1.0,"dom_n_validos":1,"dom_n_total":1,"dom_completude":1.0},"geometry":{"type":"Polygon","coordinates":[[[-51.73838361613808,-28.25910784448104],[-51.738463801998186,-28.24983781790512],[-51.728545218566516,-28.249762715469984],[-51.72846468106032,-28.25903273565143],[-51.73838361613808,-28.25910784448104]]]}},{"type":"Feature","properties":{"id_grade":"1KME5229N8196","pop":37,"dom":15,"universo_dom":"domicilios_ocupados_grade_ibge_2022","na_bacia":0,"area_pct_bacia":0.0,"metodo_recorte_bacia":"ponto_representativo_grade_2022; area_pct_geometrica","status_borda_bacia":"total","metodo_area_bacia":"interse??o geom?trica em EPSG:5880","metodo_na_bacia":"ponto_representativo_grade_2022_within_bacia","pop_n_validos":1,"pop_n_total":1,"pop_completude":1.0,"dom_n_validos":1,"dom_n_total":1,"dom_completude":1.0},"geometry":{"type":"Polygon","coordinates":[[[-51.72846468106032,-28.25903273565143],[-51.728545218566516,-28.249762715469984],[-51.718626640845464,-28.249687284411245],[-51.71854575169378,-28.258957298170216],[-51.72846468106032,-28.25903273565143]]]}},{"type":"Feature","properties":{"id_grade":"1KME5230N8196","pop":15,"dom":6,"universo_dom":"domicilios_ocupados_grade_ibge_2022","na_bacia":0,"area_pct_bacia":0.0,"metodo_recorte_bacia":"ponto_representativo_grade_2022; area_pct_geometrica","status_borda_bacia":"total","metodo_area_bacia":"interse??o geom?trica em EPSG:5880","metodo_na_bacia":"ponto_representativo_grade_2022_within_bacia","pop_n_validos":1,"pop_n_total":1,"pop_completude":1.0,"dom_n_validos":1,"dom_n_total":1,"dom_completude":1.0},"geometry":{"type":"Polygon","coordinates":[[[-51.71854575169378,-28.258957298170216],[-51.718626640845464,-28.249687284411245],[-51.70870806885994,-28.249611524729495],[-51.70862682806338,-28.258881532037957],[-51.71854575169378,-28.258957298170216]]]}},{"type":"Feature","properties":{"id_grade":"1KME5231N8196","pop":13,"dom":5,"universo_dom":"domicilios_ocupados_grade_ibge_2022","na_bacia":0,"area_pct_bacia":0.0,"metodo_recorte_bacia":"ponto_representativo_grade_2022; area_pct_geometrica","status_borda_bacia":"total","metodo_area_bacia":"interse??o geom?trica em EPSG:5880","metodo_na_bacia":"ponto_representativo_grade_2022_within_bacia","pop_n_validos":1,"pop_n_total":1,"pop_completude":1.0,"dom_n_validos":1,"dom_n_total":1,"dom_completude":1.0},"geometry":{"type":"Polygon","coordinates":[[[-51.70862682806338,-28.258881532037957],[-51.70870806885994,-28.249611524729495],[-51.69878950263489,-28.24953543642556],[-51.69870791019405,-28.25880543725538],[-51.70862682806338,-28.258881532037957]]]}},{"type":"Feature","properties":{"id_grade":"1KME5232N8196","pop":8,"dom":2,"universo_dom":"domicilios_ocupados_grade_ibge_2022","na_bacia":0,"area_pct_bacia":0.0,"metodo_recorte_bacia":"ponto_representativo_grade_2022; area_pct_geometrica","status_borda_bacia":"total","metodo_area_bacia":"interse??o geom?trica em EPSG:5880","metodo_na_bacia":"ponto_representativo_grade_2022_within_bacia","pop_n_validos":1,"pop_n_total":1,"pop_completude":1.0,"dom_n_validos":1,"dom_n_total":1,"dom_completude":1.0},"geometry":{"type":"Polygon","coordinates":[[[-51.69870791019405,-28.25880543725538],[-51.69878950263489,-28.24953543642556],[-51.68887094219522,-28.24945901949952],[-51.68878899811074,-28.258729013823217],[-51.69870791019405,-28.25880543725538]]]}},{"type":"Feature","properties":{"id_grade":"1KME5233N8196","pop":12,"dom":5,"universo_dom":"domicilios_ocupados_grade_ibge_2022","na_bacia":0,"area_pct_bacia":0.0,"metodo_recorte_bacia":"ponto_representativo_grade_2022; area_pct_geometrica","status_borda_bacia":"total","metodo_area_bacia":"interse??o geom?trica em EPSG:5880","metodo_na_bacia":"ponto_representativo_grade_2022_within_bacia","pop_n_validos":1,"pop_n_total":1,"pop_completude":1.0,"dom_n_validos":1,"dom_n_total":1,"dom_completude":1.0},"geometry":{"type":"Polygon","coordinates":[[[-51.68878899811074,-28.258729013823217],[-51.68887094219522,-28.24945901949952],[-51.678952387565886,-28.249382273952808],[-51.678870091838355,-28.258652261742128],[-51.68878899811074,-28.258729013823217]]]}},{"type":"Feature","properties":{"id_grade":"1KME5234N8196","pop":11,"dom":4,"universo_dom":"domicilios_ocupados_grade_ibge_2022","na_bacia":0,"area_pct_bacia":0.0,"metodo_recorte_bacia":"ponto_representativo_grade_2022; area_pct_geometrica","status_borda_bacia":"total","metodo_area_bacia":"interse??o geom?trica em EPSG:5880","metodo_na_bacia":"ponto_representativo_grade_2022_within_bacia","pop_n_validos":1,"pop_n_total":1,"pop_completude":1.0,"dom_n_validos":1,"dom_n_total":1,"dom_completude":1.0},"geometry":{"type":"Polygon","coordinates":[[[-51.678870091838355,-28.258652261742128],[-51.678952387565886,-28.249382273952808],[-51.6690338387718,-28.24930519978566],[-51.66895119140185,-28.258575181012795],[-51.678870091838355,-28.258652261742128]]]}},{"type":"Feature","properties":{"id_grade":"1KME5235N8196","pop":2,"dom":1,"universo_dom":"domicilios_ocupados_grade_ibge_2022","na_bacia":0,"area_pct_bacia":0.0,"metodo_recorte_bacia":"ponto_representativo_grade_2022; area_pct_geometrica","status_borda_bacia":"total","metodo_area_bacia":"interse??o geom?trica em EPSG:5880","metodo_na_bacia":"ponto_representativo_grade_2022_within_bacia","pop_n_validos":1,"pop_n_total":1,"pop_completude":1.0,"dom_n_validos":1,"dom_n_total":1,"dom_completude":1.0},"geometry":{"type":"Polygon","coordinates":[[[-51.66895119140185,-28.258575181012795],[-51.6690338387718,-28.24930519978566],[-51.65911529583789,-28.249227796999275],[-51.65903229682616,-28.25849777163587],[-51.66895119140185,-28.258575181012795]]]}},{"type":"Feature","properties":{"id_grade":"1KME5236N8196","pop":10,"dom":4,"universo_dom":"domicilios_ocupados_grade_ibge_2022","na_bacia":0,"area_pct_bacia":0.0,"metodo_recorte_bacia":"ponto_representativo_grade_2022; area_pct_geometrica","status_borda_bacia":"total","metodo_area_bacia":"interse??o geom?trica em EPSG:5880","metodo_na_bacia":"ponto_representativo_grade_2022_within_bacia","pop_n_validos":1,"pop_n_total":1,"pop_completude":1.0,"dom_n_validos":1,"dom_n_total":1,"dom_completude":1.0},"geometry":{"type":"Polygon","coordinates":[[[-51.65903229682616,-28.25849777163587],[-51.65911529583789,-28.249227796999275],[-51.6491967587891,-28.24915006559363],[-51.64911340813621,-28.25842003361211],[-51.65903229682616,-28.25849777163587]]]}},{"type":"Feature","properties":{"id_grade":"1KME5237N8196","pop":19,"dom":8,"universo_dom":"domicilios_ocupados_grade_ibge_2022","na_bacia":0,"area_pct_bacia":0.0,"metodo_recorte_bacia":"ponto_representativo_grade_2022; area_pct_geometrica","status_borda_bacia":"total","metodo_area_bacia":"interse??o geom?trica em EPSG:5880","metodo_na_bacia":"ponto_representativo_grade_2022_within_bacia","pop_n_validos":1,"pop_n_total":1,"pop_completude":1.0,"dom_n_validos":1,"dom_n_total":1,"dom_completude":1.0},"geometry":{"type":"Polygon","coordinates":[[[-51.64911340813621,-28.25842003361211],[-51.6491967587891,-28.24915006559363],[-51.63927822765036,-28.24907200556986],[-51.63919452535692,-28.25834196694235],[-51.64911340813621,-28.25842003361211]]]}},{"type":"Feature","properties":{"id_grade":"1KME5217N8197","pop":13,"dom":6,"universo_dom":"domicilios_ocupados_grade_ibge_2022","na_bacia":0,"area_pct_bacia":0.0,"metodo_recorte_bacia":"ponto_representativo_grade_2022; area_pct_geometrica","status_borda_bacia":"total","metodo_area_bacia":"interse??o geom?trica em EPSG:5880","metodo_na_bacia":"ponto_representativo_grade_2022_within_bacia","pop_n_validos":1,"pop_n_total":1,"pop_completude":1.0,"dom_n_validos":1,"dom_n_total":1,"dom_completude":1.0},"geometry":{"type":"Polygon","coordinates":[[[-51.84756858951594,-28.250642255331087],[-51.847644901818185,-28.241372620688075],[-51.83772660884301,-28.241301139242168],[-51.837649944913096,-28.250570767801513],[-51.84756858951594,-28.250642255331087]]]}},{"type":"Feature","properties":{"id_grade":"1KME5218N8197","pop":7,"dom":3,"universo_dom":"domicilios_ocupados_grade_ibge_2022","na_bacia":0,"area_pct_bacia":0.0,"metodo_recorte_bacia":"ponto_representativo_grade_2022; area_pct_geometrica","status_borda_bacia":"total","metodo_area_bacia":"interse??o geom?trica em EPSG:5880","metodo_na_bacia":"ponto_representativo_grade_2022_within_bacia","pop_n_validos":1,"pop_n_total":1,"pop_completude":1.0,"dom_n_validos":1,"dom_n_total":1,"dom_completude":1.0},"geometry":{"type":"Polygon","coordinates":[[[-51.837649944913096,-28.250570767801513],[-51.83772660884301,-28.241301139242168],[-51.82780832130363,-28.24122932919331],[-51.82773130574661,-28.25049895164073],[-51.837649944913096,-28.250570767801513]]]}},{"type":"Feature","properties":{"id_grade":"1KME5219N8197","pop":8,"dom":3,"universo_dom":"domicilios_ocupados_grade_ibge_2022","na_bacia":0,"area_pct_bacia":0.0,"metodo_recorte_bacia":"ponto_representativo_grade_2022; area_pct_geometrica","status_borda_bacia":"total","metodo_area_bacia":"interse??o geom?trica em EPSG:5880","metodo_na_bacia":"ponto_representativo_grade_2022_within_bacia","pop_n_validos":1,"pop_n_total":1,"pop_completude":1.0,"dom_n_validos":1,"dom_n_total":1,"dom_completude":1.0},"geometry":{"type":"Polygon","coordinates":[[[-51.82773130574661,-28.25049895164073],[-51.82780832130363,-28.24122932919331],[-51.81789003922495,-28.241157190541855],[-51.81781267204142,-28.250426806849557],[-51.82773130574661,-28.25049895164073]]]}},{"type":"Feature","properties":{"id_grade":"1KME5221N8197","pop":3,"dom":1,"universo_dom":"domicilios_ocupados_grade_ibge_2022","na_bacia":0,"area_pct_bacia":0.0,"metodo_recorte_bacia":"ponto_representativo_grade_2022; area_pct_geometrica","status_borda_bacia":"total","metodo_area_bacia":"interse??o geom?trica em EPSG:5880","metodo_na_bacia":"ponto_representativo_grade_2022_within_bacia","pop_n_validos":1,"pop_n_total":1,"pop_completude":1.0,"dom_n_validos":1,"dom_n_total":1,"dom_completude":1.0},"geometry":{"type":"Polygon","coordinates":[[[-51.80789404382246,-28.25035433342863],[-51.80797176263192,-28.24108472328849],[-51.79805349154945,-28.241011927434037],[-51.79797542111465,-28.250281531378636],[-51.80789404382246,-28.25035433342863]]]}},{"type":"Feature","properties":{"id_grade":"1KME5225N8197","pop":3,"dom":2,"universo_dom":"domicilios_ocupados_grade_ibge_2022","na_bacia":0,"area_pct_bacia":0.0,"metodo_recorte_bacia":"ponto_representativo_grade_2022; area_pct_geometrica","status_borda_bacia":"total","metodo_area_bacia":"interse??o geom?trica em EPSG:5880","metodo_na_bacia":"ponto_representativo_grade_2022_within_bacia","pop_n_validos":1,"pop_n_total":1,"pop_completude":1.0,"dom_n_validos":1,"dom_n_total":1,"dom_completude":1.0},"geometry":{"type":"Polygon","coordinates":[[[-51.76821958630745,-28.250061153460596],[-51.76829871161476,-28.240791568270637],[-51.75838046282385,-28.24071745801833],[-51.75830098589358,-28.249987036901153],[-51.76821958630745,-28.250061153460596]]]}},{"type":"Feature","properties":{"id_grade":"1KME5226N8197","pop":16,"dom":7,"universo_dom":"domicilios_ocupados_grade_ibge_2022","na_bacia":0,"area_pct_bacia":0.0,"metodo_recorte_bacia":"ponto_representativo_grade_2022; area_pct_geometrica","status_borda_bacia":"total","metodo_area_bacia":"interse??o geom?trica em EPSG:5880","metodo_na_bacia":"ponto_representativo_grade_2022_within_bacia","pop_n_validos":1,"pop_n_total":1,"pop_completude":1.0,"dom_n_validos":1,"dom_n_total":1,"dom_completude":1.0},"geometry":{"type":"Polygon","coordinates":[[[-51.75830098589358,-28.249987036901153],[-51.75838046282385,-28.24071745801833],[-51.748462219668156,-28.240643019168136],[-51.748382391115506,-28.249912591715525],[-51.75830098589358,-28.249987036901153]]]}},{"type":"Feature","properties":{"id_grade":"1KME5227N8197","pop":4,"dom":2,"universo_dom":"domicilios_ocupados_grade_ibge_2022","na_bacia":0,"area_pct_bacia":0.0,"metodo_recorte_bacia":"ponto_representativo_grade_2022; area_pct_geometrica","status_borda_bacia":"total","metodo_area_bacia":"interse??o geom?trica em EPSG:5880","metodo_na_bacia":"ponto_representativo_grade_2022_within_bacia","pop_n_validos":1,"pop_n_total":1,"pop_completude":1.0,"dom_n_validos":1,"dom_n_total":1,"dom_completude":1.0},"geometry":{"type":"Polygon","coordinates":[[[-51.748382391115506,-28.249912591715525],[-51.748462219668156,-28.240643019168136],[-51.7385439821726,-28.240568251720713],[-51.738463801998186,-28.24983781790512],[-51.748382391115506,-28.249912591715525]]]}},{"type":"Feature","properties":{"id_grade":"1KME5228N8197","pop":12,"dom":3,"universo_dom":"domicilios_ocupados_grade_ibge_2022","na_bacia":0,"area_pct_bacia":0.0,"metodo_recorte_bacia":"ponto_representativo_grade_2022; area_pct_geometrica","status_borda_bacia":"total","metodo_area_bacia":"interse??o geom?trica em EPSG:5880","metodo_na_bacia":"ponto_representativo_grade_2022_within_bacia","pop_n_validos":1,"pop_n_total":1,"pop_completude":1.0,"dom_n_validos":1,"dom_n_total":1,"dom_completude":1.0},"geometry":{"type":"Polygon","coordinates":[[[-51.738463801998186,-28.24983781790512],[-51.7385439821726,-28.240568251720713],[-51.72862575036211,-28.24049315567723],[-51.728545218566516,-28.249762715469984],[-51.738463801998186,-28.24983781790512]]]}},{"type":"Feature","properties":{"id_grade":"1KME5229N8197","pop":31,"dom":11,"universo_dom":"domicilios_ocupados_grade_ibge_2022","na_bacia":0,"area_pct_bacia":0.0,"metodo_recorte_bacia":"ponto_representativo_grade_2022; area_pct_geometrica","status_borda_bacia":"total","metodo_area_bacia":"interse??o geom?trica em EPSG:5880","metodo_na_bacia":"ponto_representativo_grade_2022_within_bacia","pop_n_validos":1,"pop_n_total":1,"pop_completude":1.0,"dom_n_validos":1,"dom_n_total":1,"dom_completude":1.0},"geometry":{"type":"Polygon","coordinates":[[[-51.728545218566516,-28.249762715469984],[-51.72862575036211,-28.24049315567723],[-51.71870752426162,-28.240417731037393],[-51.718626640845464,-28.249687284411245],[-51.728545218566516,-28.249762715469984]]]}},{"type":"Feature","properties":{"id_grade":"1KME5230N8197","pop":19,"dom":8,"universo_dom":"domicilios_ocupados_grade_ibge_2022","na_bacia":0,"area_pct_bacia":0.0,"metodo_recorte_bacia":"ponto_representativo_grade_2022; area_pct_geometrica","status_borda_bacia":"total","metodo_area_bacia":"interse??o geom?trica em EPSG:5880","metodo_na_bacia":"ponto_representativo_grade_2022_within_bacia","pop_n_validos":1,"pop_n_total":1,"pop_completude":1.0,"dom_n_validos":1,"dom_n_total":1,"dom_completude":1.0},"geometry":{"type":"Polygon","coordinates":[[[-51.718626640845464,-28.249687284411245],[-51.71870752426162,-28.240417731037393],[-51.70878930389605,-28.2403419778031],[-51.70870806885994,-28.249611524729495],[-51.718626640845464,-28.249687284411245]]]}},{"type":"Feature","properties":{"id_grade":"1KME5231N8197","pop":10,"dom":4,"universo_dom":"domicilios_ocupados_grade_ibge_2022","na_bacia":0,"area_pct_bacia":0.0,"metodo_recorte_bacia":"ponto_representativo_grade_2022; area_pct_geometrica","status_borda_bacia":"total","metodo_area_bacia":"interse??o geom?trica em EPSG:5880","metodo_na_bacia":"ponto_representativo_grade_2022_within_bacia","pop_n_validos":1,"pop_n_total":1,"pop_completude":1.0,"dom_n_validos":1,"dom_n_total":1,"dom_completude":1.0},"geometry":{"type":"Polygon","coordinates":[[[-51.70870806885994,-28.249611524729495],[-51.70878930389605,-28.2403419778031],[-51.698871089290336,-28.240265895973614],[-51.69878950263489,-28.24953543642556],[-51.70870806885994,-28.249611524729495]]]}},{"type":"Feature","properties":{"id_grade":"1KME5233N8197","pop":17,"dom":7,"universo_dom":"domicilios_ocupados_grade_ibge_2022","na_bacia":0,"area_pct_bacia":0.0,"metodo_recorte_bacia":"ponto_representativo_grade_2022; area_pct_geometrica","status_borda_bacia":"total","metodo_area_bacia":"interse??o geom?trica em EPSG:5880","metodo_na_bacia":"ponto_representativo_grade_2022_within_bacia","pop_n_validos":1,"pop_n_total":1,"pop_completude":1.0,"dom_n_validos":1,"dom_n_total":1,"dom_completude":1.0},"geometry":{"type":"Polygon","coordinates":[[[-51.68887094219522,-28.24945901949952],[-51.68895288046939,-28.240189485551006],[-51.679034677458155,-28.24011274653508],[-51.678952387565886,-28.249382273952808],[-51.68887094219522,-28.24945901949952]]]}},{"type":"Feature","properties":{"id_grade":"1KME5234N8197","pop":9,"dom":4,"universo_dom":"domicilios_ocupados_grade_ibge_2022","na_bacia":0,"area_pct_bacia":0.0,"metodo_recorte_bacia":"ponto_representativo_grade_2022; area_pct_geometrica","status_borda_bacia":"total","metodo_area_bacia":"interse??o geom?trica em EPSG:5880","metodo_na_bacia":"ponto_representativo_grade_2022_within_bacia","pop_n_validos":1,"pop_n_total":1,"pop_completude":1.0,"dom_n_validos":1,"dom_n_total":1,"dom_completude":1.0},"geometry":{"type":"Polygon","coordinates":[[[-51.678952387565886,-28.249382273952808],[-51.679034677458155,-28.24011274653508],[-51.66911648028155,-28.240035678926926],[-51.6690338387718,-28.24930519978566],[-51.678952387565886,-28.249382273952808]]]}},{"type":"Feature","properties":{"id_grade":"1KME5235N8197","pop":6,"dom":4,"universo_dom":"domicilios_ocupados_grade_ibge_2022","na_bacia":0,"area_pct_bacia":0.0,"metodo_recorte_bacia":"ponto_representativo_grade_2022; area_pct_geometrica","status_borda_bacia":"total","metodo_area_bacia":"interse??o geom?trica em EPSG:5880","metodo_na_bacia":"ponto_representativo_grade_2022_within_bacia","pop_n_validos":1,"pop_n_total":1,"pop_completude":1.0,"dom_n_validos":1,"dom_n_total":1,"dom_completude":1.0},"geometry":{"type":"Polygon","coordinates":[[[-51.6690338387718,-28.24930519978566],[-51.66911648028155,-28.240035678926926],[-51.65919828896451,-28.23995828272706],[-51.65911529583789,-28.249227796999275],[-51.6690338387718,-28.24930519978566]]]}},{"type":"Feature","properties":{"id_grade":"1KME5236N8197","pop":6,"dom":3,"universo_dom":"domicilios_ocupados_grade_ibge_2022","na_bacia":0,"area_pct_bacia":0.0,"metodo_recorte_bacia":"ponto_representativo_grade_2022; area_pct_geometrica","status_borda_bacia":"total","metodo_area_bacia":"interse??o geom?trica em EPSG:5880","metodo_na_bacia":"ponto_representativo_grade_2022_within_bacia","pop_n_validos":1,"pop_n_total":1,"pop_completude":1.0,"dom_n_validos":1,"dom_n_total":1,"dom_completude":1.0},"geometry":{"type":"Polygon","coordinates":[[[-51.65911529583789,-28.249227796999275],[-51.65919828896451,-28.23995828272706],[-51.649280103531964,-28.239880557936214],[-51.6491967587891,-28.24915006559363],[-51.65911529583789,-28.249227796999275]]]}},{"type":"Feature","properties":{"id_grade":"1KME5237N8197","pop":6,"dom":3,"universo_dom":"domicilios_ocupados_grade_ibge_2022","na_bacia":0,"area_pct_bacia":0.0,"metodo_recorte_bacia":"ponto_representativo_grade_2022; area_pct_geometrica","status_borda_bacia":"total","metodo_area_bacia":"interse??o geom?trica em EPSG:5880","metodo_na_bacia":"ponto_representativo_grade_2022_within_bacia","pop_n_validos":1,"pop_n_total":1,"pop_completude":1.0,"dom_n_validos":1,"dom_n_total":1,"dom_completude":1.0},"geometry":{"type":"Polygon","coordinates":[[[-51.6491967587891,-28.24915006559363],[-51.649280103531964,-28.239880557936214],[-51.639361924008824,-28.2398025045552],[-51.63927822765036,-28.24907200556986],[-51.6491967587891,-28.24915006559363]]]}},{"type":"Feature","properties":{"id_grade":"1KME5222N8198","pop":1,"dom":1,"universo_dom":"domicilios_ocupados_grade_ibge_2022","na_bacia":0,"area_pct_bacia":0.0,"metodo_recorte_bacia":"ponto_representativo_grade_2022; area_pct_geometrica","status_borda_bacia":"total","metodo_area_bacia":"interse??o geom?trica em EPSG:5880","metodo_na_bacia":"ponto_representativo_grade_2022_within_bacia","pop_n_validos":1,"pop_n_total":1,"pop_completude":1.0,"dom_n_validos":1,"dom_n_total":1,"dom_completude":1.0},"geometry":{"type":"Polygon","coordinates":[[[-51.79805349154945,-28.241011927434037],[-51.798131556448766,-28.23174278354187],[-51.788213642501624,-28.231669665307233],[-51.78813522600248,-28.240938802979212],[-51.79805349154945,-28.241011927434037]]]}},{"type":"Feature","properties":{"id_grade":"1KME5226N8198","pop":4,"dom":2,"universo_dom":"domicilios_ocupados_grade_ibge_2022","na_bacia":0,"area_pct_bacia":0.0,"metodo_recorte_bacia":"ponto_representativo_grade_2022; area_pct_geometrica","status_borda_bacia":"total","metodo_area_bacia":"interse??o geom?trica em EPSG:5880","metodo_na_bacia":"ponto_representativo_grade_2022_within_bacia","pop_n_validos":1,"pop_n_total":1,"pop_completude":1.0,"dom_n_validos":1,"dom_n_total":1,"dom_completude":1.0},"geometry":{"type":"Polygon","coordinates":[[[-51.75838046282385,-28.24071745801833],[-51.75845993411892,-28.23144833917482],[-51.748542042560665,-28.231373906656653],[-51.748462219668156,-28.240643019168136],[-51.75838046282385,-28.24071745801833]]]}},{"type":"Feature","properties":{"id_grade":"1KME5227N8198","pop":14,"dom":5,"universo_dom":"domicilios_ocupados_grade_ibge_2022","na_bacia":0,"area_pct_bacia":0.0,"metodo_recorte_bacia":"ponto_representativo_grade_2022; area_pct_geometrica","status_borda_bacia":"total","metodo_area_bacia":"interse??o geom?trica em EPSG:5880","metodo_na_bacia":"ponto_representativo_grade_2022_within_bacia","pop_n_validos":1,"pop_n_total":1,"pop_completude":1.0,"dom_n_validos":1,"dom_n_total":1,"dom_completude":1.0},"geometry":{"type":"Polygon","coordinates":[[[-51.748462219668156,-28.240643019168136],[-51.748542042560665,-28.231373906656653],[-51.738624156661956,-28.23129914556911],[-51.7385439821726,-28.240568251720713],[-51.748462219668156,-28.240643019168136]]]}},{"type":"Feature","properties":{"id_grade":"1KME5228N8198","pop":4,"dom":1,"universo_dom":"domicilios_ocupados_grade_ibge_2022","na_bacia":0,"area_pct_bacia":0.0,"metodo_recorte_bacia":"ponto_representativo_grade_2022; area_pct_geometrica","status_borda_bacia":"total","metodo_area_bacia":"interse??o geom?trica em EPSG:5880","metodo_na_bacia":"ponto_representativo_grade_2022_within_bacia","pop_n_validos":1,"pop_n_total":1,"pop_completude":1.0,"dom_n_validos":1,"dom_n_total":1,"dom_completude":1.0},"geometry":{"type":"Polygon","coordinates":[[[-51.7385439821726,-28.240568251720713],[-51.738624156661956,-28.23129914556911],[-51.72870627644771,-28.231224055913362],[-51.72862575036211,-28.24049315567723],[-51.7385439821726,-28.240568251720713]]]}},{"type":"Feature","properties":{"id_grade":"1KME5229N8198","pop":3,"dom":1,"universo_dom":"domicilios_ocupados_grade_ibge_2022","na_bacia":0,"area_pct_bacia":0.0,"metodo_recorte_bacia":"ponto_representativo_grade_2022; area_pct_geometrica","status_borda_bacia":"total","metodo_area_bacia":"interse??o geom?trica em EPSG:5880","metodo_na_bacia":"ponto_representativo_grade_2022_within_bacia","pop_n_validos":1,"pop_n_total":1,"pop_completude":1.0,"dom_n_validos":1,"dom_n_total":1,"dom_completude":1.0},"geometry":{"type":"Polygon","coordinates":[[[-51.72862575036211,-28.24049315567723],[-51.72870627644771,-28.231224055913362],[-51.71878840194285,-28.2311486376896],[-51.71870752426162,-28.240417731037393],[-51.72862575036211,-28.24049315567723]]]}},{"type":"Feature","properties":{"id_grade":"1KME5230N8198","pop":4,"dom":2,"universo_dom":"domicilios_ocupados_grade_ibge_2022","na_bacia":0,"area_pct_bacia":0.0,"metodo_recorte_bacia":"ponto_representativo_grade_2022; area_pct_geometrica","status_borda_bacia":"total","metodo_area_bacia":"interse??o geom?trica em EPSG:5880","metodo_na_bacia":"ponto_representativo_grade_2022_within_bacia","pop_n_validos":1,"pop_n_total":1,"pop_completude":1.0,"dom_n_validos":1,"dom_n_total":1,"dom_completude":1.0},"geometry":{"type":"Polygon","coordinates":[[[-51.71870752426162,-28.240417731037393],[-51.71878840194285,-28.2311486376896],[-51.70887053317231,-28.231072890898442],[-51.70878930389605,-28.2403419778031],[-51.71870752426162,-28.240417731037393]]]}},{"type":"Feature","properties":{"id_grade":"1KME5231N8198","pop":3,"dom":1,"universo_dom":"domicilios_ocupados_grade_ibge_2022","na_bacia":0,"area_pct_bacia":0.0,"metodo_recorte_bacia":"ponto_representativo_grade_2022; area_pct_geometrica","status_borda_bacia":"total","metodo_area_bacia":"interse??o geom?trica em EPSG:5880","metodo_na_bacia":"ponto_representativo_grade_2022_within_bacia","pop_n_validos":1,"pop_n_total":1,"pop_completude":1.0,"dom_n_validos":1,"dom_n_total":1,"dom_completude":1.0},"geometry":{"type":"Polygon","coordinates":[[[-51.70878930389605,-28.2403419778031],[-51.70887053317231,-28.231072890898442],[-51.69895267016099,-28.2309968155412],[-51.698871089290336,-28.240265895973614],[-51.70878930389605,-28.2403419778031]]]}},{"type":"Feature","properties":{"id_grade":"1KME5232N8198","pop":3,"dom":1,"universo_dom":"domicilios_ocupados_grade_ibge_2022","na_bacia":0,"area_pct_bacia":0.0,"metodo_recorte_bacia":"ponto_representativo_grade_2022; area_pct_geometrica","status_borda_bacia":"total","metodo_area_bacia":"interse??o geom?trica em EPSG:5880","metodo_na_bacia":"ponto_representativo_grade_2022_within_bacia","pop_n_validos":1,"pop_n_total":1,"pop_completude":1.0,"dom_n_validos":1,"dom_n_total":1,"dom_completude":1.0},"geometry":{"type":"Polygon","coordinates":[[[-51.698871089290336,-28.240265895973614],[-51.69895267016099,-28.2309968155412],[-51.68903481293385,-28.230920411617852],[-51.68895288046939,-28.240189485551006],[-51.698871089290336,-28.240265895973614]]]}},{"type":"Feature","properties":{"id_grade":"1KME5233N8198","pop":16,"dom":7,"universo_dom":"domicilios_ocupados_grade_ibge_2022","na_bacia":0,"area_pct_bacia":0.0,"metodo_recorte_bacia":"ponto_representativo_grade_2022; area_pct_geometrica","status_borda_bacia":"total","metodo_area_bacia":"interse??o geom?trica em EPSG:5880","metodo_na_bacia":"ponto_representativo_grade_2022_within_bacia","pop_n_validos":1,"pop_n_total":1,"pop_completude":1.0,"dom_n_validos":1,"dom_n_total":1,"dom_completude":1.0},"geometry":{"type":"Polygon","coordinates":[[[-51.68895288046939,-28.240189485551006],[-51.68903481293385,-28.230920411617852],[-51.679116961515795,-28.23084367912967],[-51.679034677458155,-28.24011274653508],[-51.68895288046939,-28.240189485551006]]]}},{"type":"Feature","properties":{"id_grade":"1KME5234N8198","pop":2,"dom":1,"universo_dom":"domicilios_ocupados_grade_ibge_2022","na_bacia":0,"area_pct_bacia":0.0,"metodo_recorte_bacia":"ponto_representativo_grade_2022; area_pct_geometrica","status_borda_bacia":"total","metodo_area_bacia":"interse??o geom?trica em EPSG:5880","metodo_na_bacia":"ponto_representativo_grade_2022_within_bacia","pop_n_validos":1,"pop_n_total":1,"pop_completude":1.0,"dom_n_validos":1,"dom_n_total":1,"dom_completude":1.0},"geometry":{"type":"Polygon","coordinates":[[[-51.679034677458155,-28.24011274653508],[-51.679116961515795,-28.23084367912967],[-51.669199115931754,-28.23076661807664],[-51.66911648028155,-28.240035678926926],[-51.679034677458155,-28.24011274653508]]]}},{"type":"Feature","properties":{"id_grade":"1KME5235N8198","pop":1,"dom":1,"universo_dom":"domicilios_ocupados_grade_ibge_2022","na_bacia":0,"area_pct_bacia":0.0,"metodo_recorte_bacia":"ponto_representativo_grade_2022; area_pct_geometrica","status_borda_bacia":"total","metodo_area_bacia":"interse??o geom?trica em EPSG:5880","metodo_na_bacia":"ponto_representativo_grade_2022_within_bacia","pop_n_validos":1,"pop_n_total":1,"pop_completude":1.0,"dom_n_validos":1,"dom_n_total":1,"dom_completude":1.0},"geometry":{"type":"Polygon","coordinates":[[[-51.66911648028155,-28.240035678926926],[-51.669199115931754,-28.23076661807664],[-51.65928127620664,-28.230689228460136],[-51.65919828896451,-28.23995828272706],[-51.66911648028155,-28.240035678926926]]]}},{"type":"Feature","properties":{"id_grade":"1KME5236N8198","pop":4,"dom":2,"universo_dom":"domicilios_ocupados_grade_ibge_2022","na_bacia":0,"area_pct_bacia":0.0,"metodo_recorte_bacia":"ponto_representativo_grade_2022; area_pct_geometrica","status_borda_bacia":"total","metodo_area_bacia":"interse??o geom?trica em EPSG:5880","metodo_na_bacia":"ponto_representativo_grade_2022_within_bacia","pop_n_validos":1,"pop_n_total":1,"pop_completude":1.0,"dom_n_validos":1,"dom_n_total":1,"dom_completude":1.0},"geometry":{"type":"Polygon","coordinates":[[[-51.65919828896451,-28.23995828272706],[-51.65928127620664,-28.230689228460136],[-51.6493634423654,-28.230611510280575],[-51.649280103531964,-28.239880557936214],[-51.65919828896451,-28.23995828272706]]]}},{"type":"Feature","properties":{"id_grade":"1KME5237N8198","pop":4,"dom":1,"universo_dom":"domicilios_ocupados_grade_ibge_2022","na_bacia":0,"area_pct_bacia":0.0,"metodo_recorte_bacia":"ponto_representativo_grade_2022; area_pct_geometrica","status_borda_bacia":"total","metodo_area_bacia":"interse??o geom?trica em EPSG:5880","metodo_na_bacia":"ponto_representativo_grade_2022_within_bacia","pop_n_validos":1,"pop_n_total":1,"pop_completude":1.0,"dom_n_validos":1,"dom_n_total":1,"dom_completude":1.0},"geometry":{"type":"Polygon","coordinates":[[[-51.649280103531964,-28.239880557936214],[-51.6493634423654,-28.230611510280575],[-51.63944561443294,-28.230533463538737],[-51.639361924008824,-28.2398025045552],[-51.649280103531964,-28.239880557936214]]]}},{"type":"Feature","properties":{"id_grade":"1KME5221N8199","pop":6,"dom":2,"universo_dom":"domicilios_ocupados_grade_ibge_2022","na_bacia":0,"area_pct_bacia":0.0,"metodo_recorte_bacia":"ponto_representativo_grade_2022; area_pct_geometrica","status_borda_bacia":"total","metodo_area_bacia":"interse??o geom?trica em EPSG:5880","metodo_na_bacia":"ponto_representativo_grade_2022_within_bacia","pop_n_validos":1,"pop_n_total":1,"pop_completude":1.0,"dom_n_validos":1,"dom_n_total":1,"dom_completude":1.0},"geometry":{"type":"Polygon","coordinates":[[[-51.80804947593081,-28.231815573204116],[-51.80812718371972,-28.22254688281587],[-51.798209615813164,-28.222474099342893],[-51.798131556448766,-28.23174278354187],[-51.80804947593081,-28.231815573204116]]]}},{"type":"Feature","properties":{"id_grade":"1KME5222N8199","pop":2,"dom":1,"universo_dom":"domicilios_ocupados_grade_ibge_2022","na_bacia":0,"area_pct_bacia":0.0,"metodo_recorte_bacia":"ponto_representativo_grade_2022; area_pct_geometrica","status_borda_bacia":"total","metodo_area_bacia":"interse??o geom?trica em EPSG:5880","metodo_na_bacia":"ponto_representativo_grade_2022_within_bacia","pop_n_validos":1,"pop_n_total":1,"pop_completude":1.0,"dom_n_validos":1,"dom_n_total":1,"dom_completude":1.0},"geometry":{"type":"Polygon","coordinates":[[[-51.798131556448766,-28.23174278354187],[-51.798209615813164,-28.222474099342893],[-51.78829205344093,-28.222400987325297],[-51.788213642501624,-28.231669665307233],[-51.798131556448766,-28.23174278354187]]]}},{"type":"Feature","properties":{"id_grade":"1KME5226N8199","pop":7,"dom":3,"universo_dom":"domicilios_ocupados_grade_ibge_2022","na_bacia":0,"area_pct_bacia":0.0,"metodo_recorte_bacia":"ponto_representativo_grade_2022; area_pct_geometrica","status_borda_bacia":"total","metodo_area_bacia":"interse??o geom?trica em EPSG:5880","metodo_na_bacia":"ponto_representativo_grade_2022_within_bacia","pop_n_validos":1,"pop_n_total":1,"pop_completude":1.0,"dom_n_validos":1,"dom_n_total":1,"dom_completude":1.0},"geometry":{"type":"Polygon","coordinates":[[[-51.75845993411892,-28.23144833917482],[-51.758539399779366,-28.222179680011184],[-51.74862185979364,-28.222105253821994],[-51.748542042560665,-28.231373906656653],[-51.75845993411892,-28.23144833917482]]]}},{"type":"Feature","properties":{"id_grade":"1KME5228N8199","pop":11,"dom":5,"universo_dom":"domicilios_ocupados_grade_ibge_2022","na_bacia":0,"area_pct_bacia":0.0,"metodo_recorte_bacia":"ponto_representativo_grade_2022; area_pct_geometrica","status_borda_bacia":"total","metodo_area_bacia":"interse??o geom?trica em EPSG:5880","metodo_na_bacia":"ponto_representativo_grade_2022_within_bacia","pop_n_validos":1,"pop_n_total":1,"pop_completude":1.0,"dom_n_validos":1,"dom_n_total":1,"dom_completude":1.0},"geometry":{"type":"Polygon","coordinates":[[[-51.738624156661956,-28.23129914556911],[-51.73870432546685,-28.222030499091026],[-51.72878679682391,-28.221955415819608],[-51.72870627644771,-28.231224055913362],[-51.738624156661956,-28.23129914556911]]]}},{"type":"Feature","properties":{"id_grade":"1KME5229N8199","pop":2,"dom":1,"universo_dom":"domicilios_ocupados_grade_ibge_2022","na_bacia":0,"area_pct_bacia":0.0,"metodo_recorte_bacia":"ponto_representativo_grade_2022; area_pct_geometrica","status_borda_bacia":"total","metodo_area_bacia":"interse??o geom?trica em EPSG:5880","metodo_na_bacia":"ponto_representativo_grade_2022_within_bacia","pop_n_validos":1,"pop_n_total":1,"pop_completude":1.0,"dom_n_validos":1,"dom_n_total":1,"dom_completude":1.0},"geometry":{"type":"Polygon","coordinates":[[[-51.72870627644771,-28.231224055913362],[-51.72878679682391,-28.221955415819608],[-51.71886927388977,-28.221880004008213],[-51.71878840194285,-28.2311486376896],[-51.72870627644771,-28.231224055913362]]]}},{"type":"Feature","properties":{"id_grade":"1KME5230N8199","pop":10,"dom":3,"universo_dom":"domicilios_ocupados_grade_ibge_2022","na_bacia":0,"area_pct_bacia":0.0,"metodo_recorte_bacia":"ponto_representativo_grade_2022; area_pct_geometrica","status_borda_bacia":"total","metodo_area_bacia":"interse??o geom?trica em EPSG:5880","metodo_na_bacia":"ponto_representativo_grade_2022_within_bacia","pop_n_validos":1,"pop_n_total":1,"pop_completude":1.0,"dom_n_validos":1,"dom_n_total":1,"dom_completude":1.0},"geometry":{"type":"Polygon","coordinates":[[[-51.71878840194285,-28.2311486376896],[-51.71886927388977,-28.221880004008213],[-51.70895175668932,-28.221804263657702],[-51.70887053317231,-28.231072890898442],[-51.71878840194285,-28.2311486376896]]]}},{"type":"Feature","properties":{"id_grade":"1KME5232N8199","pop":4,"dom":2,"universo_dom":"domicilios_ocupados_grade_ibge_2022","na_bacia":0,"area_pct_bacia":0.0,"metodo_recorte_bacia":"ponto_representativo_grade_2022; area_pct_geometrica","status_borda_bacia":"total","metodo_area_bacia":"interse??o geom?trica em EPSG:5880","metodo_na_bacia":"ponto_representativo_grade_2022_within_bacia","pop_n_validos":1,"pop_n_total":1,"pop_completude":1.0,"dom_n_validos":1,"dom_n_total":1,"dom_completude":1.0},"geometry":{"type":"Polygon","coordinates":[[[-51.69895267016099,-28.2309968155412],[-51.6990342452475,-28.221728194768325],[-51.68911673958922,-28.22165179734119],[-51.68903481293385,-28.230920411617852],[-51.69895267016099,-28.2309968155412]]]}},{"type":"Feature","properties":{"id_grade":"1KME5234N8199","pop":10,"dom":4,"universo_dom":"domicilios_ocupados_grade_ibge_2022","na_bacia":0,"area_pct_bacia":0.0,"metodo_recorte_bacia":"ponto_representativo_grade_2022; area_pct_geometrica","status_borda_bacia":"total","metodo_area_bacia":"interse??o geom?trica em EPSG:5880","metodo_na_bacia":"ponto_representativo_grade_2022_within_bacia","pop_n_validos":1,"pop_n_total":1,"pop_completude":1.0,"dom_n_validos":1,"dom_n_total":1,"dom_completude":1.0},"geometry":{"type":"Polygon","coordinates":[[[-51.679116961515795,-28.23084367912967],[-51.67919923973941,-28.221575071376954],[-51.669281745723005,-28.221498016875962],[-51.669199115931754,-28.23076661807664],[-51.679116961515795,-28.23084367912967]]]}},{"type":"Feature","properties":{"id_grade":"1KME5235N8199","pop":3,"dom":1,"universo_dom":"domicilios_ocupados_grade_ibge_2022","na_bacia":0,"area_pct_bacia":0.0,"metodo_recorte_bacia":"ponto_representativo_grade_2022; area_pct_geometrica","status_borda_bacia":"total","metodo_area_bacia":"interse??o geom?trica em EPSG:5880","metodo_na_bacia":"ponto_representativo_grade_2022_within_bacia","pop_n_validos":1,"pop_n_total":1,"pop_completude":1.0,"dom_n_validos":1,"dom_n_total":1,"dom_completude":1.0},"geometry":{"type":"Polygon","coordinates":[[[-51.669199115931754,-28.23076661807664],[-51.669281745723005,-28.221498016875962],[-51.65936425756491,-28.221420633839138],[-51.65928127620664,-28.230689228460136],[-51.669199115931754,-28.23076661807664]]]}},{"type":"Feature","properties":{"id_grade":"1KME5236N8199","pop":10,"dom":3,"universo_dom":"domicilios_ocupados_grade_ibge_2022","na_bacia":0,"area_pct_bacia":0.0,"metodo_recorte_bacia":"ponto_representativo_grade_2022; area_pct_geometrica","status_borda_bacia":"total","metodo_area_bacia":"interse??o geom?trica em EPSG:5880","metodo_na_bacia":"ponto_representativo_grade_2022_within_bacia","pop_n_validos":1,"pop_n_total":1,"pop_completude":1.0,"dom_n_validos":1,"dom_n_total":1,"dom_completude":1.0},"geometry":{"type":"Polygon","coordinates":[[[-51.65928127620664,-28.230689228460136],[-51.65936425756491,-28.221420633839138],[-51.649446775290045,-28.221342922267496],[-51.6493634423654,-28.230611510280575],[-51.65928127620664,-28.230689228460136]]]}},{"type":"Feature","properties":{"id_grade":"1KME5228N8200","pop":2,"dom":1,"universo_dom":"domicilios_ocupados_grade_ibge_2022","na_bacia":0,"area_pct_bacia":0.0,"metodo_recorte_bacia":"ponto_representativo_grade_2022; area_pct_geometrica","status_borda_bacia":"total","metodo_area_bacia":"interse??o geom?trica em EPSG:5880","metodo_na_bacia":"ponto_representativo_grade_2022_within_bacia","pop_n_validos":1,"pop_n_total":1,"pop_completude":1.0,"dom_n_validos":1,"dom_n_total":1,"dom_completude":1.0},"geometry":{"type":"Polygon","coordinates":[[[-51.73870432546685,-28.222030499091026],[-51.73878448858789,-28.212762311927094],[-51.72886731149135,-28.212687235036704],[-51.72878679682391,-28.221955415819608],[-51.73870432546685,-28.222030499091026]]]}},{"type":"Feature","properties":{"id_grade":"1KME5229N8200","pop":3,"dom":1,"universo_dom":"domicilios_ocupados_grade_ibge_2022","na_bacia":0,"area_pct_bacia":0.0,"metodo_recorte_bacia":"ponto_representativo_grade_2022; area_pct_geometrica","status_borda_bacia":"total","metodo_area_bacia":"interse??o geom?trica em EPSG:5880","metodo_na_bacia":"ponto_representativo_grade_2022_within_bacia","pop_n_validos":1,"pop_n_total":1,"pop_completude":1.0,"dom_n_validos":1,"dom_n_total":1,"dom_completude":1.0},"geometry":{"type":"Polygon","coordinates":[[[-51.72878679682391,-28.221955415819608],[-51.72886731149135,-28.212687235036704],[-51.71895014010298,-28.21261182963437],[-51.71886927388977,-28.221880004008213],[-51.72878679682391,-28.221955415819608]]]}},{"type":"Feature","properties":{"id_grade":"1KME5232N8200","pop":7,"dom":3,"universo_dom":"domicilios_ocupados_grade_ibge_2022","na_bacia":0,"area_pct_bacia":0.0,"metodo_recorte_bacia":"ponto_representativo_grade_2022; area_pct_geometrica","status_borda_bacia":"total","metodo_area_bacia":"interse??o geom?trica em EPSG:5880","metodo_na_bacia":"ponto_representativo_grade_2022_within_bacia","pop_n_validos":1,"pop_n_total":1,"pop_completude":1.0,"dom_n_validos":1,"dom_n_total":1,"dom_completude":1.0},"geometry":{"type":"Polygon","coordinates":[[[-51.6990342452475,-28.221728194768325],[-51.69911581455046,-28.21246003329638],[-51.68919866043613,-28.212383642361903],[-51.68911673958922,-28.22165179734119],[-51.6990342452475,-28.221728194768325]]]}},{"type":"Feature","properties":{"id_grade":"1KME5233N8200","pop":1,"dom":1,"universo_dom":"domicilios_ocupados_grade_ibge_2022","na_bacia":0,"area_pct_bacia":0.0,"metodo_recorte_bacia":"ponto_representativo_grade_2022; area_pct_geometrica","status_borda_bacia":"total","metodo_area_bacia":"interse??o geom?trica em EPSG:5880","metodo_na_bacia":"ponto_representativo_grade_2022_within_bacia","pop_n_validos":1,"pop_n_total":1,"pop_completude":1.0,"dom_n_validos":1,"dom_n_total":1,"dom_completude":1.0},"geometry":{"type":"Polygon","coordinates":[[[-51.68911673958922,-28.22165179734119],[-51.68919866043613,-28.212383642361903],[-51.67928151212965,-28.212306922918028],[-51.67919923973941,-28.221575071376954],[-51.68911673958922,-28.22165179734119]]]}},{"type":"Feature","properties":{"id_grade":"1KME5234N8200","pop":5,"dom":2,"universo_dom":"domicilios_ocupados_grade_ibge_2022","na_bacia":0,"area_pct_bacia":0.0,"metodo_recorte_bacia":"ponto_representativo_grade_2022; area_pct_geometrica","status_borda_bacia":"total","metodo_area_bacia":"interse??o geom?trica em EPSG:5880","metodo_na_bacia":"ponto_representativo_grade_2022_within_bacia","pop_n_validos":1,"pop_n_total":1,"pop_completude":1.0,"dom_n_validos":1,"dom_n_total":1,"dom_completude":1.0},"geometry":{"type":"Polygon","coordinates":[[[-51.67919923973941,-28.221575071376954],[-51.67928151212965,-28.212306922918028],[-51.66936436965595,-28.21222987496573],[-51.669281745723005,-28.221498016875962],[-51.67919923973941,-28.221575071376954]]]}},{"type":"Feature","properties":{"id_grade":"1KME5235N8200","pop":3,"dom":1,"universo_dom":"domicilios_ocupados_grade_ibge_2022","na_bacia":0,"area_pct_bacia":0.0,"metodo_recorte_bacia":"ponto_representativo_grade_2022; area_pct_geometrica","status_borda_bacia":"total","metodo_area_bacia":"interse??o geom?trica em EPSG:5880","metodo_na_bacia":"ponto_representativo_grade_2022_within_bacia","pop_n_validos":1,"pop_n_total":1,"pop_completude":1.0,"dom_n_validos":1,"dom_n_total":1,"dom_completude":1.0},"geometry":{"type":"Polygon","coordinates":[[[-51.669281745723005,-28.221498016875962],[-51.66936436965595,-28.21222987496573],[-51.65944723303994,-28.212152498505386],[-51.65936425756491,-28.221420633839138],[-51.669281745723005,-28.221498016875962]]]}},{"type":"Feature","properties":{"id_grade":"1KME5236N8200","pop":7,"dom":2,"universo_dom":"domicilios_ocupados_grade_ibge_2022","na_bacia":0,"area_pct_bacia":0.0,"metodo_recorte_bacia":"ponto_representativo_grade_2022; area_pct_geometrica","status_borda_bacia":"total","metodo_area_bacia":"interse??o geom?trica em EPSG:5880","metodo_na_bacia":"ponto_representativo_grade_2022_within_bacia","pop_n_validos":1,"pop_n_total":1,"pop_completude":1.0,"dom_n_validos":1,"dom_n_total":1,"dom_completude":1.0},"geometry":{"type":"Polygon","coordinates":[[[-51.65936425756491,-28.221420633839138],[-51.65944723303994,-28.212152498505386],[-51.64953010230654,-28.21207479353787],[-51.649446775290045,-28.221342922267496],[-51.65936425756491,-28.221420633839138]]]}},{"type":"Feature","properties":{"id_grade":"1KME5224N8201","pop":4,"dom":3,"universo_dom":"domicilios_ocupados_grade_ibge_2022","na_bacia":0,"area_pct_bacia":0.0,"metodo_recorte_bacia":"ponto_representativo_grade_2022; area_pct_geometrica","status_borda_bacia":"total","metodo_area_bacia":"interse??o geom?trica em EPSG:5880","metodo_na_bacia":"ponto_representativo_grade_2022_within_bacia","pop_n_validos":1,"pop_n_total":1,"pop_completude":1.0,"dom_n_validos":1,"dom_n_total":1,"dom_completude":1.0},"geometry":{"type":"Polygon","coordinates":[[[-51.77845325355738,-28.213059334354156],[-51.778532004903255,-28.203791580913666],[-51.768615156747096,-28.203717824344423],[-51.76853605387735,-28.21298557151892],[-51.77845325355738,-28.213059334354156]]]}},{"type":"Feature","properties":{"id_grade":"1KME5229N8201","pop":14,"dom":5,"universo_dom":"domicilios_ocupados_grade_ibge_2022","na_bacia":0,"area_pct_bacia":0.0,"metodo_recorte_bacia":"ponto_representativo_grade_2022; area_pct_geometrica","status_borda_bacia":"total","metodo_area_bacia":"interse??o geom?trica em EPSG:5880","metodo_na_bacia":"ponto_representativo_grade_2022_within_bacia","pop_n_validos":1,"pop_n_total":1,"pop_completude":1.0,"dom_n_validos":1,"dom_n_total":1,"dom_completude":1.0},"geometry":{"type":"Polygon","coordinates":[[[-51.72886731149135,-28.212687235036704],[-51.7289478204506,-28.203419513205855],[-51.7190310005831,-28.203344114209134],[-51.71895014010298,-28.21261182963437],[-51.72886731149135,-28.212687235036704]]]}},{"type":"Feature","properties":{"id_grade":"1KME5232N8201","pop":9,"dom":2,"universo_dom":"domicilios_ocupados_grade_ibge_2022","na_bacia":0,"area_pct_bacia":0.0,"metodo_recorte_bacia":"ponto_representativo_grade_2022; area_pct_geometrica","status_borda_bacia":"total","metodo_area_bacia":"interse??o geom?trica em EPSG:5880","metodo_na_bacia":"ponto_representativo_grade_2022_within_bacia","pop_n_validos":1,"pop_n_total":1,"pop_completude":1.0,"dom_n_validos":1,"dom_n_total":1,"dom_completude":1.0},"geometry":{"type":"Polygon","coordinates":[[[-51.69911581455046,-28.21246003329638],[-51.699197378070465,-28.20319233076605],[-51.68928057547517,-28.203115946320896],[-51.68919866043613,-28.212383642361903],[-51.69911581455046,-28.21246003329638]]]}},{"type":"Feature","properties":{"id_grade":"1KME5222N8202","pop":4,"dom":1,"universo_dom":"domicilios_ocupados_grade_ibge_2022","na_bacia":0,"area_pct_bacia":0.0,"metodo_recorte_bacia":"ponto_representativo_grade_2022; area_pct_geometrica","status_borda_bacia":"total","metodo_area_bacia":"interse??o geom?trica em EPSG:5880","metodo_na_bacia":"ponto_representativo_grade_2022_within_bacia","pop_n_validos":1,"pop_n_total":1,"pop_completude":1.0,"dom_n_validos":1,"dom_n_total":1,"dom_completude":1.0},"geometry":{"type":"Polygon","coordinates":[[[-51.79836571793959,-28.203938108588552],[-51.798443760702796,-28.194670801315617],[-51.788527252905745,-28.194597707929198],[-51.78844885864239,-28.203865008995137],[-51.79836571793959,-28.203938108588552]]]}},{"type":"Feature","properties":{"id_grade":"1KME5228N8202","pop":4,"dom":2,"universo_dom":"domicilios_ocupados_grade_ibge_2022","na_bacia":0,"area_pct_bacia":0.0,"metodo_recorte_bacia":"ponto_representativo_grade_2022; area_pct_geometrica","status_borda_bacia":"total","metodo_area_bacia":"interse??o geom?trica em EPSG:5880","metodo_na_bacia":"ponto_representativo_grade_2022_within_bacia","pop_n_validos":1,"pop_n_total":1,"pop_completude":1.0,"dom_n_validos":1,"dom_n_total":1,"dom_completude":1.0},"geometry":{"type":"Polygon","coordinates":[[[-51.738864646025675,-28.203494583718566],[-51.7389447977808,-28.194227314106744],[-51.729028323702295,-28.194152249968678],[-51.7289478204506,-28.203419513205855],[-51.738864646025675,-28.203494583718566]]]}},{"type":"Feature","properties":{"id_grade":"1KME5229N8202","pop":8,"dom":3,"universo_dom":"domicilios_ocupados_grade_ibge_2022","na_bacia":0,"area_pct_bacia":0.0,"metodo_recorte_bacia":"ponto_representativo_grade_2022; area_pct_geometrica","status_borda_bacia":"total","metodo_area_bacia":"interse??o geom?trica em EPSG:5880","metodo_na_bacia":"ponto_representativo_grade_2022_within_bacia","pop_n_validos":1,"pop_n_total":1,"pop_completude":1.0,"dom_n_validos":1,"dom_n_total":1,"dom_completude":1.0},"geometry":{"type":"Polygon","coordinates":[[[-51.7289478204506,-28.203419513205855],[-51.729028323702295,-28.194152249968678],[-51.71911185533074,-28.19407685737421],[-51.7190310005831,-28.203344114209134],[-51.7289478204506,-28.203419513205855]]]}},{"type":"Feature","properties":{"id_grade":"1KME5231N8202","pop":1,"dom":1,"universo_dom":"domicilios_ocupados_grade_ibge_2022","na_bacia":0,"area_pct_bacia":0.0,"metodo_recorte_bacia":"ponto_representativo_grade_2022; area_pct_geometrica","status_borda_bacia":"total","metodo_area_bacia":"interse??o geom?trica em EPSG:5880","metodo_na_bacia":"ponto_representativo_grade_2022_within_bacia","pop_n_validos":1,"pop_n_total":1,"pop_completude":1.0,"dom_n_validos":1,"dom_n_total":1,"dom_completude":1.0},"geometry":{"type":"Polygon","coordinates":[[[-51.70911418644809,-28.203268386729242],[-51.709195392691065,-28.194001136324157],[-51.699278935808174,-28.193925086819167],[-51.699197378070465,-28.20319233076605],[-51.70911418644809,-28.203268386729242]]]}},{"type":"Feature","properties":{"id_grade":"1KME5232N8202","pop":3,"dom":1,"universo_dom":"domicilios_ocupados_grade_ibge_2022","na_bacia":0,"area_pct_bacia":0.0,"metodo_recorte_bacia":"ponto_representativo_grade_2022; area_pct_geometrica","status_borda_bacia":"total","metodo_area_bacia":"interse??o geom?trica em EPSG:5880","metodo_na_bacia":"ponto_representativo_grade_2022_within_bacia","pop_n_validos":1,"pop_n_total":1,"pop_completude":1.0,"dom_n_validos":1,"dom_n_total":1,"dom_completude":1.0},"geometry":{"type":"Polygon","coordinates":[[[-51.699197378070465,-28.20319233076605],[-51.699278935808174,-28.193925086819167],[-51.68936248470699,-28.193848708859946],[-51.68928057547517,-28.203115946320896],[-51.699197378070465,-28.20319233076605]]]}},{"type":"Feature","properties":{"id_grade":"1KME5233N8202","pop":5,"dom":2,"universo_dom":"domicilios_ocupados_grade_ibge_2022","na_bacia":0,"area_pct_bacia":0.0,"metodo_recorte_bacia":"ponto_representativo_grade_2022; area_pct_geometrica","status_borda_bacia":"total","metodo_area_bacia":"interse??o geom?trica em EPSG:5880","metodo_na_bacia":"ponto_representativo_grade_2022_within_bacia","pop_n_validos":1,"pop_n_total":1,"pop_completude":1.0,"dom_n_validos":1,"dom_n_total":1,"dom_completude":1.0},"geometry":{"type":"Polygon","coordinates":[[[-51.68928057547517,-28.203115946320896],[-51.68936248470699,-28.193848708859946],[-51.679446039412426,-28.193772002447034],[-51.67936377868711,-28.203039233394488],[-51.68928057547517,-28.203115946320896]]]}},{"type":"Feature","properties":{"id_grade":"1KME5233N8203","pop":2,"dom":1,"universo_dom":"domicilios_ocupados_grade_ibge_2022","na_bacia":0,"area_pct_bacia":0.0,"metodo_recorte_bacia":"ponto_representativo_grade_2022; area_pct_geometrica","status_borda_bacia":"total","metodo_area_bacia":"interse??o geom?trica em EPSG:5880","metodo_na_bacia":"ponto_representativo_grade_2022_within_bacia","pop_n_validos":1,"pop_n_total":1,"pop_completude":1.0,"dom_n_validos":1,"dom_n_total":1,"dom_completude":1.0},"geometry":{"type":"Polygon","coordinates":[[[-51.68936248470699,-28.193848708859946],[-51.68944438813218,-28.18458192962047],[-51.679528294306195,-28.18450522971768],[-51.679446039412426,-28.193772002447034],[-51.68936248470699,-28.193848708859946]]]}},{"type":"Feature","properties":{"id_grade":"1KME5233N8204","pop":2,"dom":1,"universo_dom":"domicilios_ocupados_grade_ibge_2022","na_bacia":0,"area_pct_bacia":0.0,"metodo_recorte_bacia":"ponto_representativo_grade_2022; area_pct_geometrica","status_borda_bacia":"total","metodo_area_bacia":"interse??o geom?trica em EPSG:5880","metodo_na_bacia":"ponto_representativo_grade_2022_within_bacia","pop_n_validos":1,"pop_n_total":1,"pop_completude":1.0,"dom_n_validos":1,"dom_n_total":1,"dom_completude":1.0},"geometry":{"type":"Polygon","coordinates":[[[-51.68944438813218,-28.18458192962047],[-51.689526285751384,-28.175315608243636],[-51.67961054336906,-28.175238914847988],[-51.679528294306195,-28.18450522971768],[-51.68944438813218,-28.18458192962047]]]}},{"type":"Feature","properties":{"id_grade":"1KME5236N8204","pop":4,"dom":2,"universo_dom":"domicilios_ocupados_grade_ibge_2022","na_bacia":0,"area_pct_bacia":0.0,"metodo_recorte_bacia":"ponto_representativo_grade_2022; area_pct_geometrica","status_borda_bacia":"total","metodo_area_bacia":"interse??o geom?trica em EPSG:5880","metodo_na_bacia":"ponto_representativo_grade_2022_within_bacia","pop_n_validos":1,"pop_n_total":1,"pop_completude":1.0,"dom_n_validos":1,"dom_n_total":1,"dom_completude":1.0},"geometry":{"type":"Polygon","coordinates":[[[-51.659696124171866,-28.18435084463842],[-51.65977907612021,-28.175084542865697],[-51.64986335130349,-28.175006864280757],[-51.649780047913346,-28.184273159462798],[-51.659696124171866,-28.18435084463842]]]}},{"type":"Feature","properties":{"id_grade":"1KME5232N8205","pop":10,"dom":5,"universo_dom":"domicilios_ocupados_grade_ibge_2022","na_bacia":0,"area_pct_bacia":0.0,"metodo_recorte_bacia":"ponto_representativo_grade_2022; area_pct_geometrica","status_borda_bacia":"total","metodo_area_bacia":"interse??o geom?trica em EPSG:5880","metodo_na_bacia":"ponto_representativo_grade_2022_within_bacia","pop_n_validos":1,"pop_n_total":1,"pop_completude":1.0,"dom_n_validos":1,"dom_n_total":1,"dom_completude":1.0},"geometry":{"type":"Polygon","coordinates":[[[-51.699442033939086,-28.175391973241364],[-51.69952357433352,-28.16612610289426],[-51.689608177565205,-28.16604974437217],[-51.689526285751384,-28.175315608243636],[-51.699442033939086,-28.175391973241364]]]}},{"type":"Feature","properties":{"id_grade":"1KME5235N8205","pop":2,"dom":1,"universo_dom":"domicilios_ocupados_grade_ibge_2022","na_bacia":0,"area_pct_bacia":0.0,"metodo_recorte_bacia":"ponto_representativo_grade_2022; area_pct_geometrica","status_borda_bacia":"total","metodo_area_bacia":"interse??o geom?trica em EPSG:5880","metodo_na_bacia":"ponto_representativo_grade_2022_within_bacia","pop_n_validos":1,"pop_n_total":1,"pop_completude":1.0,"dom_n_validos":1,"dom_n_total":1,"dom_completude":1.0},"geometry":{"type":"Polygon","coordinates":[[[-51.669694806817034,-28.17516189305503],[-51.66977740146775,-28.165896042218368],[-51.659862022188435,-28.165818698588108],[-51.65977907612021,-28.175084542865697],[-51.669694806817034,-28.17516189305503]]]}},{"type":"Feature","properties":{"id_grade":"200ME52322N81942","pop":46,"dom":14,"universo_dom":"domicilios_ocupados_grade_ibge_2022","na_bacia":0,"area_pct_bacia":0.0,"metodo_recorte_bacia":"ponto_representativo_grade_2022; area_pct_geometrica","status_borda_bacia":"total","metodo_area_bacia":"interse??o geom?trica em EPSG:5880","metodo_na_bacia":"ponto_representativo_grade_2022_within_bacia","pop_n_validos":1,"pop_n_total":1,"pop_completude":1.0,"dom_n_validos":1,"dom_n_total":1,"dom_completude":1.0},"geometry":{"type":"Polygon","coordinates":[[[-51.69656078475237,-28.277331560802846],[-51.696577120038,-28.27547733950757],[-51.69459321020844,-28.27546206542199],[-51.69457686143294,-28.27731628671724],[-51.69656078475237,-28.277331560802846]]]}},{"type":"Feature","properties":{"id_grade":"200ME52324N81942","pop":87,"dom":29,"universo_dom":"domicilios_ocupados_grade_ibge_2022","na_bacia":0,"area_pct_bacia":0.0,"metodo_recorte_bacia":"ponto_representativo_grade_2022; area_pct_geometrica","status_borda_bacia":"total","metodo_area_bacia":"interse??o geom?trica em EPSG:5880","metodo_na_bacia":"ponto_representativo_grade_2022_within_bacia","pop_n_validos":1,"pop_n_total":1,"pop_completude":1.0,"dom_n_validos":1,"dom_n_total":1,"dom_completude":1.0},"geometry":{"type":"Polygon","coordinates":[[[-51.69457686143294,-28.27731628671724],[-51.69459321020844,-28.27546206542199],[-51.69260930127819,-28.27544677874579],[-51.692592938113535,-28.277300999141758],[-51.69457686143294,-28.27731628671724]]]}},{"type":"Feature","properties":{"id_grade":"200ME52326N81942","pop":27,"dom":10,"universo_dom":"domicilios_ocupados_grade_ibge_2022","na_bacia":0,"area_pct_bacia":0.0,"metodo_recorte_bacia":"ponto_representativo_grade_2022; area_pct_geometrica","status_borda_bacia":"total","metodo_area_bacia":"interse??o geom?trica em EPSG:5880","metodo_na_bacia":"ponto_representativo_grade_2022_within_bacia","pop_n_validos":1,"pop_n_total":1,"pop_completude":1.0,"dom_n_validos":1,"dom_n_total":1,"dom_completude":1.0},"geometry":{"type":"Polygon","coordinates":[[[-51.692592938113535,-28.277300999141758],[-51.69260930127819,-28.27544677874579],[-51.69062539234795,-28.27543147857985],[-51.69060901479418,-28.277285698975845],[-51.692592938113535,-28.277300999141758]]]}},{"type":"Feature","properties":{"id_grade":"200ME52328N81942","pop":42,"dom":19,"universo_dom":"domicilios_ocupados_grade_ibge_2022","na_bacia":0,"area_pct_bacia":0.0,"metodo_recorte_bacia":"ponto_representativo_grade_2022; area_pct_geometrica","status_borda_bacia":"total","metodo_area_bacia":"interse??o geom?trica em EPSG:5880","metodo_na_bacia":"ponto_representativo_grade_2022_within_bacia","pop_n_validos":1,"pop_n_total":1,"pop_completude":1.0,"dom_n_validos":1,"dom_n_total":1,"dom_completude":1.0},"geometry":{"type":"Polygon","coordinates":[[[-51.69060901479418,-28.277285698975845],[-51.69062539234795,-28.27543147857985],[-51.68864148431703,-28.27541616492402],[-51.68862509237408,-28.277270385319976],[-51.69060901479418,-28.277285698975845]]]}},{"type":"Feature","properties":{"id_grade":"200ME52320N81944","pop":9,"dom":4,"universo_dom":"domicilios_ocupados_grade_ibge_2022","na_bacia":0,"area_pct_bacia":0.0,"metodo_recorte_bacia":"ponto_representativo_grade_2022; area_pct_geometrica","status_borda_bacia":"total","metodo_area_bacia":"interse??o geom?trica em EPSG:5880","metodo_na_bacia":"ponto_representativo_grade_2022_within_bacia","pop_n_validos":1,"pop_n_total":1,"pop_completude":1.0,"dom_n_validos":1,"dom_n_total":1,"dom_completude":1.0},"geometry":{"type":"Polygon","coordinates":[[[-51.698561028968236,-28.275492600103426],[-51.698577349864756,-28.273638396794528],[-51.69659345442431,-28.273623136198786],[-51.696577120038,-28.27547733950757],[-51.698561028968236,-28.275492600103426]]]}},{"type":"Feature","properties":{"id_grade":"200ME52322N81944","pop":56,"dom":22,"universo_dom":"domicilios_ocupados_grade_ibge_2022","na_bacia":0,"area_pct_bacia":0.0,"metodo_recorte_bacia":"ponto_representativo_grade_2022; area_pct_geometrica","status_borda_bacia":"total","metodo_area_bacia":"interse??o geom?trica em EPSG:5880","metodo_na_bacia":"ponto_representativo_grade_2022_within_bacia","pop_n_validos":1,"pop_n_total":1,"pop_completude":1.0,"dom_n_validos":1,"dom_n_total":1,"dom_completude":1.0},"geometry":{"type":"Polygon","coordinates":[[[-51.696577120038,-28.27547733950757],[-51.69659345442431,-28.273623136198786],[-51.69460955988325,-28.27360786301244],[-51.69459321020844,-28.27546206542199],[-51.696577120038,-28.27547733950757]]]}},{"type":"Feature","properties":{"id_grade":"200ME52324N81944","pop":60,"dom":16,"universo_dom":"domicilios_ocupados_grade_ibge_2022","na_bacia":0,"area_pct_bacia":0.0,"metodo_recorte_bacia":"ponto_representativo_grade_2022; area_pct_geometrica","status_borda_bacia":"total","metodo_area_bacia":"interse??o geom?trica em EPSG:5880","metodo_na_bacia":"ponto_representativo_grade_2022_within_bacia","pop_n_validos":1,"pop_n_total":1,"pop_completude":1.0,"dom_n_validos":1,"dom_n_total":1,"dom_completude":1.0},"geometry":{"type":"Polygon","coordinates":[[[-51.69459321020844,-28.27546206542199],[-51.69460955988325,-28.27360786301244],[-51.69262566444281,-28.273592576336327],[-51.69260930127819,-28.27544677874579],[-51.69459321020844,-28.27546206542199]]]}},{"type":"Feature","properties":{"id_grade":"200ME52326N81944","pop":62,"dom":25,"universo_dom":"domicilios_ocupados_grade_ibge_2022","na_bacia":0,"area_pct_bacia":0.0,"metodo_recorte_bacia":"ponto_representativo_grade_2022; area_pct_geometrica","status_borda_bacia":"total","metodo_area_bacia":"interse??o geom?trica em EPSG:5880","metodo_na_bacia":"ponto_representativo_grade_2022_within_bacia","pop_n_validos":1,"pop_n_total":1,"pop_completude":1.0,"dom_n_validos":1,"dom_n_total":1,"dom_completude":1.0},"geometry":{"type":"Polygon","coordinates":[[[-51.69260930127819,-28.27544677874579],[-51.69262566444281,-28.273592576336327],[-51.69064176990173,-28.273577276170304],[-51.69062539234795,-28.27543147857985],[-51.69260930127819,-28.27544677874579]]]}},{"type":"Feature","properties":{"id_grade":"200ME52328N81944","pop":27,"dom":11,"universo_dom":"domicilios_ocupados_grade_ibge_2022","na_bacia":0,"area_pct_bacia":0.0,"metodo_recorte_bacia":"ponto_representativo_grade_2022; area_pct_geometrica","status_borda_bacia":"total","metodo_area_bacia":"interse??o geom?trica em EPSG:5880","metodo_na_bacia":"ponto_representativo_grade_2022_within_bacia","pop_n_validos":1,"pop_n_total":1,"pop_completude":1.0,"dom_n_validos":1,"dom_n_total":1,"dom_completude":1.0},"geometry":{"type":"Polygon","coordinates":[[[-51.69062539234795,-28.27543147857985],[-51.69064176990173,-28.273577276170304],[-51.688657875360605,-28.273561963413872],[-51.68864148431703,-28.27541616492402],[-51.69062539234795,-28.27543147857985]]]}},{"type":"Feature","properties":{"id_grade":"200ME52320N81946","pop":3,"dom":1,"universo_dom":"domicilios_ocupados_grade_ibge_2022","na_bacia":0,"area_pct_bacia":0.0,"metodo_recorte_bacia":"ponto_representativo_grade_2022; area_pct_geometrica","status_borda_bacia":"total","metodo_area_bacia":"interse??o geom?trica em EPSG:5880","metodo_na_bacia":"ponto_representativo_grade_2022_within_bacia","pop_n_validos":1,"pop_n_total":1,"pop_completude":1.0,"dom_n_validos":1,"dom_n_total":1,"dom_completude":1.0},"geometry":{"type":"Polygon","coordinates":[[[-51.698577349864756,-28.273638396794528],[-51.69859367076123,-28.271784212371468],[-51.69660978971001,-28.271768952674982],[-51.69659345442431,-28.273623136198786],[-51.698577349864756,-28.273638396794528]]]}},{"type":"Feature","properties":{"id_grade":"200ME52324N81946","pop":22,"dom":9,"universo_dom":"domicilios_ocupados_grade_ibge_2022","na_bacia":0,"area_pct_bacia":0.0,"metodo_recorte_bacia":"ponto_representativo_grade_2022; area_pct_geometrica","status_borda_bacia":"total","metodo_area_bacia":"interse??o geom?trica em EPSG:5880","metodo_na_bacia":"ponto_representativo_grade_2022_within_bacia","pop_n_validos":1,"pop_n_total":1,"pop_completude":1.0,"dom_n_validos":1,"dom_n_total":1,"dom_completude":1.0},"geometry":{"type":"Polygon","coordinates":[[[-51.69460955988325,-28.27360786301244],[-51.694625908658736,-28.271753678589285],[-51.69264202760746,-28.271738392812534],[-51.69262566444281,-28.273592576336327],[-51.69460955988325,-28.27360786301244]]]}},{"type":"Feature","properties":{"id_grade":"200ME52326N81946","pop":62,"dom":24,"universo_dom":"domicilios_ocupados_grade_ibge_2022","na_bacia":0,"area_pct_bacia":0.0,"metodo_recorte_bacia":"ponto_representativo_grade_2022; area_pct_geometrica","status_borda_bacia":"total","metodo_area_bacia":"interse??o geom?trica em EPSG:5880","metodo_na_bacia":"ponto_representativo_grade_2022_within_bacia","pop_n_validos":1,"pop_n_total":1,"pop_completude":1.0,"dom_n_validos":1,"dom_n_total":1,"dom_completude":1.0},"geometry":{"type":"Polygon","coordinates":[[[-51.69262566444281,-28.273592576336327],[-51.69264202760746,-28.271738392812534],[-51.69065814745551,-28.271723092646518],[-51.69064176990173,-28.273577276170304],[-51.69262566444281,-28.273592576336327]]]}},{"type":"Feature","properties":{"id_grade":"200ME52328N81946","pop":88,"dom":33,"universo_dom":"domicilios_ocupados_grade_ibge_2022","na_bacia":0,"area_pct_bacia":0.0,"metodo_recorte_bacia":"ponto_representativo_grade_2022; area_pct_geometrica","status_borda_bacia":"total","metodo_area_bacia":"interse??o geom?trica em EPSG:5880","metodo_na_bacia":"ponto_representativo_grade_2022_within_bacia","pop_n_validos":1,"pop_n_total":1,"pop_completude":1.0,"dom_n_validos":1,"dom_n_total":1,"dom_completude":1.0},"geometry":{"type":"Polygon","coordinates":[[[-51.69064176990173,-28.273577276170304],[-51.69065814745551,-28.271723092646518],[-51.688674266404234,-28.271707779890104],[-51.688657875360605,-28.273561963413872],[-51.69064176990173,-28.273577276170304]]]}},{"type":"Feature","properties":{"id_grade":"200ME52320N81948","pop":13,"dom":4,"universo_dom":"domicilios_ocupados_grade_ibge_2022","na_bacia":0,"area_pct_bacia":0.0,"metodo_recorte_bacia":"ponto_representativo_grade_2022; area_pct_geometrica","status_borda_bacia":"total","metodo_area_bacia":"interse??o geom?trica em EPSG:5880","metodo_na_bacia":"ponto_representativo_grade_2022_within_bacia","pop_n_validos":1,"pop_n_total":1,"pop_completude":1.0,"dom_n_validos":1,"dom_n_total":1,"dom_completude":1.0},"geometry":{"type":"Polygon","coordinates":[[[-51.69859367076123,-28.271784212371468],[-51.69860999165775,-28.269930046834144],[-51.696626124096326,-28.26991478623832],[-51.69660978971001,-28.271768952674982],[-51.69859367076123,-28.271784212371468]]]}},{"type":"Feature","properties":{"id_grade":"200ME52322N81948","pop":5,"dom":3,"universo_dom":"domicilios_ocupados_grade_ibge_2022","na_bacia":0,"area_pct_bacia":0.0,"metodo_recorte_bacia":"ponto_representativo_grade_2022; area_pct_geometrica","status_borda_bacia":"total","metodo_area_bacia":"interse??o geom?trica em EPSG:5880","metodo_na_bacia":"ponto_representativo_grade_2022_within_bacia","pop_n_validos":1,"pop_n_total":1,"pop_completude":1.0,"dom_n_validos":1,"dom_n_total":1,"dom_completude":1.0},"geometry":{"type":"Polygon","coordinates":[[[-51.69660978971001,-28.271768952674982],[-51.696626124096326,-28.26991478623832],[-51.69464225743417,-28.269899513052053],[-51.694625908658736,-28.271753678589285],[-51.69660978971001,-28.271768952674982]]]}},{"type":"Feature","properties":{"id_grade":"200ME52324N81948","pop":9,"dom":4,"universo_dom":"domicilios_ocupados_grade_ibge_2022","na_bacia":0,"area_pct_bacia":0.0,"metodo_recorte_bacia":"ponto_representativo_grade_2022; area_pct_geometrica","status_borda_bacia":"total","metodo_area_bacia":"interse??o geom?trica em EPSG:5880","metodo_na_bacia":"ponto_representativo_grade_2022_within_bacia","pop_n_validos":1,"pop_n_total":1,"pop_completude":1.0,"dom_n_validos":1,"dom_n_total":1,"dom_completude":1.0},"geometry":{"type":"Polygon","coordinates":[[[-51.694625908658736,-28.271753678589285],[-51.69464225743417,-28.269899513052053],[-51.69265839077207,-28.269884227275234],[-51.69264202760746,-28.271738392812534],[-51.694625908658736,-28.271753678589285]]]}},{"type":"Feature","properties":{"id_grade":"200ME52326N81948","pop":64,"dom":25,"universo_dom":"domicilios_ocupados_grade_ibge_2022","na_bacia":0,"area_pct_bacia":0.0,"metodo_recorte_bacia":"ponto_representativo_grade_2022; area_pct_geometrica","status_borda_bacia":"total","metodo_area_bacia":"interse??o geom?trica em EPSG:5880","metodo_na_bacia":"ponto_representativo_grade_2022_within_bacia","pop_n_validos":1,"pop_n_total":1,"pop_completude":1.0,"dom_n_validos":1,"dom_n_total":1,"dom_completude":1.0},"geometry":{"type":"Polygon","coordinates":[[[-51.69264202760746,-28.271738392812534],[-51.69265839077207,-28.269884227275234],[-51.69067452410997,-28.26986892800851],[-51.69065814745551,-28.271723092646518],[-51.69264202760746,-28.271738392812534]]]}},{"type":"Feature","properties":{"id_grade":"200ME52328N81948","pop":43,"dom":19,"universo_dom":"domicilios_ocupados_grade_ibge_2022","na_bacia":0,"area_pct_bacia":0.0,"metodo_recorte_bacia":"ponto_representativo_grade_2022; area_pct_geometrica","status_borda_bacia":"total","metodo_area_bacia":"interse??o geom?trica em EPSG:5880","metodo_na_bacia":"ponto_representativo_grade_2022_within_bacia","pop_n_validos":1,"pop_n_total":1,"pop_completude":1.0,"dom_n_validos":1,"dom_n_total":1,"dom_completude":1.0},"geometry":{"type":"Polygon","coordinates":[[[-51.69065814745551,-28.271723092646518],[-51.69067452410997,-28.26986892800851],[-51.688690657447864,-28.26985361525214],[-51.688674266404234,-28.271707779890104],[-51.69065814745551,-28.271723092646518]]]}},{"type":"Feature","properties":{"id_grade":"200ME52324N81950","pop":11,"dom":3,"universo_dom":"domicilios_ocupados_grade_ibge_2022","na_bacia":0,"area_pct_bacia":0.0,"metodo_recorte_bacia":"ponto_representativo_grade_2022; area_pct_geometrica","status_borda_bacia":"total","metodo_area_bacia":"interse??o geom?trica em EPSG:5880","metodo_na_bacia":"ponto_representativo_grade_2022_within_bacia","pop_n_validos":1,"pop_n_total":1,"pop_completude":1.0,"dom_n_validos":1,"dom_n_total":1,"dom_completude":1.0},"geometry":{"type":"Polygon","coordinates":[[[-51.69464225743417,-28.269899513052053],[-51.694658606209664,-28.26804536640048],[-51.6926747530374,-28.268030080623742],[-51.69265839077207,-28.269884227275234],[-51.69464225743417,-28.269899513052053]]]}},{"type":"Feature","properties":{"id_grade":"200ME52326N81950","pop":33,"dom":14,"universo_dom":"domicilios_ocupados_grade_ibge_2022","na_bacia":0,"area_pct_bacia":0.0,"metodo_recorte_bacia":"ponto_representativo_grade_2022; area_pct_geometrica","status_borda_bacia":"total","metodo_area_bacia":"interse??o geom?trica em EPSG:5880","metodo_na_bacia":"ponto_representativo_grade_2022_within_bacia","pop_n_validos":1,"pop_n_total":1,"pop_completude":1.0,"dom_n_validos":1,"dom_n_total":1,"dom_completude":1.0},"geometry":{"type":"Polygon","coordinates":[[[-51.69265839077207,-28.269884227275234],[-51.6926747530374,-28.268030080623742],[-51.690690900764416,-28.268014781357],[-51.69067452410997,-28.26986892800851],[-51.69265839077207,-28.269884227275234]]]}},{"type":"Feature","properties":{"id_grade":"200ME52328N81950","pop":53,"dom":20,"universo_dom":"domicilios_ocupados_grade_ibge_2022","na_bacia":0,"area_pct_bacia":0.0,"metodo_recorte_bacia":"ponto_representativo_grade_2022; area_pct_geometrica","status_borda_bacia":"total","metodo_area_bacia":"interse??o geom?trica em EPSG:5880","metodo_na_bacia":"ponto_representativo_grade_2022_within_bacia","pop_n_validos":1,"pop_n_total":1,"pop_completude":1.0,"dom_n_validos":1,"dom_n_total":1,"dom_completude":1.0},"geometry":{"type":"Polygon","coordinates":[[[-51.69067452410997,-28.26986892800851],[-51.690690900764416,-28.268014781357],[-51.68870704849144,-28.267999468600596],[-51.688690657447864,-28.26985361525214],[-51.69067452410997,-28.26986892800851]]]}},{"type":"Feature","properties":{"id_grade":"200ME52320N81952","pop":2,"dom":1,"universo_dom":"domicilios_ocupados_grade_ibge_2022","na_bacia":0,"area_pct_bacia":0.0,"metodo_recorte_bacia":"ponto_representativo_grade_2022; area_pct_geometrica","status_borda_bacia":"total","metodo_area_bacia":"interse??o geom?trica em EPSG:5880","metodo_na_bacia":"ponto_representativo_grade_2022_within_bacia","pop_n_validos":1,"pop_n_total":1,"pop_completude":1.0,"dom_n_validos":1,"dom_n_total":1,"dom_completude":1.0},"geometry":{"type":"Polygon","coordinates":[[[-51.69862631165489,-28.26807589838395],[-51.6986426316521,-28.26622176971885],[-51.69665879286896,-28.266206510022357],[-51.69664245848264,-28.26806063868742],[-51.69862631165489,-28.26807589838395]]]}},{"type":"Feature","properties":{"id_grade":"200ME52322N81952","pop":18,"dom":6,"universo_dom":"domicilios_ocupados_grade_ibge_2022","na_bacia":0,"area_pct_bacia":0.0,"metodo_recorte_bacia":"ponto_representativo_grade_2022; area_pct_geometrica","status_borda_bacia":"total","metodo_area_bacia":"interse??o geom?trica em EPSG:5880","metodo_na_bacia":"ponto_representativo_grade_2022_within_bacia","pop_n_validos":1,"pop_n_total":1,"pop_completude":1.0,"dom_n_validos":1,"dom_n_total":1,"dom_completude":1.0},"geometry":{"type":"Polygon","coordinates":[[[-51.69664245848264,-28.26806063868742],[-51.69665879286896,-28.266206510022357],[-51.69467495408583,-28.266191237735384],[-51.694658606209664,-28.26804536640048],[-51.69664245848264,-28.26806063868742]]]}},{"type":"Feature","properties":{"id_grade":"200ME52324N81952","pop":33,"dom":11,"universo_dom":"domicilios_ocupados_grade_ibge_2022","na_bacia":0,"area_pct_bacia":0.0,"metodo_recorte_bacia":"ponto_representativo_grade_2022; area_pct_geometrica","status_borda_bacia":"total","metodo_area_bacia":"interse??o geom?trica em EPSG:5880","metodo_na_bacia":"ponto_representativo_grade_2022_within_bacia","pop_n_validos":1,"pop_n_total":1,"pop_completude":1.0,"dom_n_validos":1,"dom_n_total":1,"dom_completude":1.0},"geometry":{"type":"Polygon","coordinates":[[[-51.694658606209664,-28.26804536640048],[-51.69467495408583,-28.266191237735384],[-51.692691115302694,-28.266175951958598],[-51.6926747530374,-28.268030080623742],[-51.694658606209664,-28.26804536640048]]]}},{"type":"Feature","properties":{"id_grade":"200ME52326N81952","pop":4,"dom":1,"universo_dom":"domicilios_ocupados_grade_ibge_2022","na_bacia":0,"area_pct_bacia":0.0,"metodo_recorte_bacia":"ponto_representativo_grade_2022; area_pct_geometrica","status_borda_bacia":"total","metodo_area_bacia":"interse??o geom?trica em EPSG:5880","metodo_na_bacia":"ponto_representativo_grade_2022_within_bacia","pop_n_validos":1,"pop_n_total":1,"pop_completude":1.0,"dom_n_validos":1,"dom_n_total":1,"dom_completude":1.0},"geometry":{"type":"Polygon","coordinates":[[[-51.6926747530374,-28.268030080623742],[-51.692691115302694,-28.266175951958598],[-51.69070727651956,-28.266160652691973],[-51.690690900764416,-28.268014781357],[-51.6926747530374,-28.268030080623742]]]}},{"type":"Feature","properties":{"id_grade":"200ME52328N81952","pop":22,"dom":8,"universo_dom":"domicilios_ocupados_grade_ibge_2022","na_bacia":0,"area_pct_bacia":0.0,"metodo_recorte_bacia":"ponto_representativo_grade_2022; area_pct_geometrica","status_borda_bacia":"total","metodo_area_bacia":"interse??o geom?trica em EPSG:5880","metodo_na_bacia":"ponto_representativo_grade_2022_within_bacia","pop_n_validos":1,"pop_n_total":1,"pop_completude":1.0,"dom_n_validos":1,"dom_n_total":1,"dom_completude":1.0},"geometry":{"type":"Polygon","coordinates":[[[-51.690690900764416,-28.268014781357],[-51.69070727651956,-28.266160652691973],[-51.68872343863575,-28.26614534083481],[-51.68870704849144,-28.267999468600596],[-51.690690900764416,-28.268014781357]]]}},{"type":"Feature","properties":{"id_grade":"200ME52320N81954","pop":3,"dom":1,"universo_dom":"domicilios_ocupados_grade_ibge_2022","na_bacia":0,"area_pct_bacia":0.0,"metodo_recorte_bacia":"ponto_representativo_grade_2022; area_pct_geometrica","status_borda_bacia":"total","metodo_area_bacia":"interse??o geom?trica em EPSG:5880","metodo_na_bacia":"ponto_representativo_grade_2022_within_bacia","pop_n_validos":1,"pop_n_total":1,"pop_completude":1.0,"dom_n_validos":1,"dom_n_total":1,"dom_completude":1.0},"geometry":{"type":"Polygon","coordinates":[[[-51.6986426316521,-28.26622176971885],[-51.69865895164924,-28.26436765904022],[-51.696675127255276,-28.26435239934373],[-51.69665879286896,-28.266206510022357],[-51.6986426316521,-28.26622176971885]]]}},{"type":"Feature","properties":{"id_grade":"200ME52322N81954","pop":6,"dom":3,"universo_dom":"domicilios_ocupados_grade_ibge_2022","na_bacia":0,"area_pct_bacia":0.0,"metodo_recorte_bacia":"ponto_representativo_grade_2022; area_pct_geometrica","status_borda_bacia":"total","metodo_area_bacia":"interse??o geom?trica em EPSG:5880","metodo_na_bacia":"ponto_representativo_grade_2022_within_bacia","pop_n_validos":1,"pop_n_total":1,"pop_completude":1.0,"dom_n_validos":1,"dom_n_total":1,"dom_completude":1.0},"geometry":{"type":"Polygon","coordinates":[[[-51.69665879286896,-28.266206510022357],[-51.696675127255276,-28.26435239934373],[-51.694691301961996,-28.264337127056688],[-51.69467495408583,-28.266191237735384],[-51.69665879286896,-28.266206510022357]]]}},{"type":"Feature","properties":{"id_grade":"200ME52328N81954","pop":125,"dom":47,"universo_dom":"domicilios_ocupados_grade_ibge_2022","na_bacia":0,"area_pct_bacia":0.0,"metodo_recorte_bacia":"ponto_representativo_grade_2022; area_pct_geometrica","status_borda_bacia":"total","metodo_area_bacia":"interse??o geom?trica em EPSG:5880","metodo_na_bacia":"ponto_representativo_grade_2022_within_bacia","pop_n_validos":1,"pop_n_total":1,"pop_completude":1.0,"dom_n_validos":1,"dom_n_total":1,"dom_completude":1.0},"geometry":{"type":"Polygon","coordinates":[[[-51.69070727651956,-28.266160652691973],[-51.69072365317402,-28.264306542912646],[-51.68873982878006,-28.264291231954804],[-51.68872343863575,-28.26614534083481],[-51.69070727651956,-28.266160652691973]]]}},{"type":"Feature","properties":{"id_grade":"200ME52328N81956","pop":93,"dom":26,"universo_dom":"domicilios_ocupados_grade_ibge_2022","na_bacia":0,"area_pct_bacia":0.0,"metodo_recorte_bacia":"ponto_representativo_grade_2022; area_pct_geometrica","status_borda_bacia":"total","metodo_area_bacia":"interse??o geom?trica em EPSG:5880","metodo_na_bacia":"ponto_representativo_grade_2022_within_bacia","pop_n_validos":1,"pop_n_total":1,"pop_completude":1.0,"dom_n_validos":1,"dom_n_total":1,"dom_completude":1.0},"geometry":{"type":"Polygon","coordinates":[[[-51.69072365317402,-28.264306542912646],[-51.690740028929156,-28.26245245201896],[-51.68875621892431,-28.26243714016181],[-51.68873982878006,-28.264291231954804],[-51.69072365317402,-28.264306542912646]]]}},{"type":"Feature","properties":{"id_grade":"200ME52320N81960","pop":8,"dom":3,"universo_dom":"domicilios_ocupados_grade_ibge_2022","na_bacia":0,"area_pct_bacia":0.0,"metodo_recorte_bacia":"ponto_representativo_grade_2022; area_pct_geometrica","status_borda_bacia":"total","metodo_area_bacia":"interse??o geom?trica em EPSG:5880","metodo_na_bacia":"ponto_representativo_grade_2022_within_bacia","pop_n_validos":1,"pop_n_total":1,"pop_completude":1.0,"dom_n_validos":1,"dom_n_total":1,"dom_completude":1.0},"geometry":{"type":"Polygon","coordinates":[[[-51.69869159074426,-28.26065949254149],[-51.69870790984215,-28.258805437620804],[-51.696724127716266,-28.258790178823617],[-51.69670779422927,-28.260644233744333],[-51.69869159074426,-28.26065949254149]]]}},{"type":"Feature","properties":{"id_grade":"200ME52322N81960","pop":3,"dom":3,"universo_dom":"domicilios_ocupados_grade_ibge_2022","na_bacia":0,"area_pct_bacia":0.0,"metodo_recorte_bacia":"ponto_representativo_grade_2022; area_pct_geometrica","status_borda_bacia":"total","metodo_area_bacia":"interse??o geom?trica em EPSG:5880","metodo_na_bacia":"ponto_representativo_grade_2022_within_bacia","pop_n_validos":1,"pop_n_total":1,"pop_completude":1.0,"dom_n_validos":1,"dom_n_total":1,"dom_completude":1.0},"geometry":{"type":"Polygon","coordinates":[[[-51.69670779422927,-28.260644233744333],[-51.696724127716266,-28.258790178823617],[-51.69474034469113,-28.25877490743589],[-51.69472399771428,-28.260628962356687],[-51.69670779422927,-28.260644233744333]]]}},{"type":"Feature","properties":{"id_grade":"200ME52330N81942","pop":38,"dom":15,"universo_dom":"domicilios_ocupados_grade_ibge_2022","na_bacia":0,"area_pct_bacia":0.0,"metodo_recorte_bacia":"ponto_representativo_grade_2022; area_pct_geometrica","status_borda_bacia":"total","metodo_area_bacia":"interse??o geom?trica em EPSG:5880","metodo_na_bacia":"ponto_representativo_grade_2022_within_bacia","pop_n_validos":1,"pop_n_total":1,"pop_completude":1.0,"dom_n_validos":1,"dom_n_total":1,"dom_completude":1.0},"geometry":{"type":"Polygon","coordinates":[[[-51.68862509237408,-28.277270385319976],[-51.68864148431703,-28.27541616492402],[-51.68665757538674,-28.27540083867778],[-51.68664116995399,-28.277255058174397],[-51.68862509237408,-28.277270385319976]]]}},{"type":"Feature","properties":{"id_grade":"200ME52334N81942","pop":9,"dom":3,"universo_dom":"domicilios_ocupados_grade_ibge_2022","na_bacia":0,"area_pct_bacia":0.0,"metodo_recorte_bacia":"ponto_representativo_grade_2022; area_pct_geometrica","status_borda_bacia":"total","metodo_area_bacia":"interse??o geom?trica em EPSG:5880","metodo_na_bacia":"ponto_representativo_grade_2022_within_bacia","pop_n_validos":1,"pop_n_total":1,"pop_completude":1.0,"dom_n_validos":1,"dom_n_total":1,"dom_completude":1.0},"geometry":{"type":"Polygon","coordinates":[[[-51.684657247533885,-28.27723971843822],[-51.68467366735581,-28.27538549894163],[-51.68268976022421,-28.27537014571564],[-51.68267332601312,-28.277224365212316],[-51.684657247533885,-28.27723971843822]]]}},{"type":"Feature","properties":{"id_grade":"200ME52330N81944","pop":82,"dom":31,"universo_dom":"domicilios_ocupados_grade_ibge_2022","na_bacia":0,"area_pct_bacia":0.0,"metodo_recorte_bacia":"ponto_representativo_grade_2022; area_pct_geometrica","status_borda_bacia":"total","metodo_area_bacia":"interse??o geom?trica em EPSG:5880","metodo_na_bacia":"ponto_representativo_grade_2022_within_bacia","pop_n_validos":1,"pop_n_total":1,"pop_completude":1.0,"dom_n_validos":1,"dom_n_total":1,"dom_completude":1.0},"geometry":{"type":"Polygon","coordinates":[[[-51.68864148431703,-28.27541616492402],[-51.688657875360605,-28.273561963413872],[-51.68667398081954,-28.27354663716755],[-51.68665757538674,-28.27540083867778],[-51.68864148431703,-28.27541616492402]]]}},{"type":"Feature","properties":{"id_grade":"200ME52332N81944","pop":16,"dom":7,"universo_dom":"domicilios_ocupados_grade_ibge_2022","na_bacia":0,"area_pct_bacia":0.0,"metodo_recorte_bacia":"ponto_representativo_grade_2022; area_pct_geometrica","status_borda_bacia":"total","metodo_area_bacia":"interse??o geom?trica em EPSG:5880","metodo_na_bacia":"ponto_representativo_grade_2022_within_bacia","pop_n_validos":1,"pop_n_total":1,"pop_completude":1.0,"dom_n_validos":1,"dom_n_total":1,"dom_completude":1.0},"geometry":{"type":"Polygon","coordinates":[[[-51.68665757538674,-28.27540083867778],[-51.68667398081954,-28.27354663716755],[-51.68469008717773,-28.2735312974313],[-51.68467366735581,-28.27538549894163],[-51.68665757538674,-28.27540083867778]]]}},{"type":"Feature","properties":{"id_grade":"200ME52334N81944","pop":7,"dom":4,"universo_dom":"domicilios_ocupados_grade_ibge_2022","na_bacia":0,"area_pct_bacia":0.0,"metodo_recorte_bacia":"ponto_representativo_grade_2022; area_pct_geometrica","status_borda_bacia":"total","metodo_area_bacia":"interse??o geom?trica em EPSG:5880","metodo_na_bacia":"ponto_representativo_grade_2022_within_bacia","pop_n_validos":1,"pop_n_total":1,"pop_completude":1.0,"dom_n_validos":1,"dom_n_total":1,"dom_completude":1.0},"geometry":{"type":"Polygon","coordinates":[[[-51.68467366735581,-28.27538549894163],[-51.68469008717773,-28.2735312974313],[-51.68270619353598,-28.27351594510474],[-51.68268976022421,-28.27537014571564],[-51.68467366735581,-28.27538549894163]]]}},{"type":"Feature","properties":{"id_grade":"200ME52336N81944","pop":2,"dom":1,"universo_dom":"domicilios_ocupados_grade_ibge_2022","na_bacia":0,"area_pct_bacia":0.0,"metodo_recorte_bacia":"ponto_representativo_grade_2022; area_pct_geometrica","status_borda_bacia":"total","metodo_area_bacia":"interse??o geom?trica em EPSG:5880","metodo_na_bacia":"ponto_representativo_grade_2022_within_bacia","pop_n_validos":1,"pop_n_total":1,"pop_completude":1.0,"dom_n_validos":1,"dom_n_total":1,"dom_completude":1.0},"geometry":{"type":"Polygon","coordinates":[[[-51.68268976022421,-28.27537014571564],[-51.68270619353598,-28.27351594510474],[-51.68072229989417,-28.273500579288275],[-51.680705852193284,-28.275354779899093],[-51.68268976022421,-28.27537014571564]]]}},{"type":"Feature","properties":{"id_grade":"200ME52330N81946","pop":106,"dom":37,"universo_dom":"domicilios_ocupados_grade_ibge_2022","na_bacia":0,"area_pct_bacia":0.0,"metodo_recorte_bacia":"ponto_representativo_grade_2022; area_pct_geometrica","status_borda_bacia":"total","metodo_area_bacia":"interse??o geom?trica em EPSG:5880","metodo_na_bacia":"ponto_representativo_grade_2022_within_bacia","pop_n_validos":1,"pop_n_total":1,"pop_completude":1.0,"dom_n_validos":1,"dom_n_total":1,"dom_completude":1.0},"geometry":{"type":"Polygon","coordinates":[[[-51.688657875360605,-28.273561963413872],[-51.688674266404234,-28.271707779890104],[-51.68669038625228,-28.271692453643755],[-51.68667398081954,-28.27354663716755],[-51.688657875360605,-28.273561963413872]]]}},{"type":"Feature","properties":{"id_grade":"200ME52332N81946","pop":13,"dom":4,"universo_dom":"domicilios_ocupados_grade_ibge_2022","na_bacia":0,"area_pct_bacia":0.0,"metodo_recorte_bacia":"ponto_representativo_grade_2022; area_pct_geometrica","status_borda_bacia":"total","metodo_area_bacia":"interse??o geom?trica em EPSG:5880","metodo_na_bacia":"ponto_representativo_grade_2022_within_bacia","pop_n_validos":1,"pop_n_total":1,"pop_completude":1.0,"dom_n_validos":1,"dom_n_total":1,"dom_completude":1.0},"geometry":{"type":"Polygon","coordinates":[[[-51.68667398081954,-28.27354663716755],[-51.68669038625228,-28.271692453643755],[-51.684706506100326,-28.271677114806966],[-51.68469008717773,-28.2735312974313],[-51.68667398081954,-28.27354663716755]]]}},{"type":"Feature","properties":{"id_grade":"200ME52338N81946","pop":8,"dom":3,"universo_dom":"domicilios_ocupados_grade_ibge_2022","na_bacia":0,"area_pct_bacia":0.0,"metodo_recorte_bacia":"ponto_representativo_grade_2022; area_pct_geometrica","status_borda_bacia":"total","metodo_area_bacia":"interse??o geom?trica em EPSG:5880","metodo_na_bacia":"ponto_representativo_grade_2022_within_bacia","pop_n_validos":1,"pop_n_total":1,"pop_completude":1.0,"dom_n_validos":1,"dom_n_total":1,"dom_completude":1.0},"geometry":{"type":"Polygon","coordinates":[[[-51.68072229989417,-28.273500579288275],[-51.680738747595065,-28.2716463975631],[-51.67875486834247,-28.27163101915615],[-51.67873840625243,-28.273485200881282],[-51.68072229989417,-28.273500579288275]]]}},{"type":"Feature","properties":{"id_grade":"200ME52330N81948","pop":104,"dom":36,"universo_dom":"domicilios_ocupados_grade_ibge_2022","na_bacia":0,"area_pct_bacia":0.0,"metodo_recorte_bacia":"ponto_representativo_grade_2022; area_pct_geometrica","status_borda_bacia":"total","metodo_area_bacia":"interse??o geom?trica em EPSG:5880","metodo_na_bacia":"ponto_representativo_grade_2022_within_bacia","pop_n_validos":1,"pop_n_total":1,"pop_completude":1.0,"dom_n_validos":1,"dom_n_total":1,"dom_completude":1.0},"geometry":{"type":"Polygon","coordinates":[[[-51.688674266404234,-28.271707779890104],[-51.688690657447864,-28.26985361525214],[-51.686706791685026,-28.269838289905113],[-51.68669038625228,-28.271692453643755],[-51.688674266404234,-28.271707779890104]]]}},{"type":"Feature","properties":{"id_grade":"200ME52332N81948","pop":26,"dom":9,"universo_dom":"domicilios_ocupados_grade_ibge_2022","na_bacia":0,"area_pct_bacia":0.0,"metodo_recorte_bacia":"ponto_representativo_grade_2022; area_pct_geometrica","status_borda_bacia":"total","metodo_area_bacia":"interse??o geom?trica em EPSG:5880","metodo_na_bacia":"ponto_representativo_grade_2022_within_bacia","pop_n_validos":1,"pop_n_total":1,"pop_completude":1.0,"dom_n_validos":1,"dom_n_total":1,"dom_completude":1.0},"geometry":{"type":"Polygon","coordinates":[[[-51.68669038625228,-28.271692453643755],[-51.686706791685026,-28.269838289905113],[-51.684722925922244,-28.269822951068285],[-51.684706506100326,-28.271677114806966],[-51.68669038625228,-28.271692453643755]]]}},{"type":"Feature","properties":{"id_grade":"200ME52338N81948","pop":4,"dom":1,"universo_dom":"domicilios_ocupados_grade_ibge_2022","na_bacia":0,"area_pct_bacia":0.0,"metodo_recorte_bacia":"ponto_representativo_grade_2022; area_pct_geometrica","status_borda_bacia":"total","metodo_area_bacia":"interse??o geom?trica em EPSG:5880","metodo_na_bacia":"ponto_representativo_grade_2022_within_bacia","pop_n_validos":1,"pop_n_total":1,"pop_completude":1.0,"dom_n_validos":1,"dom_n_total":1,"dom_completude":1.0},"geometry":{"type":"Polygon","coordinates":[[[-51.680738747595065,-28.2716463975631],[-51.680755194396674,-28.2697922338245],[-51.67877132953316,-28.269776855417525],[-51.67875486834247,-28.27163101915615],[-51.680738747595065,-28.2716463975631]]]}},{"type":"Feature","properties":{"id_grade":"200ME52330N81950","pop":58,"dom":17,"universo_dom":"domicilios_ocupados_grade_ibge_2022","na_bacia":0,"area_pct_bacia":0.0,"metodo_recorte_bacia":"ponto_representativo_grade_2022; area_pct_geometrica","status_borda_bacia":"total","metodo_area_bacia":"interse??o geom?trica em EPSG:5880","metodo_na_bacia":"ponto_representativo_grade_2022_within_bacia","pop_n_validos":1,"pop_n_total":1,"pop_completude":1.0,"dom_n_validos":1,"dom_n_total":1,"dom_completude":1.0},"geometry":{"type":"Polygon","coordinates":[[[-51.688690657447864,-28.26985361525214],[-51.68870704849144,-28.267999468600596],[-51.68672319621851,-28.2679841432536],[-51.686706791685026,-28.269838289905113],[-51.688690657447864,-28.26985361525214]]]}},{"type":"Feature","properties":{"id_grade":"200ME52332N81950","pop":47,"dom":18,"universo_dom":"domicilios_ocupados_grade_ibge_2022","na_bacia":0,"area_pct_bacia":0.0,"metodo_recorte_bacia":"ponto_representativo_grade_2022; area_pct_geometrica","status_borda_bacia":"total","metodo_area_bacia":"interse??o geom?trica em EPSG:5880","metodo_na_bacia":"ponto_representativo_grade_2022_within_bacia","pop_n_validos":1,"pop_n_total":1,"pop_completude":1.0,"dom_n_validos":1,"dom_n_total":1,"dom_completude":1.0},"geometry":{"type":"Polygon","coordinates":[[[-51.686706791685026,-28.269838289905113],[-51.68672319621851,-28.2679841432536],[-51.68473934394552,-28.2679688053161],[-51.684722925922244,-28.269822951068285],[-51.686706791685026,-28.269838289905113]]]}},{"type":"Feature","properties":{"id_grade":"200ME52332N81952","pop":2,"dom":1,"universo_dom":"domicilios_ocupados_grade_ibge_2022","na_bacia":0,"area_pct_bacia":0.0,"metodo_recorte_bacia":"ponto_representativo_grade_2022; area_pct_geometrica","status_borda_bacia":"total","metodo_area_bacia":"interse??o geom?trica em EPSG:5880","metodo_na_bacia":"ponto_representativo_grade_2022_within_bacia","pop_n_validos":1,"pop_n_total":1,"pop_completude":1.0,"dom_n_validos":1,"dom_n_total":1,"dom_completude":1.0},"geometry":{"type":"Polygon","coordinates":[[[-51.68672319621851,-28.2679841432536],[-51.686739600751935,-28.266130015487782],[-51.684755762868114,-28.26611467755027],[-51.68473934394552,-28.2679688053161],[-51.68672319621851,-28.2679841432536]]]}},{"type":"Feature","properties":{"id_grade":"200ME52330N81958","pop":9,"dom":3,"universo_dom":"domicilios_ocupados_grade_ibge_2022","na_bacia":0,"area_pct_bacia":0.0,"metodo_recorte_bacia":"ponto_representativo_grade_2022; area_pct_geometrica","status_borda_bacia":"total","metodo_area_bacia":"interse??o geom?trica em EPSG:5880","metodo_na_bacia":"ponto_representativo_grade_2022_within_bacia","pop_n_validos":1,"pop_n_total":1,"pop_completude":1.0,"dom_n_validos":1,"dom_n_total":1,"dom_completude":1.0},"geometry":{"type":"Polygon","coordinates":[[[-51.68875621892431,-28.26243714016181],[-51.6887726081693,-28.26058306815395],[-51.68678881255362,-28.260567743706353],[-51.68677240891947,-28.26242181571416],[-51.68875621892431,-28.26243714016181]]]}},{"type":"Feature","properties":{"id_grade":"200ME52334N81958","pop":3,"dom":1,"universo_dom":"domicilios_ocupados_grade_ibge_2022","na_bacia":0,"area_pct_bacia":0.0,"metodo_recorte_bacia":"ponto_representativo_grade_2022; area_pct_geometrica","status_borda_bacia":"total","metodo_area_bacia":"interse??o geom?trica em EPSG:5880","metodo_na_bacia":"ponto_representativo_grade_2022_within_bacia","pop_n_validos":1,"pop_n_total":1,"pop_completude":1.0,"dom_n_validos":1,"dom_n_total":1,"dom_completude":1.0},"geometry":{"type":"Polygon","coordinates":[[[-51.684788599814,-28.26240647777663],[-51.68480501693796,-28.260552405768827],[-51.682821222221605,-28.26053705524093],[-51.682804789809154,-28.262391127248687],[-51.684788599814,-28.26240647777663]]]}},{"type":"Feature","properties":{"id_grade":"200ME52336N81960","pop":11,"dom":3,"universo_dom":"domicilios_ocupados_grade_ibge_2022","na_bacia":0,"area_pct_bacia":0.0,"metodo_recorte_bacia":"ponto_representativo_grade_2022; area_pct_geometrica","status_borda_bacia":"total","metodo_area_bacia":"interse??o geom?trica em EPSG:5880","metodo_na_bacia":"ponto_representativo_grade_2022_within_bacia","pop_n_validos":1,"pop_n_total":1,"pop_completude":1.0,"dom_n_validos":1,"dom_n_total":1,"dom_completude":1.0},"geometry":{"type":"Polygon","coordinates":[[[-51.682821222221605,-28.26053705524093],[-51.68283765373468,-28.25868300211881],[-51.68085387250818,-28.25866763810095],[-51.680837426605926,-28.260521691222976],[-51.682821222221605,-28.26053705524093]]]}},{"type":"Feature","properties":{"id_grade":"200ME52342N81944","pop":4,"dom":1,"universo_dom":"domicilios_ocupados_grade_ibge_2022","na_bacia":0,"area_pct_bacia":0.0,"metodo_recorte_bacia":"ponto_representativo_grade_2022; area_pct_geometrica","status_borda_bacia":"total","metodo_area_bacia":"interse??o geom?trica em EPSG:5880","metodo_na_bacia":"ponto_representativo_grade_2022_within_bacia","pop_n_validos":1,"pop_n_total":1,"pop_completude":1.0,"dom_n_validos":1,"dom_n_total":1,"dom_completude":1.0},"geometry":{"type":"Polygon","coordinates":[[[-51.67673803793008,-28.275324008696003],[-51.67675451350993,-28.273469808984505],[-51.674770620767504,-28.27345440359784],[-51.67475413079847,-28.275308603309405],[-51.67673803793008,-28.275324008696003]]]}},{"type":"Feature","properties":{"id_grade":"200ME52346N81950","pop":3,"dom":1,"universo_dom":"domicilios_ocupados_grade_ibge_2022","na_bacia":0,"area_pct_bacia":0.0,"metodo_recorte_bacia":"ponto_representativo_grade_2022; area_pct_geometrica","status_borda_bacia":"total","metodo_area_bacia":"interse??o geom?trica em EPSG:5880","metodo_na_bacia":"ponto_representativo_grade_2022_within_bacia","pop_n_validos":1,"pop_n_total":1,"pop_completude":1.0,"dom_n_validos":1,"dom_n_total":1,"dom_completude":1.0},"geometry":{"type":"Polygon","coordinates":[[[-51.67281973494278,-28.269730641955533],[-51.67283623840166,-28.267876497102655],[-51.670852387927305,-28.26786106653496],[-51.67083587097864,-28.269715210488556],[-51.67281973494278,-28.269730641955533]]]}},{"type":"Feature","properties":{"id_grade":"200ME52346N81952","pop":8,"dom":3,"universo_dom":"domicilios_ocupados_grade_ibge_2022","na_bacia":0,"area_pct_bacia":0.0,"metodo_recorte_bacia":"ponto_representativo_grade_2022; area_pct_geometrica","status_borda_bacia":"total","metodo_area_bacia":"interse??o geom?trica em EPSG:5880","metodo_na_bacia":"ponto_representativo_grade_2022_within_bacia","pop_n_validos":1,"pop_n_total":1,"pop_completude":1.0,"dom_n_validos":1,"dom_n_total":1,"dom_completude":1.0},"geometry":{"type":"Polygon","coordinates":[[[-51.67283623840166,-28.267876497102655],[-51.67285274096116,-28.266022371135467],[-51.670868904876045,-28.26600694146721],[-51.670852387927305,-28.26786106653496],[-51.67283623840166,-28.267876497102655]]]}},{"type":"Feature","properties":{"id_grade":"200ME52346N81954","pop":3,"dom":1,"universo_dom":"domicilios_ocupados_grade_ibge_2022","na_bacia":0,"area_pct_bacia":0.0,"metodo_recorte_bacia":"ponto_representativo_grade_2022; area_pct_geometrica","status_borda_bacia":"total","metodo_area_bacia":"interse??o geom?trica em EPSG:5880","metodo_na_bacia":"ponto_representativo_grade_2022_within_bacia","pop_n_validos":1,"pop_n_total":1,"pop_completude":1.0,"dom_n_validos":1,"dom_n_total":1,"dom_completude":1.0},"geometry":{"type":"Polygon","coordinates":[[[-51.67285274096116,-28.266022371135467],[-51.67286924442004,-28.264168264054106],[-51.67088542182472,-28.2641528343858],[-51.670868904876045,-28.26600694146721],[-51.67285274096116,-28.266022371135467]]]}}]}
