{"type":"FeatureCollection","name":"4307906","crs":{"type":"name","properties":{"name":"urn:ogc:def:crs:OGC:1.3:CRS84"}},"features":[{"type":"Feature","properties":{"id_grade":"200ME52580N80892","pop":2,"dom":1,"universo_dom":"domicilios_ocupados_grade_ibge_2022","na_bacia":0,"area_pct_bacia":0.0,"metodo_recorte_bacia":"ponto_representativo_grade_2022; area_pct_geometrica"},"geometry":{"type":"Polygon","coordinates":[[[-51.43107219056708,-29.251318676763898],[-51.431090476554054,-29.249454399004208],[-51.42909918589601,-29.249437272955227],[-51.429080885736234,-29.25130155040922],[-51.43107219056708,-29.251318676763898]]]}},{"type":"Feature","properties":{"id_grade":"200ME52584N80894","pop":7,"dom":2,"universo_dom":"domicilios_ocupados_grade_ibge_2022","na_bacia":0,"area_pct_bacia":0.0,"metodo_recorte_bacia":"ponto_representativo_grade_2022; area_pct_geometrica"},"geometry":{"type":"Polygon","coordinates":[[[-51.42710789549847,-29.249420133638264],[-51.427126209570304,-29.247555876495465],[-51.42513493360607,-29.247538724216657],[-51.42511660536165,-29.249402981053212],[-51.42710789549847,-29.249420133638264]]]}},{"type":"Feature","properties":{"id_grade":"200ME52580N80896","pop":4,"dom":1,"universo_dom":"domicilios_ocupados_grade_ibge_2022","na_bacia":1,"area_pct_bacia":99.425,"metodo_recorte_bacia":"ponto_representativo_grade_2022; area_pct_geometrica"},"geometry":{"type":"Polygon","coordinates":[[[-51.43110876228073,-29.24759014124994],[-51.43112704774709,-29.245725903497952],[-51.42913578543401,-29.24570877806031],[-51.42911748579527,-29.24757301550665],[-51.43110876228073,-29.24759014124994]]]}},{"type":"Feature","properties":{"id_grade":"200ME52586N80896","pop":15,"dom":4,"universo_dom":"domicilios_ocupados_grade_ibge_2022","na_bacia":0,"area_pct_bacia":0.0,"metodo_recorte_bacia":"ponto_representativo_grade_2022; area_pct_geometrica"},"geometry":{"type":"Polygon","coordinates":[[[-51.42513493360607,-29.247538724216657],[-51.42515326158957,-29.245674487382328],[-51.42316200005862,-29.245657322141877],[-51.42314365790274,-29.247521558669874],[-51.42513493360607,-29.247538724216657]]]}},{"type":"Feature","properties":{"id_grade":"200ME52588N80896","pop":29,"dom":10,"universo_dom":"domicilios_ocupados_grade_ibge_2022","na_bacia":0,"area_pct_bacia":0.0,"metodo_recorte_bacia":"ponto_representativo_grade_2022; area_pct_geometrica"},"geometry":{"type":"Polygon","coordinates":[[[-51.42314365790274,-29.247521558669874],[-51.42316200005862,-29.245657322141877],[-51.421170738788774,-29.245640143633942],[-51.421152382460534,-29.247504379855393],[-51.42314365790274,-29.247521558669874]]]}},{"type":"Feature","properties":{"id_grade":"200ME52580N80898","pop":3,"dom":1,"universo_dom":"domicilios_ocupados_grade_ibge_2022","na_bacia":0,"area_pct_bacia":58.7619,"metodo_recorte_bacia":"ponto_representativo_grade_2022; area_pct_geometrica"},"geometry":{"type":"Polygon","coordinates":[[[-51.43112704774709,-29.245725903497952],[-51.43114533295314,-29.24386168574528],[-51.429154084812254,-29.24384456061328],[-51.42913578543401,-29.24570877806031],[-51.43112704774709,-29.245725903497952]]]}},{"type":"Feature","properties":{"id_grade":"200ME52582N80898","pop":7,"dom":3,"universo_dom":"domicilios_ocupados_grade_ibge_2022","na_bacia":0,"area_pct_bacia":0.0,"metodo_recorte_bacia":"ponto_representativo_grade_2022; area_pct_geometrica"},"geometry":{"type":"Polygon","coordinates":[[[-51.42913578543401,-29.24570877806031],[-51.429154084812254,-29.24384456061328],[-51.427162836931856,-29.243827422213943],[-51.42714452338144,-29.245691639355094],[-51.42913578543401,-29.24570877806031]]]}},{"type":"Feature","properties":{"id_grade":"200ME52586N80898","pop":4,"dom":1,"universo_dom":"domicilios_ocupados_grade_ibge_2022","na_bacia":0,"area_pct_bacia":0.0,"metodo_recorte_bacia":"ponto_representativo_grade_2022; area_pct_geometrica"},"geometry":{"type":"Polygon","coordinates":[[[-51.42515326158957,-29.245674487382328],[-51.425171589312164,-29.2438102705472],[-51.42318034195338,-29.243793105613122],[-51.42316200005862,-29.245657322141877],[-51.42515326158957,-29.245674487382328]]]}},{"type":"Feature","properties":{"id_grade":"200ME52588N80898","pop":2,"dom":1,"universo_dom":"domicilios_ocupados_grade_ibge_2022","na_bacia":0,"area_pct_bacia":0.0,"metodo_recorte_bacia":"ponto_representativo_grade_2022; area_pct_geometrica"},"geometry":{"type":"Polygon","coordinates":[[[-51.42316200005862,-29.245657322141877],[-51.42318034195338,-29.243793105613122],[-51.4211890948557,-29.24377592741173],[-51.421170738788774,-29.245640143633942],[-51.42316200005862,-29.245657322141877]]]}},{"type":"Feature","properties":{"id_grade":"200ME52580N80900","pop":5,"dom":1,"universo_dom":"domicilios_ocupados_grade_ibge_2022","na_bacia":1,"area_pct_bacia":67.1034,"metodo_recorte_bacia":"ponto_representativo_grade_2022; area_pct_geometrica"},"geometry":{"type":"Polygon","coordinates":[[[-51.43114533295314,-29.24386168574528],[-51.4311636178989,-29.24199748798894],[-51.429172383929995,-29.241980363162455],[-51.429154084812254,-29.24384456061328],[-51.43114533295314,-29.24386168574528]]]}},{"type":"Feature","properties":{"id_grade":"200ME52584N80900","pop":38,"dom":12,"universo_dom":"domicilios_ocupados_grade_ibge_2022","na_bacia":0,"area_pct_bacia":19.4296,"metodo_recorte_bacia":"ponto_representativo_grade_2022; area_pct_geometrica"},"geometry":{"type":"Polygon","coordinates":[[[-51.427162836931856,-29.243827422213943],[-51.42718115022158,-29.241963225068847],[-51.42518991677386,-29.24194607370818],[-51.425171589312164,-29.2438102705472],[-51.427162836931856,-29.243827422213943]]]}},{"type":"Feature","properties":{"id_grade":"200ME52586N80900","pop":8,"dom":2,"universo_dom":"domicilios_ocupados_grade_ibge_2022","na_bacia":0,"area_pct_bacia":29.8394,"metodo_recorte_bacia":"ponto_representativo_grade_2022; area_pct_geometrica"},"geometry":{"type":"Polygon","coordinates":[[[-51.425171589312164,-29.2438102705472],[-51.42518991677386,-29.24194607370818],[-51.42319868358704,-29.241928909080404],[-51.42318034195338,-29.243793105613122],[-51.425171589312164,-29.2438102705472]]]}},{"type":"Feature","properties":{"id_grade":"200ME52588N80900","pop":7,"dom":2,"universo_dom":"domicilios_ocupados_grade_ibge_2022","na_bacia":0,"area_pct_bacia":39.1224,"metodo_recorte_bacia":"ponto_representativo_grade_2022; area_pct_geometrica"},"geometry":{"type":"Polygon","coordinates":[[[-51.42318034195338,-29.243793105613122],[-51.42319868358704,-29.241928909080404],[-51.42120745066132,-29.241911731185585],[-51.4211890948557,-29.24377592741173],[-51.42318034195338,-29.243793105613122]]]}},{"type":"Feature","properties":{"id_grade":"200ME52540N80902","pop":2,"dom":1,"universo_dom":"domicilios_ocupados_grade_ibge_2022","na_bacia":1,"area_pct_bacia":100.0,"metodo_recorte_bacia":"ponto_representativo_grade_2022; area_pct_geometrica"},"geometry":{"type":"Polygon","coordinates":[[[-51.47098835167035,-29.242337198416028],[-51.47100635291901,-29.24047301459155],[-51.469015127954464,-29.240456155409447],[-51.468997112533906,-29.242320338933045],[-51.47098835167035,-29.242337198416028]]]}},{"type":"Feature","properties":{"id_grade":"200ME52542N80902","pop":2,"dom":1,"universo_dom":"domicilios_ocupados_grade_ibge_2022","na_bacia":1,"area_pct_bacia":100.0,"metodo_recorte_bacia":"ponto_representativo_grade_2022; area_pct_geometrica"},"geometry":{"type":"Polygon","coordinates":[[[-51.468997112533906,-29.242320338933045],[-51.469015127954464,-29.240456155409447],[-51.467023903246364,-29.24043928296022],[-51.46700587365392,-29.242303466182815],[-51.468997112533906,-29.242320338933045]]]}},{"type":"Feature","properties":{"id_grade":"200ME52544N80902","pop":3,"dom":1,"universo_dom":"domicilios_ocupados_grade_ibge_2022","na_bacia":1,"area_pct_bacia":100.0,"metodo_recorte_bacia":"ponto_representativo_grade_2022; area_pct_geometrica"},"geometry":{"type":"Polygon","coordinates":[[[-51.46700587365392,-29.242303466182815],[-51.467023903246364,-29.24043928296022],[-51.46503267879492,-29.24042239724405],[-51.46501463503059,-29.24228658016536],[-51.46700587365392,-29.242303466182815]]]}},{"type":"Feature","properties":{"id_grade":"200ME52540N80904","pop":28,"dom":10,"universo_dom":"domicilios_ocupados_grade_ibge_2022","na_bacia":1,"area_pct_bacia":100.0,"metodo_recorte_bacia":"ponto_representativo_grade_2022; area_pct_geometrica"},"geometry":{"type":"Polygon","coordinates":[[[-51.47100635291901,-29.24047301459155],[-51.471024353911424,-29.23860885075788],[-51.469033143118565,-29.238591991876447],[-51.469015127954464,-29.240456155409447],[-51.47100635291901,-29.24047301459155]]]}},{"type":"Feature","properties":{"id_grade":"200ME52542N80904","pop":11,"dom":4,"universo_dom":"domicilios_ocupados_grade_ibge_2022","na_bacia":1,"area_pct_bacia":100.0,"metodo_recorte_bacia":"ponto_representativo_grade_2022; area_pct_geometrica"},"geometry":{"type":"Polygon","coordinates":[[[-51.469015127954464,-29.240456155409447],[-51.469033143118565,-29.238591991876447],[-51.46704193258215,-29.238575119728363],[-51.467023903246364,-29.24043928296022],[-51.469015127954464,-29.240456155409447]]]}},{"type":"Feature","properties":{"id_grade":"200ME52540N80906","pop":6,"dom":2,"universo_dom":"domicilios_ocupados_grade_ibge_2022","na_bacia":1,"area_pct_bacia":100.0,"metodo_recorte_bacia":"ponto_representativo_grade_2022; area_pct_geometrica"},"geometry":{"type":"Polygon","coordinates":[[[-51.471024353911424,-29.23860885075788],[-51.47104235464759,-29.23674470691203],[-51.46905115802621,-29.23672784833139],[-51.469033143118565,-29.238591991876447],[-51.471024353911424,-29.23860885075788]]]}},{"type":"Feature","properties":{"id_grade":"200ME52542N80906","pop":6,"dom":5,"universo_dom":"domicilios_ocupados_grade_ibge_2022","na_bacia":1,"area_pct_bacia":100.0,"metodo_recorte_bacia":"ponto_representativo_grade_2022; area_pct_geometrica"},"geometry":{"type":"Polygon","coordinates":[[[-51.469033143118565,-29.238591991876447],[-51.46905115802621,-29.23672784833139],[-51.46705996166129,-29.236710976484247],[-51.46704193258215,-29.238575119728363],[-51.469033143118565,-29.238591991876447]]]}},{"type":"Feature","properties":{"id_grade":"200ME52544N80906","pop":6,"dom":1,"universo_dom":"domicilios_ocupados_grade_ibge_2022","na_bacia":1,"area_pct_bacia":100.0,"metodo_recorte_bacia":"ponto_representativo_grade_2022; area_pct_geometrica"},"geometry":{"type":"Polygon","coordinates":[[[-51.46704193258215,-29.238575119728363],[-51.46705996166129,-29.236710976484247],[-51.465068765553006,-29.236694091370612],[-51.46505072230239,-29.23855823431344],[-51.46704193258215,-29.238575119728363]]]}},{"type":"Feature","properties":{"id_grade":"200ME52548N80908","pop":1,"dom":1,"universo_dom":"domicilios_ocupados_grade_ibge_2022","na_bacia":1,"area_pct_bacia":100.0,"metodo_recorte_bacia":"ponto_representativo_grade_2022; area_pct_geometrica"},"geometry":{"type":"Polygon","coordinates":[[[-51.46307756970157,-29.236677192990328],[-51.463095626866604,-29.23481307033352],[-51.46110444544348,-29.2347961589885],[-51.46108637410718,-29.23666028134368],[-51.46307756970157,-29.236677192990328]]]}},{"type":"Feature","properties":{"id_grade":"200ME52544N80910","pop":2,"dom":1,"universo_dom":"domicilios_ocupados_grade_ibge_2022","na_bacia":1,"area_pct_bacia":100.0,"metodo_recorte_bacia":"ponto_representativo_grade_2022; area_pct_geometrica"},"geometry":{"type":"Polygon","coordinates":[[[-51.46707799048377,-29.234846853224756],[-51.46709601904963,-29.232982749946906],[-51.46510485128369,-29.232965865435578],[-51.46508680854677,-29.234829968412303],[-51.46707799048377,-29.234846853224756]]]}},{"type":"Feature","properties":{"id_grade":"200ME52546N80910","pop":29,"dom":11,"universo_dom":"domicilios_ocupados_grade_ibge_2022","na_bacia":1,"area_pct_bacia":100.0,"metodo_recorte_bacia":"ponto_representativo_grade_2022; area_pct_geometrica"},"geometry":{"type":"Polygon","coordinates":[[[-51.46508680854677,-29.234829968412303],[-51.46510485128369,-29.232965865435578],[-51.4631136837746,-29.23294896765823],[-51.463095626866604,-29.23481307033352],[-51.46508680854677,-29.234829968412303]]]}},{"type":"Feature","properties":{"id_grade":"200ME52548N80910","pop":19,"dom":5,"universo_dom":"domicilios_ocupados_grade_ibge_2022","na_bacia":1,"area_pct_bacia":100.0,"metodo_recorte_bacia":"ponto_representativo_grade_2022; area_pct_geometrica"},"geometry":{"type":"Polygon","coordinates":[[[-51.463095626866604,-29.23481307033352],[-51.4631136837746,-29.23294896765823],[-51.461122516522536,-29.23293205661489],[-51.46110444544348,-29.2347961589885],[-51.463095626866604,-29.23481307033352]]]}},{"type":"Feature","properties":{"id_grade":"200ME52622N80952","pop":2,"dom":1,"universo_dom":"domicilios_ocupados_grade_ibge_2022","na_bacia":1,"area_pct_bacia":100.0,"metodo_recorte_bacia":"ponto_representativo_grade_2022; area_pct_geometrica"},"geometry":{"type":"Polygon","coordinates":[[[-51.389812237472725,-29.195036787980417],[-51.38983081315305,-29.19317311550919],[-51.38783995309461,-29.19315572013748],[-51.38782136324767,-29.195019392299024],[-51.389812237472725,-29.195036787980417]]]}},{"type":"Feature","properties":{"id_grade":"200ME52628N80954","pop":7,"dom":3,"universo_dom":"domicilios_ocupados_grade_ibge_2022","na_bacia":1,"area_pct_bacia":100.0,"metodo_recorte_bacia":"ponto_representativo_grade_2022; area_pct_geometrica"},"geometry":{"type":"Polygon","coordinates":[[[-51.3838582337717,-29.193120889611645],[-51.383876851686885,-29.191257237983685],[-51.381886006589205,-29.191239803139965],[-51.381867374507614,-29.19310345445754],[-51.3838582337717,-29.193120889611645]]]}},{"type":"Feature","properties":{"id_grade":"200ME52624N80956","pop":7,"dom":2,"universo_dom":"domicilios_ocupados_grade_ibge_2022","na_bacia":1,"area_pct_bacia":100.0,"metodo_recorte_bacia":"ponto_representativo_grade_2022; area_pct_geometrica"},"geometry":{"type":"Polygon","coordinates":[[[-51.38785854267697,-29.19129206788947],[-51.38787713199476,-29.18942843555206],[-51.38588630053354,-29.18941102753926],[-51.38586769704954,-29.19127465956688],[-51.38785854267697,-29.19129206788947]]]}},{"type":"Feature","properties":{"id_grade":"200ME52628N80956","pop":4,"dom":2,"universo_dom":"domicilios_ocupados_grade_ibge_2022","na_bacia":1,"area_pct_bacia":100.0,"metodo_recorte_bacia":"ponto_representativo_grade_2022; area_pct_geometrica"},"geometry":{"type":"Polygon","coordinates":[[[-51.383876851686885,-29.191257237983685],[-51.38389546933709,-29.189393606266126],[-51.381904638405615,-29.189376171732775],[-51.381886006589205,-29.191239803139965],[-51.383876851686885,-29.191257237983685]]]}},{"type":"Feature","properties":{"id_grade":"200ME52628N80958","pop":56,"dom":21,"universo_dom":"domicilios_ocupados_grade_ibge_2022","na_bacia":1,"area_pct_bacia":100.0,"metodo_recorte_bacia":"ponto_representativo_grade_2022; area_pct_geometrica"},"geometry":{"type":"Polygon","coordinates":[[[-51.38389546933709,-29.189393606266126],[-51.383914086722314,-29.187529994456085],[-51.38192326995685,-29.187512560232932],[-51.381904638405615,-29.189376171732775],[-51.38389546933709,-29.189393606266126]]]}},{"type":"Feature","properties":{"id_grade":"200ME52630N80958","pop":9,"dom":4,"universo_dom":"domicilios_ocupados_grade_ibge_2022","na_bacia":1,"area_pct_bacia":100.0,"metodo_recorte_bacia":"ponto_representativo_grade_2022; area_pct_geometrica"},"geometry":{"type":"Polygon","coordinates":[[[-51.381904638405615,-29.189376171732775],[-51.38192326995685,-29.187512560232932],[-51.37993245345655,-29.18749511274973],[-51.37991380773932,-29.18935872393902],[-51.381904638405615,-29.189376171732775]]]}},{"type":"Feature","properties":{"id_grade":"200ME52628N80960","pop":38,"dom":15,"universo_dom":"domicilios_ocupados_grade_ibge_2022","na_bacia":1,"area_pct_bacia":100.0,"metodo_recorte_bacia":"ponto_representativo_grade_2022; area_pct_geometrica"},"geometry":{"type":"Polygon","coordinates":[[[-51.383914086722314,-29.187529994456085],[-51.38393270384258,-29.18566640255038],[-51.38194190124291,-29.185648968637512],[-51.38192326995685,-29.187512560232932],[-51.383914086722314,-29.187529994456085]]]}},{"type":"Feature","properties":{"id_grade":"200ME52630N80960","pop":1,"dom":1,"universo_dom":"domicilios_ocupados_grade_ibge_2022","na_bacia":1,"area_pct_bacia":100.0,"metodo_recorte_bacia":"ponto_representativo_grade_2022; area_pct_geometrica"},"geometry":{"type":"Polygon","coordinates":[[[-51.38192326995685,-29.187512560232932],[-51.38194190124291,-29.185648968637512],[-51.3799510989084,-29.18563152146482],[-51.37993245345655,-29.18749511274973],[-51.38192326995685,-29.187512560232932]]]}},{"type":"Feature","properties":{"id_grade":"200ME52652N80966","pop":4,"dom":1,"universo_dom":"domicilios_ocupados_grade_ibge_2022","na_bacia":1,"area_pct_bacia":100.0,"metodo_recorte_bacia":"ponto_representativo_grade_2022; area_pct_geometrica"},"geometry":{"type":"Polygon","coordinates":[[[-51.36008066360863,-29.181729203812317],[-51.36009944991597,-29.17986567533917],[-51.35810869300759,-29.179848083247464],[-51.35808989253511,-29.18171161140764],[-51.36008066360863,-29.181729203812317]]]}},{"type":"Feature","properties":{"id_grade":"200ME52652N80968","pop":5,"dom":1,"universo_dom":"domicilios_ocupados_grade_ibge_2022","na_bacia":1,"area_pct_bacia":100.0,"metodo_recorte_bacia":"ponto_representativo_grade_2022; area_pct_geometrica"},"geometry":{"type":"Polygon","coordinates":[[[-51.36009944991597,-29.17986567533917],[-51.36011823595596,-29.178002166757917],[-51.35812749321249,-29.177984574979195],[-51.35810869300759,-29.179848083247464],[-51.36009944991597,-29.17986567533917]]]}},{"type":"Feature","properties":{"id_grade":"200ME52652N80970","pop":5,"dom":2,"universo_dom":"domicilios_ocupados_grade_ibge_2022","na_bacia":1,"area_pct_bacia":100.0,"metodo_recorte_bacia":"ponto_representativo_grade_2022; area_pct_geometrica"},"geometry":{"type":"Polygon","coordinates":[[[-51.36011823595596,-29.178002166757917],[-51.36013702172858,-29.176138678065442],[-51.35814629314984,-29.176121086599682],[-51.35812749321249,-29.177984574979195],[-51.36011823595596,-29.178002166757917]]]}},{"type":"Feature","properties":{"id_grade":"200ME52650N80972","pop":2,"dom":1,"universo_dom":"domicilios_ocupados_grade_ibge_2022","na_bacia":1,"area_pct_bacia":100.0,"metodo_recorte_bacia":"ponto_representativo_grade_2022; area_pct_geometrica"},"geometry":{"type":"Polygon","coordinates":[[[-51.362127750574686,-29.176156256272648],[-51.36214652191542,-29.174292787153387],[-51.36015580723385,-29.17427520925883],[-51.36013702172858,-29.176138678065442],[-51.362127750574686,-29.176156256272648]]]}},{"type":"Feature","properties":{"id_grade":"200ME52652N80974","pop":2,"dom":1,"universo_dom":"domicilios_ocupados_grade_ibge_2022","na_bacia":1,"area_pct_bacia":100.0,"metodo_recorte_bacia":"ponto_representativo_grade_2022; area_pct_geometrica"},"geometry":{"type":"Polygon","coordinates":[[[-51.36015580723385,-29.17427520925883],[-51.36017459247177,-29.172411760334963],[-51.35818389222187,-29.172394169494886],[-51.358165092819625,-29.174257618105916],[-51.36015580723385,-29.17427520925883]]]}},{"type":"Feature","properties":{"id_grade":"200ME52654N80974","pop":5,"dom":2,"universo_dom":"domicilios_ocupados_grade_ibge_2022","na_bacia":1,"area_pct_bacia":100.0,"metodo_recorte_bacia":"ponto_representativo_grade_2022; area_pct_geometrica"},"geometry":{"type":"Polygon","coordinates":[[[-51.358165092819625,-29.174257618105916],[-51.35818389222187,-29.172394169494886],[-51.35619319223951,-29.172376565396714],[-51.356174378672954,-29.17424001369458],[-51.358165092819625,-29.174257618105916]]]}},{"type":"Feature","properties":{"id_grade":"200ME52656N80974","pop":11,"dom":3,"universo_dom":"domicilios_ocupados_grade_ibge_2022","na_bacia":1,"area_pct_bacia":100.0,"metodo_recorte_bacia":"ponto_representativo_grade_2022; area_pct_geometrica"},"geometry":{"type":"Polygon","coordinates":[[[-51.356174378672954,-29.17424001369458],[-51.35619319223951,-29.172376565396714],[-51.3542024925249,-29.172358948040372],[-51.354183664794036,-29.17422239602489],[-51.356174378672954,-29.17424001369458]]]}},{"type":"Feature","properties":{"id_grade":"200ME52658N80978","pop":7,"dom":2,"universo_dom":"domicilios_ocupados_grade_ibge_2022","na_bacia":1,"area_pct_bacia":100.0,"metodo_recorte_bacia":"ponto_representativo_grade_2022; area_pct_geometrica"},"geometry":{"type":"Polygon","coordinates":[[[-51.35422131998781,-29.17049551993544],[-51.354240147182786,-29.16863211170724],[-51.352249476064124,-29.16861448171977],[-51.35223063470525,-29.17047788963456],[-51.35422131998781,-29.17049551993544]]]}},{"type":"Feature","properties":{"id_grade":"200ME52654N80980","pop":2,"dom":1,"universo_dom":"domicilios_ocupados_grade_ibge_2022","na_bacia":1,"area_pct_bacia":100.0,"metodo_recorte_bacia":"ponto_representativo_grade_2022; area_pct_geometrica"},"geometry":{"type":"Polygon","coordinates":[[[-51.35822149022372,-29.168667331909063],[-51.35824028882334,-29.1668039429281],[-51.356249631332716,-29.16678633976904],[-51.35623081856939,-29.168649728436936],[-51.35822149022372,-29.168667331909063]]]}},{"type":"Feature","properties":{"id_grade":"200ME52634N80982","pop":3,"dom":2,"universo_dom":"domicilios_ocupados_grade_ibge_2022","na_bacia":1,"area_pct_bacia":100.0,"metodo_recorte_bacia":"ponto_representativo_grade_2022; area_pct_geometrica"},"geometry":{"type":"Polygon","coordinates":[[[-51.378146878410334,-29.166979245359254],[-51.37816553510703,-29.16511587313225],[-51.37617488911376,-29.16509840285836],[-51.376156218253506,-29.16696177477474],[-51.378146878410334,-29.166979245359254]]]}},{"type":"Feature","properties":{"id_grade":"200ME52630N80984","pop":2,"dom":1,"universo_dom":"domicilios_ocupados_grade_ibge_2022","na_bacia":1,"area_pct_bacia":100.0,"metodo_recorte_bacia":"ponto_representativo_grade_2022; area_pct_geometrica"},"geometry":{"type":"Polygon","coordinates":[[[-51.382146827889876,-29.165150773908234],[-51.38216545599432,-29.163287420928643],[-51.38017482363362,-29.163269977479366],[-51.3801561813658,-29.165133330148894],[-51.382146827889876,-29.165150773908234]]]}},{"type":"Feature","properties":{"id_grade":"200ME52634N80984","pop":4,"dom":1,"universo_dom":"domicilios_ocupados_grade_ibge_2022","na_bacia":1,"area_pct_bacia":100.0,"metodo_recorte_bacia":"ponto_representativo_grade_2022; area_pct_geometrica"},"geometry":{"type":"Polygon","coordinates":[[[-51.37816553510703,-29.16511587313225],[-51.37818419153822,-29.163252520773185],[-51.37619355970832,-29.163235050809817],[-51.37617488911376,-29.16509840285836],[-51.37816553510703,-29.16511587313225]]]}},{"type":"Feature","properties":{"id_grade":"200ME52636N80984","pop":6,"dom":2,"universo_dom":"domicilios_ocupados_grade_ibge_2022","na_bacia":1,"area_pct_bacia":100.0,"metodo_recorte_bacia":"ponto_representativo_grade_2022; area_pct_geometrica"},"geometry":{"type":"Polygon","coordinates":[[[-51.37617488911376,-29.16509840285836],[-51.37619355970832,-29.163235050809817],[-51.37420292814412,-29.163217567589534],[-51.37418424338621,-29.16508091932726],[-51.37617488911376,-29.16509840285836]]]}},{"type":"Feature","properties":{"id_grade":"200ME52638N80984","pop":2,"dom":1,"universo_dom":"domicilios_ocupados_grade_ibge_2022","na_bacia":1,"area_pct_bacia":100.0,"metodo_recorte_bacia":"ponto_representativo_grade_2022; area_pct_geometrica"},"geometry":{"type":"Polygon","coordinates":[[[-51.37418424338621,-29.16508091932726],[-51.37420292814412,-29.163217567589534],[-51.37221229684583,-29.16320007111222],[-51.37219359792456,-29.165063422538864],[-51.37418424338621,-29.16508091932726]]]}},{"type":"Feature","properties":{"id_grade":"200ME52630N80986","pop":12,"dom":5,"universo_dom":"domicilios_ocupados_grade_ibge_2022","na_bacia":1,"area_pct_bacia":100.0,"metodo_recorte_bacia":"ponto_representativo_grade_2022; area_pct_geometrica"},"geometry":{"type":"Polygon","coordinates":[[[-51.38216545599432,-29.163287420928643],[-51.382184083833664,-29.161424087814044],[-51.38019346563614,-29.1614066446749],[-51.38017482363362,-29.163269977479366],[-51.38216545599432,-29.163287420928643]]]}},{"type":"Feature","properties":{"id_grade":"200ME52632N80986","pop":11,"dom":3,"universo_dom":"domicilios_ocupados_grade_ibge_2022","na_bacia":1,"area_pct_bacia":100.0,"metodo_recorte_bacia":"ponto_representativo_grade_2022; area_pct_geometrica"},"geometry":{"type":"Polygon","coordinates":[[[-51.38017482363362,-29.163269977479366],[-51.38019346563614,-29.1614066446749],[-51.3782028477039,-29.16138918827893],[-51.37818419153822,-29.163252520773185],[-51.38017482363362,-29.163269977479366]]]}},{"type":"Feature","properties":{"id_grade":"200ME52636N80986","pop":3,"dom":1,"universo_dom":"domicilios_ocupados_grade_ibge_2022","na_bacia":1,"area_pct_bacia":100.0,"metodo_recorte_bacia":"ponto_representativo_grade_2022; area_pct_geometrica"},"geometry":{"type":"Polygon","coordinates":[[[-51.37619355970832,-29.163235050809817],[-51.37621223003717,-29.161371718626196],[-51.37422161263613,-29.16135423571666],[-51.37420292814412,-29.163217567589534],[-51.37619355970832,-29.163235050809817]]]}},{"type":"Feature","properties":{"id_grade":"200ME52634N80988","pop":3,"dom":1,"universo_dom":"domicilios_ocupados_grade_ibge_2022","na_bacia":1,"area_pct_bacia":100.0,"metodo_recorte_bacia":"ponto_representativo_grade_2022; area_pct_geometrica"},"geometry":{"type":"Polygon","coordinates":[[[-51.3782028477039,-29.16138918827893],[-51.3782215036041,-29.159525875646583],[-51.376230900100325,-29.159508406304354],[-51.37621223003717,-29.161371718626196],[-51.3782028477039,-29.16138918827893]]]}},{"type":"Feature","properties":{"id_grade":"200ME52634N80990","pop":2,"dom":1,"universo_dom":"domicilios_ocupados_grade_ibge_2022","na_bacia":1,"area_pct_bacia":100.0,"metodo_recorte_bacia":"ponto_representativo_grade_2022; area_pct_geometrica"},"geometry":{"type":"Polygon","coordinates":[[[-51.3782215036041,-29.159525875646583],[-51.37824015923881,-29.157662582873154],[-51.37624956989779,-29.157645113841408],[-51.376230900100325,-29.159508406304354],[-51.3782215036041,-29.159525875646583]]]}},{"type":"Feature","properties":{"id_grade":"200ME52636N81002","pop":17,"dom":5,"universo_dom":"domicilios_ocupados_grade_ibge_2022","na_bacia":1,"area_pct_bacia":100.0,"metodo_recorte_bacia":"ponto_representativo_grade_2022; area_pct_geometrica"},"geometry":{"type":"Polygon","coordinates":[[[-51.37634291489993,-29.148328949302883],[-51.37636158310336,-29.146465775929276],[-51.374371079000326,-29.14644829550487],[-51.374352396635345,-29.148311468567865],[-51.37634291489993,-29.148328949302883]]]}},{"type":"Feature","properties":{"id_grade":"200ME52638N81002","pop":13,"dom":4,"universo_dom":"domicilios_ocupados_grade_ibge_2022","na_bacia":1,"area_pct_bacia":100.0,"metodo_recorte_bacia":"ponto_representativo_grade_2022; area_pct_geometrica"},"geometry":{"type":"Polygon","coordinates":[[[-51.374352396635345,-29.148311468567865],[-51.374371079000326,-29.14644829550487],[-51.372380575163135,-29.1464308018255],[-51.37236187863662,-29.148293974577847],[-51.374352396635345,-29.148311468567865]]]}},{"type":"Feature","properties":{"id_grade":"200ME52636N81004","pop":11,"dom":2,"universo_dom":"domicilios_ocupados_grade_ibge_2022","na_bacia":1,"area_pct_bacia":100.0,"metodo_recorte_bacia":"ponto_representativo_grade_2022; area_pct_geometrica"},"geometry":{"type":"Polygon","coordinates":[[[-51.37636158310336,-29.146465775929276],[-51.37638025104115,-29.144602622393297],[-51.37438976109945,-29.144585142279357],[-51.374371079000326,-29.14644829550487],[-51.37636158310336,-29.146465775929276]]]}},{"type":"Feature","properties":{"id_grade":"200ME52636N81006","pop":5,"dom":1,"universo_dom":"domicilios_ocupados_grade_ibge_2022","na_bacia":1,"area_pct_bacia":100.0,"metodo_recorte_bacia":"ponto_representativo_grade_2022; area_pct_geometrica"},"geometry":{"type":"Polygon","coordinates":[[[-51.37638025104115,-29.144602622393297],[-51.376398918713285,-29.142739488691962],[-51.37440844293273,-29.142722008888416],[-51.37438976109945,-29.144585142279357],[-51.37638025104115,-29.144602622393297]]]}},{"type":"Feature","properties":{"id_grade":"200ME52640N81006","pop":1,"dom":1,"universo_dom":"domicilios_ocupados_grade_ibge_2022","na_bacia":1,"area_pct_bacia":100.0,"metodo_recorte_bacia":"ponto_representativo_grade_2022; area_pct_geometrica"},"geometry":{"type":"Polygon","coordinates":[[[-51.372399271423596,-29.144567648910748],[-51.372417967418016,-29.142704515830548],[-51.37042749216934,-29.14268700951822],[-51.370408782013804,-29.144550142287454],[-51.372399271423596,-29.144567648910748]]]}},{"type":"Feature","properties":{"id_grade":"200ME52648N81006","pop":3,"dom":1,"universo_dom":"domicilios_ocupados_grade_ibge_2022","na_bacia":1,"area_pct_bacia":100.0,"metodo_recorte_bacia":"ponto_representativo_grade_2022; area_pct_geometrica"},"geometry":{"type":"Polygon","coordinates":[[[-51.3644373153827,-29.144497542889823],[-51.3644560680216,-29.142634411054775],[-51.36246559383912,-29.142616851724853],[-51.36244682703911,-29.144479983248054],[-51.3644373153827,-29.144497542889823]]]}},{"type":"Feature","properties":{"id_grade":"200ME52642N81008","pop":3,"dom":1,"universo_dom":"domicilios_ocupados_grade_ibge_2022","na_bacia":1,"area_pct_bacia":100.0,"metodo_recorte_bacia":"ponto_representativo_grade_2022; area_pct_geometrica"},"geometry":{"type":"Polygon","coordinates":[[[-51.37042749216934,-29.14268700951822],[-51.370446202058645,-29.140823896580475],[-51.36845574123714,-29.14080637732481],[-51.36843701718691,-29.142669489951466],[-51.37042749216934,-29.14268700951822]]]}},{"type":"Feature","properties":{"id_grade":"200ME52636N81010","pop":4,"dom":1,"universo_dom":"domicilios_ocupados_grade_ibge_2022","na_bacia":1,"area_pct_bacia":100.0,"metodo_recorte_bacia":"ponto_representativo_grade_2022; area_pct_geometrica"},"geometry":{"type":"Polygon","coordinates":[[[-51.376417586119786,-29.140876374822163],[-51.37643625326065,-29.13901328078103],[-51.37444580580177,-29.13899580159834],[-51.374427124500166,-29.14085889532916],[-51.376417586119786,-29.140876374822163]]]}},{"type":"Feature","properties":{"id_grade":"1KME5266N8080","pop":12,"dom":5,"universo_dom":"domicilios_ocupados_grade_ibge_2022","na_bacia":0,"area_pct_bacia":0.0,"metodo_recorte_bacia":"ponto_representativo_grade_2022; area_pct_geometrica"},"geometry":{"type":"Polygon","coordinates":[[[-51.35057154442343,-29.33453596758243],[-51.35066586662429,-29.325210325546934],[-51.34070656271133,-29.325121844196076],[-51.3406118859797,-29.334447478304245],[-51.35057154442343,-29.33453596758243]]]}},{"type":"Feature","properties":{"id_grade":"1KME5267N8080","pop":32,"dom":12,"universo_dom":"domicilios_ocupados_grade_ibge_2022","na_bacia":0,"area_pct_bacia":0.0,"metodo_recorte_bacia":"ponto_representativo_grade_2022; area_pct_geometrica"},"geometry":{"type":"Polygon","coordinates":[[[-51.3406118859797,-29.334447478304245],[-51.34070656271133,-29.325121844196076],[-51.330747265539095,-29.325033030908063],[-51.33065223427741,-29.33435865705954],[-51.3406118859797,-29.334447478304245]]]}},{"type":"Feature","properties":{"id_grade":"1KME5266N8081","pop":41,"dom":22,"universo_dom":"domicilios_ocupados_grade_ibge_2022","na_bacia":0,"area_pct_bacia":0.0,"metodo_recorte_bacia":"ponto_representativo_grade_2022; area_pct_geometrica"},"geometry":{"type":"Polygon","coordinates":[[[-51.35066586662429,-29.325210325546934],[-51.350760182109646,-29.31588518673854],[-51.34080123270224,-29.31579671331032],[-51.34070656271133,-29.325121844196076],[-51.35066586662429,-29.325210325546934]]]}},{"type":"Feature","properties":{"id_grade":"1KME5267N8081","pop":7,"dom":2,"universo_dom":"domicilios_ocupados_grade_ibge_2022","na_bacia":0,"area_pct_bacia":0.0,"metodo_recorte_bacia":"ponto_representativo_grade_2022; area_pct_geometrica"},"geometry":{"type":"Polygon","coordinates":[[[-51.34070656271133,-29.325121844196076],[-51.34080123270224,-29.31579671331032],[-51.33084229003484,-29.31570790797468],[-51.330747265539095,-29.325033030908063],[-51.34070656271133,-29.325121844196076]]]}},{"type":"Feature","properties":{"id_grade":"1KME5269N8081","pop":26,"dom":9,"universo_dom":"domicilios_ocupados_grade_ibge_2022","na_bacia":0,"area_pct_bacia":0.0,"metodo_recorte_bacia":"ponto_representativo_grade_2022; area_pct_geometrica"},"geometry":{"type":"Polygon","coordinates":[[[-51.320787975132816,-29.32494388568397],[-51.320883354132654,-29.315618770732968],[-51.31092442502094,-29.315529301585514],[-51.310828691517735,-29.324854408524693],[-51.320787975132816,-29.32494388568397]]]}},{"type":"Feature","properties":{"id_grade":"1KME5270N8081","pop":86,"dom":35,"universo_dom":"domicilios_ocupados_grade_ibge_2022","na_bacia":0,"area_pct_bacia":0.0,"metodo_recorte_bacia":"ponto_representativo_grade_2022; area_pct_geometrica"},"geometry":{"type":"Polygon","coordinates":[[[-51.310828691517735,-29.324854408524693],[-51.31092442502094,-29.315529301585514],[-51.30096550272493,-29.315439500533312],[-51.30086941471908,-29.324764599430907],[-51.310828691517735,-29.324854408524693]]]}},{"type":"Feature","properties":{"id_grade":"1KME5267N8082","pop":10,"dom":5,"universo_dom":"domicilios_ocupados_grade_ibge_2022","na_bacia":0,"area_pct_bacia":0.0,"metodo_recorte_bacia":"ponto_representativo_grade_2022; area_pct_geometrica"},"geometry":{"type":"Polygon","coordinates":[[[-51.34080123270224,-29.31579671331032],[-51.34089589595316,-29.306472085265185],[-51.330937307765325,-29.306383287878067],[-51.33084229003484,-29.31570790797468],[-51.34080123270224,-29.31579671331032]]]}},{"type":"Feature","properties":{"id_grade":"1KME5268N8082","pop":16,"dom":6,"universo_dom":"domicilios_ocupados_grade_ibge_2022","na_bacia":0,"area_pct_bacia":0.0,"metodo_recorte_bacia":"ponto_representativo_grade_2022; area_pct_geometrica"},"geometry":{"type":"Polygon","coordinates":[[[-51.33084229003484,-29.31570790797468],[-51.330937307765325,-29.306383287878067],[-51.32097872634201,-29.306294158614147],[-51.320883354132654,-29.315618770732968],[-51.33084229003484,-29.31570790797468]]]}},{"type":"Feature","properties":{"id_grade":"1KME5269N8082","pop":32,"dom":12,"universo_dom":"domicilios_ocupados_grade_ibge_2022","na_bacia":0,"area_pct_bacia":0.0,"metodo_recorte_bacia":"ponto_representativo_grade_2022; area_pct_geometrica"},"geometry":{"type":"Polygon","coordinates":[[[-51.320883354132654,-29.315618770732968],[-51.32097872634201,-29.306294158614147],[-51.31102015170844,-29.306204697474318],[-51.31092442502094,-29.315529301585514],[-51.320883354132654,-29.315618770732968]]]}},{"type":"Feature","properties":{"id_grade":"1KME5270N8082","pop":90,"dom":35,"universo_dom":"domicilios_ocupados_grade_ibge_2022","na_bacia":0,"area_pct_bacia":0.0,"metodo_recorte_bacia":"ponto_representativo_grade_2022; area_pct_geometrica"},"geometry":{"type":"Polygon","coordinates":[[[-51.31092442502094,-29.315529301585514],[-51.31102015170844,-29.306204697474318],[-51.30106158388984,-29.30611490445973],[-51.30096550272493,-29.315439500533312],[-51.31092442502094,-29.315529301585514]]]}},{"type":"Feature","properties":{"id_grade":"1KME5273N8082","pop":10,"dom":3,"universo_dom":"domicilios_ocupados_grade_ibge_2022","na_bacia":0,"area_pct_bacia":0.0,"metodo_recorte_bacia":"ponto_representativo_grade_2022; area_pct_geometrica"},"geometry":{"type":"Polygon","coordinates":[[[-51.28104767868095,-29.31525890271826],[-51.281144468798495,-29.30593432280812],[-51.271185921576205,-29.305843534173512],[-51.271088776983454,-29.315168105957238],[-51.28104767868095,-29.31525890271826]]]}},{"type":"Feature","properties":{"id_grade":"1KME5274N8082","pop":25,"dom":8,"universo_dom":"domicilios_ocupados_grade_ibge_2022","na_bacia":0,"area_pct_bacia":0.0,"metodo_recorte_bacia":"ponto_representativo_grade_2022; area_pct_geometrica"},"geometry":{"type":"Polygon","coordinates":[[[-51.271088776983454,-29.315168105957238],[-51.271185921576205,-29.305843534173512],[-51.26122738126981,-29.305752413666955],[-51.26112988220259,-29.315076977294837],[-51.271088776983454,-29.315168105957238]]]}},{"type":"Feature","properties":{"id_grade":"1KME5266N8083","pop":30,"dom":11,"universo_dom":"domicilios_ocupados_grade_ibge_2022","na_bacia":0,"area_pct_bacia":0.0,"metodo_recorte_bacia":"ponto_representativo_grade_2022; area_pct_geometrica"},"geometry":{"type":"Polygon","coordinates":[[[-51.35085449088026,-29.306560550774808],[-51.35094879293682,-29.297236417274203],[-51.34099055246479,-29.297147959678934],[-51.34089589595316,-29.306472085265185],[-51.35085449088026,-29.306560550774808]]]}},{"type":"Feature","properties":{"id_grade":"1KME5268N8083","pop":47,"dom":18,"universo_dom":"domicilios_ocupados_grade_ibge_2022","na_bacia":0,"area_pct_bacia":0.0,"metodo_recorte_bacia":"ponto_representativo_grade_2022; area_pct_geometrica"},"geometry":{"type":"Polygon","coordinates":[[[-51.330937307765325,-29.306383287878067],[-51.33103231873131,-29.297059170236075],[-51.32107409176163,-29.296970048946065],[-51.32097872634201,-29.306294158614147],[-51.330937307765325,-29.306383287878067]]]}},{"type":"Feature","properties":{"id_grade":"1KME5269N8083","pop":16,"dom":6,"universo_dom":"domicilios_ocupados_grade_ibge_2022","na_bacia":0,"area_pct_bacia":0.0,"metodo_recorte_bacia":"ponto_representativo_grade_2022; area_pct_geometrica"},"geometry":{"type":"Polygon","coordinates":[[[-51.32097872634201,-29.306294158614147],[-51.32107409176163,-29.296970048946065],[-51.31111587158097,-29.29688059580936],[-51.31102015170844,-29.306204697474318],[-51.32097872634201,-29.306294158614147]]]}},{"type":"Feature","properties":{"id_grade":"1KME5272N8083","pop":12,"dom":4,"universo_dom":"domicilios_ocupados_grade_ibge_2022","na_bacia":0,"area_pct_bacia":0.0,"metodo_recorte_bacia":"ponto_representativo_grade_2022; area_pct_geometrica"},"geometry":{"type":"Polygon","coordinates":[[[-51.29110302291145,-29.30602477957028],[-51.29119945168761,-29.296700694001306],[-51.28124125202536,-29.29661024533141],[-51.281144468798495,-29.30593432280812],[-51.29110302291145,-29.30602477957028]]]}},{"type":"Feature","properties":{"id_grade":"1KME5266N8084","pop":28,"dom":10,"universo_dom":"domicilios_ocupados_grade_ibge_2022","na_bacia":0,"area_pct_bacia":0.0,"metodo_recorte_bacia":"ponto_representativo_grade_2022; area_pct_geometrica"},"geometry":{"type":"Polygon","coordinates":[[[-51.35094879293682,-29.297236417274203],[-51.35104308828004,-29.28791278585531],[-51.341085202237856,-29.287824336170768],[-51.34099055246479,-29.297147959678934],[-51.35094879293682,-29.297236417274203]]]}},{"type":"Feature","properties":{"id_grade":"1KME5267N8084","pop":82,"dom":33,"universo_dom":"domicilios_ocupados_grade_ibge_2022","na_bacia":0,"area_pct_bacia":0.0,"metodo_recorte_bacia":"ponto_representativo_grade_2022; area_pct_geometrica"},"geometry":{"type":"Polygon","coordinates":[[[-51.34099055246479,-29.297147959678934],[-51.341085202237856,-29.287824336170768],[-51.33112732293351,-29.287735554667464],[-51.33103231873131,-29.297059170236075],[-51.34099055246479,-29.297147959678934]]]}},{"type":"Feature","properties":{"id_grade":"1KME5268N8084","pop":15,"dom":7,"universo_dom":"domicilios_ocupados_grade_ibge_2022","na_bacia":0,"area_pct_bacia":0.0,"metodo_recorte_bacia":"ponto_representativo_grade_2022; area_pct_geometrica"},"geometry":{"type":"Polygon","coordinates":[[[-51.33103231873131,-29.297059170236075],[-51.33112732293351,-29.287735554667464],[-51.32116945039223,-29.287646441347015],[-51.32107409176163,-29.296970048946065],[-51.33103231873131,-29.297059170236075]]]}},{"type":"Feature","properties":{"id_grade":"1KME5271N8084","pop":10,"dom":5,"universo_dom":"domicilios_ocupados_grade_ibge_2022","na_bacia":0,"area_pct_bacia":0.0,"metodo_recorte_bacia":"ponto_representativo_grade_2022; area_pct_geometrica"},"geometry":{"type":"Polygon","coordinates":[[[-51.30115765821456,-29.296790810827723],[-51.30125372569978,-29.28746721925667],[-51.29129587359906,-29.28737711048899],[-51.29119945168761,-29.296700694001306],[-51.30115765821456,-29.296790810827723]]]}},{"type":"Feature","properties":{"id_grade":"1KME5272N8084","pop":8,"dom":3,"universo_dom":"domicilios_ocupados_grade_ibge_2022","na_bacia":0,"area_pct_bacia":0.0,"metodo_recorte_bacia":"ponto_representativo_grade_2022; area_pct_geometrica"},"geometry":{"type":"Polygon","coordinates":[[[-51.29119945168761,-29.296700694001306],[-51.29129587359906,-29.28737711048899],[-51.28133802836231,-29.287286669906955],[-51.28124125202536,-29.29661024533141],[-51.29119945168761,-29.296700694001306]]]}},{"type":"Feature","properties":{"id_grade":"1KME5273N8084","pop":8,"dom":3,"universo_dom":"domicilios_ocupados_grade_ibge_2022","na_bacia":0,"area_pct_bacia":0.0,"metodo_recorte_bacia":"ponto_representativo_grade_2022; area_pct_geometrica"},"geometry":{"type":"Polygon","coordinates":[[[-51.28124125202536,-29.29661024533141],[-51.28133802836231,-29.287286669906955],[-51.27138019001476,-29.28719589751187],[-51.27128305925306,-29.296519464818605],[-51.28124125202536,-29.29661024533141]]]}},{"type":"Feature","properties":{"id_grade":"1KME5257N8085","pop":25,"dom":9,"universo_dom":"domicilios_ocupados_grade_ibge_2022","na_bacia":0,"area_pct_bacia":0.0,"metodo_recorte_bacia":"ponto_representativo_grade_2022; area_pct_geometrica"},"geometry":{"type":"Polygon","coordinates":[[[-51.44066436170017,-29.28869390105698],[-51.44075546065727,-29.27937070151706],[-51.43079786952069,-29.27928524587407],[-51.43070641615261,-29.288608437774652],[-51.44066436170017,-29.28869390105698]]]}},{"type":"Feature","properties":{"id_grade":"1KME5258N8085","pop":47,"dom":18,"universo_dom":"domicilios_ocupados_grade_ibge_2022","na_bacia":0,"area_pct_bacia":0.0,"metodo_recorte_bacia":"ponto_representativo_grade_2022; area_pct_geometrica"},"geometry":{"type":"Polygon","coordinates":[[[-51.43070641615261,-29.288608437774652],[-51.43079786952069,-29.27928524587407],[-51.42084028489421,-29.2791994584347],[-51.42074847711585,-29.288522642666198],[-51.43070641615261,-29.288608437774652]]]}},{"type":"Feature","properties":{"id_grade":"1KME5259N8085","pop":79,"dom":25,"universo_dom":"domicilios_ocupados_grade_ibge_2022","na_bacia":0,"area_pct_bacia":0.0,"metodo_recorte_bacia":"ponto_representativo_grade_2022; area_pct_geometrica"},"geometry":{"type":"Polygon","coordinates":[[[-51.42074847711585,-29.288522642666198],[-51.42084028489421,-29.2791994584347],[-51.410882706803065,-29.279113339200325],[-51.410790544615125,-29.288436515733025],[-51.42074847711585,-29.288522642666198]]]}},{"type":"Feature","properties":{"id_grade":"1KME5260N8085","pop":27,"dom":11,"universo_dom":"domicilios_ocupados_grade_ibge_2022","na_bacia":0,"area_pct_bacia":0.0,"metodo_recorte_bacia":"ponto_representativo_grade_2022; area_pct_geometrica"},"geometry":{"type":"Polygon","coordinates":[[[-51.410790544615125,-29.288436515733025],[-51.410882706803065,-29.279113339200325],[-51.40092513527247,-29.279026888171277],[-51.40083261867565,-29.288350056975755],[-51.410790544615125,-29.288436515733025]]]}},{"type":"Feature","properties":{"id_grade":"1KME5261N8085","pop":22,"dom":9,"universo_dom":"domicilios_ocupados_grade_ibge_2022","na_bacia":0,"area_pct_bacia":0.0,"metodo_recorte_bacia":"ponto_representativo_grade_2022; area_pct_geometrica"},"geometry":{"type":"Polygon","coordinates":[[[-51.40083261867565,-29.288350056975755],[-51.40092513527247,-29.279026888171277],[-51.39096757032765,-29.278940105348692],[-51.390874699322666,-29.2882632663949],[-51.40083261867565,-29.288350056975755]]]}},{"type":"Feature","properties":{"id_grade":"1KME5262N8085","pop":11,"dom":4,"universo_dom":"domicilios_ocupados_grade_ibge_2022","na_bacia":0,"area_pct_bacia":0.0,"metodo_recorte_bacia":"ponto_representativo_grade_2022; area_pct_geometrica"},"geometry":{"type":"Polygon","coordinates":[[[-51.390874699322666,-29.2882632663949],[-51.39096757032765,-29.278940105348692],[-51.381010011993844,-29.278852990733032],[-51.38091678658138,-29.28817614399168],[-51.390874699322666,-29.2882632663949]]]}},{"type":"Feature","properties":{"id_grade":"1KME5263N8085","pop":17,"dom":7,"universo_dom":"domicilios_ocupados_grade_ibge_2022","na_bacia":0,"area_pct_bacia":0.0,"metodo_recorte_bacia":"ponto_representativo_grade_2022; area_pct_geometrica"},"geometry":{"type":"Polygon","coordinates":[[[-51.38091678658138,-29.28817614399168],[-51.381010011993844,-29.278852990733032],[-51.371052460296255,-29.278765544325285],[-51.37095888047703,-29.288088689766944],[-51.38091678658138,-29.28817614399168]]]}},{"type":"Feature","properties":{"id_grade":"1KME5265N8085","pop":6,"dom":1,"universo_dom":"domicilios_ocupados_grade_ibge_2022","na_bacia":0,"area_pct_bacia":0.0,"metodo_recorte_bacia":"ponto_representativo_grade_2022; area_pct_geometrica"},"geometry":{"type":"Polygon","coordinates":[[[-51.36100098103484,-29.288000903721137],[-51.36109491526012,-29.278677766126428],[-51.35113737691066,-29.278589656137036],[-51.35104308828004,-29.28791278585531],[-51.36100098103484,-29.288000903721137]]]}},{"type":"Feature","properties":{"id_grade":"1KME5268N8085","pop":46,"dom":20,"universo_dom":"domicilios_ocupados_grade_ibge_2022","na_bacia":0,"area_pct_bacia":0.0,"metodo_recorte_bacia":"ponto_representativo_grade_2022; area_pct_geometrica"},"geometry":{"type":"Polygon","coordinates":[[[-51.33112732293351,-29.287735554667464],[-51.331222320372646,-29.278412440790902],[-51.321264802234545,-29.278323335435775],[-51.32116945039223,-29.287646441347015],[-51.33112732293351,-29.287735554667464]]]}},{"type":"Feature","properties":{"id_grade":"1KME5270N8085","pop":6,"dom":2,"universo_dom":"domicilios_ocupados_grade_ibge_2022","na_bacia":0,"area_pct_bacia":0.0,"metodo_recorte_bacia":"ponto_representativo_grade_2022; area_pct_geometrica"},"geometry":{"type":"Polygon","coordinates":[[[-51.31121158463925,-29.287556996209677],[-51.31130729088401,-29.278233898293532],[-51.30134978634627,-29.278144129365334],[-51.30125372569978,-29.28746721925667],[-51.31121158463925,-29.287556996209677]]]}},{"type":"Feature","properties":{"id_grade":"1KME5271N8085","pop":20,"dom":9,"universo_dom":"domicilios_ocupados_grade_ibge_2022","na_bacia":0,"area_pct_bacia":0.0,"metodo_recorte_bacia":"ponto_representativo_grade_2022; area_pct_geometrica"},"geometry":{"type":"Polygon","coordinates":[[[-51.30125372569978,-29.28746721925667],[-51.30134978634627,-29.278144129365334],[-51.29139228864655,-29.278054028651542],[-51.29129587359906,-29.28737711048899],[-51.30125372569978,-29.28746721925667]]]}},{"type":"Feature","properties":{"id_grade":"1KME5272N8085","pop":7,"dom":4,"universo_dom":"domicilios_ocupados_grade_ibge_2022","na_bacia":0,"area_pct_bacia":0.0,"metodo_recorte_bacia":"ponto_representativo_grade_2022; area_pct_geometrica"},"geometry":{"type":"Polygon","coordinates":[[[-51.29129587359906,-29.28737711048899],[-51.29139228864655,-29.278054028651542],[-51.28143479781006,-29.27796359615363],[-51.28133802836231,-29.287286669906955],[-51.29129587359906,-29.28737711048899]]]}},{"type":"Feature","properties":{"id_grade":"1KME5273N8085","pop":9,"dom":3,"universo_dom":"domicilios_ocupados_grade_ibge_2022","na_bacia":0,"area_pct_bacia":0.0,"metodo_recorte_bacia":"ponto_representativo_grade_2022; area_pct_geometrica"},"geometry":{"type":"Polygon","coordinates":[[[-51.28133802836231,-29.287286669906955],[-51.28143479781006,-29.27796359615363],[-51.27147731386203,-29.27787283187185],[-51.27138019001476,-29.28719589751187],[-51.28133802836231,-29.287286669906955]]]}},{"type":"Feature","properties":{"id_grade":"1KME5257N8086","pop":25,"dom":8,"universo_dom":"domicilios_ocupados_grade_ibge_2022","na_bacia":0,"area_pct_bacia":0.0,"metodo_recorte_bacia":"ponto_representativo_grade_2022; area_pct_geometrica"},"geometry":{"type":"Polygon","coordinates":[[[-51.44075546065727,-29.27937070151706],[-51.4408465531295,-29.270048003333535],[-51.43088931637866,-29.269962555326106],[-51.43079786952069,-29.27928524587407],[-51.44075546065727,-29.27937070151706]]]}},{"type":"Feature","properties":{"id_grade":"1KME5258N8086","pop":41,"dom":17,"universo_dom":"domicilios_ocupados_grade_ibge_2022","na_bacia":0,"area_pct_bacia":0.0,"metodo_recorte_bacia":"ponto_representativo_grade_2022; area_pct_geometrica"},"geometry":{"type":"Polygon","coordinates":[[[-51.43079786952069,-29.27928524587407],[-51.43088931637866,-29.269962555326106],[-51.42093208613724,-29.269876775551552],[-51.42084028489421,-29.2791994584347],[-51.43079786952069,-29.27928524587407]]]}},{"type":"Feature","properties":{"id_grade":"1KME5259N8086","pop":15,"dom":5,"universo_dom":"domicilios_ocupados_grade_ibge_2022","na_bacia":0,"area_pct_bacia":0.0,"metodo_recorte_bacia":"ponto_representativo_grade_2022; area_pct_geometrica"},"geometry":{"type":"Polygon","coordinates":[[[-51.42084028489421,-29.2791994584347],[-51.42093208613724,-29.269876775551552],[-51.41097486243044,-29.26979066401197],[-51.410882706803065,-29.279113339200325],[-51.42084028489421,-29.2791994584347]]]}},{"type":"Feature","properties":{"id_grade":"1KME5260N8086","pop":17,"dom":8,"universo_dom":"domicilios_ocupados_grade_ibge_2022","na_bacia":0,"area_pct_bacia":0.0,"metodo_recorte_bacia":"ponto_representativo_grade_2022; area_pct_geometrica"},"geometry":{"type":"Polygon","coordinates":[[[-51.410882706803065,-29.279113339200325],[-51.41097486243044,-29.26979066401197],[-51.40101764528351,-29.269704220707148],[-51.40092513527247,-29.279026888171277],[-51.410882706803065,-29.279113339200325]]]}},{"type":"Feature","properties":{"id_grade":"1KME5261N8086","pop":43,"dom":14,"universo_dom":"domicilios_ocupados_grade_ibge_2022","na_bacia":0,"area_pct_bacia":0.0,"metodo_recorte_bacia":"ponto_representativo_grade_2022; area_pct_geometrica"},"geometry":{"type":"Polygon","coordinates":[[[-51.40092513527247,-29.279026888171277],[-51.40101764528351,-29.269704220707148],[-51.391060434721645,-29.26961744563827],[-51.39096757032765,-29.278940105348692],[-51.40092513527247,-29.279026888171277]]]}},{"type":"Feature","properties":{"id_grade":"1KME5262N8086","pop":20,"dom":6,"universo_dom":"domicilios_ocupados_grade_ibge_2022","na_bacia":0,"area_pct_bacia":0.0,"metodo_recorte_bacia":"ponto_representativo_grade_2022; area_pct_geometrica"},"geometry":{"type":"Polygon","coordinates":[[[-51.39096757032765,-29.278940105348692],[-51.391060434721645,-29.26961744563827],[-51.38110323077008,-29.269530338806128],[-51.381010011993844,-29.278852990733032],[-51.39096757032765,-29.278940105348692]]]}},{"type":"Feature","properties":{"id_grade":"1KME5263N8086","pop":26,"dom":9,"universo_dom":"domicilios_ocupados_grade_ibge_2022","na_bacia":0,"area_pct_bacia":0.0,"metodo_recorte_bacia":"ponto_representativo_grade_2022; area_pct_geometrica"},"geometry":{"type":"Polygon","coordinates":[[[-51.381010011993844,-29.278852990733032],[-51.38110323077008,-29.269530338806128],[-51.371146033454025,-29.26944290021157],[-51.371052460296255,-29.278765544325285],[-51.381010011993844,-29.278852990733032]]]}},{"type":"Feature","properties":{"id_grade":"1KME5264N8086","pop":26,"dom":8,"universo_dom":"domicilios_ocupados_grade_ibge_2022","na_bacia":0,"area_pct_bacia":0.0,"metodo_recorte_bacia":"ponto_representativo_grade_2022; area_pct_geometrica"},"geometry":{"type":"Polygon","coordinates":[[[-51.371052460296255,-29.278765544325285],[-51.371146033454025,-29.26944290021157],[-51.36118884279872,-29.269355129855583],[-51.36109491526012,-29.278677766126428],[-51.371052460296255,-29.278765544325285]]]}},{"type":"Feature","properties":{"id_grade":"1KME5265N8086","pop":39,"dom":13,"universo_dom":"domicilios_ocupados_grade_ibge_2022","na_bacia":0,"area_pct_bacia":0.0,"metodo_recorte_bacia":"ponto_representativo_grade_2022; area_pct_geometrica"},"geometry":{"type":"Polygon","coordinates":[[[-51.36109491526012,-29.278677766126428],[-51.36118884279872,-29.269355129855583],[-51.35123165882937,-29.26926702773854],[-51.35113737691066,-29.278589656137036],[-51.36109491526012,-29.278677766126428]]]}},{"type":"Feature","properties":{"id_grade":"1KME5268N8086","pop":10,"dom":5,"universo_dom":"domicilios_ocupados_grade_ibge_2022","na_bacia":0,"area_pct_bacia":0.0,"metodo_recorte_bacia":"ponto_representativo_grade_2022; area_pct_geometrica"},"geometry":{"type":"Polygon","coordinates":[[[-51.331222320372646,-29.278412440790902],[-51.33131731104944,-29.269089828225997],[-51.32136014728929,-29.269000730831678],[-51.321264802234545,-29.278323335435775],[-51.331222320372646,-29.278412440790902]]]}},{"type":"Feature","properties":{"id_grade":"1KME5269N8086","pop":2,"dom":2,"universo_dom":"domicilios_ocupados_grade_ibge_2022","na_bacia":0,"area_pct_bacia":0.0,"metodo_recorte_bacia":"ponto_representativo_grade_2022; area_pct_geometrica"},"geometry":{"type":"Polygon","coordinates":[[[-51.321264802234545,-29.278323335435775],[-51.32136014728929,-29.269000730831678],[-51.31140299031598,-29.26891130168033],[-51.31130729088401,-29.278233898293532],[-51.321264802234545,-29.278323335435775]]]}},{"type":"Feature","properties":{"id_grade":"1KME5270N8086","pop":8,"dom":2,"universo_dom":"domicilios_ocupados_grade_ibge_2022","na_bacia":0,"area_pct_bacia":0.0,"metodo_recorte_bacia":"ponto_representativo_grade_2022; area_pct_geometrica"},"geometry":{"type":"Polygon","coordinates":[[[-51.31130729088401,-29.278233898293532],[-51.31140299031598,-29.26891130168033],[-51.30144584015475,-29.268821540772155],[-51.30134978634627,-29.278144129365334],[-51.31130729088401,-29.278233898293532]]]}},{"type":"Feature","properties":{"id_grade":"1KME5271N8086","pop":8,"dom":4,"universo_dom":"domicilios_ocupados_grade_ibge_2022","na_bacia":0,"area_pct_bacia":0.0,"metodo_recorte_bacia":"ponto_representativo_grade_2022; area_pct_geometrica"},"geometry":{"type":"Polygon","coordinates":[[[-51.30134978634627,-29.278144129365334],[-51.30144584015475,-29.268821540772155],[-51.29148869683079,-29.26873144810846],[-51.29139228864655,-29.278054028651542],[-51.30134978634627,-29.278144129365334]]]}},{"type":"Feature","properties":{"id_grade":"1KME5272N8086","pop":28,"dom":10,"universo_dom":"domicilios_ocupados_grade_ibge_2022","na_bacia":0,"area_pct_bacia":0.0,"metodo_recorte_bacia":"ponto_representativo_grade_2022; area_pct_geometrica"},"geometry":{"type":"Polygon","coordinates":[[[-51.29139228864655,-29.278054028651542],[-51.29148869683079,-29.26873144810846],[-51.281531560369345,-29.268641023689973],[-51.28143479781006,-29.27796359615363],[-51.29139228864655,-29.278054028651542]]]}},{"type":"Feature","properties":{"id_grade":"1KME5273N8086","pop":21,"dom":6,"universo_dom":"domicilios_ocupados_grade_ibge_2022","na_bacia":0,"area_pct_bacia":0.0,"metodo_recorte_bacia":"ponto_representativo_grade_2022; area_pct_geometrica"},"geometry":{"type":"Polygon","coordinates":[[[-51.28143479781006,-29.27796359615363],[-51.281531560369345,-29.268641023689973],[-51.271574430795624,-29.268550267517536],[-51.27147731386203,-29.27787283187185],[-51.28143479781006,-29.27796359615363]]]}},{"type":"Feature","properties":{"id_grade":"1KME5274N8086","pop":6,"dom":2,"universo_dom":"domicilios_ocupados_grade_ibge_2022","na_bacia":0,"area_pct_bacia":0.0,"metodo_recorte_bacia":"ponto_representativo_grade_2022; area_pct_geometrica"},"geometry":{"type":"Polygon","coordinates":[[[-51.27147731386203,-29.27787283187185],[-51.271574430795624,-29.268550267517536],[-51.261617308134845,-29.268459179591964],[-51.26151983682769,-29.277781735807697],[-51.27147731386203,-29.27787283187185]]]}},{"type":"Feature","properties":{"id_grade":"1KME5255N8087","pop":104,"dom":35,"universo_dom":"domicilios_ocupados_grade_ibge_2022","na_bacia":0,"area_pct_bacia":0.0,"metodo_recorte_bacia":"ponto_representativo_grade_2022; area_pct_geometrica"},"geometry":{"type":"Polygon","coordinates":[[[-51.46076104605851,-29.27021790404587],[-51.46085142332342,-29.260895691663936],[-51.45089452799134,-29.260810914764257],[-51.45080379636452,-29.27013311957378],[-51.46076104605851,-29.27021790404587]]]}},{"type":"Feature","properties":{"id_grade":"1KME5256N8087","pop":42,"dom":13,"universo_dom":"domicilios_ocupados_grade_ibge_2022","na_bacia":0,"area_pct_bacia":0.0,"metodo_recorte_bacia":"ponto_representativo_grade_2022; area_pct_geometrica"},"geometry":{"type":"Polygon","coordinates":[[[-51.45080379636452,-29.27013311957378],[-51.45089452799134,-29.260810914764257],[-51.44093763911753,-29.260725806125823],[-51.4408465531295,-29.270048003333535],[-51.45080379636452,-29.27013311957378]]]}},{"type":"Feature","properties":{"id_grade":"1KME5257N8087","pop":11,"dom":4,"universo_dom":"domicilios_ocupados_grade_ibge_2022","na_bacia":0,"area_pct_bacia":0.0,"metodo_recorte_bacia":"ponto_representativo_grade_2022; area_pct_geometrica"},"geometry":{"type":"Polygon","coordinates":[[[-51.4408465531295,-29.270048003333535],[-51.44093763911753,-29.260725806125823],[-51.43098075672723,-29.260640365749587],[-51.43088931637866,-29.269962555326106],[-51.4408465531295,-29.270048003333535]]]}},{"type":"Feature","properties":{"id_grade":"1KME5258N8087","pop":32,"dom":13,"universo_dom":"domicilios_ocupados_grade_ibge_2022","na_bacia":0,"area_pct_bacia":0.0,"metodo_recorte_bacia":"ponto_representativo_grade_2022; area_pct_geometrica"},"geometry":{"type":"Polygon","coordinates":[[[-51.43088931637866,-29.269962555326106],[-51.43098075672723,-29.260640365749587],[-51.42102388084563,-29.260554593636385],[-51.42093208613724,-29.269876775551552],[-51.43088931637866,-29.269962555326106]]]}},{"type":"Feature","properties":{"id_grade":"1KME5259N8087","pop":11,"dom":6,"universo_dom":"domicilios_ocupados_grade_ibge_2022","na_bacia":0,"area_pct_bacia":0.0,"metodo_recorte_bacia":"ponto_representativo_grade_2022; area_pct_geometrica"},"geometry":{"type":"Polygon","coordinates":[[[-51.42093208613724,-29.269876775551552],[-51.42102388084563,-29.260554593636385],[-51.41106701149798,-29.26046848978703],[-51.41097486243044,-29.26979066401197],[-51.42093208613724,-29.269876775551552]]]}},{"type":"Feature","properties":{"id_grade":"1KME5260N8087","pop":23,"dom":9,"universo_dom":"domicilios_ocupados_grade_ibge_2022","na_bacia":0,"area_pct_bacia":0.0,"metodo_recorte_bacia":"ponto_representativo_grade_2022; area_pct_geometrica"},"geometry":{"type":"Polygon","coordinates":[[[-51.41097486243044,-29.26979066401197],[-51.41106701149798,-29.26046848978703],[-51.40111014870948,-29.26038205420236],[-51.40101764528351,-29.269704220707148],[-51.41097486243044,-29.26979066401197]]]}},{"type":"Feature","properties":{"id_grade":"1KME5261N8087","pop":130,"dom":43,"universo_dom":"domicilios_ocupados_grade_ibge_2022","na_bacia":0,"area_pct_bacia":0.0,"metodo_recorte_bacia":"ponto_representativo_grade_2022; area_pct_geometrica"},"geometry":{"type":"Polygon","coordinates":[[[-51.40101764528351,-29.269704220707148],[-51.40111014870948,-29.26038205420236],[-51.391153292505344,-29.260295286883437],[-51.391060434721645,-29.26961744563827],[-51.40101764528351,-29.269704220707148]]]}},{"type":"Feature","properties":{"id_grade":"1KME5262N8087","pop":45,"dom":16,"universo_dom":"domicilios_ocupados_grade_ibge_2022","na_bacia":0,"area_pct_bacia":0.0,"metodo_recorte_bacia":"ponto_representativo_grade_2022; area_pct_geometrica"},"geometry":{"type":"Polygon","coordinates":[[[-51.391060434721645,-29.26961744563827],[-51.391153292505344,-29.260295286883437],[-51.3811964429108,-29.260208187830532],[-51.38110323077008,-29.269530338806128],[-51.391060434721645,-29.26961744563827]]]}},{"type":"Feature","properties":{"id_grade":"1KME5263N8087","pop":33,"dom":12,"universo_dom":"domicilios_ocupados_grade_ibge_2022","na_bacia":0,"area_pct_bacia":0.0,"metodo_recorte_bacia":"ponto_representativo_grade_2022; area_pct_geometrica"},"geometry":{"type":"Polygon","coordinates":[[[-51.38110323077008,-29.269530338806128],[-51.3811964429108,-29.260208187830532],[-51.37123959995107,-29.26012075704492],[-51.371146033454025,-29.26944290021157],[-51.38110323077008,-29.269530338806128]]]}},{"type":"Feature","properties":{"id_grade":"1KME5268N8087","pop":16,"dom":6,"universo_dom":"domicilios_ocupados_grade_ibge_2022","na_bacia":0,"area_pct_bacia":0.0,"metodo_recorte_bacia":"ponto_representativo_grade_2022; area_pct_geometrica"},"geometry":{"type":"Polygon","coordinates":[[[-51.33131731104944,-29.269089828225997],[-51.33141229496459,-29.25976771659093],[-51.32145548555718,-29.25967862715377],[-51.32136014728929,-29.269000730831678],[-51.33131731104944,-29.269089828225997]]]}},{"type":"Feature","properties":{"id_grade":"1KME5269N8087","pop":12,"dom":4,"universo_dom":"domicilios_ocupados_grade_ibge_2022","na_bacia":0,"area_pct_bacia":0.0,"metodo_recorte_bacia":"ponto_representativo_grade_2022; area_pct_geometrica"},"geometry":{"type":"Polygon","coordinates":[[[-51.32136014728929,-29.269000730831678],[-51.32145548555718,-29.25967862715377],[-51.31149868293589,-29.259589205988586],[-51.31140299031598,-29.26891130168033],[-51.32136014728929,-29.269000730831678]]]}},{"type":"Feature","properties":{"id_grade":"1KME5270N8087","pop":34,"dom":10,"universo_dom":"domicilios_ocupados_grade_ibge_2022","na_bacia":0,"area_pct_bacia":0.0,"metodo_recorte_bacia":"ponto_representativo_grade_2022; area_pct_geometrica"},"geometry":{"type":"Polygon","coordinates":[[[-51.31140299031598,-29.26891130168033],[-51.31149868293589,-29.259589205988586],[-51.301541887125936,-29.25949945309687],[-51.30144584015475,-29.268821540772155],[-51.31140299031598,-29.26891130168033]]]}},{"type":"Feature","properties":{"id_grade":"1KME5272N8087","pop":25,"dom":7,"universo_dom":"domicilios_ocupados_grade_ibge_2022","na_bacia":0,"area_pct_bacia":0.0,"metodo_recorte_bacia":"ponto_representativo_grade_2022; area_pct_geometrica"},"geometry":{"type":"Polygon","coordinates":[[[-51.29148869683079,-29.26873144810846],[-51.29158509815254,-29.259409368478845],[-51.28162831604091,-29.25931895213565],[-51.281531560369345,-29.268641023689973],[-51.29148869683079,-29.26873144810846]]]}},{"type":"Feature","properties":{"id_grade":"1KME5273N8087","pop":20,"dom":7,"universo_dom":"domicilios_ocupados_grade_ibge_2022","na_bacia":0,"area_pct_bacia":0.0,"metodo_recorte_bacia":"ponto_representativo_grade_2022; area_pct_geometrica"},"geometry":{"type":"Polygon","coordinates":[[[-51.281531560369345,-29.268641023689973],[-51.28162831604091,-29.25931895213565],[-51.271671540816264,-29.259228204068066],[-51.271574430795624,-29.268550267517536],[-51.281531560369345,-29.268641023689973]]]}},{"type":"Feature","properties":{"id_grade":"1KME5274N8087","pop":26,"dom":8,"universo_dom":"domicilios_ocupados_grade_ibge_2022","na_bacia":0,"area_pct_bacia":0.0,"metodo_recorte_bacia":"ponto_representativo_grade_2022; area_pct_geometrica"},"geometry":{"type":"Polygon","coordinates":[[[-51.271574430795624,-29.268550267517536],[-51.271671540816264,-29.259228204068066],[-51.26171477250384,-29.25913712427697],[-51.261617308134845,-29.268459179591964],[-51.271574430795624,-29.268550267517536]]]}},{"type":"Feature","properties":{"id_grade":"1KME5253N8088","pop":45,"dom":18,"universo_dom":"domicilios_ocupados_grade_ibge_2022","na_bacia":1,"area_pct_bacia":100.0,"metodo_recorte_bacia":"ponto_representativo_grade_2022; area_pct_geometrica"},"geometry":{"type":"Polygon","coordinates":[[[-51.48076523326152,-29.261064250244885],[-51.48085489541794,-29.251742523418226],[-51.47089834158303,-29.25165841750697],[-51.47080832508855,-29.260980136824276],[-51.48076523326152,-29.261064250244885]]]}},{"type":"Feature","properties":{"id_grade":"1KME5255N8088","pop":52,"dom":21,"universo_dom":"domicilios_ocupados_grade_ibge_2022","na_bacia":0,"area_pct_bacia":0.0,"metodo_recorte_bacia":"ponto_representativo_grade_2022; area_pct_geometrica"},"geometry":{"type":"Polygon","coordinates":[[[-51.46085142332342,-29.260895691663936],[-51.46094179415527,-29.251573979885062],[-51.45098525315988,-29.25148921055341],[-51.45089452799134,-29.260810914764257],[-51.46085142332342,-29.260895691663936]]]}},{"type":"Feature","properties":{"id_grade":"1KME5256N8088","pop":45,"dom":16,"universo_dom":"domicilios_ocupados_grade_ibge_2022","na_bacia":0,"area_pct_bacia":0.0,"metodo_recorte_bacia":"ponto_representativo_grade_2022; area_pct_geometrica"},"geometry":{"type":"Polygon","coordinates":[[[-51.45089452799134,-29.260810914764257],[-51.45098525315988,-29.25148921055341],[-51.44102871862207,-29.25140410951257],[-51.44093763911753,-29.260725806125823],[-51.45089452799134,-29.260810914764257]]]}},{"type":"Feature","properties":{"id_grade":"1KME5257N8088","pop":71,"dom":28,"universo_dom":"domicilios_ocupados_grade_ibge_2022","na_bacia":0,"area_pct_bacia":0.0,"metodo_recorte_bacia":"ponto_representativo_grade_2022; area_pct_geometrica"},"geometry":{"type":"Polygon","coordinates":[[[-51.44093763911753,-29.260725806125823],[-51.44102871862207,-29.25140410951257],[-51.43107219056708,-29.25131867676386],[-51.43098075672723,-29.260640365749587],[-51.44093763911753,-29.260725806125823]]]}},{"type":"Feature","properties":{"id_grade":"1KME5258N8088","pop":25,"dom":9,"universo_dom":"domicilios_ocupados_grade_ibge_2022","na_bacia":0,"area_pct_bacia":0.0,"metodo_recorte_bacia":"ponto_representativo_grade_2022; area_pct_geometrica"},"geometry":{"type":"Polygon","coordinates":[[[-51.43098075672723,-29.260640365749587],[-51.43107219056708,-29.25131867676386],[-51.4211156690201,-29.251232912307543],[-51.42102388084563,-29.260554593636385],[-51.43098075672723,-29.260640365749587]]]}},{"type":"Feature","properties":{"id_grade":"1KME5259N8088","pop":38,"dom":15,"universo_dom":"domicilios_ocupados_grade_ibge_2022","na_bacia":0,"area_pct_bacia":0.0,"metodo_recorte_bacia":"ponto_representativo_grade_2022; area_pct_geometrica"},"geometry":{"type":"Polygon","coordinates":[[[-51.42102388084563,-29.260554593636385],[-51.4211156690201,-29.251232912307543],[-51.411159154006356,-29.251146816144747],[-51.41106701149798,-29.26046848978703],[-51.42102388084563,-29.260554593636385]]]}},{"type":"Feature","properties":{"id_grade":"1KME5260N8088","pop":13,"dom":5,"universo_dom":"domicilios_ocupados_grade_ibge_2022","na_bacia":0,"area_pct_bacia":0.0,"metodo_recorte_bacia":"ponto_representativo_grade_2022; area_pct_geometrica"},"geometry":{"type":"Polygon","coordinates":[[[-51.41106701149798,-29.26046848978703],[-51.411159154006356,-29.251146816144747],[-51.401202645551066,-29.25106038827639],[-51.40111014870948,-29.26038205420236],[-51.41106701149798,-29.26046848978703]]]}},{"type":"Feature","properties":{"id_grade":"1KME5261N8088","pop":28,"dom":10,"universo_dom":"domicilios_ocupados_grade_ibge_2022","na_bacia":0,"area_pct_bacia":0.0,"metodo_recorte_bacia":"ponto_representativo_grade_2022; area_pct_geometrica"},"geometry":{"type":"Polygon","coordinates":[[[-51.40111014870948,-29.26038205420236],[-51.401202645551066,-29.25106038827639],[-51.391246143679446,-29.25097362870279],[-51.391153292505344,-29.260295286883437],[-51.40111014870948,-29.26038205420236]]]}},{"type":"Feature","properties":{"id_grade":"1KME5262N8088","pop":40,"dom":16,"universo_dom":"domicilios_ocupados_grade_ibge_2022","na_bacia":0,"area_pct_bacia":0.0,"metodo_recorte_bacia":"ponto_representativo_grade_2022; area_pct_geometrica"},"geometry":{"type":"Polygon","coordinates":[[[-51.391153292505344,-29.260295286883437],[-51.391246143679446,-29.25097362870279],[-51.38128964841671,-29.250886537425327],[-51.3811964429108,-29.260208187830532],[-51.391153292505344,-29.260295286883437]]]}},{"type":"Feature","properties":{"id_grade":"1KME5263N8088","pop":33,"dom":11,"universo_dom":"domicilios_ocupados_grade_ibge_2022","na_bacia":0,"area_pct_bacia":0.0,"metodo_recorte_bacia":"ponto_representativo_grade_2022; area_pct_geometrica"},"geometry":{"type":"Polygon","coordinates":[[[-51.3811964429108,-29.260208187830532],[-51.38128964841671,-29.250886537425327],[-51.37133315978807,-29.250799114444714],[-51.37123959995107,-29.26012075704492],[-51.3811964429108,-29.260208187830532]]]}},{"type":"Feature","properties":{"id_grade":"1KME5268N8088","pop":21,"dom":9,"universo_dom":"domicilios_ocupados_grade_ibge_2022","na_bacia":0,"area_pct_bacia":0.0,"metodo_recorte_bacia":"ponto_representativo_grade_2022; area_pct_geometrica"},"geometry":{"type":"Polygon","coordinates":[[[-51.33141229496459,-29.25976771659093],[-51.33150727211886,-29.250446105505805],[-51.32155081703896,-29.250357024021525],[-51.32145548555718,-29.25967862715377],[-51.33141229496459,-29.25976771659093]]]}},{"type":"Feature","properties":{"id_grade":"1KME5269N8088","pop":18,"dom":5,"universo_dom":"domicilios_ocupados_grade_ibge_2022","na_bacia":0,"area_pct_bacia":0.0,"metodo_recorte_bacia":"ponto_representativo_grade_2022; area_pct_geometrica"},"geometry":{"type":"Polygon","coordinates":[[[-51.32145548555718,-29.25967862715377],[-51.32155081703896,-29.250357024021525],[-51.31159436874446,-29.250267610838865],[-51.31149868293589,-29.259589205988586],[-51.32145548555718,-29.25967862715377]]]}},{"type":"Feature","properties":{"id_grade":"1KME5270N8088","pop":22,"dom":7,"universo_dom":"domicilios_ocupados_grade_ibge_2022","na_bacia":0,"area_pct_bacia":0.0,"metodo_recorte_bacia":"ponto_representativo_grade_2022; area_pct_geometrica"},"geometry":{"type":"Polygon","coordinates":[[[-51.31149868293589,-29.259589205988586],[-51.31159436874446,-29.250267610838865],[-51.30163792726057,-29.250177865958655],[-51.301541887125936,-29.25949945309687],[-51.31149868293589,-29.259589205988586]]]}},{"type":"Feature","properties":{"id_grade":"1KME5271N8088","pop":1,"dom":1,"universo_dom":"domicilios_ocupados_grade_ibge_2022","na_bacia":0,"area_pct_bacia":0.0,"metodo_recorte_bacia":"ponto_representativo_grade_2022; area_pct_geometrica"},"geometry":{"type":"Polygon","coordinates":[[[-51.301541887125936,-29.25949945309687],[-51.30163792726057,-29.250177865958655],[-51.291681492612504,-29.250087789382064],[-51.29158509815254,-29.259409368478845],[-51.301541887125936,-29.25949945309687]]]}},{"type":"Feature","properties":{"id_grade":"1KME5272N8088","pop":47,"dom":16,"universo_dom":"domicilios_ocupados_grade_ibge_2022","na_bacia":0,"area_pct_bacia":0.0,"metodo_recorte_bacia":"ponto_representativo_grade_2022; area_pct_geometrica"},"geometry":{"type":"Polygon","coordinates":[[[-51.29158509815254,-29.259409368478845],[-51.291681492612504,-29.250087789382064],[-51.28172506482548,-29.249997381109928],[-51.28162831604091,-29.25931895213565],[-51.29158509815254,-29.259409368478845]]]}},{"type":"Feature","properties":{"id_grade":"1KME5273N8088","pop":16,"dom":7,"universo_dom":"domicilios_ocupados_grade_ibge_2022","na_bacia":0,"area_pct_bacia":0.0,"metodo_recorte_bacia":"ponto_representativo_grade_2022; area_pct_geometrica"},"geometry":{"type":"Polygon","coordinates":[[[-51.28162831604091,-29.25931895213565],[-51.28172506482548,-29.249997381109928],[-51.2717686439247,-29.249906641142957],[-51.271671540816264,-29.259228204068066],[-51.28162831604091,-29.25931895213565]]]}},{"type":"Feature","properties":{"id_grade":"1KME5274N8088","pop":28,"dom":9,"universo_dom":"domicilios_ocupados_grade_ibge_2022","na_bacia":0,"area_pct_bacia":0.0,"metodo_recorte_bacia":"ponto_representativo_grade_2022; area_pct_geometrica"},"geometry":{"type":"Polygon","coordinates":[[[-51.271671540816264,-29.259228204068066],[-51.2717686439247,-29.249906641142957],[-51.2618122299354,-29.249815569482113],[-51.26171477250384,-29.25913712427697],[-51.271671540816264,-29.259228204068066]]]}},{"type":"Feature","properties":{"id_grade":"1KME5254N8089","pop":54,"dom":20,"universo_dom":"domicilios_ocupados_grade_ibge_2022","na_bacia":1,"area_pct_bacia":96.7163,"metodo_recorte_bacia":"ponto_representativo_grade_2022; area_pct_geometrica"},"geometry":{"type":"Polygon","coordinates":[[[-51.47089834158303,-29.25165841750697],[-51.47098835167035,-29.24233719841586],[-51.461032158554744,-29.24225276832891],[-51.46094179415527,-29.251573979885062],[-51.47089834158303,-29.25165841750697]]]}},{"type":"Feature","properties":{"id_grade":"1KME5255N8089","pop":289,"dom":89,"universo_dom":"domicilios_ocupados_grade_ibge_2022","na_bacia":0,"area_pct_bacia":31.9012,"metodo_recorte_bacia":"ponto_representativo_grade_2022; area_pct_geometrica"},"geometry":{"type":"Polygon","coordinates":[[[-51.46094179415527,-29.251573979885062],[-51.461032158554744,-29.24225276832891],[-51.45107597187083,-29.242168006561297],[-51.45098525315988,-29.25148921055341],[-51.46094179415527,-29.251573979885062]]]}},{"type":"Feature","properties":{"id_grade":"1KME5256N8089","pop":77,"dom":31,"universo_dom":"domicilios_ocupados_grade_ibge_2022","na_bacia":1,"area_pct_bacia":60.3079,"metodo_recorte_bacia":"ponto_representativo_grade_2022; area_pct_geometrica"},"geometry":{"type":"Polygon","coordinates":[[[-51.45098525315988,-29.25148921055341],[-51.45107597187083,-29.242168006561297],[-51.44111979164381,-29.242082913114377],[-51.44102871862207,-29.25140410951257],[-51.45098525315988,-29.25148921055341]]]}},{"type":"Feature","properties":{"id_grade":"1KME5257N8089","pop":131,"dom":54,"universo_dom":"domicilios_ocupados_grade_ibge_2022","na_bacia":1,"area_pct_bacia":61.6086,"metodo_recorte_bacia":"ponto_representativo_grade_2022; area_pct_geometrica"},"geometry":{"type":"Polygon","coordinates":[[[-51.44102871862207,-29.25140410951257],[-51.44111979164381,-29.242082913114377],[-51.4311636178989,-29.24199748798894],[-51.43107219056708,-29.25131867676386],[-51.44102871862207,-29.25140410951257]]]}},{"type":"Feature","properties":{"id_grade":"1KME5261N8089","pop":58,"dom":22,"universo_dom":"domicilios_ocupados_grade_ibge_2022","na_bacia":0,"area_pct_bacia":0.8623,"metodo_recorte_bacia":"ponto_representativo_grade_2022; area_pct_geometrica"},"geometry":{"type":"Polygon","coordinates":[[[-51.401202645551066,-29.25106038827639],[-51.40129513580899,-29.24173922254874],[-51.39133898824466,-29.241652470716893],[-51.391246143679446,-29.25097362870279],[-51.401202645551066,-29.25106038827639]]]}},{"type":"Feature","properties":{"id_grade":"1KME5262N8089","pop":23,"dom":10,"universo_dom":"domicilios_ocupados_grade_ibge_2022","na_bacia":0,"area_pct_bacia":8.8643,"metodo_recorte_bacia":"ponto_representativo_grade_2022; area_pct_geometrica"},"geometry":{"type":"Polygon","coordinates":[[[-51.391246143679446,-29.25097362870279],[-51.39133898824466,-29.241652470716893],[-51.38138284728852,-29.2415653872107],[-51.38128964841671,-29.250886537425327],[-51.391246143679446,-29.25097362870279]]]}},{"type":"Feature","properties":{"id_grade":"1KME5270N8089","pop":21,"dom":8,"universo_dom":"domicilios_ocupados_grade_ibge_2022","na_bacia":0,"area_pct_bacia":0.0,"metodo_recorte_bacia":"ponto_representativo_grade_2022; area_pct_geometrica"},"geometry":{"type":"Polygon","coordinates":[[[-51.31159436874446,-29.250267610838865],[-51.311690047742424,-29.240946515849615],[-51.30173396055938,-29.240856778977186],[-51.30163792726057,-29.250177865958655],[-51.31159436874446,-29.250267610838865]]]}},{"type":"Feature","properties":{"id_grade":"1KME5271N8089","pop":3,"dom":1,"universo_dom":"domicilios_ocupados_grade_ibge_2022","na_bacia":0,"area_pct_bacia":0.0,"metodo_recorte_bacia":"ponto_representativo_grade_2022; area_pct_geometrica"},"geometry":{"type":"Polygon","coordinates":[[[-51.30163792726057,-29.250177865958655],[-51.30173396055938,-29.240856778977186],[-51.291777880211434,-29.240766710437892],[-51.291681492612504,-29.250087789382064],[-51.30163792726057,-29.250177865958655]]]}},{"type":"Feature","properties":{"id_grade":"1KME5255N8090","pop":228,"dom":81,"universo_dom":"domicilios_ocupados_grade_ibge_2022","na_bacia":1,"area_pct_bacia":100.0,"metodo_recorte_bacia":"ponto_representativo_grade_2022; area_pct_geometrica"},"geometry":{"type":"Polygon","coordinates":[[[-51.461032158554744,-29.24225276832891],[-51.461122516522536,-29.23293205661489],[-51.451166684124885,-29.232847302407393],[-51.45107597187083,-29.242168006561297],[-51.461032158554744,-29.24225276832891]]]}},{"type":"Feature","properties":{"id_grade":"1KME5256N8090","pop":34,"dom":10,"universo_dom":"domicilios_ocupados_grade_ibge_2022","na_bacia":1,"area_pct_bacia":100.0,"metodo_recorte_bacia":"ponto_representativo_grade_2022; area_pct_geometrica"},"geometry":{"type":"Polygon","coordinates":[[[-51.45107597187083,-29.242168006561297],[-51.451166684124885,-29.232847302407393],[-51.44121085818343,-29.232762216550373],[-51.44111979164381,-29.242082913114377],[-51.45107597187083,-29.242168006561297]]]}},{"type":"Feature","properties":{"id_grade":"1KME5257N8090","pop":26,"dom":11,"universo_dom":"domicilios_ocupados_grade_ibge_2022","na_bacia":1,"area_pct_bacia":100.0,"metodo_recorte_bacia":"ponto_representativo_grade_2022; area_pct_geometrica"},"geometry":{"type":"Polygon","coordinates":[[[-51.44111979164381,-29.242082913114377],[-51.44121085818343,-29.232762216550373],[-51.4312550387234,-29.232676799044242],[-51.4311636178989,-29.24199748798894],[-51.44111979164381,-29.242082913114377]]]}},{"type":"Feature","properties":{"id_grade":"1KME5258N8090","pop":62,"dom":23,"universo_dom":"domicilios_ocupados_grade_ibge_2022","na_bacia":1,"area_pct_bacia":100.0,"metodo_recorte_bacia":"ponto_representativo_grade_2022; area_pct_geometrica"},"geometry":{"type":"Polygon","coordinates":[[[-51.4311636178989,-29.24199748798894],[-51.4312550387234,-29.232676799044242],[-51.42129922577001,-29.23259104988967],[-51.42120745066132,-29.241911731185546],[-51.4311636178989,-29.24199748798894]]]}},{"type":"Feature","properties":{"id_grade":"1KME5261N8090","pop":37,"dom":16,"universo_dom":"domicilios_ocupados_grade_ibge_2022","na_bacia":0,"area_pct_bacia":71.024,"metodo_recorte_bacia":"ponto_representativo_grade_2022; area_pct_geometrica"},"geometry":{"type":"Polygon","coordinates":[[[-51.40129513580899,-29.24173922254874],[-51.40138761948394,-29.232418556639384],[-51.3914318262017,-29.23233181254481],[-51.39133898824466,-29.241652470716893],[-51.40129513580899,-29.24173922254874]]]}},{"type":"Feature","properties":{"id_grade":"1KME5262N8090","pop":62,"dom":24,"universo_dom":"domicilios_ocupados_grade_ibge_2022","na_bacia":1,"area_pct_bacia":92.7854,"metodo_recorte_bacia":"ponto_representativo_grade_2022; area_pct_geometrica"},"geometry":{"type":"Polygon","coordinates":[[[-51.39133898824466,-29.241652470716893],[-51.3914318262017,-29.23233181254481],[-51.38147603952694,-29.232244736805452],[-51.38138284728852,-29.2415653872107],[-51.39133898824466,-29.241652470716893]]]}},{"type":"Feature","properties":{"id_grade":"1KME5254N8091","pop":25,"dom":10,"universo_dom":"domicilios_ocupados_grade_ibge_2022","na_bacia":1,"area_pct_bacia":100.0,"metodo_recorte_bacia":"ponto_representativo_grade_2022; area_pct_geometrica"},"geometry":{"type":"Polygon","coordinates":[[[-51.471078355351196,-29.23301647917156],[-51.471168352626265,-29.223696259393094],[-51.461212868059334,-29.223611844363184],[-51.461122516522536,-29.23293205661489],[-51.471078355351196,-29.23301647917156]]]}},{"type":"Feature","properties":{"id_grade":"1KME5255N8091","pop":16,"dom":6,"universo_dom":"domicilios_ocupados_grade_ibge_2022","na_bacia":1,"area_pct_bacia":100.0,"metodo_recorte_bacia":"ponto_representativo_grade_2022; area_pct_geometrica"},"geometry":{"type":"Polygon","coordinates":[[[-51.461122516522536,-29.23293205661489],[-51.461212868059334,-29.223611844363184],[-51.45125738992273,-29.2235270977121],[-51.451166684124885,-29.232847302407393],[-51.461122516522536,-29.23293205661489]]]}},{"type":"Feature","properties":{"id_grade":"1KME5256N8091","pop":14,"dom":8,"universo_dom":"domicilios_ocupados_grade_ibge_2022","na_bacia":1,"area_pct_bacia":100.0,"metodo_recorte_bacia":"ponto_representativo_grade_2022; area_pct_geometrica"},"geometry":{"type":"Polygon","coordinates":[[[-51.451166684124885,-29.232847302407393],[-51.45125738992273,-29.2235270977121],[-51.44130191824164,-29.223442019440533],[-51.44121085818343,-29.232762216550373],[-51.451166684124885,-29.232847302407393]]]}},{"type":"Feature","properties":{"id_grade":"1KME5257N8091","pop":22,"dom":8,"universo_dom":"domicilios_ocupados_grade_ibge_2022","na_bacia":1,"area_pct_bacia":100.0,"metodo_recorte_bacia":"ponto_representativo_grade_2022; area_pct_geometrica"},"geometry":{"type":"Polygon","coordinates":[[[-51.44121085818343,-29.232762216550373],[-51.44130191824164,-29.223442019440533],[-51.43134645304128,-29.223356609549647],[-51.4312550387234,-29.232676799044242],[-51.44121085818343,-29.232762216550373]]]}},{"type":"Feature","properties":{"id_grade":"1KME5258N8091","pop":7,"dom":2,"universo_dom":"domicilios_ocupados_grade_ibge_2022","na_bacia":1,"area_pct_bacia":100.0,"metodo_recorte_bacia":"ponto_representativo_grade_2022; area_pct_geometrica"},"geometry":{"type":"Polygon","coordinates":[[[-51.4312550387234,-29.232676799044242],[-51.43134645304128,-29.223356609549647],[-51.42139099434685,-29.223270868040036],[-51.42129922577001,-29.23259104988967],[-51.4312550387234,-29.232676799044242]]]}},{"type":"Feature","properties":{"id_grade":"1KME5259N8091","pop":16,"dom":4,"universo_dom":"domicilios_ocupados_grade_ibge_2022","na_bacia":1,"area_pct_bacia":100.0,"metodo_recorte_bacia":"ponto_representativo_grade_2022; area_pct_geometrica"},"geometry":{"type":"Polygon","coordinates":[[[-51.42129922577001,-29.23259104988967],[-51.42139099434685,-29.223270868040036],[-51.41143554218357,-29.22318479491242],[-51.41134341934845,-29.232504969087593],[-51.42129922577001,-29.23259104988967]]]}},{"type":"Feature","properties":{"id_grade":"1KME5260N8091","pop":121,"dom":46,"universo_dom":"domicilios_ocupados_grade_ibge_2022","na_bacia":1,"area_pct_bacia":100.0,"metodo_recorte_bacia":"ponto_representativo_grade_2022; area_pct_geometrica"},"geometry":{"type":"Polygon","coordinates":[[[-51.41134341934845,-29.232504969087593],[-51.41143554218357,-29.22318479491242],[-51.401480096576634,-29.2230983901679],[-51.40138761948394,-29.232418556639384],[-51.41134341934845,-29.232504969087593]]]}},{"type":"Feature","properties":{"id_grade":"1KME5261N8091","pop":31,"dom":14,"universo_dom":"domicilios_ocupados_grade_ibge_2022","na_bacia":1,"area_pct_bacia":100.0,"metodo_recorte_bacia":"ponto_representativo_grade_2022; area_pct_geometrica"},"geometry":{"type":"Polygon","coordinates":[[[-51.40138761948394,-29.232418556639384],[-51.401480096576634,-29.2230983901679],[-51.39152465755127,-29.223011653806996],[-51.3914318262017,-29.23233181254481],[-51.40138761948394,-29.232418556639384]]]}},{"type":"Feature","properties":{"id_grade":"1KME5262N8091","pop":36,"dom":15,"universo_dom":"domicilios_ocupados_grade_ibge_2022","na_bacia":1,"area_pct_bacia":100.0,"metodo_recorte_bacia":"ponto_representativo_grade_2022; area_pct_geometrica"},"geometry":{"type":"Polygon","coordinates":[[[-51.3914318262017,-29.23233181254481],[-51.39152465755127,-29.223011653806996],[-51.381569225132665,-29.222924585830622],[-51.38147603952694,-29.232244736805452],[-51.3914318262017,-29.23233181254481]]]}},{"type":"Feature","properties":{"id_grade":"1KME5252N8092","pop":57,"dom":21,"universo_dom":"domicilios_ocupados_grade_ibge_2022","na_bacia":1,"area_pct_bacia":100.0,"metodo_recorte_bacia":"ponto_representativo_grade_2022; area_pct_geometrica"},"geometry":{"type":"Polygon","coordinates":[[[-51.4910793409502,-29.223864094586204],[-51.49116862334506,-29.214544358937616],[-51.48121348023104,-29.21446061461609],[-51.48112384359828,-29.223780342800996],[-51.4910793409502,-29.223864094586204]]]}},{"type":"Feature","properties":{"id_grade":"1KME5253N8092","pop":36,"dom":12,"universo_dom":"domicilios_ocupados_grade_ibge_2022","na_bacia":1,"area_pct_bacia":100.0,"metodo_recorte_bacia":"ponto_representativo_grade_2022; area_pct_geometrica"},"geometry":{"type":"Polygon","coordinates":[[[-51.48112384359828,-29.223780342800996],[-51.48121348023104,-29.21446061461609],[-51.471258343496224,-29.21437653870129],[-51.471168352626265,-29.223696259393094],[-51.48112384359828,-29.223780342800996]]]}},{"type":"Feature","properties":{"id_grade":"1KME5254N8092","pop":33,"dom":17,"universo_dom":"domicilios_ocupados_grade_ibge_2022","na_bacia":1,"area_pct_bacia":100.0,"metodo_recorte_bacia":"ponto_representativo_grade_2022; area_pct_geometrica"},"geometry":{"type":"Polygon","coordinates":[[[-51.471168352626265,-29.223696259393094],[-51.471258343496224,-29.21437653870129],[-51.46130321316583,-29.214292131194085],[-51.461212868059334,-29.223611844363184],[-51.471168352626265,-29.223696259393094]]]}},{"type":"Feature","properties":{"id_grade":"1KME5255N8092","pop":72,"dom":26,"universo_dom":"domicilios_ocupados_grade_ibge_2022","na_bacia":1,"area_pct_bacia":100.0,"metodo_recorte_bacia":"ponto_representativo_grade_2022; area_pct_geometrica"},"geometry":{"type":"Polygon","coordinates":[[[-51.461212868059334,-29.223611844363184],[-51.46130321316583,-29.214292131194085],[-51.45134808926506,-29.214207392095087],[-51.45125738992273,-29.2235270977121],[-51.461212868059334,-29.223611844363184]]]}},{"type":"Feature","properties":{"id_grade":"1KME5256N8092","pop":78,"dom":26,"universo_dom":"domicilios_ocupados_grade_ibge_2022","na_bacia":1,"area_pct_bacia":100.0,"metodo_recorte_bacia":"ponto_representativo_grade_2022; area_pct_geometrica"},"geometry":{"type":"Polygon","coordinates":[[[-51.45125738992273,-29.2235270977121],[-51.45134808926506,-29.214207392095087],[-51.44139297181911,-29.214122321405664],[-51.44130191824164,-29.223442019440533],[-51.45125738992273,-29.2235270977121]]]}},{"type":"Feature","properties":{"id_grade":"1KME5257N8092","pop":60,"dom":25,"universo_dom":"domicilios_ocupados_grade_ibge_2022","na_bacia":1,"area_pct_bacia":100.0,"metodo_recorte_bacia":"ponto_representativo_grade_2022; area_pct_geometrica"},"geometry":{"type":"Polygon","coordinates":[[[-51.44130191824164,-29.223442019440533],[-51.44139297181911,-29.214122321405664],[-51.431437860853215,-29.21403691912587],[-51.43134645304128,-29.223356609549647],[-51.44130191824164,-29.223442019440533]]]}},{"type":"Feature","properties":{"id_grade":"1KME5258N8092","pop":7,"dom":3,"universo_dom":"domicilios_ocupados_grade_ibge_2022","na_bacia":1,"area_pct_bacia":100.0,"metodo_recorte_bacia":"ponto_representativo_grade_2022; area_pct_geometrica"},"geometry":{"type":"Polygon","coordinates":[[[-51.43134645304128,-29.223356609549647],[-51.431437860853215,-29.21403691912587],[-51.42148275639255,-29.213951185257],[-51.42139099434685,-29.223270868040036],[-51.43134645304128,-29.223356609549647]]]}},{"type":"Feature","properties":{"id_grade":"1KME5259N8092","pop":19,"dom":8,"universo_dom":"domicilios_ocupados_grade_ibge_2022","na_bacia":1,"area_pct_bacia":100.0,"metodo_recorte_bacia":"ponto_representativo_grade_2022; area_pct_geometrica"},"geometry":{"type":"Polygon","coordinates":[[[-51.42139099434685,-29.223270868040036],[-51.42148275639255,-29.213951185257],[-51.41152765846233,-29.21386511979973],[-51.41143554218357,-29.22318479491242],[-51.42139099434685,-29.223270868040036]]]}},{"type":"Feature","properties":{"id_grade":"1KME5260N8092","pop":119,"dom":42,"universo_dom":"domicilios_ocupados_grade_ibge_2022","na_bacia":1,"area_pct_bacia":100.0,"metodo_recorte_bacia":"ponto_representativo_grade_2022; area_pct_geometrica"},"geometry":{"type":"Polygon","coordinates":[[[-51.41143554218357,-29.22318479491242],[-51.41152765846233,-29.21386511979973],[-51.40157256708777,-29.213778722754746],[-51.401480096576634,-29.2230983901679],[-51.41143554218357,-29.22318479491242]]]}},{"type":"Feature","properties":{"id_grade":"1KME5261N8092","pop":53,"dom":22,"universo_dom":"domicilios_ocupados_grade_ibge_2022","na_bacia":1,"area_pct_bacia":100.0,"metodo_recorte_bacia":"ponto_representativo_grade_2022; area_pct_geometrica"},"geometry":{"type":"Polygon","coordinates":[[[-51.401480096576634,-29.2230983901679],[-51.40157256708777,-29.213778722754746],[-51.39161748229406,-29.21369199412333],[-51.39152465755127,-29.223011653806996],[-51.401480096576634,-29.2230983901679]]]}},{"type":"Feature","properties":{"id_grade":"1KME5262N8092","pop":112,"dom":44,"universo_dom":"domicilios_ocupados_grade_ibge_2022","na_bacia":1,"area_pct_bacia":100.0,"metodo_recorte_bacia":"ponto_representativo_grade_2022; area_pct_geometrica"},"geometry":{"type":"Polygon","coordinates":[[[-51.39152465755127,-29.223011653806996],[-51.39161748229406,-29.21369199412333],[-51.38166240410642,-29.21360493390592],[-51.381569225132665,-29.222924585830622],[-51.39152465755127,-29.223011653806996]]]}},{"type":"Feature","properties":{"id_grade":"1KME5252N8093","pop":173,"dom":60,"universo_dom":"domicilios_ocupados_grade_ibge_2022","na_bacia":1,"area_pct_bacia":100.0,"metodo_recorte_bacia":"ponto_representativo_grade_2022; area_pct_geometrica"},"geometry":{"type":"Polygon","coordinates":[[[-51.49116862334506,-29.214544358937616],[-51.49125789938592,-29.205225122003622],[-51.481303110484575,-29.205141385141914],[-51.48121348023104,-29.21446061461609],[-51.49116862334506,-29.214544358937616]]]}},{"type":"Feature","properties":{"id_grade":"1KME5253N8093","pop":56,"dom":19,"universo_dom":"domicilios_ocupados_grade_ibge_2022","na_bacia":1,"area_pct_bacia":100.0,"metodo_recorte_bacia":"ponto_representativo_grade_2022; area_pct_geometrica"},"geometry":{"type":"Polygon","coordinates":[[[-51.48121348023104,-29.21446061461609],[-51.481303110484575,-29.205141385141914],[-51.471348327961756,-29.205057316716612],[-51.471258343496224,-29.21437653870129],[-51.48121348023104,-29.21446061461609]]]}},{"type":"Feature","properties":{"id_grade":"1KME5254N8093","pop":84,"dom":28,"universo_dom":"domicilios_ocupados_grade_ibge_2022","na_bacia":1,"area_pct_bacia":100.0,"metodo_recorte_bacia":"ponto_representativo_grade_2022; area_pct_geometrica"},"geometry":{"type":"Polygon","coordinates":[[[-51.471258343496224,-29.21437653870129],[-51.471348327961756,-29.205057316716612],[-51.46139355184269,-29.204972916727865],[-51.46130321316583,-29.214292131194085],[-51.471258343496224,-29.21437653870129]]]}},{"type":"Feature","properties":{"id_grade":"1KME5259N8093","pop":8,"dom":3,"universo_dom":"domicilios_ocupados_grade_ibge_2022","na_bacia":1,"area_pct_bacia":100.0,"metodo_recorte_bacia":"ponto_representativo_grade_2022; area_pct_geometrica"},"geometry":{"type":"Polygon","coordinates":[[[-51.42148275639255,-29.213951185257],[-51.4215745119078,-29.20463200116086],[-51.411619768185446,-29.204545943369723],[-51.41152765846233,-29.21386511979973],[-51.42148275639255,-29.213951185257]]]}},{"type":"Feature","properties":{"id_grade":"1KME5260N8093","pop":5,"dom":3,"universo_dom":"domicilios_ocupados_grade_ibge_2022","na_bacia":1,"area_pct_bacia":100.0,"metodo_recorte_bacia":"ponto_representativo_grade_2022; area_pct_geometrica"},"geometry":{"type":"Polygon","coordinates":[[[-51.41152765846233,-29.21386511979973],[-51.411619768185446,-29.204545943369723],[-51.40166503101804,-29.204459554020833],[-51.40157256708777,-29.213778722754746],[-51.41152765846233,-29.21386511979973]]]}},{"type":"Feature","properties":{"id_grade":"1KME5261N8093","pop":5,"dom":2,"universo_dom":"domicilios_ocupados_grade_ibge_2022","na_bacia":1,"area_pct_bacia":100.0,"metodo_recorte_bacia":"ponto_representativo_grade_2022; area_pct_geometrica"},"geometry":{"type":"Polygon","coordinates":[[[-51.40157256708777,-29.213778722754746],[-51.40166503101804,-29.204459554020833],[-51.391710300430795,-29.20437283311441],[-51.39161748229406,-29.21369199412333],[-51.40157256708777,-29.213778722754746]]]}},{"type":"Feature","properties":{"id_grade":"1KME5262N8093","pop":58,"dom":22,"universo_dom":"domicilios_ocupados_grade_ibge_2022","na_bacia":1,"area_pct_bacia":100.0,"metodo_recorte_bacia":"ponto_representativo_grade_2022; area_pct_geometrica"},"geometry":{"type":"Polygon","coordinates":[[[-51.39161748229406,-29.21369199412333],[-51.391710300430795,-29.20437283311441],[-51.38175557644891,-29.204285780651468],[-51.38166240410642,-29.21360493390592],[-51.39161748229406,-29.21369199412333]]]}},{"type":"Feature","properties":{"id_grade":"1KME5258N8094","pop":84,"dom":28,"universo_dom":"domicilios_ocupados_grade_ibge_2022","na_bacia":1,"area_pct_bacia":100.0,"metodo_recorte_bacia":"ponto_representativo_grade_2022; area_pct_geometrica"},"geometry":{"type":"Polygon","coordinates":[[[-51.431529262159906,-29.20471772739273],[-51.43162065696205,-29.19539903397147],[-51.4216662608933,-29.195313315372],[-51.4215745119078,-29.20463200116086],[-51.431529262159906,-29.20471772739273]]]}},{"type":"Feature","properties":{"id_grade":"1KME5259N8094","pop":68,"dom":24,"universo_dom":"domicilios_ocupados_grade_ibge_2022","na_bacia":1,"area_pct_bacia":100.0,"metodo_recorte_bacia":"ponto_representativo_grade_2022; area_pct_geometrica"},"geometry":{"type":"Polygon","coordinates":[[[-51.4215745119078,-29.20463200116086],[-51.4216662608933,-29.195313315372],[-51.41171187135361,-29.195227265243066],[-51.411619768185446,-29.204545943369723],[-51.4215745119078,-29.20463200116086]]]}},{"type":"Feature","properties":{"id_grade":"1KME5260N8094","pop":43,"dom":14,"universo_dom":"domicilios_ocupados_grade_ibge_2022","na_bacia":1,"area_pct_bacia":100.0,"metodo_recorte_bacia":"ponto_representativo_grade_2022; area_pct_geometrica"},"geometry":{"type":"Polygon","coordinates":[[[-51.411619768185446,-29.204545943369723],[-51.41171187135361,-29.195227265243066],[-51.40175748836816,-29.195140883585765],[-51.40166503101804,-29.204459554020833],[-51.411619768185446,-29.204545943369723]]]}},{"type":"Feature","properties":{"id_grade":"1KME5261N8094","pop":20,"dom":7,"universo_dom":"domicilios_ocupados_grade_ibge_2022","na_bacia":1,"area_pct_bacia":100.0,"metodo_recorte_bacia":"ponto_representativo_grade_2022; area_pct_geometrica"},"geometry":{"type":"Polygon","coordinates":[[[-51.40166503101804,-29.204459554020833],[-51.40175748836816,-29.195140883585765],[-51.391803111962176,-29.195054170400642],[-51.391710300430795,-29.20437283311441],[-51.40166503101804,-29.204459554020833]]]}},{"type":"Feature","properties":{"id_grade":"1KME5262N8094","pop":34,"dom":13,"universo_dom":"domicilios_ocupados_grade_ibge_2022","na_bacia":1,"area_pct_bacia":100.0,"metodo_recorte_bacia":"ponto_representativo_grade_2022; area_pct_geometrica"},"geometry":{"type":"Polygon","coordinates":[[[-51.391710300430795,-29.20437283311441],[-51.391803111962176,-29.195054170400642],[-51.381848742160834,-29.194967125688542],[-51.38175557644891,-29.204285780651468],[-51.391710300430795,-29.20437283311441]]]}},{"type":"Feature","properties":{"id_grade":"1KME5263N8094","pop":90,"dom":33,"universo_dom":"domicilios_ocupados_grade_ibge_2022","na_bacia":1,"area_pct_bacia":100.0,"metodo_recorte_bacia":"ponto_representativo_grade_2022; area_pct_geometrica"},"geometry":{"type":"Polygon","coordinates":[[[-51.38175557644891,-29.204285780651468],[-51.381848742160834,-29.194967125688542],[-51.371894378989346,-29.194879749450322],[-51.37180085909759,-29.204198396633277],[-51.38175557644891,-29.204285780651468]]]}},{"type":"Feature","properties":{"id_grade":"1KME5269N8095","pop":22,"dom":7,"universo_dom":"domicilios_ocupados_grade_ibge_2022","na_bacia":1,"area_pct_bacia":100.0,"metodo_recorte_bacia":"ponto_representativo_grade_2022; area_pct_geometrica"},"geometry":{"type":"Polygon","coordinates":[[[-51.32212266346171,-29.194437895396874],[-51.322217947460935,-29.18511978544405],[-51.3122639787481,-29.185030428019584],[-51.31216834059853,-29.194348530019504],[-51.32212266346171,-29.194437895396874]]]}},{"type":"Feature","properties":{"id_grade":"1KME5270N8095","pop":10,"dom":4,"universo_dom":"domicilios_ocupados_grade_ibge_2022","na_bacia":1,"area_pct_bacia":100.0,"metodo_recorte_bacia":"ponto_representativo_grade_2022; area_pct_geometrica"},"geometry":{"type":"Polygon","coordinates":[[[-51.31216834059853,-29.194348530019504],[-51.3122639787481,-29.185030428019584],[-51.302310016840785,-29.184940739104288],[-51.30221402454159,-29.194258833121964],[-51.31216834059853,-29.194348530019504]]]}},{"type":"Feature","properties":{"id_grade":"1KME5271N8095","pop":14,"dom":3,"universo_dom":"domicilios_ocupados_grade_ibge_2022","na_bacia":1,"area_pct_bacia":100.0,"metodo_recorte_bacia":"ponto_representativo_grade_2022; area_pct_geometrica"},"geometry":{"type":"Polygon","coordinates":[[[-51.30221402454159,-29.194258833121964],[-51.302310016840785,-29.184940739104288],[-51.29235606176419,-29.1848507186992],[-51.29225971531612,-29.19416880470517],[-51.30221402454159,-29.194258833121964]]]}},{"type":"Feature","properties":{"id_grade":"1KME5264N8096","pop":22,"dom":8,"universo_dom":"domicilios_ocupados_grade_ibge_2022","na_bacia":1,"area_pct_bacia":100.0,"metodo_recorte_bacia":"ponto_representativo_grade_2022; area_pct_geometrica"},"geometry":{"type":"Polygon","coordinates":[[[-51.371987892226066,-29.18556160017532],[-51.37208139880844,-29.176243948429228],[-51.362127750574686,-29.17615625627261],[-51.36203388986357,-29.185473900217342],[-51.371987892226066,-29.18556160017532]]]}},{"type":"Feature","properties":{"id_grade":"1KME5268N8096","pop":49,"dom":16,"universo_dom":"domicilios_ocupados_grade_ibge_2022","na_bacia":1,"area_pct_bacia":100.0,"metodo_recorte_bacia":"ponto_representativo_grade_2022; area_pct_geometrica"},"geometry":{"type":"Polygon","coordinates":[[[-51.332171922954096,-29.185208811376725],[-51.332266846047126,-29.175891191013047],[-51.32231322467984,-29.175802172999347],[-51.322217947460935,-29.18511978544405],[-51.332171922954096,-29.185208811376725]]]}},{"type":"Feature","properties":{"id_grade":"1KME5269N8096","pop":8,"dom":3,"universo_dom":"domicilios_ocupados_grade_ibge_2022","na_bacia":1,"area_pct_bacia":100.0,"metodo_recorte_bacia":"ponto_representativo_grade_2022; area_pct_geometrica"},"geometry":{"type":"Polygon","coordinates":[[[-51.322217947460935,-29.18511978544405],[-51.32231322467984,-29.175802172999347],[-51.312359610092145,-29.17571282352355],[-51.3122639787481,-29.185030428019584],[-51.322217947460935,-29.18511978544405]]]}},{"type":"Feature","properties":{"id_grade":"1KME5270N8096","pop":17,"dom":4,"universo_dom":"domicilios_ocupados_grade_ibge_2022","na_bacia":1,"area_pct_bacia":100.0,"metodo_recorte_bacia":"ponto_representativo_grade_2022; area_pct_geometrica"},"geometry":{"type":"Polygon","coordinates":[[[-51.3122639787481,-29.185030428019584],[-51.312359610092145,-29.17571282352355],[-51.302406002309255,-29.175623142586378],[-51.302310016840785,-29.184940739104288],[-51.3122639787481,-29.185030428019584]]]}},{"type":"Feature","properties":{"id_grade":"1KME5264N8097","pop":29,"dom":10,"universo_dom":"domicilios_ocupados_grade_ibge_2022","na_bacia":1,"area_pct_bacia":100.0,"metodo_recorte_bacia":"ponto_representativo_grade_2022; area_pct_geometrica"},"geometry":{"type":"Polygon","coordinates":[[[-51.37208139880844,-29.176243948429228],[-51.372174898737185,-29.16692679383327],[-51.362221604606965,-29.166839109473948],[-51.362127750574686,-29.17615625627261],[-51.37208139880844,-29.176243948429228]]]}},{"type":"Feature","properties":{"id_grade":"1KME5268N8097","pop":18,"dom":7,"universo_dom":"domicilios_ocupados_grade_ibge_2022","na_bacia":1,"area_pct_bacia":100.0,"metodo_recorte_bacia":"ponto_representativo_grade_2022; area_pct_geometrica"},"geometry":{"type":"Polygon","coordinates":[[[-51.332266846047126,-29.175891191013047],[-51.33236176238575,-29.166574067782722],[-51.322408495119134,-29.166485057684124],[-51.32231322467984,-29.175802172999347],[-51.332266846047126,-29.175891191013047]]]}},{"type":"Feature","properties":{"id_grade":"1KME5269N8097","pop":41,"dom":14,"universo_dom":"domicilios_ocupados_grade_ibge_2022","na_bacia":1,"area_pct_bacia":100.0,"metodo_recorte_bacia":"ponto_representativo_grade_2022; area_pct_geometrica"},"geometry":{"type":"Polygon","coordinates":[[[-51.32231322467984,-29.175802172999347],[-51.322408495119134,-29.166485057684124],[-51.31245523463139,-29.166395716152856],[-51.312359610092145,-29.17571282352355],[-51.32231322467984,-29.175802172999347]]]}},{"type":"Feature","properties":{"id_grade":"1KME5270N8097","pop":36,"dom":13,"universo_dom":"domicilios_ocupados_grade_ibge_2022","na_bacia":1,"area_pct_bacia":100.0,"metodo_recorte_bacia":"ponto_representativo_grade_2022; area_pct_geometrica"},"geometry":{"type":"Polygon","coordinates":[[[-51.312359610092145,-29.17571282352355],[-51.31245523463139,-29.166395716152856],[-51.30250198094773,-29.166306043189447],[-51.302406002309255,-29.175623142586378],[-51.312359610092145,-29.17571282352355]]]}},{"type":"Feature","properties":{"id_grade":"1KME5271N8097","pop":39,"dom":14,"universo_dom":"domicilios_ocupados_grade_ibge_2022","na_bacia":1,"area_pct_bacia":100.0,"metodo_recorte_bacia":"ponto_representativo_grade_2022; area_pct_geometrica"},"geometry":{"type":"Polygon","coordinates":[[[-51.302406002309255,-29.175623142586378],[-51.30250198094773,-29.166306043189447],[-51.292548734093316,-29.166216038795177],[-51.29245240135635,-29.1755331301886],[-51.302406002309255,-29.175623142586378]]]}},{"type":"Feature","properties":{"id_grade":"1KME5264N8098","pop":51,"dom":17,"universo_dom":"domicilios_ocupados_grade_ibge_2022","na_bacia":1,"area_pct_bacia":100.0,"metodo_recorte_bacia":"ponto_representativo_grade_2022; area_pct_geometrica"},"geometry":{"type":"Polygon","coordinates":[[[-51.372174898737185,-29.16692679383327],[-51.37226839201301,-29.157610136008852],[-51.36231545196114,-29.15752245944275],[-51.362221604606965,-29.166839109473948],[-51.372174898737185,-29.16692679383327]]]}},{"type":"Feature","properties":{"id_grade":"1KME5265N8098","pop":36,"dom":11,"universo_dom":"domicilios_ocupados_grade_ibge_2022","na_bacia":1,"area_pct_bacia":100.0,"metodo_recorte_bacia":"ponto_representativo_grade_2022; area_pct_geometrica"},"geometry":{"type":"Polygon","coordinates":[[[-51.362221604606965,-29.166839109473948],[-51.36231545196114,-29.15752245944275],[-51.35236251858667,-29.157434451469747],[-51.35226831715486,-29.166751093678677],[-51.362221604606965,-29.166839109473948]]]}},{"type":"Feature","properties":{"id_grade":"1KME5266N8098","pop":19,"dom":6,"universo_dom":"domicilios_ocupados_grade_ibge_2022","na_bacia":1,"area_pct_bacia":100.0,"metodo_recorte_bacia":"ponto_representativo_grade_2022; area_pct_geometrica"},"geometry":{"type":"Polygon","coordinates":[[[-51.35226831715486,-29.166751093678677],[-51.35236251858667,-29.157434451469747],[-51.342409591914794,-29.157346112091194],[-51.342315036406056,-29.166662746448004],[-51.35226831715486,-29.166751093678677]]]}},{"type":"Feature","properties":{"id_grade":"1KME5267N8098","pop":19,"dom":4,"universo_dom":"domicilios_ocupados_grade_ibge_2022","na_bacia":1,"area_pct_bacia":100.0,"metodo_recorte_bacia":"ponto_representativo_grade_2022; area_pct_geometrica"},"geometry":{"type":"Polygon","coordinates":[[[-51.342315036406056,-29.166662746448004],[-51.342409591914794,-29.157346112091194],[-51.33245667197069,-29.15725744130758],[-51.33236176238575,-29.166574067782722],[-51.342315036406056,-29.166662746448004]]]}},{"type":"Feature","properties":{"id_grade":"1KME5268N8098","pop":83,"dom":29,"universo_dom":"domicilios_ocupados_grade_ibge_2022","na_bacia":1,"area_pct_bacia":100.0,"metodo_recorte_bacia":"ponto_representativo_grade_2022; area_pct_geometrica"},"geometry":{"type":"Polygon","coordinates":[[[-51.33236176238575,-29.166574067782722],[-51.33245667197069,-29.15725744130758],[-51.32250375877956,-29.15716843911971],[-51.322408495119134,-29.166485057684124],[-51.33236176238575,-29.166574067782722]]]}},{"type":"Feature","properties":{"id_grade":"1KME5269N8098","pop":32,"dom":9,"universo_dom":"domicilios_ocupados_grade_ibge_2022","na_bacia":1,"area_pct_bacia":100.0,"metodo_recorte_bacia":"ponto_representativo_grade_2022; area_pct_geometrica"},"geometry":{"type":"Polygon","coordinates":[[[-51.322408495119134,-29.166485057684124],[-51.32250375877956,-29.15716843911971],[-51.312550852366584,-29.1570791055284],[-51.31245523463139,-29.166395716152856],[-51.322408495119134,-29.166485057684124]]]}},{"type":"Feature","properties":{"id_grade":"1KME5270N8098","pop":16,"dom":6,"universo_dom":"domicilios_ocupados_grade_ibge_2022","na_bacia":1,"area_pct_bacia":100.0,"metodo_recorte_bacia":"ponto_representativo_grade_2022; area_pct_geometrica"},"geometry":{"type":"Polygon","coordinates":[[[-51.31245523463139,-29.166395716152856],[-51.312550852366584,-29.1570791055284],[-51.30259795275695,-29.15698944053498],[-51.30250198094773,-29.166306043189447],[-51.31245523463139,-29.166395716152856]]]}},{"type":"Feature","properties":{"id_grade":"1KME5259N8099","pop":5,"dom":2,"universo_dom":"domicilios_ocupados_grade_ibge_2022","na_bacia":1,"area_pct_bacia":100.0,"metodo_recorte_bacia":"ponto_representativo_grade_2022; area_pct_geometrica"},"geometry":{"type":"Polygon","coordinates":[[[-51.42203319155175,-29.158043547711003],[-51.422124907898954,-29.148727347775797],[-51.412172288894595,-29.148641335897185],[-51.41208021849071,-29.157957528190522],[-51.42203319155175,-29.158043547711003]]]}},{"type":"Feature","properties":{"id_grade":"1KME5260N8099","pop":12,"dom":4,"universo_dom":"domicilios_ocupados_grade_ibge_2022","na_bacia":1,"area_pct_bacia":100.0,"metodo_recorte_bacia":"ponto_representativo_grade_2022; area_pct_geometrica"},"geometry":{"type":"Polygon","coordinates":[[[-51.41208021849071,-29.157957528190522],[-51.412172288894595,-29.148641335897185],[-51.402219676441,-29.148554992637486],[-51.40212725198113,-29.15787117725926],[-51.41208021849071,-29.157957528190522]]]}},{"type":"Feature","properties":{"id_grade":"1KME5261N8099","pop":13,"dom":4,"universo_dom":"domicilios_ocupados_grade_ibge_2022","na_bacia":1,"area_pct_bacia":100.0,"metodo_recorte_bacia":"ponto_representativo_grade_2022; area_pct_geometrica"},"geometry":{"type":"Polygon","coordinates":[[[-51.40212725198113,-29.15787117725926],[-51.402219676441,-29.148554992637486],[-51.39226707056335,-29.14846831799717],[-51.39217429204819,-29.157784494917834],[-51.40212725198113,-29.15787117725926]]]}},{"type":"Feature","properties":{"id_grade":"1KME5262N8099","pop":25,"dom":11,"universo_dom":"domicilios_ocupados_grade_ibge_2022","na_bacia":1,"area_pct_bacia":100.0,"metodo_recorte_bacia":"ponto_representativo_grade_2022; area_pct_geometrica"},"geometry":{"type":"Polygon","coordinates":[[[-51.39217429204819,-29.157784494917834],[-51.39226707056335,-29.14846831799717],[-51.382314471286826,-29.148381311977012],[-51.38222133871709,-29.15769748116764],[-51.39217429204819,-29.157784494917834]]]}},{"type":"Feature","properties":{"id_grade":"1KME5263N8099","pop":50,"dom":16,"universo_dom":"domicilios_ocupados_grade_ibge_2022","na_bacia":1,"area_pct_bacia":100.0,"metodo_recorte_bacia":"ponto_representativo_grade_2022; area_pct_geometrica"},"geometry":{"type":"Polygon","coordinates":[[[-51.38222133871709,-29.15769748116764],[-51.382314471286826,-29.148381311977012],[-51.37236187863662,-29.14829397457779],[-51.37226839201301,-29.157610136008852],[-51.38222133871709,-29.15769748116764]]]}},{"type":"Feature","properties":{"id_grade":"1KME5264N8099","pop":31,"dom":13,"universo_dom":"domicilios_ocupados_grade_ibge_2022","na_bacia":1,"area_pct_bacia":100.0,"metodo_recorte_bacia":"ponto_representativo_grade_2022; area_pct_geometrica"},"geometry":{"type":"Polygon","coordinates":[[[-51.37226839201301,-29.157610136008852],[-51.37236187863662,-29.14829397457779],[-51.36240929263791,-29.14820630580067],[-51.36231545196114,-29.15752245944275],[-51.37226839201301,-29.157610136008852]]]}},{"type":"Feature","properties":{"id_grade":"1KME5265N8099","pop":28,"dom":9,"universo_dom":"domicilios_ocupados_grade_ibge_2022","na_bacia":1,"area_pct_bacia":100.0,"metodo_recorte_bacia":"ponto_representativo_grade_2022; area_pct_geometrica"},"geometry":{"type":"Polygon","coordinates":[[[-51.36231545196114,-29.15752245944275],[-51.36240929263791,-29.14820630580067],[-51.352456713315895,-29.148118305646186],[-51.35236251858667,-29.157434451469747],[-51.36231545196114,-29.15752245944275]]]}},{"type":"Feature","properties":{"id_grade":"1KME5266N8099","pop":19,"dom":6,"universo_dom":"domicilios_ocupados_grade_ibge_2022","na_bacia":1,"area_pct_bacia":100.0,"metodo_recorte_bacia":"ponto_representativo_grade_2022; area_pct_geometrica"},"geometry":{"type":"Polygon","coordinates":[[[-51.35236251858667,-29.157434451469747],[-51.352456713315895,-29.148118305646186],[-51.34250414069575,-29.148029974115293],[-51.342409591914794,-29.157346112091194],[-51.35236251858667,-29.157434451469747]]]}},{"type":"Feature","properties":{"id_grade":"1KME5267N8099","pop":20,"dom":9,"universo_dom":"domicilios_ocupados_grade_ibge_2022","na_bacia":1,"area_pct_bacia":100.0,"metodo_recorte_bacia":"ponto_representativo_grade_2022; area_pct_geometrica"},"geometry":{"type":"Polygon","coordinates":[[[-51.342409591914794,-29.157346112091194],[-51.34250414069575,-29.148029974115293],[-51.332551574802665,-29.14794131120896],[-51.33245667197069,-29.15725744130758],[-51.342409591914794,-29.157346112091194]]]}},{"type":"Feature","properties":{"id_grade":"1KME5268N8099","pop":16,"dom":4,"universo_dom":"domicilios_ocupados_grade_ibge_2022","na_bacia":1,"area_pct_bacia":100.0,"metodo_recorte_bacia":"ponto_representativo_grade_2022; area_pct_geometrica"},"geometry":{"type":"Polygon","coordinates":[[[-51.33245667197069,-29.15725744130758],[-51.332551574802665,-29.14794131120896],[-51.32259901566182,-29.147852316927622],[-51.32250375877956,-29.15716843911971],[-51.33245667197069,-29.15725744130758]]]}},{"type":"Feature","properties":{"id_grade":"1KME5269N8099","pop":7,"dom":3,"universo_dom":"domicilios_ocupados_grade_ibge_2022","na_bacia":1,"area_pct_bacia":100.0,"metodo_recorte_bacia":"ponto_representativo_grade_2022; area_pct_geometrica"},"geometry":{"type":"Polygon","coordinates":[[[-51.32250375877956,-29.15716843911971],[-51.32259901566182,-29.147852316927622],[-51.312646463298414,-29.147762991272693],[-51.312550852366584,-29.1570791055284],[-51.32250375877956,-29.15716843911971]]]}},{"type":"Feature","properties":{"id_grade":"1KME5270N8099","pop":24,"dom":8,"universo_dom":"domicilios_ocupados_grade_ibge_2022","na_bacia":1,"area_pct_bacia":100.0,"metodo_recorte_bacia":"ponto_representativo_grade_2022; area_pct_geometrica"},"geometry":{"type":"Polygon","coordinates":[[[-51.312550852366584,-29.1570791055284],[-51.312646463298414,-29.147762991272693],[-51.30269391773763,-29.14767333424459],[-51.30259795275695,-29.15698944053498],[-51.312550852366584,-29.1570791055284]]]}},{"type":"Feature","properties":{"id_grade":"1KME5271N8099","pop":6,"dom":2,"universo_dom":"domicilios_ocupados_grade_ibge_2022","na_bacia":1,"area_pct_bacia":100.0,"metodo_recorte_bacia":"ponto_representativo_grade_2022; area_pct_geometrica"},"geometry":{"type":"Polygon","coordinates":[[[-51.30259795275695,-29.15698944053498],[-51.30269391773763,-29.14767333424459],[-51.29274137900464,-29.147583345844055],[-51.29264505997584,-29.156899444139732],[-51.30259795275695,-29.15698944053498]]]}},{"type":"Feature","properties":{"id_grade":"1KME5259N8100","pop":25,"dom":7,"universo_dom":"domicilios_ocupados_grade_ibge_2022","na_bacia":1,"area_pct_bacia":100.0,"metodo_recorte_bacia":"ponto_representativo_grade_2022; area_pct_geometrica"},"geometry":{"type":"Polygon","coordinates":[[[-51.422124907898954,-29.148727347775797],[-51.422216617720586,-29.1394116438761],[-51.412264352747734,-29.139325639635445],[-51.412172288894595,-29.148641335897185],[-51.422124907898954,-29.148727347775797]]]}},{"type":"Feature","properties":{"id_grade":"1KME5261N8100","pop":26,"dom":9,"universo_dom":"domicilios_ocupados_grade_ibge_2022","na_bacia":1,"area_pct_bacia":100.0,"metodo_recorte_bacia":"ponto_representativo_grade_2022; area_pct_geometrica"},"geometry":{"type":"Polygon","coordinates":[[[-51.402219676441,-29.148554992637486],[-51.402312094324934,-29.139239304042988],[-51.392359842477376,-29.13915263709928],[-51.39226707056335,-29.14846831799717],[-51.402219676441,-29.148554992637486]]]}},{"type":"Feature","properties":{"id_grade":"1KME5262N8100","pop":25,"dom":11,"universo_dom":"domicilios_ocupados_grade_ibge_2022","na_bacia":1,"area_pct_bacia":100.0,"metodo_recorte_bacia":"ponto_representativo_grade_2022; area_pct_geometrica"},"geometry":{"type":"Polygon","coordinates":[[[-51.39226707056335,-29.14846831799717],[-51.392359842477376,-29.13915263709928],[-51.38240759723025,-29.139065638805235],[-51.382314471286826,-29.148381311977012],[-51.39226707056335,-29.14846831799717]]]}},{"type":"Feature","properties":{"id_grade":"1KME5265N8100","pop":4,"dom":2,"universo_dom":"domicilios_ocupados_grade_ibge_2022","na_bacia":1,"area_pct_bacia":100.0,"metodo_recorte_bacia":"ponto_representativo_grade_2022; area_pct_geometrica"},"geometry":{"type":"Polygon","coordinates":[[[-51.36240929263791,-29.14820630580067],[-51.36250312663799,-29.138890648169323],[-51.352550901343236,-29.13880265582948],[-51.352456713315895,-29.148118305646186],[-51.36240929263791,-29.14820630580067]]]}},{"type":"Feature","properties":{"id_grade":"1KME5267N8100","pop":16,"dom":7,"universo_dom":"domicilios_ocupados_grade_ibge_2022","na_bacia":1,"area_pct_bacia":100.0,"metodo_recorte_bacia":"ponto_representativo_grade_2022; area_pct_geometrica"},"geometry":{"type":"Polygon","coordinates":[[[-51.34250414069575,-29.148029974115293],[-51.34259868274964,-29.13871433214218],[-51.33264647088239,-29.138625677108855],[-51.332551574802665,-29.14794131120896],[-51.34250414069575,-29.148029974115293]]]}},{"type":"Feature","properties":{"id_grade":"1KME5268N8100","pop":2,"dom":1,"universo_dom":"domicilios_ocupados_grade_ibge_2022","na_bacia":1,"area_pct_bacia":100.0,"metodo_recorte_bacia":"ponto_representativo_grade_2022; area_pct_geometrica"},"geometry":{"type":"Polygon","coordinates":[[[-51.332551574802665,-29.14794131120896],[-51.33264647088239,-29.138625677108855],[-51.322694265766664,-29.13853669073015],[-51.32259901566182,-29.147852316927622],[-51.332551574802665,-29.14794131120896]]]}},{"type":"Feature","properties":{"id_grade":"1KME5259N8101","pop":53,"dom":15,"universo_dom":"domicilios_ocupados_grade_ibge_2022","na_bacia":1,"area_pct_bacia":100.0,"metodo_recorte_bacia":"ponto_representativo_grade_2022; area_pct_geometrica"},"geometry":{"type":"Polygon","coordinates":[[[-51.422216617720586,-29.1394116438761],[-51.42230832101735,-29.130096435633487],[-51.41235641005081,-29.13001043902694],[-51.412264352747734,-29.139325639635445],[-51.422216617720586,-29.1394116438761]]]}},{"type":"Feature","properties":{"id_grade":"1KME5260N8101","pop":58,"dom":20,"universo_dom":"domicilios_ocupados_grade_ibge_2022","na_bacia":1,"area_pct_bacia":100.0,"metodo_recorte_bacia":"ponto_representativo_grade_2022; area_pct_geometrica"},"geometry":{"type":"Polygon","coordinates":[[[-51.412264352747734,-29.139325639635445],[-51.41235641005081,-29.13001043902694],[-51.402404505633626,-29.129924111097747],[-51.402312094324934,-29.139239304042988],[-51.412264352747734,-29.139325639635445]]]}},{"type":"Feature","properties":{"id_grade":"1KME5261N8101","pop":65,"dom":21,"universo_dom":"domicilios_ocupados_grade_ibge_2022","na_bacia":1,"area_pct_bacia":100.0,"metodo_recorte_bacia":"ponto_representativo_grade_2022; area_pct_geometrica"},"geometry":{"type":"Polygon","coordinates":[[[-51.402312094324934,-29.139239304042988],[-51.402404505633626,-29.129924111097747],[-51.39245260779098,-29.12983745184669],[-51.392359842477376,-29.13915263709928],[-51.402312094324934,-29.139239304042988]]]}},{"type":"Feature","properties":{"id_grade":"1KME5262N8101","pop":29,"dom":10,"universo_dom":"domicilios_ocupados_grade_ibge_2022","na_bacia":1,"area_pct_bacia":100.0,"metodo_recorte_bacia":"ponto_representativo_grade_2022; area_pct_geometrica"},"geometry":{"type":"Polygon","coordinates":[[[-51.392359842477376,-29.13915263709928],[-51.39245260779098,-29.12983745184669],[-51.382500716548066,-29.129750461274732],[-51.38240759723025,-29.139065638805235],[-51.392359842477376,-29.13915263709928]]]}},{"type":"Feature","properties":{"id_grade":"1KME5265N8101","pop":11,"dom":4,"universo_dom":"domicilios_ocupados_grade_ibge_2022","na_bacia":1,"area_pct_bacia":100.0,"metodo_recorte_bacia":"ponto_representativo_grade_2022; area_pct_geometrica"},"geometry":{"type":"Polygon","coordinates":[[[-51.36250312663799,-29.138890648169323],[-51.3625969539621,-29.129575486171337],[-51.352645082669426,-29.129487501641425],[-51.352550901343236,-29.13880265582948],[-51.36250312663799,-29.138890648169323]]]}},{"type":"Feature","properties":{"id_grade":"1KME5266N8101","pop":17,"dom":7,"universo_dom":"domicilios_ocupados_grade_ibge_2022","na_bacia":1,"area_pct_bacia":100.0,"metodo_recorte_bacia":"ponto_representativo_grade_2022; area_pct_geometrica"},"geometry":{"type":"Polygon","coordinates":[[[-51.352550901343236,-29.13880265582948],[-51.352645082669426,-29.129487501641425],[-51.3426932180772,-29.129399185793684],[-51.34259868274964,-29.13871433214218],[-51.352550901343236,-29.13880265582948]]]}},{"type":"Feature","properties":{"id_grade":"1KME5267N8101","pop":11,"dom":4,"universo_dom":"domicilios_ocupados_grade_ibge_2022","na_bacia":1,"area_pct_bacia":100.0,"metodo_recorte_bacia":"ponto_representativo_grade_2022; area_pct_geometrica"},"geometry":{"type":"Polygon","coordinates":[[[-51.34259868274964,-29.13871433214218],[-51.3426932180772,-29.129399185793684],[-51.33274136021059,-29.12931053862913],[-51.33264647088239,-29.138625677108855],[-51.34259868274964,-29.13871433214218]]]}},{"type":"Feature","properties":{"id_grade":"1KME5268N8101","pop":32,"dom":11,"universo_dom":"domicilios_ocupados_grade_ibge_2022","na_bacia":1,"area_pct_bacia":100.0,"metodo_recorte_bacia":"ponto_representativo_grade_2022; area_pct_geometrica"},"geometry":{"type":"Polygon","coordinates":[[[-51.33264647088239,-29.138625677108855],[-51.33274136021059,-29.12931053862913],[-51.32278950909478,-29.129221560149],[-51.322694265766664,-29.13853669073015],[-51.33264647088239,-29.138625677108855]]]}},{"type":"Feature","properties":{"id_grade":"1KME5269N8101","pop":35,"dom":12,"universo_dom":"domicilios_ocupados_grade_ibge_2022","na_bacia":1,"area_pct_bacia":100.0,"metodo_recorte_bacia":"ponto_representativo_grade_2022; area_pct_geometrica"},"geometry":{"type":"Polygon","coordinates":[[[-51.322694265766664,-29.13853669073015],[-51.32278950909478,-29.129221560149],[-51.31283766475497,-29.129132250353454],[-51.31274206742764,-29.1384473730069],[-51.322694265766664,-29.13853669073015]]]}},{"type":"Feature","properties":{"id_grade":"1KME5270N8101","pop":38,"dom":12,"universo_dom":"domicilios_ocupados_grade_ibge_2022","na_bacia":1,"area_pct_bacia":100.0,"metodo_recorte_bacia":"ponto_representativo_grade_2022; area_pct_geometrica"},"geometry":{"type":"Polygon","coordinates":[[[-51.31274206742764,-29.1384473730069],[-51.31283766475497,-29.129132250353454],[-51.302885827216315,-29.129042609243566],[-51.30278987589051,-29.138357723939905],[-51.31274206742764,-29.1384473730069]]]}},{"type":"Feature","properties":{"id_grade":"1KME5271N8101","pop":49,"dom":16,"universo_dom":"domicilios_ocupados_grade_ibge_2022","na_bacia":1,"area_pct_bacia":100.0,"metodo_recorte_bacia":"ponto_representativo_grade_2022; area_pct_geometrica"},"geometry":{"type":"Polygon","coordinates":[[[-51.30278987589051,-29.138357723939905],[-51.302885827216315,-29.129042609243566],[-51.29293399650401,-29.128952636820287],[-51.29283769118046,-29.13826774353013],[-51.30278987589051,-29.138357723939905]]]}},{"type":"Feature","properties":{"id_grade":"1KME5260N8102","pop":43,"dom":12,"universo_dom":"domicilios_ocupados_grade_ibge_2022","na_bacia":1,"area_pct_bacia":100.0,"metodo_recorte_bacia":"ponto_representativo_grade_2022; area_pct_geometrica"},"geometry":{"type":"Polygon","coordinates":[[[-51.41235641005081,-29.13001043902694],[-51.41244846080453,-29.12069573369382],[-51.40249691036777,-29.120609413424177],[-51.402404505633626,-29.129924111097747],[-51.41235641005081,-29.13001043902694]]]}},{"type":"Feature","properties":{"id_grade":"1KME5261N8102","pop":17,"dom":5,"universo_dom":"domicilios_ocupados_grade_ibge_2022","na_bacia":1,"area_pct_bacia":100.0,"metodo_recorte_bacia":"ponto_representativo_grade_2022; area_pct_geometrica"},"geometry":{"type":"Polygon","coordinates":[[[-51.402404505633626,-29.129924111097747],[-51.40249691036777,-29.120609413424177],[-51.392545366504876,-29.12052276186174],[-51.39245260779098,-29.12983745184669],[-51.402404505633626,-29.129924111097747]]]}},{"type":"Feature","properties":{"id_grade":"1KME5262N8102","pop":14,"dom":5,"universo_dom":"domicilios_ocupados_grade_ibge_2022","na_bacia":1,"area_pct_bacia":100.0,"metodo_recorte_bacia":"ponto_representativo_grade_2022; area_pct_geometrica"},"geometry":{"type":"Polygon","coordinates":[[[-51.39245260779098,-29.12983745184669],[-51.392545366504876,-29.12052276186174],[-51.382593829240975,-29.120435779007646],[-51.382500716548066,-29.129750461274732],[-51.39245260779098,-29.12983745184669]]]}},{"type":"Feature","properties":{"id_grade":"1KME5263N8102","pop":32,"dom":9,"universo_dom":"domicilios_ocupados_grade_ibge_2022","na_bacia":1,"area_pct_bacia":100.0,"metodo_recorte_bacia":"ponto_representativo_grade_2022; area_pct_geometrica"},"geometry":{"type":"Polygon","coordinates":[[[-51.382500716548066,-29.129750461274732],[-51.382593829240975,-29.120435779007646],[-51.37264229860127,-29.1203484648628],[-51.37254883193004,-29.129663139382775],[-51.382500716548066,-29.129750461274732]]]}},{"type":"Feature","properties":{"id_grade":"1KME5264N8102","pop":18,"dom":6,"universo_dom":"domicilios_ocupados_grade_ibge_2022","na_bacia":1,"area_pct_bacia":100.0,"metodo_recorte_bacia":"ponto_representativo_grade_2022; area_pct_geometrica"},"geometry":{"type":"Polygon","coordinates":[[[-51.37254883193004,-29.129663139382775],[-51.37264229860127,-29.1203484648628],[-51.36269077461095,-29.120260819428147],[-51.3625969539621,-29.129575486171337],[-51.37254883193004,-29.129663139382775]]]}},{"type":"Feature","properties":{"id_grade":"1KME5265N8102","pop":28,"dom":8,"universo_dom":"domicilios_ocupados_grade_ibge_2022","na_bacia":1,"area_pct_bacia":100.0,"metodo_recorte_bacia":"ponto_representativo_grade_2022; area_pct_geometrica"},"geometry":{"type":"Polygon","coordinates":[[[-51.3625969539621,-29.129575486171337],[-51.36269077461095,-29.120260819428147],[-51.35273925729517,-29.120172842704324],[-51.352645082669426,-29.129487501641425],[-51.3625969539621,-29.129575486171337]]]}},{"type":"Feature","properties":{"id_grade":"1KME5266N8102","pop":11,"dom":5,"universo_dom":"domicilios_ocupados_grade_ibge_2022","na_bacia":1,"area_pct_bacia":100.0,"metodo_recorte_bacia":"ponto_representativo_grade_2022; area_pct_geometrica"},"geometry":{"type":"Polygon","coordinates":[[[-51.352645082669426,-29.129487501641425],[-51.35273925729517,-29.120172842704324],[-51.34278774667912,-29.120084534692097],[-51.3426932180772,-29.129399185793684],[-51.352645082669426,-29.129487501641425]]]}},{"type":"Feature","properties":{"id_grade":"1KME5267N8102","pop":4,"dom":1,"universo_dom":"domicilios_ocupados_grade_ibge_2022","na_bacia":1,"area_pct_bacia":100.0,"metodo_recorte_bacia":"ponto_representativo_grade_2022; area_pct_geometrica"},"geometry":{"type":"Polygon","coordinates":[[[-51.3426932180772,-29.129399185793684],[-51.34278774667912,-29.120084534692097],[-51.332836242787984,-29.119995895392325],[-51.33274136021059,-29.12931053862913],[-51.3426932180772,-29.129399185793684]]]}},{"type":"Feature","properties":{"id_grade":"1KME5268N8102","pop":12,"dom":5,"universo_dom":"domicilios_ocupados_grade_ibge_2022","na_bacia":1,"area_pct_bacia":100.0,"metodo_recorte_bacia":"ponto_representativo_grade_2022; area_pct_geometrica"},"geometry":{"type":"Polygon","coordinates":[[[-51.33274136021059,-29.12931053862913],[-51.332836242787984,-29.119995895392325],[-51.32288474564693,-29.11990692480641],[-51.32278950909478,-29.129221560149],[-51.33274136021059,-29.12931053862913]]]}},{"type":"Feature","properties":{"id_grade":"1KME5269N8102","pop":1,"dom":1,"universo_dom":"domicilios_ocupados_grade_ibge_2022","na_bacia":1,"area_pct_bacia":100.0,"metodo_recorte_bacia":"ponto_representativo_grade_2022; area_pct_geometrica"},"geometry":{"type":"Polygon","coordinates":[[[-51.32278950909478,-29.129221560149],[-51.32288474564693,-29.11990692480641],[-51.31293325528114,-29.119817622934185],[-51.31283766475497,-29.129132250353454],[-51.32278950909478,-29.129221560149]]]}},{"type":"Feature","properties":{"id_grade":"1KME5270N8102","pop":28,"dom":7,"universo_dom":"domicilios_ocupados_grade_ibge_2022","na_bacia":1,"area_pct_bacia":100.0,"metodo_recorte_bacia":"ponto_representativo_grade_2022; area_pct_geometrica"},"geometry":{"type":"Polygon","coordinates":[[[-51.31283766475497,-29.129132250353454],[-51.31293325528114,-29.119817622934185],[-51.302981771715785,-29.11972798977724],[-51.302885827216315,-29.129042609243566],[-51.31283766475497,-29.129132250353454]]]}},{"type":"Feature","properties":{"id_grade":"1KME5271N8102","pop":33,"dom":10,"universo_dom":"domicilios_ocupados_grade_ibge_2022","na_bacia":1,"area_pct_bacia":100.0,"metodo_recorte_bacia":"ponto_representativo_grade_2022; area_pct_geometrica"},"geometry":{"type":"Polygon","coordinates":[[[-51.302885827216315,-29.129042609243566],[-51.302981771715785,-29.11972798977724],[-51.293030294976035,-29.119638025336187],[-51.29293399650401,-29.128952636820287],[-51.302885827216315,-29.129042609243566]]]}},{"type":"Feature","properties":{"id_grade":"1KME5262N8103","pop":6,"dom":2,"universo_dom":"domicilios_ocupados_grade_ibge_2022","na_bacia":1,"area_pct_bacia":100.0,"metodo_recorte_bacia":"ponto_representativo_grade_2022; area_pct_geometrica"},"geometry":{"type":"Polygon","coordinates":[[[-51.392545366504876,-29.12052276186174],[-51.392638118619736,-29.111208566766454],[-51.38268693530969,-29.111121591626382],[-51.382593829240975,-29.120435779007646],[-51.392545366504876,-29.12052276186174]]]}},{"type":"Feature","properties":{"id_grade":"1KME5263N8103","pop":25,"dom":9,"universo_dom":"domicilios_ocupados_grade_ibge_2022","na_bacia":1,"area_pct_bacia":100.0,"metodo_recorte_bacia":"ponto_representativo_grade_2022; area_pct_geometrica"},"geometry":{"type":"Polygon","coordinates":[[[-51.382593829240975,-29.120435779007646],[-51.38268693530969,-29.111121591626382],[-51.37273575862314,-29.11103428522486],[-51.37264229860127,-29.1203484648628],[-51.382593829240975,-29.120435779007646]]]}},{"type":"Feature","properties":{"id_grade":"1KME5265N8103","pop":10,"dom":3,"universo_dom":"domicilios_ocupados_grade_ibge_2022","na_bacia":1,"area_pct_bacia":100.0,"metodo_recorte_bacia":"ponto_representativo_grade_2022; area_pct_geometrica"},"geometry":{"type":"Polygon","coordinates":[[[-51.36269077461095,-29.120260819428147],[-51.36278458858524,-29.11094664756269],[-51.352833425221185,-29.110858678640966],[-51.35273925729517,-29.120172842704324],[-51.36269077461095,-29.120260819428147]]]}},{"type":"Feature","properties":{"id_grade":"1KME5266N8103","pop":7,"dom":2,"universo_dom":"domicilios_ocupados_grade_ibge_2022","na_bacia":1,"area_pct_bacia":100.0,"metodo_recorte_bacia":"ponto_representativo_grade_2022; area_pct_geometrica"},"geometry":{"type":"Polygon","coordinates":[[[-51.35273925729517,-29.120172842704324],[-51.352833425221185,-29.110858678640966],[-51.342882268556146,-29.110770378459964],[-51.34278774667912,-29.120084534692097],[-51.35273925729517,-29.120172842704324]]]}},{"type":"Feature","properties":{"id_grade":"1KME5267N8103","pop":19,"dom":6,"universo_dom":"domicilios_ocupados_grade_ibge_2022","na_bacia":1,"area_pct_bacia":100.0,"metodo_recorte_bacia":"ponto_representativo_grade_2022; area_pct_geometrica"},"geometry":{"type":"Polygon","coordinates":[[[-51.34278774667912,-29.120084534692097],[-51.342882268556146,-29.110770378459964],[-51.3329311186153,-29.110681747020774],[-51.332836242787984,-29.119995895392325],[-51.34278774667912,-29.120084534692097]]]}},{"type":"Feature","properties":{"id_grade":"1KME5268N8103","pop":12,"dom":4,"universo_dom":"domicilios_ocupados_grade_ibge_2022","na_bacia":1,"area_pct_bacia":100.0,"metodo_recorte_bacia":"ponto_representativo_grade_2022; area_pct_geometrica"},"geometry":{"type":"Polygon","coordinates":[[[-51.332836242787984,-29.119995895392325],[-51.3329311186153,-29.110681747020774],[-51.322979975423806,-29.110592784324673],[-51.32288474564693,-29.11990692480641],[-51.332836242787984,-29.119995895392325]]]}},{"type":"Feature","properties":{"id_grade":"1KME5269N8103","pop":19,"dom":5,"universo_dom":"domicilios_ocupados_grade_ibge_2022","na_bacia":1,"area_pct_bacia":100.0,"metodo_recorte_bacia":"ponto_representativo_grade_2022; area_pct_geometrica"},"geometry":{"type":"Polygon","coordinates":[[[-51.32288474564693,-29.11990692480641],[-51.322979975423806,-29.110592784324673],[-51.31302883900686,-29.110503490371933],[-51.31293325528114,-29.119817622934185],[-51.32288474564693,-29.11990692480641]]]}},{"type":"Feature","properties":{"id_grade":"1KME5270N8103","pop":7,"dom":3,"universo_dom":"domicilios_ocupados_grade_ibge_2022","na_bacia":1,"area_pct_bacia":100.0,"metodo_recorte_bacia":"ponto_representativo_grade_2022; area_pct_geometrica"},"geometry":{"type":"Polygon","coordinates":[[[-51.31293325528114,-29.119817622934185],[-51.31302883900686,-29.110503490371933],[-51.303077709389626,-29.110413865163665],[-51.302981771715785,-29.11972798977724],[-51.31293325528114,-29.119817622934185]]]}},{"type":"Feature","properties":{"id_grade":"1KME5260N8104","pop":11,"dom":3,"universo_dom":"domicilios_ocupados_grade_ibge_2022","na_bacia":1,"area_pct_bacia":100.0,"metodo_recorte_bacia":"ponto_representativo_grade_2022; area_pct_geometrica"},"geometry":{"type":"Polygon","coordinates":[[[-51.41254050500959,-29.111381523259002],[-51.41263254266668,-29.102067807344838],[-51.40268170011527,-29.101981502381026],[-51.40258930852809,-29.111295210644098],[-51.41254050500959,-29.111381523259002]]]}},{"type":"Feature","properties":{"id_grade":"1KME5261N8104","pop":30,"dom":9,"universo_dom":"domicilios_ocupados_grade_ibge_2022","na_bacia":1,"area_pct_bacia":100.0,"metodo_recorte_bacia":"ponto_representativo_grade_2022; area_pct_geometrica"},"geometry":{"type":"Polygon","coordinates":[[[-51.40258930852809,-29.111295210644098],[-51.40268170011527,-29.101981502381026],[-51.39273086413629,-29.10189486618362],[-51.392638118619736,-29.111208566766454],[-51.40258930852809,-29.111295210644098]]]}},{"type":"Feature","properties":{"id_grade":"1KME5262N8104","pop":42,"dom":14,"universo_dom":"domicilios_ocupados_grade_ibge_2022","na_bacia":1,"area_pct_bacia":100.0,"metodo_recorte_bacia":"ponto_representativo_grade_2022; area_pct_geometrica"},"geometry":{"type":"Polygon","coordinates":[[[-51.392638118619736,-29.111208566766454],[-51.39273086413629,-29.10189486618362],[-51.382780034754916,-29.101807898753734],[-51.38268693530969,-29.111121591626382],[-51.392638118619736,-29.111208566766454]]]}},{"type":"Feature","properties":{"id_grade":"1KME5263N8104","pop":42,"dom":12,"universo_dom":"domicilios_ocupados_grade_ibge_2022","na_bacia":1,"area_pct_bacia":100.0,"metodo_recorte_bacia":"ponto_representativo_grade_2022; area_pct_geometrica"},"geometry":{"type":"Polygon","coordinates":[[[-51.38268693530969,-29.111121591626382],[-51.382780034754916,-29.101807898753734],[-51.37282921199633,-29.101720600091202],[-51.37273575862314,-29.11103428522486],[-51.38268693530969,-29.111121591626382]]]}},{"type":"Feature","properties":{"id_grade":"1KME5264N8104","pop":13,"dom":5,"universo_dom":"domicilios_ocupados_grade_ibge_2022","na_bacia":1,"area_pct_bacia":100.0,"metodo_recorte_bacia":"ponto_representativo_grade_2022; area_pct_geometrica"},"geometry":{"type":"Polygon","coordinates":[[[-51.37273575862314,-29.11103428522486],[-51.37282921199633,-29.101720600091202],[-51.3628783958857,-29.101632970197564],[-51.36278458858524,-29.11094664756269],[-51.37273575862314,-29.11103428522486]]]}},{"type":"Feature","properties":{"id_grade":"1KME5260N8105","pop":41,"dom":11,"universo_dom":"domicilios_ocupados_grade_ibge_2022","na_bacia":1,"area_pct_bacia":100.0,"metodo_recorte_bacia":"ponto_representativo_grade_2022; area_pct_geometrica"},"geometry":{"type":"Polygon","coordinates":[[[-51.41263254266668,-29.102067807344838],[-51.412724573776515,-29.09275458557384],[-51.40277408513001,-29.092668288257244],[-51.40268170011527,-29.101981502381026],[-51.41263254266668,-29.102067807344838]]]}},{"type":"Feature","properties":{"id_grade":"1KME5261N8105","pop":44,"dom":12,"universo_dom":"domicilios_ocupados_grade_ibge_2022","na_bacia":1,"area_pct_bacia":100.0,"metodo_recorte_bacia":"ponto_representativo_grade_2022; area_pct_geometrica"},"geometry":{"type":"Polygon","coordinates":[[[-51.40268170011527,-29.101981502381026],[-51.40277408513001,-29.092668288257244],[-51.392823603055234,-29.09258165973651],[-51.39273086413629,-29.10189486618362],[-51.40268170011527,-29.101981502381026]]]}},{"type":"Feature","properties":{"id_grade":"1KME5262N8105","pop":37,"dom":13,"universo_dom":"domicilios_ocupados_grade_ibge_2022","na_bacia":1,"area_pct_bacia":100.0,"metodo_recorte_bacia":"ponto_representativo_grade_2022; area_pct_geometrica"},"geometry":{"type":"Polygon","coordinates":[[[-51.39273086413629,-29.10189486618362],[-51.392823603055234,-29.09258165973651],[-51.38287312757737,-29.092494700012065],[-51.382780034754916,-29.101807898753734],[-51.39273086413629,-29.10189486618362]]]}},{"type":"Feature","properties":{"id_grade":"1KME5263N8105","pop":45,"dom":15,"universo_dom":"domicilios_ocupados_grade_ibge_2022","na_bacia":1,"area_pct_bacia":100.0,"metodo_recorte_bacia":"ponto_representativo_grade_2022; area_pct_geometrica"},"geometry":{"type":"Polygon","coordinates":[[[-51.382780034754916,-29.101807898753734],[-51.38287312757737,-29.092494700012065],[-51.37292265872158,-29.09240740908481],[-51.37282921199633,-29.101720600091202],[-51.382780034754916,-29.101807898753734]]]}},{"type":"Feature","properties":{"id_grade":"1KME5264N8105","pop":47,"dom":15,"universo_dom":"domicilios_ocupados_grade_ibge_2022","na_bacia":1,"area_pct_bacia":100.0,"metodo_recorte_bacia":"ponto_representativo_grade_2022; area_pct_geometrica"},"geometry":{"type":"Polygon","coordinates":[[[-51.37282921199633,-29.101720600091202],[-51.37292265872158,-29.09240740908481],[-51.36297219651303,-29.09231978695552],[-51.3628783958857,-29.101632970197564],[-51.37282921199633,-29.101720600091202]]]}},{"type":"Feature","properties":{"id_grade":"1KME5260N8106","pop":3,"dom":1,"universo_dom":"domicilios_ocupados_grade_ibge_2022","na_bacia":1,"area_pct_bacia":100.0,"metodo_recorte_bacia":"ponto_representativo_grade_2022; area_pct_geometrica"},"geometry":{"type":"Polygon","coordinates":[[[-51.412724573776515,-29.09275458557384],[-51.41281659833979,-29.08344185756961],[-51.40286646357302,-29.08335556789611],[-51.40277408513001,-29.092668288257244],[-51.412724573776515,-29.09275458557384]]]}},{"type":"Feature","properties":{"id_grade":"1KME5261N8106","pop":11,"dom":4,"universo_dom":"domicilios_ocupados_grade_ibge_2022","na_bacia":1,"area_pct_bacia":100.0,"metodo_recorte_bacia":"ponto_representativo_grade_2022; area_pct_geometrica"},"geometry":{"type":"Polygon","coordinates":[[[-51.40277408513001,-29.092668288257244],[-51.40286646357302,-29.08335556789611],[-51.392916335377286,-29.083268947047667],[-51.392823603055234,-29.09258165973651],[-51.40277408513001,-29.092668288257244]]]}},{"type":"Feature","properties":{"id_grade":"1KME5262N8106","pop":10,"dom":4,"universo_dom":"domicilios_ocupados_grade_ibge_2022","na_bacia":1,"area_pct_bacia":100.0,"metodo_recorte_bacia":"ponto_representativo_grade_2022; area_pct_geometrica"},"geometry":{"type":"Polygon","coordinates":[[[-51.392823603055234,-29.09258165973651],[-51.392916335377286,-29.083268947047667],[-51.38296621377775,-29.08318199502473],[-51.38287312757737,-29.092494700012065],[-51.392823603055234,-29.09258165973651]]]}},{"type":"Feature","properties":{"id_grade":"1KME5259N8107","pop":6,"dom":2,"universo_dom":"domicilios_ocupados_grade_ibge_2022","na_bacia":1,"area_pct_bacia":100.0,"metodo_recorte_bacia":"ponto_representativo_grade_2022; area_pct_geometrica"},"geometry":{"type":"Polygon","coordinates":[[[-51.42276673965243,-29.08352781606697],[-51.42285840381456,-29.074215573842494],[-51.4129086163572,-29.074129622954803],[-51.41281659833979,-29.08344185756961],[-51.42276673965243,-29.08352781606697]]]}},{"type":"Feature","properties":{"id_grade":"1KME5260N8107","pop":53,"dom":18,"universo_dom":"domicilios_ocupados_grade_ibge_2022","na_bacia":1,"area_pct_bacia":100.0,"metodo_recorte_bacia":"ponto_representativo_grade_2022; area_pct_geometrica"},"geometry":{"type":"Polygon","coordinates":[[[-51.41281659833979,-29.08344185756961],[-51.4129086163572,-29.074129622954803],[-51.40295883544499,-29.07404334092079],[-51.40286646357302,-29.08335556789611],[-51.41281659833979,-29.08344185756961]]]}},{"type":"Feature","properties":{"id_grade":"1KME5261N8107","pop":55,"dom":14,"universo_dom":"domicilios_ocupados_grade_ibge_2022","na_bacia":1,"area_pct_bacia":100.0,"metodo_recorte_bacia":"ponto_representativo_grade_2022; area_pct_geometrica"},"geometry":{"type":"Polygon","coordinates":[[[-51.40286646357302,-29.08335556789611],[-51.40295883544499,-29.07404334092079],[-51.39300906110312,-29.073956727740423],[-51.392916335377286,-29.083268947047667],[-51.40286646357302,-29.08335556789611]]]}},{"type":"Feature","properties":{"id_grade":"1KME5262N8107","pop":14,"dom":3,"universo_dom":"domicilios_ocupados_grade_ibge_2022","na_bacia":1,"area_pct_bacia":100.0,"metodo_recorte_bacia":"ponto_representativo_grade_2022; area_pct_geometrica"},"geometry":{"type":"Polygon","coordinates":[[[-51.392916335377286,-29.083268947047667],[-51.39300906110312,-29.073956727740423],[-51.38305929335675,-29.073869783415283],[-51.38296621377775,-29.08318199502473],[-51.392916335377286,-29.083268947047667]]]}},{"type":"Feature","properties":{"id_grade":"1KME5263N8107","pop":17,"dom":7,"universo_dom":"domicilios_ocupados_grade_ibge_2022","na_bacia":1,"area_pct_bacia":100.0,"metodo_recorte_bacia":"ponto_representativo_grade_2022; area_pct_geometrica"},"geometry":{"type":"Polygon","coordinates":[[[-51.38296621377775,-29.08318199502473],[-51.38305929335675,-29.073869783415283],[-51.37310953223104,-29.07378250794589],[-51.373016098799575,-29.083094711828593],[-51.38296621377775,-29.08318199502473]]]}},{"type":"Feature","properties":{"id_grade":"1KME5259N8108","pop":22,"dom":6,"universo_dom":"domicilios_ocupados_grade_ibge_2022","na_bacia":1,"area_pct_bacia":100.0,"metodo_recorte_bacia":"ponto_representativo_grade_2022; area_pct_geometrica"},"geometry":{"type":"Polygon","coordinates":[[[-51.42285840381456,-29.074215573842494],[-51.422950061456696,-29.06490382463505],[-51.41300062782943,-29.06481788135315],[-51.4129086163572,-29.074129622954803],[-51.42285840381456,-29.074215573842494]]]}},{"type":"Feature","properties":{"id_grade":"1KME5260N8108","pop":30,"dom":10,"universo_dom":"domicilios_ocupados_grade_ibge_2022","na_bacia":1,"area_pct_bacia":100.0,"metodo_recorte_bacia":"ponto_representativo_grade_2022; area_pct_geometrica"},"geometry":{"type":"Polygon","coordinates":[[[-51.4129086163572,-29.074129622954803],[-51.41300062782943,-29.06481788135315],[-51.40305120074664,-29.064731606954158],[-51.40295883544499,-29.07404334092079],[-51.4129086163572,-29.074129622954803]]]}},{"type":"Feature","properties":{"id_grade":"1KME5261N8108","pop":13,"dom":4,"universo_dom":"domicilios_ocupados_grade_ibge_2022","na_bacia":1,"area_pct_bacia":100.0,"metodo_recorte_bacia":"ponto_representativo_grade_2022; area_pct_geometrica"},"geometry":{"type":"Polygon","coordinates":[[[-51.40295883544499,-29.07404334092079],[-51.40305120074664,-29.064731606954158],[-51.39310178023347,-29.064645001438087],[-51.39300906110312,-29.073956727740423],[-51.40295883544499,-29.07404334092079]]]}},{"type":"Feature","properties":{"id_grade":"1KME5262N8108","pop":6,"dom":3,"universo_dom":"domicilios_ocupados_grade_ibge_2022","na_bacia":1,"area_pct_bacia":100.0,"metodo_recorte_bacia":"ponto_representativo_grade_2022; area_pct_geometrica"},"geometry":{"type":"Polygon","coordinates":[[[-51.39300906110312,-29.073956727740423],[-51.39310178023347,-29.064645001438087],[-51.383152366315095,-29.064558064806683],[-51.38305929335675,-29.073869783415283],[-51.39300906110312,-29.073956727740423]]]}},{"type":"Feature","properties":{"id_grade":"1KME5259N8109","pop":2,"dom":1,"universo_dom":"domicilios_ocupados_grade_ibge_2022","na_bacia":1,"area_pct_bacia":100.0,"metodo_recorte_bacia":"ponto_representativo_grade_2022; area_pct_geometrica"},"geometry":{"type":"Polygon","coordinates":[[[-51.422950061456696,-29.06490382463505],[-51.42304171257953,-29.055592568068462],[-51.413092632757206,-29.055506632388703],[-51.41300062782943,-29.06481788135315],[-51.422950061456696,-29.06490382463505]]]}},{"type":"Feature","properties":{"id_grade":"1KME5261N8109","pop":6,"dom":2,"universo_dom":"domicilios_ocupados_grade_ibge_2022","na_bacia":1,"area_pct_bacia":100.0,"metodo_recorte_bacia":"ponto_representativo_grade_2022; area_pct_geometrica"},"geometry":{"type":"Polygon","coordinates":[[[-51.40305120074664,-29.064731606954158],[-51.40314355947865,-29.055420365620478],[-51.39319449276902,-29.05533376776492],[-51.39310178023347,-29.064645001438087],[-51.40305120074664,-29.064731606954158]]]}},{"type":"Feature","properties":{"id_grade":"200ME52522N80884","pop":8,"dom":4,"universo_dom":"domicilios_ocupados_grade_ibge_2022","na_bacia":1,"area_pct_bacia":100.0,"metodo_recorte_bacia":"ponto_representativo_grade_2022; area_pct_geometrica"},"geometry":{"type":"Polygon","coordinates":[[[-51.48874864073713,-29.25926691553574],[-51.48876651656145,-29.2574025489884],[-51.486775162144,-29.257385806309912],[-51.486757271930514,-29.25925017285719],[-51.48874864073713,-29.25926691553574]]]}},{"type":"Feature","properties":{"id_grade":"200ME52524N80884","pop":2,"dom":1,"universo_dom":"domicilios_ocupados_grade_ibge_2022","na_bacia":1,"area_pct_bacia":100.0,"metodo_recorte_bacia":"ponto_representativo_grade_2022; area_pct_geometrica"},"geometry":{"type":"Polygon","coordinates":[[[-51.486757271930514,-29.25925017285719],[-51.486775162144,-29.257385806309912],[-51.48478380682718,-29.25736905104084],[-51.48476590312391,-29.2592334166888],[-51.486757271930514,-29.25925017285719]]]}},{"type":"Feature","properties":{"id_grade":"200ME52522N80886","pop":5,"dom":2,"universo_dom":"domicilios_ocupados_grade_ibge_2022","na_bacia":1,"area_pct_bacia":100.0,"metodo_recorte_bacia":"ponto_representativo_grade_2022; area_pct_geometrica"},"geometry":{"type":"Polygon","coordinates":[[[-51.48876651656145,-29.2574025489884],[-51.48878439238576,-29.25553820222624],[-51.4867930514581,-29.25552146044697],[-51.486775162144,-29.257385806309912],[-51.48876651656145,-29.2574025489884]]]}},{"type":"Feature","properties":{"id_grade":"200ME52520N80888","pop":3,"dom":1,"universo_dom":"domicilios_ocupados_grade_ibge_2022","na_bacia":1,"area_pct_bacia":100.0,"metodo_recorte_bacia":"ponto_representativo_grade_2022; area_pct_geometrica"},"geometry":{"type":"Polygon","coordinates":[[[-51.4907757333134,-29.25555493141493],[-51.49079359474854,-29.253690604437793],[-51.488802268210065,-29.253673876148408],[-51.48878439238576,-29.25553820222624],[-51.4907757333134,-29.25555493141493]]]}},{"type":"Feature","properties":{"id_grade":"200ME52520N80890","pop":4,"dom":1,"universo_dom":"domicilios_ocupados_grade_ibge_2022","na_bacia":1,"area_pct_bacia":100.0,"metodo_recorte_bacia":"ponto_representativo_grade_2022; area_pct_geometrica"},"geometry":{"type":"Polygon","coordinates":[[[-51.49079359474854,-29.253690604437793],[-51.490811455284415,-29.251826297245728],[-51.48882014313506,-29.251809568956332],[-51.488802268210065,-29.253673876148408],[-51.49079359474854,-29.253690604437793]]]}},{"type":"Feature","properties":{"id_grade":"200ME52520N80892","pop":2,"dom":1,"universo_dom":"domicilios_ocupados_grade_ibge_2022","na_bacia":1,"area_pct_bacia":100.0,"metodo_recorte_bacia":"ponto_representativo_grade_2022; area_pct_geometrica"},"geometry":{"type":"Polygon","coordinates":[[[-51.490811455284415,-29.251826297245728],[-51.49082931671955,-29.249962010738095],[-51.48883801806005,-29.249945282448795],[-51.48882014313506,-29.251809568956332],[-51.490811455284415,-29.251826297245728]]]}},{"type":"Feature","properties":{"id_grade":"200ME52520N80894","pop":4,"dom":2,"universo_dom":"domicilios_ocupados_grade_ibge_2022","na_bacia":1,"area_pct_bacia":100.0,"metodo_recorte_bacia":"ponto_representativo_grade_2022; area_pct_geometrica"},"geometry":{"type":"Polygon","coordinates":[[[-51.49082931671955,-29.249962010738095],[-51.49084717725537,-29.24809774401561],[-51.48885589298504,-29.24808101662554],[-51.48883801806005,-29.249945282448795],[-51.49082931671955,-29.249962010738095]]]}},{"type":"Feature","properties":{"id_grade":"200ME52522N80894","pop":6,"dom":2,"universo_dom":"domicilios_ocupados_grade_ibge_2022","na_bacia":1,"area_pct_bacia":100.0,"metodo_recorte_bacia":"ponto_representativo_grade_2022; area_pct_geometrica"},"geometry":{"type":"Polygon","coordinates":[[[-51.48883801806005,-29.249945282448795],[-51.48885589298504,-29.24808101662554],[-51.486864608714654,-29.24806427574569],[-51.48684672029986,-29.24992854156893],[-51.48883801806005,-29.249945282448795]]]}},{"type":"Feature","properties":{"id_grade":"200ME52520N80896","pop":6,"dom":2,"universo_dom":"domicilios_ocupados_grade_ibge_2022","na_bacia":1,"area_pct_bacia":100.0,"metodo_recorte_bacia":"ponto_representativo_grade_2022; area_pct_geometrica"},"geometry":{"type":"Polygon","coordinates":[[[-51.49084717725537,-29.24809774401561],[-51.49086503689188,-29.246233497078265],[-51.488873767010716,-29.246216769688107],[-51.48885589298504,-29.24808101662554],[-51.49084717725537,-29.24809774401561]]]}},{"type":"Feature","properties":{"id_grade":"200ME52522N80900","pop":10,"dom":3,"universo_dom":"domicilios_ocupados_grade_ibge_2022","na_bacia":1,"area_pct_bacia":100.0,"metodo_recorte_bacia":"ponto_representativo_grade_2022; area_pct_geometrica"},"geometry":{"type":"Polygon","coordinates":[[[-51.48889164103639,-29.24435254343505],[-51.488909515062005,-29.242488336967163],[-51.486918273959134,-29.242471596986565],[-51.48690038554428,-29.24433580255518],[-51.48889164103639,-29.24435254343505]]]}},{"type":"Feature","properties":{"id_grade":"200ME52524N80900","pop":7,"dom":3,"universo_dom":"domicilios_ocupados_grade_ibge_2022","na_bacia":1,"area_pct_bacia":100.0,"metodo_recorte_bacia":"ponto_representativo_grade_2022; area_pct_geometrica"},"geometry":{"type":"Polygon","coordinates":[[[-51.48690038554428,-29.24433580255518],[-51.486918273959134,-29.242471596986565],[-51.48492703285626,-29.242454843516118],[-51.484909130052245,-29.24431904908482],[-51.48690038554428,-29.24433580255518]]]}},{"type":"Feature","properties":{"id_grade":"200ME52524N80902","pop":5,"dom":3,"universo_dom":"domicilios_ocupados_grade_ibge_2022","na_bacia":1,"area_pct_bacia":100.0,"metodo_recorte_bacia":"ponto_representativo_grade_2022; area_pct_geometrica"},"geometry":{"type":"Polygon","coordinates":[[[-51.486918273959134,-29.242471596986565],[-51.4869361614746,-29.240607410303724],[-51.484944934760904,-29.24059065773264],[-51.48492703285626,-29.242454843516118],[-51.486918273959134,-29.242471596986565]]]}},{"type":"Feature","properties":{"id_grade":"200ME52526N80902","pop":16,"dom":7,"universo_dom":"domicilios_ocupados_grade_ibge_2022","na_bacia":1,"area_pct_bacia":100.0,"metodo_recorte_bacia":"ponto_representativo_grade_2022; area_pct_geometrica"},"geometry":{"type":"Polygon","coordinates":[[[-51.48492703285626,-29.242454843516118],[-51.484944934760904,-29.24059065773264],[-51.482953708047155,-29.240573890772424],[-51.482935791753334,-29.24243807655595],[-51.48492703285626,-29.242454843516118]]]}},{"type":"Feature","properties":{"id_grade":"200ME52524N80904","pop":3,"dom":1,"universo_dom":"domicilios_ocupados_grade_ibge_2022","na_bacia":1,"area_pct_bacia":100.0,"metodo_recorte_bacia":"ponto_representativo_grade_2022; area_pct_geometrica"},"geometry":{"type":"Polygon","coordinates":[[[-51.4869361614746,-29.240607410303724],[-51.486954049889455,-29.238743244305297],[-51.48496283666554,-29.2387264917341],[-51.484944934760904,-29.24059065773264],[-51.4869361614746,-29.240607410303724]]]}},{"type":"Feature","properties":{"id_grade":"200ME52526N80904","pop":60,"dom":22,"universo_dom":"domicilios_ocupados_grade_ibge_2022","na_bacia":1,"area_pct_bacia":100.0,"metodo_recorte_bacia":"ponto_representativo_grade_2022; area_pct_geometrica"},"geometry":{"type":"Polygon","coordinates":[[[-51.484944934760904,-29.24059065773264],[-51.48496283666554,-29.2387264917341],[-51.48297162434096,-29.23870972567326],[-51.482953708047155,-29.240573890772424],[-51.484944934760904,-29.24059065773264]]]}},{"type":"Feature","properties":{"id_grade":"200ME52528N80904","pop":20,"dom":7,"universo_dom":"domicilios_ocupados_grade_ibge_2022","na_bacia":1,"area_pct_bacia":100.0,"metodo_recorte_bacia":"ponto_representativo_grade_2022; area_pct_geometrica"},"geometry":{"type":"Polygon","coordinates":[[[-51.482953708047155,-29.240573890772424],[-51.48297162434096,-29.23870972567326],[-51.48098041201638,-29.238692946122477],[-51.4809624813334,-29.240557111221683],[-51.482953708047155,-29.240573890772424]]]}},{"type":"Feature","properties":{"id_grade":"200ME52528N80906","pop":10,"dom":3,"universo_dom":"domicilios_ocupados_grade_ibge_2022","na_bacia":1,"area_pct_bacia":100.0,"metodo_recorte_bacia":"ponto_representativo_grade_2022; area_pct_geometrica"},"geometry":{"type":"Polygon","coordinates":[[[-51.48297162434096,-29.23870972567326],[-51.482989539735456,-29.236845579459867],[-51.480998341799996,-29.236828800808464],[-51.48098041201638,-29.238692946122477],[-51.48297162434096,-29.23870972567326]]]}},{"type":"Feature","properties":{"id_grade":"200ME52528N80912","pop":2,"dom":1,"universo_dom":"domicilios_ocupados_grade_ibge_2022","na_bacia":1,"area_pct_bacia":100.0,"metodo_recorte_bacia":"ponto_representativo_grade_2022; area_pct_geometrica"},"geometry":{"type":"Polygon","coordinates":[[[-51.48302537052439,-29.233117348187072],[-51.48304328501956,-29.23125326312758],[-51.481052129352236,-29.23123648447613],[-51.481034200467946,-29.233100570434942],[-51.48302537052439,-29.233117348187072]]]}},{"type":"Feature","properties":{"id_grade":"200ME52526N80918","pop":2,"dom":1,"universo_dom":"domicilios_ocupados_grade_ibge_2022","na_bacia":1,"area_pct_bacia":100.0,"metodo_recorte_bacia":"ponto_representativo_grade_2022; area_pct_geometrica"},"geometry":{"type":"Polygon","coordinates":[[[-51.485070241798155,-29.227541915726764],[-51.48508814190416,-29.225677889123247],[-51.483097028505036,-29.22566112576037],[-51.483079114909174,-29.22752515146455],[-51.485070241798155,-29.227541915726764]]]}},{"type":"Feature","properties":{"id_grade":"200ME52524N80920","pop":4,"dom":2,"universo_dom":"domicilios_ocupados_grade_ibge_2022","na_bacia":1,"area_pct_bacia":100.0,"metodo_recorte_bacia":"ponto_representativo_grade_2022; area_pct_geometrica"},"geometry":{"type":"Polygon","coordinates":[[[-51.48707925530334,-29.225694639895668],[-51.48709714102023,-29.223830633976508],[-51.485106042010216,-29.22381388320414],[-51.48508814190416,-29.225677889123247],[-51.48707925530334,-29.225694639895668]]]}},{"type":"Feature","properties":{"id_grade":"200ME52536N80894","pop":14,"dom":4,"universo_dom":"domicilios_ocupados_grade_ibge_2022","na_bacia":1,"area_pct_bacia":100.0,"metodo_recorte_bacia":"ponto_representativo_grade_2022; area_pct_geometrica"},"geometry":{"type":"Polygon","coordinates":[[[-51.474898936436716,-29.24982781480179],[-51.47491691028716,-29.247963550777186],[-51.47292562871474,-29.247946717267187],[-51.472907640475164,-29.24981098129172],[-51.474898936436716,-29.24982781480179]]]}},{"type":"Feature","properties":{"id_grade":"200ME52534N80898","pop":4,"dom":2,"universo_dom":"domicilios_ocupados_grade_ibge_2022","na_bacia":1,"area_pct_bacia":100.0,"metodo_recorte_bacia":"ponto_representativo_grade_2022; area_pct_geometrica"},"geometry":{"type":"Polygon","coordinates":[[[-51.47692615222013,-29.246116126557933],[-51.47694411168135,-29.244251902103546],[-51.474952857987944,-29.244235082083293],[-51.474934884137554,-29.246099306537694],[-51.47692615222013,-29.246116126557933]]]}},{"type":"Feature","properties":{"id_grade":"200ME52538N80898","pop":4,"dom":1,"universo_dom":"domicilios_ocupados_grade_ibge_2022","na_bacia":1,"area_pct_bacia":100.0,"metodo_recorte_bacia":"ponto_representativo_grade_2022; area_pct_geometrica"},"geometry":{"type":"Polygon","coordinates":[[[-51.47294361605498,-29.24608247302775],[-51.47296160339522,-29.244218248573247],[-51.470970350601135,-29.244201402472658],[-51.47095234797246,-29.246065626027768],[-51.47294361605498,-29.24608247302775]]]}},{"type":"Feature","properties":{"id_grade":"200ME52536N80900","pop":5,"dom":1,"universo_dom":"domicilios_ocupados_grade_ibge_2022","na_bacia":1,"area_pct_bacia":100.0,"metodo_recorte_bacia":"ponto_representativo_grade_2022; area_pct_geometrica"},"geometry":{"type":"Polygon","coordinates":[[[-51.474952857987944,-29.244235082083293],[-51.47497083093907,-29.242370877413997],[-51.47297959073547,-29.242354044803236],[-51.47296160339522,-29.244218248573247],[-51.474952857987944,-29.244235082083293]]]}},{"type":"Feature","properties":{"id_grade":"200ME52538N80900","pop":9,"dom":2,"universo_dom":"domicilios_ocupados_grade_ibge_2022","na_bacia":1,"area_pct_bacia":100.0,"metodo_recorte_bacia":"ponto_representativo_grade_2022; area_pct_geometrica"},"geometry":{"type":"Polygon","coordinates":[[[-51.47296160339522,-29.244218248573247],[-51.47297959073547,-29.242354044803236],[-51.47098835143123,-29.242337198702703],[-51.470970350601135,-29.244201402472658],[-51.47296160339522,-29.244218248573247]]]}},{"type":"Feature","properties":{"id_grade":"200ME52530N80902","pop":6,"dom":2,"universo_dom":"domicilios_ocupados_grade_ibge_2022","na_bacia":1,"area_pct_bacia":100.0,"metodo_recorte_bacia":"ponto_representativo_grade_2022; area_pct_geometrica"},"geometry":{"type":"Polygon","coordinates":[[[-51.48094455154979,-29.242421297005183],[-51.4809624813334,-29.240557111221683],[-51.47897125551901,-29.240540319080388],[-51.478953310446855,-29.242404503964654],[-51.48094455154979,-29.242421297005183]]]}},{"type":"Feature","properties":{"id_grade":"200ME52538N80902","pop":8,"dom":3,"universo_dom":"domicilios_ocupados_grade_ibge_2022","na_bacia":1,"area_pct_bacia":100.0,"metodo_recorte_bacia":"ponto_representativo_grade_2022; area_pct_geometrica"},"geometry":{"type":"Polygon","coordinates":[[[-51.47297959073547,-29.242354044803236],[-51.472997578075706,-29.24048986081843],[-51.47100635316065,-29.240473014717793],[-51.47098835143123,-29.242337198702703],[-51.47297959073547,-29.242354044803236]]]}},{"type":"Feature","properties":{"id_grade":"200ME52530N80904","pop":52,"dom":18,"universo_dom":"domicilios_ocupados_grade_ibge_2022","na_bacia":1,"area_pct_bacia":100.0,"metodo_recorte_bacia":"ponto_representativo_grade_2022; area_pct_geometrica"},"geometry":{"type":"Polygon","coordinates":[[[-51.4809624813334,-29.240557111221683],[-51.48098041201638,-29.238692946122477],[-51.47898919969179,-29.238676153981263],[-51.47897125551901,-29.240540319080388],[-51.4809624813334,-29.240557111221683]]]}},{"type":"Feature","properties":{"id_grade":"200ME52532N80904","pop":23,"dom":11,"universo_dom":"domicilios_ocupados_grade_ibge_2022","na_bacia":1,"area_pct_bacia":100.0,"metodo_recorte_bacia":"ponto_representativo_grade_2022; area_pct_geometrica"},"geometry":{"type":"Polygon","coordinates":[[[-51.47897125551901,-29.240540319080388],[-51.47898919969179,-29.238676153981263],[-51.476997988266476,-29.238659347450927],[-51.47698002970458,-29.240523512550006],[-51.47897125551901,-29.240540319080388]]]}},{"type":"Feature","properties":{"id_grade":"200ME52534N80904","pop":10,"dom":4,"universo_dom":"domicilios_ocupados_grade_ibge_2022","na_bacia":1,"area_pct_bacia":100.0,"metodo_recorte_bacia":"ponto_representativo_grade_2022; area_pct_geometrica"},"geometry":{"type":"Polygon","coordinates":[[[-51.47698002970458,-29.240523512550006],[-51.476997988266476,-29.238659347450927],[-51.47500677594189,-29.23864252832999],[-51.47498880389014,-29.240506693429044],[-51.47698002970458,-29.240523512550006]]]}},{"type":"Feature","properties":{"id_grade":"200ME52536N80904","pop":37,"dom":12,"universo_dom":"domicilios_ocupados_grade_ibge_2022","na_bacia":1,"area_pct_bacia":100.0,"metodo_recorte_bacia":"ponto_representativo_grade_2022; area_pct_geometrica"},"geometry":{"type":"Polygon","coordinates":[[[-51.47498880389014,-29.240506693429044],[-51.47500677594189,-29.23864252832999],[-51.47301556451663,-29.238625696618612],[-51.472997578075706,-29.24048986081843],[-51.47498880389014,-29.240506693429044]]]}},{"type":"Feature","properties":{"id_grade":"200ME52538N80904","pop":55,"dom":18,"universo_dom":"domicilios_ocupados_grade_ibge_2022","na_bacia":1,"area_pct_bacia":100.0,"metodo_recorte_bacia":"ponto_representativo_grade_2022; area_pct_geometrica"},"geometry":{"type":"Polygon","coordinates":[[[-51.472997578075706,-29.24048986081843],[-51.47301556451663,-29.238625696618612],[-51.471024353990686,-29.238608850518002],[-51.47100635316065,-29.240473014717793],[-51.472997578075706,-29.24048986081843]]]}},{"type":"Feature","properties":{"id_grade":"200ME52530N80906","pop":3,"dom":1,"universo_dom":"domicilios_ocupados_grade_ibge_2022","na_bacia":1,"area_pct_bacia":100.0,"metodo_recorte_bacia":"ponto_representativo_grade_2022; area_pct_geometrica"},"geometry":{"type":"Polygon","coordinates":[[[-51.48098041201638,-29.238692946122477],[-51.480998341799996,-29.236828800808464],[-51.479007143864585,-29.236812008667254],[-51.47898919969179,-29.238676153981263],[-51.48098041201638,-29.238692946122477]]]}},{"type":"Feature","properties":{"id_grade":"200ME52534N80906","pop":4,"dom":1,"universo_dom":"domicilios_ocupados_grade_ibge_2022","na_bacia":1,"area_pct_bacia":100.0,"metodo_recorte_bacia":"ponto_representativo_grade_2022; area_pct_geometrica"},"geometry":{"type":"Polygon","coordinates":[[[-51.476997988266476,-29.238659347450927],[-51.477015945929104,-29.236795203036127],[-51.47502474889302,-29.236778383915166],[-51.47500677594189,-29.23864252832999],[-51.476997988266476,-29.238659347450927]]]}},{"type":"Feature","properties":{"id_grade":"200ME52536N80906","pop":15,"dom":5,"universo_dom":"domicilios_ocupados_grade_ibge_2022","na_bacia":1,"area_pct_bacia":100.0,"metodo_recorte_bacia":"ponto_representativo_grade_2022; area_pct_geometrica"},"geometry":{"type":"Polygon","coordinates":[[[-51.47500677594189,-29.23864252832999],[-51.47502474889302,-29.236778383915166],[-51.47303355185687,-29.23676155220376],[-51.47301556451663,-29.238625696618612],[-51.47500677594189,-29.23864252832999]]]}},{"type":"Feature","properties":{"id_grade":"200ME52530N80908","pop":28,"dom":9,"universo_dom":"domicilios_ocupados_grade_ibge_2022","na_bacia":1,"area_pct_bacia":100.0,"metodo_recorte_bacia":"ponto_representativo_grade_2022; area_pct_geometrica"},"geometry":{"type":"Polygon","coordinates":[[[-51.480998341799996,-29.236828800808464],[-51.4810162715836,-29.234964675279517],[-51.479025087138034,-29.23494788313833],[-51.479007143864585,-29.236812008667254],[-51.480998341799996,-29.236828800808464]]]}},{"type":"Feature","properties":{"id_grade":"200ME52530N80910","pop":96,"dom":28,"universo_dom":"domicilios_ocupados_grade_ibge_2022","na_bacia":1,"area_pct_bacia":100.0,"metodo_recorte_bacia":"ponto_representativo_grade_2022; area_pct_geometrica"},"geometry":{"type":"Polygon","coordinates":[[[-51.4810162715836,-29.234964675279517],[-51.481034200467946,-29.233100570434942],[-51.47904303131082,-29.233083778293704],[-51.479025087138034,-29.23494788313833],[-51.4810162715836,-29.234964675279517]]]}},{"type":"Feature","properties":{"id_grade":"200ME52530N80912","pop":12,"dom":6,"universo_dom":"domicilios_ocupados_grade_ibge_2022","na_bacia":1,"area_pct_bacia":100.0,"metodo_recorte_bacia":"ponto_representativo_grade_2022; area_pct_geometrica"},"geometry":{"type":"Polygon","coordinates":[[[-51.481034200467946,-29.233100570434942],[-51.481052129352236,-29.23123648447613],[-51.479060974584286,-29.23121969323426],[-51.47904303131082,-29.233083778293704],[-51.481034200467946,-29.233100570434942]]]}},{"type":"Feature","properties":{"id_grade":"200ME52532N80912","pop":2,"dom":1,"universo_dom":"domicilios_ocupados_grade_ibge_2022","na_bacia":1,"area_pct_bacia":100.0,"metodo_recorte_bacia":"ponto_representativo_grade_2022; area_pct_geometrica"},"geometry":{"type":"Polygon","coordinates":[[[-51.47904303131082,-29.233083778293704],[-51.479060974584286,-29.23121969323426],[-51.477069818916966,-29.231202888502512],[-51.477051862153694,-29.233066973561943],[-51.47904303131082,-29.233083778293704]]]}},{"type":"Feature","properties":{"id_grade":"200ME52530N80942","pop":4,"dom":2,"universo_dom":"domicilios_ocupados_grade_ibge_2022","na_bacia":1,"area_pct_bacia":100.0,"metodo_recorte_bacia":"ponto_representativo_grade_2022; area_pct_geometrica"},"geometry":{"type":"Polygon","coordinates":[[[-51.48130311035021,-29.205141385466543],[-51.48132103563723,-29.203277598981938],[-51.47933009310924,-29.203260812236632],[-51.47931215343311,-29.205124597821932],[-51.48130311035021,-29.205141385466543]]]}},{"type":"Feature","properties":{"id_grade":"200ME52534N80942","pop":9,"dom":3,"universo_dom":"domicilios_ocupados_grade_ibge_2022","na_bacia":1,"area_pct_bacia":100.0,"metodo_recorte_bacia":"ponto_representativo_grade_2022; area_pct_geometrica"},"geometry":{"type":"Polygon","coordinates":[[[-51.477321196515966,-29.20510779758669],[-51.477339150581315,-29.20324401200146],[-51.47534820805333,-29.20322719827653],[-51.47533024049818,-29.2050909838618],[-51.477321196515966,-29.20510779758669]]]}},{"type":"Feature","properties":{"id_grade":"200ME52532N80944","pop":11,"dom":4,"universo_dom":"domicilios_ocupados_grade_ibge_2022","na_bacia":1,"area_pct_bacia":100.0,"metodo_recorte_bacia":"ponto_representativo_grade_2022; area_pct_geometrica"},"geometry":{"type":"Polygon","coordinates":[[[-51.47933009310924,-29.203260812236632],[-51.479348031886104,-29.20139704643651],[-51.477357103747295,-29.20138024620138],[-51.477339150581315,-29.20324401200146],[-51.47933009310924,-29.203260812236632]]]}},{"type":"Feature","properties":{"id_grade":"200ME52534N80944","pop":4,"dom":2,"universo_dom":"domicilios_ocupados_grade_ibge_2022","na_bacia":1,"area_pct_bacia":100.0,"metodo_recorte_bacia":"ponto_representativo_grade_2022; area_pct_geometrica"},"geometry":{"type":"Polygon","coordinates":[[[-51.477339150581315,-29.20324401200146],[-51.477357103747295,-29.20138024620138],[-51.47536617560848,-29.201363433375764],[-51.47534820805333,-29.20322719827653],[-51.477339150581315,-29.20324401200146]]]}},{"type":"Feature","properties":{"id_grade":"200ME52536N80946","pop":11,"dom":4,"universo_dom":"domicilios_ocupados_grade_ibge_2022","na_bacia":1,"area_pct_bacia":100.0,"metodo_recorte_bacia":"ponto_representativo_grade_2022; area_pct_geometrica"},"geometry":{"type":"Polygon","coordinates":[[[-51.47536617560848,-29.201363433375764],[-51.47538414316364,-29.19949968825994],[-51.473393229413944,-29.199482861944514],[-51.473375247469676,-29.201346607060227],[-51.47536617560848,-29.201363433375764]]]}},{"type":"Feature","properties":{"id_grade":"200ME52546N80944","pop":3,"dom":2,"universo_dom":"domicilios_ocupados_grade_ibge_2022","na_bacia":1,"area_pct_bacia":100.0,"metodo_recorte_bacia":"ponto_representativo_grade_2022; area_pct_geometrica"},"geometry":{"type":"Polygon","coordinates":[[[-51.46539349991008,-29.20314293270011],[-51.46541153851166,-29.201279168698644],[-51.46342061217149,-29.2012622767326],[-51.463402559180736,-29.203126039834842],[-51.46539349991008,-29.20314293270011]]]}},{"type":"Feature","properties":{"id_grade":"200ME52548N80944","pop":5,"dom":1,"universo_dom":"domicilios_ocupados_grade_ibge_2022","na_bacia":1,"area_pct_bacia":100.0,"metodo_recorte_bacia":"ponto_representativo_grade_2022; area_pct_geometrica"},"geometry":{"type":"Polygon","coordinates":[[[-51.463402559180736,-29.203126039834842],[-51.46342061217149,-29.2012622767326],[-51.46142968583132,-29.20124537037749],[-51.461411618451386,-29.203109133479725],[-51.463402559180736,-29.203126039834842]]]}},{"type":"Feature","properties":{"id_grade":"200ME52544N80946","pop":7,"dom":3,"universo_dom":"domicilios_ocupados_grade_ibge_2022","na_bacia":1,"area_pct_bacia":100.0,"metodo_recorte_bacia":"ponto_representativo_grade_2022; area_pct_geometrica"},"geometry":{"type":"Polygon","coordinates":[[[-51.46740246575115,-29.20129604807406],[-51.467420489064295,-29.199432304757067],[-51.46542957621392,-29.199415425381524],[-51.46541153851166,-29.201279168698644],[-51.46740246575115,-29.20129604807406]]]}},{"type":"Feature","properties":{"id_grade":"200ME52546N80946","pop":5,"dom":2,"universo_dom":"domicilios_ocupados_grade_ibge_2022","na_bacia":1,"area_pct_bacia":100.0,"metodo_recorte_bacia":"ponto_representativo_grade_2022; area_pct_geometrica"},"geometry":{"type":"Polygon","coordinates":[[[-51.46541153851166,-29.201279168698644],[-51.46542957621392,-29.199415425381524],[-51.463438664262924,-29.19939853251622],[-51.46342061217149,-29.2012622767326],[-51.46541153851166,-29.201279168698644]]]}},{"type":"Feature","properties":{"id_grade":"200ME52548N80946","pop":16,"dom":5,"universo_dom":"domicilios_ocupados_grade_ibge_2022","na_bacia":1,"area_pct_bacia":100.0,"metodo_recorte_bacia":"ponto_representativo_grade_2022; area_pct_geometrica"},"geometry":{"type":"Polygon","coordinates":[[[-51.46342061217149,-29.2012622767326],[-51.463438664262924,-29.19939853251622],[-51.46144775231187,-29.199381627060486],[-51.46142968583132,-29.20124537037749],[-51.46342061217149,-29.2012622767326]]]}},{"type":"Feature","properties":{"id_grade":"200ME52542N80948","pop":2,"dom":2,"universo_dom":"domicilios_ocupados_grade_ibge_2022","na_bacia":1,"area_pct_bacia":100.0,"metodo_recorte_bacia":"ponto_representativo_grade_2022; area_pct_geometrica"},"geometry":{"type":"Polygon","coordinates":[[[-51.46941140191461,-29.199449169743353],[-51.469429411737906,-29.197585445312082],[-51.467438513276704,-29.19756858032568],[-51.467420489064295,-29.199432304757067],[-51.46941140191461,-29.199449169743353]]]}},{"type":"Feature","properties":{"id_grade":"200ME52554N80934","pop":5,"dom":2,"universo_dom":"domicilios_ocupados_grade_ibge_2022","na_bacia":1,"area_pct_bacia":100.0,"metodo_recorte_bacia":"ponto_representativo_grade_2022; area_pct_geometrica"},"geometry":{"type":"Polygon","coordinates":[[[-51.45733925979897,-29.212394393486388],[-51.457357355957186,-29.210530530559502],[-51.45536635946985,-29.21051358373481],[-51.45534824892251,-29.212377445762453],[-51.45733925979897,-29.212394393486388]]]}},{"type":"Feature","properties":{"id_grade":"200ME52554N80940","pop":3,"dom":1,"universo_dom":"domicilios_ocupados_grade_ibge_2022","na_bacia":1,"area_pct_bacia":100.0,"metodo_recorte_bacia":"ponto_representativo_grade_2022; area_pct_geometrica"},"geometry":{"type":"Polygon","coordinates":[[[-51.457393547374295,-29.206802865859515],[-51.45741164353251,-29.2049390640865],[-51.455420689313314,-29.204922117261873],[-51.455402579665304,-29.20678591993422],[-51.457393547374295,-29.206802865859515]]]}},{"type":"Feature","properties":{"id_grade":"200ME52556N80940","pop":2,"dom":1,"universo_dom":"domicilios_ocupados_grade_ibge_2022","na_bacia":1,"area_pct_bacia":100.0,"metodo_recorte_bacia":"ponto_representativo_grade_2022; area_pct_geometrica"},"geometry":{"type":"Polygon","coordinates":[[[-51.455402579665304,-29.20678591993422],[-51.455420689313314,-29.204922117261873],[-51.453429735993495,-29.20490515784672],[-51.45341161195631,-29.206768959619723],[-51.455402579665304,-29.20678591993422]]]}},{"type":"Feature","properties":{"id_grade":"200ME52550N80944","pop":5,"dom":2,"universo_dom":"domicilios_ocupados_grade_ibge_2022","na_bacia":1,"area_pct_bacia":100.0,"metodo_recorte_bacia":"ponto_representativo_grade_2022; area_pct_geometrica"},"geometry":{"type":"Polygon","coordinates":[[[-51.461411618451386,-29.203109133479725],[-51.46142968583132,-29.20124537037749],[-51.45943875949109,-29.20122845143193],[-51.45942067862137,-29.203092214534088],[-51.461411618451386,-29.203109133479725]]]}},{"type":"Feature","properties":{"id_grade":"200ME52552N80944","pop":10,"dom":4,"universo_dom":"domicilios_ocupados_grade_ibge_2022","na_bacia":1,"area_pct_bacia":100.0,"metodo_recorte_bacia":"ponto_representativo_grade_2022; area_pct_geometrica"},"geometry":{"type":"Polygon","coordinates":[[[-51.45942067862137,-29.203092214534088],[-51.45943875949109,-29.20122845143193],[-51.45744783315093,-29.20121151899633],[-51.45742973879134,-29.203075281199308],[-51.45942067862137,-29.203092214534088]]]}},{"type":"Feature","properties":{"id_grade":"200ME52554N80944","pop":2,"dom":1,"universo_dom":"domicilios_ocupados_grade_ibge_2022","na_bacia":1,"area_pct_bacia":100.0,"metodo_recorte_bacia":"ponto_representativo_grade_2022; area_pct_geometrica"},"geometry":{"type":"Polygon","coordinates":[[[-51.45742973879134,-29.203075281199308],[-51.45744783315093,-29.20121151899633],[-51.45545690771008,-29.201194573071042],[-51.45543879896138,-29.203058335273962],[-51.45742973879134,-29.203075281199308]]]}},{"type":"Feature","properties":{"id_grade":"200ME52550N80946","pop":4,"dom":1,"universo_dom":"domicilios_ocupados_grade_ibge_2022","na_bacia":1,"area_pct_bacia":100.0,"metodo_recorte_bacia":"ponto_representativo_grade_2022; area_pct_geometrica"},"geometry":{"type":"Polygon","coordinates":[[[-51.46142968583132,-29.20124537037749],[-51.46144775231187,-29.199381627060486],[-51.459456840360865,-29.199364708114654],[-51.45943875949109,-29.20122845143193],[-51.46142968583132,-29.20124537037749]]]}},{"type":"Feature","properties":{"id_grade":"200ME52552N80946","pop":6,"dom":2,"universo_dom":"domicilios_ocupados_grade_ibge_2022","na_bacia":1,"area_pct_bacia":100.0,"metodo_recorte_bacia":"ponto_representativo_grade_2022; area_pct_geometrica"},"geometry":{"type":"Polygon","coordinates":[[[-51.45943875949109,-29.20122845143193],[-51.459456840360865,-29.199364708114654],[-51.45746592840982,-29.19934777657856],[-51.45744783315093,-29.20121151899633],[-51.45943875949109,-29.20122845143193]]]}},{"type":"Feature","properties":{"id_grade":"200ME52556N80948","pop":6,"dom":2,"universo_dom":"domicilios_ocupados_grade_ibge_2022","na_bacia":1,"area_pct_bacia":100.0,"metodo_recorte_bacia":"ponto_representativo_grade_2022; area_pct_geometrica"},"geometry":{"type":"Polygon","coordinates":[[[-51.45547501645882,-29.19933083065318],[-51.45549312520751,-29.197467108020618],[-51.45350222854495,-29.197450150404062],[-51.453484105407085,-29.19931387213742],[-51.45547501645882,-29.19933083065318]]]}},{"type":"Feature","properties":{"id_grade":"200ME52558N80948","pop":2,"dom":1,"universo_dom":"domicilios_ocupados_grade_ibge_2022","na_bacia":1,"area_pct_bacia":100.0,"metodo_recorte_bacia":"ponto_representativo_grade_2022; area_pct_geometrica"},"geometry":{"type":"Polygon","coordinates":[[[-51.453484105407085,-29.19931387213742],[-51.45350222854495,-29.197450150404062],[-51.45151133188244,-29.19743317839838],[-51.45149319435541,-29.199296900131802],[-51.453484105407085,-29.19931387213742]]]}},{"type":"Feature","properties":{"id_grade":"200ME52564N80932","pop":11,"dom":4,"universo_dom":"domicilios_ocupados_grade_ibge_2022","na_bacia":1,"area_pct_bacia":100.0,"metodo_recorte_bacia":"ponto_representativo_grade_2022; area_pct_geometrica"},"geometry":{"type":"Polygon","coordinates":[[[-51.447366041809346,-29.214173403579657],[-51.44738420901399,-29.21230952266635],[-51.44539319993618,-29.21229250929179],[-51.44537501834236,-29.214156389305806],[-51.447366041809346,-29.214173403579657]]]}},{"type":"Feature","properties":{"id_grade":"200ME52568N80932","pop":3,"dom":1,"universo_dom":"domicilios_ocupados_grade_ibge_2022","na_bacia":1,"area_pct_bacia":100.0,"metodo_recorte_bacia":"ponto_representativo_grade_2022; area_pct_geometrica"},"geometry":{"type":"Polygon","coordinates":[[[-51.44338399487543,-29.214139362441603],[-51.44340219085836,-29.212275482427543],[-51.44141118178055,-29.212258442073406],[-51.44139297140844,-29.214122321188196],[-51.44338399487543,-29.214139362441603]]]}},{"type":"Feature","properties":{"id_grade":"200ME52564N80934","pop":16,"dom":6,"universo_dom":"domicilios_ocupados_grade_ibge_2022","na_bacia":1,"area_pct_bacia":100.0,"metodo_recorte_bacia":"ponto_representativo_grade_2022; area_pct_geometrica"},"geometry":{"type":"Polygon","coordinates":[[[-51.44738420901399,-29.21230952266635],[-51.447402376218626,-29.210445662437298],[-51.445411380630674,-29.21042864906285],[-51.44539319993618,-29.21229250929179],[-51.44738420901399,-29.21230952266635]]]}},{"type":"Feature","properties":{"id_grade":"200ME52566N80934","pop":21,"dom":6,"universo_dom":"domicilios_ocupados_grade_ibge_2022","na_bacia":1,"area_pct_bacia":100.0,"metodo_recorte_bacia":"ponto_representativo_grade_2022; area_pct_geometrica"},"geometry":{"type":"Polygon","coordinates":[[[-51.44539319993618,-29.21229250929179],[-51.445411380630674,-29.21042864906285],[-51.443420385942034,-29.210411622198535],[-51.44340219085836,-29.212275482427543],[-51.44539319993618,-29.21229250929179]]]}},{"type":"Feature","properties":{"id_grade":"200ME52568N80936","pop":8,"dom":3,"universo_dom":"domicilios_ocupados_grade_ibge_2022","na_bacia":1,"area_pct_bacia":100.0,"metodo_recorte_bacia":"ponto_representativo_grade_2022; area_pct_geometrica"},"geometry":{"type":"Polygon","coordinates":[[[-51.443420385942034,-29.210411622198535],[-51.443438581025646,-29.208547781754756],[-51.44144760072618,-29.208530742299903],[-51.441429391253344,-29.210394581844422],[-51.443420385942034,-29.210411622198535]]]}},{"type":"Feature","properties":{"id_grade":"200ME52564N80938","pop":37,"dom":16,"universo_dom":"domicilios_ocupados_grade_ibge_2022","na_bacia":1,"area_pct_bacia":100.0,"metodo_recorte_bacia":"ponto_representativo_grade_2022; area_pct_geometrica"},"geometry":{"type":"Polygon","coordinates":[[[-51.44742054342327,-29.20858182109418],[-51.4474387097286,-29.20671800043537],[-51.445447742918994,-29.206700987960172],[-51.44542956222449,-29.20856480861899],[-51.44742054342327,-29.20858182109418]]]}},{"type":"Feature","properties":{"id_grade":"200ME52566N80938","pop":120,"dom":39,"universo_dom":"domicilios_ocupados_grade_ibge_2022","na_bacia":1,"area_pct_bacia":100.0,"metodo_recorte_bacia":"ponto_representativo_grade_2022; area_pct_geometrica"},"geometry":{"type":"Polygon","coordinates":[[[-51.44542956222449,-29.20856480861899],[-51.445447742918994,-29.206700987960172],[-51.443456776109315,-29.20668396109592],[-51.443438581025646,-29.208547781754756],[-51.44542956222449,-29.20856480861899]]]}},{"type":"Feature","properties":{"id_grade":"200ME52568N80938","pop":63,"dom":25,"universo_dom":"domicilios_ocupados_grade_ibge_2022","na_bacia":1,"area_pct_bacia":100.0,"metodo_recorte_bacia":"ponto_representativo_grade_2022; area_pct_geometrica"},"geometry":{"type":"Polygon","coordinates":[[[-51.443438581025646,-29.208547781754756],[-51.443456776109315,-29.20668396109592],[-51.44146581019896,-29.20666692164109],[-51.44144760072618,-29.208530742299903],[-51.443438581025646,-29.208547781754756]]]}},{"type":"Feature","properties":{"id_grade":"200ME52566N80940","pop":1,"dom":1,"universo_dom":"domicilios_ocupados_grade_ibge_2022","na_bacia":1,"area_pct_bacia":100.0,"metodo_recorte_bacia":"ponto_representativo_grade_2022; area_pct_geometrica"},"geometry":{"type":"Polygon","coordinates":[[[-51.445447742918994,-29.206700987960172],[-51.445465923613426,-29.204837187086497],[-51.44347497119293,-29.204820161121496],[-51.443456776109315,-29.20668396109592],[-51.445447742918994,-29.206700987960172]]]}},{"type":"Feature","properties":{"id_grade":"200ME52568N80940","pop":11,"dom":4,"universo_dom":"domicilios_ocupados_grade_ibge_2022","na_bacia":1,"area_pct_bacia":100.0,"metodo_recorte_bacia":"ponto_representativo_grade_2022; area_pct_geometrica"},"geometry":{"type":"Polygon","coordinates":[[[-51.443456776109315,-29.20668396109592],[-51.44347497119293,-29.204820161121496],[-51.44148401877242,-29.204803121666686],[-51.44146581019896,-29.20666692164109],[-51.443456776109315,-29.20668396109592]]]}},{"type":"Feature","properties":{"id_grade":"200ME52568N80942","pop":24,"dom":11,"universo_dom":"domicilios_ocupados_grade_ibge_2022","na_bacia":1,"area_pct_bacia":100.0,"metodo_recorte_bacia":"ponto_representativo_grade_2022; area_pct_geometrica"},"geometry":{"type":"Polygon","coordinates":[[[-51.44347497119293,-29.204820161121496],[-51.44349316537721,-29.202956380932182],[-51.441502227345886,-29.202939342376656],[-51.44148401877242,-29.204803121666686],[-51.44347497119293,-29.204820161121496]]]}},{"type":"Feature","properties":{"id_grade":"200ME52568N80944","pop":25,"dom":8,"universo_dom":"domicilios_ocupados_grade_ibge_2022","na_bacia":1,"area_pct_bacia":100.0,"metodo_recorte_bacia":"ponto_representativo_grade_2022; area_pct_geometrica"},"geometry":{"type":"Polygon","coordinates":[[[-51.44349316537721,-29.202956380932182],[-51.44351135956157,-29.201092620527955],[-51.44152043591936,-29.201075581972518],[-51.441502227345886,-29.202939342376656],[-51.44349316537721,-29.202956380932182]]]}},{"type":"Feature","properties":{"id_grade":"200ME52560N80946","pop":15,"dom":5,"universo_dom":"domicilios_ocupados_grade_ibge_2022","na_bacia":1,"area_pct_bacia":100.0,"metodo_recorte_bacia":"ponto_representativo_grade_2022; area_pct_geometrica"},"geometry":{"type":"Polygon","coordinates":[[[-51.45147505772769,-29.201160641650237],[-51.45149319435541,-29.199296900131802],[-51.44950228420299,-29.199279914636254],[-51.44948413228684,-29.201143656154798],[-51.45147505772769,-29.201160641650237]]]}},{"type":"Feature","properties":{"id_grade":"200ME52562N80946","pop":11,"dom":4,"universo_dom":"domicilios_ocupados_grade_ibge_2022","na_bacia":1,"area_pct_bacia":100.0,"metodo_recorte_bacia":"ponto_representativo_grade_2022; area_pct_geometrica"},"geometry":{"type":"Polygon","coordinates":[[[-51.44948413228684,-29.201143656154798],[-51.44950228420299,-29.199279914636254],[-51.44751137405063,-29.199262916550243],[-51.4474932077453,-29.20112665806873],[-51.44948413228684,-29.201143656154798]]]}},{"type":"Feature","properties":{"id_grade":"200ME52564N80946","pop":21,"dom":8,"universo_dom":"domicilios_ocupados_grade_ibge_2022","na_bacia":1,"area_pct_bacia":100.0,"metodo_recorte_bacia":"ponto_representativo_grade_2022; area_pct_geometrica"},"geometry":{"type":"Polygon","coordinates":[[[-51.4474932077453,-29.20112665806873],[-51.44751137405063,-29.199262916550243],[-51.44552046389828,-29.199245904974504],[-51.44550228410311,-29.201109645593682],[-51.4474932077453,-29.20112665806873]]]}},{"type":"Feature","properties":{"id_grade":"200ME52566N80946","pop":13,"dom":6,"universo_dom":"domicilios_ocupados_grade_ibge_2022","na_bacia":1,"area_pct_bacia":100.0,"metodo_recorte_bacia":"ponto_representativo_grade_2022; area_pct_geometrica"},"geometry":{"type":"Polygon","coordinates":[[[-51.44550228410311,-29.201109645593682],[-51.44552046389828,-29.199245904974504],[-51.44352955374586,-29.199228879908834],[-51.44351135956157,-29.201092620527955],[-51.44550228410311,-29.201109645593682]]]}},{"type":"Feature","properties":{"id_grade":"200ME52568N80946","pop":4,"dom":2,"universo_dom":"domicilios_ocupados_grade_ibge_2022","na_bacia":1,"area_pct_bacia":100.0,"metodo_recorte_bacia":"ponto_representativo_grade_2022; area_pct_geometrica"},"geometry":{"type":"Polygon","coordinates":[[[-51.44351135956157,-29.201092620527955],[-51.44352955374586,-29.199228879908834],[-51.44153864449283,-29.199211841353325],[-51.44152043591936,-29.201075581972518],[-51.44351135956157,-29.201092620527955]]]}},{"type":"Feature","properties":{"id_grade":"200ME52564N80948","pop":2,"dom":1,"universo_dom":"domicilios_ocupados_grade_ibge_2022","na_bacia":1,"area_pct_bacia":100.0,"metodo_recorte_bacia":"ponto_representativo_grade_2022; area_pct_geometrica"},"geometry":{"type":"Polygon","coordinates":[[[-51.44751137405063,-29.199262916550243],[-51.44752953945664,-29.19739919571629],[-51.44553864279408,-29.197382184140483],[-51.44552046389828,-29.199245904974504],[-51.44751137405063,-29.199262916550243]]]}},{"type":"Feature","properties":{"id_grade":"200ME52566N80948","pop":2,"dom":1,"universo_dom":"domicilios_ocupados_grade_ibge_2022","na_bacia":1,"area_pct_bacia":100.0,"metodo_recorte_bacia":"ponto_representativo_grade_2022; area_pct_geometrica"},"geometry":{"type":"Polygon","coordinates":[[[-51.44552046389828,-29.199245904974504],[-51.44553864279408,-29.197382184140483],[-51.443547747030834,-29.197365159074746],[-51.44352955374586,-29.199228879908834],[-51.44552046389828,-29.199245904974504]]]}},{"type":"Feature","properties":{"id_grade":"200ME52568N80948","pop":1,"dom":1,"universo_dom":"domicilios_ocupados_grade_ibge_2022","na_bacia":1,"area_pct_bacia":100.0,"metodo_recorte_bacia":"ponto_representativo_grade_2022; area_pct_geometrica"},"geometry":{"type":"Polygon","coordinates":[[[-51.44352955374586,-29.199228879908834],[-51.443547747030834,-29.197365159074746],[-51.44155685216697,-29.19734812141861],[-51.44153864449283,-29.199211841353325],[-51.44352955374586,-29.199228879908834]]]}},{"type":"Feature","properties":{"id_grade":"200ME52572N80932","pop":6,"dom":2,"universo_dom":"domicilios_ocupados_grade_ibge_2022","na_bacia":1,"area_pct_bacia":100.0,"metodo_recorte_bacia":"ponto_representativo_grade_2022; area_pct_geometrica"},"geometry":{"type":"Polygon","coordinates":[[[-51.43940194884084,-29.214105267344156],[-51.439420173602116,-29.212241388229465],[-51.4374291645243,-29.212224320895636],[-51.437410926273174,-29.214088200010405],[-51.43940194884084,-29.214105267344156]]]}},{"type":"Feature","properties":{"id_grade":"200ME52574N80932","pop":4,"dom":2,"universo_dom":"domicilios_ocupados_grade_ibge_2022","na_bacia":1,"area_pct_bacia":100.0,"metodo_recorte_bacia":"ponto_representativo_grade_2022; area_pct_geometrica"},"geometry":{"type":"Polygon","coordinates":[[[-51.437410926273174,-29.214088200010405],[-51.4374291645243,-29.212224320895636],[-51.43543815724513,-29.212207240971324],[-51.43541990460488,-29.21407112008608],[-51.437410926273174,-29.214088200010405]]]}},{"type":"Feature","properties":{"id_grade":"200ME52576N80932","pop":3,"dom":1,"universo_dom":"domicilios_ocupados_grade_ibge_2022","na_bacia":1,"area_pct_bacia":100.0,"metodo_recorte_bacia":"ponto_representativo_grade_2022; area_pct_geometrica"},"geometry":{"type":"Polygon","coordinates":[[[-51.43541990460488,-29.21407112008608],[-51.43543815724513,-29.212207240971324],[-51.43344714906664,-29.21219014755726],[-51.433428882936546,-29.214054025772626],[-51.43541990460488,-29.21407112008608]]]}},{"type":"Feature","properties":{"id_grade":"200ME52574N80934","pop":9,"dom":3,"universo_dom":"domicilios_ocupados_grade_ibge_2022","na_bacia":1,"area_pct_bacia":100.0,"metodo_recorte_bacia":"ponto_representativo_grade_2022; area_pct_geometrica"},"geometry":{"type":"Polygon","coordinates":[[[-51.4374291645243,-29.212224320895636],[-51.437447402775376,-29.21036046156599],[-51.435456408986056,-29.21034338254104],[-51.43543815724513,-29.212207240971324],[-51.4374291645243,-29.212224320895636]]]}},{"type":"Feature","properties":{"id_grade":"200ME52574N80936","pop":3,"dom":1,"universo_dom":"domicilios_ocupados_grade_ibge_2022","na_bacia":1,"area_pct_bacia":100.0,"metodo_recorte_bacia":"ponto_representativo_grade_2022; area_pct_geometrica"},"geometry":{"type":"Polygon","coordinates":[[[-51.437447402775376,-29.21036046156599],[-51.43746564102644,-29.208496622920837],[-51.43547466072698,-29.20847954299649],[-51.435456408986056,-29.21034338254104],[-51.437447402775376,-29.21036046156599]]]}},{"type":"Feature","properties":{"id_grade":"200ME52570N80938","pop":10,"dom":7,"universo_dom":"domicilios_ocupados_grade_ibge_2022","na_bacia":1,"area_pct_bacia":100.0,"metodo_recorte_bacia":"ponto_representativo_grade_2022; area_pct_geometrica"},"geometry":{"type":"Polygon","coordinates":[[[-51.44144760072618,-29.208530742299903],[-51.44146581019896,-29.20666692164109],[-51.43947484428861,-29.20664986959584],[-51.439456620426654,-29.20851368935524],[-51.44144760072618,-29.208530742299903]]]}},{"type":"Feature","properties":{"id_grade":"200ME52572N80938","pop":17,"dom":5,"universo_dom":"domicilios_ocupados_grade_ibge_2022","na_bacia":1,"area_pct_bacia":100.0,"metodo_recorte_bacia":"ponto_representativo_grade_2022; area_pct_geometrica"},"geometry":{"type":"Polygon","coordinates":[[[-51.439456620426654,-29.20851368935524],[-51.43947484428861,-29.20664986959584],[-51.43748387837826,-29.206632803161327],[-51.43746564102644,-29.208496622920837],[-51.439456620426654,-29.20851368935524]]]}},{"type":"Feature","properties":{"id_grade":"200ME52574N80938","pop":6,"dom":2,"universo_dom":"domicilios_ocupados_grade_ibge_2022","na_bacia":1,"area_pct_bacia":100.0,"metodo_recorte_bacia":"ponto_representativo_grade_2022; area_pct_geometrica"},"geometry":{"type":"Polygon","coordinates":[[[-51.43746564102644,-29.208496622920837],[-51.43748387837826,-29.206632803161327],[-51.43549291246791,-29.20661572413637],[-51.43547466072698,-29.20847954299649],[-51.43746564102644,-29.208496622920837]]]}},{"type":"Feature","properties":{"id_grade":"200ME52570N80940","pop":15,"dom":5,"universo_dom":"domicilios_ocupados_grade_ibge_2022","na_bacia":1,"area_pct_bacia":100.0,"metodo_recorte_bacia":"ponto_representativo_grade_2022; area_pct_geometrica"},"geometry":{"type":"Polygon","coordinates":[[[-51.44146581019896,-29.20666692164109],[-51.44148401877242,-29.204803121666686],[-51.439493067251185,-29.204786069621345],[-51.43947484428861,-29.20664986959584],[-51.44146581019896,-29.20666692164109]]]}},{"type":"Feature","properties":{"id_grade":"200ME52572N80940","pop":29,"dom":11,"universo_dom":"domicilios_ocupados_grade_ibge_2022","na_bacia":1,"area_pct_bacia":100.0,"metodo_recorte_bacia":"ponto_representativo_grade_2022; area_pct_geometrica"},"geometry":{"type":"Polygon","coordinates":[[[-51.43947484428861,-29.20664986959584],[-51.439493067251185,-29.204786069621345],[-51.43750211573001,-29.204769004086256],[-51.43748387837826,-29.206632803161327],[-51.43947484428861,-29.20664986959584]]]}},{"type":"Feature","properties":{"id_grade":"200ME52574N80940","pop":23,"dom":7,"universo_dom":"domicilios_ocupados_grade_ibge_2022","na_bacia":1,"area_pct_bacia":100.0,"metodo_recorte_bacia":"ponto_representativo_grade_2022; area_pct_geometrica"},"geometry":{"type":"Polygon","coordinates":[[[-51.43748387837826,-29.206632803161327],[-51.43750211573001,-29.204769004086256],[-51.43551116420883,-29.204751925061217],[-51.43549291246791,-29.20661572413637],[-51.43748387837826,-29.206632803161327]]]}},{"type":"Feature","properties":{"id_grade":"200ME52576N80940","pop":16,"dom":8,"universo_dom":"domicilios_ocupados_grade_ibge_2022","na_bacia":1,"area_pct_bacia":100.0,"metodo_recorte_bacia":"ponto_representativo_grade_2022; area_pct_geometrica"},"geometry":{"type":"Polygon","coordinates":[[[-51.43549291246791,-29.20661572413637],[-51.43551116420883,-29.204751925061217],[-51.433520212687604,-29.204734832546407],[-51.433501947456875,-29.206598631621485],[-51.43549291246791,-29.20661572413637]]]}},{"type":"Feature","properties":{"id_grade":"200ME52572N80942","pop":148,"dom":56,"universo_dom":"domicilios_ocupados_grade_ibge_2022","na_bacia":1,"area_pct_bacia":100.0,"metodo_recorte_bacia":"ponto_representativo_grade_2022; area_pct_geometrica"},"geometry":{"type":"Polygon","coordinates":[[[-51.439493067251185,-29.204786069621345],[-51.43951129021383,-29.20292229033139],[-51.437520352182446,-29.202905224796236],[-51.43750211573001,-29.204769004086256],[-51.439493067251185,-29.204786069621345]]]}},{"type":"Feature","properties":{"id_grade":"200ME52576N80942","pop":3,"dom":1,"universo_dom":"domicilios_ocupados_grade_ibge_2022","na_bacia":1,"area_pct_bacia":100.0,"metodo_recorte_bacia":"ponto_representativo_grade_2022; area_pct_geometrica"},"geometry":{"type":"Polygon","coordinates":[[[-51.43551116420883,-29.204751925061217],[-51.43552941505044,-29.202888145771343],[-51.433538477918376,-29.20287105415576],[-51.433520212687604,-29.204734832546407],[-51.43551116420883,-29.204751925061217]]]}},{"type":"Feature","properties":{"id_grade":"200ME52578N80942","pop":2,"dom":1,"universo_dom":"domicilios_ocupados_grade_ibge_2022","na_bacia":1,"area_pct_bacia":100.0,"metodo_recorte_bacia":"ponto_representativo_grade_2022; area_pct_geometrica"},"geometry":{"type":"Polygon","coordinates":[[[-51.433520212687604,-29.204734832546407],[-51.433538477918376,-29.20287105415576],[-51.43154754168563,-29.202853949050425],[-51.431529262065744,-29.20471772744112],[-51.433520212687604,-29.204734832546407]]]}},{"type":"Feature","properties":{"id_grade":"200ME52570N80944","pop":16,"dom":7,"universo_dom":"domicilios_ocupados_grade_ibge_2022","na_bacia":1,"area_pct_bacia":100.0,"metodo_recorte_bacia":"ponto_representativo_grade_2022; area_pct_geometrica"},"geometry":{"type":"Polygon","coordinates":[[[-51.441502227345886,-29.202939342376656],[-51.44152043591936,-29.201075581972518],[-51.43952951227714,-29.201058529927185],[-51.43951129021383,-29.20292229033139],[-51.441502227345886,-29.202939342376656]]]}},{"type":"Feature","properties":{"id_grade":"200ME52572N80944","pop":60,"dom":23,"universo_dom":"domicilios_ocupados_grade_ibge_2022","na_bacia":1,"area_pct_bacia":100.0,"metodo_recorte_bacia":"ponto_representativo_grade_2022; area_pct_geometrica"},"geometry":{"type":"Polygon","coordinates":[[[-51.43951129021383,-29.20292229033139],[-51.43952951227714,-29.201058529927185],[-51.43753858953425,-29.20104146529131],[-51.437520352182446,-29.202905224796236],[-51.43951129021383,-29.20292229033139]]]}},{"type":"Feature","properties":{"id_grade":"200ME52574N80944","pop":42,"dom":15,"universo_dom":"domicilios_ocupados_grade_ibge_2022","na_bacia":1,"area_pct_bacia":100.0,"metodo_recorte_bacia":"ponto_representativo_grade_2022; area_pct_geometrica"},"geometry":{"type":"Polygon","coordinates":[[[-51.437520352182446,-29.202905224796236],[-51.43753858953425,-29.20104146529131],[-51.435547665892045,-29.2010243862664],[-51.43552941505044,-29.202888145771343],[-51.437520352182446,-29.202905224796236]]]}},{"type":"Feature","properties":{"id_grade":"200ME52576N80944","pop":7,"dom":2,"universo_dom":"domicilios_ocupados_grade_ibge_2022","na_bacia":1,"area_pct_bacia":100.0,"metodo_recorte_bacia":"ponto_representativo_grade_2022; area_pct_geometrica"},"geometry":{"type":"Polygon","coordinates":[[[-51.43552941505044,-29.202888145771343],[-51.435547665892045,-29.2010243862664],[-51.43355674314916,-29.201007294650843],[-51.433538477918376,-29.20287105415576],[-51.43552941505044,-29.202888145771343]]]}},{"type":"Feature","properties":{"id_grade":"200ME52592N80892","pop":3,"dom":2,"universo_dom":"domicilios_ocupados_grade_ibge_2022","na_bacia":0,"area_pct_bacia":0.0,"metodo_recorte_bacia":"ponto_representativo_grade_2022; area_pct_geometrica"},"geometry":{"type":"Polygon","coordinates":[[[-51.419124365397124,-29.251215719629712],[-51.41914273674786,-29.249351443913962],[-51.41715144708155,-29.249334238084593],[-51.417133062240964,-29.251198513800368],[-51.419124365397124,-29.251215719629712]]]}},{"type":"Feature","properties":{"id_grade":"200ME52594N80892","pop":3,"dom":1,"universo_dom":"domicilios_ocupados_grade_ibge_2022","na_bacia":0,"area_pct_bacia":0.0,"metodo_recorte_bacia":"ponto_representativo_grade_2022; area_pct_geometrica"},"geometry":{"type":"Polygon","coordinates":[[[-51.417133062240964,-29.251198513800368],[-51.41715144708155,-29.249334238084593],[-51.41516015831462,-29.249317018765293],[-51.415141759084854,-29.25118129448112],[-51.417133062240964,-29.251198513800368]]]}},{"type":"Feature","properties":{"id_grade":"200ME52596N80892","pop":6,"dom":2,"universo_dom":"domicilios_ocupados_grade_ibge_2022","na_bacia":0,"area_pct_bacia":0.0,"metodo_recorte_bacia":"ponto_representativo_grade_2022; area_pct_geometrica"},"geometry":{"type":"Polygon","coordinates":[[[-51.415141759084854,-29.25118129448112],[-51.41516015831462,-29.249317018765293],[-51.41316887044695,-29.249299786855662],[-51.413150456828085,-29.25116406167208],[-51.415141759084854,-29.25118129448112]]]}},{"type":"Feature","properties":{"id_grade":"200ME52598N80892","pop":2,"dom":1,"universo_dom":"domicilios_ocupados_grade_ibge_2022","na_bacia":0,"area_pct_bacia":0.0,"metodo_recorte_bacia":"ponto_representativo_grade_2022; area_pct_geometrica"},"geometry":{"type":"Polygon","coordinates":[[[-51.413150456828085,-29.25116406167208],[-51.41316887044695,-29.249299786855662],[-51.411177581680015,-29.24928254145608],[-51.411159153671974,-29.25114681627251],[-51.413150456828085,-29.25116406167208]]]}},{"type":"Feature","properties":{"id_grade":"200ME52590N80894","pop":4,"dom":1,"universo_dom":"domicilios_ocupados_grade_ibge_2022","na_bacia":0,"area_pct_bacia":0.0,"metodo_recorte_bacia":"ponto_representativo_grade_2022; area_pct_geometrica"},"geometry":{"type":"Polygon","coordinates":[[[-51.42113402551484,-29.249368636253443],[-51.42115238247641,-29.24750437942348],[-51.41916110719927,-29.247487187983324],[-51.41914273674786,-29.249351443913962],[-51.42113402551484,-29.249368636253443]]]}},{"type":"Feature","properties":{"id_grade":"200ME52590N80896","pop":2,"dom":1,"universo_dom":"domicilios_ocupados_grade_ibge_2022","na_bacia":0,"area_pct_bacia":0.0,"metodo_recorte_bacia":"ponto_representativo_grade_2022; area_pct_geometrica"},"geometry":{"type":"Polygon","coordinates":[[[-51.42115238247641,-29.24750437942348],[-51.4211707385387,-29.245640143277924],[-51.41917947765075,-29.245622951837728],[-51.41916110719927,-29.247487187983324],[-51.42115238247641,-29.24750437942348]]]}},{"type":"Feature","properties":{"id_grade":"200ME52598N80896","pop":4,"dom":3,"universo_dom":"domicilios_ocupados_grade_ibge_2022","na_bacia":0,"area_pct_bacia":0.0,"metodo_recorte_bacia":"ponto_representativo_grade_2022; area_pct_geometrica"},"geometry":{"type":"Polygon","coordinates":[[[-51.413187283166565,-29.247435531824273],[-51.41320569588612,-29.24557129657797],[-51.4112144367968,-29.245554052077814],[-51.41119600878875,-29.24741828642475],[-51.413187283166565,-29.247435531824273]]]}},{"type":"Feature","properties":{"id_grade":"200ME52598N80898","pop":20,"dom":9,"universo_dom":"domicilios_ocupados_grade_ibge_2022","na_bacia":0,"area_pct_bacia":0.0,"metodo_recorte_bacia":"ponto_representativo_grade_2022; area_pct_geometrica"},"geometry":{"type":"Polygon","coordinates":[[[-51.41320569588612,-29.24557129657797],[-51.413224109504995,-29.243707082016094],[-51.411232863006205,-29.243689837515962],[-51.4112144367968,-29.245554052077814],[-51.41320569588612,-29.24557129657797]]]}},{"type":"Feature","properties":{"id_grade":"200ME52594N80900","pop":19,"dom":7,"universo_dom":"domicilios_ocupados_grade_ibge_2022","na_bacia":0,"area_pct_bacia":3.3822,"metodo_recorte_bacia":"ponto_representativo_grade_2022; area_pct_geometrica"},"geometry":{"type":"Polygon","coordinates":[[[-51.41720660160331,-29.243741531446453],[-51.41722498554458,-29.241877335770315],[-51.415233753434904,-29.241860118249747],[-51.41521535510452,-29.243724313026608],[-51.41720660160331,-29.243741531446453]]]}},{"type":"Feature","properties":{"id_grade":"200ME52598N80900","pop":26,"dom":8,"universo_dom":"domicilios_ocupados_grade_ibge_2022","na_bacia":0,"area_pct_bacia":0.0,"metodo_recorte_bacia":"ponto_representativo_grade_2022; area_pct_geometrica"},"geometry":{"type":"Polygon","coordinates":[[[-51.413224109504995,-29.243707082016094],[-51.41324252132523,-29.241842887239372],[-51.41125129011493,-29.241825642739233],[-51.411232863006205,-29.243689837515962],[-51.413224109504995,-29.243707082016094]]]}},{"type":"Feature","properties":{"id_grade":"200ME52590N80902","pop":13,"dom":7,"universo_dom":"domicilios_ocupados_grade_ibge_2022","na_bacia":1,"area_pct_bacia":96.5568,"metodo_recorte_bacia":"ponto_representativo_grade_2022; area_pct_geometrica"},"geometry":{"type":"Polygon","coordinates":[[[-51.4212074506633,-29.24191173124136],[-51.42122580582623,-29.240047555350426],[-51.419234588105724,-29.240030363910147],[-51.41921621765425,-29.241894539801127],[-51.4212074506633,-29.24191173124136]]]}},{"type":"Feature","properties":{"id_grade":"200ME52592N80902","pop":7,"dom":3,"universo_dom":"domicilios_ocupados_grade_ibge_2022","na_bacia":1,"area_pct_bacia":69.9336,"metodo_recorte_bacia":"ponto_representativo_grade_2022; area_pct_geometrica"},"geometry":{"type":"Polygon","coordinates":[[[-51.41921621765425,-29.241894539801127],[-51.419234588105724,-29.240030363910147],[-51.417243369485846,-29.240013159879354],[-51.41722498554458,-29.241877335770315],[-51.41921621765425,-29.241894539801127]]]}},{"type":"Feature","properties":{"id_grade":"200ME52594N80902","pop":25,"dom":9,"universo_dom":"domicilios_ocupados_grade_ibge_2022","na_bacia":1,"area_pct_bacia":94.4238,"metodo_recorte_bacia":"ponto_representativo_grade_2022; area_pct_geometrica"},"geometry":{"type":"Polygon","coordinates":[[[-51.41722498554458,-29.241877335770315],[-51.417243369485846,-29.240013159879354],[-51.41525215176534,-29.23999594235873],[-51.415233753434904,-29.241860118249747],[-51.41722498554458,-29.241877335770315]]]}},{"type":"Feature","properties":{"id_grade":"200ME52596N80902","pop":13,"dom":4,"universo_dom":"domicilios_ocupados_grade_ibge_2022","na_bacia":1,"area_pct_bacia":97.6226,"metodo_recorte_bacia":"ponto_representativo_grade_2022; area_pct_geometrica"},"geometry":{"type":"Polygon","coordinates":[[[-51.415233753434904,-29.241860118249747],[-51.41525215176534,-29.23999594235873],[-51.41326093404484,-29.239978712247737],[-51.41324252132523,-29.241842887239372],[-51.415233753434904,-29.241860118249747]]]}},{"type":"Feature","properties":{"id_grade":"200ME52598N80902","pop":32,"dom":11,"universo_dom":"domicilios_ocupados_grade_ibge_2022","na_bacia":0,"area_pct_bacia":38.0603,"metodo_recorte_bacia":"ponto_representativo_grade_2022; area_pct_geometrica"},"geometry":{"type":"Polygon","coordinates":[[[-51.41324252132523,-29.241842887239372],[-51.41326093404484,-29.239978712247737],[-51.411269716324284,-29.23996146774749],[-51.41125129011493,-29.241825642739233],[-51.41324252132523,-29.241842887239372]]]}},{"type":"Feature","properties":{"id_grade":"200ME52590N80904","pop":2,"dom":1,"universo_dom":"domicilios_ocupados_grade_ibge_2022","na_bacia":1,"area_pct_bacia":100.0,"metodo_recorte_bacia":"ponto_representativo_grade_2022; area_pct_geometrica"},"geometry":{"type":"Polygon","coordinates":[[[-51.42122580582623,-29.240047555350426],[-51.42124416188852,-29.23818339834507],[-51.419252956758505,-29.238166207804223],[-51.419234588105724,-29.240030363910147],[-51.42122580582623,-29.240047555350426]]]}},{"type":"Feature","properties":{"id_grade":"200ME52594N80904","pop":4,"dom":1,"universo_dom":"domicilios_ocupados_grade_ibge_2022","na_bacia":1,"area_pct_bacia":100.0,"metodo_recorte_bacia":"ponto_representativo_grade_2022; area_pct_geometrica"},"geometry":{"type":"Polygon","coordinates":[[[-51.417243369485846,-29.240013159879354],[-51.417261753427105,-29.238149004672803],[-51.41527054919646,-29.2381317871522],[-51.41525215176534,-29.23999594235873],[-51.417243369485846,-29.240013159879354]]]}},{"type":"Feature","properties":{"id_grade":"200ME52596N80904","pop":23,"dom":8,"universo_dom":"domicilios_ocupados_grade_ibge_2022","na_bacia":1,"area_pct_bacia":100.0,"metodo_recorte_bacia":"ponto_representativo_grade_2022; area_pct_geometrica"},"geometry":{"type":"Polygon","coordinates":[[[-51.41525215176534,-29.23999594235873],[-51.41527054919646,-29.2381317871522],[-51.41327934586507,-29.238114557041072],[-51.41326093404484,-29.239978712247737],[-51.41525215176534,-29.23999594235873]]]}},{"type":"Feature","properties":{"id_grade":"200ME52598N80904","pop":20,"dom":9,"universo_dom":"domicilios_ocupados_grade_ibge_2022","na_bacia":1,"area_pct_bacia":100.0,"metodo_recorte_bacia":"ponto_representativo_grade_2022; area_pct_geometrica"},"geometry":{"type":"Polygon","coordinates":[[[-51.41326093404484,-29.239978712247737],[-51.41327934586507,-29.238114557041072],[-51.41128814253369,-29.238097313440225],[-51.411269716324284,-29.23996146774749],[-51.41326093404484,-29.239978712247737]]]}},{"type":"Feature","properties":{"id_grade":"200ME52594N80906","pop":8,"dom":3,"universo_dom":"domicilios_ocupados_grade_ibge_2022","na_bacia":1,"area_pct_bacia":100.0,"metodo_recorte_bacia":"ponto_representativo_grade_2022; area_pct_geometrica"},"geometry":{"type":"Polygon","coordinates":[[[-51.417261753427105,-29.238149004672803],[-51.41728013646905,-29.23628486835194],[-51.415288946627534,-29.236267651730696],[-51.41527054919646,-29.2381317871522],[-51.417261753427105,-29.238149004672803]]]}},{"type":"Feature","properties":{"id_grade":"200ME52598N80906","pop":16,"dom":6,"universo_dom":"domicilios_ocupados_grade_ibge_2022","na_bacia":1,"area_pct_bacia":100.0,"metodo_recorte_bacia":"ponto_representativo_grade_2022; area_pct_geometrica"},"geometry":{"type":"Polygon","coordinates":[[[-51.41327934586507,-29.238114557041072],[-51.413297757685314,-29.236250421619616],[-51.4113065687431,-29.236233178918027],[-51.41128814253369,-29.238097313440225],[-51.41327934586507,-29.238114557041072]]]}},{"type":"Feature","properties":{"id_grade":"200ME52592N80908","pop":7,"dom":3,"universo_dom":"domicilios_ocupados_grade_ibge_2022","na_bacia":1,"area_pct_bacia":100.0,"metodo_recorte_bacia":"ponto_representativo_grade_2022; area_pct_geometrica"},"geometry":{"type":"Polygon","coordinates":[[[-51.41927132631059,-29.236302072382646],[-51.419289694963425,-29.234437955846953],[-51.417298519511,-29.2344207527155],[-51.41728013646905,-29.23628486835194],[-51.41927132631059,-29.236302072382646]]]}},{"type":"Feature","properties":{"id_grade":"200ME52598N80908","pop":3,"dom":1,"universo_dom":"domicilios_ocupados_grade_ibge_2022","na_bacia":1,"area_pct_bacia":100.0,"metodo_recorte_bacia":"ponto_representativo_grade_2022; area_pct_geometrica"},"geometry":{"type":"Polygon","coordinates":[[[-51.413297757685314,-29.236250421619616],[-51.41331616860623,-29.2343863068825],[-51.411324994053196,-29.234369064180928],[-51.4113065687431,-29.236233178918027],[-51.413297757685314,-29.236250421619616]]]}},{"type":"Feature","properties":{"id_grade":"200ME52594N80910","pop":5,"dom":3,"universo_dom":"domicilios_ocupados_grade_ibge_2022","na_bacia":1,"area_pct_bacia":100.0,"metodo_recorte_bacia":"ponto_representativo_grade_2022; area_pct_geometrica"},"geometry":{"type":"Polygon","coordinates":[[[-51.417298519511,-29.2344207527155],[-51.417316902552955,-29.232556657763517],[-51.41532574148971,-29.23253944114223],[-51.41530734405865,-29.23440353699356],[-51.417298519511,-29.2344207527155]]]}},{"type":"Feature","properties":{"id_grade":"200ME52600N80892","pop":4,"dom":2,"universo_dom":"domicilios_ocupados_grade_ibge_2022","na_bacia":0,"area_pct_bacia":0.0,"metodo_recorte_bacia":"ponto_representativo_grade_2022; area_pct_geometrica"},"geometry":{"type":"Polygon","coordinates":[[[-51.411159153671974,-29.25114681627251],[-51.411177581680015,-29.24928254145608],[-51.409186293812354,-29.249265282566743],[-51.40916785141519,-29.2511295573831],[-51.411159153671974,-29.25114681627251]]]}},{"type":"Feature","properties":{"id_grade":"200ME52600N80896","pop":17,"dom":1,"universo_dom":"domicilios_ocupados_grade_ibge_2022","na_bacia":0,"area_pct_bacia":0.0,"metodo_recorte_bacia":"ponto_representativo_grade_2022; area_pct_geometrica"},"geometry":{"type":"Polygon","coordinates":[[[-51.41119600878875,-29.24741828642475],[-51.4112144367968,-29.245554052077814],[-51.409223176808105,-29.24553679408767],[-51.40920473531026,-29.247401028434716],[-51.41119600878875,-29.24741828642475]]]}},{"type":"Feature","properties":{"id_grade":"200ME52600N80898","pop":6,"dom":3,"universo_dom":"domicilios_ocupados_grade_ibge_2022","na_bacia":0,"area_pct_bacia":0.0,"metodo_recorte_bacia":"ponto_representativo_grade_2022; area_pct_geometrica"},"geometry":{"type":"Polygon","coordinates":[[[-51.4112144367968,-29.245554052077814],[-51.411232863006205,-29.243689837515962],[-51.40924161740668,-29.24367257952593],[-51.409223176808105,-29.24553679408767],[-51.4112144367968,-29.245554052077814]]]}},{"type":"Feature","properties":{"id_grade":"200ME52608N80898","pop":8,"dom":2,"universo_dom":"domicilios_ocupados_grade_ibge_2022","na_bacia":0,"area_pct_bacia":0.0,"metodo_recorte_bacia":"ponto_representativo_grade_2022; area_pct_geometrica"},"geometry":{"type":"Polygon","coordinates":[[[-51.40324939954014,-29.245484940077812],[-51.403267882406794,-29.243620726415383],[-51.401276638605964,-29.243603415365286],[-51.401258140450814,-29.24546762902774],[-51.40324939954014,-29.245484940077812]]]}},{"type":"Feature","properties":{"id_grade":"200ME52600N80900","pop":3,"dom":2,"universo_dom":"domicilios_ocupados_grade_ibge_2022","na_bacia":0,"area_pct_bacia":0.0,"metodo_recorte_bacia":"ponto_representativo_grade_2022; area_pct_geometrica"},"geometry":{"type":"Polygon","coordinates":[[[-51.411232863006205,-29.243689837515962],[-51.41125129011493,-29.241825642739233],[-51.40926005890458,-29.24180838564845],[-51.40924161740668,-29.24367257952593],[-51.411232863006205,-29.243689837515962]]]}},{"type":"Feature","properties":{"id_grade":"200ME52602N80900","pop":4,"dom":1,"universo_dom":"domicilios_ocupados_grade_ibge_2022","na_bacia":0,"area_pct_bacia":0.0,"metodo_recorte_bacia":"ponto_representativo_grade_2022; area_pct_geometrica"},"geometry":{"type":"Polygon","coordinates":[[[-51.40924161740668,-29.24367257952593],[-51.40926005890458,-29.24180838564845],[-51.40726882769422,-29.241791114168556],[-51.40725037270647,-29.243655308945335],[-51.40924161740668,-29.24367257952593]]]}},{"type":"Feature","properties":{"id_grade":"200ME52600N80902","pop":5,"dom":2,"universo_dom":"domicilios_ocupados_grade_ibge_2022","na_bacia":0,"area_pct_bacia":5.4213,"metodo_recorte_bacia":"ponto_representativo_grade_2022; area_pct_geometrica"},"geometry":{"type":"Polygon","coordinates":[[[-51.41125129011493,-29.241825642739233],[-51.411269716324284,-29.23996146774749],[-51.4092784995031,-29.239944210656706],[-51.40926005890458,-29.24180838564845],[-51.41125129011493,-29.241825642739233]]]}},{"type":"Feature","properties":{"id_grade":"200ME52602N80902","pop":45,"dom":19,"universo_dom":"domicilios_ocupados_grade_ibge_2022","na_bacia":0,"area_pct_bacia":2.5315,"metodo_recorte_bacia":"ponto_representativo_grade_2022; area_pct_geometrica"},"geometry":{"type":"Polygon","coordinates":[[[-51.40926005890458,-29.24180838564845],[-51.4092784995031,-29.239944210656706],[-51.40728728268192,-29.239926940076224],[-51.40726882769422,-29.241791114168556],[-51.40926005890458,-29.24180838564845]]]}},{"type":"Feature","properties":{"id_grade":"200ME52602N80904","pop":8,"dom":4,"universo_dom":"domicilios_ocupados_grade_ibge_2022","na_bacia":1,"area_pct_bacia":84.355,"metodo_recorte_bacia":"ponto_representativo_grade_2022; area_pct_geometrica"},"geometry":{"type":"Polygon","coordinates":[[[-51.4092784995031,-29.239944210656706],[-51.40929693920236,-29.238080056349446],[-51.407305736770304,-29.238062786668245],[-51.40728728268192,-29.239926940076224],[-51.4092784995031,-29.239944210656706]]]}},{"type":"Feature","properties":{"id_grade":"200ME52604N80904","pop":6,"dom":2,"universo_dom":"domicilios_ocupados_grade_ibge_2022","na_bacia":0,"area_pct_bacia":14.3472,"metodo_recorte_bacia":"ponto_representativo_grade_2022; area_pct_geometrica"},"geometry":{"type":"Polygon","coordinates":[[[-51.40728728268192,-29.239926940076224],[-51.407305736770304,-29.238062786668245],[-51.405314534338224,-29.238045502597757],[-51.40529606586068,-29.239909656905024],[-51.40728728268192,-29.239926940076224]]]}},{"type":"Feature","properties":{"id_grade":"200ME52604N80906","pop":10,"dom":3,"universo_dom":"domicilios_ocupados_grade_ibge_2022","na_bacia":1,"area_pct_bacia":92.8732,"metodo_recorte_bacia":"ponto_representativo_grade_2022; area_pct_geometrica"},"geometry":{"type":"Polygon","coordinates":[[[-51.407305736770304,-29.238062786668245],[-51.40732419085867,-29.23619865214609],[-51.40533300281578,-29.236181368974922],[-51.405314534338224,-29.238045502597757],[-51.407305736770304,-29.238062786668245]]]}},{"type":"Feature","properties":{"id_grade":"200ME52606N80906","pop":21,"dom":7,"universo_dom":"domicilios_ocupados_grade_ibge_2022","na_bacia":0,"area_pct_bacia":33.8629,"metodo_recorte_bacia":"ponto_representativo_grade_2022; area_pct_geometrica"},"geometry":{"type":"Polygon","coordinates":[[[-51.405314534338224,-29.238045502597757],[-51.40533300281578,-29.236181368974922],[-51.40334181477289,-29.236164072313994],[-51.40332333190622,-29.238028205936903],[-51.405314534338224,-29.238045502597757]]]}},{"type":"Feature","properties":{"id_grade":"200ME52608N80906","pop":69,"dom":27,"universo_dom":"domicilios_ocupados_grade_ibge_2022","na_bacia":1,"area_pct_bacia":86.2512,"metodo_recorte_bacia":"ponto_representativo_grade_2022; area_pct_geometrica"},"geometry":{"type":"Polygon","coordinates":[[[-51.40332333190622,-29.238028205936903],[-51.40334181477289,-29.236164072313994],[-51.401350626729986,-29.2361467630626],[-51.401332130373476,-29.23801089578616],[-51.40332333190622,-29.238028205936903]]]}},{"type":"Feature","properties":{"id_grade":"200ME52606N80908","pop":13,"dom":5,"universo_dom":"domicilios_ocupados_grade_ibge_2022","na_bacia":1,"area_pct_bacia":100.0,"metodo_recorte_bacia":"ponto_representativo_grade_2022; area_pct_geometrica"},"geometry":{"type":"Polygon","coordinates":[[[-51.40533300281578,-29.236181368974922],[-51.40535147039401,-29.234317255137185],[-51.403360296740296,-29.23429995937555],[-51.40334181477289,-29.236164072313994],[-51.40533300281578,-29.236181368974922]]]}},{"type":"Feature","properties":{"id_grade":"200ME52608N80908","pop":11,"dom":5,"universo_dom":"domicilios_ocupados_grade_ibge_2022","na_bacia":1,"area_pct_bacia":100.0,"metodo_recorte_bacia":"ponto_representativo_grade_2022; area_pct_geometrica"},"geometry":{"type":"Polygon","coordinates":[[[-51.40334181477289,-29.236164072313994],[-51.403360296740296,-29.23429995937555],[-51.40136912308651,-29.234282650124154],[-51.401350626729986,-29.2361467630626],[-51.40334181477289,-29.236164072313994]]]}},{"type":"Feature","properties":{"id_grade":"200ME52606N80910","pop":46,"dom":20,"universo_dom":"domicilios_ocupados_grade_ibge_2022","na_bacia":1,"area_pct_bacia":100.0,"metodo_recorte_bacia":"ponto_representativo_grade_2022; area_pct_geometrica"},"geometry":{"type":"Polygon","coordinates":[[[-51.40535147039401,-29.234317255137185],[-51.40536993887156,-29.232453161084447],[-51.40337877870763,-29.232435865322927],[-51.403360296740296,-29.23429995937555],[-51.40535147039401,-29.234317255137185]]]}},{"type":"Feature","properties":{"id_grade":"200ME52626N80964","pop":6,"dom":2,"universo_dom":"domicilios_ocupados_grade_ibge_2022","na_bacia":1,"area_pct_bacia":100.0,"metodo_recorte_bacia":"ponto_representativo_grade_2022; area_pct_geometrica"},"geometry":{"type":"Polygon","coordinates":[[[-51.38594210954068,-29.18382025120359],[-51.385960712017216,-29.181956698542773],[-51.38396993766247,-29.181939278674747],[-51.383951320796776,-29.18380283043625],[-51.38594210954068,-29.18382025120359]]]}},{"type":"Feature","properties":{"id_grade":"200ME52628N80964","pop":6,"dom":3,"universo_dom":"domicilios_ocupados_grade_ibge_2022","na_bacia":1,"area_pct_bacia":100.0,"metodo_recorte_bacia":"ponto_representativo_grade_2022; area_pct_geometrica"},"geometry":{"type":"Polygon","coordinates":[[[-51.383951320796776,-29.18380283043625],[-51.38396993766247,-29.181939278674747],[-51.381979163307676,-29.1819218453169],[-51.38196053205286,-29.18378539707836],[-51.383951320796776,-29.18380283043625]]]}},{"type":"Feature","properties":{"id_grade":"200ME52624N80966","pop":4,"dom":3,"universo_dom":"domicilios_ocupados_grade_ibge_2022","na_bacia":1,"area_pct_bacia":100.0,"metodo_recorte_bacia":"ponto_representativo_grade_2022; area_pct_geometrica"},"geometry":{"type":"Polygon","coordinates":[[[-51.38795148637195,-29.181974104920975],[-51.3879700744593,-29.18011057204524],[-51.38597931359442,-29.180093165666953],[-51.385960712017216,-29.181956698542773],[-51.38795148637195,-29.181974104920975]]]}},{"type":"Feature","properties":{"id_grade":"200ME52626N80966","pop":29,"dom":11,"universo_dom":"domicilios_ocupados_grade_ibge_2022","na_bacia":1,"area_pct_bacia":100.0,"metodo_recorte_bacia":"ponto_representativo_grade_2022; area_pct_geometrica"},"geometry":{"type":"Polygon","coordinates":[[[-51.385960712017216,-29.181956698542773],[-51.38597931359442,-29.180093165666953],[-51.3839885536288,-29.180075745799027],[-51.38396993766247,-29.181939278674747],[-51.385960712017216,-29.181956698542773]]]}},{"type":"Feature","properties":{"id_grade":"200ME52628N80966","pop":13,"dom":5,"universo_dom":"domicilios_ocupados_grade_ibge_2022","na_bacia":1,"area_pct_bacia":100.0,"metodo_recorte_bacia":"ponto_representativo_grade_2022; area_pct_geometrica"},"geometry":{"type":"Polygon","coordinates":[[[-51.38396993766247,-29.181939278674747],[-51.3839885536288,-29.180075745799027],[-51.38199779366323,-29.180058313340485],[-51.381979163307676,-29.1819218453169],[-51.38396993766247,-29.181939278674747]]]}},{"type":"Feature","properties":{"id_grade":"200ME52628N80968","pop":5,"dom":3,"universo_dom":"domicilios_ocupados_grade_ibge_2022","na_bacia":1,"area_pct_bacia":100.0,"metodo_recorte_bacia":"ponto_representativo_grade_2022; area_pct_geometrica"},"geometry":{"type":"Polygon","coordinates":[[[-51.3839885536288,-29.180075745799027],[-51.38400716959518,-29.178212233607645],[-51.38201642401872,-29.17819480114908],[-51.38199779366323,-29.180058313340485],[-51.3839885536288,-29.180075745799027]]]}},{"type":"Feature","properties":{"id_grade":"200ME52628N80970","pop":14,"dom":7,"universo_dom":"domicilios_ocupados_grade_ibge_2022","na_bacia":1,"area_pct_bacia":100.0,"metodo_recorte_bacia":"ponto_representativo_grade_2022; area_pct_geometrica"},"geometry":{"type":"Polygon","coordinates":[[[-51.38400716959518,-29.178212233607645],[-51.384025785561505,-29.176348741201384],[-51.38203505347491,-29.176331308742874],[-51.38201642401872,-29.17819480114908],[-51.38400716959518,-29.178212233607645]]]}},{"type":"Feature","properties":{"id_grade":"200ME52624N80972","pop":13,"dom":4,"universo_dom":"domicilios_ocupados_grade_ibge_2022","na_bacia":1,"area_pct_bacia":100.0,"metodo_recorte_bacia":"ponto_representativo_grade_2022; area_pct_geometrica"},"geometry":{"type":"Polygon","coordinates":[[[-51.388007249734756,-29.176383566548306],[-51.388025836922786,-29.174520093027805],[-51.38603511922531,-29.17450268754896],[-51.3860165176481,-29.17636616017011],[-51.388007249734756,-29.176383566548306]]]}},{"type":"Feature","properties":{"id_grade":"200ME52626N80972","pop":33,"dom":12,"universo_dom":"domicilios_ocupados_grade_ibge_2022","na_bacia":1,"area_pct_bacia":100.0,"metodo_recorte_bacia":"ponto_representativo_grade_2022; area_pct_geometrica"},"geometry":{"type":"Polygon","coordinates":[[[-51.3860165176481,-29.17636616017011],[-51.38603511922531,-29.17450268754896],[-51.38404440062857,-29.17448526858017],[-51.384025785561505,-29.176348741201384],[-51.3860165176481,-29.17636616017011]]]}},{"type":"Feature","properties":{"id_grade":"200ME52628N80972","pop":33,"dom":14,"universo_dom":"domicilios_ocupados_grade_ibge_2022","na_bacia":1,"area_pct_bacia":100.0,"metodo_recorte_bacia":"ponto_representativo_grade_2022; area_pct_geometrica"},"geometry":{"type":"Polygon","coordinates":[[[-51.384025785561505,-29.176348741201384],[-51.38404440062857,-29.17448526858017],[-51.38205368383041,-29.17446783702098],[-51.38203505347491,-29.176331308742874],[-51.384025785561505,-29.176348741201384]]]}},{"type":"Feature","properties":{"id_grade":"200ME52624N80974","pop":8,"dom":2,"universo_dom":"domicilios_ocupados_grade_ibge_2022","na_bacia":1,"area_pct_bacia":100.0,"metodo_recorte_bacia":"ponto_representativo_grade_2022; area_pct_geometrica"},"geometry":{"type":"Polygon","coordinates":[[[-51.388025836922786,-29.174520093027805],[-51.388044424110824,-29.1726566401917],[-51.38605371990321,-29.172639234712868],[-51.38603511922531,-29.17450268754896],[-51.388025836922786,-29.174520093027805]]]}},{"type":"Feature","properties":{"id_grade":"200ME52626N80974","pop":23,"dom":6,"universo_dom":"domicilios_ocupados_grade_ibge_2022","na_bacia":1,"area_pct_bacia":100.0,"metodo_recorte_bacia":"ponto_representativo_grade_2022; area_pct_geometrica"},"geometry":{"type":"Polygon","coordinates":[[[-51.38603511922531,-29.17450268754896],[-51.38605371990321,-29.172639234712868],[-51.384063016594894,-29.17262181664349],[-51.38404440062857,-29.17448526858017],[-51.38603511922531,-29.17450268754896]]]}},{"type":"Feature","properties":{"id_grade":"200ME52628N80974","pop":15,"dom":5,"universo_dom":"domicilios_ocupados_grade_ibge_2022","na_bacia":1,"area_pct_bacia":100.0,"metodo_recorte_bacia":"ponto_representativo_grade_2022; area_pct_geometrica"},"geometry":{"type":"Polygon","coordinates":[[[-51.38404440062857,-29.17448526858017],[-51.384063016594894,-29.17262181664349],[-51.38207231238727,-29.17260438418494],[-51.38205368383041,-29.17446783702098],[-51.38404440062857,-29.17448526858017]]]}},{"type":"Feature","properties":{"id_grade":"200ME52624N80976","pop":2,"dom":1,"universo_dom":"domicilios_ocupados_grade_ibge_2022","na_bacia":1,"area_pct_bacia":100.0,"metodo_recorte_bacia":"ponto_representativo_grade_2022; area_pct_geometrica"},"geometry":{"type":"Polygon","coordinates":[[[-51.388044424110824,-29.1726566401917],[-51.38806301039955,-29.170793206241456],[-51.38607232058109,-29.170775801661897],[-51.38605371990321,-29.172639234712868],[-51.388044424110824,-29.1726566401917]]]}},{"type":"Feature","properties":{"id_grade":"200ME52628N80976","pop":14,"dom":5,"universo_dom":"domicilios_ocupados_grade_ibge_2022","na_bacia":1,"area_pct_bacia":100.0,"metodo_recorte_bacia":"ponto_representativo_grade_2022; area_pct_geometrica"},"geometry":{"type":"Polygon","coordinates":[[[-51.384063016594894,-29.17262181664349],[-51.38408163166196,-29.170758383592442],[-51.38209094184345,-29.170740952033288],[-51.38207231238727,-29.17260438418494],[-51.384063016594894,-29.17262181664349]]]}},{"type":"Feature","properties":{"id_grade":"200ME52624N80978","pop":1,"dom":1,"universo_dom":"domicilios_ocupados_grade_ibge_2022","na_bacia":1,"area_pct_bacia":100.0,"metodo_recorte_bacia":"ponto_representativo_grade_2022; area_pct_geometrica"},"geometry":{"type":"Polygon","coordinates":[[[-51.38806301039955,-29.170793206241456],[-51.38808159668832,-29.16892979297553],[-51.38609092125899,-29.168912388395924],[-51.38607232058109,-29.170775801661897],[-51.38806301039955,-29.170793206241456]]]}},{"type":"Feature","properties":{"id_grade":"200ME52624N80980","pop":5,"dom":2,"universo_dom":"domicilios_ocupados_grade_ibge_2022","na_bacia":1,"area_pct_bacia":100.0,"metodo_recorte_bacia":"ponto_representativo_grade_2022; area_pct_geometrica"},"geometry":{"type":"Polygon","coordinates":[[[-51.38808159668832,-29.16892979297553],[-51.38810018297704,-29.16706639949464],[-51.38610952193687,-29.167048994915127],[-51.38609092125899,-29.168912388395924],[-51.38808159668832,-29.16892979297553]]]}},{"type":"Feature","properties":{"id_grade":"200ME52638N80892","pop":3,"dom":1,"universo_dom":"domicilios_ocupados_grade_ibge_2022","na_bacia":0,"area_pct_bacia":0.0,"metodo_recorte_bacia":"ponto_representativo_grade_2022; area_pct_geometrica"},"geometry":{"type":"Polygon","coordinates":[[[-51.37332445665828,-29.250816625686674],[-51.37334315356367,-29.248952357165543],[-51.37135187109191,-29.24893484556662],[-51.371333159797466,-29.250799114087798],[-51.37332445665828,-29.250816625686674]]]}},{"type":"Feature","properties":{"id_grade":"200ME52638N80894","pop":10,"dom":4,"universo_dom":"domicilios_ocupados_grade_ibge_2022","na_bacia":0,"area_pct_bacia":0.0,"metodo_recorte_bacia":"ponto_representativo_grade_2022; area_pct_geometrica"},"geometry":{"type":"Polygon","coordinates":[[[-51.37334315356367,-29.248952357165543],[-51.373361850468996,-29.247088108429484],[-51.371370581487106,-29.24707059772992],[-51.37135187109191,-29.24893484556662],[-51.37334315356367,-29.248952357165543]]]}},{"type":"Feature","properties":{"id_grade":"200ME52630N80896","pop":4,"dom":2,"universo_dom":"domicilios_ocupados_grade_ibge_2022","na_bacia":0,"area_pct_bacia":0.0,"metodo_recorte_bacia":"ponto_representativo_grade_2022; area_pct_geometrica"},"geometry":{"type":"Polygon","coordinates":[[[-51.38132692909448,-29.247158017228685],[-51.38134556844319,-29.24529378737836],[-51.379354312951136,-29.245276329738786],[-51.37933565921327,-29.24714055958917],[-51.38132692909448,-29.247158017228685]]]}},{"type":"Feature","properties":{"id_grade":"200ME52634N80896","pop":5,"dom":2,"universo_dom":"domicilios_ocupados_grade_ibge_2022","na_bacia":0,"area_pct_bacia":0.0,"metodo_recorte_bacia":"ponto_representativo_grade_2022; area_pct_geometrica"},"geometry":{"type":"Polygon","coordinates":[[[-51.377344389332045,-29.24712308935903],[-51.377363057459085,-29.24525885950873],[-51.375371801967056,-29.245241375788794],[-51.375353119450835,-29.247105605639153],[-51.377344389332045,-29.24712308935903]]]}},{"type":"Feature","properties":{"id_grade":"200ME52636N80896","pop":3,"dom":2,"universo_dom":"domicilios_ocupados_grade_ibge_2022","na_bacia":0,"area_pct_bacia":0.0,"metodo_recorte_bacia":"ponto_representativo_grade_2022; area_pct_geometrica"},"geometry":{"type":"Polygon","coordinates":[[[-51.375353119450835,-29.247105605639153],[-51.375371801967056,-29.245241375788794],[-51.373380547374325,-29.24522387947839],[-51.373361850468996,-29.247088108429484],[-51.375353119450835,-29.247105605639153]]]}},{"type":"Feature","properties":{"id_grade":"200ME52638N80896","pop":6,"dom":3,"universo_dom":"domicilios_ocupados_grade_ibge_2022","na_bacia":0,"area_pct_bacia":0.0,"metodo_recorte_bacia":"ponto_representativo_grade_2022; area_pct_geometrica"},"geometry":{"type":"Polygon","coordinates":[[[-51.373361850468996,-29.247088108429484],[-51.373380547374325,-29.24522387947839],[-51.3713892927816,-29.245206368778835],[-51.371370581487106,-29.24707059772992],[-51.373361850468996,-29.247088108429484]]]}},{"type":"Feature","properties":{"id_grade":"200ME52630N80898","pop":4,"dom":3,"universo_dom":"domicilios_ocupados_grade_ibge_2022","na_bacia":0,"area_pct_bacia":0.0,"metodo_recorte_bacia":"ponto_representativo_grade_2022; area_pct_geometrica"},"geometry":{"type":"Polygon","coordinates":[[[-51.38134556844319,-29.24529378737836],[-51.38136420779193,-29.243429577313133],[-51.379372966689004,-29.243412120572856],[-51.379354312951136,-29.245276329738786],[-51.38134556844319,-29.24529378737836]]]}},{"type":"Feature","properties":{"id_grade":"200ME52632N80898","pop":12,"dom":5,"universo_dom":"domicilios_ocupados_grade_ibge_2022","na_bacia":0,"area_pct_bacia":0.0,"metodo_recorte_bacia":"ponto_representativo_grade_2022; area_pct_geometrica"},"geometry":{"type":"Polygon","coordinates":[[[-51.379354312951136,-29.245276329738786],[-51.379372966689004,-29.243412120572856],[-51.37738172558613,-29.243394650342747],[-51.377363057459085,-29.24525885950873],[-51.379354312951136,-29.245276329738786]]]}},{"type":"Feature","properties":{"id_grade":"200ME52634N80898","pop":3,"dom":3,"universo_dom":"domicilios_ocupados_grade_ibge_2022","na_bacia":0,"area_pct_bacia":0.0,"metodo_recorte_bacia":"ponto_representativo_grade_2022; area_pct_geometrica"},"geometry":{"type":"Polygon","coordinates":[[[-51.377363057459085,-29.24525885950873],[-51.37738172558613,-29.243394650342747],[-51.3753904844832,-29.243377166622906],[-51.375371801967056,-29.245241375788794],[-51.377363057459085,-29.24525885950873]]]}},{"type":"Feature","properties":{"id_grade":"200ME52632N80900","pop":5,"dom":2,"universo_dom":"domicilios_ocupados_grade_ibge_2022","na_bacia":0,"area_pct_bacia":0.0,"metodo_recorte_bacia":"ponto_representativo_grade_2022; area_pct_geometrica"},"geometry":{"type":"Polygon","coordinates":[[[-51.379372966689004,-29.243412120572856],[-51.37939161952755,-29.2415479302927],[-51.37740039281386,-29.241530460961933],[-51.37738172558613,-29.243394650342747],[-51.379372966689004,-29.243412120572856]]]}},{"type":"Feature","properties":{"id_grade":"200ME52634N80900","pop":4,"dom":1,"universo_dom":"domicilios_ocupados_grade_ibge_2022","na_bacia":0,"area_pct_bacia":0.0,"metodo_recorte_bacia":"ponto_representativo_grade_2022; area_pct_geometrica"},"geometry":{"type":"Polygon","coordinates":[[[-51.37738172558613,-29.243394650342747],[-51.37740039281386,-29.241530460961933],[-51.3754091661001,-29.241512978141362],[-51.3753904844832,-29.243377166622906],[-51.37738172558613,-29.243394650342747]]]}},{"type":"Feature","properties":{"id_grade":"200ME52638N80900","pop":3,"dom":1,"universo_dom":"domicilios_ocupados_grade_ibge_2022","na_bacia":0,"area_pct_bacia":0.0,"metodo_recorte_bacia":"ponto_representativo_grade_2022; area_pct_geometrica"},"geometry":{"type":"Polygon","coordinates":[[[-51.373399243380334,-29.243359670312444],[-51.37341793938635,-29.241495481830952],[-51.371426712672594,-29.241477972030754],[-51.37140800317678,-29.243342160512267],[-51.373399243380334,-29.243359670312444]]]}},{"type":"Feature","properties":{"id_grade":"200ME52630N80910","pop":3,"dom":2,"universo_dom":"domicilios_ocupados_grade_ibge_2022","na_bacia":1,"area_pct_bacia":100.0,"metodo_recorte_bacia":"ponto_representativo_grade_2022; area_pct_geometrica"},"geometry":{"type":"Polygon","coordinates":[[[-51.38145740183757,-29.23410882736044],[-51.381476039387685,-29.232244736905034],[-51.37948488282103,-29.232227281963375],[-51.3794662308818,-29.23409137151948],[-51.38145740183757,-29.23410882736044]]]}},{"type":"Feature","properties":{"id_grade":"200ME52634N80910","pop":2,"dom":1,"universo_dom":"domicilios_ocupados_grade_ibge_2022","na_bacia":0,"area_pct_bacia":45.6387,"metodo_recorte_bacia":"ponto_representativo_grade_2022; area_pct_geometrica"},"geometry":{"type":"Polygon","coordinates":[[[-51.377475060825354,-29.234073903088056],[-51.37749372715376,-29.232209813532055],[-51.375502570587116,-29.232192332510007],[-51.3754838898696,-29.234056421166883],[-51.377475060825354,-29.234073903088056]]]}},{"type":"Feature","properties":{"id_grade":"200ME52636N80910","pop":3,"dom":1,"universo_dom":"domicilios_ocupados_grade_ibge_2022","na_bacia":0,"area_pct_bacia":0.0,"metodo_recorte_bacia":"ponto_representativo_grade_2022; area_pct_geometrica"},"geometry":{"type":"Polygon","coordinates":[[[-51.3754838898696,-29.234056421166883],[-51.375502570587116,-29.232192332510007],[-51.37351141491985,-29.232174837099038],[-51.37349272071248,-29.23403892665511],[-51.3754838898696,-29.234056421166883]]]}},{"type":"Feature","properties":{"id_grade":"200ME52630N80912","pop":7,"dom":3,"universo_dom":"domicilios_ocupados_grade_ibge_2022","na_bacia":1,"area_pct_bacia":100.0,"metodo_recorte_bacia":"ponto_representativo_grade_2022; area_pct_geometrica"},"geometry":{"type":"Polygon","coordinates":[[[-51.381476039387685,-29.232244736905034],[-51.381494676937734,-29.230380666234673],[-51.37950353476026,-29.230363212192472],[-51.37948488282103,-29.232227281963375],[-51.381476039387685,-29.232244736905034]]]}},{"type":"Feature","properties":{"id_grade":"200ME52632N80912","pop":1,"dom":1,"universo_dom":"domicilios_ocupados_grade_ibge_2022","na_bacia":1,"area_pct_bacia":100.0,"metodo_recorte_bacia":"ponto_representativo_grade_2022; area_pct_geometrica"},"geometry":{"type":"Polygon","coordinates":[[[-51.37948488282103,-29.232227281963375],[-51.37950353476026,-29.230363212192472],[-51.37751239258278,-29.230345743760928],[-51.37749372715376,-29.232209813532055],[-51.37948488282103,-29.232227281963375]]]}},{"type":"Feature","properties":{"id_grade":"200ME52634N80912","pop":2,"dom":1,"universo_dom":"domicilios_ocupados_grade_ibge_2022","na_bacia":1,"area_pct_bacia":92.7731,"metodo_recorte_bacia":"ponto_representativo_grade_2022; area_pct_geometrica"},"geometry":{"type":"Polygon","coordinates":[[[-51.37749372715376,-29.232209813532055],[-51.37751239258278,-29.230345743760928],[-51.37552125130469,-29.230328262739146],[-51.375502570587116,-29.232192332510007],[-51.37749372715376,-29.232209813532055]]]}},{"type":"Feature","properties":{"id_grade":"200ME52638N80912","pop":2,"dom":2,"universo_dom":"domicilios_ocupados_grade_ibge_2022","na_bacia":1,"area_pct_bacia":71.4672,"metodo_recorte_bacia":"ponto_representativo_grade_2022; area_pct_geometrica"},"geometry":{"type":"Polygon","coordinates":[[[-51.37351141491985,-29.232174837099038],[-51.373530109127216,-29.230310768227366],[-51.371538967849055,-29.230293261125016],[-51.37152025925252,-29.232157329097394],[-51.37351141491985,-29.232174837099038]]]}},{"type":"Feature","properties":{"id_grade":"200ME52638N80914","pop":7,"dom":2,"universo_dom":"domicilios_ocupados_grade_ibge_2022","na_bacia":1,"area_pct_bacia":100.0,"metodo_recorte_bacia":"ponto_representativo_grade_2022; area_pct_geometrica"},"geometry":{"type":"Polygon","coordinates":[[[-51.373530109127216,-29.230310768227366],[-51.37354880333459,-29.22844672004007],[-51.371557676445555,-29.228429212038442],[-51.371538967849055,-29.230293261125016],[-51.373530109127216,-29.230310768227366]]]}},{"type":"Feature","properties":{"id_grade":"200ME52638N80918","pop":9,"dom":3,"universo_dom":"domicilios_ocupados_grade_ibge_2022","na_bacia":1,"area_pct_bacia":100.0,"metodo_recorte_bacia":"ponto_representativo_grade_2022; area_pct_geometrica"},"geometry":{"type":"Polygon","coordinates":[[[-51.37356749754195,-29.226582690738525],[-51.37358619085001,-29.224718682121424],[-51.37159509184,-29.22470117501922],[-51.37157638414277,-29.22656518363632],[-51.37356749754195,-29.226582690738525]]]}},{"type":"Feature","properties":{"id_grade":"200ME52638N80922","pop":3,"dom":1,"universo_dom":"domicilios_ocupados_grade_ibge_2022","na_bacia":1,"area_pct_bacia":100.0,"metodo_recorte_bacia":"ponto_representativo_grade_2022; area_pct_geometrica"},"geometry":{"type":"Polygon","coordinates":[[[-51.373604884158055,-29.222854692390186],[-51.373623576566786,-29.220990723343185],[-51.37163250633506,-29.22097321714021],[-51.37161379953716,-29.22283718618711],[-51.373604884158055,-29.222854692390186]]]}},{"type":"Feature","properties":{"id_grade":"200ME52636N80926","pop":4,"dom":2,"universo_dom":"domicilios_ocupados_grade_ibge_2022","na_bacia":1,"area_pct_bacia":100.0,"metodo_recorte_bacia":"ponto_representativo_grade_2022; area_pct_geometrica"},"geometry":{"type":"Polygon","coordinates":[[[-51.37563332661671,-29.219144266794373],[-51.37565200463626,-29.21728033731774],[-51.373660962283566,-29.217262845503804],[-51.373642269874836,-29.219126774980634],[-51.37563332661671,-29.219144266794373]]]}},{"type":"Feature","properties":{"id_grade":"200ME52630N80928","pop":8,"dom":3,"universo_dom":"domicilios_ocupados_grade_ibge_2022","na_bacia":1,"area_pct_bacia":100.0,"metodo_recorte_bacia":"ponto_representativo_grade_2022; area_pct_geometrica"},"geometry":{"type":"Polygon","coordinates":[[[-51.38162513349306,-29.217332734518035],[-51.38164376924454,-29.215468824826388],[-51.37965273948231,-29.215451372582724],[-51.37963409024104,-29.217315282274377],[-51.38162513349306,-29.217332734518035]]]}},{"type":"Feature","properties":{"id_grade":"200ME52632N80928","pop":5,"dom":2,"universo_dom":"domicilios_ocupados_grade_ibge_2022","na_bacia":1,"area_pct_bacia":100.0,"metodo_recorte_bacia":"ponto_representativo_grade_2022; area_pct_geometrica"},"geometry":{"type":"Polygon","coordinates":[[[-51.37963409024104,-29.217315282274377],[-51.37965273948231,-29.215451372582724],[-51.377661711518726,-29.215433906849245],[-51.37764304698896,-29.217297816540952],[-51.37963409024104,-29.217315282274377]]]}},{"type":"Feature","properties":{"id_grade":"200ME52638N80928","pop":13,"dom":4,"universo_dom":"domicilios_ocupados_grade_ibge_2022","na_bacia":1,"area_pct_bacia":100.0,"metodo_recorte_bacia":"ponto_representativo_grade_2022; area_pct_geometrica"},"geometry":{"type":"Polygon","coordinates":[[[-51.373660962283566,-29.217262845503804],[-51.373679654692296,-29.215398935812235],[-51.37168862672871,-29.2153814314079],[-51.37166991993081,-29.217245340200172],[-51.373660962283566,-29.217262845503804]]]}},{"type":"Feature","properties":{"id_grade":"200ME52630N80930","pop":4,"dom":2,"universo_dom":"domicilios_ocupados_grade_ibge_2022","na_bacia":1,"area_pct_bacia":100.0,"metodo_recorte_bacia":"ponto_representativo_grade_2022; area_pct_geometrica"},"geometry":{"type":"Polygon","coordinates":[[[-51.38164376924454,-29.215468824826388],[-51.38166240409663,-29.213604934020424],[-51.37967138962291,-29.213587481776823],[-51.37965273948231,-29.215451372582724],[-51.38164376924454,-29.215468824826388]]]}},{"type":"Feature","properties":{"id_grade":"200ME52634N80930","pop":7,"dom":2,"universo_dom":"domicilios_ocupados_grade_ibge_2022","na_bacia":1,"area_pct_bacia":100.0,"metodo_recorte_bacia":"ponto_representativo_grade_2022; area_pct_geometrica"},"geometry":{"type":"Polygon","coordinates":[[[-51.377661711518726,-29.215433906849245],[-51.37768037424985,-29.213570016942697],[-51.37568936067544,-29.213552538618806],[-51.37567068265582,-29.215416428525337],[-51.377661711518726,-29.215433906849245]]]}},{"type":"Feature","properties":{"id_grade":"200ME52636N80940","pop":2,"dom":1,"universo_dom":"domicilios_ocupados_grade_ibge_2022","na_bacia":1,"area_pct_bacia":100.0,"metodo_recorte_bacia":"ponto_representativo_grade_2022; area_pct_geometrica"},"geometry":{"type":"Polygon","coordinates":[[[-51.37576406915644,-29.20609717954111],[-51.37578274537737,-29.204233390358628],[-51.37379180195006,-29.204215900343414],[-51.373773111339965,-29.20607968952608],[-51.37576406915644,-29.20609717954111]]]}},{"type":"Feature","properties":{"id_grade":"200ME52634N80962","pop":3,"dom":1,"universo_dom":"domicilios_ocupados_grade_ibge_2022","na_bacia":1,"area_pct_bacia":100.0,"metodo_recorte_bacia":"ponto_representativo_grade_2022; area_pct_geometrica"},"geometry":{"type":"Polygon","coordinates":[[[-51.37796029722989,-29.185614061439775],[-51.37797895636368,-29.183750489893107],[-51.37598816851914,-29.183733016965117],[-51.37596949499613,-29.185596587612388],[-51.37796029722989,-29.185614061439775]]]}},{"type":"Feature","properties":{"id_grade":"200ME52638N80962","pop":4,"dom":2,"universo_dom":"domicilios_ocupados_grade_ibge_2022","na_bacia":1,"area_pct_bacia":100.0,"metodo_recorte_bacia":"ponto_representativo_grade_2022; area_pct_geometrica"},"geometry":{"type":"Polygon","coordinates":[[[-51.37397869366175,-29.1855791002952],[-51.37399738157387,-29.183715529647987],[-51.37200659372928,-29.18369802974032],[-51.37198789232736,-29.185561600387533],[-51.37397869366175,-29.1855791002952]]]}},{"type":"Feature","properties":{"id_grade":"200ME52630N80964","pop":38,"dom":12,"universo_dom":"domicilios_ocupados_grade_ibge_2022","na_bacia":1,"area_pct_bacia":100.0,"metodo_recorte_bacia":"ponto_representativo_grade_2022; area_pct_geometrica"},"geometry":{"type":"Polygon","coordinates":[[[-51.38196053205286,-29.18378539707836],[-51.381979163307676,-29.1819218453169],[-51.37998838895294,-29.18190439846917],[-51.37996974420827,-29.183767950230685],[-51.38196053205286,-29.18378539707836]]]}},{"type":"Feature","properties":{"id_grade":"200ME52632N80964","pop":8,"dom":5,"universo_dom":"domicilios_ocupados_grade_ibge_2022","na_bacia":1,"area_pct_bacia":100.0,"metodo_recorte_bacia":"ponto_representativo_grade_2022; area_pct_geometrica"},"geometry":{"type":"Polygon","coordinates":[[[-51.37996974420827,-29.183767950230685],[-51.37998838895294,-29.18190439846917],[-51.37799761549752,-29.181886939030953],[-51.37797895636368,-29.183750489893107],[-51.37996974420827,-29.183767950230685]]]}},{"type":"Feature","properties":{"id_grade":"200ME52630N80966","pop":2,"dom":1,"universo_dom":"domicilios_ocupados_grade_ibge_2022","na_bacia":1,"area_pct_bacia":100.0,"metodo_recorte_bacia":"ponto_representativo_grade_2022; area_pct_geometrica"},"geometry":{"type":"Polygon","coordinates":[[[-51.381979163307676,-29.1819218453169],[-51.38199779366323,-29.180058313340485],[-51.3800070336976,-29.180040867392034],[-51.37998838895294,-29.18190439846917],[-51.381979163307676,-29.1819218453169]]]}},{"type":"Feature","properties":{"id_grade":"200ME52632N80966","pop":43,"dom":12,"universo_dom":"domicilios_ocupados_grade_ibge_2022","na_bacia":1,"area_pct_bacia":100.0,"metodo_recorte_bacia":"ponto_representativo_grade_2022; area_pct_geometrica"},"geometry":{"type":"Polygon","coordinates":[[[-51.37998838895294,-29.18190439846917],[-51.3800070336976,-29.180040867392034],[-51.37801627373199,-29.180023407953794],[-51.37799761549752,-29.181886939030953],[-51.37998838895294,-29.18190439846917]]]}},{"type":"Feature","properties":{"id_grade":"200ME52632N80968","pop":3,"dom":1,"universo_dom":"domicilios_ocupados_grade_ibge_2022","na_bacia":1,"area_pct_bacia":100.0,"metodo_recorte_bacia":"ponto_representativo_grade_2022; area_pct_geometrica"},"geometry":{"type":"Polygon","coordinates":[[[-51.3800070336976,-29.180040867392034],[-51.38002567844228,-29.178177355200738],[-51.37803493286583,-29.178159895762523],[-51.37801627373199,-29.180023407953794],[-51.3800070336976,-29.180040867392034]]]}},{"type":"Feature","properties":{"id_grade":"200ME52634N80968","pop":3,"dom":1,"universo_dom":"domicilios_ocupados_grade_ibge_2022","na_bacia":1,"area_pct_bacia":100.0,"metodo_recorte_bacia":"ponto_representativo_grade_2022; area_pct_geometrica"},"geometry":{"type":"Polygon","coordinates":[[[-51.37801627373199,-29.180023407953794],[-51.37803493286583,-29.178159895762523],[-51.37604418728938,-29.178142423733867],[-51.37602551466575,-29.180005935025893],[-51.37801627373199,-29.180023407953794]]]}},{"type":"Feature","properties":{"id_grade":"200ME52636N80968","pop":1,"dom":1,"universo_dom":"domicilios_ocupados_grade_ibge_2022","na_bacia":1,"area_pct_bacia":100.0,"metodo_recorte_bacia":"ponto_representativo_grade_2022; area_pct_geometrica"},"geometry":{"type":"Polygon","coordinates":[[[-51.37602551466575,-29.180005935025893],[-51.37604418728938,-29.178142423733867],[-51.37405344261225,-29.178124938215234],[-51.37403475559944,-29.179988448607975],[-51.37602551466575,-29.180005935025893]]]}},{"type":"Feature","properties":{"id_grade":"200ME52630N80970","pop":31,"dom":12,"universo_dom":"domicilios_ocupados_grade_ibge_2022","na_bacia":1,"area_pct_bacia":100.0,"metodo_recorte_bacia":"ponto_representativo_grade_2022; area_pct_geometrica"},"geometry":{"type":"Polygon","coordinates":[[[-51.38201642401872,-29.17819480114908],[-51.38203505347491,-29.176331308742874],[-51.380044322287574,-29.176313863693807],[-51.38002567844228,-29.178177355200738],[-51.38201642401872,-29.17819480114908]]]}},{"type":"Feature","properties":{"id_grade":"200ME52636N80970","pop":9,"dom":3,"universo_dom":"domicilios_ocupados_grade_ibge_2022","na_bacia":1,"area_pct_bacia":100.0,"metodo_recorte_bacia":"ponto_representativo_grade_2022; area_pct_geometrica"},"geometry":{"type":"Polygon","coordinates":[[[-51.37604418728938,-29.178142423733867],[-51.37606285991303,-29.176278932226918],[-51.37407212962506,-29.176261446708406],[-51.37405344261225,-29.178124938215234],[-51.37604418728938,-29.178142423733867]]]}},{"type":"Feature","properties":{"id_grade":"200ME52630N80972","pop":29,"dom":9,"universo_dom":"domicilios_ocupados_grade_ibge_2022","na_bacia":1,"area_pct_bacia":100.0,"metodo_recorte_bacia":"ponto_representativo_grade_2022; area_pct_geometrica"},"geometry":{"type":"Polygon","coordinates":[[[-51.38203505347491,-29.176331308742874],[-51.38205368383041,-29.17446783702098],[-51.380062966132925,-29.174450391971934],[-51.380044322287574,-29.176313863693807],[-51.38203505347491,-29.176331308742874]]]}},{"type":"Feature","properties":{"id_grade":"200ME52630N80974","pop":13,"dom":4,"universo_dom":"domicilios_ocupados_grade_ibge_2022","na_bacia":1,"area_pct_bacia":100.0,"metodo_recorte_bacia":"ponto_representativo_grade_2022; area_pct_geometrica"},"geometry":{"type":"Polygon","coordinates":[[[-51.38205368383041,-29.17446783702098],[-51.38207231238727,-29.17260438418494],[-51.380081609978276,-29.172586939135943],[-51.380062966132925,-29.174450391971934],[-51.38205368383041,-29.17446783702098]]]}},{"type":"Feature","properties":{"id_grade":"200ME52638N80974","pop":3,"dom":1,"universo_dom":"domicilios_ocupados_grade_ibge_2022","na_bacia":1,"area_pct_bacia":100.0,"metodo_recorte_bacia":"ponto_representativo_grade_2022; area_pct_geometrica"},"geometry":{"type":"Polygon","coordinates":[[[-51.37409081573849,-29.174397975885853],[-51.37410950185199,-29.172534524848402],[-51.372118799443,-29.172517026739325],[-51.37210009894039,-29.174380477776786],[-51.37409081573849,-29.174397975885853]]]}},{"type":"Feature","properties":{"id_grade":"200ME52630N81012","pop":3,"dom":1,"universo_dom":"domicilios_ocupados_grade_ibge_2022","na_bacia":1,"area_pct_bacia":100.0,"metodo_recorte_bacia":"ponto_representativo_grade_2022; area_pct_geometrica"},"geometry":{"type":"Polygon","coordinates":[[[-51.38240759763249,-29.139065638868075],[-51.382426221692754,-29.13720256374728],[-51.380435787281726,-29.137185124993486],[-51.380417148832294,-29.13904819921493],[-51.38240759763249,-29.139065638868075]]]}},{"type":"Feature","properties":{"id_grade":"200ME52636N81012","pop":2,"dom":1,"universo_dom":"domicilios_ocupados_grade_ibge_2022","na_bacia":1,"area_pct_bacia":100.0,"metodo_recorte_bacia":"ponto_representativo_grade_2022; area_pct_geometrica"},"geometry":{"type":"Polygon","coordinates":[[[-51.37643625303059,-29.139013280338553],[-51.37645492025831,-29.137150206117127],[-51.374464486746604,-29.137132727793123],[-51.37444580602909,-29.13899580201467],[-51.37643625303059,-29.139013280338553]]]}},{"type":"Feature","properties":{"id_grade":"200ME52638N81012","pop":7,"dom":2,"universo_dom":"domicilios_ocupados_grade_ibge_2022","na_bacia":1,"area_pct_bacia":100.0,"metodo_recorte_bacia":"ponto_representativo_grade_2022; area_pct_geometrica"},"geometry":{"type":"Polygon","coordinates":[[[-51.37444580602909,-29.13899580201467],[-51.374464486746604,-29.137132727793123],[-51.37247405413427,-29.137115235979312],[-51.37245535902759,-29.138978309301447],[-51.37444580602909,-29.13899580201467]]]}},{"type":"Feature","properties":{"id_grade":"200ME52638N81014","pop":3,"dom":1,"universo_dom":"domicilios_ocupados_grade_ibge_2022","na_bacia":1,"area_pct_bacia":100.0,"metodo_recorte_bacia":"ponto_representativo_grade_2022; area_pct_geometrica"},"geometry":{"type":"Polygon","coordinates":[[[-51.374464486746604,-29.137132727793123],[-51.37448316746417,-29.13526967335669],[-51.37249274834164,-29.135252181542892],[-51.37247405413427,-29.137115235979312],[-51.374464486746604,-29.137132727793123]]]}},{"type":"Feature","properties":{"id_grade":"200ME52630N81016","pop":3,"dom":1,"universo_dom":"domicilios_ocupados_grade_ibge_2022","na_bacia":1,"area_pct_bacia":100.0,"metodo_recorte_bacia":"ponto_representativo_grade_2022; area_pct_geometrica"},"geometry":{"type":"Polygon","coordinates":[[[-51.382444845753014,-29.1353395084116],[-51.38246346981322,-29.133476472860913],[-51.380473064180535,-29.133459034107123],[-51.3804544257311,-29.13532206965771],[-51.382444845753014,-29.1353395084116]]]}},{"type":"Feature","properties":{"id_grade":"200ME52630N81018","pop":11,"dom":2,"universo_dom":"domicilios_ocupados_grade_ibge_2022","na_bacia":1,"area_pct_bacia":100.0,"metodo_recorte_bacia":"ponto_representativo_grade_2022; area_pct_geometrica"},"geometry":{"type":"Polygon","coordinates":[[[-51.38246346981322,-29.133476472860913],[-51.382482092974165,-29.13161345709534],[-51.38049170173059,-29.131596019240895],[-51.380473064180535,-29.133459034107123],[-51.38246346981322,-29.133476472860913]]]}},{"type":"Feature","properties":{"id_grade":"200ME52632N81018","pop":4,"dom":1,"universo_dom":"domicilios_ocupados_grade_ibge_2022","na_bacia":1,"area_pct_bacia":100.0,"metodo_recorte_bacia":"ponto_representativo_grade_2022; area_pct_geometrica"},"geometry":{"type":"Polygon","coordinates":[[[-51.380473064180535,-29.133459034107123],[-51.38049170173059,-29.131596019240895],[-51.378501310487025,-29.131578567896632],[-51.378482658547796,-29.133441582762813],[-51.380473064180535,-29.133459034107123]]]}},{"type":"Feature","properties":{"id_grade":"200ME52638N81018","pop":3,"dom":1,"universo_dom":"domicilios_ocupados_grade_ibge_2022","na_bacia":1,"area_pct_bacia":100.0,"metodo_recorte_bacia":"ponto_representativo_grade_2022; area_pct_geometrica"},"geometry":{"type":"Polygon","coordinates":[[[-51.374501848181694,-29.13340663960465],[-51.37452052799995,-29.13154362473851],[-51.3725301376557,-29.13152613382392],[-51.37251144344833,-29.133389147790908],[-51.374501848181694,-29.13340663960465]]]}},{"type":"Feature","properties":{"id_grade":"200ME52632N81020","pop":3,"dom":1,"universo_dom":"domicilios_ocupados_grade_ibge_2022","na_bacia":1,"area_pct_bacia":100.0,"metodo_recorte_bacia":"ponto_representativo_grade_2022; area_pct_geometrica"},"geometry":{"type":"Polygon","coordinates":[[[-51.38049170173059,-29.131596019240895],[-51.38051033928071,-29.12973302326037],[-51.378519961526926,-29.129715571916027],[-51.378501310487025,-29.131578567896632],[-51.38049170173059,-29.131596019240895]]]}},{"type":"Feature","properties":{"id_grade":"200ME52638N81020","pop":14,"dom":5,"universo_dom":"domicilios_ocupados_grade_ibge_2022","na_bacia":1,"area_pct_bacia":100.0,"metodo_recorte_bacia":"ponto_representativo_grade_2022; area_pct_geometrica"},"geometry":{"type":"Polygon","coordinates":[[[-51.37452052799995,-29.13154362473851],[-51.374539208717465,-29.12968063055662],[-51.37254883186307,-29.129663139642147],[-51.3725301376557,-29.13152613382392],[-51.37452052799995,-29.13154362473851]]]}},{"type":"Feature","properties":{"id_grade":"200ME52640N80882","pop":1,"dom":1,"universo_dom":"domicilios_ocupados_grade_ibge_2022","na_bacia":0,"area_pct_bacia":0.0,"metodo_recorte_bacia":"ponto_representativo_grade_2022; area_pct_geometrica"},"geometry":{"type":"Polygon","coordinates":[[[-51.37123959972769,-29.260120757067174],[-51.37125831282082,-29.258256388721342],[-51.36926695840339,-29.25823886273332],[-51.36924823182039,-29.260103231079192],[-51.37123959972769,-29.260120757067174]]]}},{"type":"Feature","properties":{"id_grade":"200ME52642N80884","pop":7,"dom":3,"universo_dom":"domicilios_ocupados_grade_ibge_2022","na_bacia":0,"area_pct_bacia":0.0,"metodo_recorte_bacia":"ponto_representativo_grade_2022; area_pct_geometrica"},"geometry":{"type":"Polygon","coordinates":[[[-51.36926695840339,-29.25823886273332],[-51.36928568498632,-29.256374514172393],[-51.367294345857324,-29.256356975593842],[-51.36727560578453,-29.258221324154817],[-51.36926695840339,-29.25823886273332]]]}},{"type":"Feature","properties":{"id_grade":"200ME52644N80884","pop":5,"dom":2,"universo_dom":"domicilios_ocupados_grade_ibge_2022","na_bacia":0,"area_pct_bacia":0.0,"metodo_recorte_bacia":"ponto_representativo_grade_2022; area_pct_geometrica"},"geometry":{"type":"Polygon","coordinates":[[[-51.36727560578453,-29.258221324154817],[-51.367294345857324,-29.256356975593842],[-51.36530300672831,-29.256339424424937],[-51.3652842522664,-29.25820377208638],[-51.36727560578453,-29.258221324154817]]]}},{"type":"Feature","properties":{"id_grade":"200ME52648N80884","pop":5,"dom":2,"universo_dom":"domicilios_ocupados_grade_ibge_2022","na_bacia":0,"area_pct_bacia":0.0,"metodo_recorte_bacia":"ponto_representativo_grade_2022; area_pct_geometrica"},"geometry":{"type":"Polygon","coordinates":[[[-51.36329289964755,-29.258186206528176],[-51.36331166849868,-29.256321858866617],[-51.361320330268995,-29.256304280717927],[-51.361301547028745,-29.25816862748008],[-51.36329289964755,-29.258186206528176]]]}},{"type":"Feature","properties":{"id_grade":"200ME52646N80888","pop":2,"dom":1,"universo_dom":"domicilios_ocupados_grade_ibge_2022","na_bacia":0,"area_pct_bacia":0.0,"metodo_recorte_bacia":"ponto_representativo_grade_2022; area_pct_geometrica"},"geometry":{"type":"Polygon","coordinates":[[[-51.36532176119027,-29.25447509654841],[-51.36534051565224,-29.25261078935643],[-51.36334920530152,-29.25259322469746],[-51.36333043734976,-29.25445753188955],[-51.36532176119027,-29.25447509654841]]]}},{"type":"Feature","properties":{"id_grade":"200ME52648N80888","pop":1,"dom":1,"universo_dom":"domicilios_ocupados_grade_ibge_2022","na_bacia":0,"area_pct_bacia":0.0,"metodo_recorte_bacia":"ponto_representativo_grade_2022; area_pct_geometrica"},"geometry":{"type":"Polygon","coordinates":[[[-51.36333043734976,-29.25445753188955],[-51.36334920530152,-29.25259322469746],[-51.361357895850176,-29.25257564654874],[-51.36133911260993,-29.25443995374081],[-51.36333043734976,-29.25445753188955]]]}},{"type":"Feature","properties":{"id_grade":"200ME52644N80890","pop":19,"dom":9,"universo_dom":"domicilios_ocupados_grade_ibge_2022","na_bacia":0,"area_pct_bacia":0.0,"metodo_recorte_bacia":"ponto_representativo_grade_2022; area_pct_geometrica"},"geometry":{"type":"Polygon","coordinates":[[[-51.36733182600296,-29.252628340525497],[-51.36735056607574,-29.250764052219196],[-51.3653592701142,-29.250746501050084],[-51.36534051565224,-29.25261078935643],[-51.36733182600296,-29.252628340525497]]]}},{"type":"Feature","properties":{"id_grade":"200ME52646N80890","pop":159,"dom":57,"universo_dom":"domicilios_ocupados_grade_ibge_2022","na_bacia":0,"area_pct_bacia":0.0,"metodo_recorte_bacia":"ponto_representativo_grade_2022; area_pct_geometrica"},"geometry":{"type":"Polygon","coordinates":[[[-51.36534051565224,-29.25261078935643],[-51.3653592701142,-29.250746501050084],[-51.36336797325333,-29.25072893729056],[-51.36334920530152,-29.25259322469746],[-51.36534051565224,-29.25261078935643]]]}},{"type":"Feature","properties":{"id_grade":"200ME52648N80890","pop":129,"dom":48,"universo_dom":"domicilios_ocupados_grade_ibge_2022","na_bacia":0,"area_pct_bacia":0.0,"metodo_recorte_bacia":"ponto_representativo_grade_2022; area_pct_geometrica"},"geometry":{"type":"Polygon","coordinates":[[[-51.36334920530152,-29.25259322469746],[-51.36336797325333,-29.25072893729056],[-51.36137667819111,-29.250711360041173],[-51.361357895850176,-29.25257564654874],[-51.36334920530152,-29.25259322469746]]]}},{"type":"Feature","properties":{"id_grade":"200ME52646N80892","pop":130,"dom":46,"universo_dom":"domicilios_ocupados_grade_ibge_2022","na_bacia":0,"area_pct_bacia":0.0,"metodo_recorte_bacia":"ponto_representativo_grade_2022; area_pct_geometrica"},"geometry":{"type":"Polygon","coordinates":[[[-51.3653592701142,-29.250746501050084],[-51.36537802367678,-29.24888223432758],[-51.36338674120509,-29.24886466966872],[-51.36336797325333,-29.25072893729056],[-51.3653592701142,-29.250746501050084]]]}},{"type":"Feature","properties":{"id_grade":"200ME52648N80892","pop":132,"dom":45,"universo_dom":"domicilios_ocupados_grade_ibge_2022","na_bacia":0,"area_pct_bacia":0.0,"metodo_recorte_bacia":"ponto_representativo_grade_2022; area_pct_geometrica"},"geometry":{"type":"Polygon","coordinates":[[[-51.36336797325333,-29.25072893729056],[-51.36338674120509,-29.24886466966872],[-51.361395459632725,-29.2488470924193],[-51.36137667819111,-29.250711360041173],[-51.36336797325333,-29.25072893729056]]]}},{"type":"Feature","properties":{"id_grade":"200ME52640N80894","pop":4,"dom":2,"universo_dom":"domicilios_ocupados_grade_ibge_2022","na_bacia":0,"area_pct_bacia":0.0,"metodo_recorte_bacia":"ponto_representativo_grade_2022; area_pct_geometrica"},"geometry":{"type":"Polygon","coordinates":[[[-51.37135187109191,-29.24893484556662],[-51.371370581487106,-29.24707059772992],[-51.36937931340452,-29.247053073540517],[-51.369360588620225,-29.24891732227658],[-51.37135187109191,-29.24893484556662]]]}},{"type":"Feature","properties":{"id_grade":"200ME52642N80894","pop":3,"dom":1,"universo_dom":"domicilios_ocupados_grade_ibge_2022","na_bacia":0,"area_pct_bacia":0.0,"metodo_recorte_bacia":"ponto_representativo_grade_2022; area_pct_geometrica"},"geometry":{"type":"Polygon","coordinates":[[[-51.369360588620225,-29.24891732227658],[-51.36937931340452,-29.247053073540517],[-51.367388045322,-29.247035536760553],[-51.36736930614853,-29.248899784597324],[-51.369360588620225,-29.24891732227658]]]}},{"type":"Feature","properties":{"id_grade":"200ME52646N80894","pop":24,"dom":8,"universo_dom":"domicilios_ocupados_grade_ibge_2022","na_bacia":0,"area_pct_bacia":0.0,"metodo_recorte_bacia":"ponto_representativo_grade_2022; area_pct_geometrica"},"geometry":{"type":"Polygon","coordinates":[[[-51.36537802367678,-29.24888223432758],[-51.365396777239425,-29.247017986490818],[-51.363405509156905,-29.247000422731244],[-51.36338674120509,-29.24886466966872],[-51.36537802367678,-29.24888223432758]]]}},{"type":"Feature","properties":{"id_grade":"200ME52648N80894","pop":105,"dom":38,"universo_dom":"domicilios_ocupados_grade_ibge_2022","na_bacia":0,"area_pct_bacia":0.0,"metodo_recorte_bacia":"ponto_representativo_grade_2022; area_pct_geometrica"},"geometry":{"type":"Polygon","coordinates":[[[-51.36338674120509,-29.24886466966872],[-51.363405509156905,-29.247000422731244],[-51.36141424197365,-29.246982845481877],[-51.361395459632725,-29.2488470924193],[-51.36338674120509,-29.24886466966872]]]}},{"type":"Feature","properties":{"id_grade":"200ME52642N80896","pop":2,"dom":1,"universo_dom":"domicilios_ocupados_grade_ibge_2022","na_bacia":0,"area_pct_bacia":0.0,"metodo_recorte_bacia":"ponto_representativo_grade_2022; area_pct_geometrica"},"geometry":{"type":"Polygon","coordinates":[[[-51.36937931340452,-29.247053073540517],[-51.369398038188876,-29.24518884548875],[-51.36740678359615,-29.245171308708862],[-51.367388045322,-29.247035536760553],[-51.36937931340452,-29.247053073540517]]]}},{"type":"Feature","properties":{"id_grade":"200ME52644N80896","pop":22,"dom":9,"universo_dom":"domicilios_ocupados_grade_ibge_2022","na_bacia":0,"area_pct_bacia":0.0,"metodo_recorte_bacia":"ponto_representativo_grade_2022; area_pct_geometrica"},"geometry":{"type":"Polygon","coordinates":[[[-51.367388045322,-29.247035536760553],[-51.36740678359615,-29.245171308708862],[-51.36541552990275,-29.245153758439148],[-51.365396777239425,-29.247017986490818],[-51.367388045322,-29.247035536760553]]]}},{"type":"Feature","properties":{"id_grade":"200ME52646N80896","pop":9,"dom":4,"universo_dom":"domicilios_ocupados_grade_ibge_2022","na_bacia":0,"area_pct_bacia":0.0,"metodo_recorte_bacia":"ponto_representativo_grade_2022; area_pct_geometrica"},"geometry":{"type":"Polygon","coordinates":[[[-51.365396777239425,-29.247017986490818],[-51.36541552990275,-29.245153758439148],[-51.36342427620934,-29.245136195578976],[-51.363405509156905,-29.247000422731244],[-51.365396777239425,-29.247017986490818]]]}},{"type":"Feature","properties":{"id_grade":"200ME52642N80898","pop":2,"dom":1,"universo_dom":"domicilios_ocupados_grade_ibge_2022","na_bacia":0,"area_pct_bacia":0.0,"metodo_recorte_bacia":"ponto_representativo_grade_2022; area_pct_geometrica"},"geometry":{"type":"Polygon","coordinates":[[[-51.369398038188876,-29.24518884548875],[-51.369416762973174,-29.243324637222134],[-51.36742552276963,-29.243307101341593],[-51.36740678359615,-29.245171308708862],[-51.369398038188876,-29.24518884548875]]]}},{"type":"Feature","properties":{"id_grade":"200ME52646N80898","pop":2,"dom":1,"universo_dom":"domicilios_ocupados_grade_ibge_2022","na_bacia":0,"area_pct_bacia":0.0,"metodo_recorte_bacia":"ponto_representativo_grade_2022; area_pct_geometrica"},"geometry":{"type":"Polygon","coordinates":[[[-51.36541552990275,-29.245153758439148],[-51.36543428256607,-29.24328955107189],[-51.36344304326178,-29.243271988211635],[-51.36342427620934,-29.245136195578976],[-51.36541552990275,-29.245153758439148]]]}},{"type":"Feature","properties":{"id_grade":"200ME52644N80900","pop":3,"dom":1,"universo_dom":"domicilios_ocupados_grade_ibge_2022","na_bacia":0,"area_pct_bacia":0.0,"metodo_recorte_bacia":"ponto_representativo_grade_2022; area_pct_geometrica"},"geometry":{"type":"Polygon","coordinates":[[[-51.36742552276963,-29.243307101341593],[-51.36744426104378,-29.24144291286018],[-51.365453035229336,-29.241425363489615],[-51.36543428256607,-29.24328955107189],[-51.36742552276963,-29.243307101341593]]]}},{"type":"Feature","properties":{"id_grade":"200ME52640N80902","pop":2,"dom":1,"universo_dom":"domicilios_ocupados_grade_ibge_2022","na_bacia":0,"area_pct_bacia":0.0,"metodo_recorte_bacia":"ponto_representativo_grade_2022; area_pct_geometrica"},"geometry":{"type":"Polygon","coordinates":[[[-51.371426712672594,-29.241477972030754],[-51.371445423067776,-29.23961380333429],[-51.369454210743186,-29.23959628094354],[-51.36943548685821,-29.241460449639995],[-51.371426712672594,-29.241477972030754]]]}},{"type":"Feature","properties":{"id_grade":"200ME52644N80902","pop":9,"dom":4,"universo_dom":"domicilios_ocupados_grade_ibge_2022","na_bacia":0,"area_pct_bacia":0.0,"metodo_recorte_bacia":"ponto_representativo_grade_2022; area_pct_geometrica"},"geometry":{"type":"Polygon","coordinates":[[[-51.36744426104378,-29.24144291286018],[-51.36746299931792,-29.239578745063024],[-51.36547178789266,-29.23956119659193],[-51.365453035229336,-29.241425363489615],[-51.36744426104378,-29.24144291286018]]]}},{"type":"Feature","properties":{"id_grade":"200ME52646N80902","pop":3,"dom":1,"universo_dom":"domicilios_ocupados_grade_ibge_2022","na_bacia":0,"area_pct_bacia":0.0,"metodo_recorte_bacia":"ponto_representativo_grade_2022; area_pct_geometrica"},"geometry":{"type":"Polygon","coordinates":[[[-51.365453035229336,-29.241425363489615],[-51.36547178789266,-29.23956119659193],[-51.363480576467396,-29.239543633731625],[-51.36346181031428,-29.24140780152881],[-51.365453035229336,-29.241425363489615]]]}},{"type":"Feature","properties":{"id_grade":"200ME52648N80902","pop":2,"dom":1,"universo_dom":"domicilios_ocupados_grade_ibge_2022","na_bacia":0,"area_pct_bacia":0.0,"metodo_recorte_bacia":"ponto_representativo_grade_2022; area_pct_geometrica"},"geometry":{"type":"Polygon","coordinates":[[[-51.36346181031428,-29.24140780152881],[-51.363480576467396,-29.239543633731625],[-51.36148936594145,-29.23952605828092],[-51.36147058539916,-29.241390225178684],[-51.36346181031428,-29.24140780152881]]]}},{"type":"Feature","properties":{"id_grade":"200ME52646N80904","pop":47,"dom":16,"universo_dom":"domicilios_ocupados_grade_ibge_2022","na_bacia":0,"area_pct_bacia":0.0,"metodo_recorte_bacia":"ponto_representativo_grade_2022; area_pct_geometrica"},"geometry":{"type":"Polygon","coordinates":[[[-51.36547178789266,-29.23956119659193],[-51.36549053965666,-29.23769704857996],[-51.36349934351984,-29.237679486618916],[-51.363480576467396,-29.239543633731625],[-51.36547178789266,-29.23956119659193]]]}},{"type":"Feature","properties":{"id_grade":"200ME52648N80904","pop":93,"dom":38,"universo_dom":"domicilios_ocupados_grade_ibge_2022","na_bacia":0,"area_pct_bacia":0.0,"metodo_recorte_bacia":"ponto_representativo_grade_2022; area_pct_geometrica"},"geometry":{"type":"Polygon","coordinates":[[[-51.363480576467396,-29.239543633731625],[-51.36349934351984,-29.237679486618916],[-51.36150814648374,-29.237661911168193],[-51.36148936594145,-29.23952605828092],[-51.363480576467396,-29.239543633731625]]]}},{"type":"Feature","properties":{"id_grade":"200ME52646N80906","pop":95,"dom":33,"universo_dom":"domicilios_ocupados_grade_ibge_2022","na_bacia":0,"area_pct_bacia":0.0,"metodo_recorte_bacia":"ponto_representativo_grade_2022; area_pct_geometrica"},"geometry":{"type":"Polygon","coordinates":[[[-51.36549053965666,-29.23769704857996],[-51.36550929142061,-29.235832921252303],[-51.36351810877363,-29.235815359291383],[-51.36349934351984,-29.237679486618916],[-51.36549053965666,-29.23769704857996]]]}},{"type":"Feature","properties":{"id_grade":"200ME52648N80906","pop":272,"dom":112,"universo_dom":"domicilios_ocupados_grade_ibge_2022","na_bacia":0,"area_pct_bacia":0.0,"metodo_recorte_bacia":"ponto_representativo_grade_2022; area_pct_geometrica"},"geometry":{"type":"Polygon","coordinates":[[[-51.36349934351984,-29.237679486618916],[-51.36351810877363,-29.235815359291383],[-51.361526927026034,-29.23579778473988],[-51.36150814648374,-29.237661911168193],[-51.36349934351984,-29.237679486618916]]]}},{"type":"Feature","properties":{"id_grade":"200ME52642N80908","pop":1,"dom":1,"universo_dom":"domicilios_ocupados_grade_ibge_2022","na_bacia":0,"area_pct_bacia":0.0,"metodo_recorte_bacia":"ponto_representativo_grade_2022; area_pct_geometrica"},"geometry":{"type":"Polygon","coordinates":[[[-51.3694916585132,-29.235868004704603],[-51.36951038149886,-29.234003896262774],[-51.36751921234174,-29.233986361281488],[-51.3675004749669,-29.235850469723324],[-51.3694916585132,-29.235868004704603]]]}},{"type":"Feature","properties":{"id_grade":"200ME52646N80908","pop":67,"dom":25,"universo_dom":"domicilios_ocupados_grade_ibge_2022","na_bacia":0,"area_pct_bacia":0.0,"metodo_recorte_bacia":"ponto_representativo_grade_2022; area_pct_geometrica"},"geometry":{"type":"Polygon","coordinates":[[[-51.36550929142061,-29.235832921252303],[-51.36552804318461,-29.23396881370974],[-51.3635368749268,-29.23395125174881],[-51.36351810877363,-29.235815359291383],[-51.36550929142061,-29.235832921252303]]]}},{"type":"Feature","properties":{"id_grade":"200ME52648N80908","pop":259,"dom":102,"universo_dom":"domicilios_ocupados_grade_ibge_2022","na_bacia":0,"area_pct_bacia":0.0,"metodo_recorte_bacia":"ponto_representativo_grade_2022; area_pct_geometrica"},"geometry":{"type":"Polygon","coordinates":[[[-51.36351810877363,-29.235815359291383],[-51.3635368749268,-29.23395125174881],[-51.361545706669006,-29.233933677197466],[-51.361526927026034,-29.23579778473988],[-51.36351810877363,-29.235815359291383]]]}},{"type":"Feature","properties":{"id_grade":"200ME52640N80910","pop":4,"dom":1,"universo_dom":"domicilios_ocupados_grade_ibge_2022","na_bacia":0,"area_pct_bacia":0.0,"metodo_recorte_bacia":"ponto_representativo_grade_2022; area_pct_geometrica"},"geometry":{"type":"Polygon","coordinates":[[[-51.37150155065598,-29.2340214177542],[-51.37152025925252,-29.232157329097394],[-51.36952910448457,-29.232139808505384],[-51.36951038149886,-29.234003896262774],[-51.37150155065598,-29.2340214177542]]]}},{"type":"Feature","properties":{"id_grade":"200ME52644N80910","pop":295,"dom":118,"universo_dom":"domicilios_ocupados_grade_ibge_2022","na_bacia":0,"area_pct_bacia":0.0,"metodo_recorte_bacia":"ponto_representativo_grade_2022; area_pct_geometrica"},"geometry":{"type":"Polygon","coordinates":[[[-51.36751921234174,-29.233986361281488],[-51.367537949716564,-29.23212227352406],[-51.365546794948614,-29.232104725952272],[-51.36552804318461,-29.23396881370974],[-51.36751921234174,-29.233986361281488]]]}},{"type":"Feature","properties":{"id_grade":"200ME52648N80910","pop":231,"dom":90,"universo_dom":"domicilios_ocupados_grade_ibge_2022","na_bacia":0,"area_pct_bacia":0.0,"metodo_recorte_bacia":"ponto_representativo_grade_2022; area_pct_geometrica"},"geometry":{"type":"Polygon","coordinates":[[[-51.3635368749268,-29.23395125174881],[-51.36355564018061,-29.23208716489069],[-51.36156448631198,-29.232069590339258],[-51.361545706669006,-29.233933677197466],[-51.3635368749268,-29.23395125174881]]]}},{"type":"Feature","properties":{"id_grade":"200ME52640N80912","pop":2,"dom":1,"universo_dom":"domicilios_ocupados_grade_ibge_2022","na_bacia":1,"area_pct_bacia":76.2393,"metodo_recorte_bacia":"ponto_representativo_grade_2022; area_pct_geometrica"},"geometry":{"type":"Polygon","coordinates":[[[-51.37152025925252,-29.232157329097394],[-51.371538967849055,-29.230293261125016],[-51.36954782657091,-29.23027573963359],[-51.36952910448457,-29.232139808505384],[-51.37152025925252,-29.232157329097394]]]}},{"type":"Feature","properties":{"id_grade":"200ME52642N80912","pop":1,"dom":1,"universo_dom":"domicilios_ocupados_grade_ibge_2022","na_bacia":1,"area_pct_bacia":50.0215,"metodo_recorte_bacia":"ponto_representativo_grade_2022; area_pct_geometrica"},"geometry":{"type":"Polygon","coordinates":[[[-51.36952910448457,-29.232139808505384],[-51.36954782657091,-29.23027573963359],[-51.36755668619208,-29.230258205551728],[-51.367537949716564,-29.23212227352406],[-51.36952910448457,-29.232139808505384]]]}},{"type":"Feature","properties":{"id_grade":"200ME52644N80912","pop":392,"dom":151,"universo_dom":"domicilios_ocupados_grade_ibge_2022","na_bacia":0,"area_pct_bacia":9.8594,"metodo_recorte_bacia":"ponto_representativo_grade_2022; area_pct_geometrica"},"geometry":{"type":"Polygon","coordinates":[[[-51.367537949716564,-29.23212227352406],[-51.36755668619208,-29.230258205551728],[-51.36556554581324,-29.230240657979937],[-51.365546794948614,-29.232104725952272],[-51.367537949716564,-29.23212227352406]]]}},{"type":"Feature","properties":{"id_grade":"200ME52646N80912","pop":434,"dom":154,"universo_dom":"domicilios_ocupados_grade_ibge_2022","na_bacia":0,"area_pct_bacia":0.0,"metodo_recorte_bacia":"ponto_representativo_grade_2022; area_pct_geometrica"},"geometry":{"type":"Polygon","coordinates":[[[-51.365546794948614,-29.232104725952272],[-51.36556554581324,-29.230240657979937],[-51.363574405434406,-29.230223097817632],[-51.36355564018061,-29.23208716489069],[-51.365546794948614,-29.232104725952272]]]}},{"type":"Feature","properties":{"id_grade":"200ME52648N80912","pop":316,"dom":117,"universo_dom":"domicilios_ocupados_grade_ibge_2022","na_bacia":0,"area_pct_bacia":0.0,"metodo_recorte_bacia":"ponto_representativo_grade_2022; area_pct_geometrica"},"geometry":{"type":"Polygon","coordinates":[[[-51.36355564018061,-29.23208716489069],[-51.363574405434406,-29.230223097817632],[-51.36158326505557,-29.230205523266253],[-51.36156448631198,-29.232069590339258],[-51.36355564018061,-29.23208716489069]]]}},{"type":"Feature","properties":{"id_grade":"200ME52640N80914","pop":2,"dom":1,"universo_dom":"domicilios_ocupados_grade_ibge_2022","na_bacia":1,"area_pct_bacia":100.0,"metodo_recorte_bacia":"ponto_representativo_grade_2022; area_pct_geometrica"},"geometry":{"type":"Polygon","coordinates":[[[-51.371538967849055,-29.230293261125016],[-51.371557676445555,-29.228429212038442],[-51.369566549556566,-29.228411691446375],[-51.36954782657091,-29.23027573963359],[-51.371538967849055,-29.230293261125016]]]}},{"type":"Feature","properties":{"id_grade":"200ME52642N80914","pop":3,"dom":1,"universo_dom":"domicilios_ocupados_grade_ibge_2022","na_bacia":1,"area_pct_bacia":100.0,"metodo_recorte_bacia":"ponto_representativo_grade_2022; area_pct_geometrica"},"geometry":{"type":"Polygon","coordinates":[[[-51.36954782657091,-29.23027573963359],[-51.369566549556566,-29.228411691446375],[-51.367575422667585,-29.228394157364455],[-51.36755668619208,-29.230258205551728],[-51.36954782657091,-29.23027573963359]]]}},{"type":"Feature","properties":{"id_grade":"200ME52644N80914","pop":682,"dom":280,"universo_dom":"domicilios_ocupados_grade_ibge_2022","na_bacia":1,"area_pct_bacia":97.8731,"metodo_recorte_bacia":"ponto_representativo_grade_2022; area_pct_geometrica"},"geometry":{"type":"Polygon","coordinates":[[[-51.36755668619208,-29.230258205551728],[-51.367575422667585,-29.228394157364455],[-51.36558429667792,-29.228376610691967],[-51.36556554581324,-29.230240657979937],[-51.36755668619208,-29.230258205551728]]]}},{"type":"Feature","properties":{"id_grade":"200ME52646N80914","pop":342,"dom":141,"universo_dom":"domicilios_ocupados_grade_ibge_2022","na_bacia":1,"area_pct_bacia":65.4422,"metodo_recorte_bacia":"ponto_representativo_grade_2022; area_pct_geometrica"},"geometry":{"type":"Polygon","coordinates":[[[-51.36556554581324,-29.230240657979937],[-51.36558429667792,-29.228376610691967],[-51.36359317068826,-29.228359049630413],[-51.363574405434406,-29.230223097817632],[-51.36556554581324,-29.230240657979937]]]}},{"type":"Feature","properties":{"id_grade":"200ME52648N80914","pop":162,"dom":55,"universo_dom":"domicilios_ocupados_grade_ibge_2022","na_bacia":0,"area_pct_bacia":43.3306,"metodo_recorte_bacia":"ponto_representativo_grade_2022; area_pct_geometrica"},"geometry":{"type":"Polygon","coordinates":[[[-51.363574405434406,-29.230223097817632],[-51.36359317068826,-29.228359049630413],[-51.36160204469855,-29.228341475978308],[-51.36158326505557,-29.230205523266253],[-51.363574405434406,-29.230223097817632]]]}},{"type":"Feature","properties":{"id_grade":"200ME52640N80916","pop":16,"dom":6,"universo_dom":"domicilios_ocupados_grade_ibge_2022","na_bacia":1,"area_pct_bacia":100.0,"metodo_recorte_bacia":"ponto_representativo_grade_2022; area_pct_geometrica"},"geometry":{"type":"Polygon","coordinates":[[[-51.371557676445555,-29.228429212038442],[-51.37157638414277,-29.22656518363632],[-51.3695852716429,-29.226547663044183],[-51.369566549556566,-29.228411691446375],[-51.371557676445555,-29.228429212038442]]]}},{"type":"Feature","properties":{"id_grade":"200ME52642N80916","pop":10,"dom":3,"universo_dom":"domicilios_ocupados_grade_ibge_2022","na_bacia":1,"area_pct_bacia":100.0,"metodo_recorte_bacia":"ponto_representativo_grade_2022; area_pct_geometrica"},"geometry":{"type":"Polygon","coordinates":[[[-51.369566549556566,-29.228411691446375],[-51.3695852716429,-29.226547663044183],[-51.367594159143096,-29.22653012986152],[-51.367575422667585,-29.228394157364455],[-51.369566549556566,-29.228411691446375]]]}},{"type":"Feature","properties":{"id_grade":"200ME52644N80916","pop":73,"dom":28,"universo_dom":"domicilios_ocupados_grade_ibge_2022","na_bacia":1,"area_pct_bacia":100.0,"metodo_recorte_bacia":"ponto_representativo_grade_2022; area_pct_geometrica"},"geometry":{"type":"Polygon","coordinates":[[[-51.367575422667585,-29.228394157364455],[-51.367594159143096,-29.22653012986152],[-51.36560304664323,-29.22651258318912],[-51.36558429667792,-29.228376610691967],[-51.367575422667585,-29.228394157364455]]]}},{"type":"Feature","properties":{"id_grade":"200ME52646N80916","pop":126,"dom":52,"universo_dom":"domicilios_ocupados_grade_ibge_2022","na_bacia":1,"area_pct_bacia":100.0,"metodo_recorte_bacia":"ponto_representativo_grade_2022; area_pct_geometrica"},"geometry":{"type":"Polygon","coordinates":[[[-51.36558429667792,-29.228376610691967],[-51.36560304664323,-29.22651258318912],[-51.36361193504274,-29.226495023026786],[-51.36359317068826,-29.228359049630413],[-51.36558429667792,-29.228376610691967]]]}},{"type":"Feature","properties":{"id_grade":"200ME52648N80916","pop":88,"dom":31,"universo_dom":"domicilios_ocupados_grade_ibge_2022","na_bacia":1,"area_pct_bacia":100.0,"metodo_recorte_bacia":"ponto_representativo_grade_2022; area_pct_geometrica"},"geometry":{"type":"Polygon","coordinates":[[[-51.36359317068826,-29.228359049630413],[-51.36361193504274,-29.226495023026786],[-51.36162082344219,-29.22647744937472],[-51.36160204469855,-29.228341475978308],[-51.36359317068826,-29.228359049630413]]]}},{"type":"Feature","properties":{"id_grade":"200ME52640N80918","pop":9,"dom":3,"universo_dom":"domicilios_ocupados_grade_ibge_2022","na_bacia":1,"area_pct_bacia":100.0,"metodo_recorte_bacia":"ponto_representativo_grade_2022; area_pct_geometrica"},"geometry":{"type":"Polygon","coordinates":[[[-51.37157638414277,-29.22656518363632],[-51.37159509184,-29.22470117501922],[-51.3696039937293,-29.224683655326412],[-51.3695852716429,-29.226547663044183],[-51.37157638414277,-29.22656518363632]]]}},{"type":"Feature","properties":{"id_grade":"200ME52642N80918","pop":45,"dom":20,"universo_dom":"domicilios_ocupados_grade_ibge_2022","na_bacia":1,"area_pct_bacia":100.0,"metodo_recorte_bacia":"ponto_representativo_grade_2022; area_pct_geometrica"},"geometry":{"type":"Polygon","coordinates":[[[-51.3695852716429,-29.226547663044183],[-51.3696039937293,-29.224683655326412],[-51.367612894719294,-29.224666121244464],[-51.367594159143096,-29.22653012986152],[-51.3695852716429,-29.226547663044183]]]}},{"type":"Feature","properties":{"id_grade":"200ME52644N80918","pop":65,"dom":27,"universo_dom":"domicilios_ocupados_grade_ibge_2022","na_bacia":1,"area_pct_bacia":100.0,"metodo_recorte_bacia":"ponto_representativo_grade_2022; area_pct_geometrica"},"geometry":{"type":"Polygon","coordinates":[[[-51.367594159143096,-29.22653012986152],[-51.367612894719294,-29.224666121244464],[-51.36562179750792,-29.224648575471328],[-51.36560304664323,-29.22651258318912],[-51.367594159143096,-29.22653012986152]]]}},{"type":"Feature","properties":{"id_grade":"200ME52646N80918","pop":177,"dom":75,"universo_dom":"domicilios_ocupados_grade_ibge_2022","na_bacia":1,"area_pct_bacia":100.0,"metodo_recorte_bacia":"ponto_representativo_grade_2022; area_pct_geometrica"},"geometry":{"type":"Polygon","coordinates":[[[-51.36560304664323,-29.22651258318912],[-51.36562179750792,-29.224648575471328],[-51.36363069939723,-29.224631015309082],[-51.36361193504274,-29.226495023026786],[-51.36560304664323,-29.22651258318912]]]}},{"type":"Feature","properties":{"id_grade":"200ME52648N80918","pop":122,"dom":46,"universo_dom":"domicilios_ocupados_grade_ibge_2022","na_bacia":1,"area_pct_bacia":100.0,"metodo_recorte_bacia":"ponto_representativo_grade_2022; area_pct_geometrica"},"geometry":{"type":"Polygon","coordinates":[[[-51.36361193504274,-29.226495023026786],[-51.36363069939723,-29.224631015309082],[-51.361639602185846,-29.224613442556286],[-51.36162082344219,-29.22647744937472],[-51.36361193504274,-29.226495023026786]]]}},{"type":"Feature","properties":{"id_grade":"200ME52648N80920","pop":97,"dom":34,"universo_dom":"domicilios_ocupados_grade_ibge_2022","na_bacia":1,"area_pct_bacia":100.0,"metodo_recorte_bacia":"ponto_representativo_grade_2022; area_pct_geometrica"},"geometry":{"type":"Polygon","coordinates":[[[-51.36363069939723,-29.224631015309082],[-51.36364946375169,-29.222767027376435],[-51.361658380030185,-29.222749454623568],[-51.361639602185846,-29.224613442556286],[-51.36363069939723,-29.224631015309082]]]}},{"type":"Feature","properties":{"id_grade":"200ME52640N80922","pop":3,"dom":1,"universo_dom":"domicilios_ocupados_grade_ibge_2022","na_bacia":1,"area_pct_bacia":100.0,"metodo_recorte_bacia":"ponto_representativo_grade_2022; area_pct_geometrica"},"geometry":{"type":"Polygon","coordinates":[[[-51.37161379953716,-29.22283718618711],[-51.37163250633506,-29.22097321714021],[-51.369641436103336,-29.220955698346724],[-51.36962271491632,-29.222819666494402],[-51.37161379953716,-29.22283718618711]]]}},{"type":"Feature","properties":{"id_grade":"200ME52648N80922","pop":29,"dom":12,"universo_dom":"domicilios_ocupados_grade_ibge_2022","na_bacia":1,"area_pct_bacia":100.0,"metodo_recorte_bacia":"ponto_representativo_grade_2022; area_pct_geometrica"},"geometry":{"type":"Polygon","coordinates":[[[-51.36364946375169,-29.222767027376435],[-51.36366822720685,-29.22090306012806],[-51.3616771578745,-29.22088548827463],[-51.361658380030185,-29.222749454623568],[-51.36364946375169,-29.222767027376435]]]}},{"type":"Feature","properties":{"id_grade":"200ME52640N80924","pop":11,"dom":4,"universo_dom":"domicilios_ocupados_grade_ibge_2022","na_bacia":1,"area_pct_bacia":100.0,"metodo_recorte_bacia":"ponto_representativo_grade_2022; area_pct_geometrica"},"geometry":{"type":"Polygon","coordinates":[[[-51.37163250633506,-29.22097321714021],[-51.371651213132964,-29.219109268777647],[-51.36966015729041,-29.21909174998417],[-51.369641436103336,-29.220955698346724],[-51.37163250633506,-29.22097321714021]]]}},{"type":"Feature","properties":{"id_grade":"200ME52646N80924","pop":3,"dom":1,"universo_dom":"domicilios_ocupados_grade_ibge_2022","na_bacia":1,"area_pct_bacia":100.0,"metodo_recorte_bacia":"ponto_representativo_grade_2022; area_pct_geometrica"},"geometry":{"type":"Polygon","coordinates":[[[-51.36565929653926,-29.22092061939106],[-51.36567804650462,-29.219056671927802],[-51.36368699066208,-29.219039112664845],[-51.36366822720685,-29.22090306012806],[-51.36565929653926,-29.22092061939106]]]}},{"type":"Feature","properties":{"id_grade":"200ME52648N80924","pop":38,"dom":12,"universo_dom":"domicilios_ocupados_grade_ibge_2022","na_bacia":1,"area_pct_bacia":100.0,"metodo_recorte_bacia":"ponto_representativo_grade_2022; area_pct_geometrica"},"geometry":{"type":"Polygon","coordinates":[[[-51.36366822720685,-29.22090306012806],[-51.36368699066208,-29.219039112664845],[-51.36169593571884,-29.219021540811408],[-51.3616771578745,-29.22088548827463],[-51.36366822720685,-29.22090306012806]]]}},{"type":"Feature","properties":{"id_grade":"200ME52640N80926","pop":19,"dom":6,"universo_dom":"domicilios_ocupados_grade_ibge_2022","na_bacia":1,"area_pct_bacia":100.0,"metodo_recorte_bacia":"ponto_representativo_grade_2022; area_pct_geometrica"},"geometry":{"type":"Polygon","coordinates":[[[-51.371651213132964,-29.219109268777647],[-51.37166991993081,-29.217245340200172],[-51.36967887847743,-29.217227821406773],[-51.36966015729041,-29.21909174998417],[-51.371651213132964,-29.219109268777647]]]}},{"type":"Feature","properties":{"id_grade":"200ME52646N80926","pop":4,"dom":1,"universo_dom":"domicilios_ocupados_grade_ibge_2022","na_bacia":1,"area_pct_bacia":100.0,"metodo_recorte_bacia":"ponto_representativo_grade_2022; area_pct_geometrica"},"geometry":{"type":"Polygon","coordinates":[[[-51.36567804650462,-29.219056671927802],[-51.365696795570614,-29.21719274335036],[-51.363705754117234,-29.21717518498677],[-51.36368699066208,-29.219039112664845],[-51.36567804650462,-29.219056671927802]]]}},{"type":"Feature","properties":{"id_grade":"200ME52648N80926","pop":50,"dom":18,"universo_dom":"domicilios_ocupados_grade_ibge_2022","na_bacia":1,"area_pct_bacia":100.0,"metodo_recorte_bacia":"ponto_representativo_grade_2022; area_pct_geometrica"},"geometry":{"type":"Polygon","coordinates":[[[-51.36368699066208,-29.219039112664845],[-51.363705754117234,-29.21717518498677],[-51.36171471356312,-29.217157613133292],[-51.36169593571884,-29.219021540811408],[-51.36368699066208,-29.219039112664845]]]}},{"type":"Feature","properties":{"id_grade":"200ME52640N80928","pop":9,"dom":4,"universo_dom":"domicilios_ocupados_grade_ibge_2022","na_bacia":1,"area_pct_bacia":100.0,"metodo_recorte_bacia":"ponto_representativo_grade_2022; area_pct_geometrica"},"geometry":{"type":"Polygon","coordinates":[[[-51.37166991993081,-29.217245340200172],[-51.37168862672871,-29.2153814314079],[-51.36969759876513,-29.21536391261443],[-51.36967887847743,-29.217227821406773],[-51.37166991993081,-29.217245340200172]]]}},{"type":"Feature","properties":{"id_grade":"200ME52642N80928","pop":3,"dom":2,"universo_dom":"domicilios_ocupados_grade_ibge_2022","na_bacia":1,"area_pct_bacia":100.0,"metodo_recorte_bacia":"ponto_representativo_grade_2022; area_pct_geometrica"},"geometry":{"type":"Polygon","coordinates":[[[-51.36967887847743,-29.217227821406773],[-51.36969759876513,-29.21536391261443],[-51.367706571700865,-29.215346381230447],[-51.36768783702399,-29.217210289123532],[-51.36967887847743,-29.217227821406773]]]}},{"type":"Feature","properties":{"id_grade":"200ME52644N80928","pop":34,"dom":10,"universo_dom":"domicilios_ocupados_grade_ibge_2022","na_bacia":1,"area_pct_bacia":100.0,"metodo_recorte_bacia":"ponto_representativo_grade_2022; area_pct_geometrica"},"geometry":{"type":"Polygon","coordinates":[[[-51.36768783702399,-29.217210289123532],[-51.367706571700865,-29.215346381230447],[-51.36571554463665,-29.2153288354574],[-51.365696795570614,-29.21719274335036],[-51.36768783702399,-29.217210289123532]]]}},{"type":"Feature","properties":{"id_grade":"200ME52646N80928","pop":45,"dom":19,"universo_dom":"domicilios_ocupados_grade_ibge_2022","na_bacia":1,"area_pct_bacia":100.0,"metodo_recorte_bacia":"ponto_representativo_grade_2022; area_pct_geometrica"},"geometry":{"type":"Polygon","coordinates":[[[-51.365696795570614,-29.21719274335036],[-51.36571554463665,-29.2153288354574],[-51.36372451757239,-29.21531127799302],[-51.363705754117234,-29.21717518498677],[-51.365696795570614,-29.21719274335036]]]}},{"type":"Feature","properties":{"id_grade":"200ME52648N80928","pop":27,"dom":13,"universo_dom":"domicilios_ocupados_grade_ibge_2022","na_bacia":1,"area_pct_bacia":100.0,"metodo_recorte_bacia":"ponto_representativo_grade_2022; area_pct_geometrica"},"geometry":{"type":"Polygon","coordinates":[[[-51.363705754117234,-29.21717518498677],[-51.36372451757239,-29.21531127799302],[-51.36173349050813,-29.215293706139573],[-51.36171471356312,-29.217157613133292],[-51.363705754117234,-29.21717518498677]]]}},{"type":"Feature","properties":{"id_grade":"200ME52640N80930","pop":2,"dom":1,"universo_dom":"domicilios_ocupados_grade_ibge_2022","na_bacia":1,"area_pct_bacia":100.0,"metodo_recorte_bacia":"ponto_representativo_grade_2022; area_pct_geometrica"},"geometry":{"type":"Polygon","coordinates":[[[-51.37168862672871,-29.2153814314079],[-51.37170733262724,-29.213517542400577],[-51.36971631905282,-29.213500023607157],[-51.36969759876513,-29.21536391261443],[-51.37168862672871,-29.2153814314079]]]}},{"type":"Feature","properties":{"id_grade":"200ME52642N80930","pop":3,"dom":1,"universo_dom":"domicilios_ocupados_grade_ibge_2022","na_bacia":1,"area_pct_bacia":100.0,"metodo_recorte_bacia":"ponto_representativo_grade_2022; area_pct_geometrica"},"geometry":{"type":"Polygon","coordinates":[[[-51.36969759876513,-29.21536391261443],[-51.36971631905282,-29.213500023607157],[-51.367725305478416,-29.213482492223182],[-51.367706571700865,-29.215346381230447],[-51.36969759876513,-29.21536391261443]]]}},{"type":"Feature","properties":{"id_grade":"200ME52644N80930","pop":20,"dom":6,"universo_dom":"domicilios_ocupados_grade_ibge_2022","na_bacia":1,"area_pct_bacia":100.0,"metodo_recorte_bacia":"ponto_representativo_grade_2022; area_pct_geometrica"},"geometry":{"type":"Polygon","coordinates":[[[-51.367706571700865,-29.215346381230447],[-51.367725305478416,-29.213482492223182],[-51.365734292803324,-29.213464948248745],[-51.36571554463665,-29.2153288354574],[-51.367706571700865,-29.215346381230447]]]}},{"type":"Feature","properties":{"id_grade":"200ME52646N80930","pop":3,"dom":2,"universo_dom":"domicilios_ocupados_grade_ibge_2022","na_bacia":1,"area_pct_bacia":100.0,"metodo_recorte_bacia":"ponto_representativo_grade_2022; area_pct_geometrica"},"geometry":{"type":"Polygon","coordinates":[[[-51.36571554463665,-29.2153288354574],[-51.365734292803324,-29.213464948248745],[-51.36374328012823,-29.21344738988509],[-51.36372451757239,-29.21531127799302],[-51.36571554463665,-29.2153288354574]]]}},{"type":"Feature","properties":{"id_grade":"200ME52648N80930","pop":48,"dom":17,"universo_dom":"domicilios_ocupados_grade_ibge_2022","na_bacia":1,"area_pct_bacia":100.0,"metodo_recorte_bacia":"ponto_representativo_grade_2022; area_pct_geometrica"},"geometry":{"type":"Polygon","coordinates":[[[-51.36372451757239,-29.21531127799302],[-51.36374328012823,-29.21344738988509],[-51.36175226745314,-29.213429818930997],[-51.36173349050813,-29.215293706139573],[-51.36372451757239,-29.21531127799302]]]}},{"type":"Feature","properties":{"id_grade":"200ME52644N80932","pop":25,"dom":9,"universo_dom":"domicilios_ocupados_grade_ibge_2022","na_bacia":1,"area_pct_bacia":100.0,"metodo_recorte_bacia":"ponto_representativo_grade_2022; area_pct_geometrica"},"geometry":{"type":"Polygon","coordinates":[[[-51.367725305478416,-29.213482492223182],[-51.367744040155294,-29.211618623900318],[-51.36575304097005,-29.211601079925853],[-51.365734292803324,-29.213464948248745],[-51.367725305478416,-29.213482492223182]]]}},{"type":"Feature","properties":{"id_grade":"200ME52646N80932","pop":97,"dom":40,"universo_dom":"domicilios_ocupados_grade_ibge_2022","na_bacia":1,"area_pct_bacia":100.0,"metodo_recorte_bacia":"ponto_representativo_grade_2022; area_pct_geometrica"},"geometry":{"type":"Polygon","coordinates":[[[-51.365734292803324,-29.213464948248745],[-51.36575304097005,-29.211601079925853],[-51.36376204268407,-29.211583522461527],[-51.36374328012823,-29.21344738988509],[-51.365734292803324,-29.213464948248745]]]}},{"type":"Feature","properties":{"id_grade":"200ME52648N80932","pop":110,"dom":36,"universo_dom":"domicilios_ocupados_grade_ibge_2022","na_bacia":1,"area_pct_bacia":100.0,"metodo_recorte_bacia":"ponto_representativo_grade_2022; area_pct_geometrica"},"geometry":{"type":"Polygon","coordinates":[[[-51.36374328012823,-29.21344738988509],[-51.36376204268407,-29.211583522461527],[-51.361771044398154,-29.211565951507353],[-51.36175226745314,-29.213429818930997],[-51.36374328012823,-29.21344738988509]]]}},{"type":"Feature","properties":{"id_grade":"200ME52646N80934","pop":158,"dom":59,"universo_dom":"domicilios_ocupados_grade_ibge_2022","na_bacia":1,"area_pct_bacia":100.0,"metodo_recorte_bacia":"ponto_representativo_grade_2022; area_pct_geometrica"},"geometry":{"type":"Polygon","coordinates":[[[-51.36575304097005,-29.211601079925853],[-51.365771789136716,-29.209737231388086],[-51.36378080523991,-29.20971967482308],[-51.36376204268407,-29.211583522461527],[-51.36575304097005,-29.211601079925853]]]}},{"type":"Feature","properties":{"id_grade":"200ME52648N80934","pop":105,"dom":40,"universo_dom":"domicilios_ocupados_grade_ibge_2022","na_bacia":1,"area_pct_bacia":100.0,"metodo_recorte_bacia":"ponto_representativo_grade_2022; area_pct_geometrica"},"geometry":{"type":"Polygon","coordinates":[[[-51.36376204268407,-29.211583522461527],[-51.36378080523991,-29.20971967482308],[-51.36178982044379,-29.209702103868906],[-51.361771044398154,-29.211565951507353],[-51.36376204268407,-29.211583522461527]]]}},{"type":"Feature","properties":{"id_grade":"200ME52644N80936","pop":6,"dom":1,"universo_dom":"domicilios_ocupados_grade_ibge_2022","na_bacia":1,"area_pct_bacia":100.0,"metodo_recorte_bacia":"ponto_representativo_grade_2022; area_pct_geometrica"},"geometry":{"type":"Polygon","coordinates":[[[-51.36776277393284,-29.209754775362562],[-51.36778150771039,-29.20789094750913],[-51.36579053730343,-29.207873403534663],[-51.365771789136716,-29.209737231388086],[-51.36776277393284,-29.209754775362562]]]}},{"type":"Feature","properties":{"id_grade":"200ME52646N80936","pop":87,"dom":32,"universo_dom":"domicilios_ocupados_grade_ibge_2022","na_bacia":1,"area_pct_bacia":100.0,"metodo_recorte_bacia":"ponto_representativo_grade_2022; area_pct_geometrica"},"geometry":{"type":"Polygon","coordinates":[[[-51.365771789136716,-29.209737231388086],[-51.36579053730343,-29.207873403534663],[-51.36379956689643,-29.20785584696967],[-51.36378080523991,-29.20971967482308],[-51.365771789136716,-29.209737231388086]]]}},{"type":"Feature","properties":{"id_grade":"200ME52648N80936","pop":153,"dom":50,"universo_dom":"domicilios_ocupados_grade_ibge_2022","na_bacia":1,"area_pct_bacia":100.0,"metodo_recorte_bacia":"ponto_representativo_grade_2022; area_pct_geometrica"},"geometry":{"type":"Polygon","coordinates":[[[-51.36378080523991,-29.20971967482308],[-51.36379956689643,-29.20785584696967],[-51.36180859648948,-29.207838276015554],[-51.36178982044379,-29.209702103868906],[-51.36378080523991,-29.20971967482308]]]}},{"type":"Feature","properties":{"id_grade":"200ME52644N80938","pop":19,"dom":6,"universo_dom":"domicilios_ocupados_grade_ibge_2022","na_bacia":1,"area_pct_bacia":100.0,"metodo_recorte_bacia":"ponto_representativo_grade_2022; area_pct_geometrica"},"geometry":{"type":"Polygon","coordinates":[[[-51.36778150771039,-29.20789094750913],[-51.367800240588565,-29.20602713854152],[-51.36580928457079,-29.206009595466497],[-51.36579053730343,-29.207873403534663],[-51.36778150771039,-29.20789094750913]]]}},{"type":"Feature","properties":{"id_grade":"200ME52646N80938","pop":58,"dom":26,"universo_dom":"domicilios_ocupados_grade_ibge_2022","na_bacia":1,"area_pct_bacia":100.0,"metodo_recorte_bacia":"ponto_representativo_grade_2022; area_pct_geometrica"},"geometry":{"type":"Polygon","coordinates":[[[-51.36579053730343,-29.207873403534663],[-51.36580928457079,-29.206009595466497],[-51.36381832855296,-29.205992038901492],[-51.36379956689643,-29.20785584696967],[-51.36579053730343,-29.207873403534663]]]}},{"type":"Feature","properties":{"id_grade":"200ME52648N80938","pop":203,"dom":75,"universo_dom":"domicilios_ocupados_grade_ibge_2022","na_bacia":1,"area_pct_bacia":100.0,"metodo_recorte_bacia":"ponto_representativo_grade_2022; area_pct_geometrica"},"geometry":{"type":"Polygon","coordinates":[[[-51.36379956689643,-29.20785584696967],[-51.36381832855296,-29.205992038901492],[-51.36182737253518,-29.205974468846644],[-51.36180859648948,-29.207838276015554],[-51.36379956689643,-29.20785584696967]]]}},{"type":"Feature","properties":{"id_grade":"200ME52642N80940","pop":5,"dom":3,"universo_dom":"domicilios_ocupados_grade_ibge_2022","na_bacia":1,"area_pct_bacia":100.0,"metodo_recorte_bacia":"ponto_representativo_grade_2022; area_pct_geometrica"},"geometry":{"type":"Polygon","coordinates":[[[-51.36979119750572,-29.206044669026195],[-51.36980991599478,-29.204180879843705],[-51.367818974366116,-29.204163350258348],[-51.367800240588565,-29.20602713854152],[-51.36979119750572,-29.206044669026195]]]}},{"type":"Feature","properties":{"id_grade":"200ME52644N80940","pop":18,"dom":7,"universo_dom":"domicilios_ocupados_grade_ibge_2022","na_bacia":1,"area_pct_bacia":100.0,"metodo_recorte_bacia":"ponto_representativo_grade_2022; area_pct_geometrica"},"geometry":{"type":"Polygon","coordinates":[[[-51.367800240588565,-29.20602713854152],[-51.367818974366116,-29.204163350258348],[-51.365828031838134,-29.204145807183227],[-51.36580928457079,-29.206009595466497],[-51.367800240588565,-29.20602713854152]]]}},{"type":"Feature","properties":{"id_grade":"200ME52646N80940","pop":17,"dom":5,"universo_dom":"domicilios_ocupados_grade_ibge_2022","na_bacia":1,"area_pct_bacia":100.0,"metodo_recorte_bacia":"ponto_representativo_grade_2022; area_pct_geometrica"},"geometry":{"type":"Polygon","coordinates":[[[-51.36580928457079,-29.206009595466497],[-51.365828031838134,-29.204145807183227],[-51.36383709020953,-29.20412825061816],[-51.36381832855296,-29.205992038901492],[-51.36580928457079,-29.206009595466497]]]}},{"type":"Feature","properties":{"id_grade":"200ME52648N80940","pop":45,"dom":18,"universo_dom":"domicilios_ocupados_grade_ibge_2022","na_bacia":1,"area_pct_bacia":100.0,"metodo_recorte_bacia":"ponto_representativo_grade_2022; area_pct_geometrica"},"geometry":{"type":"Polygon","coordinates":[[[-51.36381832855296,-29.205992038901492],[-51.36383709020953,-29.20412825061816],[-51.36184614858087,-29.204110681462748],[-51.36182737253518,-29.205974468846644],[-51.36381832855296,-29.205992038901492]]]}},{"type":"Feature","properties":{"id_grade":"200ME52640N80942","pop":14,"dom":7,"universo_dom":"domicilios_ocupados_grade_ibge_2022","na_bacia":1,"area_pct_bacia":100.0,"metodo_recorte_bacia":"ponto_representativo_grade_2022; area_pct_geometrica"},"geometry":{"type":"Polygon","coordinates":[[[-51.37180085942208,-29.204198396838493],[-51.371819563522024,-29.202334627441125],[-51.369828635383165,-29.202317111345536],[-51.36980991599478,-29.204180879843705],[-51.37180085942208,-29.204198396838493]]]}},{"type":"Feature","properties":{"id_grade":"200ME52642N80942","pop":8,"dom":4,"universo_dom":"domicilios_ocupados_grade_ibge_2022","na_bacia":1,"area_pct_bacia":100.0,"metodo_recorte_bacia":"ponto_representativo_grade_2022; area_pct_geometrica"},"geometry":{"type":"Polygon","coordinates":[[[-51.36980991599478,-29.204180879843705],[-51.369828635383165,-29.202317111345536],[-51.36783770724435,-29.2022995817602],[-51.367818974366116,-29.204163350258348],[-51.36980991599478,-29.204180879843705]]]}},{"type":"Feature","properties":{"id_grade":"200ME52644N80942","pop":14,"dom":5,"universo_dom":"domicilios_ocupados_grade_ibge_2022","na_bacia":1,"area_pct_bacia":100.0,"metodo_recorte_bacia":"ponto_representativo_grade_2022; area_pct_geometrica"},"geometry":{"type":"Polygon","coordinates":[[[-51.367818974366116,-29.204163350258348],[-51.36783770724435,-29.2022995817602],[-51.36584677910554,-29.20228203868508],[-51.365828031838134,-29.204145807183227],[-51.367818974366116,-29.204163350258348]]]}},{"type":"Feature","properties":{"id_grade":"200ME52646N80942","pop":44,"dom":19,"universo_dom":"domicilios_ocupados_grade_ibge_2022","na_bacia":1,"area_pct_bacia":100.0,"metodo_recorte_bacia":"ponto_representativo_grade_2022; area_pct_geometrica"},"geometry":{"type":"Polygon","coordinates":[[[-51.365828031838134,-29.204145807183227],[-51.36584677910554,-29.20228203868508],[-51.36385585096672,-29.202264483019395],[-51.36383709020953,-29.20412825061816],[-51.365828031838134,-29.204145807183227]]]}},{"type":"Feature","properties":{"id_grade":"200ME52648N80942","pop":44,"dom":16,"universo_dom":"domicilios_ocupados_grade_ibge_2022","na_bacia":1,"area_pct_bacia":100.0,"metodo_recorte_bacia":"ponto_representativo_grade_2022; area_pct_geometrica"},"geometry":{"type":"Polygon","coordinates":[[[-51.36383709020953,-29.20412825061816],[-51.36385585096672,-29.202264483019395],[-51.361864923727175,-29.2022469129646],[-51.36184614858087,-29.204110681462748],[-51.36383709020953,-29.20412825061816]]]}},{"type":"Feature","properties":{"id_grade":"200ME52640N80944","pop":4,"dom":1,"universo_dom":"domicilios_ocupados_grade_ibge_2022","na_bacia":1,"area_pct_bacia":100.0,"metodo_recorte_bacia":"ponto_representativo_grade_2022; area_pct_geometrica"},"geometry":{"type":"Polygon","coordinates":[[[-51.371819563522024,-29.202334627441125],[-51.37183826762191,-29.2004708778287],[-51.369847353872224,-29.200453361733103],[-51.369828635383165,-29.202317111345536],[-51.371819563522024,-29.202334627441125]]]}},{"type":"Feature","properties":{"id_grade":"200ME52644N80944","pop":6,"dom":2,"universo_dom":"domicilios_ocupados_grade_ibge_2022","na_bacia":1,"area_pct_bacia":100.0,"metodo_recorte_bacia":"ponto_representativo_grade_2022; area_pct_geometrica"},"geometry":{"type":"Polygon","coordinates":[[[-51.36783770724435,-29.2022995817602],[-51.36785643922325,-29.200435833047262],[-51.365865525473566,-29.200418289972063],[-51.36584677910554,-29.20228203868508],[-51.36783770724435,-29.2022995817602]]]}},{"type":"Feature","properties":{"id_grade":"200ME52648N80944","pop":69,"dom":28,"universo_dom":"domicilios_ocupados_grade_ibge_2022","na_bacia":1,"area_pct_bacia":100.0,"metodo_recorte_bacia":"ponto_representativo_grade_2022; area_pct_geometrica"},"geometry":{"type":"Polygon","coordinates":[[[-51.36385585096672,-29.202264483019395],[-51.36387461172393,-29.20040073430644],[-51.36188369887355,-29.200383165150882],[-51.361864923727175,-29.2022469129646],[-51.36385585096672,-29.202264483019395]]]}},{"type":"Feature","properties":{"id_grade":"200ME52644N80946","pop":23,"dom":10,"universo_dom":"domicilios_ocupados_grade_ibge_2022","na_bacia":1,"area_pct_bacia":100.0,"metodo_recorte_bacia":"ponto_representativo_grade_2022; area_pct_geometrica"},"geometry":{"type":"Polygon","coordinates":[[[-51.36785643922325,-29.200435833047262],[-51.36787517210149,-29.198572104119247],[-51.365884271841644,-29.19855456194342],[-51.365865525473566,-29.200418289972063],[-51.36785643922325,-29.200435833047262]]]}},{"type":"Feature","properties":{"id_grade":"200ME52644N80948","pop":42,"dom":11,"universo_dom":"domicilios_ocupados_grade_ibge_2022","na_bacia":1,"area_pct_bacia":100.0,"metodo_recorte_bacia":"ponto_representativo_grade_2022; area_pct_geometrica"},"geometry":{"type":"Polygon","coordinates":[[[-51.36787517210149,-29.198572104119247],[-51.36789390408034,-29.196708394976362],[-51.36590301820968,-29.196690852800586],[-51.365884271841644,-29.19855456194342],[-51.36787517210149,-29.198572104119247]]]}},{"type":"Feature","properties":{"id_grade":"200ME52644N80950","pop":40,"dom":13,"universo_dom":"domicilios_ocupados_grade_ibge_2022","na_bacia":1,"area_pct_bacia":100.0,"metodo_recorte_bacia":"ponto_representativo_grade_2022; area_pct_geometrica"},"geometry":{"type":"Polygon","coordinates":[[[-51.36789390408034,-29.196708394976362],[-51.36791263515994,-29.19484470651788],[-51.3659217645777,-29.194827164342108],[-51.36590301820968,-29.196690852800586],[-51.36789390408034,-29.196708394976362]]]}},{"type":"Feature","properties":{"id_grade":"200ME52646N80950","pop":29,"dom":9,"universo_dom":"domicilios_ocupados_grade_ibge_2022","na_bacia":1,"area_pct_bacia":100.0,"metodo_recorte_bacia":"ponto_representativo_grade_2022; area_pct_geometrica"},"geometry":{"type":"Polygon","coordinates":[[[-51.36590301820968,-29.196690852800586],[-51.3659217645777,-29.194827164342108],[-51.36393089309621,-29.194809609575753],[-51.36391213323833,-29.196673298034177],[-51.36590301820968,-29.196690852800586]]]}},{"type":"Feature","properties":{"id_grade":"200ME52644N80952","pop":4,"dom":1,"universo_dom":"domicilios_ocupados_grade_ibge_2022","na_bacia":1,"area_pct_bacia":100.0,"metodo_recorte_bacia":"ponto_representativo_grade_2022; area_pct_geometrica"},"geometry":{"type":"Polygon","coordinates":[[[-51.36791263515994,-29.19484470651788],[-51.36793136713885,-29.192981036945255],[-51.36594051004647,-29.192963495668693],[-51.3659217645777,-29.194827164342108],[-51.36791263515994,-29.19484470651788]]]}},{"type":"Feature","properties":{"id_grade":"200ME52646N80952","pop":3,"dom":1,"universo_dom":"domicilios_ocupados_grade_ibge_2022","na_bacia":1,"area_pct_bacia":100.0,"metodo_recorte_bacia":"ponto_representativo_grade_2022; area_pct_geometrica"},"geometry":{"type":"Polygon","coordinates":[[[-51.3659217645777,-29.194827164342108],[-51.36594051004647,-29.192963495668693],[-51.36394965295408,-29.192945940902398],[-51.36393089309621,-29.194809609575753],[-51.3659217645777,-29.194827164342108]]]}},{"type":"Feature","properties":{"id_grade":"200ME52644N80954","pop":27,"dom":9,"universo_dom":"domicilios_ocupados_grade_ibge_2022","na_bacia":1,"area_pct_bacia":100.0,"metodo_recorte_bacia":"ponto_representativo_grade_2022; area_pct_geometrica"},"geometry":{"type":"Polygon","coordinates":[[[-51.36793136713885,-29.192981036945255],[-51.367950098218444,-29.191117388056963],[-51.365959255515186,-29.191099846780425],[-51.36594051004647,-29.192963495668693],[-51.36793136713885,-29.192981036945255]]]}},{"type":"Feature","properties":{"id_grade":"200ME52644N80956","pop":3,"dom":1,"universo_dom":"domicilios_ocupados_grade_ibge_2022","na_bacia":1,"area_pct_bacia":100.0,"metodo_recorte_bacia":"ponto_representativo_grade_2022; area_pct_geometrica"},"geometry":{"type":"Polygon","coordinates":[[[-51.367950098218444,-29.191117388056963],[-51.36796882929797,-29.189253758953807],[-51.36597800008457,-29.1892362176772],[-51.365959255515186,-29.191099846780425],[-51.367950098218444,-29.191117388056963]]]}},{"type":"Feature","properties":{"id_grade":"200ME52640N80960","pop":4,"dom":1,"universo_dom":"domicilios_ocupados_grade_ibge_2022","na_bacia":1,"area_pct_bacia":100.0,"metodo_recorte_bacia":"ponto_representativo_grade_2022; area_pct_geometrica"},"geometry":{"type":"Polygon","coordinates":[[[-51.37196919002605,-29.18742518992054],[-51.37198789232736,-29.185561600387533],[-51.36999709099291,-29.185544086989943],[-51.36997837520181,-29.187407676523012],[-51.37196919002605,-29.18742518992054]]]}},{"type":"Feature","properties":{"id_grade":"200ME52640N81012","pop":6,"dom":2,"universo_dom":"domicilios_ocupados_grade_ibge_2022","na_bacia":1,"area_pct_bacia":100.0,"metodo_recorte_bacia":"ponto_representativo_grade_2022; area_pct_geometrica"},"geometry":{"type":"Polygon","coordinates":[[[-51.37245535902759,-29.138978309301447],[-51.37247405413427,-29.137115235979312],[-51.370483620622565,-29.1370977297764],[-51.37046491202603,-29.138960803098534],[-51.37245535902759,-29.138978309301447]]]}},{"type":"Feature","properties":{"id_grade":"200ME52642N81012","pop":8,"dom":5,"universo_dom":"domicilios_ocupados_grade_ibge_2022","na_bacia":1,"area_pct_bacia":100.0,"metodo_recorte_bacia":"ponto_representativo_grade_2022; area_pct_geometrica"},"geometry":{"type":"Polygon","coordinates":[[[-51.37046491202603,-29.138960803098534],[-51.370483620622565,-29.1370977297764],[-51.36849318890949,-29.137080211882243],[-51.36847446502452,-29.138943284305064],[-51.37046491202603,-29.138960803098534]]]}},{"type":"Feature","properties":{"id_grade":"200ME52648N81012","pop":4,"dom":1,"universo_dom":"domicilios_ocupados_grade_ibge_2022","na_bacia":1,"area_pct_bacia":100.0,"metodo_recorte_bacia":"ponto_representativo_grade_2022; area_pct_geometrica"},"geometry":{"type":"Polygon","coordinates":[[[-51.3644935728201,-29.138908207148052],[-51.364512324584105,-29.137045134725163],[-51.36252189287104,-29.13702757636143],[-51.36250312671785,-29.138890647884974],[-51.3644935728201,-29.138908207148052]]]}},{"type":"Feature","properties":{"id_grade":"200ME52640N81014","pop":33,"dom":11,"universo_dom":"domicilios_ocupados_grade_ibge_2022","na_bacia":1,"area_pct_bacia":100.0,"metodo_recorte_bacia":"ponto_representativo_grade_2022; area_pct_geometrica"},"geometry":{"type":"Polygon","coordinates":[[[-51.37247405413427,-29.137115235979312],[-51.37249274834164,-29.135252181542892],[-51.37050233011843,-29.135234677138662],[-51.370483620622565,-29.1370977297764],[-51.37247405413427,-29.137115235979312]]]}},{"type":"Feature","properties":{"id_grade":"200ME52642N81014","pop":66,"dom":21,"universo_dom":"domicilios_ocupados_grade_ibge_2022","na_bacia":1,"area_pct_bacia":100.0,"metodo_recorte_bacia":"ponto_representativo_grade_2022; area_pct_geometrica"},"geometry":{"type":"Polygon","coordinates":[[[-51.370483620622565,-29.1370977297764],[-51.37050233011843,-29.135234677138662],[-51.36851191189515,-29.1352171583452],[-51.36849318890949,-29.137080211882243],[-51.370483620622565,-29.1370977297764]]]}},{"type":"Feature","properties":{"id_grade":"200ME52646N81014","pop":2,"dom":1,"universo_dom":"domicilios_ocupados_grade_ibge_2022","na_bacia":1,"area_pct_bacia":100.0,"metodo_recorte_bacia":"ponto_representativo_grade_2022; area_pct_geometrica"},"geometry":{"type":"Polygon","coordinates":[[[-51.36650275629711,-29.13706267959904],[-51.36652149367194,-29.135199626961164],[-51.364531076348044,-29.135182082087375],[-51.364512324584105,-29.137045134725163],[-51.36650275629711,-29.13706267959904]]]}},{"type":"Feature","properties":{"id_grade":"200ME52640N81016","pop":53,"dom":22,"universo_dom":"domicilios_ocupados_grade_ibge_2022","na_bacia":1,"area_pct_bacia":100.0,"metodo_recorte_bacia":"ponto_representativo_grade_2022; area_pct_geometrica"},"geometry":{"type":"Polygon","coordinates":[[[-51.37249274834164,-29.135252181542892],[-51.37251144344833,-29.133389147790908],[-51.37052103871491,-29.13337164338657],[-51.37050233011843,-29.135234677138662],[-51.37249274834164,-29.135252181542892]]]}},{"type":"Feature","properties":{"id_grade":"200ME52642N81016","pop":33,"dom":13,"universo_dom":"domicilios_ocupados_grade_ibge_2022","na_bacia":1,"area_pct_bacia":100.0,"metodo_recorte_bacia":"ponto_representativo_grade_2022; area_pct_geometrica"},"geometry":{"type":"Polygon","coordinates":[[[-51.37050233011843,-29.135234677138662],[-51.37052103871491,-29.13337164338657],[-51.36853063488086,-29.13335412549245],[-51.36851191189515,-29.1352171583452],[-51.37050233011843,-29.135234677138662]]]}},{"type":"Feature","properties":{"id_grade":"200ME52646N81016","pop":9,"dom":4,"universo_dom":"domicilios_ocupados_grade_ibge_2022","na_bacia":1,"area_pct_bacia":100.0,"metodo_recorte_bacia":"ponto_representativo_grade_2022; area_pct_geometrica"},"geometry":{"type":"Polygon","coordinates":[[[-51.36652149367194,-29.135199626961164],[-51.36654023104677,-29.133336594108517],[-51.36454982721273,-29.133319049234657],[-51.364531076348044,-29.135182082087375],[-51.36652149367194,-29.135199626961164]]]}},{"type":"Feature","properties":{"id_grade":"200ME52640N81018","pop":27,"dom":10,"universo_dom":"domicilios_ocupados_grade_ibge_2022","na_bacia":1,"area_pct_bacia":100.0,"metodo_recorte_bacia":"ponto_representativo_grade_2022; area_pct_geometrica"},"geometry":{"type":"Polygon","coordinates":[[[-51.37251144344833,-29.133389147790908],[-51.3725301376557,-29.13152613382392],[-51.370539747311454,-29.131508629419656],[-51.37052103871491,-29.13337164338657],[-51.37251144344833,-29.133389147790908]]]}},{"type":"Feature","properties":{"id_grade":"200ME52642N81018","pop":6,"dom":1,"universo_dom":"domicilios_ocupados_grade_ibge_2022","na_bacia":1,"area_pct_bacia":100.0,"metodo_recorte_bacia":"ponto_representativo_grade_2022; area_pct_geometrica"},"geometry":{"type":"Polygon","coordinates":[[[-51.37052103871491,-29.13337164338657],[-51.370539747311454,-29.131508629419656],[-51.36854935786653,-29.131491111525506],[-51.36853063488086,-29.13335412549245],[-51.37052103871491,-29.13337164338657]]]}},{"type":"Feature","properties":{"id_grade":"200ME52646N81018","pop":5,"dom":1,"universo_dom":"domicilios_ocupados_grade_ibge_2022","na_bacia":1,"area_pct_bacia":100.0,"metodo_recorte_bacia":"ponto_representativo_grade_2022; area_pct_geometrica"},"geometry":{"type":"Polygon","coordinates":[[[-51.36654023104677,-29.133336594108517],[-51.36655896752228,-29.13147358104092],[-51.364568578077346,-29.13145603616713],[-51.36454982721273,-29.133319049234657],[-51.36654023104677,-29.133336594108517]]]}},{"type":"Feature","properties":{"id_grade":"200ME52648N81018","pop":6,"dom":2,"universo_dom":"domicilios_ocupados_grade_ibge_2022","na_bacia":1,"area_pct_bacia":100.0,"metodo_recorte_bacia":"ponto_representativo_grade_2022; area_pct_geometrica"},"geometry":{"type":"Polygon","coordinates":[[[-51.36454982721273,-29.133319049234657],[-51.364568578077346,-29.13145603616713],[-51.36257818863248,-29.131438478702798],[-51.36255942427794,-29.133301491770418],[-51.36454982721273,-29.133319049234657]]]}},{"type":"Feature","properties":{"id_grade":"200ME52640N81020","pop":8,"dom":3,"universo_dom":"domicilios_ocupados_grade_ibge_2022","na_bacia":1,"area_pct_bacia":100.0,"metodo_recorte_bacia":"ponto_representativo_grade_2022; area_pct_geometrica"},"geometry":{"type":"Polygon","coordinates":[[[-51.3725301376557,-29.13152613382392],[-51.37254883186307,-29.129663139642147],[-51.370558455908,-29.1296456352378],[-51.370539747311454,-29.131508629419656],[-51.3725301376557,-29.13152613382392]]]}},{"type":"Feature","properties":{"id_grade":"200ME52642N81020","pop":1,"dom":1,"universo_dom":"domicilios_ocupados_grade_ibge_2022","na_bacia":1,"area_pct_bacia":100.0,"metodo_recorte_bacia":"ponto_representativo_grade_2022; area_pct_geometrica"},"geometry":{"type":"Polygon","coordinates":[[[-51.370539747311454,-29.131508629419656],[-51.370558455908,-29.1296456352378],[-51.368568079952865,-29.129628118243055],[-51.36854935786653,-29.131491111525506],[-51.370539747311454,-29.131508629419656]]]}},{"type":"Feature","properties":{"id_grade":"200ME52652N80872","pop":2,"dom":1,"universo_dom":"domicilios_ocupados_grade_ibge_2022","na_bacia":0,"area_pct_bacia":0.0,"metodo_recorte_bacia":"ponto_representativo_grade_2022; area_pct_geometrica"},"geometry":{"type":"Polygon","coordinates":[[[-51.359197405036184,-29.269337536398115],[-51.359216204464246,-29.267473069126854],[-51.357224781698285,-29.267455462199813],[-51.35720596878042,-29.26931992857182],[-51.359197405036184,-29.269337536398115]]]}},{"type":"Feature","properties":{"id_grade":"200ME52654N80874","pop":3,"dom":2,"universo_dom":"domicilios_ocupados_grade_ibge_2022","na_bacia":0,"area_pct_bacia":0.0,"metodo_recorte_bacia":"ponto_representativo_grade_2022; area_pct_geometrica"},"geometry":{"type":"Polygon","coordinates":[[[-51.357224781698285,-29.267455462199813],[-51.357243594616136,-29.26559101561281],[-51.35525218623935,-29.265573396095288],[-51.35523335893231,-29.267437841782908],[-51.357224781698285,-29.267455462199813]]]}},{"type":"Feature","properties":{"id_grade":"200ME52650N80876","pop":3,"dom":2,"universo_dom":"domicilios_ocupados_grade_ibge_2022","na_bacia":0,"area_pct_bacia":0.0,"metodo_recorte_bacia":"ponto_representativo_grade_2022; area_pct_geometrica"},"geometry":{"type":"Polygon","coordinates":[[[-51.36122641226905,-29.26562621597704],[-51.36124519640862,-29.263761788275843],[-51.359253801521675,-29.263744195738003],[-51.35923500299293,-29.265608622539865],[-51.36122641226905,-29.26562621597704]]]}},{"type":"Feature","properties":{"id_grade":"200ME52652N80876","pop":3,"dom":1,"universo_dom":"domicilios_ocupados_grade_ibge_2022","na_bacia":0,"area_pct_bacia":0.0,"metodo_recorte_bacia":"ponto_representativo_grade_2022; area_pct_geometrica"},"geometry":{"type":"Polygon","coordinates":[[[-51.35923500299293,-29.265608622539865],[-51.359253801521675,-29.263744195738003],[-51.35726240663473,-29.2637265897103],[-51.357243594616136,-29.26559101561281],[-51.35923500299293,-29.265608622539865]]]}},{"type":"Feature","properties":{"id_grade":"200ME52654N80880","pop":2,"dom":1,"universo_dom":"domicilios_ocupados_grade_ibge_2022","na_bacia":0,"area_pct_bacia":0.0,"metodo_recorte_bacia":"ponto_representativo_grade_2022; area_pct_geometrica"},"geometry":{"type":"Polygon","coordinates":[[[-51.35728121865328,-29.261862182693545],[-51.35730003067181,-29.259997796361116],[-51.35530866546247,-29.259980177742978],[-51.35528983905476,-29.26184456407531],[-51.35728121865328,-29.261862182693545]]]}},{"type":"Feature","properties":{"id_grade":"200ME52656N80880","pop":6,"dom":2,"universo_dom":"domicilios_ocupados_grade_ibge_2022","na_bacia":0,"area_pct_bacia":0.0,"metodo_recorte_bacia":"ponto_representativo_grade_2022; area_pct_geometrica"},"geometry":{"type":"Polygon","coordinates":[[[-51.35528983905476,-29.26184456407531],[-51.35530866546247,-29.259980177742978],[-51.35331729935382,-29.25996254563497],[-51.35329845945631,-29.261826931067993],[-51.35528983905476,-29.26184456407531]]]}},{"type":"Feature","properties":{"id_grade":"200ME52658N80880","pop":3,"dom":2,"universo_dom":"domicilios_ocupados_grade_ibge_2022","na_bacia":0,"area_pct_bacia":0.0,"metodo_recorte_bacia":"ponto_representativo_grade_2022; area_pct_geometrica"},"geometry":{"type":"Polygon","coordinates":[[[-51.35329845945631,-29.261826931067993],[-51.35331729935382,-29.25996254563497],[-51.351325934144484,-29.259944900037027],[-51.3513070798578,-29.26180928547013],[-51.35329845945631,-29.261826931067993]]]}},{"type":"Feature","properties":{"id_grade":"200ME52654N80882","pop":3,"dom":1,"universo_dom":"domicilios_ocupados_grade_ibge_2022","na_bacia":0,"area_pct_bacia":0.0,"metodo_recorte_bacia":"ponto_representativo_grade_2022; area_pct_geometrica"},"geometry":{"type":"Polygon","coordinates":[[[-51.35730003067181,-29.259997796361116],[-51.3573188426904,-29.258133430713222],[-51.35532749097086,-29.258115812095017],[-51.35530866546247,-29.259980177742978],[-51.35730003067181,-29.259997796361116]]]}},{"type":"Feature","properties":{"id_grade":"200ME52656N80882","pop":5,"dom":2,"universo_dom":"domicilios_ocupados_grade_ibge_2022","na_bacia":0,"area_pct_bacia":0.0,"metodo_recorte_bacia":"ponto_representativo_grade_2022; area_pct_geometrica"},"geometry":{"type":"Polygon","coordinates":[[[-51.35530866546247,-29.259980177742978],[-51.35532749097086,-29.258115812095017],[-51.35333613925138,-29.258098179986977],[-51.35331729935382,-29.25996254563497],[-51.35530866546247,-29.259980177742978]]]}},{"type":"Feature","properties":{"id_grade":"200ME52658N80882","pop":2,"dom":1,"universo_dom":"domicilios_ocupados_grade_ibge_2022","na_bacia":0,"area_pct_bacia":0.0,"metodo_recorte_bacia":"ponto_representativo_grade_2022; area_pct_geometrica"},"geometry":{"type":"Polygon","coordinates":[[[-51.35331729935382,-29.25996254563497],[-51.35333613925138,-29.258098179986977],[-51.35134478843122,-29.25808053528845],[-51.351325934144484,-29.259944900037027],[-51.35331729935382,-29.25996254563497]]]}},{"type":"Feature","properties":{"id_grade":"200ME52656N80884","pop":6,"dom":2,"universo_dom":"domicilios_ocupados_grade_ibge_2022","na_bacia":0,"area_pct_bacia":0.0,"metodo_recorte_bacia":"ponto_representativo_grade_2022; area_pct_geometrica"},"geometry":{"type":"Polygon","coordinates":[[[-51.35532749097086,-29.258115812095017],[-51.355346316479256,-29.25625146533279],[-51.353354979148946,-29.256233834124078],[-51.35333613925138,-29.258098179986977],[-51.35532749097086,-29.258115812095017]]]}},{"type":"Feature","properties":{"id_grade":"200ME52652N80886","pop":10,"dom":3,"universo_dom":"domicilios_ocupados_grade_ibge_2022","na_bacia":0,"area_pct_bacia":0.0,"metodo_recorte_bacia":"ponto_representativo_grade_2022; area_pct_geometrica"},"geometry":{"type":"Polygon","coordinates":[[[-51.35932899203931,-29.25628668907943],[-51.35934778876941,-29.2544223621023],[-51.357356464928905,-29.25440475787326],[-51.35733765380962,-29.256269083950993],[-51.35932899203931,-29.25628668907943]]]}},{"type":"Feature","properties":{"id_grade":"200ME52658N80886","pop":5,"dom":2,"universo_dom":"domicilios_ocupados_grade_ibge_2022","na_bacia":0,"area_pct_bacia":0.0,"metodo_recorte_bacia":"ponto_representativo_grade_2022; area_pct_geometrica"},"geometry":{"type":"Polygon","coordinates":[[[-51.353354979148946,-29.256233834124078],[-51.35337381904645,-29.25436950894564],[-51.35138249610526,-29.25435186424707],[-51.35136364181858,-29.256216189425547],[-51.353354979148946,-29.256233834124078]]]}},{"type":"Feature","properties":{"id_grade":"200ME52658N80888","pop":22,"dom":9,"universo_dom":"domicilios_ocupados_grade_ibge_2022","na_bacia":0,"area_pct_bacia":0.0,"metodo_recorte_bacia":"ponto_representativo_grade_2022; area_pct_geometrica"},"geometry":{"type":"Polygon","coordinates":[[[-51.35337381904645,-29.25436950894564],[-51.3533926580447,-29.25250520265289],[-51.35140134949262,-29.25248755885373],[-51.35138249610526,-29.25435186424707],[-51.35337381904645,-29.25436950894564]]]}},{"type":"Feature","properties":{"id_grade":"200ME52650N80890","pop":42,"dom":14,"universo_dom":"domicilios_ocupados_grade_ibge_2022","na_bacia":0,"area_pct_bacia":0.0,"metodo_recorte_bacia":"ponto_representativo_grade_2022; area_pct_geometrica"},"geometry":{"type":"Polygon","coordinates":[[[-51.361357895850176,-29.25257564654874],[-51.36137667819111,-29.250711360041173],[-51.35938538222956,-29.250693769301936],[-51.35936658549946,-29.252558055809562],[-51.361357895850176,-29.25257564654874]]]}},{"type":"Feature","properties":{"id_grade":"200ME52656N80890","pop":23,"dom":7,"universo_dom":"domicilios_ocupados_grade_ibge_2022","na_bacia":0,"area_pct_bacia":0.0,"metodo_recorte_bacia":"ponto_representativo_grade_2022; area_pct_geometrica"},"geometry":{"type":"Polygon","coordinates":[[[-51.35538396659672,-29.25252283386164],[-51.3554027921051,-29.25065854735404],[-51.35341149704289,-29.250640917044603],[-51.3533926580447,-29.25250520265289],[-51.35538396659672,-29.25252283386164]]]}},{"type":"Feature","properties":{"id_grade":"200ME52658N80890","pop":98,"dom":37,"universo_dom":"domicilios_ocupados_grade_ibge_2022","na_bacia":0,"area_pct_bacia":0.0,"metodo_recorte_bacia":"ponto_representativo_grade_2022; area_pct_geometrica"},"geometry":{"type":"Polygon","coordinates":[[[-51.3533926580447,-29.25250520265289],[-51.35341149704289,-29.250640917044603],[-51.35142020288003,-29.25062327324545],[-51.35140134949262,-29.25248755885373],[-51.3533926580447,-29.25250520265289]]]}},{"type":"Feature","properties":{"id_grade":"200ME52650N80892","pop":71,"dom":23,"universo_dom":"domicilios_ocupados_grade_ibge_2022","na_bacia":0,"area_pct_bacia":0.0,"metodo_recorte_bacia":"ponto_representativo_grade_2022; area_pct_geometrica"},"geometry":{"type":"Polygon","coordinates":[[[-51.36137667819111,-29.250711360041173],[-51.361395459632725,-29.2488470924193],[-51.359404178060345,-29.248829502579444],[-51.35938538222956,-29.250693769301936],[-51.36137667819111,-29.250711360041173]]]}},{"type":"Feature","properties":{"id_grade":"200ME52652N80892","pop":97,"dom":33,"universo_dom":"domicilios_ocupados_grade_ibge_2022","na_bacia":0,"area_pct_bacia":0.0,"metodo_recorte_bacia":"ponto_representativo_grade_2022; area_pct_geometrica"},"geometry":{"type":"Polygon","coordinates":[[[-51.35938538222956,-29.250693769301936],[-51.359404178060345,-29.248829502579444],[-51.35741289738723,-29.24881189835036],[-51.357394087167336,-29.250676165072893],[-51.35938538222956,-29.250693769301936]]]}},{"type":"Feature","properties":{"id_grade":"200ME52654N80892","pop":28,"dom":10,"universo_dom":"domicilios_ocupados_grade_ibge_2022","na_bacia":0,"area_pct_bacia":0.0,"metodo_recorte_bacia":"ponto_representativo_grade_2022; area_pct_geometrica"},"geometry":{"type":"Polygon","coordinates":[[[-51.357394087167336,-29.250676165072893],[-51.35741289738723,-29.24881189835036],[-51.35542161671418,-29.248794281530813],[-51.3554027921051,-29.25065854735404],[-51.357394087167336,-29.250676165072893]]]}},{"type":"Feature","properties":{"id_grade":"200ME52656N80892","pop":30,"dom":11,"universo_dom":"domicilios_ocupados_grade_ibge_2022","na_bacia":0,"area_pct_bacia":0.0,"metodo_recorte_bacia":"ponto_representativo_grade_2022; area_pct_geometrica"},"geometry":{"type":"Polygon","coordinates":[[[-51.3554027921051,-29.25065854735404],[-51.35542161671418,-29.248794281530813],[-51.35343033604113,-29.24877665122146],[-51.35341149704289,-29.250640917044603],[-51.3554027921051,-29.25065854735404]]]}},{"type":"Feature","properties":{"id_grade":"200ME52650N80894","pop":51,"dom":18,"universo_dom":"domicilios_ocupados_grade_ibge_2022","na_bacia":0,"area_pct_bacia":0.0,"metodo_recorte_bacia":"ponto_representativo_grade_2022; area_pct_geometrica"},"geometry":{"type":"Polygon","coordinates":[[[-51.361395459632725,-29.2488470924193],[-51.36141424197365,-29.246982845481877],[-51.35942297479039,-29.24696525564202],[-51.359404178060345,-29.248829502579444],[-51.361395459632725,-29.2488470924193]]]}},{"type":"Feature","properties":{"id_grade":"200ME52652N80894","pop":175,"dom":60,"universo_dom":"domicilios_ocupados_grade_ibge_2022","na_bacia":0,"area_pct_bacia":0.0,"metodo_recorte_bacia":"ponto_representativo_grade_2022; area_pct_geometrica"},"geometry":{"type":"Polygon","coordinates":[[[-51.359404178060345,-29.248829502579444],[-51.35942297479039,-29.24696525564202],[-51.357431707607184,-29.246947652312283],[-51.35741289738723,-29.24881189835036],[-51.359404178060345,-29.248829502579444]]]}},{"type":"Feature","properties":{"id_grade":"200ME52654N80894","pop":84,"dom":33,"universo_dom":"domicilios_ocupados_grade_ibge_2022","na_bacia":0,"area_pct_bacia":0.0,"metodo_recorte_bacia":"ponto_representativo_grade_2022; area_pct_geometrica"},"geometry":{"type":"Polygon","coordinates":[[[-51.35741289738723,-29.24881189835036],[-51.357431707607184,-29.246947652312283],[-51.35544044042393,-29.246930035492724],[-51.35542161671418,-29.248794281530813],[-51.35741289738723,-29.24881189835036]]]}},{"type":"Feature","properties":{"id_grade":"200ME52656N80894","pop":22,"dom":8,"universo_dom":"domicilios_ocupados_grade_ibge_2022","na_bacia":0,"area_pct_bacia":0.0,"metodo_recorte_bacia":"ponto_representativo_grade_2022; area_pct_geometrica"},"geometry":{"type":"Polygon","coordinates":[[[-51.35542161671418,-29.248794281530813],[-51.35544044042393,-29.246930035492724],[-51.35344917414005,-29.246912406082632],[-51.35343033604113,-29.24877665122146],[-51.35542161671418,-29.248794281530813]]]}},{"type":"Feature","properties":{"id_grade":"200ME52652N80896","pop":161,"dom":56,"universo_dom":"domicilios_ocupados_grade_ibge_2022","na_bacia":0,"area_pct_bacia":0.0,"metodo_recorte_bacia":"ponto_representativo_grade_2022; area_pct_geometrica"},"geometry":{"type":"Polygon","coordinates":[[[-51.35942297479039,-29.24696525564202],[-51.359441769721855,-29.245101029388973],[-51.35745051692778,-29.24508342605924],[-51.357431707607184,-29.246947652312283],[-51.35942297479039,-29.24696525564202]]]}},{"type":"Feature","properties":{"id_grade":"200ME52654N80896","pop":115,"dom":46,"universo_dom":"domicilios_ocupados_grade_ibge_2022","na_bacia":0,"area_pct_bacia":0.0,"metodo_recorte_bacia":"ponto_representativo_grade_2022; area_pct_geometrica"},"geometry":{"type":"Polygon","coordinates":[[[-51.357431707607184,-29.246947652312283],[-51.35745051692778,-29.24508342605924],[-51.35545926503301,-29.245065810138982],[-51.35544044042393,-29.246930035492724],[-51.357431707607184,-29.246947652312283]]]}},{"type":"Feature","properties":{"id_grade":"200ME52656N80896","pop":130,"dom":46,"universo_dom":"domicilios_ocupados_grade_ibge_2022","na_bacia":0,"area_pct_bacia":0.0,"metodo_recorte_bacia":"ponto_representativo_grade_2022; area_pct_geometrica"},"geometry":{"type":"Polygon","coordinates":[[[-51.35544044042393,-29.246930035492724],[-51.35545926503301,-29.245065810138982],[-51.35346801223892,-29.24504817982961],[-51.35344917414005,-29.246912406082632],[-51.35544044042393,-29.246930035492724]]]}},{"type":"Feature","properties":{"id_grade":"200ME52658N80896","pop":17,"dom":6,"universo_dom":"domicilios_ocupados_grade_ibge_2022","na_bacia":0,"area_pct_bacia":0.0,"metodo_recorte_bacia":"ponto_representativo_grade_2022; area_pct_geometrica"},"geometry":{"type":"Polygon","coordinates":[[[-51.35344917414005,-29.246912406082632],[-51.35346801223892,-29.24504817982961],[-51.351476760344156,-29.2450305369297],[-51.351457907856116,-29.246894762283453],[-51.35344917414005,-29.246912406082632]]]}},{"type":"Feature","properties":{"id_grade":"200ME52652N80898","pop":23,"dom":6,"universo_dom":"domicilios_ocupados_grade_ibge_2022","na_bacia":0,"area_pct_bacia":0.0,"metodo_recorte_bacia":"ponto_representativo_grade_2022; area_pct_geometrica"},"geometry":{"type":"Polygon","coordinates":[[[-51.359441769721855,-29.245101029388973],[-51.35946056555264,-29.243236822920984],[-51.35746932714767,-29.24321921959131],[-51.35745051692778,-29.24508342605924],[-51.359441769721855,-29.245101029388973]]]}},{"type":"Feature","properties":{"id_grade":"200ME52654N80898","pop":169,"dom":64,"universo_dom":"domicilios_ocupados_grade_ibge_2022","na_bacia":0,"area_pct_bacia":0.0,"metodo_recorte_bacia":"ponto_representativo_grade_2022; area_pct_geometrica"},"geometry":{"type":"Polygon","coordinates":[[[-51.35745051692778,-29.24508342605924],[-51.35746932714767,-29.24321921959131],[-51.35547808874275,-29.243201603671103],[-51.35545926503301,-29.245065810138982],[-51.35745051692778,-29.24508342605924]]]}},{"type":"Feature","properties":{"id_grade":"200ME52656N80898","pop":274,"dom":100,"universo_dom":"domicilios_ocupados_grade_ibge_2022","na_bacia":0,"area_pct_bacia":0.0,"metodo_recorte_bacia":"ponto_representativo_grade_2022; area_pct_geometrica"},"geometry":{"type":"Polygon","coordinates":[[[-51.35545926503301,-29.245065810138982],[-51.35547808874275,-29.243201603671103],[-51.35348685033784,-29.243183974260937],[-51.35346801223892,-29.24504817982961],[-51.35545926503301,-29.245065810138982]]]}},{"type":"Feature","properties":{"id_grade":"200ME52658N80898","pop":232,"dom":82,"universo_dom":"domicilios_ocupados_grade_ibge_2022","na_bacia":0,"area_pct_bacia":0.0,"metodo_recorte_bacia":"ponto_representativo_grade_2022; area_pct_geometrica"},"geometry":{"type":"Polygon","coordinates":[[[-51.35346801223892,-29.24504817982961],[-51.35348685033784,-29.243183974260937],[-51.35149561283225,-29.243166332260365],[-51.351476760344156,-29.2450305369297],[-51.35346801223892,-29.24504817982961]]]}},{"type":"Feature","properties":{"id_grade":"200ME52654N80900","pop":45,"dom":17,"universo_dom":"domicilios_ocupados_grade_ibge_2022","na_bacia":0,"area_pct_bacia":0.0,"metodo_recorte_bacia":"ponto_representativo_grade_2022; area_pct_geometrica"},"geometry":{"type":"Polygon","coordinates":[[[-51.35746932714767,-29.24321921959131],[-51.357488136468305,-29.241355033807732],[-51.35549691155318,-29.2413374178875],[-51.35547808874275,-29.243201603671103],[-51.35746932714767,-29.24321921959131]]]}},{"type":"Feature","properties":{"id_grade":"200ME52656N80900","pop":369,"dom":125,"universo_dom":"domicilios_ocupados_grade_ibge_2022","na_bacia":0,"area_pct_bacia":0.0,"metodo_recorte_bacia":"ponto_representativo_grade_2022; area_pct_geometrica"},"geometry":{"type":"Polygon","coordinates":[[[-51.35547808874275,-29.243201603671103],[-51.35549691155318,-29.2413374178875],[-51.3535056875374,-29.24131978847743],[-51.35348685033784,-29.243183974260937],[-51.35547808874275,-29.243201603671103]]]}},{"type":"Feature","properties":{"id_grade":"200ME52658N80900","pop":315,"dom":120,"universo_dom":"domicilios_ocupados_grade_ibge_2022","na_bacia":0,"area_pct_bacia":0.0,"metodo_recorte_bacia":"ponto_representativo_grade_2022; area_pct_geometrica"},"geometry":{"type":"Polygon","coordinates":[[[-51.35348685033784,-29.243183974260937],[-51.3535056875374,-29.24131978847743],[-51.35151446442097,-29.241302146476798],[-51.35149561283225,-29.243166332260365],[-51.35348685033784,-29.243183974260937]]]}},{"type":"Feature","properties":{"id_grade":"200ME52650N80902","pop":1,"dom":1,"universo_dom":"domicilios_ocupados_grade_ibge_2022","na_bacia":0,"area_pct_bacia":0.0,"metodo_recorte_bacia":"ponto_representativo_grade_2022; area_pct_geometrica"},"geometry":{"type":"Polygon","coordinates":[[[-51.36147058539916,-29.241390225178684],[-51.36148936594145,-29.23952605828092],[-51.359498155415515,-29.23950846934037],[-51.35947936048405,-29.241372636238037],[-51.36147058539916,-29.241390225178684]]]}},{"type":"Feature","properties":{"id_grade":"200ME52652N80902","pop":9,"dom":3,"universo_dom":"domicilios_ocupados_grade_ibge_2022","na_bacia":0,"area_pct_bacia":0.0,"metodo_recorte_bacia":"ponto_representativo_grade_2022; area_pct_geometrica"},"geometry":{"type":"Polygon","coordinates":[[[-51.35947936048405,-29.241372636238037],[-51.359498155415515,-29.23950846934037],[-51.357506944889565,-29.23949086690992],[-51.357488136468305,-29.241355033807732],[-51.35947936048405,-29.241372636238037]]]}},{"type":"Feature","properties":{"id_grade":"200ME52656N80902","pop":586,"dom":252,"universo_dom":"domicilios_ocupados_grade_ibge_2022","na_bacia":0,"area_pct_bacia":0.0,"metodo_recorte_bacia":"ponto_representativo_grade_2022; area_pct_geometrica"},"geometry":{"type":"Polygon","coordinates":[[[-51.35549691155318,-29.2413374178875],[-51.35551573526294,-29.239473251889024],[-51.35352452563631,-29.239455623378262],[-51.3535056875374,-29.24131978847743],[-51.35549691155318,-29.2413374178875]]]}},{"type":"Feature","properties":{"id_grade":"200ME52658N80902","pop":352,"dom":133,"universo_dom":"domicilios_ocupados_grade_ibge_2022","na_bacia":0,"area_pct_bacia":0.0,"metodo_recorte_bacia":"ponto_representativo_grade_2022; area_pct_geometrica"},"geometry":{"type":"Polygon","coordinates":[[[-51.3535056875374,-29.24131978847743],[-51.35352452563631,-29.239455623378262],[-51.351533316009686,-29.239437981377698],[-51.35151446442097,-29.241302146476798],[-51.3535056875374,-29.24131978847743]]]}},{"type":"Feature","properties":{"id_grade":"200ME52650N80904","pop":34,"dom":14,"universo_dom":"domicilios_ocupados_grade_ibge_2022","na_bacia":0,"area_pct_bacia":0.0,"metodo_recorte_bacia":"ponto_representativo_grade_2022; area_pct_geometrica"},"geometry":{"type":"Polygon","coordinates":[[[-51.36148936594145,-29.23952605828092],[-51.36150814648374,-29.237661911168193],[-51.359516950346915,-29.237644323126954],[-51.359498155415515,-29.23950846934037],[-51.36148936594145,-29.23952605828092]]]}},{"type":"Feature","properties":{"id_grade":"200ME52652N80904","pop":12,"dom":5,"universo_dom":"domicilios_ocupados_grade_ibge_2022","na_bacia":0,"area_pct_bacia":0.0,"metodo_recorte_bacia":"ponto_representativo_grade_2022; area_pct_geometrica"},"geometry":{"type":"Polygon","coordinates":[[[-51.359498155415515,-29.23950846934037],[-51.359516950346915,-29.237644323126954],[-51.357525754210144,-29.23762672069651],[-51.357506944889565,-29.23949086690992],[-51.359498155415515,-29.23950846934037]]]}},{"type":"Feature","properties":{"id_grade":"200ME52654N80904","pop":8,"dom":2,"universo_dom":"domicilios_ocupados_grade_ibge_2022","na_bacia":0,"area_pct_bacia":0.0,"metodo_recorte_bacia":"ponto_representativo_grade_2022; area_pct_geometrica"},"geometry":{"type":"Polygon","coordinates":[[[-51.357506944889565,-29.23949086690992],[-51.357525754210144,-29.23762672069651],[-51.355534558073366,-29.23760910567566],[-51.35551573526294,-29.239473251889024],[-51.357506944889565,-29.23949086690992]]]}},{"type":"Feature","properties":{"id_grade":"200ME52658N80904","pop":42,"dom":18,"universo_dom":"domicilios_ocupados_grade_ibge_2022","na_bacia":0,"area_pct_bacia":0.0,"metodo_recorte_bacia":"ponto_representativo_grade_2022; area_pct_geometrica"},"geometry":{"type":"Polygon","coordinates":[[[-51.35352452563631,-29.239455623378262],[-51.353543362835865,-29.23759147716485],[-51.35155216759841,-29.237573836063614],[-51.351533316009686,-29.239437981377698],[-51.35352452563631,-29.239455623378262]]]}},{"type":"Feature","properties":{"id_grade":"200ME52650N80906","pop":177,"dom":64,"universo_dom":"domicilios_ocupados_grade_ibge_2022","na_bacia":0,"area_pct_bacia":0.0,"metodo_recorte_bacia":"ponto_representativo_grade_2022; area_pct_geometrica"},"geometry":{"type":"Polygon","coordinates":[[[-51.36150814648374,-29.237661911168193],[-51.361526927026034,-29.23579778473988],[-51.35953574437905,-29.23578019579933],[-51.359516950346915,-29.237644323126954],[-51.36150814648374,-29.237661911168193]]]}},{"type":"Feature","properties":{"id_grade":"200ME52652N80906","pop":155,"dom":60,"universo_dom":"domicilios_ocupados_grade_ibge_2022","na_bacia":0,"area_pct_bacia":0.0,"metodo_recorte_bacia":"ponto_representativo_grade_2022; area_pct_geometrica"},"geometry":{"type":"Polygon","coordinates":[[[-51.359516950346915,-29.237644323126954],[-51.35953574437905,-29.23578019579933],[-51.3575445626314,-29.235762594268287],[-51.357525754210144,-29.23762672069651],[-51.359516950346915,-29.237644323126954]]]}},{"type":"Feature","properties":{"id_grade":"200ME52654N80906","pop":165,"dom":62,"universo_dom":"domicilios_ocupados_grade_ibge_2022","na_bacia":0,"area_pct_bacia":0.0,"metodo_recorte_bacia":"ponto_representativo_grade_2022; area_pct_geometrica"},"geometry":{"type":"Polygon","coordinates":[[[-51.357525754210144,-29.23762672069651],[-51.3575445626314,-29.235762594268287],[-51.355553380883805,-29.235744980146684],[-51.355534558073366,-29.23760910567566],[-51.357525754210144,-29.23762672069651]]]}},{"type":"Feature","properties":{"id_grade":"200ME52650N80908","pop":153,"dom":59,"universo_dom":"domicilios_ocupados_grade_ibge_2022","na_bacia":0,"area_pct_bacia":0.0,"metodo_recorte_bacia":"ponto_representativo_grade_2022; area_pct_geometrica"},"geometry":{"type":"Polygon","coordinates":[[[-51.361526927026034,-29.23579778473988],[-51.361545706669006,-29.233933677197466],[-51.359554538411196,-29.233916089156114],[-51.35953574437905,-29.23578019579933],[-51.361526927026034,-29.23579778473988]]]}},{"type":"Feature","properties":{"id_grade":"200ME52652N80908","pop":71,"dom":29,"universo_dom":"domicilios_ocupados_grade_ibge_2022","na_bacia":0,"area_pct_bacia":0.0,"metodo_recorte_bacia":"ponto_representativo_grade_2022; area_pct_geometrica"},"geometry":{"type":"Polygon","coordinates":[[[-51.35953574437905,-29.23578019579933],[-51.359554538411196,-29.233916089156114],[-51.35756337105266,-29.23389848852439],[-51.3575445626314,-29.235762594268287],[-51.35953574437905,-29.23578019579933]]]}},{"type":"Feature","properties":{"id_grade":"200ME52654N80908","pop":130,"dom":56,"universo_dom":"domicilios_ocupados_grade_ibge_2022","na_bacia":0,"area_pct_bacia":0.0,"metodo_recorte_bacia":"ponto_representativo_grade_2022; area_pct_geometrica"},"geometry":{"type":"Polygon","coordinates":[[[-51.3575445626314,-29.235762594268287],[-51.35756337105266,-29.23389848852439],[-51.35557220279485,-29.23388087350345],[-51.355553380883805,-29.235744980146684],[-51.3575445626314,-29.235762594268287]]]}},{"type":"Feature","properties":{"id_grade":"200ME52656N80908","pop":144,"dom":53,"universo_dom":"domicilios_ocupados_grade_ibge_2022","na_bacia":0,"area_pct_bacia":0.0,"metodo_recorte_bacia":"ponto_representativo_grade_2022; area_pct_geometrica"},"geometry":{"type":"Polygon","coordinates":[[[-51.355553380883805,-29.235744980146684],[-51.35557220279485,-29.23388087350345],[-51.3535810363357,-29.233863245892067],[-51.35356219913615,-29.235727351635962],[-51.355553380883805,-29.235744980146684]]]}},{"type":"Feature","properties":{"id_grade":"200ME52658N80908","pop":61,"dom":25,"universo_dom":"domicilios_ocupados_grade_ibge_2022","na_bacia":0,"area_pct_bacia":0.0,"metodo_recorte_bacia":"ponto_representativo_grade_2022; area_pct_geometrica"},"geometry":{"type":"Polygon","coordinates":[[[-51.35356219913615,-29.235727351635962],[-51.3535810363357,-29.233863245892067],[-51.351589868977214,-29.233845604790776],[-51.35157101828782,-29.235709710534653],[-51.35356219913615,-29.235727351635962]]]}},{"type":"Feature","properties":{"id_grade":"200ME52650N80910","pop":159,"dom":64,"universo_dom":"domicilios_ocupados_grade_ibge_2022","na_bacia":0,"area_pct_bacia":0.0,"metodo_recorte_bacia":"ponto_representativo_grade_2022; area_pct_geometrica"},"geometry":{"type":"Polygon","coordinates":[[[-51.361545706669006,-29.233933677197466],[-51.36156448631198,-29.232069590339258],[-51.35957333244329,-29.232052003197396],[-51.359554538411196,-29.233916089156114],[-51.361545706669006,-29.233933677197466]]]}},{"type":"Feature","properties":{"id_grade":"200ME52652N80910","pop":90,"dom":38,"universo_dom":"domicilios_ocupados_grade_ibge_2022","na_bacia":0,"area_pct_bacia":0.0,"metodo_recorte_bacia":"ponto_representativo_grade_2022; area_pct_geometrica"},"geometry":{"type":"Polygon","coordinates":[[[-51.359554538411196,-29.233916089156114],[-51.35957333244329,-29.232052003197396],[-51.35758217857466,-29.23203440166632],[-51.35756337105266,-29.23389848852439],[-51.359554538411196,-29.233916089156114]]]}},{"type":"Feature","properties":{"id_grade":"200ME52654N80910","pop":155,"dom":67,"universo_dom":"domicilios_ocupados_grade_ibge_2022","na_bacia":0,"area_pct_bacia":0.0,"metodo_recorte_bacia":"ponto_representativo_grade_2022; area_pct_geometrica"},"geometry":{"type":"Polygon","coordinates":[[[-51.35756337105266,-29.23389848852439],[-51.35758217857466,-29.23203440166632],[-51.35559102560529,-29.232016787544595],[-51.35557220279485,-29.23388087350345],[-51.35756337105266,-29.23389848852439]]]}},{"type":"Feature","properties":{"id_grade":"200ME52656N80910","pop":84,"dom":35,"universo_dom":"domicilios_ocupados_grade_ibge_2022","na_bacia":0,"area_pct_bacia":0.0,"metodo_recorte_bacia":"ponto_representativo_grade_2022; area_pct_geometrica"},"geometry":{"type":"Polygon","coordinates":[[[-51.35557220279485,-29.23388087350345],[-51.35559102560529,-29.232016787544595],[-51.35359987263598,-29.23199916083256],[-51.3535810363357,-29.233863245892067],[-51.35557220279485,-29.23388087350345]]]}},{"type":"Feature","properties":{"id_grade":"200ME52658N80910","pop":70,"dom":26,"universo_dom":"domicilios_ocupados_grade_ibge_2022","na_bacia":0,"area_pct_bacia":0.0,"metodo_recorte_bacia":"ponto_representativo_grade_2022; area_pct_geometrica"},"geometry":{"type":"Polygon","coordinates":[[[-51.3535810363357,-29.233863245892067],[-51.35359987263598,-29.23199916083256],[-51.35160871966661,-29.231981519731377],[-51.351589868977214,-29.233845604790776],[-51.3535810363357,-29.233863245892067]]]}},{"type":"Feature","properties":{"id_grade":"200ME52650N80912","pop":98,"dom":36,"universo_dom":"domicilios_ocupados_grade_ibge_2022","na_bacia":0,"area_pct_bacia":0.0,"metodo_recorte_bacia":"ponto_representativo_grade_2022; area_pct_geometrica"},"geometry":{"type":"Polygon","coordinates":[[[-51.36156448631198,-29.232069590339258],[-51.36158326505557,-29.230205523266253],[-51.35959212557612,-29.23018793612436],[-51.35957333244329,-29.232052003197396],[-51.36156448631198,-29.232069590339258]]]}},{"type":"Feature","properties":{"id_grade":"200ME52652N80912","pop":14,"dom":6,"universo_dom":"domicilios_ocupados_grade_ibge_2022","na_bacia":0,"area_pct_bacia":0.0685,"metodo_recorte_bacia":"ponto_representativo_grade_2022; area_pct_geometrica"},"geometry":{"type":"Polygon","coordinates":[[[-51.35957333244329,-29.232052003197396],[-51.35959212557612,-29.23018793612436],[-51.35760098609661,-29.230170335492534],[-51.35758217857466,-29.23203440166632],[-51.35957333244329,-29.232052003197396]]]}},{"type":"Feature","properties":{"id_grade":"200ME52654N80912","pop":69,"dom":33,"universo_dom":"domicilios_ocupados_grade_ibge_2022","na_bacia":0,"area_pct_bacia":3.4506,"metodo_recorte_bacia":"ponto_representativo_grade_2022; area_pct_geometrica"},"geometry":{"type":"Polygon","coordinates":[[[-51.35758217857466,-29.23203440166632],[-51.35760098609661,-29.230170335492534],[-51.35560984751641,-29.23015272137098],[-51.35559102560529,-29.232016787544595],[-51.35758217857466,-29.23203440166632]]]}},{"type":"Feature","properties":{"id_grade":"200ME52656N80912","pop":98,"dom":39,"universo_dom":"domicilios_ocupados_grade_ibge_2022","na_bacia":0,"area_pct_bacia":0.0,"metodo_recorte_bacia":"ponto_representativo_grade_2022; area_pct_geometrica"},"geometry":{"type":"Polygon","coordinates":[[[-51.35559102560529,-29.232016787544595],[-51.35560984751641,-29.23015272137098],[-51.35361870803689,-29.230135094658827],[-51.35359987263598,-29.23199916083256],[-51.35559102560529,-29.232016787544595]]]}},{"type":"Feature","properties":{"id_grade":"200ME52658N80912","pop":78,"dom":40,"universo_dom":"domicilios_ocupados_grade_ibge_2022","na_bacia":0,"area_pct_bacia":0.0,"metodo_recorte_bacia":"ponto_representativo_grade_2022; area_pct_geometrica"},"geometry":{"type":"Polygon","coordinates":[[[-51.35359987263598,-29.23199916083256],[-51.35361870803689,-29.230135094658827],[-51.35162756945669,-29.23011745445687],[-51.35160871966661,-29.231981519731377],[-51.35359987263598,-29.23199916083256]]]}},{"type":"Feature","properties":{"id_grade":"200ME52650N80914","pop":25,"dom":9,"universo_dom":"domicilios_ocupados_grade_ibge_2022","na_bacia":1,"area_pct_bacia":65.7623,"metodo_recorte_bacia":"ponto_representativo_grade_2022; area_pct_geometrica"},"geometry":{"type":"Polygon","coordinates":[[[-51.36158326505557,-29.230205523266253],[-51.36160204469855,-29.228341475978308],[-51.35961091870889,-29.22832388973565],[-51.35959212557612,-29.23018793612436],[-51.36158326505557,-29.230205523266253]]]}},{"type":"Feature","properties":{"id_grade":"200ME52652N80914","pop":3,"dom":1,"universo_dom":"domicilios_ocupados_grade_ibge_2022","na_bacia":1,"area_pct_bacia":89.7289,"metodo_recorte_bacia":"ponto_representativo_grade_2022; area_pct_geometrica"},"geometry":{"type":"Polygon","coordinates":[[[-51.35959212557612,-29.23018793612436],[-51.35961091870889,-29.22832388973565],[-51.35761979361854,-29.228306289103877],[-51.35760098609661,-29.230170335492534],[-51.35959212557612,-29.23018793612436]]]}},{"type":"Feature","properties":{"id_grade":"200ME52654N80914","pop":29,"dom":11,"universo_dom":"domicilios_ocupados_grade_ibge_2022","na_bacia":1,"area_pct_bacia":48.621,"metodo_recorte_bacia":"ponto_representativo_grade_2022; area_pct_geometrica"},"geometry":{"type":"Polygon","coordinates":[[[-51.35760098609661,-29.230170335492534],[-51.35761979361854,-29.228306289103877],[-51.355628668528205,-29.228288675881668],[-51.35560984751641,-29.23015272137098],[-51.35760098609661,-29.230170335492534]]]}},{"type":"Feature","properties":{"id_grade":"200ME52656N80914","pop":14,"dom":6,"universo_dom":"domicilios_ocupados_grade_ibge_2022","na_bacia":0,"area_pct_bacia":0.0,"metodo_recorte_bacia":"ponto_representativo_grade_2022; area_pct_geometrica"},"geometry":{"type":"Polygon","coordinates":[[[-51.35560984751641,-29.23015272137098],[-51.355628668528205,-29.228288675881668],[-51.353637544337175,-29.228271049169564],[-51.35361870803689,-29.230135094658827],[-51.35560984751641,-29.23015272137098]]]}},{"type":"Feature","properties":{"id_grade":"200ME52658N80914","pop":80,"dom":31,"universo_dom":"domicilios_ocupados_grade_ibge_2022","na_bacia":0,"area_pct_bacia":0.0,"metodo_recorte_bacia":"ponto_representativo_grade_2022; area_pct_geometrica"},"geometry":{"type":"Polygon","coordinates":[[[-51.35361870803689,-29.230135094658827],[-51.353637544337175,-29.228271049169564],[-51.35164641924684,-29.22825340896758],[-51.35162756945669,-29.23011745445687],[-51.35361870803689,-29.230135094658827]]]}},{"type":"Feature","properties":{"id_grade":"200ME52650N80916","pop":37,"dom":16,"universo_dom":"domicilios_ocupados_grade_ibge_2022","na_bacia":1,"area_pct_bacia":98.8949,"metodo_recorte_bacia":"ponto_representativo_grade_2022; area_pct_geometrica"},"geometry":{"type":"Polygon","coordinates":[[[-51.36160204469855,-29.228341475978308],[-51.36162082344219,-29.22647744937472],[-51.3596297118417,-29.22645986223274],[-51.35961091870889,-29.22832388973565],[-51.36160204469855,-29.228341475978308]]]}},{"type":"Feature","properties":{"id_grade":"200ME52652N80916","pop":59,"dom":22,"universo_dom":"domicilios_ocupados_grade_ibge_2022","na_bacia":0,"area_pct_bacia":52.9806,"metodo_recorte_bacia":"ponto_representativo_grade_2022; area_pct_geometrica"},"geometry":{"type":"Polygon","coordinates":[[[-51.35961091870889,-29.22832388973565],[-51.3596297118417,-29.22645986223274],[-51.35763860114047,-29.226442262500342],[-51.35761979361854,-29.228306289103877],[-51.35961091870889,-29.22832388973565]]]}},{"type":"Feature","properties":{"id_grade":"200ME52654N80916","pop":118,"dom":43,"universo_dom":"domicilios_ocupados_grade_ibge_2022","na_bacia":0,"area_pct_bacia":2.4264,"metodo_recorte_bacia":"ponto_representativo_grade_2022; area_pct_geometrica"},"geometry":{"type":"Polygon","coordinates":[[[-51.35761979361854,-29.228306289103877],[-51.35763860114047,-29.226442262500342],[-51.35564749043931,-29.22642464927808],[-51.355628668528205,-29.228288675881668],[-51.35761979361854,-29.228306289103877]]]}},{"type":"Feature","properties":{"id_grade":"200ME52656N80916","pop":13,"dom":5,"universo_dom":"domicilios_ocupados_grade_ibge_2022","na_bacia":0,"area_pct_bacia":0.0,"metodo_recorte_bacia":"ponto_representativo_grade_2022; area_pct_geometrica"},"geometry":{"type":"Polygon","coordinates":[[[-51.355628668528205,-29.228288675881668],[-51.35564749043931,-29.22642464927808],[-51.353656379738084,-29.226407023465303],[-51.353637544337175,-29.228271049169564],[-51.355628668528205,-29.228288675881668]]]}},{"type":"Feature","properties":{"id_grade":"200ME52658N80916","pop":18,"dom":8,"universo_dom":"domicilios_ocupados_grade_ibge_2022","na_bacia":0,"area_pct_bacia":0.0,"metodo_recorte_bacia":"ponto_representativo_grade_2022; area_pct_geometrica"},"geometry":{"type":"Polygon","coordinates":[[[-51.353637544337175,-29.228271049169564],[-51.353656379738084,-29.226407023465303],[-51.35166526903692,-29.226389383263342],[-51.35164641924684,-29.22825340896758],[-51.353637544337175,-29.228271049169564]]]}},{"type":"Feature","properties":{"id_grade":"200ME52650N80918","pop":17,"dom":6,"universo_dom":"domicilios_ocupados_grade_ibge_2022","na_bacia":0,"area_pct_bacia":53.9452,"metodo_recorte_bacia":"ponto_representativo_grade_2022; area_pct_geometrica"},"geometry":{"type":"Polygon","coordinates":[[[-51.36162082344219,-29.22647744937472],[-51.361639602185846,-29.224613442556286],[-51.35964850497447,-29.224595855414282],[-51.3596297118417,-29.22645986223274],[-51.36162082344219,-29.22647744937472]]]}},{"type":"Feature","properties":{"id_grade":"200ME52652N80918","pop":69,"dom":24,"universo_dom":"domicilios_ocupados_grade_ibge_2022","na_bacia":0,"area_pct_bacia":0.0,"metodo_recorte_bacia":"ponto_representativo_grade_2022; area_pct_geometrica"},"geometry":{"type":"Polygon","coordinates":[[[-51.3596297118417,-29.22645986223274],[-51.35964850497447,-29.224595855414282],[-51.3576574077631,-29.2245782565813],[-51.35763860114047,-29.226442262500342],[-51.3596297118417,-29.22645986223274]]]}},{"type":"Feature","properties":{"id_grade":"200ME52654N80918","pop":164,"dom":66,"universo_dom":"domicilios_ocupados_grade_ibge_2022","na_bacia":0,"area_pct_bacia":0.0,"metodo_recorte_bacia":"ponto_representativo_grade_2022; area_pct_geometrica"},"geometry":{"type":"Polygon","coordinates":[[[-51.35763860114047,-29.226442262500342],[-51.3576574077631,-29.2245782565813],[-51.355666311451046,-29.22456064335896],[-51.35564749043931,-29.22642464927808],[-51.35763860114047,-29.226442262500342]]]}},{"type":"Feature","properties":{"id_grade":"200ME52656N80918","pop":165,"dom":69,"universo_dom":"domicilios_ocupados_grade_ibge_2022","na_bacia":0,"area_pct_bacia":4.1821,"metodo_recorte_bacia":"ponto_representativo_grade_2022; area_pct_geometrica"},"geometry":{"type":"Polygon","coordinates":[[[-51.35564749043931,-29.22642464927808],[-51.355666311451046,-29.22456064335896],[-51.35367521513905,-29.22454301754613],[-51.353656379738084,-29.226407023465303],[-51.35564749043931,-29.22642464927808]]]}},{"type":"Feature","properties":{"id_grade":"200ME52658N80918","pop":186,"dom":83,"universo_dom":"domicilios_ocupados_grade_ibge_2022","na_bacia":1,"area_pct_bacia":27.7413,"metodo_recorte_bacia":"ponto_representativo_grade_2022; area_pct_geometrica"},"geometry":{"type":"Polygon","coordinates":[[[-51.353656379738084,-29.226407023465303],[-51.35367521513905,-29.22454301754613],[-51.351684118827,-29.22452537734432],[-51.35166526903692,-29.226389383263342],[-51.353656379738084,-29.226407023465303]]]}},{"type":"Feature","properties":{"id_grade":"200ME52650N80920","pop":98,"dom":35,"universo_dom":"domicilios_ocupados_grade_ibge_2022","na_bacia":1,"area_pct_bacia":98.8035,"metodo_recorte_bacia":"ponto_representativo_grade_2022; area_pct_geometrica"},"geometry":{"type":"Polygon","coordinates":[[[-51.361639602185846,-29.224613442556286],[-51.361658380030185,-29.222749454623568],[-51.35966729720798,-29.222731869280363],[-51.35964850497447,-29.224595855414282],[-51.361639602185846,-29.224613442556286]]]}},{"type":"Feature","properties":{"id_grade":"200ME52652N80920","pop":178,"dom":77,"universo_dom":"domicilios_ocupados_grade_ibge_2022","na_bacia":1,"area_pct_bacia":58.8516,"metodo_recorte_bacia":"ponto_representativo_grade_2022; area_pct_geometrica"},"geometry":{"type":"Polygon","coordinates":[[[-51.35964850497447,-29.224595855414282],[-51.35966729720798,-29.222731869280363],[-51.35767621438572,-29.222714269547833],[-51.3576574077631,-29.2245782565813],[-51.35964850497447,-29.224595855414282]]]}},{"type":"Feature","properties":{"id_grade":"200ME52654N80920","pop":173,"dom":63,"universo_dom":"domicilios_ocupados_grade_ibge_2022","na_bacia":1,"area_pct_bacia":75.7539,"metodo_recorte_bacia":"ponto_representativo_grade_2022; area_pct_geometrica"},"geometry":{"type":"Polygon","coordinates":[[[-51.3576574077631,-29.2245782565813],[-51.35767621438572,-29.222714269547833],[-51.35568513156352,-29.222696657224883],[-51.355666311451046,-29.22456064335896],[-51.3576574077631,-29.2245782565813]]]}},{"type":"Feature","properties":{"id_grade":"200ME52656N80920","pop":168,"dom":75,"universo_dom":"domicilios_ocupados_grade_ibge_2022","na_bacia":1,"area_pct_bacia":97.5661,"metodo_recorte_bacia":"ponto_representativo_grade_2022; area_pct_geometrica"},"geometry":{"type":"Polygon","coordinates":[[[-51.355666311451046,-29.22456064335896],[-51.35568513156352,-29.222696657224883],[-51.35369404964064,-29.222679031412056],[-51.35367521513905,-29.22454301754613],[-51.355666311451046,-29.22456064335896]]]}},{"type":"Feature","properties":{"id_grade":"200ME52658N80920","pop":26,"dom":8,"universo_dom":"domicilios_ocupados_grade_ibge_2022","na_bacia":1,"area_pct_bacia":100.0,"metodo_recorte_bacia":"ponto_representativo_grade_2022; area_pct_geometrica"},"geometry":{"type":"Polygon","coordinates":[[[-51.35367521513905,-29.22454301754613],[-51.35369404964064,-29.222679031412056],[-51.351702967717756,-29.222661392109476],[-51.351684118827,-29.22452537734432],[-51.35367521513905,-29.22454301754613]]]}},{"type":"Feature","properties":{"id_grade":"200ME52650N80922","pop":96,"dom":39,"universo_dom":"domicilios_ocupados_grade_ibge_2022","na_bacia":1,"area_pct_bacia":100.0,"metodo_recorte_bacia":"ponto_representativo_grade_2022; area_pct_geometrica"},"geometry":{"type":"Polygon","coordinates":[[[-51.361658380030185,-29.222749454623568],[-51.3616771578745,-29.22088548827463],[-51.35968608944143,-29.22086790203209],[-51.35966729720798,-29.222731869280363],[-51.361658380030185,-29.222749454623568]]]}},{"type":"Feature","properties":{"id_grade":"200ME52652N80922","pop":145,"dom":51,"universo_dom":"domicilios_ocupados_grade_ibge_2022","na_bacia":1,"area_pct_bacia":100.0,"metodo_recorte_bacia":"ponto_representativo_grade_2022; area_pct_geometrica"},"geometry":{"type":"Polygon","coordinates":[[[-51.35966729720798,-29.222731869280363],[-51.35968608944143,-29.22086790203209],[-51.3576950210084,-29.220850303198898],[-51.35767621438572,-29.222714269547833],[-51.35966729720798,-29.222731869280363]]]}},{"type":"Feature","properties":{"id_grade":"200ME52654N80922","pop":181,"dom":68,"universo_dom":"domicilios_ocupados_grade_ibge_2022","na_bacia":1,"area_pct_bacia":100.0,"metodo_recorte_bacia":"ponto_representativo_grade_2022; area_pct_geometrica"},"geometry":{"type":"Polygon","coordinates":[[[-51.35767621438572,-29.222714269547833],[-51.3576950210084,-29.220850303198898],[-51.35570395257531,-29.22083269087594],[-51.35568513156352,-29.222696657224883],[-51.35767621438572,-29.222714269547833]]]}},{"type":"Feature","properties":{"id_grade":"200ME52656N80922","pop":67,"dom":27,"universo_dom":"domicilios_ocupados_grade_ibge_2022","na_bacia":1,"area_pct_bacia":100.0,"metodo_recorte_bacia":"ponto_representativo_grade_2022; area_pct_geometrica"},"geometry":{"type":"Polygon","coordinates":[[[-51.35568513156352,-29.222696657224883],[-51.35570395257531,-29.22083269087594],[-51.353712884142226,-29.220815065063167],[-51.35369404964064,-29.222679031412056],[-51.35568513156352,-29.222696657224883]]]}},{"type":"Feature","properties":{"id_grade":"200ME52658N80922","pop":19,"dom":6,"universo_dom":"domicilios_ocupados_grade_ibge_2022","na_bacia":1,"area_pct_bacia":100.0,"metodo_recorte_bacia":"ponto_representativo_grade_2022; area_pct_geometrica"},"geometry":{"type":"Polygon","coordinates":[[[-51.35369404964064,-29.222679031412056],[-51.353712884142226,-29.220815065063167],[-51.351721816608524,-29.22079742665989],[-51.351702967717756,-29.222661392109476],[-51.35369404964064,-29.222679031412056]]]}},{"type":"Feature","properties":{"id_grade":"200ME52650N80924","pop":183,"dom":75,"universo_dom":"domicilios_ocupados_grade_ibge_2022","na_bacia":1,"area_pct_bacia":100.0,"metodo_recorte_bacia":"ponto_representativo_grade_2022; area_pct_geometrica"},"geometry":{"type":"Polygon","coordinates":[[[-51.3616771578745,-29.22088548827463],[-51.36169593571884,-29.219021540811408],[-51.35970488167493,-29.21900395546815],[-51.35968608944143,-29.22086790203209],[-51.3616771578745,-29.22088548827463]]]}},{"type":"Feature","properties":{"id_grade":"200ME52652N80924","pop":65,"dom":22,"universo_dom":"domicilios_ocupados_grade_ibge_2022","na_bacia":1,"area_pct_bacia":100.0,"metodo_recorte_bacia":"ponto_representativo_grade_2022; area_pct_geometrica"},"geometry":{"type":"Polygon","coordinates":[[[-51.35968608944143,-29.22086790203209],[-51.35970488167493,-29.21900395546815],[-51.3577138267317,-29.218986356635043],[-51.3576950210084,-29.220850303198898],[-51.35968608944143,-29.22086790203209]]]}},{"type":"Feature","properties":{"id_grade":"200ME52654N80924","pop":8,"dom":5,"universo_dom":"domicilios_ocupados_grade_ibge_2022","na_bacia":1,"area_pct_bacia":100.0,"metodo_recorte_bacia":"ponto_representativo_grade_2022; area_pct_geometrica"},"geometry":{"type":"Polygon","coordinates":[[[-51.3576950210084,-29.220850303198898],[-51.3577138267317,-29.218986356635043],[-51.355722772687784,-29.218968744312107],[-51.35570395257531,-29.22083269087594],[-51.3576950210084,-29.220850303198898]]]}},{"type":"Feature","properties":{"id_grade":"200ME52656N80924","pop":74,"dom":24,"universo_dom":"domicilios_ocupados_grade_ibge_2022","na_bacia":1,"area_pct_bacia":100.0,"metodo_recorte_bacia":"ponto_representativo_grade_2022; area_pct_geometrica"},"geometry":{"type":"Polygon","coordinates":[[[-51.35570395257531,-29.22083269087594],[-51.355722772687784,-29.218968744312107],[-51.35373171864387,-29.218951119398614],[-51.353712884142226,-29.220815065063167],[-51.35570395257531,-29.22083269087594]]]}},{"type":"Feature","properties":{"id_grade":"200ME52658N80924","pop":9,"dom":3,"universo_dom":"domicilios_ocupados_grade_ibge_2022","na_bacia":1,"area_pct_bacia":100.0,"metodo_recorte_bacia":"ponto_representativo_grade_2022; area_pct_geometrica"},"geometry":{"type":"Polygon","coordinates":[[[-51.353712884142226,-29.220815065063167],[-51.35373171864387,-29.218951119398614],[-51.35174066549928,-29.218933480995265],[-51.351721816608524,-29.22079742665989],[-51.353712884142226,-29.220815065063167]]]}},{"type":"Feature","properties":{"id_grade":"200ME52650N80926","pop":116,"dom":46,"universo_dom":"domicilios_ocupados_grade_ibge_2022","na_bacia":1,"area_pct_bacia":100.0,"metodo_recorte_bacia":"ponto_representativo_grade_2022; area_pct_geometrica"},"geometry":{"type":"Polygon","coordinates":[[[-51.36169593571884,-29.219021540811408],[-51.36171471356312,-29.217157613133292],[-51.35972367300906,-29.217140028689364],[-51.35970488167493,-29.21900395546815],[-51.36169593571884,-29.219021540811408]]]}},{"type":"Feature","properties":{"id_grade":"200ME52652N80926","pop":42,"dom":18,"universo_dom":"domicilios_ocupados_grade_ibge_2022","na_bacia":1,"area_pct_bacia":100.0,"metodo_recorte_bacia":"ponto_representativo_grade_2022; area_pct_geometrica"},"geometry":{"type":"Polygon","coordinates":[[[-51.35970488167493,-29.21900395546815],[-51.35972367300906,-29.217140028689364],[-51.357732632455,-29.21712242985623],[-51.3577138267317,-29.218986356635043],[-51.35970488167493,-29.21900395546815]]]}},{"type":"Feature","properties":{"id_grade":"200ME52656N80926","pop":40,"dom":15,"universo_dom":"domicilios_ocupados_grade_ibge_2022","na_bacia":1,"area_pct_bacia":100.0,"metodo_recorte_bacia":"ponto_representativo_grade_2022; area_pct_geometrica"},"geometry":{"type":"Polygon","coordinates":[[[-51.355722772687784,-29.218968744312107],[-51.3557415928002,-29.217104818432578],[-51.35375055314546,-29.217087193519124],[-51.35373171864387,-29.218951119398614],[-51.355722772687784,-29.218968744312107]]]}},{"type":"Feature","properties":{"id_grade":"200ME52658N80926","pop":76,"dom":31,"universo_dom":"domicilios_ocupados_grade_ibge_2022","na_bacia":1,"area_pct_bacia":100.0,"metodo_recorte_bacia":"ponto_representativo_grade_2022; area_pct_geometrica"},"geometry":{"type":"Polygon","coordinates":[[[-51.35373171864387,-29.218951119398614],[-51.35375055314546,-29.217087193519124],[-51.35175951349072,-29.2170695551158],[-51.35174066549928,-29.218933480995265],[-51.35373171864387,-29.218951119398614]]]}},{"type":"Feature","properties":{"id_grade":"200ME52650N80928","pop":4,"dom":1,"universo_dom":"domicilios_ocupados_grade_ibge_2022","na_bacia":1,"area_pct_bacia":100.0,"metodo_recorte_bacia":"ponto_representativo_grade_2022; area_pct_geometrica"},"geometry":{"type":"Polygon","coordinates":[[[-51.36171471356312,-29.217157613133292],[-51.36173349050813,-29.215293706139573],[-51.359742464343185,-29.215276121695705],[-51.35972367300906,-29.217140028689364],[-51.36171471356312,-29.217157613133292]]]}},{"type":"Feature","properties":{"id_grade":"200ME52652N80928","pop":14,"dom":5,"universo_dom":"domicilios_ocupados_grade_ibge_2022","na_bacia":1,"area_pct_bacia":100.0,"metodo_recorte_bacia":"ponto_representativo_grade_2022; area_pct_geometrica"},"geometry":{"type":"Polygon","coordinates":[[[-51.35972367300906,-29.217140028689364],[-51.359742464343185,-29.215276121695705],[-51.3577514381783,-29.21525852286248],[-51.357732632455,-29.21712242985623],[-51.35972367300906,-29.217140028689364]]]}},{"type":"Feature","properties":{"id_grade":"200ME52654N80928","pop":66,"dom":24,"universo_dom":"domicilios_ocupados_grade_ibge_2022","na_bacia":1,"area_pct_bacia":100.0,"metodo_recorte_bacia":"ponto_representativo_grade_2022; area_pct_geometrica"},"geometry":{"type":"Polygon","coordinates":[[[-51.357732632455,-29.21712242985623],[-51.3577514381783,-29.21525852286248],[-51.35576041201335,-29.2152409123382],[-51.3557415928002,-29.217104818432578],[-51.357732632455,-29.21712242985623]]]}},{"type":"Feature","properties":{"id_grade":"200ME52656N80928","pop":129,"dom":48,"universo_dom":"domicilios_ocupados_grade_ibge_2022","na_bacia":1,"area_pct_bacia":100.0,"metodo_recorte_bacia":"ponto_representativo_grade_2022; area_pct_geometrica"},"geometry":{"type":"Polygon","coordinates":[[[-51.3557415928002,-29.217104818432578],[-51.35576041201335,-29.2152409123382],[-51.35376938674779,-29.21522328742471],[-51.35375055314546,-29.217087193519124],[-51.3557415928002,-29.217104818432578]]]}},{"type":"Feature","properties":{"id_grade":"200ME52658N80928","pop":118,"dom":47,"universo_dom":"domicilios_ocupados_grade_ibge_2022","na_bacia":1,"area_pct_bacia":100.0,"metodo_recorte_bacia":"ponto_representativo_grade_2022; area_pct_geometrica"},"geometry":{"type":"Polygon","coordinates":[[[-51.35375055314546,-29.217087193519124],[-51.35376938674779,-29.21522328742471],[-51.351778361482154,-29.21520564992077],[-51.35175951349072,-29.2170695551158],[-51.35375055314546,-29.217087193519124]]]}},{"type":"Feature","properties":{"id_grade":"200ME52650N80930","pop":10,"dom":4,"universo_dom":"domicilios_ocupados_grade_ibge_2022","na_bacia":1,"area_pct_bacia":100.0,"metodo_recorte_bacia":"ponto_representativo_grade_2022; area_pct_geometrica"},"geometry":{"type":"Polygon","coordinates":[[[-51.36173349050813,-29.215293706139573],[-51.36175226745314,-29.213429818930997],[-51.35976125567737,-29.21341223448696],[-51.359742464343185,-29.215276121695705],[-51.36173349050813,-29.215293706139573]]]}},{"type":"Feature","properties":{"id_grade":"200ME52652N80930","pop":8,"dom":3,"universo_dom":"domicilios_ocupados_grade_ibge_2022","na_bacia":1,"area_pct_bacia":100.0,"metodo_recorte_bacia":"ponto_representativo_grade_2022; area_pct_geometrica"},"geometry":{"type":"Polygon","coordinates":[[[-51.359742464343185,-29.215276121695705],[-51.35976125567737,-29.21341223448696],[-51.3577702439016,-29.213394636553154],[-51.3577514381783,-29.21525852286248],[-51.359742464343185,-29.215276121695705]]]}},{"type":"Feature","properties":{"id_grade":"200ME52654N80930","pop":36,"dom":12,"universo_dom":"domicilios_ocupados_grade_ibge_2022","na_bacia":1,"area_pct_bacia":100.0,"metodo_recorte_bacia":"ponto_representativo_grade_2022; area_pct_geometrica"},"geometry":{"type":"Polygon","coordinates":[[[-51.3577514381783,-29.21525852286248],[-51.3577702439016,-29.213394636553154],[-51.355779232125826,-29.213377025129596],[-51.35576041201335,-29.2152409123382],[-51.3577514381783,-29.21525852286248]]]}},{"type":"Feature","properties":{"id_grade":"200ME52656N80930","pop":45,"dom":18,"universo_dom":"domicilios_ocupados_grade_ibge_2022","na_bacia":1,"area_pct_bacia":100.0,"metodo_recorte_bacia":"ponto_representativo_grade_2022; area_pct_geometrica"},"geometry":{"type":"Polygon","coordinates":[[[-51.35576041201335,-29.2152409123382],[-51.355779232125826,-29.213377025129596],[-51.353788220350054,-29.213359401115444],[-51.35376938674779,-29.21522328742471],[-51.35576041201335,-29.2152409123382]]]}},{"type":"Feature","properties":{"id_grade":"200ME52658N80930","pop":141,"dom":60,"universo_dom":"domicilios_ocupados_grade_ibge_2022","na_bacia":1,"area_pct_bacia":100.0,"metodo_recorte_bacia":"ponto_representativo_grade_2022; area_pct_geometrica"},"geometry":{"type":"Polygon","coordinates":[[[-51.35376938674779,-29.21522328742471],[-51.353788220350054,-29.213359401115444],[-51.3517972094736,-29.21334176361145],[-51.351778361482154,-29.21520564992077],[-51.35376938674779,-29.21522328742471]]]}},{"type":"Feature","properties":{"id_grade":"200ME52650N80932","pop":57,"dom":20,"universo_dom":"domicilios_ocupados_grade_ibge_2022","na_bacia":1,"area_pct_bacia":100.0,"metodo_recorte_bacia":"ponto_representativo_grade_2022; area_pct_geometrica"},"geometry":{"type":"Polygon","coordinates":[[[-51.36175226745314,-29.213429818930997],[-51.361771044398154,-29.211565951507353],[-51.35978004611218,-29.211548367063486],[-51.35976125567737,-29.21341223448696],[-51.36175226745314,-29.213429818930997]]]}},{"type":"Feature","properties":{"id_grade":"200ME52652N80932","pop":71,"dom":25,"universo_dom":"domicilios_ocupados_grade_ibge_2022","na_bacia":1,"area_pct_bacia":100.0,"metodo_recorte_bacia":"ponto_representativo_grade_2022; area_pct_geometrica"},"geometry":{"type":"Polygon","coordinates":[[[-51.35976125567737,-29.21341223448696],[-51.35978004611218,-29.211548367063486],[-51.35778904872558,-29.211530770028943],[-51.3577702439016,-29.213394636553154],[-51.35976125567737,-29.21341223448696]]]}},{"type":"Feature","properties":{"id_grade":"200ME52654N80932","pop":45,"dom":13,"universo_dom":"domicilios_ocupados_grade_ibge_2022","na_bacia":1,"area_pct_bacia":100.0,"metodo_recorte_bacia":"ponto_representativo_grade_2022; area_pct_geometrica"},"geometry":{"type":"Polygon","coordinates":[[[-51.3577702439016,-29.213394636553154],[-51.35778904872558,-29.211530770028943],[-51.35579805133898,-29.211513158605296],[-51.355779232125826,-29.213377025129596],[-51.3577702439016,-29.213394636553154]]]}},{"type":"Feature","properties":{"id_grade":"200ME52656N80932","pop":129,"dom":50,"universo_dom":"domicilios_ocupados_grade_ibge_2022","na_bacia":1,"area_pct_bacia":100.0,"metodo_recorte_bacia":"ponto_representativo_grade_2022; area_pct_geometrica"},"geometry":{"type":"Polygon","coordinates":[[[-51.355779232125826,-29.213377025129596],[-51.35579805133898,-29.211513158605296],[-51.353807053952316,-29.211495535490556],[-51.353788220350054,-29.213359401115444],[-51.355779232125826,-29.213377025129596]]]}},{"type":"Feature","properties":{"id_grade":"200ME52658N80932","pop":173,"dom":68,"universo_dom":"domicilios_ocupados_grade_ibge_2022","na_bacia":1,"area_pct_bacia":100.0,"metodo_recorte_bacia":"ponto_representativo_grade_2022; area_pct_geometrica"},"geometry":{"type":"Polygon","coordinates":[[[-51.353788220350054,-29.213359401115444],[-51.353807053952316,-29.211495535490556],[-51.351816056565724,-29.211477897986605],[-51.3517972094736,-29.21334176361145],[-51.353788220350054,-29.213359401115444]]]}},{"type":"Feature","properties":{"id_grade":"200ME52650N80934","pop":114,"dom":41,"universo_dom":"domicilios_ocupados_grade_ibge_2022","na_bacia":1,"area_pct_bacia":100.0,"metodo_recorte_bacia":"ponto_representativo_grade_2022; area_pct_geometrica"},"geometry":{"type":"Polygon","coordinates":[[[-51.361771044398154,-29.211565951507353],[-51.36178982044379,-29.209702103868906],[-51.35979883654705,-29.20968452032426],[-51.35978004611218,-29.211548367063486],[-51.361771044398154,-29.211565951507353]]]}},{"type":"Feature","properties":{"id_grade":"200ME52652N80934","pop":125,"dom":56,"universo_dom":"domicilios_ocupados_grade_ibge_2022","na_bacia":1,"area_pct_bacia":100.0,"metodo_recorte_bacia":"ponto_representativo_grade_2022; area_pct_geometrica"},"geometry":{"type":"Polygon","coordinates":[[[-51.35978004611218,-29.211548367063486],[-51.35979883654705,-29.20968452032426],[-51.35780785354956,-29.209666923289813],[-51.35778904872558,-29.211530770028943],[-51.35978004611218,-29.211548367063486]]]}},{"type":"Feature","properties":{"id_grade":"200ME52654N80934","pop":128,"dom":46,"universo_dom":"domicilios_ocupados_grade_ibge_2022","na_bacia":1,"area_pct_bacia":100.0,"metodo_recorte_bacia":"ponto_representativo_grade_2022; area_pct_geometrica"},"geometry":{"type":"Polygon","coordinates":[[[-51.35778904872558,-29.211530770028943],[-51.35780785354956,-29.209666923289813],[-51.355816869652756,-29.209649312765464],[-51.35579805133898,-29.211513158605296],[-51.35778904872558,-29.211530770028943]]]}},{"type":"Feature","properties":{"id_grade":"200ME52656N80934","pop":40,"dom":15,"universo_dom":"domicilios_ocupados_grade_ibge_2022","na_bacia":1,"area_pct_bacia":100.0,"metodo_recorte_bacia":"ponto_representativo_grade_2022; area_pct_geometrica"},"geometry":{"type":"Polygon","coordinates":[[[-51.35579805133898,-29.211513158605296],[-51.355816869652756,-29.209649312765464],[-51.353825886655336,-29.209631688751355],[-51.353807053952316,-29.211495535490556],[-51.35579805133898,-29.211513158605296]]]}},{"type":"Feature","properties":{"id_grade":"200ME52658N80934","pop":22,"dom":10,"universo_dom":"domicilios_ocupados_grade_ibge_2022","na_bacia":1,"area_pct_bacia":100.0,"metodo_recorte_bacia":"ponto_representativo_grade_2022; area_pct_geometrica"},"geometry":{"type":"Polygon","coordinates":[[[-51.353807053952316,-29.211495535490556],[-51.353825886655336,-29.209631688751355],[-51.351834904557165,-29.20961405214671],[-51.351816056565724,-29.211477897986605],[-51.353807053952316,-29.211495535490556]]]}},{"type":"Feature","properties":{"id_grade":"200ME52650N80936","pop":178,"dom":69,"universo_dom":"domicilios_ocupados_grade_ibge_2022","na_bacia":1,"area_pct_bacia":100.0,"metodo_recorte_bacia":"ponto_representativo_grade_2022; area_pct_geometrica"},"geometry":{"type":"Polygon","coordinates":[[[-51.36178982044379,-29.209702103868906],[-51.36180859648948,-29.207838276015554],[-51.35981762698185,-29.20782069247092],[-51.35979883654705,-29.20968452032426],[-51.36178982044379,-29.209702103868906]]]}},{"type":"Feature","properties":{"id_grade":"200ME52652N80936","pop":38,"dom":16,"universo_dom":"domicilios_ocupados_grade_ibge_2022","na_bacia":1,"area_pct_bacia":100.0,"metodo_recorte_bacia":"ponto_representativo_grade_2022; area_pct_geometrica"},"geometry":{"type":"Polygon","coordinates":[[[-51.35979883654705,-29.20968452032426],[-51.35981762698185,-29.20782069247092],[-51.35782665747423,-29.20780309633574],[-51.35780785354956,-29.209666923289813],[-51.35979883654705,-29.20968452032426]]]}},{"type":"Feature","properties":{"id_grade":"200ME52654N80936","pop":49,"dom":18,"universo_dom":"domicilios_ocupados_grade_ibge_2022","na_bacia":1,"area_pct_bacia":100.0,"metodo_recorte_bacia":"ponto_representativo_grade_2022; area_pct_geometrica"},"geometry":{"type":"Polygon","coordinates":[[[-51.35780785354956,-29.209666923289813],[-51.35782665747423,-29.20780309633574],[-51.35583568886591,-29.20778548581145],[-51.355816869652756,-29.209649312765464],[-51.35780785354956,-29.209666923289813]]]}},{"type":"Feature","properties":{"id_grade":"200ME52656N80936","pop":19,"dom":6,"universo_dom":"domicilios_ocupados_grade_ibge_2022","na_bacia":1,"area_pct_bacia":100.0,"metodo_recorte_bacia":"ponto_representativo_grade_2022; area_pct_geometrica"},"geometry":{"type":"Polygon","coordinates":[[[-51.355816869652756,-29.209649312765464],[-51.35583568886591,-29.20778548581145],[-51.3538447202576,-29.20776786269665],[-51.353825886655336,-29.209631688751355],[-51.355816869652756,-29.209649312765464]]]}},{"type":"Feature","properties":{"id_grade":"200ME52650N80938","pop":141,"dom":53,"universo_dom":"domicilios_ocupados_grade_ibge_2022","na_bacia":1,"area_pct_bacia":100.0,"metodo_recorte_bacia":"ponto_representativo_grade_2022; area_pct_geometrica"},"geometry":{"type":"Polygon","coordinates":[[[-51.36180859648948,-29.207838276015554],[-51.36182737253518,-29.205974468846644],[-51.359836417416716,-29.20595688530193],[-51.35981762698185,-29.20782069247092],[-51.36180859648948,-29.207838276015554]]]}},{"type":"Feature","properties":{"id_grade":"200ME52652N80938","pop":33,"dom":13,"universo_dom":"domicilios_ocupados_grade_ibge_2022","na_bacia":1,"area_pct_bacia":100.0,"metodo_recorte_bacia":"ponto_representativo_grade_2022; area_pct_geometrica"},"geometry":{"type":"Polygon","coordinates":[[[-51.35981762698185,-29.20782069247092],[-51.359836417416716,-29.20595688530193],[-51.3578454622982,-29.205939289166732],[-51.35782665747423,-29.20780309633574],[-51.35981762698185,-29.20782069247092]]]}},{"type":"Feature","properties":{"id_grade":"200ME52654N80938","pop":7,"dom":1,"universo_dom":"domicilios_ocupados_grade_ibge_2022","na_bacia":1,"area_pct_bacia":100.0,"metodo_recorte_bacia":"ponto_representativo_grade_2022; area_pct_geometrica"},"geometry":{"type":"Polygon","coordinates":[[[-51.35782665747423,-29.20780309633574],[-51.3578454622982,-29.205939289166732],[-51.35585450717974,-29.20592167954189],[-51.35583568886591,-29.20778548581145],[-51.35782665747423,-29.20780309633574]]]}},{"type":"Feature","properties":{"id_grade":"200ME52658N80938","pop":477,"dom":233,"universo_dom":"domicilios_ocupados_grade_ibge_2022","na_bacia":1,"area_pct_bacia":100.0,"metodo_recorte_bacia":"ponto_representativo_grade_2022; area_pct_geometrica"},"geometry":{"type":"Polygon","coordinates":[[[-51.3538447202576,-29.20776786269665],[-51.353863552061235,-29.205904056426974],[-51.35187259784209,-29.205886419822367],[-51.35185375164929,-29.207750226092017],[-51.3538447202576,-29.20776786269665]]]}},{"type":"Feature","properties":{"id_grade":"200ME52650N80940","pop":126,"dom":46,"universo_dom":"domicilios_ocupados_grade_ibge_2022","na_bacia":1,"area_pct_bacia":100.0,"metodo_recorte_bacia":"ponto_representativo_grade_2022; area_pct_geometrica"},"geometry":{"type":"Polygon","coordinates":[[[-51.36182737253518,-29.205974468846644],[-51.36184614858087,-29.204110681462748],[-51.35985520695221,-29.204093097918093],[-51.359836417416716,-29.20595688530193],[-51.36182737253518,-29.205974468846644]]]}},{"type":"Feature","properties":{"id_grade":"200ME52652N80940","pop":78,"dom":28,"universo_dom":"domicilios_ocupados_grade_ibge_2022","na_bacia":1,"area_pct_bacia":100.0,"metodo_recorte_bacia":"ponto_representativo_grade_2022; area_pct_geometrica"},"geometry":{"type":"Polygon","coordinates":[[[-51.359836417416716,-29.20595688530193],[-51.35985520695221,-29.204093097918093],[-51.35786426622286,-29.204075501783024],[-51.3578454622982,-29.205939289166732],[-51.359836417416716,-29.20595688530193]]]}},{"type":"Feature","properties":{"id_grade":"200ME52650N80942","pop":74,"dom":24,"universo_dom":"domicilios_ocupados_grade_ibge_2022","na_bacia":1,"area_pct_bacia":100.0,"metodo_recorte_bacia":"ponto_representativo_grade_2022; area_pct_geometrica"},"geometry":{"type":"Polygon","coordinates":[[[-51.36184614858087,-29.204110681462748],[-51.361864923727175,-29.2022469129646],[-51.35987399648769,-29.20222933031928],[-51.35985520695221,-29.204093097918093],[-51.36184614858087,-29.204110681462748]]]}},{"type":"Feature","properties":{"id_grade":"200ME52652N80942","pop":99,"dom":43,"universo_dom":"domicilios_ocupados_grade_ibge_2022","na_bacia":1,"area_pct_bacia":100.0,"metodo_recorte_bacia":"ponto_representativo_grade_2022; area_pct_geometrica"},"geometry":{"type":"Polygon","coordinates":[[[-51.35985520695221,-29.204093097918093],[-51.35987399648769,-29.20222933031928],[-51.3578830692482,-29.202211735083505],[-51.35786426622286,-29.204075501783024],[-51.35985520695221,-29.204093097918093]]]}},{"type":"Feature","properties":{"id_grade":"200ME52656N80942","pop":2,"dom":1,"universo_dom":"domicilios_ocupados_grade_ibge_2022","na_bacia":1,"area_pct_bacia":100.0,"metodo_recorte_bacia":"ponto_representativo_grade_2022; area_pct_geometrica"},"geometry":{"type":"Polygon","coordinates":[[[-51.355873325493526,-29.204057892157955],[-51.35589214290803,-29.20219412545854],[-51.35390121656786,-29.202176503243003],[-51.35388238476418,-29.204040269942542],[-51.355873325493526,-29.204057892157955]]]}},{"type":"Feature","properties":{"id_grade":"200ME52650N80944","pop":123,"dom":47,"universo_dom":"domicilios_ocupados_grade_ibge_2022","na_bacia":1,"area_pct_bacia":100.0,"metodo_recorte_bacia":"ponto_representativo_grade_2022; area_pct_geometrica"},"geometry":{"type":"Polygon","coordinates":[[[-51.361864923727175,-29.2022469129646],[-51.36188369887355,-29.200383165150882],[-51.35989278602324,-29.20036558340493],[-51.35987399648769,-29.20222933031928],[-51.361864923727175,-29.2022469129646]]]}},{"type":"Feature","properties":{"id_grade":"200ME52652N80944","pop":101,"dom":34,"universo_dom":"domicilios_ocupados_grade_ibge_2022","na_bacia":1,"area_pct_bacia":100.0,"metodo_recorte_bacia":"ponto_representativo_grade_2022; area_pct_geometrica"},"geometry":{"type":"Polygon","coordinates":[[[-51.35987399648769,-29.20222933031928],[-51.35989278602324,-29.20036558340493],[-51.35790187317287,-29.200347988169092],[-51.3578830692482,-29.202211735083505],[-51.35987399648769,-29.20222933031928]]]}},{"type":"Feature","properties":{"id_grade":"200ME52654N80944","pop":92,"dom":32,"universo_dom":"domicilios_ocupados_grade_ibge_2022","na_bacia":1,"area_pct_bacia":100.0,"metodo_recorte_bacia":"ponto_representativo_grade_2022; area_pct_geometrica"},"geometry":{"type":"Polygon","coordinates":[[[-51.3578830692482,-29.202211735083505],[-51.35790187317287,-29.200347988169092],[-51.35591096032255,-29.200330378544088],[-51.35589214290803,-29.20219412545854],[-51.3578830692482,-29.202211735083505]]]}},{"type":"Feature","properties":{"id_grade":"200ME52656N80944","pop":140,"dom":53,"universo_dom":"domicilios_ocupados_grade_ibge_2022","na_bacia":1,"area_pct_bacia":100.0,"metodo_recorte_bacia":"ponto_representativo_grade_2022; area_pct_geometrica"},"geometry":{"type":"Polygon","coordinates":[[[-51.35589214290803,-29.20219412545854],[-51.35591096032255,-29.200330378544088],[-51.353920048371485,-29.200312757227916],[-51.35390121656786,-29.202176503243003],[-51.35589214290803,-29.20219412545854]]]}},{"type":"Feature","properties":{"id_grade":"200ME52650N80950","pop":3,"dom":1,"universo_dom":"domicilios_ocupados_grade_ibge_2022","na_bacia":1,"area_pct_bacia":100.0,"metodo_recorte_bacia":"ponto_representativo_grade_2022; area_pct_geometrica"},"geometry":{"type":"Polygon","coordinates":[[[-51.361921248266924,-29.19665572977798],[-51.36194002251398,-29.194792041319616],[-51.3599491519318,-29.194774460473017],[-51.35993036329557,-29.196638148032076],[-51.361921248266924,-29.19665572977798]]]}},{"type":"Feature","properties":{"id_grade":"200ME52650N80952","pop":5,"dom":2,"universo_dom":"domicilios_ocupados_grade_ibge_2022","na_bacia":1,"area_pct_bacia":100.0,"metodo_recorte_bacia":"ponto_representativo_grade_2022; area_pct_geometrica"},"geometry":{"type":"Polygon","coordinates":[[[-51.36194002251398,-29.194792041319616],[-51.36195879676102,-29.192928373545517],[-51.35996794056797,-29.1929107926989],[-51.3599491519318,-29.194774460473017],[-51.36194002251398,-29.194792041319616]]]}},{"type":"Feature","properties":{"id_grade":"200ME52654N80952","pop":6,"dom":2,"universo_dom":"domicilios_ocupados_grade_ibge_2022","na_bacia":1,"area_pct_bacia":100.0,"metodo_recorte_bacia":"ponto_representativo_grade_2022; area_pct_geometrica"},"geometry":{"type":"Polygon","coordinates":[[[-51.35795828134957,-29.194756866136405],[-51.35797708437491,-29.192893198362366],[-51.35598622818185,-29.192875590535976],[-51.355967411666654,-29.19473925831006],[-51.35795828134957,-29.194756866136405]]]}},{"type":"Feature","properties":{"id_grade":"200ME52658N80952","pop":4,"dom":1,"universo_dom":"domicilios_ocupados_grade_ibge_2022","na_bacia":1,"area_pct_bacia":100.0,"metodo_recorte_bacia":"ponto_representativo_grade_2022; area_pct_geometrica"},"geometry":{"type":"Polygon","coordinates":[[[-51.353976541983805,-29.194721636993897],[-51.35399537288811,-29.192857970119135],[-51.35200451759437,-29.19284033621247],[-51.351985672300884,-29.19470400218792],[-51.353976541983805,-29.194721636993897]]]}},{"type":"Feature","properties":{"id_grade":"200ME52654N80954","pop":4,"dom":1,"universo_dom":"domicilios_ocupados_grade_ibge_2022","na_bacia":1,"area_pct_bacia":100.0,"metodo_recorte_bacia":"ponto_representativo_grade_2022; area_pct_geometrica"},"geometry":{"type":"Polygon","coordinates":[[[-51.35797708437491,-29.192893198362366],[-51.35799588650093,-29.191029550373404],[-51.35600504469698,-29.191011943446426],[-51.35598622818185,-29.192875590535976],[-51.35797708437491,-29.192893198362366]]]}},{"type":"Feature","properties":{"id_grade":"200ME52654N80956","pop":3,"dom":1,"universo_dom":"domicilios_ocupados_grade_ibge_2022","na_bacia":1,"area_pct_bacia":100.0,"metodo_recorte_bacia":"ponto_representativo_grade_2022; area_pct_geometrica"},"geometry":{"type":"Polygon","coordinates":[[[-51.35799588650093,-29.191029550373404],[-51.35801468772763,-29.189165923068806],[-51.35602386031285,-29.18914831614185],[-51.35600504469698,-29.191011943446426],[-51.35799588650093,-29.191029550373404]]]}},{"type":"Feature","properties":{"id_grade":"200ME52656N80956","pop":6,"dom":1,"universo_dom":"domicilios_ocupados_grade_ibge_2022","na_bacia":1,"area_pct_bacia":100.0,"metodo_recorte_bacia":"ponto_representativo_grade_2022; area_pct_geometrica"},"geometry":{"type":"Polygon","coordinates":[[[-51.35600504469698,-29.191011943446426],[-51.35602386031285,-29.18914831614185],[-51.35403303289809,-29.189130695725012],[-51.354014202893104,-29.190994323029603],[-51.35600504469698,-29.191011943446426]]]}},{"type":"Feature","properties":{"id_grade":"200ME52658N80956","pop":6,"dom":2,"universo_dom":"domicilios_ocupados_grade_ibge_2022","na_bacia":1,"area_pct_bacia":100.0,"metodo_recorte_bacia":"ponto_representativo_grade_2022; area_pct_geometrica"},"geometry":{"type":"Polygon","coordinates":[[[-51.354014202893104,-29.190994323029603],[-51.35403303289809,-29.189130695725012],[-51.35204220638269,-29.189113062717695],[-51.352023361988536,-29.19097668912283],[-51.354014202893104,-29.190994323029603]]]}},{"type":"Feature","properties":{"id_grade":"200ME52652N80958","pop":5,"dom":1,"universo_dom":"domicilios_ocupados_grade_ibge_2022","na_bacia":1,"area_pct_bacia":100.0,"metodo_recorte_bacia":"ponto_representativo_grade_2022; area_pct_geometrica"},"geometry":{"type":"Polygon","coordinates":[[[-51.36000551604167,-29.189183516506056],[-51.36002430287925,-29.187319908986595],[-51.35803348985365,-29.1873023155494],[-51.35801468772763,-29.189165923068806],[-51.36000551604167,-29.189183516506056]]]}},{"type":"Feature","properties":{"id_grade":"200ME52654N80960","pop":5,"dom":2,"universo_dom":"domicilios_ocupados_grade_ibge_2022","na_bacia":1,"area_pct_bacia":100.0,"metodo_recorte_bacia":"ponto_representativo_grade_2022; area_pct_geometrica"},"geometry":{"type":"Polygon","coordinates":[[[-51.35803348985365,-29.1873023155494],[-51.358052291080355,-29.185438727814926],[-51.35606149154455,-29.185421120887916],[-51.35604267592873,-29.187284708622368],[-51.35803348985365,-29.1873023155494]]]}},{"type":"Feature","properties":{"id_grade":"200ME52668N80864","pop":20,"dom":7,"universo_dom":"domicilios_ocupados_grade_ibge_2022","na_bacia":0,"area_pct_bacia":0.0,"metodo_recorte_bacia":"ponto_representativo_grade_2022; area_pct_geometrica"},"geometry":{"type":"Polygon","coordinates":[[[-51.343190264918746,-29.27665436480705],[-51.34320917766138,-29.274789820194048],[-51.34121770093611,-29.274772106247617],[-51.34119877290499,-29.27663664996137],[-51.343190264918746,-29.27665436480705]]]}},{"type":"Feature","properties":{"id_grade":"200ME52668N80866","pop":3,"dom":1,"universo_dom":"domicilios_ocupados_grade_ibge_2022","na_bacia":0,"area_pct_bacia":0.0,"metodo_recorte_bacia":"ponto_representativo_grade_2022; area_pct_geometrica"},"geometry":{"type":"Polygon","coordinates":[[[-51.34320917766138,-29.274789820194048],[-51.34322809130333,-29.27292529626532],[-51.34123662806787,-29.272907582319032],[-51.34121770093611,-29.274772106247617],[-51.34320917766138,-29.274789820194048]]]}},{"type":"Feature","properties":{"id_grade":"200ME52662N80868","pop":6,"dom":3,"universo_dom":"domicilios_ocupados_grade_ibge_2022","na_bacia":0,"area_pct_bacia":0.0,"metodo_recorte_bacia":"ponto_representativo_grade_2022; area_pct_geometrica"},"geometry":{"type":"Polygon","coordinates":[[[-51.349202482808266,-29.27297835806475],[-51.349221352383445,-29.27111385302188],[-51.347229902637885,-29.271096178645696],[-51.34721101867353,-29.272960683688527],[-51.349202482808266,-29.27297835806475]]]}},{"type":"Feature","properties":{"id_grade":"200ME52666N80870","pop":24,"dom":7,"universo_dom":"domicilios_ocupados_grade_ibge_2022","na_bacia":0,"area_pct_bacia":0.0,"metodo_recorte_bacia":"ponto_representativo_grade_2022; area_pct_geometrica"},"geometry":{"type":"Polygon","coordinates":[[[-51.34523845289226,-29.27107849167901],[-51.34525735124572,-29.269214007320596],[-51.343265916788596,-29.2691963068641],[-51.34324700404596,-29.271060791222567],[-51.34523845289226,-29.27107849167901]]]}},{"type":"Feature","properties":{"id_grade":"200ME52668N80872","pop":8,"dom":2,"universo_dom":"domicilios_ocupados_grade_ibge_2022","na_bacia":0,"area_pct_bacia":0.0,"metodo_recorte_bacia":"ponto_representativo_grade_2022; area_pct_geometrica"},"geometry":{"type":"Polygon","coordinates":[[[-51.343265916788596,-29.2691963068641],[-51.343284828631916,-29.267331843189986],[-51.34129340766457,-29.267314130142893],[-51.34127448143215,-29.269178593816967],[-51.343265916788596,-29.2691963068641]]]}},{"type":"Feature","properties":{"id_grade":"200ME52660N80880","pop":3,"dom":1,"universo_dom":"domicilios_ocupados_grade_ibge_2022","na_bacia":0,"area_pct_bacia":0.0,"metodo_recorte_bacia":"ponto_representativo_grade_2022; area_pct_geometrica"},"geometry":{"type":"Polygon","coordinates":[[[-51.3513070798578,-29.26180928547013],[-51.351325934144484,-29.259944900037027],[-51.34933456893515,-29.259927241848718],[-51.34931570025929,-29.261791626382376],[-51.3513070798578,-29.26180928547013]]]}},{"type":"Feature","properties":{"id_grade":"200ME52662N80880","pop":8,"dom":1,"universo_dom":"domicilios_ocupados_grade_ibge_2022","na_bacia":0,"area_pct_bacia":0.0,"metodo_recorte_bacia":"ponto_representativo_grade_2022; area_pct_geometrica"},"geometry":{"type":"Polygon","coordinates":[[[-51.34931570025929,-29.261791626382376],[-51.34933456893515,-29.259927241848718],[-51.34734320372581,-29.259909569271173],[-51.347324321560166,-29.26177395470426],[-51.34931570025929,-29.261791626382376]]]}},{"type":"Feature","properties":{"id_grade":"200ME52662N80882","pop":3,"dom":1,"universo_dom":"domicilios_ocupados_grade_ibge_2022","na_bacia":0,"area_pct_bacia":0.0,"metodo_recorte_bacia":"ponto_representativo_grade_2022; area_pct_geometrica"},"geometry":{"type":"Polygon","coordinates":[[[-51.34933456893515,-29.259927241848718],[-51.349353437611,-29.258062876200764],[-51.34736208679084,-29.258045204522546],[-51.34734320372581,-29.259909569271173],[-51.34933456893515,-29.259927241848718]]]}},{"type":"Feature","properties":{"id_grade":"200ME52660N80886","pop":6,"dom":3,"universo_dom":"domicilios_ocupados_grade_ibge_2022","na_bacia":0,"area_pct_bacia":0.0,"metodo_recorte_bacia":"ponto_representativo_grade_2022; area_pct_geometrica"},"geometry":{"type":"Polygon","coordinates":[[[-51.35136364181858,-29.256216189425547],[-51.35138249610526,-29.25435186424707],[-51.349391173164065,-29.254334206058747],[-51.34937230538753,-29.256198531237175],[-51.35136364181858,-29.256216189425547]]]}},{"type":"Feature","properties":{"id_grade":"200ME52662N80886","pop":14,"dom":5,"universo_dom":"domicilios_ocupados_grade_ibge_2022","na_bacia":0,"area_pct_bacia":0.0,"metodo_recorte_bacia":"ponto_representativo_grade_2022; area_pct_geometrica"},"geometry":{"type":"Polygon","coordinates":[[[-51.34937230538753,-29.256198531237175],[-51.349391173164065,-29.254334206058747],[-51.34739985112219,-29.25431653527982],[-51.347380968956486,-29.256180860458315],[-51.34937230538753,-29.256198531237175]]]}},{"type":"Feature","properties":{"id_grade":"200ME52660N80888","pop":13,"dom":6,"universo_dom":"domicilios_ocupados_grade_ibge_2022","na_bacia":0,"area_pct_bacia":0.0,"metodo_recorte_bacia":"ponto_representativo_grade_2022; area_pct_geometrica"},"geometry":{"type":"Polygon","coordinates":[[[-51.35138249610526,-29.25435186424707],[-51.35140134949262,-29.25248755885373],[-51.349410040940604,-29.25246990156467],[-51.349391173164065,-29.254334206058747],[-51.35138249610526,-29.25435186424707]]]}},{"type":"Feature","properties":{"id_grade":"200ME52662N80888","pop":5,"dom":1,"universo_dom":"domicilios_ocupados_grade_ibge_2022","na_bacia":0,"area_pct_bacia":0.0,"metodo_recorte_bacia":"ponto_representativo_grade_2022; area_pct_geometrica"},"geometry":{"type":"Polygon","coordinates":[[[-51.349391173164065,-29.254334206058747],[-51.349410040940604,-29.25246990156467],[-51.34741873238852,-29.252452230785742],[-51.34739985112219,-29.25431653527982],[-51.349391173164065,-29.254334206058747]]]}},{"type":"Feature","properties":{"id_grade":"200ME52668N80888","pop":10,"dom":3,"universo_dom":"domicilios_ocupados_grade_ibge_2022","na_bacia":0,"area_pct_bacia":0.0,"metodo_recorte_bacia":"ponto_representativo_grade_2022; area_pct_geometrica"},"geometry":{"type":"Polygon","coordinates":[[[-51.343417207038435,-29.254281153252595],[-51.343436117083115,-29.252416849657873],[-51.34144481032968,-29.25239913930883],[-51.34142588589589,-29.254263442903554],[-51.343417207038435,-29.254281153252595]]]}},{"type":"Feature","properties":{"id_grade":"200ME52660N80890","pop":87,"dom":30,"universo_dom":"domicilios_ocupados_grade_ibge_2022","na_bacia":0,"area_pct_bacia":0.0,"metodo_recorte_bacia":"ponto_representativo_grade_2022; area_pct_geometrica"},"geometry":{"type":"Polygon","coordinates":[[[-51.35140134949262,-29.25248755885373],[-51.35142020288003,-29.25062327324545],[-51.34942890871713,-29.250605615956385],[-51.349410040940604,-29.25246990156467],[-51.35140134949262,-29.25248755885373]]]}},{"type":"Feature","properties":{"id_grade":"200ME52662N80890","pop":8,"dom":5,"universo_dom":"domicilios_ocupados_grade_ibge_2022","na_bacia":0,"area_pct_bacia":0.0,"metodo_recorte_bacia":"ponto_representativo_grade_2022; area_pct_geometrica"},"geometry":{"type":"Polygon","coordinates":[[[-51.349410040940604,-29.25246990156467],[-51.34942890871713,-29.250605615956385],[-51.347437614554224,-29.25058794607673],[-51.34741873238852,-29.252452230785742],[-51.349410040940604,-29.25246990156467]]]}},{"type":"Feature","properties":{"id_grade":"200ME52664N80890","pop":10,"dom":5,"universo_dom":"domicilios_ocupados_grade_ibge_2022","na_bacia":0,"area_pct_bacia":0.0,"metodo_recorte_bacia":"ponto_representativo_grade_2022; area_pct_geometrica"},"geometry":{"type":"Polygon","coordinates":[[[-51.34741873238852,-29.252452230785742],[-51.347437614554224,-29.25058794607673],[-51.34544632039131,-29.250570262707374],[-51.34542742473582,-29.252434546517],[-51.34741873238852,-29.252452230785742]]]}},{"type":"Feature","properties":{"id_grade":"200ME52666N80890","pop":19,"dom":7,"universo_dom":"domicilios_ocupados_grade_ibge_2022","na_bacia":0,"area_pct_bacia":0.0,"metodo_recorte_bacia":"ponto_representativo_grade_2022; area_pct_geometrica"},"geometry":{"type":"Polygon","coordinates":[[[-51.34542742473582,-29.252434546517],[-51.34544632039131,-29.250570262707374],[-51.34345502712773,-29.25055256584817],[-51.343436117083115,-29.252416849657873],[-51.34542742473582,-29.252434546517]]]}},{"type":"Feature","properties":{"id_grade":"200ME52660N80892","pop":5,"dom":2,"universo_dom":"domicilios_ocupados_grade_ibge_2022","na_bacia":0,"area_pct_bacia":0.0,"metodo_recorte_bacia":"ponto_representativo_grade_2022; area_pct_geometrica"},"geometry":{"type":"Polygon","coordinates":[[[-51.35142020288003,-29.25062327324545],[-51.351439055368076,-29.248759008321564],[-51.34944777559434,-29.24874135103256],[-51.34942890871713,-29.250605615956385],[-51.35142020288003,-29.25062327324545]]]}},{"type":"Feature","properties":{"id_grade":"200ME52662N80892","pop":8,"dom":3,"universo_dom":"domicilios_ocupados_grade_ibge_2022","na_bacia":0,"area_pct_bacia":0.0,"metodo_recorte_bacia":"ponto_representativo_grade_2022; area_pct_geometrica"},"geometry":{"type":"Polygon","coordinates":[[[-51.34942890871713,-29.250605615956385],[-51.34944777559434,-29.24874135103256],[-51.34745649582061,-29.248723681152903],[-51.347437614554224,-29.25058794607673],[-51.34942890871713,-29.250605615956385]]]}},{"type":"Feature","properties":{"id_grade":"200ME52666N80892","pop":12,"dom":3,"universo_dom":"domicilios_ocupados_grade_ibge_2022","na_bacia":0,"area_pct_bacia":0.0,"metodo_recorte_bacia":"ponto_representativo_grade_2022; area_pct_geometrica"},"geometry":{"type":"Polygon","coordinates":[[[-51.34544632039131,-29.250570262707374],[-51.345465216046826,-29.24870599778354],[-51.343473936273085,-29.24868830092427],[-51.34345502712773,-29.25055256584817],[-51.34544632039131,-29.250570262707374]]]}},{"type":"Feature","properties":{"id_grade":"200ME52668N80892","pop":7,"dom":4,"universo_dom":"domicilios_ocupados_grade_ibge_2022","na_bacia":0,"area_pct_bacia":0.0,"metodo_recorte_bacia":"ponto_representativo_grade_2022; area_pct_geometrica"},"geometry":{"type":"Polygon","coordinates":[[[-51.34345502712773,-29.25055256584817],[-51.343473936273085,-29.24868830092427],[-51.34148265739867,-29.248670591474568],[-51.3414637338642,-29.250534855499236],[-51.34345502712773,-29.25055256584817]]]}},{"type":"Feature","properties":{"id_grade":"200ME52662N80894","pop":1,"dom":1,"universo_dom":"domicilios_ocupados_grade_ibge_2022","na_bacia":0,"area_pct_bacia":0.0,"metodo_recorte_bacia":"ponto_representativo_grade_2022; area_pct_geometrica"},"geometry":{"type":"Polygon","coordinates":[[[-51.34944777559434,-29.24874135103256],[-51.34946664247156,-29.24687710589371],[-51.347475376187624,-29.246859436913468],[-51.34745649582061,-29.248723681152903],[-51.34944777559434,-29.24874135103256]]]}},{"type":"Feature","properties":{"id_grade":"200ME52660N80896","pop":6,"dom":2,"universo_dom":"domicilios_ocupados_grade_ibge_2022","na_bacia":0,"area_pct_bacia":0.0,"metodo_recorte_bacia":"ponto_representativo_grade_2022; area_pct_geometrica"},"geometry":{"type":"Polygon","coordinates":[[[-51.351457907856116,-29.246894762283453],[-51.351476760344156,-29.2450305369297],[-51.34948550844939,-29.24501288143933],[-51.34946664247156,-29.24687710589371],[-51.351457907856116,-29.246894762283453]]]}},{"type":"Feature","properties":{"id_grade":"200ME52666N80896","pop":35,"dom":14,"universo_dom":"domicilios_ocupados_grade_ibge_2022","na_bacia":0,"area_pct_bacia":0.0,"metodo_recorte_bacia":"ponto_representativo_grade_2022; area_pct_geometrica"},"geometry":{"type":"Polygon","coordinates":[[[-51.345484110803056,-29.246841753544054],[-51.34550300645856,-29.244977529089677],[-51.343511755463105,-29.24495983312981],[-51.34349284631776,-29.246824057584124],[-51.345484110803056,-29.246841753544054]]]}},{"type":"Feature","properties":{"id_grade":"200ME52660N80898","pop":230,"dom":92,"universo_dom":"domicilios_ocupados_grade_ibge_2022","na_bacia":0,"area_pct_bacia":0.0,"metodo_recorte_bacia":"ponto_representativo_grade_2022; area_pct_geometrica"},"geometry":{"type":"Polygon","coordinates":[[[-51.351476760344156,-29.2450305369297],[-51.35149561283225,-29.243166332260365],[-51.349504375326596,-29.243148675870675],[-51.34948550844939,-29.24501288143933],[-51.351476760344156,-29.2450305369297]]]}},{"type":"Feature","properties":{"id_grade":"200ME52662N80898","pop":257,"dom":95,"universo_dom":"domicilios_ocupados_grade_ibge_2022","na_bacia":0,"area_pct_bacia":0.0,"metodo_recorte_bacia":"ponto_representativo_grade_2022; area_pct_geometrica"},"geometry":{"type":"Polygon","coordinates":[[[-51.34948550844939,-29.24501288143933],[-51.349504375326596,-29.243148675870675],[-51.34751313782101,-29.243131006890394],[-51.347494257454,-29.244995211559722],[-51.34948550844939,-29.24501288143933]]]}},{"type":"Feature","properties":{"id_grade":"200ME52664N80898","pop":288,"dom":112,"universo_dom":"domicilios_ocupados_grade_ibge_2022","na_bacia":0,"area_pct_bacia":0.0,"metodo_recorte_bacia":"ponto_representativo_grade_2022; area_pct_geometrica"},"geometry":{"type":"Polygon","coordinates":[[[-51.347494257454,-29.244995211559722],[-51.34751313782101,-29.243131006890394],[-51.34552190031542,-29.243113324420325],[-51.34550300645856,-29.244977529089677],[-51.347494257454,-29.244995211559722]]]}},{"type":"Feature","properties":{"id_grade":"200ME52666N80898","pop":156,"dom":56,"universo_dom":"domicilios_ocupados_grade_ibge_2022","na_bacia":0,"area_pct_bacia":0.0,"metodo_recorte_bacia":"ponto_representativo_grade_2022; area_pct_geometrica"},"geometry":{"type":"Polygon","coordinates":[[[-51.34550300645856,-29.244977529089677],[-51.34552190031542,-29.243113324420325],[-51.343530663709146,-29.2430956293598],[-51.343511755463105,-29.24495983312981],[-51.34550300645856,-29.244977529089677]]]}},{"type":"Feature","properties":{"id_grade":"200ME52660N80900","pop":322,"dom":121,"universo_dom":"domicilios_ocupados_grade_ibge_2022","na_bacia":0,"area_pct_bacia":0.0,"metodo_recorte_bacia":"ponto_representativo_grade_2022; area_pct_geometrica"},"geometry":{"type":"Polygon","coordinates":[[[-51.35149561283225,-29.243166332260365],[-51.35151446442097,-29.241302146476798],[-51.349523241304496,-29.24128449098643],[-51.349504375326596,-29.243148675870675],[-51.35149561283225,-29.243166332260365]]]}},{"type":"Feature","properties":{"id_grade":"200ME52662N80900","pop":225,"dom":87,"universo_dom":"domicilios_ocupados_grade_ibge_2022","na_bacia":0,"area_pct_bacia":0.0,"metodo_recorte_bacia":"ponto_representativo_grade_2022; area_pct_geometrica"},"geometry":{"type":"Polygon","coordinates":[[[-51.349504375326596,-29.243148675870675],[-51.349523241304496,-29.24128449098643],[-51.34753201818802,-29.24126682200622],[-51.34751313782101,-29.243131006890394],[-51.349504375326596,-29.243148675870675]]]}},{"type":"Feature","properties":{"id_grade":"200ME52664N80900","pop":338,"dom":138,"universo_dom":"domicilios_ocupados_grade_ibge_2022","na_bacia":0,"area_pct_bacia":0.0,"metodo_recorte_bacia":"ponto_representativo_grade_2022; area_pct_geometrica"},"geometry":{"type":"Polygon","coordinates":[[[-51.34751313782101,-29.243131006890394],[-51.34753201818802,-29.24126682200622],[-51.3455407950716,-29.24124914043541],[-51.34552190031542,-29.243113324420325],[-51.34751313782101,-29.243131006890394]]]}},{"type":"Feature","properties":{"id_grade":"200ME52666N80900","pop":230,"dom":83,"universo_dom":"domicilios_ocupados_grade_ibge_2022","na_bacia":0,"area_pct_bacia":0.0,"metodo_recorte_bacia":"ponto_representativo_grade_2022; area_pct_geometrica"},"geometry":{"type":"Polygon","coordinates":[[[-51.34552190031542,-29.243113324420325],[-51.3455407950716,-29.24124914043541],[-51.34354957195512,-29.241231445374886],[-51.343530663709146,-29.2430956293598],[-51.34552190031542,-29.243113324420325]]]}},{"type":"Feature","properties":{"id_grade":"200ME52668N80900","pop":33,"dom":11,"universo_dom":"domicilios_ocupados_grade_ibge_2022","na_bacia":0,"area_pct_bacia":0.0,"metodo_recorte_bacia":"ponto_representativo_grade_2022; area_pct_geometrica"},"geometry":{"type":"Polygon","coordinates":[[[-51.343530663709146,-29.2430956293598],[-51.34354957195512,-29.241231445374886],[-51.34155834973803,-29.24121373682451],[-51.341539427102816,-29.24307791991004],[-51.343530663709146,-29.2430956293598]]]}},{"type":"Feature","properties":{"id_grade":"200ME52660N80902","pop":368,"dom":138,"universo_dom":"domicilios_ocupados_grade_ibge_2022","na_bacia":0,"area_pct_bacia":0.0,"metodo_recorte_bacia":"ponto_representativo_grade_2022; area_pct_geometrica"},"geometry":{"type":"Polygon","coordinates":[[[-51.35151446442097,-29.241302146476798],[-51.351533316009686,-29.239437981377698],[-51.34954210638307,-29.23942032588732],[-51.349523241304496,-29.24128449098643],[-51.35151446442097,-29.241302146476798]]]}},{"type":"Feature","properties":{"id_grade":"200ME52662N80902","pop":276,"dom":110,"universo_dom":"domicilios_ocupados_grade_ibge_2022","na_bacia":0,"area_pct_bacia":0.0,"metodo_recorte_bacia":"ponto_representativo_grade_2022; area_pct_geometrica"},"geometry":{"type":"Polygon","coordinates":[[[-51.349523241304496,-29.24128449098643],[-51.34954210638307,-29.23942032588732],[-51.347550897655765,-29.239402657806373],[-51.34753201818802,-29.24126682200622],[-51.349523241304496,-29.24128449098643]]]}},{"type":"Feature","properties":{"id_grade":"200ME52664N80902","pop":282,"dom":118,"universo_dom":"domicilios_ocupados_grade_ibge_2022","na_bacia":0,"area_pct_bacia":0.0,"metodo_recorte_bacia":"ponto_representativo_grade_2022; area_pct_geometrica"},"geometry":{"type":"Polygon","coordinates":[[[-51.34753201818802,-29.24126682200622],[-51.347550897655765,-29.239402657806373],[-51.34555968892846,-29.23938497623558],[-51.3455407950716,-29.24124914043541],[-51.34753201818802,-29.24126682200622]]]}},{"type":"Feature","properties":{"id_grade":"200ME52666N80902","pop":209,"dom":85,"universo_dom":"domicilios_ocupados_grade_ibge_2022","na_bacia":0,"area_pct_bacia":0.0,"metodo_recorte_bacia":"ponto_representativo_grade_2022; area_pct_geometrica"},"geometry":{"type":"Polygon","coordinates":[[[-51.3455407950716,-29.24124914043541],[-51.34555968892846,-29.23938497623558],[-51.34356848020116,-29.239367281175063],[-51.34354957195512,-29.241231445374886],[-51.3455407950716,-29.24124914043541]]]}},{"type":"Feature","properties":{"id_grade":"200ME52668N80902","pop":195,"dom":77,"universo_dom":"domicilios_ocupados_grade_ibge_2022","na_bacia":0,"area_pct_bacia":0.0,"metodo_recorte_bacia":"ponto_representativo_grade_2022; area_pct_geometrica"},"geometry":{"type":"Polygon","coordinates":[[[-51.34354957195512,-29.241231445374886],[-51.34356848020116,-29.239367281175063],[-51.34157727237318,-29.239349572624636],[-51.34155834973803,-29.24121373682451],[-51.34354957195512,-29.241231445374886]]]}},{"type":"Feature","properties":{"id_grade":"200ME52660N80904","pop":258,"dom":97,"universo_dom":"domicilios_ocupados_grade_ibge_2022","na_bacia":0,"area_pct_bacia":0.0,"metodo_recorte_bacia":"ponto_representativo_grade_2022; area_pct_geometrica"},"geometry":{"type":"Polygon","coordinates":[[[-51.351533316009686,-29.239437981377698],[-51.35155216759841,-29.237573836063614],[-51.34956097236096,-29.23755618147253],[-51.34954210638307,-29.23942032588732],[-51.351533316009686,-29.239437981377698]]]}},{"type":"Feature","properties":{"id_grade":"200ME52662N80904","pop":271,"dom":107,"universo_dom":"domicilios_ocupados_grade_ibge_2022","na_bacia":0,"area_pct_bacia":0.0,"metodo_recorte_bacia":"ponto_representativo_grade_2022; area_pct_geometrica"},"geometry":{"type":"Polygon","coordinates":[[[-51.34954210638307,-29.23942032588732],[-51.34956097236096,-29.23755618147253],[-51.34756977712346,-29.23753851249228],[-51.347550897655765,-29.239402657806373],[-51.34954210638307,-29.23942032588732]]]}},{"type":"Feature","properties":{"id_grade":"200ME52664N80904","pop":138,"dom":54,"universo_dom":"domicilios_ocupados_grade_ibge_2022","na_bacia":0,"area_pct_bacia":0.0,"metodo_recorte_bacia":"ponto_representativo_grade_2022; area_pct_geometrica"},"geometry":{"type":"Polygon","coordinates":[[[-51.347550897655765,-29.239402657806373],[-51.34756977712346,-29.23753851249228],[-51.34557858278532,-29.237520831820895],[-51.34555968892846,-29.23938497623558],[-51.347550897655765,-29.239402657806373]]]}},{"type":"Feature","properties":{"id_grade":"200ME52666N80904","pop":22,"dom":8,"universo_dom":"domicilios_ocupados_grade_ibge_2022","na_bacia":0,"area_pct_bacia":0.0,"metodo_recorte_bacia":"ponto_representativo_grade_2022; area_pct_geometrica"},"geometry":{"type":"Polygon","coordinates":[[[-51.34555968892846,-29.23938497623558],[-51.34557858278532,-29.237520831820895],[-51.3435873884472,-29.237503136760314],[-51.34356848020116,-29.239367281175063],[-51.34555968892846,-29.23938497623558]]]}},{"type":"Feature","properties":{"id_grade":"200ME52668N80904","pop":154,"dom":63,"universo_dom":"domicilios_ocupados_grade_ibge_2022","na_bacia":0,"area_pct_bacia":0.0,"metodo_recorte_bacia":"ponto_representativo_grade_2022; area_pct_geometrica"},"geometry":{"type":"Polygon","coordinates":[[[-51.34356848020116,-29.239367281175063],[-51.3435873884472,-29.237503136760314],[-51.34159619500838,-29.237485429109196],[-51.34157727237318,-29.239349572624636],[-51.34356848020116,-29.239367281175063]]]}},{"type":"Feature","properties":{"id_grade":"200ME52664N80906","pop":21,"dom":9,"universo_dom":"domicilios_ocupados_grade_ibge_2022","na_bacia":0,"area_pct_bacia":0.0,"metodo_recorte_bacia":"ponto_representativo_grade_2022; area_pct_geometrica"},"geometry":{"type":"Polygon","coordinates":[[[-51.34756977712346,-29.23753851249228],[-51.34758865659119,-29.235674387862606],[-51.34559747664219,-29.23565670719125],[-51.34557858278532,-29.237520831820895],[-51.34756977712346,-29.23753851249228]]]}},{"type":"Feature","properties":{"id_grade":"200ME52666N80906","pop":21,"dom":9,"universo_dom":"domicilios_ocupados_grade_ibge_2022","na_bacia":0,"area_pct_bacia":0.0,"metodo_recorte_bacia":"ponto_representativo_grade_2022; area_pct_geometrica"},"geometry":{"type":"Polygon","coordinates":[[[-51.34557858278532,-29.237520831820895],[-51.34559747664219,-29.23565670719125],[-51.34360629669323,-29.23563901302993],[-51.3435873884472,-29.237503136760314],[-51.34557858278532,-29.237520831820895]]]}},{"type":"Feature","properties":{"id_grade":"200ME52668N80906","pop":20,"dom":5,"universo_dom":"domicilios_ocupados_grade_ibge_2022","na_bacia":0,"area_pct_bacia":0.0,"metodo_recorte_bacia":"ponto_representativo_grade_2022; area_pct_geometrica"},"geometry":{"type":"Polygon","coordinates":[[[-51.3435873884472,-29.237503136760314],[-51.34360629669323,-29.23563901302993],[-51.341615116744215,-29.235621305378917],[-51.34159619500838,-29.237485429109196],[-51.3435873884472,-29.237503136760314]]]}},{"type":"Feature","properties":{"id_grade":"200ME52668N80908","pop":28,"dom":13,"universo_dom":"domicilios_ocupados_grade_ibge_2022","na_bacia":0,"area_pct_bacia":0.0,"metodo_recorte_bacia":"ponto_representativo_grade_2022; area_pct_geometrica"},"geometry":{"type":"Polygon","coordinates":[[[-51.34360629669323,-29.23563901302993],[-51.34362520403989,-29.23377490818545],[-51.34163403848004,-29.233757201433647],[-51.341615116744215,-29.235621305378917],[-51.34360629669323,-29.23563901302993]]]}},{"type":"Feature","properties":{"id_grade":"200ME52660N80910","pop":127,"dom":57,"universo_dom":"domicilios_ocupados_grade_ibge_2022","na_bacia":0,"area_pct_bacia":0.0,"metodo_recorte_bacia":"ponto_representativo_grade_2022; area_pct_geometrica"},"geometry":{"type":"Polygon","coordinates":[[[-51.351589868977214,-29.233845604790776],[-51.35160871966661,-29.231981519731377],[-51.349617566697304,-29.2319638660395],[-51.34959870251805,-29.233827951099084],[-51.351589868977214,-29.233845604790776]]]}},{"type":"Feature","properties":{"id_grade":"200ME52662N80910","pop":164,"dom":83,"universo_dom":"domicilios_ocupados_grade_ibge_2022","na_bacia":0,"area_pct_bacia":0.0,"metodo_recorte_bacia":"ponto_representativo_grade_2022; area_pct_geometrica"},"geometry":{"type":"Polygon","coordinates":[[[-51.34959870251805,-29.233827951099084],[-51.349617566697304,-29.2319638660395],[-51.347626414627314,-29.23194619885791],[-51.34760753605888,-29.23381028301808],[-51.34959870251805,-29.233827951099084]]]}},{"type":"Feature","properties":{"id_grade":"200ME52664N80910","pop":68,"dom":30,"universo_dom":"domicilios_ocupados_grade_ibge_2022","na_bacia":0,"area_pct_bacia":0.0,"metodo_recorte_bacia":"ponto_representativo_grade_2022; area_pct_geometrica"},"geometry":{"type":"Polygon","coordinates":[[[-51.34760753605888,-29.23381028301808],[-51.347626414627314,-29.23194619885791],[-51.34563526255727,-29.231928518186507],[-51.345616369599725,-29.233792602346686],[-51.34760753605888,-29.23381028301808]]]}},{"type":"Feature","properties":{"id_grade":"200ME52666N80910","pop":109,"dom":45,"universo_dom":"domicilios_ocupados_grade_ibge_2022","na_bacia":0,"area_pct_bacia":0.0,"metodo_recorte_bacia":"ponto_representativo_grade_2022; area_pct_geometrica"},"geometry":{"type":"Polygon","coordinates":[[[-51.345616369599725,-29.233792602346686],[-51.34563526255727,-29.231928518186507],[-51.343644110487276,-29.231910824025228],[-51.34362520403989,-29.23377490818545],[-51.345616369599725,-29.233792602346686]]]}},{"type":"Feature","properties":{"id_grade":"200ME52668N80910","pop":113,"dom":48,"universo_dom":"domicilios_ocupados_grade_ibge_2022","na_bacia":0,"area_pct_bacia":0.0652,"metodo_recorte_bacia":"ponto_representativo_grade_2022; area_pct_geometrica"},"geometry":{"type":"Polygon","coordinates":[[[-51.34362520403989,-29.23377490818545],[-51.343644110487276,-29.231910824025228],[-51.341652959316605,-29.23189311727354],[-51.34163403848004,-29.233757201433647],[-51.34362520403989,-29.23377490818545]]]}},{"type":"Feature","properties":{"id_grade":"200ME52660N80912","pop":257,"dom":118,"universo_dom":"domicilios_ocupados_grade_ibge_2022","na_bacia":0,"area_pct_bacia":0.0,"metodo_recorte_bacia":"ponto_representativo_grade_2022; area_pct_geometrica"},"geometry":{"type":"Polygon","coordinates":[[[-51.35160871966661,-29.231981519731377],[-51.35162756945669,-29.23011745445687],[-51.34963643087656,-29.230099800765164],[-51.349617566697304,-29.2319638660395],[-51.35160871966661,-29.231981519731377]]]}},{"type":"Feature","properties":{"id_grade":"200ME52662N80912","pop":71,"dom":30,"universo_dom":"domicilios_ocupados_grade_ibge_2022","na_bacia":0,"area_pct_bacia":0.0,"metodo_recorte_bacia":"ponto_representativo_grade_2022; area_pct_geometrica"},"geometry":{"type":"Polygon","coordinates":[[[-51.349617566697304,-29.2319638660395],[-51.34963643087656,-29.230099800765164],[-51.34764529319569,-29.23008213358348],[-51.347626414627314,-29.23194619885791],[-51.349617566697304,-29.2319638660395]]]}},{"type":"Feature","properties":{"id_grade":"200ME52664N80912","pop":58,"dom":23,"universo_dom":"domicilios_ocupados_grade_ibge_2022","na_bacia":0,"area_pct_bacia":2.8459,"metodo_recorte_bacia":"ponto_representativo_grade_2022; area_pct_geometrica"},"geometry":{"type":"Polygon","coordinates":[[[-51.347626414627314,-29.23194619885791],[-51.34764529319569,-29.23008213358348],[-51.345654155514815,-29.230064453811465],[-51.34563526255727,-29.231928518186507],[-51.347626414627314,-29.23194619885791]]]}},{"type":"Feature","properties":{"id_grade":"200ME52666N80912","pop":69,"dom":31,"universo_dom":"domicilios_ocupados_grade_ibge_2022","na_bacia":0,"area_pct_bacia":40.4621,"metodo_recorte_bacia":"ponto_representativo_grade_2022; area_pct_geometrica"},"geometry":{"type":"Polygon","coordinates":[[[-51.34563526255727,-29.231928518186507],[-51.345654155514815,-29.230064453811465],[-51.34366301783398,-29.230046760549467],[-51.343644110487276,-29.231910824025228],[-51.34563526255727,-29.231928518186507]]]}},{"type":"Feature","properties":{"id_grade":"200ME52668N80912","pop":30,"dom":10,"universo_dom":"domicilios_ocupados_grade_ibge_2022","na_bacia":1,"area_pct_bacia":81.6349,"metodo_recorte_bacia":"ponto_representativo_grade_2022; area_pct_geometrica"},"geometry":{"type":"Polygon","coordinates":[[[-51.343644110487276,-29.231910824025228],[-51.34366301783398,-29.230046760549467],[-51.341671880153115,-29.230029053797736],[-51.341652959316605,-29.23189311727354],[-51.343644110487276,-29.231910824025228]]]}},{"type":"Feature","properties":{"id_grade":"200ME52660N80914","pop":146,"dom":69,"universo_dom":"domicilios_ocupados_grade_ibge_2022","na_bacia":0,"area_pct_bacia":0.0,"metodo_recorte_bacia":"ponto_representativo_grade_2022; area_pct_geometrica"},"geometry":{"type":"Polygon","coordinates":[[[-51.35162756945669,-29.23011745445687],[-51.35164641924684,-29.22825340896758],[-51.349655295055754,-29.228235755275836],[-51.34963643087656,-29.230099800765164],[-51.35162756945669,-29.23011745445687]]]}},{"type":"Feature","properties":{"id_grade":"200ME52662N80914","pop":289,"dom":125,"universo_dom":"domicilios_ocupados_grade_ibge_2022","na_bacia":0,"area_pct_bacia":0.0,"metodo_recorte_bacia":"ponto_representativo_grade_2022; area_pct_geometrica"},"geometry":{"type":"Polygon","coordinates":[[[-51.34963643087656,-29.230099800765164],[-51.349655295055754,-29.228235755275836],[-51.34766417176406,-29.22821808899359],[-51.34764529319569,-29.23008213358348],[-51.34963643087656,-29.230099800765164]]]}},{"type":"Feature","properties":{"id_grade":"200ME52664N80914","pop":113,"dom":49,"universo_dom":"domicilios_ocupados_grade_ibge_2022","na_bacia":0,"area_pct_bacia":43.6158,"metodo_recorte_bacia":"ponto_representativo_grade_2022; area_pct_geometrica"},"geometry":{"type":"Polygon","coordinates":[[[-51.34764529319569,-29.23008213358348],[-51.34766417176406,-29.22821808899359],[-51.34567304757303,-29.228200409221508],[-51.345654155514815,-29.230064453811465],[-51.34764529319569,-29.23008213358348]]]}},{"type":"Feature","properties":{"id_grade":"200ME52666N80914","pop":74,"dom":29,"universo_dom":"domicilios_ocupados_grade_ibge_2022","na_bacia":1,"area_pct_bacia":100.0,"metodo_recorte_bacia":"ponto_representativo_grade_2022; area_pct_geometrica"},"geometry":{"type":"Polygon","coordinates":[[[-51.345654155514815,-29.230064453811465],[-51.34567304757303,-29.228200409221508],[-51.34368192428133,-29.228182715959544],[-51.34366301783398,-29.230046760549467],[-51.345654155514815,-29.230064453811465]]]}},{"type":"Feature","properties":{"id_grade":"200ME52668N80914","pop":196,"dom":90,"universo_dom":"domicilios_ocupados_grade_ibge_2022","na_bacia":1,"area_pct_bacia":100.0,"metodo_recorte_bacia":"ponto_representativo_grade_2022; area_pct_geometrica"},"geometry":{"type":"Polygon","coordinates":[[[-51.34366301783398,-29.230046760549467],[-51.34368192428133,-29.228182715959544],[-51.34169080098962,-29.228165009207785],[-51.341671880153115,-29.230029053797736],[-51.34366301783398,-29.230046760549467]]]}},{"type":"Feature","properties":{"id_grade":"200ME52660N80916","pop":365,"dom":154,"universo_dom":"domicilios_ocupados_grade_ibge_2022","na_bacia":0,"area_pct_bacia":0.0,"metodo_recorte_bacia":"ponto_representativo_grade_2022; area_pct_geometrica"},"geometry":{"type":"Polygon","coordinates":[[[-51.35164641924684,-29.22825340896758],[-51.35166526903692,-29.226389383263342],[-51.34967415923501,-29.22637173047091],[-51.349655295055754,-29.228235755275836],[-51.35164641924684,-29.22825340896758]]]}},{"type":"Feature","properties":{"id_grade":"200ME52662N80916","pop":338,"dom":141,"universo_dom":"domicilios_ocupados_grade_ibge_2022","na_bacia":0,"area_pct_bacia":19.6872,"metodo_recorte_bacia":"ponto_representativo_grade_2022; area_pct_geometrica"},"geometry":{"type":"Polygon","coordinates":[[[-51.349655295055754,-29.228235755275836],[-51.34967415923501,-29.22637173047091],[-51.347683049433165,-29.226354064188687],[-51.34766417176406,-29.22821808899359],[-51.349655295055754,-29.228235755275836]]]}},{"type":"Feature","properties":{"id_grade":"200ME52664N80916","pop":213,"dom":100,"universo_dom":"domicilios_ocupados_grade_ibge_2022","na_bacia":1,"area_pct_bacia":89.5199,"metodo_recorte_bacia":"ponto_representativo_grade_2022; area_pct_geometrica"},"geometry":{"type":"Polygon","coordinates":[[[-51.34766417176406,-29.22821808899359],[-51.347683049433165,-29.226354064188687],[-51.34569193963125,-29.226336384416605],[-51.34567304757303,-29.228200409221508],[-51.34766417176406,-29.22821808899359]]]}},{"type":"Feature","properties":{"id_grade":"200ME52666N80916","pop":273,"dom":118,"universo_dom":"domicilios_ocupados_grade_ibge_2022","na_bacia":1,"area_pct_bacia":100.0,"metodo_recorte_bacia":"ponto_representativo_grade_2022; area_pct_geometrica"},"geometry":{"type":"Polygon","coordinates":[[[-51.34567304757303,-29.228200409221508],[-51.34569193963125,-29.226336384416605],[-51.343700830728714,-29.226318692053983],[-51.34368192428133,-29.228182715959544],[-51.34567304757303,-29.228200409221508]]]}},{"type":"Feature","properties":{"id_grade":"200ME52668N80916","pop":246,"dom":106,"universo_dom":"domicilios_ocupados_grade_ibge_2022","na_bacia":1,"area_pct_bacia":100.0,"metodo_recorte_bacia":"ponto_representativo_grade_2022; area_pct_geometrica"},"geometry":{"type":"Polygon","coordinates":[[[-51.34368192428133,-29.228182715959544],[-51.343700830728714,-29.226318692053983],[-51.34170972182613,-29.2263009853022],[-51.34169080098962,-29.228165009207785],[-51.34368192428133,-29.228182715959544]]]}},{"type":"Feature","properties":{"id_grade":"200ME52660N80918","pop":381,"dom":154,"universo_dom":"domicilios_ocupados_grade_ibge_2022","na_bacia":1,"area_pct_bacia":59.1789,"metodo_recorte_bacia":"ponto_representativo_grade_2022; area_pct_geometrica"},"geometry":{"type":"Polygon","coordinates":[[[-51.35166526903692,-29.226389383263342],[-51.351684118827,-29.22452537734432],[-51.34969302251494,-29.224507725451062],[-51.34967415923501,-29.22637173047091],[-51.35166526903692,-29.226389383263342]]]}},{"type":"Feature","properties":{"id_grade":"200ME52662N80918","pop":150,"dom":65,"universo_dom":"domicilios_ocupados_grade_ibge_2022","na_bacia":1,"area_pct_bacia":98.6184,"metodo_recorte_bacia":"ponto_representativo_grade_2022; area_pct_geometrica"},"geometry":{"type":"Polygon","coordinates":[[[-51.34967415923501,-29.22637173047091],[-51.34969302251494,-29.224507725451062],[-51.34770192710221,-29.224490059168858],[-51.347683049433165,-29.226354064188687],[-51.34967415923501,-29.22637173047091]]]}},{"type":"Feature","properties":{"id_grade":"200ME52664N80918","pop":224,"dom":104,"universo_dom":"domicilios_ocupados_grade_ibge_2022","na_bacia":1,"area_pct_bacia":100.0,"metodo_recorte_bacia":"ponto_representativo_grade_2022; area_pct_geometrica"},"geometry":{"type":"Polygon","coordinates":[[[-51.347683049433165,-29.226354064188687],[-51.34770192710221,-29.224490059168858],[-51.34571083168947,-29.224472380296017],[-51.34569193963125,-29.226336384416605],[-51.347683049433165,-29.226354064188687]]]}},{"type":"Feature","properties":{"id_grade":"200ME52666N80918","pop":197,"dom":95,"universo_dom":"domicilios_ocupados_grade_ibge_2022","na_bacia":1,"area_pct_bacia":100.0,"metodo_recorte_bacia":"ponto_representativo_grade_2022; area_pct_geometrica"},"geometry":{"type":"Polygon","coordinates":[[[-51.34569193963125,-29.226336384416605],[-51.34571083168947,-29.224472380296017],[-51.34371973717611,-29.224454687933527],[-51.343700830728714,-29.226318692053983],[-51.34569193963125,-29.226336384416605]]]}},{"type":"Feature","properties":{"id_grade":"200ME52668N80918","pop":147,"dom":62,"universo_dom":"domicilios_ocupados_grade_ibge_2022","na_bacia":1,"area_pct_bacia":100.0,"metodo_recorte_bacia":"ponto_representativo_grade_2022; area_pct_geometrica"},"geometry":{"type":"Polygon","coordinates":[[[-51.343700830728714,-29.226318692053983],[-51.34371973717611,-29.224454687933527],[-51.34172864176338,-29.224436982081],[-51.34170972182613,-29.2263009853022],[-51.343700830728714,-29.226318692053983]]]}},{"type":"Feature","properties":{"id_grade":"200ME52660N80920","pop":203,"dom":95,"universo_dom":"domicilios_ocupados_grade_ibge_2022","na_bacia":1,"area_pct_bacia":100.0,"metodo_recorte_bacia":"ponto_representativo_grade_2022; area_pct_geometrica"},"geometry":{"type":"Polygon","coordinates":[[[-51.351684118827,-29.22452537734432],[-51.351702967717756,-29.222661392109476],[-51.349711885794875,-29.2226437402164],[-51.34969302251494,-29.224507725451062],[-51.351684118827,-29.22452537734432]]]}},{"type":"Feature","properties":{"id_grade":"200ME52662N80920","pop":238,"dom":99,"universo_dom":"domicilios_ocupados_grade_ibge_2022","na_bacia":1,"area_pct_bacia":100.0,"metodo_recorte_bacia":"ponto_representativo_grade_2022; area_pct_geometrica"},"geometry":{"type":"Polygon","coordinates":[[[-51.34969302251494,-29.224507725451062],[-51.349711885794875,-29.2226437402164],[-51.347720804771264,-29.22262607393414],[-51.34770192710221,-29.224490059168858],[-51.34969302251494,-29.224507725451062]]]}},{"type":"Feature","properties":{"id_grade":"200ME52664N80920","pop":119,"dom":49,"universo_dom":"domicilios_ocupados_grade_ibge_2022","na_bacia":1,"area_pct_bacia":100.0,"metodo_recorte_bacia":"ponto_representativo_grade_2022; area_pct_geometrica"},"geometry":{"type":"Polygon","coordinates":[[[-51.34770192710221,-29.224490059168858],[-51.347720804771264,-29.22262607393414],[-51.345729723747695,-29.22260839506136],[-51.34571083168947,-29.224472380296017],[-51.34770192710221,-29.224490059168858]]]}},{"type":"Feature","properties":{"id_grade":"200ME52666N80920","pop":224,"dom":87,"universo_dom":"domicilios_ocupados_grade_ibge_2022","na_bacia":1,"area_pct_bacia":100.0,"metodo_recorte_bacia":"ponto_representativo_grade_2022; area_pct_geometrica"},"geometry":{"type":"Polygon","coordinates":[[[-51.34571083168947,-29.224472380296017],[-51.345729723747695,-29.22260839506136],[-51.343738642724134,-29.222590703598026],[-51.34371973717611,-29.224454687933527],[-51.34571083168947,-29.224472380296017]]]}},{"type":"Feature","properties":{"id_grade":"200ME52668N80920","pop":81,"dom":28,"universo_dom":"domicilios_ocupados_grade_ibge_2022","na_bacia":1,"area_pct_bacia":100.0,"metodo_recorte_bacia":"ponto_representativo_grade_2022; area_pct_geometrica"},"geometry":{"type":"Polygon","coordinates":[[[-51.34371973717611,-29.224454687933527],[-51.343738642724134,-29.222590703598026],[-51.34174756170057,-29.222572997745576],[-51.34172864176338,-29.224436982081],[-51.34371973717611,-29.224454687933527]]]}},{"type":"Feature","properties":{"id_grade":"200ME52660N80922","pop":289,"dom":130,"universo_dom":"domicilios_ocupados_grade_ibge_2022","na_bacia":1,"area_pct_bacia":100.0,"metodo_recorte_bacia":"ponto_representativo_grade_2022; area_pct_geometrica"},"geometry":{"type":"Polygon","coordinates":[[[-51.351702967717756,-29.222661392109476],[-51.351721816608524,-29.22079742665989],[-51.349730749074745,-29.220779774766818],[-51.349711885794875,-29.2226437402164],[-51.351702967717756,-29.222661392109476]]]}},{"type":"Feature","properties":{"id_grade":"200ME52662N80922","pop":166,"dom":73,"universo_dom":"domicilios_ocupados_grade_ibge_2022","na_bacia":1,"area_pct_bacia":100.0,"metodo_recorte_bacia":"ponto_representativo_grade_2022; area_pct_geometrica"},"geometry":{"type":"Polygon","coordinates":[[[-51.349711885794875,-29.2226437402164],[-51.349730749074745,-29.220779774766818],[-51.34773968154104,-29.220762109383767],[-51.347720804771264,-29.22262607393414],[-51.349711885794875,-29.2226437402164]]]}},{"type":"Feature","properties":{"id_grade":"200ME52664N80922","pop":128,"dom":54,"universo_dom":"domicilios_ocupados_grade_ibge_2022","na_bacia":1,"area_pct_bacia":100.0,"metodo_recorte_bacia":"ponto_representativo_grade_2022; area_pct_geometrica"},"geometry":{"type":"Polygon","coordinates":[[[-51.347720804771264,-29.22262607393414],[-51.34773968154104,-29.220762109383767],[-51.3457486149066,-29.220744430511004],[-51.345729723747695,-29.22260839506136],[-51.347720804771264,-29.22262607393414]]]}},{"type":"Feature","properties":{"id_grade":"200ME52666N80922","pop":142,"dom":65,"universo_dom":"domicilios_ocupados_grade_ibge_2022","na_bacia":1,"area_pct_bacia":100.0,"metodo_recorte_bacia":"ponto_representativo_grade_2022; area_pct_geometrica"},"geometry":{"type":"Polygon","coordinates":[[[-51.345729723747695,-29.22260839506136],[-51.3457486149066,-29.220744430511004],[-51.3437575482722,-29.22072673904772],[-51.343738642724134,-29.222590703598026],[-51.345729723747695,-29.22260839506136]]]}},{"type":"Feature","properties":{"id_grade":"200ME52668N80922","pop":186,"dom":83,"universo_dom":"domicilios_ocupados_grade_ibge_2022","na_bacia":1,"area_pct_bacia":100.0,"metodo_recorte_bacia":"ponto_representativo_grade_2022; area_pct_geometrica"},"geometry":{"type":"Polygon","coordinates":[[[-51.343738642724134,-29.222590703598026],[-51.3437575482722,-29.22072673904772],[-51.34176648163776,-29.220709034094618],[-51.34174756170057,-29.222572997745576],[-51.343738642724134,-29.222590703598026]]]}},{"type":"Feature","properties":{"id_grade":"200ME52660N80924","pop":49,"dom":19,"universo_dom":"domicilios_ocupados_grade_ibge_2022","na_bacia":1,"area_pct_bacia":100.0,"metodo_recorte_bacia":"ponto_representativo_grade_2022; area_pct_geometrica"},"geometry":{"type":"Polygon","coordinates":[[[-51.351721816608524,-29.22079742665989],[-51.35174066549928,-29.218933480995265],[-51.349749611455366,-29.21891582910219],[-51.349730749074745,-29.220779774766818],[-51.351721816608524,-29.22079742665989]]]}},{"type":"Feature","properties":{"id_grade":"200ME52662N80924","pop":67,"dom":26,"universo_dom":"domicilios_ocupados_grade_ibge_2022","na_bacia":1,"area_pct_bacia":100.0,"metodo_recorte_bacia":"ponto_representativo_grade_2022; area_pct_geometrica"},"geometry":{"type":"Polygon","coordinates":[[[-51.349730749074745,-29.220779774766818],[-51.349749611455366,-29.21891582910219],[-51.34775855921009,-29.218898164618572],[-51.34773968154104,-29.220762109383767],[-51.349730749074745,-29.220779774766818]]]}},{"type":"Feature","properties":{"id_grade":"200ME52664N80924","pop":138,"dom":57,"universo_dom":"domicilios_ocupados_grade_ibge_2022","na_bacia":1,"area_pct_bacia":100.0,"metodo_recorte_bacia":"ponto_representativo_grade_2022; area_pct_geometrica"},"geometry":{"type":"Polygon","coordinates":[[[-51.34773968154104,-29.220762109383767],[-51.34775855921009,-29.218898164618572],[-51.3457675060655,-29.218880485745842],[-51.3457486149066,-29.220744430511004],[-51.34773968154104,-29.220762109383767]]]}},{"type":"Feature","properties":{"id_grade":"200ME52666N80924","pop":204,"dom":86,"universo_dom":"domicilios_ocupados_grade_ibge_2022","na_bacia":1,"area_pct_bacia":100.0,"metodo_recorte_bacia":"ponto_representativo_grade_2022; area_pct_geometrica"},"geometry":{"type":"Polygon","coordinates":[[[-51.3457486149066,-29.220744430511004],[-51.3457675060655,-29.218880485745842],[-51.343776453820226,-29.21886279428245],[-51.3437575482722,-29.22072673904772],[-51.3457486149066,-29.220744430511004]]]}},{"type":"Feature","properties":{"id_grade":"200ME52668N80924","pop":101,"dom":36,"universo_dom":"domicilios_ocupados_grade_ibge_2022","na_bacia":1,"area_pct_bacia":100.0,"metodo_recorte_bacia":"ponto_representativo_grade_2022; area_pct_geometrica"},"geometry":{"type":"Polygon","coordinates":[[[-51.3437575482722,-29.22072673904772],[-51.343776453820226,-29.21886279428245],[-51.34178540157502,-29.21884508932936],[-51.34176648163776,-29.220709034094618],[-51.3437575482722,-29.22072673904772]]]}},{"type":"Feature","properties":{"id_grade":"200ME52660N80926","pop":66,"dom":25,"universo_dom":"domicilios_ocupados_grade_ibge_2022","na_bacia":1,"area_pct_bacia":100.0,"metodo_recorte_bacia":"ponto_representativo_grade_2022; area_pct_geometrica"},"geometry":{"type":"Polygon","coordinates":[[[-51.35174066549928,-29.218933480995265],[-51.35175951349072,-29.2170695551158],[-51.3497684747353,-29.21705190412203],[-51.349749611455366,-29.21891582910219],[-51.35174066549928,-29.218933480995265]]]}},{"type":"Feature","properties":{"id_grade":"200ME52662N80926","pop":218,"dom":103,"universo_dom":"domicilios_ocupados_grade_ibge_2022","na_bacia":1,"area_pct_bacia":100.0,"metodo_recorte_bacia":"ponto_representativo_grade_2022; area_pct_geometrica"},"geometry":{"type":"Polygon","coordinates":[[[-51.349749611455366,-29.21891582910219],[-51.3497684747353,-29.21705190412203],[-51.3477774350805,-29.21703423873908],[-51.34775855921009,-29.218898164618572],[-51.349749611455366,-29.21891582910219]]]}},{"type":"Feature","properties":{"id_grade":"200ME52664N80926","pop":46,"dom":17,"universo_dom":"domicilios_ocupados_grade_ibge_2022","na_bacia":1,"area_pct_bacia":100.0,"metodo_recorte_bacia":"ponto_representativo_grade_2022; area_pct_geometrica"},"geometry":{"type":"Polygon","coordinates":[[[-51.34775855921009,-29.218898164618572],[-51.3477774350805,-29.21703423873908],[-51.34578639722441,-29.217016561664934],[-51.3457675060655,-29.218880485745842],[-51.34775855921009,-29.218898164618572]]]}},{"type":"Feature","properties":{"id_grade":"200ME52666N80926","pop":249,"dom":110,"universo_dom":"domicilios_ocupados_grade_ibge_2022","na_bacia":1,"area_pct_bacia":100.0,"metodo_recorte_bacia":"ponto_representativo_grade_2022; area_pct_geometrica"},"geometry":{"type":"Polygon","coordinates":[[[-51.3457675060655,-29.218880485745842],[-51.34578639722441,-29.217016561664934],[-51.34379535846898,-29.216998870201714],[-51.343776453820226,-29.21886279428245],[-51.3457675060655,-29.218880485745842]]]}},{"type":"Feature","properties":{"id_grade":"200ME52668N80926","pop":207,"dom":87,"universo_dom":"domicilios_ocupados_grade_ibge_2022","na_bacia":1,"area_pct_bacia":100.0,"metodo_recorte_bacia":"ponto_representativo_grade_2022; area_pct_geometrica"},"geometry":{"type":"Polygon","coordinates":[[[-51.343776453820226,-29.21886279428245],[-51.34379535846898,-29.216998870201714],[-51.34180432061288,-29.216981165248534],[-51.34178540157502,-29.21884508932936],[-51.343776453820226,-29.21886279428245]]]}},{"type":"Feature","properties":{"id_grade":"200ME52660N80928","pop":17,"dom":9,"universo_dom":"domicilios_ocupados_grade_ibge_2022","na_bacia":1,"area_pct_bacia":100.0,"metodo_recorte_bacia":"ponto_representativo_grade_2022; area_pct_geometrica"},"geometry":{"type":"Polygon","coordinates":[[[-51.35175951349072,-29.2170695551158],[-51.351778361482154,-29.21520564992077],[-51.34978733621654,-29.215187998027677],[-51.3497684747353,-29.21705190412203],[-51.35175951349072,-29.2170695551158]]]}},{"type":"Feature","properties":{"id_grade":"200ME52662N80928","pop":96,"dom":42,"universo_dom":"domicilios_ocupados_grade_ibge_2022","na_bacia":1,"area_pct_bacia":100.0,"metodo_recorte_bacia":"ponto_representativo_grade_2022; area_pct_geometrica"},"geometry":{"type":"Polygon","coordinates":[[[-51.3497684747353,-29.21705190412203],[-51.34978733621654,-29.215187998027677],[-51.347796311850296,-29.21517033444327],[-51.3477774350805,-29.21703423873908],[-51.3497684747353,-29.21705190412203]]]}},{"type":"Feature","properties":{"id_grade":"200ME52664N80928","pop":45,"dom":20,"universo_dom":"domicilios_ocupados_grade_ibge_2022","na_bacia":1,"area_pct_bacia":100.0,"metodo_recorte_bacia":"ponto_representativo_grade_2022; area_pct_geometrica"},"geometry":{"type":"Polygon","coordinates":[[[-51.3477774350805,-29.21703423873908],[-51.347796311850296,-29.21517033444327],[-51.34580528748399,-29.215152656469932],[-51.34578639722441,-29.217016561664934],[-51.3477774350805,-29.21703423873908]]]}},{"type":"Feature","properties":{"id_grade":"200ME52666N80928","pop":169,"dom":69,"universo_dom":"domicilios_ocupados_grade_ibge_2022","na_bacia":1,"area_pct_bacia":100.0,"metodo_recorte_bacia":"ponto_representativo_grade_2022; area_pct_geometrica"},"geometry":{"type":"Polygon","coordinates":[[[-51.34578639722441,-29.217016561664934],[-51.34580528748399,-29.215152656469932],[-51.34381426311768,-29.215134965905957],[-51.34379535846898,-29.216998870201714],[-51.34578639722441,-29.217016561664934]]]}},{"type":"Feature","properties":{"id_grade":"200ME52668N80928","pop":141,"dom":56,"universo_dom":"domicilios_ocupados_grade_ibge_2022","na_bacia":1,"area_pct_bacia":100.0,"metodo_recorte_bacia":"ponto_representativo_grade_2022; area_pct_geometrica"},"geometry":{"type":"Polygon","coordinates":[[[-51.34379535846898,-29.216998870201714],[-51.34381426311768,-29.215134965905957],[-51.34182323965075,-29.21511726185216],[-51.34180432061288,-29.216981165248534],[-51.34379535846898,-29.216998870201714]]]}},{"type":"Feature","properties":{"id_grade":"200ME52660N80930","pop":2,"dom":1,"universo_dom":"domicilios_ocupados_grade_ibge_2022","na_bacia":1,"area_pct_bacia":100.0,"metodo_recorte_bacia":"ponto_representativo_grade_2022; area_pct_geometrica"},"geometry":{"type":"Polygon","coordinates":[[[-51.351778361482154,-29.21520564992077],[-51.3517972094736,-29.21334176361145],[-51.34980619859715,-29.213324112617713],[-51.34978733621654,-29.215187998027677],[-51.351778361482154,-29.21520564992077]]]}},{"type":"Feature","properties":{"id_grade":"200ME52662N80930","pop":141,"dom":57,"universo_dom":"domicilios_ocupados_grade_ibge_2022","na_bacia":1,"area_pct_bacia":100.0,"metodo_recorte_bacia":"ponto_representativo_grade_2022; area_pct_geometrica"},"geometry":{"type":"Polygon","coordinates":[[[-51.34978733621654,-29.215187998027677],[-51.34980619859715,-29.213324112617713],[-51.3478151877207,-29.21330644903326],[-51.347796311850296,-29.21517033444327],[-51.34978733621654,-29.215187998027677]]]}},{"type":"Feature","properties":{"id_grade":"200ME52664N80930","pop":95,"dom":39,"universo_dom":"domicilios_ocupados_grade_ibge_2022","na_bacia":1,"area_pct_bacia":100.0,"metodo_recorte_bacia":"ponto_representativo_grade_2022; area_pct_geometrica"},"geometry":{"type":"Polygon","coordinates":[[[-51.347796311850296,-29.21517033444327],[-51.3478151877207,-29.21330644903326],[-51.345824177743566,-29.213288771959203],[-51.34580528748399,-29.215152656469932],[-51.347796311850296,-29.21517033444327]]]}},{"type":"Feature","properties":{"id_grade":"200ME52666N80930","pop":197,"dom":82,"universo_dom":"domicilios_ocupados_grade_ibge_2022","na_bacia":1,"area_pct_bacia":100.0,"metodo_recorte_bacia":"ponto_representativo_grade_2022; area_pct_geometrica"},"geometry":{"type":"Polygon","coordinates":[[[-51.34580528748399,-29.215152656469932],[-51.345824177743566,-29.213288771959203],[-51.34383316776643,-29.213271081395252],[-51.34381426311768,-29.215134965905957],[-51.34580528748399,-29.215152656469932]]]}},{"type":"Feature","properties":{"id_grade":"200ME52668N80930","pop":81,"dom":31,"universo_dom":"domicilios_ocupados_grade_ibge_2022","na_bacia":1,"area_pct_bacia":100.0,"metodo_recorte_bacia":"ponto_representativo_grade_2022; area_pct_geometrica"},"geometry":{"type":"Polygon","coordinates":[[[-51.34381426311768,-29.215134965905957],[-51.34383316776643,-29.213271081395252],[-51.3418421577893,-29.2132533773415],[-51.34182323965075,-29.21511726185216],[-51.34381426311768,-29.215134965905957]]]}},{"type":"Feature","properties":{"id_grade":"200ME52660N80932","pop":18,"dom":5,"universo_dom":"domicilios_ocupados_grade_ibge_2022","na_bacia":1,"area_pct_bacia":100.0,"metodo_recorte_bacia":"ponto_representativo_grade_2022; area_pct_geometrica"},"geometry":{"type":"Polygon","coordinates":[[[-51.3517972094736,-29.21334176361145],[-51.351816056565724,-29.211477897986605],[-51.349825060078444,-29.211460246992797],[-51.34980619859715,-29.213324112617713],[-51.3517972094736,-29.21334176361145]]]}},{"type":"Feature","properties":{"id_grade":"200ME52662N80932","pop":116,"dom":43,"universo_dom":"domicilios_ocupados_grade_ibge_2022","na_bacia":1,"area_pct_bacia":100.0,"metodo_recorte_bacia":"ponto_representativo_grade_2022; area_pct_geometrica"},"geometry":{"type":"Polygon","coordinates":[[[-51.34980619859715,-29.213324112617713],[-51.349825060078444,-29.211460246992797],[-51.3478340635911,-29.211442583408417],[-51.3478151877207,-29.21330644903326],[-51.34980619859715,-29.213324112617713]]]}},{"type":"Feature","properties":{"id_grade":"200ME52664N80932","pop":37,"dom":15,"universo_dom":"domicilios_ocupados_grade_ibge_2022","na_bacia":1,"area_pct_bacia":100.0,"metodo_recorte_bacia":"ponto_representativo_grade_2022; area_pct_geometrica"},"geometry":{"type":"Polygon","coordinates":[[[-51.3478151877207,-29.21330644903326],[-51.3478340635911,-29.211442583408417],[-51.34584306800315,-29.211424906334344],[-51.345824177743566,-29.213288771959203],[-51.3478151877207,-29.21330644903326]]]}},{"type":"Feature","properties":{"id_grade":"200ME52666N80932","pop":129,"dom":52,"universo_dom":"domicilios_ocupados_grade_ibge_2022","na_bacia":1,"area_pct_bacia":100.0,"metodo_recorte_bacia":"ponto_representativo_grade_2022; area_pct_geometrica"},"geometry":{"type":"Polygon","coordinates":[[[-51.345824177743566,-29.213288771959203],[-51.34584306800315,-29.211424906334344],[-51.34385207151587,-29.211407216669613],[-51.34383316776643,-29.213271081395252],[-51.345824177743566,-29.213288771959203]]]}},{"type":"Feature","properties":{"id_grade":"200ME52668N80932","pop":33,"dom":15,"universo_dom":"domicilios_ocupados_grade_ibge_2022","na_bacia":1,"area_pct_bacia":100.0,"metodo_recorte_bacia":"ponto_representativo_grade_2022; area_pct_geometrica"},"geometry":{"type":"Polygon","coordinates":[[[-51.34383316776643,-29.213271081395252],[-51.34385207151587,-29.211407216669613],[-51.34186107592786,-29.211389512615938],[-51.3418421577893,-29.2132533773415],[-51.34383316776643,-29.213271081395252]]]}},{"type":"Feature","properties":{"id_grade":"200ME52662N80934","pop":39,"dom":17,"universo_dom":"domicilios_ocupados_grade_ibge_2022","na_bacia":1,"area_pct_bacia":100.0,"metodo_recorte_bacia":"ponto_representativo_grade_2022; area_pct_geometrica"},"geometry":{"type":"Polygon","coordinates":[[[-51.349825060078444,-29.211460246992797],[-51.34984392155969,-29.20959640205235],[-51.34785293946152,-29.20957873846796],[-51.3478340635911,-29.211442583408417],[-51.349825060078444,-29.211460246992797]]]}},{"type":"Feature","properties":{"id_grade":"200ME52664N80934","pop":139,"dom":58,"universo_dom":"domicilios_ocupados_grade_ibge_2022","na_bacia":1,"area_pct_bacia":100.0,"metodo_recorte_bacia":"ponto_representativo_grade_2022; area_pct_geometrica"},"geometry":{"type":"Polygon","coordinates":[[[-51.3478340635911,-29.211442583408417],[-51.34785293946152,-29.20957873846796],[-51.34586195736341,-29.209561061393785],[-51.34584306800315,-29.211424906334344],[-51.3478340635911,-29.211442583408417]]]}},{"type":"Feature","properties":{"id_grade":"200ME52666N80934","pop":150,"dom":59,"universo_dom":"domicilios_ocupados_grade_ibge_2022","na_bacia":1,"area_pct_bacia":100.0,"metodo_recorte_bacia":"ponto_representativo_grade_2022; area_pct_geometrica"},"geometry":{"type":"Polygon","coordinates":[[[-51.34584306800315,-29.211424906334344],[-51.34586195736341,-29.209561061393785],[-51.34387097616457,-29.209543371729144],[-51.34385207151587,-29.211407216669613],[-51.34584306800315,-29.211424906334344]]]}},{"type":"Feature","properties":{"id_grade":"200ME52668N80934","pop":23,"dom":12,"universo_dom":"domicilios_ocupados_grade_ibge_2022","na_bacia":1,"area_pct_bacia":100.0,"metodo_recorte_bacia":"ponto_representativo_grade_2022; area_pct_geometrica"},"geometry":{"type":"Polygon","coordinates":[[[-51.34385207151587,-29.211407216669613],[-51.34387097616457,-29.209543371729144],[-51.34187999406646,-29.209525668574724],[-51.34186107592786,-29.211389512615938],[-51.34385207151587,-29.211407216669613]]]}},{"type":"Feature","properties":{"id_grade":"200ME52662N80936","pop":45,"dom":17,"universo_dom":"domicilios_ocupados_grade_ibge_2022","na_bacia":1,"area_pct_bacia":100.0,"metodo_recorte_bacia":"ponto_representativo_grade_2022; area_pct_geometrica"},"geometry":{"type":"Polygon","coordinates":[[[-51.34984392155969,-29.20959640205235],[-51.349862783040976,-29.207732575997635],[-51.347871814432665,-29.207714913312532],[-51.34785293946152,-29.20957873846796],[-51.34984392155969,-29.20959640205235]]]}},{"type":"Feature","properties":{"id_grade":"200ME52664N80936","pop":178,"dom":65,"universo_dom":"domicilios_ocupados_grade_ibge_2022","na_bacia":1,"area_pct_bacia":100.0,"metodo_recorte_bacia":"ponto_representativo_grade_2022; area_pct_geometrica"},"geometry":{"type":"Polygon","coordinates":[[[-51.34785293946152,-29.20957873846796],[-51.347871814432665,-29.207714913312532],[-51.345880846723674,-29.20769723713773],[-51.34586195736341,-29.209561061393785],[-51.34785293946152,-29.20957873846796]]]}},{"type":"Feature","properties":{"id_grade":"200ME52666N80936","pop":93,"dom":38,"universo_dom":"domicilios_ocupados_grade_ibge_2022","na_bacia":1,"area_pct_bacia":100.0,"metodo_recorte_bacia":"ponto_representativo_grade_2022; area_pct_geometrica"},"geometry":{"type":"Polygon","coordinates":[[[-51.34586195736341,-29.209561061393785],[-51.345880846723674,-29.20769723713773],[-51.343889879914,-29.207679547473074],[-51.34387097616457,-29.209543371729144],[-51.34586195736341,-29.209561061393785]]]}},{"type":"Feature","properties":{"id_grade":"200ME52668N80936","pop":28,"dom":9,"universo_dom":"domicilios_ocupados_grade_ibge_2022","na_bacia":1,"area_pct_bacia":100.0,"metodo_recorte_bacia":"ponto_representativo_grade_2022; area_pct_geometrica"},"geometry":{"type":"Polygon","coordinates":[[[-51.34387097616457,-29.209543371729144],[-51.343889879914,-29.207679547473074],[-51.341898912205004,-29.207661844318686],[-51.34187999406646,-29.209525668574724],[-51.34387097616457,-29.209543371729144]]]}},{"type":"Feature","properties":{"id_grade":"200ME52662N80938","pop":44,"dom":17,"universo_dom":"domicilios_ocupados_grade_ibge_2022","na_bacia":1,"area_pct_bacia":100.0,"metodo_recorte_bacia":"ponto_representativo_grade_2022; area_pct_geometrica"},"geometry":{"type":"Polygon","coordinates":[[[-51.349862783040976,-29.207732575997635],[-51.34988164362289,-29.205868770627198],[-51.34789069030308,-29.20585110794226],[-51.347871814432665,-29.207714913312532],[-51.349862783040976,-29.207732575997635]]]}},{"type":"Feature","properties":{"id_grade":"200ME52664N80938","pop":357,"dom":136,"universo_dom":"domicilios_ocupados_grade_ibge_2022","na_bacia":1,"area_pct_bacia":100.0,"metodo_recorte_bacia":"ponto_representativo_grade_2022; area_pct_geometrica"},"geometry":{"type":"Polygon","coordinates":[[[-51.347871814432665,-29.207714913312532],[-51.34789069030308,-29.20585110794226],[-51.345899736083936,-29.205833431767342],[-51.345880846723674,-29.20769723713773],[-51.347871814432665,-29.207714913312532]]]}},{"type":"Feature","properties":{"id_grade":"200ME52666N80938","pop":355,"dom":138,"universo_dom":"domicilios_ocupados_grade_ibge_2022","na_bacia":1,"area_pct_bacia":100.0,"metodo_recorte_bacia":"ponto_representativo_grade_2022; area_pct_geometrica"},"geometry":{"type":"Polygon","coordinates":[[[-51.345880846723674,-29.20769723713773],[-51.345899736083936,-29.205833431767342],[-51.34390878276406,-29.20581574210273],[-51.343889879914,-29.207679547473074],[-51.345880846723674,-29.20769723713773]]]}},{"type":"Feature","properties":{"id_grade":"200ME52668N80938","pop":33,"dom":12,"universo_dom":"domicilios_ocupados_grade_ibge_2022","na_bacia":1,"area_pct_bacia":100.0,"metodo_recorte_bacia":"ponto_representativo_grade_2022; area_pct_geometrica"},"geometry":{"type":"Polygon","coordinates":[[[-51.343889879914,-29.207679547473074],[-51.34390878276406,-29.20581574210273],[-51.34191782944424,-29.20579803984767],[-51.341898912205004,-29.207661844318686],[-51.343889879914,-29.207679547473074]]]}},{"type":"Feature","properties":{"id_grade":"200ME52660N80940","pop":1,"dom":1,"universo_dom":"domicilios_ocupados_grade_ibge_2022","na_bacia":1,"area_pct_bacia":100.0,"metodo_recorte_bacia":"ponto_representativo_grade_2022; area_pct_geometrica"},"geometry":{"type":"Polygon","coordinates":[[[-51.35187259784209,-29.205886419822367],[-51.35189144403489,-29.20402263423715],[-51.349900504204875,-29.20400498504192],[-51.34988164362289,-29.205868770627198],[-51.35187259784209,-29.205886419822367]]]}},{"type":"Feature","properties":{"id_grade":"200ME52662N80940","pop":6,"dom":2,"universo_dom":"domicilios_ocupados_grade_ibge_2022","na_bacia":1,"area_pct_bacia":100.0,"metodo_recorte_bacia":"ponto_representativo_grade_2022; area_pct_geometrica"},"geometry":{"type":"Polygon","coordinates":[[[-51.34988164362289,-29.205868770627198],[-51.349900504204875,-29.20400498504192],[-51.347909564374845,-29.20398732235701],[-51.34789069030308,-29.20585110794226],[-51.34988164362289,-29.205868770627198]]]}},{"type":"Feature","properties":{"id_grade":"200ME52664N80940","pop":160,"dom":57,"universo_dom":"domicilios_ocupados_grade_ibge_2022","na_bacia":1,"area_pct_bacia":100.0,"metodo_recorte_bacia":"ponto_representativo_grade_2022; area_pct_geometrica"},"geometry":{"type":"Polygon","coordinates":[[[-51.34789069030308,-29.20585110794226],[-51.347909564374845,-29.20398732235701],[-51.34591862544415,-29.20396964618214],[-51.345899736083936,-29.205833431767342],[-51.34789069030308,-29.20585110794226]]]}},{"type":"Feature","properties":{"id_grade":"200ME52666N80940","pop":346,"dom":115,"universo_dom":"domicilios_ocupados_grade_ibge_2022","na_bacia":1,"area_pct_bacia":100.0,"metodo_recorte_bacia":"ponto_representativo_grade_2022; area_pct_geometrica"},"geometry":{"type":"Polygon","coordinates":[[[-51.345899736083936,-29.205833431767342],[-51.34591862544415,-29.20396964618214],[-51.343927685614176,-29.203951957416844],[-51.34390878276406,-29.20581574210273],[-51.345899736083936,-29.205833431767342]]]}},{"type":"Feature","properties":{"id_grade":"200ME52668N80940","pop":59,"dom":19,"universo_dom":"domicilios_ocupados_grade_ibge_2022","na_bacia":1,"area_pct_bacia":100.0,"metodo_recorte_bacia":"ponto_representativo_grade_2022; area_pct_geometrica"},"geometry":{"type":"Polygon","coordinates":[[[-51.34390878276406,-29.20581574210273],[-51.343927685614176,-29.203951957416844],[-51.34193674668347,-29.20393425516175],[-51.34191782944424,-29.20579803984767],[-51.34390878276406,-29.20581574210273]]]}},{"type":"Feature","properties":{"id_grade":"200ME52664N80944","pop":23,"dom":2,"universo_dom":"domicilios_ocupados_grade_ibge_2022","na_bacia":1,"area_pct_bacia":100.0,"metodo_recorte_bacia":"ponto_representativo_grade_2022; area_pct_geometrica"},"geometry":{"type":"Polygon","coordinates":[[[-51.347928439345935,-29.20212355655686],[-51.34794731341777,-29.20025981144109],[-51.34595640236602,-29.200242136165595],[-51.34593751390509,-29.202105881281334],[-51.347928439345935,-29.20212355655686]]]}},{"type":"Feature","properties":{"id_grade":"200ME52668N80944","pop":6,"dom":2,"universo_dom":"domicilios_ocupados_grade_ibge_2022","na_bacia":1,"area_pct_bacia":100.0,"metodo_recorte_bacia":"ponto_representativo_grade_2022; area_pct_geometrica"},"geometry":{"type":"Polygon","coordinates":[[[-51.343946588464235,-29.202088192515994],[-51.34396549131436,-29.200224447400306],[-51.341974581161935,-29.200206746044508],[-51.341955663922704,-29.202070490260933],[-51.343946588464235,-29.202088192515994]]]}},{"type":"Feature","properties":{"id_grade":"200ME52664N80946","pop":3,"dom":1,"universo_dom":"domicilios_ocupados_grade_ibge_2022","na_bacia":1,"area_pct_bacia":100.0,"metodo_recorte_bacia":"ponto_representativo_grade_2022; area_pct_geometrica"},"geometry":{"type":"Polygon","coordinates":[[[-51.34794731341777,-29.20025981144109],[-51.34796618748953,-29.1983960852111],[-51.34597529082697,-29.19837841083499],[-51.34595640236602,-29.200242136165595],[-51.34794731341777,-29.20025981144109]]]}},{"type":"Feature","properties":{"id_grade":"200ME52666N80948","pop":1,"dom":1,"universo_dom":"domicilios_ocupados_grade_ibge_2022","na_bacia":1,"area_pct_bacia":100.0,"metodo_recorte_bacia":"ponto_representativo_grade_2022; area_pct_geometrica"},"geometry":{"type":"Polygon","coordinates":[[[-51.34597529082697,-29.19837841083499],[-51.3459941783886,-29.196514705289328],[-51.344003296115204,-29.196497017423358],[-51.34398439416441,-29.198360722968964],[-51.34597529082697,-29.19837841083499]]]}},{"type":"Feature","properties":{"id_grade":"200ME52660N80952","pop":8,"dom":2,"universo_dom":"domicilios_ocupados_grade_ibge_2022","na_bacia":1,"area_pct_bacia":100.0,"metodo_recorte_bacia":"ponto_representativo_grade_2022; area_pct_geometrica"},"geometry":{"type":"Polygon","coordinates":[[[-51.351985672300884,-29.19470400218792],[-51.35200451759437,-29.19284033621247],[-51.350013662300626,-29.192822688815944],[-51.34999480351735,-29.194686354791347],[-51.351985672300884,-29.19470400218792]]]}},{"type":"Feature","properties":{"id_grade":"200ME52662N80952","pop":5,"dom":2,"universo_dom":"domicilios_ocupados_grade_ibge_2022","na_bacia":1,"area_pct_bacia":100.0,"metodo_recorte_bacia":"ponto_representativo_grade_2022; area_pct_geometrica"},"geometry":{"type":"Polygon","coordinates":[[[-51.34999480351735,-29.194686354791347],[-51.350013662300626,-29.192822688815944],[-51.348022807906204,-29.192805027929634],[-51.348003934733754,-29.194668693905005],[-51.34999480351735,-29.194686354791347]]]}},{"type":"Feature","properties":{"id_grade":"200ME52662N80958","pop":4,"dom":2,"universo_dom":"domicilios_ocupados_grade_ibge_2022","na_bacia":1,"area_pct_bacia":100.0,"metodo_recorte_bacia":"ponto_representativo_grade_2022; area_pct_geometrica"},"geometry":{"type":"Polygon","coordinates":[[[-51.35005137986724,-29.189095416220432],[-51.350070237751254,-29.18723180960029],[-51.348079425624974,-29.187214149613226],[-51.348060553351786,-29.189077756233406],[-51.35005137986724,-29.189095416220432]]]}},{"type":"Feature","properties":{"id_grade":"200ME52664N80962","pop":7,"dom":2,"universo_dom":"domicilios_ocupados_grade_ibge_2022","na_bacia":1,"area_pct_bacia":100.0,"metodo_recorte_bacia":"ponto_representativo_grade_2022; area_pct_geometrica"},"geometry":{"type":"Polygon","coordinates":[[[-51.348098297898105,-29.185350563677545],[-51.34811716927191,-29.183486996627558],[-51.346126385923924,-29.1834693249493],[-51.34610750016093,-29.185332891099904],[-51.348098297898105,-29.185350563677545]]]}},{"type":"Feature","properties":{"id_grade":"200ME52666N80962","pop":5,"dom":3,"universo_dom":"domicilios_ocupados_grade_ibge_2022","na_bacia":1,"area_pct_bacia":100.0,"metodo_recorte_bacia":"ponto_representativo_grade_2022; area_pct_geometrica"},"geometry":{"type":"Polygon","coordinates":[[[-51.34610750016093,-29.185332891099904],[-51.346126385923924,-29.1834693249493],[-51.34413560257593,-29.183451638881987],[-51.34411670242383,-29.18531520503259],[-51.34610750016093,-29.185332891099904]]]}},{"type":"Feature","properties":{"id_grade":"200ME52666N80966","pop":11,"dom":4,"universo_dom":"domicilios_ocupados_grade_ibge_2022","na_bacia":1,"area_pct_bacia":100.0,"metodo_recorte_bacia":"ponto_representativo_grade_2022; area_pct_geometrica"},"geometry":{"type":"Polygon","coordinates":[[[-51.346145271686915,-29.1816057785838],[-51.34616415744989,-29.179742252003308],[-51.344173401980875,-29.179724567734578],[-51.34415450272809,-29.181588093415638],[-51.346145271686915,-29.1816057785838]]]}},{"type":"Feature","properties":{"id_grade":"200ME52662N80968","pop":6,"dom":2,"universo_dom":"domicilios_ocupados_grade_ibge_2022","na_bacia":1,"area_pct_bacia":100.0,"metodo_recorte_bacia":"ponto_representativo_grade_2022; area_pct_geometrica"},"geometry":{"type":"Polygon","coordinates":[[[-51.350145668387825,-29.179777581869853],[-51.3501645244732,-29.177914075074437],[-51.34817378339335,-29.177896416886096],[-51.34815491291886,-29.17975992368152],[-51.350145668387825,-29.179777581869853]]]}},{"type":"Feature","properties":{"id_grade":"200ME52666N80968","pop":4,"dom":2,"universo_dom":"domicilios_ocupados_grade_ibge_2022","na_bacia":1,"area_pct_bacia":100.0,"metodo_recorte_bacia":"ponto_representativo_grade_2022; area_pct_geometrica"},"geometry":{"type":"Polygon","coordinates":[[[-51.34616415744989,-29.179742252003308],[-51.346183042313505,-29.177878746107165],[-51.34419230123365,-29.17786106093916],[-51.344173401980875,-29.179724567734578],[-51.34616415744989,-29.179742252003308]]]}},{"type":"Feature","properties":{"id_grade":"200ME52664N80970","pop":15,"dom":1,"universo_dom":"domicilios_ocupados_grade_ibge_2022","na_bacia":1,"area_pct_bacia":100.0,"metodo_recorte_bacia":"ponto_representativo_grade_2022; area_pct_geometrica"},"geometry":{"type":"Polygon","coordinates":[[[-51.34817378339335,-29.177896416886096],[-51.34819265386784,-29.17603293077504],[-51.34620192717716,-29.176015259096886],[-51.346183042313505,-29.177878746107165],[-51.34817378339335,-29.177896416886096]]]}},{"type":"Feature","properties":{"id_grade":"200ME52666N80970","pop":61,"dom":18,"universo_dom":"domicilios_ocupados_grade_ibge_2022","na_bacia":1,"area_pct_bacia":100.0,"metodo_recorte_bacia":"ponto_representativo_grade_2022; area_pct_geometrica"},"geometry":{"type":"Polygon","coordinates":[[[-51.346183042313505,-29.177878746107165],[-51.34620192717716,-29.176015259096886],[-51.344211200486484,-29.175997574828095],[-51.34419230123365,-29.17786106093916],[-51.346183042313505,-29.177878746107165]]]}},{"type":"Feature","properties":{"id_grade":"200ME52668N80970","pop":20,"dom":6,"universo_dom":"domicilios_ocupados_grade_ibge_2022","na_bacia":1,"area_pct_bacia":100.0,"metodo_recorte_bacia":"ponto_representativo_grade_2022; area_pct_geometrica"},"geometry":{"type":"Polygon","coordinates":[[[-51.34419230123365,-29.17786106093916],[-51.344211200486484,-29.175997574828095],[-51.342220473795805,-29.175979877968917],[-51.34220156105317,-29.1778433631806],[-51.34419230123365,-29.17786106093916]]]}},{"type":"Feature","properties":{"id_grade":"200ME52664N80972","pop":2,"dom":1,"universo_dom":"domicilios_ocupados_grade_ibge_2022","na_bacia":1,"area_pct_bacia":100.0,"metodo_recorte_bacia":"ponto_representativo_grade_2022; area_pct_geometrica"},"geometry":{"type":"Polygon","coordinates":[[[-51.34819265386784,-29.17603293077504],[-51.34821152434233,-29.174169463549795],[-51.346220812040826,-29.174151792771006],[-51.34620192717716,-29.176015259096886],[-51.34819265386784,-29.17603293077504]]]}},{"type":"Feature","properties":{"id_grade":"200ME52666N80972","pop":19,"dom":7,"universo_dom":"domicilios_ocupados_grade_ibge_2022","na_bacia":1,"area_pct_bacia":100.0,"metodo_recorte_bacia":"ponto_representativo_grade_2022; area_pct_geometrica"},"geometry":{"type":"Polygon","coordinates":[[[-51.34620192717716,-29.176015259096886],[-51.346220812040826,-29.174151792771006],[-51.34423009973926,-29.17413410850221],[-51.344211200486484,-29.175997574828095],[-51.34620192717716,-29.176015259096886]]]}},{"type":"Feature","properties":{"id_grade":"200ME52668N80972","pop":24,"dom":9,"universo_dom":"domicilios_ocupados_grade_ibge_2022","na_bacia":1,"area_pct_bacia":100.0,"metodo_recorte_bacia":"ponto_representativo_grade_2022; area_pct_geometrica"},"geometry":{"type":"Polygon","coordinates":[[[-51.344211200486484,-29.175997574828095],[-51.34423009973926,-29.17413410850221],[-51.34223938743776,-29.174116411643073],[-51.342220473795805,-29.175979877968917],[-51.344211200486484,-29.175997574828095]]]}},{"type":"Feature","properties":{"id_grade":"200ME52664N80974","pop":2,"dom":1,"universo_dom":"domicilios_ocupados_grade_ibge_2022","na_bacia":1,"area_pct_bacia":100.0,"metodo_recorte_bacia":"ponto_representativo_grade_2022; area_pct_geometrica"},"geometry":{"type":"Polygon","coordinates":[[[-51.34821152434233,-29.174169463549795],[-51.348230394816824,-29.172306016109715],[-51.34623969600511,-29.172288346230197],[-51.346220812040826,-29.174151792771006],[-51.34821152434233,-29.174169463549795]]]}},{"type":"Feature","properties":{"id_grade":"200ME52666N80974","pop":18,"dom":7,"universo_dom":"domicilios_ocupados_grade_ibge_2022","na_bacia":1,"area_pct_bacia":100.0,"metodo_recorte_bacia":"ponto_representativo_grade_2022; area_pct_geometrica"},"geometry":{"type":"Polygon","coordinates":[[[-51.346220812040826,-29.174151792771006],[-51.34623969600511,-29.172288346230197],[-51.34424899809272,-29.172270661961438],[-51.34423009973926,-29.17413410850221],[-51.346220812040826,-29.174151792771006]]]}},{"type":"Feature","properties":{"id_grade":"200ME52668N80974","pop":16,"dom":7,"universo_dom":"domicilios_ocupados_grade_ibge_2022","na_bacia":1,"area_pct_bacia":100.0,"metodo_recorte_bacia":"ponto_representativo_grade_2022; area_pct_geometrica"},"geometry":{"type":"Polygon","coordinates":[[[-51.34423009973926,-29.17413410850221],[-51.34424899809272,-29.172270661961438],[-51.34225830018039,-29.172252965102192],[-51.34223938743776,-29.174116411643073],[-51.34423009973926,-29.17413410850221]]]}},{"type":"Feature","properties":{"id_grade":"200ME52662N80976","pop":11,"dom":2,"universo_dom":"domicilios_ocupados_grade_ibge_2022","na_bacia":1,"area_pct_bacia":100.0,"metodo_recorte_bacia":"ponto_representativo_grade_2022; area_pct_geometrica"},"geometry":{"type":"Polygon","coordinates":[[[-51.35022109362853,-29.172323673398694],[-51.350239949713846,-29.170460245743723],[-51.34824926529131,-29.17044258935393],[-51.348230394816824,-29.172306016109715],[-51.35022109362853,-29.172323673398694]]]}},{"type":"Feature","properties":{"id_grade":"200ME52664N80976","pop":4,"dom":1,"universo_dom":"domicilios_ocupados_grade_ibge_2022","na_bacia":1,"area_pct_bacia":100.0,"metodo_recorte_bacia":"ponto_representativo_grade_2022; area_pct_geometrica"},"geometry":{"type":"Polygon","coordinates":[[[-51.348230394816824,-29.172306016109715],[-51.34824926529131,-29.17044258935393],[-51.34625858086878,-29.17042491947437],[-51.34623969600511,-29.172288346230197],[-51.348230394816824,-29.172306016109715]]]}},{"type":"Feature","properties":{"id_grade":"200ME52668N80976","pop":6,"dom":2,"universo_dom":"domicilios_ocupados_grade_ibge_2022","na_bacia":1,"area_pct_bacia":100.0,"metodo_recorte_bacia":"ponto_representativo_grade_2022; area_pct_geometrica"},"geometry":{"type":"Polygon","coordinates":[[[-51.34424899809272,-29.172270661961438],[-51.34426789644624,-29.17040723610499],[-51.34227721202371,-29.170389539245818],[-51.34225830018039,-29.172252965102192],[-51.34424899809272,-29.172270661961438]]]}},{"type":"Feature","properties":{"id_grade":"200ME52660N80978","pop":3,"dom":1,"universo_dom":"domicilios_ocupados_grade_ibge_2022","na_bacia":1,"area_pct_bacia":100.0,"metodo_recorte_bacia":"ponto_representativo_grade_2022; area_pct_geometrica"},"geometry":{"type":"Polygon","coordinates":[[[-51.35223063503571,-29.17047788954298],[-51.35224947583259,-29.16861448167294],[-51.35025880489991,-29.168596838773126],[-51.350239949713846,-29.170460245743723],[-51.35223063503571,-29.17047788954298]]]}},{"type":"Feature","properties":{"id_grade":"200ME52668N80978","pop":3,"dom":1,"universo_dom":"domicilios_ocupados_grade_ibge_2022","na_bacia":1,"area_pct_bacia":100.0,"metodo_recorte_bacia":"ponto_representativo_grade_2022; area_pct_geometrica"},"geometry":{"type":"Polygon","coordinates":[[[-51.34426789644624,-29.17040723610499],[-51.34428679390038,-29.16854382913438],[-51.34229612476628,-29.16852613317444],[-51.34227721202371,-29.170389539245818],[-51.34426789644624,-29.17040723610499]]]}},{"type":"Feature","properties":{"id_grade":"200ME52666N80980","pop":2,"dom":1,"universo_dom":"domicilios_ocupados_grade_ibge_2022","na_bacia":1,"area_pct_bacia":100.0,"metodo_recorte_bacia":"ponto_representativo_grade_2022; area_pct_geometrica"},"geometry":{"type":"Polygon","coordinates":[[[-51.346277463933745,-29.1685615125038],[-51.34629634789809,-29.166698125318213],[-51.34430569225384,-29.166680442848143],[-51.34428679390038,-29.16854382913438],[-51.346277463933745,-29.1685615125038]]]}},{"type":"Feature","properties":{"id_grade":"200ME52678N80852","pop":1,"dom":1,"universo_dom":"domicilios_ocupados_grade_ibge_2022","na_bacia":0,"area_pct_bacia":0.0,"metodo_recorte_bacia":"ponto_representativo_grade_2022; area_pct_geometrica"},"geometry":{"type":"Polygon","coordinates":[[[-51.3331188985183,-29.287753337946178],[-51.333137884106,-29.28588867462251],[-51.33114632284446,-29.285870891428484],[-51.33112732286759,-29.287735554752015],[-51.3331188985183,-29.287753337946178]]]}},{"type":"Feature","properties":{"id_grade":"200ME52678N80854","pop":11,"dom":4,"universo_dom":"domicilios_ocupados_grade_ibge_2022","na_bacia":0,"area_pct_bacia":0.0,"metodo_recorte_bacia":"ponto_representativo_grade_2022; area_pct_geometrica"},"geometry":{"type":"Polygon","coordinates":[[[-51.333137884106,-29.28588867462251],[-51.33315686969377,-29.28402403108412],[-51.33116532282134,-29.284006248789346],[-51.33114632284446,-29.285870891428484],[-51.333137884106,-29.28588867462251]]]}},{"type":"Feature","properties":{"id_grade":"200ME52676N80856","pop":3,"dom":1,"universo_dom":"domicilios_ocupados_grade_ibge_2022","na_bacia":0,"area_pct_bacia":0.0,"metodo_recorte_bacia":"ponto_representativo_grade_2022; area_pct_geometrica"},"geometry":{"type":"Polygon","coordinates":[[[-51.335148416566135,-29.28404179988914],[-51.33516738776467,-29.28217717703504],[-51.333175855281475,-29.282159408230044],[-51.33315686969377,-29.28402403108412],[-51.335148416566135,-29.28404179988914]]]}},{"type":"Feature","properties":{"id_grade":"200ME52678N80858","pop":2,"dom":1,"universo_dom":"domicilios_ocupados_grade_ibge_2022","na_bacia":0,"area_pct_bacia":0.0,"metodo_recorte_bacia":"ponto_representativo_grade_2022; area_pct_geometrica"},"geometry":{"type":"Polygon","coordinates":[[[-51.333175855281475,-29.282159408230044],[-51.33319483996985,-29.280294805161045],[-51.33120332097644,-29.280277023765528],[-51.33118432189889,-29.282141625935207],[-51.333175855281475,-29.282159408230044]]]}},{"type":"Feature","properties":{"id_grade":"200ME52674N80860","pop":26,"dom":10,"universo_dom":"domicilios_ocupados_grade_ibge_2022","na_bacia":0,"area_pct_bacia":0.0,"metodo_recorte_bacia":"ponto_representativo_grade_2022; area_pct_geometrica"},"geometry":{"type":"Polygon","coordinates":[[[-51.33717787795666,-29.280330328381925],[-51.337196834766075,-29.278465745098046],[-51.335205329262514,-29.27844798978291],[-51.33518635896326,-29.280312573066734],[-51.33717787795666,-29.280330328381925]]]}},{"type":"Feature","properties":{"id_grade":"200ME52676N80860","pop":1,"dom":1,"universo_dom":"domicilios_ocupados_grade_ibge_2022","na_bacia":0,"area_pct_bacia":0.0,"metodo_recorte_bacia":"ponto_representativo_grade_2022; area_pct_geometrica"},"geometry":{"type":"Polygon","coordinates":[[[-51.33518635896326,-29.280312573066734],[-51.335205329262514,-29.27844798978291],[-51.33321382465823,-29.278430221877215],[-51.33319483996985,-29.280294805161045],[-51.33518635896326,-29.280312573066734]]]}},{"type":"Feature","properties":{"id_grade":"200ME52672N80862","pop":12,"dom":3,"universo_dom":"domicilios_ocupados_grade_ibge_2022","na_bacia":0,"area_pct_bacia":0.0,"metodo_recorte_bacia":"ponto_representativo_grade_2022; area_pct_geometrica"},"geometry":{"type":"Polygon","coordinates":[[[-51.33918833937031,-29.27848348602407],[-51.33920728179061,-29.27661892252518],[-51.33721579067617,-29.276601181599283],[-51.337196834766075,-29.278465745098046],[-51.33918833937031,-29.27848348602407]]]}},{"type":"Feature","properties":{"id_grade":"200ME52674N80862","pop":43,"dom":17,"universo_dom":"domicilios_ocupados_grade_ibge_2022","na_bacia":0,"area_pct_bacia":0.0,"metodo_recorte_bacia":"ponto_representativo_grade_2022; area_pct_geometrica"},"geometry":{"type":"Polygon","coordinates":[[[-51.337196834766075,-29.278465745098046],[-51.33721579067617,-29.276601181599283],[-51.33522429956174,-29.276583427183375],[-51.335205329262514,-29.27844798978291],[-51.337196834766075,-29.278465745098046]]]}},{"type":"Feature","properties":{"id_grade":"200ME52676N80862","pop":5,"dom":2,"universo_dom":"domicilios_ocupados_grade_ibge_2022","na_bacia":0,"area_pct_bacia":0.0,"metodo_recorte_bacia":"ponto_representativo_grade_2022; area_pct_geometrica"},"geometry":{"type":"Polygon","coordinates":[[[-51.335205329262514,-29.27844798978291],[-51.33522429956174,-29.276583427183375],[-51.33323280934661,-29.276565659277725],[-51.33321382465823,-29.278430221877215],[-51.335205329262514,-29.27844798978291]]]}},{"type":"Feature","properties":{"id_grade":"200ME52670N80864","pop":53,"dom":21,"universo_dom":"domicilios_ocupados_grade_ibge_2022","na_bacia":0,"area_pct_bacia":0.0,"metodo_recorte_bacia":"ponto_representativo_grade_2022; area_pct_geometrica"},"geometry":{"type":"Polygon","coordinates":[[[-51.34119877290499,-29.27663664996137],[-51.34121770093611,-29.274772106247617],[-51.33922622331153,-29.27475437881144],[-51.33920728179061,-29.27661892252518],[-51.34119877290499,-29.27663664996137]]]}},{"type":"Feature","properties":{"id_grade":"200ME52672N80864","pop":42,"dom":19,"universo_dom":"domicilios_ocupados_grade_ibge_2022","na_bacia":0,"area_pct_bacia":0.0,"metodo_recorte_bacia":"ponto_representativo_grade_2022; area_pct_geometrica"},"geometry":{"type":"Polygon","coordinates":[[[-51.33920728179061,-29.27661892252518],[-51.33922622331153,-29.27475437881144],[-51.337234746586255,-29.27473663788547],[-51.33721579067617,-29.276601181599283],[-51.33920728179061,-29.27661892252518]]]}},{"type":"Feature","properties":{"id_grade":"200ME52674N80864","pop":24,"dom":9,"universo_dom":"domicilios_ocupados_grade_ibge_2022","na_bacia":0,"area_pct_bacia":0.0,"metodo_recorte_bacia":"ponto_representativo_grade_2022; area_pct_geometrica"},"geometry":{"type":"Polygon","coordinates":[[[-51.33721579067617,-29.276601181599283],[-51.337234746586255,-29.27473663788547],[-51.335243269860996,-29.27471888346961],[-51.33522429956174,-29.276583427183375],[-51.33721579067617,-29.276601181599283]]]}},{"type":"Feature","properties":{"id_grade":"200ME52670N80866","pop":15,"dom":5,"universo_dom":"domicilios_ocupados_grade_ibge_2022","na_bacia":0,"area_pct_bacia":0.0,"metodo_recorte_bacia":"ponto_representativo_grade_2022; area_pct_geometrica"},"geometry":{"type":"Polygon","coordinates":[[[-51.34121770093611,-29.274772106247617],[-51.34123662806787,-29.272907582319032],[-51.33924516483244,-29.27288985488284],[-51.33922622331153,-29.27475437881144],[-51.34121770093611,-29.274772106247617]]]}},{"type":"Feature","properties":{"id_grade":"200ME52672N80866","pop":41,"dom":15,"universo_dom":"domicilios_ocupados_grade_ibge_2022","na_bacia":0,"area_pct_bacia":0.0,"metodo_recorte_bacia":"ponto_representativo_grade_2022; area_pct_geometrica"},"geometry":{"type":"Polygon","coordinates":[[[-51.33922622331153,-29.27475437881144],[-51.33924516483244,-29.27288985488284],[-51.337253702496355,-29.27287211395686],[-51.337234746586255,-29.27473663788547],[-51.33922622331153,-29.27475437881144]]]}},{"type":"Feature","properties":{"id_grade":"200ME52674N80866","pop":12,"dom":4,"universo_dom":"domicilios_ocupados_grade_ibge_2022","na_bacia":0,"area_pct_bacia":0.0,"metodo_recorte_bacia":"ponto_representativo_grade_2022; area_pct_geometrica"},"geometry":{"type":"Polygon","coordinates":[[[-51.337234746586255,-29.27473663788547],[-51.337253702496355,-29.27287211395686],[-51.335262239260885,-29.272854360440352],[-51.335243269860996,-29.27471888346961],[-51.337234746586255,-29.27473663788547]]]}},{"type":"Feature","properties":{"id_grade":"200ME52676N80866","pop":3,"dom":2,"universo_dom":"domicilios_ocupados_grade_ibge_2022","na_bacia":0,"area_pct_bacia":0.0,"metodo_recorte_bacia":"ponto_representativo_grade_2022; area_pct_geometrica"},"geometry":{"type":"Polygon","coordinates":[[[-51.335243269860996,-29.27471888346961],[-51.335262239260885,-29.272854360440352],[-51.333270777824104,-29.272836593434004],[-51.33325179313573,-29.274701116463266],[-51.335243269860996,-29.27471888346961]]]}},{"type":"Feature","properties":{"id_grade":"200ME52670N80868","pop":18,"dom":5,"universo_dom":"domicilios_ocupados_grade_ibge_2022","na_bacia":0,"area_pct_bacia":0.0,"metodo_recorte_bacia":"ponto_representativo_grade_2022; area_pct_geometrica"},"geometry":{"type":"Polygon","coordinates":[[[-51.34123662806787,-29.272907582319032],[-51.34125555519967,-29.271043078175452],[-51.33926410635337,-29.27102535073931],[-51.33924516483244,-29.27288985488284],[-51.34123662806787,-29.272907582319032]]]}},{"type":"Feature","properties":{"id_grade":"200ME52672N80868","pop":1,"dom":1,"universo_dom":"domicilios_ocupados_grade_ibge_2022","na_bacia":0,"area_pct_bacia":0.0,"metodo_recorte_bacia":"ponto_representativo_grade_2022; area_pct_geometrica"},"geometry":{"type":"Polygon","coordinates":[[[-51.33924516483244,-29.27288985488284],[-51.33926410635337,-29.27102535073931],[-51.337272657507064,-29.271007610712665],[-51.337253702496355,-29.27287211395686],[-51.33924516483244,-29.27288985488284]]]}},{"type":"Feature","properties":{"id_grade":"200ME52674N80868","pop":5,"dom":2,"universo_dom":"domicilios_ocupados_grade_ibge_2022","na_bacia":0,"area_pct_bacia":0.0,"metodo_recorte_bacia":"ponto_representativo_grade_2022; area_pct_geometrica"},"geometry":{"type":"Polygon","coordinates":[[[-51.337253702496355,-29.27287211395686],[-51.337272657507064,-29.271007610712665],[-51.33528120956015,-29.270989857196124],[-51.335262239260885,-29.272854360440352],[-51.337253702496355,-29.27287211395686]]]}},{"type":"Feature","properties":{"id_grade":"200ME52676N80868","pop":12,"dom":4,"universo_dom":"domicilios_ocupados_grade_ibge_2022","na_bacia":0,"area_pct_bacia":0.0,"metodo_recorte_bacia":"ponto_representativo_grade_2022; area_pct_geometrica"},"geometry":{"type":"Polygon","coordinates":[[[-51.335262239260885,-29.272854360440352],[-51.33528120956015,-29.270989857196124],[-51.33328976161318,-29.27097209018973],[-51.333270777824104,-29.272836593434004],[-51.335262239260885,-29.272854360440352]]]}},{"type":"Feature","properties":{"id_grade":"200ME52670N80870","pop":12,"dom":6,"universo_dom":"domicilios_ocupados_grade_ibge_2022","na_bacia":0,"area_pct_bacia":0.0,"metodo_recorte_bacia":"ponto_representativo_grade_2022; area_pct_geometrica"},"geometry":{"type":"Polygon","coordinates":[[[-51.34125555519967,-29.271043078175452],[-51.34127448143215,-29.269178593816967],[-51.33928304697497,-29.269160867280174],[-51.33926410635337,-29.27102535073931],[-51.34125555519967,-29.271043078175452]]]}},{"type":"Feature","properties":{"id_grade":"200ME52670N80872","pop":14,"dom":7,"universo_dom":"domicilios_ocupados_grade_ibge_2022","na_bacia":0,"area_pct_bacia":0.0,"metodo_recorte_bacia":"ponto_representativo_grade_2022; area_pct_geometrica"},"geometry":{"type":"Polygon","coordinates":[[[-51.34127448143215,-29.269178593816967],[-51.34129340766457,-29.267314130142893],[-51.33930198759663,-29.267296403606085],[-51.33928304697497,-29.269160867280174],[-51.34127448143215,-29.269178593816967]]]}},{"type":"Feature","properties":{"id_grade":"200ME52670N80874","pop":4,"dom":2,"universo_dom":"domicilios_ocupados_grade_ibge_2022","na_bacia":0,"area_pct_bacia":0.0,"metodo_recorte_bacia":"ponto_representativo_grade_2022; area_pct_geometrica"},"geometry":{"type":"Polygon","coordinates":[[[-51.34129340766457,-29.267314130142893],[-51.341312333897065,-29.265449686253977],[-51.33932092821822,-29.265431959717162],[-51.33930198759663,-29.267296403606085],[-51.34129340766457,-29.267314130142893]]]}},{"type":"Feature","properties":{"id_grade":"200ME52670N80876","pop":20,"dom":7,"universo_dom":"domicilios_ocupados_grade_ibge_2022","na_bacia":0,"area_pct_bacia":0.0,"metodo_recorte_bacia":"ponto_representativo_grade_2022; area_pct_geometrica"},"geometry":{"type":"Polygon","coordinates":[[[-51.341312333897065,-29.265449686253977],[-51.3413312601295,-29.263585262149995],[-51.33933986794051,-29.263567536512465],[-51.33932092821822,-29.265431959717162],[-51.341312333897065,-29.265449686253977]]]}},{"type":"Feature","properties":{"id_grade":"200ME52670N80878","pop":15,"dom":6,"universo_dom":"domicilios_ocupados_grade_ibge_2022","na_bacia":0,"area_pct_bacia":0.0,"metodo_recorte_bacia":"ponto_representativo_grade_2022; area_pct_geometrica"},"geometry":{"type":"Polygon","coordinates":[[[-51.3413312601295,-29.263585262149995],[-51.34135018546266,-29.26172085783124],[-51.33935880766279,-29.26170313309308],[-51.33933986794051,-29.263567536512465],[-51.3413312601295,-29.263585262149995]]]}},{"type":"Feature","properties":{"id_grade":"200ME52670N80880","pop":4,"dom":2,"universo_dom":"domicilios_ocupados_grade_ibge_2022","na_bacia":0,"area_pct_bacia":0.0,"metodo_recorte_bacia":"ponto_representativo_grade_2022; area_pct_geometrica"},"geometry":{"type":"Polygon","coordinates":[[[-51.34135018546266,-29.26172085783124],[-51.34136911079577,-29.2598564741969],[-51.33937774738507,-29.25983874945877],[-51.33935880766279,-29.26170313309308],[-51.34135018546266,-29.26172085783124]]]}},{"type":"Feature","properties":{"id_grade":"200ME52672N80880","pop":3,"dom":1,"universo_dom":"domicilios_ocupados_grade_ibge_2022","na_bacia":0,"area_pct_bacia":0.0,"metodo_recorte_bacia":"ponto_representativo_grade_2022; area_pct_geometrica"},"geometry":{"type":"Polygon","coordinates":[[[-51.33935880766279,-29.26170313309308],[-51.33937774738507,-29.25983874945877],[-51.337386383974376,-29.25982101123065],[-51.33736742986298,-29.2616853939657],[-51.33935880766279,-29.26170313309308]]]}},{"type":"Feature","properties":{"id_grade":"200ME52670N80882","pop":24,"dom":10,"universo_dom":"domicilios_ocupados_grade_ibge_2022","na_bacia":0,"area_pct_bacia":0.0,"metodo_recorte_bacia":"ponto_representativo_grade_2022; area_pct_geometrica"},"geometry":{"type":"Polygon","coordinates":[[[-51.34136911079577,-29.2598564741969],[-51.34138803612893,-29.25799211034753],[-51.33939668620803,-29.25797438560932],[-51.33937774738507,-29.25983874945877],[-51.34136911079577,-29.2598564741969]]]}},{"type":"Feature","properties":{"id_grade":"200ME52672N80884","pop":2,"dom":1,"universo_dom":"domicilios_ocupados_grade_ibge_2022","na_bacia":0,"area_pct_bacia":0.0,"metodo_recorte_bacia":"ponto_representativo_grade_2022; area_pct_geometrica"},"geometry":{"type":"Polygon","coordinates":[[[-51.33939668620803,-29.25797438560932],[-51.33941562593037,-29.256110042444483],[-51.337424290398644,-29.256092304216452],[-51.33740533718651,-29.257956647381302],[-51.33939668620803,-29.25797438560932]]]}},{"type":"Feature","properties":{"id_grade":"200ME52674N80884","pop":9,"dom":2,"universo_dom":"domicilios_ocupados_grade_ibge_2022","na_bacia":0,"area_pct_bacia":0.0,"metodo_recorte_bacia":"ponto_representativo_grade_2022; area_pct_geometrica"},"geometry":{"type":"Polygon","coordinates":[[[-51.33740533718651,-29.257956647381302],[-51.337424290398644,-29.256092304216452],[-51.33543295576624,-29.25607455339786],[-51.33541398816499,-29.257938896562795],[-51.33740533718651,-29.257956647381302]]]}},{"type":"Feature","properties":{"id_grade":"200ME52674N80886","pop":6,"dom":1,"universo_dom":"domicilios_ocupados_grade_ibge_2022","na_bacia":0,"area_pct_bacia":0.0,"metodo_recorte_bacia":"ponto_representativo_grade_2022; area_pct_geometrica"},"geometry":{"type":"Polygon","coordinates":[[[-51.337424290398644,-29.256092304216452],[-51.33744324361077,-29.254227981735944],[-51.33545192246823,-29.25421023091731],[-51.33543295576624,-29.25607455339786],[-51.337424290398644,-29.256092304216452]]]}},{"type":"Feature","properties":{"id_grade":"200ME52670N80888","pop":2,"dom":1,"universo_dom":"domicilios_ocupados_grade_ibge_2022","na_bacia":0,"area_pct_bacia":0.0,"metodo_recorte_bacia":"ponto_representativo_grade_2022; area_pct_geometrica"},"geometry":{"type":"Polygon","coordinates":[[[-51.34142588589589,-29.254263442903554],[-51.34144481032968,-29.25239913930883],[-51.33945350267698,-29.252381415469966],[-51.33943456475333,-29.254245719064652],[-51.34142588589589,-29.254263442903554]]]}},{"type":"Feature","properties":{"id_grade":"200ME52670N80890","pop":2,"dom":1,"universo_dom":"domicilios_ocupados_grade_ibge_2022","na_bacia":0,"area_pct_bacia":0.0,"metodo_recorte_bacia":"ponto_representativo_grade_2022; area_pct_geometrica"},"geometry":{"type":"Polygon","coordinates":[[[-51.34144481032968,-29.25239913930883],[-51.3414637338642,-29.250534855499236],[-51.339472441499936,-29.250517131660228],[-51.33945350267698,-29.252381415469966],[-51.34144481032968,-29.25239913930883]]]}},{"type":"Feature","properties":{"id_grade":"200ME52678N80890","pop":2,"dom":1,"universo_dom":"domicilios_ocupados_grade_ibge_2022","na_bacia":0,"area_pct_bacia":0.0,"metodo_recorte_bacia":"ponto_representativo_grade_2022; area_pct_geometrica"},"geometry":{"type":"Polygon","coordinates":[[[-51.33347958331609,-29.252328164812983],[-51.333498563507874,-29.25046388190258],[-51.33150727204292,-29.250446105903027],[-51.33148827746197,-29.252310387913965],[-51.33347958331609,-29.252328164812983]]]}},{"type":"Feature","properties":{"id_grade":"200ME52670N80892","pop":12,"dom":3,"universo_dom":"domicilios_ocupados_grade_ibge_2022","na_bacia":0,"area_pct_bacia":0.0,"metodo_recorte_bacia":"ponto_representativo_grade_2022; area_pct_geometrica"},"geometry":{"type":"Polygon","coordinates":[[[-51.3414637338642,-29.250534855499236],[-51.34148265739867,-29.248670591474568],[-51.339491379423585,-29.248652868535054],[-51.339472441499936,-29.250517131660228],[-51.3414637338642,-29.250534855499236]]]}},{"type":"Feature","properties":{"id_grade":"200ME52678N80892","pop":1,"dom":1,"universo_dom":"domicilios_ocupados_grade_ibge_2022","na_bacia":0,"area_pct_bacia":0.0,"metodo_recorte_bacia":"ponto_representativo_grade_2022; area_pct_geometrica"},"geometry":{"type":"Polygon","coordinates":[[[-51.333498563507874,-29.25046388190258],[-51.333517544598976,-29.248599619676675],[-51.33152626662388,-29.2485818436771],[-51.33150727204292,-29.250446105903027],[-51.333498563507874,-29.25046388190258]]]}},{"type":"Feature","properties":{"id_grade":"200ME52670N80894","pop":11,"dom":5,"universo_dom":"domicilios_ocupados_grade_ibge_2022","na_bacia":0,"area_pct_bacia":0.0,"metodo_recorte_bacia":"ponto_representativo_grade_2022; area_pct_geometrica"},"geometry":{"type":"Polygon","coordinates":[[[-51.34148265739867,-29.248670591474568],[-51.341501580933205,-29.24680634813445],[-51.3395103164479,-29.246788625194828],[-51.339491379423585,-29.248652868535054],[-51.34148265739867,-29.248670591474568]]]}},{"type":"Feature","properties":{"id_grade":"200ME52672N80894","pop":17,"dom":5,"universo_dom":"domicilios_ocupados_grade_ibge_2022","na_bacia":0,"area_pct_bacia":0.0,"metodo_recorte_bacia":"ponto_representativo_grade_2022; area_pct_geometrica"},"geometry":{"type":"Polygon","coordinates":[[[-51.339491379423585,-29.248652868535054],[-51.3395103164479,-29.246788625194828],[-51.33751905196266,-29.24677088876546],[-51.337500100549164,-29.248635132105672],[-51.339491379423585,-29.248652868535054]]]}},{"type":"Feature","properties":{"id_grade":"200ME52670N80896","pop":5,"dom":2,"universo_dom":"domicilios_ocupados_grade_ibge_2022","na_bacia":0,"area_pct_bacia":0.0,"metodo_recorte_bacia":"ponto_representativo_grade_2022; area_pct_geometrica"},"geometry":{"type":"Polygon","coordinates":[[[-51.341501580933205,-29.24680634813445],[-51.34152050446767,-29.24494212368],[-51.33952925437154,-29.24492440163982],[-51.3395103164479,-29.246788625194828],[-51.341501580933205,-29.24680634813445]]]}},{"type":"Feature","properties":{"id_grade":"200ME52672N80896","pop":2,"dom":1,"universo_dom":"domicilios_ocupados_grade_ibge_2022","na_bacia":0,"area_pct_bacia":0.0,"metodo_recorte_bacia":"ponto_representativo_grade_2022; area_pct_geometrica"},"geometry":{"type":"Polygon","coordinates":[[[-51.3395103164479,-29.246788625194828],[-51.33952925437154,-29.24492440163982],[-51.337538004275416,-29.244906666109753],[-51.33751905196266,-29.24677088876546],[-51.3395103164479,-29.246788625194828]]]}},{"type":"Feature","properties":{"id_grade":"200ME52678N80896","pop":59,"dom":18,"universo_dom":"domicilios_ocupados_grade_ibge_2022","na_bacia":0,"area_pct_bacia":0.0,"metodo_recorte_bacia":"ponto_representativo_grade_2022; area_pct_geometrica"},"geometry":{"type":"Polygon","coordinates":[[[-51.33353652479076,-29.246735377235822],[-51.33355550408322,-29.244871154580096],[-51.331564254886416,-29.244853378580487],[-51.33154526120478,-29.246717601236245],[-51.33353652479076,-29.246735377235822]]]}},{"type":"Feature","properties":{"id_grade":"200ME52676N80898","pop":6,"dom":2,"universo_dom":"domicilios_ocupados_grade_ibge_2022","na_bacia":0,"area_pct_bacia":0.0,"metodo_recorte_bacia":"ponto_representativo_grade_2022; area_pct_geometrica"},"geometry":{"type":"Polygon","coordinates":[[[-51.33554675417935,-29.24488891708973],[-51.33556571908264,-29.24302471421913],[-51.333574484275,-29.24300695170943],[-51.33355550408322,-29.244871154580096],[-51.33554675417935,-29.24488891708973]]]}},{"type":"Feature","properties":{"id_grade":"200ME52678N80898","pop":22,"dom":10,"universo_dom":"domicilios_ocupados_grade_ibge_2022","na_bacia":0,"area_pct_bacia":0.0,"metodo_recorte_bacia":"ponto_representativo_grade_2022; area_pct_geometrica"},"geometry":{"type":"Polygon","coordinates":[[[-51.33355550408322,-29.244871154580096],[-51.333574484275,-29.24300695170943],[-51.33158324856806,-29.242989176609132],[-51.331564254886416,-29.244853378580487],[-51.33355550408322,-29.244871154580096]]]}},{"type":"Feature","properties":{"id_grade":"200ME52670N80900","pop":13,"dom":7,"universo_dom":"domicilios_ocupados_grade_ibge_2022","na_bacia":0,"area_pct_bacia":0.0,"metodo_recorte_bacia":"ponto_representativo_grade_2022; area_pct_geometrica"},"geometry":{"type":"Polygon","coordinates":[[[-51.341539427102816,-29.24307791991004],[-51.34155834973803,-29.24121373682451],[-51.33956712842019,-29.241196014784276],[-51.33954819139586,-29.243060197869788],[-51.341539427102816,-29.24307791991004]]]}},{"type":"Feature","properties":{"id_grade":"200ME52672N80900","pop":12,"dom":5,"universo_dom":"domicilios_ocupados_grade_ibge_2022","na_bacia":0,"area_pct_bacia":0.0,"metodo_recorte_bacia":"ponto_representativo_grade_2022; area_pct_geometrica"},"geometry":{"type":"Polygon","coordinates":[[[-51.33954819139586,-29.243060197869788],[-51.33956712842019,-29.241196014784276],[-51.337575906203085,-29.24117827925409],[-51.33755695478959,-29.243042462339652],[-51.33954819139586,-29.243060197869788]]]}},{"type":"Feature","properties":{"id_grade":"200ME52674N80900","pop":3,"dom":1,"universo_dom":"domicilios_ocupados_grade_ibge_2022","na_bacia":0,"area_pct_bacia":0.0,"metodo_recorte_bacia":"ponto_representativo_grade_2022; area_pct_geometrica"},"geometry":{"type":"Polygon","coordinates":[[[-51.33755695478959,-29.243042462339652],[-51.337575906203085,-29.24117827925409],[-51.33558468488525,-29.24116053113355],[-51.33556571908264,-29.24302471421913],[-51.33755695478959,-29.243042462339652]]]}},{"type":"Feature","properties":{"id_grade":"200ME52676N80900","pop":18,"dom":6,"universo_dom":"domicilios_ocupados_grade_ibge_2022","na_bacia":0,"area_pct_bacia":0.0,"metodo_recorte_bacia":"ponto_representativo_grade_2022; area_pct_geometrica"},"geometry":{"type":"Polygon","coordinates":[[[-51.33556571908264,-29.24302471421913],[-51.33558468488525,-29.24116053113355],[-51.33359346356747,-29.24114276952312],[-51.333574484275,-29.24300695170943],[-51.33556571908264,-29.24302471421913]]]}},{"type":"Feature","properties":{"id_grade":"200ME52678N80900","pop":9,"dom":3,"universo_dom":"domicilios_ocupados_grade_ibge_2022","na_bacia":0,"area_pct_bacia":0.0,"metodo_recorte_bacia":"ponto_representativo_grade_2022; area_pct_geometrica"},"geometry":{"type":"Polygon","coordinates":[[[-51.333574484275,-29.24300695170943],[-51.33359346356747,-29.24114276952312],[-51.33160224224963,-29.24112499442292],[-51.33158324856806,-29.242989176609132],[-51.333574484275,-29.24300695170943]]]}},{"type":"Feature","properties":{"id_grade":"200ME52670N80902","pop":140,"dom":52,"universo_dom":"domicilios_ocupados_grade_ibge_2022","na_bacia":0,"area_pct_bacia":0.0,"metodo_recorte_bacia":"ponto_representativo_grade_2022; area_pct_geometrica"},"geometry":{"type":"Polygon","coordinates":[[[-51.34155834973803,-29.24121373682451],[-51.34157727237318,-29.239349572624636],[-51.33958606454519,-29.239331851483666],[-51.33956712842019,-29.241196014784276],[-51.34155834973803,-29.24121373682451]]]}},{"type":"Feature","properties":{"id_grade":"200ME52672N80902","pop":56,"dom":20,"universo_dom":"domicilios_ocupados_grade_ibge_2022","na_bacia":0,"area_pct_bacia":0.0,"metodo_recorte_bacia":"ponto_representativo_grade_2022; area_pct_geometrica"},"geometry":{"type":"Polygon","coordinates":[[[-51.33956712842019,-29.241196014784276],[-51.33958606454519,-29.239331851483666],[-51.3375948567172,-29.239314115953633],[-51.337575906203085,-29.24117827925409],[-51.33956712842019,-29.241196014784276]]]}},{"type":"Feature","properties":{"id_grade":"200ME52674N80902","pop":15,"dom":5,"universo_dom":"domicilios_ocupados_grade_ibge_2022","na_bacia":0,"area_pct_bacia":0.0,"metodo_recorte_bacia":"ponto_representativo_grade_2022; area_pct_geometrica"},"geometry":{"type":"Polygon","coordinates":[[[-51.337575906203085,-29.24117827925409],[-51.3375948567172,-29.239314115953633],[-51.33560364978854,-29.239296368732443],[-51.33558468488525,-29.24116053113355],[-51.337575906203085,-29.24117827925409]]]}},{"type":"Feature","properties":{"id_grade":"200ME52676N80902","pop":50,"dom":21,"universo_dom":"domicilios_ocupados_grade_ibge_2022","na_bacia":0,"area_pct_bacia":0.0,"metodo_recorte_bacia":"ponto_representativo_grade_2022; area_pct_geometrica"},"geometry":{"type":"Polygon","coordinates":[[[-51.33558468488525,-29.24116053113355],[-51.33560364978854,-29.239296368732443],[-51.33361244285993,-29.239278607122014],[-51.33359346356747,-29.24114276952312],[-51.33558468488525,-29.24116053113355]]]}},{"type":"Feature","properties":{"id_grade":"200ME52678N80902","pop":174,"dom":61,"universo_dom":"domicilios_ocupados_grade_ibge_2022","na_bacia":0,"area_pct_bacia":0.0,"metodo_recorte_bacia":"ponto_representativo_grade_2022; area_pct_geometrica"},"geometry":{"type":"Polygon","coordinates":[[[-51.33359346356747,-29.24114276952312],[-51.33361244285993,-29.239278607122014],[-51.33162123593127,-29.239260832021674],[-51.33160224224963,-29.24112499442292],[-51.33359346356747,-29.24114276952312]]]}},{"type":"Feature","properties":{"id_grade":"200ME52670N80904","pop":104,"dom":37,"universo_dom":"domicilios_ocupados_grade_ibge_2022","na_bacia":0,"area_pct_bacia":0.0,"metodo_recorte_bacia":"ponto_representativo_grade_2022; area_pct_geometrica"},"geometry":{"type":"Polygon","coordinates":[[[-51.34157727237318,-29.239349572624636],[-51.34159619500838,-29.237485429109196],[-51.33960500067019,-29.23746770796824],[-51.33958606454519,-29.239331851483666],[-51.34157727237318,-29.239349572624636]]]}},{"type":"Feature","properties":{"id_grade":"200ME52672N80904","pop":72,"dom":30,"universo_dom":"domicilios_ocupados_grade_ibge_2022","na_bacia":0,"area_pct_bacia":0.0,"metodo_recorte_bacia":"ponto_representativo_grade_2022; area_pct_geometrica"},"geometry":{"type":"Polygon","coordinates":[[[-51.33958606454519,-29.239331851483666],[-51.33960500067019,-29.23746770796824],[-51.33761380723137,-29.23744997333753],[-51.3375948567172,-29.239314115953633],[-51.33958606454519,-29.239331851483666]]]}},{"type":"Feature","properties":{"id_grade":"200ME52674N80904","pop":17,"dom":7,"universo_dom":"domicilios_ocupados_grade_ibge_2022","na_bacia":0,"area_pct_bacia":0.0,"metodo_recorte_bacia":"ponto_representativo_grade_2022; area_pct_geometrica"},"geometry":{"type":"Polygon","coordinates":[[[-51.3375948567172,-29.239314115953633],[-51.33761380723137,-29.23744997333753],[-51.33562261469189,-29.237432225216992],[-51.33560364978854,-29.239296368732443],[-51.3375948567172,-29.239314115953633]]]}},{"type":"Feature","properties":{"id_grade":"200ME52676N80904","pop":125,"dom":51,"universo_dom":"domicilios_ocupados_grade_ibge_2022","na_bacia":0,"area_pct_bacia":0.0,"metodo_recorte_bacia":"ponto_representativo_grade_2022; area_pct_geometrica"},"geometry":{"type":"Polygon","coordinates":[[[-51.33560364978854,-29.239296368732443],[-51.33562261469189,-29.237432225216992],[-51.333631421253074,-29.237414464505886],[-51.33361244285993,-29.239278607122014],[-51.33560364978854,-29.239296368732443]]]}},{"type":"Feature","properties":{"id_grade":"200ME52678N80904","pop":119,"dom":41,"universo_dom":"domicilios_ocupados_grade_ibge_2022","na_bacia":0,"area_pct_bacia":0.0,"metodo_recorte_bacia":"ponto_representativo_grade_2022; area_pct_geometrica"},"geometry":{"type":"Polygon","coordinates":[[[-51.33361244285993,-29.239278607122014],[-51.333631421253074,-29.237414464505886],[-51.331640228713525,-29.237396690305],[-51.33162123593127,-29.239260832021674],[-51.33361244285993,-29.239278607122014]]]}},{"type":"Feature","properties":{"id_grade":"200ME52670N80906","pop":25,"dom":7,"universo_dom":"domicilios_ocupados_grade_ibge_2022","na_bacia":0,"area_pct_bacia":0.0,"metodo_recorte_bacia":"ponto_representativo_grade_2022; area_pct_geometrica"},"geometry":{"type":"Polygon","coordinates":[[[-51.34159619500838,-29.237485429109196],[-51.341615116744215,-29.235621305378917],[-51.339623936795185,-29.235603584238053],[-51.33960500067019,-29.23746770796824],[-51.34159619500838,-29.237485429109196]]]}},{"type":"Feature","properties":{"id_grade":"200ME52672N80906","pop":418,"dom":199,"universo_dom":"domicilios_ocupados_grade_ibge_2022","na_bacia":0,"area_pct_bacia":0.0,"metodo_recorte_bacia":"ponto_representativo_grade_2022; area_pct_geometrica"},"geometry":{"type":"Polygon","coordinates":[[[-51.33960500067019,-29.23746770796824],[-51.339623936795185,-29.235603584238053],[-51.33763275774555,-29.23558584960721],[-51.33761380723137,-29.23744997333753],[-51.33960500067019,-29.23746770796824]]]}},{"type":"Feature","properties":{"id_grade":"200ME52674N80906","pop":12,"dom":4,"universo_dom":"domicilios_ocupados_grade_ibge_2022","na_bacia":0,"area_pct_bacia":0.0,"metodo_recorte_bacia":"ponto_representativo_grade_2022; area_pct_geometrica"},"geometry":{"type":"Polygon","coordinates":[[[-51.33761380723137,-29.23744997333753],[-51.33763275774555,-29.23558584960721],[-51.335641578695856,-29.235568102385944],[-51.33562261469189,-29.237432225216992],[-51.33761380723137,-29.23744997333753]]]}},{"type":"Feature","properties":{"id_grade":"200ME52678N80906","pop":6,"dom":3,"universo_dom":"domicilios_ocupados_grade_ibge_2022","na_bacia":0,"area_pct_bacia":0.0,"metodo_recorte_bacia":"ponto_representativo_grade_2022; area_pct_geometrica"},"geometry":{"type":"Polygon","coordinates":[[[-51.333631421253074,-29.237414464505886],[-51.33365039964616,-29.235550341674884],[-51.33165922149584,-29.235532568373213],[-51.331640228713525,-29.237396690305],[-51.333631421253074,-29.237414464505886]]]}},{"type":"Feature","properties":{"id_grade":"200ME52670N80908","pop":223,"dom":86,"universo_dom":"domicilios_ocupados_grade_ibge_2022","na_bacia":0,"area_pct_bacia":0.0,"metodo_recorte_bacia":"ponto_representativo_grade_2022; area_pct_geometrica"},"geometry":{"type":"Polygon","coordinates":[[[-51.341615116744215,-29.235621305378917],[-51.34163403848004,-29.233757201433647],[-51.339642872920194,-29.23373948029274],[-51.339623936795185,-29.235603584238053],[-51.341615116744215,-29.235621305378917]]]}},{"type":"Feature","properties":{"id_grade":"200ME52672N80908","pop":115,"dom":48,"universo_dom":"domicilios_ocupados_grade_ibge_2022","na_bacia":0,"area_pct_bacia":0.0,"metodo_recorte_bacia":"ponto_representativo_grade_2022; area_pct_geometrica"},"geometry":{"type":"Polygon","coordinates":[[[-51.339623936795185,-29.235603584238053],[-51.339642872920194,-29.23373948029274],[-51.33765170736035,-29.233721746561258],[-51.33763275774555,-29.23558584960721],[-51.339623936795185,-29.235603584238053]]]}},{"type":"Feature","properties":{"id_grade":"200ME52674N80908","pop":31,"dom":13,"universo_dom":"domicilios_ocupados_grade_ibge_2022","na_bacia":0,"area_pct_bacia":0.0,"metodo_recorte_bacia":"ponto_representativo_grade_2022; area_pct_geometrica"},"geometry":{"type":"Polygon","coordinates":[[[-51.33763275774555,-29.23558584960721],[-51.33765170736035,-29.233721746561258],[-51.33566054269983,-29.23370399933998],[-51.335641578695856,-29.235568102385944],[-51.33763275774555,-29.23558584960721]]]}},{"type":"Feature","properties":{"id_grade":"200ME52676N80908","pop":1,"dom":1,"universo_dom":"domicilios_ocupados_grade_ibge_2022","na_bacia":0,"area_pct_bacia":0.0,"metodo_recorte_bacia":"ponto_representativo_grade_2022; area_pct_geometrica"},"geometry":{"type":"Polygon","coordinates":[[[-51.335641578695856,-29.235568102385944],[-51.33566054269983,-29.23370399933998],[-51.3336693780393,-29.233686239528307],[-51.33365039964616,-29.235550341674884],[-51.335641578695856,-29.235568102385944]]]}},{"type":"Feature","properties":{"id_grade":"200ME52678N80908","pop":9,"dom":4,"universo_dom":"domicilios_ocupados_grade_ibge_2022","na_bacia":0,"area_pct_bacia":0.0,"metodo_recorte_bacia":"ponto_representativo_grade_2022; area_pct_geometrica"},"geometry":{"type":"Polygon","coordinates":[[[-51.33365039964616,-29.235550341674884],[-51.3336693780393,-29.233686239528307],[-51.3316782142781,-29.233668465327312],[-51.33165922149584,-29.235532568373213],[-51.33365039964616,-29.235550341674884]]]}},{"type":"Feature","properties":{"id_grade":"200ME52670N80910","pop":154,"dom":66,"universo_dom":"domicilios_ocupados_grade_ibge_2022","na_bacia":0,"area_pct_bacia":4.6102,"metodo_recorte_bacia":"ponto_representativo_grade_2022; area_pct_geometrica"},"geometry":{"type":"Polygon","coordinates":[[[-51.34163403848004,-29.233757201433647],[-51.341652959316605,-29.23189311727354],[-51.33966180814588,-29.23187539703192],[-51.339642872920194,-29.23373948029274],[-51.34163403848004,-29.233757201433647]]]}},{"type":"Feature","properties":{"id_grade":"200ME52672N80910","pop":174,"dom":73,"universo_dom":"domicilios_ocupados_grade_ibge_2022","na_bacia":0,"area_pct_bacia":0.0,"metodo_recorte_bacia":"ponto_representativo_grade_2022; area_pct_geometrica"},"geometry":{"type":"Polygon","coordinates":[[[-51.339642872920194,-29.23373948029274],[-51.33966180814588,-29.23187539703192],[-51.3376706569752,-29.231857663300477],[-51.33765170736035,-29.233721746561258],[-51.339642872920194,-29.23373948029274]]]}},{"type":"Feature","properties":{"id_grade":"200ME52674N80910","pop":87,"dom":41,"universo_dom":"domicilios_ocupados_grade_ibge_2022","na_bacia":0,"area_pct_bacia":0.0,"metodo_recorte_bacia":"ponto_representativo_grade_2022; area_pct_geometrica"},"geometry":{"type":"Polygon","coordinates":[[[-51.33765170736035,-29.233721746561258],[-51.3376706569752,-29.231857663300477],[-51.335679506703855,-29.231839916978522],[-51.33566054269983,-29.23370399933998],[-51.33765170736035,-29.233721746561258]]]}},{"type":"Feature","properties":{"id_grade":"200ME52678N80910","pop":9,"dom":3,"universo_dom":"domicilios_ocupados_grade_ibge_2022","na_bacia":0,"area_pct_bacia":0.0,"metodo_recorte_bacia":"ponto_representativo_grade_2022; area_pct_geometrica"},"geometry":{"type":"Polygon","coordinates":[[[-51.3336693780393,-29.233686239528307],[-51.33368835643245,-29.231822157166796],[-51.331697206161095,-29.23180438386516],[-51.3316782142781,-29.233668465327312],[-51.3336693780393,-29.233686239528307]]]}},{"type":"Feature","properties":{"id_grade":"200ME52670N80912","pop":89,"dom":35,"universo_dom":"domicilios_ocupados_grade_ibge_2022","na_bacia":1,"area_pct_bacia":95.4917,"metodo_recorte_bacia":"ponto_representativo_grade_2022; area_pct_geometrica"},"geometry":{"type":"Polygon","coordinates":[[[-51.341652959316605,-29.23189311727354],[-51.341671880153115,-29.230029053797736],[-51.33968074337156,-29.230011333556206],[-51.33966180814588,-29.23187539703192],[-51.341652959316605,-29.23189311727354]]]}},{"type":"Feature","properties":{"id_grade":"200ME52672N80912","pop":104,"dom":36,"universo_dom":"domicilios_ocupados_grade_ibge_2022","na_bacia":1,"area_pct_bacia":52.5747,"metodo_recorte_bacia":"ponto_representativo_grade_2022; area_pct_geometrica"},"geometry":{"type":"Polygon","coordinates":[[[-51.33966180814588,-29.23187539703192],[-51.33968074337156,-29.230011333556206],[-51.33768960659,-29.22999360072405],[-51.3376706569752,-29.231857663300477],[-51.33966180814588,-29.23187539703192]]]}},{"type":"Feature","properties":{"id_grade":"200ME52674N80912","pop":181,"dom":65,"universo_dom":"domicilios_ocupados_grade_ibge_2022","na_bacia":0,"area_pct_bacia":6.9153,"metodo_recorte_bacia":"ponto_representativo_grade_2022; area_pct_geometrica"},"geometry":{"type":"Polygon","coordinates":[[[-51.3376706569752,-29.231857663300477],[-51.33768960659,-29.22999360072405],[-51.335698469808506,-29.22997585350275],[-51.335679506703855,-29.231839916978522],[-51.3376706569752,-29.231857663300477]]]}},{"type":"Feature","properties":{"id_grade":"200ME52676N80912","pop":146,"dom":53,"universo_dom":"domicilios_ocupados_grade_ibge_2022","na_bacia":0,"area_pct_bacia":18.0188,"metodo_recorte_bacia":"ponto_representativo_grade_2022; area_pct_geometrica"},"geometry":{"type":"Polygon","coordinates":[[[-51.335679506703855,-29.231839916978522],[-51.335698469808506,-29.22997585350275],[-51.33370733392627,-29.229958094590366],[-51.33368835643245,-29.231822157166796],[-51.335679506703855,-29.231839916978522]]]}},{"type":"Feature","properties":{"id_grade":"200ME52678N80912","pop":107,"dom":41,"universo_dom":"domicilios_ocupados_grade_ibge_2022","na_bacia":1,"area_pct_bacia":57.3668,"metodo_recorte_bacia":"ponto_representativo_grade_2022; area_pct_geometrica"},"geometry":{"type":"Polygon","coordinates":[[[-51.33368835643245,-29.231822157166796],[-51.33370733392627,-29.229958094590366],[-51.331716198044035,-29.229940321288794],[-51.331697206161095,-29.23180438386516],[-51.33368835643245,-29.231822157166796]]]}},{"type":"Feature","properties":{"id_grade":"200ME52670N80914","pop":205,"dom":88,"universo_dom":"domicilios_ocupados_grade_ibge_2022","na_bacia":1,"area_pct_bacia":100.0,"metodo_recorte_bacia":"ponto_representativo_grade_2022; area_pct_geometrica"},"geometry":{"type":"Polygon","coordinates":[[[-51.341671880153115,-29.230029053797736],[-51.34169080098962,-29.228165009207785],[-51.33969967859724,-29.228147289865532],[-51.33968074337156,-29.230011333556206],[-51.341671880153115,-29.230029053797736]]]}},{"type":"Feature","properties":{"id_grade":"200ME52672N80914","pop":80,"dom":34,"universo_dom":"domicilios_ocupados_grade_ibge_2022","na_bacia":1,"area_pct_bacia":100.0,"metodo_recorte_bacia":"ponto_representativo_grade_2022; area_pct_geometrica"},"geometry":{"type":"Polygon","coordinates":[[[-51.33968074337156,-29.230011333556206],[-51.33969967859724,-29.228147289865532],[-51.33770855620486,-29.22812955703341],[-51.33768960659,-29.22999360072405],[-51.33968074337156,-29.230011333556206]]]}},{"type":"Feature","properties":{"id_grade":"200ME52674N80914","pop":58,"dom":25,"universo_dom":"domicilios_ocupados_grade_ibge_2022","na_bacia":1,"area_pct_bacia":96.4164,"metodo_recorte_bacia":"ponto_representativo_grade_2022; area_pct_geometrica"},"geometry":{"type":"Polygon","coordinates":[[[-51.33768960659,-29.22999360072405],[-51.33770855620486,-29.22812955703341],[-51.335717433812476,-29.228111810711436],[-51.335698469808506,-29.22997585350275],[-51.33768960659,-29.22999360072405]]]}},{"type":"Feature","properties":{"id_grade":"200ME52676N80914","pop":444,"dom":214,"universo_dom":"domicilios_ocupados_grade_ibge_2022","na_bacia":1,"area_pct_bacia":99.8572,"metodo_recorte_bacia":"ponto_representativo_grade_2022; area_pct_geometrica"},"geometry":{"type":"Polygon","coordinates":[[[-51.335698469808506,-29.22997585350275],[-51.335717433812476,-29.228111810711436],[-51.333726311420094,-29.22809405179903],[-51.33370733392627,-29.229958094590366],[-51.335698469808506,-29.22997585350275]]]}},{"type":"Feature","properties":{"id_grade":"200ME52678N80914","pop":7,"dom":3,"universo_dom":"domicilios_ocupados_grade_ibge_2022","na_bacia":1,"area_pct_bacia":100.0,"metodo_recorte_bacia":"ponto_representativo_grade_2022; area_pct_geometrica"},"geometry":{"type":"Polygon","coordinates":[[[-51.33370733392627,-29.229958094590366],[-51.333726311420094,-29.22809405179903],[-51.33173518992703,-29.22807627849732],[-51.331716198044035,-29.229940321288794],[-51.33370733392627,-29.229958094590366]]]}},{"type":"Feature","properties":{"id_grade":"200ME52670N80916","pop":114,"dom":54,"universo_dom":"domicilios_ocupados_grade_ibge_2022","na_bacia":1,"area_pct_bacia":100.0,"metodo_recorte_bacia":"ponto_representativo_grade_2022; area_pct_geometrica"},"geometry":{"type":"Polygon","coordinates":[[[-51.34169080098962,-29.228165009207785],[-51.34170972182613,-29.2263009853022],[-51.339718612923605,-29.226283266859273],[-51.33969967859724,-29.228147289865532],[-51.34169080098962,-29.228165009207785]]]}},{"type":"Feature","properties":{"id_grade":"200ME52672N80916","pop":9,"dom":1,"universo_dom":"domicilios_ocupados_grade_ibge_2022","na_bacia":1,"area_pct_bacia":100.0,"metodo_recorte_bacia":"ponto_representativo_grade_2022; area_pct_geometrica"},"geometry":{"type":"Polygon","coordinates":[[[-51.33969967859724,-29.228147289865532],[-51.339718612923605,-29.226283266859273],[-51.3377275049204,-29.22626553402711],[-51.33770855620486,-29.22812955703341],[-51.33969967859724,-29.228147289865532]]]}},{"type":"Feature","properties":{"id_grade":"200ME52670N80918","pop":97,"dom":37,"universo_dom":"domicilios_ocupados_grade_ibge_2022","na_bacia":1,"area_pct_bacia":100.0,"metodo_recorte_bacia":"ponto_representativo_grade_2022; area_pct_geometrica"},"geometry":{"type":"Polygon","coordinates":[[[-51.34170972182613,-29.2263009853022],[-51.34172864176338,-29.224436982081],[-51.33973754724997,-29.22441926273881],[-51.339718612923605,-29.226283266859273],[-51.34170972182613,-29.2263009853022]]]}},{"type":"Feature","properties":{"id_grade":"200ME52672N80918","pop":87,"dom":40,"universo_dom":"domicilios_ocupados_grade_ibge_2022","na_bacia":1,"area_pct_bacia":100.0,"metodo_recorte_bacia":"ponto_representativo_grade_2022; area_pct_geometrica"},"geometry":{"type":"Polygon","coordinates":[[[-51.339718612923605,-29.226283266859273],[-51.33973754724997,-29.22441926273881],[-51.33774645363587,-29.224401530805924],[-51.3377275049204,-29.22626553402711],[-51.339718612923605,-29.226283266859273]]]}},{"type":"Feature","properties":{"id_grade":"200ME52676N80918","pop":2,"dom":1,"universo_dom":"domicilios_ocupados_grade_ibge_2022","na_bacia":1,"area_pct_bacia":100.0,"metodo_recorte_bacia":"ponto_representativo_grade_2022; area_pct_geometrica"},"geometry":{"type":"Polygon","coordinates":[[[-51.33573639691713,-29.22624778770525],[-51.33575535912246,-29.224383785383385],[-51.33376426550842,-29.224366026470886],[-51.33374528891392,-29.226230028792777],[-51.33573639691713,-29.22624778770525]]]}},{"type":"Feature","properties":{"id_grade":"200ME52670N80920","pop":70,"dom":32,"universo_dom":"domicilios_ocupados_grade_ibge_2022","na_bacia":1,"area_pct_bacia":100.0,"metodo_recorte_bacia":"ponto_representativo_grade_2022; area_pct_geometrica"},"geometry":{"type":"Polygon","coordinates":[[[-51.34172864176338,-29.224436982081],[-51.34174756170057,-29.222572997745576],[-51.33975648157633,-29.222555279302632],[-51.33973754724997,-29.22441926273881],[-51.34172864176338,-29.224436982081]]]}},{"type":"Feature","properties":{"id_grade":"200ME52672N80920","pop":120,"dom":48,"universo_dom":"domicilios_ocupados_grade_ibge_2022","na_bacia":1,"area_pct_bacia":100.0,"metodo_recorte_bacia":"ponto_representativo_grade_2022; area_pct_geometrica"},"geometry":{"type":"Polygon","coordinates":[[[-51.33973754724997,-29.22441926273881],[-51.33975648157633,-29.222555279302632],[-51.33776540145209,-29.222537547369843],[-51.33774645363587,-29.224401530805924],[-51.33973754724997,-29.22441926273881]]]}},{"type":"Feature","properties":{"id_grade":"200ME52674N80920","pop":146,"dom":52,"universo_dom":"domicilios_ocupados_grade_ibge_2022","na_bacia":1,"area_pct_bacia":100.0,"metodo_recorte_bacia":"ponto_representativo_grade_2022; area_pct_geometrica"},"geometry":{"type":"Polygon","coordinates":[[[-51.33774645363587,-29.224401530805924],[-51.33776540145209,-29.222537547369843],[-51.335774322227174,-29.22251980194719],[-51.33575535912246,-29.224383785383385],[-51.33774645363587,-29.224401530805924]]]}},{"type":"Feature","properties":{"id_grade":"200ME52676N80920","pop":48,"dom":18,"universo_dom":"domicilios_ocupados_grade_ibge_2022","na_bacia":1,"area_pct_bacia":100.0,"metodo_recorte_bacia":"ponto_representativo_grade_2022; area_pct_geometrica"},"geometry":{"type":"Polygon","coordinates":[[[-51.33575535912246,-29.224383785383385],[-51.335774322227174,-29.22251980194719],[-51.333783242102925,-29.222502043034773],[-51.33376426550842,-29.224366026470886],[-51.33575535912246,-29.224383785383385]]]}},{"type":"Feature","properties":{"id_grade":"200ME52670N80922","pop":92,"dom":37,"universo_dom":"domicilios_ocupados_grade_ibge_2022","na_bacia":1,"area_pct_bacia":100.0,"metodo_recorte_bacia":"ponto_representativo_grade_2022; area_pct_geometrica"},"geometry":{"type":"Polygon","coordinates":[[[-51.34174756170057,-29.222572997745576],[-51.34176648163776,-29.220709034094618],[-51.33977541590269,-29.22069131565161],[-51.33975648157633,-29.222555279302632],[-51.34174756170057,-29.222572997745576]]]}},{"type":"Feature","properties":{"id_grade":"200ME52672N80922","pop":14,"dom":7,"universo_dom":"domicilios_ocupados_grade_ibge_2022","na_bacia":1,"area_pct_bacia":100.0,"metodo_recorte_bacia":"ponto_representativo_grade_2022; area_pct_geometrica"},"geometry":{"type":"Polygon","coordinates":[[[-51.33975648157633,-29.222555279302632],[-51.33977541590269,-29.22069131565161],[-51.337784349268254,-29.220673583718916],[-51.33776540145209,-29.222537547369843],[-51.33975648157633,-29.222555279302632]]]}},{"type":"Feature","properties":{"id_grade":"200ME52674N80922","pop":3,"dom":1,"universo_dom":"domicilios_ocupados_grade_ibge_2022","na_bacia":1,"area_pct_bacia":100.0,"metodo_recorte_bacia":"ponto_representativo_grade_2022; area_pct_geometrica"},"geometry":{"type":"Polygon","coordinates":[[[-51.33776540145209,-29.222537547369843],[-51.337784349268254,-29.220673583718916],[-51.335793284432505,-29.220655839195576],[-51.335774322227174,-29.22251980194719],[-51.33776540145209,-29.222537547369843]]]}},{"type":"Feature","properties":{"id_grade":"200ME52676N80922","pop":30,"dom":14,"universo_dom":"domicilios_ocupados_grade_ibge_2022","na_bacia":1,"area_pct_bacia":100.0,"metodo_recorte_bacia":"ponto_representativo_grade_2022; area_pct_geometrica"},"geometry":{"type":"Polygon","coordinates":[[[-51.335774322227174,-29.22251980194719],[-51.335793284432505,-29.220655839195576],[-51.33380221869738,-29.220638080283177],[-51.333783242102925,-29.222502043034773],[-51.335774322227174,-29.22251980194719]]]}},{"type":"Feature","properties":{"id_grade":"200ME52670N80924","pop":60,"dom":25,"universo_dom":"domicilios_ocupados_grade_ibge_2022","na_bacia":1,"area_pct_bacia":100.0,"metodo_recorte_bacia":"ponto_representativo_grade_2022; area_pct_geometrica"},"geometry":{"type":"Polygon","coordinates":[[[-51.34176648163776,-29.220709034094618],[-51.34178540157502,-29.21884508932936],[-51.339794349329736,-29.218827371785718],[-51.33977541590269,-29.22069131565161],[-51.34176648163776,-29.220709034094618]]]}},{"type":"Feature","properties":{"id_grade":"200ME52672N80924","pop":100,"dom":36,"universo_dom":"domicilios_ocupados_grade_ibge_2022","na_bacia":1,"area_pct_bacia":100.0,"metodo_recorte_bacia":"ponto_representativo_grade_2022; area_pct_geometrica"},"geometry":{"type":"Polygon","coordinates":[[[-51.33977541590269,-29.22069131565161],[-51.339794349329736,-29.218827371785718],[-51.33780329708446,-29.218809640752312],[-51.337784349268254,-29.220673583718916],[-51.33977541590269,-29.22069131565161]]]}},{"type":"Feature","properties":{"id_grade":"200ME52674N80924","pop":23,"dom":7,"universo_dom":"domicilios_ocupados_grade_ibge_2022","na_bacia":1,"area_pct_bacia":100.0,"metodo_recorte_bacia":"ponto_representativo_grade_2022; area_pct_geometrica"},"geometry":{"type":"Polygon","coordinates":[[[-51.337784349268254,-29.220673583718916],[-51.33780329708446,-29.218809640752312],[-51.33581224573851,-29.218791895329716],[-51.335793284432505,-29.220655839195576],[-51.337784349268254,-29.220673583718916]]]}},{"type":"Feature","properties":{"id_grade":"200ME52676N80924","pop":162,"dom":55,"universo_dom":"domicilios_ocupados_grade_ibge_2022","na_bacia":1,"area_pct_bacia":100.0,"metodo_recorte_bacia":"ponto_representativo_grade_2022; area_pct_geometrica"},"geometry":{"type":"Polygon","coordinates":[[[-51.335793284432505,-29.220655839195576],[-51.33581224573851,-29.218791895329716],[-51.333821194392556,-29.21877413821589],[-51.33380221869738,-29.220638080283177],[-51.335793284432505,-29.220655839195576]]]}},{"type":"Feature","properties":{"id_grade":"200ME52678N80924","pop":157,"dom":62,"universo_dom":"domicilios_ocupados_grade_ibge_2022","na_bacia":1,"area_pct_bacia":100.0,"metodo_recorte_bacia":"ponto_representativo_grade_2022; area_pct_geometrica"},"geometry":{"type":"Polygon","coordinates":[[[-51.33380221869738,-29.220638080283177],[-51.333821194392556,-29.21877413821589],[-51.33183014394592,-29.218756366712935],[-51.33181115386162,-29.220620309679557],[-51.33380221869738,-29.220638080283177]]]}},{"type":"Feature","properties":{"id_grade":"200ME52670N80926","pop":201,"dom":75,"universo_dom":"domicilios_ocupados_grade_ibge_2022","na_bacia":1,"area_pct_bacia":100.0,"metodo_recorte_bacia":"ponto_representativo_grade_2022; area_pct_geometrica"},"geometry":{"type":"Polygon","coordinates":[[[-51.34178540157502,-29.21884508932936],[-51.34180432061288,-29.216981165248534],[-51.33981328275678,-29.216963447704963],[-51.339794349329736,-29.218827371785718],[-51.34178540157502,-29.21884508932936]]]}},{"type":"Feature","properties":{"id_grade":"200ME52672N80926","pop":131,"dom":47,"universo_dom":"domicilios_ocupados_grade_ibge_2022","na_bacia":1,"area_pct_bacia":100.0,"metodo_recorte_bacia":"ponto_representativo_grade_2022; area_pct_geometrica"},"geometry":{"type":"Polygon","coordinates":[[[-51.339794349329736,-29.218827371785718],[-51.33981328275678,-29.216963447704963],[-51.33782224490062,-29.216945716671443],[-51.33780329708446,-29.218809640752312],[-51.339794349329736,-29.218827371785718]]]}},{"type":"Feature","properties":{"id_grade":"200ME52674N80926","pop":43,"dom":16,"universo_dom":"domicilios_ocupados_grade_ibge_2022","na_bacia":1,"area_pct_bacia":100.0,"metodo_recorte_bacia":"ponto_representativo_grade_2022; area_pct_geometrica"},"geometry":{"type":"Polygon","coordinates":[[[-51.33780329708446,-29.218809640752312],[-51.33782224490062,-29.216945716671443],[-51.33583120794384,-29.216927972148103],[-51.33581224573851,-29.218791895329716],[-51.33780329708446,-29.218809640752312]]]}},{"type":"Feature","properties":{"id_grade":"200ME52676N80926","pop":145,"dom":60,"universo_dom":"domicilios_ocupados_grade_ibge_2022","na_bacia":1,"area_pct_bacia":100.0,"metodo_recorte_bacia":"ponto_representativo_grade_2022; area_pct_geometrica"},"geometry":{"type":"Polygon","coordinates":[[[-51.33581224573851,-29.218791895329716],[-51.33583120794384,-29.216927972148103],[-51.33384017098706,-29.216910215034385],[-51.333821194392556,-29.21877413821589],[-51.33581224573851,-29.218791895329716]]]}},{"type":"Feature","properties":{"id_grade":"200ME52678N80926","pop":175,"dom":66,"universo_dom":"domicilios_ocupados_grade_ibge_2022","na_bacia":1,"area_pct_bacia":100.0,"metodo_recorte_bacia":"ponto_representativo_grade_2022; area_pct_geometrica"},"geometry":{"type":"Polygon","coordinates":[[[-51.333821194392556,-29.21877413821589],[-51.33384017098706,-29.216910215034385],[-51.33184913403028,-29.21689244443076],[-51.33183014394592,-29.218756366712935],[-51.333821194392556,-29.21877413821589]]]}},{"type":"Feature","properties":{"id_grade":"200ME52670N80928","pop":252,"dom":106,"universo_dom":"domicilios_ocupados_grade_ibge_2022","na_bacia":1,"area_pct_bacia":100.0,"metodo_recorte_bacia":"ponto_representativo_grade_2022; area_pct_geometrica"},"geometry":{"type":"Polygon","coordinates":[[[-51.34180432061288,-29.216981165248534],[-51.34182323965075,-29.21511726185216],[-51.33983221528444,-29.21509954430844],[-51.33981328275678,-29.216963447704963],[-51.34180432061288,-29.216981165248534]]]}},{"type":"Feature","properties":{"id_grade":"200ME52672N80928","pop":138,"dom":53,"universo_dom":"domicilios_ocupados_grade_ibge_2022","na_bacia":1,"area_pct_bacia":100.0,"metodo_recorte_bacia":"ponto_representativo_grade_2022; area_pct_geometrica"},"geometry":{"type":"Polygon","coordinates":[[[-51.33981328275678,-29.216963447704963],[-51.33983221528444,-29.21509954430844],[-51.33784119181752,-29.215081813274953],[-51.33782224490062,-29.216945716671443],[-51.33981328275678,-29.216963447704963]]]}},{"type":"Feature","properties":{"id_grade":"200ME52674N80928","pop":34,"dom":11,"universo_dom":"domicilios_ocupados_grade_ibge_2022","na_bacia":1,"area_pct_bacia":100.0,"metodo_recorte_bacia":"ponto_representativo_grade_2022; area_pct_geometrica"},"geometry":{"type":"Polygon","coordinates":[[[-51.33782224490062,-29.216945716671443],[-51.33784119181752,-29.215081813274953],[-51.33585016924985,-29.215064069651056],[-51.33583120794384,-29.216927972148103],[-51.33782224490062,-29.216945716671443]]]}},{"type":"Feature","properties":{"id_grade":"200ME52676N80928","pop":142,"dom":54,"universo_dom":"domicilios_ocupados_grade_ibge_2022","na_bacia":1,"area_pct_bacia":100.0,"metodo_recorte_bacia":"ponto_representativo_grade_2022; area_pct_geometrica"},"geometry":{"type":"Polygon","coordinates":[[[-51.33583120794384,-29.216927972148103],[-51.33585016924985,-29.215064069651056],[-51.33385914668224,-29.21504631253718],[-51.33384017098706,-29.216910215034385],[-51.33583120794384,-29.216927972148103]]]}},{"type":"Feature","properties":{"id_grade":"200ME52678N80928","pop":138,"dom":58,"universo_dom":"domicilios_ocupados_grade_ibge_2022","na_bacia":1,"area_pct_bacia":100.0,"metodo_recorte_bacia":"ponto_representativo_grade_2022; area_pct_geometrica"},"geometry":{"type":"Polygon","coordinates":[[[-51.33384017098706,-29.216910215034385],[-51.33385914668224,-29.21504631253718],[-51.33186812321526,-29.215028541933627],[-51.33184913403028,-29.21689244443076],[-51.33384017098706,-29.216910215034385]]]}},{"type":"Feature","properties":{"id_grade":"200ME52670N80930","pop":150,"dom":58,"universo_dom":"domicilios_ocupados_grade_ibge_2022","na_bacia":1,"area_pct_bacia":100.0,"metodo_recorte_bacia":"ponto_representativo_grade_2022; area_pct_geometrica"},"geometry":{"type":"Polygon","coordinates":[[[-51.34182323965075,-29.21511726185216],[-51.3418421577893,-29.2132533773415],[-51.339851148711496,-29.213235659797814],[-51.33983221528444,-29.21509954430844],[-51.34182323965075,-29.21511726185216]]]}},{"type":"Feature","properties":{"id_grade":"200ME52672N80930","pop":173,"dom":61,"universo_dom":"domicilios_ocupados_grade_ibge_2022","na_bacia":1,"area_pct_bacia":100.0,"metodo_recorte_bacia":"ponto_representativo_grade_2022; area_pct_geometrica"},"geometry":{"type":"Polygon","coordinates":[[[-51.33983221528444,-29.21509954430844],[-51.339851148711496,-29.213235659797814],[-51.33786013963367,-29.213217929663717],[-51.33784119181752,-29.215081813274953],[-51.33983221528444,-29.21509954430844]]]}},{"type":"Feature","properties":{"id_grade":"200ME52674N80930","pop":35,"dom":13,"universo_dom":"domicilios_ocupados_grade_ibge_2022","na_bacia":1,"area_pct_bacia":100.0,"metodo_recorte_bacia":"ponto_representativo_grade_2022; area_pct_geometrica"},"geometry":{"type":"Polygon","coordinates":[[[-51.33784119181752,-29.215081813274953],[-51.33786013963367,-29.213217929663717],[-51.335869130555864,-29.21320018603967],[-51.33585016924985,-29.215064069651056],[-51.33784119181752,-29.215081813274953]]]}},{"type":"Feature","properties":{"id_grade":"200ME52676N80930","pop":126,"dom":55,"universo_dom":"domicilios_ocupados_grade_ibge_2022","na_bacia":1,"area_pct_bacia":100.0,"metodo_recorte_bacia":"ponto_representativo_grade_2022; area_pct_geometrica"},"geometry":{"type":"Polygon","coordinates":[[[-51.33585016924985,-29.215064069651056],[-51.335869130555864,-29.21320018603967],[-51.33387812147811,-29.21318242892598],[-51.33385914668224,-29.21504631253718],[-51.33585016924985,-29.215064069651056]]]}},{"type":"Feature","properties":{"id_grade":"200ME52678N80930","pop":203,"dom":75,"universo_dom":"domicilios_ocupados_grade_ibge_2022","na_bacia":1,"area_pct_bacia":100.0,"metodo_recorte_bacia":"ponto_representativo_grade_2022; area_pct_geometrica"},"geometry":{"type":"Polygon","coordinates":[[[-51.33385914668224,-29.21504631253718],[-51.33387812147811,-29.21318242892598],[-51.331887113299615,-29.21316465922158],[-51.33186812321526,-29.215028541933627],[-51.33385914668224,-29.21504631253718]]]}},{"type":"Feature","properties":{"id_grade":"200ME52670N80932","pop":37,"dom":16,"universo_dom":"domicilios_ocupados_grade_ibge_2022","na_bacia":1,"area_pct_bacia":100.0,"metodo_recorte_bacia":"ponto_representativo_grade_2022; area_pct_geometrica"},"geometry":{"type":"Polygon","coordinates":[[[-51.3418421577893,-29.2132533773415],[-51.34186107592786,-29.211389512615938],[-51.33987008123921,-29.211371795971576],[-51.339851148711496,-29.213235659797814],[-51.3418421577893,-29.2132533773415]]]}},{"type":"Feature","properties":{"id_grade":"200ME52672N80932","pop":108,"dom":41,"universo_dom":"domicilios_ocupados_grade_ibge_2022","na_bacia":1,"area_pct_bacia":100.0,"metodo_recorte_bacia":"ponto_representativo_grade_2022; area_pct_geometrica"},"geometry":{"type":"Polygon","coordinates":[[[-51.339851148711496,-29.213235659797814],[-51.33987008123921,-29.211371795971576],[-51.337879085651245,-29.211354065837437],[-51.33786013963367,-29.213217929663717],[-51.339851148711496,-29.213235659797814]]]}},{"type":"Feature","properties":{"id_grade":"200ME52674N80932","pop":125,"dom":46,"universo_dom":"domicilios_ocupados_grade_ibge_2022","na_bacia":1,"area_pct_bacia":100.0,"metodo_recorte_bacia":"ponto_representativo_grade_2022; area_pct_geometrica"},"geometry":{"type":"Polygon","coordinates":[[[-51.33786013963367,-29.213217929663717],[-51.337879085651245,-29.211354065837437],[-51.33588809096261,-29.211336323112782],[-51.335869130555864,-29.21320018603967],[-51.33786013963367,-29.213217929663717]]]}},{"type":"Feature","properties":{"id_grade":"200ME52676N80932","pop":169,"dom":60,"universo_dom":"domicilios_ocupados_grade_ibge_2022","na_bacia":1,"area_pct_bacia":100.0,"metodo_recorte_bacia":"ponto_representativo_grade_2022; area_pct_geometrica"},"geometry":{"type":"Polygon","coordinates":[[[-51.335869130555864,-29.21320018603967],[-51.33588809096261,-29.211336323112782],[-51.333897096273915,-29.21131856599896],[-51.33387812147811,-29.21318242892598],[-51.335869130555864,-29.21320018603967]]]}},{"type":"Feature","properties":{"id_grade":"200ME52678N80932","pop":59,"dom":20,"universo_dom":"domicilios_ocupados_grade_ibge_2022","na_bacia":1,"area_pct_bacia":100.0,"metodo_recorte_bacia":"ponto_representativo_grade_2022; area_pct_geometrica"},"geometry":{"type":"Polygon","coordinates":[[[-51.33387812147811,-29.21318242892598],[-51.333897096273915,-29.21131856599896],[-51.331906102484595,-29.21130079629473],[-51.331887113299615,-29.21316465922158],[-51.33387812147811,-29.21318242892598]]]}},{"type":"Feature","properties":{"id_grade":"200ME52670N80934","pop":41,"dom":17,"universo_dom":"domicilios_ocupados_grade_ibge_2022","na_bacia":1,"area_pct_bacia":100.0,"metodo_recorte_bacia":"ponto_representativo_grade_2022; area_pct_geometrica"},"geometry":{"type":"Polygon","coordinates":[[[-51.34186107592786,-29.211389512615938],[-51.34187999406646,-29.209525668574724],[-51.339889012867616,-29.20950795193039],[-51.33987008123921,-29.211371795971576],[-51.34186107592786,-29.211389512615938]]]}},{"type":"Feature","properties":{"id_grade":"200ME52672N80934","pop":225,"dom":81,"universo_dom":"domicilios_ocupados_grade_ibge_2022","na_bacia":1,"area_pct_bacia":100.0,"metodo_recorte_bacia":"ponto_representativo_grade_2022; area_pct_geometrica"},"geometry":{"type":"Polygon","coordinates":[[[-51.33987008123921,-29.211371795971576],[-51.339889012867616,-29.20950795193039],[-51.33789803256809,-29.209490222695674],[-51.337879085651245,-29.211354065837437],[-51.33987008123921,-29.211371795971576]]]}},{"type":"Feature","properties":{"id_grade":"200ME52674N80934","pop":248,"dom":92,"universo_dom":"domicilios_ocupados_grade_ibge_2022","na_bacia":1,"area_pct_bacia":100.0,"metodo_recorte_bacia":"ponto_representativo_grade_2022; area_pct_geometrica"},"geometry":{"type":"Polygon","coordinates":[[[-51.337879085651245,-29.211354065837437],[-51.33789803256809,-29.209490222695674],[-51.335907051369304,-29.209472479071678],[-51.33588809096261,-29.211336323112782],[-51.337879085651245,-29.211354065837437]]]}},{"type":"Feature","properties":{"id_grade":"200ME52676N80934","pop":102,"dom":36,"universo_dom":"domicilios_ocupados_grade_ibge_2022","na_bacia":1,"area_pct_bacia":100.0,"metodo_recorte_bacia":"ponto_representativo_grade_2022; area_pct_geometrica"},"geometry":{"type":"Polygon","coordinates":[[[-51.33588809096261,-29.211336323112782],[-51.335907051369304,-29.209472479071678],[-51.33391607106978,-29.20945472285711],[-51.333897096273915,-29.21131856599896],[-51.33588809096261,-29.211336323112782]]]}},{"type":"Feature","properties":{"id_grade":"200ME52678N80934","pop":31,"dom":10,"universo_dom":"domicilios_ocupados_grade_ibge_2022","na_bacia":1,"area_pct_bacia":100.0,"metodo_recorte_bacia":"ponto_representativo_grade_2022; area_pct_geometrica"},"geometry":{"type":"Polygon","coordinates":[[[-51.333897096273915,-29.21131856599896],[-51.33391607106978,-29.20945472285711],[-51.331925091669575,-29.20943695405217],[-51.331906102484595,-29.21130079629473],[-51.333897096273915,-29.21131856599896]]]}},{"type":"Feature","properties":{"id_grade":"200ME52670N80936","pop":52,"dom":19,"universo_dom":"domicilios_ocupados_grade_ibge_2022","na_bacia":1,"area_pct_bacia":100.0,"metodo_recorte_bacia":"ponto_representativo_grade_2022; area_pct_geometrica"},"geometry":{"type":"Polygon","coordinates":[[[-51.34187999406646,-29.209525668574724],[-51.341898912205004,-29.207661844318686],[-51.33990794539534,-29.207644127674296],[-51.339889012867616,-29.20950795193039],[-51.34187999406646,-29.209525668574724]]]}},{"type":"Feature","properties":{"id_grade":"200ME52672N80936","pop":139,"dom":54,"universo_dom":"domicilios_ocupados_grade_ibge_2022","na_bacia":1,"area_pct_bacia":100.0,"metodo_recorte_bacia":"ponto_representativo_grade_2022; area_pct_geometrica"},"geometry":{"type":"Polygon","coordinates":[[[-51.339889012867616,-29.20950795193039],[-51.33990794539534,-29.207644127674296],[-51.33791697858567,-29.207626398439512],[-51.33789803256809,-29.209490222695674],[-51.339889012867616,-29.20950795193039]]]}},{"type":"Feature","properties":{"id_grade":"200ME52674N80936","pop":81,"dom":32,"universo_dom":"domicilios_ocupados_grade_ibge_2022","na_bacia":1,"area_pct_bacia":100.0,"metodo_recorte_bacia":"ponto_representativo_grade_2022; area_pct_geometrica"},"geometry":{"type":"Polygon","coordinates":[[[-51.33789803256809,-29.209490222695674],[-51.33791697858567,-29.207626398439512],[-51.335926011775996,-29.20760865571488],[-51.335907051369304,-29.209472479071678],[-51.33789803256809,-29.209490222695674]]]}},{"type":"Feature","properties":{"id_grade":"200ME52676N80936","pop":50,"dom":16,"universo_dom":"domicilios_ocupados_grade_ibge_2022","na_bacia":1,"area_pct_bacia":100.0,"metodo_recorte_bacia":"ponto_representativo_grade_2022; area_pct_geometrica"},"geometry":{"type":"Polygon","coordinates":[[[-51.335907051369304,-29.209472479071678],[-51.335926011775996,-29.20760865571488],[-51.333935045865644,-29.207590900399676],[-51.33391607106978,-29.20945472285711],[-51.335907051369304,-29.209472479071678]]]}},{"type":"Feature","properties":{"id_grade":"200ME52678N80936","pop":19,"dom":8,"universo_dom":"domicilios_ocupados_grade_ibge_2022","na_bacia":1,"area_pct_bacia":100.0,"metodo_recorte_bacia":"ponto_representativo_grade_2022; area_pct_geometrica"},"geometry":{"type":"Polygon","coordinates":[[[-51.33391607106978,-29.20945472285711],[-51.333935045865644,-29.207590900399676],[-51.331944079955285,-29.207573130695337],[-51.331925091669575,-29.20943695405217],[-51.33391607106978,-29.20945472285711]]]}},{"type":"Feature","properties":{"id_grade":"200ME52670N80938","pop":37,"dom":15,"universo_dom":"domicilios_ocupados_grade_ibge_2022","na_bacia":1,"area_pct_bacia":100.0,"metodo_recorte_bacia":"ponto_representativo_grade_2022; area_pct_geometrica"},"geometry":{"type":"Polygon","coordinates":[[[-51.341898912205004,-29.207661844318686],[-51.34191782944424,-29.20579803984767],[-51.33992687702369,-29.20578032410265],[-51.33990794539534,-29.207644127674296],[-51.341898912205004,-29.207661844318686]]]}},{"type":"Feature","properties":{"id_grade":"200ME52670N80940","pop":9,"dom":3,"universo_dom":"domicilios_ocupados_grade_ibge_2022","na_bacia":1,"area_pct_bacia":100.0,"metodo_recorte_bacia":"ponto_representativo_grade_2022; area_pct_geometrica"},"geometry":{"type":"Polygon","coordinates":[[[-51.34191782944424,-29.20579803984767],[-51.34193674668347,-29.20393425516175],[-51.3399458086521,-29.203916539416774],[-51.33992687702369,-29.20578032410265],[-51.34191782944424,-29.20579803984767]]]}},{"type":"Feature","properties":{"id_grade":"200ME52672N80940","pop":3,"dom":1,"universo_dom":"domicilios_ocupados_grade_ibge_2022","na_bacia":1,"area_pct_bacia":100.0,"metodo_recorte_bacia":"ponto_representativo_grade_2022; area_pct_geometrica"},"geometry":{"type":"Polygon","coordinates":[[[-51.33992687702369,-29.20578032410265],[-51.3399458086521,-29.203916539416774],[-51.337954869721436,-29.203898811081274],[-51.33793592460319,-29.205762594867775],[-51.33992687702369,-29.20578032410265]]]}},{"type":"Feature","properties":{"id_grade":"200ME52674N80940","pop":10,"dom":3,"universo_dom":"domicilios_ocupados_grade_ibge_2022","na_bacia":1,"area_pct_bacia":100.0,"metodo_recorte_bacia":"ponto_representativo_grade_2022; area_pct_geometrica"},"geometry":{"type":"Polygon","coordinates":[[[-51.33793592460319,-29.205762594867775],[-51.337954869721436,-29.203898811081274],[-51.33596393169005,-29.20388106925588],[-51.33594497218269,-29.205744852143216],[-51.33793592460319,-29.205762594867775]]]}},{"type":"Feature","properties":{"id_grade":"200ME52676N80942","pop":3,"dom":2,"universo_dom":"domicilios_ocupados_grade_ibge_2022","na_bacia":1,"area_pct_bacia":100.0,"metodo_recorte_bacia":"ponto_representativo_grade_2022; area_pct_geometrica"},"geometry":{"type":"Polygon","coordinates":[[[-51.33596393169005,-29.20388106925588],[-51.33598289119743,-29.202017305254373],[-51.33399196755522,-29.20199954993919],[-51.333972993658676,-29.203863313940833],[-51.33596393169005,-29.20388106925588]]]}},{"type":"Feature","properties":{"id_grade":"200ME52674N80944","pop":3,"dom":2,"universo_dom":"domicilios_ocupados_grade_ibge_2022","na_bacia":1,"area_pct_bacia":100.0,"metodo_recorte_bacia":"ponto_representativo_grade_2022; area_pct_geometrica"},"geometry":{"type":"Polygon","coordinates":[[[-51.33797381573896,-29.202035047079686],[-51.33799276085716,-29.200171302863236],[-51.33600185070481,-29.200153561937288],[-51.33598289119743,-29.202017305254373],[-51.33797381573896,-29.202035047079686]]]}},{"type":"Feature","properties":{"id_grade":"200ME52672N80956","pop":1,"dom":1,"universo_dom":"domicilios_ocupados_grade_ibge_2022","na_bacia":1,"area_pct_bacia":100.0,"metodo_recorte_bacia":"ponto_representativo_grade_2022; area_pct_geometrica"},"geometry":{"type":"Polygon","coordinates":[[[-51.34007832105761,-29.19087060779226],[-51.340097249988055,-29.18900698318569],[-51.33810642527129,-29.188989257548158],[-51.33808748195167,-29.190852881255374],[-51.34007832105761,-29.19087060779226]]]}},{"type":"Feature","properties":{"id_grade":"200ME52674N80956","pop":2,"dom":1,"universo_dom":"domicilios_ocupados_grade_ibge_2022","na_bacia":1,"area_pct_bacia":100.0,"metodo_recorte_bacia":"ponto_representativo_grade_2022; area_pct_geometrica"},"geometry":{"type":"Polygon","coordinates":[[[-51.33808748195167,-29.190852881255374],[-51.33810642527129,-29.188989257548158],[-51.33611560055448,-29.188971517521434],[-51.336096642845746,-29.190835142128094],[-51.33808748195167,-29.190852881255374]]]}},{"type":"Feature","properties":{"id_grade":"200ME52676N80956","pop":3,"dom":1,"universo_dom":"domicilios_ocupados_grade_ibge_2022","na_bacia":1,"area_pct_bacia":100.0,"metodo_recorte_bacia":"ponto_representativo_grade_2022; area_pct_geometrica"},"geometry":{"type":"Polygon","coordinates":[[[-51.336096642845746,-29.190835142128094],[-51.33611560055448,-29.188971517521434],[-51.334124775837665,-29.188953764904234],[-51.33410580463913,-29.190817388611528],[-51.336096642845746,-29.190835142128094]]]}},{"type":"Feature","properties":{"id_grade":"200ME52676N80958","pop":2,"dom":1,"universo_dom":"domicilios_ocupados_grade_ibge_2022","na_bacia":1,"area_pct_bacia":100.0,"metodo_recorte_bacia":"ponto_representativo_grade_2022; area_pct_geometrica"},"geometry":{"type":"Polygon","coordinates":[[[-51.33611560055448,-29.188971517521434],[-51.33613455826321,-29.187107913599295],[-51.33414374793557,-29.187090160982137],[-51.334124775837665,-29.188953764904234],[-51.33611560055448,-29.188971517521434]]]}},{"type":"Feature","properties":{"id_grade":"200ME52676N80960","pop":8,"dom":2,"universo_dom":"domicilios_ocupados_grade_ibge_2022","na_bacia":1,"area_pct_bacia":100.0,"metodo_recorte_bacia":"ponto_representativo_grade_2022; area_pct_geometrica"},"geometry":{"type":"Polygon","coordinates":[[[-51.33613455826321,-29.187107913599295],[-51.33615351507263,-29.18524432856287],[-51.334162719134156,-29.185226576844997],[-51.33414374793557,-29.187090160982137],[-51.33613455826321,-29.187107913599295]]]}},{"type":"Feature","properties":{"id_grade":"200ME52678N80960","pop":3,"dom":1,"universo_dom":"domicilios_ocupados_grade_ibge_2022","na_bacia":1,"area_pct_bacia":100.0,"metodo_recorte_bacia":"ponto_representativo_grade_2022; area_pct_geometrica"},"geometry":{"type":"Polygon","coordinates":[[[-51.33414374793557,-29.187090160982137],[-51.334162719134156,-29.185226576844997],[-51.33217192319563,-29.185208811637267],[-51.33215293760793,-29.18707239487506],[-51.33414374793557,-29.187090160982137]]]}},{"type":"Feature","properties":{"id_grade":"200ME52670N80962","pop":4,"dom":1,"universo_dom":"domicilios_ocupados_grade_ibge_2022","na_bacia":1,"area_pct_bacia":100.0,"metodo_recorte_bacia":"ponto_representativo_grade_2022; area_pct_geometrica"},"geometry":{"type":"Polygon","coordinates":[[[-51.342125905586045,-29.185297505475493],[-51.342144819228,-29.18343394022416],[-51.340154036779325,-29.183416228076407],[-51.34013510784888,-29.185279793327712],[-51.342125905586045,-29.185297505475493]]]}},{"type":"Feature","properties":{"id_grade":"200ME52678N80962","pop":4,"dom":1,"universo_dom":"domicilios_ocupados_grade_ibge_2022","na_bacia":1,"area_pct_bacia":100.0,"metodo_recorte_bacia":"ponto_representativo_grade_2022; area_pct_geometrica"},"geometry":{"type":"Polygon","coordinates":[[[-51.334162719134156,-29.185226576844997],[-51.334181689433365,-29.18336301249299],[-51.332190907884076,-29.18334524728529],[-51.33217192319563,-29.185208811637267],[-51.334162719134156,-29.185226576844997]]]}},{"type":"Feature","properties":{"id_grade":"200ME52670N80970","pop":5,"dom":2,"universo_dom":"domicilios_ocupados_grade_ibge_2022","na_bacia":1,"area_pct_bacia":100.0,"metodo_recorte_bacia":"ponto_representativo_grade_2022; area_pct_geometrica"},"geometry":{"type":"Polygon","coordinates":[[[-51.34220156105317,-29.1778433631806],[-51.342220473795805,-29.175979877968917],[-51.34022974800445,-29.175962166720563],[-51.340210820872635,-29.177825651932228],[-51.34220156105317,-29.1778433631806]]]}},{"type":"Feature","properties":{"id_grade":"200ME52672N80970","pop":5,"dom":2,"universo_dom":"domicilios_ocupados_grade_ibge_2022","na_bacia":1,"area_pct_bacia":100.0,"metodo_recorte_bacia":"ponto_representativo_grade_2022; area_pct_geometrica"},"geometry":{"type":"Polygon","coordinates":[[[-51.340210820872635,-29.177825651932228],[-51.34022974800445,-29.175962166720563],[-51.33823902221309,-29.175944442881665],[-51.33822008069212,-29.177807928093415],[-51.340210820872635,-29.177825651932228]]]}},{"type":"Feature","properties":{"id_grade":"200ME52676N80970","pop":5,"dom":1,"universo_dom":"domicilios_ocupados_grade_ibge_2022","na_bacia":1,"area_pct_bacia":100.0,"metodo_recorte_bacia":"ponto_representativo_grade_2022; area_pct_geometrica"},"geometry":{"type":"Polygon","coordinates":[[[-51.336229340511636,-29.177790190764657],[-51.336248296421736,-29.17592670555291],[-51.33425757152963,-29.175908954734414],[-51.334238601230425,-29.177772439046777],[-51.336229340511636,-29.177790190764657]]]}},{"type":"Feature","properties":{"id_grade":"200ME52670N80972","pop":10,"dom":3,"universo_dom":"domicilios_ocupados_grade_ibge_2022","na_bacia":1,"area_pct_bacia":100.0,"metodo_recorte_bacia":"ponto_representativo_grade_2022; area_pct_geometrica"},"geometry":{"type":"Polygon","coordinates":[[[-51.342220473795805,-29.175979877968917],[-51.34223938743776,-29.174116411643073],[-51.340248675136195,-29.174098701294017],[-51.34022974800445,-29.175962166720563],[-51.342220473795805,-29.175979877968917]]]}},{"type":"Feature","properties":{"id_grade":"200ME52672N80972","pop":16,"dom":5,"universo_dom":"domicilios_ocupados_grade_ibge_2022","na_bacia":1,"area_pct_bacia":100.0,"metodo_recorte_bacia":"ponto_representativo_grade_2022; area_pct_geometrica"},"geometry":{"type":"Polygon","coordinates":[[[-51.34022974800445,-29.175962166720563],[-51.340248675136195,-29.174098701294017],[-51.33825796373401,-29.174080977455137],[-51.33823902221309,-29.175944442881665],[-51.34022974800445,-29.175962166720563]]]}},{"type":"Feature","properties":{"id_grade":"200ME52676N80972","pop":3,"dom":1,"universo_dom":"domicilios_ocupados_grade_ibge_2022","na_bacia":1,"area_pct_bacia":100.0,"metodo_recorte_bacia":"ponto_representativo_grade_2022; area_pct_geometrica"},"geometry":{"type":"Polygon","coordinates":[[[-51.336248296421736,-29.17592670555291],[-51.336267252331766,-29.17406324012632],[-51.33427654092958,-29.174045490207146],[-51.33425757152963,-29.175908954734414],[-51.336248296421736,-29.17592670555291]]]}},{"type":"Feature","properties":{"id_grade":"200ME52670N80974","pop":12,"dom":5,"universo_dom":"domicilios_ocupados_grade_ibge_2022","na_bacia":1,"area_pct_bacia":100.0,"metodo_recorte_bacia":"ponto_representativo_grade_2022; area_pct_geometrica"},"geometry":{"type":"Polygon","coordinates":[[[-51.34223938743776,-29.174116411643073],[-51.34225830018039,-29.172252965102192],[-51.34026760226801,-29.17223525565252],[-51.340248675136195,-29.174098701294017],[-51.34223938743776,-29.174116411643073]]]}},{"type":"Feature","properties":{"id_grade":"200ME52672N80974","pop":14,"dom":6,"universo_dom":"domicilios_ocupados_grade_ibge_2022","na_bacia":1,"area_pct_bacia":100.0,"metodo_recorte_bacia":"ponto_representativo_grade_2022; area_pct_geometrica"},"geometry":{"type":"Polygon","coordinates":[[[-51.340248675136195,-29.174098701294017],[-51.34026760226801,-29.17223525565252],[-51.33827690435561,-29.17221753181358],[-51.33825796373401,-29.174080977455137],[-51.340248675136195,-29.174098701294017]]]}},{"type":"Feature","properties":{"id_grade":"200ME52674N80974","pop":9,"dom":1,"universo_dom":"domicilios_ocupados_grade_ibge_2022","na_bacia":1,"area_pct_bacia":100.0,"metodo_recorte_bacia":"ponto_representativo_grade_2022; area_pct_geometrica"},"geometry":{"type":"Polygon","coordinates":[[[-51.33825796373401,-29.174080977455137],[-51.33827690435561,-29.17221753181358],[-51.33628620734254,-29.172199795384156],[-51.336267252331766,-29.17406324012632],[-51.33825796373401,-29.174080977455137]]]}},{"type":"Feature","properties":{"id_grade":"200ME52670N80976","pop":6,"dom":2,"universo_dom":"domicilios_ocupados_grade_ibge_2022","na_bacia":1,"area_pct_bacia":100.0,"metodo_recorte_bacia":"ponto_representativo_grade_2022; area_pct_geometrica"},"geometry":{"type":"Polygon","coordinates":[[[-51.34225830018039,-29.172252965102192],[-51.34227721202371,-29.170389539245818],[-51.34028652850043,-29.17037182979605],[-51.34026760226801,-29.17223525565252],[-51.34225830018039,-29.172252965102192]]]}},{"type":"Feature","properties":{"id_grade":"200ME52680N80892","pop":2,"dom":1,"universo_dom":"domicilios_ocupados_grade_ibge_2022","na_bacia":0,"area_pct_bacia":0.0,"metodo_recorte_bacia":"ponto_representativo_grade_2022; area_pct_geometrica"},"geometry":{"type":"Polygon","coordinates":[[[-51.33150727204292,-29.250446105903027],[-51.33152626662388,-29.2485818436771],[-51.32953498954811,-29.248564054187696],[-51.32951598057798,-29.25042831551425],[-51.33150727204292,-29.250446105903027]]]}},{"type":"Feature","properties":{"id_grade":"200ME52682N80892","pop":13,"dom":4,"universo_dom":"domicilios_ocupados_grade_ibge_2022","na_bacia":0,"area_pct_bacia":0.0,"metodo_recorte_bacia":"ponto_representativo_grade_2022; area_pct_geometrica"},"geometry":{"type":"Polygon","coordinates":[[[-51.32951598057798,-29.25042831551425],[-51.32953498954811,-29.248564054187696],[-51.327543712472334,-29.248546251208506],[-51.32752468911309,-29.250410512535076],[-51.32951598057798,-29.25042831551425]]]}},{"type":"Feature","properties":{"id_grade":"200ME52684N80892","pop":9,"dom":3,"universo_dom":"domicilios_ocupados_grade_ibge_2022","na_bacia":0,"area_pct_bacia":0.0,"metodo_recorte_bacia":"ponto_representativo_grade_2022; area_pct_geometrica"},"geometry":{"type":"Polygon","coordinates":[[[-51.32752468911309,-29.250410512535076],[-51.327543712472334,-29.248546251208506],[-51.32555243539656,-29.248528434739434],[-51.32553339854746,-29.250392696065948],[-51.32752468911309,-29.250410512535076]]]}},{"type":"Feature","properties":{"id_grade":"200ME52680N80894","pop":24,"dom":9,"universo_dom":"domicilios_ocupados_grade_ibge_2022","na_bacia":0,"area_pct_bacia":0.0,"metodo_recorte_bacia":"ponto_representativo_grade_2022; area_pct_geometrica"},"geometry":{"type":"Polygon","coordinates":[[[-51.33152626662388,-29.2485818436771],[-51.33154526120478,-29.246717601236245],[-51.32955399761886,-29.24669981174679],[-51.32953498954811,-29.248564054187696],[-51.33152626662388,-29.2485818436771]]]}},{"type":"Feature","properties":{"id_grade":"200ME52682N80894","pop":27,"dom":8,"universo_dom":"domicilios_ocupados_grade_ibge_2022","na_bacia":0,"area_pct_bacia":0.0,"metodo_recorte_bacia":"ponto_representativo_grade_2022; area_pct_geometrica"},"geometry":{"type":"Polygon","coordinates":[[[-51.32953498954811,-29.248564054187696],[-51.32955399761886,-29.24669981174679],[-51.32756273493226,-29.24668200966697],[-51.327543712472334,-29.248546251208506],[-51.32953498954811,-29.248564054187696]]]}},{"type":"Feature","properties":{"id_grade":"200ME52680N80896","pop":54,"dom":22,"universo_dom":"domicilios_ocupados_grade_ibge_2022","na_bacia":0,"area_pct_bacia":0.0,"metodo_recorte_bacia":"ponto_representativo_grade_2022; area_pct_geometrica"},"geometry":{"type":"Polygon","coordinates":[[[-51.33154526120478,-29.246717601236245],[-51.331564254886416,-29.244853378580487],[-51.32957300568961,-29.244835589990416],[-51.32955399761886,-29.24669981174679],[-51.33154526120478,-29.246717601236245]]]}},{"type":"Feature","properties":{"id_grade":"200ME52680N80898","pop":4,"dom":1,"universo_dom":"domicilios_ocupados_grade_ibge_2022","na_bacia":0,"area_pct_bacia":0.0,"metodo_recorte_bacia":"ponto_representativo_grade_2022; area_pct_geometrica"},"geometry":{"type":"Polygon","coordinates":[[[-51.331564254886416,-29.244853378580487],[-51.33158324856806,-29.242989176609132],[-51.329592013760355,-29.242971388019058],[-51.32957300568961,-29.244835589990416],[-51.331564254886416,-29.244853378580487]]]}},{"type":"Feature","properties":{"id_grade":"200ME52680N80900","pop":19,"dom":8,"universo_dom":"domicilios_ocupados_grade_ibge_2022","na_bacia":0,"area_pct_bacia":0.0,"metodo_recorte_bacia":"ponto_representativo_grade_2022; area_pct_geometrica"},"geometry":{"type":"Polygon","coordinates":[[[-51.33158324856806,-29.242989176609132],[-51.33160224224963,-29.24112499442292],[-51.32961102183117,-29.24110720673213],[-51.329592013760355,-29.242971388019058],[-51.33158324856806,-29.242989176609132]]]}},{"type":"Feature","properties":{"id_grade":"200ME52682N80900","pop":4,"dom":1,"universo_dom":"domicilios_ocupados_grade_ibge_2022","na_bacia":0,"area_pct_bacia":0.0,"metodo_recorte_bacia":"ponto_representativo_grade_2022; area_pct_geometrica"},"geometry":{"type":"Polygon","coordinates":[[[-51.329592013760355,-29.242971388019058],[-51.32961102183117,-29.24110720673213],[-51.32761980141266,-29.241089404652264],[-51.32760077985205,-29.242953586838436],[-51.329592013760355,-29.242971388019058]]]}},{"type":"Feature","properties":{"id_grade":"200ME52680N80902","pop":2,"dom":1,"universo_dom":"domicilios_ocupados_grade_ibge_2022","na_bacia":0,"area_pct_bacia":0.0,"metodo_recorte_bacia":"ponto_representativo_grade_2022; area_pct_geometrica"},"geometry":{"type":"Polygon","coordinates":[[[-51.33160224224963,-29.24112499442292],[-51.33162123593127,-29.239260832021674],[-51.329630029002594,-29.239243044330976],[-51.32961102183117,-29.24110720673213],[-51.33160224224963,-29.24112499442292]]]}},{"type":"Feature","properties":{"id_grade":"200ME52682N80902","pop":3,"dom":1,"universo_dom":"domicilios_ocupados_grade_ibge_2022","na_bacia":0,"area_pct_bacia":0.0,"metodo_recorte_bacia":"ponto_representativo_grade_2022; area_pct_geometrica"},"geometry":{"type":"Polygon","coordinates":[[[-51.32961102183117,-29.24110720673213],[-51.329630029002594,-29.239243044330976],[-51.327638822973256,-29.239225243150354],[-51.32761980141266,-29.241089404652264],[-51.32961102183117,-29.24110720673213]]]}},{"type":"Feature","properties":{"id_grade":"200ME52684N80902","pop":2,"dom":1,"universo_dom":"domicilios_ocupados_grade_ibge_2022","na_bacia":0,"area_pct_bacia":0.0,"metodo_recorte_bacia":"ponto_representativo_grade_2022; area_pct_geometrica"},"geometry":{"type":"Polygon","coordinates":[[[-51.32761980141266,-29.241089404652264],[-51.327638822973256,-29.239225243150354],[-51.32564761694391,-29.23920742937929],[-51.325628580994184,-29.241071589981843],[-51.32761980141266,-29.241089404652264]]]}},{"type":"Feature","properties":{"id_grade":"200ME52680N80904","pop":10,"dom":3,"universo_dom":"domicilios_ocupados_grade_ibge_2022","na_bacia":0,"area_pct_bacia":0.0,"metodo_recorte_bacia":"ponto_representativo_grade_2022; area_pct_geometrica"},"geometry":{"type":"Polygon","coordinates":[[[-51.33162123593127,-29.239260832021674],[-51.331640228713525,-29.237396690305],[-51.329649036174025,-29.237378902614214],[-51.329630029002594,-29.239243044330976],[-51.33162123593127,-29.239260832021674]]]}},{"type":"Feature","properties":{"id_grade":"200ME52682N80904","pop":74,"dom":29,"universo_dom":"domicilios_ocupados_grade_ibge_2022","na_bacia":0,"area_pct_bacia":0.0,"metodo_recorte_bacia":"ponto_representativo_grade_2022; area_pct_geometrica"},"geometry":{"type":"Polygon","coordinates":[[[-51.329630029002594,-29.239243044330976],[-51.329649036174025,-29.237378902614214],[-51.32765784453386,-29.237361101433567],[-51.327638822973256,-29.239225243150354],[-51.329630029002594,-29.239243044330976]]]}},{"type":"Feature","properties":{"id_grade":"200ME52684N80904","pop":83,"dom":25,"universo_dom":"domicilios_ocupados_grade_ibge_2022","na_bacia":0,"area_pct_bacia":0.0,"metodo_recorte_bacia":"ponto_representativo_grade_2022; area_pct_geometrica"},"geometry":{"type":"Polygon","coordinates":[[[-51.327638822973256,-29.239225243150354],[-51.32765784453386,-29.237361101433567],[-51.32566665289369,-29.237343287662593],[-51.32564761694391,-29.23920742937929],[-51.327638822973256,-29.239225243150354]]]}},{"type":"Feature","properties":{"id_grade":"200ME52686N80904","pop":98,"dom":32,"universo_dom":"domicilios_ocupados_grade_ibge_2022","na_bacia":0,"area_pct_bacia":0.0,"metodo_recorte_bacia":"ponto_representativo_grade_2022; area_pct_geometrica"},"geometry":{"type":"Polygon","coordinates":[[[-51.32564761694391,-29.23920742937929],[-51.32566665289369,-29.237343287662593],[-51.323675461253515,-29.237325460401628],[-51.323656410914566,-29.239189601219117],[-51.32564761694391,-29.23920742937929]]]}},{"type":"Feature","properties":{"id_grade":"200ME52688N80904","pop":104,"dom":40,"universo_dom":"domicilios_ocupados_grade_ibge_2022","na_bacia":0,"area_pct_bacia":0.0,"metodo_recorte_bacia":"ponto_representativo_grade_2022; area_pct_geometrica"},"geometry":{"type":"Polygon","coordinates":[[[-51.323656410914566,-29.239189601219117],[-51.323675461253515,-29.237325460401628],[-51.32168426961329,-29.23730761965095],[-51.32166520578459,-29.23917176046827],[-51.323656410914566,-29.239189601219117]]]}},{"type":"Feature","properties":{"id_grade":"200ME52680N80906","pop":100,"dom":38,"universo_dom":"domicilios_ocupados_grade_ibge_2022","na_bacia":0,"area_pct_bacia":0.0,"metodo_recorte_bacia":"ponto_representativo_grade_2022; area_pct_geometrica"},"geometry":{"type":"Polygon","coordinates":[[[-51.331640228713525,-29.237396690305],[-51.33165922149584,-29.235532568373213],[-51.329668043345464,-29.235514780682543],[-51.329649036174025,-29.237378902614214],[-51.331640228713525,-29.237396690305]]]}},{"type":"Feature","properties":{"id_grade":"200ME52682N80906","pop":55,"dom":18,"universo_dom":"domicilios_ocupados_grade_ibge_2022","na_bacia":0,"area_pct_bacia":0.0,"metodo_recorte_bacia":"ponto_representativo_grade_2022; area_pct_geometrica"},"geometry":{"type":"Polygon","coordinates":[[[-51.329649036174025,-29.237378902614214],[-51.329668043345464,-29.235514780682543],[-51.327676865195144,-29.235496980401276],[-51.32765784453386,-29.237361101433567],[-51.329649036174025,-29.237378902614214]]]}},{"type":"Feature","properties":{"id_grade":"200ME52684N80906","pop":98,"dom":34,"universo_dom":"domicilios_ocupados_grade_ibge_2022","na_bacia":0,"area_pct_bacia":0.0,"metodo_recorte_bacia":"ponto_representativo_grade_2022; area_pct_geometrica"},"geometry":{"type":"Polygon","coordinates":[[[-51.32765784453386,-29.237361101433567],[-51.327676865195144,-29.235496980401276],[-51.32568568794408,-29.23547916663019],[-51.32566665289369,-29.237343287662593],[-51.32765784453386,-29.237361101433567]]]}},{"type":"Feature","properties":{"id_grade":"200ME52686N80906","pop":56,"dom":24,"universo_dom":"domicilios_ocupados_grade_ibge_2022","na_bacia":0,"area_pct_bacia":0.0,"metodo_recorte_bacia":"ponto_representativo_grade_2022; area_pct_geometrica"},"geometry":{"type":"Polygon","coordinates":[[[-51.32566665289369,-29.237343287662593],[-51.32568568794408,-29.23547916663019],[-51.32369451069309,-29.235461339369298],[-51.323675461253515,-29.237325460401628],[-51.32566665289369,-29.237343287662593]]]}},{"type":"Feature","properties":{"id_grade":"200ME52680N80908","pop":130,"dom":45,"universo_dom":"domicilios_ocupados_grade_ibge_2022","na_bacia":0,"area_pct_bacia":0.0,"metodo_recorte_bacia":"ponto_representativo_grade_2022; area_pct_geometrica"},"geometry":{"type":"Polygon","coordinates":[[[-51.33165922149584,-29.235532568373213],[-51.3316782142781,-29.233668465327312],[-51.32968704961763,-29.233650678535916],[-51.329668043345464,-29.235514780682543],[-51.33165922149584,-29.235532568373213]]]}},{"type":"Feature","properties":{"id_grade":"200ME52682N80908","pop":202,"dom":78,"universo_dom":"domicilios_ocupados_grade_ibge_2022","na_bacia":0,"area_pct_bacia":0.0,"metodo_recorte_bacia":"ponto_representativo_grade_2022; area_pct_geometrica"},"geometry":{"type":"Polygon","coordinates":[[[-51.329668043345464,-29.235514780682543],[-51.32968704961763,-29.233650678535916],[-51.32769588585643,-29.23363287825473],[-51.327676865195144,-29.235496980401276],[-51.329668043345464,-29.235514780682543]]]}},{"type":"Feature","properties":{"id_grade":"200ME52684N80908","pop":158,"dom":55,"universo_dom":"domicilios_ocupados_grade_ibge_2022","na_bacia":0,"area_pct_bacia":0.0,"metodo_recorte_bacia":"ponto_representativo_grade_2022; area_pct_geometrica"},"geometry":{"type":"Polygon","coordinates":[[[-51.327676865195144,-29.235496980401276],[-51.32769588585643,-29.23363287825473],[-51.32570472299455,-29.233615065382907],[-51.32568568794408,-29.23547916663019],[-51.327676865195144,-29.235496980401276]]]}},{"type":"Feature","properties":{"id_grade":"200ME52686N80908","pop":192,"dom":63,"universo_dom":"domicilios_ocupados_grade_ibge_2022","na_bacia":0,"area_pct_bacia":0.0,"metodo_recorte_bacia":"ponto_representativo_grade_2022; area_pct_geometrica"},"geometry":{"type":"Polygon","coordinates":[[[-51.32568568794408,-29.23547916663019],[-51.32570472299455,-29.233615065382907],[-51.32371355923334,-29.233597238122034],[-51.32369451069309,-29.235461339369298],[-51.32568568794408,-29.23547916663019]]]}},{"type":"Feature","properties":{"id_grade":"200ME52680N80910","pop":32,"dom":9,"universo_dom":"domicilios_ocupados_grade_ibge_2022","na_bacia":0,"area_pct_bacia":0.0,"metodo_recorte_bacia":"ponto_representativo_grade_2022; area_pct_geometrica"},"geometry":{"type":"Polygon","coordinates":[[[-51.3316782142781,-29.233668465327312],[-51.331697206161095,-29.23180438386516],[-51.329706055889744,-29.231786597073775],[-51.32968704961763,-29.233650678535916],[-51.3316782142781,-29.233668465327312]]]}},{"type":"Feature","properties":{"id_grade":"200ME52682N80910","pop":201,"dom":70,"universo_dom":"domicilios_ocupados_grade_ibge_2022","na_bacia":0,"area_pct_bacia":0.0,"metodo_recorte_bacia":"ponto_representativo_grade_2022; area_pct_geometrica"},"geometry":{"type":"Polygon","coordinates":[[[-51.32968704961763,-29.233650678535916],[-51.329706055889744,-29.231786597073775],[-51.327714906517656,-29.23176879679249],[-51.32769588585643,-29.23363287825473],[-51.32968704961763,-29.233650678535916]]]}},{"type":"Feature","properties":{"id_grade":"200ME52684N80910","pop":161,"dom":55,"universo_dom":"domicilios_ocupados_grade_ibge_2022","na_bacia":0,"area_pct_bacia":0.0,"metodo_recorte_bacia":"ponto_representativo_grade_2022; area_pct_geometrica"},"geometry":{"type":"Polygon","coordinates":[[[-51.32769588585643,-29.23363287825473],[-51.327714906517656,-29.23176879679249],[-51.325723757145624,-29.231750983920804],[-51.32570472299455,-29.233615065382907],[-51.32769588585643,-29.23363287825473]]]}},{"type":"Feature","properties":{"id_grade":"200ME52686N80910","pop":114,"dom":44,"universo_dom":"domicilios_ocupados_grade_ibge_2022","na_bacia":0,"area_pct_bacia":0.0,"metodo_recorte_bacia":"ponto_representativo_grade_2022; area_pct_geometrica"},"geometry":{"type":"Polygon","coordinates":[[[-51.32570472299455,-29.233615065382907],[-51.325723757145624,-29.231750983920804],[-51.32373260867291,-29.231733157559095],[-51.32371355923334,-29.233597238122034],[-51.32570472299455,-29.233615065382907]]]}},{"type":"Feature","properties":{"id_grade":"200ME52688N80910","pop":198,"dom":56,"universo_dom":"domicilios_ocupados_grade_ibge_2022","na_bacia":0,"area_pct_bacia":0.0,"metodo_recorte_bacia":"ponto_representativo_grade_2022; area_pct_geometrica"},"geometry":{"type":"Polygon","coordinates":[[[-51.32371355923334,-29.233597238122034],[-51.32373260867291,-29.231733157559095],[-51.32174145930088,-29.231715317707636],[-51.321722396371456,-29.233579398270525],[-51.32371355923334,-29.233597238122034]]]}},{"type":"Feature","properties":{"id_grade":"200ME52680N80912","pop":1,"dom":1,"universo_dom":"domicilios_ocupados_grade_ibge_2022","na_bacia":1,"area_pct_bacia":65.9856,"metodo_recorte_bacia":"ponto_representativo_grade_2022; area_pct_geometrica"},"geometry":{"type":"Polygon","coordinates":[[[-51.331697206161095,-29.23180438386516],[-51.331716198044035,-29.229940321288794],[-51.329725062161856,-29.229922534497337],[-51.329706055889744,-29.231786597073775],[-51.331697206161095,-29.23180438386516]]]}},{"type":"Feature","properties":{"id_grade":"200ME52682N80912","pop":5,"dom":2,"universo_dom":"domicilios_ocupados_grade_ibge_2022","na_bacia":0,"area_pct_bacia":29.7643,"metodo_recorte_bacia":"ponto_representativo_grade_2022; area_pct_geometrica"},"geometry":{"type":"Polygon","coordinates":[[[-51.329706055889744,-29.231786597073775],[-51.329725062161856,-29.229922534497337],[-51.32773392717895,-29.229904735115365],[-51.327714906517656,-29.23176879679249],[-51.329706055889744,-29.231786597073775]]]}},{"type":"Feature","properties":{"id_grade":"200ME52684N80912","pop":10,"dom":3,"universo_dom":"domicilios_ocupados_grade_ibge_2022","na_bacia":0,"area_pct_bacia":24.315,"metodo_recorte_bacia":"ponto_representativo_grade_2022; area_pct_geometrica"},"geometry":{"type":"Polygon","coordinates":[[[-51.327714906517656,-29.23176879679249],[-51.32773392717895,-29.229904735115365],[-51.32574279219608,-29.229886922243587],[-51.325723757145624,-29.231750983920804],[-51.327714906517656,-29.23176879679249]]]}},{"type":"Feature","properties":{"id_grade":"200ME52686N80912","pop":46,"dom":16,"universo_dom":"domicilios_ocupados_grade_ibge_2022","na_bacia":1,"area_pct_bacia":72.0591,"metodo_recorte_bacia":"ponto_representativo_grade_2022; area_pct_geometrica"},"geometry":{"type":"Polygon","coordinates":[[[-51.325723757145624,-29.231750983920804],[-51.32574279219608,-29.229886922243587],[-51.323751657213165,-29.229869096781325],[-51.32373260867291,-29.231733157559095],[-51.325723757145624,-29.231750983920804]]]}},{"type":"Feature","properties":{"id_grade":"200ME52688N80912","pop":333,"dom":113,"universo_dom":"domicilios_ocupados_grade_ibge_2022","na_bacia":1,"area_pct_bacia":91.541,"metodo_recorte_bacia":"ponto_representativo_grade_2022; area_pct_geometrica"},"geometry":{"type":"Polygon","coordinates":[[[-51.32373260867291,-29.231733157559095],[-51.323751657213165,-29.229869096781325],[-51.32176052223025,-29.229851256929923],[-51.32174145930088,-29.231715317707636],[-51.32373260867291,-29.231733157559095]]]}},{"type":"Feature","properties":{"id_grade":"200ME52684N80914","pop":1,"dom":1,"universo_dom":"domicilios_ocupados_grade_ibge_2022","na_bacia":1,"area_pct_bacia":100.0,"metodo_recorte_bacia":"ponto_representativo_grade_2022; area_pct_geometrica"},"geometry":{"type":"Polygon","coordinates":[[[-51.32773392717895,-29.229904735115365],[-51.327752946940905,-29.22804069412271],[-51.325761826347154,-29.22802288125094],[-51.32574279219608,-29.229886922243587],[-51.32773392717895,-29.229904735115365]]]}},{"type":"Feature","properties":{"id_grade":"200ME52686N80914","pop":36,"dom":12,"universo_dom":"domicilios_ocupados_grade_ibge_2022","na_bacia":1,"area_pct_bacia":100.0,"metodo_recorte_bacia":"ponto_representativo_grade_2022; area_pct_geometrica"},"geometry":{"type":"Polygon","coordinates":[[[-51.32574279219608,-29.229886922243587],[-51.325761826347154,-29.22802288125094],[-51.323770705753425,-29.228005055788614],[-51.323751657213165,-29.229869096781325],[-51.32574279219608,-29.229886922243587]]]}},{"type":"Feature","properties":{"id_grade":"200ME52688N80914","pop":269,"dom":87,"universo_dom":"domicilios_ocupados_grade_ibge_2022","na_bacia":1,"area_pct_bacia":100.0,"metodo_recorte_bacia":"ponto_representativo_grade_2022; area_pct_geometrica"},"geometry":{"type":"Polygon","coordinates":[[[-51.323751657213165,-29.229869096781325],[-51.323770705753425,-29.228005055788614],[-51.32177958515967,-29.22798721683652],[-51.32176052223025,-29.229851256929923],[-51.323751657213165,-29.229869096781325]]]}},{"type":"Feature","properties":{"id_grade":"200ME52686N80916","pop":170,"dom":60,"universo_dom":"domicilios_ocupados_grade_ibge_2022","na_bacia":1,"area_pct_bacia":100.0,"metodo_recorte_bacia":"ponto_representativo_grade_2022; area_pct_geometrica"},"geometry":{"type":"Polygon","coordinates":[[[-51.325761826347154,-29.22802288125094],[-51.32578085959893,-29.226158860043373],[-51.32378975339436,-29.226141034581048],[-51.323770705753425,-29.228005055788614],[-51.325761826347154,-29.22802288125094]]]}},{"type":"Feature","properties":{"id_grade":"200ME52688N80916","pop":232,"dom":72,"universo_dom":"domicilios_ocupados_grade_ibge_2022","na_bacia":1,"area_pct_bacia":100.0,"metodo_recorte_bacia":"ponto_representativo_grade_2022; area_pct_geometrica"},"geometry":{"type":"Polygon","coordinates":[[[-51.323770705753425,-29.228005055788614],[-51.32378975339436,-29.226141034581048],[-51.32179864718978,-29.226123195629004],[-51.32177958515967,-29.22798721683652],[-51.323770705753425,-29.228005055788614]]]}},{"type":"Feature","properties":{"id_grade":"200ME52686N80918","pop":196,"dom":59,"universo_dom":"domicilios_ocupados_grade_ibge_2022","na_bacia":1,"area_pct_bacia":100.0,"metodo_recorte_bacia":"ponto_representativo_grade_2022; area_pct_geometrica"},"geometry":{"type":"Polygon","coordinates":[[[-51.32578085959893,-29.226158860043373],[-51.32579989375006,-29.224294858620745],[-51.323808801035284,-29.224277033158497],[-51.32378975339436,-29.226141034581048],[-51.32578085959893,-29.226158860043373]]]}},{"type":"Feature","properties":{"id_grade":"200ME52688N80918","pop":356,"dom":125,"universo_dom":"domicilios_ocupados_grade_ibge_2022","na_bacia":1,"area_pct_bacia":100.0,"metodo_recorte_bacia":"ponto_representativo_grade_2022; area_pct_geometrica"},"geometry":{"type":"Polygon","coordinates":[[[-51.32378975339436,-29.226141034581048],[-51.323808801035284,-29.224277033158497],[-51.32181770921989,-29.224259195105674],[-51.32179864718978,-29.226123195629004],[-51.32378975339436,-29.226141034581048]]]}},{"type":"Feature","properties":{"id_grade":"200ME52686N80920","pop":12,"dom":5,"universo_dom":"domicilios_ocupados_grade_ibge_2022","na_bacia":1,"area_pct_bacia":100.0,"metodo_recorte_bacia":"ponto_representativo_grade_2022; area_pct_geometrica"},"geometry":{"type":"Polygon","coordinates":[[[-51.32579989375006,-29.224294858620745],[-51.32581892700181,-29.222430876983367],[-51.323827848676224,-29.222413052420414],[-51.323808801035284,-29.224277033158497],[-51.32579989375006,-29.224294858620745]]]}},{"type":"Feature","properties":{"id_grade":"200ME52688N80920","pop":219,"dom":74,"universo_dom":"domicilios_ocupados_grade_ibge_2022","na_bacia":1,"area_pct_bacia":100.0,"metodo_recorte_bacia":"ponto_representativo_grade_2022; area_pct_geometrica"},"geometry":{"type":"Polygon","coordinates":[[[-51.323808801035284,-29.224277033158497],[-51.323827848676224,-29.222413052420414],[-51.32183677035062,-29.222395214367623],[-51.32181770921989,-29.224259195105674],[-51.323808801035284,-29.224277033158497]]]}},{"type":"Feature","properties":{"id_grade":"200ME52686N80922","pop":3,"dom":1,"universo_dom":"domicilios_ocupados_grade_ibge_2022","na_bacia":1,"area_pct_bacia":100.0,"metodo_recorte_bacia":"ponto_representativo_grade_2022; area_pct_geometrica"},"geometry":{"type":"Polygon","coordinates":[[[-51.32581892700181,-29.222430876983367],[-51.32583796025364,-29.22056691513094],[-51.32384689631715,-29.220549090568042],[-51.323827848676224,-29.222413052420414],[-51.32581892700181,-29.222430876983367]]]}},{"type":"Feature","properties":{"id_grade":"200ME52688N80922","pop":62,"dom":20,"universo_dom":"domicilios_ocupados_grade_ibge_2022","na_bacia":1,"area_pct_bacia":100.0,"metodo_recorte_bacia":"ponto_representativo_grade_2022; area_pct_geometrica"},"geometry":{"type":"Polygon","coordinates":[[[-51.323827848676224,-29.222413052420414],[-51.32384689631715,-29.220549090568042],[-51.32185583238072,-29.22053125341454],[-51.32183677035062,-29.222395214367623],[-51.323827848676224,-29.222413052420414]]]}},{"type":"Feature","properties":{"id_grade":"200ME52680N80924","pop":60,"dom":29,"universo_dom":"domicilios_ocupados_grade_ibge_2022","na_bacia":1,"area_pct_bacia":100.0,"metodo_recorte_bacia":"ponto_representativo_grade_2022; area_pct_geometrica"},"geometry":{"type":"Polygon","coordinates":[[[-51.33181115386162,-29.220620309679557],[-51.33183014394592,-29.218756366712935],[-51.32983909349934,-29.21873858261945],[-51.32982008902587,-29.22060252468671],[-51.33181115386162,-29.220620309679557]]]}},{"type":"Feature","properties":{"id_grade":"200ME52682N80924","pop":83,"dom":33,"universo_dom":"domicilios_ocupados_grade_ibge_2022","na_bacia":1,"area_pct_bacia":100.0,"metodo_recorte_bacia":"ponto_representativo_grade_2022; area_pct_geometrica"},"geometry":{"type":"Polygon","coordinates":[[[-51.32982008902587,-29.22060252468671],[-51.32983909349934,-29.21873858261945],[-51.32784804305271,-29.21872078503617],[-51.327829024190066,-29.220584727103407],[-51.32982008902587,-29.22060252468671]]]}},{"type":"Feature","properties":{"id_grade":"200ME52684N80924","pop":27,"dom":11,"universo_dom":"domicilios_ocupados_grade_ibge_2022","na_bacia":1,"area_pct_bacia":100.0,"metodo_recorte_bacia":"ponto_representativo_grade_2022; area_pct_geometrica"},"geometry":{"type":"Polygon","coordinates":[[[-51.327829024190066,-29.220584727103407],[-51.32784804305271,-29.21872078503617],[-51.32585699260608,-29.21870297396306],[-51.32583796025364,-29.22056691513094],[-51.327829024190066,-29.220584727103407]]]}},{"type":"Feature","properties":{"id_grade":"200ME52680N80926","pop":79,"dom":30,"universo_dom":"domicilios_ocupados_grade_ibge_2022","na_bacia":1,"area_pct_bacia":100.0,"metodo_recorte_bacia":"ponto_representativo_grade_2022; area_pct_geometrica"},"geometry":{"type":"Polygon","coordinates":[[[-51.33183014394592,-29.218756366712935],[-51.33184913403028,-29.21689244443076],[-51.32985809707349,-29.216874660337247],[-51.32983909349934,-29.21873858261945],[-51.33183014394592,-29.218756366712935]]]}},{"type":"Feature","properties":{"id_grade":"200ME52682N80926","pop":188,"dom":77,"universo_dom":"domicilios_ocupados_grade_ibge_2022","na_bacia":1,"area_pct_bacia":100.0,"metodo_recorte_bacia":"ponto_representativo_grade_2022; area_pct_geometrica"},"geometry":{"type":"Polygon","coordinates":[[[-51.32983909349934,-29.21873858261945],[-51.32985809707349,-29.216874660337247],[-51.327867061016036,-29.21685686275396],[-51.32784804305271,-29.21872078503617],[-51.32983909349934,-29.21873858261945]]]}},{"type":"Feature","properties":{"id_grade":"200ME52684N80926","pop":61,"dom":27,"universo_dom":"domicilios_ocupados_grade_ibge_2022","na_bacia":1,"area_pct_bacia":100.0,"metodo_recorte_bacia":"ponto_representativo_grade_2022; area_pct_geometrica"},"geometry":{"type":"Polygon","coordinates":[[[-51.32784804305271,-29.21872078503617],[-51.327867061016036,-29.21685686275396],[-51.32587602495852,-29.216839052580116],[-51.32585699260608,-29.21870297396306],[-51.32784804305271,-29.21872078503617]]]}},{"type":"Feature","properties":{"id_grade":"200ME52686N80926","pop":94,"dom":32,"universo_dom":"domicilios_ocupados_grade_ibge_2022","na_bacia":1,"area_pct_bacia":100.0,"metodo_recorte_bacia":"ponto_representativo_grade_2022; area_pct_geometrica"},"geometry":{"type":"Polygon","coordinates":[[[-51.32585699260608,-29.21870297396306],[-51.32587602495852,-29.216839052580116],[-51.323884989800376,-29.216821228916576],[-51.32386594305876,-29.21868514940006],[-51.32585699260608,-29.21870297396306]]]}},{"type":"Feature","properties":{"id_grade":"200ME52688N80926","pop":69,"dom":27,"universo_dom":"domicilios_ocupados_grade_ibge_2022","na_bacia":1,"area_pct_bacia":100.0,"metodo_recorte_bacia":"ponto_representativo_grade_2022; area_pct_geometrica"},"geometry":{"type":"Polygon","coordinates":[[[-51.32386594305876,-29.21868514940006],[-51.323884989800376,-29.216821228916576],[-51.321893954642235,-29.216803391763055],[-51.32187489351151,-29.218667312246616],[-51.32386594305876,-29.21868514940006]]]}},{"type":"Feature","properties":{"id_grade":"200ME52680N80928","pop":111,"dom":47,"universo_dom":"domicilios_ocupados_grade_ibge_2022","na_bacia":1,"area_pct_bacia":100.0,"metodo_recorte_bacia":"ponto_representativo_grade_2022; area_pct_geometrica"},"geometry":{"type":"Polygon","coordinates":[[[-51.33184913403028,-29.21689244443076],[-51.33186812321526,-29.215028541933627],[-51.32987710154697,-29.215010757840183],[-51.32985809707349,-29.216874660337247],[-51.33184913403028,-29.21689244443076]]]}},{"type":"Feature","properties":{"id_grade":"200ME52682N80928","pop":43,"dom":15,"universo_dom":"domicilios_ocupados_grade_ibge_2022","na_bacia":1,"area_pct_bacia":100.0,"metodo_recorte_bacia":"ponto_representativo_grade_2022; area_pct_geometrica"},"geometry":{"type":"Polygon","coordinates":[[[-51.32985809707349,-29.216874660337247],[-51.32987710154697,-29.215010757840183],[-51.327886078979304,-29.21499296115624],[-51.327867061016036,-29.21685686275396],[-51.32985809707349,-29.216874660337247]]]}},{"type":"Feature","properties":{"id_grade":"200ME52684N80928","pop":50,"dom":21,"universo_dom":"domicilios_ocupados_grade_ibge_2022","na_bacia":1,"area_pct_bacia":100.0,"metodo_recorte_bacia":"ponto_representativo_grade_2022; area_pct_geometrica"},"geometry":{"type":"Polygon","coordinates":[[[-51.327867061016036,-29.21685686275396],[-51.327886078979304,-29.21499296115624],[-51.325895057311016,-29.214975150982443],[-51.32587602495852,-29.216839052580116],[-51.327867061016036,-29.21685686275396]]]}},{"type":"Feature","properties":{"id_grade":"200ME52686N80928","pop":74,"dom":26,"universo_dom":"domicilios_ocupados_grade_ibge_2022","na_bacia":1,"area_pct_bacia":100.0,"metodo_recorte_bacia":"ponto_representativo_grade_2022; area_pct_geometrica"},"geometry":{"type":"Polygon","coordinates":[[[-51.32587602495852,-29.216839052580116],[-51.325895057311016,-29.214975150982443],[-51.32390403564267,-29.214957327318743],[-51.323884989800376,-29.216821228916576],[-51.32587602495852,-29.216839052580116]]]}},{"type":"Feature","properties":{"id_grade":"200ME52688N80928","pop":212,"dom":76,"universo_dom":"domicilios_ocupados_grade_ibge_2022","na_bacia":1,"area_pct_bacia":100.0,"metodo_recorte_bacia":"ponto_representativo_grade_2022; area_pct_geometrica"},"geometry":{"type":"Polygon","coordinates":[[[-51.323884989800376,-29.216821228916576],[-51.32390403564267,-29.214957327318743],[-51.3219130148737,-29.214939490165264],[-51.321893954642235,-29.216803391763055],[-51.323884989800376,-29.216821228916576]]]}},{"type":"Feature","properties":{"id_grade":"200ME52680N80930","pop":29,"dom":11,"universo_dom":"domicilios_ocupados_grade_ibge_2022","na_bacia":1,"area_pct_bacia":100.0,"metodo_recorte_bacia":"ponto_representativo_grade_2022; area_pct_geometrica"},"geometry":{"type":"Polygon","coordinates":[[[-51.33186812321526,-29.215028541933627],[-51.331887113299615,-29.21316465922158],[-51.32989610512113,-29.213146876027412],[-51.32987710154697,-29.215010757840183],[-51.33186812321526,-29.215028541933627]]]}},{"type":"Feature","properties":{"id_grade":"200ME52684N80930","pop":4,"dom":1,"universo_dom":"domicilios_ocupados_grade_ibge_2022","na_bacia":1,"area_pct_bacia":100.0,"metodo_recorte_bacia":"ponto_representativo_grade_2022; area_pct_geometrica"},"geometry":{"type":"Polygon","coordinates":[[[-51.327886078979304,-29.21499296115624],[-51.32790509694263,-29.21312907934345],[-51.325914089663456,-29.213111269169726],[-51.325895057311016,-29.214975150982443],[-51.327886078979304,-29.21499296115624]]]}},{"type":"Feature","properties":{"id_grade":"200ME52686N80930","pop":51,"dom":22,"universo_dom":"domicilios_ocupados_grade_ibge_2022","na_bacia":1,"area_pct_bacia":100.0,"metodo_recorte_bacia":"ponto_representativo_grade_2022; area_pct_geometrica"},"geometry":{"type":"Polygon","coordinates":[[[-51.325895057311016,-29.214975150982443],[-51.325914089663456,-29.213111269169726],[-51.32392308238428,-29.213093445506114],[-51.32390403564267,-29.214957327318743],[-51.325895057311016,-29.214975150982443]]]}},{"type":"Feature","properties":{"id_grade":"200ME52688N80930","pop":121,"dom":47,"universo_dom":"domicilios_ocupados_grade_ibge_2022","na_bacia":1,"area_pct_bacia":100.0,"metodo_recorte_bacia":"ponto_representativo_grade_2022; area_pct_geometrica"},"geometry":{"type":"Polygon","coordinates":[[[-51.32390403564267,-29.214957327318743],[-51.32392308238428,-29.213093445506114],[-51.32193207510517,-29.213075609251934],[-51.3219130148737,-29.214939490165264],[-51.32390403564267,-29.214957327318743]]]}},{"type":"Feature","properties":{"id_grade":"200ME52686N80932","pop":62,"dom":23,"universo_dom":"domicilios_ocupados_grade_ibge_2022","na_bacia":1,"area_pct_bacia":100.0,"metodo_recorte_bacia":"ponto_representativo_grade_2022; area_pct_geometrica"},"geometry":{"type":"Polygon","coordinates":[[[-51.325914089663456,-29.213111269169726],[-51.32593312111658,-29.211247407142146],[-51.32394212822658,-29.211229584377726],[-51.32392308238428,-29.213093445506114],[-51.325914089663456,-29.213111269169726]]]}},{"type":"Feature","properties":{"id_grade":"200ME52688N80932","pop":197,"dom":69,"universo_dom":"domicilios_ocupados_grade_ibge_2022","na_bacia":1,"area_pct_bacia":100.0,"metodo_recorte_bacia":"ponto_representativo_grade_2022; area_pct_geometrica"},"geometry":{"type":"Polygon","coordinates":[[[-51.32392308238428,-29.213093445506114],[-51.32394212822658,-29.211229584377726],[-51.32195113533658,-29.211211748123617],[-51.32193207510517,-29.213075609251934],[-51.32392308238428,-29.213093445506114]]]}},{"type":"Feature","properties":{"id_grade":"200ME52680N80934","pop":2,"dom":1,"universo_dom":"domicilios_ocupados_grade_ibge_2022","na_bacia":1,"area_pct_bacia":100.0,"metodo_recorte_bacia":"ponto_representativo_grade_2022; area_pct_geometrica"},"geometry":{"type":"Polygon","coordinates":[[[-51.331906102484595,-29.21130079629473],[-51.331925091669575,-29.20943695405217],[-51.32993411137011,-29.209419170857927],[-51.32991510869528,-29.211283013100488],[-51.331906102484595,-29.21130079629473]]]}},{"type":"Feature","properties":{"id_grade":"200ME52688N80934","pop":120,"dom":44,"universo_dom":"domicilios_ocupados_grade_ibge_2022","na_bacia":1,"area_pct_bacia":100.0,"metodo_recorte_bacia":"ponto_representativo_grade_2022; area_pct_geometrica"},"geometry":{"type":"Polygon","coordinates":[[[-51.32394212822658,-29.211229584377726],[-51.32396117406886,-29.209365743034574],[-51.32197019466873,-29.209347906780454],[-51.32195113533658,-29.211211748123617],[-51.32394212822658,-29.211229584377726]]]}},{"type":"Feature","properties":{"id_grade":"200ME52680N80936","pop":3,"dom":1,"universo_dom":"domicilios_ocupados_grade_ibge_2022","na_bacia":1,"area_pct_bacia":100.0,"metodo_recorte_bacia":"ponto_representativo_grade_2022; area_pct_geometrica"},"geometry":{"type":"Polygon","coordinates":[[[-51.331925091669575,-29.20943695405217],[-51.331944079955285,-29.207573130695337],[-51.32995311404494,-29.20755534840062],[-51.32993411137011,-29.209419170857927],[-51.331925091669575,-29.20943695405217]]]}},{"type":"Feature","properties":{"id_grade":"200ME52684N80936","pop":15,"dom":4,"universo_dom":"domicilios_ocupados_grade_ibge_2022","na_bacia":1,"area_pct_bacia":100.0,"metodo_recorte_bacia":"ponto_representativo_grade_2022; area_pct_geometrica"},"geometry":{"type":"Polygon","coordinates":[[[-51.3279431319699,-29.209401375073316],[-51.32796214903391,-29.20753755261594],[-51.325971184022876,-29.20751974334143],[-51.325952152569755,-29.20938356579887],[-51.3279431319699,-29.209401375073316]]]}},{"type":"Feature","properties":{"id_grade":"200ME52688N80936","pop":47,"dom":17,"universo_dom":"domicilios_ocupados_grade_ibge_2022","na_bacia":1,"area_pct_bacia":100.0,"metodo_recorte_bacia":"ponto_representativo_grade_2022; area_pct_geometrica"},"geometry":{"type":"Polygon","coordinates":[[[-51.32396117406886,-29.209365743034574],[-51.323980219011844,-29.207501921476467],[-51.32198925490013,-29.20748408612158],[-51.32197019466873,-29.209347906780454],[-51.32396117406886,-29.209365743034574]]]}},{"type":"Feature","properties":{"id_grade":"200ME52680N80938","pop":5,"dom":2,"universo_dom":"domicilios_ocupados_grade_ibge_2022","na_bacia":1,"area_pct_bacia":100.0,"metodo_recorte_bacia":"ponto_representativo_grade_2022; area_pct_geometrica"},"geometry":{"type":"Polygon","coordinates":[[[-51.331944079955285,-29.207573130695337],[-51.33196306824095,-29.205709328023023],[-51.32997211671977,-29.20569154572823],[-51.32995311404494,-29.20755534840062],[-51.331944079955285,-29.207573130695337]]]}},{"type":"Feature","properties":{"id_grade":"200ME52682N80938","pop":5,"dom":2,"universo_dom":"domicilios_ocupados_grade_ibge_2022","na_bacia":1,"area_pct_bacia":100.0,"metodo_recorte_bacia":"ponto_representativo_grade_2022; area_pct_geometrica"},"geometry":{"type":"Polygon","coordinates":[[[-51.32995311404494,-29.20755534840062],[-51.32997211671977,-29.20569154572823],[-51.32798116609791,-29.205673750842962],[-51.32796214903391,-29.20753755261594],[-51.32995311404494,-29.20755534840062]]]}},{"type":"Feature","properties":{"id_grade":"200ME52684N80938","pop":21,"dom":7,"universo_dom":"domicilios_ocupados_grade_ibge_2022","na_bacia":1,"area_pct_bacia":100.0,"metodo_recorte_bacia":"ponto_representativo_grade_2022; area_pct_geometrica"},"geometry":{"type":"Polygon","coordinates":[[[-51.32796214903391,-29.20753755261594],[-51.32798116609791,-29.205673750842962],[-51.32599021457668,-29.20565594156845],[-51.325971184022876,-29.20751974334143],[-51.32796214903391,-29.20753755261594]]]}},{"type":"Feature","properties":{"id_grade":"200ME52686N80938","pop":3,"dom":1,"universo_dom":"domicilios_ocupados_grade_ibge_2022","na_bacia":1,"area_pct_bacia":100.0,"metodo_recorte_bacia":"ponto_representativo_grade_2022; area_pct_geometrica"},"geometry":{"type":"Polygon","coordinates":[[[-51.325971184022876,-29.20751974334143],[-51.32599021457668,-29.20565594156845],[-51.32399926395482,-29.205638119703373],[-51.323980219011844,-29.207501921476467],[-51.325971184022876,-29.20751974334143]]]}},{"type":"Feature","properties":{"id_grade":"200ME52688N80938","pop":1,"dom":1,"universo_dom":"domicilios_ocupados_grade_ibge_2022","na_bacia":1,"area_pct_bacia":100.0,"metodo_recorte_bacia":"ponto_representativo_grade_2022; area_pct_geometrica"},"geometry":{"type":"Polygon","coordinates":[[[-51.323980219011844,-29.207501921476467],[-51.32399926395482,-29.205638119703373],[-51.32200831333296,-29.20562028434856],[-51.32198925490013,-29.20748408612158],[-51.323980219011844,-29.207501921476467]]]}},{"type":"Feature","properties":{"id_grade":"200ME52682N80940","pop":15,"dom":5,"universo_dom":"domicilios_ocupados_grade_ibge_2022","na_bacia":1,"area_pct_bacia":100.0,"metodo_recorte_bacia":"ponto_representativo_grade_2022; area_pct_geometrica"},"geometry":{"type":"Polygon","coordinates":[[[-51.32997211671977,-29.20569154572823],[-51.329991119394606,-29.20382776284095],[-51.32800018226254,-29.20380996795565],[-51.32798116609791,-29.205673750842962],[-51.32997211671977,-29.20569154572823]]]}},{"type":"Feature","properties":{"id_grade":"200ME52682N80944","pop":55,"dom":14,"universo_dom":"domicilios_ocupados_grade_ibge_2022","na_bacia":1,"area_pct_bacia":100.0,"metodo_recorte_bacia":"ponto_representativo_grade_2022; area_pct_geometrica"},"geometry":{"type":"Polygon","coordinates":[[[-51.33001012117012,-29.201964000638135],[-51.33002912294563,-29.200100257320972],[-51.32803821459191,-29.200082463335008],[-51.32801919842723,-29.201946205752762],[-51.33001012117012,-29.201964000638135]]]}},{"type":"Feature","properties":{"id_grade":"200ME52680N80946","pop":2,"dom":1,"universo_dom":"domicilios_ocupados_grade_ibge_2022","na_bacia":1,"area_pct_bacia":100.0,"metodo_recorte_bacia":"ponto_representativo_grade_2022; area_pct_geometrica"},"geometry":{"type":"Polygon","coordinates":[[[-51.33202003219867,-29.20011803871644],[-51.33203901958507,-29.19825431608378],[-51.330048124721145,-29.198236534688302],[-51.33002912294563,-29.200100257320972],[-51.33202003219867,-29.20011803871644]]]}},{"type":"Feature","properties":{"id_grade":"200ME52688N80946","pop":12,"dom":4,"universo_dom":"domicilios_ocupados_grade_ibge_2022","na_bacia":1,"area_pct_bacia":100.0,"metodo_recorte_bacia":"ponto_representativo_grade_2022; area_pct_geometrica"},"geometry":{"type":"Polygon","coordinates":[[[-51.32405639788442,-29.200046834893485],[-51.32407544192807,-29.198183112260768],[-51.32208454796347,-29.198165278704632],[-51.3220654895307,-29.200029000437947],[-51.32405639788442,-29.200046834893485]]]}},{"type":"Feature","properties":{"id_grade":"200ME52684N80952","pop":2,"dom":1,"universo_dom":"domicilios_ocupados_grade_ibge_2022","na_bacia":1,"area_pct_bacia":100.0,"metodo_recorte_bacia":"ponto_representativo_grade_2022; area_pct_geometrica"},"geometry":{"type":"Polygon","coordinates":[[[-51.3280952603879,-29.194491355691422],[-51.32811427565326,-29.192627692414085],[-51.3261234239568,-29.192609885837463],[-51.32610439430232,-29.194473549114985],[-51.3280952603879,-29.194491355691422]]]}},{"type":"Feature","properties":{"id_grade":"200ME52684N80954","pop":1,"dom":1,"universo_dom":"domicilios_ocupados_grade_ibge_2022","na_bacia":1,"area_pct_bacia":100.0,"metodo_recorte_bacia":"ponto_representativo_grade_2022; area_pct_geometrica"},"geometry":{"type":"Polygon","coordinates":[[[-51.32811427565326,-29.192627692414085],[-51.32813329001926,-29.190764049821013],[-51.32614245181264,-29.190746244143817],[-51.3261234239568,-29.192609885837463],[-51.32811427565326,-29.192627692414085]]]}},{"type":"Feature","properties":{"id_grade":"200ME52686N80954","pop":7,"dom":3,"universo_dom":"domicilios_ocupados_grade_ibge_2022","na_bacia":1,"area_pct_bacia":100.0,"metodo_recorte_bacia":"ponto_representativo_grade_2022; area_pct_geometrica"},"geometry":{"type":"Polygon","coordinates":[[[-51.3261234239568,-29.192609885837463],[-51.32614245181264,-29.190746244143817],[-51.324151614505354,-29.190728424077477],[-51.32413257226034,-29.192592066670485],[-51.3261234239568,-29.192609885837463]]]}},{"type":"Feature","properties":{"id_grade":"200ME52686N80956","pop":4,"dom":1,"universo_dom":"domicilios_ocupados_grade_ibge_2022","na_bacia":1,"area_pct_bacia":100.0,"metodo_recorte_bacia":"ponto_representativo_grade_2022; area_pct_geometrica"},"geometry":{"type":"Polygon","coordinates":[[[-51.32614245181264,-29.190746244143817],[-51.326161480567805,-29.188882621335864],[-51.32417065764969,-29.188864802168773],[-51.324151614505354,-29.190728424077477],[-51.32614245181264,-29.190746244143817]]]}},{"type":"Feature","properties":{"id_grade":"200ME52690N80892","pop":3,"dom":2,"universo_dom":"domicilios_ocupados_grade_ibge_2022","na_bacia":0,"area_pct_bacia":0.0,"metodo_recorte_bacia":"ponto_representativo_grade_2022; area_pct_geometrica"},"geometry":{"type":"Polygon","coordinates":[[[-51.32155081741627,-29.25035702445699],[-51.32156988214433,-29.248492763130514],[-51.319578606867196,-29.248474907990566],[-51.31955952685064,-29.25033916751847],[-51.32155081741627,-29.25035702445699]]]}},{"type":"Feature","properties":{"id_grade":"200ME52692N80892","pop":2,"dom":1,"universo_dom":"domicilios_ocupados_grade_ibge_2022","na_bacia":0,"area_pct_bacia":0.0,"metodo_recorte_bacia":"ponto_representativo_grade_2022; area_pct_geometrica"},"geometry":{"type":"Polygon","coordinates":[[[-51.31955952685064,-29.25033916751847],[-51.319578606867196,-29.248474907990566],[-51.317587330690735,-29.24845703846155],[-51.31756823718433,-29.250321298888824],[-51.31955952685064,-29.25033916751847]]]}},{"type":"Feature","properties":{"id_grade":"200ME52698N80894","pop":3,"dom":1,"universo_dom":"domicilios_ocupados_grade_ibge_2022","na_bacia":0,"area_pct_bacia":0.0,"metodo_recorte_bacia":"ponto_representativo_grade_2022; area_pct_geometrica"},"geometry":{"type":"Polygon","coordinates":[[[-51.31360478013647,-29.24842126073245],[-51.313623901521794,-29.246557020989695],[-51.31163264153315,-29.246539112789776],[-51.31161350485934,-29.248403351633367],[-51.31360478013647,-29.24842126073245]]]}},{"type":"Feature","properties":{"id_grade":"200ME52698N80896","pop":5,"dom":2,"universo_dom":"domicilios_ocupados_grade_ibge_2022","na_bacia":0,"area_pct_bacia":0.0,"metodo_recorte_bacia":"ponto_representativo_grade_2022; area_pct_geometrica"},"geometry":{"type":"Polygon","coordinates":[[[-51.313623901521794,-29.246557020989695],[-51.313643023806435,-29.244692801931187],[-51.311651777307645,-29.244674893731375],[-51.31163264153315,-29.246539112789776],[-51.313623901521794,-29.246557020989695]]]}},{"type":"Feature","properties":{"id_grade":"200ME52698N80898","pop":5,"dom":2,"universo_dom":"domicilios_ocupados_grade_ibge_2022","na_bacia":0,"area_pct_bacia":0.0,"metodo_recorte_bacia":"ponto_representativo_grade_2022; area_pct_geometrica"},"geometry":{"type":"Polygon","coordinates":[[[-51.313643023806435,-29.244692801931187],[-51.31366214519181,-29.24282860265779],[-51.31167091218282,-29.24281069445797],[-51.311651777307645,-29.244674893731375],[-51.313643023806435,-29.244692801931187]]]}},{"type":"Feature","properties":{"id_grade":"200ME52698N80900","pop":1,"dom":1,"universo_dom":"domicilios_ocupados_grade_ibge_2022","na_bacia":0,"area_pct_bacia":0.0,"metodo_recorte_bacia":"ponto_representativo_grade_2022; area_pct_geometrica"},"geometry":{"type":"Polygon","coordinates":[[[-51.31366214519181,-29.24282860265779],[-51.313681265677815,-29.240964423169615],[-51.311690047957306,-29.24094651586896],[-51.31167091218282,-29.24281069445797],[-51.31366214519181,-29.24282860265779]]]}},{"type":"Feature","properties":{"id_grade":"200ME52690N80904","pop":10,"dom":4,"universo_dom":"domicilios_ocupados_grade_ibge_2022","na_bacia":0,"area_pct_bacia":0.0,"metodo_recorte_bacia":"ponto_representativo_grade_2022; area_pct_geometrica"},"geometry":{"type":"Polygon","coordinates":[[[-51.32166520578459,-29.23917176046827],[-51.32168426961329,-29.23730761965095],[-51.31969307887243,-29.23728976630961],[-51.319674000654565,-29.239153906227713],[-51.32166520578459,-29.23917176046827]]]}},{"type":"Feature","properties":{"id_grade":"200ME52694N80906","pop":4,"dom":2,"universo_dom":"domicilios_ocupados_grade_ibge_2022","na_bacia":0,"area_pct_bacia":0.0,"metodo_recorte_bacia":"ponto_representativo_grade_2022; area_pct_geometrica"},"geometry":{"type":"Polygon","coordinates":[[[-51.31770188813159,-29.23727189857919],[-51.317720979839294,-29.235407778446145],[-51.31572980348761,-29.235389899024625],[-51.31571069739073,-29.237254018258355],[-51.31770188813159,-29.23727189857919]]]}},{"type":"Feature","properties":{"id_grade":"200ME52696N80906","pop":2,"dom":2,"universo_dom":"domicilios_ocupados_grade_ibge_2022","na_bacia":0,"area_pct_bacia":0.0,"metodo_recorte_bacia":"ponto_representativo_grade_2022; area_pct_geometrica"},"geometry":{"type":"Polygon","coordinates":[[[-51.31571069739073,-29.237254018258355],[-51.31572980348761,-29.235389899024625],[-51.313738628035196,-29.23537200521379],[-51.313719507549195,-29.237236124447517],[-51.31571069739073,-29.237254018258355]]]}},{"type":"Feature","properties":{"id_grade":"200ME52698N80906","pop":2,"dom":1,"universo_dom":"domicilios_ocupados_grade_ibge_2022","na_bacia":0,"area_pct_bacia":0.0,"metodo_recorte_bacia":"ponto_representativo_grade_2022; area_pct_geometrica"},"geometry":{"type":"Polygon","coordinates":[[[-51.313719507549195,-29.237236124447517],[-51.313738628035196,-29.23537200521379],[-51.311747451683516,-29.23535409881262],[-51.31172831770766,-29.237218218046284],[-51.313719507549195,-29.237236124447517]]]}},{"type":"Feature","properties":{"id_grade":"200ME52690N80908","pop":5,"dom":2,"universo_dom":"domicilios_ocupados_grade_ibge_2022","na_bacia":0,"area_pct_bacia":0.0,"metodo_recorte_bacia":"ponto_representativo_grade_2022; area_pct_geometrica"},"geometry":{"type":"Polygon","coordinates":[[[-51.32170333344203,-29.2354434995178],[-51.321722396371456,-29.233579398270525],[-51.31973123350957,-29.233561544929316],[-51.31971215619103,-29.235425645277225],[-51.32170333344203,-29.2354434995178]]]}},{"type":"Feature","properties":{"id_grade":"200ME52690N80910","pop":317,"dom":100,"universo_dom":"domicilios_ocupados_grade_ibge_2022","na_bacia":0,"area_pct_bacia":0.0,"metodo_recorte_bacia":"ponto_representativo_grade_2022; area_pct_geometrica"},"geometry":{"type":"Polygon","coordinates":[[[-51.321722396371456,-29.233579398270525],[-51.32174145930088,-29.231715317707636],[-51.31975031082811,-29.231697465265757],[-51.31973123350957,-29.233561544929316],[-51.321722396371456,-29.233579398270525]]]}},{"type":"Feature","properties":{"id_grade":"200ME52692N80910","pop":166,"dom":60,"universo_dom":"domicilios_ocupados_grade_ibge_2022","na_bacia":0,"area_pct_bacia":0.0,"metodo_recorte_bacia":"ponto_representativo_grade_2022; area_pct_geometrica"},"geometry":{"type":"Polygon","coordinates":[[[-51.31973123350957,-29.233561544929316],[-51.31975031082811,-29.231697465265757],[-51.31775916325472,-29.231679598434642],[-51.31774007154701,-29.233543678997552],[-51.31973123350957,-29.233561544929316]]]}},{"type":"Feature","properties":{"id_grade":"200ME52694N80910","pop":211,"dom":67,"universo_dom":"domicilios_ocupados_grade_ibge_2022","na_bacia":0,"area_pct_bacia":0.0,"metodo_recorte_bacia":"ponto_representativo_grade_2022; area_pct_geometrica"},"geometry":{"type":"Polygon","coordinates":[[[-51.31774007154701,-29.233543678997552],[-51.31775916325472,-29.231679598434642],[-51.315768014782,-29.231661719013065],[-51.31574890958445,-29.233525798676656],[-51.31774007154701,-29.233543678997552]]]}},{"type":"Feature","properties":{"id_grade":"200ME52690N80912","pop":392,"dom":134,"universo_dom":"domicilios_ocupados_grade_ibge_2022","na_bacia":1,"area_pct_bacia":85.2437,"metodo_recorte_bacia":"ponto_representativo_grade_2022; area_pct_geometrica"},"geometry":{"type":"Polygon","coordinates":[[[-51.32174145930088,-29.231715317707636],[-51.32176052223025,-29.229851256929923],[-51.31976938814671,-29.229833404487966],[-51.31975031082811,-29.231697465265757],[-51.32174145930088,-29.231715317707636]]]}},{"type":"Feature","properties":{"id_grade":"200ME52692N80912","pop":45,"dom":16,"universo_dom":"domicilios_ocupados_grade_ibge_2022","na_bacia":0,"area_pct_bacia":29.8048,"metodo_recorte_bacia":"ponto_representativo_grade_2022; area_pct_geometrica"},"geometry":{"type":"Polygon","coordinates":[[[-51.31975031082811,-29.231697465265757],[-51.31976938814671,-29.229833404487966],[-51.317778254063114,-29.22981553855631],[-51.31775916325472,-29.231679598434642],[-51.31975031082811,-29.231697465265757]]]}},{"type":"Feature","properties":{"id_grade":"200ME52690N80914","pop":256,"dom":94,"universo_dom":"domicilios_ocupados_grade_ibge_2022","na_bacia":1,"area_pct_bacia":100.0,"metodo_recorte_bacia":"ponto_representativo_grade_2022; area_pct_geometrica"},"geometry":{"type":"Polygon","coordinates":[[[-51.32176052223025,-29.229851256929923],[-51.32177958515967,-29.22798721683652],[-51.319788464565924,-29.227969364394607],[-51.31976938814671,-29.229833404487966],[-51.32176052223025,-29.229851256929923]]]}},{"type":"Feature","properties":{"id_grade":"200ME52692N80914","pop":75,"dom":29,"universo_dom":"domicilios_ocupados_grade_ibge_2022","na_bacia":0,"area_pct_bacia":20.5735,"metodo_recorte_bacia":"ponto_representativo_grade_2022; area_pct_geometrica"},"geometry":{"type":"Polygon","coordinates":[[[-51.31976938814671,-29.229833404487966],[-51.319788464565924,-29.227969364394607],[-51.31779734487151,-29.227951498462854],[-51.317778254063114,-29.22981553855631],[-51.31976938814671,-29.229833404487966]]]}},{"type":"Feature","properties":{"id_grade":"200ME52694N80914","pop":9,"dom":3,"universo_dom":"domicilios_ocupados_grade_ibge_2022","na_bacia":0,"area_pct_bacia":0.0,"metodo_recorte_bacia":"ponto_representativo_grade_2022; area_pct_geometrica"},"geometry":{"type":"Polygon","coordinates":[[[-51.317778254063114,-29.22981553855631],[-51.31779734487151,-29.227951498462854],[-51.31580622517708,-29.227933619940572],[-51.31578711997957,-29.22979766003398],[-51.317778254063114,-29.22981553855631]]]}},{"type":"Feature","properties":{"id_grade":"200ME52690N80916","pop":142,"dom":54,"universo_dom":"domicilios_ocupados_grade_ibge_2022","na_bacia":1,"area_pct_bacia":99.9161,"metodo_recorte_bacia":"ponto_representativo_grade_2022; area_pct_geometrica"},"geometry":{"type":"Polygon","coordinates":[[[-51.32177958515967,-29.22798721683652],[-51.32179864718978,-29.226123195629004],[-51.31980754098522,-29.226105344086285],[-51.319788464565924,-29.227969364394607],[-51.32177958515967,-29.22798721683652]]]}},{"type":"Feature","properties":{"id_grade":"200ME52692N80916","pop":31,"dom":8,"universo_dom":"domicilios_ocupados_grade_ibge_2022","na_bacia":0,"area_pct_bacia":18.5563,"metodo_recorte_bacia":"ponto_representativo_grade_2022; area_pct_geometrica"},"geometry":{"type":"Polygon","coordinates":[[[-51.319788464565924,-29.227969364394607],[-51.31980754098522,-29.226105344086285],[-51.3178164356799,-29.22608747815454],[-51.31779734487151,-29.227951498462854],[-51.319788464565924,-29.227969364394607]]]}},{"type":"Feature","properties":{"id_grade":"200ME52696N80916","pop":137,"dom":57,"universo_dom":"domicilios_ocupados_grade_ibge_2022","na_bacia":0,"area_pct_bacia":0.0,"metodo_recorte_bacia":"ponto_representativo_grade_2022; area_pct_geometrica"},"geometry":{"type":"Polygon","coordinates":[[[-51.31580622517708,-29.227933619940572],[-51.31582533037465,-29.226069599632282],[-51.3138342250694,-29.22605170851951],[-51.31381510638204,-29.2279157279285],[-51.31580622517708,-29.227933619940572]]]}},{"type":"Feature","properties":{"id_grade":"200ME52698N80916","pop":275,"dom":94,"universo_dom":"domicilios_ocupados_grade_ibge_2022","na_bacia":0,"area_pct_bacia":0.0,"metodo_recorte_bacia":"ponto_representativo_grade_2022; area_pct_geometrica"},"geometry":{"type":"Polygon","coordinates":[[[-51.31381510638204,-29.2279157279285],[-51.3138342250694,-29.22605170851951],[-51.31184311976415,-29.226033803017543],[-51.31182398668761,-29.227897822426556],[-51.31381510638204,-29.2279157279285]]]}},{"type":"Feature","properties":{"id_grade":"200ME52690N80918","pop":384,"dom":140,"universo_dom":"domicilios_ocupados_grade_ibge_2022","na_bacia":1,"area_pct_bacia":100.0,"metodo_recorte_bacia":"ponto_representativo_grade_2022; area_pct_geometrica"},"geometry":{"type":"Polygon","coordinates":[[[-51.32179864718978,-29.226123195629004],[-51.32181770921989,-29.224259195105674],[-51.31982661740443,-29.22424134356306],[-51.31980754098522,-29.226105344086285],[-51.32179864718978,-29.226123195629004]]]}},{"type":"Feature","properties":{"id_grade":"200ME52692N80918","pop":972,"dom":393,"universo_dom":"domicilios_ocupados_grade_ibge_2022","na_bacia":1,"area_pct_bacia":100.0,"metodo_recorte_bacia":"ponto_representativo_grade_2022; area_pct_geometrica"},"geometry":{"type":"Polygon","coordinates":[[[-51.31980754098522,-29.226105344086285],[-51.31982661740443,-29.22424134356306],[-51.317835525588976,-29.22422347853071],[-51.3178164356799,-29.22608747815454],[-51.31980754098522,-29.226105344086285]]]}},{"type":"Feature","properties":{"id_grade":"200ME52694N80918","pop":869,"dom":389,"universo_dom":"domicilios_ocupados_grade_ibge_2022","na_bacia":1,"area_pct_bacia":91.3978,"metodo_recorte_bacia":"ponto_representativo_grade_2022; area_pct_geometrica"},"geometry":{"type":"Polygon","coordinates":[[[-51.3178164356799,-29.22608747815454],[-51.317835525588976,-29.22422347853071],[-51.3158444346729,-29.22420560000838],[-51.31582533037465,-29.226069599632282],[-51.3178164356799,-29.22608747815454]]]}},{"type":"Feature","properties":{"id_grade":"200ME52696N80918","pop":228,"dom":96,"universo_dom":"domicilios_ocupados_grade_ibge_2022","na_bacia":0,"area_pct_bacia":29.9709,"metodo_recorte_bacia":"ponto_representativo_grade_2022; area_pct_geometrica"},"geometry":{"type":"Polygon","coordinates":[[[-51.31582533037465,-29.226069599632282],[-51.3158444346729,-29.22420560000838],[-51.313853343756755,-29.22418770889562],[-51.3138342250694,-29.22605170851951],[-51.31582533037465,-29.226069599632282]]]}},{"type":"Feature","properties":{"id_grade":"200ME52698N80918","pop":289,"dom":115,"universo_dom":"domicilios_ocupados_grade_ibge_2022","na_bacia":0,"area_pct_bacia":0.0,"metodo_recorte_bacia":"ponto_representativo_grade_2022; area_pct_geometrica"},"geometry":{"type":"Polygon","coordinates":[[[-51.3138342250694,-29.22605170851951],[-51.313853343756755,-29.22418770889562],[-51.311862252840626,-29.22416980429301],[-51.31184311976415,-29.226033803017543],[-51.3138342250694,-29.22605170851951]]]}},{"type":"Feature","properties":{"id_grade":"200ME52690N80920","pop":86,"dom":32,"universo_dom":"domicilios_ocupados_grade_ibge_2022","na_bacia":1,"area_pct_bacia":100.0,"metodo_recorte_bacia":"ponto_representativo_grade_2022; area_pct_geometrica"},"geometry":{"type":"Polygon","coordinates":[[[-51.32181770921989,-29.224259195105674],[-51.32183677035062,-29.222395214367623],[-51.31984569292433,-29.22237736282497],[-51.31982661740443,-29.22424134356306],[-51.32181770921989,-29.224259195105674]]]}},{"type":"Feature","properties":{"id_grade":"200ME52692N80920","pop":176,"dom":64,"universo_dom":"domicilios_ocupados_grade_ibge_2022","na_bacia":1,"area_pct_bacia":100.0,"metodo_recorte_bacia":"ponto_representativo_grade_2022; area_pct_geometrica"},"geometry":{"type":"Polygon","coordinates":[[[-51.31982661740443,-29.22424134356306],[-51.31984569292433,-29.22237736282497],[-51.31785461549806,-29.22235949779252],[-51.317835525588976,-29.22422347853071],[-51.31982661740443,-29.22424134356306]]]}},{"type":"Feature","properties":{"id_grade":"200ME52694N80920","pop":169,"dom":67,"universo_dom":"domicilios_ocupados_grade_ibge_2022","na_bacia":1,"area_pct_bacia":100.0,"metodo_recorte_bacia":"ponto_representativo_grade_2022; area_pct_geometrica"},"geometry":{"type":"Polygon","coordinates":[[[-51.317835525588976,-29.22422347853071],[-51.31785461549806,-29.22235949779252],[-51.31586353897109,-29.22234162016955],[-51.3158444346729,-29.22420560000838],[-51.317835525588976,-29.22422347853071]]]}},{"type":"Feature","properties":{"id_grade":"200ME52696N80920","pop":216,"dom":85,"universo_dom":"domicilios_ocupados_grade_ibge_2022","na_bacia":1,"area_pct_bacia":88.6651,"metodo_recorte_bacia":"ponto_representativo_grade_2022; area_pct_geometrica"},"geometry":{"type":"Polygon","coordinates":[[[-51.3158444346729,-29.22420560000838],[-51.31586353897109,-29.22234162016955],[-51.313872461544804,-29.22232372905687],[-51.313853343756755,-29.22418770889562],[-51.3158444346729,-29.22420560000838]]]}},{"type":"Feature","properties":{"id_grade":"200ME52698N80920","pop":150,"dom":48,"universo_dom":"domicilios_ocupados_grade_ibge_2022","na_bacia":0,"area_pct_bacia":4.8327,"metodo_recorte_bacia":"ponto_representativo_grade_2022; area_pct_geometrica"},"geometry":{"type":"Polygon","coordinates":[[[-51.313853343756755,-29.22418770889562],[-51.313872461544804,-29.22232372905687],[-51.31188138501784,-29.222305824454192],[-51.311862252840626,-29.22416980429301],[-51.313853343756755,-29.22418770889562]]]}},{"type":"Feature","properties":{"id_grade":"200ME52690N80922","pop":25,"dom":10,"universo_dom":"domicilios_ocupados_grade_ibge_2022","na_bacia":1,"area_pct_bacia":100.0,"metodo_recorte_bacia":"ponto_representativo_grade_2022; area_pct_geometrica"},"geometry":{"type":"Polygon","coordinates":[[[-51.32183677035062,-29.222395214367623],[-51.32185583238072,-29.22053125341454],[-51.3198647684443,-29.22051340187188],[-51.31984569292433,-29.22237736282497],[-51.32183677035062,-29.222395214367623]]]}},{"type":"Feature","properties":{"id_grade":"200ME52692N80922","pop":120,"dom":51,"universo_dom":"domicilios_ocupados_grade_ibge_2022","na_bacia":1,"area_pct_bacia":100.0,"metodo_recorte_bacia":"ponto_representativo_grade_2022; area_pct_geometrica"},"geometry":{"type":"Polygon","coordinates":[[[-51.31984569292433,-29.22237736282497],[-51.3198647684443,-29.22051340187188],[-51.31787370540712,-29.220495537738852],[-51.31785461549806,-29.22235949779252],[-51.31984569292433,-29.22237736282497]]]}},{"type":"Feature","properties":{"id_grade":"200ME52694N80922","pop":56,"dom":19,"universo_dom":"domicilios_ocupados_grade_ibge_2022","na_bacia":1,"area_pct_bacia":100.0,"metodo_recorte_bacia":"ponto_representativo_grade_2022; area_pct_geometrica"},"geometry":{"type":"Polygon","coordinates":[[[-51.31785461549806,-29.22235949779252],[-51.31787370540712,-29.220495537738852],[-51.315882642370006,-29.220477660115936],[-51.31586353897109,-29.22234162016955],[-51.31785461549806,-29.22235949779252]]]}},{"type":"Feature","properties":{"id_grade":"200ME52696N80922","pop":90,"dom":35,"universo_dom":"domicilios_ocupados_grade_ibge_2022","na_bacia":1,"area_pct_bacia":100.0,"metodo_recorte_bacia":"ponto_representativo_grade_2022; area_pct_geometrica"},"geometry":{"type":"Polygon","coordinates":[[[-51.31586353897109,-29.22234162016955],[-51.315882642370006,-29.220477660115936],[-51.31389158023222,-29.22045976990235],[-51.313872461544804,-29.22232372905687],[-51.31586353897109,-29.22234162016955]]]}},{"type":"Feature","properties":{"id_grade":"200ME52698N80922","pop":47,"dom":17,"universo_dom":"domicilios_ocupados_grade_ibge_2022","na_bacia":1,"area_pct_bacia":77.8324,"metodo_recorte_bacia":"ponto_representativo_grade_2022; area_pct_geometrica"},"geometry":{"type":"Polygon","coordinates":[[[-51.313872461544804,-29.22232372905687],[-51.31389158023222,-29.22045976990235],[-51.31190051719506,-29.220441865299787],[-51.31188138501784,-29.222305824454192],[-51.313872461544804,-29.22232372905687]]]}},{"type":"Feature","properties":{"id_grade":"200ME52692N80924","pop":130,"dom":47,"universo_dom":"domicilios_ocupados_grade_ibge_2022","na_bacia":1,"area_pct_bacia":100.0,"metodo_recorte_bacia":"ponto_representativo_grade_2022; area_pct_geometrica"},"geometry":{"type":"Polygon","coordinates":[[[-51.3198647684443,-29.22051340187188],[-51.31988384396419,-29.21864946160333],[-51.3178927953162,-29.21863159747022],[-51.31787370540712,-29.220495537738852],[-51.3198647684443,-29.22051340187188]]]}},{"type":"Feature","properties":{"id_grade":"200ME52694N80924","pop":64,"dom":27,"universo_dom":"domicilios_ocupados_grade_ibge_2022","na_bacia":1,"area_pct_bacia":100.0,"metodo_recorte_bacia":"ponto_representativo_grade_2022; area_pct_geometrica"},"geometry":{"type":"Polygon","coordinates":[[[-51.31787370540712,-29.220495537738852],[-51.3178927953162,-29.21863159747022],[-51.31590174666826,-29.218613720746564],[-51.315882642370006,-29.220477660115936],[-51.31787370540712,-29.220495537738852]]]}},{"type":"Feature","properties":{"id_grade":"200ME52696N80924","pop":124,"dom":46,"universo_dom":"domicilios_ocupados_grade_ibge_2022","na_bacia":1,"area_pct_bacia":100.0,"metodo_recorte_bacia":"ponto_representativo_grade_2022; area_pct_geometrica"},"geometry":{"type":"Polygon","coordinates":[[[-51.315882642370006,-29.220477660115936],[-51.31590174666826,-29.218613720746564],[-51.31391069802027,-29.218595829633795],[-51.31389158023222,-29.22045976990235],[-51.315882642370006,-29.220477660115936]]]}},{"type":"Feature","properties":{"id_grade":"200ME52698N80924","pop":40,"dom":14,"universo_dom":"domicilios_ocupados_grade_ibge_2022","na_bacia":1,"area_pct_bacia":100.0,"metodo_recorte_bacia":"ponto_representativo_grade_2022; area_pct_geometrica"},"geometry":{"type":"Polygon","coordinates":[[[-51.31389158023222,-29.22045976990235],[-51.31391069802027,-29.218595829633795],[-51.31191964937228,-29.218577925930475],[-51.31190051719506,-29.220441865299787],[-51.31389158023222,-29.22045976990235]]]}},{"type":"Feature","properties":{"id_grade":"200ME52690N80926","pop":4,"dom":1,"universo_dom":"domicilios_ocupados_grade_ibge_2022","na_bacia":1,"area_pct_bacia":100.0,"metodo_recorte_bacia":"ponto_representativo_grade_2022; area_pct_geometrica"},"geometry":{"type":"Polygon","coordinates":[[[-51.32187489351151,-29.218667312246616],[-51.321893954642235,-29.216803391763055],[-51.31990291948409,-29.216785541119815],[-51.31988384396419,-29.21864946160333],[-51.32187489351151,-29.218667312246616]]]}},{"type":"Feature","properties":{"id_grade":"200ME52692N80926","pop":104,"dom":38,"universo_dom":"domicilios_ocupados_grade_ibge_2022","na_bacia":1,"area_pct_bacia":100.0,"metodo_recorte_bacia":"ponto_representativo_grade_2022; area_pct_geometrica"},"geometry":{"type":"Polygon","coordinates":[[[-51.31988384396419,-29.21864946160333],[-51.31990291948409,-29.216785541119815],[-51.31791188432595,-29.216767676986642],[-51.3178927953162,-29.21863159747022],[-51.31988384396419,-29.21864946160333]]]}},{"type":"Feature","properties":{"id_grade":"200ME52694N80926","pop":71,"dom":30,"universo_dom":"domicilios_ocupados_grade_ibge_2022","na_bacia":1,"area_pct_bacia":100.0,"metodo_recorte_bacia":"ponto_representativo_grade_2022; area_pct_geometrica"},"geometry":{"type":"Polygon","coordinates":[[[-51.3178927953162,-29.21863159747022],[-51.31791188432595,-29.216767676986642],[-51.31592085006713,-29.216749800263095],[-51.31590174666826,-29.218613720746564],[-51.3178927953162,-29.21863159747022]]]}},{"type":"Feature","properties":{"id_grade":"200ME52696N80926","pop":172,"dom":62,"universo_dom":"domicilios_ocupados_grade_ibge_2022","na_bacia":1,"area_pct_bacia":100.0,"metodo_recorte_bacia":"ponto_representativo_grade_2022; area_pct_geometrica"},"geometry":{"type":"Polygon","coordinates":[[[-51.31590174666826,-29.218613720746564],[-51.31592085006713,-29.216749800263095],[-51.31392981490899,-29.21673191004951],[-51.31391069802027,-29.218595829633795],[-51.31590174666826,-29.218613720746564]]]}},{"type":"Feature","properties":{"id_grade":"200ME52698N80926","pop":64,"dom":22,"universo_dom":"domicilios_ocupados_grade_ibge_2022","na_bacia":1,"area_pct_bacia":100.0,"metodo_recorte_bacia":"ponto_representativo_grade_2022; area_pct_geometrica"},"geometry":{"type":"Polygon","coordinates":[[[-51.31391069802027,-29.218595829633795],[-51.31392981490899,-29.21673191004951],[-51.311938781549486,-29.216714007245574],[-51.31191964937228,-29.218577925930475],[-51.31391069802027,-29.218595829633795]]]}},{"type":"Feature","properties":{"id_grade":"200ME52692N80928","pop":30,"dom":10,"universo_dom":"domicilios_ocupados_grade_ibge_2022","na_bacia":1,"area_pct_bacia":100.0,"metodo_recorte_bacia":"ponto_representativo_grade_2022; area_pct_geometrica"},"geometry":{"type":"Polygon","coordinates":[[[-51.31990291948409,-29.216785541119815],[-51.319921994104675,-29.214921640421238],[-51.3179309733357,-29.21490377718749],[-51.31791188432595,-29.216767676986642],[-51.31990291948409,-29.216785541119815]]]}},{"type":"Feature","properties":{"id_grade":"200ME52694N80928","pop":29,"dom":12,"universo_dom":"domicilios_ocupados_grade_ibge_2022","na_bacia":1,"area_pct_bacia":100.0,"metodo_recorte_bacia":"ponto_representativo_grade_2022; area_pct_geometrica"},"geometry":{"type":"Polygon","coordinates":[[[-51.31791188432595,-29.216767676986642],[-51.3179309733357,-29.21490377718749],[-51.315939952566744,-29.21488590046383],[-51.31592085006713,-29.216749800263095],[-51.31791188432595,-29.216767676986642]]]}},{"type":"Feature","properties":{"id_grade":"200ME52696N80928","pop":87,"dom":34,"universo_dom":"domicilios_ocupados_grade_ibge_2022","na_bacia":1,"area_pct_bacia":100.0,"metodo_recorte_bacia":"ponto_representativo_grade_2022; area_pct_geometrica"},"geometry":{"type":"Polygon","coordinates":[[[-51.31592085006713,-29.216749800263095],[-51.315939952566744,-29.21488590046383],[-51.31394893269702,-29.214868010250466],[-51.31392981490899,-29.21673191004951],[-51.31592085006713,-29.216749800263095]]]}},{"type":"Feature","properties":{"id_grade":"200ME52698N80928","pop":5,"dom":2,"universo_dom":"domicilios_ocupados_grade_ibge_2022","na_bacia":1,"area_pct_bacia":100.0,"metodo_recorte_bacia":"ponto_representativo_grade_2022; area_pct_geometrica"},"geometry":{"type":"Polygon","coordinates":[[[-51.31392981490899,-29.21673191004951],[-51.31394893269702,-29.214868010250466],[-51.31195791282739,-29.21485010744651],[-51.311938781549486,-29.216714007245574],[-51.31392981490899,-29.21673191004951]]]}},{"type":"Feature","properties":{"id_grade":"200ME52692N80930","pop":471,"dom":205,"universo_dom":"domicilios_ocupados_grade_ibge_2022","na_bacia":1,"area_pct_bacia":100.0,"metodo_recorte_bacia":"ponto_representativo_grade_2022; area_pct_geometrica"},"geometry":{"type":"Polygon","coordinates":[[[-51.319921994104675,-29.214921640421238],[-51.31994106872531,-29.213057759507976],[-51.31795006144614,-29.213039896274108],[-51.3179309733357,-29.21490377718749],[-51.319921994104675,-29.214921640421238]]]}},{"type":"Feature","properties":{"id_grade":"200ME52694N80930","pop":9,"dom":3,"universo_dom":"domicilios_ocupados_grade_ibge_2022","na_bacia":1,"area_pct_bacia":100.0,"metodo_recorte_bacia":"ponto_representativo_grade_2022; area_pct_geometrica"},"geometry":{"type":"Polygon","coordinates":[[[-51.3179309733357,-29.21490377718749],[-51.31795006144614,-29.213039896274108],[-51.315959055965614,-29.21302202044982],[-51.315939952566744,-29.21488590046383],[-51.3179309733357,-29.21490377718749]]]}},{"type":"Feature","properties":{"id_grade":"200ME52696N80930","pop":4,"dom":2,"universo_dom":"domicilios_ocupados_grade_ibge_2022","na_bacia":1,"area_pct_bacia":100.0,"metodo_recorte_bacia":"ponto_representativo_grade_2022; area_pct_geometrica"},"geometry":{"type":"Polygon","coordinates":[[[-51.315939952566744,-29.21488590046383],[-51.315959055965614,-29.21302202044982],[-51.31396804958575,-29.213004131135673],[-51.31394893269702,-29.214868010250466],[-51.315939952566744,-29.21488590046383]]]}},{"type":"Feature","properties":{"id_grade":"200ME52690N80932","pop":16,"dom":5,"universo_dom":"domicilios_ocupados_grade_ibge_2022","na_bacia":1,"area_pct_bacia":100.0,"metodo_recorte_bacia":"ponto_representativo_grade_2022; area_pct_geometrica"},"geometry":{"type":"Polygon","coordinates":[[[-51.32193207510517,-29.213075609251934],[-51.32195113533658,-29.211211748123617],[-51.319960142446575,-29.21119389837965],[-51.31994106872531,-29.213057759507976],[-51.32193207510517,-29.213075609251934]]]}},{"type":"Feature","properties":{"id_grade":"200ME52694N80932","pop":7,"dom":3,"universo_dom":"domicilios_ocupados_grade_ibge_2022","na_bacia":1,"area_pct_bacia":100.0,"metodo_recorte_bacia":"ponto_representativo_grade_2022; area_pct_geometrica"},"geometry":{"type":"Polygon","coordinates":[[[-51.31795006144614,-29.213039896274108],[-51.317969150455895,-29.21117603604521],[-51.315978158465214,-29.21115816022087],[-51.315959055965614,-29.21302202044982],[-51.31795006144614,-29.213039896274108]]]}},{"type":"Feature","properties":{"id_grade":"200ME52696N80932","pop":14,"dom":6,"universo_dom":"domicilios_ocupados_grade_ibge_2022","na_bacia":1,"area_pct_bacia":100.0,"metodo_recorte_bacia":"ponto_representativo_grade_2022; area_pct_geometrica"},"geometry":{"type":"Polygon","coordinates":[[[-51.315959055965614,-29.21302202044982],[-51.315978158465214,-29.21115816022087],[-51.31398716647453,-29.211140270906753],[-51.31396804958575,-29.213004131135673],[-51.315959055965614,-29.21302202044982]]]}},{"type":"Feature","properties":{"id_grade":"200ME52698N80932","pop":47,"dom":18,"universo_dom":"domicilios_ocupados_grade_ibge_2022","na_bacia":1,"area_pct_bacia":100.0,"metodo_recorte_bacia":"ponto_representativo_grade_2022; area_pct_geometrica"},"geometry":{"type":"Polygon","coordinates":[[[-51.31396804958575,-29.213004131135673],[-51.31398716647453,-29.211140270906753],[-51.311996174483845,-29.21112236810271],[-51.31197704410528,-29.21298622833173],[-51.31396804958575,-29.213004131135673]]]}},{"type":"Feature","properties":{"id_grade":"200ME52690N80934","pop":62,"dom":25,"universo_dom":"domicilios_ocupados_grade_ibge_2022","na_bacia":1,"area_pct_bacia":100.0,"metodo_recorte_bacia":"ponto_representativo_grade_2022; area_pct_geometrica"},"geometry":{"type":"Polygon","coordinates":[[[-51.32195113533658,-29.211211748123617],[-51.32197019466873,-29.209347906780454],[-51.31997921616784,-29.20933005793578],[-51.319960142446575,-29.21119389837965],[-51.32195113533658,-29.211211748123617]]]}},{"type":"Feature","properties":{"id_grade":"200ME52696N80934","pop":141,"dom":47,"universo_dom":"domicilios_ocupados_grade_ibge_2022","na_bacia":1,"area_pct_bacia":100.0,"metodo_recorte_bacia":"ponto_representativo_grade_2022; area_pct_geometrica"},"geometry":{"type":"Polygon","coordinates":[[[-51.315978158465214,-29.21115816022087],[-51.315997260065444,-29.209294319777047],[-51.314006282463936,-29.209276431362163],[-51.31398716647453,-29.211140270906753],[-51.315978158465214,-29.21115816022087]]]}},{"type":"Feature","properties":{"id_grade":"200ME52698N80934","pop":154,"dom":55,"universo_dom":"domicilios_ocupados_grade_ibge_2022","na_bacia":1,"area_pct_bacia":100.0,"metodo_recorte_bacia":"ponto_representativo_grade_2022; area_pct_geometrica"},"geometry":{"type":"Polygon","coordinates":[[[-51.31398716647453,-29.211140270906753],[-51.314006282463936,-29.209276431362163],[-51.31201530576169,-29.209258528558177],[-51.311996174483845,-29.21112236810271],[-51.31398716647453,-29.211140270906753]]]}},{"type":"Feature","properties":{"id_grade":"200ME52690N80936","pop":39,"dom":11,"universo_dom":"domicilios_ocupados_grade_ibge_2022","na_bacia":1,"area_pct_bacia":100.0,"metodo_recorte_bacia":"ponto_representativo_grade_2022; area_pct_geometrica"},"geometry":{"type":"Polygon","coordinates":[[[-51.32197019466873,-29.209347906780454],[-51.32198925490013,-29.20748408612158],[-51.3199982898891,-29.207466237276957],[-51.31997921616784,-29.20933005793578],[-51.32197019466873,-29.209347906780454]]]}},{"type":"Feature","properties":{"id_grade":"200ME52694N80936","pop":2,"dom":1,"universo_dom":"domicilios_ocupados_grade_ibge_2022","na_bacia":1,"area_pct_bacia":100.0,"metodo_recorte_bacia":"ponto_representativo_grade_2022; area_pct_geometrica"},"geometry":{"type":"Polygon","coordinates":[[[-51.31798823856633,-29.2093121956013],[-51.318007325777444,-29.20744837494248],[-51.31601636256505,-29.207430500017487],[-51.315997260065444,-29.209294319777047],[-51.31798823856633,-29.2093121956013]]]}},{"type":"Feature","properties":{"id_grade":"200ME52698N80936","pop":2,"dom":1,"universo_dom":"domicilios_ocupados_grade_ibge_2022","na_bacia":1,"area_pct_bacia":100.0,"metodo_recorte_bacia":"ponto_representativo_grade_2022; area_pct_geometrica"},"geometry":{"type":"Polygon","coordinates":[[[-51.314006282463936,-29.209276431362163],[-51.31402539935266,-29.207412611602706],[-51.31203443614026,-29.207394709698033],[-51.31201530576169,-29.209258528558177],[-51.314006282463936,-29.209276431362163]]]}},{"type":"Feature","properties":{"id_grade":"200ME52690N80940","pop":5,"dom":3,"universo_dom":"domicilios_ocupados_grade_ibge_2022","na_bacia":1,"area_pct_bacia":100.0,"metodo_recorte_bacia":"ponto_representativo_grade_2022; area_pct_geometrica"},"geometry":{"type":"Polygon","coordinates":[[[-51.32200831333296,-29.20562028434856],[-51.32202737266504,-29.20375650325997],[-51.32003643643235,-29.203738655314567],[-51.320017363610425,-29.205602436403314],[-51.32200831333296,-29.20562028434856]]]}},{"type":"Feature","properties":{"id_grade":"200ME52696N80940","pop":5,"dom":2,"universo_dom":"domicilios_ocupados_grade_ibge_2022","na_bacia":1,"area_pct_bacia":100.0,"metodo_recorte_bacia":"ponto_representativo_grade_2022; area_pct_geometrica"},"geometry":{"type":"Polygon","coordinates":[[[-51.31603546416528,-29.205566699143716],[-51.31605456576557,-29.20370291895453],[-51.314063630432145,-29.203685031438987],[-51.31404451444274,-29.205548810729056],[-51.31603546416528,-29.205566699143716]]]}},{"type":"Feature","properties":{"id_grade":"200ME52694N80942","pop":7,"dom":2,"universo_dom":"domicilios_ocupados_grade_ibge_2022","na_bacia":1,"area_pct_bacia":100.0,"metodo_recorte_bacia":"ponto_representativo_grade_2022; area_pct_geometrica"},"geometry":{"type":"Polygon","coordinates":[[[-51.31804550109893,-29.20372079387943],[-51.31806458831005,-29.20185703257599],[-51.31607366646648,-29.20183915855027],[-51.31605456576557,-29.20370291895453],[-51.31804550109893,-29.20372079387943]]]}},{"type":"Feature","properties":{"id_grade":"200ME52696N80942","pop":19,"dom":6,"universo_dom":"domicilios_ocupados_grade_ibge_2022","na_bacia":1,"area_pct_bacia":100.0,"metodo_recorte_bacia":"ponto_representativo_grade_2022; area_pct_geometrica"},"geometry":{"type":"Polygon","coordinates":[[[-51.31605456576557,-29.20370291895453],[-51.31607366646648,-29.20183915855027],[-51.31408274552223,-29.20182127103476],[-51.314063630432145,-29.203685031438987],[-51.31605456576557,-29.20370291895453]]]}},{"type":"Feature","properties":{"id_grade":"200ME52698N80942","pop":2,"dom":1,"universo_dom":"domicilios_ocupados_grade_ibge_2022","na_bacia":1,"area_pct_bacia":100.0,"metodo_recorte_bacia":"ponto_representativo_grade_2022; area_pct_geometrica"},"geometry":{"type":"Polygon","coordinates":[[[-51.314063630432145,-29.203685031438987],[-51.31408274552223,-29.20182127103476],[-51.312091825477296,-29.201803370029435],[-51.3120726959981,-29.20366712953432],[-51.314063630432145,-29.203685031438987]]]}},{"type":"Feature","properties":{"id_grade":"200ME52690N80946","pop":2,"dom":1,"universo_dom":"domicilios_ocupados_grade_ibge_2022","na_bacia":1,"area_pct_bacia":100.0,"metodo_recorte_bacia":"ponto_representativo_grade_2022; area_pct_geometrica"},"geometry":{"type":"Polygon","coordinates":[[[-51.3220654895307,-29.200029000437947],[-51.32208454796347,-29.198165278704632],[-51.32009365489818,-29.19814743165862],[-51.320074582076245,-29.200011152492657],[-51.3220654895307,-29.200029000437947]]]}},{"type":"Feature","properties":{"id_grade":"200ME52694N80950","pop":5,"dom":2,"universo_dom":"domicilios_ocupados_grade_ibge_2022","na_bacia":1,"area_pct_bacia":100.0,"metodo_recorte_bacia":"ponto_representativo_grade_2022; area_pct_geometrica"},"geometry":{"type":"Polygon","coordinates":[[[-51.31812184724544,-29.196265870073777],[-51.318140933557174,-29.19440218880994],[-51.316150069270236,-29.194384315683543],[-51.31613096856932,-29.196247996947488],[-51.31812184724544,-29.196265870073777]]]}},{"type":"Feature","properties":{"id_grade":"200ME52696N80950","pop":5,"dom":2,"universo_dom":"domicilios_ocupados_grade_ibge_2022","na_bacia":1,"area_pct_bacia":100.0,"metodo_recorte_bacia":"ponto_representativo_grade_2022; area_pct_geometrica"},"geometry":{"type":"Polygon","coordinates":[[[-51.31613096856932,-29.196247996947488],[-51.316150069270236,-29.194384315683543],[-51.314159204983305,-29.194366429966784],[-51.31414009079254,-29.19623011033122],[-51.31613096856932,-29.196247996947488]]]}},{"type":"Feature","properties":{"id_grade":"200ME52700N80902","pop":10,"dom":4,"universo_dom":"domicilios_ocupados_grade_ibge_2022","na_bacia":0,"area_pct_bacia":0.0,"metodo_recorte_bacia":"ponto_representativo_grade_2022; area_pct_geometrica"},"geometry":{"type":"Polygon","coordinates":[[[-51.311690047957306,-29.24094651586896],[-51.31170918283249,-29.239082357065076],[-51.30971797860178,-29.239064436274656],[-51.30969882933744,-29.240928595078547],[-51.311690047957306,-29.24094651586896]]]}},{"type":"Feature","properties":{"id_grade":"200ME52700N80906","pop":7,"dom":2,"universo_dom":"domicilios_ocupados_grade_ibge_2022","na_bacia":0,"area_pct_bacia":0.0,"metodo_recorte_bacia":"ponto_representativo_grade_2022; area_pct_geometrica"},"geometry":{"type":"Polygon","coordinates":[[[-51.31172831770766,-29.237218218046284],[-51.311747451683516,-29.23535409881262],[-51.3097562762311,-29.235336178921493],[-51.30973712786613,-29.23720029725584],[-51.31172831770766,-29.237218218046284]]]}},{"type":"Feature","properties":{"id_grade":"200ME52702N80906","pop":6,"dom":2,"universo_dom":"domicilios_ocupados_grade_ibge_2022","na_bacia":0,"area_pct_bacia":0.0,"metodo_recorte_bacia":"ponto_representativo_grade_2022; area_pct_geometrica"},"geometry":{"type":"Polygon","coordinates":[[[-51.30973712786613,-29.23720029725584],[-51.3097562762311,-29.235336178921493],[-51.30776510077874,-29.23531824554056],[-51.307745938024595,-29.23718236387496],[-51.30973712786613,-29.23720029725584]]]}},{"type":"Feature","properties":{"id_grade":"200ME52706N80906","pop":1,"dom":1,"universo_dom":"domicilios_ocupados_grade_ibge_2022","na_bacia":0,"area_pct_bacia":0.0,"metodo_recorte_bacia":"ponto_representativo_grade_2022; area_pct_geometrica"},"geometry":{"type":"Polygon","coordinates":[[[-51.30575474908238,-29.237164417004198],[-51.3057739262257,-29.235300299569108],[-51.30378275167261,-29.235282339208595],[-51.30376356014017,-29.23714645754298],[-51.30575474908238,-29.237164417004198]]]}},{"type":"Feature","properties":{"id_grade":"200ME52700N80908","pop":5,"dom":2,"universo_dom":"domicilios_ocupados_grade_ibge_2022","na_bacia":0,"area_pct_bacia":0.0,"metodo_recorte_bacia":"ponto_representativo_grade_2022; area_pct_geometrica"},"geometry":{"type":"Polygon","coordinates":[[[-51.311747451683516,-29.23535409881262],[-51.31176658565937,-29.233489999363872],[-51.309775424596126,-29.233472080372152],[-51.3097562762311,-29.235336178921493],[-51.311747451683516,-29.23535409881262]]]}},{"type":"Feature","properties":{"id_grade":"200ME52708N80908","pop":1,"dom":1,"universo_dom":"domicilios_ocupados_grade_ibge_2022","na_bacia":0,"area_pct_bacia":0.0,"metodo_recorte_bacia":"ponto_representativo_grade_2022; area_pct_geometrica"},"geometry":{"type":"Polygon","coordinates":[[[-51.30378275167261,-29.235282339208595],[-51.30380194230577,-29.233418241558624],[-51.30181078214184,-29.23340026950676],[-51.30179157711956,-29.235264366257546],[-51.30378275167261,-29.235282339208595]]]}},{"type":"Feature","properties":{"id_grade":"200ME52700N80910","pop":5,"dom":1,"universo_dom":"domicilios_ocupados_grade_ibge_2022","na_bacia":0,"area_pct_bacia":0.0,"metodo_recorte_bacia":"ponto_representativo_grade_2022; area_pct_geometrica"},"geometry":{"type":"Polygon","coordinates":[[[-51.31176658565937,-29.233489999363872],[-51.311785719635225,-29.23162592059978],[-51.30979457296115,-29.231608001607935],[-51.309775424596126,-29.233472080372152],[-51.31176658565937,-29.233489999363872]]]}},{"type":"Feature","properties":{"id_grade":"200ME52708N80910","pop":11,"dom":4,"universo_dom":"domicilios_ocupados_grade_ibge_2022","na_bacia":0,"area_pct_bacia":0.0,"metodo_recorte_bacia":"ponto_representativo_grade_2022; area_pct_geometrica"},"geometry":{"type":"Polygon","coordinates":[[[-51.30380194230577,-29.233418241558624],[-51.303821132938886,-29.231554163693648],[-51.301829987164126,-29.231536191641954],[-51.30181078214184,-29.23340026950676],[-51.30380194230577,-29.233418241558624]]]}},{"type":"Feature","properties":{"id_grade":"200ME52708N80912","pop":2,"dom":1,"universo_dom":"domicilios_ocupados_grade_ibge_2022","na_bacia":0,"area_pct_bacia":0.0,"metodo_recorte_bacia":"ponto_representativo_grade_2022; area_pct_geometrica"},"geometry":{"type":"Polygon","coordinates":[[[-51.303821132938886,-29.231554163693648],[-51.30384032357205,-29.22969010651313],[-51.3018491912871,-29.229672134461374],[-51.301829987164126,-29.231536191641954],[-51.303821132938886,-29.231554163693648]]]}},{"type":"Feature","properties":{"id_grade":"200ME52706N80914","pop":5,"dom":2,"universo_dom":"domicilios_ocupados_grade_ibge_2022","na_bacia":0,"area_pct_bacia":0.0,"metodo_recorte_bacia":"ponto_representativo_grade_2022; area_pct_geometrica"},"geometry":{"type":"Polygon","coordinates":[[[-51.305831455856946,-29.229708065075215],[-51.30585063120162,-29.22784402678032],[-51.30385951330584,-29.2278260682184],[-51.30384032357205,-29.22969010651313],[-51.305831455856946,-29.229708065075215]]]}},{"type":"Feature","properties":{"id_grade":"200ME52708N80914","pop":3,"dom":1,"universo_dom":"domicilios_ocupados_grade_ibge_2022","na_bacia":0,"area_pct_bacia":0.0,"metodo_recorte_bacia":"ponto_representativo_grade_2022; area_pct_geometrica"},"geometry":{"type":"Polygon","coordinates":[[[-51.30384032357205,-29.22969010651313],[-51.30385951330584,-29.2278260682184],[-51.301868395410054,-29.227808097065953],[-51.3018491912871,-29.229672134461374],[-51.30384032357205,-29.22969010651313]]]}},{"type":"Feature","properties":{"id_grade":"200ME52700N80916","pop":27,"dom":10,"universo_dom":"domicilios_ocupados_grade_ibge_2022","na_bacia":0,"area_pct_bacia":0.0,"metodo_recorte_bacia":"ponto_representativo_grade_2022; area_pct_geometrica"},"geometry":{"type":"Polygon","coordinates":[[[-51.31182398668761,-29.227897822426556],[-51.31184311976415,-29.226033803017543],[-51.30985201535817,-29.226015884925197],[-51.30983286789251,-29.227879903434722],[-51.31182398668761,-29.227897822426556]]]}},{"type":"Feature","properties":{"id_grade":"200ME52704N80916","pop":3,"dom":1,"universo_dom":"domicilios_ocupados_grade_ibge_2022","na_bacia":0,"area_pct_bacia":0.0,"metodo_recorte_bacia":"ponto_representativo_grade_2022; area_pct_geometrica"},"geometry":{"type":"Polygon","coordinates":[[[-51.30784174999672,-29.227861971852455],[-51.30786091095222,-29.22599795334283],[-51.305869806546305,-29.22598000827075],[-51.30585063120162,-29.22784402678032],[-51.30784174999672,-29.227861971852455]]]}},{"type":"Feature","properties":{"id_grade":"200ME52700N80918","pop":57,"dom":16,"universo_dom":"domicilios_ocupados_grade_ibge_2022","na_bacia":0,"area_pct_bacia":0.0,"metodo_recorte_bacia":"ponto_representativo_grade_2022; area_pct_geometrica"},"geometry":{"type":"Polygon","coordinates":[[[-51.31184311976415,-29.226033803017543],[-51.311862252840626,-29.22416980429301],[-51.30987116192455,-29.22415188620055],[-51.30985201535817,-29.226015884925197],[-51.31184311976415,-29.226033803017543]]]}},{"type":"Feature","properties":{"id_grade":"200ME52704N80918","pop":5,"dom":1,"universo_dom":"domicilios_ocupados_grade_ibge_2022","na_bacia":0,"area_pct_bacia":0.0,"metodo_recorte_bacia":"ponto_representativo_grade_2022; area_pct_geometrica"},"geometry":{"type":"Polygon","coordinates":[[[-51.30786091095222,-29.22599795334283],[-51.30788007190773,-29.224133954618242],[-51.30588898189097,-29.224116010445492],[-51.305869806546305,-29.22598000827075],[-51.30786091095222,-29.22599795334283]]]}},{"type":"Feature","properties":{"id_grade":"200ME52706N80918","pop":5,"dom":1,"universo_dom":"domicilios_ocupados_grade_ibge_2022","na_bacia":0,"area_pct_bacia":0.0,"metodo_recorte_bacia":"ponto_representativo_grade_2022; area_pct_geometrica"},"geometry":{"type":"Polygon","coordinates":[[[-51.305869806546305,-29.22598000827075],[-51.30588898189097,-29.224116010445492],[-51.303897892773485,-29.22409805278293],[-51.303878703039686,-29.225962050608153],[-51.305869806546305,-29.22598000827075]]]}},{"type":"Feature","properties":{"id_grade":"200ME52700N80920","pop":64,"dom":20,"universo_dom":"domicilios_ocupados_grade_ibge_2022","na_bacia":0,"area_pct_bacia":0.0,"metodo_recorte_bacia":"ponto_representativo_grade_2022; area_pct_geometrica"},"geometry":{"type":"Polygon","coordinates":[[[-51.311862252840626,-29.22416980429301],[-51.31188138501784,-29.222305824454192],[-51.3098903093902,-29.2222879072611],[-51.30987116192455,-29.22415188620055],[-51.311862252840626,-29.22416980429301]]]}},{"type":"Feature","properties":{"id_grade":"200ME52702N80920","pop":66,"dom":21,"universo_dom":"domicilios_ocupados_grade_ibge_2022","na_bacia":0,"area_pct_bacia":1.2212,"metodo_recorte_bacia":"ponto_representativo_grade_2022; area_pct_geometrica"},"geometry":{"type":"Polygon","coordinates":[[[-51.30987116192455,-29.22415188620055],[-51.3098903093902,-29.2222879072611],[-51.30789923286329,-29.222269976578144],[-51.30788007190773,-29.224133954618242],[-51.30987116192455,-29.22415188620055]]]}},{"type":"Feature","properties":{"id_grade":"200ME52704N80920","pop":52,"dom":14,"universo_dom":"domicilios_ocupados_grade_ibge_2022","na_bacia":0,"area_pct_bacia":37.3257,"metodo_recorte_bacia":"ponto_representativo_grade_2022; area_pct_geometrica"},"geometry":{"type":"Polygon","coordinates":[[[-51.30788007190773,-29.224133954618242],[-51.30789923286329,-29.222269976578144],[-51.30590815723564,-29.2222520324054],[-51.30588898189097,-29.224116010445492],[-51.30788007190773,-29.224133954618242]]]}},{"type":"Feature","properties":{"id_grade":"200ME52706N80920","pop":34,"dom":12,"universo_dom":"domicilios_ocupados_grade_ibge_2022","na_bacia":0,"area_pct_bacia":32.5515,"metodo_recorte_bacia":"ponto_representativo_grade_2022; area_pct_geometrica"},"geometry":{"type":"Polygon","coordinates":[[[-51.30588898189097,-29.224116010445492],[-51.30590815723564,-29.2222520324054],[-51.303917081608,-29.222234074742627],[-51.303897892773485,-29.22409805278293],[-51.30588898189097,-29.224116010445492]]]}},{"type":"Feature","properties":{"id_grade":"200ME52708N80920","pop":27,"dom":8,"universo_dom":"domicilios_ocupados_grade_ibge_2022","na_bacia":0,"area_pct_bacia":15.2086,"metodo_recorte_bacia":"ponto_representativo_grade_2022; area_pct_geometrica"},"geometry":{"type":"Polygon","coordinates":[[[-51.303897892773485,-29.22409805278293],[-51.303917081608,-29.222234074742627],[-51.30192600687968,-29.222216103590288],[-51.301906803656045,-29.2240800816304],[-51.303897892773485,-29.22409805278293]]]}},{"type":"Feature","properties":{"id_grade":"200ME52702N80924","pop":7,"dom":1,"universo_dom":"domicilios_ocupados_grade_ibge_2022","na_bacia":1,"area_pct_bacia":100.0,"metodo_recorte_bacia":"ponto_representativo_grade_2022; area_pct_geometrica"},"geometry":{"type":"Polygon","coordinates":[[[-51.309909455057266,-29.220423948106717],[-51.3099286016236,-29.218560009636725],[-51.30793755387498,-29.21854207895372],[-51.307918393818795,-29.220406017423706],[-51.309909455057266,-29.220423948106717]]]}},{"type":"Feature","properties":{"id_grade":"200ME52706N80924","pop":22,"dom":8,"universo_dom":"domicilios_ocupados_grade_ibge_2022","na_bacia":1,"area_pct_bacia":100.0,"metodo_recorte_bacia":"ponto_representativo_grade_2022; area_pct_geometrica"},"geometry":{"type":"Polygon","coordinates":[[[-51.30592733168094,-29.22038807415019],[-51.305946506126304,-29.218524135680322],[-51.303955459277006,-29.21850617891696],[-51.30393627044248,-29.220370116487626],[-51.30592733168094,-29.22038807415019]]]}},{"type":"Feature","properties":{"id_grade":"200ME52706N80926","pop":20,"dom":6,"universo_dom":"domicilios_ocupados_grade_ibge_2022","na_bacia":1,"area_pct_bacia":100.0,"metodo_recorte_bacia":"ponto_representativo_grade_2022; area_pct_geometrica"},"geometry":{"type":"Polygon","coordinates":[[[-51.305946506126304,-29.218524135680322],[-51.30596568057165,-29.216660216995365],[-51.303974648111485,-29.216642260232202],[-51.303955459277006,-29.21850617891696],[-51.305946506126304,-29.218524135680322]]]}},{"type":"Feature","properties":{"id_grade":"200ME52702N80928","pop":9,"dom":5,"universo_dom":"domicilios_ocupados_grade_ibge_2022","na_bacia":1,"area_pct_bacia":100.0,"metodo_recorte_bacia":"ponto_representativo_grade_2022; area_pct_geometrica"},"geometry":{"type":"Polygon","coordinates":[[[-51.309947747290664,-29.216696090052512],[-51.309966892957675,-29.214832191152684],[-51.307975873987345,-29.21481426136909],[-51.30795671393116,-29.21667816026882],[-51.309947747290664,-29.216696090052512]]]}},{"type":"Feature","properties":{"id_grade":"200ME52706N80928","pop":5,"dom":3,"universo_dom":"domicilios_ocupados_grade_ibge_2022","na_bacia":1,"area_pct_bacia":100.0,"metodo_recorte_bacia":"ponto_representativo_grade_2022; area_pct_geometrica"},"geometry":{"type":"Polygon","coordinates":[[[-51.30596568057165,-29.216660216995365],[-51.305984855017016,-29.214796318994885],[-51.30399383604663,-29.214778362231588],[-51.303974648111485,-29.216642260232202],[-51.30596568057165,-29.216660216995365]]]}},{"type":"Feature","properties":{"id_grade":"200ME52702N80932","pop":3,"dom":1,"universo_dom":"domicilios_ocupados_grade_ibge_2022","na_bacia":1,"area_pct_bacia":100.0,"metodo_recorte_bacia":"ponto_representativo_grade_2022; area_pct_geometrica"},"geometry":{"type":"Polygon","coordinates":[[[-51.30998603862474,-29.212968312037923],[-51.31000518339244,-29.211104452708287],[-51.30801419230107,-29.21108652382393],[-51.30799503314421,-29.212950382254284],[-51.30998603862474,-29.212968312037923]]]}},{"type":"Feature","properties":{"id_grade":"200ME52704N80932","pop":7,"dom":4,"universo_dom":"domicilios_ocupados_grade_ibge_2022","na_bacia":1,"area_pct_bacia":100.0,"metodo_recorte_bacia":"ponto_representativo_grade_2022; area_pct_geometrica"},"geometry":{"type":"Polygon","coordinates":[[[-51.30799503314421,-29.212950382254284],[-51.30801419230107,-29.21108652382393],[-51.30602320210903,-29.211068581449815],[-51.30600402856305,-29.212932439880156],[-51.30799503314421,-29.212950382254284]]]}},{"type":"Feature","properties":{"id_grade":"200ME52708N80932","pop":5,"dom":2,"universo_dom":"domicilios_ocupados_grade_ibge_2022","na_bacia":1,"area_pct_bacia":100.0,"metodo_recorte_bacia":"ponto_representativo_grade_2022; area_pct_geometrica"},"geometry":{"type":"Polygon","coordinates":[[[-51.30401302398184,-29.212914484016242],[-51.30403221101767,-29.211050626485203],[-51.30204122082562,-29.211032657131398],[-51.302022019400624,-29.212896515561646],[-51.30401302398184,-29.212914484016242]]]}},{"type":"Feature","properties":{"id_grade":"200ME52702N80934","pop":4,"dom":1,"universo_dom":"domicilios_ocupados_grade_ibge_2022","na_bacia":1,"area_pct_bacia":100.0,"metodo_recorte_bacia":"ponto_representativo_grade_2022; area_pct_geometrica"},"geometry":{"type":"Polygon","coordinates":[[[-51.31000518339244,-29.211104452708287],[-51.31002432816018,-29.20924061316368],[-51.30803335145794,-29.20922268517875],[-51.30801419230107,-29.21108652382393],[-51.31000518339244,-29.211104452708287]]]}},{"type":"Feature","properties":{"id_grade":"200ME52702N80936","pop":6,"dom":1,"universo_dom":"domicilios_ocupados_grade_ibge_2022","na_bacia":1,"area_pct_bacia":100.0,"metodo_recorte_bacia":"ponto_representativo_grade_2022; area_pct_geometrica"},"geometry":{"type":"Polygon","coordinates":[[[-51.31002432816018,-29.20924061316368],[-51.31004347292787,-29.207376794303542],[-51.30805251061486,-29.207358866318618],[-51.30803335145794,-29.20922268517875],[-51.31002432816018,-29.20924061316368]]]}},{"type":"Feature","properties":{"id_grade":"200ME52706N80938","pop":3,"dom":1,"universo_dom":"domicilios_ocupados_grade_ibge_2022","na_bacia":1,"area_pct_bacia":100.0,"metodo_recorte_bacia":"ponto_representativo_grade_2022; area_pct_geometrica"},"geometry":{"type":"Polygon","coordinates":[[[-51.30606154740246,-29.207340923944454],[-51.306080720049124,-29.205477125768674],[-51.304089772125224,-29.205459170804104],[-51.30407058598871,-29.207322968979728],[-51.30606154740246,-29.207340923944454]]]}},{"type":"Feature","properties":{"id_grade":"200ME52706N80942","pop":4,"dom":1,"universo_dom":"domicilios_ocupados_grade_ibge_2022","na_bacia":1,"area_pct_bacia":100.0,"metodo_recorte_bacia":"ponto_representativo_grade_2022; area_pct_geometrica"},"geometry":{"type":"Polygon","coordinates":[[[-51.30609989269584,-29.203613346478733],[-51.30611906444324,-29.201749587873127],[-51.30412814529762,-29.201731633807885],[-51.30410895916111,-29.203595392413344],[-51.30609989269584,-29.203613346478733]]]}},{"type":"Feature","properties":{"id_grade":"200ME52708N80942","pop":8,"dom":3,"universo_dom":"domicilios_ocupados_grade_ibge_2022","na_bacia":1,"area_pct_bacia":100.0,"metodo_recorte_bacia":"ponto_representativo_grade_2022; area_pct_geometrica"},"geometry":{"type":"Polygon","coordinates":[[[-51.30410895916111,-29.203595392413344],[-51.30412814529762,-29.201731633807885],[-51.30213722615202,-29.20171366715204],[-51.30211802562633,-29.20357742485822],[-51.30410895916111,-29.203595392413344]]]}},{"type":"Feature","properties":{"id_grade":"200ME52702N80946","pop":6,"dom":2,"universo_dom":"domicilios_ocupados_grade_ibge_2022","na_bacia":1,"area_pct_bacia":100.0,"metodo_recorte_bacia":"ponto_representativo_grade_2022; area_pct_geometrica"},"geometry":{"type":"Polygon","coordinates":[[[-51.31012004840147,-29.19992171671373],[-51.31013919137053,-29.198057996778996],[-51.30814829920462,-29.19804006969344],[-51.308129141846386,-29.19990378962817],[-51.31012004840147,-29.19992171671373]]]}},{"type":"Feature","properties":{"id_grade":"200ME52700N80948","pop":3,"dom":1,"universo_dom":"domicilios_ocupados_grade_ibge_2022","na_bacia":1,"area_pct_bacia":100.0,"metodo_recorte_bacia":"ponto_representativo_grade_2022; area_pct_geometrica"},"geometry":{"type":"Polygon","coordinates":[[[-51.31213008353649,-29.19807591037491],[-51.312149212116424,-29.196212210225262],[-51.31015833433963,-29.196194296629475],[-51.31013919137053,-29.198057996778996],[-51.31213008353649,-29.19807591037491]]]}},{"type":"Feature","properties":{"id_grade":"200ME52702N80948","pop":1,"dom":1,"universo_dom":"domicilios_ocupados_grade_ibge_2022","na_bacia":1,"area_pct_bacia":100.0,"metodo_recorte_bacia":"ponto_representativo_grade_2022; area_pct_geometrica"},"geometry":{"type":"Polygon","coordinates":[[[-51.31013919137053,-29.198057996778996],[-51.31015833433963,-29.196194296629475],[-51.30816745656284,-29.19617637044313],[-51.30814829920462,-29.19804006969344],[-51.31013919137053,-29.198057996778996]]]}},{"type":"Feature","properties":{"id_grade":"200ME52704N80948","pop":7,"dom":3,"universo_dom":"domicilios_ocupados_grade_ibge_2022","na_bacia":1,"area_pct_bacia":100.0,"metodo_recorte_bacia":"ponto_representativo_grade_2022; area_pct_geometrica"},"geometry":{"type":"Polygon","coordinates":[[[-51.30814829920462,-29.19804006969344],[-51.30816745656284,-29.19617637044313],[-51.30617657878605,-29.196158430766864],[-51.306157407937974,-29.19802213001717],[-51.30814829920462,-29.19804006969344]]]}},{"type":"Feature","properties":{"id_grade":"200ME52708N80950","pop":5,"dom":2,"universo_dom":"domicilios_ocupados_grade_ibge_2022","na_bacia":1,"area_pct_bacia":100.0,"metodo_recorte_bacia":"ponto_representativo_grade_2022; area_pct_geometrica"},"geometry":{"type":"Polygon","coordinates":[[[-51.30418570190858,-29.196140477600952],[-51.304204887145765,-29.194276799034956],[-51.302214024657474,-29.194258833278457],[-51.302194825031115,-29.196122511844433],[-51.30418570190858,-29.196140477600952]]]}},{"type":"Feature","properties":{"id_grade":"200ME52710N80912","pop":2,"dom":1,"universo_dom":"domicilios_ocupados_grade_ibge_2022","na_bacia":0,"area_pct_bacia":0.0,"metodo_recorte_bacia":"ponto_representativo_grade_2022; area_pct_geometrica"},"geometry":{"type":"Polygon","coordinates":[[[-51.301829987164126,-29.231536191641954],[-51.3018491912871,-29.229672134461374],[-51.29985805990151,-29.22965414891981],[-51.299838841389374,-29.23151820610021],[-51.301829987164126,-29.231536191641954]]]}},{"type":"Feature","properties":{"id_grade":"200ME52710N80916","pop":2,"dom":1,"universo_dom":"domicilios_ocupados_grade_ibge_2022","na_bacia":0,"area_pct_bacia":0.0,"metodo_recorte_bacia":"ponto_representativo_grade_2022; area_pct_geometrica"},"geometry":{"type":"Polygon","coordinates":[[[-51.301868395410054,-29.227808097065953],[-51.301887599533075,-29.22594407945565],[-51.299896496026406,-29.225926094813357],[-51.299877278413646,-29.227790111524364],[-51.301868395410054,-29.227808097065953]]]}},{"type":"Feature","properties":{"id_grade":"200ME52712N80916","pop":2,"dom":1,"universo_dom":"domicilios_ocupados_grade_ibge_2022","na_bacia":0,"area_pct_bacia":0.0,"metodo_recorte_bacia":"ponto_representativo_grade_2022; area_pct_geometrica"},"geometry":{"type":"Polygon","coordinates":[[[-51.299877278413646,-29.227790111524364],[-51.299896496026406,-29.225926094813357],[-51.29790539341912,-29.22590809668129],[-51.297886161417175,-29.227772113392323],[-51.299877278413646,-29.227790111524364]]]}},{"type":"Feature","properties":{"id_grade":"200ME52714N80918","pop":5,"dom":1,"universo_dom":"domicilios_ocupados_grade_ibge_2022","na_bacia":0,"area_pct_bacia":0.0,"metodo_recorte_bacia":"ponto_representativo_grade_2022; area_pct_geometrica"},"geometry":{"type":"Polygon","coordinates":[[[-51.29790539341912,-29.22590809668129],[-51.2979246254211,-29.22404409975535],[-51.295933537202934,-29.224026089032833],[-51.29591429081182,-29.225890085958646],[-51.29790539341912,-29.22590809668129]]]}},{"type":"Feature","properties":{"id_grade":"200ME52710N80920","pop":22,"dom":7,"universo_dom":"domicilios_ocupados_grade_ibge_2022","na_bacia":0,"area_pct_bacia":1.2319,"metodo_recorte_bacia":"ponto_representativo_grade_2022; area_pct_geometrica"},"geometry":{"type":"Polygon","coordinates":[[[-51.301906803656045,-29.2240800816304],[-51.30192600687968,-29.222216103590288],[-51.29993493215136,-29.2221981198473],[-51.29991571453854,-29.224062096988114],[-51.301906803656045,-29.2240800816304]]]}},{"type":"Feature","properties":{"id_grade":"200ME52712N80920","pop":9,"dom":3,"universo_dom":"domicilios_ocupados_grade_ibge_2022","na_bacia":0,"area_pct_bacia":0.0,"metodo_recorte_bacia":"ponto_representativo_grade_2022; area_pct_geometrica"},"geometry":{"type":"Polygon","coordinates":[[[-51.29991571453854,-29.224062096988114],[-51.29993493215136,-29.2221981198473],[-51.29794385742304,-29.22218012261457],[-51.2979246254211,-29.22404409975535],[-51.29991571453854,-29.224062096988114]]]}},{"type":"Feature","properties":{"id_grade":"200ME52714N80920","pop":9,"dom":3,"universo_dom":"domicilios_ocupados_grade_ibge_2022","na_bacia":0,"area_pct_bacia":0.0,"metodo_recorte_bacia":"ponto_representativo_grade_2022; area_pct_geometrica"},"geometry":{"type":"Polygon","coordinates":[[[-51.2979246254211,-29.22404409975535],[-51.29794385742304,-29.22218012261457],[-51.29595278269472,-29.22216211189192],[-51.295933537202934,-29.224026089032833],[-51.2979246254211,-29.22404409975535]]]}},{"type":"Feature","properties":{"id_grade":"200ME52716N80920","pop":3,"dom":1,"universo_dom":"domicilios_ocupados_grade_ibge_2022","na_bacia":0,"area_pct_bacia":0.0,"metodo_recorte_bacia":"ponto_representativo_grade_2022; area_pct_geometrica"},"geometry":{"type":"Polygon","coordinates":[[[-51.295933537202934,-29.224026089032833],[-51.29595278269472,-29.22216211189192],[-51.2939617088657,-29.222144088578773],[-51.293942448984815,-29.224008064820282],[-51.295933537202934,-29.224026089032833]]]}},{"type":"Feature","properties":{"id_grade":"200ME52712N80922","pop":19,"dom":7,"universo_dom":"domicilios_ocupados_grade_ibge_2022","na_bacia":0,"area_pct_bacia":8.0519,"metodo_recorte_bacia":"ponto_representativo_grade_2022; area_pct_geometrica"},"geometry":{"type":"Polygon","coordinates":[[[-51.29993493215136,-29.2221981198473],[-51.299954148864856,-29.220334162491536],[-51.29796308852564,-29.22031616615812],[-51.29794385742304,-29.22218012261457],[-51.29993493215136,-29.2221981198473]]]}},{"type":"Feature","properties":{"id_grade":"200ME52714N80922","pop":5,"dom":2,"universo_dom":"domicilios_ocupados_grade_ibge_2022","na_bacia":0,"area_pct_bacia":0.0,"metodo_recorte_bacia":"ponto_representativo_grade_2022; area_pct_geometrica"},"geometry":{"type":"Polygon","coordinates":[[[-51.29794385742304,-29.22218012261457],[-51.29796308852564,-29.22031616615812],[-51.295972028186505,-29.22029815543548],[-51.29595278269472,-29.22216211189192],[-51.29794385742304,-29.22218012261457]]]}},{"type":"Feature","properties":{"id_grade":"200ME52712N80924","pop":3,"dom":2,"universo_dom":"domicilios_ocupados_grade_ibge_2022","na_bacia":1,"area_pct_bacia":37.4545,"metodo_recorte_bacia":"ponto_representativo_grade_2022; area_pct_geometrica"},"geometry":{"type":"Polygon","coordinates":[[[-51.299954148864856,-29.220334162491536],[-51.299973365578296,-29.218470224920985],[-51.29798231962832,-29.218452228587356],[-51.29796308852564,-29.22031616615812],[-51.299954148864856,-29.220334162491536]]]}},{"type":"Feature","properties":{"id_grade":"200ME52716N80924","pop":7,"dom":2,"universo_dom":"domicilios_ocupados_grade_ibge_2022","na_bacia":0,"area_pct_bacia":0.0,"metodo_recorte_bacia":"ponto_representativo_grade_2022; area_pct_geometrica"},"geometry":{"type":"Polygon","coordinates":[[[-51.295972028186505,-29.22029815543548],[-51.29599127367829,-29.218434218764127],[-51.294000227728304,-29.21841619545105],[-51.293980968746666,-29.22028013212234],[-51.295972028186505,-29.22029815543548]]]}},{"type":"Feature","properties":{"id_grade":"200ME52718N80924","pop":17,"dom":6,"universo_dom":"domicilios_ocupados_grade_ibge_2022","na_bacia":0,"area_pct_bacia":0.0,"metodo_recorte_bacia":"ponto_representativo_grade_2022; area_pct_geometrica"},"geometry":{"type":"Polygon","coordinates":[[[-51.293980968746666,-29.22028013212234],[-51.294000227728304,-29.21841619545105],[-51.29200918267758,-29.218398159547387],[-51.291989908407515,-29.220262095319384],[-51.293980968746666,-29.22028013212234]]]}},{"type":"Feature","properties":{"id_grade":"200ME52714N80926","pop":18,"dom":5,"universo_dom":"domicilios_ocupados_grade_ibge_2022","na_bacia":0,"area_pct_bacia":0.0,"metodo_recorte_bacia":"ponto_representativo_grade_2022; area_pct_geometrica"},"geometry":{"type":"Polygon","coordinates":[[[-51.29798231962832,-29.218452228587356],[-51.29800155073093,-29.216588311701123],[-51.29601051917007,-29.2165703018779],[-51.29599127367829,-29.218434218764127],[-51.29798231962832,-29.218452228587356]]]}},{"type":"Feature","properties":{"id_grade":"200ME52716N80926","pop":60,"dom":22,"universo_dom":"domicilios_ocupados_grade_ibge_2022","na_bacia":0,"area_pct_bacia":9.8257,"metodo_recorte_bacia":"ponto_representativo_grade_2022; area_pct_geometrica"},"geometry":{"type":"Polygon","coordinates":[[[-51.29599127367829,-29.218434218764127],[-51.29601051917007,-29.2165703018779],[-51.294019487609205,-29.216552279464036],[-51.294000227728304,-29.21841619545105],[-51.29599127367829,-29.218434218764127]]]}},{"type":"Feature","properties":{"id_grade":"200ME52718N80926","pop":91,"dom":31,"universo_dom":"domicilios_ocupados_grade_ibge_2022","na_bacia":0,"area_pct_bacia":31.2003,"metodo_recorte_bacia":"ponto_representativo_grade_2022; area_pct_geometrica"},"geometry":{"type":"Polygon","coordinates":[[[-51.294000227728304,-29.21841619545105],[-51.294019487609205,-29.216552279464036],[-51.292028456048335,-29.216534243560453],[-51.29200918267758,-29.218398159547387],[-51.294000227728304,-29.21841619545105]]]}},{"type":"Feature","properties":{"id_grade":"200ME52714N80928","pop":1,"dom":1,"universo_dom":"domicilios_ocupados_grade_ibge_2022","na_bacia":1,"area_pct_bacia":88.4129,"metodo_recorte_bacia":"ponto_representativo_grade_2022; area_pct_geometrica"},"geometry":{"type":"Polygon","coordinates":[[[-51.29800155073093,-29.216588311701123],[-51.29802078093422,-29.21472441460007],[-51.29602976376253,-29.214706404776734],[-51.29601051917007,-29.2165703018779],[-51.29800155073093,-29.216588311701123]]]}},{"type":"Feature","properties":{"id_grade":"200ME52712N80934","pop":8,"dom":3,"universo_dom":"domicilios_ocupados_grade_ibge_2022","na_bacia":1,"area_pct_bacia":100.0,"metodo_recorte_bacia":"ponto_representativo_grade_2022; area_pct_geometrica"},"geometry":{"type":"Polygon","coordinates":[[[-51.30005023153291,-29.21101467518703],[-51.30006944734708,-29.209150837441232],[-51.29807847154416,-29.209132842906318],[-51.298059241340866,-29.21099667975289],[-51.30005023153291,-29.21101467518703]]]}},{"type":"Feature","properties":{"id_grade":"200ME52714N80934","pop":7,"dom":2,"universo_dom":"domicilios_ocupados_grade_ibge_2022","na_bacia":1,"area_pct_bacia":100.0,"metodo_recorte_bacia":"ponto_representativo_grade_2022; area_pct_geometrica"},"geometry":{"type":"Polygon","coordinates":[[[-51.298059241340866,-29.21099667975289],[-51.29807847154416,-29.209132842906318],[-51.29608749664061,-29.209114833982312],[-51.296068252048144,-29.210978671728302],[-51.298059241340866,-29.21099667975289]]]}},{"type":"Feature","properties":{"id_grade":"200ME52714N80938","pop":2,"dom":2,"universo_dom":"domicilios_ocupados_grade_ibge_2022","na_bacia":1,"area_pct_bacia":100.0,"metodo_recorte_bacia":"ponto_representativo_grade_2022; area_pct_geometrica"},"geometry":{"type":"Polygon","coordinates":[[[-51.29809770084819,-29.20726902494556],[-51.29811693015216,-29.205405227669008],[-51.29612598312758,-29.205387220543763],[-51.296106740333755,-29.207251016920868],[-51.29809770084819,-29.20726902494556]]]}},{"type":"Feature","properties":{"id_grade":"200ME52710N80942","pop":6,"dom":1,"universo_dom":"domicilios_ocupados_grade_ibge_2022","na_bacia":1,"area_pct_bacia":100.0,"metodo_recorte_bacia":"ponto_representativo_grade_2022; area_pct_geometrica"},"geometry":{"type":"Polygon","coordinates":[[[-51.30211802562633,-29.20357742485822],[-51.30213722615202,-29.20171366715204],[-51.3001463070064,-29.201695686106916],[-51.30012709209161,-29.20355944381318],[-51.30211802562633,-29.20357742485822]]]}},{"type":"Feature","properties":{"id_grade":"200ME52720N80912","pop":4,"dom":1,"universo_dom":"domicilios_ocupados_grade_ibge_2022","na_bacia":0,"area_pct_bacia":0.0,"metodo_recorte_bacia":"ponto_representativo_grade_2022; area_pct_geometrica"},"geometry":{"type":"Polygon","coordinates":[[[-51.29187426098832,-29.231446130834247],[-51.291893536157716,-29.22958207545232],[-51.289902405671455,-29.229564023360926],[-51.28988311611289,-29.23142807964211],[-51.29187426098832,-29.231446130834247]]]}},{"type":"Feature","properties":{"id_grade":"200ME52722N80918","pop":7,"dom":4,"universo_dom":"domicilios_ocupados_grade_ibge_2022","na_bacia":0,"area_pct_bacia":0.0,"metodo_recorte_bacia":"ponto_representativo_grade_2022; area_pct_geometrica"},"geometry":{"type":"Polygon","coordinates":[[[-51.28994098388927,-29.225835972851872],[-51.28996027254852,-29.223971976825265],[-51.287969185229656,-29.223953913042628],[-51.2879498821813,-29.225817908169876],[-51.28994098388927,-29.225835972851872]]]}},{"type":"Feature","properties":{"id_grade":"200ME52720N80922","pop":10,"dom":3,"universo_dom":"domicilios_ocupados_grade_ibge_2022","na_bacia":0,"area_pct_bacia":0.0,"metodo_recorte_bacia":"ponto_representativo_grade_2022; area_pct_geometrica"},"geometry":{"type":"Polygon","coordinates":[[[-51.29197063503677,-29.222126051775884],[-51.291989908407515,-29.220262095319384],[-51.28999884896768,-29.22024404502667],[-51.289979561207765,-29.222108001483008],[-51.29197063503677,-29.222126051775884]]]}},{"type":"Feature","properties":{"id_grade":"200ME52720N80924","pop":25,"dom":10,"universo_dom":"domicilios_ocupados_grade_ibge_2022","na_bacia":0,"area_pct_bacia":0.0,"metodo_recorte_bacia":"ponto_representativo_grade_2022; area_pct_geometrica"},"geometry":{"type":"Polygon","coordinates":[[[-51.291989908407515,-29.220262095319384],[-51.29200918267758,-29.218398159547387],[-51.29001813762694,-29.218380109254642],[-51.28999884896768,-29.22024404502667],[-51.291989908407515,-29.220262095319384]]]}},{"type":"Feature","properties":{"id_grade":"200ME52722N80924","pop":134,"dom":55,"universo_dom":"domicilios_ocupados_grade_ibge_2022","na_bacia":0,"area_pct_bacia":0.0,"metodo_recorte_bacia":"ponto_representativo_grade_2022; area_pct_geometrica"},"geometry":{"type":"Polygon","coordinates":[[[-51.28999884896768,-29.22024404502667],[-51.29001813762694,-29.218380109254642],[-51.288027092576215,-29.21836204637129],[-51.28800779042717,-29.220225982143276],[-51.28999884896768,-29.22024404502667]]]}},{"type":"Feature","properties":{"id_grade":"200ME52720N80926","pop":68,"dom":26,"universo_dom":"domicilios_ocupados_grade_ibge_2022","na_bacia":1,"area_pct_bacia":50.8879,"metodo_recorte_bacia":"ponto_representativo_grade_2022; area_pct_geometrica"},"geometry":{"type":"Polygon","coordinates":[[[-51.29200918267758,-29.218398159547387],[-51.292028456048335,-29.216534243560453],[-51.29003742448754,-29.216516194166964],[-51.29001813762694,-29.218380109254642],[-51.29200918267758,-29.218398159547387]]]}},{"type":"Feature","properties":{"id_grade":"200ME52722N80926","pop":171,"dom":61,"universo_dom":"domicilios_ocupados_grade_ibge_2022","na_bacia":0,"area_pct_bacia":41.1869,"metodo_recorte_bacia":"ponto_representativo_grade_2022; area_pct_geometrica"},"geometry":{"type":"Polygon","coordinates":[[[-51.29001813762694,-29.218380109254642],[-51.29003742448754,-29.216516194166964],[-51.288046393825994,-29.216498131283636],[-51.288027092576215,-29.21836204637129],[-51.29001813762694,-29.218380109254642]]]}},{"type":"Feature","properties":{"id_grade":"200ME52720N80928","pop":42,"dom":21,"universo_dom":"domicilios_ocupados_grade_ibge_2022","na_bacia":1,"area_pct_bacia":100.0,"metodo_recorte_bacia":"ponto_representativo_grade_2022; area_pct_geometrica"},"geometry":{"type":"Polygon","coordinates":[[[-51.292028456048335,-29.216534243560453],[-51.29204772941915,-29.214670347358613],[-51.290056712247406,-29.21465229796513],[-51.29003742448754,-29.216516194166964],[-51.292028456048335,-29.216534243560453]]]}},{"type":"Feature","properties":{"id_grade":"200ME52722N80928","pop":90,"dom":35,"universo_dom":"domicilios_ocupados_grade_ibge_2022","na_bacia":1,"area_pct_bacia":100.0,"metodo_recorte_bacia":"ponto_representativo_grade_2022; area_pct_geometrica"},"geometry":{"type":"Polygon","coordinates":[[[-51.29003742448754,-29.216516194166964],[-51.290056712247406,-29.21465229796513],[-51.28806569597504,-29.214634235981137],[-51.288046393825994,-29.216498131283636],[-51.29003742448754,-29.216516194166964]]]}},{"type":"Feature","properties":{"id_grade":"200ME52720N80930","pop":12,"dom":5,"universo_dom":"domicilios_ocupados_grade_ibge_2022","na_bacia":1,"area_pct_bacia":100.0,"metodo_recorte_bacia":"ponto_representativo_grade_2022; area_pct_geometrica"},"geometry":{"type":"Polygon","coordinates":[[[-51.29204772941915,-29.214670347358613],[-51.29206700189059,-29.212806470941796],[-51.290075999108005,-29.212788422447744],[-51.290056712247406,-29.21465229796513],[-51.29204772941915,-29.214670347358613]]]}},{"type":"Feature","properties":{"id_grade":"200ME52722N80930","pop":14,"dom":5,"universo_dom":"domicilios_ocupados_grade_ibge_2022","na_bacia":1,"area_pct_bacia":100.0,"metodo_recorte_bacia":"ponto_representativo_grade_2022; area_pct_geometrica"},"geometry":{"type":"Polygon","coordinates":[[[-51.290056712247406,-29.21465229796513],[-51.290075999108005,-29.212788422447744],[-51.28808499632549,-29.21277036046374],[-51.28806569597504,-29.214634235981137],[-51.290056712247406,-29.21465229796513]]]}}]}