{"type":"FeatureCollection","name":"4308854","crs":{"type":"name","properties":{"name":"urn:ogc:def:crs:OGC:1.3:CRS84"}},"features":[{"type":"Feature","properties":{"id_grade":"1KME5194N8173","pop":1,"dom":1,"universo_dom":"domicilios_ocupados_grade_ibge_2022","na_bacia":1,"area_pct_bacia":100.0,"metodo_recorte_bacia":"ponto_representativo_grade_2022; area_pct_geometrica","status_borda_bacia":"total","metodo_area_bacia":"interse??o geom?trica em EPSG:5880","metodo_na_bacia":"ponto_representativo_grade_2022_within_bacia","pop_n_validos":1,"pop_n_total":1,"pop_completude":1.0,"dom_n_validos":1,"dom_n_total":1,"dom_completude":1.0},"geometry":{"type":"Polygon","coordinates":[[[-52.07406001279995,-28.474809148266516],[-52.07412835376598,-28.46552822983253],[-52.06420149639559,-28.465464175052052],[-52.06413280319019,-28.474745087976135],[-52.07406001279995,-28.474809148266516]]]}},{"type":"Feature","properties":{"id_grade":"1KME5196N8174","pop":2,"dom":1,"universo_dom":"domicilios_ocupados_grade_ibge_2022","na_bacia":1,"area_pct_bacia":100.0,"metodo_recorte_bacia":"ponto_representativo_grade_2022; area_pct_geometrica","status_borda_bacia":"total","metodo_area_bacia":"interse??o geom?trica em EPSG:5880","metodo_na_bacia":"ponto_representativo_grade_2022_within_bacia","pop_n_validos":1,"pop_n_total":1,"pop_completude":1.0,"dom_n_validos":1,"dom_n_total":1,"dom_completude":1.0},"geometry":{"type":"Polygon","coordinates":[[[-52.05427464390004,-28.465399790979774],[-52.05434368444447,-28.456119352404578],[-52.044417189062074,-28.456054644604606],[-52.04434779630431,-28.465335077616018],[-52.05427464390004,-28.465399790979774]]]}},{"type":"Feature","properties":{"id_grade":"1KME5192N8175","pop":4,"dom":2,"universo_dom":"domicilios_ocupados_grade_ibge_2022","na_bacia":1,"area_pct_bacia":100.0,"metodo_recorte_bacia":"ponto_representativo_grade_2022; area_pct_geometrica","status_borda_bacia":"total","metodo_area_bacia":"interse??o geom?trica em EPSG:5880","metodo_na_bacia":"ponto_representativo_grade_2022_within_bacia","pop_n_validos":1,"pop_n_total":1,"pop_completude":1.0,"dom_n_validos":1,"dom_n_total":1,"dom_completude":1.0},"geometry":{"type":"Polygon","coordinates":[[[-52.09404971471715,-28.45637489096624],[-52.094117341603706,-28.447094898876397],[-52.08419117896446,-28.44703151358084],[-52.08412319988749,-28.456311500222853],[-52.09404971471715,-28.45637489096624]]]}},{"type":"Feature","properties":{"id_grade":"1KME5193N8175","pop":13,"dom":5,"universo_dom":"domicilios_ocupados_grade_ibge_2022","na_bacia":1,"area_pct_bacia":100.0,"metodo_recorte_bacia":"ponto_representativo_grade_2022; area_pct_geometrica","status_borda_bacia":"total","metodo_area_bacia":"interse??o geom?trica em EPSG:5880","metodo_na_bacia":"ponto_representativo_grade_2022_within_bacia","pop_n_validos":1,"pop_n_total":1,"pop_completude":1.0,"dom_n_validos":1,"dom_n_total":1,"dom_completude":1.0},"geometry":{"type":"Polygon","coordinates":[[[-52.08412319988749,-28.456311500222853],[-52.08419117896446,-28.44703151358084],[-52.07426502114903,-28.446967799048593],[-52.074196689882164,-28.456247780214408],[-52.08412319988749,-28.456311500222853]]]}},{"type":"Feature","properties":{"id_grade":"1KME5194N8175","pop":4,"dom":1,"universo_dom":"domicilios_ocupados_grade_ibge_2022","na_bacia":1,"area_pct_bacia":100.0,"metodo_recorte_bacia":"ponto_representativo_grade_2022; area_pct_geometrica","status_borda_bacia":"total","metodo_area_bacia":"interse??o geom?trica em EPSG:5880","metodo_na_bacia":"ponto_representativo_grade_2022_within_bacia","pop_n_validos":1,"pop_n_total":1,"pop_completude":1.0,"dom_n_validos":1,"dom_n_total":1,"dom_completude":1.0},"geometry":{"type":"Polygon","coordinates":[[[-52.074196689882164,-28.456247780214408],[-52.07426502114903,-28.446967799048593],[-52.06433886818241,-28.446903755280072],[-52.064270184726155,-28.456183730941397],[-52.074196689882164,-28.456247780214408]]]}},{"type":"Feature","properties":{"id_grade":"1KME5195N8175","pop":1,"dom":1,"universo_dom":"domicilios_ocupados_grade_ibge_2022","na_bacia":1,"area_pct_bacia":100.0,"metodo_recorte_bacia":"ponto_representativo_grade_2022; area_pct_geometrica","status_borda_bacia":"total","metodo_area_bacia":"interse??o geom?trica em EPSG:5880","metodo_na_bacia":"ponto_representativo_grade_2022_within_bacia","pop_n_validos":1,"pop_n_total":1,"pop_completude":1.0,"dom_n_validos":1,"dom_n_total":1,"dom_completude":1.0},"geometry":{"type":"Polygon","coordinates":[[[-52.064270184726155,-28.456183730941397],[-52.06433886818241,-28.446903755280072],[-52.05441272008959,-28.446839382275847],[-52.05434368444447,-28.456119352404578],[-52.064270184726155,-28.456183730941397]]]}},{"type":"Feature","properties":{"id_grade":"1KME5197N8175","pop":29,"dom":9,"universo_dom":"domicilios_ocupados_grade_ibge_2022","na_bacia":1,"area_pct_bacia":100.0,"metodo_recorte_bacia":"ponto_representativo_grade_2022; area_pct_geometrica","status_borda_bacia":"total","metodo_area_bacia":"interse??o geom?trica em EPSG:5880","metodo_na_bacia":"ponto_representativo_grade_2022_within_bacia","pop_n_validos":1,"pop_n_total":1,"pop_completude":1.0,"dom_n_validos":1,"dom_n_total":1,"dom_completude":1.0},"geometry":{"type":"Polygon","coordinates":[[[-52.044417189062074,-28.456054644604606],[-52.044486576895544,-28.446774680036913],[-52.03456043862528,-28.446709648563363],[-52.03449069860398,-28.4559896075418],[-52.044417189062074,-28.456054644604606]]]}},{"type":"Feature","properties":{"id_grade":"1KME5195N8176","pop":7,"dom":2,"universo_dom":"domicilios_ocupados_grade_ibge_2022","na_bacia":1,"area_pct_bacia":100.0,"metodo_recorte_bacia":"ponto_representativo_grade_2022; area_pct_geometrica","status_borda_bacia":"total","metodo_area_bacia":"interse??o geom?trica em EPSG:5880","metodo_na_bacia":"ponto_representativo_grade_2022_within_bacia","pop_n_validos":1,"pop_n_total":1,"pop_completude":1.0,"dom_n_validos":1,"dom_n_total":1,"dom_completude":1.0},"geometry":{"type":"Polygon","coordinates":[[[-52.06433886818241,-28.446903755280072],[-52.064407546764876,-28.437624247704704],[-52.054481750835926,-28.43755988023036],[-52.05441272008959,-28.446839382275847],[-52.06433886818241,-28.446903755280072]]]}},{"type":"Feature","properties":{"id_grade":"1KME5200N8176","pop":21,"dom":7,"universo_dom":"domicilios_ocupados_grade_ibge_2022","na_bacia":1,"area_pct_bacia":100.0,"metodo_recorte_bacia":"ponto_representativo_grade_2022; area_pct_geometrica","status_borda_bacia":"total","metodo_area_bacia":"interse??o geom?trica em EPSG:5880","metodo_na_bacia":"ponto_representativo_grade_2022_within_bacia","pop_n_validos":1,"pop_n_total":1,"pop_completude":1.0,"dom_n_validos":1,"dom_n_total":1,"dom_completude":1.0},"geometry":{"type":"Polygon","coordinates":[[[-52.014708176956,-28.446578597915714],[-52.014778616352615,-28.43729911827167],[-52.004852845164834,-28.437233104769415],[-52.00478205360698,-28.44651257874209],[-52.014708176956,-28.446578597915714]]]}},{"type":"Feature","properties":{"id_grade":"1KME5193N8177","pop":3,"dom":1,"universo_dom":"domicilios_ocupados_grade_ibge_2022","na_bacia":1,"area_pct_bacia":100.0,"metodo_recorte_bacia":"ponto_representativo_grade_2022; area_pct_geometrica","status_borda_bacia":"total","metodo_area_bacia":"interse??o geom?trica em EPSG:5880","metodo_na_bacia":"ponto_representativo_grade_2022_within_bacia","pop_n_validos":1,"pop_n_total":1,"pop_completude":1.0,"dom_n_validos":1,"dom_n_total":1,"dom_completude":1.0},"geometry":{"type":"Polygon","coordinates":[[[-52.08425915321761,-28.437751995030865],[-52.08432712264746,-28.428472944208895],[-52.07440166913687,-28.428409240620326],[-52.0743333475671,-28.437688285971507],[-52.08425915321761,-28.437751995030865]]]}},{"type":"Feature","properties":{"id_grade":"1KME5196N8177","pop":10,"dom":3,"universo_dom":"domicilios_ocupados_grade_ibge_2022","na_bacia":1,"area_pct_bacia":100.0,"metodo_recorte_bacia":"ponto_representativo_grade_2022; area_pct_geometrica","status_borda_bacia":"total","metodo_area_bacia":"interse??o geom?trica em EPSG:5880","metodo_na_bacia":"ponto_representativo_grade_2022_within_bacia","pop_n_validos":1,"pop_n_total":1,"pop_completude":1.0,"dom_n_validos":1,"dom_n_total":1,"dom_completude":1.0},"geometry":{"type":"Polygon","coordinates":[[[-52.054481750835926,-28.43755988023036],[-52.054550776684,-28.42828084590436],[-52.044625337791686,-28.428216154778546],[-52.04455595980524,-28.437495183549387],[-52.054481750835926,-28.43755988023036]]]}},{"type":"Feature","properties":{"id_grade":"1KME5199N8177","pop":11,"dom":5,"universo_dom":"domicilios_ocupados_grade_ibge_2022","na_bacia":1,"area_pct_bacia":100.0,"metodo_recorte_bacia":"ponto_representativo_grade_2022; area_pct_geometrica","status_borda_bacia":"total","metodo_area_bacia":"interse??o geom?trica em EPSG:5880","metodo_na_bacia":"ponto_representativo_grade_2022_within_bacia","pop_n_validos":1,"pop_n_total":1,"pop_completude":1.0,"dom_n_validos":1,"dom_n_total":1,"dom_completude":1.0},"geometry":{"type":"Polygon","coordinates":[[[-52.0247043925386,-28.437364802569135],[-52.02477447480022,-28.428085784993314],[-52.01484905075102,-28.428020106335453],[-52.014778616352615,-28.43729911827167],[-52.0247043925386,-28.437364802569135]]]}},{"type":"Feature","properties":{"id_grade":"1KME5200N8177","pop":49,"dom":17,"universo_dom":"domicilios_ocupados_grade_ibge_2022","na_bacia":1,"area_pct_bacia":100.0,"metodo_recorte_bacia":"ponto_representativo_grade_2022; area_pct_geometrica","status_borda_bacia":"total","metodo_area_bacia":"interse??o geom?trica em EPSG:5880","metodo_na_bacia":"ponto_representativo_grade_2022_within_bacia","pop_n_validos":1,"pop_n_total":1,"pop_completude":1.0,"dom_n_validos":1,"dom_n_total":1,"dom_completude":1.0},"geometry":{"type":"Polygon","coordinates":[[[-52.014778616352615,-28.43729911827167],[-52.01484905075102,-28.428020106335453],[-52.004923631699505,-28.4279540985014],[-52.004852845164834,-28.437233104769415],[-52.014778616352615,-28.43729911827167]]]}},{"type":"Feature","properties":{"id_grade":"1KME5201N8177","pop":6,"dom":3,"universo_dom":"domicilios_ocupados_grade_ibge_2022","na_bacia":1,"area_pct_bacia":100.0,"metodo_recorte_bacia":"ponto_representativo_grade_2022; area_pct_geometrica","status_borda_bacia":"total","metodo_area_bacia":"interse??o geom?trica em EPSG:5880","metodo_na_bacia":"ponto_representativo_grade_2022_within_bacia","pop_n_validos":1,"pop_n_total":1,"pop_completude":1.0,"dom_n_validos":1,"dom_n_total":1,"dom_completude":1.0},"geometry":{"type":"Polygon","coordinates":[[[-52.004852845164834,-28.437233104769415],[-52.004923631699505,-28.4279540985014],[-51.99499821767064,-28.427887761491686],[-51.99492707900026,-28.43716676206351],[-52.004852845164834,-28.437233104769415]]]}},{"type":"Feature","properties":{"id_grade":"1KME5202N8177","pop":6,"dom":2,"universo_dom":"domicilios_ocupados_grade_ibge_2022","na_bacia":1,"area_pct_bacia":100.0,"metodo_recorte_bacia":"ponto_representativo_grade_2022; area_pct_geometrica","status_borda_bacia":"total","metodo_area_bacia":"interse??o geom?trica em EPSG:5880","metodo_na_bacia":"ponto_representativo_grade_2022_within_bacia","pop_n_validos":1,"pop_n_total":1,"pop_completude":1.0,"dom_n_validos":1,"dom_n_total":1,"dom_completude":1.0},"geometry":{"type":"Polygon","coordinates":[[[-51.99492707900026,-28.43716676206351],[-51.99499821767064,-28.427887761491686],[-51.985072808689424,-28.42782109530725],[-51.98500131788385,-28.437100090154456],[-51.99492707900026,-28.43716676206351]]]}},{"type":"Feature","properties":{"id_grade":"1KME5193N8178","pop":4,"dom":1,"universo_dom":"domicilios_ocupados_grade_ibge_2022","na_bacia":1,"area_pct_bacia":100.0,"metodo_recorte_bacia":"ponto_representativo_grade_2022; area_pct_geometrica","status_borda_bacia":"total","metodo_area_bacia":"interse??o geom?trica em EPSG:5880","metodo_na_bacia":"ponto_representativo_grade_2022_within_bacia","pop_n_validos":1,"pop_n_total":1,"pop_completude":1.0,"dom_n_validos":1,"dom_n_total":1,"dom_completude":1.0},"geometry":{"type":"Polygon","coordinates":[[[-52.08432712264746,-28.428472944208895],[-52.08439508725452,-28.41919436075226],[-52.074469985858876,-28.41913066263108],[-52.07440166913687,-28.428409240620326],[-52.08432712264746,-28.428472944208895]]]}},{"type":"Feature","properties":{"id_grade":"1KME5195N8178","pop":16,"dom":4,"universo_dom":"domicilios_ocupados_grade_ibge_2022","na_bacia":1,"area_pct_bacia":100.0,"metodo_recorte_bacia":"ponto_representativo_grade_2022; area_pct_geometrica","status_borda_bacia":"total","metodo_area_bacia":"interse??o geom?trica em EPSG:5880","metodo_na_bacia":"ponto_representativo_grade_2022_within_bacia","pop_n_validos":1,"pop_n_total":1,"pop_completude":1.0,"dom_n_validos":1,"dom_n_total":1,"dom_completude":1.0},"geometry":{"type":"Polygon","coordinates":[[[-52.06447622047407,-28.428345207851834],[-52.06454488931049,-28.419066635358373],[-52.054619797634345,-28.419002278934844],[-52.054550776684,-28.42828084590436],[-52.06447622047407,-28.428345207851834]]]}},{"type":"Feature","properties":{"id_grade":"1KME5196N8178","pop":9,"dom":3,"universo_dom":"domicilios_ocupados_grade_ibge_2022","na_bacia":1,"area_pct_bacia":100.0,"metodo_recorte_bacia":"ponto_representativo_grade_2022; area_pct_geometrica","status_borda_bacia":"total","metodo_area_bacia":"interse??o geom?trica em EPSG:5880","metodo_na_bacia":"ponto_representativo_grade_2022_within_bacia","pop_n_validos":1,"pop_n_total":1,"pop_completude":1.0,"dom_n_validos":1,"dom_n_total":1,"dom_completude":1.0},"geometry":{"type":"Polygon","coordinates":[[[-52.054550776684,-28.42828084590436],[-52.054619797634345,-28.419002278934844],[-52.044694710855424,-28.418937593361075],[-52.044625337791686,-28.428216154778546],[-52.054550776684,-28.42828084590436]]]}},{"type":"Feature","properties":{"id_grade":"1KME5199N8178","pop":7,"dom":3,"universo_dom":"domicilios_ocupados_grade_ibge_2022","na_bacia":1,"area_pct_bacia":100.0,"metodo_recorte_bacia":"ponto_representativo_grade_2022; area_pct_geometrica","status_borda_bacia":"total","metodo_area_bacia":"interse??o geom?trica em EPSG:5880","metodo_na_bacia":"ponto_representativo_grade_2022_within_bacia","pop_n_validos":1,"pop_n_total":1,"pop_completude":1.0,"dom_n_validos":1,"dom_n_total":1,"dom_completude":1.0},"geometry":{"type":"Polygon","coordinates":[[[-52.02477447480022,-28.428085784993314],[-52.024844552089135,-28.418807234765218],[-52.014919480151754,-28.41874156174406],[-52.01484905075102,-28.428020106335453],[-52.02477447480022,-28.428085784993314]]]}},{"type":"Feature","properties":{"id_grade":"1KME5200N8178","pop":7,"dom":2,"universo_dom":"domicilios_ocupados_grade_ibge_2022","na_bacia":1,"area_pct_bacia":100.0,"metodo_recorte_bacia":"ponto_representativo_grade_2022; area_pct_geometrica","status_borda_bacia":"total","metodo_area_bacia":"interse??o geom?trica em EPSG:5880","metodo_na_bacia":"ponto_representativo_grade_2022_within_bacia","pop_n_validos":1,"pop_n_total":1,"pop_completude":1.0,"dom_n_validos":1,"dom_n_total":1,"dom_completude":1.0},"geometry":{"type":"Polygon","coordinates":[[[-52.01484905075102,-28.428020106335453],[-52.014919480151754,-28.41874156174406],[-52.00499441321151,-28.41867555957512],[-52.004923631699505,-28.4279540985014],[-52.01484905075102,-28.428020106335453]]]}},{"type":"Feature","properties":{"id_grade":"1KME5191N8179","pop":8,"dom":3,"universo_dom":"domicilios_ocupados_grade_ibge_2022","na_bacia":1,"area_pct_bacia":100.0,"metodo_recorte_bacia":"ponto_representativo_grade_2022; area_pct_geometrica","status_borda_bacia":"total","metodo_area_bacia":"interse??o geom?trica em EPSG:5880","metodo_na_bacia":"ponto_representativo_grade_2022_within_bacia","pop_n_validos":1,"pop_n_total":1,"pop_completude":1.0,"dom_n_validos":1,"dom_n_total":1,"dom_completude":1.0},"geometry":{"type":"Polygon","coordinates":[[[-52.10424530448765,-28.41932076953809],[-52.104312560090975,-28.41004264223905],[-52.09438780116675,-28.409979607830575],[-52.09432019347244,-28.419257729721227],[-52.10424530448765,-28.41932076953809]]]}},{"type":"Feature","properties":{"id_grade":"1KME5192N8179","pop":10,"dom":4,"universo_dom":"domicilios_ocupados_grade_ibge_2022","na_bacia":1,"area_pct_bacia":100.0,"metodo_recorte_bacia":"ponto_representativo_grade_2022; area_pct_geometrica","status_borda_bacia":"total","metodo_area_bacia":"interse??o geom?trica em EPSG:5880","metodo_na_bacia":"ponto_representativo_grade_2022_within_bacia","pop_n_validos":1,"pop_n_total":1,"pop_completude":1.0,"dom_n_validos":1,"dom_n_total":1,"dom_completude":1.0},"geometry":{"type":"Polygon","coordinates":[[[-52.09432019347244,-28.419257729721227],[-52.09438780116675,-28.409979607830575],[-52.0844630470393,-28.409916244297897],[-52.08439508725452,-28.41919436075226],[-52.09432019347244,-28.419257729721227]]]}},{"type":"Feature","properties":{"id_grade":"1KME5194N8179","pop":14,"dom":4,"universo_dom":"domicilios_ocupados_grade_ibge_2022","na_bacia":1,"area_pct_bacia":100.0,"metodo_recorte_bacia":"ponto_representativo_grade_2022; area_pct_geometrica","status_borda_bacia":"total","metodo_area_bacia":"interse??o geom?trica em EPSG:5880","metodo_na_bacia":"ponto_representativo_grade_2022_within_bacia","pop_n_validos":1,"pop_n_total":1,"pop_completude":1.0,"dom_n_validos":1,"dom_n_total":1,"dom_completude":1.0},"geometry":{"type":"Polygon","coordinates":[[[-52.074469985858876,-28.41913066263108],[-52.074538297733625,-28.409852551641155],[-52.06461355327468,-28.409788529861355],[-52.06454488931049,-28.419066635358373],[-52.074469985858876,-28.41913066263108]]]}},{"type":"Feature","properties":{"id_grade":"1KME5195N8179","pop":4,"dom":2,"universo_dom":"domicilios_ocupados_grade_ibge_2022","na_bacia":1,"area_pct_bacia":100.0,"metodo_recorte_bacia":"ponto_representativo_grade_2022; area_pct_geometrica","status_borda_bacia":"total","metodo_area_bacia":"interse??o geom?trica em EPSG:5880","metodo_na_bacia":"ponto_representativo_grade_2022_within_bacia","pop_n_validos":1,"pop_n_total":1,"pop_completude":1.0,"dom_n_validos":1,"dom_n_total":1,"dom_completude":1.0},"geometry":{"type":"Polygon","coordinates":[[[-52.06454488931049,-28.419066635358373],[-52.06461355327468,-28.409788529861355],[-52.05468881368746,-28.409724178958882],[-52.054619797634345,-28.419002278934844],[-52.06454488931049,-28.419066635358373]]]}},{"type":"Feature","properties":{"id_grade":"1KME5196N8179","pop":13,"dom":4,"universo_dom":"domicilios_ocupados_grade_ibge_2022","na_bacia":1,"area_pct_bacia":100.0,"metodo_recorte_bacia":"ponto_representativo_grade_2022; area_pct_geometrica","status_borda_bacia":"total","metodo_area_bacia":"interse??o geom?trica em EPSG:5880","metodo_na_bacia":"ponto_representativo_grade_2022_within_bacia","pop_n_validos":1,"pop_n_total":1,"pop_completude":1.0,"dom_n_validos":1,"dom_n_total":1,"dom_completude":1.0},"geometry":{"type":"Polygon","coordinates":[[[-52.054619797634345,-28.419002278934844],[-52.05468881368746,-28.409724178958882],[-52.04476407899694,-28.40965949893419],[-52.044694710855424,-28.418937593361075],[-52.054619797634345,-28.419002278934844]]]}},{"type":"Feature","properties":{"id_grade":"1KME5197N8179","pop":18,"dom":6,"universo_dom":"domicilios_ocupados_grade_ibge_2022","na_bacia":1,"area_pct_bacia":100.0,"metodo_recorte_bacia":"ponto_representativo_grade_2022; area_pct_geometrica","status_borda_bacia":"total","metodo_area_bacia":"interse??o geom?trica em EPSG:5880","metodo_na_bacia":"ponto_representativo_grade_2022_within_bacia","pop_n_validos":1,"pop_n_total":1,"pop_completude":1.0,"dom_n_validos":1,"dom_n_total":1,"dom_completude":1.0},"geometry":{"type":"Polygon","coordinates":[[[-52.044694710855424,-28.418937593361075],[-52.04476407899694,-28.40965949893419],[-52.03483934922809,-28.40959448978836],[-52.03476962899868,-28.41887257863759],[-52.044694710855424,-28.418937593361075]]]}},{"type":"Feature","properties":{"id_grade":"1KME5198N8179","pop":15,"dom":4,"universo_dom":"domicilios_ocupados_grade_ibge_2022","na_bacia":1,"area_pct_bacia":100.0,"metodo_recorte_bacia":"ponto_representativo_grade_2022; area_pct_geometrica","status_borda_bacia":"total","metodo_area_bacia":"interse??o geom?trica em EPSG:5880","metodo_na_bacia":"ponto_representativo_grade_2022_within_bacia","pop_n_validos":1,"pop_n_total":1,"pop_completude":1.0,"dom_n_validos":1,"dom_n_total":1,"dom_completude":1.0},"geometry":{"type":"Polygon","coordinates":[[[-52.03476962899868,-28.41887257863759],[-52.03483934922809,-28.40959448978836],[-52.0249146244059,-28.409529151521557],[-52.024844552089135,-28.418807234765218],[-52.03476962899868,-28.41887257863759]]]}},{"type":"Feature","properties":{"id_grade":"1KME5199N8179","pop":10,"dom":3,"universo_dom":"domicilios_ocupados_grade_ibge_2022","na_bacia":1,"area_pct_bacia":100.0,"metodo_recorte_bacia":"ponto_representativo_grade_2022; area_pct_geometrica","status_borda_bacia":"total","metodo_area_bacia":"interse??o geom?trica em EPSG:5880","metodo_na_bacia":"ponto_representativo_grade_2022_within_bacia","pop_n_validos":1,"pop_n_total":1,"pop_completude":1.0,"dom_n_validos":1,"dom_n_total":1,"dom_completude":1.0},"geometry":{"type":"Polygon","coordinates":[[[-52.024844552089135,-28.418807234765218],[-52.0249146244059,-28.409529151521557],[-52.01498990455534,-28.40946348413442],[-52.014919480151754,-28.41874156174406],[-52.024844552089135,-28.418807234765218]]]}},{"type":"Feature","properties":{"id_grade":"1KME5192N8180","pop":4,"dom":2,"universo_dom":"domicilios_ocupados_grade_ibge_2022","na_bacia":1,"area_pct_bacia":100.0,"metodo_recorte_bacia":"ponto_representativo_grade_2022; area_pct_geometrica","status_borda_bacia":"total","metodo_area_bacia":"interse??o geom?trica em EPSG:5880","metodo_na_bacia":"ponto_representativo_grade_2022_within_bacia","pop_n_validos":1,"pop_n_total":1,"pop_completude":1.0,"dom_n_validos":1,"dom_n_total":1,"dom_completude":1.0},"geometry":{"type":"Polygon","coordinates":[[[-52.09438780116675,-28.409979607830575],[-52.09445540406427,-28.4007019525821],[-52.084531002002315,-28.400638594482956],[-52.0844630470393,-28.409916244297897],[-52.09438780116675,-28.409979607830575]]]}},{"type":"Feature","properties":{"id_grade":"1KME5193N8180","pop":14,"dom":4,"universo_dom":"domicilios_ocupados_grade_ibge_2022","na_bacia":1,"area_pct_bacia":100.0,"metodo_recorte_bacia":"ponto_representativo_grade_2022; area_pct_geometrica","status_borda_bacia":"total","metodo_area_bacia":"interse??o geom?trica em EPSG:5880","metodo_na_bacia":"ponto_representativo_grade_2022_within_bacia","pop_n_validos":1,"pop_n_total":1,"pop_completude":1.0,"dom_n_validos":1,"dom_n_total":1,"dom_completude":1.0},"geometry":{"type":"Polygon","coordinates":[[[-52.0844630470393,-28.409916244297897],[-52.084531002002315,-28.400638594482956],[-52.07460660476163,-28.400574907287908],[-52.074538297733625,-28.409852551641155],[-52.0844630470393,-28.409916244297897]]]}},{"type":"Feature","properties":{"id_grade":"1KME5194N8180","pop":24,"dom":7,"universo_dom":"domicilios_ocupados_grade_ibge_2022","na_bacia":1,"area_pct_bacia":100.0,"metodo_recorte_bacia":"ponto_representativo_grade_2022; area_pct_geometrica","status_borda_bacia":"total","metodo_area_bacia":"interse??o geom?trica em EPSG:5880","metodo_na_bacia":"ponto_representativo_grade_2022_within_bacia","pop_n_validos":1,"pop_n_total":1,"pop_completude":1.0,"dom_n_validos":1,"dom_n_total":1,"dom_completude":1.0},"geometry":{"type":"Polygon","coordinates":[[[-52.074538297733625,-28.409852551641155],[-52.07460660476163,-28.400574907287908],[-52.06468221236715,-28.400510890997836],[-52.06461355327468,-28.409788529861355],[-52.074538297733625,-28.409852551641155]]]}},{"type":"Feature","properties":{"id_grade":"1KME5195N8180","pop":1,"dom":1,"universo_dom":"domicilios_ocupados_grade_ibge_2022","na_bacia":1,"area_pct_bacia":100.0,"metodo_recorte_bacia":"ponto_representativo_grade_2022; area_pct_geometrica","status_borda_bacia":"total","metodo_area_bacia":"interse??o geom?trica em EPSG:5880","metodo_na_bacia":"ponto_representativo_grade_2022_within_bacia","pop_n_validos":1,"pop_n_total":1,"pop_completude":1.0,"dom_n_validos":1,"dom_n_total":1,"dom_completude":1.0},"geometry":{"type":"Polygon","coordinates":[[[-52.06461355327468,-28.409788529861355],[-52.06468221236715,-28.400510890997836],[-52.05475782484388,-28.40044654561348],[-52.05468881368746,-28.409724178958882],[-52.06461355327468,-28.409788529861355]]]}},{"type":"Feature","properties":{"id_grade":"1KME5196N8180","pop":9,"dom":2,"universo_dom":"domicilios_ocupados_grade_ibge_2022","na_bacia":1,"area_pct_bacia":100.0,"metodo_recorte_bacia":"ponto_representativo_grade_2022; area_pct_geometrica","status_borda_bacia":"total","metodo_area_bacia":"interse??o geom?trica em EPSG:5880","metodo_na_bacia":"ponto_representativo_grade_2022_within_bacia","pop_n_validos":1,"pop_n_total":1,"pop_completude":1.0,"dom_n_validos":1,"dom_n_total":1,"dom_completude":1.0},"geometry":{"type":"Polygon","coordinates":[[[-52.05468881368746,-28.409724178958882],[-52.05475782484388,-28.40044654561348],[-52.044833442216785,-28.40038187113546],[-52.04476407899694,-28.40965949893419],[-52.05468881368746,-28.409724178958882]]]}},{"type":"Feature","properties":{"id_grade":"1KME5197N8180","pop":17,"dom":8,"universo_dom":"domicilios_ocupados_grade_ibge_2022","na_bacia":1,"area_pct_bacia":100.0,"metodo_recorte_bacia":"ponto_representativo_grade_2022; area_pct_geometrica","status_borda_bacia":"total","metodo_area_bacia":"interse??o geom?trica em EPSG:5880","metodo_na_bacia":"ponto_representativo_grade_2022_within_bacia","pop_n_validos":1,"pop_n_total":1,"pop_completude":1.0,"dom_n_validos":1,"dom_n_total":1,"dom_completude":1.0},"geometry":{"type":"Polygon","coordinates":[[[-52.04476407899694,-28.40965949893419],[-52.044833442216785,-28.40038187113546],[-52.03490906451084,-28.40031686756399],[-52.03483934922809,-28.40959448978836],[-52.04476407899694,-28.40965949893419]]]}},{"type":"Feature","properties":{"id_grade":"1KME5198N8180","pop":2,"dom":1,"universo_dom":"domicilios_ocupados_grade_ibge_2022","na_bacia":1,"area_pct_bacia":100.0,"metodo_recorte_bacia":"ponto_representativo_grade_2022; area_pct_geometrica","status_borda_bacia":"total","metodo_area_bacia":"interse??o geom?trica em EPSG:5880","metodo_na_bacia":"ponto_representativo_grade_2022_within_bacia","pop_n_validos":1,"pop_n_total":1,"pop_completude":1.0,"dom_n_validos":1,"dom_n_total":1,"dom_completude":1.0},"geometry":{"type":"Polygon","coordinates":[[[-52.03483934922809,-28.40959448978836],[-52.03490906451084,-28.40031686756399],[-52.02498469175102,-28.400251534899965],[-52.0249146244059,-28.409529151521557],[-52.03483934922809,-28.40959448978836]]]}},{"type":"Feature","properties":{"id_grade":"1KME5202N8180","pop":4,"dom":2,"universo_dom":"domicilios_ocupados_grade_ibge_2022","na_bacia":1,"area_pct_bacia":100.0,"metodo_recorte_bacia":"ponto_representativo_grade_2022; area_pct_geometrica","status_borda_bacia":"total","metodo_area_bacia":"interse??o geom?trica em EPSG:5880","metodo_na_bacia":"ponto_representativo_grade_2022_within_bacia","pop_n_validos":1,"pop_n_total":1,"pop_completude":1.0,"dom_n_validos":1,"dom_n_total":1,"dom_completude":1.0},"geometry":{"type":"Polygon","coordinates":[[[-51.99514047986904,-28.409331162001752],[-51.99521160339812,-28.400053562357485],[-51.98528725067257,-28.39998691332888],[-51.98521577508325,-28.409264507257582],[-51.99514047986904,-28.409331162001752]]]}},{"type":"Feature","properties":{"id_grade":"1KME5190N8181","pop":4,"dom":1,"universo_dom":"domicilios_ocupados_grade_ibge_2022","na_bacia":1,"area_pct_bacia":100.0,"metodo_recorte_bacia":"ponto_representativo_grade_2022; area_pct_geometrica","status_borda_bacia":"total","metodo_area_bacia":"interse??o geom?trica em EPSG:5880","metodo_na_bacia":"ponto_representativo_grade_2022_within_bacia","pop_n_validos":1,"pop_n_total":1,"pop_completude":1.0,"dom_n_validos":1,"dom_n_total":1,"dom_completude":1.0},"geometry":{"type":"Polygon","coordinates":[[[-52.11430422255201,-28.40082768149162],[-52.11437111657069,-28.391550481746034],[-52.10444705698271,-28.39148778721391],[-52.10437981092249,-28.40076498158519],[-52.11430422255201,-28.40082768149162]]]}},{"type":"Feature","properties":{"id_grade":"1KME5191N8181","pop":9,"dom":4,"universo_dom":"domicilios_ocupados_grade_ibge_2022","na_bacia":1,"area_pct_bacia":100.0,"metodo_recorte_bacia":"ponto_representativo_grade_2022; area_pct_geometrica","status_borda_bacia":"total","metodo_area_bacia":"interse??o geom?trica em EPSG:5880","metodo_na_bacia":"ponto_representativo_grade_2022_within_bacia","pop_n_validos":1,"pop_n_total":1,"pop_completude":1.0,"dom_n_validos":1,"dom_n_total":1,"dom_completude":1.0},"geometry":{"type":"Polygon","coordinates":[[[-52.10437981092249,-28.40076498158519],[-52.10444705698271,-28.39148778721391],[-52.094523002165516,-28.391424763613358],[-52.09445540406427,-28.4007019525821],[-52.10437981092249,-28.40076498158519]]]}},{"type":"Feature","properties":{"id_grade":"1KME5192N8181","pop":4,"dom":2,"universo_dom":"domicilios_ocupados_grade_ibge_2022","na_bacia":1,"area_pct_bacia":100.0,"metodo_recorte_bacia":"ponto_representativo_grade_2022; area_pct_geometrica","status_borda_bacia":"total","metodo_area_bacia":"interse??o geom?trica em EPSG:5880","metodo_na_bacia":"ponto_representativo_grade_2022_within_bacia","pop_n_validos":1,"pop_n_total":1,"pop_completude":1.0,"dom_n_validos":1,"dom_n_total":1,"dom_completude":1.0},"geometry":{"type":"Polygon","coordinates":[[[-52.09445540406427,-28.4007019525821],[-52.094523002165516,-28.391424763613358],[-52.08459895214409,-28.391361410944437],[-52.084531002002315,-28.400638594482956],[-52.09445540406427,-28.4007019525821]]]}},{"type":"Feature","properties":{"id_grade":"1KME5193N8181","pop":5,"dom":3,"universo_dom":"domicilios_ocupados_grade_ibge_2022","na_bacia":1,"area_pct_bacia":100.0,"metodo_recorte_bacia":"ponto_representativo_grade_2022; area_pct_geometrica","status_borda_bacia":"total","metodo_area_bacia":"interse??o geom?trica em EPSG:5880","metodo_na_bacia":"ponto_representativo_grade_2022_within_bacia","pop_n_validos":1,"pop_n_total":1,"pop_completude":1.0,"dom_n_validos":1,"dom_n_total":1,"dom_completude":1.0},"geometry":{"type":"Polygon","coordinates":[[[-52.084531002002315,-28.400638594482956],[-52.08459895214409,-28.391361410944437],[-52.0746749069434,-28.39129772920844],[-52.07460660476163,-28.400574907287908],[-52.084531002002315,-28.400638594482956]]]}},{"type":"Feature","properties":{"id_grade":"1KME5194N8181","pop":2,"dom":1,"universo_dom":"domicilios_ocupados_grade_ibge_2022","na_bacia":1,"area_pct_bacia":100.0,"metodo_recorte_bacia":"ponto_representativo_grade_2022; area_pct_geometrica","status_borda_bacia":"total","metodo_area_bacia":"interse??o geom?trica em EPSG:5880","metodo_na_bacia":"ponto_representativo_grade_2022_within_bacia","pop_n_validos":1,"pop_n_total":1,"pop_completude":1.0,"dom_n_validos":1,"dom_n_total":1,"dom_completude":1.0},"geometry":{"type":"Polygon","coordinates":[[[-52.07460660476163,-28.400574907287908],[-52.0746749069434,-28.39129772920844],[-52.06475086658842,-28.391233718405687],[-52.06468221236715,-28.400510890997836],[-52.07460660476163,-28.400574907287908]]]}},{"type":"Feature","properties":{"id_grade":"1KME5195N8181","pop":10,"dom":6,"universo_dom":"domicilios_ocupados_grade_ibge_2022","na_bacia":1,"area_pct_bacia":100.0,"metodo_recorte_bacia":"ponto_representativo_grade_2022; area_pct_geometrica","status_borda_bacia":"total","metodo_area_bacia":"interse??o geom?trica em EPSG:5880","metodo_na_bacia":"ponto_representativo_grade_2022_within_bacia","pop_n_validos":1,"pop_n_total":1,"pop_completude":1.0,"dom_n_validos":1,"dom_n_total":1,"dom_completude":1.0},"geometry":{"type":"Polygon","coordinates":[[[-52.06468221236715,-28.400510890997836],[-52.06475086658842,-28.391233718405687],[-52.05482683110412,-28.39116937853658],[-52.05475782484388,-28.40044654561348],[-52.06468221236715,-28.400510890997836]]]}},{"type":"Feature","properties":{"id_grade":"1KME5196N8181","pop":5,"dom":2,"universo_dom":"domicilios_ocupados_grade_ibge_2022","na_bacia":1,"area_pct_bacia":100.0,"metodo_recorte_bacia":"ponto_representativo_grade_2022; area_pct_geometrica","status_borda_bacia":"total","metodo_area_bacia":"interse??o geom?trica em EPSG:5880","metodo_na_bacia":"ponto_representativo_grade_2022_within_bacia","pop_n_validos":1,"pop_n_total":1,"pop_completude":1.0,"dom_n_validos":1,"dom_n_total":1,"dom_completude":1.0},"geometry":{"type":"Polygon","coordinates":[[[-52.05475782484388,-28.40044654561348],[-52.05482683110412,-28.39116937853658],[-52.04490280051548,-28.39110470960183],[-52.044833442216785,-28.40038187113546],[-52.05475782484388,-28.40044654561348]]]}},{"type":"Feature","properties":{"id_grade":"1KME5198N8181","pop":2,"dom":2,"universo_dom":"domicilios_ocupados_grade_ibge_2022","na_bacia":1,"area_pct_bacia":100.0,"metodo_recorte_bacia":"ponto_representativo_grade_2022; area_pct_geometrica","status_borda_bacia":"total","metodo_area_bacia":"interse??o geom?trica em EPSG:5880","metodo_na_bacia":"ponto_representativo_grade_2022_within_bacia","pop_n_validos":1,"pop_n_total":1,"pop_completude":1.0,"dom_n_validos":1,"dom_n_total":1,"dom_completude":1.0},"geometry":{"type":"Polygon","coordinates":[[[-52.03490906451084,-28.40031686756399],[-52.034978774847474,-28.391039711601984],[-52.02505475412506,-28.39097438453766],[-52.02498469175102,-28.400251534899965],[-52.03490906451084,-28.40031686756399]]]}},{"type":"Feature","properties":{"id_grade":"1KME5192N8182","pop":15,"dom":5,"universo_dom":"domicilios_ocupados_grade_ibge_2022","na_bacia":1,"area_pct_bacia":100.0,"metodo_recorte_bacia":"ponto_representativo_grade_2022; area_pct_geometrica","status_borda_bacia":"total","metodo_area_bacia":"interse??o geom?trica em EPSG:5880","metodo_na_bacia":"ponto_representativo_grade_2022_within_bacia","pop_n_validos":1,"pop_n_total":1,"pop_completude":1.0,"dom_n_validos":1,"dom_n_total":1,"dom_completude":1.0},"geometry":{"type":"Polygon","coordinates":[[[-52.094523002165516,-28.391424763613358],[-52.094590595471004,-28.382148040561727],[-52.08466689746512,-28.3820846933207],[-52.08459895214409,-28.391361410944437],[-52.094523002165516,-28.391424763613358]]]}},{"type":"Feature","properties":{"id_grade":"1KME5193N8182","pop":16,"dom":5,"universo_dom":"domicilios_ocupados_grade_ibge_2022","na_bacia":1,"area_pct_bacia":100.0,"metodo_recorte_bacia":"ponto_representativo_grade_2022; area_pct_geometrica","status_borda_bacia":"total","metodo_area_bacia":"interse??o geom?trica em EPSG:5880","metodo_na_bacia":"ponto_representativo_grade_2022_within_bacia","pop_n_validos":1,"pop_n_total":1,"pop_completude":1.0,"dom_n_validos":1,"dom_n_total":1,"dom_completude":1.0},"geometry":{"type":"Polygon","coordinates":[[[-52.08459895214409,-28.391361410944437],[-52.08466689746512,-28.3820846933207],[-52.07474320427947,-28.382021017040643],[-52.0746749069434,-28.39129772920844],[-52.08459895214409,-28.391361410944437]]]}},{"type":"Feature","properties":{"id_grade":"1KME5194N8182","pop":14,"dom":6,"universo_dom":"domicilios_ocupados_grade_ibge_2022","na_bacia":1,"area_pct_bacia":100.0,"metodo_recorte_bacia":"ponto_representativo_grade_2022; area_pct_geometrica","status_borda_bacia":"total","metodo_area_bacia":"interse??o geom?trica em EPSG:5880","metodo_na_bacia":"ponto_representativo_grade_2022_within_bacia","pop_n_validos":1,"pop_n_total":1,"pop_completude":1.0,"dom_n_validos":1,"dom_n_total":1,"dom_completude":1.0},"geometry":{"type":"Polygon","coordinates":[[[-52.0746749069434,-28.39129772920844],[-52.07474320427947,-28.382021017040643],[-52.064819515939,-28.38195701172206],[-52.06475086658842,-28.391233718405687],[-52.0746749069434,-28.39129772920844]]]}},{"type":"Feature","properties":{"id_grade":"1KME5201N8182","pop":4,"dom":2,"universo_dom":"domicilios_ocupados_grade_ibge_2022","na_bacia":1,"area_pct_bacia":100.0,"metodo_recorte_bacia":"ponto_representativo_grade_2022; area_pct_geometrica","status_borda_bacia":"total","metodo_area_bacia":"interse??o geom?trica em EPSG:5880","metodo_na_bacia":"ponto_representativo_grade_2022_within_bacia","pop_n_validos":1,"pop_n_total":1,"pop_completude":1.0,"dom_n_validos":1,"dom_n_total":1,"dom_completude":1.0},"geometry":{"type":"Polygon","coordinates":[[[-52.00520672761694,-28.390842743218187],[-52.00527748904366,-28.381566070030793],[-51.995353835318724,-28.38149976145831],[-51.99528272188117,-28.390776428964003],[-52.00520672761694,-28.390842743218187]]]}},{"type":"Feature","properties":{"id_grade":"1KME5202N8182","pop":4,"dom":1,"universo_dom":"domicilios_ocupados_grade_ibge_2022","na_bacia":1,"area_pct_bacia":100.0,"metodo_recorte_bacia":"ponto_representativo_grade_2022; area_pct_geometrica","status_borda_bacia":"total","metodo_area_bacia":"interse??o geom?trica em EPSG:5880","metodo_na_bacia":"ponto_representativo_grade_2022_within_bacia","pop_n_validos":1,"pop_n_total":1,"pop_completude":1.0,"dom_n_validos":1,"dom_n_total":1,"dom_completude":1.0},"geometry":{"type":"Polygon","coordinates":[[[-51.99528272188117,-28.390776428964003],[-51.995353835318724,-28.38149976145831],[-51.985430186638744,-28.381433123851643],[-51.9853587211909,-28.39070978564766],[-51.99528272188117,-28.390776428964003]]]}},{"type":"Feature","properties":{"id_grade":"1KME5192N8183","pop":6,"dom":3,"universo_dom":"domicilios_ocupados_grade_ibge_2022","na_bacia":1,"area_pct_bacia":100.0,"metodo_recorte_bacia":"ponto_representativo_grade_2022; area_pct_geometrica","status_borda_bacia":"total","metodo_area_bacia":"interse??o geom?trica em EPSG:5880","metodo_na_bacia":"ponto_representativo_grade_2022_within_bacia","pop_n_validos":1,"pop_n_total":1,"pop_completude":1.0,"dom_n_validos":1,"dom_n_total":1,"dom_completude":1.0},"geometry":{"type":"Polygon","coordinates":[[[-52.094590595471004,-28.382148040561727],[-52.09465818398124,-28.372871783065055],[-52.08473483796593,-28.372808441249152],[-52.08466689746512,-28.3820846933207],[-52.094590595471004,-28.382148040561727]]]}},{"type":"Feature","properties":{"id_grade":"1KME5193N8183","pop":3,"dom":1,"universo_dom":"domicilios_ocupados_grade_ibge_2022","na_bacia":1,"area_pct_bacia":100.0,"metodo_recorte_bacia":"ponto_representativo_grade_2022; area_pct_geometrica","status_borda_bacia":"total","metodo_area_bacia":"interse??o geom?trica em EPSG:5880","metodo_na_bacia":"ponto_representativo_grade_2022_within_bacia","pop_n_validos":1,"pop_n_total":1,"pop_completude":1.0,"dom_n_validos":1,"dom_n_total":1,"dom_completude":1.0},"geometry":{"type":"Polygon","coordinates":[[[-52.08466689746512,-28.3820846933207],[-52.08473483796593,-28.372808441249152],[-52.07481149677034,-28.372744770422333],[-52.07474320427947,-28.382021017040643],[-52.08466689746512,-28.3820846933207]]]}},{"type":"Feature","properties":{"id_grade":"1KME5194N8183","pop":4,"dom":2,"universo_dom":"domicilios_ocupados_grade_ibge_2022","na_bacia":1,"area_pct_bacia":100.0,"metodo_recorte_bacia":"ponto_representativo_grade_2022; area_pct_geometrica","status_borda_bacia":"total","metodo_area_bacia":"interse??o geom?trica em EPSG:5880","metodo_na_bacia":"ponto_representativo_grade_2022_within_bacia","pop_n_validos":1,"pop_n_total":1,"pop_completude":1.0,"dom_n_validos":1,"dom_n_total":1,"dom_completude":1.0},"geometry":{"type":"Polygon","coordinates":[[[-52.07474320427947,-28.382021017040643],[-52.07481149677034,-28.372744770422333],[-52.06488816041942,-28.372680770584882],[-52.064819515939,-28.38195701172206],[-52.07474320427947,-28.382021017040643]]]}},{"type":"Feature","properties":{"id_grade":"1KME5200N8183","pop":7,"dom":3,"universo_dom":"domicilios_ocupados_grade_ibge_2022","na_bacia":1,"area_pct_bacia":100.0,"metodo_recorte_bacia":"ponto_representativo_grade_2022; area_pct_geometrica","status_borda_bacia":"total","metodo_area_bacia":"interse??o geom?trica em EPSG:5880","metodo_na_bacia":"ponto_representativo_grade_2022_within_bacia","pop_n_validos":1,"pop_n_total":1,"pop_completude":1.0,"dom_n_validos":1,"dom_n_total":1,"dom_completude":1.0},"geometry":{"type":"Polygon","coordinates":[[[-52.01520114778858,-28.381632049569184],[-52.015271552208915,-28.372355836260752],[-52.00534824545039,-28.372289862372643],[-52.00527748904366,-28.381566070030793],[-52.01520114778858,-28.381632049569184]]]}},{"type":"Feature","properties":{"id_grade":"1KME5204N8183","pop":18,"dom":8,"universo_dom":"domicilios_ocupados_grade_ibge_2022","na_bacia":1,"area_pct_bacia":100.0,"metodo_recorte_bacia":"ponto_representativo_grade_2022; area_pct_geometrica","status_borda_bacia":"total","metodo_area_bacia":"interse??o geom?trica em EPSG:5880","metodo_na_bacia":"ponto_representativo_grade_2022_within_bacia","pop_n_validos":1,"pop_n_total":1,"pop_completude":1.0,"dom_n_validos":1,"dom_n_total":1,"dom_completude":1.0},"geometry":{"type":"Polygon","coordinates":[[[-51.975506543028686,-28.38136615721151],[-51.97557835539141,-28.372089966672803],[-51.96565506886049,-28.372022676763027],[-51.96558290451354,-28.38129886153887],[-51.975506543028686,-28.38136615721151]]]}},{"type":"Feature","properties":{"id_grade":"1KME5192N8184","pop":10,"dom":3,"universo_dom":"domicilios_ocupados_grade_ibge_2022","na_bacia":1,"area_pct_bacia":100.0,"metodo_recorte_bacia":"ponto_representativo_grade_2022; area_pct_geometrica","status_borda_bacia":"total","metodo_area_bacia":"interse??o geom?trica em EPSG:5880","metodo_na_bacia":"ponto_representativo_grade_2022_within_bacia","pop_n_validos":1,"pop_n_total":1,"pop_completude":1.0,"dom_n_validos":1,"dom_n_total":1,"dom_completude":1.0},"geometry":{"type":"Polygon","coordinates":[[[-52.09465818398124,-28.372871783065055],[-52.09472576769673,-28.36359599076176],[-52.08480277364703,-28.363532654367933],[-52.08473483796593,-28.372808441249152],[-52.09465818398124,-28.372871783065055]]]}},{"type":"Feature","properties":{"id_grade":"1KME5193N8184","pop":16,"dom":6,"universo_dom":"domicilios_ocupados_grade_ibge_2022","na_bacia":1,"area_pct_bacia":100.0,"metodo_recorte_bacia":"ponto_representativo_grade_2022; area_pct_geometrica","status_borda_bacia":"total","metodo_area_bacia":"interse??o geom?trica em EPSG:5880","metodo_na_bacia":"ponto_representativo_grade_2022_within_bacia","pop_n_validos":1,"pop_n_total":1,"pop_completude":1.0,"dom_n_validos":1,"dom_n_total":1,"dom_completude":1.0},"geometry":{"type":"Polygon","coordinates":[[[-52.08473483796593,-28.372808441249152],[-52.08480277364703,-28.363532654367933],[-52.07487978441653,-28.363468988991325],[-52.07481149677034,-28.372744770422333],[-52.08473483796593,-28.372808441249152]]]}},{"type":"Feature","properties":{"id_grade":"1KME5195N8184","pop":2,"dom":1,"universo_dom":"domicilios_ocupados_grade_ibge_2022","na_bacia":1,"area_pct_bacia":100.0,"metodo_recorte_bacia":"ponto_representativo_grade_2022; area_pct_geometrica","status_borda_bacia":"total","metodo_area_bacia":"interse??o geom?trica em EPSG:5880","metodo_na_bacia":"ponto_representativo_grade_2022_within_bacia","pop_n_validos":1,"pop_n_total":1,"pop_completude":1.0,"dom_n_validos":1,"dom_n_total":1,"dom_completude":1.0},"geometry":{"type":"Polygon","coordinates":[[[-52.06488816041942,-28.372680770584882],[-52.06495680003021,-28.36340499463195],[-52.055033820512996,-28.36334067129152],[-52.05496482893816,-28.372616441737545],[-52.06488816041942,-28.372680770584882]]]}},{"type":"Feature","properties":{"id_grade":"1KME5196N8184","pop":7,"dom":4,"universo_dom":"domicilios_ocupados_grade_ibge_2022","na_bacia":1,"area_pct_bacia":100.0,"metodo_recorte_bacia":"ponto_representativo_grade_2022; area_pct_geometrica","status_borda_bacia":"total","metodo_area_bacia":"interse??o geom?trica em EPSG:5880","metodo_na_bacia":"ponto_representativo_grade_2022_within_bacia","pop_n_validos":1,"pop_n_total":1,"pop_completude":1.0,"dom_n_validos":1,"dom_n_total":1,"dom_completude":1.0},"geometry":{"type":"Polygon","coordinates":[[[-52.05496482893816,-28.372616441737545],[-52.055033820512996,-28.36334067129152],[-52.04511084588989,-28.363276018969348],[-52.04504150235151,-28.372551783880997],[-52.05496482893816,-28.372616441737545]]]}},{"type":"Feature","properties":{"id_grade":"1KME5200N8184","pop":9,"dom":4,"universo_dom":"domicilios_ocupados_grade_ibge_2022","na_bacia":1,"area_pct_bacia":100.0,"metodo_recorte_bacia":"ponto_representativo_grade_2022; area_pct_geometrica","status_borda_bacia":"total","metodo_area_bacia":"interse??o geom?trica em EPSG:5880","metodo_na_bacia":"ponto_representativo_grade_2022_within_bacia","pop_n_validos":1,"pop_n_total":1,"pop_completude":1.0,"dom_n_validos":1,"dom_n_total":1,"dom_completude":1.0},"geometry":{"type":"Polygon","coordinates":[[[-52.015271552208915,-28.372355836260752],[-52.01534195163477,-28.36308008812194],[-52.005418996837676,-28.363014119881093],[-52.00534824545039,-28.372289862372643],[-52.015271552208915,-28.372355836260752]]]}},{"type":"Feature","properties":{"id_grade":"1KME5202N8184","pop":5,"dom":1,"universo_dom":"domicilios_ocupados_grade_ibge_2022","na_bacia":1,"area_pct_bacia":100.0,"metodo_recorte_bacia":"ponto_representativo_grade_2022; area_pct_geometrica","status_borda_bacia":"total","metodo_area_bacia":"interse??o geom?trica em EPSG:5880","metodo_na_bacia":"ponto_representativo_grade_2022_within_bacia","pop_n_validos":1,"pop_n_total":1,"pop_completude":1.0,"dom_n_validos":1,"dom_n_total":1,"dom_completude":1.0},"geometry":{"type":"Polygon","coordinates":[[[-51.99542494371132,-28.372223559478087],[-51.995496047059504,-28.362947822661933],[-51.98557310232522,-28.362881196465462],[-51.985501647016676,-28.372156927578096],[-51.99542494371132,-28.372223559478087]]]}},{"type":"Feature","properties":{"id_grade":"1KME5204N8184","pop":13,"dom":4,"universo_dom":"domicilios_ocupados_grade_ibge_2022","na_bacia":1,"area_pct_bacia":100.0,"metodo_recorte_bacia":"ponto_representativo_grade_2022; area_pct_geometrica","status_borda_bacia":"total","metodo_area_bacia":"interse??o geom?trica em EPSG:5880","metodo_na_bacia":"ponto_representativo_grade_2022_within_bacia","pop_n_validos":1,"pop_n_total":1,"pop_completude":1.0,"dom_n_validos":1,"dom_n_total":1,"dom_completude":1.0},"geometry":{"type":"Polygon","coordinates":[[[-51.97557835539141,-28.372089966672803],[-51.97565016265978,-28.36281424129191],[-51.96572722808815,-28.362746957141834],[-51.96565506886049,-28.372022676763027],[-51.97557835539141,-28.372089966672803]]]}},{"type":"Feature","properties":{"id_grade":"1KME5191N8185","pop":26,"dom":10,"universo_dom":"domicilios_ocupados_grade_ibge_2022","na_bacia":1,"area_pct_bacia":100.0,"metodo_recorte_bacia":"ponto_representativo_grade_2022; area_pct_geometrica","status_borda_bacia":"total","metodo_area_bacia":"interse??o geom?trica em EPSG:5880","metodo_na_bacia":"ponto_representativo_grade_2022_within_bacia","pop_n_validos":1,"pop_n_total":1,"pop_completude":1.0,"dom_n_validos":1,"dom_n_total":1,"dom_completude":1.0},"geometry":{"type":"Polygon","coordinates":[[[-52.104648766540656,-28.363658998171925],[-52.104715993520756,-28.35438366530865],[-52.09479334661798,-28.354320663289457],[-52.09472576769673,-28.36359599076176],[-52.104648766540656,-28.363658998171925]]]}},{"type":"Feature","properties":{"id_grade":"1KME5192N8185","pop":9,"dom":4,"universo_dom":"domicilios_ocupados_grade_ibge_2022","na_bacia":1,"area_pct_bacia":100.0,"metodo_recorte_bacia":"ponto_representativo_grade_2022; area_pct_geometrica","status_borda_bacia":"total","metodo_area_bacia":"interse??o geom?trica em EPSG:5880","metodo_na_bacia":"ponto_representativo_grade_2022_within_bacia","pop_n_validos":1,"pop_n_total":1,"pop_completude":1.0,"dom_n_validos":1,"dom_n_total":1,"dom_completude":1.0},"geometry":{"type":"Polygon","coordinates":[[[-52.09472576769673,-28.36359599076176],[-52.09479334661798,-28.354320663289457],[-52.08487070450893,-28.354257332315125],[-52.08480277364703,-28.363532654367933],[-52.09472576769673,-28.36359599076176]]]}},{"type":"Feature","properties":{"id_grade":"1KME5193N8185","pop":1,"dom":1,"universo_dom":"domicilios_ocupados_grade_ibge_2022","na_bacia":1,"area_pct_bacia":100.0,"metodo_recorte_bacia":"ponto_representativo_grade_2022; area_pct_geometrica","status_borda_bacia":"total","metodo_area_bacia":"interse??o geom?trica em EPSG:5880","metodo_na_bacia":"ponto_representativo_grade_2022_within_bacia","pop_n_validos":1,"pop_n_total":1,"pop_completude":1.0,"dom_n_validos":1,"dom_n_total":1,"dom_completude":1.0},"geometry":{"type":"Polygon","coordinates":[[[-52.08480277364703,-28.363532654367933],[-52.08487070450893,-28.354257332315125],[-52.07494806721857,-28.354193672385488],[-52.07487978441653,-28.363468988991325],[-52.08480277364703,-28.363532654367933]]]}},{"type":"Feature","properties":{"id_grade":"1KME5194N8185","pop":10,"dom":6,"universo_dom":"domicilios_ocupados_grade_ibge_2022","na_bacia":1,"area_pct_bacia":100.0,"metodo_recorte_bacia":"ponto_representativo_grade_2022; area_pct_geometrica","status_borda_bacia":"total","metodo_area_bacia":"interse??o geom?trica em EPSG:5880","metodo_na_bacia":"ponto_representativo_grade_2022_within_bacia","pop_n_validos":1,"pop_n_total":1,"pop_completude":1.0,"dom_n_validos":1,"dom_n_total":1,"dom_completude":1.0},"geometry":{"type":"Polygon","coordinates":[[[-52.07487978441653,-28.363468988991325],[-52.07494806721857,-28.354193672385488],[-52.065025434771854,-28.354129683501885],[-52.06495680003021,-28.36340499463195],[-52.07487978441653,-28.363468988991325]]]}},{"type":"Feature","properties":{"id_grade":"1KME5196N8185","pop":3,"dom":1,"universo_dom":"domicilios_ocupados_grade_ibge_2022","na_bacia":1,"area_pct_bacia":100.0,"metodo_recorte_bacia":"ponto_representativo_grade_2022; area_pct_geometrica","status_borda_bacia":"total","metodo_area_bacia":"interse??o geom?trica em EPSG:5880","metodo_na_bacia":"ponto_representativo_grade_2022_within_bacia","pop_n_validos":1,"pop_n_total":1,"pop_completude":1.0,"dom_n_validos":1,"dom_n_total":1,"dom_completude":1.0},"geometry":{"type":"Polygon","coordinates":[[[-52.055033820512996,-28.36334067129152],[-52.05510280719374,-28.354065365664578],[-52.04518018450921,-28.35400071887435],[-52.04511084588989,-28.363276018969348],[-52.055033820512996,-28.36334067129152]]]}},{"type":"Feature","properties":{"id_grade":"1KME5201N8185","pop":3,"dom":1,"universo_dom":"domicilios_ocupados_grade_ibge_2022","na_bacia":1,"area_pct_bacia":100.0,"metodo_recorte_bacia":"ponto_representativo_grade_2022; area_pct_geometrica","status_borda_bacia":"total","metodo_area_bacia":"interse??o geom?trica em EPSG:5880","metodo_na_bacia":"ponto_representativo_grade_2022_within_bacia","pop_n_validos":1,"pop_n_total":1,"pop_completude":1.0,"dom_n_validos":1,"dom_n_total":1,"dom_completude":1.0},"geometry":{"type":"Polygon","coordinates":[[[-52.005418996837676,-28.363014119881093],[-52.00548974320604,-28.353738842194485],[-51.9955671453638,-28.353672550648042],[-51.995496047059504,-28.362947822661933],[-52.005418996837676,-28.363014119881093]]]}},{"type":"Feature","properties":{"id_grade":"1KME5202N8185","pop":8,"dom":2,"universo_dom":"domicilios_ocupados_grade_ibge_2022","na_bacia":1,"area_pct_bacia":100.0,"metodo_recorte_bacia":"ponto_representativo_grade_2022; area_pct_geometrica","status_borda_bacia":"total","metodo_area_bacia":"interse??o geom?trica em EPSG:5880","metodo_na_bacia":"ponto_representativo_grade_2022_within_bacia","pop_n_validos":1,"pop_n_total":1,"pop_completude":1.0,"dom_n_validos":1,"dom_n_total":1,"dom_completude":1.0},"geometry":{"type":"Polygon","coordinates":[[[-51.995496047059504,-28.362947822661933],[-51.9955671453638,-28.353672550648042],[-51.985644552564914,-28.353605930151915],[-51.98557310232522,-28.362881196465462],[-51.995496047059504,-28.362947822661933]]]}},{"type":"Feature","properties":{"id_grade":"1KME5203N8185","pop":13,"dom":4,"universo_dom":"domicilios_ocupados_grade_ibge_2022","na_bacia":1,"area_pct_bacia":100.0,"metodo_recorte_bacia":"ponto_representativo_grade_2022; area_pct_geometrica","status_borda_bacia":"total","metodo_area_bacia":"interse??o geom?trica em EPSG:5880","metodo_na_bacia":"ponto_representativo_grade_2022_within_bacia","pop_n_validos":1,"pop_n_total":1,"pop_completude":1.0,"dom_n_validos":1,"dom_n_total":1,"dom_completude":1.0},"geometry":{"type":"Polygon","coordinates":[[[-51.98557310232522,-28.362881196465462],[-51.985644552564914,-28.353605930151915],[-51.97572196483433,-28.353538980706798],[-51.97565016265978,-28.36281424129191],[-51.98557310232522,-28.362881196465462]]]}},{"type":"Feature","properties":{"id_grade":"1KME5204N8185","pop":6,"dom":2,"universo_dom":"domicilios_ocupados_grade_ibge_2022","na_bacia":1,"area_pct_bacia":100.0,"metodo_recorte_bacia":"ponto_representativo_grade_2022; area_pct_geometrica","status_borda_bacia":"total","metodo_area_bacia":"interse??o geom?trica em EPSG:5880","metodo_na_bacia":"ponto_representativo_grade_2022_within_bacia","pop_n_validos":1,"pop_n_total":1,"pop_completude":1.0,"dom_n_validos":1,"dom_n_total":1,"dom_completude":1.0},"geometry":{"type":"Polygon","coordinates":[[[-51.97565016265978,-28.36281424129191],[-51.97572196483433,-28.353538980706798],[-51.96579938219702,-28.353471702313605],[-51.96572722808815,-28.362746957141834],[-51.97565016265978,-28.36281424129191]]]}},{"type":"Feature","properties":{"id_grade":"1KME5191N8186","pop":6,"dom":3,"universo_dom":"domicilios_ocupados_grade_ibge_2022","na_bacia":1,"area_pct_bacia":100.0,"metodo_recorte_bacia":"ponto_representativo_grade_2022; area_pct_geometrica","status_borda_bacia":"total","metodo_area_bacia":"interse??o geom?trica em EPSG:5880","metodo_na_bacia":"ponto_representativo_grade_2022_within_bacia","pop_n_validos":1,"pop_n_total":1,"pop_completude":1.0,"dom_n_validos":1,"dom_n_total":1,"dom_completude":1.0},"geometry":{"type":"Polygon","coordinates":[[[-52.104715993520756,-28.35438366530865],[-52.1047832157321,-28.345108796917597],[-52.09486092074551,-28.345045800286748],[-52.09479334661798,-28.354320663289457],[-52.104715993520756,-28.35438366530865]]]}},{"type":"Feature","properties":{"id_grade":"1KME5192N8186","pop":13,"dom":5,"universo_dom":"domicilios_ocupados_grade_ibge_2022","na_bacia":1,"area_pct_bacia":100.0,"metodo_recorte_bacia":"ponto_representativo_grade_2022; area_pct_geometrica","status_borda_bacia":"total","metodo_area_bacia":"interse??o geom?trica em EPSG:5880","metodo_na_bacia":"ponto_representativo_grade_2022_within_bacia","pop_n_validos":1,"pop_n_total":1,"pop_completude":1.0,"dom_n_validos":1,"dom_n_total":1,"dom_completude":1.0},"geometry":{"type":"Polygon","coordinates":[[[-52.09479334661798,-28.354320663289457],[-52.09486092074551,-28.345045800286748],[-52.084938630552145,-28.344982474728386],[-52.08487070450893,-28.354257332315125],[-52.09479334661798,-28.354320663289457]]]}},{"type":"Feature","properties":{"id_grade":"1KME5193N8186","pop":4,"dom":1,"universo_dom":"domicilios_ocupados_grade_ibge_2022","na_bacia":1,"area_pct_bacia":100.0,"metodo_recorte_bacia":"ponto_representativo_grade_2022; area_pct_geometrica","status_borda_bacia":"total","metodo_area_bacia":"interse??o geom?trica em EPSG:5880","metodo_na_bacia":"ponto_representativo_grade_2022_within_bacia","pop_n_validos":1,"pop_n_total":1,"pop_completude":1.0,"dom_n_validos":1,"dom_n_total":1,"dom_completude":1.0},"geometry":{"type":"Polygon","coordinates":[[[-52.08487070450893,-28.354257332315125],[-52.084938630552145,-28.344982474728386],[-52.075016345176955,-28.344918820243393],[-52.07494806721857,-28.354193672385488],[-52.08487070450893,-28.354257332315125]]]}},{"type":"Feature","properties":{"id_grade":"1KME5194N8186","pop":4,"dom":2,"universo_dom":"domicilios_ocupados_grade_ibge_2022","na_bacia":1,"area_pct_bacia":100.0,"metodo_recorte_bacia":"ponto_representativo_grade_2022; area_pct_geometrica","status_borda_bacia":"total","metodo_area_bacia":"interse??o geom?trica em EPSG:5880","metodo_na_bacia":"ponto_representativo_grade_2022_within_bacia","pop_n_validos":1,"pop_n_total":1,"pop_completude":1.0,"dom_n_validos":1,"dom_n_total":1,"dom_completude":1.0},"geometry":{"type":"Polygon","coordinates":[[[-52.07494806721857,-28.354193672385488],[-52.075016345176955,-28.344918820243393],[-52.06509406464488,-28.344854836832504],[-52.065025434771854,-28.354129683501885],[-52.07494806721857,-28.354193672385488]]]}},{"type":"Feature","properties":{"id_grade":"1KME5195N8186","pop":9,"dom":3,"universo_dom":"domicilios_ocupados_grade_ibge_2022","na_bacia":1,"area_pct_bacia":100.0,"metodo_recorte_bacia":"ponto_representativo_grade_2022; area_pct_geometrica","status_borda_bacia":"total","metodo_area_bacia":"interse??o geom?trica em EPSG:5880","metodo_na_bacia":"ponto_representativo_grade_2022_within_bacia","pop_n_validos":1,"pop_n_total":1,"pop_completude":1.0,"dom_n_validos":1,"dom_n_total":1,"dom_completude":1.0},"geometry":{"type":"Polygon","coordinates":[[[-52.065025434771854,-28.354129683501885],[-52.06509406464488,-28.344854836832504],[-52.055171788980914,-28.344790524495995],[-52.05510280719374,-28.354065365664578],[-52.065025434771854,-28.354129683501885]]]}},{"type":"Feature","properties":{"id_grade":"1KME5197N8186","pop":17,"dom":8,"universo_dom":"domicilios_ocupados_grade_ibge_2022","na_bacia":1,"area_pct_bacia":100.0,"metodo_recorte_bacia":"ponto_representativo_grade_2022; area_pct_geometrica","status_borda_bacia":"total","metodo_area_bacia":"interse??o geom?trica em EPSG:5880","metodo_na_bacia":"ponto_representativo_grade_2022_within_bacia","pop_n_validos":1,"pop_n_total":1,"pop_completude":1.0,"dom_n_validos":1,"dom_n_total":1,"dom_completude":1.0},"geometry":{"type":"Polygon","coordinates":[[[-52.04518018450921,-28.35400071887435],[-52.04524951820999,-28.344725883234638],[-52.035327252357085,-28.34466091304887],[-52.03525756674321,-28.35393574313158],[-52.04518018450921,-28.35400071887435]]]}},{"type":"Feature","properties":{"id_grade":"1KME5198N8186","pop":4,"dom":1,"universo_dom":"domicilios_ocupados_grade_ibge_2022","na_bacia":1,"area_pct_bacia":100.0,"metodo_recorte_bacia":"ponto_representativo_grade_2022; area_pct_geometrica","status_borda_bacia":"total","metodo_area_bacia":"interse??o geom?trica em EPSG:5880","metodo_na_bacia":"ponto_representativo_grade_2022_within_bacia","pop_n_validos":1,"pop_n_total":1,"pop_completude":1.0,"dom_n_validos":1,"dom_n_total":1,"dom_completude":1.0},"geometry":{"type":"Polygon","coordinates":[[[-52.03525756674321,-28.35393574313158],[-52.035327252357085,-28.34466091304887],[-52.025404991447154,-28.344595613939052],[-52.025334953920705,-28.353870438437117],[-52.03525756674321,-28.35393574313158]]]}},{"type":"Feature","properties":{"id_grade":"1KME5201N8186","pop":4,"dom":1,"universo_dom":"domicilios_ocupados_grade_ibge_2022","na_bacia":1,"area_pct_bacia":100.0,"metodo_recorte_bacia":"ponto_representativo_grade_2022; area_pct_geometrica","status_borda_bacia":"total","metodo_area_bacia":"interse??o geom?trica em EPSG:5880","metodo_na_bacia":"ponto_representativo_grade_2022_within_bacia","pop_n_validos":1,"pop_n_total":1,"pop_completude":1.0,"dom_n_validos":1,"dom_n_total":1,"dom_completude":1.0},"geometry":{"type":"Polygon","coordinates":[[[-52.00548974320604,-28.353738842194485],[-52.00556048455603,-28.344464028951247],[-51.99563823862476,-28.34439774307391],[-51.9955671453638,-28.353672550648042],[-52.00548974320604,-28.353738842194485]]]}},{"type":"Feature","properties":{"id_grade":"1KME5203N8186","pop":10,"dom":3,"universo_dom":"domicilios_ocupados_grade_ibge_2022","na_bacia":1,"area_pct_bacia":100.0,"metodo_recorte_bacia":"ponto_representativo_grade_2022; area_pct_geometrica","status_borda_bacia":"total","metodo_area_bacia":"interse??o geom?trica em EPSG:5880","metodo_na_bacia":"ponto_representativo_grade_2022_within_bacia","pop_n_validos":1,"pop_n_total":1,"pop_completude":1.0,"dom_n_validos":1,"dom_n_total":1,"dom_completude":1.0},"geometry":{"type":"Polygon","coordinates":[[[-51.985644552564914,-28.353605930151915],[-51.9857159977363,-28.344331128275286],[-51.97579376191561,-28.34426418455619],[-51.97572196483433,-28.353538980706798],[-51.985644552564914,-28.353605930151915]]]}},{"type":"Feature","properties":{"id_grade":"1KME5195N8187","pop":5,"dom":2,"universo_dom":"domicilios_ocupados_grade_ibge_2022","na_bacia":1,"area_pct_bacia":100.0,"metodo_recorte_bacia":"ponto_representativo_grade_2022; area_pct_geometrica","status_borda_bacia":"total","metodo_area_bacia":"interse??o geom?trica em EPSG:5880","metodo_na_bacia":"ponto_representativo_grade_2022_within_bacia","pop_n_validos":1,"pop_n_total":1,"pop_completude":1.0,"dom_n_validos":1,"dom_n_total":1,"dom_completude":1.0},"geometry":{"type":"Polygon","coordinates":[[[-52.06509406464488,-28.344854836832504],[-52.06516268964983,-28.335580454262672],[-52.055240765875034,-28.335516147423757],[-52.055171788980914,-28.344790524495995],[-52.06509406464488,-28.344854836832504]]]}},{"type":"Feature","properties":{"id_grade":"1KME5197N8187","pop":3,"dom":1,"universo_dom":"domicilios_ocupados_grade_ibge_2022","na_bacia":1,"area_pct_bacia":100.0,"metodo_recorte_bacia":"ponto_representativo_grade_2022; area_pct_geometrica","status_borda_bacia":"total","metodo_area_bacia":"interse??o geom?trica em EPSG:5880","metodo_na_bacia":"ponto_representativo_grade_2022_within_bacia","pop_n_validos":1,"pop_n_total":1,"pop_completude":1.0,"dom_n_validos":1,"dom_n_total":1,"dom_completude":1.0},"geometry":{"type":"Polygon","coordinates":[[[-52.04524951820999,-28.344725883234638],[-52.045318846992764,-28.335451511688472],[-52.03539693302799,-28.33538654705657],[-52.035327252357085,-28.34466091304887],[-52.04524951820999,-28.344725883234638]]]}},{"type":"Feature","properties":{"id_grade":"1KME5201N8187","pop":3,"dom":1,"universo_dom":"domicilios_ocupados_grade_ibge_2022","na_bacia":1,"area_pct_bacia":100.0,"metodo_recorte_bacia":"ponto_representativo_grade_2022; area_pct_geometrica","status_borda_bacia":"total","metodo_area_bacia":"interse??o geom?trica em EPSG:5880","metodo_na_bacia":"ponto_representativo_grade_2022_within_bacia","pop_n_validos":1,"pop_n_total":1,"pop_completude":1.0,"dom_n_validos":1,"dom_n_total":1,"dom_completude":1.0},"geometry":{"type":"Polygon","coordinates":[[[-52.00556048455603,-28.344464028951247],[-52.00563122088815,-28.335189679789863],[-51.9957093268429,-28.33512339957877],[-51.99563823862476,-28.34439774307391],[-52.00556048455603,-28.344464028951247]]]}},{"type":"Feature","properties":{"id_grade":"1KME5202N8187","pop":10,"dom":4,"universo_dom":"domicilios_ocupados_grade_ibge_2022","na_bacia":1,"area_pct_bacia":100.0,"metodo_recorte_bacia":"ponto_representativo_grade_2022; area_pct_geometrica","status_borda_bacia":"total","metodo_area_bacia":"interse??o geom?trica em EPSG:5880","metodo_na_bacia":"ponto_representativo_grade_2022_within_bacia","pop_n_validos":1,"pop_n_total":1,"pop_completude":1.0,"dom_n_validos":1,"dom_n_total":1,"dom_completude":1.0},"geometry":{"type":"Polygon","coordinates":[[[-51.99563823862476,-28.34439774307391],[-51.9957093268429,-28.33512339957877],[-51.98578743783992,-28.33505679047497],[-51.9857159977363,-28.344331128275286],[-51.99563823862476,-28.34439774307391]]]}},{"type":"Feature","properties":{"id_grade":"1KME5195N8188","pop":5,"dom":3,"universo_dom":"domicilios_ocupados_grade_ibge_2022","na_bacia":1,"area_pct_bacia":100.0,"metodo_recorte_bacia":"ponto_representativo_grade_2022; area_pct_geometrica","status_borda_bacia":"total","metodo_area_bacia":"interse??o geom?trica em EPSG:5880","metodo_na_bacia":"ponto_representativo_grade_2022_within_bacia","pop_n_validos":1,"pop_n_total":1,"pop_completude":1.0,"dom_n_validos":1,"dom_n_total":1,"dom_completude":1.0},"geometry":{"type":"Polygon","coordinates":[[[-52.06516268964983,-28.335580454262672],[-52.0652313097872,-28.32630653543065],[-52.05530973787662,-28.32624223408693],[-52.055240765875034,-28.335516147423757],[-52.06516268964983,-28.335580454262672]]]}},{"type":"Feature","properties":{"id_grade":"1KME5195N8189","pop":24,"dom":8,"universo_dom":"domicilios_ocupados_grade_ibge_2022","na_bacia":1,"area_pct_bacia":100.0,"metodo_recorte_bacia":"ponto_representativo_grade_2022; area_pct_geometrica","status_borda_bacia":"total","metodo_area_bacia":"interse??o geom?trica em EPSG:5880","metodo_na_bacia":"ponto_representativo_grade_2022_within_bacia","pop_n_validos":1,"pop_n_total":1,"pop_completude":1.0,"dom_n_validos":1,"dom_n_total":1,"dom_completude":1.0},"geometry":{"type":"Polygon","coordinates":[[[-52.0652313097872,-28.32630653543065],[-52.065299925057516,-28.317033079976],[-52.0553787049862,-28.316968784124086],[-52.05530973787662,-28.32624223408693],[-52.0652313097872,-28.32630653543065]]]}},{"type":"Feature","properties":{"id_grade":"1KME5195N8190","pop":6,"dom":1,"universo_dom":"domicilios_ocupados_grade_ibge_2022","na_bacia":1,"area_pct_bacia":100.0,"metodo_recorte_bacia":"ponto_representativo_grade_2022; area_pct_geometrica","status_borda_bacia":"total","metodo_area_bacia":"interse??o geom?trica em EPSG:5880","metodo_na_bacia":"ponto_representativo_grade_2022_within_bacia","pop_n_validos":1,"pop_n_total":1,"pop_completude":1.0,"dom_n_validos":1,"dom_n_total":1,"dom_completude":1.0},"geometry":{"type":"Polygon","coordinates":[[[-52.065299925057516,-28.317033079976],[-52.06536853546129,-28.307760087537044],[-52.055447667204284,-28.307695797174333],[-52.0553787049862,-28.316968784124086],[-52.065299925057516,-28.317033079976]]]}},{"type":"Feature","properties":{"id_grade":"1KME5196N8190","pop":3,"dom":2,"universo_dom":"domicilios_ocupados_grade_ibge_2022","na_bacia":1,"area_pct_bacia":92.1136,"metodo_recorte_bacia":"ponto_representativo_grade_2022; area_pct_geometrica","status_borda_bacia":"parcial","metodo_area_bacia":"interse??o geom?trica em EPSG:5880","metodo_na_bacia":"ponto_representativo_grade_2022_within_bacia","pop_n_validos":1,"pop_n_total":1,"pop_completude":1.0,"dom_n_validos":1,"dom_n_total":1,"dom_completude":1.0},"geometry":{"type":"Polygon","coordinates":[[[-52.0553787049862,-28.316968784124086],[-52.055447667204284,-28.307695797174333],[-52.04552680383825,-28.307631177999284],[-52.045457489806374,-28.31690415943162],[-52.0553787049862,-28.316968784124086]]]}},{"type":"Feature","properties":{"id_grade":"1KME5197N8190","pop":5,"dom":2,"universo_dom":"domicilios_ocupados_grade_ibge_2022","na_bacia":0,"area_pct_bacia":40.5238,"metodo_recorte_bacia":"ponto_representativo_grade_2022; area_pct_geometrica","status_borda_bacia":"parcial","metodo_area_bacia":"interse??o geom?trica em EPSG:5880","metodo_na_bacia":"ponto_representativo_grade_2022_within_bacia","pop_n_validos":1,"pop_n_total":1,"pop_completude":1.0,"dom_n_validos":1,"dom_n_total":1,"dom_completude":1.0},"geometry":{"type":"Polygon","coordinates":[[[-52.045457489806374,-28.31690415943162],[-52.04552680383825,-28.307631177999284],[-52.03560594538813,-28.30756623001219],[-52.03553627954299,-28.316839205899015],[-52.045457489806374,-28.31690415943162]]]}},{"type":"Feature","properties":{"id_grade":"1KME5200N8190","pop":2,"dom":1,"universo_dom":"domicilios_ocupados_grade_ibge_2022","na_bacia":1,"area_pct_bacia":100.0,"metodo_recorte_bacia":"ponto_representativo_grade_2022; area_pct_geometrica","status_borda_bacia":"total","metodo_area_bacia":"interse??o geom?trica em EPSG:5880","metodo_na_bacia":"ponto_representativo_grade_2022_within_bacia","pop_n_validos":1,"pop_n_total":1,"pop_completude":1.0,"dom_n_validos":1,"dom_n_total":1,"dom_completude":1.0},"geometry":{"type":"Polygon","coordinates":[[[-52.01569387386536,-28.31670831231652],[-52.01576424333546,-28.307435347604],[-52.0058433997828,-28.30736941318392],[-52.00577267850101,-28.316642372267157],[-52.01569387386536,-28.31670831231652]]]}},{"type":"Feature","properties":{"id_grade":"1KME5196N8191","pop":5,"dom":2,"universo_dom":"domicilios_ocupados_grade_ibge_2022","na_bacia":0,"area_pct_bacia":6.0631,"metodo_recorte_bacia":"ponto_representativo_grade_2022; area_pct_geometrica","status_borda_bacia":"parcial","metodo_area_bacia":"interse??o geom?trica em EPSG:5880","metodo_na_bacia":"ponto_representativo_grade_2022_within_bacia","pop_n_validos":1,"pop_n_total":1,"pop_completude":1.0,"dom_n_validos":1,"dom_n_total":1,"dom_completude":1.0},"geometry":{"type":"Polygon","coordinates":[[[-52.055447667204284,-28.307695797174333],[-52.0555166245314,-28.29842327287725],[-52.04559611295421,-28.298358659216422],[-52.04552680383825,-28.307631177999284],[-52.055447667204284,-28.307695797174333]]]}},{"type":"Feature","properties":{"id_grade":"200ME51960N81890","pop":2,"dom":1,"universo_dom":"domicilios_ocupados_grade_ibge_2022","na_bacia":1,"area_pct_bacia":100.0,"metodo_recorte_bacia":"ponto_representativo_grade_2022; area_pct_geometrica","status_borda_bacia":"total","metodo_area_bacia":"interse??o geom?trica em EPSG:5880","metodo_na_bacia":"ponto_representativo_grade_2022_within_bacia","pop_n_validos":1,"pop_n_total":1,"pop_completude":1.0,"dom_n_validos":1,"dom_n_total":1,"dom_completude":1.0},"geometry":{"type":"Polygon","coordinates":[[[-52.055295944052546,-28.32809697999158],[-52.055309737854095,-28.32624223439153],[-52.05332542422889,-28.326229334516075],[-52.053311616038236,-28.3280840801162],[-52.055295944052546,-28.32809697999158]]]}},{"type":"Feature","properties":{"id_grade":"200ME51962N81890","pop":17,"dom":8,"universo_dom":"domicilios_ocupados_grade_ibge_2022","na_bacia":1,"area_pct_bacia":100.0,"metodo_recorte_bacia":"ponto_representativo_grade_2022; area_pct_geometrica","status_borda_bacia":"total","metodo_area_bacia":"interse??o geom?trica em EPSG:5880","metodo_na_bacia":"ponto_representativo_grade_2022_within_bacia","pop_n_validos":1,"pop_n_total":1,"pop_completude":1.0,"dom_n_validos":1,"dom_n_total":1,"dom_completude":1.0},"geometry":{"type":"Polygon","coordinates":[[[-52.053311616038236,-28.3280840801162],[-52.05332542422889,-28.326229334516075],[-52.051341110603744,-28.32621642115089],[-52.05132728802386,-28.328071166750885],[-52.053311616038236,-28.3280840801162]]]}},{"type":"Feature","properties":{"id_grade":"200ME51964N81890","pop":14,"dom":4,"universo_dom":"domicilios_ocupados_grade_ibge_2022","na_bacia":1,"area_pct_bacia":100.0,"metodo_recorte_bacia":"ponto_representativo_grade_2022; area_pct_geometrica","status_borda_bacia":"total","metodo_area_bacia":"interse??o geom?trica em EPSG:5880","metodo_na_bacia":"ponto_representativo_grade_2022_within_bacia","pop_n_validos":1,"pop_n_total":1,"pop_completude":1.0,"dom_n_validos":1,"dom_n_total":1,"dom_completude":1.0},"geometry":{"type":"Polygon","coordinates":[[[-52.05132728802386,-28.328071166750885],[-52.051341110603744,-28.32621642115089],[-52.04935679697854,-28.3262034951951],[-52.04934296090886,-28.328058240795162],[-52.05132728802386,-28.328071166750885]]]}},{"type":"Feature","properties":{"id_grade":"200ME51966N81890","pop":5,"dom":1,"universo_dom":"domicilios_ocupados_grade_ibge_2022","na_bacia":1,"area_pct_bacia":100.0,"metodo_recorte_bacia":"ponto_representativo_grade_2022; area_pct_geometrica","status_borda_bacia":"total","metodo_area_bacia":"interse??o geom?trica em EPSG:5880","metodo_na_bacia":"ponto_representativo_grade_2022_within_bacia","pop_n_validos":1,"pop_n_total":1,"pop_completude":1.0,"dom_n_validos":1,"dom_n_total":1,"dom_completude":1.0},"geometry":{"type":"Polygon","coordinates":[[[-52.04934296090886,-28.328058240795162],[-52.04935679697854,-28.3262034951951],[-52.04737248425271,-28.32619055664888],[-52.04735863379386,-28.328045301349572],[-52.04934296090886,-28.328058240795162]]]}},{"type":"Feature","properties":{"id_grade":"200ME51962N81892","pop":4,"dom":1,"universo_dom":"domicilios_ocupados_grade_ibge_2022","na_bacia":1,"area_pct_bacia":100.0,"metodo_recorte_bacia":"ponto_representativo_grade_2022; area_pct_geometrica","status_borda_bacia":"total","metodo_area_bacia":"interse??o geom?trica em EPSG:5880","metodo_na_bacia":"ponto_representativo_grade_2022_within_bacia","pop_n_validos":1,"pop_n_total":1,"pop_completude":1.0,"dom_n_validos":1,"dom_n_total":1,"dom_completude":1.0},"geometry":{"type":"Polygon","coordinates":[[[-52.05332542422889,-28.326229334516075],[-52.05333923152029,-28.324374607801843],[-52.051354932284255,-28.32436169443662],[-52.051341110603744,-28.32621642115089],[-52.05332542422889,-28.326229334516075]]]}},{"type":"Feature","properties":{"id_grade":"200ME51966N81892","pop":35,"dom":12,"universo_dom":"domicilios_ocupados_grade_ibge_2022","na_bacia":1,"area_pct_bacia":100.0,"metodo_recorte_bacia":"ponto_representativo_grade_2022; area_pct_geometrica","status_borda_bacia":"total","metodo_area_bacia":"interse??o geom?trica em EPSG:5880","metodo_na_bacia":"ponto_representativo_grade_2022_within_bacia","pop_n_validos":1,"pop_n_total":1,"pop_completude":1.0,"dom_n_validos":1,"dom_n_total":1,"dom_completude":1.0},"geometry":{"type":"Polygon","coordinates":[[[-52.04935679697854,-28.3262034951951],[-52.04937063304823,-28.32434876938015],[-52.047386333812206,-28.324335829934586],[-52.04737248425271,-28.32619055664888],[-52.04935679697854,-28.3262034951951]]]}},{"type":"Feature","properties":{"id_grade":"200ME51968N81892","pop":80,"dom":26,"universo_dom":"domicilios_ocupados_grade_ibge_2022","na_bacia":1,"area_pct_bacia":100.0,"metodo_recorte_bacia":"ponto_representativo_grade_2022; area_pct_geometrica","status_borda_bacia":"total","metodo_area_bacia":"interse??o geom?trica em EPSG:5880","metodo_na_bacia":"ponto_representativo_grade_2022_within_bacia","pop_n_validos":1,"pop_n_total":1,"pop_completude":1.0,"dom_n_validos":1,"dom_n_total":1,"dom_completude":1.0},"geometry":{"type":"Polygon","coordinates":[[[-52.04737248425271,-28.32619055664888],[-52.047386333812206,-28.324335829934586],[-52.04540203547549,-28.324322877898464],[-52.045388170627525,-28.32617760371345],[-52.04737248425271,-28.32619055664888]]]}},{"type":"Feature","properties":{"id_grade":"200ME51968N81894","pop":52,"dom":14,"universo_dom":"domicilios_ocupados_grade_ibge_2022","na_bacia":1,"area_pct_bacia":100.0,"metodo_recorte_bacia":"ponto_representativo_grade_2022; area_pct_geometrica","status_borda_bacia":"total","metodo_area_bacia":"interse??o geom?trica em EPSG:5880","metodo_na_bacia":"ponto_representativo_grade_2022_within_bacia","pop_n_validos":1,"pop_n_total":1,"pop_completude":1.0,"dom_n_validos":1,"dom_n_total":1,"dom_completude":1.0},"geometry":{"type":"Polygon","coordinates":[[[-52.047386333812206,-28.324335829934586],[-52.047400184271055,-28.32248112210605],[-52.0454158994242,-28.3224681700699],[-52.04540203547549,-28.324322877898464],[-52.047386333812206,-28.324335829934586]]]}},{"type":"Feature","properties":{"id_grade":"200ME51978N81768","pop":4,"dom":2,"universo_dom":"domicilios_ocupados_grade_ibge_2022","na_bacia":1,"area_pct_bacia":100.0,"metodo_recorte_bacia":"ponto_representativo_grade_2022; area_pct_geometrica","status_borda_bacia":"total","metodo_area_bacia":"interse??o geom?trica em EPSG:5880","metodo_na_bacia":"ponto_representativo_grade_2022_within_bacia","pop_n_validos":1,"pop_n_total":1,"pop_completude":1.0,"dom_n_validos":1,"dom_n_total":1,"dom_completude":1.0},"geometry":{"type":"Polygon","coordinates":[[[-52.0365874653392,-28.441154929956028],[-52.036601397636325,-28.439299050310822],[-52.03461622695727,-28.439286018235133],[-52.034602280270974,-28.441141897880254],[-52.0365874653392,-28.441154929956028]]]}},{"type":"Feature","properties":{"id_grade":"200ME51978N81770","pop":19,"dom":7,"universo_dom":"domicilios_ocupados_grade_ibge_2022","na_bacia":1,"area_pct_bacia":100.0,"metodo_recorte_bacia":"ponto_representativo_grade_2022; area_pct_geometrica","status_borda_bacia":"total","metodo_area_bacia":"interse??o geom?trica em EPSG:5880","metodo_na_bacia":"ponto_representativo_grade_2022_within_bacia","pop_n_validos":1,"pop_n_total":1,"pop_completude":1.0,"dom_n_validos":1,"dom_n_total":1,"dom_completude":1.0},"geometry":{"type":"Polygon","coordinates":[[[-52.036601397636325,-28.439299050310822],[-52.03661533083283,-28.437443189551534],[-52.03463017364356,-28.437430157475728],[-52.03461622695727,-28.439286018235133],[-52.036601397636325,-28.439299050310822]]]}},{"type":"Feature","properties":{"id_grade":"200ME51976N81772","pop":4,"dom":2,"universo_dom":"domicilios_ocupados_grade_ibge_2022","na_bacia":1,"area_pct_bacia":100.0,"metodo_recorte_bacia":"ponto_representativo_grade_2022; area_pct_geometrica","status_borda_bacia":"total","metodo_area_bacia":"interse??o geom?trica em EPSG:5880","metodo_na_bacia":"ponto_representativo_grade_2022_within_bacia","pop_n_validos":1,"pop_n_total":1,"pop_completude":1.0,"dom_n_validos":1,"dom_n_total":1,"dom_completude":1.0},"geometry":{"type":"Polygon","coordinates":[[[-52.03860048712272,-28.437456207238142],[-52.03861440593005,-28.435600365364525],[-52.03662926312996,-28.435587346778565],[-52.03661533083283,-28.437443189551534],[-52.03860048712272,-28.437456207238142]]]}},{"type":"Feature","properties":{"id_grade":"200ME51978N81772","pop":3,"dom":1,"universo_dom":"domicilios_ocupados_grade_ibge_2022","na_bacia":1,"area_pct_bacia":100.0,"metodo_recorte_bacia":"ponto_representativo_grade_2022; area_pct_geometrica","status_borda_bacia":"total","metodo_area_bacia":"interse??o geom?trica em EPSG:5880","metodo_na_bacia":"ponto_representativo_grade_2022_within_bacia","pop_n_validos":1,"pop_n_total":1,"pop_completude":1.0,"dom_n_validos":1,"dom_n_total":1,"dom_completude":1.0},"geometry":{"type":"Polygon","coordinates":[[[-52.03661533083283,-28.437443189551534],[-52.03662926312996,-28.435587346778565],[-52.03464412032986,-28.435574315602103],[-52.03463017364356,-28.437430157475728],[-52.03661533083283,-28.437443189551534]]]}},{"type":"Feature","properties":{"id_grade":"200ME51978N81774","pop":3,"dom":1,"universo_dom":"domicilios_ocupados_grade_ibge_2022","na_bacia":1,"area_pct_bacia":100.0,"metodo_recorte_bacia":"ponto_representativo_grade_2022; area_pct_geometrica","status_borda_bacia":"total","metodo_area_bacia":"interse??o geom?trica em EPSG:5880","metodo_na_bacia":"ponto_representativo_grade_2022_within_bacia","pop_n_validos":1,"pop_n_total":1,"pop_completude":1.0,"dom_n_validos":1,"dom_n_total":1,"dom_completude":1.0},"geometry":{"type":"Polygon","coordinates":[[[-52.03662926312996,-28.435587346778565],[-52.03664319542708,-28.433731523790712],[-52.03465806611683,-28.433718492614275],[-52.03464412032986,-28.435574315602103],[-52.03662926312996,-28.435587346778565]]]}},{"type":"Feature","properties":{"id_grade":"200ME51970N81776","pop":3,"dom":1,"universo_dom":"domicilios_ocupados_grade_ibge_2022","na_bacia":1,"area_pct_bacia":100.0,"metodo_recorte_bacia":"ponto_representativo_grade_2022; area_pct_geometrica","status_borda_bacia":"total","metodo_area_bacia":"interse??o geom?trica em EPSG:5880","metodo_na_bacia":"ponto_representativo_grade_2022_within_bacia","pop_n_validos":1,"pop_n_total":1,"pop_completude":1.0,"dom_n_validos":1,"dom_n_total":1,"dom_completude":1.0},"geometry":{"type":"Polygon","coordinates":[[[-52.04458371176883,-28.433783516296185],[-52.0445975874087,-28.431927710395552],[-52.04261247158826,-28.43191473227903],[-52.042598582458595,-28.433770537280477],[-52.04458371176883,-28.433783516296185]]]}},{"type":"Feature","properties":{"id_grade":"200ME51972N81776","pop":3,"dom":1,"universo_dom":"domicilios_ocupados_grade_ibge_2022","na_bacia":1,"area_pct_bacia":100.0,"metodo_recorte_bacia":"ponto_representativo_grade_2022; area_pct_geometrica","status_borda_bacia":"total","metodo_area_bacia":"interse??o geom?trica em EPSG:5880","metodo_na_bacia":"ponto_representativo_grade_2022_within_bacia","pop_n_validos":1,"pop_n_total":1,"pop_completude":1.0,"dom_n_validos":1,"dom_n_total":1,"dom_completude":1.0},"geometry":{"type":"Polygon","coordinates":[[[-52.042598582458595,-28.433770537280477],[-52.04261247158826,-28.43191473227903],[-52.04062735666713,-28.431901740672746],[-52.040613453148296,-28.4337575456741],[-52.042598582458595,-28.433770537280477]]]}},{"type":"Feature","properties":{"id_grade":"200ME51976N81776","pop":4,"dom":2,"universo_dom":"domicilios_ocupados_grade_ibge_2022","na_bacia":1,"area_pct_bacia":100.0,"metodo_recorte_bacia":"ponto_representativo_grade_2022; area_pct_geometrica","status_borda_bacia":"total","metodo_area_bacia":"interse??o geom?trica em EPSG:5880","metodo_na_bacia":"ponto_representativo_grade_2022_within_bacia","pop_n_validos":1,"pop_n_total":1,"pop_completude":1.0,"dom_n_validos":1,"dom_n_total":1,"dom_completude":1.0},"geometry":{"type":"Polygon","coordinates":[[[-52.038628323838054,-28.43374454147733],[-52.038642241746004,-28.43188873647597],[-52.03665712682488,-28.431875718789293],[-52.03664319542708,-28.433731523790712],[-52.038628323838054,-28.43374454147733]]]}},{"type":"Feature","properties":{"id_grade":"200ME51978N81776","pop":65,"dom":24,"universo_dom":"domicilios_ocupados_grade_ibge_2022","na_bacia":1,"area_pct_bacia":100.0,"metodo_recorte_bacia":"ponto_representativo_grade_2022; area_pct_geometrica","status_borda_bacia":"total","metodo_area_bacia":"interse??o geom?trica em EPSG:5880","metodo_na_bacia":"ponto_representativo_grade_2022_within_bacia","pop_n_validos":1,"pop_n_total":1,"pop_completude":1.0,"dom_n_validos":1,"dom_n_total":1,"dom_completude":1.0},"geometry":{"type":"Polygon","coordinates":[[[-52.03664319542708,-28.433731523790712],[-52.03665712682488,-28.431875718789293],[-52.03467201280312,-28.431862687612927],[-52.03465806611683,-28.433718492614275],[-52.03664319542708,-28.433731523790712]]]}},{"type":"Feature","properties":{"id_grade":"200ME51970N81778","pop":3,"dom":1,"universo_dom":"domicilios_ocupados_grade_ibge_2022","na_bacia":1,"area_pct_bacia":100.0,"metodo_recorte_bacia":"ponto_representativo_grade_2022; area_pct_geometrica","status_borda_bacia":"total","metodo_area_bacia":"interse??o geom?trica em EPSG:5880","metodo_na_bacia":"ponto_representativo_grade_2022_within_bacia","pop_n_validos":1,"pop_n_total":1,"pop_completude":1.0,"dom_n_validos":1,"dom_n_total":1,"dom_completude":1.0},"geometry":{"type":"Polygon","coordinates":[[[-52.0445975874087,-28.431927710395552],[-52.04461146214919,-28.430071923380545],[-52.04262636161724,-28.43005894526415],[-52.04261247158826,-28.43191473227903],[-52.0445975874087,-28.431927710395552]]]}},{"type":"Feature","properties":{"id_grade":"200ME51972N81778","pop":6,"dom":2,"universo_dom":"domicilios_ocupados_grade_ibge_2022","na_bacia":1,"area_pct_bacia":100.0,"metodo_recorte_bacia":"ponto_representativo_grade_2022; area_pct_geometrica","status_borda_bacia":"total","metodo_area_bacia":"interse??o geom?trica em EPSG:5880","metodo_na_bacia":"ponto_representativo_grade_2022_within_bacia","pop_n_validos":1,"pop_n_total":1,"pop_completude":1.0,"dom_n_validos":1,"dom_n_total":1,"dom_completude":1.0},"geometry":{"type":"Polygon","coordinates":[[[-52.04261247158826,-28.43191473227903],[-52.04262636161724,-28.43005894526415],[-52.04064126018597,-28.430045953657824],[-52.04062735666713,-28.431901740672746],[-52.04261247158826,-28.43191473227903]]]}},{"type":"Feature","properties":{"id_grade":"200ME51974N81778","pop":11,"dom":6,"universo_dom":"domicilios_ocupados_grade_ibge_2022","na_bacia":1,"area_pct_bacia":100.0,"metodo_recorte_bacia":"ponto_representativo_grade_2022; area_pct_geometrica","status_borda_bacia":"total","metodo_area_bacia":"interse??o geom?trica em EPSG:5880","metodo_na_bacia":"ponto_representativo_grade_2022_within_bacia","pop_n_validos":1,"pop_n_total":1,"pop_completude":1.0,"dom_n_validos":1,"dom_n_total":1,"dom_completude":1.0},"geometry":{"type":"Polygon","coordinates":[[[-52.04062735666713,-28.431901740672746],[-52.04064126018597,-28.430045953657824],[-52.038656159654,-28.430032949461005],[-52.038642241746004,-28.43188873647597],[-52.04062735666713,-28.431901740672746]]]}},{"type":"Feature","properties":{"id_grade":"200ME51976N81778","pop":50,"dom":17,"universo_dom":"domicilios_ocupados_grade_ibge_2022","na_bacia":1,"area_pct_bacia":100.0,"metodo_recorte_bacia":"ponto_representativo_grade_2022; area_pct_geometrica","status_borda_bacia":"total","metodo_area_bacia":"interse??o geom?trica em EPSG:5880","metodo_na_bacia":"ponto_representativo_grade_2022_within_bacia","pop_n_validos":1,"pop_n_total":1,"pop_completude":1.0,"dom_n_validos":1,"dom_n_total":1,"dom_completude":1.0},"geometry":{"type":"Polygon","coordinates":[[[-52.038642241746004,-28.43188873647597],[-52.038656159654,-28.430032949461005],[-52.036671059122064,-28.43001993267367],[-52.03665712682488,-28.431875718789293],[-52.038642241746004,-28.43188873647597]]]}},{"type":"Feature","properties":{"id_grade":"200ME51978N81778","pop":62,"dom":29,"universo_dom":"domicilios_ocupados_grade_ibge_2022","na_bacia":1,"area_pct_bacia":100.0,"metodo_recorte_bacia":"ponto_representativo_grade_2022; area_pct_geometrica","status_borda_bacia":"total","metodo_area_bacia":"interse??o geom?trica em EPSG:5880","metodo_na_bacia":"ponto_representativo_grade_2022_within_bacia","pop_n_validos":1,"pop_n_total":1,"pop_completude":1.0,"dom_n_validos":1,"dom_n_total":1,"dom_completude":1.0},"geometry":{"type":"Polygon","coordinates":[[[-52.03665712682488,-28.431875718789293],[-52.036671059122064,-28.43001993267367],[-52.0346859585901,-28.4300069014973],[-52.03467201280312,-28.431862687612927],[-52.03665712682488,-28.431875718789293]]]}},{"type":"Feature","properties":{"id_grade":"200ME51976N81780","pop":51,"dom":21,"universo_dom":"domicilios_ocupados_grade_ibge_2022","na_bacia":1,"area_pct_bacia":100.0,"metodo_recorte_bacia":"ponto_representativo_grade_2022; area_pct_geometrica","status_borda_bacia":"total","metodo_area_bacia":"interse??o geom?trica em EPSG:5880","metodo_na_bacia":"ponto_representativo_grade_2022_within_bacia","pop_n_validos":1,"pop_n_total":1,"pop_completude":1.0,"dom_n_validos":1,"dom_n_total":1,"dom_completude":1.0},"geometry":{"type":"Polygon","coordinates":[[[-52.038656159654,-28.430032949461005],[-52.03867007666264,-28.428177182231195],[-52.03668499051986,-28.42816416454449],[-52.036671059122064,-28.43001993267367],[-52.038656159654,-28.430032949461005]]]}},{"type":"Feature","properties":{"id_grade":"200ME51978N81780","pop":35,"dom":15,"universo_dom":"domicilios_ocupados_grade_ibge_2022","na_bacia":1,"area_pct_bacia":100.0,"metodo_recorte_bacia":"ponto_representativo_grade_2022; area_pct_geometrica","status_borda_bacia":"total","metodo_area_bacia":"interse??o geom?trica em EPSG:5880","metodo_na_bacia":"ponto_representativo_grade_2022_within_bacia","pop_n_validos":1,"pop_n_total":1,"pop_completude":1.0,"dom_n_validos":1,"dom_n_total":1,"dom_completude":1.0},"geometry":{"type":"Polygon","coordinates":[[[-52.036671059122064,-28.43001993267367],[-52.03668499051986,-28.42816416454449],[-52.0346999034777,-28.428151134267452],[-52.0346859585901,-28.4300069014973],[-52.036671059122064,-28.43001993267367]]]}},{"type":"Feature","properties":{"id_grade":"200ME51976N81782","pop":17,"dom":5,"universo_dom":"domicilios_ocupados_grade_ibge_2022","na_bacia":1,"area_pct_bacia":100.0,"metodo_recorte_bacia":"ponto_representativo_grade_2022; area_pct_geometrica","status_borda_bacia":"total","metodo_area_bacia":"interse??o geom?trica em EPSG:5880","metodo_na_bacia":"ponto_representativo_grade_2022_within_bacia","pop_n_validos":1,"pop_n_total":1,"pop_completude":1.0,"dom_n_validos":1,"dom_n_total":1,"dom_completude":1.0},"geometry":{"type":"Polygon","coordinates":[[[-52.03867007666264,-28.428177182231195],[-52.03868399367133,-28.426321432987788],[-52.03669892191767,-28.426308416200417],[-52.03668499051986,-28.42816416454449],[-52.03867007666264,-28.428177182231195]]]}},{"type":"Feature","properties":{"id_grade":"200ME51976N81784","pop":6,"dom":1,"universo_dom":"domicilios_ocupados_grade_ibge_2022","na_bacia":1,"area_pct_bacia":100.0,"metodo_recorte_bacia":"ponto_representativo_grade_2022; area_pct_geometrica","status_borda_bacia":"total","metodo_area_bacia":"interse??o geom?trica em EPSG:5880","metodo_na_bacia":"ponto_representativo_grade_2022_within_bacia","pop_n_validos":1,"pop_n_total":1,"pop_completude":1.0,"dom_n_validos":1,"dom_n_total":1,"dom_completude":1.0},"geometry":{"type":"Polygon","coordinates":[[[-52.03868399367133,-28.426321432987788],[-52.03869791157934,-28.424465702630016],[-52.036712852416144,-28.424452685842684],[-52.03669892191767,-28.426308416200417],[-52.03868399367133,-28.426321432987788]]]}},{"type":"Feature","properties":{"id_grade":"200ME51970N81892","pop":72,"dom":21,"universo_dom":"domicilios_ocupados_grade_ibge_2022","na_bacia":1,"area_pct_bacia":100.0,"metodo_recorte_bacia":"ponto_representativo_grade_2022; area_pct_geometrica","status_borda_bacia":"total","metodo_area_bacia":"interse??o geom?trica em EPSG:5880","metodo_na_bacia":"ponto_representativo_grade_2022_within_bacia","pop_n_validos":1,"pop_n_total":1,"pop_completude":1.0,"dom_n_validos":1,"dom_n_total":1,"dom_completude":1.0},"geometry":{"type":"Polygon","coordinates":[[[-52.045388170627525,-28.32617760371345],[-52.04540203547549,-28.324322877898464],[-52.04341773623952,-28.3243099123726],[-52.043403857901694,-28.32616463818744],[-52.045388170627525,-28.32617760371345]]]}},{"type":"Feature","properties":{"id_grade":"200ME51970N81894","pop":1,"dom":1,"universo_dom":"domicilios_ocupados_grade_ibge_2022","na_bacia":1,"area_pct_bacia":100.0,"metodo_recorte_bacia":"ponto_representativo_grade_2022; area_pct_geometrica","status_borda_bacia":"total","metodo_area_bacia":"interse??o geom?trica em EPSG:5880","metodo_na_bacia":"ponto_representativo_grade_2022_within_bacia","pop_n_validos":1,"pop_n_total":1,"pop_completude":1.0,"dom_n_validos":1,"dom_n_total":1,"dom_completude":1.0},"geometry":{"type":"Polygon","coordinates":[[[-52.04540203547549,-28.324322877898464],[-52.0454158994242,-28.3224681700699],[-52.043431614577294,-28.32245520544336],[-52.04341773623952,-28.3243099123726],[-52.04540203547549,-28.324322877898464]]]}},{"type":"Feature","properties":{"id_grade":"200ME51974N81900","pop":3,"dom":1,"universo_dom":"domicilios_ocupados_grade_ibge_2022","na_bacia":1,"area_pct_bacia":100.0,"metodo_recorte_bacia":"ponto_representativo_grade_2022; area_pct_geometrica","status_borda_bacia":"total","metodo_area_bacia":"interse??o geom?trica em EPSG:5880","metodo_na_bacia":"ponto_representativo_grade_2022_within_bacia","pop_n_validos":1,"pop_n_total":1,"pop_completude":1.0,"dom_n_validos":1,"dom_n_total":1,"dom_completude":1.0},"geometry":{"type":"Polygon","coordinates":[[[-52.04147511338573,-28.31873286922657],[-52.04148900521336,-28.316878217155914],[-52.03950476263463,-28.316865226449014],[-52.03949085731717,-28.31871987762015],[-52.04147511338573,-28.31873286922657]]]}},{"type":"Feature","properties":{"id_grade":"200ME51980N81770","pop":36,"dom":15,"universo_dom":"domicilios_ocupados_grade_ibge_2022","na_bacia":1,"area_pct_bacia":100.0,"metodo_recorte_bacia":"ponto_representativo_grade_2022; area_pct_geometrica","status_borda_bacia":"total","metodo_area_bacia":"interse??o geom?trica em EPSG:5880","metodo_na_bacia":"ponto_representativo_grade_2022_within_bacia","pop_n_validos":1,"pop_n_total":1,"pop_completude":1.0,"dom_n_validos":1,"dom_n_total":1,"dom_completude":1.0},"geometry":{"type":"Polygon","coordinates":[[[-52.03461622695727,-28.439286018235133],[-52.03463017364356,-28.437430157475728],[-52.032645017353616,-28.437417112809413],[-52.032631056278206,-28.43927297356885],[-52.03461622695727,-28.439286018235133]]]}},{"type":"Feature","properties":{"id_grade":"200ME51982N81770","pop":45,"dom":14,"universo_dom":"domicilios_ocupados_grade_ibge_2022","na_bacia":1,"area_pct_bacia":100.0,"metodo_recorte_bacia":"ponto_representativo_grade_2022; area_pct_geometrica","status_borda_bacia":"total","metodo_area_bacia":"interse??o geom?trica em EPSG:5880","metodo_na_bacia":"ponto_representativo_grade_2022_within_bacia","pop_n_validos":1,"pop_n_total":1,"pop_completude":1.0,"dom_n_validos":1,"dom_n_total":1,"dom_completude":1.0},"geometry":{"type":"Polygon","coordinates":[[[-52.032631056278206,-28.43927297356885],[-52.032645017353616,-28.437417112809413],[-52.03065986106367,-28.437404055552676],[-52.030645885599085,-28.439259915412755],[-52.032631056278206,-28.43927297356885]]]}},{"type":"Feature","properties":{"id_grade":"200ME51980N81772","pop":15,"dom":6,"universo_dom":"domicilios_ocupados_grade_ibge_2022","na_bacia":1,"area_pct_bacia":100.0,"metodo_recorte_bacia":"ponto_representativo_grade_2022; area_pct_geometrica","status_borda_bacia":"total","metodo_area_bacia":"interse??o geom?trica em EPSG:5880","metodo_na_bacia":"ponto_representativo_grade_2022_within_bacia","pop_n_validos":1,"pop_n_total":1,"pop_completude":1.0,"dom_n_validos":1,"dom_n_total":1,"dom_completude":1.0},"geometry":{"type":"Polygon","coordinates":[[[-52.03463017364356,-28.437430157475728],[-52.03464412032986,-28.435574315602103],[-52.032658977529756,-28.435561270935825],[-52.032645017353616,-28.437417112809413],[-52.03463017364356,-28.437430157475728]]]}},{"type":"Feature","properties":{"id_grade":"200ME51982N81772","pop":46,"dom":18,"universo_dom":"domicilios_ocupados_grade_ibge_2022","na_bacia":1,"area_pct_bacia":100.0,"metodo_recorte_bacia":"ponto_representativo_grade_2022; area_pct_geometrica","status_borda_bacia":"total","metodo_area_bacia":"interse??o geom?trica em EPSG:5880","metodo_na_bacia":"ponto_representativo_grade_2022_within_bacia","pop_n_validos":1,"pop_n_total":1,"pop_completude":1.0,"dom_n_validos":1,"dom_n_total":1,"dom_completude":1.0},"geometry":{"type":"Polygon","coordinates":[[[-52.032645017353616,-28.437417112809413],[-52.032658977529756,-28.435561270935825],[-52.03067383562899,-28.435548213679063],[-52.03065986106367,-28.437404055552676],[-52.032645017353616,-28.437417112809413]]]}},{"type":"Feature","properties":{"id_grade":"200ME51984N81772","pop":16,"dom":5,"universo_dom":"domicilios_ocupados_grade_ibge_2022","na_bacia":1,"area_pct_bacia":100.0,"metodo_recorte_bacia":"ponto_representativo_grade_2022; area_pct_geometrica","status_borda_bacia":"total","metodo_area_bacia":"interse??o geom?trica em EPSG:5880","metodo_na_bacia":"ponto_representativo_grade_2022_within_bacia","pop_n_validos":1,"pop_n_total":1,"pop_completude":1.0,"dom_n_validos":1,"dom_n_total":1,"dom_completude":1.0},"geometry":{"type":"Polygon","coordinates":[[[-52.03065986106367,-28.437404055552676],[-52.03067383562899,-28.435548213679063],[-52.028688692828894,-28.435535142932455],[-52.02867470477378,-28.437390983906656],[-52.03065986106367,-28.437404055552676]]]}},{"type":"Feature","properties":{"id_grade":"200ME51988N81772","pop":3,"dom":1,"universo_dom":"domicilios_ocupados_grade_ibge_2022","na_bacia":1,"area_pct_bacia":100.0,"metodo_recorte_bacia":"ponto_representativo_grade_2022; area_pct_geometrica","status_borda_bacia":"total","metodo_area_bacia":"interse??o geom?trica em EPSG:5880","metodo_na_bacia":"ponto_representativo_grade_2022_within_bacia","pop_n_validos":1,"pop_n_total":1,"pop_completude":1.0,"dom_n_validos":1,"dom_n_total":1,"dom_completude":1.0},"geometry":{"type":"Polygon","coordinates":[[[-52.02668954848383,-28.437377899670302],[-52.02670355092811,-28.435522058695916],[-52.02471840902728,-28.435508961869097],[-52.02470439219388,-28.437364802843263],[-52.02668954848383,-28.437377899670302]]]}},{"type":"Feature","properties":{"id_grade":"200ME51980N81774","pop":8,"dom":3,"universo_dom":"domicilios_ocupados_grade_ibge_2022","na_bacia":1,"area_pct_bacia":100.0,"metodo_recorte_bacia":"ponto_representativo_grade_2022; area_pct_geometrica","status_borda_bacia":"total","metodo_area_bacia":"interse??o geom?trica em EPSG:5880","metodo_na_bacia":"ponto_representativo_grade_2022_within_bacia","pop_n_validos":1,"pop_n_total":1,"pop_completude":1.0,"dom_n_validos":1,"dom_n_total":1,"dom_completude":1.0},"geometry":{"type":"Polygon","coordinates":[[[-52.03464412032986,-28.435574315602103],[-52.03465806611683,-28.433718492614275],[-52.032672937705854,-28.43370544794794],[-52.032658977529756,-28.435561270935825],[-52.03464412032986,-28.435574315602103]]]}},{"type":"Feature","properties":{"id_grade":"200ME51982N81774","pop":22,"dom":7,"universo_dom":"domicilios_ocupados_grade_ibge_2022","na_bacia":1,"area_pct_bacia":100.0,"metodo_recorte_bacia":"ponto_representativo_grade_2022; area_pct_geometrica","status_borda_bacia":"total","metodo_area_bacia":"interse??o geom?trica em EPSG:5880","metodo_na_bacia":"ponto_representativo_grade_2022_within_bacia","pop_n_validos":1,"pop_n_total":1,"pop_completude":1.0,"dom_n_validos":1,"dom_n_total":1,"dom_completude":1.0},"geometry":{"type":"Polygon","coordinates":[[[-52.032658977529756,-28.435561270935825],[-52.032672937705854,-28.43370544794794],[-52.03068780929493,-28.433692390691192],[-52.03067383562899,-28.435548213679063],[-52.032658977529756,-28.435561270935825]]]}},{"type":"Feature","properties":{"id_grade":"200ME51980N81776","pop":48,"dom":20,"universo_dom":"domicilios_ocupados_grade_ibge_2022","na_bacia":1,"area_pct_bacia":100.0,"metodo_recorte_bacia":"ponto_representativo_grade_2022; area_pct_geometrica","status_borda_bacia":"total","metodo_area_bacia":"interse??o geom?trica em EPSG:5880","metodo_na_bacia":"ponto_representativo_grade_2022_within_bacia","pop_n_validos":1,"pop_n_total":1,"pop_completude":1.0,"dom_n_validos":1,"dom_n_total":1,"dom_completude":1.0},"geometry":{"type":"Polygon","coordinates":[[[-52.03465806611683,-28.433718492614275],[-52.03467201280312,-28.431862687612927],[-52.032686897882,-28.431849643845972],[-52.032672937705854,-28.43370544794794],[-52.03465806611683,-28.433718492614275]]]}},{"type":"Feature","properties":{"id_grade":"200ME51982N81776","pop":32,"dom":11,"universo_dom":"domicilios_ocupados_grade_ibge_2022","na_bacia":1,"area_pct_bacia":100.0,"metodo_recorte_bacia":"ponto_representativo_grade_2022; area_pct_geometrica","status_borda_bacia":"total","metodo_area_bacia":"interse??o geom?trica em EPSG:5880","metodo_na_bacia":"ponto_representativo_grade_2022_within_bacia","pop_n_validos":1,"pop_n_total":1,"pop_completude":1.0,"dom_n_validos":1,"dom_n_total":1,"dom_completude":1.0},"geometry":{"type":"Polygon","coordinates":[[[-52.032672937705854,-28.43370544794794],[-52.032686897882,-28.431849643845972],[-52.0307017838602,-28.431836586589117],[-52.03068780929493,-28.433692390691192],[-52.032672937705854,-28.43370544794794]]]}},{"type":"Feature","properties":{"id_grade":"200ME51980N81778","pop":59,"dom":24,"universo_dom":"domicilios_ocupados_grade_ibge_2022","na_bacia":1,"area_pct_bacia":100.0,"metodo_recorte_bacia":"ponto_representativo_grade_2022; area_pct_geometrica","status_borda_bacia":"total","metodo_area_bacia":"interse??o geom?trica em EPSG:5880","metodo_na_bacia":"ponto_representativo_grade_2022_within_bacia","pop_n_validos":1,"pop_n_total":1,"pop_completude":1.0,"dom_n_validos":1,"dom_n_total":1,"dom_completude":1.0},"geometry":{"type":"Polygon","coordinates":[[[-52.03467201280312,-28.431862687612927],[-52.0346859585901,-28.4300069014973],[-52.03270085805809,-28.429993857730288],[-52.032686897882,-28.431849643845972],[-52.03467201280312,-28.431862687612927]]]}},{"type":"Feature","properties":{"id_grade":"200ME51982N81778","pop":17,"dom":7,"universo_dom":"domicilios_ocupados_grade_ibge_2022","na_bacia":1,"area_pct_bacia":100.0,"metodo_recorte_bacia":"ponto_representativo_grade_2022; area_pct_geometrica","status_borda_bacia":"total","metodo_area_bacia":"interse??o geom?trica em EPSG:5880","metodo_na_bacia":"ponto_representativo_grade_2022_within_bacia","pop_n_validos":1,"pop_n_total":1,"pop_completude":1.0,"dom_n_validos":1,"dom_n_total":1,"dom_completude":1.0},"geometry":{"type":"Polygon","coordinates":[[[-52.032686897882,-28.431849643845972],[-52.03270085805809,-28.429993857730288],[-52.03071575752614,-28.429980801372828],[-52.0307017838602,-28.431836586589117],[-52.032686897882,-28.431849643845972]]]}},{"type":"Feature","properties":{"id_grade":"200ME51984N81778","pop":3,"dom":1,"universo_dom":"domicilios_ocupados_grade_ibge_2022","na_bacia":1,"area_pct_bacia":100.0,"metodo_recorte_bacia":"ponto_representativo_grade_2022; area_pct_geometrica","status_borda_bacia":"total","metodo_area_bacia":"interse??o geom?trica em EPSG:5880","metodo_na_bacia":"ponto_representativo_grade_2022_within_bacia","pop_n_validos":1,"pop_n_total":1,"pop_completude":1.0,"dom_n_validos":1,"dom_n_total":1,"dom_completude":1.0},"geometry":{"type":"Polygon","coordinates":[[[-52.0307017838602,-28.431836586589117],[-52.03071575752614,-28.429980801372828],[-52.02873065789351,-28.42996773062628],[-52.02871666983838,-28.43182351584258],[-52.0307017838602,-28.431836586589117]]]}},{"type":"Feature","properties":{"id_grade":"200ME51980N81780","pop":3,"dom":1,"universo_dom":"domicilios_ocupados_grade_ibge_2022","na_bacia":1,"area_pct_bacia":100.0,"metodo_recorte_bacia":"ponto_representativo_grade_2022; area_pct_geometrica","status_borda_bacia":"total","metodo_area_bacia":"interse??o geom?trica em EPSG:5880","metodo_na_bacia":"ponto_representativo_grade_2022_within_bacia","pop_n_validos":1,"pop_n_total":1,"pop_completude":1.0,"dom_n_validos":1,"dom_n_total":1,"dom_completude":1.0},"geometry":{"type":"Polygon","coordinates":[[[-52.0346859585901,-28.4300069014973],[-52.0346999034777,-28.428151134267452],[-52.03271481733492,-28.428138090500482],[-52.03270085805809,-28.429993857730288],[-52.0346859585901,-28.4300069014973]]]}},{"type":"Feature","properties":{"id_grade":"200ME51984N81780","pop":1,"dom":1,"universo_dom":"domicilios_ocupados_grade_ibge_2022","na_bacia":1,"area_pct_bacia":100.0,"metodo_recorte_bacia":"ponto_representativo_grade_2022; area_pct_geometrica","status_borda_bacia":"total","metodo_area_bacia":"interse??o geom?trica em EPSG:5880","metodo_na_bacia":"ponto_representativo_grade_2022_within_bacia","pop_n_validos":1,"pop_n_total":1,"pop_completude":1.0,"dom_n_validos":1,"dom_n_total":1,"dom_completude":1.0},"geometry":{"type":"Polygon","coordinates":[[[-52.03071575752614,-28.429980801372828],[-52.03072973119208,-28.42812503414296],[-52.02874464594861,-28.428111964295663],[-52.02873065789351,-28.42996773062628],[-52.03071575752614,-28.429980801372828]]]}}]}
