{"type":"FeatureCollection","name":"4309407","crs":{"type":"name","properties":{"name":"urn:ogc:def:crs:OGC:1.3:CRS84"}},"features":[{"type":"Feature","properties":{"id_grade":"200ME52156N81312","pop":2,"dom":1,"universo_dom":"domicilios_ocupados_grade_ibge_2022","na_bacia":1,"area_pct_bacia":100.0,"metodo_recorte_bacia":"ponto_representativo_grade_2022; area_pct_geometrica","status_borda_bacia":"total","metodo_area_bacia":"interseção geométrica em EPSG:5880","metodo_na_bacia":"ponto_representativo_grade_2022_within_bacia","pop_n_validos":1,"pop_n_total":1,"pop_completude":1.0,"dom_n_validos":1,"dom_n_total":1,"dom_completude":1.0},"geometry":{"type":"Polygon","coordinates":[[[-51.85643866460182,-28.863573616572175],[-51.85645390025568,-28.86171341551254],[-51.85446553097279,-28.86169915549943],[-51.854450281187326,-28.863559356309086],[-51.85643866460182,-28.863573616572175]]]}},{"type":"Feature","properties":{"id_grade":"200ME52152N81318","pop":5,"dom":1,"universo_dom":"domicilios_ocupados_grade_ibge_2022","na_bacia":1,"area_pct_bacia":100.0,"metodo_recorte_bacia":"ponto_representativo_grade_2022; area_pct_geometrica","status_borda_bacia":"total","metodo_area_bacia":"interseção geométrica em EPSG:5880","metodo_na_bacia":"ponto_representativo_grade_2022_within_bacia","pop_n_validos":1,"pop_n_total":1,"pop_completude":1.0,"dom_n_validos":1,"dom_n_total":1,"dom_completude":1.0},"geometry":{"type":"Polygon","coordinates":[[[-51.860461053603785,-28.85802155089722],[-51.86047626034593,-28.85616140746887],[-51.85848793302372,-28.856147174644263],[-51.85847271215056,-28.858007317823205],[-51.860461053603785,-28.85802155089722]]]}},{"type":"Feature","properties":{"id_grade":"200ME52156N81318","pop":2,"dom":1,"universo_dom":"domicilios_ocupados_grade_ibge_2022","na_bacia":1,"area_pct_bacia":100.0,"metodo_recorte_bacia":"ponto_representativo_grade_2022; area_pct_geometrica","status_borda_bacia":"total","metodo_area_bacia":"interseção geométrica em EPSG:5880","metodo_na_bacia":"ponto_representativo_grade_2022_within_bacia","pop_n_validos":1,"pop_n_total":1,"pop_completude":1.0,"dom_n_validos":1,"dom_n_total":1,"dom_completude":1.0},"geometry":{"type":"Polygon","coordinates":[[[-51.8564843709137,-28.857993071529606],[-51.85649960591786,-28.856132928600232],[-51.85451127902855,-28.856118669336766],[-51.8544960298934,-28.857978812016135],[-51.8564843709137,-28.857993071529606]]]}},{"type":"Feature","properties":{"id_grade":"200ME52158N81318","pop":1,"dom":1,"universo_dom":"domicilios_ocupados_grade_ibge_2022","na_bacia":1,"area_pct_bacia":100.0,"metodo_recorte_bacia":"ponto_representativo_grade_2022; area_pct_geometrica","status_borda_bacia":"total","metodo_area_bacia":"interseção geométrica em EPSG:5880","metodo_na_bacia":"ponto_representativo_grade_2022_within_bacia","pop_n_validos":1,"pop_n_total":1,"pop_completude":1.0,"dom_n_validos":1,"dom_n_total":1,"dom_completude":1.0},"geometry":{"type":"Polygon","coordinates":[[[-51.8544960298934,-28.857978812016135],[-51.85451127902855,-28.856118669336766],[-51.85252295235601,-28.856104396853798],[-51.85250768908987,-28.8579645392831],[-51.8544960298934,-28.857978812016135]]]}},{"type":"Feature","properties":{"id_grade":"200ME52162N81328","pop":5,"dom":1,"universo_dom":"domicilios_ocupados_grade_ibge_2022","na_bacia":1,"area_pct_bacia":100.0,"metodo_recorte_bacia":"ponto_representativo_grade_2022; area_pct_geometrica","status_borda_bacia":"total","metodo_area_bacia":"interseção geométrica em EPSG:5880","metodo_na_bacia":"ponto_representativo_grade_2022_within_bacia","pop_n_validos":1,"pop_n_total":1,"pop_completude":1.0,"dom_n_validos":1,"dom_n_total":1,"dom_completude":1.0},"geometry":{"type":"Polygon","coordinates":[[[-51.850595733317384,-28.848649736112836],[-51.85061100962876,-28.84678969075773],[-51.84862275404223,-28.84677539308824],[-51.848607463600885,-28.84863543819285],[-51.850595733317384,-28.848649736112836]]]}},{"type":"Feature","properties":{"id_grade":"200ME52164N81328","pop":12,"dom":5,"universo_dom":"domicilios_ocupados_grade_ibge_2022","na_bacia":1,"area_pct_bacia":100.0,"metodo_recorte_bacia":"ponto_representativo_grade_2022; area_pct_geometrica","status_borda_bacia":"total","metodo_area_bacia":"interseção geométrica em EPSG:5880","metodo_na_bacia":"ponto_representativo_grade_2022_within_bacia","pop_n_validos":1,"pop_n_total":1,"pop_completude":1.0,"dom_n_validos":1,"dom_n_total":1,"dom_completude":1.0},"geometry":{"type":"Polygon","coordinates":[[[-51.848607463600885,-28.84863543819285],[-51.84862275404223,-28.84677539308824],[-51.846634498673055,-28.846761082200356],[-51.84661919410173,-28.848621127054397],[-51.848607463600885,-28.84863543819285]]]}},{"type":"Feature","properties":{"id_grade":"200ME52162N81330","pop":4,"dom":1,"universo_dom":"domicilios_ocupados_grade_ibge_2022","na_bacia":1,"area_pct_bacia":100.0,"metodo_recorte_bacia":"ponto_representativo_grade_2022; area_pct_geometrica","status_borda_bacia":"total","metodo_area_bacia":"interseção geométrica em EPSG:5880","metodo_na_bacia":"ponto_representativo_grade_2022_within_bacia","pop_n_validos":1,"pop_n_total":1,"pop_completude":1.0,"dom_n_validos":1,"dom_n_total":1,"dom_completude":1.0},"geometry":{"type":"Polygon","coordinates":[[[-51.85061100962876,-28.84678969075773],[-51.850626285722996,-28.844929664758553],[-51.848638044266245,-28.844915367339386],[-51.84862275404223,-28.84677539308824],[-51.85061100962876,-28.84678969075773]]]}},{"type":"Feature","properties":{"id_grade":"200ME52164N81330","pop":4,"dom":2,"universo_dom":"domicilios_ocupados_grade_ibge_2022","na_bacia":1,"area_pct_bacia":100.0,"metodo_recorte_bacia":"ponto_representativo_grade_2022; area_pct_geometrica","status_borda_bacia":"total","metodo_area_bacia":"interseção geométrica em EPSG:5880","metodo_na_bacia":"ponto_representativo_grade_2022_within_bacia","pop_n_validos":1,"pop_n_total":1,"pop_completude":1.0,"dom_n_validos":1,"dom_n_total":1,"dom_completude":1.0},"geometry":{"type":"Polygon","coordinates":[[[-51.84862275404223,-28.84677539308824],[-51.848638044266245,-28.844915367339386],[-51.84664980302683,-28.84490105670216],[-51.846634498673055,-28.846761082200356],[-51.84862275404223,-28.84677539308824]]]}},{"type":"Feature","properties":{"id_grade":"200ME52166N81330","pop":4,"dom":1,"universo_dom":"domicilios_ocupados_grade_ibge_2022","na_bacia":1,"area_pct_bacia":100.0,"metodo_recorte_bacia":"ponto_representativo_grade_2022; area_pct_geometrica","status_borda_bacia":"total","metodo_area_bacia":"interseção geométrica em EPSG:5880","metodo_na_bacia":"ponto_representativo_grade_2022_within_bacia","pop_n_validos":1,"pop_n_total":1,"pop_completude":1.0,"dom_n_validos":1,"dom_n_total":1,"dom_completude":1.0},"geometry":{"type":"Polygon","coordinates":[[[-51.846634498673055,-28.846761082200356],[-51.84664980302683,-28.84490105670216],[-51.84466156200495,-28.844886732846966],[-51.84464624352141,-28.846746758094273],[-51.846634498673055,-28.846761082200356]]]}},{"type":"Feature","properties":{"id_grade":"200ME52164N81332","pop":8,"dom":2,"universo_dom":"domicilios_ocupados_grade_ibge_2022","na_bacia":1,"area_pct_bacia":100.0,"metodo_recorte_bacia":"ponto_representativo_grade_2022; area_pct_geometrica","status_borda_bacia":"total","metodo_area_bacia":"interseção geométrica em EPSG:5880","metodo_na_bacia":"ponto_representativo_grade_2022_within_bacia","pop_n_validos":1,"pop_n_total":1,"pop_completude":1.0,"dom_n_validos":1,"dom_n_total":1,"dom_completude":1.0},"geometry":{"type":"Polygon","coordinates":[[[-51.848638044266245,-28.844915367339386],[-51.84865333427292,-28.8430553609435],[-51.84666510716307,-28.843041050556877],[-51.84664980302683,-28.84490105670216],[-51.848638044266245,-28.844915367339386]]]}},{"type":"Feature","properties":{"id_grade":"200ME52160N81334","pop":24,"dom":8,"universo_dom":"domicilios_ocupados_grade_ibge_2022","na_bacia":1,"area_pct_bacia":100.0,"metodo_recorte_bacia":"ponto_representativo_grade_2022; area_pct_geometrica","status_borda_bacia":"total","metodo_area_bacia":"interseção geométrica em EPSG:5880","metodo_na_bacia":"ponto_representativo_grade_2022_within_bacia","pop_n_validos":1,"pop_n_total":1,"pop_completude":1.0,"dom_n_validos":1,"dom_n_total":1,"dom_completude":1.0},"geometry":{"type":"Polygon","coordinates":[[[-51.85262978914439,-28.84308394206322],[-51.85264505067497,-28.841223954516757],[-51.850656837260054,-28.841209670815932],[-51.85064156160009,-28.843069658112235],[-51.85262978914439,-28.84308394206322]]]}},{"type":"Feature","properties":{"id_grade":"1KME5209N8122","pop":7,"dom":2,"universo_dom":"domicilios_ocupados_grade_ibge_2022","na_bacia":1,"area_pct_bacia":100.0,"metodo_recorte_bacia":"ponto_representativo_grade_2022; area_pct_geometrica","status_borda_bacia":"total","metodo_area_bacia":"interseção geométrica em EPSG:5880","metodo_na_bacia":"ponto_representativo_grade_2022_within_bacia","pop_n_validos":1,"pop_n_total":1,"pop_completude":1.0,"dom_n_validos":1,"dom_n_total":1,"dom_completude":1.0},"geometry":{"type":"Polygon","coordinates":[[[-51.921390601326785,-28.947766308811484],[-51.921464493029006,-28.938461081980495],[-51.91151971568345,-28.938391781182343],[-51.91144547047172,-28.947697001916758],[-51.921390601326785,-28.947766308811484]]]}},{"type":"Feature","properties":{"id_grade":"1KME5210N8122","pop":16,"dom":5,"universo_dom":"domicilios_ocupados_grade_ibge_2022","na_bacia":1,"area_pct_bacia":100.0,"metodo_recorte_bacia":"ponto_representativo_grade_2022; area_pct_geometrica","status_borda_bacia":"total","metodo_area_bacia":"interseção geométrica em EPSG:5880","metodo_na_bacia":"ponto_representativo_grade_2022_within_bacia","pop_n_validos":1,"pop_n_total":1,"pop_completude":1.0,"dom_n_validos":1,"dom_n_total":1,"dom_completude":1.0},"geometry":{"type":"Polygon","coordinates":[[[-51.91144547047172,-28.947697001916758],[-51.91151971568345,-28.938391781182343],[-51.90157494361622,-28.93832214963877],[-51.90150034489556,-28.947627364247477],[-51.91144547047172,-28.947697001916758]]]}},{"type":"Feature","properties":{"id_grade":"1KME5210N8123","pop":15,"dom":4,"universo_dom":"domicilios_ocupados_grade_ibge_2022","na_bacia":1,"area_pct_bacia":100.0,"metodo_recorte_bacia":"ponto_representativo_grade_2022; area_pct_geometrica","status_borda_bacia":"total","metodo_area_bacia":"interseção geométrica em EPSG:5880","metodo_na_bacia":"ponto_representativo_grade_2022_within_bacia","pop_n_validos":1,"pop_n_total":1,"pop_completude":1.0,"dom_n_validos":1,"dom_n_total":1,"dom_completude":1.0},"geometry":{"type":"Polygon","coordinates":[[[-51.91151971568345,-28.938391781182343],[-51.911593955616816,-28.929087048017173],[-51.90164953703339,-28.929017422595866],[-51.90157494361622,-28.93832214963877],[-51.91151971568345,-28.938391781182343]]]}},{"type":"Feature","properties":{"id_grade":"1KME5211N8123","pop":30,"dom":8,"universo_dom":"domicilios_ocupados_grade_ibge_2022","na_bacia":1,"area_pct_bacia":100.0,"metodo_recorte_bacia":"ponto_representativo_grade_2022; area_pct_geometrica","status_borda_bacia":"total","metodo_area_bacia":"interseção geométrica em EPSG:5880","metodo_na_bacia":"ponto_representativo_grade_2022_within_bacia","pop_n_validos":1,"pop_n_total":1,"pop_completude":1.0,"dom_n_validos":1,"dom_n_total":1,"dom_completude":1.0},"geometry":{"type":"Polygon","coordinates":[[[-51.90157494361622,-28.93832214963877],[-51.90164953703339,-28.929017422595866],[-51.8917051237529,-28.928947466458354],[-51.89163017685247,-28.938252187349946],[-51.90157494361622,-28.93832214963877]]]}},{"type":"Feature","properties":{"id_grade":"1KME5218N8123","pop":4,"dom":1,"universo_dom":"domicilios_ocupados_grade_ibge_2022","na_bacia":1,"area_pct_bacia":100.0,"metodo_recorte_bacia":"ponto_representativo_grade_2022; area_pct_geometrica","status_borda_bacia":"total","metodo_area_bacia":"interseção geométrica em EPSG:5880","metodo_na_bacia":"ponto_representativo_grade_2022_within_bacia","pop_n_validos":1,"pop_n_total":1,"pop_completude":1.0,"dom_n_validos":1,"dom_n_total":1,"dom_completude":1.0},"geometry":{"type":"Polygon","coordinates":[[[-51.831961689050125,-28.937825468008718],[-51.83203875683798,-28.928520784635868],[-51.822094381381355,-28.928448513505327],[-51.82201696011429,-28.937753190523306],[-51.831961689050125,-28.937825468008718]]]}},{"type":"Feature","properties":{"id_grade":"1KME5221N8123","pop":3,"dom":1,"universo_dom":"domicilios_ocupados_grade_ibge_2022","na_bacia":1,"area_pct_bacia":100.0,"metodo_recorte_bacia":"ponto_representativo_grade_2022; area_pct_geometrica","status_borda_bacia":"total","metodo_area_bacia":"interseção geométrica em EPSG:5880","metodo_na_bacia":"ponto_representativo_grade_2022_within_bacia","pop_n_validos":1,"pop_n_total":1,"pop_completude":1.0,"dom_n_validos":1,"dom_n_total":1,"dom_completude":1.0},"geometry":{"type":"Polygon","coordinates":[[[-51.80212751878127,-28.93760764333406],[-51.80220564700498,-28.928302979112807],[-51.79226128813549,-28.928229715852343],[-51.79218280643433,-28.93753437363161],[-51.80212751878127,-28.93760764333406]]]}},{"type":"Feature","properties":{"id_grade":"1KME5205N8124","pop":6,"dom":3,"universo_dom":"domicilios_ocupados_grade_ibge_2022","na_bacia":1,"area_pct_bacia":100.0,"metodo_recorte_bacia":"ponto_representativo_grade_2022; area_pct_geometrica","status_borda_bacia":"total","metodo_area_bacia":"interseção geométrica em EPSG:5880","metodo_na_bacia":"ponto_representativo_grade_2022_within_bacia","pop_n_validos":1,"pop_n_total":1,"pop_completude":1.0,"dom_n_validos":1,"dom_n_total":1,"dom_completude":1.0},"geometry":{"type":"Polygon","coordinates":[[[-51.96131612719803,-28.92943021436172],[-51.96138859455184,-28.920125938231607],[-51.95144450329226,-28.92005797237386],[-51.951371682476996,-28.929362242529955],[-51.96131612719803,-28.92943021436172]]]}},{"type":"Feature","properties":{"id_grade":"1KME5210N8124","pop":3,"dom":2,"universo_dom":"domicilios_ocupados_grade_ibge_2022","na_bacia":1,"area_pct_bacia":100.0,"metodo_recorte_bacia":"ponto_representativo_grade_2022; area_pct_geometrica","status_borda_bacia":"total","metodo_area_bacia":"interseção geométrica em EPSG:5880","metodo_na_bacia":"ponto_representativo_grade_2022_within_bacia","pop_n_validos":1,"pop_n_total":1,"pop_completude":1.0,"dom_n_validos":1,"dom_n_total":1,"dom_completude":1.0},"geometry":{"type":"Polygon","coordinates":[[[-51.911593955616816,-28.929087048017173],[-51.91166819027241,-28.919782802046992],[-51.90172412514768,-28.919713182744786],[-51.90164953703339,-28.929017422595866],[-51.911593955616816,-28.929087048017173]]]}},{"type":"Feature","properties":{"id_grade":"1KME5212N8124","pop":5,"dom":2,"universo_dom":"domicilios_ocupados_grade_ibge_2022","na_bacia":1,"area_pct_bacia":100.0,"metodo_recorte_bacia":"ponto_representativo_grade_2022; area_pct_geometrica","status_borda_bacia":"total","metodo_area_bacia":"interseção geométrica em EPSG:5880","metodo_na_bacia":"ponto_representativo_grade_2022_within_bacia","pop_n_validos":1,"pop_n_total":1,"pop_completude":1.0,"dom_n_validos":1,"dom_n_total":1,"dom_completude":1.0},"geometry":{"type":"Polygon","coordinates":[[[-51.8917051237529,-28.928947466458354],[-51.89178006532529,-28.9196432327558],[-51.88183601083037,-28.919572952080227],[-51.881760715800425,-28.92887717960589],[-51.8917051237529,-28.928947466458354]]]}},{"type":"Feature","properties":{"id_grade":"1KME5213N8124","pop":7,"dom":4,"universo_dom":"domicilios_ocupados_grade_ibge_2022","na_bacia":1,"area_pct_bacia":100.0,"metodo_recorte_bacia":"ponto_representativo_grade_2022; area_pct_geometrica","status_borda_bacia":"total","metodo_area_bacia":"interseção geométrica em EPSG:5880","metodo_na_bacia":"ponto_representativo_grade_2022_within_bacia","pop_n_validos":1,"pop_n_total":1,"pop_completude":1.0,"dom_n_validos":1,"dom_n_total":1,"dom_completude":1.0},"geometry":{"type":"Polygon","coordinates":[[[-51.881760715800425,-28.92887717960589],[-51.88183601083037,-28.919572952080227],[-51.87189196168803,-28.91950234071921],[-51.87181631320111,-28.92880656203845],[-51.881760715800425,-28.92887717960589]]]}},{"type":"Feature","properties":{"id_grade":"1KME5214N8124","pop":23,"dom":7,"universo_dom":"domicilios_ocupados_grade_ibge_2022","na_bacia":1,"area_pct_bacia":100.0,"metodo_recorte_bacia":"ponto_representativo_grade_2022; area_pct_geometrica","status_borda_bacia":"total","metodo_area_bacia":"interseção geométrica em EPSG:5880","metodo_na_bacia":"ponto_representativo_grade_2022_within_bacia","pop_n_validos":1,"pop_n_total":1,"pop_completude":1.0,"dom_n_validos":1,"dom_n_total":1,"dom_completude":1.0},"geometry":{"type":"Polygon","coordinates":[[[-51.87181631320111,-28.92880656203845],[-51.87189196168803,-28.91950234071921],[-51.8619479179234,-28.9194313986732],[-51.86187191598008,-28.92873561375722],[-51.87181631320111,-28.92880656203845]]]}},{"type":"Feature","properties":{"id_grade":"1KME5215N8124","pop":6,"dom":1,"universo_dom":"domicilios_ocupados_grade_ibge_2022","na_bacia":1,"area_pct_bacia":100.0,"metodo_recorte_bacia":"ponto_representativo_grade_2022; area_pct_geometrica","status_borda_bacia":"total","metodo_area_bacia":"interseção geométrica em EPSG:5880","metodo_na_bacia":"ponto_representativo_grade_2022_within_bacia","pop_n_validos":1,"pop_n_total":1,"pop_completude":1.0,"dom_n_validos":1,"dom_n_total":1,"dom_completude":1.0},"geometry":{"type":"Polygon","coordinates":[[[-51.86187191598008,-28.92873561375722],[-51.8619479179234,-28.9194313986732],[-51.852003879561614,-28.919360125942912],[-51.85192752416247,-28.92866433476253],[-51.86187191598008,-28.92873561375722]]]}},{"type":"Feature","properties":{"id_grade":"1KME5217N8124","pop":19,"dom":6,"universo_dom":"domicilios_ocupados_grade_ibge_2022","na_bacia":1,"area_pct_bacia":100.0,"metodo_recorte_bacia":"ponto_representativo_grade_2022; area_pct_geometrica","status_borda_bacia":"total","metodo_area_bacia":"interseção geométrica em EPSG:5880","metodo_na_bacia":"ponto_representativo_grade_2022_within_bacia","pop_n_validos":1,"pop_n_total":1,"pop_completude":1.0,"dom_n_validos":1,"dom_n_total":1,"dom_completude":1.0},"geometry":{"type":"Polygon","coordinates":[[[-51.84198313777339,-28.92859272505521],[-51.842059846627784,-28.919288522529204],[-51.83211581914704,-28.919216588432207],[-51.83203875683798,-28.928520784635868],[-51.84198313777339,-28.92859272505521]]]}},{"type":"Feature","properties":{"id_grade":"1KME5219N8124","pop":30,"dom":6,"universo_dom":"domicilios_ocupados_grade_ibge_2022","na_bacia":1,"area_pct_bacia":100.0,"metodo_recorte_bacia":"ponto_representativo_grade_2022; area_pct_geometrica","status_borda_bacia":"total","metodo_area_bacia":"interseção geométrica em EPSG:5880","metodo_na_bacia":"ponto_representativo_grade_2022_within_bacia","pop_n_validos":1,"pop_n_total":1,"pop_completude":1.0,"dom_n_validos":1,"dom_n_total":1,"dom_completude":1.0},"geometry":{"type":"Polygon","coordinates":[[[-51.822094381381355,-28.928448513505327],[-51.822171797144506,-28.91914432365316],[-51.812227780645294,-28.919071728192407],[-51.81215001142865,-28.928375911664265],[-51.822094381381355,-28.928448513505327]]]}},{"type":"Feature","properties":{"id_grade":"1KME5220N8124","pop":13,"dom":3,"universo_dom":"domicilios_ocupados_grade_ibge_2022","na_bacia":1,"area_pct_bacia":100.0,"metodo_recorte_bacia":"ponto_representativo_grade_2022; area_pct_geometrica","status_borda_bacia":"total","metodo_area_bacia":"interseção geométrica em EPSG:5880","metodo_na_bacia":"ponto_representativo_grade_2022_within_bacia","pop_n_validos":1,"pop_n_total":1,"pop_completude":1.0,"dom_n_validos":1,"dom_n_total":1,"dom_completude":1.0},"geometry":{"type":"Polygon","coordinates":[[[-51.81215001142865,-28.928375911664265],[-51.812227780645294,-28.919071728192407],[-51.80228376967454,-28.9189988020509],[-51.80220564700498,-28.928302979112807],[-51.81215001142865,-28.928375911664265]]]}},{"type":"Feature","properties":{"id_grade":"1KME5221N8124","pop":12,"dom":4,"universo_dom":"domicilios_ocupados_grade_ibge_2022","na_bacia":1,"area_pct_bacia":100.0,"metodo_recorte_bacia":"ponto_representativo_grade_2022; area_pct_geometrica","status_borda_bacia":"total","metodo_area_bacia":"interseção geométrica em EPSG:5880","metodo_na_bacia":"ponto_representativo_grade_2022_within_bacia","pop_n_validos":1,"pop_n_total":1,"pop_completude":1.0,"dom_n_validos":1,"dom_n_total":1,"dom_completude":1.0},"geometry":{"type":"Polygon","coordinates":[[[-51.80220564700498,-28.928302979112807],[-51.80228376967454,-28.9189988020509],[-51.792339764257356,-28.91892554522895],[-51.79226128813549,-28.928229715852343],[-51.80220564700498,-28.928302979112807]]]}},{"type":"Feature","properties":{"id_grade":"1KME5222N8124","pop":7,"dom":4,"universo_dom":"domicilios_ocupados_grade_ibge_2022","na_bacia":1,"area_pct_bacia":100.0,"metodo_recorte_bacia":"ponto_representativo_grade_2022; area_pct_geometrica","status_borda_bacia":"total","metodo_area_bacia":"interseção geométrica em EPSG:5880","metodo_na_bacia":"ponto_representativo_grade_2022_within_bacia","pop_n_validos":1,"pop_n_total":1,"pop_completude":1.0,"dom_n_validos":1,"dom_n_total":1,"dom_completude":1.0},"geometry":{"type":"Polygon","coordinates":[[[-51.79226128813549,-28.928229715852343],[-51.792339764257356,-28.91892554522895],[-51.78239576441887,-28.918851957727544],[-51.78231693484529,-28.92815612188344],[-51.79226128813549,-28.928229715852343]]]}},{"type":"Feature","properties":{"id_grade":"1KME5205N8125","pop":10,"dom":4,"universo_dom":"domicilios_ocupados_grade_ibge_2022","na_bacia":1,"area_pct_bacia":100.0,"metodo_recorte_bacia":"ponto_representativo_grade_2022; area_pct_geometrica","status_borda_bacia":"total","metodo_area_bacia":"interseção geométrica em EPSG:5880","metodo_na_bacia":"ponto_representativo_grade_2022_within_bacia","pop_n_validos":1,"pop_n_total":1,"pop_completude":1.0,"dom_n_validos":1,"dom_n_total":1,"dom_completude":1.0},"geometry":{"type":"Polygon","coordinates":[[[-51.96138859455184,-28.920125938231607],[-51.96146105675405,-28.91082214893941],[-51.95151731893081,-28.91075418905221],[-51.95144450329226,-28.92005797237386],[-51.96138859455184,-28.920125938231607]]]}},{"type":"Feature","properties":{"id_grade":"1KME5207N8125","pop":9,"dom":3,"universo_dom":"domicilios_ocupados_grade_ibge_2022","na_bacia":1,"area_pct_bacia":100.0,"metodo_recorte_bacia":"ponto_representativo_grade_2022; area_pct_geometrica","status_borda_bacia":"total","metodo_area_bacia":"interseção geométrica em EPSG:5880","metodo_na_bacia":"ponto_representativo_grade_2022_within_bacia","pop_n_validos":1,"pop_n_total":1,"pop_completude":1.0,"dom_n_validos":1,"dom_n_total":1,"dom_completude":1.0},"geometry":{"type":"Polygon","coordinates":[[[-51.94150041720941,-28.91998967582568],[-51.94157358628375,-28.910685898504045],[-51.93162985883799,-28.910617277295163],[-51.9315563363284,-28.91992104858829],[-51.94150041720941,-28.91998967582568]]]}},{"type":"Feature","properties":{"id_grade":"1KME5208N8125","pop":8,"dom":2,"universo_dom":"domicilios_ocupados_grade_ibge_2022","na_bacia":1,"area_pct_bacia":100.0,"metodo_recorte_bacia":"ponto_representativo_grade_2022; area_pct_geometrica","status_borda_bacia":"total","metodo_area_bacia":"interseção geométrica em EPSG:5880","metodo_na_bacia":"ponto_representativo_grade_2022_within_bacia","pop_n_validos":1,"pop_n_total":1,"pop_completude":1.0,"dom_n_validos":1,"dom_n_total":1,"dom_completude":1.0},"geometry":{"type":"Polygon","coordinates":[[[-51.9315563363284,-28.91992104858829],[-51.93162985883799,-28.910617277295163],[-51.921686136618625,-28.9105483254266],[-51.92161226067436,-28.919852090661667],[-51.9315563363284,-28.91992104858829]]]}},{"type":"Feature","properties":{"id_grade":"1KME5209N8125","pop":6,"dom":2,"universo_dom":"domicilios_ocupados_grade_ibge_2022","na_bacia":1,"area_pct_bacia":100.0,"metodo_recorte_bacia":"ponto_representativo_grade_2022; area_pct_geometrica","status_borda_bacia":"total","metodo_area_bacia":"interseção geométrica em EPSG:5880","metodo_na_bacia":"ponto_representativo_grade_2022_within_bacia","pop_n_validos":1,"pop_n_total":1,"pop_completude":1.0,"dom_n_validos":1,"dom_n_total":1,"dom_completude":1.0},"geometry":{"type":"Polygon","coordinates":[[[-51.92161226067436,-28.919852090661667],[-51.921686136618625,-28.9105483254266],[-51.91174241965079,-28.910479042899],[-51.91166819027241,-28.919782802046992],[-51.92161226067436,-28.919852090661667]]]}},{"type":"Feature","properties":{"id_grade":"1KME5218N8125","pop":4,"dom":1,"universo_dom":"domicilios_ocupados_grade_ibge_2022","na_bacia":1,"area_pct_bacia":100.0,"metodo_recorte_bacia":"ponto_representativo_grade_2022; area_pct_geometrica","status_borda_bacia":"total","metodo_area_bacia":"interseção geométrica em EPSG:5880","metodo_na_bacia":"ponto_representativo_grade_2022_within_bacia","pop_n_validos":1,"pop_n_total":1,"pop_completude":1.0,"dom_n_validos":1,"dom_n_total":1,"dom_completude":1.0},"geometry":{"type":"Polygon","coordinates":[[[-51.83211581914704,-28.919216588432207],[-51.832192875977896,-28.90991287902429],[-51.82224920740432,-28.909840620593478],[-51.822171797144506,-28.91914432365316],[-51.83211581914704,-28.919216588432207]]]}},{"type":"Feature","properties":{"id_grade":"1KME5219N8125","pop":5,"dom":2,"universo_dom":"domicilios_ocupados_grade_ibge_2022","na_bacia":1,"area_pct_bacia":100.0,"metodo_recorte_bacia":"ponto_representativo_grade_2022; area_pct_geometrica","status_borda_bacia":"total","metodo_area_bacia":"interseção geométrica em EPSG:5880","metodo_na_bacia":"ponto_representativo_grade_2022_within_bacia","pop_n_validos":1,"pop_n_total":1,"pop_completude":1.0,"dom_n_validos":1,"dom_n_total":1,"dom_completude":1.0},"geometry":{"type":"Polygon","coordinates":[[[-51.822171797144506,-28.91914432365316],[-51.82224920740432,-28.909840620593478],[-51.81230554433349,-28.90976803150962],[-51.812227780645294,-28.919071728192407],[-51.822171797144506,-28.91914432365316]]]}},{"type":"Feature","properties":{"id_grade":"1KME5206N8126","pop":15,"dom":7,"universo_dom":"domicilios_ocupados_grade_ibge_2022","na_bacia":1,"area_pct_bacia":100.0,"metodo_recorte_bacia":"ponto_representativo_grade_2022; area_pct_geometrica","status_borda_bacia":"total","metodo_area_bacia":"interseção geométrica em EPSG:5880","metodo_na_bacia":"ponto_representativo_grade_2022_within_bacia","pop_n_validos":1,"pop_n_total":1,"pop_completude":1.0,"dom_n_validos":1,"dom_n_total":1,"dom_completude":1.0},"geometry":{"type":"Polygon","coordinates":[[[-51.95151731893081,-28.91075418905221],[-51.951590129393196,-28.901450892192564],[-51.941646750156806,-28.901382607640763],[-51.94157358628375,-28.910685898504045],[-51.95151731893081,-28.91075418905221]]]}},{"type":"Feature","properties":{"id_grade":"1KME5207N8126","pop":4,"dom":1,"universo_dom":"domicilios_ocupados_grade_ibge_2022","na_bacia":1,"area_pct_bacia":100.0,"metodo_recorte_bacia":"ponto_representativo_grade_2022; area_pct_geometrica","status_borda_bacia":"total","metodo_area_bacia":"interseção geométrica em EPSG:5880","metodo_na_bacia":"ponto_representativo_grade_2022_within_bacia","pop_n_validos":1,"pop_n_total":1,"pop_completude":1.0,"dom_n_validos":1,"dom_n_total":1,"dom_completude":1.0},"geometry":{"type":"Polygon","coordinates":[[[-51.94157358628375,-28.910685898504045],[-51.941646750156806,-28.901382607640763],[-51.93170337612115,-28.901313992457997],[-51.93162985883799,-28.910617277295163],[-51.94157358628375,-28.910685898504045]]]}},{"type":"Feature","properties":{"id_grade":"1KME5208N8126","pop":11,"dom":3,"universo_dom":"domicilios_ocupados_grade_ibge_2022","na_bacia":1,"area_pct_bacia":100.0,"metodo_recorte_bacia":"ponto_representativo_grade_2022; area_pct_geometrica","status_borda_bacia":"total","metodo_area_bacia":"interseção geométrica em EPSG:5880","metodo_na_bacia":"ponto_representativo_grade_2022_within_bacia","pop_n_validos":1,"pop_n_total":1,"pop_completude":1.0,"dom_n_validos":1,"dom_n_total":1,"dom_completude":1.0},"geometry":{"type":"Polygon","coordinates":[[[-51.93162985883799,-28.910617277295163],[-51.93170337612115,-28.901313992457997],[-51.92176000731135,-28.901245046643922],[-51.921686136618625,-28.9105483254266],[-51.93162985883799,-28.910617277295163]]]}},{"type":"Feature","properties":{"id_grade":"1KME5210N8126","pop":4,"dom":2,"universo_dom":"domicilios_ocupados_grade_ibge_2022","na_bacia":1,"area_pct_bacia":100.0,"metodo_recorte_bacia":"ponto_representativo_grade_2022; area_pct_geometrica","status_borda_bacia":"total","metodo_area_bacia":"interseção geométrica em EPSG:5880","metodo_na_bacia":"ponto_representativo_grade_2022_within_bacia","pop_n_validos":1,"pop_n_total":1,"pop_completude":1.0,"dom_n_validos":1,"dom_n_total":1,"dom_completude":1.0},"geometry":{"type":"Polygon","coordinates":[[[-51.91174241965079,-28.910479042899],[-51.911816643752516,-28.901175770199874],[-51.90187328546979,-28.90110616312624],[-51.901798707959614,-28.91040942971269],[-51.91174241965079,-28.910479042899]]]}},{"type":"Feature","properties":{"id_grade":"1KME5211N8126","pop":19,"dom":4,"universo_dom":"domicilios_ocupados_grade_ibge_2022","na_bacia":1,"area_pct_bacia":100.0,"metodo_recorte_bacia":"ponto_representativo_grade_2022; area_pct_geometrica","status_borda_bacia":"total","metodo_area_bacia":"interseção geométrica em EPSG:5880","metodo_na_bacia":"ponto_representativo_grade_2022_within_bacia","pop_n_validos":1,"pop_n_total":1,"pop_completude":1.0,"dom_n_validos":1,"dom_n_total":1,"dom_completude":1.0},"geometry":{"type":"Polygon","coordinates":[[[-51.901798707959614,-28.91040942971269],[-51.90187328546979,-28.90110616312624],[-51.89192993248825,-28.90103622542362],[-51.89185500157022,-28.910339485868498],[-51.901798707959614,-28.91040942971269]]]}},{"type":"Feature","properties":{"id_grade":"1KME5212N8126","pop":17,"dom":5,"universo_dom":"domicilios_ocupados_grade_ibge_2022","na_bacia":1,"area_pct_bacia":100.0,"metodo_recorte_bacia":"ponto_representativo_grade_2022; area_pct_geometrica","status_borda_bacia":"total","metodo_area_bacia":"interseção geométrica em EPSG:5880","metodo_na_bacia":"ponto_representativo_grade_2022_within_bacia","pop_n_validos":1,"pop_n_total":1,"pop_completude":1.0,"dom_n_validos":1,"dom_n_total":1,"dom_completude":1.0},"geometry":{"type":"Polygon","coordinates":[[[-51.89185500157022,-28.910339485868498],[-51.89192993248825,-28.90103622542362],[-51.88198658483305,-28.900965957092897],[-51.881911300507724,-28.91026921136693],[-51.89185500157022,-28.910339485868498]]]}},{"type":"Feature","properties":{"id_grade":"1KME5215N8126","pop":4,"dom":1,"universo_dom":"domicilios_ocupados_grade_ibge_2022","na_bacia":1,"area_pct_bacia":100.0,"metodo_recorte_bacia":"ponto_representativo_grade_2022; area_pct_geometrica","status_borda_bacia":"total","metodo_area_bacia":"interseção geométrica em EPSG:5880","metodo_na_bacia":"ponto_representativo_grade_2022_within_bacia","pop_n_validos":1,"pop_n_total":1,"pop_completude":1.0,"dom_n_validos":1,"dom_n_total":1,"dom_completude":1.0},"geometry":{"type":"Polygon","coordinates":[[[-51.86202391446389,-28.91012767039502],[-51.862099905602115,-28.900824428549495],[-51.852156574076616,-28.900753168338028],[-51.8520802295328,-28.910056403925978],[-51.86202391446389,-28.91012767039502]]]}},{"type":"Feature","properties":{"id_grade":"1KME5216N8126","pop":3,"dom":1,"universo_dom":"domicilios_ocupados_grade_ibge_2022","na_bacia":1,"area_pct_bacia":100.0,"metodo_recorte_bacia":"ponto_representativo_grade_2022; area_pct_geometrica","status_borda_bacia":"total","metodo_area_bacia":"interseção geométrica em EPSG:5880","metodo_na_bacia":"ponto_representativo_grade_2022_within_bacia","pop_n_validos":1,"pop_n_total":1,"pop_completude":1.0,"dom_n_validos":1,"dom_n_total":1,"dom_completude":1.0},"geometry":{"type":"Polygon","coordinates":[[[-51.8520802295328,-28.910056403925978],[-51.852156574076616,-28.900753168338028],[-51.84221324797792,-28.900681577500976],[-51.8421365500291,-28.909984806802],[-51.8520802295328,-28.910056403925978]]]}},{"type":"Feature","properties":{"id_grade":"1KME5217N8126","pop":4,"dom":1,"universo_dom":"domicilios_ocupados_grade_ibge_2022","na_bacia":1,"area_pct_bacia":100.0,"metodo_recorte_bacia":"ponto_representativo_grade_2022; area_pct_geometrica","status_borda_bacia":"total","metodo_area_bacia":"interseção geométrica em EPSG:5880","metodo_na_bacia":"ponto_representativo_grade_2022_within_bacia","pop_n_validos":1,"pop_n_total":1,"pop_completude":1.0,"dom_n_validos":1,"dom_n_total":1,"dom_completude":1.0},"geometry":{"type":"Polygon","coordinates":[[[-51.8421365500291,-28.909984806802],[-51.84221324797792,-28.900681577500976],[-51.83226992733113,-28.900609656039077],[-51.832192875977896,-28.90991287902429],[-51.8421365500291,-28.909984806802]]]}},{"type":"Feature","properties":{"id_grade":"1KME5203N8127","pop":1,"dom":1,"universo_dom":"domicilios_ocupados_grade_ibge_2022","na_bacia":1,"area_pct_bacia":100.0,"metodo_recorte_bacia":"ponto_representativo_grade_2022; area_pct_geometrica","status_borda_bacia":"total","metodo_area_bacia":"interseção geométrica em EPSG:5880","metodo_na_bacia":"ponto_representativo_grade_2022_within_bacia","pop_n_validos":1,"pop_n_total":1,"pop_completude":1.0,"dom_n_validos":1,"dom_n_total":1,"dom_completude":1.0},"geometry":{"type":"Polygon","coordinates":[[[-51.981420298055596,-28.90165376205218],[-51.981492043182406,-28.892350933474937],[-51.97154900188172,-28.89228364672793],[-51.9714769033677,-28.901586469398787],[-51.981420298055596,-28.90165376205218]]]}},{"type":"Feature","properties":{"id_grade":"1KME5205N8127","pop":5,"dom":2,"universo_dom":"domicilios_ocupados_grade_ibge_2022","na_bacia":1,"area_pct_bacia":100.0,"metodo_recorte_bacia":"ponto_representativo_grade_2022; area_pct_geometrica","status_borda_bacia":"total","metodo_area_bacia":"interseção geométrica em EPSG:5880","metodo_na_bacia":"ponto_representativo_grade_2022_within_bacia","pop_n_validos":1,"pop_n_total":1,"pop_completude":1.0,"dom_n_validos":1,"dom_n_total":1,"dom_completude":1.0},"geometry":{"type":"Polygon","coordinates":[[[-51.9615335138052,-28.901518846111898],[-51.961605965705864,-28.892216029376755],[-51.951662934679966,-28.89214808142171],[-51.951590129393196,-28.901450892192564],[-51.9615335138052,-28.901518846111898]]]}},{"type":"Feature","properties":{"id_grade":"1KME5206N8127","pop":3,"dom":1,"universo_dom":"domicilios_ocupados_grade_ibge_2022","na_bacia":1,"area_pct_bacia":100.0,"metodo_recorte_bacia":"ponto_representativo_grade_2022; area_pct_geometrica","status_borda_bacia":"total","metodo_area_bacia":"interseção geométrica em EPSG:5880","metodo_na_bacia":"ponto_representativo_grade_2022_within_bacia","pop_n_validos":1,"pop_n_total":1,"pop_completude":1.0,"dom_n_validos":1,"dom_n_total":1,"dom_completude":1.0},"geometry":{"type":"Polygon","coordinates":[[[-51.951590129393196,-28.901450892192564],[-51.951662934679966,-28.89214808142171],[-51.94171990882913,-28.892079802863453],[-51.941646750156806,-28.901382607640763],[-51.951590129393196,-28.901450892192564]]]}},{"type":"Feature","properties":{"id_grade":"1KME5209N8127","pop":11,"dom":4,"universo_dom":"domicilios_ocupados_grade_ibge_2022","na_bacia":1,"area_pct_bacia":100.0,"metodo_recorte_bacia":"ponto_representativo_grade_2022; area_pct_geometrica","status_borda_bacia":"total","metodo_area_bacia":"interseção geométrica em EPSG:5880","metodo_na_bacia":"ponto_representativo_grade_2022_within_bacia","pop_n_validos":1,"pop_n_total":1,"pop_completude":1.0,"dom_n_validos":1,"dom_n_total":1,"dom_completude":1.0},"geometry":{"type":"Polygon","coordinates":[[[-51.92176000731135,-28.901245046643922],[-51.9218338727531,-28.89194225394068],[-51.911890862578154,-28.89187298357682],[-51.911816643752516,-28.901175770199874],[-51.92176000731135,-28.901245046643922]]]}},{"type":"Feature","properties":{"id_grade":"1KME5212N8127","pop":4,"dom":1,"universo_dom":"domicilios_ocupados_grade_ibge_2022","na_bacia":1,"area_pct_bacia":100.0,"metodo_recorte_bacia":"ponto_representativo_grade_2022; area_pct_geometrica","status_borda_bacia":"total","metodo_area_bacia":"interseção geométrica em EPSG:5880","metodo_na_bacia":"ponto_representativo_grade_2022_within_bacia","pop_n_validos":1,"pop_n_total":1,"pop_completude":1.0,"dom_n_validos":1,"dom_n_total":1,"dom_completude":1.0},"geometry":{"type":"Polygon","coordinates":[[[-51.89192993248825,-28.90103622542362],[-51.89200485807996,-28.891733451048758],[-51.882061863806946,-28.891663188885364],[-51.88198658483305,-28.900965957092897],[-51.89192993248825,-28.90103622542362]]]}},{"type":"Feature","properties":{"id_grade":"1KME5213N8127","pop":8,"dom":2,"universo_dom":"domicilios_ocupados_grade_ibge_2022","na_bacia":1,"area_pct_bacia":100.0,"metodo_recorte_bacia":"ponto_representativo_grade_2022; area_pct_geometrica","status_borda_bacia":"total","metodo_area_bacia":"interseção geométrica em EPSG:5880","metodo_na_bacia":"ponto_representativo_grade_2022_within_bacia","pop_n_validos":1,"pop_n_total":1,"pop_completude":1.0,"dom_n_validos":1,"dom_n_total":1,"dom_completude":1.0},"geometry":{"type":"Polygon","coordinates":[[[-51.88198658483305,-28.900965957092897],[-51.882061863806946,-28.891663188885364],[-51.872118874884805,-28.891592596123445],[-51.8720432425293,-28.90089535813472],[-51.88198658483305,-28.900965957092897]]]}},{"type":"Feature","properties":{"id_grade":"1KME5214N8127","pop":11,"dom":3,"universo_dom":"domicilios_ocupados_grade_ibge_2022","na_bacia":1,"area_pct_bacia":100.0,"metodo_recorte_bacia":"ponto_representativo_grade_2022; area_pct_geometrica","status_borda_bacia":"total","metodo_area_bacia":"interseção geométrica em EPSG:5880","metodo_na_bacia":"ponto_representativo_grade_2022_within_bacia","pop_n_validos":1,"pop_n_total":1,"pop_completude":1.0,"dom_n_validos":1,"dom_n_total":1,"dom_completude":1.0},"geometry":{"type":"Polygon","coordinates":[[[-51.8720432425293,-28.90089535813472],[-51.872118874884805,-28.891592596123445],[-51.86217589133866,-28.891521672763634],[-51.862099905602115,-28.900824428549495],[-51.8720432425293,-28.90089535813472]]]}},{"type":"Feature","properties":{"id_grade":"1KME5215N8127","pop":3,"dom":1,"universo_dom":"domicilios_ocupados_grade_ibge_2022","na_bacia":1,"area_pct_bacia":100.0,"metodo_recorte_bacia":"ponto_representativo_grade_2022; area_pct_geometrica","status_borda_bacia":"total","metodo_area_bacia":"interseção geométrica em EPSG:5880","metodo_na_bacia":"ponto_representativo_grade_2022_within_bacia","pop_n_validos":1,"pop_n_total":1,"pop_completude":1.0,"dom_n_validos":1,"dom_n_total":1,"dom_completude":1.0},"geometry":{"type":"Polygon","coordinates":[[[-51.862099905602115,-28.900824428549495],[-51.86217589133866,-28.891521672763634],[-51.852232913193625,-28.891450418806865],[-51.852156574076616,-28.900753168338028],[-51.862099905602115,-28.900824428549495]]]}},{"type":"Feature","properties":{"id_grade":"1KME5216N8127","pop":6,"dom":2,"universo_dom":"domicilios_ocupados_grade_ibge_2022","na_bacia":1,"area_pct_bacia":100.0,"metodo_recorte_bacia":"ponto_representativo_grade_2022; area_pct_geometrica","status_borda_bacia":"total","metodo_area_bacia":"interseção geométrica em EPSG:5880","metodo_na_bacia":"ponto_representativo_grade_2022_within_bacia","pop_n_validos":1,"pop_n_total":1,"pop_completude":1.0,"dom_n_validos":1,"dom_n_total":1,"dom_completude":1.0},"geometry":{"type":"Polygon","coordinates":[[[-51.852156574076616,-28.900753168338028],[-51.852232913193625,-28.891450418806865],[-51.84228994047481,-28.891378834253125],[-51.84221324797792,-28.900681577500976],[-51.852156574076616,-28.900753168338028]]]}},{"type":"Feature","properties":{"id_grade":"1KME5204N8128","pop":11,"dom":2,"universo_dom":"domicilios_ocupados_grade_ibge_2022","na_bacia":1,"area_pct_bacia":100.0,"metodo_recorte_bacia":"ponto_representativo_grade_2022; area_pct_geometrica","status_borda_bacia":"total","metodo_area_bacia":"interseção geométrica em EPSG:5880","metodo_na_bacia":"ponto_representativo_grade_2022_within_bacia","pop_n_validos":1,"pop_n_total":1,"pop_completude":1.0,"dom_n_validos":1,"dom_n_total":1,"dom_completude":1.0},"geometry":{"type":"Polygon","coordinates":[[[-51.97154900188172,-28.89228364672793],[-51.971621095270905,-28.882981309779456],[-51.961678412456585,-28.882913698360383],[-51.961605965705864,-28.892216029376755],[-51.97154900188172,-28.89228364672793]]]}},{"type":"Feature","properties":{"id_grade":"1KME5205N8128","pop":7,"dom":2,"universo_dom":"domicilios_ocupados_grade_ibge_2022","na_bacia":1,"area_pct_bacia":100.0,"metodo_recorte_bacia":"ponto_representativo_grade_2022; area_pct_geometrica","status_borda_bacia":"total","metodo_area_bacia":"interseção geométrica em EPSG:5880","metodo_na_bacia":"ponto_representativo_grade_2022_within_bacia","pop_n_validos":1,"pop_n_total":1,"pop_completude":1.0,"dom_n_validos":1,"dom_n_total":1,"dom_completude":1.0},"geometry":{"type":"Polygon","coordinates":[[[-51.961605965705864,-28.892216029376755],[-51.961678412456585,-28.882913698360383],[-51.95173573479167,-28.882845756366848],[-51.951662934679966,-28.89214808142171],[-51.961605965705864,-28.892216029376755]]]}},{"type":"Feature","properties":{"id_grade":"1KME5206N8128","pop":2,"dom":1,"universo_dom":"domicilios_ocupados_grade_ibge_2022","na_bacia":1,"area_pct_bacia":100.0,"metodo_recorte_bacia":"ponto_representativo_grade_2022; area_pct_geometrica","status_borda_bacia":"total","metodo_area_bacia":"interseção geométrica em EPSG:5880","metodo_na_bacia":"ponto_representativo_grade_2022_within_bacia","pop_n_validos":1,"pop_n_total":1,"pop_completude":1.0,"dom_n_validos":1,"dom_n_total":1,"dom_completude":1.0},"geometry":{"type":"Polygon","coordinates":[[[-51.951662934679966,-28.89214808142171],[-51.95173573479167,-28.882845756366848],[-51.94179306230126,-28.882777483798833],[-51.94171990882913,-28.892079802863453],[-51.951662934679966,-28.89214808142171]]]}},{"type":"Feature","properties":{"id_grade":"1KME5207N8128","pop":2,"dom":1,"universo_dom":"domicilios_ocupados_grade_ibge_2022","na_bacia":1,"area_pct_bacia":100.0,"metodo_recorte_bacia":"ponto_representativo_grade_2022; area_pct_geometrica","status_borda_bacia":"total","metodo_area_bacia":"interseção geométrica em EPSG:5880","metodo_na_bacia":"ponto_representativo_grade_2022_within_bacia","pop_n_validos":1,"pop_n_total":1,"pop_completude":1.0,"dom_n_validos":1,"dom_n_total":1,"dom_completude":1.0},"geometry":{"type":"Polygon","coordinates":[[[-51.94171990882913,-28.892079802863453],[-51.94179306230126,-28.882777483798833],[-51.931850395010485,-28.882708880657596],[-51.93177688817846,-28.892011193703123],[-51.94171990882913,-28.892079802863453]]]}},{"type":"Feature","properties":{"id_grade":"1KME5208N8128","pop":1,"dom":1,"universo_dom":"domicilios_ocupados_grade_ibge_2022","na_bacia":1,"area_pct_bacia":100.0,"metodo_recorte_bacia":"ponto_representativo_grade_2022; area_pct_geometrica","status_borda_bacia":"total","metodo_area_bacia":"interseção geométrica em EPSG:5880","metodo_na_bacia":"ponto_representativo_grade_2022_within_bacia","pop_n_validos":1,"pop_n_total":1,"pop_completude":1.0,"dom_n_validos":1,"dom_n_total":1,"dom_completude":1.0},"geometry":{"type":"Polygon","coordinates":[[[-51.93177688817846,-28.892011193703123],[-51.931850395010485,-28.882708880657596],[-51.92190773294445,-28.882639946943122],[-51.9218338727531,-28.89194225394068],[-51.93177688817846,-28.892011193703123]]]}},{"type":"Feature","properties":{"id_grade":"1KME5209N8128","pop":18,"dom":6,"universo_dom":"domicilios_ocupados_grade_ibge_2022","na_bacia":1,"area_pct_bacia":100.0,"metodo_recorte_bacia":"ponto_representativo_grade_2022; area_pct_geometrica","status_borda_bacia":"total","metodo_area_bacia":"interseção geométrica em EPSG:5880","metodo_na_bacia":"ponto_representativo_grade_2022_within_bacia","pop_n_validos":1,"pop_n_total":1,"pop_completude":1.0,"dom_n_validos":1,"dom_n_total":1,"dom_completude":1.0},"geometry":{"type":"Polygon","coordinates":[[[-51.9218338727531,-28.89194225394068],[-51.92190773294445,-28.882639946943122],[-51.91196507612826,-28.882570682657057],[-51.911890862578154,-28.89187298357682],[-51.9218338727531,-28.89194225394068]]]}},{"type":"Feature","properties":{"id_grade":"1KME5210N8128","pop":46,"dom":16,"universo_dom":"domicilios_ocupados_grade_ibge_2022","na_bacia":1,"area_pct_bacia":100.0,"metodo_recorte_bacia":"ponto_representativo_grade_2022; area_pct_geometrica","status_borda_bacia":"total","metodo_area_bacia":"interseção geométrica em EPSG:5880","metodo_na_bacia":"ponto_representativo_grade_2022_within_bacia","pop_n_validos":1,"pop_n_total":1,"pop_completude":1.0,"dom_n_validos":1,"dom_n_total":1,"dom_completude":1.0},"geometry":{"type":"Polygon","coordinates":[[[-51.911890862578154,-28.89187298357682],[-51.91196507612826,-28.882570682657057],[-51.902022424587045,-28.882501087799124],[-51.901947857678735,-28.891803382612697],[-51.911890862578154,-28.89187298357682]]]}},{"type":"Feature","properties":{"id_grade":"1KME5211N8128","pop":10,"dom":4,"universo_dom":"domicilios_ocupados_grade_ibge_2022","na_bacia":1,"area_pct_bacia":100.0,"metodo_recorte_bacia":"ponto_representativo_grade_2022; area_pct_geometrica","status_borda_bacia":"total","metodo_area_bacia":"interseção geométrica em EPSG:5880","metodo_na_bacia":"ponto_representativo_grade_2022_within_bacia","pop_n_validos":1,"pop_n_total":1,"pop_completude":1.0,"dom_n_validos":1,"dom_n_total":1,"dom_completude":1.0},"geometry":{"type":"Polygon","coordinates":[[[-51.901947857678735,-28.891803382612697],[-51.902022424587045,-28.882501087799124],[-51.8920797783459,-28.882431162370573],[-51.89200485807996,-28.891733451048758],[-51.901947857678735,-28.891803382612697]]]}},{"type":"Feature","properties":{"id_grade":"1KME5212N8128","pop":46,"dom":21,"universo_dom":"domicilios_ocupados_grade_ibge_2022","na_bacia":1,"area_pct_bacia":100.0,"metodo_recorte_bacia":"ponto_representativo_grade_2022; area_pct_geometrica","status_borda_bacia":"total","metodo_area_bacia":"interseção geométrica em EPSG:5880","metodo_na_bacia":"ponto_representativo_grade_2022_within_bacia","pop_n_validos":1,"pop_n_total":1,"pop_completude":1.0,"dom_n_validos":1,"dom_n_total":1,"dom_completude":1.0},"geometry":{"type":"Polygon","coordinates":[[[-51.89200485807996,-28.891733451048758],[-51.8920797783459,-28.882431162370573],[-51.882137137429964,-28.88236090637127],[-51.882061863806946,-28.891663188885364],[-51.89200485807996,-28.891733451048758]]]}},{"type":"Feature","properties":{"id_grade":"1KME5213N8128","pop":49,"dom":15,"universo_dom":"domicilios_ocupados_grade_ibge_2022","na_bacia":1,"area_pct_bacia":100.0,"metodo_recorte_bacia":"ponto_representativo_grade_2022; area_pct_geometrica","status_borda_bacia":"total","metodo_area_bacia":"interseção geométrica em EPSG:5880","metodo_na_bacia":"ponto_representativo_grade_2022_within_bacia","pop_n_validos":1,"pop_n_total":1,"pop_completude":1.0,"dom_n_validos":1,"dom_n_total":1,"dom_completude":1.0},"geometry":{"type":"Polygon","coordinates":[[[-51.882061863806946,-28.891663188885364],[-51.882137137429964,-28.88236090637127],[-51.872194501864314,-28.882290319802642],[-51.872118874884805,-28.891592596123445],[-51.882061863806946,-28.891663188885364]]]}},{"type":"Feature","properties":{"id_grade":"1KME5214N8128","pop":28,"dom":12,"universo_dom":"domicilios_ocupados_grade_ibge_2022","na_bacia":1,"area_pct_bacia":100.0,"metodo_recorte_bacia":"ponto_representativo_grade_2022; area_pct_geometrica","status_borda_bacia":"total","metodo_area_bacia":"interseção geométrica em EPSG:5880","metodo_na_bacia":"ponto_representativo_grade_2022_within_bacia","pop_n_validos":1,"pop_n_total":1,"pop_completude":1.0,"dom_n_validos":1,"dom_n_total":1,"dom_completude":1.0},"geometry":{"type":"Polygon","coordinates":[[[-51.872118874884805,-28.891592596123445],[-51.872194501864314,-28.882290319802642],[-51.8622518716741,-28.882219402665175],[-51.86217589133866,-28.891521672763634],[-51.872118874884805,-28.891592596123445]]]}},{"type":"Feature","properties":{"id_grade":"1KME5215N8128","pop":31,"dom":11,"universo_dom":"domicilios_ocupados_grade_ibge_2022","na_bacia":1,"area_pct_bacia":100.0,"metodo_recorte_bacia":"ponto_representativo_grade_2022; area_pct_geometrica","status_borda_bacia":"total","metodo_area_bacia":"interseção geométrica em EPSG:5880","metodo_na_bacia":"ponto_representativo_grade_2022_within_bacia","pop_n_validos":1,"pop_n_total":1,"pop_completude":1.0,"dom_n_validos":1,"dom_n_total":1,"dom_completude":1.0},"geometry":{"type":"Polygon","coordinates":[[[-51.86217589133866,-28.891521672763634],[-51.8622518716741,-28.882219402665175],[-51.85230924688441,-28.88214815495902],[-51.852232913193625,-28.891450418806865],[-51.86217589133866,-28.891521672763634]]]}},{"type":"Feature","properties":{"id_grade":"1KME5216N8128","pop":15,"dom":6,"universo_dom":"domicilios_ocupados_grade_ibge_2022","na_bacia":1,"area_pct_bacia":100.0,"metodo_recorte_bacia":"ponto_representativo_grade_2022; area_pct_geometrica","status_borda_bacia":"total","metodo_area_bacia":"interseção geométrica em EPSG:5880","metodo_na_bacia":"ponto_representativo_grade_2022_within_bacia","pop_n_validos":1,"pop_n_total":1,"pop_completude":1.0,"dom_n_validos":1,"dom_n_total":1,"dom_completude":1.0},"geometry":{"type":"Polygon","coordinates":[[[-51.852232913193625,-28.891450418806865],[-51.85230924688441,-28.88214815495902],[-51.84236662752036,-28.88207657668556],[-51.84228994047481,-28.891378834253125],[-51.852232913193625,-28.891450418806865]]]}},{"type":"Feature","properties":{"id_grade":"1KME5217N8128","pop":25,"dom":9,"universo_dom":"domicilios_ocupados_grade_ibge_2022","na_bacia":1,"area_pct_bacia":100.0,"metodo_recorte_bacia":"ponto_representativo_grade_2022; area_pct_geometrica","status_borda_bacia":"total","metodo_area_bacia":"interseção geométrica em EPSG:5880","metodo_na_bacia":"ponto_representativo_grade_2022_within_bacia","pop_n_validos":1,"pop_n_total":1,"pop_completude":1.0,"dom_n_validos":1,"dom_n_total":1,"dom_completude":1.0},"geometry":{"type":"Polygon","coordinates":[[[-51.84228994047481,-28.891378834253125],[-51.84236662752036,-28.88207657668556],[-51.832424013607074,-28.882004667845308],[-51.83234697320733,-28.89130691910371],[-51.84228994047481,-28.891378834253125]]]}},{"type":"Feature","properties":{"id_grade":"1KME5218N8128","pop":32,"dom":10,"universo_dom":"domicilios_ocupados_grade_ibge_2022","na_bacia":1,"area_pct_bacia":100.0,"metodo_recorte_bacia":"ponto_representativo_grade_2022; area_pct_geometrica","status_borda_bacia":"total","metodo_area_bacia":"interseção geométrica em EPSG:5880","metodo_na_bacia":"ponto_representativo_grade_2022_within_bacia","pop_n_validos":1,"pop_n_total":1,"pop_completude":1.0,"dom_n_validos":1,"dom_n_total":1,"dom_completude":1.0},"geometry":{"type":"Polygon","coordinates":[[[-51.83234697320733,-28.89130691910371],[-51.832424013607074,-28.882004667845308],[-51.82248140516966,-28.88193242843867],[-51.82240401141631,-28.89123467335889],[-51.83234697320733,-28.89130691910371]]]}},{"type":"Feature","properties":{"id_grade":"1KME5219N8128","pop":28,"dom":8,"universo_dom":"domicilios_ocupados_grade_ibge_2022","na_bacia":1,"area_pct_bacia":100.0,"metodo_recorte_bacia":"ponto_representativo_grade_2022; area_pct_geometrica","status_borda_bacia":"total","metodo_area_bacia":"interseção geométrica em EPSG:5880","metodo_na_bacia":"ponto_representativo_grade_2022_within_bacia","pop_n_validos":1,"pop_n_total":1,"pop_completude":1.0,"dom_n_validos":1,"dom_n_total":1,"dom_completude":1.0},"geometry":{"type":"Polygon","coordinates":[[[-51.82240401141631,-28.89123467335889],[-51.82248140516966,-28.88193242843867],[-51.81253880223323,-28.881859858466473],[-51.81246105512685,-28.891162097019702],[-51.82240401141631,-28.89123467335889]]]}},{"type":"Feature","properties":{"id_grade":"1KME5220N8128","pop":17,"dom":5,"universo_dom":"domicilios_ocupados_grade_ibge_2022","na_bacia":1,"area_pct_bacia":100.0,"metodo_recorte_bacia":"ponto_representativo_grade_2022; area_pct_geometrica","status_borda_bacia":"total","metodo_area_bacia":"interseção geométrica em EPSG:5880","metodo_na_bacia":"ponto_representativo_grade_2022_within_bacia","pop_n_validos":1,"pop_n_total":1,"pop_completude":1.0,"dom_n_validos":1,"dom_n_total":1,"dom_completude":1.0},"geometry":{"type":"Polygon","coordinates":[[[-51.81246105512685,-28.891162097019702],[-51.81253880223323,-28.881859858466473],[-51.80259620482288,-28.88178695792932],[-51.80251810436409,-28.891089190086344],[-51.81246105512685,-28.891162097019702]]]}},{"type":"Feature","properties":{"id_grade":"1KME5203N8129","pop":3,"dom":1,"universo_dom":"domicilios_ocupados_grade_ibge_2022","na_bacia":1,"area_pct_bacia":100.0,"metodo_recorte_bacia":"ponto_representativo_grade_2022; area_pct_geometrica","status_borda_bacia":"total","metodo_area_bacia":"interseção geométrica em EPSG:5880","metodo_na_bacia":"ponto_representativo_grade_2022_within_bacia","pop_n_validos":1,"pop_n_total":1,"pop_completude":1.0,"dom_n_validos":1,"dom_n_total":1,"dom_completude":1.0},"geometry":{"type":"Polygon","coordinates":[[[-51.9815637832095,-28.883048590622852],[-51.98163551813743,-28.873746733123834],[-51.9716931835358,-28.873679458180685],[-51.971621095270905,-28.882981309779456],[-51.9815637832095,-28.883048590622852]]]}},{"type":"Feature","properties":{"id_grade":"1KME5206N8129","pop":3,"dom":1,"universo_dom":"domicilios_ocupados_grade_ibge_2022","na_bacia":1,"area_pct_bacia":100.0,"metodo_recorte_bacia":"ponto_representativo_grade_2022; area_pct_geometrica","status_borda_bacia":"total","metodo_area_bacia":"interseção geométrica em EPSG:5880","metodo_na_bacia":"ponto_representativo_grade_2022_within_bacia","pop_n_validos":1,"pop_n_total":1,"pop_completude":1.0,"dom_n_validos":1,"dom_n_total":1,"dom_completude":1.0},"geometry":{"type":"Polygon","coordinates":[[[-51.95173573479167,-28.882845756366848],[-51.95180852972886,-28.873543916655265],[-51.94186621057377,-28.873475650074766],[-51.94179306230126,-28.882777483798833],[-51.95173573479167,-28.882845756366848]]]}},{"type":"Feature","properties":{"id_grade":"1KME5210N8129","pop":13,"dom":5,"universo_dom":"domicilios_ocupados_grade_ibge_2022","na_bacia":1,"area_pct_bacia":100.0,"metodo_recorte_bacia":"ponto_representativo_grade_2022; area_pct_geometrica","status_borda_bacia":"total","metodo_area_bacia":"interseção geométrica em EPSG:5880","metodo_na_bacia":"ponto_representativo_grade_2022_within_bacia","pop_n_validos":1,"pop_n_total":1,"pop_completude":1.0,"dom_n_validos":1,"dom_n_total":1,"dom_completude":1.0},"geometry":{"type":"Polygon","coordinates":[[[-51.91196507612826,-28.882570682657057],[-51.9120392844034,-28.87326886706799],[-51.90209698619527,-28.873199278313255],[-51.902022424587045,-28.882501087799124],[-51.91196507612826,-28.882570682657057]]]}},{"type":"Feature","properties":{"id_grade":"1KME5213N8129","pop":14,"dom":6,"universo_dom":"domicilios_ocupados_grade_ibge_2022","na_bacia":1,"area_pct_bacia":100.0,"metodo_recorte_bacia":"ponto_representativo_grade_2022; area_pct_geometrica","status_borda_bacia":"total","metodo_area_bacia":"interseção geométrica em EPSG:5880","metodo_na_bacia":"ponto_representativo_grade_2022_within_bacia","pop_n_validos":1,"pop_n_total":1,"pop_completude":1.0,"dom_n_validos":1,"dom_n_total":1,"dom_completude":1.0},"geometry":{"type":"Polygon","coordinates":[[[-51.882137137429964,-28.88236090637127],[-51.88221240570266,-28.873059109178335],[-51.872270123468404,-28.872988528799777],[-51.872194501864314,-28.882290319802642],[-51.882137137429964,-28.88236090637127]]]}},{"type":"Feature","properties":{"id_grade":"1KME5215N8129","pop":1,"dom":1,"universo_dom":"domicilios_ocupados_grade_ibge_2022","na_bacia":1,"area_pct_bacia":100.0,"metodo_recorte_bacia":"ponto_representativo_grade_2022; area_pct_geometrica","status_borda_bacia":"total","metodo_area_bacia":"interseção geométrica em EPSG:5880","metodo_na_bacia":"ponto_representativo_grade_2022_within_bacia","pop_n_validos":1,"pop_n_total":1,"pop_completude":1.0,"dom_n_validos":1,"dom_n_total":1,"dom_completude":1.0},"geometry":{"type":"Polygon","coordinates":[[[-51.8622518716741,-28.882219402665175],[-51.862327846609,-28.872917617880905],[-51.85238557514955,-28.8728463764229],[-51.85230924688441,-28.88214815495902],[-51.8622518716741,-28.882219402665175]]]}},{"type":"Feature","properties":{"id_grade":"1KME5201N8130","pop":10,"dom":3,"universo_dom":"domicilios_ocupados_grade_ibge_2022","na_bacia":1,"area_pct_bacia":100.0,"metodo_recorte_bacia":"ponto_representativo_grade_2022; area_pct_geometrica","status_borda_bacia":"total","metodo_area_bacia":"interseção geométrica em EPSG:5880","metodo_na_bacia":"ponto_representativo_grade_2022_within_bacia","pop_n_validos":1,"pop_n_total":1,"pop_completude":1.0,"dom_n_validos":1,"dom_n_total":1,"dom_completude":1.0},"geometry":{"type":"Polygon","coordinates":[[[-52.001520202611474,-28.87388029136865],[-52.001591225815424,-28.864578907142853],[-51.99164923435459,-28.864512299133512],[-51.99157785783769,-28.873813677520122],[-52.001520202611474,-28.87388029136865]]]}},{"type":"Feature","properties":{"id_grade":"1KME5202N8130","pop":4,"dom":1,"universo_dom":"domicilios_ocupados_grade_ibge_2022","na_bacia":1,"area_pct_bacia":100.0,"metodo_recorte_bacia":"ponto_representativo_grade_2022; area_pct_geometrica","status_borda_bacia":"total","metodo_area_bacia":"interseção geométrica em EPSG:5880","metodo_na_bacia":"ponto_representativo_grade_2022_within_bacia","pop_n_validos":1,"pop_n_total":1,"pop_completude":1.0,"dom_n_validos":1,"dom_n_total":1,"dom_completude":1.0},"geometry":{"type":"Polygon","coordinates":[[[-51.99157785783769,-28.873813677520122],[-51.99164923435459,-28.864512299133512],[-51.981707247966725,-28.864445360605284],[-51.98163551813743,-28.873746733123834],[-51.99157785783769,-28.873813677520122]]]}},{"type":"Feature","properties":{"id_grade":"1KME5205N8130","pop":3,"dom":1,"universo_dom":"domicilios_ocupados_grade_ibge_2022","na_bacia":1,"area_pct_bacia":100.0,"metodo_recorte_bacia":"ponto_representativo_grade_2022; area_pct_geometrica","status_borda_bacia":"total","metodo_area_bacia":"interseção geométrica em EPSG:5880","metodo_na_bacia":"ponto_representativo_grade_2022_within_bacia","pop_n_validos":1,"pop_n_total":1,"pop_completude":1.0,"dom_n_validos":1,"dom_n_total":1,"dom_completude":1.0},"geometry":{"type":"Polygon","coordinates":[[[-51.961750854057904,-28.873611852690836],[-51.96182329051037,-28.864310491995656],[-51.95188131949209,-28.864242561915066],[-51.95180852972886,-28.873543916655265],[-51.961750854057904,-28.873611852690836]]]}},{"type":"Feature","properties":{"id_grade":"1KME5206N8130","pop":4,"dom":1,"universo_dom":"domicilios_ocupados_grade_ibge_2022","na_bacia":1,"area_pct_bacia":100.0,"metodo_recorte_bacia":"ponto_representativo_grade_2022; area_pct_geometrica","status_borda_bacia":"total","metodo_area_bacia":"interseção geométrica em EPSG:5880","metodo_na_bacia":"ponto_representativo_grade_2022_within_bacia","pop_n_validos":1,"pop_n_total":1,"pop_completude":1.0,"dom_n_validos":1,"dom_n_total":1,"dom_completude":1.0},"geometry":{"type":"Polygon","coordinates":[[[-51.95180852972886,-28.873543916655265],[-51.95188131949209,-28.864242561915066],[-51.941939353647214,-28.864174301318524],[-51.94186621057377,-28.873475650074766],[-51.95180852972886,-28.873543916655265]]]}},{"type":"Feature","properties":{"id_grade":"1KME5207N8130","pop":4,"dom":2,"universo_dom":"domicilios_ocupados_grade_ibge_2022","na_bacia":1,"area_pct_bacia":100.0,"metodo_recorte_bacia":"ponto_representativo_grade_2022; area_pct_geometrica","status_borda_bacia":"total","metodo_area_bacia":"interseção geométrica em EPSG:5880","metodo_na_bacia":"ponto_representativo_grade_2022_within_bacia","pop_n_validos":1,"pop_n_total":1,"pop_completude":1.0,"dom_n_validos":1,"dom_n_total":1,"dom_completude":1.0},"geometry":{"type":"Polygon","coordinates":[[[-51.94186621057377,-28.873475650074766],[-51.941939353647214,-28.864174301318524],[-51.931997393000856,-28.86410571020642],[-51.93192389661776,-28.873407052949513],[-51.94186621057377,-28.873475650074766]]]}},{"type":"Feature","properties":{"id_grade":"1KME5208N8130","pop":5,"dom":2,"universo_dom":"domicilios_ocupados_grade_ibge_2022","na_bacia":1,"area_pct_bacia":100.0,"metodo_recorte_bacia":"ponto_representativo_grade_2022; area_pct_geometrica","status_borda_bacia":"total","metodo_area_bacia":"interseção geométrica em EPSG:5880","metodo_na_bacia":"ponto_representativo_grade_2022_within_bacia","pop_n_validos":1,"pop_n_total":1,"pop_completude":1.0,"dom_n_validos":1,"dom_n_total":1,"dom_completude":1.0},"geometry":{"type":"Polygon","coordinates":[[[-51.93192389661776,-28.873407052949513],[-51.931997393000856,-28.86410571020642],[-51.92205543757813,-28.864036788579142],[-51.92198158788593,-28.873338125280416],[-51.93192389661776,-28.873407052949513]]]}},{"type":"Feature","properties":{"id_grade":"1KME5209N8130","pop":22,"dom":9,"universo_dom":"domicilios_ocupados_grade_ibge_2022","na_bacia":1,"area_pct_bacia":100.0,"metodo_recorte_bacia":"ponto_representativo_grade_2022; area_pct_geometrica","status_borda_bacia":"total","metodo_area_bacia":"interseção geométrica em EPSG:5880","metodo_na_bacia":"ponto_representativo_grade_2022_within_bacia","pop_n_validos":1,"pop_n_total":1,"pop_completude":1.0,"dom_n_validos":1,"dom_n_total":1,"dom_completude":1.0},"geometry":{"type":"Polygon","coordinates":[[[-51.92198158788593,-28.873338125280416],[-51.92205543757813,-28.864036788579142],[-51.912113487404135,-28.863967536437688],[-51.9120392844034,-28.87326886706799],[-51.92198158788593,-28.873338125280416]]]}},{"type":"Feature","properties":{"id_grade":"1KME5214N8130","pop":6,"dom":2,"universo_dom":"domicilios_ocupados_grade_ibge_2022","na_bacia":1,"area_pct_bacia":100.0,"metodo_recorte_bacia":"ponto_representativo_grade_2022; area_pct_geometrica","status_borda_bacia":"total","metodo_area_bacia":"interseção geométrica em EPSG:5880","metodo_na_bacia":"ponto_representativo_grade_2022_within_bacia","pop_n_validos":1,"pop_n_total":1,"pop_completude":1.0,"dom_n_validos":1,"dom_n_total":1,"dom_completude":1.0},"geometry":{"type":"Polygon","coordinates":[[[-51.872270123468404,-28.872988528799777],[-51.87234573969765,-28.863687222741937],[-51.86240381614394,-28.86361631803906],[-51.862327846609,-28.872917617880905],[-51.872270123468404,-28.872988528799777]]]}},{"type":"Feature","properties":{"id_grade":"1KME5215N8130","pop":11,"dom":6,"universo_dom":"domicilios_ocupados_grade_ibge_2022","na_bacia":1,"area_pct_bacia":100.0,"metodo_recorte_bacia":"ponto_representativo_grade_2022; area_pct_geometrica","status_borda_bacia":"total","metodo_area_bacia":"interseção geométrica em EPSG:5880","metodo_na_bacia":"ponto_representativo_grade_2022_within_bacia","pop_n_validos":1,"pop_n_total":1,"pop_completude":1.0,"dom_n_validos":1,"dom_n_total":1,"dom_completude":1.0},"geometry":{"type":"Polygon","coordinates":[[[-51.862327846609,-28.872917617880905],[-51.86240381614394,-28.86361631803906],[-51.85246189798961,-28.86354508282561],[-51.85238557514955,-28.8728463764229],[-51.862327846609,-28.872917617880905]]]}},{"type":"Feature","properties":{"id_grade":"1KME5216N8130","pop":6,"dom":2,"universo_dom":"domicilios_ocupados_grade_ibge_2022","na_bacia":1,"area_pct_bacia":100.0,"metodo_recorte_bacia":"ponto_representativo_grade_2022; area_pct_geometrica","status_borda_bacia":"total","metodo_area_bacia":"interseção geométrica em EPSG:5880","metodo_na_bacia":"ponto_representativo_grade_2022_within_bacia","pop_n_validos":1,"pop_n_total":1,"pop_completude":1.0,"dom_n_validos":1,"dom_n_total":1,"dom_completude":1.0},"geometry":{"type":"Polygon","coordinates":[[[-51.85238557514955,-28.8728463764229],[-51.85246189798961,-28.86354508282561],[-51.84251998525978,-28.863473517102445],[-51.842443309115154,-28.872774804426232],[-51.85238557514955,-28.8728463764229]]]}},{"type":"Feature","properties":{"id_grade":"1KME5198N8131","pop":3,"dom":1,"universo_dom":"domicilios_ocupados_grade_ibge_2022","na_bacia":1,"area_pct_bacia":100.0,"metodo_recorte_bacia":"ponto_representativo_grade_2022; area_pct_geometrica","status_borda_bacia":"total","metodo_area_bacia":"interseção geométrica em EPSG:5880","metodo_na_bacia":"ponto_representativo_grade_2022_within_bacia","pop_n_validos":1,"pop_n_total":1,"pop_completude":1.0,"dom_n_validos":1,"dom_n_total":1,"dom_completude":1.0},"geometry":{"type":"Polygon","coordinates":[[[-52.031417230384704,-28.864776748052353],[-52.03148718867408,-28.85547583110632],[-52.0215455354344,-28.855410220406192],[-52.021475223855596,-28.864711131602867],[-52.031417230384704,-28.864776748052353]]]}},{"type":"Feature","properties":{"id_grade":"1KME5199N8131","pop":6,"dom":1,"universo_dom":"domicilios_ocupados_grade_ibge_2022","na_bacia":1,"area_pct_bacia":100.0,"metodo_recorte_bacia":"ponto_representativo_grade_2022; area_pct_geometrica","status_borda_bacia":"total","metodo_area_bacia":"interseção geométrica em EPSG:5880","metodo_na_bacia":"ponto_representativo_grade_2022_within_bacia","pop_n_validos":1,"pop_n_total":1,"pop_completude":1.0,"dom_n_validos":1,"dom_n_total":1,"dom_completude":1.0},"geometry":{"type":"Polygon","coordinates":[[[-52.021475223855596,-28.864711131602867],[-52.0215455354344,-28.855410220406192],[-52.011603887191846,-28.855344279214457],[-52.01153322232413,-28.864645184632852],[-52.021475223855596,-28.864711131602867]]]}},{"type":"Feature","properties":{"id_grade":"1KME5202N8131","pop":8,"dom":4,"universo_dom":"domicilios_ocupados_grade_ibge_2022","na_bacia":1,"area_pct_bacia":100.0,"metodo_recorte_bacia":"ponto_representativo_grade_2022; area_pct_geometrica","status_borda_bacia":"total","metodo_area_bacia":"interseção geométrica em EPSG:5880","metodo_na_bacia":"ponto_representativo_grade_2022_within_bacia","pop_n_validos":1,"pop_n_total":1,"pop_completude":1.0,"dom_n_validos":1,"dom_n_total":1,"dom_completude":1.0},"geometry":{"type":"Polygon","coordinates":[[[-51.99164923435459,-28.864512299133512],[-51.99172060579851,-28.855211405358634],[-51.981778972697946,-28.85514447269554],[-51.981707247966725,-28.864445360605284],[-51.99164923435459,-28.864512299133512]]]}},{"type":"Feature","properties":{"id_grade":"1KME5203N8131","pop":7,"dom":2,"universo_dom":"domicilios_ocupados_grade_ibge_2022","na_bacia":1,"area_pct_bacia":100.0,"metodo_recorte_bacia":"ponto_representativo_grade_2022; area_pct_geometrica","status_borda_bacia":"total","metodo_area_bacia":"interseção geométrica em EPSG:5880","metodo_na_bacia":"ponto_representativo_grade_2022_within_bacia","pop_n_validos":1,"pop_n_total":1,"pop_completude":1.0,"dom_n_validos":1,"dom_n_total":1,"dom_completude":1.0},"geometry":{"type":"Polygon","coordinates":[[[-51.981707247966725,-28.864445360605284],[-51.981778972697946,-28.85514447269554],[-51.97183734469491,-28.855077209543424],[-51.971765266676954,-28.86437809155913],[-51.981707247966725,-28.864445360605284]]]}},{"type":"Feature","properties":{"id_grade":"1KME5209N8131","pop":9,"dom":4,"universo_dom":"domicilios_ocupados_grade_ibge_2022","na_bacia":1,"area_pct_bacia":100.0,"metodo_recorte_bacia":"ponto_representativo_grade_2022; area_pct_geometrica","status_borda_bacia":"total","metodo_area_bacia":"interseção geométrica em EPSG:5880","metodo_na_bacia":"ponto_representativo_grade_2022_within_bacia","pop_n_validos":1,"pop_n_total":1,"pop_completude":1.0,"dom_n_validos":1,"dom_n_total":1,"dom_completude":1.0},"geometry":{"type":"Polygon","coordinates":[[[-51.92205543757813,-28.864036788579142],[-51.92212928202159,-28.85473593646728],[-51.91218768513102,-28.85466669039362],[-51.912113487404135,-28.863967536437688],[-51.92205543757813,-28.864036788579142]]]}},{"type":"Feature","properties":{"id_grade":"1KME5216N8131","pop":23,"dom":8,"universo_dom":"domicilios_ocupados_grade_ibge_2022","na_bacia":1,"area_pct_bacia":100.0,"metodo_recorte_bacia":"ponto_representativo_grade_2022; area_pct_geometrica","status_borda_bacia":"total","metodo_area_bacia":"interseção geométrica em EPSG:5880","metodo_na_bacia":"ponto_representativo_grade_2022_within_bacia","pop_n_validos":1,"pop_n_total":1,"pop_completude":1.0,"dom_n_validos":1,"dom_n_total":1,"dom_completude":1.0},"geometry":{"type":"Polygon","coordinates":[[[-51.85246189798961,-28.86354508282561],[-51.8525382154052,-28.85424427379513],[-51.8425966559548,-28.854172714342187],[-51.84251998525978,-28.863473517102445],[-51.85246189798961,-28.86354508282561]]]}},{"type":"Feature","properties":{"id_grade":"1KME5218N8131","pop":4,"dom":2,"universo_dom":"domicilios_ocupados_grade_ibge_2022","na_bacia":1,"area_pct_bacia":100.0,"metodo_recorte_bacia":"ponto_representativo_grade_2022; area_pct_geometrica","status_borda_bacia":"total","metodo_area_bacia":"interseção geométrica em EPSG:5880","metodo_na_bacia":"ponto_representativo_grade_2022_within_bacia","pop_n_validos":1,"pop_n_total":1,"pop_completude":1.0,"dom_n_validos":1,"dom_n_total":1,"dom_completude":1.0},"geometry":{"type":"Polygon","coordinates":[[[-51.832578077979534,-28.86340162087039],[-51.83265510195342,-28.854100824409038],[-51.822713553426155,-28.85402860399676],[-51.822636176173994,-28.86332939412983],[-51.832578077979534,-28.86340162087039]]]}},{"type":"Feature","properties":{"id_grade":"1KME5200N8132","pop":6,"dom":1,"universo_dom":"domicilios_ocupados_grade_ibge_2022","na_bacia":1,"area_pct_bacia":100.0,"metodo_recorte_bacia":"ponto_representativo_grade_2022; area_pct_geometrica","status_borda_bacia":"total","metodo_area_bacia":"interseção geométrica em EPSG:5880","metodo_na_bacia":"ponto_representativo_grade_2022_within_bacia","pop_n_validos":1,"pop_n_total":1,"pop_completude":1.0,"dom_n_validos":1,"dom_n_total":1,"dom_completude":1.0},"geometry":{"type":"Polygon","coordinates":[[[-52.011603887191846,-28.855344279214457],[-52.01167454703734,-28.846043858042034],[-52.00173325708027,-28.845977592163383],[-52.00166224397151,-28.855278007531794],[-52.011603887191846,-28.855344279214457]]]}},{"type":"Feature","properties":{"id_grade":"1KME5202N8132","pop":6,"dom":2,"universo_dom":"domicilios_ocupados_grade_ibge_2022","na_bacia":1,"area_pct_bacia":100.0,"metodo_recorte_bacia":"ponto_representativo_grade_2022; area_pct_geometrica","status_borda_bacia":"total","metodo_area_bacia":"interseção geométrica em EPSG:5880","metodo_na_bacia":"ponto_representativo_grade_2022_within_bacia","pop_n_validos":1,"pop_n_total":1,"pop_completude":1.0,"dom_n_validos":1,"dom_n_total":1,"dom_completude":1.0},"geometry":{"type":"Polygon","coordinates":[[[-51.99172060579851,-28.855211405358634],[-51.99179197217,-28.845910995823253],[-51.98185069233161,-28.845844069022125],[-51.981778972697946,-28.85514447269554],[-51.99172060579851,-28.855211405358634]]]}},{"type":"Feature","properties":{"id_grade":"1KME5203N8132","pop":2,"dom":1,"universo_dom":"domicilios_ocupados_grade_ibge_2022","na_bacia":1,"area_pct_bacia":100.0,"metodo_recorte_bacia":"ponto_representativo_grade_2022; area_pct_geometrica","status_borda_bacia":"total","metodo_area_bacia":"interseção geométrica em EPSG:5880","metodo_na_bacia":"ponto_representativo_grade_2022_within_bacia","pop_n_validos":1,"pop_n_total":1,"pop_completude":1.0,"dom_n_validos":1,"dom_n_total":1,"dom_completude":1.0},"geometry":{"type":"Polygon","coordinates":[[[-51.981778972697946,-28.85514447269554],[-51.98185069233161,-28.845844069022125],[-51.97190941759022,-28.845776811760956],[-51.97183734469491,-28.855077209543424],[-51.981778972697946,-28.85514447269554]]]}},{"type":"Feature","properties":{"id_grade":"1KME5204N8132","pop":2,"dom":1,"universo_dom":"domicilios_ocupados_grade_ibge_2022","na_bacia":1,"area_pct_bacia":100.0,"metodo_recorte_bacia":"ponto_representativo_grade_2022; area_pct_geometrica","status_borda_bacia":"total","metodo_area_bacia":"interseção geométrica em EPSG:5880","metodo_na_bacia":"ponto_representativo_grade_2022_within_bacia","pop_n_validos":1,"pop_n_total":1,"pop_completude":1.0,"dom_n_validos":1,"dom_n_total":1,"dom_completude":1.0},"geometry":{"type":"Polygon","coordinates":[[[-51.97183734469491,-28.855077209543424],[-51.97190941759022,-28.845776811760956],[-51.96196814797094,-28.8457092240401],[-51.96189572181453,-28.855009615902723],[-51.97183734469491,-28.855077209543424]]]}},{"type":"Feature","properties":{"id_grade":"1KME5205N8132","pop":3,"dom":1,"universo_dom":"domicilios_ocupados_grade_ibge_2022","na_bacia":1,"area_pct_bacia":100.0,"metodo_recorte_bacia":"ponto_representativo_grade_2022; area_pct_geometrica","status_borda_bacia":"total","metodo_area_bacia":"interseção geométrica em EPSG:5880","metodo_na_bacia":"ponto_representativo_grade_2022_within_bacia","pop_n_validos":1,"pop_n_total":1,"pop_completude":1.0,"dom_n_validos":1,"dom_n_total":1,"dom_completude":1.0},"geometry":{"type":"Polygon","coordinates":[[[-51.96189572181453,-28.855009615902723],[-51.96196814797094,-28.8457092240401],[-51.95202688349887,-28.8456413058603],[-51.951954104081906,-28.854941691774187],[-51.96189572181453,-28.855009615902723]]]}},{"type":"Feature","properties":{"id_grade":"1KME5206N8132","pop":10,"dom":4,"universo_dom":"domicilios_ocupados_grade_ibge_2022","na_bacia":1,"area_pct_bacia":100.0,"metodo_recorte_bacia":"ponto_representativo_grade_2022; area_pct_geometrica","status_borda_bacia":"total","metodo_area_bacia":"interseção geométrica em EPSG:5880","metodo_na_bacia":"ponto_representativo_grade_2022_within_bacia","pop_n_validos":1,"pop_n_total":1,"pop_completude":1.0,"dom_n_validos":1,"dom_n_total":1,"dom_completude":1.0},"geometry":{"type":"Polygon","coordinates":[[[-51.951954104081906,-28.854941691774187],[-51.95202688349887,-28.8456413058603],[-51.94208562419909,-28.845573057222033],[-51.942012491522135,-28.854873437158194],[-51.951954104081906,-28.854941691774187]]]}},{"type":"Feature","properties":{"id_grade":"1KME5207N8132","pop":8,"dom":3,"universo_dom":"domicilios_ocupados_grade_ibge_2022","na_bacia":1,"area_pct_bacia":100.0,"metodo_recorte_bacia":"ponto_representativo_grade_2022; area_pct_geometrica","status_borda_bacia":"total","metodo_area_bacia":"interseção geométrica em EPSG:5880","metodo_na_bacia":"ponto_representativo_grade_2022_within_bacia","pop_n_validos":1,"pop_n_total":1,"pop_completude":1.0,"dom_n_validos":1,"dom_n_total":1,"dom_completude":1.0},"geometry":{"type":"Polygon","coordinates":[[[-51.942012491522135,-28.854873437158194],[-51.94208562419909,-28.845573057222033],[-51.93214437009673,-28.84550447812617],[-51.932070884160325,-28.8548048520559],[-51.942012491522135,-28.854873437158194]]]}},{"type":"Feature","properties":{"id_grade":"1KME5208N8132","pop":13,"dom":5,"universo_dom":"domicilios_ocupados_grade_ibge_2022","na_bacia":1,"area_pct_bacia":100.0,"metodo_recorte_bacia":"ponto_representativo_grade_2022; area_pct_geometrica","status_borda_bacia":"total","metodo_area_bacia":"interseção geométrica em EPSG:5880","metodo_na_bacia":"ponto_representativo_grade_2022_within_bacia","pop_n_validos":1,"pop_n_total":1,"pop_completude":1.0,"dom_n_validos":1,"dom_n_total":1,"dom_completude":1.0},"geometry":{"type":"Polygon","coordinates":[[[-51.932070884160325,-28.8548048520559],[-51.93214437009673,-28.84550447812617],[-51.922203121216874,-28.845435568573283],[-51.92212928202159,-28.85473593646728],[-51.932070884160325,-28.8548048520559]]]}},{"type":"Feature","properties":{"id_grade":"1KME5209N8132","pop":40,"dom":14,"universo_dom":"domicilios_ocupados_grade_ibge_2022","na_bacia":1,"area_pct_bacia":100.0,"metodo_recorte_bacia":"ponto_representativo_grade_2022; area_pct_geometrica","status_borda_bacia":"total","metodo_area_bacia":"interseção geométrica em EPSG:5880","metodo_na_bacia":"ponto_representativo_grade_2022_within_bacia","pop_n_validos":1,"pop_n_total":1,"pop_completude":1.0,"dom_n_validos":1,"dom_n_total":1,"dom_completude":1.0},"geometry":{"type":"Polygon","coordinates":[[[-51.92212928202159,-28.85473593646728],[-51.922203121216874,-28.845435568573283],[-51.91226187758464,-28.84536632856406],[-51.91218768513102,-28.85466669039362],[-51.92212928202159,-28.85473593646728]]]}},{"type":"Feature","properties":{"id_grade":"1KME5217N8132","pop":6,"dom":3,"universo_dom":"domicilios_ocupados_grade_ibge_2022","na_bacia":1,"area_pct_bacia":100.0,"metodo_recorte_bacia":"ponto_representativo_grade_2022; area_pct_geometrica","status_borda_bacia":"total","metodo_area_bacia":"interseção geométrica em EPSG:5880","metodo_na_bacia":"ponto_representativo_grade_2022_within_bacia","pop_n_validos":1,"pop_n_total":1,"pop_completude":1.0,"dom_n_validos":1,"dom_n_total":1,"dom_completude":1.0},"geometry":{"type":"Polygon","coordinates":[[[-51.8425966559548,-28.854172714342187],[-51.84267332120081,-28.844872395773553],[-51.83273212045318,-28.844800512136455],[-51.83265510195342,-28.854100824409038],[-51.8425966559548,-28.854172714342187]]]}},{"type":"Feature","properties":{"id_grade":"1KME5202N8133","pop":2,"dom":1,"universo_dom":"domicilios_ocupados_grade_ibge_2022","na_bacia":1,"area_pct_bacia":100.0,"metodo_recorte_bacia":"ponto_representativo_grade_2022; area_pct_geometrica","status_borda_bacia":"total","metodo_area_bacia":"interseção geométrica em EPSG:5880","metodo_na_bacia":"ponto_representativo_grade_2022_within_bacia","pop_n_validos":1,"pop_n_total":1,"pop_completude":1.0,"dom_n_validos":1,"dom_n_total":1,"dom_completude":1.0},"geometry":{"type":"Polygon","coordinates":[[[-51.99179197217,-28.845910995823253],[-51.99186333346958,-28.83661107015561],[-51.981922406868286,-28.836544149213534],[-51.98185069233161,-28.845844069022125],[-51.99179197217,-28.845910995823253]]]}},{"type":"Feature","properties":{"id_grade":"1KME5203N8133","pop":3,"dom":1,"universo_dom":"domicilios_ocupados_grade_ibge_2022","na_bacia":1,"area_pct_bacia":100.0,"metodo_recorte_bacia":"ponto_representativo_grade_2022; area_pct_geometrica","status_borda_bacia":"total","metodo_area_bacia":"interseção geométrica em EPSG:5880","metodo_na_bacia":"ponto_representativo_grade_2022_within_bacia","pop_n_validos":1,"pop_n_total":1,"pop_completude":1.0,"dom_n_validos":1,"dom_n_total":1,"dom_completude":1.0},"geometry":{"type":"Polygon","coordinates":[[[-51.98185069233161,-28.845844069022125],[-51.981922406868286,-28.836544149213534],[-51.971981485363436,-28.836476897840125],[-51.97190941759022,-28.845776811760956],[-51.98185069233161,-28.845844069022125]]]}},{"type":"Feature","properties":{"id_grade":"1KME5205N8133","pop":2,"dom":1,"universo_dom":"domicilios_ocupados_grade_ibge_2022","na_bacia":1,"area_pct_bacia":100.0,"metodo_recorte_bacia":"ponto_representativo_grade_2022; area_pct_geometrica","status_borda_bacia":"total","metodo_area_bacia":"interseção geométrica em EPSG:5880","metodo_na_bacia":"ponto_representativo_grade_2022_within_bacia","pop_n_validos":1,"pop_n_total":1,"pop_completude":1.0,"dom_n_validos":1,"dom_n_total":1,"dom_completude":1.0},"geometry":{"type":"Polygon","coordinates":[[[-51.96196814797094,-28.8457092240401],[-51.96204056898015,-28.836409316035947],[-51.952099657743524,-28.836341403801793],[-51.95202688349887,-28.8456413058603],[-51.96196814797094,-28.8457092240401]]]}},{"type":"Feature","properties":{"id_grade":"1KME5206N8133","pop":3,"dom":2,"universo_dom":"domicilios_ocupados_grade_ibge_2022","na_bacia":1,"area_pct_bacia":100.0,"metodo_recorte_bacia":"ponto_representativo_grade_2022; area_pct_geometrica","status_borda_bacia":"total","metodo_area_bacia":"interseção geométrica em EPSG:5880","metodo_na_bacia":"ponto_representativo_grade_2022_within_bacia","pop_n_validos":1,"pop_n_total":1,"pop_completude":1.0,"dom_n_validos":1,"dom_n_total":1,"dom_completude":1.0},"geometry":{"type":"Polygon","coordinates":[[[-51.95202688349887,-28.8456413058603],[-51.952099657743524,-28.836341403801793],[-51.94215875167864,-28.8362731611383],[-51.94208562419909,-28.845573057222033],[-51.95202688349887,-28.8456413058603]]]}},{"type":"Feature","properties":{"id_grade":"1KME5217N8133","pop":2,"dom":1,"universo_dom":"domicilios_ocupados_grade_ibge_2022","na_bacia":1,"area_pct_bacia":100.0,"metodo_recorte_bacia":"ponto_representativo_grade_2022; area_pct_geometrica","status_borda_bacia":"total","metodo_area_bacia":"interseção geométrica em EPSG:5880","metodo_na_bacia":"ponto_representativo_grade_2022_within_bacia","pop_n_validos":1,"pop_n_total":1,"pop_completude":1.0,"dom_n_validos":1,"dom_n_total":1,"dom_completude":1.0},"geometry":{"type":"Polygon","coordinates":[[[-51.84267332120081,-28.844872395773553],[-51.84274998099839,-28.83557256102487],[-51.83280913347941,-28.83550068368018],[-51.83273212045318,-28.844800512136455],[-51.84267332120081,-28.844872395773553]]]}},{"type":"Feature","properties":{"id_grade":"1KME5199N8134","pop":6,"dom":3,"universo_dom":"domicilios_ocupados_grade_ibge_2022","na_bacia":1,"area_pct_bacia":100.0,"metodo_recorte_bacia":"ponto_representativo_grade_2022; area_pct_geometrica","status_borda_bacia":"total","metodo_area_bacia":"interseção geométrica em EPSG:5880","metodo_na_bacia":"ponto_representativo_grade_2022_within_bacia","pop_n_validos":1,"pop_n_total":1,"pop_completude":1.0,"dom_n_validos":1,"dom_n_total":1,"dom_completude":1.0},"geometry":{"type":"Polygon","coordinates":[[[-52.0216861436012,-28.836809850387674],[-52.02175644019025,-28.82751039082244],[-52.0118158516638,-28.82744446694705],[-52.01174520186114,-28.836743920743135],[-52.0216861436012,-28.836809850387674]]]}},{"type":"Feature","properties":{"id_grade":"1KME5200N8134","pop":5,"dom":1,"universo_dom":"domicilios_ocupados_grade_ibge_2022","na_bacia":1,"area_pct_bacia":100.0,"metodo_recorte_bacia":"ponto_representativo_grade_2022; area_pct_geometrica","status_borda_bacia":"total","metodo_area_bacia":"interseção geométrica em EPSG:5880","metodo_na_bacia":"ponto_representativo_grade_2022_within_bacia","pop_n_validos":1,"pop_n_total":1,"pop_completude":1.0,"dom_n_validos":1,"dom_n_total":1,"dom_completude":1.0},"geometry":{"type":"Polygon","coordinates":[[[-52.01174520186114,-28.836743920743135],[-52.0118158516638,-28.82744446694705],[-52.00187526815795,-28.827378212667604],[-52.00180426514224,-28.836677660665565],[-52.01174520186114,-28.836743920743135]]]}},{"type":"Feature","properties":{"id_grade":"1KME5201N8134","pop":3,"dom":2,"universo_dom":"domicilios_ocupados_grade_ibge_2022","na_bacia":1,"area_pct_bacia":100.0,"metodo_recorte_bacia":"ponto_representativo_grade_2022; area_pct_geometrica","status_borda_bacia":"total","metodo_area_bacia":"interseção geométrica em EPSG:5880","metodo_na_bacia":"ponto_representativo_grade_2022_within_bacia","pop_n_validos":1,"pop_n_total":1,"pop_completude":1.0,"dom_n_validos":1,"dom_n_total":1,"dom_completude":1.0},"geometry":{"type":"Polygon","coordinates":[[[-52.00180426514224,-28.836677660665565],[-52.00187526815795,-28.827378212667604],[-51.99193468969782,-28.827311627984617],[-51.99186333346958,-28.83661107015561],[-52.00180426514224,-28.836677660665565]]]}},{"type":"Feature","properties":{"id_grade":"1KME5202N8134","pop":8,"dom":3,"universo_dom":"domicilios_ocupados_grade_ibge_2022","na_bacia":1,"area_pct_bacia":100.0,"metodo_recorte_bacia":"ponto_representativo_grade_2022; area_pct_geometrica","status_borda_bacia":"total","metodo_area_bacia":"interseção geométrica em EPSG:5880","metodo_na_bacia":"ponto_representativo_grade_2022_within_bacia","pop_n_validos":1,"pop_n_total":1,"pop_completude":1.0,"dom_n_validos":1,"dom_n_total":1,"dom_completude":1.0},"geometry":{"type":"Polygon","coordinates":[[[-51.99186333346958,-28.83661107015561],[-51.99193468969782,-28.827311627984617],[-51.981994116308506,-28.82724471289821],[-51.981922406868286,-28.836544149213534],[-51.99186333346958,-28.83661107015561]]]}},{"type":"Feature","properties":{"id_grade":"1KME5203N8134","pop":31,"dom":9,"universo_dom":"domicilios_ocupados_grade_ibge_2022","na_bacia":1,"area_pct_bacia":100.0,"metodo_recorte_bacia":"ponto_representativo_grade_2022; area_pct_geometrica","status_borda_bacia":"total","metodo_area_bacia":"interseção geométrica em EPSG:5880","metodo_na_bacia":"ponto_representativo_grade_2022_within_bacia","pop_n_validos":1,"pop_n_total":1,"pop_completude":1.0,"dom_n_validos":1,"dom_n_total":1,"dom_completude":1.0},"geometry":{"type":"Polygon","coordinates":[[[-51.981922406868286,-28.836544149213534],[-51.981994116308506,-28.82724471289821],[-51.972053548015104,-28.827177467409367],[-51.971981485363436,-28.836476897840125],[-51.981922406868286,-28.836544149213534]]]}},{"type":"Feature","properties":{"id_grade":"1KME5204N8134","pop":5,"dom":2,"universo_dom":"domicilios_ocupados_grade_ibge_2022","na_bacia":1,"area_pct_bacia":100.0,"metodo_recorte_bacia":"ponto_representativo_grade_2022; area_pct_geometrica","status_borda_bacia":"total","metodo_area_bacia":"interseção geométrica em EPSG:5880","metodo_na_bacia":"ponto_representativo_grade_2022_within_bacia","pop_n_validos":1,"pop_n_total":1,"pop_completude":1.0,"dom_n_validos":1,"dom_n_total":1,"dom_completude":1.0},"geometry":{"type":"Polygon","coordinates":[[[-51.971981485363436,-28.836476897840125],[-51.972053548015104,-28.827177467409367],[-51.962112984842705,-28.827109891518994],[-51.96204056898015,-28.836409316035947],[-51.971981485363436,-28.836476897840125]]]}},{"type":"Feature","properties":{"id_grade":"1KME5205N8134","pop":2,"dom":1,"universo_dom":"domicilios_ocupados_grade_ibge_2022","na_bacia":1,"area_pct_bacia":100.0,"metodo_recorte_bacia":"ponto_representativo_grade_2022; area_pct_geometrica","status_borda_bacia":"total","metodo_area_bacia":"interseção geométrica em EPSG:5880","metodo_na_bacia":"ponto_representativo_grade_2022_within_bacia","pop_n_validos":1,"pop_n_total":1,"pop_completude":1.0,"dom_n_validos":1,"dom_n_total":1,"dom_completude":1.0},"geometry":{"type":"Polygon","coordinates":[[[-51.96204056898015,-28.836409316035947],[-51.962112984842705,-28.827109891518994],[-51.95217242681642,-28.827041985227293],[-51.952099657743524,-28.836341403801793],[-51.96204056898015,-28.836409316035947]]]}},{"type":"Feature","properties":{"id_grade":"1KME5207N8134","pop":19,"dom":6,"universo_dom":"domicilios_ocupados_grade_ibge_2022","na_bacia":1,"area_pct_bacia":100.0,"metodo_recorte_bacia":"ponto_representativo_grade_2022; area_pct_geometrica","status_borda_bacia":"total","metodo_area_bacia":"interseção geométrica em EPSG:5880","metodo_na_bacia":"ponto_representativo_grade_2022_within_bacia","pop_n_validos":1,"pop_n_total":1,"pop_completude":1.0,"dom_n_validos":1,"dom_n_total":1,"dom_completude":1.0},"geometry":{"type":"Polygon","coordinates":[[[-51.94215875167864,-28.8362731611383],[-51.94223187396133,-28.826973748535075],[-51.93229132630255,-28.82690518144287],[-51.932217850810616,-28.836204588045863],[-51.94215875167864,-28.8362731611383]]]}},{"type":"Feature","properties":{"id_grade":"1KME5208N8134","pop":19,"dom":6,"universo_dom":"domicilios_ocupados_grade_ibge_2022","na_bacia":1,"area_pct_bacia":100.0,"metodo_recorte_bacia":"ponto_representativo_grade_2022; area_pct_geometrica","status_borda_bacia":"total","metodo_area_bacia":"interseção geométrica em EPSG:5880","metodo_na_bacia":"ponto_representativo_grade_2022_within_bacia","pop_n_validos":1,"pop_n_total":1,"pop_completude":1.0,"dom_n_validos":1,"dom_n_total":1,"dom_completude":1.0},"geometry":{"type":"Polygon","coordinates":[[[-51.932217850810616,-28.836204588045863],[-51.93229132630255,-28.82690518144287],[-51.92235078386516,-28.82683628395154],[-51.92227695516454,-28.836135684525267],[-51.932217850810616,-28.836204588045863]]]}},{"type":"Feature","properties":{"id_grade":"1KME5213N8134","pop":11,"dom":4,"universo_dom":"domicilios_ocupados_grade_ibge_2022","na_bacia":1,"area_pct_bacia":100.0,"metodo_recorte_bacia":"ponto_representativo_grade_2022; area_pct_geometrica","status_borda_bacia":"total","metodo_area_bacia":"interseção geométrica em EPSG:5880","metodo_na_bacia":"ponto_representativo_grade_2022_within_bacia","pop_n_validos":1,"pop_n_total":1,"pop_completude":1.0,"dom_n_validos":1,"dom_n_total":1,"dom_completude":1.0},"geometry":{"type":"Polygon","coordinates":[[[-51.88251342530183,-28.83585676617421],[-51.88258866683156,-28.82655739000621],[-51.87264815087762,-28.826486840528162],[-51.87257255614204,-28.83578621052286],[-51.88251342530183,-28.83585676617421]]]}},{"type":"Feature","properties":{"id_grade":"1KME5205N8135","pop":3,"dom":1,"universo_dom":"domicilios_ocupados_grade_ibge_2022","na_bacia":1,"area_pct_bacia":100.0,"metodo_recorte_bacia":"ponto_representativo_grade_2022; area_pct_geometrica","status_borda_bacia":"total","metodo_area_bacia":"interseção geométrica em EPSG:5880","metodo_na_bacia":"ponto_representativo_grade_2022_within_bacia","pop_n_validos":1,"pop_n_total":1,"pop_completude":1.0,"dom_n_validos":1,"dom_n_total":1,"dom_completude":1.0},"geometry":{"type":"Polygon","coordinates":[[[-51.962112984842705,-28.827109891518994],[-51.96218539555915,-28.817810950117806],[-51.95224519071811,-28.81774304976528],[-51.95217242681642,-28.827041985227293],[-51.962112984842705,-28.827109891518994]]]}},{"type":"Feature","properties":{"id_grade":"1KME5206N8135","pop":8,"dom":2,"universo_dom":"domicilios_ocupados_grade_ibge_2022","na_bacia":1,"area_pct_bacia":100.0,"metodo_recorte_bacia":"ponto_representativo_grade_2022; area_pct_geometrica","status_borda_bacia":"total","metodo_area_bacia":"interseção geométrica em EPSG:5880","metodo_na_bacia":"ponto_representativo_grade_2022_within_bacia","pop_n_validos":1,"pop_n_total":1,"pop_completude":1.0,"dom_n_validos":1,"dom_n_total":1,"dom_completude":1.0},"geometry":{"type":"Polygon","coordinates":[[[-51.95217242681642,-28.827041985227293],[-51.95224519071811,-28.81774304976528],[-51.94230499104772,-28.817674819041336],[-51.94223187396133,-28.826973748535075],[-51.95217242681642,-28.827041985227293]]]}},{"type":"Feature","properties":{"id_grade":"1KME5207N8135","pop":6,"dom":1,"universo_dom":"domicilios_ocupados_grade_ibge_2022","na_bacia":1,"area_pct_bacia":100.0,"metodo_recorte_bacia":"ponto_representativo_grade_2022; area_pct_geometrica","status_borda_bacia":"total","metodo_area_bacia":"interseção geométrica em EPSG:5880","metodo_na_bacia":"ponto_representativo_grade_2022_within_bacia","pop_n_validos":1,"pop_n_total":1,"pop_completude":1.0,"dom_n_validos":1,"dom_n_total":1,"dom_completude":1.0},"geometry":{"type":"Polygon","coordinates":[[[-51.94223187396133,-28.826973748535075],[-51.94230499104772,-28.817674819041336],[-51.932364796573076,-28.817606257946185],[-51.93229132630255,-28.82690518144287],[-51.94223187396133,-28.826973748535075]]]}},{"type":"Feature","properties":{"id_grade":"1KME5208N8135","pop":1,"dom":1,"universo_dom":"domicilios_ocupados_grade_ibge_2022","na_bacia":1,"area_pct_bacia":100.0,"metodo_recorte_bacia":"ponto_representativo_grade_2022; area_pct_geometrica","status_borda_bacia":"total","metodo_area_bacia":"interseção geométrica em EPSG:5880","metodo_na_bacia":"ponto_representativo_grade_2022_within_bacia","pop_n_validos":1,"pop_n_total":1,"pop_completude":1.0,"dom_n_validos":1,"dom_n_total":1,"dom_completude":1.0},"geometry":{"type":"Polygon","coordinates":[[[-51.93229132630255,-28.82690518144287],[-51.932364796573076,-28.817606257946185],[-51.922424607319286,-28.81753736648071],[-51.92235078386516,-28.82683628395154],[-51.93229132630255,-28.82690518144287]]]}},{"type":"Feature","properties":{"id_grade":"1KME5209N8135","pop":9,"dom":2,"universo_dom":"domicilios_ocupados_grade_ibge_2022","na_bacia":1,"area_pct_bacia":100.0,"metodo_recorte_bacia":"ponto_representativo_grade_2022; area_pct_geometrica","status_borda_bacia":"total","metodo_area_bacia":"interseção geométrica em EPSG:5880","metodo_na_bacia":"ponto_representativo_grade_2022_within_bacia","pop_n_validos":1,"pop_n_total":1,"pop_completude":1.0,"dom_n_validos":1,"dom_n_total":1,"dom_completude":1.0},"geometry":{"type":"Polygon","coordinates":[[[-51.92235078386516,-28.82683628395154],[-51.922424607319286,-28.81753736648071],[-51.91248442331142,-28.817468144645897],[-51.91241024667428,-28.82676705606138],[-51.92235078386516,-28.82683628395154]]]}},{"type":"Feature","properties":{"id_grade":"1KME5210N8135","pop":33,"dom":12,"universo_dom":"domicilios_ocupados_grade_ibge_2022","na_bacia":1,"area_pct_bacia":100.0,"metodo_recorte_bacia":"ponto_representativo_grade_2022; area_pct_geometrica","status_borda_bacia":"total","metodo_area_bacia":"interseção geométrica em EPSG:5880","metodo_na_bacia":"ponto_representativo_grade_2022_within_bacia","pop_n_validos":1,"pop_n_total":1,"pop_completude":1.0,"dom_n_validos":1,"dom_n_total":1,"dom_completude":1.0},"geometry":{"type":"Polygon","coordinates":[[[-51.91241024667428,-28.82676705606138],[-51.91248442331142,-28.817468144645897],[-51.90254424457459,-28.817398592441467],[-51.90246971475498,-28.826697497773683],[-51.91241024667428,-28.82676705606138]]]}},{"type":"Feature","properties":{"id_grade":"1KME5211N8135","pop":15,"dom":4,"universo_dom":"domicilios_ocupados_grade_ibge_2022","na_bacia":1,"area_pct_bacia":100.0,"metodo_recorte_bacia":"ponto_representativo_grade_2022; area_pct_geometrica","status_borda_bacia":"total","metodo_area_bacia":"interseção geométrica em EPSG:5880","metodo_na_bacia":"ponto_representativo_grade_2022_within_bacia","pop_n_validos":1,"pop_n_total":1,"pop_completude":1.0,"dom_n_validos":1,"dom_n_total":1,"dom_completude":1.0},"geometry":{"type":"Polygon","coordinates":[[[-51.90246971475498,-28.826697497773683],[-51.90254424457459,-28.817398592441467],[-51.89260407113388,-28.817328709868814],[-51.89252918813237,-28.826627609088273],[-51.90246971475498,-28.826697497773683]]]}},{"type":"Feature","properties":{"id_grade":"1KME5212N8135","pop":12,"dom":3,"universo_dom":"domicilios_ocupados_grade_ibge_2022","na_bacia":1,"area_pct_bacia":100.0,"metodo_recorte_bacia":"ponto_representativo_grade_2022; area_pct_geometrica","status_borda_bacia":"total","metodo_area_bacia":"interseção geométrica em EPSG:5880","metodo_na_bacia":"ponto_representativo_grade_2022_within_bacia","pop_n_validos":1,"pop_n_total":1,"pop_completude":1.0,"dom_n_validos":1,"dom_n_total":1,"dom_completude":1.0},"geometry":{"type":"Polygon","coordinates":[[[-51.89252918813237,-28.826627609088273],[-51.89260407113388,-28.817328709868814],[-51.882663903014404,-28.81725849692828],[-51.88258866683156,-28.82655739000621],[-51.89252918813237,-28.826627609088273]]]}},{"type":"Feature","properties":{"id_grade":"1KME5213N8135","pop":4,"dom":1,"universo_dom":"domicilios_ocupados_grade_ibge_2022","na_bacia":1,"area_pct_bacia":100.0,"metodo_recorte_bacia":"ponto_representativo_grade_2022; area_pct_geometrica","status_borda_bacia":"total","metodo_area_bacia":"interseção geométrica em EPSG:5880","metodo_na_bacia":"ponto_representativo_grade_2022_within_bacia","pop_n_validos":1,"pop_n_total":1,"pop_completude":1.0,"dom_n_validos":1,"dom_n_total":1,"dom_completude":1.0},"geometry":{"type":"Polygon","coordinates":[[[-51.88258866683156,-28.82655739000621],[-51.882663903014404,-28.81725849692828],[-51.87272374024123,-28.817187953620884],[-51.87264815087762,-28.826486840528162],[-51.88258866683156,-28.82655739000621]]]}},{"type":"Feature","properties":{"id_grade":"1KME5214N8135","pop":1,"dom":1,"universo_dom":"domicilios_ocupados_grade_ibge_2022","na_bacia":1,"area_pct_bacia":100.0,"metodo_recorte_bacia":"ponto_representativo_grade_2022; area_pct_geometrica","status_borda_bacia":"total","metodo_area_bacia":"interseção geométrica em EPSG:5880","metodo_na_bacia":"ponto_representativo_grade_2022_within_bacia","pop_n_validos":1,"pop_n_total":1,"pop_completude":1.0,"dom_n_validos":1,"dom_n_total":1,"dom_completude":1.0},"geometry":{"type":"Polygon","coordinates":[[[-51.87264815087762,-28.826486840528162],[-51.87272374024123,-28.817187953620884],[-51.86278358283948,-28.817117079946474],[-51.862707640295675,-28.826415960654835],[-51.87264815087762,-28.826486840528162]]]}},{"type":"Feature","properties":{"id_grade":"1KME5215N8135","pop":6,"dom":2,"universo_dom":"domicilios_ocupados_grade_ibge_2022","na_bacia":1,"area_pct_bacia":100.0,"metodo_recorte_bacia":"ponto_representativo_grade_2022; area_pct_geometrica","status_borda_bacia":"total","metodo_area_bacia":"interseção geométrica em EPSG:5880","metodo_na_bacia":"ponto_representativo_grade_2022_within_bacia","pop_n_validos":1,"pop_n_total":1,"pop_completude":1.0,"dom_n_validos":1,"dom_n_total":1,"dom_completude":1.0},"geometry":{"type":"Polygon","coordinates":[[[-51.862707640295675,-28.826415960654835],[-51.86278358283948,-28.817117079946474],[-51.852843430834206,-28.81704587590674],[-51.8527671351108,-28.826344750386863],[-51.862707640295675,-28.826415960654835]]]}},{"type":"Feature","properties":{"id_grade":"1KME5216N8135","pop":2,"dom":1,"universo_dom":"domicilios_ocupados_grade_ibge_2022","na_bacia":1,"area_pct_bacia":100.0,"metodo_recorte_bacia":"ponto_representativo_grade_2022; area_pct_geometrica","status_borda_bacia":"total","metodo_area_bacia":"interseção geométrica em EPSG:5880","metodo_na_bacia":"ponto_representativo_grade_2022_within_bacia","pop_n_validos":1,"pop_n_total":1,"pop_completude":1.0,"dom_n_validos":1,"dom_n_total":1,"dom_completude":1.0},"geometry":{"type":"Polygon","coordinates":[[[-51.8527671351108,-28.826344750386863],[-51.852843430834206,-28.81704587590674],[-51.84290328425057,-28.816974341501314],[-51.84282663534811,-28.8262732097244],[-51.8527671351108,-28.826344750386863]]]}},{"type":"Feature","properties":{"id_grade":"1KME5206N8136","pop":15,"dom":6,"universo_dom":"domicilios_ocupados_grade_ibge_2022","na_bacia":1,"area_pct_bacia":100.0,"metodo_recorte_bacia":"ponto_representativo_grade_2022; area_pct_geometrica","status_borda_bacia":"total","metodo_area_bacia":"interseção geométrica em EPSG:5880","metodo_na_bacia":"ponto_representativo_grade_2022_within_bacia","pop_n_validos":1,"pop_n_total":1,"pop_completude":1.0,"dom_n_validos":1,"dom_n_total":1,"dom_completude":1.0},"geometry":{"type":"Polygon","coordinates":[[[-51.95224519071811,-28.81774304976528],[-51.95231794944915,-28.80844459704469],[-51.94237810293836,-28.8083763722858],[-51.94230499104772,-28.817674819041336],[-51.95224519071811,-28.81774304976528]]]}},{"type":"Feature","properties":{"id_grade":"1KME5207N8136","pop":13,"dom":6,"universo_dom":"domicilios_ocupados_grade_ibge_2022","na_bacia":1,"area_pct_bacia":100.0,"metodo_recorte_bacia":"ponto_representativo_grade_2022; area_pct_geometrica","status_borda_bacia":"total","metodo_area_bacia":"interseção geométrica em EPSG:5880","metodo_na_bacia":"ponto_representativo_grade_2022_within_bacia","pop_n_validos":1,"pop_n_total":1,"pop_completude":1.0,"dom_n_validos":1,"dom_n_total":1,"dom_completude":1.0},"geometry":{"type":"Polygon","coordinates":[[[-51.94230499104772,-28.817674819041336],[-51.94237810293836,-28.8083763722858],[-51.93243826162277,-28.808307817184716],[-51.932364796573076,-28.817606257946185],[-51.94230499104772,-28.817674819041336]]]}},{"type":"Feature","properties":{"id_grade":"1KME5208N8136","pop":14,"dom":6,"universo_dom":"domicilios_ocupados_grade_ibge_2022","na_bacia":1,"area_pct_bacia":100.0,"metodo_recorte_bacia":"ponto_representativo_grade_2022; area_pct_geometrica","status_borda_bacia":"total","metodo_area_bacia":"interseção geométrica em EPSG:5880","metodo_na_bacia":"ponto_representativo_grade_2022_within_bacia","pop_n_validos":1,"pop_n_total":1,"pop_completude":1.0,"dom_n_validos":1,"dom_n_total":1,"dom_completude":1.0},"geometry":{"type":"Polygon","coordinates":[[[-51.932364796573076,-28.817606257946185],[-51.93243826162277,-28.808307817184716],[-51.922498425527465,-28.808238931741954],[-51.922424607319286,-28.81753736648071],[-51.932364796573076,-28.817606257946185]]]}},{"type":"Feature","properties":{"id_grade":"1KME5210N8136","pop":24,"dom":7,"universo_dom":"domicilios_ocupados_grade_ibge_2022","na_bacia":1,"area_pct_bacia":100.0,"metodo_recorte_bacia":"ponto_representativo_grade_2022; area_pct_geometrica","status_borda_bacia":"total","metodo_area_bacia":"interseção geométrica em EPSG:5880","metodo_na_bacia":"ponto_representativo_grade_2022_within_bacia","pop_n_validos":1,"pop_n_total":1,"pop_completude":1.0,"dom_n_validos":1,"dom_n_total":1,"dom_completude":1.0},"geometry":{"type":"Polygon","coordinates":[[[-51.91248442331142,-28.817468144645897],[-51.912558594677535,-28.80816971595868],[-51.902618769098076,-28.808100169834884],[-51.90254424457459,-28.817398592441467],[-51.91248442331142,-28.817468144645897]]]}},{"type":"Feature","properties":{"id_grade":"1KME5211N8136","pop":11,"dom":3,"universo_dom":"domicilios_ocupados_grade_ibge_2022","na_bacia":1,"area_pct_bacia":100.0,"metodo_recorte_bacia":"ponto_representativo_grade_2022; area_pct_geometrica","status_borda_bacia":"total","metodo_area_bacia":"interseção geométrica em EPSG:5880","metodo_na_bacia":"ponto_representativo_grade_2022_within_bacia","pop_n_validos":1,"pop_n_total":1,"pop_completude":1.0,"dom_n_validos":1,"dom_n_total":1,"dom_completude":1.0},"geometry":{"type":"Polygon","coordinates":[[[-51.90254424457459,-28.817398592441467],[-51.902618769098076,-28.808100169834884],[-51.89267894881417,-28.808030293371626],[-51.89260407113388,-28.817328709868814],[-51.90254424457459,-28.817398592441467]]]}},{"type":"Feature","properties":{"id_grade":"1KME5212N8136","pop":6,"dom":2,"universo_dom":"domicilios_ocupados_grade_ibge_2022","na_bacia":1,"area_pct_bacia":100.0,"metodo_recorte_bacia":"ponto_representativo_grade_2022; area_pct_geometrica","status_borda_bacia":"total","metodo_area_bacia":"interseção geométrica em EPSG:5880","metodo_na_bacia":"ponto_representativo_grade_2022_within_bacia","pop_n_validos":1,"pop_n_total":1,"pop_completude":1.0,"dom_n_validos":1,"dom_n_total":1,"dom_completude":1.0},"geometry":{"type":"Polygon","coordinates":[[[-51.89260407113388,-28.817328709868814],[-51.89267894881417,-28.808030293371626],[-51.882739133850926,-28.807960086569402],[-51.882663903014404,-28.81725849692828],[-51.89260407113388,-28.817328709868814]]]}},{"type":"Feature","properties":{"id_grade":"1KME5215N8136","pop":8,"dom":2,"universo_dom":"domicilios_ocupados_grade_ibge_2022","na_bacia":1,"area_pct_bacia":100.0,"metodo_recorte_bacia":"ponto_representativo_grade_2022; area_pct_geometrica","status_borda_bacia":"total","metodo_area_bacia":"interseção geométrica em EPSG:5880","metodo_na_bacia":"ponto_representativo_grade_2022_within_bacia","pop_n_validos":1,"pop_n_total":1,"pop_completude":1.0,"dom_n_validos":1,"dom_n_total":1,"dom_completude":1.0},"geometry":{"type":"Polygon","coordinates":[[[-51.86278358283948,-28.817117079946474],[-51.86285951998676,-28.807818681950636],[-51.85291972113603,-28.807747484135668],[-51.852843430834206,-28.81704587590674],[-51.86278358283948,-28.817117079946474]]]}},{"type":"Feature","properties":{"id_grade":"1KME5216N8136","pop":4,"dom":3,"universo_dom":"domicilios_ocupados_grade_ibge_2022","na_bacia":1,"area_pct_bacia":100.0,"metodo_recorte_bacia":"ponto_representativo_grade_2022; area_pct_geometrica","status_borda_bacia":"total","metodo_area_bacia":"interseção geométrica em EPSG:5880","metodo_na_bacia":"ponto_representativo_grade_2022_within_bacia","pop_n_validos":1,"pop_n_total":1,"pop_completude":1.0,"dom_n_validos":1,"dom_n_total":1,"dom_completude":1.0},"geometry":{"type":"Polygon","coordinates":[[[-51.852843430834206,-28.81704587590674],[-51.85291972113603,-28.807747484135668],[-51.84297992770632,-28.807675955983985],[-51.84290328425057,-28.816974341501314],[-51.852843430834206,-28.81704587590674]]]}},{"type":"Feature","properties":{"id_grade":"1KME5208N8137","pop":3,"dom":1,"universo_dom":"domicilios_ocupados_grade_ibge_2022","na_bacia":1,"area_pct_bacia":100.0,"metodo_recorte_bacia":"ponto_representativo_grade_2022; area_pct_geometrica","status_borda_bacia":"total","metodo_area_bacia":"interseção geométrica em EPSG:5880","metodo_na_bacia":"ponto_representativo_grade_2022_within_bacia","pop_n_validos":1,"pop_n_total":1,"pop_completude":1.0,"dom_n_validos":1,"dom_n_total":1,"dom_completude":1.0},"geometry":{"type":"Polygon","coordinates":[[[-51.93243826162277,-28.808307817184716],[-51.93251172145218,-28.79900985878729],[-51.92257223849027,-28.7989409793645],[-51.922498425527465,-28.808238931741954],[-51.93243826162277,-28.808307817184716]]]}},{"type":"Feature","properties":{"id_grade":"1KME5211N8137","pop":7,"dom":3,"universo_dom":"domicilios_ocupados_grade_ibge_2022","na_bacia":1,"area_pct_bacia":100.0,"metodo_recorte_bacia":"ponto_representativo_grade_2022; area_pct_geometrica","status_borda_bacia":"total","metodo_area_bacia":"interseção geométrica em EPSG:5880","metodo_na_bacia":"ponto_representativo_grade_2022_within_bacia","pop_n_validos":1,"pop_n_total":1,"pop_completude":1.0,"dom_n_validos":1,"dom_n_total":1,"dom_completude":1.0},"geometry":{"type":"Polygon","coordinates":[[[-51.902618769098076,-28.808100169834884],[-51.902693288326,-28.798802229582975],[-51.89275382117381,-28.798732359225696],[-51.89267894881417,-28.808030293371626],[-51.902618769098076,-28.808100169834884]]]}},{"type":"Feature","properties":{"id_grade":"1KME5212N8137","pop":1,"dom":1,"universo_dom":"domicilios_ocupados_grade_ibge_2022","na_bacia":1,"area_pct_bacia":100.0,"metodo_recorte_bacia":"ponto_representativo_grade_2022; area_pct_geometrica","status_borda_bacia":"total","metodo_area_bacia":"interseção geométrica em EPSG:5880","metodo_na_bacia":"ponto_representativo_grade_2022_within_bacia","pop_n_validos":1,"pop_n_total":1,"pop_completude":1.0,"dom_n_validos":1,"dom_n_total":1,"dom_completude":1.0},"geometry":{"type":"Polygon","coordinates":[[[-51.89267894881417,-28.808030293371626],[-51.89275382117381,-28.798732359225696],[-51.882814359341715,-28.798662158558606],[-51.882739133850926,-28.807960086569402],[-51.89267894881417,-28.808030293371626]]]}},{"type":"Feature","properties":{"id_grade":"1KME5213N8137","pop":5,"dom":2,"universo_dom":"domicilios_ocupados_grade_ibge_2022","na_bacia":1,"area_pct_bacia":100.0,"metodo_recorte_bacia":"ponto_representativo_grade_2022; area_pct_geometrica","status_borda_bacia":"total","metodo_area_bacia":"interseção geométrica em EPSG:5880","metodo_na_bacia":"ponto_representativo_grade_2022_within_bacia","pop_n_validos":1,"pop_n_total":1,"pop_completude":1.0,"dom_n_validos":1,"dom_n_total":1,"dom_completude":1.0},"geometry":{"type":"Polygon","coordinates":[[[-51.882739133850926,-28.807960086569402],[-51.882814359341715,-28.798662158558606],[-51.87287490285479,-28.798591627582052],[-51.87279932423343,-28.807889549428843],[-51.882739133850926,-28.807960086569402]]]}},{"type":"Feature","properties":{"id_grade":"1KME5205N8138","pop":16,"dom":6,"universo_dom":"domicilios_ocupados_grade_ibge_2022","na_bacia":1,"area_pct_bacia":100.0,"metodo_recorte_bacia":"ponto_representativo_grade_2022; area_pct_geometrica","status_borda_bacia":"total","metodo_area_bacia":"interseção geométrica em EPSG:5880","metodo_na_bacia":"ponto_representativo_grade_2022_within_bacia","pop_n_validos":1,"pop_n_total":1,"pop_completude":1.0,"dom_n_validos":1,"dom_n_total":1,"dom_completude":1.0},"geometry":{"type":"Polygon","coordinates":[[[-51.96233020155592,-28.799214515177518],[-51.962402596837336,-28.789917020896954],[-51.95246345140149,-28.789849138343946],[-51.95239070301009,-28.799146626694533],[-51.96233020155592,-28.799214515177518]]]}},{"type":"Feature","properties":{"id_grade":"1KME5206N8138","pop":9,"dom":3,"universo_dom":"domicilios_ocupados_grade_ibge_2022","na_bacia":1,"area_pct_bacia":100.0,"metodo_recorte_bacia":"ponto_representativo_grade_2022; area_pct_geometrica","status_borda_bacia":"total","metodo_area_bacia":"interseção geométrica em EPSG:5880","metodo_na_bacia":"ponto_representativo_grade_2022_within_bacia","pop_n_validos":1,"pop_n_total":1,"pop_completude":1.0,"dom_n_validos":1,"dom_n_total":1,"dom_completude":1.0},"geometry":{"type":"Polygon","coordinates":[[[-51.95239070301009,-28.799146626694533],[-51.95246345140149,-28.789849138343946],[-51.942524311134626,-28.789780925505756],[-51.942451209633816,-28.799078407897596],[-51.95239070301009,-28.799146626694533]]]}},{"type":"Feature","properties":{"id_grade":"1KME5207N8138","pop":3,"dom":1,"universo_dom":"domicilios_ocupados_grade_ibge_2022","na_bacia":1,"area_pct_bacia":100.0,"metodo_recorte_bacia":"ponto_representativo_grade_2022; area_pct_geometrica","status_borda_bacia":"total","metodo_area_bacia":"interseção geométrica em EPSG:5880","metodo_na_bacia":"ponto_representativo_grade_2022_within_bacia","pop_n_validos":1,"pop_n_total":1,"pop_completude":1.0,"dom_n_validos":1,"dom_n_total":1,"dom_completude":1.0},"geometry":{"type":"Polygon","coordinates":[[[-51.942451209633816,-28.799078407897596],[-51.942524311134626,-28.789780925505756],[-51.93258517606185,-28.789712382383264],[-51.93251172145218,-28.79900985878729],[-51.942451209633816,-28.799078407897596]]]}},{"type":"Feature","properties":{"id_grade":"1KME5208N8138","pop":2,"dom":1,"universo_dom":"domicilios_ocupados_grade_ibge_2022","na_bacia":1,"area_pct_bacia":100.0,"metodo_recorte_bacia":"ponto_representativo_grade_2022; area_pct_geometrica","status_borda_bacia":"total","metodo_area_bacia":"interseção geométrica em EPSG:5880","metodo_na_bacia":"ponto_representativo_grade_2022_within_bacia","pop_n_validos":1,"pop_n_total":1,"pop_completude":1.0,"dom_n_validos":1,"dom_n_total":1,"dom_completude":1.0},"geometry":{"type":"Polygon","coordinates":[[[-51.93251172145218,-28.79900985878729],[-51.93258517606185,-28.789712382383264],[-51.92264604620826,-28.78964350897665],[-51.92257223849027,-28.7989409793645],[-51.93251172145218,-28.79900985878729]]]}},{"type":"Feature","properties":{"id_grade":"1KME5206N8139","pop":2,"dom":1,"universo_dom":"domicilios_ocupados_grade_ibge_2022","na_bacia":1,"area_pct_bacia":100.0,"metodo_recorte_bacia":"ponto_representativo_grade_2022; area_pct_geometrica","status_borda_bacia":"total","metodo_area_bacia":"interseção geométrica em EPSG:5880","metodo_na_bacia":"ponto_representativo_grade_2022_within_bacia","pop_n_validos":1,"pop_n_total":1,"pop_completude":1.0,"dom_n_validos":1,"dom_n_total":1,"dom_completude":1.0},"geometry":{"type":"Polygon","coordinates":[[[-51.95246345140149,-28.789849138343946],[-51.952536194623875,-28.780552131622667],[-51.94259740744135,-28.780483924740178],[-51.942524311134626,-28.789780925505756],[-51.95246345140149,-28.789849138343946]]]}},{"type":"Feature","properties":{"id_grade":"1KME5208N8139","pop":11,"dom":5,"universo_dom":"domicilios_ocupados_grade_ibge_2022","na_bacia":1,"area_pct_bacia":100.0,"metodo_recorte_bacia":"ponto_representativo_grade_2022; area_pct_geometrica","status_borda_bacia":"total","metodo_area_bacia":"interseção geométrica em EPSG:5880","metodo_na_bacia":"ponto_representativo_grade_2022_within_bacia","pop_n_validos":1,"pop_n_total":1,"pop_completude":1.0,"dom_n_validos":1,"dom_n_total":1,"dom_completude":1.0},"geometry":{"type":"Polygon","coordinates":[[[-51.93258517606185,-28.789712382383264],[-51.932658625452355,-28.780415387601874],[-51.92271984868197,-28.78034652020912],[-51.92264604620826,-28.78964350897665],[-51.93258517606185,-28.789712382383264]]]}},{"type":"Feature","properties":{"id_grade":"1KME5211N8139","pop":10,"dom":4,"universo_dom":"domicilios_ocupados_grade_ibge_2022","na_bacia":1,"area_pct_bacia":100.0,"metodo_recorte_bacia":"ponto_representativo_grade_2022; area_pct_geometrica","status_borda_bacia":"total","metodo_area_bacia":"interseção geométrica em EPSG:5880","metodo_na_bacia":"ponto_representativo_grade_2022_within_bacia","pop_n_validos":1,"pop_n_total":1,"pop_completude":1.0,"dom_n_validos":1,"dom_n_total":1,"dom_completude":1.0},"geometry":{"type":"Polygon","coordinates":[[[-51.90276780225892,-28.78950477131481],[-51.90284231089741,-28.780207794659955],[-51.89290354993339,-28.78013793650546],[-51.89282868821337,-28.78943490706072],[-51.90276780225892,-28.78950477131481]]]}},{"type":"Feature","properties":{"id_grade":"1KME5212N8139","pop":5,"dom":3,"universo_dom":"domicilios_ocupados_grade_ibge_2022","na_bacia":1,"area_pct_bacia":100.0,"metodo_recorte_bacia":"ponto_representativo_grade_2022; area_pct_geometrica","status_borda_bacia":"total","metodo_area_bacia":"interseção geométrica em EPSG:5880","metodo_na_bacia":"ponto_representativo_grade_2022_within_bacia","pop_n_validos":1,"pop_n_total":1,"pop_completude":1.0,"dom_n_validos":1,"dom_n_total":1,"dom_completude":1.0},"geometry":{"type":"Polygon","coordinates":[[[-51.89282868821337,-28.78943490706072],[-51.89290354993339,-28.78013793650546],[-51.88296479428832,-28.780067748098535],[-51.88288957948732,-28.789364712525238],[-51.89282868821337,-28.78943490706072]]]}},{"type":"Feature","properties":{"id_grade":"1KME5213N8139","pop":2,"dom":1,"universo_dom":"domicilios_ocupados_grade_ibge_2022","na_bacia":1,"area_pct_bacia":100.0,"metodo_recorte_bacia":"ponto_representativo_grade_2022; area_pct_geometrica","status_borda_bacia":"total","metodo_area_bacia":"interseção geométrica em EPSG:5880","metodo_na_bacia":"ponto_representativo_grade_2022_within_bacia","pop_n_validos":1,"pop_n_total":1,"pop_completude":1.0,"dom_n_validos":1,"dom_n_total":1,"dom_completude":1.0},"geometry":{"type":"Polygon","coordinates":[[[-51.88288957948732,-28.789364712525238],[-51.88296479428832,-28.780067748098535],[-51.87302604398729,-28.779997229439648],[-51.87295047610589,-28.789294187709217],[-51.88288957948732,-28.789364712525238]]]}},{"type":"Feature","properties":{"id_grade":"1KME5206N8140","pop":2,"dom":1,"universo_dom":"domicilios_ocupados_grade_ibge_2022","na_bacia":1,"area_pct_bacia":100.0,"metodo_recorte_bacia":"ponto_representativo_grade_2022; area_pct_geometrica","status_borda_bacia":"total","metodo_area_bacia":"interseção geométrica em EPSG:5880","metodo_na_bacia":"ponto_representativo_grade_2022_within_bacia","pop_n_validos":1,"pop_n_total":1,"pop_completude":1.0,"dom_n_validos":1,"dom_n_total":1,"dom_completude":1.0},"geometry":{"type":"Polygon","coordinates":[[[-51.952536194623875,-28.780552131622667],[-51.95260893267781,-28.77125560615993],[-51.94267049855454,-28.771187405230066],[-51.94259740744135,-28.780483924740178],[-51.952536194623875,-28.780552131622667]]]}},{"type":"Feature","properties":{"id_grade":"1KME5207N8140","pop":5,"dom":2,"universo_dom":"domicilios_ocupados_grade_ibge_2022","na_bacia":1,"area_pct_bacia":100.0,"metodo_recorte_bacia":"ponto_representativo_grade_2022; area_pct_geometrica","status_borda_bacia":"total","metodo_area_bacia":"interseção geométrica em EPSG:5880","metodo_na_bacia":"ponto_representativo_grade_2022_within_bacia","pop_n_validos":1,"pop_n_total":1,"pop_completude":1.0,"dom_n_validos":1,"dom_n_total":1,"dom_completude":1.0},"geometry":{"type":"Polygon","coordinates":[[[-51.94259740744135,-28.780483924740178],[-51.94267049855454,-28.771187405230066],[-51.93273206962424,-28.77111887407337],[-51.932658625452355,-28.780415387601874],[-51.94259740744135,-28.780483924740178]]]}},{"type":"Feature","properties":{"id_grade":"1KME5208N8140","pop":17,"dom":5,"universo_dom":"domicilios_ocupados_grade_ibge_2022","na_bacia":1,"area_pct_bacia":100.0,"metodo_recorte_bacia":"ponto_representativo_grade_2022; area_pct_geometrica","status_borda_bacia":"total","metodo_area_bacia":"interseção geométrica em EPSG:5880","metodo_na_bacia":"ponto_representativo_grade_2022_within_bacia","pop_n_validos":1,"pop_n_total":1,"pop_completude":1.0,"dom_n_validos":1,"dom_n_total":1,"dom_completude":1.0},"geometry":{"type":"Polygon","coordinates":[[[-51.932658625452355,-28.780415387601874],[-51.93273206962424,-28.77111887407337],[-51.922793645912,-28.771050012690115],[-51.92271984868197,-28.78034652020912],[-51.932658625452355,-28.780415387601874]]]}},{"type":"Feature","properties":{"id_grade":"1KME5209N8140","pop":42,"dom":16,"universo_dom":"domicilios_ocupados_grade_ibge_2022","na_bacia":1,"area_pct_bacia":100.0,"metodo_recorte_bacia":"ponto_representativo_grade_2022; area_pct_geometrica","status_borda_bacia":"total","metodo_area_bacia":"interseção geométrica em EPSG:5880","metodo_na_bacia":"ponto_representativo_grade_2022_within_bacia","pop_n_validos":1,"pop_n_total":1,"pop_completude":1.0,"dom_n_validos":1,"dom_n_total":1,"dom_completude":1.0},"geometry":{"type":"Polygon","coordinates":[[[-51.92271984868197,-28.78034652020912],[-51.922793645912,-28.771050012690115],[-51.91285522744291,-28.770980821081505],[-51.9127810771553,-28.780277322561204],[-51.92271984868197,-28.78034652020912]]]}},{"type":"Feature","properties":{"id_grade":"1KME5210N8140","pop":9,"dom":3,"universo_dom":"domicilios_ocupados_grade_ibge_2022","na_bacia":1,"area_pct_bacia":100.0,"metodo_recorte_bacia":"ponto_representativo_grade_2022; area_pct_geometrica","status_borda_bacia":"total","metodo_area_bacia":"interseção geométrica em EPSG:5880","metodo_na_bacia":"ponto_representativo_grade_2022_within_bacia","pop_n_validos":1,"pop_n_total":1,"pop_completude":1.0,"dom_n_validos":1,"dom_n_total":1,"dom_completude":1.0},"geometry":{"type":"Polygon","coordinates":[[[-51.9127810771553,-28.780277322561204],[-51.91285522744291,-28.770980821081505],[-51.90291681424203,-28.770911299247892],[-51.90284231089741,-28.780207794659955],[-51.9127810771553,-28.780277322561204]]]}},{"type":"Feature","properties":{"id_grade":"1KME5205N8141","pop":19,"dom":5,"universo_dom":"domicilios_ocupados_grade_ibge_2022","na_bacia":1,"area_pct_bacia":100.0,"metodo_recorte_bacia":"ponto_representativo_grade_2022; area_pct_geometrica","status_borda_bacia":"total","metodo_area_bacia":"interseção geométrica em EPSG:5880","metodo_na_bacia":"ponto_representativo_grade_2022_within_bacia","pop_n_validos":1,"pop_n_total":1,"pop_completude":1.0,"dom_n_validos":1,"dom_n_total":1,"dom_completude":1.0},"geometry":{"type":"Polygon","coordinates":[[[-51.96254737196899,-28.771323476862644],[-51.962619751820306,-28.762027426368054],[-51.95268166556385,-28.76195956158587],[-51.95260893267781,-28.77125560615993],[-51.96254737196899,-28.771323476862644]]]}},{"type":"Feature","properties":{"id_grade":"1KME5206N8141","pop":5,"dom":2,"universo_dom":"domicilios_ocupados_grade_ibge_2022","na_bacia":1,"area_pct_bacia":100.0,"metodo_recorte_bacia":"ponto_representativo_grade_2022; area_pct_geometrica","status_borda_bacia":"total","metodo_area_bacia":"interseção geométrica em EPSG:5880","metodo_na_bacia":"ponto_representativo_grade_2022_within_bacia","pop_n_validos":1,"pop_n_total":1,"pop_completude":1.0,"dom_n_validos":1,"dom_n_total":1,"dom_completude":1.0},"geometry":{"type":"Polygon","coordinates":[[[-51.95260893267781,-28.77125560615993],[-51.95268166556385,-28.76195956158587],[-51.94274358447475,-28.7618913666054],[-51.94267049855454,-28.771187405230066],[-51.95260893267781,-28.77125560615993]]]}},{"type":"Feature","properties":{"id_grade":"1KME5208N8141","pop":41,"dom":13,"universo_dom":"domicilios_ocupados_grade_ibge_2022","na_bacia":1,"area_pct_bacia":100.0,"metodo_recorte_bacia":"ponto_representativo_grade_2022; area_pct_geometrica","status_borda_bacia":"total","metodo_area_bacia":"interseção geométrica em EPSG:5880","metodo_na_bacia":"ponto_representativo_grade_2022_within_bacia","pop_n_validos":1,"pop_n_total":1,"pop_completude":1.0,"dom_n_validos":1,"dom_n_total":1,"dom_completude":1.0},"geometry":{"type":"Polygon","coordinates":[[[-51.93273206962424,-28.77111887407337],[-51.93280550857806,-28.761822841426937],[-51.92286743789889,-28.761753986050483],[-51.922793645912,-28.771050012690115],[-51.93273206962424,-28.77111887407337]]]}},{"type":"Feature","properties":{"id_grade":"1KME5209N8141","pop":16,"dom":7,"universo_dom":"domicilios_ocupados_grade_ibge_2022","na_bacia":1,"area_pct_bacia":100.0,"metodo_recorte_bacia":"ponto_representativo_grade_2022; area_pct_geometrica","status_borda_bacia":"total","metodo_area_bacia":"interseção geométrica em EPSG:5880","metodo_na_bacia":"ponto_representativo_grade_2022_within_bacia","pop_n_validos":1,"pop_n_total":1,"pop_completude":1.0,"dom_n_validos":1,"dom_n_total":1,"dom_completude":1.0},"geometry":{"type":"Polygon","coordinates":[[[-51.922793645912,-28.771050012690115],[-51.92286743789889,-28.761753986050483],[-51.91292937246228,-28.761684800477973],[-51.91285522744291,-28.770980821081505],[-51.922793645912,-28.771050012690115]]]}},{"type":"Feature","properties":{"id_grade":"1KME5210N8141","pop":26,"dom":10,"universo_dom":"domicilios_ocupados_grade_ibge_2022","na_bacia":1,"area_pct_bacia":100.0,"metodo_recorte_bacia":"ponto_representativo_grade_2022; area_pct_geometrica","status_borda_bacia":"total","metodo_area_bacia":"interseção geométrica em EPSG:5880","metodo_na_bacia":"ponto_representativo_grade_2022_within_bacia","pop_n_validos":1,"pop_n_total":1,"pop_completude":1.0,"dom_n_validos":1,"dom_n_total":1,"dom_completude":1.0},"geometry":{"type":"Polygon","coordinates":[[[-51.91285522744291,-28.770980821081505],[-51.91292937246228,-28.761684800477973],[-51.902991312293366,-28.761615284708576],[-51.90291681424203,-28.770911299247892],[-51.91285522744291,-28.770980821081505]]]}},{"type":"Feature","properties":{"id_grade":"1KME5211N8141","pop":25,"dom":9,"universo_dom":"domicilios_ocupados_grade_ibge_2022","na_bacia":1,"area_pct_bacia":100.0,"metodo_recorte_bacia":"ponto_representativo_grade_2022; area_pct_geometrica","status_borda_bacia":"total","metodo_area_bacia":"interseção geométrica em EPSG:5880","metodo_na_bacia":"ponto_representativo_grade_2022_within_bacia","pop_n_validos":1,"pop_n_total":1,"pop_completude":1.0,"dom_n_validos":1,"dom_n_total":1,"dom_completude":1.0},"geometry":{"type":"Polygon","coordinates":[[[-51.90291681424203,-28.770911299247892],[-51.902991312293366,-28.761615284708576],[-51.893053257417165,-28.761545438743962],[-51.89297840633447,-28.770841447189934],[-51.90291681424203,-28.770911299247892]]]}},{"type":"Feature","properties":{"id_grade":"1KME5212N8141","pop":5,"dom":2,"universo_dom":"domicilios_ocupados_grade_ibge_2022","na_bacia":1,"area_pct_bacia":100.0,"metodo_recorte_bacia":"ponto_representativo_grade_2022; area_pct_geometrica","status_borda_bacia":"total","metodo_area_bacia":"interseção geométrica em EPSG:5880","metodo_na_bacia":"ponto_representativo_grade_2022_within_bacia","pop_n_validos":1,"pop_n_total":1,"pop_completude":1.0,"dom_n_validos":1,"dom_n_total":1,"dom_completude":1.0},"geometry":{"type":"Polygon","coordinates":[[[-51.89297840633447,-28.770841447189934],[-51.893053257417165,-28.761545438743962],[-51.883115207858786,-28.761475262584494],[-51.88304000374529,-28.770771264908188],[-51.89297840633447,-28.770841447189934]]]}},{"type":"Feature","properties":{"id_grade":"1KME5213N8141","pop":3,"dom":1,"universo_dom":"domicilios_ocupados_grade_ibge_2022","na_bacia":1,"area_pct_bacia":100.0,"metodo_recorte_bacia":"ponto_representativo_grade_2022; area_pct_geometrica","status_borda_bacia":"total","metodo_area_bacia":"interseção geométrica em EPSG:5880","metodo_na_bacia":"ponto_representativo_grade_2022_within_bacia","pop_n_validos":1,"pop_n_total":1,"pop_completude":1.0,"dom_n_validos":1,"dom_n_total":1,"dom_completude":1.0},"geometry":{"type":"Polygon","coordinates":[[[-51.88304000374529,-28.770771264908188],[-51.883115207858786,-28.761475262584494],[-51.87317716364331,-28.761404756230814],[-51.87310160649958,-28.770700752403794],[-51.88304000374529,-28.770771264908188]]]}},{"type":"Feature","properties":{"id_grade":"1KME5214N8141","pop":6,"dom":3,"universo_dom":"domicilios_ocupados_grade_ibge_2022","na_bacia":1,"area_pct_bacia":100.0,"metodo_recorte_bacia":"ponto_representativo_grade_2022; area_pct_geometrica","status_borda_bacia":"total","metodo_area_bacia":"interseção geométrica em EPSG:5880","metodo_na_bacia":"ponto_representativo_grade_2022_within_bacia","pop_n_validos":1,"pop_n_total":1,"pop_completude":1.0,"dom_n_validos":1,"dom_n_total":1,"dom_completude":1.0},"geometry":{"type":"Polygon","coordinates":[[[-51.87310160649958,-28.770700752403794],[-51.87317716364331,-28.761404756230814],[-51.86323912479581,-28.761333919683533],[-51.86316321462241,-28.77062990967674],[-51.87310160649958,-28.770700752403794]]]}},{"type":"Feature","properties":{"id_grade":"1KME5215N8141","pop":11,"dom":2,"universo_dom":"domicilios_ocupados_grade_ibge_2022","na_bacia":1,"area_pct_bacia":100.0,"metodo_recorte_bacia":"ponto_representativo_grade_2022; area_pct_geometrica","status_borda_bacia":"total","metodo_area_bacia":"interseção geométrica em EPSG:5880","metodo_na_bacia":"ponto_representativo_grade_2022_within_bacia","pop_n_validos":1,"pop_n_total":1,"pop_completude":1.0,"dom_n_validos":1,"dom_n_total":1,"dom_completude":1.0},"geometry":{"type":"Polygon","coordinates":[[[-51.86316321462241,-28.77062990967674],[-51.86323912479581,-28.761333919683533],[-51.85330109134137,-28.761262752943182],[-51.85322482813888,-28.7705587367281],[-51.86316321462241,-28.77062990967674]]]}},{"type":"Feature","properties":{"id_grade":"1KME5216N8141","pop":1,"dom":1,"universo_dom":"domicilios_ocupados_grade_ibge_2022","na_bacia":1,"area_pct_bacia":100.0,"metodo_recorte_bacia":"ponto_representativo_grade_2022; area_pct_geometrica","status_borda_bacia":"total","metodo_area_bacia":"interseção geométrica em EPSG:5880","metodo_na_bacia":"ponto_representativo_grade_2022_within_bacia","pop_n_validos":1,"pop_n_total":1,"pop_completude":1.0,"dom_n_validos":1,"dom_n_total":1,"dom_completude":1.0},"geometry":{"type":"Polygon","coordinates":[[[-51.85322482813888,-28.7705587367281],[-51.85330109134137,-28.761262752943182],[-51.84336306330505,-28.76119125601104],[-51.84328644707404,-28.770487233558608],[-51.85322482813888,-28.7705587367281]]]}},{"type":"Feature","properties":{"id_grade":"1KME5215N8142","pop":2,"dom":1,"universo_dom":"domicilios_ocupados_grade_ibge_2022","na_bacia":1,"area_pct_bacia":100.0,"metodo_recorte_bacia":"ponto_representativo_grade_2022; area_pct_geometrica","status_borda_bacia":"total","metodo_area_bacia":"interseção geométrica em EPSG:5880","metodo_na_bacia":"ponto_representativo_grade_2022_within_bacia","pop_n_validos":1,"pop_n_total":1,"pop_completude":1.0,"dom_n_validos":1,"dom_n_total":1,"dom_completude":1.0},"geometry":{"type":"Polygon","coordinates":[[[-51.86323912479581,-28.761333919683533],[-51.863315029576164,-28.752038410179996],[-51.85337734912573,-28.751967249644984],[-51.85330109134137,-28.761262752943182],[-51.86323912479581,-28.761333919683533]]]}},{"type":"Feature","properties":{"id_grade":"200ME52090N81348","pop":5,"dom":2,"universo_dom":"domicilios_ocupados_grade_ibge_2022","na_bacia":1,"area_pct_bacia":100.0,"metodo_recorte_bacia":"ponto_representativo_grade_2022; area_pct_geometrica","status_borda_bacia":"total","metodo_area_bacia":"interseção geométrica em EPSG:5880","metodo_na_bacia":"ponto_representativo_grade_2022_within_bacia","pop_n_validos":1,"pop_n_total":1,"pop_completude":1.0,"dom_n_validos":1,"dom_n_total":1,"dom_completude":1.0},"geometry":{"type":"Polygon","coordinates":[[[-51.92232125282351,-28.8305559862697],[-51.92233601879218,-28.828696125325912],[-51.92034789653815,-28.82868230634329],[-51.92033311707963,-28.830542166387836],[-51.92232125282351,-28.8305559862697]]]}},{"type":"Feature","properties":{"id_grade":"200ME52092N81348","pop":10,"dom":3,"universo_dom":"domicilios_ocupados_grade_ibge_2022","na_bacia":1,"area_pct_bacia":100.0,"metodo_recorte_bacia":"ponto_representativo_grade_2022; area_pct_geometrica","status_borda_bacia":"total","metodo_area_bacia":"interseção geométrica em EPSG:5880","metodo_na_bacia":"ponto_representativo_grade_2022_within_bacia","pop_n_validos":1,"pop_n_total":1,"pop_completude":1.0,"dom_n_validos":1,"dom_n_total":1,"dom_completude":1.0},"geometry":{"type":"Polygon","coordinates":[[[-51.92033311707963,-28.830542166387836],[-51.92034789653815,-28.82868230634329],[-51.91835977518343,-28.82866847297162],[-51.91834498133579,-28.83052833391547],[-51.92033311707963,-28.830542166387836]]]}},{"type":"Feature","properties":{"id_grade":"200ME52094N81348","pop":12,"dom":4,"universo_dom":"domicilios_ocupados_grade_ibge_2022","na_bacia":1,"area_pct_bacia":100.0,"metodo_recorte_bacia":"ponto_representativo_grade_2022; area_pct_geometrica","status_borda_bacia":"total","metodo_area_bacia":"interseção geométrica em EPSG:5880","metodo_na_bacia":"ponto_representativo_grade_2022_within_bacia","pop_n_validos":1,"pop_n_total":1,"pop_completude":1.0,"dom_n_validos":1,"dom_n_total":1,"dom_completude":1.0},"geometry":{"type":"Polygon","coordinates":[[[-51.91834498133579,-28.83052833391547],[-51.91835977518343,-28.82866847297162],[-51.916371652929406,-28.82865462790863],[-51.916356845591906,-28.830514487953216],[-51.91834498133579,-28.83052833391547]]]}},{"type":"Feature","properties":{"id_grade":"200ME52096N81348","pop":20,"dom":5,"universo_dom":"domicilios_ocupados_grade_ibge_2022","na_bacia":1,"area_pct_bacia":100.0,"metodo_recorte_bacia":"ponto_representativo_grade_2022; area_pct_geometrica","status_borda_bacia":"total","metodo_area_bacia":"interseção geométrica em EPSG:5880","metodo_na_bacia":"ponto_representativo_grade_2022_within_bacia","pop_n_validos":1,"pop_n_total":1,"pop_completude":1.0,"dom_n_validos":1,"dom_n_total":1,"dom_completude":1.0},"geometry":{"type":"Polygon","coordinates":[[[-51.916356845591906,-28.830514487953216],[-51.916371652929406,-28.82865462790863],[-51.914383531574686,-28.828640768456644],[-51.91436870984803,-28.830500628501216],[-51.916356845591906,-28.830514487953216]]]}},{"type":"Feature","properties":{"id_grade":"200ME52092N81350","pop":5,"dom":1,"universo_dom":"domicilios_ocupados_grade_ibge_2022","na_bacia":1,"area_pct_bacia":100.0,"metodo_recorte_bacia":"ponto_representativo_grade_2022; area_pct_geometrica","status_borda_bacia":"total","metodo_area_bacia":"interseção geométrica em EPSG:5880","metodo_na_bacia":"ponto_representativo_grade_2022_within_bacia","pop_n_validos":1,"pop_n_total":1,"pop_completude":1.0,"dom_n_validos":1,"dom_n_total":1,"dom_completude":1.0},"geometry":{"type":"Polygon","coordinates":[[[-51.92034789653815,-28.82868230634329],[-51.92036267599667,-28.826822465184623],[-51.918374568131746,-28.82680863271217],[-51.91835977518343,-28.82866847297162],[-51.92034789653815,-28.82868230634329]]]}},{"type":"Feature","properties":{"id_grade":"200ME52094N81350","pop":2,"dom":1,"universo_dom":"domicilios_ocupados_grade_ibge_2022","na_bacia":1,"area_pct_bacia":100.0,"metodo_recorte_bacia":"ponto_representativo_grade_2022; area_pct_geometrica","status_borda_bacia":"total","metodo_area_bacia":"interseção geométrica em EPSG:5880","metodo_na_bacia":"ponto_representativo_grade_2022_within_bacia","pop_n_validos":1,"pop_n_total":1,"pop_completude":1.0,"dom_n_validos":1,"dom_n_total":1,"dom_completude":1.0},"geometry":{"type":"Polygon","coordinates":[[[-51.91835977518343,-28.82866847297162],[-51.918374568131746,-28.82680863271217],[-51.91638646116621,-28.82679478674997],[-51.916371652929406,-28.82865462790863],[-51.91835977518343,-28.82866847297162]]]}},{"type":"Feature","properties":{"id_grade":"200ME52094N81372","pop":4,"dom":2,"universo_dom":"domicilios_ocupados_grade_ibge_2022","na_bacia":1,"area_pct_bacia":100.0,"metodo_recorte_bacia":"ponto_representativo_grade_2022; area_pct_geometrica","status_borda_bacia":"total","metodo_area_bacia":"interseção geométrica em EPSG:5880","metodo_na_bacia":"ponto_representativo_grade_2022_within_bacia","pop_n_validos":1,"pop_n_total":1,"pop_completude":1.0,"dom_n_validos":1,"dom_n_total":1,"dom_completude":1.0},"geometry":{"type":"Polygon","coordinates":[[[-51.91852249221921,-28.808211285022743],[-51.91853728426821,-28.80635165610403],[-51.91654933198606,-28.806337813739038],[-51.91653452644721,-28.8081974417585],[-51.91852249221921,-28.808211285022743]]]}},{"type":"Feature","properties":{"id_grade":"200ME52092N81374","pop":4,"dom":1,"universo_dom":"domicilios_ocupados_grade_ibge_2022","na_bacia":1,"area_pct_bacia":100.0,"metodo_recorte_bacia":"ponto_representativo_grade_2022; area_pct_geometrica","status_borda_bacia":"total","metodo_area_bacia":"interseção geométrica em EPSG:5880","metodo_na_bacia":"ponto_representativo_grade_2022_within_bacia","pop_n_validos":1,"pop_n_total":1,"pop_completude":1.0,"dom_n_validos":1,"dom_n_total":1,"dom_completude":1.0},"geometry":{"type":"Polygon","coordinates":[[[-51.92052523565104,-28.80636548587841],[-51.920540013310934,-28.804505876744845],[-51.91855207451858,-28.8044920469703],[-51.91853728426821,-28.80635165610403],[-51.92052523565104,-28.80636548587841]]]}},{"type":"Feature","properties":{"id_grade":"200ME52096N81374","pop":14,"dom":5,"universo_dom":"domicilios_ocupados_grade_ibge_2022","na_bacia":1,"area_pct_bacia":100.0,"metodo_recorte_bacia":"ponto_representativo_grade_2022; area_pct_geometrica","status_borda_bacia":"total","metodo_area_bacia":"interseção geométrica em EPSG:5880","metodo_na_bacia":"ponto_representativo_grade_2022_within_bacia","pop_n_validos":1,"pop_n_total":1,"pop_completude":1.0,"dom_n_validos":1,"dom_n_total":1,"dom_completude":1.0},"geometry":{"type":"Polygon","coordinates":[[[-51.91654933198606,-28.806337813739038],[-51.91656413662554,-28.804478204605417],[-51.91457619963188,-28.804464348750628],[-51.914561379703855,-28.806323957884306],[-51.91654933198606,-28.806337813739038]]]}},{"type":"Feature","properties":{"id_grade":"200ME52098N81374","pop":3,"dom":1,"universo_dom":"domicilios_ocupados_grade_ibge_2022","na_bacia":1,"area_pct_bacia":100.0,"metodo_recorte_bacia":"ponto_representativo_grade_2022; area_pct_geometrica","status_borda_bacia":"total","metodo_area_bacia":"interseção geométrica em EPSG:5880","metodo_na_bacia":"ponto_representativo_grade_2022_within_bacia","pop_n_validos":1,"pop_n_total":1,"pop_completude":1.0,"dom_n_validos":1,"dom_n_total":1,"dom_completude":1.0},"geometry":{"type":"Polygon","coordinates":[[[-51.914561379703855,-28.806323957884306],[-51.91457619963188,-28.804464348750628],[-51.91258826173884,-28.804450479406103],[-51.912573428321025,-28.806310088539675],[-51.914561379703855,-28.806323957884306]]]}},{"type":"Feature","properties":{"id_grade":"200ME52092N81376","pop":3,"dom":1,"universo_dom":"domicilios_ocupados_grade_ibge_2022","na_bacia":1,"area_pct_bacia":100.0,"metodo_recorte_bacia":"ponto_representativo_grade_2022; area_pct_geometrica","status_borda_bacia":"total","metodo_area_bacia":"interseção geométrica em EPSG:5880","metodo_na_bacia":"ponto_representativo_grade_2022_within_bacia","pop_n_validos":1,"pop_n_total":1,"pop_completude":1.0,"dom_n_validos":1,"dom_n_total":1,"dom_completude":1.0},"geometry":{"type":"Polygon","coordinates":[[[-51.920540013310934,-28.804505876744845],[-51.920554790071435,-28.802646286496874],[-51.918566865668254,-28.80263245762179],[-51.91855207451858,-28.8044920469703],[-51.920540013310934,-28.804505876744845]]]}},{"type":"Feature","properties":{"id_grade":"200ME52096N81380","pop":2,"dom":1,"universo_dom":"domicilios_ocupados_grade_ibge_2022","na_bacia":1,"area_pct_bacia":100.0,"metodo_recorte_bacia":"ponto_representativo_grade_2022; area_pct_geometrica","status_borda_bacia":"total","metodo_area_bacia":"interseção geométrica em EPSG:5880","metodo_na_bacia":"ponto_representativo_grade_2022_within_bacia","pop_n_validos":1,"pop_n_total":1,"pop_completude":1.0,"dom_n_validos":1,"dom_n_total":1,"dom_completude":1.0},"geometry":{"type":"Polygon","coordinates":[[[-51.91659374680392,-28.800759043894747],[-51.91660855144346,-28.798899493217004],[-51.91462065581857,-28.79888563826152],[-51.914605836789924,-28.800745188939192],[-51.91659374680392,-28.800759043894747]]]}},{"type":"Feature","properties":{"id_grade":"200ME52096N81382","pop":13,"dom":3,"universo_dom":"domicilios_ocupados_grade_ibge_2022","na_bacia":1,"area_pct_bacia":100.0,"metodo_recorte_bacia":"ponto_representativo_grade_2022; area_pct_geometrica","status_borda_bacia":"total","metodo_area_bacia":"interseção geométrica em EPSG:5880","metodo_na_bacia":"ponto_representativo_grade_2022_within_bacia","pop_n_validos":1,"pop_n_total":1,"pop_completude":1.0,"dom_n_validos":1,"dom_n_total":1,"dom_completude":1.0},"geometry":{"type":"Polygon","coordinates":[[[-51.91660855144346,-28.798899493217004],[-51.91662335518367,-28.797039961425007],[-51.9146354739479,-28.797026106469588],[-51.91462065581857,-28.79888563826152],[-51.91660855144346,-28.798899493217004]]]}},{"type":"Feature","properties":{"id_grade":"200ME52094N81384","pop":4,"dom":3,"universo_dom":"domicilios_ocupados_grade_ibge_2022","na_bacia":1,"area_pct_bacia":100.0,"metodo_recorte_bacia":"ponto_representativo_grade_2022; area_pct_geometrica","status_borda_bacia":"total","metodo_area_bacia":"interseção geométrica em EPSG:5880","metodo_na_bacia":"ponto_representativo_grade_2022_within_bacia","pop_n_validos":1,"pop_n_total":1,"pop_completude":1.0,"dom_n_validos":1,"dom_n_total":1,"dom_completude":1.0},"geometry":{"type":"Polygon","coordinates":[[[-51.918611237318714,-28.797053802890634],[-51.918626026669756,-28.79519428998445],[-51.91663815982315,-28.79518044851891],[-51.91662335518367,-28.797039961425007],[-51.918611237318714,-28.797053802890634]]]}},{"type":"Feature","properties":{"id_grade":"200ME52096N81384","pop":11,"dom":4,"universo_dom":"domicilios_ocupados_grade_ibge_2022","na_bacia":1,"area_pct_bacia":100.0,"metodo_recorte_bacia":"ponto_representativo_grade_2022; area_pct_geometrica","status_borda_bacia":"total","metodo_area_bacia":"interseção geométrica em EPSG:5880","metodo_na_bacia":"ponto_representativo_grade_2022_within_bacia","pop_n_validos":1,"pop_n_total":1,"pop_completude":1.0,"dom_n_validos":1,"dom_n_total":1,"dom_completude":1.0},"geometry":{"type":"Polygon","coordinates":[[[-51.91662335518367,-28.797039961425007],[-51.91663815982315,-28.79518044851891],[-51.9146502929766,-28.79516659356347],[-51.9146354739479,-28.797026106469588],[-51.91662335518367,-28.797039961425007]]]}},{"type":"Feature","properties":{"id_grade":"200ME52090N81386","pop":1,"dom":1,"universo_dom":"domicilios_ocupados_grade_ibge_2022","na_bacia":1,"area_pct_bacia":100.0,"metodo_recorte_bacia":"ponto_representativo_grade_2022; area_pct_geometrica","status_borda_bacia":"total","metodo_area_bacia":"interseção geométrica em EPSG:5880","metodo_na_bacia":"ponto_representativo_grade_2022_within_bacia","pop_n_validos":1,"pop_n_total":1,"pop_completude":1.0,"dom_n_validos":1,"dom_n_total":1,"dom_completude":1.0},"geometry":{"type":"Polygon","coordinates":[[[-51.92260176216154,-28.795221933345488],[-51.922616523633614,-28.793362439325026],[-51.92062867027687,-28.79334862483906],[-51.92061389441568,-28.795208117960136],[-51.92260176216154,-28.795221933345488]]]}},{"type":"Feature","properties":{"id_grade":"200ME52092N81386","pop":2,"dom":1,"universo_dom":"domicilios_ocupados_grade_ibge_2022","na_bacia":1,"area_pct_bacia":100.0,"metodo_recorte_bacia":"ponto_representativo_grade_2022; area_pct_geometrica","status_borda_bacia":"total","metodo_area_bacia":"interseção geométrica em EPSG:5880","metodo_na_bacia":"ponto_representativo_grade_2022_within_bacia","pop_n_validos":1,"pop_n_total":1,"pop_completude":1.0,"dom_n_validos":1,"dom_n_total":1,"dom_completude":1.0},"geometry":{"type":"Polygon","coordinates":[[[-51.92061389441568,-28.795208117960136],[-51.92062867027687,-28.79334862483906],[-51.91864081692012,-28.793334796863274],[-51.918626026669756,-28.79519428998445],[-51.92061389441568,-28.795208117960136]]]}},{"type":"Feature","properties":{"id_grade":"200ME52094N81386","pop":14,"dom":6,"universo_dom":"domicilios_ocupados_grade_ibge_2022","na_bacia":1,"area_pct_bacia":100.0,"metodo_recorte_bacia":"ponto_representativo_grade_2022; area_pct_geometrica","status_borda_bacia":"total","metodo_area_bacia":"interseção geométrica em EPSG:5880","metodo_na_bacia":"ponto_representativo_grade_2022_within_bacia","pop_n_validos":1,"pop_n_total":1,"pop_completude":1.0,"dom_n_validos":1,"dom_n_total":1,"dom_completude":1.0},"geometry":{"type":"Polygon","coordinates":[[[-51.918626026669756,-28.79519428998445],[-51.91864081692012,-28.793334796863274],[-51.916652963563365,-28.793320955397743],[-51.91663815982315,-28.79518044851891],[-51.918626026669756,-28.79519428998445]]]}},{"type":"Feature","properties":{"id_grade":"200ME52096N81386","pop":21,"dom":8,"universo_dom":"domicilios_ocupados_grade_ibge_2022","na_bacia":1,"area_pct_bacia":100.0,"metodo_recorte_bacia":"ponto_representativo_grade_2022; area_pct_geometrica","status_borda_bacia":"total","metodo_area_bacia":"interseção geométrica em EPSG:5880","metodo_na_bacia":"ponto_representativo_grade_2022_within_bacia","pop_n_validos":1,"pop_n_total":1,"pop_completude":1.0,"dom_n_validos":1,"dom_n_total":1,"dom_completude":1.0},"geometry":{"type":"Polygon","coordinates":[[[-51.91663815982315,-28.79518044851891],[-51.916652963563365,-28.793320955397743],[-51.91466511020662,-28.793307100442274],[-51.9146502929766,-28.79516659356347],[-51.91663815982315,-28.79518044851891]]]}},{"type":"Feature","properties":{"id_grade":"200ME52094N81388","pop":31,"dom":12,"universo_dom":"domicilios_ocupados_grade_ibge_2022","na_bacia":1,"area_pct_bacia":100.0,"metodo_recorte_bacia":"ponto_representativo_grade_2022; area_pct_geometrica","status_borda_bacia":"total","metodo_area_bacia":"interseção geométrica em EPSG:5880","metodo_na_bacia":"ponto_representativo_grade_2022_within_bacia","pop_n_validos":1,"pop_n_total":1,"pop_completude":1.0,"dom_n_validos":1,"dom_n_total":1,"dom_completude":1.0},"geometry":{"type":"Polygon","coordinates":[[[-51.91864081692012,-28.793334796863274],[-51.91865560627116,-28.791475322628028],[-51.91666776730357,-28.79146148116244],[-51.916652963563365,-28.793320955397743],[-51.91864081692012,-28.793334796863274]]]}},{"type":"Feature","properties":{"id_grade":"200ME52094N81390","pop":19,"dom":7,"universo_dom":"domicilios_ocupados_grade_ibge_2022","na_bacia":1,"area_pct_bacia":100.0,"metodo_recorte_bacia":"ponto_representativo_grade_2022; area_pct_geometrica","status_borda_bacia":"total","metodo_area_bacia":"interseção geométrica em EPSG:5880","metodo_na_bacia":"ponto_representativo_grade_2022_within_bacia","pop_n_validos":1,"pop_n_total":1,"pop_completude":1.0,"dom_n_validos":1,"dom_n_total":1,"dom_completude":1.0},"geometry":{"type":"Polygon","coordinates":[[[-51.91865560627116,-28.791475322628028],[-51.9186703956222,-28.789615867278414],[-51.91668257104379,-28.789602026712156],[-51.91666776730357,-28.79146148116244],[-51.91865560627116,-28.791475322628028]]]}},{"type":"Feature","properties":{"id_grade":"200ME52092N81392","pop":4,"dom":1,"universo_dom":"domicilios_ocupados_grade_ibge_2022","na_bacia":1,"area_pct_bacia":100.0,"metodo_recorte_bacia":"ponto_representativo_grade_2022; area_pct_geometrica","status_borda_bacia":"total","metodo_area_bacia":"interseção geométrica em EPSG:5880","metodo_na_bacia":"ponto_representativo_grade_2022_within_bacia","pop_n_validos":1,"pop_n_total":1,"pop_completude":1.0,"dom_n_validos":1,"dom_n_total":1,"dom_completude":1.0},"geometry":{"type":"Polygon","coordinates":[[[-51.920658221099984,-28.789629694354844],[-51.92067299606185,-28.78777025879038],[-51.91868518497324,-28.787756431713916],[-51.9186703956222,-28.789615867278414],[-51.920658221099984,-28.789629694354844]]]}},{"type":"Feature","properties":{"id_grade":"200ME52094N81392","pop":9,"dom":4,"universo_dom":"domicilios_ocupados_grade_ibge_2022","na_bacia":1,"area_pct_bacia":100.0,"metodo_recorte_bacia":"ponto_representativo_grade_2022; area_pct_geometrica","status_borda_bacia":"total","metodo_area_bacia":"interseção geométrica em EPSG:5880","metodo_na_bacia":"ponto_representativo_grade_2022_within_bacia","pop_n_validos":1,"pop_n_total":1,"pop_completude":1.0,"dom_n_validos":1,"dom_n_total":1,"dom_completude":1.0},"geometry":{"type":"Polygon","coordinates":[[[-51.9186703956222,-28.789615867278414],[-51.91868518497324,-28.787756431713916],[-51.91669737388463,-28.78774259114759],[-51.91668257104379,-28.789602026712156],[-51.9186703956222,-28.789615867278414]]]}},{"type":"Feature","properties":{"id_grade":"200ME52096N81392","pop":13,"dom":6,"universo_dom":"domicilios_ocupados_grade_ibge_2022","na_bacia":1,"area_pct_bacia":100.0,"metodo_recorte_bacia":"ponto_representativo_grade_2022; area_pct_geometrica","status_borda_bacia":"total","metodo_area_bacia":"interseção geométrica em EPSG:5880","metodo_na_bacia":"ponto_representativo_grade_2022_within_bacia","pop_n_validos":1,"pop_n_total":1,"pop_completude":1.0,"dom_n_validos":1,"dom_n_total":1,"dom_completude":1.0},"geometry":{"type":"Polygon","coordinates":[[[-51.91668257104379,-28.789602026712156],[-51.91669737388463,-28.78774259114759],[-51.91470956369535,-28.787728737091506],[-51.91469474646533,-28.78958817265609],[-51.91668257104379,-28.789602026712156]]]}},{"type":"Feature","properties":{"id_grade":"200ME52098N81392","pop":15,"dom":9,"universo_dom":"domicilios_ocupados_grade_ibge_2022","na_bacia":1,"area_pct_bacia":100.0,"metodo_recorte_bacia":"ponto_representativo_grade_2022; area_pct_geometrica","status_borda_bacia":"total","metodo_area_bacia":"interseção geométrica em EPSG:5880","metodo_na_bacia":"ponto_representativo_grade_2022_within_bacia","pop_n_validos":1,"pop_n_total":1,"pop_completude":1.0,"dom_n_validos":1,"dom_n_total":1,"dom_completude":1.0},"geometry":{"type":"Polygon","coordinates":[[[-51.91469474646533,-28.78958817265609],[-51.91470956369535,-28.787728737091506],[-51.912721753506105,-28.78771487044491],[-51.91270692188692,-28.789574305110005],[-51.91469474646533,-28.78958817265609]]]}},{"type":"Feature","properties":{"id_grade":"200ME52094N81394","pop":2,"dom":1,"universo_dom":"domicilios_ocupados_grade_ibge_2022","na_bacia":1,"area_pct_bacia":100.0,"metodo_recorte_bacia":"ponto_representativo_grade_2022; area_pct_geometrica","status_borda_bacia":"total","metodo_area_bacia":"interseção geométrica em EPSG:5880","metodo_na_bacia":"ponto_representativo_grade_2022_within_bacia","pop_n_validos":1,"pop_n_total":1,"pop_completude":1.0,"dom_n_validos":1,"dom_n_total":1,"dom_completude":1.0},"geometry":{"type":"Polygon","coordinates":[[[-51.91868518497324,-28.787756431713916],[-51.918699973424964,-28.785897015035168],[-51.916712176725525,-28.785883174468896],[-51.91669737388463,-28.78774259114759],[-51.91868518497324,-28.787756431713916]]]}},{"type":"Feature","properties":{"id_grade":"200ME52104N81304","pop":3,"dom":1,"universo_dom":"domicilios_ocupados_grade_ibge_2022","na_bacia":1,"area_pct_bacia":100.0,"metodo_recorte_bacia":"ponto_representativo_grade_2022; area_pct_geometrica","status_borda_bacia":"total","metodo_area_bacia":"interseção geométrica em EPSG:5880","metodo_na_bacia":"ponto_representativo_grade_2022_within_bacia","pop_n_validos":1,"pop_n_total":1,"pop_completude":1.0,"dom_n_validos":1,"dom_n_total":1,"dom_completude":1.0},"geometry":{"type":"Polygon","coordinates":[[[-51.908077233577444,-28.871380767208716],[-51.90809210296812,-28.869520481784797],[-51.906103671347296,-28.869506564776092],[-51.906088788466775,-28.871366849300646],[-51.908077233577444,-28.871380767208716]]]}},{"type":"Feature","properties":{"id_grade":"200ME52108N81304","pop":2,"dom":1,"universo_dom":"domicilios_ocupados_grade_ibge_2022","na_bacia":1,"area_pct_bacia":100.0,"metodo_recorte_bacia":"ponto_representativo_grade_2022; area_pct_geometrica","status_borda_bacia":"total","metodo_area_bacia":"interseção geométrica em EPSG:5880","metodo_na_bacia":"ponto_representativo_grade_2022_within_bacia","pop_n_validos":1,"pop_n_total":1,"pop_completude":1.0,"dom_n_validos":1,"dom_n_total":1,"dom_completude":1.0},"geometry":{"type":"Polygon","coordinates":[[[-51.9041003433561,-28.87135291880215],[-51.9041152406258,-28.869492634277645],[-51.90212680900499,-28.869478690289256],[-51.902111898245494,-28.871338974813714],[-51.9041003433561,-28.87135291880215]]]}},{"type":"Feature","properties":{"id_grade":"200ME52100N81306","pop":3,"dom":1,"universo_dom":"domicilios_ocupados_grade_ibge_2022","na_bacia":1,"area_pct_bacia":100.0,"metodo_recorte_bacia":"ponto_representativo_grade_2022; area_pct_geometrica","status_borda_bacia":"total","metodo_area_bacia":"interseção geométrica em EPSG:5880","metodo_na_bacia":"ponto_representativo_grade_2022_within_bacia","pop_n_validos":1,"pop_n_total":1,"pop_completude":1.0,"dom_n_validos":1,"dom_n_total":1,"dom_completude":1.0},"geometry":{"type":"Polygon","coordinates":[[[-51.9120689662098,-28.86954827623195],[-51.91208380682218,-28.867688010593184],[-51.91009538959054,-28.867674119664805],[-51.910080534588985,-28.86953438620293],[-51.9120689662098,-28.86954827623195]]]}},{"type":"Feature","properties":{"id_grade":"200ME52102N81306","pop":6,"dom":3,"universo_dom":"domicilios_ocupados_grade_ibge_2022","na_bacia":1,"area_pct_bacia":100.0,"metodo_recorte_bacia":"ponto_representativo_grade_2022; area_pct_geometrica","status_borda_bacia":"total","metodo_area_bacia":"interseção geométrica em EPSG:5880","metodo_na_bacia":"ponto_representativo_grade_2022_within_bacia","pop_n_validos":1,"pop_n_total":1,"pop_completude":1.0,"dom_n_validos":1,"dom_n_total":1,"dom_completude":1.0},"geometry":{"type":"Polygon","coordinates":[[[-51.910080534588985,-28.86953438620293],[-51.91009538959054,-28.867674119664805],[-51.90810697145952,-28.867660216145953],[-51.90809210296812,-28.869520481784797],[-51.910080534588985,-28.86953438620293]]]}},{"type":"Feature","properties":{"id_grade":"200ME52106N81306","pop":2,"dom":1,"universo_dom":"domicilios_ocupados_grade_ibge_2022","na_bacia":1,"area_pct_bacia":100.0,"metodo_recorte_bacia":"ponto_representativo_grade_2022; area_pct_geometrica","status_borda_bacia":"total","metodo_area_bacia":"interseção geométrica em EPSG:5880","metodo_na_bacia":"ponto_representativo_grade_2022_within_bacia","pop_n_validos":1,"pop_n_total":1,"pop_completude":1.0,"dom_n_validos":1,"dom_n_total":1,"dom_completude":1.0},"geometry":{"type":"Polygon","coordinates":[[[-51.906103671347296,-28.869506564776092],[-51.906118554227874,-28.867646299137316],[-51.90413013699618,-28.867632368638873],[-51.9041152406258,-28.869492634277645],[-51.906103671347296,-28.869506564776092]]]}},{"type":"Feature","properties":{"id_grade":"200ME52108N81306","pop":4,"dom":1,"universo_dom":"domicilios_ocupados_grade_ibge_2022","na_bacia":1,"area_pct_bacia":100.0,"metodo_recorte_bacia":"ponto_representativo_grade_2022; area_pct_geometrica","status_borda_bacia":"total","metodo_area_bacia":"interseção geométrica em EPSG:5880","metodo_na_bacia":"ponto_representativo_grade_2022_within_bacia","pop_n_validos":1,"pop_n_total":1,"pop_completude":1.0,"dom_n_validos":1,"dom_n_total":1,"dom_completude":1.0},"geometry":{"type":"Polygon","coordinates":[[[-51.9041152406258,-28.869492634277645],[-51.90413013699618,-28.867632368638873],[-51.90214172066385,-28.867618425549832],[-51.90212680900499,-28.869478690289256],[-51.9041152406258,-28.869492634277645]]]}},{"type":"Feature","properties":{"id_grade":"200ME52100N81310","pop":1,"dom":1,"universo_dom":"domicilios_ocupados_grade_ibge_2022","na_bacia":1,"area_pct_bacia":100.0,"metodo_recorte_bacia":"ponto_representativo_grade_2022; area_pct_geometrica","status_borda_bacia":"total","metodo_area_bacia":"interseção geométrica em EPSG:5880","metodo_na_bacia":"ponto_representativo_grade_2022_within_bacia","pop_n_validos":1,"pop_n_total":1,"pop_completude":1.0,"dom_n_validos":1,"dom_n_total":1,"dom_completude":1.0},"geometry":{"type":"Polygon","coordinates":[[[-51.91209864743462,-28.865827763840198],[-51.912113487147685,-28.86396753687226],[-51.910125097795,-28.863953645943937],[-51.91011024369277,-28.865813873811142],[-51.91209864743462,-28.865827763840198]]]}},{"type":"Feature","properties":{"id_grade":"200ME52108N81314","pop":6,"dom":2,"universo_dom":"domicilios_ocupados_grade_ibge_2022","na_bacia":1,"area_pct_bacia":100.0,"metodo_recorte_bacia":"ponto_representativo_grade_2022; area_pct_geometrica","status_borda_bacia":"total","metodo_area_bacia":"interseção geométrica em EPSG:5880","metodo_na_bacia":"ponto_representativo_grade_2022_within_bacia","pop_n_validos":1,"pop_n_total":1,"pop_completude":1.0,"dom_n_validos":1,"dom_n_total":1,"dom_completude":1.0},"geometry":{"type":"Polygon","coordinates":[[[-51.90417482790593,-28.86205168953379],[-51.9041897242763,-28.86019150213607],[-51.90220136370192,-28.8601775599464],[-51.90218645294242,-28.862037747344164],[-51.90417482790593,-28.86205168953379]]]}},{"type":"Feature","properties":{"id_grade":"200ME52104N81316","pop":10,"dom":2,"universo_dom":"domicilios_ocupados_grade_ibge_2022","na_bacia":1,"area_pct_bacia":100.0,"metodo_recorte_bacia":"ponto_representativo_grade_2022; area_pct_geometrica","status_borda_bacia":"total","metodo_area_bacia":"interseção geométrica em EPSG:5880","metodo_na_bacia":"ponto_representativo_grade_2022_within_bacia","pop_n_validos":1,"pop_n_total":1,"pop_completude":1.0,"dom_n_validos":1,"dom_n_total":1,"dom_completude":1.0},"geometry":{"type":"Polygon","coordinates":[[[-51.90816644542509,-28.8602193478445],[-51.90818131301717,-28.858359178433314],[-51.90619296593257,-28.858345263223285],[-51.906178083951374,-28.860205431735352],[-51.90816644542509,-28.8602193478445]]]}},{"type":"Feature","properties":{"id_grade":"200ME52108N81316","pop":48,"dom":17,"universo_dom":"domicilios_ocupados_grade_ibge_2022","na_bacia":1,"area_pct_bacia":100.0,"metodo_recorte_bacia":"ponto_representativo_grade_2022; area_pct_geometrica","status_borda_bacia":"total","metodo_area_bacia":"interseção geométrica em EPSG:5880","metodo_na_bacia":"ponto_representativo_grade_2022_within_bacia","pop_n_validos":1,"pop_n_total":1,"pop_completude":1.0,"dom_n_validos":1,"dom_n_total":1,"dom_completude":1.0},"geometry":{"type":"Polygon","coordinates":[[[-51.9041897242763,-28.86019150213607],[-51.90420461974736,-28.858331333624093],[-51.902216273562146,-28.858317391434362],[-51.90220136370192,-28.8601775599464],[-51.9041897242763,-28.86019150213607]]]}},{"type":"Feature","properties":{"id_grade":"200ME52104N81318","pop":7,"dom":3,"universo_dom":"domicilios_ocupados_grade_ibge_2022","na_bacia":1,"area_pct_bacia":100.0,"metodo_recorte_bacia":"ponto_representativo_grade_2022; area_pct_geometrica","status_borda_bacia":"total","metodo_area_bacia":"interseção geométrica em EPSG:5880","metodo_na_bacia":"ponto_representativo_grade_2022_within_bacia","pop_n_validos":1,"pop_n_total":1,"pop_completude":1.0,"dom_n_validos":1,"dom_n_total":1,"dom_completude":1.0},"geometry":{"type":"Polygon","coordinates":[[[-51.90818131301717,-28.858359178433314],[-51.90819618060919,-28.856499029706427],[-51.906207847913834,-28.856485113596975],[-51.90619296593257,-28.858345263223285],[-51.90818131301717,-28.858359178433314]]]}},{"type":"Feature","properties":{"id_grade":"200ME52108N81318","pop":77,"dom":34,"universo_dom":"domicilios_ocupados_grade_ibge_2022","na_bacia":1,"area_pct_bacia":100.0,"metodo_recorte_bacia":"ponto_representativo_grade_2022; area_pct_geometrica","status_borda_bacia":"total","metodo_area_bacia":"interseção geométrica em EPSG:5880","metodo_na_bacia":"ponto_representativo_grade_2022_within_bacia","pop_n_validos":1,"pop_n_total":1,"pop_completude":1.0,"dom_n_validos":1,"dom_n_total":1,"dom_completude":1.0},"geometry":{"type":"Polygon","coordinates":[[[-51.90420461974736,-28.858331333624093],[-51.904219516117735,-28.85647118489725],[-51.902231183422316,-28.85645724270762],[-51.902216273562146,-28.858317391434362],[-51.90420461974736,-28.858331333624093]]]}},{"type":"Feature","properties":{"id_grade":"200ME52104N81320","pop":55,"dom":17,"universo_dom":"domicilios_ocupados_grade_ibge_2022","na_bacia":1,"area_pct_bacia":100.0,"metodo_recorte_bacia":"ponto_representativo_grade_2022; area_pct_geometrica","status_borda_bacia":"total","metodo_area_bacia":"interseção geométrica em EPSG:5880","metodo_na_bacia":"ponto_representativo_grade_2022_within_bacia","pop_n_validos":1,"pop_n_total":1,"pop_completude":1.0,"dom_n_validos":1,"dom_n_total":1,"dom_completude":1.0},"geometry":{"type":"Polygon","coordinates":[[[-51.90819618060919,-28.856499029706427],[-51.90821104820128,-28.85463889986529],[-51.906222729895035,-28.854624983755933],[-51.906207847913834,-28.856485113596975],[-51.90819618060919,-28.856499029706427]]]}},{"type":"Feature","properties":{"id_grade":"200ME52108N81320","pop":15,"dom":4,"universo_dom":"domicilios_ocupados_grade_ibge_2022","na_bacia":1,"area_pct_bacia":100.0,"metodo_recorte_bacia":"ponto_representativo_grade_2022; area_pct_geometrica","status_borda_bacia":"total","metodo_area_bacia":"interseção geométrica em EPSG:5880","metodo_na_bacia":"ponto_representativo_grade_2022_within_bacia","pop_n_validos":1,"pop_n_total":1,"pop_completude":1.0,"dom_n_validos":1,"dom_n_total":1,"dom_completude":1.0},"geometry":{"type":"Polygon","coordinates":[[[-51.904219516117735,-28.85647118489725],[-51.90423441158879,-28.854611055955484],[-51.90224609328255,-28.85459711376573],[-51.902231183422316,-28.85645724270762],[-51.904219516117735,-28.85647118489725]]]}},{"type":"Feature","properties":{"id_grade":"200ME52104N81322","pop":45,"dom":18,"universo_dom":"domicilios_ocupados_grade_ibge_2022","na_bacia":1,"area_pct_bacia":100.0,"metodo_recorte_bacia":"ponto_representativo_grade_2022; area_pct_geometrica","status_borda_bacia":"total","metodo_area_bacia":"interseção geométrica em EPSG:5880","metodo_na_bacia":"ponto_representativo_grade_2022_within_bacia","pop_n_validos":1,"pop_n_total":1,"pop_completude":1.0,"dom_n_validos":1,"dom_n_total":1,"dom_completude":1.0},"geometry":{"type":"Polygon","coordinates":[[[-51.90821104820128,-28.85463889986529],[-51.90822591489399,-28.852778788909927],[-51.90623761097691,-28.85276487369993],[-51.906222729895035,-28.854624983755933],[-51.90821104820128,-28.85463889986529]]]}},{"type":"Feature","properties":{"id_grade":"200ME52106N81322","pop":6,"dom":2,"universo_dom":"domicilios_ocupados_grade_ibge_2022","na_bacia":1,"area_pct_bacia":100.0,"metodo_recorte_bacia":"ponto_representativo_grade_2022; area_pct_geometrica","status_borda_bacia":"total","metodo_area_bacia":"interseção geométrica em EPSG:5880","metodo_na_bacia":"ponto_representativo_grade_2022_within_bacia","pop_n_validos":1,"pop_n_total":1,"pop_completude":1.0,"dom_n_validos":1,"dom_n_total":1,"dom_completude":1.0},"geometry":{"type":"Polygon","coordinates":[[[-51.906222729895035,-28.854624983755933],[-51.90623761097691,-28.85276487369993],[-51.90424930705984,-28.852750945899395],[-51.90423441158879,-28.854611055955484],[-51.906222729895035,-28.854624983755933]]]}},{"type":"Feature","properties":{"id_grade":"200ME52108N81322","pop":95,"dom":37,"universo_dom":"domicilios_ocupados_grade_ibge_2022","na_bacia":1,"area_pct_bacia":100.0,"metodo_recorte_bacia":"ponto_representativo_grade_2022; area_pct_geometrica","status_borda_bacia":"total","metodo_area_bacia":"interseção geométrica em EPSG:5880","metodo_na_bacia":"ponto_representativo_grade_2022_within_bacia","pop_n_validos":1,"pop_n_total":1,"pop_completude":1.0,"dom_n_validos":1,"dom_n_total":1,"dom_completude":1.0},"geometry":{"type":"Polygon","coordinates":[[[-51.90423441158879,-28.854611055955484],[-51.90424930705984,-28.852750945899395],[-51.90226100314272,-28.852737003709706],[-51.90224609328255,-28.85459711376573],[-51.90423441158879,-28.854611055955484]]]}},{"type":"Feature","properties":{"id_grade":"200ME52104N81324","pop":7,"dom":3,"universo_dom":"domicilios_ocupados_grade_ibge_2022","na_bacia":1,"area_pct_bacia":100.0,"metodo_recorte_bacia":"ponto_representativo_grade_2022; area_pct_geometrica","status_borda_bacia":"total","metodo_area_bacia":"interseção geométrica em EPSG:5880","metodo_na_bacia":"ponto_representativo_grade_2022_within_bacia","pop_n_validos":1,"pop_n_total":1,"pop_completude":1.0,"dom_n_validos":1,"dom_n_total":1,"dom_completude":1.0},"geometry":{"type":"Polygon","coordinates":[[[-51.90822591489399,-28.852778788909927],[-51.90824078158675,-28.85091869773963],[-51.9062524920588,-28.850904782529685],[-51.90623761097691,-28.85276487369993],[-51.90822591489399,-28.852778788909927]]]}},{"type":"Feature","properties":{"id_grade":"200ME52106N81324","pop":13,"dom":4,"universo_dom":"domicilios_ocupados_grade_ibge_2022","na_bacia":1,"area_pct_bacia":100.0,"metodo_recorte_bacia":"ponto_representativo_grade_2022; area_pct_geometrica","status_borda_bacia":"total","metodo_area_bacia":"interseção geométrica em EPSG:5880","metodo_na_bacia":"ponto_representativo_grade_2022_within_bacia","pop_n_validos":1,"pop_n_total":1,"pop_completude":1.0,"dom_n_validos":1,"dom_n_total":1,"dom_completude":1.0},"geometry":{"type":"Polygon","coordinates":[[[-51.90623761097691,-28.85276487369993],[-51.9062524920588,-28.850904782529685],[-51.90426420163158,-28.850890854729123],[-51.90424930705984,-28.852750945899395],[-51.90623761097691,-28.85276487369993]]]}},{"type":"Feature","properties":{"id_grade":"200ME52108N81324","pop":217,"dom":85,"universo_dom":"domicilios_ocupados_grade_ibge_2022","na_bacia":1,"area_pct_bacia":100.0,"metodo_recorte_bacia":"ponto_representativo_grade_2022; area_pct_geometrica","status_borda_bacia":"total","metodo_area_bacia":"interseção geométrica em EPSG:5880","metodo_na_bacia":"ponto_representativo_grade_2022_within_bacia","pop_n_validos":1,"pop_n_total":1,"pop_completude":1.0,"dom_n_validos":1,"dom_n_total":1,"dom_completude":1.0},"geometry":{"type":"Polygon","coordinates":[[[-51.90424930705984,-28.852750945899395],[-51.90426420163158,-28.850890854729123],[-51.90227591210362,-28.850876913438782],[-51.90226100314272,-28.852737003709706],[-51.90424930705984,-28.852750945899395]]]}},{"type":"Feature","properties":{"id_grade":"200ME52100N81326","pop":5,"dom":3,"universo_dom":"domicilios_ocupados_grade_ibge_2022","na_bacia":1,"area_pct_bacia":100.0,"metodo_recorte_bacia":"ponto_representativo_grade_2022; area_pct_geometrica","status_borda_bacia":"total","metodo_area_bacia":"interseção geométrica em EPSG:5880","metodo_na_bacia":"ponto_representativo_grade_2022_within_bacia","pop_n_validos":1,"pop_n_total":1,"pop_completude":1.0,"dom_n_validos":1,"dom_n_total":1,"dom_completude":1.0},"geometry":{"type":"Polygon","coordinates":[[[-51.912217362441254,-28.85094648769023],[-51.91223220125505,-28.84908641540564],[-51.910243925216946,-28.849072527175355],[-51.91022907201403,-28.850932599459814],[-51.912217362441254,-28.85094648769023]]]}},{"type":"Feature","properties":{"id_grade":"200ME52102N81326","pop":8,"dom":3,"universo_dom":"domicilios_ocupados_grade_ibge_2022","na_bacia":1,"area_pct_bacia":100.0,"metodo_recorte_bacia":"ponto_representativo_grade_2022; area_pct_geometrica","status_borda_bacia":"total","metodo_area_bacia":"interseção geométrica em EPSG:5880","metodo_na_bacia":"ponto_representativo_grade_2022_within_bacia","pop_n_validos":1,"pop_n_total":1,"pop_completude":1.0,"dom_n_validos":1,"dom_n_total":1,"dom_completude":1.0},"geometry":{"type":"Polygon","coordinates":[[[-51.91022907201403,-28.850932599459814],[-51.910243925216946,-28.849072527175355],[-51.90825564917884,-28.849058625455143],[-51.90824078158675,-28.85091869773963],[-51.91022907201403,-28.850932599459814]]]}},{"type":"Feature","properties":{"id_grade":"200ME52104N81326","pop":15,"dom":5,"universo_dom":"domicilios_ocupados_grade_ibge_2022","na_bacia":1,"area_pct_bacia":100.0,"metodo_recorte_bacia":"ponto_representativo_grade_2022; area_pct_geometrica","status_borda_bacia":"total","metodo_area_bacia":"interseção geométrica em EPSG:5880","metodo_na_bacia":"ponto_representativo_grade_2022_within_bacia","pop_n_validos":1,"pop_n_total":1,"pop_completude":1.0,"dom_n_validos":1,"dom_n_total":1,"dom_completude":1.0},"geometry":{"type":"Polygon","coordinates":[[[-51.90824078158675,-28.85091869773963],[-51.90825564917884,-28.849058625455143],[-51.90626737314073,-28.849044711144447],[-51.9062524920588,-28.850904782529685],[-51.90824078158675,-28.85091869773963]]]}},{"type":"Feature","properties":{"id_grade":"200ME52106N81326","pop":59,"dom":21,"universo_dom":"domicilios_ocupados_grade_ibge_2022","na_bacia":1,"area_pct_bacia":100.0,"metodo_recorte_bacia":"ponto_representativo_grade_2022; area_pct_geometrica","status_borda_bacia":"total","metodo_area_bacia":"interseção geométrica em EPSG:5880","metodo_na_bacia":"ponto_representativo_grade_2022_within_bacia","pop_n_validos":1,"pop_n_total":1,"pop_completude":1.0,"dom_n_validos":1,"dom_n_total":1,"dom_completude":1.0},"geometry":{"type":"Polygon","coordinates":[[[-51.9062524920588,-28.850904782529685],[-51.90626737314073,-28.849044711144447],[-51.90427909710262,-28.8490307833439],[-51.90426420163158,-28.850890854729123],[-51.9062524920588,-28.850904782529685]]]}},{"type":"Feature","properties":{"id_grade":"200ME52108N81326","pop":198,"dom":77,"universo_dom":"domicilios_ocupados_grade_ibge_2022","na_bacia":1,"area_pct_bacia":100.0,"metodo_recorte_bacia":"ponto_representativo_grade_2022; area_pct_geometrica","status_borda_bacia":"total","metodo_area_bacia":"interseção geométrica em EPSG:5880","metodo_na_bacia":"ponto_representativo_grade_2022_within_bacia","pop_n_validos":1,"pop_n_total":1,"pop_completude":1.0,"dom_n_validos":1,"dom_n_total":1,"dom_completude":1.0},"geometry":{"type":"Polygon","coordinates":[[[-51.90426420163158,-28.850890854729123],[-51.90427909710262,-28.8490307833439],[-51.90229082196384,-28.84901684205359],[-51.90227591210362,-28.850876913438782],[-51.90426420163158,-28.850890854729123]]]}},{"type":"Feature","properties":{"id_grade":"200ME52100N81328","pop":7,"dom":3,"universo_dom":"domicilios_ocupados_grade_ibge_2022","na_bacia":1,"area_pct_bacia":100.0,"metodo_recorte_bacia":"ponto_representativo_grade_2022; area_pct_geometrica","status_borda_bacia":"total","metodo_area_bacia":"interseção geométrica em EPSG:5880","metodo_na_bacia":"ponto_representativo_grade_2022_within_bacia","pop_n_validos":1,"pop_n_total":1,"pop_completude":1.0,"dom_n_validos":1,"dom_n_total":1,"dom_completude":1.0},"geometry":{"type":"Polygon","coordinates":[[[-51.91223220125505,-28.84908641540564],[-51.91224703916947,-28.847226362007003],[-51.91025877752054,-28.847212474675917],[-51.910243925216946,-28.849072527175355],[-51.91223220125505,-28.84908641540564]]]}},{"type":"Feature","properties":{"id_grade":"200ME52102N81328","pop":25,"dom":10,"universo_dom":"domicilios_ocupados_grade_ibge_2022","na_bacia":1,"area_pct_bacia":100.0,"metodo_recorte_bacia":"ponto_representativo_grade_2022; area_pct_geometrica","status_borda_bacia":"total","metodo_area_bacia":"interseção geométrica em EPSG:5880","metodo_na_bacia":"ponto_representativo_grade_2022_within_bacia","pop_n_validos":1,"pop_n_total":1,"pop_completude":1.0,"dom_n_validos":1,"dom_n_total":1,"dom_completude":1.0},"geometry":{"type":"Polygon","coordinates":[[[-51.910243925216946,-28.849072527175355],[-51.91025877752054,-28.847212474675917],[-51.90827051497223,-28.847198572955694],[-51.90825564917884,-28.849058625455143],[-51.910243925216946,-28.849072527175355]]]}},{"type":"Feature","properties":{"id_grade":"200ME52104N81328","pop":7,"dom":2,"universo_dom":"domicilios_ocupados_grade_ibge_2022","na_bacia":1,"area_pct_bacia":100.0,"metodo_recorte_bacia":"ponto_representativo_grade_2022; area_pct_geometrica","status_borda_bacia":"total","metodo_area_bacia":"interseção geométrica em EPSG:5880","metodo_na_bacia":"ponto_representativo_grade_2022_within_bacia","pop_n_validos":1,"pop_n_total":1,"pop_completude":1.0,"dom_n_validos":1,"dom_n_total":1,"dom_completude":1.0},"geometry":{"type":"Polygon","coordinates":[[[-51.90825564917884,-28.849058625455143],[-51.90827051497223,-28.847198572955694],[-51.9062822533233,-28.847184658645137],[-51.90626737314073,-28.849044711144447],[-51.90825564917884,-28.849058625455143]]]}},{"type":"Feature","properties":{"id_grade":"200ME52106N81328","pop":38,"dom":16,"universo_dom":"domicilios_ocupados_grade_ibge_2022","na_bacia":1,"area_pct_bacia":100.0,"metodo_recorte_bacia":"ponto_representativo_grade_2022; area_pct_geometrica","status_borda_bacia":"total","metodo_area_bacia":"interseção geométrica em EPSG:5880","metodo_na_bacia":"ponto_representativo_grade_2022_within_bacia","pop_n_validos":1,"pop_n_total":1,"pop_completude":1.0,"dom_n_validos":1,"dom_n_total":1,"dom_completude":1.0},"geometry":{"type":"Polygon","coordinates":[[[-51.90626737314073,-28.849044711144447],[-51.9062822533233,-28.847184658645137],[-51.90429399167431,-28.847170731743866],[-51.90427909710262,-28.8490307833439],[-51.90626737314073,-28.849044711144447]]]}},{"type":"Feature","properties":{"id_grade":"200ME52108N81328","pop":105,"dom":40,"universo_dom":"domicilios_ocupados_grade_ibge_2022","na_bacia":1,"area_pct_bacia":100.0,"metodo_recorte_bacia":"ponto_representativo_grade_2022; area_pct_geometrica","status_borda_bacia":"total","metodo_area_bacia":"interseção geométrica em EPSG:5880","metodo_na_bacia":"ponto_representativo_grade_2022_within_bacia","pop_n_validos":1,"pop_n_total":1,"pop_completude":1.0,"dom_n_validos":1,"dom_n_total":1,"dom_completude":1.0},"geometry":{"type":"Polygon","coordinates":[[[-51.90427909710262,-28.8490307833439],[-51.90429399167431,-28.847170731743866],[-51.902305730924695,-28.84715679045353],[-51.90229082196384,-28.84901684205359],[-51.90427909710262,-28.8490307833439]]]}},{"type":"Feature","properties":{"id_grade":"200ME52108N81330","pop":99,"dom":36,"universo_dom":"domicilios_ocupados_grade_ibge_2022","na_bacia":1,"area_pct_bacia":100.0,"metodo_recorte_bacia":"ponto_representativo_grade_2022; area_pct_geometrica","status_borda_bacia":"total","metodo_area_bacia":"interseção geométrica em EPSG:5880","metodo_na_bacia":"ponto_representativo_grade_2022_within_bacia","pop_n_validos":1,"pop_n_total":1,"pop_completude":1.0,"dom_n_validos":1,"dom_n_total":1,"dom_completude":1.0},"geometry":{"type":"Polygon","coordinates":[[[-51.90429399167431,-28.847170731743866],[-51.90430888624604,-28.845310699029486],[-51.902320638986275,-28.845296757739106],[-51.902305730924695,-28.84715679045353],[-51.90429399167431,-28.847170731743866]]]}},{"type":"Feature","properties":{"id_grade":"200ME52108N81332","pop":4,"dom":1,"universo_dom":"domicilios_ocupados_grade_ibge_2022","na_bacia":1,"area_pct_bacia":100.0,"metodo_recorte_bacia":"ponto_representativo_grade_2022; area_pct_geometrica","status_borda_bacia":"total","metodo_area_bacia":"interseção geométrica em EPSG:5880","metodo_na_bacia":"ponto_representativo_grade_2022_within_bacia","pop_n_validos":1,"pop_n_total":1,"pop_completude":1.0,"dom_n_validos":1,"dom_n_total":1,"dom_completude":1.0},"geometry":{"type":"Polygon","coordinates":[[[-51.90430888624604,-28.845310699029486],[-51.904323780817776,-28.843450685200963],[-51.90233554794713,-28.843436744809935],[-51.902320638986275,-28.845296757739106],[-51.90430888624604,-28.845310699029486]]]}},{"type":"Feature","properties":{"id_grade":"200ME52106N81336","pop":1,"dom":1,"universo_dom":"domicilios_ocupados_grade_ibge_2022","na_bacia":1,"area_pct_bacia":100.0,"metodo_recorte_bacia":"ponto_representativo_grade_2022; area_pct_geometrica","status_borda_bacia":"total","metodo_area_bacia":"interseção geométrica em EPSG:5880","metodo_na_bacia":"ponto_representativo_grade_2022_within_bacia","pop_n_validos":1,"pop_n_total":1,"pop_completude":1.0,"dom_n_validos":1,"dom_n_total":1,"dom_completude":1.0},"geometry":{"type":"Polygon","coordinates":[[[-51.90632689387105,-28.841604618058618],[-51.906341774053594,-28.83974464290092],[-51.904353569061925,-28.83973071689896],[-51.90433867538951,-28.841590691157453],[-51.90632689387105,-28.841604618058618]]]}},{"type":"Feature","properties":{"id_grade":"200ME52108N81336","pop":2,"dom":1,"universo_dom":"domicilios_ocupados_grade_ibge_2022","na_bacia":1,"area_pct_bacia":100.0,"metodo_recorte_bacia":"ponto_representativo_grade_2022; area_pct_geometrica","status_borda_bacia":"total","metodo_area_bacia":"interseção geométrica em EPSG:5880","metodo_na_bacia":"ponto_representativo_grade_2022_within_bacia","pop_n_validos":1,"pop_n_total":1,"pop_completude":1.0,"dom_n_validos":1,"dom_n_total":1,"dom_completude":1.0},"geometry":{"type":"Polygon","coordinates":[[[-51.90433867538951,-28.841590691157453],[-51.904353569061925,-28.83973071689896],[-51.90236536407025,-28.839716776507956],[-51.90235045600872,-28.84157675166575],[-51.90433867538951,-28.841590691157453]]]}},{"type":"Feature","properties":{"id_grade":"200ME52100N81338","pop":5,"dom":1,"universo_dom":"domicilios_ocupados_grade_ibge_2022","na_bacia":1,"area_pct_bacia":100.0,"metodo_recorte_bacia":"ponto_representativo_grade_2022; area_pct_geometrica","status_borda_bacia":"total","metodo_area_bacia":"interseção geométrica em EPSG:5880","metodo_na_bacia":"ponto_representativo_grade_2022_within_bacia","pop_n_validos":1,"pop_n_total":1,"pop_completude":1.0,"dom_n_validos":1,"dom_n_total":1,"dom_completude":1.0},"geometry":{"type":"Polygon","coordinates":[[[-51.91230639082721,-28.83978634356484],[-51.91232122784237,-28.837926387292917],[-51.91033303634049,-28.83791250086122],[-51.91031818493628,-28.839772457133147],[-51.91230639082721,-28.83978634356484]]]}},{"type":"Feature","properties":{"id_grade":"200ME52102N81338","pop":4,"dom":1,"universo_dom":"domicilios_ocupados_grade_ibge_2022","na_bacia":1,"area_pct_bacia":100.0,"metodo_recorte_bacia":"ponto_representativo_grade_2022; area_pct_geometrica","status_borda_bacia":"total","metodo_area_bacia":"interseção geométrica em EPSG:5880","metodo_na_bacia":"ponto_representativo_grade_2022_within_bacia","pop_n_validos":1,"pop_n_total":1,"pop_completude":1.0,"dom_n_validos":1,"dom_n_total":1,"dom_completude":1.0},"geometry":{"type":"Polygon","coordinates":[[[-51.91031818493628,-28.839772457133147],[-51.91033303634049,-28.83791250086122],[-51.908344844838666,-28.837898600939628],[-51.90832997904528,-28.83975855631228],[-51.91031818493628,-28.839772457133147]]]}},{"type":"Feature","properties":{"id_grade":"200ME52108N81338","pop":4,"dom":2,"universo_dom":"domicilios_ocupados_grade_ibge_2022","na_bacia":1,"area_pct_bacia":100.0,"metodo_recorte_bacia":"ponto_representativo_grade_2022; area_pct_geometrica","status_borda_bacia":"total","metodo_area_bacia":"interseção geométrica em EPSG:5880","metodo_na_bacia":"ponto_representativo_grade_2022_within_bacia","pop_n_validos":1,"pop_n_total":1,"pop_completude":1.0,"dom_n_validos":1,"dom_n_total":1,"dom_completude":1.0},"geometry":{"type":"Polygon","coordinates":[[[-51.904353569061925,-28.83973071689896],[-51.90436846273435,-28.83787076152641],[-51.90238027213183,-28.83785682203474],[-51.90236536407025,-28.839716776507956],[-51.904353569061925,-28.83973071689896]]]}},{"type":"Feature","properties":{"id_grade":"200ME52100N81340","pop":8,"dom":3,"universo_dom":"domicilios_ocupados_grade_ibge_2022","na_bacia":1,"area_pct_bacia":100.0,"metodo_recorte_bacia":"ponto_representativo_grade_2022; area_pct_geometrica","status_borda_bacia":"total","metodo_area_bacia":"interseção geométrica em EPSG:5880","metodo_na_bacia":"ponto_representativo_grade_2022_within_bacia","pop_n_validos":1,"pop_n_total":1,"pop_completude":1.0,"dom_n_validos":1,"dom_n_total":1,"dom_completude":1.0},"geometry":{"type":"Polygon","coordinates":[[[-51.91232122784237,-28.837926387292917],[-51.91233606485747,-28.836066450805998],[-51.91034788774476,-28.83605256437427],[-51.91033303634049,-28.83791250086122],[-51.91232122784237,-28.837926387292917]]]}},{"type":"Feature","properties":{"id_grade":"200ME52106N81340","pop":11,"dom":4,"universo_dom":"domicilios_ocupados_grade_ibge_2022","na_bacia":1,"area_pct_bacia":100.0,"metodo_recorte_bacia":"ponto_representativo_grade_2022; area_pct_geometrica","status_borda_bacia":"total","metodo_area_bacia":"interseção geométrica em EPSG:5880","metodo_na_bacia":"ponto_representativo_grade_2022_within_bacia","pop_n_validos":1,"pop_n_total":1,"pop_completude":1.0,"dom_n_validos":1,"dom_n_total":1,"dom_completude":1.0},"geometry":{"type":"Polygon","coordinates":[[[-51.906356653336836,-28.837884687528227],[-51.906371532620085,-28.83602475194077],[-51.904383356406754,-28.836010825938835],[-51.90436846273435,-28.83787076152641],[-51.906356653336836,-28.837884687528227]]]}},{"type":"Feature","properties":{"id_grade":"200ME52102N81342","pop":5,"dom":2,"universo_dom":"domicilios_ocupados_grade_ibge_2022","na_bacia":1,"area_pct_bacia":100.0,"metodo_recorte_bacia":"ponto_representativo_grade_2022; area_pct_geometrica","status_borda_bacia":"total","metodo_area_bacia":"interseção geométrica em EPSG:5880","metodo_na_bacia":"ponto_representativo_grade_2022_within_bacia","pop_n_validos":1,"pop_n_total":1,"pop_completude":1.0,"dom_n_validos":1,"dom_n_total":1,"dom_completude":1.0},"geometry":{"type":"Polygon","coordinates":[[[-51.91034788774476,-28.83605256437427],[-51.91036273824972,-28.83419264677318],[-51.90837457552618,-28.834178747751064],[-51.90835970973279,-28.83603866445279],[-51.91034788774476,-28.83605256437427]]]}},{"type":"Feature","properties":{"id_grade":"200ME52104N81342","pop":4,"dom":1,"universo_dom":"domicilios_ocupados_grade_ibge_2022","na_bacia":1,"area_pct_bacia":100.0,"metodo_recorte_bacia":"ponto_representativo_grade_2022; area_pct_geometrica","status_borda_bacia":"total","metodo_area_bacia":"interseção geométrica em EPSG:5880","metodo_na_bacia":"ponto_representativo_grade_2022_within_bacia","pop_n_validos":1,"pop_n_total":1,"pop_completude":1.0,"dom_n_validos":1,"dom_n_total":1,"dom_completude":1.0},"geometry":{"type":"Polygon","coordinates":[[[-51.90835970973279,-28.83603866445279],[-51.90837457552618,-28.834178747751064],[-51.90638641190333,-28.83416483433956],[-51.906371532620085,-28.83602475194077],[-51.90835970973279,-28.83603866445279]]]}},{"type":"Feature","properties":{"id_grade":"200ME52100N81344","pop":3,"dom":1,"universo_dom":"domicilios_ocupados_grade_ibge_2022","na_bacia":1,"area_pct_bacia":100.0,"metodo_recorte_bacia":"ponto_representativo_grade_2022; area_pct_geometrica","status_borda_bacia":"total","metodo_area_bacia":"interseção geométrica em EPSG:5880","metodo_na_bacia":"ponto_representativo_grade_2022_within_bacia","pop_n_validos":1,"pop_n_total":1,"pop_completude":1.0,"dom_n_validos":1,"dom_n_total":1,"dom_completude":1.0},"geometry":{"type":"Polygon","coordinates":[[[-51.912350901872564,-28.834206533204924],[-51.91236573798835,-28.832346634489618],[-51.91037758875466,-28.832332748957178],[-51.91036273824972,-28.83419264677318],[-51.912350901872564,-28.834206533204924]]]}},{"type":"Feature","properties":{"id_grade":"200ME52102N81344","pop":5,"dom":2,"universo_dom":"domicilios_ocupados_grade_ibge_2022","na_bacia":1,"area_pct_bacia":100.0,"metodo_recorte_bacia":"ponto_representativo_grade_2022; area_pct_geometrica","status_borda_bacia":"total","metodo_area_bacia":"interseção geométrica em EPSG:5880","metodo_na_bacia":"ponto_representativo_grade_2022_within_bacia","pop_n_validos":1,"pop_n_total":1,"pop_completude":1.0,"dom_n_validos":1,"dom_n_total":1,"dom_completude":1.0},"geometry":{"type":"Polygon","coordinates":[[[-51.91036273824972,-28.83419264677318],[-51.91037758875466,-28.832332748957178],[-51.90838944042031,-28.83231884993495],[-51.90837457552618,-28.834178747751064],[-51.91036273824972,-28.83419264677318]]]}},{"type":"Feature","properties":{"id_grade":"200ME52108N81348","pop":11,"dom":6,"universo_dom":"domicilios_ocupados_grade_ibge_2022","na_bacia":1,"area_pct_bacia":100.0,"metodo_recorte_bacia":"ponto_representativo_grade_2022; area_pct_geometrica","status_borda_bacia":"total","metodo_area_bacia":"interseção geométrica em EPSG:5880","metodo_na_bacia":"ponto_representativo_grade_2022_within_bacia","pop_n_validos":1,"pop_n_total":1,"pop_completude":1.0,"dom_n_validos":1,"dom_n_total":1,"dom_completude":1.0},"geometry":{"type":"Polygon","coordinates":[[[-51.9044280356253,-28.830431133390032],[-51.90444292839839,-28.828571275144263],[-51.902454807943,-28.828557336551768],[-51.902439901680054,-28.830417194797615],[-51.9044280356253,-28.830431133390032]]]}},{"type":"Feature","properties":{"id_grade":"200ME52100N81350","pop":1,"dom":1,"universo_dom":"domicilios_ocupados_grade_ibge_2022","na_bacia":1,"area_pct_bacia":100.0,"metodo_recorte_bacia":"ponto_representativo_grade_2022; area_pct_geometrica","status_borda_bacia":"total","metodo_area_bacia":"interseção geométrica em EPSG:5880","metodo_na_bacia":"ponto_representativo_grade_2022_within_bacia","pop_n_validos":1,"pop_n_total":1,"pop_completude":1.0,"dom_n_validos":1,"dom_n_total":1,"dom_completude":1.0},"geometry":{"type":"Polygon","coordinates":[[[-51.9123954111193,-28.82862689641407],[-51.91241024633575,-28.8267670561547],[-51.91042214026953,-28.826753170622297],[-51.910407289764585,-28.828613010881682],[-51.9123954111193,-28.82862689641407]]]}},{"type":"Feature","properties":{"id_grade":"200ME52104N81350","pop":6,"dom":1,"universo_dom":"domicilios_ocupados_grade_ibge_2022","na_bacia":1,"area_pct_bacia":100.0,"metodo_recorte_bacia":"ponto_representativo_grade_2022; area_pct_geometrica","status_borda_bacia":"total","metodo_area_bacia":"interseção geométrica em EPSG:5880","metodo_na_bacia":"ponto_representativo_grade_2022_within_bacia","pop_n_validos":1,"pop_n_total":1,"pop_completude":1.0,"dom_n_validos":1,"dom_n_total":1,"dom_completude":1.0},"geometry":{"type":"Polygon","coordinates":[[[-51.908419169309184,-28.8285991118595],[-51.908434033303934,-28.82673927249943],[-51.90644592723771,-28.826725360886716],[-51.90643104885379,-28.82858520024676],[-51.908419169309184,-28.8285991118595]]]}},{"type":"Feature","properties":{"id_grade":"200ME52106N81350","pop":6,"dom":1,"universo_dom":"domicilios_ocupados_grade_ibge_2022","na_bacia":1,"area_pct_bacia":100.0,"metodo_recorte_bacia":"ponto_representativo_grade_2022; area_pct_geometrica","status_borda_bacia":"total","metodo_area_bacia":"interseção geométrica em EPSG:5880","metodo_na_bacia":"ponto_representativo_grade_2022_within_bacia","pop_n_validos":1,"pop_n_total":1,"pop_completude":1.0,"dom_n_validos":1,"dom_n_total":1,"dom_completude":1.0},"geometry":{"type":"Polygon","coordinates":[[[-51.90643104885379,-28.82858520024676],[-51.90644592723771,-28.826725360886716],[-51.90445782027217,-28.82671143578406],[-51.90444292839839,-28.828571275144263],[-51.90643104885379,-28.82858520024676]]]}},{"type":"Feature","properties":{"id_grade":"200ME52108N81350","pop":13,"dom":4,"universo_dom":"domicilios_ocupados_grade_ibge_2022","na_bacia":1,"area_pct_bacia":100.0,"metodo_recorte_bacia":"ponto_representativo_grade_2022; area_pct_geometrica","status_borda_bacia":"total","metodo_area_bacia":"interseção geométrica em EPSG:5880","metodo_na_bacia":"ponto_representativo_grade_2022_within_bacia","pop_n_validos":1,"pop_n_total":1,"pop_completude":1.0,"dom_n_validos":1,"dom_n_total":1,"dom_completude":1.0},"geometry":{"type":"Polygon","coordinates":[[[-51.90444292839839,-28.828571275144263],[-51.90445782027217,-28.82671143578406],[-51.90246971510521,-28.82669749809093],[-51.902454807943,-28.828557336551768],[-51.90444292839839,-28.828571275144263]]]}},{"type":"Feature","properties":{"id_grade":"200ME52108N81372","pop":2,"dom":1,"universo_dom":"domicilios_ocupados_grade_ibge_2022","na_bacia":1,"area_pct_bacia":100.0,"metodo_recorte_bacia":"ponto_representativo_grade_2022; area_pct_geometrica","status_borda_bacia":"total","metodo_area_bacia":"interseção geométrica em EPSG:5880","metodo_na_bacia":"ponto_representativo_grade_2022_within_bacia","pop_n_validos":1,"pop_n_total":1,"pop_completude":1.0,"dom_n_validos":1,"dom_n_total":1,"dom_completude":1.0},"geometry":{"type":"Polygon","coordinates":[[[-51.90460673361384,-28.8081141051818],[-51.904621623688975,-28.80625447896094],[-51.9026336732054,-28.806240543066544],[-51.902618768741156,-28.808100170186595],[-51.90460673361384,-28.8081141051818]]]}},{"type":"Feature","properties":{"id_grade":"200ME52106N81388","pop":3,"dom":1,"universo_dom":"domicilios_ocupados_grade_ibge_2022","na_bacia":1,"area_pct_bacia":100.0,"metodo_recorte_bacia":"ponto_representativo_grade_2022; area_pct_geometrica","status_borda_bacia":"total","metodo_area_bacia":"interseção geométrica em EPSG:5880","metodo_na_bacia":"ponto_representativo_grade_2022_within_bacia","pop_n_validos":1,"pop_n_total":1,"pop_completude":1.0,"dom_n_validos":1,"dom_n_total":1,"dom_completude":1.0},"geometry":{"type":"Polygon","coordinates":[[[-51.90671370127625,-28.793251551118082],[-51.906728575163584,-28.791392077782156],[-51.904740737095324,-28.79137815807548],[-51.90472584881883,-28.793237630512223],[-51.90671370127625,-28.793251551118082]]]}},{"type":"Feature","properties":{"id_grade":"200ME52100N81390","pop":1,"dom":1,"universo_dom":"domicilios_ocupados_grade_ibge_2022","na_bacia":1,"area_pct_bacia":100.0,"metodo_recorte_bacia":"ponto_representativo_grade_2022; area_pct_geometrica","status_borda_bacia":"total","metodo_area_bacia":"interseção geométrica em EPSG:5880","metodo_na_bacia":"ponto_representativo_grade_2022_within_bacia","pop_n_validos":1,"pop_n_total":1,"pop_completude":1.0,"dom_n_validos":1,"dom_n_total":1,"dom_completude":1.0},"geometry":{"type":"Polygon","coordinates":[[[-51.91269209026769,-28.791433759560395],[-51.91270692188692,-28.789574305110005],[-51.91071909730846,-28.789560424973597],[-51.91070425130011,-28.791419879423913],[-51.91269209026769,-28.791433759560395]]]}},{"type":"Feature","properties":{"id_grade":"200ME52102N81390","pop":2,"dom":1,"universo_dom":"domicilios_ocupados_grade_ibge_2022","na_bacia":1,"area_pct_bacia":100.0,"metodo_recorte_bacia":"ponto_representativo_grade_2022; area_pct_geometrica","status_borda_bacia":"total","metodo_area_bacia":"interseção geométrica em EPSG:5880","metodo_na_bacia":"ponto_representativo_grade_2022_within_bacia","pop_n_validos":1,"pop_n_total":1,"pop_completude":1.0,"dom_n_validos":1,"dom_n_total":1,"dom_completude":1.0},"geometry":{"type":"Polygon","coordinates":[[[-51.91070425130011,-28.791419879423913],[-51.91071909730846,-28.789560424973597],[-51.90873127362932,-28.789546531347295],[-51.90871641323184,-28.79140598489821],[-51.91070425130011,-28.791419879423913]]]}},{"type":"Feature","properties":{"id_grade":"200ME52100N81394","pop":2,"dom":1,"universo_dom":"domicilios_ocupados_grade_ibge_2022","na_bacia":1,"area_pct_bacia":100.0,"metodo_recorte_bacia":"ponto_representativo_grade_2022; area_pct_geometrica","status_borda_bacia":"total","metodo_area_bacia":"interseção geométrica em EPSG:5880","metodo_na_bacia":"ponto_representativo_grade_2022_within_bacia","pop_n_validos":1,"pop_n_total":1,"pop_completude":1.0,"dom_n_validos":1,"dom_n_total":1,"dom_completude":1.0},"geometry":{"type":"Polygon","coordinates":[[[-51.912721753506105,-28.78771487044491],[-51.91273658422597,-28.785855454665462],[-51.91074878842579,-28.78584157452898],[-51.910733943316814,-28.787700990308323],[-51.912721753506105,-28.78771487044491]]]}},{"type":"Feature","properties":{"id_grade":"200ME52104N81394","pop":2,"dom":1,"universo_dom":"domicilios_ocupados_grade_ibge_2022","na_bacia":1,"area_pct_bacia":100.0,"metodo_recorte_bacia":"ponto_representativo_grade_2022; area_pct_geometrica","status_borda_bacia":"total","metodo_area_bacia":"interseção geométrica em EPSG:5880","metodo_na_bacia":"ponto_representativo_grade_2022_within_bacia","pop_n_validos":1,"pop_n_total":1,"pop_completude":1.0,"dom_n_validos":1,"dom_n_total":1,"dom_completude":1.0},"geometry":{"type":"Polygon","coordinates":[[[-51.90874613312752,-28.787687096682163],[-51.90876099262567,-28.785827681801972],[-51.90677319682555,-28.78581377468591],[-51.90675832293823,-28.787673190465334],[-51.90874613312752,-28.787687096682163]]]}},{"type":"Feature","properties":{"id_grade":"200ME52106N81394","pop":2,"dom":1,"universo_dom":"domicilios_ocupados_grade_ibge_2022","na_bacia":1,"area_pct_bacia":100.0,"metodo_recorte_bacia":"ponto_representativo_grade_2022; area_pct_geometrica","status_borda_bacia":"total","metodo_area_bacia":"interseção geométrica em EPSG:5880","metodo_na_bacia":"ponto_representativo_grade_2022_within_bacia","pop_n_validos":1,"pop_n_total":1,"pop_completude":1.0,"dom_n_validos":1,"dom_n_total":1,"dom_completude":1.0},"geometry":{"type":"Polygon","coordinates":[[[-51.90675832293823,-28.787673190465334],[-51.90677319682555,-28.78581377468591],[-51.90478540192469,-28.785799855878608],[-51.90477051364826,-28.78765927075861],[-51.90675832293823,-28.787673190465334]]]}},{"type":"Feature","properties":{"id_grade":"200ME52110N81294","pop":9,"dom":3,"universo_dom":"domicilios_ocupados_grade_ibge_2022","na_bacia":1,"area_pct_bacia":100.0,"metodo_recorte_bacia":"ponto_representativo_grade_2022; area_pct_geometrica","status_borda_bacia":"total","metodo_area_bacia":"interseção geométrica em EPSG:5880","metodo_na_bacia":"ponto_representativo_grade_2022_within_bacia","pop_n_validos":1,"pop_n_total":1,"pop_completude":1.0,"dom_n_validos":1,"dom_n_total":1,"dom_completude":1.0},"geometry":{"type":"Polygon","coordinates":[[[-51.90203733725326,-28.880640687018037],[-51.90205224981145,-28.878780305366814],[-51.90006374804352,-28.878766347888558],[-51.90004882199549,-28.880626728640515],[-51.90203733725326,-28.880640687018037]]]}},{"type":"Feature","properties":{"id_grade":"200ME52118N81294","pop":6,"dom":3,"universo_dom":"domicilios_ocupados_grade_ibge_2022","na_bacia":1,"area_pct_bacia":100.0,"metodo_recorte_bacia":"ponto_representativo_grade_2022; area_pct_geometrica","status_borda_bacia":"total","metodo_area_bacia":"interseção geométrica em EPSG:5880","metodo_na_bacia":"ponto_representativo_grade_2022_within_bacia","pop_n_validos":1,"pop_n_total":1,"pop_completude":1.0,"dom_n_validos":1,"dom_n_total":1,"dom_completude":1.0},"geometry":{"type":"Polygon","coordinates":[[[-51.894083276222204,-28.880584774367794],[-51.89409824543764,-28.878724393615812],[-51.89210974456904,-28.878710383077625],[-51.892094761863746,-28.88057076293035],[-51.894083276222204,-28.880584774367794]]]}},{"type":"Feature","properties":{"id_grade":"200ME52118N81298","pop":3,"dom":2,"universo_dom":"domicilios_ocupados_grade_ibge_2022","na_bacia":1,"area_pct_bacia":100.0,"metodo_recorte_bacia":"ponto_representativo_grade_2022; area_pct_geometrica","status_borda_bacia":"total","metodo_area_bacia":"interseção geométrica em EPSG:5880","metodo_na_bacia":"ponto_representativo_grade_2022_within_bacia","pop_n_validos":1,"pop_n_total":1,"pop_completude":1.0,"dom_n_validos":1,"dom_n_total":1,"dom_completude":1.0},"geometry":{"type":"Polygon","coordinates":[[[-51.89411321465309,-28.876864032648967],[-51.894128182969204,-28.87500369146719],[-51.892139710878894,-28.874989680929016],[-51.8921247281736,-28.876850022110787],[-51.89411321465309,-28.876864032648967]]]}},{"type":"Feature","properties":{"id_grade":"200ME52118N81300","pop":8,"dom":3,"universo_dom":"domicilios_ocupados_grade_ibge_2022","na_bacia":1,"area_pct_bacia":100.0,"metodo_recorte_bacia":"ponto_representativo_grade_2022; area_pct_geometrica","status_borda_bacia":"total","metodo_area_bacia":"interseção geométrica em EPSG:5880","metodo_na_bacia":"ponto_representativo_grade_2022_within_bacia","pop_n_validos":1,"pop_n_total":1,"pop_completude":1.0,"dom_n_validos":1,"dom_n_total":1,"dom_completude":1.0},"geometry":{"type":"Polygon","coordinates":[[[-51.894128182969204,-28.87500369146719],[-51.894143151285334,-28.87314336917103],[-51.89215469358419,-28.873129358632937],[-51.892139710878894,-28.874989680929016],[-51.894128182969204,-28.87500369146719]]]}},{"type":"Feature","properties":{"id_grade":"200ME52114N81304","pop":7,"dom":2,"universo_dom":"domicilios_ocupados_grade_ibge_2022","na_bacia":1,"area_pct_bacia":100.0,"metodo_recorte_bacia":"ponto_representativo_grade_2022; area_pct_geometrica","status_borda_bacia":"total","metodo_area_bacia":"interseção geométrica em EPSG:5880","metodo_na_bacia":"ponto_representativo_grade_2022_within_bacia","pop_n_validos":1,"pop_n_total":1,"pop_completude":1.0,"dom_n_validos":1,"dom_n_total":1,"dom_completude":1.0},"geometry":{"type":"Polygon","coordinates":[[[-51.898135008024155,-28.871311047266996],[-51.89814994846131,-28.869450763641787],[-51.89616151773981,-28.869436780083255],[-51.896146563812806,-28.871297063708486],[-51.898135008024155,-28.871311047266996]]]}},{"type":"Feature","properties":{"id_grade":"200ME52116N81304","pop":11,"dom":4,"universo_dom":"domicilios_ocupados_grade_ibge_2022","na_bacia":1,"area_pct_bacia":100.0,"metodo_recorte_bacia":"ponto_representativo_grade_2022; area_pct_geometrica","status_borda_bacia":"total","metodo_area_bacia":"interseção geométrica em EPSG:5880","metodo_na_bacia":"ponto_representativo_grade_2022_within_bacia","pop_n_validos":1,"pop_n_total":1,"pop_completude":1.0,"dom_n_validos":1,"dom_n_total":1,"dom_completude":1.0},"geometry":{"type":"Polygon","coordinates":[[[-51.896146563812806,-28.871297063708486],[-51.89616151773981,-28.869436780083255],[-51.894173087917636,-28.869422783034953],[-51.89415811960152,-28.871283066660144],[-51.896146563812806,-28.871297063708486]]]}},{"type":"Feature","properties":{"id_grade":"200ME52110N81306","pop":2,"dom":1,"universo_dom":"domicilios_ocupados_grade_ibge_2022","na_bacia":1,"area_pct_bacia":100.0,"metodo_recorte_bacia":"ponto_representativo_grade_2022; area_pct_geometrica","status_borda_bacia":"total","metodo_area_bacia":"interseção geométrica em EPSG:5880","metodo_na_bacia":"ponto_representativo_grade_2022_within_bacia","pop_n_validos":1,"pop_n_total":1,"pop_completude":1.0,"dom_n_validos":1,"dom_n_total":1,"dom_completude":1.0},"geometry":{"type":"Polygon","coordinates":[[[-51.90212680900499,-28.869478690289256],[-51.90214172066385,-28.867618425549832],[-51.90015330433147,-28.867604468971074],[-51.900138378283486,-28.869464733710497],[-51.90212680900499,-28.869478690289256]]]}},{"type":"Feature","properties":{"id_grade":"200ME52114N81306","pop":6,"dom":2,"universo_dom":"domicilios_ocupados_grade_ibge_2022","na_bacia":1,"area_pct_bacia":100.0,"metodo_recorte_bacia":"ponto_representativo_grade_2022; area_pct_geometrica","status_borda_bacia":"total","metodo_area_bacia":"interseção geométrica em EPSG:5880","metodo_na_bacia":"ponto_representativo_grade_2022_within_bacia","pop_n_validos":1,"pop_n_total":1,"pop_completude":1.0,"dom_n_validos":1,"dom_n_total":1,"dom_completude":1.0},"geometry":{"type":"Polygon","coordinates":[[[-51.89814994846131,-28.869450763641787],[-51.898164887999144,-28.867590498902395],[-51.89617647166682,-28.867576515343906],[-51.89616151773981,-28.869436780083255],[-51.89814994846131,-28.869450763641787]]]}},{"type":"Feature","properties":{"id_grade":"200ME52116N81306","pop":4,"dom":2,"universo_dom":"domicilios_ocupados_grade_ibge_2022","na_bacia":1,"area_pct_bacia":100.0,"metodo_recorte_bacia":"ponto_representativo_grade_2022; area_pct_geometrica","status_borda_bacia":"total","metodo_area_bacia":"interseção geométrica em EPSG:5880","metodo_na_bacia":"ponto_representativo_grade_2022_within_bacia","pop_n_validos":1,"pop_n_total":1,"pop_completude":1.0,"dom_n_validos":1,"dom_n_total":1,"dom_completude":1.0},"geometry":{"type":"Polygon","coordinates":[[[-51.89616151773981,-28.869436780083255],[-51.89617647166682,-28.867576515343906],[-51.89418805533444,-28.86756251919493],[-51.894173087917636,-28.869422783034953],[-51.89616151773981,-28.869436780083255]]]}},{"type":"Feature","properties":{"id_grade":"200ME52116N81308","pop":47,"dom":18,"universo_dom":"domicilios_ocupados_grade_ibge_2022","na_bacia":1,"area_pct_bacia":100.0,"metodo_recorte_bacia":"ponto_representativo_grade_2022; area_pct_geometrica","status_borda_bacia":"total","metodo_area_bacia":"interseção geométrica em EPSG:5880","metodo_na_bacia":"ponto_representativo_grade_2022_within_bacia","pop_n_validos":1,"pop_n_total":1,"pop_completude":1.0,"dom_n_validos":1,"dom_n_total":1,"dom_completude":1.0},"geometry":{"type":"Polygon","coordinates":[[[-51.89617647166682,-28.867576515343906],[-51.89619142469445,-28.865716271288875],[-51.89420302275124,-28.865702275139864],[-51.89418805533444,-28.86756251919493],[-51.89617647166682,-28.867576515343906]]]}},{"type":"Feature","properties":{"id_grade":"200ME52118N81308","pop":4,"dom":2,"universo_dom":"domicilios_ocupados_grade_ibge_2022","na_bacia":1,"area_pct_bacia":100.0,"metodo_recorte_bacia":"ponto_representativo_grade_2022; area_pct_geometrica","status_borda_bacia":"total","metodo_area_bacia":"interseção geométrica em EPSG:5880","metodo_na_bacia":"ponto_representativo_grade_2022_within_bacia","pop_n_validos":1,"pop_n_total":1,"pop_completude":1.0,"dom_n_validos":1,"dom_n_total":1,"dom_completude":1.0},"geometry":{"type":"Polygon","coordinates":[[[-51.89418805533444,-28.86756251919493],[-51.89420302275124,-28.865702275139864],[-51.89221462170741,-28.865688265501014],[-51.892199639901435,-28.867548509555974],[-51.89418805533444,-28.86756251919493]]]}},{"type":"Feature","properties":{"id_grade":"200ME52116N81310","pop":25,"dom":11,"universo_dom":"domicilios_ocupados_grade_ibge_2022","na_bacia":1,"area_pct_bacia":100.0,"metodo_recorte_bacia":"ponto_representativo_grade_2022; area_pct_geometrica","status_borda_bacia":"total","metodo_area_bacia":"interseção geométrica em EPSG:5880","metodo_na_bacia":"ponto_representativo_grade_2022_within_bacia","pop_n_validos":1,"pop_n_total":1,"pop_completude":1.0,"dom_n_validos":1,"dom_n_total":1,"dom_completude":1.0},"geometry":{"type":"Polygon","coordinates":[[[-51.89619142469445,-28.865716271288875],[-51.89620637772214,-28.863856045220246],[-51.89421799016805,-28.863842049970533],[-51.89420302275124,-28.865702275139864],[-51.89619142469445,-28.865716271288875]]]}},{"type":"Feature","properties":{"id_grade":"200ME52118N81310","pop":19,"dom":9,"universo_dom":"domicilios_ocupados_grade_ibge_2022","na_bacia":1,"area_pct_bacia":100.0,"metodo_recorte_bacia":"ponto_representativo_grade_2022; area_pct_geometrica","status_borda_bacia":"total","metodo_area_bacia":"interseção geométrica em EPSG:5880","metodo_na_bacia":"ponto_representativo_grade_2022_within_bacia","pop_n_validos":1,"pop_n_total":1,"pop_completude":1.0,"dom_n_validos":1,"dom_n_total":1,"dom_completude":1.0},"geometry":{"type":"Polygon","coordinates":[[[-51.89420302275124,-28.865702275139864],[-51.89421799016805,-28.863842049970533],[-51.892229602614016,-28.8638280403317],[-51.89221462170741,-28.865688265501014],[-51.89420302275124,-28.865702275139864]]]}},{"type":"Feature","properties":{"id_grade":"200ME52116N81312","pop":3,"dom":1,"universo_dom":"domicilios_ocupados_grade_ibge_2022","na_bacia":1,"area_pct_bacia":100.0,"metodo_recorte_bacia":"ponto_representativo_grade_2022; area_pct_geometrica","status_borda_bacia":"total","metodo_area_bacia":"interseção geométrica em EPSG:5880","metodo_na_bacia":"ponto_representativo_grade_2022_within_bacia","pop_n_validos":1,"pop_n_total":1,"pop_completude":1.0,"dom_n_validos":1,"dom_n_total":1,"dom_completude":1.0},"geometry":{"type":"Polygon","coordinates":[[[-51.89620637772214,-28.863856045220246],[-51.89622133074976,-28.861995839836116],[-51.89423295758491,-28.861981843687076],[-51.89421799016805,-28.863842049970533],[-51.89620637772214,-28.863856045220246]]]}},{"type":"Feature","properties":{"id_grade":"200ME52118N81312","pop":3,"dom":1,"universo_dom":"domicilios_ocupados_grade_ibge_2022","na_bacia":1,"area_pct_bacia":100.0,"metodo_recorte_bacia":"ponto_representativo_grade_2022; area_pct_geometrica","status_borda_bacia":"total","metodo_area_bacia":"interseção geométrica em EPSG:5880","metodo_na_bacia":"ponto_representativo_grade_2022_within_bacia","pop_n_validos":1,"pop_n_total":1,"pop_completude":1.0,"dom_n_validos":1,"dom_n_total":1,"dom_completude":1.0},"geometry":{"type":"Polygon","coordinates":[[[-51.89421799016805,-28.863842049970533],[-51.89423295758491,-28.861981843687076],[-51.892244584419984,-28.86196783494762],[-51.892229602614016,-28.8638280403317],[-51.89421799016805,-28.863842049970533]]]}},{"type":"Feature","properties":{"id_grade":"200ME52112N81314","pop":46,"dom":14,"universo_dom":"domicilios_ocupados_grade_ibge_2022","na_bacia":1,"area_pct_bacia":100.0,"metodo_recorte_bacia":"ponto_representativo_grade_2022; area_pct_geometrica","status_borda_bacia":"total","metodo_area_bacia":"interseção geométrica em EPSG:5880","metodo_na_bacia":"ponto_representativo_grade_2022_within_bacia","pop_n_validos":1,"pop_n_total":1,"pop_completude":1.0,"dom_n_validos":1,"dom_n_total":1,"dom_completude":1.0},"geometry":{"type":"Polygon","coordinates":[[[-51.900198078878184,-28.86202379076533],[-51.90021300312753,-28.860163604266855],[-51.89822464345247,-28.860149635097596],[-51.89820970481401,-28.862009821595972],[-51.900198078878184,-28.86202379076533]]]}},{"type":"Feature","properties":{"id_grade":"200ME52118N81314","pop":30,"dom":11,"universo_dom":"domicilios_ocupados_grade_ibge_2022","na_bacia":1,"area_pct_bacia":100.0,"metodo_recorte_bacia":"ponto_representativo_grade_2022; area_pct_geometrica","status_borda_bacia":"total","metodo_area_bacia":"interseção geométrica em EPSG:5880","metodo_na_bacia":"ponto_representativo_grade_2022_within_bacia","pop_n_validos":1,"pop_n_total":1,"pop_completude":1.0,"dom_n_validos":1,"dom_n_total":1,"dom_completude":1.0},"geometry":{"type":"Polygon","coordinates":[[[-51.89423295758491,-28.861981843687076],[-51.89424792410239,-28.860121657188664],[-51.89225956532664,-28.860107649348496],[-51.892244584419984,-28.86196783494762],[-51.89423295758491,-28.861981843687076]]]}},{"type":"Feature","properties":{"id_grade":"200ME52110N81316","pop":37,"dom":12,"universo_dom":"domicilios_ocupados_grade_ibge_2022","na_bacia":1,"area_pct_bacia":100.0,"metodo_recorte_bacia":"ponto_representativo_grade_2022; area_pct_geometrica","status_borda_bacia":"total","metodo_area_bacia":"interseção geométrica em EPSG:5880","metodo_na_bacia":"ponto_representativo_grade_2022_within_bacia","pop_n_validos":1,"pop_n_total":1,"pop_completude":1.0,"dom_n_validos":1,"dom_n_total":1,"dom_completude":1.0},"geometry":{"type":"Polygon","coordinates":[[[-51.90220136370192,-28.8601775599464],[-51.902216273562146,-28.858317391434362],[-51.90022792737693,-28.85830343665426],[-51.90021300312753,-28.860163604266855],[-51.90220136370192,-28.8601775599464]]]}},{"type":"Feature","properties":{"id_grade":"200ME52112N81316","pop":62,"dom":22,"universo_dom":"domicilios_ocupados_grade_ibge_2022","na_bacia":1,"area_pct_bacia":100.0,"metodo_recorte_bacia":"ponto_representativo_grade_2022; area_pct_geometrica","status_borda_bacia":"total","metodo_area_bacia":"interseção geométrica em EPSG:5880","metodo_na_bacia":"ponto_representativo_grade_2022_within_bacia","pop_n_validos":1,"pop_n_total":1,"pop_completude":1.0,"dom_n_validos":1,"dom_n_total":1,"dom_completude":1.0},"geometry":{"type":"Polygon","coordinates":[[[-51.90021300312753,-28.860163604266855],[-51.90022792737693,-28.85830343665426],[-51.89823958209099,-28.85828946748495],[-51.89822464345247,-28.860149635097596],[-51.90021300312753,-28.860163604266855]]]}},{"type":"Feature","properties":{"id_grade":"200ME52116N81316","pop":6,"dom":3,"universo_dom":"domicilios_ocupados_grade_ibge_2022","na_bacia":1,"area_pct_bacia":100.0,"metodo_recorte_bacia":"ponto_representativo_grade_2022; area_pct_geometrica","status_borda_bacia":"total","metodo_area_bacia":"interseção geométrica em EPSG:5880","metodo_na_bacia":"ponto_representativo_grade_2022_within_bacia","pop_n_validos":1,"pop_n_total":1,"pop_completude":1.0,"dom_n_validos":1,"dom_n_total":1,"dom_completude":1.0},"geometry":{"type":"Polygon","coordinates":[[[-51.896236283777455,-28.860135653337707],[-51.896251236805085,-28.85827548572502],[-51.89426289151919,-28.85826149047536],[-51.89424792410239,-28.860121657188664],[-51.896236283777455,-28.860135653337707]]]}},{"type":"Feature","properties":{"id_grade":"200ME52118N81316","pop":3,"dom":1,"universo_dom":"domicilios_ocupados_grade_ibge_2022","na_bacia":1,"area_pct_bacia":100.0,"metodo_recorte_bacia":"ponto_representativo_grade_2022; area_pct_geometrica","status_borda_bacia":"total","metodo_area_bacia":"interseção geométrica em EPSG:5880","metodo_na_bacia":"ponto_representativo_grade_2022_within_bacia","pop_n_validos":1,"pop_n_total":1,"pop_completude":1.0,"dom_n_validos":1,"dom_n_total":1,"dom_completude":1.0},"geometry":{"type":"Polygon","coordinates":[[[-51.89424792410239,-28.860121657188664],[-51.89426289151919,-28.85826149047536],[-51.892274546233295,-28.85824748263514],[-51.89225956532664,-28.860107649348496],[-51.89424792410239,-28.860121657188664]]]}},{"type":"Feature","properties":{"id_grade":"200ME52110N81318","pop":47,"dom":16,"universo_dom":"domicilios_ocupados_grade_ibge_2022","na_bacia":1,"area_pct_bacia":100.0,"metodo_recorte_bacia":"ponto_representativo_grade_2022; area_pct_geometrica","status_borda_bacia":"total","metodo_area_bacia":"interseção geométrica em EPSG:5880","metodo_na_bacia":"ponto_representativo_grade_2022_within_bacia","pop_n_validos":1,"pop_n_total":1,"pop_completude":1.0,"dom_n_validos":1,"dom_n_total":1,"dom_completude":1.0},"geometry":{"type":"Polygon","coordinates":[[[-51.902216273562146,-28.858317391434362],[-51.902231183422316,-28.85645724270762],[-51.900242851626274,-28.85644328792733],[-51.90022792737693,-28.85830343665426],[-51.902216273562146,-28.858317391434362]]]}},{"type":"Feature","properties":{"id_grade":"200ME52112N81318","pop":27,"dom":12,"universo_dom":"domicilios_ocupados_grade_ibge_2022","na_bacia":1,"area_pct_bacia":100.0,"metodo_recorte_bacia":"ponto_representativo_grade_2022; area_pct_geometrica","status_borda_bacia":"total","metodo_area_bacia":"interseção geométrica em EPSG:5880","metodo_na_bacia":"ponto_representativo_grade_2022_within_bacia","pop_n_validos":1,"pop_n_total":1,"pop_completude":1.0,"dom_n_validos":1,"dom_n_total":1,"dom_completude":1.0},"geometry":{"type":"Polygon","coordinates":[[[-51.90022792737693,-28.85830343665426],[-51.900242851626274,-28.85644328792733],[-51.898254520729495,-28.85642931965724],[-51.89823958209099,-28.85828946748495],[-51.90022792737693,-28.85830343665426]]]}},{"type":"Feature","properties":{"id_grade":"200ME52114N81318","pop":80,"dom":29,"universo_dom":"domicilios_ocupados_grade_ibge_2022","na_bacia":1,"area_pct_bacia":100.0,"metodo_recorte_bacia":"ponto_representativo_grade_2022; area_pct_geometrica","status_borda_bacia":"total","metodo_area_bacia":"interseção geométrica em EPSG:5880","metodo_na_bacia":"ponto_representativo_grade_2022_within_bacia","pop_n_validos":1,"pop_n_total":1,"pop_completude":1.0,"dom_n_validos":1,"dom_n_total":1,"dom_completude":1.0},"geometry":{"type":"Polygon","coordinates":[[[-51.89823958209099,-28.85828946748495],[-51.898254520729495,-28.85642931965724],[-51.89626618893345,-28.856415337897474],[-51.896251236805085,-28.85827548572502],[-51.89823958209099,-28.85828946748495]]]}},{"type":"Feature","properties":{"id_grade":"200ME52116N81318","pop":147,"dom":44,"universo_dom":"domicilios_ocupados_grade_ibge_2022","na_bacia":1,"area_pct_bacia":100.0,"metodo_recorte_bacia":"ponto_representativo_grade_2022; area_pct_geometrica","status_borda_bacia":"total","metodo_area_bacia":"interseção geométrica em EPSG:5880","metodo_na_bacia":"ponto_representativo_grade_2022_within_bacia","pop_n_validos":1,"pop_n_total":1,"pop_completude":1.0,"dom_n_validos":1,"dom_n_total":1,"dom_completude":1.0},"geometry":{"type":"Polygon","coordinates":[[[-51.896251236805085,-28.85827548572502],[-51.89626618893345,-28.856415337897474],[-51.894277858036666,-28.856401342647757],[-51.89426289151919,-28.85826149047536],[-51.896251236805085,-28.85827548572502]]]}},{"type":"Feature","properties":{"id_grade":"200ME52110N81320","pop":35,"dom":13,"universo_dom":"domicilios_ocupados_grade_ibge_2022","na_bacia":1,"area_pct_bacia":100.0,"metodo_recorte_bacia":"ponto_representativo_grade_2022; area_pct_geometrica","status_borda_bacia":"total","metodo_area_bacia":"interseção geométrica em EPSG:5880","metodo_na_bacia":"ponto_representativo_grade_2022_within_bacia","pop_n_validos":1,"pop_n_total":1,"pop_completude":1.0,"dom_n_validos":1,"dom_n_total":1,"dom_completude":1.0},"geometry":{"type":"Polygon","coordinates":[[[-51.902231183422316,-28.85645724270762],[-51.90224609328255,-28.85459711376573],[-51.90025777587562,-28.854583158985506],[-51.900242851626274,-28.85644328792733],[-51.902231183422316,-28.85645724270762]]]}},{"type":"Feature","properties":{"id_grade":"200ME52112N81320","pop":119,"dom":42,"universo_dom":"domicilios_ocupados_grade_ibge_2022","na_bacia":1,"area_pct_bacia":100.0,"metodo_recorte_bacia":"ponto_representativo_grade_2022; area_pct_geometrica","status_borda_bacia":"total","metodo_area_bacia":"interseção geométrica em EPSG:5880","metodo_na_bacia":"ponto_representativo_grade_2022_within_bacia","pop_n_validos":1,"pop_n_total":1,"pop_completude":1.0,"dom_n_validos":1,"dom_n_total":1,"dom_completude":1.0},"geometry":{"type":"Polygon","coordinates":[[[-51.900242851626274,-28.85644328792733],[-51.90025777587562,-28.854583158985506],[-51.89826945846869,-28.854569190715562],[-51.898254520729495,-28.85642931965724],[-51.900242851626274,-28.85644328792733]]]}},{"type":"Feature","properties":{"id_grade":"200ME52114N81320","pop":182,"dom":71,"universo_dom":"domicilios_ocupados_grade_ibge_2022","na_bacia":1,"area_pct_bacia":100.0,"metodo_recorte_bacia":"ponto_representativo_grade_2022; area_pct_geometrica","status_borda_bacia":"total","metodo_area_bacia":"interseção geométrica em EPSG:5880","metodo_na_bacia":"ponto_representativo_grade_2022_within_bacia","pop_n_validos":1,"pop_n_total":1,"pop_completude":1.0,"dom_n_validos":1,"dom_n_total":1,"dom_completude":1.0},"geometry":{"type":"Polygon","coordinates":[[[-51.898254520729495,-28.85642931965724],[-51.89826945846869,-28.854569190715562],[-51.89628114106176,-28.854555208955713],[-51.89626618893345,-28.856415337897474],[-51.898254520729495,-28.85642931965724]]]}},{"type":"Feature","properties":{"id_grade":"200ME52116N81320","pop":150,"dom":63,"universo_dom":"domicilios_ocupados_grade_ibge_2022","na_bacia":1,"area_pct_bacia":100.0,"metodo_recorte_bacia":"ponto_representativo_grade_2022; area_pct_geometrica","status_borda_bacia":"total","metodo_area_bacia":"interseção geométrica em EPSG:5880","metodo_na_bacia":"ponto_representativo_grade_2022_within_bacia","pop_n_validos":1,"pop_n_total":1,"pop_completude":1.0,"dom_n_validos":1,"dom_n_total":1,"dom_completude":1.0},"geometry":{"type":"Polygon","coordinates":[[[-51.89626618893345,-28.856415337897474],[-51.89628114106176,-28.854555208955713],[-51.89429282365484,-28.85454121460526],[-51.894277858036666,-28.856401342647757],[-51.89626618893345,-28.856415337897474]]]}},{"type":"Feature","properties":{"id_grade":"200ME52118N81320","pop":77,"dom":28,"universo_dom":"domicilios_ocupados_grade_ibge_2022","na_bacia":1,"area_pct_bacia":100.0,"metodo_recorte_bacia":"ponto_representativo_grade_2022; area_pct_geometrica","status_borda_bacia":"total","metodo_area_bacia":"interseção geométrica em EPSG:5880","metodo_na_bacia":"ponto_representativo_grade_2022_within_bacia","pop_n_validos":1,"pop_n_total":1,"pop_completude":1.0,"dom_n_validos":1,"dom_n_total":1,"dom_completude":1.0},"geometry":{"type":"Polygon","coordinates":[[[-51.894277858036666,-28.856401342647757],[-51.89429282365484,-28.85454121460526],[-51.89230450714723,-28.854527206765162],[-51.89228952713995,-28.856387334807597],[-51.894277858036666,-28.856401342647757]]]}},{"type":"Feature","properties":{"id_grade":"200ME52110N81322","pop":54,"dom":22,"universo_dom":"domicilios_ocupados_grade_ibge_2022","na_bacia":1,"area_pct_bacia":100.0,"metodo_recorte_bacia":"ponto_representativo_grade_2022; area_pct_geometrica","status_borda_bacia":"total","metodo_area_bacia":"interseção geométrica em EPSG:5880","metodo_na_bacia":"ponto_representativo_grade_2022_within_bacia","pop_n_validos":1,"pop_n_total":1,"pop_completude":1.0,"dom_n_validos":1,"dom_n_total":1,"dom_completude":1.0},"geometry":{"type":"Polygon","coordinates":[[[-51.90224609328255,-28.85459711376573],[-51.90226100314272,-28.852737003709706],[-51.900272699225646,-28.85272304892946],[-51.90025777587562,-28.854583158985506],[-51.90224609328255,-28.85459711376573]]]}},{"type":"Feature","properties":{"id_grade":"200ME52112N81322","pop":216,"dom":86,"universo_dom":"domicilios_ocupados_grade_ibge_2022","na_bacia":1,"area_pct_bacia":100.0,"metodo_recorte_bacia":"ponto_representativo_grade_2022; area_pct_geometrica","status_borda_bacia":"total","metodo_area_bacia":"interseção geométrica em EPSG:5880","metodo_na_bacia":"ponto_representativo_grade_2022_within_bacia","pop_n_validos":1,"pop_n_total":1,"pop_completude":1.0,"dom_n_validos":1,"dom_n_total":1,"dom_completude":1.0},"geometry":{"type":"Polygon","coordinates":[[[-51.90025777587562,-28.854583158985506],[-51.900272699225646,-28.85272304892946],[-51.898284396207885,-28.85270908155882],[-51.89826945846869,-28.854569190715562],[-51.90025777587562,-28.854583158985506]]]}},{"type":"Feature","properties":{"id_grade":"200ME52114N81322","pop":136,"dom":54,"universo_dom":"domicilios_ocupados_grade_ibge_2022","na_bacia":1,"area_pct_bacia":100.0,"metodo_recorte_bacia":"ponto_representativo_grade_2022; area_pct_geometrica","status_borda_bacia":"total","metodo_area_bacia":"interseção geométrica em EPSG:5880","metodo_na_bacia":"ponto_representativo_grade_2022_within_bacia","pop_n_validos":1,"pop_n_total":1,"pop_completude":1.0,"dom_n_validos":1,"dom_n_total":1,"dom_completude":1.0},"geometry":{"type":"Polygon","coordinates":[[[-51.89826945846869,-28.854569190715562],[-51.898284396207885,-28.85270908155882],[-51.89629609319014,-28.852695099798982],[-51.89628114106176,-28.854555208955713],[-51.89826945846869,-28.854569190715562]]]}},{"type":"Feature","properties":{"id_grade":"200ME52116N81322","pop":97,"dom":41,"universo_dom":"domicilios_ocupados_grade_ibge_2022","na_bacia":1,"area_pct_bacia":100.0,"metodo_recorte_bacia":"ponto_representativo_grade_2022; area_pct_geometrica","status_borda_bacia":"total","metodo_area_bacia":"interseção geométrica em EPSG:5880","metodo_na_bacia":"ponto_representativo_grade_2022_within_bacia","pop_n_validos":1,"pop_n_total":1,"pop_completude":1.0,"dom_n_validos":1,"dom_n_total":1,"dom_completude":1.0},"geometry":{"type":"Polygon","coordinates":[[[-51.89628114106176,-28.854555208955713],[-51.89629609319014,-28.852695099798982],[-51.89430779017232,-28.85268110544855],[-51.89429282365484,-28.85454121460526],[-51.89628114106176,-28.854555208955713]]]}},{"type":"Feature","properties":{"id_grade":"200ME52118N81322","pop":144,"dom":59,"universo_dom":"domicilios_ocupados_grade_ibge_2022","na_bacia":1,"area_pct_bacia":100.0,"metodo_recorte_bacia":"ponto_representativo_grade_2022; area_pct_geometrica","status_borda_bacia":"total","metodo_area_bacia":"interseção geométrica em EPSG:5880","metodo_na_bacia":"ponto_representativo_grade_2022_within_bacia","pop_n_validos":1,"pop_n_total":1,"pop_completude":1.0,"dom_n_validos":1,"dom_n_total":1,"dom_completude":1.0},"geometry":{"type":"Polygon","coordinates":[[[-51.89429282365484,-28.85454121460526],[-51.89430779017232,-28.85268110544855],[-51.89231948715457,-28.85266709850782],[-51.89230450714723,-28.854527206765162],[-51.89429282365484,-28.85454121460526]]]}},{"type":"Feature","properties":{"id_grade":"200ME52110N81324","pop":92,"dom":43,"universo_dom":"domicilios_ocupados_grade_ibge_2022","na_bacia":1,"area_pct_bacia":100.0,"metodo_recorte_bacia":"ponto_representativo_grade_2022; area_pct_geometrica","status_borda_bacia":"total","metodo_area_bacia":"interseção geométrica em EPSG:5880","metodo_na_bacia":"ponto_representativo_grade_2022_within_bacia","pop_n_validos":1,"pop_n_total":1,"pop_completude":1.0,"dom_n_validos":1,"dom_n_total":1,"dom_completude":1.0},"geometry":{"type":"Polygon","coordinates":[[[-51.90226100314272,-28.852737003709706],[-51.90227591210362,-28.850876913438782],[-51.90028762257566,-28.850862958658578],[-51.900272699225646,-28.85272304892946],[-51.90226100314272,-28.852737003709706]]]}},{"type":"Feature","properties":{"id_grade":"200ME52112N81324","pop":156,"dom":66,"universo_dom":"domicilios_ocupados_grade_ibge_2022","na_bacia":1,"area_pct_bacia":100.0,"metodo_recorte_bacia":"ponto_representativo_grade_2022; area_pct_geometrica","status_borda_bacia":"total","metodo_area_bacia":"interseção geométrica em EPSG:5880","metodo_na_bacia":"ponto_representativo_grade_2022_within_bacia","pop_n_validos":1,"pop_n_total":1,"pop_completude":1.0,"dom_n_validos":1,"dom_n_total":1,"dom_completude":1.0},"geometry":{"type":"Polygon","coordinates":[[[-51.900272699225646,-28.85272304892946],[-51.90028762257566,-28.850862958658578],[-51.89829933394708,-28.850848991287904],[-51.898284396207885,-28.85270908155882],[-51.900272699225646,-28.85272304892946]]]}},{"type":"Feature","properties":{"id_grade":"200ME52114N81324","pop":141,"dom":59,"universo_dom":"domicilios_ocupados_grade_ibge_2022","na_bacia":1,"area_pct_bacia":100.0,"metodo_recorte_bacia":"ponto_representativo_grade_2022; area_pct_geometrica","status_borda_bacia":"total","metodo_area_bacia":"interseção geométrica em EPSG:5880","metodo_na_bacia":"ponto_representativo_grade_2022_within_bacia","pop_n_validos":1,"pop_n_total":1,"pop_completude":1.0,"dom_n_validos":1,"dom_n_total":1,"dom_completude":1.0},"geometry":{"type":"Polygon","coordinates":[[[-51.898284396207885,-28.85270908155882],[-51.89829933394708,-28.850848991287904],[-51.89631104441912,-28.850835010427296],[-51.89629609319014,-28.852695099798982],[-51.898284396207885,-28.85270908155882]]]}},{"type":"Feature","properties":{"id_grade":"200ME52116N81324","pop":189,"dom":68,"universo_dom":"domicilios_ocupados_grade_ibge_2022","na_bacia":1,"area_pct_bacia":100.0,"metodo_recorte_bacia":"ponto_representativo_grade_2022; area_pct_geometrica","status_borda_bacia":"total","metodo_area_bacia":"interseção geométrica em EPSG:5880","metodo_na_bacia":"ponto_representativo_grade_2022_within_bacia","pop_n_validos":1,"pop_n_total":1,"pop_completude":1.0,"dom_n_validos":1,"dom_n_total":1,"dom_completude":1.0},"geometry":{"type":"Polygon","coordinates":[[[-51.89629609319014,-28.852695099798982],[-51.89631104441912,-28.850835010427296],[-51.89432275579048,-28.85082101607691],[-51.89430779017232,-28.85268110544855],[-51.89629609319014,-28.852695099798982]]]}},{"type":"Feature","properties":{"id_grade":"200ME52118N81324","pop":167,"dom":77,"universo_dom":"domicilios_ocupados_grade_ibge_2022","na_bacia":1,"area_pct_bacia":100.0,"metodo_recorte_bacia":"ponto_representativo_grade_2022; area_pct_geometrica","status_borda_bacia":"total","metodo_area_bacia":"interseção geométrica em EPSG:5880","metodo_na_bacia":"ponto_representativo_grade_2022_within_bacia","pop_n_validos":1,"pop_n_total":1,"pop_completude":1.0,"dom_n_validos":1,"dom_n_total":1,"dom_completude":1.0},"geometry":{"type":"Polygon","coordinates":[[[-51.89430779017232,-28.85268110544855],[-51.89432275579048,-28.85082101607691],[-51.892334467161895,-28.850807009136094],[-51.89231948715457,-28.85266709850782],[-51.89430779017232,-28.85268110544855]]]}},{"type":"Feature","properties":{"id_grade":"200ME52110N81326","pop":72,"dom":30,"universo_dom":"domicilios_ocupados_grade_ibge_2022","na_bacia":1,"area_pct_bacia":100.0,"metodo_recorte_bacia":"ponto_representativo_grade_2022; area_pct_geometrica","status_borda_bacia":"total","metodo_area_bacia":"interseção geométrica em EPSG:5880","metodo_na_bacia":"ponto_representativo_grade_2022_within_bacia","pop_n_validos":1,"pop_n_total":1,"pop_completude":1.0,"dom_n_validos":1,"dom_n_total":1,"dom_completude":1.0},"geometry":{"type":"Polygon","coordinates":[[[-51.90227591210362,-28.850876913438782],[-51.90229082196384,-28.84901684205359],[-51.90030254592574,-28.84900288817279],[-51.90028762257566,-28.850862958658578],[-51.90227591210362,-28.850876913438782]]]}},{"type":"Feature","properties":{"id_grade":"200ME52112N81326","pop":205,"dom":83,"universo_dom":"domicilios_ocupados_grade_ibge_2022","na_bacia":1,"area_pct_bacia":100.0,"metodo_recorte_bacia":"ponto_representativo_grade_2022; area_pct_geometrica","status_borda_bacia":"total","metodo_area_bacia":"interseção geométrica em EPSG:5880","metodo_na_bacia":"ponto_representativo_grade_2022_within_bacia","pop_n_validos":1,"pop_n_total":1,"pop_completude":1.0,"dom_n_validos":1,"dom_n_total":1,"dom_completude":1.0},"geometry":{"type":"Polygon","coordinates":[[[-51.90028762257566,-28.850862958658578],[-51.90030254592574,-28.84900288817279],[-51.8983142707869,-28.848988920802046],[-51.89829933394708,-28.850848991287904],[-51.90028762257566,-28.850862958658578]]]}},{"type":"Feature","properties":{"id_grade":"200ME52114N81326","pop":195,"dom":79,"universo_dom":"domicilios_ocupados_grade_ibge_2022","na_bacia":1,"area_pct_bacia":100.0,"metodo_recorte_bacia":"ponto_representativo_grade_2022; area_pct_geometrica","status_borda_bacia":"total","metodo_area_bacia":"interseção geométrica em EPSG:5880","metodo_na_bacia":"ponto_representativo_grade_2022_within_bacia","pop_n_validos":1,"pop_n_total":1,"pop_completude":1.0,"dom_n_validos":1,"dom_n_total":1,"dom_completude":1.0},"geometry":{"type":"Polygon","coordinates":[[[-51.89829933394708,-28.850848991287904],[-51.8983142707869,-28.848988920802046],[-51.896325996547496,-28.84897493994147],[-51.89631104441912,-28.850835010427296],[-51.89829933394708,-28.850848991287904]]]}},{"type":"Feature","properties":{"id_grade":"200ME52116N81326","pop":133,"dom":55,"universo_dom":"domicilios_ocupados_grade_ibge_2022","na_bacia":1,"area_pct_bacia":100.0,"metodo_recorte_bacia":"ponto_representativo_grade_2022; area_pct_geometrica","status_borda_bacia":"total","metodo_area_bacia":"interseção geométrica em EPSG:5880","metodo_na_bacia":"ponto_representativo_grade_2022_within_bacia","pop_n_validos":1,"pop_n_total":1,"pop_completude":1.0,"dom_n_validos":1,"dom_n_total":1,"dom_completude":1.0},"geometry":{"type":"Polygon","coordinates":[[[-51.89631104441912,-28.850835010427296],[-51.896325996547496,-28.84897493994147],[-51.89433772140864,-28.848960946490372],[-51.89432275579048,-28.85082101607691],[-51.89631104441912,-28.850835010427296]]]}},{"type":"Feature","properties":{"id_grade":"200ME52118N81326","pop":191,"dom":68,"universo_dom":"domicilios_ocupados_grade_ibge_2022","na_bacia":1,"area_pct_bacia":100.0,"metodo_recorte_bacia":"ponto_representativo_grade_2022; area_pct_geometrica","status_borda_bacia":"total","metodo_area_bacia":"interseção geométrica em EPSG:5880","metodo_na_bacia":"ponto_representativo_grade_2022_within_bacia","pop_n_validos":1,"pop_n_total":1,"pop_completude":1.0,"dom_n_validos":1,"dom_n_total":1,"dom_completude":1.0},"geometry":{"type":"Polygon","coordinates":[[[-51.89432275579048,-28.85082101607691],[-51.89433772140864,-28.848960946490372],[-51.892349447169245,-28.848946938650275],[-51.892334467161895,-28.850807009136094],[-51.89432275579048,-28.85082101607691]]]}},{"type":"Feature","properties":{"id_grade":"200ME52110N81328","pop":219,"dom":76,"universo_dom":"domicilios_ocupados_grade_ibge_2022","na_bacia":1,"area_pct_bacia":100.0,"metodo_recorte_bacia":"ponto_representativo_grade_2022; area_pct_geometrica","status_borda_bacia":"total","metodo_area_bacia":"interseção geométrica em EPSG:5880","metodo_na_bacia":"ponto_representativo_grade_2022_within_bacia","pop_n_validos":1,"pop_n_total":1,"pop_completude":1.0,"dom_n_validos":1,"dom_n_total":1,"dom_completude":1.0},"geometry":{"type":"Polygon","coordinates":[[[-51.90229082196384,-28.84901684205359],[-51.902305730924695,-28.84715679045353],[-51.90031746927576,-28.847142836572573],[-51.90030254592574,-28.84900288817279],[-51.90229082196384,-28.84901684205359]]]}},{"type":"Feature","properties":{"id_grade":"200ME52112N81328","pop":243,"dom":104,"universo_dom":"domicilios_ocupados_grade_ibge_2022","na_bacia":1,"area_pct_bacia":100.0,"metodo_recorte_bacia":"ponto_representativo_grade_2022; area_pct_geometrica","status_borda_bacia":"total","metodo_area_bacia":"interseção geométrica em EPSG:5880","metodo_na_bacia":"ponto_representativo_grade_2022_within_bacia","pop_n_validos":1,"pop_n_total":1,"pop_completude":1.0,"dom_n_validos":1,"dom_n_total":1,"dom_completude":1.0},"geometry":{"type":"Polygon","coordinates":[[[-51.90030254592574,-28.84900288817279],[-51.90031746927576,-28.847142836572573],[-51.89832920852609,-28.847128869201935],[-51.8983142707869,-28.848988920802046],[-51.90030254592574,-28.84900288817279]]]}},{"type":"Feature","properties":{"id_grade":"200ME52114N81328","pop":121,"dom":57,"universo_dom":"domicilios_ocupados_grade_ibge_2022","na_bacia":1,"area_pct_bacia":100.0,"metodo_recorte_bacia":"ponto_representativo_grade_2022; area_pct_geometrica","status_borda_bacia":"total","metodo_area_bacia":"interseção geométrica em EPSG:5880","metodo_na_bacia":"ponto_representativo_grade_2022_within_bacia","pop_n_validos":1,"pop_n_total":1,"pop_completude":1.0,"dom_n_validos":1,"dom_n_total":1,"dom_completude":1.0},"geometry":{"type":"Polygon","coordinates":[[[-51.8983142707869,-28.848988920802046],[-51.89832920852609,-28.847128869201935],[-51.89634094777649,-28.847114889240725],[-51.896325996547496,-28.84897493994147],[-51.8983142707869,-28.848988920802046]]]}},{"type":"Feature","properties":{"id_grade":"200ME52116N81328","pop":205,"dom":93,"universo_dom":"domicilios_ocupados_grade_ibge_2022","na_bacia":1,"area_pct_bacia":100.0,"metodo_recorte_bacia":"ponto_representativo_grade_2022; area_pct_geometrica","status_borda_bacia":"total","metodo_area_bacia":"interseção geométrica em EPSG:5880","metodo_na_bacia":"ponto_representativo_grade_2022_within_bacia","pop_n_validos":1,"pop_n_total":1,"pop_completude":1.0,"dom_n_validos":1,"dom_n_total":1,"dom_completude":1.0},"geometry":{"type":"Polygon","coordinates":[[[-51.896325996547496,-28.84897493994147],[-51.89634094777649,-28.847114889240725],[-51.89435268702687,-28.847100894890357],[-51.89433772140864,-28.848960946490372],[-51.896325996547496,-28.84897493994147]]]}},{"type":"Feature","properties":{"id_grade":"200ME52118N81328","pop":332,"dom":147,"universo_dom":"domicilios_ocupados_grade_ibge_2022","na_bacia":1,"area_pct_bacia":100.0,"metodo_recorte_bacia":"ponto_representativo_grade_2022; area_pct_geometrica","status_borda_bacia":"total","metodo_area_bacia":"interseção geométrica em EPSG:5880","metodo_na_bacia":"ponto_representativo_grade_2022_within_bacia","pop_n_validos":1,"pop_n_total":1,"pop_completude":1.0,"dom_n_validos":1,"dom_n_total":1,"dom_completude":1.0},"geometry":{"type":"Polygon","coordinates":[[[-51.89433772140864,-28.848960946490372],[-51.89435268702687,-28.847100894890357],[-51.89236442717652,-28.847086887949548],[-51.892349447169245,-28.848946938650275],[-51.89433772140864,-28.848960946490372]]]}},{"type":"Feature","properties":{"id_grade":"200ME52110N81330","pop":62,"dom":19,"universo_dom":"domicilios_ocupados_grade_ibge_2022","na_bacia":1,"area_pct_bacia":100.0,"metodo_recorte_bacia":"ponto_representativo_grade_2022; area_pct_geometrica","status_borda_bacia":"total","metodo_area_bacia":"interseção geométrica em EPSG:5880","metodo_na_bacia":"ponto_representativo_grade_2022_within_bacia","pop_n_validos":1,"pop_n_total":1,"pop_completude":1.0,"dom_n_validos":1,"dom_n_total":1,"dom_completude":1.0},"geometry":{"type":"Polygon","coordinates":[[[-51.902305730924695,-28.84715679045353],[-51.902320638986275,-28.845296757739106],[-51.900332392625785,-28.845282804757602],[-51.90031746927576,-28.847142836572573],[-51.902305730924695,-28.84715679045353]]]}},{"type":"Feature","properties":{"id_grade":"200ME52112N81330","pop":149,"dom":56,"universo_dom":"domicilios_ocupados_grade_ibge_2022","na_bacia":1,"area_pct_bacia":100.0,"metodo_recorte_bacia":"ponto_representativo_grade_2022; area_pct_geometrica","status_borda_bacia":"total","metodo_area_bacia":"interseção geométrica em EPSG:5880","metodo_na_bacia":"ponto_representativo_grade_2022_within_bacia","pop_n_validos":1,"pop_n_total":1,"pop_completude":1.0,"dom_n_validos":1,"dom_n_total":1,"dom_completude":1.0},"geometry":{"type":"Polygon","coordinates":[[[-51.90031746927576,-28.847142836572573],[-51.900332392625785,-28.845282804757602],[-51.89834414536597,-28.845268837386904],[-51.89832920852609,-28.847128869201935],[-51.90031746927576,-28.847142836572573]]]}},{"type":"Feature","properties":{"id_grade":"200ME52114N81330","pop":61,"dom":22,"universo_dom":"domicilios_ocupados_grade_ibge_2022","na_bacia":1,"area_pct_bacia":100.0,"metodo_recorte_bacia":"ponto_representativo_grade_2022; area_pct_geometrica","status_borda_bacia":"total","metodo_area_bacia":"interseção geométrica em EPSG:5880","metodo_na_bacia":"ponto_representativo_grade_2022_within_bacia","pop_n_validos":1,"pop_n_total":1,"pop_completude":1.0,"dom_n_validos":1,"dom_n_total":1,"dom_completude":1.0},"geometry":{"type":"Polygon","coordinates":[[[-51.89832920852609,-28.847128869201935],[-51.89834414536597,-28.845268837386904],[-51.89635589900547,-28.845254857425665],[-51.89634094777649,-28.847114889240725],[-51.89832920852609,-28.847128869201935]]]}},{"type":"Feature","properties":{"id_grade":"200ME52116N81330","pop":149,"dom":62,"universo_dom":"domicilios_ocupados_grade_ibge_2022","na_bacia":1,"area_pct_bacia":100.0,"metodo_recorte_bacia":"ponto_representativo_grade_2022; area_pct_geometrica","status_borda_bacia":"total","metodo_area_bacia":"interseção geométrica em EPSG:5880","metodo_na_bacia":"ponto_representativo_grade_2022_within_bacia","pop_n_validos":1,"pop_n_total":1,"pop_completude":1.0,"dom_n_validos":1,"dom_n_total":1,"dom_completude":1.0},"geometry":{"type":"Polygon","coordinates":[[[-51.89634094777649,-28.847114889240725],[-51.89635589900547,-28.845254857425665],[-51.89436765264503,-28.845240863974638],[-51.89435268702687,-28.847100894890357],[-51.89634094777649,-28.847114889240725]]]}},{"type":"Feature","properties":{"id_grade":"200ME52118N81330","pop":298,"dom":139,"universo_dom":"domicilios_ocupados_grade_ibge_2022","na_bacia":1,"area_pct_bacia":100.0,"metodo_recorte_bacia":"ponto_representativo_grade_2022; area_pct_geometrica","status_borda_bacia":"total","metodo_area_bacia":"interseção geométrica em EPSG:5880","metodo_na_bacia":"ponto_representativo_grade_2022_within_bacia","pop_n_validos":1,"pop_n_total":1,"pop_completude":1.0,"dom_n_validos":1,"dom_n_total":1,"dom_completude":1.0},"geometry":{"type":"Polygon","coordinates":[[[-51.89435268702687,-28.847100894890357],[-51.89436765264503,-28.845240863974638],[-51.89237940628454,-28.845226857033843],[-51.89236442717652,-28.847086887949548],[-51.89435268702687,-28.847100894890357]]]}},{"type":"Feature","properties":{"id_grade":"200ME52110N81332","pop":116,"dom":44,"universo_dom":"domicilios_ocupados_grade_ibge_2022","na_bacia":1,"area_pct_bacia":100.0,"metodo_recorte_bacia":"ponto_representativo_grade_2022; area_pct_geometrica","status_borda_bacia":"total","metodo_area_bacia":"interseção geométrica em EPSG:5880","metodo_na_bacia":"ponto_representativo_grade_2022_within_bacia","pop_n_validos":1,"pop_n_total":1,"pop_completude":1.0,"dom_n_validos":1,"dom_n_total":1,"dom_completude":1.0},"geometry":{"type":"Polygon","coordinates":[[[-51.902320638986275,-28.845296757739106],[-51.90233554794713,-28.843436744809935],[-51.90034731507649,-28.843422791828363],[-51.900332392625785,-28.845282804757602],[-51.902320638986275,-28.845296757739106]]]}},{"type":"Feature","properties":{"id_grade":"200ME52112N81332","pop":202,"dom":80,"universo_dom":"domicilios_ocupados_grade_ibge_2022","na_bacia":1,"area_pct_bacia":100.0,"metodo_recorte_bacia":"ponto_representativo_grade_2022; area_pct_geometrica","status_borda_bacia":"total","metodo_area_bacia":"interseção geométrica em EPSG:5880","metodo_na_bacia":"ponto_representativo_grade_2022_within_bacia","pop_n_validos":1,"pop_n_total":1,"pop_completude":1.0,"dom_n_validos":1,"dom_n_total":1,"dom_completude":1.0},"geometry":{"type":"Polygon","coordinates":[[[-51.900332392625785,-28.845282804757602],[-51.90034731507649,-28.843422791828363],[-51.89835908220585,-28.843408824457647],[-51.89834414536597,-28.845268837386904],[-51.900332392625785,-28.845282804757602]]]}},{"type":"Feature","properties":{"id_grade":"200ME52114N81332","pop":119,"dom":42,"universo_dom":"domicilios_ocupados_grade_ibge_2022","na_bacia":1,"area_pct_bacia":100.0,"metodo_recorte_bacia":"ponto_representativo_grade_2022; area_pct_geometrica","status_borda_bacia":"total","metodo_area_bacia":"interseção geométrica em EPSG:5880","metodo_na_bacia":"ponto_representativo_grade_2022_within_bacia","pop_n_validos":1,"pop_n_total":1,"pop_completude":1.0,"dom_n_validos":1,"dom_n_total":1,"dom_completude":1.0},"geometry":{"type":"Polygon","coordinates":[[[-51.89834414536597,-28.845268837386904],[-51.89835908220585,-28.843408824457647],[-51.896370849335206,-28.843394844496462],[-51.89635589900547,-28.845254857425665],[-51.89834414536597,-28.845268837386904]]]}},{"type":"Feature","properties":{"id_grade":"200ME52116N81332","pop":158,"dom":64,"universo_dom":"domicilios_ocupados_grade_ibge_2022","na_bacia":1,"area_pct_bacia":100.0,"metodo_recorte_bacia":"ponto_representativo_grade_2022; area_pct_geometrica","status_borda_bacia":"total","metodo_area_bacia":"interseção geométrica em EPSG:5880","metodo_na_bacia":"ponto_representativo_grade_2022_within_bacia","pop_n_validos":1,"pop_n_total":1,"pop_completude":1.0,"dom_n_validos":1,"dom_n_total":1,"dom_completude":1.0},"geometry":{"type":"Polygon","coordinates":[[[-51.89635589900547,-28.845254857425665],[-51.896370849335206,-28.843394844496462],[-51.89438261736388,-28.84338085194479],[-51.89436765264503,-28.845240863974638],[-51.89635589900547,-28.845254857425665]]]}},{"type":"Feature","properties":{"id_grade":"200ME52118N81332","pop":110,"dom":53,"universo_dom":"domicilios_ocupados_grade_ibge_2022","na_bacia":1,"area_pct_bacia":100.0,"metodo_recorte_bacia":"ponto_representativo_grade_2022; area_pct_geometrica","status_borda_bacia":"total","metodo_area_bacia":"interseção geométrica em EPSG:5880","metodo_na_bacia":"ponto_representativo_grade_2022_within_bacia","pop_n_validos":1,"pop_n_total":1,"pop_completude":1.0,"dom_n_validos":1,"dom_n_total":1,"dom_completude":1.0},"geometry":{"type":"Polygon","coordinates":[[[-51.89436765264503,-28.845240863974638],[-51.89438261736388,-28.84338085194479],[-51.89239438539255,-28.843366845003814],[-51.89237940628454,-28.845226857033843],[-51.89436765264503,-28.845240863974638]]]}},{"type":"Feature","properties":{"id_grade":"200ME52110N81334","pop":137,"dom":49,"universo_dom":"domicilios_ocupados_grade_ibge_2022","na_bacia":1,"area_pct_bacia":100.0,"metodo_recorte_bacia":"ponto_representativo_grade_2022; area_pct_geometrica","status_borda_bacia":"total","metodo_area_bacia":"interseção geométrica em EPSG:5880","metodo_na_bacia":"ponto_representativo_grade_2022_within_bacia","pop_n_validos":1,"pop_n_total":1,"pop_completude":1.0,"dom_n_validos":1,"dom_n_total":1,"dom_completude":1.0},"geometry":{"type":"Polygon","coordinates":[[[-51.90233554794713,-28.843436744809935],[-51.90235045600872,-28.84157675166575],[-51.90036223752719,-28.841562797784846],[-51.90034731507649,-28.843422791828363],[-51.90233554794713,-28.843436744809935]]]}},{"type":"Feature","properties":{"id_grade":"200ME52112N81334","pop":171,"dom":54,"universo_dom":"domicilios_ocupados_grade_ibge_2022","na_bacia":1,"area_pct_bacia":100.0,"metodo_recorte_bacia":"ponto_representativo_grade_2022; area_pct_geometrica","status_borda_bacia":"total","metodo_area_bacia":"interseção geométrica em EPSG:5880","metodo_na_bacia":"ponto_representativo_grade_2022_within_bacia","pop_n_validos":1,"pop_n_total":1,"pop_completude":1.0,"dom_n_validos":1,"dom_n_total":1,"dom_completude":1.0},"geometry":{"type":"Polygon","coordinates":[[[-51.90034731507649,-28.843422791828363],[-51.90036223752719,-28.841562797784846],[-51.89837401904572,-28.841548831313442],[-51.89835908220585,-28.843408824457647],[-51.90034731507649,-28.843422791828363]]]}},{"type":"Feature","properties":{"id_grade":"200ME52114N81334","pop":134,"dom":52,"universo_dom":"domicilios_ocupados_grade_ibge_2022","na_bacia":1,"area_pct_bacia":100.0,"metodo_recorte_bacia":"ponto_representativo_grade_2022; area_pct_geometrica","status_borda_bacia":"total","metodo_area_bacia":"interseção geométrica em EPSG:5880","metodo_na_bacia":"ponto_representativo_grade_2022_within_bacia","pop_n_validos":1,"pop_n_total":1,"pop_completude":1.0,"dom_n_validos":1,"dom_n_total":1,"dom_completude":1.0},"geometry":{"type":"Polygon","coordinates":[[[-51.89835908220585,-28.843408824457647],[-51.89837401904572,-28.841548831313442],[-51.89638580056419,-28.84153485225162],[-51.896370849335206,-28.843394844496462],[-51.89835908220585,-28.843408824457647]]]}},{"type":"Feature","properties":{"id_grade":"200ME52116N81334","pop":167,"dom":63,"universo_dom":"domicilios_ocupados_grade_ibge_2022","na_bacia":1,"area_pct_bacia":100.0,"metodo_recorte_bacia":"ponto_representativo_grade_2022; area_pct_geometrica","status_borda_bacia":"total","metodo_area_bacia":"interseção geométrica em EPSG:5880","metodo_na_bacia":"ponto_representativo_grade_2022_within_bacia","pop_n_validos":1,"pop_n_total":1,"pop_completude":1.0,"dom_n_validos":1,"dom_n_total":1,"dom_completude":1.0},"geometry":{"type":"Polygon","coordinates":[[[-51.896370849335206,-28.843394844496462],[-51.89638580056419,-28.84153485225162],[-51.89439758208272,-28.84152085880055],[-51.89438261736388,-28.84338085194479],[-51.896370849335206,-28.843394844496462]]]}},{"type":"Feature","properties":{"id_grade":"200ME52118N81334","pop":194,"dom":80,"universo_dom":"domicilios_ocupados_grade_ibge_2022","na_bacia":1,"area_pct_bacia":100.0,"metodo_recorte_bacia":"ponto_representativo_grade_2022; area_pct_geometrica","status_borda_bacia":"total","metodo_area_bacia":"interseção geométrica em EPSG:5880","metodo_na_bacia":"ponto_representativo_grade_2022_within_bacia","pop_n_validos":1,"pop_n_total":1,"pop_completude":1.0,"dom_n_validos":1,"dom_n_total":1,"dom_completude":1.0},"geometry":{"type":"Polygon","coordinates":[[[-51.89438261736388,-28.84338085194479],[-51.89439758208272,-28.84152085880055],[-51.89240936450051,-28.84150685275893],[-51.89239438539255,-28.843366845003814],[-51.89438261736388,-28.84338085194479]]]}},{"type":"Feature","properties":{"id_grade":"200ME52110N81336","pop":173,"dom":58,"universo_dom":"domicilios_ocupados_grade_ibge_2022","na_bacia":1,"area_pct_bacia":100.0,"metodo_recorte_bacia":"ponto_representativo_grade_2022; area_pct_geometrica","status_borda_bacia":"total","metodo_area_bacia":"interseção geométrica em EPSG:5880","metodo_na_bacia":"ponto_representativo_grade_2022_within_bacia","pop_n_validos":1,"pop_n_total":1,"pop_completude":1.0,"dom_n_validos":1,"dom_n_total":1,"dom_completude":1.0},"geometry":{"type":"Polygon","coordinates":[[[-51.90235045600872,-28.84157675166575],[-51.90236536407025,-28.839716776507956],[-51.900377159078566,-28.839702823526466],[-51.90036223752719,-28.841562797784846],[-51.90235045600872,-28.84157675166575]]]}},{"type":"Feature","properties":{"id_grade":"200ME52112N81336","pop":132,"dom":46,"universo_dom":"domicilios_ocupados_grade_ibge_2022","na_bacia":1,"area_pct_bacia":100.0,"metodo_recorte_bacia":"ponto_representativo_grade_2022; area_pct_geometrica","status_borda_bacia":"total","metodo_area_bacia":"interseção geométrica em EPSG:5880","metodo_na_bacia":"ponto_representativo_grade_2022_within_bacia","pop_n_validos":1,"pop_n_total":1,"pop_completude":1.0,"dom_n_validos":1,"dom_n_total":1,"dom_completude":1.0},"geometry":{"type":"Polygon","coordinates":[[[-51.90036223752719,-28.841562797784846],[-51.900377159078566,-28.839702823526466],[-51.89838895498622,-28.839688857954453],[-51.89837401904572,-28.841548831313442],[-51.90036223752719,-28.841562797784846]]]}},{"type":"Feature","properties":{"id_grade":"200ME52114N81336","pop":119,"dom":43,"universo_dom":"domicilios_ocupados_grade_ibge_2022","na_bacia":1,"area_pct_bacia":100.0,"metodo_recorte_bacia":"ponto_representativo_grade_2022; area_pct_geometrica","status_borda_bacia":"total","metodo_area_bacia":"interseção geométrica em EPSG:5880","metodo_na_bacia":"ponto_representativo_grade_2022_within_bacia","pop_n_validos":1,"pop_n_total":1,"pop_completude":1.0,"dom_n_validos":1,"dom_n_total":1,"dom_completude":1.0},"geometry":{"type":"Polygon","coordinates":[[[-51.89837401904572,-28.841548831313442],[-51.89838895498622,-28.839688857954453],[-51.89640075089392,-28.839674877993126],[-51.89638580056419,-28.84153485225162],[-51.89837401904572,-28.841548831313442]]]}},{"type":"Feature","properties":{"id_grade":"200ME52116N81336","pop":160,"dom":61,"universo_dom":"domicilios_ocupados_grade_ibge_2022","na_bacia":1,"area_pct_bacia":100.0,"metodo_recorte_bacia":"ponto_representativo_grade_2022; area_pct_geometrica","status_borda_bacia":"total","metodo_area_bacia":"interseção geométrica em EPSG:5880","metodo_na_bacia":"ponto_representativo_grade_2022_within_bacia","pop_n_validos":1,"pop_n_total":1,"pop_completude":1.0,"dom_n_validos":1,"dom_n_total":1,"dom_completude":1.0},"geometry":{"type":"Polygon","coordinates":[[[-51.89638580056419,-28.84153485225162],[-51.89640075089392,-28.839674877993126],[-51.89441254680156,-28.839660885441447],[-51.89439758208272,-28.84152085880055],[-51.89638580056419,-28.84153485225162]]]}},{"type":"Feature","properties":{"id_grade":"200ME52118N81336","pop":138,"dom":53,"universo_dom":"domicilios_ocupados_grade_ibge_2022","na_bacia":1,"area_pct_bacia":100.0,"metodo_recorte_bacia":"ponto_representativo_grade_2022; area_pct_geometrica","status_borda_bacia":"total","metodo_area_bacia":"interseção geométrica em EPSG:5880","metodo_na_bacia":"ponto_representativo_grade_2022_within_bacia","pop_n_validos":1,"pop_n_total":1,"pop_completude":1.0,"dom_n_validos":1,"dom_n_total":1,"dom_completude":1.0},"geometry":{"type":"Polygon","coordinates":[[[-51.89439758208272,-28.84152085880055],[-51.89441254680156,-28.839660885441447],[-51.892424342709205,-28.83964687939997],[-51.89240936450051,-28.84150685275893],[-51.89439758208272,-28.84152085880055]]]}},{"type":"Feature","properties":{"id_grade":"200ME52110N81338","pop":87,"dom":33,"universo_dom":"domicilios_ocupados_grade_ibge_2022","na_bacia":1,"area_pct_bacia":100.0,"metodo_recorte_bacia":"ponto_representativo_grade_2022; area_pct_geometrica","status_borda_bacia":"total","metodo_area_bacia":"interseção geométrica em EPSG:5880","metodo_na_bacia":"ponto_representativo_grade_2022_within_bacia","pop_n_validos":1,"pop_n_total":1,"pop_completude":1.0,"dom_n_validos":1,"dom_n_total":1,"dom_completude":1.0},"geometry":{"type":"Polygon","coordinates":[[[-51.90236536407025,-28.839716776507956],[-51.90238027213183,-28.83785682203474],[-51.900392081529276,-28.837842869053105],[-51.900377159078566,-28.839702823526466],[-51.90236536407025,-28.839716776507956]]]}},{"type":"Feature","properties":{"id_grade":"200ME52112N81338","pop":69,"dom":25,"universo_dom":"domicilios_ocupados_grade_ibge_2022","na_bacia":1,"area_pct_bacia":100.0,"metodo_recorte_bacia":"ponto_representativo_grade_2022; area_pct_geometrica","status_borda_bacia":"total","metodo_area_bacia":"interseção geométrica em EPSG:5880","metodo_na_bacia":"ponto_representativo_grade_2022_within_bacia","pop_n_validos":1,"pop_n_total":1,"pop_completude":1.0,"dom_n_validos":1,"dom_n_total":1,"dom_completude":1.0},"geometry":{"type":"Polygon","coordinates":[[[-51.900377159078566,-28.839702823526466],[-51.900392081529276,-28.837842869053105],[-51.89840389092678,-28.837828903481064],[-51.89838895498622,-28.839688857954453],[-51.900377159078566,-28.839702823526466]]]}},{"type":"Feature","properties":{"id_grade":"200ME52114N81338","pop":106,"dom":41,"universo_dom":"domicilios_ocupados_grade_ibge_2022","na_bacia":1,"area_pct_bacia":100.0,"metodo_recorte_bacia":"ponto_representativo_grade_2022; area_pct_geometrica","status_borda_bacia":"total","metodo_area_bacia":"interseção geométrica em EPSG:5880","metodo_na_bacia":"ponto_representativo_grade_2022_within_bacia","pop_n_validos":1,"pop_n_total":1,"pop_completude":1.0,"dom_n_validos":1,"dom_n_total":1,"dom_completude":1.0},"geometry":{"type":"Polygon","coordinates":[[[-51.89838895498622,-28.839688857954453],[-51.89840389092678,-28.837828903481064],[-51.89641570122359,-28.83781492351989],[-51.89640075089392,-28.839674877993126],[-51.89838895498622,-28.839688857954453]]]}},{"type":"Feature","properties":{"id_grade":"200ME52116N81338","pop":124,"dom":54,"universo_dom":"domicilios_ocupados_grade_ibge_2022","na_bacia":1,"area_pct_bacia":100.0,"metodo_recorte_bacia":"ponto_representativo_grade_2022; area_pct_geometrica","status_borda_bacia":"total","metodo_area_bacia":"interseção geométrica em EPSG:5880","metodo_na_bacia":"ponto_representativo_grade_2022_within_bacia","pop_n_validos":1,"pop_n_total":1,"pop_completude":1.0,"dom_n_validos":1,"dom_n_total":1,"dom_completude":1.0},"geometry":{"type":"Polygon","coordinates":[[[-51.89640075089392,-28.839674877993126],[-51.89641570122359,-28.83781492351989],[-51.894427511520405,-28.837800931867474],[-51.89441254680156,-28.839660885441447],[-51.89640075089392,-28.839674877993126]]]}},{"type":"Feature","properties":{"id_grade":"200ME52118N81338","pop":94,"dom":34,"universo_dom":"domicilios_ocupados_grade_ibge_2022","na_bacia":1,"area_pct_bacia":100.0,"metodo_recorte_bacia":"ponto_representativo_grade_2022; area_pct_geometrica","status_borda_bacia":"total","metodo_area_bacia":"interseção geométrica em EPSG:5880","metodo_na_bacia":"ponto_representativo_grade_2022_within_bacia","pop_n_validos":1,"pop_n_total":1,"pop_completude":1.0,"dom_n_validos":1,"dom_n_total":1,"dom_completude":1.0},"geometry":{"type":"Polygon","coordinates":[[[-51.89441254680156,-28.839660885441447],[-51.894427511520405,-28.837800931867474],[-51.89243932181723,-28.83778692582586],[-51.892424342709205,-28.83964687939997],[-51.89441254680156,-28.839660885441447]]]}},{"type":"Feature","properties":{"id_grade":"200ME52110N81340","pop":6,"dom":2,"universo_dom":"domicilios_ocupados_grade_ibge_2022","na_bacia":1,"area_pct_bacia":100.0,"metodo_recorte_bacia":"ponto_representativo_grade_2022; area_pct_geometrica","status_borda_bacia":"total","metodo_area_bacia":"interseção geométrica em EPSG:5880","metodo_na_bacia":"ponto_representativo_grade_2022_within_bacia","pop_n_validos":1,"pop_n_total":1,"pop_completude":1.0,"dom_n_validos":1,"dom_n_total":1,"dom_completude":1.0},"geometry":{"type":"Polygon","coordinates":[[[-51.90238027213183,-28.83785682203474],[-51.902395179294054,-28.835996886447102],[-51.90040700308066,-28.835982933465537],[-51.900392081529276,-28.837842869053105],[-51.90238027213183,-28.83785682203474]]]}},{"type":"Feature","properties":{"id_grade":"200ME52112N81340","pop":14,"dom":4,"universo_dom":"domicilios_ocupados_grade_ibge_2022","na_bacia":1,"area_pct_bacia":100.0,"metodo_recorte_bacia":"ponto_representativo_grade_2022; area_pct_geometrica","status_borda_bacia":"total","metodo_area_bacia":"interseção geométrica em EPSG:5880","metodo_na_bacia":"ponto_representativo_grade_2022_within_bacia","pop_n_validos":1,"pop_n_total":1,"pop_completude":1.0,"dom_n_validos":1,"dom_n_total":1,"dom_completude":1.0},"geometry":{"type":"Polygon","coordinates":[[[-51.900392081529276,-28.837842869053105],[-51.90040700308066,-28.835982933465537],[-51.89841882686733,-28.835968967893486],[-51.89840389092678,-28.837828903481064],[-51.900392081529276,-28.837842869053105]]]}},{"type":"Feature","properties":{"id_grade":"200ME52114N81340","pop":37,"dom":14,"universo_dom":"domicilios_ocupados_grade_ibge_2022","na_bacia":1,"area_pct_bacia":100.0,"metodo_recorte_bacia":"ponto_representativo_grade_2022; area_pct_geometrica","status_borda_bacia":"total","metodo_area_bacia":"interseção geométrica em EPSG:5880","metodo_na_bacia":"ponto_representativo_grade_2022_within_bacia","pop_n_validos":1,"pop_n_total":1,"pop_completude":1.0,"dom_n_validos":1,"dom_n_total":1,"dom_completude":1.0},"geometry":{"type":"Polygon","coordinates":[[[-51.89840389092678,-28.837828903481064],[-51.89841882686733,-28.835968967893486],[-51.89643065065393,-28.835954988831652],[-51.89641570122359,-28.83781492351989],[-51.89840389092678,-28.837828903481064]]]}},{"type":"Feature","properties":{"id_grade":"200ME52116N81340","pop":84,"dom":36,"universo_dom":"domicilios_ocupados_grade_ibge_2022","na_bacia":1,"area_pct_bacia":100.0,"metodo_recorte_bacia":"ponto_representativo_grade_2022; area_pct_geometrica","status_borda_bacia":"total","metodo_area_bacia":"interseção geométrica em EPSG:5880","metodo_na_bacia":"ponto_representativo_grade_2022_within_bacia","pop_n_validos":1,"pop_n_total":1,"pop_completude":1.0,"dom_n_validos":1,"dom_n_total":1,"dom_completude":1.0},"geometry":{"type":"Polygon","coordinates":[[[-51.89641570122359,-28.83781492351989],[-51.89643065065393,-28.835954988831652],[-51.89444247533993,-28.835940997179268],[-51.894427511520405,-28.837800931867474],[-51.89641570122359,-28.83781492351989]]]}},{"type":"Feature","properties":{"id_grade":"200ME52118N81340","pop":25,"dom":13,"universo_dom":"domicilios_ocupados_grade_ibge_2022","na_bacia":1,"area_pct_bacia":100.0,"metodo_recorte_bacia":"ponto_representativo_grade_2022; area_pct_geometrica","status_borda_bacia":"total","metodo_area_bacia":"interseção geométrica em EPSG:5880","metodo_na_bacia":"ponto_representativo_grade_2022_within_bacia","pop_n_validos":1,"pop_n_total":1,"pop_completude":1.0,"dom_n_validos":1,"dom_n_total":1,"dom_completude":1.0},"geometry":{"type":"Polygon","coordinates":[[[-51.894427511520405,-28.837800931867474],[-51.89444247533993,-28.835940997179268],[-51.89245430002587,-28.83592699113771],[-51.89243932181723,-28.83778692582586],[-51.894427511520405,-28.837800931867474]]]}},{"type":"Feature","properties":{"id_grade":"200ME52110N81342","pop":4,"dom":1,"universo_dom":"domicilios_ocupados_grade_ibge_2022","na_bacia":1,"area_pct_bacia":100.0,"metodo_recorte_bacia":"ponto_representativo_grade_2022; area_pct_geometrica","status_borda_bacia":"total","metodo_area_bacia":"interseção geométrica em EPSG:5880","metodo_na_bacia":"ponto_representativo_grade_2022_within_bacia","pop_n_validos":1,"pop_n_total":1,"pop_completude":1.0,"dom_n_validos":1,"dom_n_total":1,"dom_completude":1.0},"geometry":{"type":"Polygon","coordinates":[[[-51.902395179294054,-28.835996886447102],[-51.90241008735563,-28.834136969745373],[-51.9004219246321,-28.83412301766313],[-51.90040700308066,-28.835982933465537],[-51.902395179294054,-28.835996886447102]]]}},{"type":"Feature","properties":{"id_grade":"200ME52112N81342","pop":2,"dom":1,"universo_dom":"domicilios_ocupados_grade_ibge_2022","na_bacia":1,"area_pct_bacia":100.0,"metodo_recorte_bacia":"ponto_representativo_grade_2022; area_pct_geometrica","status_borda_bacia":"total","metodo_area_bacia":"interseção geométrica em EPSG:5880","metodo_na_bacia":"ponto_representativo_grade_2022_within_bacia","pop_n_validos":1,"pop_n_total":1,"pop_completude":1.0,"dom_n_validos":1,"dom_n_total":1,"dom_completude":1.0},"geometry":{"type":"Polygon","coordinates":[[[-51.90040700308066,-28.835982933465537],[-51.9004219246321,-28.83412301766313],[-51.898433762807876,-28.83410905209098],[-51.89841882686733,-28.835968967893486],[-51.90040700308066,-28.835982933465537]]]}},{"type":"Feature","properties":{"id_grade":"200ME52114N81342","pop":16,"dom":8,"universo_dom":"domicilios_ocupados_grade_ibge_2022","na_bacia":1,"area_pct_bacia":100.0,"metodo_recorte_bacia":"ponto_representativo_grade_2022; area_pct_geometrica","status_borda_bacia":"total","metodo_area_bacia":"interseção geométrica em EPSG:5880","metodo_na_bacia":"ponto_representativo_grade_2022_within_bacia","pop_n_validos":1,"pop_n_total":1,"pop_completude":1.0,"dom_n_validos":1,"dom_n_total":1,"dom_completude":1.0},"geometry":{"type":"Polygon","coordinates":[[[-51.89841882686733,-28.835968967893486],[-51.898433762807876,-28.83410905209098],[-51.89644560098367,-28.834095073029207],[-51.89643065065393,-28.835954988831652],[-51.89841882686733,-28.835968967893486]]]}},{"type":"Feature","properties":{"id_grade":"200ME52116N81342","pop":55,"dom":23,"universo_dom":"domicilios_ocupados_grade_ibge_2022","na_bacia":1,"area_pct_bacia":100.0,"metodo_recorte_bacia":"ponto_representativo_grade_2022; area_pct_geometrica","status_borda_bacia":"total","metodo_area_bacia":"interseção geométrica em EPSG:5880","metodo_na_bacia":"ponto_representativo_grade_2022_within_bacia","pop_n_validos":1,"pop_n_total":1,"pop_completude":1.0,"dom_n_validos":1,"dom_n_total":1,"dom_completude":1.0},"geometry":{"type":"Polygon","coordinates":[[[-51.89643065065393,-28.835954988831652],[-51.89644560098367,-28.834095073029207],[-51.89445743915945,-28.83408108137678],[-51.89444247533993,-28.835940997179268],[-51.89643065065393,-28.835954988831652]]]}},{"type":"Feature","properties":{"id_grade":"200ME52114N81344","pop":8,"dom":2,"universo_dom":"domicilios_ocupados_grade_ibge_2022","na_bacia":1,"area_pct_bacia":100.0,"metodo_recorte_bacia":"ponto_representativo_grade_2022; area_pct_geometrica","status_borda_bacia":"total","metodo_area_bacia":"interseção geométrica em EPSG:5880","metodo_na_bacia":"ponto_representativo_grade_2022_within_bacia","pop_n_validos":1,"pop_n_total":1,"pop_completude":1.0,"dom_n_validos":1,"dom_n_total":1,"dom_completude":1.0},"geometry":{"type":"Polygon","coordinates":[[[-51.898433762807876,-28.83410905209098],[-51.89844869784906,-28.832249155174352],[-51.89646055041402,-28.83223517701171],[-51.89644560098367,-28.834095073029207],[-51.898433762807876,-28.83410905209098]]]}},{"type":"Feature","properties":{"id_grade":"200ME52116N81344","pop":34,"dom":14,"universo_dom":"domicilios_ocupados_grade_ibge_2022","na_bacia":1,"area_pct_bacia":100.0,"metodo_recorte_bacia":"ponto_representativo_grade_2022; area_pct_geometrica","status_borda_bacia":"total","metodo_area_bacia":"interseção geométrica em EPSG:5880","metodo_na_bacia":"ponto_representativo_grade_2022_within_bacia","pop_n_validos":1,"pop_n_total":1,"pop_completude":1.0,"dom_n_validos":1,"dom_n_total":1,"dom_completude":1.0},"geometry":{"type":"Polygon","coordinates":[[[-51.89644560098367,-28.834095073029207],[-51.89646055041402,-28.83223517701171],[-51.89447240297898,-28.83222118535936],[-51.89445743915945,-28.83408108137678],[-51.89644560098367,-28.834095073029207]]]}},{"type":"Feature","properties":{"id_grade":"200ME52118N81344","pop":3,"dom":1,"universo_dom":"domicilios_ocupados_grade_ibge_2022","na_bacia":1,"area_pct_bacia":100.0,"metodo_recorte_bacia":"ponto_representativo_grade_2022; area_pct_geometrica","status_borda_bacia":"total","metodo_area_bacia":"interseção geométrica em EPSG:5880","metodo_na_bacia":"ponto_representativo_grade_2022_within_bacia","pop_n_validos":1,"pop_n_total":1,"pop_completude":1.0,"dom_n_validos":1,"dom_n_total":1,"dom_completude":1.0},"geometry":{"type":"Polygon","coordinates":[[[-51.89445743915945,-28.83408108137678],[-51.89447240297898,-28.83222118535936],[-51.892484255543934,-28.832207180217186],[-51.89246927823455,-28.834067076234536],[-51.89445743915945,-28.83408108137678]]]}},{"type":"Feature","properties":{"id_grade":"200ME52116N81346","pop":25,"dom":8,"universo_dom":"domicilios_ocupados_grade_ibge_2022","na_bacia":1,"area_pct_bacia":100.0,"metodo_recorte_bacia":"ponto_representativo_grade_2022; area_pct_geometrica","status_borda_bacia":"total","metodo_area_bacia":"interseção geométrica em EPSG:5880","metodo_na_bacia":"ponto_representativo_grade_2022_within_bacia","pop_n_validos":1,"pop_n_total":1,"pop_completude":1.0,"dom_n_validos":1,"dom_n_total":1,"dom_completude":1.0},"geometry":{"type":"Polygon","coordinates":[[[-51.89646055041402,-28.83223517701171],[-51.89647549984443,-28.83037529988019],[-51.89448736679851,-28.83036130912708],[-51.89447240297898,-28.83222118535936],[-51.89646055041402,-28.83223517701171]]]}},{"type":"Feature","properties":{"id_grade":"200ME52110N81348","pop":27,"dom":8,"universo_dom":"domicilios_ocupados_grade_ibge_2022","na_bacia":1,"area_pct_bacia":100.0,"metodo_recorte_bacia":"ponto_representativo_grade_2022; area_pct_geometrica","status_borda_bacia":"total","metodo_area_bacia":"interseção geométrica em EPSG:5880","metodo_na_bacia":"ponto_representativo_grade_2022_within_bacia","pop_n_validos":1,"pop_n_total":1,"pop_completude":1.0,"dom_n_validos":1,"dom_n_total":1,"dom_completude":1.0},"geometry":{"type":"Polygon","coordinates":[[[-51.902439901680054,-28.830417194797615],[-51.902454807943,-28.828557336551768],[-51.90046668838692,-28.828543385368928],[-51.900451767734864,-28.830403243614743],[-51.902439901680054,-28.830417194797615]]]}},{"type":"Feature","properties":{"id_grade":"200ME52110N81350","pop":18,"dom":6,"universo_dom":"domicilios_ocupados_grade_ibge_2022","na_bacia":1,"area_pct_bacia":100.0,"metodo_recorte_bacia":"ponto_representativo_grade_2022; area_pct_geometrica","status_borda_bacia":"total","metodo_area_bacia":"interseção geométrica em EPSG:5880","metodo_na_bacia":"ponto_representativo_grade_2022_within_bacia","pop_n_validos":1,"pop_n_total":1,"pop_completude":1.0,"dom_n_validos":1,"dom_n_total":1,"dom_completude":1.0},"geometry":{"type":"Polygon","coordinates":[[[-51.902454807943,-28.828557336551768],[-51.90246971510521,-28.82669749809093],[-51.900481609039,-28.82668354690818],[-51.90046668838692,-28.828543385368928],[-51.902454807943,-28.828557336551768]]]}},{"type":"Feature","properties":{"id_grade":"200ME52112N81350","pop":10,"dom":2,"universo_dom":"domicilios_ocupados_grade_ibge_2022","na_bacia":1,"area_pct_bacia":100.0,"metodo_recorte_bacia":"ponto_representativo_grade_2022; area_pct_geometrica","status_borda_bacia":"total","metodo_area_bacia":"interseção geométrica em EPSG:5880","metodo_na_bacia":"ponto_representativo_grade_2022_within_bacia","pop_n_validos":1,"pop_n_total":1,"pop_completude":1.0,"dom_n_validos":1,"dom_n_total":1,"dom_completude":1.0},"geometry":{"type":"Polygon","coordinates":[[[-51.90046668838692,-28.828543385368928],[-51.900481609039,-28.82668354690818],[-51.89849350387209,-28.82666958223543],[-51.898478568830846,-28.828529420696178],[-51.90046668838692,-28.828543385368928]]]}},{"type":"Feature","properties":{"id_grade":"200ME52114N81350","pop":3,"dom":1,"universo_dom":"domicilios_ocupados_grade_ibge_2022","na_bacia":1,"area_pct_bacia":100.0,"metodo_recorte_bacia":"ponto_representativo_grade_2022; area_pct_geometrica","status_borda_bacia":"total","metodo_area_bacia":"interseção geométrica em EPSG:5880","metodo_na_bacia":"ponto_representativo_grade_2022_within_bacia","pop_n_validos":1,"pop_n_total":1,"pop_completude":1.0,"dom_n_validos":1,"dom_n_total":1,"dom_completude":1.0},"geometry":{"type":"Polygon","coordinates":[[[-51.898478568830846,-28.828529420696178],[-51.89849350387209,-28.82666958223543],[-51.896505397805804,-28.826655604072776],[-51.89649044927478,-28.8285154425336],[-51.898478568830846,-28.828529420696178]]]}},{"type":"Feature","properties":{"id_grade":"200ME52122N81292","pop":1,"dom":1,"universo_dom":"domicilios_ocupados_grade_ibge_2022","na_bacia":1,"area_pct_bacia":100.0,"metodo_recorte_bacia":"ponto_representativo_grade_2022; area_pct_geometrica","status_borda_bacia":"total","metodo_area_bacia":"interseção geométrica em EPSG:5880","metodo_na_bacia":"ponto_representativo_grade_2022_within_bacia","pop_n_validos":1,"pop_n_total":1,"pop_completude":1.0,"dom_n_validos":1,"dom_n_total":1,"dom_completude":1.0},"geometry":{"type":"Polygon","coordinates":[[[-51.8900912495115,-28.882417137640658],[-51.890106247505294,-28.880556738002976],[-51.88811773314683,-28.880542700485098],[-51.888102721663245,-28.88240309922362],[-51.8900912495115,-28.882417137640658]]]}},{"type":"Feature","properties":{"id_grade":"200ME52122N81296","pop":4,"dom":1,"universo_dom":"domicilios_ocupados_grade_ibge_2022","na_bacia":1,"area_pct_bacia":100.0,"metodo_recorte_bacia":"ponto_representativo_grade_2022; area_pct_geometrica","status_borda_bacia":"total","metodo_area_bacia":"interseção geométrica em EPSG:5880","metodo_na_bacia":"ponto_representativo_grade_2022_within_bacia","pop_n_validos":1,"pop_n_total":1,"pop_completude":1.0,"dom_n_validos":1,"dom_n_total":1,"dom_completude":1.0},"geometry":{"type":"Polygon","coordinates":[[[-51.8901212445997,-28.87869635815032],[-51.89013624169417,-28.87683599808281],[-51.888147756113995,-28.876821960565046],[-51.88813274463041,-28.878682320632585],[-51.8901212445997,-28.87869635815032]]]}},{"type":"Feature","properties":{"id_grade":"200ME52124N81296","pop":2,"dom":1,"universo_dom":"domicilios_ocupados_grade_ibge_2022","na_bacia":1,"area_pct_bacia":100.0,"metodo_recorte_bacia":"ponto_representativo_grade_2022; area_pct_geometrica","status_borda_bacia":"total","metodo_area_bacia":"interseção geométrica em EPSG:5880","metodo_na_bacia":"ponto_representativo_grade_2022_within_bacia","pop_n_validos":1,"pop_n_total":1,"pop_completude":1.0,"dom_n_validos":1,"dom_n_total":1,"dom_completude":1.0},"geometry":{"type":"Polygon","coordinates":[[[-51.88813274463041,-28.878682320632585],[-51.888147756113995,-28.876821960565046],[-51.88615926963456,-28.87680791045666],[-51.88614424466112,-28.878668270524187],[-51.88813274463041,-28.878682320632585]]]}},{"type":"Feature","properties":{"id_grade":"200ME52120N81298","pop":5,"dom":2,"universo_dom":"domicilios_ocupados_grade_ibge_2022","na_bacia":1,"area_pct_bacia":100.0,"metodo_recorte_bacia":"ponto_representativo_grade_2022; area_pct_geometrica","status_borda_bacia":"total","metodo_area_bacia":"interseção geométrica em EPSG:5880","metodo_na_bacia":"ponto_representativo_grade_2022_within_bacia","pop_n_validos":1,"pop_n_total":1,"pop_completude":1.0,"dom_n_validos":1,"dom_n_total":1,"dom_completude":1.0},"geometry":{"type":"Polygon","coordinates":[[[-51.8921247281736,-28.876850022110787],[-51.892139710878894,-28.874989680929016],[-51.890151238788576,-28.874975656901047],[-51.89013624169417,-28.87683599808281],[-51.8921247281736,-28.876850022110787]]]}},{"type":"Feature","properties":{"id_grade":"200ME52126N81306","pop":12,"dom":4,"universo_dom":"domicilios_ocupados_grade_ibge_2022","na_bacia":1,"area_pct_bacia":100.0,"metodo_recorte_bacia":"ponto_representativo_grade_2022; area_pct_geometrica","status_borda_bacia":"total","metodo_area_bacia":"interseção geométrica em EPSG:5880","metodo_na_bacia":"ponto_representativo_grade_2022_within_bacia","pop_n_validos":1,"pop_n_total":1,"pop_completude":1.0,"dom_n_validos":1,"dom_n_total":1,"dom_completude":1.0},"geometry":{"type":"Polygon","coordinates":[[[-51.88621936952825,-28.869366664439976],[-51.886234393602365,-28.867506401499245],[-51.884245979068616,-28.867492339699638],[-51.88423094060539,-28.869352601741035],[-51.88621936952825,-28.869366664439976]]]}},{"type":"Feature","properties":{"id_grade":"200ME52128N81306","pop":19,"dom":7,"universo_dom":"domicilios_ocupados_grade_ibge_2022","na_bacia":1,"area_pct_bacia":100.0,"metodo_recorte_bacia":"ponto_representativo_grade_2022; area_pct_geometrica","status_borda_bacia":"total","metodo_area_bacia":"interseção geométrica em EPSG:5880","metodo_na_bacia":"ponto_representativo_grade_2022_within_bacia","pop_n_validos":1,"pop_n_total":1,"pop_completude":1.0,"dom_n_validos":1,"dom_n_total":1,"dom_completude":1.0},"geometry":{"type":"Polygon","coordinates":[[[-51.88423094060539,-28.869352601741035],[-51.884245979068616,-28.867492339699638],[-51.88225756453494,-28.86747826351105],[-51.882242511682534,-28.86933852645179],[-51.88423094060539,-28.869352601741035]]]}},{"type":"Feature","properties":{"id_grade":"200ME52124N81308","pop":6,"dom":2,"universo_dom":"domicilios_ocupados_grade_ibge_2022","na_bacia":1,"area_pct_bacia":100.0,"metodo_recorte_bacia":"ponto_representativo_grade_2022; area_pct_geometrica","status_borda_bacia":"total","metodo_area_bacia":"interseção geométrica em EPSG:5880","metodo_na_bacia":"ponto_representativo_grade_2022_within_bacia","pop_n_validos":1,"pop_n_total":1,"pop_completude":1.0,"dom_n_validos":1,"dom_n_total":1,"dom_completude":1.0},"geometry":{"type":"Polygon","coordinates":[[[-51.88822280903537,-28.86752045070818],[-51.88823781872031,-28.86566020755249],[-51.886249417676424,-28.865646158343502],[-51.886234393602365,-28.867506401499245],[-51.88822280903537,-28.86752045070818]]]}},{"type":"Feature","properties":{"id_grade":"200ME52126N81308","pop":53,"dom":17,"universo_dom":"domicilios_ocupados_grade_ibge_2022","na_bacia":1,"area_pct_bacia":100.0,"metodo_recorte_bacia":"ponto_representativo_grade_2022; area_pct_geometrica","status_borda_bacia":"total","metodo_area_bacia":"interseção geométrica em EPSG:5880","metodo_na_bacia":"ponto_representativo_grade_2022_within_bacia","pop_n_validos":1,"pop_n_total":1,"pop_completude":1.0,"dom_n_validos":1,"dom_n_total":1,"dom_completude":1.0},"geometry":{"type":"Polygon","coordinates":[[[-51.886234393602365,-28.867506401499245],[-51.886249417676424,-28.865646158343502],[-51.8842610166326,-28.86563209564462],[-51.884245979068616,-28.867492339699638],[-51.886234393602365,-28.867506401499245]]]}},{"type":"Feature","properties":{"id_grade":"200ME52128N81308","pop":44,"dom":18,"universo_dom":"domicilios_ocupados_grade_ibge_2022","na_bacia":1,"area_pct_bacia":100.0,"metodo_recorte_bacia":"ponto_representativo_grade_2022; area_pct_geometrica","status_borda_bacia":"total","metodo_area_bacia":"interseção geométrica em EPSG:5880","metodo_na_bacia":"ponto_representativo_grade_2022_within_bacia","pop_n_validos":1,"pop_n_total":1,"pop_completude":1.0,"dom_n_validos":1,"dom_n_total":1,"dom_completude":1.0},"geometry":{"type":"Polygon","coordinates":[[[-51.884245979068616,-28.867492339699638],[-51.8842610166326,-28.86563209564462],[-51.882272616488024,-28.865618020355296],[-51.88225756453494,-28.86747826351105],[-51.884245979068616,-28.867492339699638]]]}},{"type":"Feature","properties":{"id_grade":"200ME52122N81310","pop":9,"dom":3,"universo_dom":"domicilios_ocupados_grade_ibge_2022","na_bacia":1,"area_pct_bacia":100.0,"metodo_recorte_bacia":"ponto_representativo_grade_2022; area_pct_geometrica","status_borda_bacia":"total","metodo_area_bacia":"interseção geométrica em EPSG:5880","metodo_na_bacia":"ponto_representativo_grade_2022_within_bacia","pop_n_validos":1,"pop_n_total":1,"pop_completude":1.0,"dom_n_validos":1,"dom_n_total":1,"dom_completude":1.0},"geometry":{"type":"Polygon","coordinates":[[[-51.8902262197642,-28.865674243271638],[-51.8902412159593,-28.863814018102385],[-51.88825282840525,-28.863799982383256],[-51.88823781872031,-28.86566020755249],[-51.8902262197642,-28.865674243271638]]]}},{"type":"Feature","properties":{"id_grade":"200ME52124N81310","pop":66,"dom":24,"universo_dom":"domicilios_ocupados_grade_ibge_2022","na_bacia":1,"area_pct_bacia":100.0,"metodo_recorte_bacia":"ponto_representativo_grade_2022; area_pct_geometrica","status_borda_bacia":"total","metodo_area_bacia":"interseção geométrica em EPSG:5880","metodo_na_bacia":"ponto_representativo_grade_2022_within_bacia","pop_n_validos":1,"pop_n_total":1,"pop_completude":1.0,"dom_n_validos":1,"dom_n_total":1,"dom_completude":1.0},"geometry":{"type":"Polygon","coordinates":[[[-51.88823781872031,-28.86566020755249],[-51.88825282840525,-28.863799982383256],[-51.88626444175054,-28.863785934073572],[-51.886249417676424,-28.865646158343502],[-51.88823781872031,-28.86566020755249]]]}},{"type":"Feature","properties":{"id_grade":"200ME52126N81310","pop":121,"dom":48,"universo_dom":"domicilios_ocupados_grade_ibge_2022","na_bacia":1,"area_pct_bacia":100.0,"metodo_recorte_bacia":"ponto_representativo_grade_2022; area_pct_geometrica","status_borda_bacia":"total","metodo_area_bacia":"interseção geométrica em EPSG:5880","metodo_na_bacia":"ponto_representativo_grade_2022_within_bacia","pop_n_validos":1,"pop_n_total":1,"pop_completude":1.0,"dom_n_validos":1,"dom_n_total":1,"dom_completude":1.0},"geometry":{"type":"Polygon","coordinates":[[[-51.886249417676424,-28.865646158343502],[-51.88626444175054,-28.863785934073572],[-51.88427605509582,-28.863771872273972],[-51.8842610166326,-28.86563209564462],[-51.886249417676424,-28.865646158343502]]]}},{"type":"Feature","properties":{"id_grade":"200ME52128N81310","pop":20,"dom":7,"universo_dom":"domicilios_ocupados_grade_ibge_2022","na_bacia":1,"area_pct_bacia":100.0,"metodo_recorte_bacia":"ponto_representativo_grade_2022; area_pct_geometrica","status_borda_bacia":"total","metodo_area_bacia":"interseção geométrica em EPSG:5880","metodo_na_bacia":"ponto_representativo_grade_2022_within_bacia","pop_n_validos":1,"pop_n_total":1,"pop_completude":1.0,"dom_n_validos":1,"dom_n_total":1,"dom_completude":1.0},"geometry":{"type":"Polygon","coordinates":[[[-51.8842610166326,-28.86563209564462],[-51.88427605509582,-28.863771872273972],[-51.88228766844111,-28.86375779698474],[-51.882272616488024,-28.865618020355296],[-51.8842610166326,-28.86563209564462]]]}},{"type":"Feature","properties":{"id_grade":"200ME52122N81312","pop":41,"dom":15,"universo_dom":"domicilios_ocupados_grade_ibge_2022","na_bacia":1,"area_pct_bacia":100.0,"metodo_recorte_bacia":"ponto_representativo_grade_2022; area_pct_geometrica","status_borda_bacia":"total","metodo_area_bacia":"interseção geométrica em EPSG:5880","metodo_na_bacia":"ponto_representativo_grade_2022_within_bacia","pop_n_validos":1,"pop_n_total":1,"pop_completude":1.0,"dom_n_validos":1,"dom_n_total":1,"dom_completude":1.0},"geometry":{"type":"Polygon","coordinates":[[[-51.8902412159593,-28.863814018102385],[-51.89025621125512,-28.86195381271823],[-51.8882678380902,-28.861939777898385],[-51.88825282840525,-28.863799982383256],[-51.8902412159593,-28.863814018102385]]]}},{"type":"Feature","properties":{"id_grade":"200ME52124N81312","pop":149,"dom":47,"universo_dom":"domicilios_ocupados_grade_ibge_2022","na_bacia":1,"area_pct_bacia":100.0,"metodo_recorte_bacia":"ponto_representativo_grade_2022; area_pct_geometrica","status_borda_bacia":"total","metodo_area_bacia":"interseção geométrica em EPSG:5880","metodo_na_bacia":"ponto_representativo_grade_2022_within_bacia","pop_n_validos":1,"pop_n_total":1,"pop_completude":1.0,"dom_n_validos":1,"dom_n_total":1,"dom_completude":1.0},"geometry":{"type":"Polygon","coordinates":[[[-51.88825282840525,-28.863799982383256],[-51.8882678380902,-28.861939777898385],[-51.88627946582466,-28.861925729588744],[-51.88626444175054,-28.863785934073572],[-51.88825282840525,-28.863799982383256]]]}},{"type":"Feature","properties":{"id_grade":"200ME52126N81312","pop":160,"dom":57,"universo_dom":"domicilios_ocupados_grade_ibge_2022","na_bacia":1,"area_pct_bacia":100.0,"metodo_recorte_bacia":"ponto_representativo_grade_2022; area_pct_geometrica","status_borda_bacia":"total","metodo_area_bacia":"interseção geométrica em EPSG:5880","metodo_na_bacia":"ponto_representativo_grade_2022_within_bacia","pop_n_validos":1,"pop_n_total":1,"pop_completude":1.0,"dom_n_validos":1,"dom_n_total":1,"dom_completude":1.0},"geometry":{"type":"Polygon","coordinates":[[[-51.88626444175054,-28.863785934073572],[-51.88627946582466,-28.861925729588744],[-51.88429109265974,-28.861911667789194],[-51.88427605509582,-28.863771872273972],[-51.88626444175054,-28.863785934073572]]]}},{"type":"Feature","properties":{"id_grade":"200ME52128N81312","pop":27,"dom":10,"universo_dom":"domicilios_ocupados_grade_ibge_2022","na_bacia":1,"area_pct_bacia":100.0,"metodo_recorte_bacia":"ponto_representativo_grade_2022; area_pct_geometrica","status_borda_bacia":"total","metodo_area_bacia":"interseção geométrica em EPSG:5880","metodo_na_bacia":"ponto_representativo_grade_2022_within_bacia","pop_n_validos":1,"pop_n_total":1,"pop_completude":1.0,"dom_n_validos":1,"dom_n_total":1,"dom_completude":1.0},"geometry":{"type":"Polygon","coordinates":[[[-51.88427605509582,-28.863771872273972],[-51.88429109265974,-28.861911667789194],[-51.8823027203942,-28.86189759249987],[-51.88228766844111,-28.86375779698474],[-51.88427605509582,-28.863771872273972]]]}},{"type":"Feature","properties":{"id_grade":"200ME52122N81314","pop":83,"dom":28,"universo_dom":"domicilios_ocupados_grade_ibge_2022","na_bacia":1,"area_pct_bacia":100.0,"metodo_recorte_bacia":"ponto_representativo_grade_2022; area_pct_geometrica","status_borda_bacia":"total","metodo_area_bacia":"interseção geométrica em EPSG:5880","metodo_na_bacia":"ponto_representativo_grade_2022_within_bacia","pop_n_validos":1,"pop_n_total":1,"pop_completude":1.0,"dom_n_validos":1,"dom_n_total":1,"dom_completude":1.0},"geometry":{"type":"Polygon","coordinates":[[[-51.89025621125512,-28.86195381271823],[-51.89027120655089,-28.860093627119124],[-51.88828284777514,-28.860079592299286],[-51.8882678380902,-28.861939777898385],[-51.89025621125512,-28.86195381271823]]]}},{"type":"Feature","properties":{"id_grade":"200ME52124N81314","pop":157,"dom":57,"universo_dom":"domicilios_ocupados_grade_ibge_2022","na_bacia":1,"area_pct_bacia":100.0,"metodo_recorte_bacia":"ponto_representativo_grade_2022; area_pct_geometrica","status_borda_bacia":"total","metodo_area_bacia":"interseção geométrica em EPSG:5880","metodo_na_bacia":"ponto_representativo_grade_2022_within_bacia","pop_n_validos":1,"pop_n_total":1,"pop_completude":1.0,"dom_n_validos":1,"dom_n_total":1,"dom_completude":1.0},"geometry":{"type":"Polygon","coordinates":[[[-51.8882678380902,-28.861939777898385],[-51.88828284777514,-28.860079592299286],[-51.886294488999454,-28.860065543989613],[-51.88627946582466,-28.861925729588744],[-51.8882678380902,-28.861939777898385]]]}},{"type":"Feature","properties":{"id_grade":"200ME52126N81314","pop":55,"dom":21,"universo_dom":"domicilios_ocupados_grade_ibge_2022","na_bacia":1,"area_pct_bacia":100.0,"metodo_recorte_bacia":"ponto_representativo_grade_2022; area_pct_geometrica","status_borda_bacia":"total","metodo_area_bacia":"interseção geométrica em EPSG:5880","metodo_na_bacia":"ponto_representativo_grade_2022_within_bacia","pop_n_validos":1,"pop_n_total":1,"pop_completude":1.0,"dom_n_validos":1,"dom_n_total":1,"dom_completude":1.0},"geometry":{"type":"Polygon","coordinates":[[[-51.88627946582466,-28.861925729588744],[-51.886294488999454,-28.860065543989613],[-51.884306130223706,-28.86005148219007],[-51.88429109265974,-28.861911667789194],[-51.88627946582466,-28.861925729588744]]]}},{"type":"Feature","properties":{"id_grade":"200ME52128N81314","pop":3,"dom":1,"universo_dom":"domicilios_ocupados_grade_ibge_2022","na_bacia":1,"area_pct_bacia":100.0,"metodo_recorte_bacia":"ponto_representativo_grade_2022; area_pct_geometrica","status_borda_bacia":"total","metodo_area_bacia":"interseção geométrica em EPSG:5880","metodo_na_bacia":"ponto_representativo_grade_2022_within_bacia","pop_n_validos":1,"pop_n_total":1,"pop_completude":1.0,"dom_n_validos":1,"dom_n_total":1,"dom_completude":1.0},"geometry":{"type":"Polygon","coordinates":[[[-51.88429109265974,-28.861911667789194],[-51.884306130223706,-28.86005148219007],[-51.88231777234728,-28.860037407800032],[-51.8823027203942,-28.86189759249987],[-51.88429109265974,-28.861911667789194]]]}},{"type":"Feature","properties":{"id_grade":"200ME52122N81316","pop":91,"dom":36,"universo_dom":"domicilios_ocupados_grade_ibge_2022","na_bacia":1,"area_pct_bacia":100.0,"metodo_recorte_bacia":"ponto_representativo_grade_2022; area_pct_geometrica","status_borda_bacia":"total","metodo_area_bacia":"interseção geométrica em EPSG:5880","metodo_na_bacia":"ponto_representativo_grade_2022_within_bacia","pop_n_validos":1,"pop_n_total":1,"pop_completude":1.0,"dom_n_validos":1,"dom_n_total":1,"dom_completude":1.0},"geometry":{"type":"Polygon","coordinates":[[[-51.89027120655089,-28.860093627119124],[-51.89028620094739,-28.858233460405845],[-51.88829785656076,-28.858219425586],[-51.88828284777514,-28.860079592299286],[-51.89027120655089,-28.860093627119124]]]}},{"type":"Feature","properties":{"id_grade":"200ME52124N81316","pop":184,"dom":64,"universo_dom":"domicilios_ocupados_grade_ibge_2022","na_bacia":1,"area_pct_bacia":100.0,"metodo_recorte_bacia":"ponto_representativo_grade_2022; area_pct_geometrica","status_borda_bacia":"total","metodo_area_bacia":"interseção geométrica em EPSG:5880","metodo_na_bacia":"ponto_representativo_grade_2022_within_bacia","pop_n_validos":1,"pop_n_total":1,"pop_completude":1.0,"dom_n_validos":1,"dom_n_total":1,"dom_completude":1.0},"geometry":{"type":"Polygon","coordinates":[[[-51.88828284777514,-28.860079592299286],[-51.88829785656076,-28.858219425586],[-51.88630951217419,-28.85820537817558],[-51.886294488999454,-28.860065543989613],[-51.88828284777514,-28.860079592299286]]]}},{"type":"Feature","properties":{"id_grade":"200ME52126N81316","pop":139,"dom":51,"universo_dom":"domicilios_ocupados_grade_ibge_2022","na_bacia":1,"area_pct_bacia":100.0,"metodo_recorte_bacia":"ponto_representativo_grade_2022; area_pct_geometrica","status_borda_bacia":"total","metodo_area_bacia":"interseção geométrica em EPSG:5880","metodo_na_bacia":"ponto_representativo_grade_2022_within_bacia","pop_n_validos":1,"pop_n_total":1,"pop_completude":1.0,"dom_n_validos":1,"dom_n_total":1,"dom_completude":1.0},"geometry":{"type":"Polygon","coordinates":[[[-51.886294488999454,-28.860065543989613],[-51.88630951217419,-28.85820537817558],[-51.88432116778761,-28.858191316376093],[-51.884306130223706,-28.86005148219007],[-51.886294488999454,-28.860065543989613]]]}},{"type":"Feature","properties":{"id_grade":"200ME52128N81316","pop":144,"dom":44,"universo_dom":"domicilios_ocupados_grade_ibge_2022","na_bacia":1,"area_pct_bacia":100.0,"metodo_recorte_bacia":"ponto_representativo_grade_2022; area_pct_geometrica","status_borda_bacia":"total","metodo_area_bacia":"interseção geométrica em EPSG:5880","metodo_na_bacia":"ponto_representativo_grade_2022_within_bacia","pop_n_validos":1,"pop_n_total":1,"pop_completude":1.0,"dom_n_validos":1,"dom_n_total":1,"dom_completude":1.0},"geometry":{"type":"Polygon","coordinates":[[[-51.884306130223706,-28.86005148219007],[-51.88432116778761,-28.858191316376093],[-51.88233282340105,-28.858177241986077],[-51.88231777234728,-28.860037407800032],[-51.884306130223706,-28.86005148219007]]]}},{"type":"Feature","properties":{"id_grade":"200ME52120N81318","pop":12,"dom":5,"universo_dom":"domicilios_ocupados_grade_ibge_2022","na_bacia":1,"area_pct_bacia":100.0,"metodo_recorte_bacia":"ponto_representativo_grade_2022; area_pct_geometrica","status_borda_bacia":"total","metodo_area_bacia":"interseção geométrica em EPSG:5880","metodo_na_bacia":"ponto_representativo_grade_2022_within_bacia","pop_n_validos":1,"pop_n_total":1,"pop_completude":1.0,"dom_n_validos":1,"dom_n_total":1,"dom_completude":1.0},"geometry":{"type":"Polygon","coordinates":[[[-51.892274546233295,-28.85824748263514],[-51.89228952713995,-28.856387334807597],[-51.89030119624317,-28.856373313477526],[-51.89028620094739,-28.858233460405845],[-51.892274546233295,-28.85824748263514]]]}},{"type":"Feature","properties":{"id_grade":"200ME52122N81318","pop":141,"dom":65,"universo_dom":"domicilios_ocupados_grade_ibge_2022","na_bacia":1,"area_pct_bacia":100.0,"metodo_recorte_bacia":"ponto_representativo_grade_2022; area_pct_geometrica","status_borda_bacia":"total","metodo_area_bacia":"interseção geométrica em EPSG:5880","metodo_na_bacia":"ponto_representativo_grade_2022_within_bacia","pop_n_validos":1,"pop_n_total":1,"pop_completude":1.0,"dom_n_validos":1,"dom_n_total":1,"dom_completude":1.0},"geometry":{"type":"Polygon","coordinates":[[[-51.89028620094739,-28.858233460405845],[-51.89030119624317,-28.856373313477526],[-51.88831286534639,-28.856359278657763],[-51.88829785656076,-28.858219425586],[-51.89028620094739,-28.858233460405845]]]}},{"type":"Feature","properties":{"id_grade":"200ME52124N81318","pop":142,"dom":56,"universo_dom":"domicilios_ocupados_grade_ibge_2022","na_bacia":1,"area_pct_bacia":100.0,"metodo_recorte_bacia":"ponto_representativo_grade_2022; area_pct_geometrica","status_borda_bacia":"total","metodo_area_bacia":"interseção geométrica em EPSG:5880","metodo_na_bacia":"ponto_representativo_grade_2022_within_bacia","pop_n_validos":1,"pop_n_total":1,"pop_completude":1.0,"dom_n_validos":1,"dom_n_total":1,"dom_completude":1.0},"geometry":{"type":"Polygon","coordinates":[[[-51.88829785656076,-28.858219425586],[-51.88831286534639,-28.856359278657763],[-51.88632453534899,-28.856345231247392],[-51.88630951217419,-28.85820537817558],[-51.88829785656076,-28.858219425586]]]}},{"type":"Feature","properties":{"id_grade":"200ME52126N81318","pop":341,"dom":108,"universo_dom":"domicilios_ocupados_grade_ibge_2022","na_bacia":1,"area_pct_bacia":100.0,"metodo_recorte_bacia":"ponto_representativo_grade_2022; area_pct_geometrica","status_borda_bacia":"total","metodo_area_bacia":"interseção geométrica em EPSG:5880","metodo_na_bacia":"ponto_representativo_grade_2022_within_bacia","pop_n_validos":1,"pop_n_total":1,"pop_completude":1.0,"dom_n_validos":1,"dom_n_total":1,"dom_completude":1.0},"geometry":{"type":"Polygon","coordinates":[[[-51.88630951217419,-28.85820537817558],[-51.88632453534899,-28.856345231247392],[-51.884336205351524,-28.85633117034715],[-51.88432116778761,-28.858191316376093],[-51.88630951217419,-28.85820537817558]]]}},{"type":"Feature","properties":{"id_grade":"200ME52128N81318","pop":199,"dom":74,"universo_dom":"domicilios_ocupados_grade_ibge_2022","na_bacia":1,"area_pct_bacia":100.0,"metodo_recorte_bacia":"ponto_representativo_grade_2022; area_pct_geometrica","status_borda_bacia":"total","metodo_area_bacia":"interseção geométrica em EPSG:5880","metodo_na_bacia":"ponto_representativo_grade_2022_within_bacia","pop_n_validos":1,"pop_n_total":1,"pop_completude":1.0,"dom_n_validos":1,"dom_n_total":1,"dom_completude":1.0},"geometry":{"type":"Polygon","coordinates":[[[-51.88432116778761,-28.858191316376093],[-51.884336205351524,-28.85633117034715],[-51.88234787535413,-28.8563170959572],[-51.88233282340105,-28.858177241986077],[-51.88432116778761,-28.858191316376093]]]}},{"type":"Feature","properties":{"id_grade":"200ME52120N81320","pop":94,"dom":36,"universo_dom":"domicilios_ocupados_grade_ibge_2022","na_bacia":1,"area_pct_bacia":100.0,"metodo_recorte_bacia":"ponto_representativo_grade_2022; area_pct_geometrica","status_borda_bacia":"total","metodo_area_bacia":"interseção geométrica em EPSG:5880","metodo_na_bacia":"ponto_representativo_grade_2022_within_bacia","pop_n_validos":1,"pop_n_total":1,"pop_completude":1.0,"dom_n_validos":1,"dom_n_total":1,"dom_completude":1.0},"geometry":{"type":"Polygon","coordinates":[[[-51.89228952713995,-28.856387334807597],[-51.89230450714723,-28.854527206765162],[-51.890316190639616,-28.854513185435124],[-51.89030119624317,-28.856373313477526],[-51.89228952713995,-28.856387334807597]]]}},{"type":"Feature","properties":{"id_grade":"200ME52122N81320","pop":158,"dom":61,"universo_dom":"domicilios_ocupados_grade_ibge_2022","na_bacia":1,"area_pct_bacia":100.0,"metodo_recorte_bacia":"ponto_representativo_grade_2022; area_pct_geometrica","status_borda_bacia":"total","metodo_area_bacia":"interseção geométrica em EPSG:5880","metodo_na_bacia":"ponto_representativo_grade_2022_within_bacia","pop_n_validos":1,"pop_n_total":1,"pop_completude":1.0,"dom_n_validos":1,"dom_n_total":1,"dom_completude":1.0},"geometry":{"type":"Polygon","coordinates":[[[-51.89030119624317,-28.856373313477526],[-51.890316190639616,-28.854513185435124],[-51.888327874132024,-28.854499151514574],[-51.88831286534639,-28.856359278657763],[-51.89030119624317,-28.856373313477526]]]}},{"type":"Feature","properties":{"id_grade":"200ME52124N81320","pop":144,"dom":53,"universo_dom":"domicilios_ocupados_grade_ibge_2022","na_bacia":1,"area_pct_bacia":100.0,"metodo_recorte_bacia":"ponto_representativo_grade_2022; area_pct_geometrica","status_borda_bacia":"total","metodo_area_bacia":"interseção geométrica em EPSG:5880","metodo_na_bacia":"ponto_representativo_grade_2022_within_bacia","pop_n_validos":1,"pop_n_total":1,"pop_completude":1.0,"dom_n_validos":1,"dom_n_total":1,"dom_completude":1.0},"geometry":{"type":"Polygon","coordinates":[[[-51.88831286534639,-28.856359278657763],[-51.888327874132024,-28.854499151514574],[-51.88633955762447,-28.854485104104228],[-51.88632453534899,-28.856345231247392],[-51.88831286534639,-28.856359278657763]]]}},{"type":"Feature","properties":{"id_grade":"200ME52126N81320","pop":318,"dom":107,"universo_dom":"domicilios_ocupados_grade_ibge_2022","na_bacia":1,"area_pct_bacia":100.0,"metodo_recorte_bacia":"ponto_representativo_grade_2022; area_pct_geometrica","status_borda_bacia":"total","metodo_area_bacia":"interseção geométrica em EPSG:5880","metodo_na_bacia":"ponto_representativo_grade_2022_within_bacia","pop_n_validos":1,"pop_n_total":1,"pop_completude":1.0,"dom_n_validos":1,"dom_n_total":1,"dom_completude":1.0},"geometry":{"type":"Polygon","coordinates":[[[-51.88632453534899,-28.856345231247392],[-51.88633955762447,-28.854485104104228],[-51.88435124201618,-28.854471043204093],[-51.884336205351524,-28.85633117034715],[-51.88632453534899,-28.856345231247392]]]}},{"type":"Feature","properties":{"id_grade":"200ME52128N81320","pop":231,"dom":81,"universo_dom":"domicilios_ocupados_grade_ibge_2022","na_bacia":1,"area_pct_bacia":100.0,"metodo_recorte_bacia":"ponto_representativo_grade_2022; area_pct_geometrica","status_borda_bacia":"total","metodo_area_bacia":"interseção geométrica em EPSG:5880","metodo_na_bacia":"ponto_representativo_grade_2022_within_bacia","pop_n_validos":1,"pop_n_total":1,"pop_completude":1.0,"dom_n_validos":1,"dom_n_total":1,"dom_completude":1.0},"geometry":{"type":"Polygon","coordinates":[[[-51.884336205351524,-28.85633117034715],[-51.88435124201618,-28.854471043204093],[-51.88236292640789,-28.854456969713418],[-51.88234787535413,-28.8563170959572],[-51.884336205351524,-28.85633117034715]]]}},{"type":"Feature","properties":{"id_grade":"200ME52120N81322","pop":30,"dom":9,"universo_dom":"domicilios_ocupados_grade_ibge_2022","na_bacia":1,"area_pct_bacia":100.0,"metodo_recorte_bacia":"ponto_representativo_grade_2022; area_pct_geometrica","status_borda_bacia":"total","metodo_area_bacia":"interseção geométrica em EPSG:5880","metodo_na_bacia":"ponto_representativo_grade_2022_within_bacia","pop_n_validos":1,"pop_n_total":1,"pop_completude":1.0,"dom_n_validos":1,"dom_n_total":1,"dom_completude":1.0},"geometry":{"type":"Polygon","coordinates":[[[-51.89230450714723,-28.854527206765162],[-51.89231948715457,-28.85266709850782],[-51.89033118503613,-28.852653077177763],[-51.890316190639616,-28.854513185435124],[-51.89230450714723,-28.854527206765162]]]}},{"type":"Feature","properties":{"id_grade":"200ME52122N81322","pop":72,"dom":29,"universo_dom":"domicilios_ocupados_grade_ibge_2022","na_bacia":1,"area_pct_bacia":100.0,"metodo_recorte_bacia":"ponto_representativo_grade_2022; area_pct_geometrica","status_borda_bacia":"total","metodo_area_bacia":"interseção geométrica em EPSG:5880","metodo_na_bacia":"ponto_representativo_grade_2022_within_bacia","pop_n_validos":1,"pop_n_total":1,"pop_completude":1.0,"dom_n_validos":1,"dom_n_total":1,"dom_completude":1.0},"geometry":{"type":"Polygon","coordinates":[[[-51.890316190639616,-28.854513185435124],[-51.89033118503613,-28.852653077177763],[-51.8883428829177,-28.85263904325716],[-51.888327874132024,-28.854499151514574],[-51.890316190639616,-28.854513185435124]]]}},{"type":"Feature","properties":{"id_grade":"200ME52124N81322","pop":119,"dom":39,"universo_dom":"domicilios_ocupados_grade_ibge_2022","na_bacia":1,"area_pct_bacia":100.0,"metodo_recorte_bacia":"ponto_representativo_grade_2022; area_pct_geometrica","status_borda_bacia":"total","metodo_area_bacia":"interseção geométrica em EPSG:5880","metodo_na_bacia":"ponto_representativo_grade_2022_within_bacia","pop_n_validos":1,"pop_n_total":1,"pop_completude":1.0,"dom_n_validos":1,"dom_n_total":1,"dom_completude":1.0},"geometry":{"type":"Polygon","coordinates":[[[-51.888327874132024,-28.854499151514574],[-51.8883428829177,-28.85263904325716],[-51.886354580799214,-28.85262499584681],[-51.88633955762447,-28.854485104104228],[-51.888327874132024,-28.854499151514574]]]}},{"type":"Feature","properties":{"id_grade":"200ME52126N81322","pop":176,"dom":68,"universo_dom":"domicilios_ocupados_grade_ibge_2022","na_bacia":1,"area_pct_bacia":100.0,"metodo_recorte_bacia":"ponto_representativo_grade_2022; area_pct_geometrica","status_borda_bacia":"total","metodo_area_bacia":"interseção geométrica em EPSG:5880","metodo_na_bacia":"ponto_representativo_grade_2022_within_bacia","pop_n_validos":1,"pop_n_total":1,"pop_completude":1.0,"dom_n_validos":1,"dom_n_total":1,"dom_completude":1.0},"geometry":{"type":"Polygon","coordinates":[[[-51.88633955762447,-28.854485104104228],[-51.886354580799214,-28.85262499584681],[-51.88436627868077,-28.852610935845952],[-51.88435124201618,-28.854471043204093],[-51.88633955762447,-28.854485104104228]]]}},{"type":"Feature","properties":{"id_grade":"200ME52128N81322","pop":119,"dom":41,"universo_dom":"domicilios_ocupados_grade_ibge_2022","na_bacia":1,"area_pct_bacia":100.0,"metodo_recorte_bacia":"ponto_representativo_grade_2022; area_pct_geometrica","status_borda_bacia":"total","metodo_area_bacia":"interseção geométrica em EPSG:5880","metodo_na_bacia":"ponto_representativo_grade_2022_within_bacia","pop_n_validos":1,"pop_n_total":1,"pop_completude":1.0,"dom_n_validos":1,"dom_n_total":1,"dom_completude":1.0},"geometry":{"type":"Polygon","coordinates":[[[-51.88435124201618,-28.854471043204093],[-51.88436627868077,-28.852610935845952],[-51.88237797746166,-28.852596861455922],[-51.88236292640789,-28.854456969713418],[-51.88435124201618,-28.854471043204093]]]}},{"type":"Feature","properties":{"id_grade":"200ME52120N81324","pop":101,"dom":43,"universo_dom":"domicilios_ocupados_grade_ibge_2022","na_bacia":1,"area_pct_bacia":100.0,"metodo_recorte_bacia":"ponto_representativo_grade_2022; area_pct_geometrica","status_borda_bacia":"total","metodo_area_bacia":"interseção geométrica em EPSG:5880","metodo_na_bacia":"ponto_representativo_grade_2022_within_bacia","pop_n_validos":1,"pop_n_total":1,"pop_completude":1.0,"dom_n_validos":1,"dom_n_total":1,"dom_completude":1.0},"geometry":{"type":"Polygon","coordinates":[[[-51.89231948715457,-28.85266709850782],[-51.892334467161895,-28.850807009136094],[-51.89034617943258,-28.850792988705358],[-51.89033118503613,-28.852653077177763],[-51.89231948715457,-28.85266709850782]]]}},{"type":"Feature","properties":{"id_grade":"200ME52122N81324","pop":120,"dom":50,"universo_dom":"domicilios_ocupados_grade_ibge_2022","na_bacia":1,"area_pct_bacia":100.0,"metodo_recorte_bacia":"ponto_representativo_grade_2022; area_pct_geometrica","status_borda_bacia":"total","metodo_area_bacia":"interseção geométrica em EPSG:5880","metodo_na_bacia":"ponto_representativo_grade_2022_within_bacia","pop_n_validos":1,"pop_n_total":1,"pop_completude":1.0,"dom_n_validos":1,"dom_n_total":1,"dom_completude":1.0},"geometry":{"type":"Polygon","coordinates":[[[-51.89033118503613,-28.852653077177763],[-51.89034617943258,-28.850792988705358],[-51.88835789080401,-28.850778954784865],[-51.8883428829177,-28.85263904325716],[-51.89033118503613,-28.852653077177763]]]}},{"type":"Feature","properties":{"id_grade":"200ME52124N81324","pop":213,"dom":93,"universo_dom":"domicilios_ocupados_grade_ibge_2022","na_bacia":1,"area_pct_bacia":100.0,"metodo_recorte_bacia":"ponto_representativo_grade_2022; area_pct_geometrica","status_borda_bacia":"total","metodo_area_bacia":"interseção geométrica em EPSG:5880","metodo_na_bacia":"ponto_representativo_grade_2022_within_bacia","pop_n_validos":1,"pop_n_total":1,"pop_completude":1.0,"dom_n_validos":1,"dom_n_total":1,"dom_completude":1.0},"geometry":{"type":"Polygon","coordinates":[[[-51.8883428829177,-28.85263904325716],[-51.88835789080401,-28.850778954784865],[-51.886369603074684,-28.850764907374554],[-51.886354580799214,-28.85262499584681],[-51.8883428829177,-28.85263904325716]]]}},{"type":"Feature","properties":{"id_grade":"200ME52126N81324","pop":124,"dom":48,"universo_dom":"domicilios_ocupados_grade_ibge_2022","na_bacia":1,"area_pct_bacia":100.0,"metodo_recorte_bacia":"ponto_representativo_grade_2022; area_pct_geometrica","status_borda_bacia":"total","metodo_area_bacia":"interseção geométrica em EPSG:5880","metodo_na_bacia":"ponto_representativo_grade_2022_within_bacia","pop_n_validos":1,"pop_n_total":1,"pop_completude":1.0,"dom_n_validos":1,"dom_n_total":1,"dom_completude":1.0},"geometry":{"type":"Polygon","coordinates":[[[-51.886354580799214,-28.85262499584681],[-51.886369603074684,-28.850764907374554],[-51.884381315345365,-28.85075084737368],[-51.88436627868077,-28.852610935845952],[-51.886354580799214,-28.85262499584681]]]}},{"type":"Feature","properties":{"id_grade":"200ME52128N81324","pop":176,"dom":74,"universo_dom":"domicilios_ocupados_grade_ibge_2022","na_bacia":1,"area_pct_bacia":100.0,"metodo_recorte_bacia":"ponto_representativo_grade_2022; area_pct_geometrica","status_borda_bacia":"total","metodo_area_bacia":"interseção geométrica em EPSG:5880","metodo_na_bacia":"ponto_representativo_grade_2022_within_bacia","pop_n_validos":1,"pop_n_total":1,"pop_completude":1.0,"dom_n_validos":1,"dom_n_total":1,"dom_completude":1.0},"geometry":{"type":"Polygon","coordinates":[[[-51.88436627868077,-28.852610935845952],[-51.884381315345365,-28.85075084737368],[-51.882393027616104,-28.850736773882936],[-51.88237797746166,-28.852596861455922],[-51.88436627868077,-28.852610935845952]]]}},{"type":"Feature","properties":{"id_grade":"200ME52120N81326","pop":115,"dom":51,"universo_dom":"domicilios_ocupados_grade_ibge_2022","na_bacia":1,"area_pct_bacia":100.0,"metodo_recorte_bacia":"ponto_representativo_grade_2022; area_pct_geometrica","status_borda_bacia":"total","metodo_area_bacia":"interseção geométrica em EPSG:5880","metodo_na_bacia":"ponto_representativo_grade_2022_within_bacia","pop_n_validos":1,"pop_n_total":1,"pop_completude":1.0,"dom_n_validos":1,"dom_n_total":1,"dom_completude":1.0},"geometry":{"type":"Polygon","coordinates":[[[-51.892334467161895,-28.850807009136094],[-51.892349447169245,-28.848946938650275],[-51.89036117292977,-28.848932918219482],[-51.89034617943258,-28.850792988705358],[-51.892334467161895,-28.850807009136094]]]}},{"type":"Feature","properties":{"id_grade":"200ME52122N81326","pop":101,"dom":46,"universo_dom":"domicilios_ocupados_grade_ibge_2022","na_bacia":1,"area_pct_bacia":100.0,"metodo_recorte_bacia":"ponto_representativo_grade_2022; area_pct_geometrica","status_borda_bacia":"total","metodo_area_bacia":"interseção geométrica em EPSG:5880","metodo_na_bacia":"ponto_representativo_grade_2022_within_bacia","pop_n_validos":1,"pop_n_total":1,"pop_completude":1.0,"dom_n_validos":1,"dom_n_total":1,"dom_completude":1.0},"geometry":{"type":"Polygon","coordinates":[[[-51.89034617943258,-28.850792988705358],[-51.89036117292977,-28.848932918219482],[-51.88837289869031,-28.848918885198337],[-51.88835789080401,-28.850778954784865],[-51.89034617943258,-28.850792988705358]]]}},{"type":"Feature","properties":{"id_grade":"200ME52124N81326","pop":220,"dom":98,"universo_dom":"domicilios_ocupados_grade_ibge_2022","na_bacia":1,"area_pct_bacia":100.0,"metodo_recorte_bacia":"ponto_representativo_grade_2022; area_pct_geometrica","status_borda_bacia":"total","metodo_area_bacia":"interseção geométrica em EPSG:5880","metodo_na_bacia":"ponto_representativo_grade_2022_within_bacia","pop_n_validos":1,"pop_n_total":1,"pop_completude":1.0,"dom_n_validos":1,"dom_n_total":1,"dom_completude":1.0},"geometry":{"type":"Polygon","coordinates":[[[-51.88835789080401,-28.850778954784865],[-51.88837289869031,-28.848918885198337],[-51.88638462535015,-28.848904838687318],[-51.886369603074684,-28.850764907374554],[-51.88835789080401,-28.850778954784865]]]}},{"type":"Feature","properties":{"id_grade":"200ME52126N81326","pop":151,"dom":60,"universo_dom":"domicilios_ocupados_grade_ibge_2022","na_bacia":1,"area_pct_bacia":100.0,"metodo_recorte_bacia":"ponto_representativo_grade_2022; area_pct_geometrica","status_borda_bacia":"total","metodo_area_bacia":"interseção geométrica em EPSG:5880","metodo_na_bacia":"ponto_representativo_grade_2022_within_bacia","pop_n_validos":1,"pop_n_total":1,"pop_completude":1.0,"dom_n_validos":1,"dom_n_total":1,"dom_completude":1.0},"geometry":{"type":"Polygon","coordinates":[[[-51.886369603074684,-28.850764907374554],[-51.88638462535015,-28.848904838687318],[-51.884396351110695,-28.84889077868641],[-51.884381315345365,-28.85075084737368],[-51.886369603074684,-28.850764907374554]]]}},{"type":"Feature","properties":{"id_grade":"200ME52128N81326","pop":188,"dom":76,"universo_dom":"domicilios_ocupados_grade_ibge_2022","na_bacia":1,"area_pct_bacia":100.0,"metodo_recorte_bacia":"ponto_representativo_grade_2022; area_pct_geometrica","status_borda_bacia":"total","metodo_area_bacia":"interseção geométrica em EPSG:5880","metodo_na_bacia":"ponto_representativo_grade_2022_within_bacia","pop_n_validos":1,"pop_n_total":1,"pop_completude":1.0,"dom_n_validos":1,"dom_n_total":1,"dom_completude":1.0},"geometry":{"type":"Polygon","coordinates":[[[-51.884381315345365,-28.85075084737368],[-51.884396351110695,-28.84889077868641],[-51.88240807777055,-28.848876705195714],[-51.882393027616104,-28.850736773882936],[-51.884381315345365,-28.85075084737368]]]}},{"type":"Feature","properties":{"id_grade":"200ME52120N81328","pop":43,"dom":21,"universo_dom":"domicilios_ocupados_grade_ibge_2022","na_bacia":1,"area_pct_bacia":100.0,"metodo_recorte_bacia":"ponto_representativo_grade_2022; area_pct_geometrica","status_borda_bacia":"total","metodo_area_bacia":"interseção geométrica em EPSG:5880","metodo_na_bacia":"ponto_representativo_grade_2022_within_bacia","pop_n_validos":1,"pop_n_total":1,"pop_completude":1.0,"dom_n_validos":1,"dom_n_total":1,"dom_completude":1.0},"geometry":{"type":"Polygon","coordinates":[[[-51.892349447169245,-28.848946938650275],[-51.89236442717652,-28.847086887949548],[-51.8903761664269,-28.84707286841814],[-51.89036117292977,-28.848932918219482],[-51.892349447169245,-28.848946938650275]]]}},{"type":"Feature","properties":{"id_grade":"200ME52122N81328","pop":207,"dom":99,"universo_dom":"domicilios_ocupados_grade_ibge_2022","na_bacia":1,"area_pct_bacia":100.0,"metodo_recorte_bacia":"ponto_representativo_grade_2022; area_pct_geometrica","status_borda_bacia":"total","metodo_area_bacia":"interseção geométrica em EPSG:5880","metodo_na_bacia":"ponto_representativo_grade_2022_within_bacia","pop_n_validos":1,"pop_n_total":1,"pop_completude":1.0,"dom_n_validos":1,"dom_n_total":1,"dom_completude":1.0},"geometry":{"type":"Polygon","coordinates":[[[-51.89036117292977,-28.848932918219482],[-51.8903761664269,-28.84707286841814],[-51.88838790657661,-28.84705883539689],[-51.88837289869031,-28.848918885198337],[-51.89036117292977,-28.848932918219482]]]}},{"type":"Feature","properties":{"id_grade":"200ME52124N81328","pop":192,"dom":90,"universo_dom":"domicilios_ocupados_grade_ibge_2022","na_bacia":1,"area_pct_bacia":100.0,"metodo_recorte_bacia":"ponto_representativo_grade_2022; area_pct_geometrica","status_borda_bacia":"total","metodo_area_bacia":"interseção geométrica em EPSG:5880","metodo_na_bacia":"ponto_representativo_grade_2022_within_bacia","pop_n_validos":1,"pop_n_total":1,"pop_completude":1.0,"dom_n_validos":1,"dom_n_total":1,"dom_completude":1.0},"geometry":{"type":"Polygon","coordinates":[[[-51.88837289869031,-28.848918885198337],[-51.88838790657661,-28.84705883539689],[-51.88639964672626,-28.847044788885796],[-51.88638462535015,-28.848904838687318],[-51.88837289869031,-28.848918885198337]]]}},{"type":"Feature","properties":{"id_grade":"200ME52126N81328","pop":120,"dom":57,"universo_dom":"domicilios_ocupados_grade_ibge_2022","na_bacia":1,"area_pct_bacia":100.0,"metodo_recorte_bacia":"ponto_representativo_grade_2022; area_pct_geometrica","status_borda_bacia":"total","metodo_area_bacia":"interseção geométrica em EPSG:5880","metodo_na_bacia":"ponto_representativo_grade_2022_within_bacia","pop_n_validos":1,"pop_n_total":1,"pop_completude":1.0,"dom_n_validos":1,"dom_n_total":1,"dom_completude":1.0},"geometry":{"type":"Polygon","coordinates":[[[-51.88638462535015,-28.848904838687318],[-51.88639964672626,-28.847044788885796],[-51.88441138777528,-28.84703072888505],[-51.884396351110695,-28.84889077868641],[-51.88638462535015,-28.848904838687318]]]}},{"type":"Feature","properties":{"id_grade":"200ME52128N81328","pop":148,"dom":57,"universo_dom":"domicilios_ocupados_grade_ibge_2022","na_bacia":1,"area_pct_bacia":100.0,"metodo_recorte_bacia":"ponto_representativo_grade_2022; area_pct_geometrica","status_borda_bacia":"total","metodo_area_bacia":"interseção geométrica em EPSG:5880","metodo_na_bacia":"ponto_representativo_grade_2022_within_bacia","pop_n_validos":1,"pop_n_total":1,"pop_completude":1.0,"dom_n_validos":1,"dom_n_total":1,"dom_completude":1.0},"geometry":{"type":"Polygon","coordinates":[[[-51.884396351110695,-28.84889077868641],[-51.88441138777528,-28.84703072888505],[-51.88242312882432,-28.847016655394352],[-51.88240807777055,-28.848876705195714],[-51.884396351110695,-28.84889077868641]]]}},{"type":"Feature","properties":{"id_grade":"200ME52120N81330","pop":103,"dom":48,"universo_dom":"domicilios_ocupados_grade_ibge_2022","na_bacia":1,"area_pct_bacia":100.0,"metodo_recorte_bacia":"ponto_representativo_grade_2022; area_pct_geometrica","status_borda_bacia":"total","metodo_area_bacia":"interseção geométrica em EPSG:5880","metodo_na_bacia":"ponto_representativo_grade_2022_within_bacia","pop_n_validos":1,"pop_n_total":1,"pop_completude":1.0,"dom_n_validos":1,"dom_n_total":1,"dom_completude":1.0},"geometry":{"type":"Polygon","coordinates":[[[-51.89236442717652,-28.847086887949548],[-51.89237940628454,-28.845226857033843],[-51.89039115992404,-28.845212837502448],[-51.8903761664269,-28.84707286841814],[-51.89236442717652,-28.847086887949548]]]}},{"type":"Feature","properties":{"id_grade":"200ME52122N81330","pop":115,"dom":50,"universo_dom":"domicilios_ocupados_grade_ibge_2022","na_bacia":1,"area_pct_bacia":100.0,"metodo_recorte_bacia":"ponto_representativo_grade_2022; area_pct_geometrica","status_borda_bacia":"total","metodo_area_bacia":"interseção geométrica em EPSG:5880","metodo_na_bacia":"ponto_representativo_grade_2022_within_bacia","pop_n_validos":1,"pop_n_total":1,"pop_completude":1.0,"dom_n_validos":1,"dom_n_total":1,"dom_completude":1.0},"geometry":{"type":"Polygon","coordinates":[[[-51.8903761664269,-28.84707286841814],[-51.89039115992404,-28.845212837502448],[-51.88840291446291,-28.84519880448121],[-51.88838790657661,-28.84705883539689],[-51.8903761664269,-28.84707286841814]]]}},{"type":"Feature","properties":{"id_grade":"200ME52124N81330","pop":131,"dom":48,"universo_dom":"domicilios_ocupados_grade_ibge_2022","na_bacia":1,"area_pct_bacia":100.0,"metodo_recorte_bacia":"ponto_representativo_grade_2022; area_pct_geometrica","status_borda_bacia":"total","metodo_area_bacia":"interseção geométrica em EPSG:5880","metodo_na_bacia":"ponto_representativo_grade_2022_within_bacia","pop_n_validos":1,"pop_n_total":1,"pop_completude":1.0,"dom_n_validos":1,"dom_n_total":1,"dom_completude":1.0},"geometry":{"type":"Polygon","coordinates":[[[-51.88838790657661,-28.84705883539689],[-51.88840291446291,-28.84519880448121],[-51.88641466900173,-28.84518475797018],[-51.88639964672626,-28.847044788885796],[-51.88838790657661,-28.84705883539689]]]}},{"type":"Feature","properties":{"id_grade":"200ME52126N81330","pop":181,"dom":81,"universo_dom":"domicilios_ocupados_grade_ibge_2022","na_bacia":1,"area_pct_bacia":100.0,"metodo_recorte_bacia":"ponto_representativo_grade_2022; area_pct_geometrica","status_borda_bacia":"total","metodo_area_bacia":"interseção geométrica em EPSG:5880","metodo_na_bacia":"ponto_representativo_grade_2022_within_bacia","pop_n_validos":1,"pop_n_total":1,"pop_completude":1.0,"dom_n_validos":1,"dom_n_total":1,"dom_completude":1.0},"geometry":{"type":"Polygon","coordinates":[[[-51.88639964672626,-28.847044788885796],[-51.88641466900173,-28.84518475797018],[-51.88442642354056,-28.84517069886855],[-51.88441138777528,-28.84703072888505],[-51.88639964672626,-28.847044788885796]]]}},{"type":"Feature","properties":{"id_grade":"200ME52128N81330","pop":90,"dom":38,"universo_dom":"domicilios_ocupados_grade_ibge_2022","na_bacia":1,"area_pct_bacia":100.0,"metodo_recorte_bacia":"ponto_representativo_grade_2022; area_pct_geometrica","status_borda_bacia":"total","metodo_area_bacia":"interseção geométrica em EPSG:5880","metodo_na_bacia":"ponto_representativo_grade_2022_within_bacia","pop_n_validos":1,"pop_n_total":1,"pop_completude":1.0,"dom_n_validos":1,"dom_n_total":1,"dom_completude":1.0},"geometry":{"type":"Polygon","coordinates":[[[-51.88441138777528,-28.84703072888505],[-51.88442642354056,-28.84517069886855],[-51.88243817807944,-28.845156625377918],[-51.88242312882432,-28.847016655394352],[-51.88441138777528,-28.84703072888505]]]}},{"type":"Feature","properties":{"id_grade":"200ME52120N81332","pop":103,"dom":45,"universo_dom":"domicilios_ocupados_grade_ibge_2022","na_bacia":1,"area_pct_bacia":100.0,"metodo_recorte_bacia":"ponto_representativo_grade_2022; area_pct_geometrica","status_borda_bacia":"total","metodo_area_bacia":"interseção geométrica em EPSG:5880","metodo_na_bacia":"ponto_representativo_grade_2022_within_bacia","pop_n_validos":1,"pop_n_total":1,"pop_completude":1.0,"dom_n_validos":1,"dom_n_total":1,"dom_completude":1.0},"geometry":{"type":"Polygon","coordinates":[[[-51.89237940628454,-28.845226857033843],[-51.89239438539255,-28.843366845003814],[-51.89040615342123,-28.84335282547247],[-51.89039115992404,-28.845212837502448],[-51.89237940628454,-28.845226857033843]]]}},{"type":"Feature","properties":{"id_grade":"200ME52122N81332","pop":135,"dom":52,"universo_dom":"domicilios_ocupados_grade_ibge_2022","na_bacia":1,"area_pct_bacia":100.0,"metodo_recorte_bacia":"ponto_representativo_grade_2022; area_pct_geometrica","status_borda_bacia":"total","metodo_area_bacia":"interseção geométrica em EPSG:5880","metodo_na_bacia":"ponto_representativo_grade_2022_within_bacia","pop_n_validos":1,"pop_n_total":1,"pop_completude":1.0,"dom_n_validos":1,"dom_n_total":1,"dom_completude":1.0},"geometry":{"type":"Polygon","coordinates":[[[-51.89039115992404,-28.845212837502448],[-51.89040615342123,-28.84335282547247],[-51.8884179214499,-28.84333879335065],[-51.88840291446291,-28.84519880448121],[-51.89039115992404,-28.845212837502448]]]}},{"type":"Feature","properties":{"id_grade":"200ME52124N81332","pop":65,"dom":26,"universo_dom":"domicilios_ocupados_grade_ibge_2022","na_bacia":1,"area_pct_bacia":100.0,"metodo_recorte_bacia":"ponto_representativo_grade_2022; area_pct_geometrica","status_borda_bacia":"total","metodo_area_bacia":"interseção geométrica em EPSG:5880","metodo_na_bacia":"ponto_representativo_grade_2022_within_bacia","pop_n_validos":1,"pop_n_total":1,"pop_completude":1.0,"dom_n_validos":1,"dom_n_total":1,"dom_completude":1.0},"geometry":{"type":"Polygon","coordinates":[[[-51.88840291446291,-28.84519880448121],[-51.8884179214499,-28.84333879335065],[-51.886429690377895,-28.84332474683959],[-51.88641466900173,-28.84518475797018],[-51.88840291446291,-28.84519880448121]]]}},{"type":"Feature","properties":{"id_grade":"200ME52126N81332","pop":256,"dom":120,"universo_dom":"domicilios_ocupados_grade_ibge_2022","na_bacia":1,"area_pct_bacia":100.0,"metodo_recorte_bacia":"ponto_representativo_grade_2022; area_pct_geometrica","status_borda_bacia":"total","metodo_area_bacia":"interseção geométrica em EPSG:5880","metodo_na_bacia":"ponto_representativo_grade_2022_within_bacia","pop_n_validos":1,"pop_n_total":1,"pop_completude":1.0,"dom_n_validos":1,"dom_n_total":1,"dom_completude":1.0},"geometry":{"type":"Polygon","coordinates":[[[-51.88641466900173,-28.84518475797018],[-51.886429690377895,-28.84332474683959],[-51.88444145930584,-28.843310687737976],[-51.88442642354056,-28.84517069886855],[-51.88641466900173,-28.84518475797018]]]}},{"type":"Feature","properties":{"id_grade":"200ME52128N81332","pop":81,"dom":30,"universo_dom":"domicilios_ocupados_grade_ibge_2022","na_bacia":1,"area_pct_bacia":100.0,"metodo_recorte_bacia":"ponto_representativo_grade_2022; area_pct_geometrica","status_borda_bacia":"total","metodo_area_bacia":"interseção geométrica em EPSG:5880","metodo_na_bacia":"ponto_representativo_grade_2022_within_bacia","pop_n_validos":1,"pop_n_total":1,"pop_completude":1.0,"dom_n_validos":1,"dom_n_total":1,"dom_completude":1.0},"geometry":{"type":"Polygon","coordinates":[[[-51.88442642354056,-28.84517069886855],[-51.88444145930584,-28.843310687737976],[-51.882453228233835,-28.843296615146677],[-51.88243817807944,-28.845156625377918],[-51.88442642354056,-28.84517069886855]]]}},{"type":"Feature","properties":{"id_grade":"200ME52120N81334","pop":79,"dom":33,"universo_dom":"domicilios_ocupados_grade_ibge_2022","na_bacia":1,"area_pct_bacia":100.0,"metodo_recorte_bacia":"ponto_representativo_grade_2022; area_pct_geometrica","status_borda_bacia":"total","metodo_area_bacia":"interseção geométrica em EPSG:5880","metodo_na_bacia":"ponto_representativo_grade_2022_within_bacia","pop_n_validos":1,"pop_n_total":1,"pop_completude":1.0,"dom_n_validos":1,"dom_n_total":1,"dom_completude":1.0},"geometry":{"type":"Polygon","coordinates":[[[-51.89239438539255,-28.843366845003814],[-51.89240936450051,-28.84150685275893],[-51.89042114691836,-28.841492833227623],[-51.89040615342123,-28.84335282547247],[-51.89239438539255,-28.843366845003814]]]}},{"type":"Feature","properties":{"id_grade":"200ME52122N81334","pop":141,"dom":59,"universo_dom":"domicilios_ocupados_grade_ibge_2022","na_bacia":1,"area_pct_bacia":100.0,"metodo_recorte_bacia":"ponto_representativo_grade_2022; area_pct_geometrica","status_borda_bacia":"total","metodo_area_bacia":"interseção geométrica em EPSG:5880","metodo_na_bacia":"ponto_representativo_grade_2022_within_bacia","pop_n_validos":1,"pop_n_total":1,"pop_completude":1.0,"dom_n_validos":1,"dom_n_total":1,"dom_completude":1.0},"geometry":{"type":"Polygon","coordinates":[[[-51.89040615342123,-28.84335282547247],[-51.89042114691836,-28.841492833227623],[-51.88843292933621,-28.84147880110572],[-51.8884179214499,-28.84333879335065],[-51.89040615342123,-28.84335282547247]]]}},{"type":"Feature","properties":{"id_grade":"200ME52124N81334","pop":61,"dom":25,"universo_dom":"domicilios_ocupados_grade_ibge_2022","na_bacia":1,"area_pct_bacia":100.0,"metodo_recorte_bacia":"ponto_representativo_grade_2022; area_pct_geometrica","status_borda_bacia":"total","metodo_area_bacia":"interseção geométrica em EPSG:5880","metodo_na_bacia":"ponto_representativo_grade_2022_within_bacia","pop_n_validos":1,"pop_n_total":1,"pop_completude":1.0,"dom_n_validos":1,"dom_n_total":1,"dom_completude":1.0},"geometry":{"type":"Polygon","coordinates":[[[-51.8884179214499,-28.84333879335065],[-51.88843292933621,-28.84147880110572],[-51.886444711753995,-28.84146475549399],[-51.886429690377895,-28.84332474683959],[-51.8884179214499,-28.84333879335065]]]}},{"type":"Feature","properties":{"id_grade":"200ME52126N81334","pop":85,"dom":33,"universo_dom":"domicilios_ocupados_grade_ibge_2022","na_bacia":1,"area_pct_bacia":100.0,"metodo_recorte_bacia":"ponto_representativo_grade_2022; area_pct_geometrica","status_borda_bacia":"total","metodo_area_bacia":"interseção geométrica em EPSG:5880","metodo_na_bacia":"ponto_representativo_grade_2022_within_bacia","pop_n_validos":1,"pop_n_total":1,"pop_completude":1.0,"dom_n_validos":1,"dom_n_total":1,"dom_completude":1.0},"geometry":{"type":"Polygon","coordinates":[[[-51.886429690377895,-28.84332474683959],[-51.886444711753995,-28.84146475549399],[-51.88445649507117,-28.841450696392485],[-51.88444145930584,-28.843310687737976],[-51.886429690377895,-28.84332474683959]]]}},{"type":"Feature","properties":{"id_grade":"200ME52128N81334","pop":29,"dom":10,"universo_dom":"domicilios_ocupados_grade_ibge_2022","na_bacia":1,"area_pct_bacia":100.0,"metodo_recorte_bacia":"ponto_representativo_grade_2022; area_pct_geometrica","status_borda_bacia":"total","metodo_area_bacia":"interseção geométrica em EPSG:5880","metodo_na_bacia":"ponto_representativo_grade_2022_within_bacia","pop_n_validos":1,"pop_n_total":1,"pop_completude":1.0,"dom_n_validos":1,"dom_n_total":1,"dom_completude":1.0},"geometry":{"type":"Polygon","coordinates":[[[-51.88444145930584,-28.843310687737976],[-51.88445649507117,-28.841450696392485],[-51.882468277488954,-28.841436623801073],[-51.882453228233835,-28.843296615146677],[-51.88444145930584,-28.843310687737976]]]}},{"type":"Feature","properties":{"id_grade":"200ME52120N81336","pop":135,"dom":54,"universo_dom":"domicilios_ocupados_grade_ibge_2022","na_bacia":1,"area_pct_bacia":100.0,"metodo_recorte_bacia":"ponto_representativo_grade_2022; area_pct_geometrica","status_borda_bacia":"total","metodo_area_bacia":"interseção geométrica em EPSG:5880","metodo_na_bacia":"ponto_representativo_grade_2022_within_bacia","pop_n_validos":1,"pop_n_total":1,"pop_completude":1.0,"dom_n_validos":1,"dom_n_total":1,"dom_completude":1.0},"geometry":{"type":"Polygon","coordinates":[[[-51.89240936450051,-28.84150685275893],[-51.892424342709205,-28.83964687939997],[-51.89043613951617,-28.839632860767903],[-51.89042114691836,-28.841492833227623],[-51.89240936450051,-28.84150685275893]]]}},{"type":"Feature","properties":{"id_grade":"200ME52122N81336","pop":125,"dom":52,"universo_dom":"domicilios_ocupados_grade_ibge_2022","na_bacia":1,"area_pct_bacia":100.0,"metodo_recorte_bacia":"ponto_representativo_grade_2022; area_pct_geometrica","status_borda_bacia":"total","metodo_area_bacia":"interseção geométrica em EPSG:5880","metodo_na_bacia":"ponto_representativo_grade_2022_within_bacia","pop_n_validos":1,"pop_n_total":1,"pop_completude":1.0,"dom_n_validos":1,"dom_n_total":1,"dom_completude":1.0},"geometry":{"type":"Polygon","coordinates":[[[-51.89042114691836,-28.841492833227623],[-51.89043613951617,-28.839632860767903],[-51.88844793632319,-28.839618828646007],[-51.88843292933621,-28.84147880110572],[-51.89042114691836,-28.841492833227623]]]}},{"type":"Feature","properties":{"id_grade":"200ME52124N81336","pop":148,"dom":50,"universo_dom":"domicilios_ocupados_grade_ibge_2022","na_bacia":1,"area_pct_bacia":100.0,"metodo_recorte_bacia":"ponto_representativo_grade_2022; area_pct_geometrica","status_borda_bacia":"total","metodo_area_bacia":"interseção geométrica em EPSG:5880","metodo_na_bacia":"ponto_representativo_grade_2022_within_bacia","pop_n_validos":1,"pop_n_total":1,"pop_completude":1.0,"dom_n_validos":1,"dom_n_total":1,"dom_completude":1.0},"geometry":{"type":"Polygon","coordinates":[[[-51.88843292933621,-28.84147880110572],[-51.88844793632319,-28.839618828646007],[-51.88645973313015,-28.83960478303423],[-51.886444711753995,-28.84146475549399],[-51.88843292933621,-28.84147880110572]]]}},{"type":"Feature","properties":{"id_grade":"200ME52126N81336","pop":112,"dom":44,"universo_dom":"domicilios_ocupados_grade_ibge_2022","na_bacia":1,"area_pct_bacia":100.0,"metodo_recorte_bacia":"ponto_representativo_grade_2022; area_pct_geometrica","status_borda_bacia":"total","metodo_area_bacia":"interseção geométrica em EPSG:5880","metodo_na_bacia":"ponto_representativo_grade_2022_within_bacia","pop_n_validos":1,"pop_n_total":1,"pop_completude":1.0,"dom_n_validos":1,"dom_n_total":1,"dom_completude":1.0},"geometry":{"type":"Polygon","coordinates":[[[-51.886444711753995,-28.84146475549399],[-51.88645973313015,-28.83960478303423],[-51.884471529937116,-28.83959072393264],[-51.88445649507117,-28.841450696392485],[-51.886444711753995,-28.84146475549399]]]}},{"type":"Feature","properties":{"id_grade":"200ME52128N81336","pop":67,"dom":22,"universo_dom":"domicilios_ocupados_grade_ibge_2022","na_bacia":1,"area_pct_bacia":100.0,"metodo_recorte_bacia":"ponto_representativo_grade_2022; area_pct_geometrica","status_borda_bacia":"total","metodo_area_bacia":"interseção geométrica em EPSG:5880","metodo_na_bacia":"ponto_representativo_grade_2022_within_bacia","pop_n_validos":1,"pop_n_total":1,"pop_completude":1.0,"dom_n_validos":1,"dom_n_total":1,"dom_completude":1.0},"geometry":{"type":"Polygon","coordinates":[[[-51.88445649507117,-28.841450696392485],[-51.884471529937116,-28.83959072393264],[-51.88248332674408,-28.839576652240638],[-51.882468277488954,-28.841436623801073],[-51.88445649507117,-28.841450696392485]]]}},{"type":"Feature","properties":{"id_grade":"200ME52120N81338","pop":56,"dom":23,"universo_dom":"domicilios_ocupados_grade_ibge_2022","na_bacia":1,"area_pct_bacia":100.0,"metodo_recorte_bacia":"ponto_representativo_grade_2022; area_pct_geometrica","status_borda_bacia":"total","metodo_area_bacia":"interseção geométrica em EPSG:5880","metodo_na_bacia":"ponto_representativo_grade_2022_within_bacia","pop_n_validos":1,"pop_n_total":1,"pop_completude":1.0,"dom_n_validos":1,"dom_n_total":1,"dom_completude":1.0},"geometry":{"type":"Polygon","coordinates":[[[-51.892424342709205,-28.83964687939997],[-51.89243932181723,-28.83778692582586],[-51.89045113211404,-28.837772907193855],[-51.89043613951617,-28.839632860767903],[-51.892424342709205,-28.83964687939997]]]}},{"type":"Feature","properties":{"id_grade":"200ME52122N81338","pop":285,"dom":107,"universo_dom":"domicilios_ocupados_grade_ibge_2022","na_bacia":1,"area_pct_bacia":100.0,"metodo_recorte_bacia":"ponto_representativo_grade_2022; area_pct_geometrica","status_borda_bacia":"total","metodo_area_bacia":"interseção geométrica em EPSG:5880","metodo_na_bacia":"ponto_representativo_grade_2022_within_bacia","pop_n_validos":1,"pop_n_total":1,"pop_completude":1.0,"dom_n_validos":1,"dom_n_total":1,"dom_completude":1.0},"geometry":{"type":"Polygon","coordinates":[[[-51.89043613951617,-28.839632860767903],[-51.89045113211404,-28.837772907193855],[-51.8884629424108,-28.837758875071977],[-51.88844793632319,-28.839618828646007],[-51.89043613951617,-28.839632860767903]]]}},{"type":"Feature","properties":{"id_grade":"200ME52124N81338","pop":241,"dom":89,"universo_dom":"domicilios_ocupados_grade_ibge_2022","na_bacia":1,"area_pct_bacia":100.0,"metodo_recorte_bacia":"ponto_representativo_grade_2022; area_pct_geometrica","status_borda_bacia":"total","metodo_area_bacia":"interseção geométrica em EPSG:5880","metodo_na_bacia":"ponto_representativo_grade_2022_within_bacia","pop_n_validos":1,"pop_n_total":1,"pop_completude":1.0,"dom_n_validos":1,"dom_n_total":1,"dom_completude":1.0},"geometry":{"type":"Polygon","coordinates":[[[-51.88844793632319,-28.839618828646007],[-51.8884629424108,-28.837758875071977],[-51.88647475360693,-28.83774482946025],[-51.88645973313015,-28.83960478303423],[-51.88844793632319,-28.839618828646007]]]}},{"type":"Feature","properties":{"id_grade":"200ME52126N81338","pop":108,"dom":44,"universo_dom":"domicilios_ocupados_grade_ibge_2022","na_bacia":1,"area_pct_bacia":100.0,"metodo_recorte_bacia":"ponto_representativo_grade_2022; area_pct_geometrica","status_borda_bacia":"total","metodo_area_bacia":"interseção geométrica em EPSG:5880","metodo_na_bacia":"ponto_representativo_grade_2022_within_bacia","pop_n_validos":1,"pop_n_total":1,"pop_completude":1.0,"dom_n_validos":1,"dom_n_total":1,"dom_completude":1.0},"geometry":{"type":"Polygon","coordinates":[[[-51.88645973313015,-28.83960478303423],[-51.88647475360693,-28.83774482946025],[-51.88448656480307,-28.83773077125808],[-51.884471529937116,-28.83959072393264],[-51.88645973313015,-28.83960478303423]]]}},{"type":"Feature","properties":{"id_grade":"200ME52128N81338","pop":212,"dom":81,"universo_dom":"domicilios_ocupados_grade_ibge_2022","na_bacia":1,"area_pct_bacia":100.0,"metodo_recorte_bacia":"ponto_representativo_grade_2022; area_pct_geometrica","status_borda_bacia":"total","metodo_area_bacia":"interseção geométrica em EPSG:5880","metodo_na_bacia":"ponto_representativo_grade_2022_within_bacia","pop_n_validos":1,"pop_n_total":1,"pop_completude":1.0,"dom_n_validos":1,"dom_n_total":1,"dom_completude":1.0},"geometry":{"type":"Polygon","coordinates":[[[-51.884471529937116,-28.83959072393264],[-51.88448656480307,-28.83773077125808],[-51.882498375999205,-28.837716699565963],[-51.88248332674408,-28.839576652240638],[-51.884471529937116,-28.83959072393264]]]}},{"type":"Feature","properties":{"id_grade":"200ME52120N81340","pop":6,"dom":2,"universo_dom":"domicilios_ocupados_grade_ibge_2022","na_bacia":1,"area_pct_bacia":100.0,"metodo_recorte_bacia":"ponto_representativo_grade_2022; area_pct_geometrica","status_borda_bacia":"total","metodo_area_bacia":"interseção geométrica em EPSG:5880","metodo_na_bacia":"ponto_representativo_grade_2022_within_bacia","pop_n_validos":1,"pop_n_total":1,"pop_completude":1.0,"dom_n_validos":1,"dom_n_total":1,"dom_completude":1.0},"geometry":{"type":"Polygon","coordinates":[[[-51.89243932181723,-28.83778692582586],[-51.89245430002587,-28.83592699113771],[-51.89046612471185,-28.835912972505565],[-51.89045113211404,-28.837772907193855],[-51.89243932181723,-28.83778692582586]]]}},{"type":"Feature","properties":{"id_grade":"200ME52122N81340","pop":16,"dom":6,"universo_dom":"domicilios_ocupados_grade_ibge_2022","na_bacia":1,"area_pct_bacia":100.0,"metodo_recorte_bacia":"ponto_representativo_grade_2022; area_pct_geometrica","status_borda_bacia":"total","metodo_area_bacia":"interseção geométrica em EPSG:5880","metodo_na_bacia":"ponto_representativo_grade_2022_within_bacia","pop_n_validos":1,"pop_n_total":1,"pop_completude":1.0,"dom_n_validos":1,"dom_n_total":1,"dom_completude":1.0},"geometry":{"type":"Polygon","coordinates":[[[-51.89045113211404,-28.837772907193855],[-51.89046612471185,-28.835912972505565],[-51.88847794939778,-28.83589894128308],[-51.8884629424108,-28.837758875071977],[-51.89045113211404,-28.837772907193855]]]}},{"type":"Feature","properties":{"id_grade":"200ME52124N81340","pop":13,"dom":5,"universo_dom":"domicilios_ocupados_grade_ibge_2022","na_bacia":1,"area_pct_bacia":100.0,"metodo_recorte_bacia":"ponto_representativo_grade_2022; area_pct_geometrica","status_borda_bacia":"total","metodo_area_bacia":"interseção geométrica em EPSG:5880","metodo_na_bacia":"ponto_representativo_grade_2022_within_bacia","pop_n_validos":1,"pop_n_total":1,"pop_completude":1.0,"dom_n_validos":1,"dom_n_total":1,"dom_completude":1.0},"geometry":{"type":"Polygon","coordinates":[[[-51.8884629424108,-28.837758875071977],[-51.88847794939778,-28.83589894128308],[-51.88648977408377,-28.83588489567137],[-51.88647475360693,-28.83774482946025],[-51.8884629424108,-28.837758875071977]]]}},{"type":"Feature","properties":{"id_grade":"200ME52126N81340","pop":21,"dom":7,"universo_dom":"domicilios_ocupados_grade_ibge_2022","na_bacia":1,"area_pct_bacia":100.0,"metodo_recorte_bacia":"ponto_representativo_grade_2022; area_pct_geometrica","status_borda_bacia":"total","metodo_area_bacia":"interseção geométrica em EPSG:5880","metodo_na_bacia":"ponto_representativo_grade_2022_within_bacia","pop_n_validos":1,"pop_n_total":1,"pop_completude":1.0,"dom_n_validos":1,"dom_n_total":1,"dom_completude":1.0},"geometry":{"type":"Polygon","coordinates":[[[-51.88647475360693,-28.83774482946025],[-51.88648977408377,-28.83588489567137],[-51.88450159966902,-28.835870837469198],[-51.88448656480307,-28.83773077125808],[-51.88647475360693,-28.83774482946025]]]}},{"type":"Feature","properties":{"id_grade":"200ME52128N81340","pop":44,"dom":13,"universo_dom":"domicilios_ocupados_grade_ibge_2022","na_bacia":1,"area_pct_bacia":100.0,"metodo_recorte_bacia":"ponto_representativo_grade_2022; area_pct_geometrica","status_borda_bacia":"total","metodo_area_bacia":"interseção geométrica em EPSG:5880","metodo_na_bacia":"ponto_representativo_grade_2022_within_bacia","pop_n_validos":1,"pop_n_total":1,"pop_completude":1.0,"dom_n_validos":1,"dom_n_total":1,"dom_completude":1.0},"geometry":{"type":"Polygon","coordinates":[[[-51.88448656480307,-28.83773077125808],[-51.88450159966902,-28.835870837469198],[-51.88251342525433,-28.835856765777102],[-51.882498375999205,-28.837716699565963],[-51.88448656480307,-28.83773077125808]]]}},{"type":"Feature","properties":{"id_grade":"200ME52132N81262","pop":3,"dom":1,"universo_dom":"domicilios_ocupados_grade_ibge_2022","na_bacia":1,"area_pct_bacia":100.0,"metodo_recorte_bacia":"ponto_representativo_grade_2022; area_pct_geometrica","status_borda_bacia":"total","metodo_area_bacia":"interseção geométrica em EPSG:5880","metodo_na_bacia":"ponto_representativo_grade_2022_within_bacia","pop_n_validos":1,"pop_n_total":1,"pop_completude":1.0,"dom_n_validos":1,"dom_n_total":1,"dom_completude":1.0},"geometry":{"type":"Polygon","coordinates":[[[-51.87992256117724,-28.910255116480435],[-51.879937632016045,-28.90839442726095],[-51.87794890721625,-28.908380319596002],[-51.877933821988286,-28.910241008815404],[-51.87992256117724,-28.910255116480435]]]}},{"type":"Feature","properties":{"id_grade":"200ME52134N81262","pop":2,"dom":1,"universo_dom":"domicilios_ocupados_grade_ibge_2022","na_bacia":1,"area_pct_bacia":100.0,"metodo_recorte_bacia":"ponto_representativo_grade_2022; area_pct_geometrica","status_borda_bacia":"total","metodo_area_bacia":"interseção geométrica em EPSG:5880","metodo_na_bacia":"ponto_representativo_grade_2022_within_bacia","pop_n_validos":1,"pop_n_total":1,"pop_completude":1.0,"dom_n_validos":1,"dom_n_total":1,"dom_completude":1.0},"geometry":{"type":"Polygon","coordinates":[[[-51.877933821988286,-28.910241008815404],[-51.87794890721625,-28.908380319596002],[-51.87596018241646,-28.90836619934062],[-51.875945082799255,-28.9102268876607],[-51.877933821988286,-28.910241008815404]]]}},{"type":"Feature","properties":{"id_grade":"200ME52136N81262","pop":2,"dom":1,"universo_dom":"domicilios_ocupados_grade_ibge_2022","na_bacia":1,"area_pct_bacia":100.0,"metodo_recorte_bacia":"ponto_representativo_grade_2022; area_pct_geometrica","status_borda_bacia":"total","metodo_area_bacia":"interseção geométrica em EPSG:5880","metodo_na_bacia":"ponto_representativo_grade_2022_within_bacia","pop_n_validos":1,"pop_n_total":1,"pop_completude":1.0,"dom_n_validos":1,"dom_n_total":1,"dom_completude":1.0},"geometry":{"type":"Polygon","coordinates":[[[-51.875945082799255,-28.9102268876607],[-51.87596018241646,-28.90836619934062],[-51.87397145761662,-28.908352064695897],[-51.8739563436103,-28.910212753915417],[-51.875945082799255,-28.9102268876607]]]}},{"type":"Feature","properties":{"id_grade":"200ME52138N81262","pop":5,"dom":2,"universo_dom":"domicilios_ocupados_grade_ibge_2022","na_bacia":1,"area_pct_bacia":100.0,"metodo_recorte_bacia":"ponto_representativo_grade_2022; area_pct_geometrica","status_borda_bacia":"total","metodo_area_bacia":"interseção geométrica em EPSG:5880","metodo_na_bacia":"ponto_representativo_grade_2022_within_bacia","pop_n_validos":1,"pop_n_total":1,"pop_completude":1.0,"dom_n_validos":1,"dom_n_total":1,"dom_completude":1.0},"geometry":{"type":"Polygon","coordinates":[[[-51.8739563436103,-28.910212753915417],[-51.87397145761662,-28.908352064695897],[-51.87198273281683,-28.908337917460887],[-51.87196760442134,-28.910198605781],[-51.8739563436103,-28.910212753915417]]]}},{"type":"Feature","properties":{"id_grade":"200ME52130N81264","pop":4,"dom":1,"universo_dom":"domicilios_ocupados_grade_ibge_2022","na_bacia":1,"area_pct_bacia":100.0,"metodo_recorte_bacia":"ponto_representativo_grade_2022; area_pct_geometrica","status_borda_bacia":"total","metodo_area_bacia":"interseção geométrica em EPSG:5880","metodo_na_bacia":"ponto_representativo_grade_2022_within_bacia","pop_n_validos":1,"pop_n_total":1,"pop_completude":1.0,"dom_n_validos":1,"dom_n_total":1,"dom_completude":1.0},"geometry":{"type":"Polygon","coordinates":[[[-51.8819263577152,-28.908408521436016],[-51.88194141506421,-28.90654785110238],[-51.879952703754206,-28.90653375692726],[-51.879937632016045,-28.90839442726095],[-51.8819263577152,-28.908408521436016]]]}},{"type":"Feature","properties":{"id_grade":"200ME52134N81264","pop":3,"dom":1,"universo_dom":"domicilios_ocupados_grade_ibge_2022","na_bacia":1,"area_pct_bacia":100.0,"metodo_recorte_bacia":"ponto_representativo_grade_2022; area_pct_geometrica","status_borda_bacia":"total","metodo_area_bacia":"interseção geométrica em EPSG:5880","metodo_na_bacia":"ponto_representativo_grade_2022_within_bacia","pop_n_validos":1,"pop_n_total":1,"pop_completude":1.0,"dom_n_validos":1,"dom_n_total":1,"dom_completude":1.0},"geometry":{"type":"Polygon","coordinates":[[[-51.87794890721625,-28.908380319596002],[-51.87796399244428,-28.906519650161687],[-51.875975282033615,-28.906505529006882],[-51.87596018241646,-28.90836619934062],[-51.87794890721625,-28.908380319596002]]]}},{"type":"Feature","properties":{"id_grade":"200ME52130N81266","pop":3,"dom":1,"universo_dom":"domicilios_ocupados_grade_ibge_2022","na_bacia":1,"area_pct_bacia":100.0,"metodo_recorte_bacia":"ponto_representativo_grade_2022; area_pct_geometrica","status_borda_bacia":"total","metodo_area_bacia":"interseção geométrica em EPSG:5880","metodo_na_bacia":"ponto_representativo_grade_2022_within_bacia","pop_n_validos":1,"pop_n_total":1,"pop_completude":1.0,"dom_n_validos":1,"dom_n_total":1,"dom_completude":1.0},"geometry":{"type":"Polygon","coordinates":[[[-51.88194141506421,-28.90654785110238],[-51.88195647151389,-28.904687200553823],[-51.87996777459306,-28.90467310637871],[-51.879952703754206,-28.90653375692726],[-51.88194141506421,-28.90654785110238]]]}},{"type":"Feature","properties":{"id_grade":"200ME52132N81304","pop":2,"dom":1,"universo_dom":"domicilios_ocupados_grade_ibge_2022","na_bacia":1,"area_pct_bacia":100.0,"metodo_recorte_bacia":"ponto_representativo_grade_2022; area_pct_geometrica","status_borda_bacia":"total","metodo_area_bacia":"interseção geométrica em EPSG:5880","metodo_na_bacia":"ponto_representativo_grade_2022_within_bacia","pop_n_validos":1,"pop_n_total":1,"pop_completude":1.0,"dom_n_validos":1,"dom_n_total":1,"dom_completude":1.0},"geometry":{"type":"Polygon","coordinates":[[[-51.88023901641742,-28.871184718599878],[-51.88025408275968,-28.86932443677327],[-51.87826565473614,-28.869310334504263],[-51.87825057310545,-28.87117061633085],[-51.88023901641742,-28.871184718599878]]]}},{"type":"Feature","properties":{"id_grade":"200ME52136N81304","pop":9,"dom":3,"universo_dom":"domicilios_ocupados_grade_ibge_2022","na_bacia":1,"area_pct_bacia":100.0,"metodo_recorte_bacia":"ponto_representativo_grade_2022; area_pct_geometrica","status_borda_bacia":"total","metodo_area_bacia":"interseção geométrica em EPSG:5880","metodo_na_bacia":"ponto_representativo_grade_2022_within_bacia","pop_n_validos":1,"pop_n_total":1,"pop_completude":1.0,"dom_n_validos":1,"dom_n_total":1,"dom_completude":1.0},"geometry":{"type":"Polygon","coordinates":[[[-51.87626213069274,-28.87115650057207],[-51.87627722671261,-28.86929621874544],[-51.874288798689065,-28.869282090396123],[-51.87427368917935,-28.871142371323376],[-51.87626213069274,-28.87115650057207]]]}},{"type":"Feature","properties":{"id_grade":"200ME52136N81306","pop":2,"dom":1,"universo_dom":"domicilios_ocupados_grade_ibge_2022","na_bacia":1,"area_pct_bacia":100.0,"metodo_recorte_bacia":"ponto_representativo_grade_2022; area_pct_geometrica","status_borda_bacia":"total","metodo_area_bacia":"interseção geométrica em EPSG:5880","metodo_na_bacia":"ponto_representativo_grade_2022_within_bacia","pop_n_validos":1,"pop_n_total":1,"pop_completude":1.0,"dom_n_validos":1,"dom_n_total":1,"dom_completude":1.0},"geometry":{"type":"Polygon","coordinates":[[[-51.87627722671261,-28.86929621874544],[-51.87629232093383,-28.867435957603337],[-51.87430390729946,-28.867421828354637],[-51.874288798689065,-28.869282090396123],[-51.87627722671261,-28.86929621874544]]]}},{"type":"Feature","properties":{"id_grade":"200ME52134N81308","pop":7,"dom":3,"universo_dom":"domicilios_ocupados_grade_ibge_2022","na_bacia":1,"area_pct_bacia":100.0,"metodo_recorte_bacia":"ponto_representativo_grade_2022; area_pct_geometrica","status_borda_bacia":"total","metodo_area_bacia":"interseção geométrica em EPSG:5880","metodo_na_bacia":"ponto_representativo_grade_2022_within_bacia","pop_n_validos":1,"pop_n_total":1,"pop_completude":1.0,"dom_n_validos":1,"dom_n_total":1,"dom_completude":1.0},"geometry":{"type":"Polygon","coordinates":[[[-51.87828073546751,-28.867450072462848],[-51.87829581619894,-28.865589830206428],[-51.876307416054374,-28.86557571534699],[-51.87629232093383,-28.867435957603337],[-51.87828073546751,-28.867450072462848]]]}},{"type":"Feature","properties":{"id_grade":"200ME52136N81308","pop":6,"dom":2,"universo_dom":"domicilios_ocupados_grade_ibge_2022","na_bacia":1,"area_pct_bacia":100.0,"metodo_recorte_bacia":"ponto_representativo_grade_2022; area_pct_geometrica","status_borda_bacia":"total","metodo_area_bacia":"interseção geométrica em EPSG:5880","metodo_na_bacia":"ponto_representativo_grade_2022_within_bacia","pop_n_validos":1,"pop_n_total":1,"pop_completude":1.0,"dom_n_validos":1,"dom_n_total":1,"dom_completude":1.0},"geometry":{"type":"Polygon","coordinates":[[[-51.87629232093383,-28.867435957603337],[-51.876307416054374,-28.86557571534699],[-51.874319016809125,-28.865561586997565],[-51.87430390729946,-28.867421828354637],[-51.87629232093383,-28.867435957603337]]]}},{"type":"Feature","properties":{"id_grade":"200ME52138N81308","pop":5,"dom":1,"universo_dom":"domicilios_ocupados_grade_ibge_2022","na_bacia":1,"area_pct_bacia":100.0,"metodo_recorte_bacia":"ponto_representativo_grade_2022; area_pct_geometrica","status_borda_bacia":"total","metodo_area_bacia":"interseção geométrica em EPSG:5880","metodo_na_bacia":"ponto_representativo_grade_2022_within_bacia","pop_n_validos":1,"pop_n_total":1,"pop_completude":1.0,"dom_n_validos":1,"dom_n_total":1,"dom_completude":1.0},"geometry":{"type":"Polygon","coordinates":[[[-51.87430390729946,-28.867421828354637],[-51.874319016809125,-28.865561586997565],[-51.87233061666461,-28.86554744515842],[-51.87231549366504,-28.86740768741484],[-51.87430390729946,-28.867421828354637]]]}},{"type":"Feature","properties":{"id_grade":"200ME52134N81310","pop":4,"dom":2,"universo_dom":"domicilios_ocupados_grade_ibge_2022","na_bacia":1,"area_pct_bacia":100.0,"metodo_recorte_bacia":"ponto_representativo_grade_2022; area_pct_geometrica","status_borda_bacia":"total","metodo_area_bacia":"interseção geométrica em EPSG:5880","metodo_na_bacia":"ponto_representativo_grade_2022_within_bacia","pop_n_validos":1,"pop_n_total":1,"pop_completude":1.0,"dom_n_validos":1,"dom_n_total":1,"dom_completude":1.0},"geometry":{"type":"Polygon","coordinates":[[[-51.87829581619894,-28.865589830206428],[-51.878310896030996,-28.863729606835836],[-51.8763225102756,-28.863715491976354],[-51.876307416054374,-28.86557571534699],[-51.87829581619894,-28.865589830206428]]]}},{"type":"Feature","properties":{"id_grade":"200ME52136N81310","pop":4,"dom":1,"universo_dom":"domicilios_ocupados_grade_ibge_2022","na_bacia":1,"area_pct_bacia":100.0,"metodo_recorte_bacia":"ponto_representativo_grade_2022; area_pct_geometrica","status_borda_bacia":"total","metodo_area_bacia":"interseção geométrica em EPSG:5880","metodo_na_bacia":"ponto_representativo_grade_2022_within_bacia","pop_n_validos":1,"pop_n_total":1,"pop_completude":1.0,"dom_n_validos":1,"dom_n_total":1,"dom_completude":1.0},"geometry":{"type":"Polygon","coordinates":[[[-51.876307416054374,-28.86557571534699],[-51.8763225102756,-28.863715491976354],[-51.87433412541952,-28.863701363627005],[-51.874319016809125,-28.865561586997565],[-51.876307416054374,-28.86557571534699]]]}},{"type":"Feature","properties":{"id_grade":"200ME52134N81312","pop":5,"dom":2,"universo_dom":"domicilios_ocupados_grade_ibge_2022","na_bacia":1,"area_pct_bacia":100.0,"metodo_recorte_bacia":"ponto_representativo_grade_2022; area_pct_geometrica","status_borda_bacia":"total","metodo_area_bacia":"interseção geométrica em EPSG:5880","metodo_na_bacia":"ponto_representativo_grade_2022_within_bacia","pop_n_validos":1,"pop_n_total":1,"pop_completude":1.0,"dom_n_validos":1,"dom_n_total":1,"dom_completude":1.0},"geometry":{"type":"Polygon","coordinates":[[[-51.878310896030996,-28.863729606835836],[-51.87832597676236,-28.861869403250306],[-51.876337605396145,-28.86185528839078],[-51.8763225102756,-28.863715491976354],[-51.878310896030996,-28.863729606835836]]]}},{"type":"Feature","properties":{"id_grade":"200ME52132N81314","pop":2,"dom":1,"universo_dom":"domicilios_ocupados_grade_ibge_2022","na_bacia":1,"area_pct_bacia":100.0,"metodo_recorte_bacia":"ponto_representativo_grade_2022; area_pct_geometrica","status_borda_bacia":"total","metodo_area_bacia":"interseção geométrica em EPSG:5880","metodo_na_bacia":"ponto_representativo_grade_2022_within_bacia","pop_n_validos":1,"pop_n_total":1,"pop_completude":1.0,"dom_n_validos":1,"dom_n_total":1,"dom_completude":1.0},"geometry":{"type":"Polygon","coordinates":[[[-51.88031434812865,-28.861883504619975],[-51.88032941447085,-28.860023319920277],[-51.87834105659442,-28.860009218550537],[-51.87832597676236,-28.861869403250306],[-51.88031434812865,-28.861883504619975]]]}},{"type":"Feature","properties":{"id_grade":"200ME52134N81314","pop":10,"dom":4,"universo_dom":"domicilios_ocupados_grade_ibge_2022","na_bacia":1,"area_pct_bacia":100.0,"metodo_recorte_bacia":"ponto_representativo_grade_2022; area_pct_geometrica","status_borda_bacia":"total","metodo_area_bacia":"interseção geométrica em EPSG:5880","metodo_na_bacia":"ponto_representativo_grade_2022_within_bacia","pop_n_validos":1,"pop_n_total":1,"pop_completude":1.0,"dom_n_validos":1,"dom_n_total":1,"dom_completude":1.0},"geometry":{"type":"Polygon","coordinates":[[[-51.87832597676236,-28.861869403250306],[-51.87834105659442,-28.860009218550537],[-51.876352698718044,-28.85999510459042],[-51.876337605396145,-28.86185528839078],[-51.87832597676236,-28.861869403250306]]]}},{"type":"Feature","properties":{"id_grade":"200ME52130N81318","pop":32,"dom":9,"universo_dom":"domicilios_ocupados_grade_ibge_2022","na_bacia":1,"area_pct_bacia":100.0,"metodo_recorte_bacia":"ponto_representativo_grade_2022; area_pct_geometrica","status_borda_bacia":"total","metodo_area_bacia":"interseção geométrica em EPSG:5880","metodo_na_bacia":"ponto_representativo_grade_2022_within_bacia","pop_n_validos":1,"pop_n_total":1,"pop_completude":1.0,"dom_n_validos":1,"dom_n_total":1,"dom_completude":1.0},"geometry":{"type":"Polygon","coordinates":[[[-51.88233282340105,-28.858177241986077],[-51.88234787535413,-28.8563170959572],[-51.880359545356676,-28.856303008976578],[-51.88034447991379,-28.85816315410624],[-51.88233282340105,-28.858177241986077]]]}},{"type":"Feature","properties":{"id_grade":"200ME52132N81318","pop":5,"dom":1,"universo_dom":"domicilios_ocupados_grade_ibge_2022","na_bacia":1,"area_pct_bacia":100.0,"metodo_recorte_bacia":"ponto_representativo_grade_2022; area_pct_geometrica","status_borda_bacia":"total","metodo_area_bacia":"interseção geométrica em EPSG:5880","metodo_na_bacia":"ponto_representativo_grade_2022_within_bacia","pop_n_validos":1,"pop_n_total":1,"pop_completude":1.0,"dom_n_validos":1,"dom_n_total":1,"dom_completude":1.0},"geometry":{"type":"Polygon","coordinates":[[[-51.88034447991379,-28.85816315410624],[-51.880359545356676,-28.856303008976578],[-51.878371216258586,-28.856288907606935],[-51.87835613642653,-28.858149053635824],[-51.88034447991379,-28.85816315410624]]]}},{"type":"Feature","properties":{"id_grade":"200ME52134N81318","pop":111,"dom":18,"universo_dom":"domicilios_ocupados_grade_ibge_2022","na_bacia":1,"area_pct_bacia":100.0,"metodo_recorte_bacia":"ponto_representativo_grade_2022; area_pct_geometrica","status_borda_bacia":"total","metodo_area_bacia":"interseção geométrica em EPSG:5880","metodo_na_bacia":"ponto_representativo_grade_2022_within_bacia","pop_n_validos":1,"pop_n_total":1,"pop_completude":1.0,"dom_n_validos":1,"dom_n_total":1,"dom_completude":1.0},"geometry":{"type":"Polygon","coordinates":[[[-51.87835613642653,-28.858149053635824],[-51.878371216258586,-28.856288907606935],[-51.876382886261126,-28.856274794546113],[-51.876367792939284,-28.8581349396757],[-51.87835613642653,-28.858149053635824]]]}},{"type":"Feature","properties":{"id_grade":"200ME52136N81318","pop":66,"dom":18,"universo_dom":"domicilios_ocupados_grade_ibge_2022","na_bacia":1,"area_pct_bacia":100.0,"metodo_recorte_bacia":"ponto_representativo_grade_2022; area_pct_geometrica","status_borda_bacia":"total","metodo_area_bacia":"interseção geométrica em EPSG:5880","metodo_na_bacia":"ponto_representativo_grade_2022_within_bacia","pop_n_validos":1,"pop_n_total":1,"pop_completude":1.0,"dom_n_validos":1,"dom_n_total":1,"dom_completude":1.0},"geometry":{"type":"Polygon","coordinates":[[[-51.876367792939284,-28.8581349396757],[-51.876382886261126,-28.856274794546113],[-51.87439455806236,-28.856260667096034],[-51.87437944945197,-28.85812081222568],[-51.876367792939284,-28.8581349396757]]]}},{"type":"Feature","properties":{"id_grade":"200ME52132N81320","pop":4,"dom":2,"universo_dom":"domicilios_ocupados_grade_ibge_2022","na_bacia":1,"area_pct_bacia":100.0,"metodo_recorte_bacia":"ponto_representativo_grade_2022; area_pct_geometrica","status_borda_bacia":"total","metodo_area_bacia":"interseção geométrica em EPSG:5880","metodo_na_bacia":"ponto_representativo_grade_2022_within_bacia","pop_n_validos":1,"pop_n_total":1,"pop_completude":1.0,"dom_n_validos":1,"dom_n_total":1,"dom_completude":1.0},"geometry":{"type":"Polygon","coordinates":[[[-51.880359545356676,-28.856303008976578],[-51.880374610799606,-28.854442881833485],[-51.87838629519131,-28.854428781363154],[-51.878371216258586,-28.856288907606935],[-51.880359545356676,-28.856303008976578]]]}},{"type":"Feature","properties":{"id_grade":"200ME52134N81320","pop":249,"dom":88,"universo_dom":"domicilios_ocupados_grade_ibge_2022","na_bacia":1,"area_pct_bacia":100.0,"metodo_recorte_bacia":"ponto_representativo_grade_2022; area_pct_geometrica","status_borda_bacia":"total","metodo_area_bacia":"interseção geométrica em EPSG:5880","metodo_na_bacia":"ponto_representativo_grade_2022_within_bacia","pop_n_validos":1,"pop_n_total":1,"pop_completude":1.0,"dom_n_validos":1,"dom_n_total":1,"dom_completude":1.0},"geometry":{"type":"Polygon","coordinates":[[[-51.878371216258586,-28.856288907606935],[-51.87838629519131,-28.854428781363154],[-51.87639798048235,-28.8544146683023],[-51.876382886261126,-28.856274794546113],[-51.878371216258586,-28.856288907606935]]]}},{"type":"Feature","properties":{"id_grade":"200ME52136N81320","pop":257,"dom":83,"universo_dom":"domicilios_ocupados_grade_ibge_2022","na_bacia":1,"area_pct_bacia":100.0,"metodo_recorte_bacia":"ponto_representativo_grade_2022; area_pct_geometrica","status_borda_bacia":"total","metodo_area_bacia":"interseção geométrica em EPSG:5880","metodo_na_bacia":"ponto_representativo_grade_2022_within_bacia","pop_n_validos":1,"pop_n_total":1,"pop_completude":1.0,"dom_n_validos":1,"dom_n_total":1,"dom_completude":1.0},"geometry":{"type":"Polygon","coordinates":[[[-51.876382886261126,-28.856274794546113],[-51.87639798048235,-28.8544146683023],[-51.874409664874065,-28.854400540852286],[-51.87439455806236,-28.856260667096034],[-51.876382886261126,-28.856274794546113]]]}},{"type":"Feature","properties":{"id_grade":"200ME52138N81320","pop":17,"dom":4,"universo_dom":"domicilios_ocupados_grade_ibge_2022","na_bacia":1,"area_pct_bacia":100.0,"metodo_recorte_bacia":"ponto_representativo_grade_2022; area_pct_geometrica","status_borda_bacia":"total","metodo_area_bacia":"interseção geométrica em EPSG:5880","metodo_na_bacia":"ponto_representativo_grade_2022_within_bacia","pop_n_validos":1,"pop_n_total":1,"pop_completude":1.0,"dom_n_validos":1,"dom_n_total":1,"dom_completude":1.0},"geometry":{"type":"Polygon","coordinates":[[[-51.87439455806236,-28.856260667096034],[-51.874409664874065,-28.854400540852286],[-51.872421350165155,-28.85438640081168],[-51.87240622896428,-28.856246527055532],[-51.87439455806236,-28.856260667096034]]]}},{"type":"Feature","properties":{"id_grade":"200ME52130N81322","pop":5,"dom":2,"universo_dom":"domicilios_ocupados_grade_ibge_2022","na_bacia":1,"area_pct_bacia":100.0,"metodo_recorte_bacia":"ponto_representativo_grade_2022; area_pct_geometrica","status_borda_bacia":"total","metodo_area_bacia":"interseção geométrica em EPSG:5880","metodo_na_bacia":"ponto_representativo_grade_2022_within_bacia","pop_n_validos":1,"pop_n_total":1,"pop_completude":1.0,"dom_n_validos":1,"dom_n_total":1,"dom_completude":1.0},"geometry":{"type":"Polygon","coordinates":[[[-51.88236292640789,-28.854456969713418],[-51.88237797746166,-28.852596861455922],[-51.88038967534323,-28.852582775374714],[-51.880374610799606,-28.854442881833485],[-51.88236292640789,-28.854456969713418]]]}},{"type":"Feature","properties":{"id_grade":"200ME52132N81322","pop":7,"dom":2,"universo_dom":"domicilios_ocupados_grade_ibge_2022","na_bacia":1,"area_pct_bacia":100.0,"metodo_recorte_bacia":"ponto_representativo_grade_2022; area_pct_geometrica","status_borda_bacia":"total","metodo_area_bacia":"interseção geométrica em EPSG:5880","metodo_na_bacia":"ponto_representativo_grade_2022_within_bacia","pop_n_validos":1,"pop_n_total":1,"pop_completude":1.0,"dom_n_validos":1,"dom_n_total":1,"dom_completude":1.0},"geometry":{"type":"Polygon","coordinates":[[[-51.880374610799606,-28.854442881833485],[-51.88038967534323,-28.852582775374714],[-51.87840137412405,-28.852568674904354],[-51.87838629519131,-28.854428781363154],[-51.880374610799606,-28.854442881833485]]]}},{"type":"Feature","properties":{"id_grade":"200ME52134N81322","pop":295,"dom":102,"universo_dom":"domicilios_ocupados_grade_ibge_2022","na_bacia":1,"area_pct_bacia":100.0,"metodo_recorte_bacia":"ponto_representativo_grade_2022; area_pct_geometrica","status_borda_bacia":"total","metodo_area_bacia":"interseção geométrica em EPSG:5880","metodo_na_bacia":"ponto_representativo_grade_2022_within_bacia","pop_n_validos":1,"pop_n_total":1,"pop_completude":1.0,"dom_n_validos":1,"dom_n_total":1,"dom_completude":1.0},"geometry":{"type":"Polygon","coordinates":[[[-51.87838629519131,-28.854428781363154],[-51.87840137412405,-28.852568674904354],[-51.876413073804265,-28.852554561843537],[-51.87639798048235,-28.8544146683023],[-51.87838629519131,-28.854428781363154]]]}},{"type":"Feature","properties":{"id_grade":"200ME52136N81322","pop":188,"dom":63,"universo_dom":"domicilios_ocupados_grade_ibge_2022","na_bacia":1,"area_pct_bacia":100.0,"metodo_recorte_bacia":"ponto_representativo_grade_2022; area_pct_geometrica","status_borda_bacia":"total","metodo_area_bacia":"interseção geométrica em EPSG:5880","metodo_na_bacia":"ponto_representativo_grade_2022_within_bacia","pop_n_validos":1,"pop_n_total":1,"pop_completude":1.0,"dom_n_validos":1,"dom_n_total":1,"dom_completude":1.0},"geometry":{"type":"Polygon","coordinates":[[[-51.87639798048235,-28.8544146683023],[-51.876413073804265,-28.852554561843537],[-51.874424772585144,-28.852540435292887],[-51.874409664874065,-28.854400540852286],[-51.87639798048235,-28.8544146683023]]]}},{"type":"Feature","properties":{"id_grade":"200ME52138N81322","pop":146,"dom":47,"universo_dom":"domicilios_ocupados_grade_ibge_2022","na_bacia":1,"area_pct_bacia":100.0,"metodo_recorte_bacia":"ponto_representativo_grade_2022; area_pct_geometrica","status_borda_bacia":"total","metodo_area_bacia":"interseção geométrica em EPSG:5880","metodo_na_bacia":"ponto_representativo_grade_2022_within_bacia","pop_n_validos":1,"pop_n_total":1,"pop_completude":1.0,"dom_n_validos":1,"dom_n_total":1,"dom_completude":1.0},"geometry":{"type":"Polygon","coordinates":[[[-51.874409664874065,-28.854400540852286],[-51.874424772585144,-28.852540435292887],[-51.87243647226535,-28.85252629525225],[-51.872421350165155,-28.85438640081168],[-51.874409664874065,-28.854400540852286]]]}},{"type":"Feature","properties":{"id_grade":"200ME52130N81324","pop":42,"dom":13,"universo_dom":"domicilios_ocupados_grade_ibge_2022","na_bacia":1,"area_pct_bacia":100.0,"metodo_recorte_bacia":"ponto_representativo_grade_2022; area_pct_geometrica","status_borda_bacia":"total","metodo_area_bacia":"interseção geométrica em EPSG:5880","metodo_na_bacia":"ponto_representativo_grade_2022_within_bacia","pop_n_validos":1,"pop_n_total":1,"pop_completude":1.0,"dom_n_validos":1,"dom_n_total":1,"dom_completude":1.0},"geometry":{"type":"Polygon","coordinates":[[[-51.88237797746166,-28.852596861455922],[-51.882393027616104,-28.850736773882936],[-51.880404740786105,-28.850722686902426],[-51.88038967534323,-28.852582775374714],[-51.88237797746166,-28.852596861455922]]]}},{"type":"Feature","properties":{"id_grade":"200ME52132N81324","pop":50,"dom":19,"universo_dom":"domicilios_ocupados_grade_ibge_2022","na_bacia":1,"area_pct_bacia":100.0,"metodo_recorte_bacia":"ponto_representativo_grade_2022; area_pct_geometrica","status_borda_bacia":"total","metodo_area_bacia":"interseção geométrica em EPSG:5880","metodo_na_bacia":"ponto_representativo_grade_2022_within_bacia","pop_n_validos":1,"pop_n_total":1,"pop_completude":1.0,"dom_n_validos":1,"dom_n_total":1,"dom_completude":1.0},"geometry":{"type":"Polygon","coordinates":[[[-51.88038967534323,-28.852582775374714],[-51.880404740786105,-28.850722686902426],[-51.87841645305684,-28.85070858733138],[-51.87840137412405,-28.852568674904354],[-51.88038967534323,-28.852582775374714]]]}},{"type":"Feature","properties":{"id_grade":"200ME52134N81324","pop":161,"dom":57,"universo_dom":"domicilios_ocupados_grade_ibge_2022","na_bacia":1,"area_pct_bacia":100.0,"metodo_recorte_bacia":"ponto_representativo_grade_2022; area_pct_geometrica","status_borda_bacia":"total","metodo_area_bacia":"interseção geométrica em EPSG:5880","metodo_na_bacia":"ponto_representativo_grade_2022_within_bacia","pop_n_validos":1,"pop_n_total":1,"pop_completude":1.0,"dom_n_validos":1,"dom_n_total":1,"dom_completude":1.0},"geometry":{"type":"Polygon","coordinates":[[[-51.87840137412405,-28.852568674904354],[-51.87841645305684,-28.85070858733138],[-51.876428166226844,-28.850694474270494],[-51.876413073804265,-28.852554561843537],[-51.87840137412405,-28.852568674904354]]]}},{"type":"Feature","properties":{"id_grade":"200ME52136N81324","pop":210,"dom":77,"universo_dom":"domicilios_ocupados_grade_ibge_2022","na_bacia":1,"area_pct_bacia":100.0,"metodo_recorte_bacia":"ponto_representativo_grade_2022; area_pct_geometrica","status_borda_bacia":"total","metodo_area_bacia":"interseção geométrica em EPSG:5880","metodo_na_bacia":"ponto_representativo_grade_2022_within_bacia","pop_n_validos":1,"pop_n_total":1,"pop_completude":1.0,"dom_n_validos":1,"dom_n_total":1,"dom_completude":1.0},"geometry":{"type":"Polygon","coordinates":[[[-51.876413073804265,-28.852554561843537],[-51.876428166226844,-28.850694474270494],[-51.87443987939691,-28.850680347719894],[-51.874424772585144,-28.852540435292887],[-51.876413073804265,-28.852554561843537]]]}},{"type":"Feature","properties":{"id_grade":"200ME52138N81324","pop":74,"dom":26,"universo_dom":"domicilios_ocupados_grade_ibge_2022","na_bacia":1,"area_pct_bacia":100.0,"metodo_recorte_bacia":"ponto_representativo_grade_2022; area_pct_geometrica","status_borda_bacia":"total","metodo_area_bacia":"interseção geométrica em EPSG:5880","metodo_na_bacia":"ponto_representativo_grade_2022_within_bacia","pop_n_validos":1,"pop_n_total":1,"pop_completude":1.0,"dom_n_validos":1,"dom_n_total":1,"dom_completude":1.0},"geometry":{"type":"Polygon","coordinates":[[[-51.874424772585144,-28.852540435292887],[-51.87443987939691,-28.850680347719894],[-51.872451593466224,-28.850666208578613],[-51.87243647226535,-28.85252629525225],[-51.874424772585144,-28.852540435292887]]]}},{"type":"Feature","properties":{"id_grade":"200ME52130N81326","pop":56,"dom":21,"universo_dom":"domicilios_ocupados_grade_ibge_2022","na_bacia":1,"area_pct_bacia":100.0,"metodo_recorte_bacia":"ponto_representativo_grade_2022; area_pct_geometrica","status_borda_bacia":"total","metodo_area_bacia":"interseção geométrica em EPSG:5880","metodo_na_bacia":"ponto_representativo_grade_2022_within_bacia","pop_n_validos":1,"pop_n_total":1,"pop_completude":1.0,"dom_n_validos":1,"dom_n_total":1,"dom_completude":1.0},"geometry":{"type":"Polygon","coordinates":[[[-51.882393027616104,-28.850736773882936],[-51.88240807777055,-28.848876705195714],[-51.880419805329716,-28.848862619114595],[-51.880404740786105,-28.850722686902426],[-51.882393027616104,-28.850736773882936]]]}},{"type":"Feature","properties":{"id_grade":"200ME52132N81326","pop":76,"dom":28,"universo_dom":"domicilios_ocupados_grade_ibge_2022","na_bacia":1,"area_pct_bacia":100.0,"metodo_recorte_bacia":"ponto_representativo_grade_2022; area_pct_geometrica","status_borda_bacia":"total","metodo_area_bacia":"interseção geométrica em EPSG:5880","metodo_na_bacia":"ponto_representativo_grade_2022_within_bacia","pop_n_validos":1,"pop_n_total":1,"pop_completude":1.0,"dom_n_validos":1,"dom_n_total":1,"dom_completude":1.0},"geometry":{"type":"Polygon","coordinates":[[[-51.880404740786105,-28.850722686902426],[-51.880419805329716,-28.848862619114595],[-51.87843153198958,-28.848848518644214],[-51.87841645305684,-28.85070858733138],[-51.880404740786105,-28.850722686902426]]]}},{"type":"Feature","properties":{"id_grade":"200ME52134N81326","pop":214,"dom":88,"universo_dom":"domicilios_ocupados_grade_ibge_2022","na_bacia":1,"area_pct_bacia":100.0,"metodo_recorte_bacia":"ponto_representativo_grade_2022; area_pct_geometrica","status_borda_bacia":"total","metodo_area_bacia":"interseção geométrica em EPSG:5880","metodo_na_bacia":"ponto_representativo_grade_2022_within_bacia","pop_n_validos":1,"pop_n_total":1,"pop_completude":1.0,"dom_n_validos":1,"dom_n_total":1,"dom_completude":1.0},"geometry":{"type":"Polygon","coordinates":[[[-51.87841645305684,-28.85070858733138],[-51.87843153198958,-28.848848518644214],[-51.87644325954875,-28.84883440648263],[-51.876428166226844,-28.850694474270494],[-51.87841645305684,-28.85070858733138]]]}},{"type":"Feature","properties":{"id_grade":"200ME52136N81326","pop":158,"dom":60,"universo_dom":"domicilios_ocupados_grade_ibge_2022","na_bacia":1,"area_pct_bacia":100.0,"metodo_recorte_bacia":"ponto_representativo_grade_2022; area_pct_geometrica","status_borda_bacia":"total","metodo_area_bacia":"interseção geométrica em EPSG:5880","metodo_na_bacia":"ponto_representativo_grade_2022_within_bacia","pop_n_validos":1,"pop_n_total":1,"pop_completude":1.0,"dom_n_validos":1,"dom_n_total":1,"dom_completude":1.0},"geometry":{"type":"Polygon","coordinates":[[[-51.876428166226844,-28.850694474270494],[-51.87644325954875,-28.84883440648263],[-51.874454987107924,-28.84882027993204],[-51.87443987939691,-28.850680347719894],[-51.876428166226844,-28.850694474270494]]]}},{"type":"Feature","properties":{"id_grade":"200ME52138N81326","pop":49,"dom":20,"universo_dom":"domicilios_ocupados_grade_ibge_2022","na_bacia":1,"area_pct_bacia":100.0,"metodo_recorte_bacia":"ponto_representativo_grade_2022; area_pct_geometrica","status_borda_bacia":"total","metodo_area_bacia":"interseção geométrica em EPSG:5880","metodo_na_bacia":"ponto_representativo_grade_2022_within_bacia","pop_n_validos":1,"pop_n_total":1,"pop_completude":1.0,"dom_n_validos":1,"dom_n_total":1,"dom_completude":1.0},"geometry":{"type":"Polygon","coordinates":[[[-51.87443987939691,-28.850680347719894],[-51.874454987107924,-28.84882027993204],[-51.8724667146671,-28.848806140790654],[-51.872451593466224,-28.850666208578613],[-51.87443987939691,-28.850680347719894]]]}},{"type":"Feature","properties":{"id_grade":"200ME52130N81328","pop":149,"dom":61,"universo_dom":"domicilios_ocupados_grade_ibge_2022","na_bacia":1,"area_pct_bacia":100.0,"metodo_recorte_bacia":"ponto_representativo_grade_2022; area_pct_geometrica","status_borda_bacia":"total","metodo_area_bacia":"interseção geométrica em EPSG:5880","metodo_na_bacia":"ponto_representativo_grade_2022_within_bacia","pop_n_validos":1,"pop_n_total":1,"pop_completude":1.0,"dom_n_validos":1,"dom_n_total":1,"dom_completude":1.0},"geometry":{"type":"Polygon","coordinates":[[[-51.88240807777055,-28.848876705195714],[-51.88242312882432,-28.847016655394352],[-51.88043486897397,-28.847002569313076],[-51.880419805329716,-28.848862619114595],[-51.88240807777055,-28.848876705195714]]]}},{"type":"Feature","properties":{"id_grade":"200ME52132N81328","pop":74,"dom":26,"universo_dom":"domicilios_ocupados_grade_ibge_2022","na_bacia":1,"area_pct_bacia":100.0,"metodo_recorte_bacia":"ponto_representativo_grade_2022; area_pct_geometrica","status_borda_bacia":"total","metodo_area_bacia":"interseção geométrica em EPSG:5880","metodo_na_bacia":"ponto_representativo_grade_2022_within_bacia","pop_n_validos":1,"pop_n_total":1,"pop_completude":1.0,"dom_n_validos":1,"dom_n_total":1,"dom_completude":1.0},"geometry":{"type":"Polygon","coordinates":[[[-51.880419805329716,-28.848862619114595],[-51.88043486897397,-28.847002569313076],[-51.87844661092231,-28.846988470641335],[-51.87843153198958,-28.848848518644214],[-51.880419805329716,-28.848862619114595]]]}},{"type":"Feature","properties":{"id_grade":"200ME52134N81328","pop":135,"dom":59,"universo_dom":"domicilios_ocupados_grade_ibge_2022","na_bacia":1,"area_pct_bacia":100.0,"metodo_recorte_bacia":"ponto_representativo_grade_2022; area_pct_geometrica","status_borda_bacia":"total","metodo_area_bacia":"interseção geométrica em EPSG:5880","metodo_na_bacia":"ponto_representativo_grade_2022_within_bacia","pop_n_validos":1,"pop_n_total":1,"pop_completude":1.0,"dom_n_validos":1,"dom_n_total":1,"dom_completude":1.0},"geometry":{"type":"Polygon","coordinates":[[[-51.87843153198958,-28.848848518644214],[-51.87844661092231,-28.846988470641335],[-51.87645835197134,-28.846974357580482],[-51.87644325954875,-28.84883440648263],[-51.87843153198958,-28.848848518644214]]]}},{"type":"Feature","properties":{"id_grade":"200ME52136N81328","pop":164,"dom":69,"universo_dom":"domicilios_ocupados_grade_ibge_2022","na_bacia":1,"area_pct_bacia":100.0,"metodo_recorte_bacia":"ponto_representativo_grade_2022; area_pct_geometrica","status_borda_bacia":"total","metodo_area_bacia":"interseção geométrica em EPSG:5880","metodo_na_bacia":"ponto_representativo_grade_2022_within_bacia","pop_n_validos":1,"pop_n_total":1,"pop_completude":1.0,"dom_n_validos":1,"dom_n_total":1,"dom_completude":1.0},"geometry":{"type":"Polygon","coordinates":[[[-51.87644325954875,-28.84883440648263],[-51.87645835197134,-28.846974357580482],[-51.87447009391968,-28.846960231929145],[-51.874454987107924,-28.84882027993204],[-51.87644325954875,-28.84883440648263]]]}},{"type":"Feature","properties":{"id_grade":"200ME52138N81328","pop":12,"dom":3,"universo_dom":"domicilios_ocupados_grade_ibge_2022","na_bacia":1,"area_pct_bacia":100.0,"metodo_recorte_bacia":"ponto_representativo_grade_2022; area_pct_geometrica","status_borda_bacia":"total","metodo_area_bacia":"interseção geométrica em EPSG:5880","metodo_na_bacia":"ponto_representativo_grade_2022_within_bacia","pop_n_validos":1,"pop_n_total":1,"pop_completude":1.0,"dom_n_validos":1,"dom_n_total":1,"dom_completude":1.0},"geometry":{"type":"Polygon","coordinates":[[[-51.874454987107924,-28.84882027993204],[-51.87447009391968,-28.846960231929145],[-51.87248183496865,-28.846946092787913],[-51.8724667146671,-28.848806140790654],[-51.874454987107924,-28.84882027993204]]]}},{"type":"Feature","properties":{"id_grade":"200ME52130N81330","pop":177,"dom":75,"universo_dom":"domicilios_ocupados_grade_ibge_2022","na_bacia":1,"area_pct_bacia":100.0,"metodo_recorte_bacia":"ponto_representativo_grade_2022; area_pct_geometrica","status_borda_bacia":"total","metodo_area_bacia":"interseção geométrica em EPSG:5880","metodo_na_bacia":"ponto_representativo_grade_2022_within_bacia","pop_n_validos":1,"pop_n_total":1,"pop_completude":1.0,"dom_n_validos":1,"dom_n_total":1,"dom_completude":1.0},"geometry":{"type":"Polygon","coordinates":[[[-51.88242312882432,-28.847016655394352],[-51.88243817807944,-28.845156625377918],[-51.88044993351758,-28.84514254019603],[-51.88043486897397,-28.847002569313076],[-51.88242312882432,-28.847016655394352]]]}},{"type":"Feature","properties":{"id_grade":"200ME52134N81330","pop":7,"dom":2,"universo_dom":"domicilios_ocupados_grade_ibge_2022","na_bacia":1,"area_pct_bacia":100.0,"metodo_recorte_bacia":"ponto_representativo_grade_2022; area_pct_geometrica","status_borda_bacia":"total","metodo_area_bacia":"interseção geométrica em EPSG:5880","metodo_na_bacia":"ponto_representativo_grade_2022_within_bacia","pop_n_validos":1,"pop_n_total":1,"pop_completude":1.0,"dom_n_validos":1,"dom_n_total":1,"dom_completude":1.0},"geometry":{"type":"Polygon","coordinates":[[[-51.87844661092231,-28.846988470641335],[-51.87846168895572,-28.845128440624958],[-51.87647344439392,-28.845114328463456],[-51.87645835197134,-28.846974357580482],[-51.87844661092231,-28.846988470641335]]]}},{"type":"Feature","properties":{"id_grade":"200ME52136N81330","pop":2,"dom":1,"universo_dom":"domicilios_ocupados_grade_ibge_2022","na_bacia":1,"area_pct_bacia":100.0,"metodo_recorte_bacia":"ponto_representativo_grade_2022; area_pct_geometrica","status_borda_bacia":"total","metodo_area_bacia":"interseção geométrica em EPSG:5880","metodo_na_bacia":"ponto_representativo_grade_2022_within_bacia","pop_n_validos":1,"pop_n_total":1,"pop_completude":1.0,"dom_n_validos":1,"dom_n_total":1,"dom_completude":1.0},"geometry":{"type":"Polygon","coordinates":[[[-51.87645835197134,-28.846974357580482],[-51.87647344439392,-28.845114328463456],[-51.874485199832066,-28.84510020281211],[-51.87447009391968,-28.846960231929145],[-51.87645835197134,-28.846974357580482]]]}},{"type":"Feature","properties":{"id_grade":"200ME52138N81332","pop":4,"dom":1,"universo_dom":"domicilios_ocupados_grade_ibge_2022","na_bacia":1,"area_pct_bacia":100.0,"metodo_recorte_bacia":"ponto_representativo_grade_2022; area_pct_geometrica","status_borda_bacia":"total","metodo_area_bacia":"interseção geométrica em EPSG:5880","metodo_na_bacia":"ponto_representativo_grade_2022_within_bacia","pop_n_validos":1,"pop_n_total":1,"pop_completude":1.0,"dom_n_validos":1,"dom_n_total":1,"dom_completude":1.0},"geometry":{"type":"Polygon","coordinates":[[[-51.874485199832066,-28.84510020281211],[-51.87450030664377,-28.843240193480025],[-51.87251207647114,-28.84322605433897],[-51.87249695616953,-28.845086063670877],[-51.874485199832066,-28.84510020281211]]]}},{"type":"Feature","properties":{"id_grade":"200ME52130N81336","pop":6,"dom":3,"universo_dom":"domicilios_ocupados_grade_ibge_2022","na_bacia":1,"area_pct_bacia":100.0,"metodo_recorte_bacia":"ponto_representativo_grade_2022; area_pct_geometrica","status_borda_bacia":"total","metodo_area_bacia":"interseção geométrica em EPSG:5880","metodo_na_bacia":"ponto_representativo_grade_2022_within_bacia","pop_n_validos":1,"pop_n_total":1,"pop_completude":1.0,"dom_n_validos":1,"dom_n_total":1,"dom_completude":1.0},"geometry":{"type":"Polygon","coordinates":[[[-51.882468277488954,-28.841436623801073],[-51.88248332674408,-28.839576652240638],[-51.88049512445042,-28.839562567058803],[-51.88048006080612,-28.841422538619245],[-51.882468277488954,-28.841436623801073]]]}},{"type":"Feature","properties":{"id_grade":"200ME52130N81338","pop":1,"dom":1,"universo_dom":"domicilios_ocupados_grade_ibge_2022","na_bacia":1,"area_pct_bacia":100.0,"metodo_recorte_bacia":"ponto_representativo_grade_2022; area_pct_geometrica","status_borda_bacia":"total","metodo_area_bacia":"interseção geométrica em EPSG:5880","metodo_na_bacia":"ponto_representativo_grade_2022_within_bacia","pop_n_validos":1,"pop_n_total":1,"pop_completude":1.0,"dom_n_validos":1,"dom_n_total":1,"dom_completude":1.0},"geometry":{"type":"Polygon","coordinates":[[[-51.88248332674408,-28.839576652240638],[-51.882498375999205,-28.837716699565963],[-51.88051018809466,-28.837702614384106],[-51.88049512445042,-28.839562567058803],[-51.88248332674408,-28.839576652240638]]]}},{"type":"Feature","properties":{"id_grade":"200ME52130N81340","pop":27,"dom":9,"universo_dom":"domicilios_ocupados_grade_ibge_2022","na_bacia":1,"area_pct_bacia":100.0,"metodo_recorte_bacia":"ponto_representativo_grade_2022; area_pct_geometrica","status_borda_bacia":"total","metodo_area_bacia":"interseção geométrica em EPSG:5880","metodo_na_bacia":"ponto_representativo_grade_2022_within_bacia","pop_n_validos":1,"pop_n_total":1,"pop_completude":1.0,"dom_n_validos":1,"dom_n_total":1,"dom_completude":1.0},"geometry":{"type":"Polygon","coordinates":[[[-51.882498375999205,-28.837716699565963],[-51.88251342525433,-28.835856765777102],[-51.88052525083964,-28.83584268149449],[-51.88051018809466,-28.837702614384106],[-51.882498375999205,-28.837716699565963]]]}},{"type":"Feature","properties":{"id_grade":"200ME52132N81340","pop":5,"dom":3,"universo_dom":"domicilios_ocupados_grade_ibge_2022","na_bacia":1,"area_pct_bacia":100.0,"metodo_recorte_bacia":"ponto_representativo_grade_2022; area_pct_geometrica","status_borda_bacia":"total","metodo_area_bacia":"interseção geométrica em EPSG:5880","metodo_na_bacia":"ponto_representativo_grade_2022_within_bacia","pop_n_validos":1,"pop_n_total":1,"pop_completude":1.0,"dom_n_validos":1,"dom_n_total":1,"dom_completude":1.0},"geometry":{"type":"Polygon","coordinates":[[[-51.88051018809466,-28.837702614384106],[-51.88052525083964,-28.83584268149449],[-51.87853707732421,-28.835828583722098],[-51.87852200019012,-28.837688516611706],[-51.88051018809466,-28.837702614384106]]]}},{"type":"Feature","properties":{"id_grade":"200ME52146N81254","pop":3,"dom":2,"universo_dom":"domicilios_ocupados_grade_ibge_2022","na_bacia":1,"area_pct_bacia":100.0,"metodo_recorte_bacia":"ponto_representativo_grade_2022; area_pct_geometrica","status_borda_bacia":"total","metodo_area_bacia":"interseção geométrica em EPSG:5880","metodo_na_bacia":"ponto_representativo_grade_2022_within_bacia","pop_n_validos":1,"pop_n_total":1,"pop_completude":1.0,"dom_n_validos":1,"dom_n_total":1,"dom_completude":1.0},"geometry":{"type":"Polygon","coordinates":[[[-51.86594070599875,-28.917599029771264],[-51.86595587756164,-28.915738264109546],[-51.863967097003865,-28.915724062915075],[-51.86395191195112,-28.917584828576874],[-51.86594070599875,-28.917599029771264]]]}},{"type":"Feature","properties":{"id_grade":"200ME52142N81256","pop":10,"dom":3,"universo_dom":"domicilios_ocupados_grade_ibge_2022","na_bacia":1,"area_pct_bacia":100.0,"metodo_recorte_bacia":"ponto_representativo_grade_2022; area_pct_geometrica","status_borda_bacia":"total","metodo_area_bacia":"interseção geométrica em EPSG:5880","metodo_na_bacia":"ponto_representativo_grade_2022_within_bacia","pop_n_validos":1,"pop_n_total":1,"pop_completude":1.0,"dom_n_validos":1,"dom_n_total":1,"dom_completude":1.0},"geometry":{"type":"Polygon","coordinates":[[[-51.86993343867721,-28.915766626928278],[-51.86994858146182,-28.91390588015221],[-51.8679598152932,-28.913891705937417],[-51.86794465811943,-28.915752452713548],[-51.86993343867721,-28.915766626928278]]]}},{"type":"Feature","properties":{"id_grade":"200ME52142N81258","pop":4,"dom":1,"universo_dom":"domicilios_ocupados_grade_ibge_2022","na_bacia":1,"area_pct_bacia":100.0,"metodo_recorte_bacia":"ponto_representativo_grade_2022; area_pct_geometrica","status_borda_bacia":"total","metodo_area_bacia":"interseção geométrica em EPSG:5880","metodo_na_bacia":"ponto_representativo_grade_2022_within_bacia","pop_n_validos":1,"pop_n_total":1,"pop_completude":1.0,"dom_n_validos":1,"dom_n_total":1,"dom_completude":1.0},"geometry":{"type":"Polygon","coordinates":[[[-51.86994858146182,-28.91390588015221],[-51.869963724246425,-28.91204515316132],[-51.86797497156766,-28.912030978946508],[-51.8679598152932,-28.913891705937417],[-51.86994858146182,-28.91390588015221]]]}},{"type":"Feature","properties":{"id_grade":"200ME52142N81260","pop":2,"dom":1,"universo_dom":"domicilios_ocupados_grade_ibge_2022","na_bacia":1,"area_pct_bacia":100.0,"metodo_recorte_bacia":"ponto_representativo_grade_2022; area_pct_geometrica","status_borda_bacia":"total","metodo_area_bacia":"interseção geométrica em EPSG:5880","metodo_na_bacia":"ponto_representativo_grade_2022_within_bacia","pop_n_validos":1,"pop_n_total":1,"pop_completude":1.0,"dom_n_validos":1,"dom_n_total":1,"dom_completude":1.0},"geometry":{"type":"Polygon","coordinates":[[[-51.869963724246425,-28.91204515316132],[-51.8699788661317,-28.91018444505607],[-51.86799012784206,-28.910170271740586],[-51.86797497156766,-28.912030978946508],[-51.869963724246425,-28.91204515316132]]]}},{"type":"Feature","properties":{"id_grade":"200ME52140N81262","pop":28,"dom":8,"universo_dom":"domicilios_ocupados_grade_ibge_2022","na_bacia":1,"area_pct_bacia":100.0,"metodo_recorte_bacia":"ponto_representativo_grade_2022; area_pct_geometrica","status_borda_bacia":"total","metodo_area_bacia":"interseção geométrica em EPSG:5880","metodo_na_bacia":"ponto_representativo_grade_2022_within_bacia","pop_n_validos":1,"pop_n_total":1,"pop_completude":1.0,"dom_n_validos":1,"dom_n_total":1,"dom_completude":1.0},"geometry":{"type":"Polygon","coordinates":[[[-51.87196760442134,-28.910198605781],[-51.87198273281683,-28.908337917460887],[-51.86999400801699,-28.908323757635248],[-51.8699788661317,-28.91018444505607],[-51.87196760442134,-28.910198605781]]]}},{"type":"Feature","properties":{"id_grade":"200ME52142N81262","pop":4,"dom":4,"universo_dom":"domicilios_ocupados_grade_ibge_2022","na_bacia":1,"area_pct_bacia":100.0,"metodo_recorte_bacia":"ponto_representativo_grade_2022; area_pct_geometrica","status_borda_bacia":"total","metodo_area_bacia":"interseção geométrica em EPSG:5880","metodo_na_bacia":"ponto_representativo_grade_2022_within_bacia","pop_n_validos":1,"pop_n_total":1,"pop_completude":1.0,"dom_n_validos":1,"dom_n_total":1,"dom_completude":1.0},"geometry":{"type":"Polygon","coordinates":[[[-51.8699788661317,-28.91018444505607],[-51.86999400801699,-28.908323757635248],[-51.86800528411652,-28.908309583420515],[-51.86799012784206,-28.910170271740586],[-51.8699788661317,-28.91018444505607]]]}},{"type":"Feature","properties":{"id_grade":"200ME52140N81264","pop":6,"dom":3,"universo_dom":"domicilios_ocupados_grade_ibge_2022","na_bacia":1,"area_pct_bacia":100.0,"metodo_recorte_bacia":"ponto_representativo_grade_2022; area_pct_geometrica","status_borda_bacia":"total","metodo_area_bacia":"interseção geométrica em EPSG:5880","metodo_na_bacia":"ponto_representativo_grade_2022_within_bacia","pop_n_validos":1,"pop_n_total":1,"pop_completude":1.0,"dom_n_validos":1,"dom_n_total":1,"dom_completude":1.0},"geometry":{"type":"Polygon","coordinates":[[[-51.87198273281683,-28.908337917460887],[-51.87199786031294,-28.906477248925835],[-51.87000914990233,-28.90646308820095],[-51.86999400801699,-28.908323757635248],[-51.87198273281683,-28.908337917460887]]]}},{"type":"Feature","properties":{"id_grade":"200ME52142N81264","pop":4,"dom":1,"universo_dom":"domicilios_ocupados_grade_ibge_2022","na_bacia":1,"area_pct_bacia":100.0,"metodo_recorte_bacia":"ponto_representativo_grade_2022; area_pct_geometrica","status_borda_bacia":"total","metodo_area_bacia":"interseção geométrica em EPSG:5880","metodo_na_bacia":"ponto_representativo_grade_2022_within_bacia","pop_n_validos":1,"pop_n_total":1,"pop_completude":1.0,"dom_n_validos":1,"dom_n_total":1,"dom_completude":1.0},"geometry":{"type":"Polygon","coordinates":[[[-51.86999400801699,-28.908323757635248],[-51.87000914990233,-28.90646308820095],[-51.868020440390985,-28.9064489148855],[-51.86800528411652,-28.908309583420515],[-51.86999400801699,-28.908323757635248]]]}},{"type":"Feature","properties":{"id_grade":"200ME52144N81264","pop":3,"dom":1,"universo_dom":"domicilios_ocupados_grade_ibge_2022","na_bacia":1,"area_pct_bacia":100.0,"metodo_recorte_bacia":"ponto_representativo_grade_2022; area_pct_geometrica","status_borda_bacia":"total","metodo_area_bacia":"interseção geométrica em EPSG:5880","metodo_na_bacia":"ponto_representativo_grade_2022_within_bacia","pop_n_validos":1,"pop_n_total":1,"pop_completude":1.0,"dom_n_validos":1,"dom_n_total":1,"dom_completude":1.0},"geometry":{"type":"Polygon","coordinates":[[[-51.86800528411652,-28.908309583420515],[-51.868020440390985,-28.9064489148855],[-51.86603173087963,-28.906434728080203],[-51.86601656021605,-28.908295396615216],[-51.86800528411652,-28.908309583420515]]]}},{"type":"Feature","properties":{"id_grade":"200ME52140N81270","pop":2,"dom":1,"universo_dom":"domicilios_ocupados_grade_ibge_2022","na_bacia":1,"area_pct_bacia":100.0,"metodo_recorte_bacia":"ponto_representativo_grade_2022; area_pct_geometrica","status_borda_bacia":"total","metodo_area_bacia":"interseção geométrica em EPSG:5880","metodo_na_bacia":"ponto_representativo_grade_2022_within_bacia","pop_n_validos":1,"pop_n_total":1,"pop_completude":1.0,"dom_n_validos":1,"dom_n_total":1,"dom_completude":1.0},"geometry":{"type":"Polygon","coordinates":[[[-51.87202811530523,-28.902755968513077],[-51.87204324280139,-28.900895358434084],[-51.87005457465886,-28.900881198608364],[-51.8700394336729,-28.90274180868746],[-51.87202811530523,-28.902755968513077]]]}},{"type":"Feature","properties":{"id_grade":"200ME52142N81270","pop":4,"dom":1,"universo_dom":"domicilios_ocupados_grade_ibge_2022","na_bacia":1,"area_pct_bacia":100.0,"metodo_recorte_bacia":"ponto_representativo_grade_2022; area_pct_geometrica","status_borda_bacia":"total","metodo_area_bacia":"interseção geométrica em EPSG:5880","metodo_na_bacia":"ponto_representativo_grade_2022_within_bacia","pop_n_validos":1,"pop_n_total":1,"pop_completude":1.0,"dom_n_validos":1,"dom_n_total":1,"dom_completude":1.0},"geometry":{"type":"Polygon","coordinates":[[[-51.8700394336729,-28.90274180868746],[-51.87005457465886,-28.900881198608364],[-51.86806590741566,-28.90086702619223],[-51.86805075204052,-28.902727636271386],[-51.8700394336729,-28.90274180868746]]]}},{"type":"Feature","properties":{"id_grade":"200ME52140N81320","pop":11,"dom":4,"universo_dom":"domicilios_ocupados_grade_ibge_2022","na_bacia":1,"area_pct_bacia":100.0,"metodo_recorte_bacia":"ponto_representativo_grade_2022; area_pct_geometrica","status_borda_bacia":"total","metodo_area_bacia":"interseção geométrica em EPSG:5880","metodo_na_bacia":"ponto_representativo_grade_2022_within_bacia","pop_n_validos":1,"pop_n_total":1,"pop_completude":1.0,"dom_n_validos":1,"dom_n_total":1,"dom_completude":1.0},"geometry":{"type":"Polygon","coordinates":[[[-51.87240622896428,-28.856246527055532],[-51.872421350165155,-28.85438640081168],[-51.87043303635551,-28.854372248180642],[-51.87041789986614,-28.85623237352519],[-51.87240622896428,-28.856246527055532]]]}},{"type":"Feature","properties":{"id_grade":"200ME52140N81322","pop":396,"dom":131,"universo_dom":"domicilios_ocupados_grade_ibge_2022","na_bacia":1,"area_pct_bacia":100.0,"metodo_recorte_bacia":"ponto_representativo_grade_2022; area_pct_geometrica","status_borda_bacia":"total","metodo_area_bacia":"interseção geométrica em EPSG:5880","metodo_na_bacia":"ponto_representativo_grade_2022_within_bacia","pop_n_validos":1,"pop_n_total":1,"pop_completude":1.0,"dom_n_validos":1,"dom_n_total":1,"dom_completude":1.0},"geometry":{"type":"Polygon","coordinates":[[[-51.872421350165155,-28.85438640081168],[-51.87243647226535,-28.85252629525225],[-51.870448171945554,-28.85251214172191],[-51.87043303635551,-28.854372248180642],[-51.872421350165155,-28.85438640081168]]]}},{"type":"Feature","properties":{"id_grade":"200ME52142N81322","pop":8,"dom":4,"universo_dom":"domicilios_ocupados_grade_ibge_2022","na_bacia":1,"area_pct_bacia":100.0,"metodo_recorte_bacia":"ponto_representativo_grade_2022; area_pct_geometrica","status_borda_bacia":"total","metodo_area_bacia":"interseção geométrica em EPSG:5880","metodo_na_bacia":"ponto_representativo_grade_2022_within_bacia","pop_n_validos":1,"pop_n_total":1,"pop_completude":1.0,"dom_n_validos":1,"dom_n_total":1,"dom_completude":1.0},"geometry":{"type":"Polygon","coordinates":[[[-51.87043303635551,-28.854372248180642],[-51.870448171945554,-28.85251214172191],[-51.86845987162576,-28.85249797560108],[-51.86844472164654,-28.85435808116043],[-51.87043303635551,-28.854372248180642]]]}},{"type":"Feature","properties":{"id_grade":"200ME52140N81324","pop":303,"dom":97,"universo_dom":"domicilios_ocupados_grade_ibge_2022","na_bacia":1,"area_pct_bacia":100.0,"metodo_recorte_bacia":"ponto_representativo_grade_2022; area_pct_geometrica","status_borda_bacia":"total","metodo_area_bacia":"interseção geométrica em EPSG:5880","metodo_na_bacia":"ponto_representativo_grade_2022_within_bacia","pop_n_validos":1,"pop_n_total":1,"pop_completude":1.0,"dom_n_validos":1,"dom_n_total":1,"dom_completude":1.0},"geometry":{"type":"Polygon","coordinates":[[[-51.87243647226535,-28.85252629525225],[-51.872451593466224,-28.850666208578613],[-51.870463307535545,-28.850652055947624],[-51.870448171945554,-28.85251214172191],[-51.87243647226535,-28.85252629525225]]]}},{"type":"Feature","properties":{"id_grade":"200ME52140N81326","pop":149,"dom":48,"universo_dom":"domicilios_ocupados_grade_ibge_2022","na_bacia":1,"area_pct_bacia":100.0,"metodo_recorte_bacia":"ponto_representativo_grade_2022; area_pct_geometrica","status_borda_bacia":"total","metodo_area_bacia":"interseção geométrica em EPSG:5880","metodo_na_bacia":"ponto_representativo_grade_2022_within_bacia","pop_n_validos":1,"pop_n_total":1,"pop_completude":1.0,"dom_n_validos":1,"dom_n_total":1,"dom_completude":1.0},"geometry":{"type":"Polygon","coordinates":[[[-51.872451593466224,-28.850666208578613],[-51.8724667146671,-28.848806140790654],[-51.87047844222627,-28.848791988159686],[-51.870463307535545,-28.850652055947624],[-51.872451593466224,-28.850666208578613]]]}},{"type":"Feature","properties":{"id_grade":"200ME52144N81328","pop":8,"dom":3,"universo_dom":"domicilios_ocupados_grade_ibge_2022","na_bacia":1,"area_pct_bacia":100.0,"metodo_recorte_bacia":"ponto_representativo_grade_2022; area_pct_geometrica","status_borda_bacia":"total","metodo_area_bacia":"interseção geométrica em EPSG:5880","metodo_na_bacia":"ponto_representativo_grade_2022_within_bacia","pop_n_validos":1,"pop_n_total":1,"pop_completude":1.0,"dom_n_validos":1,"dom_n_total":1,"dom_completude":1.0},"geometry":{"type":"Polygon","coordinates":[[[-51.86849017068476,-28.848777822938168],[-51.868505319764665,-28.846917774935307],[-51.86651706171302,-28.846903596224006],[-51.866501899143316,-28.8487636433275],[-51.86849017068476,-28.848777822938168]]]}},{"type":"Feature","properties":{"id_grade":"200ME52146N81328","pop":20,"dom":7,"universo_dom":"domicilios_ocupados_grade_ibge_2022","na_bacia":1,"area_pct_bacia":100.0,"metodo_recorte_bacia":"ponto_representativo_grade_2022; area_pct_geometrica","status_borda_bacia":"total","metodo_area_bacia":"interseção geométrica em EPSG:5880","metodo_na_bacia":"ponto_representativo_grade_2022_within_bacia","pop_n_validos":1,"pop_n_total":1,"pop_completude":1.0,"dom_n_validos":1,"dom_n_total":1,"dom_completude":1.0},"geometry":{"type":"Polygon","coordinates":[[[-51.866501899143316,-28.8487636433275],[-51.86651706171302,-28.846903596224006],[-51.864528804560614,-28.846889404022757],[-51.86451362760181,-28.848749451126228],[-51.866501899143316,-28.8487636433275]]]}},{"type":"Feature","properties":{"id_grade":"200ME52148N81328","pop":12,"dom":3,"universo_dom":"domicilios_ocupados_grade_ibge_2022","na_bacia":1,"area_pct_bacia":100.0,"metodo_recorte_bacia":"ponto_representativo_grade_2022; area_pct_geometrica","status_borda_bacia":"total","metodo_area_bacia":"interseção geométrica em EPSG:5880","metodo_na_bacia":"ponto_representativo_grade_2022_within_bacia","pop_n_validos":1,"pop_n_total":1,"pop_completude":1.0,"dom_n_validos":1,"dom_n_total":1,"dom_completude":1.0},"geometry":{"type":"Polygon","coordinates":[[[-51.86451362760181,-28.848749451126228],[-51.864528804560614,-28.846889404022757],[-51.86254054740828,-28.846875199231043],[-51.8625253560603,-28.848735246334503],[-51.86451362760181,-28.848749451126228]]]}},{"type":"Feature","properties":{"id_grade":"200ME52140N81330","pop":2,"dom":1,"universo_dom":"domicilios_ocupados_grade_ibge_2022","na_bacia":1,"area_pct_bacia":100.0,"metodo_recorte_bacia":"ponto_representativo_grade_2022; area_pct_geometrica","status_borda_bacia":"total","metodo_area_bacia":"interseção geométrica em EPSG:5880","metodo_na_bacia":"ponto_representativo_grade_2022_within_bacia","pop_n_validos":1,"pop_n_total":1,"pop_completude":1.0,"dom_n_validos":1,"dom_n_total":1,"dom_completude":1.0},"geometry":{"type":"Polygon","coordinates":[[[-51.87248183496865,-28.846946092787913],[-51.87249695616953,-28.845086063670877],[-51.870508712507046,-28.845071911939147],[-51.87049357781632,-28.846931940156914],[-51.87248183496865,-28.846946092787913]]]}},{"type":"Feature","properties":{"id_grade":"200ME52142N81330","pop":7,"dom":3,"universo_dom":"domicilios_ocupados_grade_ibge_2022","na_bacia":1,"area_pct_bacia":100.0,"metodo_recorte_bacia":"ponto_representativo_grade_2022; area_pct_geometrica","status_borda_bacia":"total","metodo_area_bacia":"interseção geométrica em EPSG:5880","metodo_na_bacia":"ponto_representativo_grade_2022_within_bacia","pop_n_validos":1,"pop_n_total":1,"pop_completude":1.0,"dom_n_validos":1,"dom_n_total":1,"dom_completude":1.0},"geometry":{"type":"Polygon","coordinates":[[[-51.87049357781632,-28.846931940156914],[-51.870508712507046,-28.845071911939147],[-51.868520468844515,-28.845057746717607],[-51.868505319764665,-28.846917774935307],[-51.87049357781632,-28.846931940156914]]]}},{"type":"Feature","properties":{"id_grade":"200ME52144N81330","pop":13,"dom":3,"universo_dom":"domicilios_ocupados_grade_ibge_2022","na_bacia":1,"area_pct_bacia":100.0,"metodo_recorte_bacia":"ponto_representativo_grade_2022; area_pct_geometrica","status_borda_bacia":"total","metodo_area_bacia":"interseção geométrica em EPSG:5880","metodo_na_bacia":"ponto_representativo_grade_2022_within_bacia","pop_n_validos":1,"pop_n_total":1,"pop_completude":1.0,"dom_n_validos":1,"dom_n_total":1,"dom_completude":1.0},"geometry":{"type":"Polygon","coordinates":[[[-51.868505319764665,-28.846917774935307],[-51.868520468844515,-28.845057746717607],[-51.86653222518202,-28.845043568006187],[-51.86651706171302,-28.846903596224006],[-51.868505319764665,-28.846917774935307]]]}},{"type":"Feature","properties":{"id_grade":"200ME52146N81330","pop":2,"dom":1,"universo_dom":"domicilios_ocupados_grade_ibge_2022","na_bacia":1,"area_pct_bacia":100.0,"metodo_recorte_bacia":"ponto_representativo_grade_2022; area_pct_geometrica","status_borda_bacia":"total","metodo_area_bacia":"interseção geométrica em EPSG:5880","metodo_na_bacia":"ponto_representativo_grade_2022_within_bacia","pop_n_validos":1,"pop_n_total":1,"pop_completude":1.0,"dom_n_validos":1,"dom_n_total":1,"dom_completude":1.0},"geometry":{"type":"Polygon","coordinates":[[[-51.86651706171302,-28.846903596224006],[-51.86653222518202,-28.845043568006187],[-51.86454398241881,-28.845029376704254],[-51.864528804560614,-28.846889404022757],[-51.86651706171302,-28.846903596224006]]]}},{"type":"Feature","properties":{"id_grade":"200ME52148N81332","pop":4,"dom":1,"universo_dom":"domicilios_ocupados_grade_ibge_2022","na_bacia":1,"area_pct_bacia":100.0,"metodo_recorte_bacia":"ponto_representativo_grade_2022; area_pct_geometrica","status_borda_bacia":"total","metodo_area_bacia":"interseção geométrica em EPSG:5880","metodo_na_bacia":"ponto_representativo_grade_2022_within_bacia","pop_n_validos":1,"pop_n_total":1,"pop_completude":1.0,"dom_n_validos":1,"dom_n_total":1,"dom_completude":1.0},"geometry":{"type":"Polygon","coordinates":[[[-51.86454398241881,-28.845029376704254],[-51.86455915937768,-28.84316936827166],[-51.86257093010431,-28.843155163480002],[-51.86255573875628,-28.845015171912607],[-51.86454398241881,-28.845029376704254]]]}},{"type":"Feature","properties":{"id_grade":"200ME52150N81328","pop":17,"dom":6,"universo_dom":"domicilios_ocupados_grade_ibge_2022","na_bacia":1,"area_pct_bacia":100.0,"metodo_recorte_bacia":"ponto_representativo_grade_2022; area_pct_geometrica","status_borda_bacia":"total","metodo_area_bacia":"interseção geométrica em EPSG:5880","metodo_na_bacia":"ponto_representativo_grade_2022_within_bacia","pop_n_validos":1,"pop_n_total":1,"pop_completude":1.0,"dom_n_validos":1,"dom_n_total":1,"dom_completude":1.0},"geometry":{"type":"Polygon","coordinates":[[[-51.8625253560603,-28.848735246334503],[-51.86254054740828,-28.846875199231043],[-51.860552291155265,-28.84686098094952],[-51.86053708541812,-28.848721027153655],[-51.8625253560603,-28.848735246334503]]]}},{"type":"Feature","properties":{"id_grade":"200ME52158N81328","pop":6,"dom":1,"universo_dom":"domicilios_ocupados_grade_ibge_2022","na_bacia":1,"area_pct_bacia":100.0,"metodo_recorte_bacia":"ponto_representativo_grade_2022; area_pct_geometrica","status_borda_bacia":"total","metodo_area_bacia":"interseção geométrica em EPSG:5880","metodo_na_bacia":"ponto_representativo_grade_2022_within_bacia","pop_n_validos":1,"pop_n_total":1,"pop_completude":1.0,"dom_n_validos":1,"dom_n_total":1,"dom_completude":1.0},"geometry":{"type":"Polygon","coordinates":[[[-51.854572273491605,-28.848678292269327],[-51.85458752149685,-28.846818246065126],[-51.85259926524384,-28.846803975622983],[-51.85258400284942,-28.848664020927778],[-51.854572273491605,-28.848678292269327]]]}},{"type":"Feature","properties":{"id_grade":"200ME52150N81330","pop":2,"dom":1,"universo_dom":"domicilios_ocupados_grade_ibge_2022","na_bacia":1,"area_pct_bacia":100.0,"metodo_recorte_bacia":"ponto_representativo_grade_2022; area_pct_geometrica","status_borda_bacia":"total","metodo_area_bacia":"interseção geométrica em EPSG:5880","metodo_na_bacia":"ponto_representativo_grade_2022_within_bacia","pop_n_validos":1,"pop_n_total":1,"pop_completude":1.0,"dom_n_validos":1,"dom_n_total":1,"dom_completude":1.0},"geometry":{"type":"Polygon","coordinates":[[[-51.86254054740828,-28.846875199231043],[-51.86255573875628,-28.845015171912607],[-51.86056749599311,-28.84500095363108],[-51.860552291155265,-28.84686098094952],[-51.86254054740828,-28.846875199231043]]]}},{"type":"Feature","properties":{"id_grade":"200ME52154N81330","pop":8,"dom":2,"universo_dom":"domicilios_ocupados_grade_ibge_2022","na_bacia":1,"area_pct_bacia":100.0,"metodo_recorte_bacia":"ponto_representativo_grade_2022; area_pct_geometrica","status_borda_bacia":"total","metodo_area_bacia":"interseção geométrica em EPSG:5880","metodo_na_bacia":"ponto_representativo_grade_2022_within_bacia","pop_n_validos":1,"pop_n_total":1,"pop_completude":1.0,"dom_n_validos":1,"dom_n_total":1,"dom_completude":1.0},"geometry":{"type":"Polygon","coordinates":[[[-51.85856403400294,-28.8468467491781],[-51.85857925412921,-28.84498672185967],[-51.85659101136605,-28.844972477497784],[-51.856575777749924,-28.8468325048162],[-51.85856403400294,-28.8468467491781]]]}},{"type":"Feature","properties":{"id_grade":"200ME52158N81332","pop":1,"dom":1,"universo_dom":"domicilios_ocupados_grade_ibge_2022","na_bacia":1,"area_pct_bacia":100.0,"metodo_recorte_bacia":"ponto_representativo_grade_2022; area_pct_geometrica","status_borda_bacia":"total","metodo_area_bacia":"interseção geométrica em EPSG:5880","metodo_na_bacia":"ponto_representativo_grade_2022_within_bacia","pop_n_validos":1,"pop_n_total":1,"pop_completude":1.0,"dom_n_validos":1,"dom_n_total":1,"dom_completude":1.0},"geometry":{"type":"Polygon","coordinates":[[[-51.85460276950215,-28.844958219646045],[-51.85461801660813,-28.843098213012087],[-51.8526297891334,-28.843083941670486],[-51.85261452763831,-28.844943949203888],[-51.85460276950215,-28.844958219646045]]]}}]}
