{"type":"FeatureCollection","name":"4312054","crs":{"type":"name","properties":{"name":"urn:ogc:def:crs:OGC:1.3:CRS84"}},"features":[{"type":"Feature","properties":{"id_grade":"1KME5196N8074","pop":49,"dom":21,"universo_dom":"domicilios_ocupados_grade_ibge_2022","na_bacia":1,"area_pct_bacia":100.0,"metodo_recorte_bacia":"ponto_representativo_grade_2022; area_pct_geometrica","status_borda_bacia":"total","metodo_area_bacia":"interse??o geom?trica em EPSG:5880","metodo_na_bacia":"ponto_representativo_grade_2022_within_bacia","pop_n_validos":1,"pop_n_total":1,"pop_completude":1.0,"dom_n_validos":1,"dom_n_total":1,"dom_completude":1.0},"geometry":{"type":"Polygon","coordinates":[[[-52.047345758102246,-29.395872565719436],[-52.047415291223366,-29.38654341371241],[-52.037453450354036,-29.3864781347427],[-52.03738356250692,-29.395807280884554],[-52.047345758102246,-29.395872565719436]]]}},{"type":"Feature","properties":{"id_grade":"1KME5194N8075","pop":9,"dom":3,"universo_dom":"domicilios_ocupados_grade_ibge_2022","na_bacia":1,"area_pct_bacia":100.0,"metodo_recorte_bacia":"ponto_representativo_grade_2022; area_pct_geometrica","status_borda_bacia":"total","metodo_area_bacia":"interse??o geom?trica em EPSG:5880","metodo_na_bacia":"ponto_representativo_grade_2022_within_bacia","pop_n_validos":1,"pop_n_total":1,"pop_completude":1.0,"dom_n_validos":1,"dom_n_total":1,"dom_completude":1.0},"geometry":{"type":"Polygon","coordinates":[[[-52.06733898779226,-29.38667297514798],[-52.0674078065585,-29.377344317282432],[-52.05744631051256,-29.377279708451667],[-52.05737713704453,-29.386608360514277],[-52.06733898779226,-29.38667297514798]]]}},{"type":"Feature","properties":{"id_grade":"1KME5195N8075","pop":29,"dom":11,"universo_dom":"domicilios_ocupados_grade_ibge_2022","na_bacia":1,"area_pct_bacia":100.0,"metodo_recorte_bacia":"ponto_representativo_grade_2022; area_pct_geometrica","status_borda_bacia":"total","metodo_area_bacia":"interse??o geom?trica em EPSG:5880","metodo_na_bacia":"ponto_representativo_grade_2022_within_bacia","pop_n_validos":1,"pop_n_total":1,"pop_completude":1.0,"dom_n_validos":1,"dom_n_total":1,"dom_completude":1.0},"geometry":{"type":"Polygon","coordinates":[[[-52.05737713704453,-29.386608360514277],[-52.05744631051256,-29.377279708451667],[-52.047484819392665,-29.377214767482194],[-52.047415291223366,-29.38654341371241],[-52.05737713704453,-29.386608360514277]]]}},{"type":"Feature","properties":{"id_grade":"1KME5193N8076","pop":2,"dom":1,"universo_dom":"domicilios_ocupados_grade_ibge_2022","na_bacia":1,"area_pct_bacia":100.0,"metodo_recorte_bacia":"ponto_representativo_grade_2022; area_pct_geometrica","status_borda_bacia":"total","metodo_area_bacia":"interse??o geom?trica em EPSG:5880","metodo_na_bacia":"ponto_representativo_grade_2022_within_bacia","pop_n_validos":1,"pop_n_total":1,"pop_completude":1.0,"dom_n_validos":1,"dom_n_total":1,"dom_completude":1.0},"geometry":{"type":"Polygon","coordinates":[[[-52.07736930750523,-29.37740859397427],[-52.07743776669363,-29.36808043573934],[-52.06747662042396,-29.368016164817245],[-52.0674078065585,-29.377344317282432],[-52.07736930750523,-29.37740859397427]]]}},{"type":"Feature","properties":{"id_grade":"1KME5194N8076","pop":55,"dom":21,"universo_dom":"domicilios_ocupados_grade_ibge_2022","na_bacia":1,"area_pct_bacia":100.0,"metodo_recorte_bacia":"ponto_representativo_grade_2022; area_pct_geometrica","status_borda_bacia":"total","metodo_area_bacia":"interse??o geom?trica em EPSG:5880","metodo_na_bacia":"ponto_representativo_grade_2022_within_bacia","pop_n_validos":1,"pop_n_total":1,"pop_completude":1.0,"dom_n_validos":1,"dom_n_total":1,"dom_completude":1.0},"geometry":{"type":"Polygon","coordinates":[[[-52.0674078065585,-29.377344317282432],[-52.06747662042396,-29.368016164817245],[-52.05751547905455,-29.36795156178606],[-52.05744631051256,-29.377279708451667],[-52.0674078065585,-29.377344317282432]]]}},{"type":"Feature","properties":{"id_grade":"1KME5193N8077","pop":5,"dom":2,"universo_dom":"domicilios_ocupados_grade_ibge_2022","na_bacia":1,"area_pct_bacia":100.0,"metodo_recorte_bacia":"ponto_representativo_grade_2022; area_pct_geometrica","status_borda_bacia":"total","metodo_area_bacia":"interse??o geom?trica em EPSG:5880","metodo_na_bacia":"ponto_representativo_grade_2022_within_bacia","pop_n_validos":1,"pop_n_total":1,"pop_completude":1.0,"dom_n_validos":1,"dom_n_total":1,"dom_completude":1.0},"geometry":{"type":"Polygon","coordinates":[[[-52.07743776669363,-29.36808043573934],[-52.07750622100703,-29.35875278252417],[-52.06754542938916,-29.35868851736895],[-52.06747662042396,-29.368016164817245],[-52.07743776669363,-29.36808043573934]]]}},{"type":"Feature","properties":{"id_grade":"1KME5189N8078","pop":4,"dom":2,"universo_dom":"domicilios_ocupados_grade_ibge_2022","na_bacia":1,"area_pct_bacia":100.0,"metodo_recorte_bacia":"ponto_representativo_grade_2022; area_pct_geometrica","status_borda_bacia":"total","metodo_area_bacia":"interse??o geom?trica em EPSG:5880","metodo_na_bacia":"ponto_representativo_grade_2022_within_bacia","pop_n_validos":1,"pop_n_total":1,"pop_completude":1.0,"dom_n_validos":1,"dom_n_total":1,"dom_completude":1.0},"geometry":{"type":"Polygon","coordinates":[[[-52.11734943597087,-29.359006522336262],[-52.117416466898405,-29.349679351001132],[-52.10745601056272,-29.349616419815337],[-52.107388625006564,-29.358943585505557],[-52.11734943597087,-29.359006522336262]]]}},{"type":"Feature","properties":{"id_grade":"1KME5190N8078","pop":7,"dom":2,"universo_dom":"domicilios_ocupados_grade_ibge_2022","na_bacia":1,"area_pct_bacia":100.0,"metodo_recorte_bacia":"ponto_representativo_grade_2022; area_pct_geometrica","status_borda_bacia":"total","metodo_area_bacia":"interse??o geom?trica em EPSG:5880","metodo_na_bacia":"ponto_representativo_grade_2022_within_bacia","pop_n_validos":1,"pop_n_total":1,"pop_completude":1.0,"dom_n_validos":1,"dom_n_total":1,"dom_completude":1.0},"geometry":{"type":"Polygon","coordinates":[[[-52.107388625006564,-29.358943585505557],[-52.10745601056272,-29.349616419815337],[-52.09749555902524,-29.34955315657692],[-52.097427818840984,-29.358880316593083],[-52.107388625006564,-29.358943585505557]]]}},{"type":"Feature","properties":{"id_grade":"1KME5191N8078","pop":19,"dom":7,"universo_dom":"domicilios_ocupados_grade_ibge_2022","na_bacia":1,"area_pct_bacia":100.0,"metodo_recorte_bacia":"ponto_representativo_grade_2022; area_pct_geometrica","status_borda_bacia":"total","metodo_area_bacia":"interse??o geom?trica em EPSG:5880","metodo_na_bacia":"ponto_representativo_grade_2022_within_bacia","pop_n_validos":1,"pop_n_total":1,"pop_completude":1.0,"dom_n_validos":1,"dom_n_total":1,"dom_completude":1.0},"geometry":{"type":"Polygon","coordinates":[[[-52.097427818840984,-29.358880316593083],[-52.09749555902524,-29.34955315657692],[-52.08753511231123,-29.34948956128709],[-52.087467017499385,-29.358816715598977],[-52.097427818840984,-29.358880316593083]]]}},{"type":"Feature","properties":{"id_grade":"1KME5193N8078","pop":24,"dom":11,"universo_dom":"domicilios_ocupados_grade_ibge_2022","na_bacia":1,"area_pct_bacia":100.0,"metodo_recorte_bacia":"ponto_representativo_grade_2022; area_pct_geometrica","status_borda_bacia":"total","metodo_area_bacia":"interse??o geom?trica em EPSG:5880","metodo_na_bacia":"ponto_representativo_grade_2022_within_bacia","pop_n_validos":1,"pop_n_total":1,"pop_completude":1.0,"dom_n_validos":1,"dom_n_total":1,"dom_completude":1.0},"geometry":{"type":"Polygon","coordinates":[[[-52.07750622100703,-29.35875278252417],[-52.07757467044594,-29.349425633946062],[-52.06761423345462,-29.34936137455453],[-52.06754542938916,-29.35868851736895],[-52.07750622100703,-29.35875278252417]]]}},{"type":"Feature","properties":{"id_grade":"1KME5187N8079","pop":24,"dom":11,"universo_dom":"domicilios_ocupados_grade_ibge_2022","na_bacia":1,"area_pct_bacia":100.0,"metodo_recorte_bacia":"ponto_representativo_grade_2022; area_pct_geometrica","status_borda_bacia":"total","metodo_area_bacia":"interse??o geom?trica em EPSG:5880","metodo_na_bacia":"ponto_representativo_grade_2022_within_bacia","pop_n_validos":1,"pop_n_total":1,"pop_completude":1.0,"dom_n_validos":1,"dom_n_total":1,"dom_completude":1.0},"geometry":{"type":"Polygon","coordinates":[[[-52.13733739386346,-29.349804217213812],[-52.137403710809764,-29.340477538951387],[-52.12744359955776,-29.340415277454166],[-52.127376928007074,-29.349741950134312],[-52.13733739386346,-29.349804217213812]]]}},{"type":"Feature","properties":{"id_grade":"1KME5188N8079","pop":15,"dom":6,"universo_dom":"domicilios_ocupados_grade_ibge_2022","na_bacia":1,"area_pct_bacia":100.0,"metodo_recorte_bacia":"ponto_representativo_grade_2022; area_pct_geometrica","status_borda_bacia":"total","metodo_area_bacia":"interse??o geom?trica em EPSG:5880","metodo_na_bacia":"ponto_representativo_grade_2022_within_bacia","pop_n_validos":1,"pop_n_total":1,"pop_completude":1.0,"dom_n_validos":1,"dom_n_total":1,"dom_completude":1.0},"geometry":{"type":"Polygon","coordinates":[[[-52.127376928007074,-29.349741950134312],[-52.12744359955776,-29.340415277454166],[-52.11748349305297,-29.34035268393261],[-52.117416466898405,-29.349679351001132],[-52.127376928007074,-29.349741950134312]]]}},{"type":"Feature","properties":{"id_grade":"1KME5189N8079","pop":31,"dom":8,"universo_dom":"domicilios_ocupados_grade_ibge_2022","na_bacia":1,"area_pct_bacia":100.0,"metodo_recorte_bacia":"ponto_representativo_grade_2022; area_pct_geometrica","status_borda_bacia":"total","metodo_area_bacia":"interse??o geom?trica em EPSG:5880","metodo_na_bacia":"ponto_representativo_grade_2022_within_bacia","pop_n_validos":1,"pop_n_total":1,"pop_completude":1.0,"dom_n_validos":1,"dom_n_total":1,"dom_completude":1.0},"geometry":{"type":"Polygon","coordinates":[[[-52.117416466898405,-29.349679351001132],[-52.11748349305297,-29.34035268393261],[-52.10752339132064,-29.340289758388465],[-52.10745601056272,-29.349616419815337],[-52.117416466898405,-29.349679351001132]]]}},{"type":"Feature","properties":{"id_grade":"1KME5190N8079","pop":33,"dom":12,"universo_dom":"domicilios_ocupados_grade_ibge_2022","na_bacia":1,"area_pct_bacia":100.0,"metodo_recorte_bacia":"ponto_representativo_grade_2022; area_pct_geometrica","status_borda_bacia":"total","metodo_area_bacia":"interse??o geom?trica em EPSG:5880","metodo_na_bacia":"ponto_representativo_grade_2022_within_bacia","pop_n_validos":1,"pop_n_total":1,"pop_completude":1.0,"dom_n_validos":1,"dom_n_total":1,"dom_completude":1.0},"geometry":{"type":"Polygon","coordinates":[[[-52.10745601056272,-29.349616419815337],[-52.10752339132064,-29.340289758388465],[-52.09756329438602,-29.340226500821682],[-52.09749555902524,-29.34955315657692],[-52.10745601056272,-29.349616419815337]]]}},{"type":"Feature","properties":{"id_grade":"1KME5191N8079","pop":32,"dom":13,"universo_dom":"domicilios_ocupados_grade_ibge_2022","na_bacia":1,"area_pct_bacia":100.0,"metodo_recorte_bacia":"ponto_representativo_grade_2022; area_pct_geometrica","status_borda_bacia":"total","metodo_area_bacia":"interse??o geom?trica em EPSG:5880","metodo_na_bacia":"ponto_representativo_grade_2022_within_bacia","pop_n_validos":1,"pop_n_total":1,"pop_completude":1.0,"dom_n_validos":1,"dom_n_total":1,"dom_completude":1.0},"geometry":{"type":"Polygon","coordinates":[[[-52.09749555902524,-29.34955315657692],[-52.09756329438602,-29.340226500821682],[-52.08760320227435,-29.340162911232795],[-52.08753511231123,-29.34948956128709],[-52.09749555902524,-29.34955315657692]]]}},{"type":"Feature","properties":{"id_grade":"1KME5192N8079","pop":21,"dom":8,"universo_dom":"domicilios_ocupados_grade_ibge_2022","na_bacia":1,"area_pct_bacia":100.0,"metodo_recorte_bacia":"ponto_representativo_grade_2022; area_pct_geometrica","status_borda_bacia":"total","metodo_area_bacia":"interse??o geom?trica em EPSG:5880","metodo_na_bacia":"ponto_representativo_grade_2022_within_bacia","pop_n_validos":1,"pop_n_total":1,"pop_completude":1.0,"dom_n_validos":1,"dom_n_total":1,"dom_completude":1.0},"geometry":{"type":"Polygon","coordinates":[[[-52.08753511231123,-29.34948956128709],[-52.08760320227435,-29.340162911232795],[-52.077643115010886,-29.340098989622515],[-52.07757467044594,-29.349425633946062],[-52.08753511231123,-29.34948956128709]]]}},{"type":"Feature","properties":{"id_grade":"1KME5193N8079","pop":43,"dom":18,"universo_dom":"domicilios_ocupados_grade_ibge_2022","na_bacia":1,"area_pct_bacia":100.0,"metodo_recorte_bacia":"ponto_representativo_grade_2022; area_pct_geometrica","status_borda_bacia":"total","metodo_area_bacia":"interse??o geom?trica em EPSG:5880","metodo_na_bacia":"ponto_representativo_grade_2022_within_bacia","pop_n_validos":1,"pop_n_total":1,"pop_completude":1.0,"dom_n_validos":1,"dom_n_total":1,"dom_completude":1.0},"geometry":{"type":"Polygon","coordinates":[[[-52.07757467044594,-29.349425633946062],[-52.077643115010886,-29.340098989622515],[-52.06768303262087,-29.34003473599169],[-52.06761423345462,-29.34936137455453],[-52.07757467044594,-29.349425633946062]]]}},{"type":"Feature","properties":{"id_grade":"1KME5185N8080","pop":5,"dom":2,"universo_dom":"domicilios_ocupados_grade_ibge_2022","na_bacia":1,"area_pct_bacia":100.0,"metodo_recorte_bacia":"ponto_representativo_grade_2022; area_pct_geometrica","status_borda_bacia":"total","metodo_area_bacia":"interse??o geom?trica em EPSG:5880","metodo_na_bacia":"ponto_representativo_grade_2022_within_bacia","pop_n_validos":1,"pop_n_total":1,"pop_completude":1.0,"dom_n_validos":1,"dom_n_total":1,"dom_completude":1.0},"geometry":{"type":"Polygon","coordinates":[[[-52.15732394745443,-29.340601065872498],[-52.157389550518985,-29.331274880431064],[-52.14742978442844,-29.331213288502703],[-52.14736382678373,-29.340539468424573],[-52.15732394745443,-29.340601065872498]]]}},{"type":"Feature","properties":{"id_grade":"1KME5186N8080","pop":12,"dom":4,"universo_dom":"domicilios_ocupados_grade_ibge_2022","na_bacia":1,"area_pct_bacia":100.0,"metodo_recorte_bacia":"ponto_representativo_grade_2022; area_pct_geometrica","status_borda_bacia":"total","metodo_area_bacia":"interse??o geom?trica em EPSG:5880","metodo_na_bacia":"ponto_representativo_grade_2022_within_bacia","pop_n_validos":1,"pop_n_total":1,"pop_completude":1.0,"dom_n_validos":1,"dom_n_total":1,"dom_completude":1.0},"geometry":{"type":"Polygon","coordinates":[[[-52.14736382678373,-29.340539468424573],[-52.14742978442844,-29.331213288502703],[-52.1374700230341,-29.331151364579263],[-52.137403710809764,-29.340477538951387],[-52.14736382678373,-29.340539468424573]]]}},{"type":"Feature","properties":{"id_grade":"1KME5187N8080","pop":20,"dom":7,"universo_dom":"domicilios_ocupados_grade_ibge_2022","na_bacia":1,"area_pct_bacia":100.0,"metodo_recorte_bacia":"ponto_representativo_grade_2022; area_pct_geometrica","status_borda_bacia":"total","metodo_area_bacia":"interse??o geom?trica em EPSG:5880","metodo_na_bacia":"ponto_representativo_grade_2022_within_bacia","pop_n_validos":1,"pop_n_total":1,"pop_completude":1.0,"dom_n_validos":1,"dom_n_total":1,"dom_completude":1.0},"geometry":{"type":"Polygon","coordinates":[[[-52.137403710809764,-29.340477538951387],[-52.1374700230341,-29.331151364579263],[-52.12751026636124,-29.33108910866089],[-52.12744359955776,-29.340415277454166],[-52.137403710809764,-29.340477538951387]]]}},{"type":"Feature","properties":{"id_grade":"1KME5188N8080","pop":24,"dom":10,"universo_dom":"domicilios_ocupados_grade_ibge_2022","na_bacia":1,"area_pct_bacia":100.0,"metodo_recorte_bacia":"ponto_representativo_grade_2022; area_pct_geometrica","status_borda_bacia":"total","metodo_area_bacia":"interse??o geom?trica em EPSG:5880","metodo_na_bacia":"ponto_representativo_grade_2022_within_bacia","pop_n_validos":1,"pop_n_total":1,"pop_completude":1.0,"dom_n_validos":1,"dom_n_total":1,"dom_completude":1.0},"geometry":{"type":"Polygon","coordinates":[[[-52.12744359955776,-29.340415277454166],[-52.12751026636124,-29.33108910866089],[-52.11755051443508,-29.331026520748765],[-52.11748349305297,-29.34035268393261],[-52.12744359955776,-29.340415277454166]]]}},{"type":"Feature","properties":{"id_grade":"1KME5189N8080","pop":2,"dom":1,"universo_dom":"domicilios_ocupados_grade_ibge_2022","na_bacia":1,"area_pct_bacia":100.0,"metodo_recorte_bacia":"ponto_representativo_grade_2022; area_pct_geometrica","status_borda_bacia":"total","metodo_area_bacia":"interse??o geom?trica em EPSG:5880","metodo_na_bacia":"ponto_representativo_grade_2022_within_bacia","pop_n_validos":1,"pop_n_total":1,"pop_completude":1.0,"dom_n_validos":1,"dom_n_total":1,"dom_completude":1.0},"geometry":{"type":"Polygon","coordinates":[[[-52.11748349305297,-29.34035268393261],[-52.11755051443508,-29.331026520748765],[-52.10759076728087,-29.33096360084297],[-52.10752339132064,-29.340289758388465],[-52.11748349305297,-29.34035268393261]]]}},{"type":"Feature","properties":{"id_grade":"1KME5192N8080","pop":73,"dom":32,"universo_dom":"domicilios_ocupados_grade_ibge_2022","na_bacia":1,"area_pct_bacia":100.0,"metodo_recorte_bacia":"ponto_representativo_grade_2022; area_pct_geometrica","status_borda_bacia":"total","metodo_area_bacia":"interse??o geom?trica em EPSG:5880","metodo_na_bacia":"ponto_representativo_grade_2022_within_bacia","pop_n_validos":1,"pop_n_total":1,"pop_completude":1.0,"dom_n_validos":1,"dom_n_total":1,"dom_completude":1.0},"geometry":{"type":"Polygon","coordinates":[[[-52.08760320227435,-29.340162911232795],[-52.08767128738928,-29.330836765053675],[-52.07771155470238,-29.330772849171385],[-52.077643115010886,-29.340098989622515],[-52.08760320227435,-29.340162911232795]]]}},{"type":"Feature","properties":{"id_grade":"1KME5193N8080","pop":66,"dom":19,"universo_dom":"domicilios_ocupados_grade_ibge_2022","na_bacia":1,"area_pct_bacia":100.0,"metodo_recorte_bacia":"ponto_representativo_grade_2022; area_pct_geometrica","status_borda_bacia":"total","metodo_area_bacia":"interse??o geom?trica em EPSG:5880","metodo_na_bacia":"ponto_representativo_grade_2022_within_bacia","pop_n_validos":1,"pop_n_total":1,"pop_completude":1.0,"dom_n_validos":1,"dom_n_total":1,"dom_completude":1.0},"geometry":{"type":"Polygon","coordinates":[[[-52.077643115010886,-29.340098989622515],[-52.07771155470238,-29.330772849171385],[-52.06775182688841,-29.330708601298188],[-52.06768303262087,-29.34003473599169],[-52.077643115010886,-29.340098989622515]]]}},{"type":"Feature","properties":{"id_grade":"1KME5194N8080","pop":10,"dom":5,"universo_dom":"domicilios_ocupados_grade_ibge_2022","na_bacia":1,"area_pct_bacia":100.0,"metodo_recorte_bacia":"ponto_representativo_grade_2022; area_pct_geometrica","status_borda_bacia":"total","metodo_area_bacia":"interse??o geom?trica em EPSG:5880","metodo_na_bacia":"ponto_representativo_grade_2022_within_bacia","pop_n_validos":1,"pop_n_total":1,"pop_completude":1.0,"dom_n_validos":1,"dom_n_total":1,"dom_completude":1.0},"geometry":{"type":"Polygon","coordinates":[[[-52.06768303262087,-29.34003473599169],[-52.06775182688841,-29.330708601298188],[-52.057792103972616,-29.330644021434246],[-52.057722955129535,-29.339970150340637],[-52.06768303262087,-29.34003473599169]]]}},{"type":"Feature","properties":{"id_grade":"1KME5184N8081","pop":2,"dom":1,"universo_dom":"domicilios_ocupados_grade_ibge_2022","na_bacia":1,"area_pct_bacia":100.0,"metodo_recorte_bacia":"ponto_representativo_grade_2022; area_pct_geometrica","status_borda_bacia":"total","metodo_area_bacia":"interse??o geom?trica em EPSG:5880","metodo_na_bacia":"ponto_representativo_grade_2022_within_bacia","pop_n_validos":1,"pop_n_total":1,"pop_completude":1.0,"dom_n_validos":1,"dom_n_total":1,"dom_completude":1.0},"geometry":{"type":"Polygon","coordinates":[[[-52.167349321280504,-29.33133614036364],[-52.16741456511869,-29.32201045294898],[-52.15745514891256,-29.321949198503365],[-52.157389550518985,-29.331274880431064],[-52.167349321280504,-29.33133614036364]]]}},{"type":"Feature","properties":{"id_grade":"1KME5185N8081","pop":31,"dom":12,"universo_dom":"domicilios_ocupados_grade_ibge_2022","na_bacia":1,"area_pct_bacia":100.0,"metodo_recorte_bacia":"ponto_representativo_grade_2022; area_pct_geometrica","status_borda_bacia":"total","metodo_area_bacia":"interse??o geom?trica em EPSG:5880","metodo_na_bacia":"ponto_representativo_grade_2022_within_bacia","pop_n_validos":1,"pop_n_total":1,"pop_completude":1.0,"dom_n_validos":1,"dom_n_total":1,"dom_completude":1.0},"geometry":{"type":"Polygon","coordinates":[[[-52.157389550518985,-29.331274880431064],[-52.15745514891256,-29.321949198503365],[-52.147495737376914,-29.32188761209177],[-52.14742978442844,-29.331213288502703],[-52.157389550518985,-29.331274880431064]]]}},{"type":"Feature","properties":{"id_grade":"1KME5186N8081","pop":24,"dom":7,"universo_dom":"domicilios_ocupados_grade_ibge_2022","na_bacia":1,"area_pct_bacia":100.0,"metodo_recorte_bacia":"ponto_representativo_grade_2022; area_pct_geometrica","status_borda_bacia":"total","metodo_area_bacia":"interse??o geom?trica em EPSG:5880","metodo_na_bacia":"ponto_representativo_grade_2022_within_bacia","pop_n_validos":1,"pop_n_total":1,"pop_completude":1.0,"dom_n_validos":1,"dom_n_total":1,"dom_completude":1.0},"geometry":{"type":"Polygon","coordinates":[[[-52.14742978442844,-29.331213288502703],[-52.147495737376914,-29.32188761209177],[-52.13753633053698,-29.32182569371456],[-52.1374700230341,-29.331151364579263],[-52.14742978442844,-29.331213288502703]]]}},{"type":"Feature","properties":{"id_grade":"1KME5187N8081","pop":10,"dom":4,"universo_dom":"domicilios_ocupados_grade_ibge_2022","na_bacia":1,"area_pct_bacia":100.0,"metodo_recorte_bacia":"ponto_representativo_grade_2022; area_pct_geometrica","status_borda_bacia":"total","metodo_area_bacia":"interse??o geom?trica em EPSG:5880","metodo_na_bacia":"ponto_representativo_grade_2022_within_bacia","pop_n_validos":1,"pop_n_total":1,"pop_completude":1.0,"dom_n_validos":1,"dom_n_total":1,"dom_completude":1.0},"geometry":{"type":"Polygon","coordinates":[[[-52.1374700230341,-29.331151364579263],[-52.13753633053698,-29.32182569371456],[-52.12757692841801,-29.321763443372554],[-52.12751026636124,-29.33108910866089],[-52.1374700230341,-29.331151364579263]]]}},{"type":"Feature","properties":{"id_grade":"1KME5188N8081","pop":59,"dom":22,"universo_dom":"domicilios_ocupados_grade_ibge_2022","na_bacia":1,"area_pct_bacia":100.0,"metodo_recorte_bacia":"ponto_representativo_grade_2022; area_pct_geometrica","status_borda_bacia":"total","metodo_area_bacia":"interse??o geom?trica em EPSG:5880","metodo_na_bacia":"ponto_representativo_grade_2022_within_bacia","pop_n_validos":1,"pop_n_total":1,"pop_completude":1.0,"dom_n_validos":1,"dom_n_total":1,"dom_completude":1.0},"geometry":{"type":"Polygon","coordinates":[[[-52.12751026636124,-29.33108910866089],[-52.12757692841801,-29.321763443372554],[-52.117617531045234,-29.32170086106641],[-52.11755051443508,-29.331026520748765],[-52.12751026636124,-29.33108910866089]]]}},{"type":"Feature","properties":{"id_grade":"1KME5184N8082","pop":11,"dom":3,"universo_dom":"domicilios_ocupados_grade_ibge_2022","na_bacia":1,"area_pct_bacia":100.0,"metodo_recorte_bacia":"ponto_representativo_grade_2022; area_pct_geometrica","status_borda_bacia":"total","metodo_area_bacia":"interse??o geom?trica em EPSG:5880","metodo_na_bacia":"ponto_representativo_grade_2022_within_bacia","pop_n_validos":1,"pop_n_total":1,"pop_completude":1.0,"dom_n_validos":1,"dom_n_total":1,"dom_completude":1.0},"geometry":{"type":"Polygon","coordinates":[[[-52.16741456511869,-29.32201045294898],[-52.16747980431164,-29.31268526866875],[-52.15752074263568,-29.312624019707393],[-52.15745514891256,-29.321949198503365],[-52.16741456511869,-29.32201045294898]]]}},{"type":"Feature","properties":{"id_grade":"1KME5185N8082","pop":14,"dom":7,"universo_dom":"domicilios_ocupados_grade_ibge_2022","na_bacia":1,"area_pct_bacia":100.0,"metodo_recorte_bacia":"ponto_representativo_grade_2022; area_pct_geometrica","status_borda_bacia":"total","metodo_area_bacia":"interse??o geom?trica em EPSG:5880","metodo_na_bacia":"ponto_representativo_grade_2022_within_bacia","pop_n_validos":1,"pop_n_total":1,"pop_completude":1.0,"dom_n_validos":1,"dom_n_total":1,"dom_completude":1.0},"geometry":{"type":"Polygon","coordinates":[[[-52.15745514891256,-29.321949198503365],[-52.15752074263568,-29.312624019707393],[-52.147561685629675,-29.312562438809735],[-52.147495737376914,-29.32188761209177],[-52.15745514891256,-29.321949198503365]]]}},{"type":"Feature","properties":{"id_grade":"1KME5186N8082","pop":24,"dom":9,"universo_dom":"domicilios_ocupados_grade_ibge_2022","na_bacia":1,"area_pct_bacia":100.0,"metodo_recorte_bacia":"ponto_representativo_grade_2022; area_pct_geometrica","status_borda_bacia":"total","metodo_area_bacia":"interse??o geom?trica em EPSG:5880","metodo_na_bacia":"ponto_representativo_grade_2022_within_bacia","pop_n_validos":1,"pop_n_total":1,"pop_completude":1.0,"dom_n_validos":1,"dom_n_total":1,"dom_completude":1.0},"geometry":{"type":"Polygon","coordinates":[[[-52.147495737376914,-29.32188761209177],[-52.147561685629675,-29.312562438809735],[-52.1376026333189,-29.312500525976212],[-52.13753633053698,-29.32182569371456],[-52.147495737376914,-29.32188761209177]]]}},{"type":"Feature","properties":{"id_grade":"1KME5187N8082","pop":51,"dom":19,"universo_dom":"domicilios_ocupados_grade_ibge_2022","na_bacia":1,"area_pct_bacia":100.0,"metodo_recorte_bacia":"ponto_representativo_grade_2022; area_pct_geometrica","status_borda_bacia":"total","metodo_area_bacia":"interse??o geom?trica em EPSG:5880","metodo_na_bacia":"ponto_representativo_grade_2022_within_bacia","pop_n_validos":1,"pop_n_total":1,"pop_completude":1.0,"dom_n_validos":1,"dom_n_total":1,"dom_completude":1.0},"geometry":{"type":"Polygon","coordinates":[[[-52.13753633053698,-29.32182569371456],[-52.1376026333189,-29.312500525976212],[-52.12764358572858,-29.31243828120765],[-52.12757692841801,-29.321763443372554],[-52.13753633053698,-29.32182569371456]]]}},{"type":"Feature","properties":{"id_grade":"1KME5184N8083","pop":13,"dom":6,"universo_dom":"domicilios_ocupados_grade_ibge_2022","na_bacia":1,"area_pct_bacia":100.0,"metodo_recorte_bacia":"ponto_representativo_grade_2022; area_pct_geometrica","status_borda_bacia":"total","metodo_area_bacia":"interse??o geom?trica em EPSG:5880","metodo_na_bacia":"ponto_representativo_grade_2022_within_bacia","pop_n_validos":1,"pop_n_total":1,"pop_completude":1.0,"dom_n_validos":1,"dom_n_total":1,"dom_completude":1.0},"geometry":{"type":"Polygon","coordinates":[[[-52.16747980431164,-29.31268526866875],[-52.167545038859856,-29.303360587141356],[-52.157586331688805,-29.3032993436613],[-52.15752074263568,-29.312624019707393],[-52.16747980431164,-29.31268526866875]]]}},{"type":"Feature","properties":{"id_grade":"1KME5185N8083","pop":21,"dom":7,"universo_dom":"domicilios_ocupados_grade_ibge_2022","na_bacia":1,"area_pct_bacia":100.0,"metodo_recorte_bacia":"ponto_representativo_grade_2022; area_pct_geometrica","status_borda_bacia":"total","metodo_area_bacia":"interse??o geom?trica em EPSG:5880","metodo_na_bacia":"ponto_representativo_grade_2022_within_bacia","pop_n_validos":1,"pop_n_total":1,"pop_completude":1.0,"dom_n_validos":1,"dom_n_total":1,"dom_completude":1.0},"geometry":{"type":"Polygon","coordinates":[[[-52.15752074263568,-29.312624019707393],[-52.157586331688805,-29.3032993436613],[-52.14762762918723,-29.303237768274673],[-52.147561685629675,-29.312562438809735],[-52.15752074263568,-29.312624019707393]]]}},{"type":"Feature","properties":{"id_grade":"1KME5186N8083","pop":16,"dom":5,"universo_dom":"domicilios_ocupados_grade_ibge_2022","na_bacia":1,"area_pct_bacia":100.0,"metodo_recorte_bacia":"ponto_representativo_grade_2022; area_pct_geometrica","status_borda_bacia":"total","metodo_area_bacia":"interse??o geom?trica em EPSG:5880","metodo_na_bacia":"ponto_representativo_grade_2022_within_bacia","pop_n_validos":1,"pop_n_total":1,"pop_completude":1.0,"dom_n_validos":1,"dom_n_total":1,"dom_completude":1.0},"geometry":{"type":"Polygon","coordinates":[[[-52.147561685629675,-29.312562438809735],[-52.14762762918723,-29.303237768274673],[-52.13766893138037,-29.303175860981877],[-52.1376026333189,-29.312500525976212],[-52.147561685629675,-29.312562438809735]]]}},{"type":"Feature","properties":{"id_grade":"1KME5187N8083","pop":27,"dom":10,"universo_dom":"domicilios_ocupados_grade_ibge_2022","na_bacia":1,"area_pct_bacia":100.0,"metodo_recorte_bacia":"ponto_representativo_grade_2022; area_pct_geometrica","status_borda_bacia":"total","metodo_area_bacia":"interse??o geom?trica em EPSG:5880","metodo_na_bacia":"ponto_representativo_grade_2022_within_bacia","pop_n_validos":1,"pop_n_total":1,"pop_completude":1.0,"dom_n_validos":1,"dom_n_total":1,"dom_completude":1.0},"geometry":{"type":"Polygon","coordinates":[[[-52.1376026333189,-29.312500525976212],[-52.13766893138037,-29.303175860981877],[-52.12771023829345,-29.303113621783474],[-52.12764358572858,-29.31243828120765],[-52.1376026333189,-29.312500525976212]]]}},{"type":"Feature","properties":{"id_grade":"1KME5188N8083","pop":20,"dom":8,"universo_dom":"domicilios_ocupados_grade_ibge_2022","na_bacia":1,"area_pct_bacia":100.0,"metodo_recorte_bacia":"ponto_representativo_grade_2022; area_pct_geometrica","status_borda_bacia":"total","metodo_area_bacia":"interse??o geom?trica em EPSG:5880","metodo_na_bacia":"ponto_representativo_grade_2022_within_bacia","pop_n_validos":1,"pop_n_total":1,"pop_completude":1.0,"dom_n_validos":1,"dom_n_total":1,"dom_completude":1.0},"geometry":{"type":"Polygon","coordinates":[[[-52.12764358572858,-29.31243828120765],[-52.12771023829345,-29.303113621783474],[-52.11775154995173,-29.30305105068033],[-52.11768454288394,-29.31237570450401],[-52.12764358572858,-29.31243828120765]]]}},{"type":"Feature","properties":{"id_grade":"1KME5190N8083","pop":94,"dom":35,"universo_dom":"domicilios_ocupados_grade_ibge_2022","na_bacia":1,"area_pct_bacia":100.0,"metodo_recorte_bacia":"ponto_representativo_grade_2022; area_pct_geometrica","status_borda_bacia":"total","metodo_area_bacia":"interse??o geom?trica em EPSG:5880","metodo_na_bacia":"ponto_representativo_grade_2022_within_bacia","pop_n_validos":1,"pop_n_total":1,"pop_completude":1.0,"dom_n_validos":1,"dom_n_total":1,"dom_completude":1.0},"geometry":{"type":"Polygon","coordinates":[[[-52.10772550481025,-29.31231279586685],[-52.10779286638042,-29.302988147672547],[-52.097834187604775,-29.302924912761217],[-52.09776647153272,-29.31224955529598],[-52.10772550481025,-29.31231279586685]]]}},{"type":"Feature","properties":{"id_grade":"1KME5183N8084","pop":3,"dom":1,"universo_dom":"domicilios_ocupados_grade_ibge_2022","na_bacia":1,"area_pct_bacia":100.0,"metodo_recorte_bacia":"ponto_representativo_grade_2022; area_pct_geometrica","status_borda_bacia":"total","metodo_area_bacia":"interse??o geom?trica em EPSG:5880","metodo_na_bacia":"ponto_representativo_grade_2022_within_bacia","pop_n_validos":1,"pop_n_total":1,"pop_completude":1.0,"dom_n_validos":1,"dom_n_total":1,"dom_completude":1.0},"geometry":{"type":"Polygon","coordinates":[[[-52.17750375067516,-29.30342149871427],[-52.17756862609895,-29.29409731410949],[-52.16761026876383,-29.294036407985544],[-52.167545038859856,-29.303360587141356],[-52.17750375067516,-29.30342149871427]]]}},{"type":"Feature","properties":{"id_grade":"1KME5184N8084","pop":6,"dom":4,"universo_dom":"domicilios_ocupados_grade_ibge_2022","na_bacia":1,"area_pct_bacia":100.0,"metodo_recorte_bacia":"ponto_representativo_grade_2022; area_pct_geometrica","status_borda_bacia":"total","metodo_area_bacia":"interse??o geom?trica em EPSG:5880","metodo_na_bacia":"ponto_representativo_grade_2022_within_bacia","pop_n_validos":1,"pop_n_total":1,"pop_completude":1.0,"dom_n_validos":1,"dom_n_total":1,"dom_completude":1.0},"geometry":{"type":"Polygon","coordinates":[[[-52.167545038859856,-29.303360587141356],[-52.16761026876383,-29.294036407985544],[-52.15765191607245,-29.29397516998385],[-52.157586331688805,-29.3032993436613],[-52.167545038859856,-29.303360587141356]]]}},{"type":"Feature","properties":{"id_grade":"1KME5185N8084","pop":13,"dom":5,"universo_dom":"domicilios_ocupados_grade_ibge_2022","na_bacia":1,"area_pct_bacia":100.0,"metodo_recorte_bacia":"ponto_representativo_grade_2022; area_pct_geometrica","status_borda_bacia":"total","metodo_area_bacia":"interse??o geom?trica em EPSG:5880","metodo_na_bacia":"ponto_representativo_grade_2022_within_bacia","pop_n_validos":1,"pop_n_total":1,"pop_completude":1.0,"dom_n_validos":1,"dom_n_total":1,"dom_completude":1.0},"geometry":{"type":"Polygon","coordinates":[[[-52.157586331688805,-29.3032993436613],[-52.15765191607245,-29.29397516998385],[-52.14769356805006,-29.293913600105288],[-52.14762762918723,-29.303237768274673],[-52.157586331688805,-29.3032993436613]]]}},{"type":"Feature","properties":{"id_grade":"1KME5186N8084","pop":8,"dom":3,"universo_dom":"domicilios_ocupados_grade_ibge_2022","na_bacia":1,"area_pct_bacia":100.0,"metodo_recorte_bacia":"ponto_representativo_grade_2022; area_pct_geometrica","status_borda_bacia":"total","metodo_area_bacia":"interse??o geom?trica em EPSG:5880","metodo_na_bacia":"ponto_representativo_grade_2022_within_bacia","pop_n_validos":1,"pop_n_total":1,"pop_completude":1.0,"dom_n_validos":1,"dom_n_total":1,"dom_completude":1.0},"geometry":{"type":"Polygon","coordinates":[[[-52.14762762918723,-29.303237768274673],[-52.14769356805006,-29.293913600105288],[-52.13773522472187,-29.29385169834987],[-52.13766893138037,-29.303175860981877],[-52.14762762918723,-29.303237768274673]]]}},{"type":"Feature","properties":{"id_grade":"1KME5187N8084","pop":9,"dom":6,"universo_dom":"domicilios_ocupados_grade_ibge_2022","na_bacia":1,"area_pct_bacia":100.0,"metodo_recorte_bacia":"ponto_representativo_grade_2022; area_pct_geometrica","status_borda_bacia":"total","metodo_area_bacia":"interse??o geom?trica em EPSG:5880","metodo_na_bacia":"ponto_representativo_grade_2022_within_bacia","pop_n_validos":1,"pop_n_total":1,"pop_completude":1.0,"dom_n_validos":1,"dom_n_total":1,"dom_completude":1.0},"geometry":{"type":"Polygon","coordinates":[[[-52.13766893138037,-29.303175860981877],[-52.13773522472187,-29.29385169834987],[-52.12777688611314,-29.29378946471899],[-52.12771023829345,-29.303113621783474],[-52.13766893138037,-29.303175860981877]]]}},{"type":"Feature","properties":{"id_grade":"1KME5189N8084","pop":60,"dom":20,"universo_dom":"domicilios_ocupados_grade_ibge_2022","na_bacia":1,"area_pct_bacia":100.0,"metodo_recorte_bacia":"ponto_representativo_grade_2022; area_pct_geometrica","status_borda_bacia":"total","metodo_area_bacia":"interse??o geom?trica em EPSG:5880","metodo_na_bacia":"ponto_representativo_grade_2022_within_bacia","pop_n_validos":1,"pop_n_total":1,"pop_completude":1.0,"dom_n_validos":1,"dom_n_total":1,"dom_completude":1.0},"geometry":{"type":"Polygon","coordinates":[[[-52.11775154995173,-29.30305105068033],[-52.11781855224908,-29.293726899213006],[-52.107860223154944,-29.293664001831775],[-52.10779286638042,-29.302988147672547],[-52.11775154995173,-29.30305105068033]]]}},{"type":"Feature","properties":{"id_grade":"1KME5182N8085","pop":7,"dom":4,"universo_dom":"domicilios_ocupados_grade_ibge_2022","na_bacia":1,"area_pct_bacia":100.0,"metodo_recorte_bacia":"ponto_representativo_grade_2022; area_pct_geometrica","status_borda_bacia":"total","metodo_area_bacia":"interse??o geom?trica em EPSG:5880","metodo_na_bacia":"ponto_representativo_grade_2022_within_bacia","pop_n_validos":1,"pop_n_total":1,"pop_completude":1.0,"dom_n_validos":1,"dom_n_total":1,"dom_completude":1.0},"geometry":{"type":"Polygon","coordinates":[[[-52.18752698805258,-29.294157888355432],[-52.187591504402434,-29.284834200327474],[-52.17763349690423,-29.28477363149772],[-52.17756862609895,-29.29409731410949],[-52.18752698805258,-29.294157888355432]]]}},{"type":"Feature","properties":{"id_grade":"1KME5183N8085","pop":5,"dom":2,"universo_dom":"domicilios_ocupados_grade_ibge_2022","na_bacia":1,"area_pct_bacia":100.0,"metodo_recorte_bacia":"ponto_representativo_grade_2022; area_pct_geometrica","status_borda_bacia":"total","metodo_area_bacia":"interse??o geom?trica em EPSG:5880","metodo_na_bacia":"ponto_representativo_grade_2022_within_bacia","pop_n_validos":1,"pop_n_total":1,"pop_completude":1.0,"dom_n_validos":1,"dom_n_total":1,"dom_completude":1.0},"geometry":{"type":"Polygon","coordinates":[[[-52.17756862609895,-29.29409731410949],[-52.17763349690423,-29.28477363149772],[-52.16767549402405,-29.28471273081925],[-52.16761026876383,-29.294036407985544],[-52.17756862609895,-29.29409731410949]]]}},{"type":"Feature","properties":{"id_grade":"1KME5184N8085","pop":35,"dom":10,"universo_dom":"domicilios_ocupados_grade_ibge_2022","na_bacia":1,"area_pct_bacia":100.0,"metodo_recorte_bacia":"ponto_representativo_grade_2022; area_pct_geometrica","status_borda_bacia":"total","metodo_area_bacia":"interse??o geom?trica em EPSG:5880","metodo_na_bacia":"ponto_representativo_grade_2022_within_bacia","pop_n_validos":1,"pop_n_total":1,"pop_completude":1.0,"dom_n_validos":1,"dom_n_total":1,"dom_completude":1.0},"geometry":{"type":"Polygon","coordinates":[[[-52.16761026876383,-29.294036407985544],[-52.16767549402405,-29.28471273081925],[-52.157717495787125,-29.284651498293307],[-52.15765191607245,-29.29397516998385],[-52.16761026876383,-29.294036407985544]]]}},{"type":"Feature","properties":{"id_grade":"1KME5185N8085","pop":8,"dom":3,"universo_dom":"domicilios_ocupados_grade_ibge_2022","na_bacia":1,"area_pct_bacia":100.0,"metodo_recorte_bacia":"ponto_representativo_grade_2022; area_pct_geometrica","status_borda_bacia":"total","metodo_area_bacia":"interse??o geom?trica em EPSG:5880","metodo_na_bacia":"ponto_representativo_grade_2022_within_bacia","pop_n_validos":1,"pop_n_total":1,"pop_completude":1.0,"dom_n_validos":1,"dom_n_total":1,"dom_completude":1.0},"geometry":{"type":"Polygon","coordinates":[[[-52.15765191607245,-29.29397516998385],[-52.157717495787125,-29.284651498293307],[-52.14775950221868,-29.284589933919897],[-52.14769356805006,-29.293913600105288],[-52.15765191607245,-29.29397516998385]]]}},{"type":"Feature","properties":{"id_grade":"1KME5186N8085","pop":1,"dom":1,"universo_dom":"domicilios_ocupados_grade_ibge_2022","na_bacia":1,"area_pct_bacia":100.0,"metodo_recorte_bacia":"ponto_representativo_grade_2022; area_pct_geometrica","status_borda_bacia":"total","metodo_area_bacia":"interse??o geom?trica em EPSG:5880","metodo_na_bacia":"ponto_representativo_grade_2022_within_bacia","pop_n_validos":1,"pop_n_total":1,"pop_completude":1.0,"dom_n_validos":1,"dom_n_total":1,"dom_completude":1.0},"geometry":{"type":"Polygon","coordinates":[[[-52.14769356805006,-29.293913600105288],[-52.14775950221868,-29.284589933919897],[-52.137801513343945,-29.284528037699378],[-52.13773522472187,-29.29385169834987],[-52.14769356805006,-29.293913600105288]]]}},{"type":"Feature","properties":{"id_grade":"1KME5188N8085","pop":19,"dom":7,"universo_dom":"domicilios_ocupados_grade_ibge_2022","na_bacia":1,"area_pct_bacia":100.0,"metodo_recorte_bacia":"ponto_representativo_grade_2022; area_pct_geometrica","status_borda_bacia":"total","metodo_area_bacia":"interse??o geom?trica em EPSG:5880","metodo_na_bacia":"ponto_representativo_grade_2022_within_bacia","pop_n_validos":1,"pop_n_total":1,"pop_completude":1.0,"dom_n_validos":1,"dom_n_total":1,"dom_completude":1.0},"geometry":{"type":"Polygon","coordinates":[[[-52.12777688611314,-29.29378946471899],[-52.12784352918816,-29.28446580963303],[-52.11788554977653,-29.28440324972078],[-52.11781855224908,-29.293726899213006],[-52.12777688611314,-29.29378946471899]]]}},{"type":"Feature","properties":{"id_grade":"1KME5182N8086","pop":23,"dom":6,"universo_dom":"domicilios_ocupados_grade_ibge_2022","na_bacia":1,"area_pct_bacia":100.0,"metodo_recorte_bacia":"ponto_representativo_grade_2022; area_pct_geometrica","status_borda_bacia":"total","metodo_area_bacia":"interse??o geom?trica em EPSG:5880","metodo_na_bacia":"ponto_representativo_grade_2022_within_bacia","pop_n_validos":1,"pop_n_total":1,"pop_completude":1.0,"dom_n_validos":1,"dom_n_total":1,"dom_completude":1.0},"geometry":{"type":"Polygon","coordinates":[[[-52.187591504402434,-29.284834200327474],[-52.18765601615949,-29.275511013913867],[-52.177698363091494,-29.275450450497623],[-52.17763349690423,-29.28477363149772],[-52.187591504402434,-29.284834200327474]]]}},{"type":"Feature","properties":{"id_grade":"1KME5184N8086","pop":12,"dom":3,"universo_dom":"domicilios_ocupados_grade_ibge_2022","na_bacia":1,"area_pct_bacia":100.0,"metodo_recorte_bacia":"ponto_representativo_grade_2022; area_pct_geometrica","status_borda_bacia":"total","metodo_area_bacia":"interse??o geom?trica em EPSG:5880","metodo_na_bacia":"ponto_representativo_grade_2022_within_bacia","pop_n_validos":1,"pop_n_total":1,"pop_completude":1.0,"dom_n_validos":1,"dom_n_total":1,"dom_completude":1.0},"geometry":{"type":"Polygon","coordinates":[[[-52.16767549402405,-29.28471273081925],[-52.167740714641035,-29.2753895552619],[-52.15778307083332,-29.275328328208712],[-52.157717495787125,-29.284651498293307],[-52.16767549402405,-29.28471273081925]]]}},{"type":"Feature","properties":{"id_grade":"1KME5187N8086","pop":33,"dom":13,"universo_dom":"domicilios_ocupados_grade_ibge_2022","na_bacia":1,"area_pct_bacia":100.0,"metodo_recorte_bacia":"ponto_representativo_grade_2022; area_pct_geometrica","status_borda_bacia":"total","metodo_area_bacia":"interse??o geom?trica em EPSG:5880","metodo_na_bacia":"ponto_representativo_grade_2022_within_bacia","pop_n_validos":1,"pop_n_total":1,"pop_completude":1.0,"dom_n_validos":1,"dom_n_total":1,"dom_completude":1.0},"geometry":{"type":"Polygon","coordinates":[[[-52.137801513343945,-29.284528037699378],[-52.13786779724707,-29.275204878648925],[-52.127910167519,-29.275142656143597],[-52.12784352918816,-29.28446580963303],[-52.137801513343945,-29.284528037699378]]]}},{"type":"Feature","properties":{"id_grade":"1KME5188N8086","pop":42,"dom":17,"universo_dom":"domicilios_ocupados_grade_ibge_2022","na_bacia":1,"area_pct_bacia":100.0,"metodo_recorte_bacia":"ponto_representativo_grade_2022; area_pct_geometrica","status_borda_bacia":"total","metodo_area_bacia":"interse??o geom?trica em EPSG:5880","metodo_na_bacia":"ponto_representativo_grade_2022_within_bacia","pop_n_validos":1,"pop_n_total":1,"pop_completude":1.0,"dom_n_validos":1,"dom_n_total":1,"dom_completude":1.0},"geometry":{"type":"Polygon","coordinates":[[[-52.12784352918816,-29.28446580963303],[-52.127910167519,-29.275142656143597],[-52.11795254253458,-29.27508010182296],[-52.11788554977653,-29.28440324972078],[-52.12784352918816,-29.28446580963303]]]}},{"type":"Feature","properties":{"id_grade":"1KME5182N8087","pop":18,"dom":6,"universo_dom":"domicilios_ocupados_grade_ibge_2022","na_bacia":1,"area_pct_bacia":100.0,"metodo_recorte_bacia":"ponto_representativo_grade_2022; area_pct_geometrica","status_borda_bacia":"total","metodo_area_bacia":"interse??o geom?trica em EPSG:5880","metodo_na_bacia":"ponto_representativo_grade_2022_within_bacia","pop_n_validos":1,"pop_n_total":1,"pop_completude":1.0,"dom_n_validos":1,"dom_n_total":1,"dom_completude":1.0},"geometry":{"type":"Polygon","coordinates":[[[-52.18765601615949,-29.275511013913867],[-52.187720523324245,-29.266188328733687],[-52.17776322466123,-29.266127770727863],[-52.177698363091494,-29.275450450497623],[-52.18765601615949,-29.275511013913867]]]}},{"type":"Feature","properties":{"id_grade":"1KME5183N8087","pop":4,"dom":2,"universo_dom":"domicilios_ocupados_grade_ibge_2022","na_bacia":1,"area_pct_bacia":100.0,"metodo_recorte_bacia":"ponto_representativo_grade_2022; area_pct_geometrica","status_borda_bacia":"total","metodo_area_bacia":"interse??o geom?trica em EPSG:5880","metodo_na_bacia":"ponto_representativo_grade_2022_within_bacia","pop_n_validos":1,"pop_n_total":1,"pop_completude":1.0,"dom_n_validos":1,"dom_n_total":1,"dom_completude":1.0},"geometry":{"type":"Polygon","coordinates":[[[-52.177698363091494,-29.275450450497623],[-52.17776322466123,-29.266127770727863],[-52.167805930615245,-29.266066880932616],[-52.167740714641035,-29.2753895552619],[-52.177698363091494,-29.275450450497623]]]}},{"type":"Feature","properties":{"id_grade":"1KME5185N8087","pop":4,"dom":1,"universo_dom":"domicilios_ocupados_grade_ibge_2022","na_bacia":1,"area_pct_bacia":100.0,"metodo_recorte_bacia":"ponto_representativo_grade_2022; area_pct_geometrica","status_borda_bacia":"total","metodo_area_bacia":"interse??o geom?trica em EPSG:5880","metodo_na_bacia":"ponto_representativo_grade_2022_within_bacia","pop_n_validos":1,"pop_n_total":1,"pop_completude":1.0,"dom_n_validos":1,"dom_n_total":1,"dom_completude":1.0},"geometry":{"type":"Polygon","coordinates":[[[-52.15778307083332,-29.275328328208712],[-52.15784864121152,-29.266005659348714],[-52.147891356475284,-29.265944105976576],[-52.14782543169359,-29.27526676933723],[-52.15778307083332,-29.275328328208712]]]}},{"type":"Feature","properties":{"id_grade":"1KME5183N8088","pop":33,"dom":15,"universo_dom":"domicilios_ocupados_grade_ibge_2022","na_bacia":1,"area_pct_bacia":100.0,"metodo_recorte_bacia":"ponto_representativo_grade_2022; area_pct_geometrica","status_borda_bacia":"total","metodo_area_bacia":"interse??o geom?trica em EPSG:5880","metodo_na_bacia":"ponto_representativo_grade_2022_within_bacia","pop_n_validos":1,"pop_n_total":1,"pop_completude":1.0,"dom_n_validos":1,"dom_n_total":1,"dom_completude":1.0},"geometry":{"type":"Polygon","coordinates":[[[-52.17776322466123,-29.266127770727863],[-52.17782808161393,-29.25680559180818],[-52.16787114194721,-29.256744707449926],[-52.167805930615245,-29.266066880932616],[-52.17776322466123,-29.266127770727863]]]}},{"type":"Feature","properties":{"id_grade":"1KME5181N8089","pop":16,"dom":5,"universo_dom":"domicilios_ocupados_grade_ibge_2022","na_bacia":1,"area_pct_bacia":100.0,"metodo_recorte_bacia":"ponto_representativo_grade_2022; area_pct_geometrica","status_borda_bacia":"total","metodo_area_bacia":"interse??o geom?trica em EPSG:5880","metodo_na_bacia":"ponto_representativo_grade_2022_within_bacia","pop_n_validos":1,"pop_n_total":1,"pop_completude":1.0,"dom_n_validos":1,"dom_n_total":1,"dom_completude":1.0},"geometry":{"type":"Polygon","coordinates":[[[-52.19774197477177,-29.256926365244702],[-52.19780611839839,-29.247604676014028],[-52.187849523878825,-29.247544460551087],[-52.18778502589719,-29.256866144406455],[-52.19774197477177,-29.256926365244702]]]}},{"type":"Feature","properties":{"id_grade":"1KME5182N8089","pop":9,"dom":4,"universo_dom":"domicilios_ocupados_grade_ibge_2022","na_bacia":1,"area_pct_bacia":100.0,"metodo_recorte_bacia":"ponto_representativo_grade_2022; area_pct_geometrica","status_borda_bacia":"total","metodo_area_bacia":"interse??o geom?trica em EPSG:5880","metodo_na_bacia":"ponto_representativo_grade_2022_within_bacia","pop_n_validos":1,"pop_n_total":1,"pop_completude":1.0,"dom_n_validos":1,"dom_n_total":1,"dom_completude":1.0},"geometry":{"type":"Polygon","coordinates":[[[-52.18778502589719,-29.256866144406455],[-52.187849523878825,-29.247544460551087],[-52.1778929339501,-29.24748391335762],[-52.17782808161393,-29.25680559180818],[-52.18778502589719,-29.256866144406455]]]}},{"type":"Feature","properties":{"id_grade":"1KME5183N8089","pop":6,"dom":3,"universo_dom":"domicilios_ocupados_grade_ibge_2022","na_bacia":1,"area_pct_bacia":100.0,"metodo_recorte_bacia":"ponto_representativo_grade_2022; area_pct_geometrica","status_borda_bacia":"total","metodo_area_bacia":"interse??o geom?trica em EPSG:5880","metodo_na_bacia":"ponto_representativo_grade_2022_within_bacia","pop_n_validos":1,"pop_n_total":1,"pop_completude":1.0,"dom_n_validos":1,"dom_n_total":1,"dom_completude":1.0},"geometry":{"type":"Polygon","coordinates":[[[-52.17782808161393,-29.25680559180818],[-52.1778929339501,-29.24748391335762],[-52.167936348637404,-29.247423034433925],[-52.16787114194721,-29.256744707449926],[-52.17782808161393,-29.25680559180818]]]}},{"type":"Feature","properties":{"id_grade":"1KME5184N8089","pop":13,"dom":4,"universo_dom":"domicilios_ocupados_grade_ibge_2022","na_bacia":1,"area_pct_bacia":100.0,"metodo_recorte_bacia":"ponto_representativo_grade_2022; area_pct_geometrica","status_borda_bacia":"total","metodo_area_bacia":"interse??o geom?trica em EPSG:5880","metodo_na_bacia":"ponto_representativo_grade_2022_within_bacia","pop_n_validos":1,"pop_n_total":1,"pop_completude":1.0,"dom_n_validos":1,"dom_n_total":1,"dom_completude":1.0},"geometry":{"type":"Polygon","coordinates":[[[-52.16787114194721,-29.256744707449926],[-52.167936348637404,-29.247423034433925],[-52.15797976796598,-29.24736182378074],[-52.15791420692224,-29.256683491332947],[-52.16787114194721,-29.256744707449926]]]}},{"type":"Feature","properties":{"id_grade":"1KME5181N8090","pop":3,"dom":2,"universo_dom":"domicilios_ocupados_grade_ibge_2022","na_bacia":1,"area_pct_bacia":100.0,"metodo_recorte_bacia":"ponto_representativo_grade_2022; area_pct_geometrica","status_borda_bacia":"total","metodo_area_bacia":"interse??o geom?trica em EPSG:5880","metodo_na_bacia":"ponto_representativo_grade_2022_within_bacia","pop_n_validos":1,"pop_n_total":1,"pop_completude":1.0,"dom_n_validos":1,"dom_n_total":1,"dom_completude":1.0},"geometry":{"type":"Polygon","coordinates":[[[-52.19780611839839,-29.247604676014028],[-52.1978702574594,-29.238283486878373],[-52.18791401726963,-29.23822327678799],[-52.187849523878825,-29.247544460551087],[-52.19780611839839,-29.247604676014028]]]}},{"type":"Feature","properties":{"id_grade":"1KME5182N8090","pop":5,"dom":1,"universo_dom":"domicilios_ocupados_grade_ibge_2022","na_bacia":1,"area_pct_bacia":100.0,"metodo_recorte_bacia":"ponto_representativo_grade_2022; area_pct_geometrica","status_borda_bacia":"total","metodo_area_bacia":"interse??o geom?trica em EPSG:5880","metodo_na_bacia":"ponto_representativo_grade_2022_within_bacia","pop_n_validos":1,"pop_n_total":1,"pop_completude":1.0,"dom_n_validos":1,"dom_n_total":1,"dom_completude":1.0},"geometry":{"type":"Polygon","coordinates":[[[-52.187849523878825,-29.247544460551087],[-52.18791401726963,-29.23822327678799],[-52.1779577816702,-29.23816273499607],[-52.1778929339501,-29.24748391335762],[-52.187849523878825,-29.247544460551087]]]}},{"type":"Feature","properties":{"id_grade":"1KME5183N8090","pop":12,"dom":4,"universo_dom":"domicilios_ocupados_grade_ibge_2022","na_bacia":1,"area_pct_bacia":100.0,"metodo_recorte_bacia":"ponto_representativo_grade_2022; area_pct_geometrica","status_borda_bacia":"total","metodo_area_bacia":"interse??o geom?trica em EPSG:5880","metodo_na_bacia":"ponto_representativo_grade_2022_within_bacia","pop_n_validos":1,"pop_n_total":1,"pop_completude":1.0,"dom_n_validos":1,"dom_n_total":1,"dom_completude":1.0},"geometry":{"type":"Polygon","coordinates":[[[-52.1778929339501,-29.24748391335762],[-52.1779577816702,-29.23816273499607],[-52.168001550686334,-29.238101861503875],[-52.167936348637404,-29.247423034433925],[-52.1778929339501,-29.24748391335762]]]}},{"type":"Feature","properties":{"id_grade":"1KME5184N8090","pop":15,"dom":5,"universo_dom":"domicilios_ocupados_grade_ibge_2022","na_bacia":1,"area_pct_bacia":100.0,"metodo_recorte_bacia":"ponto_representativo_grade_2022; area_pct_geometrica","status_borda_bacia":"total","metodo_area_bacia":"interse??o geom?trica em EPSG:5880","metodo_na_bacia":"ponto_representativo_grade_2022_within_bacia","pop_n_validos":1,"pop_n_total":1,"pop_completude":1.0,"dom_n_validos":1,"dom_n_total":1,"dom_completude":1.0},"geometry":{"type":"Polygon","coordinates":[[[-52.167936348637404,-29.247423034433925],[-52.168001550686334,-29.238101861503875],[-52.158045324343234,-29.238040656311806],[-52.15797976796598,-29.24736182378074],[-52.167936348637404,-29.247423034433925]]]}},{"type":"Feature","properties":{"id_grade":"1KME5176N8091","pop":11,"dom":4,"universo_dom":"domicilios_ocupados_grade_ibge_2022","na_bacia":1,"area_pct_bacia":100.0,"metodo_recorte_bacia":"ponto_representativo_grade_2022; area_pct_geometrica","status_borda_bacia":"total","metodo_area_bacia":"interse??o geom?trica em EPSG:5880","metodo_na_bacia":"ponto_representativo_grade_2022_within_bacia","pop_n_validos":1,"pop_n_total":1,"pop_completude":1.0,"dom_n_validos":1,"dom_n_total":1,"dom_completude":1.0},"geometry":{"type":"Polygon","coordinates":[[[-52.247651526380665,-29.238579561796232],[-52.24771388934639,-29.229258845971263],[-52.237757980890194,-29.22920029961593],[-52.237695263617475,-29.238521010219337],[-52.247651526380665,-29.238579561796232]]]}},{"type":"Feature","properties":{"id_grade":"1KME5180N8091","pop":5,"dom":3,"universo_dom":"domicilios_ocupados_grade_ibge_2022","na_bacia":1,"area_pct_bacia":100.0,"metodo_recorte_bacia":"ponto_representativo_grade_2022; area_pct_geometrica","status_borda_bacia":"total","metodo_area_bacia":"interse??o geom?trica em EPSG:5880","metodo_na_bacia":"ponto_representativo_grade_2022_within_bacia","pop_n_validos":1,"pop_n_total":1,"pop_completude":1.0,"dom_n_validos":1,"dom_n_total":1,"dom_completude":1.0},"geometry":{"type":"Polygon","coordinates":[[[-52.20782650221428,-29.23834336526762],[-52.207890282405096,-29.229022670506474],[-52.19793439195528,-29.22896279745729],[-52.1978702574594,-29.238283486878373],[-52.20782650221428,-29.23834336526762]]]}},{"type":"Feature","properties":{"id_grade":"1KME5181N8091","pop":12,"dom":3,"universo_dom":"domicilios_ocupados_grade_ibge_2022","na_bacia":1,"area_pct_bacia":100.0,"metodo_recorte_bacia":"ponto_representativo_grade_2022; area_pct_geometrica","status_borda_bacia":"total","metodo_area_bacia":"interse??o geom?trica em EPSG:5880","metodo_na_bacia":"ponto_representativo_grade_2022_within_bacia","pop_n_validos":1,"pop_n_total":1,"pop_completude":1.0,"dom_n_validos":1,"dom_n_total":1,"dom_completude":1.0},"geometry":{"type":"Polygon","coordinates":[[[-52.1978702574594,-29.238283486878373],[-52.19793439195528,-29.22896279745729],[-52.187978506070095,-29.22890259273607],[-52.18791401726963,-29.23822327678799],[-52.1978702574594,-29.238283486878373]]]}},{"type":"Feature","properties":{"id_grade":"1KME5182N8091","pop":24,"dom":8,"universo_dom":"domicilios_ocupados_grade_ibge_2022","na_bacia":1,"area_pct_bacia":100.0,"metodo_recorte_bacia":"ponto_representativo_grade_2022; area_pct_geometrica","status_borda_bacia":"total","metodo_area_bacia":"interse??o geom?trica em EPSG:5880","metodo_na_bacia":"ponto_representativo_grade_2022_within_bacia","pop_n_validos":1,"pop_n_total":1,"pop_completude":1.0,"dom_n_validos":1,"dom_n_total":1,"dom_completude":1.0},"geometry":{"type":"Polygon","coordinates":[[[-52.18791401726963,-29.23822327678799],[-52.187978506070095,-29.22890259273607],[-52.17802262477477,-29.228842056343495],[-52.1779577816702,-29.23816273499607],[-52.18791401726963,-29.23822327678799]]]}},{"type":"Feature","properties":{"id_grade":"1KME5183N8091","pop":3,"dom":2,"universo_dom":"domicilios_ocupados_grade_ibge_2022","na_bacia":1,"area_pct_bacia":100.0,"metodo_recorte_bacia":"ponto_representativo_grade_2022; area_pct_geometrica","status_borda_bacia":"total","metodo_area_bacia":"interse??o geom?trica em EPSG:5880","metodo_na_bacia":"ponto_representativo_grade_2022_within_bacia","pop_n_validos":1,"pop_n_total":1,"pop_completude":1.0,"dom_n_validos":1,"dom_n_total":1,"dom_completude":1.0},"geometry":{"type":"Polygon","coordinates":[[[-52.1779577816702,-29.23816273499607],[-52.17802262477477,-29.228842056343495],[-52.16806674809449,-29.228781188279584],[-52.168001550686334,-29.238101861503875],[-52.1779577816702,-29.23816273499607]]]}},{"type":"Feature","properties":{"id_grade":"1KME5184N8091","pop":16,"dom":6,"universo_dom":"domicilios_ocupados_grade_ibge_2022","na_bacia":1,"area_pct_bacia":100.0,"metodo_recorte_bacia":"ponto_representativo_grade_2022; area_pct_geometrica","status_borda_bacia":"total","metodo_area_bacia":"interse??o geom?trica em EPSG:5880","metodo_na_bacia":"ponto_representativo_grade_2022_within_bacia","pop_n_validos":1,"pop_n_total":1,"pop_completude":1.0,"dom_n_validos":1,"dom_n_total":1,"dom_completude":1.0},"geometry":{"type":"Polygon","coordinates":[[[-52.168001550686334,-29.238101861503875],[-52.16806674809449,-29.228781188279584],[-52.158110876054494,-29.228719988545723],[-52.158045324343234,-29.238040656311806],[-52.168001550686334,-29.238101861503875]]]}},{"type":"Feature","properties":{"id_grade":"1KME5185N8091","pop":59,"dom":21,"universo_dom":"domicilios_ocupados_grade_ibge_2022","na_bacia":1,"area_pct_bacia":100.0,"metodo_recorte_bacia":"ponto_representativo_grade_2022; area_pct_geometrica","status_borda_bacia":"total","metodo_area_bacia":"interse??o geom?trica em EPSG:5880","metodo_na_bacia":"ponto_representativo_grade_2022_within_bacia","pop_n_validos":1,"pop_n_total":1,"pop_completude":1.0,"dom_n_validos":1,"dom_n_total":1,"dom_completude":1.0},"geometry":{"type":"Polygon","coordinates":[[[-52.158045324343234,-29.238040656311806],[-52.158110876054494,-29.228719988545723],[-52.148155008679986,-29.228658457142153],[-52.148089102666134,-29.237979119420235],[-52.158045324343234,-29.238040656311806]]]}},{"type":"Feature","properties":{"id_grade":"1KME5176N8092","pop":11,"dom":2,"universo_dom":"domicilios_ocupados_grade_ibge_2022","na_bacia":1,"area_pct_bacia":100.0,"metodo_recorte_bacia":"ponto_representativo_grade_2022; area_pct_geometrica","status_borda_bacia":"total","metodo_area_bacia":"interse??o geom?trica em EPSG:5880","metodo_na_bacia":"ponto_representativo_grade_2022_within_bacia","pop_n_validos":1,"pop_n_total":1,"pop_completude":1.0,"dom_n_validos":1,"dom_n_total":1,"dom_completude":1.0},"geometry":{"type":"Polygon","coordinates":[[[-52.24771388934639,-29.229258845971263],[-52.247776247873546,-29.219938629494603],[-52.23782069369913,-29.219880088358224],[-52.237757980890194,-29.22920029961593],[-52.24771388934639,-29.229258845971263]]]}},{"type":"Feature","properties":{"id_grade":"1KME5177N8092","pop":27,"dom":8,"universo_dom":"domicilios_ocupados_grade_ibge_2022","na_bacia":1,"area_pct_bacia":100.0,"metodo_recorte_bacia":"ponto_representativo_grade_2022; area_pct_geometrica","status_borda_bacia":"total","metodo_area_bacia":"interse??o geom?trica em EPSG:5880","metodo_na_bacia":"ponto_representativo_grade_2022_within_bacia","pop_n_validos":1,"pop_n_total":1,"pop_completude":1.0,"dom_n_validos":1,"dom_n_total":1,"dom_completude":1.0},"geometry":{"type":"Polygon","coordinates":[[[-52.237757980890194,-29.22920029961593],[-52.23782069369913,-29.219880088358224],[-52.227865143988005,-29.219821215577017],[-52.22780207689777,-29.22914142158629],[-52.237757980890194,-29.22920029961593]]]}},{"type":"Feature","properties":{"id_grade":"1KME5178N8092","pop":19,"dom":7,"universo_dom":"domicilios_ocupados_grade_ibge_2022","na_bacia":1,"area_pct_bacia":100.0,"metodo_recorte_bacia":"ponto_representativo_grade_2022; area_pct_geometrica","status_borda_bacia":"total","metodo_area_bacia":"interse??o geom?trica em EPSG:5880","metodo_na_bacia":"ponto_representativo_grade_2022_within_bacia","pop_n_validos":1,"pop_n_total":1,"pop_completude":1.0,"dom_n_validos":1,"dom_n_total":1,"dom_completude":1.0},"geometry":{"type":"Polygon","coordinates":[[[-52.22780207689777,-29.22914142158629],[-52.227865143988005,-29.219821215577017],[-52.21790959876539,-29.21976201115175],[-52.217846177394335,-29.229082211882876],[-52.22780207689777,-29.22914142158629]]]}},{"type":"Feature","properties":{"id_grade":"1KME5180N8092","pop":15,"dom":4,"universo_dom":"domicilios_ocupados_grade_ibge_2022","na_bacia":1,"area_pct_bacia":100.0,"metodo_recorte_bacia":"ponto_representativo_grade_2022; area_pct_geometrica","status_borda_bacia":"total","metodo_area_bacia":"interse??o geom?trica em EPSG:5880","metodo_na_bacia":"ponto_representativo_grade_2022_within_bacia","pop_n_validos":1,"pop_n_total":1,"pop_completude":1.0,"dom_n_validos":1,"dom_n_total":1,"dom_completude":1.0},"geometry":{"type":"Polygon","coordinates":[[[-52.207890282405096,-29.229022670506474],[-52.207954058056494,-29.219702475082876],[-52.19799852188653,-29.21964260737061],[-52.19793439195528,-29.22896279745729],[-52.207890282405096,-29.229022670506474]]]}},{"type":"Feature","properties":{"id_grade":"1KME5181N8092","pop":4,"dom":1,"universo_dom":"domicilios_ocupados_grade_ibge_2022","na_bacia":1,"area_pct_bacia":100.0,"metodo_recorte_bacia":"ponto_representativo_grade_2022; area_pct_geometrica","status_borda_bacia":"total","metodo_area_bacia":"interse??o geom?trica em EPSG:5880","metodo_na_bacia":"ponto_representativo_grade_2022_within_bacia","pop_n_validos":1,"pop_n_total":1,"pop_completude":1.0,"dom_n_validos":1,"dom_n_total":1,"dom_completude":1.0},"geometry":{"type":"Polygon","coordinates":[[[-52.19793439195528,-29.22896279745729],[-52.19799852188653,-29.21964260737061],[-52.188042990280714,-29.21958240801601],[-52.187978506070095,-29.22890259273607],[-52.19793439195528,-29.22896279745729]]]}},{"type":"Feature","properties":{"id_grade":"1KME5182N8092","pop":5,"dom":1,"universo_dom":"domicilios_ocupados_grade_ibge_2022","na_bacia":1,"area_pct_bacia":100.0,"metodo_recorte_bacia":"ponto_representativo_grade_2022; area_pct_geometrica","status_borda_bacia":"total","metodo_area_bacia":"interse??o geom?trica em EPSG:5880","metodo_na_bacia":"ponto_representativo_grade_2022_within_bacia","pop_n_validos":1,"pop_n_total":1,"pop_completude":1.0,"dom_n_validos":1,"dom_n_total":1,"dom_completude":1.0},"geometry":{"type":"Polygon","coordinates":[[[-52.187978506070095,-29.22890259273607],[-52.188042990280714,-29.21958240801601],[-52.17808746326426,-29.21952187701926],[-52.17802262477477,-29.228842056343495],[-52.187978506070095,-29.22890259273607]]]}},{"type":"Feature","properties":{"id_grade":"1KME5185N8092","pop":23,"dom":8,"universo_dom":"domicilios_ocupados_grade_ibge_2022","na_bacia":1,"area_pct_bacia":100.0,"metodo_recorte_bacia":"ponto_representativo_grade_2022; area_pct_geometrica","status_borda_bacia":"total","metodo_area_bacia":"interse??o geom?trica em EPSG:5880","metodo_na_bacia":"ponto_representativo_grade_2022_within_bacia","pop_n_validos":1,"pop_n_total":1,"pop_completude":1.0,"dom_n_validos":1,"dom_n_total":1,"dom_completude":1.0},"geometry":{"type":"Polygon","coordinates":[[[-52.158110876054494,-29.228719988545723],[-52.158176423100265,-29.21939982010278],[-52.148220910003154,-29.219338294183725],[-52.148155008679986,-29.228658457142153],[-52.158110876054494,-29.228719988545723]]]}},{"type":"Feature","properties":{"id_grade":"1KME5176N8093","pop":4,"dom":2,"universo_dom":"domicilios_ocupados_grade_ibge_2022","na_bacia":1,"area_pct_bacia":100.0,"metodo_recorte_bacia":"ponto_representativo_grade_2022; area_pct_geometrica","status_borda_bacia":"total","metodo_area_bacia":"interse??o geom?trica em EPSG:5880","metodo_na_bacia":"ponto_representativo_grade_2022_within_bacia","pop_n_validos":1,"pop_n_total":1,"pop_completude":1.0,"dom_n_validos":1,"dom_n_total":1,"dom_completude":1.0},"geometry":{"type":"Polygon","coordinates":[[[-52.247776247873546,-29.219938629494603],[-52.247838601962634,-29.210618911986767],[-52.23788340204477,-29.210560376066525],[-52.23782069369913,-29.219880088358224],[-52.247776247873546,-29.219938629494603]]]}},{"type":"Feature","properties":{"id_grade":"1KME5177N8093","pop":10,"dom":4,"universo_dom":"domicilios_ocupados_grade_ibge_2022","na_bacia":1,"area_pct_bacia":100.0,"metodo_recorte_bacia":"ponto_representativo_grade_2022; area_pct_geometrica","status_borda_bacia":"total","metodo_area_bacia":"interse??o geom?trica em EPSG:5880","metodo_na_bacia":"ponto_representativo_grade_2022_within_bacia","pop_n_validos":1,"pop_n_total":1,"pop_completude":1.0,"dom_n_validos":1,"dom_n_total":1,"dom_completude":1.0},"geometry":{"type":"Polygon","coordinates":[[[-52.23782069369913,-29.219880088358224],[-52.23788340204477,-29.210560376066525],[-52.22792820658974,-29.210501508530974],[-52.227865143988005,-29.219821215577017],[-52.23782069369913,-29.219880088358224]]]}},{"type":"Feature","properties":{"id_grade":"1KME5178N8093","pop":16,"dom":7,"universo_dom":"domicilios_ocupados_grade_ibge_2022","na_bacia":1,"area_pct_bacia":100.0,"metodo_recorte_bacia":"ponto_representativo_grade_2022; area_pct_geometrica","status_borda_bacia":"total","metodo_area_bacia":"interse??o geom?trica em EPSG:5880","metodo_na_bacia":"ponto_representativo_grade_2022_within_bacia","pop_n_validos":1,"pop_n_total":1,"pop_completude":1.0,"dom_n_validos":1,"dom_n_total":1,"dom_completude":1.0},"geometry":{"type":"Polygon","coordinates":[[[-52.227865143988005,-29.219821215577017],[-52.22792820658974,-29.210501508530974],[-52.217973015622725,-29.210442309380685],[-52.21790959876539,-29.21976201115175],[-52.227865143988005,-29.219821215577017]]]}},{"type":"Feature","properties":{"id_grade":"1KME5179N8093","pop":3,"dom":2,"universo_dom":"domicilios_ocupados_grade_ibge_2022","na_bacia":1,"area_pct_bacia":100.0,"metodo_recorte_bacia":"ponto_representativo_grade_2022; area_pct_geometrica","status_borda_bacia":"total","metodo_area_bacia":"interse??o geom?trica em EPSG:5880","metodo_na_bacia":"ponto_representativo_grade_2022_within_bacia","pop_n_validos":1,"pop_n_total":1,"pop_completude":1.0,"dom_n_validos":1,"dom_n_total":1,"dom_completude":1.0},"geometry":{"type":"Polygon","coordinates":[[[-52.21790959876539,-29.21976201115175],[-52.217973015622725,-29.210442309380685],[-52.20801782916896,-29.210382778616534],[-52.207954058056494,-29.219702475082876],[-52.21790959876539,-29.21976201115175]]]}},{"type":"Feature","properties":{"id_grade":"1KME5180N8093","pop":16,"dom":5,"universo_dom":"domicilios_ocupados_grade_ibge_2022","na_bacia":1,"area_pct_bacia":100.0,"metodo_recorte_bacia":"ponto_representativo_grade_2022; area_pct_geometrica","status_borda_bacia":"total","metodo_area_bacia":"interse??o geom?trica em EPSG:5880","metodo_na_bacia":"ponto_representativo_grade_2022_within_bacia","pop_n_validos":1,"pop_n_total":1,"pop_completude":1.0,"dom_n_validos":1,"dom_n_total":1,"dom_completude":1.0},"geometry":{"type":"Polygon","coordinates":[[[-52.207954058056494,-29.219702475082876],[-52.20801782916896,-29.210382778616534],[-52.198062647253636,-29.21032291623869],[-52.19799852188653,-29.21964260737061],[-52.207954058056494,-29.219702475082876]]]}},{"type":"Feature","properties":{"id_grade":"1KME5181N8093","pop":12,"dom":6,"universo_dom":"domicilios_ocupados_grade_ibge_2022","na_bacia":1,"area_pct_bacia":100.0,"metodo_recorte_bacia":"ponto_representativo_grade_2022; area_pct_geometrica","status_borda_bacia":"total","metodo_area_bacia":"interse??o geom?trica em EPSG:5880","metodo_na_bacia":"ponto_representativo_grade_2022_within_bacia","pop_n_validos":1,"pop_n_total":1,"pop_completude":1.0,"dom_n_validos":1,"dom_n_total":1,"dom_completude":1.0},"geometry":{"type":"Polygon","coordinates":[[[-52.19799852188653,-29.21964260737061],[-52.198062647253636,-29.21032291623869],[-52.18810746990198,-29.2102627222477],[-52.188042990280714,-29.21958240801601],[-52.19799852188653,-29.21964260737061]]]}},{"type":"Feature","properties":{"id_grade":"1KME5175N8094","pop":33,"dom":14,"universo_dom":"domicilios_ocupados_grade_ibge_2022","na_bacia":1,"area_pct_bacia":100.0,"metodo_recorte_bacia":"ponto_representativo_grade_2022; area_pct_geometrica","status_borda_bacia":"total","metodo_area_bacia":"interse??o geom?trica em EPSG:5880","metodo_na_bacia":"ponto_representativo_grade_2022_within_bacia","pop_n_validos":1,"pop_n_total":1,"pop_completude":1.0,"dom_n_validos":1,"dom_n_total":1,"dom_completude":1.0},"geometry":{"type":"Polygon","coordinates":[[[-52.2577938063181,-29.21067711629121],[-52.25785580173774,-29.201357892188632],[-52.2479009516141,-29.20129969306783],[-52.247838601962634,-29.210618911986767],[-52.2577938063181,-29.21067711629121]]]}},{"type":"Feature","properties":{"id_grade":"1KME5176N8094","pop":7,"dom":3,"universo_dom":"domicilios_ocupados_grade_ibge_2022","na_bacia":1,"area_pct_bacia":100.0,"metodo_recorte_bacia":"ponto_representativo_grade_2022; area_pct_geometrica","status_borda_bacia":"total","metodo_area_bacia":"interse??o geom?trica em EPSG:5880","metodo_na_bacia":"ponto_representativo_grade_2022_within_bacia","pop_n_validos":1,"pop_n_total":1,"pop_completude":1.0,"dom_n_validos":1,"dom_n_total":1,"dom_completude":1.0},"geometry":{"type":"Polygon","coordinates":[[[-52.247838601962634,-29.210618911986767],[-52.2479009516141,-29.20129969306783],[-52.23794610592759,-29.201241162360997],[-52.23788340204477,-29.210560376066525],[-52.247838601962634,-29.210618911986767]]]}},{"type":"Feature","properties":{"id_grade":"1KME5178N8094","pop":6,"dom":3,"universo_dom":"domicilios_ocupados_grade_ibge_2022","na_bacia":1,"area_pct_bacia":100.0,"metodo_recorte_bacia":"ponto_representativo_grade_2022; area_pct_geometrica","status_borda_bacia":"total","metodo_area_bacia":"interse??o geom?trica em EPSG:5880","metodo_na_bacia":"ponto_representativo_grade_2022_within_bacia","pop_n_validos":1,"pop_n_total":1,"pop_completude":1.0,"dom_n_validos":1,"dom_n_total":1,"dom_completude":1.0},"geometry":{"type":"Polygon","coordinates":[[[-52.22792820658974,-29.210501508530974],[-52.227991264703434,-29.20118230006855],[-52.21803642796683,-29.201123106190785],[-52.217973015622725,-29.210442309380685],[-52.22792820658974,-29.210501508530974]]]}},{"type":"Feature","properties":{"id_grade":"1KME5179N8094","pop":6,"dom":2,"universo_dom":"domicilios_ocupados_grade_ibge_2022","na_bacia":1,"area_pct_bacia":100.0,"metodo_recorte_bacia":"ponto_representativo_grade_2022; area_pct_geometrica","status_borda_bacia":"total","metodo_area_bacia":"interse??o geom?trica em EPSG:5880","metodo_na_bacia":"ponto_representativo_grade_2022_within_bacia","pop_n_validos":1,"pop_n_total":1,"pop_completude":1.0,"dom_n_validos":1,"dom_n_total":1,"dom_completude":1.0},"geometry":{"type":"Polygon","coordinates":[[[-52.217973015622725,-29.210442309380685],[-52.21803642796683,-29.201123106190785],[-52.208081595742975,-29.2010635807284],[-52.20801782916896,-29.210382778616534],[-52.217973015622725,-29.210442309380685]]]}},{"type":"Feature","properties":{"id_grade":"1KME5181N8094","pop":28,"dom":9,"universo_dom":"domicilios_ocupados_grade_ibge_2022","na_bacia":1,"area_pct_bacia":100.0,"metodo_recorte_bacia":"ponto_representativo_grade_2022; area_pct_geometrica","status_borda_bacia":"total","metodo_area_bacia":"interse??o geom?trica em EPSG:5880","metodo_na_bacia":"ponto_representativo_grade_2022_within_bacia","pop_n_validos":1,"pop_n_total":1,"pop_completude":1.0,"dom_n_validos":1,"dom_n_total":1,"dom_completude":1.0},"geometry":{"type":"Polygon","coordinates":[[[-52.198062647253636,-29.21032291623869],[-52.198126768057094,-29.201003723682167],[-52.18817194493438,-29.20094353505214],[-52.18810746990198,-29.2102627222477],[-52.198062647253636,-29.21032291623869]]]}},{"type":"Feature","properties":{"id_grade":"1KME5176N8095","pop":6,"dom":2,"universo_dom":"domicilios_ocupados_grade_ibge_2022","na_bacia":1,"area_pct_bacia":100.0,"metodo_recorte_bacia":"ponto_representativo_grade_2022; area_pct_geometrica","status_borda_bacia":"total","metodo_area_bacia":"interse??o geom?trica em EPSG:5880","metodo_na_bacia":"ponto_representativo_grade_2022_within_bacia","pop_n_validos":1,"pop_n_total":1,"pop_completude":1.0,"dom_n_validos":1,"dom_n_total":1,"dom_completude":1.0},"geometry":{"type":"Polygon","coordinates":[[[-52.2479009516141,-29.20129969306783],[-52.24796329682843,-29.191980972359108],[-52.23800880534808,-29.19192244686269],[-52.23794610592759,-29.201241162360997],[-52.2479009516141,-29.20129969306783]]]}},{"type":"Feature","properties":{"id_grade":"200ME51772N80942","pop":1,"dom":1,"universo_dom":"domicilios_ocupados_grade_ibge_2022","na_bacia":1,"area_pct_bacia":100.0,"metodo_recorte_bacia":"ponto_representativo_grade_2022; area_pct_geometrica","status_borda_bacia":"total","metodo_area_bacia":"interse??o geom?trica em EPSG:5880","metodo_na_bacia":"ponto_representativo_grade_2022_within_bacia","pop_n_validos":1,"pop_n_total":1,"pop_completude":1.0,"dom_n_validos":1,"dom_n_total":1,"dom_completude":1.0},"geometry":{"type":"Polygon","coordinates":[[[-52.23589236274227,-29.210548629415644],[-52.23590491817737,-29.20868474670362],[-52.2339138929118,-29.208672986269256],[-52.23390132308754,-29.21053686898127],[-52.23589236274227,-29.210548629415644]]]}},{"type":"Feature","properties":{"id_grade":"200ME51774N80942","pop":5,"dom":1,"universo_dom":"domicilios_ocupados_grade_ibge_2022","na_bacia":1,"area_pct_bacia":100.0,"metodo_recorte_bacia":"ponto_representativo_grade_2022; area_pct_geometrica","status_borda_bacia":"total","metodo_area_bacia":"interse??o geom?trica em EPSG:5880","metodo_na_bacia":"ponto_representativo_grade_2022_within_bacia","pop_n_validos":1,"pop_n_total":1,"pop_completude":1.0,"dom_n_validos":1,"dom_n_total":1,"dom_completude":1.0},"geometry":{"type":"Polygon","coordinates":[[[-52.23390132308754,-29.21053686898127],[-52.2339138929118,-29.208672986269256],[-52.231922867646176,-29.208661213244323],[-52.231910284332116,-29.210525095057076],[-52.23390132308754,-29.21053686898127]]]}},{"type":"Feature","properties":{"id_grade":"200ME51774N80944","pop":2,"dom":1,"universo_dom":"domicilios_ocupados_grade_ibge_2022","na_bacia":1,"area_pct_bacia":100.0,"metodo_recorte_bacia":"ponto_representativo_grade_2022; area_pct_geometrica","status_borda_bacia":"total","metodo_area_bacia":"interse??o geom?trica em EPSG:5880","metodo_na_bacia":"ponto_representativo_grade_2022_within_bacia","pop_n_validos":1,"pop_n_total":1,"pop_completude":1.0,"dom_n_validos":1,"dom_n_total":1,"dom_completude":1.0},"geometry":{"type":"Polygon","coordinates":[[[-52.2339138929118,-29.208672986269256],[-52.23392646183669,-29.206809124241687],[-52.231935450960236,-29.20679735121676],[-52.231922867646176,-29.208661213244323],[-52.2339138929118,-29.208672986269256]]]}},{"type":"Feature","properties":{"id_grade":"200ME51772N80946","pop":1,"dom":1,"universo_dom":"domicilios_ocupados_grade_ibge_2022","na_bacia":1,"area_pct_bacia":100.0,"metodo_recorte_bacia":"ponto_representativo_grade_2022; area_pct_geometrica","status_borda_bacia":"total","metodo_area_bacia":"interse??o geom?trica em EPSG:5880","metodo_na_bacia":"ponto_representativo_grade_2022_within_bacia","pop_n_validos":1,"pop_n_total":1,"pop_completude":1.0,"dom_n_validos":1,"dom_n_total":1,"dom_completude":1.0},"geometry":{"type":"Polygon","coordinates":[[[-52.23591747271315,-29.206820883776814],[-52.23593002814823,-29.20495704153421],[-52.23393903076164,-29.20494528199913],[-52.23392646183669,-29.206809124241687],[-52.23591747271315,-29.206820883776814]]]}},{"type":"Feature","properties":{"id_grade":"200ME51772N80950","pop":4,"dom":1,"universo_dom":"domicilios_ocupados_grade_ibge_2022","na_bacia":1,"area_pct_bacia":100.0,"metodo_recorte_bacia":"ponto_representativo_grade_2022; area_pct_geometrica","status_borda_bacia":"total","metodo_area_bacia":"interse??o geom?trica em EPSG:5880","metodo_na_bacia":"ponto_representativo_grade_2022_within_bacia","pop_n_validos":1,"pop_n_total":1,"pop_completude":1.0,"dom_n_validos":1,"dom_n_total":1,"dom_completude":1.0},"geometry":{"type":"Polygon","coordinates":[[[-52.235942582684004,-29.20309321907672],[-52.235955137219776,-29.201229416404384],[-52.233964168611465,-29.201217656869353],[-52.23395160058584,-29.203081459541657],[-52.235942582684004,-29.20309321907672]]]}},{"type":"Feature","properties":{"id_grade":"200ME51772N80952","pop":14,"dom":6,"universo_dom":"domicilios_ocupados_grade_ibge_2022","na_bacia":1,"area_pct_bacia":100.0,"metodo_recorte_bacia":"ponto_representativo_grade_2022; area_pct_geometrica","status_borda_bacia":"total","metodo_area_bacia":"interse??o geom?trica em EPSG:5880","metodo_na_bacia":"ponto_representativo_grade_2022_within_bacia","pop_n_validos":1,"pop_n_total":1,"pop_completude":1.0,"dom_n_validos":1,"dom_n_total":1,"dom_completude":1.0},"geometry":{"type":"Polygon","coordinates":[[[-52.235955137219776,-29.201229416404384],[-52.235967691755555,-29.199365633517065],[-52.23397673753635,-29.199353874881336],[-52.233964168611465,-29.201217656869353],[-52.235955137219776,-29.201229416404384]]]}},{"type":"Feature","properties":{"id_grade":"200ME51774N80952","pop":5,"dom":2,"universo_dom":"domicilios_ocupados_grade_ibge_2022","na_bacia":1,"area_pct_bacia":100.0,"metodo_recorte_bacia":"ponto_representativo_grade_2022; area_pct_geometrica","status_borda_bacia":"total","metodo_area_bacia":"interse??o geom?trica em EPSG:5880","metodo_na_bacia":"ponto_representativo_grade_2022_within_bacia","pop_n_validos":1,"pop_n_total":1,"pop_completude":1.0,"dom_n_validos":1,"dom_n_total":1,"dom_completude":1.0},"geometry":{"type":"Polygon","coordinates":[[[-52.233964168611465,-29.201217656869353],[-52.23397673753635,-29.199353874881336],[-52.231985783317214,-29.199342102755754],[-52.23197320090247,-29.201205884743658],[-52.233964168611465,-29.201217656869353]]]}},{"type":"Feature","properties":{"id_grade":"200ME51776N80952","pop":15,"dom":9,"universo_dom":"domicilios_ocupados_grade_ibge_2022","na_bacia":1,"area_pct_bacia":100.0,"metodo_recorte_bacia":"ponto_representativo_grade_2022; area_pct_geometrica","status_borda_bacia":"total","metodo_area_bacia":"interse??o geom?trica em EPSG:5880","metodo_na_bacia":"ponto_representativo_grade_2022_within_bacia","pop_n_validos":1,"pop_n_total":1,"pop_completude":1.0,"dom_n_validos":1,"dom_n_total":1,"dom_completude":1.0},"geometry":{"type":"Polygon","coordinates":[[[-52.23197320090247,-29.201205884743658],[-52.231985783317214,-29.199342102755754],[-52.22999482909802,-29.199330317140383],[-52.22998223229416,-29.201194099128287],[-52.23197320090247,-29.201205884743658]]]}},{"type":"Feature","properties":{"id_grade":"200ME51778N80952","pop":23,"dom":12,"universo_dom":"domicilios_ocupados_grade_ibge_2022","na_bacia":1,"area_pct_bacia":100.0,"metodo_recorte_bacia":"ponto_representativo_grade_2022; area_pct_geometrica","status_borda_bacia":"total","metodo_area_bacia":"interse??o geom?trica em EPSG:5880","metodo_na_bacia":"ponto_representativo_grade_2022_within_bacia","pop_n_validos":1,"pop_n_total":1,"pop_completude":1.0,"dom_n_validos":1,"dom_n_total":1,"dom_completude":1.0},"geometry":{"type":"Polygon","coordinates":[[[-52.22998223229416,-29.201194099128287],[-52.22999482909802,-29.199330317140383],[-52.2280038757782,-29.199318518035124],[-52.22799126458517,-29.201182300023103],[-52.22998223229416,-29.201194099128287]]]}},{"type":"Feature","properties":{"id_grade":"200ME51772N80954","pop":4,"dom":2,"universo_dom":"domicilios_ocupados_grade_ibge_2022","na_bacia":1,"area_pct_bacia":100.0,"metodo_recorte_bacia":"ponto_representativo_grade_2022; area_pct_geometrica","status_borda_bacia":"total","metodo_area_bacia":"interse??o geom?trica em EPSG:5880","metodo_na_bacia":"ponto_representativo_grade_2022_within_bacia","pop_n_validos":1,"pop_n_total":1,"pop_completude":1.0,"dom_n_validos":1,"dom_n_total":1,"dom_completude":1.0},"geometry":{"type":"Polygon","coordinates":[[[-52.235967691755555,-29.199365633517065],[-52.23598024629132,-29.197501871314305],[-52.23398930556198,-29.197490111779196],[-52.23397673753635,-29.199353874881336],[-52.235967691755555,-29.199365633517065]]]}},{"type":"Feature","properties":{"id_grade":"200ME51774N80954","pop":13,"dom":6,"universo_dom":"domicilios_ocupados_grade_ibge_2022","na_bacia":1,"area_pct_bacia":100.0,"metodo_recorte_bacia":"ponto_representativo_grade_2022; area_pct_geometrica","status_borda_bacia":"total","metodo_area_bacia":"interse??o geom?trica em EPSG:5880","metodo_na_bacia":"ponto_representativo_grade_2022_within_bacia","pop_n_validos":1,"pop_n_total":1,"pop_completude":1.0,"dom_n_validos":1,"dom_n_total":1,"dom_completude":1.0},"geometry":{"type":"Polygon","coordinates":[[[-52.23397673753635,-29.199353874881336],[-52.23398930556198,-29.197490111779196],[-52.231998365731954,-29.19747833965364],[-52.231985783317214,-29.199342102755754],[-52.23397673753635,-29.199353874881336]]]}},{"type":"Feature","properties":{"id_grade":"200ME51776N80954","pop":8,"dom":4,"universo_dom":"domicilios_ocupados_grade_ibge_2022","na_bacia":1,"area_pct_bacia":100.0,"metodo_recorte_bacia":"ponto_representativo_grade_2022; area_pct_geometrica","status_borda_bacia":"total","metodo_area_bacia":"interse??o geom?trica em EPSG:5880","metodo_na_bacia":"ponto_representativo_grade_2022_within_bacia","pop_n_validos":1,"pop_n_total":1,"pop_completude":1.0,"dom_n_validos":1,"dom_n_total":1,"dom_completude":1.0},"geometry":{"type":"Polygon","coordinates":[[[-52.231985783317214,-29.199342102755754],[-52.231998365731954,-29.19747833965364],[-52.230007425901924,-29.19746655493756],[-52.22999482909802,-29.199330317140383],[-52.231985783317214,-29.199342102755754]]]}},{"type":"Feature","properties":{"id_grade":"200ME51772N80956","pop":17,"dom":7,"universo_dom":"domicilios_ocupados_grade_ibge_2022","na_bacia":1,"area_pct_bacia":100.0,"metodo_recorte_bacia":"ponto_representativo_grade_2022; area_pct_geometrica","status_borda_bacia":"total","metodo_area_bacia":"interse??o geom?trica em EPSG:5880","metodo_na_bacia":"ponto_representativo_grade_2022_within_bacia","pop_n_validos":1,"pop_n_total":1,"pop_completude":1.0,"dom_n_validos":1,"dom_n_total":1,"dom_completude":1.0},"geometry":{"type":"Polygon","coordinates":[[[-52.23598024629132,-29.197501871314305],[-52.235992799927715,-29.19563812799711],[-52.234001874486864,-29.195626369361413],[-52.23398930556198,-29.197490111779196],[-52.23598024629132,-29.197501871314305]]]}},{"type":"Feature","properties":{"id_grade":"200ME51774N80956","pop":23,"dom":11,"universo_dom":"domicilios_ocupados_grade_ibge_2022","na_bacia":1,"area_pct_bacia":100.0,"metodo_recorte_bacia":"ponto_representativo_grade_2022; area_pct_geometrica","status_borda_bacia":"total","metodo_area_bacia":"interse??o geom?trica em EPSG:5880","metodo_na_bacia":"ponto_representativo_grade_2022_within_bacia","pop_n_validos":1,"pop_n_total":1,"pop_completude":1.0,"dom_n_validos":1,"dom_n_total":1,"dom_completude":1.0},"geometry":{"type":"Polygon","coordinates":[[[-52.23398930556198,-29.197490111779196],[-52.234001874486864,-29.195626369361413],[-52.2320109481467,-29.195614597235814],[-52.231998365731954,-29.19747833965364],[-52.23398930556198,-29.197490111779196]]]}},{"type":"Feature","properties":{"id_grade":"200ME51776N80956","pop":21,"dom":10,"universo_dom":"domicilios_ocupados_grade_ibge_2022","na_bacia":1,"area_pct_bacia":100.0,"metodo_recorte_bacia":"ponto_representativo_grade_2022; area_pct_geometrica","status_borda_bacia":"total","metodo_area_bacia":"interse??o geom?trica em EPSG:5880","metodo_na_bacia":"ponto_representativo_grade_2022_within_bacia","pop_n_validos":1,"pop_n_total":1,"pop_completude":1.0,"dom_n_validos":1,"dom_n_total":1,"dom_completude":1.0},"geometry":{"type":"Polygon","coordinates":[[[-52.231998365731954,-29.19747833965364],[-52.2320109481467,-29.195614597235814],[-52.23002002270584,-29.1956028125197],[-52.230007425901924,-29.19746655493756],[-52.231998365731954,-29.19747833965364]]]}},{"type":"Feature","properties":{"id_grade":"200ME51778N80956","pop":2,"dom":1,"universo_dom":"domicilios_ocupados_grade_ibge_2022","na_bacia":1,"area_pct_bacia":100.0,"metodo_recorte_bacia":"ponto_representativo_grade_2022; area_pct_geometrica","status_borda_bacia":"total","metodo_area_bacia":"interse??o geom?trica em EPSG:5880","metodo_na_bacia":"ponto_representativo_grade_2022_within_bacia","pop_n_validos":1,"pop_n_total":1,"pop_completude":1.0,"dom_n_validos":1,"dom_n_total":1,"dom_completude":1.0},"geometry":{"type":"Polygon","coordinates":[[[-52.230007425901924,-29.19746655493756],[-52.23002002270584,-29.1956028125197],[-52.228029097264994,-29.195591014313894],[-52.22801648697123,-29.197454755832215],[-52.230007425901924,-29.19746655493756]]]}},{"type":"Feature","properties":{"id_grade":"200ME51770N80958","pop":5,"dom":2,"universo_dom":"domicilios_ocupados_grade_ibge_2022","na_bacia":1,"area_pct_bacia":100.0,"metodo_recorte_bacia":"ponto_representativo_grade_2022; area_pct_geometrica","status_borda_bacia":"total","metodo_area_bacia":"interse??o geom?trica em EPSG:5880","metodo_na_bacia":"ponto_representativo_grade_2022_within_bacia","pop_n_validos":1,"pop_n_total":1,"pop_completude":1.0,"dom_n_validos":1,"dom_n_total":1,"dom_completude":1.0},"geometry":{"type":"Polygon","coordinates":[[[-52.237983726267885,-29.195649873143115],[-52.23799626551522,-29.193786150510416],[-52.23600535356416,-29.19377440536447],[-52.235992799927715,-29.19563812799711],[-52.237983726267885,-29.195649873143115]]]}},{"type":"Feature","properties":{"id_grade":"200ME51772N80958","pop":7,"dom":4,"universo_dom":"domicilios_ocupados_grade_ibge_2022","na_bacia":1,"area_pct_bacia":100.0,"metodo_recorte_bacia":"ponto_representativo_grade_2022; area_pct_geometrica","status_borda_bacia":"total","metodo_area_bacia":"interse??o geom?trica em EPSG:5880","metodo_na_bacia":"ponto_representativo_grade_2022_within_bacia","pop_n_validos":1,"pop_n_total":1,"pop_completude":1.0,"dom_n_validos":1,"dom_n_total":1,"dom_completude":1.0},"geometry":{"type":"Polygon","coordinates":[[[-52.235992799927715,-29.19563812799711],[-52.23600535356416,-29.19377440536447],[-52.23401444251249,-29.193762646728675],[-52.234001874486864,-29.195626369361413],[-52.235992799927715,-29.19563812799711]]]}},{"type":"Feature","properties":{"id_grade":"200ME51780N80952","pop":3,"dom":1,"universo_dom":"domicilios_ocupados_grade_ibge_2022","na_bacia":1,"area_pct_bacia":100.0,"metodo_recorte_bacia":"ponto_representativo_grade_2022; area_pct_geometrica","status_borda_bacia":"total","metodo_area_bacia":"interse??o geom?trica em EPSG:5880","metodo_na_bacia":"ponto_representativo_grade_2022_within_bacia","pop_n_validos":1,"pop_n_total":1,"pop_completude":1.0,"dom_n_validos":1,"dom_n_total":1,"dom_completude":1.0},"geometry":{"type":"Polygon","coordinates":[[[-52.22799126458517,-29.201182300023103],[-52.2280038757782,-29.199318518035124],[-52.22601292245838,-29.199306706339357],[-52.22600029687619,-29.201170487427923],[-52.22799126458517,-29.201182300023103]]]}},{"type":"Feature","properties":{"id_grade":"200ME51842N80882","pop":2,"dom":1,"universo_dom":"domicilios_ocupados_grade_ibge_2022","na_bacia":1,"area_pct_bacia":100.0,"metodo_recorte_bacia":"ponto_representativo_grade_2022; area_pct_geometrica","status_borda_bacia":"total","metodo_area_bacia":"interse??o geom?trica em EPSG:5880","metodo_na_bacia":"ponto_representativo_grade_2022_within_bacia","pop_n_validos":1,"pop_n_total":1,"pop_completude":1.0,"dom_n_validos":1,"dom_n_total":1,"dom_completude":1.0},"geometry":{"type":"Polygon","coordinates":[[[-52.16581447206022,-29.266054662892273],[-52.16582752931697,-29.264190188426443],[-52.16383608496733,-29.264177957646588],[-52.16382301422067,-29.266042432112517],[-52.16581447206022,-29.266054662892273]]]}},{"type":"Feature","properties":{"id_grade":"200ME51840N80884","pop":20,"dom":7,"universo_dom":"domicilios_ocupados_grade_ibge_2022","na_bacia":1,"area_pct_bacia":100.0,"metodo_recorte_bacia":"ponto_representativo_grade_2022; area_pct_geometrica","status_borda_bacia":"total","metodo_area_bacia":"interse??o geom?trica em EPSG:5880","metodo_na_bacia":"ponto_representativo_grade_2022_within_bacia","pop_n_validos":1,"pop_n_total":1,"pop_completude":1.0,"dom_n_validos":1,"dom_n_total":1,"dom_completude":1.0},"geometry":{"type":"Polygon","coordinates":[[[-52.16781897366667,-29.264202406615734],[-52.16783201563498,-29.262337951035605],[-52.16584058567446,-29.262325733745588],[-52.16582752931697,-29.264190188426443],[-52.16781897366667,-29.264202406615734]]]}},{"type":"Feature","properties":{"id_grade":"200ME51842N80884","pop":11,"dom":4,"universo_dom":"domicilios_ocupados_grade_ibge_2022","na_bacia":1,"area_pct_bacia":100.0,"metodo_recorte_bacia":"ponto_representativo_grade_2022; area_pct_geometrica","status_borda_bacia":"total","metodo_area_bacia":"interse??o geom?trica em EPSG:5880","metodo_na_bacia":"ponto_representativo_grade_2022_within_bacia","pop_n_validos":1,"pop_n_total":1,"pop_completude":1.0,"dom_n_validos":1,"dom_n_total":1,"dom_completude":1.0},"geometry":{"type":"Polygon","coordinates":[[[-52.16582752931697,-29.264190188426443],[-52.16584058567446,-29.262325733745588],[-52.16384915571393,-29.262313503865066],[-52.16383608496733,-29.264177957646588],[-52.16582752931697,-29.264190188426443]]]}},{"type":"Feature","properties":{"id_grade":"200ME51848N80884","pop":2,"dom":1,"universo_dom":"domicilios_ocupados_grade_ibge_2022","na_bacia":1,"area_pct_bacia":100.0,"metodo_recorte_bacia":"ponto_representativo_grade_2022; area_pct_geometrica","status_borda_bacia":"total","metodo_area_bacia":"interse??o geom?trica em EPSG:5880","metodo_na_bacia":"ponto_representativo_grade_2022_within_bacia","pop_n_validos":1,"pop_n_total":1,"pop_completude":1.0,"dom_n_validos":1,"dom_n_total":1,"dom_completude":1.0},"geometry":{"type":"Polygon","coordinates":[[[-52.15985319806657,-29.26415345651672],[-52.15986629759152,-29.26228900273523],[-52.157874867630994,-29.262276732385256],[-52.15786175461624,-29.26414118526743],[-52.15985319806657,-29.26415345651672]]]}},{"type":"Feature","properties":{"id_grade":"200ME51842N80886","pop":4,"dom":3,"universo_dom":"domicilios_ocupados_grade_ibge_2022","na_bacia":1,"area_pct_bacia":100.0,"metodo_recorte_bacia":"ponto_representativo_grade_2022; area_pct_geometrica","status_borda_bacia":"total","metodo_area_bacia":"interse??o geom?trica em EPSG:5880","metodo_na_bacia":"ponto_representativo_grade_2022_within_bacia","pop_n_validos":1,"pop_n_total":1,"pop_completude":1.0,"dom_n_validos":1,"dom_n_total":1,"dom_completude":1.0},"geometry":{"type":"Polygon","coordinates":[[[-52.16584058567446,-29.262325733745588],[-52.16585364203189,-29.260461299749153],[-52.163862226460544,-29.26044906896934],[-52.16384915571393,-29.262313503865066],[-52.16584058567446,-29.262325733745588]]]}},{"type":"Feature","properties":{"id_grade":"200ME51844N80886","pop":15,"dom":8,"universo_dom":"domicilios_ocupados_grade_ibge_2022","na_bacia":1,"area_pct_bacia":100.0,"metodo_recorte_bacia":"ponto_representativo_grade_2022; area_pct_geometrica","status_borda_bacia":"total","metodo_area_bacia":"interse??o geom?trica em EPSG:5880","metodo_na_bacia":"ponto_representativo_grade_2022_within_bacia","pop_n_validos":1,"pop_n_total":1,"pop_completude":1.0,"dom_n_validos":1,"dom_n_total":1,"dom_completude":1.0},"geometry":{"type":"Polygon","coordinates":[[[-52.16384915571393,-29.262313503865066],[-52.163862226460544,-29.26044906896934],[-52.1618708117885,-29.26043682559892],[-52.16185772665273,-29.26230125959541],[-52.16384915571393,-29.262313503865066]]]}},{"type":"Feature","properties":{"id_grade":"200ME51846N80886","pop":21,"dom":9,"universo_dom":"domicilios_ocupados_grade_ibge_2022","na_bacia":1,"area_pct_bacia":100.0,"metodo_recorte_bacia":"ponto_representativo_grade_2022; area_pct_geometrica","status_borda_bacia":"total","metodo_area_bacia":"interse??o geom?trica em EPSG:5880","metodo_na_bacia":"ponto_representativo_grade_2022_within_bacia","pop_n_validos":1,"pop_n_total":1,"pop_completude":1.0,"dom_n_validos":1,"dom_n_total":1,"dom_completude":1.0},"geometry":{"type":"Polygon","coordinates":[[[-52.16185772665273,-29.26230125959541],[-52.1618708117885,-29.26043682559892],[-52.1598793962171,-29.260424568738756],[-52.15986629759152,-29.26228900273523],[-52.16185772665273,-29.26230125959541]]]}},{"type":"Feature","properties":{"id_grade":"200ME51848N80886","pop":19,"dom":7,"universo_dom":"domicilios_ocupados_grade_ibge_2022","na_bacia":1,"area_pct_bacia":100.0,"metodo_recorte_bacia":"ponto_representativo_grade_2022; area_pct_geometrica","status_borda_bacia":"total","metodo_area_bacia":"interse??o geom?trica em EPSG:5880","metodo_na_bacia":"ponto_representativo_grade_2022_within_bacia","pop_n_validos":1,"pop_n_total":1,"pop_completude":1.0,"dom_n_validos":1,"dom_n_total":1,"dom_completude":1.0},"geometry":{"type":"Polygon","coordinates":[[[-52.15986629759152,-29.26228900273523],[-52.1598793962171,-29.260424568738756],[-52.15788798154506,-29.2604122983888],[-52.157874867630994,-29.262276732385256],[-52.15986629759152,-29.26228900273523]]]}},{"type":"Feature","properties":{"id_grade":"200ME51848N80888","pop":2,"dom":1,"universo_dom":"domicilios_ocupados_grade_ibge_2022","na_bacia":1,"area_pct_bacia":100.0,"metodo_recorte_bacia":"ponto_representativo_grade_2022; area_pct_geometrica","status_borda_bacia":"total","metodo_area_bacia":"interse??o geom?trica em EPSG:5880","metodo_na_bacia":"ponto_representativo_grade_2022_within_bacia","pop_n_validos":1,"pop_n_total":1,"pop_completude":1.0,"dom_n_validos":1,"dom_n_total":1,"dom_completude":1.0},"geometry":{"type":"Polygon","coordinates":[[[-52.1598793962171,-29.260424568738756],[-52.159892494842715,-29.2585601545275],[-52.157901094559804,-29.25854788507684],[-52.15788798154506,-29.2604122983888],[-52.1598793962171,-29.260424568738756]]]}},{"type":"Feature","properties":{"id_grade":"200ME51846N80890","pop":2,"dom":1,"universo_dom":"domicilios_ocupados_grade_ibge_2022","na_bacia":1,"area_pct_bacia":100.0,"metodo_recorte_bacia":"ponto_representativo_grade_2022; area_pct_geometrica","status_borda_bacia":"total","metodo_area_bacia":"interse??o geom?trica em EPSG:5880","metodo_na_bacia":"ponto_representativo_grade_2022_within_bacia","pop_n_validos":1,"pop_n_total":1,"pop_completude":1.0,"dom_n_validos":1,"dom_n_total":1,"dom_completude":1.0},"geometry":{"type":"Polygon","coordinates":[[[-52.16188389602496,-29.258572411387657],[-52.16189698026137,-29.256708017860642],[-52.159905593468295,-29.256695761000515],[-52.159892494842715,-29.2585601545275],[-52.16188389602496,-29.258572411387657]]]}},{"type":"Feature","properties":{"id_grade":"200ME51858N80882","pop":5,"dom":2,"universo_dom":"domicilios_ocupados_grade_ibge_2022","na_bacia":1,"area_pct_bacia":100.0,"metodo_recorte_bacia":"ponto_representativo_grade_2022; area_pct_geometrica","status_borda_bacia":"total","metodo_area_bacia":"interse??o geom?trica em EPSG:5880","metodo_na_bacia":"ponto_representativo_grade_2022_within_bacia","pop_n_validos":1,"pop_n_total":1,"pop_completude":1.0,"dom_n_validos":1,"dom_n_total":1,"dom_completude":1.0},"geometry":{"type":"Polygon","coordinates":[[[-52.14988281294143,-29.26595644343502],[-52.149895983512806,-29.264091970767815],[-52.14790454096174,-29.26407963296867],[-52.14789135690057,-29.265944105635963],[-52.14988281294143,-29.26595644343502]]]}},{"type":"Feature","properties":{"id_grade":"200ME51850N80884","pop":4,"dom":2,"universo_dom":"domicilios_ocupados_grade_ibge_2022","na_bacia":1,"area_pct_bacia":100.0,"metodo_recorte_bacia":"ponto_representativo_grade_2022; area_pct_geometrica","status_borda_bacia":"total","metodo_area_bacia":"interse??o geom?trica em EPSG:5880","metodo_na_bacia":"ponto_representativo_grade_2022_within_bacia","pop_n_validos":1,"pop_n_total":1,"pop_completude":1.0,"dom_n_validos":1,"dom_n_total":1,"dom_completude":1.0},"geometry":{"type":"Polygon","coordinates":[[[-52.15786175461624,-29.26414118526743],[-52.157874867630994,-29.262276732385256],[-52.155883439469115,-29.262264448545352],[-52.15587031116587,-29.264128901427654],[-52.15786175461624,-29.26414118526743]]]}},{"type":"Feature","properties":{"id_grade":"200ME51852N80884","pop":6,"dom":2,"universo_dom":"domicilios_ocupados_grade_ibge_2022","na_bacia":1,"area_pct_bacia":100.0,"metodo_recorte_bacia":"ponto_representativo_grade_2022; area_pct_geometrica","status_borda_bacia":"total","metodo_area_bacia":"interse??o geom?trica em EPSG:5880","metodo_na_bacia":"ponto_representativo_grade_2022_within_bacia","pop_n_validos":1,"pop_n_total":1,"pop_completude":1.0,"dom_n_validos":1,"dom_n_total":1,"dom_completude":1.0},"geometry":{"type":"Polygon","coordinates":[[[-52.15587031116587,-29.264128901427654],[-52.155883439469115,-29.262264448545352],[-52.1538920104079,-29.262252151215794],[-52.15387886861487,-29.264116604997326],[-52.15587031116587,-29.264128901427654]]]}},{"type":"Feature","properties":{"id_grade":"200ME51854N80884","pop":2,"dom":1,"universo_dom":"domicilios_ocupados_grade_ibge_2022","na_bacia":1,"area_pct_bacia":100.0,"metodo_recorte_bacia":"ponto_representativo_grade_2022; area_pct_geometrica","status_borda_bacia":"total","metodo_area_bacia":"interse??o geom?trica em EPSG:5880","metodo_na_bacia":"ponto_representativo_grade_2022_within_bacia","pop_n_validos":1,"pop_n_total":1,"pop_completude":1.0,"dom_n_validos":1,"dom_n_total":1,"dom_completude":1.0},"geometry":{"type":"Polygon","coordinates":[[[-52.15387886861487,-29.264116604997326],[-52.1538920104079,-29.262252151215794],[-52.151900581346695,-29.26223984129562],[-52.15188742606381,-29.26410429417779],[-52.15387886861487,-29.264116604997326]]]}},{"type":"Feature","properties":{"id_grade":"200ME51856N80884","pop":14,"dom":9,"universo_dom":"domicilios_ocupados_grade_ibge_2022","na_bacia":1,"area_pct_bacia":100.0,"metodo_recorte_bacia":"ponto_representativo_grade_2022; area_pct_geometrica","status_borda_bacia":"total","metodo_area_bacia":"interse??o geom?trica em EPSG:5880","metodo_na_bacia":"ponto_representativo_grade_2022_within_bacia","pop_n_validos":1,"pop_n_total":1,"pop_completude":1.0,"dom_n_validos":1,"dom_n_total":1,"dom_completude":1.0},"geometry":{"type":"Polygon","coordinates":[[[-52.15188742606381,-29.26410429417779],[-52.151900581346695,-29.26223984129562],[-52.149909153184815,-29.2622275178856],[-52.149895983512806,-29.264091970767815],[-52.15188742606381,-29.26410429417779]]]}},{"type":"Feature","properties":{"id_grade":"200ME51858N80884","pop":19,"dom":9,"universo_dom":"domicilios_ocupados_grade_ibge_2022","na_bacia":1,"area_pct_bacia":100.0,"metodo_recorte_bacia":"ponto_representativo_grade_2022; area_pct_geometrica","status_borda_bacia":"total","metodo_area_bacia":"interse??o geom?trica em EPSG:5880","metodo_na_bacia":"ponto_representativo_grade_2022_within_bacia","pop_n_validos":1,"pop_n_total":1,"pop_completude":1.0,"dom_n_validos":1,"dom_n_total":1,"dom_completude":1.0},"geometry":{"type":"Polygon","coordinates":[[[-52.149895983512806,-29.264091970767815],[-52.149909153184815,-29.2622275178856],[-52.14791772502297,-29.26221518098576],[-52.14790454096174,-29.26407963296867],[-52.149895983512806,-29.264091970767815]]]}},{"type":"Feature","properties":{"id_grade":"200ME51850N80886","pop":30,"dom":12,"universo_dom":"domicilios_ocupados_grade_ibge_2022","na_bacia":1,"area_pct_bacia":100.0,"metodo_recorte_bacia":"ponto_representativo_grade_2022; area_pct_geometrica","status_borda_bacia":"total","metodo_area_bacia":"interse??o geom?trica em EPSG:5880","metodo_na_bacia":"ponto_representativo_grade_2022_within_bacia","pop_n_validos":1,"pop_n_total":1,"pop_completude":1.0,"dom_n_validos":1,"dom_n_total":1,"dom_completude":1.0},"geometry":{"type":"Polygon","coordinates":[[[-52.157874867630994,-29.262276732385256],[-52.15788798154506,-29.2604122983888],[-52.155896565973705,-29.26040001454896],[-52.155883439469115,-29.262264448545352],[-52.157874867630994,-29.262276732385256]]]}},{"type":"Feature","properties":{"id_grade":"200ME51852N80886","pop":27,"dom":13,"universo_dom":"domicilios_ocupados_grade_ibge_2022","na_bacia":1,"area_pct_bacia":100.0,"metodo_recorte_bacia":"ponto_representativo_grade_2022; area_pct_geometrica","status_borda_bacia":"total","metodo_area_bacia":"interse??o geom?trica em EPSG:5880","metodo_na_bacia":"ponto_representativo_grade_2022_within_bacia","pop_n_validos":1,"pop_n_total":1,"pop_completude":1.0,"dom_n_validos":1,"dom_n_total":1,"dom_completude":1.0},"geometry":{"type":"Polygon","coordinates":[[[-52.155883439469115,-29.262264448545352],[-52.155896565973705,-29.26040001454896],[-52.153905152201,-29.26038771811863],[-52.1538920104079,-29.262252151215794],[-52.155883439469115,-29.262264448545352]]]}},{"type":"Feature","properties":{"id_grade":"200ME51854N80886","pop":8,"dom":4,"universo_dom":"domicilios_ocupados_grade_ibge_2022","na_bacia":1,"area_pct_bacia":100.0,"metodo_recorte_bacia":"ponto_representativo_grade_2022; area_pct_geometrica","status_borda_bacia":"total","metodo_area_bacia":"interse??o geom?trica em EPSG:5880","metodo_na_bacia":"ponto_representativo_grade_2022_within_bacia","pop_n_validos":1,"pop_n_total":1,"pop_completude":1.0,"dom_n_validos":1,"dom_n_total":1,"dom_completude":1.0},"geometry":{"type":"Polygon","coordinates":[[[-52.1538920104079,-29.262252151215794],[-52.153905152201,-29.26038771811863],[-52.15191373752889,-29.26037540819852],[-52.151900581346695,-29.26223984129562],[-52.1538920104079,-29.262252151215794]]]}},{"type":"Feature","properties":{"id_grade":"200ME51856N80886","pop":11,"dom":4,"universo_dom":"domicilios_ocupados_grade_ibge_2022","na_bacia":1,"area_pct_bacia":100.0,"metodo_recorte_bacia":"ponto_representativo_grade_2022; area_pct_geometrica","status_borda_bacia":"total","metodo_area_bacia":"interse??o geom?trica em EPSG:5880","metodo_na_bacia":"ponto_representativo_grade_2022_within_bacia","pop_n_validos":1,"pop_n_total":1,"pop_completude":1.0,"dom_n_validos":1,"dom_n_total":1,"dom_completude":1.0},"geometry":{"type":"Polygon","coordinates":[[[-52.151900581346695,-29.26223984129562],[-52.15191373752889,-29.26037540819852],[-52.14992232285687,-29.260363084788462],[-52.149909153184815,-29.2622275178856],[-52.151900581346695,-29.26223984129562]]]}},{"type":"Feature","properties":{"id_grade":"200ME51858N80886","pop":18,"dom":8,"universo_dom":"domicilios_ocupados_grade_ibge_2022","na_bacia":1,"area_pct_bacia":100.0,"metodo_recorte_bacia":"ponto_representativo_grade_2022; area_pct_geometrica","status_borda_bacia":"total","metodo_area_bacia":"interse??o geom?trica em EPSG:5880","metodo_na_bacia":"ponto_representativo_grade_2022_within_bacia","pop_n_validos":1,"pop_n_total":1,"pop_completude":1.0,"dom_n_validos":1,"dom_n_total":1,"dom_completude":1.0},"geometry":{"type":"Polygon","coordinates":[[[-52.149909153184815,-29.2622275178856],[-52.14992232285687,-29.260363084788462],[-52.14793090908415,-29.260350748788017],[-52.14791772502297,-29.26221518098576],[-52.149909153184815,-29.2622275178856]]]}},{"type":"Feature","properties":{"id_grade":"200ME51850N80888","pop":5,"dom":2,"universo_dom":"domicilios_ocupados_grade_ibge_2022","na_bacia":1,"area_pct_bacia":100.0,"metodo_recorte_bacia":"ponto_representativo_grade_2022; area_pct_geometrica","status_borda_bacia":"total","metodo_area_bacia":"interse??o geom?trica em EPSG:5880","metodo_na_bacia":"ponto_representativo_grade_2022_within_bacia","pop_n_validos":1,"pop_n_total":1,"pop_completude":1.0,"dom_n_validos":1,"dom_n_total":1,"dom_completude":1.0},"geometry":{"type":"Polygon","coordinates":[[[-52.15788798154506,-29.2604122983888],[-52.157901094559804,-29.25854788507684],[-52.15590969337763,-29.258535601236964],[-52.155896565973705,-29.26040001454896],[-52.15788798154506,-29.2604122983888]]]}},{"type":"Feature","properties":{"id_grade":"200ME51866N80876","pop":5,"dom":2,"universo_dom":"domicilios_ocupados_grade_ibge_2022","na_bacia":1,"area_pct_bacia":100.0,"metodo_recorte_bacia":"ponto_representativo_grade_2022; area_pct_geometrica","status_borda_bacia":"total","metodo_area_bacia":"interse??o geom?trica em EPSG:5880","metodo_na_bacia":"ponto_representativo_grade_2022_within_bacia","pop_n_validos":1,"pop_n_total":1,"pop_completude":1.0,"dom_n_validos":1,"dom_n_total":1,"dom_completude":1.0},"geometry":{"type":"Polygon","coordinates":[[[-52.14187730619267,-29.27150055070985],[-52.14189053342136,-29.26963601868726],[-52.13989904950148,-29.269623627828146],[-52.13988580788367,-29.271488159850637],[-52.14187730619267,-29.27150055070985]]]}},{"type":"Feature","properties":{"id_grade":"200ME51864N80878","pop":3,"dom":2,"universo_dom":"domicilios_ocupados_grade_ibge_2022","na_bacia":1,"area_pct_bacia":100.0,"metodo_recorte_bacia":"ponto_representativo_grade_2022; area_pct_geometrica","status_borda_bacia":"total","metodo_area_bacia":"interse??o geom?trica em EPSG:5880","metodo_na_bacia":"ponto_representativo_grade_2022_within_bacia","pop_n_validos":1,"pop_n_total":1,"pop_completude":1.0,"dom_n_validos":1,"dom_n_total":1,"dom_completude":1.0},"geometry":{"type":"Polygon","coordinates":[[[-52.143882018240504,-29.26964839605658],[-52.14389523108002,-29.26778388381918],[-52.14190376065,-29.26777150644982],[-52.14189053342136,-29.26963601868726],[-52.143882018240504,-29.26964839605658]]]}},{"type":"Feature","properties":{"id_grade":"200ME51862N80880","pop":23,"dom":9,"universo_dom":"domicilios_ocupados_grade_ibge_2022","na_bacia":1,"area_pct_bacia":100.0,"metodo_recorte_bacia":"ponto_representativo_grade_2022; area_pct_geometrica","status_borda_bacia":"total","metodo_area_bacia":"interse??o geom?trica em EPSG:5880","metodo_na_bacia":"ponto_representativo_grade_2022_within_bacia","pop_n_validos":1,"pop_n_total":1,"pop_completude":1.0,"dom_n_validos":1,"dom_n_total":1,"dom_completude":1.0},"geometry":{"type":"Polygon","coordinates":[[[-52.14588670151005,-29.26779624769871],[-52.14589989996039,-29.265931755246285],[-52.143908443919486,-29.265919391366765],[-52.14389523108002,-29.26778388381918],[-52.14588670151005,-29.26779624769871]]]}},{"type":"Feature","properties":{"id_grade":"200ME51864N80880","pop":5,"dom":2,"universo_dom":"domicilios_ocupados_grade_ibge_2022","na_bacia":1,"area_pct_bacia":100.0,"metodo_recorte_bacia":"ponto_representativo_grade_2022; area_pct_geometrica","status_borda_bacia":"total","metodo_area_bacia":"interse??o geom?trica em EPSG:5880","metodo_na_bacia":"ponto_representativo_grade_2022_within_bacia","pop_n_validos":1,"pop_n_total":1,"pop_completude":1.0,"dom_n_validos":1,"dom_n_total":1,"dom_completude":1.0},"geometry":{"type":"Polygon","coordinates":[[[-52.14389523108002,-29.26778388381918],[-52.143908443919486,-29.265919391366765],[-52.14191698787863,-29.26590701489673],[-52.14190376065,-29.26777150644982],[-52.14389523108002,-29.26778388381918]]]}},{"type":"Feature","properties":{"id_grade":"200ME51860N80882","pop":15,"dom":5,"universo_dom":"domicilios_ocupados_grade_ibge_2022","na_bacia":1,"area_pct_bacia":100.0,"metodo_recorte_bacia":"ponto_representativo_grade_2022; area_pct_geometrica","status_borda_bacia":"total","metodo_area_bacia":"interse??o geom?trica em EPSG:5880","metodo_na_bacia":"ponto_representativo_grade_2022_within_bacia","pop_n_validos":1,"pop_n_total":1,"pop_completude":1.0,"dom_n_validos":1,"dom_n_total":1,"dom_completude":1.0},"geometry":{"type":"Polygon","coordinates":[[[-52.14789135690057,-29.265944105635963],[-52.14790454096174,-29.26407963296867],[-52.14591309841075,-29.26406728347827],[-52.14589989996039,-29.265931755246285],[-52.14789135690057,-29.265944105635963]]]}},{"type":"Feature","properties":{"id_grade":"200ME51862N80882","pop":11,"dom":5,"universo_dom":"domicilios_ocupados_grade_ibge_2022","na_bacia":1,"area_pct_bacia":100.0,"metodo_recorte_bacia":"ponto_representativo_grade_2022; area_pct_geometrica","status_borda_bacia":"total","metodo_area_bacia":"interse??o geom?trica em EPSG:5880","metodo_na_bacia":"ponto_representativo_grade_2022_within_bacia","pop_n_validos":1,"pop_n_total":1,"pop_completude":1.0,"dom_n_validos":1,"dom_n_total":1,"dom_completude":1.0},"geometry":{"type":"Polygon","coordinates":[[[-52.14589989996039,-29.265931755246285],[-52.14591309841075,-29.26406728347827],[-52.143921656759005,-29.26405491959888],[-52.143908443919486,-29.265919391366765],[-52.14589989996039,-29.265931755246285]]]}},{"type":"Feature","properties":{"id_grade":"200ME51866N80882","pop":2,"dom":1,"universo_dom":"domicilios_ocupados_grade_ibge_2022","na_bacia":1,"area_pct_bacia":100.0,"metodo_recorte_bacia":"ponto_representativo_grade_2022; area_pct_geometrica","status_borda_bacia":"total","metodo_area_bacia":"interse??o geom?trica em EPSG:5880","metodo_na_bacia":"ponto_representativo_grade_2022_within_bacia","pop_n_validos":1,"pop_n_total":1,"pop_completude":1.0,"dom_n_validos":1,"dom_n_total":1,"dom_completude":1.0},"geometry":{"type":"Polygon","coordinates":[[[-52.14191698787863,-29.26590701489673],[-52.14193021510732,-29.264042543128802],[-52.13993877345558,-29.264030152269658],[-52.13992553183778,-29.265894624037603],[-52.14191698787863,-29.26590701489673]]]}},{"type":"Feature","properties":{"id_grade":"200ME51860N80884","pop":3,"dom":1,"universo_dom":"domicilios_ocupados_grade_ibge_2022","na_bacia":1,"area_pct_bacia":100.0,"metodo_recorte_bacia":"ponto_representativo_grade_2022; area_pct_geometrica","status_borda_bacia":"total","metodo_area_bacia":"interse??o geom?trica em EPSG:5880","metodo_na_bacia":"ponto_representativo_grade_2022_within_bacia","pop_n_validos":1,"pop_n_total":1,"pop_completude":1.0,"dom_n_validos":1,"dom_n_total":1,"dom_completude":1.0},"geometry":{"type":"Polygon","coordinates":[[[-52.14790454096174,-29.26407963296867],[-52.14791772502297,-29.26221518098576],[-52.14592629686109,-29.262202830596095],[-52.14591309841075,-29.26406728347827],[-52.14790454096174,-29.26407963296867]]]}},{"type":"Feature","properties":{"id_grade":"200ME51860N80886","pop":3,"dom":1,"universo_dom":"domicilios_ocupados_grade_ibge_2022","na_bacia":1,"area_pct_bacia":100.0,"metodo_recorte_bacia":"ponto_representativo_grade_2022; area_pct_geometrica","status_borda_bacia":"total","metodo_area_bacia":"interse??o geom?trica em EPSG:5880","metodo_na_bacia":"ponto_representativo_grade_2022_within_bacia","pop_n_validos":1,"pop_n_total":1,"pop_completude":1.0,"dom_n_validos":1,"dom_n_total":1,"dom_completude":1.0},"geometry":{"type":"Polygon","coordinates":[[[-52.14791772502297,-29.26221518098576],[-52.14793090908415,-29.260350748788017],[-52.14593949531144,-29.26033839839834],[-52.14592629686109,-29.262202830596095],[-52.14791772502297,-29.26221518098576]]]}},{"type":"Feature","properties":{"id_grade":"200ME51862N80886","pop":5,"dom":2,"universo_dom":"domicilios_ocupados_grade_ibge_2022","na_bacia":1,"area_pct_bacia":100.0,"metodo_recorte_bacia":"ponto_representativo_grade_2022; area_pct_geometrica","status_borda_bacia":"total","metodo_area_bacia":"interse??o geom?trica em EPSG:5880","metodo_na_bacia":"ponto_representativo_grade_2022_within_bacia","pop_n_validos":1,"pop_n_total":1,"pop_completude":1.0,"dom_n_validos":1,"dom_n_total":1,"dom_completude":1.0},"geometry":{"type":"Polygon","coordinates":[[[-52.14592629686109,-29.262202830596095],[-52.14593949531144,-29.26033839839834],[-52.14394808153867,-29.260326035418164],[-52.14393486959852,-29.26219046761604],[-52.14592629686109,-29.262202830596095]]]}},{"type":"Feature","properties":{"id_grade":"200ME51862N80888","pop":3,"dom":1,"universo_dom":"domicilios_ocupados_grade_ibge_2022","na_bacia":1,"area_pct_bacia":100.0,"metodo_recorte_bacia":"ponto_representativo_grade_2022; area_pct_geometrica","status_borda_bacia":"total","metodo_area_bacia":"interse??o geom?trica em EPSG:5880","metodo_na_bacia":"ponto_representativo_grade_2022_within_bacia","pop_n_validos":1,"pop_n_total":1,"pop_completude":1.0,"dom_n_validos":1,"dom_n_total":1,"dom_completude":1.0},"geometry":{"type":"Polygon","coordinates":[[[-52.14593949531144,-29.26033839839834],[-52.145952692862465,-29.2584739859856],[-52.14396129347887,-29.258461623005545],[-52.14394808153867,-29.260326035418164],[-52.14593949531144,-29.26033839839834]]]}},{"type":"Feature","properties":{"id_grade":"200ME51880N80828","pop":11,"dom":3,"universo_dom":"domicilios_ocupados_grade_ibge_2022","na_bacia":1,"area_pct_bacia":100.0,"metodo_recorte_bacia":"ponto_representativo_grade_2022; area_pct_geometrica","status_borda_bacia":"total","metodo_area_bacia":"interse??o geom?trica em EPSG:5880","metodo_na_bacia":"ponto_representativo_grade_2022_within_bacia","pop_n_validos":1,"pop_n_total":1,"pop_completude":1.0,"dom_n_validos":1,"dom_n_total":1,"dom_completude":1.0},"geometry":{"type":"Polygon","coordinates":[[[-52.127616923781936,-29.316168285837712],[-52.12763025443263,-29.314303273577128],[-52.12563843146842,-29.314290784691952],[-52.125625086428556,-29.316155796053184],[-52.127616923781936,-29.316168285837712]]]}},{"type":"Feature","properties":{"id_grade":"200ME51882N80828","pop":9,"dom":4,"universo_dom":"domicilios_ocupados_grade_ibge_2022","na_bacia":1,"area_pct_bacia":100.0,"metodo_recorte_bacia":"ponto_representativo_grade_2022; area_pct_geometrica","status_borda_bacia":"total","metodo_area_bacia":"interse??o geom?trica em EPSG:5880","metodo_na_bacia":"ponto_representativo_grade_2022_within_bacia","pop_n_validos":1,"pop_n_total":1,"pop_completude":1.0,"dom_n_validos":1,"dom_n_total":1,"dom_completude":1.0},"geometry":{"type":"Polygon","coordinates":[[[-52.125625086428556,-29.316155796053184],[-52.12563843146842,-29.314290784691952],[-52.123646608504146,-29.314278282316792],[-52.12363324907517,-29.316143293677946],[-52.125625086428556,-29.316155796053184]]]}},{"type":"Feature","properties":{"id_grade":"200ME51884N80828","pop":10,"dom":4,"universo_dom":"domicilios_ocupados_grade_ibge_2022","na_bacia":1,"area_pct_bacia":100.0,"metodo_recorte_bacia":"ponto_representativo_grade_2022; area_pct_geometrica","status_borda_bacia":"total","metodo_area_bacia":"interse??o geom?trica em EPSG:5880","metodo_na_bacia":"ponto_representativo_grade_2022_within_bacia","pop_n_validos":1,"pop_n_total":1,"pop_completude":1.0,"dom_n_validos":1,"dom_n_total":1,"dom_completude":1.0},"geometry":{"type":"Polygon","coordinates":[[[-52.12363324907517,-29.316143293677946],[-52.123646608504146,-29.314278282316792],[-52.121654785539874,-29.31426576645192],[-52.121641411721725,-29.316130777813093],[-52.12363324907517,-29.316143293677946]]]}},{"type":"Feature","properties":{"id_grade":"200ME51886N80828","pop":14,"dom":7,"universo_dom":"domicilios_ocupados_grade_ibge_2022","na_bacia":1,"area_pct_bacia":100.0,"metodo_recorte_bacia":"ponto_representativo_grade_2022; area_pct_geometrica","status_borda_bacia":"total","metodo_area_bacia":"interse??o geom?trica em EPSG:5880","metodo_na_bacia":"ponto_representativo_grade_2022_within_bacia","pop_n_validos":1,"pop_n_total":1,"pop_completude":1.0,"dom_n_validos":1,"dom_n_total":1,"dom_completude":1.0},"geometry":{"type":"Polygon","coordinates":[[[-52.121641411721725,-29.316130777813093],[-52.121654785539874,-29.31426576645192],[-52.11966296347492,-29.314253237996493],[-52.11964957526766,-29.316118249357682],[-52.121641411721725,-29.316130777813093]]]}},{"type":"Feature","properties":{"id_grade":"200ME51888N80828","pop":14,"dom":4,"universo_dom":"domicilios_ocupados_grade_ibge_2022","na_bacia":1,"area_pct_bacia":100.0,"metodo_recorte_bacia":"ponto_representativo_grade_2022; area_pct_geometrica","status_borda_bacia":"total","metodo_area_bacia":"interse??o geom?trica em EPSG:5880","metodo_na_bacia":"ponto_representativo_grade_2022_within_bacia","pop_n_validos":1,"pop_n_total":1,"pop_completude":1.0,"dom_n_validos":1,"dom_n_total":1,"dom_completude":1.0},"geometry":{"type":"Polygon","coordinates":[[[-52.11964957526766,-29.316118249357682],[-52.11966296347492,-29.314253237996493],[-52.117671140510716,-29.314240695151923],[-52.117657738813534,-29.316105706513095],[-52.11964957526766,-29.316118249357682]]]}},{"type":"Feature","properties":{"id_grade":"200ME51880N80830","pop":1,"dom":1,"universo_dom":"domicilios_ocupados_grade_ibge_2022","na_bacia":1,"area_pct_bacia":100.0,"metodo_recorte_bacia":"ponto_representativo_grade_2022; area_pct_geometrica","status_borda_bacia":"total","metodo_area_bacia":"interse??o geom?trica em EPSG:5880","metodo_na_bacia":"ponto_representativo_grade_2022_within_bacia","pop_n_validos":1,"pop_n_total":1,"pop_completude":1.0,"dom_n_validos":1,"dom_n_total":1,"dom_completude":1.0},"geometry":{"type":"Polygon","coordinates":[[[-52.12763025443263,-29.314303273577128],[-52.12764358598264,-29.31243828110171],[-52.12565177650823,-29.31242579221652],[-52.12563843146842,-29.314290784691952],[-52.12763025443263,-29.314303273577128]]]}},{"type":"Feature","properties":{"id_grade":"200ME51882N80830","pop":3,"dom":1,"universo_dom":"domicilios_ocupados_grade_ibge_2022","na_bacia":1,"area_pct_bacia":100.0,"metodo_recorte_bacia":"ponto_representativo_grade_2022; area_pct_geometrica","status_borda_bacia":"total","metodo_area_bacia":"interse??o geom?trica em EPSG:5880","metodo_na_bacia":"ponto_representativo_grade_2022_within_bacia","pop_n_validos":1,"pop_n_total":1,"pop_completude":1.0,"dom_n_validos":1,"dom_n_total":1,"dom_completude":1.0},"geometry":{"type":"Polygon","coordinates":[[[-52.12563843146842,-29.314290784691952],[-52.12565177650823,-29.31242579221652],[-52.123659967933115,-29.312413290740725],[-52.123646608504146,-29.314278282316792],[-52.12563843146842,-29.314290784691952]]]}},{"type":"Feature","properties":{"id_grade":"200ME51884N80830","pop":3,"dom":2,"universo_dom":"domicilios_ocupados_grade_ibge_2022","na_bacia":1,"area_pct_bacia":100.0,"metodo_recorte_bacia":"ponto_representativo_grade_2022; area_pct_geometrica","status_borda_bacia":"total","metodo_area_bacia":"interse??o geom?trica em EPSG:5880","metodo_na_bacia":"ponto_representativo_grade_2022_within_bacia","pop_n_validos":1,"pop_n_total":1,"pop_completude":1.0,"dom_n_validos":1,"dom_n_total":1,"dom_completude":1.0},"geometry":{"type":"Polygon","coordinates":[[[-52.123646608504146,-29.314278282316792],[-52.123659967933115,-29.312413290740725],[-52.12166815935802,-29.3124007748758],[-52.121654785539874,-29.31426576645192],[-52.123646608504146,-29.314278282316792]]]}},{"type":"Feature","properties":{"id_grade":"200ME51886N80830","pop":28,"dom":8,"universo_dom":"domicilios_ocupados_grade_ibge_2022","na_bacia":1,"area_pct_bacia":100.0,"metodo_recorte_bacia":"ponto_representativo_grade_2022; area_pct_geometrica","status_borda_bacia":"total","metodo_area_bacia":"interse??o geom?trica em EPSG:5880","metodo_na_bacia":"ponto_representativo_grade_2022_within_bacia","pop_n_validos":1,"pop_n_total":1,"pop_completude":1.0,"dom_n_validos":1,"dom_n_total":1,"dom_completude":1.0},"geometry":{"type":"Polygon","coordinates":[[[-52.121654785539874,-29.31426576645192],[-52.12166815935802,-29.3124007748758],[-52.119676350782925,-29.312388246420387],[-52.11966296347492,-29.314253237996493],[-52.121654785539874,-29.31426576645192]]]}},{"type":"Feature","properties":{"id_grade":"200ME51888N80830","pop":13,"dom":4,"universo_dom":"domicilios_ocupados_grade_ibge_2022","na_bacia":1,"area_pct_bacia":100.0,"metodo_recorte_bacia":"ponto_representativo_grade_2022; area_pct_geometrica","status_borda_bacia":"total","metodo_area_bacia":"interse??o geom?trica em EPSG:5880","metodo_na_bacia":"ponto_representativo_grade_2022_within_bacia","pop_n_validos":1,"pop_n_total":1,"pop_completude":1.0,"dom_n_validos":1,"dom_n_total":1,"dom_completude":1.0},"geometry":{"type":"Polygon","coordinates":[[[-52.11966296347492,-29.314253237996493],[-52.119676350782925,-29.312388246420387],[-52.117684543107146,-29.312375704475137],[-52.117671140510716,-29.314240695151923],[-52.11966296347492,-29.314253237996493]]]}},{"type":"Feature","properties":{"id_grade":"200ME51890N80818","pop":4,"dom":2,"universo_dom":"domicilios_ocupados_grade_ibge_2022","na_bacia":1,"area_pct_bacia":100.0,"metodo_recorte_bacia":"ponto_representativo_grade_2022; area_pct_geometrica","status_borda_bacia":"total","metodo_area_bacia":"interse??o geom?trica em EPSG:5880","metodo_na_bacia":"ponto_representativo_grade_2022_within_bacia","pop_n_validos":1,"pop_n_total":1,"pop_completude":1.0,"dom_n_validos":1,"dom_n_total":1,"dom_completude":1.0},"geometry":{"type":"Polygon","coordinates":[[[-52.11759072493197,-29.325431064591925],[-52.11760412842773,-29.323565952506684],[-52.11561223531635,-29.323553396172187],[-52.11559881743142,-29.325418507358176],[-52.11759072493197,-29.325431064591925]]]}},{"type":"Feature","properties":{"id_grade":"200ME51892N80818","pop":14,"dom":6,"universo_dom":"domicilios_ocupados_grade_ibge_2022","na_bacia":1,"area_pct_bacia":100.0,"metodo_recorte_bacia":"ponto_representativo_grade_2022; area_pct_geometrica","status_borda_bacia":"total","metodo_area_bacia":"interse??o geom?trica em EPSG:5880","metodo_na_bacia":"ponto_representativo_grade_2022_within_bacia","pop_n_validos":1,"pop_n_total":1,"pop_completude":1.0,"dom_n_validos":1,"dom_n_total":1,"dom_completude":1.0},"geometry":{"type":"Polygon","coordinates":[[[-52.11559881743142,-29.325418507358176],[-52.11561223531635,-29.323553396172187],[-52.113620342204975,-29.32354082634792],[-52.11360691083024,-29.325405937533986],[-52.11559881743142,-29.325418507358176]]]}},{"type":"Feature","properties":{"id_grade":"200ME51898N80822","pop":5,"dom":3,"universo_dom":"domicilios_ocupados_grade_ibge_2022","na_bacia":1,"area_pct_bacia":100.0,"metodo_recorte_bacia":"ponto_representativo_grade_2022; area_pct_geometrica","status_borda_bacia":"total","metodo_area_bacia":"interse??o geom?trica em EPSG:5880","metodo_na_bacia":"ponto_representativo_grade_2022_within_bacia","pop_n_validos":1,"pop_n_total":1,"pop_completude":1.0,"dom_n_validos":1,"dom_n_total":1,"dom_completude":1.0},"geometry":{"type":"Polygon","coordinates":[[[-52.10965001613528,-29.321650556627805],[-52.10966347628835,-29.319785485911357],[-52.107671611955304,-29.31977287651699],[-52.10765813831239,-29.321637947233462],[-52.10965001613528,-29.321650556627805]]]}},{"type":"Feature","properties":{"id_grade":"200ME51894N80824","pop":8,"dom":3,"universo_dom":"domicilios_ocupados_grade_ibge_2022","na_bacia":1,"area_pct_bacia":100.0,"metodo_recorte_bacia":"ponto_representativo_grade_2022; area_pct_geometrica","status_borda_bacia":"total","metodo_area_bacia":"interse??o geom?trica em EPSG:5880","metodo_na_bacia":"ponto_representativo_grade_2022_within_bacia","pop_n_validos":1,"pop_n_total":1,"pop_completude":1.0,"dom_n_validos":1,"dom_n_total":1,"dom_completude":1.0},"geometry":{"type":"Polygon","coordinates":[[[-52.113647204954525,-29.319810664230697],[-52.11366063542994,-29.317945613299344],[-52.111668785486025,-29.317933030884696],[-52.11165534062143,-29.3197980818159],[-52.113647204954525,-29.319810664230697]]]}},{"type":"Feature","properties":{"id_grade":"200ME51896N80824","pop":25,"dom":8,"universo_dom":"domicilios_ocupados_grade_ibge_2022","na_bacia":1,"area_pct_bacia":100.0,"metodo_recorte_bacia":"ponto_representativo_grade_2022; area_pct_geometrica","status_borda_bacia":"total","metodo_area_bacia":"interse??o geom?trica em EPSG:5880","metodo_na_bacia":"ponto_representativo_grade_2022_within_bacia","pop_n_validos":1,"pop_n_total":1,"pop_completude":1.0,"dom_n_validos":1,"dom_n_total":1,"dom_completude":1.0},"geometry":{"type":"Polygon","coordinates":[[[-52.11165534062143,-29.3197980818159],[-52.111668785486025,-29.317933030884696],[-52.1096769355421,-29.317920434980056],[-52.10966347628835,-29.319785485911357],[-52.11165534062143,-29.3197980818159]]]}},{"type":"Feature","properties":{"id_grade":"200ME51898N80824","pop":19,"dom":7,"universo_dom":"domicilios_ocupados_grade_ibge_2022","na_bacia":1,"area_pct_bacia":100.0,"metodo_recorte_bacia":"ponto_representativo_grade_2022; area_pct_geometrica","status_borda_bacia":"total","metodo_area_bacia":"interse??o geom?trica em EPSG:5880","metodo_na_bacia":"ponto_representativo_grade_2022_within_bacia","pop_n_validos":1,"pop_n_total":1,"pop_completude":1.0,"dom_n_validos":1,"dom_n_total":1,"dom_completude":1.0},"geometry":{"type":"Polygon","coordinates":[[[-52.10966347628835,-29.319785485911357],[-52.1096769355421,-29.317920434980056],[-52.10768508559818,-29.31790782648492],[-52.107671611955304,-29.31977287651699],[-52.10966347628835,-29.319785485911357]]]}},{"type":"Feature","properties":{"id_grade":"200ME51890N80826","pop":9,"dom":4,"universo_dom":"domicilios_ocupados_grade_ibge_2022","na_bacia":1,"area_pct_bacia":100.0,"metodo_recorte_bacia":"ponto_representativo_grade_2022; area_pct_geometrica","status_borda_bacia":"total","metodo_area_bacia":"interse??o geom?trica em EPSG:5880","metodo_na_bacia":"ponto_representativo_grade_2022_within_bacia","pop_n_validos":1,"pop_n_total":1,"pop_completude":1.0,"dom_n_validos":1,"dom_n_total":1,"dom_completude":1.0},"geometry":{"type":"Polygon","coordinates":[[[-52.117644336217104,-29.317970737659333],[-52.117657738813534,-29.316105706513095],[-52.11566590235947,-29.316093151077993],[-52.11565248537385,-29.317958182224295],[-52.117644336217104,-29.317970737659333]]]}},{"type":"Feature","properties":{"id_grade":"200ME51892N80826","pop":13,"dom":5,"universo_dom":"domicilios_ocupados_grade_ibge_2022","na_bacia":1,"area_pct_bacia":100.0,"metodo_recorte_bacia":"ponto_representativo_grade_2022; area_pct_geometrica","status_borda_bacia":"total","metodo_area_bacia":"interse??o geom?trica em EPSG:5880","metodo_na_bacia":"ponto_representativo_grade_2022_within_bacia","pop_n_validos":1,"pop_n_total":1,"pop_completude":1.0,"dom_n_validos":1,"dom_n_total":1,"dom_completude":1.0},"geometry":{"type":"Polygon","coordinates":[[[-52.11565248537385,-29.317958182224295],[-52.11566590235947,-29.316093151077993],[-52.1136740659054,-29.3160805821531],[-52.11366063542994,-29.317945613299344],[-52.11565248537385,-29.317958182224295]]]}},{"type":"Feature","properties":{"id_grade":"200ME51894N80826","pop":16,"dom":9,"universo_dom":"domicilios_ocupados_grade_ibge_2022","na_bacia":1,"area_pct_bacia":100.0,"metodo_recorte_bacia":"ponto_representativo_grade_2022; area_pct_geometrica","status_borda_bacia":"total","metodo_area_bacia":"interse??o geom?trica em EPSG:5880","metodo_na_bacia":"ponto_representativo_grade_2022_within_bacia","pop_n_validos":1,"pop_n_total":1,"pop_completude":1.0,"dom_n_validos":1,"dom_n_total":1,"dom_completude":1.0},"geometry":{"type":"Polygon","coordinates":[[[-52.11366063542994,-29.317945613299344],[-52.1136740659054,-29.3160805821531],[-52.111682230350596,-29.31606799973837],[-52.111668785486025,-29.317933030884696],[-52.11366063542994,-29.317945613299344]]]}},{"type":"Feature","properties":{"id_grade":"200ME51890N80828","pop":2,"dom":1,"universo_dom":"domicilios_ocupados_grade_ibge_2022","na_bacia":1,"area_pct_bacia":100.0,"metodo_recorte_bacia":"ponto_representativo_grade_2022; area_pct_geometrica","status_borda_bacia":"total","metodo_area_bacia":"interse??o geom?trica em EPSG:5880","metodo_na_bacia":"ponto_representativo_grade_2022_within_bacia","pop_n_validos":1,"pop_n_total":1,"pop_completude":1.0,"dom_n_validos":1,"dom_n_total":1,"dom_completude":1.0},"geometry":{"type":"Polygon","coordinates":[[[-52.117657738813534,-29.316105706513095],[-52.117671140510716,-29.314240695151923],[-52.11567931844576,-29.314228140616134],[-52.11566590235947,-29.316093151077993],[-52.117657738813534,-29.316105706513095]]]}},{"type":"Feature","properties":{"id_grade":"200ME51892N80828","pop":5,"dom":1,"universo_dom":"domicilios_ocupados_grade_ibge_2022","na_bacia":1,"area_pct_bacia":100.0,"metodo_recorte_bacia":"ponto_representativo_grade_2022; area_pct_geometrica","status_borda_bacia":"total","metodo_area_bacia":"interse??o geom?trica em EPSG:5880","metodo_na_bacia":"ponto_representativo_grade_2022_within_bacia","pop_n_validos":1,"pop_n_total":1,"pop_completude":1.0,"dom_n_validos":1,"dom_n_total":1,"dom_completude":1.0},"geometry":{"type":"Polygon","coordinates":[[[-52.11566590235947,-29.316093151077993],[-52.11567931844576,-29.314228140616134],[-52.11368749638081,-29.314215571691246],[-52.1136740659054,-29.3160805821531],[-52.11566590235947,-29.316093151077993]]]}},{"type":"Feature","properties":{"id_grade":"200ME51890N80830","pop":12,"dom":4,"universo_dom":"domicilios_ocupados_grade_ibge_2022","na_bacia":1,"area_pct_bacia":100.0,"metodo_recorte_bacia":"ponto_representativo_grade_2022; area_pct_geometrica","status_borda_bacia":"total","metodo_area_bacia":"interse??o geom?trica em EPSG:5880","metodo_na_bacia":"ponto_representativo_grade_2022_within_bacia","pop_n_validos":1,"pop_n_total":1,"pop_completude":1.0,"dom_n_validos":1,"dom_n_total":1,"dom_completude":1.0},"geometry":{"type":"Polygon","coordinates":[[[-52.117671140510716,-29.314240695151923],[-52.117684543107146,-29.312375704475137],[-52.11569273453205,-29.312363149039985],[-52.11567931844576,-29.314228140616134],[-52.117671140510716,-29.314240695151923]]]}},{"type":"Feature","properties":{"id_grade":"200ME51904N80808","pop":3,"dom":1,"universo_dom":"domicilios_ocupados_grade_ibge_2022","na_bacia":1,"area_pct_bacia":100.0,"metodo_recorte_bacia":"ponto_representativo_grade_2022; area_pct_geometrica","status_borda_bacia":"total","metodo_area_bacia":"interse??o geom?trica em EPSG:5880","metodo_na_bacia":"ponto_representativo_grade_2022_within_bacia","pop_n_validos":1,"pop_n_total":1,"pop_completude":1.0,"dom_n_validos":1,"dom_n_total":1,"dom_completude":1.0},"geometry":{"type":"Polygon","coordinates":[[[-52.10357986302023,-29.334668741469212],[-52.10359336634076,-29.332803530458573],[-52.10160140398159,-29.332790879695334],[-52.10158788627189,-29.334656090706037],[-52.10357986302023,-29.334668741469212]]]}},{"type":"Feature","properties":{"id_grade":"200ME51908N80808","pop":7,"dom":3,"universo_dom":"domicilios_ocupados_grade_ibge_2022","na_bacia":1,"area_pct_bacia":100.0,"metodo_recorte_bacia":"ponto_representativo_grade_2022; area_pct_geometrica","status_borda_bacia":"total","metodo_area_bacia":"interse??o geom?trica em EPSG:5880","metodo_na_bacia":"ponto_representativo_grade_2022_within_bacia","pop_n_validos":1,"pop_n_total":1,"pop_completude":1.0,"dom_n_validos":1,"dom_n_total":1,"dom_completude":1.0},"geometry":{"type":"Polygon","coordinates":[[[-52.09959590952354,-29.334643426452963],[-52.09960944162242,-29.332778216341552],[-52.09761747926319,-29.332765538598615],[-52.09760393367458,-29.334630749609335],[-52.09959590952354,-29.334643426452963]]]}},{"type":"Feature","properties":{"id_grade":"200ME51900N80810","pop":5,"dom":1,"universo_dom":"domicilios_ocupados_grade_ibge_2022","na_bacia":1,"area_pct_bacia":100.0,"metodo_recorte_bacia":"ponto_representativo_grade_2022; area_pct_geometrica","status_borda_bacia":"total","metodo_area_bacia":"interse??o geom?trica em EPSG:5880","metodo_na_bacia":"ponto_representativo_grade_2022_within_bacia","pop_n_validos":1,"pop_n_total":1,"pop_completude":1.0,"dom_n_validos":1,"dom_n_total":1,"dom_completude":1.0},"geometry":{"type":"Polygon","coordinates":[[[-52.10757729285774,-29.33282879241476],[-52.10759076739993,-29.33096360118922],[-52.10559881853061,-29.33095097740559],[-52.10558532959925,-29.332816167731828],[-52.10757729285774,-29.33282879241476]]]}},{"type":"Feature","properties":{"id_grade":"200ME51902N80810","pop":2,"dom":1,"universo_dom":"domicilios_ocupados_grade_ibge_2022","na_bacia":1,"area_pct_bacia":100.0,"metodo_recorte_bacia":"ponto_representativo_grade_2022; area_pct_geometrica","status_borda_bacia":"total","metodo_area_bacia":"interse??o geom?trica em EPSG:5880","metodo_na_bacia":"ponto_representativo_grade_2022_within_bacia","pop_n_validos":1,"pop_n_total":1,"pop_completude":1.0,"dom_n_validos":1,"dom_n_total":1,"dom_completude":1.0},"geometry":{"type":"Polygon","coordinates":[[[-52.10558532959925,-29.332816167731828],[-52.10559881853061,-29.33095097740559],[-52.10360686966129,-29.33093834013226],[-52.10359336634076,-29.332803530458573],[-52.10558532959925,-29.332816167731828]]]}},{"type":"Feature","properties":{"id_grade":"200ME51904N80810","pop":4,"dom":3,"universo_dom":"domicilios_ocupados_grade_ibge_2022","na_bacia":1,"area_pct_bacia":100.0,"metodo_recorte_bacia":"ponto_representativo_grade_2022; area_pct_geometrica","status_borda_bacia":"total","metodo_area_bacia":"interse??o geom?trica em EPSG:5880","metodo_na_bacia":"ponto_representativo_grade_2022_within_bacia","pop_n_validos":1,"pop_n_total":1,"pop_completude":1.0,"dom_n_validos":1,"dom_n_total":1,"dom_completude":1.0},"geometry":{"type":"Polygon","coordinates":[[[-52.10359336634076,-29.332803530458573],[-52.10360686966129,-29.33093834013226],[-52.10161492169124,-29.33092568936912],[-52.10160140398159,-29.332790879695334],[-52.10359336634076,-29.332803530458573]]]}},{"type":"Feature","properties":{"id_grade":"200ME51906N80810","pop":6,"dom":3,"universo_dom":"domicilios_ocupados_grade_ibge_2022","na_bacia":1,"area_pct_bacia":100.0,"metodo_recorte_bacia":"ponto_representativo_grade_2022; area_pct_geometrica","status_borda_bacia":"total","metodo_area_bacia":"interse??o geom?trica em EPSG:5880","metodo_na_bacia":"ponto_representativo_grade_2022_within_bacia","pop_n_validos":1,"pop_n_total":1,"pop_completude":1.0,"dom_n_validos":1,"dom_n_total":1,"dom_completude":1.0},"geometry":{"type":"Polygon","coordinates":[[[-52.10160140398159,-29.332790879695334],[-52.10161492169124,-29.33092568936912],[-52.09962297282192,-29.33091302601528],[-52.09960944162242,-29.332778216341552],[-52.10160140398159,-29.332790879695334]]]}},{"type":"Feature","properties":{"id_grade":"200ME51902N80812","pop":2,"dom":1,"universo_dom":"domicilios_ocupados_grade_ibge_2022","na_bacia":1,"area_pct_bacia":100.0,"metodo_recorte_bacia":"ponto_representativo_grade_2022; area_pct_geometrica","status_borda_bacia":"total","metodo_area_bacia":"interse??o geom?trica em EPSG:5880","metodo_na_bacia":"ponto_representativo_grade_2022_within_bacia","pop_n_validos":1,"pop_n_total":1,"pop_completude":1.0,"dom_n_validos":1,"dom_n_total":1,"dom_completude":1.0},"geometry":{"type":"Polygon","coordinates":[[[-52.10559881853061,-29.33095097740559],[-52.10561230746197,-29.32908580596512],[-52.103620372981766,-29.329073169591016],[-52.10360686966129,-29.33093834013226],[-52.10559881853061,-29.33095097740559]]]}},{"type":"Feature","properties":{"id_grade":"200ME51904N80812","pop":19,"dom":10,"universo_dom":"domicilios_ocupados_grade_ibge_2022","na_bacia":1,"area_pct_bacia":100.0,"metodo_recorte_bacia":"ponto_representativo_grade_2022; area_pct_geometrica","status_borda_bacia":"total","metodo_area_bacia":"interse??o geom?trica em EPSG:5880","metodo_na_bacia":"ponto_representativo_grade_2022_within_bacia","pop_n_validos":1,"pop_n_total":1,"pop_completude":1.0,"dom_n_validos":1,"dom_n_total":1,"dom_completude":1.0},"geometry":{"type":"Polygon","coordinates":[[[-52.10360686966129,-29.33093834013226],[-52.103620372981766,-29.329073169591016],[-52.10162843850162,-29.329060518827802],[-52.10161492169124,-29.33092568936912],[-52.10360686966129,-29.33093834013226]]]}},{"type":"Feature","properties":{"id_grade":"200ME51908N80812","pop":7,"dom":3,"universo_dom":"domicilios_ocupados_grade_ibge_2022","na_bacia":1,"area_pct_bacia":100.0,"metodo_recorte_bacia":"ponto_representativo_grade_2022; area_pct_geometrica","status_borda_bacia":"total","metodo_area_bacia":"interse??o geom?trica em EPSG:5880","metodo_na_bacia":"ponto_representativo_grade_2022_within_bacia","pop_n_validos":1,"pop_n_total":1,"pop_completude":1.0,"dom_n_validos":1,"dom_n_total":1,"dom_completude":1.0},"geometry":{"type":"Polygon","coordinates":[[[-52.09962297282192,-29.33091302601528],[-52.09963650402142,-29.3290478554741],[-52.09764457044054,-29.329035178630562],[-52.09763102485187,-29.330900349171742],[-52.09962297282192,-29.33091302601528]]]}},{"type":"Feature","properties":{"id_grade":"200ME51906N80814","pop":16,"dom":7,"universo_dom":"domicilios_ocupados_grade_ibge_2022","na_bacia":1,"area_pct_bacia":100.0,"metodo_recorte_bacia":"ponto_representativo_grade_2022; area_pct_geometrica","status_borda_bacia":"total","metodo_area_bacia":"interse??o geom?trica em EPSG:5880","metodo_na_bacia":"ponto_representativo_grade_2022_within_bacia","pop_n_validos":1,"pop_n_total":1,"pop_completude":1.0,"dom_n_validos":1,"dom_n_total":1,"dom_completude":1.0},"geometry":{"type":"Polygon","coordinates":[[[-52.10162843850162,-29.329060518827802],[-52.10164195531194,-29.32719536897105],[-52.09965003522092,-29.32718270561728],[-52.09963650402142,-29.3290478554741],[-52.10162843850162,-29.329060518827802]]]}},{"type":"Feature","properties":{"id_grade":"200ME51908N80814","pop":4,"dom":2,"universo_dom":"domicilios_ocupados_grade_ibge_2022","na_bacia":1,"area_pct_bacia":100.0,"metodo_recorte_bacia":"ponto_representativo_grade_2022; area_pct_geometrica","status_borda_bacia":"total","metodo_area_bacia":"interse??o geom?trica em EPSG:5880","metodo_na_bacia":"ponto_representativo_grade_2022_within_bacia","pop_n_validos":1,"pop_n_total":1,"pop_completude":1.0,"dom_n_validos":1,"dom_n_total":1,"dom_completude":1.0},"geometry":{"type":"Polygon","coordinates":[[[-52.09963650402142,-29.3290478554741],[-52.09965003522092,-29.32718270561728],[-52.09765811602921,-29.32717002877377],[-52.09764457044054,-29.329035178630562],[-52.09963650402142,-29.3290478554741]]]}},{"type":"Feature","properties":{"id_grade":"200ME51900N80816","pop":1,"dom":1,"universo_dom":"domicilios_ocupados_grade_ibge_2022","na_bacia":1,"area_pct_bacia":100.0,"metodo_recorte_bacia":"ponto_representativo_grade_2022; area_pct_geometrica","status_borda_bacia":"total","metodo_area_bacia":"interse??o geom?trica em EPSG:5880","metodo_na_bacia":"ponto_representativo_grade_2022_within_bacia","pop_n_validos":1,"pop_n_total":1,"pop_completude":1.0,"dom_n_validos":1,"dom_n_total":1,"dom_completude":1.0},"geometry":{"type":"Polygon","coordinates":[[[-52.107617716484405,-29.32723327899256],[-52.107631190127286,-29.325368148021596],[-52.10563928442542,-29.32535552513728],[-52.10562579549401,-29.327220655209054],[-52.107617716484405,-29.32723327899256]]]}},{"type":"Feature","properties":{"id_grade":"200ME51902N80816","pop":5,"dom":1,"universo_dom":"domicilios_ocupados_grade_ibge_2022","na_bacia":1,"area_pct_bacia":100.0,"metodo_recorte_bacia":"ponto_representativo_grade_2022; area_pct_geometrica","status_borda_bacia":"total","metodo_area_bacia":"interse??o geom?trica em EPSG:5880","metodo_na_bacia":"ponto_representativo_grade_2022_within_bacia","pop_n_validos":1,"pop_n_total":1,"pop_completude":1.0,"dom_n_validos":1,"dom_n_total":1,"dom_completude":1.0},"geometry":{"type":"Polygon","coordinates":[[[-52.10562579549401,-29.327220655209054],[-52.10563928442542,-29.32535552513728],[-52.10364737782418,-29.325342888763238],[-52.10363387540298,-29.32720801883495],[-52.10562579549401,-29.327220655209054]]]}},{"type":"Feature","properties":{"id_grade":"200ME51904N80816","pop":8,"dom":4,"universo_dom":"domicilios_ocupados_grade_ibge_2022","na_bacia":1,"area_pct_bacia":100.0,"metodo_recorte_bacia":"ponto_representativo_grade_2022; area_pct_geometrica","status_borda_bacia":"total","metodo_area_bacia":"interse??o geom?trica em EPSG:5880","metodo_na_bacia":"ponto_representativo_grade_2022_within_bacia","pop_n_validos":1,"pop_n_total":1,"pop_completude":1.0,"dom_n_validos":1,"dom_n_total":1,"dom_completude":1.0},"geometry":{"type":"Polygon","coordinates":[[[-52.10363387540298,-29.32720801883495],[-52.10364737782418,-29.325342888763238],[-52.101655472122275,-29.32533023889939],[-52.10164195531194,-29.32719536897105],[-52.10363387540298,-29.32720801883495]]]}},{"type":"Feature","properties":{"id_grade":"200ME51906N80816","pop":70,"dom":30,"universo_dom":"domicilios_ocupados_grade_ibge_2022","na_bacia":1,"area_pct_bacia":100.0,"metodo_recorte_bacia":"ponto_representativo_grade_2022; area_pct_geometrica","status_borda_bacia":"total","metodo_area_bacia":"interse??o geom?trica em EPSG:5880","metodo_na_bacia":"ponto_representativo_grade_2022_within_bacia","pop_n_validos":1,"pop_n_total":1,"pop_completude":1.0,"dom_n_validos":1,"dom_n_total":1,"dom_completude":1.0},"geometry":{"type":"Polygon","coordinates":[[[-52.10164195531194,-29.32719536897105],[-52.101655472122275,-29.32533023889939],[-52.09966356642041,-29.325317575545608],[-52.09965003522092,-29.32718270561728],[-52.10164195531194,-29.32719536897105]]]}},{"type":"Feature","properties":{"id_grade":"200ME51908N80816","pop":76,"dom":34,"universo_dom":"domicilios_ocupados_grade_ibge_2022","na_bacia":1,"area_pct_bacia":100.0,"metodo_recorte_bacia":"ponto_representativo_grade_2022; area_pct_geometrica","status_borda_bacia":"total","metodo_area_bacia":"interse??o geom?trica em EPSG:5880","metodo_na_bacia":"ponto_representativo_grade_2022_within_bacia","pop_n_validos":1,"pop_n_total":1,"pop_completude":1.0,"dom_n_validos":1,"dom_n_total":1,"dom_completude":1.0},"geometry":{"type":"Polygon","coordinates":[[[-52.09965003522092,-29.32718270561728],[-52.09966356642041,-29.325317575545608],[-52.0976716607185,-29.325304899601427],[-52.09765811602921,-29.32717002877377],[-52.09965003522092,-29.32718270561728]]]}},{"type":"Feature","properties":{"id_grade":"200ME51900N80818","pop":17,"dom":6,"universo_dom":"domicilios_ocupados_grade_ibge_2022","na_bacia":1,"area_pct_bacia":100.0,"metodo_recorte_bacia":"ponto_representativo_grade_2022; area_pct_geometrica","status_borda_bacia":"total","metodo_area_bacia":"interse??o geom?trica em EPSG:5880","metodo_na_bacia":"ponto_representativo_grade_2022_within_bacia","pop_n_validos":1,"pop_n_total":1,"pop_completude":1.0,"dom_n_validos":1,"dom_n_total":1,"dom_completude":1.0},"geometry":{"type":"Polygon","coordinates":[[[-52.107631190127286,-29.325368148021596],[-52.10764466466952,-29.32350303773495],[-52.10565277245747,-29.323490414850685],[-52.10563928442542,-29.32535552513728],[-52.107631190127286,-29.325368148021596]]]}},{"type":"Feature","properties":{"id_grade":"200ME51902N80818","pop":55,"dom":22,"universo_dom":"domicilios_ocupados_grade_ibge_2022","na_bacia":1,"area_pct_bacia":100.0,"metodo_recorte_bacia":"ponto_representativo_grade_2022; area_pct_geometrica","status_borda_bacia":"total","metodo_area_bacia":"interse??o geom?trica em EPSG:5880","metodo_na_bacia":"ponto_representativo_grade_2022_within_bacia","pop_n_validos":1,"pop_n_total":1,"pop_completude":1.0,"dom_n_validos":1,"dom_n_total":1,"dom_completude":1.0},"geometry":{"type":"Polygon","coordinates":[[[-52.10563928442542,-29.32535552513728],[-52.10565277245747,-29.323490414850685],[-52.1036608802454,-29.323477778476708],[-52.10364737782418,-29.325342888763238],[-52.10563928442542,-29.32535552513728]]]}},{"type":"Feature","properties":{"id_grade":"200ME51904N80818","pop":30,"dom":13,"universo_dom":"domicilios_ocupados_grade_ibge_2022","na_bacia":1,"area_pct_bacia":100.0,"metodo_recorte_bacia":"ponto_representativo_grade_2022; area_pct_geometrica","status_borda_bacia":"total","metodo_area_bacia":"interse??o geom?trica em EPSG:5880","metodo_na_bacia":"ponto_representativo_grade_2022_within_bacia","pop_n_validos":1,"pop_n_total":1,"pop_completude":1.0,"dom_n_validos":1,"dom_n_total":1,"dom_completude":1.0},"geometry":{"type":"Polygon","coordinates":[[[-52.10364737782418,-29.325342888763238],[-52.1036608802454,-29.323477778476708],[-52.10166898893265,-29.3234651286127],[-52.101655472122275,-29.32533023889939],[-52.10364737782418,-29.325342888763238]]]}},{"type":"Feature","properties":{"id_grade":"200ME51906N80818","pop":8,"dom":3,"universo_dom":"domicilios_ocupados_grade_ibge_2022","na_bacia":1,"area_pct_bacia":100.0,"metodo_recorte_bacia":"ponto_representativo_grade_2022; area_pct_geometrica","status_borda_bacia":"total","metodo_area_bacia":"interse??o geom?trica em EPSG:5880","metodo_na_bacia":"ponto_representativo_grade_2022_within_bacia","pop_n_validos":1,"pop_n_total":1,"pop_completude":1.0,"dom_n_validos":1,"dom_n_total":1,"dom_completude":1.0},"geometry":{"type":"Polygon","coordinates":[[[-52.101655472122275,-29.32533023889939],[-52.10166898893265,-29.3234651286127],[-52.09967709761992,-29.32345246615839],[-52.09966356642041,-29.325317575545608],[-52.101655472122275,-29.32533023889939]]]}},{"type":"Feature","properties":{"id_grade":"200ME51908N80818","pop":10,"dom":4,"universo_dom":"domicilios_ocupados_grade_ibge_2022","na_bacia":1,"area_pct_bacia":100.0,"metodo_recorte_bacia":"ponto_representativo_grade_2022; area_pct_geometrica","status_borda_bacia":"total","metodo_area_bacia":"interse??o geom?trica em EPSG:5880","metodo_na_bacia":"ponto_representativo_grade_2022_within_bacia","pop_n_validos":1,"pop_n_total":1,"pop_completude":1.0,"dom_n_validos":1,"dom_n_total":1,"dom_completude":1.0},"geometry":{"type":"Polygon","coordinates":[[[-52.09966356642041,-29.325317575545608],[-52.09967709761992,-29.32345246615839],[-52.097685206307176,-29.323439790214064],[-52.0976716607185,-29.325304899601427],[-52.09966356642041,-29.325317575545608]]]}},{"type":"Feature","properties":{"id_grade":"200ME51900N80820","pop":5,"dom":2,"universo_dom":"domicilios_ocupados_grade_ibge_2022","na_bacia":1,"area_pct_bacia":100.0,"metodo_recorte_bacia":"ponto_representativo_grade_2022; area_pct_geometrica","status_borda_bacia":"total","metodo_area_bacia":"interse??o geom?trica em EPSG:5880","metodo_na_bacia":"ponto_representativo_grade_2022_within_bacia","pop_n_validos":1,"pop_n_total":1,"pop_completude":1.0,"dom_n_validos":1,"dom_n_total":1,"dom_completude":1.0},"geometry":{"type":"Polygon","coordinates":[[[-52.10764466466952,-29.32350303773495],[-52.10765813831239,-29.321637947233462],[-52.10566626048949,-29.321625324349235],[-52.10565277245747,-29.323490414850685],[-52.10764466466952,-29.32350303773495]]]}},{"type":"Feature","properties":{"id_grade":"200ME51902N80820","pop":3,"dom":1,"universo_dom":"domicilios_ocupados_grade_ibge_2022","na_bacia":1,"area_pct_bacia":100.0,"metodo_recorte_bacia":"ponto_representativo_grade_2022; area_pct_geometrica","status_borda_bacia":"total","metodo_area_bacia":"interse??o geom?trica em EPSG:5880","metodo_na_bacia":"ponto_representativo_grade_2022_within_bacia","pop_n_validos":1,"pop_n_total":1,"pop_completude":1.0,"dom_n_validos":1,"dom_n_total":1,"dom_completude":1.0},"geometry":{"type":"Polygon","coordinates":[[[-52.10565277245747,-29.323490414850685],[-52.10566626048949,-29.321625324349235],[-52.10367438266661,-29.321612687975072],[-52.1036608802454,-29.323477778476708],[-52.10565277245747,-29.323490414850685]]]}},{"type":"Feature","properties":{"id_grade":"200ME51904N80820","pop":15,"dom":4,"universo_dom":"domicilios_ocupados_grade_ibge_2022","na_bacia":1,"area_pct_bacia":100.0,"metodo_recorte_bacia":"ponto_representativo_grade_2022; area_pct_geometrica","status_borda_bacia":"total","metodo_area_bacia":"interse??o geom?trica em EPSG:5880","metodo_na_bacia":"ponto_representativo_grade_2022_within_bacia","pop_n_validos":1,"pop_n_total":1,"pop_completude":1.0,"dom_n_validos":1,"dom_n_total":1,"dom_completude":1.0},"geometry":{"type":"Polygon","coordinates":[[[-52.1036608802454,-29.323477778476708],[-52.10367438266661,-29.321612687975072],[-52.101682504843666,-29.321600039010594],[-52.10166898893265,-29.3234651286127],[-52.1036608802454,-29.323477778476708]]]}},{"type":"Feature","properties":{"id_grade":"200ME51900N80822","pop":14,"dom":5,"universo_dom":"domicilios_ocupados_grade_ibge_2022","na_bacia":1,"area_pct_bacia":100.0,"metodo_recorte_bacia":"ponto_representativo_grade_2022; area_pct_geometrica","status_borda_bacia":"total","metodo_area_bacia":"interse??o geom?trica em EPSG:5880","metodo_na_bacia":"ponto_representativo_grade_2022_within_bacia","pop_n_validos":1,"pop_n_total":1,"pop_completude":1.0,"dom_n_validos":1,"dom_n_total":1,"dom_completude":1.0},"geometry":{"type":"Polygon","coordinates":[[[-52.10765813831239,-29.321637947233462],[-52.107671611955304,-29.31977287651699],[-52.10567974852154,-29.319760253632708],[-52.10566626048949,-29.321625324349235],[-52.10765813831239,-29.321637947233462]]]}},{"type":"Feature","properties":{"id_grade":"200ME51904N80822","pop":3,"dom":1,"universo_dom":"domicilios_ocupados_grade_ibge_2022","na_bacia":1,"area_pct_bacia":100.0,"metodo_recorte_bacia":"ponto_representativo_grade_2022; area_pct_geometrica","status_borda_bacia":"total","metodo_area_bacia":"interse??o geom?trica em EPSG:5880","metodo_na_bacia":"ponto_representativo_grade_2022_within_bacia","pop_n_validos":1,"pop_n_total":1,"pop_completude":1.0,"dom_n_validos":1,"dom_n_total":1,"dom_completude":1.0},"geometry":{"type":"Polygon","coordinates":[[[-52.10367438266661,-29.321612687975072],[-52.103687885087766,-29.31974761815803],[-52.10169602165406,-29.319734969193405],[-52.101682504843666,-29.321600039010594],[-52.10367438266661,-29.321612687975072]]]}},{"type":"Feature","properties":{"id_grade":"200ME51900N80824","pop":19,"dom":9,"universo_dom":"domicilios_ocupados_grade_ibge_2022","na_bacia":1,"area_pct_bacia":100.0,"metodo_recorte_bacia":"ponto_representativo_grade_2022; area_pct_geometrica","status_borda_bacia":"total","metodo_area_bacia":"interse??o geom?trica em EPSG:5880","metodo_na_bacia":"ponto_representativo_grade_2022_within_bacia","pop_n_validos":1,"pop_n_total":1,"pop_completude":1.0,"dom_n_validos":1,"dom_n_total":1,"dom_completude":1.0},"geometry":{"type":"Polygon","coordinates":[[[-52.107671611955304,-29.31977287651699],[-52.10768508559818,-29.31790782648492],[-52.10569323565426,-29.3178952036007],[-52.10567974852154,-29.319760253632708],[-52.107671611955304,-29.31977287651699]]]}},{"type":"Feature","properties":{"id_grade":"200ME51902N80824","pop":12,"dom":5,"universo_dom":"domicilios_ocupados_grade_ibge_2022","na_bacia":1,"area_pct_bacia":100.0,"metodo_recorte_bacia":"ponto_representativo_grade_2022; area_pct_geometrica","status_borda_bacia":"total","metodo_area_bacia":"interse??o geom?trica em EPSG:5880","metodo_na_bacia":"ponto_representativo_grade_2022_within_bacia","pop_n_validos":1,"pop_n_total":1,"pop_completude":1.0,"dom_n_validos":1,"dom_n_total":1,"dom_completude":1.0},"geometry":{"type":"Polygon","coordinates":[[[-52.10567974852154,-29.319760253632708],[-52.10569323565426,-29.3178952036007],[-52.103701386609664,-29.317882568125974],[-52.103687885087766,-29.31974761815803],[-52.10567974852154,-29.319760253632708]]]}},{"type":"Feature","properties":{"id_grade":"200ME51900N80826","pop":21,"dom":8,"universo_dom":"domicilios_ocupados_grade_ibge_2022","na_bacia":1,"area_pct_bacia":100.0,"metodo_recorte_bacia":"ponto_representativo_grade_2022; area_pct_geometrica","status_borda_bacia":"total","metodo_area_bacia":"interse??o geom?trica em EPSG:5880","metodo_na_bacia":"ponto_representativo_grade_2022_within_bacia","pop_n_validos":1,"pop_n_total":1,"pop_completude":1.0,"dom_n_validos":1,"dom_n_total":1,"dom_completude":1.0},"geometry":{"type":"Polygon","coordinates":[[[-52.10768508559818,-29.31790782648492],[-52.1076985592411,-29.316042796238023],[-52.105706723686296,-29.31603017425304],[-52.10569323565426,-29.3178952036007],[-52.10768508559818,-29.31790782648492]]]}},{"type":"Feature","properties":{"id_grade":"200ME51902N80826","pop":32,"dom":10,"universo_dom":"domicilios_ocupados_grade_ibge_2022","na_bacia":1,"area_pct_bacia":100.0,"metodo_recorte_bacia":"ponto_representativo_grade_2022; area_pct_geometrica","status_borda_bacia":"total","metodo_area_bacia":"interse??o geom?trica em EPSG:5880","metodo_na_bacia":"ponto_representativo_grade_2022_within_bacia","pop_n_validos":1,"pop_n_total":1,"pop_completude":1.0,"dom_n_validos":1,"dom_n_total":1,"dom_completude":1.0},"geometry":{"type":"Polygon","coordinates":[[[-52.10569323565426,-29.3178952036007],[-52.105706723686296,-29.31603017425304],[-52.10371488813155,-29.31601753877832],[-52.103701386609664,-29.317882568125974],[-52.10569323565426,-29.3178952036007]]]}},{"type":"Feature","properties":{"id_grade":"200ME51902N80828","pop":14,"dom":5,"universo_dom":"domicilios_ocupados_grade_ibge_2022","na_bacia":1,"area_pct_bacia":100.0,"metodo_recorte_bacia":"ponto_representativo_grade_2022; area_pct_geometrica","status_borda_bacia":"total","metodo_area_bacia":"interse??o geom?trica em EPSG:5880","metodo_na_bacia":"ponto_representativo_grade_2022_within_bacia","pop_n_validos":1,"pop_n_total":1,"pop_completude":1.0,"dom_n_validos":1,"dom_n_total":1,"dom_completude":1.0},"geometry":{"type":"Polygon","coordinates":[[[-52.105706723686296,-29.31603017425304],[-52.105720210819015,-29.3141651637913],[-52.10372838965344,-29.314152529215775],[-52.10371488813155,-29.31601753877832],[-52.105706723686296,-29.31603017425304]]]}},{"type":"Feature","properties":{"id_grade":"200ME51904N80828","pop":7,"dom":3,"universo_dom":"domicilios_ocupados_grade_ibge_2022","na_bacia":1,"area_pct_bacia":100.0,"metodo_recorte_bacia":"ponto_representativo_grade_2022; area_pct_geometrica","status_borda_bacia":"total","metodo_area_bacia":"interse??o geom?trica em EPSG:5880","metodo_na_bacia":"ponto_representativo_grade_2022_within_bacia","pop_n_validos":1,"pop_n_total":1,"pop_completude":1.0,"dom_n_validos":1,"dom_n_total":1,"dom_completude":1.0},"geometry":{"type":"Polygon","coordinates":[[[-52.10371488813155,-29.31601753877832],[-52.10372838965344,-29.314152529215775],[-52.10173656848781,-29.314139880251197],[-52.101723053476114,-29.316004889813765],[-52.10371488813155,-29.31601753877832]]]}},{"type":"Feature","properties":{"id_grade":"200ME51902N80830","pop":4,"dom":2,"universo_dom":"domicilios_ocupados_grade_ibge_2022","na_bacia":1,"area_pct_bacia":100.0,"metodo_recorte_bacia":"ponto_representativo_grade_2022; area_pct_geometrica","status_borda_bacia":"total","metodo_area_bacia":"interse??o geom?trica em EPSG:5880","metodo_na_bacia":"ponto_representativo_grade_2022_within_bacia","pop_n_validos":1,"pop_n_total":1,"pop_completude":1.0,"dom_n_validos":1,"dom_n_total":1,"dom_completude":1.0},"geometry":{"type":"Polygon","coordinates":[[[-52.105720210819015,-29.3141651637913],[-52.105733697951734,-29.312300174013725],[-52.10374189117528,-29.31228753943836],[-52.10372838965344,-29.314152529215775],[-52.105720210819015,-29.3141651637913]]]}},{"type":"Feature","properties":{"id_grade":"200ME51904N80830","pop":2,"dom":1,"universo_dom":"domicilios_ocupados_grade_ibge_2022","na_bacia":1,"area_pct_bacia":100.0,"metodo_recorte_bacia":"ponto_representativo_grade_2022; area_pct_geometrica","status_borda_bacia":"total","metodo_area_bacia":"interse??o geom?trica em EPSG:5880","metodo_na_bacia":"ponto_representativo_grade_2022_within_bacia","pop_n_validos":1,"pop_n_total":1,"pop_completude":1.0,"dom_n_validos":1,"dom_n_total":1,"dom_completude":1.0},"geometry":{"type":"Polygon","coordinates":[[[-52.10372838965344,-29.314152529215775],[-52.10374189117528,-29.31228753943836],[-52.10175008439882,-29.312274891373082],[-52.10173656848781,-29.314139880251197],[-52.10372838965344,-29.314152529215775]]]}},{"type":"Feature","properties":{"id_grade":"200ME51906N80830","pop":4,"dom":1,"universo_dom":"domicilios_ocupados_grade_ibge_2022","na_bacia":1,"area_pct_bacia":100.0,"metodo_recorte_bacia":"ponto_representativo_grade_2022; area_pct_geometrica","status_borda_bacia":"total","metodo_area_bacia":"interse??o geom?trica em EPSG:5880","metodo_na_bacia":"ponto_representativo_grade_2022_within_bacia","pop_n_validos":1,"pop_n_total":1,"pop_completude":1.0,"dom_n_validos":1,"dom_n_total":1,"dom_completude":1.0},"geometry":{"type":"Polygon","coordinates":[[[-52.10173656848781,-29.314139880251197],[-52.10175008439882,-29.312274891373082],[-52.09975827762235,-29.31226222981802],[-52.0997447482215,-29.3141272186961],[-52.10173656848781,-29.314139880251197]]]}},{"type":"Feature","properties":{"id_grade":"200ME51910N80806","pop":3,"dom":2,"universo_dom":"domicilios_ocupados_grade_ibge_2022","na_bacia":1,"area_pct_bacia":100.0,"metodo_recorte_bacia":"ponto_representativo_grade_2022; area_pct_geometrica","status_borda_bacia":"total","metodo_area_bacia":"interse??o geom?trica em EPSG:5880","metodo_na_bacia":"ponto_representativo_grade_2022_within_bacia","pop_n_validos":1,"pop_n_total":1,"pop_completude":1.0,"dom_n_validos":1,"dom_n_total":1,"dom_completude":1.0},"geometry":{"type":"Polygon","coordinates":[[[-52.097590387186585,-29.336495979505784],[-52.09760393367458,-29.334630749609335],[-52.09561195692623,-29.33461805837663],[-52.095598396948446,-29.336483289172417],[-52.097590387186585,-29.336495979505784]]]}},{"type":"Feature","properties":{"id_grade":"200ME51912N80806","pop":6,"dom":2,"universo_dom":"domicilios_ocupados_grade_ibge_2022","na_bacia":1,"area_pct_bacia":100.0,"metodo_recorte_bacia":"ponto_representativo_grade_2022; area_pct_geometrica","status_borda_bacia":"total","metodo_area_bacia":"interse??o geom?trica em EPSG:5880","metodo_na_bacia":"ponto_representativo_grade_2022_within_bacia","pop_n_validos":1,"pop_n_total":1,"pop_completude":1.0,"dom_n_validos":1,"dom_n_total":1,"dom_completude":1.0},"geometry":{"type":"Polygon","coordinates":[[[-52.095598396948446,-29.336483289172417],[-52.09561195692623,-29.33461805837663],[-52.09361998107721,-29.334605354553425],[-52.09360640671025,-29.336470584449867],[-52.095598396948446,-29.336483289172417]]]}},{"type":"Feature","properties":{"id_grade":"200ME51910N80808","pop":3,"dom":2,"universo_dom":"domicilios_ocupados_grade_ibge_2022","na_bacia":1,"area_pct_bacia":100.0,"metodo_recorte_bacia":"ponto_representativo_grade_2022; area_pct_geometrica","status_borda_bacia":"total","metodo_area_bacia":"interse??o geom?trica em EPSG:5880","metodo_na_bacia":"ponto_representativo_grade_2022_within_bacia","pop_n_validos":1,"pop_n_total":1,"pop_completude":1.0,"dom_n_validos":1,"dom_n_total":1,"dom_completude":1.0},"geometry":{"type":"Polygon","coordinates":[[[-52.09760393367458,-29.334630749609335],[-52.09761747926319,-29.332765538598615],[-52.09562551690403,-29.332752848265294],[-52.09561195692623,-29.33461805837663],[-52.09760393367458,-29.334630749609335]]]}},{"type":"Feature","properties":{"id_grade":"200ME51912N80808","pop":5,"dom":2,"universo_dom":"domicilios_ocupados_grade_ibge_2022","na_bacia":1,"area_pct_bacia":100.0,"metodo_recorte_bacia":"ponto_representativo_grade_2022; area_pct_geometrica","status_borda_bacia":"total","metodo_area_bacia":"interse??o geom?trica em EPSG:5880","metodo_na_bacia":"ponto_representativo_grade_2022_within_bacia","pop_n_validos":1,"pop_n_total":1,"pop_completude":1.0,"dom_n_validos":1,"dom_n_total":1,"dom_completude":1.0},"geometry":{"type":"Polygon","coordinates":[[[-52.09561195692623,-29.33461805837663],[-52.09562551690403,-29.332752848265294],[-52.09363355544417,-29.33274014444204],[-52.09361998107721,-29.334605354553425],[-52.09561195692623,-29.33461805837663]]]}},{"type":"Feature","properties":{"id_grade":"200ME51914N80808","pop":2,"dom":1,"universo_dom":"domicilios_ocupados_grade_ibge_2022","na_bacia":1,"area_pct_bacia":100.0,"metodo_recorte_bacia":"ponto_representativo_grade_2022; area_pct_geometrica","status_borda_bacia":"total","metodo_area_bacia":"interse??o geom?trica em EPSG:5880","metodo_na_bacia":"ponto_representativo_grade_2022_within_bacia","pop_n_validos":1,"pop_n_total":1,"pop_completude":1.0,"dom_n_validos":1,"dom_n_total":1,"dom_completude":1.0},"geometry":{"type":"Polygon","coordinates":[[[-52.09361998107721,-29.334605354553425],[-52.09363355544417,-29.33274014444204],[-52.09164159398433,-29.332727428028356],[-52.09162800522825,-29.33459263724035],[-52.09361998107721,-29.334605354553425]]]}},{"type":"Feature","properties":{"id_grade":"200ME51916N80808","pop":6,"dom":2,"universo_dom":"domicilios_ocupados_grade_ibge_2022","na_bacia":1,"area_pct_bacia":100.0,"metodo_recorte_bacia":"ponto_representativo_grade_2022; area_pct_geometrica","status_borda_bacia":"total","metodo_area_bacia":"interse??o geom?trica em EPSG:5880","metodo_na_bacia":"ponto_representativo_grade_2022_within_bacia","pop_n_validos":1,"pop_n_total":1,"pop_completude":1.0,"dom_n_validos":1,"dom_n_total":1,"dom_completude":1.0},"geometry":{"type":"Polygon","coordinates":[[[-52.09162800522825,-29.33459263724035],[-52.09164159398433,-29.332727428028356],[-52.08964963162514,-29.332714697225448],[-52.08963602937922,-29.334579906437533],[-52.09162800522825,-29.33459263724035]]]}},{"type":"Feature","properties":{"id_grade":"200ME51918N80808","pop":3,"dom":1,"universo_dom":"domicilios_ocupados_grade_ibge_2022","na_bacia":1,"area_pct_bacia":100.0,"metodo_recorte_bacia":"ponto_representativo_grade_2022; area_pct_geometrica","status_borda_bacia":"total","metodo_area_bacia":"interse??o geom?trica em EPSG:5880","metodo_na_bacia":"ponto_representativo_grade_2022_within_bacia","pop_n_validos":1,"pop_n_total":1,"pop_completude":1.0,"dom_n_validos":1,"dom_n_total":1,"dom_completude":1.0},"geometry":{"type":"Polygon","coordinates":[[[-52.08963602937922,-29.334579906437533],[-52.08964963162514,-29.332714697225448],[-52.08765767106461,-29.33270195383209],[-52.087644053530205,-29.334567163044152],[-52.08963602937922,-29.334579906437533]]]}},{"type":"Feature","properties":{"id_grade":"200ME51910N80810","pop":7,"dom":2,"universo_dom":"domicilios_ocupados_grade_ibge_2022","na_bacia":1,"area_pct_bacia":100.0,"metodo_recorte_bacia":"ponto_representativo_grade_2022; area_pct_geometrica","status_borda_bacia":"total","metodo_area_bacia":"interse??o geom?trica em EPSG:5880","metodo_na_bacia":"ponto_representativo_grade_2022_within_bacia","pop_n_validos":1,"pop_n_total":1,"pop_completude":1.0,"dom_n_validos":1,"dom_n_total":1,"dom_completude":1.0},"geometry":{"type":"Polygon","coordinates":[[[-52.09761747926319,-29.332765538598615],[-52.09763102485187,-29.330900349171742],[-52.09563907688187,-29.330887658838286],[-52.09562551690403,-29.332752848265294],[-52.09761747926319,-29.332765538598615]]]}},{"type":"Feature","properties":{"id_grade":"200ME51910N80812","pop":20,"dom":11,"universo_dom":"domicilios_ocupados_grade_ibge_2022","na_bacia":1,"area_pct_bacia":100.0,"metodo_recorte_bacia":"ponto_representativo_grade_2022; area_pct_geometrica","status_borda_bacia":"total","metodo_area_bacia":"interse??o geom?trica em EPSG:5880","metodo_na_bacia":"ponto_representativo_grade_2022_within_bacia","pop_n_validos":1,"pop_n_total":1,"pop_completude":1.0,"dom_n_validos":1,"dom_n_total":1,"dom_completude":1.0},"geometry":{"type":"Polygon","coordinates":[[[-52.09763102485187,-29.330900349171742],[-52.09764457044054,-29.329035178630562],[-52.095652636859654,-29.329022489196504],[-52.09563907688187,-29.330887658838286],[-52.09763102485187,-29.330900349171742]]]}},{"type":"Feature","properties":{"id_grade":"200ME51912N80812","pop":55,"dom":16,"universo_dom":"domicilios_ocupados_grade_ibge_2022","na_bacia":1,"area_pct_bacia":100.0,"metodo_recorte_bacia":"ponto_representativo_grade_2022; area_pct_geometrica","status_borda_bacia":"total","metodo_area_bacia":"interse??o geom?trica em EPSG:5880","metodo_na_bacia":"ponto_representativo_grade_2022_within_bacia","pop_n_validos":1,"pop_n_total":1,"pop_completude":1.0,"dom_n_validos":1,"dom_n_total":1,"dom_completude":1.0},"geometry":{"type":"Polygon","coordinates":[[[-52.09563907688187,-29.330887658838286],[-52.095652636859654,-29.329022489196504],[-52.09366070327877,-29.329009785373305],[-52.09364712891181,-29.330874955015137],[-52.09563907688187,-29.330887658838286]]]}},{"type":"Feature","properties":{"id_grade":"200ME51914N80812","pop":24,"dom":9,"universo_dom":"domicilios_ocupados_grade_ibge_2022","na_bacia":1,"area_pct_bacia":100.0,"metodo_recorte_bacia":"ponto_representativo_grade_2022; area_pct_geometrica","status_borda_bacia":"total","metodo_area_bacia":"interse??o geom?trica em EPSG:5880","metodo_na_bacia":"ponto_representativo_grade_2022_within_bacia","pop_n_validos":1,"pop_n_total":1,"pop_completude":1.0,"dom_n_validos":1,"dom_n_total":1,"dom_completude":1.0},"geometry":{"type":"Polygon","coordinates":[[[-52.09364712891181,-29.330874955015137],[-52.09366070327877,-29.329009785373305],[-52.09166876969795,-29.328997068959488],[-52.091655181841126,-29.33086223860144],[-52.09364712891181,-29.330874955015137]]]}},{"type":"Feature","properties":{"id_grade":"200ME51910N80814","pop":153,"dom":73,"universo_dom":"domicilios_ocupados_grade_ibge_2022","na_bacia":1,"area_pct_bacia":100.0,"metodo_recorte_bacia":"ponto_representativo_grade_2022; area_pct_geometrica","status_borda_bacia":"total","metodo_area_bacia":"interse??o geom?trica em EPSG:5880","metodo_na_bacia":"ponto_representativo_grade_2022_within_bacia","pop_n_validos":1,"pop_n_total":1,"pop_completude":1.0,"dom_n_validos":1,"dom_n_total":1,"dom_completude":1.0},"geometry":{"type":"Polygon","coordinates":[[[-52.09764457044054,-29.329035178630562],[-52.09765811602921,-29.32717002877377],[-52.09566619593812,-29.327157339339706],[-52.095652636859654,-29.329022489196504],[-52.09764457044054,-29.329035178630562]]]}},{"type":"Feature","properties":{"id_grade":"200ME51912N80814","pop":136,"dom":58,"universo_dom":"domicilios_ocupados_grade_ibge_2022","na_bacia":1,"area_pct_bacia":100.0,"metodo_recorte_bacia":"ponto_representativo_grade_2022; area_pct_geometrica","status_borda_bacia":"total","metodo_area_bacia":"interse??o geom?trica em EPSG:5880","metodo_na_bacia":"ponto_representativo_grade_2022_within_bacia","pop_n_validos":1,"pop_n_total":1,"pop_completude":1.0,"dom_n_validos":1,"dom_n_total":1,"dom_completude":1.0},"geometry":{"type":"Polygon","coordinates":[[[-52.095652636859654,-29.329022489196504],[-52.09566619593812,-29.327157339339706],[-52.09367427674641,-29.32714463641585],[-52.09366070327877,-29.329009785373305],[-52.095652636859654,-29.329022489196504]]]}},{"type":"Feature","properties":{"id_grade":"200ME51914N80814","pop":25,"dom":12,"universo_dom":"domicilios_ocupados_grade_ibge_2022","na_bacia":1,"area_pct_bacia":100.0,"metodo_recorte_bacia":"ponto_representativo_grade_2022; area_pct_geometrica","status_borda_bacia":"total","metodo_area_bacia":"interse??o geom?trica em EPSG:5880","metodo_na_bacia":"ponto_representativo_grade_2022_within_bacia","pop_n_validos":1,"pop_n_total":1,"pop_completude":1.0,"dom_n_validos":1,"dom_n_total":1,"dom_completude":1.0},"geometry":{"type":"Polygon","coordinates":[[[-52.09366070327877,-29.329009785373305],[-52.09367427674641,-29.32714463641585],[-52.09168235755471,-29.327131920002056],[-52.09166876969795,-29.328997068959488],[-52.09366070327877,-29.329009785373305]]]}},{"type":"Feature","properties":{"id_grade":"200ME51910N80816","pop":101,"dom":43,"universo_dom":"domicilios_ocupados_grade_ibge_2022","na_bacia":1,"area_pct_bacia":100.0,"metodo_recorte_bacia":"ponto_representativo_grade_2022; area_pct_geometrica","status_borda_bacia":"total","metodo_area_bacia":"interse??o geom?trica em EPSG:5880","metodo_na_bacia":"ponto_representativo_grade_2022_within_bacia","pop_n_validos":1,"pop_n_total":1,"pop_completude":1.0,"dom_n_validos":1,"dom_n_total":1,"dom_completude":1.0},"geometry":{"type":"Polygon","coordinates":[[[-52.09765811602921,-29.32717002877377],[-52.0976716607185,-29.325304899601427],[-52.095679755915974,-29.325292210167316],[-52.09566619593812,-29.327157339339706],[-52.09765811602921,-29.32717002877377]]]}},{"type":"Feature","properties":{"id_grade":"200ME51912N80816","pop":75,"dom":32,"universo_dom":"domicilios_ocupados_grade_ibge_2022","na_bacia":1,"area_pct_bacia":100.0,"metodo_recorte_bacia":"ponto_representativo_grade_2022; area_pct_geometrica","status_borda_bacia":"total","metodo_area_bacia":"interse??o geom?trica em EPSG:5880","metodo_na_bacia":"ponto_representativo_grade_2022_within_bacia","pop_n_validos":1,"pop_n_total":1,"pop_completude":1.0,"dom_n_validos":1,"dom_n_total":1,"dom_completude":1.0},"geometry":{"type":"Polygon","coordinates":[[[-52.09566619593812,-29.327157339339706],[-52.095679755915974,-29.325292210167316],[-52.09368785021405,-29.325279507243458],[-52.09367427674641,-29.32714463641585],[-52.09566619593812,-29.327157339339706]]]}},{"type":"Feature","properties":{"id_grade":"200ME51914N80816","pop":18,"dom":8,"universo_dom":"domicilios_ocupados_grade_ibge_2022","na_bacia":1,"area_pct_bacia":100.0,"metodo_recorte_bacia":"ponto_representativo_grade_2022; area_pct_geometrica","status_borda_bacia":"total","metodo_area_bacia":"interse??o geom?trica em EPSG:5880","metodo_na_bacia":"ponto_representativo_grade_2022_within_bacia","pop_n_validos":1,"pop_n_total":1,"pop_completude":1.0,"dom_n_validos":1,"dom_n_total":1,"dom_completude":1.0},"geometry":{"type":"Polygon","coordinates":[[[-52.09367427674641,-29.32714463641585],[-52.09368785021405,-29.325279507243458],[-52.09169594541152,-29.325266790829716],[-52.09168235755471,-29.327131920002056],[-52.09367427674641,-29.32714463641585]]]}},{"type":"Feature","properties":{"id_grade":"200ME51910N80818","pop":45,"dom":17,"universo_dom":"domicilios_ocupados_grade_ibge_2022","na_bacia":1,"area_pct_bacia":100.0,"metodo_recorte_bacia":"ponto_representativo_grade_2022; area_pct_geometrica","status_borda_bacia":"total","metodo_area_bacia":"interse??o geom?trica em EPSG:5880","metodo_na_bacia":"ponto_representativo_grade_2022_within_bacia","pop_n_validos":1,"pop_n_total":1,"pop_completude":1.0,"dom_n_validos":1,"dom_n_total":1,"dom_completude":1.0},"geometry":{"type":"Polygon","coordinates":[[[-52.0976716607185,-29.325304899601427],[-52.097685206307176,-29.323439790214064],[-52.095693314994435,-29.32342710077998],[-52.095679755915974,-29.325292210167316],[-52.0976716607185,-29.325304899601427]]]}},{"type":"Feature","properties":{"id_grade":"200ME51912N80818","pop":72,"dom":28,"universo_dom":"domicilios_ocupados_grade_ibge_2022","na_bacia":1,"area_pct_bacia":100.0,"metodo_recorte_bacia":"ponto_representativo_grade_2022; area_pct_geometrica","status_borda_bacia":"total","metodo_area_bacia":"interse??o geom?trica em EPSG:5880","metodo_na_bacia":"ponto_representativo_grade_2022_within_bacia","pop_n_validos":1,"pop_n_total":1,"pop_completude":1.0,"dom_n_validos":1,"dom_n_total":1,"dom_completude":1.0},"geometry":{"type":"Polygon","coordinates":[[[-52.095679755915974,-29.325292210167316],[-52.095693314994435,-29.32342710077998],[-52.09370142368169,-29.323414397856205],[-52.09368785021405,-29.325279507243458],[-52.095679755915974,-29.325292210167316]]]}},{"type":"Feature","properties":{"id_grade":"200ME51914N80818","pop":29,"dom":11,"universo_dom":"domicilios_ocupados_grade_ibge_2022","na_bacia":1,"area_pct_bacia":100.0,"metodo_recorte_bacia":"ponto_representativo_grade_2022; area_pct_geometrica","status_borda_bacia":"total","metodo_area_bacia":"interse??o geom?trica em EPSG:5880","metodo_na_bacia":"ponto_representativo_grade_2022_within_bacia","pop_n_validos":1,"pop_n_total":1,"pop_completude":1.0,"dom_n_validos":1,"dom_n_total":1,"dom_completude":1.0},"geometry":{"type":"Polygon","coordinates":[[[-52.09368785021405,-29.325279507243458],[-52.09370142368169,-29.323414397856205],[-52.09170953326833,-29.323401682341693],[-52.09169594541152,-29.325266790829716],[-52.09368785021405,-29.325279507243458]]]}},{"type":"Feature","properties":{"id_grade":"200ME51952N80762","pop":5,"dom":2,"universo_dom":"domicilios_ocupados_grade_ibge_2022","na_bacia":1,"area_pct_bacia":100.0,"metodo_recorte_bacia":"ponto_representativo_grade_2022; area_pct_geometrica","status_borda_bacia":"total","metodo_area_bacia":"interse??o geom?trica em EPSG:5880","metodo_na_bacia":"ponto_representativo_grade_2022_within_bacia","pop_n_validos":1,"pop_n_total":1,"pop_completude":1.0,"dom_n_validos":1,"dom_n_total":1,"dom_completude":1.0},"geometry":{"type":"Polygon","coordinates":[[[-52.05545401159333,-29.377266747162643],[-52.055467860253486,-29.37540107749758],[-52.053475575937064,-29.3753881029786],[-52.05346171378705,-29.377253771744087],[-52.05545401159333,-29.377266747162643]]]}},{"type":"Feature","properties":{"id_grade":"200ME51958N80762","pop":2,"dom":1,"universo_dom":"domicilios_ocupados_grade_ibge_2022","na_bacia":1,"area_pct_bacia":100.0,"metodo_recorte_bacia":"ponto_representativo_grade_2022; area_pct_geometrica","status_borda_bacia":"total","metodo_area_bacia":"interse??o geom?trica em EPSG:5880","metodo_na_bacia":"ponto_representativo_grade_2022_within_bacia","pop_n_validos":1,"pop_n_total":1,"pop_completude":1.0,"dom_n_validos":1,"dom_n_total":1,"dom_completude":1.0},"geometry":{"type":"Polygon","coordinates":[[[-52.049477117275096,-29.377227782236293],[-52.0494910082034,-29.375362113470707],[-52.0474987247863,-29.37534909848207],[-52.04748481946882,-29.377214767247647],[-52.049477117275096,-29.377227782236293]]]}},{"type":"Feature","properties":{"id_grade":"200ME51952N80764","pop":2,"dom":1,"universo_dom":"domicilios_ocupados_grade_ibge_2022","na_bacia":1,"area_pct_bacia":100.0,"metodo_recorte_bacia":"ponto_representativo_grade_2022; area_pct_geometrica","status_borda_bacia":"total","metodo_area_bacia":"interse??o geom?trica em EPSG:5880","metodo_na_bacia":"ponto_representativo_grade_2022_within_bacia","pop_n_validos":1,"pop_n_total":1,"pop_completude":1.0,"dom_n_validos":1,"dom_n_total":1,"dom_completude":1.0},"geometry":{"type":"Polygon","coordinates":[[[-52.055467860253486,-29.37540107749758],[-52.05548170801439,-29.37353542761781],[-52.05348943808707,-29.373522453998035],[-52.053475575937064,-29.3753881029786],[-52.055467860253486,-29.37540107749758]]]}},{"type":"Feature","properties":{"id_grade":"200ME51950N80766","pop":15,"dom":6,"universo_dom":"domicilios_ocupados_grade_ibge_2022","na_bacia":1,"area_pct_bacia":100.0,"metodo_recorte_bacia":"ponto_representativo_grade_2022; area_pct_geometrica","status_borda_bacia":"total","metodo_area_bacia":"interse??o geom?trica em EPSG:5880","metodo_na_bacia":"ponto_representativo_grade_2022_within_bacia","pop_n_validos":1,"pop_n_total":1,"pop_completude":1.0,"dom_n_validos":1,"dom_n_total":1,"dom_completude":1.0},"geometry":{"type":"Polygon","coordinates":[[[-52.05747397884101,-29.373548389546514],[-52.05748781221274,-29.371682759451765],[-52.055495555775224,-29.37166979932172],[-52.05548170801439,-29.37353542761781],[-52.05747397884101,-29.373548389546514]]]}},{"type":"Feature","properties":{"id_grade":"200ME51952N80766","pop":5,"dom":2,"universo_dom":"domicilios_ocupados_grade_ibge_2022","na_bacia":1,"area_pct_bacia":100.0,"metodo_recorte_bacia":"ponto_representativo_grade_2022; area_pct_geometrica","status_borda_bacia":"total","metodo_area_bacia":"interse??o geom?trica em EPSG:5880","metodo_na_bacia":"ponto_representativo_grade_2022_within_bacia","pop_n_validos":1,"pop_n_total":1,"pop_completude":1.0,"dom_n_validos":1,"dom_n_total":1,"dom_completude":1.0},"geometry":{"type":"Polygon","coordinates":[[[-52.05548170801439,-29.37353542761781],[-52.055495555775224,-29.37166979932172],[-52.05350330023708,-29.3716568248026],[-52.05348943808707,-29.373522453998035],[-52.05548170801439,-29.37353542761781]]]}},{"type":"Feature","properties":{"id_grade":"200ME51950N80768","pop":3,"dom":1,"universo_dom":"domicilios_ocupados_grade_ibge_2022","na_bacia":1,"area_pct_bacia":100.0,"metodo_recorte_bacia":"ponto_representativo_grade_2022; area_pct_geometrica","status_borda_bacia":"total","metodo_area_bacia":"interse??o geom?trica em EPSG:5880","metodo_na_bacia":"ponto_representativo_grade_2022_within_bacia","pop_n_validos":1,"pop_n_total":1,"pop_completude":1.0,"dom_n_validos":1,"dom_n_total":1,"dom_completude":1.0},"geometry":{"type":"Polygon","coordinates":[[[-52.05748781221274,-29.371682759451765],[-52.057501645584416,-29.36981715094076],[-52.05550940353612,-29.369804189911452],[-52.055495555775224,-29.37166979932172],[-52.05748781221274,-29.371682759451765]]]}},{"type":"Feature","properties":{"id_grade":"200ME51966N80736","pop":7,"dom":2,"universo_dom":"domicilios_ocupados_grade_ibge_2022","na_bacia":1,"area_pct_bacia":100.0,"metodo_recorte_bacia":"ponto_representativo_grade_2022; area_pct_geometrica","status_borda_bacia":"total","metodo_area_bacia":"interse??o geom?trica em EPSG:5880","metodo_na_bacia":"ponto_representativo_grade_2022_within_bacia","pop_n_validos":1,"pop_n_total":1,"pop_completude":1.0,"dom_n_validos":1,"dom_n_total":1,"dom_completude":1.0},"geometry":{"type":"Polygon","coordinates":[[[-52.0413265903498,-29.401431166315206],[-52.041340540633435,-29.39956523584692],[-52.039348072855255,-29.399552165100317],[-52.039334109081835,-29.401418095568644],[-52.0413265903498,-29.401431166315206]]]}},{"type":"Feature","properties":{"id_grade":"200ME51968N80736","pop":1,"dom":1,"universo_dom":"domicilios_ocupados_grade_ibge_2022","na_bacia":1,"area_pct_bacia":100.0,"metodo_recorte_bacia":"ponto_representativo_grade_2022; area_pct_geometrica","status_borda_bacia":"total","metodo_area_bacia":"interse??o geom?trica em EPSG:5880","metodo_na_bacia":"ponto_representativo_grade_2022_within_bacia","pop_n_validos":1,"pop_n_total":1,"pop_completude":1.0,"dom_n_validos":1,"dom_n_total":1,"dom_completude":1.0},"geometry":{"type":"Polygon","coordinates":[[[-52.039334109081835,-29.401418095568644],[-52.039348072855255,-29.399552165100317],[-52.037355605976416,-29.39953908086382],[-52.03734162781382,-29.4014050113321],[-52.039334109081835,-29.401418095568644]]]}},{"type":"Feature","properties":{"id_grade":"200ME51966N80738","pop":5,"dom":3,"universo_dom":"domicilios_ocupados_grade_ibge_2022","na_bacia":1,"area_pct_bacia":100.0,"metodo_recorte_bacia":"ponto_representativo_grade_2022; area_pct_geometrica","status_borda_bacia":"total","metodo_area_bacia":"interse??o geom?trica em EPSG:5880","metodo_na_bacia":"ponto_representativo_grade_2022_within_bacia","pop_n_validos":1,"pop_n_total":1,"pop_completude":1.0,"dom_n_validos":1,"dom_n_total":1,"dom_completude":1.0},"geometry":{"type":"Polygon","coordinates":[[[-52.041340540633435,-29.39956523584692],[-52.04135449001768,-29.39769932516368],[-52.03936203752795,-29.397686254417035],[-52.039348072855255,-29.399552165100317],[-52.041340540633435,-29.39956523584692]]]}},{"type":"Feature","properties":{"id_grade":"200ME51964N80740","pop":7,"dom":3,"universo_dom":"domicilios_ocupados_grade_ibge_2022","na_bacia":1,"area_pct_bacia":100.0,"metodo_recorte_bacia":"ponto_representativo_grade_2022; area_pct_geometrica","status_borda_bacia":"total","metodo_area_bacia":"interse??o geom?trica em EPSG:5880","metodo_na_bacia":"ponto_representativo_grade_2022_within_bacia","pop_n_validos":1,"pop_n_total":1,"pop_completude":1.0,"dom_n_validos":1,"dom_n_total":1,"dom_completude":1.0},"geometry":{"type":"Polygon","coordinates":[[[-52.043346943406675,-29.39771238242047],[-52.04336087930108,-29.395846491522363],[-52.04136844030125,-29.395833434265565],[-52.04135449001768,-29.39769932516368],[-52.043346943406675,-29.39771238242047]]]}},{"type":"Feature","properties":{"id_grade":"200ME51964N80752","pop":3,"dom":1,"universo_dom":"domicilios_ocupados_grade_ibge_2022","na_bacia":1,"area_pct_bacia":100.0,"metodo_recorte_bacia":"ponto_representativo_grade_2022; area_pct_geometrica","status_borda_bacia":"total","metodo_area_bacia":"interse??o geom?trica em EPSG:5880","metodo_na_bacia":"ponto_representativo_grade_2022_within_bacia","pop_n_validos":1,"pop_n_total":1,"pop_completude":1.0,"dom_n_validos":1,"dom_n_total":1,"dom_completude":1.0},"geometry":{"type":"Polygon","coordinates":[[[-52.0434305542766,-29.386517341901808],[-52.043444488372415,-29.38465157241205],[-52.04145213480814,-29.384638516953952],[-52.041438186323205,-29.386504286443518],[-52.0434305542766,-29.386517341901808]]]}},{"type":"Feature","properties":{"id_grade":"200ME51970N80738","pop":3,"dom":1,"universo_dom":"domicilios_ocupados_grade_ibge_2022","na_bacia":1,"area_pct_bacia":100.0,"metodo_recorte_bacia":"ponto_representativo_grade_2022; area_pct_geometrica","status_borda_bacia":"total","metodo_area_bacia":"interse??o geom?trica em EPSG:5880","metodo_na_bacia":"ponto_representativo_grade_2022_within_bacia","pop_n_validos":1,"pop_n_total":1,"pop_completude":1.0,"dom_n_validos":1,"dom_n_total":1,"dom_completude":1.0},"geometry":{"type":"Polygon","coordinates":[[[-52.037355605976416,-29.39953908086382],[-52.03736958413895,-29.39767317107997],[-52.035377131649284,-29.397660073353627],[-52.03536313909757,-29.399525984036863],[-52.037355605976416,-29.39953908086382]]]}},{"type":"Feature","properties":{"id_grade":"200ME51970N80740","pop":1,"dom":1,"universo_dom":"domicilios_ocupados_grade_ibge_2022","na_bacia":1,"area_pct_bacia":100.0,"metodo_recorte_bacia":"ponto_representativo_grade_2022; area_pct_geometrica","status_borda_bacia":"total","metodo_area_bacia":"interse??o geom?trica em EPSG:5880","metodo_na_bacia":"ponto_representativo_grade_2022_within_bacia","pop_n_validos":1,"pop_n_total":1,"pop_completude":1.0,"dom_n_validos":1,"dom_n_total":1,"dom_completude":1.0},"geometry":{"type":"Polygon","coordinates":[[[-52.03736958413895,-29.39767317107997],[-52.0373835623015,-29.39580728108114],[-52.035391124201,-29.395794184254175],[-52.035377131649284,-29.397660073353627],[-52.03736958413895,-29.39767317107997]]]}},{"type":"Feature","properties":{"id_grade":"200ME51970N80744","pop":1,"dom":1,"universo_dom":"domicilios_ocupados_grade_ibge_2022","na_bacia":1,"area_pct_bacia":100.0,"metodo_recorte_bacia":"ponto_representativo_grade_2022; area_pct_geometrica","status_borda_bacia":"total","metodo_area_bacia":"interse??o geom?trica em EPSG:5880","metodo_na_bacia":"ponto_representativo_grade_2022_within_bacia","pop_n_validos":1,"pop_n_total":1,"pop_completude":1.0,"dom_n_validos":1,"dom_n_total":1,"dom_completude":1.0},"geometry":{"type":"Polygon","coordinates":[[[-52.0373975404641,-29.393941410867395],[-52.03741151862664,-29.392075561338043],[-52.035419108405115,-29.39206246541039],[-52.03540511585339,-29.39392831493964],[-52.0373975404641,-29.393941410867395]]]}},{"type":"Feature","properties":{"id_grade":"200ME51974N80750","pop":2,"dom":1,"universo_dom":"domicilios_ocupados_grade_ibge_2022","na_bacia":1,"area_pct_bacia":100.0,"metodo_recorte_bacia":"ponto_representativo_grade_2022; area_pct_geometrica","status_borda_bacia":"total","metodo_area_bacia":"interse??o geom?trica em EPSG:5880","metodo_na_bacia":"ponto_representativo_grade_2022_within_bacia","pop_n_validos":1,"pop_n_total":1,"pop_completude":1.0,"dom_n_validos":1,"dom_n_total":1,"dom_completude":1.0},"geometry":{"type":"Polygon","coordinates":[[[-52.0334547102666,-29.38831771808817],[-52.03346871540885,-29.386451929712756],[-52.03147634835477,-29.386438807704803],[-52.03146232882335,-29.388304596080197],[-52.0334547102666,-29.38831771808817]]]}}]}
