{"type":"FeatureCollection","name":"4313300","crs":{"type":"name","properties":{"name":"urn:ogc:def:crs:OGC:1.3:CRS84"}},"features":[{"type":"Feature","properties":{"id_grade":"200ME52436N81344","pop":8,"dom":3,"universo_dom":"domicilios_ocupados_grade_ibge_2022","na_bacia":1,"area_pct_bacia":100.0,"metodo_recorte_bacia":"ponto_representativo_grade_2022; area_pct_geometrica"},"geometry":{"type":"Polygon","coordinates":[[[-51.57834258085925,-28.8316882501523],[-51.57835979097548,-28.829828395992347],[-51.57637168006245,-28.82981228972414],[-51.576354455818525,-28.831672143602255],[-51.57834258085925,-28.8316882501523]]]}},{"type":"Feature","properties":{"id_grade":"200ME52432N81346","pop":4,"dom":1,"universo_dom":"domicilios_ocupados_grade_ibge_2022","na_bacia":1,"area_pct_bacia":100.0,"metodo_recorte_bacia":"ponto_representativo_grade_2022; area_pct_geometrica"},"geometry":{"type":"Polygon","coordinates":[[[-51.58233601353516,-28.82986056888181],[-51.58235319515178,-28.82800073348707],[-51.58036509787724,-28.827984653931654],[-51.58034790213311,-28.829844489044937],[-51.58233601353516,-28.82986056888181]]]}},{"type":"Feature","properties":{"id_grade":"200ME52434N81346","pop":5,"dom":2,"universo_dom":"domicilios_ocupados_grade_ibge_2022","na_bacia":1,"area_pct_bacia":100.0,"metodo_recorte_bacia":"ponto_representativo_grade_2022; area_pct_geometrica"},"geometry":{"type":"Polygon","coordinates":[[[-51.58034790213311,-28.829844489044937],[-51.58036509787724,-28.827984653931654],[-51.578377000847105,-28.82796856116065],[-51.57835979097548,-28.829828395992347],[-51.58034790213311,-28.829844489044937]]]}},{"type":"Feature","properties":{"id_grade":"200ME52436N81346","pop":34,"dom":13,"universo_dom":"domicilios_ocupados_grade_ibge_2022","na_bacia":1,"area_pct_bacia":100.0,"metodo_recorte_bacia":"ponto_representativo_grade_2022; area_pct_geometrica"},"geometry":{"type":"Polygon","coordinates":[[[-51.57835979097548,-28.829828395992347],[-51.578377000847105,-28.82796856116065],[-51.576388904061574,-28.827952455174223],[-51.57637168006245,-28.82981228972414],[-51.57835979097548,-28.829828395992347]]]}},{"type":"Feature","properties":{"id_grade":"200ME52438N81346","pop":35,"dom":9,"universo_dom":"domicilios_ocupados_grade_ibge_2022","na_bacia":1,"area_pct_bacia":100.0,"metodo_recorte_bacia":"ponto_representativo_grade_2022; area_pct_geometrica"},"geometry":{"type":"Polygon","coordinates":[[[-51.57637168006245,-28.82981228972414],[-51.576388904061574,-28.827952455174223],[-51.574400807520846,-28.82793633597249],[-51.574383569394236,-28.82979617024023],[-51.57637168006245,-28.82981228972414]]]}},{"type":"Feature","properties":{"id_grade":"200ME52430N81350","pop":12,"dom":7,"universo_dom":"domicilios_ocupados_grade_ibge_2022","na_bacia":1,"area_pct_bacia":100.0,"metodo_recorte_bacia":"ponto_representativo_grade_2022; area_pct_geometrica"},"geometry":{"type":"Polygon","coordinates":[[[-51.58435845991563,-28.826156983476665],[-51.58437562691673,-28.82429718644856],[-51.58238755765242,-28.824281120670786],[-51.582370376524196,-28.8261409174177],[-51.58435845991563,-28.826156983476665]]]}},{"type":"Feature","properties":{"id_grade":"200ME52432N81350","pop":2,"dom":1,"universo_dom":"domicilios_ocupados_grade_ibge_2022","na_bacia":1,"area_pct_bacia":100.0,"metodo_recorte_bacia":"ponto_representativo_grade_2022; area_pct_geometrica"},"geometry":{"type":"Polygon","coordinates":[[[-51.582370376524196,-28.8261409174177],[-51.58238755765242,-28.824281120670786],[-51.58039948863229,-28.82426504167797],[-51.580382293376964,-28.826124838143635],[-51.582370376524196,-28.8261409174177]]]}},{"type":"Feature","properties":{"id_grade":"200ME52400N81352","pop":11,"dom":3,"universo_dom":"domicilios_ocupados_grade_ibge_2022","na_bacia":1,"area_pct_bacia":100.0,"metodo_recorte_bacia":"ponto_representativo_grade_2022; area_pct_geometrica"},"geometry":{"type":"Polygon","coordinates":[[[-51.61419669504793,-28.82453658731303],[-51.6142136499008,-28.82267680541636],[-51.61222559112469,-28.8226609381417],[-51.61220862214484,-28.824520719760876],[-51.61419669504793,-28.82453658731303]]]}},{"type":"Feature","properties":{"id_grade":"200ME52404N81352","pop":8,"dom":2,"universo_dom":"domicilios_ocupados_grade_ibge_2022","na_bacia":1,"area_pct_bacia":100.0,"metodo_recorte_bacia":"ponto_representativo_grade_2022; area_pct_geometrica"},"geometry":{"type":"Polygon","coordinates":[[[-51.61022054948292,-28.824504838993576],[-51.61023753258976,-28.822645057652174],[-51.608249474296194,-28.822629163947862],[-51.60823247706239,-28.82448894501112],[-51.61022054948292,-28.824504838993576]]]}},{"type":"Feature","properties":{"id_grade":"200ME52414N81352","pop":32,"dom":10,"universo_dom":"domicilios_ocupados_grade_ibge_2022","na_bacia":1,"area_pct_bacia":100.0,"metodo_recorte_bacia":"ponto_representativo_grade_2022; area_pct_geometrica"},"geometry":{"type":"Polygon","coordinates":[[[-51.60028018979807,-28.824425236930857],[-51.600297243539735,-28.822565456982133],[-51.59830918645606,-28.822549497203642],[-51.59829211858746,-28.824409276873187],[-51.60028018979807,-28.824425236930857]]]}},{"type":"Feature","properties":{"id_grade":"200ME52418N81352","pop":5,"dom":3,"universo_dom":"domicilios_ocupados_grade_ibge_2022","na_bacia":1,"area_pct_bacia":100.0,"metodo_recorte_bacia":"ponto_representativo_grade_2022; area_pct_geometrica"},"geometry":{"type":"Polygon","coordinates":[[[-51.59630404761942,-28.82439330360048],[-51.59632112961498,-28.822533524210336],[-51.594333073016664,-28.822517538002337],[-51.594315976894165,-28.824377317112724],[-51.59630404761942,-28.82439330360048]]]}},{"type":"Feature","properties":{"id_grade":"200ME52404N81354","pop":21,"dom":7,"universo_dom":"domicilios_ocupados_grade_ibge_2022","na_bacia":1,"area_pct_bacia":100.0,"metodo_recorte_bacia":"ponto_representativo_grade_2022; area_pct_geometrica"},"geometry":{"type":"Polygon","coordinates":[[[-51.61023753258976,-28.822645057652174],[-51.61025451545522,-28.82078529562775],[-51.60826647128843,-28.820769402201368],[-51.608249474296194,-28.822629163947862],[-51.61023753258976,-28.822645057652174]]]}},{"type":"Feature","properties":{"id_grade":"200ME52418N81354","pop":4,"dom":2,"universo_dom":"domicilios_ocupados_grade_ibge_2022","na_bacia":1,"area_pct_bacia":100.0,"metodo_recorte_bacia":"ponto_representativo_grade_2022; area_pct_geometrica"},"geometry":{"type":"Polygon","coordinates":[[[-51.59632112961498,-28.822533524210336],[-51.59633821136776,-28.82067376413694],[-51.594350168896185,-28.820657778208506],[-51.594333073016664,-28.822517538002337],[-51.59632112961498,-28.822533524210336]]]}},{"type":"Feature","properties":{"id_grade":"200ME52418N81356","pop":3,"dom":1,"universo_dom":"domicilios_ocupados_grade_ibge_2022","na_bacia":1,"area_pct_bacia":100.0,"metodo_recorte_bacia":"ponto_representativo_grade_2022; area_pct_geometrica"},"geometry":{"type":"Polygon","coordinates":[[[-51.59633821136776,-28.82067376413694],[-51.59635529287775,-28.818814023377165],[-51.59436726453272,-28.81879803772831],[-51.594350168896185,-28.820657778208506],[-51.59633821136776,-28.82067376413694]]]}},{"type":"Feature","properties":{"id_grade":"200ME52402N81358","pop":5,"dom":2,"universo_dom":"domicilios_ocupados_grade_ibge_2022","na_bacia":1,"area_pct_bacia":100.0,"metodo_recorte_bacia":"ponto_representativo_grade_2022; area_pct_geometrica"},"geometry":{"type":"Polygon","coordinates":[[[-51.61225952836088,-28.818941432851094],[-51.61227649661722,-28.817081709173657],[-51.610288480462025,-28.817065829517514],[-51.6102714980793,-28.818925552917168],[-51.61225952836088,-28.818941432851094]]]}},{"type":"Feature","properties":{"id_grade":"200ME52404N81358","pop":1,"dom":1,"universo_dom":"domicilios_ocupados_grade_ibge_2022","na_bacia":1,"area_pct_bacia":100.0,"metodo_recorte_bacia":"ponto_representativo_grade_2022; area_pct_geometrica"},"geometry":{"type":"Polygon","coordinates":[[[-51.6102714980793,-28.818925552917168],[-51.610288480462025,-28.817065829517514],[-51.60830046454819,-28.817049936647113],[-51.6082834680391,-28.81890965976884],[-51.6102714980793,-28.818925552917168]]]}},{"type":"Feature","properties":{"id_grade":"200ME52418N81358","pop":18,"dom":4,"universo_dom":"domicilios_ocupados_grade_ibge_2022","na_bacia":1,"area_pct_bacia":100.0,"metodo_recorte_bacia":"ponto_representativo_grade_2022; area_pct_geometrica"},"geometry":{"type":"Polygon","coordinates":[[[-51.59635529287775,-28.818814023377165],[-51.59637237414499,-28.81695430192808],[-51.594384359926295,-28.81693831655882],[-51.59436726453272,-28.81879803772831],[-51.59635529287775,-28.818814023377165]]]}},{"type":"Feature","properties":{"id_grade":"200ME52402N81360","pop":4,"dom":2,"universo_dom":"domicilios_ocupados_grade_ibge_2022","na_bacia":1,"area_pct_bacia":100.0,"metodo_recorte_bacia":"ponto_representativo_grade_2022; area_pct_geometrica"},"geometry":{"type":"Polygon","coordinates":[[[-51.61227649661722,-28.817081709173657],[-51.6122934646324,-28.815222004804305],[-51.610305462603385,-28.815206125425835],[-51.610288480462025,-28.817065829517514],[-51.61227649661722,-28.817081709173657]]]}},{"type":"Feature","properties":{"id_grade":"200ME52404N81360","pop":18,"dom":6,"universo_dom":"domicilios_ocupados_grade_ibge_2022","na_bacia":1,"area_pct_bacia":100.0,"metodo_recorte_bacia":"ponto_representativo_grade_2022; area_pct_geometrica"},"geometry":{"type":"Polygon","coordinates":[[[-51.610288480462025,-28.817065829517514],[-51.610305462603385,-28.815206125425835],[-51.60831746081573,-28.81519023283336],[-51.60830046454819,-28.817049936647113],[-51.610288480462025,-28.817065829517514]]]}},{"type":"Feature","properties":{"id_grade":"200ME52416N81360","pop":6,"dom":2,"universo_dom":"domicilios_ocupados_grade_ibge_2022","na_bacia":1,"area_pct_bacia":100.0,"metodo_recorte_bacia":"ponto_representativo_grade_2022; area_pct_geometrica"},"geometry":{"type":"Polygon","coordinates":[[[-51.59836038860645,-28.816970274083268],[-51.59837745550477,-28.81511057166261],[-51.59638945516945,-28.815094599786754],[-51.59637237414499,-28.81695430192808],[-51.59836038860645,-28.816970274083268]]]}},{"type":"Feature","properties":{"id_grade":"200ME52418N81360","pop":15,"dom":5,"universo_dom":"domicilios_ocupados_grade_ibge_2022","na_bacia":1,"area_pct_bacia":100.0,"metodo_recorte_bacia":"ponto_representativo_grade_2022; area_pct_geometrica"},"geometry":{"type":"Polygon","coordinates":[[[-51.59637237414499,-28.81695430192808],[-51.59638945516945,-28.815094599786754],[-51.5944014550769,-28.815078614697054],[-51.594384359926295,-28.81693831655882],[-51.59637237414499,-28.81695430192808]]]}},{"type":"Feature","properties":{"id_grade":"200ME52424N81362","pop":5,"dom":2,"universo_dom":"domicilios_ocupados_grade_ibge_2022","na_bacia":1,"area_pct_bacia":100.0,"metodo_recorte_bacia":"ponto_representativo_grade_2022; area_pct_geometrica"},"geometry":{"type":"Polygon","coordinates":[[[-51.59042545562087,-28.815046604876],[-51.59044257878036,-28.8131869228787],[-51.58845459354322,-28.813170898427714],[-51.58843745625779,-28.815030580144725],[-51.59042545562087,-28.815046604876]]]}},{"type":"Feature","properties":{"id_grade":"200ME52426N81362","pop":3,"dom":1,"universo_dom":"domicilios_ocupados_grade_ibge_2022","na_bacia":1,"area_pct_bacia":100.0,"metodo_recorte_bacia":"ponto_representativo_grade_2022; area_pct_geometrica"},"geometry":{"type":"Polygon","coordinates":[[[-51.58843745625779,-28.815030580144725],[-51.58845459354322,-28.813170898427714],[-51.586466608549614,-28.81315486076289],[-51.58644945713828,-28.81501454219958],[-51.58843745625779,-28.815030580144725]]]}},{"type":"Feature","properties":{"id_grade":"200ME52420N81370","pop":4,"dom":2,"universo_dom":"domicilios_ocupados_grade_ibge_2022","na_bacia":1,"area_pct_bacia":100.0,"metodo_recorte_bacia":"ponto_representativo_grade_2022; area_pct_geometrica"},"geometry":{"type":"Polygon","coordinates":[[[-51.59446983324976,-28.807640000267682],[-51.59448692718561,-28.805780394899926],[-51.59249899796366,-28.805764397994825],[-51.592481889902686,-28.80762400308292],[-51.59446983324976,-28.807640000267682]]]}},{"type":"Feature","properties":{"id_grade":"200ME52426N81370","pop":4,"dom":2,"universo_dom":"domicilios_ocupados_grade_ibge_2022","na_bacia":1,"area_pct_bacia":100.0,"metodo_recorte_bacia":"ponto_representativo_grade_2022; area_pct_geometrica"},"geometry":{"type":"Polygon","coordinates":[[[-51.58850600393815,-28.80759196907459],[-51.58852314024937,-28.805732364546472],[-51.586535211757436,-28.805716328003204],[-51.5865180613211,-28.807575932251083],[-51.58850600393815,-28.80759196907459]]]}},{"type":"Feature","properties":{"id_grade":"200ME52424N81372","pop":4,"dom":1,"universo_dom":"domicilios_ocupados_grade_ibge_2022","na_bacia":1,"area_pct_bacia":100.0,"metodo_recorte_bacia":"ponto_representativo_grade_2022; area_pct_geometrica"},"geometry":{"type":"Polygon","coordinates":[[[-51.59051106898485,-28.80574838787701],[-51.59052819092762,-28.803888802358586],[-51.58854027631706,-28.803872779308154],[-51.58852314024937,-28.805732364546472],[-51.59051106898485,-28.80574838787701]]]}},{"type":"Feature","properties":{"id_grade":"200ME52420N81374","pop":3,"dom":1,"universo_dom":"domicilios_ocupados_grade_ibge_2022","na_bacia":1,"area_pct_bacia":100.0,"metodo_recorte_bacia":"ponto_representativo_grade_2022; area_pct_geometrica"},"geometry":{"type":"Polygon","coordinates":[[[-51.59450402087853,-28.803920808822134],[-51.59452111432852,-28.8020612420312],[-51.592533213356226,-28.802045245685257],[-51.59251610578151,-28.803904812196627],[-51.59450402087853,-28.803920808822134]]]}},{"type":"Feature","properties":{"id_grade":"200ME52422N81374","pop":4,"dom":2,"universo_dom":"domicilios_ocupados_grade_ibge_2022","na_bacia":1,"area_pct_bacia":100.0,"metodo_recorte_bacia":"ponto_representativo_grade_2022; area_pct_geometrica"},"geometry":{"type":"Polygon","coordinates":[[[-51.59251610578151,-28.803904812196627],[-51.592533213356226,-28.802045245685257],[-51.59054531262706,-28.802029236127087],[-51.59052819092762,-28.803888802358586],[-51.59251610578151,-28.803904812196627]]]}},{"type":"Feature","properties":{"id_grade":"200ME52420N81376","pop":6,"dom":2,"universo_dom":"domicilios_ocupados_grade_ibge_2022","na_bacia":1,"area_pct_bacia":100.0,"metodo_recorte_bacia":"ponto_representativo_grade_2022; area_pct_geometrica"},"geometry":{"type":"Polygon","coordinates":[[[-51.59452111432852,-28.8020612420312],[-51.594538207535585,-28.80020169452426],[-51.59255032068781,-28.800185698457856],[-51.592533213356226,-28.802045245685257],[-51.59452111432852,-28.8020612420312]]]}},{"type":"Feature","properties":{"id_grade":"200ME52422N81376","pop":4,"dom":2,"universo_dom":"domicilios_ocupados_grade_ibge_2022","na_bacia":1,"area_pct_bacia":100.0,"metodo_recorte_bacia":"ponto_representativo_grade_2022; area_pct_geometrica"},"geometry":{"type":"Polygon","coordinates":[[[-51.592533213356226,-28.802045245685257],[-51.59255032068781,-28.800185698457856],[-51.59056243408316,-28.800169689179487],[-51.59054531262706,-28.802029236127087],[-51.592533213356226,-28.802045245685257]]]}},{"type":"Feature","properties":{"id_grade":"200ME52424N81376","pop":5,"dom":2,"universo_dom":"domicilios_ocupados_grade_ibge_2022","na_bacia":1,"area_pct_bacia":100.0,"metodo_recorte_bacia":"ponto_representativo_grade_2022; area_pct_geometrica"},"geometry":{"type":"Polygon","coordinates":[[[-51.59054531262706,-28.802029236127087],[-51.59056243408316,-28.800169689179487],[-51.58857454772184,-28.800153666689077],[-51.588557412141206,-28.802013213356673],[-51.59054531262706,-28.802029236127087]]]}},{"type":"Feature","properties":{"id_grade":"200ME52426N81376","pop":2,"dom":1,"universo_dom":"domicilios_ocupados_grade_ibge_2022","na_bacia":1,"area_pct_bacia":100.0,"metodo_recorte_bacia":"ponto_representativo_grade_2022; area_pct_geometrica"},"geometry":{"type":"Polygon","coordinates":[[[-51.588557412141206,-28.802013213356673],[-51.58857454772184,-28.800153666689077],[-51.58658666160403,-28.800137630986633],[-51.586569511898894,-28.80199717737398],[-51.588557412141206,-28.802013213356673]]]}},{"type":"Feature","properties":{"id_grade":"200ME52428N81376","pop":13,"dom":3,"universo_dom":"domicilios_ocupados_grade_ibge_2022","na_bacia":1,"area_pct_bacia":100.0,"metodo_recorte_bacia":"ponto_representativo_grade_2022; area_pct_geometrica"},"geometry":{"type":"Polygon","coordinates":[[[-51.586569511898894,-28.80199717737398],[-51.58658666160403,-28.800137630986633],[-51.584598775729944,-28.800121582072222],[-51.584581611900305,-28.801981128179104],[-51.586569511898894,-28.80199717737398]]]}},{"type":"Feature","properties":{"id_grade":"200ME52428N81378","pop":1,"dom":1,"universo_dom":"domicilios_ocupados_grade_ibge_2022","na_bacia":1,"area_pct_bacia":100.0,"metodo_recorte_bacia":"ponto_representativo_grade_2022; area_pct_geometrica"},"geometry":{"type":"Polygon","coordinates":[[[-51.58658666160403,-28.800137630986633],[-51.58660381106545,-28.798278103880186],[-51.58461593931566,-28.79826205524617],[-51.584598775729944,-28.800121582072222],[-51.58658666160403,-28.800137630986633]]]}},{"type":"Feature","properties":{"id_grade":"200ME52422N81380","pop":1,"dom":1,"universo_dom":"domicilios_ocupados_grade_ibge_2022","na_bacia":1,"area_pct_bacia":100.0,"metodo_recorte_bacia":"ponto_representativo_grade_2022; area_pct_geometrica"},"geometry":{"type":"Polygon","coordinates":[[[-51.59256742777628,-28.79832617051152],[-51.59258453462164,-28.796466661843034],[-51.590596676265434,-28.796450653124193],[-51.59057955529596,-28.798310161512827],[-51.59256742777628,-28.79832617051152]]]}},{"type":"Feature","properties":{"id_grade":"200ME52426N81380","pop":4,"dom":1,"universo_dom":"domicilios_ocupados_grade_ibge_2022","na_bacia":1,"area_pct_bacia":100.0,"metodo_recorte_bacia":"ponto_representativo_grade_2022; area_pct_geometrica"},"geometry":{"type":"Polygon","coordinates":[[[-51.588591683058944,-28.798294139302403],[-51.58860881815254,-28.796434631193662],[-51.58662096028315,-28.796418596051556],[-51.58660381106545,-28.798278103880186],[-51.588591683058944,-28.798294139302403]]]}},{"type":"Feature","properties":{"id_grade":"200ME52372N81426","pop":3,"dom":2,"universo_dom":"domicilios_ocupados_grade_ibge_2022","na_bacia":1,"area_pct_bacia":100.0,"metodo_recorte_bacia":"ponto_representativo_grade_2022; area_pct_geometrica"},"geometry":{"type":"Polygon","coordinates":[[[-51.64264959408265,-28.755958114667834],[-51.642666342348505,-28.754099041674806],[-51.64067880277709,-28.75408336953959],[-51.64066204039159,-28.75594244225933],[-51.64264959408265,-28.755958114667834]]]}},{"type":"Feature","properties":{"id_grade":"200ME52370N81428","pop":4,"dom":2,"universo_dom":"domicilios_ocupados_grade_ibge_2022","na_bacia":1,"area_pct_bacia":100.0,"metodo_recorte_bacia":"ponto_representativo_grade_2022; area_pct_geometrica"},"geometry":{"type":"Polygon","coordinates":[[[-51.64465388215791,-28.75411470060366],[-51.64467061606636,-28.75225564654529],[-51.642683090376394,-28.75223998788946],[-51.642666342348505,-28.754099041674806],[-51.64465388215791,-28.75411470060366]]]}},{"type":"Feature","properties":{"id_grade":"200ME52372N81428","pop":20,"dom":8,"universo_dom":"domicilios_ocupados_grade_ibge_2022","na_bacia":1,"area_pct_bacia":100.0,"metodo_recorte_bacia":"ponto_representativo_grade_2022; area_pct_geometrica"},"geometry":{"type":"Polygon","coordinates":[[[-51.642666342348505,-28.754099041674806],[-51.642683090376394,-28.75223998788946],[-51.6406955649244,-28.75222431602746],[-51.64067880277709,-28.75408336953959],[-51.642666342348505,-28.754099041674806]]]}},{"type":"Feature","properties":{"id_grade":"200ME52374N81428","pop":3,"dom":1,"universo_dom":"domicilios_ocupados_grade_ibge_2022","na_bacia":1,"area_pct_bacia":100.0,"metodo_recorte_bacia":"ponto_representativo_grade_2022; area_pct_geometrica"},"geometry":{"type":"Polygon","coordinates":[[[-51.64067880277709,-28.75408336953959],[-51.6406955649244,-28.75222431602746],[-51.63870803971058,-28.75220863095931],[-51.63869126344384,-28.754067684197953],[-51.64067880277709,-28.75408336953959]]]}},{"type":"Feature","properties":{"id_grade":"200ME52376N81428","pop":5,"dom":1,"universo_dom":"domicilios_ocupados_grade_ibge_2022","na_bacia":1,"area_pct_bacia":100.0,"metodo_recorte_bacia":"ponto_representativo_grade_2022; area_pct_geometrica"},"geometry":{"type":"Polygon","coordinates":[[[-51.63869126344384,-28.754067684197953],[-51.63870803971058,-28.75220863095931],[-51.63672051473513,-28.752192932684984],[-51.63670372434897,-28.754051985649888],[-51.63869126344384,-28.754067684197953]]]}},{"type":"Feature","properties":{"id_grade":"200ME52380N81432","pop":3,"dom":2,"universo_dom":"domicilios_ocupados_grade_ibge_2022","na_bacia":1,"area_pct_bacia":100.0,"metodo_recorte_bacia":"ponto_representativo_grade_2022; area_pct_geometrica"},"geometry":{"type":"Polygon","coordinates":[[[-51.63474979426507,-28.75031818771826],[-51.634766598293105,-28.748459173433552],[-51.632779102033226,-28.74844344929518],[-51.63276228388617,-28.75030246330573],[-51.63474979426507,-28.75031818771826]]]}},{"type":"Feature","properties":{"id_grade":"200ME52382N81432","pop":5,"dom":2,"universo_dom":"domicilios_ocupados_grade_ibge_2022","na_bacia":1,"area_pct_bacia":100.0,"metodo_recorte_bacia":"ponto_representativo_grade_2022; area_pct_geometrica"},"geometry":{"type":"Polygon","coordinates":[[[-51.63276228388617,-28.75030246330573],[-51.632779102033226,-28.74844344929518],[-51.63079160601231,-28.748427711951155],[-51.630774773746246,-28.750286725687346],[-51.63276228388617,-28.75030246330573]]]}},{"type":"Feature","properties":{"id_grade":"200ME52384N81432","pop":4,"dom":1,"universo_dom":"domicilios_ocupados_grade_ibge_2022","na_bacia":1,"area_pct_bacia":100.0,"metodo_recorte_bacia":"ponto_representativo_grade_2022; area_pct_geometrica"},"geometry":{"type":"Polygon","coordinates":[[[-51.630774773746246,-28.750286725687346],[-51.63079160601231,-28.748427711951155],[-51.62880411023055,-28.748411961401423],[-51.62878726384549,-28.750270974863003],[-51.630774773746246,-28.750286725687346]]]}},{"type":"Feature","properties":{"id_grade":"200ME52386N81432","pop":5,"dom":1,"universo_dom":"domicilios_ocupados_grade_ibge_2022","na_bacia":1,"area_pct_bacia":100.0,"metodo_recorte_bacia":"ponto_representativo_grade_2022; area_pct_geometrica"},"geometry":{"type":"Polygon","coordinates":[[[-51.62878726384549,-28.750270974863003],[-51.62880411023055,-28.748411961401423],[-51.62681661468816,-28.748396197645963],[-51.6267997541841,-28.750255210832833],[-51.62878726384549,-28.750270974863003]]]}},{"type":"Feature","properties":{"id_grade":"200ME52398N81432","pop":9,"dom":3,"universo_dom":"domicilios_ocupados_grade_ibge_2022","na_bacia":1,"area_pct_bacia":100.0,"metodo_recorte_bacia":"ponto_representativo_grade_2022; area_pct_geometrica"},"geometry":{"type":"Polygon","coordinates":[[[-51.61686220947473,-28.75017619259323],[-51.61687914057369,-28.748317180783943],[-51.61489164647169,-28.748301337794548],[-51.61487470125377,-28.75016034932765],[-51.61686220947473,-28.75017619259323]]]}},{"type":"Feature","properties":{"id_grade":"200ME52382N81434","pop":2,"dom":1,"universo_dom":"domicilios_ocupados_grade_ibge_2022","na_bacia":1,"area_pct_bacia":100.0,"metodo_recorte_bacia":"ponto_representativo_grade_2022; area_pct_geometrica"},"geometry":{"type":"Polygon","coordinates":[[[-51.632779102033226,-28.74844344929518],[-51.632795919941316,-28.746584454483283],[-51.6308084380392,-28.74656871741353],[-51.63079160601231,-28.748427711951155],[-51.632779102033226,-28.74844344929518]]]}},{"type":"Feature","properties":{"id_grade":"200ME52384N81434","pop":2,"dom":1,"universo_dom":"domicilios_ocupados_grade_ibge_2022","na_bacia":1,"area_pct_bacia":100.0,"metodo_recorte_bacia":"ponto_representativo_grade_2022; area_pct_geometrica"},"geometry":{"type":"Polygon","coordinates":[[[-51.63079160601231,-28.748427711951155],[-51.6308084380392,-28.74656871741353],[-51.628820956376245,-28.74655296713832],[-51.62880411023055,-28.748411961401423],[-51.63079160601231,-28.748427711951155]]]}},{"type":"Feature","properties":{"id_grade":"200ME52382N81440","pop":7,"dom":2,"universo_dom":"domicilios_ocupados_grade_ibge_2022","na_bacia":1,"area_pct_bacia":100.0,"metodo_recorte_bacia":"ponto_representativo_grade_2022; area_pct_geometrica"},"geometry":{"type":"Polygon","coordinates":[[[-51.63282955504063,-28.742866522443588],[-51.63284637223186,-28.74100758520988],[-51.63085893268496,-28.740991848962956],[-51.63084210137552,-28.742850785922368],[-51.63282955504063,-28.742866522443588]]]}},{"type":"Feature","properties":{"id_grade":"1KME5230N8134","pop":19,"dom":9,"universo_dom":"domicilios_ocupados_grade_ibge_2022","na_bacia":1,"area_pct_bacia":100.0,"metodo_recorte_bacia":"ponto_representativo_grade_2022; area_pct_geometrica"},"geometry":{"type":"Polygon","coordinates":[[[-51.71351939732028,-28.834612382854523],[-51.713600643269935,-28.825313115566704],[-51.70366022205281,-28.8252369494594],[-51.7035786229074,-28.834536210082543],[-51.71351939732028,-28.834612382854523]]]}},{"type":"Feature","properties":{"id_grade":"1KME5231N8134","pop":21,"dom":8,"universo_dom":"domicilios_ocupados_grade_ibge_2022","na_bacia":1,"area_pct_bacia":100.0,"metodo_recorte_bacia":"ponto_representativo_grade_2022; area_pct_geometrica"},"geometry":{"type":"Polygon","coordinates":[[[-51.7035786229074,-28.834536210082543],[-51.70366022205281,-28.8252369494594],[-51.693719806634306,-28.825160452968426],[-51.693637854293755,-28.834459706897995],[-51.7035786229074,-28.834536210082543]]]}},{"type":"Feature","properties":{"id_grade":"1KME5232N8134","pop":6,"dom":3,"universo_dom":"domicilios_ocupados_grade_ibge_2022","na_bacia":1,"area_pct_bacia":100.0,"metodo_recorte_bacia":"ponto_representativo_grade_2022; area_pct_geometrica"},"geometry":{"type":"Polygon","coordinates":[[[-51.693637854293755,-28.834459706897995],[-51.693719806634306,-28.825160452968426],[-51.683779397039515,-28.82508362609444],[-51.68369709150444,-28.834382873301482],[-51.693637854293755,-28.834459706897995]]]}},{"type":"Feature","properties":{"id_grade":"1KME5235N8134","pop":4,"dom":1,"universo_dom":"domicilios_ocupados_grade_ibge_2022","na_bacia":1,"area_pct_bacia":100.0,"metodo_recorte_bacia":"ponto_representativo_grade_2022; area_pct_geometrica"},"geometry":{"type":"Polygon","coordinates":[[[-51.66381558349921,-28.834228214875896],[-51.66389859542145,-28.8249289812003],[-51.653958203448376,-28.82485116318163],[-51.653874838333486,-28.83415039004801],[-51.66381558349921,-28.834228214875896]]]}},{"type":"Feature","properties":{"id_grade":"1KME5237N8134","pop":10,"dom":3,"universo_dom":"domicilios_ocupados_grade_ibge_2022","na_bacia":1,"area_pct_bacia":100.0,"metodo_recorte_bacia":"ponto_representativo_grade_2022; area_pct_geometrica"},"geometry":{"type":"Polygon","coordinates":[[[-51.64393409909248,-28.834072234811213],[-51.64401781739939,-28.824773014782803],[-51.63407743729959,-28.82469453600453],[-51.63399336580131,-28.833993749166183],[-51.64393409909248,-28.834072234811213]]]}},{"type":"Feature","properties":{"id_grade":"1KME5241N8134","pop":21,"dom":5,"universo_dom":"domicilios_ocupados_grade_ibge_2022","na_bacia":1,"area_pct_bacia":100.0,"metodo_recorte_bacia":"ponto_representativo_grade_2022; area_pct_geometrica"},"geometry":{"type":"Polygon","coordinates":[[[-51.60417120187768,-28.833756309788697],[-51.604256332946264,-28.824457117401064],[-51.594315976894165,-28.824377317112667],[-51.59423049263678,-28.83367650251792],[-51.60417120187768,-28.833756309788697]]]}},{"type":"Feature","properties":{"id_grade":"1KME5242N8134","pop":17,"dom":7,"universo_dom":"domicilios_ocupados_grade_ibge_2022","na_bacia":1,"area_pct_bacia":100.0,"metodo_recorte_bacia":"ponto_representativo_grade_2022; area_pct_geometrica"},"geometry":{"type":"Polygon","coordinates":[[[-51.59423049263678,-28.83367650251792],[-51.594315976894165,-28.824377317112667],[-51.58437562691673,-28.824297186448405],[-51.58428978947117,-28.83359636484256],[-51.59423049263678,-28.83367650251792]]]}},{"type":"Feature","properties":{"id_grade":"1KME5248N8134","pop":2,"dom":1,"universo_dom":"domicilios_ocupados_grade_ibge_2022","na_bacia":1,"area_pct_bacia":100.0,"metodo_recorte_bacia":"ponto_representativo_grade_2022; area_pct_geometrica"},"geometry":{"type":"Polygon","coordinates":[[[-51.534586365651215,-28.833190720423357],[-51.53467396902779,-28.823891577518864],[-51.52473365602531,-28.823809464616204],[-51.5246456994645,-28.833108600336306],[-51.534586365651215,-28.833190720423357]]]}},{"type":"Feature","properties":{"id_grade":"1KME5232N8135","pop":3,"dom":1,"universo_dom":"domicilios_ocupados_grade_ibge_2022","na_bacia":1,"area_pct_bacia":100.0,"metodo_recorte_bacia":"ponto_representativo_grade_2022; area_pct_geometrica"},"geometry":{"type":"Polygon","coordinates":[[[-51.693719806634306,-28.825160452968426],[-51.69380175315114,-28.81586168206477],[-51.68386169672578,-28.81578486190952],[-51.683779397039515,-28.82508362609444],[-51.693719806634306,-28.825160452968426]]]}},{"type":"Feature","properties":{"id_grade":"1KME5233N8135","pop":22,"dom":9,"universo_dom":"domicilios_ocupados_grade_ibge_2022","na_bacia":1,"area_pct_bacia":100.0,"metodo_recorte_bacia":"ponto_representativo_grade_2022; area_pct_geometrica"},"geometry":{"type":"Polygon","coordinates":[[[-51.683779397039515,-28.82508362609444],[-51.68386169672578,-28.81578486190952],[-51.6739216461486,-28.815707711401043],[-51.67383899329353,-28.825006468838065],[-51.683779397039515,-28.82508362609444]]]}},{"type":"Feature","properties":{"id_grade":"1KME5234N8135","pop":9,"dom":2,"universo_dom":"domicilios_ocupados_grade_ibge_2022","na_bacia":1,"area_pct_bacia":100.0,"metodo_recorte_bacia":"ponto_representativo_grade_2022; area_pct_geometrica"},"geometry":{"type":"Polygon","coordinates":[[[-51.67383899329353,-28.825006468838065],[-51.6739216461486,-28.815707711401043],[-51.663981601444696,-28.81563023053984],[-51.66389859542145,-28.8249289812003],[-51.67383899329353,-28.825006468838065]]]}},{"type":"Feature","properties":{"id_grade":"1KME5235N8135","pop":5,"dom":2,"universo_dom":"domicilios_ocupados_grade_ibge_2022","na_bacia":1,"area_pct_bacia":100.0,"metodo_recorte_bacia":"ponto_representativo_grade_2022; area_pct_geometrica"},"geometry":{"type":"Polygon","coordinates":[[[-51.66389859542145,-28.8249289812003],[-51.663981601444696,-28.81563023053984],[-51.65404156263916,-28.81555241932672],[-51.653958203448376,-28.82485116318163],[-51.66389859542145,-28.8249289812003]]]}},{"type":"Feature","properties":{"id_grade":"1KME5236N8135","pop":25,"dom":11,"universo_dom":"domicilios_ocupados_grade_ibge_2022","na_bacia":1,"area_pct_bacia":100.0,"metodo_recorte_bacia":"ponto_representativo_grade_2022; area_pct_geometrica"},"geometry":{"type":"Polygon","coordinates":[[[-51.653958203448376,-28.82485116318163],[-51.65404156263916,-28.81555241932672],[-51.644101529757094,-28.815474277762306],[-51.64401781739939,-28.824773014782803],[-51.653958203448376,-28.82485116318163]]]}},{"type":"Feature","properties":{"id_grade":"1KME5237N8135","pop":10,"dom":5,"universo_dom":"domicilios_ocupados_grade_ibge_2022","na_bacia":1,"area_pct_bacia":100.0,"metodo_recorte_bacia":"ponto_representativo_grade_2022; area_pct_geometrica"},"geometry":{"type":"Polygon","coordinates":[[[-51.64401781739939,-28.824773014782803],[-51.644101529757094,-28.815474277762306],[-51.634161502823574,-28.81539580584738],[-51.63407743729959,-28.82469453600453],[-51.64401781739939,-28.824773014782803]]]}},{"type":"Feature","properties":{"id_grade":"1KME5238N8135","pop":16,"dom":5,"universo_dom":"domicilios_ocupados_grade_ibge_2022","na_bacia":1,"area_pct_bacia":100.0,"metodo_recorte_bacia":"ponto_representativo_grade_2022; area_pct_geometrica"},"geometry":{"type":"Polygon","coordinates":[[[-51.63407743729959,-28.82469453600453],[-51.634161502823574,-28.81539580584738],[-51.62422148186371,-28.81531700358257],[-51.62413706317407,-28.824615726847764],[-51.63407743729959,-28.82469453600453]]]}},{"type":"Feature","properties":{"id_grade":"1KME5239N8135","pop":12,"dom":6,"universo_dom":"domicilios_ocupados_grade_ibge_2022","na_bacia":1,"area_pct_bacia":100.0,"metodo_recorte_bacia":"ponto_representativo_grade_2022; area_pct_geometrica"},"geometry":{"type":"Polygon","coordinates":[[[-51.62413706317407,-28.824615726847764],[-51.62422148186371,-28.81531700358257],[-51.614281466902575,-28.81523787096875],[-51.61419669504793,-28.82453658731303],[-51.62413706317407,-28.824615726847764]]]}},{"type":"Feature","properties":{"id_grade":"1KME5242N8135","pop":244,"dom":88,"universo_dom":"domicilios_ocupados_grade_ibge_2022","na_bacia":1,"area_pct_bacia":100.0,"metodo_recorte_bacia":"ponto_representativo_grade_2022; area_pct_geometrica"},"geometry":{"type":"Polygon","coordinates":[[[-51.594315976894165,-28.824377317112667],[-51.5944014550769,-28.815078614697022],[-51.58446145826253,-28.814998491040665],[-51.58437562691673,-28.824297186448405],[-51.594315976894165,-28.824377317112667]]]}},{"type":"Feature","properties":{"id_grade":"1KME5243N8135","pop":69,"dom":25,"universo_dom":"domicilios_ocupados_grade_ibge_2022","na_bacia":1,"area_pct_bacia":100.0,"metodo_recorte_bacia":"ponto_representativo_grade_2022; area_pct_geometrica"},"geometry":{"type":"Polygon","coordinates":[[[-51.58437562691673,-28.824297186448405],[-51.58446145826253,-28.814998491040665],[-51.57452146754728,-28.814918037038126],[-51.57443528303905,-28.824216725409702],[-51.58437562691673,-28.824297186448405]]]}},{"type":"Feature","properties":{"id_grade":"1KME5244N8135","pop":55,"dom":18,"universo_dom":"domicilios_ocupados_grade_ibge_2022","na_bacia":1,"area_pct_bacia":100.0,"metodo_recorte_bacia":"ponto_representativo_grade_2022; area_pct_geometrica"},"geometry":{"type":"Polygon","coordinates":[[[-51.57443528303905,-28.824216725409702],[-51.57452146754728,-28.814918037038126],[-51.56458148295622,-28.814837252689962],[-51.564494945286235,-28.824135933996118],[-51.57443528303905,-28.824216725409702]]]}},{"type":"Feature","properties":{"id_grade":"1KME5245N8135","pop":1,"dom":1,"universo_dom":"domicilios_ocupados_grade_ibge_2022","na_bacia":1,"area_pct_bacia":100.0,"metodo_recorte_bacia":"ponto_representativo_grade_2022; area_pct_geometrica"},"geometry":{"type":"Polygon","coordinates":[[[-51.564494945286235,-28.824135933996118],[-51.56458148295622,-28.814837252689962],[-51.55464150451445,-28.81475613799723],[-51.55455461368334,-28.824054812209585],[-51.564494945286235,-28.824135933996118]]]}},{"type":"Feature","properties":{"id_grade":"1KME5246N8135","pop":99,"dom":32,"universo_dom":"domicilios_ocupados_grade_ibge_2022","na_bacia":1,"area_pct_bacia":100.0,"metodo_recorte_bacia":"ponto_representativo_grade_2022; area_pct_geometrica"},"geometry":{"type":"Polygon","coordinates":[[[-51.55455461368334,-28.824054812209585],[-51.55464150451445,-28.81475613799723],[-51.54470153224707,-28.814674692961034],[-51.5446142882555,-28.82397336005004],[-51.55455461368334,-28.824054812209585]]]}},{"type":"Feature","properties":{"id_grade":"1KME5247N8135","pop":31,"dom":11,"universo_dom":"domicilios_ocupados_grade_ibge_2022","na_bacia":1,"area_pct_bacia":100.0,"metodo_recorte_bacia":"ponto_representativo_grade_2022; area_pct_geometrica"},"geometry":{"type":"Polygon","coordinates":[[[-51.5446142882555,-28.82397336005004],[-51.54470153224707,-28.814674692961034],[-51.53476156617915,-28.814592917581702],[-51.53467396902779,-28.823891577518864],[-51.5446142882555,-28.82397336005004]]]}},{"type":"Feature","properties":{"id_grade":"1KME5248N8135","pop":2,"dom":1,"universo_dom":"domicilios_ocupados_grade_ibge_2022","na_bacia":1,"area_pct_bacia":100.0,"metodo_recorte_bacia":"ponto_representativo_grade_2022; area_pct_geometrica"},"geometry":{"type":"Polygon","coordinates":[[[-51.53467396902779,-28.823891577518864],[-51.53476156617915,-28.814592917581702],[-51.524821606335806,-28.81451081185966],[-51.52473365602531,-28.823809464616204],[-51.53467396902779,-28.823891577518864]]]}},{"type":"Feature","properties":{"id_grade":"1KME5250N8135","pop":4,"dom":1,"universo_dom":"domicilios_ocupados_grade_ibge_2022","na_bacia":1,"area_pct_bacia":100.0,"metodo_recorte_bacia":"ponto_representativo_grade_2022; area_pct_geometrica"},"geometry":{"type":"Polygon","coordinates":[[[-51.514793349273155,-28.823727021343526],[-51.51488165274211,-28.81442837579652],[-51.50494170542316,-28.814345609392408],[-51.504853048796406,-28.823644247700887],[-51.514793349273155,-28.823727021343526]]]}},{"type":"Feature","properties":{"id_grade":"1KME5236N8136","pop":17,"dom":6,"universo_dom":"domicilios_ocupados_grade_ibge_2022","na_bacia":1,"area_pct_bacia":100.0,"metodo_recorte_bacia":"ponto_representativo_grade_2022; area_pct_geometrica"},"geometry":{"type":"Polygon","coordinates":[[[-51.65404156263916,-28.81555241932672],[-51.65412491590649,-28.80625415811219],[-51.64418523616625,-28.806176023378395],[-51.644101529757094,-28.815474277762306],[-51.65404156263916,-28.81555241932672]]]}},{"type":"Feature","properties":{"id_grade":"1KME5238N8136","pop":86,"dom":29,"universo_dom":"domicilios_ocupados_grade_ibge_2022","na_bacia":1,"area_pct_bacia":100.0,"metodo_recorte_bacia":"ponto_representativo_grade_2022; area_pct_geometrica"},"geometry":{"type":"Polygon","coordinates":[[[-51.634161502823574,-28.81539580584738],[-51.63424556237392,-28.806097558323188],[-51.6243058945546,-28.806018762946973],[-51.62422148186371,-28.81531700358257],[-51.634161502823574,-28.81539580584738]]]}},{"type":"Feature","properties":{"id_grade":"1KME5244N8136","pop":5,"dom":2,"universo_dom":"domicilios_ocupados_grade_ibge_2022","na_bacia":1,"area_pct_bacia":100.0,"metodo_recorte_bacia":"ponto_representativo_grade_2022; area_pct_geometrica"},"geometry":{"type":"Polygon","coordinates":[[[-51.57452146754728,-28.814918037038126],[-51.5746076459313,-28.805619831277372],[-51.56466801447693,-28.805539053990998],[-51.56458148295622,-28.814837252689962],[-51.57452146754728,-28.814918037038126]]]}},{"type":"Feature","properties":{"id_grade":"1KME5245N8136","pop":4,"dom":2,"universo_dom":"domicilios_ocupados_grade_ibge_2022","na_bacia":1,"area_pct_bacia":100.0,"metodo_recorte_bacia":"ponto_representativo_grade_2022; area_pct_geometrica"},"geometry":{"type":"Polygon","coordinates":[[[-51.56458148295622,-28.814837252689962],[-51.56466801447693,-28.805539053990998],[-51.55472838917118,-28.80545794638876],[-51.55464150451445,-28.81475613799723],[-51.56458148295622,-28.814837252689962]]]}},{"type":"Feature","properties":{"id_grade":"1KME5246N8136","pop":11,"dom":4,"universo_dom":"domicilios_ocupados_grade_ibge_2022","na_bacia":1,"area_pct_bacia":100.0,"metodo_recorte_bacia":"ponto_representativo_grade_2022; area_pct_geometrica"},"geometry":{"type":"Polygon","coordinates":[[[-51.55464150451445,-28.81475613799723],[-51.55472838917118,-28.80545794638876],[-51.544788770039155,-28.805376508471745],[-51.54470153224707,-28.814674692961034],[-51.55464150451445,-28.81475613799723]]]}},{"type":"Feature","properties":{"id_grade":"1KME5247N8136","pop":17,"dom":5,"universo_dom":"domicilios_ocupados_grade_ibge_2022","na_bacia":1,"area_pct_bacia":100.0,"metodo_recorte_bacia":"ponto_representativo_grade_2022; area_pct_geometrica"},"geometry":{"type":"Polygon","coordinates":[[[-51.54470153224707,-28.814674692961034],[-51.544788770039155,-28.805376508471745],[-51.53484915710594,-28.805294740240402],[-51.53476156617915,-28.814592917581702],[-51.54470153224707,-28.814674692961034]]]}},{"type":"Feature","properties":{"id_grade":"1KME5250N8136","pop":3,"dom":1,"universo_dom":"domicilios_ocupados_grade_ibge_2022","na_bacia":1,"area_pct_bacia":100.0,"metodo_recorte_bacia":"ponto_representativo_grade_2022; area_pct_geometrica"},"geometry":{"type":"Polygon","coordinates":[[[-51.51488165274211,-28.81442837579652],[-51.51496994993631,-28.805130212837987],[-51.505030355750065,-28.805047453668706],[-51.50494170542316,-28.814345609392408],[-51.51488165274211,-28.81442837579652]]]}},{"type":"Feature","properties":{"id_grade":"1KME5232N8137","pop":19,"dom":6,"universo_dom":"domicilios_ocupados_grade_ibge_2022","na_bacia":1,"area_pct_bacia":100.0,"metodo_recorte_bacia":"ponto_representativo_grade_2022; area_pct_geometrica"},"geometry":{"type":"Polygon","coordinates":[[[-51.693883693844896,-28.806563393815313],[-51.693965628716164,-28.797265587850045],[-51.68402627855438,-28.797188781122166],[-51.68394399056386,-28.80648658037576],[-51.693883693844896,-28.806563393815313]]]}},{"type":"Feature","properties":{"id_grade":"1KME5233N8137","pop":9,"dom":4,"universo_dom":"domicilios_ocupados_grade_ibge_2022","na_bacia":1,"area_pct_bacia":100.0,"metodo_recorte_bacia":"ponto_representativo_grade_2022; area_pct_geometrica"},"geometry":{"type":"Polygon","coordinates":[[[-51.68394399056386,-28.80648658037576],[-51.68402627855438,-28.797188781122166],[-51.674086934239526,-28.797111644098603],[-51.67400429313039,-28.80640943661152],[-51.68394399056386,-28.80648658037576]]]}},{"type":"Feature","properties":{"id_grade":"1KME5234N8137","pop":17,"dom":8,"universo_dom":"domicilios_ocupados_grade_ibge_2022","na_bacia":1,"area_pct_bacia":100.0,"metodo_recorte_bacia":"ponto_representativo_grade_2022; area_pct_geometrica"},"geometry":{"type":"Polygon","coordinates":[[[-51.67400429313039,-28.80640943661152],[-51.674086934239526,-28.797111644098603],[-51.664147595796706,-28.797034176779984],[-51.66406460156957,-28.806331962523387],[-51.67400429313039,-28.80640943661152]]]}},{"type":"Feature","properties":{"id_grade":"1KME5235N8137","pop":25,"dom":8,"universo_dom":"domicilios_ocupados_grade_ibge_2022","na_bacia":1,"area_pct_bacia":100.0,"metodo_recorte_bacia":"ponto_representativo_grade_2022; area_pct_geometrica"},"geometry":{"type":"Polygon","coordinates":[[[-51.66406460156957,-28.806331962523387],[-51.664147595796706,-28.797034176779984],[-51.65420826325099,-28.79695637916711],[-51.65412491590649,-28.80625415811219],[-51.66406460156957,-28.806331962523387]]]}},{"type":"Feature","properties":{"id_grade":"1KME5236N8137","pop":31,"dom":10,"universo_dom":"domicilios_ocupados_grade_ibge_2022","na_bacia":1,"area_pct_bacia":100.0,"metodo_recorte_bacia":"ponto_representativo_grade_2022; area_pct_geometrica"},"geometry":{"type":"Polygon","coordinates":[[[-51.65412491590649,-28.80625415811219],[-51.65420826325099,-28.79695637916711],[-51.64426893662748,-28.79687825126063],[-51.64418523616625,-28.806176023378395],[-51.65412491590649,-28.80625415811219]]]}},{"type":"Feature","properties":{"id_grade":"1KME5237N8137","pop":67,"dom":25,"universo_dom":"domicilios_ocupados_grade_ibge_2022","na_bacia":1,"area_pct_bacia":100.0,"metodo_recorte_bacia":"ponto_representativo_grade_2022; area_pct_geometrica"},"geometry":{"type":"Polygon","coordinates":[[[-51.64418523616625,-28.806176023378395],[-51.64426893662748,-28.79687825126063],[-51.63432961595126,-28.796799793061325],[-51.63424556237392,-28.806097558323188],[-51.64418523616625,-28.806176023378395]]]}},{"type":"Feature","properties":{"id_grade":"1KME5238N8137","pop":37,"dom":14,"universo_dom":"domicilios_ocupados_grade_ibge_2022","na_bacia":1,"area_pct_bacia":100.0,"metodo_recorte_bacia":"ponto_representativo_grade_2022; area_pct_geometrica"},"geometry":{"type":"Polygon","coordinates":[[[-51.63424556237392,-28.806097558323188],[-51.63432961595126,-28.796799793061325],[-51.62439030124741,-28.796721004569942],[-51.6243058945546,-28.806018762946973],[-51.63424556237392,-28.806097558323188]]]}},{"type":"Feature","properties":{"id_grade":"1KME5243N8137","pop":44,"dom":13,"universo_dom":"domicilios_ocupados_grade_ibge_2022","na_bacia":1,"area_pct_bacia":100.0,"metodo_recorte_bacia":"ponto_representativo_grade_2022; area_pct_geometrica"},"geometry":{"type":"Polygon","coordinates":[[[-51.58454728350923,-28.80570027824731],[-51.58463310265747,-28.79640254769813],[-51.57469381819178,-28.796322107757238],[-51.5746076459313,-28.805619831277372],[-51.58454728350923,-28.80570027824731]]]}},{"type":"Feature","properties":{"id_grade":"1KME5244N8137","pop":23,"dom":9,"universo_dom":"domicilios_ocupados_grade_ibge_2022","na_bacia":1,"area_pct_bacia":100.0,"metodo_recorte_bacia":"ponto_representativo_grade_2022; area_pct_geometrica"},"geometry":{"type":"Polygon","coordinates":[[[-51.5746076459313,-28.805619831277372],[-51.57469381819178,-28.796322107757238],[-51.56475453984899,-28.796241337528553],[-51.56466801447693,-28.805539053990998],[-51.5746076459313,-28.805619831277372]]]}},{"type":"Feature","properties":{"id_grade":"1KME5245N8137","pop":53,"dom":21,"universo_dom":"domicilios_ocupados_grade_ibge_2022","na_bacia":1,"area_pct_bacia":100.0,"metodo_recorte_bacia":"ponto_representativo_grade_2022; area_pct_geometrica"},"geometry":{"type":"Polygon","coordinates":[[[-51.56466801447693,-28.805539053990998],[-51.56475453984899,-28.796241337528553],[-51.554815267654185,-28.796160237012973],[-51.55472838917118,-28.80545794638876],[-51.56466801447693,-28.805539053990998]]]}},{"type":"Feature","properties":{"id_grade":"1KME5246N8137","pop":28,"dom":8,"universo_dom":"domicilios_ocupados_grade_ibge_2022","na_bacia":1,"area_pct_bacia":100.0,"metodo_recorte_bacia":"ponto_representativo_grade_2022; area_pct_geometrica"},"geometry":{"type":"Polygon","coordinates":[[[-51.55472838917118,-28.80545794638876],[-51.554815267654185,-28.796160237012973],[-51.54487600163243,-28.796078806211526],[-51.544788770039155,-28.805376508471745],[-51.55472838917118,-28.80545794638876]]]}},{"type":"Feature","properties":{"id_grade":"1KME5247N8137","pop":18,"dom":5,"universo_dom":"domicilios_ocupados_grade_ibge_2022","na_bacia":1,"area_pct_bacia":100.0,"metodo_recorte_bacia":"ponto_representativo_grade_2022; area_pct_geometrica"},"geometry":{"type":"Polygon","coordinates":[[[-51.544788770039155,-28.805376508471745],[-51.54487600163243,-28.796078806211526],[-51.534936741808835,-28.795997045124636],[-51.53484915710594,-28.805294740240402],[-51.544788770039155,-28.805376508471745]]]}},{"type":"Feature","properties":{"id_grade":"1KME5248N8137","pop":3,"dom":1,"universo_dom":"domicilios_ocupados_grade_ibge_2022","na_bacia":1,"area_pct_bacia":100.0,"metodo_recorte_bacia":"ponto_representativo_grade_2022; area_pct_geometrica"},"geometry":{"type":"Polygon","coordinates":[[[-51.53484915710594,-28.805294740240402],[-51.534936741808835,-28.795997045124636],[-51.52499748820848,-28.79591495375291],[-51.52490955039663,-28.805212641695615],[-51.53484915710594,-28.805294740240402]]]}},{"type":"Feature","properties":{"id_grade":"1KME5249N8137","pop":12,"dom":7,"universo_dom":"domicilios_ocupados_grade_ibge_2022","na_bacia":1,"area_pct_bacia":100.0,"metodo_recorte_bacia":"ponto_representativo_grade_2022; area_pct_geometrica"},"geometry":{"type":"Polygon","coordinates":[[[-51.52490955039663,-28.805212641695615],[-51.52499748820848,-28.79591495375291],[-51.51505824085644,-28.79583253209728],[-51.51496994993631,-28.805130212837987],[-51.52490955039663,-28.805212641695615]]]}},{"type":"Feature","properties":{"id_grade":"1KME5250N8137","pop":8,"dom":1,"universo_dom":"domicilios_ocupados_grade_ibge_2022","na_bacia":1,"area_pct_bacia":100.0,"metodo_recorte_bacia":"ponto_representativo_grade_2022; area_pct_geometrica"},"geometry":{"type":"Polygon","coordinates":[[[-51.51496994993631,-28.805130212837987],[-51.51505824085644,-28.79583253209728],[-51.505118999777814,-28.795749780158822],[-51.505030355750065,-28.805047453668706],[-51.51496994993631,-28.805130212837987]]]}},{"type":"Feature","properties":{"id_grade":"1KME5233N8138","pop":7,"dom":1,"universo_dom":"domicilios_ocupados_grade_ibge_2022","na_bacia":1,"area_pct_bacia":100.0,"metodo_recorte_bacia":"ponto_representativo_grade_2022; area_pct_geometrica"},"geometry":{"type":"Polygon","coordinates":[[[-51.68402627855438,-28.797188781122166],[-51.68410856069796,-28.78789146377809],[-51.674169569476646,-28.787814333491742],[-51.674086934239526,-28.797111644098603],[-51.68402627855438,-28.797188781122166]]]}},{"type":"Feature","properties":{"id_grade":"1KME5234N8138","pop":7,"dom":2,"universo_dom":"domicilios_ocupados_grade_ibge_2022","na_bacia":1,"area_pct_bacia":100.0,"metodo_recorte_bacia":"ponto_representativo_grade_2022; area_pct_geometrica"},"geometry":{"type":"Polygon","coordinates":[[[-51.674086934239526,-28.797111644098603],[-51.674169569476646,-28.787814333491742],[-51.66423058412673,-28.78773687293883],[-51.664147595796706,-28.797034176779984],[-51.674086934239526,-28.797111644098603]]]}},{"type":"Feature","properties":{"id_grade":"1KME5235N8138","pop":3,"dom":2,"universo_dom":"domicilios_ocupados_grade_ibge_2022","na_bacia":1,"area_pct_bacia":100.0,"metodo_recorte_bacia":"ponto_representativo_grade_2022; area_pct_geometrica"},"geometry":{"type":"Polygon","coordinates":[[[-51.664147595796706,-28.797034176779984],[-51.66423058412673,-28.78773687293883],[-51.6542916046733,-28.78765908212078],[-51.65420826325099,-28.79695637916711],[-51.664147595796706,-28.797034176779984]]]}},{"type":"Feature","properties":{"id_grade":"1KME5236N8138","pop":8,"dom":3,"universo_dom":"domicilios_ocupados_grade_ibge_2022","na_bacia":1,"area_pct_bacia":100.0,"metodo_recorte_bacia":"ponto_representativo_grade_2022; area_pct_geometrica"},"geometry":{"type":"Polygon","coordinates":[[[-51.65420826325099,-28.79695637916711],[-51.6542916046733,-28.78765908212078],[-51.64435263114144,-28.78758096103779],[-51.64426893662748,-28.79687825126063],[-51.65420826325099,-28.79695637916711]]]}},{"type":"Feature","properties":{"id_grade":"1KME5237N8138","pop":4,"dom":1,"universo_dom":"domicilios_ocupados_grade_ibge_2022","na_bacia":1,"area_pct_bacia":100.0,"metodo_recorte_bacia":"ponto_representativo_grade_2022; area_pct_geometrica"},"geometry":{"type":"Polygon","coordinates":[[[-51.64426893662748,-28.79687825126063],[-51.64435263114144,-28.78758096103779],[-51.634413663556224,-28.787502509691016],[-51.63432961595126,-28.796799793061325],[-51.64426893662748,-28.79687825126063]]]}},{"type":"Feature","properties":{"id_grade":"1KME5230N8139","pop":2,"dom":1,"universo_dom":"domicilios_ocupados_grade_ibge_2022","na_bacia":1,"area_pct_bacia":100.0,"metodo_recorte_bacia":"ponto_representativo_grade_2022; area_pct_geometrica"},"geometry":{"type":"Polygon","coordinates":[[[-51.71392556933946,-28.788120873033055],[-51.714006786427646,-28.778824017200183],[-51.70406813081295,-28.778747884363906],[-51.70398656065445,-28.788044733549604],[-51.71392556933946,-28.788120873033055]]]}},{"type":"Feature","properties":{"id_grade":"1KME5231N8139","pop":26,"dom":13,"universo_dom":"domicilios_ocupados_grade_ibge_2022","na_bacia":1,"area_pct_bacia":100.0,"metodo_recorte_bacia":"ponto_representativo_grade_2022; area_pct_geometrica"},"geometry":{"type":"Polygon","coordinates":[[[-51.70398656065445,-28.788044733549604],[-51.70406813081295,-28.778747884363906],[-51.69412948099378,-28.77867142128765],[-51.694047557765586,-28.787968263797893],[-51.70398656065445,-28.788044733549604]]]}},{"type":"Feature","properties":{"id_grade":"1KME5232N8139","pop":31,"dom":10,"universo_dom":"domicilios_ocupados_grade_ibge_2022","na_bacia":1,"area_pct_bacia":100.0,"metodo_recorte_bacia":"ponto_representativo_grade_2022; area_pct_geometrica"},"geometry":{"type":"Polygon","coordinates":[[[-51.694047557765586,-28.787968263797893],[-51.69412948099378,-28.77867142128765],[-51.68419083699522,-28.778594627972957],[-51.68410856069796,-28.78789146377809],[-51.694047557765586,-28.787968263797893]]]}},{"type":"Feature","properties":{"id_grade":"1KME5233N8139","pop":63,"dom":20,"universo_dom":"domicilios_ocupados_grade_ibge_2022","na_bacia":1,"area_pct_bacia":100.0,"metodo_recorte_bacia":"ponto_representativo_grade_2022; area_pct_geometrica"},"geometry":{"type":"Polygon","coordinates":[[[-51.68410856069796,-28.78789146377809],[-51.68419083699522,-28.778594627972957],[-51.67425219884236,-28.778517504419877],[-51.674169569476646,-28.787814333491742],[-51.68410856069796,-28.78789146377809]]]}},{"type":"Feature","properties":{"id_grade":"1KME5234N8139","pop":46,"dom":14,"universo_dom":"domicilios_ocupados_grade_ibge_2022","na_bacia":1,"area_pct_bacia":100.0,"metodo_recorte_bacia":"ponto_representativo_grade_2022; area_pct_geometrica"},"geometry":{"type":"Polygon","coordinates":[[[-51.674169569476646,-28.787814333491742],[-51.67425219884236,-28.778517504419877],[-51.66431356656026,-28.778440050629893],[-51.66423058412673,-28.78773687293883],[-51.674169569476646,-28.787814333491742]]]}},{"type":"Feature","properties":{"id_grade":"1KME5235N8139","pop":63,"dom":23,"universo_dom":"domicilios_ocupados_grade_ibge_2022","na_bacia":1,"area_pct_bacia":100.0,"metodo_recorte_bacia":"ponto_representativo_grade_2022; area_pct_geometrica"},"geometry":{"type":"Polygon","coordinates":[[[-51.66423058412673,-28.78773687293883],[-51.66431356656026,-28.778440050629893],[-51.65437494017402,-28.77836226660297],[-51.6542916046733,-28.78765908212078],[-51.66423058412673,-28.78773687293883]]]}},{"type":"Feature","properties":{"id_grade":"1KME5236N8139","pop":9,"dom":4,"universo_dom":"domicilios_ocupados_grade_ibge_2022","na_bacia":1,"area_pct_bacia":100.0,"metodo_recorte_bacia":"ponto_representativo_grade_2022; area_pct_geometrica"},"geometry":{"type":"Polygon","coordinates":[[[-51.6542916046733,-28.78765908212078],[-51.65437494017402,-28.77836226660297],[-51.64443631970873,-28.778284152339925],[-51.64435263114144,-28.78758096103779],[-51.6542916046733,-28.78765908212078]]]}},{"type":"Feature","properties":{"id_grade":"1KME5237N8139","pop":23,"dom":9,"universo_dom":"domicilios_ocupados_grade_ibge_2022","na_bacia":1,"area_pct_bacia":100.0,"metodo_recorte_bacia":"ponto_representativo_grade_2022; area_pct_geometrica"},"geometry":{"type":"Polygon","coordinates":[[[-51.64435263114144,-28.78758096103779],[-51.64443631970873,-28.778284152339925],[-51.634497705189446,-28.77820570784171],[-51.634413663556224,-28.787502509691016],[-51.64435263114144,-28.78758096103779]]]}},{"type":"Feature","properties":{"id_grade":"1KME5238N8139","pop":34,"dom":12,"universo_dom":"domicilios_ocupados_grade_ibge_2022","na_bacia":1,"area_pct_bacia":100.0,"metodo_recorte_bacia":"ponto_representativo_grade_2022; area_pct_geometrica"},"geometry":{"type":"Polygon","coordinates":[[[-51.634413663556224,-28.787502509691016],[-51.634497705189446,-28.77820570784171],[-51.62455909664127,-28.778126933109064],[-51.624474701942745,-28.78742372808087],[-51.634413663556224,-28.787502509691016]]]}},{"type":"Feature","properties":{"id_grade":"1KME5243N8139","pop":73,"dom":25,"universo_dom":"domicilios_ocupados_grade_ibge_2022","na_bacia":1,"area_pct_bacia":100.0,"metodo_recorte_bacia":"ponto_representativo_grade_2022; area_pct_geometrica"},"geometry":{"type":"Polygon","coordinates":[[[-51.5847189157079,-28.787105299021793],[-51.584804722661175,-28.77780853184867],[-51.57486614434472,-28.777728105954882],[-51.574779984329375,-28.787024866106396],[-51.5847189157079,-28.787105299021793]]]}},{"type":"Feature","properties":{"id_grade":"1KME5244N8139","pop":25,"dom":10,"universo_dom":"domicilios_ocupados_grade_ibge_2022","na_bacia":1,"area_pct_bacia":100.0,"metodo_recorte_bacia":"ponto_representativo_grade_2022; area_pct_geometrica"},"geometry":{"type":"Polygon","coordinates":[[[-51.574779984329375,-28.787024866106396],[-51.57486614434472,-28.777728105954882],[-51.56492757214985,-28.777647349830673],[-51.56484105907308,-28.78694410293198],[-51.574779984329375,-28.787024866106396]]]}},{"type":"Feature","properties":{"id_grade":"1KME5245N8139","pop":40,"dom":16,"universo_dom":"domicilios_ocupados_grade_ibge_2022","na_bacia":1,"area_pct_bacia":100.0,"metodo_recorte_bacia":"ponto_representativo_grade_2022; area_pct_geometrica"},"geometry":{"type":"Polygon","coordinates":[[[-51.56484105907308,-28.78694410293198],[-51.56492757214985,-28.777647349830673],[-51.55498900610164,-28.777566263477553],[-51.55490213996412,-28.786863009499466],[-51.56484105907308,-28.78694410293198]]]}},{"type":"Feature","properties":{"id_grade":"1KME5246N8139","pop":3,"dom":1,"universo_dom":"domicilios_ocupados_grade_ibge_2022","na_bacia":1,"area_pct_bacia":100.0,"metodo_recorte_bacia":"ponto_representativo_grade_2022; area_pct_geometrica"},"geometry":{"type":"Polygon","coordinates":[[[-51.55490213996412,-28.786863009499466],[-51.55498900610164,-28.777566263477553],[-51.54505044622519,-28.777484846895483],[-51.54496322702756,-28.786781585809685],[-51.55490213996412,-28.786863009499466]]]}},{"type":"Feature","properties":{"id_grade":"1KME5247N8139","pop":49,"dom":17,"universo_dom":"domicilios_ocupados_grade_ibge_2022","na_bacia":1,"area_pct_bacia":100.0,"metodo_recorte_bacia":"ponto_representativo_grade_2022; area_pct_geometrica"},"geometry":{"type":"Polygon","coordinates":[[[-51.54496322702756,-28.786781585809685],[-51.54505044622519,-28.777484846895483],[-51.535111892545565,-28.777403100086016],[-51.53502432028849,-28.786699831863338],[-51.54496322702756,-28.786781585809685]]]}},{"type":"Feature","properties":{"id_grade":"1KME5248N8139","pop":47,"dom":19,"universo_dom":"domicilios_ocupados_grade_ibge_2022","na_bacia":1,"area_pct_bacia":100.0,"metodo_recorte_bacia":"ponto_representativo_grade_2022; area_pct_geometrica"},"geometry":{"type":"Polygon","coordinates":[[[-51.53502432028849,-28.786699831863338],[-51.535111892545565,-28.777403100086016],[-51.52517334508786,-28.777321023049392],[-51.525085419772,-28.786617747660898],[-51.53502432028849,-28.786699831863338]]]}},{"type":"Feature","properties":{"id_grade":"1KME5230N8140","pop":12,"dom":6,"universo_dom":"domicilios_ocupados_grade_ibge_2022","na_bacia":1,"area_pct_bacia":100.0,"metodo_recorte_bacia":"ponto_representativo_grade_2022; area_pct_geometrica"},"geometry":{"type":"Polygon","coordinates":[[[-51.714006786427646,-28.778824017200183],[-51.714087997745395,-28.769527642546418],[-51.70414969517593,-28.769451516353627],[-51.70406813081295,-28.778747884363906],[-51.714006786427646,-28.778824017200183]]]}},{"type":"Feature","properties":{"id_grade":"1KME5231N8140","pop":2,"dom":1,"universo_dom":"domicilios_ocupados_grade_ibge_2022","na_bacia":1,"area_pct_bacia":100.0,"metodo_recorte_bacia":"ponto_representativo_grade_2022; area_pct_geometrica"},"geometry":{"type":"Polygon","coordinates":[[[-51.70406813081295,-28.778747884363906],[-51.70414969517593,-28.769451516353627],[-51.694211398401364,-28.769375059950182],[-51.69412948099378,-28.77867142128765],[-51.70406813081295,-28.778747884363906]]]}},{"type":"Feature","properties":{"id_grade":"1KME5232N8140","pop":16,"dom":6,"universo_dom":"domicilios_ocupados_grade_ibge_2022","na_bacia":1,"area_pct_bacia":100.0,"metodo_recorte_bacia":"ponto_representativo_grade_2022; area_pct_geometrica"},"geometry":{"type":"Polygon","coordinates":[[[-51.69412948099378,-28.77867142128765],[-51.694211398401364,-28.769375059950182],[-51.6842731074468,-28.769298273336457],[-51.68419083699522,-28.778594627972957],[-51.69412948099378,-28.77867142128765]]]}},{"type":"Feature","properties":{"id_grade":"1KME5235N8140","pop":3,"dom":2,"universo_dom":"domicilios_ocupados_grade_ibge_2022","na_bacia":1,"area_pct_bacia":100.0,"metodo_recorte_bacia":"ponto_representativo_grade_2022; area_pct_geometrica"},"geometry":{"type":"Polygon","coordinates":[[[-51.66431356656026,-28.778440050629893],[-51.66439654309794,-28.769143709482083],[-51.65445826975382,-28.769065932242608],[-51.65437494017402,-28.77836226660297],[-51.66431356656026,-28.778440050629893]]]}},{"type":"Feature","properties":{"id_grade":"1KME5236N8140","pop":151,"dom":54,"universo_dom":"domicilios_ocupados_grade_ibge_2022","na_bacia":1,"area_pct_bacia":100.0,"metodo_recorte_bacia":"ponto_representativo_grade_2022; area_pct_geometrica"},"geometry":{"type":"Polygon","coordinates":[[[-51.65437494017402,-28.77836226660297],[-51.65445826975382,-28.769065932242608],[-51.644520002330005,-28.768987824796184],[-51.64443631970873,-28.778284152339925],[-51.65437494017402,-28.77836226660297]]]}},{"type":"Feature","properties":{"id_grade":"1KME5237N8140","pop":45,"dom":16,"universo_dom":"domicilios_ocupados_grade_ibge_2022","na_bacia":1,"area_pct_bacia":100.0,"metodo_recorte_bacia":"ponto_representativo_grade_2022; area_pct_geometrica"},"geometry":{"type":"Polygon","coordinates":[[[-51.64443631970873,-28.778284152339925],[-51.644520002330005,-28.768987824796184],[-51.634581740851566,-28.768909387143427],[-51.634497705189446,-28.77820570784171],[-51.64443631970873,-28.778284152339925]]]}},{"type":"Feature","properties":{"id_grade":"1KME5238N8140","pop":101,"dom":40,"universo_dom":"domicilios_ocupados_grade_ibge_2022","na_bacia":1,"area_pct_bacia":100.0,"metodo_recorte_bacia":"ponto_representativo_grade_2022; area_pct_geometrica"},"geometry":{"type":"Polygon","coordinates":[[[-51.634497705189446,-28.77820570784171],[-51.634581740851566,-28.768909387143427],[-51.624643485343604,-28.76883061928462],[-51.62455909664127,-28.778126933109064],[-51.634497705189446,-28.77820570784171]]]}},{"type":"Feature","properties":{"id_grade":"1KME5242N8140","pop":3,"dom":1,"universo_dom":"domicilios_ocupados_grade_ibge_2022","na_bacia":1,"area_pct_bacia":100.0,"metodo_recorte_bacia":"ponto_representativo_grade_2022; area_pct_geometrica"},"geometry":{"type":"Polygon","coordinates":[[[-51.59474330707414,-28.777888627512],[-51.59482875489327,-28.768592334481955],[-51.58489052351795,-28.768512245807766],[-51.584804722661175,-28.77780853184867],[-51.59474330707414,-28.777888627512]]]}},{"type":"Feature","properties":{"id_grade":"1KME5243N8140","pop":3,"dom":1,"universo_dom":"domicilios_ocupados_grade_ibge_2022","na_bacia":1,"area_pct_bacia":100.0,"metodo_recorte_bacia":"ponto_representativo_grade_2022; area_pct_geometrica"},"geometry":{"type":"Polygon","coordinates":[[[-51.584804722661175,-28.77780853184867],[-51.58489052351795,-28.768512245807766],[-51.57495229823848,-28.76843182693182],[-51.57486614434472,-28.777728105954882],[-51.584804722661175,-28.77780853184867]]]}},{"type":"Feature","properties":{"id_grade":"1KME5248N8140","pop":10,"dom":4,"universo_dom":"domicilios_ocupados_grade_ibge_2022","na_bacia":1,"area_pct_bacia":100.0,"metodo_recorte_bacia":"ponto_representativo_grade_2022; area_pct_geometrica"},"geometry":{"type":"Polygon","coordinates":[[[-51.535111892545565,-28.777403100086016],[-51.53519945858074,-28.76810684942242],[-51.525261264156725,-28.768024779547783],[-51.52517334508786,-28.777321023049392],[-51.535111892545565,-28.777403100086016]]]}},{"type":"Feature","properties":{"id_grade":"1KME5235N8141","pop":21,"dom":5,"universo_dom":"domicilios_ocupados_grade_ibge_2022","na_bacia":1,"area_pct_bacia":100.0,"metodo_recorte_bacia":"ponto_representativo_grade_2022; area_pct_geometrica"},"geometry":{"type":"Polygon","coordinates":[[[-51.66439654309794,-28.769143709482083],[-51.664479513740396,-28.75984784912576],[-51.654541593413306,-28.75977007867052],[-51.65445826975382,-28.769065932242608],[-51.66439654309794,-28.769143709482083]]]}},{"type":"Feature","properties":{"id_grade":"1KME5236N8141","pop":18,"dom":7,"universo_dom":"domicilios_ocupados_grade_ibge_2022","na_bacia":1,"area_pct_bacia":100.0,"metodo_recorte_bacia":"ponto_representativo_grade_2022; area_pct_geometrica"},"geometry":{"type":"Polygon","coordinates":[[[-51.65445826975382,-28.769065932242608],[-51.654541593413306,-28.75977007867052],[-51.6446036790059,-28.759691978036752],[-51.644520002330005,-28.768987824796184],[-51.65445826975382,-28.769065932242608]]]}},{"type":"Feature","properties":{"id_grade":"1KME5237N8141","pop":20,"dom":5,"universo_dom":"domicilios_ocupados_grade_ibge_2022","na_bacia":1,"area_pct_bacia":100.0,"metodo_recorte_bacia":"ponto_representativo_grade_2022; area_pct_geometrica"},"geometry":{"type":"Polygon","coordinates":[[[-51.644520002330005,-28.768987824796184],[-51.6446036790059,-28.759691978036752],[-51.63466577054323,-28.759613547225367],[-51.634581740851566,-28.768909387143427],[-51.644520002330005,-28.768987824796184]]]}},{"type":"Feature","properties":{"id_grade":"1KME5243N8141","pop":19,"dom":6,"universo_dom":"domicilios_ocupados_grade_ibge_2022","na_bacia":1,"area_pct_bacia":100.0,"metodo_recorte_bacia":"ponto_representativo_grade_2022; area_pct_geometrica"},"geometry":{"type":"Polygon","coordinates":[[[-51.58489052351795,-28.768512245807766],[-51.584976318278855,-28.759216440529286],[-51.575038446011305,-28.75913602866757],[-51.57495229823848,-28.76843182693182],[-51.58489052351795,-28.768512245807766]]]}},{"type":"Feature","properties":{"id_grade":"1KME5244N8141","pop":5,"dom":2,"universo_dom":"domicilios_ocupados_grade_ibge_2022","na_bacia":1,"area_pct_bacia":100.0,"metodo_recorte_bacia":"ponto_representativo_grade_2022; area_pct_geometrica"},"geometry":{"type":"Polygon","coordinates":[[[-51.57495229823848,-28.76843182693182],[-51.575038446011305,-28.75913602866757],[-51.56510057986403,-28.75905528663332],[-51.565014079079944,-28.768351077854525],[-51.57495229823848,-28.76843182693182]]]}},{"type":"Feature","properties":{"id_grade":"1KME5245N8141","pop":18,"dom":5,"universo_dom":"domicilios_ocupados_grade_ibge_2022","na_bacia":1,"area_pct_bacia":100.0,"metodo_recorte_bacia":"ponto_representativo_grade_2022; area_pct_geometrica"},"geometry":{"type":"Polygon","coordinates":[[[-51.565014079079944,-28.768351077854525],[-51.56510057986403,-28.75905528663332],[-51.55516271986211,-28.758974214427212],[-51.555075866067426,-28.768269998576695],[-51.565014079079944,-28.768351077854525]]]}},{"type":"Feature","properties":{"id_grade":"1KME5246N8141","pop":8,"dom":3,"universo_dom":"domicilios_ocupados_grade_ibge_2022","na_bacia":1,"area_pct_bacia":100.0,"metodo_recorte_bacia":"ponto_representativo_grade_2022; area_pct_geometrica"},"geometry":{"type":"Polygon","coordinates":[[[-51.555075866067426,-28.768269998576695],[-51.55516271986211,-28.758974214427212],[-51.54522486603062,-28.758892812050195],[-51.545137659226,-28.76818858909916],[-51.555075866067426,-28.768269998576695]]]}},{"type":"Feature","properties":{"id_grade":"1KME5247N8141","pop":3,"dom":1,"universo_dom":"domicilios_ocupados_grade_ibge_2022","na_bacia":1,"area_pct_bacia":100.0,"metodo_recorte_bacia":"ponto_representativo_grade_2022; area_pct_geometrica"},"geometry":{"type":"Polygon","coordinates":[[[-51.545137659226,-28.76818858909916],[-51.54522486603062,-28.758892812050195],[-51.53528701839466,-28.75881107950281],[-51.53519945858074,-28.76810684942242],[-51.545137659226,-28.76818858909916]]]}},{"type":"Feature","properties":{"id_grade":"1KME5235N8142","pop":25,"dom":8,"universo_dom":"domicilios_ocupados_grade_ibge_2022","na_bacia":1,"area_pct_bacia":100.0,"metodo_recorte_bacia":"ponto_representativo_grade_2022; area_pct_geometrica"},"geometry":{"type":"Polygon","coordinates":[[[-51.664479513740396,-28.75984784912576],[-51.66456247848825,-28.750552469190993],[-51.65462491115312,-28.750474705516055],[-51.654541593413306,-28.75977007867052],[-51.664479513740396,-28.75984784912576]]]}},{"type":"Feature","properties":{"id_grade":"1KME5236N8142","pop":82,"dom":33,"universo_dom":"domicilios_ocupados_grade_ibge_2022","na_bacia":1,"area_pct_bacia":100.0,"metodo_recorte_bacia":"ponto_representativo_grade_2022; area_pct_geometrica"},"geometry":{"type":"Polygon","coordinates":[[[-51.654541593413306,-28.75977007867052],[-51.65462491115312,-28.750474705516055],[-51.64468734973704,-28.750396611691414],[-51.6446036790059,-28.759691978036752],[-51.654541593413306,-28.75977007867052]]]}},{"type":"Feature","properties":{"id_grade":"1KME5242N8142","pop":20,"dom":6,"universo_dom":"domicilios_ocupados_grade_ibge_2022","na_bacia":1,"area_pct_bacia":100.0,"metodo_recorte_bacia":"ponto_representativo_grade_2022; area_pct_geometrica"},"geometry":{"type":"Polygon","coordinates":[[[-51.594914196641625,-28.75929652221796],[-51.59499963231984,-28.750001190350158],[-51.58506210694456,-28.7499211156436],[-51.584976318278855,-28.759216440529286],[-51.594914196641625,-28.75929652221796]]]}},{"type":"Feature","properties":{"id_grade":"1KME5244N8142","pop":3,"dom":1,"universo_dom":"domicilios_ocupados_grade_ibge_2022","na_bacia":1,"area_pct_bacia":100.0,"metodo_recorte_bacia":"ponto_representativo_grade_2022; area_pct_geometrica"},"geometry":{"type":"Polygon","coordinates":[[[-51.575038446011305,-28.75913602866757],[-51.575124587663844,-28.749840710792107],[-51.56518707450275,-28.749759975796906],[-51.56510057986403,-28.75905528663332],[-51.575038446011305,-28.75913602866757]]]}},{"type":"Feature","properties":{"id_grade":"1KME5246N8142","pop":44,"dom":18,"universo_dom":"domicilios_ocupados_grade_ibge_2022","na_bacia":1,"area_pct_bacia":100.0,"metodo_recorte_bacia":"ponto_representativo_grade_2022; area_pct_geometrica"},"geometry":{"type":"Polygon","coordinates":[[[-51.55516271986211,-28.758974214427212],[-51.555249567486364,-28.74967891065915],[-51.54531206663977,-28.749597515378856],[-51.54522486603062,-28.758892812050195],[-51.55516271986211,-28.758974214427212]]]}},{"type":"Feature","properties":{"id_grade":"1KME5235N8143","pop":11,"dom":4,"universo_dom":"domicilios_ocupados_grade_ibge_2022","na_bacia":1,"area_pct_bacia":100.0,"metodo_recorte_bacia":"ponto_representativo_grade_2022; area_pct_geometrica"},"geometry":{"type":"Polygon","coordinates":[[[-51.66456247848825,-28.750552469190993],[-51.66464543734214,-28.74125756930793],[-51.654708222973895,-28.741179812409896],[-51.65462491115312,-28.750474705516055],[-51.66456247848825,-28.750552469190993]]]}},{"type":"Feature","properties":{"id_grade":"1KME5236N8143","pop":11,"dom":5,"universo_dom":"domicilios_ocupados_grade_ibge_2022","na_bacia":1,"area_pct_bacia":100.0,"metodo_recorte_bacia":"ponto_representativo_grade_2022; area_pct_geometrica"},"geometry":{"type":"Polygon","coordinates":[[[-51.65462491115312,-28.750474705516055],[-51.654708222973895,-28.741179812409896],[-51.644771014524046,-28.741101725391008],[-51.64468734973704,-28.750396611691414],[-51.65462491115312,-28.750474705516055]]]}},{"type":"Feature","properties":{"id_grade":"1KME5237N8143","pop":33,"dom":11,"universo_dom":"domicilios_ocupados_grade_ibge_2022","na_bacia":1,"area_pct_bacia":100.0,"metodo_recorte_bacia":"ponto_representativo_grade_2022; area_pct_geometrica"},"geometry":{"type":"Polygon","coordinates":[[[-51.64468734973704,-28.750396611691414],[-51.644771014524046,-28.741101725391008],[-51.63483381201771,-28.741023308251858],[-51.63474979426507,-28.75031818771822],[-51.64468734973704,-28.750396611691414]]]}},{"type":"Feature","properties":{"id_grade":"1KME5242N8143","pop":41,"dom":14,"universo_dom":"domicilios_ocupados_grade_ibge_2022","na_bacia":1,"area_pct_bacia":100.0,"metodo_recorte_bacia":"ponto_representativo_grade_2022; area_pct_geometrica"},"geometry":{"type":"Polygon","coordinates":[[[-51.59499963231984,-28.750001190350158],[-51.59508506192857,-28.74070633850892],[-51.58514788951571,-28.7406262707802],[-51.58506210694456,-28.7499211156436],[-51.59499963231984,-28.750001190350158]]]}},{"type":"Feature","properties":{"id_grade":"1KME5243N8143","pop":48,"dom":15,"universo_dom":"domicilios_ocupados_grade_ibge_2022","na_bacia":1,"area_pct_bacia":100.0,"metodo_recorte_bacia":"ponto_representativo_grade_2022; area_pct_geometrica"},"geometry":{"type":"Polygon","coordinates":[[[-51.58506210694456,-28.7499211156436],[-51.58514788951571,-28.7406262707802],[-51.57521072319675,-28.740545872935595],[-51.575124587663844,-28.749840710792107],[-51.58506210694456,-28.7499211156436]]]}},{"type":"Feature","properties":{"id_grade":"1KME5244N8143","pop":26,"dom":8,"universo_dom":"domicilios_ocupados_grade_ibge_2022","na_bacia":1,"area_pct_bacia":100.0,"metodo_recorte_bacia":"ponto_representativo_grade_2022; area_pct_geometrica"},"geometry":{"type":"Polygon","coordinates":[[[-51.575124587663844,-28.749840710792107],[-51.57521072319675,-28.740545872935595],[-51.56527356299677,-28.740465144976284],[-51.56518707450275,-28.749759975796906],[-51.575124587663844,-28.749840710792107]]]}},{"type":"Feature","properties":{"id_grade":"1KME5245N8143","pop":16,"dom":4,"universo_dom":"domicilios_ocupados_grade_ibge_2022","na_bacia":1,"area_pct_bacia":100.0,"metodo_recorte_bacia":"ponto_representativo_grade_2022; area_pct_geometrica"},"geometry":{"type":"Polygon","coordinates":[[[-51.56518707450275,-28.749759975796906],[-51.56527356299677,-28.740465144976284],[-51.555336408940846,-28.740384086902395],[-51.555249567486364,-28.74967891065915],[-51.56518707450275,-28.749759975796906]]]}},{"type":"Feature","properties":{"id_grade":"1KME5246N8143","pop":6,"dom":3,"universo_dom":"domicilios_ocupados_grade_ibge_2022","na_bacia":1,"area_pct_bacia":100.0,"metodo_recorte_bacia":"ponto_representativo_grade_2022; area_pct_geometrica"},"geometry":{"type":"Polygon","coordinates":[[[-51.555249567486364,-28.74967891065915],[-51.555336408940846,-28.740384086902395],[-51.54539926105404,-28.74030269871512],[-51.54531206663977,-28.749597515378856],[-51.555249567486364,-28.74967891065915]]]}},{"type":"Feature","properties":{"id_grade":"1KME5247N8143","pop":29,"dom":11,"universo_dom":"domicilios_ocupados_grade_ibge_2022","na_bacia":1,"area_pct_bacia":100.0,"metodo_recorte_bacia":"ponto_representativo_grade_2022; area_pct_geometrica"},"geometry":{"type":"Polygon","coordinates":[[[-51.54531206663977,-28.749597515378856],[-51.54539926105404,-28.74030269871512],[-51.53546211936141,-28.74022098041533],[-51.535374571988,-28.749515789956842],[-51.54531206663977,-28.749597515378856]]]}},{"type":"Feature","properties":{"id_grade":"1KME5248N8143","pop":26,"dom":12,"universo_dom":"domicilios_ocupados_grade_ibge_2022","na_bacia":1,"area_pct_bacia":100.0,"metodo_recorte_bacia":"ponto_representativo_grade_2022; area_pct_geometrica"},"geometry":{"type":"Polygon","coordinates":[[[-51.535374571988,-28.749515789956842],[-51.53546211936141,-28.74022098041533],[-51.525524983888054,-28.740138932003223],[-51.525437083556156,-28.74943373439467],[-51.535374571988,-28.749515789956842]]]}},{"type":"Feature","properties":{"id_grade":"1KME5237N8144","pop":2,"dom":1,"universo_dom":"domicilios_ocupados_grade_ibge_2022","na_bacia":1,"area_pct_bacia":100.0,"metodo_recorte_bacia":"ponto_representativo_grade_2022; area_pct_geometrica"},"geometry":{"type":"Polygon","coordinates":[[[-51.644771014524046,-28.741101725391008],[-51.64485467336759,-28.731807318765668],[-51.63491782380179,-28.731728908457217],[-51.63483381201771,-28.741023308251858],[-51.644771014524046,-28.741101725391008]]]}},{"type":"Feature","properties":{"id_grade":"1KME5238N8144","pop":11,"dom":4,"universo_dom":"domicilios_ocupados_grade_ibge_2022","na_bacia":1,"area_pct_bacia":100.0,"metodo_recorte_bacia":"ponto_representativo_grade_2022; area_pct_geometrica"},"geometry":{"type":"Polygon","coordinates":[[[-51.63483381201771,-28.741023308251858],[-51.63491782380179,-28.731728908457217],[-51.62498098020391,-28.731650168058216],[-51.62489661547991,-28.740944560993523],[-51.63483381201771,-28.741023308251858]]]}},{"type":"Feature","properties":{"id_grade":"1KME5240N8144","pop":101,"dom":38,"universo_dom":"domicilios_ocupados_grade_ibge_2022","na_bacia":1,"area_pct_bacia":100.0,"metodo_recorte_bacia":"ponto_representativo_grade_2022; area_pct_geometrica"},"geometry":{"type":"Polygon","coordinates":[[[-51.61495942493575,-28.740865483616197],[-51.615044142599025,-28.73157109756944],[-51.605107311012176,-28.731491696991142],[-51.60502224041027,-28.740786076121253],[-51.61495942493575,-28.740865483616197]]]}},{"type":"Feature","properties":{"id_grade":"1KME5241N8144","pop":5,"dom":1,"universo_dom":"domicilios_ocupados_grade_ibge_2022","na_bacia":1,"area_pct_bacia":100.0,"metodo_recorte_bacia":"ponto_representativo_grade_2022; area_pct_geometrica"},"geometry":{"type":"Polygon","coordinates":[[[-51.60502224041027,-28.740786076121253],[-51.605107311012176,-28.731491696991142],[-51.595170485468465,-28.73141196632449],[-51.59508506192857,-28.74070633850892],[-51.60502224041027,-28.740786076121253]]]}},{"type":"Feature","properties":{"id_grade":"1KME5242N8144","pop":16,"dom":6,"universo_dom":"domicilios_ocupados_grade_ibge_2022","na_bacia":1,"area_pct_bacia":100.0,"metodo_recorte_bacia":"ponto_representativo_grade_2022; area_pct_geometrica"},"geometry":{"type":"Polygon","coordinates":[[[-51.59508506192857,-28.74070633850892],[-51.595170485468465,-28.73141196632449],[-51.585233665992945,-28.731331905570077],[-51.58514788951571,-28.7406262707802],[-51.59508506192857,-28.74070633850892]]]}},{"type":"Feature","properties":{"id_grade":"1KME5243N8144","pop":18,"dom":4,"universo_dom":"domicilios_ocupados_grade_ibge_2022","na_bacia":1,"area_pct_bacia":100.0,"metodo_recorte_bacia":"ponto_representativo_grade_2022; area_pct_geometrica"},"geometry":{"type":"Polygon","coordinates":[[[-51.58514788951571,-28.7406262707802],[-51.585233665992945,-28.731331905570077],[-51.57529685261068,-28.731251514728672],[-51.57521072319675,-28.740545872935595],[-51.58514788951571,-28.7406262707802]]]}},{"type":"Feature","properties":{"id_grade":"1KME5244N8144","pop":8,"dom":3,"universo_dom":"domicilios_ocupados_grade_ibge_2022","na_bacia":1,"area_pct_bacia":100.0,"metodo_recorte_bacia":"ponto_representativo_grade_2022; area_pct_geometrica"},"geometry":{"type":"Polygon","coordinates":[[[-51.57521072319675,-28.740545872935595],[-51.57529685261068,-28.731251514728672],[-51.56536004534674,-28.73117079380098],[-51.56527356299677,-28.740465144976284],[-51.57521072319675,-28.740545872935595]]]}},{"type":"Feature","properties":{"id_grade":"1KME5245N8144","pop":4,"dom":1,"universo_dom":"domicilios_ocupados_grade_ibge_2022","na_bacia":1,"area_pct_bacia":100.0,"metodo_recorte_bacia":"ponto_representativo_grade_2022; area_pct_geometrica"},"geometry":{"type":"Polygon","coordinates":[[[-51.56527356299677,-28.740465144976284],[-51.56536004534674,-28.73117079380098],[-51.555423244226205,-28.73108974278781],[-51.555336408940846,-28.740384086902395],[-51.56527356299677,-28.740465144976284]]]}},{"type":"Feature","properties":{"id_grade":"1KME5235N8145","pop":9,"dom":2,"universo_dom":"domicilios_ocupados_grade_ibge_2022","na_bacia":1,"area_pct_bacia":100.0,"metodo_recorte_bacia":"ponto_representativo_grade_2022; area_pct_geometrica"},"geometry":{"type":"Polygon","coordinates":[[[-51.66472839030269,-28.731963149107024],[-51.66481133737051,-28.722669208219223],[-51.65487482886081,-28.722591464864106],[-51.654791528876245,-28.731885398982257],[-51.66472839030269,-28.731963149107024]]]}},{"type":"Feature","properties":{"id_grade":"1KME5236N8145","pop":4,"dom":1,"universo_dom":"domicilios_ocupados_grade_ibge_2022","na_bacia":1,"area_pct_bacia":100.0,"metodo_recorte_bacia":"ponto_representativo_grade_2022; area_pct_geometrica"},"geometry":{"type":"Polygon","coordinates":[[[-51.654791528876245,-28.731885398982257],[-51.65487482886081,-28.722591464864106],[-51.64493832626828,-28.722513391445794],[-51.64485467336759,-28.731807318765668],[-51.654791528876245,-28.731885398982257]]]}},{"type":"Feature","properties":{"id_grade":"1KME5237N8145","pop":8,"dom":3,"universo_dom":"domicilios_ocupados_grade_ibge_2022","na_bacia":1,"area_pct_bacia":100.0,"metodo_recorte_bacia":"ponto_representativo_grade_2022; area_pct_geometrica"},"geometry":{"type":"Polygon","coordinates":[[[-51.64485467336759,-28.731807318765668],[-51.64493832626828,-28.722513391445794],[-51.635001829617956,-28.722434987964526],[-51.63491782380179,-28.731728908457217],[-51.64485467336759,-28.731807318765668]]]}},{"type":"Feature","properties":{"id_grade":"1KME5240N8145","pop":17,"dom":5,"universo_dom":"domicilios_ocupados_grade_ibge_2022","na_bacia":1,"area_pct_bacia":100.0,"metodo_recorte_bacia":"ponto_representativo_grade_2022; area_pct_geometrica"},"geometry":{"type":"Polygon","coordinates":[[[-51.615044142599025,-28.73157109756944],[-51.61512885424423,-28.722277190817195],[-51.605192375570965,-28.72219779715224],[-51.605107311012176,-28.731491696991142],[-51.615044142599025,-28.73157109756944]]]}},{"type":"Feature","properties":{"id_grade":"1KME5241N8145","pop":22,"dom":8,"universo_dom":"domicilios_ocupados_grade_ibge_2022","na_bacia":1,"area_pct_bacia":100.0,"metodo_recorte_bacia":"ponto_representativo_grade_2022; area_pct_geometrica"},"geometry":{"type":"Polygon","coordinates":[[[-51.605107311012176,-28.731491696991142],[-51.605192375570965,-28.72219779715224],[-51.59525590294017,-28.72211807342758],[-51.595170485468465,-28.73141196632449],[-51.605107311012176,-28.731491696991142]]]}},{"type":"Feature","properties":{"id_grade":"1KME5242N8145","pop":1,"dom":1,"universo_dom":"domicilios_ocupados_grade_ibge_2022","na_bacia":1,"area_pct_bacia":100.0,"metodo_recorte_bacia":"ponto_representativo_grade_2022; area_pct_geometrica"},"geometry":{"type":"Polygon","coordinates":[[[-51.595170485468465,-28.73141196632449],[-51.59525590294017,-28.72211807342758],[-51.58531943637692,-28.72203801964381],[-51.585233665992945,-28.731331905570077],[-51.595170485468465,-28.73141196632449]]]}},{"type":"Feature","properties":{"id_grade":"1KME5243N8145","pop":40,"dom":15,"universo_dom":"domicilios_ocupados_grade_ibge_2022","na_bacia":1,"area_pct_bacia":100.0,"metodo_recorte_bacia":"ponto_representativo_grade_2022; area_pct_geometrica"},"geometry":{"type":"Polygon","coordinates":[[[-51.585233665992945,-28.731331905570077],[-51.58531943637692,-28.72203801964381],[-51.57538297590629,-28.721957635801765],[-51.57529685261068,-28.731251514728672],[-51.585233665992945,-28.731331905570077]]]}},{"type":"Feature","properties":{"id_grade":"1KME5244N8145","pop":20,"dom":8,"universo_dom":"domicilios_ocupados_grade_ibge_2022","na_bacia":1,"area_pct_bacia":100.0,"metodo_recorte_bacia":"ponto_representativo_grade_2022; area_pct_geometrica"},"geometry":{"type":"Polygon","coordinates":[[[-51.57529685261068,-28.731251514728672],[-51.57538297590629,-28.721957635801765],[-51.56544652155332,-28.72187692190223],[-51.56536004534674,-28.73117079380098],[-51.57529685261068,-28.731251514728672]]]}},{"type":"Feature","properties":{"id_grade":"1KME5245N8145","pop":23,"dom":7,"universo_dom":"domicilios_ocupados_grade_ibge_2022","na_bacia":1,"area_pct_bacia":100.0,"metodo_recorte_bacia":"ponto_representativo_grade_2022; area_pct_geometrica"},"geometry":{"type":"Polygon","coordinates":[[[-51.56536004534674,-28.73117079380098],[-51.56544652155332,-28.72187692190223],[-51.5555100733431,-28.72179587794602],[-51.555423244226205,-28.73108974278781],[-51.56536004534674,-28.73117079380098]]]}},{"type":"Feature","properties":{"id_grade":"1KME5235N8146","pop":4,"dom":2,"universo_dom":"domicilios_ocupados_grade_ibge_2022","na_bacia":1,"area_pct_bacia":100.0,"metodo_recorte_bacia":"ponto_representativo_grade_2022; area_pct_geometrica"},"geometry":{"type":"Polygon","coordinates":[[[-51.66481133737051,-28.722669208219223],[-51.66489427854625,-28.71337574627476],[-51.654958122928235,-28.713298009686042],[-51.65487482886081,-28.722591464864106],[-51.66481133737051,-28.722669208219223]]]}},{"type":"Feature","properties":{"id_grade":"1KME5236N8146","pop":24,"dom":7,"universo_dom":"domicilios_ocupados_grade_ibge_2022","na_bacia":1,"area_pct_bacia":100.0,"metodo_recorte_bacia":"ponto_representativo_grade_2022; area_pct_geometrica"},"geometry":{"type":"Polygon","coordinates":[[[-51.65487482886081,-28.722591464864106],[-51.654958122928235,-28.713298009686042],[-51.64502197322674,-28.71321994306233],[-51.64493832626828,-28.722513391445794],[-51.65487482886081,-28.722591464864106]]]}},{"type":"Feature","properties":{"id_grade":"1KME5238N8146","pop":1,"dom":1,"universo_dom":"domicilios_ocupados_grade_ibge_2022","na_bacia":1,"area_pct_bacia":100.0,"metodo_recorte_bacia":"ponto_representativo_grade_2022; area_pct_geometrica"},"geometry":{"type":"Polygon","coordinates":[[[-51.635001829617956,-28.722434987964526],[-51.63508582946684,-28.71314154640479],[-51.625149691673585,-28.713062819713787],[-51.625065338934924,-28.72235625442141],[-51.635001829617956,-28.722434987964526]]]}},{"type":"Feature","properties":{"id_grade":"1KME5240N8146","pop":10,"dom":4,"universo_dom":"domicilios_ocupados_grade_ibge_2022","na_bacia":1,"area_pct_bacia":100.0,"metodo_recorte_bacia":"ponto_representativo_grade_2022; area_pct_geometrica"},"geometry":{"type":"Polygon","coordinates":[[[-51.61512885424423,-28.722277190817195],[-51.61521355987204,-28.71298376299051],[-51.60527743408726,-28.712904376235297],[-51.605192375570965,-28.72219779715224],[-51.61512885424423,-28.722277190817195]]]}},{"type":"Feature","properties":{"id_grade":"1KME5243N8146","pop":25,"dom":8,"universo_dom":"domicilios_ocupados_grade_ibge_2022","na_bacia":1,"area_pct_bacia":100.0,"metodo_recorte_bacia":"ponto_representativo_grade_2022; area_pct_geometrica"},"geometry":{"type":"Polygon","coordinates":[[[-51.58531943637692,-28.72203801964381],[-51.58540520066829,-28.712744612632367],[-51.575469093084216,-28.71266423578613],[-51.57538297590629,-28.721957635801765],[-51.58531943637692,-28.72203801964381]]]}},{"type":"Feature","properties":{"id_grade":"1KME5244N8146","pop":7,"dom":4,"universo_dom":"domicilios_ocupados_grade_ibge_2022","na_bacia":1,"area_pct_bacia":100.0,"metodo_recorte_bacia":"ponto_representativo_grade_2022; area_pct_geometrica"},"geometry":{"type":"Polygon","coordinates":[[[-51.57538297590629,-28.721957635801765],[-51.575469093084216,-28.71266423578613],[-51.56553299161716,-28.71258352891117],[-51.56544652155332,-28.72187692190223],[-51.57538297590629,-28.721957635801765]]]}},{"type":"Feature","properties":{"id_grade":"1KME5245N8146","pop":61,"dom":22,"universo_dom":"domicilios_ocupados_grade_ibge_2022","na_bacia":1,"area_pct_bacia":100.0,"metodo_recorte_bacia":"ponto_representativo_grade_2022; area_pct_geometrica"},"geometry":{"type":"Polygon","coordinates":[[[-51.56544652155332,-28.72187692190223],[-51.56553299161716,-28.71258352891117],[-51.555596896292194,-28.712502492007797],[-51.5555100733431,-28.72179587794602],[-51.56544652155332,-28.72187692190223]]]}},{"type":"Feature","properties":{"id_grade":"1KME5235N8147","pop":6,"dom":3,"universo_dom":"domicilios_ocupados_grade_ibge_2022","na_bacia":1,"area_pct_bacia":100.0,"metodo_recorte_bacia":"ponto_representativo_grade_2022; area_pct_geometrica"},"geometry":{"type":"Polygon","coordinates":[[[-51.66489427854625,-28.71337574627476],[-51.664977213830525,-28.704082762905198],[-51.65504141107913,-28.704005033078758],[-51.654958122928235,-28.713298009686042],[-51.66489427854625,-28.71337574627476]]]}},{"type":"Feature","properties":{"id_grade":"1KME5236N8147","pop":22,"dom":7,"universo_dom":"domicilios_ocupados_grade_ibge_2022","na_bacia":1,"area_pct_bacia":100.0,"metodo_recorte_bacia":"ponto_representativo_grade_2022; area_pct_geometrica"},"geometry":{"type":"Polygon","coordinates":[[[-51.654958122928235,-28.713298009686042],[-51.65504141107913,-28.704005033078758],[-51.645105614243626,-28.70392697324662],[-51.64502197322674,-28.71321994306233],[-51.654958122928235,-28.713298009686042]]]}},{"type":"Feature","properties":{"id_grade":"1KME5237N8147","pop":3,"dom":1,"universo_dom":"domicilios_ocupados_grade_ibge_2022","na_bacia":1,"area_pct_bacia":100.0,"metodo_recorte_bacia":"ponto_representativo_grade_2022; area_pct_geometrica"},"geometry":{"type":"Polygon","coordinates":[[[-51.64502197322674,-28.71321994306233],[-51.645105614243626,-28.70392697324662],[-51.635169823349074,-28.703848583409005],[-51.63508582946684,-28.71314154640479],[-51.64502197322674,-28.71321994306233]]]}},{"type":"Feature","properties":{"id_grade":"1KME5238N8147","pop":6,"dom":2,"universo_dom":"domicilios_ocupados_grade_ibge_2022","na_bacia":1,"area_pct_bacia":100.0,"metodo_recorte_bacia":"ponto_representativo_grade_2022; area_pct_geometrica"},"geometry":{"type":"Polygon","coordinates":[[[-51.63508582946684,-28.71314154640479],[-51.635169823349074,-28.703848583409005],[-51.62523403842053,-28.703769863566823],[-51.625149691673585,-28.713062819713787],[-51.63508582946684,-28.71314154640479]]]}},{"type":"Feature","properties":{"id_grade":"1KME5239N8147","pop":16,"dom":8,"universo_dom":"domicilios_ocupados_grade_ibge_2022","na_bacia":1,"area_pct_bacia":100.0,"metodo_recorte_bacia":"ponto_representativo_grade_2022; area_pct_geometrica"},"geometry":{"type":"Polygon","coordinates":[[[-51.625149691673585,-28.713062819713787],[-51.62523403842053,-28.703769863566823],[-51.61529825948307,-28.70369081372059],[-51.61521355987204,-28.71298376299051],[-51.625149691673585,-28.713062819713787]]]}},{"type":"Feature","properties":{"id_grade":"1KME5240N8147","pop":27,"dom":12,"universo_dom":"domicilios_ocupados_grade_ibge_2022","na_bacia":1,"area_pct_bacia":100.0,"metodo_recorte_bacia":"ponto_representativo_grade_2022; area_pct_geometrica"},"geometry":{"type":"Polygon","coordinates":[[[-51.61521355987204,-28.71298376299051],[-51.61529825948307,-28.70369081372059],[-51.60536248656173,-28.703611433871522],[-51.60527743408726,-28.712904376235297],[-51.61521355987204,-28.71298376299051]]]}},{"type":"Feature","properties":{"id_grade":"1KME5242N8147","pop":7,"dom":3,"universo_dom":"domicilios_ocupados_grade_ibge_2022","na_bacia":1,"area_pct_bacia":100.0,"metodo_recorte_bacia":"ponto_representativo_grade_2022; area_pct_geometrica"},"geometry":{"type":"Polygon","coordinates":[[[-51.59534131434433,-28.712824659448984],[-51.59542671968159,-28.703531724019758],[-51.585490958867695,-28.703451684166634],[-51.58540520066829,-28.712744612632367],[-51.59534131434433,-28.712824659448984]]]}},{"type":"Feature","properties":{"id_grade":"1KME5235N8148","pop":25,"dom":5,"universo_dom":"domicilios_ocupados_grade_ibge_2022","na_bacia":1,"area_pct_bacia":100.0,"metodo_recorte_bacia":"ponto_representativo_grade_2022; area_pct_geometrica"},"geometry":{"type":"Polygon","coordinates":[[[-51.664977213830525,-28.704082762905198],[-51.66506014322397,-28.69479025774171],[-51.655124693314136,-28.69471253467439],[-51.65504141107913,-28.704005033078758],[-51.664977213830525,-28.704082762905198]]]}},{"type":"Feature","properties":{"id_grade":"1KME5236N8148","pop":23,"dom":7,"universo_dom":"domicilios_ocupados_grade_ibge_2022","na_bacia":1,"area_pct_bacia":100.0,"metodo_recorte_bacia":"ponto_representativo_grade_2022; area_pct_geometrica"},"geometry":{"type":"Polygon","coordinates":[[[-51.65504141107913,-28.704005033078758],[-51.655124693314136,-28.69471253467439],[-51.64518924931956,-28.69463448162972],[-51.645105614243626,-28.70392697324662],[-51.65504141107913,-28.704005033078758]]]}},{"type":"Feature","properties":{"id_grade":"1KME5242N8148","pop":8,"dom":4,"universo_dom":"domicilios_ocupados_grade_ibge_2022","na_bacia":1,"area_pct_bacia":100.0,"metodo_recorte_bacia":"ponto_representativo_grade_2022; area_pct_geometrica"},"geometry":{"type":"Polygon","coordinates":[[[-51.59542671968159,-28.703531724019758],[-51.5955121189526,-28.694239266771405],[-51.585576710975786,-28.694159233878086],[-51.585490958867695,-28.703451684166634],[-51.59542671968159,-28.703531724019758]]]}},{"type":"Feature","properties":{"id_grade":"1KME5235N8149","pop":5,"dom":2,"universo_dom":"domicilios_ocupados_grade_ibge_2022","na_bacia":1,"area_pct_bacia":100.0,"metodo_recorte_bacia":"ponto_representativo_grade_2022; area_pct_geometrica"},"geometry":{"type":"Polygon","coordinates":[[[-51.66506014322397,-28.69479025774171],[-51.66514306672722,-28.685498230415092],[-51.65520796963388,-28.685420514103544],[-51.655124693314136,-28.69471253467439],[-51.66506014322397,-28.69479025774171]]]}},{"type":"Feature","properties":{"id_grade":"1KME5236N8149","pop":8,"dom":2,"universo_dom":"domicilios_ocupados_grade_ibge_2022","na_bacia":1,"area_pct_bacia":100.0,"metodo_recorte_bacia":"ponto_representativo_grade_2022; area_pct_geometrica"},"geometry":{"type":"Polygon","coordinates":[[[-51.655124693314136,-28.69471253467439],[-51.65520796963388,-28.685420514103544],[-51.64527287845517,-28.68534246784301],[-51.64518924931956,-28.69463448162972],[-51.655124693314136,-28.69471253467439]]]}},{"type":"Feature","properties":{"id_grade":"1KME5236N8150","pop":11,"dom":6,"universo_dom":"domicilios_ocupados_grade_ibge_2022","na_bacia":1,"area_pct_bacia":100.0,"metodo_recorte_bacia":"ponto_representativo_grade_2022; area_pct_geometrica"},"geometry":{"type":"Polygon","coordinates":[[[-51.65520796963388,-28.685420514103544],[-51.655291240038984,-28.67612897099814],[-51.64535650165109,-28.676050931518045],[-51.64527287845517,-28.68534246784301],[-51.65520796963388,-28.685420514103544]]]}},{"type":"Feature","properties":{"id_grade":"1KME5237N8150","pop":4,"dom":1,"universo_dom":"domicilios_ocupados_grade_ibge_2022","na_bacia":1,"area_pct_bacia":100.0,"metodo_recorte_bacia":"ponto_representativo_grade_2022; area_pct_geometrica"},"geometry":{"type":"Polygon","coordinates":[[[-51.64527287845517,-28.68534246784301],[-51.64535650165109,-28.676050931518045],[-51.635421769202246,-28.675972562118982],[-51.63533779321614,-28.685264091634583],[-51.64527287845517,-28.68534246784301]]]}},{"type":"Feature","properties":{"id_grade":"1KME5238N8150","pop":8,"dom":3,"universo_dom":"domicilios_ocupados_grade_ibge_2022","na_bacia":1,"area_pct_bacia":100.0,"metodo_recorte_bacia":"ponto_representativo_grade_2022; area_pct_geometrica"},"geometry":{"type":"Polygon","coordinates":[[[-51.63533779321614,-28.685264091634583],[-51.635421769202246,-28.675972562118982],[-51.6254870427175,-28.67589386280098],[-51.62540271394186,-28.685185385478814],[-51.63533779321614,-28.685264091634583]]]}},{"type":"Feature","properties":{"id_grade":"1KME5240N8150","pop":15,"dom":5,"universo_dom":"domicilios_ocupados_grade_ibge_2022","na_bacia":1,"area_pct_bacia":100.0,"metodo_recorte_bacia":"ponto_representativo_grade_2022; area_pct_geometrica"},"geometry":{"type":"Polygon","coordinates":[[[-51.615467640657364,-28.685106349376504],[-51.61555232222192,-28.675814833565195],[-51.60561760774055,-28.67573547441216],[-51.605532573387734,-28.68502698332838],[-51.615467640657364,-28.685106349376504]]]}},{"type":"Feature","properties":{"id_grade":"1KME5235N8151","pop":8,"dom":3,"universo_dom":"domicilios_ocupados_grade_ibge_2022","na_bacia":1,"area_pct_bacia":100.0,"metodo_recorte_bacia":"ponto_representativo_grade_2022; area_pct_geometrica"},"geometry":{"type":"Polygon","coordinates":[[[-51.665225984340886,-28.676206680557986],[-51.6653088960656,-28.666915607801492],[-51.655374504530094,-28.666837904990008],[-51.655291240038984,-28.67612897099814],[-51.665225984340886,-28.676206680557986]]]}},{"type":"Feature","properties":{"id_grade":"1KME5236N8151","pop":8,"dom":2,"universo_dom":"domicilios_ocupados_grade_ibge_2022","na_bacia":1,"area_pct_bacia":100.0,"metodo_recorte_bacia":"ponto_representativo_grade_2022; area_pct_geometrica"},"geometry":{"type":"Polygon","coordinates":[[[-51.655291240038984,-28.67612897099814],[-51.655374504530094,-28.666837904990008],[-51.645440118907956,-28.666759872287045],[-51.64535650165109,-28.676050931518045],[-51.655291240038984,-28.67612897099814]]]}},{"type":"Feature","properties":{"id_grade":"1KME5237N8151","pop":18,"dom":5,"universo_dom":"domicilios_ocupados_grade_ibge_2022","na_bacia":1,"area_pct_bacia":100.0,"metodo_recorte_bacia":"ponto_representativo_grade_2022; area_pct_geometrica"},"geometry":{"type":"Polygon","coordinates":[[[-51.64535650165109,-28.676050931518045],[-51.645440118907956,-28.666759872287045],[-51.635505739224236,-28.666681509693095],[-51.635421769202246,-28.675972562118982],[-51.64535650165109,-28.676050931518045]]]}},{"type":"Feature","properties":{"id_grade":"1KME5240N8151","pop":5,"dom":2,"universo_dom":"domicilios_ocupados_grade_ibge_2022","na_bacia":1,"area_pct_bacia":100.0,"metodo_recorte_bacia":"ponto_representativo_grade_2022; area_pct_geometrica"},"geometry":{"type":"Polygon","coordinates":[[[-51.61555232222192,-28.675814833565195],[-51.61563699777226,-28.666523794836525],[-51.60570263605411,-28.666444442575102],[-51.60561760774055,-28.67573547441216],[-51.61555232222192,-28.675814833565195]]]}},{"type":"Feature","properties":{"id_grade":"1KME5235N8152","pop":2,"dom":1,"universo_dom":"domicilios_ocupados_grade_ibge_2022","na_bacia":1,"area_pct_bacia":100.0,"metodo_recorte_bacia":"ponto_representativo_grade_2022; area_pct_geometrica"},"geometry":{"type":"Polygon","coordinates":[[[-51.6653088960656,-28.666915607801492],[-51.665391801902004,-28.65762501177783],[-51.65545776310783,-28.657547315711284],[-51.655374504530094,-28.666837904990008],[-51.6653088960656,-28.666915607801492]]]}},{"type":"Feature","properties":{"id_grade":"1KME5236N8152","pop":9,"dom":3,"universo_dom":"domicilios_ocupados_grade_ibge_2022","na_bacia":1,"area_pct_bacia":100.0,"metodo_recorte_bacia":"ponto_representativo_grade_2022; area_pct_geometrica"},"geometry":{"type":"Polygon","coordinates":[[[-51.655374504530094,-28.666837904990008],[-51.65545776310783,-28.657547315711284],[-51.64552373022641,-28.657469289781382],[-51.645440118907956,-28.666759872287045],[-51.655374504530094,-28.666837904990008]]]}},{"type":"Feature","properties":{"id_grade":"1KME5237N8152","pop":3,"dom":1,"universo_dom":"domicilios_ocupados_grade_ibge_2022","na_bacia":1,"area_pct_bacia":100.0,"metodo_recorte_bacia":"ponto_representativo_grade_2022; area_pct_geometrica"},"geometry":{"type":"Polygon","coordinates":[[[-51.645440118907956,-28.666759872287045],[-51.64552373022641,-28.657469289781382],[-51.63558970328277,-28.65739093398962],[-51.635505739224236,-28.666681509693095],[-51.645440118907956,-28.666759872287045]]]}},{"type":"Feature","properties":{"id_grade":"1KME5235N8153","pop":23,"dom":8,"universo_dom":"domicilios_ocupados_grade_ibge_2022","na_bacia":1,"area_pct_bacia":100.0,"metodo_recorte_bacia":"ponto_representativo_grade_2022; area_pct_geometrica"},"geometry":{"type":"Polygon","coordinates":[[[-51.665391801902004,-28.65762501177783],[-51.6654747018507,-28.64833489211895],[-51.655541015772826,-28.64825720279365],[-51.65545776310783,-28.657547315711284],[-51.665391801902004,-28.65762501177783]]]}},{"type":"Feature","properties":{"id_grade":"1KME5235N8154","pop":5,"dom":2,"universo_dom":"domicilios_ocupados_grade_ibge_2022","na_bacia":1,"area_pct_bacia":100.0,"metodo_recorte_bacia":"ponto_representativo_grade_2022; area_pct_geometrica"},"geometry":{"type":"Polygon","coordinates":[[[-51.6654747018507,-28.64833489211895],[-51.66555759591234,-28.639045248457894],[-51.65562426252571,-28.63896756586997],[-51.655541015772826,-28.64825720279365],[-51.6654747018507,-28.64833489211895]]]}},{"type":"Feature","properties":{"id_grade":"1KME5236N8154","pop":8,"dom":3,"universo_dom":"domicilios_ocupados_grade_ibge_2022","na_bacia":1,"area_pct_bacia":100.0,"metodo_recorte_bacia":"ponto_representativo_grade_2022; area_pct_geometrica"},"geometry":{"type":"Polygon","coordinates":[[[-51.655541015772826,-28.64825720279365],[-51.65562426252571,-28.63896756586997],[-51.64569093505057,-28.638889553476446],[-51.64560733560706,-28.64817918363401],[-51.655541015772826,-28.64825720279365]]]}},{"type":"Feature","properties":{"id_grade":"1KME5235N8155","pop":2,"dom":1,"universo_dom":"domicilios_ocupados_grade_ibge_2022","na_bacia":1,"area_pct_bacia":100.0,"metodo_recorte_bacia":"ponto_representativo_grade_2022; area_pct_geometrica"},"geometry":{"type":"Polygon","coordinates":[[[-51.66555759591234,-28.639045248457894],[-51.66564048408753,-28.62975608042624],[-51.65570750336712,-28.629678404572502],[-51.65562426252571,-28.63896756586997],[-51.66555759591234,-28.639045248457894]]]}},{"type":"Feature","properties":{"id_grade":"200ME52388N81412","pop":9,"dom":3,"universo_dom":"domicilios_ocupados_grade_ibge_2022","na_bacia":1,"area_pct_bacia":100.0,"metodo_recorte_bacia":"ponto_representativo_grade_2022; area_pct_geometrica"},"geometry":{"type":"Polygon","coordinates":[[[-51.62663113561837,-28.768846399641603],[-51.62664799880605,-28.766987194303482],[-51.62466036218593,-28.76697141389961],[-51.624643485508386,-28.768830619237633],[-51.62663113561837,-28.768846399641603]]]}},{"type":"Feature","properties":{"id_grade":"200ME52388N81416","pop":20,"dom":6,"universo_dom":"domicilios_ocupados_grade_ibge_2022","na_bacia":1,"area_pct_bacia":100.0,"metodo_recorte_bacia":"ponto_representativo_grade_2022; area_pct_geometrica"},"geometry":{"type":"Polygon","coordinates":[[[-51.62666486109441,-28.76512800785119],[-51.62668172428209,-28.763268841183947],[-51.62469411554093,-28.763253061679464],[-51.624677238863455,-28.76511222834654],[-51.62666486109441,-28.76512800785119]]]}},{"type":"Feature","properties":{"id_grade":"200ME52380N81418","pop":3,"dom":1,"universo_dom":"domicilios_ocupados_grade_ibge_2022","na_bacia":1,"area_pct_bacia":100.0,"metodo_recorte_bacia":"ponto_representativo_grade_2022; area_pct_geometrica"},"geometry":{"type":"Polygon","coordinates":[[[-51.634632159246735,-28.763331825203558],[-51.634648964877776,-28.76147267652279],[-51.632661369626476,-28.761456950977433],[-51.632644550505574,-28.76331609875885],[-51.634632159246735,-28.763331825203558]]]}},{"type":"Feature","properties":{"id_grade":"200ME52382N81418","pop":2,"dom":1,"universo_dom":"domicilios_ocupados_grade_ibge_2022","na_bacia":1,"area_pct_bacia":100.0,"metodo_recorte_bacia":"ponto_representativo_grade_2022; area_pct_geometrica"},"geometry":{"type":"Polygon","coordinates":[[[-51.632644550505574,-28.76331609875885],[-51.632661369626476,-28.761456950977433],[-51.63067377527448,-28.761441211043024],[-51.630656940865094,-28.763300359723768],[-51.632644550505574,-28.76331609875885]]]}},{"type":"Feature","properties":{"id_grade":"200ME52386N81418","pop":2,"dom":1,"universo_dom":"domicilios_ocupados_grade_ibge_2022","na_bacia":1,"area_pct_bacia":100.0,"metodo_recorte_bacia":"ponto_representativo_grade_2022; area_pct_geometrica"},"geometry":{"type":"Polygon","coordinates":[[[-51.628669332123934,-28.7632846071988],[-51.62868618092244,-28.761425459417296],[-51.626698586570456,-28.761409693402562],[-51.62668172428209,-28.763268841183947],[-51.628669332123934,-28.7632846071988]]]}},{"type":"Feature","properties":{"id_grade":"200ME52388N81418","pop":22,"dom":9,"universo_dom":"domicilios_ocupados_grade_ibge_2022","na_bacia":1,"area_pct_bacia":100.0,"metodo_recorte_bacia":"ponto_representativo_grade_2022; area_pct_geometrica"},"geometry":{"type":"Polygon","coordinates":[[[-51.62668172428209,-28.763268841183947],[-51.626698586570456,-28.761409693402562],[-51.62471099221846,-28.761393914797278],[-51.62469411554093,-28.763253061679464],[-51.62668172428209,-28.763268841183947]]]}},{"type":"Feature","properties":{"id_grade":"200ME52388N81420","pop":17,"dom":6,"universo_dom":"domicilios_ocupados_grade_ibge_2022","na_bacia":1,"area_pct_bacia":100.0,"metodo_recorte_bacia":"ponto_representativo_grade_2022; area_pct_geometrica"},"geometry":{"type":"Polygon","coordinates":[[[-51.626698586570456,-28.761409693402562],[-51.6267154479595,-28.759550564506885],[-51.62472786799668,-28.75953478590163],[-51.62471099221846,-28.761393914797278],[-51.626698586570456,-28.761409693402562]]]}},{"type":"Feature","properties":{"id_grade":"200ME52386N81422","pop":6,"dom":3,"universo_dom":"domicilios_ocupados_grade_ibge_2022","na_bacia":1,"area_pct_bacia":100.0,"metodo_recorte_bacia":"ponto_representativo_grade_2022; area_pct_geometrica"},"geometry":{"type":"Polygon","coordinates":[[[-51.62870302792237,-28.75956633052169],[-51.62871987582156,-28.75770722051171],[-51.62673230934854,-28.757691455396333],[-51.6267154479595,-28.759550564506885],[-51.62870302792237,-28.75956633052169]]]}},{"type":"Feature","properties":{"id_grade":"200ME52388N81422","pop":8,"dom":2,"universo_dom":"domicilios_ocupados_grade_ibge_2022","na_bacia":1,"area_pct_bacia":100.0,"metodo_recorte_bacia":"ponto_representativo_grade_2022; area_pct_geometrica"},"geometry":{"type":"Polygon","coordinates":[[[-51.6267154479595,-28.759550564506885],[-51.62673230934854,-28.757691455396333],[-51.62474474377484,-28.757675677690393],[-51.62472786799668,-28.75953478590163],[-51.6267154479595,-28.759550564506885]]]}},{"type":"Feature","properties":{"id_grade":"200ME52384N81424","pop":3,"dom":1,"universo_dom":"domicilios_ocupados_grade_ibge_2022","na_bacia":1,"area_pct_bacia":100.0,"metodo_recorte_bacia":"ponto_representativo_grade_2022; area_pct_geometrica"},"geometry":{"type":"Polygon","coordinates":[[[-51.63070744229458,-28.757722973036724],[-51.63072427580465,-28.75586388191255],[-51.628736722821486,-28.755848130286942],[-51.62871987582156,-28.75770722051171],[-51.63070744229458,-28.757722973036724]]]}},{"type":"Feature","properties":{"id_grade":"200ME52386N81424","pop":9,"dom":4,"universo_dom":"domicilios_ocupados_grade_ibge_2022","na_bacia":1,"area_pct_bacia":100.0,"metodo_recorte_bacia":"ponto_representativo_grade_2022; area_pct_geometrica"},"geometry":{"type":"Polygon","coordinates":[[[-51.62871987582156,-28.75770722051171],[-51.628736722821486,-28.755848130286942],[-51.6267491716369,-28.755832365171454],[-51.62673230934854,-28.757691455396333],[-51.62871987582156,-28.75770722051171]]]}},{"type":"Feature","properties":{"id_grade":"200ME52382N81426","pop":13,"dom":5,"universo_dom":"domicilios_ocupados_grade_ibge_2022","na_bacia":1,"area_pct_bacia":100.0,"metodo_recorte_bacia":"ponto_representativo_grade_2022; area_pct_geometrica"},"geometry":{"type":"Polygon","coordinates":[[[-51.6327118278885,-28.755879620947738],[-51.6327286470094,-28.754020548709324],[-51.6307411084154,-28.754004810573512],[-51.63072427580465,-28.75586388191255],[-51.6327118278885,-28.755879620947738]]]}},{"type":"Feature","properties":{"id_grade":"200ME52384N81426","pop":6,"dom":2,"universo_dom":"domicilios_ocupados_grade_ibge_2022","na_bacia":1,"area_pct_bacia":100.0,"metodo_recorte_bacia":"ponto_representativo_grade_2022; area_pct_geometrica"},"geometry":{"type":"Polygon","coordinates":[[[-51.63072427580465,-28.75586388191255],[-51.6307411084154,-28.754004810573512],[-51.628753570720676,-28.753989058947873],[-51.628736722821486,-28.755848130286942],[-51.63072427580465,-28.75586388191255]]]}},{"type":"Feature","properties":{"id_grade":"200ME52386N81426","pop":1,"dom":1,"universo_dom":"domicilios_ocupados_grade_ibge_2022","na_bacia":1,"area_pct_bacia":100.0,"metodo_recorte_bacia":"ponto_representativo_grade_2022; area_pct_geometrica"},"geometry":{"type":"Polygon","coordinates":[[[-51.628736722821486,-28.755848130286942],[-51.628753570720676,-28.753989058947873],[-51.62676603212663,-28.75397329473172],[-51.6267491716369,-28.755832365171454],[-51.628736722821486,-28.755848130286942]]]}},{"type":"Feature","properties":{"id_grade":"200ME52382N81428","pop":5,"dom":2,"universo_dom":"domicilios_ocupados_grade_ibge_2022","na_bacia":1,"area_pct_bacia":100.0,"metodo_recorte_bacia":"ponto_representativo_grade_2022; area_pct_geometrica"},"geometry":{"type":"Polygon","coordinates":[[[-51.6327286470094,-28.754020548709324],[-51.63274546523098,-28.75216149625602],[-51.63075794102611,-28.75214575901956],[-51.6307411084154,-28.754004810573512],[-51.6327286470094,-28.754020548709324]]]}},{"type":"Feature","properties":{"id_grade":"200ME52384N81428","pop":16,"dom":6,"universo_dom":"domicilios_ocupados_grade_ibge_2022","na_bacia":1,"area_pct_bacia":100.0,"metodo_recorte_bacia":"ponto_representativo_grade_2022; area_pct_geometrica"},"geometry":{"type":"Polygon","coordinates":[[[-51.6307411084154,-28.754004810573512],[-51.63075794102611,-28.75214575901956],[-51.628770416821226,-28.75213000739385],[-51.628753570720676,-28.753989058947873],[-51.6307411084154,-28.754004810573512]]]}},{"type":"Feature","properties":{"id_grade":"200ME52388N81430","pop":2,"dom":1,"universo_dom":"domicilios_ocupados_grade_ibge_2022","na_bacia":1,"area_pct_bacia":100.0,"metodo_recorte_bacia":"ponto_representativo_grade_2022; area_pct_geometrica"},"geometry":{"type":"Polygon","coordinates":[[[-51.62678289351567,-28.752114243177743],[-51.62679975400539,-28.75025521050941],[-51.624812245089004,-28.750239433702863],[-51.624795370210116,-28.75209846547174],[-51.62678289351567,-28.752114243177743]]]}},{"type":"Feature","properties":{"id_grade":"200ME52388N81454","pop":2,"dom":1,"universo_dom":"domicilios_ocupados_grade_ibge_2022","na_bacia":1,"area_pct_bacia":100.0,"metodo_recorte_bacia":"ponto_representativo_grade_2022; area_pct_geometrica"},"geometry":{"type":"Polygon","coordinates":[[[-51.626985206801805,-28.729807121001844],[-51.62700206459357,-28.72794831945936],[-51.62501472474969,-28.72793254535067],[-51.62499785256881,-28.729791346893137],[-51.626985206801805,-28.729807121001844]]]}},{"type":"Feature","properties":{"id_grade":"200ME52380N81458","pop":3,"dom":2,"universo_dom":"domicilios_ocupados_grade_ibge_2022","na_bacia":1,"area_pct_bacia":100.0,"metodo_recorte_bacia":"ponto_representativo_grade_2022; area_pct_geometrica"},"geometry":{"type":"Polygon","coordinates":[[[-51.63496822780144,-28.72615249833912],[-51.63498502893589,-28.724293733668876],[-51.632997716071706,-28.72427801351946],[-51.63298090144742,-28.726136778189648],[-51.63496822780144,-28.72615249833912]]]}},{"type":"Feature","properties":{"id_grade":"200ME52382N81458","pop":2,"dom":1,"universo_dom":"domicilios_ocupados_grade_ibge_2022","na_bacia":1,"area_pct_bacia":100.0,"metodo_recorte_bacia":"ponto_representativo_grade_2022; area_pct_geometrica"},"geometry":{"type":"Polygon","coordinates":[[[-51.63298090144742,-28.726136778189648],[-51.632997716071706,-28.72427801351946],[-51.631010404106796,-28.724262278980987],[-51.630993574194065,-28.72612104365115],[-51.63298090144742,-28.726136778189648]]]}},{"type":"Feature","properties":{"id_grade":"200ME52380N81460","pop":5,"dom":2,"universo_dom":"domicilios_ocupados_grade_ibge_2022","na_bacia":1,"area_pct_bacia":100.0,"metodo_recorte_bacia":"ponto_representativo_grade_2022; area_pct_geometrica"},"geometry":{"type":"Polygon","coordinates":[[[-51.63498502893589,-28.724293733668876],[-51.63500182917101,-28.72243498788435],[-51.633014530696016,-28.72241926773495],[-51.632997716071706,-28.72427801351946],[-51.63498502893589,-28.724293733668876]]]}},{"type":"Feature","properties":{"id_grade":"200ME52382N81460","pop":2,"dom":1,"universo_dom":"domicilios_ocupados_grade_ibge_2022","na_bacia":1,"area_pct_bacia":100.0,"metodo_recorte_bacia":"ponto_representativo_grade_2022; area_pct_geometrica"},"geometry":{"type":"Polygon","coordinates":[[[-51.632997716071706,-28.72427801351946],[-51.633014530696016,-28.72241926773495],[-51.63102723222096,-28.7224035340958],[-51.631010404106796,-28.724262278980987],[-51.632997716071706,-28.72427801351946]]]}},{"type":"Feature","properties":{"id_grade":"200ME52384N81460","pop":2,"dom":1,"universo_dom":"domicilios_ocupados_grade_ibge_2022","na_bacia":1,"area_pct_bacia":100.0,"metodo_recorte_bacia":"ponto_representativo_grade_2022; area_pct_geometrica"},"geometry":{"type":"Polygon","coordinates":[[[-51.631010404106796,-28.724262278980987],[-51.63102723222096,-28.7224035340958],[-51.62903993464522,-28.72238778786605],[-51.62902309124263,-28.724246532751245],[-51.631010404106796,-28.724262278980987]]]}},{"type":"Feature","properties":{"id_grade":"200ME52390N81370","pop":7,"dom":2,"universo_dom":"domicilios_ocupados_grade_ibge_2022","na_bacia":1,"area_pct_bacia":100.0,"metodo_recorte_bacia":"ponto_representativo_grade_2022; area_pct_geometrica"},"geometry":{"type":"Polygon","coordinates":[[[-51.624289012328,-28.807878372189087],[-51.62430589440146,-28.806018763055416],[-51.6223179619044,-28.806002964664994],[-51.622301065441775,-28.80786257379871],[-51.624289012328,-28.807878372189087]]]}},{"type":"Feature","properties":{"id_grade":"200ME52392N81370","pop":14,"dom":4,"universo_dom":"domicilios_ocupados_grade_ibge_2022","na_bacia":1,"area_pct_bacia":100.0,"metodo_recorte_bacia":"ponto_representativo_grade_2022; area_pct_geometrica"},"geometry":{"type":"Polygon","coordinates":[[[-51.622301065441775,-28.80786257379871],[-51.6223179619044,-28.806002964664994],[-51.62033002940729,-28.80598715188551],[-51.62031311855554,-28.80784676101913],[-51.622301065441775,-28.80786257379871]]]}},{"type":"Feature","properties":{"id_grade":"200ME52394N81370","pop":3,"dom":1,"universo_dom":"domicilios_ocupados_grade_ibge_2022","na_bacia":1,"area_pct_bacia":100.0,"metodo_recorte_bacia":"ponto_representativo_grade_2022; area_pct_geometrica"},"geometry":{"type":"Polygon","coordinates":[[[-51.62031311855554,-28.80784676101913],[-51.62033002940729,-28.80598715188551],[-51.618342096910226,-28.805971327414785],[-51.61832517256863,-28.80783093564916],[-51.62031311855554,-28.80784676101913]]]}},{"type":"Feature","properties":{"id_grade":"200ME52390N81372","pop":4,"dom":2,"universo_dom":"domicilios_ocupados_grade_ibge_2022","na_bacia":1,"area_pct_bacia":100.0,"metodo_recorte_bacia":"ponto_representativo_grade_2022; area_pct_geometrica"},"geometry":{"type":"Polygon","coordinates":[[[-51.62430589440146,-28.806018763055416],[-51.62432277647491,-28.80415917280756],[-51.622334857467656,-28.804143374417116],[-51.6223179619044,-28.806002964664994],[-51.62430589440146,-28.806018763055416]]]}},{"type":"Feature","properties":{"id_grade":"200ME52392N81372","pop":1,"dom":1,"universo_dom":"domicilios_ocupados_grade_ibge_2022","na_bacia":1,"area_pct_bacia":100.0,"metodo_recorte_bacia":"ponto_representativo_grade_2022; area_pct_geometrica"},"geometry":{"type":"Polygon","coordinates":[[[-51.6223179619044,-28.806002964664994],[-51.622334857467656,-28.804143374417116],[-51.620346939359706,-28.804127562536955],[-51.62033002940729,-28.80598715188551],[-51.6223179619044,-28.806002964664994]]]}},{"type":"Feature","properties":{"id_grade":"200ME52394N81372","pop":19,"dom":7,"universo_dom":"domicilios_ocupados_grade_ibge_2022","na_bacia":1,"area_pct_bacia":100.0,"metodo_recorte_bacia":"ponto_representativo_grade_2022; area_pct_geometrica"},"geometry":{"type":"Polygon","coordinates":[[[-51.62033002940729,-28.80598715188551],[-51.620346939359706,-28.804127562536955],[-51.61835902125176,-28.804111738066254],[-51.618342096910226,-28.805971327414785],[-51.62033002940729,-28.80598715188551]]]}},{"type":"Feature","properties":{"id_grade":"200ME52396N81372","pop":58,"dom":21,"universo_dom":"domicilios_ocupados_grade_ibge_2022","na_bacia":1,"area_pct_bacia":100.0,"metodo_recorte_bacia":"ponto_representativo_grade_2022; area_pct_geometrica"},"geometry":{"type":"Polygon","coordinates":[[[-51.618342096910226,-28.805971327414785],[-51.61835902125176,-28.804111738066254],[-51.61637110314388,-28.80409590010567],[-51.6163541644131,-28.805955488554904],[-51.618342096910226,-28.805971327414785]]]}},{"type":"Feature","properties":{"id_grade":"200ME52390N81374","pop":21,"dom":8,"universo_dom":"domicilios_ocupados_grade_ibge_2022","na_bacia":1,"area_pct_bacia":100.0,"metodo_recorte_bacia":"ponto_representativo_grade_2022; area_pct_geometrica"},"geometry":{"type":"Polygon","coordinates":[[[-51.62432277647491,-28.80415917280756],[-51.624339657649045,-28.802299601445373],[-51.622351753030955,-28.80228380395443],[-51.622334857467656,-28.804143374417116],[-51.62432277647491,-28.80415917280756]]]}},{"type":"Feature","properties":{"id_grade":"200ME52396N81374","pop":13,"dom":4,"universo_dom":"domicilios_ocupados_grade_ibge_2022","na_bacia":1,"area_pct_bacia":100.0,"metodo_recorte_bacia":"ponto_representativo_grade_2022; area_pct_geometrica"},"geometry":{"type":"Polygon","coordinates":[[[-51.61835902125176,-28.804111738066254],[-51.618375944694044,-28.802252167603402],[-51.61638804097527,-28.802236329642955],[-51.61637110314388,-28.80409590010567],[-51.61835902125176,-28.804111738066254]]]}},{"type":"Feature","properties":{"id_grade":"200ME52398N81374","pop":89,"dom":32,"universo_dom":"domicilios_ocupados_grade_ibge_2022","na_bacia":1,"area_pct_bacia":100.0,"metodo_recorte_bacia":"ponto_representativo_grade_2022; area_pct_geometrica"},"geometry":{"type":"Polygon","coordinates":[[[-51.61637110314388,-28.80409590010567],[-51.61638804097527,-28.802236329642955],[-51.614400137256496,-28.802220479091794],[-51.614383185035926,-28.804080048655287],[-51.61637110314388,-28.80409590010567]]]}},{"type":"Feature","properties":{"id_grade":"200ME52390N81376","pop":1,"dom":1,"universo_dom":"domicilios_ocupados_grade_ibge_2022","na_bacia":1,"area_pct_bacia":100.0,"metodo_recorte_bacia":"ponto_representativo_grade_2022; area_pct_geometrica"},"geometry":{"type":"Polygon","coordinates":[[[-51.624339657649045,-28.802299601445373],[-51.6243565397225,-28.800440049868406],[-51.62236864859421,-28.80042425237728],[-51.622351753030955,-28.80228380395443],[-51.624339657649045,-28.802299601445373]]]}},{"type":"Feature","properties":{"id_grade":"200ME52396N81376","pop":3,"dom":1,"universo_dom":"domicilios_ocupados_grade_ibge_2022","na_bacia":1,"area_pct_bacia":100.0,"metodo_recorte_bacia":"ponto_representativo_grade_2022; area_pct_geometrica"},"geometry":{"type":"Polygon","coordinates":[[[-51.618375944694044,-28.802252167603402],[-51.61839286903564,-28.800392616925627],[-51.61640497880672,-28.800376778965123],[-51.61638804097527,-28.802236329642955],[-51.618375944694044,-28.802252167603402]]]}},{"type":"Feature","properties":{"id_grade":"200ME52398N81376","pop":126,"dom":46,"universo_dom":"domicilios_ocupados_grade_ibge_2022","na_bacia":1,"area_pct_bacia":100.0,"metodo_recorte_bacia":"ponto_representativo_grade_2022; area_pct_geometrica"},"geometry":{"type":"Polygon","coordinates":[[[-51.61638804097527,-28.802236329642955],[-51.61640497880672,-28.800376778965123],[-51.61441708947706,-28.80036092841405],[-51.614400137256496,-28.802220479091794],[-51.61638804097527,-28.802236329642955]]]}},{"type":"Feature","properties":{"id_grade":"200ME52398N81378","pop":108,"dom":36,"universo_dom":"domicilios_ocupados_grade_ibge_2022","na_bacia":1,"area_pct_bacia":100.0,"metodo_recorte_bacia":"ponto_representativo_grade_2022; area_pct_geometrica"},"geometry":{"type":"Polygon","coordinates":[[[-51.61640497880672,-28.800376778965123],[-51.616421916638096,-28.79851724807251],[-51.6144340407983,-28.798501397521427],[-51.61441708947706,-28.80036092841405],[-51.61640497880672,-28.800376778965123]]]}},{"type":"Feature","properties":{"id_grade":"200ME52392N81382","pop":3,"dom":1,"universo_dom":"domicilios_ocupados_grade_ibge_2022","na_bacia":1,"area_pct_bacia":100.0,"metodo_recorte_bacia":"ponto_representativo_grade_2022; area_pct_geometrica"},"geometry":{"type":"Polygon","coordinates":[[[-51.62240243882144,-28.79670520767923],[-51.62241933348542,-28.794845713658745],[-51.620431485524584,-28.79482990357718],[-51.62041457737081,-28.796689396698284],[-51.62240243882144,-28.79670520767923]]]}},{"type":"Feature","properties":{"id_grade":"200ME52394N81382","pop":4,"dom":1,"universo_dom":"domicilios_ocupados_grade_ibge_2022","na_bacia":1,"area_pct_bacia":100.0,"metodo_recorte_bacia":"ponto_representativo_grade_2022; area_pct_geometrica"},"geometry":{"type":"Polygon","coordinates":[[[-51.62041457737081,-28.796689396698284],[-51.620431485524584,-28.79482990357718],[-51.61844363846308,-28.794814080005782],[-51.61842671502086,-28.79667357312684],[-51.62041457737081,-28.796689396698284]]]}},{"type":"Feature","properties":{"id_grade":"200ME52396N81384","pop":1,"dom":1,"universo_dom":"domicilios_ocupados_grade_ibge_2022","na_bacia":1,"area_pct_bacia":100.0,"metodo_recorte_bacia":"ponto_representativo_grade_2022; area_pct_geometrica"},"geometry":{"type":"Polygon","coordinates":[[[-51.61844363846308,-28.794814080005782],[-51.61846056100603,-28.792954605770426],[-51.61647272743437,-28.792938769608526],[-51.6164557905023,-28.794798242944523],[-51.61844363846308,-28.794814080005782]]]}},{"type":"Feature","properties":{"id_grade":"200ME52392N81386","pop":2,"dom":1,"universo_dom":"domicilios_ocupados_grade_ibge_2022","na_bacia":1,"area_pct_bacia":100.0,"metodo_recorte_bacia":"ponto_representativo_grade_2022; area_pct_geometrica"},"geometry":{"type":"Polygon","coordinates":[[[-51.62243622814936,-28.79298623942342],[-51.62245312281334,-28.791126784073725],[-51.620465302731475,-28.79111097489153],[-51.62044839457769,-28.792970429341768],[-51.62243622814936,-28.79298623942342]]]}},{"type":"Feature","properties":{"id_grade":"200ME52392N81388","pop":3,"dom":1,"universo_dom":"domicilios_ocupados_grade_ibge_2022","na_bacia":1,"area_pct_bacia":100.0,"metodo_recorte_bacia":"ponto_representativo_grade_2022; area_pct_geometrica"},"geometry":{"type":"Polygon","coordinates":[[[-51.62245312281334,-28.791126784073725],[-51.62247001657795,-28.789267348509266],[-51.62048221088526,-28.789251539327058],[-51.620465302731475,-28.79111097489153],[-51.62245312281334,-28.791126784073725]]]}},{"type":"Feature","properties":{"id_grade":"200ME52394N81390","pop":4,"dom":2,"universo_dom":"domicilios_ocupados_grade_ibge_2022","na_bacia":1,"area_pct_bacia":100.0,"metodo_recorte_bacia":"ponto_representativo_grade_2022; area_pct_geometrica"},"geometry":{"type":"Polygon","coordinates":[[[-51.62048221088526,-28.789251539327058],[-51.620499119039096,-28.787392122648207],[-51.61851132773552,-28.787376300875525],[-51.61849440609193,-28.78923571665498],[-51.62048221088526,-28.789251539327058]]]}},{"type":"Feature","properties":{"id_grade":"200ME52398N81392","pop":9,"dom":4,"universo_dom":"domicilios_ocupados_grade_ibge_2022","na_bacia":1,"area_pct_bacia":100.0,"metodo_recorte_bacia":"ponto_representativo_grade_2022; area_pct_geometrica"},"geometry":{"type":"Polygon","coordinates":[[[-51.61652353733132,-28.787360464713654],[-51.6165404724648,-28.785501068719316],[-51.614552696449714,-28.785485219966844],[-51.6145357460278,-28.787344615961253],[-51.61652353733132,-28.787360464713654]]]}},{"type":"Feature","properties":{"id_grade":"200ME52398N81396","pop":3,"dom":2,"universo_dom":"domicilios_ocupados_grade_ibge_2022","na_bacia":1,"area_pct_bacia":100.0,"metodo_recorte_bacia":"ponto_representativo_grade_2022; area_pct_geometrica"},"geometry":{"type":"Polygon","coordinates":[[[-51.616557408497556,-28.78364169161068],[-51.616574343630994,-28.781782333387962],[-51.61458659549493,-28.78176648553481],[-51.61456964597233,-28.783625842858356],[-51.616557408497556,-28.78364169161068]]]}},{"type":"Feature","properties":{"id_grade":"200ME52392N81398","pop":2,"dom":1,"universo_dom":"domicilios_ocupados_grade_ibge_2022","na_bacia":1,"area_pct_bacia":100.0,"metodo_recorte_bacia":"ponto_representativo_grade_2022; area_pct_geometrica"},"geometry":{"type":"Polygon","coordinates":[[[-51.62253758983786,-28.78182979780688],[-51.62255448270315,-28.77997045846982],[-51.620566748056945,-28.779954651086296],[-51.62054984080248,-28.781813989523947],[-51.62253758983786,-28.78182979780688]]]}},{"type":"Feature","properties":{"id_grade":"200ME52396N81398","pop":14,"dom":3,"universo_dom":"domicilios_ocupados_grade_ibge_2022","na_bacia":1,"area_pct_bacia":100.0,"metodo_recorte_bacia":"ponto_representativo_grade_2022; area_pct_geometrica"},"geometry":{"type":"Polygon","coordinates":[[[-51.61856209266642,-28.78179816865053],[-51.61857901341068,-28.779938829313483],[-51.616591278764474,-28.779922994950194],[-51.616574343630994,-28.781782333387962],[-51.61856209266642,-28.78179816865053]]]}},{"type":"Feature","properties":{"id_grade":"200ME52392N81404","pop":4,"dom":1,"universo_dom":"domicilios_ocupados_grade_ibge_2022","na_bacia":1,"area_pct_bacia":100.0,"metodo_recorte_bacia":"ponto_representativo_grade_2022; area_pct_geometrica"},"geometry":{"type":"Polygon","coordinates":[[[-51.62258826843379,-28.776251837352397],[-51.62260516039982,-28.77439255557195],[-51.62061746802169,-28.774376748188352],[-51.62060056166655,-28.77623602996879],[-51.62258826843379,-28.776251837352397]]]}},{"type":"Feature","properties":{"id_grade":"200ME52394N81404","pop":18,"dom":6,"universo_dom":"domicilios_ocupados_grade_ibge_2022","na_bacia":1,"area_pct_bacia":100.0,"metodo_recorte_bacia":"ponto_representativo_grade_2022; area_pct_geometrica"},"geometry":{"type":"Polygon","coordinates":[[[-51.62060056166655,-28.77623602996879],[-51.62061746802169,-28.774376748188352],[-51.61862977564357,-28.774360928214215],[-51.61861285489931,-28.776220209095413],[-51.62060056166655,-28.77623602996879]]]}},{"type":"Feature","properties":{"id_grade":"200ME52396N81404","pop":17,"dom":7,"universo_dom":"domicilios_ocupados_grade_ibge_2022","na_bacia":1,"area_pct_bacia":100.0,"metodo_recorte_bacia":"ponto_representativo_grade_2022; area_pct_geometrica"},"geometry":{"type":"Polygon","coordinates":[[[-51.61861285489931,-28.776220209095413],[-51.61862977564357,-28.774360928214215],[-51.6166420832655,-28.774345094750274],[-51.61662514903134,-28.776204375631384],[-51.61861285489931,-28.776220209095413]]]}},{"type":"Feature","properties":{"id_grade":"200ME52398N81404","pop":98,"dom":35,"universo_dom":"domicilios_ocupados_grade_ibge_2022","na_bacia":1,"area_pct_bacia":100.0,"metodo_recorte_bacia":"ponto_representativo_grade_2022; area_pct_geometrica"},"geometry":{"type":"Polygon","coordinates":[[[-51.61662514903134,-28.776204375631384],[-51.6166420832655,-28.774345094750274],[-51.6146543917867,-28.77432924779659],[-51.614637443163424,-28.776188528677675],[-51.61662514903134,-28.776204375631384]]]}},{"type":"Feature","properties":{"id_grade":"200ME52392N81406","pop":32,"dom":13,"universo_dom":"domicilios_ocupados_grade_ibge_2022","na_bacia":1,"area_pct_bacia":100.0,"metodo_recorte_bacia":"ponto_representativo_grade_2022; area_pct_geometrica"},"geometry":{"type":"Polygon","coordinates":[[[-51.62260516039982,-28.77439255557195],[-51.62262205236579,-28.772533293576572],[-51.620634373477515,-28.772517486193],[-51.62061746802169,-28.774376748188352],[-51.62260516039982,-28.77439255557195]]]}},{"type":"Feature","properties":{"id_grade":"200ME52394N81406","pop":76,"dom":33,"universo_dom":"domicilios_ocupados_grade_ibge_2022","na_bacia":1,"area_pct_bacia":100.0,"metodo_recorte_bacia":"ponto_representativo_grade_2022; area_pct_geometrica"},"geometry":{"type":"Polygon","coordinates":[[[-51.62061746802169,-28.774376748188352],[-51.620634373477515,-28.772517486193],[-51.61864669548856,-28.77250166621882],[-51.61862977564357,-28.774360928214215],[-51.62061746802169,-28.774376748188352]]]}},{"type":"Feature","properties":{"id_grade":"200ME52396N81406","pop":168,"dom":62,"universo_dom":"domicilios_ocupados_grade_ibge_2022","na_bacia":1,"area_pct_bacia":100.0,"metodo_recorte_bacia":"ponto_representativo_grade_2022; area_pct_geometrica"},"geometry":{"type":"Polygon","coordinates":[[[-51.61862977564357,-28.774360928214215],[-51.61864669548856,-28.77250166621882],[-51.616659017499614,-28.772485832754864],[-51.6166420832655,-28.774345094750274],[-51.61862977564357,-28.774360928214215]]]}},{"type":"Feature","properties":{"id_grade":"200ME52398N81406","pop":97,"dom":35,"universo_dom":"domicilios_ocupados_grade_ibge_2022","na_bacia":1,"area_pct_bacia":100.0,"metodo_recorte_bacia":"ponto_representativo_grade_2022; area_pct_geometrica"},"geometry":{"type":"Polygon","coordinates":[[[-51.6166420832655,-28.774345094750274],[-51.616659017499614,-28.772485832754864],[-51.614671339510664,-28.772469986700465],[-51.6146543917867,-28.77432924779659],[-51.6166420832655,-28.774345094750274]]]}},{"type":"Feature","properties":{"id_grade":"200ME52390N81408","pop":3,"dom":1,"universo_dom":"domicilios_ocupados_grade_ibge_2022","na_bacia":1,"area_pct_bacia":100.0,"metodo_recorte_bacia":"ponto_representativo_grade_2022; area_pct_geometrica"},"geometry":{"type":"Polygon","coordinates":[[[-51.62460973035473,-28.77254908747038],[-51.62462660793158,-28.770689843461415],[-51.62263894343243,-28.77067405046704],[-51.62262205236579,-28.772533293576572],[-51.62460973035473,-28.77254908747038]]]}},{"type":"Feature","properties":{"id_grade":"200ME52392N81408","pop":31,"dom":11,"universo_dom":"domicilios_ocupados_grade_ibge_2022","na_bacia":1,"area_pct_bacia":100.0,"metodo_recorte_bacia":"ponto_representativo_grade_2022; area_pct_geometrica"},"geometry":{"type":"Polygon","coordinates":[[[-51.62262205236579,-28.772533293576572],[-51.62263894343243,-28.77067405046704],[-51.620651278933344,-28.770658243083393],[-51.620634373477515,-28.772517486193],[-51.62262205236579,-28.772533293576572]]]}},{"type":"Feature","properties":{"id_grade":"200ME52394N81408","pop":76,"dom":31,"universo_dom":"domicilios_ocupados_grade_ibge_2022","na_bacia":1,"area_pct_bacia":100.0,"metodo_recorte_bacia":"ponto_representativo_grade_2022; area_pct_geometrica"},"geometry":{"type":"Polygon","coordinates":[[[-51.620634373477515,-28.772517486193],[-51.620651278933344,-28.770658243083393],[-51.61866361533356,-28.770642423109315],[-51.61864669548856,-28.77250166621882],[-51.620634373477515,-28.772517486193]]]}},{"type":"Feature","properties":{"id_grade":"200ME52396N81408","pop":82,"dom":33,"universo_dom":"domicilios_ocupados_grade_ibge_2022","na_bacia":1,"area_pct_bacia":100.0,"metodo_recorte_bacia":"ponto_representativo_grade_2022; area_pct_geometrica"},"geometry":{"type":"Polygon","coordinates":[[[-51.61864669548856,-28.77250166621882],[-51.61866361533356,-28.770642423109315],[-51.616675951733725,-28.770626590544694],[-51.616659017499614,-28.772485832754864],[-51.61864669548856,-28.77250166621882]]]}},{"type":"Feature","properties":{"id_grade":"200ME52398N81408","pop":94,"dom":41,"universo_dom":"domicilios_ocupados_grade_ibge_2022","na_bacia":1,"area_pct_bacia":100.0,"metodo_recorte_bacia":"ponto_representativo_grade_2022; area_pct_geometrica"},"geometry":{"type":"Polygon","coordinates":[[[-51.616659017499614,-28.772485832754864],[-51.616675951733725,-28.770626590544694],[-51.61468828813395,-28.77061074449028],[-51.614671339510664,-28.772469986700465],[-51.616659017499614,-28.772485832754864]]]}},{"type":"Feature","properties":{"id_grade":"200ME52392N81410","pop":7,"dom":3,"universo_dom":"domicilios_ocupados_grade_ibge_2022","na_bacia":1,"area_pct_bacia":100.0,"metodo_recorte_bacia":"ponto_representativo_grade_2022; area_pct_geometrica"},"geometry":{"type":"Polygon","coordinates":[[[-51.62263894343243,-28.77067405046704],[-51.62265583539846,-28.768814826243187],[-51.62066818438915,-28.768799019758816],[-51.620651278933344,-28.770658243083393],[-51.62263894343243,-28.77067405046704]]]}},{"type":"Feature","properties":{"id_grade":"200ME52394N81410","pop":19,"dom":6,"universo_dom":"domicilios_ocupados_grade_ibge_2022","na_bacia":1,"area_pct_bacia":100.0,"metodo_recorte_bacia":"ponto_representativo_grade_2022; area_pct_geometrica"},"geometry":{"type":"Polygon","coordinates":[[[-51.620651278933344,-28.770658243083393],[-51.62066818438915,-28.768799019758816],[-51.6186805351785,-28.76878319978482],[-51.61866361533356,-28.770642423109315],[-51.620651278933344,-28.770658243083393]]]}},{"type":"Feature","properties":{"id_grade":"200ME52396N81410","pop":50,"dom":20,"universo_dom":"domicilios_ocupados_grade_ibge_2022","na_bacia":1,"area_pct_bacia":100.0,"metodo_recorte_bacia":"ponto_representativo_grade_2022; area_pct_geometrica"},"geometry":{"type":"Polygon","coordinates":[[[-51.61866361533356,-28.770642423109315],[-51.6186805351785,-28.76878319978482],[-51.616692885068574,-28.76876736722013],[-51.616675951733725,-28.770626590544694],[-51.61866361533356,-28.770642423109315]]]}},{"type":"Feature","properties":{"id_grade":"200ME52398N81410","pop":95,"dom":35,"universo_dom":"domicilios_ocupados_grade_ibge_2022","na_bacia":1,"area_pct_bacia":100.0,"metodo_recorte_bacia":"ponto_representativo_grade_2022; area_pct_geometrica"},"geometry":{"type":"Polygon","coordinates":[[[-51.616675951733725,-28.770626590544694],[-51.616692885068574,-28.76876736722013],[-51.61470523585791,-28.768751521165736],[-51.61468828813395,-28.77061074449028],[-51.616675951733725,-28.770626590544694]]]}},{"type":"Feature","properties":{"id_grade":"200ME52390N81412","pop":109,"dom":35,"universo_dom":"domicilios_ocupados_grade_ibge_2022","na_bacia":1,"area_pct_bacia":100.0,"metodo_recorte_bacia":"ponto_representativo_grade_2022; area_pct_geometrica"},"geometry":{"type":"Polygon","coordinates":[[[-51.624643485508386,-28.768830619237633],[-51.62466036218593,-28.76697141389961],[-51.62267272646512,-28.766955620905193],[-51.62265583539846,-28.768814826243187],[-51.624643485508386,-28.768830619237633]]]}},{"type":"Feature","properties":{"id_grade":"200ME52392N81412","pop":68,"dom":24,"universo_dom":"domicilios_ocupados_grade_ibge_2022","na_bacia":1,"area_pct_bacia":100.0,"metodo_recorte_bacia":"ponto_representativo_grade_2022; area_pct_geometrica"},"geometry":{"type":"Polygon","coordinates":[[[-51.62265583539846,-28.768814826243187],[-51.62267272646512,-28.766955620905193],[-51.620685089844976,-28.76693981532021],[-51.62066818438915,-28.768799019758816],[-51.62265583539846,-28.768814826243187]]]}},{"type":"Feature","properties":{"id_grade":"200ME52394N81412","pop":219,"dom":89,"universo_dom":"domicilios_ocupados_grade_ibge_2022","na_bacia":1,"area_pct_bacia":100.0,"metodo_recorte_bacia":"ponto_representativo_grade_2022; area_pct_geometrica"},"geometry":{"type":"Polygon","coordinates":[[[-51.62066818438915,-28.768799019758816],[-51.620685089844976,-28.76693981532021],[-51.618697454124174,-28.766923996245346],[-51.6186805351785,-28.76878319978482],[-51.62066818438915,-28.768799019758816]]]}},{"type":"Feature","properties":{"id_grade":"200ME52396N81412","pop":65,"dom":20,"universo_dom":"domicilios_ocupados_grade_ibge_2022","na_bacia":1,"area_pct_bacia":100.0,"metodo_recorte_bacia":"ponto_representativo_grade_2022; area_pct_geometrica"},"geometry":{"type":"Polygon","coordinates":[[[-51.6186805351785,-28.76878319978482],[-51.618697454124174,-28.766923996245346],[-51.616709818403365,-28.76690816368075],[-51.616692885068574,-28.76876736722013],[-51.6186805351785,-28.76878319978482]]]}},{"type":"Feature","properties":{"id_grade":"200ME52398N81412","pop":143,"dom":51,"universo_dom":"domicilios_ocupados_grade_ibge_2022","na_bacia":1,"area_pct_bacia":100.0,"metodo_recorte_bacia":"ponto_representativo_grade_2022; area_pct_geometrica"},"geometry":{"type":"Polygon","coordinates":[[[-51.616692885068574,-28.76876736722013],[-51.616709818403365,-28.76690816368075],[-51.614722183581875,-28.766892317626276],[-51.61470523585791,-28.768751521165736],[-51.616692885068574,-28.76876736722013]]]}},{"type":"Feature","properties":{"id_grade":"200ME52390N81414","pop":22,"dom":10,"universo_dom":"domicilios_ocupados_grade_ibge_2022","na_bacia":1,"area_pct_bacia":100.0,"metodo_recorte_bacia":"ponto_representativo_grade_2022; area_pct_geometrica"},"geometry":{"type":"Polygon","coordinates":[[[-51.62466036218593,-28.76697141389961],[-51.624677238863455,-28.76511222834654],[-51.62268961663244,-28.765096435352113],[-51.62267272646512,-28.766955620905193],[-51.62466036218593,-28.76697141389961]]]}},{"type":"Feature","properties":{"id_grade":"200ME52392N81414","pop":36,"dom":11,"universo_dom":"domicilios_ocupados_grade_ibge_2022","na_bacia":1,"area_pct_bacia":100.0,"metodo_recorte_bacia":"ponto_representativo_grade_2022; area_pct_geometrica"},"geometry":{"type":"Polygon","coordinates":[[[-51.62267272646512,-28.766955620905193],[-51.62268961663244,-28.765096435352113],[-51.620701995300806,-28.765080629767233],[-51.620685089844976,-28.76693981532021],[-51.62267272646512,-28.766955620905193]]]}},{"type":"Feature","properties":{"id_grade":"200ME52394N81414","pop":211,"dom":74,"universo_dom":"domicilios_ocupados_grade_ibge_2022","na_bacia":1,"area_pct_bacia":100.0,"metodo_recorte_bacia":"ponto_representativo_grade_2022; area_pct_geometrica"},"geometry":{"type":"Polygon","coordinates":[[[-51.620685089844976,-28.76693981532021],[-51.620701995300806,-28.765080629767233],[-51.61871437306979,-28.76506481069247],[-51.618697454124174,-28.766923996245346],[-51.620685089844976,-28.76693981532021]]]}},{"type":"Feature","properties":{"id_grade":"200ME52396N81414","pop":143,"dom":46,"universo_dom":"domicilios_ocupados_grade_ibge_2022","na_bacia":1,"area_pct_bacia":100.0,"metodo_recorte_bacia":"ponto_representativo_grade_2022; area_pct_geometrica"},"geometry":{"type":"Polygon","coordinates":[[[-51.618697454124174,-28.766923996245346],[-51.61871437306979,-28.76506481069247],[-51.616726751738156,-28.76504897812781],[-51.616709818403365,-28.76690816368075],[-51.618697454124174,-28.766923996245346]]]}},{"type":"Feature","properties":{"id_grade":"200ME52398N81414","pop":128,"dom":40,"universo_dom":"domicilios_ocupados_grade_ibge_2022","na_bacia":1,"area_pct_bacia":100.0,"metodo_recorte_bacia":"ponto_representativo_grade_2022; area_pct_geometrica"},"geometry":{"type":"Polygon","coordinates":[[[-51.616709818403365,-28.76690816368075],[-51.616726751738156,-28.76504897812781],[-51.61473913040653,-28.76503313297267],[-51.614722183581875,-28.766892317626276],[-51.616709818403365,-28.76690816368075]]]}},{"type":"Feature","properties":{"id_grade":"200ME52390N81416","pop":111,"dom":37,"universo_dom":"domicilios_ocupados_grade_ibge_2022","na_bacia":1,"area_pct_bacia":100.0,"metodo_recorte_bacia":"ponto_representativo_grade_2022; area_pct_geometrica"},"geometry":{"type":"Polygon","coordinates":[[[-51.624677238863455,-28.76511222834654],[-51.62469411554093,-28.763253061679464],[-51.62270650769915,-28.763237269584366],[-51.62268961663244,-28.765096435352113],[-51.624677238863455,-28.76511222834654]]]}},{"type":"Feature","properties":{"id_grade":"200ME52392N81416","pop":3,"dom":2,"universo_dom":"domicilios_ocupados_grade_ibge_2022","na_bacia":1,"area_pct_bacia":100.0,"metodo_recorte_bacia":"ponto_representativo_grade_2022; area_pct_geometrica"},"geometry":{"type":"Polygon","coordinates":[[[-51.62268961663244,-28.765096435352113],[-51.62270650769915,-28.763237269584366],[-51.62071889985731,-28.763221463999347],[-51.620701995300806,-28.765080629767233],[-51.62268961663244,-28.765096435352113]]]}},{"type":"Feature","properties":{"id_grade":"200ME52394N81416","pop":105,"dom":35,"universo_dom":"domicilios_ocupados_grade_ibge_2022","na_bacia":1,"area_pct_bacia":100.0,"metodo_recorte_bacia":"ponto_representativo_grade_2022; area_pct_geometrica"},"geometry":{"type":"Polygon","coordinates":[[[-51.620701995300806,-28.765080629767233],[-51.62071889985731,-28.763221463999347],[-51.618731292015475,-28.763205644924486],[-51.61871437306979,-28.76506481069247],[-51.620701995300806,-28.765080629767233]]]}},{"type":"Feature","properties":{"id_grade":"200ME52396N81416","pop":4,"dom":1,"universo_dom":"domicilios_ocupados_grade_ibge_2022","na_bacia":1,"area_pct_bacia":100.0,"metodo_recorte_bacia":"ponto_representativo_grade_2022; area_pct_geometrica"},"geometry":{"type":"Polygon","coordinates":[[[-51.61871437306979,-28.76506481069247],[-51.618731292015475,-28.763205644924486],[-51.61674368507295,-28.7631898132592],[-51.616726751738156,-28.76504897812781],[-51.61871437306979,-28.76506481069247]]]}},{"type":"Feature","properties":{"id_grade":"200ME52398N81416","pop":124,"dom":44,"universo_dom":"domicilios_ocupados_grade_ibge_2022","na_bacia":1,"area_pct_bacia":100.0,"metodo_recorte_bacia":"ponto_representativo_grade_2022; area_pct_geometrica"},"geometry":{"type":"Polygon","coordinates":[[[-51.616726751738156,-28.76504897812781],[-51.61674368507295,-28.7631898132592],[-51.61475607813048,-28.763173968104123],[-51.61473913040653,-28.76503313297267],[-51.616726751738156,-28.76504897812781]]]}},{"type":"Feature","properties":{"id_grade":"200ME52390N81418","pop":68,"dom":25,"universo_dom":"domicilios_ocupados_grade_ibge_2022","na_bacia":1,"area_pct_bacia":100.0,"metodo_recorte_bacia":"ponto_representativo_grade_2022; area_pct_geometrica"},"geometry":{"type":"Polygon","coordinates":[[[-51.62469411554093,-28.763253061679464],[-51.62471099221846,-28.761393914797278],[-51.62272339786649,-28.761378122702073],[-51.62270650769915,-28.763237269584366],[-51.62469411554093,-28.763253061679464]]]}},{"type":"Feature","properties":{"id_grade":"200ME52392N81418","pop":12,"dom":5,"universo_dom":"domicilios_ocupados_grade_ibge_2022","na_bacia":1,"area_pct_bacia":100.0,"metodo_recorte_bacia":"ponto_representativo_grade_2022; area_pct_geometrica"},"geometry":{"type":"Polygon","coordinates":[[[-51.62270650769915,-28.763237269584366],[-51.62272339786649,-28.761378122702073],[-51.62073580441381,-28.76136231711716],[-51.62071889985731,-28.763221463999347],[-51.62270650769915,-28.763237269584366]]]}},{"type":"Feature","properties":{"id_grade":"200ME52394N81418","pop":186,"dom":63,"universo_dom":"domicilios_ocupados_grade_ibge_2022","na_bacia":1,"area_pct_bacia":100.0,"metodo_recorte_bacia":"ponto_representativo_grade_2022; area_pct_geometrica"},"geometry":{"type":"Polygon","coordinates":[[[-51.62071889985731,-28.763221463999347],[-51.62073580441381,-28.76136231711716],[-51.618748210961144,-28.76134649894176],[-51.618731292015475,-28.763205644924486],[-51.62071889985731,-28.763221463999347]]]}},{"type":"Feature","properties":{"id_grade":"200ME52396N81418","pop":208,"dom":60,"universo_dom":"domicilios_ocupados_grade_ibge_2022","na_bacia":1,"area_pct_bacia":100.0,"metodo_recorte_bacia":"ponto_representativo_grade_2022; area_pct_geometrica"},"geometry":{"type":"Polygon","coordinates":[[[-51.618731292015475,-28.763205644924486],[-51.618748210961144,-28.76134649894176],[-51.616760617508476,-28.761330666377066],[-51.61674368507295,-28.7631898132592],[-51.618731292015475,-28.763205644924486]]]}},{"type":"Feature","properties":{"id_grade":"200ME52398N81418","pop":282,"dom":88,"universo_dom":"domicilios_ocupados_grade_ibge_2022","na_bacia":1,"area_pct_bacia":100.0,"metodo_recorte_bacia":"ponto_representativo_grade_2022; area_pct_geometrica"},"geometry":{"type":"Polygon","coordinates":[[[-51.61674368507295,-28.7631898132592],[-51.616760617508476,-28.761330666377066],[-51.61477302495507,-28.761314822121285],[-51.61475607813048,-28.763173968104123],[-51.61674368507295,-28.7631898132592]]]}},{"type":"Feature","properties":{"id_grade":"200ME52390N81420","pop":26,"dom":9,"universo_dom":"domicilios_ocupados_grade_ibge_2022","na_bacia":1,"area_pct_bacia":100.0,"metodo_recorte_bacia":"ponto_representativo_grade_2022; area_pct_geometrica"},"geometry":{"type":"Polygon","coordinates":[[[-51.62471099221846,-28.761393914797278],[-51.62472786799668,-28.75953478590163],[-51.62274028803381,-28.759518994705786],[-51.62272339786649,-28.761378122702073],[-51.62471099221846,-28.761393914797278]]]}},{"type":"Feature","properties":{"id_grade":"200ME52392N81420","pop":1,"dom":1,"universo_dom":"domicilios_ocupados_grade_ibge_2022","na_bacia":1,"area_pct_bacia":100.0,"metodo_recorte_bacia":"ponto_representativo_grade_2022; area_pct_geometrica"},"geometry":{"type":"Polygon","coordinates":[[[-51.62272339786649,-28.761378122702073],[-51.62274028803381,-28.759518994705786],[-51.620752708970315,-28.759503189120807],[-51.62073580441381,-28.76136231711716],[-51.62272339786649,-28.761378122702073]]]}},{"type":"Feature","properties":{"id_grade":"200ME52396N81420","pop":116,"dom":40,"universo_dom":"domicilios_ocupados_grade_ibge_2022","na_bacia":1,"area_pct_bacia":100.0,"metodo_recorte_bacia":"ponto_representativo_grade_2022; area_pct_geometrica"},"geometry":{"type":"Polygon","coordinates":[[[-51.618748210961144,-28.76134649894176],[-51.61876512900744,-28.759487370945294],[-51.61677754994395,-28.759471539280074],[-51.616760617508476,-28.761330666377066],[-51.618748210961144,-28.76134649894176]]]}},{"type":"Feature","properties":{"id_grade":"200ME52398N81420","pop":490,"dom":154,"universo_dom":"domicilios_ocupados_grade_ibge_2022","na_bacia":1,"area_pct_bacia":100.0,"metodo_recorte_bacia":"ponto_representativo_grade_2022; area_pct_geometrica"},"geometry":{"type":"Polygon","coordinates":[[[-51.616760617508476,-28.761330666377066],[-51.61677754994395,-28.759471539280074],[-51.61478997177971,-28.75945569502427],[-51.61477302495507,-28.761314822121285],[-51.616760617508476,-28.761330666377066]]]}},{"type":"Feature","properties":{"id_grade":"200ME52396N81422","pop":22,"dom":7,"universo_dom":"domicilios_ocupados_grade_ibge_2022","na_bacia":1,"area_pct_bacia":100.0,"metodo_recorte_bacia":"ponto_representativo_grade_2022; area_pct_geometrica"},"geometry":{"type":"Polygon","coordinates":[[[-51.61876512900744,-28.759487370945294],[-51.61878204795312,-28.757628262734073],[-51.61679448237942,-28.75761243196815],[-51.61677754994395,-28.759471539280074],[-51.61876512900744,-28.759487370945294]]]}},{"type":"Feature","properties":{"id_grade":"200ME52398N81422","pop":129,"dom":44,"universo_dom":"domicilios_ocupados_grade_ibge_2022","na_bacia":1,"area_pct_bacia":100.0,"metodo_recorte_bacia":"ponto_representativo_grade_2022; area_pct_geometrica"},"geometry":{"type":"Polygon","coordinates":[[[-51.61677754994395,-28.759471539280074],[-51.61679448237942,-28.75761243196815],[-51.61480691770504,-28.757596587712406],[-51.61478997177971,-28.75945569502427],[-51.61677754994395,-28.759471539280074]]]}},{"type":"Feature","properties":{"id_grade":"200ME52394N81426","pop":5,"dom":1,"universo_dom":"domicilios_ocupados_grade_ibge_2022","na_bacia":1,"area_pct_bacia":100.0,"metodo_recorte_bacia":"ponto_representativo_grade_2022; area_pct_geometrica"},"geometry":{"type":"Polygon","coordinates":[[[-51.62078651628468,-28.755784991584097],[-51.62080341994181,-28.753925922043614],[-51.61881588314645,-28.75391010476746],[-51.61879896599942,-28.75576917430787],[-51.62078651628468,-28.755784991584097]]]}},{"type":"Feature","properties":{"id_grade":"200ME52390N81430","pop":8,"dom":3,"universo_dom":"domicilios_ocupados_grade_ibge_2022","na_bacia":1,"area_pct_bacia":100.0,"metodo_recorte_bacia":"ponto_representativo_grade_2022; area_pct_geometrica"},"geometry":{"type":"Polygon","coordinates":[[[-51.624795370210116,-28.75209846547174],[-51.624812245089004,-28.750239433702863],[-51.6228247352733,-28.750223643406386],[-51.62280784690454,-28.75208267517533],[-51.624795370210116,-28.75209846547174]]]}},{"type":"Feature","properties":{"id_grade":"200ME52398N81430","pop":31,"dom":9,"universo_dom":"domicilios_ocupados_grade_ibge_2022","na_bacia":1,"area_pct_bacia":100.0,"metodo_recorte_bacia":"ponto_representativo_grade_2022; area_pct_geometrica"},"geometry":{"type":"Polygon","coordinates":[[[-51.61684527788725,-28.75203522334678],[-51.616862209423395,-28.750176192477255],[-51.61487470140628,-28.750160349120737],[-51.61485775548101,-28.752019379990326],[-51.61684527788725,-28.75203522334678]]]}},{"type":"Feature","properties":{"id_grade":"200ME52390N81456","pop":3,"dom":1,"universo_dom":"domicilios_ocupados_grade_ibge_2022","na_bacia":1,"area_pct_bacia":100.0,"metodo_recorte_bacia":"ponto_representativo_grade_2022; area_pct_geometrica"},"geometry":{"type":"Polygon","coordinates":[[[-51.62501472474969,-28.72793254535067],[-51.625031596031306,-28.726073762693915],[-51.6230442705766,-28.72605797509544],[-51.62302738490586,-28.72791675775208],[-51.62501472474969,-28.72793254535067]]]}},{"type":"Feature","properties":{"id_grade":"200ME52392N81456","pop":7,"dom":3,"universo_dom":"domicilios_ocupados_grade_ibge_2022","na_bacia":1,"area_pct_bacia":100.0,"metodo_recorte_bacia":"ponto_representativo_grade_2022; area_pct_geometrica"},"geometry":{"type":"Polygon","coordinates":[[[-51.62302738490586,-28.72791675775208],[-51.6230442705766,-28.72605797509544],[-51.62105694512189,-28.726042175805787],[-51.62104004506199,-28.72790095756312],[-51.62302738490586,-28.72791675775208]]]}},{"type":"Feature","properties":{"id_grade":"200ME52394N81456","pop":6,"dom":2,"universo_dom":"domicilios_ocupados_grade_ibge_2022","na_bacia":1,"area_pct_bacia":100.0,"metodo_recorte_bacia":"ponto_representativo_grade_2022; area_pct_geometrica"},"geometry":{"type":"Polygon","coordinates":[[[-51.62104004506199,-28.72790095756312],[-51.62105694512189,-28.726042175805787],[-51.61906961966719,-28.72602636212686],[-51.61905270611743,-28.727885143884244],[-51.62104004506199,-28.72790095756312]]]}},{"type":"Feature","properties":{"id_grade":"200ME52396N81456","pop":4,"dom":2,"universo_dom":"domicilios_ocupados_grade_ibge_2022","na_bacia":1,"area_pct_bacia":100.0,"metodo_recorte_bacia":"ponto_representativo_grade_2022; area_pct_geometrica"},"geometry":{"type":"Polygon","coordinates":[[[-51.61905270611743,-28.727885143884244],[-51.61906961966719,-28.72602636212686],[-51.6170822951118,-28.726010535857522],[-51.617065367172934,-28.727869317614882],[-51.61905270611743,-28.727885143884244]]]}},{"type":"Feature","properties":{"id_grade":"200ME52390N81458","pop":3,"dom":2,"universo_dom":"domicilios_ocupados_grade_ibge_2022","na_bacia":1,"area_pct_bacia":100.0,"metodo_recorte_bacia":"ponto_representativo_grade_2022; area_pct_geometrica"},"geometry":{"type":"Polygon","coordinates":[[[-51.625031596031306,-28.726073762693915],[-51.625048467312865,-28.724214998923014],[-51.62306115624734,-28.7241992122238],[-51.6230442705766,-28.72605797509544],[-51.625031596031306,-28.726073762693915]]]}},{"type":"Feature","properties":{"id_grade":"200ME52392N81458","pop":61,"dom":19,"universo_dom":"domicilios_ocupados_grade_ibge_2022","na_bacia":1,"area_pct_bacia":100.0,"metodo_recorte_bacia":"ponto_representativo_grade_2022; area_pct_geometrica"},"geometry":{"type":"Polygon","coordinates":[[[-51.6230442705766,-28.72605797509544],[-51.62306115624734,-28.7241992122238],[-51.62107384518175,-28.72418341203481],[-51.62105694512189,-28.726042175805787],[-51.6230442705766,-28.72605797509544]]]}},{"type":"Feature","properties":{"id_grade":"200ME52394N81458","pop":19,"dom":8,"universo_dom":"domicilios_ocupados_grade_ibge_2022","na_bacia":1,"area_pct_bacia":100.0,"metodo_recorte_bacia":"ponto_representativo_grade_2022; area_pct_geometrica"},"geometry":{"type":"Polygon","coordinates":[[[-51.62105694512189,-28.726042175805787],[-51.62107384518175,-28.72418341203481],[-51.61908653411621,-28.724167599255324],[-51.61906961966719,-28.72602636212686],[-51.62105694512189,-28.726042175805787]]]}},{"type":"Feature","properties":{"id_grade":"200ME52396N81458","pop":28,"dom":7,"universo_dom":"domicilios_ocupados_grade_ibge_2022","na_bacia":1,"area_pct_bacia":100.0,"metodo_recorte_bacia":"ponto_representativo_grade_2022; area_pct_geometrica"},"geometry":{"type":"Polygon","coordinates":[[[-51.61906961966719,-28.72602636212686],[-51.61908653411621,-28.724167599255324],[-51.61709922305067,-28.72415177298588],[-51.6170822951118,-28.726010535857522],[-51.61906961966719,-28.72602636212686]]]}},{"type":"Feature","properties":{"id_grade":"200ME52392N81460","pop":14,"dom":5,"universo_dom":"domicilios_ocupados_grade_ibge_2022","na_bacia":1,"area_pct_bacia":100.0,"metodo_recorte_bacia":"ponto_representativo_grade_2022; area_pct_geometrica"},"geometry":{"type":"Polygon","coordinates":[[[-51.62306115624734,-28.7241992122238],[-51.62307804191806,-28.722340468237988],[-51.621090744342325,-28.722324668948207],[-51.62107384518175,-28.72418341203481],[-51.62306115624734,-28.7241992122238]]]}},{"type":"Feature","properties":{"id_grade":"200ME52394N81460","pop":11,"dom":4,"universo_dom":"domicilios_ocupados_grade_ibge_2022","na_bacia":1,"area_pct_bacia":100.0,"metodo_recorte_bacia":"ponto_representativo_grade_2022; area_pct_geometrica"},"geometry":{"type":"Polygon","coordinates":[[[-51.62107384518175,-28.72418341203481],[-51.621090744342325,-28.722324668948207],[-51.619103447665964,-28.722308856168798],[-51.61908653411621,-28.724167599255324],[-51.62107384518175,-28.72418341203481]]]}},{"type":"Feature","properties":{"id_grade":"200ME52392N81464","pop":5,"dom":2,"universo_dom":"domicilios_ocupados_grade_ibge_2022","na_bacia":1,"area_pct_bacia":100.0,"metodo_recorte_bacia":"ponto_representativo_grade_2022; area_pct_geometrica"},"geometry":{"type":"Polygon","coordinates":[[[-51.623094926689475,-28.72048174313793],[-51.62311181146088,-28.71862303692355],[-51.621124542663495,-28.718607238533213],[-51.62110764350291,-28.720465943848204],[-51.623094926689475,-28.72048174313793]]]}},{"type":"Feature","properties":{"id_grade":"200ME52394N81466","pop":3,"dom":1,"universo_dom":"domicilios_ocupados_grade_ibge_2022","na_bacia":1,"area_pct_bacia":100.0,"metodo_recorte_bacia":"ponto_representativo_grade_2022; area_pct_geometrica"},"geometry":{"type":"Polygon","coordinates":[[[-51.621124542663495,-28.718607238533213],[-51.62114144182402,-28.716748552103986],[-51.619154186516425,-28.71673274022371],[-51.619137273866045,-28.718591425753594],[-51.621124542663495,-28.718607238533213]]]}},{"type":"Feature","properties":{"id_grade":"200ME52398N81468","pop":8,"dom":2,"universo_dom":"domicilios_ocupados_grade_ibge_2022","na_bacia":1,"area_pct_bacia":100.0,"metodo_recorte_bacia":"ponto_representativo_grade_2022; area_pct_geometrica"},"geometry":{"type":"Polygon","coordinates":[[[-51.617166932108205,-28.71671691485373],[-51.61718385914776,-28.714858248209648],[-51.61519661912865,-28.714842410249005],[-51.61517967859925,-28.716701076893138],[-51.617166932108205,-28.71671691485373]]]}},{"type":"Feature","properties":{"id_grade":"200ME52394N81470","pop":2,"dom":1,"universo_dom":"domicilios_ocupados_grade_ibge_2022","na_bacia":1,"area_pct_bacia":100.0,"metodo_recorte_bacia":"ponto_representativo_grade_2022; area_pct_geometrica"},"geometry":{"type":"Polygon","coordinates":[[[-51.62115834008529,-28.71488988456052],[-51.62117523834655,-28.7130312368021],[-51.61918801181725,-28.713015424921892],[-51.61917109916686,-28.71487407268031],[-51.62115834008529,-28.71488988456052]]]}},{"type":"Feature","properties":{"id_grade":"200ME52398N81470","pop":66,"dom":25,"universo_dom":"domicilios_ocupados_grade_ibge_2022","na_bacia":1,"area_pct_bacia":100.0,"metodo_recorte_bacia":"ponto_representativo_grade_2022; area_pct_geometrica"},"geometry":{"type":"Polygon","coordinates":[[[-51.61718385914776,-28.714858248209648],[-51.61720078618731,-28.71299960045112],[-51.615213559658,-28.712983763389843],[-51.61519661912865,-28.714842410249005],[-51.61718385914776,-28.714858248209648]]]}},{"type":"Feature","properties":{"id_grade":"200ME52400N81362","pop":3,"dom":1,"universo_dom":"domicilios_ocupados_grade_ibge_2022","na_bacia":1,"area_pct_bacia":100.0,"metodo_recorte_bacia":"ponto_representativo_grade_2022; area_pct_geometrica"},"geometry":{"type":"Polygon","coordinates":[[[-51.61428146721591,-28.815237870731025],[-51.614298420335786,-28.813378186054397],[-51.61231043208073,-28.813362319315495],[-51.61229346457168,-28.81522200489156],[-51.61428146721591,-28.815237870731025]]]}},{"type":"Feature","properties":{"id_grade":"200ME52402N81362","pop":9,"dom":3,"universo_dom":"domicilios_ocupados_grade_ibge_2022","na_bacia":1,"area_pct_bacia":100.0,"metodo_recorte_bacia":"ponto_representativo_grade_2022; area_pct_geometrica"},"geometry":{"type":"Polygon","coordinates":[[[-51.61229346457168,-28.81522200489156],[-51.61231043208073,-28.813362319315495],[-51.610322444725,-28.81334644088552],[-51.61030546282683,-28.815206125562224],[-51.61229346457168,-28.81522200489156]]]}},{"type":"Feature","properties":{"id_grade":"200ME52404N81362","pop":38,"dom":11,"universo_dom":"domicilios_ocupados_grade_ibge_2022","na_bacia":1,"area_pct_bacia":100.0,"metodo_recorte_bacia":"ponto_representativo_grade_2022; area_pct_geometrica"},"geometry":{"type":"Polygon","coordinates":[[[-51.61030546282683,-28.815206125562224],[-51.610322444725,-28.81334644088552],[-51.60833445646995,-28.813330548066315],[-51.608317461081924,-28.81519023274303],[-51.61030546282683,-28.815206125562224]]]}},{"type":"Feature","properties":{"id_grade":"200ME52406N81362","pop":60,"dom":25,"universo_dom":"domicilios_ocupados_grade_ibge_2022","na_bacia":1,"area_pct_bacia":100.0,"metodo_recorte_bacia":"ponto_representativo_grade_2022; area_pct_geometrica"},"geometry":{"type":"Polygon","coordinates":[[[-51.608317461081924,-28.81519023274303],[-51.60833445646995,-28.813330548066315],[-51.60634646911422,-28.813314642656533],[-51.60632945933701,-28.815174327333363],[-51.608317461081924,-28.81519023274303]]]}},{"type":"Feature","properties":{"id_grade":"200ME52408N81362","pop":41,"dom":15,"universo_dom":"domicilios_ocupados_grade_ibge_2022","na_bacia":1,"area_pct_bacia":100.0,"metodo_recorte_bacia":"ponto_representativo_grade_2022; area_pct_geometrica"},"geometry":{"type":"Polygon","coordinates":[[[-51.60632945933701,-28.815174327333363],[-51.60634646911422,-28.813314642656533],[-51.604358482657794,-28.813298723757068],[-51.60434145759216,-28.815158408433767],[-51.60632945933701,-28.815174327333363]]]}},{"type":"Feature","properties":{"id_grade":"200ME52400N81364","pop":10,"dom":2,"universo_dom":"domicilios_ocupados_grade_ibge_2022","na_bacia":1,"area_pct_bacia":100.0,"metodo_recorte_bacia":"ponto_representativo_grade_2022; area_pct_geometrica"},"geometry":{"type":"Polygon","coordinates":[[[-51.614298420335786,-28.813378186054397],[-51.61431537435499,-28.811518519364135],[-51.61232739958979,-28.81150265442395],[-51.61231043208073,-28.813362319315495],[-51.614298420335786,-28.813378186054397]]]}},{"type":"Feature","properties":{"id_grade":"200ME52402N81364","pop":68,"dom":25,"universo_dom":"domicilios_ocupados_grade_ibge_2022","na_bacia":1,"area_pct_bacia":100.0,"metodo_recorte_bacia":"ponto_representativo_grade_2022; area_pct_geometrica"},"geometry":{"type":"Polygon","coordinates":[[[-51.61231043208073,-28.813362319315495],[-51.61232739958979,-28.81150265442395],[-51.61033942572385,-28.811486775094547],[-51.610322444725,-28.81334644088552],[-51.61231043208073,-28.813362319315495]]]}},{"type":"Feature","properties":{"id_grade":"200ME52404N81364","pop":13,"dom":5,"universo_dom":"domicilios_ocupados_grade_ibge_2022","na_bacia":1,"area_pct_bacia":100.0,"metodo_recorte_bacia":"ponto_representativo_grade_2022; area_pct_geometrica"},"geometry":{"type":"Polygon","coordinates":[[[-51.610322444725,-28.81334644088552],[-51.61033942572385,-28.811486775094547],[-51.60835145275728,-28.811470883174714],[-51.60833445646995,-28.813330548066315],[-51.610322444725,-28.81334644088552]]]}},{"type":"Feature","properties":{"id_grade":"200ME52406N81364","pop":2,"dom":1,"universo_dom":"domicilios_ocupados_grade_ibge_2022","na_bacia":1,"area_pct_bacia":100.0,"metodo_recorte_bacia":"ponto_representativo_grade_2022; area_pct_geometrica"},"geometry":{"type":"Polygon","coordinates":[[[-51.60833445646995,-28.813330548066315],[-51.60835145275728,-28.811470883174714],[-51.60636347889142,-28.81145497776498],[-51.60634646911422,-28.813314642656533],[-51.60833445646995,-28.813330548066315]]]}},{"type":"Feature","properties":{"id_grade":"200ME52406N81366","pop":17,"dom":6,"universo_dom":"domicilios_ocupados_grade_ibge_2022","na_bacia":1,"area_pct_bacia":100.0,"metodo_recorte_bacia":"ponto_representativo_grade_2022; area_pct_geometrica"},"geometry":{"type":"Polygon","coordinates":[[[-51.60835145275728,-28.811470883174714],[-51.60836844814531,-28.809611237168774],[-51.60638048866855,-28.80959533265848],[-51.60636347889142,-28.81145497776498],[-51.60835145275728,-28.811470883174714]]]}},{"type":"Feature","properties":{"id_grade":"200ME52406N81368","pop":5,"dom":1,"universo_dom":"domicilios_ocupados_grade_ibge_2022","na_bacia":1,"area_pct_bacia":100.0,"metodo_recorte_bacia":"ponto_representativo_grade_2022; area_pct_geometrica"},"geometry":{"type":"Polygon","coordinates":[[[-51.60836844814531,-28.809611237168774],[-51.60838544353334,-28.807751610948074],[-51.606397498445745,-28.80773570553832],[-51.60638048866855,-28.80959533265848],[-51.60836844814531,-28.809611237168774]]]}},{"type":"Feature","properties":{"id_grade":"200ME52408N81368","pop":21,"dom":6,"universo_dom":"domicilios_ocupados_grade_ibge_2022","na_bacia":1,"area_pct_bacia":100.0,"metodo_recorte_bacia":"ponto_representativo_grade_2022; area_pct_geometrica"},"geometry":{"type":"Polygon","coordinates":[[[-51.60638048866855,-28.80959533265848],[-51.606397498445745,-28.80773570553832],[-51.60440955335816,-28.807719788437442],[-51.604392530091154,-28.809579413758865],[-51.60638048866855,-28.80959533265848]]]}},{"type":"Feature","properties":{"id_grade":"200ME52400N81370","pop":3,"dom":1,"universo_dom":"domicilios_ocupados_grade_ibge_2022","na_bacia":1,"area_pct_bacia":100.0,"metodo_recorte_bacia":"ponto_representativo_grade_2022; area_pct_geometrica"},"geometry":{"type":"Polygon","coordinates":[[[-51.61434927969543,-28.807799245338803],[-51.61436623281538,-28.80593963710454],[-51.612378301217575,-28.805923772164295],[-51.61236133460784,-28.807783380398646],[-51.61434927969543,-28.807799245338803]]]}},{"type":"Feature","properties":{"id_grade":"200ME52406N81370","pop":33,"dom":9,"universo_dom":"domicilios_ocupados_grade_ibge_2022","na_bacia":1,"area_pct_bacia":100.0,"metodo_recorte_bacia":"ponto_representativo_grade_2022; area_pct_geometrica"},"geometry":{"type":"Polygon","coordinates":[[[-51.60838544353334,-28.807751610948074],[-51.60840243892137,-28.80589200361303],[-51.60641450732362,-28.805876099102665],[-51.606397498445745,-28.80773570553832],[-51.60838544353334,-28.807751610948074]]]}},{"type":"Feature","properties":{"id_grade":"200ME52408N81370","pop":16,"dom":7,"universo_dom":"domicilios_ocupados_grade_ibge_2022","na_bacia":1,"area_pct_bacia":100.0,"metodo_recorte_bacia":"ponto_representativo_grade_2022; area_pct_geometrica"},"geometry":{"type":"Polygon","coordinates":[[[-51.606397498445745,-28.80773570553832],[-51.60641450732362,-28.805876099102665],[-51.60442657662514,-28.8058601811025],[-51.60440955335816,-28.807719788437442],[-51.606397498445745,-28.80773570553832]]]}},{"type":"Feature","properties":{"id_grade":"200ME52400N81372","pop":152,"dom":57,"universo_dom":"domicilios_ocupados_grade_ibge_2022","na_bacia":1,"area_pct_bacia":100.0,"metodo_recorte_bacia":"ponto_representativo_grade_2022; area_pct_geometrica"},"geometry":{"type":"Polygon","coordinates":[[[-51.61436623281538,-28.80593963710454],[-51.614383185035926,-28.804080048655287],[-51.61239526782731,-28.804064183715145],[-51.612378301217575,-28.805923772164295],[-51.61436623281538,-28.80593963710454]]]}},{"type":"Feature","properties":{"id_grade":"200ME52406N81372","pop":5,"dom":1,"universo_dom":"domicilios_ocupados_grade_ibge_2022","na_bacia":1,"area_pct_bacia":100.0,"metodo_recorte_bacia":"ponto_representativo_grade_2022; area_pct_geometrica"},"geometry":{"type":"Polygon","coordinates":[[[-51.60840243892137,-28.80589200361303],[-51.60841943341006,-28.80403241516371],[-51.606431516201496,-28.80401651155269],[-51.60641450732362,-28.805876099102665],[-51.60840243892137,-28.80589200361303]]]}},{"type":"Feature","properties":{"id_grade":"200ME52408N81372","pop":34,"dom":11,"universo_dom":"domicilios_ocupados_grade_ibge_2022","na_bacia":1,"area_pct_bacia":100.0,"metodo_recorte_bacia":"ponto_representativo_grade_2022; area_pct_geometrica"},"geometry":{"type":"Polygon","coordinates":[[[-51.60641450732362,-28.805876099102665],[-51.606431516201496,-28.80401651155269],[-51.60444359989219,-28.804000593552516],[-51.60442657662514,-28.8058601811025],[-51.60641450732362,-28.805876099102665]]]}},{"type":"Feature","properties":{"id_grade":"200ME52400N81374","pop":236,"dom":93,"universo_dom":"domicilios_ocupados_grade_ibge_2022","na_bacia":1,"area_pct_bacia":100.0,"metodo_recorte_bacia":"ponto_representativo_grade_2022; area_pct_geometrica"},"geometry":{"type":"Polygon","coordinates":[[[-51.614383185035926,-28.804080048655287],[-51.614400137256496,-28.802220479091794],[-51.612412233537725,-28.8022046141516],[-51.61239526782731,-28.804064183715145],[-51.614383185035926,-28.804080048655287]]]}},{"type":"Feature","properties":{"id_grade":"200ME52404N81374","pop":61,"dom":23,"universo_dom":"domicilios_ocupados_grade_ibge_2022","na_bacia":1,"area_pct_bacia":100.0,"metodo_recorte_bacia":"ponto_representativo_grade_2022; area_pct_geometrica"},"geometry":{"type":"Polygon","coordinates":[[[-51.61040735061869,-28.804048306184267],[-51.610424330718274,-28.80218873752019],[-51.608436427898766,-28.80217284649963],[-51.60841943341006,-28.80403241516371],[-51.61040735061869,-28.804048306184267]]]}},{"type":"Feature","properties":{"id_grade":"200ME52406N81374","pop":133,"dom":60,"universo_dom":"domicilios_ocupados_grade_ibge_2022","na_bacia":1,"area_pct_bacia":100.0,"metodo_recorte_bacia":"ponto_representativo_grade_2022; area_pct_geometrica"},"geometry":{"type":"Polygon","coordinates":[[[-51.60841943341006,-28.80403241516371],[-51.608436427898766,-28.80217284649963],[-51.60644852507931,-28.80215694288858],[-51.606431516201496,-28.80401651155269],[-51.60841943341006,-28.80403241516371]]]}},{"type":"Feature","properties":{"id_grade":"200ME52408N81374","pop":54,"dom":24,"universo_dom":"domicilios_ocupados_grade_ibge_2022","na_bacia":1,"area_pct_bacia":100.0,"metodo_recorte_bacia":"ponto_representativo_grade_2022; area_pct_geometrica"},"geometry":{"type":"Polygon","coordinates":[[[-51.606431516201496,-28.80401651155269],[-51.60644852507931,-28.80215694288858],[-51.604460623159184,-28.80214102578766],[-51.60444359989219,-28.804000593552516],[-51.606431516201496,-28.80401651155269]]]}},{"type":"Feature","properties":{"id_grade":"200ME52400N81376","pop":117,"dom":43,"universo_dom":"domicilios_ocupados_grade_ibge_2022","na_bacia":1,"area_pct_bacia":100.0,"metodo_recorte_bacia":"ponto_representativo_grade_2022; area_pct_geometrica"},"geometry":{"type":"Polygon","coordinates":[[[-51.614400137256496,-28.802220479091794],[-51.61441708947706,-28.80036092841405],[-51.6124292001474,-28.80034506437323],[-51.612412233537725,-28.8022046141516],[-51.614400137256496,-28.802220479091794]]]}},{"type":"Feature","properties":{"id_grade":"200ME52402N81376","pop":73,"dom":29,"universo_dom":"domicilios_ocupados_grade_ibge_2022","na_bacia":1,"area_pct_bacia":100.0,"metodo_recorte_bacia":"ponto_representativo_grade_2022; area_pct_geometrica"},"geometry":{"type":"Polygon","coordinates":[[[-51.612412233537725,-28.8022046141516],[-51.6124292001474,-28.80034506437323],[-51.610441310817805,-28.800329187741756],[-51.610424330718274,-28.80218873752019],[-51.612412233537725,-28.8022046141516]]]}},{"type":"Feature","properties":{"id_grade":"200ME52404N81376","pop":94,"dom":37,"universo_dom":"domicilios_ocupados_grade_ibge_2022","na_bacia":1,"area_pct_bacia":100.0,"metodo_recorte_bacia":"ponto_representativo_grade_2022; area_pct_geometrica"},"geometry":{"type":"Polygon","coordinates":[[[-51.610424330718274,-28.80218873752019],[-51.610441310817805,-28.800329187741756],[-51.60845342238747,-28.800313296721242],[-51.608436427898766,-28.80217284649963],[-51.610424330718274,-28.80218873752019]]]}},{"type":"Feature","properties":{"id_grade":"200ME52406N81376","pop":56,"dom":23,"universo_dom":"domicilios_ocupados_grade_ibge_2022","na_bacia":1,"area_pct_bacia":100.0,"metodo_recorte_bacia":"ponto_representativo_grade_2022; area_pct_geometrica"},"geometry":{"type":"Polygon","coordinates":[[[-51.608436427898766,-28.80217284649963],[-51.60845342238747,-28.800313296721242],[-51.6064655339572,-28.80029739311012],[-51.60644852507931,-28.80215694288858],[-51.608436427898766,-28.80217284649963]]]}},{"type":"Feature","properties":{"id_grade":"200ME52408N81376","pop":7,"dom":2,"universo_dom":"domicilios_ocupados_grade_ibge_2022","na_bacia":1,"area_pct_bacia":100.0,"metodo_recorte_bacia":"ponto_representativo_grade_2022; area_pct_geometrica"},"geometry":{"type":"Polygon","coordinates":[[[-51.60644852507931,-28.80215694288858],[-51.6064655339572,-28.80029739311012],[-51.60447764552685,-28.80028147690856],[-51.604460623159184,-28.80214102578766],[-51.60644852507931,-28.80215694288858]]]}},{"type":"Feature","properties":{"id_grade":"200ME52400N81378","pop":189,"dom":65,"universo_dom":"domicilios_ocupados_grade_ibge_2022","na_bacia":1,"area_pct_bacia":100.0,"metodo_recorte_bacia":"ponto_representativo_grade_2022; area_pct_geometrica"},"geometry":{"type":"Polygon","coordinates":[[[-51.61441708947706,-28.80036092841405],[-51.6144340407983,-28.798501397521427],[-51.61244616585782,-28.798485533480463],[-51.6124292001474,-28.80034506437323],[-51.61441708947706,-28.80036092841405]]]}},{"type":"Feature","properties":{"id_grade":"200ME52402N81378","pop":84,"dom":29,"universo_dom":"domicilios_ocupados_grade_ibge_2022","na_bacia":1,"area_pct_bacia":100.0,"metodo_recorte_bacia":"ponto_representativo_grade_2022; area_pct_geometrica"},"geometry":{"type":"Polygon","coordinates":[[[-51.6124292001474,-28.80034506437323],[-51.61244616585782,-28.798485533480463],[-51.610458290917336,-28.798469656849118],[-51.610441310817805,-28.800329187741756],[-51.6124292001474,-28.80034506437323]]]}},{"type":"Feature","properties":{"id_grade":"200ME52404N81378","pop":117,"dom":40,"universo_dom":"domicilios_ocupados_grade_ibge_2022","na_bacia":1,"area_pct_bacia":100.0,"metodo_recorte_bacia":"ponto_representativo_grade_2022; area_pct_geometrica"},"geometry":{"type":"Polygon","coordinates":[[[-51.610441310817805,-28.800329187741756],[-51.610458290917336,-28.798469656849118],[-51.608470415976846,-28.79845376672795],[-51.60845342238747,-28.800313296721242],[-51.610441310817805,-28.800329187741756]]]}},{"type":"Feature","properties":{"id_grade":"200ME52406N81378","pop":78,"dom":26,"universo_dom":"domicilios_ocupados_grade_ibge_2022","na_bacia":1,"area_pct_bacia":100.0,"metodo_recorte_bacia":"ponto_representativo_grade_2022; area_pct_geometrica"},"geometry":{"type":"Polygon","coordinates":[[[-51.60845342238747,-28.800313296721242],[-51.608470415976846,-28.79845376672795],[-51.60648254193575,-28.79843786401619],[-51.6064655339572,-28.80029739311012],[-51.60845342238747,-28.800313296721242]]]}},{"type":"Feature","properties":{"id_grade":"200ME52408N81378","pop":56,"dom":23,"universo_dom":"domicilios_ocupados_grade_ibge_2022","na_bacia":1,"area_pct_bacia":100.0,"metodo_recorte_bacia":"ponto_representativo_grade_2022; area_pct_geometrica"},"geometry":{"type":"Polygon","coordinates":[[[-51.6064655339572,-28.80029739311012],[-51.60648254193575,-28.79843786401619],[-51.604494667894585,-28.79842194691519],[-51.60447764552685,-28.80028147690856],[-51.6064655339572,-28.80029739311012]]]}},{"type":"Feature","properties":{"id_grade":"200ME52402N81380","pop":22,"dom":8,"universo_dom":"domicilios_ocupados_grade_ibge_2022","na_bacia":1,"area_pct_bacia":100.0,"metodo_recorte_bacia":"ponto_representativo_grade_2022; area_pct_geometrica"},"geometry":{"type":"Polygon","coordinates":[[[-51.61244616585782,-28.798485533480463],[-51.61246313156824,-28.796626022373008],[-51.610475271016924,-28.796610145741564],[-51.610458290917336,-28.798469656849118],[-51.61244616585782,-28.798485533480463]]]}},{"type":"Feature","properties":{"id_grade":"200ME52404N81380","pop":87,"dom":34,"universo_dom":"domicilios_ocupados_grade_ibge_2022","na_bacia":1,"area_pct_bacia":100.0,"metodo_recorte_bacia":"ponto_representativo_grade_2022; area_pct_geometrica"},"geometry":{"type":"Polygon","coordinates":[[[-51.610458290917336,-28.798469656849118],[-51.610475271016924,-28.796610145741564],[-51.60848741046556,-28.79659425562035],[-51.608470415976846,-28.79845376672795],[-51.610458290917336,-28.798469656849118]]]}},{"type":"Feature","properties":{"id_grade":"200ME52406N81380","pop":103,"dom":46,"universo_dom":"domicilios_ocupados_grade_ibge_2022","na_bacia":1,"area_pct_bacia":100.0,"metodo_recorte_bacia":"ponto_representativo_grade_2022; area_pct_geometrica"},"geometry":{"type":"Polygon","coordinates":[[[-51.608470415976846,-28.79845376672795],[-51.60848741046556,-28.79659425562035],[-51.606499549914254,-28.796578352908597],[-51.60648254193575,-28.79843786401619],[-51.608470415976846,-28.79845376672795]]]}},{"type":"Feature","properties":{"id_grade":"200ME52408N81380","pop":4,"dom":2,"universo_dom":"domicilios_ocupados_grade_ibge_2022","na_bacia":1,"area_pct_bacia":100.0,"metodo_recorte_bacia":"ponto_representativo_grade_2022; area_pct_geometrica"},"geometry":{"type":"Polygon","coordinates":[[[-51.60648254193575,-28.79843786401619],[-51.606499549914254,-28.796578352908597],[-51.60451169026226,-28.796562436707035],[-51.604494667894585,-28.79842194691519],[-51.60648254193575,-28.79843786401619]]]}},{"type":"Feature","properties":{"id_grade":"200ME52402N81382","pop":50,"dom":22,"universo_dom":"domicilios_ocupados_grade_ibge_2022","na_bacia":1,"area_pct_bacia":100.0,"metodo_recorte_bacia":"ponto_representativo_grade_2022; area_pct_geometrica"},"geometry":{"type":"Polygon","coordinates":[[[-51.61246313156824,-28.796626022373008],[-51.61248009727864,-28.794766530151207],[-51.610492250217135,-28.79475065351988],[-51.610475271016924,-28.796610145741564],[-51.61246313156824,-28.796626022373008]]]}},{"type":"Feature","properties":{"id_grade":"200ME52404N81382","pop":173,"dom":73,"universo_dom":"domicilios_ocupados_grade_ibge_2022","na_bacia":1,"area_pct_bacia":100.0,"metodo_recorte_bacia":"ponto_representativo_grade_2022; area_pct_geometrica"},"geometry":{"type":"Polygon","coordinates":[[[-51.610475271016924,-28.796610145741564],[-51.610492250217135,-28.79475065351988],[-51.60850440405495,-28.794734764297914],[-51.60848741046556,-28.79659425562035],[-51.610475271016924,-28.796610145741564]]]}},{"type":"Feature","properties":{"id_grade":"200ME52406N81382","pop":90,"dom":33,"universo_dom":"domicilios_ocupados_grade_ibge_2022","na_bacia":1,"area_pct_bacia":100.0,"metodo_recorte_bacia":"ponto_representativo_grade_2022; area_pct_geometrica"},"geometry":{"type":"Polygon","coordinates":[[[-51.60848741046556,-28.79659425562035],[-51.60850440405495,-28.794734764297914],[-51.6065165578928,-28.794718861586134],[-51.606499549914254,-28.796578352908597],[-51.60848741046556,-28.79659425562035]]]}},{"type":"Feature","properties":{"id_grade":"200ME52400N81384","pop":5,"dom":1,"universo_dom":"domicilios_ocupados_grade_ibge_2022","na_bacia":1,"area_pct_bacia":100.0,"metodo_recorte_bacia":"ponto_representativo_grade_2022; area_pct_geometrica"},"geometry":{"type":"Polygon","coordinates":[[[-51.614467943440786,-28.794782393292785],[-51.61448489476203,-28.79292291995668],[-51.61249706208968,-28.792907057714494],[-51.61248009727864,-28.794766530151207],[-51.614467943440786,-28.794782393292785]]]}},{"type":"Feature","properties":{"id_grade":"200ME52402N81384","pop":97,"dom":35,"universo_dom":"domicilios_ocupados_grade_ibge_2022","na_bacia":1,"area_pct_bacia":100.0,"metodo_recorte_bacia":"ponto_representativo_grade_2022; area_pct_geometrica"},"geometry":{"type":"Polygon","coordinates":[[[-51.61248009727864,-28.794766530151207],[-51.61249706208968,-28.792907057714494],[-51.61050922941734,-28.792891181083103],[-51.610492250217135,-28.79475065351988],[-51.61248009727864,-28.794766530151207]]]}},{"type":"Feature","properties":{"id_grade":"200ME52404N81384","pop":352,"dom":122,"universo_dom":"domicilios_ocupados_grade_ibge_2022","na_bacia":1,"area_pct_bacia":100.0,"metodo_recorte_bacia":"ponto_representativo_grade_2022; area_pct_geometrica"},"geometry":{"type":"Polygon","coordinates":[[[-51.610492250217135,-28.79475065351988],[-51.61050922941734,-28.792891181083103],[-51.60852139674501,-28.792875291861154],[-51.60850440405495,-28.794734764297914],[-51.610492250217135,-28.79475065351988]]]}},{"type":"Feature","properties":{"id_grade":"200ME52406N81384","pop":37,"dom":13,"universo_dom":"domicilios_ocupados_grade_ibge_2022","na_bacia":1,"area_pct_bacia":100.0,"metodo_recorte_bacia":"ponto_representativo_grade_2022; area_pct_geometrica"},"geometry":{"type":"Polygon","coordinates":[[[-51.60850440405495,-28.794734764297914],[-51.60852139674501,-28.792875291861154],[-51.60653356497198,-28.792859389149385],[-51.6065165578928,-28.794718861586134],[-51.60850440405495,-28.794734764297914]]]}},{"type":"Feature","properties":{"id_grade":"200ME52408N81384","pop":48,"dom":16,"universo_dom":"domicilios_ocupados_grade_ibge_2022","na_bacia":1,"area_pct_bacia":100.0,"metodo_recorte_bacia":"ponto_representativo_grade_2022; area_pct_geometrica"},"geometry":{"type":"Polygon","coordinates":[[[-51.6065165578928,-28.794718861586134],[-51.60653356497198,-28.792859389149385],[-51.60454573319896,-28.792843473847164],[-51.6045287117306,-28.79470294538459],[-51.6065165578928,-28.794718861586134]]]}},{"type":"Feature","properties":{"id_grade":"200ME52400N81386","pop":45,"dom":21,"universo_dom":"domicilios_ocupados_grade_ibge_2022","na_bacia":1,"area_pct_bacia":100.0,"metodo_recorte_bacia":"ponto_representativo_grade_2022; area_pct_geometrica"},"geometry":{"type":"Polygon","coordinates":[[[-51.61448489476203,-28.79292291995668],[-51.61450184518395,-28.791063466405877],[-51.61251402690079,-28.791047603264236],[-51.61249706208968,-28.792907057714494],[-51.61448489476203,-28.79292291995668]]]}},{"type":"Feature","properties":{"id_grade":"200ME52402N81386","pop":122,"dom":45,"universo_dom":"domicilios_ocupados_grade_ibge_2022","na_bacia":1,"area_pct_bacia":100.0,"metodo_recorte_bacia":"ponto_representativo_grade_2022; area_pct_geometrica"},"geometry":{"type":"Polygon","coordinates":[[[-51.61249706208968,-28.792907057714494],[-51.61251402690079,-28.791047603264236],[-51.610526208617614,-28.791031727532147],[-51.61050922941734,-28.792891181083103],[-51.61249706208968,-28.792907057714494]]]}},{"type":"Feature","properties":{"id_grade":"200ME52404N81386","pop":183,"dom":78,"universo_dom":"domicilios_ocupados_grade_ibge_2022","na_bacia":1,"area_pct_bacia":100.0,"metodo_recorte_bacia":"ponto_representativo_grade_2022; area_pct_geometrica"},"geometry":{"type":"Polygon","coordinates":[[[-51.61050922941734,-28.792891181083103],[-51.610526208617614,-28.791031727532147],[-51.60853839033438,-28.791015839209614],[-51.60852139674501,-28.792875291861154],[-51.61050922941734,-28.792891181083103]]]}},{"type":"Feature","properties":{"id_grade":"200ME52406N81386","pop":64,"dom":28,"universo_dom":"domicilios_ocupados_grade_ibge_2022","na_bacia":1,"area_pct_bacia":100.0,"metodo_recorte_bacia":"ponto_representativo_grade_2022; area_pct_geometrica"},"geometry":{"type":"Polygon","coordinates":[[[-51.60852139674501,-28.792875291861154],[-51.60853839033438,-28.791015839209614],[-51.60655057205122,-28.790999936497816],[-51.60653356497198,-28.792859389149385],[-51.60852139674501,-28.792875291861154]]]}},{"type":"Feature","properties":{"id_grade":"200ME52408N81386","pop":242,"dom":111,"universo_dom":"domicilios_ocupados_grade_ibge_2022","na_bacia":1,"area_pct_bacia":100.0,"metodo_recorte_bacia":"ponto_representativo_grade_2022; area_pct_geometrica"},"geometry":{"type":"Polygon","coordinates":[[[-51.60653356497198,-28.792859389149385],[-51.60655057205122,-28.790999936497816],[-51.60456275466737,-28.79098402119556],[-51.60454573319896,-28.792843473847164],[-51.60653356497198,-28.792859389149385]]]}},{"type":"Feature","properties":{"id_grade":"200ME52400N81388","pop":51,"dom":19,"universo_dom":"domicilios_ocupados_grade_ibge_2022","na_bacia":1,"area_pct_bacia":100.0,"metodo_recorte_bacia":"ponto_representativo_grade_2022; area_pct_geometrica"},"geometry":{"type":"Polygon","coordinates":[[[-51.61450184518395,-28.791063466405877],[-51.61451879560587,-28.789204031740624],[-51.61253099171187,-28.78918816949843],[-51.61251402690079,-28.791047603264236],[-51.61450184518395,-28.791063466405877]]]}},{"type":"Feature","properties":{"id_grade":"200ME52402N81388","pop":70,"dom":27,"universo_dom":"domicilios_ocupados_grade_ibge_2022","na_bacia":1,"area_pct_bacia":100.0,"metodo_recorte_bacia":"ponto_representativo_grade_2022; area_pct_geometrica"},"geometry":{"type":"Polygon","coordinates":[[[-51.61251402690079,-28.791047603264236],[-51.61253099171187,-28.78918816949843],[-51.610543186918505,-28.789172293766256],[-51.610526208617614,-28.791031727532147],[-51.61251402690079,-28.791047603264236]]]}},{"type":"Feature","properties":{"id_grade":"200ME52404N81388","pop":150,"dom":68,"universo_dom":"domicilios_ocupados_grade_ibge_2022","na_bacia":1,"area_pct_bacia":100.0,"metodo_recorte_bacia":"ponto_representativo_grade_2022; area_pct_geometrica"},"geometry":{"type":"Polygon","coordinates":[[[-51.610526208617614,-28.791031727532147],[-51.610543186918505,-28.789172293766256],[-51.60855538302445,-28.789156405443705],[-51.60853839033438,-28.791015839209614],[-51.610526208617614,-28.791031727532147]]]}},{"type":"Feature","properties":{"id_grade":"200ME52406N81388","pop":113,"dom":50,"universo_dom":"domicilios_ocupados_grade_ibge_2022","na_bacia":1,"area_pct_bacia":100.0,"metodo_recorte_bacia":"ponto_representativo_grade_2022; area_pct_geometrica"},"geometry":{"type":"Polygon","coordinates":[[[-51.60853839033438,-28.791015839209614],[-51.60855538302445,-28.789156405443705],[-51.606567579130456,-28.789140503631277],[-51.60655057205122,-28.790999936497816],[-51.60853839033438,-28.791015839209614]]]}},{"type":"Feature","properties":{"id_grade":"200ME52408N81388","pop":142,"dom":58,"universo_dom":"domicilios_ocupados_grade_ibge_2022","na_bacia":1,"area_pct_bacia":100.0,"metodo_recorte_bacia":"ponto_representativo_grade_2022; area_pct_geometrica"},"geometry":{"type":"Polygon","coordinates":[[[-51.60655057205122,-28.790999936497816],[-51.606567579130456,-28.789140503631277],[-51.60457977613573,-28.789124588329067],[-51.60456275466737,-28.79098402119556],[-51.60655057205122,-28.790999936497816]]]}},{"type":"Feature","properties":{"id_grade":"200ME52402N81390","pop":64,"dom":32,"universo_dom":"domicilios_ocupados_grade_ibge_2022","na_bacia":1,"area_pct_bacia":100.0,"metodo_recorte_bacia":"ponto_representativo_grade_2022; area_pct_geometrica"},"geometry":{"type":"Polygon","coordinates":[[[-51.61253099171187,-28.78918816949843],[-51.6125479556236,-28.787328754618205],[-51.61056016611872,-28.78731287888614],[-51.610543186918505,-28.789172293766256],[-51.61253099171187,-28.78918816949843]]]}},{"type":"Feature","properties":{"id_grade":"200ME52404N81390","pop":361,"dom":172,"universo_dom":"domicilios_ocupados_grade_ibge_2022","na_bacia":1,"area_pct_bacia":100.0,"metodo_recorte_bacia":"ponto_representativo_grade_2022; area_pct_geometrica"},"geometry":{"type":"Polygon","coordinates":[[[-51.610543186918505,-28.789172293766256],[-51.61056016611872,-28.78731287888614],[-51.608572375714516,-28.787296990563682],[-51.60855538302445,-28.789156405443705],[-51.610543186918505,-28.789172293766256]]]}},{"type":"Feature","properties":{"id_grade":"200ME52406N81390","pop":179,"dom":94,"universo_dom":"domicilios_ocupados_grade_ibge_2022","na_bacia":1,"area_pct_bacia":100.0,"metodo_recorte_bacia":"ponto_representativo_grade_2022; area_pct_geometrica"},"geometry":{"type":"Polygon","coordinates":[[[-51.60855538302445,-28.789156405443705],[-51.608572375714516,-28.787296990563682],[-51.606584586209635,-28.78728108875126],[-51.606567579130456,-28.789140503631277],[-51.60855538302445,-28.789156405443705]]]}},{"type":"Feature","properties":{"id_grade":"200ME52408N81390","pop":60,"dom":26,"universo_dom":"domicilios_ocupados_grade_ibge_2022","na_bacia":1,"area_pct_bacia":100.0,"metodo_recorte_bacia":"ponto_representativo_grade_2022; area_pct_geometrica"},"geometry":{"type":"Polygon","coordinates":[[[-51.606567579130456,-28.789140503631277],[-51.606584586209635,-28.78728108875126],[-51.60459679670475,-28.78726517434819],[-51.60457977613573,-28.789124588329067],[-51.606567579130456,-28.789140503631277]]]}},{"type":"Feature","properties":{"id_grade":"200ME52400N81392","pop":10,"dom":5,"universo_dom":"domicilios_ocupados_grade_ibge_2022","na_bacia":1,"area_pct_bacia":100.0,"metodo_recorte_bacia":"ponto_representativo_grade_2022; area_pct_geometrica"},"geometry":{"type":"Polygon","coordinates":[[[-51.6145357460278,-28.787344615961253],[-51.614552696449714,-28.785485219966844],[-51.612564920434686,-28.785469358624002],[-51.6125479556236,-28.787328754618205],[-51.6145357460278,-28.787344615961253]]]}},{"type":"Feature","properties":{"id_grade":"200ME52402N81392","pop":158,"dom":64,"universo_dom":"domicilios_ocupados_grade_ibge_2022","na_bacia":1,"area_pct_bacia":100.0,"metodo_recorte_bacia":"ponto_representativo_grade_2022; area_pct_geometrica"},"geometry":{"type":"Polygon","coordinates":[[[-51.6125479556236,-28.787328754618205],[-51.612564920434686,-28.785469358624002],[-51.610577144419665,-28.785453483791105],[-51.61056016611872,-28.78731287888614],[-51.6125479556236,-28.787328754618205]]]}},{"type":"Feature","properties":{"id_grade":"200ME52404N81392","pop":267,"dom":126,"universo_dom":"domicilios_ocupados_grade_ibge_2022","na_bacia":1,"area_pct_bacia":100.0,"metodo_recorte_bacia":"ponto_representativo_grade_2022; area_pct_geometrica"},"geometry":{"type":"Polygon","coordinates":[[[-51.61056016611872,-28.78731287888614],[-51.610577144419665,-28.785453483791105],[-51.60858936840459,-28.785437595468697],[-51.608572375714516,-28.787296990563682],[-51.61056016611872,-28.78731287888614]]]}},{"type":"Feature","properties":{"id_grade":"200ME52406N81392","pop":147,"dom":58,"universo_dom":"domicilios_ocupados_grade_ibge_2022","na_bacia":1,"area_pct_bacia":100.0,"metodo_recorte_bacia":"ponto_representativo_grade_2022; area_pct_geometrica"},"geometry":{"type":"Polygon","coordinates":[[[-51.608572375714516,-28.787296990563682],[-51.60858936840459,-28.785437595468697],[-51.60660159238956,-28.78542169365618],[-51.606584586209635,-28.78728108875126],[-51.608572375714516,-28.787296990563682]]]}},{"type":"Feature","properties":{"id_grade":"200ME52408N81392","pop":49,"dom":18,"universo_dom":"domicilios_ocupados_grade_ibge_2022","na_bacia":1,"area_pct_bacia":100.0,"metodo_recorte_bacia":"ponto_representativo_grade_2022; area_pct_geometrica"},"geometry":{"type":"Polygon","coordinates":[[[-51.606584586209635,-28.78728108875126],[-51.60660159238956,-28.78542169365618],[-51.60461381727379,-28.7854057792532],[-51.60459679670475,-28.78726517434819],[-51.606584586209635,-28.78728108875126]]]}},{"type":"Feature","properties":{"id_grade":"200ME52402N81394","pop":36,"dom":2,"universo_dom":"domicilios_ocupados_grade_ibge_2022","na_bacia":1,"area_pct_bacia":100.0,"metodo_recorte_bacia":"ponto_representativo_grade_2022; area_pct_geometrica"},"geometry":{"type":"Polygon","coordinates":[[[-51.612564920434686,-28.785469358624002],[-51.61258188434647,-28.783609981515408],[-51.61059412182124,-28.783594106682653],[-51.610577144419665,-28.785453483791105],[-51.612564920434686,-28.785469358624002]]]}},{"type":"Feature","properties":{"id_grade":"200ME52404N81394","pop":88,"dom":38,"universo_dom":"domicilios_ocupados_grade_ibge_2022","na_bacia":1,"area_pct_bacia":100.0,"metodo_recorte_bacia":"ponto_representativo_grade_2022; area_pct_geometrica"},"geometry":{"type":"Polygon","coordinates":[[[-51.610577144419665,-28.785453483791105],[-51.61059412182124,-28.783594106682653],[-51.608606360195324,-28.78357821925938],[-51.60858936840459,-28.785437595468697],[-51.610577144419665,-28.785453483791105]]]}},{"type":"Feature","properties":{"id_grade":"200ME52406N81394","pop":70,"dom":31,"universo_dom":"domicilios_ocupados_grade_ibge_2022","na_bacia":1,"area_pct_bacia":100.0,"metodo_recorte_bacia":"ponto_representativo_grade_2022; area_pct_geometrica"},"geometry":{"type":"Polygon","coordinates":[[[-51.60858936840459,-28.785437595468697],[-51.608606360195324,-28.78357821925938],[-51.60661859856941,-28.783562318346373],[-51.60660159238956,-28.78542169365618],[-51.60858936840459,-28.785437595468697]]]}},{"type":"Feature","properties":{"id_grade":"200ME52408N81394","pop":206,"dom":89,"universo_dom":"domicilios_ocupados_grade_ibge_2022","na_bacia":1,"area_pct_bacia":100.0,"metodo_recorte_bacia":"ponto_representativo_grade_2022; area_pct_geometrica"},"geometry":{"type":"Polygon","coordinates":[[[-51.60660159238956,-28.78542169365618],[-51.60661859856941,-28.783562318346373],[-51.604630837842876,-28.783546403943287],[-51.60461381727379,-28.7854057792532],[-51.60660159238956,-28.78542169365618]]]}},{"type":"Feature","properties":{"id_grade":"200ME52400N81396","pop":5,"dom":1,"universo_dom":"domicilios_ocupados_grade_ibge_2022","na_bacia":1,"area_pct_bacia":100.0,"metodo_recorte_bacia":"ponto_representativo_grade_2022; area_pct_geometrica"},"geometry":{"type":"Polygon","coordinates":[[[-51.61456964597233,-28.783625842858356],[-51.61458659549493,-28.78176648553481],[-51.61259884735887,-28.78175062419183],[-51.61258188434647,-28.783609981515408],[-51.61456964597233,-28.783625842858356]]]}},{"type":"Feature","properties":{"id_grade":"200ME52402N81396","pop":52,"dom":22,"universo_dom":"domicilios_ocupados_grade_ibge_2022","na_bacia":1,"area_pct_bacia":100.0,"metodo_recorte_bacia":"ponto_representativo_grade_2022; area_pct_geometrica"},"geometry":{"type":"Polygon","coordinates":[[[-51.61258188434647,-28.783609981515408],[-51.61259884735887,-28.78175062419183],[-51.61061110012213,-28.7817347502584],[-51.61059412182124,-28.783594106682653],[-51.61258188434647,-28.783609981515408]]]}},{"type":"Feature","properties":{"id_grade":"200ME52404N81396","pop":410,"dom":190,"universo_dom":"domicilios_ocupados_grade_ibge_2022","na_bacia":1,"area_pct_bacia":100.0,"metodo_recorte_bacia":"ponto_representativo_grade_2022; area_pct_geometrica"},"geometry":{"type":"Polygon","coordinates":[[[-51.61059412182124,-28.783594106682653],[-51.61061110012213,-28.7817347502584],[-51.60862335198607,-28.781718862835195],[-51.608606360195324,-28.78357821925938],[-51.61059412182124,-28.783594106682653]]]}},{"type":"Feature","properties":{"id_grade":"200ME52406N81396","pop":334,"dom":140,"universo_dom":"domicilios_ocupados_grade_ibge_2022","na_bacia":1,"area_pct_bacia":100.0,"metodo_recorte_bacia":"ponto_representativo_grade_2022; area_pct_geometrica"},"geometry":{"type":"Polygon","coordinates":[[[-51.608606360195324,-28.78357821925938],[-51.60862335198607,-28.781718862835195],[-51.60663560474933,-28.781702961922157],[-51.60661859856941,-28.783562318346373],[-51.608606360195324,-28.78357821925938]]]}},{"type":"Feature","properties":{"id_grade":"200ME52408N81396","pop":104,"dom":41,"universo_dom":"domicilios_ocupados_grade_ibge_2022","na_bacia":1,"area_pct_bacia":100.0,"metodo_recorte_bacia":"ponto_representativo_grade_2022; area_pct_geometrica"},"geometry":{"type":"Polygon","coordinates":[[[-51.60661859856941,-28.783562318346373],[-51.60663560474933,-28.781702961922157],[-51.60464785751258,-28.781687047519213],[-51.604630837842876,-28.783546403943287],[-51.60661859856941,-28.783562318346373]]]}},{"type":"Feature","properties":{"id_grade":"200ME52400N81398","pop":53,"dom":24,"universo_dom":"domicilios_ocupados_grade_ibge_2022","na_bacia":1,"area_pct_bacia":100.0,"metodo_recorte_bacia":"ponto_representativo_grade_2022; area_pct_geometrica"},"geometry":{"type":"Polygon","coordinates":[[[-51.61458659549493,-28.78176648553481],[-51.61460354501753,-28.77990714709706],[-51.61261581127065,-28.779891286653505],[-51.61259884735887,-28.78175062419183],[-51.61458659549493,-28.78176648553481]]]}},{"type":"Feature","properties":{"id_grade":"200ME52402N81398","pop":155,"dom":67,"universo_dom":"domicilios_ocupados_grade_ibge_2022","na_bacia":1,"area_pct_bacia":100.0,"metodo_recorte_bacia":"ponto_representativo_grade_2022; area_pct_geometrica"},"geometry":{"type":"Polygon","coordinates":[[[-51.61259884735887,-28.78175062419183],[-51.61261581127065,-28.779891286653505],[-51.6106280775237,-28.779875411820743],[-51.61061110012213,-28.7817347502584],[-51.61259884735887,-28.78175062419183]]]}},{"type":"Feature","properties":{"id_grade":"200ME52404N81398","pop":329,"dom":143,"universo_dom":"domicilios_ocupados_grade_ibge_2022","na_bacia":1,"area_pct_bacia":100.0,"metodo_recorte_bacia":"ponto_representativo_grade_2022; area_pct_geometrica"},"geometry":{"type":"Polygon","coordinates":[[[-51.61061110012213,-28.7817347502584],[-51.6106280775237,-28.779875411820743],[-51.60864034377681,-28.77985952529677],[-51.60862335198607,-28.781718862835195],[-51.61061110012213,-28.7817347502584]]]}},{"type":"Feature","properties":{"id_grade":"200ME52406N81398","pop":184,"dom":82,"universo_dom":"domicilios_ocupados_grade_ibge_2022","na_bacia":1,"area_pct_bacia":100.0,"metodo_recorte_bacia":"ponto_representativo_grade_2022; area_pct_geometrica"},"geometry":{"type":"Polygon","coordinates":[[[-51.60862335198607,-28.781718862835195],[-51.60864034377681,-28.77985952529677],[-51.606652610929196,-28.779843624383684],[-51.60663560474933,-28.781702961922157],[-51.60862335198607,-28.781718862835195]]]}},{"type":"Feature","properties":{"id_grade":"200ME52408N81398","pop":223,"dom":95,"universo_dom":"domicilios_ocupados_grade_ibge_2022","na_bacia":1,"area_pct_bacia":100.0,"metodo_recorte_bacia":"ponto_representativo_grade_2022; area_pct_geometrica"},"geometry":{"type":"Polygon","coordinates":[[[-51.60663560474933,-28.781702961922157],[-51.606652610929196,-28.779843624383684],[-51.60466487808163,-28.77982771088015],[-51.60464785751258,-28.781687047519213],[-51.60663560474933,-28.781702961922157]]]}},{"type":"Feature","properties":{"id_grade":"200ME52402N81400","pop":56,"dom":32,"universo_dom":"domicilios_ocupados_grade_ibge_2022","na_bacia":1,"area_pct_bacia":100.0,"metodo_recorte_bacia":"ponto_representativo_grade_2022; area_pct_geometrica"},"geometry":{"type":"Polygon","coordinates":[[[-51.61261581127065,-28.779891286653505],[-51.61263277428305,-28.778031967101576],[-51.61064505492533,-28.778016094067475],[-51.6106280775237,-28.779875411820743],[-51.61261581127065,-28.779891286653505]]]}},{"type":"Feature","properties":{"id_grade":"200ME52404N81400","pop":145,"dom":59,"universo_dom":"domicilios_ocupados_grade_ibge_2022","na_bacia":1,"area_pct_bacia":100.0,"metodo_recorte_bacia":"ponto_representativo_grade_2022; area_pct_geometrica"},"geometry":{"type":"Polygon","coordinates":[[[-51.6106280775237,-28.779875411820743],[-51.61064505492533,-28.778016094067475],[-51.60865733556756,-28.778000206644105],[-51.60864034377681,-28.77985952529677],[-51.6106280775237,-28.779875411820743]]]}},{"type":"Feature","properties":{"id_grade":"200ME52406N81400","pop":120,"dom":49,"universo_dom":"domicilios_ocupados_grade_ibge_2022","na_bacia":1,"area_pct_bacia":100.0,"metodo_recorte_bacia":"ponto_representativo_grade_2022; area_pct_geometrica"},"geometry":{"type":"Polygon","coordinates":[[[-51.60864034377681,-28.77985952529677],[-51.60865733556756,-28.778000206644105],[-51.606669616209786,-28.777984306630408],[-51.606652610929196,-28.779843624383684],[-51.60864034377681,-28.77985952529677]]]}},{"type":"Feature","properties":{"id_grade":"200ME52408N81400","pop":130,"dom":68,"universo_dom":"domicilios_ocupados_grade_ibge_2022","na_bacia":1,"area_pct_bacia":100.0,"metodo_recorte_bacia":"ponto_representativo_grade_2022; area_pct_geometrica"},"geometry":{"type":"Polygon","coordinates":[[[-51.606652610929196,-28.779843624383684],[-51.606669616209786,-28.777984306630408],[-51.604681897751334,-28.777968393126766],[-51.60466487808163,-28.77982771088015],[-51.606652610929196,-28.779843624383684]]]}},{"type":"Feature","properties":{"id_grade":"200ME52402N81402","pop":7,"dom":4,"universo_dom":"domicilios_ocupados_grade_ibge_2022","na_bacia":1,"area_pct_bacia":100.0,"metodo_recorte_bacia":"ponto_representativo_grade_2022; area_pct_geometrica"},"geometry":{"type":"Polygon","coordinates":[[[-51.61263277428305,-28.778031967101576],[-51.61264973729549,-28.776172668234036],[-51.61066203142758,-28.77615679430052],[-51.61064505492533,-28.778016094067475],[-51.61263277428305,-28.778031967101576]]]}},{"type":"Feature","properties":{"id_grade":"200ME52404N81402","pop":46,"dom":22,"universo_dom":"domicilios_ocupados_grade_ibge_2022","na_bacia":1,"area_pct_bacia":100.0,"metodo_recorte_bacia":"ponto_representativo_grade_2022; area_pct_geometrica"},"geometry":{"type":"Polygon","coordinates":[[[-51.61064505492533,-28.778016094067475],[-51.61066203142758,-28.77615679430052],[-51.60867432645899,-28.776140907776643],[-51.60865733556756,-28.778000206644105],[-51.61064505492533,-28.778016094067475]]]}},{"type":"Feature","properties":{"id_grade":"200ME52406N81402","pop":131,"dom":57,"universo_dom":"domicilios_ocupados_grade_ibge_2022","na_bacia":1,"area_pct_bacia":100.0,"metodo_recorte_bacia":"ponto_representativo_grade_2022; area_pct_geometrica"},"geometry":{"type":"Polygon","coordinates":[[[-51.60865733556756,-28.778000206644105],[-51.60867432645899,-28.776140907776643],[-51.606686621490326,-28.776125007762797],[-51.606669616209786,-28.777984306630408],[-51.60865733556756,-28.778000206644105]]]}},{"type":"Feature","properties":{"id_grade":"200ME52408N81402","pop":9,"dom":5,"universo_dom":"domicilios_ocupados_grade_ibge_2022","na_bacia":1,"area_pct_bacia":100.0,"metodo_recorte_bacia":"ponto_representativo_grade_2022; area_pct_geometrica"},"geometry":{"type":"Polygon","coordinates":[[[-51.606669616209786,-28.777984306630408],[-51.606686621490326,-28.776125007762797],[-51.604698917421054,-28.776109094259255],[-51.604681897751334,-28.777968393126766],[-51.606669616209786,-28.777984306630408]]]}},{"type":"Feature","properties":{"id_grade":"200ME52400N81404","pop":36,"dom":13,"universo_dom":"domicilios_ocupados_grade_ibge_2022","na_bacia":1,"area_pct_bacia":100.0,"metodo_recorte_bacia":"ponto_representativo_grade_2022; area_pct_geometrica"},"geometry":{"type":"Polygon","coordinates":[[[-51.614637443163424,-28.776188528677675],[-51.6146543917867,-28.77432924779659],[-51.612666700307955,-28.774313387352926],[-51.61264973729549,-28.776172668234036],[-51.614637443163424,-28.776188528677675]]]}},{"type":"Feature","properties":{"id_grade":"200ME52402N81404","pop":85,"dom":39,"universo_dom":"domicilios_ocupados_grade_ibge_2022","na_bacia":1,"area_pct_bacia":100.0,"metodo_recorte_bacia":"ponto_representativo_grade_2022; area_pct_geometrica"},"geometry":{"type":"Polygon","coordinates":[[[-51.61264973729549,-28.776172668234036],[-51.612666700307955,-28.774313387352926],[-51.61067900882916,-28.7742975143188],[-51.61066203142758,-28.77615679430052],[-51.61264973729549,-28.776172668234036]]]}},{"type":"Feature","properties":{"id_grade":"200ME52404N81404","pop":159,"dom":73,"universo_dom":"domicilios_ocupados_grade_ibge_2022","na_bacia":1,"area_pct_bacia":100.0,"metodo_recorte_bacia":"ponto_representativo_grade_2022; area_pct_geometrica"},"geometry":{"type":"Polygon","coordinates":[[[-51.61066203142758,-28.77615679430052],[-51.61067900882916,-28.7742975143188],[-51.60869131735035,-28.774281627794814],[-51.60867432645899,-28.776140907776643],[-51.61066203142758,-28.77615679430052]]]}},{"type":"Feature","properties":{"id_grade":"200ME52406N81404","pop":128,"dom":53,"universo_dom":"domicilios_ocupados_grade_ibge_2022","na_bacia":1,"area_pct_bacia":100.0,"metodo_recorte_bacia":"ponto_representativo_grade_2022; area_pct_geometrica"},"geometry":{"type":"Polygon","coordinates":[[[-51.60867432645899,-28.776140907776643],[-51.60869131735035,-28.774281627794814],[-51.60670362677092,-28.774265727781103],[-51.606686621490326,-28.776125007762797],[-51.60867432645899,-28.776140907776643]]]}},{"type":"Feature","properties":{"id_grade":"200ME52408N81404","pop":78,"dom":32,"universo_dom":"domicilios_ocupados_grade_ibge_2022","na_bacia":1,"area_pct_bacia":100.0,"metodo_recorte_bacia":"ponto_representativo_grade_2022; area_pct_geometrica"},"geometry":{"type":"Polygon","coordinates":[[[-51.606686621490326,-28.776125007762797],[-51.60670362677092,-28.774265727781103],[-51.60471593619144,-28.77424981517683],[-51.604698917421054,-28.776109094259255],[-51.606686621490326,-28.776125007762797]]]}},{"type":"Feature","properties":{"id_grade":"200ME52400N81406","pop":59,"dom":29,"universo_dom":"domicilios_ocupados_grade_ibge_2022","na_bacia":1,"area_pct_bacia":100.0,"metodo_recorte_bacia":"ponto_representativo_grade_2022; area_pct_geometrica"},"geometry":{"type":"Polygon","coordinates":[[[-51.6146543917867,-28.77432924779659],[-51.614671339510664,-28.772469986700465],[-51.612683662421034,-28.77245412625687],[-51.612666700307955,-28.774313387352926],[-51.6146543917867,-28.77432924779659]]]}},{"type":"Feature","properties":{"id_grade":"200ME52402N81406","pop":136,"dom":51,"universo_dom":"domicilios_ocupados_grade_ibge_2022","na_bacia":1,"area_pct_bacia":100.0,"metodo_recorte_bacia":"ponto_representativo_grade_2022; area_pct_geometrica"},"geometry":{"type":"Polygon","coordinates":[[[-51.612666700307955,-28.774313387352926],[-51.612683662421034,-28.77245412625687],[-51.6106959853314,-28.7724382532228],[-51.61067900882916,-28.7742975143188],[-51.612666700307955,-28.774313387352926]]]}},{"type":"Feature","properties":{"id_grade":"200ME52404N81406","pop":34,"dom":11,"universo_dom":"domicilios_ocupados_grade_ibge_2022","na_bacia":1,"area_pct_bacia":100.0,"metodo_recorte_bacia":"ponto_representativo_grade_2022; area_pct_geometrica"},"geometry":{"type":"Polygon","coordinates":[[[-51.61067900882916,-28.7742975143188],[-51.6106959853314,-28.7724382532228],[-51.60870830824177,-28.772422367598118],[-51.60869131735035,-28.774281627794814],[-51.61067900882916,-28.7742975143188]]]}},{"type":"Feature","properties":{"id_grade":"200ME52406N81406","pop":65,"dom":25,"universo_dom":"domicilios_ocupados_grade_ibge_2022","na_bacia":1,"area_pct_bacia":100.0,"metodo_recorte_bacia":"ponto_representativo_grade_2022; area_pct_geometrica"},"geometry":{"type":"Polygon","coordinates":[[[-51.60869131735035,-28.774281627794814],[-51.60870830824177,-28.772422367598118],[-51.60672063205146,-28.772406467584393],[-51.60670362677092,-28.774265727781103],[-51.60869131735035,-28.774281627794814]]]}},{"type":"Feature","properties":{"id_grade":"200ME52408N81406","pop":75,"dom":28,"universo_dom":"domicilios_ocupados_grade_ibge_2022","na_bacia":1,"area_pct_bacia":100.0,"metodo_recorte_bacia":"ponto_representativo_grade_2022; area_pct_geometrica"},"geometry":{"type":"Polygon","coordinates":[[[-51.60670362677092,-28.774265727781103],[-51.60672063205146,-28.772406467584393],[-51.604732954961825,-28.772390554980046],[-51.60471593619144,-28.77424981517683],[-51.60670362677092,-28.774265727781103]]]}},{"type":"Feature","properties":{"id_grade":"200ME52400N81408","pop":24,"dom":9,"universo_dom":"domicilios_ocupados_grade_ibge_2022","na_bacia":1,"area_pct_bacia":100.0,"metodo_recorte_bacia":"ponto_representativo_grade_2022; area_pct_geometrica"},"geometry":{"type":"Polygon","coordinates":[[[-51.614671339510664,-28.772469986700465],[-51.61468828813395,-28.77061074449028],[-51.61270062453416,-28.770594884945925],[-51.612683662421034,-28.77245412625687],[-51.614671339510664,-28.772469986700465]]]}},{"type":"Feature","properties":{"id_grade":"200ME52406N81408","pop":64,"dom":23,"universo_dom":"domicilios_ocupados_grade_ibge_2022","na_bacia":1,"area_pct_bacia":100.0,"metodo_recorte_bacia":"ponto_representativo_grade_2022; area_pct_geometrica"},"geometry":{"type":"Polygon","coordinates":[[[-51.60870830824177,-28.772422367598118],[-51.60872529913319,-28.77056312628723],[-51.60673763643274,-28.77054722717272],[-51.60672063205146,-28.772406467584393],[-51.60870830824177,-28.772422367598118]]]}},{"type":"Feature","properties":{"id_grade":"200ME52408N81408","pop":200,"dom":75,"universo_dom":"domicilios_ocupados_grade_ibge_2022","na_bacia":1,"area_pct_bacia":100.0,"metodo_recorte_bacia":"ponto_representativo_grade_2022; area_pct_geometrica"},"geometry":{"type":"Polygon","coordinates":[[[-51.60672063205146,-28.772406467584393],[-51.60673763643274,-28.77054722717272],[-51.604749973732275,-28.770531314568498],[-51.604732954961825,-28.772390554980046],[-51.60672063205146,-28.772406467584393]]]}},{"type":"Feature","properties":{"id_grade":"200ME52404N81410","pop":53,"dom":34,"universo_dom":"domicilios_ocupados_grade_ibge_2022","na_bacia":1,"area_pct_bacia":100.0,"metodo_recorte_bacia":"ponto_representativo_grade_2022; area_pct_geometrica"},"geometry":{"type":"Polygon","coordinates":[[[-51.610712961833656,-28.770579011911785],[-51.610729937436645,-28.76871978948661],[-51.608742289125296,-28.768703903862036],[-51.60872529913319,-28.77056312628723],[-51.610712961833656,-28.770579011911785]]]}},{"type":"Feature","properties":{"id_grade":"200ME52406N81410","pop":36,"dom":14,"universo_dom":"domicilios_ocupados_grade_ibge_2022","na_bacia":1,"area_pct_bacia":100.0,"metodo_recorte_bacia":"ponto_representativo_grade_2022; area_pct_geometrica"},"geometry":{"type":"Polygon","coordinates":[[[-51.60872529913319,-28.77056312628723],[-51.608742289125296,-28.768703903862036],[-51.60675464081396,-28.76868800474753],[-51.60673763643274,-28.77054722717272],[-51.60872529913319,-28.77056312628723]]]}},{"type":"Feature","properties":{"id_grade":"200ME52408N81410","pop":128,"dom":49,"universo_dom":"domicilios_ocupados_grade_ibge_2022","na_bacia":1,"area_pct_bacia":100.0,"metodo_recorte_bacia":"ponto_representativo_grade_2022; area_pct_geometrica"},"geometry":{"type":"Polygon","coordinates":[[[-51.60673763643274,-28.77054722717272],[-51.60675464081396,-28.76868800474753],[-51.604766992502675,-28.768672093042607],[-51.604749973732275,-28.770531314568498],[-51.60673763643274,-28.77054722717272]]]}},{"type":"Feature","properties":{"id_grade":"200ME52400N81412","pop":58,"dom":17,"universo_dom":"domicilios_ocupados_grade_ibge_2022","na_bacia":1,"area_pct_bacia":100.0,"metodo_recorte_bacia":"ponto_representativo_grade_2022; area_pct_geometrica"},"geometry":{"type":"Polygon","coordinates":[[[-51.61470523585791,-28.768751521165736],[-51.614722183581875,-28.766892317626276],[-51.612734548760386,-28.766876458981365],[-51.61271758664724,-28.76873566162141],[-51.61470523585791,-28.768751521165736]]]}},{"type":"Feature","properties":{"id_grade":"200ME52402N81412","pop":6,"dom":2,"universo_dom":"domicilios_ocupados_grade_ibge_2022","na_bacia":1,"area_pct_bacia":100.0,"metodo_recorte_bacia":"ponto_representativo_grade_2022; area_pct_geometrica"},"geometry":{"type":"Polygon","coordinates":[[[-51.61271758664724,-28.76873566162141],[-51.612734548760386,-28.766876458981365],[-51.6107469139389,-28.766860586846587],[-51.610729937436645,-28.76871978948661],[-51.61271758664724,-28.76873566162141]]]}},{"type":"Feature","properties":{"id_grade":"200ME52404N81412","pop":3,"dom":1,"universo_dom":"domicilios_ocupados_grade_ibge_2022","na_bacia":1,"area_pct_bacia":100.0,"metodo_recorte_bacia":"ponto_representativo_grade_2022; area_pct_geometrica"},"geometry":{"type":"Polygon","coordinates":[[[-51.610729937436645,-28.76871978948661],[-51.6107469139389,-28.766860586846587],[-51.60875927911741,-28.766844701221927],[-51.608742289125296,-28.768703903862036],[-51.610729937436645,-28.76871978948661]]]}},{"type":"Feature","properties":{"id_grade":"200ME52406N81412","pop":7,"dom":3,"universo_dom":"domicilios_ocupados_grade_ibge_2022","na_bacia":1,"area_pct_bacia":100.0,"metodo_recorte_bacia":"ponto_representativo_grade_2022; area_pct_geometrica"},"geometry":{"type":"Polygon","coordinates":[[[-51.608742289125296,-28.768703903862036],[-51.60875927911741,-28.766844701221927],[-51.606771644295925,-28.766828802107444],[-51.60675464081396,-28.76868800474753],[-51.608742289125296,-28.768703903862036]]]}},{"type":"Feature","properties":{"id_grade":"200ME52400N81414","pop":84,"dom":28,"universo_dom":"domicilios_ocupados_grade_ibge_2022","na_bacia":1,"area_pct_bacia":100.0,"metodo_recorte_bacia":"ponto_representativo_grade_2022; area_pct_geometrica"},"geometry":{"type":"Polygon","coordinates":[[[-51.614722183581875,-28.766892317626276],[-51.61473913040653,-28.76503313297267],[-51.612751509974146,-28.76501727432765],[-51.612734548760386,-28.766876458981365],[-51.614722183581875,-28.766892317626276]]]}},{"type":"Feature","properties":{"id_grade":"200ME52402N81414","pop":33,"dom":12,"universo_dom":"domicilios_ocupados_grade_ibge_2022","na_bacia":1,"area_pct_bacia":100.0,"metodo_recorte_bacia":"ponto_representativo_grade_2022; area_pct_geometrica"},"geometry":{"type":"Polygon","coordinates":[[[-51.612734548760386,-28.766876458981365],[-51.612751509974146,-28.76501727432765],[-51.61076388954182,-28.765001402192947],[-51.6107469139389,-28.766860586846587],[-51.612734548760386,-28.766876458981365]]]}},{"type":"Feature","properties":{"id_grade":"200ME52404N81414","pop":38,"dom":14,"universo_dom":"domicilios_ocupados_grade_ibge_2022","na_bacia":1,"area_pct_bacia":100.0,"metodo_recorte_bacia":"ponto_representativo_grade_2022; area_pct_geometrica"},"geometry":{"type":"Polygon","coordinates":[[[-51.6107469139389,-28.766860586846587],[-51.61076388954182,-28.765001402192947],[-51.60877626910951,-28.76498551746761],[-51.60875927911741,-28.766844701221927],[-51.6107469139389,-28.766860586846587]]]}},{"type":"Feature","properties":{"id_grade":"200ME52406N81414","pop":2,"dom":1,"universo_dom":"domicilios_ocupados_grade_ibge_2022","na_bacia":1,"area_pct_bacia":100.0,"metodo_recorte_bacia":"ponto_representativo_grade_2022; area_pct_geometrica"},"geometry":{"type":"Polygon","coordinates":[[[-51.60875927911741,-28.766844701221927],[-51.60877626910951,-28.76498551746761],[-51.60678864867714,-28.764969619252486],[-51.606771644295925,-28.766828802107444],[-51.60875927911741,-28.766844701221927]]]}},{"type":"Feature","properties":{"id_grade":"200ME52400N81416","pop":16,"dom":4,"universo_dom":"domicilios_ocupados_grade_ibge_2022","na_bacia":1,"area_pct_bacia":100.0,"metodo_recorte_bacia":"ponto_representativo_grade_2022; area_pct_geometrica"},"geometry":{"type":"Polygon","coordinates":[[[-51.61473913040653,-28.76503313297267],[-51.61475607813048,-28.763173968104123],[-51.61276847118796,-28.763158109459138],[-51.612751509974146,-28.76501727432765],[-51.61473913040653,-28.76503313297267]]]}},{"type":"Feature","properties":{"id_grade":"200ME52404N81416","pop":20,"dom":8,"universo_dom":"domicilios_ocupados_grade_ibge_2022","na_bacia":1,"area_pct_bacia":100.0,"metodo_recorte_bacia":"ponto_representativo_grade_2022; area_pct_geometrica"},"geometry":{"type":"Polygon","coordinates":[[[-51.61076388954182,-28.765001402192947],[-51.61078086424544,-28.76314223822365],[-51.60879325820224,-28.76312635259903],[-51.60877626910951,-28.76498551746761],[-51.61076388954182,-28.765001402192947]]]}},{"type":"Feature","properties":{"id_grade":"200ME52406N81416","pop":80,"dom":28,"universo_dom":"domicilios_ocupados_grade_ibge_2022","na_bacia":1,"area_pct_bacia":100.0,"metodo_recorte_bacia":"ponto_representativo_grade_2022; area_pct_geometrica"},"geometry":{"type":"Polygon","coordinates":[[[-51.60877626910951,-28.76498551746761],[-51.60879325820224,-28.76312635259903],[-51.606805652159096,-28.763110455283247],[-51.60678864867714,-28.764969619252486],[-51.60877626910951,-28.76498551746761]]]}},{"type":"Feature","properties":{"id_grade":"200ME52408N81416","pop":16,"dom":7,"universo_dom":"domicilios_ocupados_grade_ibge_2022","na_bacia":1,"area_pct_bacia":100.0,"metodo_recorte_bacia":"ponto_representativo_grade_2022; area_pct_geometrica"},"geometry":{"type":"Polygon","coordinates":[[[-51.60678864867714,-28.764969619252486],[-51.606805652159096,-28.763110455283247],[-51.60481804611589,-28.763094543578237],[-51.60480102824482,-28.76495370754756],[-51.60678864867714,-28.764969619252486]]]}},{"type":"Feature","properties":{"id_grade":"200ME52400N81418","pop":212,"dom":65,"universo_dom":"domicilios_ocupados_grade_ibge_2022","na_bacia":1,"area_pct_bacia":100.0,"metodo_recorte_bacia":"ponto_representativo_grade_2022; area_pct_geometrica"},"geometry":{"type":"Polygon","coordinates":[[[-51.61475607813048,-28.763173968104123],[-51.61477302495507,-28.761314822121285],[-51.612785432401715,-28.76129896347633],[-51.61276847118796,-28.763158109459138],[-51.61475607813048,-28.763173968104123]]]}},{"type":"Feature","properties":{"id_grade":"200ME52402N81418","pop":156,"dom":54,"universo_dom":"domicilios_ocupados_grade_ibge_2022","na_bacia":1,"area_pct_bacia":100.0,"metodo_recorte_bacia":"ponto_representativo_grade_2022; area_pct_geometrica"},"geometry":{"type":"Polygon","coordinates":[[[-51.61276847118796,-28.763158109459138],[-51.612785432401715,-28.76129896347633],[-51.610797839848374,-28.761283092240895],[-51.61078086424544,-28.76314223822365],[-51.61276847118796,-28.763158109459138]]]}},{"type":"Feature","properties":{"id_grade":"200ME52404N81418","pop":132,"dom":46,"universo_dom":"domicilios_ocupados_grade_ibge_2022","na_bacia":1,"area_pct_bacia":100.0,"metodo_recorte_bacia":"ponto_representativo_grade_2022; area_pct_geometrica"},"geometry":{"type":"Polygon","coordinates":[[[-51.61078086424544,-28.76314223822365],[-51.610797839848374,-28.761283092240895],[-51.608810247295025,-28.76126720751556],[-51.60879325820224,-28.76312635259903],[-51.61078086424544,-28.76314223822365]]]}},{"type":"Feature","properties":{"id_grade":"200ME52406N81418","pop":17,"dom":6,"universo_dom":"domicilios_ocupados_grade_ibge_2022","na_bacia":1,"area_pct_bacia":100.0,"metodo_recorte_bacia":"ponto_representativo_grade_2022; area_pct_geometrica"},"geometry":{"type":"Polygon","coordinates":[[[-51.60879325820224,-28.76312635259903],[-51.608810247295025,-28.76126720751556],[-51.606822655641,-28.76125131019976],[-51.606805652159096,-28.763110455283247],[-51.60879325820224,-28.76312635259903]]]}},{"type":"Feature","properties":{"id_grade":"200ME52400N81420","pop":278,"dom":94,"universo_dom":"domicilios_ocupados_grade_ibge_2022","na_bacia":1,"area_pct_bacia":100.0,"metodo_recorte_bacia":"ponto_representativo_grade_2022; area_pct_geometrica"},"geometry":{"type":"Polygon","coordinates":[[[-51.61477302495507,-28.761314822121285],[-51.61478997177971,-28.75945569502427],[-51.61280239271622,-28.759439837278634],[-51.612785432401715,-28.76129896347633],[-51.61477302495507,-28.761314822121285]]]}},{"type":"Feature","properties":{"id_grade":"200ME52402N81420","pop":81,"dom":28,"universo_dom":"domicilios_ocupados_grade_ibge_2022","na_bacia":1,"area_pct_bacia":100.0,"metodo_recorte_bacia":"ponto_representativo_grade_2022; area_pct_geometrica"},"geometry":{"type":"Polygon","coordinates":[[[-51.612785432401715,-28.76129896347633],[-51.61280239271622,-28.759439837278634],[-51.61081481455198,-28.75942396604313],[-51.610797839848374,-28.761283092240895],[-51.612785432401715,-28.76129896347633]]]}},{"type":"Feature","properties":{"id_grade":"200ME52404N81420","pop":24,"dom":9,"universo_dom":"domicilios_ocupados_grade_ibge_2022","na_bacia":1,"area_pct_bacia":100.0,"metodo_recorte_bacia":"ponto_representativo_grade_2022; area_pct_geometrica"},"geometry":{"type":"Polygon","coordinates":[[[-51.610797839848374,-28.761283092240895],[-51.61081481455198,-28.75942396604313],[-51.60882723638782,-28.759408082217146],[-51.608810247295025,-28.76126720751556],[-51.610797839848374,-28.761283092240895]]]}},{"type":"Feature","properties":{"id_grade":"200ME52400N81422","pop":2,"dom":1,"universo_dom":"domicilios_ocupados_grade_ibge_2022","na_bacia":1,"area_pct_bacia":100.0,"metodo_recorte_bacia":"ponto_representativo_grade_2022; area_pct_geometrica"},"geometry":{"type":"Polygon","coordinates":[[[-51.61478997177971,-28.75945569502427],[-51.61480691770504,-28.757596587712406],[-51.61281935392998,-28.757580729966673],[-51.61280239271622,-28.759439837278634],[-51.61478997177971,-28.75945569502427]]]}},{"type":"Feature","properties":{"id_grade":"200ME52402N81422","pop":27,"dom":10,"universo_dom":"domicilios_ocupados_grade_ibge_2022","na_bacia":1,"area_pct_bacia":100.0,"metodo_recorte_bacia":"ponto_representativo_grade_2022; area_pct_geometrica"},"geometry":{"type":"Polygon","coordinates":[[[-51.61280239271622,-28.759439837278634],[-51.61281935392998,-28.757580729966673],[-51.610831789255656,-28.757564858731243],[-51.61081481455198,-28.75942396604313],[-51.61280239271622,-28.759439837278634]]]}},{"type":"Feature","properties":{"id_grade":"200ME52404N81422","pop":38,"dom":16,"universo_dom":"domicilios_ocupados_grade_ibge_2022","na_bacia":1,"area_pct_bacia":100.0,"metodo_recorte_bacia":"ponto_representativo_grade_2022; area_pct_geometrica"},"geometry":{"type":"Polygon","coordinates":[[[-51.61081481455198,-28.75942396604313],[-51.610831789255656,-28.757564858731243],[-51.608844225480595,-28.757548974905266],[-51.60882723638782,-28.759408082217146],[-51.61081481455198,-28.75942396604313]]]}},{"type":"Feature","properties":{"id_grade":"200ME52402N81424","pop":10,"dom":3,"universo_dom":"domicilios_ocupados_grade_ibge_2022","na_bacia":1,"area_pct_bacia":100.0,"metodo_recorte_bacia":"ponto_representativo_grade_2022; area_pct_geometrica"},"geometry":{"type":"Polygon","coordinates":[[[-51.61281935392998,-28.757580729966673],[-51.612836314244475,-28.75572164154051],[-51.610848763959275,-28.75570577120436],[-51.610831789255656,-28.757564858731243],[-51.61281935392998,-28.757580729966673]]]}},{"type":"Feature","properties":{"id_grade":"200ME52404N81424","pop":10,"dom":4,"universo_dom":"domicilios_ocupados_grade_ibge_2022","na_bacia":1,"area_pct_bacia":100.0,"metodo_recorte_bacia":"ponto_representativo_grade_2022; area_pct_geometrica"},"geometry":{"type":"Polygon","coordinates":[[[-51.610831789255656,-28.757564858731243],[-51.610848763959275,-28.75570577120436],[-51.608861213674004,-28.755689887378338],[-51.608844225480595,-28.757548974905266],[-51.610831789255656,-28.757564858731243]]]}},{"type":"Feature","properties":{"id_grade":"200ME52400N81426","pop":8,"dom":3,"universo_dom":"domicilios_ocupados_grade_ibge_2022","na_bacia":1,"area_pct_bacia":100.0,"metodo_recorte_bacia":"ponto_representativo_grade_2022; area_pct_geometrica"},"geometry":{"type":"Polygon","coordinates":[[[-51.61482386452969,-28.755737499286017],[-51.61484081045501,-28.75387842974566],[-51.61285327365959,-28.75386257289929],[-51.612836314244475,-28.75572164154051],[-51.61482386452969,-28.755737499286017]]]}},{"type":"Feature","properties":{"id_grade":"200ME52402N81426","pop":23,"dom":8,"universo_dom":"domicilios_ocupados_grade_ibge_2022","na_bacia":1,"area_pct_bacia":100.0,"metodo_recorte_bacia":"ponto_representativo_grade_2022; area_pct_geometrica"},"geometry":{"type":"Polygon","coordinates":[[[-51.612836314244475,-28.75572164154051],[-51.61285327365959,-28.75386257289929],[-51.61086573776357,-28.753846702563262],[-51.610848763959275,-28.75570577120436],[-51.612836314244475,-28.75572164154051]]]}},{"type":"Feature","properties":{"id_grade":"200ME52404N81426","pop":11,"dom":4,"universo_dom":"domicilios_ocupados_grade_ibge_2022","na_bacia":1,"area_pct_bacia":100.0,"metodo_recorte_bacia":"ponto_representativo_grade_2022; area_pct_geometrica"},"geometry":{"type":"Polygon","coordinates":[[[-51.610848763959275,-28.75570577120436],[-51.61086573776357,-28.753846702563262],[-51.60887820186747,-28.753830819636615],[-51.608861213674004,-28.755689887378338],[-51.610848763959275,-28.75570577120436]]]}},{"type":"Feature","properties":{"id_grade":"200ME52406N81426","pop":14,"dom":6,"universo_dom":"domicilios_ocupados_grade_ibge_2022","na_bacia":1,"area_pct_bacia":100.0,"metodo_recorte_bacia":"ponto_representativo_grade_2022; area_pct_geometrica"},"geometry":{"type":"Polygon","coordinates":[[[-51.608861213674004,-28.755689887378338],[-51.60887820186747,-28.753830819636615],[-51.60689066687075,-28.753814922320778],[-51.606873664288116,-28.755673990961885],[-51.608861213674004,-28.755689887378338]]]}},{"type":"Feature","properties":{"id_grade":"200ME52408N81426","pop":91,"dom":29,"universo_dom":"domicilios_ocupados_grade_ibge_2022","na_bacia":1,"area_pct_bacia":100.0,"metodo_recorte_bacia":"ponto_representativo_grade_2022; area_pct_geometrica"},"geometry":{"type":"Polygon","coordinates":[[[-51.606873664288116,-28.755673990961885],[-51.60689066687075,-28.753814922320778],[-51.604903130974655,-28.753799012414476],[-51.60488611490223,-28.755658080156262],[-51.606873664288116,-28.755673990961885]]]}},{"type":"Feature","properties":{"id_grade":"200ME52400N81428","pop":17,"dom":6,"universo_dom":"domicilios_ocupados_grade_ibge_2022","na_bacia":1,"area_pct_bacia":100.0,"metodo_recorte_bacia":"ponto_representativo_grade_2022; area_pct_geometrica"},"geometry":{"type":"Polygon","coordinates":[[[-51.61484081045501,-28.75387842974566],[-51.61485775548101,-28.752019379990326],[-51.61287023397409,-28.752003523144033],[-51.61285327365959,-28.75386257289929],[-51.61484081045501,-28.75387842974566]]]}},{"type":"Feature","properties":{"id_grade":"200ME52402N81428","pop":5,"dom":3,"universo_dom":"domicilios_ocupados_grade_ibge_2022","na_bacia":1,"area_pct_bacia":100.0,"metodo_recorte_bacia":"ponto_representativo_grade_2022; area_pct_geometrica"},"geometry":{"type":"Polygon","coordinates":[[[-51.61285327365959,-28.75386257289929],[-51.61287023397409,-28.752003523144033],[-51.610882711567854,-28.75198765370719],[-51.61086573776357,-28.753846702563262],[-51.61285327365959,-28.75386257289929]]]}},{"type":"Feature","properties":{"id_grade":"200ME52404N81428","pop":4,"dom":1,"universo_dom":"domicilios_ocupados_grade_ibge_2022","na_bacia":1,"area_pct_bacia":100.0,"metodo_recorte_bacia":"ponto_representativo_grade_2022; area_pct_geometrica"},"geometry":{"type":"Polygon","coordinates":[[[-51.61086573776357,-28.753846702563262],[-51.610882711567854,-28.75198765370719],[-51.608895190060935,-28.751971769881276],[-51.60887820186747,-28.753830819636615],[-51.61086573776357,-28.753846702563262]]]}},{"type":"Feature","properties":{"id_grade":"200ME52408N81428","pop":11,"dom":3,"universo_dom":"domicilios_ocupados_grade_ibge_2022","na_bacia":1,"area_pct_bacia":100.0,"metodo_recorte_bacia":"ponto_representativo_grade_2022; area_pct_geometrica"},"geometry":{"type":"Polygon","coordinates":[[[-51.60689066687075,-28.753814922320778],[-51.606907668554015,-28.751955873464734],[-51.60492014794641,-28.75193996445776],[-51.604903130974655,-28.753799012414476],[-51.60689066687075,-28.753814922320778]]]}},{"type":"Feature","properties":{"id_grade":"200ME52400N81430","pop":61,"dom":25,"universo_dom":"domicilios_ocupados_grade_ibge_2022","na_bacia":1,"area_pct_bacia":100.0,"metodo_recorte_bacia":"ponto_representativo_grade_2022; area_pct_geometrica"},"geometry":{"type":"Polygon","coordinates":[[[-51.61485775548101,-28.752019379990326],[-51.61487470140628,-28.750160349120737],[-51.61288719338921,-28.750144493173828],[-51.61287023397409,-28.752003523144033],[-51.61485775548101,-28.752019379990326]]]}},{"type":"Feature","properties":{"id_grade":"200ME52402N81430","pop":5,"dom":2,"universo_dom":"domicilios_ocupados_grade_ibge_2022","na_bacia":1,"area_pct_bacia":100.0,"metodo_recorte_bacia":"ponto_representativo_grade_2022; area_pct_geometrica"},"geometry":{"type":"Polygon","coordinates":[[[-51.61287023397409,-28.752003523144033],[-51.61288719338921,-28.750144493173828],[-51.61089968537215,-28.75012862283764],[-51.610882711567854,-28.75198765370719],[-51.61287023397409,-28.752003523144033]]]}},{"type":"Feature","properties":{"id_grade":"200ME52400N81432","pop":9,"dom":4,"universo_dom":"domicilios_ocupados_grade_ibge_2022","na_bacia":1,"area_pct_bacia":100.0,"metodo_recorte_bacia":"ponto_representativo_grade_2022; area_pct_geometrica"},"geometry":{"type":"Polygon","coordinates":[[[-51.61487470140628,-28.750160349120737],[-51.614891646432284,-28.748301338036278],[-51.6129041528044,-28.748285481189928],[-51.61288719338921,-28.750144493173828],[-51.61487470140628,-28.750160349120737]]]}},{"type":"Feature","properties":{"id_grade":"200ME52402N81432","pop":27,"dom":8,"universo_dom":"domicilios_ocupados_grade_ibge_2022","na_bacia":1,"area_pct_bacia":100.0,"metodo_recorte_bacia":"ponto_representativo_grade_2022; area_pct_geometrica"},"geometry":{"type":"Polygon","coordinates":[[[-51.61288719338921,-28.750144493173828],[-51.6129041528044,-28.748285481189928],[-51.61091665917644,-28.74826961175309],[-51.61089968537215,-28.75012862283764],[-51.61288719338921,-28.750144493173828]]]}},{"type":"Feature","properties":{"id_grade":"200ME52404N81432","pop":5,"dom":1,"universo_dom":"domicilios_ocupados_grade_ibge_2022","na_bacia":1,"area_pct_bacia":100.0,"metodo_recorte_bacia":"ponto_representativo_grade_2022; area_pct_geometrica"},"geometry":{"type":"Polygon","coordinates":[[[-51.61089968537215,-28.75012862283764],[-51.61091665917644,-28.74826961175309],[-51.60892916554849,-28.74825372972577],[-51.6089121782544,-28.750112739910968],[-51.61089968537215,-28.75012862283764]]]}},{"type":"Feature","properties":{"id_grade":"200ME52402N81434","pop":2,"dom":1,"universo_dom":"domicilios_ocupados_grade_ibge_2022","na_bacia":1,"area_pct_bacia":100.0,"metodo_recorte_bacia":"ponto_representativo_grade_2022; area_pct_geometrica"},"geometry":{"type":"Polygon","coordinates":[[[-51.6129041528044,-28.748285481189928],[-51.61292111132019,-28.746426489890577],[-51.61093363208141,-28.746410620453652],[-51.61091665917644,-28.74826961175309],[-51.6129041528044,-28.748285481189928]]]}},{"type":"Feature","properties":{"id_grade":"200ME52404N81434","pop":3,"dom":1,"universo_dom":"domicilios_ocupados_grade_ibge_2022","na_bacia":1,"area_pct_bacia":100.0,"metodo_recorte_bacia":"ponto_representativo_grade_2022; area_pct_geometrica"},"geometry":{"type":"Polygon","coordinates":[[[-51.61091665917644,-28.74826961175309],[-51.61093363208141,-28.746410620453652],[-51.608946152842634,-28.74639473842641],[-51.60892916554849,-28.74825372972577],[-51.61091665917644,-28.74826961175309]]]}},{"type":"Feature","properties":{"id_grade":"200ME52402N81436","pop":5,"dom":2,"universo_dom":"domicilios_ocupados_grade_ibge_2022","na_bacia":1,"area_pct_bacia":100.0,"metodo_recorte_bacia":"ponto_representativo_grade_2022; area_pct_geometrica"},"geometry":{"type":"Polygon","coordinates":[[[-51.61292111132019,-28.746426489890577],[-51.612938070735304,-28.744567516577618],[-51.610950604986385,-28.744551648040087],[-51.61093363208141,-28.746410620453652],[-51.61292111132019,-28.746426489890577]]]}},{"type":"Feature","properties":{"id_grade":"200ME52404N81436","pop":7,"dom":2,"universo_dom":"domicilios_ocupados_grade_ibge_2022","na_bacia":1,"area_pct_bacia":100.0,"metodo_recorte_bacia":"ponto_representativo_grade_2022; area_pct_geometrica"},"geometry":{"type":"Polygon","coordinates":[[[-51.61093363208141,-28.746410620453652],[-51.610950604986385,-28.744551648040087],[-51.60896314013679,-28.744535766012746],[-51.608946152842634,-28.74639473842641],[-51.61093363208141,-28.746410620453652]]]}},{"type":"Feature","properties":{"id_grade":"200ME52402N81438","pop":2,"dom":1,"universo_dom":"domicilios_ocupados_grade_ibge_2022","na_bacia":1,"area_pct_bacia":100.0,"metodo_recorte_bacia":"ponto_representativo_grade_2022; area_pct_geometrica"},"geometry":{"type":"Polygon","coordinates":[[[-51.612938070735304,-28.744567516577618],[-51.61295502925116,-28.742708563049728],[-51.61096757789136,-28.742692694512176],[-51.610950604986385,-28.744551648040087],[-51.612938070735304,-28.744567516577618]]]}},{"type":"Feature","properties":{"id_grade":"200ME52402N81440","pop":10,"dom":5,"universo_dom":"domicilios_ocupados_grade_ibge_2022","na_bacia":1,"area_pct_bacia":100.0,"metodo_recorte_bacia":"ponto_representativo_grade_2022; area_pct_geometrica"},"geometry":{"type":"Polygon","coordinates":[[[-51.61295502925116,-28.742708563049728],[-51.61297198776697,-28.740849628407606],[-51.61098455079633,-28.740833759870075],[-51.61096757789136,-28.742692694512176],[-51.61295502925116,-28.742708563049728]]]}},{"type":"Feature","properties":{"id_grade":"200ME52416N81362","pop":1,"dom":1,"universo_dom":"domicilios_ocupados_grade_ibge_2022","na_bacia":1,"area_pct_bacia":100.0,"metodo_recorte_bacia":"ponto_representativo_grade_2022; area_pct_geometrica"},"geometry":{"type":"Polygon","coordinates":[[[-51.59837745505547,-28.81511057169547],[-51.59839452238924,-28.813250888817446],[-51.59640653593283,-28.81323491685789],[-51.596389455109204,-28.81509459973598],[-51.59837745505547,-28.81511057169547]]]}},{"type":"Feature","properties":{"id_grade":"200ME52412N81364","pop":13,"dom":4,"universo_dom":"domicilios_ocupados_grade_ibge_2022","na_bacia":1,"area_pct_bacia":100.0,"metodo_recorte_bacia":"ponto_representativo_grade_2022; area_pct_geometrica"},"geometry":{"type":"Polygon","coordinates":[[[-51.60237049530207,-28.813282792266968],[-51.60238753385755,-28.811423127375413],[-51.60039956089099,-28.811407182395502],[-51.600382508845655,-28.81326684728706],[-51.60237049530207,-28.813282792266968]]]}},{"type":"Feature","properties":{"id_grade":"200ME52414N81364","pop":44,"dom":15,"universo_dom":"domicilios_ocupados_grade_ibge_2022","na_bacia":1,"area_pct_bacia":100.0,"metodo_recorte_bacia":"ponto_representativo_grade_2022; area_pct_geometrica"},"geometry":{"type":"Polygon","coordinates":[[[-51.600382508845655,-28.81326684728706],[-51.60039956089099,-28.811407182395502],[-51.59841158882375,-28.81139122482515],[-51.59839452238924,-28.813250888817446],[-51.600382508845655,-28.81326684728706]]]}},{"type":"Feature","properties":{"id_grade":"200ME52412N81366","pop":9,"dom":4,"universo_dom":"domicilios_ocupados_grade_ibge_2022","na_bacia":1,"area_pct_bacia":100.0,"metodo_recorte_bacia":"ponto_representativo_grade_2022; area_pct_geometrica"},"geometry":{"type":"Polygon","coordinates":[[[-51.60238753385755,-28.811423127375413],[-51.60240457151372,-28.809563482268903],[-51.60041661293627,-28.809547538188227],[-51.60039956089099,-28.811407182395502],[-51.60238753385755,-28.811423127375413]]]}},{"type":"Feature","properties":{"id_grade":"200ME52414N81366","pop":19,"dom":6,"universo_dom":"domicilios_ocupados_grade_ibge_2022","na_bacia":1,"area_pct_bacia":100.0,"metodo_recorte_bacia":"ponto_representativo_grade_2022; area_pct_geometrica"},"geometry":{"type":"Polygon","coordinates":[[[-51.60039956089099,-28.811407182395502],[-51.60041661293627,-28.809547538188227],[-51.59842865435889,-28.809531580617865],[-51.59841158882375,-28.81139122482515],[-51.60039956089099,-28.811407182395502]]]}},{"type":"Feature","properties":{"id_grade":"200ME52418N81366","pop":3,"dom":1,"universo_dom":"domicilios_ocupados_grade_ibge_2022","na_bacia":1,"area_pct_bacia":100.0,"metodo_recorte_bacia":"ponto_representativo_grade_2022; area_pct_geometrica"},"geometry":{"type":"Polygon","coordinates":[[[-51.59642361675645,-28.81137525376491],[-51.59644069668076,-28.809515609557703],[-51.594452739002634,-28.809499625007547],[-51.594435644689206,-28.811359269214833],[-51.59642361675645,-28.81137525376491]]]}},{"type":"Feature","properties":{"id_grade":"200ME52410N81368","pop":16,"dom":5,"universo_dom":"domicilios_ocupados_grade_ibge_2022","na_bacia":1,"area_pct_bacia":100.0,"metodo_recorte_bacia":"ponto_representativo_grade_2022; area_pct_geometrica"},"geometry":{"type":"Polygon","coordinates":[[[-51.604392530091154,-28.809579413758865],[-51.60440955335816,-28.807719788437442],[-51.60242160916988,-28.80770385694744],[-51.60240457151372,-28.809563482268903],[-51.604392530091154,-28.809579413758865]]]}},{"type":"Feature","properties":{"id_grade":"200ME52412N81368","pop":9,"dom":2,"universo_dom":"domicilios_ocupados_grade_ibge_2022","na_bacia":1,"area_pct_bacia":100.0,"metodo_recorte_bacia":"ponto_representativo_grade_2022; area_pct_geometrica"},"geometry":{"type":"Polygon","coordinates":[[[-51.60240457151372,-28.809563482268903],[-51.60242160916988,-28.80770385694744],[-51.60043366498161,-28.807687912866932],[-51.60041661293627,-28.809547538188227],[-51.60240457151372,-28.809563482268903]]]}},{"type":"Feature","properties":{"id_grade":"200ME52410N81370","pop":37,"dom":16,"universo_dom":"domicilios_ocupados_grade_ibge_2022","na_bacia":1,"area_pct_bacia":100.0,"metodo_recorte_bacia":"ponto_representativo_grade_2022; area_pct_geometrica"},"geometry":{"type":"Polygon","coordinates":[[[-51.60440955335816,-28.807719788437442],[-51.60442657662514,-28.8058601811025],[-51.60243864682605,-28.805844250511676],[-51.60242160916988,-28.80770385694744],[-51.60440955335816,-28.807719788437442]]]}},{"type":"Feature","properties":{"id_grade":"200ME52412N81370","pop":8,"dom":3,"universo_dom":"domicilios_ocupados_grade_ibge_2022","na_bacia":1,"area_pct_bacia":100.0,"metodo_recorte_bacia":"ponto_representativo_grade_2022; area_pct_geometrica"},"geometry":{"type":"Polygon","coordinates":[[[-51.60242160916988,-28.80770385694744],[-51.60243864682605,-28.805844250511676],[-51.600450716127625,-28.805828306431202],[-51.60043366498161,-28.807687912866932],[-51.60242160916988,-28.80770385694744]]]}},{"type":"Feature","properties":{"id_grade":"200ME52410N81372","pop":5,"dom":2,"universo_dom":"domicilios_ocupados_grade_ibge_2022","na_bacia":1,"area_pct_bacia":100.0,"metodo_recorte_bacia":"ponto_representativo_grade_2022; area_pct_geometrica"},"geometry":{"type":"Polygon","coordinates":[[[-51.60442657662514,-28.8058601811025],[-51.60444359989219,-28.804000593552516],[-51.60245568358289,-28.80398466296183],[-51.60243864682605,-28.805844250511676],[-51.60442657662514,-28.8058601811025]]]}},{"type":"Feature","properties":{"id_grade":"200ME52410N81376","pop":37,"dom":13,"universo_dom":"domicilios_ocupados_grade_ibge_2022","na_bacia":1,"area_pct_bacia":100.0,"metodo_recorte_bacia":"ponto_representativo_grade_2022; area_pct_geometrica"},"geometry":{"type":"Polygon","coordinates":[[[-51.604460623159184,-28.80214102578766],[-51.60447764552685,-28.80028147690856],[-51.602489757096585,-28.80026554631785],[-51.60247272033973,-28.80212509519692],[-51.604460623159184,-28.80214102578766]]]}},{"type":"Feature","properties":{"id_grade":"200ME52412N81376","pop":7,"dom":2,"universo_dom":"domicilios_ocupados_grade_ibge_2022","na_bacia":1,"area_pct_bacia":100.0,"metodo_recorte_bacia":"ponto_representativo_grade_2022; area_pct_geometrica"},"geometry":{"type":"Polygon","coordinates":[[[-51.60247272033973,-28.80212509519692],[-51.602489757096585,-28.80026554631785],[-51.60050186956556,-28.800249603136656],[-51.6004848184196,-28.80210915201565],[-51.60247272033973,-28.80212509519692]]]}},{"type":"Feature","properties":{"id_grade":"200ME52414N81376","pop":3,"dom":1,"universo_dom":"domicilios_ocupados_grade_ibge_2022","na_bacia":1,"area_pct_bacia":100.0,"metodo_recorte_bacia":"ponto_representativo_grade_2022; area_pct_geometrica"},"geometry":{"type":"Polygon","coordinates":[[[-51.6004848184196,-28.80210915201565],[-51.60050186956556,-28.800249603136656],[-51.598513982034596,-28.800233647364898],[-51.5984969173988,-28.802093195344575],[-51.6004848184196,-28.80210915201565]]]}},{"type":"Feature","properties":{"id_grade":"200ME52416N81376","pop":12,"dom":5,"universo_dom":"domicilios_ocupados_grade_ibge_2022","na_bacia":1,"area_pct_bacia":100.0,"metodo_recorte_bacia":"ponto_representativo_grade_2022; area_pct_geometrica"},"geometry":{"type":"Polygon","coordinates":[[[-51.5984969173988,-28.802093195344575],[-51.598513982034596,-28.800233647364898],[-51.596526094503645,-28.80021767720397],[-51.59650901547866,-28.802077225183744],[-51.5984969173988,-28.802093195344575]]]}},{"type":"Feature","properties":{"id_grade":"200ME52418N81376","pop":5,"dom":2,"universo_dom":"domicilios_ocupados_grade_ibge_2022","na_bacia":1,"area_pct_bacia":100.0,"metodo_recorte_bacia":"ponto_representativo_grade_2022; area_pct_geometrica"},"geometry":{"type":"Polygon","coordinates":[[[-51.59650901547866,-28.802077225183744],[-51.596526094503645,-28.80021767720397],[-51.59453820787195,-28.800201694452564],[-51.594521114457855,-28.802061242432387],[-51.59650901547866,-28.802077225183744]]]}},{"type":"Feature","properties":{"id_grade":"200ME52410N81378","pop":12,"dom":4,"universo_dom":"domicilios_ocupados_grade_ibge_2022","na_bacia":1,"area_pct_bacia":100.0,"metodo_recorte_bacia":"ponto_representativo_grade_2022; area_pct_geometrica"},"geometry":{"type":"Polygon","coordinates":[[[-51.60447764552685,-28.80028147690856],[-51.604494667894585,-28.79842194691519],[-51.60250679385342,-28.798406017223908],[-51.602489757096585,-28.80026554631785],[-51.60447764552685,-28.80028147690856]]]}},{"type":"Feature","properties":{"id_grade":"200ME52414N81378","pop":10,"dom":4,"universo_dom":"domicilios_ocupados_grade_ibge_2022","na_bacia":1,"area_pct_bacia":100.0,"metodo_recorte_bacia":"ponto_representativo_grade_2022; area_pct_geometrica"},"geometry":{"type":"Polygon","coordinates":[[[-51.60050186956556,-28.800249603136656],[-51.60051891981227,-28.79839007404263],[-51.598531046670416,-28.79837411827087],[-51.598513982034596,-28.800233647364898],[-51.60050186956556,-28.800249603136656]]]}},{"type":"Feature","properties":{"id_grade":"200ME52412N81380","pop":22,"dom":7,"universo_dom":"domicilios_ocupados_grade_ibge_2022","na_bacia":1,"area_pct_bacia":100.0,"metodo_recorte_bacia":"ponto_representativo_grade_2022; area_pct_geometrica"},"geometry":{"type":"Polygon","coordinates":[[[-51.60250679385342,-28.798406017223908],[-51.60252382971095,-28.796546507015645],[-51.60053597005896,-28.796530564733757],[-51.60051891981227,-28.79839007404263],[-51.60250679385342,-28.798406017223908]]]}},{"type":"Feature","properties":{"id_grade":"200ME52414N81380","pop":19,"dom":9,"universo_dom":"domicilios_ocupados_grade_ibge_2022","na_bacia":1,"area_pct_bacia":100.0,"metodo_recorte_bacia":"ponto_representativo_grade_2022; area_pct_geometrica"},"geometry":{"type":"Polygon","coordinates":[[[-51.60051891981227,-28.79839007404263],[-51.60053597005896,-28.796530564733757],[-51.59854811130623,-28.796514608961967],[-51.598531046670416,-28.79837411827087],[-51.60051891981227,-28.79839007404263]]]}},{"type":"Feature","properties":{"id_grade":"200ME52416N81380","pop":16,"dom":6,"universo_dom":"domicilios_ocupados_grade_ibge_2022","na_bacia":1,"area_pct_bacia":100.0,"metodo_recorte_bacia":"ponto_representativo_grade_2022; area_pct_geometrica"},"geometry":{"type":"Polygon","coordinates":[[[-51.598531046670416,-28.79837411827087],[-51.59854811130623,-28.796514608961967],[-51.59656025165423,-28.796498639700456],[-51.59654317352857,-28.79835814900931],[-51.598531046670416,-28.79837411827087]]]}},{"type":"Feature","properties":{"id_grade":"200ME52418N81380","pop":4,"dom":1,"universo_dom":"domicilios_ocupados_grade_ibge_2022","na_bacia":1,"area_pct_bacia":100.0,"metodo_recorte_bacia":"ponto_representativo_grade_2022; area_pct_geometrica"},"geometry":{"type":"Polygon","coordinates":[[[-51.59654317352857,-28.79835814900931],[-51.59656025165423,-28.796498639700456],[-51.59457239290157,-28.796482656949074],[-51.594555300386794,-28.798342166257928],[-51.59654317352857,-28.79835814900931]]]}},{"type":"Feature","properties":{"id_grade":"200ME52410N81382","pop":16,"dom":6,"universo_dom":"domicilios_ocupados_grade_ibge_2022","na_bacia":1,"area_pct_bacia":100.0,"metodo_recorte_bacia":"ponto_representativo_grade_2022; area_pct_geometrica"},"geometry":{"type":"Polygon","coordinates":[[[-51.60451169026226,-28.796562436707035],[-51.6045287117306,-28.79470294538459],[-51.60254086646779,-28.79468701659243],[-51.60252382971095,-28.796546507015645],[-51.60451169026226,-28.796562436707035]]]}},{"type":"Feature","properties":{"id_grade":"200ME52412N81382","pop":22,"dom":9,"universo_dom":"domicilios_ocupados_grade_ibge_2022","na_bacia":1,"area_pct_bacia":100.0,"metodo_recorte_bacia":"ponto_representativo_grade_2022; area_pct_geometrica"},"geometry":{"type":"Polygon","coordinates":[[[-51.60252382971095,-28.796546507015645],[-51.60254086646779,-28.79468701659243],[-51.6005530203056,-28.794671074310592],[-51.60053597005896,-28.796530564733757],[-51.60252382971095,-28.796546507015645]]]}},{"type":"Feature","properties":{"id_grade":"200ME52410N81384","pop":122,"dom":53,"universo_dom":"domicilios_ocupados_grade_ibge_2022","na_bacia":1,"area_pct_bacia":100.0,"metodo_recorte_bacia":"ponto_representativo_grade_2022; area_pct_geometrica"},"geometry":{"type":"Polygon","coordinates":[[[-51.6045287117306,-28.79470294538459],[-51.60454573319896,-28.792843473847164],[-51.602557901425996,-28.792827545055125],[-51.60254086646779,-28.79468701659243],[-51.6045287117306,-28.79470294538459]]]}},{"type":"Feature","properties":{"id_grade":"200ME52412N81384","pop":107,"dom":40,"universo_dom":"domicilios_ocupados_grade_ibge_2022","na_bacia":1,"area_pct_bacia":100.0,"metodo_recorte_bacia":"ponto_representativo_grade_2022; area_pct_geometrica"},"geometry":{"type":"Polygon","coordinates":[[[-51.60254086646779,-28.79468701659243],[-51.602557901425996,-28.792827545055125],[-51.600570070552294,-28.79281160277322],[-51.6005530203056,-28.794671074310592],[-51.60254086646779,-28.79468701659243]]]}},{"type":"Feature","properties":{"id_grade":"200ME52410N81386","pop":152,"dom":59,"universo_dom":"domicilios_ocupados_grade_ibge_2022","na_bacia":1,"area_pct_bacia":100.0,"metodo_recorte_bacia":"ponto_representativo_grade_2022; area_pct_geometrica"},"geometry":{"type":"Polygon","coordinates":[[[-51.60454573319896,-28.792843473847164],[-51.60456275466737,-28.79098402119556],[-51.602574937283464,-28.79096809240351],[-51.602557901425996,-28.792827545055125],[-51.60454573319896,-28.792843473847164]]]}},{"type":"Feature","properties":{"id_grade":"200ME52412N81386","pop":205,"dom":77,"universo_dom":"domicilios_ocupados_grade_ibge_2022","na_bacia":1,"area_pct_bacia":100.0,"metodo_recorte_bacia":"ponto_representativo_grade_2022; area_pct_geometrica"},"geometry":{"type":"Polygon","coordinates":[[[-51.602557901425996,-28.792827545055125],[-51.602574937283464,-28.79096809240351],[-51.60058711989961,-28.790952151020893],[-51.600570070552294,-28.79281160277322],[-51.602557901425996,-28.792827545055125]]]}},{"type":"Feature","properties":{"id_grade":"200ME52414N81386","pop":109,"dom":39,"universo_dom":"domicilios_ocupados_grade_ibge_2022","na_bacia":1,"area_pct_bacia":100.0,"metodo_recorte_bacia":"ponto_representativo_grade_2022; area_pct_geometrica"},"geometry":{"type":"Polygon","coordinates":[[[-51.600570070552294,-28.79281160277322],[-51.60058711989961,-28.790952151020893],[-51.598599303415085,-28.790936196148486],[-51.59858223967859,-28.79279564790076],[-51.600570070552294,-28.79281160277322]]]}},{"type":"Feature","properties":{"id_grade":"200ME52416N81386","pop":14,"dom":4,"universo_dom":"domicilios_ocupados_grade_ibge_2022","na_bacia":1,"area_pct_bacia":100.0,"metodo_recorte_bacia":"ponto_representativo_grade_2022; area_pct_geometrica"},"geometry":{"type":"Polygon","coordinates":[[[-51.59858223967859,-28.79279564790076],[-51.598599303415085,-28.790936196148486],[-51.596611486031236,-28.790920227786202],[-51.59659440880489,-28.79277967863924],[-51.59858223967859,-28.79279564790076]]]}},{"type":"Feature","properties":{"id_grade":"200ME52410N81388","pop":22,"dom":8,"universo_dom":"domicilios_ocupados_grade_ibge_2022","na_bacia":1,"area_pct_bacia":100.0,"metodo_recorte_bacia":"ponto_representativo_grade_2022; area_pct_geometrica"},"geometry":{"type":"Polygon","coordinates":[[[-51.60456275466737,-28.79098402119556],[-51.60457977613573,-28.789124588329067],[-51.60259197224167,-28.789108659536954],[-51.602574937283464,-28.79096809240351],[-51.60456275466737,-28.79098402119556]]]}},{"type":"Feature","properties":{"id_grade":"200ME52412N81388","pop":14,"dom":4,"universo_dom":"domicilios_ocupados_grade_ibge_2022","na_bacia":1,"area_pct_bacia":100.0,"metodo_recorte_bacia":"ponto_representativo_grade_2022; area_pct_geometrica"},"geometry":{"type":"Polygon","coordinates":[[[-51.602574937283464,-28.79096809240351],[-51.60259197224167,-28.789108659536954],[-51.600604169246985,-28.789092718154425],[-51.60058711989961,-28.790952151020893],[-51.602574937283464,-28.79096809240351]]]}},{"type":"Feature","properties":{"id_grade":"200ME52414N81388","pop":4,"dom":1,"universo_dom":"domicilios_ocupados_grade_ibge_2022","na_bacia":1,"area_pct_bacia":100.0,"metodo_recorte_bacia":"ponto_representativo_grade_2022; area_pct_geometrica"},"geometry":{"type":"Polygon","coordinates":[[[-51.60058711989961,-28.790952151020893],[-51.600604169246985,-28.789092718154425],[-51.59861636625226,-28.789076763281972],[-51.598599303415085,-28.790936196148486],[-51.60058711989961,-28.790952151020893]]]}},{"type":"Feature","properties":{"id_grade":"200ME52410N81390","pop":2,"dom":1,"universo_dom":"domicilios_ocupados_grade_ibge_2022","na_bacia":1,"area_pct_bacia":100.0,"metodo_recorte_bacia":"ponto_representativo_grade_2022; area_pct_geometrica"},"geometry":{"type":"Polygon","coordinates":[[[-51.60457977613573,-28.789124588329067],[-51.60459679670475,-28.78726517434819],[-51.602609007199874,-28.78724924645549],[-51.60259197224167,-28.789108659536954],[-51.60457977613573,-28.789124588329067]]]}},{"type":"Feature","properties":{"id_grade":"200ME52410N81392","pop":36,"dom":14,"universo_dom":"domicilios_ocupados_grade_ibge_2022","na_bacia":1,"area_pct_bacia":100.0,"metodo_recorte_bacia":"ponto_representativo_grade_2022; area_pct_geometrica"},"geometry":{"type":"Polygon","coordinates":[[[-51.60459679670475,-28.78726517434819],[-51.60461381727379,-28.7854057792532],[-51.60262604215808,-28.785389851360467],[-51.602609007199874,-28.78724924645549],[-51.60459679670475,-28.78726517434819]]]}},{"type":"Feature","properties":{"id_grade":"200ME52414N81392","pop":13,"dom":4,"universo_dom":"domicilios_ocupados_grade_ibge_2022","na_bacia":1,"area_pct_bacia":100.0,"metodo_recorte_bacia":"ponto_representativo_grade_2022; area_pct_geometrica"},"geometry":{"type":"Polygon","coordinates":[[[-51.60062121859431,-28.787233305072885],[-51.60063826704236,-28.785373910877265],[-51.598650492825925,-28.785357956004862],[-51.59863342998876,-28.787217350200557],[-51.60062121859431,-28.787233305072885]]]}},{"type":"Feature","properties":{"id_grade":"200ME52416N81392","pop":39,"dom":12,"universo_dom":"domicilios_ocupados_grade_ibge_2022","na_bacia":1,"area_pct_bacia":100.0,"metodo_recorte_bacia":"ponto_representativo_grade_2022; area_pct_geometrica"},"geometry":{"type":"Polygon","coordinates":[[[-51.59863342998876,-28.787217350200557],[-51.598650492825925,-28.785357956004862],[-51.59666271860954,-28.785341988541905],[-51.59664564138319,-28.78720138273756],[-51.59863342998876,-28.787217350200557]]]}},{"type":"Feature","properties":{"id_grade":"200ME52418N81392","pop":21,"dom":7,"universo_dom":"domicilios_ocupados_grade_ibge_2022","na_bacia":1,"area_pct_bacia":100.0,"metodo_recorte_bacia":"ponto_representativo_grade_2022; area_pct_geometrica"},"geometry":{"type":"Polygon","coordinates":[[[-51.59664564138319,-28.78720138273756],[-51.59666271860954,-28.785341988541905],[-51.59467494439315,-28.785326008488443],[-51.59465785277762,-28.78718540178475],[-51.59664564138319,-28.78720138273756]]]}},{"type":"Feature","properties":{"id_grade":"200ME52410N81394","pop":120,"dom":46,"universo_dom":"domicilios_ocupados_grade_ibge_2022","na_bacia":1,"area_pct_bacia":100.0,"metodo_recorte_bacia":"ponto_representativo_grade_2022; area_pct_geometrica"},"geometry":{"type":"Polygon","coordinates":[[[-51.60461381727379,-28.7854057792532],[-51.604630837842876,-28.783546403943287],[-51.60264307711629,-28.783530476050558],[-51.60262604215808,-28.785389851360467],[-51.60461381727379,-28.7854057792532]]]}},{"type":"Feature","properties":{"id_grade":"200ME52412N81394","pop":107,"dom":46,"universo_dom":"domicilios_ocupados_grade_ibge_2022","na_bacia":1,"area_pct_bacia":100.0,"metodo_recorte_bacia":"ponto_representativo_grade_2022; area_pct_geometrica"},"geometry":{"type":"Polygon","coordinates":[[[-51.60262604215808,-28.785389851360467],[-51.60264307711629,-28.783530476050558],[-51.6006553163897,-28.783514535567278],[-51.60063826704236,-28.785373910877265],[-51.60262604215808,-28.785389851360467]]]}},{"type":"Feature","properties":{"id_grade":"200ME52414N81394","pop":212,"dom":85,"universo_dom":"domicilios_ocupados_grade_ibge_2022","na_bacia":1,"area_pct_bacia":100.0,"metodo_recorte_bacia":"ponto_representativo_grade_2022; area_pct_geometrica"},"geometry":{"type":"Polygon","coordinates":[[[-51.60063826704236,-28.785373910877265],[-51.6006553163897,-28.783514535567278],[-51.5986675556631,-28.783498581594245],[-51.598650492825925,-28.785357956004862],[-51.60063826704236,-28.785373910877265]]]}},{"type":"Feature","properties":{"id_grade":"200ME52416N81394","pop":280,"dom":115,"universo_dom":"domicilios_ocupados_grade_ibge_2022","na_bacia":1,"area_pct_bacia":100.0,"metodo_recorte_bacia":"ponto_representativo_grade_2022; area_pct_geometrica"},"geometry":{"type":"Polygon","coordinates":[[[-51.598650492825925,-28.785357956004862],[-51.5986675556631,-28.783498581594245],[-51.59667979583588,-28.783482615030593],[-51.59666271860954,-28.785341988541905],[-51.598650492825925,-28.785357956004862]]]}},{"type":"Feature","properties":{"id_grade":"200ME52418N81394","pop":108,"dom":41,"universo_dom":"domicilios_ocupados_grade_ibge_2022","na_bacia":1,"area_pct_bacia":100.0,"metodo_recorte_bacia":"ponto_representativo_grade_2022; area_pct_geometrica"},"geometry":{"type":"Polygon","coordinates":[[[-51.59666271860954,-28.785341988541905],[-51.59667979583588,-28.783482615030593],[-51.5946920351093,-28.78346663407778],[-51.59467494439315,-28.785326008488443],[-51.59666271860954,-28.785341988541905]]]}},{"type":"Feature","properties":{"id_grade":"200ME52410N81396","pop":204,"dom":83,"universo_dom":"domicilios_ocupados_grade_ibge_2022","na_bacia":1,"area_pct_bacia":100.0,"metodo_recorte_bacia":"ponto_representativo_grade_2022; area_pct_geometrica"},"geometry":{"type":"Polygon","coordinates":[[[-51.604630837842876,-28.783546403943287],[-51.60464785751258,-28.781687047519213],[-51.60266011117517,-28.781671120525797],[-51.60264307711629,-28.783530476050558],[-51.604630837842876,-28.783546403943287]]]}},{"type":"Feature","properties":{"id_grade":"200ME52412N81396","pop":66,"dom":26,"universo_dom":"domicilios_ocupados_grade_ibge_2022","na_bacia":1,"area_pct_bacia":100.0,"metodo_recorte_bacia":"ponto_representativo_grade_2022; area_pct_geometrica"},"geometry":{"type":"Polygon","coordinates":[[[-51.60264307711629,-28.783530476050558],[-51.60266011117517,-28.781671120525797],[-51.600672364837756,-28.78165518004249],[-51.6006553163897,-28.783514535567278],[-51.60264307711629,-28.783530476050558]]]}},{"type":"Feature","properties":{"id_grade":"200ME52414N81396","pop":200,"dom":83,"universo_dom":"domicilios_ocupados_grade_ibge_2022","na_bacia":1,"area_pct_bacia":100.0,"metodo_recorte_bacia":"ponto_representativo_grade_2022; area_pct_geometrica"},"geometry":{"type":"Polygon","coordinates":[[[-51.6006553163897,-28.783514535567278],[-51.600672364837756,-28.78165518004249],[-51.59868461850033,-28.781639226069384],[-51.5986675556631,-28.783498581594245],[-51.6006553163897,-28.783514535567278]]]}},{"type":"Feature","properties":{"id_grade":"200ME52416N81396","pop":251,"dom":95,"universo_dom":"domicilios_ocupados_grade_ibge_2022","na_bacia":1,"area_pct_bacia":100.0,"metodo_recorte_bacia":"ponto_representativo_grade_2022; area_pct_geometrica"},"geometry":{"type":"Polygon","coordinates":[[[-51.5986675556631,-28.783498581594245],[-51.59868461850033,-28.781639226069384],[-51.59669687216285,-28.781623259505796],[-51.59667979583588,-28.783482615030593],[-51.5986675556631,-28.783498581594245]]]}},{"type":"Feature","properties":{"id_grade":"200ME52418N81396","pop":134,"dom":52,"universo_dom":"domicilios_ocupados_grade_ibge_2022","na_bacia":1,"area_pct_bacia":100.0,"metodo_recorte_bacia":"ponto_representativo_grade_2022; area_pct_geometrica"},"geometry":{"type":"Polygon","coordinates":[[[-51.59667979583588,-28.783482615030593],[-51.59669687216285,-28.781623259505796],[-51.59470912582543,-28.78160727945227],[-51.5946920351093,-28.78346663407778],[-51.59667979583588,-28.783482615030593]]]}},{"type":"Feature","properties":{"id_grade":"200ME52410N81398","pop":235,"dom":109,"universo_dom":"domicilios_ocupados_grade_ibge_2022","na_bacia":1,"area_pct_bacia":100.0,"metodo_recorte_bacia":"ponto_representativo_grade_2022; area_pct_geometrica"},"geometry":{"type":"Polygon","coordinates":[[[-51.60464785751258,-28.781687047519213],[-51.60466487808163,-28.77982771088015],[-51.602677145234,-28.779811783886732],[-51.60266011117517,-28.781671120525797],[-51.60464785751258,-28.781687047519213]]]}},{"type":"Feature","properties":{"id_grade":"200ME52412N81398","pop":217,"dom":90,"universo_dom":"domicilios_ocupados_grade_ibge_2022","na_bacia":1,"area_pct_bacia":100.0,"metodo_recorte_bacia":"ponto_representativo_grade_2022; area_pct_geometrica"},"geometry":{"type":"Polygon","coordinates":[[[-51.60266011117517,-28.781671120525797],[-51.602677145234,-28.779811783886732],[-51.60068941238643,-28.77979584340345],[-51.600672364837756,-28.78165518004249],[-51.60266011117517,-28.781671120525797]]]}},{"type":"Feature","properties":{"id_grade":"200ME52414N81398","pop":290,"dom":120,"universo_dom":"domicilios_ocupados_grade_ibge_2022","na_bacia":1,"area_pct_bacia":100.0,"metodo_recorte_bacia":"ponto_representativo_grade_2022; area_pct_geometrica"},"geometry":{"type":"Polygon","coordinates":[[[-51.600672364837756,-28.78165518004249],[-51.60068941238643,-28.77979584340345],[-51.598701680438175,-28.779779890329568],[-51.59868461850033,-28.781639226069384],[-51.600672364837756,-28.78165518004249]]]}},{"type":"Feature","properties":{"id_grade":"200ME52416N81398","pop":235,"dom":98,"universo_dom":"domicilios_ocupados_grade_ibge_2022","na_bacia":1,"area_pct_bacia":100.0,"metodo_recorte_bacia":"ponto_representativo_grade_2022; area_pct_geometrica"},"geometry":{"type":"Polygon","coordinates":[[[-51.59868461850033,-28.781639226069384],[-51.598701680438175,-28.779779890329568],[-51.59671394848988,-28.77976392376608],[-51.59669687216285,-28.781623259505796],[-51.59868461850033,-28.781639226069384]]]}},{"type":"Feature","properties":{"id_grade":"200ME52418N81398","pop":54,"dom":21,"universo_dom":"domicilios_ocupados_grade_ibge_2022","na_bacia":1,"area_pct_bacia":100.0,"metodo_recorte_bacia":"ponto_representativo_grade_2022; area_pct_geometrica"},"geometry":{"type":"Polygon","coordinates":[[[-51.59669687216285,-28.781623259505796],[-51.59671394848988,-28.77976392376608],[-51.59472621654162,-28.779747943712668],[-51.59470912582543,-28.78160727945227],[-51.59669687216285,-28.781623259505796]]]}},{"type":"Feature","properties":{"id_grade":"200ME52410N81400","pop":72,"dom":32,"universo_dom":"domicilios_ocupados_grade_ibge_2022","na_bacia":1,"area_pct_bacia":100.0,"metodo_recorte_bacia":"ponto_representativo_grade_2022; area_pct_geometrica"},"geometry":{"type":"Polygon","coordinates":[[[-51.60466487808163,-28.77982771088015],[-51.604681897751334,-28.777968393126766],[-51.60269417929289,-28.777952466133407],[-51.602677145234,-28.779811783886732],[-51.60466487808163,-28.77982771088015]]]}},{"type":"Feature","properties":{"id_grade":"200ME52412N81400","pop":75,"dom":32,"universo_dom":"domicilios_ocupados_grade_ibge_2022","na_bacia":1,"area_pct_bacia":100.0,"metodo_recorte_bacia":"ponto_representativo_grade_2022; area_pct_geometrica"},"geometry":{"type":"Polygon","coordinates":[[[-51.602677145234,-28.779811783886732],[-51.60269417929289,-28.777952466133407],[-51.60070646083443,-28.777936526549354],[-51.60068941238643,-28.77979584340345],[-51.602677145234,-28.779811783886732]]]}},{"type":"Feature","properties":{"id_grade":"200ME52414N81400","pop":146,"dom":53,"universo_dom":"domicilios_ocupados_grade_ibge_2022","na_bacia":1,"area_pct_bacia":100.0,"metodo_recorte_bacia":"ponto_representativo_grade_2022; area_pct_geometrica"},"geometry":{"type":"Polygon","coordinates":[[[-51.60068941238643,-28.77979584340345],[-51.60070646083443,-28.777936526549354],[-51.598718742376036,-28.777920573475622],[-51.598701680438175,-28.779779890329568],[-51.60068941238643,-28.77979584340345]]]}},{"type":"Feature","properties":{"id_grade":"200ME52416N81400","pop":33,"dom":10,"universo_dom":"domicilios_ocupados_grade_ibge_2022","na_bacia":1,"area_pct_bacia":100.0,"metodo_recorte_bacia":"ponto_representativo_grade_2022; area_pct_geometrica"},"geometry":{"type":"Polygon","coordinates":[[[-51.598701680438175,-28.779779890329568],[-51.598718742376036,-28.777920573475622],[-51.596731024816904,-28.777904606912074],[-51.59671394848988,-28.77976392376608],[-51.598701680438175,-28.779779890329568]]]}},{"type":"Feature","properties":{"id_grade":"200ME52412N81402","pop":48,"dom":12,"universo_dom":"domicilios_ocupados_grade_ibge_2022","na_bacia":1,"area_pct_bacia":100.0,"metodo_recorte_bacia":"ponto_representativo_grade_2022; area_pct_geometrica"},"geometry":{"type":"Polygon","coordinates":[[[-51.60269417929289,-28.777952466133407],[-51.60271121245245,-28.776093168165136],[-51.600723508383176,-28.776077228581187],[-51.60070646083443,-28.777936526549354],[-51.60269417929289,-28.777952466133407]]]}},{"type":"Feature","properties":{"id_grade":"200ME52414N81402","pop":26,"dom":12,"universo_dom":"domicilios_ocupados_grade_ibge_2022","na_bacia":1,"area_pct_bacia":100.0,"metodo_recorte_bacia":"ponto_representativo_grade_2022; area_pct_geometrica"},"geometry":{"type":"Polygon","coordinates":[[[-51.60070646083443,-28.777936526549354],[-51.600723508383176,-28.776077228581187],[-51.59873580431389,-28.77606127550737],[-51.598718742376036,-28.777920573475622],[-51.60070646083443,-28.777936526549354]]]}},{"type":"Feature","properties":{"id_grade":"200ME52410N81404","pop":136,"dom":53,"universo_dom":"domicilios_ocupados_grade_ibge_2022","na_bacia":1,"area_pct_bacia":100.0,"metodo_recorte_bacia":"ponto_representativo_grade_2022; area_pct_geometrica"},"geometry":{"type":"Polygon","coordinates":[[[-51.604698917421054,-28.776109094259255],[-51.60471593619144,-28.77424981517683],[-51.602728245612006,-28.774233889082655],[-51.60271121245245,-28.776093168165136],[-51.604698917421054,-28.776109094259255]]]}},{"type":"Feature","properties":{"id_grade":"200ME52412N81404","pop":76,"dom":24,"universo_dom":"domicilios_ocupados_grade_ibge_2022","na_bacia":1,"area_pct_bacia":100.0,"metodo_recorte_bacia":"ponto_representativo_grade_2022; area_pct_geometrica"},"geometry":{"type":"Polygon","coordinates":[[[-51.60271121245245,-28.776093168165136],[-51.602728245612006,-28.774233889082655],[-51.60074055593184,-28.774217949498738],[-51.600723508383176,-28.776077228581187],[-51.60271121245245,-28.776093168165136]]]}},{"type":"Feature","properties":{"id_grade":"200ME52410N81406","pop":70,"dom":27,"universo_dom":"domicilios_ocupados_grade_ibge_2022","na_bacia":1,"area_pct_bacia":100.0,"metodo_recorte_bacia":"ponto_representativo_grade_2022; area_pct_geometrica"},"geometry":{"type":"Polygon","coordinates":[[[-51.60471593619144,-28.77424981517683],[-51.604732954961825,-28.772390554980046],[-51.60274527877158,-28.77237462978535],[-51.602728245612006,-28.774233889082655],[-51.60471593619144,-28.77424981517683]]]}},{"type":"Feature","properties":{"id_grade":"200ME52410N81408","pop":96,"dom":36,"universo_dom":"domicilios_ocupados_grade_ibge_2022","na_bacia":1,"area_pct_bacia":100.0,"metodo_recorte_bacia":"ponto_representativo_grade_2022; area_pct_geometrica"},"geometry":{"type":"Polygon","coordinates":[[[-51.604732954961825,-28.772390554980046],[-51.604749973732275,-28.770531314568498],[-51.60276231193109,-28.770515388474326],[-51.60274527877158,-28.77237462978535],[-51.604732954961825,-28.772390554980046]]]}},{"type":"Feature","properties":{"id_grade":"200ME52412N81408","pop":50,"dom":20,"universo_dom":"domicilios_ocupados_grade_ibge_2022","na_bacia":1,"area_pct_bacia":100.0,"metodo_recorte_bacia":"ponto_representativo_grade_2022; area_pct_geometrica"},"geometry":{"type":"Polygon","coordinates":[[[-51.60274527877158,-28.77237462978535],[-51.60276231193109,-28.770515388474326],[-51.60077465012995,-28.770499449789735],[-51.60075760258127,-28.772358690201354],[-51.60274527877158,-28.77237462978535]]]}},{"type":"Feature","properties":{"id_grade":"200ME52416N81408","pop":3,"dom":1,"universo_dom":"domicilios_ocupados_grade_ibge_2022","na_bacia":1,"area_pct_bacia":100.0,"metodo_recorte_bacia":"ponto_representativo_grade_2022; area_pct_geometrica"},"geometry":{"type":"Polygon","coordinates":[[[-51.59876992729027,-28.772342738026936],[-51.59878698832882,-28.77048349851458],[-51.59679932652767,-28.77046753285024],[-51.59678225199929,-28.772326772362582],[-51.59876992729027,-28.772342738026936]]]}},{"type":"Feature","properties":{"id_grade":"200ME52410N81410","pop":137,"dom":48,"universo_dom":"domicilios_ocupados_grade_ibge_2022","na_bacia":1,"area_pct_bacia":100.0,"metodo_recorte_bacia":"ponto_representativo_grade_2022; area_pct_geometrica"},"geometry":{"type":"Polygon","coordinates":[[[-51.604749973732275,-28.770531314568498],[-51.604766992502675,-28.768672093042607],[-51.60277934419133,-28.768656167847848],[-51.60276231193109,-28.770515388474326],[-51.604749973732275,-28.770531314568498]]]}},{"type":"Feature","properties":{"id_grade":"200ME52412N81410","pop":136,"dom":53,"universo_dom":"domicilios_ocupados_grade_ibge_2022","na_bacia":1,"area_pct_bacia":100.0,"metodo_recorte_bacia":"ponto_representativo_grade_2022; area_pct_geometrica"},"geometry":{"type":"Polygon","coordinates":[[[-51.60276231193109,-28.770515388474326],[-51.60277934419133,-28.768656167847848],[-51.60079169677937,-28.76864022916322],[-51.60077465012995,-28.770499449789735],[-51.60276231193109,-28.770515388474326]]]}},{"type":"Feature","properties":{"id_grade":"200ME52414N81410","pop":110,"dom":48,"universo_dom":"domicilios_ocupados_grade_ibge_2022","na_bacia":1,"area_pct_bacia":100.0,"metodo_recorte_bacia":"ponto_representativo_grade_2022; area_pct_geometrica"},"geometry":{"type":"Polygon","coordinates":[[[-51.60077465012995,-28.770499449789735],[-51.60079169677937,-28.76864022916322],[-51.598804049367345,-28.768624277888097],[-51.59878698832882,-28.77048349851458],[-51.60077465012995,-28.770499449789735]]]}},{"type":"Feature","properties":{"id_grade":"200ME52416N81410","pop":227,"dom":95,"universo_dom":"domicilios_ocupados_grade_ibge_2022","na_bacia":1,"area_pct_bacia":100.0,"metodo_recorte_bacia":"ponto_representativo_grade_2022; area_pct_geometrica"},"geometry":{"type":"Polygon","coordinates":[[[-51.59878698832882,-28.77048349851458],[-51.598804049367345,-28.768624277888097],[-51.59681640195532,-28.7686083122238],[-51.59679932652767,-28.77046753285024],[-51.59878698832882,-28.77048349851458]]]}},{"type":"Feature","properties":{"id_grade":"200ME52414N81418","pop":3,"dom":2,"universo_dom":"domicilios_ocupados_grade_ibge_2022","na_bacia":1,"area_pct_bacia":100.0,"metodo_recorte_bacia":"ponto_representativo_grade_2022; area_pct_geometrica"},"geometry":{"type":"Polygon","coordinates":[[[-51.60084283492887,-28.763062681497477],[-51.60085988067891,-28.76120353731338],[-51.5988722899242,-28.761187586937478],[-51.59885522978499,-28.763046731121662],[-51.60084283492887,-28.763062681497477]]]}},{"type":"Feature","properties":{"id_grade":"200ME52410N81426","pop":79,"dom":23,"universo_dom":"domicilios_ocupados_grade_ibge_2022","na_bacia":1,"area_pct_bacia":100.0,"metodo_recorte_bacia":"ponto_representativo_grade_2022; area_pct_geometrica"},"geometry":{"type":"Polygon","coordinates":[[[-51.60488611490223,-28.755658080156262],[-51.604903130974655,-28.753799012414476],[-51.60291559597795,-28.75378308991768],[-51.60289856551634,-28.755642157659388],[-51.60488611490223,-28.755658080156262]]]}},{"type":"Feature","properties":{"id_grade":"200ME52410N81428","pop":3,"dom":1,"universo_dom":"domicilios_ocupados_grade_ibge_2022","na_bacia":1,"area_pct_bacia":100.0,"metodo_recorte_bacia":"ponto_representativo_grade_2022; area_pct_geometrica"},"geometry":{"type":"Polygon","coordinates":[[[-51.604903130974655,-28.753799012414476],[-51.60492014794641,-28.75193996445776],[-51.6029326264395,-28.75192404106158],[-51.60291559597795,-28.75378308991768],[-51.604903130974655,-28.753799012414476]]]}},{"type":"Feature","properties":{"id_grade":"200ME52412N81428","pop":5,"dom":2,"universo_dom":"domicilios_ocupados_grade_ibge_2022","na_bacia":1,"area_pct_bacia":100.0,"metodo_recorte_bacia":"ponto_representativo_grade_2022; area_pct_geometrica"},"geometry":{"type":"Polygon","coordinates":[[[-51.60291559597795,-28.75378308991768],[-51.6029326264395,-28.75192404106158],[-51.600945105831954,-28.751908105074953],[-51.600928061880495,-28.753767153930923],[-51.60291559597795,-28.75378308991768]]]}},{"type":"Feature","properties":{"id_grade":"200ME52414N81428","pop":8,"dom":3,"universo_dom":"domicilios_ocupados_grade_ibge_2022","na_bacia":1,"area_pct_bacia":100.0,"metodo_recorte_bacia":"ponto_representativo_grade_2022; area_pct_geometrica"},"geometry":{"type":"Polygon","coordinates":[[[-51.600928061880495,-28.753767153930923],[-51.600945105831954,-28.751908105074953],[-51.598957586123674,-28.75189215649778],[-51.59894052688378,-28.753751204454492],[-51.600928061880495,-28.753767153930923]]]}},{"type":"Feature","properties":{"id_grade":"200ME52414N81430","pop":4,"dom":1,"universo_dom":"domicilios_ocupados_grade_ibge_2022","na_bacia":1,"area_pct_bacia":100.0,"metodo_recorte_bacia":"ponto_representativo_grade_2022; area_pct_geometrica"},"geometry":{"type":"Polygon","coordinates":[[[-51.600945105831954,-28.751908105074953],[-51.600962150682676,-28.75004907690336],[-51.59897464446425,-28.750033127426864],[-51.598957586123674,-28.75189215649778],[-51.600945105831954,-28.751908105074953]]]}},{"type":"Feature","properties":{"id_grade":"200ME52418N81430","pop":4,"dom":2,"universo_dom":"domicilios_ocupados_grade_ibge_2022","na_bacia":1,"area_pct_bacia":100.0,"metodo_recorte_bacia":"ponto_representativo_grade_2022; area_pct_geometrica"},"geometry":{"type":"Polygon","coordinates":[[[-51.596970065516075,-28.751876193531483],[-51.596987138245765,-28.75001716535982],[-51.594999632027346,-28.750001190702346],[-51.594982545807795,-28.751860217974563],[-51.596970065516075,-28.751876193531483]]]}},{"type":"Feature","properties":{"id_grade":"200ME52426N81382","pop":3,"dom":1,"universo_dom":"domicilios_ocupados_grade_ibge_2022","na_bacia":1,"area_pct_bacia":100.0,"metodo_recorte_bacia":"ponto_representativo_grade_2022; area_pct_geometrica"},"geometry":{"type":"Polygon","coordinates":[[[-51.588608818442204,-28.79643463135313],[-51.58862595322512,-28.794575142728576],[-51.58663810886162,-28.79455910781655],[-51.586620960588846,-28.796418596441008],[-51.588608818442204,-28.79643463135313]]]}},{"type":"Feature","properties":{"id_grade":"200ME52420N81392","pop":30,"dom":12,"universo_dom":"domicilios_ocupados_grade_ibge_2022","na_bacia":1,"area_pct_bacia":100.0,"metodo_recorte_bacia":"ponto_representativo_grade_2022; area_pct_geometrica"},"geometry":{"type":"Polygon","coordinates":[[[-51.59465785277762,-28.78718540178475],[-51.59467494439315,-28.785326008488443],[-51.5926871701767,-28.785310014945146],[-51.592670065071395,-28.787169407342198],[-51.59465785277762,-28.78718540178475]]]}},{"type":"Feature","properties":{"id_grade":"200ME52420N81394","pop":45,"dom":17,"universo_dom":"domicilios_ocupados_grade_ibge_2022","na_bacia":1,"area_pct_bacia":100.0,"metodo_recorte_bacia":"ponto_representativo_grade_2022; area_pct_geometrica"},"geometry":{"type":"Polygon","coordinates":[[[-51.59467494439315,-28.785326008488443],[-51.5946920351093,-28.78346663407778],[-51.59270427618134,-28.783450640534586],[-51.5926871701767,-28.785310014945146],[-51.59467494439315,-28.785326008488443]]]}},{"type":"Feature","properties":{"id_grade":"200ME52420N81396","pop":3,"dom":1,"universo_dom":"domicilios_ocupados_grade_ibge_2022","na_bacia":1,"area_pct_bacia":100.0,"metodo_recorte_bacia":"ponto_representativo_grade_2022; area_pct_geometrica"},"geometry":{"type":"Polygon","coordinates":[[[-51.5946920351093,-28.78346663407778],[-51.59470912582543,-28.78160727945227],[-51.59272138038733,-28.781591285909077],[-51.59270427618134,-28.783450640534586],[-51.5946920351093,-28.78346663407778]]]}},{"type":"Feature","properties":{"id_grade":"200ME52424N81396","pop":4,"dom":2,"universo_dom":"domicilios_ocupados_grade_ibge_2022","na_bacia":1,"area_pct_bacia":100.0,"metodo_recorte_bacia":"ponto_representativo_grade_2022; area_pct_geometrica"},"geometry":{"type":"Polygon","coordinates":[[[-51.59071651635412,-28.783434633501496],[-51.590733634949224,-28.78157527977532],[-51.58874589041045,-28.78155926015165],[-51.588728757426175,-28.78341861387788],[-51.59071651635412,-28.783434633501496]]]}},{"type":"Feature","properties":{"id_grade":"200ME52422N81398","pop":3,"dom":2,"universo_dom":"domicilios_ocupados_grade_ibge_2022","na_bacia":1,"area_pct_bacia":100.0,"metodo_recorte_bacia":"ponto_representativo_grade_2022; area_pct_geometrica"},"geometry":{"type":"Polygon","coordinates":[[[-51.59272138038733,-28.781591285909077],[-51.592738485492646,-28.779731951068623],[-51.59075075444372,-28.779715944934885],[-51.590733634949224,-28.78157527977532],[-51.59272138038733,-28.781591285909077]]]}},{"type":"Feature","properties":{"id_grade":"200ME52424N81398","pop":11,"dom":4,"universo_dom":"domicilios_ocupados_grade_ibge_2022","na_bacia":1,"area_pct_bacia":100.0,"metodo_recorte_bacia":"ponto_representativo_grade_2022; area_pct_geometrica"},"geometry":{"type":"Polygon","coordinates":[[[-51.590733634949224,-28.78157527977532],[-51.59075075444372,-28.779715944934885],[-51.58876302339479,-28.77969992531127],[-51.58874589041045,-28.78155926015165],[-51.590733634949224,-28.78157527977532]]]}},{"type":"Feature","properties":{"id_grade":"200ME52428N81398","pop":3,"dom":1,"universo_dom":"domicilios_ocupados_grade_ibge_2022","na_bacia":1,"area_pct_bacia":100.0,"metodo_recorte_bacia":"ponto_representativo_grade_2022; area_pct_geometrica"},"geometry":{"type":"Polygon","coordinates":[[[-51.58675814497236,-28.781543227038256],[-51.586775292345806,-28.77968389219785],[-51.5847875621962,-28.779667846493805],[-51.58477040043357,-28.781527181334248],[-51.58675814497236,-28.781543227038256]]]}},{"type":"Feature","properties":{"id_grade":"200ME52424N81400","pop":13,"dom":4,"universo_dom":"domicilios_ocupados_grade_ibge_2022","na_bacia":1,"area_pct_bacia":100.0,"metodo_recorte_bacia":"ponto_representativo_grade_2022; area_pct_geometrica"},"geometry":{"type":"Polygon","coordinates":[[[-51.59075075444372,-28.779715944934885],[-51.590767872139565,-28.777856628980246],[-51.58878015547975,-28.777840609356574],[-51.58876302339479,-28.77969992531127],[-51.59075075444372,-28.779715944934885]]]}},{"type":"Feature","properties":{"id_grade":"200ME52428N81400","pop":2,"dom":1,"universo_dom":"domicilios_ocupados_grade_ibge_2022","na_bacia":1,"area_pct_bacia":100.0,"metodo_recorte_bacia":"ponto_representativo_grade_2022; area_pct_geometrica"},"geometry":{"type":"Polygon","coordinates":[[[-51.586775292345806,-28.77968389219785],[-51.586792438819934,-28.777824577142535],[-51.58480472305951,-28.777808531438545],[-51.5847875621962,-28.779667846493805],[-51.586775292345806,-28.77968389219785]]]}},{"type":"Feature","properties":{"id_grade":"200ME52442N81344","pop":4,"dom":1,"universo_dom":"domicilios_ocupados_grade_ibge_2022","na_bacia":1,"area_pct_bacia":100.0,"metodo_recorte_bacia":"ponto_representativo_grade_2022; area_pct_geometrica"},"geometry":{"type":"Polygon","coordinates":[[[-51.572378206688825,-28.831639890568415],[-51.57239545928297,-28.829780037718532],[-51.57040734872015,-28.829763891290487],[-51.570390081736825,-28.83162374503967],[-51.572378206688825,-28.831639890568415]]]}}]}