{"type":"FeatureCollection","name":"4319711","crs":{"type":"name","properties":{"name":"urn:ogc:def:crs:OGC:1.3:CRS84"}},"features":[{"type":"Feature","properties":{"id_grade":"200ME52244N81092","pop":5,"dom":1,"universo_dom":"domicilios_ocupados_grade_ibge_2022","na_bacia":1,"area_pct_bacia":100.0,"metodo_recorte_bacia":"ponto_representativo_grade_2022; area_pct_geometrica","status_borda_bacia":"total","metodo_area_bacia":"interseção geométrica em EPSG:5880","metodo_na_bacia":"ponto_representativo_grade_2022_within_bacia","pop_n_validos":1,"pop_n_total":1,"pop_completude":1.0,"dom_n_validos":1,"dom_n_total":1,"dom_completude":1.0},"geometry":{"type":"Polygon","coordinates":[[[-51.76720430649691,-29.067673527707615],[-51.7672201887612,-29.06581118798462],[-51.76523027354838,-29.06579631751096],[-51.76521437713058,-29.067658656970732],[-51.76720430649691,-29.067673527707615]]]}},{"type":"Feature","properties":{"id_grade":"200ME52246N81092","pop":28,"dom":8,"universo_dom":"domicilios_ocupados_grade_ibge_2022","na_bacia":1,"area_pct_bacia":100.0,"metodo_recorte_bacia":"ponto_representativo_grade_2022; area_pct_geometrica","status_borda_bacia":"total","metodo_area_bacia":"interseção geométrica em EPSG:5880","metodo_na_bacia":"ponto_representativo_grade_2022_within_bacia","pop_n_validos":1,"pop_n_total":1,"pop_completude":1.0,"dom_n_validos":1,"dom_n_total":1,"dom_completude":1.0},"geometry":{"type":"Polygon","coordinates":[[[-51.76521437713058,-29.067658656970732],[-51.76523027354838,-29.06579631751096],[-51.76324035856171,-29.065781433791667],[-51.7632244479904,-29.067643772988077],[-51.76521437713058,-29.067658656970732]]]}},{"type":"Feature","properties":{"id_grade":"200ME52248N81092","pop":6,"dom":4,"universo_dom":"domicilios_ocupados_grade_ibge_2022","na_bacia":1,"area_pct_bacia":100.0,"metodo_recorte_bacia":"ponto_representativo_grade_2022; area_pct_geometrica","status_borda_bacia":"total","metodo_area_bacia":"interseção geométrica em EPSG:5880","metodo_na_bacia":"ponto_representativo_grade_2022_within_bacia","pop_n_validos":1,"pop_n_total":1,"pop_completude":1.0,"dom_n_validos":1,"dom_n_total":1,"dom_completude":1.0},"geometry":{"type":"Polygon","coordinates":[[[-51.7632244479904,-29.067643772988077],[-51.76324035856171,-29.065781433791667],[-51.76125044380138,-29.06576653682698],[-51.761234519076574,-29.067628875759716],[-51.7632244479904,-29.067643772988077]]]}},{"type":"Feature","properties":{"id_grade":"200ME52244N81094","pop":11,"dom":5,"universo_dom":"domicilios_ocupados_grade_ibge_2022","na_bacia":1,"area_pct_bacia":100.0,"metodo_recorte_bacia":"ponto_representativo_grade_2022; area_pct_geometrica","status_borda_bacia":"total","metodo_area_bacia":"interseção geométrica em EPSG:5880","metodo_na_bacia":"ponto_representativo_grade_2022_within_bacia","pop_n_validos":1,"pop_n_total":1,"pop_completude":1.0,"dom_n_validos":1,"dom_n_total":1,"dom_completude":1.0},"geometry":{"type":"Polygon","coordinates":[[[-51.7672201887612,-29.06581118798462],[-51.76723607079955,-29.063948867969554],[-51.765246169740045,-29.06393399775889],[-51.76523027354838,-29.06579631751096],[-51.7672201887612,-29.06581118798462]]]}},{"type":"Feature","properties":{"id_grade":"200ME52246N81094","pop":2,"dom":1,"universo_dom":"domicilios_ocupados_grade_ibge_2022","na_bacia":1,"area_pct_bacia":100.0,"metodo_recorte_bacia":"ponto_representativo_grade_2022; area_pct_geometrica","status_borda_bacia":"total","metodo_area_bacia":"interseção geométrica em EPSG:5880","metodo_na_bacia":"ponto_representativo_grade_2022_within_bacia","pop_n_validos":1,"pop_n_total":1,"pop_completude":1.0,"dom_n_validos":1,"dom_n_total":1,"dom_completude":1.0},"geometry":{"type":"Polygon","coordinates":[[[-51.76523027354838,-29.06579631751096],[-51.765246169740045,-29.06393399775889],[-51.76325626890667,-29.063919114303065],[-51.76324035856171,-29.065781433791667],[-51.76523027354838,-29.06579631751096]]]}},{"type":"Feature","properties":{"id_grade":"200ME52240N81096","pop":8,"dom":4,"universo_dom":"domicilios_ocupados_grade_ibge_2022","na_bacia":1,"area_pct_bacia":100.0,"metodo_recorte_bacia":"ponto_representativo_grade_2022; area_pct_geometrica","status_borda_bacia":"total","metodo_area_bacia":"interseção geométrica em EPSG:5880","metodo_na_bacia":"ponto_representativo_grade_2022_within_bacia","pop_n_validos":1,"pop_n_total":1,"pop_completude":1.0,"dom_n_validos":1,"dom_n_total":1,"dom_completude":1.0},"geometry":{"type":"Polygon","coordinates":[[[-51.77121587359616,-29.06397856865478],[-51.77123172710235,-29.062116267818904],[-51.769241839744296,-29.062101424361632],[-51.76922597208499,-29.063963724934816],[-51.77121587359616,-29.06397856865478]]]}},{"type":"Feature","properties":{"id_grade":"200ME52242N81096","pop":2,"dom":1,"universo_dom":"domicilios_ocupados_grade_ibge_2022","na_bacia":1,"area_pct_bacia":100.0,"metodo_recorte_bacia":"ponto_representativo_grade_2022; area_pct_geometrica","status_borda_bacia":"total","metodo_area_bacia":"interseção geométrica em EPSG:5880","metodo_na_bacia":"ponto_representativo_grade_2022_within_bacia","pop_n_validos":1,"pop_n_total":1,"pop_completude":1.0,"dom_n_validos":1,"dom_n_total":1,"dom_completude":1.0},"geometry":{"type":"Polygon","coordinates":[[[-51.76922597208499,-29.063963724934816],[-51.769241839744296,-29.062101424361632],[-51.767251952611964,-29.0620865676592],[-51.76723607079955,-29.063948867969554],[-51.76922597208499,-29.063963724934816]]]}},{"type":"Feature","properties":{"id_grade":"200ME52244N81096","pop":6,"dom":1,"universo_dom":"domicilios_ocupados_grade_ibge_2022","na_bacia":1,"area_pct_bacia":100.0,"metodo_recorte_bacia":"ponto_representativo_grade_2022; area_pct_geometrica","status_borda_bacia":"total","metodo_area_bacia":"interseção geométrica em EPSG:5880","metodo_na_bacia":"ponto_representativo_grade_2022_within_bacia","pop_n_validos":1,"pop_n_total":1,"pop_completude":1.0,"dom_n_validos":1,"dom_n_total":1,"dom_completude":1.0},"geometry":{"type":"Polygon","coordinates":[[[-51.76723607079955,-29.063948867969554],[-51.767251952611964,-29.0620865676592],[-51.76526206570557,-29.062071697711698],[-51.765246169740045,-29.06393399775889],[-51.76723607079955,-29.063948867969554]]]}},{"type":"Feature","properties":{"id_grade":"200ME52240N81098","pop":1,"dom":1,"universo_dom":"domicilios_ocupados_grade_ibge_2022","na_bacia":1,"area_pct_bacia":100.0,"metodo_recorte_bacia":"ponto_representativo_grade_2022; area_pct_geometrica","status_borda_bacia":"total","metodo_area_bacia":"interseção geométrica em EPSG:5880","metodo_na_bacia":"ponto_representativo_grade_2022_within_bacia","pop_n_validos":1,"pop_n_total":1,"pop_completude":1.0,"dom_n_validos":1,"dom_n_total":1,"dom_completude":1.0},"geometry":{"type":"Polygon","coordinates":[[[-51.77123172710235,-29.062116267818904],[-51.771247580383005,-29.06025398668493],[-51.769257707177864,-29.060239143490218],[-51.769241839744296,-29.062101424361632],[-51.77123172710235,-29.062116267818904]]]}},{"type":"Feature","properties":{"id_grade":"200ME52246N81100","pop":3,"dom":1,"universo_dom":"domicilios_ocupados_grade_ibge_2022","na_bacia":1,"area_pct_bacia":100.0,"metodo_recorte_bacia":"ponto_representativo_grade_2022; area_pct_geometrica","status_borda_bacia":"total","metodo_area_bacia":"interseção geométrica em EPSG:5880","metodo_na_bacia":"ponto_representativo_grade_2022_within_bacia","pop_n_validos":1,"pop_n_total":1,"pop_completude":1.0,"dom_n_validos":1,"dom_n_total":1,"dom_completude":1.0},"geometry":{"type":"Polygon","coordinates":[[[-51.76527796144496,-29.06020941736622],[-51.76529385695822,-29.058347156719485],[-51.76330399858355,-29.05833227405361],[-51.76328808891759,-29.060194534437052],[-51.76527796144496,-29.06020941736622]]]}},{"type":"Feature","properties":{"id_grade":"1KME5228N8103","pop":4,"dom":2,"universo_dom":"domicilios_ocupados_grade_ibge_2022","na_bacia":1,"area_pct_bacia":100.0,"metodo_recorte_bacia":"ponto_representativo_grade_2022; area_pct_geometrica","status_borda_bacia":"total","metodo_area_bacia":"interseção geométrica em EPSG:5880","metodo_na_bacia":"ponto_representativo_grade_2022_within_bacia","pop_n_validos":1,"pop_n_total":1,"pop_completude":1.0,"dom_n_validos":1,"dom_n_total":1,"dom_completude":1.0},"geometry":{"type":"Polygon","coordinates":[[[-51.7309013950943,-29.123283055186896],[-51.730982112376864,-29.11396861528289],[-51.72103071884837,-29.11389290350043],[-51.7209496475895,-29.123207336688925],[-51.7309013950943,-29.123283055186896]]]}},{"type":"Feature","properties":{"id_grade":"1KME5226N8104","pop":2,"dom":1,"universo_dom":"domicilios_ocupados_grade_ibge_2022","na_bacia":1,"area_pct_bacia":100.0,"metodo_recorte_bacia":"ponto_representativo_grade_2022; area_pct_geometrica","status_borda_bacia":"total","metodo_area_bacia":"interseção geométrica em EPSG:5880","metodo_na_bacia":"ponto_representativo_grade_2022_within_bacia","pop_n_validos":1,"pop_n_total":1,"pop_completude":1.0,"dom_n_validos":1,"dom_n_total":1,"dom_completude":1.0},"geometry":{"type":"Polygon","coordinates":[[[-51.75088491663557,-29.11411904498116],[-51.75096492027182,-29.104805086382015],[-51.74101386923625,-29.10473004383078],[-51.74093351164767,-29.11404399577642],[-51.75088491663557,-29.11411904498116]]]}},{"type":"Feature","properties":{"id_grade":"1KME5227N8104","pop":9,"dom":4,"universo_dom":"domicilios_ocupados_grade_ibge_2022","na_bacia":1,"area_pct_bacia":100.0,"metodo_recorte_bacia":"ponto_representativo_grade_2022; area_pct_geometrica","status_borda_bacia":"total","metodo_area_bacia":"interseção geométrica em EPSG:5880","metodo_na_bacia":"ponto_representativo_grade_2022_within_bacia","pop_n_validos":1,"pop_n_total":1,"pop_completude":1.0,"dom_n_validos":1,"dom_n_total":1,"dom_completude":1.0},"geometry":{"type":"Polygon","coordinates":[[[-51.74093351164767,-29.11404399577642],[-51.74101386923625,-29.10473004383078],[-51.73106282391717,-29.10465467002018],[-51.730982112376864,-29.11396861528289],[-51.74093351164767,-29.11404399577642]]]}},{"type":"Feature","properties":{"id_grade":"1KME5224N8105","pop":4,"dom":1,"universo_dom":"domicilios_ocupados_grade_ibge_2022","na_bacia":1,"area_pct_bacia":100.0,"metodo_recorte_bacia":"ponto_representativo_grade_2022; area_pct_geometrica","status_borda_bacia":"total","metodo_area_bacia":"interseção geométrica em EPSG:5880","metodo_na_bacia":"ponto_representativo_grade_2022_within_bacia","pop_n_validos":1,"pop_n_total":1,"pop_completude":1.0,"dom_n_validos":1,"dom_n_total":1,"dom_completude":1.0},"geometry":{"type":"Polygon","coordinates":[[[-51.770867039391746,-29.104954177701647],[-51.770946329480545,-29.0956407001619],[-51.76099562101588,-29.095566326724065],[-51.7609159769987,-29.104879797672435],[-51.770867039391746,-29.104954177701647]]]}},{"type":"Feature","properties":{"id_grade":"1KME5225N8105","pop":2,"dom":1,"universo_dom":"domicilios_ocupados_grade_ibge_2022","na_bacia":1,"area_pct_bacia":100.0,"metodo_recorte_bacia":"ponto_representativo_grade_2022; area_pct_geometrica","status_borda_bacia":"total","metodo_area_bacia":"interseção geométrica em EPSG:5880","metodo_na_bacia":"ponto_representativo_grade_2022_within_bacia","pop_n_validos":1,"pop_n_total":1,"pop_completude":1.0,"dom_n_validos":1,"dom_n_total":1,"dom_completude":1.0},"geometry":{"type":"Polygon","coordinates":[[[-51.7609159769987,-29.104879797672435],[-51.76099562101588,-29.095566326724065],[-51.75104491821675,-29.09549162205432],[-51.75096492027182,-29.104805086382015],[-51.7609159769987,-29.104879797672435]]]}},{"type":"Feature","properties":{"id_grade":"1KME5226N8105","pop":4,"dom":2,"universo_dom":"domicilios_ocupados_grade_ibge_2022","na_bacia":1,"area_pct_bacia":100.0,"metodo_recorte_bacia":"ponto_representativo_grade_2022; area_pct_geometrica","status_borda_bacia":"total","metodo_area_bacia":"interseção geométrica em EPSG:5880","metodo_na_bacia":"ponto_representativo_grade_2022_within_bacia","pop_n_validos":1,"pop_n_total":1,"pop_completude":1.0,"dom_n_validos":1,"dom_n_total":1,"dom_completude":1.0},"geometry":{"type":"Polygon","coordinates":[[[-51.75096492027182,-29.104805086382015],[-51.75104491821675,-29.09549162205432],[-51.74109422110833,-29.095416586153487],[-51.74101386923625,-29.10473004383078],[-51.75096492027182,-29.104805086382015]]]}},{"type":"Feature","properties":{"id_grade":"1KME5227N8105","pop":9,"dom":3,"universo_dom":"domicilios_ocupados_grade_ibge_2022","na_bacia":1,"area_pct_bacia":100.0,"metodo_recorte_bacia":"ponto_representativo_grade_2022; area_pct_geometrica","status_borda_bacia":"total","metodo_area_bacia":"interseção geométrica em EPSG:5880","metodo_na_bacia":"ponto_representativo_grade_2022_within_bacia","pop_n_validos":1,"pop_n_total":1,"pop_completude":1.0,"dom_n_validos":1,"dom_n_total":1,"dom_completude":1.0},"geometry":{"type":"Polygon","coordinates":[[[-51.74101386923625,-29.10473004383078],[-51.74109422110833,-29.095416586153487],[-51.731143529715794,-29.09534121902213],[-51.73106282391717,-29.10465467002018],[-51.74101386923625,-29.10473004383078]]]}},{"type":"Feature","properties":{"id_grade":"1KME5228N8105","pop":24,"dom":9,"universo_dom":"domicilios_ocupados_grade_ibge_2022","na_bacia":1,"area_pct_bacia":100.0,"metodo_recorte_bacia":"ponto_representativo_grade_2022; area_pct_geometrica","status_borda_bacia":"total","metodo_area_bacia":"interseção geométrica em EPSG:5880","metodo_na_bacia":"ponto_representativo_grade_2022_within_bacia","pop_n_validos":1,"pop_n_total":1,"pop_completude":1.0,"dom_n_validos":1,"dom_n_total":1,"dom_completude":1.0},"geometry":{"type":"Polygon","coordinates":[[[-51.73106282391717,-29.10465467002018],[-51.731143529715794,-29.09534121902213],[-51.72119284406432,-29.095265520661407],[-51.72111178433976,-29.10457896495042],[-51.73106282391717,-29.10465467002018]]]}},{"type":"Feature","properties":{"id_grade":"1KME5222N8106","pop":14,"dom":6,"universo_dom":"domicilios_ocupados_grade_ibge_2022","na_bacia":1,"area_pct_bacia":100.0,"metodo_recorte_bacia":"ponto_representativo_grade_2022; area_pct_geometrica","status_borda_bacia":"total","metodo_area_bacia":"interseção geométrica em EPSG:5880","metodo_na_bacia":"ponto_representativo_grade_2022_within_bacia","pop_n_validos":1,"pop_n_total":1,"pop_completude":1.0,"dom_n_validos":1,"dom_n_total":1,"dom_completude":1.0},"geometry":{"type":"Polygon","coordinates":[[[-51.790847763305806,-29.095788453339434],[-51.79092633994607,-29.086475456612927],[-51.780975974130236,-29.086401752170296],[-51.78089704358558,-29.095714742367278],[-51.790847763305806,-29.095788453339434]]]}},{"type":"Feature","properties":{"id_grade":"1KME5223N8106","pop":5,"dom":2,"universo_dom":"domicilios_ocupados_grade_ibge_2022","na_bacia":1,"area_pct_bacia":100.0,"metodo_recorte_bacia":"ponto_representativo_grade_2022; area_pct_geometrica","status_borda_bacia":"total","metodo_area_bacia":"interseção geométrica em EPSG:5880","metodo_na_bacia":"ponto_representativo_grade_2022_within_bacia","pop_n_validos":1,"pop_n_total":1,"pop_completude":1.0,"dom_n_validos":1,"dom_n_total":1,"dom_completude":1.0},"geometry":{"type":"Polygon","coordinates":[[[-51.78089704358558,-29.095714742367278],[-51.780975974130236,-29.086401752170296],[-51.77102561392899,-29.08632771652351],[-51.770946329480545,-29.0956407001619],[-51.78089704358558,-29.095714742367278]]]}},{"type":"Feature","properties":{"id_grade":"1KME5224N8106","pop":12,"dom":5,"universo_dom":"domicilios_ocupados_grade_ibge_2022","na_bacia":1,"area_pct_bacia":100.0,"metodo_recorte_bacia":"ponto_representativo_grade_2022; area_pct_geometrica","status_borda_bacia":"total","metodo_area_bacia":"interseção geométrica em EPSG:5880","metodo_na_bacia":"ponto_representativo_grade_2022_within_bacia","pop_n_validos":1,"pop_n_total":1,"pop_completude":1.0,"dom_n_validos":1,"dom_n_total":1,"dom_completude":1.0},"geometry":{"type":"Polygon","coordinates":[[[-51.770946329480545,-29.0956407001619],[-51.77102561392899,-29.08632771652351],[-51.76107525936751,-29.08625334967374],[-51.76099562101588,-29.095566326724065],[-51.770946329480545,-29.0956407001619]]]}},{"type":"Feature","properties":{"id_grade":"1KME5225N8106","pop":17,"dom":5,"universo_dom":"domicilios_ocupados_grade_ibge_2022","na_bacia":1,"area_pct_bacia":100.0,"metodo_recorte_bacia":"ponto_representativo_grade_2022; area_pct_geometrica","status_borda_bacia":"total","metodo_area_bacia":"interseção geométrica em EPSG:5880","metodo_na_bacia":"ponto_representativo_grade_2022_within_bacia","pop_n_validos":1,"pop_n_total":1,"pop_completude":1.0,"dom_n_validos":1,"dom_n_total":1,"dom_completude":1.0},"geometry":{"type":"Polygon","coordinates":[[[-51.76099562101588,-29.095566326724065],[-51.76107525936751,-29.08625334967374],[-51.75112491047096,-29.08617865162112],[-51.75104491821675,-29.09549162205432],[-51.76099562101588,-29.095566326724065]]]}},{"type":"Feature","properties":{"id_grade":"1KME5227N8106","pop":12,"dom":6,"universo_dom":"domicilios_ocupados_grade_ibge_2022","na_bacia":1,"area_pct_bacia":100.0,"metodo_recorte_bacia":"ponto_representativo_grade_2022; area_pct_geometrica","status_borda_bacia":"total","metodo_area_bacia":"interseção geométrica em EPSG:5880","metodo_na_bacia":"ponto_representativo_grade_2022_within_bacia","pop_n_validos":1,"pop_n_total":1,"pop_completude":1.0,"dom_n_validos":1,"dom_n_total":1,"dom_completude":1.0},"geometry":{"type":"Polygon","coordinates":[[[-51.74109422110833,-29.095416586153487],[-51.74117456726452,-29.08610362236704],[-51.73122422977336,-29.086028261911608],[-51.731143529715794,-29.09534121902213],[-51.74109422110833,-29.095416586153487]]]}},{"type":"Feature","properties":{"id_grade":"1KME5220N8107","pop":2,"dom":1,"universo_dom":"domicilios_ocupados_grade_ibge_2022","na_bacia":1,"area_pct_bacia":100.0,"metodo_recorte_bacia":"ponto_representativo_grade_2022; area_pct_geometrica","status_borda_bacia":"total","metodo_area_bacia":"interseção geométrica em EPSG:5880","metodo_na_bacia":"ponto_representativo_grade_2022_within_bacia","pop_n_validos":1,"pop_n_total":1,"pop_completude":1.0,"dom_n_validos":1,"dom_n_total":1,"dom_completude":1.0},"geometry":{"type":"Polygon","coordinates":[[[-51.81082708832082,-29.08662187188377],[-51.81090495161144,-29.077309355724914],[-51.800954928522344,-29.077236320159535],[-51.80087671135133,-29.086548829851104],[-51.81082708832082,-29.08662187188377]]]}},{"type":"Feature","properties":{"id_grade":"1KME5221N8107","pop":4,"dom":2,"universo_dom":"domicilios_ocupados_grade_ibge_2022","na_bacia":1,"area_pct_bacia":100.0,"metodo_recorte_bacia":"ponto_representativo_grade_2022; area_pct_geometrica","status_borda_bacia":"total","metodo_area_bacia":"interseção geométrica em EPSG:5880","metodo_na_bacia":"ponto_representativo_grade_2022_within_bacia","pop_n_validos":1,"pop_n_total":1,"pop_completude":1.0,"dom_n_validos":1,"dom_n_total":1,"dom_completude":1.0},"geometry":{"type":"Polygon","coordinates":[[[-51.80087671135133,-29.086548829851104],[-51.800954928522344,-29.077236320159535],[-51.791004910996904,-29.077162953418004],[-51.79092633994607,-29.086475456612927],[-51.80087671135133,-29.086548829851104]]]}},{"type":"Feature","properties":{"id_grade":"1KME5222N8107","pop":31,"dom":9,"universo_dom":"domicilios_ocupados_grade_ibge_2022","na_bacia":1,"area_pct_bacia":100.0,"metodo_recorte_bacia":"ponto_representativo_grade_2022; area_pct_geometrica","status_borda_bacia":"total","metodo_area_bacia":"interseção geométrica em EPSG:5880","metodo_na_bacia":"ponto_representativo_grade_2022_within_bacia","pop_n_validos":1,"pop_n_total":1,"pop_completude":1.0,"dom_n_validos":1,"dom_n_total":1,"dom_completude":1.0},"geometry":{"type":"Polygon","coordinates":[[[-51.79092633994607,-29.086475456612927],[-51.791004910996904,-29.077162953418004],[-51.78105489906029,-29.077089255501164],[-51.780975974130236,-29.086401752170296],[-51.79092633994607,-29.086475456612927]]]}},{"type":"Feature","properties":{"id_grade":"1KME5223N8107","pop":8,"dom":2,"universo_dom":"domicilios_ocupados_grade_ibge_2022","na_bacia":1,"area_pct_bacia":100.0,"metodo_recorte_bacia":"ponto_representativo_grade_2022; area_pct_geometrica","status_borda_bacia":"total","metodo_area_bacia":"interseção geométrica em EPSG:5880","metodo_na_bacia":"ponto_representativo_grade_2022_within_bacia","pop_n_validos":1,"pop_n_total":1,"pop_completude":1.0,"dom_n_validos":1,"dom_n_total":1,"dom_completude":1.0},"geometry":{"type":"Polygon","coordinates":[[[-51.780975974130236,-29.086401752170296],[-51.78105489906029,-29.077089255501164],[-51.77110489273767,-29.077015226409753],[-51.77102561392899,-29.08632771652351],[-51.780975974130236,-29.086401752170296]]]}},{"type":"Feature","properties":{"id_grade":"1KME5224N8107","pop":10,"dom":3,"universo_dom":"domicilios_ocupados_grade_ibge_2022","na_bacia":1,"area_pct_bacia":100.0,"metodo_recorte_bacia":"ponto_representativo_grade_2022; area_pct_geometrica","status_borda_bacia":"total","metodo_area_bacia":"interseção geométrica em EPSG:5880","metodo_na_bacia":"ponto_representativo_grade_2022_within_bacia","pop_n_validos":1,"pop_n_total":1,"pop_completude":1.0,"dom_n_validos":1,"dom_n_total":1,"dom_completude":1.0},"geometry":{"type":"Polygon","coordinates":[[[-51.77102561392899,-29.08632771652351],[-51.77110489273767,-29.077015226409753],[-51.76115489205421,-29.076940866144596],[-51.76107525936751,-29.08625334967374],[-51.77102561392899,-29.08632771652351]]]}},{"type":"Feature","properties":{"id_grade":"1KME5225N8107","pop":9,"dom":3,"universo_dom":"domicilios_ocupados_grade_ibge_2022","na_bacia":1,"area_pct_bacia":100.0,"metodo_recorte_bacia":"ponto_representativo_grade_2022; area_pct_geometrica","status_borda_bacia":"total","metodo_area_bacia":"interseção geométrica em EPSG:5880","metodo_na_bacia":"ponto_representativo_grade_2022_within_bacia","pop_n_validos":1,"pop_n_total":1,"pop_completude":1.0,"dom_n_validos":1,"dom_n_total":1,"dom_completude":1.0},"geometry":{"type":"Polygon","coordinates":[[[-51.76107525936751,-29.08625334967374],[-51.76115489205421,-29.076940866144596],[-51.75120489703507,-29.076866174705778],[-51.75112491047096,-29.08617865162112],[-51.76107525936751,-29.08625334967374]]]}},{"type":"Feature","properties":{"id_grade":"1KME5226N8107","pop":6,"dom":3,"universo_dom":"domicilios_ocupados_grade_ibge_2022","na_bacia":1,"area_pct_bacia":100.0,"metodo_recorte_bacia":"ponto_representativo_grade_2022; area_pct_geometrica","status_borda_bacia":"total","metodo_area_bacia":"interseção geométrica em EPSG:5880","metodo_na_bacia":"ponto_representativo_grade_2022_within_bacia","pop_n_validos":1,"pop_n_total":1,"pop_completude":1.0,"dom_n_validos":1,"dom_n_total":1,"dom_completude":1.0},"geometry":{"type":"Polygon","coordinates":[[[-51.75112491047096,-29.08617865162112],[-51.75120489703507,-29.076866174705778],[-51.741254907705446,-29.076791152094906],[-51.74117456726452,-29.08610362236704],[-51.75112491047096,-29.08617865162112]]]}},{"type":"Feature","properties":{"id_grade":"1KME5227N8107","pop":17,"dom":7,"universo_dom":"domicilios_ocupados_grade_ibge_2022","na_bacia":1,"area_pct_bacia":100.0,"metodo_recorte_bacia":"ponto_representativo_grade_2022; area_pct_geometrica","status_borda_bacia":"total","metodo_area_bacia":"interseção geométrica em EPSG:5880","metodo_na_bacia":"ponto_representativo_grade_2022_within_bacia","pop_n_validos":1,"pop_n_total":1,"pop_completude":1.0,"dom_n_validos":1,"dom_n_total":1,"dom_completude":1.0},"geometry":{"type":"Polygon","coordinates":[[[-51.74117456726452,-29.08610362236704],[-51.741254907705446,-29.076791152094906],[-51.73130492409047,-29.07671579831203],[-51.73122422977336,-29.086028261911608],[-51.74117456726452,-29.08610362236704]]]}},{"type":"Feature","properties":{"id_grade":"1KME5221N8108","pop":12,"dom":5,"universo_dom":"domicilios_ocupados_grade_ibge_2022","na_bacia":1,"area_pct_bacia":100.0,"metodo_recorte_bacia":"ponto_representativo_grade_2022; area_pct_geometrica","status_borda_bacia":"total","metodo_area_bacia":"interseção geométrica em EPSG:5880","metodo_na_bacia":"ponto_representativo_grade_2022_within_bacia","pop_n_validos":1,"pop_n_total":1,"pop_completude":1.0,"dom_n_validos":1,"dom_n_total":1,"dom_completude":1.0},"geometry":{"type":"Polygon","coordinates":[[[-51.800954928522344,-29.077236320159535],[-51.801033140129704,-29.0679243036263],[-51.79108347645892,-29.067850943377888],[-51.791004910996904,-29.077162953418004],[-51.800954928522344,-29.077236320159535]]]}},{"type":"Feature","properties":{"id_grade":"1KME5222N8108","pop":11,"dom":4,"universo_dom":"domicilios_ocupados_grade_ibge_2022","na_bacia":1,"area_pct_bacia":100.0,"metodo_recorte_bacia":"ponto_representativo_grade_2022; area_pct_geometrica","status_borda_bacia":"total","metodo_area_bacia":"interseção geométrica em EPSG:5880","metodo_na_bacia":"ponto_representativo_grade_2022_within_bacia","pop_n_validos":1,"pop_n_total":1,"pop_completude":1.0,"dom_n_validos":1,"dom_n_total":1,"dom_completude":1.0},"geometry":{"type":"Polygon","coordinates":[[[-51.791004910996904,-29.077162953418004],[-51.79108347645892,-29.067850943377888],[-51.781133818376354,-29.06777725198375],[-51.78105489906029,-29.077089255501164],[-51.791004910996904,-29.077162953418004]]]}},{"type":"Feature","properties":{"id_grade":"1KME5223N8108","pop":19,"dom":7,"universo_dom":"domicilios_ocupados_grade_ibge_2022","na_bacia":1,"area_pct_bacia":100.0,"metodo_recorte_bacia":"ponto_representativo_grade_2022; area_pct_geometrica","status_borda_bacia":"total","metodo_area_bacia":"interseção geométrica em EPSG:5880","metodo_na_bacia":"ponto_representativo_grade_2022_within_bacia","pop_n_validos":1,"pop_n_total":1,"pop_completude":1.0,"dom_n_validos":1,"dom_n_total":1,"dom_completude":1.0},"geometry":{"type":"Polygon","coordinates":[[[-51.78105489906029,-29.077089255501164],[-51.781133818376354,-29.06777725198375],[-51.77118416590718,-29.067703229444074],[-51.77110489273767,-29.077015226409753],[-51.78105489906029,-29.077089255501164]]]}},{"type":"Feature","properties":{"id_grade":"1KME5224N8108","pop":38,"dom":16,"universo_dom":"domicilios_ocupados_grade_ibge_2022","na_bacia":1,"area_pct_bacia":100.0,"metodo_recorte_bacia":"ponto_representativo_grade_2022; area_pct_geometrica","status_borda_bacia":"total","metodo_area_bacia":"interseção geométrica em EPSG:5880","metodo_na_bacia":"ponto_representativo_grade_2022_within_bacia","pop_n_validos":1,"pop_n_total":1,"pop_completude":1.0,"dom_n_validos":1,"dom_n_total":1,"dom_completude":1.0},"geometry":{"type":"Polygon","coordinates":[[[-51.77110489273767,-29.077015226409753],[-51.77118416590718,-29.067703229444074],[-51.761234519076574,-29.067628875759766],[-51.76115489205421,-29.076940866144596],[-51.77110489273767,-29.077015226409753]]]}},{"type":"Feature","properties":{"id_grade":"1KME5225N8108","pop":17,"dom":7,"universo_dom":"domicilios_ocupados_grade_ibge_2022","na_bacia":1,"area_pct_bacia":100.0,"metodo_recorte_bacia":"ponto_representativo_grade_2022; area_pct_geometrica","status_borda_bacia":"total","metodo_area_bacia":"interseção geométrica em EPSG:5880","metodo_na_bacia":"ponto_representativo_grade_2022_within_bacia","pop_n_validos":1,"pop_n_total":1,"pop_completude":1.0,"dom_n_validos":1,"dom_n_total":1,"dom_completude":1.0},"geometry":{"type":"Polygon","coordinates":[[[-51.76115489205421,-29.076940866144596],[-51.761234519076574,-29.067628875759766],[-51.75128487790969,-29.067554190931403],[-51.75120489703507,-29.076866174705778],[-51.76115489205421,-29.076940866144596]]]}},{"type":"Feature","properties":{"id_grade":"1KME5226N8108","pop":17,"dom":9,"universo_dom":"domicilios_ocupados_grade_ibge_2022","na_bacia":1,"area_pct_bacia":100.0,"metodo_recorte_bacia":"ponto_representativo_grade_2022; area_pct_geometrica","status_borda_bacia":"total","metodo_area_bacia":"interseção geométrica em EPSG:5880","metodo_na_bacia":"ponto_representativo_grade_2022_within_bacia","pop_n_validos":1,"pop_n_total":1,"pop_completude":1.0,"dom_n_validos":1,"dom_n_total":1,"dom_completude":1.0},"geometry":{"type":"Polygon","coordinates":[[[-51.75120489703507,-29.076866174705778],[-51.75128487790969,-29.067554190931403],[-51.74133524243169,-29.067479174959995],[-51.741254907705446,-29.076791152094906],[-51.75120489703507,-29.076866174705778]]]}},{"type":"Feature","properties":{"id_grade":"1KME5228N8108","pop":3,"dom":2,"universo_dom":"domicilios_ocupados_grade_ibge_2022","na_bacia":1,"area_pct_bacia":100.0,"metodo_recorte_bacia":"ponto_representativo_grade_2022; area_pct_geometrica","status_borda_bacia":"total","metodo_area_bacia":"interseção geométrica em EPSG:5880","metodo_na_bacia":"ponto_representativo_grade_2022_within_bacia","pop_n_validos":1,"pop_n_total":1,"pop_completude":1.0,"dom_n_validos":1,"dom_n_total":1,"dom_completude":1.0},"geometry":{"type":"Polygon","coordinates":[[[-51.73130492409047,-29.07671579831203],[-51.73138561266775,-29.067403827845997],[-51.72143598864304,-29.067328149590278],[-51.72135494621534,-29.07664011335811],[-51.73130492409047,-29.07671579831203]]]}},{"type":"Feature","properties":{"id_grade":"1KME5220N8109","pop":2,"dom":1,"universo_dom":"domicilios_ocupados_grade_ibge_2022","na_bacia":1,"area_pct_bacia":100.0,"metodo_recorte_bacia":"ponto_representativo_grade_2022; area_pct_geometrica","status_borda_bacia":"total","metodo_area_bacia":"interseção geométrica em EPSG:5880","metodo_na_bacia":"ponto_representativo_grade_2022_within_bacia","pop_n_validos":1,"pop_n_total":1,"pop_completude":1.0,"dom_n_validos":1,"dom_n_total":1,"dom_completude":1.0},"geometry":{"type":"Polygon","coordinates":[[[-51.810982809363566,-29.067997332727938],[-51.8110606615778,-29.058685802516006],[-51.80111134617402,-29.058612779874885],[-51.801033140129704,-29.0679243036263],[-51.810982809363566,-29.067997332727938]]]}},{"type":"Feature","properties":{"id_grade":"1KME5221N8109","pop":31,"dom":10,"universo_dom":"domicilios_ocupados_grade_ibge_2022","na_bacia":1,"area_pct_bacia":100.0,"metodo_recorte_bacia":"ponto_representativo_grade_2022; area_pct_geometrica","status_borda_bacia":"total","metodo_area_bacia":"interseção geométrica em EPSG:5880","metodo_na_bacia":"ponto_representativo_grade_2022_within_bacia","pop_n_validos":1,"pop_n_total":1,"pop_completude":1.0,"dom_n_validos":1,"dom_n_total":1,"dom_completude":1.0},"geometry":{"type":"Polygon","coordinates":[[[-51.801033140129704,-29.0679243036263],[-51.80111134617402,-29.058612779874885],[-51.79116203633271,-29.058539426116326],[-51.79108347645892,-29.067850943377888],[-51.801033140129704,-29.0679243036263]]]}},{"type":"Feature","properties":{"id_grade":"1KME5223N8109","pop":43,"dom":16,"universo_dom":"domicilios_ocupados_grade_ibge_2022","na_bacia":1,"area_pct_bacia":100.0,"metodo_recorte_bacia":"ponto_representativo_grade_2022; area_pct_geometrica","status_borda_bacia":"total","metodo_area_bacia":"interseção geométrica em EPSG:5880","metodo_na_bacia":"ponto_representativo_grade_2022_within_bacia","pop_n_validos":1,"pop_n_total":1,"pop_completude":1.0,"dom_n_validos":1,"dom_n_total":1,"dom_completude":1.0},"geometry":{"type":"Polygon","coordinates":[[[-51.781133818376354,-29.06777725198375],[-51.78121273207903,-29.058465741240894],[-51.77126343343814,-29.058391725249543],[-51.77118416590718,-29.067703229444074],[-51.781133818376354,-29.06777725198375]]]}},{"type":"Feature","properties":{"id_grade":"1KME5225N8109","pop":6,"dom":3,"universo_dom":"domicilios_ocupados_grade_ibge_2022","na_bacia":1,"area_pct_bacia":100.0,"metodo_recorte_bacia":"ponto_representativo_grade_2022; area_pct_geometrica","status_borda_bacia":"total","metodo_area_bacia":"interseção geométrica em EPSG:5880","metodo_na_bacia":"ponto_representativo_grade_2022_within_bacia","pop_n_validos":1,"pop_n_total":1,"pop_completude":1.0,"dom_n_validos":1,"dom_n_total":1,"dom_completude":1.0},"geometry":{"type":"Polygon","coordinates":[[[-51.761234519076574,-29.067628875759766],[-51.76131414043522,-29.058317378142824],[-51.75136485309541,-29.058242699921482],[-51.75128487790969,-29.067554190931403],[-51.761234519076574,-29.067628875759766]]]}},{"type":"Feature","properties":{"id_grade":"1KME5226N8109","pop":5,"dom":2,"universo_dom":"domicilios_ocupados_grade_ibge_2022","na_bacia":1,"area_pct_bacia":100.0,"metodo_recorte_bacia":"ponto_representativo_grade_2022; area_pct_geometrica","status_borda_bacia":"total","metodo_area_bacia":"interseção geométrica em EPSG:5880","metodo_na_bacia":"ponto_representativo_grade_2022_within_bacia","pop_n_validos":1,"pop_n_total":1,"pop_completude":1.0,"dom_n_validos":1,"dom_n_total":1,"dom_completude":1.0},"geometry":{"type":"Polygon","coordinates":[[[-51.75128487790969,-29.067554190931403],[-51.75136485309541,-29.058242699921482],[-51.74141557144389,-29.058167690586405],[-51.74133524243169,-29.067479174959995],[-51.75128487790969,-29.067554190931403]]]}},{"type":"Feature","properties":{"id_grade":"1KME5228N8109","pop":5,"dom":2,"universo_dom":"domicilios_ocupados_grade_ibge_2022","na_bacia":1,"area_pct_bacia":100.0,"metodo_recorte_bacia":"ponto_representativo_grade_2022; area_pct_geometrica","status_borda_bacia":"total","metodo_area_bacia":"interseção geométrica em EPSG:5880","metodo_na_bacia":"ponto_representativo_grade_2022_within_bacia","pop_n_validos":1,"pop_n_total":1,"pop_completude":1.0,"dom_n_validos":1,"dom_n_total":1,"dom_completude":1.0},"geometry":{"type":"Polygon","coordinates":[[[-51.73138561266775,-29.067403827845997],[-51.73146629550581,-29.058092350137716],[-51.72151702530635,-29.05801667857664],[-51.72143598864304,-29.067328149590278],[-51.73138561266775,-29.067403827845997]]]}},{"type":"Feature","properties":{"id_grade":"1KME5220N8110","pop":6,"dom":2,"universo_dom":"domicilios_ocupados_grade_ibge_2022","na_bacia":1,"area_pct_bacia":100.0,"metodo_recorte_bacia":"ponto_representativo_grade_2022; area_pct_geometrica","status_borda_bacia":"total","metodo_area_bacia":"interseção geométrica em EPSG:5880","metodo_na_bacia":"ponto_representativo_grade_2022_within_bacia","pop_n_validos":1,"pop_n_total":1,"pop_completude":1.0,"dom_n_validos":1,"dom_n_total":1,"dom_completude":1.0},"geometry":{"type":"Polygon","coordinates":[[[-51.8110606615778,-29.058685802516006],[-51.81113850825472,-29.04937476471305],[-51.801189546655856,-29.04930174852929],[-51.80111134617402,-29.058612779874885],[-51.8110606615778,-29.058685802516006]]]}},{"type":"Feature","properties":{"id_grade":"1KME5221N8110","pop":22,"dom":5,"universo_dom":"domicilios_ocupados_grade_ibge_2022","na_bacia":1,"area_pct_bacia":100.0,"metodo_recorte_bacia":"ponto_representativo_grade_2022; area_pct_geometrica","status_borda_bacia":"total","metodo_area_bacia":"interseção geométrica em EPSG:5880","metodo_na_bacia":"ponto_representativo_grade_2022_within_bacia","pop_n_validos":1,"pop_n_total":1,"pop_completude":1.0,"dom_n_validos":1,"dom_n_total":1,"dom_completude":1.0},"geometry":{"type":"Polygon","coordinates":[[[-51.80111134617402,-29.058612779874885],[-51.801189546655856,-29.04930174852929],[-51.79124059061886,-29.049228401256883],[-51.79116203633271,-29.058539426116326],[-51.80111134617402,-29.058612779874885]]]}},{"type":"Feature","properties":{"id_grade":"1KME5226N8110","pop":36,"dom":11,"universo_dom":"domicilios_ocupados_grade_ibge_2022","na_bacia":1,"area_pct_bacia":100.0,"metodo_recorte_bacia":"ponto_representativo_grade_2022; area_pct_geometrica","status_borda_bacia":"total","metodo_area_bacia":"interseção geométrica em EPSG:5880","metodo_na_bacia":"ponto_representativo_grade_2022_within_bacia","pop_n_validos":1,"pop_n_total":1,"pop_completude":1.0,"dom_n_validos":1,"dom_n_total":1,"dom_completude":1.0},"geometry":{"type":"Polygon","coordinates":[[[-51.75136485309541,-29.058242699921482],[-51.75144482259285,-29.04893170130028],[-51.74149589474264,-29.048856698597397],[-51.74141557144389,-29.058167690586405],[-51.75136485309541,-29.058242699921482]]]}},{"type":"Feature","properties":{"id_grade":"1KME5227N8110","pop":14,"dom":4,"universo_dom":"domicilios_ocupados_grade_ibge_2022","na_bacia":1,"area_pct_bacia":100.0,"metodo_recorte_bacia":"ponto_representativo_grade_2022; area_pct_geometrica","status_borda_bacia":"total","metodo_area_bacia":"interseção geométrica em EPSG:5880","metodo_na_bacia":"ponto_representativo_grade_2022_within_bacia","pop_n_validos":1,"pop_n_total":1,"pop_completude":1.0,"dom_n_validos":1,"dom_n_total":1,"dom_completude":1.0},"geometry":{"type":"Polygon","coordinates":[[[-51.74141557144389,-29.058167690586405],[-51.74149589474264,-29.048856698597397],[-51.73154697260527,-29.04878136481055],[-51.73146629550581,-29.058092350137716],[-51.74141557144389,-29.058167690586405]]]}},{"type":"Feature","properties":{"id_grade":"1KME5228N8110","pop":2,"dom":1,"universo_dom":"domicilios_ocupados_grade_ibge_2022","na_bacia":1,"area_pct_bacia":100.0,"metodo_recorte_bacia":"ponto_representativo_grade_2022; area_pct_geometrica","status_borda_bacia":"total","metodo_area_bacia":"interseção geométrica em EPSG:5880","metodo_na_bacia":"ponto_representativo_grade_2022_within_bacia","pop_n_validos":1,"pop_n_total":1,"pop_completude":1.0,"dom_n_validos":1,"dom_n_total":1,"dom_completude":1.0},"geometry":{"type":"Polygon","coordinates":[[[-51.73146629550581,-29.058092350137716],[-51.73154697260527,-29.04878136481055],[-51.72159805620589,-29.04870569994075],[-51.72151702530635,-29.05801667857664],[-51.73146629550581,-29.058092350137716]]]}},{"type":"Feature","properties":{"id_grade":"1KME5221N8111","pop":12,"dom":7,"universo_dom":"domicilios_ocupados_grade_ibge_2022","na_bacia":1,"area_pct_bacia":100.0,"metodo_recorte_bacia":"ponto_representativo_grade_2022; area_pct_geometrica","status_borda_bacia":"total","metodo_area_bacia":"interseção geométrica em EPSG:5880","metodo_na_bacia":"ponto_representativo_grade_2022_within_bacia","pop_n_validos":1,"pop_n_total":1,"pop_completude":1.0,"dom_n_validos":1,"dom_n_total":1,"dom_completude":1.0},"geometry":{"type":"Polygon","coordinates":[[[-51.801189546655856,-29.04930174852929],[-51.80126774157581,-29.039991209213092],[-51.79131913931798,-29.039917868423665],[-51.79124059061886,-29.049228401256883],[-51.801189546655856,-29.04930174852929]]]}},{"type":"Feature","properties":{"id_grade":"1KME5222N8111","pop":8,"dom":2,"universo_dom":"domicilios_ocupados_grade_ibge_2022","na_bacia":1,"area_pct_bacia":100.0,"metodo_recorte_bacia":"ponto_representativo_grade_2022; area_pct_geometrica","status_borda_bacia":"total","metodo_area_bacia":"interseção geométrica em EPSG:5880","metodo_na_bacia":"ponto_representativo_grade_2022_within_bacia","pop_n_validos":1,"pop_n_total":1,"pop_completude":1.0,"dom_n_validos":1,"dom_n_total":1,"dom_completude":1.0},"geometry":{"type":"Polygon","coordinates":[[[-51.79124059061886,-29.049228401256883],[-51.79131913931798,-29.039917868423665],[-51.781370542646584,-29.0398441965761],[-51.7812916401689,-29.049154722897175],[-51.79124059061886,-29.049228401256883]]]}},{"type":"Feature","properties":{"id_grade":"1KME5223N8111","pop":21,"dom":5,"universo_dom":"domicilios_ocupados_grade_ibge_2022","na_bacia":1,"area_pct_bacia":100.0,"metodo_recorte_bacia":"ponto_representativo_grade_2022; area_pct_geometrica","status_borda_bacia":"total","metodo_area_bacia":"interseção geométrica em EPSG:5880","metodo_na_bacia":"ponto_representativo_grade_2022_within_bacia","pop_n_validos":1,"pop_n_total":1,"pop_completude":1.0,"dom_n_validos":1,"dom_n_total":1,"dom_completude":1.0},"geometry":{"type":"Polygon","coordinates":[[[-51.7812916401689,-29.049154722897175],[-51.781370542646584,-29.0398441965761],[-51.77142195158678,-29.03977019367118],[-51.77134269533114,-29.04908071345084],[-51.7812916401689,-29.049154722897175]]]}},{"type":"Feature","properties":{"id_grade":"1KME5226N8111","pop":3,"dom":1,"universo_dom":"domicilios_ocupados_grade_ibge_2022","na_bacia":1,"area_pct_bacia":100.0,"metodo_recorte_bacia":"ponto_representativo_grade_2022; area_pct_geometrica","status_borda_bacia":"total","metodo_area_bacia":"interseção geométrica em EPSG:5880","metodo_na_bacia":"ponto_representativo_grade_2022_within_bacia","pop_n_validos":1,"pop_n_total":1,"pop_completude":1.0,"dom_n_validos":1,"dom_n_total":1,"dom_completude":1.0},"geometry":{"type":"Polygon","coordinates":[[[-51.75144482259285,-29.04893170130028],[-51.75152478640261,-29.039621194690913],[-51.74157621232855,-29.039546198617508],[-51.74149589474264,-29.048856698597397],[-51.75144482259285,-29.04893170130028]]]}},{"type":"Feature","properties":{"id_grade":"1KME5228N8111","pop":1,"dom":1,"universo_dom":"domicilios_ocupados_grade_ibge_2022","na_bacia":1,"area_pct_bacia":100.0,"metodo_recorte_bacia":"ponto_representativo_grade_2022; area_pct_geometrica","status_borda_bacia":"total","metodo_area_bacia":"interseção geométrica em EPSG:5880","metodo_na_bacia":"ponto_representativo_grade_2022_within_bacia","pop_n_validos":1,"pop_n_total":1,"pop_completude":1.0,"dom_n_validos":1,"dom_n_total":1,"dom_completude":1.0},"geometry":{"type":"Polygon","coordinates":[[[-51.73154697260527,-29.04878136481055],[-51.731627643966725,-29.03947087148901],[-51.72167908134228,-29.039395213306623],[-51.72159805620589,-29.04870569994075],[-51.73154697260527,-29.04878136481055]]]}},{"type":"Feature","properties":{"id_grade":"1KME5229N8111","pop":5,"dom":3,"universo_dom":"domicilios_ocupados_grade_ibge_2022","na_bacia":1,"area_pct_bacia":100.0,"metodo_recorte_bacia":"ponto_representativo_grade_2022; area_pct_geometrica","status_borda_bacia":"total","metodo_area_bacia":"interseção geométrica em EPSG:5880","metodo_na_bacia":"ponto_representativo_grade_2022_within_bacia","pop_n_validos":1,"pop_n_total":1,"pop_completude":1.0,"dom_n_validos":1,"dom_n_total":1,"dom_completude":1.0},"geometry":{"type":"Polygon","coordinates":[[[-51.72159805620589,-29.04870569994075],[-51.72167908134228,-29.039395213306623],[-51.71173052448037,-29.039319224070915],[-51.71164914556967,-29.04862970398803],[-51.72159805620589,-29.04870569994075]]]}},{"type":"Feature","properties":{"id_grade":"1KME5220N8112","pop":12,"dom":3,"universo_dom":"domicilios_ocupados_grade_ibge_2022","na_bacia":1,"area_pct_bacia":100.0,"metodo_recorte_bacia":"ponto_representativo_grade_2022; area_pct_geometrica","status_borda_bacia":"total","metodo_area_bacia":"interseção geométrica em EPSG:5880","metodo_na_bacia":"ponto_representativo_grade_2022_within_bacia","pop_n_validos":1,"pop_n_total":1,"pop_completude":1.0,"dom_n_validos":1,"dom_n_total":1,"dom_completude":1.0},"geometry":{"type":"Polygon","coordinates":[[[-51.81121634939493,-29.040064218943275],[-51.81129418499902,-29.03075416483049],[-51.801345930934495,-29.030681161550433],[-51.80126774157581,-29.039991209213092],[-51.81121634939493,-29.040064218943275]]]}},{"type":"Feature","properties":{"id_grade":"1KME5221N8112","pop":12,"dom":5,"universo_dom":"domicilios_ocupados_grade_ibge_2022","na_bacia":1,"area_pct_bacia":100.0,"metodo_recorte_bacia":"ponto_representativo_grade_2022; area_pct_geometrica","status_borda_bacia":"total","metodo_area_bacia":"interseção geométrica em EPSG:5880","metodo_na_bacia":"ponto_representativo_grade_2022_within_bacia","pop_n_validos":1,"pop_n_total":1,"pop_completude":1.0,"dom_n_validos":1,"dom_n_total":1,"dom_completude":1.0},"geometry":{"type":"Polygon","coordinates":[[[-51.80126774157581,-29.039991209213092],[-51.801345930934495,-29.030681161550433],[-51.791397682430656,-29.03060782724063],[-51.79131913931798,-29.039917868423665],[-51.80126774157581,-29.039991209213092]]]}},{"type":"Feature","properties":{"id_grade":"1KME5222N8112","pop":13,"dom":5,"universo_dom":"domicilios_ocupados_grade_ibge_2022","na_bacia":1,"area_pct_bacia":100.0,"metodo_recorte_bacia":"ponto_representativo_grade_2022; area_pct_geometrica","status_borda_bacia":"total","metodo_area_bacia":"interseção geométrica em EPSG:5880","metodo_na_bacia":"ponto_representativo_grade_2022_within_bacia","pop_n_validos":1,"pop_n_total":1,"pop_completude":1.0,"dom_n_validos":1,"dom_n_total":1,"dom_completude":1.0},"geometry":{"type":"Polygon","coordinates":[[[-51.79131913931798,-29.039917868423665],[-51.791397682430656,-29.03060782724063],[-51.78144943951266,-29.03053416190187],[-51.781370542646584,-29.0398441965761],[-51.79131913931798,-29.039917868423665]]]}},{"type":"Feature","properties":{"id_grade":"1KME5223N8112","pop":21,"dom":9,"universo_dom":"domicilios_ocupados_grade_ibge_2022","na_bacia":1,"area_pct_bacia":100.0,"metodo_recorte_bacia":"ponto_representativo_grade_2022; area_pct_geometrica","status_borda_bacia":"total","metodo_area_bacia":"interseção geométrica em EPSG:5880","metodo_na_bacia":"ponto_representativo_grade_2022_within_bacia","pop_n_validos":1,"pop_n_total":1,"pop_completude":1.0,"dom_n_validos":1,"dom_n_total":1,"dom_completude":1.0},"geometry":{"type":"Polygon","coordinates":[[[-51.781370542646584,-29.0398441965761],[-51.78144943951266,-29.03053416190187],[-51.77150120220568,-29.030460165534755],[-51.77142195158678,-29.03977019367118],[-51.781370542646584,-29.0398441965761]]]}},{"type":"Feature","properties":{"id_grade":"1KME5225N8112","pop":7,"dom":3,"universo_dom":"domicilios_ocupados_grade_ibge_2022","na_bacia":1,"area_pct_bacia":100.0,"metodo_recorte_bacia":"ponto_representativo_grade_2022; area_pct_geometrica","status_borda_bacia":"total","metodo_area_bacia":"interseção geométrica em EPSG:5880","metodo_na_bacia":"ponto_representativo_grade_2022_within_bacia","pop_n_validos":1,"pop_n_total":1,"pop_completude":1.0,"dom_n_validos":1,"dom_n_total":1,"dom_completude":1.0},"geometry":{"type":"Polygon","coordinates":[[[-51.76147336616375,-29.03969585970923],[-51.76155297053483,-29.030385838139786],[-51.75160474452531,-29.030311179718172],[-51.75152478640261,-29.039621194690913],[-51.76147336616375,-29.03969585970923]]]}},{"type":"Feature","properties":{"id_grade":"1KME5226N8112","pop":15,"dom":5,"universo_dom":"domicilios_ocupados_grade_ibge_2022","na_bacia":1,"area_pct_bacia":100.0,"metodo_recorte_bacia":"ponto_representativo_grade_2022; area_pct_geometrica","status_borda_bacia":"total","metodo_area_bacia":"interseção geométrica em EPSG:5880","metodo_na_bacia":"ponto_representativo_grade_2022_within_bacia","pop_n_validos":1,"pop_n_total":1,"pop_completude":1.0,"dom_n_validos":1,"dom_n_total":1,"dom_completude":1.0},"geometry":{"type":"Polygon","coordinates":[[[-51.75152478640261,-29.039621194690913],[-51.75160474452531,-29.030311179718172],[-51.741656524202234,-29.030236190270493],[-51.74157621232855,-29.039546198617508],[-51.75152478640261,-29.039621194690913]]]}},{"type":"Feature","properties":{"id_grade":"1KME5222N8113","pop":21,"dom":7,"universo_dom":"domicilios_ocupados_grade_ibge_2022","na_bacia":1,"area_pct_bacia":100.0,"metodo_recorte_bacia":"ponto_representativo_grade_2022; area_pct_geometrica","status_borda_bacia":"total","metodo_area_bacia":"interseção geométrica em EPSG:5880","metodo_na_bacia":"ponto_representativo_grade_2022_within_bacia","pop_n_validos":1,"pop_n_total":1,"pop_completude":1.0,"dom_n_validos":1,"dom_n_total":1,"dom_completude":1.0},"geometry":{"type":"Polygon","coordinates":[[[-51.791397682430656,-29.03060782724063],[-51.791476219957495,-29.021298277332303],[-51.781528330767756,-29.021224618498817],[-51.78144943951266,-29.03053416190187],[-51.791397682430656,-29.03060782724063]]]}},{"type":"Feature","properties":{"id_grade":"1KME5223N8113","pop":4,"dom":2,"universo_dom":"domicilios_ocupados_grade_ibge_2022","na_bacia":1,"area_pct_bacia":100.0,"metodo_recorte_bacia":"ponto_representativo_grade_2022; area_pct_geometrica","status_borda_bacia":"total","metodo_area_bacia":"interseção geométrica em EPSG:5880","metodo_na_bacia":"ponto_representativo_grade_2022_within_bacia","pop_n_validos":1,"pop_n_total":1,"pop_completude":1.0,"dom_n_validos":1,"dom_n_total":1,"dom_completude":1.0},"geometry":{"type":"Polygon","coordinates":[[[-51.78144943951266,-29.03053416190187],[-51.781528330767756,-29.021224618498817],[-51.77158044718841,-29.021150628666135],[-51.77150120220568,-29.030460165534755],[-51.78144943951266,-29.03053416190187]]]}},{"type":"Feature","properties":{"id_grade":"1KME5224N8113","pop":28,"dom":9,"universo_dom":"domicilios_ocupados_grade_ibge_2022","na_bacia":1,"area_pct_bacia":100.0,"metodo_recorte_bacia":"ponto_representativo_grade_2022; area_pct_geometrica","status_borda_bacia":"total","metodo_area_bacia":"interseção geométrica em EPSG:5880","metodo_na_bacia":"ponto_representativo_grade_2022_within_bacia","pop_n_validos":1,"pop_n_total":1,"pop_completude":1.0,"dom_n_validos":1,"dom_n_total":1,"dom_completude":1.0},"geometry":{"type":"Polygon","coordinates":[[[-51.77150120220568,-29.030460165534755],[-51.77158044718841,-29.021150628666135],[-51.76163256924462,-29.0210763078351],[-51.76155297053483,-29.030385838139786],[-51.77150120220568,-29.030460165534755]]]}},{"type":"Feature","properties":{"id_grade":"1KME5225N8113","pop":24,"dom":10,"universo_dom":"domicilios_ocupados_grade_ibge_2022","na_bacia":1,"area_pct_bacia":100.0,"metodo_recorte_bacia":"ponto_representativo_grade_2022; area_pct_geometrica","status_borda_bacia":"total","metodo_area_bacia":"interseção geométrica em EPSG:5880","metodo_na_bacia":"ponto_representativo_grade_2022_within_bacia","pop_n_validos":1,"pop_n_total":1,"pop_completude":1.0,"dom_n_validos":1,"dom_n_total":1,"dom_completude":1.0},"geometry":{"type":"Polygon","coordinates":[[[-51.76155297053483,-29.030385838139786],[-51.76163256924462,-29.0210763078351],[-51.75168469696153,-29.02100165600625],[-51.75160474452531,-29.030311179718172],[-51.76155297053483,-29.030385838139786]]]}},{"type":"Feature","properties":{"id_grade":"1KME5226N8113","pop":9,"dom":4,"universo_dom":"domicilios_ocupados_grade_ibge_2022","na_bacia":1,"area_pct_bacia":100.0,"metodo_recorte_bacia":"ponto_representativo_grade_2022; area_pct_geometrica","status_borda_bacia":"total","metodo_area_bacia":"interseção geométrica em EPSG:5880","metodo_na_bacia":"ponto_representativo_grade_2022_within_bacia","pop_n_validos":1,"pop_n_total":1,"pop_completude":1.0,"dom_n_validos":1,"dom_n_total":1,"dom_completude":1.0},"geometry":{"type":"Polygon","coordinates":[[[-51.75160474452531,-29.030311179718172],[-51.75168469696153,-29.02100165600625],[-51.7417368303643,-29.02092667318046],[-51.741656524202234,-29.030236190270493],[-51.75160474452531,-29.030311179718172]]]}},{"type":"Feature","properties":{"id_grade":"1KME5227N8113","pop":5,"dom":1,"universo_dom":"domicilios_ocupados_grade_ibge_2022","na_bacia":1,"area_pct_bacia":100.0,"metodo_recorte_bacia":"ponto_representativo_grade_2022; area_pct_geometrica","status_borda_bacia":"total","metodo_area_bacia":"interseção geométrica em EPSG:5880","metodo_na_bacia":"ponto_representativo_grade_2022_within_bacia","pop_n_validos":1,"pop_n_total":1,"pop_completude":1.0,"dom_n_validos":1,"dom_n_total":1,"dom_completude":1.0},"geometry":{"type":"Polygon","coordinates":[[[-51.741656524202234,-29.030236190270493],[-51.7417368303643,-29.02092667318046],[-51.73178896947809,-29.020851359358094],[-51.731708309590786,-29.030160869796667],[-51.741656524202234,-29.030236190270493]]]}},{"type":"Feature","properties":{"id_grade":"1KME5222N8114","pop":32,"dom":12,"universo_dom":"domicilios_ocupados_grade_ibge_2022","na_bacia":1,"area_pct_bacia":100.0,"metodo_recorte_bacia":"ponto_representativo_grade_2022; area_pct_geometrica","status_borda_bacia":"total","metodo_area_bacia":"interseção geométrica em EPSG:5880","metodo_na_bacia":"ponto_representativo_grade_2022_within_bacia","pop_n_validos":1,"pop_n_total":1,"pop_completude":1.0,"dom_n_validos":1,"dom_n_total":1,"dom_completude":1.0},"geometry":{"type":"Polygon","coordinates":[[[-51.791476219957495,-29.021298277332303],[-51.791554751899085,-29.01198921832313],[-51.78160721641244,-29.011915565991643],[-51.781528330767756,-29.021224618498817],[-51.791476219957495,-29.021298277332303]]]}},{"type":"Feature","properties":{"id_grade":"1KME5223N8114","pop":36,"dom":15,"universo_dom":"domicilios_ocupados_grade_ibge_2022","na_bacia":1,"area_pct_bacia":100.0,"metodo_recorte_bacia":"ponto_representativo_grade_2022; area_pct_geometrica","status_borda_bacia":"total","metodo_area_bacia":"interseção geométrica em EPSG:5880","metodo_na_bacia":"ponto_representativo_grade_2022_within_bacia","pop_n_validos":1,"pop_n_total":1,"pop_completude":1.0,"dom_n_validos":1,"dom_n_total":1,"dom_completude":1.0},"geometry":{"type":"Polygon","coordinates":[[[-51.781528330767756,-29.021224618498817],[-51.78160721641244,-29.011915565991643],[-51.7716596865356,-29.011841582689893],[-51.77158044718841,-29.021150628666135],[-51.781528330767756,-29.021224618498817]]]}},{"type":"Feature","properties":{"id_grade":"1KME5224N8114","pop":7,"dom":3,"universo_dom":"domicilios_ocupados_grade_ibge_2022","na_bacia":1,"area_pct_bacia":100.0,"metodo_recorte_bacia":"ponto_representativo_grade_2022; area_pct_geometrica","status_borda_bacia":"total","metodo_area_bacia":"interseção geométrica em EPSG:5880","metodo_na_bacia":"ponto_representativo_grade_2022_within_bacia","pop_n_validos":1,"pop_n_total":1,"pop_completude":1.0,"dom_n_validos":1,"dom_n_total":1,"dom_completude":1.0},"geometry":{"type":"Polygon","coordinates":[[[-51.77158044718841,-29.021150628666135],[-51.7716596865356,-29.011841582689893],[-51.7617121622937,-29.011767268418964],[-51.76163256924462,-29.0210763078351],[-51.77158044718841,-29.021150628666135]]]}},{"type":"Feature","properties":{"id_grade":"1KME5225N8114","pop":1,"dom":1,"universo_dom":"domicilios_ocupados_grade_ibge_2022","na_bacia":1,"area_pct_bacia":100.0,"metodo_recorte_bacia":"ponto_representativo_grade_2022; area_pct_geometrica","status_borda_bacia":"total","metodo_area_bacia":"interseção geométrica em EPSG:5880","metodo_na_bacia":"ponto_representativo_grade_2022_within_bacia","pop_n_validos":1,"pop_n_total":1,"pop_completude":1.0,"dom_n_validos":1,"dom_n_total":1,"dom_completude":1.0},"geometry":{"type":"Polygon","coordinates":[[[-51.76163256924462,-29.0210763078351],[-51.7617121622937,-29.011767268418964],[-51.7517646437119,-29.011692623179684],[-51.75168469696153,-29.02100165600625],[-51.76163256924462,-29.0210763078351]]]}},{"type":"Feature","properties":{"id_grade":"1KME5226N8114","pop":8,"dom":3,"universo_dom":"domicilios_ocupados_grade_ibge_2022","na_bacia":1,"area_pct_bacia":100.0,"metodo_recorte_bacia":"ponto_representativo_grade_2022; area_pct_geometrica","status_borda_bacia":"total","metodo_area_bacia":"interseção geométrica em EPSG:5880","metodo_na_bacia":"ponto_representativo_grade_2022_within_bacia","pop_n_validos":1,"pop_n_total":1,"pop_completude":1.0,"dom_n_validos":1,"dom_n_total":1,"dom_completude":1.0},"geometry":{"type":"Polygon","coordinates":[[[-51.75168469696153,-29.02100165600625],[-51.7517646437119,-29.011692623179684],[-51.741817130815356,-29.011617646972475],[-51.7417368303643,-29.02092667318046],[-51.75168469696153,-29.02100165600625]]]}},{"type":"Feature","properties":{"id_grade":"1KME5222N8115","pop":3,"dom":1,"universo_dom":"domicilios_ocupados_grade_ibge_2022","na_bacia":1,"area_pct_bacia":100.0,"metodo_recorte_bacia":"ponto_representativo_grade_2022; area_pct_geometrica","status_borda_bacia":"total","metodo_area_bacia":"interseção geométrica em EPSG:5880","metodo_na_bacia":"ponto_representativo_grade_2022_within_bacia","pop_n_validos":1,"pop_n_total":1,"pop_completude":1.0,"dom_n_validos":1,"dom_n_total":1,"dom_completude":1.0},"geometry":{"type":"Polygon","coordinates":[[[-51.791554751899085,-29.01198921832313],[-51.79163327825602,-29.002680649837977],[-51.78168609644732,-29.002607004004673],[-51.78160721641244,-29.011915565991643],[-51.791554751899085,-29.01198921832313]]]}},{"type":"Feature","properties":{"id_grade":"1KME5225N8115","pop":5,"dom":2,"universo_dom":"domicilios_ocupados_grade_ibge_2022","na_bacia":1,"area_pct_bacia":100.0,"metodo_recorte_bacia":"ponto_representativo_grade_2022; area_pct_geometrica","status_borda_bacia":"total","metodo_area_bacia":"interseção geométrica em EPSG:5880","metodo_na_bacia":"ponto_representativo_grade_2022_within_bacia","pop_n_validos":1,"pop_n_total":1,"pop_completude":1.0,"dom_n_validos":1,"dom_n_total":1,"dom_completude":1.0},"geometry":{"type":"Polygon","coordinates":[[[-51.7617121622937,-29.011767268418964],[-51.76179174968267,-29.00245871951679],[-51.751844584777025,-29.002384080863237],[-51.7517646437119,-29.011692623179684],[-51.7617121622937,-29.011767268418964]]]}},{"type":"Feature","properties":{"id_grade":"1KME5225N8116","pop":11,"dom":4,"universo_dom":"domicilios_ocupados_grade_ibge_2022","na_bacia":1,"area_pct_bacia":100.0,"metodo_recorte_bacia":"ponto_representativo_grade_2022; area_pct_geometrica","status_borda_bacia":"total","metodo_area_bacia":"interseção geométrica em EPSG:5880","metodo_na_bacia":"ponto_representativo_grade_2022_within_bacia","pop_n_validos":1,"pop_n_total":1,"pop_completude":1.0,"dom_n_validos":1,"dom_n_total":1,"dom_completude":1.0},"geometry":{"type":"Polygon","coordinates":[[[-51.76179174968267,-29.00245871951679],[-51.761871331412145,-28.993150660752896],[-51.751924520157495,-28.993076028681845],[-51.751844584777025,-29.002384080863237],[-51.76179174968267,-29.00245871951679]]]}},{"type":"Feature","properties":{"id_grade":"1KME5226N8116","pop":6,"dom":2,"universo_dom":"domicilios_ocupados_grade_ibge_2022","na_bacia":1,"area_pct_bacia":100.0,"metodo_recorte_bacia":"ponto_representativo_grade_2022; area_pct_geometrica","status_borda_bacia":"total","metodo_area_bacia":"interseção geométrica em EPSG:5880","metodo_na_bacia":"ponto_representativo_grade_2022_within_bacia","pop_n_validos":1,"pop_n_total":1,"pop_completude":1.0,"dom_n_validos":1,"dom_n_total":1,"dom_completude":1.0},"geometry":{"type":"Polygon","coordinates":[[[-51.751844584777025,-29.002384080863237],[-51.751924520157495,-28.993076028681845],[-51.74197771458689,-28.993001065701378],[-51.74189742555602,-29.0023091112711],[-51.751844584777025,-29.002384080863237]]]}},{"type":"Feature","properties":{"id_grade":"200ME52204N81142","pop":5,"dom":2,"universo_dom":"domicilios_ocupados_grade_ibge_2022","na_bacia":1,"area_pct_bacia":100.0,"metodo_recorte_bacia":"ponto_representativo_grade_2022; area_pct_geometrica","status_borda_bacia":"total","metodo_area_bacia":"interseção geométrica em EPSG:5880","metodo_na_bacia":"ponto_representativo_grade_2022_within_bacia","pop_n_validos":1,"pop_n_total":1,"pop_completude":1.0,"dom_n_validos":1,"dom_n_total":1,"dom_completude":1.0},"geometry":{"type":"Polygon","coordinates":[[[-51.80739285419685,-29.02141544296825],[-51.807408447541775,-29.019553590026153],[-51.80541888187588,-29.019538990432057],[-51.805403274141725,-29.02140084337418],[-51.80739285419685,-29.02141544296825]]]}},{"type":"Feature","properties":{"id_grade":"200ME52206N81142","pop":2,"dom":1,"universo_dom":"domicilios_ocupados_grade_ibge_2022","na_bacia":1,"area_pct_bacia":100.0,"metodo_recorte_bacia":"ponto_representativo_grade_2022; area_pct_geometrica","status_borda_bacia":"total","metodo_area_bacia":"interseção geométrica em EPSG:5880","metodo_na_bacia":"ponto_representativo_grade_2022_within_bacia","pop_n_validos":1,"pop_n_total":1,"pop_completude":1.0,"dom_n_validos":1,"dom_n_total":1,"dom_completude":1.0},"geometry":{"type":"Polygon","coordinates":[[[-51.805403274141725,-29.02140084337418],[-51.80541888187588,-29.019538990432057],[-51.803429316209936,-29.01952437824746],[-51.80341369408666,-29.021386231189574],[-51.805403274141725,-29.02140084337418]]]}},{"type":"Feature","properties":{"id_grade":"200ME52202N81144","pop":2,"dom":1,"universo_dom":"domicilios_ocupados_grade_ibge_2022","na_bacia":1,"area_pct_bacia":100.0,"metodo_recorte_bacia":"ponto_representativo_grade_2022; area_pct_geometrica","status_borda_bacia":"total","metodo_area_bacia":"interseção geométrica em EPSG:5880","metodo_na_bacia":"ponto_representativo_grade_2022_within_bacia","pop_n_validos":1,"pop_n_total":1,"pop_completude":1.0,"dom_n_validos":1,"dom_n_total":1,"dom_completude":1.0},"geometry":{"type":"Polygon","coordinates":[[[-51.809398014107046,-29.019568176130445],[-51.80941359306279,-29.017706342073936],[-51.80742404178608,-29.017691755969725],[-51.807408447541775,-29.019553590026153],[-51.809398014107046,-29.019568176130445]]]}},{"type":"Feature","properties":{"id_grade":"200ME52200N81146","pop":2,"dom":1,"universo_dom":"domicilios_ocupados_grade_ibge_2022","na_bacia":1,"area_pct_bacia":100.0,"metodo_recorte_bacia":"ponto_representativo_grade_2022; area_pct_geometrica","status_borda_bacia":"total","metodo_area_bacia":"interseção geométrica em EPSG:5880","metodo_na_bacia":"ponto_representativo_grade_2022_within_bacia","pop_n_validos":1,"pop_n_total":1,"pop_completude":1.0,"dom_n_validos":1,"dom_n_total":1,"dom_completude":1.0},"geometry":{"type":"Polygon","coordinates":[[[-51.8114031452389,-29.017720914688468],[-51.81141871070491,-29.015859099517762],[-51.80942917201861,-29.015844527802674],[-51.80941359306279,-29.017706342073936],[-51.8114031452389,-29.017720914688468]]]}},{"type":"Feature","properties":{"id_grade":"200ME52216N81132","pop":3,"dom":1,"universo_dom":"domicilios_ocupados_grade_ibge_2022","na_bacia":1,"area_pct_bacia":100.0,"metodo_recorte_bacia":"ponto_representativo_grade_2022; area_pct_geometrica","status_borda_bacia":"total","metodo_area_bacia":"interseção geométrica em EPSG:5880","metodo_na_bacia":"ponto_representativo_grade_2022_within_bacia","pop_n_validos":1,"pop_n_total":1,"pop_completude":1.0,"dom_n_validos":1,"dom_n_total":1,"dom_completude":1.0},"geometry":{"type":"Polygon","coordinates":[[[-51.79537698086295,-29.030637200946114],[-51.79539266054281,-29.02877525087701],[-51.79340302562906,-29.02876057124332],[-51.79338733156005,-29.03062252041291],[-51.79537698086295,-29.030637200946114]]]}},{"type":"Feature","properties":{"id_grade":"200ME52218N81132","pop":6,"dom":2,"universo_dom":"domicilios_ocupados_grade_ibge_2022","na_bacia":1,"area_pct_bacia":100.0,"metodo_recorte_bacia":"ponto_representativo_grade_2022; area_pct_geometrica","status_borda_bacia":"total","metodo_area_bacia":"interseção geométrica em EPSG:5880","metodo_na_bacia":"ponto_representativo_grade_2022_within_bacia","pop_n_validos":1,"pop_n_total":1,"pop_completude":1.0,"dom_n_validos":1,"dom_n_total":1,"dom_completude":1.0},"geometry":{"type":"Polygon","coordinates":[[[-51.79338733156005,-29.03062252041291],[-51.79340302562906,-29.02876057124332],[-51.79141339071538,-29.02874587811972],[-51.791397682257184,-29.030607827289362],[-51.79338733156005,-29.03062252041291]]]}},{"type":"Feature","properties":{"id_grade":"200ME52218N81134","pop":5,"dom":2,"universo_dom":"domicilios_ocupados_grade_ibge_2022","na_bacia":1,"area_pct_bacia":100.0,"metodo_recorte_bacia":"ponto_representativo_grade_2022; area_pct_geometrica","status_borda_bacia":"total","metodo_area_bacia":"interseção geométrica em EPSG:5880","metodo_na_bacia":"ponto_representativo_grade_2022_within_bacia","pop_n_validos":1,"pop_n_total":1,"pop_completude":1.0,"dom_n_validos":1,"dom_n_total":1,"dom_completude":1.0},"geometry":{"type":"Polygon","coordinates":[[[-51.79340302562906,-29.02876057124332],[-51.79341871879882,-29.02689864095952],[-51.79142909827425,-29.026883948735218],[-51.79141339071538,-29.02874587811972],[-51.79340302562906,-29.02876057124332]]]}},{"type":"Feature","properties":{"id_grade":"200ME52216N81136","pop":6,"dom":1,"universo_dom":"domicilios_ocupados_grade_ibge_2022","na_bacia":1,"area_pct_bacia":100.0,"metodo_recorte_bacia":"ponto_representativo_grade_2022; area_pct_geometrica","status_borda_bacia":"total","metodo_area_bacia":"interseção geométrica em EPSG:5880","metodo_na_bacia":"ponto_representativo_grade_2022_within_bacia","pop_n_validos":1,"pop_n_total":1,"pop_completude":1.0,"dom_n_validos":1,"dom_n_total":1,"dom_completude":1.0},"geometry":{"type":"Polygon","coordinates":[[[-51.79540834022271,-29.026913320593234],[-51.795424019902555,-29.02505141009448],[-51.79343441286784,-29.025036731360014],[-51.79341871879882,-29.02689864095952],[-51.79540834022271,-29.026913320593234]]]}},{"type":"Feature","properties":{"id_grade":"200ME52214N81138","pop":2,"dom":1,"universo_dom":"domicilios_ocupados_grade_ibge_2022","na_bacia":1,"area_pct_bacia":100.0,"metodo_recorte_bacia":"ponto_representativo_grade_2022; area_pct_geometrica","status_borda_bacia":"total","metodo_area_bacia":"interseção geométrica em EPSG:5880","metodo_na_bacia":"ponto_representativo_grade_2022_within_bacia","pop_n_validos":1,"pop_n_total":1,"pop_completude":1.0,"dom_n_validos":1,"dom_n_total":1,"dom_completude":1.0},"geometry":{"type":"Polygon","coordinates":[[[-51.79741362693727,-29.025066076238407],[-51.79742929132869,-29.02320418552468],[-51.79543969868308,-29.023189519380765],[-51.795424019902555,-29.02505141009448],[-51.79741362693727,-29.025066076238407]]]}},{"type":"Feature","properties":{"id_grade":"200ME52218N81138","pop":7,"dom":2,"universo_dom":"domicilios_ocupados_grade_ibge_2022","na_bacia":1,"area_pct_bacia":100.0,"metodo_recorte_bacia":"ponto_representativo_grade_2022; area_pct_geometrica","status_borda_bacia":"total","metodo_area_bacia":"interseção geométrica em EPSG:5880","metodo_na_bacia":"ponto_representativo_grade_2022_within_bacia","pop_n_validos":1,"pop_n_total":1,"pop_completude":1.0,"dom_n_validos":1,"dom_n_total":1,"dom_completude":1.0},"geometry":{"type":"Polygon","coordinates":[[[-51.79343441286784,-29.025036731360014],[-51.79345010513822,-29.02317484064632],[-51.79146051249263,-29.02316014842209],[-51.791444805833066,-29.02502203823643],[-51.79343441286784,-29.025036731360014]]]}},{"type":"Feature","properties":{"id_grade":"200ME52214N81140","pop":5,"dom":2,"universo_dom":"domicilios_ocupados_grade_ibge_2022","na_bacia":1,"area_pct_bacia":100.0,"metodo_recorte_bacia":"ponto_representativo_grade_2022; area_pct_geometrica","status_borda_bacia":"total","metodo_area_bacia":"interseção geométrica em EPSG:5880","metodo_na_bacia":"ponto_representativo_grade_2022_within_bacia","pop_n_validos":1,"pop_n_total":1,"pop_completude":1.0,"dom_n_validos":1,"dom_n_total":1,"dom_completude":1.0},"geometry":{"type":"Polygon","coordinates":[[[-51.79742929132869,-29.02320418552468],[-51.797444955720096,-29.021342313696877],[-51.79545537746366,-29.021327648452143],[-51.79543969868308,-29.023189519380765],[-51.79742929132869,-29.02320418552468]]]}},{"type":"Feature","properties":{"id_grade":"200ME52216N81140","pop":12,"dom":3,"universo_dom":"domicilios_ocupados_grade_ibge_2022","na_bacia":1,"area_pct_bacia":100.0,"metodo_recorte_bacia":"ponto_representativo_grade_2022; area_pct_geometrica","status_borda_bacia":"total","metodo_area_bacia":"interseção geométrica em EPSG:5880","metodo_na_bacia":"ponto_representativo_grade_2022_within_bacia","pop_n_validos":1,"pop_n_total":1,"pop_completude":1.0,"dom_n_validos":1,"dom_n_total":1,"dom_completude":1.0},"geometry":{"type":"Polygon","coordinates":[[[-51.79543969868308,-29.023189519380765],[-51.79545537746366,-29.021327648452143],[-51.79346579830792,-29.021312969717666],[-51.79345010513822,-29.02317484064632],[-51.79543969868308,-29.023189519380765]]]}},{"type":"Feature","properties":{"id_grade":"200ME52210N81142","pop":2,"dom":1,"universo_dom":"domicilios_ocupados_grade_ibge_2022","na_bacia":1,"area_pct_bacia":100.0,"metodo_recorte_bacia":"ponto_representativo_grade_2022; area_pct_geometrica","status_borda_bacia":"total","metodo_area_bacia":"interseção geométrica em EPSG:5880","metodo_na_bacia":"ponto_representativo_grade_2022_within_bacia","pop_n_validos":1,"pop_n_total":1,"pop_completude":1.0,"dom_n_validos":1,"dom_n_total":1,"dom_completude":1.0},"geometry":{"type":"Polygon","coordinates":[[[-51.8014241149309,-29.021371605515117],[-51.801439750544034,-29.019509752572933],[-51.7994501857774,-29.019495114308068],[-51.799434535775156,-29.021356966350933],[-51.8014241149309,-29.021371605515117]]]}},{"type":"Feature","properties":{"id_grade":"200ME52212N81142","pop":5,"dom":3,"universo_dom":"domicilios_ocupados_grade_ibge_2022","na_bacia":1,"area_pct_bacia":100.0,"metodo_recorte_bacia":"ponto_representativo_grade_2022; area_pct_geometrica","status_borda_bacia":"total","metodo_area_bacia":"interseção geométrica em EPSG:5880","metodo_na_bacia":"ponto_representativo_grade_2022_within_bacia","pop_n_validos":1,"pop_n_total":1,"pop_completude":1.0,"dom_n_validos":1,"dom_n_total":1,"dom_completude":1.0},"geometry":{"type":"Polygon","coordinates":[[[-51.799434535775156,-29.021356966350933],[-51.7994501857774,-29.019495114308068],[-51.7974606201115,-29.01948046165391],[-51.797444955720096,-29.021342313696877],[-51.799434535775156,-29.021356966350933]]]}},{"type":"Feature","properties":{"id_grade":"200ME52214N81142","pop":3,"dom":2,"universo_dom":"domicilios_ocupados_grade_ibge_2022","na_bacia":1,"area_pct_bacia":100.0,"metodo_recorte_bacia":"ponto_representativo_grade_2022; area_pct_geometrica","status_borda_bacia":"total","metodo_area_bacia":"interseção geométrica em EPSG:5880","metodo_na_bacia":"ponto_representativo_grade_2022_within_bacia","pop_n_validos":1,"pop_n_total":1,"pop_completude":1.0,"dom_n_validos":1,"dom_n_total":1,"dom_completude":1.0},"geometry":{"type":"Polygon","coordinates":[[[-51.797444955720096,-29.021342313696877],[-51.7974606201115,-29.01948046165391],[-51.795471055344876,-29.019465796409357],[-51.79545537746366,-29.021327648452143],[-51.797444955720096,-29.021342313696877]]]}},{"type":"Feature","properties":{"id_grade":"200ME52216N81142","pop":12,"dom":3,"universo_dom":"domicilios_ocupados_grade_ibge_2022","na_bacia":1,"area_pct_bacia":100.0,"metodo_recorte_bacia":"ponto_representativo_grade_2022; area_pct_geometrica","status_borda_bacia":"total","metodo_area_bacia":"interseção geométrica em EPSG:5880","metodo_na_bacia":"ponto_representativo_grade_2022_within_bacia","pop_n_validos":1,"pop_n_total":1,"pop_completude":1.0,"dom_n_validos":1,"dom_n_total":1,"dom_completude":1.0},"geometry":{"type":"Polygon","coordinates":[[[-51.79545537746366,-29.021327648452143],[-51.795471055344876,-29.019465796409357],[-51.79348149147763,-29.01945111767495],[-51.79346579830792,-29.021312969717666],[-51.79545537746366,-29.021327648452143]]]}},{"type":"Feature","properties":{"id_grade":"200ME52218N81142","pop":4,"dom":1,"universo_dom":"domicilios_ocupados_grade_ibge_2022","na_bacia":1,"area_pct_bacia":100.0,"metodo_recorte_bacia":"ponto_representativo_grade_2022; area_pct_geometrica","status_borda_bacia":"total","metodo_area_bacia":"interseção geométrica em EPSG:5880","metodo_na_bacia":"ponto_representativo_grade_2022_within_bacia","pop_n_validos":1,"pop_n_total":1,"pop_completude":1.0,"dom_n_validos":1,"dom_n_total":1,"dom_completude":1.0},"geometry":{"type":"Polygon","coordinates":[[[-51.79346579830792,-29.021312969717666],[-51.79348149147763,-29.01945111767495],[-51.79149192671099,-29.019436426349962],[-51.79147622005149,-29.02129827749356],[-51.79346579830792,-29.021312969717666]]]}},{"type":"Feature","properties":{"id_grade":"200ME52210N81144","pop":2,"dom":1,"universo_dom":"domicilios_ocupados_grade_ibge_2022","na_bacia":1,"area_pct_bacia":100.0,"metodo_recorte_bacia":"ponto_representativo_grade_2022; area_pct_geometrica","status_borda_bacia":"total","metodo_area_bacia":"interseção geométrica em EPSG:5880","metodo_na_bacia":"ponto_representativo_grade_2022_within_bacia","pop_n_validos":1,"pop_n_total":1,"pop_completude":1.0,"dom_n_validos":1,"dom_n_total":1,"dom_completude":1.0},"geometry":{"type":"Polygon","coordinates":[[[-51.801439750544034,-29.019509752572933],[-51.80145538705642,-29.017647920315174],[-51.79946583577964,-29.017633281150957],[-51.7994501857774,-29.019495114308068],[-51.801439750544034,-29.019509752572933]]]}},{"type":"Feature","properties":{"id_grade":"200ME52212N81144","pop":7,"dom":3,"universo_dom":"domicilios_ocupados_grade_ibge_2022","na_bacia":1,"area_pct_bacia":100.0,"metodo_recorte_bacia":"ponto_representativo_grade_2022; area_pct_geometrica","status_borda_bacia":"total","metodo_area_bacia":"interseção geométrica em EPSG:5880","metodo_na_bacia":"ponto_representativo_grade_2022_within_bacia","pop_n_validos":1,"pop_n_total":1,"pop_completude":1.0,"dom_n_validos":1,"dom_n_total":1,"dom_completude":1.0},"geometry":{"type":"Polygon","coordinates":[[[-51.7994501857774,-29.019495114308068],[-51.79946583577964,-29.017633281150957],[-51.797476284502864,-29.017618629396235],[-51.7974606201115,-29.01948046165391],[-51.7994501857774,-29.019495114308068]]]}},{"type":"Feature","properties":{"id_grade":"200ME52218N81144","pop":2,"dom":2,"universo_dom":"domicilios_ocupados_grade_ibge_2022","na_bacia":1,"area_pct_bacia":100.0,"metodo_recorte_bacia":"ponto_representativo_grade_2022; area_pct_geometrica","status_borda_bacia":"total","metodo_area_bacia":"interseção geométrica em EPSG:5880","metodo_na_bacia":"ponto_representativo_grade_2022_within_bacia","pop_n_validos":1,"pop_n_total":1,"pop_completude":1.0,"dom_n_validos":1,"dom_n_total":1,"dom_completude":1.0},"geometry":{"type":"Polygon","coordinates":[[[-51.79348149147763,-29.01945111767495],[-51.793497183748,-29.01758928631651],[-51.79150763337054,-29.017574594991512],[-51.79149192671099,-29.019436426349962],[-51.79348149147763,-29.01945111767495]]]}},{"type":"Feature","properties":{"id_grade":"200ME52210N81146","pop":7,"dom":3,"universo_dom":"domicilios_ocupados_grade_ibge_2022","na_bacia":1,"area_pct_bacia":100.0,"metodo_recorte_bacia":"ponto_representativo_grade_2022; area_pct_geometrica","status_borda_bacia":"total","metodo_area_bacia":"interseção geométrica em EPSG:5880","metodo_na_bacia":"ponto_representativo_grade_2022_within_bacia","pop_n_validos":1,"pop_n_total":1,"pop_completude":1.0,"dom_n_validos":1,"dom_n_total":1,"dom_completude":1.0},"geometry":{"type":"Polygon","coordinates":[[[-51.80145538705642,-29.017647920315174],[-51.801471022669546,-29.01578610694317],[-51.79948148578188,-29.01577146867829],[-51.79946583577964,-29.017633281150957],[-51.80145538705642,-29.017647920315174]]]}},{"type":"Feature","properties":{"id_grade":"200ME52212N81146","pop":4,"dom":1,"universo_dom":"domicilios_ocupados_grade_ibge_2022","na_bacia":1,"area_pct_bacia":100.0,"metodo_recorte_bacia":"ponto_representativo_grade_2022; area_pct_geometrica","status_borda_bacia":"total","metodo_area_bacia":"interseção geométrica em EPSG:5880","metodo_na_bacia":"ponto_representativo_grade_2022_within_bacia","pop_n_validos":1,"pop_n_total":1,"pop_completude":1.0,"dom_n_validos":1,"dom_n_total":1,"dom_completude":1.0},"geometry":{"type":"Polygon","coordinates":[[[-51.79946583577964,-29.017633281150957],[-51.79948148578188,-29.01577146867829],[-51.79749194889428,-29.015756816923517],[-51.797476284502864,-29.017618629396235],[-51.79946583577964,-29.017633281150957]]]}},{"type":"Feature","properties":{"id_grade":"200ME52218N81146","pop":7,"dom":3,"universo_dom":"domicilios_ocupados_grade_ibge_2022","na_bacia":1,"area_pct_bacia":100.0,"metodo_recorte_bacia":"ponto_representativo_grade_2022; area_pct_geometrica","status_borda_bacia":"total","metodo_area_bacia":"interseção geométrica em EPSG:5880","metodo_na_bacia":"ponto_representativo_grade_2022_within_bacia","pop_n_validos":1,"pop_n_total":1,"pop_completude":1.0,"dom_n_validos":1,"dom_n_total":1,"dom_completude":1.0},"geometry":{"type":"Polygon","coordinates":[[[-51.793497183748,-29.01758928631651],[-51.79351287601838,-29.015727474743134],[-51.791523340030096,-29.015712783418177],[-51.79150763337054,-29.017574594991512],[-51.793497183748,-29.01758928631651]]]}},{"type":"Feature","properties":{"id_grade":"200ME52226N81092","pop":4,"dom":1,"universo_dom":"domicilios_ocupados_grade_ibge_2022","na_bacia":1,"area_pct_bacia":100.0,"metodo_recorte_bacia":"ponto_representativo_grade_2022; area_pct_geometrica","status_borda_bacia":"total","metodo_area_bacia":"interseção geométrica em EPSG:5880","metodo_na_bacia":"ponto_representativo_grade_2022_within_bacia","pop_n_validos":1,"pop_n_total":1,"pop_completude":1.0,"dom_n_validos":1,"dom_n_total":1,"dom_completude":1.0},"geometry":{"type":"Polygon","coordinates":[[[-51.785113681151415,-29.067806768367593],[-51.78512943547503,-29.06594442619422],[-51.7831395181742,-29.06592967461472],[-51.783123749461424,-29.067792016788083],[-51.785113681151415,-29.067806768367593]]]}},{"type":"Feature","properties":{"id_grade":"200ME52228N81092","pop":3,"dom":1,"universo_dom":"domicilios_ocupados_grade_ibge_2022","na_bacia":1,"area_pct_bacia":100.0,"metodo_recorte_bacia":"ponto_representativo_grade_2022; area_pct_geometrica","status_borda_bacia":"total","metodo_area_bacia":"interseção geométrica em EPSG:5880","metodo_na_bacia":"ponto_representativo_grade_2022_within_bacia","pop_n_validos":1,"pop_n_total":1,"pop_completude":1.0,"dom_n_validos":1,"dom_n_total":1,"dom_completude":1.0},"geometry":{"type":"Polygon","coordinates":[[[-51.783123749461424,-29.067792016788083],[-51.7831395181742,-29.06592967461472],[-51.78114960177265,-29.06591491044471],[-51.781133818670746,-29.067777251718677],[-51.783123749461424,-29.067792016788083]]]}},{"type":"Feature","properties":{"id_grade":"200ME52222N81094","pop":14,"dom":4,"universo_dom":"domicilios_ocupados_grade_ibge_2022","na_bacia":1,"area_pct_bacia":100.0,"metodo_recorte_bacia":"ponto_representativo_grade_2022; area_pct_geometrica","status_borda_bacia":"total","metodo_area_bacia":"interseção geométrica em EPSG:5880","metodo_na_bacia":"ponto_representativo_grade_2022_within_bacia","pop_n_validos":1,"pop_n_total":1,"pop_completude":1.0,"dom_n_validos":1,"dom_n_total":1,"dom_completude":1.0},"geometry":{"type":"Polygon","coordinates":[[[-51.78910927097605,-29.065973888883832],[-51.78912499742063,-29.064111566495605],[-51.78713509360966,-29.06409684189568],[-51.787119353675166,-29.06595916428398],[-51.78910927097605,-29.065973888883832]]]}},{"type":"Feature","properties":{"id_grade":"200ME52224N81094","pop":10,"dom":3,"universo_dom":"domicilios_ocupados_grade_ibge_2022","na_bacia":1,"area_pct_bacia":100.0,"metodo_recorte_bacia":"ponto_representativo_grade_2022; area_pct_geometrica","status_borda_bacia":"total","metodo_area_bacia":"interseção geométrica em EPSG:5880","metodo_na_bacia":"ponto_representativo_grade_2022_within_bacia","pop_n_validos":1,"pop_n_total":1,"pop_completude":1.0,"dom_n_validos":1,"dom_n_total":1,"dom_completude":1.0},"geometry":{"type":"Polygon","coordinates":[[[-51.787119353675166,-29.06595916428398],[-51.78713509360966,-29.06409684189568],[-51.78514519069796,-29.064082103806093],[-51.78512943547503,-29.06594442619422],[-51.787119353675166,-29.06595916428398]]]}},{"type":"Feature","properties":{"id_grade":"200ME52226N81094","pop":21,"dom":8,"universo_dom":"domicilios_ocupados_grade_ibge_2022","na_bacia":1,"area_pct_bacia":100.0,"metodo_recorte_bacia":"ponto_representativo_grade_2022; area_pct_geometrica","status_borda_bacia":"total","metodo_area_bacia":"interseção geométrica em EPSG:5880","metodo_na_bacia":"ponto_representativo_grade_2022_within_bacia","pop_n_validos":1,"pop_n_total":1,"pop_completude":1.0,"dom_n_validos":1,"dom_n_total":1,"dom_completude":1.0},"geometry":{"type":"Polygon","coordinates":[[[-51.78512943547503,-29.06594442619422],[-51.78514519069796,-29.064082103806093],[-51.78315528778626,-29.064067353125782],[-51.7831395181742,-29.06592967461472],[-51.78512943547503,-29.06594442619422]]]}},{"type":"Feature","properties":{"id_grade":"200ME52228N81094","pop":4,"dom":1,"universo_dom":"domicilios_ocupados_grade_ibge_2022","na_bacia":1,"area_pct_bacia":100.0,"metodo_recorte_bacia":"ponto_representativo_grade_2022; area_pct_geometrica","status_borda_bacia":"total","metodo_area_bacia":"interseção geométrica em EPSG:5880","metodo_na_bacia":"ponto_representativo_grade_2022_within_bacia","pop_n_validos":1,"pop_n_total":1,"pop_completude":1.0,"dom_n_validos":1,"dom_n_total":1,"dom_completude":1.0},"geometry":{"type":"Polygon","coordinates":[[[-51.7831395181742,-29.06592967461472],[-51.78315528778626,-29.064067353125782],[-51.78116538487456,-29.064052588955686],[-51.78114960177265,-29.06591491044471],[-51.7831395181742,-29.06592967461472]]]}},{"type":"Feature","properties":{"id_grade":"200ME52222N81096","pop":9,"dom":3,"universo_dom":"domicilios_ocupados_grade_ibge_2022","na_bacia":1,"area_pct_bacia":100.0,"metodo_recorte_bacia":"ponto_representativo_grade_2022; area_pct_geometrica","status_borda_bacia":"total","metodo_area_bacia":"interseção geométrica em EPSG:5880","metodo_na_bacia":"ponto_representativo_grade_2022_within_bacia","pop_n_validos":1,"pop_n_total":1,"pop_completude":1.0,"dom_n_validos":1,"dom_n_total":1,"dom_completude":1.0},"geometry":{"type":"Polygon","coordinates":[[[-51.78912499742063,-29.064111566495605],[-51.78914072386527,-29.06224926299309],[-51.78715083444342,-29.062234538393128],[-51.78713509360966,-29.06409684189568],[-51.78912499742063,-29.064111566495605]]]}},{"type":"Feature","properties":{"id_grade":"200ME52224N81096","pop":28,"dom":11,"universo_dom":"domicilios_ocupados_grade_ibge_2022","na_bacia":1,"area_pct_bacia":100.0,"metodo_recorte_bacia":"ponto_representativo_grade_2022; area_pct_geometrica","status_borda_bacia":"total","metodo_area_bacia":"interseção geométrica em EPSG:5880","metodo_na_bacia":"ponto_representativo_grade_2022_within_bacia","pop_n_validos":1,"pop_n_total":1,"pop_completude":1.0,"dom_n_validos":1,"dom_n_total":1,"dom_completude":1.0},"geometry":{"type":"Polygon","coordinates":[[[-51.78713509360966,-29.06409684189568],[-51.78715083444342,-29.062234538393128],[-51.78516094502158,-29.062219801202875],[-51.78514519069796,-29.064082103806093],[-51.78713509360966,-29.06409684189568]]]}},{"type":"Feature","properties":{"id_grade":"200ME52226N81096","pop":24,"dom":9,"universo_dom":"domicilios_ocupados_grade_ibge_2022","na_bacia":1,"area_pct_bacia":100.0,"metodo_recorte_bacia":"ponto_representativo_grade_2022; area_pct_geometrica","status_borda_bacia":"total","metodo_area_bacia":"interseção geométrica em EPSG:5880","metodo_na_bacia":"ponto_representativo_grade_2022_within_bacia","pop_n_validos":1,"pop_n_total":1,"pop_completude":1.0,"dom_n_validos":1,"dom_n_total":1,"dom_completude":1.0},"geometry":{"type":"Polygon","coordinates":[[[-51.78514519069796,-29.064082103806093],[-51.78516094502158,-29.062219801202875],[-51.78317105559966,-29.062205050522618],[-51.78315528778626,-29.064067353125782],[-51.78514519069796,-29.064082103806093]]]}},{"type":"Feature","properties":{"id_grade":"200ME52228N81096","pop":1,"dom":1,"universo_dom":"domicilios_ocupados_grade_ibge_2022","na_bacia":1,"area_pct_bacia":100.0,"metodo_recorte_bacia":"ponto_representativo_grade_2022; area_pct_geometrica","status_borda_bacia":"total","metodo_area_bacia":"interseção geométrica em EPSG:5880","metodo_na_bacia":"ponto_representativo_grade_2022_within_bacia","pop_n_validos":1,"pop_n_total":1,"pop_completude":1.0,"dom_n_validos":1,"dom_n_total":1,"dom_completude":1.0},"geometry":{"type":"Polygon","coordinates":[[[-51.78315528778626,-29.064067353125782],[-51.78317105559966,-29.062205050522618],[-51.78118116707714,-29.062190286352596],[-51.78116538487456,-29.064052588955686],[-51.78315528778626,-29.064067353125782]]]}},{"type":"Feature","properties":{"id_grade":"200ME52224N81098","pop":2,"dom":1,"universo_dom":"domicilios_ocupados_grade_ibge_2022","na_bacia":1,"area_pct_bacia":100.0,"metodo_recorte_bacia":"ponto_representativo_grade_2022; area_pct_geometrica","status_borda_bacia":"total","metodo_area_bacia":"interseção geométrica em EPSG:5880","metodo_na_bacia":"ponto_representativo_grade_2022_within_bacia","pop_n_validos":1,"pop_n_total":1,"pop_completude":1.0,"dom_n_validos":1,"dom_n_total":1,"dom_completude":1.0},"geometry":{"type":"Polygon","coordinates":[[[-51.78715083444342,-29.062234538393128],[-51.78716657437786,-29.060372255575146],[-51.78517669934513,-29.060357518384713],[-51.78516094502158,-29.062219801202875],[-51.78715083444342,-29.062234538393128]]]}},{"type":"Feature","properties":{"id_grade":"200ME52226N81098","pop":7,"dom":2,"universo_dom":"domicilios_ocupados_grade_ibge_2022","na_bacia":1,"area_pct_bacia":100.0,"metodo_recorte_bacia":"ponto_representativo_grade_2022; area_pct_geometrica","status_borda_bacia":"total","metodo_area_bacia":"interseção geométrica em EPSG:5880","metodo_na_bacia":"ponto_representativo_grade_2022_within_bacia","pop_n_validos":1,"pop_n_total":1,"pop_completude":1.0,"dom_n_validos":1,"dom_n_total":1,"dom_completude":1.0},"geometry":{"type":"Polygon","coordinates":[[[-51.78516094502158,-29.062219801202875],[-51.78517669934513,-29.060357518384713],[-51.78318682431246,-29.060342767704498],[-51.78317105559966,-29.062205050522618],[-51.78516094502158,-29.062219801202875]]]}},{"type":"Feature","properties":{"id_grade":"200ME52228N81098","pop":4,"dom":1,"universo_dom":"domicilios_ocupados_grade_ibge_2022","na_bacia":1,"area_pct_bacia":100.0,"metodo_recorte_bacia":"ponto_representativo_grade_2022; area_pct_geometrica","status_borda_bacia":"total","metodo_area_bacia":"interseção geométrica em EPSG:5880","metodo_na_bacia":"ponto_representativo_grade_2022_within_bacia","pop_n_validos":1,"pop_n_total":1,"pop_completude":1.0,"dom_n_validos":1,"dom_n_total":1,"dom_completude":1.0},"geometry":{"type":"Polygon","coordinates":[[[-51.78317105559966,-29.062205050522618],[-51.78318682431246,-29.060342767704498],[-51.78119695017909,-29.060328004433735],[-51.78118116707714,-29.062190286352596],[-51.78317105559966,-29.062205050522618]]]}},{"type":"Feature","properties":{"id_grade":"200ME52224N81100","pop":2,"dom":1,"universo_dom":"domicilios_ocupados_grade_ibge_2022","na_bacia":1,"area_pct_bacia":100.0,"metodo_recorte_bacia":"ponto_representativo_grade_2022; area_pct_geometrica","status_borda_bacia":"total","metodo_area_bacia":"interseção geométrica em EPSG:5880","metodo_na_bacia":"ponto_representativo_grade_2022_within_bacia","pop_n_validos":1,"pop_n_total":1,"pop_completude":1.0,"dom_n_validos":1,"dom_n_total":1,"dom_completude":1.0},"geometry":{"type":"Polygon","coordinates":[[[-51.78716657437786,-29.060372255575146],[-51.7871823143123,-29.05850999164281],[-51.78519245276942,-29.05849525535168],[-51.78517669934513,-29.060357518384713],[-51.78716657437786,-29.060372255575146]]]}},{"type":"Feature","properties":{"id_grade":"200ME52228N81100","pop":9,"dom":3,"universo_dom":"domicilios_ocupados_grade_ibge_2022","na_bacia":1,"area_pct_bacia":100.0,"metodo_recorte_bacia":"ponto_representativo_grade_2022; area_pct_geometrica","status_borda_bacia":"total","metodo_area_bacia":"interseção geométrica em EPSG:5880","metodo_na_bacia":"ponto_representativo_grade_2022_within_bacia","pop_n_validos":1,"pop_n_total":1,"pop_completude":1.0,"dom_n_validos":1,"dom_n_total":1,"dom_completude":1.0},"geometry":{"type":"Polygon","coordinates":[[[-51.78318682431246,-29.060342767704498],[-51.78320259212587,-29.058480504671486],[-51.781212732381675,-29.0584657414008],[-51.78119695017909,-29.060328004433735],[-51.78318682431246,-29.060342767704498]]]}},{"type":"Feature","properties":{"id_grade":"200ME52228N81104","pop":10,"dom":3,"universo_dom":"domicilios_ocupados_grade_ibge_2022","na_bacia":1,"area_pct_bacia":100.0,"metodo_recorte_bacia":"ponto_representativo_grade_2022; area_pct_geometrica","status_borda_bacia":"total","metodo_area_bacia":"interseção geométrica em EPSG:5880","metodo_na_bacia":"ponto_representativo_grade_2022_within_bacia","pop_n_validos":1,"pop_n_total":1,"pop_completude":1.0,"dom_n_validos":1,"dom_n_total":1,"dom_completude":1.0},"geometry":{"type":"Polygon","coordinates":[[[-51.783218360838646,-29.056618261423512],[-51.783234127752735,-29.054756037960715],[-51.78124429588752,-29.054741274690034],[-51.781228514584264,-29.056603498152885],[-51.783218360838646,-29.056618261423512]]]}},{"type":"Feature","properties":{"id_grade":"200ME52236N81102","pop":12,"dom":4,"universo_dom":"domicilios_ocupados_grade_ibge_2022","na_bacia":1,"area_pct_bacia":100.0,"metodo_recorte_bacia":"ponto_representativo_grade_2022; area_pct_geometrica","status_borda_bacia":"total","metodo_area_bacia":"interseção geométrica em EPSG:5880","metodo_na_bacia":"ponto_representativo_grade_2022_within_bacia","pop_n_validos":1,"pop_n_total":1,"pop_completude":1.0,"dom_n_validos":1,"dom_n_total":1,"dom_completude":1.0},"geometry":{"type":"Polygon","coordinates":[[[-51.77524315224963,-29.058421371548985],[-51.77525897672035,-29.05655912920039],[-51.77326913136528,-29.056544312869686],[-51.77325329250538,-29.058406555218312],[-51.77524315224963,-29.058421371548985]]]}},{"type":"Feature","properties":{"id_grade":"200ME52238N81102","pop":55,"dom":20,"universo_dom":"domicilios_ocupados_grade_ibge_2022","na_bacia":1,"area_pct_bacia":100.0,"metodo_recorte_bacia":"ponto_representativo_grade_2022; area_pct_geometrica","status_borda_bacia":"total","metodo_area_bacia":"interseção geométrica em EPSG:5880","metodo_na_bacia":"ponto_representativo_grade_2022_within_bacia","pop_n_validos":1,"pop_n_total":1,"pop_completude":1.0,"dom_n_validos":1,"dom_n_total":1,"dom_completude":1.0},"geometry":{"type":"Polygon","coordinates":[[[-51.77325329250538,-29.058406555218312],[-51.77326913136528,-29.056544312869686],[-51.77127928601021,-29.056529483948495],[-51.771263433660465,-29.058391725397755],[-51.77325329250538,-29.058406555218312]]]}},{"type":"Feature","properties":{"id_grade":"200ME52236N81104","pop":49,"dom":19,"universo_dom":"domicilios_ocupados_grade_ibge_2022","na_bacia":1,"area_pct_bacia":100.0,"metodo_recorte_bacia":"ponto_representativo_grade_2022; area_pct_geometrica","status_borda_bacia":"total","metodo_area_bacia":"interseção geométrica em EPSG:5880","metodo_na_bacia":"ponto_representativo_grade_2022_within_bacia","pop_n_validos":1,"pop_n_total":1,"pop_completude":1.0,"dom_n_validos":1,"dom_n_total":1,"dom_completude":1.0},"geometry":{"type":"Polygon","coordinates":[[[-51.77525897672035,-29.05655912920039],[-51.775274801191074,-29.054696906636906],[-51.77328497022518,-29.054682090306176],[-51.77326913136528,-29.056544312869686],[-51.77525897672035,-29.05655912920039]]]}},{"type":"Feature","properties":{"id_grade":"200ME52238N81104","pop":11,"dom":6,"universo_dom":"domicilios_ocupados_grade_ibge_2022","na_bacia":1,"area_pct_bacia":100.0,"metodo_recorte_bacia":"ponto_representativo_grade_2022; area_pct_geometrica","status_borda_bacia":"total","metodo_area_bacia":"interseção geométrica em EPSG:5880","metodo_na_bacia":"ponto_representativo_grade_2022_within_bacia","pop_n_validos":1,"pop_n_total":1,"pop_completude":1.0,"dom_n_validos":1,"dom_n_total":1,"dom_completude":1.0},"geometry":{"type":"Polygon","coordinates":[[[-51.77326913136528,-29.056544312869686],[-51.77328497022518,-29.054682090306176],[-51.77129513925922,-29.054667261384992],[-51.77127928601021,-29.056529483948495],[-51.77326913136528,-29.056544312869686]]]}},{"type":"Feature","properties":{"id_grade":"200ME52232N81106","pop":3,"dom":1,"universo_dom":"domicilios_ocupados_grade_ibge_2022","na_bacia":1,"area_pct_bacia":100.0,"metodo_recorte_bacia":"ponto_representativo_grade_2022; area_pct_geometrica","status_borda_bacia":"total","metodo_area_bacia":"interseção geométrica em EPSG:5880","metodo_na_bacia":"ponto_representativo_grade_2022_within_bacia","pop_n_validos":1,"pop_n_total":1,"pop_completude":1.0,"dom_n_validos":1,"dom_n_total":1,"dom_completude":1.0},"geometry":{"type":"Polygon","coordinates":[[[-51.779254464022245,-29.05472649882881],[-51.77927025971468,-29.052864295151043],[-51.77728044223858,-29.052849505799976],[-51.77726463215703,-29.05471170947783],[-51.779254464022245,-29.05472649882881]]]}},{"type":"Feature","properties":{"id_grade":"200ME52236N81106","pop":8,"dom":3,"universo_dom":"domicilios_ocupados_grade_ibge_2022","na_bacia":1,"area_pct_bacia":100.0,"metodo_recorte_bacia":"ponto_representativo_grade_2022; area_pct_geometrica","status_borda_bacia":"total","metodo_area_bacia":"interseção geométrica em EPSG:5880","metodo_na_bacia":"ponto_representativo_grade_2022_within_bacia","pop_n_validos":1,"pop_n_total":1,"pop_completude":1.0,"dom_n_validos":1,"dom_n_total":1,"dom_completude":1.0},"geometry":{"type":"Polygon","coordinates":[[[-51.775274801191074,-29.054696906636906],[-51.77529062476247,-29.05283470385844],[-51.773300808185695,-29.052819888427038],[-51.77328497022518,-29.054682090306176],[-51.775274801191074,-29.054696906636906]]]}},{"type":"Feature","properties":{"id_grade":"200ME52232N81108","pop":9,"dom":3,"universo_dom":"domicilios_ocupados_grade_ibge_2022","na_bacia":1,"area_pct_bacia":100.0,"metodo_recorte_bacia":"ponto_representativo_grade_2022; area_pct_geometrica","status_borda_bacia":"total","metodo_area_bacia":"interseção geométrica em EPSG:5880","metodo_na_bacia":"ponto_representativo_grade_2022_within_bacia","pop_n_validos":1,"pop_n_total":1,"pop_completude":1.0,"dom_n_validos":1,"dom_n_total":1,"dom_completude":1.0},"geometry":{"type":"Polygon","coordinates":[[[-51.77927025971468,-29.052864295151043],[-51.77928605540711,-29.05100211125832],[-51.777296252320134,-29.05098732280664],[-51.77728044223858,-29.052849505799976],[-51.77927025971468,-29.052864295151043]]]}},{"type":"Feature","properties":{"id_grade":"200ME52234N81108","pop":13,"dom":5,"universo_dom":"domicilios_ocupados_grade_ibge_2022","na_bacia":1,"area_pct_bacia":100.0,"metodo_recorte_bacia":"ponto_representativo_grade_2022; area_pct_geometrica","status_borda_bacia":"total","metodo_area_bacia":"interseção geométrica em EPSG:5880","metodo_na_bacia":"ponto_representativo_grade_2022_within_bacia","pop_n_validos":1,"pop_n_total":1,"pop_completude":1.0,"dom_n_validos":1,"dom_n_total":1,"dom_completude":1.0},"geometry":{"type":"Polygon","coordinates":[[[-51.77728044223858,-29.052849505799976],[-51.777296252320134,-29.05098732280664],[-51.7753064492332,-29.050972520865127],[-51.77529062476247,-29.05283470385844],[-51.77728044223858,-29.052849505799976]]]}},{"type":"Feature","properties":{"id_grade":"200ME52236N81108","pop":8,"dom":3,"universo_dom":"domicilios_ocupados_grade_ibge_2022","na_bacia":1,"area_pct_bacia":100.0,"metodo_recorte_bacia":"ponto_representativo_grade_2022; area_pct_geometrica","status_borda_bacia":"total","metodo_area_bacia":"interseção geométrica em EPSG:5880","metodo_na_bacia":"ponto_representativo_grade_2022_within_bacia","pop_n_validos":1,"pop_n_total":1,"pop_completude":1.0,"dom_n_validos":1,"dom_n_total":1,"dom_completude":1.0},"geometry":{"type":"Polygon","coordinates":[[[-51.77529062476247,-29.05283470385844],[-51.7753064492332,-29.050972520865127],[-51.77331664614627,-29.05095770543369],[-51.773300808185695,-29.052819888427038],[-51.77529062476247,-29.05283470385844]]]}},{"type":"Feature","properties":{"id_grade":"200ME52232N81110","pop":5,"dom":1,"universo_dom":"domicilios_ocupados_grade_ibge_2022","na_bacia":1,"area_pct_bacia":100.0,"metodo_recorte_bacia":"ponto_representativo_grade_2022; area_pct_geometrica","status_borda_bacia":"total","metodo_area_bacia":"interseção geométrica em EPSG:5880","metodo_na_bacia":"ponto_representativo_grade_2022_within_bacia","pop_n_validos":1,"pop_n_total":1,"pop_completude":1.0,"dom_n_validos":1,"dom_n_total":1,"dom_completude":1.0},"geometry":{"type":"Polygon","coordinates":[[[-51.77928605540711,-29.05100211125832],[-51.7793018510995,-29.04913994715081],[-51.777312061502414,-29.04912515869913],[-51.777296252320134,-29.05098732280664],[-51.77928605540711,-29.05100211125832]]]}},{"type":"Feature","properties":{"id_grade":"200ME52246N81102","pop":9,"dom":3,"universo_dom":"domicilios_ocupados_grade_ibge_2022","na_bacia":1,"area_pct_bacia":100.0,"metodo_recorte_bacia":"ponto_representativo_grade_2022; area_pct_geometrica","status_borda_bacia":"total","metodo_area_bacia":"interseção geométrica em EPSG:5880","metodo_na_bacia":"ponto_representativo_grade_2022_within_bacia","pop_n_validos":1,"pop_n_total":1,"pop_completude":1.0,"dom_n_validos":1,"dom_n_total":1,"dom_completude":1.0},"geometry":{"type":"Polygon","coordinates":[[[-51.765293857125755,-29.058347156795904],[-51.7653097526429,-29.056484915346477],[-51.76331990818716,-29.05647003336534],[-51.76330399828083,-29.05833227391528],[-51.765293857125755,-29.058347156795904]]]}},{"type":"Feature","properties":{"id_grade":"200ME52240N81104","pop":6,"dom":2,"universo_dom":"domicilios_ocupados_grade_ibge_2022","na_bacia":1,"area_pct_bacia":100.0,"metodo_recorte_bacia":"ponto_representativo_grade_2022; area_pct_geometrica","status_borda_bacia":"total","metodo_area_bacia":"interseção geométrica em EPSG:5880","metodo_na_bacia":"ponto_representativo_grade_2022_within_bacia","pop_n_validos":1,"pop_n_total":1,"pop_completude":1.0,"dom_n_validos":1,"dom_n_total":1,"dom_completude":1.0},"geometry":{"type":"Polygon","coordinates":[[[-51.77127928601021,-29.056529483948495],[-51.77129513925922,-29.054667261384992],[-51.76930530829333,-29.05465241897389],[-51.76928944155447,-29.056514640638174],[-51.77127928601021,-29.056529483948495]]]}},{"type":"Feature","properties":{"id_grade":"200ME52242N81104","pop":8,"dom":3,"universo_dom":"domicilios_ocupados_grade_ibge_2022","na_bacia":1,"area_pct_bacia":100.0,"metodo_recorte_bacia":"ponto_representativo_grade_2022; area_pct_geometrica","status_borda_bacia":"total","metodo_area_bacia":"interseção geométrica em EPSG:5880","metodo_na_bacia":"ponto_representativo_grade_2022_within_bacia","pop_n_validos":1,"pop_n_total":1,"pop_completude":1.0,"dom_n_validos":1,"dom_n_total":1,"dom_completude":1.0},"geometry":{"type":"Polygon","coordinates":[[[-51.76928944155447,-29.056514640638174],[-51.76930530829333,-29.05465241897389],[-51.76731547732737,-29.054637563073044],[-51.76729959709872,-29.056499784737255],[-51.76928944155447,-29.056514640638174]]]}},{"type":"Feature","properties":{"id_grade":"200ME52244N81104","pop":20,"dom":7,"universo_dom":"domicilios_ocupados_grade_ibge_2022","na_bacia":1,"area_pct_bacia":100.0,"metodo_recorte_bacia":"ponto_representativo_grade_2022; area_pct_geometrica","status_borda_bacia":"total","metodo_area_bacia":"interseção geométrica em EPSG:5880","metodo_na_bacia":"ponto_representativo_grade_2022_within_bacia","pop_n_validos":1,"pop_n_total":1,"pop_completude":1.0,"dom_n_validos":1,"dom_n_total":1,"dom_completude":1.0},"geometry":{"type":"Polygon","coordinates":[[[-51.76729959709872,-29.056499784737255],[-51.76731547732737,-29.054637563073044],[-51.7653256472608,-29.054622694581685],[-51.7653097526429,-29.056484915346477],[-51.76729959709872,-29.056499784737255]]]}},{"type":"Feature","properties":{"id_grade":"200ME52246N81104","pop":3,"dom":2,"universo_dom":"domicilios_ocupados_grade_ibge_2022","na_bacia":1,"area_pct_bacia":100.0,"metodo_recorte_bacia":"ponto_representativo_grade_2022; area_pct_geometrica","status_borda_bacia":"total","metodo_area_bacia":"interseção geométrica em EPSG:5880","metodo_na_bacia":"ponto_representativo_grade_2022_within_bacia","pop_n_validos":1,"pop_n_total":1,"pop_completude":1.0,"dom_n_validos":1,"dom_n_total":1,"dom_completude":1.0},"geometry":{"type":"Polygon","coordinates":[[[-51.7653097526429,-29.056484915346477],[-51.7653256472608,-29.054622694581685],[-51.76333581719417,-29.054607812600416],[-51.76331990818716,-29.05647003336534],[-51.7653097526429,-29.056484915346477]]]}},{"type":"Feature","properties":{"id_grade":"200ME52240N81106","pop":25,"dom":10,"universo_dom":"domicilios_ocupados_grade_ibge_2022","na_bacia":1,"area_pct_bacia":100.0,"metodo_recorte_bacia":"ponto_representativo_grade_2022; area_pct_geometrica","status_borda_bacia":"total","metodo_area_bacia":"interseção geométrica em EPSG:5880","metodo_na_bacia":"ponto_representativo_grade_2022_within_bacia","pop_n_validos":1,"pop_n_total":1,"pop_completude":1.0,"dom_n_validos":1,"dom_n_total":1,"dom_completude":1.0},"geometry":{"type":"Polygon","coordinates":[[[-51.77129513925922,-29.054667261384992],[-51.77131099160891,-29.052805059505864],[-51.76932117503213,-29.05279021709476],[-51.76930530829333,-29.05465241897389],[-51.77129513925922,-29.054667261384992]]]}},{"type":"Feature","properties":{"id_grade":"200ME52242N81106","pop":11,"dom":5,"universo_dom":"domicilios_ocupados_grade_ibge_2022","na_bacia":1,"area_pct_bacia":100.0,"metodo_recorte_bacia":"ponto_representativo_grade_2022; area_pct_geometrica","status_borda_bacia":"total","metodo_area_bacia":"interseção geométrica em EPSG:5880","metodo_na_bacia":"ponto_representativo_grade_2022_within_bacia","pop_n_validos":1,"pop_n_total":1,"pop_completude":1.0,"dom_n_validos":1,"dom_n_total":1,"dom_completude":1.0},"geometry":{"type":"Polygon","coordinates":[[[-51.76930530829333,-29.05465241897389],[-51.76932117503213,-29.05279021709476],[-51.76733135845541,-29.05277536119396],[-51.76731547732737,-29.054637563073044],[-51.76930530829333,-29.05465241897389]]]}},{"type":"Feature","properties":{"id_grade":"200ME52244N81106","pop":2,"dom":2,"universo_dom":"domicilios_ocupados_grade_ibge_2022","na_bacia":1,"area_pct_bacia":100.0,"metodo_recorte_bacia":"ponto_representativo_grade_2022; area_pct_geometrica","status_borda_bacia":"total","metodo_area_bacia":"interseção geométrica em EPSG:5880","metodo_na_bacia":"ponto_representativo_grade_2022_within_bacia","pop_n_validos":1,"pop_n_total":1,"pop_completude":1.0,"dom_n_validos":1,"dom_n_total":1,"dom_completude":1.0},"geometry":{"type":"Polygon","coordinates":[[[-51.76731547732737,-29.054637563073044],[-51.76733135845541,-29.05277536119396],[-51.76534154187862,-29.052760492702564],[-51.7653256472608,-29.054622694581685],[-51.76731547732737,-29.054637563073044]]]}},{"type":"Feature","properties":{"id_grade":"200ME52246N81106","pop":8,"dom":2,"universo_dom":"domicilios_ocupados_grade_ibge_2022","na_bacia":1,"area_pct_bacia":100.0,"metodo_recorte_bacia":"ponto_representativo_grade_2022; area_pct_geometrica","status_borda_bacia":"total","metodo_area_bacia":"interseção geométrica em EPSG:5880","metodo_na_bacia":"ponto_representativo_grade_2022_within_bacia","pop_n_validos":1,"pop_n_total":1,"pop_completude":1.0,"dom_n_validos":1,"dom_n_total":1,"dom_completude":1.0},"geometry":{"type":"Polygon","coordinates":[[[-51.7653256472608,-29.054622694581685],[-51.76534154187862,-29.052760492702564],[-51.763351726201165,-29.052745610721274],[-51.76333581719417,-29.054607812600416],[-51.7653256472608,-29.054622694581685]]]}},{"type":"Feature","properties":{"id_grade":"200ME52240N81108","pop":60,"dom":24,"universo_dom":"domicilios_ocupados_grade_ibge_2022","na_bacia":1,"area_pct_bacia":100.0,"metodo_recorte_bacia":"ponto_representativo_grade_2022; area_pct_geometrica","status_borda_bacia":"total","metodo_area_bacia":"interseção geométrica em EPSG:5880","metodo_na_bacia":"ponto_representativo_grade_2022_within_bacia","pop_n_validos":1,"pop_n_total":1,"pop_completude":1.0,"dom_n_validos":1,"dom_n_total":1,"dom_completude":1.0},"geometry":{"type":"Polygon","coordinates":[[[-51.77131099160891,-29.052805059505864],[-51.77132684305934,-29.050942876512472],[-51.769337040871676,-29.050928035000716],[-51.76932117503213,-29.05279021709476],[-51.77131099160891,-29.052805059505864]]]}},{"type":"Feature","properties":{"id_grade":"200ME52242N81108","pop":40,"dom":17,"universo_dom":"domicilios_ocupados_grade_ibge_2022","na_bacia":1,"area_pct_bacia":100.0,"metodo_recorte_bacia":"ponto_representativo_grade_2022; area_pct_geometrica","status_borda_bacia":"total","metodo_area_bacia":"interseção geométrica em EPSG:5880","metodo_na_bacia":"ponto_representativo_grade_2022_within_bacia","pop_n_validos":1,"pop_n_total":1,"pop_completude":1.0,"dom_n_validos":1,"dom_n_total":1,"dom_completude":1.0},"geometry":{"type":"Polygon","coordinates":[[[-51.76932117503213,-29.05279021709476],[-51.769337040871676,-29.050928035000716],[-51.76734723868407,-29.05091317909987],[-51.76733135845541,-29.05277536119396],[-51.76932117503213,-29.05279021709476]]]}},{"type":"Feature","properties":{"id_grade":"200ME52244N81108","pop":33,"dom":17,"universo_dom":"domicilios_ocupados_grade_ibge_2022","na_bacia":1,"area_pct_bacia":100.0,"metodo_recorte_bacia":"ponto_representativo_grade_2022; area_pct_geometrica","status_borda_bacia":"total","metodo_area_bacia":"interseção geométrica em EPSG:5880","metodo_na_bacia":"ponto_representativo_grade_2022_within_bacia","pop_n_validos":1,"pop_n_total":1,"pop_completude":1.0,"dom_n_validos":1,"dom_n_total":1,"dom_completude":1.0},"geometry":{"type":"Polygon","coordinates":[[[-51.76733135845541,-29.05277536119396],[-51.76734723868407,-29.05091317909987],[-51.76535743649646,-29.050898311507844],[-51.76534154187862,-29.052760492702564],[-51.76733135845541,-29.05277536119396]]]}},{"type":"Feature","properties":{"id_grade":"200ME52248N81108","pop":7,"dom":3,"universo_dom":"domicilios_ocupados_grade_ibge_2022","na_bacia":1,"area_pct_bacia":100.0,"metodo_recorte_bacia":"ponto_representativo_grade_2022; area_pct_geometrica","status_borda_bacia":"total","metodo_area_bacia":"interseção geométrica em EPSG:5880","metodo_na_bacia":"ponto_representativo_grade_2022_within_bacia","pop_n_validos":1,"pop_n_total":1,"pop_completude":1.0,"dom_n_validos":1,"dom_n_total":1,"dom_completude":1.0},"geometry":{"type":"Polygon","coordinates":[[[-51.763351726201165,-29.052745610721274],[-51.76336763520817,-29.050883429526632],[-51.76137783302056,-29.05086853495489],[-51.7613619105237,-29.052730716149593],[-51.763351726201165,-29.052745610721274]]]}},{"type":"Feature","properties":{"id_grade":"200ME52240N81110","pop":23,"dom":11,"universo_dom":"domicilios_ocupados_grade_ibge_2022","na_bacia":1,"area_pct_bacia":100.0,"metodo_recorte_bacia":"ponto_representativo_grade_2022; area_pct_geometrica","status_borda_bacia":"total","metodo_area_bacia":"interseção geométrica em EPSG:5880","metodo_na_bacia":"ponto_representativo_grade_2022_within_bacia","pop_n_validos":1,"pop_n_total":1,"pop_completude":1.0,"dom_n_validos":1,"dom_n_total":1,"dom_completude":1.0},"geometry":{"type":"Polygon","coordinates":[[[-51.77132684305934,-29.050942876512472],[-51.77134269540903,-29.049080713304253],[-51.76935290671122,-29.04906587179255],[-51.769337040871676,-29.050928035000716],[-51.77132684305934,-29.050942876512472]]]}},{"type":"Feature","properties":{"id_grade":"200ME52242N81110","pop":13,"dom":5,"universo_dom":"domicilios_ocupados_grade_ibge_2022","na_bacia":1,"area_pct_bacia":100.0,"metodo_recorte_bacia":"ponto_representativo_grade_2022; area_pct_geometrica","status_borda_bacia":"total","metodo_area_bacia":"interseção geométrica em EPSG:5880","metodo_na_bacia":"ponto_representativo_grade_2022_within_bacia","pop_n_validos":1,"pop_n_total":1,"pop_completude":1.0,"dom_n_validos":1,"dom_n_total":1,"dom_completude":1.0},"geometry":{"type":"Polygon","coordinates":[[[-51.769337040871676,-29.050928035000716],[-51.76935290671122,-29.04906587179255],[-51.76736311891279,-29.049051016790898],[-51.76734723868407,-29.05091317909987],[-51.769337040871676,-29.050928035000716]]]}},{"type":"Feature","properties":{"id_grade":"200ME52244N81110","pop":50,"dom":19,"universo_dom":"domicilios_ocupados_grade_ibge_2022","na_bacia":1,"area_pct_bacia":100.0,"metodo_recorte_bacia":"ponto_representativo_grade_2022; area_pct_geometrica","status_borda_bacia":"total","metodo_area_bacia":"interseção geométrica em EPSG:5880","metodo_na_bacia":"ponto_representativo_grade_2022_within_bacia","pop_n_validos":1,"pop_n_total":1,"pop_completude":1.0,"dom_n_validos":1,"dom_n_total":1,"dom_completude":1.0},"geometry":{"type":"Polygon","coordinates":[[[-51.76734723868407,-29.05091317909987],[-51.76736311891279,-29.049051016790898],[-51.76537333111429,-29.049036149198862],[-51.76535743649646,-29.050898311507844],[-51.76734723868407,-29.05091317909987]]]}},{"type":"Feature","properties":{"id_grade":"200ME52246N81110","pop":45,"dom":16,"universo_dom":"domicilios_ocupados_grade_ibge_2022","na_bacia":1,"area_pct_bacia":100.0,"metodo_recorte_bacia":"ponto_representativo_grade_2022; area_pct_geometrica","status_borda_bacia":"total","metodo_area_bacia":"interseção geométrica em EPSG:5880","metodo_na_bacia":"ponto_representativo_grade_2022_within_bacia","pop_n_validos":1,"pop_n_total":1,"pop_completude":1.0,"dom_n_validos":1,"dom_n_total":1,"dom_completude":1.0},"geometry":{"type":"Polygon","coordinates":[[[-51.76535743649646,-29.050898311507844],[-51.76537333111429,-29.049036149198862],[-51.76338354331585,-29.049021267217675],[-51.76336763520817,-29.050883429526632],[-51.76535743649646,-29.050898311507844]]]}},{"type":"Feature","properties":{"id_grade":"200ME52248N81110","pop":3,"dom":2,"universo_dom":"domicilios_ocupados_grade_ibge_2022","na_bacia":1,"area_pct_bacia":100.0,"metodo_recorte_bacia":"ponto_representativo_grade_2022; area_pct_geometrica","status_borda_bacia":"total","metodo_area_bacia":"interseção geométrica em EPSG:5880","metodo_na_bacia":"ponto_representativo_grade_2022_within_bacia","pop_n_validos":1,"pop_n_total":1,"pop_completude":1.0,"dom_n_validos":1,"dom_n_total":1,"dom_completude":1.0},"geometry":{"type":"Polygon","coordinates":[[[-51.76336763520817,-29.050883429526632],[-51.76338354331585,-29.049021267217675],[-51.76139375641668,-29.049006372645877],[-51.76137783302056,-29.05086853495489],[-51.76336763520817,-29.050883429526632]]]}},{"type":"Feature","properties":{"id_grade":"200ME52244N81112","pop":8,"dom":3,"universo_dom":"domicilios_ocupados_grade_ibge_2022","na_bacia":1,"area_pct_bacia":100.0,"metodo_recorte_bacia":"ponto_representativo_grade_2022; area_pct_geometrica","status_borda_bacia":"total","metodo_area_bacia":"interseção geométrica em EPSG:5880","metodo_na_bacia":"ponto_representativo_grade_2022_within_bacia","pop_n_validos":1,"pop_n_total":1,"pop_completude":1.0,"dom_n_validos":1,"dom_n_total":1,"dom_completude":1.0},"geometry":{"type":"Polygon","coordinates":[[[-51.76736311891279,-29.049051016790898],[-51.76737899914144,-29.047188874267103],[-51.76538922573212,-29.047174006674975],[-51.76537333111429,-29.049036149198862],[-51.76736311891279,-29.049051016790898]]]}},{"type":"Feature","properties":{"id_grade":"200ME52246N81112","pop":31,"dom":14,"universo_dom":"domicilios_ocupados_grade_ibge_2022","na_bacia":1,"area_pct_bacia":100.0,"metodo_recorte_bacia":"ponto_representativo_grade_2022; area_pct_geometrica","status_borda_bacia":"total","metodo_area_bacia":"interseção geométrica em EPSG:5880","metodo_na_bacia":"ponto_representativo_grade_2022_within_bacia","pop_n_validos":1,"pop_n_total":1,"pop_completude":1.0,"dom_n_validos":1,"dom_n_total":1,"dom_completude":1.0},"geometry":{"type":"Polygon","coordinates":[[[-51.76537333111429,-29.049036149198862],[-51.76538922573212,-29.047174006674975],[-51.76339945142348,-29.04715912559314],[-51.76338354331585,-29.049021267217675],[-51.76537333111429,-29.049036149198862]]]}},{"type":"Feature","properties":{"id_grade":"200ME52248N81112","pop":24,"dom":12,"universo_dom":"domicilios_ocupados_grade_ibge_2022","na_bacia":1,"area_pct_bacia":100.0,"metodo_recorte_bacia":"ponto_representativo_grade_2022; area_pct_geometrica","status_borda_bacia":"total","metodo_area_bacia":"interseção geométrica em EPSG:5880","metodo_na_bacia":"ponto_representativo_grade_2022_within_bacia","pop_n_validos":1,"pop_n_total":1,"pop_completude":1.0,"dom_n_validos":1,"dom_n_total":1,"dom_completude":1.0},"geometry":{"type":"Polygon","coordinates":[[[-51.76338354331585,-29.049021267217675],[-51.76339945142348,-29.04715912559314],[-51.76140967891354,-29.047144231021374],[-51.76139375641668,-29.049006372645877],[-51.76338354331585,-29.049021267217675]]]}},{"type":"Feature","properties":{"id_grade":"200ME52242N81114","pop":5,"dom":2,"universo_dom":"domicilios_ocupados_grade_ibge_2022","na_bacia":1,"area_pct_bacia":100.0,"metodo_recorte_bacia":"ponto_representativo_grade_2022; area_pct_geometrica","status_borda_bacia":"total","metodo_area_bacia":"interseção geométrica em EPSG:5880","metodo_na_bacia":"ponto_representativo_grade_2022_within_bacia","pop_n_validos":1,"pop_n_total":1,"pop_completude":1.0,"dom_n_validos":1,"dom_n_total":1,"dom_completude":1.0},"geometry":{"type":"Polygon","coordinates":[[[-51.76936877255076,-29.047203728369315],[-51.7693846383903,-29.045341605630497],[-51.76739487847084,-29.045326751528325],[-51.76737899914144,-29.047188874267103],[-51.76936877255076,-29.047203728369315]]]}},{"type":"Feature","properties":{"id_grade":"200ME52244N81114","pop":28,"dom":12,"universo_dom":"domicilios_ocupados_grade_ibge_2022","na_bacia":1,"area_pct_bacia":100.0,"metodo_recorte_bacia":"ponto_representativo_grade_2022; area_pct_geometrica","status_borda_bacia":"total","metodo_area_bacia":"interseção geométrica em EPSG:5880","metodo_na_bacia":"ponto_representativo_grade_2022_within_bacia","pop_n_validos":1,"pop_n_total":1,"pop_completude":1.0,"dom_n_validos":1,"dom_n_total":1,"dom_completude":1.0},"geometry":{"type":"Polygon","coordinates":[[[-51.76737899914144,-29.047188874267103],[-51.76739487847084,-29.045326751528325],[-51.76540511945063,-29.045311883936296],[-51.76538922573212,-29.047174006674975],[-51.76737899914144,-29.047188874267103]]]}},{"type":"Feature","properties":{"id_grade":"200ME52246N81114","pop":65,"dom":24,"universo_dom":"domicilios_ocupados_grade_ibge_2022","na_bacia":1,"area_pct_bacia":100.0,"metodo_recorte_bacia":"ponto_representativo_grade_2022; area_pct_geometrica","status_borda_bacia":"total","metodo_area_bacia":"interseção geométrica em EPSG:5880","metodo_na_bacia":"ponto_representativo_grade_2022_within_bacia","pop_n_validos":1,"pop_n_total":1,"pop_completude":1.0,"dom_n_validos":1,"dom_n_total":1,"dom_completude":1.0},"geometry":{"type":"Polygon","coordinates":[[[-51.76538922573212,-29.047174006674975],[-51.76540511945063,-29.045311883936296],[-51.763415359531166,-29.04529700285438],[-51.76339945142348,-29.04715912559314],[-51.76538922573212,-29.047174006674975]]]}},{"type":"Feature","properties":{"id_grade":"200ME52248N81114","pop":2,"dom":1,"universo_dom":"domicilios_ocupados_grade_ibge_2022","na_bacia":1,"area_pct_bacia":100.0,"metodo_recorte_bacia":"ponto_representativo_grade_2022; area_pct_geometrica","status_borda_bacia":"total","metodo_area_bacia":"interseção geométrica em EPSG:5880","metodo_na_bacia":"ponto_representativo_grade_2022_within_bacia","pop_n_validos":1,"pop_n_total":1,"pop_completude":1.0,"dom_n_validos":1,"dom_n_total":1,"dom_completude":1.0},"geometry":{"type":"Polygon","coordinates":[[[-51.76339945142348,-29.04715912559314],[-51.763415359531166,-29.04529700285438],[-51.76142560051102,-29.04528210828261],[-51.76140967891354,-29.047144231021374],[-51.76339945142348,-29.04715912559314]]]}},{"type":"Feature","properties":{"id_grade":"200ME52242N81116","pop":11,"dom":5,"universo_dom":"domicilios_ocupados_grade_ibge_2022","na_bacia":1,"area_pct_bacia":100.0,"metodo_recorte_bacia":"ponto_representativo_grade_2022; area_pct_geometrica","status_borda_bacia":"total","metodo_area_bacia":"interseção geométrica em EPSG:5880","metodo_na_bacia":"ponto_representativo_grade_2022_within_bacia","pop_n_validos":1,"pop_n_total":1,"pop_completude":1.0,"dom_n_validos":1,"dom_n_total":1,"dom_completude":1.0},"geometry":{"type":"Polygon","coordinates":[[[-51.7693846383903,-29.045341605630497],[-51.76940050422985,-29.04347950177754],[-51.7674107586995,-29.0434646476753],[-51.76739487847084,-29.045326751528325],[-51.7693846383903,-29.045341605630497]]]}},{"type":"Feature","properties":{"id_grade":"200ME52244N81116","pop":9,"dom":3,"universo_dom":"domicilios_ocupados_grade_ibge_2022","na_bacia":1,"area_pct_bacia":100.0,"metodo_recorte_bacia":"ponto_representativo_grade_2022; area_pct_geometrica","status_borda_bacia":"total","metodo_area_bacia":"interseção geométrica em EPSG:5880","metodo_na_bacia":"ponto_representativo_grade_2022_within_bacia","pop_n_validos":1,"pop_n_total":1,"pop_completude":1.0,"dom_n_validos":1,"dom_n_total":1,"dom_completude":1.0},"geometry":{"type":"Polygon","coordinates":[[[-51.76739487847084,-29.045326751528325],[-51.7674107586995,-29.0434646476753],[-51.7654210131692,-29.04344978008326],[-51.76540511945063,-29.045311883936296],[-51.76739487847084,-29.045326751528325]]]}},{"type":"Feature","properties":{"id_grade":"200ME52246N81118","pop":16,"dom":5,"universo_dom":"domicilios_ocupados_grade_ibge_2022","na_bacia":1,"area_pct_bacia":100.0,"metodo_recorte_bacia":"ponto_representativo_grade_2022; area_pct_geometrica","status_borda_bacia":"total","metodo_area_bacia":"interseção geométrica em EPSG:5880","metodo_na_bacia":"ponto_representativo_grade_2022_within_bacia","pop_n_validos":1,"pop_n_total":1,"pop_completude":1.0,"dom_n_validos":1,"dom_n_total":1,"dom_completude":1.0},"geometry":{"type":"Polygon","coordinates":[[[-51.7654210131692,-29.04344978008326],[-51.765436905988395,-29.041587696914647],[-51.763447175746535,-29.04157281673213],[-51.76343126763885,-29.04343489990073],[-51.7654210131692,-29.04344978008326]]]}},{"type":"Feature","properties":{"id_grade":"200ME52246N81120","pop":12,"dom":6,"universo_dom":"domicilios_ocupados_grade_ibge_2022","na_bacia":1,"area_pct_bacia":100.0,"metodo_recorte_bacia":"ponto_representativo_grade_2022; area_pct_geometrica","status_borda_bacia":"total","metodo_area_bacia":"interseção geométrica em EPSG:5880","metodo_na_bacia":"ponto_representativo_grade_2022_within_bacia","pop_n_validos":1,"pop_n_total":1,"pop_completude":1.0,"dom_n_validos":1,"dom_n_total":1,"dom_completude":1.0},"geometry":{"type":"Polygon","coordinates":[[[-51.765436905988395,-29.041587696914647],[-51.76545279970691,-29.039725632631882],[-51.7634630829549,-29.039710753348565],[-51.763447175746535,-29.04157281673213],[-51.765436905988395,-29.041587696914647]]]}},{"type":"Feature","properties":{"id_grade":"200ME52246N81122","pop":7,"dom":2,"universo_dom":"domicilios_ocupados_grade_ibge_2022","na_bacia":1,"area_pct_bacia":100.0,"metodo_recorte_bacia":"ponto_representativo_grade_2022; area_pct_geometrica","status_borda_bacia":"total","metodo_area_bacia":"interseção geométrica em EPSG:5880","metodo_na_bacia":"ponto_representativo_grade_2022_within_bacia","pop_n_validos":1,"pop_n_total":1,"pop_completude":1.0,"dom_n_validos":1,"dom_n_total":1,"dom_completude":1.0},"geometry":{"type":"Polygon","coordinates":[[[-51.76545279970691,-29.039725632631882],[-51.76546869252609,-29.037863589033375],[-51.76347899016321,-29.037848708850746],[-51.7634630829549,-29.039710753348565],[-51.76545279970691,-29.039725632631882]]]}},{"type":"Feature","properties":{"id_grade":"200ME52240N81128","pop":4,"dom":1,"universo_dom":"domicilios_ocupados_grade_ibge_2022","na_bacia":1,"area_pct_bacia":100.0,"metodo_recorte_bacia":"ponto_representativo_grade_2022; area_pct_geometrica","status_borda_bacia":"total","metodo_area_bacia":"interseção geométrica em EPSG:5880","metodo_na_bacia":"ponto_representativo_grade_2022_within_bacia","pop_n_validos":1,"pop_n_total":1,"pop_completude":1.0,"dom_n_validos":1,"dom_n_total":1,"dom_completude":1.0},"geometry":{"type":"Polygon","coordinates":[[[-51.77146950251552,-29.034184118102576],[-51.771485352167254,-29.032322132060678],[-51.76949569117318,-29.032307292347593],[-51.76947982713227,-29.034169278389438],[-51.77146950251552,-29.034184118102576]]]}},{"type":"Feature","properties":{"id_grade":"200ME52242N81128","pop":2,"dom":1,"universo_dom":"domicilios_ocupados_grade_ibge_2022","na_bacia":1,"area_pct_bacia":100.0,"metodo_recorte_bacia":"ponto_representativo_grade_2022; area_pct_geometrica","status_borda_bacia":"total","metodo_area_bacia":"interseção geométrica em EPSG:5880","metodo_na_bacia":"ponto_representativo_grade_2022_within_bacia","pop_n_validos":1,"pop_n_total":1,"pop_completude":1.0,"dom_n_validos":1,"dom_n_total":1,"dom_completude":1.0},"geometry":{"type":"Polygon","coordinates":[[[-51.76947982713227,-29.034169278389438],[-51.76949569117318,-29.032307292347593],[-51.767506031078426,-29.032292440044014],[-51.767490152648406,-29.034154425186543],[-51.76947982713227,-29.034169278389438]]]}},{"type":"Feature","properties":{"id_grade":"200ME52242N81130","pop":2,"dom":1,"universo_dom":"domicilios_ocupados_grade_ibge_2022","na_bacia":1,"area_pct_bacia":100.0,"metodo_recorte_bacia":"ponto_representativo_grade_2022; area_pct_geometrica","status_borda_bacia":"total","metodo_area_bacia":"interseção geométrica em EPSG:5880","metodo_na_bacia":"ponto_representativo_grade_2022_within_bacia","pop_n_validos":1,"pop_n_total":1,"pop_completude":1.0,"dom_n_validos":1,"dom_n_total":1,"dom_completude":1.0},"geometry":{"type":"Polygon","coordinates":[[[-51.76949569117318,-29.032307292347593],[-51.76951155521408,-29.030445326090877],[-51.767521908609126,-29.030430474686593],[-51.767506031078426,-29.032292440044014],[-51.76949569117318,-29.032307292347593]]]}},{"type":"Feature","properties":{"id_grade":"200ME52244N81130","pop":5,"dom":1,"universo_dom":"domicilios_ocupados_grade_ibge_2022","na_bacia":1,"area_pct_bacia":100.0,"metodo_recorte_bacia":"ponto_representativo_grade_2022; area_pct_geometrica","status_borda_bacia":"total","metodo_area_bacia":"interseção geométrica em EPSG:5880","metodo_na_bacia":"ponto_representativo_grade_2022_within_bacia","pop_n_validos":1,"pop_n_total":1,"pop_completude":1.0,"dom_n_validos":1,"dom_n_total":1,"dom_completude":1.0},"geometry":{"type":"Polygon","coordinates":[[[-51.767506031078426,-29.032292440044014],[-51.767521908609126,-29.030430474686593],[-51.76553226290355,-29.03041560889316],[-51.765516370084356,-29.0322775742505],[-51.767506031078426,-29.032292440044014]]]}},{"type":"Feature","properties":{"id_grade":"200ME52250N81108","pop":7,"dom":2,"universo_dom":"domicilios_ocupados_grade_ibge_2022","na_bacia":1,"area_pct_bacia":100.0,"metodo_recorte_bacia":"ponto_representativo_grade_2022; area_pct_geometrica","status_borda_bacia":"total","metodo_area_bacia":"interseção geométrica em EPSG:5880","metodo_na_bacia":"ponto_representativo_grade_2022_within_bacia","pop_n_validos":1,"pop_n_total":1,"pop_completude":1.0,"dom_n_validos":1,"dom_n_total":1,"dom_completude":1.0},"geometry":{"type":"Polygon","coordinates":[[[-51.7613619105237,-29.052730716149593],[-51.76137783302056,-29.05086853495489],[-51.759388031732215,-29.050853626893314],[-51.75937209484624,-29.05271580718874],[-51.7613619105237,-29.052730716149593]]]}},{"type":"Feature","properties":{"id_grade":"200ME52254N81108","pop":2,"dom":1,"universo_dom":"domicilios_ocupados_grade_ibge_2022","na_bacia":1,"area_pct_bacia":100.0,"metodo_recorte_bacia":"ponto_representativo_grade_2022; area_pct_geometrica","status_borda_bacia":"total","metodo_area_bacia":"interseção geométrica em EPSG:5880","metodo_na_bacia":"ponto_representativo_grade_2022_within_bacia","pop_n_validos":1,"pop_n_total":1,"pop_completude":1.0,"dom_n_validos":1,"dom_n_total":1,"dom_completude":1.0},"geometry":{"type":"Polygon","coordinates":[[[-51.75738228006816,-29.052700885637314],[-51.757398231343245,-29.050838705341985],[-51.755408430054956,-29.05082377030064],[-51.7553924643907,-29.052685951495462],[-51.75738228006816,-29.052700885637314]]]}},{"type":"Feature","properties":{"id_grade":"200ME52256N81108","pop":8,"dom":2,"universo_dom":"domicilios_ocupados_grade_ibge_2022","na_bacia":1,"area_pct_bacia":100.0,"metodo_recorte_bacia":"ponto_representativo_grade_2022; area_pct_geometrica","status_borda_bacia":"total","metodo_area_bacia":"interseção geométrica em EPSG:5880","metodo_na_bacia":"ponto_representativo_grade_2022_within_bacia","pop_n_validos":1,"pop_n_total":1,"pop_completude":1.0,"dom_n_validos":1,"dom_n_total":1,"dom_completude":1.0},"geometry":{"type":"Polygon","coordinates":[[[-51.7553924643907,-29.052685951495462],[-51.755408430054956,-29.05082377030064],[-51.75341862966598,-29.050808822668987],[-51.753402649612546,-29.05267100296435],[-51.7553924643907,-29.052685951495462]]]}},{"type":"Feature","properties":{"id_grade":"200ME52258N81108","pop":4,"dom":1,"universo_dom":"domicilios_ocupados_grade_ibge_2022","na_bacia":1,"area_pct_bacia":100.0,"metodo_recorte_bacia":"ponto_representativo_grade_2022; area_pct_geometrica","status_borda_bacia":"total","metodo_area_bacia":"interseção geométrica em EPSG:5880","metodo_na_bacia":"ponto_representativo_grade_2022_within_bacia","pop_n_validos":1,"pop_n_total":1,"pop_completude":1.0,"dom_n_validos":1,"dom_n_total":1,"dom_completude":1.0},"geometry":{"type":"Polygon","coordinates":[[[-51.753402649612546,-29.05267100296435],[-51.75341862966598,-29.050808822668987],[-51.75142882927702,-29.050793861547444],[-51.75141283573373,-29.05265604184281],[-51.753402649612546,-29.05267100296435]]]}},{"type":"Feature","properties":{"id_grade":"200ME52250N81110","pop":5,"dom":2,"universo_dom":"domicilios_ocupados_grade_ibge_2022","na_bacia":1,"area_pct_bacia":100.0,"metodo_recorte_bacia":"ponto_representativo_grade_2022; area_pct_geometrica","status_borda_bacia":"total","metodo_area_bacia":"interseção geométrica em EPSG:5880","metodo_na_bacia":"ponto_representativo_grade_2022_within_bacia","pop_n_validos":1,"pop_n_total":1,"pop_completude":1.0,"dom_n_validos":1,"dom_n_total":1,"dom_completude":1.0},"geometry":{"type":"Polygon","coordinates":[[[-51.76137783302056,-29.05086853495489],[-51.76139375641668,-29.049006372645877],[-51.75940396861819,-29.04899146548365],[-51.759388031732215,-29.050853626893314],[-51.76137783302056,-29.05086853495489]]]}},{"type":"Feature","properties":{"id_grade":"200ME52252N81110","pop":3,"dom":1,"universo_dom":"domicilios_ocupados_grade_ibge_2022","na_bacia":1,"area_pct_bacia":100.0,"metodo_recorte_bacia":"ponto_representativo_grade_2022; area_pct_geometrica","status_borda_bacia":"total","metodo_area_bacia":"interseção geométrica em EPSG:5880","metodo_na_bacia":"ponto_representativo_grade_2022_within_bacia","pop_n_validos":1,"pop_n_total":1,"pop_completude":1.0,"dom_n_validos":1,"dom_n_total":1,"dom_completude":1.0},"geometry":{"type":"Polygon","coordinates":[[[-51.759388031732215,-29.050853626893314],[-51.75940396861819,-29.04899146548365],[-51.75741418171907,-29.048976543932294],[-51.757398231343245,-29.050838705341985],[-51.759388031732215,-29.050853626893314]]]}},{"type":"Feature","properties":{"id_grade":"200ME52254N81110","pop":5,"dom":2,"universo_dom":"domicilios_ocupados_grade_ibge_2022","na_bacia":1,"area_pct_bacia":100.0,"metodo_recorte_bacia":"ponto_representativo_grade_2022; area_pct_geometrica","status_borda_bacia":"total","metodo_area_bacia":"interseção geométrica em EPSG:5880","metodo_na_bacia":"ponto_representativo_grade_2022_within_bacia","pop_n_validos":1,"pop_n_total":1,"pop_completude":1.0,"dom_n_validos":1,"dom_n_total":1,"dom_completude":1.0},"geometry":{"type":"Polygon","coordinates":[[[-51.757398231343245,-29.050838705341985],[-51.75741418171907,-29.048976543932294],[-51.755424395719274,-29.048961609790403],[-51.755408430054956,-29.05082377030064],[-51.757398231343245,-29.050838705341985]]]}},{"type":"Feature","properties":{"id_grade":"200ME52256N81110","pop":7,"dom":2,"universo_dom":"domicilios_ocupados_grade_ibge_2022","na_bacia":1,"area_pct_bacia":100.0,"metodo_recorte_bacia":"ponto_representativo_grade_2022; area_pct_geometrica","status_borda_bacia":"total","metodo_area_bacia":"interseção geométrica em EPSG:5880","metodo_na_bacia":"ponto_representativo_grade_2022_within_bacia","pop_n_validos":1,"pop_n_total":1,"pop_completude":1.0,"dom_n_validos":1,"dom_n_total":1,"dom_completude":1.0},"geometry":{"type":"Polygon","coordinates":[[[-51.755408430054956,-29.05082377030064],[-51.755424395719274,-29.048961609790403],[-51.7534346088201,-29.048946662158748],[-51.75341862966598,-29.050808822668987],[-51.755408430054956,-29.05082377030064]]]}},{"type":"Feature","properties":{"id_grade":"200ME52258N81110","pop":2,"dom":1,"universo_dom":"domicilios_ocupados_grade_ibge_2022","na_bacia":1,"area_pct_bacia":100.0,"metodo_recorte_bacia":"ponto_representativo_grade_2022; area_pct_geometrica","status_borda_bacia":"total","metodo_area_bacia":"interseção geométrica em EPSG:5880","metodo_na_bacia":"ponto_representativo_grade_2022_within_bacia","pop_n_validos":1,"pop_n_total":1,"pop_completude":1.0,"dom_n_validos":1,"dom_n_total":1,"dom_completude":1.0},"geometry":{"type":"Polygon","coordinates":[[[-51.75341862966598,-29.050808822668987],[-51.7534346088201,-29.048946662158748],[-51.751444822820304,-29.04893170103714],[-51.75142882927702,-29.050793861547444],[-51.75341862966598,-29.050808822668987]]]}},{"type":"Feature","properties":{"id_grade":"200ME52254N81116","pop":3,"dom":1,"universo_dom":"domicilios_ocupados_grade_ibge_2022","na_bacia":1,"area_pct_bacia":100.0,"metodo_recorte_bacia":"ponto_representativo_grade_2022; area_pct_geometrica","status_borda_bacia":"total","metodo_area_bacia":"interseção geométrica em EPSG:5880","metodo_na_bacia":"ponto_representativo_grade_2022_within_bacia","pop_n_validos":1,"pop_n_total":1,"pop_completude":1.0,"dom_n_validos":1,"dom_n_total":1,"dom_completude":1.0},"geometry":{"type":"Polygon","coordinates":[[[-51.757446083369985,-29.0452522804683],[-51.75746203374581,-29.04339017841393],[-51.755472289114834,-29.043375245171344],[-51.755456325249156,-29.04523734722577],[-51.757446083369985,-29.0452522804683]]]}},{"type":"Feature","properties":{"id_grade":"200ME52256N81116","pop":5,"dom":2,"universo_dom":"domicilios_ocupados_grade_ibge_2022","na_bacia":1,"area_pct_bacia":100.0,"metodo_recorte_bacia":"ponto_representativo_grade_2022; area_pct_geometrica","status_borda_bacia":"total","metodo_area_bacia":"interseção geométrica em EPSG:5880","metodo_na_bacia":"ponto_representativo_grade_2022_within_bacia","pop_n_validos":1,"pop_n_total":1,"pop_completude":1.0,"dom_n_validos":1,"dom_n_total":1,"dom_completude":1.0},"geometry":{"type":"Polygon","coordinates":[[[-51.755456325249156,-29.04523734722577],[-51.755472289114834,-29.043375245171344],[-51.75348254538312,-29.04336029843898],[-51.75346656712833,-29.04522239959405],[-51.755456325249156,-29.04523734722577]]]}},{"type":"Feature","properties":{"id_grade":"200ME52296N81068","pop":3,"dom":1,"universo_dom":"domicilios_ocupados_grade_ibge_2022","na_bacia":1,"area_pct_bacia":100.0,"metodo_recorte_bacia":"ponto_representativo_grade_2022; area_pct_geometrica","status_borda_bacia":"total","metodo_area_bacia":"interseção geométrica em EPSG:5880","metodo_na_bacia":"ponto_representativo_grade_2022_within_bacia","pop_n_validos":1,"pop_n_total":1,"pop_completude":1.0,"dom_n_validos":1,"dom_n_total":1,"dom_completude":1.0},"geometry":{"type":"Polygon","coordinates":[[[-51.71527119610875,-29.089632115629648],[-51.715287448656795,-29.08776954592777],[-51.71329736947797,-29.087754327600106],[-51.713281102540805,-29.089616897301948],[-51.71527119610875,-29.089632115629648]]]}},{"type":"Feature","properties":{"id_grade":"200ME52296N81070","pop":7,"dom":3,"universo_dom":"domicilios_ocupados_grade_ibge_2022","na_bacia":1,"area_pct_bacia":100.0,"metodo_recorte_bacia":"ponto_representativo_grade_2022; area_pct_geometrica","status_borda_bacia":"total","metodo_area_bacia":"interseção geométrica em EPSG:5880","metodo_na_bacia":"ponto_representativo_grade_2022_within_bacia","pop_n_validos":1,"pop_n_total":1,"pop_completude":1.0,"dom_n_validos":1,"dom_n_total":1,"dom_completude":1.0},"geometry":{"type":"Polygon","coordinates":[[[-51.715287448656795,-29.08776954592777],[-51.71530370210411,-29.085906996011097],[-51.71331363641514,-29.08589177858264],[-51.71329736947797,-29.087754327600106],[-51.715287448656795,-29.08776954592777]]]}},{"type":"Feature","properties":{"id_grade":"200ME52298N81070","pop":2,"dom":1,"universo_dom":"domicilios_ocupados_grade_ibge_2022","na_bacia":1,"area_pct_bacia":100.0,"metodo_recorte_bacia":"ponto_representativo_grade_2022; area_pct_geometrica","status_borda_bacia":"total","metodo_area_bacia":"interseção geométrica em EPSG:5880","metodo_na_bacia":"ponto_representativo_grade_2022_within_bacia","pop_n_validos":1,"pop_n_total":1,"pop_completude":1.0,"dom_n_validos":1,"dom_n_total":1,"dom_completude":1.0},"geometry":{"type":"Polygon","coordinates":[[[-51.71329736947797,-29.087754327600106],[-51.71331363641514,-29.08589177858264],[-51.711323571625485,-29.0858765476645],[-51.71130729119847,-29.08773909668191],[-51.71329736947797,-29.087754327600106]]]}},{"type":"Feature","properties":{"id_grade":"200ME52298N81072","pop":1,"dom":1,"universo_dom":"domicilios_ocupados_grade_ibge_2022","na_bacia":1,"area_pct_bacia":100.0,"metodo_recorte_bacia":"ponto_representativo_grade_2022; area_pct_geometrica","status_borda_bacia":"total","metodo_area_bacia":"interseção geométrica em EPSG:5880","metodo_na_bacia":"ponto_representativo_grade_2022_within_bacia","pop_n_validos":1,"pop_n_total":1,"pop_completude":1.0,"dom_n_validos":1,"dom_n_total":1,"dom_completude":1.0},"geometry":{"type":"Polygon","coordinates":[[[-51.71331363641514,-29.08589177858264],[-51.71332990335231,-29.084029248451024],[-51.711339852951824,-29.08401401753287],[-51.711323571625485,-29.0858765476645],[-51.71331363641514,-29.08589177858264]]]}},{"type":"Feature","properties":{"id_grade":"200ME52298N81074","pop":3,"dom":1,"universo_dom":"domicilios_ocupados_grade_ibge_2022","na_bacia":1,"area_pct_bacia":100.0,"metodo_recorte_bacia":"ponto_representativo_grade_2022; area_pct_geometrica","status_borda_bacia":"total","metodo_area_bacia":"interseção geométrica em EPSG:5880","metodo_na_bacia":"ponto_representativo_grade_2022_within_bacia","pop_n_validos":1,"pop_n_total":1,"pop_completude":1.0,"dom_n_validos":1,"dom_n_total":1,"dom_completude":1.0},"geometry":{"type":"Polygon","coordinates":[[[-51.71332990335231,-29.084029248451024],[-51.71334617028947,-29.082166739003764],[-51.711356133378786,-29.08215150808562],[-51.711339852951824,-29.08401401753287],[-51.71332990335231,-29.084029248451024]]]}},{"type":"Feature","properties":{"id_grade":"200ME52296N81076","pop":22,"dom":10,"universo_dom":"domicilios_ocupados_grade_ibge_2022","na_bacia":1,"area_pct_bacia":100.0,"metodo_recorte_bacia":"ponto_representativo_grade_2022; area_pct_geometrica","status_borda_bacia":"total","metodo_area_bacia":"interseção geométrica em EPSG:5880","metodo_na_bacia":"ponto_representativo_grade_2022_within_bacia","pop_n_validos":1,"pop_n_total":1,"pop_completude":1.0,"dom_n_validos":1,"dom_n_total":1,"dom_completude":1.0},"geometry":{"type":"Polygon","coordinates":[[[-51.71533620630084,-29.082181955532825],[-51.71535245884888,-29.080319464971293],[-51.713362436327316,-29.080304248442232],[-51.71334617028947,-29.082166739003764],[-51.71533620630084,-29.082181955532825]]]}},{"type":"Feature","properties":{"id_grade":"200ME52298N81076","pop":7,"dom":4,"universo_dom":"domicilios_ocupados_grade_ibge_2022","na_bacia":1,"area_pct_bacia":100.0,"metodo_recorte_bacia":"ponto_representativo_grade_2022; area_pct_geometrica","status_borda_bacia":"total","metodo_area_bacia":"interseção geométrica em EPSG:5880","metodo_na_bacia":"ponto_representativo_grade_2022_within_bacia","pop_n_validos":1,"pop_n_total":1,"pop_completude":1.0,"dom_n_validos":1,"dom_n_total":1,"dom_completude":1.0},"geometry":{"type":"Polygon","coordinates":[[[-51.71334617028947,-29.082166739003764],[-51.713362436327316,-29.080304248442232],[-51.71137241380581,-29.080289018423358],[-51.711356133378786,-29.08215150808562],[-51.71334617028947,-29.082166739003764]]]}},{"type":"Feature","properties":{"id_grade":"200ME52294N81078","pop":2,"dom":1,"universo_dom":"domicilios_ocupados_grade_ibge_2022","na_bacia":1,"area_pct_bacia":100.0,"metodo_recorte_bacia":"ponto_representativo_grade_2022; area_pct_geometrica","status_borda_bacia":"total","metodo_area_bacia":"interseção geométrica em EPSG:5880","metodo_na_bacia":"ponto_representativo_grade_2022_within_bacia","pop_n_validos":1,"pop_n_total":1,"pop_completude":1.0,"dom_n_validos":1,"dom_n_total":1,"dom_completude":1.0},"geometry":{"type":"Polygon","coordinates":[[[-51.717342481370395,-29.08033466890974],[-51.717358719529216,-29.078472198133422],[-51.71536871049755,-29.07845699419488],[-51.71535245884888,-29.080319464971293],[-51.717342481370395,-29.08033466890974]]]}},{"type":"Feature","properties":{"id_grade":"200ME52296N81078","pop":19,"dom":9,"universo_dom":"domicilios_ocupados_grade_ibge_2022","na_bacia":1,"area_pct_bacia":100.0,"metodo_recorte_bacia":"ponto_representativo_grade_2022; area_pct_geometrica","status_borda_bacia":"total","metodo_area_bacia":"interseção geométrica em EPSG:5880","metodo_na_bacia":"ponto_representativo_grade_2022_within_bacia","pop_n_validos":1,"pop_n_total":1,"pop_completude":1.0,"dom_n_validos":1,"dom_n_total":1,"dom_completude":1.0},"geometry":{"type":"Polygon","coordinates":[[[-51.71535245884888,-29.080319464971293],[-51.71536871049755,-29.07845699419488],[-51.713378702365155,-29.07844177766594],[-51.713362436327316,-29.080304248442232],[-51.71535245884888,-29.080319464971293]]]}},{"type":"Feature","properties":{"id_grade":"200ME52298N81078","pop":17,"dom":7,"universo_dom":"domicilios_ocupados_grade_ibge_2022","na_bacia":1,"area_pct_bacia":100.0,"metodo_recorte_bacia":"ponto_representativo_grade_2022; area_pct_geometrica","status_borda_bacia":"total","metodo_area_bacia":"interseção geométrica em EPSG:5880","metodo_na_bacia":"ponto_representativo_grade_2022_within_bacia","pop_n_validos":1,"pop_n_total":1,"pop_completude":1.0,"dom_n_validos":1,"dom_n_total":1,"dom_completude":1.0},"geometry":{"type":"Polygon","coordinates":[[[-51.713362436327316,-29.080304248442232],[-51.713378702365155,-29.07844177766594],[-51.711388694232824,-29.078426547646984],[-51.71137241380581,-29.080289018423358],[-51.713362436327316,-29.080304248442232]]]}},{"type":"Feature","properties":{"id_grade":"200ME52292N81080","pop":2,"dom":1,"universo_dom":"domicilios_ocupados_grade_ibge_2022","na_bacia":1,"area_pct_bacia":100.0,"metodo_recorte_bacia":"ponto_representativo_grade_2022; area_pct_geometrica","status_borda_bacia":"total","metodo_area_bacia":"interseção geométrica em EPSG:5880","metodo_na_bacia":"ponto_representativo_grade_2022_within_bacia","pop_n_validos":1,"pop_n_total":1,"pop_completude":1.0,"dom_n_validos":1,"dom_n_total":1,"dom_completude":1.0},"geometry":{"type":"Polygon","coordinates":[[[-51.71934872766161,-29.078487388581983],[-51.71936495143131,-29.076624936691445],[-51.717374956788774,-29.07660974624279],[-51.717358719529216,-29.078472198133422],[-51.71934872766161,-29.078487388581983]]]}},{"type":"Feature","properties":{"id_grade":"200ME52294N81080","pop":6,"dom":2,"universo_dom":"domicilios_ocupados_grade_ibge_2022","na_bacia":1,"area_pct_bacia":100.0,"metodo_recorte_bacia":"ponto_representativo_grade_2022; area_pct_geometrica","status_borda_bacia":"total","metodo_area_bacia":"interseção geométrica em EPSG:5880","metodo_na_bacia":"ponto_representativo_grade_2022_within_bacia","pop_n_validos":1,"pop_n_total":1,"pop_completude":1.0,"dom_n_validos":1,"dom_n_total":1,"dom_completude":1.0},"geometry":{"type":"Polygon","coordinates":[[[-51.717358719529216,-29.078472198133422],[-51.717374956788774,-29.07660974624279],[-51.71538496214623,-29.076594543203495],[-51.71536871049755,-29.07845699419488],[-51.717358719529216,-29.078472198133422]]]}},{"type":"Feature","properties":{"id_grade":"200ME52296N81080","pop":20,"dom":4,"universo_dom":"domicilios_ocupados_grade_ibge_2022","na_bacia":1,"area_pct_bacia":100.0,"metodo_recorte_bacia":"ponto_representativo_grade_2022; area_pct_geometrica","status_borda_bacia":"total","metodo_area_bacia":"interseção geométrica em EPSG:5880","metodo_na_bacia":"ponto_representativo_grade_2022_within_bacia","pop_n_validos":1,"pop_n_total":1,"pop_completude":1.0,"dom_n_validos":1,"dom_n_total":1,"dom_completude":1.0},"geometry":{"type":"Polygon","coordinates":[[[-51.71536871049755,-29.07845699419488],[-51.71538496214623,-29.076594543203495],[-51.713394968403,-29.076579326674594],[-51.713378702365155,-29.07844177766594],[-51.71536871049755,-29.07845699419488]]]}},{"type":"Feature","properties":{"id_grade":"200ME52298N81080","pop":18,"dom":7,"universo_dom":"domicilios_ocupados_grade_ibge_2022","na_bacia":1,"area_pct_bacia":100.0,"metodo_recorte_bacia":"ponto_representativo_grade_2022; area_pct_geometrica","status_borda_bacia":"total","metodo_area_bacia":"interseção geométrica em EPSG:5880","metodo_na_bacia":"ponto_representativo_grade_2022_within_bacia","pop_n_validos":1,"pop_n_total":1,"pop_completude":1.0,"dom_n_validos":1,"dom_n_total":1,"dom_completude":1.0},"geometry":{"type":"Polygon","coordinates":[[[-51.713378702365155,-29.07844177766594],[-51.713394968403,-29.076579326674594],[-51.711404973760466,-29.076564097555007],[-51.711388694232824,-29.078426547646984],[-51.713378702365155,-29.07844177766594]]]}},{"type":"Feature","properties":{"id_grade":"200ME52292N81082","pop":4,"dom":2,"universo_dom":"domicilios_ocupados_grade_ibge_2022","na_bacia":1,"area_pct_bacia":100.0,"metodo_recorte_bacia":"ponto_representativo_grade_2022; area_pct_geometrica","status_borda_bacia":"total","metodo_area_bacia":"interseção geométrica em EPSG:5880","metodo_na_bacia":"ponto_representativo_grade_2022_within_bacia","pop_n_validos":1,"pop_n_total":1,"pop_completude":1.0,"dom_n_validos":1,"dom_n_total":1,"dom_completude":1.0},"geometry":{"type":"Polygon","coordinates":[[[-51.71936495143131,-29.076624936691445],[-51.71938117430171,-29.07476250458591],[-51.71739119404833,-29.074747315036493],[-51.717374956788774,-29.07660974624279],[-51.71936495143131,-29.076624936691445]]]}},{"type":"Feature","properties":{"id_grade":"200ME52294N81082","pop":9,"dom":4,"universo_dom":"domicilios_ocupados_grade_ibge_2022","na_bacia":1,"area_pct_bacia":100.0,"metodo_recorte_bacia":"ponto_representativo_grade_2022; area_pct_geometrica","status_borda_bacia":"total","metodo_area_bacia":"interseção geométrica em EPSG:5880","metodo_na_bacia":"ponto_representativo_grade_2022_within_bacia","pop_n_validos":1,"pop_n_total":1,"pop_completude":1.0,"dom_n_validos":1,"dom_n_total":1,"dom_completude":1.0},"geometry":{"type":"Polygon","coordinates":[[[-51.717374956788774,-29.07660974624279],[-51.71739119404833,-29.074747315036493],[-51.71540121379496,-29.07473211199733],[-51.71538496214623,-29.076594543203495],[-51.717374956788774,-29.07660974624279]]]}},{"type":"Feature","properties":{"id_grade":"200ME52296N81082","pop":7,"dom":3,"universo_dom":"domicilios_ocupados_grade_ibge_2022","na_bacia":1,"area_pct_bacia":100.0,"metodo_recorte_bacia":"ponto_representativo_grade_2022; area_pct_geometrica","status_borda_bacia":"total","metodo_area_bacia":"interseção geométrica em EPSG:5880","metodo_na_bacia":"ponto_representativo_grade_2022_within_bacia","pop_n_validos":1,"pop_n_total":1,"pop_completude":1.0,"dom_n_validos":1,"dom_n_total":1,"dom_completude":1.0},"geometry":{"type":"Polygon","coordinates":[[[-51.71538496214623,-29.076594543203495],[-51.71540121379496,-29.07473211199733],[-51.71341123354154,-29.074716895468352],[-51.713394968403,-29.076579326674594],[-51.71538496214623,-29.076594543203495]]]}},{"type":"Feature","properties":{"id_grade":"200ME52294N81084","pop":6,"dom":3,"universo_dom":"domicilios_ocupados_grade_ibge_2022","na_bacia":1,"area_pct_bacia":100.0,"metodo_recorte_bacia":"ponto_representativo_grade_2022; area_pct_geometrica","status_borda_bacia":"total","metodo_area_bacia":"interseção geométrica em EPSG:5880","metodo_na_bacia":"ponto_representativo_grade_2022_within_bacia","pop_n_validos":1,"pop_n_total":1,"pop_completude":1.0,"dom_n_validos":1,"dom_n_total":1,"dom_completude":1.0},"geometry":{"type":"Polygon","coordinates":[[[-51.71739119404833,-29.074747315036493],[-51.71740743130789,-29.0728849027161],[-51.715417464544316,-29.07286970057619],[-51.71540121379496,-29.07473211199733],[-51.71739119404833,-29.074747315036493]]]}},{"type":"Feature","properties":{"id_grade":"200ME52296N81084","pop":5,"dom":2,"universo_dom":"domicilios_ocupados_grade_ibge_2022","na_bacia":1,"area_pct_bacia":100.0,"metodo_recorte_bacia":"ponto_representativo_grade_2022; area_pct_geometrica","status_borda_bacia":"total","metodo_area_bacia":"interseção geométrica em EPSG:5880","metodo_na_bacia":"ponto_representativo_grade_2022_within_bacia","pop_n_validos":1,"pop_n_total":1,"pop_completude":1.0,"dom_n_validos":1,"dom_n_total":1,"dom_completude":1.0},"geometry":{"type":"Polygon","coordinates":[[[-51.71540121379496,-29.07473211199733],[-51.715417464544316,-29.07286970057619],[-51.71342749868006,-29.072854484047223],[-51.71341123354154,-29.074716895468352],[-51.71540121379496,-29.07473211199733]]]}},{"type":"Feature","properties":{"id_grade":"200ME52290N81086","pop":2,"dom":1,"universo_dom":"domicilios_ocupados_grade_ibge_2022","na_bacia":1,"area_pct_bacia":100.0,"metodo_recorte_bacia":"ponto_representativo_grade_2022; area_pct_geometrica","status_borda_bacia":"total","metodo_area_bacia":"interseção geométrica em EPSG:5880","metodo_na_bacia":"ponto_representativo_grade_2022_within_bacia","pop_n_validos":1,"pop_n_total":1,"pop_completude":1.0,"dom_n_validos":1,"dom_n_total":1,"dom_completude":1.0},"geometry":{"type":"Polygon","coordinates":[[[-51.72138736393566,-29.072915268324955],[-51.721403572416875,-29.07105287578952],[-51.719413620042474,-29.071037699729963],[-51.71939739717209,-29.072900092265392],[-51.72138736393566,-29.072915268324955]]]}},{"type":"Feature","properties":{"id_grade":"200ME52294N81090","pop":3,"dom":2,"universo_dom":"domicilios_ocupados_grade_ibge_2022","na_bacia":1,"area_pct_bacia":100.0,"metodo_recorte_bacia":"ponto_representativo_grade_2022; area_pct_geometrica","status_borda_bacia":"total","metodo_area_bacia":"interseção geométrica em EPSG:5880","metodo_na_bacia":"ponto_representativo_grade_2022_within_bacia","pop_n_validos":1,"pop_n_total":1,"pop_completude":1.0,"dom_n_validos":1,"dom_n_total":1,"dom_completude":1.0},"geometry":{"type":"Polygon","coordinates":[[[-51.71743990402831,-29.069160138329718],[-51.71745614038855,-29.067297785364516],[-51.715466216792436,-29.06728258412395],[-51.7154499669424,-29.06914493618974],[-51.71743990402831,-29.069160138329718]]]}}]}
