{"type":"FeatureCollection","name":"4322350","crs":{"type":"name","properties":{"name":"urn:ogc:def:crs:OGC:1.3:CRS84"}},"features":[{"type":"Feature","properties":{"id_grade":"200ME51982N81382","pop":2,"dom":1,"universo_dom":"domicilios_ocupados_grade_ibge_2022","na_bacia":1,"area_pct_bacia":100.0,"metodo_recorte_bacia":"ponto_representativo_grade_2022; area_pct_geometrica","status_borda_bacia":"total","metodo_area_bacia":"interseção geométrica em EPSG:5880","metodo_na_bacia":"ponto_representativo_grade_2022_within_bacia","pop_n_validos":1,"pop_n_total":1,"pop_completude":1.0,"dom_n_validos":1,"dom_n_total":1,"dom_completude":1.0},"geometry":{"type":"Polygon","coordinates":[[[-52.029918926812265,-28.799667396887063],[-52.029932926034,-28.797807851569104],[-52.027945033153564,-28.797794749757244],[-52.02793101980688,-28.79965429484625],[-52.029918926812265,-28.799667396887063]]]}},{"type":"Feature","properties":{"id_grade":"200ME51980N81384","pop":8,"dom":2,"universo_dom":"domicilios_ocupados_grade_ibge_2022","na_bacia":1,"area_pct_bacia":100.0,"metodo_recorte_bacia":"ponto_representativo_grade_2022; area_pct_geometrica","status_borda_bacia":"total","metodo_area_bacia":"interseção geométrica em EPSG:5880","metodo_na_bacia":"ponto_representativo_grade_2022_within_bacia","pop_n_validos":1,"pop_n_total":1,"pop_completude":1.0,"dom_n_validos":1,"dom_n_total":1,"dom_completude":1.0},"geometry":{"type":"Polygon","coordinates":[[[-52.03192081911338,-28.797820940168442],[-52.03193480401141,-28.79596141389977],[-52.029946925056784,-28.79594832552912],[-52.029932926034,-28.797807851569104],[-52.03192081911338,-28.797820940168442]]]}},{"type":"Feature","properties":{"id_grade":"200ME51982N81384","pop":5,"dom":1,"universo_dom":"domicilios_ocupados_grade_ibge_2022","na_bacia":1,"area_pct_bacia":100.0,"metodo_recorte_bacia":"ponto_representativo_grade_2022; area_pct_geometrica","status_borda_bacia":"total","metodo_area_bacia":"interseção geométrica em EPSG:5880","metodo_na_bacia":"ponto_representativo_grade_2022_within_bacia","pop_n_validos":1,"pop_n_total":1,"pop_completude":1.0,"dom_n_validos":1,"dom_n_total":1,"dom_completude":1.0},"geometry":{"type":"Polygon","coordinates":[[[-52.029932926034,-28.797807851569104],[-52.029946925056784,-28.79594832552912],[-52.027959046301106,-28.79593522394612],[-52.027945033153564,-28.797794749757244],[-52.029932926034,-28.797807851569104]]]}},{"type":"Feature","properties":{"id_grade":"200ME51980N81386","pop":4,"dom":1,"universo_dom":"domicilios_ocupados_grade_ibge_2022","na_bacia":1,"area_pct_bacia":100.0,"metodo_recorte_bacia":"ponto_representativo_grade_2022; area_pct_geometrica","status_borda_bacia":"total","metodo_area_bacia":"interseção geométrica em EPSG:5880","metodo_na_bacia":"ponto_representativo_grade_2022_within_bacia","pop_n_validos":1,"pop_n_total":1,"pop_completude":1.0,"dom_n_validos":1,"dom_n_total":1,"dom_completude":1.0},"geometry":{"type":"Polygon","coordinates":[[[-52.03193480401141,-28.79596141389977],[-52.031948788710686,-28.794101906906157],[-52.02996092388062,-28.794088818764184],[-52.029946925056784,-28.79594832552912],[-52.03193480401141,-28.79596141389977]]]}},{"type":"Feature","properties":{"id_grade":"200ME51982N81388","pop":4,"dom":1,"universo_dom":"domicilios_ocupados_grade_ibge_2022","na_bacia":1,"area_pct_bacia":100.0,"metodo_recorte_bacia":"ponto_representativo_grade_2022; area_pct_geometrica","status_borda_bacia":"total","metodo_area_bacia":"interseção geométrica em EPSG:5880","metodo_na_bacia":"ponto_representativo_grade_2022_within_bacia","pop_n_validos":1,"pop_n_total":1,"pop_completude":1.0,"dom_n_validos":1,"dom_n_total":1,"dom_completude":1.0},"geometry":{"type":"Polygon","coordinates":[[[-52.02996092388062,-28.794088818764184],[-52.029974922505524,-28.792229331271276],[-52.02798707199875,-28.792216230146042],[-52.0279730592495,-28.794075717410088],[-52.02996092388062,-28.794088818764184]]]}},{"type":"Feature","properties":{"id_grade":"200ME51986N81388","pop":3,"dom":1,"universo_dom":"domicilios_ocupados_grade_ibge_2022","na_bacia":1,"area_pct_bacia":100.0,"metodo_recorte_bacia":"ponto_representativo_grade_2022; area_pct_geometrica","status_borda_bacia":"total","metodo_area_bacia":"interseção geométrica em EPSG:5880","metodo_na_bacia":"ponto_representativo_grade_2022_within_bacia","pop_n_validos":1,"pop_n_total":1,"pop_completude":1.0,"dom_n_validos":1,"dom_n_total":1,"dom_completude":1.0},"geometry":{"type":"Polygon","coordinates":[[[-52.025985194817515,-28.794062602844008],[-52.025999221691116,-28.792203115809027],[-52.024011371582816,-28.792189988260215],[-52.023997330584876,-28.794049475065815],[-52.025985194817515,-28.794062602844008]]]}},{"type":"Feature","properties":{"id_grade":"200ME51988N81388","pop":6,"dom":3,"universo_dom":"domicilios_ocupados_grade_ibge_2022","na_bacia":1,"area_pct_bacia":100.0,"metodo_recorte_bacia":"ponto_representativo_grade_2022; area_pct_geometrica","status_borda_bacia":"total","metodo_area_bacia":"interseção geométrica em EPSG:5880","metodo_na_bacia":"ponto_representativo_grade_2022_within_bacia","pop_n_validos":1,"pop_n_total":1,"pop_completude":1.0,"dom_n_validos":1,"dom_n_total":1,"dom_completude":1.0},"geometry":{"type":"Polygon","coordinates":[[[-52.023997330584876,-28.794049475065815],[-52.024011371582816,-28.792189988260215],[-52.022023521674065,-28.792176847499622],[-52.02200946655178,-28.794036334075606],[-52.023997330584876,-28.794049475065815]]]}},{"type":"Feature","properties":{"id_grade":"200ME51984N81390","pop":2,"dom":1,"universo_dom":"domicilios_ocupados_grade_ibge_2022","na_bacia":1,"area_pct_bacia":100.0,"metodo_recorte_bacia":"ponto_representativo_grade_2022; area_pct_geometrica","status_borda_bacia":"total","metodo_area_bacia":"interseção geométrica em EPSG:5880","metodo_na_bacia":"ponto_representativo_grade_2022_within_bacia","pop_n_validos":1,"pop_n_total":1,"pop_completude":1.0,"dom_n_validos":1,"dom_n_total":1,"dom_completude":1.0},"geometry":{"type":"Polygon","coordinates":[[[-52.02798707199875,-28.792216230146042],[-52.02800108454886,-28.790356762151067],[-52.02601324836538,-28.79034364804318],[-52.025999221691116,-28.792203115809027],[-52.02798707199875,-28.792216230146042]]]}},{"type":"Feature","properties":{"id_grade":"1KME5197N8133","pop":6,"dom":2,"universo_dom":"domicilios_ocupados_grade_ibge_2022","na_bacia":1,"area_pct_bacia":100.0,"metodo_recorte_bacia":"ponto_representativo_grade_2022; area_pct_geometrica","status_borda_bacia":"total","metodo_area_bacia":"interseção geométrica em EPSG:5880","metodo_na_bacia":"ponto_representativo_grade_2022_within_bacia","pop_n_validos":1,"pop_n_total":1,"pop_completude":1.0,"dom_n_validos":1,"dom_n_total":1,"dom_completude":1.0},"geometry":{"type":"Polygon","coordinates":[[[-52.041498446938256,-28.846240672902745],[-52.041568042044375,-28.836940718374272],[-52.03162709033732,-28.836875449597944],[-52.031557141991435,-28.84617539841209],[-52.041498446938256,-28.846240672902745]]]}},{"type":"Feature","properties":{"id_grade":"1KME5196N8134","pop":2,"dom":1,"universo_dom":"domicilios_ocupados_grade_ibge_2022","na_bacia":1,"area_pct_bacia":100.0,"metodo_recorte_bacia":"ponto_representativo_grade_2022; area_pct_geometrica","status_borda_bacia":"total","metodo_area_bacia":"interseção geométrica em EPSG:5880","metodo_na_bacia":"ponto_representativo_grade_2022_within_bacia","pop_n_validos":1,"pop_n_total":1,"pop_completude":1.0,"dom_n_validos":1,"dom_n_total":1,"dom_completude":1.0},"geometry":{"type":"Polygon","coordinates":[[[-52.05150899869728,-28.83700565671551],[-52.05157823564237,-28.827706180016133],[-52.04163763220464,-28.82764124735774],[-52.041568042044375,-28.836940718374272],[-52.05150899869728,-28.83700565671551]]]}},{"type":"Feature","properties":{"id_grade":"1KME5197N8134","pop":18,"dom":4,"universo_dom":"domicilios_ocupados_grade_ibge_2022","na_bacia":1,"area_pct_bacia":100.0,"metodo_recorte_bacia":"ponto_representativo_grade_2022; area_pct_geometrica","status_borda_bacia":"total","metodo_area_bacia":"interseção geométrica em EPSG:5880","metodo_na_bacia":"ponto_representativo_grade_2022_within_bacia","pop_n_validos":1,"pop_n_total":1,"pop_completude":1.0,"dom_n_validos":1,"dom_n_total":1,"dom_completude":1.0},"geometry":{"type":"Polygon","coordinates":[[[-52.041568042044375,-28.836940718374272],[-52.04163763220464,-28.82764124735774],[-52.03169703371225,-28.82757598429266],[-52.03162709033732,-28.836875449597944],[-52.041568042044375,-28.836940718374272]]]}},{"type":"Feature","properties":{"id_grade":"1KME5198N8134","pop":8,"dom":2,"universo_dom":"domicilios_ocupados_grade_ibge_2022","na_bacia":1,"area_pct_bacia":100.0,"metodo_recorte_bacia":"ponto_representativo_grade_2022; area_pct_geometrica","status_borda_bacia":"total","metodo_area_bacia":"interseção geométrica em EPSG:5880","metodo_na_bacia":"ponto_representativo_grade_2022_within_bacia","pop_n_validos":1,"pop_n_total":1,"pop_completude":1.0,"dom_n_validos":1,"dom_n_total":1,"dom_completude":1.0},"geometry":{"type":"Polygon","coordinates":[[[-52.03162709033732,-28.836875449597944],[-52.03169703371225,-28.82757598429266],[-52.02175644019025,-28.82751039082244],[-52.0216861436012,-28.836809850387674],[-52.03162709033732,-28.836875449597944]]]}},{"type":"Feature","properties":{"id_grade":"1KME5196N8135","pop":3,"dom":2,"universo_dom":"domicilios_ocupados_grade_ibge_2022","na_bacia":1,"area_pct_bacia":100.0,"metodo_recorte_bacia":"ponto_representativo_grade_2022; area_pct_geometrica","status_borda_bacia":"total","metodo_area_bacia":"interseção geométrica em EPSG:5880","metodo_na_bacia":"ponto_representativo_grade_2022_within_bacia","pop_n_validos":1,"pop_n_total":1,"pop_completude":1.0,"dom_n_validos":1,"dom_n_total":1,"dom_completude":1.0},"geometry":{"type":"Polygon","coordinates":[[[-52.05157823564237,-28.827706180016133],[-52.05164746766722,-28.818407186460234],[-52.041707217419585,-28.818342259480964],[-52.04163763220464,-28.82764124735774],[-52.05157823564237,-28.827706180016133]]]}},{"type":"Feature","properties":{"id_grade":"1KME5197N8135","pop":6,"dom":2,"universo_dom":"domicilios_ocupados_grade_ibge_2022","na_bacia":1,"area_pct_bacia":100.0,"metodo_recorte_bacia":"ponto_representativo_grade_2022; area_pct_geometrica","status_borda_bacia":"total","metodo_area_bacia":"interseção geométrica em EPSG:5880","metodo_na_bacia":"ponto_representativo_grade_2022_within_bacia","pop_n_validos":1,"pop_n_total":1,"pop_completude":1.0,"dom_n_validos":1,"dom_n_total":1,"dom_completude":1.0},"geometry":{"type":"Polygon","coordinates":[[[-52.04163763220464,-28.82764124735774],[-52.041707217419585,-28.818342259480964],[-52.03176697211674,-28.818277002124667],[-52.03169703371225,-28.82757598429266],[-52.04163763220464,-28.82764124735774]]]}},{"type":"Feature","properties":{"id_grade":"1KME5198N8135","pop":3,"dom":2,"universo_dom":"domicilios_ocupados_grade_ibge_2022","na_bacia":1,"area_pct_bacia":100.0,"metodo_recorte_bacia":"ponto_representativo_grade_2022; area_pct_geometrica","status_borda_bacia":"total","metodo_area_bacia":"interseção geométrica em EPSG:5880","metodo_na_bacia":"ponto_representativo_grade_2022_within_bacia","pop_n_validos":1,"pop_n_total":1,"pop_completude":1.0,"dom_n_validos":1,"dom_n_total":1,"dom_completude":1.0},"geometry":{"type":"Polygon","coordinates":[[[-52.03169703371225,-28.82757598429266],[-52.03176697211674,-28.818277002124667],[-52.02182673178379,-28.818211414391392],[-52.02175644019025,-28.82751039082244],[-52.03169703371225,-28.82757598429266]]]}},{"type":"Feature","properties":{"id_grade":"1KME5200N8135","pop":5,"dom":2,"universo_dom":"domicilios_ocupados_grade_ibge_2022","na_bacia":1,"area_pct_bacia":100.0,"metodo_recorte_bacia":"ponto_representativo_grade_2022; area_pct_geometrica","status_borda_bacia":"total","metodo_area_bacia":"interseção geométrica em EPSG:5880","metodo_na_bacia":"ponto_representativo_grade_2022_within_bacia","pop_n_validos":1,"pop_n_total":1,"pop_completude":1.0,"dom_n_validos":1,"dom_n_total":1,"dom_completude":1.0},"geometry":{"type":"Polygon","coordinates":[[[-52.0118158516638,-28.82744446694705],[-52.01188649644583,-28.818145496282252],[-52.00194626612795,-28.818079247797563],[-52.00187526815795,-28.827378212667604],[-52.0118158516638,-28.82744446694705]]]}},{"type":"Feature","properties":{"id_grade":"1KME5196N8136","pop":3,"dom":2,"universo_dom":"domicilios_ocupados_grade_ibge_2022","na_bacia":1,"area_pct_bacia":100.0,"metodo_recorte_bacia":"ponto_representativo_grade_2022; area_pct_geometrica","status_borda_bacia":"total","metodo_area_bacia":"interseção geométrica em EPSG:5880","metodo_na_bacia":"ponto_representativo_grade_2022_within_bacia","pop_n_validos":1,"pop_n_total":1,"pop_completude":1.0,"dom_n_validos":1,"dom_n_total":1,"dom_completude":1.0},"geometry":{"type":"Polygon","coordinates":[[[-52.05164746766722,-28.818407186460234],[-52.05171669477238,-28.809108675676207],[-52.041776797689735,-28.809043754373178],[-52.041707217419585,-28.818342259480964],[-52.05164746766722,-28.818407186460234]]]}},{"type":"Feature","properties":{"id_grade":"1KME5197N8136","pop":12,"dom":4,"universo_dom":"domicilios_ocupados_grade_ibge_2022","na_bacia":1,"area_pct_bacia":100.0,"metodo_recorte_bacia":"ponto_representativo_grade_2022; area_pct_geometrica","status_borda_bacia":"total","metodo_area_bacia":"interseção geométrica em EPSG:5880","metodo_na_bacia":"ponto_representativo_grade_2022_within_bacia","pop_n_validos":1,"pop_n_total":1,"pop_completude":1.0,"dom_n_validos":1,"dom_n_total":1,"dom_completude":1.0},"geometry":{"type":"Polygon","coordinates":[[[-52.041707217419585,-28.818342259480964],[-52.041776797689735,-28.809043754373178],[-52.03183690555135,-28.808978502722443],[-52.03176697211674,-28.818277002124667],[-52.041707217419585,-28.818342259480964]]]}},{"type":"Feature","properties":{"id_grade":"1KME5198N8136","pop":6,"dom":2,"universo_dom":"domicilios_ocupados_grade_ibge_2022","na_bacia":1,"area_pct_bacia":100.0,"metodo_recorte_bacia":"ponto_representativo_grade_2022; area_pct_geometrica","status_borda_bacia":"total","metodo_area_bacia":"interseção geométrica em EPSG:5880","metodo_na_bacia":"ponto_representativo_grade_2022_within_bacia","pop_n_validos":1,"pop_n_total":1,"pop_completude":1.0,"dom_n_validos":1,"dom_n_total":1,"dom_completude":1.0},"geometry":{"type":"Polygon","coordinates":[[[-52.03176697211674,-28.818277002124667],[-52.03183690555135,-28.808978502722443],[-52.02189701838234,-28.808912920723323],[-52.02182673178379,-28.818211414391392],[-52.03176697211674,-28.818277002124667]]]}},{"type":"Feature","properties":{"id_grade":"1KME5199N8136","pop":7,"dom":2,"universo_dom":"domicilios_ocupados_grade_ibge_2022","na_bacia":1,"area_pct_bacia":100.0,"metodo_recorte_bacia":"ponto_representativo_grade_2022; area_pct_geometrica","status_borda_bacia":"total","metodo_area_bacia":"interseção geométrica em EPSG:5880","metodo_na_bacia":"ponto_representativo_grade_2022_within_bacia","pop_n_validos":1,"pop_n_total":1,"pop_completude":1.0,"dom_n_validos":1,"dom_n_total":1,"dom_completude":1.0},"geometry":{"type":"Polygon","coordinates":[[[-52.02182673178379,-28.818211414391392],[-52.02189701838234,-28.808912920723323],[-52.01195713620778,-28.808847008377228],[-52.01188649644583,-28.818145496282252],[-52.02182673178379,-28.818211414391392]]]}},{"type":"Feature","properties":{"id_grade":"1KME5200N8136","pop":9,"dom":3,"universo_dom":"domicilios_ocupados_grade_ibge_2022","na_bacia":1,"area_pct_bacia":100.0,"metodo_recorte_bacia":"ponto_representativo_grade_2022; area_pct_geometrica","status_borda_bacia":"total","metodo_area_bacia":"interseção geométrica em EPSG:5880","metodo_na_bacia":"ponto_representativo_grade_2022_within_bacia","pop_n_validos":1,"pop_n_total":1,"pop_completude":1.0,"dom_n_validos":1,"dom_n_total":1,"dom_completude":1.0},"geometry":{"type":"Polygon","coordinates":[[[-52.01188649644583,-28.818145496282252],[-52.01195713620778,-28.808847008377228],[-52.00201725905277,-28.808780765684585],[-52.00194626612795,-28.818079247797563],[-52.01188649644583,-28.818145496282252]]]}},{"type":"Feature","properties":{"id_grade":"1KME5201N8136","pop":9,"dom":4,"universo_dom":"domicilios_ocupados_grade_ibge_2022","na_bacia":1,"area_pct_bacia":100.0,"metodo_recorte_bacia":"ponto_representativo_grade_2022; area_pct_geometrica","status_borda_bacia":"total","metodo_area_bacia":"interseção geométrica em EPSG:5880","metodo_na_bacia":"ponto_representativo_grade_2022_within_bacia","pop_n_validos":1,"pop_n_total":1,"pop_completude":1.0,"dom_n_validos":1,"dom_n_total":1,"dom_completude":1.0},"geometry":{"type":"Polygon","coordinates":[[[-52.00194626612795,-28.818079247797563],[-52.00201725905277,-28.808780765684585],[-51.9920773869424,-28.80871419264598],[-51.992006040855244,-28.8180126689383],[-52.00194626612795,-28.818079247797563]]]}},{"type":"Feature","properties":{"id_grade":"1KME5202N8136","pop":8,"dom":4,"universo_dom":"domicilios_ocupados_grade_ibge_2022","na_bacia":1,"area_pct_bacia":100.0,"metodo_recorte_bacia":"ponto_representativo_grade_2022; area_pct_geometrica","status_borda_bacia":"total","metodo_area_bacia":"interseção geométrica em EPSG:5880","metodo_na_bacia":"ponto_representativo_grade_2022_within_bacia","pop_n_validos":1,"pop_n_total":1,"pop_completude":1.0,"dom_n_validos":1,"dom_n_total":1,"dom_completude":1.0},"geometry":{"type":"Polygon","coordinates":[[[-51.992006040855244,-28.8180126689383],[-51.9920773869424,-28.80871419264598],[-51.982137519901755,-28.80864728926203],[-51.982065820652814,-28.817945759704738],[-51.992006040855244,-28.8180126689383]]]}},{"type":"Feature","properties":{"id_grade":"1KME5204N8136","pop":13,"dom":3,"universo_dom":"domicilios_ocupados_grade_ibge_2022","na_bacia":1,"area_pct_bacia":100.0,"metodo_recorte_bacia":"ponto_representativo_grade_2022; area_pct_geometrica","status_borda_bacia":"total","metodo_area_bacia":"interseção geométrica em EPSG:5880","metodo_na_bacia":"ponto_representativo_grade_2022_within_bacia","pop_n_validos":1,"pop_n_total":1,"pop_completude":1.0,"dom_n_validos":1,"dom_n_total":1,"dom_completude":1.0},"geometry":{"type":"Polygon","coordinates":[[[-51.97212560554575,-28.81787852009751],[-51.972197657955945,-28.808580055533596],[-51.962257801130036,-28.808512491460935],[-51.96218539555915,-28.817810950117806],[-51.97212560554575,-28.81787852009751]]]}},{"type":"Feature","properties":{"id_grade":"1KME5205N8136","pop":3,"dom":1,"universo_dom":"domicilios_ocupados_grade_ibge_2022","na_bacia":1,"area_pct_bacia":100.0,"metodo_recorte_bacia":"ponto_representativo_grade_2022; area_pct_geometrica","status_borda_bacia":"total","metodo_area_bacia":"interseção geométrica em EPSG:5880","metodo_na_bacia":"ponto_representativo_grade_2022_within_bacia","pop_n_validos":1,"pop_n_total":1,"pop_completude":1.0,"dom_n_validos":1,"dom_n_total":1,"dom_completude":1.0},"geometry":{"type":"Polygon","coordinates":[[[-51.96218539555915,-28.817810950117806],[-51.962257801130036,-28.808512491460935],[-51.95231794944915,-28.80844459704469],[-51.95224519071811,-28.81774304976528],[-51.96218539555915,-28.817810950117806]]]}},{"type":"Feature","properties":{"id_grade":"1KME5195N8137","pop":3,"dom":1,"universo_dom":"domicilios_ocupados_grade_ibge_2022","na_bacia":1,"area_pct_bacia":100.0,"metodo_recorte_bacia":"ponto_representativo_grade_2022; area_pct_geometrica","status_borda_bacia":"total","metodo_area_bacia":"interseção geométrica em EPSG:5880","metodo_na_bacia":"ponto_representativo_grade_2022_within_bacia","pop_n_validos":1,"pop_n_total":1,"pop_completude":1.0,"dom_n_validos":1,"dom_n_total":1,"dom_completude":1.0},"geometry":{"type":"Polygon","coordinates":[[[-52.0616565967742,-28.80917326662999],[-52.061725465819755,-28.79987523260241],[-52.05178591695836,-28.79981064729324],[-52.05171669477238,-28.809108675676207],[-52.0616565967742,-28.80917326662999]]]}},{"type":"Feature","properties":{"id_grade":"1KME5196N8137","pop":3,"dom":1,"universo_dom":"domicilios_ocupados_grade_ibge_2022","na_bacia":1,"area_pct_bacia":100.0,"metodo_recorte_bacia":"ponto_representativo_grade_2022; area_pct_geometrica","status_borda_bacia":"total","metodo_area_bacia":"interseção geométrica em EPSG:5880","metodo_na_bacia":"ponto_representativo_grade_2022_within_bacia","pop_n_validos":1,"pop_n_total":1,"pop_completude":1.0,"dom_n_validos":1,"dom_n_total":1,"dom_completude":1.0},"geometry":{"type":"Polygon","coordinates":[[[-52.05171669477238,-28.809108675676207],[-52.05178591695836,-28.79981064729324],[-52.041846373015616,-28.799745731663812],[-52.041776797689735,-28.809043754373178],[-52.05171669477238,-28.809108675676207]]]}},{"type":"Feature","properties":{"id_grade":"1KME5197N8137","pop":6,"dom":3,"universo_dom":"domicilios_ocupados_grade_ibge_2022","na_bacia":1,"area_pct_bacia":100.0,"metodo_recorte_bacia":"ponto_representativo_grade_2022; area_pct_geometrica","status_borda_bacia":"total","metodo_area_bacia":"interseção geométrica em EPSG:5880","metodo_na_bacia":"ponto_representativo_grade_2022_within_bacia","pop_n_validos":1,"pop_n_total":1,"pop_completude":1.0,"dom_n_validos":1,"dom_n_total":1,"dom_completude":1.0},"geometry":{"type":"Polygon","coordinates":[[[-52.041776797689735,-28.809043754373178],[-52.041846373015616,-28.799745731663812],[-52.03190683401661,-28.799680485715065],[-52.03183690555135,-28.808978502722443],[-52.041776797689735,-28.809043754373178]]]}},{"type":"Feature","properties":{"id_grade":"1KME5198N8137","pop":4,"dom":1,"universo_dom":"domicilios_ocupados_grade_ibge_2022","na_bacia":1,"area_pct_bacia":100.0,"metodo_recorte_bacia":"ponto_representativo_grade_2022; area_pct_geometrica","status_borda_bacia":"total","metodo_area_bacia":"interseção geométrica em EPSG:5880","metodo_na_bacia":"ponto_representativo_grade_2022_within_bacia","pop_n_validos":1,"pop_n_total":1,"pop_completude":1.0,"dom_n_validos":1,"dom_n_total":1,"dom_completude":1.0},"geometry":{"type":"Polygon","coordinates":[[[-52.03183690555135,-28.808978502722443],[-52.03190683401661,-28.799680485715065],[-52.021967299986436,-28.799614909447254],[-52.02189701838234,-28.808912920723323],[-52.03183690555135,-28.808978502722443]]]}},{"type":"Feature","properties":{"id_grade":"1KME5199N8137","pop":4,"dom":1,"universo_dom":"domicilios_ocupados_grade_ibge_2022","na_bacia":1,"area_pct_bacia":100.0,"metodo_recorte_bacia":"ponto_representativo_grade_2022; area_pct_geometrica","status_borda_bacia":"total","metodo_area_bacia":"interseção geométrica em EPSG:5880","metodo_na_bacia":"ponto_representativo_grade_2022_within_bacia","pop_n_validos":1,"pop_n_total":1,"pop_completude":1.0,"dom_n_validos":1,"dom_n_total":1,"dom_completude":1.0},"geometry":{"type":"Polygon","coordinates":[[[-52.02189701838234,-28.808912920723323],[-52.021967299986436,-28.799614909447254],[-52.01202777095019,-28.799549002861177],[-52.01195713620778,-28.808847008377228],[-52.02189701838234,-28.808912920723323]]]}},{"type":"Feature","properties":{"id_grade":"1KME5200N8137","pop":1,"dom":1,"universo_dom":"domicilios_ocupados_grade_ibge_2022","na_bacia":1,"area_pct_bacia":100.0,"metodo_recorte_bacia":"ponto_representativo_grade_2022; area_pct_geometrica","status_borda_bacia":"total","metodo_area_bacia":"interseção geométrica em EPSG:5880","metodo_na_bacia":"ponto_representativo_grade_2022_within_bacia","pop_n_validos":1,"pop_n_total":1,"pop_completude":1.0,"dom_n_validos":1,"dom_n_total":1,"dom_completude":1.0},"geometry":{"type":"Polygon","coordinates":[[[-52.01195713620778,-28.808847008377228],[-52.01202777095019,-28.799549002861177],[-52.002088246932956,-28.799482765957343],[-52.00201725905277,-28.808780765684585],[-52.01195713620778,-28.808847008377228]]]}},{"type":"Feature","properties":{"id_grade":"1KME5202N8137","pop":2,"dom":1,"universo_dom":"domicilios_ocupados_grade_ibge_2022","na_bacia":1,"area_pct_bacia":100.0,"metodo_recorte_bacia":"ponto_representativo_grade_2022; area_pct_geometrica","status_borda_bacia":"total","metodo_area_bacia":"interseção geométrica em EPSG:5880","metodo_na_bacia":"ponto_representativo_grade_2022_within_bacia","pop_n_validos":1,"pop_n_total":1,"pop_completude":1.0,"dom_n_validos":1,"dom_n_total":1,"dom_completude":1.0},"geometry":{"type":"Polygon","coordinates":[[[-51.9920773869424,-28.80871419264598],[-51.99214872795982,-28.79941619873651],[-51.98220921405587,-28.799349301199314],[-51.982137519901755,-28.80864728926203],[-51.9920773869424,-28.80871419264598]]]}},{"type":"Feature","properties":{"id_grade":"1KME5203N8137","pop":7,"dom":3,"universo_dom":"domicilios_ocupados_grade_ibge_2022","na_bacia":1,"area_pct_bacia":100.0,"metodo_recorte_bacia":"ponto_representativo_grade_2022; area_pct_geometrica","status_borda_bacia":"total","metodo_area_bacia":"interseção geométrica em EPSG:5880","metodo_na_bacia":"ponto_representativo_grade_2022_within_bacia","pop_n_validos":1,"pop_n_total":1,"pop_completude":1.0,"dom_n_validos":1,"dom_n_total":1,"dom_completude":1.0},"geometry":{"type":"Polygon","coordinates":[[[-51.982137519901755,-28.80864728926203],[-51.98220921405587,-28.799349301199314],[-51.972269705246205,-28.79928207334594],[-51.972197657955945,-28.808580055533596],[-51.982137519901755,-28.80864728926203]]]}},{"type":"Feature","properties":{"id_grade":"1KME5204N8137","pop":5,"dom":3,"universo_dom":"domicilios_ocupados_grade_ibge_2022","na_bacia":1,"area_pct_bacia":100.0,"metodo_recorte_bacia":"ponto_representativo_grade_2022; area_pct_geometrica","status_borda_bacia":"total","metodo_area_bacia":"interseção geométrica em EPSG:5880","metodo_na_bacia":"ponto_representativo_grade_2022_within_bacia","pop_n_validos":1,"pop_n_total":1,"pop_completude":1.0,"dom_n_validos":1,"dom_n_total":1,"dom_completude":1.0},"geometry":{"type":"Polygon","coordinates":[[[-51.972197657955945,-28.808580055533596],[-51.972269705246205,-28.79928207334594],[-51.96233020155592,-28.799214515177518],[-51.962257801130036,-28.808512491460935],[-51.972197657955945,-28.808580055533596]]]}},{"type":"Feature","properties":{"id_grade":"1KME5194N8138","pop":2,"dom":1,"universo_dom":"domicilios_ocupados_grade_ibge_2022","na_bacia":1,"area_pct_bacia":100.0,"metodo_recorte_bacia":"ponto_representativo_grade_2022; area_pct_geometrica","status_borda_bacia":"total","metodo_area_bacia":"interseção geométrica em EPSG:5880","metodo_na_bacia":"ponto_representativo_grade_2022_within_bacia","pop_n_validos":1,"pop_n_total":1,"pop_completude":1.0,"dom_n_validos":1,"dom_n_total":1,"dom_completude":1.0},"geometry":{"type":"Polygon","coordinates":[[[-52.071665019574716,-28.799939487590873],[-52.07173353061086,-28.790641929983913],[-52.061794329971754,-28.790577680608106],[-52.061725465819755,-28.79987523260241],[-52.071665019574716,-28.799939487590873]]]}},{"type":"Feature","properties":{"id_grade":"1KME5195N8138","pop":6,"dom":2,"universo_dom":"domicilios_ocupados_grade_ibge_2022","na_bacia":1,"area_pct_bacia":100.0,"metodo_recorte_bacia":"ponto_representativo_grade_2022; area_pct_geometrica","status_borda_bacia":"total","metodo_area_bacia":"interseção geométrica em EPSG:5880","metodo_na_bacia":"ponto_representativo_grade_2022_within_bacia","pop_n_validos":1,"pop_n_total":1,"pop_completude":1.0,"dom_n_validos":1,"dom_n_total":1,"dom_completude":1.0},"geometry":{"type":"Polygon","coordinates":[[[-52.061725465819755,-28.79987523260241],[-52.061794329971754,-28.790577680608106],[-52.05185513422568,-28.790513100940586],[-52.05178591695836,-28.79981064729324],[-52.061725465819755,-28.79987523260241]]]}},{"type":"Feature","properties":{"id_grade":"1KME5196N8138","pop":5,"dom":2,"universo_dom":"domicilios_ocupados_grade_ibge_2022","na_bacia":1,"area_pct_bacia":100.0,"metodo_recorte_bacia":"ponto_representativo_grade_2022; area_pct_geometrica","status_borda_bacia":"total","metodo_area_bacia":"interseção geométrica em EPSG:5880","metodo_na_bacia":"ponto_representativo_grade_2022_within_bacia","pop_n_validos":1,"pop_n_total":1,"pop_completude":1.0,"dom_n_validos":1,"dom_n_total":1,"dom_completude":1.0},"geometry":{"type":"Polygon","coordinates":[[[-52.05178591695836,-28.79981064729324],[-52.05185513422568,-28.790513100940586],[-52.041915943397754,-28.790448190981696],[-52.041846373015616,-28.799745731663812],[-52.05178591695836,-28.79981064729324]]]}},{"type":"Feature","properties":{"id_grade":"1KME5199N8138","pop":41,"dom":16,"universo_dom":"domicilios_ocupados_grade_ibge_2022","na_bacia":1,"area_pct_bacia":100.0,"metodo_recorte_bacia":"ponto_representativo_grade_2022; area_pct_geometrica","status_borda_bacia":"total","metodo_area_bacia":"interseção geométrica em EPSG:5880","metodo_na_bacia":"ponto_representativo_grade_2022_within_bacia","pop_n_validos":1,"pop_n_total":1,"pop_completude":1.0,"dom_n_validos":1,"dom_n_total":1,"dom_completude":1.0},"geometry":{"type":"Polygon","coordinates":[[[-52.021967299986436,-28.799614909447254],[-52.02203757659661,-28.790317380192505],[-52.01209840067359,-28.790251479363388],[-52.01202777095019,-28.799549002861177],[-52.021967299986436,-28.799614909447254]]]}},{"type":"Feature","properties":{"id_grade":"1KME5200N8138","pop":25,"dom":10,"universo_dom":"domicilios_ocupados_grade_ibge_2022","na_bacia":1,"area_pct_bacia":100.0,"metodo_recorte_bacia":"ponto_representativo_grade_2022; area_pct_geometrica","status_borda_bacia":"total","metodo_area_bacia":"interseção geométrica em EPSG:5880","metodo_na_bacia":"ponto_representativo_grade_2022_within_bacia","pop_n_validos":1,"pop_n_total":1,"pop_completude":1.0,"dom_n_validos":1,"dom_n_total":1,"dom_completude":1.0},"geometry":{"type":"Polygon","coordinates":[[[-52.01202777095019,-28.799549002861177],[-52.01209840067359,-28.790251479363388],[-52.00215922976903,-28.79018524824537],[-52.002088246932956,-28.799482765957343],[-52.01202777095019,-28.799549002861177]]]}},{"type":"Feature","properties":{"id_grade":"1KME5201N8138","pop":2,"dom":1,"universo_dom":"domicilios_ocupados_grade_ibge_2022","na_bacia":1,"area_pct_bacia":100.0,"metodo_recorte_bacia":"ponto_representativo_grade_2022; area_pct_geometrica","status_borda_bacia":"total","metodo_area_bacia":"interseção geométrica em EPSG:5880","metodo_na_bacia":"ponto_representativo_grade_2022_within_bacia","pop_n_validos":1,"pop_n_total":1,"pop_completude":1.0,"dom_n_validos":1,"dom_n_total":1,"dom_completude":1.0},"geometry":{"type":"Polygon","coordinates":[[[-52.002088246932956,-28.799482765957343],[-52.00215922976903,-28.79018524824537],[-51.99222006390804,-28.790118686839147],[-51.99214872795982,-28.79941619873651],[-52.002088246932956,-28.799482765957343]]]}},{"type":"Feature","properties":{"id_grade":"1KME5202N8138","pop":4,"dom":1,"universo_dom":"domicilios_ocupados_grade_ibge_2022","na_bacia":1,"area_pct_bacia":100.0,"metodo_recorte_bacia":"ponto_representativo_grade_2022; area_pct_geometrica","status_borda_bacia":"total","metodo_area_bacia":"interseção geométrica em EPSG:5880","metodo_na_bacia":"ponto_representativo_grade_2022_within_bacia","pop_n_validos":1,"pop_n_total":1,"pop_completude":1.0,"dom_n_validos":1,"dom_n_total":1,"dom_completude":1.0},"geometry":{"type":"Polygon","coordinates":[[[-51.99214872795982,-28.79941619873651],[-51.99222006390804,-28.790118686839147],[-51.98228090311571,-28.790051795145242],[-51.98220921405587,-28.799349301199314],[-51.99214872795982,-28.79941619873651]]]}},{"type":"Feature","properties":{"id_grade":"1KME5203N8138","pop":13,"dom":5,"universo_dom":"domicilios_ocupados_grade_ibge_2022","na_bacia":1,"area_pct_bacia":100.0,"metodo_recorte_bacia":"ponto_representativo_grade_2022; area_pct_geometrica","status_borda_bacia":"total","metodo_area_bacia":"interseção geométrica em EPSG:5880","metodo_na_bacia":"ponto_representativo_grade_2022_within_bacia","pop_n_validos":1,"pop_n_total":1,"pop_completude":1.0,"dom_n_validos":1,"dom_n_total":1,"dom_completude":1.0},"geometry":{"type":"Polygon","coordinates":[[[-51.98220921405587,-28.799349301199314],[-51.98228090311571,-28.790051795145242],[-51.97234174741711,-28.78998457316421],[-51.972269705246205,-28.79928207334594],[-51.98220921405587,-28.799349301199314]]]}},{"type":"Feature","properties":{"id_grade":"1KME5204N8138","pop":11,"dom":4,"universo_dom":"domicilios_ocupados_grade_ibge_2022","na_bacia":1,"area_pct_bacia":100.0,"metodo_recorte_bacia":"ponto_representativo_grade_2022; area_pct_geometrica","status_borda_bacia":"total","metodo_area_bacia":"interseção geométrica em EPSG:5880","metodo_na_bacia":"ponto_representativo_grade_2022_within_bacia","pop_n_validos":1,"pop_n_total":1,"pop_completude":1.0,"dom_n_validos":1,"dom_n_total":1,"dom_completude":1.0},"geometry":{"type":"Polygon","coordinates":[[[-51.972269705246205,-28.79928207334594],[-51.97234174741711,-28.78998457316421],[-51.962402596837336,-28.789917020896954],[-51.96233020155592,-28.799214515177518],[-51.972269705246205,-28.79928207334594]]]}},{"type":"Feature","properties":{"id_grade":"1KME5194N8139","pop":2,"dom":1,"universo_dom":"domicilios_ocupados_grade_ibge_2022","na_bacia":1,"area_pct_bacia":100.0,"metodo_recorte_bacia":"ponto_representativo_grade_2022; area_pct_geometrica","status_borda_bacia":"total","metodo_area_bacia":"interseção geométrica em EPSG:5880","metodo_na_bacia":"ponto_representativo_grade_2022_within_bacia","pop_n_validos":1,"pop_n_total":1,"pop_completude":1.0,"dom_n_validos":1,"dom_n_total":1,"dom_completude":1.0},"geometry":{"type":"Polygon","coordinates":[[[-52.07173353061086,-28.790641929983913],[-52.07180203677904,-28.78134485404225],[-52.061863189230706,-28.781280610276475],[-52.061794329971754,-28.790577680608106],[-52.07173353061086,-28.790641929983913]]]}},{"type":"Feature","properties":{"id_grade":"1KME5195N8139","pop":2,"dom":1,"universo_dom":"domicilios_ocupados_grade_ibge_2022","na_bacia":1,"area_pct_bacia":100.0,"metodo_recorte_bacia":"ponto_representativo_grade_2022; area_pct_geometrica","status_borda_bacia":"total","metodo_area_bacia":"interseção geométrica em EPSG:5880","metodo_na_bacia":"ponto_representativo_grade_2022_within_bacia","pop_n_validos":1,"pop_n_total":1,"pop_completude":1.0,"dom_n_validos":1,"dom_n_total":1,"dom_completude":1.0},"geometry":{"type":"Polygon","coordinates":[[[-52.061794329971754,-28.790577680608106],[-52.061863189230706,-28.781280610276475],[-52.05192434657489,-28.781216036247542],[-52.05185513422568,-28.790513100940586],[-52.061794329971754,-28.790577680608106]]]}},{"type":"Feature","properties":{"id_grade":"1KME5196N8139","pop":10,"dom":4,"universo_dom":"domicilios_ocupados_grade_ibge_2022","na_bacia":1,"area_pct_bacia":100.0,"metodo_recorte_bacia":"ponto_representativo_grade_2022; area_pct_geometrica","status_borda_bacia":"total","metodo_area_bacia":"interseção geométrica em EPSG:5880","metodo_na_bacia":"ponto_representativo_grade_2022_within_bacia","pop_n_validos":1,"pop_n_total":1,"pop_completude":1.0,"dom_n_validos":1,"dom_n_total":1,"dom_completude":1.0},"geometry":{"type":"Polygon","coordinates":[[[-52.05185513422568,-28.790513100940586],[-52.05192434657489,-28.781216036247542],[-52.041985508836675,-28.781151131956168],[-52.041915943397754,-28.790448190981696],[-52.05185513422568,-28.790513100940586]]]}},{"type":"Feature","properties":{"id_grade":"1KME5197N8139","pop":9,"dom":3,"universo_dom":"domicilios_ocupados_grade_ibge_2022","na_bacia":1,"area_pct_bacia":100.0,"metodo_recorte_bacia":"ponto_representativo_grade_2022; area_pct_geometrica","status_borda_bacia":"total","metodo_area_bacia":"interseção geométrica em EPSG:5880","metodo_na_bacia":"ponto_representativo_grade_2022_within_bacia","pop_n_validos":1,"pop_n_total":1,"pop_completude":1.0,"dom_n_validos":1,"dom_n_total":1,"dom_completude":1.0},"geometry":{"type":"Polygon","coordinates":[[[-52.041915943397754,-28.790448190981696],[-52.041985508836675,-28.781151131956168],[-52.03204667604115,-28.78108589740299],[-52.03197675751303,-28.79038295073225],[-52.041915943397754,-28.790448190981696]]]}},{"type":"Feature","properties":{"id_grade":"1KME5202N8139","pop":19,"dom":7,"universo_dom":"domicilios_ocupados_grade_ibge_2022","na_bacia":1,"area_pct_bacia":100.0,"metodo_recorte_bacia":"ponto_representativo_grade_2022; area_pct_geometrica","status_borda_bacia":"total","metodo_area_bacia":"interseção geométrica em EPSG:5880","metodo_na_bacia":"ponto_representativo_grade_2022_within_bacia","pop_n_validos":1,"pop_n_total":1,"pop_completude":1.0,"dom_n_validos":1,"dom_n_total":1,"dom_completude":1.0},"geometry":{"type":"Polygon","coordinates":[[[-51.99222006390804,-28.790118686839147],[-51.99229139478762,-28.780821656583296],[-51.982352587081806,-28.78075477072982],[-51.98228090311571,-28.790051795145242],[-51.99222006390804,-28.790118686839147]]]}},{"type":"Feature","properties":{"id_grade":"1KME5194N8140","pop":2,"dom":1,"universo_dom":"domicilios_ocupados_grade_ibge_2022","na_bacia":1,"area_pct_bacia":100.0,"metodo_recorte_bacia":"ponto_representativo_grade_2022; area_pct_geometrica","status_borda_bacia":"total","metodo_area_bacia":"interseção geométrica em EPSG:5880","metodo_na_bacia":"ponto_representativo_grade_2022_within_bacia","pop_n_validos":1,"pop_n_total":1,"pop_completude":1.0,"dom_n_validos":1,"dom_n_total":1,"dom_completude":1.0},"geometry":{"type":"Polygon","coordinates":[[[-52.07180203677904,-28.78134485404225],[-52.0718705380798,-28.77204825939602],[-52.061932043597146,-28.771984021236925],[-52.061863189230706,-28.781280610276475],[-52.07180203677904,-28.78134485404225]]]}},{"type":"Feature","properties":{"id_grade":"1KME5195N8140","pop":2,"dom":1,"universo_dom":"domicilios_ocupados_grade_ibge_2022","na_bacia":1,"area_pct_bacia":100.0,"metodo_recorte_bacia":"ponto_representativo_grade_2022; area_pct_geometrica","status_borda_bacia":"total","metodo_area_bacia":"interseção geométrica em EPSG:5880","metodo_na_bacia":"ponto_representativo_grade_2022_within_bacia","pop_n_validos":1,"pop_n_total":1,"pop_completude":1.0,"dom_n_validos":1,"dom_n_total":1,"dom_completude":1.0},"geometry":{"type":"Polygon","coordinates":[[[-52.061863189230706,-28.781280610276475],[-52.061932043597146,-28.771984021236925],[-52.051993554006486,-28.77191945284391],[-52.05192434657489,-28.781216036247542],[-52.061863189230706,-28.781280610276475]]]}},{"type":"Feature","properties":{"id_grade":"1KME5196N8140","pop":6,"dom":3,"universo_dom":"domicilios_ocupados_grade_ibge_2022","na_bacia":1,"area_pct_bacia":100.0,"metodo_recorte_bacia":"ponto_representativo_grade_2022; area_pct_geometrica","status_borda_bacia":"total","metodo_area_bacia":"interseção geométrica em EPSG:5880","metodo_na_bacia":"ponto_representativo_grade_2022_within_bacia","pop_n_validos":1,"pop_n_total":1,"pop_completude":1.0,"dom_n_validos":1,"dom_n_total":1,"dom_completude":1.0},"geometry":{"type":"Polygon","coordinates":[[[-52.05192434657489,-28.781216036247542],[-52.051993554006486,-28.77191945284391],[-52.04205506933291,-28.77185455421701],[-52.041985508836675,-28.781151131956168],[-52.05192434657489,-28.781216036247542]]]}},{"type":"Feature","properties":{"id_grade":"1KME5197N8140","pop":13,"dom":3,"universo_dom":"domicilios_ocupados_grade_ibge_2022","na_bacia":1,"area_pct_bacia":100.0,"metodo_recorte_bacia":"ponto_representativo_grade_2022; area_pct_geometrica","status_borda_bacia":"total","metodo_area_bacia":"interseção geométrica em EPSG:5880","metodo_na_bacia":"ponto_representativo_grade_2022_within_bacia","pop_n_validos":1,"pop_n_total":1,"pop_completude":1.0,"dom_n_validos":1,"dom_n_total":1,"dom_completude":1.0},"geometry":{"type":"Polygon","coordinates":[[[-52.041985508836675,-28.781151131956168],[-52.04205506933291,-28.77185455421701],[-52.03211658960149,-28.771789325357084],[-52.03204667604115,-28.78108589740299],[-52.041985508836675,-28.781151131956168]]]}},{"type":"Feature","properties":{"id_grade":"1KME5198N8140","pop":11,"dom":5,"universo_dom":"domicilios_ocupados_grade_ibge_2022","na_bacia":1,"area_pct_bacia":100.0,"metodo_recorte_bacia":"ponto_representativo_grade_2022; area_pct_geometrica","status_borda_bacia":"total","metodo_area_bacia":"interseção geométrica em EPSG:5880","metodo_na_bacia":"ponto_representativo_grade_2022_within_bacia","pop_n_validos":1,"pop_n_total":1,"pop_completude":1.0,"dom_n_validos":1,"dom_n_total":1,"dom_completude":1.0},"geometry":{"type":"Polygon","coordinates":[[[-52.03204667604115,-28.78108589740299],[-52.03211658960149,-28.771789325357084],[-52.02217811483732,-28.771723766264802],[-52.022107848213395,-28.781020332588444],[-52.03204667604115,-28.78108589740299]]]}},{"type":"Feature","properties":{"id_grade":"1KME5199N8140","pop":10,"dom":5,"universo_dom":"domicilios_ocupados_grade_ibge_2022","na_bacia":1,"area_pct_bacia":100.0,"metodo_recorte_bacia":"ponto_representativo_grade_2022; area_pct_geometrica","status_borda_bacia":"total","metodo_area_bacia":"interseção geométrica em EPSG:5880","metodo_na_bacia":"ponto_representativo_grade_2022_within_bacia","pop_n_validos":1,"pop_n_total":1,"pop_completude":1.0,"dom_n_validos":1,"dom_n_total":1,"dom_completude":1.0},"geometry":{"type":"Polygon","coordinates":[[[-52.022107848213395,-28.781020332588444],[-52.02217811483732,-28.771723766264802],[-52.01223964506548,-28.771657876940296],[-52.012169025378505,-28.780954437513206],[-52.022107848213395,-28.781020332588444]]]}},{"type":"Feature","properties":{"id_grade":"1KME5202N8140","pop":5,"dom":2,"universo_dom":"domicilios_ocupados_grade_ibge_2022","na_bacia":1,"area_pct_bacia":100.0,"metodo_recorte_bacia":"ponto_representativo_grade_2022; area_pct_geometrica","status_borda_bacia":"total","metodo_area_bacia":"interseção geométrica em EPSG:5880","metodo_na_bacia":"ponto_representativo_grade_2022_within_bacia","pop_n_validos":1,"pop_n_total":1,"pop_completude":1.0,"dom_n_validos":1,"dom_n_total":1,"dom_completude":1.0},"geometry":{"type":"Polygon","coordinates":[[[-51.99229139478762,-28.780821656583296],[-51.99236272059908,-28.77152510759863],[-51.982424265954705,-28.77145822758244],[-51.982352587081806,-28.78075477072982],[-51.99229139478762,-28.780821656583296]]]}},{"type":"Feature","properties":{"id_grade":"1KME5203N8140","pop":6,"dom":2,"universo_dom":"domicilios_ocupados_grade_ibge_2022","na_bacia":1,"area_pct_bacia":100.0,"metodo_recorte_bacia":"ponto_representativo_grade_2022; area_pct_geometrica","status_borda_bacia":"total","metodo_area_bacia":"interseção geométrica em EPSG:5880","metodo_na_bacia":"ponto_representativo_grade_2022_within_bacia","pop_n_validos":1,"pop_n_total":1,"pop_completude":1.0,"dom_n_validos":1,"dom_n_total":1,"dom_completude":1.0},"geometry":{"type":"Polygon","coordinates":[[[-51.982352587081806,-28.78075477072982],[-51.982424265954705,-28.77145822758244],[-51.97248581640298,-28.77139101733685],[-51.97241378446918,-28.7806875546181],[-51.982352587081806,-28.78075477072982]]]}},{"type":"Feature","properties":{"id_grade":"1KME5204N8140","pop":6,"dom":3,"universo_dom":"domicilios_ocupados_grade_ibge_2022","na_bacia":1,"area_pct_bacia":100.0,"metodo_recorte_bacia":"ponto_representativo_grade_2022; area_pct_geometrica","status_borda_bacia":"total","metodo_area_bacia":"interseção geométrica em EPSG:5880","metodo_na_bacia":"ponto_representativo_grade_2022_within_bacia","pop_n_validos":1,"pop_n_total":1,"pop_completude":1.0,"dom_n_validos":1,"dom_n_total":1,"dom_completude":1.0},"geometry":{"type":"Polygon","coordinates":[[[-51.97241378446918,-28.7806875546181],[-51.97248581640298,-28.77139101733685],[-51.96254737196899,-28.771323476862644],[-51.96247498697485,-28.78062000824887],[-51.97241378446918,-28.7806875546181]]]}},{"type":"Feature","properties":{"id_grade":"1KME5196N8141","pop":5,"dom":2,"universo_dom":"domicilios_ocupados_grade_ibge_2022","na_bacia":1,"area_pct_bacia":100.0,"metodo_recorte_bacia":"ponto_representativo_grade_2022; area_pct_geometrica","status_borda_bacia":"total","metodo_area_bacia":"interseção geométrica em EPSG:5880","metodo_na_bacia":"ponto_representativo_grade_2022_within_bacia","pop_n_validos":1,"pop_n_total":1,"pop_completude":1.0,"dom_n_validos":1,"dom_n_total":1,"dom_completude":1.0},"geometry":{"type":"Polygon","coordinates":[[[-52.051993554006486,-28.77191945284391],[-52.05206275652101,-28.762623350359338],[-52.04212462488698,-28.76255845739394],[-52.04205506933291,-28.77185455421701],[-52.051993554006486,-28.77191945284391]]]}},{"type":"Feature","properties":{"id_grade":"1KME5197N8141","pop":7,"dom":2,"universo_dom":"domicilios_ocupados_grade_ibge_2022","na_bacia":1,"area_pct_bacia":100.0,"metodo_recorte_bacia":"ponto_representativo_grade_2022; area_pct_geometrica","status_borda_bacia":"total","metodo_area_bacia":"interseção geométrica em EPSG:5880","metodo_na_bacia":"ponto_representativo_grade_2022_within_bacia","pop_n_validos":1,"pop_n_total":1,"pop_completude":1.0,"dom_n_validos":1,"dom_n_total":1,"dom_completude":1.0},"geometry":{"type":"Polygon","coordinates":[[[-52.04205506933291,-28.77185455421701],[-52.04212462488698,-28.76255845739394],[-52.0321864981946,-28.762493234224262],[-52.03211658960149,-28.771789325357084],[-52.04205506933291,-28.77185455421701]]]}},{"type":"Feature","properties":{"id_grade":"1KME5199N8141","pop":4,"dom":2,"universo_dom":"domicilios_ocupados_grade_ibge_2022","na_bacia":1,"area_pct_bacia":100.0,"metodo_recorte_bacia":"ponto_representativo_grade_2022; area_pct_geometrica","status_borda_bacia":"total","metodo_area_bacia":"interseção geométrica em EPSG:5880","metodo_na_bacia":"ponto_representativo_grade_2022_within_bacia","pop_n_validos":1,"pop_n_total":1,"pop_completude":1.0,"dom_n_validos":1,"dom_n_total":1,"dom_completude":1.0},"geometry":{"type":"Polygon","coordinates":[[[-52.02217811483732,-28.771723766264802],[-52.02224837646892,-28.762427680851076],[-52.01231025973504,-28.76236179727453],[-52.01223964506548,-28.771657876940296],[-52.02217811483732,-28.771723766264802]]]}},{"type":"Feature","properties":{"id_grade":"1KME5200N8141","pop":18,"dom":7,"universo_dom":"domicilios_ocupados_grade_ibge_2022","na_bacia":1,"area_pct_bacia":100.0,"metodo_recorte_bacia":"ponto_representativo_grade_2022; area_pct_geometrica","status_borda_bacia":"total","metodo_area_bacia":"interseção geométrica em EPSG:5880","metodo_na_bacia":"ponto_representativo_grade_2022_within_bacia","pop_n_validos":1,"pop_n_total":1,"pop_completude":1.0,"dom_n_validos":1,"dom_n_total":1,"dom_completude":1.0},"geometry":{"type":"Polygon","coordinates":[[[-52.01223964506548,-28.771657876940296],[-52.01231025973504,-28.76236179727453],[-52.00237214801803,-28.76229558349547],[-52.002301180311036,-28.771591657384754],[-52.01223964506548,-28.771657876940296]]]}},{"type":"Feature","properties":{"id_grade":"1KME5202N8141","pop":6,"dom":2,"universo_dom":"domicilios_ocupados_grade_ibge_2022","na_bacia":1,"area_pct_bacia":100.0,"metodo_recorte_bacia":"ponto_representativo_grade_2022; area_pct_geometrica","status_borda_bacia":"total","metodo_area_bacia":"interseção geométrica em EPSG:5880","metodo_na_bacia":"ponto_representativo_grade_2022_within_bacia","pop_n_validos":1,"pop_n_total":1,"pop_completude":1.0,"dom_n_validos":1,"dom_n_total":1,"dom_completude":1.0},"geometry":{"type":"Polygon","coordinates":[[[-51.99236272059908,-28.77152510759863],[-51.992434041342975,-28.762229039515034],[-51.98249593973495,-28.762162165332928],[-51.982424265954705,-28.77145822758244],[-51.99236272059908,-28.77152510759863]]]}},{"type":"Feature","properties":{"id_grade":"1KME5204N8141","pop":4,"dom":2,"universo_dom":"domicilios_ocupados_grade_ibge_2022","na_bacia":1,"area_pct_bacia":100.0,"metodo_recorte_bacia":"ponto_representativo_grade_2022; area_pct_geometrica","status_borda_bacia":"total","metodo_area_bacia":"interseção geométrica em EPSG:5880","metodo_na_bacia":"ponto_representativo_grade_2022_within_bacia","pop_n_validos":1,"pop_n_total":1,"pop_completude":1.0,"dom_n_validos":1,"dom_n_total":1,"dom_completude":1.0},"geometry":{"type":"Polygon","coordinates":[[[-51.97248581640298,-28.77139101733685],[-51.97255784321904,-28.762094960950257],[-51.962619751820306,-28.762027426368054],[-51.96254737196899,-28.771323476862644],[-51.97248581640298,-28.77139101733685]]]}},{"type":"Feature","properties":{"id_grade":"1KME5193N8142","pop":7,"dom":2,"universo_dom":"domicilios_ocupados_grade_ibge_2022","na_bacia":1,"area_pct_bacia":100.0,"metodo_recorte_bacia":"ponto_representativo_grade_2022; area_pct_geometrica","status_borda_bacia":"total","metodo_area_bacia":"interseção geométrica em EPSG:5880","metodo_na_bacia":"ponto_representativo_grade_2022_within_bacia","pop_n_validos":1,"pop_n_total":1,"pop_completude":1.0,"dom_n_validos":1,"dom_n_total":1,"dom_completude":1.0},"geometry":{"type":"Polygon","coordinates":[[[-52.08187718082209,-28.762816048023762],[-52.0819453193735,-28.75352040928538],[-52.07200752608109,-28.753456512508645],[-52.07193903451364,-28.76275214567484],[-52.08187718082209,-28.762816048023762]]]}},{"type":"Feature","properties":{"id_grade":"1KME5195N8142","pop":8,"dom":2,"universo_dom":"domicilios_ocupados_grade_ibge_2022","na_bacia":1,"area_pct_bacia":100.0,"metodo_recorte_bacia":"ponto_representativo_grade_2022; area_pct_geometrica","status_borda_bacia":"total","metodo_area_bacia":"interseção geométrica em EPSG:5880","metodo_na_bacia":"ponto_representativo_grade_2022_within_bacia","pop_n_validos":1,"pop_n_total":1,"pop_completude":1.0,"dom_n_validos":1,"dom_n_total":1,"dom_completude":1.0},"geometry":{"type":"Polygon","coordinates":[[[-52.06200089307158,-28.76268791311982],[-52.062069737654554,-28.753392285554572],[-52.05213195411897,-28.753327728423844],[-52.05206275652101,-28.762623350359338],[-52.06200089307158,-28.76268791311982]]]}},{"type":"Feature","properties":{"id_grade":"1KME5196N8142","pop":12,"dom":3,"universo_dom":"domicilios_ocupados_grade_ibge_2022","na_bacia":1,"area_pct_bacia":100.0,"metodo_recorte_bacia":"ponto_representativo_grade_2022; area_pct_geometrica","status_borda_bacia":"total","metodo_area_bacia":"interseção geométrica em EPSG:5880","metodo_na_bacia":"ponto_representativo_grade_2022_within_bacia","pop_n_validos":1,"pop_n_total":1,"pop_completude":1.0,"dom_n_validos":1,"dom_n_total":1,"dom_completude":1.0},"geometry":{"type":"Polygon","coordinates":[[[-52.05206275652101,-28.762623350359338],[-52.05213195411897,-28.753327728423844],[-52.042194175499425,-28.753262841117127],[-52.04212462488698,-28.76255845739394],[-52.05206275652101,-28.762623350359338]]]}},{"type":"Feature","properties":{"id_grade":"1KME5197N8142","pop":15,"dom":6,"universo_dom":"domicilios_ocupados_grade_ibge_2022","na_bacia":1,"area_pct_bacia":100.0,"metodo_recorte_bacia":"ponto_representativo_grade_2022; area_pct_geometrica","status_borda_bacia":"total","metodo_area_bacia":"interseção geométrica em EPSG:5880","metodo_na_bacia":"ponto_representativo_grade_2022_within_bacia","pop_n_validos":1,"pop_n_total":1,"pop_completude":1.0,"dom_n_validos":1,"dom_n_total":1,"dom_completude":1.0},"geometry":{"type":"Polygon","coordinates":[[[-52.04212462488698,-28.76255845739394],[-52.042194175499425,-28.753262841117127],[-52.03225640182098,-28.753197623634595],[-52.0321864981946,-28.762493234224262],[-52.04212462488698,-28.76255845739394]]]}},{"type":"Feature","properties":{"id_grade":"1KME5198N8142","pop":7,"dom":3,"universo_dom":"domicilios_ocupados_grade_ibge_2022","na_bacia":1,"area_pct_bacia":100.0,"metodo_recorte_bacia":"ponto_representativo_grade_2022; area_pct_geometrica","status_borda_bacia":"total","metodo_area_bacia":"interseção geométrica em EPSG:5880","metodo_na_bacia":"ponto_representativo_grade_2022_within_bacia","pop_n_validos":1,"pop_n_total":1,"pop_completude":1.0,"dom_n_validos":1,"dom_n_total":1,"dom_completude":1.0},"geometry":{"type":"Polygon","coordinates":[[[-52.0321864981946,-28.762493234224262],[-52.03225640182098,-28.753197623634595],[-52.022318633108725,-28.753132075977305],[-52.02224837646892,-28.762427680851076],[-52.0321864981946,-28.762493234224262]]]}},{"type":"Feature","properties":{"id_grade":"1KME5200N8142","pop":9,"dom":3,"universo_dom":"domicilios_ocupados_grade_ibge_2022","na_bacia":1,"area_pct_bacia":100.0,"metodo_recorte_bacia":"ponto_representativo_grade_2022; area_pct_geometrica","status_borda_bacia":"total","metodo_area_bacia":"interseção geométrica em EPSG:5880","metodo_na_bacia":"ponto_representativo_grade_2022_within_bacia","pop_n_validos":1,"pop_n_total":1,"pop_completude":1.0,"dom_n_validos":1,"dom_n_total":1,"dom_completude":1.0},"geometry":{"type":"Polygon","coordinates":[[[-52.01231025973504,-28.76236179727453],[-52.012380869387734,-28.75306619814575],[-52.00244311068308,-28.752999990140648],[-52.00237214801803,-28.76229558349547],[-52.01231025973504,-28.76236179727453]]]}},{"type":"Feature","properties":{"id_grade":"1KME5201N8142","pop":17,"dom":6,"universo_dom":"domicilios_ocupados_grade_ibge_2022","na_bacia":1,"area_pct_bacia":100.0,"metodo_recorte_bacia":"ponto_representativo_grade_2022; area_pct_geometrica","status_borda_bacia":"total","metodo_area_bacia":"interseção geométrica em EPSG:5880","metodo_na_bacia":"ponto_representativo_grade_2022_within_bacia","pop_n_validos":1,"pop_n_total":1,"pop_completude":1.0,"dom_n_validos":1,"dom_n_total":1,"dom_completude":1.0},"geometry":{"type":"Polygon","coordinates":[[[-52.00237214801803,-28.76229558349547],[-52.00244311068308,-28.752999990140648],[-51.99250535701984,-28.75293345196215],[-51.992434041342975,-28.762229039515034],[-52.00237214801803,-28.76229558349547]]]}},{"type":"Feature","properties":{"id_grade":"1KME5202N8142","pop":14,"dom":4,"universo_dom":"domicilios_ocupados_grade_ibge_2022","na_bacia":1,"area_pct_bacia":100.0,"metodo_recorte_bacia":"ponto_representativo_grade_2022; area_pct_geometrica","status_borda_bacia":"total","metodo_area_bacia":"interseção geométrica em EPSG:5880","metodo_na_bacia":"ponto_representativo_grade_2022_within_bacia","pop_n_validos":1,"pop_n_total":1,"pop_completude":1.0,"dom_n_validos":1,"dom_n_total":1,"dom_completude":1.0},"geometry":{"type":"Polygon","coordinates":[[[-51.992434041342975,-28.762229039515034],[-51.99250535701984,-28.75293345196215],[-51.98256760842309,-28.752866583611368],[-51.98249593973495,-28.762162165332928],[-51.992434041342975,-28.762229039515034]]]}},{"type":"Feature","properties":{"id_grade":"1KME5194N8143","pop":4,"dom":1,"universo_dom":"domicilios_ocupados_grade_ibge_2022","na_bacia":1,"area_pct_bacia":100.0,"metodo_recorte_bacia":"ponto_representativo_grade_2022; area_pct_geometrica","status_borda_bacia":"total","metodo_area_bacia":"interseção geométrica em EPSG:5880","metodo_na_bacia":"ponto_representativo_grade_2022_within_bacia","pop_n_validos":1,"pop_n_total":1,"pop_completude":1.0,"dom_n_validos":1,"dom_n_total":1,"dom_completude":1.0},"geometry":{"type":"Polygon","coordinates":[[[-52.07200752608109,-28.753456512508645],[-52.07207601278266,-28.74416135952751],[-52.06213857734656,-28.74409713817164],[-52.062069737654554,-28.753392285554572],[-52.07200752608109,-28.753456512508645]]]}},{"type":"Feature","properties":{"id_grade":"1KME5196N8143","pop":10,"dom":3,"universo_dom":"domicilios_ocupados_grade_ibge_2022","na_bacia":1,"area_pct_bacia":100.0,"metodo_recorte_bacia":"ponto_representativo_grade_2022; area_pct_geometrica","status_borda_bacia":"total","metodo_area_bacia":"interseção geométrica em EPSG:5880","metodo_na_bacia":"ponto_representativo_grade_2022_within_bacia","pop_n_validos":1,"pop_n_total":1,"pop_completude":1.0,"dom_n_validos":1,"dom_n_total":1,"dom_completude":1.0},"geometry":{"type":"Polygon","coordinates":[[[-52.05213195411897,-28.753327728423844],[-52.052201146800904,-28.74403258666756],[-52.042263721170755,-28.743967705016367],[-52.042194175499425,-28.753262841117127],[-52.05213195411897,-28.753327728423844]]]}},{"type":"Feature","properties":{"id_grade":"1KME5197N8143","pop":16,"dom":5,"universo_dom":"domicilios_ocupados_grade_ibge_2022","na_bacia":1,"area_pct_bacia":100.0,"metodo_recorte_bacia":"ponto_representativo_grade_2022; area_pct_geometrica","status_borda_bacia":"total","metodo_area_bacia":"interseção geométrica em EPSG:5880","metodo_na_bacia":"ponto_representativo_grade_2022_within_bacia","pop_n_validos":1,"pop_n_total":1,"pop_completude":1.0,"dom_n_validos":1,"dom_n_total":1,"dom_completude":1.0},"geometry":{"type":"Polygon","coordinates":[[[-52.042194175499425,-28.753262841117127],[-52.042263721170755,-28.743967705016367],[-52.03232630048119,-28.743902493218304],[-52.03225640182098,-28.753197623634595],[-52.042194175499425,-28.753262841117127]]]}},{"type":"Feature","properties":{"id_grade":"1KME5201N8143","pop":8,"dom":2,"universo_dom":"domicilios_ocupados_grade_ibge_2022","na_bacia":1,"area_pct_bacia":100.0,"metodo_recorte_bacia":"ponto_representativo_grade_2022; area_pct_geometrica","status_borda_bacia":"total","metodo_area_bacia":"interseção geométrica em EPSG:5880","metodo_na_bacia":"ponto_representativo_grade_2022_within_bacia","pop_n_validos":1,"pop_n_total":1,"pop_completude":1.0,"dom_n_validos":1,"dom_n_total":1,"dom_completude":1.0},"geometry":{"type":"Polygon","coordinates":[[[-52.00244311068308,-28.752999990140648],[-52.00251406830671,-28.743704876949586],[-51.9925766676302,-28.743638344570602],[-51.99250535701984,-28.75293345196215],[-52.00244311068308,-28.752999990140648]]]}},{"type":"Feature","properties":{"id_grade":"1KME5193N8144","pop":11,"dom":4,"universo_dom":"domicilios_ocupados_grade_ibge_2022","na_bacia":1,"area_pct_bacia":100.0,"metodo_recorte_bacia":"ponto_representativo_grade_2022; area_pct_geometrica","status_borda_bacia":"total","metodo_area_bacia":"interseção geométrica em EPSG:5880","metodo_na_bacia":"ponto_representativo_grade_2022_within_bacia","pop_n_validos":1,"pop_n_total":1,"pop_completude":1.0,"dom_n_validos":1,"dom_n_total":1,"dom_completude":1.0},"geometry":{"type":"Polygon","coordinates":[[[-52.0820134530841,-28.744225250735074],[-52.082081581954434,-28.73493057200331],[-52.07214449461886,-28.734866686362402],[-52.07207601278266,-28.74416135952751],[-52.0820134530841,-28.744225250735074]]]}},{"type":"Feature","properties":{"id_grade":"1KME5194N8144","pop":13,"dom":4,"universo_dom":"domicilios_ocupados_grade_ibge_2022","na_bacia":1,"area_pct_bacia":100.0,"metodo_recorte_bacia":"ponto_representativo_grade_2022; area_pct_geometrica","status_borda_bacia":"total","metodo_area_bacia":"interseção geométrica em EPSG:5880","metodo_na_bacia":"ponto_representativo_grade_2022_within_bacia","pop_n_validos":1,"pop_n_total":1,"pop_completude":1.0,"dom_n_validos":1,"dom_n_total":1,"dom_completude":1.0},"geometry":{"type":"Polygon","coordinates":[[[-52.07207601278266,-28.74416135952751],[-52.07214449461886,-28.734866686362402],[-52.06220741214814,-28.734802470601498],[-52.06213857734656,-28.74409713817164],[-52.07207601278266,-28.74416135952751]]]}},{"type":"Feature","properties":{"id_grade":"1KME5195N8144","pop":7,"dom":2,"universo_dom":"domicilios_ocupados_grade_ibge_2022","na_bacia":1,"area_pct_bacia":100.0,"metodo_recorte_bacia":"ponto_representativo_grade_2022; area_pct_geometrica","status_borda_bacia":"total","metodo_area_bacia":"interseção geométrica em EPSG:5880","metodo_na_bacia":"ponto_representativo_grade_2022_within_bacia","pop_n_validos":1,"pop_n_total":1,"pop_completude":1.0,"dom_n_validos":1,"dom_n_total":1,"dom_completude":1.0},"geometry":{"type":"Polygon","coordinates":[[[-52.06213857734656,-28.74409713817164],[-52.06220741214814,-28.734802470601498],[-52.05227033456733,-28.73473792472106],[-52.052201146800904,-28.74403258666756],[-52.06213857734656,-28.74409713817164]]]}},{"type":"Feature","properties":{"id_grade":"1KME5196N8144","pop":4,"dom":1,"universo_dom":"domicilios_ocupados_grade_ibge_2022","na_bacia":1,"area_pct_bacia":100.0,"metodo_recorte_bacia":"ponto_representativo_grade_2022; area_pct_geometrica","status_borda_bacia":"total","metodo_area_bacia":"interseção geométrica em EPSG:5880","metodo_na_bacia":"ponto_representativo_grade_2022_within_bacia","pop_n_validos":1,"pop_n_total":1,"pop_completude":1.0,"dom_n_validos":1,"dom_n_total":1,"dom_completude":1.0},"geometry":{"type":"Polygon","coordinates":[[[-52.052201146800904,-28.74403258666756],[-52.05227033456733,-28.73473792472106],[-52.042333261901504,-28.73467304872244],[-52.042263721170755,-28.743967705016367],[-52.052201146800904,-28.74403258666756]]]}},{"type":"Feature","properties":{"id_grade":"1KME5198N8144","pop":13,"dom":5,"universo_dom":"domicilios_ocupados_grade_ibge_2022","na_bacia":1,"area_pct_bacia":100.0,"metodo_recorte_bacia":"ponto_representativo_grade_2022; area_pct_geometrica","status_borda_bacia":"total","metodo_area_bacia":"interseção geométrica em EPSG:5880","metodo_na_bacia":"ponto_representativo_grade_2022_within_bacia","pop_n_validos":1,"pop_n_total":1,"pop_completude":1.0,"dom_n_validos":1,"dom_n_total":1,"dom_completude":1.0},"geometry":{"type":"Polygon","coordinates":[[[-52.03232630048119,-28.743902493218304],[-52.03239619417573,-28.734607842605826],[-52.02245913141508,-28.734542306371466],[-52.02238888475727,-28.743836951274055],[-52.03232630048119,-28.743902493218304]]]}},{"type":"Feature","properties":{"id_grade":"1KME5199N8144","pop":19,"dom":9,"universo_dom":"domicilios_ocupados_grade_ibge_2022","na_bacia":1,"area_pct_bacia":100.0,"metodo_recorte_bacia":"ponto_representativo_grade_2022; area_pct_geometrica","status_borda_bacia":"total","metodo_area_bacia":"interseção geométrica em EPSG:5880","metodo_na_bacia":"ponto_representativo_grade_2022_within_bacia","pop_n_validos":1,"pop_n_total":1,"pop_completude":1.0,"dom_n_validos":1,"dom_n_total":1,"dom_completude":1.0},"geometry":{"type":"Polygon","coordinates":[[[-52.02238888475727,-28.743836951274055],[-52.02245913141508,-28.734542306371466],[-52.01252207364464,-28.734476440020504],[-52.01245147402408,-28.743771079184157],[-52.02238888475727,-28.743836951274055]]]}},{"type":"Feature","properties":{"id_grade":"1KME5201N8144","pop":2,"dom":1,"universo_dom":"domicilios_ocupados_grade_ibge_2022","na_bacia":1,"area_pct_bacia":100.0,"metodo_recorte_bacia":"ponto_representativo_grade_2022; area_pct_geometrica","status_borda_bacia":"total","metodo_area_bacia":"interseção geométrica em EPSG:5880","metodo_na_bacia":"ponto_representativo_grade_2022_within_bacia","pop_n_validos":1,"pop_n_total":1,"pop_completude":1.0,"dom_n_validos":1,"dom_n_total":1,"dom_completude":1.0},"geometry":{"type":"Polygon","coordinates":[[[-52.00251406830671,-28.743704876949586],[-52.00258502088946,-28.734410243553484],[-51.99264797317463,-28.734343716970443],[-51.9925766676302,-28.743638344570602],[-52.00251406830671,-28.743704876949586]]]}},{"type":"Feature","properties":{"id_grade":"1KME5196N8145","pop":2,"dom":1,"universo_dom":"domicilios_ocupados_grade_ibge_2022","na_bacia":1,"area_pct_bacia":100.0,"metodo_recorte_bacia":"ponto_representativo_grade_2022; area_pct_geometrica","status_borda_bacia":"total","metodo_area_bacia":"interseção geométrica em EPSG:5880","metodo_na_bacia":"ponto_representativo_grade_2022_within_bacia","pop_n_validos":1,"pop_n_total":1,"pop_completude":1.0,"dom_n_validos":1,"dom_n_total":1,"dom_completude":1.0},"geometry":{"type":"Polygon","coordinates":[[[-52.05227033456733,-28.73473792472106],[-52.05233951741877,-28.72544374221511],[-52.0424027976922,-28.7253788718658],[-52.042333261901504,-28.73467304872244],[-52.05227033456733,-28.73473792472106]]]}},{"type":"Feature","properties":{"id_grade":"1KME5197N8145","pop":7,"dom":4,"universo_dom":"domicilios_ocupados_grade_ibge_2022","na_bacia":1,"area_pct_bacia":100.0,"metodo_recorte_bacia":"ponto_representativo_grade_2022; area_pct_geometrica","status_borda_bacia":"total","metodo_area_bacia":"interseção geométrica em EPSG:5880","metodo_na_bacia":"ponto_representativo_grade_2022_within_bacia","pop_n_validos":1,"pop_n_total":1,"pop_completude":1.0,"dom_n_validos":1,"dom_n_total":1,"dom_completude":1.0},"geometry":{"type":"Polygon","coordinates":[[[-52.042333261901504,-28.73467304872244],[-52.0424027976922,-28.7253788718658],[-52.03246608290515,-28.725313671427468],[-52.03239619417573,-28.734607842605826],[-52.042333261901504,-28.73467304872244]]]}},{"type":"Feature","properties":{"id_grade":"1KME5198N8145","pop":12,"dom":3,"universo_dom":"domicilios_ocupados_grade_ibge_2022","na_bacia":1,"area_pct_bacia":100.0,"metodo_recorte_bacia":"ponto_representativo_grade_2022; area_pct_geometrica","status_borda_bacia":"total","metodo_area_bacia":"interseção geométrica em EPSG:5880","metodo_na_bacia":"ponto_representativo_grade_2022_within_bacia","pop_n_validos":1,"pop_n_total":1,"pop_completude":1.0,"dom_n_validos":1,"dom_n_total":1,"dom_completude":1.0},"geometry":{"type":"Polygon","coordinates":[[[-52.03239619417573,-28.734607842605826],[-52.03246608290515,-28.725313671427468],[-52.022529373082705,-28.725248140900188],[-52.02245913141508,-28.734542306371466],[-52.03239619417573,-28.734607842605826]]]}},{"type":"Feature","properties":{"id_grade":"1KME5199N8145","pop":11,"dom":3,"universo_dom":"domicilios_ocupados_grade_ibge_2022","na_bacia":1,"area_pct_bacia":100.0,"metodo_recorte_bacia":"ponto_representativo_grade_2022; area_pct_geometrica","status_borda_bacia":"total","metodo_area_bacia":"interseção geométrica em EPSG:5880","metodo_na_bacia":"ponto_representativo_grade_2022_within_bacia","pop_n_validos":1,"pop_n_total":1,"pop_completude":1.0,"dom_n_validos":1,"dom_n_total":1,"dom_completude":1.0},"geometry":{"type":"Polygon","coordinates":[[[-52.02245913141508,-28.734542306371466],[-52.022529373082705,-28.725248140900188],[-52.01259266824992,-28.72518228028511],[-52.01252207364464,-28.734476440020504],[-52.02245913141508,-28.734542306371466]]]}},{"type":"Feature","properties":{"id_grade":"1KME5200N8145","pop":4,"dom":2,"universo_dom":"domicilios_ocupados_grade_ibge_2022","na_bacia":1,"area_pct_bacia":100.0,"metodo_recorte_bacia":"ponto_representativo_grade_2022; area_pct_geometrica","status_borda_bacia":"total","metodo_area_bacia":"interseção geométrica em EPSG:5880","metodo_na_bacia":"ponto_representativo_grade_2022_within_bacia","pop_n_validos":1,"pop_n_total":1,"pop_completude":1.0,"dom_n_validos":1,"dom_n_total":1,"dom_completude":1.0},"geometry":{"type":"Polygon","coordinates":[[[-52.01252207364464,-28.734476440020504],[-52.01259266824992,-28.72518228028511],[-52.002655968431874,-28.725116089582308],[-52.00258502088946,-28.734410243553484],[-52.01252207364464,-28.734476440020504]]]}},{"type":"Feature","properties":{"id_grade":"1KME5201N8145","pop":15,"dom":3,"universo_dom":"domicilios_ocupados_grade_ibge_2022","na_bacia":1,"area_pct_bacia":100.0,"metodo_recorte_bacia":"ponto_representativo_grade_2022; area_pct_geometrica","status_borda_bacia":"total","metodo_area_bacia":"interseção geométrica em EPSG:5880","metodo_na_bacia":"ponto_representativo_grade_2022_within_bacia","pop_n_validos":1,"pop_n_total":1,"pop_completude":1.0,"dom_n_validos":1,"dom_n_total":1,"dom_completude":1.0},"geometry":{"type":"Polygon","coordinates":[[[-52.00258502088946,-28.734410243553484],[-52.002655968431874,-28.725116089582308],[-51.992719273653634,-28.725049568792898],[-51.99264797317463,-28.734343716970443],[-52.00258502088946,-28.734410243553484]]]}},{"type":"Feature","properties":{"id_grade":"1KME5193N8146","pop":2,"dom":1,"universo_dom":"domicilios_ocupados_grade_ibge_2022","na_bacia":1,"area_pct_bacia":100.0,"metodo_recorte_bacia":"ponto_representativo_grade_2022; area_pct_geometrica","status_borda_bacia":"total","metodo_area_bacia":"interseção geométrica em EPSG:5880","metodo_na_bacia":"ponto_representativo_grade_2022_within_bacia","pop_n_validos":1,"pop_n_total":1,"pop_completude":1.0,"dom_n_validos":1,"dom_n_total":1,"dom_completude":1.0},"geometry":{"type":"Polygon","coordinates":[[[-52.08214970598498,-28.725636372720903],[-52.082217825176286,-28.716342652518172],[-52.07228144369728,-28.71627877800089],[-52.07221297159023,-28.72557249264327],[-52.08214970598498,-28.725636372720903]]]}},{"type":"Feature","properties":{"id_grade":"1KME5194N8146","pop":10,"dom":4,"universo_dom":"domicilios_ocupados_grade_ibge_2022","na_bacia":1,"area_pct_bacia":100.0,"metodo_recorte_bacia":"ponto_representativo_grade_2022; area_pct_geometrica","status_borda_bacia":"total","metodo_area_bacia":"interseção geométrica em EPSG:5880","metodo_na_bacia":"ponto_representativo_grade_2022_within_bacia","pop_n_validos":1,"pop_n_total":1,"pop_completude":1.0,"dom_n_validos":1,"dom_n_total":1,"dom_completude":1.0},"geometry":{"type":"Polygon","coordinates":[[[-52.07221297159023,-28.72557249264327],[-52.07228144369728,-28.71627877800089],[-52.062345067082084,-28.716214573421215],[-52.06227624205981,-28.725508282474276],[-52.07221297159023,-28.72557249264327]]]}},{"type":"Feature","properties":{"id_grade":"1KME5196N8146","pop":4,"dom":2,"universo_dom":"domicilios_ocupados_grade_ibge_2022","na_bacia":1,"area_pct_bacia":100.0,"metodo_recorte_bacia":"ponto_representativo_grade_2022; area_pct_geometrica","status_borda_bacia":"total","metodo_area_bacia":"interseção geométrica em EPSG:5880","metodo_na_bacia":"ponto_representativo_grade_2022_within_bacia","pop_n_validos":1,"pop_n_total":1,"pop_completude":1.0,"dom_n_validos":1,"dom_n_total":1,"dom_completude":1.0},"geometry":{"type":"Polygon","coordinates":[[[-52.05233951741877,-28.72544374221511],[-52.05240869535576,-28.71615003877992],[-52.04247232854336,-28.716085174077218],[-52.0424027976922,-28.7253788718658],[-52.05233951741877,-28.72544374221511]]]}},{"type":"Feature","properties":{"id_grade":"1KME5197N8146","pop":8,"dom":4,"universo_dom":"domicilios_ocupados_grade_ibge_2022","na_bacia":1,"area_pct_bacia":100.0,"metodo_recorte_bacia":"ponto_representativo_grade_2022; area_pct_geometrica","status_borda_bacia":"total","metodo_area_bacia":"interseção geométrica em EPSG:5880","metodo_na_bacia":"ponto_representativo_grade_2022_within_bacia","pop_n_validos":1,"pop_n_total":1,"pop_completude":1.0,"dom_n_validos":1,"dom_n_total":1,"dom_completude":1.0},"geometry":{"type":"Polygon","coordinates":[[[-52.0424027976922,-28.7253788718658],[-52.04247232854336,-28.716085174077218],[-52.032535966669975,-28.716019979314048],[-52.03246608290515,-28.725313671427468],[-52.0424027976922,-28.7253788718658]]]}},{"type":"Feature","properties":{"id_grade":"1KME5198N8146","pop":13,"dom":5,"universo_dom":"domicilios_ocupados_grade_ibge_2022","na_bacia":1,"area_pct_bacia":100.0,"metodo_recorte_bacia":"ponto_representativo_grade_2022; area_pct_geometrica","status_borda_bacia":"total","metodo_area_bacia":"interseção geométrica em EPSG:5880","metodo_na_bacia":"ponto_representativo_grade_2022_within_bacia","pop_n_validos":1,"pop_n_total":1,"pop_completude":1.0,"dom_n_validos":1,"dom_n_total":1,"dom_completude":1.0},"geometry":{"type":"Polygon","coordinates":[[[-52.03246608290515,-28.725313671427468],[-52.032535966669975,-28.716019979314048],[-52.022599609760654,-28.71595445449111],[-52.022529373082705,-28.725248140900188],[-52.03246608290515,-28.725313671427468]]]}},{"type":"Feature","properties":{"id_grade":"1KME5199N8146","pop":11,"dom":4,"universo_dom":"domicilios_ocupados_grade_ibge_2022","na_bacia":1,"area_pct_bacia":100.0,"metodo_recorte_bacia":"ponto_representativo_grade_2022; area_pct_geometrica","status_borda_bacia":"total","metodo_area_bacia":"interseção geométrica em EPSG:5880","metodo_na_bacia":"ponto_representativo_grade_2022_within_bacia","pop_n_validos":1,"pop_n_total":1,"pop_completude":1.0,"dom_n_validos":1,"dom_n_total":1,"dom_completude":1.0},"geometry":{"type":"Polygon","coordinates":[[[-52.022529373082705,-28.725248140900188],[-52.022599609760654,-28.71595445449111],[-52.01266325784047,-28.715888599608398],[-52.01259266824992,-28.72518228028511],[-52.022529373082705,-28.725248140900188]]]}},{"type":"Feature","properties":{"id_grade":"1KME5200N8146","pop":12,"dom":4,"universo_dom":"domicilios_ocupados_grade_ibge_2022","na_bacia":1,"area_pct_bacia":100.0,"metodo_recorte_bacia":"ponto_representativo_grade_2022; area_pct_geometrica","status_borda_bacia":"total","metodo_area_bacia":"interseção geométrica em EPSG:5880","metodo_na_bacia":"ponto_representativo_grade_2022_within_bacia","pop_n_validos":1,"pop_n_total":1,"pop_completude":1.0,"dom_n_validos":1,"dom_n_total":1,"dom_completude":1.0},"geometry":{"type":"Polygon","coordinates":[[[-52.01259266824992,-28.72518228028511],[-52.01266325784047,-28.715888599608398],[-52.002726910934484,-28.715822414667418],[-52.002655968431874,-28.725116089582308],[-52.01259266824992,-28.72518228028511]]]}},{"type":"Feature","properties":{"id_grade":"1KME5201N8146","pop":3,"dom":2,"universo_dom":"domicilios_ocupados_grade_ibge_2022","na_bacia":1,"area_pct_bacia":100.0,"metodo_recorte_bacia":"ponto_representativo_grade_2022; area_pct_geometrica","status_borda_bacia":"total","metodo_area_bacia":"interseção geométrica em EPSG:5880","metodo_na_bacia":"ponto_representativo_grade_2022_within_bacia","pop_n_validos":1,"pop_n_total":1,"pop_completude":1.0,"dom_n_validos":1,"dom_n_total":1,"dom_completude":1.0},"geometry":{"type":"Polygon","coordinates":[[[-52.002655968431874,-28.725116089582308],[-52.002726910934484,-28.715822414667418],[-51.992790569067765,-28.715755899667748],[-51.992719273653634,-28.725049568792898],[-52.002655968431874,-28.725116089582308]]]}},{"type":"Feature","properties":{"id_grade":"1KME5202N8146","pop":10,"dom":3,"universo_dom":"domicilios_ocupados_grade_ibge_2022","na_bacia":1,"area_pct_bacia":100.0,"metodo_recorte_bacia":"ponto_representativo_grade_2022; area_pct_geometrica","status_borda_bacia":"total","metodo_area_bacia":"interseção geométrica em EPSG:5880","metodo_na_bacia":"ponto_representativo_grade_2022_within_bacia","pop_n_validos":1,"pop_n_total":1,"pop_completude":1.0,"dom_n_validos":1,"dom_n_total":1,"dom_completude":1.0},"geometry":{"type":"Polygon","coordinates":[[[-51.992719273653634,-28.725049568792898],[-51.992790569067765,-28.715755899667748],[-51.982854232265375,-28.71568905461099],[-51.982782583940256,-28.724982717916912],[-51.992719273653634,-28.725049568792898]]]}},{"type":"Feature","properties":{"id_grade":"1KME5194N8147","pop":6,"dom":2,"universo_dom":"domicilios_ocupados_grade_ibge_2022","na_bacia":1,"area_pct_bacia":100.0,"metodo_recorte_bacia":"ponto_representativo_grade_2022; area_pct_geometrica","status_borda_bacia":"total","metodo_area_bacia":"interseção geométrica em EPSG:5880","metodo_na_bacia":"ponto_representativo_grade_2022_within_bacia","pop_n_validos":1,"pop_n_total":1,"pop_completude":1.0,"dom_n_validos":1,"dom_n_total":1,"dom_completude":1.0},"geometry":{"type":"Polygon","coordinates":[[[-52.07228144369728,-28.71627877800089],[-52.07234991094053,-28.706985542066743],[-52.06241388721549,-28.706921343073173],[-52.062345067082084,-28.716214573421215],[-52.07228144369728,-28.71627877800089]]]}},{"type":"Feature","properties":{"id_grade":"1KME5196N8147","pop":11,"dom":4,"universo_dom":"domicilios_ocupados_grade_ibge_2022","na_bacia":1,"area_pct_bacia":100.0,"metodo_recorte_bacia":"ponto_representativo_grade_2022; area_pct_geometrica","status_borda_bacia":"total","metodo_area_bacia":"interseção geométrica em EPSG:5880","metodo_na_bacia":"ponto_representativo_grade_2022_within_bacia","pop_n_validos":1,"pop_n_total":1,"pop_completude":1.0,"dom_n_validos":1,"dom_n_total":1,"dom_completude":1.0},"geometry":{"type":"Polygon","coordinates":[[[-52.05240869535576,-28.71615003877992],[-52.0524778683788,-28.706856814046652],[-52.04254185445553,-28.706791954987832],[-52.04247232854336,-28.716085174077218],[-52.05240869535576,-28.71615003877992]]]}},{"type":"Feature","properties":{"id_grade":"1KME5197N8147","pop":2,"dom":1,"universo_dom":"domicilios_ocupados_grade_ibge_2022","na_bacia":1,"area_pct_bacia":100.0,"metodo_recorte_bacia":"ponto_representativo_grade_2022; area_pct_geometrica","status_borda_bacia":"total","metodo_area_bacia":"interseção geométrica em EPSG:5880","metodo_na_bacia":"ponto_representativo_grade_2022_within_bacia","pop_n_validos":1,"pop_n_total":1,"pop_completude":1.0,"dom_n_validos":1,"dom_n_total":1,"dom_completude":1.0},"geometry":{"type":"Polygon","coordinates":[[[-52.04247232854336,-28.716085174077218],[-52.04254185445553,-28.706791954987832],[-52.032605845470734,-28.70672676589682],[-52.032535966669975,-28.716019979314048],[-52.04247232854336,-28.716085174077218]]]}},{"type":"Feature","properties":{"id_grade":"1KME5198N8147","pop":4,"dom":2,"universo_dom":"domicilios_ocupados_grade_ibge_2022","na_bacia":1,"area_pct_bacia":100.0,"metodo_recorte_bacia":"ponto_representativo_grade_2022; area_pct_geometrica","status_borda_bacia":"total","metodo_area_bacia":"interseção geométrica em EPSG:5880","metodo_na_bacia":"ponto_representativo_grade_2022_within_bacia","pop_n_validos":1,"pop_n_total":1,"pop_completude":1.0,"dom_n_validos":1,"dom_n_total":1,"dom_completude":1.0},"geometry":{"type":"Polygon","coordinates":[[[-52.032535966669975,-28.716019979314048],[-52.032605845470734,-28.70672676589682],[-52.02266984144948,-28.706661246774587],[-52.022599609760654,-28.71595445449111],[-52.032535966669975,-28.716019979314048]]]}},{"type":"Feature","properties":{"id_grade":"1KME5199N8147","pop":8,"dom":2,"universo_dom":"domicilios_ocupados_grade_ibge_2022","na_bacia":1,"area_pct_bacia":100.0,"metodo_recorte_bacia":"ponto_representativo_grade_2022; area_pct_geometrica","status_borda_bacia":"total","metodo_area_bacia":"interseção geométrica em EPSG:5880","metodo_na_bacia":"ponto_representativo_grade_2022_within_bacia","pop_n_validos":1,"pop_n_total":1,"pop_completude":1.0,"dom_n_validos":1,"dom_n_total":1,"dom_completude":1.0},"geometry":{"type":"Polygon","coordinates":[[[-52.022599609760654,-28.71595445449111],[-52.02266984144948,-28.706661246774587],[-52.012733842416814,-28.706595397621818],[-52.01266325784047,-28.715888599608398],[-52.022599609760654,-28.71595445449111]]]}},{"type":"Feature","properties":{"id_grade":"1KME5202N8147","pop":11,"dom":4,"universo_dom":"domicilios_ocupados_grade_ibge_2022","na_bacia":1,"area_pct_bacia":100.0,"metodo_recorte_bacia":"ponto_representativo_grade_2022; area_pct_geometrica","status_borda_bacia":"total","metodo_area_bacia":"interseção geométrica em EPSG:5880","metodo_na_bacia":"ponto_representativo_grade_2022_within_bacia","pop_n_validos":1,"pop_n_total":1,"pop_completude":1.0,"dom_n_validos":1,"dom_n_total":1,"dom_completude":1.0},"geometry":{"type":"Polygon","coordinates":[[[-51.992790569067765,-28.715755899667748],[-51.99286185941757,-28.706462709226948],[-51.9829258755011,-28.706395869985723],[-51.982854232265375,-28.71568905461099],[-51.992790569067765,-28.715755899667748]]]}},{"type":"Feature","properties":{"id_grade":"200ME51974N81384","pop":6,"dom":3,"universo_dom":"domicilios_ocupados_grade_ibge_2022","na_bacia":1,"area_pct_bacia":100.0,"metodo_recorte_bacia":"ponto_representativo_grade_2022; area_pct_geometrica","status_borda_bacia":"total","metodo_area_bacia":"interseção geométrica em EPSG:5880","metodo_na_bacia":"ponto_representativo_grade_2022_within_bacia","pop_n_validos":1,"pop_n_total":1,"pop_completude":1.0,"dom_n_validos":1,"dom_n_total":1,"dom_completude":1.0},"geometry":{"type":"Polygon","coordinates":[[[-52.037884499969664,-28.797860126943245],[-52.03789844215936,-28.796000599647886],[-52.03591056272222,-28.79598755138436],[-52.03589660614341,-28.797847077780368],[-52.037884499969664,-28.797860126943245]]]}},{"type":"Feature","properties":{"id_grade":"200ME51972N81386","pop":12,"dom":5,"universo_dom":"domicilios_ocupados_grade_ibge_2022","na_bacia":1,"area_pct_bacia":100.0,"metodo_recorte_bacia":"ponto_representativo_grade_2022; area_pct_geometrica","status_borda_bacia":"total","metodo_area_bacia":"interseção geométrica em EPSG:5880","metodo_na_bacia":"ponto_representativo_grade_2022_within_bacia","pop_n_validos":1,"pop_n_total":1,"pop_completude":1.0,"dom_n_validos":1,"dom_n_total":1,"dom_completude":1.0},"geometry":{"type":"Polygon","coordinates":[[[-52.03988632159644,-28.796013635320875],[-52.039900250296284,-28.794154126911398],[-52.037912384349,-28.794141092137632],[-52.03789844215936,-28.796000599647886],[-52.03988632159644,-28.796013635320875]]]}},{"type":"Feature","properties":{"id_grade":"200ME51974N81386","pop":29,"dom":11,"universo_dom":"domicilios_ocupados_grade_ibge_2022","na_bacia":1,"area_pct_bacia":100.0,"metodo_recorte_bacia":"ponto_representativo_grade_2022; area_pct_geometrica","status_borda_bacia":"total","metodo_area_bacia":"interseção geométrica em EPSG:5880","metodo_na_bacia":"ponto_representativo_grade_2022_within_bacia","pop_n_validos":1,"pop_n_total":1,"pop_completude":1.0,"dom_n_validos":1,"dom_n_total":1,"dom_completude":1.0},"geometry":{"type":"Polygon","coordinates":[[[-52.03789844215936,-28.796000599647886],[-52.037912384349,-28.794141092137632],[-52.03592451930109,-28.79412804387406],[-52.03591056272222,-28.79598755138436],[-52.03789844215936,-28.796000599647886]]]}},{"type":"Feature","properties":{"id_grade":"200ME51976N81386","pop":33,"dom":14,"universo_dom":"domicilios_ocupados_grade_ibge_2022","na_bacia":1,"area_pct_bacia":100.0,"metodo_recorte_bacia":"ponto_representativo_grade_2022; area_pct_geometrica","status_borda_bacia":"total","metodo_area_bacia":"interseção geométrica em EPSG:5880","metodo_na_bacia":"ponto_representativo_grade_2022_within_bacia","pop_n_validos":1,"pop_n_total":1,"pop_completude":1.0,"dom_n_validos":1,"dom_n_total":1,"dom_completude":1.0},"geometry":{"type":"Polygon","coordinates":[[[-52.03591056272222,-28.79598755138436],[-52.03592451930109,-28.79412804387406],[-52.033936653353805,-28.794114982120742],[-52.03392268328514,-28.795974488731613],[-52.03591056272222,-28.79598755138436]]]}},{"type":"Feature","properties":{"id_grade":"200ME51978N81386","pop":17,"dom":7,"universo_dom":"domicilios_ocupados_grade_ibge_2022","na_bacia":1,"area_pct_bacia":100.0,"metodo_recorte_bacia":"ponto_representativo_grade_2022; area_pct_geometrica","status_borda_bacia":"total","metodo_area_bacia":"interseção geométrica em EPSG:5880","metodo_na_bacia":"ponto_representativo_grade_2022_within_bacia","pop_n_validos":1,"pop_n_total":1,"pop_completude":1.0,"dom_n_validos":1,"dom_n_total":1,"dom_completude":1.0},"geometry":{"type":"Polygon","coordinates":[[[-52.03392268328514,-28.795974488731613],[-52.033936653353805,-28.794114982120742],[-52.03194878830589,-28.79410190687749],[-52.03193480384805,-28.795961413488346],[-52.03392268328514,-28.795974488731613]]]}},{"type":"Feature","properties":{"id_grade":"200ME51974N81388","pop":11,"dom":4,"universo_dom":"domicilios_ocupados_grade_ibge_2022","na_bacia":1,"area_pct_bacia":100.0,"metodo_recorte_bacia":"ponto_representativo_grade_2022; area_pct_geometrica","status_borda_bacia":"total","metodo_area_bacia":"interseção geométrica em EPSG:5880","metodo_na_bacia":"ponto_representativo_grade_2022_within_bacia","pop_n_validos":1,"pop_n_total":1,"pop_completude":1.0,"dom_n_validos":1,"dom_n_total":1,"dom_completude":1.0},"geometry":{"type":"Polygon","coordinates":[[[-52.037912384349,-28.794141092137632],[-52.037926326538695,-28.792281603513167],[-52.03593847498058,-28.79226855524959],[-52.03592451930109,-28.79412804387406],[-52.037912384349,-28.794141092137632]]]}},{"type":"Feature","properties":{"id_grade":"200ME51990N81426","pop":2,"dom":1,"universo_dom":"domicilios_ocupados_grade_ibge_2022","na_bacia":1,"area_pct_bacia":100.0,"metodo_recorte_bacia":"ponto_representativo_grade_2022; area_pct_geometrica","status_borda_bacia":"total","metodo_area_bacia":"interseção geométrica em EPSG:5880","metodo_na_bacia":"ponto_representativo_grade_2022_within_bacia","pop_n_validos":1,"pop_n_total":1,"pop_completude":1.0,"dom_n_validos":1,"dom_n_total":1,"dom_completude":1.0},"geometry":{"type":"Polygon","coordinates":[[[-52.022276479875586,-28.75870938093311],[-52.022290530883254,-28.75685026013127],[-52.02030295002106,-28.75683711024448],[-52.02028888462427,-28.758696231046237],[-52.022276479875586,-28.75870938093311]]]}},{"type":"Feature","properties":{"id_grade":"200ME51996N81426","pop":2,"dom":1,"universo_dom":"domicilios_ocupados_grade_ibge_2022","na_bacia":1,"area_pct_bacia":100.0,"metodo_recorte_bacia":"ponto_representativo_grade_2022; area_pct_geometrica","status_borda_bacia":"total","metodo_area_bacia":"interseção geométrica em EPSG:5880","metodo_na_bacia":"ponto_representativo_grade_2022_within_bacia","pop_n_validos":1,"pop_n_total":1,"pop_completude":1.0,"dom_n_validos":1,"dom_n_total":1,"dom_completude":1.0},"geometry":{"type":"Polygon","coordinates":[[[-52.01631369412166,-28.758669891702073],[-52.016327787397415,-28.756810771799625],[-52.01434020653528,-28.756797582342557],[-52.01432609887029,-28.75865670224502],[-52.01631369412166,-28.758669891702073]]]}},{"type":"Feature","properties":{"id_grade":"200ME51996N81428","pop":18,"dom":6,"universo_dom":"domicilios_ocupados_grade_ibge_2022","na_bacia":1,"area_pct_bacia":100.0,"metodo_recorte_bacia":"ponto_representativo_grade_2022; area_pct_geometrica","status_borda_bacia":"total","metodo_area_bacia":"interseção geométrica em EPSG:5880","metodo_na_bacia":"ponto_representativo_grade_2022_within_bacia","pop_n_validos":1,"pop_n_total":1,"pop_completude":1.0,"dom_n_validos":1,"dom_n_total":1,"dom_completude":1.0},"geometry":{"type":"Polygon","coordinates":[[[-52.016327787397415,-28.756810771799625],[-52.016341880673224,-28.754951670782926],[-52.014354314200204,-28.754938481325798],[-52.01434020653528,-28.756797582342557],[-52.016327787397415,-28.756810771799625]]]}},{"type":"Feature","properties":{"id_grade":"200ME51998N81428","pop":11,"dom":3,"universo_dom":"domicilios_ocupados_grade_ibge_2022","na_bacia":1,"area_pct_bacia":100.0,"metodo_recorte_bacia":"ponto_representativo_grade_2022; area_pct_geometrica","status_borda_bacia":"total","metodo_area_bacia":"interseção geométrica em EPSG:5880","metodo_na_bacia":"ponto_representativo_grade_2022_within_bacia","pop_n_validos":1,"pop_n_total":1,"pop_completude":1.0,"dom_n_validos":1,"dom_n_total":1,"dom_completude":1.0},"geometry":{"type":"Polygon","coordinates":[[[-52.01434020653528,-28.756797582342557],[-52.014354314200204,-28.754938481325798],[-52.01236674772719,-28.7549252792781],[-52.012352626572415,-28.75678438029478],[-52.01434020653528,-28.756797582342557]]]}},{"type":"Feature","properties":{"id_grade":"200ME51994N81430","pop":7,"dom":3,"universo_dom":"domicilios_ocupados_grade_ibge_2022","na_bacia":1,"area_pct_bacia":100.0,"metodo_recorte_bacia":"ponto_representativo_grade_2022; area_pct_geometrica","status_borda_bacia":"total","metodo_area_bacia":"interseção geométrica em EPSG:5880","metodo_na_bacia":"ponto_representativo_grade_2022_within_bacia","pop_n_validos":1,"pop_n_total":1,"pop_completude":1.0,"dom_n_validos":1,"dom_n_total":1,"dom_completude":1.0},"geometry":{"type":"Polygon","coordinates":[[[-52.01832944804556,-28.75496484675025],[-52.0183435269322,-28.753105764619296],[-52.016355973948976,-28.75309258865201],[-52.016341880673224,-28.754951670782926],[-52.01832944804556,-28.75496484675025]]]}},{"type":"Feature","properties":{"id_grade":"200ME51996N81430","pop":15,"dom":7,"universo_dom":"domicilios_ocupados_grade_ibge_2022","na_bacia":1,"area_pct_bacia":100.0,"metodo_recorte_bacia":"ponto_representativo_grade_2022; area_pct_geometrica","status_borda_bacia":"total","metodo_area_bacia":"interseção geométrica em EPSG:5880","metodo_na_bacia":"ponto_representativo_grade_2022_within_bacia","pop_n_validos":1,"pop_n_total":1,"pop_completude":1.0,"dom_n_validos":1,"dom_n_total":1,"dom_completude":1.0},"geometry":{"type":"Polygon","coordinates":[[[-52.016341880673224,-28.754951670782926],[-52.016355973948976,-28.75309258865201],[-52.01436842186513,-28.75307940009418],[-52.014354314200204,-28.754938481325798],[-52.016341880673224,-28.754951670782926]]]}},{"type":"Feature","properties":{"id_grade":"200ME51998N81430","pop":21,"dom":8,"universo_dom":"domicilios_ocupados_grade_ibge_2022","na_bacia":1,"area_pct_bacia":100.0,"metodo_recorte_bacia":"ponto_representativo_grade_2022; area_pct_geometrica","status_borda_bacia":"total","metodo_area_bacia":"interseção geométrica em EPSG:5880","metodo_na_bacia":"ponto_representativo_grade_2022_within_bacia","pop_n_validos":1,"pop_n_total":1,"pop_completude":1.0,"dom_n_validos":1,"dom_n_total":1,"dom_completude":1.0},"geometry":{"type":"Polygon","coordinates":[[[-52.014354314200204,-28.754938481325798],[-52.01436842186513,-28.75307940009418],[-52.01238086978128,-28.75306619804657],[-52.01236674772719,-28.7549252792781],[-52.014354314200204,-28.754938481325798]]]}},{"type":"Feature","properties":{"id_grade":"200ME51994N81432","pop":11,"dom":4,"universo_dom":"domicilios_ocupados_grade_ibge_2022","na_bacia":1,"area_pct_bacia":100.0,"metodo_recorte_bacia":"ponto_representativo_grade_2022; area_pct_geometrica","status_borda_bacia":"total","metodo_area_bacia":"interseção geométrica em EPSG:5880","metodo_na_bacia":"ponto_representativo_grade_2022_within_bacia","pop_n_validos":1,"pop_n_total":1,"pop_completude":1.0,"dom_n_validos":1,"dom_n_total":1,"dom_completude":1.0},"geometry":{"type":"Polygon","coordinates":[[[-52.0183435269322,-28.753105764619296],[-52.018357605818835,-28.751246701374125],[-52.016370067224784,-28.75123352630611],[-52.016355973948976,-28.75309258865201],[-52.0183435269322,-28.753105764619296]]]}},{"type":"Feature","properties":{"id_grade":"200ME51996N81432","pop":19,"dom":8,"universo_dom":"domicilios_ocupados_grade_ibge_2022","na_bacia":1,"area_pct_bacia":100.0,"metodo_recorte_bacia":"ponto_representativo_grade_2022; area_pct_geometrica","status_borda_bacia":"total","metodo_area_bacia":"interseção geométrica em EPSG:5880","metodo_na_bacia":"ponto_representativo_grade_2022_within_bacia","pop_n_validos":1,"pop_n_total":1,"pop_completude":1.0,"dom_n_validos":1,"dom_n_total":1,"dom_completude":1.0},"geometry":{"type":"Polygon","coordinates":[[[-52.016355973948976,-28.75309258865201],[-52.016370067224784,-28.75123352630611],[-52.01438252863073,-28.75122033774842],[-52.01436842186513,-28.75307940009418],[-52.016355973948976,-28.75309258865201]]]}},{"type":"Feature","properties":{"id_grade":"200ME51998N81432","pop":22,"dom":10,"universo_dom":"domicilios_ocupados_grade_ibge_2022","na_bacia":1,"area_pct_bacia":100.0,"metodo_recorte_bacia":"ponto_representativo_grade_2022; area_pct_geometrica","status_borda_bacia":"total","metodo_area_bacia":"interseção geométrica em EPSG:5880","metodo_na_bacia":"ponto_representativo_grade_2022_within_bacia","pop_n_validos":1,"pop_n_total":1,"pop_completude":1.0,"dom_n_validos":1,"dom_n_total":1,"dom_completude":1.0},"geometry":{"type":"Polygon","coordinates":[[[-52.01436842186513,-28.75307940009418],[-52.01438252863073,-28.75122033774842],[-52.01239499093606,-28.751207135700707],[-52.01238086978128,-28.75306619804657],[-52.01436842186513,-28.75307940009418]]]}},{"type":"Feature","properties":{"id_grade":"200ME51990N81434","pop":2,"dom":1,"universo_dom":"domicilios_ocupados_grade_ibge_2022","na_bacia":1,"area_pct_bacia":100.0,"metodo_recorte_bacia":"ponto_representativo_grade_2022; area_pct_geometrica","status_borda_bacia":"total","metodo_area_bacia":"interseção geométrica em EPSG:5880","metodo_na_bacia":"ponto_representativo_grade_2022_within_bacia","pop_n_validos":1,"pop_n_total":1,"pop_completude":1.0,"dom_n_validos":1,"dom_n_total":1,"dom_completude":1.0},"geometry":{"type":"Polygon","coordinates":[[[-52.02233268390619,-28.75127301283924],[-52.02234673401455,-28.74941396847978],[-52.02035920980967,-28.749400819492113],[-52.02034514441283,-28.751259863851676],[-52.02233268390619,-28.75127301283924]]]}},{"type":"Feature","properties":{"id_grade":"200ME51992N81434","pop":12,"dom":3,"universo_dom":"domicilios_ocupados_grade_ibge_2022","na_bacia":1,"area_pct_bacia":100.0,"metodo_recorte_bacia":"ponto_representativo_grade_2022; area_pct_geometrica","status_borda_bacia":"total","metodo_area_bacia":"interseção geométrica em EPSG:5880","metodo_na_bacia":"ponto_representativo_grade_2022_within_bacia","pop_n_validos":1,"pop_n_total":1,"pop_completude":1.0,"dom_n_validos":1,"dom_n_total":1,"dom_completude":1.0},"geometry":{"type":"Polygon","coordinates":[[[-52.02034514441283,-28.751259863851676],[-52.02035920980967,-28.749400819492113],[-52.018371684705464,-28.74938765791407],[-52.018357605818835,-28.751246701374125],[-52.02034514441283,-28.751259863851676]]]}},{"type":"Feature","properties":{"id_grade":"200ME51994N81434","pop":21,"dom":8,"universo_dom":"domicilios_ocupados_grade_ibge_2022","na_bacia":1,"area_pct_bacia":100.0,"metodo_recorte_bacia":"ponto_representativo_grade_2022; area_pct_geometrica","status_borda_bacia":"total","metodo_area_bacia":"interseção geométrica em EPSG:5880","metodo_na_bacia":"ponto_representativo_grade_2022_within_bacia","pop_n_validos":1,"pop_n_total":1,"pop_completude":1.0,"dom_n_validos":1,"dom_n_total":1,"dom_completude":1.0},"geometry":{"type":"Polygon","coordinates":[[[-52.018357605818835,-28.751246701374125],[-52.018371684705464,-28.74938765791407],[-52.01638416050059,-28.749374482846054],[-52.016370067224784,-28.75123352630611],[-52.018357605818835,-28.751246701374125]]]}},{"type":"Feature","properties":{"id_grade":"200ME51996N81434","pop":21,"dom":8,"universo_dom":"domicilios_ocupados_grade_ibge_2022","na_bacia":1,"area_pct_bacia":100.0,"metodo_recorte_bacia":"ponto_representativo_grade_2022; area_pct_geometrica","status_borda_bacia":"total","metodo_area_bacia":"interseção geométrica em EPSG:5880","metodo_na_bacia":"ponto_representativo_grade_2022_within_bacia","pop_n_validos":1,"pop_n_total":1,"pop_completude":1.0,"dom_n_validos":1,"dom_n_total":1,"dom_completude":1.0},"geometry":{"type":"Polygon","coordinates":[[[-52.016370067224784,-28.75123352630611],[-52.01638416050059,-28.749374482846054],[-52.014396636295714,-28.749361294288217],[-52.01438252863073,-28.75122033774842],[-52.016370067224784,-28.75123352630611]]]}},{"type":"Feature","properties":{"id_grade":"200ME51998N81434","pop":6,"dom":2,"universo_dom":"domicilios_ocupados_grade_ibge_2022","na_bacia":1,"area_pct_bacia":100.0,"metodo_recorte_bacia":"ponto_representativo_grade_2022; area_pct_geometrica","status_borda_bacia":"total","metodo_area_bacia":"interseção geométrica em EPSG:5880","metodo_na_bacia":"ponto_representativo_grade_2022_within_bacia","pop_n_validos":1,"pop_n_total":1,"pop_completude":1.0,"dom_n_validos":1,"dom_n_total":1,"dom_completude":1.0},"geometry":{"type":"Polygon","coordinates":[[[-52.01438252863073,-28.75122033774842],[-52.014396636295714,-28.749361294288217],[-52.012409112090836,-28.749348093139908],[-52.01239499093606,-28.751207135700707],[-52.01438252863073,-28.75122033774842]]]}},{"type":"Feature","properties":{"id_grade":"200ME52000N81392","pop":3,"dom":1,"universo_dom":"domicilios_ocupados_grade_ibge_2022","na_bacia":1,"area_pct_bacia":100.0,"metodo_recorte_bacia":"ponto_representativo_grade_2022; area_pct_geometrica","status_borda_bacia":"total","metodo_area_bacia":"interseção geométrica em EPSG:5880","metodo_na_bacia":"ponto_representativo_grade_2022_within_bacia","pop_n_validos":1,"pop_n_total":1,"pop_completude":1.0,"dom_n_validos":1,"dom_n_total":1,"dom_completude":1.0},"geometry":{"type":"Polygon","coordinates":[[[-52.012098400820484,-28.790251479322283],[-52.01211252557254,-28.78839203206665],[-52.01012470549074,-28.78837881293189],[-52.01011056634951,-28.790238259288145],[-52.012098400820484,-28.790251479322283]]]}},{"type":"Feature","properties":{"id_grade":"200ME52006N81394","pop":8,"dom":3,"universo_dom":"domicilios_ocupados_grade_ibge_2022","na_bacia":1,"area_pct_bacia":100.0,"metodo_recorte_bacia":"ponto_representativo_grade_2022; area_pct_geometrica","status_borda_bacia":"total","metodo_area_bacia":"interseção geométrica em EPSG:5880","metodo_na_bacia":"ponto_representativo_grade_2022_within_bacia","pop_n_validos":1,"pop_n_total":1,"pop_completude":1.0,"dom_n_validos":1,"dom_n_total":1,"dom_completude":1.0},"geometry":{"type":"Polygon","coordinates":[[[-52.00614906532707,-28.788352334192883],[-52.00616323234727,-28.786492907621568],[-52.00417542665456,-28.786479648017302],[-52.00416124524526,-28.788339074588613],[-52.00614906532707,-28.788352334192883]]]}},{"type":"Feature","properties":{"id_grade":"200ME52002N81406","pop":6,"dom":2,"universo_dom":"domicilios_ocupados_grade_ibge_2022","na_bacia":1,"area_pct_bacia":100.0,"metodo_recorte_bacia":"ponto_representativo_grade_2022; area_pct_geometrica","status_borda_bacia":"total","metodo_area_bacia":"interseção geométrica em EPSG:5880","metodo_na_bacia":"ponto_representativo_grade_2022_within_bacia","pop_n_validos":1,"pop_n_total":1,"pop_completude":1.0,"dom_n_validos":1,"dom_n_total":1,"dom_completude":1.0},"geometry":{"type":"Polygon","coordinates":[[[-52.01020953853936,-28.777222537689884],[-52.01022367588189,-28.77536322533244],[-52.00823595472548,-28.775349994506605],[-52.00822180299377,-28.777209305964682],[-52.01020953853936,-28.777222537689884]]]}},{"type":"Feature","properties":{"id_grade":"200ME52010N81396","pop":5,"dom":2,"universo_dom":"domicilios_ocupados_grade_ibge_2022","na_bacia":1,"area_pct_bacia":100.0,"metodo_recorte_bacia":"ponto_representativo_grade_2022; area_pct_geometrica","status_borda_bacia":"total","metodo_area_bacia":"interseção geométrica em EPSG:5880","metodo_na_bacia":"ponto_representativo_grade_2022_within_bacia","pop_n_validos":1,"pop_n_total":1,"pop_completude":1.0,"dom_n_validos":1,"dom_n_total":1,"dom_completude":1.0},"geometry":{"type":"Polygon","coordinates":[[[-52.00218762186119,-28.78646637582257],[-52.00220181676042,-28.78460696903633],[-52.00021402545684,-28.78459368335177],[-52.00019981616855,-28.786453091037256],[-52.00218762186119,-28.78646637582257]]]}},{"type":"Feature","properties":{"id_grade":"200ME52010N81398","pop":6,"dom":2,"universo_dom":"domicilios_ocupados_grade_ibge_2022","na_bacia":1,"area_pct_bacia":100.0,"metodo_recorte_bacia":"ponto_representativo_grade_2022; area_pct_geometrica","status_borda_bacia":"total","metodo_area_bacia":"interseção geométrica em EPSG:5880","metodo_na_bacia":"ponto_representativo_grade_2022_within_bacia","pop_n_validos":1,"pop_n_total":1,"pop_completude":1.0,"dom_n_validos":1,"dom_n_total":1,"dom_completude":1.0},"geometry":{"type":"Polygon","coordinates":[[[-52.00220181676042,-28.78460696903633],[-52.00221601255891,-28.782747581135972],[-52.00022823564451,-28.7827342963507],[-52.00021402545684,-28.78459368335177],[-52.00220181676042,-28.78460696903633]]]}},{"type":"Feature","properties":{"id_grade":"200ME52016N81398","pop":3,"dom":1,"universo_dom":"domicilios_ocupados_grade_ibge_2022","na_bacia":1,"area_pct_bacia":100.0,"metodo_recorte_bacia":"ponto_representativo_grade_2022; area_pct_geometrica","status_borda_bacia":"total","metodo_area_bacia":"interseção geométrica em EPSG:5880","metodo_na_bacia":"ponto_representativo_grade_2022_within_bacia","pop_n_validos":1,"pop_n_total":1,"pop_completude":1.0,"dom_n_validos":1,"dom_n_total":1,"dom_completude":1.0},"geometry":{"type":"Polygon","coordinates":[[[-51.99623844374912,-28.78456707331173],[-51.99625268181575,-28.782707686310605],[-51.9942649049014,-28.78269436195516],[-51.99425065334492,-28.784553748956288],[-51.99623844374912,-28.78456707331173]]]}},{"type":"Feature","properties":{"id_grade":"200ME52018N81398","pop":11,"dom":3,"universo_dom":"domicilios_ocupados_grade_ibge_2022","na_bacia":1,"area_pct_bacia":100.0,"metodo_recorte_bacia":"ponto_representativo_grade_2022; area_pct_geometrica","status_borda_bacia":"total","metodo_area_bacia":"interseção geométrica em EPSG:5880","metodo_na_bacia":"ponto_representativo_grade_2022_within_bacia","pop_n_validos":1,"pop_n_total":1,"pop_completude":1.0,"dom_n_validos":1,"dom_n_total":1,"dom_completude":1.0},"geometry":{"type":"Polygon","coordinates":[[[-51.99425065334492,-28.784553748956288],[-51.9942649049014,-28.78269436195516],[-51.99227712888637,-28.78268102410995],[-51.99226286294071,-28.784540411111035],[-51.99425065334492,-28.784553748956288]]]}},{"type":"Feature","properties":{"id_grade":"200ME52010N81400","pop":16,"dom":6,"universo_dom":"domicilios_ocupados_grade_ibge_2022","na_bacia":1,"area_pct_bacia":100.0,"metodo_recorte_bacia":"ponto_representativo_grade_2022; area_pct_geometrica","status_borda_bacia":"total","metodo_area_bacia":"interseção geométrica em EPSG:5880","metodo_na_bacia":"ponto_representativo_grade_2022_within_bacia","pop_n_validos":1,"pop_n_total":1,"pop_completude":1.0,"dom_n_validos":1,"dom_n_total":1,"dom_completude":1.0},"geometry":{"type":"Polygon","coordinates":[[[-52.00221601255891,-28.782747581135972],[-52.00223020745808,-28.780888212121162],[-52.00024244493284,-28.780874927336065],[-52.00022823564451,-28.7827342963507],[-52.00221601255891,-28.782747581135972]]]}},{"type":"Feature","properties":{"id_grade":"200ME52012N81400","pop":2,"dom":1,"universo_dom":"domicilios_ocupados_grade_ibge_2022","na_bacia":1,"area_pct_bacia":100.0,"metodo_recorte_bacia":"ponto_representativo_grade_2022; area_pct_geometrica","status_borda_bacia":"total","metodo_area_bacia":"interseção geométrica em EPSG:5880","metodo_na_bacia":"ponto_representativo_grade_2022_within_bacia","pop_n_validos":1,"pop_n_total":1,"pop_completude":1.0,"dom_n_validos":1,"dom_n_total":1,"dom_completude":1.0},"geometry":{"type":"Polygon","coordinates":[[[-52.00022823564451,-28.7827342963507],[-52.00024244493284,-28.780874927336065],[-51.998254681508286,-28.780861629960185],[-51.99824045873015,-28.78272099807549],[-52.00022823564451,-28.7827342963507]]]}},{"type":"Feature","properties":{"id_grade":"200ME52014N81400","pop":4,"dom":1,"universo_dom":"domicilios_ocupados_grade_ibge_2022","na_bacia":1,"area_pct_bacia":100.0,"metodo_recorte_bacia":"ponto_representativo_grade_2022; area_pct_geometrica","status_borda_bacia":"total","metodo_area_bacia":"interseção geométrica em EPSG:5880","metodo_na_bacia":"ponto_representativo_grade_2022_within_bacia","pop_n_validos":1,"pop_n_total":1,"pop_completude":1.0,"dom_n_validos":1,"dom_n_total":1,"dom_completude":1.0},"geometry":{"type":"Polygon","coordinates":[[[-51.99824045873015,-28.78272099807549],[-51.998254681508286,-28.780861629960185],[-51.99626691898311,-28.78084831819529],[-51.99625268181575,-28.782707686310605],[-51.99824045873015,-28.78272099807549]]]}},{"type":"Feature","properties":{"id_grade":"200ME52010N81402","pop":8,"dom":3,"universo_dom":"domicilios_ocupados_grade_ibge_2022","na_bacia":1,"area_pct_bacia":100.0,"metodo_recorte_bacia":"ponto_representativo_grade_2022; area_pct_geometrica","status_borda_bacia":"total","metodo_area_bacia":"interseção geométrica em EPSG:5880","metodo_na_bacia":"ponto_representativo_grade_2022_within_bacia","pop_n_validos":1,"pop_n_total":1,"pop_completude":1.0,"dom_n_validos":1,"dom_n_total":1,"dom_completude":1.0},"geometry":{"type":"Polygon","coordinates":[[[-52.00223020745808,-28.780888212121162],[-52.002244402357235,-28.779028862891668],[-52.000256653321856,-28.779015578106367],[-52.00024244493284,-28.780874927336065],[-52.00223020745808,-28.780888212121162]]]}},{"type":"Feature","properties":{"id_grade":"200ME52014N81408","pop":3,"dom":2,"universo_dom":"domicilios_ocupados_grade_ibge_2022","na_bacia":1,"area_pct_bacia":100.0,"metodo_recorte_bacia":"ponto_representativo_grade_2022; area_pct_geometrica","status_borda_bacia":"total","metodo_area_bacia":"interseção geométrica em EPSG:5880","metodo_na_bacia":"ponto_representativo_grade_2022_within_bacia","pop_n_validos":1,"pop_n_total":1,"pop_completude":1.0,"dom_n_validos":1,"dom_n_total":1,"dom_completude":1.0},"geometry":{"type":"Polygon","coordinates":[[[-51.99829735074212,-28.775283640727405],[-51.998311573520255,-28.773424349054483],[-51.996323867652336,-28.77341103908818],[-51.99630963048502,-28.77527032986176],[-51.99829735074212,-28.775283640727405]]]}}]}
