{"type":"FeatureCollection","name":"4322525","crs":{"type":"name","properties":{"name":"urn:ogc:def:crs:OGC:1.3:CRS84"}},"features":[{"type":"Feature","properties":{"id_grade":"1KME5194N8016","pop":7,"dom":4,"universo_dom":"domicilios_ocupados_grade_ibge_2022","na_bacia":0,"area_pct_bacia":0.0,"metodo_recorte_bacia":"ponto_representativo_grade_2022; area_pct_geometrica","status_borda_bacia":"total","metodo_area_bacia":"interseção geométrica em EPSG:5880","metodo_na_bacia":"ponto_representativo_grade_2022_within_bacia","pop_n_validos":1,"pop_n_total":1,"pop_completude":1.0,"dom_n_validos":1,"dom_n_total":1,"dom_completude":1.0},"geometry":{"type":"Polygon","coordinates":[[[-52.06326998731187,-29.937972248272818],[-52.0633390961537,-29.928613086334426],[-52.053356629395154,-29.92854812984061],[-52.0532871643566,-29.93790728579218],[-52.06326998731187,-29.937972248272818]]]}},{"type":"Feature","properties":{"id_grade":"1KME5183N8017","pop":3,"dom":1,"universo_dom":"domicilios_ocupados_grade_ibge_2022","na_bacia":0,"area_pct_bacia":0.0,"metodo_recorte_bacia":"ponto_representativo_grade_2022; area_pct_geometrica","status_borda_bacia":"total","metodo_area_bacia":"interseção geométrica em EPSG:5880","metodo_na_bacia":"ponto_representativo_grade_2022_within_bacia","pop_n_validos":1,"pop_n_total":1,"pop_completude":1.0,"dom_n_validos":1,"dom_n_total":1,"dom_completude":1.0},"geometry":{"type":"Polygon","coordinates":[[[-52.17314655040488,-29.929305568555023],[-52.17321173639617,-29.919946871196906],[-52.163229572962706,-29.919885593561556],[-52.163164030794455,-29.929244285274073],[-52.17314655040488,-29.929305568555023]]]}},{"type":"Feature","properties":{"id_grade":"1KME5193N8017","pop":1,"dom":1,"universo_dom":"domicilios_ocupados_grade_ibge_2022","na_bacia":0,"area_pct_bacia":0.0,"metodo_recorte_bacia":"ponto_representativo_grade_2022; area_pct_geometrica","status_borda_bacia":"total","metodo_area_bacia":"interseção geométrica em EPSG:5880","metodo_na_bacia":"ponto_representativo_grade_2022_within_bacia","pop_n_validos":1,"pop_n_total":1,"pop_completude":1.0,"dom_n_validos":1,"dom_n_total":1,"dom_completude":1.0},"geometry":{"type":"Polygon","coordinates":[[[-52.07332156784404,-29.928677708902516],[-52.07339031558222,-29.91931906938202],[-52.063408200063726,-29.91925445276634],[-52.0633390961537,-29.928613086334426],[-52.07332156784404,-29.928677708902516]]]}},{"type":"Feature","properties":{"id_grade":"1KME5194N8017","pop":7,"dom":3,"universo_dom":"domicilios_ocupados_grade_ibge_2022","na_bacia":0,"area_pct_bacia":0.0,"metodo_recorte_bacia":"ponto_representativo_grade_2022; area_pct_geometrica","status_borda_bacia":"total","metodo_area_bacia":"interseção geométrica em EPSG:5880","metodo_na_bacia":"ponto_representativo_grade_2022_within_bacia","pop_n_validos":1,"pop_n_total":1,"pop_completude":1.0,"dom_n_validos":1,"dom_n_total":1,"dom_completude":1.0},"geometry":{"type":"Polygon","coordinates":[[[-52.0633390961537,-29.928613086334426],[-52.063408200063726,-29.91925445276634],[-52.0534260894765,-29.919189502256348],[-52.053356629395154,-29.92854812984061],[-52.0633390961537,-29.928613086334426]]]}},{"type":"Feature","properties":{"id_grade":"1KME5181N8018","pop":2,"dom":1,"universo_dom":"domicilios_ocupados_grade_ibge_2022","na_bacia":0,"area_pct_bacia":0.0,"metodo_recorte_bacia":"ponto_representativo_grade_2022; area_pct_geometrica","status_borda_bacia":"total","metodo_area_bacia":"interseção geométrica em EPSG:5880","metodo_na_bacia":"ponto_representativo_grade_2022_within_bacia","pop_n_validos":1,"pop_n_total":1,"pop_completude":1.0,"dom_n_validos":1,"dom_n_total":1,"dom_completude":1.0},"geometry":{"type":"Polygon","coordinates":[[[-52.19317607719282,-29.92006842476233],[-52.19324054622778,-29.91071024422079],[-52.18325872966885,-29.910649639969986],[-52.18319390448134,-29.920007814930674],[-52.19317607719282,-29.92006842476233]]]}},{"type":"Feature","properties":{"id_grade":"1KME5182N8018","pop":5,"dom":2,"universo_dom":"domicilios_ocupados_grade_ibge_2022","na_bacia":0,"area_pct_bacia":0.0,"metodo_recorte_bacia":"ponto_representativo_grade_2022; area_pct_geometrica","status_borda_bacia":"total","metodo_area_bacia":"interseção geométrica em EPSG:5880","metodo_na_bacia":"ponto_representativo_grade_2022_within_bacia","pop_n_validos":1,"pop_n_total":1,"pop_completude":1.0,"dom_n_validos":1,"dom_n_total":1,"dom_completude":1.0},"geometry":{"type":"Polygon","coordinates":[[[-52.18319390448134,-29.920007814930674],[-52.18325872966885,-29.910649639969986],[-52.17327691773574,-29.91058870184785],[-52.17321173639617,-29.919946871196906],[-52.18319390448134,-29.920007814930674]]]}},{"type":"Feature","properties":{"id_grade":"1KME5183N8018","pop":1,"dom":1,"universo_dom":"domicilios_ocupados_grade_ibge_2022","na_bacia":0,"area_pct_bacia":0.0,"metodo_recorte_bacia":"ponto_representativo_grade_2022; area_pct_geometrica","status_borda_bacia":"total","metodo_area_bacia":"interseção geométrica em EPSG:5880","metodo_na_bacia":"ponto_representativo_grade_2022_within_bacia","pop_n_validos":1,"pop_n_total":1,"pop_completude":1.0,"dom_n_validos":1,"dom_n_total":1,"dom_completude":1.0},"geometry":{"type":"Polygon","coordinates":[[[-52.17321173639617,-29.919946871196906],[-52.17327691773574,-29.91058870184785],[-52.163295110453845,-29.910527429855037],[-52.163229572962706,-29.919885593561556],[-52.17321173639617,-29.919946871196906]]]}},{"type":"Feature","properties":{"id_grade":"1KME5186N8018","pop":4,"dom":2,"universo_dom":"domicilios_ocupados_grade_ibge_2022","na_bacia":0,"area_pct_bacia":0.0,"metodo_recorte_bacia":"ponto_representativo_grade_2022; area_pct_geometrica","status_borda_bacia":"total","metodo_area_bacia":"interseção geométrica em EPSG:5880","metodo_na_bacia":"ponto_representativo_grade_2022_within_bacia","pop_n_validos":1,"pop_n_total":1,"pop_completude":1.0,"dom_n_validos":1,"dom_n_total":1,"dom_completude":1.0},"geometry":{"type":"Polygon","coordinates":[[[-52.1432652601526,-29.919762036589486],[-52.143331509945355,-29.910403884259797],[-52.13334971676958,-29.910341610658563],[-52.13328311082678,-29.919699757253476],[-52.1432652601526,-29.919762036589486]]]}},{"type":"Feature","properties":{"id_grade":"1KME5193N8018","pop":2,"dom":1,"universo_dom":"domicilios_ocupados_grade_ibge_2022","na_bacia":0,"area_pct_bacia":0.0,"metodo_recorte_bacia":"ponto_representativo_grade_2022; area_pct_geometrica","status_borda_bacia":"total","metodo_area_bacia":"interseção geométrica em EPSG:5880","metodo_na_bacia":"ponto_representativo_grade_2022_within_bacia","pop_n_validos":1,"pop_n_total":1,"pop_completude":1.0,"dom_n_validos":1,"dom_n_total":1,"dom_completude":1.0},"geometry":{"type":"Polygon","coordinates":[[[-52.07339031558222,-29.91931906938202],[-52.07345905841454,-29.909960957839555],[-52.06347729904248,-29.909896347173756],[-52.063408200063726,-29.91925445276634],[-52.07339031558222,-29.91931906938202]]]}},{"type":"Feature","properties":{"id_grade":"1KME5185N8019","pop":4,"dom":1,"universo_dom":"domicilios_ocupados_grade_ibge_2022","na_bacia":0,"area_pct_bacia":0.0,"metodo_recorte_bacia":"ponto_representativo_grade_2022; area_pct_geometrica","status_borda_bacia":"total","metodo_area_bacia":"interseção geométrica em EPSG:5880","metodo_na_bacia":"ponto_representativo_grade_2022_within_bacia","pop_n_validos":1,"pop_n_total":1,"pop_completude":1.0,"dom_n_validos":1,"dom_n_total":1,"dom_completude":1.0},"geometry":{"type":"Polygon","coordinates":[[[-52.15331330784857,-29.91046582399216],[-52.15337919678873,-29.901108193566326],[-52.14339775501064,-29.901046259534677],[-52.143331509945355,-29.910403884259797],[-52.15331330784857,-29.91046582399216]]]}},{"type":"Feature","properties":{"id_grade":"1KME5186N8019","pop":4,"dom":2,"universo_dom":"domicilios_ocupados_grade_ibge_2022","na_bacia":0,"area_pct_bacia":0.0,"metodo_recorte_bacia":"ponto_representativo_grade_2022; area_pct_geometrica","status_borda_bacia":"total","metodo_area_bacia":"interseção geométrica em EPSG:5880","metodo_na_bacia":"ponto_representativo_grade_2022_within_bacia","pop_n_validos":1,"pop_n_total":1,"pop_completude":1.0,"dom_n_validos":1,"dom_n_total":1,"dom_completude":1.0},"geometry":{"type":"Polygon","coordinates":[[[-52.143331509945355,-29.910403884259797],[-52.14339775501064,-29.901046259534677],[-52.13341631795951,-29.900983991665033],[-52.13334971676958,-29.910341610658563],[-52.143331509945355,-29.910403884259797]]]}},{"type":"Feature","properties":{"id_grade":"1KME5188N8019","pop":6,"dom":1,"universo_dom":"domicilios_ocupados_grade_ibge_2022","na_bacia":0,"area_pct_bacia":0.0,"metodo_recorte_bacia":"ponto_representativo_grade_2022; area_pct_geometrica","status_borda_bacia":"total","metodo_area_bacia":"interseção geométrica em EPSG:5880","metodo_na_bacia":"ponto_representativo_grade_2022_within_bacia","pop_n_validos":1,"pop_n_total":1,"pop_completude":1.0,"dom_n_validos":1,"dom_n_total":1,"dom_completude":1.0},"geometry":{"type":"Polygon","coordinates":[[[-52.12336792834667,-29.910279003189064],[-52.123434885660735,-29.900921389957613],[-52.11345345813972,-29.900858454413548],[-52.11338614470205,-29.910216061852054],[-52.12336792834667,-29.910279003189064]]]}},{"type":"Feature","properties":{"id_grade":"1KME5194N8019","pop":27,"dom":12,"universo_dom":"domicilios_ocupados_grade_ibge_2022","na_bacia":0,"area_pct_bacia":0.0,"metodo_recorte_bacia":"ponto_representativo_grade_2022; area_pct_geometrica","status_borda_bacia":"total","metodo_area_bacia":"interseção geométrica em EPSG:5880","metodo_na_bacia":"ponto_representativo_grade_2022_within_bacia","pop_n_validos":1,"pop_n_total":1,"pop_completude":1.0,"dom_n_validos":1,"dom_n_total":1,"dom_completude":1.0},"geometry":{"type":"Polygon","coordinates":[[[-52.06347729904248,-29.909896347173756],[-52.06354639309048,-29.900538769160658],[-52.05356499476966,-29.900473830608366],[-52.053495544601155,-29.909831402644002],[-52.06347729904248,-29.909896347173756]]]}},{"type":"Feature","properties":{"id_grade":"1KME5195N8019","pop":9,"dom":3,"universo_dom":"domicilios_ocupados_grade_ibge_2022","na_bacia":0,"area_pct_bacia":0.0,"metodo_recorte_bacia":"ponto_representativo_grade_2022; area_pct_geometrica","status_borda_bacia":"total","metodo_area_bacia":"interseção geométrica em EPSG:5880","metodo_na_bacia":"ponto_representativo_grade_2022_within_bacia","pop_n_validos":1,"pop_n_total":1,"pop_completude":1.0,"dom_n_validos":1,"dom_n_total":1,"dom_completude":1.0},"geometry":{"type":"Polygon","coordinates":[[[-52.053495544601155,-29.909831402644002],[-52.05356499476966,-29.900473830608366],[-52.043583601404464,-29.900408558222995],[-52.043513795116006,-29.909766124250996],[-52.053495544601155,-29.909831402644002]]]}},{"type":"Feature","properties":{"id_grade":"1KME5182N8020","pop":2,"dom":1,"universo_dom":"domicilios_ocupados_grade_ibge_2022","na_bacia":0,"area_pct_bacia":0.0,"metodo_recorte_bacia":"ponto_representativo_grade_2022; area_pct_geometrica","status_borda_bacia":"total","metodo_area_bacia":"interseção geométrica em EPSG:5880","metodo_na_bacia":"ponto_representativo_grade_2022_within_bacia","pop_n_validos":1,"pop_n_total":1,"pop_completude":1.0,"dom_n_validos":1,"dom_n_total":1,"dom_completude":1.0},"geometry":{"type":"Polygon","coordinates":[[[-52.18332355023056,-29.901291992625787],[-52.18338836616696,-29.89193487250274],[-52.17340726646173,-29.891873945595215],[-52.17334209442409,-29.901231060112483],[-52.18332355023056,-29.901291992625787]]]}},{"type":"Feature","properties":{"id_grade":"1KME5185N8020","pop":2,"dom":1,"universo_dom":"domicilios_ocupados_grade_ibge_2022","na_bacia":0,"area_pct_bacia":0.0,"metodo_recorte_bacia":"ponto_representativo_grade_2022; area_pct_geometrica","status_borda_bacia":"total","metodo_area_bacia":"interseção geométrica em EPSG:5880","metodo_na_bacia":"ponto_representativo_grade_2022_within_bacia","pop_n_validos":1,"pop_n_total":1,"pop_completude":1.0,"dom_n_validos":1,"dom_n_total":1,"dom_completude":1.0},"geometry":{"type":"Polygon","coordinates":[[[-52.15337919678873,-29.901108193566326],[-52.153445081027336,-29.89175109035247],[-52.14346399534899,-29.89168916201882],[-52.14339775501064,-29.901046259534677],[-52.15337919678873,-29.901108193566326]]]}},{"type":"Feature","properties":{"id_grade":"1KME5186N8020","pop":9,"dom":3,"universo_dom":"domicilios_ocupados_grade_ibge_2022","na_bacia":0,"area_pct_bacia":0.0,"metodo_recorte_bacia":"ponto_representativo_grade_2022; area_pct_geometrica","status_borda_bacia":"total","metodo_area_bacia":"interseção geométrica em EPSG:5880","metodo_na_bacia":"ponto_representativo_grade_2022_within_bacia","pop_n_validos":1,"pop_n_total":1,"pop_completude":1.0,"dom_n_validos":1,"dom_n_total":1,"dom_completude":1.0},"geometry":{"type":"Polygon","coordinates":[[[-52.14339775501064,-29.901046259534677],[-52.14346399534899,-29.89168916201882],[-52.133482914397085,-29.891626899877785],[-52.13341631795951,-29.900983991665033],[-52.14339775501064,-29.901046259534677]]]}},{"type":"Feature","properties":{"id_grade":"1KME5188N8020","pop":19,"dom":8,"universo_dom":"domicilios_ocupados_grade_ibge_2022","na_bacia":0,"area_pct_bacia":0.0,"metodo_recorte_bacia":"ponto_representativo_grade_2022; area_pct_geometrica","status_borda_bacia":"total","metodo_area_bacia":"interseção geométrica em EPSG:5880","metodo_na_bacia":"ponto_representativo_grade_2022_within_bacia","pop_n_validos":1,"pop_n_total":1,"pop_completude":1.0,"dom_n_validos":1,"dom_n_total":1,"dom_completude":1.0},"geometry":{"type":"Polygon","coordinates":[[[-52.123434885660735,-29.900921389957613],[-52.12350183819703,-29.891564303929623],[-52.11352076677423,-29.891501374175355],[-52.11345345813972,-29.900858454413548],[-52.123434885660735,-29.900921389957613]]]}},{"type":"Feature","properties":{"id_grade":"1KME5191N8020","pop":27,"dom":9,"universo_dom":"domicilios_ocupados_grade_ibge_2022","na_bacia":0,"area_pct_bacia":0.0,"metodo_recorte_bacia":"ponto_representativo_grade_2022; area_pct_geometrica","status_borda_bacia":"total","metodo_area_bacia":"interseção geométrica em EPSG:5880","metodo_na_bacia":"ponto_representativo_grade_2022_within_bacia","pop_n_validos":1,"pop_n_total":1,"pop_completude":1.0,"dom_n_validos":1,"dom_n_total":1,"dom_completude":1.0},"geometry":{"type":"Polygon","coordinates":[[[-52.093490617532645,-29.900731581816984],[-52.09355863836202,-29.891374513250714],[-52.08357758142343,-29.891310582081427],[-52.08350920449738,-29.900667644765804],[-52.093490617532645,-29.900731581816984]]]}},{"type":"Feature","properties":{"id_grade":"1KME5193N8020","pop":2,"dom":2,"universo_dom":"domicilios_ocupados_grade_ibge_2022","na_bacia":0,"area_pct_bacia":0.0,"metodo_recorte_bacia":"ponto_representativo_grade_2022; area_pct_geometrica","status_borda_bacia":"total","metodo_area_bacia":"interseção geométrica em EPSG:5880","metodo_na_bacia":"ponto_representativo_grade_2022_within_bacia","pop_n_validos":1,"pop_n_total":1,"pop_completude":1.0,"dom_n_validos":1,"dom_n_total":1,"dom_completude":1.0},"geometry":{"type":"Polygon","coordinates":[[[-52.07352779634152,-29.900603373880205],[-52.073596529363705,-29.891246317108447],[-52.06361548220827,-29.891181718332383],[-52.06354639309048,-29.900538769160658],[-52.07352779634152,-29.900603373880205]]]}},{"type":"Feature","properties":{"id_grade":"1KME5194N8020","pop":47,"dom":21,"universo_dom":"domicilios_ocupados_grade_ibge_2022","na_bacia":0,"area_pct_bacia":0.0,"metodo_recorte_bacia":"ponto_representativo_grade_2022; area_pct_geometrica","status_borda_bacia":"total","metodo_area_bacia":"interseção geométrica em EPSG:5880","metodo_na_bacia":"ponto_representativo_grade_2022_within_bacia","pop_n_validos":1,"pop_n_total":1,"pop_completude":1.0,"dom_n_validos":1,"dom_n_total":1,"dom_completude":1.0},"geometry":{"type":"Polygon","coordinates":[[[-52.06354639309048,-29.900538769160658],[-52.06361548220827,-29.891181718332383],[-52.053634439982524,-29.891116785753937],[-52.05356499476966,-29.900473830608366],[-52.06354639309048,-29.900538769160658]]]}},{"type":"Feature","properties":{"id_grade":"1KME5195N8020","pop":2,"dom":1,"universo_dom":"domicilios_ocupados_grade_ibge_2022","na_bacia":0,"area_pct_bacia":0.0,"metodo_recorte_bacia":"ponto_representativo_grade_2022; area_pct_geometrica","status_borda_bacia":"total","metodo_area_bacia":"interseção geométrica em EPSG:5880","metodo_na_bacia":"ponto_representativo_grade_2022_within_bacia","pop_n_validos":1,"pop_n_total":1,"pop_completude":1.0,"dom_n_validos":1,"dom_n_total":1,"dom_completude":1.0},"geometry":{"type":"Polygon","coordinates":[[[-52.05356499476966,-29.900473830608366],[-52.053634439982524,-29.891116785753937],[-52.04365340271188,-29.891051519373676],[-52.043583601404464,-29.900408558222995],[-52.05356499476966,-29.900473830608366]]]}},{"type":"Feature","properties":{"id_grade":"1KME5183N8021","pop":3,"dom":1,"universo_dom":"domicilios_ocupados_grade_ibge_2022","na_bacia":0,"area_pct_bacia":0.0,"metodo_recorte_bacia":"ponto_representativo_grade_2022; area_pct_geometrica","status_borda_bacia":"total","metodo_area_bacia":"interseção geométrica em EPSG:5880","metodo_na_bacia":"ponto_representativo_grade_2022_within_bacia","pop_n_validos":1,"pop_n_total":1,"pop_completude":1.0,"dom_n_validos":1,"dom_n_total":1,"dom_completude":1.0},"geometry":{"type":"Polygon","coordinates":[[[-52.17340726646173,-29.891873945595215],[-52.17347243384914,-29.882517357901445],[-52.16349169486946,-29.882456102817926],[-52.16342617140672,-29.891812684878374],[-52.17340726646173,-29.891873945595215]]]}},{"type":"Feature","properties":{"id_grade":"1KME5184N8021","pop":3,"dom":1,"universo_dom":"domicilios_ocupados_grade_ibge_2022","na_bacia":0,"area_pct_bacia":0.0,"metodo_recorte_bacia":"ponto_representativo_grade_2022; area_pct_geometrica","status_borda_bacia":"total","metodo_area_bacia":"interseção geométrica em EPSG:5880","metodo_na_bacia":"ponto_representativo_grade_2022_within_bacia","pop_n_validos":1,"pop_n_total":1,"pop_completude":1.0,"dom_n_validos":1,"dom_n_total":1,"dom_completude":1.0},"geometry":{"type":"Polygon","coordinates":[[[-52.16342617140672,-29.891812684878374],[-52.16349169486946,-29.882456102817926],[-52.15351096056491,-29.882394513956353],[-52.153445081027336,-29.89175109035247],[-52.16342617140672,-29.891812684878374]]]}},{"type":"Feature","properties":{"id_grade":"1KME5185N8021","pop":61,"dom":25,"universo_dom":"domicilios_ocupados_grade_ibge_2022","na_bacia":0,"area_pct_bacia":0.0,"metodo_recorte_bacia":"ponto_representativo_grade_2022; area_pct_geometrica","status_borda_bacia":"total","metodo_area_bacia":"interseção geométrica em EPSG:5880","metodo_na_bacia":"ponto_representativo_grade_2022_within_bacia","pop_n_validos":1,"pop_n_total":1,"pop_completude":1.0,"dom_n_validos":1,"dom_n_total":1,"dom_completude":1.0},"geometry":{"type":"Polygon","coordinates":[[[-52.153445081027336,-29.89175109035247],[-52.15351096056491,-29.882394513956353],[-52.14353023096089,-29.882332591317418],[-52.14346399534899,-29.89168916201882],[-52.153445081027336,-29.89175109035247]]]}},{"type":"Feature","properties":{"id_grade":"1KME5186N8021","pop":30,"dom":11,"universo_dom":"domicilios_ocupados_grade_ibge_2022","na_bacia":0,"area_pct_bacia":0.0,"metodo_recorte_bacia":"ponto_representativo_grade_2022; area_pct_geometrica","status_borda_bacia":"total","metodo_area_bacia":"interseção geométrica em EPSG:5880","metodo_na_bacia":"ponto_representativo_grade_2022_within_bacia","pop_n_validos":1,"pop_n_total":1,"pop_completude":1.0,"dom_n_validos":1,"dom_n_total":1,"dom_completude":1.0},"geometry":{"type":"Polygon","coordinates":[[[-52.14346399534899,-29.89168916201882],[-52.14353023096089,-29.882332591317418],[-52.133549506082815,-29.8822703349017],[-52.133482914397085,-29.891626899877785],[-52.14346399534899,-29.89168916201882]]]}},{"type":"Feature","properties":{"id_grade":"1KME5187N8021","pop":60,"dom":26,"universo_dom":"domicilios_ocupados_grade_ibge_2022","na_bacia":0,"area_pct_bacia":0.0,"metodo_recorte_bacia":"ponto_representativo_grade_2022; area_pct_geometrica","status_borda_bacia":"total","metodo_area_bacia":"interseção geométrica em EPSG:5880","metodo_na_bacia":"ponto_representativo_grade_2022_within_bacia","pop_n_validos":1,"pop_n_total":1,"pop_completude":1.0,"dom_n_validos":1,"dom_n_total":1,"dom_completude":1.0},"geometry":{"type":"Polygon","coordinates":[[[-52.133482914397085,-29.891626899877785],[-52.133549506082815,-29.8822703349017],[-52.123568785956074,-29.882207744709834],[-52.12350183819703,-29.891564303929623],[-52.133482914397085,-29.891626899877785]]]}},{"type":"Feature","properties":{"id_grade":"1KME5188N8021","pop":30,"dom":13,"universo_dom":"domicilios_ocupados_grade_ibge_2022","na_bacia":0,"area_pct_bacia":0.0,"metodo_recorte_bacia":"ponto_representativo_grade_2022; area_pct_geometrica","status_borda_bacia":"total","metodo_area_bacia":"interseção geométrica em EPSG:5880","metodo_na_bacia":"ponto_representativo_grade_2022_within_bacia","pop_n_validos":1,"pop_n_total":1,"pop_completude":1.0,"dom_n_validos":1,"dom_n_total":1,"dom_completude":1.0},"geometry":{"type":"Polygon","coordinates":[[[-52.12350183819703,-29.891564303929623],[-52.123568785956074,-29.882207744709834],[-52.11358807060607,-29.88214482074254],[-52.11352076677423,-29.891501374175355],[-52.12350183819703,-29.891564303929623]]]}},{"type":"Feature","properties":{"id_grade":"1KME5189N8021","pop":17,"dom":6,"universo_dom":"domicilios_ocupados_grade_ibge_2022","na_bacia":0,"area_pct_bacia":0.0,"metodo_recorte_bacia":"ponto_representativo_grade_2022; area_pct_geometrica","status_borda_bacia":"total","metodo_area_bacia":"interseção geométrica em EPSG:5880","metodo_na_bacia":"ponto_representativo_grade_2022_within_bacia","pop_n_validos":1,"pop_n_total":1,"pop_completude":1.0,"dom_n_validos":1,"dom_n_total":1,"dom_completude":1.0},"geometry":{"type":"Polygon","coordinates":[[[-52.11352076677423,-29.891501374175355],[-52.11358807060607,-29.88214482074254],[-52.10360736005823,-29.882081562999883],[-52.10353970015408,-29.891438110615496],[-52.11352076677423,-29.891501374175355]]]}},{"type":"Feature","properties":{"id_grade":"1KME5190N8021","pop":6,"dom":2,"universo_dom":"domicilios_ocupados_grade_ibge_2022","na_bacia":0,"area_pct_bacia":0.0,"metodo_recorte_bacia":"ponto_representativo_grade_2022; area_pct_geometrica","status_borda_bacia":"total","metodo_area_bacia":"interseção geométrica em EPSG:5880","metodo_na_bacia":"ponto_representativo_grade_2022_within_bacia","pop_n_validos":1,"pop_n_total":1,"pop_completude":1.0,"dom_n_validos":1,"dom_n_total":1,"dom_completude":1.0},"geometry":{"type":"Polygon","coordinates":[[[-52.10353970015408,-29.891438110615496],[-52.10360736005823,-29.882081562999883],[-52.093626654337925,-29.88201797148335],[-52.09355863836202,-29.891374513250714],[-52.10353970015408,-29.891438110615496]]]}},{"type":"Feature","properties":{"id_grade":"1KME5191N8021","pop":15,"dom":6,"universo_dom":"domicilios_ocupados_grade_ibge_2022","na_bacia":0,"area_pct_bacia":0.0,"metodo_recorte_bacia":"ponto_representativo_grade_2022; area_pct_geometrica","status_borda_bacia":"total","metodo_area_bacia":"interseção geométrica em EPSG:5880","metodo_na_bacia":"ponto_representativo_grade_2022_within_bacia","pop_n_validos":1,"pop_n_total":1,"pop_completude":1.0,"dom_n_validos":1,"dom_n_total":1,"dom_completude":1.0},"geometry":{"type":"Polygon","coordinates":[[[-52.09355863836202,-29.891374513250714],[-52.093626654337925,-29.88201797148335],[-52.08364595347058,-29.881954046192885],[-52.08357758142343,-29.891310582081427],[-52.09355863836202,-29.891374513250714]]]}},{"type":"Feature","properties":{"id_grade":"1KME5192N8021","pop":17,"dom":7,"universo_dom":"domicilios_ocupados_grade_ibge_2022","na_bacia":0,"area_pct_bacia":0.0,"metodo_recorte_bacia":"ponto_representativo_grade_2022; area_pct_geometrica","status_borda_bacia":"total","metodo_area_bacia":"interseção geométrica em EPSG:5880","metodo_na_bacia":"ponto_representativo_grade_2022_within_bacia","pop_n_validos":1,"pop_n_total":1,"pop_completude":1.0,"dom_n_validos":1,"dom_n_total":1,"dom_completude":1.0},"geometry":{"type":"Polygon","coordinates":[[[-52.08357758142343,-29.891310582081427],[-52.08364595347058,-29.881954046192885],[-52.07366525748159,-29.881889787129577],[-52.073596529363705,-29.891246317108447],[-52.08357758142343,-29.891310582081427]]]}},{"type":"Feature","properties":{"id_grade":"1KME5193N8021","pop":9,"dom":4,"universo_dom":"domicilios_ocupados_grade_ibge_2022","na_bacia":0,"area_pct_bacia":0.0,"metodo_recorte_bacia":"ponto_representativo_grade_2022; area_pct_geometrica","status_borda_bacia":"total","metodo_area_bacia":"interseção geométrica em EPSG:5880","metodo_na_bacia":"ponto_representativo_grade_2022_within_bacia","pop_n_validos":1,"pop_n_total":1,"pop_completude":1.0,"dom_n_validos":1,"dom_n_total":1,"dom_completude":1.0},"geometry":{"type":"Polygon","coordinates":[[[-52.073596529363705,-29.891246317108447],[-52.07366525748159,-29.881889787129577],[-52.06368456639636,-29.881825194293878],[-52.06361548220827,-29.891181718332383],[-52.073596529363705,-29.891246317108447]]]}},{"type":"Feature","properties":{"id_grade":"1KME5194N8021","pop":8,"dom":2,"universo_dom":"domicilios_ocupados_grade_ibge_2022","na_bacia":0,"area_pct_bacia":0.0,"metodo_recorte_bacia":"ponto_representativo_grade_2022; area_pct_geometrica","status_borda_bacia":"total","metodo_area_bacia":"interseção geométrica em EPSG:5880","metodo_na_bacia":"ponto_representativo_grade_2022_within_bacia","pop_n_validos":1,"pop_n_total":1,"pop_completude":1.0,"dom_n_validos":1,"dom_n_total":1,"dom_completude":1.0},"geometry":{"type":"Polygon","coordinates":[[[-52.06361548220827,-29.891181718332383],[-52.06368456639636,-29.881825194293878],[-52.053703880240306,-29.881760267686058],[-52.053634439982524,-29.891116785753937],[-52.06361548220827,-29.891181718332383]]]}},{"type":"Feature","properties":{"id_grade":"1KME5195N8021","pop":18,"dom":7,"universo_dom":"domicilios_ocupados_grade_ibge_2022","na_bacia":0,"area_pct_bacia":0.0,"metodo_recorte_bacia":"ponto_representativo_grade_2022; area_pct_geometrica","status_borda_bacia":"total","metodo_area_bacia":"interseção geométrica em EPSG:5880","metodo_na_bacia":"ponto_representativo_grade_2022_within_bacia","pop_n_validos":1,"pop_n_total":1,"pop_completude":1.0,"dom_n_validos":1,"dom_n_total":1,"dom_completude":1.0},"geometry":{"type":"Polygon","coordinates":[[[-52.053634439982524,-29.891116785753937],[-52.053703880240306,-29.881760267686058],[-52.04372319903881,-29.881695007307027],[-52.04365340271188,-29.891051519373676],[-52.053634439982524,-29.891116785753937]]]}},{"type":"Feature","properties":{"id_grade":"1KME5183N8022","pop":1,"dom":1,"universo_dom":"domicilios_ocupados_grade_ibge_2022","na_bacia":0,"area_pct_bacia":0.0,"metodo_recorte_bacia":"ponto_representativo_grade_2022; area_pct_geometrica","status_borda_bacia":"total","metodo_area_bacia":"interseção geométrica em EPSG:5880","metodo_na_bacia":"ponto_representativo_grade_2022_within_bacia","pop_n_validos":1,"pop_n_total":1,"pop_completude":1.0,"dom_n_validos":1,"dom_n_total":1,"dom_completude":1.0},"geometry":{"type":"Polygon","coordinates":[[[-52.17347243384914,-29.882517357901445],[-52.17353759658682,-29.873161296636308],[-52.16355721365707,-29.87310004718339],[-52.16349169486946,-29.882456102817926],[-52.17347243384914,-29.882517357901445]]]}},{"type":"Feature","properties":{"id_grade":"1KME5184N8022","pop":15,"dom":5,"universo_dom":"domicilios_ocupados_grade_ibge_2022","na_bacia":0,"area_pct_bacia":0.0,"metodo_recorte_bacia":"ponto_representativo_grade_2022; area_pct_geometrica","status_borda_bacia":"total","metodo_area_bacia":"interseção geométrica em EPSG:5880","metodo_na_bacia":"ponto_representativo_grade_2022_within_bacia","pop_n_validos":1,"pop_n_total":1,"pop_completude":1.0,"dom_n_validos":1,"dom_n_total":1,"dom_completude":1.0},"geometry":{"type":"Polygon","coordinates":[[[-52.16349169486946,-29.882456102817926],[-52.16355721365707,-29.87310004718339],[-52.15357683540194,-29.87303846398311],[-52.15351096056491,-29.882394513956353],[-52.16349169486946,-29.882456102817926]]]}},{"type":"Feature","properties":{"id_grade":"1KME5185N8022","pop":16,"dom":6,"universo_dom":"domicilios_ocupados_grade_ibge_2022","na_bacia":0,"area_pct_bacia":0.0,"metodo_recorte_bacia":"ponto_representativo_grade_2022; area_pct_geometrica","status_borda_bacia":"total","metodo_area_bacia":"interseção geométrica em EPSG:5880","metodo_na_bacia":"ponto_representativo_grade_2022_within_bacia","pop_n_validos":1,"pop_n_total":1,"pop_completude":1.0,"dom_n_validos":1,"dom_n_total":1,"dom_completude":1.0},"geometry":{"type":"Polygon","coordinates":[[[-52.15351096056491,-29.882394513956353],[-52.15357683540194,-29.87303846398311],[-52.14359646184687,-29.87297654703579],[-52.14353023096089,-29.882332591317418],[-52.15351096056491,-29.882394513956353]]]}},{"type":"Feature","properties":{"id_grade":"1KME5186N8022","pop":23,"dom":9,"universo_dom":"domicilios_ocupados_grade_ibge_2022","na_bacia":0,"area_pct_bacia":0.0,"metodo_recorte_bacia":"ponto_representativo_grade_2022; area_pct_geometrica","status_borda_bacia":"total","metodo_area_bacia":"interseção geométrica em EPSG:5880","metodo_na_bacia":"ponto_representativo_grade_2022_within_bacia","pop_n_validos":1,"pop_n_total":1,"pop_completude":1.0,"dom_n_validos":1,"dom_n_total":1,"dom_completude":1.0},"geometry":{"type":"Polygon","coordinates":[[[-52.14353023096089,-29.882332591317418],[-52.14359646184687,-29.87297654703579],[-52.133616093017196,-29.872914296342504],[-52.133549506082815,-29.8822703349017],[-52.14353023096089,-29.882332591317418]]]}},{"type":"Feature","properties":{"id_grade":"1KME5187N8022","pop":37,"dom":16,"universo_dom":"domicilios_ocupados_grade_ibge_2022","na_bacia":0,"area_pct_bacia":0.0,"metodo_recorte_bacia":"ponto_representativo_grade_2022; area_pct_geometrica","status_borda_bacia":"total","metodo_area_bacia":"interseção geométrica em EPSG:5880","metodo_na_bacia":"ponto_representativo_grade_2022_within_bacia","pop_n_validos":1,"pop_n_total":1,"pop_completude":1.0,"dom_n_validos":1,"dom_n_total":1,"dom_completude":1.0},"geometry":{"type":"Polygon","coordinates":[[[-52.133549506082815,-29.8822703349017],[-52.133616093017196,-29.872914296342504],[-52.12363572893837,-29.87285171190369],[-52.123568785956074,-29.882207744709834],[-52.133549506082815,-29.8822703349017]]]}},{"type":"Feature","properties":{"id_grade":"1KME5189N8022","pop":12,"dom":7,"universo_dom":"domicilios_ocupados_grade_ibge_2022","na_bacia":0,"area_pct_bacia":0.0,"metodo_recorte_bacia":"ponto_representativo_grade_2022; area_pct_geometrica","status_borda_bacia":"total","metodo_area_bacia":"interseção geométrica em EPSG:5880","metodo_na_bacia":"ponto_representativo_grade_2022_within_bacia","pop_n_validos":1,"pop_n_total":1,"pop_completude":1.0,"dom_n_validos":1,"dom_n_total":1,"dom_completude":1.0},"geometry":{"type":"Polygon","coordinates":[[[-52.11358807060607,-29.88214482074254],[-52.11365536963577,-29.872788793719995],[-52.103675015134804,-29.872725541792125],[-52.10360736005823,-29.882081562999883],[-52.11358807060607,-29.88214482074254]]]}},{"type":"Feature","properties":{"id_grade":"1KME5190N8022","pop":18,"dom":8,"universo_dom":"domicilios_ocupados_grade_ibge_2022","na_bacia":0,"area_pct_bacia":0.0,"metodo_recorte_bacia":"ponto_representativo_grade_2022; area_pct_geometrica","status_borda_bacia":"total","metodo_area_bacia":"interseção geométrica em EPSG:5880","metodo_na_bacia":"ponto_representativo_grade_2022_within_bacia","pop_n_validos":1,"pop_n_total":1,"pop_completude":1.0,"dom_n_validos":1,"dom_n_total":1,"dom_completude":1.0},"geometry":{"type":"Polygon","coordinates":[[[-52.10360736005823,-29.882081562999883],[-52.103675015134804,-29.872725541792125],[-52.09369466546087,-29.872661956120442],[-52.093626654337925,-29.88201797148335],[-52.10360736005823,-29.882081562999883]]]}},{"type":"Feature","properties":{"id_grade":"1KME5191N8022","pop":7,"dom":2,"universo_dom":"domicilios_ocupados_grade_ibge_2022","na_bacia":0,"area_pct_bacia":0.0,"metodo_recorte_bacia":"ponto_representativo_grade_2022; area_pct_geometrica","status_borda_bacia":"total","metodo_area_bacia":"interseção geométrica em EPSG:5880","metodo_na_bacia":"ponto_representativo_grade_2022_within_bacia","pop_n_validos":1,"pop_n_total":1,"pop_completude":1.0,"dom_n_validos":1,"dom_n_total":1,"dom_completude":1.0},"geometry":{"type":"Polygon","coordinates":[[[-52.093626654337925,-29.88201797148335],[-52.09369466546087,-29.872661956120442],[-52.08371432063938,-29.872598036705813],[-52.08364595347058,-29.881954046192885],[-52.093626654337925,-29.88201797148335]]]}},{"type":"Feature","properties":{"id_grade":"1KME5192N8022","pop":9,"dom":3,"universo_dom":"domicilios_ocupados_grade_ibge_2022","na_bacia":0,"area_pct_bacia":0.0,"metodo_recorte_bacia":"ponto_representativo_grade_2022; area_pct_geometrica","status_borda_bacia":"total","metodo_area_bacia":"interseção geométrica em EPSG:5880","metodo_na_bacia":"ponto_representativo_grade_2022_within_bacia","pop_n_validos":1,"pop_n_total":1,"pop_completude":1.0,"dom_n_validos":1,"dom_n_total":1,"dom_completude":1.0},"geometry":{"type":"Polygon","coordinates":[[[-52.08364595347058,-29.881954046192885],[-52.08371432063938,-29.872598036705813],[-52.073733980695714,-29.872533783548832],[-52.07366525748159,-29.881889787129577],[-52.08364595347058,-29.881954046192885]]]}},{"type":"Feature","properties":{"id_grade":"1KME5193N8022","pop":10,"dom":4,"universo_dom":"domicilios_ocupados_grade_ibge_2022","na_bacia":0,"area_pct_bacia":0.0,"metodo_recorte_bacia":"ponto_representativo_grade_2022; area_pct_geometrica","status_borda_bacia":"total","metodo_area_bacia":"interseção geométrica em EPSG:5880","metodo_na_bacia":"ponto_representativo_grade_2022_within_bacia","pop_n_validos":1,"pop_n_total":1,"pop_completude":1.0,"dom_n_validos":1,"dom_n_total":1,"dom_completude":1.0},"geometry":{"type":"Polygon","coordinates":[[[-52.07366525748159,-29.881889787129577],[-52.073733980695714,-29.872533783548832],[-52.0637536456553,-29.87246919665003],[-52.06368456639636,-29.881825194293878],[-52.07366525748159,-29.881889787129577]]]}},{"type":"Feature","properties":{"id_grade":"1KME5182N8023","pop":2,"dom":1,"universo_dom":"domicilios_ocupados_grade_ibge_2022","na_bacia":0,"area_pct_bacia":0.0,"metodo_recorte_bacia":"ponto_representativo_grade_2022; area_pct_geometrica","status_borda_bacia":"total","metodo_area_bacia":"interseção geométrica em EPSG:5880","metodo_na_bacia":"ponto_representativo_grade_2022_within_bacia","pop_n_validos":1,"pop_n_total":1,"pop_completude":1.0,"dom_n_validos":1,"dom_n_total":1,"dom_completude":1.0},"geometry":{"type":"Polygon","coordinates":[[[-52.183517984165796,-29.873222212341805],[-52.18358278622923,-29.86386667151423],[-52.17360275467527,-29.863805761405715],[-52.17353759658682,-29.873161296636308],[-52.183517984165796,-29.873222212341805]]]}},{"type":"Feature","properties":{"id_grade":"1KME5184N8023","pop":21,"dom":9,"universo_dom":"domicilios_ocupados_grade_ibge_2022","na_bacia":0,"area_pct_bacia":0.0,"metodo_recorte_bacia":"ponto_representativo_grade_2022; area_pct_geometrica","status_borda_bacia":"total","metodo_area_bacia":"interseção geométrica em EPSG:5880","metodo_na_bacia":"ponto_representativo_grade_2022_within_bacia","pop_n_validos":1,"pop_n_total":1,"pop_completude":1.0,"dom_n_validos":1,"dom_n_total":1,"dom_completude":1.0},"geometry":{"type":"Polygon","coordinates":[[[-52.16355721365707,-29.87310004718339],[-52.16362272777007,-29.863744517580088],[-52.153642705538964,-29.86368294003774],[-52.15357683540194,-29.87303846398311],[-52.16355721365707,-29.87310004718339]]]}},{"type":"Feature","properties":{"id_grade":"1KME5185N8023","pop":11,"dom":5,"universo_dom":"domicilios_ocupados_grade_ibge_2022","na_bacia":0,"area_pct_bacia":0.0,"metodo_recorte_bacia":"ponto_representativo_grade_2022; area_pct_geometrica","status_borda_bacia":"total","metodo_area_bacia":"interseção geométrica em EPSG:5880","metodo_na_bacia":"ponto_representativo_grade_2022_within_bacia","pop_n_validos":1,"pop_n_total":1,"pop_completude":1.0,"dom_n_validos":1,"dom_n_total":1,"dom_completude":1.0},"geometry":{"type":"Polygon","coordinates":[[[-52.15357683540194,-29.87303846398311],[-52.153642705538964,-29.86368294003774],[-52.143662688007396,-29.86362102877935],[-52.14359646184687,-29.87297654703579],[-52.15357683540194,-29.87303846398311]]]}},{"type":"Feature","properties":{"id_grade":"1KME5186N8023","pop":6,"dom":2,"universo_dom":"domicilios_ocupados_grade_ibge_2022","na_bacia":0,"area_pct_bacia":0.0,"metodo_recorte_bacia":"ponto_representativo_grade_2022; area_pct_geometrica","status_borda_bacia":"total","metodo_area_bacia":"interseção geométrica em EPSG:5880","metodo_na_bacia":"ponto_representativo_grade_2022_within_bacia","pop_n_validos":1,"pop_n_total":1,"pop_completude":1.0,"dom_n_validos":1,"dom_n_total":1,"dom_completude":1.0},"geometry":{"type":"Polygon","coordinates":[[[-52.14359646184687,-29.87297654703579],[-52.143662688007396,-29.86362102877935],[-52.13368267520075,-29.863558783805434],[-52.133616093017196,-29.872914296342504],[-52.14359646184687,-29.87297654703579]]]}},{"type":"Feature","properties":{"id_grade":"1KME5187N8023","pop":21,"dom":6,"universo_dom":"domicilios_ocupados_grade_ibge_2022","na_bacia":0,"area_pct_bacia":0.0,"metodo_recorte_bacia":"ponto_representativo_grade_2022; area_pct_geometrica","status_borda_bacia":"total","metodo_area_bacia":"interseção geométrica em EPSG:5880","metodo_na_bacia":"ponto_representativo_grade_2022_within_bacia","pop_n_validos":1,"pop_n_total":1,"pop_completude":1.0,"dom_n_validos":1,"dom_n_total":1,"dom_completude":1.0},"geometry":{"type":"Polygon","coordinates":[[[-52.133616093017196,-29.872914296342504],[-52.13368267520075,-29.863558783805434],[-52.12370266714443,-29.863496205116693],[-52.12363572893837,-29.87285171190369],[-52.133616093017196,-29.872914296342504]]]}},{"type":"Feature","properties":{"id_grade":"1KME5189N8023","pop":3,"dom":2,"universo_dom":"domicilios_ocupados_grade_ibge_2022","na_bacia":0,"area_pct_bacia":0.0,"metodo_recorte_bacia":"ponto_representativo_grade_2022; area_pct_geometrica","status_borda_bacia":"total","metodo_area_bacia":"interseção geométrica em EPSG:5880","metodo_na_bacia":"ponto_representativo_grade_2022_within_bacia","pop_n_validos":1,"pop_n_total":1,"pop_completude":1.0,"dom_n_validos":1,"dom_n_total":1,"dom_completude":1.0},"geometry":{"type":"Polygon","coordinates":[[[-52.11365536963577,-29.872788793719995],[-52.11372266386383,-29.86343329271368],[-52.10374266538435,-29.863370046597122],[-52.103675015134804,-29.872725541792125],[-52.11365536963577,-29.872788793719995]]]}},{"type":"Feature","properties":{"id_grade":"1KME5190N8023","pop":3,"dom":1,"universo_dom":"domicilios_ocupados_grade_ibge_2022","na_bacia":0,"area_pct_bacia":0.0,"metodo_recorte_bacia":"ponto_representativo_grade_2022; area_pct_geometrica","status_borda_bacia":"total","metodo_area_bacia":"interseção geométrica em EPSG:5880","metodo_na_bacia":"ponto_representativo_grade_2022_within_bacia","pop_n_validos":1,"pop_n_total":1,"pop_completude":1.0,"dom_n_validos":1,"dom_n_total":1,"dom_completude":1.0},"geometry":{"type":"Polygon","coordinates":[[[-52.103675015134804,-29.872725541792125],[-52.10374266538435,-29.863370046597122],[-52.09376267173139,-29.863306466767618],[-52.09369466546087,-29.872661956120442],[-52.103675015134804,-29.872725541792125]]]}},{"type":"Feature","properties":{"id_grade":"1KME5185N8024","pop":9,"dom":3,"universo_dom":"domicilios_ocupados_grade_ibge_2022","na_bacia":0,"area_pct_bacia":0.0,"metodo_recorte_bacia":"ponto_representativo_grade_2022; area_pct_geometrica","status_borda_bacia":"total","metodo_area_bacia":"interseção geométrica em EPSG:5880","metodo_na_bacia":"ponto_representativo_grade_2022_within_bacia","pop_n_validos":1,"pop_n_total":1,"pop_completude":1.0,"dom_n_validos":1,"dom_n_total":1,"dom_completude":1.0},"geometry":{"type":"Polygon","coordinates":[[[-52.153642705538964,-29.86368294003774],[-52.15370857097645,-29.854327941726392],[-52.14372890944301,-29.85426603615372],[-52.143662688007396,-29.86362102877935],[-52.153642705538964,-29.86368294003774]]]}},{"type":"Feature","properties":{"id_grade":"1KME5186N8024","pop":3,"dom":2,"universo_dom":"domicilios_ocupados_grade_ibge_2022","na_bacia":0,"area_pct_bacia":0.0,"metodo_recorte_bacia":"ponto_representativo_grade_2022; area_pct_geometrica","status_borda_bacia":"total","metodo_area_bacia":"interseção geométrica em EPSG:5880","metodo_na_bacia":"ponto_representativo_grade_2022_within_bacia","pop_n_validos":1,"pop_n_total":1,"pop_completude":1.0,"dom_n_validos":1,"dom_n_total":1,"dom_completude":1.0},"geometry":{"type":"Polygon","coordinates":[[[-52.143662688007396,-29.86362102877935],[-52.14372890944301,-29.85426603615372],[-52.13374925263399,-29.85420379689647],[-52.13368267520075,-29.863558783805434],[-52.143662688007396,-29.86362102877935]]]}},{"type":"Feature","properties":{"id_grade":"1KME5187N8024","pop":5,"dom":2,"universo_dom":"domicilios_ocupados_grade_ibge_2022","na_bacia":0,"area_pct_bacia":0.0,"metodo_recorte_bacia":"ponto_representativo_grade_2022; area_pct_geometrica","status_borda_bacia":"total","metodo_area_bacia":"interseção geométrica em EPSG:5880","metodo_na_bacia":"ponto_representativo_grade_2022_within_bacia","pop_n_validos":1,"pop_n_total":1,"pop_completude":1.0,"dom_n_validos":1,"dom_n_total":1,"dom_completude":1.0},"geometry":{"type":"Polygon","coordinates":[[[-52.13368267520075,-29.863558783805434],[-52.13374925263399,-29.85420379689647],[-52.123769600574775,-29.854141223954432],[-52.12370266714443,-29.863496205116693],[-52.13368267520075,-29.863558783805434]]]}},{"type":"Feature","properties":{"id_grade":"1KME5188N8024","pop":19,"dom":9,"universo_dom":"domicilios_ocupados_grade_ibge_2022","na_bacia":0,"area_pct_bacia":0.0,"metodo_recorte_bacia":"ponto_representativo_grade_2022; area_pct_geometrica","status_borda_bacia":"total","metodo_area_bacia":"interseção geométrica em EPSG:5880","metodo_na_bacia":"ponto_representativo_grade_2022_within_bacia","pop_n_validos":1,"pop_n_total":1,"pop_completude":1.0,"dom_n_validos":1,"dom_n_total":1,"dom_completude":1.0},"geometry":{"type":"Polygon","coordinates":[[[-52.12370266714443,-29.863496205116693],[-52.123769600574775,-29.854141223954432],[-52.11378995329078,-29.854078317329282],[-52.11372266386383,-29.86343329271368],[-52.12370266714443,-29.863496205116693]]]}},{"type":"Feature","properties":{"id_grade":"1KME5189N8024","pop":7,"dom":4,"universo_dom":"domicilios_ocupados_grade_ibge_2022","na_bacia":0,"area_pct_bacia":0.0,"metodo_recorte_bacia":"ponto_representativo_grade_2022; area_pct_geometrica","status_borda_bacia":"total","metodo_area_bacia":"interseção geométrica em EPSG:5880","metodo_na_bacia":"ponto_representativo_grade_2022_within_bacia","pop_n_validos":1,"pop_n_total":1,"pop_completude":1.0,"dom_n_validos":1,"dom_n_total":1,"dom_completude":1.0},"geometry":{"type":"Polygon","coordinates":[[[-52.11372266386383,-29.86343329271368],[-52.11378995329078,-29.854078317329282],[-52.10381031080738,-29.854015077020858],[-52.10374266538435,-29.863370046597122],[-52.11372266386383,-29.86343329271368]]]}},{"type":"Feature","properties":{"id_grade":"1KME5190N8024","pop":31,"dom":13,"universo_dom":"domicilios_ocupados_grade_ibge_2022","na_bacia":0,"area_pct_bacia":0.0,"metodo_recorte_bacia":"ponto_representativo_grade_2022; area_pct_geometrica","status_borda_bacia":"total","metodo_area_bacia":"interseção geométrica em EPSG:5880","metodo_na_bacia":"ponto_representativo_grade_2022_within_bacia","pop_n_validos":1,"pop_n_total":1,"pop_completude":1.0,"dom_n_validos":1,"dom_n_total":1,"dom_completude":1.0},"geometry":{"type":"Polygon","coordinates":[[[-52.10374266538435,-29.863370046597122],[-52.10381031080738,-29.854015077020858],[-52.093830673149995,-29.85395150303011],[-52.09376267173139,-29.863306466767618],[-52.10374266538435,-29.863370046597122]]]}},{"type":"Feature","properties":{"id_grade":"1KME5194N8024","pop":5,"dom":3,"universo_dom":"domicilios_ocupados_grade_ibge_2022","na_bacia":0,"area_pct_bacia":0.0,"metodo_recorte_bacia":"ponto_representativo_grade_2022; area_pct_geometrica","status_borda_bacia":"total","metodo_area_bacia":"interseção geométrica em EPSG:5880","metodo_na_bacia":"ponto_representativo_grade_2022_within_bacia","pop_n_validos":1,"pop_n_total":1,"pop_completude":1.0,"dom_n_validos":1,"dom_n_total":1,"dom_completude":1.0},"geometry":{"type":"Polygon","coordinates":[[[-52.06382271998559,-29.863113725006798],[-52.063891789387775,-29.85375877896985],[-52.05391217128834,-29.853693870255736],[-52.05384274589267,-29.86304881033146],[-52.06382271998559,-29.863113725006798]]]}},{"type":"Feature","properties":{"id_grade":"1KME5182N8025","pop":4,"dom":1,"universo_dom":"domicilios_ocupados_grade_ibge_2022","na_bacia":0,"area_pct_bacia":0.0,"metodo_recorte_bacia":"ponto_representativo_grade_2022; area_pct_geometrica","status_borda_bacia":"total","metodo_area_bacia":"interseção geométrica em EPSG:5880","metodo_na_bacia":"ponto_representativo_grade_2022_within_bacia","pop_n_validos":1,"pop_n_total":1,"pop_completude":1.0,"dom_n_validos":1,"dom_n_total":1,"dom_completude":1.0},"geometry":{"type":"Polygon","coordinates":[[[-52.183647583669334,-29.854511656329603],[-52.18371237648661,-29.845157166393463],[-52.173733056906514,-29.845096267469852],[-52.173667908115014,-29.854450751814905],[-52.183647583669334,-29.854511656329603]]]}},{"type":"Feature","properties":{"id_grade":"1KME5186N8025","pop":7,"dom":2,"universo_dom":"domicilios_ocupados_grade_ibge_2022","na_bacia":0,"area_pct_bacia":0.0,"metodo_recorte_bacia":"ponto_representativo_grade_2022; area_pct_geometrica","status_borda_bacia":"total","metodo_area_bacia":"interseção geométrica em EPSG:5880","metodo_na_bacia":"ponto_representativo_grade_2022_within_bacia","pop_n_validos":1,"pop_n_total":1,"pop_completude":1.0,"dom_n_validos":1,"dom_n_total":1,"dom_completude":1.0},"geometry":{"type":"Polygon","coordinates":[[[-52.14372890944301,-29.85426603615372],[-52.1437951261542,-29.844911568765284],[-52.1338158253174,-29.844849335221145],[-52.13374925263399,-29.85420379689647],[-52.14372890944301,-29.85426603615372]]]}},{"type":"Feature","properties":{"id_grade":"1KME5187N8025","pop":44,"dom":21,"universo_dom":"domicilios_ocupados_grade_ibge_2022","na_bacia":0,"area_pct_bacia":0.0,"metodo_recorte_bacia":"ponto_representativo_grade_2022; area_pct_geometrica","status_borda_bacia":"total","metodo_area_bacia":"interseção geométrica em EPSG:5880","metodo_na_bacia":"ponto_representativo_grade_2022_within_bacia","pop_n_validos":1,"pop_n_total":1,"pop_completude":1.0,"dom_n_validos":1,"dom_n_total":1,"dom_completude":1.0},"geometry":{"type":"Polygon","coordinates":[[[-52.13374925263399,-29.85420379689647],[-52.1338158253174,-29.844849335221145],[-52.123836529229905,-29.844786768023337],[-52.123769600574775,-29.854141223954432],[-52.13374925263399,-29.85420379689647]]]}},{"type":"Feature","properties":{"id_grade":"1KME5188N8025","pop":52,"dom":19,"universo_dom":"domicilios_ocupados_grade_ibge_2022","na_bacia":0,"area_pct_bacia":0.0,"metodo_recorte_bacia":"ponto_representativo_grade_2022; area_pct_geometrica","status_borda_bacia":"total","metodo_area_bacia":"interseção geométrica em EPSG:5880","metodo_na_bacia":"ponto_representativo_grade_2022_within_bacia","pop_n_validos":1,"pop_n_total":1,"pop_completude":1.0,"dom_n_validos":1,"dom_n_total":1,"dom_completude":1.0},"geometry":{"type":"Polygon","coordinates":[[[-52.123769600574775,-29.854141223954432],[-52.123836529229905,-29.844786768023337],[-52.11385723791712,-29.844723867172547],[-52.11378995329078,-29.854078317329282],[-52.123769600574775,-29.854141223954432]]]}},{"type":"Feature","properties":{"id_grade":"1KME5189N8025","pop":55,"dom":20,"universo_dom":"domicilios_ocupados_grade_ibge_2022","na_bacia":0,"area_pct_bacia":0.0,"metodo_recorte_bacia":"ponto_representativo_grade_2022; area_pct_geometrica","status_borda_bacia":"total","metodo_area_bacia":"interseção geométrica em EPSG:5880","metodo_na_bacia":"ponto_representativo_grade_2022_within_bacia","pop_n_validos":1,"pop_n_total":1,"pop_completude":1.0,"dom_n_validos":1,"dom_n_total":1,"dom_completude":1.0},"geometry":{"type":"Polygon","coordinates":[[[-52.11378995329078,-29.854078317329282],[-52.11385723791712,-29.844723867172547],[-52.103877951404414,-29.84466063266934],[-52.10381031080738,-29.854015077020858],[-52.11378995329078,-29.854078317329282]]]}},{"type":"Feature","properties":{"id_grade":"1KME5190N8025","pop":23,"dom":7,"universo_dom":"domicilios_ocupados_grade_ibge_2022","na_bacia":0,"area_pct_bacia":0.0,"metodo_recorte_bacia":"ponto_representativo_grade_2022; area_pct_geometrica","status_borda_bacia":"total","metodo_area_bacia":"interseção geométrica em EPSG:5880","metodo_na_bacia":"ponto_representativo_grade_2022_within_bacia","pop_n_validos":1,"pop_n_total":1,"pop_completude":1.0,"dom_n_validos":1,"dom_n_total":1,"dom_completude":1.0},"geometry":{"type":"Polygon","coordinates":[[[-52.10381031080738,-29.854015077020858],[-52.103877951404414,-29.84466063266934],[-52.093898669717206,-29.84459706451427],[-52.093830673149995,-29.85395150303011],[-52.10381031080738,-29.854015077020858]]]}},{"type":"Feature","properties":{"id_grade":"1KME5191N8025","pop":27,"dom":11,"universo_dom":"domicilios_ocupados_grade_ibge_2022","na_bacia":0,"area_pct_bacia":0.0,"metodo_recorte_bacia":"ponto_representativo_grade_2022; area_pct_geometrica","status_borda_bacia":"total","metodo_area_bacia":"interseção geométrica em EPSG:5880","metodo_na_bacia":"ponto_representativo_grade_2022_within_bacia","pop_n_validos":1,"pop_n_total":1,"pop_completude":1.0,"dom_n_validos":1,"dom_n_total":1,"dom_completude":1.0},"geometry":{"type":"Polygon","coordinates":[[[-52.093830673149995,-29.85395150303011],[-52.093898669717206,-29.84459706451427],[-52.08391939288085,-29.844533162708462],[-52.083851040343994,-29.853887595357644],[-52.093830673149995,-29.85395150303011]]]}},{"type":"Feature","properties":{"id_grade":"1KME5193N8025","pop":1,"dom":1,"universo_dom":"domicilios_ocupados_grade_ibge_2022","na_bacia":0,"area_pct_bacia":0.0,"metodo_recorte_bacia":"ponto_representativo_grade_2022; area_pct_geometrica","status_borda_bacia":"total","metodo_area_bacia":"interseção geométrica em EPSG:5880","metodo_na_bacia":"ponto_representativo_grade_2022_within_bacia","pop_n_validos":1,"pop_n_total":1,"pop_completude":1.0,"dom_n_validos":1,"dom_n_total":1,"dom_completude":1.0},"geometry":{"type":"Polygon","coordinates":[[[-52.07387141241479,-29.853823354004167],[-52.07394012092078,-29.844468927251828],[-52.063960853862376,-29.8444043581453],[-52.063891789387775,-29.85375877896985],[-52.07387141241479,-29.853823354004167]]]}},{"type":"Feature","properties":{"id_grade":"1KME5194N8025","pop":13,"dom":5,"universo_dom":"domicilios_ocupados_grade_ibge_2022","na_bacia":0,"area_pct_bacia":0.0,"metodo_recorte_bacia":"ponto_representativo_grade_2022; area_pct_geometrica","status_borda_bacia":"total","metodo_area_bacia":"interseção geométrica em EPSG:5880","metodo_na_bacia":"ponto_representativo_grade_2022_within_bacia","pop_n_validos":1,"pop_n_total":1,"pop_completude":1.0,"dom_n_validos":1,"dom_n_total":1,"dom_completude":1.0},"geometry":{"type":"Polygon","coordinates":[[[-52.063891789387775,-29.85375877896985],[-52.063960853862376,-29.8444043581453],[-52.053981591731024,-29.844339455389434],[-52.05391217128834,-29.853693870255736],[-52.063891789387775,-29.85375877896985]]]}},{"type":"Feature","properties":{"id_grade":"1KME5185N8026","pop":11,"dom":5,"universo_dom":"domicilios_ocupados_grade_ibge_2022","na_bacia":0,"area_pct_bacia":0.0,"metodo_recorte_bacia":"ponto_representativo_grade_2022; area_pct_geometrica","status_borda_bacia":"total","metodo_area_bacia":"interseção geométrica em EPSG:5880","metodo_na_bacia":"ponto_representativo_grade_2022_within_bacia","pop_n_validos":1,"pop_n_total":1,"pop_completude":1.0,"dom_n_validos":1,"dom_n_total":1,"dom_completude":1.0},"geometry":{"type":"Polygon","coordinates":[[[-52.153774431714915,-29.84497346865506],[-52.15384028775485,-29.83561952042988],[-52.14386133814148,-29.835557626219764],[-52.1437951261542,-29.844911568765284],[-52.153774431714915,-29.84497346865506]]]}},{"type":"Feature","properties":{"id_grade":"1KME5186N8026","pop":23,"dom":10,"universo_dom":"domicilios_ocupados_grade_ibge_2022","na_bacia":0,"area_pct_bacia":0.0037,"metodo_recorte_bacia":"ponto_representativo_grade_2022; area_pct_geometrica","status_borda_bacia":"parcial","metodo_area_bacia":"interseção geométrica em EPSG:5880","metodo_na_bacia":"ponto_representativo_grade_2022_within_bacia","pop_n_validos":1,"pop_n_total":1,"pop_completude":1.0,"dom_n_validos":1,"dom_n_total":1,"dom_completude":1.0},"geometry":{"type":"Polygon","coordinates":[[[-52.1437951261542,-29.844911568765284],[-52.14386133814148,-29.835557626219764],[-52.13388239325151,-29.83549539838591],[-52.1338158253174,-29.844849335221145],[-52.1437951261542,-29.844911568765284]]]}},{"type":"Feature","properties":{"id_grade":"1KME5187N8026","pop":8,"dom":3,"universo_dom":"domicilios_ocupados_grade_ibge_2022","na_bacia":0,"area_pct_bacia":0.0,"metodo_recorte_bacia":"ponto_representativo_grade_2022; area_pct_geometrica","status_borda_bacia":"total","metodo_area_bacia":"interseção geométrica em EPSG:5880","metodo_na_bacia":"ponto_representativo_grade_2022_within_bacia","pop_n_validos":1,"pop_n_total":1,"pop_completude":1.0,"dom_n_validos":1,"dom_n_total":1,"dom_completude":1.0},"geometry":{"type":"Polygon","coordinates":[[[-52.1338158253174,-29.844849335221145],[-52.13388239325151,-29.83549539838591],[-52.12390345311034,-29.835432836929197],[-52.123836529229905,-29.844786768023337],[-52.1338158253174,-29.844849335221145]]]}},{"type":"Feature","properties":{"id_grade":"1KME5188N8026","pop":4,"dom":2,"universo_dom":"domicilios_ocupados_grade_ibge_2022","na_bacia":0,"area_pct_bacia":0.0,"metodo_recorte_bacia":"ponto_representativo_grade_2022; area_pct_geometrica","status_borda_bacia":"total","metodo_area_bacia":"interseção geométrica em EPSG:5880","metodo_na_bacia":"ponto_representativo_grade_2022_within_bacia","pop_n_validos":1,"pop_n_total":1,"pop_completude":1.0,"dom_n_validos":1,"dom_n_total":1,"dom_completude":1.0},"geometry":{"type":"Polygon","coordinates":[[[-52.123836529229905,-29.844786768023337],[-52.12390345311034,-29.835432836929197],[-52.11392451774336,-29.83536994184967],[-52.11385723791712,-29.844723867172547],[-52.123836529229905,-29.844786768023337]]]}},{"type":"Feature","properties":{"id_grade":"1KME5189N8026","pop":14,"dom":7,"universo_dom":"domicilios_ocupados_grade_ibge_2022","na_bacia":0,"area_pct_bacia":0.0,"metodo_recorte_bacia":"ponto_representativo_grade_2022; area_pct_geometrica","status_borda_bacia":"total","metodo_area_bacia":"interseção geométrica em EPSG:5880","metodo_na_bacia":"ponto_representativo_grade_2022_within_bacia","pop_n_validos":1,"pop_n_total":1,"pop_completude":1.0,"dom_n_validos":1,"dom_n_total":1,"dom_completude":1.0},"geometry":{"type":"Polygon","coordinates":[[[-52.11385723791712,-29.844723867172547],[-52.11392451774336,-29.83536994184967],[-52.10394558717596,-29.835306713148654],[-52.103877951404414,-29.84466063266934],[-52.11385723791712,-29.844723867172547]]]}},{"type":"Feature","properties":{"id_grade":"1KME5190N8026","pop":3,"dom":2,"universo_dom":"domicilios_ocupados_grade_ibge_2022","na_bacia":0,"area_pct_bacia":0.0,"metodo_recorte_bacia":"ponto_representativo_grade_2022; area_pct_geometrica","status_borda_bacia":"total","metodo_area_bacia":"interseção geométrica em EPSG:5880","metodo_na_bacia":"ponto_representativo_grade_2022_within_bacia","pop_n_validos":1,"pop_n_total":1,"pop_completude":1.0,"dom_n_validos":1,"dom_n_total":1,"dom_completude":1.0},"geometry":{"type":"Polygon","coordinates":[[[-52.103877951404414,-29.84466063266934],[-52.10394558717596,-29.835306713148654],[-52.09396666143352,-29.835243150826432],[-52.093898669717206,-29.84459706451427],[-52.103877951404414,-29.84466063266934]]]}},{"type":"Feature","properties":{"id_grade":"1KME5191N8026","pop":10,"dom":3,"universo_dom":"domicilios_ocupados_grade_ibge_2022","na_bacia":0,"area_pct_bacia":0.0,"metodo_recorte_bacia":"ponto_representativo_grade_2022; area_pct_geometrica","status_borda_bacia":"total","metodo_area_bacia":"interseção geométrica em EPSG:5880","metodo_na_bacia":"ponto_representativo_grade_2022_within_bacia","pop_n_validos":1,"pop_n_total":1,"pop_completude":1.0,"dom_n_validos":1,"dom_n_total":1,"dom_completude":1.0},"geometry":{"type":"Polygon","coordinates":[[[-52.093898669717206,-29.84459706451427],[-52.09396666143352,-29.835243150826432],[-52.083987740541446,-29.83517925488359],[-52.08391939288085,-29.844533162708462],[-52.093898669717206,-29.84459706451427]]]}},{"type":"Feature","properties":{"id_grade":"1KME5192N8026","pop":68,"dom":25,"universo_dom":"domicilios_ocupados_grade_ibge_2022","na_bacia":0,"area_pct_bacia":0.0,"metodo_recorte_bacia":"ponto_representativo_grade_2022; area_pct_geometrica","status_borda_bacia":"total","metodo_area_bacia":"interseção geométrica em EPSG:5880","metodo_na_bacia":"ponto_representativo_grade_2022_within_bacia","pop_n_validos":1,"pop_n_total":1,"pop_completude":1.0,"dom_n_validos":1,"dom_n_total":1,"dom_completude":1.0},"geometry":{"type":"Polygon","coordinates":[[[-52.08391939288085,-29.844533162708462],[-52.083987740541446,-29.83517925488359],[-52.074008824525116,-29.835115025321006],[-52.07394012092078,-29.844468927251828],[-52.08391939288085,-29.844533162708462]]]}},{"type":"Feature","properties":{"id_grade":"1KME5193N8026","pop":28,"dom":14,"universo_dom":"domicilios_ocupados_grade_ibge_2022","na_bacia":0,"area_pct_bacia":0.0,"metodo_recorte_bacia":"ponto_representativo_grade_2022; area_pct_geometrica","status_borda_bacia":"total","metodo_area_bacia":"interseção geométrica em EPSG:5880","metodo_na_bacia":"ponto_representativo_grade_2022_within_bacia","pop_n_validos":1,"pop_n_total":1,"pop_completude":1.0,"dom_n_validos":1,"dom_n_total":1,"dom_completude":1.0},"geometry":{"type":"Polygon","coordinates":[[[-52.07394012092078,-29.844468927251828],[-52.074008824525116,-29.835115025321006],[-52.064029913409925,-29.835050462138835],[-52.063960853862376,-29.8444043581453],[-52.07394012092078,-29.844468927251828]]]}},{"type":"Feature","properties":{"id_grade":"1KME5194N8026","pop":5,"dom":2,"universo_dom":"domicilios_ocupados_grade_ibge_2022","na_bacia":0,"area_pct_bacia":21.3133,"metodo_recorte_bacia":"ponto_representativo_grade_2022; area_pct_geometrica","status_borda_bacia":"parcial","metodo_area_bacia":"interseção geométrica em EPSG:5880","metodo_na_bacia":"ponto_representativo_grade_2022_within_bacia","pop_n_validos":1,"pop_n_total":1,"pop_completude":1.0,"dom_n_validos":1,"dom_n_total":1,"dom_completude":1.0},"geometry":{"type":"Polygon","coordinates":[[[-52.063960853862376,-29.8444043581453],[-52.064029913409925,-29.835050462138835],[-52.05405100722126,-29.83498556533825],[-52.053981591731024,-29.844339455389434],[-52.063960853862376,-29.8444043581453]]]}},{"type":"Feature","properties":{"id_grade":"1KME5183N8027","pop":23,"dom":10,"universo_dom":"domicilios_ocupados_grade_ibge_2022","na_bacia":0,"area_pct_bacia":0.0,"metodo_recorte_bacia":"ponto_representativo_grade_2022; area_pct_geometrica","status_borda_bacia":"total","metodo_area_bacia":"interseção geométrica em EPSG:5880","metodo_na_bacia":"ponto_representativo_grade_2022_within_bacia","pop_n_validos":1,"pop_n_total":1,"pop_completude":1.0,"dom_n_validos":1,"dom_n_total":1,"dom_completude":1.0},"geometry":{"type":"Polygon","coordinates":[[[-52.173798201050275,-29.835742307977178],[-52.173863340546795,-29.82638887294281],[-52.16388473748572,-29.82632765159716],[-52.16381924206625,-29.83568108101589],[-52.173798201050275,-29.835742307977178]]]}},{"type":"Feature","properties":{"id_grade":"1KME5184N8027","pop":6,"dom":3,"universo_dom":"domicilios_ocupados_grade_ibge_2022","na_bacia":0,"area_pct_bacia":0.0,"metodo_recorte_bacia":"ponto_representativo_grade_2022; area_pct_geometrica","status_borda_bacia":"total","metodo_area_bacia":"interseção geométrica em EPSG:5880","metodo_na_bacia":"ponto_representativo_grade_2022_within_bacia","pop_n_validos":1,"pop_n_total":1,"pop_completude":1.0,"dom_n_validos":1,"dom_n_total":1,"dom_completude":1.0},"geometry":{"type":"Polygon","coordinates":[[[-52.16381924206625,-29.83568108101589],[-52.16388473748572,-29.82632765159716],[-52.15390613909678,-29.82626609665721],[-52.15384028775485,-29.83561952042988],[-52.16381924206625,-29.83568108101589]]]}},{"type":"Feature","properties":{"id_grade":"1KME5185N8027","pop":41,"dom":16,"universo_dom":"domicilios_ocupados_grade_ibge_2022","na_bacia":0,"area_pct_bacia":0.0,"metodo_recorte_bacia":"ponto_representativo_grade_2022; area_pct_geometrica","status_borda_bacia":"total","metodo_area_bacia":"interseção geométrica em EPSG:5880","metodo_na_bacia":"ponto_representativo_grade_2022_within_bacia","pop_n_validos":1,"pop_n_total":1,"pop_completude":1.0,"dom_n_validos":1,"dom_n_total":1,"dom_completude":1.0},"geometry":{"type":"Polygon","coordinates":[[[-52.15384028775485,-29.83561952042988],[-52.15390613909678,-29.82626609665721],[-52.143927545405354,-29.826204208123517],[-52.14386133814148,-29.835557626219764],[-52.15384028775485,-29.83561952042988]]]}},{"type":"Feature","properties":{"id_grade":"1KME5186N8027","pop":5,"dom":3,"universo_dom":"domicilios_ocupados_grade_ibge_2022","na_bacia":0,"area_pct_bacia":28.1093,"metodo_recorte_bacia":"ponto_representativo_grade_2022; area_pct_geometrica","status_borda_bacia":"parcial","metodo_area_bacia":"interseção geométrica em EPSG:5880","metodo_na_bacia":"ponto_representativo_grade_2022_within_bacia","pop_n_validos":1,"pop_n_total":1,"pop_completude":1.0,"dom_n_validos":1,"dom_n_total":1,"dom_completude":1.0},"geometry":{"type":"Polygon","coordinates":[[[-52.14386133814148,-29.835557626219764],[-52.143927545405354,-29.826204208123517],[-52.133948956436825,-29.826141985997108],[-52.13388239325151,-29.83549539838591],[-52.14386133814148,-29.835557626219764]]]}},{"type":"Feature","properties":{"id_grade":"1KME5187N8027","pop":17,"dom":6,"universo_dom":"domicilios_ocupados_grade_ibge_2022","na_bacia":1,"area_pct_bacia":93.9135,"metodo_recorte_bacia":"ponto_representativo_grade_2022; area_pct_geometrica","status_borda_bacia":"parcial","metodo_area_bacia":"interseção geométrica em EPSG:5880","metodo_na_bacia":"ponto_representativo_grade_2022_within_bacia","pop_n_validos":1,"pop_n_total":1,"pop_completude":1.0,"dom_n_validos":1,"dom_n_total":1,"dom_completude":1.0},"geometry":{"type":"Polygon","coordinates":[[[-52.13388239325151,-29.83549539838591],[-52.133948956436825,-29.826141985997108],[-52.12397037221658,-29.82607943027808],[-52.12390345311034,-29.835432836929197],[-52.13388239325151,-29.83549539838591]]]}},{"type":"Feature","properties":{"id_grade":"1KME5192N8027","pop":1,"dom":1,"universo_dom":"domicilios_ocupados_grade_ibge_2022","na_bacia":0,"area_pct_bacia":0.0,"metodo_recorte_bacia":"ponto_representativo_grade_2022; area_pct_geometrica","status_borda_bacia":"total","metodo_area_bacia":"interseção geométrica em EPSG:5880","metodo_na_bacia":"ponto_representativo_grade_2022_within_bacia","pop_n_validos":1,"pop_n_total":1,"pop_completude":1.0,"dom_n_validos":1,"dom_n_total":1,"dom_completude":1.0},"geometry":{"type":"Polygon","coordinates":[[[-52.083987740541446,-29.83517925488359],[-52.08405608332629,-29.825825871490053],[-52.07407752322831,-29.825761647817973],[-52.074008824525116,-29.835115025321006],[-52.083987740541446,-29.83517925488359]]]}},{"type":"Feature","properties":{"id_grade":"1KME5194N8027","pop":9,"dom":4,"universo_dom":"domicilios_ocupados_grade_ibge_2022","na_bacia":1,"area_pct_bacia":86.3384,"metodo_recorte_bacia":"ponto_representativo_grade_2022; area_pct_geometrica","status_borda_bacia":"parcial","metodo_area_bacia":"interseção geométrica em EPSG:5880","metodo_na_bacia":"ponto_representativo_grade_2022_within_bacia","pop_n_validos":1,"pop_n_total":1,"pop_completude":1.0,"dom_n_validos":1,"dom_n_total":1,"dom_completude":1.0},"geometry":{"type":"Polygon","coordinates":[[[-52.064029913409925,-29.835050462138835],[-52.06409896803095,-29.825697090557302],[-52.054120417759584,-29.82563219970856],[-52.05405100722126,-29.83498556533825],[-52.064029913409925,-29.835050462138835]]]}},{"type":"Feature","properties":{"id_grade":"1KME5182N8028","pop":27,"dom":8,"universo_dom":"domicilios_ocupados_grade_ibge_2022","na_bacia":0,"area_pct_bacia":0.4924,"metodo_recorte_bacia":"ponto_representativo_grade_2022; area_pct_geometrica","status_borda_bacia":"parcial","metodo_area_bacia":"interseção geométrica em EPSG:5880","metodo_na_bacia":"ponto_representativo_grade_2022_within_bacia","pop_n_validos":1,"pop_n_total":1,"pop_completude":1.0,"dom_n_validos":1,"dom_n_total":1,"dom_completude":1.0},"geometry":{"type":"Polygon","coordinates":[[[-52.18384194825461,-29.826449760693404],[-52.18390672720634,-29.817096844141822],[-52.173928475396586,-29.817035961973115],[-52.173863340546795,-29.82638887294281],[-52.18384194825461,-29.826449760693404]]]}},{"type":"Feature","properties":{"id_grade":"1KME5184N8028","pop":26,"dom":12,"universo_dom":"domicilios_ocupados_grade_ibge_2022","na_bacia":0,"area_pct_bacia":55.039,"metodo_recorte_bacia":"ponto_representativo_grade_2022; area_pct_geometrica","status_borda_bacia":"parcial","metodo_area_bacia":"interseção geométrica em EPSG:5880","metodo_na_bacia":"ponto_representativo_grade_2022_within_bacia","pop_n_validos":1,"pop_n_total":1,"pop_completude":1.0,"dom_n_validos":1,"dom_n_total":1,"dom_completude":1.0},"geometry":{"type":"Polygon","coordinates":[[[-52.16388473748572,-29.82632765159716],[-52.16395022823308,-29.816974746240366],[-52.153971985741194,-29.81691319694332],[-52.15390613909678,-29.82626609665721],[-52.16388473748572,-29.82632765159716]]]}},{"type":"Feature","properties":{"id_grade":"1KME5185N8028","pop":20,"dom":7,"universo_dom":"domicilios_ocupados_grade_ibge_2022","na_bacia":1,"area_pct_bacia":75.0447,"metodo_recorte_bacia":"ponto_representativo_grade_2022; area_pct_geometrica","status_borda_bacia":"parcial","metodo_area_bacia":"interseção geométrica em EPSG:5880","metodo_na_bacia":"ponto_representativo_grade_2022_within_bacia","pop_n_validos":1,"pop_n_total":1,"pop_completude":1.0,"dom_n_validos":1,"dom_n_total":1,"dom_completude":1.0},"geometry":{"type":"Polygon","coordinates":[[[-52.15390613909678,-29.82626609665721],[-52.153971985741194,-29.81691319694332],[-52.14399374794632,-29.81685131408352],[-52.143927545405354,-29.826204208123517],[-52.15390613909678,-29.82626609665721]]]}},{"type":"Feature","properties":{"id_grade":"1KME5186N8028","pop":35,"dom":14,"universo_dom":"domicilios_ocupados_grade_ibge_2022","na_bacia":1,"area_pct_bacia":96.4597,"metodo_recorte_bacia":"ponto_representativo_grade_2022; area_pct_geometrica","status_borda_bacia":"parcial","metodo_area_bacia":"interseção geométrica em EPSG:5880","metodo_na_bacia":"ponto_representativo_grade_2022_within_bacia","pop_n_validos":1,"pop_n_total":1,"pop_completude":1.0,"dom_n_validos":1,"dom_n_total":1,"dom_completude":1.0},"geometry":{"type":"Polygon","coordinates":[[[-52.143927545405354,-29.826204208123517],[-52.14399374794632,-29.81685131408352],[-52.134015514873845,-29.816789097661307],[-52.133948956436825,-29.826141985997108],[-52.143927545405354,-29.826204208123517]]]}},{"type":"Feature","properties":{"id_grade":"1KME5187N8028","pop":15,"dom":6,"universo_dom":"domicilios_ocupados_grade_ibge_2022","na_bacia":1,"area_pct_bacia":100.0,"metodo_recorte_bacia":"ponto_representativo_grade_2022; area_pct_geometrica","status_borda_bacia":"total","metodo_area_bacia":"interseção geométrica em EPSG:5880","metodo_na_bacia":"ponto_representativo_grade_2022_within_bacia","pop_n_validos":1,"pop_n_total":1,"pop_completude":1.0,"dom_n_validos":1,"dom_n_total":1,"dom_completude":1.0},"geometry":{"type":"Polygon","coordinates":[[[-52.133948956436825,-29.826141985997108],[-52.134015514873845,-29.816789097661307],[-52.12403728654916,-29.81672654767715],[-52.12397037221658,-29.82607943027808],[-52.133948956436825,-29.826141985997108]]]}},{"type":"Feature","properties":{"id_grade":"1KME5193N8028","pop":3,"dom":1,"universo_dom":"domicilios_ocupados_grade_ibge_2022","na_bacia":1,"area_pct_bacia":80.7805,"metodo_recorte_bacia":"ponto_representativo_grade_2022; area_pct_geometrica","status_borda_bacia":"parcial","metodo_area_bacia":"interseção geométrica em EPSG:5880","metodo_na_bacia":"ponto_representativo_grade_2022_within_bacia","pop_n_validos":1,"pop_n_total":1,"pop_completude":1.0,"dom_n_validos":1,"dom_n_total":1,"dom_completude":1.0},"geometry":{"type":"Polygon","coordinates":[[[-52.07407752322831,-29.825761647817973],[-52.07414621703089,-29.81640879434965],[-52.06416801772597,-29.816344243007194],[-52.06409896803095,-29.825697090557302],[-52.07407752322831,-29.825761647817973]]]}},{"type":"Feature","properties":{"id_grade":"1KME5194N8028","pop":18,"dom":7,"universo_dom":"domicilios_ocupados_grade_ibge_2022","na_bacia":1,"area_pct_bacia":100.0,"metodo_recorte_bacia":"ponto_representativo_grade_2022; area_pct_geometrica","status_borda_bacia":"total","metodo_area_bacia":"interseção geométrica em EPSG:5880","metodo_na_bacia":"ponto_representativo_grade_2022_within_bacia","pop_n_validos":1,"pop_n_total":1,"pop_completude":1.0,"dom_n_validos":1,"dom_n_total":1,"dom_completude":1.0},"geometry":{"type":"Polygon","coordinates":[[[-52.06409896803095,-29.825697090557302],[-52.06416801772597,-29.816344243007194],[-52.05418982334652,-29.81627935810716],[-52.054120417759584,-29.82563219970856],[-52.06409896803095,-29.825697090557302]]]}},{"type":"Feature","properties":{"id_grade":"1KME5181N8029","pop":21,"dom":7,"universo_dom":"domicilios_ocupados_grade_ibge_2022","na_bacia":1,"area_pct_bacia":60.6847,"metodo_recorte_bacia":"ponto_representativo_grade_2022; area_pct_geometrica","status_borda_bacia":"parcial","metodo_area_bacia":"interseção geométrica em EPSG:5880","metodo_na_bacia":"ponto_representativo_grade_2022_within_bacia","pop_n_validos":1,"pop_n_total":1,"pop_completude":1.0,"dom_n_validos":1,"dom_n_total":1,"dom_completude":1.0},"geometry":{"type":"Polygon","coordinates":[[[-52.19388498363694,-29.817157392745752],[-52.19394940209465,-29.80780499432054],[-52.18397150153721,-29.807744451265197],[-52.18390672720634,-29.817096844141822],[-52.19388498363694,-29.817157392745752]]]}},{"type":"Feature","properties":{"id_grade":"1KME5182N8029","pop":11,"dom":5,"universo_dom":"domicilios_ocupados_grade_ibge_2022","na_bacia":0,"area_pct_bacia":55.1105,"metodo_recorte_bacia":"ponto_representativo_grade_2022; area_pct_geometrica","status_borda_bacia":"parcial","metodo_area_bacia":"interseção geométrica em EPSG:5880","metodo_na_bacia":"ponto_representativo_grade_2022_within_bacia","pop_n_validos":1,"pop_n_total":1,"pop_completude":1.0,"dom_n_validos":1,"dom_n_total":1,"dom_completude":1.0},"geometry":{"type":"Polygon","coordinates":[[[-52.18390672720634,-29.817096844141822],[-52.18397150153721,-29.807744451265197],[-52.17399360560014,-29.807683574675604],[-52.173928475396586,-29.817035961973115],[-52.18390672720634,-29.817096844141822]]]}},{"type":"Feature","properties":{"id_grade":"1KME5183N8029","pop":10,"dom":3,"universo_dom":"domicilios_ocupados_grade_ibge_2022","na_bacia":1,"area_pct_bacia":100.0,"metodo_recorte_bacia":"ponto_representativo_grade_2022; area_pct_geometrica","status_borda_bacia":"total","metodo_area_bacia":"interseção geométrica em EPSG:5880","metodo_na_bacia":"ponto_representativo_grade_2022_within_bacia","pop_n_validos":1,"pop_n_total":1,"pop_completude":1.0,"dom_n_validos":1,"dom_n_total":1,"dom_completude":1.0},"geometry":{"type":"Polygon","coordinates":[[[-52.173928475396586,-29.817035961973115],[-52.17399360560014,-29.807683574675604],[-52.164015714308796,-29.807622364552177],[-52.16395022823308,-29.816974746240366],[-52.173928475396586,-29.817035961973115]]]}},{"type":"Feature","properties":{"id_grade":"1KME5184N8029","pop":37,"dom":13,"universo_dom":"domicilios_ocupados_grade_ibge_2022","na_bacia":1,"area_pct_bacia":100.0,"metodo_recorte_bacia":"ponto_representativo_grade_2022; area_pct_geometrica","status_borda_bacia":"total","metodo_area_bacia":"interseção geométrica em EPSG:5880","metodo_na_bacia":"ponto_representativo_grade_2022_within_bacia","pop_n_validos":1,"pop_n_total":1,"pop_completude":1.0,"dom_n_validos":1,"dom_n_total":1,"dom_completude":1.0},"geometry":{"type":"Polygon","coordinates":[[[-52.16395022823308,-29.816974746240366],[-52.164015714308796,-29.807622364552177],[-52.15403782768859,-29.80756082089545],[-52.153971985741194,-29.81691319694332],[-52.16395022823308,-29.816974746240366]]]}},{"type":"Feature","properties":{"id_grade":"1KME5185N8029","pop":12,"dom":5,"universo_dom":"domicilios_ocupados_grade_ibge_2022","na_bacia":1,"area_pct_bacia":100.0,"metodo_recorte_bacia":"ponto_representativo_grade_2022; area_pct_geometrica","status_borda_bacia":"total","metodo_area_bacia":"interseção geométrica em EPSG:5880","metodo_na_bacia":"ponto_representativo_grade_2022_within_bacia","pop_n_validos":1,"pop_n_total":1,"pop_completude":1.0,"dom_n_validos":1,"dom_n_total":1,"dom_completude":1.0},"geometry":{"type":"Polygon","coordinates":[[[-52.153971985741194,-29.81691319694332],[-52.15403782768859,-29.80756082089545],[-52.144059945764894,-29.80749894370659],[-52.14399374794632,-29.81685131408352],[-52.153971985741194,-29.81691319694332]]]}},{"type":"Feature","properties":{"id_grade":"1KME5186N8029","pop":32,"dom":10,"universo_dom":"domicilios_ocupados_grade_ibge_2022","na_bacia":1,"area_pct_bacia":100.0,"metodo_recorte_bacia":"ponto_representativo_grade_2022; area_pct_geometrica","status_borda_bacia":"total","metodo_area_bacia":"interseção geométrica em EPSG:5880","metodo_na_bacia":"ponto_representativo_grade_2022_within_bacia","pop_n_validos":1,"pop_n_total":1,"pop_completude":1.0,"dom_n_validos":1,"dom_n_total":1,"dom_completude":1.0},"geometry":{"type":"Polygon","coordinates":[[[-52.14399374794632,-29.81685131408352],[-52.144059945764894,-29.80749894370659],[-52.13408206856309,-29.807436732985384],[-52.134015514873845,-29.816789097661307],[-52.14399374794632,-29.81685131408352]]]}},{"type":"Feature","properties":{"id_grade":"1KME5187N8029","pop":2,"dom":1,"universo_dom":"domicilios_ocupados_grade_ibge_2022","na_bacia":1,"area_pct_bacia":100.0,"metodo_recorte_bacia":"ponto_representativo_grade_2022; area_pct_geometrica","status_borda_bacia":"total","metodo_area_bacia":"interseção geométrica em EPSG:5880","metodo_na_bacia":"ponto_representativo_grade_2022_within_bacia","pop_n_validos":1,"pop_n_total":1,"pop_completude":1.0,"dom_n_validos":1,"dom_n_total":1,"dom_completude":1.0},"geometry":{"type":"Polygon","coordinates":[[[-52.134015514873845,-29.816789097661307],[-52.13408206856309,-29.807436732985384],[-52.124104196108554,-29.807374188732844],[-52.12403728654916,-29.81672654767715],[-52.134015514873845,-29.816789097661307]]]}},{"type":"Feature","properties":{"id_grade":"1KME5192N8029","pop":2,"dom":1,"universo_dom":"domicilios_ocupados_grade_ibge_2022","na_bacia":1,"area_pct_bacia":92.9488,"metodo_recorte_bacia":"ponto_representativo_grade_2022; area_pct_geometrica","status_borda_bacia":"parcial","metodo_area_bacia":"interseção geométrica em EPSG:5880","metodo_na_bacia":"ponto_representativo_grade_2022_within_bacia","pop_n_validos":1,"pop_n_total":1,"pop_completude":1.0,"dom_n_validos":1,"dom_n_total":1,"dom_completude":1.0},"geometry":{"type":"Polygon","coordinates":[[[-52.0841244212359,-29.816473012133983],[-52.084192754270816,-29.807120676422432],[-52.07421490593338,-29.80705646452262],[-52.07414621703089,-29.81640879434965],[-52.0841244212359,-29.816473012133983]]]}},{"type":"Feature","properties":{"id_grade":"1KME5181N8030","pop":22,"dom":7,"universo_dom":"domicilios_ocupados_grade_ibge_2022","na_bacia":1,"area_pct_bacia":100.0,"metodo_recorte_bacia":"ponto_representativo_grade_2022; area_pct_geometrica","status_borda_bacia":"total","metodo_area_bacia":"interseção geométrica em EPSG:5880","metodo_na_bacia":"ponto_representativo_grade_2022_within_bacia","pop_n_validos":1,"pop_n_total":1,"pop_completude":1.0,"dom_n_validos":1,"dom_n_total":1,"dom_completude":1.0},"geometry":{"type":"Polygon","coordinates":[[[-52.19394940209465,-29.80780499432054],[-52.19401381595737,-29.798453119180063],[-52.18403627124772,-29.798392581670463],[-52.18397150153721,-29.807744451265197],[-52.19394940209465,-29.80780499432054]]]}},{"type":"Feature","properties":{"id_grade":"1KME5182N8030","pop":36,"dom":16,"universo_dom":"domicilios_ocupados_grade_ibge_2022","na_bacia":1,"area_pct_bacia":100.0,"metodo_recorte_bacia":"ponto_representativo_grade_2022; area_pct_geometrica","status_borda_bacia":"total","metodo_area_bacia":"interseção geométrica em EPSG:5880","metodo_na_bacia":"ponto_representativo_grade_2022_within_bacia","pop_n_validos":1,"pop_n_total":1,"pop_completude":1.0,"dom_n_validos":1,"dom_n_total":1,"dom_completude":1.0},"geometry":{"type":"Polygon","coordinates":[[[-52.18397150153721,-29.807744451265197],[-52.18403627124772,-29.798392581670463],[-52.17405873115793,-29.79833171065666],[-52.17399360560014,-29.807683574675604],[-52.18397150153721,-29.807744451265197]]]}},{"type":"Feature","properties":{"id_grade":"1KME5183N8030","pop":21,"dom":8,"universo_dom":"domicilios_ocupados_grade_ibge_2022","na_bacia":1,"area_pct_bacia":100.0,"metodo_recorte_bacia":"ponto_representativo_grade_2022; area_pct_geometrica","status_borda_bacia":"total","metodo_area_bacia":"interseção geométrica em EPSG:5880","metodo_na_bacia":"ponto_representativo_grade_2022_within_bacia","pop_n_validos":1,"pop_n_total":1,"pop_completude":1.0,"dom_n_validos":1,"dom_n_total":1,"dom_completude":1.0},"geometry":{"type":"Polygon","coordinates":[[[-52.17399360560014,-29.807683574675604],[-52.17405873115793,-29.79833171065666],[-52.164081195713386,-29.798270506140046],[-52.164015714308796,-29.807622364552177],[-52.17399360560014,-29.807683574675604]]]}},{"type":"Feature","properties":{"id_grade":"1KME5184N8030","pop":34,"dom":14,"universo_dom":"domicilios_ocupados_grade_ibge_2022","na_bacia":1,"area_pct_bacia":100.0,"metodo_recorte_bacia":"ponto_representativo_grade_2022; area_pct_geometrica","status_borda_bacia":"total","metodo_area_bacia":"interseção geométrica em EPSG:5880","metodo_na_bacia":"ponto_representativo_grade_2022_within_bacia","pop_n_validos":1,"pop_n_total":1,"pop_completude":1.0,"dom_n_validos":1,"dom_n_total":1,"dom_completude":1.0},"geometry":{"type":"Polygon","coordinates":[[[-52.164015714308796,-29.807622364552177],[-52.164081195713386,-29.798270506140046],[-52.15410366493947,-29.798208968120647],[-52.15403782768859,-29.80756082089545],[-52.164015714308796,-29.807622364552177]]]}},{"type":"Feature","properties":{"id_grade":"1KME5185N8030","pop":11,"dom":3,"universo_dom":"domicilios_ocupados_grade_ibge_2022","na_bacia":1,"area_pct_bacia":100.0,"metodo_recorte_bacia":"ponto_representativo_grade_2022; area_pct_geometrica","status_borda_bacia":"total","metodo_area_bacia":"interseção geométrica em EPSG:5880","metodo_na_bacia":"ponto_representativo_grade_2022_within_bacia","pop_n_validos":1,"pop_n_total":1,"pop_completude":1.0,"dom_n_validos":1,"dom_n_total":1,"dom_completude":1.0},"geometry":{"type":"Polygon","coordinates":[[[-52.15403782768859,-29.80756082089545],[-52.15410366493947,-29.798208968120647],[-52.14412613886157,-29.7981470965993],[-52.144059945764894,-29.80749894370659],[-52.15403782768859,-29.80756082089545]]]}},{"type":"Feature","properties":{"id_grade":"1KME5186N8030","pop":13,"dom":4,"universo_dom":"domicilios_ocupados_grade_ibge_2022","na_bacia":1,"area_pct_bacia":100.0,"metodo_recorte_bacia":"ponto_representativo_grade_2022; area_pct_geometrica","status_borda_bacia":"total","metodo_area_bacia":"interseção geométrica em EPSG:5880","metodo_na_bacia":"ponto_representativo_grade_2022_within_bacia","pop_n_validos":1,"pop_n_total":1,"pop_completude":1.0,"dom_n_validos":1,"dom_n_total":1,"dom_completude":1.0},"geometry":{"type":"Polygon","coordinates":[[[-52.144059945764894,-29.80749894370659],[-52.14412613886157,-29.7981470965993],[-52.13414861750505,-29.798084891576522],[-52.13408206856309,-29.807436732985384],[-52.144059945764894,-29.80749894370659]]]}},{"type":"Feature","properties":{"id_grade":"1KME5190N8030","pop":6,"dom":3,"universo_dom":"domicilios_ocupados_grade_ibge_2022","na_bacia":1,"area_pct_bacia":100.0,"metodo_recorte_bacia":"ponto_representativo_grade_2022; area_pct_geometrica","status_borda_bacia":"total","metodo_area_bacia":"interseção geométrica em EPSG:5880","metodo_na_bacia":"ponto_representativo_grade_2022_within_bacia","pop_n_validos":1,"pop_n_total":1,"pop_completude":1.0,"dom_n_validos":1,"dom_n_total":1,"dom_completude":1.0},"geometry":{"type":"Polygon","coordinates":[[[-52.10414846554284,-29.807248099636517],[-52.104216082017615,-29.79789627550563],[-52.09423857980043,-29.797832736483027],[-52.09417060748243,-29.807184554794013],[-52.10414846554284,-29.807248099636517]]]}},{"type":"Feature","properties":{"id_grade":"1KME5192N8030","pop":3,"dom":2,"universo_dom":"domicilios_ocupados_grade_ibge_2022","na_bacia":1,"area_pct_bacia":100.0,"metodo_recorte_bacia":"ponto_representativo_grade_2022; area_pct_geometrica","status_borda_bacia":"total","metodo_area_bacia":"interseção geométrica em EPSG:5880","metodo_na_bacia":"ponto_representativo_grade_2022_within_bacia","pop_n_validos":1,"pop_n_total":1,"pop_completude":1.0,"dom_n_validos":1,"dom_n_total":1,"dom_completude":1.0},"geometry":{"type":"Polygon","coordinates":[[[-52.084192754270816,-29.807120676422432],[-52.084261082431546,-29.797768863962617],[-52.074283589936314,-29.797704657944227],[-52.07421490593338,-29.80705646452262],[-52.084192754270816,-29.807120676422432]]]}},{"type":"Feature","properties":{"id_grade":"1KME5180N8031","pop":11,"dom":6,"universo_dom":"domicilios_ocupados_grade_ibge_2022","na_bacia":1,"area_pct_bacia":100.0,"metodo_recorte_bacia":"ponto_representativo_grade_2022; area_pct_geometrica","status_borda_bacia":"total","metodo_area_bacia":"interseção geométrica em EPSG:5880","metodo_na_bacia":"ponto_representativo_grade_2022_within_bacia","pop_n_validos":1,"pop_n_total":1,"pop_completude":1.0,"dom_n_validos":1,"dom_n_total":1,"dom_completude":1.0},"geometry":{"type":"Polygon","coordinates":[[[-52.20399136526152,-29.798513323185578],[-52.20405541870686,-29.789161965425034],[-52.19407822522561,-29.789101766931793],[-52.19401381595737,-29.798453119180063],[-52.20399136526152,-29.798513323185578]]]}},{"type":"Feature","properties":{"id_grade":"1KME5184N8031","pop":12,"dom":4,"universo_dom":"domicilios_ocupados_grade_ibge_2022","na_bacia":1,"area_pct_bacia":100.0,"metodo_recorte_bacia":"ponto_representativo_grade_2022; area_pct_geometrica","status_borda_bacia":"total","metodo_area_bacia":"interseção geométrica em EPSG:5880","metodo_na_bacia":"ponto_representativo_grade_2022_within_bacia","pop_n_validos":1,"pop_n_total":1,"pop_completude":1.0,"dom_n_validos":1,"dom_n_total":1,"dom_completude":1.0},"geometry":{"type":"Polygon","coordinates":[[[-52.164081195713386,-29.798270506140046],[-52.16414667244735,-29.788919170610995],[-52.15416949749436,-29.78885763822572],[-52.15410366493947,-29.798208968120647],[-52.164081195713386,-29.798270506140046]]]}},{"type":"Feature","properties":{"id_grade":"1KME5185N8031","pop":40,"dom":15,"universo_dom":"domicilios_ocupados_grade_ibge_2022","na_bacia":1,"area_pct_bacia":100.0,"metodo_recorte_bacia":"ponto_representativo_grade_2022; area_pct_geometrica","status_borda_bacia":"total","metodo_area_bacia":"interseção geométrica em EPSG:5880","metodo_na_bacia":"ponto_representativo_grade_2022_within_bacia","pop_n_validos":1,"pop_n_total":1,"pop_completude":1.0,"dom_n_validos":1,"dom_n_total":1,"dom_completude":1.0},"geometry":{"type":"Polygon","coordinates":[[[-52.15410366493947,-29.798208968120647],[-52.15416949749436,-29.78885763822572],[-52.144192327236865,-29.788795772369],[-52.14412613886157,-29.7981470965993],[-52.15410366493947,-29.798208968120647]]]}},{"type":"Feature","properties":{"id_grade":"1KME5186N8031","pop":2,"dom":1,"universo_dom":"domicilios_ocupados_grade_ibge_2022","na_bacia":1,"area_pct_bacia":100.0,"metodo_recorte_bacia":"ponto_representativo_grade_2022; area_pct_geometrica","status_borda_bacia":"total","metodo_area_bacia":"interseção geométrica em EPSG:5880","metodo_na_bacia":"ponto_representativo_grade_2022_within_bacia","pop_n_validos":1,"pop_n_total":1,"pop_completude":1.0,"dom_n_validos":1,"dom_n_total":1,"dom_completude":1.0},"geometry":{"type":"Polygon","coordinates":[[[-52.14412613886157,-29.7981470965993],[-52.144192327236865,-29.788795772369],[-52.134215161700254,-29.78873357304151],[-52.13414861750505,-29.798084891576522],[-52.14412613886157,-29.7981470965993]]]}},{"type":"Feature","properties":{"id_grade":"1KME5187N8031","pop":6,"dom":2,"universo_dom":"domicilios_ocupados_grade_ibge_2022","na_bacia":1,"area_pct_bacia":100.0,"metodo_recorte_bacia":"ponto_representativo_grade_2022; area_pct_geometrica","status_borda_bacia":"total","metodo_area_bacia":"interseção geométrica em EPSG:5880","metodo_na_bacia":"ponto_representativo_grade_2022_within_bacia","pop_n_validos":1,"pop_n_total":1,"pop_completude":1.0,"dom_n_validos":1,"dom_n_total":1,"dom_completude":1.0},"geometry":{"type":"Polygon","coordinates":[[[-52.13414861750505,-29.798084891576522],[-52.134215161700254,-29.78873357304151],[-52.124238000909905,-29.788671040243436],[-52.1241711008953,-29.79802235305263],[-52.13414861750505,-29.798084891576522]]]}},{"type":"Feature","properties":{"id_grade":"1KME5188N8031","pop":16,"dom":5,"universo_dom":"domicilios_ocupados_grade_ibge_2022","na_bacia":1,"area_pct_bacia":100.0,"metodo_recorte_bacia":"ponto_representativo_grade_2022; area_pct_geometrica","status_borda_bacia":"total","metodo_area_bacia":"interseção geométrica em EPSG:5880","metodo_na_bacia":"ponto_representativo_grade_2022_within_bacia","pop_n_validos":1,"pop_n_total":1,"pop_completude":1.0,"dom_n_validos":1,"dom_n_total":1,"dom_completude":1.0},"geometry":{"type":"Polygon","coordinates":[[[-52.1241711008953,-29.79802235305263],[-52.124238000909905,-29.788671040243436],[-52.114260844891184,-29.788608173976108],[-52.1141935890577,-29.797959481028713],[-52.1241711008953,-29.79802235305263]]]}},{"type":"Feature","properties":{"id_grade":"1KME5193N8031","pop":3,"dom":1,"universo_dom":"domicilios_ocupados_grade_ibge_2022","na_bacia":1,"area_pct_bacia":100.0,"metodo_recorte_bacia":"ponto_representativo_grade_2022; area_pct_geometrica","status_borda_bacia":"total","metodo_area_bacia":"interseção geométrica em EPSG:5880","metodo_na_bacia":"ponto_representativo_grade_2022_within_bacia","pop_n_validos":1,"pop_n_total":1,"pop_completude":1.0,"dom_n_validos":1,"dom_n_total":1,"dom_completude":1.0},"geometry":{"type":"Polygon","coordinates":[[[-52.074283589936314,-29.797704657944227],[-52.07435226904019,-29.788353374221277],[-52.0643751372603,-29.788288840614513],[-52.06430610234012,-29.797640118428614],[-52.074283589936314,-29.797704657944227]]]}},{"type":"Feature","properties":{"id_grade":"1KME5178N8032","pop":39,"dom":16,"universo_dom":"domicilios_ocupados_grade_ibge_2022","na_bacia":1,"area_pct_bacia":65.4019,"metodo_recorte_bacia":"ponto_representativo_grade_2022; area_pct_geometrica","status_borda_bacia":"parcial","metodo_area_bacia":"interseção geométrica em EPSG:5880","metodo_na_bacia":"ponto_representativo_grade_2022_within_bacia","pop_n_validos":1,"pop_n_total":1,"pop_completude":1.0,"dom_n_validos":1,"dom_n_total":1,"dom_completude":1.0},"geometry":{"type":"Polygon","coordinates":[[[-52.22400981934984,-29.789281361987527],[-52.22407315663005,-29.779930515802494],[-52.214096309835426,-29.779870989706964],[-52.214032616756725,-29.789221830443967],[-52.22400981934984,-29.789281361987527]]]}},{"type":"Feature","properties":{"id_grade":"1KME5179N8032","pop":37,"dom":18,"universo_dom":"domicilios_ocupados_grade_ibge_2022","na_bacia":1,"area_pct_bacia":98.6637,"metodo_recorte_bacia":"ponto_representativo_grade_2022; area_pct_geometrica","status_borda_bacia":"parcial","metodo_area_bacia":"interseção geométrica em EPSG:5880","metodo_na_bacia":"ponto_representativo_grade_2022_within_bacia","pop_n_validos":1,"pop_n_total":1,"pop_completude":1.0,"dom_n_validos":1,"dom_n_total":1,"dom_completude":1.0},"geometry":{"type":"Polygon","coordinates":[[[-52.214032616756725,-29.789221830443967],[-52.214096309835426,-29.779870989706964],[-52.20411946758357,-29.77981113016684],[-52.20405541870686,-29.789161965425034],[-52.214032616756725,-29.789221830443967]]]}},{"type":"Feature","properties":{"id_grade":"1KME5184N8032","pop":5,"dom":2,"universo_dom":"domicilios_ocupados_grade_ibge_2022","na_bacia":1,"area_pct_bacia":100.0,"metodo_recorte_bacia":"ponto_representativo_grade_2022; area_pct_geometrica","status_borda_bacia":"total","metodo_area_bacia":"interseção geométrica em EPSG:5880","metodo_na_bacia":"ponto_representativo_grade_2022_within_bacia","pop_n_validos":1,"pop_n_total":1,"pop_completude":1.0,"dom_n_validos":1,"dom_n_total":1,"dom_completude":1.0},"geometry":{"type":"Polygon","coordinates":[[[-52.16414667244735,-29.788919170610995],[-52.16421214451118,-29.779568357572543],[-52.15423532535373,-29.779506830818615],[-52.15416949749436,-29.78885763822572],[-52.16414667244735,-29.788919170610995]]]}},{"type":"Feature","properties":{"id_grade":"1KME5186N8032","pop":13,"dom":5,"universo_dom":"domicilios_ocupados_grade_ibge_2022","na_bacia":1,"area_pct_bacia":100.0,"metodo_recorte_bacia":"ponto_representativo_grade_2022; area_pct_geometrica","status_borda_bacia":"total","metodo_area_bacia":"interseção geométrica em EPSG:5880","metodo_na_bacia":"ponto_representativo_grade_2022_within_bacia","pop_n_validos":1,"pop_n_total":1,"pop_completude":1.0,"dom_n_validos":1,"dom_n_total":1,"dom_completude":1.0},"geometry":{"type":"Polygon","coordinates":[[[-52.144192327236865,-29.788795772369],[-52.14425851089128,-29.779444970623455],[-52.1342817011492,-29.779382776987973],[-52.134215161700254,-29.78873357304151],[-52.144192327236865,-29.788795772369]]]}},{"type":"Feature","properties":{"id_grade":"1KME5187N8032","pop":7,"dom":3,"universo_dom":"domicilios_ocupados_grade_ibge_2022","na_bacia":1,"area_pct_bacia":100.0,"metodo_recorte_bacia":"ponto_representativo_grade_2022; area_pct_geometrica","status_borda_bacia":"total","metodo_area_bacia":"interseção geométrica em EPSG:5880","metodo_na_bacia":"ponto_representativo_grade_2022_within_bacia","pop_n_validos":1,"pop_n_total":1,"pop_completude":1.0,"dom_n_validos":1,"dom_n_total":1,"dom_completude":1.0},"geometry":{"type":"Polygon","coordinates":[[[-52.134215161700254,-29.78873357304151],[-52.1342817011492,-29.779382776987973],[-52.12430489615286,-29.779320249912715],[-52.124238000909905,-29.788671040243436],[-52.134215161700254,-29.78873357304151]]]}},{"type":"Feature","properties":{"id_grade":"1KME5177N8033","pop":5,"dom":2,"universo_dom":"domicilios_ocupados_grade_ibge_2022","na_bacia":1,"area_pct_bacia":89.0211,"metodo_recorte_bacia":"ponto_representativo_grade_2022; area_pct_geometrica","status_borda_bacia":"parcial","metodo_area_bacia":"interseção geométrica em EPSG:5880","metodo_na_bacia":"ponto_representativo_grade_2022_within_bacia","pop_n_validos":1,"pop_n_total":1,"pop_completude":1.0,"dom_n_validos":1,"dom_n_total":1,"dom_completude":1.0},"geometry":{"type":"Polygon","coordinates":[[[-52.234050007942045,-29.779989708452746],[-52.234112984931265,-29.770639378968866],[-52.22413648939287,-29.77058019173342],[-52.22407315663005,-29.779930515802494],[-52.234050007942045,-29.779989708452746]]]}},{"type":"Feature","properties":{"id_grade":"1KME5178N8033","pop":24,"dom":11,"universo_dom":"domicilios_ocupados_grade_ibge_2022","na_bacia":1,"area_pct_bacia":100.0,"metodo_recorte_bacia":"ponto_representativo_grade_2022; area_pct_geometrica","status_borda_bacia":"total","metodo_area_bacia":"interseção geométrica em EPSG:5880","metodo_na_bacia":"ponto_representativo_grade_2022_within_bacia","pop_n_validos":1,"pop_n_total":1,"pop_completude":1.0,"dom_n_validos":1,"dom_n_total":1,"dom_completude":1.0},"geometry":{"type":"Polygon","coordinates":[[[-52.22407315663005,-29.779930515802494],[-52.22413648939287,-29.77058019173342],[-52.21415999837137,-29.770520671082846],[-52.214096309835426,-29.779870989706964],[-52.22407315663005,-29.779930515802494]]]}},{"type":"Feature","properties":{"id_grade":"1KME5179N8033","pop":46,"dom":19,"universo_dom":"domicilios_ocupados_grade_ibge_2022","na_bacia":1,"area_pct_bacia":100.0,"metodo_recorte_bacia":"ponto_representativo_grade_2022; area_pct_geometrica","status_borda_bacia":"total","metodo_area_bacia":"interseção geométrica em EPSG:5880","metodo_na_bacia":"ponto_representativo_grade_2022_within_bacia","pop_n_validos":1,"pop_n_total":1,"pop_completude":1.0,"dom_n_validos":1,"dom_n_total":1,"dom_completude":1.0},"geometry":{"type":"Polygon","coordinates":[[[-52.214096309835426,-29.779870989706964],[-52.21415999837137,-29.770520671082846],[-52.20418351189215,-29.77046081701864],[-52.20411946758357,-29.77981113016684],[-52.214096309835426,-29.779870989706964]]]}},{"type":"Feature","properties":{"id_grade":"1KME5180N8033","pop":12,"dom":4,"universo_dom":"domicilios_ocupados_grade_ibge_2022","na_bacia":1,"area_pct_bacia":100.0,"metodo_recorte_bacia":"ponto_representativo_grade_2022; area_pct_geometrica","status_borda_bacia":"total","metodo_area_bacia":"interseção geométrica em EPSG:5880","metodo_na_bacia":"ponto_representativo_grade_2022_within_bacia","pop_n_validos":1,"pop_n_total":1,"pop_completude":1.0,"dom_n_validos":1,"dom_n_total":1,"dom_completude":1.0},"geometry":{"type":"Polygon","coordinates":[[[-52.20411946758357,-29.77981113016684],[-52.20418351189215,-29.77046081701864],[-52.19420702998057,-29.7704006295408],[-52.19414262989984,-29.779750937182772],[-52.20411946758357,-29.77981113016684]]]}},{"type":"Feature","properties":{"id_grade":"1KME5186N8033","pop":3,"dom":1,"universo_dom":"domicilios_ocupados_grade_ibge_2022","na_bacia":1,"area_pct_bacia":100.0,"metodo_recorte_bacia":"ponto_representativo_grade_2022; area_pct_geometrica","status_borda_bacia":"total","metodo_area_bacia":"interseção geométrica em EPSG:5880","metodo_na_bacia":"ponto_representativo_grade_2022_within_bacia","pop_n_validos":1,"pop_n_total":1,"pop_completude":1.0,"dom_n_validos":1,"dom_n_total":1,"dom_completude":1.0},"geometry":{"type":"Polygon","coordinates":[[[-52.14425851089128,-29.779444970623455],[-52.144324689825304,-29.77009469097011],[-52.13434823585239,-29.77003250302353],[-52.1342817011492,-29.779382776987973],[-52.14425851089128,-29.779444970623455]]]}},{"type":"Feature","properties":{"id_grade":"1KME5181N8034","pop":16,"dom":7,"universo_dom":"domicilios_ocupados_grade_ibge_2022","na_bacia":1,"area_pct_bacia":100.0,"metodo_recorte_bacia":"ponto_representativo_grade_2022; area_pct_geometrica","status_borda_bacia":"total","metodo_area_bacia":"interseção geométrica em EPSG:5880","metodo_na_bacia":"ponto_representativo_grade_2022_within_bacia","pop_n_validos":1,"pop_n_total":1,"pop_completude":1.0,"dom_n_validos":1,"dom_n_total":1,"dom_completude":1.0},"geometry":{"type":"Polygon","coordinates":[[[-52.19420702998057,-29.7704006295408],[-52.19427142546828,-29.761050843613866],[-52.184295303896,-29.760990328256884],[-52.18423055266201,-29.770340108650096],[-52.19420702998057,-29.7704006295408]]]}},{"type":"Feature","properties":{"id_grade":"1KME5183N8034","pop":4,"dom":2,"universo_dom":"domicilios_ocupados_grade_ibge_2022","na_bacia":1,"area_pct_bacia":100.0,"metodo_recorte_bacia":"ponto_representativo_grade_2022; area_pct_geometrica","status_borda_bacia":"total","metodo_area_bacia":"interseção geométrica em EPSG:5880","metodo_na_bacia":"ponto_representativo_grade_2022_within_bacia","pop_n_validos":1,"pop_n_total":1,"pop_completude":1.0,"dom_n_validos":1,"dom_n_total":1,"dom_completude":1.0},"geometry":{"type":"Polygon","coordinates":[[[-52.17425407996181,-29.770279254347063],[-52.1743191869416,-29.76092947951825],[-52.16434307463047,-29.76086829739816],[-52.1642776119054,-29.770218066632392],[-52.17425407996181,-29.770279254347063]]]}},{"type":"Feature","properties":{"id_grade":"1KME5184N8034","pop":18,"dom":6,"universo_dom":"domicilios_ocupados_grade_ibge_2022","na_bacia":1,"area_pct_bacia":100.0,"metodo_recorte_bacia":"ponto_representativo_grade_2022; area_pct_geometrica","status_borda_bacia":"total","metodo_area_bacia":"interseção geométrica em EPSG:5880","metodo_na_bacia":"ponto_representativo_grade_2022_within_bacia","pop_n_validos":1,"pop_n_total":1,"pop_completude":1.0,"dom_n_validos":1,"dom_n_total":1,"dom_completude":1.0},"geometry":{"type":"Polygon","coordinates":[[[-52.1642776119054,-29.770218066632392],[-52.16434307463047,-29.76086829739816],[-52.15436696698797,-29.760806781897806],[-52.1543011485181,-29.770156545506474],[-52.1642776119054,-29.770218066632392]]]}},{"type":"Feature","properties":{"id_grade":"1KME5185N8034","pop":5,"dom":2,"universo_dom":"domicilios_ocupados_grade_ibge_2022","na_bacia":1,"area_pct_bacia":100.0,"metodo_recorte_bacia":"ponto_representativo_grade_2022; area_pct_geometrica","status_borda_bacia":"total","metodo_area_bacia":"interseção geométrica em EPSG:5880","metodo_na_bacia":"ponto_representativo_grade_2022_within_bacia","pop_n_validos":1,"pop_n_total":1,"pop_completude":1.0,"dom_n_validos":1,"dom_n_total":1,"dom_completude":1.0},"geometry":{"type":"Polygon","coordinates":[[[-52.1543011485181,-29.770156545506474],[-52.15436696698797,-29.760806781897806],[-52.14439086403947,-29.76074493301701],[-52.144324689825304,-29.77009469097011],[-52.1543011485181,-29.770156545506474]]]}},{"type":"Feature","properties":{"id_grade":"1KME5186N8034","pop":6,"dom":3,"universo_dom":"domicilios_ocupados_grade_ibge_2022","na_bacia":1,"area_pct_bacia":100.0,"metodo_recorte_bacia":"ponto_representativo_grade_2022; area_pct_geometrica","status_borda_bacia":"total","metodo_area_bacia":"interseção geométrica em EPSG:5880","metodo_na_bacia":"ponto_representativo_grade_2022_within_bacia","pop_n_validos":1,"pop_n_total":1,"pop_completude":1.0,"dom_n_validos":1,"dom_n_total":1,"dom_completude":1.0},"geometry":{"type":"Polygon","coordinates":[[[-52.144324689825304,-29.77009469097011],[-52.14439086403947,-29.76074493301701],[-52.134414765810334,-29.76068275075686],[-52.13434823585239,-29.77003250302353],[-52.144324689825304,-29.77009469097011]]]}},{"type":"Feature","properties":{"id_grade":"1KME5187N8034","pop":2,"dom":1,"universo_dom":"domicilios_ocupados_grade_ibge_2022","na_bacia":1,"area_pct_bacia":100.0,"metodo_recorte_bacia":"ponto_representativo_grade_2022; area_pct_geometrica","status_borda_bacia":"total","metodo_area_bacia":"interseção geométrica em EPSG:5880","metodo_na_bacia":"ponto_representativo_grade_2022_within_bacia","pop_n_validos":1,"pop_n_total":1,"pop_completude":1.0,"dom_n_validos":1,"dom_n_total":1,"dom_completude":1.0},"geometry":{"type":"Polygon","coordinates":[[[-52.13434823585239,-29.77003250302353],[-52.134414765810334,-29.76068275075686],[-52.12443867232593,-29.760620235117795],[-52.12437178662471,-29.769969981668122],[-52.13434823585239,-29.77003250302353]]]}},{"type":"Feature","properties":{"id_grade":"1KME5185N8035","pop":1,"dom":1,"universo_dom":"domicilios_ocupados_grade_ibge_2022","na_bacia":1,"area_pct_bacia":100.0,"metodo_recorte_bacia":"ponto_representativo_grade_2022; area_pct_geometrica","status_borda_bacia":"total","metodo_area_bacia":"interseção geométrica em EPSG:5880","metodo_na_bacia":"ponto_representativo_grade_2022_within_bacia","pop_n_validos":1,"pop_n_total":1,"pop_completude":1.0,"dom_n_validos":1,"dom_n_total":1,"dom_completude":1.0},"geometry":{"type":"Polygon","coordinates":[[[-52.15436696698797,-29.760806781897806],[-52.15443278076385,-29.751457539600118],[-52.144457033534266,-29.751395696372295],[-52.14439086403947,-29.76074493301701],[-52.15436696698797,-29.760806781897806]]]}},{"type":"Feature","properties":{"id_grade":"1KME5186N8035","pop":4,"dom":2,"universo_dom":"domicilios_ocupados_grade_ibge_2022","na_bacia":1,"area_pct_bacia":100.0,"metodo_recorte_bacia":"ponto_representativo_grade_2022; area_pct_geometrica","status_borda_bacia":"total","metodo_area_bacia":"interseção geométrica em EPSG:5880","metodo_na_bacia":"ponto_representativo_grade_2022_within_bacia","pop_n_validos":1,"pop_n_total":1,"pop_completude":1.0,"dom_n_validos":1,"dom_n_total":1,"dom_completude":1.0},"geometry":{"type":"Polygon","coordinates":[[[-52.14439086403947,-29.76074493301701],[-52.144457033534266,-29.751395696372295],[-52.13448129102355,-29.75133351979513],[-52.134414765810334,-29.76068275075686],[-52.14439086403947,-29.76074493301701]]]}},{"type":"Feature","properties":{"id_grade":"1KME5187N8035","pop":9,"dom":3,"universo_dom":"domicilios_ocupados_grade_ibge_2022","na_bacia":1,"area_pct_bacia":100.0,"metodo_recorte_bacia":"ponto_representativo_grade_2022; area_pct_geometrica","status_borda_bacia":"total","metodo_area_bacia":"interseção geométrica em EPSG:5880","metodo_na_bacia":"ponto_representativo_grade_2022_within_bacia","pop_n_validos":1,"pop_n_total":1,"pop_completude":1.0,"dom_n_validos":1,"dom_n_total":1,"dom_completude":1.0},"geometry":{"type":"Polygon","coordinates":[[[-52.134414765810334,-29.76068275075686],[-52.13448129102355,-29.75133351979513],[-52.12450555325706,-29.751271009869956],[-52.12443867232593,-29.760620235117795],[-52.134414765810334,-29.76068275075686]]]}},{"type":"Feature","properties":{"id_grade":"1KME5193N8036","pop":2,"dom":1,"universo_dom":"domicilios_ocupados_grade_ibge_2022","na_bacia":1,"area_pct_bacia":100.0,"metodo_recorte_bacia":"ponto_representativo_grade_2022; area_pct_geometrica","status_borda_bacia":"total","metodo_area_bacia":"interseção geométrica em EPSG:5880","metodo_na_bacia":"ponto_representativo_grade_2022_within_bacia","pop_n_validos":1,"pop_n_total":1,"pop_completude":1.0,"dom_n_validos":1,"dom_n_total":1,"dom_completude":1.0},"geometry":{"type":"Polygon","coordinates":[[[-52.07462693647582,-29.750953460038566],[-52.07469559109236,-29.741604784710855],[-52.06472023801336,-29.741540280601207],[-52.06465122770737,-29.750888950036206],[-52.07462693647582,-29.750953460038566]]]}},{"type":"Feature","properties":{"id_grade":"1KME5193N8037","pop":3,"dom":1,"universo_dom":"domicilios_ocupados_grade_ibge_2022","na_bacia":1,"area_pct_bacia":100.0,"metodo_recorte_bacia":"ponto_representativo_grade_2022; area_pct_geometrica","status_borda_bacia":"total","metodo_area_bacia":"interseção geométrica em EPSG:5880","metodo_na_bacia":"ponto_representativo_grade_2022_within_bacia","pop_n_validos":1,"pop_n_total":1,"pop_completude":1.0,"dom_n_validos":1,"dom_n_total":1,"dom_completude":1.0},"geometry":{"type":"Polygon","coordinates":[[[-52.07469559109236,-29.741604784710855],[-52.07476424081301,-29.732256629886326],[-52.06478924339809,-29.732192131666917],[-52.06472023801336,-29.741540280601207],[-52.07469559109236,-29.741604784710855]]]}},{"type":"Feature","properties":{"id_grade":"1KME5197N8037","pop":1,"dom":1,"universo_dom":"domicilios_ocupados_grade_ibge_2022","na_bacia":1,"area_pct_bacia":100.0,"metodo_recorte_bacia":"ponto_representativo_grade_2022; area_pct_geometrica","status_borda_bacia":"total","metodo_area_bacia":"interseção geométrica em EPSG:5880","metodo_na_bacia":"ponto_representativo_grade_2022_within_bacia","pop_n_validos":1,"pop_n_total":1,"pop_completude":1.0,"dom_n_validos":1,"dom_n_total":1,"dom_completude":1.0},"geometry":{"type":"Polygon","coordinates":[[[-52.03479420840535,-29.74134476839358],[-52.034864280779146,-29.731996637311983],[-52.024889303199316,-29.731930805963522],[-52.024818875163554,-29.741278931033637],[-52.03479420840535,-29.74134476839358]]]}},{"type":"Feature","properties":{"id_grade":"1KME5198N8037","pop":1,"dom":1,"universo_dom":"domicilios_ocupados_grade_ibge_2022","na_bacia":1,"area_pct_bacia":100.0,"metodo_recorte_bacia":"ponto_representativo_grade_2022; area_pct_geometrica","status_borda_bacia":"total","metodo_area_bacia":"interseção geométrica em EPSG:5880","metodo_na_bacia":"ponto_representativo_grade_2022_within_bacia","pop_n_validos":1,"pop_n_total":1,"pop_completude":1.0,"dom_n_validos":1,"dom_n_total":1,"dom_completude":1.0},"geometry":{"type":"Polygon","coordinates":[[[-52.024818875163554,-29.741278931033637],[-52.024889303199316,-29.731930805963522],[-52.014914330641645,-29.731864641334507],[-52.01484354694447,-29.741212760362323],[-52.024818875163554,-29.741278931033637]]]}},{"type":"Feature","properties":{"id_grade":"1KME5194N8038","pop":1,"dom":1,"universo_dom":"domicilios_ocupados_grade_ibge_2022","na_bacia":1,"area_pct_bacia":100.0,"metodo_recorte_bacia":"ponto_representativo_grade_2022; area_pct_geometrica","status_borda_bacia":"total","metodo_area_bacia":"interseção geométrica em EPSG:5880","metodo_na_bacia":"ponto_representativo_grade_2022_within_bacia","pop_n_validos":1,"pop_n_total":1,"pop_completude":1.0,"dom_n_validos":1,"dom_n_total":1,"dom_completude":1.0},"geometry":{"type":"Polygon","coordinates":[[[-52.06478924339809,-29.732192131666917],[-52.06485824386208,-29.72284450284197],[-52.05488360700608,-29.722779677256643],[-52.054814250903895,-29.732127300164272],[-52.06478924339809,-29.732192131666917]]]}},{"type":"Feature","properties":{"id_grade":"1KME5197N8038","pop":4,"dom":1,"universo_dom":"domicilios_ocupados_grade_ibge_2022","na_bacia":1,"area_pct_bacia":100.0,"metodo_recorte_bacia":"ponto_representativo_grade_2022; area_pct_geometrica","status_borda_bacia":"total","metodo_area_bacia":"interseção geométrica em EPSG:5880","metodo_na_bacia":"ponto_representativo_grade_2022_within_bacia","pop_n_validos":1,"pop_n_total":1,"pop_completude":1.0,"dom_n_validos":1,"dom_n_total":1,"dom_completude":1.0},"geometry":{"type":"Polygon","coordinates":[[[-52.034864280779146,-29.731996637311983],[-52.034934348156135,-29.722649026330405],[-52.0249597262129,-29.722583200990577],[-52.024889303199316,-29.731930805963522],[-52.034864280779146,-29.731996637311983]]]}},{"type":"Feature","properties":{"id_grade":"200ME51800N80324","pop":5,"dom":2,"universo_dom":"domicilios_ocupados_grade_ibge_2022","na_bacia":1,"area_pct_bacia":100.0,"metodo_recorte_bacia":"ponto_representativo_grade_2022; area_pct_geometrica","status_borda_bacia":"total","metodo_area_bacia":"interseção geométrica em EPSG:5880","metodo_na_bacia":"ponto_representativo_grade_2022_within_bacia","pop_n_validos":1,"pop_n_total":1,"pop_completude":1.0,"dom_n_validos":1,"dom_n_total":1,"dom_completude":1.0},"geometry":{"type":"Polygon","coordinates":[[[-52.20406822886565,-29.78729175630945],[-52.20408103880885,-29.785421568450584],[-52.20208562844897,-29.78540955620598],[-52.2020728041166,-29.787279744064936],[-52.20406822886565,-29.78729175630945]]]}},{"type":"Feature","properties":{"id_grade":"200ME51800N80326","pop":7,"dom":3,"universo_dom":"domicilios_ocupados_grade_ibge_2022","na_bacia":1,"area_pct_bacia":100.0,"metodo_recorte_bacia":"ponto_representativo_grade_2022; area_pct_geometrica","status_borda_bacia":"total","metodo_area_bacia":"interseção geométrica em EPSG:5880","metodo_na_bacia":"ponto_representativo_grade_2022_within_bacia","pop_n_validos":1,"pop_n_total":1,"pop_completude":1.0,"dom_n_validos":1,"dom_n_total":1,"dom_completude":1.0},"geometry":{"type":"Polygon","coordinates":[[[-52.20408103880885,-29.785421568450584],[-52.20409384875205,-29.783551401276107],[-52.20209845188202,-29.78353938903148],[-52.20208562844897,-29.78540955620598],[-52.20408103880885,-29.785421568450584]]]}},{"type":"Feature","properties":{"id_grade":"200ME51802N80326","pop":2,"dom":2,"universo_dom":"domicilios_ocupados_grade_ibge_2022","na_bacia":1,"area_pct_bacia":100.0,"metodo_recorte_bacia":"ponto_representativo_grade_2022; area_pct_geometrica","status_borda_bacia":"total","metodo_area_bacia":"interseção geométrica em EPSG:5880","metodo_na_bacia":"ponto_representativo_grade_2022_within_bacia","pop_n_validos":1,"pop_n_total":1,"pop_completude":1.0,"dom_n_validos":1,"dom_n_total":1,"dom_completude":1.0},"geometry":{"type":"Polygon","coordinates":[[[-52.20208562844897,-29.78540955620598],[-52.20209845188202,-29.78353938903148],[-52.20010305591125,-29.783527363297065],[-52.20009021808904,-29.785397530471645],[-52.20208562844897,-29.78540955620598]]]}},{"type":"Feature","properties":{"id_grade":"200ME51804N80326","pop":5,"dom":2,"universo_dom":"domicilios_ocupados_grade_ibge_2022","na_bacia":1,"area_pct_bacia":100.0,"metodo_recorte_bacia":"ponto_representativo_grade_2022; area_pct_geometrica","status_borda_bacia":"total","metodo_area_bacia":"interseção geométrica em EPSG:5880","metodo_na_bacia":"ponto_representativo_grade_2022_within_bacia","pop_n_validos":1,"pop_n_total":1,"pop_completude":1.0,"dom_n_validos":1,"dom_n_total":1,"dom_completude":1.0},"geometry":{"type":"Polygon","coordinates":[[[-52.20009021808904,-29.785397530471645],[-52.20010305591125,-29.783527363297065],[-52.19810765994049,-29.783515324072923],[-52.198094807729156,-29.785385491247357],[-52.20009021808904,-29.785397530471645]]]}},{"type":"Feature","properties":{"id_grade":"200ME51800N80328","pop":12,"dom":5,"universo_dom":"domicilios_ocupados_grade_ibge_2022","na_bacia":1,"area_pct_bacia":100.0,"metodo_recorte_bacia":"ponto_representativo_grade_2022; area_pct_geometrica","status_borda_bacia":"total","metodo_area_bacia":"interseção geométrica em EPSG:5880","metodo_na_bacia":"ponto_representativo_grade_2022_within_bacia","pop_n_validos":1,"pop_n_total":1,"pop_completude":1.0,"dom_n_validos":1,"dom_n_total":1,"dom_completude":1.0},"geometry":{"type":"Polygon","coordinates":[[[-52.20409384875205,-29.783551401276107],[-52.20410665779598,-29.781681255685385],[-52.2021112762144,-29.781669243440763],[-52.20209845188202,-29.78353938903148],[-52.20409384875205,-29.783551401276107]]]}},{"type":"Feature","properties":{"id_grade":"200ME51802N80328","pop":4,"dom":2,"universo_dom":"domicilios_ocupados_grade_ibge_2022","na_bacia":1,"area_pct_bacia":100.0,"metodo_recorte_bacia":"ponto_representativo_grade_2022; area_pct_geometrica","status_borda_bacia":"total","metodo_area_bacia":"interseção geométrica em EPSG:5880","metodo_na_bacia":"ponto_representativo_grade_2022_within_bacia","pop_n_validos":1,"pop_n_total":1,"pop_completude":1.0,"dom_n_validos":1,"dom_n_total":1,"dom_completude":1.0},"geometry":{"type":"Polygon","coordinates":[[[-52.20209845188202,-29.78353938903148],[-52.2021112762144,-29.781669243440763],[-52.20011589373349,-29.78165721770634],[-52.20010305591125,-29.783527363297065],[-52.20209845188202,-29.78353938903148]]]}},{"type":"Feature","properties":{"id_grade":"200ME51804N80328","pop":2,"dom":1,"universo_dom":"domicilios_ocupados_grade_ibge_2022","na_bacia":1,"area_pct_bacia":100.0,"metodo_recorte_bacia":"ponto_representativo_grade_2022; area_pct_geometrica","status_borda_bacia":"total","metodo_area_bacia":"interseção geométrica em EPSG:5880","metodo_na_bacia":"ponto_representativo_grade_2022_within_bacia","pop_n_validos":1,"pop_n_total":1,"pop_completude":1.0,"dom_n_validos":1,"dom_n_total":1,"dom_completude":1.0},"geometry":{"type":"Polygon","coordinates":[[[-52.20010305591125,-29.783527363297065],[-52.20011589373349,-29.78165721770634],[-52.19812051215189,-29.78164517938151],[-52.19810765994049,-29.783515324072923],[-52.20010305591125,-29.783527363297065]]]}},{"type":"Feature","properties":{"id_grade":"200ME51808N80328","pop":4,"dom":1,"universo_dom":"domicilios_ocupados_grade_ibge_2022","na_bacia":1,"area_pct_bacia":100.0,"metodo_recorte_bacia":"ponto_representativo_grade_2022; area_pct_geometrica","status_borda_bacia":"total","metodo_area_bacia":"interseção geométrica em EPSG:5880","metodo_na_bacia":"ponto_representativo_grade_2022_within_bacia","pop_n_validos":1,"pop_n_total":1,"pop_completude":1.0,"dom_n_validos":1,"dom_n_total":1,"dom_completude":1.0},"geometry":{"type":"Polygon","coordinates":[[[-52.19611226396978,-29.78350327225811],[-52.196125130570294,-29.781633126667394],[-52.1941297489887,-29.781621061362852],[-52.19411686889834,-29.783491206054293],[-52.19611226396978,-29.78350327225811]]]}},{"type":"Feature","properties":{"id_grade":"200ME51806N80330","pop":3,"dom":2,"universo_dom":"domicilios_ocupados_grade_ibge_2022","na_bacia":1,"area_pct_bacia":100.0,"metodo_recorte_bacia":"ponto_representativo_grade_2022; area_pct_geometrica","status_borda_bacia":"total","metodo_area_bacia":"interseção geométrica em EPSG:5880","metodo_na_bacia":"ponto_representativo_grade_2022_within_bacia","pop_n_validos":1,"pop_n_total":1,"pop_completude":1.0,"dom_n_validos":1,"dom_n_total":1,"dom_completude":1.0},"geometry":{"type":"Polygon","coordinates":[[[-52.19812051215189,-29.78164517938151],[-52.19813336436323,-29.77977505447507],[-52.19613799717081,-29.779763002660417],[-52.196125130570294,-29.781633126667394],[-52.19812051215189,-29.78164517938151]]]}},{"type":"Feature","properties":{"id_grade":"200ME51808N80330","pop":2,"dom":1,"universo_dom":"domicilios_ocupados_grade_ibge_2022","na_bacia":1,"area_pct_bacia":100.0,"metodo_recorte_bacia":"ponto_representativo_grade_2022; area_pct_geometrica","status_borda_bacia":"total","metodo_area_bacia":"interseção geométrica em EPSG:5880","metodo_na_bacia":"ponto_representativo_grade_2022_within_bacia","pop_n_validos":1,"pop_n_total":1,"pop_completude":1.0,"dom_n_validos":1,"dom_n_total":1,"dom_completude":1.0},"geometry":{"type":"Polygon","coordinates":[[[-52.196125130570294,-29.781633126667394],[-52.19613799717081,-29.779763002660417],[-52.19414262997833,-29.779750937355825],[-52.1941297489887,-29.781621061362852],[-52.196125130570294,-29.781633126667394]]]}},{"type":"Feature","properties":{"id_grade":"200ME51810N80314","pop":1,"dom":1,"universo_dom":"domicilios_ocupados_grade_ibge_2022","na_bacia":1,"area_pct_bacia":100.0,"metodo_recorte_bacia":"ponto_representativo_grade_2022; area_pct_geometrica","status_borda_bacia":"total","metodo_area_bacia":"interseção geométrica em EPSG:5880","metodo_na_bacia":"ponto_representativo_grade_2022_within_bacia","pop_n_validos":1,"pop_n_total":1,"pop_completude":1.0,"dom_n_validos":1,"dom_n_total":1,"dom_completude":1.0},"geometry":{"type":"Polygon","coordinates":[[[-52.194026698373364,-29.79658280705091],[-52.19403958026237,-29.794712515769998],[-52.19204409975537,-29.794700435176875],[-52.1920312034772,-29.796570726457762],[-52.194026698373364,-29.79658280705091]]]}},{"type":"Feature","properties":{"id_grade":"200ME51810N80318","pop":3,"dom":1,"universo_dom":"domicilios_ocupados_grade_ibge_2022","na_bacia":1,"area_pct_bacia":100.0,"metodo_recorte_bacia":"ponto_representativo_grade_2022; area_pct_geometrica","status_borda_bacia":"total","metodo_area_bacia":"interseção geométrica em EPSG:5880","metodo_na_bacia":"ponto_representativo_grade_2022_within_bacia","pop_n_validos":1,"pop_n_total":1,"pop_completude":1.0,"dom_n_validos":1,"dom_n_total":1,"dom_completude":1.0},"geometry":{"type":"Polygon","coordinates":[[[-52.194052462151376,-29.792842245173407],[-52.19406534404038,-29.790971995261277],[-52.1920698914123,-29.790959915567612],[-52.19205699513417,-29.792830164580394],[-52.194052462151376,-29.792842245173407]]]}},{"type":"Feature","properties":{"id_grade":"200ME51816N80318","pop":2,"dom":1,"universo_dom":"domicilios_ocupados_grade_ibge_2022","na_bacia":1,"area_pct_bacia":100.0,"metodo_recorte_bacia":"ponto_representativo_grade_2022; area_pct_geometrica","status_borda_bacia":"total","metodo_area_bacia":"interseção geométrica em EPSG:5880","metodo_na_bacia":"ponto_representativo_grade_2022_within_bacia","pop_n_validos":1,"pop_n_total":1,"pop_completude":1.0,"dom_n_validos":1,"dom_n_total":1,"dom_completude":1.0},"geometry":{"type":"Polygon","coordinates":[[[-52.188066062898436,-29.792805964723424],[-52.188078987055576,-29.790935715710656],[-52.18608353532687,-29.79092359554741],[-52.18607059678055,-29.7927938445602],[-52.188066062898436,-29.792805964723424]]]}},{"type":"Feature","properties":{"id_grade":"200ME51810N80320","pop":3,"dom":1,"universo_dom":"domicilios_ocupados_grade_ibge_2022","na_bacia":1,"area_pct_bacia":100.0,"metodo_recorte_bacia":"ponto_representativo_grade_2022; area_pct_geometrica","status_borda_bacia":"total","metodo_area_bacia":"interseção geométrica em EPSG:5880","metodo_na_bacia":"ponto_representativo_grade_2022_within_bacia","pop_n_validos":1,"pop_n_total":1,"pop_completude":1.0,"dom_n_validos":1,"dom_n_total":1,"dom_completude":1.0},"geometry":{"type":"Polygon","coordinates":[[[-52.19406534404038,-29.790971995261277],[-52.19407822503001,-29.789101766932927],[-52.19208278679116,-29.78908968723925],[-52.1920698914123,-29.790959915567612],[-52.19406534404038,-29.790971995261277]]]}},{"type":"Feature","properties":{"id_grade":"200ME51818N80320","pop":10,"dom":2,"universo_dom":"domicilios_ocupados_grade_ibge_2022","na_bacia":1,"area_pct_bacia":100.0,"metodo_recorte_bacia":"ponto_representativo_grade_2022; area_pct_geometrica","status_borda_bacia":"total","metodo_area_bacia":"interseção geométrica em EPSG:5880","metodo_na_bacia":"ponto_representativo_grade_2022_within_bacia","pop_n_validos":1,"pop_n_total":1,"pop_completude":1.0,"dom_n_validos":1,"dom_n_total":1,"dom_completude":1.0},"geometry":{"type":"Polygon","coordinates":[[[-52.18608353532687,-29.79092359554741],[-52.18609647387314,-29.789053368118378],[-52.18410103653355,-29.789041235364667],[-52.18408808359812,-29.790911462793712],[-52.18608353532687,-29.79092359554741]]]}},{"type":"Feature","properties":{"id_grade":"200ME51812N80322","pop":3,"dom":1,"universo_dom":"domicilios_ocupados_grade_ibge_2022","na_bacia":1,"area_pct_bacia":100.0,"metodo_recorte_bacia":"ponto_representativo_grade_2022; area_pct_geometrica","status_borda_bacia":"total","metodo_area_bacia":"interseção geométrica em EPSG:5880","metodo_na_bacia":"ponto_representativo_grade_2022_within_bacia","pop_n_validos":1,"pop_n_total":1,"pop_completude":1.0,"dom_n_validos":1,"dom_n_total":1,"dom_completude":1.0},"geometry":{"type":"Polygon","coordinates":[[[-52.19208278679116,-29.78908968723925],[-52.19209568216997,-29.787219479595255],[-52.19010025921955,-29.78720738731104],[-52.19008734945157,-29.789077594055676],[-52.19208278679116,-29.78908968723925]]]}},{"type":"Feature","properties":{"id_grade":"200ME51814N80322","pop":7,"dom":2,"universo_dom":"domicilios_ocupados_grade_ibge_2022","na_bacia":1,"area_pct_bacia":100.0,"metodo_recorte_bacia":"ponto_representativo_grade_2022; area_pct_geometrica","status_borda_bacia":"total","metodo_area_bacia":"interseção geométrica em EPSG:5880","metodo_na_bacia":"ponto_representativo_grade_2022_within_bacia","pop_n_validos":1,"pop_n_total":1,"pop_completude":1.0,"dom_n_validos":1,"dom_n_total":1,"dom_completude":1.0},"geometry":{"type":"Polygon","coordinates":[[[-52.19008734945157,-29.789077594055676],[-52.19010025921955,-29.78720738731104],[-52.18810483536981,-29.78719528063763],[-52.18809191121267,-29.78906548738228],[-52.19008734945157,-29.789077594055676]]]}},{"type":"Feature","properties":{"id_grade":"200ME51816N80322","pop":11,"dom":5,"universo_dom":"domicilios_ocupados_grade_ibge_2022","na_bacia":1,"area_pct_bacia":100.0,"metodo_recorte_bacia":"ponto_representativo_grade_2022; area_pct_geometrica","status_borda_bacia":"total","metodo_area_bacia":"interseção geométrica em EPSG:5880","metodo_na_bacia":"ponto_representativo_grade_2022_within_bacia","pop_n_validos":1,"pop_n_total":1,"pop_completude":1.0,"dom_n_validos":1,"dom_n_total":1,"dom_completude":1.0},"geometry":{"type":"Polygon","coordinates":[[[-52.18809191121267,-29.78906548738228],[-52.18810483536981,-29.78719528063763],[-52.1861094124194,-29.787183161373772],[-52.18609647387314,-29.789053368118378],[-52.18809191121267,-29.78906548738228]]]}},{"type":"Feature","properties":{"id_grade":"200ME51818N80322","pop":6,"dom":4,"universo_dom":"domicilios_ocupados_grade_ibge_2022","na_bacia":1,"area_pct_bacia":100.0,"metodo_recorte_bacia":"ponto_representativo_grade_2022; area_pct_geometrica","status_borda_bacia":"total","metodo_area_bacia":"interseção geométrica em EPSG:5880","metodo_na_bacia":"ponto_representativo_grade_2022_within_bacia","pop_n_validos":1,"pop_n_total":1,"pop_completude":1.0,"dom_n_validos":1,"dom_n_total":1,"dom_completude":1.0},"geometry":{"type":"Polygon","coordinates":[[[-52.18609647387314,-29.789053368118378],[-52.1861094124194,-29.787183161373772],[-52.18411398856966,-29.78717102862002],[-52.18410103653355,-29.789041235364667],[-52.18609647387314,-29.789053368118378]]]}},{"type":"Feature","properties":{"id_grade":"200ME51818N80324","pop":13,"dom":6,"universo_dom":"domicilios_ocupados_grade_ibge_2022","na_bacia":1,"area_pct_bacia":100.0,"metodo_recorte_bacia":"ponto_representativo_grade_2022; area_pct_geometrica","status_borda_bacia":"total","metodo_area_bacia":"interseção geométrica em EPSG:5880","metodo_na_bacia":"ponto_representativo_grade_2022_within_bacia","pop_n_validos":1,"pop_n_total":1,"pop_completude":1.0,"dom_n_validos":1,"dom_n_total":1,"dom_completude":1.0},"geometry":{"type":"Polygon","coordinates":[[[-52.1861094124194,-29.787183161373772],[-52.186122350066334,-29.785312975313502],[-52.1841269415051,-29.785300842559742],[-52.18411398856966,-29.78717102862002],[-52.1861094124194,-29.787183161373772]]]}},{"type":"Feature","properties":{"id_grade":"200ME51810N80326","pop":1,"dom":1,"universo_dom":"domicilios_ocupados_grade_ibge_2022","na_bacia":1,"area_pct_bacia":100.0,"metodo_recorte_bacia":"ponto_representativo_grade_2022; area_pct_geometrica","status_borda_bacia":"total","metodo_area_bacia":"interseção geométrica em EPSG:5880","metodo_na_bacia":"ponto_representativo_grade_2022_within_bacia","pop_n_validos":1,"pop_n_total":1,"pop_completude":1.0,"dom_n_validos":1,"dom_n_total":1,"dom_completude":1.0},"geometry":{"type":"Polygon","coordinates":[[[-52.19410398790865,-29.785361372329408],[-52.19411686889834,-29.783491206054293],[-52.192121472927575,-29.783479127259852],[-52.192108577548765,-29.785349292635786],[-52.19410398790865,-29.785361372329408]]]}},{"type":"Feature","properties":{"id_grade":"200ME51814N80326","pop":13,"dom":5,"universo_dom":"domicilios_ocupados_grade_ibge_2022","na_bacia":1,"area_pct_bacia":100.0,"metodo_recorte_bacia":"ponto_representativo_grade_2022; area_pct_geometrica","status_borda_bacia":"total","metodo_area_bacia":"interseção geométrica em EPSG:5880","metodo_na_bacia":"ponto_representativo_grade_2022_within_bacia","pop_n_validos":1,"pop_n_total":1,"pop_completude":1.0,"dom_n_validos":1,"dom_n_total":1,"dom_completude":1.0},"geometry":{"type":"Polygon","coordinates":[[[-52.1901131680882,-29.785337200351485],[-52.19012607785617,-29.78346703497566],[-52.18813068278474,-29.78345492920165],[-52.18811775952697,-29.78532509457741],[-52.1901131680882,-29.785337200351485]]]}},{"type":"Feature","properties":{"id_grade":"200ME51816N80326","pop":17,"dom":8,"universo_dom":"domicilios_ocupados_grade_ibge_2022","na_bacia":1,"area_pct_bacia":100.0,"metodo_recorte_bacia":"ponto_representativo_grade_2022; area_pct_geometrica","status_borda_bacia":"total","metodo_area_bacia":"interseção geométrica em EPSG:5880","metodo_na_bacia":"ponto_representativo_grade_2022_within_bacia","pop_n_validos":1,"pop_n_total":1,"pop_completude":1.0,"dom_n_validos":1,"dom_n_total":1,"dom_completude":1.0},"geometry":{"type":"Polygon","coordinates":[[[-52.18811775952697,-29.78532509457741],[-52.18813068278474,-29.78345492920165],[-52.18613528771334,-29.783442809937704],[-52.186122350066334,-29.785312975313502],[-52.18811775952697,-29.78532509457741]]]}},{"type":"Feature","properties":{"id_grade":"200ME51818N80326","pop":39,"dom":19,"universo_dom":"domicilios_ocupados_grade_ibge_2022","na_bacia":1,"area_pct_bacia":100.0,"metodo_recorte_bacia":"ponto_representativo_grade_2022; area_pct_geometrica","status_borda_bacia":"total","metodo_area_bacia":"interseção geométrica em EPSG:5880","metodo_na_bacia":"ponto_representativo_grade_2022_within_bacia","pop_n_validos":1,"pop_n_total":1,"pop_completude":1.0,"dom_n_validos":1,"dom_n_total":1,"dom_completude":1.0},"geometry":{"type":"Polygon","coordinates":[[[-52.186122350066334,-29.785312975313502],[-52.18613528771334,-29.783442809937704],[-52.184139893541214,-29.78343067808323],[-52.1841269415051,-29.785300842559742],[-52.186122350066334,-29.785312975313502]]]}},{"type":"Feature","properties":{"id_grade":"200ME51810N80328","pop":25,"dom":10,"universo_dom":"domicilios_ocupados_grade_ibge_2022","na_bacia":1,"area_pct_bacia":100.0,"metodo_recorte_bacia":"ponto_representativo_grade_2022; area_pct_geometrica","status_borda_bacia":"total","metodo_area_bacia":"interseção geométrica em EPSG:5880","metodo_na_bacia":"ponto_representativo_grade_2022_within_bacia","pop_n_validos":1,"pop_n_total":1,"pop_completude":1.0,"dom_n_validos":1,"dom_n_total":1,"dom_completude":1.0},"geometry":{"type":"Polygon","coordinates":[[[-52.19411686889834,-29.783491206054293],[-52.1941297489887,-29.781621061362852],[-52.19213436830643,-29.781608982568454],[-52.192121472927575,-29.783479127259852],[-52.19411686889834,-29.783491206054293]]]}},{"type":"Feature","properties":{"id_grade":"200ME51812N80328","pop":7,"dom":2,"universo_dom":"domicilios_ocupados_grade_ibge_2022","na_bacia":1,"area_pct_bacia":100.0,"metodo_recorte_bacia":"ponto_representativo_grade_2022; area_pct_geometrica","status_borda_bacia":"total","metodo_area_bacia":"interseção geométrica em EPSG:5880","metodo_na_bacia":"ponto_representativo_grade_2022_within_bacia","pop_n_validos":1,"pop_n_total":1,"pop_completude":1.0,"dom_n_validos":1,"dom_n_total":1,"dom_completude":1.0},"geometry":{"type":"Polygon","coordinates":[[[-52.192121472927575,-29.783479127259852],[-52.19213436830643,-29.781608982568454],[-52.190138986724826,-29.78159689028418],[-52.19012607785617,-29.78346703497566],[-52.192121472927575,-29.783479127259852]]]}},{"type":"Feature","properties":{"id_grade":"200ME51814N80328","pop":18,"dom":5,"universo_dom":"domicilios_ocupados_grade_ibge_2022","na_bacia":1,"area_pct_bacia":100.0,"metodo_recorte_bacia":"ponto_representativo_grade_2022; area_pct_geometrica","status_borda_bacia":"total","metodo_area_bacia":"interseção geométrica em EPSG:5880","metodo_na_bacia":"ponto_representativo_grade_2022_within_bacia","pop_n_validos":1,"pop_n_total":1,"pop_completude":1.0,"dom_n_validos":1,"dom_n_total":1,"dom_completude":1.0},"geometry":{"type":"Polygon","coordinates":[[[-52.19012607785617,-29.78346703497566],[-52.190138986724826,-29.78159689028418],[-52.18814360604256,-29.78158478451017],[-52.18813068278474,-29.78345492920165],[-52.19012607785617,-29.78346703497566]]]}},{"type":"Feature","properties":{"id_grade":"200ME51816N80328","pop":64,"dom":26,"universo_dom":"domicilios_ocupados_grade_ibge_2022","na_bacia":1,"area_pct_bacia":100.0,"metodo_recorte_bacia":"ponto_representativo_grade_2022; area_pct_geometrica","status_borda_bacia":"total","metodo_area_bacia":"interseção geométrica em EPSG:5880","metodo_na_bacia":"ponto_representativo_grade_2022_within_bacia","pop_n_validos":1,"pop_n_total":1,"pop_completude":1.0,"dom_n_validos":1,"dom_n_total":1,"dom_completude":1.0},"geometry":{"type":"Polygon","coordinates":[[[-52.18813068278474,-29.78345492920165],[-52.18814360604256,-29.78158478451017],[-52.186148225360284,-29.781572666145486],[-52.18613528771334,-29.783442809937704],[-52.18813068278474,-29.78345492920165]]]}},{"type":"Feature","properties":{"id_grade":"200ME51818N80328","pop":55,"dom":25,"universo_dom":"domicilios_ocupados_grade_ibge_2022","na_bacia":1,"area_pct_bacia":100.0,"metodo_recorte_bacia":"ponto_representativo_grade_2022; area_pct_geometrica","status_borda_bacia":"total","metodo_area_bacia":"interseção geométrica em EPSG:5880","metodo_na_bacia":"ponto_representativo_grade_2022_within_bacia","pop_n_validos":1,"pop_n_total":1,"pop_completude":1.0,"dom_n_validos":1,"dom_n_total":1,"dom_completude":1.0},"geometry":{"type":"Polygon","coordinates":[[[-52.18613528771334,-29.783442809937704],[-52.186148225360284,-29.781572666145486],[-52.18415284467801,-29.78156053339193],[-52.184139893541214,-29.78343067808323],[-52.18613528771334,-29.783442809937704]]]}},{"type":"Feature","properties":{"id_grade":"200ME51810N80330","pop":2,"dom":1,"universo_dom":"domicilios_ocupados_grade_ibge_2022","na_bacia":1,"area_pct_bacia":100.0,"metodo_recorte_bacia":"ponto_representativo_grade_2022; area_pct_geometrica","status_borda_bacia":"total","metodo_area_bacia":"interseção geométrica em EPSG:5880","metodo_na_bacia":"ponto_representativo_grade_2022_within_bacia","pop_n_validos":1,"pop_n_total":1,"pop_completude":1.0,"dom_n_validos":1,"dom_n_total":1,"dom_completude":1.0},"geometry":{"type":"Polygon","coordinates":[[[-52.1941297489887,-29.781621061362852],[-52.19414262997833,-29.779750937355825],[-52.19214726278591,-29.779738858561416],[-52.19213436830643,-29.781608982568454],[-52.1941297489887,-29.781621061362852]]]}},{"type":"Feature","properties":{"id_grade":"200ME51812N80330","pop":28,"dom":13,"universo_dom":"domicilios_ocupados_grade_ibge_2022","na_bacia":1,"area_pct_bacia":100.0,"metodo_recorte_bacia":"ponto_representativo_grade_2022; area_pct_geometrica","status_borda_bacia":"total","metodo_area_bacia":"interseção geométrica em EPSG:5880","metodo_na_bacia":"ponto_representativo_grade_2022_within_bacia","pop_n_validos":1,"pop_n_total":1,"pop_completude":1.0,"dom_n_validos":1,"dom_n_total":1,"dom_completude":1.0},"geometry":{"type":"Polygon","coordinates":[[[-52.19213436830643,-29.781608982568454],[-52.19214726278591,-29.779738858561416],[-52.190151896492814,-29.779726766277193],[-52.190138986724826,-29.78159689028418],[-52.19213436830643,-29.781608982568454]]]}},{"type":"Feature","properties":{"id_grade":"200ME51814N80330","pop":11,"dom":4,"universo_dom":"domicilios_ocupados_grade_ibge_2022","na_bacia":1,"area_pct_bacia":100.0,"metodo_recorte_bacia":"ponto_representativo_grade_2022; area_pct_geometrica","status_borda_bacia":"total","metodo_area_bacia":"interseção geométrica em EPSG:5880","metodo_na_bacia":"ponto_representativo_grade_2022_within_bacia","pop_n_validos":1,"pop_n_total":1,"pop_completude":1.0,"dom_n_validos":1,"dom_n_total":1,"dom_completude":1.0},"geometry":{"type":"Polygon","coordinates":[[[-52.190138986724826,-29.78159689028418],[-52.190151896492814,-29.779726766277193],[-52.18815652930033,-29.779714661402465],[-52.18814360604256,-29.78158478451017],[-52.190138986724826,-29.78159689028418]]]}},{"type":"Feature","properties":{"id_grade":"200ME51816N80330","pop":36,"dom":13,"universo_dom":"domicilios_ocupados_grade_ibge_2022","na_bacia":1,"area_pct_bacia":100.0,"metodo_recorte_bacia":"ponto_representativo_grade_2022; area_pct_geometrica","status_borda_bacia":"total","metodo_area_bacia":"interseção geométrica em EPSG:5880","metodo_na_bacia":"ponto_representativo_grade_2022_within_bacia","pop_n_validos":1,"pop_n_total":1,"pop_completude":1.0,"dom_n_validos":1,"dom_n_total":1,"dom_completude":1.0},"geometry":{"type":"Polygon","coordinates":[[[-52.18814360604256,-29.78158478451017],[-52.18815652930033,-29.779714661402465],[-52.18616116300723,-29.779702543037892],[-52.186148225360284,-29.781572666145486],[-52.18814360604256,-29.78158478451017]]]}},{"type":"Feature","properties":{"id_grade":"200ME51818N80330","pop":45,"dom":18,"universo_dom":"domicilios_ocupados_grade_ibge_2022","na_bacia":1,"area_pct_bacia":100.0,"metodo_recorte_bacia":"ponto_representativo_grade_2022; area_pct_geometrica","status_borda_bacia":"total","metodo_area_bacia":"interseção geométrica em EPSG:5880","metodo_na_bacia":"ponto_representativo_grade_2022_within_bacia","pop_n_validos":1,"pop_n_total":1,"pop_completude":1.0,"dom_n_validos":1,"dom_n_total":1,"dom_completude":1.0},"geometry":{"type":"Polygon","coordinates":[[[-52.186148225360284,-29.781572666145486],[-52.18616116300723,-29.779702543037892],[-52.184165796714126,-29.77969041118343],[-52.18415284467801,-29.78156053339193],[-52.186148225360284,-29.781572666145486]]]}},{"type":"Feature","properties":{"id_grade":"200ME51810N80332","pop":3,"dom":1,"universo_dom":"domicilios_ocupados_grade_ibge_2022","na_bacia":1,"area_pct_bacia":100.0,"metodo_recorte_bacia":"ponto_representativo_grade_2022; area_pct_geometrica","status_borda_bacia":"total","metodo_area_bacia":"interseção geométrica em EPSG:5880","metodo_na_bacia":"ponto_representativo_grade_2022_within_bacia","pop_n_validos":1,"pop_n_total":1,"pop_completude":1.0,"dom_n_validos":1,"dom_n_total":1,"dom_completude":1.0},"geometry":{"type":"Polygon","coordinates":[[[-52.19414262997833,-29.779750937355825],[-52.194155510068704,-29.77788083403319],[-52.19216015726539,-29.777868755238895],[-52.19214726278591,-29.779738858561416],[-52.19414262997833,-29.779750937355825]]]}},{"type":"Feature","properties":{"id_grade":"200ME51816N80332","pop":2,"dom":1,"universo_dom":"domicilios_ocupados_grade_ibge_2022","na_bacia":1,"area_pct_bacia":100.0,"metodo_recorte_bacia":"ponto_representativo_grade_2022; area_pct_geometrica","status_borda_bacia":"total","metodo_area_bacia":"interseção geométrica em EPSG:5880","metodo_na_bacia":"ponto_representativo_grade_2022_within_bacia","pop_n_validos":1,"pop_n_total":1,"pop_completude":1.0,"dom_n_validos":1,"dom_n_total":1,"dom_completude":1.0},"geometry":{"type":"Polygon","coordinates":[[[-52.18815652930033,-29.779714661402465],[-52.18816945255816,-29.777844558979186],[-52.18617410065416,-29.777832440614688],[-52.18616116300723,-29.779702543037892],[-52.18815652930033,-29.779714661402465]]]}},{"type":"Feature","properties":{"id_grade":"200ME51818N80332","pop":10,"dom":5,"universo_dom":"domicilios_ocupados_grade_ibge_2022","na_bacia":1,"area_pct_bacia":100.0,"metodo_recorte_bacia":"ponto_representativo_grade_2022; area_pct_geometrica","status_borda_bacia":"total","metodo_area_bacia":"interseção geométrica em EPSG:5880","metodo_na_bacia":"ponto_representativo_grade_2022_within_bacia","pop_n_validos":1,"pop_n_total":1,"pop_completude":1.0,"dom_n_validos":1,"dom_n_total":1,"dom_completude":1.0},"geometry":{"type":"Polygon","coordinates":[[[-52.18616116300723,-29.779702543037892],[-52.18617410065416,-29.777832440614688],[-52.18417874875025,-29.777820308760084],[-52.184165796714126,-29.77969041118343],[-52.18616116300723,-29.779702543037892]]]}},{"type":"Feature","properties":{"id_grade":"200ME51818N80334","pop":2,"dom":1,"universo_dom":"domicilios_ocupados_grade_ibge_2022","na_bacia":1,"area_pct_bacia":100.0,"metodo_recorte_bacia":"ponto_representativo_grade_2022; area_pct_geometrica","status_borda_bacia":"total","metodo_area_bacia":"interseção geométrica em EPSG:5880","metodo_na_bacia":"ponto_representativo_grade_2022_within_bacia","pop_n_validos":1,"pop_n_total":1,"pop_completude":1.0,"dom_n_validos":1,"dom_n_total":1,"dom_completude":1.0},"geometry":{"type":"Polygon","coordinates":[[[-52.18617410065416,-29.777832440614688],[-52.186187037401794,-29.77596235887575],[-52.18419169988699,-29.775950227021315],[-52.18417874875025,-29.777820308760084],[-52.18617410065416,-29.777832440614688]]]}},{"type":"Feature","properties":{"id_grade":"200ME51814N80336","pop":13,"dom":6,"universo_dom":"domicilios_ocupados_grade_ibge_2022","na_bacia":1,"area_pct_bacia":100.0,"metodo_recorte_bacia":"ponto_representativo_grade_2022; area_pct_geometrica","status_borda_bacia":"total","metodo_area_bacia":"interseção geométrica em EPSG:5880","metodo_na_bacia":"ponto_representativo_grade_2022_within_bacia","pop_n_validos":1,"pop_n_total":1,"pop_completude":1.0,"dom_n_validos":1,"dom_n_total":1,"dom_completude":1.0},"geometry":{"type":"Polygon","coordinates":[[[-52.19017771333074,-29.775986582115063],[-52.19019062219939,-29.774116521060556],[-52.188195298174435,-29.774104416185775],[-52.18818237581593,-29.77597447724031],[-52.19017771333074,-29.775986582115063]]]}},{"type":"Feature","properties":{"id_grade":"200ME51810N80338","pop":4,"dom":3,"universo_dom":"domicilios_ocupados_grade_ibge_2022","na_bacia":1,"area_pct_bacia":100.0,"metodo_recorte_bacia":"ponto_representativo_grade_2022; area_pct_geometrica","status_borda_bacia":"total","metodo_area_bacia":"interseção geométrica em EPSG:5880","metodo_na_bacia":"ponto_representativo_grade_2022_within_bacia","pop_n_validos":1,"pop_n_total":1,"pop_completude":1.0,"dom_n_validos":1,"dom_n_total":1,"dom_completude":1.0},"geometry":{"type":"Polygon","coordinates":[[[-52.19418127024937,-29.774140690340527],[-52.19419415033974,-29.772270649071217],[-52.192198840703895,-29.772258571176053],[-52.192185946224406,-29.774128612445406],[-52.19418127024937,-29.774140690340527]]]}},{"type":"Feature","properties":{"id_grade":"200ME51820N80312","pop":1,"dom":1,"universo_dom":"domicilios_ocupados_grade_ibge_2022","na_bacia":1,"area_pct_bacia":100.0,"metodo_recorte_bacia":"ponto_representativo_grade_2022; area_pct_geometrica","status_borda_bacia":"total","metodo_area_bacia":"interseção geométrica em EPSG:5880","metodo_na_bacia":"ponto_representativo_grade_2022_within_bacia","pop_n_validos":1,"pop_n_total":1,"pop_completude":1.0,"dom_n_validos":1,"dom_n_total":1,"dom_completude":1.0},"geometry":{"type":"Polygon","coordinates":[[[-52.18403627095711,-29.798392582051946],[-52.184049224791856,-29.796522270086644],[-52.18205373079502,-29.796510122943822],[-52.182040762571084,-29.798380434009825],[-52.18403627095711,-29.798392582051946]]]}},{"type":"Feature","properties":{"id_grade":"200ME51820N80314","pop":8,"dom":3,"universo_dom":"domicilios_ocupados_grade_ibge_2022","na_bacia":1,"area_pct_bacia":100.0,"metodo_recorte_bacia":"ponto_representativo_grade_2022; area_pct_geometrica","status_borda_bacia":"total","metodo_area_bacia":"interseção geométrica em EPSG:5880","metodo_na_bacia":"ponto_representativo_grade_2022_within_bacia","pop_n_validos":1,"pop_n_total":1,"pop_completude":1.0,"dom_n_validos":1,"dom_n_total":1,"dom_completude":1.0},"geometry":{"type":"Polygon","coordinates":[[[-52.184049224791856,-29.796522270086644],[-52.1840621777273,-29.794651980604392],[-52.18206669811957,-29.794639833461474],[-52.18205373079502,-29.796510122943822],[-52.184049224791856,-29.796522270086644]]]}},{"type":"Feature","properties":{"id_grade":"200ME51826N80314","pop":3,"dom":1,"universo_dom":"domicilios_ocupados_grade_ibge_2022","na_bacia":1,"area_pct_bacia":100.0,"metodo_recorte_bacia":"ponto_representativo_grade_2022; area_pct_geometrica","status_borda_bacia":"total","metodo_area_bacia":"interseção geométrica em EPSG:5880","metodo_na_bacia":"ponto_representativo_grade_2022_within_bacia","pop_n_validos":1,"pop_n_total":1,"pop_completude":1.0,"dom_n_validos":1,"dom_n_total":1,"dom_completude":1.0},"geometry":{"type":"Polygon","coordinates":[[[-52.17806274280128,-29.796485788188566],[-52.17807573890416,-29.794615498706218],[-52.17608025929649,-29.79460331199321],[-52.17606724880443,-29.796473601475544],[-52.17806274280128,-29.796485788188566]]]}},{"type":"Feature","properties":{"id_grade":"200ME51820N80316","pop":2,"dom":1,"universo_dom":"domicilios_ocupados_grade_ibge_2022","na_bacia":1,"area_pct_bacia":100.0,"metodo_recorte_bacia":"ponto_representativo_grade_2022; area_pct_geometrica","status_borda_bacia":"total","metodo_area_bacia":"interseção geométrica em EPSG:5880","metodo_na_bacia":"ponto_representativo_grade_2022_within_bacia","pop_n_validos":1,"pop_n_total":1,"pop_completude":1.0,"dom_n_validos":1,"dom_n_total":1,"dom_completude":1.0},"geometry":{"type":"Polygon","coordinates":[[[-52.1840621777273,-29.794651980604392],[-52.184075130662734,-29.79278171090719],[-52.18207966544418,-29.792769563764296],[-52.18206669811957,-29.794639833461474],[-52.1840621777273,-29.794651980604392]]]}},{"type":"Feature","properties":{"id_grade":"200ME51822N80316","pop":1,"dom":1,"universo_dom":"domicilios_ocupados_grade_ibge_2022","na_bacia":1,"area_pct_bacia":100.0,"metodo_recorte_bacia":"ponto_representativo_grade_2022; area_pct_geometrica","status_borda_bacia":"total","metodo_area_bacia":"interseção geométrica em EPSG:5880","metodo_na_bacia":"ponto_representativo_grade_2022_within_bacia","pop_n_validos":1,"pop_n_total":1,"pop_completude":1.0,"dom_n_validos":1,"dom_n_total":1,"dom_completude":1.0},"geometry":{"type":"Polygon","coordinates":[[[-52.18206669811957,-29.794639833461474],[-52.18207966544418,-29.792769563764296],[-52.180084199326295,-29.79275740403085],[-52.1800712185119,-29.794627672828746],[-52.18206669811957,-29.794639833461474]]]}},{"type":"Feature","properties":{"id_grade":"200ME51820N80320","pop":17,"dom":6,"universo_dom":"domicilios_ocupados_grade_ibge_2022","na_bacia":1,"area_pct_bacia":100.0,"metodo_recorte_bacia":"ponto_representativo_grade_2022; area_pct_geometrica","status_borda_bacia":"total","metodo_area_bacia":"interseção geométrica em EPSG:5880","metodo_na_bacia":"ponto_representativo_grade_2022_within_bacia","pop_n_validos":1,"pop_n_total":1,"pop_completude":1.0,"dom_n_validos":1,"dom_n_total":1,"dom_completude":1.0},"geometry":{"type":"Polygon","coordinates":[[[-52.18408808359812,-29.790911462793712],[-52.18410103653355,-29.789041235364667],[-52.18210559919402,-29.78902908822179],[-52.182092631869416,-29.79089931565082],[-52.18408808359812,-29.790911462793712]]]}},{"type":"Feature","properties":{"id_grade":"200ME51828N80320","pop":39,"dom":13,"universo_dom":"domicilios_ocupados_grade_ibge_2022","na_bacia":1,"area_pct_bacia":100.0,"metodo_recorte_bacia":"ponto_representativo_grade_2022; area_pct_geometrica","status_borda_bacia":"total","metodo_area_bacia":"interseção geométrica em EPSG:5880","metodo_na_bacia":"ponto_representativo_grade_2022_within_bacia","pop_n_validos":1,"pop_n_total":1,"pop_completude":1.0,"dom_n_validos":1,"dom_n_total":1,"dom_completude":1.0},"geometry":{"type":"Polygon","coordinates":[[[-52.17610627938126,-29.790862795981177],[-52.17611928897395,-29.788992569451448],[-52.17412385163441,-29.788980369248655],[-52.174110828551875,-29.79085059577836],[-52.17610627938126,-29.790862795981177]]]}},{"type":"Feature","properties":{"id_grade":"200ME51820N80322","pop":24,"dom":11,"universo_dom":"domicilios_ocupados_grade_ibge_2022","na_bacia":1,"area_pct_bacia":100.0,"metodo_recorte_bacia":"ponto_representativo_grade_2022; area_pct_geometrica","status_borda_bacia":"total","metodo_area_bacia":"interseção geométrica em EPSG:5880","metodo_na_bacia":"ponto_representativo_grade_2022_within_bacia","pop_n_validos":1,"pop_n_total":1,"pop_completude":1.0,"dom_n_validos":1,"dom_n_total":1,"dom_completude":1.0},"geometry":{"type":"Polygon","coordinates":[[[-52.18410103653355,-29.789041235364667],[-52.18411398856966,-29.78717102862002],[-52.18211856561925,-29.787158882376456],[-52.18210559919402,-29.78902908822179],[-52.18410103653355,-29.789041235364667]]]}},{"type":"Feature","properties":{"id_grade":"200ME51822N80322","pop":31,"dom":15,"universo_dom":"domicilios_ocupados_grade_ibge_2022","na_bacia":1,"area_pct_bacia":100.0,"metodo_recorte_bacia":"ponto_representativo_grade_2022; area_pct_geometrica","status_borda_bacia":"total","metodo_area_bacia":"interseção geométrica em EPSG:5880","metodo_na_bacia":"ponto_representativo_grade_2022_within_bacia","pop_n_validos":1,"pop_n_total":1,"pop_completude":1.0,"dom_n_validos":1,"dom_n_total":1,"dom_completude":1.0},"geometry":{"type":"Polygon","coordinates":[[[-52.18210559919402,-29.78902908822179],[-52.18211856561925,-29.787158882376456],[-52.18012314266884,-29.787146722643076],[-52.18011016185443,-29.78901692848847],[-52.18210559919402,-29.78902908822179]]]}},{"type":"Feature","properties":{"id_grade":"200ME51824N80322","pop":23,"dom":11,"universo_dom":"domicilios_ocupados_grade_ibge_2022","na_bacia":1,"area_pct_bacia":100.0,"metodo_recorte_bacia":"ponto_representativo_grade_2022; area_pct_geometrica","status_borda_bacia":"total","metodo_area_bacia":"interseção geométrica em EPSG:5880","metodo_na_bacia":"ponto_representativo_grade_2022_within_bacia","pop_n_validos":1,"pop_n_total":1,"pop_completude":1.0,"dom_n_validos":1,"dom_n_total":1,"dom_completude":1.0},"geometry":{"type":"Polygon","coordinates":[[[-52.18011016185443,-29.78901692848847],[-52.18012314266884,-29.787146722643076],[-52.178127720617795,-29.787134549419875],[-52.17811472541421,-29.7890047561645],[-52.18011016185443,-29.78901692848847]]]}},{"type":"Feature","properties":{"id_grade":"200ME51826N80322","pop":12,"dom":6,"universo_dom":"domicilios_ocupados_grade_ibge_2022","na_bacia":1,"area_pct_bacia":100.0,"metodo_recorte_bacia":"ponto_representativo_grade_2022; area_pct_geometrica","status_borda_bacia":"total","metodo_area_bacia":"interseção geométrica em EPSG:5880","metodo_na_bacia":"ponto_representativo_grade_2022_within_bacia","pop_n_validos":1,"pop_n_total":1,"pop_completude":1.0,"dom_n_validos":1,"dom_n_total":1,"dom_completude":1.0},"geometry":{"type":"Polygon","coordinates":[[[-52.17811472541421,-29.7890047561645],[-52.178127720617795,-29.787134549419875],[-52.17613229766738,-29.787122363606123],[-52.17611928897395,-29.788992569451448],[-52.17811472541421,-29.7890047561645]]]}},{"type":"Feature","properties":{"id_grade":"200ME51828N80322","pop":33,"dom":15,"universo_dom":"domicilios_ocupados_grade_ibge_2022","na_bacia":1,"area_pct_bacia":100.0,"metodo_recorte_bacia":"ponto_representativo_grade_2022; area_pct_geometrica","status_borda_bacia":"total","metodo_area_bacia":"interseção geométrica em EPSG:5880","metodo_na_bacia":"ponto_representativo_grade_2022_within_bacia","pop_n_validos":1,"pop_n_total":1,"pop_completude":1.0,"dom_n_validos":1,"dom_n_total":1,"dom_completude":1.0},"geometry":{"type":"Polygon","coordinates":[[[-52.17611928897395,-29.788992569451448],[-52.17613229766738,-29.787122363606123],[-52.174136875616284,-29.787110164302558],[-52.17412385163441,-29.788980369248655],[-52.17611928897395,-29.788992569451448]]]}},{"type":"Feature","properties":{"id_grade":"200ME51820N80324","pop":33,"dom":16,"universo_dom":"domicilios_ocupados_grade_ibge_2022","na_bacia":1,"area_pct_bacia":100.0,"metodo_recorte_bacia":"ponto_representativo_grade_2022; area_pct_geometrica","status_borda_bacia":"total","metodo_area_bacia":"interseção geométrica em EPSG:5880","metodo_na_bacia":"ponto_representativo_grade_2022_within_bacia","pop_n_validos":1,"pop_n_total":1,"pop_completude":1.0,"dom_n_validos":1,"dom_n_total":1,"dom_completude":1.0},"geometry":{"type":"Polygon","coordinates":[[[-52.18411398856966,-29.78717102862002],[-52.1841269415051,-29.785300842559742],[-52.18213153204454,-29.78528869631624],[-52.18211856561925,-29.787158882376456],[-52.18411398856966,-29.78717102862002]]]}},{"type":"Feature","properties":{"id_grade":"200ME51822N80324","pop":69,"dom":27,"universo_dom":"domicilios_ocupados_grade_ibge_2022","na_bacia":1,"area_pct_bacia":100.0,"metodo_recorte_bacia":"ponto_representativo_grade_2022; area_pct_geometrica","status_borda_bacia":"total","metodo_area_bacia":"interseção geométrica em EPSG:5880","metodo_na_bacia":"ponto_representativo_grade_2022_within_bacia","pop_n_validos":1,"pop_n_total":1,"pop_completude":1.0,"dom_n_validos":1,"dom_n_total":1,"dom_completude":1.0},"geometry":{"type":"Polygon","coordinates":[[[-52.18211856561925,-29.787158882376456],[-52.18213153204454,-29.78528869631624],[-52.18013612348329,-29.785276537482122],[-52.18012314266884,-29.787146722643076],[-52.18211856561925,-29.787158882376456]]]}},{"type":"Feature","properties":{"id_grade":"200ME51824N80324","pop":15,"dom":6,"universo_dom":"domicilios_ocupados_grade_ibge_2022","na_bacia":1,"area_pct_bacia":100.0,"metodo_recorte_bacia":"ponto_representativo_grade_2022; area_pct_geometrica","status_borda_bacia":"total","metodo_area_bacia":"interseção geométrica em EPSG:5880","metodo_na_bacia":"ponto_representativo_grade_2022_within_bacia","pop_n_validos":1,"pop_n_total":1,"pop_completude":1.0,"dom_n_validos":1,"dom_n_total":1,"dom_completude":1.0},"geometry":{"type":"Polygon","coordinates":[[[-52.18012314266884,-29.787146722643076],[-52.18013612348329,-29.785276537482122],[-52.178140714921994,-29.78526436425897],[-52.178127720617795,-29.787134549419875],[-52.18012314266884,-29.787146722643076]]]}},{"type":"Feature","properties":{"id_grade":"200ME51820N80326","pop":37,"dom":17,"universo_dom":"domicilios_ocupados_grade_ibge_2022","na_bacia":1,"area_pct_bacia":100.0,"metodo_recorte_bacia":"ponto_representativo_grade_2022; area_pct_geometrica","status_borda_bacia":"total","metodo_area_bacia":"interseção geométrica em EPSG:5880","metodo_na_bacia":"ponto_representativo_grade_2022_within_bacia","pop_n_validos":1,"pop_n_total":1,"pop_completude":1.0,"dom_n_validos":1,"dom_n_total":1,"dom_completude":1.0},"geometry":{"type":"Polygon","coordinates":[[[-52.1841269415051,-29.785300842559742],[-52.184139893541214,-29.78343067808323],[-52.18214449846977,-29.78341853183972],[-52.18213153204454,-29.78528869631624],[-52.1841269415051,-29.785300842559742]]]}},{"type":"Feature","properties":{"id_grade":"200ME51822N80326","pop":58,"dom":22,"universo_dom":"domicilios_ocupados_grade_ibge_2022","na_bacia":1,"area_pct_bacia":100.0,"metodo_recorte_bacia":"ponto_representativo_grade_2022; area_pct_geometrica","status_borda_bacia":"total","metodo_area_bacia":"interseção geométrica em EPSG:5880","metodo_na_bacia":"ponto_representativo_grade_2022_within_bacia","pop_n_validos":1,"pop_n_total":1,"pop_completude":1.0,"dom_n_validos":1,"dom_n_total":1,"dom_completude":1.0},"geometry":{"type":"Polygon","coordinates":[[[-52.18213153204454,-29.78528869631624],[-52.18214449846977,-29.78341853183972],[-52.1801491042977,-29.783406373005725],[-52.18013612348329,-29.785276537482122],[-52.18213153204454,-29.78528869631624]]]}},{"type":"Feature","properties":{"id_grade":"200ME51824N80326","pop":1,"dom":1,"universo_dom":"domicilios_ocupados_grade_ibge_2022","na_bacia":1,"area_pct_bacia":100.0,"metodo_recorte_bacia":"ponto_representativo_grade_2022; area_pct_geometrica","status_borda_bacia":"total","metodo_area_bacia":"interseção geométrica em EPSG:5880","metodo_na_bacia":"ponto_representativo_grade_2022_within_bacia","pop_n_validos":1,"pop_n_total":1,"pop_completude":1.0,"dom_n_validos":1,"dom_n_total":1,"dom_completude":1.0},"geometry":{"type":"Polygon","coordinates":[[[-52.18013612348329,-29.785276537482122],[-52.1801491042977,-29.783406373005725],[-52.178153710125564,-29.78339420068177],[-52.178140714921994,-29.78526436425897],[-52.18013612348329,-29.785276537482122]]]}},{"type":"Feature","properties":{"id_grade":"200ME51820N80328","pop":46,"dom":19,"universo_dom":"domicilios_ocupados_grade_ibge_2022","na_bacia":1,"area_pct_bacia":100.0,"metodo_recorte_bacia":"ponto_representativo_grade_2022; area_pct_geometrica","status_borda_bacia":"total","metodo_area_bacia":"interseção geométrica em EPSG:5880","metodo_na_bacia":"ponto_representativo_grade_2022_within_bacia","pop_n_validos":1,"pop_n_total":1,"pop_completude":1.0,"dom_n_validos":1,"dom_n_total":1,"dom_completude":1.0},"geometry":{"type":"Polygon","coordinates":[[[-52.184139893541214,-29.78343067808323],[-52.18415284467801,-29.78156053339193],[-52.18215746489506,-29.781548388047568],[-52.18214449846977,-29.78341853183972],[-52.184139893541214,-29.78343067808323]]]}},{"type":"Feature","properties":{"id_grade":"200ME51820N80330","pop":10,"dom":5,"universo_dom":"domicilios_ocupados_grade_ibge_2022","na_bacia":1,"area_pct_bacia":100.0,"metodo_recorte_bacia":"ponto_representativo_grade_2022; area_pct_geometrica","status_borda_bacia":"total","metodo_area_bacia":"interseção geométrica em EPSG:5880","metodo_na_bacia":"ponto_representativo_grade_2022_within_bacia","pop_n_validos":1,"pop_n_total":1,"pop_completude":1.0,"dom_n_validos":1,"dom_n_total":1,"dom_completude":1.0},"geometry":{"type":"Polygon","coordinates":[[[-52.18415284467801,-29.78156053339193],[-52.184165796714126,-29.77969041118343],[-52.18217043042097,-29.779678265839333],[-52.18215746489506,-29.781548388047568],[-52.18415284467801,-29.78156053339193]]]}},{"type":"Feature","properties":{"id_grade":"200ME51820N80332","pop":15,"dom":6,"universo_dom":"domicilios_ocupados_grade_ibge_2022","na_bacia":1,"area_pct_bacia":100.0,"metodo_recorte_bacia":"ponto_representativo_grade_2022; area_pct_geometrica","status_borda_bacia":"total","metodo_area_bacia":"interseção geométrica em EPSG:5880","metodo_na_bacia":"ponto_representativo_grade_2022_within_bacia","pop_n_validos":1,"pop_n_total":1,"pop_completude":1.0,"dom_n_validos":1,"dom_n_total":1,"dom_completude":1.0},"geometry":{"type":"Polygon","coordinates":[[[-52.184165796714126,-29.77969041118343],[-52.18417874875025,-29.777820308760084],[-52.182183396846256,-29.77780816341595],[-52.18217043042097,-29.779678265839333],[-52.184165796714126,-29.77969041118343]]]}},{"type":"Feature","properties":{"id_grade":"200ME51822N80332","pop":4,"dom":2,"universo_dom":"domicilios_ocupados_grade_ibge_2022","na_bacia":1,"area_pct_bacia":100.0,"metodo_recorte_bacia":"ponto_representativo_grade_2022; area_pct_geometrica","status_borda_bacia":"total","metodo_area_bacia":"interseção geométrica em EPSG:5880","metodo_na_bacia":"ponto_representativo_grade_2022_within_bacia","pop_n_validos":1,"pop_n_total":1,"pop_completude":1.0,"dom_n_validos":1,"dom_n_total":1,"dom_completude":1.0},"geometry":{"type":"Polygon","coordinates":[[[-52.18217043042097,-29.779678265839333],[-52.182183396846256,-29.77780816341595],[-52.18018804494226,-29.777796005481225],[-52.180175065027186,-29.779666107005127],[-52.18217043042097,-29.779678265839333]]]}},{"type":"Feature","properties":{"id_grade":"200ME51820N80334","pop":2,"dom":1,"universo_dom":"domicilios_ocupados_grade_ibge_2022","na_bacia":1,"area_pct_bacia":100.0,"metodo_recorte_bacia":"ponto_representativo_grade_2022; area_pct_geometrica","status_borda_bacia":"total","metodo_area_bacia":"interseção geométrica em EPSG:5880","metodo_na_bacia":"ponto_representativo_grade_2022_within_bacia","pop_n_validos":1,"pop_n_total":1,"pop_completude":1.0,"dom_n_validos":1,"dom_n_total":1,"dom_completude":1.0},"geometry":{"type":"Polygon","coordinates":[[[-52.18417874875025,-29.777820308760084],[-52.18419169988699,-29.775950227021315],[-52.18219636237217,-29.775938082576452],[-52.182183396846256,-29.77780816341595],[-52.18417874875025,-29.777820308760084]]]}},{"type":"Feature","properties":{"id_grade":"200ME51822N80334","pop":6,"dom":3,"universo_dom":"domicilios_ocupados_grade_ibge_2022","na_bacia":1,"area_pct_bacia":100.0,"metodo_recorte_bacia":"ponto_representativo_grade_2022; area_pct_geometrica","status_borda_bacia":"total","metodo_area_bacia":"interseção geométrica em EPSG:5880","metodo_na_bacia":"ponto_representativo_grade_2022_within_bacia","pop_n_validos":1,"pop_n_total":1,"pop_completude":1.0,"dom_n_validos":1,"dom_n_total":1,"dom_completude":1.0},"geometry":{"type":"Polygon","coordinates":[[[-52.182183396846256,-29.77780816341595],[-52.18219636237217,-29.775938082576452],[-52.18020102485735,-29.775925924641722],[-52.18018804494226,-29.777796005481225],[-52.182183396846256,-29.77780816341595]]]}},{"type":"Feature","properties":{"id_grade":"200ME51824N80334","pop":5,"dom":2,"universo_dom":"domicilios_ocupados_grade_ibge_2022","na_bacia":1,"area_pct_bacia":100.0,"metodo_recorte_bacia":"ponto_representativo_grade_2022; area_pct_geometrica","status_borda_bacia":"total","metodo_area_bacia":"interseção geométrica em EPSG:5880","metodo_na_bacia":"ponto_representativo_grade_2022_within_bacia","pop_n_validos":1,"pop_n_total":1,"pop_completude":1.0,"dom_n_validos":1,"dom_n_total":1,"dom_completude":1.0},"geometry":{"type":"Polygon","coordinates":[[[-52.18018804494226,-29.777796005481225],[-52.18020102485735,-29.775925924641722],[-52.17820568734255,-29.775913752317763],[-52.178192693038284,-29.777783833157326],[-52.18018804494226,-29.777796005481225]]]}},{"type":"Feature","properties":{"id_grade":"200ME51826N80334","pop":3,"dom":1,"universo_dom":"domicilios_ocupados_grade_ibge_2022","na_bacia":1,"area_pct_bacia":100.0,"metodo_recorte_bacia":"ponto_representativo_grade_2022; area_pct_geometrica","status_borda_bacia":"total","metodo_area_bacia":"interseção geométrica em EPSG:5880","metodo_na_bacia":"ponto_representativo_grade_2022_within_bacia","pop_n_validos":1,"pop_n_total":1,"pop_completude":1.0,"dom_n_validos":1,"dom_n_total":1,"dom_completude":1.0},"geometry":{"type":"Polygon","coordinates":[[[-52.178192693038284,-29.777783833157326],[-52.17820568734255,-29.775913752317763],[-52.17621035072705,-29.77590156740341],[-52.17619734203368,-29.777771648242883],[-52.178192693038284,-29.777783833157326]]]}},{"type":"Feature","properties":{"id_grade":"200ME51822N80336","pop":3,"dom":1,"universo_dom":"domicilios_ocupados_grade_ibge_2022","na_bacia":1,"area_pct_bacia":100.0,"metodo_recorte_bacia":"ponto_representativo_grade_2022; area_pct_geometrica","status_borda_bacia":"total","metodo_area_bacia":"interseção geométrica em EPSG:5880","metodo_na_bacia":"ponto_representativo_grade_2022_within_bacia","pop_n_validos":1,"pop_n_total":1,"pop_completude":1.0,"dom_n_validos":1,"dom_n_total":1,"dom_completude":1.0},"geometry":{"type":"Polygon","coordinates":[[[-52.18219636237217,-29.775938082576452],[-52.182209327898136,-29.7740680224212],[-52.18021400387311,-29.774055864486503],[-52.18020102485735,-29.775925924641722],[-52.18219636237217,-29.775938082576452]]]}},{"type":"Feature","properties":{"id_grade":"200ME51824N80336","pop":9,"dom":4,"universo_dom":"domicilios_ocupados_grade_ibge_2022","na_bacia":1,"area_pct_bacia":100.0,"metodo_recorte_bacia":"ponto_representativo_grade_2022; area_pct_geometrica","status_borda_bacia":"total","metodo_area_bacia":"interseção geométrica em EPSG:5880","metodo_na_bacia":"ponto_representativo_grade_2022_within_bacia","pop_n_validos":1,"pop_n_total":1,"pop_completude":1.0,"dom_n_validos":1,"dom_n_total":1,"dom_completude":1.0},"geometry":{"type":"Polygon","coordinates":[[[-52.18020102485735,-29.775925924641722],[-52.18021400387311,-29.774055864486503],[-52.178218681646804,-29.77404369306198],[-52.17820568734255,-29.775913752317763],[-52.18020102485735,-29.775925924641722]]]}},{"type":"Feature","properties":{"id_grade":"200ME51826N80336","pop":4,"dom":2,"universo_dom":"domicilios_ocupados_grade_ibge_2022","na_bacia":1,"area_pct_bacia":100.0,"metodo_recorte_bacia":"ponto_representativo_grade_2022; area_pct_geometrica","status_borda_bacia":"total","metodo_area_bacia":"interseção geométrica em EPSG:5880","metodo_na_bacia":"ponto_representativo_grade_2022_within_bacia","pop_n_validos":1,"pop_n_total":1,"pop_completude":1.0,"dom_n_validos":1,"dom_n_total":1,"dom_completude":1.0},"geometry":{"type":"Polygon","coordinates":[[[-52.17820568734255,-29.775913752317763],[-52.178218681646804,-29.77404369306198],[-52.176223358521156,-29.77403150814749],[-52.17621035072705,-29.77590156740341],[-52.17820568734255,-29.775913752317763]]]}},{"type":"Feature","properties":{"id_grade":"200ME51826N80338","pop":1,"dom":1,"universo_dom":"domicilios_ocupados_grade_ibge_2022","na_bacia":1,"area_pct_bacia":100.0,"metodo_recorte_bacia":"ponto_representativo_grade_2022; area_pct_geometrica","status_borda_bacia":"total","metodo_area_bacia":"interseção geométrica em EPSG:5880","metodo_na_bacia":"ponto_representativo_grade_2022_within_bacia","pop_n_validos":1,"pop_n_total":1,"pop_completude":1.0,"dom_n_validos":1,"dom_n_total":1,"dom_completude":1.0},"geometry":{"type":"Polygon","coordinates":[[[-52.178218681646804,-29.77404369306198],[-52.178231675051734,-29.772173654490565],[-52.1762363663152,-29.772161469576094],[-52.176223358521156,-29.77403150814749],[-52.178218681646804,-29.77404369306198]]]}},{"type":"Feature","properties":{"id_grade":"200ME51824N80340","pop":5,"dom":2,"universo_dom":"domicilios_ocupados_grade_ibge_2022","na_bacia":1,"area_pct_bacia":100.0,"metodo_recorte_bacia":"ponto_representativo_grade_2022; area_pct_geometrica","status_borda_bacia":"total","metodo_area_bacia":"interseção geométrica em EPSG:5880","metodo_na_bacia":"ponto_representativo_grade_2022_within_bacia","pop_n_validos":1,"pop_n_total":1,"pop_completude":1.0,"dom_n_validos":1,"dom_n_total":1,"dom_completude":1.0},"geometry":{"type":"Polygon","coordinates":[[[-52.1802269837882,-29.772185825015733],[-52.18023996280402,-29.77031580712873],[-52.17824466845668,-29.770303635704163],[-52.178231675051734,-29.772173654490565],[-52.1802269837882,-29.772185825015733]]]}},{"type":"Feature","properties":{"id_grade":"200ME51830N80314","pop":1,"dom":1,"universo_dom":"domicilios_ocupados_grade_ibge_2022","na_bacia":1,"area_pct_bacia":100.0,"metodo_recorte_bacia":"ponto_representativo_grade_2022; area_pct_geometrica","status_borda_bacia":"total","metodo_area_bacia":"interseção geométrica em EPSG:5880","metodo_na_bacia":"ponto_representativo_grade_2022_within_bacia","pop_n_validos":1,"pop_n_total":1,"pop_completude":1.0,"dom_n_validos":1,"dom_n_total":1,"dom_completude":1.0},"geometry":{"type":"Polygon","coordinates":[[[-52.1740717557069,-29.796461400373246],[-52.17408477968877,-29.794591111790393],[-52.17208930098042,-29.794578898097654],[-52.17207626260939,-29.79644918668059],[-52.1740717557069,-29.796461400373246]]]}},{"type":"Feature","properties":{"id_grade":"200ME51836N80314","pop":3,"dom":1,"universo_dom":"domicilios_ocupados_grade_ibge_2022","na_bacia":1,"area_pct_bacia":100.0,"metodo_recorte_bacia":"ponto_representativo_grade_2022; area_pct_geometrica","status_borda_bacia":"total","metodo_area_bacia":"interseção geométrica em EPSG:5880","metodo_na_bacia":"ponto_representativo_grade_2022_within_bacia","pop_n_validos":1,"pop_n_total":1,"pop_completude":1.0,"dom_n_validos":1,"dom_n_total":1,"dom_completude":1.0},"geometry":{"type":"Polygon","coordinates":[[[-52.16808527641433,-29.79642471882568],[-52.168098343563656,-29.794554430242737],[-52.1661028648553,-29.79454217608052],[-52.166089784216126,-29.796412464663476],[-52.16808527641433,-29.79642471882568]]]}},{"type":"Feature","properties":{"id_grade":"200ME51830N80316","pop":2,"dom":2,"universo_dom":"domicilios_ocupados_grade_ibge_2022","na_bacia":1,"area_pct_bacia":100.0,"metodo_recorte_bacia":"ponto_representativo_grade_2022; area_pct_geometrica","status_borda_bacia":"total","metodo_area_bacia":"interseção geométrica em EPSG:5880","metodo_na_bacia":"ponto_representativo_grade_2022_within_bacia","pop_n_validos":1,"pop_n_total":1,"pop_completude":1.0,"dom_n_validos":1,"dom_n_total":1,"dom_completude":1.0},"geometry":{"type":"Polygon","coordinates":[[[-52.17408477968877,-29.794591111790393],[-52.17409780457002,-29.79272084299253],[-52.172102339351454,-29.792708629299707],[-52.17208930098042,-29.794578898097654],[-52.17408477968877,-29.794591111790393]]]}},{"type":"Feature","properties":{"id_grade":"200ME51832N80316","pop":4,"dom":1,"universo_dom":"domicilios_ocupados_grade_ibge_2022","na_bacia":1,"area_pct_bacia":100.0,"metodo_recorte_bacia":"ponto_representativo_grade_2022; area_pct_geometrica","status_borda_bacia":"total","metodo_area_bacia":"interseção geométrica em EPSG:5880","metodo_na_bacia":"ponto_representativo_grade_2022_within_bacia","pop_n_validos":1,"pop_n_total":1,"pop_completude":1.0,"dom_n_validos":1,"dom_n_total":1,"dom_completude":1.0},"geometry":{"type":"Polygon","coordinates":[[[-52.17208930098042,-29.794578898097654],[-52.172102339351454,-29.792708629299707],[-52.17010687503222,-29.79269640301654],[-52.170093822272065,-29.794566670915053],[-52.17208930098042,-29.794578898097654]]]}},{"type":"Feature","properties":{"id_grade":"200ME51836N80316","pop":3,"dom":2,"universo_dom":"domicilios_ocupados_grade_ibge_2022","na_bacia":1,"area_pct_bacia":100.0,"metodo_recorte_bacia":"ponto_representativo_grade_2022; area_pct_geometrica","status_borda_bacia":"total","metodo_area_bacia":"interseção geométrica em EPSG:5880","metodo_na_bacia":"ponto_representativo_grade_2022_within_bacia","pop_n_validos":1,"pop_n_total":1,"pop_completude":1.0,"dom_n_validos":1,"dom_n_total":1,"dom_completude":1.0},"geometry":{"type":"Polygon","coordinates":[[[-52.168098343563656,-29.794554430242737],[-52.168111410712974,-29.792684162344262],[-52.16611594639374,-29.792671909081335],[-52.1661028648553,-29.79454217608052],[-52.168098343563656,-29.794554430242737]]]}},{"type":"Feature","properties":{"id_grade":"200ME51838N80316","pop":5,"dom":2,"universo_dom":"domicilios_ocupados_grade_ibge_2022","na_bacia":1,"area_pct_bacia":100.0,"metodo_recorte_bacia":"ponto_representativo_grade_2022; area_pct_geometrica","status_borda_bacia":"total","metodo_area_bacia":"interseção geométrica em EPSG:5880","metodo_na_bacia":"ponto_representativo_grade_2022_within_bacia","pop_n_validos":1,"pop_n_total":1,"pop_completude":1.0,"dom_n_validos":1,"dom_n_total":1,"dom_completude":1.0},"geometry":{"type":"Polygon","coordinates":[[[-52.1661028648553,-29.79454217608052],[-52.16611594639374,-29.792671909081335],[-52.164120482074566,-29.792659642328594],[-52.164107387046215,-29.794529909327878],[-52.1661028648553,-29.79454217608052]]]}},{"type":"Feature","properties":{"id_grade":"200ME51832N80318","pop":6,"dom":2,"universo_dom":"domicilios_ocupados_grade_ibge_2022","na_bacia":1,"area_pct_bacia":100.0,"metodo_recorte_bacia":"ponto_representativo_grade_2022; area_pct_geometrica","status_borda_bacia":"total","metodo_area_bacia":"interseção geométrica em EPSG:5880","metodo_na_bacia":"ponto_representativo_grade_2022_within_bacia","pop_n_validos":1,"pop_n_total":1,"pop_completude":1.0,"dom_n_validos":1,"dom_n_total":1,"dom_completude":1.0},"geometry":{"type":"Polygon","coordinates":[[[-52.172102339351454,-29.792708629299707],[-52.172115377722434,-29.790838382985],[-52.17011992779238,-29.790826155802378],[-52.17010687503222,-29.79269640301654],[-52.172102339351454,-29.792708629299707]]]}},{"type":"Feature","properties":{"id_grade":"200ME51830N80322","pop":8,"dom":3,"universo_dom":"domicilios_ocupados_grade_ibge_2022","na_bacia":1,"area_pct_bacia":100.0,"metodo_recorte_bacia":"ponto_representativo_grade_2022; area_pct_geometrica","status_borda_bacia":"total","metodo_area_bacia":"interseção geométrica em EPSG:5880","metodo_na_bacia":"ponto_representativo_grade_2022_within_bacia","pop_n_validos":1,"pop_n_total":1,"pop_completude":1.0,"dom_n_validos":1,"dom_n_total":1,"dom_completude":1.0},"geometry":{"type":"Polygon","coordinates":[[[-52.17412385163441,-29.788980369248655],[-52.174136875616284,-29.787110164302558],[-52.17214145356519,-29.787097951509203],[-52.17212841609347,-29.788968156455297],[-52.17412385163441,-29.788980369248655]]]}},{"type":"Feature","properties":{"id_grade":"200ME51832N80322","pop":3,"dom":1,"universo_dom":"domicilios_ocupados_grade_ibge_2022","na_bacia":1,"area_pct_bacia":100.0,"metodo_recorte_bacia":"ponto_representativo_grade_2022; area_pct_geometrica","status_borda_bacia":"total","metodo_area_bacia":"interseção geométrica em EPSG:5880","metodo_na_bacia":"ponto_representativo_grade_2022_within_bacia","pop_n_validos":1,"pop_n_total":1,"pop_completude":1.0,"dom_n_validos":1,"dom_n_total":1,"dom_completude":1.0},"geometry":{"type":"Polygon","coordinates":[[[-52.17212841609347,-29.788968156455297],[-52.17214145356519,-29.787097951509203],[-52.17014603151409,-29.787085725225978],[-52.17013297965325,-29.788955930172],[-52.17212841609347,-29.788968156455297]]]}},{"type":"Feature","properties":{"id_grade":"200ME51832N80324","pop":3,"dom":1,"universo_dom":"domicilios_ocupados_grade_ibge_2022","na_bacia":1,"area_pct_bacia":100.0,"metodo_recorte_bacia":"ponto_representativo_grade_2022; area_pct_geometrica","status_borda_bacia":"total","metodo_area_bacia":"interseção geométrica em EPSG:5880","metodo_na_bacia":"ponto_representativo_grade_2022_within_bacia","pop_n_validos":1,"pop_n_total":1,"pop_completude":1.0,"dom_n_validos":1,"dom_n_total":1,"dom_completude":1.0},"geometry":{"type":"Polygon","coordinates":[[[-52.17214145356519,-29.787097951509203],[-52.17215449103691,-29.78522776634828],[-52.170159083374976,-29.785215540964366],[-52.17014603151409,-29.787085725225978],[-52.17214145356519,-29.787097951509203]]]}},{"type":"Feature","properties":{"id_grade":"200ME51838N80324","pop":5,"dom":2,"universo_dom":"domicilios_ocupados_grade_ibge_2022","na_bacia":1,"area_pct_bacia":100.0,"metodo_recorte_bacia":"ponto_representativo_grade_2022; area_pct_geometrica","status_borda_bacia":"total","metodo_area_bacia":"interseção geométrica em EPSG:5880","metodo_na_bacia":"ponto_representativo_grade_2022_within_bacia","pop_n_validos":1,"pop_n_total":1,"pop_completude":1.0,"dom_n_validos":1,"dom_n_total":1,"dom_completude":1.0},"geometry":{"type":"Polygon","coordinates":[[[-52.16615518831122,-29.787061232190126],[-52.1661682689504,-29.785191048827816],[-52.16417286218779,-29.785178782974366],[-52.164159767159504,-29.787048966336666],[-52.16615518831122,-29.787061232190126]]]}},{"type":"Feature","properties":{"id_grade":"200ME51830N80326","pop":2,"dom":1,"universo_dom":"domicilios_ocupados_grade_ibge_2022","na_bacia":1,"area_pct_bacia":100.0,"metodo_recorte_bacia":"ponto_representativo_grade_2022; area_pct_geometrica","status_borda_bacia":"total","metodo_area_bacia":"interseção geométrica em EPSG:5880","metodo_na_bacia":"ponto_representativo_grade_2022_within_bacia","pop_n_validos":1,"pop_n_total":1,"pop_completude":1.0,"dom_n_validos":1,"dom_n_total":1,"dom_completude":1.0},"geometry":{"type":"Polygon","coordinates":[[[-52.17414989869883,-29.785239979141693],[-52.174162922680694,-29.78336981556449],[-52.17216752850857,-29.783357603670463],[-52.17215449103691,-29.78522776634828],[-52.17414989869883,-29.785239979141693]]]}},{"type":"Feature","properties":{"id_grade":"200ME51832N80326","pop":5,"dom":2,"universo_dom":"domicilios_ocupados_grade_ibge_2022","na_bacia":1,"area_pct_bacia":100.0,"metodo_recorte_bacia":"ponto_representativo_grade_2022; area_pct_geometrica","status_borda_bacia":"total","metodo_area_bacia":"interseção geométrica em EPSG:5880","metodo_na_bacia":"ponto_representativo_grade_2022_within_bacia","pop_n_validos":1,"pop_n_total":1,"pop_completude":1.0,"dom_n_validos":1,"dom_n_total":1,"dom_completude":1.0},"geometry":{"type":"Polygon","coordinates":[[[-52.17215449103691,-29.78522776634828],[-52.17216752850857,-29.783357603670463],[-52.170172135235816,-29.78334537738718],[-52.170159083374976,-29.785215540964366],[-52.17215449103691,-29.78522776634828]]]}},{"type":"Feature","properties":{"id_grade":"200ME51830N80328","pop":1,"dom":1,"universo_dom":"domicilios_ocupados_grade_ibge_2022","na_bacia":1,"area_pct_bacia":100.0,"metodo_recorte_bacia":"ponto_representativo_grade_2022; area_pct_geometrica","status_borda_bacia":"total","metodo_area_bacia":"interseção geométrica em EPSG:5880","metodo_na_bacia":"ponto_representativo_grade_2022_within_bacia","pop_n_validos":1,"pop_n_total":1,"pop_completude":1.0,"dom_n_validos":1,"dom_n_total":1,"dom_completude":1.0},"geometry":{"type":"Polygon","coordinates":[[[-52.174162922680694,-29.78336981556449],[-52.17417594576324,-29.78149967267164],[-52.172180565980284,-29.781487460777676],[-52.17216752850857,-29.783357603670463],[-52.174162922680694,-29.78336981556449]]]}},{"type":"Feature","properties":{"id_grade":"200ME51838N80328","pop":3,"dom":1,"universo_dom":"domicilios_ocupados_grade_ibge_2022","na_bacia":1,"area_pct_bacia":100.0,"metodo_recorte_bacia":"ponto_representativo_grade_2022; area_pct_geometrica","status_borda_bacia":"total","metodo_area_bacia":"interseção geométrica em EPSG:5880","metodo_na_bacia":"ponto_representativo_grade_2022_within_bacia","pop_n_validos":1,"pop_n_total":1,"pop_completude":1.0,"dom_n_validos":1,"dom_n_total":1,"dom_completude":1.0},"geometry":{"type":"Polygon","coordinates":[[[-52.16618134869026,-29.783320886149852],[-52.16619442932943,-29.781450744156484],[-52.1641990504458,-29.78143847830314],[-52.16418595631677,-29.783308620296538],[-52.16618134869026,-29.783320886149852]]]}},{"type":"Feature","properties":{"id_grade":"200ME51830N80330","pop":2,"dom":2,"universo_dom":"domicilios_ocupados_grade_ibge_2022","na_bacia":1,"area_pct_bacia":100.0,"metodo_recorte_bacia":"ponto_representativo_grade_2022; area_pct_geometrica","status_borda_bacia":"total","metodo_area_bacia":"interseção geométrica em EPSG:5880","metodo_na_bacia":"ponto_representativo_grade_2022_within_bacia","pop_n_validos":1,"pop_n_total":1,"pop_completude":1.0,"dom_n_validos":1,"dom_n_total":1,"dom_completude":1.0},"geometry":{"type":"Polygon","coordinates":[[[-52.17417594576324,-29.78149967267164],[-52.17418896794647,-29.77962955046332],[-52.172193603452,-29.779617338569256],[-52.172180565980284,-29.781487460777676],[-52.17417594576324,-29.78149967267164]]]}},{"type":"Feature","properties":{"id_grade":"200ME51832N80330","pop":1,"dom":1,"universo_dom":"domicilios_ocupados_grade_ibge_2022","na_bacia":1,"area_pct_bacia":100.0,"metodo_recorte_bacia":"ponto_representativo_grade_2022; area_pct_geometrica","status_borda_bacia":"total","metodo_area_bacia":"interseção geométrica em EPSG:5880","metodo_na_bacia":"ponto_representativo_grade_2022_within_bacia","pop_n_validos":1,"pop_n_total":1,"pop_completude":1.0,"dom_n_validos":1,"dom_n_total":1,"dom_completude":1.0},"geometry":{"type":"Polygon","coordinates":[[[-52.172180565980284,-29.781487460777676],[-52.172193603452,-29.779617338569256],[-52.17019823805823,-29.779605113185376],[-52.170185187096656,-29.781475235393778],[-52.172180565980284,-29.781487460777676]]]}},{"type":"Feature","properties":{"id_grade":"200ME51968N80142","pop":2,"dom":1,"universo_dom":"domicilios_ocupados_grade_ibge_2022","na_bacia":0,"area_pct_bacia":0.0,"metodo_recorte_bacia":"ponto_representativo_grade_2022; area_pct_geometrica","status_borda_bacia":"total","metodo_area_bacia":"interseção geométrica em EPSG:5880","metodo_na_bacia":"ponto_representativo_grade_2022_within_bacia","pop_n_validos":1,"pop_n_total":1,"pop_completude":1.0,"dom_n_validos":1,"dom_n_total":1,"dom_completude":1.0},"geometry":{"type":"Polygon","coordinates":[[[-52.035177867964194,-29.95650938859733],[-52.035191891992156,-29.95463730586699],[-52.033195200997675,-29.954624150584014],[-52.033181163479874,-29.956496233314436],[-52.035177867964194,-29.95650938859733]]]}},{"type":"Feature","properties":{"id_grade":"200ME51966N80144","pop":2,"dom":1,"universo_dom":"domicilios_ocupados_grade_ibge_2022","na_bacia":0,"area_pct_bacia":0.0,"metodo_recorte_bacia":"ponto_representativo_grade_2022; area_pct_geometrica","status_borda_bacia":"total","metodo_area_bacia":"interseção geométrica em EPSG:5880","metodo_na_bacia":"ponto_representativo_grade_2022_within_bacia","pop_n_validos":1,"pop_n_total":1,"pop_completude":1.0,"dom_n_validos":1,"dom_n_total":1,"dom_completude":1.0},"geometry":{"type":"Polygon","coordinates":[[[-52.03718858208737,-29.95465044765997],[-52.037202591726206,-29.95277838561396],[-52.035205915120855,-29.9527652438209],[-52.035191891992156,-29.95463730586699],[-52.03718858208737,-29.95465044765997]]]}},{"type":"Feature","properties":{"id_grade":"200ME51968N80144","pop":7,"dom":3,"universo_dom":"domicilios_ocupados_grade_ibge_2022","na_bacia":0,"area_pct_bacia":0.0,"metodo_recorte_bacia":"ponto_representativo_grade_2022; area_pct_geometrica","status_borda_bacia":"total","metodo_area_bacia":"interseção geométrica em EPSG:5880","metodo_na_bacia":"ponto_representativo_grade_2022_within_bacia","pop_n_validos":1,"pop_n_total":1,"pop_completude":1.0,"dom_n_validos":1,"dom_n_total":1,"dom_completude":1.0},"geometry":{"type":"Polygon","coordinates":[[[-52.035191891992156,-29.95463730586699],[-52.035205915120855,-29.9527652438209],[-52.033209239414816,-29.952752089437407],[-52.033195200997675,-29.954624150584014],[-52.035191891992156,-29.95463730586699]]]}},{"type":"Feature","properties":{"id_grade":"200ME51966N80146","pop":2,"dom":1,"universo_dom":"domicilios_ocupados_grade_ibge_2022","na_bacia":0,"area_pct_bacia":0.0,"metodo_recorte_bacia":"ponto_representativo_grade_2022; area_pct_geometrica","status_borda_bacia":"total","metodo_area_bacia":"interseção geométrica em EPSG:5880","metodo_na_bacia":"ponto_representativo_grade_2022_within_bacia","pop_n_validos":1,"pop_n_total":1,"pop_completude":1.0,"dom_n_validos":1,"dom_n_total":1,"dom_completude":1.0},"geometry":{"type":"Polygon","coordinates":[[[-52.037202591726206,-29.95277838561396],[-52.03721660046568,-29.95090634425238],[-52.0352199382495,-29.950893203358643],[-52.035205915120855,-29.9527652438209],[-52.037202591726206,-29.95277838561396]]]}},{"type":"Feature","properties":{"id_grade":"200ME51970N80142","pop":4,"dom":1,"universo_dom":"domicilios_ocupados_grade_ibge_2022","na_bacia":0,"area_pct_bacia":0.0,"metodo_recorte_bacia":"ponto_representativo_grade_2022; area_pct_geometrica","status_borda_bacia":"total","metodo_area_bacia":"interseção geométrica em EPSG:5880","metodo_na_bacia":"ponto_representativo_grade_2022_within_bacia","pop_n_validos":1,"pop_n_total":1,"pop_completude":1.0,"dom_n_validos":1,"dom_n_total":1,"dom_completude":1.0},"geometry":{"type":"Polygon","coordinates":[[[-52.033181163479874,-29.956496233314436],[-52.033195200997675,-29.954624150584014],[-52.03119851090252,-29.9546109827106],[-52.03118445899555,-29.956483064541754],[-52.033181163479874,-29.956496233314436]]]}},{"type":"Feature","properties":{"id_grade":"200ME51970N80144","pop":4,"dom":3,"universo_dom":"domicilios_ocupados_grade_ibge_2022","na_bacia":0,"area_pct_bacia":0.0,"metodo_recorte_bacia":"ponto_representativo_grade_2022; area_pct_geometrica","status_borda_bacia":"total","metodo_area_bacia":"interseção geométrica em EPSG:5880","metodo_na_bacia":"ponto_representativo_grade_2022_within_bacia","pop_n_validos":1,"pop_n_total":1,"pop_completude":1.0,"dom_n_validos":1,"dom_n_total":1,"dom_completude":1.0},"geometry":{"type":"Polygon","coordinates":[[[-52.033195200997675,-29.954624150584014],[-52.033209239414816,-29.952752089437407],[-52.03121256280945,-29.952738920664636],[-52.03119851090252,-29.9546109827106],[-52.033195200997675,-29.954624150584014]]]}},{"type":"Feature","properties":{"id_grade":"200ME51974N80146","pop":2,"dom":1,"universo_dom":"domicilios_ocupados_grade_ibge_2022","na_bacia":0,"area_pct_bacia":0.0,"metodo_recorte_bacia":"ponto_representativo_grade_2022; area_pct_geometrica","status_borda_bacia":"total","metodo_area_bacia":"interseção geométrica em EPSG:5880","metodo_na_bacia":"ponto_representativo_grade_2022_within_bacia","pop_n_validos":1,"pop_n_total":1,"pop_completude":1.0,"dom_n_validos":1,"dom_n_total":1,"dom_completude":1.0},"geometry":{"type":"Polygon","coordinates":[[[-52.029215887103476,-29.952725739301457],[-52.02922995339957,-29.950853699738417],[-52.02723329208271,-29.950840504885317],[-52.02721921139744,-29.95271254444832],[-52.029215887103476,-29.952725739301457]]]}}]}
