{"type":"FeatureCollection","name":"4310439","crs":{"type":"name","properties":{"name":"urn:ogc:def:crs:OGC:1.3:CRS84"}},"features":[{"type":"Feature","properties":{"setor":"431043905000001","pop":388,"sigilo_pop":false,"dom":211,"sigilo_dom":false,"mulheres":208,"sigilo_mulheres":false,"c0_4":19,"sigilo_c0_4":false,"c5_9":21,"sigilo_c5_9":false,"i60_69":36,"sigilo_i60_69":false,"i70m":63,"sigilo_i70m":false,"indigenas":0,"sigilo_indigenas":false,"pretos_pardos":70,"sigilo_pretos_pardos":false,"dom_ocupados":164,"sigilo_dom_ocupados":false,"dom_agua":164,"sigilo_dom_agua":false,"dom_esgoto":94,"sigilo_dom_esgoto":false,"renda_resp":3389.28,"sigilo_renda_resp":false,"n_resp":164,"sigilo_n_resp":false,"dens":3808.0,"sigilo_dens":false,"na_bacia":1,"area_pct_bacia":100.0,"metodo_recorte_bacia":"ponto_representativo_setor_2022; area_pct_geometrica"},"geometry":{"type":"Polygon","coordinates":[[[-51.27810809999995,-28.817380899999932],[-51.27854309999998,-28.819901399999946],[-51.28222329999994,-28.819371599999965],[-51.28176349999995,-28.816866299999962],[-51.27810809999995,-28.817380899999932]]]}},{"type":"Feature","properties":{"setor":"431043905000002","pop":584,"sigilo_pop":false,"dom":271,"sigilo_dom":false,"mulheres":296,"sigilo_mulheres":false,"c0_4":32,"sigilo_c0_4":false,"c5_9":31,"sigilo_c5_9":false,"i60_69":51,"sigilo_i60_69":false,"i70m":72,"sigilo_i70m":false,"indigenas":0,"sigilo_indigenas":false,"pretos_pardos":86,"sigilo_pretos_pardos":false,"dom_ocupados":227,"sigilo_dom_ocupados":false,"dom_agua":227,"sigilo_dom_agua":false,"dom_esgoto":37,"sigilo_dom_esgoto":false,"renda_resp":2386.03,"sigilo_renda_resp":false,"n_resp":227,"sigilo_n_resp":false,"dens":3159.4,"sigilo_dens":false,"na_bacia":1,"area_pct_bacia":100.0,"metodo_recorte_bacia":"ponto_representativo_setor_2022; area_pct_geometrica"},"geometry":{"type":"Polygon","coordinates":[[[-51.28176349999995,-28.816866299999962],[-51.28222329999994,-28.819371599999965],[-51.28831539999994,-28.818667299999966],[-51.28788389999994,-28.817366599999954],[-51.28837559999994,-28.817333599999976],[-51.28824629999997,-28.81692969999995],[-51.289471499999934,-28.816840899999917],[-51.28920979999999,-28.816426499999988],[-51.28850739999996,-28.816013399999964],[-51.28176349999995,-28.816866299999962]]]}},{"type":"Feature","properties":{"setor":"431043905000003","pop":726,"sigilo_pop":false,"dom":333,"sigilo_dom":false,"mulheres":371,"sigilo_mulheres":false,"c0_4":43,"sigilo_c0_4":false,"c5_9":43,"sigilo_c5_9":false,"i60_69":74,"sigilo_i60_69":false,"i70m":59,"sigilo_i70m":false,"indigenas":0,"sigilo_indigenas":false,"pretos_pardos":128,"sigilo_pretos_pardos":false,"dom_ocupados":283,"sigilo_dom_ocupados":false,"dom_agua":278,"sigilo_dom_agua":false,"dom_esgoto":154,"sigilo_dom_esgoto":false,"renda_resp":2680.87,"sigilo_renda_resp":false,"n_resp":283,"sigilo_n_resp":false,"dens":592.3,"sigilo_dens":false,"na_bacia":1,"area_pct_bacia":100.0,"metodo_recorte_bacia":"ponto_representativo_setor_2022; area_pct_geometrica"},"geometry":{"type":"Polygon","coordinates":[[[-51.288434399999964,-28.812377],[-51.26763849999998,-28.81372479999993],[-51.26670989999997,-28.81565929999993],[-51.26706779999996,-28.818593399999937],[-51.26755749999995,-28.820410899999956],[-51.26781039999997,-28.820697299999953],[-51.26933319999995,-28.820161],[-51.27229049999995,-28.819800699999977],[-51.27312,-28.82020049999995],[-51.27375149999995,-28.820195899999938],[-51.274726199999975,-28.819526499999927],[-51.27841089999998,-28.81913339999994],[-51.27810809999995,-28.817380899999932],[-51.28850739999996,-28.816013399999964],[-51.288434399999964,-28.812377]]]}},{"type":"Feature","properties":{"setor":"431043905000005","pop":398,"sigilo_pop":false,"dom":252,"sigilo_dom":false,"mulheres":188,"sigilo_mulheres":false,"c0_4":11,"sigilo_c0_4":false,"c5_9":24,"sigilo_c5_9":false,"i60_69":65,"sigilo_i60_69":false,"i70m":70,"sigilo_i70m":false,"indigenas":0,"sigilo_indigenas":false,"pretos_pardos":65,"sigilo_pretos_pardos":false,"dom_ocupados":151,"sigilo_dom_ocupados":false,"dom_agua":9,"sigilo_dom_agua":false,"dom_esgoto":0,"sigilo_dom_esgoto":false,"renda_resp":2528.89,"sigilo_renda_resp":false,"n_resp":151,"sigilo_n_resp":false,"dens":11.3,"sigilo_dens":false,"na_bacia":1,"area_pct_bacia":100.0,"metodo_recorte_bacia":"ponto_representativo_setor_2022; area_pct_geometrica"},"geometry":{"type":"Polygon","coordinates":[[[-51.26179289999993,-28.75379979999996],[-51.26219669999995,-28.755023899999955],[-51.26287369999995,-28.756043899999945],[-51.262995,-28.756654099999942],[-51.26265609999996,-28.757476],[-51.263402199999966,-28.75961549999995],[-51.26279879999998,-28.762405799999957],[-51.26462889999993,-28.763864799999954],[-51.26511269999998,-28.764636499999927],[-51.26683989999998,-28.76564709999997],[-51.26732569999996,-28.766498199999944],[-51.267488,-28.767383399999964],[-51.266719,-28.768711399999976],[-51.266720599999985,-28.76935529999998],[-51.26734719999996,-28.770898099999954],[-51.26736909999994,-28.77167039999995],[-51.26603939999995,-28.77383649999996],[-51.26612009999997,-28.774784899999933],[-51.26727269999998,-28.77729249999992],[-51.26711249999994,-28.777855499999934],[-51.26735849999995,-28.779658499999982],[-51.26580629999996,-28.78127629999995],[-51.26574909999994,-28.782210199999952],[-51.266394,-28.783092499999956],[-51.2675455,-28.785760499999977],[-51.26806319999998,-28.788067599999973],[-51.26915309999998,-28.79035029999995],[-51.2713007,-28.793169099999954],[-51.271561599999984,-28.793892099999926],[-51.271386,-28.795951699999932],[-51.270669399999974,-28.79836549999993],[-51.27060249999994,-28.79959589999993],[-51.27170989999996,-28.800623699999964],[-51.27261429999999,-28.800638299999942],[-51.27481949999998,-28.799877599999956],[-51.275483699999945,-28.799908099999975],[-51.27604739999999,-28.800454199999923],[-51.27582619999998,-28.804386599999933],[-51.27677369999998,-28.80573669999995],[-51.27654689999997,-28.807402099999937],[-51.27725589999994,-28.809490299999936],[-51.27860249999998,-28.810943399999935],[-51.28042709999994,-28.812057699999972],[-51.280814,-28.812824199999962],[-51.288434399999964,-28.812377],[-51.28850739999996,-28.816013399999964],[-51.29004089999995,-28.815913],[-51.29185289999999,-28.816674199999976],[-51.29273039999998,-28.816100399999986],[-51.29302989999997,-28.81553949999994],[-51.29291859999996,-28.813090199999962],[-51.29375049999993,-28.808490399999982],[-51.29724659999994,-28.807198399999944],[-51.30193479999998,-28.80599649999992],[-51.304254699999944,-28.804955399999976],[-51.30757689999996,-28.8042531],[-51.309677799999974,-28.80446979999993],[-51.31286639999996,-28.80258489999996],[-51.31494969999995,-28.799736],[-51.3175222,-28.799289699999967],[-51.31865119999997,-28.798885],[-51.32193859999995,-28.79909439999994],[-51.32316609999999,-28.79877639999995],[-51.324438399999956,-28.79813089999993],[-51.325738899999976,-28.79797389999993],[-51.32701929999996,-28.79715279999993],[-51.32883649999997,-28.796461699999956],[-51.33039519999994,-28.796886099999938],[-51.33071109999998,-28.796759],[-51.33103579999994,-28.795571299999953],[-51.33145489999998,-28.795029199999927],[-51.33386269999995,-28.79382169999997],[-51.33443719999997,-28.792779699999983],[-51.336246599999974,-28.791567899999965],[-51.33636269999994,-28.791050599999945],[-51.33595009999994,-28.790390399999964],[-51.33618279999996,-28.789960499999957],[-51.33712939999998,-28.789920499999937],[-51.338815,-28.78945049999993],[-51.339417699999956,-28.7883308],[-51.3418913,-28.787924599999936],[-51.34374649999995,-28.788130499999966],[-51.344826299999966,-28.787814399999938],[-51.34450679999998,-28.787066899999953],[-51.34396389999995,-28.787111599999946],[-51.34355189999997,-28.786690399999934],[-51.342597099999985,-28.78501229999994],[-51.34322769999994,-28.78370039999993],[-51.343321,-28.78283039999996],[-51.34396769999995,-28.78177619999996],[-51.342033499999964,-28.781152],[-51.34064919999997,-28.780263299999937],[-51.33982159999994,-28.779256599999936],[-51.339359299999956,-28.777642],[-51.33890729999997,-28.77698059999993],[-51.33722309999996,-28.776349499999984],[-51.33626819999995,-28.776971099999965],[-51.335726699999945,-28.77706219999993],[-51.33450119999998,-28.77621039999998],[-51.333130299999944,-28.77602939999998],[-51.33200939999995,-28.774753899999954],[-51.33182959999993,-28.773826899999953],[-51.330634499999974,-28.77283829999994],[-51.330117599999944,-28.77194629999997],[-51.32866189999998,-28.771634399999975],[-51.32785789999998,-28.77201],[-51.32765509999996,-28.77189139999996],[-51.327443099999975,-28.771173699999963],[-51.32798789999998,-28.76999849999992],[-51.326890499999934,-28.767906799999928],[-51.327331399999935,-28.76655429999994],[-51.32722039999994,-28.766109799999978],[-51.326750899999986,-28.76567],[-51.325091,-28.765222299999948],[-51.32196849999997,-28.76488789999995],[-51.321912,-28.763582099999947],[-51.32040129999995,-28.762627],[-51.318799599999984,-28.76202709999996],[-51.31831669999997,-28.760949599999954],[-51.316743299999985,-28.76035509999997],[-51.316903499999974,-28.759509],[-51.31642649999998,-28.759103099999948],[-51.31647039999995,-28.75871209999997],[-51.31614129999998,-28.758334499999933],[-51.31492669999995,-28.757589599999964],[-51.31303539999993,-28.757378899999935],[-51.31132029999998,-28.755326799999974],[-51.308049799999935,-28.75322469999998],[-51.30746339999996,-28.75261339999998],[-51.30597859999995,-28.752327699999963],[-51.30566519999997,-28.752727299999943],[-51.30624679999995,-28.753016899999967],[-51.30644549999994,-28.75361829999996],[-51.305849299999984,-28.754130399999955],[-51.304880699999956,-28.75391829999994],[-51.30387059999998,-28.755675],[-51.303047799999945,-28.75611709999998],[-51.30084019999999,-28.75587949999994],[-51.29985709999994,-28.75558709999995],[-51.29838129999996,-28.754688399999964],[-51.2976604,-28.75476239999995],[-51.297348699999986,-28.755413499999968],[-51.29635949999994,-28.755449599999956],[-51.295955599999964,-28.755741799999942],[-51.295825899999954,-28.75783309999997],[-51.295374199999976,-28.758192799999957],[-51.2947923,-28.758159499999966],[-51.294272099999944,-28.7576],[-51.29161659999995,-28.756523399999924],[-51.29099909999997,-28.755585],[-51.29074039999994,-28.754115599999977],[-51.29019069999998,-28.75374509999994],[-51.28623229999993,-28.754317099999973],[-51.28447929999998,-28.754898699999963],[-51.283894199999956,-28.75479229999997],[-51.28307539999997,-28.753629399999962],[-51.28211959999993,-28.75421559999995],[-51.28098989999995,-28.754311],[-51.279455,-28.75197089999995],[-51.275607899999954,-28.75146689999997],[-51.27231939999996,-28.750454799999947],[-51.270288899999976,-28.750247099999964],[-51.26972219999993,-28.75159119999995],[-51.26887629999993,-28.751517699999965],[-51.267889,-28.75172639999994],[-51.26726759999997,-28.751422599999955],[-51.26709479999994,-28.750781699999944],[-51.26673859999994,-28.750783699999943],[-51.265794899999946,-28.751666299999957],[-51.263124799999964,-28.75261319999992],[-51.26179289999993,-28.75379979999996]]]}},{"type":"Feature","properties":{"setor":"431043905000006","pop":330,"sigilo_pop":false,"dom":259,"sigilo_dom":false,"mulheres":159,"sigilo_mulheres":false,"c0_4":15,"sigilo_c0_4":false,"c5_9":15,"sigilo_c5_9":false,"i60_69":58,"sigilo_i60_69":false,"i70m":39,"sigilo_i70m":false,"indigenas":0,"sigilo_indigenas":false,"pretos_pardos":39,"sigilo_pretos_pardos":false,"dom_ocupados":125,"sigilo_dom_ocupados":false,"dom_agua":31,"sigilo_dom_agua":false,"dom_esgoto":null,"sigilo_dom_esgoto":true,"renda_resp":2255.34,"sigilo_renda_resp":false,"n_resp":125,"sigilo_n_resp":false,"dens":5.1,"sigilo_dens":false,"na_bacia":1,"area_pct_bacia":100.0,"metodo_recorte_bacia":"ponto_representativo_setor_2022; area_pct_geometrica"},"geometry":{"type":"Polygon","coordinates":[[[-51.20775779999997,-28.797368899999988],[-51.211450599999985,-28.79743569999994],[-51.21162979999997,-28.79611319999998],[-51.21237249999996,-28.796414899999945],[-51.212585099999956,-28.795802299999934],[-51.21414379999994,-28.795772299999964],[-51.21498049999997,-28.795463699999974],[-51.216332799999975,-28.794485299999952],[-51.21689189999995,-28.793437899999972],[-51.21732069999996,-28.79311219999994],[-51.21910349999996,-28.792915],[-51.22039119999994,-28.79190689999995],[-51.22175889999994,-28.79167809999995],[-51.22200219999997,-28.790945899999937],[-51.22230769999993,-28.79330029999994],[-51.22267869999997,-28.794150599999963],[-51.22383259999998,-28.795643899999963],[-51.224191599999976,-28.795636],[-51.22665109999997,-28.793916],[-51.22722519999997,-28.793738499999964],[-51.2367445,-28.79414719999994],[-51.238258,-28.794981099999976],[-51.2402072,-28.796707599999934],[-51.24104259999996,-28.798654399999975],[-51.241046099999956,-28.80055079999994],[-51.24160949999998,-28.80149449999994],[-51.24240549999996,-28.80191169999995],[-51.24449459999994,-28.80231369999996],[-51.246098099999976,-28.803820299999966],[-51.24728939999994,-28.805440299999923],[-51.24802559999995,-28.806967],[-51.250209,-28.80947579999997],[-51.25100819999995,-28.811283099999965],[-51.25206939999998,-28.81221409999995],[-51.25737769999996,-28.813825299999955],[-51.260472399999976,-28.81398019999996],[-51.26678359999994,-28.816501199999948],[-51.26679539999998,-28.815168199999963],[-51.26763849999998,-28.81372479999993],[-51.280814,-28.812824199999962],[-51.28042709999994,-28.812057699999972],[-51.27860249999998,-28.810943399999935],[-51.27725589999994,-28.809490299999936],[-51.27654689999997,-28.807402099999937],[-51.27677369999998,-28.80573669999995],[-51.27582619999998,-28.804386599999933],[-51.27604739999999,-28.800454199999923],[-51.275483699999945,-28.799908099999975],[-51.27481949999998,-28.799877599999956],[-51.27261429999999,-28.800638299999942],[-51.27170989999996,-28.800623699999964],[-51.27060249999994,-28.79959589999993],[-51.270669399999974,-28.79836549999993],[-51.271386,-28.795951699999932],[-51.271561599999984,-28.793892099999926],[-51.2713007,-28.793169099999954],[-51.26915309999998,-28.79035029999995],[-51.26806319999998,-28.788067599999973],[-51.2675455,-28.785760499999977],[-51.266394,-28.783092499999956],[-51.26574909999994,-28.782210199999952],[-51.26580629999996,-28.78127629999995],[-51.26735849999995,-28.779658499999982],[-51.26711249999994,-28.777855499999934],[-51.26727269999998,-28.77729249999992],[-51.26612009999997,-28.774784899999933],[-51.26603939999995,-28.77383649999996],[-51.26736909999994,-28.77167039999995],[-51.266719,-28.768711399999976],[-51.267488,-28.767383399999964],[-51.26732569999996,-28.766498199999944],[-51.26683989999998,-28.76564709999997],[-51.26511269999998,-28.764636499999927],[-51.26462889999993,-28.763864799999954],[-51.26279879999998,-28.762405799999957],[-51.263402199999966,-28.75961549999995],[-51.26265609999996,-28.757476],[-51.262995,-28.756654099999942],[-51.26287369999995,-28.756043899999945],[-51.26219669999995,-28.755023899999955],[-51.26179289999993,-28.75379979999996],[-51.26094159999997,-28.75245839999996],[-51.25954309999997,-28.750910699999963],[-51.25913559999998,-28.750082799999976],[-51.25904219999996,-28.748639899999937],[-51.26147769999994,-28.742668499999986],[-51.261294599999985,-28.740504299999944],[-51.26083869999996,-28.73863039999998],[-51.25940909999998,-28.736867399999944],[-51.25910209999995,-28.736822399999944],[-51.25664589999997,-28.734105399999976],[-51.254271699999954,-28.730298899999983],[-51.24974239999995,-28.726372],[-51.24712419999997,-28.724502699999956],[-51.24298349999999,-28.719908099999934],[-51.23989179999995,-28.717640399999937],[-51.23586779999993,-28.71509389999993],[-51.23172,-28.713094],[-51.23088359999998,-28.71247089999997],[-51.228471799999966,-28.709320599999952],[-51.22688469999997,-28.708364799999973],[-51.226382599999965,-28.707607],[-51.22578129999993,-28.705724499999974],[-51.225944599999934,-28.704654799999958],[-51.226470099999965,-28.703672799999936],[-51.22638639999997,-28.703003899999935],[-51.225940399999956,-28.702334699999934],[-51.22557559999996,-28.703065599999952],[-51.22201719999998,-28.70377729999995],[-51.22089039999997,-28.70445929999995],[-51.22017869999996,-28.707246699999935],[-51.21940769999998,-28.708314199999965],[-51.21801409999995,-28.709174099999927],[-51.21700589999995,-28.70932239999995],[-51.215493599999945,-28.70864039999998],[-51.212053799999985,-28.708551399999962],[-51.21074909999999,-28.70905549999998],[-51.209978099999944,-28.70961889999996],[-51.20947079999996,-28.710774],[-51.20932569999997,-28.71296969999997],[-51.20874379999998,-28.71482319999995],[-51.20767879999994,-28.715681799999974],[-51.20702019999994,-28.716955099999943],[-51.205869499999956,-28.717500699999956],[-51.20418589999998,-28.719097899999955],[-51.20303549999994,-28.721240599999923],[-51.20322619999995,-28.72244039999999],[-51.205011399999925,-28.723655599999976],[-51.20601579999993,-28.72486719999994],[-51.20553939999996,-28.72693309999994],[-51.205129899999974,-28.727182299999978],[-51.204142,-28.72715079999994],[-51.203386699999946,-28.72764249999994],[-51.20161469999993,-28.728218799999965],[-51.20107709999997,-28.728266],[-51.20025169999997,-28.727985],[-51.19974449999995,-28.72831869999993],[-51.19976209999999,-28.73032979999993],[-51.19904389999994,-28.731630599999963],[-51.19914269999999,-28.731832499999932],[-51.200447,-28.73211439999994],[-51.20144819999996,-28.732973099999974],[-51.200719299999946,-28.734931399999923],[-51.20106179999994,-28.736696499999947],[-51.20061609999993,-28.737241],[-51.199882799999955,-28.736905899999957],[-51.19945029999997,-28.736979499999972],[-51.199567499999944,-28.73800829999993],[-51.197888299999924,-28.739932899999936],[-51.198923399999956,-28.741770499999966],[-51.19872359999993,-28.742367599999962],[-51.197551299999986,-28.743397],[-51.197481,-28.744011799999946],[-51.19783229999996,-28.745048],[-51.19759519999996,-28.746101799999966],[-51.19785859999997,-28.74712929999997],[-51.197393199999965,-28.74827969999996],[-51.196572899999985,-28.748943799999942],[-51.197347899999954,-28.750103],[-51.197352,-28.75151329999994],[-51.19616679999996,-28.751962599999953],[-51.19539309999993,-28.752969199999946],[-51.1942691,-28.753320399999957],[-51.194178799999975,-28.754196399999955],[-51.19299539999997,-28.755368799999943],[-51.19305719999994,-28.756192099999964],[-51.19384069999995,-28.757070299999953],[-51.19333819999997,-28.758589499999967],[-51.19351379999995,-28.761549],[-51.19281979999994,-28.762029799999933],[-51.19244879999996,-28.762046199999922],[-51.19134909999997,-28.762998],[-51.19022779999995,-28.763484],[-51.19068169999997,-28.76560609999995],[-51.19051239999994,-28.766906899999977],[-51.19023579999999,-28.766879499999956],[-51.189483,-28.766102299999936],[-51.188696799999946,-28.766528199999986],[-51.187335899999944,-28.766444799999935],[-51.18752329999995,-28.764854199999938],[-51.185386,-28.76438],[-51.18512919999995,-28.764524899999973],[-51.18536869999998,-28.766102299999936],[-51.186203,-28.767191299999972],[-51.18591729999998,-28.767824599999987],[-51.18482869999997,-28.768091399999953],[-51.18480669999997,-28.768394399999973],[-51.18571559999999,-28.769061799999964],[-51.18678669999998,-28.768413],[-51.18769589999994,-28.768534899999963],[-51.18820959999994,-28.76922859999996],[-51.188486,-28.77066989999997],[-51.190205,-28.771607399999933],[-51.19058069999994,-28.772104699999943],[-51.18990009999993,-28.772969699999972],[-51.18677679999996,-28.774039899999938],[-51.188587,-28.776900599999983],[-51.18822689999996,-28.777250799999933],[-51.18763139999999,-28.779796399999945],[-51.187080399999964,-28.78019709999996],[-51.18701089999996,-28.781084],[-51.186577599999964,-28.782117],[-51.18679139999995,-28.78260769999997],[-51.187542,-28.782644399999974],[-51.187652,-28.78440349999993],[-51.188166799999976,-28.78502979999996],[-51.18846709999997,-28.785088499999972],[-51.18924039999996,-28.783834399999947],[-51.19095289999995,-28.784460099999926],[-51.19130519999993,-28.784948],[-51.19141939999997,-28.785501299999975],[-51.19108569999998,-28.78786359999998],[-51.191516,-28.789444299999943],[-51.19110649999993,-28.790684099999957],[-51.19152479999997,-28.792122699999943],[-51.19103819999999,-28.795077199999966],[-51.19205389999996,-28.795038799999933],[-51.195257,-28.793387299999942],[-51.19605369999994,-28.792491499999976],[-51.19641589999998,-28.79251239999997],[-51.19689039999997,-28.794072299999986],[-51.198919,-28.796662899999944],[-51.199042,-28.797242499999978],[-51.198820199999936,-28.798351699999955],[-51.19777739999995,-28.79927109999994],[-51.19704629999995,-28.80057019999998],[-51.19752269999998,-28.80134359999993],[-51.198537,-28.801828199999928],[-51.19954249999995,-28.80167229999996],[-51.20005189999995,-28.801308399999975],[-51.20012869999994,-28.80085339999993],[-51.19977739999996,-28.80007409999996],[-51.200003599999945,-28.799285899999973],[-51.20059629999997,-28.798930199999965],[-51.20166769999997,-28.798805599999977],[-51.202629299999955,-28.798991699999934],[-51.203165,-28.79941759999997],[-51.204159499999946,-28.801674499999937],[-51.20473039999996,-28.801779899999918],[-51.20599709999994,-28.800447799999965],[-51.206524,-28.79776939999994],[-51.20775779999997,-28.797368899999988]]]}},{"type":"Feature","properties":{"setor":"431043905000007","pop":194,"sigilo_pop":false,"dom":148,"sigilo_dom":false,"mulheres":89,"sigilo_mulheres":false,"c0_4":null,"sigilo_c0_4":true,"c5_9":null,"sigilo_c5_9":true,"i60_69":34,"sigilo_i60_69":false,"i70m":31,"sigilo_i70m":false,"indigenas":0,"sigilo_indigenas":false,"pretos_pardos":42,"sigilo_pretos_pardos":false,"dom_ocupados":76,"sigilo_dom_ocupados":false,"dom_agua":15,"sigilo_dom_agua":false,"dom_esgoto":null,"sigilo_dom_esgoto":true,"renda_resp":2716.7,"sigilo_renda_resp":false,"n_resp":76,"sigilo_n_resp":false,"dens":6.5,"sigilo_dens":false,"na_bacia":1,"area_pct_bacia":100.0,"metodo_recorte_bacia":"ponto_representativo_setor_2022; area_pct_geometrica"},"geometry":{"type":"Polygon","coordinates":[[[-51.270192899999984,-28.82636009999993],[-51.270345,-28.825909399999947],[-51.27135979999996,-28.825024299999935],[-51.27148839999996,-28.824597299999954],[-51.27089179999996,-28.82232869999996],[-51.27034739999993,-28.821636499999958],[-51.26811209999995,-28.820892199999957],[-51.26755749999995,-28.820410899999956],[-51.26678359999994,-28.816501199999948],[-51.260472399999976,-28.81398019999996],[-51.25873019999994,-28.813993499999977],[-51.256732099999965,-28.81368049999997],[-51.251733099999974,-28.81200839999996],[-51.25082439999994,-28.81099819999998],[-51.249728,-28.808760199999924],[-51.24802559999995,-28.806967],[-51.24728939999994,-28.805440299999923],[-51.246098099999976,-28.803820299999966],[-51.24449459999994,-28.80231369999996],[-51.24240549999996,-28.80191169999995],[-51.24141109999994,-28.801248099999953],[-51.24100139999996,-28.800384499999957],[-51.24097429999995,-28.79835],[-51.240276599999966,-28.79684479999998],[-51.238258,-28.794981099999976],[-51.23705289999998,-28.79425449999997],[-51.23636949999997,-28.794102199999934],[-51.23244949999998,-28.794093899999954],[-51.227509,-28.793723799999956],[-51.22665109999997,-28.793916],[-51.22437379999997,-28.795524899999975],[-51.22383259999998,-28.795643899999963],[-51.22267869999997,-28.794150599999963],[-51.22230769999993,-28.79330029999994],[-51.22200219999997,-28.790945899999937],[-51.22175889999994,-28.79167809999995],[-51.22039119999994,-28.79190689999995],[-51.21910349999996,-28.792915],[-51.21732069999996,-28.79311219999994],[-51.21689189999995,-28.793437899999972],[-51.216332799999975,-28.794485299999952],[-51.21498049999997,-28.795463699999974],[-51.21414379999994,-28.795772299999964],[-51.212585099999956,-28.795802299999934],[-51.21237249999996,-28.796414899999945],[-51.21162979999997,-28.79611319999998],[-51.211450599999985,-28.79743569999994],[-51.212556,-28.79741649999994],[-51.21297259999995,-28.797832099999933],[-51.21384249999995,-28.798181899999967],[-51.21401929999996,-28.798599799999987],[-51.21489529999997,-28.799320699999953],[-51.2162302,-28.799940399999972],[-51.217300199999954,-28.800819199999975],[-51.217869,-28.801491199999926],[-51.217908499999965,-28.801983],[-51.21770429999998,-28.802900699999952],[-51.216945599999974,-28.803847899999948],[-51.21511749999996,-28.80475459999997],[-51.2136895,-28.805161099999964],[-51.21304559999999,-28.80563619999998],[-51.212259599999975,-28.807021599999935],[-51.21237849999995,-28.808033599999934],[-51.211947899999984,-28.809105],[-51.211219,-28.809842699999933],[-51.21002469999997,-28.810185199999978],[-51.20821559999995,-28.810194],[-51.20566009999994,-28.80980759999994],[-51.20479069999993,-28.809421199999978],[-51.204013499999974,-28.807972199999938],[-51.203361799999975,-28.807570399999985],[-51.20271949999995,-28.807811499999953],[-51.20142119999998,-28.810239],[-51.20066129999998,-28.81091139999995],[-51.196486,-28.81029319999994],[-51.19283689999998,-28.80914249999995],[-51.19226349999997,-28.80938379999999],[-51.189735,-28.81178289999997],[-51.188834,-28.81226979999996],[-51.1858266,-28.81189079999995],[-51.1839801,-28.81206449999996],[-51.18373639999999,-28.812813099999957],[-51.18430409999996,-28.814741],[-51.184507,-28.81708219999994],[-51.184037899999964,-28.817598499999978],[-51.183392099999935,-28.817714099999943],[-51.18245009999998,-28.817455699999986],[-51.181115099999936,-28.816322499999952],[-51.18024019999995,-28.816232299999967],[-51.17735459999995,-28.817060399999946],[-51.17590859999996,-28.81715569999995],[-51.17460029999995,-28.817920099999963],[-51.17381839999996,-28.819779],[-51.173648199999946,-28.822527],[-51.17308849999995,-28.822930799999934],[-51.171508399999944,-28.823138399999944],[-51.169994,-28.824175599999926],[-51.169897499999934,-28.825026],[-51.171111099999955,-28.82718339999996],[-51.17074039999994,-28.828887099999974],[-51.16887319999995,-28.829652499999938],[-51.16630379999998,-28.832289199999924],[-51.164602,-28.83356769999995],[-51.16409489999995,-28.834546899999953],[-51.164301499999965,-28.835819199999953],[-51.166101799999986,-28.837439499999945],[-51.167587499999975,-28.839931699999966],[-51.167941799999944,-28.840176199999974],[-51.17088759999996,-28.840869799999947],[-51.17121709999998,-28.841237799999924],[-51.171130699999935,-28.841861899999966],[-51.169523799999986,-28.843282099999954],[-51.168738099999985,-28.843524799999955],[-51.16720689999994,-28.84356329999998],[-51.16570579999995,-28.84341259999997],[-51.163593799999944,-28.842521299999916],[-51.161669899999936,-28.842782599999964],[-51.16027479999997,-28.84264589999998],[-51.15877619999998,-28.841558099999936],[-51.157857,-28.842068899999965],[-51.15732519999995,-28.844803799999973],[-51.157466599999964,-28.845812899999952],[-51.15828639999996,-28.846909699999976],[-51.160871499999985,-28.84850619999997],[-51.16120509999997,-28.84889269999997],[-51.161351699999955,-28.849774699999948],[-51.16078719999996,-28.850776099999955],[-51.15821139999997,-28.85247319999997],[-51.15811119999996,-28.85334209999996],[-51.158875199999954,-28.85401829999995],[-51.16102449999994,-28.85356089999994],[-51.163355699999954,-28.85378969999994],[-51.164741299999946,-28.854743499999977],[-51.16647779999994,-28.85549359999993],[-51.169681899999944,-28.854819699999954],[-51.172084899999966,-28.85514639999997],[-51.17458309999995,-28.855986],[-51.176674299999945,-28.857545],[-51.1768876,-28.856521799999946],[-51.17794839999993,-28.856412599999928],[-51.17948709999997,-28.85517349999997],[-51.18119989999997,-28.854612099999937],[-51.18276209999994,-28.852919199999967],[-51.18571479999997,-28.852637399999928],[-51.1883309,-28.85173929999995],[-51.18915989999994,-28.852570699999937],[-51.191133699999966,-28.85224739999995],[-51.19209539999997,-28.853505299999934],[-51.192589299999945,-28.853586499999956],[-51.19285929999995,-28.85323749999997],[-51.19256649999994,-28.851797899999948],[-51.192786799999965,-28.850891199999968],[-51.193233099999986,-28.850325499999936],[-51.194218,-28.850015099999954],[-51.19505839999994,-28.848740799999973],[-51.19676709999993,-28.848322199999977],[-51.19847789999994,-28.847462],[-51.199105599999946,-28.847323399999947],[-51.20209109999996,-28.8474442],[-51.20414019999998,-28.846625599999975],[-51.204670499999956,-28.845449],[-51.20572,-28.844499],[-51.204958199999965,-28.843875799999967],[-51.20502019999998,-28.843411899999964],[-51.20698229999993,-28.84256019999998],[-51.207613299999934,-28.84205259999993],[-51.20758449999994,-28.84166089999996],[-51.207253299999934,-28.84138089999993],[-51.204659799999945,-28.840853],[-51.20445759999996,-28.840458],[-51.20459779999994,-28.839939299999976],[-51.20553239999998,-28.839005899999965],[-51.20632589999997,-28.838934599999952],[-51.20694819999994,-28.837732],[-51.207398299999966,-28.837497199999973],[-51.20853,-28.837402],[-51.2091071,-28.836361099999973],[-51.21102119999995,-28.835823599999973],[-51.211505099999954,-28.83477609999994],[-51.21053329999995,-28.833850099999953],[-51.210494599999954,-28.832922499999942],[-51.21072,-28.83255469999994],[-51.21115929999996,-28.832218799999957],[-51.212654599999944,-28.83194569999994],[-51.21392779999996,-28.830752099999987],[-51.215649799999944,-28.831298],[-51.216418799999985,-28.831299099999974],[-51.21647129999996,-28.830150199999927],[-51.217859199999964,-28.830006199999957],[-51.21805379999995,-28.828888099999965],[-51.21839849999997,-28.82833019999998],[-51.22108559999999,-28.82619389999996],[-51.22128939999993,-28.82552629999999],[-51.221138,-28.82476989999997],[-51.221572599999945,-28.824371],[-51.22163409999997,-28.82391439999997],[-51.22208929999994,-28.82382079999996],[-51.22308709999999,-28.824309199999956],[-51.22361729999995,-28.82430619999997],[-51.224776599999984,-28.823256499999946],[-51.22482679999997,-28.822598499999966],[-51.226881299999945,-28.82239329999994],[-51.22873869999995,-28.82026749999994],[-51.234235799999965,-28.81713719999993],[-51.23513619999994,-28.817140299999938],[-51.236384799999946,-28.81793179999994],[-51.23782689999995,-28.818007599999934],[-51.239034899999986,-28.819201799999966],[-51.24050719999997,-28.818731599999964],[-51.24214889999997,-28.818787199999978],[-51.24291349999998,-28.81837059999998],[-51.24447229999998,-28.818885499999965],[-51.24690009999995,-28.819203899999927],[-51.24771669999995,-28.81860459999995],[-51.248824799999966,-28.81822849999996],[-51.250854499999946,-28.818819699999942],[-51.251511,-28.818762599999953],[-51.251794,-28.818106299999954],[-51.25139489999998,-28.816993399999948],[-51.25171279999994,-28.816569799999975],[-51.25230149999993,-28.816549],[-51.25377749999996,-28.817489],[-51.255880299999944,-28.821857599999927],[-51.25828949999993,-28.82222469999994],[-51.25875119999995,-28.821644799999934],[-51.259458,-28.822055799999937],[-51.260164799999984,-28.82176819999995],[-51.260721199999985,-28.822079899999945],[-51.261287,-28.821453799999986],[-51.262561199999936,-28.821114399999946],[-51.264253,-28.822898699999932],[-51.26495,-28.824467],[-51.26541749999996,-28.8245932],[-51.266622899999966,-28.824171299999954],[-51.268431599999985,-28.824245],[-51.269187,-28.824867],[-51.26972969999997,-28.826063899999955],[-51.270192899999984,-28.82636009999993]]]}},{"type":"Feature","properties":{"setor":"431043905000008","pop":466,"sigilo_pop":false,"dom":212,"sigilo_dom":false,"mulheres":233,"sigilo_mulheres":false,"c0_4":30,"sigilo_c0_4":false,"c5_9":19,"sigilo_c5_9":false,"i60_69":50,"sigilo_i60_69":false,"i70m":67,"sigilo_i70m":false,"indigenas":0,"sigilo_indigenas":false,"pretos_pardos":71,"sigilo_pretos_pardos":false,"dom_ocupados":193,"sigilo_dom_ocupados":false,"dom_agua":188,"sigilo_dom_agua":false,"dom_esgoto":160,"sigilo_dom_esgoto":false,"renda_resp":3400.69,"sigilo_renda_resp":false,"n_resp":193,"sigilo_n_resp":false,"dens":2986.5,"sigilo_dens":false,"na_bacia":1,"area_pct_bacia":100.0,"metodo_recorte_bacia":"ponto_representativo_setor_2022; area_pct_geometrica"},"geometry":{"type":"Polygon","coordinates":[[[-51.27854309999998,-28.819901399999946],[-51.27969719999993,-28.82712059999994],[-51.281719,-28.826873799999916],[-51.28036689999993,-28.819625399999943],[-51.27854309999998,-28.819901399999946]]]}},{"type":"Feature","properties":{"setor":"431043905000009","pop":702,"sigilo_pop":false,"dom":327,"sigilo_dom":false,"mulheres":362,"sigilo_mulheres":false,"c0_4":46,"sigilo_c0_4":false,"c5_9":49,"sigilo_c5_9":false,"i60_69":69,"sigilo_i60_69":false,"i70m":61,"sigilo_i70m":false,"indigenas":null,"sigilo_indigenas":true,"pretos_pardos":160,"sigilo_pretos_pardos":false,"dom_ocupados":294,"sigilo_dom_ocupados":false,"dom_agua":278,"sigilo_dom_agua":false,"dom_esgoto":114,"sigilo_dom_esgoto":false,"renda_resp":2756.8,"sigilo_renda_resp":false,"n_resp":294,"sigilo_n_resp":false,"dens":405.7,"sigilo_dens":false,"na_bacia":1,"area_pct_bacia":100.0,"metodo_recorte_bacia":"ponto_representativo_setor_2022; area_pct_geometrica"},"geometry":{"type":"Polygon","coordinates":[[[-51.28601939999999,-28.82829119999997],[-51.28920949999997,-28.828158899999945],[-51.28937529999996,-28.821501499999954],[-51.28831539999994,-28.818667299999966],[-51.28036689999993,-28.819625399999943],[-51.281719,-28.826873799999916],[-51.27969719999993,-28.82712059999994],[-51.27841089999998,-28.81913339999994],[-51.274726199999975,-28.819526499999927],[-51.27375149999995,-28.820195899999938],[-51.27312,-28.82020049999995],[-51.27229049999995,-28.819800699999977],[-51.26933319999995,-28.820161],[-51.26781039999997,-28.820697299999953],[-51.27034739999993,-28.821636499999958],[-51.27089179999996,-28.82232869999996],[-51.27148839999996,-28.824597299999954],[-51.27135979999996,-28.825024299999935],[-51.270345,-28.825909399999947],[-51.270192899999984,-28.82636009999993],[-51.27080079999996,-28.82681019999995],[-51.27134189999998,-28.827725599999955],[-51.27202769999997,-28.82750909999994],[-51.27256649999998,-28.827854899999974],[-51.272606499999945,-28.828376699999975],[-51.27203609999999,-28.82869519999997],[-51.272317399999956,-28.82990319999993],[-51.27182019999998,-28.830701799999925],[-51.27211189999997,-28.83127289999992],[-51.27307679999996,-28.830469199999982],[-51.272763399999974,-28.829811799999963],[-51.27286059999995,-28.828914499999932],[-51.274007,-28.82889359999997],[-51.274291,-28.82845459999993],[-51.27541349999996,-28.828699899999943],[-51.2761225,-28.82922339999994],[-51.277893199999944,-28.829400899999936],[-51.27875249999994,-28.829107399999927],[-51.280772699999936,-28.82906429999997],[-51.282626899999975,-28.828702],[-51.28502789999994,-28.82880519999998],[-51.28601939999999,-28.82829119999997]]]}},{"type":"Feature","properties":{"setor":"431043905000010","pop":84,"sigilo_pop":false,"dom":80,"sigilo_dom":false,"mulheres":32,"sigilo_mulheres":false,"c0_4":null,"sigilo_c0_4":true,"c5_9":null,"sigilo_c5_9":true,"i60_69":null,"sigilo_i60_69":true,"i70m":null,"sigilo_i70m":true,"indigenas":0,"sigilo_indigenas":false,"pretos_pardos":18,"sigilo_pretos_pardos":false,"dom_ocupados":36,"sigilo_dom_ocupados":false,"dom_agua":null,"sigilo_dom_agua":true,"dom_esgoto":null,"sigilo_dom_esgoto":true,"renda_resp":2134.86,"sigilo_renda_resp":false,"n_resp":36,"sigilo_n_resp":false,"dens":1.0,"sigilo_dens":false,"na_bacia":1,"area_pct_bacia":100.0,"metodo_recorte_bacia":"ponto_representativo_setor_2022; area_pct_geometrica"},"geometry":{"type":"Polygon","coordinates":[[[-51.289778699999935,-28.587317699999964],[-51.287724899999944,-28.58683609999996],[-51.287692,-28.586590299999948],[-51.2857092,-28.58639679999992],[-51.284821,-28.58595139999994],[-51.283829799999985,-28.584360099999962],[-51.283185599999975,-28.582437299999985],[-51.28202659999994,-28.581164099999967],[-51.280182,-28.58135039999996],[-51.27909559999995,-28.58121939999995],[-51.27942429999997,-28.583938699999987],[-51.279144899999956,-28.585149799999964],[-51.27780589999998,-28.585933399999924],[-51.27498089999995,-28.588295299999974],[-51.27321609999996,-28.588348],[-51.272114199999976,-28.589035],[-51.27172409999998,-28.59003209999997],[-51.27270459999993,-28.59271609999996],[-51.271486399999965,-28.593293399999933],[-51.27054469999996,-28.593220899999945],[-51.269303,-28.592622199999944],[-51.268408499999964,-28.591726699999978],[-51.26726709999997,-28.591090099999974],[-51.26676269999996,-28.590016199999972],[-51.26854459999998,-28.586682499999927],[-51.271100099999956,-28.58350569999994],[-51.271056199999975,-28.581879199999943],[-51.26969519999995,-28.580775099999975],[-51.26909669999998,-28.578942699999967],[-51.26829,-28.577432599999952],[-51.267546299999935,-28.577509899999942],[-51.26599879999998,-28.580014499999955],[-51.265436799999975,-28.580466699999924],[-51.26461149999994,-28.580716899999963],[-51.26301129999996,-28.580793699999962],[-51.261471099999945,-28.58143629999995],[-51.26080969999998,-28.58142149999996],[-51.26024739999997,-28.580791],[-51.26060779999995,-28.578809399999948],[-51.26027629999998,-28.578449399999958],[-51.25823269999995,-28.57837479999995],[-51.25712639999995,-28.578870899999973],[-51.256654099999935,-28.579447199999944],[-51.25529579999995,-28.57931429999996],[-51.254241699999966,-28.57996119999996],[-51.25386419999995,-28.58062849999994],[-51.254308,-28.58189009999996],[-51.254926599999976,-28.582024599999958],[-51.25536489999996,-28.583231299999962],[-51.25555149999997,-28.585351699999922],[-51.25513879999993,-28.585942199999987],[-51.25524269999994,-28.587854599999964],[-51.25631589999995,-28.589206299999944],[-51.25747929999994,-28.589968199999934],[-51.25891849999994,-28.591455699999976],[-51.26013629999994,-28.591753],[-51.26104809999999,-28.59158759999997],[-51.26138279999998,-28.591731399999954],[-51.260429,-28.59256459999994],[-51.25949819999994,-28.592832399999967],[-51.258929499999965,-28.595497699999957],[-51.258554299999965,-28.595647799999934],[-51.25691739999997,-28.595520699999955],[-51.25572919999996,-28.594611799999925],[-51.255268399999984,-28.594540499999933],[-51.251850099999956,-28.59518589999994],[-51.24959339999998,-28.59639119999996],[-51.24808489999999,-28.59605969999996],[-51.245721799999956,-28.596160699999924],[-51.245245099999984,-28.596406599999966],[-51.244677299999985,-28.598097099999972],[-51.243422599999974,-28.598499399999984],[-51.24227389999999,-28.601426],[-51.24153179999996,-28.602006099999976],[-51.241081099999974,-28.602111499999978],[-51.23912119999995,-28.60180739999993],[-51.23931219999997,-28.600862299999946],[-51.239026799999976,-28.600282699999976],[-51.23864149999998,-28.600084],[-51.237055199999986,-28.601450599999964],[-51.23513619999994,-28.60229919999995],[-51.23348189999995,-28.60342319999994],[-51.23243709999997,-28.603629199999947],[-51.231241699999934,-28.603514399999945],[-51.22985529999993,-28.603930399999957],[-51.228870599999944,-28.603180599999988],[-51.22741069999996,-28.602937],[-51.22539739999996,-28.603628499999946],[-51.225355699999966,-28.604289299999955],[-51.22449769999997,-28.60561969999998],[-51.22401649999995,-28.60568349999994],[-51.222458399999944,-28.605143499999933],[-51.22136189999998,-28.605429899999937],[-51.22049059999995,-28.606462799999974],[-51.219162099999956,-28.607449699999968],[-51.21762749999994,-28.608130299999967],[-51.21724549999993,-28.608780099999926],[-51.216732,-28.61064519999996],[-51.21671229999998,-28.611611199999967],[-51.21791059999999,-28.61519869999995],[-51.216888599999955,-28.61629439999996],[-51.216628399999934,-28.616988499999934],[-51.21656859999996,-28.618578399999933],[-51.21692409999998,-28.619859399999935],[-51.214753099999946,-28.621702499999966],[-51.214615599999945,-28.622056],[-51.214797799999985,-28.622475299999966],[-51.214477,-28.62282279999994],[-51.21338509999998,-28.622914899999955],[-51.21285539999996,-28.62364159999992],[-51.212151199999944,-28.623507199999956],[-51.211370699999975,-28.622457899999972],[-51.20879879999996,-28.619992299999986],[-51.208232399999986,-28.619790299999984],[-51.20712089999995,-28.620157499999948],[-51.20672479999996,-28.620751099999953],[-51.205252899999955,-28.621456599999927],[-51.20274809999995,-28.620809],[-51.20070929999998,-28.621720599999943],[-51.19990289999998,-28.62186719999994],[-51.19899269999997,-28.62247479999996],[-51.19680379999995,-28.622307099999954],[-51.196064699999965,-28.622501099999972],[-51.195631499999934,-28.622914899999962],[-51.195595399999945,-28.62340729999994],[-51.19649409999994,-28.624789299999975],[-51.198109199999976,-28.62637219999993],[-51.198094399999945,-28.62671029999996],[-51.197176099999986,-28.6276137],[-51.19650649999994,-28.627839499999943],[-51.19476519999996,-28.626785],[-51.19427349999995,-28.626833299999934],[-51.19373579999996,-28.62728659999994],[-51.192976699999974,-28.62700389999998],[-51.19255359999994,-28.627340399999984],[-51.19246359999995,-28.62799139999992],[-51.19082139999994,-28.62867409999996],[-51.19050379999993,-28.62921909999994],[-51.190206899999964,-28.62915879999996],[-51.189804899999956,-28.628551899999927],[-51.18727,-28.62790459999996],[-51.18490609999998,-28.626646699999974],[-51.18413629999997,-28.626955099999968],[-51.183684,-28.627563199999937],[-51.183218599999975,-28.627157099999973],[-51.181152699999984,-28.62663019999996],[-51.178131,-28.627386599999973],[-51.17527849999993,-28.627154],[-51.17294319999997,-28.627441799999932],[-51.171478399999955,-28.627779499999967],[-51.17015339999995,-28.62872689999995],[-51.167269799999985,-28.628675199999975],[-51.167126,-28.629030299999943],[-51.16761669999994,-28.629860799999967],[-51.166751099999935,-28.63038049999994],[-51.16658029999997,-28.63078989999998],[-51.166589,-28.632183499999933],[-51.166879,-28.632832699999945],[-51.165887599999955,-28.63320229999993],[-51.164989599999956,-28.63433189999995],[-51.16562319999996,-28.635024499999933],[-51.16843339999998,-28.635876299999946],[-51.168587,-28.63604969999995],[-51.168415799999934,-28.63649759999993],[-51.16905689999993,-28.637103499999963],[-51.16844889999994,-28.63765649999993],[-51.16749589999995,-28.637434],[-51.166920699999935,-28.63782579999998],[-51.165856899999945,-28.63780449999996],[-51.165821299999955,-28.639327199999965],[-51.16641029999993,-28.63896309999996],[-51.166771399999966,-28.638989399999957],[-51.1665359,-28.640163299999987],[-51.165553399999965,-28.640465799999962],[-51.16377619999997,-28.641558],[-51.16177019999998,-28.641997199999935],[-51.16194139999994,-28.642527899999955],[-51.164688199999944,-28.64428349999997],[-51.164545199999964,-28.645134499999987],[-51.16356369999994,-28.64581619999996],[-51.1609,-28.646365799999952],[-51.160603599999945,-28.647481099999933],[-51.159816199999966,-28.647966599999958],[-51.15939569999995,-28.64912689999994],[-51.158831099999986,-28.64969049999997],[-51.157023599999945,-28.650555],[-51.15577659999997,-28.650469399999963],[-51.153766099999984,-28.65092089999996],[-51.15327449999995,-28.649601799999957],[-51.15232569999995,-28.648662299999955],[-51.152247699999975,-28.64795209999994],[-51.151486699999964,-28.647801899999926],[-51.15030669999994,-28.649313499999945],[-51.150727699999955,-28.64979119999998],[-51.150534499999935,-28.650921099999938],[-51.149365899999964,-28.65161539999997],[-51.1488212,-28.652515299999944],[-51.14835579999993,-28.652625099999963],[-51.14713279999996,-28.652378499999934],[-51.14619209999996,-28.652605299999962],[-51.145707699999946,-28.655074599999974],[-51.145135,-28.65623429999993],[-51.14515729999994,-28.657637499999975],[-51.14482579999997,-28.658632099999974],[-51.14558649999998,-28.65971859999997],[-51.1458181,-28.660581599999944],[-51.14511119999998,-28.661696899999967],[-51.144870099999935,-28.662612499999966],[-51.14393,-28.663787],[-51.14397609999998,-28.664812199999975],[-51.14439189999997,-28.66577249999995],[-51.14319169999993,-28.666563],[-51.14266769999995,-28.667487799999947],[-51.14268989999994,-28.670958899999956],[-51.14343139999995,-28.671927699999962],[-51.14362919999996,-28.67304949999993],[-51.14613419999995,-28.674759799999944],[-51.14594959999994,-28.677231899999985],[-51.14628349999998,-28.67929229999992],[-51.14715809999995,-28.67973769999998],[-51.147352099999985,-28.680567699999973],[-51.148510499999986,-28.681216299999956],[-51.148720499999975,-28.681916899999983],[-51.14924559999998,-28.682480399999974],[-51.151589899999976,-28.683846699999947],[-51.15189289999996,-28.685186],[-51.15302349999996,-28.68607729999997],[-51.15368189999998,-28.687357199999955],[-51.15426259999998,-28.689395799999936],[-51.154332899999986,-28.69114989999997],[-51.154725499999984,-28.691731199999936],[-51.15463909999994,-28.69283269999994],[-51.15505429999996,-28.694229],[-51.15621109999995,-28.69664839999995],[-51.15769519999998,-28.69775049999998],[-51.158733899999966,-28.698865799999965],[-51.159590899999955,-28.69932789999995],[-51.169862,-28.700074899999958],[-51.17121739999993,-28.70074569999997],[-51.17189349999995,-28.700495099999955],[-51.17519829999997,-28.70057709999998],[-51.17632539999994,-28.700962399999973],[-51.17801949999994,-28.700954699999954],[-51.17959229999997,-28.70171329999993],[-51.18044409999993,-28.701290599999936],[-51.18137959999996,-28.70183869999994],[-51.18188019999997,-28.701657299999965],[-51.18296909999997,-28.70184609999994],[-51.18361679999998,-28.701713499999983],[-51.18696889999995,-28.702074],[-51.18767,-28.701833799999974],[-51.188187,-28.701270799999975],[-51.188410499999975,-28.700138],[-51.188297499999976,-28.698802799999957],[-51.188598,-28.69835639999997],[-51.19027529999994,-28.697579199999947],[-51.191999,-28.697768299999954],[-51.19318449999997,-28.698623199999908],[-51.194167799999946,-28.70059139999995],[-51.19514259999995,-28.70133119999997],[-51.19519229999998,-28.70235509999998],[-51.1971238,-28.70281679999993],[-51.19858059999996,-28.703469599999934],[-51.19891739999998,-28.704066899999923],[-51.19903069999998,-28.70524129999996],[-51.20155029999996,-28.706647199999956],[-51.20370479999996,-28.706516499999957],[-51.20437069999997,-28.70670139999994],[-51.20501989999997,-28.70724579999995],[-51.205258299999976,-28.70788189999996],[-51.20513619999998,-28.708516899999946],[-51.20427709999996,-28.70927349999995],[-51.20346109999998,-28.709392799999932],[-51.202588599999956,-28.70982489999994],[-51.202508799999976,-28.71105669999997],[-51.20269929999995,-28.711351199999957],[-51.20399859999997,-28.711495799999973],[-51.204745399999986,-28.7124841],[-51.206761899999954,-28.713937299999944],[-51.207327599999985,-28.714548899999965],[-51.20767879999994,-28.715681799999974],[-51.20874379999998,-28.71482319999995],[-51.20932569999997,-28.71296969999997],[-51.20947079999996,-28.710774],[-51.209978099999944,-28.70961889999996],[-51.21074909999999,-28.70905549999998],[-51.212053799999985,-28.708551399999962],[-51.215493599999945,-28.70864039999998],[-51.21700589999995,-28.70932239999995],[-51.21801409999995,-28.709174099999927],[-51.21940769999998,-28.708314199999965],[-51.22017869999996,-28.707246699999935],[-51.22089039999997,-28.70445929999995],[-51.22201719999998,-28.70377729999995],[-51.22557559999996,-28.703065599999952],[-51.22625689999995,-28.70196569999996],[-51.22786039999994,-28.701152799999935],[-51.22849669999994,-28.700036199999943],[-51.229513699999984,-28.699378899999928],[-51.23019359999995,-28.69826339999997],[-51.23262329999995,-28.69734089999996],[-51.23340909999996,-28.69668319999995],[-51.23389559999998,-28.695738199999926],[-51.23345229999996,-28.692779399999953],[-51.233152,-28.692092599999967],[-51.231229,-28.69023139999996],[-51.22910319999993,-28.68698139999998],[-51.22864609999994,-28.685883899999965],[-51.228799099999954,-28.684891799999942],[-51.22986529999998,-28.683274699999963],[-51.230191299999944,-28.680737099999938],[-51.23067519999995,-28.679535799999936],[-51.22992509999995,-28.678169299999976],[-51.22977549999996,-28.67546359999994],[-51.22965349999998,-28.675181899999988],[-51.228657399999975,-28.674580499999934],[-51.22894809999997,-28.673253799999937],[-51.22713379999993,-28.672573499999945],[-51.226585,-28.67214449999995],[-51.226170899999936,-28.670059399999943],[-51.22347689999998,-28.668738499999957],[-51.221129099999985,-28.666801199999952],[-51.21935849999995,-28.66592829999996],[-51.21993679999997,-28.665113199999944],[-51.223776799999946,-28.662653899999953],[-51.226503699999974,-28.65921939999998],[-51.22966559999998,-28.654299499999972],[-51.23111289999998,-28.65287709999994],[-51.23285849999997,-28.64975559999994],[-51.23573249999998,-28.648303],[-51.235792899999986,-28.646024199999935],[-51.23667029999996,-28.644974499999925],[-51.23786889999997,-28.642392],[-51.238962699999945,-28.641891099999953],[-51.24745829999995,-28.639617299999944],[-51.249598299999946,-28.63860169999997],[-51.25326079999997,-28.633713099999966],[-51.25424979999997,-28.63191539999997],[-51.25746429999998,-28.628088899999966],[-51.26141789999997,-28.622615799999945],[-51.26383469999996,-28.618521199999975],[-51.264269499999955,-28.617015399999946],[-51.265309899999984,-28.61589559999993],[-51.26818809999998,-28.61377409999994],[-51.26891249999994,-28.611526099999924],[-51.270055799999966,-28.61039079999995],[-51.27028549999995,-28.608947799999946],[-51.27102,-28.60831819999993],[-51.271835,-28.60713919999995],[-51.27192219999995,-28.605240899999963],[-51.27226,-28.603861699999985],[-51.273478,-28.601119],[-51.273184699999945,-28.599043899999966],[-51.27362679999994,-28.597372299999964],[-51.27519589999997,-28.595799699999922],[-51.27895259999997,-28.593096599999967],[-51.279709399999945,-28.591978099999945],[-51.280847499999936,-28.591266499999946],[-51.282187299999975,-28.591073299999945],[-51.283519299999966,-28.59046079999996],[-51.28534319999994,-28.588273499999953],[-51.28575609999996,-28.58813289999994],[-51.28688239999997,-28.588820399999967],[-51.28917279999996,-28.588654299999963],[-51.289778699999935,-28.587317699999964]]]}},{"type":"Feature","properties":{"setor":"431043905000011","pop":14,"sigilo_pop":false,"dom":7,"sigilo_dom":false,"mulheres":7,"sigilo_mulheres":false,"c0_4":0,"sigilo_c0_4":false,"c5_9":0,"sigilo_c5_9":false,"i60_69":0,"sigilo_i60_69":false,"i70m":null,"sigilo_i70m":true,"indigenas":0,"sigilo_indigenas":false,"pretos_pardos":null,"sigilo_pretos_pardos":true,"dom_ocupados":6,"sigilo_dom_ocupados":false,"dom_agua":6,"sigilo_dom_agua":false,"dom_esgoto":0,"sigilo_dom_esgoto":false,"renda_resp":1978.67,"sigilo_renda_resp":false,"n_resp":6,"sigilo_n_resp":false,"dens":616.0,"sigilo_dens":false,"na_bacia":1,"area_pct_bacia":100.0,"metodo_recorte_bacia":"ponto_representativo_setor_2022; area_pct_geometrica"},"geometry":{"type":"Polygon","coordinates":[[[-51.28850739999996,-28.816013399999964],[-51.28920979999999,-28.816426499999988],[-51.289726,-28.817232799999942],[-51.29127919999996,-28.81712889999995],[-51.29080559999994,-28.816333099999945],[-51.29004089999995,-28.815913],[-51.28850739999996,-28.816013399999964]]]}},{"type":"Feature","properties":{"setor":"431043905000012","pop":159,"sigilo_pop":false,"dom":171,"sigilo_dom":false,"mulheres":73,"sigilo_mulheres":false,"c0_4":7,"sigilo_c0_4":false,"c5_9":9,"sigilo_c5_9":false,"i60_69":42,"sigilo_i60_69":false,"i70m":18,"sigilo_i70m":false,"indigenas":0,"sigilo_indigenas":false,"pretos_pardos":0,"sigilo_pretos_pardos":false,"dom_ocupados":60,"sigilo_dom_ocupados":false,"dom_agua":null,"sigilo_dom_agua":true,"dom_esgoto":4,"sigilo_dom_esgoto":false,"renda_resp":3055.0,"sigilo_renda_resp":false,"n_resp":60,"sigilo_n_resp":false,"dens":3.7,"sigilo_dens":false,"na_bacia":1,"area_pct_bacia":100.0,"metodo_recorte_bacia":"ponto_representativo_setor_2022; area_pct_geometrica"},"geometry":{"type":"Polygon","coordinates":[[[-51.40156859999996,-28.80476429999992],[-51.40172659999996,-28.804531699999984],[-51.400051799999964,-28.803481799999915],[-51.39906,-28.802589],[-51.398794899999984,-28.80202939999998],[-51.39921239999995,-28.801346899999942],[-51.40223359999993,-28.799734899999976],[-51.401871699999965,-28.798869399999944],[-51.39957229999993,-28.797139899999937],[-51.394518399999974,-28.797364499999944],[-51.39291449999996,-28.79866549999996],[-51.38963019999994,-28.800474599999987],[-51.38847819999995,-28.80088349999995],[-51.38751639999998,-28.801103299999973],[-51.38649659999999,-28.80102639999996],[-51.38541429999998,-28.800381399999928],[-51.38470269999993,-28.799641],[-51.383803799999946,-28.79769319999998],[-51.38415839999993,-28.796224899999963],[-51.38342979999993,-28.794935899999935],[-51.383018199999974,-28.79275309999997],[-51.383595599999985,-28.791520299999945],[-51.38377339999993,-28.78981069999997],[-51.38290969999997,-28.789233299999978],[-51.382327499999974,-28.789250699999975],[-51.38236979999994,-28.790715099999947],[-51.38087729999996,-28.791768299999944],[-51.379521299999965,-28.792224499999975],[-51.37782969999995,-28.793241499999958],[-51.377214599999945,-28.793068199999936],[-51.37648349999995,-28.792408],[-51.37564259999993,-28.792252399999924],[-51.37330929999996,-28.792566299999972],[-51.37223709999995,-28.792130699999976],[-51.37152689999994,-28.791267599999976],[-51.371654099999944,-28.79074039999995],[-51.37290319999993,-28.78967829999993],[-51.37304779999994,-28.789101899999928],[-51.37246619999996,-28.78663269999992],[-51.37153649999993,-28.78583039999995],[-51.370697699999944,-28.786042099999975],[-51.369150899999966,-28.787184599999936],[-51.36627329999993,-28.78879389999998],[-51.36411229999994,-28.789075099999938],[-51.36277889999997,-28.789602199999926],[-51.359645099999966,-28.788795],[-51.357873,-28.787179399999953],[-51.35652719999995,-28.786777199999946],[-51.35570819999998,-28.78551889999994],[-51.35627559999994,-28.783845299999946],[-51.356037899999926,-28.783446799999986],[-51.355544699999946,-28.78332079999996],[-51.35448679999997,-28.784731199999946],[-51.35378979999995,-28.78522],[-51.35236029999999,-28.783926399999928],[-51.35168759999994,-28.783641399999965],[-51.35093759999995,-28.784865699999962],[-51.35019819999997,-28.785256299999954],[-51.348337299999976,-28.784922],[-51.34671,-28.784960199999936],[-51.34512209999996,-28.786685],[-51.34450679999998,-28.787066899999953],[-51.344826299999966,-28.787814399999938],[-51.34450419999996,-28.788021],[-51.34374649999995,-28.788130499999966],[-51.3418913,-28.787924599999936],[-51.339417699999956,-28.7883308],[-51.338815,-28.78945049999993],[-51.33712939999998,-28.789920499999937],[-51.33618279999996,-28.789960499999957],[-51.33595009999994,-28.790390399999964],[-51.33636269999994,-28.791050599999945],[-51.336246599999974,-28.791567899999965],[-51.33443719999997,-28.792779699999983],[-51.33386269999995,-28.79382169999997],[-51.33145489999998,-28.795029199999927],[-51.33103579999994,-28.795571299999953],[-51.33071109999998,-28.796759],[-51.33039519999994,-28.796886099999938],[-51.32883649999997,-28.796461699999956],[-51.32701929999996,-28.79715279999993],[-51.325738899999976,-28.79797389999993],[-51.324438399999956,-28.79813089999993],[-51.32316609999999,-28.79877639999995],[-51.32193859999995,-28.79909439999994],[-51.31865119999997,-28.798885],[-51.3175222,-28.799289699999967],[-51.31494969999995,-28.799736],[-51.31286639999996,-28.80258489999996],[-51.309677799999974,-28.80446979999993],[-51.30757689999996,-28.8042531],[-51.304254699999944,-28.804955399999976],[-51.30193479999998,-28.80599649999992],[-51.29724659999994,-28.807198399999944],[-51.29375049999993,-28.808490399999982],[-51.29291859999996,-28.813090199999962],[-51.29296129999995,-28.815757299999966],[-51.29228479999995,-28.81651929999999],[-51.29185289999999,-28.816674199999976],[-51.29080559999994,-28.816333099999945],[-51.29127919999996,-28.81712889999995],[-51.289726,-28.817232799999942],[-51.289471499999934,-28.816840899999917],[-51.28824629999997,-28.81692969999995],[-51.28837559999994,-28.817333599999976],[-51.28788389999994,-28.817366599999954],[-51.28937529999996,-28.821501499999954],[-51.28920949999997,-28.828158899999945],[-51.29371239999995,-28.828344299999966],[-51.29493839999998,-28.82907959999994],[-51.29489669999998,-28.829484599999937],[-51.29592979999996,-28.830923799999923],[-51.297514699999965,-28.831887399999978],[-51.29897179999995,-28.832439699999956],[-51.30128319999994,-28.831823299999925],[-51.30228629999994,-28.831981499999987],[-51.302527699999985,-28.83254559999995],[-51.30211129999997,-28.834471799999964],[-51.30279559999997,-28.83515989999996],[-51.30384649999996,-28.835196699999983],[-51.30305889999994,-28.836478],[-51.30333379999997,-28.836676499999957],[-51.304290499999986,-28.836643],[-51.30526879999997,-28.83789629999996],[-51.306002199999966,-28.83793209999994],[-51.30835939999998,-28.83691069999998],[-51.31075529999998,-28.837275099999935],[-51.31099339999997,-28.837547099999934],[-51.31242039999995,-28.83767389999997],[-51.3152889,-28.839077199999974],[-51.31685969999995,-28.838619799999936],[-51.317179899999985,-28.839560099999975],[-51.31794249999996,-28.840585699999963],[-51.3175366,-28.841660799999936],[-51.31748939999994,-28.842862599999943],[-51.316354699999984,-28.843195099999935],[-51.31595549999997,-28.84358339999993],[-51.315871399999935,-28.84404489999998],[-51.31602749999996,-28.84523159999997],[-51.316751099999976,-28.84667609999997],[-51.31667779999998,-28.848042],[-51.31731249999996,-28.848973299999948],[-51.318329399999975,-28.849722699999973],[-51.31848689999999,-28.85015179999993],[-51.318763899999965,-28.849948099999946],[-51.320026499999976,-28.849899199999985],[-51.322663699999964,-28.848644699999966],[-51.323205199999954,-28.847800699999937],[-51.32414149999994,-28.84744309999995],[-51.32428619999996,-28.84663269999993],[-51.324951399999975,-28.846274299999948],[-51.324868599999945,-28.845816599999964],[-51.32521749999995,-28.845386399999953],[-51.32642519999996,-28.844740099999957],[-51.32780119999995,-28.843613799999957],[-51.328947,-28.843357],[-51.32952129999995,-28.842766399999963],[-51.32953489999994,-28.841096099999955],[-51.32979539999997,-28.840836099999933],[-51.331133199999954,-28.840439299999947],[-51.33135009999995,-28.838511099999945],[-51.332682699999964,-28.83725939999993],[-51.33360179999993,-28.83547],[-51.333429199999955,-28.834344699999974],[-51.33384189999998,-28.832637499999972],[-51.334271299999955,-28.83230849999996],[-51.33437329999998,-28.831550699999987],[-51.3367851,-28.829552699999958],[-51.336940899999945,-28.829008299999934],[-51.33668879999993,-28.82831249999998],[-51.3392118,-28.82797469999997],[-51.34034819999994,-28.828203299999924],[-51.34086729999996,-28.829121899999965],[-51.341937,-28.830073199999962],[-51.34426589999999,-28.83132],[-51.34484429999998,-28.832119],[-51.34600769999997,-28.832896],[-51.34648989999994,-28.833565799999977],[-51.346643,-28.834449299999953],[-51.348404,-28.835892499999936],[-51.34951749999993,-28.835271],[-51.35012889999995,-28.83534309999993],[-51.350464,-28.834619399999955],[-51.351645,-28.8341698],[-51.354541299999944,-28.834604],[-51.35538969999994,-28.83426269999995],[-51.35634739999995,-28.834287699999948],[-51.3575661,-28.835090199999975],[-51.35836729999994,-28.835037499999945],[-51.360004799999956,-28.83443719999998],[-51.362334299999986,-28.835244499999924],[-51.364477199999946,-28.83470989999995],[-51.36481249999997,-28.833620099999962],[-51.365876799999974,-28.833357399999944],[-51.366507,-28.832902299999947],[-51.3672969,-28.832933],[-51.369896899999965,-28.832013299999964],[-51.37072259999997,-28.83074239999995],[-51.37168409999998,-28.830443],[-51.37289239999996,-28.83047569999997],[-51.373018599999966,-28.8295955],[-51.373661099999936,-28.828478799999978],[-51.37424459999994,-28.828074899999937],[-51.37449529999998,-28.82742459999997],[-51.37578169999994,-28.827290299999948],[-51.37652689999993,-28.8253678],[-51.376876599999946,-28.825292399999963],[-51.37843679999997,-28.825897],[-51.378849199999934,-28.825587299999924],[-51.37914989999996,-28.824841],[-51.38029819999997,-28.824707299999943],[-51.38028959999997,-28.82257979999997],[-51.380958599999985,-28.821577],[-51.38115039999997,-28.820692],[-51.38171349999993,-28.82040549999994],[-51.38299409999996,-28.82092419999998],[-51.38342589999996,-28.820857],[-51.38450939999996,-28.819117499999948],[-51.38680139999997,-28.817548299999938],[-51.387402899999984,-28.816859],[-51.38725839999995,-28.81637469999998],[-51.385746,-28.81572279999994],[-51.38560289999999,-28.81522589999998],[-51.38578329999996,-28.814851399999945],[-51.387356599999976,-28.81446049999995],[-51.389347,-28.815227799999953],[-51.39025679999998,-28.81459349999994],[-51.39239669999995,-28.81483179999998],[-51.393325499999946,-28.812728799999938],[-51.39659789999996,-28.811239699999923],[-51.39747289999997,-28.81042519999994],[-51.397818,-28.809498099999928],[-51.398244599999934,-28.809067399999954],[-51.400183099999936,-28.808069399999972],[-51.401622,-28.80704259999994],[-51.40191469999996,-28.805972399999963],[-51.40156859999996,-28.80476429999992]]]}},{"type":"Feature","properties":{"setor":"431043920000001","pop":199,"sigilo_pop":false,"dom":113,"sigilo_dom":false,"mulheres":98,"sigilo_mulheres":false,"c0_4":10,"sigilo_c0_4":false,"c5_9":11,"sigilo_c5_9":false,"i60_69":43,"sigilo_i60_69":false,"i70m":36,"sigilo_i70m":false,"indigenas":0,"sigilo_indigenas":false,"pretos_pardos":37,"sigilo_pretos_pardos":false,"dom_ocupados":87,"sigilo_dom_ocupados":false,"dom_agua":82,"sigilo_dom_agua":false,"dom_esgoto":18,"sigilo_dom_esgoto":false,"renda_resp":2280.92,"sigilo_renda_resp":false,"n_resp":87,"sigilo_n_resp":false,"dens":238.8,"sigilo_dens":false,"na_bacia":1,"area_pct_bacia":100.0,"metodo_recorte_bacia":"ponto_representativo_setor_2022; area_pct_geometrica"},"geometry":{"type":"Polygon","coordinates":[[[-51.35882129999993,-28.683106699999943],[-51.36826379999996,-28.679090599999927],[-51.364541899999956,-28.672712099999956],[-51.354932099999985,-28.676334499999932],[-51.35882129999993,-28.683106699999943]]]}},{"type":"Feature","properties":{"setor":"431043920000002","pop":143,"sigilo_pop":false,"dom":104,"sigilo_dom":false,"mulheres":67,"sigilo_mulheres":false,"c0_4":4,"sigilo_c0_4":false,"c5_9":null,"sigilo_c5_9":true,"i60_69":32,"sigilo_i60_69":false,"i70m":26,"sigilo_i70m":false,"indigenas":0,"sigilo_indigenas":false,"pretos_pardos":36,"sigilo_pretos_pardos":false,"dom_ocupados":61,"sigilo_dom_ocupados":false,"dom_agua":13,"sigilo_dom_agua":false,"dom_esgoto":0,"sigilo_dom_esgoto":false,"renda_resp":2729.33,"sigilo_renda_resp":false,"n_resp":61,"sigilo_n_resp":false,"dens":3.6,"sigilo_dens":false,"na_bacia":1,"area_pct_bacia":100.0,"metodo_recorte_bacia":"ponto_representativo_setor_2022; area_pct_geometrica"},"geometry":{"type":"Polygon","coordinates":[[[-51.38223789999995,-28.650562599999937],[-51.38074459999996,-28.648499],[-51.380042199999934,-28.644921099999973],[-51.380178299999955,-28.644372299999922],[-51.38112289999997,-28.643213599999974],[-51.38398849999999,-28.641119499999956],[-51.38465139999993,-28.64031169999998],[-51.38512989999999,-28.63742749999995],[-51.38491039999997,-28.636575799999946],[-51.384129,-28.635636299999934],[-51.38325969999994,-28.635473899999965],[-51.37988709999996,-28.635934799999962],[-51.37993969999996,-28.63640459999993],[-51.37636619999996,-28.636834799999978],[-51.375363299999954,-28.637520899999974],[-51.37447729999997,-28.63934709999995],[-51.37421309999996,-28.641091799999966],[-51.37448749999998,-28.642732599999924],[-51.37384179999998,-28.643884899999925],[-51.37356219999998,-28.645050099999928],[-51.37246609999995,-28.646655799999955],[-51.371573099999985,-28.64754449999998],[-51.370745699999986,-28.64792029999995],[-51.3707,-28.64964719999994],[-51.37167889999996,-28.65105869999996],[-51.37199889999994,-28.652144],[-51.371969099999944,-28.654565499999933],[-51.37167079999995,-28.655193199999932],[-51.37068929999998,-28.656462199999968],[-51.368291,-28.657092499999976],[-51.36647439999996,-28.65826509999994],[-51.36540949999994,-28.65840319999996],[-51.363989,-28.659219199999935],[-51.36456889999994,-28.660363299999975],[-51.365475699999934,-28.661260399999954],[-51.36714169999994,-28.662122],[-51.369003899999946,-28.663778399999956],[-51.369190499999945,-28.664484099999978],[-51.36852219999998,-28.665098199999925],[-51.36628639999998,-28.665891399999957],[-51.3657884,-28.666774799999935],[-51.36448629999996,-28.66790869999995],[-51.36398439999994,-28.668964599999974],[-51.36474339999995,-28.670304599999948],[-51.364541899999956,-28.672712099999956],[-51.36826379999996,-28.679090599999927],[-51.362137,-28.681642699999934],[-51.364080799999954,-28.68500659999995],[-51.36593259999995,-28.68702719999993],[-51.366119399999945,-28.687447099999936],[-51.36572549999994,-28.687911299999936],[-51.366635699999954,-28.688236299999975],[-51.36717439999995,-28.68872809999993],[-51.3698007,-28.691801],[-51.370842799999934,-28.693727399999947],[-51.372282199999965,-28.693790799999928],[-51.372818299999956,-28.69286889999995],[-51.373368899999946,-28.692834099999974],[-51.37438579999997,-28.693836799999936],[-51.37568089999996,-28.694381299999964],[-51.37793189999996,-28.69481739999997],[-51.378469,-28.695099899999956],[-51.38153779999993,-28.69718619999998],[-51.38186539999999,-28.69814],[-51.382239099999936,-28.698516],[-51.384779,-28.699055499999925],[-51.385872,-28.698894],[-51.38572309999995,-28.697142799999938],[-51.38638009999994,-28.69503689999994],[-51.38910559999994,-28.695799599999923],[-51.38957819999996,-28.696215],[-51.39128239999997,-28.695901699999983],[-51.39212779999997,-28.696450699999957],[-51.393756799999956,-28.696699299999977],[-51.39505169999996,-28.697578899999943],[-51.397607499999935,-28.697940299999967],[-51.39864669999997,-28.698527699999946],[-51.39965009999998,-28.6997181],[-51.39961159999996,-28.70164739999995],[-51.40004359999995,-28.702357],[-51.40199939999997,-28.70154489999993],[-51.40567369999997,-28.702427799999946],[-51.40648029999994,-28.702133],[-51.40853409999994,-28.70067229999995],[-51.40954279999995,-28.700371799999978],[-51.41023789999997,-28.700448299999948],[-51.41176919999997,-28.70192849999995],[-51.41383639999998,-28.70344989999995],[-51.41485949999998,-28.70409839999995],[-51.41630489999994,-28.70454269999993],[-51.41665189999998,-28.705196],[-51.41658559999996,-28.705538199999975],[-51.415656599999984,-28.706941899999936],[-51.41576339999995,-28.70728939999998],[-51.416173899999926,-28.70723449999997],[-51.41709259999993,-28.706316],[-51.41791529999994,-28.70618869999993],[-51.41900149999998,-28.706608099999983],[-51.41925419999995,-28.70785769999998],[-51.420177,-28.707768499999933],[-51.42257189999998,-28.70911849999992],[-51.42513889999997,-28.709641299999923],[-51.42792629999997,-28.708752399999977],[-51.429840799999965,-28.707517799999952],[-51.431915,-28.707866399999947],[-51.43274039999994,-28.70395919999992],[-51.43603509999997,-28.696873599999954],[-51.436081799999954,-28.695746899999968],[-51.43558929999995,-28.692921599999973],[-51.434289,-28.68975729999994],[-51.43464379999995,-28.68826879999995],[-51.435635599999955,-28.68746559999994],[-51.438169699999946,-28.686636899999932],[-51.44314269999995,-28.685648199999953],[-51.44689049999994,-28.68528059999994],[-51.449085099999934,-28.68468619999992],[-51.45137409999995,-28.68361989999995],[-51.452392,-28.682348099999952],[-51.452301699999964,-28.681438],[-51.451693499999976,-28.680863],[-51.448302099999985,-28.67954149999997],[-51.44581949999997,-28.677991799999976],[-51.44529269999998,-28.676648499999953],[-51.44505479999999,-28.675097],[-51.44510839999998,-28.672965199999975],[-51.44482449999998,-28.672311899999958],[-51.441616,-28.670015099999947],[-51.44005869999995,-28.669185299999988],[-51.43846509999997,-28.668430199999932],[-51.43596049999997,-28.667723399999943],[-51.43136009999995,-28.66753989999994],[-51.42959479999996,-28.66791389999997],[-51.42781349999996,-28.667680699999956],[-51.42658469999998,-28.668055399999957],[-51.42486279999997,-28.669360899999948],[-51.42399139999998,-28.669747199999954],[-51.42275449999995,-28.670007099999967],[-51.42189469999994,-28.669650699999973],[-51.421420799999964,-28.66899629999994],[-51.420999599999966,-28.66736379999997],[-51.42157759999997,-28.663331799999973],[-51.42103139999995,-28.661856799999946],[-51.42048329999994,-28.661344599999936],[-51.41746839999996,-28.660374399999956],[-51.41609669999996,-28.65893329999994],[-51.41503849999999,-28.657253099999934],[-51.41344859999998,-28.65379559999996],[-51.412023599999934,-28.64959239999996],[-51.409462,-28.645549099999972],[-51.408259,-28.644478799999934],[-51.405452399999945,-28.642640599999947],[-51.401776899999966,-28.63953429999997],[-51.40043039999995,-28.63882359999997],[-51.398707299999955,-28.63877959999996],[-51.39722729999993,-28.639773],[-51.397018299999964,-28.640355599999964],[-51.397193899999934,-28.641053699999933],[-51.39761349999998,-28.641472599999926],[-51.399505699999956,-28.64215969999998],[-51.400129,-28.642653599999964],[-51.400547899999935,-28.643323299999963],[-51.400620499999945,-28.643986699999967],[-51.39915179999997,-28.644315499999948],[-51.39635319999996,-28.644175],[-51.39168869999998,-28.64349459999994],[-51.38958579999997,-28.643801899999964],[-51.388752799999956,-28.644333099999983],[-51.38736559999995,-28.646817799999955],[-51.38491259999995,-28.649504599999954],[-51.38322059999996,-28.650731299999975],[-51.38223789999995,-28.650562599999937]]]}},{"type":"Feature","properties":{"setor":"431043920000003","pop":139,"sigilo_pop":false,"dom":156,"sigilo_dom":false,"mulheres":62,"sigilo_mulheres":false,"c0_4":null,"sigilo_c0_4":true,"c5_9":11,"sigilo_c5_9":false,"i60_69":21,"sigilo_i60_69":false,"i70m":29,"sigilo_i70m":false,"indigenas":0,"sigilo_indigenas":false,"pretos_pardos":null,"sigilo_pretos_pardos":true,"dom_ocupados":52,"sigilo_dom_ocupados":false,"dom_agua":3,"sigilo_dom_agua":false,"dom_esgoto":null,"sigilo_dom_esgoto":true,"renda_resp":1939.14,"sigilo_renda_resp":false,"n_resp":52,"sigilo_n_resp":false,"dens":0.9,"sigilo_dens":false,"na_bacia":1,"area_pct_bacia":100.0,"metodo_recorte_bacia":"ponto_representativo_setor_2022; area_pct_geometrica"},"geometry":{"type":"Polygon","coordinates":[[[-51.287724899999944,-28.58683609999996],[-51.289778699999935,-28.587317699999964],[-51.28917279999996,-28.588654299999963],[-51.28688239999997,-28.588820399999967],[-51.28575609999996,-28.58813289999994],[-51.28534319999994,-28.588273499999953],[-51.283519299999966,-28.59046079999996],[-51.282187299999975,-28.591073299999945],[-51.280847499999936,-28.591266499999946],[-51.279709399999945,-28.591978099999945],[-51.27895259999997,-28.593096599999967],[-51.27519589999997,-28.595799699999922],[-51.27362679999994,-28.597372299999964],[-51.273184699999945,-28.599043899999966],[-51.273478,-28.601119],[-51.27226,-28.603861699999985],[-51.27192219999995,-28.605240899999963],[-51.271835,-28.60713919999995],[-51.27102,-28.60831819999993],[-51.27028549999995,-28.608947799999946],[-51.270055799999966,-28.61039079999995],[-51.26891249999994,-28.611526099999924],[-51.26818809999998,-28.61377409999994],[-51.265309899999984,-28.61589559999993],[-51.264269499999955,-28.617015399999946],[-51.26383469999996,-28.618521199999975],[-51.26141789999997,-28.622615799999945],[-51.25746429999998,-28.628088899999966],[-51.25424979999997,-28.63191539999997],[-51.25326079999997,-28.633713099999966],[-51.249598299999946,-28.63860169999997],[-51.24745829999995,-28.639617299999944],[-51.238962699999945,-28.641891099999953],[-51.23786889999997,-28.642392],[-51.23667029999996,-28.644974499999925],[-51.235792899999986,-28.646024199999935],[-51.23573249999998,-28.648303],[-51.23285849999997,-28.64975559999994],[-51.23111289999998,-28.65287709999994],[-51.22966559999998,-28.654299499999972],[-51.226503699999974,-28.65921939999998],[-51.223776799999946,-28.662653899999953],[-51.21993679999997,-28.665113199999944],[-51.21935849999995,-28.66592829999996],[-51.221129099999985,-28.666801199999952],[-51.22347689999998,-28.668738499999957],[-51.226170899999936,-28.670059399999943],[-51.226585,-28.67214449999995],[-51.22713379999993,-28.672573499999945],[-51.22894809999997,-28.673253799999937],[-51.228657399999975,-28.674580499999934],[-51.22965349999998,-28.675181899999988],[-51.22977549999996,-28.67546359999994],[-51.22992509999995,-28.678169299999976],[-51.23067519999995,-28.679535799999936],[-51.230191299999944,-28.680737099999938],[-51.22986529999998,-28.683274699999963],[-51.228799099999954,-28.684891799999942],[-51.22864609999994,-28.685883899999965],[-51.22910319999993,-28.68698139999998],[-51.231229,-28.69023139999996],[-51.233152,-28.692092599999967],[-51.23378869999994,-28.694566099999978],[-51.23389559999998,-28.695738199999926],[-51.23340909999996,-28.69668319999995],[-51.23262329999995,-28.69734089999996],[-51.23019359999995,-28.69826339999997],[-51.229513699999984,-28.699378899999928],[-51.22849669999994,-28.700036199999943],[-51.22786039999994,-28.701152799999935],[-51.22668179999993,-28.70165919999994],[-51.225940399999956,-28.702334699999934],[-51.22638639999997,-28.703003899999935],[-51.226470099999965,-28.703672799999936],[-51.225944599999934,-28.704654799999958],[-51.22578129999993,-28.705724499999974],[-51.226382599999965,-28.707607],[-51.22688469999997,-28.708364799999973],[-51.228471799999966,-28.709320599999952],[-51.23088359999998,-28.71247089999997],[-51.23172,-28.713094],[-51.23586779999993,-28.71509389999993],[-51.23989179999995,-28.717640399999937],[-51.24298349999999,-28.719908099999934],[-51.24712419999997,-28.724502699999956],[-51.24974239999995,-28.726372],[-51.254271699999954,-28.730298899999983],[-51.25664589999997,-28.734105399999976],[-51.25910209999995,-28.736822399999944],[-51.25940909999998,-28.736867399999944],[-51.26089509999997,-28.73472639999994],[-51.261823799999945,-28.733834399999974],[-51.26279309999995,-28.730810099999925],[-51.265663,-28.729447],[-51.26768279999993,-28.727874599999957],[-51.27045769999995,-28.72680189999994],[-51.27092309999995,-28.726428599999966],[-51.27123579999995,-28.725366399999924],[-51.27327279999997,-28.724257099999935],[-51.27392969999995,-28.72334],[-51.27577309999998,-28.721797399999968],[-51.282023899999956,-28.719038699999935],[-51.284265799999964,-28.718387],[-51.287523599999986,-28.716599599999938],[-51.28893249999993,-28.716399799999976],[-51.28975579999996,-28.71657959999992],[-51.29007649999994,-28.716859],[-51.29168759999993,-28.71682459999993],[-51.29291669999998,-28.715538299999942],[-51.29620449999993,-28.71387089999996],[-51.296851799999956,-28.713283499999918],[-51.29848769999995,-28.712670799999955],[-51.30147339999996,-28.712113899999967],[-51.30282039999997,-28.711255399999963],[-51.30523759999995,-28.711393],[-51.30665909999993,-28.710065799999935],[-51.30615279999996,-28.70896869999995],[-51.30622689999995,-28.70858129999994],[-51.307653199999955,-28.706607099999935],[-51.30954039999995,-28.70694719999994],[-51.30985869999995,-28.706635399999975],[-51.310205199999984,-28.707268599999967],[-51.31017749999995,-28.70823119999995],[-51.31112529999996,-28.708651699999958],[-51.312383099999984,-28.70858879999997],[-51.31342329999995,-28.7081985],[-51.318181299999935,-28.71206219999993],[-51.318836399999945,-28.711885099999954],[-51.32020709999994,-28.712266199999924],[-51.32064609999998,-28.711974699999924],[-51.322722,-28.712730899999936],[-51.32354719999995,-28.712528099999933],[-51.32455919999995,-28.71286889999993],[-51.32515829999994,-28.712532399999915],[-51.325487599999974,-28.711987199999953],[-51.32660689999995,-28.711967299999962],[-51.32792379999995,-28.712288199999936],[-51.32824149999993,-28.712850499999938],[-51.32985929999996,-28.71293919999994],[-51.33125149999995,-28.713320099999972],[-51.33312259999997,-28.71264349999996],[-51.33581029999994,-28.71235369999994],[-51.337217899999985,-28.71156269999994],[-51.33675039999997,-28.710594199999942],[-51.336793,-28.70989819999995],[-51.337592,-28.71012739999998],[-51.33968059999995,-28.708385699999948],[-51.33983549999994,-28.70814119999995],[-51.338901599999986,-28.70757209999994],[-51.339404399999985,-28.707122899999945],[-51.34066479999995,-28.70765149999994],[-51.34101169999997,-28.707184799999936],[-51.3429149,-28.706975699999933],[-51.343581599999936,-28.70763079999994],[-51.34439279999998,-28.70802969999994],[-51.34459739999994,-28.709441799999983],[-51.34621289999996,-28.70992],[-51.347231299999976,-28.70938149999995],[-51.349220599999974,-28.707612699999967],[-51.34931309999997,-28.706029499999943],[-51.34896749999996,-28.704898899999936],[-51.349310799999955,-28.704349799999925],[-51.34947209999996,-28.702870899999944],[-51.350117,-28.70216009999996],[-51.351378699999934,-28.701798899999968],[-51.35259369999994,-28.702252299999945],[-51.353504,-28.701639399999987],[-51.354616599999986,-28.70135169999997],[-51.35532159999996,-28.70065969999996],[-51.35584369999999,-28.699686099999955],[-51.355402599999934,-28.698728899999935],[-51.35614979999997,-28.69838769999995],[-51.357181,-28.69724939999997],[-51.35783929999996,-28.696115499999962],[-51.35772489999994,-28.694803],[-51.358163599999955,-28.69451],[-51.35874019999994,-28.694697199999947],[-51.35899319999998,-28.695773399999958],[-51.359676399999955,-28.696619099999953],[-51.3604165,-28.69691939999995],[-51.362710599999964,-28.697213],[-51.36304889999997,-28.696625599999944],[-51.36543729999994,-28.696814],[-51.366236,-28.69509979999997],[-51.36816009999996,-28.695209399999957],[-51.369487699999986,-28.69389759999996],[-51.370842799999934,-28.693727399999947],[-51.3698007,-28.691801],[-51.36717439999995,-28.68872809999993],[-51.366635699999954,-28.688236299999975],[-51.36572549999994,-28.687911299999936],[-51.366119399999945,-28.687447099999936],[-51.36593259999995,-28.68702719999993],[-51.364080799999954,-28.68500659999995],[-51.362137,-28.681642699999934],[-51.35882129999993,-28.683106699999943],[-51.354932099999985,-28.676334499999932],[-51.364541899999956,-28.672712099999956],[-51.364764,-28.670503],[-51.36398439999994,-28.668964599999974],[-51.36421869999999,-28.668284199999952],[-51.3657884,-28.666774799999935],[-51.36628639999998,-28.665891399999957],[-51.36852219999998,-28.665098199999925],[-51.369190499999945,-28.664484099999978],[-51.369003899999946,-28.663778399999956],[-51.36714169999994,-28.662122],[-51.365475699999934,-28.661260399999954],[-51.36456889999994,-28.660363299999975],[-51.363989,-28.659219199999935],[-51.36540949999994,-28.65840319999996],[-51.36647439999996,-28.65826509999994],[-51.368291,-28.657092499999976],[-51.37068929999998,-28.656462199999968],[-51.37167079999995,-28.655193199999932],[-51.371969099999944,-28.654565499999933],[-51.37199889999994,-28.652144],[-51.37167889999996,-28.65105869999996],[-51.3707,-28.64964719999994],[-51.370745699999986,-28.64792029999995],[-51.371573099999985,-28.64754449999998],[-51.37246609999995,-28.646655799999955],[-51.37356219999998,-28.645050099999928],[-51.37384179999998,-28.643884899999925],[-51.37448749999998,-28.642732599999924],[-51.37421309999996,-28.641091799999966],[-51.37463789999999,-28.638770199999946],[-51.375363299999954,-28.637520899999974],[-51.37636619999996,-28.636834799999978],[-51.37993969999996,-28.63640459999993],[-51.37988709999996,-28.635934799999962],[-51.377557,-28.63603579999994],[-51.371721499999985,-28.635184099999947],[-51.370487899999944,-28.634749499999945],[-51.36952649999996,-28.63412609999995],[-51.36886069999996,-28.633351],[-51.36880319999995,-28.632203299999958],[-51.37075569999996,-28.626880399999937],[-51.37227029999996,-28.62456449999998],[-51.372876099999985,-28.621579199999932],[-51.372539599999975,-28.6206658],[-51.371259899999984,-28.61972529999996],[-51.37074839999997,-28.619657199999953],[-51.36967569999996,-28.621153399999972],[-51.36859789999994,-28.623330899999928],[-51.36783409999998,-28.624050899999926],[-51.366798,-28.62461279999996],[-51.36556879999995,-28.62462159999995],[-51.36431319999997,-28.623734799999962],[-51.362899599999935,-28.621741699999973],[-51.36199969999996,-28.619845199999926],[-51.36036649999994,-28.613734199999946],[-51.36029629999996,-28.612241499999975],[-51.36073529999993,-28.61031869999994],[-51.36015209999994,-28.608428599999982],[-51.35837339999994,-28.609115799999987],[-51.35664749999995,-28.611087799999943],[-51.356301299999984,-28.611785],[-51.35617839999998,-28.613514699999936],[-51.355574799999935,-28.615112699999937],[-51.35561869999998,-28.618176899999966],[-51.35503259999996,-28.619213],[-51.35382969999995,-28.61977489999999],[-51.35243369999995,-28.619353499999942],[-51.35169609999997,-28.61850179999993],[-51.35103979999997,-28.616684299999967],[-51.35087919999995,-28.614835899999946],[-51.350049199999944,-28.613660399999954],[-51.349310099999975,-28.611872799999958],[-51.34835529999998,-28.610573299999945],[-51.34772679999998,-28.610361199999936],[-51.345642199999986,-28.611065],[-51.34330669999998,-28.611170399999935],[-51.34191209999995,-28.610760699999958],[-51.340815299999974,-28.610020199999944],[-51.339800499999974,-28.607485699999984],[-51.33978289999993,-28.606893],[-51.34196039999995,-28.604164599999926],[-51.34294889999995,-28.602074099999978],[-51.34371649999997,-28.601473499999937],[-51.346469,-28.600674499999958],[-51.34778459999996,-28.59979129999993],[-51.347702899999945,-28.595693],[-51.347329499999944,-28.594095899999957],[-51.34753869999997,-28.593566099999975],[-51.348659699999985,-28.592506699999937],[-51.349057699999946,-28.591037399999944],[-51.348866,-28.590557499999935],[-51.347968899999955,-28.589729199999965],[-51.34735429999995,-28.589597499999964],[-51.34640609999997,-28.58986089999995],[-51.34403539999994,-28.591590599999964],[-51.33911409999997,-28.59438269999998],[-51.335387,-28.59557679999994],[-51.33072469999996,-28.596349399999948],[-51.32687459999995,-28.596489899999938],[-51.32196649999997,-28.597736699999935],[-51.32069349999995,-28.597727599999928],[-51.319951,-28.597304099999963],[-51.319737799999984,-28.59655],[-51.32064219999996,-28.594798399999945],[-51.32486389999997,-28.59195059999997],[-51.32567829999994,-28.59175739999995],[-51.32716209999996,-28.592126199999935],[-51.32874259999994,-28.592178799999942],[-51.33066539999999,-28.59148519999997],[-51.33368359999997,-28.59092329999993],[-51.33468449999997,-28.590396499999947],[-51.33585889999995,-28.589202399999976],[-51.33621009999996,-28.588341899999932],[-51.336254,-28.58710389999993],[-51.335485,-28.584411399999958],[-51.33518209999994,-28.583858299999967],[-51.33449949999994,-28.583338],[-51.33349039999997,-28.583231899999944],[-51.33264469999995,-28.583788],[-51.33121639999996,-28.583820099999972],[-51.326646299999936,-28.58307379999996],[-51.325238599999985,-28.582306399999933],[-51.32352929999996,-28.582775299999984],[-51.32340679999998,-28.58366889999996],[-51.323055599999975,-28.58381659999997],[-51.3172383,-28.58333279999993],[-51.316362399999946,-28.584140299999948],[-51.31382609999998,-28.587586799999933],[-51.31387879999994,-28.588060899999956],[-51.31460389999996,-28.58899589999993],[-51.314317799999976,-28.589944299999953],[-51.31473049999994,-28.591660799999932],[-51.314669,-28.59231059999997],[-51.31430029999996,-28.592797899999933],[-51.312679399999986,-28.59377119999993],[-51.311977,-28.59396],[-51.30758329999998,-28.593605399999948],[-51.306591199999964,-28.593879199999936],[-51.303686599999935,-28.593591099999966],[-51.303085099999976,-28.59332109999997],[-51.303177299999966,-28.592640599999974],[-51.30466069999995,-28.591634499999934],[-51.305963599999984,-28.590122],[-51.30621419999995,-28.589517099999963],[-51.304845099999966,-28.58444789999993],[-51.304119,-28.583304],[-51.30336169999998,-28.582720099999953],[-51.30163969999995,-28.582537899999977],[-51.30050159999996,-28.58286719999995],[-51.29783419999996,-28.582512],[-51.29536739999998,-28.58259939999994],[-51.294406599999945,-28.583354799999935],[-51.29426609999996,-28.585391799999964],[-51.293758,-28.586103],[-51.29294139999996,-28.58635759999993],[-51.287692,-28.586590299999948],[-51.287724899999944,-28.58683609999996]]]}},{"type":"Feature","properties":{"setor":"431043925000001","pop":125,"sigilo_pop":false,"dom":58,"sigilo_dom":false,"mulheres":68,"sigilo_mulheres":false,"c0_4":null,"sigilo_c0_4":true,"c5_9":null,"sigilo_c5_9":true,"i60_69":17,"sigilo_i60_69":false,"i70m":27,"sigilo_i70m":false,"indigenas":0,"sigilo_indigenas":false,"pretos_pardos":null,"sigilo_pretos_pardos":true,"dom_ocupados":51,"sigilo_dom_ocupados":false,"dom_agua":0,"sigilo_dom_agua":false,"dom_esgoto":7,"sigilo_dom_esgoto":false,"renda_resp":2058.51,"sigilo_renda_resp":false,"n_resp":51,"sigilo_n_resp":false,"dens":655.9,"sigilo_dens":false,"na_bacia":1,"area_pct_bacia":100.0,"metodo_recorte_bacia":"ponto_representativo_setor_2022; area_pct_geometrica"},"geometry":{"type":"Polygon","coordinates":[[[-51.376030699999944,-28.758841699999955],[-51.37557659999993,-28.76355189999998],[-51.37616829999996,-28.76399289999995],[-51.37822579999994,-28.764323199999982],[-51.37825789999993,-28.763001799999977],[-51.37927,-28.76310609999995],[-51.37943069999994,-28.762618399999955],[-51.379301,-28.75894879999993],[-51.376030699999944,-28.758841699999955]]]}},{"type":"Feature","properties":{"setor":"431043925000002","pop":171,"sigilo_pop":false,"dom":87,"sigilo_dom":false,"mulheres":76,"sigilo_mulheres":false,"c0_4":null,"sigilo_c0_4":true,"c5_9":null,"sigilo_c5_9":true,"i60_69":35,"sigilo_i60_69":false,"i70m":31,"sigilo_i70m":false,"indigenas":0,"sigilo_indigenas":false,"pretos_pardos":null,"sigilo_pretos_pardos":true,"dom_ocupados":66,"sigilo_dom_ocupados":false,"dom_agua":3,"sigilo_dom_agua":false,"dom_esgoto":3,"sigilo_dom_esgoto":false,"renda_resp":1946.83,"sigilo_renda_resp":false,"n_resp":66,"sigilo_n_resp":false,"dens":4.9,"sigilo_dens":false,"na_bacia":1,"area_pct_bacia":100.0,"metodo_recorte_bacia":"ponto_representativo_setor_2022; area_pct_geometrica"},"geometry":{"type":"Polygon","coordinates":[[[-51.42410109999997,-28.74070059999997],[-51.42585349999996,-28.738451399999953],[-51.42468459999998,-28.737631099999938],[-51.424482599999976,-28.737068799999967],[-51.423416399999944,-28.736445599999975],[-51.42305509999994,-28.735927399999987],[-51.42419,-28.735069],[-51.42417859999995,-28.734875099999943],[-51.41958129999995,-28.733271199999926],[-51.417022799999984,-28.7348679],[-51.41637879999996,-28.73505769999997],[-51.41257969999998,-28.734952299999968],[-51.41237289999998,-28.735385399999924],[-51.41337109999995,-28.73586779999993],[-51.41363629999995,-28.736347899999938],[-51.41329269999994,-28.736948],[-51.410915699999975,-28.737090599999924],[-51.409500599999944,-28.73827419999997],[-51.408997399999976,-28.738365399999964],[-51.40792319999997,-28.738009499999972],[-51.407203399999965,-28.73744189999995],[-51.40672929999993,-28.73660249999995],[-51.405950699999956,-28.73608289999993],[-51.40528629999994,-28.73605949999996],[-51.402818699999955,-28.737074599999975],[-51.401133899999934,-28.735854299999975],[-51.40007979999996,-28.735639199999984],[-51.39953389999994,-28.736013],[-51.39902619999999,-28.736969099999953],[-51.39841559999997,-28.73717629999994],[-51.397729399999946,-28.73708579999993],[-51.396430299999956,-28.73645259999994],[-51.395564899999954,-28.73653849999993],[-51.394840399999964,-28.73690579999993],[-51.39326589999996,-28.736008399999932],[-51.39286009999995,-28.736],[-51.39132549999994,-28.73706039999996],[-51.39022969999996,-28.73746429999994],[-51.38877089999994,-28.73891989999993],[-51.38805259999998,-28.739132399999967],[-51.38558969999997,-28.738981399999943],[-51.385293299999944,-28.74034169999992],[-51.38458149999997,-28.74072449999994],[-51.38427539999998,-28.74071929999996],[-51.38371079999996,-28.73976039999997],[-51.383247199999964,-28.739544499999965],[-51.381942199999976,-28.739765],[-51.38048919999995,-28.739611499999963],[-51.37865079999995,-28.73865449999994],[-51.377952499999935,-28.738837299999936],[-51.37646549999993,-28.73880059999993],[-51.37509209999996,-28.739749699999948],[-51.37416689999998,-28.739779499999937],[-51.372171399999964,-28.740606799999966],[-51.371157299999936,-28.74058259999998],[-51.370411399999966,-28.739986499999922],[-51.37003539999995,-28.739258699999944],[-51.37027049999995,-28.738418299999985],[-51.37018619999998,-28.73796419999996],[-51.36979379999997,-28.73761579999996],[-51.36796529999997,-28.736657699999974],[-51.36704069999996,-28.737319299999964],[-51.36669819999997,-28.737211499999948],[-51.36577779999994,-28.736007699999966],[-51.36519409999994,-28.736319799999936],[-51.36486919999994,-28.735873299999984],[-51.36432209999998,-28.735760499999987],[-51.363025799999946,-28.736255699999962],[-51.361658499999976,-28.735055699999972],[-51.36041289999997,-28.733554099999935],[-51.360040099999935,-28.733442599999933],[-51.35887239999994,-28.734211099999975],[-51.35851119999995,-28.73356649999993],[-51.35775529999995,-28.73297809999996],[-51.357491099999955,-28.732889],[-51.35685519999998,-28.733362499999945],[-51.35636809999994,-28.732961599999953],[-51.355804599999935,-28.73089479999993],[-51.35526949999997,-28.730109499999955],[-51.354684099999986,-28.73001739999995],[-51.35412949999994,-28.730057899999963],[-51.35445409999994,-28.731326799999973],[-51.35426629999995,-28.732467],[-51.35493639999998,-28.734188199999945],[-51.353638899999964,-28.735764199999945],[-51.3522043,-28.736927],[-51.352369,-28.737310499999975],[-51.35541209999996,-28.738110599999963],[-51.35702209999994,-28.738969699999927],[-51.35730649999994,-28.741587899999963],[-51.358624199999944,-28.742021899999944],[-51.35891939999993,-28.742940099999938],[-51.360592499999946,-28.745191699999964],[-51.360645799999986,-28.746177699999983],[-51.361641599999984,-28.747979199999968],[-51.36150709999998,-28.74927119999995],[-51.36182529999997,-28.750999899999954],[-51.36292719999995,-28.75171549999994],[-51.36409409999993,-28.75186669999994],[-51.36465019999997,-28.752354],[-51.364128,-28.752807899999933],[-51.365004,-28.75353839999996],[-51.36499319999995,-28.754218799999936],[-51.36467179999994,-28.75498609999993],[-51.36300139999997,-28.756148699999983],[-51.36279829999996,-28.75683469999996],[-51.36321979999997,-28.758207399999943],[-51.36301559999998,-28.760335099999967],[-51.364328899999975,-28.761679299999972],[-51.36530129999995,-28.761777599999952],[-51.36723479999995,-28.762517],[-51.36825029999994,-28.762137199999977],[-51.37235679999998,-28.76206029999997],[-51.374593199999936,-28.760663199999957],[-51.37579559999995,-28.760927],[-51.376030699999944,-28.758841699999955],[-51.379301,-28.75894879999993],[-51.37943069999994,-28.762618399999955],[-51.37914089999998,-28.765280399999945],[-51.38100079999998,-28.76572989999993],[-51.38388619999995,-28.76576709999995],[-51.387148,-28.769065199999936],[-51.38800969999994,-28.769512399999936],[-51.38975359999995,-28.769889799999923],[-51.39145579999996,-28.770807699999974],[-51.39181959999996,-28.771354],[-51.39199339999994,-28.772595],[-51.392461199999964,-28.773108899999958],[-51.393267899999955,-28.77363989999997],[-51.397256099999936,-28.77520149999998],[-51.39897549999995,-28.776095099999967],[-51.39996,-28.776206],[-51.40132749999998,-28.776820699999977],[-51.40341049999995,-28.776221],[-51.408091199999944,-28.776742799999973],[-51.412397399999975,-28.780622],[-51.413295099999964,-28.780906699999953],[-51.41308969999995,-28.781523199999985],[-51.413241599999935,-28.781798199999965],[-51.41504679999997,-28.78298649999992],[-51.416081,-28.784064099999963],[-51.41659519999996,-28.78515339999994],[-51.416313,-28.78760189999998],[-51.417736099999956,-28.788242199999964],[-51.41842569999994,-28.789837199999972],[-51.419818099999986,-28.790801599999938],[-51.420368499999945,-28.792241],[-51.42139589999993,-28.792567499999965],[-51.421662,-28.79333259999993],[-51.42231959999998,-28.794051699999958],[-51.42262129999995,-28.795342699999942],[-51.421935099999985,-28.796081599999976],[-51.420376499999975,-28.796869],[-51.418754,-28.796183699999965],[-51.418346799999945,-28.795728499999946],[-51.41790229999998,-28.795739299999966],[-51.415809499999966,-28.796691899999928],[-51.41315169999996,-28.798311],[-51.41182289999995,-28.79798209999996],[-51.40947669999997,-28.79924779999993],[-51.40891439999996,-28.800418199999964],[-51.40893449999999,-28.80083359999997],[-51.408403199999945,-28.801216099999973],[-51.408672399999936,-28.80243569999993],[-51.409478,-28.802888499999924],[-51.41024269999997,-28.802636],[-51.41041469999993,-28.802151799999933],[-51.409935399999945,-28.80096109999993],[-51.4100122,-28.800618699999962],[-51.411191299999984,-28.799948299999983],[-51.41232139999994,-28.799931199999936],[-51.41393479999994,-28.801174099999972],[-51.415897799999975,-28.80101079999998],[-51.41717969999996,-28.801182],[-51.41901369999994,-28.802191699999973],[-51.421394499999955,-28.802756799999948],[-51.422747499999964,-28.803552699999955],[-51.42440579999994,-28.805049699999984],[-51.427753199999984,-28.806516],[-51.42876919999998,-28.806697],[-51.430618899999956,-28.806432599999944],[-51.43378859999996,-28.807386499999943],[-51.43565429999995,-28.80902269999995],[-51.43626489999997,-28.809153],[-51.437086699999945,-28.807898599999923],[-51.43719119999998,-28.806723099999942],[-51.438037,-28.805897],[-51.43559439999996,-28.804686099999973],[-51.43401239999997,-28.803368299999917],[-51.43290519999994,-28.80105],[-51.432709,-28.798991799999953],[-51.432920399999944,-28.797674299999983],[-51.43385439999997,-28.795185199999935],[-51.43578489999994,-28.792415],[-51.43718529999995,-28.792050599999985],[-51.43948469999998,-28.792151599999947],[-51.444249,-28.793670599999928],[-51.44662729999993,-28.79410519999994],[-51.45280789999998,-28.793926],[-51.456008199999985,-28.793574799999927],[-51.45718039999997,-28.793895299999967],[-51.458672199999974,-28.79355229999993],[-51.45938509999997,-28.79303179999993],[-51.46012239999994,-28.791940899999933],[-51.46021459999997,-28.790742399999953],[-51.459861699999976,-28.789667],[-51.459090799999956,-28.788841499999933],[-51.45765959999994,-28.787748399999952],[-51.45587519999999,-28.786807499999956],[-51.45476429999997,-28.785768399999935],[-51.45160059999995,-28.784061499999943],[-51.44258519999995,-28.77827019999996],[-51.4409371,-28.777344699999965],[-51.438039199999935,-28.77618489999998],[-51.435852,-28.774287699999938],[-51.433056499999964,-28.772290899999977],[-51.43222359999998,-28.772000399999964],[-51.43117859999995,-28.771092399999926],[-51.430814099999964,-28.76862059999996],[-51.43091029999994,-28.76721119999997],[-51.43350039999995,-28.760856699999977],[-51.43404219999997,-28.758716],[-51.434675899999945,-28.753978499999967],[-51.435726099999954,-28.752345299999952],[-51.435159699999986,-28.748060599999967],[-51.43468409999997,-28.746955699999948],[-51.43407829999995,-28.746341099999924],[-51.43186319999995,-28.745044499999945],[-51.42955869999997,-28.74454769999994],[-51.425252,-28.744528],[-51.424415,-28.74413809999993],[-51.42360129999997,-28.74283339999994],[-51.42357059999995,-28.74207829999994],[-51.42410109999997,-28.74070059999997]]]}},{"type":"Feature","properties":{"setor":"431043925000003","pop":154,"sigilo_pop":false,"dom":86,"sigilo_dom":false,"mulheres":74,"sigilo_mulheres":false,"c0_4":null,"sigilo_c0_4":true,"c5_9":null,"sigilo_c5_9":true,"i60_69":27,"sigilo_i60_69":false,"i70m":32,"sigilo_i70m":false,"indigenas":0,"sigilo_indigenas":false,"pretos_pardos":20,"sigilo_pretos_pardos":false,"dom_ocupados":50,"sigilo_dom_ocupados":false,"dom_agua":22,"sigilo_dom_agua":false,"dom_esgoto":0,"sigilo_dom_esgoto":false,"renda_resp":4393.16,"sigilo_renda_resp":false,"n_resp":50,"sigilo_n_resp":false,"dens":5.4,"sigilo_dens":false,"na_bacia":1,"area_pct_bacia":100.0,"metodo_recorte_bacia":"ponto_representativo_setor_2022; area_pct_geometrica"},"geometry":{"type":"Polygon","coordinates":[[[-51.43172629999998,-28.70773909999996],[-51.429840799999965,-28.707517799999952],[-51.42792629999997,-28.708752399999977],[-51.426727399999955,-28.709013799999976],[-51.425654399999985,-28.709587399999975],[-51.42292349999997,-28.709215499999967],[-51.42026839999994,-28.707796899999945],[-51.41925419999995,-28.70785769999998],[-51.41900149999998,-28.706608099999983],[-51.41791529999994,-28.70618869999993],[-51.41709259999993,-28.706316],[-51.416173899999926,-28.70723449999997],[-51.41561749999995,-28.707212099999936],[-51.41658559999996,-28.705538199999975],[-51.41665189999998,-28.705196],[-51.41630489999994,-28.70454269999993],[-51.41485949999998,-28.70409839999995],[-51.41383639999998,-28.70344989999995],[-51.41176919999997,-28.70192849999995],[-51.41023789999997,-28.700448299999948],[-51.40954279999995,-28.700371799999978],[-51.40853409999994,-28.70067229999995],[-51.40648029999994,-28.702133],[-51.40567369999997,-28.702427799999946],[-51.40199939999997,-28.70154489999993],[-51.40004359999995,-28.702357],[-51.39961159999996,-28.70164739999995],[-51.39965009999998,-28.6997181],[-51.39900259999997,-28.698836499999963],[-51.397607499999935,-28.697940299999967],[-51.39505169999996,-28.697578899999943],[-51.393756799999956,-28.696699299999977],[-51.39212779999997,-28.696450699999957],[-51.39128239999997,-28.695901699999983],[-51.38957819999996,-28.696215],[-51.38910559999994,-28.695799599999923],[-51.38638009999994,-28.69503689999994],[-51.38572309999995,-28.697142799999938],[-51.385872,-28.698894],[-51.384779,-28.699055499999925],[-51.38255669999996,-28.698607599999946],[-51.382032,-28.69837949999993],[-51.38153779999993,-28.69718619999998],[-51.378244199999976,-28.694960299999927],[-51.37568089999996,-28.694381299999964],[-51.37438579999997,-28.693836799999936],[-51.373368899999946,-28.692834099999974],[-51.372818299999956,-28.69286889999995],[-51.372282199999965,-28.693790799999928],[-51.370842799999934,-28.693727399999947],[-51.371377299999956,-28.695665099999925],[-51.370898299999965,-28.69674319999995],[-51.37097949999998,-28.69754729999993],[-51.36954719999994,-28.69920769999993],[-51.369574399999976,-28.699450399999932],[-51.37035059999994,-28.700740399999976],[-51.37043429999994,-28.70128709999994],[-51.371847199999934,-28.70199409999998],[-51.37279849999994,-28.70316009999993],[-51.37299249999995,-28.704307799999974],[-51.37354819999996,-28.70545069999997],[-51.37319919999993,-28.707130299999964],[-51.37275269999998,-28.708052],[-51.374845299999954,-28.710691],[-51.37492089999995,-28.71105619999997],[-51.373132,-28.711879799999966],[-51.37279389999998,-28.713352],[-51.37195779999997,-28.714091],[-51.369262899999974,-28.71401719999994],[-51.364254699999954,-28.712807],[-51.36355729999996,-28.71309169999994],[-51.36319469999995,-28.713837],[-51.362062299999934,-28.714521199999986],[-51.360516899999936,-28.71460759999996],[-51.35887509999998,-28.715153099999956],[-51.35716519999994,-28.717891899999987],[-51.3558996,-28.71893329999995],[-51.355198,-28.718929299999953],[-51.35397759999995,-28.71935319999994],[-51.35229849999996,-28.722471099999943],[-51.352064699999964,-28.723259199999976],[-51.353479799999945,-28.724488799999957],[-51.35348079999995,-28.724924699999985],[-51.352538299999935,-28.72608319999995],[-51.352593799999966,-28.72642769999992],[-51.354067699999966,-28.728115199999934],[-51.353511099999935,-28.729282699999946],[-51.35412949999994,-28.730057899999963],[-51.35526949999997,-28.730109499999955],[-51.355804599999935,-28.73089479999993],[-51.35636809999994,-28.732961599999953],[-51.35685519999998,-28.733362499999945],[-51.357491099999955,-28.732889],[-51.35775529999995,-28.73297809999996],[-51.35851119999995,-28.73356649999993],[-51.35887239999994,-28.734211099999975],[-51.360040099999935,-28.733442599999933],[-51.36041289999997,-28.733554099999935],[-51.361658499999976,-28.735055699999972],[-51.363025799999946,-28.736255699999962],[-51.36432209999998,-28.735760499999987],[-51.36486919999994,-28.735873299999984],[-51.36519409999994,-28.736319799999936],[-51.36577779999994,-28.736007699999966],[-51.36669819999997,-28.737211499999948],[-51.36704069999996,-28.737319299999964],[-51.36796529999997,-28.736657699999974],[-51.36979379999997,-28.73761579999996],[-51.37018619999998,-28.73796419999996],[-51.37027049999995,-28.738418299999985],[-51.37003539999995,-28.739258699999944],[-51.370411399999966,-28.739986499999922],[-51.371157299999936,-28.74058259999998],[-51.372171399999964,-28.740606799999966],[-51.37416689999998,-28.739779499999937],[-51.37509209999996,-28.739749699999948],[-51.37646549999993,-28.73880059999993],[-51.377952499999935,-28.738837299999936],[-51.37865079999995,-28.73865449999994],[-51.38048919999995,-28.739611499999963],[-51.381942199999976,-28.739765],[-51.383247199999964,-28.739544499999965],[-51.38371079999996,-28.73976039999997],[-51.38427539999998,-28.74071929999996],[-51.38458149999997,-28.74072449999994],[-51.385293299999944,-28.74034169999992],[-51.38558969999997,-28.738981399999943],[-51.38805259999998,-28.739132399999967],[-51.38877089999994,-28.73891989999993],[-51.39022969999996,-28.73746429999994],[-51.39132549999994,-28.73706039999996],[-51.39286009999995,-28.736],[-51.39326589999996,-28.736008399999932],[-51.394840399999964,-28.73690579999993],[-51.395564899999954,-28.73653849999993],[-51.396430299999956,-28.73645259999994],[-51.397729399999946,-28.73708579999993],[-51.39841559999997,-28.73717629999994],[-51.39902619999999,-28.736969099999953],[-51.39953389999994,-28.736013],[-51.40007979999996,-28.735639199999984],[-51.401133899999934,-28.735854299999975],[-51.402818699999955,-28.737074599999975],[-51.40528629999994,-28.73605949999996],[-51.405950699999956,-28.73608289999993],[-51.40672929999993,-28.73660249999995],[-51.407203399999965,-28.73744189999995],[-51.40792319999997,-28.738009499999972],[-51.408997399999976,-28.738365399999964],[-51.409500599999944,-28.73827419999997],[-51.410915699999975,-28.737090599999924],[-51.41329269999994,-28.736948],[-51.41363629999995,-28.736347899999938],[-51.41337109999995,-28.73586779999993],[-51.41237289999998,-28.735385399999924],[-51.41257969999998,-28.734952299999968],[-51.41637879999996,-28.73505769999997],[-51.417022799999984,-28.7348679],[-51.41958129999995,-28.733271199999926],[-51.42417859999995,-28.734875099999943],[-51.42419,-28.735069],[-51.42305509999994,-28.735927399999987],[-51.423416399999944,-28.736445599999975],[-51.424482599999976,-28.737068799999967],[-51.42468459999998,-28.737631099999938],[-51.42585349999996,-28.738451399999953],[-51.42843849999998,-28.737026099999973],[-51.43076589999998,-28.735080499999974],[-51.431824,-28.733851299999966],[-51.433205699999974,-28.73130059999993],[-51.435151,-28.726138699999975],[-51.43617119999994,-28.722704899999943],[-51.43816319999996,-28.720022499999974],[-51.440313299999964,-28.715970499999973],[-51.44035469999995,-28.71487759999996],[-51.439567,-28.713419799999937],[-51.43776369999995,-28.71234859999992],[-51.433518499999934,-28.710692899999977],[-51.43242409999994,-28.709567],[-51.43172629999998,-28.70773909999996]]]}},{"type":"Feature","properties":{"setor":"431043925000004","pop":423,"sigilo_pop":false,"dom":209,"sigilo_dom":false,"mulheres":198,"sigilo_mulheres":false,"c0_4":11,"sigilo_c0_4":false,"c5_9":27,"sigilo_c5_9":false,"i60_69":82,"sigilo_i60_69":false,"i70m":73,"sigilo_i70m":false,"indigenas":0,"sigilo_indigenas":false,"pretos_pardos":38,"sigilo_pretos_pardos":false,"dom_ocupados":155,"sigilo_dom_ocupados":false,"dom_agua":null,"sigilo_dom_agua":true,"dom_esgoto":8,"sigilo_dom_esgoto":false,"renda_resp":2111.6,"sigilo_renda_resp":false,"n_resp":155,"sigilo_n_resp":false,"dens":5.9,"sigilo_dens":false,"na_bacia":1,"area_pct_bacia":100.0,"metodo_recorte_bacia":"ponto_representativo_setor_2022; area_pct_geometrica"},"geometry":{"type":"Polygon","coordinates":[[[-51.408672399999936,-28.80243569999993],[-51.408403199999945,-28.801216099999973],[-51.40893449999999,-28.80083359999997],[-51.40891439999996,-28.800418199999964],[-51.40947669999997,-28.79924779999993],[-51.41182289999995,-28.79798209999996],[-51.41315169999996,-28.798311],[-51.415809499999966,-28.796691899999928],[-51.41790229999998,-28.795739299999966],[-51.418346799999945,-28.795728499999946],[-51.418754,-28.796183699999965],[-51.420376499999975,-28.796869],[-51.421935099999985,-28.796081599999976],[-51.42262129999995,-28.795342699999942],[-51.42231959999998,-28.794051699999958],[-51.421662,-28.79333259999993],[-51.42139589999993,-28.792567499999965],[-51.420368499999945,-28.792241],[-51.419818099999986,-28.790801599999938],[-51.41842569999994,-28.789837199999972],[-51.417736099999956,-28.788242199999964],[-51.416313,-28.78760189999998],[-51.41659519999996,-28.78515339999994],[-51.416081,-28.784064099999963],[-51.41504679999997,-28.78298649999992],[-51.413241599999935,-28.781798199999965],[-51.41308969999995,-28.781523199999985],[-51.413295099999964,-28.780906699999953],[-51.412397399999975,-28.780622],[-51.408091199999944,-28.776742799999973],[-51.40341049999995,-28.776221],[-51.40132749999998,-28.776820699999977],[-51.39996,-28.776206],[-51.39897549999995,-28.776095099999967],[-51.397256099999936,-28.77520149999998],[-51.393267899999955,-28.77363989999997],[-51.392461199999964,-28.773108899999958],[-51.39199339999994,-28.772595],[-51.39181959999996,-28.771354],[-51.39145579999996,-28.770807699999974],[-51.38975359999995,-28.769889799999923],[-51.38800969999994,-28.769512399999936],[-51.387148,-28.769065199999936],[-51.38388619999995,-28.76576709999995],[-51.38100079999998,-28.76572989999993],[-51.37914089999998,-28.765280399999945],[-51.37934319999994,-28.764482599999955],[-51.37927,-28.76310609999995],[-51.37825789999993,-28.763001799999977],[-51.37822579999994,-28.764323199999982],[-51.37616829999996,-28.76399289999995],[-51.37557659999993,-28.76355189999998],[-51.37579559999995,-28.760927],[-51.374593199999936,-28.760663199999957],[-51.37235679999998,-28.76206029999997],[-51.36825029999994,-28.762137199999977],[-51.36723479999995,-28.762517],[-51.36530129999995,-28.761777599999952],[-51.364328899999975,-28.761679299999972],[-51.36301559999998,-28.760335099999967],[-51.36321979999997,-28.758207399999943],[-51.36279829999996,-28.75683469999996],[-51.36300139999997,-28.756148699999983],[-51.36467179999994,-28.75498609999993],[-51.36499319999995,-28.754218799999936],[-51.365004,-28.75353839999996],[-51.364128,-28.752807899999933],[-51.36465019999997,-28.752354],[-51.36409409999993,-28.75186669999994],[-51.36292719999995,-28.75171549999994],[-51.36182529999997,-28.750999899999954],[-51.36150709999998,-28.74927119999995],[-51.361641599999984,-28.747979199999968],[-51.360645799999986,-28.746177699999983],[-51.360592499999946,-28.745191699999964],[-51.35891939999993,-28.742940099999938],[-51.358624199999944,-28.742021899999944],[-51.35730649999994,-28.741587899999963],[-51.35702209999994,-28.738969699999927],[-51.35541209999996,-28.738110599999963],[-51.352369,-28.737310499999975],[-51.3522043,-28.736927],[-51.353638899999964,-28.735764199999945],[-51.35493639999998,-28.734188199999945],[-51.35426629999995,-28.732467],[-51.35445409999994,-28.731326799999973],[-51.35412949999994,-28.730057899999963],[-51.353511099999935,-28.729282699999946],[-51.354067699999966,-28.728115199999934],[-51.352593799999966,-28.72642769999992],[-51.352538299999935,-28.72608319999995],[-51.35348079999995,-28.724924699999985],[-51.353479799999945,-28.724488799999957],[-51.352064699999964,-28.723259199999976],[-51.35397759999995,-28.71935319999994],[-51.355198,-28.718929299999953],[-51.3558996,-28.71893329999995],[-51.35716519999994,-28.717891899999987],[-51.35887509999998,-28.715153099999956],[-51.360516899999936,-28.71460759999996],[-51.362062299999934,-28.714521199999986],[-51.36319469999995,-28.713837],[-51.36355729999996,-28.71309169999994],[-51.363925,-28.712888299999964],[-51.36680769999998,-28.71330229999996],[-51.369262899999974,-28.71401719999994],[-51.37195779999997,-28.714091],[-51.37279389999998,-28.713352],[-51.373132,-28.711879799999966],[-51.37492089999995,-28.71105619999997],[-51.374845299999954,-28.710691],[-51.37275269999998,-28.708052],[-51.37319919999993,-28.707130299999964],[-51.37354819999996,-28.70545069999997],[-51.37299249999995,-28.704307799999974],[-51.37279849999994,-28.70316009999993],[-51.371847199999934,-28.70199409999998],[-51.37043429999994,-28.70128709999994],[-51.37035059999994,-28.700740399999976],[-51.369574399999976,-28.699450399999932],[-51.36954719999994,-28.69920769999993],[-51.37097949999998,-28.69754729999993],[-51.370898299999965,-28.69674319999995],[-51.371377299999956,-28.695665099999925],[-51.370842799999934,-28.693727399999947],[-51.369487699999986,-28.69389759999996],[-51.36816009999996,-28.695209399999957],[-51.366236,-28.69509979999997],[-51.36543729999994,-28.696814],[-51.36304889999997,-28.696625599999944],[-51.362710599999964,-28.697213],[-51.3604165,-28.69691939999995],[-51.359676399999955,-28.696619099999953],[-51.35899319999998,-28.695773399999958],[-51.35874019999994,-28.694697199999947],[-51.358163599999955,-28.69451],[-51.35772489999994,-28.694803],[-51.35783929999996,-28.696115499999962],[-51.357181,-28.69724939999997],[-51.35614979999997,-28.69838769999995],[-51.355402599999934,-28.698728899999935],[-51.35584369999999,-28.699686099999955],[-51.35532159999996,-28.70065969999996],[-51.354616599999986,-28.70135169999997],[-51.353504,-28.701639399999987],[-51.35259369999994,-28.702252299999945],[-51.351378699999934,-28.701798899999968],[-51.350117,-28.70216009999996],[-51.34947209999996,-28.702870899999944],[-51.349310799999955,-28.704349799999925],[-51.34896749999996,-28.704898899999936],[-51.34931309999997,-28.706029499999943],[-51.349220599999974,-28.707612699999967],[-51.347231299999976,-28.70938149999995],[-51.34621289999996,-28.70992],[-51.34459739999994,-28.709441799999983],[-51.34439279999998,-28.70802969999994],[-51.343581599999936,-28.70763079999994],[-51.3429149,-28.706975699999933],[-51.34101169999997,-28.707184799999936],[-51.34066479999995,-28.70765149999994],[-51.339404399999985,-28.707122899999945],[-51.338901599999986,-28.70757209999994],[-51.33983549999994,-28.70814119999995],[-51.33968059999995,-28.708385699999948],[-51.337592,-28.71012739999998],[-51.336793,-28.70989819999995],[-51.33675039999997,-28.710594199999942],[-51.337217899999985,-28.71156269999994],[-51.33581029999994,-28.71235369999994],[-51.33312259999997,-28.71264349999996],[-51.33125149999995,-28.713320099999972],[-51.32985929999996,-28.71293919999994],[-51.32824149999993,-28.712850499999938],[-51.32792379999995,-28.712288199999936],[-51.32660689999995,-28.711967299999962],[-51.325487599999974,-28.711987199999953],[-51.32515829999994,-28.712532399999915],[-51.32455919999995,-28.71286889999993],[-51.32354719999995,-28.712528099999933],[-51.322722,-28.712730899999936],[-51.32064609999998,-28.711974699999924],[-51.32020709999994,-28.712266199999924],[-51.318836399999945,-28.711885099999954],[-51.318181299999935,-28.71206219999993],[-51.31342329999995,-28.7081985],[-51.312383099999984,-28.70858879999997],[-51.31112529999996,-28.708651699999958],[-51.31017749999995,-28.70823119999995],[-51.310205199999984,-28.707268599999967],[-51.30985869999995,-28.706635399999975],[-51.30954039999995,-28.70694719999994],[-51.307653199999955,-28.706607099999935],[-51.30622689999995,-28.70858129999994],[-51.30615279999996,-28.70896869999995],[-51.30665909999993,-28.710065799999935],[-51.30523759999995,-28.711393],[-51.30282039999997,-28.711255399999963],[-51.30147339999996,-28.712113899999967],[-51.29848769999995,-28.712670799999955],[-51.296851799999956,-28.713283499999918],[-51.29620449999993,-28.71387089999996],[-51.29291669999998,-28.715538299999942],[-51.29168759999993,-28.71682459999993],[-51.29007649999994,-28.716859],[-51.28975579999996,-28.71657959999992],[-51.28893249999993,-28.716399799999976],[-51.287523599999986,-28.716599599999938],[-51.284265799999964,-28.718387],[-51.282023899999956,-28.719038699999935],[-51.27855659999995,-28.720714499999925],[-51.2775281,-28.720874],[-51.27577309999998,-28.721797399999968],[-51.27392969999995,-28.72334],[-51.27327279999997,-28.724257099999935],[-51.27123579999995,-28.725366399999924],[-51.27092309999995,-28.726428599999966],[-51.27045769999995,-28.72680189999994],[-51.26768279999993,-28.727874599999957],[-51.265663,-28.729447],[-51.263098599999985,-28.73059839999996],[-51.26259539999995,-28.7310988],[-51.261823799999945,-28.733834399999974],[-51.26089509999997,-28.73472639999994],[-51.25940909999998,-28.736867399999944],[-51.26083869999996,-28.73863039999998],[-51.261294599999985,-28.740504299999944],[-51.26147769999994,-28.742668499999986],[-51.25904219999996,-28.748639899999937],[-51.25913559999998,-28.750082799999976],[-51.26175479999995,-28.753827399999977],[-51.263124799999964,-28.75261319999992],[-51.265794899999946,-28.751666299999957],[-51.26673859999994,-28.750783699999943],[-51.26709479999994,-28.750781699999944],[-51.26726759999997,-28.751422599999955],[-51.267889,-28.75172639999994],[-51.26887629999993,-28.751517699999965],[-51.26972219999993,-28.75159119999995],[-51.270288899999976,-28.750247099999964],[-51.27231939999996,-28.750454799999947],[-51.275607899999954,-28.75146689999997],[-51.279455,-28.75197089999995],[-51.28098989999995,-28.754311],[-51.28211959999993,-28.75421559999995],[-51.28307539999997,-28.753629399999962],[-51.283894199999956,-28.75479229999997],[-51.28447929999998,-28.754898699999963],[-51.28623229999993,-28.754317099999973],[-51.29019069999998,-28.75374509999994],[-51.29074039999994,-28.754115599999977],[-51.29099909999997,-28.755585],[-51.29161659999995,-28.756523399999924],[-51.294272099999944,-28.7576],[-51.2947923,-28.758159499999966],[-51.295374199999976,-28.758192799999957],[-51.295825899999954,-28.75783309999997],[-51.295955599999964,-28.755741799999942],[-51.29635949999994,-28.755449599999956],[-51.297348699999986,-28.755413499999968],[-51.2976604,-28.75476239999995],[-51.29838129999996,-28.754688399999964],[-51.29985709999994,-28.75558709999995],[-51.30084019999999,-28.75587949999994],[-51.303047799999945,-28.75611709999998],[-51.30387059999998,-28.755675],[-51.304880699999956,-28.75391829999994],[-51.305849299999984,-28.754130399999955],[-51.306136,-28.753986099999963],[-51.30644549999994,-28.75361829999996],[-51.30624679999995,-28.753016899999967],[-51.30566519999997,-28.752727299999943],[-51.30597859999995,-28.752327699999963],[-51.306608399999966,-28.75232859999994],[-51.30746339999996,-28.75261339999998],[-51.308049799999935,-28.75322469999998],[-51.31132029999998,-28.755326799999974],[-51.31303539999993,-28.757378899999935],[-51.31492669999995,-28.757589599999964],[-51.31614129999998,-28.758334499999933],[-51.31647039999995,-28.75871209999997],[-51.31642649999998,-28.759103099999948],[-51.316903499999974,-28.759509],[-51.316743299999985,-28.76035509999997],[-51.31831669999997,-28.760949599999954],[-51.318799599999984,-28.76202709999996],[-51.32040129999995,-28.762627],[-51.321912,-28.763582099999947],[-51.32196849999997,-28.76488789999995],[-51.325091,-28.765222299999948],[-51.326750899999986,-28.76567],[-51.32722039999994,-28.766109799999978],[-51.327331399999935,-28.76655429999994],[-51.326890499999934,-28.767906799999928],[-51.32798789999998,-28.76999849999992],[-51.327443099999975,-28.771173699999963],[-51.32765509999996,-28.77189139999996],[-51.32785789999998,-28.77201],[-51.32866189999998,-28.771634399999975],[-51.330117599999944,-28.77194629999997],[-51.330634499999974,-28.77283829999994],[-51.33182959999993,-28.773826899999953],[-51.33200939999995,-28.774753899999954],[-51.333130299999944,-28.77602939999998],[-51.33450119999998,-28.77621039999998],[-51.335726699999945,-28.77706219999993],[-51.33626819999995,-28.776971099999965],[-51.33722309999996,-28.776349499999984],[-51.33890729999997,-28.77698059999993],[-51.339359299999956,-28.777642],[-51.33982159999994,-28.779256599999936],[-51.34064919999997,-28.780263299999937],[-51.342033499999964,-28.781152],[-51.34396769999995,-28.78177619999996],[-51.343321,-28.78283039999996],[-51.34322769999994,-28.78370039999993],[-51.342597099999985,-28.78501229999994],[-51.34396389999995,-28.787111599999946],[-51.34450679999998,-28.787066899999953],[-51.34512209999996,-28.786685],[-51.34671,-28.784960199999936],[-51.348337299999976,-28.784922],[-51.35019819999997,-28.785256299999954],[-51.35064629999994,-28.785128299999936],[-51.35168759999994,-28.783641399999965],[-51.35236029999999,-28.783926399999928],[-51.35378979999995,-28.78522],[-51.35448679999997,-28.784731199999946],[-51.355544699999946,-28.78332079999996],[-51.356037899999926,-28.783446799999986],[-51.35627559999994,-28.783845299999946],[-51.35570819999998,-28.78551889999994],[-51.35652719999995,-28.786777199999946],[-51.357873,-28.787179399999953],[-51.359645099999966,-28.788795],[-51.36277889999997,-28.789602199999926],[-51.36411229999994,-28.789075099999938],[-51.36627329999993,-28.78879389999998],[-51.369150899999966,-28.787184599999936],[-51.370697699999944,-28.786042099999975],[-51.37153649999993,-28.78583039999995],[-51.37246619999996,-28.78663269999992],[-51.37304779999994,-28.789101899999928],[-51.37290319999993,-28.78967829999993],[-51.371654099999944,-28.79074039999995],[-51.37152689999994,-28.791267599999976],[-51.37223709999995,-28.792130699999976],[-51.37330929999996,-28.792566299999972],[-51.37564259999993,-28.792252399999924],[-51.37648349999995,-28.792408],[-51.377214599999945,-28.793068199999936],[-51.37782969999995,-28.793241499999958],[-51.379521299999965,-28.792224499999975],[-51.38087729999996,-28.791768299999944],[-51.38236979999994,-28.790715099999947],[-51.382327499999974,-28.789250699999975],[-51.38290969999997,-28.789233299999978],[-51.38377339999993,-28.78981069999997],[-51.383595599999985,-28.791520299999945],[-51.383018199999974,-28.79275309999997],[-51.38342979999993,-28.794935899999935],[-51.38415839999993,-28.796224899999963],[-51.383803799999946,-28.79769319999998],[-51.38470269999993,-28.799641],[-51.38541429999998,-28.800381399999928],[-51.38649659999999,-28.80102639999996],[-51.38751639999998,-28.801103299999973],[-51.38963019999994,-28.800474599999987],[-51.39291449999996,-28.79866549999996],[-51.394518399999974,-28.797364499999944],[-51.39957229999993,-28.797139899999937],[-51.401871699999965,-28.798869399999944],[-51.40223359999993,-28.799734899999976],[-51.39921239999995,-28.801346899999942],[-51.398794899999984,-28.80202939999998],[-51.39906,-28.802589],[-51.40117789999994,-28.804215599999953],[-51.40172659999996,-28.804531699999984],[-51.40262659999997,-28.804483399999985],[-51.40370989999997,-28.80360529999996],[-51.407133,-28.80176149999995],[-51.408672399999936,-28.80243569999993]]]}}]}