{"type":"FeatureCollection","name":"4312401","crs":{"type":"name","properties":{"name":"urn:ogc:def:crs:OGC:1.3:CRS84"}},"features":[{"type":"Feature","properties":{"setor":"431240105000001","pop":317,"sigilo_pop":false,"dom":180,"sigilo_dom":false,"mulheres":156,"sigilo_mulheres":false,"c0_4":20,"sigilo_c0_4":false,"c5_9":20,"sigilo_c5_9":false,"i60_69":35,"sigilo_i60_69":false,"i70m":63,"sigilo_i70m":false,"indigenas":0,"sigilo_indigenas":false,"pretos_pardos":39,"sigilo_pretos_pardos":false,"dom_ocupados":135,"sigilo_dom_ocupados":false,"dom_agua":132,"sigilo_dom_agua":false,"dom_esgoto":24,"sigilo_dom_esgoto":false,"renda_resp":6879.19,"sigilo_renda_resp":false,"n_resp":135,"sigilo_n_resp":false,"dens":1970.4,"sigilo_dens":false,"na_bacia":0,"area_pct_bacia":0.0,"metodo_recorte_bacia":"ponto_representativo_setor_2022; area_pct_geometrica","status_borda_bacia":"total","metodo_area_bacia":"interseção geométrica em EPSG:5880","metodo_na_bacia":"ponto_representativo_setor_2022_within_bacia","pop_n_validos":1,"pop_n_total":1,"pop_completude":1.0,"dom_n_validos":1,"dom_n_total":1,"dom_completude":1.0,"dom_ocupados_n_validos":1,"dom_ocupados_n_total":1,"dom_ocupados_completude":1.0,"mulheres_n_validos":1,"mulheres_n_total":1,"mulheres_completude":1.0,"c0_4_n_validos":1,"c0_4_n_total":1,"c0_4_completude":1.0,"c5_9_n_validos":1,"c5_9_n_total":1,"c5_9_completude":1.0,"i60_69_n_validos":1,"i60_69_n_total":1,"i60_69_completude":1.0,"i70m_n_validos":1,"i70m_n_total":1,"i70m_completude":1.0,"indigenas_n_validos":1,"indigenas_n_total":1,"indigenas_completude":1.0,"pretos_pardos_n_validos":1,"pretos_pardos_n_total":1,"pretos_pardos_completude":1.0,"dom_agua_n_validos":1,"dom_agua_n_total":1,"dom_agua_completude":1.0,"dom_esgoto_n_validos":1,"dom_esgoto_n_total":1,"dom_esgoto_completude":1.0,"n_resp_n_validos":1,"n_resp_n_total":1,"n_resp_completude":1.0,"renda_resp_n_validos":1,"renda_resp_n_total":1,"renda_resp_completude":1.0,"dens_n_validos":1,"dens_n_total":1,"dens_completude":1.0},"geometry":{"type":"Polygon","coordinates":[[[-51.458296699999956,-29.688492099999962],[-51.46276389999998,-29.690407799999967],[-51.46433969999999,-29.687736],[-51.45982139999996,-29.685801799999975],[-51.458296699999956,-29.688492099999962]]]}},{"type":"Feature","properties":{"setor":"431240105000002","pop":401,"sigilo_pop":false,"dom":276,"sigilo_dom":false,"mulheres":224,"sigilo_mulheres":false,"c0_4":12,"sigilo_c0_4":false,"c5_9":16,"sigilo_c5_9":false,"i60_69":63,"sigilo_i60_69":false,"i70m":78,"sigilo_i70m":false,"indigenas":null,"sigilo_indigenas":true,"pretos_pardos":28,"sigilo_pretos_pardos":false,"dom_ocupados":200,"sigilo_dom_ocupados":false,"dom_agua":197,"sigilo_dom_agua":false,"dom_esgoto":117,"sigilo_dom_esgoto":false,"renda_resp":5784.57,"sigilo_renda_resp":false,"n_resp":200,"sigilo_n_resp":false,"dens":3611.3,"sigilo_dens":false,"na_bacia":0,"area_pct_bacia":0.0,"metodo_recorte_bacia":"ponto_representativo_setor_2022; area_pct_geometrica","status_borda_bacia":"total","metodo_area_bacia":"interseção geométrica em EPSG:5880","metodo_na_bacia":"ponto_representativo_setor_2022_within_bacia","pop_n_validos":1,"pop_n_total":1,"pop_completude":1.0,"dom_n_validos":1,"dom_n_total":1,"dom_completude":1.0,"dom_ocupados_n_validos":1,"dom_ocupados_n_total":1,"dom_ocupados_completude":1.0,"mulheres_n_validos":1,"mulheres_n_total":1,"mulheres_completude":1.0,"c0_4_n_validos":1,"c0_4_n_total":1,"c0_4_completude":1.0,"c5_9_n_validos":1,"c5_9_n_total":1,"c5_9_completude":1.0,"i60_69_n_validos":1,"i60_69_n_total":1,"i60_69_completude":1.0,"i70m_n_validos":1,"i70m_n_total":1,"i70m_completude":1.0,"indigenas_n_validos":0,"indigenas_n_total":1,"indigenas_completude":0.0,"pretos_pardos_n_validos":1,"pretos_pardos_n_total":1,"pretos_pardos_completude":1.0,"dom_agua_n_validos":1,"dom_agua_n_total":1,"dom_agua_completude":1.0,"dom_esgoto_n_validos":1,"dom_esgoto_n_total":1,"dom_esgoto_completude":1.0,"n_resp_n_validos":1,"n_resp_n_total":1,"n_resp_completude":1.0,"renda_resp_n_validos":1,"renda_resp_n_total":1,"renda_resp_completude":1.0,"dens_n_validos":1,"dens_n_total":1,"dens_completude":1.0},"geometry":{"type":"Polygon","coordinates":[[[-51.46081159999994,-29.68622789999994],[-51.46433969999999,-29.687736],[-51.465683199999944,-29.685409599999943],[-51.46212809999997,-29.683860799999934],[-51.46081159999994,-29.68622789999994]]]}},{"type":"Feature","properties":{"setor":"431240105000003","pop":500,"sigilo_pop":false,"dom":268,"sigilo_dom":false,"mulheres":257,"sigilo_mulheres":false,"c0_4":20,"sigilo_c0_4":false,"c5_9":19,"sigilo_c5_9":false,"i60_69":61,"sigilo_i60_69":false,"i70m":63,"sigilo_i70m":false,"indigenas":0,"sigilo_indigenas":false,"pretos_pardos":35,"sigilo_pretos_pardos":false,"dom_ocupados":218,"sigilo_dom_ocupados":false,"dom_agua":215,"sigilo_dom_agua":false,"dom_esgoto":48,"sigilo_dom_esgoto":false,"renda_resp":4477.03,"sigilo_renda_resp":false,"n_resp":218,"sigilo_n_resp":false,"dens":4046.7,"sigilo_dens":false,"na_bacia":0,"area_pct_bacia":0.0,"metodo_recorte_bacia":"ponto_representativo_setor_2022; area_pct_geometrica","status_borda_bacia":"total","metodo_area_bacia":"interseção geométrica em EPSG:5880","metodo_na_bacia":"ponto_representativo_setor_2022_within_bacia","pop_n_validos":1,"pop_n_total":1,"pop_completude":1.0,"dom_n_validos":1,"dom_n_total":1,"dom_completude":1.0,"dom_ocupados_n_validos":1,"dom_ocupados_n_total":1,"dom_ocupados_completude":1.0,"mulheres_n_validos":1,"mulheres_n_total":1,"mulheres_completude":1.0,"c0_4_n_validos":1,"c0_4_n_total":1,"c0_4_completude":1.0,"c5_9_n_validos":1,"c5_9_n_total":1,"c5_9_completude":1.0,"i60_69_n_validos":1,"i60_69_n_total":1,"i60_69_completude":1.0,"i70m_n_validos":1,"i70m_n_total":1,"i70m_completude":1.0,"indigenas_n_validos":1,"indigenas_n_total":1,"indigenas_completude":1.0,"pretos_pardos_n_validos":1,"pretos_pardos_n_total":1,"pretos_pardos_completude":1.0,"dom_agua_n_validos":1,"dom_agua_n_total":1,"dom_agua_completude":1.0,"dom_esgoto_n_validos":1,"dom_esgoto_n_total":1,"dom_esgoto_completude":1.0,"n_resp_n_validos":1,"n_resp_n_total":1,"n_resp_completude":1.0,"renda_resp_n_validos":1,"renda_resp_n_total":1,"renda_resp_completude":1.0,"dens_n_validos":1,"dens_n_total":1,"dens_completude":1.0},"geometry":{"type":"Polygon","coordinates":[[[-51.46384629999994,-29.684607499999974],[-51.465683199999944,-29.685409599999943],[-51.468029,-29.681589899999953],[-51.467228,-29.67872479999994],[-51.46384629999994,-29.684607499999974]]]}},{"type":"Feature","properties":{"setor":"431240105000004","pop":541,"sigilo_pop":false,"dom":267,"sigilo_dom":false,"mulheres":306,"sigilo_mulheres":false,"c0_4":23,"sigilo_c0_4":false,"c5_9":18,"sigilo_c5_9":false,"i60_69":75,"sigilo_i60_69":false,"i70m":97,"sigilo_i70m":false,"indigenas":0,"sigilo_indigenas":false,"pretos_pardos":82,"sigilo_pretos_pardos":false,"dom_ocupados":229,"sigilo_dom_ocupados":false,"dom_agua":224,"sigilo_dom_agua":false,"dom_esgoto":185,"sigilo_dom_esgoto":false,"renda_resp":4952.16,"sigilo_renda_resp":false,"n_resp":229,"sigilo_n_resp":false,"dens":3325.2,"sigilo_dens":false,"na_bacia":0,"area_pct_bacia":0.0,"metodo_recorte_bacia":"ponto_representativo_setor_2022; area_pct_geometrica","status_borda_bacia":"total","metodo_area_bacia":"interseção geométrica em EPSG:5880","metodo_na_bacia":"ponto_representativo_setor_2022_within_bacia","pop_n_validos":1,"pop_n_total":1,"pop_completude":1.0,"dom_n_validos":1,"dom_n_total":1,"dom_completude":1.0,"dom_ocupados_n_validos":1,"dom_ocupados_n_total":1,"dom_ocupados_completude":1.0,"mulheres_n_validos":1,"mulheres_n_total":1,"mulheres_completude":1.0,"c0_4_n_validos":1,"c0_4_n_total":1,"c0_4_completude":1.0,"c5_9_n_validos":1,"c5_9_n_total":1,"c5_9_completude":1.0,"i60_69_n_validos":1,"i60_69_n_total":1,"i60_69_completude":1.0,"i70m_n_validos":1,"i70m_n_total":1,"i70m_completude":1.0,"indigenas_n_validos":1,"indigenas_n_total":1,"indigenas_completude":1.0,"pretos_pardos_n_validos":1,"pretos_pardos_n_total":1,"pretos_pardos_completude":1.0,"dom_agua_n_validos":1,"dom_agua_n_total":1,"dom_agua_completude":1.0,"dom_esgoto_n_validos":1,"dom_esgoto_n_total":1,"dom_esgoto_completude":1.0,"n_resp_n_validos":1,"n_resp_n_total":1,"n_resp_completude":1.0,"renda_resp_n_validos":1,"renda_resp_n_total":1,"renda_resp_completude":1.0,"dens_n_validos":1,"dens_n_total":1,"dens_completude":1.0},"geometry":{"type":"Polygon","coordinates":[[[-51.46664839999993,-29.67582389999995],[-51.46212809999997,-29.683860799999934],[-51.46384629999994,-29.684607499999974],[-51.467228,-29.67872479999994],[-51.46664839999993,-29.67582389999995]]]}},{"type":"Feature","properties":{"setor":"431240105000005","pop":243,"sigilo_pop":false,"dom":141,"sigilo_dom":false,"mulheres":127,"sigilo_mulheres":false,"c0_4":7,"sigilo_c0_4":false,"c5_9":17,"sigilo_c5_9":false,"i60_69":34,"sigilo_i60_69":false,"i70m":33,"sigilo_i70m":false,"indigenas":0,"sigilo_indigenas":false,"pretos_pardos":19,"sigilo_pretos_pardos":false,"dom_ocupados":108,"sigilo_dom_ocupados":false,"dom_agua":108,"sigilo_dom_agua":false,"dom_esgoto":66,"sigilo_dom_esgoto":false,"renda_resp":6270.18,"sigilo_renda_resp":false,"n_resp":108,"sigilo_n_resp":false,"dens":2448.7,"sigilo_dens":false,"na_bacia":0,"area_pct_bacia":0.0,"metodo_recorte_bacia":"ponto_representativo_setor_2022; area_pct_geometrica","status_borda_bacia":"total","metodo_area_bacia":"interseção geométrica em EPSG:5880","metodo_na_bacia":"ponto_representativo_setor_2022_within_bacia","pop_n_validos":1,"pop_n_total":1,"pop_completude":1.0,"dom_n_validos":1,"dom_n_total":1,"dom_completude":1.0,"dom_ocupados_n_validos":1,"dom_ocupados_n_total":1,"dom_ocupados_completude":1.0,"mulheres_n_validos":1,"mulheres_n_total":1,"mulheres_completude":1.0,"c0_4_n_validos":1,"c0_4_n_total":1,"c0_4_completude":1.0,"c5_9_n_validos":1,"c5_9_n_total":1,"c5_9_completude":1.0,"i60_69_n_validos":1,"i60_69_n_total":1,"i60_69_completude":1.0,"i70m_n_validos":1,"i70m_n_total":1,"i70m_completude":1.0,"indigenas_n_validos":1,"indigenas_n_total":1,"indigenas_completude":1.0,"pretos_pardos_n_validos":1,"pretos_pardos_n_total":1,"pretos_pardos_completude":1.0,"dom_agua_n_validos":1,"dom_agua_n_total":1,"dom_agua_completude":1.0,"dom_esgoto_n_validos":1,"dom_esgoto_n_total":1,"dom_esgoto_completude":1.0,"n_resp_n_validos":1,"n_resp_n_total":1,"n_resp_completude":1.0,"renda_resp_n_validos":1,"renda_resp_n_total":1,"renda_resp_completude":1.0,"dens_n_validos":1,"dens_n_total":1,"dens_completude":1.0},"geometry":{"type":"Polygon","coordinates":[[[-51.460171899999985,-29.682995],[-51.45886159999998,-29.685388799999938],[-51.46081159999994,-29.68622789999994],[-51.46378109999994,-29.68088889999997],[-51.462659299999984,-29.680726],[-51.46116059999997,-29.68343139999996],[-51.460171899999985,-29.682995]]]}},{"type":"Feature","properties":{"setor":"431240105000006","pop":438,"sigilo_pop":false,"dom":224,"sigilo_dom":false,"mulheres":224,"sigilo_mulheres":false,"c0_4":16,"sigilo_c0_4":false,"c5_9":26,"sigilo_c5_9":false,"i60_69":47,"sigilo_i60_69":false,"i70m":45,"sigilo_i70m":false,"indigenas":0,"sigilo_indigenas":false,"pretos_pardos":81,"sigilo_pretos_pardos":false,"dom_ocupados":184,"sigilo_dom_ocupados":false,"dom_agua":181,"sigilo_dom_agua":false,"dom_esgoto":60,"sigilo_dom_esgoto":false,"renda_resp":4196.64,"sigilo_renda_resp":false,"n_resp":184,"sigilo_n_resp":false,"dens":7078.6,"sigilo_dens":false,"na_bacia":0,"area_pct_bacia":0.0,"metodo_recorte_bacia":"ponto_representativo_setor_2022; area_pct_geometrica","status_borda_bacia":"total","metodo_area_bacia":"interseção geométrica em EPSG:5880","metodo_na_bacia":"ponto_representativo_setor_2022_within_bacia","pop_n_validos":1,"pop_n_total":1,"pop_completude":1.0,"dom_n_validos":1,"dom_n_total":1,"dom_completude":1.0,"dom_ocupados_n_validos":1,"dom_ocupados_n_total":1,"dom_ocupados_completude":1.0,"mulheres_n_validos":1,"mulheres_n_total":1,"mulheres_completude":1.0,"c0_4_n_validos":1,"c0_4_n_total":1,"c0_4_completude":1.0,"c5_9_n_validos":1,"c5_9_n_total":1,"c5_9_completude":1.0,"i60_69_n_validos":1,"i60_69_n_total":1,"i60_69_completude":1.0,"i70m_n_validos":1,"i70m_n_total":1,"i70m_completude":1.0,"indigenas_n_validos":1,"indigenas_n_total":1,"indigenas_completude":1.0,"pretos_pardos_n_validos":1,"pretos_pardos_n_total":1,"pretos_pardos_completude":1.0,"dom_agua_n_validos":1,"dom_agua_n_total":1,"dom_agua_completude":1.0,"dom_esgoto_n_validos":1,"dom_esgoto_n_total":1,"dom_esgoto_completude":1.0,"n_resp_n_validos":1,"n_resp_n_total":1,"n_resp_completude":1.0,"renda_resp_n_validos":1,"renda_resp_n_total":1,"renda_resp_completude":1.0,"dens_n_validos":1,"dens_n_total":1,"dens_completude":1.0},"geometry":{"type":"Polygon","coordinates":[[[-51.461202,-29.67846309999993],[-51.45993069999997,-29.67977],[-51.46148479999994,-29.680869099999946],[-51.460171899999985,-29.682995],[-51.46116059999997,-29.68343139999996],[-51.462659299999984,-29.680726],[-51.4619656,-29.68027869999998],[-51.46177229999995,-29.679336499999977],[-51.461202,-29.67846309999993]]]}},{"type":"Feature","properties":{"setor":"431240105000007","pop":573,"sigilo_pop":false,"dom":327,"sigilo_dom":false,"mulheres":330,"sigilo_mulheres":false,"c0_4":31,"sigilo_c0_4":false,"c5_9":31,"sigilo_c5_9":false,"i60_69":55,"sigilo_i60_69":false,"i70m":49,"sigilo_i70m":false,"indigenas":0,"sigilo_indigenas":false,"pretos_pardos":47,"sigilo_pretos_pardos":false,"dom_ocupados":288,"sigilo_dom_ocupados":false,"dom_agua":286,"sigilo_dom_agua":false,"dom_esgoto":108,"sigilo_dom_esgoto":false,"renda_resp":4962.06,"sigilo_renda_resp":false,"n_resp":288,"sigilo_n_resp":false,"dens":4490.0,"sigilo_dens":false,"na_bacia":0,"area_pct_bacia":0.0,"metodo_recorte_bacia":"ponto_representativo_setor_2022; area_pct_geometrica","status_borda_bacia":"total","metodo_area_bacia":"interseção geométrica em EPSG:5880","metodo_na_bacia":"ponto_representativo_setor_2022_within_bacia","pop_n_validos":1,"pop_n_total":1,"pop_completude":1.0,"dom_n_validos":1,"dom_n_total":1,"dom_completude":1.0,"dom_ocupados_n_validos":1,"dom_ocupados_n_total":1,"dom_ocupados_completude":1.0,"mulheres_n_validos":1,"mulheres_n_total":1,"mulheres_completude":1.0,"c0_4_n_validos":1,"c0_4_n_total":1,"c0_4_completude":1.0,"c5_9_n_validos":1,"c5_9_n_total":1,"c5_9_completude":1.0,"i60_69_n_validos":1,"i60_69_n_total":1,"i60_69_completude":1.0,"i70m_n_validos":1,"i70m_n_total":1,"i70m_completude":1.0,"indigenas_n_validos":1,"indigenas_n_total":1,"indigenas_completude":1.0,"pretos_pardos_n_validos":1,"pretos_pardos_n_total":1,"pretos_pardos_completude":1.0,"dom_agua_n_validos":1,"dom_agua_n_total":1,"dom_agua_completude":1.0,"dom_esgoto_n_validos":1,"dom_esgoto_n_total":1,"dom_esgoto_completude":1.0,"n_resp_n_validos":1,"n_resp_n_total":1,"n_resp_completude":1.0,"renda_resp_n_validos":1,"renda_resp_n_total":1,"renda_resp_completude":1.0,"dens_n_validos":1,"dens_n_total":1,"dens_completude":1.0},"geometry":{"type":"Polygon","coordinates":[[[-51.45774669999998,-29.68247149999997],[-51.45758059999997,-29.683239],[-51.45783209999996,-29.684895199999968],[-51.456296,-29.687640299999934],[-51.458296699999956,-29.688492099999962],[-51.45982139999996,-29.685801799999975],[-51.45886159999998,-29.685388799999938],[-51.460171899999985,-29.682995],[-51.45880569999998,-29.682417099999956],[-51.45774669999998,-29.68247149999997]]]}},{"type":"Feature","properties":{"setor":"431240105000008","pop":301,"sigilo_pop":false,"dom":160,"sigilo_dom":false,"mulheres":165,"sigilo_mulheres":false,"c0_4":9,"sigilo_c0_4":false,"c5_9":11,"sigilo_c5_9":false,"i60_69":55,"sigilo_i60_69":false,"i70m":53,"sigilo_i70m":false,"indigenas":0,"sigilo_indigenas":false,"pretos_pardos":20,"sigilo_pretos_pardos":false,"dom_ocupados":129,"sigilo_dom_ocupados":false,"dom_agua":127,"sigilo_dom_agua":false,"dom_esgoto":74,"sigilo_dom_esgoto":false,"renda_resp":3746.81,"sigilo_renda_resp":false,"n_resp":129,"sigilo_n_resp":false,"dens":2157.9,"sigilo_dens":false,"na_bacia":0,"area_pct_bacia":0.0,"metodo_recorte_bacia":"ponto_representativo_setor_2022; area_pct_geometrica","status_borda_bacia":"total","metodo_area_bacia":"interseção geométrica em EPSG:5880","metodo_na_bacia":"ponto_representativo_setor_2022_within_bacia","pop_n_validos":1,"pop_n_total":1,"pop_completude":1.0,"dom_n_validos":1,"dom_n_total":1,"dom_completude":1.0,"dom_ocupados_n_validos":1,"dom_ocupados_n_total":1,"dom_ocupados_completude":1.0,"mulheres_n_validos":1,"mulheres_n_total":1,"mulheres_completude":1.0,"c0_4_n_validos":1,"c0_4_n_total":1,"c0_4_completude":1.0,"c5_9_n_validos":1,"c5_9_n_total":1,"c5_9_completude":1.0,"i60_69_n_validos":1,"i60_69_n_total":1,"i60_69_completude":1.0,"i70m_n_validos":1,"i70m_n_total":1,"i70m_completude":1.0,"indigenas_n_validos":1,"indigenas_n_total":1,"indigenas_completude":1.0,"pretos_pardos_n_validos":1,"pretos_pardos_n_total":1,"pretos_pardos_completude":1.0,"dom_agua_n_validos":1,"dom_agua_n_total":1,"dom_agua_completude":1.0,"dom_esgoto_n_validos":1,"dom_esgoto_n_total":1,"dom_esgoto_completude":1.0,"n_resp_n_validos":1,"n_resp_n_total":1,"n_resp_completude":1.0,"renda_resp_n_validos":1,"renda_resp_n_total":1,"renda_resp_completude":1.0,"dens_n_validos":1,"dens_n_total":1,"dens_completude":1.0},"geometry":{"type":"Polygon","coordinates":[[[-51.456296,-29.687640299999934],[-51.45459829999999,-29.690637299999942],[-51.455630499999984,-29.691038699999964],[-51.45482349999998,-29.692502499999932],[-51.45581889999994,-29.692959399999953],[-51.45495669999997,-29.694539],[-51.45585169999998,-29.695023599999956],[-51.45762169999995,-29.69188479999997],[-51.45663259999998,-29.691460599999974],[-51.458296699999956,-29.688492099999962],[-51.456296,-29.687640299999934]]]}},{"type":"Feature","properties":{"setor":"431240105000009","pop":293,"sigilo_pop":false,"dom":236,"sigilo_dom":false,"mulheres":156,"sigilo_mulheres":false,"c0_4":12,"sigilo_c0_4":false,"c5_9":12,"sigilo_c5_9":false,"i60_69":37,"sigilo_i60_69":false,"i70m":54,"sigilo_i70m":false,"indigenas":0,"sigilo_indigenas":false,"pretos_pardos":17,"sigilo_pretos_pardos":false,"dom_ocupados":145,"sigilo_dom_ocupados":false,"dom_agua":145,"sigilo_dom_agua":false,"dom_esgoto":118,"sigilo_dom_esgoto":false,"renda_resp":4019.82,"sigilo_renda_resp":false,"n_resp":145,"sigilo_n_resp":false,"dens":3731.5,"sigilo_dens":false,"na_bacia":0,"area_pct_bacia":0.0,"metodo_recorte_bacia":"ponto_representativo_setor_2022; area_pct_geometrica","status_borda_bacia":"total","metodo_area_bacia":"interseção geométrica em EPSG:5880","metodo_na_bacia":"ponto_representativo_setor_2022_within_bacia","pop_n_validos":1,"pop_n_total":1,"pop_completude":1.0,"dom_n_validos":1,"dom_n_total":1,"dom_completude":1.0,"dom_ocupados_n_validos":1,"dom_ocupados_n_total":1,"dom_ocupados_completude":1.0,"mulheres_n_validos":1,"mulheres_n_total":1,"mulheres_completude":1.0,"c0_4_n_validos":1,"c0_4_n_total":1,"c0_4_completude":1.0,"c5_9_n_validos":1,"c5_9_n_total":1,"c5_9_completude":1.0,"i60_69_n_validos":1,"i60_69_n_total":1,"i60_69_completude":1.0,"i70m_n_validos":1,"i70m_n_total":1,"i70m_completude":1.0,"indigenas_n_validos":1,"indigenas_n_total":1,"indigenas_completude":1.0,"pretos_pardos_n_validos":1,"pretos_pardos_n_total":1,"pretos_pardos_completude":1.0,"dom_agua_n_validos":1,"dom_agua_n_total":1,"dom_agua_completude":1.0,"dom_esgoto_n_validos":1,"dom_esgoto_n_total":1,"dom_esgoto_completude":1.0,"n_resp_n_validos":1,"n_resp_n_total":1,"n_resp_completude":1.0,"renda_resp_n_validos":1,"renda_resp_n_total":1,"renda_resp_completude":1.0,"dens_n_validos":1,"dens_n_total":1,"dens_completude":1.0},"geometry":{"type":"Polygon","coordinates":[[[-51.45663259999998,-29.691460599999974],[-51.45860649999997,-29.692307099999944],[-51.46028739999997,-29.68933489999996],[-51.458296699999956,-29.688492099999962],[-51.45663259999998,-29.691460599999974]]]}},{"type":"Feature","properties":{"setor":"431240105000010","pop":396,"sigilo_pop":false,"dom":201,"sigilo_dom":false,"mulheres":202,"sigilo_mulheres":false,"c0_4":16,"sigilo_c0_4":false,"c5_9":19,"sigilo_c5_9":false,"i60_69":65,"sigilo_i60_69":false,"i70m":58,"sigilo_i70m":false,"indigenas":0,"sigilo_indigenas":false,"pretos_pardos":29,"sigilo_pretos_pardos":false,"dom_ocupados":175,"sigilo_dom_ocupados":false,"dom_agua":175,"sigilo_dom_agua":false,"dom_esgoto":144,"sigilo_dom_esgoto":false,"renda_resp":3627.15,"sigilo_renda_resp":false,"n_resp":175,"sigilo_n_resp":false,"dens":2685.2,"sigilo_dens":false,"na_bacia":0,"area_pct_bacia":0.0,"metodo_recorte_bacia":"ponto_representativo_setor_2022; area_pct_geometrica","status_borda_bacia":"total","metodo_area_bacia":"interseção geométrica em EPSG:5880","metodo_na_bacia":"ponto_representativo_setor_2022_within_bacia","pop_n_validos":1,"pop_n_total":1,"pop_completude":1.0,"dom_n_validos":1,"dom_n_total":1,"dom_completude":1.0,"dom_ocupados_n_validos":1,"dom_ocupados_n_total":1,"dom_ocupados_completude":1.0,"mulheres_n_validos":1,"mulheres_n_total":1,"mulheres_completude":1.0,"c0_4_n_validos":1,"c0_4_n_total":1,"c0_4_completude":1.0,"c5_9_n_validos":1,"c5_9_n_total":1,"c5_9_completude":1.0,"i60_69_n_validos":1,"i60_69_n_total":1,"i60_69_completude":1.0,"i70m_n_validos":1,"i70m_n_total":1,"i70m_completude":1.0,"indigenas_n_validos":1,"indigenas_n_total":1,"indigenas_completude":1.0,"pretos_pardos_n_validos":1,"pretos_pardos_n_total":1,"pretos_pardos_completude":1.0,"dom_agua_n_validos":1,"dom_agua_n_total":1,"dom_agua_completude":1.0,"dom_esgoto_n_validos":1,"dom_esgoto_n_total":1,"dom_esgoto_completude":1.0,"n_resp_n_validos":1,"n_resp_n_total":1,"n_resp_completude":1.0,"renda_resp_n_validos":1,"renda_resp_n_total":1,"renda_resp_completude":1.0,"dens_n_validos":1,"dens_n_total":1,"dens_completude":1.0},"geometry":{"type":"Polygon","coordinates":[[[-51.46028739999997,-29.68933489999996],[-51.45779589999996,-29.693806299999952],[-51.46024449999993,-29.694859],[-51.46276389999998,-29.690407799999967],[-51.46028739999997,-29.68933489999996]]]}},{"type":"Feature","properties":{"setor":"431240105000011","pop":407,"sigilo_pop":false,"dom":193,"sigilo_dom":false,"mulheres":213,"sigilo_mulheres":false,"c0_4":17,"sigilo_c0_4":false,"c5_9":25,"sigilo_c5_9":false,"i60_69":49,"sigilo_i60_69":false,"i70m":60,"sigilo_i70m":false,"indigenas":null,"sigilo_indigenas":true,"pretos_pardos":53,"sigilo_pretos_pardos":false,"dom_ocupados":158,"sigilo_dom_ocupados":false,"dom_agua":158,"sigilo_dom_agua":false,"dom_esgoto":90,"sigilo_dom_esgoto":false,"renda_resp":3105.41,"sigilo_renda_resp":false,"n_resp":158,"sigilo_n_resp":false,"dens":2399.7,"sigilo_dens":false,"na_bacia":0,"area_pct_bacia":0.0,"metodo_recorte_bacia":"ponto_representativo_setor_2022; area_pct_geometrica","status_borda_bacia":"total","metodo_area_bacia":"interseção geométrica em EPSG:5880","metodo_na_bacia":"ponto_representativo_setor_2022_within_bacia","pop_n_validos":1,"pop_n_total":1,"pop_completude":1.0,"dom_n_validos":1,"dom_n_total":1,"dom_completude":1.0,"dom_ocupados_n_validos":1,"dom_ocupados_n_total":1,"dom_ocupados_completude":1.0,"mulheres_n_validos":1,"mulheres_n_total":1,"mulheres_completude":1.0,"c0_4_n_validos":1,"c0_4_n_total":1,"c0_4_completude":1.0,"c5_9_n_validos":1,"c5_9_n_total":1,"c5_9_completude":1.0,"i60_69_n_validos":1,"i60_69_n_total":1,"i60_69_completude":1.0,"i70m_n_validos":1,"i70m_n_total":1,"i70m_completude":1.0,"indigenas_n_validos":0,"indigenas_n_total":1,"indigenas_completude":0.0,"pretos_pardos_n_validos":1,"pretos_pardos_n_total":1,"pretos_pardos_completude":1.0,"dom_agua_n_validos":1,"dom_agua_n_total":1,"dom_agua_completude":1.0,"dom_esgoto_n_validos":1,"dom_esgoto_n_total":1,"dom_esgoto_completude":1.0,"n_resp_n_validos":1,"n_resp_n_total":1,"n_resp_completude":1.0,"renda_resp_n_validos":1,"renda_resp_n_total":1,"renda_resp_completude":1.0,"dens_n_validos":1,"dens_n_total":1,"dens_completude":1.0},"geometry":{"type":"Polygon","coordinates":[[[-51.45762169999995,-29.69188479999997],[-51.45455,-29.697191],[-51.45450989999995,-29.698436499999968],[-51.45617589999995,-29.69700859999994],[-51.458934699999986,-29.697241],[-51.46024449999993,-29.694859],[-51.45779589999996,-29.693806299999952],[-51.45860649999997,-29.692307099999944],[-51.45762169999995,-29.69188479999997]]]}},{"type":"Feature","properties":{"setor":"431240105000012","pop":420,"sigilo_pop":false,"dom":193,"sigilo_dom":false,"mulheres":228,"sigilo_mulheres":false,"c0_4":38,"sigilo_c0_4":false,"c5_9":29,"sigilo_c5_9":false,"i60_69":57,"sigilo_i60_69":false,"i70m":37,"sigilo_i70m":false,"indigenas":0,"sigilo_indigenas":false,"pretos_pardos":80,"sigilo_pretos_pardos":false,"dom_ocupados":153,"sigilo_dom_ocupados":false,"dom_agua":153,"sigilo_dom_agua":false,"dom_esgoto":52,"sigilo_dom_esgoto":false,"renda_resp":2081.11,"sigilo_renda_resp":false,"n_resp":153,"sigilo_n_resp":false,"dens":2720.6,"sigilo_dens":false,"na_bacia":0,"area_pct_bacia":0.0,"metodo_recorte_bacia":"ponto_representativo_setor_2022; area_pct_geometrica","status_borda_bacia":"total","metodo_area_bacia":"interseção geométrica em EPSG:5880","metodo_na_bacia":"ponto_representativo_setor_2022_within_bacia","pop_n_validos":1,"pop_n_total":1,"pop_completude":1.0,"dom_n_validos":1,"dom_n_total":1,"dom_completude":1.0,"dom_ocupados_n_validos":1,"dom_ocupados_n_total":1,"dom_ocupados_completude":1.0,"mulheres_n_validos":1,"mulheres_n_total":1,"mulheres_completude":1.0,"c0_4_n_validos":1,"c0_4_n_total":1,"c0_4_completude":1.0,"c5_9_n_validos":1,"c5_9_n_total":1,"c5_9_completude":1.0,"i60_69_n_validos":1,"i60_69_n_total":1,"i60_69_completude":1.0,"i70m_n_validos":1,"i70m_n_total":1,"i70m_completude":1.0,"indigenas_n_validos":1,"indigenas_n_total":1,"indigenas_completude":1.0,"pretos_pardos_n_validos":1,"pretos_pardos_n_total":1,"pretos_pardos_completude":1.0,"dom_agua_n_validos":1,"dom_agua_n_total":1,"dom_agua_completude":1.0,"dom_esgoto_n_validos":1,"dom_esgoto_n_total":1,"dom_esgoto_completude":1.0,"n_resp_n_validos":1,"n_resp_n_total":1,"n_resp_completude":1.0,"renda_resp_n_validos":1,"renda_resp_n_total":1,"renda_resp_completude":1.0,"dens_n_validos":1,"dens_n_total":1,"dens_completude":1.0},"geometry":{"type":"Polygon","coordinates":[[[-51.461085099999934,-29.693358099999955],[-51.458934699999986,-29.697241],[-51.46064819999998,-29.69992159999999],[-51.46148889999996,-29.69940789999998],[-51.462991699999975,-29.697878799999962],[-51.461511099999946,-29.696563199999947],[-51.46291489999993,-29.69417029999994],[-51.461085099999934,-29.693358099999955]]]}},{"type":"Feature","properties":{"setor":"431240105000013","pop":577,"sigilo_pop":false,"dom":257,"sigilo_dom":false,"mulheres":295,"sigilo_mulheres":false,"c0_4":40,"sigilo_c0_4":false,"c5_9":38,"sigilo_c5_9":false,"i60_69":52,"sigilo_i60_69":false,"i70m":43,"sigilo_i70m":false,"indigenas":0,"sigilo_indigenas":false,"pretos_pardos":132,"sigilo_pretos_pardos":false,"dom_ocupados":226,"sigilo_dom_ocupados":false,"dom_agua":225,"sigilo_dom_agua":false,"dom_esgoto":5,"sigilo_dom_esgoto":false,"renda_resp":2285.81,"sigilo_renda_resp":false,"n_resp":226,"sigilo_n_resp":false,"dens":1483.1,"sigilo_dens":false,"na_bacia":0,"area_pct_bacia":0.0,"metodo_recorte_bacia":"ponto_representativo_setor_2022; area_pct_geometrica","status_borda_bacia":"total","metodo_area_bacia":"interseção geométrica em EPSG:5880","metodo_na_bacia":"ponto_representativo_setor_2022_within_bacia","pop_n_validos":1,"pop_n_total":1,"pop_completude":1.0,"dom_n_validos":1,"dom_n_total":1,"dom_completude":1.0,"dom_ocupados_n_validos":1,"dom_ocupados_n_total":1,"dom_ocupados_completude":1.0,"mulheres_n_validos":1,"mulheres_n_total":1,"mulheres_completude":1.0,"c0_4_n_validos":1,"c0_4_n_total":1,"c0_4_completude":1.0,"c5_9_n_validos":1,"c5_9_n_total":1,"c5_9_completude":1.0,"i60_69_n_validos":1,"i60_69_n_total":1,"i60_69_completude":1.0,"i70m_n_validos":1,"i70m_n_total":1,"i70m_completude":1.0,"indigenas_n_validos":1,"indigenas_n_total":1,"indigenas_completude":1.0,"pretos_pardos_n_validos":1,"pretos_pardos_n_total":1,"pretos_pardos_completude":1.0,"dom_agua_n_validos":1,"dom_agua_n_total":1,"dom_agua_completude":1.0,"dom_esgoto_n_validos":1,"dom_esgoto_n_total":1,"dom_esgoto_completude":1.0,"n_resp_n_validos":1,"n_resp_n_total":1,"n_resp_completude":1.0,"renda_resp_n_validos":1,"renda_resp_n_total":1,"renda_resp_completude":1.0,"dens_n_validos":1,"dens_n_total":1,"dens_completude":1.0},"geometry":{"type":"Polygon","coordinates":[[[-51.461085099999934,-29.693358099999955],[-51.46284689999993,-29.69408649999998],[-51.46350639999998,-29.695056299999976],[-51.4630595,-29.695870099999976],[-51.464179599999966,-29.696701],[-51.46148889999996,-29.69940789999998],[-51.46064819999998,-29.69992159999999],[-51.46093449999995,-29.70036939999994],[-51.46310139999997,-29.701759799999927],[-51.464312899999975,-29.70073009999993],[-51.46437859999998,-29.70017929999996],[-51.46535019999993,-29.700379],[-51.465417,-29.70008089999994],[-51.46490259999996,-29.699264199999952],[-51.46548989999997,-29.699508499999975],[-51.465791599999925,-29.698818799999962],[-51.46628969999995,-29.69900029999995],[-51.46650609999994,-29.69841109999992],[-51.46694749999995,-29.698644199999936],[-51.46713009999997,-29.698335799999924],[-51.46803939999995,-29.698038399999966],[-51.46795219999996,-29.697726499999927],[-51.468241499999976,-29.697920399999926],[-51.46816069999995,-29.697656199999972],[-51.468422799999985,-29.697797],[-51.468272599999985,-29.697499699999977],[-51.468498,-29.69706389999993],[-51.46826209999995,-29.697246099999976],[-51.468214,-29.696903399999936],[-51.46760869999997,-29.696990299999985],[-51.469141,-29.696195199999984],[-51.469337,-29.69484549999992],[-51.465397,-29.694132399999948],[-51.46415159999997,-29.692848399999953],[-51.46195369999998,-29.69188089999993],[-51.461085099999934,-29.693358099999955]],[[-51.464256499999976,-29.695600599999967],[-51.46521349999995,-29.694679799999957],[-51.465921599999945,-29.694976199999918],[-51.464805099999985,-29.69605079999996],[-51.464256499999976,-29.695600599999967]]]}},{"type":"Feature","properties":{"setor":"431240105000014","pop":96,"sigilo_pop":false,"dom":41,"sigilo_dom":false,"mulheres":47,"sigilo_mulheres":false,"c0_4":null,"sigilo_c0_4":true,"c5_9":9,"sigilo_c5_9":false,"i60_69":11,"sigilo_i60_69":false,"i70m":null,"sigilo_i70m":true,"indigenas":0,"sigilo_indigenas":false,"pretos_pardos":28,"sigilo_pretos_pardos":false,"dom_ocupados":35,"sigilo_dom_ocupados":false,"dom_agua":35,"sigilo_dom_agua":false,"dom_esgoto":null,"sigilo_dom_esgoto":true,"renda_resp":1602.48,"sigilo_renda_resp":false,"n_resp":35,"sigilo_n_resp":false,"dens":8819.3,"sigilo_dens":false,"na_bacia":0,"area_pct_bacia":0.0,"metodo_recorte_bacia":"ponto_representativo_setor_2022; area_pct_geometrica","status_borda_bacia":"total","metodo_area_bacia":"interseção geométrica em EPSG:5880","metodo_na_bacia":"ponto_representativo_setor_2022_within_bacia","pop_n_validos":1,"pop_n_total":1,"pop_completude":1.0,"dom_n_validos":1,"dom_n_total":1,"dom_completude":1.0,"dom_ocupados_n_validos":1,"dom_ocupados_n_total":1,"dom_ocupados_completude":1.0,"mulheres_n_validos":1,"mulheres_n_total":1,"mulheres_completude":1.0,"c0_4_n_validos":0,"c0_4_n_total":1,"c0_4_completude":0.0,"c5_9_n_validos":1,"c5_9_n_total":1,"c5_9_completude":1.0,"i60_69_n_validos":1,"i60_69_n_total":1,"i60_69_completude":1.0,"i70m_n_validos":0,"i70m_n_total":1,"i70m_completude":0.0,"indigenas_n_validos":1,"indigenas_n_total":1,"indigenas_completude":1.0,"pretos_pardos_n_validos":1,"pretos_pardos_n_total":1,"pretos_pardos_completude":1.0,"dom_agua_n_validos":1,"dom_agua_n_total":1,"dom_agua_completude":1.0,"dom_esgoto_n_validos":0,"dom_esgoto_n_total":1,"dom_esgoto_completude":0.0,"n_resp_n_validos":1,"n_resp_n_total":1,"n_resp_completude":1.0,"renda_resp_n_validos":1,"renda_resp_n_total":1,"renda_resp_completude":1.0,"dens_n_validos":1,"dens_n_total":1,"dens_completude":1.0},"geometry":{"type":"Polygon","coordinates":[[[-51.464256499999976,-29.695600599999967],[-51.464805099999985,-29.69605079999996],[-51.465921599999945,-29.694976199999918],[-51.46521349999995,-29.694679799999957],[-51.464256499999976,-29.695600599999967]]]}},{"type":"Feature","properties":{"setor":"431240105000015","pop":468,"sigilo_pop":false,"dom":200,"sigilo_dom":false,"mulheres":234,"sigilo_mulheres":false,"c0_4":29,"sigilo_c0_4":false,"c5_9":37,"sigilo_c5_9":false,"i60_69":61,"sigilo_i60_69":false,"i70m":49,"sigilo_i70m":false,"indigenas":null,"sigilo_indigenas":true,"pretos_pardos":73,"sigilo_pretos_pardos":false,"dom_ocupados":188,"sigilo_dom_ocupados":false,"dom_agua":185,"sigilo_dom_agua":false,"dom_esgoto":5,"sigilo_dom_esgoto":false,"renda_resp":2664.46,"sigilo_renda_resp":false,"n_resp":188,"sigilo_n_resp":false,"dens":1488.0,"sigilo_dens":false,"na_bacia":0,"area_pct_bacia":0.0,"metodo_recorte_bacia":"ponto_representativo_setor_2022; area_pct_geometrica","status_borda_bacia":"total","metodo_area_bacia":"interseção geométrica em EPSG:5880","metodo_na_bacia":"ponto_representativo_setor_2022_within_bacia","pop_n_validos":1,"pop_n_total":1,"pop_completude":1.0,"dom_n_validos":1,"dom_n_total":1,"dom_completude":1.0,"dom_ocupados_n_validos":1,"dom_ocupados_n_total":1,"dom_ocupados_completude":1.0,"mulheres_n_validos":1,"mulheres_n_total":1,"mulheres_completude":1.0,"c0_4_n_validos":1,"c0_4_n_total":1,"c0_4_completude":1.0,"c5_9_n_validos":1,"c5_9_n_total":1,"c5_9_completude":1.0,"i60_69_n_validos":1,"i60_69_n_total":1,"i60_69_completude":1.0,"i70m_n_validos":1,"i70m_n_total":1,"i70m_completude":1.0,"indigenas_n_validos":0,"indigenas_n_total":1,"indigenas_completude":0.0,"pretos_pardos_n_validos":1,"pretos_pardos_n_total":1,"pretos_pardos_completude":1.0,"dom_agua_n_validos":1,"dom_agua_n_total":1,"dom_agua_completude":1.0,"dom_esgoto_n_validos":1,"dom_esgoto_n_total":1,"dom_esgoto_completude":1.0,"n_resp_n_validos":1,"n_resp_n_total":1,"n_resp_completude":1.0,"renda_resp_n_validos":1,"renda_resp_n_total":1,"renda_resp_completude":1.0,"dens_n_validos":1,"dens_n_total":1,"dens_completude":1.0},"geometry":{"type":"Polygon","coordinates":[[[-51.4639,-29.700936699999936],[-51.46494249999996,-29.70140919999994],[-51.46721309999998,-29.701740599999923],[-51.46850669999997,-29.70116839999997],[-51.469625299999954,-29.69996649999996],[-51.47145889999996,-29.699806],[-51.47375379999993,-29.698844099999985],[-51.47066389999998,-29.69508049999996],[-51.469337,-29.69484549999992],[-51.469141,-29.696195199999984],[-51.46760869999997,-29.696990299999985],[-51.468214,-29.696903399999936],[-51.46826209999995,-29.697246099999976],[-51.468498,-29.69706389999993],[-51.468272599999985,-29.697499699999977],[-51.468445499999966,-29.69777159999995],[-51.46816069999995,-29.697656199999972],[-51.468241499999976,-29.697920399999926],[-51.46795219999996,-29.697726499999927],[-51.46803939999995,-29.698038399999966],[-51.46713009999997,-29.698335799999924],[-51.46694749999995,-29.698644199999936],[-51.46650609999994,-29.69841109999992],[-51.46628969999995,-29.69900029999995],[-51.465791599999925,-29.698818799999962],[-51.46548989999997,-29.699508499999975],[-51.46490259999996,-29.699264199999952],[-51.465417,-29.70008089999994],[-51.46535019999993,-29.700379],[-51.46437859999998,-29.70017929999996],[-51.46436529999994,-29.700659499999965],[-51.4639,-29.700936699999936]]]}},{"type":"Feature","properties":{"setor":"431240105000016","pop":290,"sigilo_pop":false,"dom":131,"sigilo_dom":false,"mulheres":140,"sigilo_mulheres":false,"c0_4":15,"sigilo_c0_4":false,"c5_9":15,"sigilo_c5_9":false,"i60_69":30,"sigilo_i60_69":false,"i70m":15,"sigilo_i70m":false,"indigenas":0,"sigilo_indigenas":false,"pretos_pardos":32,"sigilo_pretos_pardos":false,"dom_ocupados":113,"sigilo_dom_ocupados":false,"dom_agua":103,"sigilo_dom_agua":false,"dom_esgoto":12,"sigilo_dom_esgoto":false,"renda_resp":2699.27,"sigilo_renda_resp":false,"n_resp":113,"sigilo_n_resp":false,"dens":497.1,"sigilo_dens":false,"na_bacia":0,"area_pct_bacia":0.0,"metodo_recorte_bacia":"ponto_representativo_setor_2022; area_pct_geometrica","status_borda_bacia":"total","metodo_area_bacia":"interseção geométrica em EPSG:5880","metodo_na_bacia":"ponto_representativo_setor_2022_within_bacia","pop_n_validos":1,"pop_n_total":1,"pop_completude":1.0,"dom_n_validos":1,"dom_n_total":1,"dom_completude":1.0,"dom_ocupados_n_validos":1,"dom_ocupados_n_total":1,"dom_ocupados_completude":1.0,"mulheres_n_validos":1,"mulheres_n_total":1,"mulheres_completude":1.0,"c0_4_n_validos":1,"c0_4_n_total":1,"c0_4_completude":1.0,"c5_9_n_validos":1,"c5_9_n_total":1,"c5_9_completude":1.0,"i60_69_n_validos":1,"i60_69_n_total":1,"i60_69_completude":1.0,"i70m_n_validos":1,"i70m_n_total":1,"i70m_completude":1.0,"indigenas_n_validos":1,"indigenas_n_total":1,"indigenas_completude":1.0,"pretos_pardos_n_validos":1,"pretos_pardos_n_total":1,"pretos_pardos_completude":1.0,"dom_agua_n_validos":1,"dom_agua_n_total":1,"dom_agua_completude":1.0,"dom_esgoto_n_validos":1,"dom_esgoto_n_total":1,"dom_esgoto_completude":1.0,"n_resp_n_validos":1,"n_resp_n_total":1,"n_resp_completude":1.0,"renda_resp_n_validos":1,"renda_resp_n_total":1,"renda_resp_completude":1.0,"dens_n_validos":1,"dens_n_total":1,"dens_completude":1.0},"geometry":{"type":"Polygon","coordinates":[[[-51.46989,-29.69234139999998],[-51.470753799999954,-29.691956599999973],[-51.47133779999996,-29.692903299999962],[-51.4721694,-29.692570299999936],[-51.47347849999994,-29.693464799999944],[-51.470889,-29.695114299999947],[-51.47361159999997,-29.695764599999965],[-51.474559,-29.69580519999994],[-51.475111899999945,-29.695604499999938],[-51.47556119999996,-29.69465339999993],[-51.475618699999984,-29.693938599999964],[-51.475404,-29.69356],[-51.47576609999994,-29.693258],[-51.47587669999996,-29.691962499999935],[-51.47422049999995,-29.68789989999995],[-51.47431839999996,-29.686197899999954],[-51.47205249999997,-29.685937299999974],[-51.470690199999986,-29.685297],[-51.46974419999998,-29.685275899999972],[-51.46721309999998,-29.68637309999998],[-51.46945459999994,-29.686206099999925],[-51.46847089999995,-29.686955299999973],[-51.467418,-29.68724569999995],[-51.467530599999975,-29.688113399999963],[-51.466986,-29.688955699999955],[-51.46714879999996,-29.689948199999954],[-51.467868099999976,-29.69141209999997],[-51.468025,-29.69085659999996],[-51.468387699999944,-29.690805499999957],[-51.46804579999997,-29.689568299999955],[-51.46937619999994,-29.69029839999996],[-51.46966739999994,-29.69002759999995],[-51.46961889999995,-29.689588299999972],[-51.469732,-29.68969439999995],[-51.46989,-29.69234139999998]]]}},{"type":"Feature","properties":{"setor":"431240105000017","pop":737,"sigilo_pop":false,"dom":302,"sigilo_dom":false,"mulheres":386,"sigilo_mulheres":false,"c0_4":62,"sigilo_c0_4":false,"c5_9":52,"sigilo_c5_9":false,"i60_69":76,"sigilo_i60_69":false,"i70m":54,"sigilo_i70m":false,"indigenas":0,"sigilo_indigenas":false,"pretos_pardos":274,"sigilo_pretos_pardos":false,"dom_ocupados":274,"sigilo_dom_ocupados":false,"dom_agua":252,"sigilo_dom_agua":false,"dom_esgoto":96,"sigilo_dom_esgoto":false,"renda_resp":1674.51,"sigilo_renda_resp":false,"n_resp":274,"sigilo_n_resp":false,"dens":7169.9,"sigilo_dens":false,"na_bacia":0,"area_pct_bacia":0.0,"metodo_recorte_bacia":"ponto_representativo_setor_2022; area_pct_geometrica","status_borda_bacia":"total","metodo_area_bacia":"interseção geométrica em EPSG:5880","metodo_na_bacia":"ponto_representativo_setor_2022_within_bacia","pop_n_validos":1,"pop_n_total":1,"pop_completude":1.0,"dom_n_validos":1,"dom_n_total":1,"dom_completude":1.0,"dom_ocupados_n_validos":1,"dom_ocupados_n_total":1,"dom_ocupados_completude":1.0,"mulheres_n_validos":1,"mulheres_n_total":1,"mulheres_completude":1.0,"c0_4_n_validos":1,"c0_4_n_total":1,"c0_4_completude":1.0,"c5_9_n_validos":1,"c5_9_n_total":1,"c5_9_completude":1.0,"i60_69_n_validos":1,"i60_69_n_total":1,"i60_69_completude":1.0,"i70m_n_validos":1,"i70m_n_total":1,"i70m_completude":1.0,"indigenas_n_validos":1,"indigenas_n_total":1,"indigenas_completude":1.0,"pretos_pardos_n_validos":1,"pretos_pardos_n_total":1,"pretos_pardos_completude":1.0,"dom_agua_n_validos":1,"dom_agua_n_total":1,"dom_agua_completude":1.0,"dom_esgoto_n_validos":1,"dom_esgoto_n_total":1,"dom_esgoto_completude":1.0,"n_resp_n_validos":1,"n_resp_n_total":1,"n_resp_completude":1.0,"renda_resp_n_validos":1,"renda_resp_n_total":1,"renda_resp_completude":1.0,"dens_n_validos":1,"dens_n_total":1,"dens_completude":1.0},"geometry":{"type":"Polygon","coordinates":[[[-51.470753799999954,-29.691956599999973],[-51.468629799999974,-29.69294879999994],[-51.46842319999996,-29.694686899999958],[-51.470889,-29.695114299999947],[-51.47347849999994,-29.693464799999944],[-51.4721694,-29.692570299999936],[-51.47133779999996,-29.692903299999962],[-51.470753799999954,-29.691956599999973]]]}},{"type":"Feature","properties":{"setor":"431240105000018","pop":341,"sigilo_pop":false,"dom":186,"sigilo_dom":false,"mulheres":201,"sigilo_mulheres":false,"c0_4":16,"sigilo_c0_4":false,"c5_9":14,"sigilo_c5_9":false,"i60_69":40,"sigilo_i60_69":false,"i70m":34,"sigilo_i70m":false,"indigenas":0,"sigilo_indigenas":false,"pretos_pardos":43,"sigilo_pretos_pardos":false,"dom_ocupados":159,"sigilo_dom_ocupados":false,"dom_agua":157,"sigilo_dom_agua":false,"dom_esgoto":41,"sigilo_dom_esgoto":false,"renda_resp":4075.49,"sigilo_renda_resp":false,"n_resp":159,"sigilo_n_resp":false,"dens":4886.3,"sigilo_dens":false,"na_bacia":0,"area_pct_bacia":0.0,"metodo_recorte_bacia":"ponto_representativo_setor_2022; area_pct_geometrica","status_borda_bacia":"total","metodo_area_bacia":"interseção geométrica em EPSG:5880","metodo_na_bacia":"ponto_representativo_setor_2022_within_bacia","pop_n_validos":1,"pop_n_total":1,"pop_completude":1.0,"dom_n_validos":1,"dom_n_total":1,"dom_completude":1.0,"dom_ocupados_n_validos":1,"dom_ocupados_n_total":1,"dom_ocupados_completude":1.0,"mulheres_n_validos":1,"mulheres_n_total":1,"mulheres_completude":1.0,"c0_4_n_validos":1,"c0_4_n_total":1,"c0_4_completude":1.0,"c5_9_n_validos":1,"c5_9_n_total":1,"c5_9_completude":1.0,"i60_69_n_validos":1,"i60_69_n_total":1,"i60_69_completude":1.0,"i70m_n_validos":1,"i70m_n_total":1,"i70m_completude":1.0,"indigenas_n_validos":1,"indigenas_n_total":1,"indigenas_completude":1.0,"pretos_pardos_n_validos":1,"pretos_pardos_n_total":1,"pretos_pardos_completude":1.0,"dom_agua_n_validos":1,"dom_agua_n_total":1,"dom_agua_completude":1.0,"dom_esgoto_n_validos":1,"dom_esgoto_n_total":1,"dom_esgoto_completude":1.0,"n_resp_n_validos":1,"n_resp_n_total":1,"n_resp_completude":1.0,"renda_resp_n_validos":1,"renda_resp_n_total":1,"renda_resp_completude":1.0,"dens_n_validos":1,"dens_n_total":1,"dens_completude":1.0},"geometry":{"type":"Polygon","coordinates":[[[-51.46316029999997,-29.689731],[-51.46195369999998,-29.69188089999993],[-51.46415159999997,-29.692848399999953],[-51.465397,-29.694132399999948],[-51.46842319999996,-29.694686899999958],[-51.46848359999996,-29.694203799999965],[-51.466655199999934,-29.694080499999973],[-51.46547229999993,-29.693627699999986],[-51.464991699999985,-29.692639599999957],[-51.464733199999955,-29.692556],[-51.46448659999999,-29.691499399999937],[-51.463467299999934,-29.69039919999994],[-51.46316029999997,-29.689731]]]}},{"type":"Feature","properties":{"setor":"431240105000019","pop":439,"sigilo_pop":false,"dom":165,"sigilo_dom":false,"mulheres":238,"sigilo_mulheres":false,"c0_4":18,"sigilo_c0_4":false,"c5_9":30,"sigilo_c5_9":false,"i60_69":55,"sigilo_i60_69":false,"i70m":80,"sigilo_i70m":false,"indigenas":0,"sigilo_indigenas":false,"pretos_pardos":63,"sigilo_pretos_pardos":false,"dom_ocupados":154,"sigilo_dom_ocupados":false,"dom_agua":134,"sigilo_dom_agua":false,"dom_esgoto":38,"sigilo_dom_esgoto":false,"renda_resp":5398.89,"sigilo_renda_resp":false,"n_resp":154,"sigilo_n_resp":false,"dens":883.6,"sigilo_dens":false,"na_bacia":0,"area_pct_bacia":0.0,"metodo_recorte_bacia":"ponto_representativo_setor_2022; area_pct_geometrica","status_borda_bacia":"total","metodo_area_bacia":"interseção geométrica em EPSG:5880","metodo_na_bacia":"ponto_representativo_setor_2022_within_bacia","pop_n_validos":1,"pop_n_total":1,"pop_completude":1.0,"dom_n_validos":1,"dom_n_total":1,"dom_completude":1.0,"dom_ocupados_n_validos":1,"dom_ocupados_n_total":1,"dom_ocupados_completude":1.0,"mulheres_n_validos":1,"mulheres_n_total":1,"mulheres_completude":1.0,"c0_4_n_validos":1,"c0_4_n_total":1,"c0_4_completude":1.0,"c5_9_n_validos":1,"c5_9_n_total":1,"c5_9_completude":1.0,"i60_69_n_validos":1,"i60_69_n_total":1,"i60_69_completude":1.0,"i70m_n_validos":1,"i70m_n_total":1,"i70m_completude":1.0,"indigenas_n_validos":1,"indigenas_n_total":1,"indigenas_completude":1.0,"pretos_pardos_n_validos":1,"pretos_pardos_n_total":1,"pretos_pardos_completude":1.0,"dom_agua_n_validos":1,"dom_agua_n_total":1,"dom_agua_completude":1.0,"dom_esgoto_n_validos":1,"dom_esgoto_n_total":1,"dom_esgoto_completude":1.0,"n_resp_n_validos":1,"n_resp_n_total":1,"n_resp_completude":1.0,"renda_resp_n_validos":1,"renda_resp_n_total":1,"renda_resp_completude":1.0,"dens_n_validos":1,"dens_n_total":1,"dens_completude":1.0},"geometry":{"type":"Polygon","coordinates":[[[-51.468029,-29.681589899999953],[-51.46316029999997,-29.689731],[-51.463467299999934,-29.69039919999994],[-51.46448659999999,-29.691499399999937],[-51.464733199999955,-29.692556],[-51.464991699999985,-29.692639599999957],[-51.46547229999993,-29.693627699999986],[-51.466655199999934,-29.694080499999973],[-51.46848359999996,-29.694203799999965],[-51.468629799999974,-29.69294879999994],[-51.46989,-29.69234139999998],[-51.469732,-29.68969439999995],[-51.46961889999995,-29.689588299999972],[-51.46966739999994,-29.69002759999995],[-51.46937619999994,-29.69029839999996],[-51.46804579999997,-29.689568299999955],[-51.468387699999944,-29.690805499999957],[-51.468025,-29.69085659999996],[-51.467868099999976,-29.69141209999997],[-51.46714879999996,-29.689948199999954],[-51.466986,-29.688955699999955],[-51.467530599999975,-29.688113399999963],[-51.467418,-29.68724569999995],[-51.46847089999995,-29.686955299999973],[-51.46945459999994,-29.686206099999925],[-51.46721309999998,-29.68637309999998],[-51.46974419999998,-29.685275899999972],[-51.470690199999986,-29.685297],[-51.47205249999997,-29.685937299999974],[-51.47431839999996,-29.686197899999954],[-51.474336499999936,-29.68591589999994],[-51.47251719999997,-29.68558479999997],[-51.471383899999985,-29.68508149999997],[-51.469452099999955,-29.683431799999934],[-51.468029,-29.681589899999953]]]}},{"type":"Feature","properties":{"setor":"431240105000020","pop":600,"sigilo_pop":false,"dom":300,"sigilo_dom":false,"mulheres":328,"sigilo_mulheres":false,"c0_4":28,"sigilo_c0_4":false,"c5_9":25,"sigilo_c5_9":false,"i60_69":97,"sigilo_i60_69":false,"i70m":63,"sigilo_i70m":false,"indigenas":0,"sigilo_indigenas":false,"pretos_pardos":89,"sigilo_pretos_pardos":false,"dom_ocupados":258,"sigilo_dom_ocupados":false,"dom_agua":246,"sigilo_dom_agua":false,"dom_esgoto":108,"sigilo_dom_esgoto":false,"renda_resp":5163.95,"sigilo_renda_resp":false,"n_resp":258,"sigilo_n_resp":false,"dens":4348.6,"sigilo_dens":false,"na_bacia":0,"area_pct_bacia":0.0,"metodo_recorte_bacia":"ponto_representativo_setor_2022; area_pct_geometrica","status_borda_bacia":"total","metodo_area_bacia":"interseção geométrica em EPSG:5880","metodo_na_bacia":"ponto_representativo_setor_2022_within_bacia","pop_n_validos":1,"pop_n_total":1,"pop_completude":1.0,"dom_n_validos":1,"dom_n_total":1,"dom_completude":1.0,"dom_ocupados_n_validos":1,"dom_ocupados_n_total":1,"dom_ocupados_completude":1.0,"mulheres_n_validos":1,"mulheres_n_total":1,"mulheres_completude":1.0,"c0_4_n_validos":1,"c0_4_n_total":1,"c0_4_completude":1.0,"c5_9_n_validos":1,"c5_9_n_total":1,"c5_9_completude":1.0,"i60_69_n_validos":1,"i60_69_n_total":1,"i60_69_completude":1.0,"i70m_n_validos":1,"i70m_n_total":1,"i70m_completude":1.0,"indigenas_n_validos":1,"indigenas_n_total":1,"indigenas_completude":1.0,"pretos_pardos_n_validos":1,"pretos_pardos_n_total":1,"pretos_pardos_completude":1.0,"dom_agua_n_validos":1,"dom_agua_n_total":1,"dom_agua_completude":1.0,"dom_esgoto_n_validos":1,"dom_esgoto_n_total":1,"dom_esgoto_completude":1.0,"n_resp_n_validos":1,"n_resp_n_total":1,"n_resp_completude":1.0,"renda_resp_n_validos":1,"renda_resp_n_total":1,"renda_resp_completude":1.0,"dens_n_validos":1,"dens_n_total":1,"dens_completude":1.0},"geometry":{"type":"Polygon","coordinates":[[[-51.46027149999998,-29.674037],[-51.458519499999966,-29.677812399999933],[-51.45726469999994,-29.678396899999953],[-51.45729109999996,-29.67934389999994],[-51.45785989999996,-29.681252899999947],[-51.45774669999998,-29.68247149999997],[-51.45880569999998,-29.682417099999956],[-51.45898969999996,-29.680765],[-51.46047639999995,-29.679209],[-51.45974549999995,-29.678627],[-51.46045019999996,-29.67794459999994],[-51.45949889999997,-29.67760159999994],[-51.46133349999997,-29.674486599999963],[-51.46027149999998,-29.674037]]]}},{"type":"Feature","properties":{"setor":"431240105000021","pop":340,"sigilo_pop":false,"dom":173,"sigilo_dom":false,"mulheres":174,"sigilo_mulheres":false,"c0_4":12,"sigilo_c0_4":false,"c5_9":19,"sigilo_c5_9":false,"i60_69":31,"sigilo_i60_69":false,"i70m":30,"sigilo_i70m":false,"indigenas":0,"sigilo_indigenas":false,"pretos_pardos":39,"sigilo_pretos_pardos":false,"dom_ocupados":147,"sigilo_dom_ocupados":false,"dom_agua":144,"sigilo_dom_agua":false,"dom_esgoto":7,"sigilo_dom_esgoto":false,"renda_resp":4050.52,"sigilo_renda_resp":false,"n_resp":147,"sigilo_n_resp":false,"dens":4962.2,"sigilo_dens":false,"na_bacia":0,"area_pct_bacia":0.0,"metodo_recorte_bacia":"ponto_representativo_setor_2022; area_pct_geometrica","status_borda_bacia":"total","metodo_area_bacia":"interseção geométrica em EPSG:5880","metodo_na_bacia":"ponto_representativo_setor_2022_within_bacia","pop_n_validos":1,"pop_n_total":1,"pop_completude":1.0,"dom_n_validos":1,"dom_n_total":1,"dom_completude":1.0,"dom_ocupados_n_validos":1,"dom_ocupados_n_total":1,"dom_ocupados_completude":1.0,"mulheres_n_validos":1,"mulheres_n_total":1,"mulheres_completude":1.0,"c0_4_n_validos":1,"c0_4_n_total":1,"c0_4_completude":1.0,"c5_9_n_validos":1,"c5_9_n_total":1,"c5_9_completude":1.0,"i60_69_n_validos":1,"i60_69_n_total":1,"i60_69_completude":1.0,"i70m_n_validos":1,"i70m_n_total":1,"i70m_completude":1.0,"indigenas_n_validos":1,"indigenas_n_total":1,"indigenas_completude":1.0,"pretos_pardos_n_validos":1,"pretos_pardos_n_total":1,"pretos_pardos_completude":1.0,"dom_agua_n_validos":1,"dom_agua_n_total":1,"dom_agua_completude":1.0,"dom_esgoto_n_validos":1,"dom_esgoto_n_total":1,"dom_esgoto_completude":1.0,"n_resp_n_validos":1,"n_resp_n_total":1,"n_resp_completude":1.0,"renda_resp_n_validos":1,"renda_resp_n_total":1,"renda_resp_completude":1.0,"dens_n_validos":1,"dens_n_total":1,"dens_completude":1.0},"geometry":{"type":"Polygon","coordinates":[[[-51.46047639999995,-29.679209],[-51.461202,-29.67846309999993],[-51.461588899999974,-29.67899509999995],[-51.462964899999974,-29.678090099999963],[-51.460739699999976,-29.675491899999923],[-51.45949889999997,-29.67760159999994],[-51.46045019999996,-29.67794459999994],[-51.45974549999995,-29.678627],[-51.46047639999995,-29.679209]]]}},{"type":"Feature","properties":{"setor":"431240105000022","pop":365,"sigilo_pop":false,"dom":157,"sigilo_dom":false,"mulheres":190,"sigilo_mulheres":false,"c0_4":18,"sigilo_c0_4":false,"c5_9":22,"sigilo_c5_9":false,"i60_69":48,"sigilo_i60_69":false,"i70m":46,"sigilo_i70m":false,"indigenas":0,"sigilo_indigenas":false,"pretos_pardos":63,"sigilo_pretos_pardos":false,"dom_ocupados":146,"sigilo_dom_ocupados":false,"dom_agua":142,"sigilo_dom_agua":false,"dom_esgoto":21,"sigilo_dom_esgoto":false,"renda_resp":4124.14,"sigilo_renda_resp":false,"n_resp":146,"sigilo_n_resp":false,"dens":5600.3,"sigilo_dens":false,"na_bacia":0,"area_pct_bacia":0.0,"metodo_recorte_bacia":"ponto_representativo_setor_2022; area_pct_geometrica","status_borda_bacia":"total","metodo_area_bacia":"interseção geométrica em EPSG:5880","metodo_na_bacia":"ponto_representativo_setor_2022_within_bacia","pop_n_validos":1,"pop_n_total":1,"pop_completude":1.0,"dom_n_validos":1,"dom_n_total":1,"dom_completude":1.0,"dom_ocupados_n_validos":1,"dom_ocupados_n_total":1,"dom_ocupados_completude":1.0,"mulheres_n_validos":1,"mulheres_n_total":1,"mulheres_completude":1.0,"c0_4_n_validos":1,"c0_4_n_total":1,"c0_4_completude":1.0,"c5_9_n_validos":1,"c5_9_n_total":1,"c5_9_completude":1.0,"i60_69_n_validos":1,"i60_69_n_total":1,"i60_69_completude":1.0,"i70m_n_validos":1,"i70m_n_total":1,"i70m_completude":1.0,"indigenas_n_validos":1,"indigenas_n_total":1,"indigenas_completude":1.0,"pretos_pardos_n_validos":1,"pretos_pardos_n_total":1,"pretos_pardos_completude":1.0,"dom_agua_n_validos":1,"dom_agua_n_total":1,"dom_agua_completude":1.0,"dom_esgoto_n_validos":1,"dom_esgoto_n_total":1,"dom_esgoto_completude":1.0,"n_resp_n_validos":1,"n_resp_n_total":1,"n_resp_completude":1.0,"renda_resp_n_validos":1,"renda_resp_n_total":1,"renda_resp_completude":1.0,"dens_n_validos":1,"dens_n_total":1,"dens_completude":1.0},"geometry":{"type":"Polygon","coordinates":[[[-51.46027149999998,-29.674037],[-51.46133349999997,-29.674486599999963],[-51.460739699999976,-29.675491899999923],[-51.462526099999934,-29.67756759999997],[-51.463472699999954,-29.676243299999946],[-51.46237249999996,-29.67575519999996],[-51.463112,-29.674450099999948],[-51.460666499999945,-29.67321159999994],[-51.46027149999998,-29.674037]]]}},{"type":"Feature","properties":{"setor":"431240105000023","pop":729,"sigilo_pop":false,"dom":323,"sigilo_dom":false,"mulheres":386,"sigilo_mulheres":false,"c0_4":47,"sigilo_c0_4":false,"c5_9":28,"sigilo_c5_9":false,"i60_69":87,"sigilo_i60_69":false,"i70m":66,"sigilo_i70m":false,"indigenas":0,"sigilo_indigenas":false,"pretos_pardos":146,"sigilo_pretos_pardos":false,"dom_ocupados":303,"sigilo_dom_ocupados":false,"dom_agua":260,"sigilo_dom_agua":false,"dom_esgoto":31,"sigilo_dom_esgoto":false,"renda_resp":3298.95,"sigilo_renda_resp":false,"n_resp":303,"sigilo_n_resp":false,"dens":3721.0,"sigilo_dens":false,"na_bacia":0,"area_pct_bacia":0.0,"metodo_recorte_bacia":"ponto_representativo_setor_2022; area_pct_geometrica","status_borda_bacia":"total","metodo_area_bacia":"interseção geométrica em EPSG:5880","metodo_na_bacia":"ponto_representativo_setor_2022_within_bacia","pop_n_validos":1,"pop_n_total":1,"pop_completude":1.0,"dom_n_validos":1,"dom_n_total":1,"dom_completude":1.0,"dom_ocupados_n_validos":1,"dom_ocupados_n_total":1,"dom_ocupados_completude":1.0,"mulheres_n_validos":1,"mulheres_n_total":1,"mulheres_completude":1.0,"c0_4_n_validos":1,"c0_4_n_total":1,"c0_4_completude":1.0,"c5_9_n_validos":1,"c5_9_n_total":1,"c5_9_completude":1.0,"i60_69_n_validos":1,"i60_69_n_total":1,"i60_69_completude":1.0,"i70m_n_validos":1,"i70m_n_total":1,"i70m_completude":1.0,"indigenas_n_validos":1,"indigenas_n_total":1,"indigenas_completude":1.0,"pretos_pardos_n_validos":1,"pretos_pardos_n_total":1,"pretos_pardos_completude":1.0,"dom_agua_n_validos":1,"dom_agua_n_total":1,"dom_agua_completude":1.0,"dom_esgoto_n_validos":1,"dom_esgoto_n_total":1,"dom_esgoto_completude":1.0,"n_resp_n_validos":1,"n_resp_n_total":1,"n_resp_completude":1.0,"renda_resp_n_validos":1,"renda_resp_n_total":1,"renda_resp_completude":1.0,"dens_n_validos":1,"dens_n_total":1,"dens_completude":1.0},"geometry":{"type":"Polygon","coordinates":[[[-51.46219679999996,-29.674080799999956],[-51.463112,-29.674450099999948],[-51.46237249999996,-29.67575519999996],[-51.46580689999996,-29.677265699999957],[-51.46664839999993,-29.67582389999995],[-51.466141599999965,-29.67330179999993],[-51.46554009999994,-29.671862499999985],[-51.464268699999934,-29.67043379999996],[-51.46219679999996,-29.674080799999956]]]}},{"type":"Feature","properties":{"setor":"431240105000024","pop":579,"sigilo_pop":false,"dom":216,"sigilo_dom":false,"mulheres":295,"sigilo_mulheres":false,"c0_4":23,"sigilo_c0_4":false,"c5_9":45,"sigilo_c5_9":false,"i60_69":45,"sigilo_i60_69":false,"i70m":29,"sigilo_i70m":false,"indigenas":null,"sigilo_indigenas":true,"pretos_pardos":102,"sigilo_pretos_pardos":false,"dom_ocupados":209,"sigilo_dom_ocupados":false,"dom_agua":200,"sigilo_dom_agua":false,"dom_esgoto":20,"sigilo_dom_esgoto":false,"renda_resp":4072.63,"sigilo_renda_resp":false,"n_resp":209,"sigilo_n_resp":false,"dens":3828.6,"sigilo_dens":false,"na_bacia":0,"area_pct_bacia":0.0,"metodo_recorte_bacia":"ponto_representativo_setor_2022; area_pct_geometrica","status_borda_bacia":"total","metodo_area_bacia":"interseção geométrica em EPSG:5880","metodo_na_bacia":"ponto_representativo_setor_2022_within_bacia","pop_n_validos":1,"pop_n_total":1,"pop_completude":1.0,"dom_n_validos":1,"dom_n_total":1,"dom_completude":1.0,"dom_ocupados_n_validos":1,"dom_ocupados_n_total":1,"dom_ocupados_completude":1.0,"mulheres_n_validos":1,"mulheres_n_total":1,"mulheres_completude":1.0,"c0_4_n_validos":1,"c0_4_n_total":1,"c0_4_completude":1.0,"c5_9_n_validos":1,"c5_9_n_total":1,"c5_9_completude":1.0,"i60_69_n_validos":1,"i60_69_n_total":1,"i60_69_completude":1.0,"i70m_n_validos":1,"i70m_n_total":1,"i70m_completude":1.0,"indigenas_n_validos":0,"indigenas_n_total":1,"indigenas_completude":0.0,"pretos_pardos_n_validos":1,"pretos_pardos_n_total":1,"pretos_pardos_completude":1.0,"dom_agua_n_validos":1,"dom_agua_n_total":1,"dom_agua_completude":1.0,"dom_esgoto_n_validos":1,"dom_esgoto_n_total":1,"dom_esgoto_completude":1.0,"n_resp_n_validos":1,"n_resp_n_total":1,"n_resp_completude":1.0,"renda_resp_n_validos":1,"renda_resp_n_total":1,"renda_resp_completude":1.0,"dens_n_validos":1,"dens_n_total":1,"dens_completude":1.0},"geometry":{"type":"Polygon","coordinates":[[[-51.45884959999995,-29.671988199999923],[-51.46219679999996,-29.674080799999956],[-51.464268699999934,-29.67043379999996],[-51.46294639999997,-29.669648],[-51.461351699999966,-29.669196099999972],[-51.45884959999995,-29.671988199999923]]]}},{"type":"Feature","properties":{"setor":"431240105000025","pop":310,"sigilo_pop":false,"dom":123,"sigilo_dom":false,"mulheres":163,"sigilo_mulheres":false,"c0_4":23,"sigilo_c0_4":false,"c5_9":24,"sigilo_c5_9":false,"i60_69":19,"sigilo_i60_69":false,"i70m":10,"sigilo_i70m":false,"indigenas":0,"sigilo_indigenas":false,"pretos_pardos":86,"sigilo_pretos_pardos":false,"dom_ocupados":117,"sigilo_dom_ocupados":false,"dom_agua":115,"sigilo_dom_agua":false,"dom_esgoto":67,"sigilo_dom_esgoto":false,"renda_resp":1880.22,"sigilo_renda_resp":false,"n_resp":117,"sigilo_n_resp":false,"dens":13965.9,"sigilo_dens":false,"na_bacia":0,"area_pct_bacia":0.0,"metodo_recorte_bacia":"ponto_representativo_setor_2022; area_pct_geometrica","status_borda_bacia":"total","metodo_area_bacia":"interseção geométrica em EPSG:5880","metodo_na_bacia":"ponto_representativo_setor_2022_within_bacia","pop_n_validos":1,"pop_n_total":1,"pop_completude":1.0,"dom_n_validos":1,"dom_n_total":1,"dom_completude":1.0,"dom_ocupados_n_validos":1,"dom_ocupados_n_total":1,"dom_ocupados_completude":1.0,"mulheres_n_validos":1,"mulheres_n_total":1,"mulheres_completude":1.0,"c0_4_n_validos":1,"c0_4_n_total":1,"c0_4_completude":1.0,"c5_9_n_validos":1,"c5_9_n_total":1,"c5_9_completude":1.0,"i60_69_n_validos":1,"i60_69_n_total":1,"i60_69_completude":1.0,"i70m_n_validos":1,"i70m_n_total":1,"i70m_completude":1.0,"indigenas_n_validos":1,"indigenas_n_total":1,"indigenas_completude":1.0,"pretos_pardos_n_validos":1,"pretos_pardos_n_total":1,"pretos_pardos_completude":1.0,"dom_agua_n_validos":1,"dom_agua_n_total":1,"dom_agua_completude":1.0,"dom_esgoto_n_validos":1,"dom_esgoto_n_total":1,"dom_esgoto_completude":1.0,"n_resp_n_validos":1,"n_resp_n_total":1,"n_resp_completude":1.0,"renda_resp_n_validos":1,"renda_resp_n_total":1,"renda_resp_completude":1.0,"dens_n_validos":1,"dens_n_total":1,"dens_completude":1.0},"geometry":{"type":"Polygon","coordinates":[[[-51.45704209999997,-29.67241559999996],[-51.45619439999996,-29.673372],[-51.455894099999966,-29.675316099999986],[-51.456068099999975,-29.675352299999922],[-51.45644139999996,-29.67339969999995],[-51.456646199999966,-29.673252899999962],[-51.45698689999995,-29.673418699999957],[-51.45902749999994,-29.672104499999925],[-51.45843879999995,-29.671716699999937],[-51.45704209999997,-29.67241559999996]]]}},{"type":"Feature","properties":{"setor":"431240105000026","pop":419,"sigilo_pop":false,"dom":189,"sigilo_dom":false,"mulheres":236,"sigilo_mulheres":false,"c0_4":23,"sigilo_c0_4":false,"c5_9":29,"sigilo_c5_9":false,"i60_69":58,"sigilo_i60_69":false,"i70m":39,"sigilo_i70m":false,"indigenas":0,"sigilo_indigenas":false,"pretos_pardos":27,"sigilo_pretos_pardos":false,"dom_ocupados":162,"sigilo_dom_ocupados":false,"dom_agua":156,"sigilo_dom_agua":false,"dom_esgoto":null,"sigilo_dom_esgoto":true,"renda_resp":5282.72,"sigilo_renda_resp":false,"n_resp":162,"sigilo_n_resp":false,"dens":3301.9,"sigilo_dens":false,"na_bacia":0,"area_pct_bacia":0.0,"metodo_recorte_bacia":"ponto_representativo_setor_2022; area_pct_geometrica","status_borda_bacia":"total","metodo_area_bacia":"interseção geométrica em EPSG:5880","metodo_na_bacia":"ponto_representativo_setor_2022_within_bacia","pop_n_validos":1,"pop_n_total":1,"pop_completude":1.0,"dom_n_validos":1,"dom_n_total":1,"dom_completude":1.0,"dom_ocupados_n_validos":1,"dom_ocupados_n_total":1,"dom_ocupados_completude":1.0,"mulheres_n_validos":1,"mulheres_n_total":1,"mulheres_completude":1.0,"c0_4_n_validos":1,"c0_4_n_total":1,"c0_4_completude":1.0,"c5_9_n_validos":1,"c5_9_n_total":1,"c5_9_completude":1.0,"i60_69_n_validos":1,"i60_69_n_total":1,"i60_69_completude":1.0,"i70m_n_validos":1,"i70m_n_total":1,"i70m_completude":1.0,"indigenas_n_validos":1,"indigenas_n_total":1,"indigenas_completude":1.0,"pretos_pardos_n_validos":1,"pretos_pardos_n_total":1,"pretos_pardos_completude":1.0,"dom_agua_n_validos":1,"dom_agua_n_total":1,"dom_agua_completude":1.0,"dom_esgoto_n_validos":0,"dom_esgoto_n_total":1,"dom_esgoto_completude":0.0,"n_resp_n_validos":1,"n_resp_n_total":1,"n_resp_completude":1.0,"renda_resp_n_validos":1,"renda_resp_n_total":1,"renda_resp_completude":1.0,"dens_n_validos":1,"dens_n_total":1,"dens_completude":1.0},"geometry":{"type":"Polygon","coordinates":[[[-51.451461,-29.670083599999934],[-51.45104169999997,-29.671385499999918],[-51.449024399999985,-29.673900299999943],[-51.45048,-29.674721699999967],[-51.45255239999995,-29.672081699999975],[-51.454387199999985,-29.67309939999994],[-51.4537706,-29.66969629999995],[-51.451461,-29.670083599999934]]]}},{"type":"Feature","properties":{"setor":"431240105000027","pop":736,"sigilo_pop":false,"dom":297,"sigilo_dom":false,"mulheres":369,"sigilo_mulheres":false,"c0_4":36,"sigilo_c0_4":false,"c5_9":45,"sigilo_c5_9":false,"i60_69":100,"sigilo_i60_69":false,"i70m":51,"sigilo_i70m":false,"indigenas":0,"sigilo_indigenas":false,"pretos_pardos":66,"sigilo_pretos_pardos":false,"dom_ocupados":278,"sigilo_dom_ocupados":false,"dom_agua":275,"sigilo_dom_agua":false,"dom_esgoto":110,"sigilo_dom_esgoto":false,"renda_resp":5439.67,"sigilo_renda_resp":false,"n_resp":278,"sigilo_n_resp":false,"dens":3413.5,"sigilo_dens":false,"na_bacia":0,"area_pct_bacia":0.0,"metodo_recorte_bacia":"ponto_representativo_setor_2022; area_pct_geometrica","status_borda_bacia":"total","metodo_area_bacia":"interseção geométrica em EPSG:5880","metodo_na_bacia":"ponto_representativo_setor_2022_within_bacia","pop_n_validos":1,"pop_n_total":1,"pop_completude":1.0,"dom_n_validos":1,"dom_n_total":1,"dom_completude":1.0,"dom_ocupados_n_validos":1,"dom_ocupados_n_total":1,"dom_ocupados_completude":1.0,"mulheres_n_validos":1,"mulheres_n_total":1,"mulheres_completude":1.0,"c0_4_n_validos":1,"c0_4_n_total":1,"c0_4_completude":1.0,"c5_9_n_validos":1,"c5_9_n_total":1,"c5_9_completude":1.0,"i60_69_n_validos":1,"i60_69_n_total":1,"i60_69_completude":1.0,"i70m_n_validos":1,"i70m_n_total":1,"i70m_completude":1.0,"indigenas_n_validos":1,"indigenas_n_total":1,"indigenas_completude":1.0,"pretos_pardos_n_validos":1,"pretos_pardos_n_total":1,"pretos_pardos_completude":1.0,"dom_agua_n_validos":1,"dom_agua_n_total":1,"dom_agua_completude":1.0,"dom_esgoto_n_validos":1,"dom_esgoto_n_total":1,"dom_esgoto_completude":1.0,"n_resp_n_validos":1,"n_resp_n_total":1,"n_resp_completude":1.0,"renda_resp_n_validos":1,"renda_resp_n_total":1,"renda_resp_completude":1.0,"dens_n_validos":1,"dens_n_total":1,"dens_completude":1.0},"geometry":{"type":"Polygon","coordinates":[[[-51.448305499999954,-29.67349359999997],[-51.446744599999924,-29.675484899999955],[-51.44893459999997,-29.676746099999953],[-51.44835439999998,-29.67749189999995],[-51.44806529999994,-29.677077699999977],[-51.447434199999975,-29.677814],[-51.44942929999996,-29.680457],[-51.45271639999998,-29.67596509999992],[-51.448305499999954,-29.67349359999997]]]}},{"type":"Feature","properties":{"setor":"431240105000028","pop":358,"sigilo_pop":false,"dom":141,"sigilo_dom":false,"mulheres":170,"sigilo_mulheres":false,"c0_4":12,"sigilo_c0_4":false,"c5_9":13,"sigilo_c5_9":false,"i60_69":58,"sigilo_i60_69":false,"i70m":38,"sigilo_i70m":false,"indigenas":null,"sigilo_indigenas":true,"pretos_pardos":56,"sigilo_pretos_pardos":false,"dom_ocupados":131,"sigilo_dom_ocupados":false,"dom_agua":124,"sigilo_dom_agua":false,"dom_esgoto":54,"sigilo_dom_esgoto":false,"renda_resp":6125.41,"sigilo_renda_resp":false,"n_resp":131,"sigilo_n_resp":false,"dens":1962.8,"sigilo_dens":false,"na_bacia":0,"area_pct_bacia":0.0,"metodo_recorte_bacia":"ponto_representativo_setor_2022; area_pct_geometrica","status_borda_bacia":"total","metodo_area_bacia":"interseção geométrica em EPSG:5880","metodo_na_bacia":"ponto_representativo_setor_2022_within_bacia","pop_n_validos":1,"pop_n_total":1,"pop_completude":1.0,"dom_n_validos":1,"dom_n_total":1,"dom_completude":1.0,"dom_ocupados_n_validos":1,"dom_ocupados_n_total":1,"dom_ocupados_completude":1.0,"mulheres_n_validos":1,"mulheres_n_total":1,"mulheres_completude":1.0,"c0_4_n_validos":1,"c0_4_n_total":1,"c0_4_completude":1.0,"c5_9_n_validos":1,"c5_9_n_total":1,"c5_9_completude":1.0,"i60_69_n_validos":1,"i60_69_n_total":1,"i60_69_completude":1.0,"i70m_n_validos":1,"i70m_n_total":1,"i70m_completude":1.0,"indigenas_n_validos":0,"indigenas_n_total":1,"indigenas_completude":0.0,"pretos_pardos_n_validos":1,"pretos_pardos_n_total":1,"pretos_pardos_completude":1.0,"dom_agua_n_validos":1,"dom_agua_n_total":1,"dom_agua_completude":1.0,"dom_esgoto_n_validos":1,"dom_esgoto_n_total":1,"dom_esgoto_completude":1.0,"n_resp_n_validos":1,"n_resp_n_total":1,"n_resp_completude":1.0,"renda_resp_n_validos":1,"renda_resp_n_total":1,"renda_resp_completude":1.0,"dens_n_validos":1,"dens_n_total":1,"dens_completude":1.0},"geometry":{"type":"Polygon","coordinates":[[[-51.45349479999992,-29.674895499999934],[-51.45124489999994,-29.67805739999994],[-51.45412449999998,-29.67959839999997],[-51.454877099999976,-29.678579],[-51.45684189999997,-29.6796505],[-51.45737469999995,-29.67964879999993],[-51.457208299999934,-29.677944499999974],[-51.456904,-29.677384199999935],[-51.45474179999997,-29.675251],[-51.45349479999992,-29.674895499999934]]]}},{"type":"Feature","properties":{"setor":"431240105000029","pop":505,"sigilo_pop":false,"dom":241,"sigilo_dom":false,"mulheres":278,"sigilo_mulheres":false,"c0_4":30,"sigilo_c0_4":false,"c5_9":33,"sigilo_c5_9":false,"i60_69":69,"sigilo_i60_69":false,"i70m":65,"sigilo_i70m":false,"indigenas":0,"sigilo_indigenas":false,"pretos_pardos":61,"sigilo_pretos_pardos":false,"dom_ocupados":196,"sigilo_dom_ocupados":false,"dom_agua":190,"sigilo_dom_agua":false,"dom_esgoto":86,"sigilo_dom_esgoto":false,"renda_resp":4110.28,"sigilo_renda_resp":false,"n_resp":196,"sigilo_n_resp":false,"dens":3308.6,"sigilo_dens":false,"na_bacia":0,"area_pct_bacia":0.0,"metodo_recorte_bacia":"ponto_representativo_setor_2022; area_pct_geometrica","status_borda_bacia":"total","metodo_area_bacia":"interseção geométrica em EPSG:5880","metodo_na_bacia":"ponto_representativo_setor_2022_within_bacia","pop_n_validos":1,"pop_n_total":1,"pop_completude":1.0,"dom_n_validos":1,"dom_n_total":1,"dom_completude":1.0,"dom_ocupados_n_validos":1,"dom_ocupados_n_total":1,"dom_ocupados_completude":1.0,"mulheres_n_validos":1,"mulheres_n_total":1,"mulheres_completude":1.0,"c0_4_n_validos":1,"c0_4_n_total":1,"c0_4_completude":1.0,"c5_9_n_validos":1,"c5_9_n_total":1,"c5_9_completude":1.0,"i60_69_n_validos":1,"i60_69_n_total":1,"i60_69_completude":1.0,"i70m_n_validos":1,"i70m_n_total":1,"i70m_completude":1.0,"indigenas_n_validos":1,"indigenas_n_total":1,"indigenas_completude":1.0,"pretos_pardos_n_validos":1,"pretos_pardos_n_total":1,"pretos_pardos_completude":1.0,"dom_agua_n_validos":1,"dom_agua_n_total":1,"dom_agua_completude":1.0,"dom_esgoto_n_validos":1,"dom_esgoto_n_total":1,"dom_esgoto_completude":1.0,"n_resp_n_validos":1,"n_resp_n_total":1,"n_resp_completude":1.0,"renda_resp_n_validos":1,"renda_resp_n_total":1,"renda_resp_completude":1.0,"dens_n_validos":1,"dens_n_total":1,"dens_completude":1.0},"geometry":{"type":"Polygon","coordinates":[[[-51.454877099999976,-29.678579],[-51.45339039999993,-29.680664099999937],[-51.45248479999998,-29.68016449999992],[-51.45223679999998,-29.679671899999963],[-51.45123459999997,-29.679996399999936],[-51.45076719999998,-29.680408599999957],[-51.45541119999996,-29.682358499999953],[-51.45778219999994,-29.682304099999946],[-51.45785989999996,-29.681252899999947],[-51.45737469999995,-29.67964879999993],[-51.45684189999997,-29.6796505],[-51.454877099999976,-29.678579]]]}},{"type":"Feature","properties":{"setor":"431240105000030","pop":320,"sigilo_pop":false,"dom":158,"sigilo_dom":false,"mulheres":184,"sigilo_mulheres":false,"c0_4":10,"sigilo_c0_4":false,"c5_9":20,"sigilo_c5_9":false,"i60_69":45,"sigilo_i60_69":false,"i70m":37,"sigilo_i70m":false,"indigenas":0,"sigilo_indigenas":false,"pretos_pardos":31,"sigilo_pretos_pardos":false,"dom_ocupados":127,"sigilo_dom_ocupados":false,"dom_agua":127,"sigilo_dom_agua":false,"dom_esgoto":55,"sigilo_dom_esgoto":false,"renda_resp":3497.82,"sigilo_renda_resp":false,"n_resp":127,"sigilo_n_resp":false,"dens":6080.5,"sigilo_dens":false,"na_bacia":0,"area_pct_bacia":0.0,"metodo_recorte_bacia":"ponto_representativo_setor_2022; area_pct_geometrica","status_borda_bacia":"total","metodo_area_bacia":"interseção geométrica em EPSG:5880","metodo_na_bacia":"ponto_representativo_setor_2022_within_bacia","pop_n_validos":1,"pop_n_total":1,"pop_completude":1.0,"dom_n_validos":1,"dom_n_total":1,"dom_completude":1.0,"dom_ocupados_n_validos":1,"dom_ocupados_n_total":1,"dom_ocupados_completude":1.0,"mulheres_n_validos":1,"mulheres_n_total":1,"mulheres_completude":1.0,"c0_4_n_validos":1,"c0_4_n_total":1,"c0_4_completude":1.0,"c5_9_n_validos":1,"c5_9_n_total":1,"c5_9_completude":1.0,"i60_69_n_validos":1,"i60_69_n_total":1,"i60_69_completude":1.0,"i70m_n_validos":1,"i70m_n_total":1,"i70m_completude":1.0,"indigenas_n_validos":1,"indigenas_n_total":1,"indigenas_completude":1.0,"pretos_pardos_n_validos":1,"pretos_pardos_n_total":1,"pretos_pardos_completude":1.0,"dom_agua_n_validos":1,"dom_agua_n_total":1,"dom_agua_completude":1.0,"dom_esgoto_n_validos":1,"dom_esgoto_n_total":1,"dom_esgoto_completude":1.0,"n_resp_n_validos":1,"n_resp_n_total":1,"n_resp_completude":1.0,"renda_resp_n_validos":1,"renda_resp_n_total":1,"renda_resp_completude":1.0,"dens_n_validos":1,"dens_n_total":1,"dens_completude":1.0},"geometry":{"type":"Polygon","coordinates":[[[-51.45278079999998,-29.685198],[-51.45512,-29.686215099999966],[-51.45572789999994,-29.685179399999985],[-51.454638699999975,-29.684529699999935],[-51.455505499999965,-29.683346499999974],[-51.45460909999997,-29.68277539999997],[-51.45278079999998,-29.685198]]]}},{"type":"Feature","properties":{"setor":"431240105000031","pop":504,"sigilo_pop":false,"dom":254,"sigilo_dom":false,"mulheres":260,"sigilo_mulheres":false,"c0_4":22,"sigilo_c0_4":false,"c5_9":23,"sigilo_c5_9":false,"i60_69":86,"sigilo_i60_69":false,"i70m":56,"sigilo_i70m":false,"indigenas":0,"sigilo_indigenas":false,"pretos_pardos":49,"sigilo_pretos_pardos":false,"dom_ocupados":215,"sigilo_dom_ocupados":false,"dom_agua":213,"sigilo_dom_agua":false,"dom_esgoto":49,"sigilo_dom_esgoto":false,"renda_resp":3962.0,"sigilo_renda_resp":false,"n_resp":215,"sigilo_n_resp":false,"dens":3442.3,"sigilo_dens":false,"na_bacia":0,"area_pct_bacia":0.0,"metodo_recorte_bacia":"ponto_representativo_setor_2022; area_pct_geometrica","status_borda_bacia":"total","metodo_area_bacia":"interseção geométrica em EPSG:5880","metodo_na_bacia":"ponto_representativo_setor_2022_within_bacia","pop_n_validos":1,"pop_n_total":1,"pop_completude":1.0,"dom_n_validos":1,"dom_n_total":1,"dom_completude":1.0,"dom_ocupados_n_validos":1,"dom_ocupados_n_total":1,"dom_ocupados_completude":1.0,"mulheres_n_validos":1,"mulheres_n_total":1,"mulheres_completude":1.0,"c0_4_n_validos":1,"c0_4_n_total":1,"c0_4_completude":1.0,"c5_9_n_validos":1,"c5_9_n_total":1,"c5_9_completude":1.0,"i60_69_n_validos":1,"i60_69_n_total":1,"i60_69_completude":1.0,"i70m_n_validos":1,"i70m_n_total":1,"i70m_completude":1.0,"indigenas_n_validos":1,"indigenas_n_total":1,"indigenas_completude":1.0,"pretos_pardos_n_validos":1,"pretos_pardos_n_total":1,"pretos_pardos_completude":1.0,"dom_agua_n_validos":1,"dom_agua_n_total":1,"dom_agua_completude":1.0,"dom_esgoto_n_validos":1,"dom_esgoto_n_total":1,"dom_esgoto_completude":1.0,"n_resp_n_validos":1,"n_resp_n_total":1,"n_resp_completude":1.0,"renda_resp_n_validos":1,"renda_resp_n_total":1,"renda_resp_completude":1.0,"dens_n_validos":1,"dens_n_total":1,"dens_completude":1.0},"geometry":{"type":"Polygon","coordinates":[[[-51.45083149999994,-29.68139319999995],[-51.452426,-29.68179459999993],[-51.451066699999956,-29.68344519999994],[-51.45199579999997,-29.68381139999997],[-51.451404,-29.684599399999968],[-51.45278079999998,-29.685198],[-51.45460909999997,-29.68277539999997],[-51.457707399999954,-29.684823],[-51.45758059999997,-29.683239],[-51.45778219999994,-29.682304099999946],[-51.45541119999996,-29.682358499999953],[-51.45085459999996,-29.680540099999977],[-51.45083149999994,-29.68139319999995]]]}},{"type":"Feature","properties":{"setor":"431240105000032","pop":299,"sigilo_pop":false,"dom":151,"sigilo_dom":false,"mulheres":158,"sigilo_mulheres":false,"c0_4":16,"sigilo_c0_4":false,"c5_9":null,"sigilo_c5_9":true,"i60_69":39,"sigilo_i60_69":false,"i70m":31,"sigilo_i70m":false,"indigenas":0,"sigilo_indigenas":false,"pretos_pardos":19,"sigilo_pretos_pardos":false,"dom_ocupados":129,"sigilo_dom_ocupados":false,"dom_agua":126,"sigilo_dom_agua":false,"dom_esgoto":54,"sigilo_dom_esgoto":false,"renda_resp":2891.8,"sigilo_renda_resp":false,"n_resp":129,"sigilo_n_resp":false,"dens":4459.0,"sigilo_dens":false,"na_bacia":0,"area_pct_bacia":0.0,"metodo_recorte_bacia":"ponto_representativo_setor_2022; area_pct_geometrica","status_borda_bacia":"total","metodo_area_bacia":"interseção geométrica em EPSG:5880","metodo_na_bacia":"ponto_representativo_setor_2022_within_bacia","pop_n_validos":1,"pop_n_total":1,"pop_completude":1.0,"dom_n_validos":1,"dom_n_total":1,"dom_completude":1.0,"dom_ocupados_n_validos":1,"dom_ocupados_n_total":1,"dom_ocupados_completude":1.0,"mulheres_n_validos":1,"mulheres_n_total":1,"mulheres_completude":1.0,"c0_4_n_validos":1,"c0_4_n_total":1,"c0_4_completude":1.0,"c5_9_n_validos":0,"c5_9_n_total":1,"c5_9_completude":0.0,"i60_69_n_validos":1,"i60_69_n_total":1,"i60_69_completude":1.0,"i70m_n_validos":1,"i70m_n_total":1,"i70m_completude":1.0,"indigenas_n_validos":1,"indigenas_n_total":1,"indigenas_completude":1.0,"pretos_pardos_n_validos":1,"pretos_pardos_n_total":1,"pretos_pardos_completude":1.0,"dom_agua_n_validos":1,"dom_agua_n_total":1,"dom_agua_completude":1.0,"dom_esgoto_n_validos":1,"dom_esgoto_n_total":1,"dom_esgoto_completude":1.0,"n_resp_n_validos":1,"n_resp_n_total":1,"n_resp_completude":1.0,"renda_resp_n_validos":1,"renda_resp_n_total":1,"renda_resp_completude":1.0,"dens_n_validos":1,"dens_n_total":1,"dens_completude":1.0},"geometry":{"type":"Polygon","coordinates":[[[-51.4487223,-29.68345289999996],[-51.451404,-29.684599399999968],[-51.45199579999997,-29.68381139999997],[-51.451066699999956,-29.68344519999994],[-51.452426,-29.68179459999993],[-51.450474,-29.681317399999962],[-51.44995619999998,-29.68192539999996],[-51.4487223,-29.68345289999996]]]}},{"type":"Feature","properties":{"setor":"431240105000033","pop":520,"sigilo_pop":false,"dom":231,"sigilo_dom":false,"mulheres":273,"sigilo_mulheres":false,"c0_4":25,"sigilo_c0_4":false,"c5_9":37,"sigilo_c5_9":false,"i60_69":69,"sigilo_i60_69":false,"i70m":54,"sigilo_i70m":false,"indigenas":0,"sigilo_indigenas":false,"pretos_pardos":59,"sigilo_pretos_pardos":false,"dom_ocupados":193,"sigilo_dom_ocupados":false,"dom_agua":190,"sigilo_dom_agua":false,"dom_esgoto":135,"sigilo_dom_esgoto":false,"renda_resp":2364.02,"sigilo_renda_resp":false,"n_resp":193,"sigilo_n_resp":false,"dens":3505.3,"sigilo_dens":false,"na_bacia":0,"area_pct_bacia":0.0,"metodo_recorte_bacia":"ponto_representativo_setor_2022; area_pct_geometrica","status_borda_bacia":"total","metodo_area_bacia":"interseção geométrica em EPSG:5880","metodo_na_bacia":"ponto_representativo_setor_2022_within_bacia","pop_n_validos":1,"pop_n_total":1,"pop_completude":1.0,"dom_n_validos":1,"dom_n_total":1,"dom_completude":1.0,"dom_ocupados_n_validos":1,"dom_ocupados_n_total":1,"dom_ocupados_completude":1.0,"mulheres_n_validos":1,"mulheres_n_total":1,"mulheres_completude":1.0,"c0_4_n_validos":1,"c0_4_n_total":1,"c0_4_completude":1.0,"c5_9_n_validos":1,"c5_9_n_total":1,"c5_9_completude":1.0,"i60_69_n_validos":1,"i60_69_n_total":1,"i60_69_completude":1.0,"i70m_n_validos":1,"i70m_n_total":1,"i70m_completude":1.0,"indigenas_n_validos":1,"indigenas_n_total":1,"indigenas_completude":1.0,"pretos_pardos_n_validos":1,"pretos_pardos_n_total":1,"pretos_pardos_completude":1.0,"dom_agua_n_validos":1,"dom_agua_n_total":1,"dom_agua_completude":1.0,"dom_esgoto_n_validos":1,"dom_esgoto_n_total":1,"dom_esgoto_completude":1.0,"n_resp_n_validos":1,"n_resp_n_total":1,"n_resp_completude":1.0,"renda_resp_n_validos":1,"renda_resp_n_total":1,"renda_resp_completude":1.0,"dens_n_validos":1,"dens_n_total":1,"dens_completude":1.0},"geometry":{"type":"Polygon","coordinates":[[[-51.47590119999996,-29.70237489999994],[-51.47873989999993,-29.70506889999996],[-51.48016089999993,-29.702456],[-51.47985989999996,-29.701986899999945],[-51.480215,-29.70122389999995],[-51.47874789999997,-29.70030689999994],[-51.47591629999994,-29.700260199999935],[-51.47590119999996,-29.70237489999994]]]}},{"type":"Feature","properties":{"setor":"431240105000034","pop":613,"sigilo_pop":false,"dom":320,"sigilo_dom":false,"mulheres":327,"sigilo_mulheres":false,"c0_4":29,"sigilo_c0_4":false,"c5_9":31,"sigilo_c5_9":false,"i60_69":74,"sigilo_i60_69":false,"i70m":64,"sigilo_i70m":false,"indigenas":0,"sigilo_indigenas":false,"pretos_pardos":22,"sigilo_pretos_pardos":false,"dom_ocupados":283,"sigilo_dom_ocupados":false,"dom_agua":281,"sigilo_dom_agua":false,"dom_esgoto":233,"sigilo_dom_esgoto":false,"renda_resp":2813.98,"sigilo_renda_resp":false,"n_resp":283,"sigilo_n_resp":false,"dens":1732.9,"sigilo_dens":false,"na_bacia":0,"area_pct_bacia":0.0,"metodo_recorte_bacia":"ponto_representativo_setor_2022; area_pct_geometrica","status_borda_bacia":"total","metodo_area_bacia":"interseção geométrica em EPSG:5880","metodo_na_bacia":"ponto_representativo_setor_2022_within_bacia","pop_n_validos":1,"pop_n_total":1,"pop_completude":1.0,"dom_n_validos":1,"dom_n_total":1,"dom_completude":1.0,"dom_ocupados_n_validos":1,"dom_ocupados_n_total":1,"dom_ocupados_completude":1.0,"mulheres_n_validos":1,"mulheres_n_total":1,"mulheres_completude":1.0,"c0_4_n_validos":1,"c0_4_n_total":1,"c0_4_completude":1.0,"c5_9_n_validos":1,"c5_9_n_total":1,"c5_9_completude":1.0,"i60_69_n_validos":1,"i60_69_n_total":1,"i60_69_completude":1.0,"i70m_n_validos":1,"i70m_n_total":1,"i70m_completude":1.0,"indigenas_n_validos":1,"indigenas_n_total":1,"indigenas_completude":1.0,"pretos_pardos_n_validos":1,"pretos_pardos_n_total":1,"pretos_pardos_completude":1.0,"dom_agua_n_validos":1,"dom_agua_n_total":1,"dom_agua_completude":1.0,"dom_esgoto_n_validos":1,"dom_esgoto_n_total":1,"dom_esgoto_completude":1.0,"n_resp_n_validos":1,"n_resp_n_total":1,"n_resp_completude":1.0,"renda_resp_n_validos":1,"renda_resp_n_total":1,"renda_resp_completude":1.0,"dens_n_validos":1,"dens_n_total":1,"dens_completude":1.0},"geometry":{"type":"Polygon","coordinates":[[[-51.47432509999993,-29.69582729999996],[-51.47464549999996,-29.698533599999955],[-51.47591629999994,-29.700260199999935],[-51.478167,-29.700422499999938],[-51.478500699999984,-29.700267199999924],[-51.479339099999954,-29.700513199999943],[-51.480719499999964,-29.69784019999997],[-51.48018189999993,-29.697325299999928],[-51.479278799999975,-29.696956799999953],[-51.48065649999995,-29.696455099999973],[-51.48139249999997,-29.69580109999997],[-51.47964509999997,-29.694633399999937],[-51.47607429999994,-29.693697499999935],[-51.47569759999993,-29.69333],[-51.475404,-29.69356],[-51.475606,-29.694308499999966],[-51.47524439999996,-29.695425299999947],[-51.47432509999993,-29.69582729999996]]]}},{"type":"Feature","properties":{"setor":"431240105000035","pop":582,"sigilo_pop":false,"dom":301,"sigilo_dom":false,"mulheres":318,"sigilo_mulheres":false,"c0_4":29,"sigilo_c0_4":false,"c5_9":36,"sigilo_c5_9":false,"i60_69":69,"sigilo_i60_69":false,"i70m":20,"sigilo_i70m":false,"indigenas":0,"sigilo_indigenas":false,"pretos_pardos":52,"sigilo_pretos_pardos":false,"dom_ocupados":262,"sigilo_dom_ocupados":false,"dom_agua":262,"sigilo_dom_agua":false,"dom_esgoto":127,"sigilo_dom_esgoto":false,"renda_resp":3618.85,"sigilo_renda_resp":false,"n_resp":262,"sigilo_n_resp":false,"dens":4287.1,"sigilo_dens":false,"na_bacia":0,"area_pct_bacia":0.0,"metodo_recorte_bacia":"ponto_representativo_setor_2022; area_pct_geometrica","status_borda_bacia":"total","metodo_area_bacia":"interseção geométrica em EPSG:5880","metodo_na_bacia":"ponto_representativo_setor_2022_within_bacia","pop_n_validos":1,"pop_n_total":1,"pop_completude":1.0,"dom_n_validos":1,"dom_n_total":1,"dom_completude":1.0,"dom_ocupados_n_validos":1,"dom_ocupados_n_total":1,"dom_ocupados_completude":1.0,"mulheres_n_validos":1,"mulheres_n_total":1,"mulheres_completude":1.0,"c0_4_n_validos":1,"c0_4_n_total":1,"c0_4_completude":1.0,"c5_9_n_validos":1,"c5_9_n_total":1,"c5_9_completude":1.0,"i60_69_n_validos":1,"i60_69_n_total":1,"i60_69_completude":1.0,"i70m_n_validos":1,"i70m_n_total":1,"i70m_completude":1.0,"indigenas_n_validos":1,"indigenas_n_total":1,"indigenas_completude":1.0,"pretos_pardos_n_validos":1,"pretos_pardos_n_total":1,"pretos_pardos_completude":1.0,"dom_agua_n_validos":1,"dom_agua_n_total":1,"dom_agua_completude":1.0,"dom_esgoto_n_validos":1,"dom_esgoto_n_total":1,"dom_esgoto_completude":1.0,"n_resp_n_validos":1,"n_resp_n_total":1,"n_resp_completude":1.0,"renda_resp_n_validos":1,"renda_resp_n_total":1,"renda_resp_completude":1.0,"dens_n_validos":1,"dens_n_total":1,"dens_completude":1.0},"geometry":{"type":"Polygon","coordinates":[[[-51.48018189999993,-29.697325299999928],[-51.48232329999997,-29.699181],[-51.485612,-29.700355399999975],[-51.485933799999934,-29.699762699999958],[-51.48684349999997,-29.699579899999936],[-51.48139249999997,-29.69580109999997],[-51.48065649999995,-29.696455099999973],[-51.479278799999975,-29.696956799999953],[-51.48018189999993,-29.697325299999928]]]}},{"type":"Feature","properties":{"setor":"431240105000036","pop":788,"sigilo_pop":false,"dom":361,"sigilo_dom":false,"mulheres":423,"sigilo_mulheres":false,"c0_4":36,"sigilo_c0_4":false,"c5_9":50,"sigilo_c5_9":false,"i60_69":103,"sigilo_i60_69":false,"i70m":77,"sigilo_i70m":false,"indigenas":null,"sigilo_indigenas":true,"pretos_pardos":116,"sigilo_pretos_pardos":false,"dom_ocupados":322,"sigilo_dom_ocupados":false,"dom_agua":312,"sigilo_dom_agua":false,"dom_esgoto":26,"sigilo_dom_esgoto":false,"renda_resp":2777.05,"sigilo_renda_resp":false,"n_resp":322,"sigilo_n_resp":false,"dens":4746.3,"sigilo_dens":false,"na_bacia":0,"area_pct_bacia":0.0,"metodo_recorte_bacia":"ponto_representativo_setor_2022; area_pct_geometrica","status_borda_bacia":"total","metodo_area_bacia":"interseção geométrica em EPSG:5880","metodo_na_bacia":"ponto_representativo_setor_2022_within_bacia","pop_n_validos":1,"pop_n_total":1,"pop_completude":1.0,"dom_n_validos":1,"dom_n_total":1,"dom_completude":1.0,"dom_ocupados_n_validos":1,"dom_ocupados_n_total":1,"dom_ocupados_completude":1.0,"mulheres_n_validos":1,"mulheres_n_total":1,"mulheres_completude":1.0,"c0_4_n_validos":1,"c0_4_n_total":1,"c0_4_completude":1.0,"c5_9_n_validos":1,"c5_9_n_total":1,"c5_9_completude":1.0,"i60_69_n_validos":1,"i60_69_n_total":1,"i60_69_completude":1.0,"i70m_n_validos":1,"i70m_n_total":1,"i70m_completude":1.0,"indigenas_n_validos":0,"indigenas_n_total":1,"indigenas_completude":0.0,"pretos_pardos_n_validos":1,"pretos_pardos_n_total":1,"pretos_pardos_completude":1.0,"dom_agua_n_validos":1,"dom_agua_n_total":1,"dom_agua_completude":1.0,"dom_esgoto_n_validos":1,"dom_esgoto_n_total":1,"dom_esgoto_completude":1.0,"n_resp_n_validos":1,"n_resp_n_total":1,"n_resp_completude":1.0,"renda_resp_n_validos":1,"renda_resp_n_total":1,"renda_resp_completude":1.0,"dens_n_validos":1,"dens_n_total":1,"dens_completude":1.0},"geometry":{"type":"Polygon","coordinates":[[[-51.48684349999997,-29.699579899999936],[-51.48842059999998,-29.700656099999943],[-51.48919869999998,-29.700932099999935],[-51.493942299999965,-29.701736599999947],[-51.49423629999995,-29.70035739999998],[-51.49191859999997,-29.699953099999963],[-51.49207869999997,-29.697862399999963],[-51.490470699999946,-29.697854399999983],[-51.488905699999975,-29.69827079999993],[-51.48776449999997,-29.699358699999944],[-51.48684349999997,-29.699579899999936]]]}},{"type":"Feature","properties":{"setor":"431240105000037","pop":291,"sigilo_pop":false,"dom":139,"sigilo_dom":false,"mulheres":157,"sigilo_mulheres":false,"c0_4":20,"sigilo_c0_4":false,"c5_9":17,"sigilo_c5_9":false,"i60_69":41,"sigilo_i60_69":false,"i70m":38,"sigilo_i70m":false,"indigenas":0,"sigilo_indigenas":false,"pretos_pardos":47,"sigilo_pretos_pardos":false,"dom_ocupados":127,"sigilo_dom_ocupados":false,"dom_agua":125,"sigilo_dom_agua":false,"dom_esgoto":74,"sigilo_dom_esgoto":false,"renda_resp":2483.11,"sigilo_renda_resp":false,"n_resp":127,"sigilo_n_resp":false,"dens":3434.8,"sigilo_dens":false,"na_bacia":0,"area_pct_bacia":0.0,"metodo_recorte_bacia":"ponto_representativo_setor_2022; area_pct_geometrica","status_borda_bacia":"total","metodo_area_bacia":"interseção geométrica em EPSG:5880","metodo_na_bacia":"ponto_representativo_setor_2022_within_bacia","pop_n_validos":1,"pop_n_total":1,"pop_completude":1.0,"dom_n_validos":1,"dom_n_total":1,"dom_completude":1.0,"dom_ocupados_n_validos":1,"dom_ocupados_n_total":1,"dom_ocupados_completude":1.0,"mulheres_n_validos":1,"mulheres_n_total":1,"mulheres_completude":1.0,"c0_4_n_validos":1,"c0_4_n_total":1,"c0_4_completude":1.0,"c5_9_n_validos":1,"c5_9_n_total":1,"c5_9_completude":1.0,"i60_69_n_validos":1,"i60_69_n_total":1,"i60_69_completude":1.0,"i70m_n_validos":1,"i70m_n_total":1,"i70m_completude":1.0,"indigenas_n_validos":1,"indigenas_n_total":1,"indigenas_completude":1.0,"pretos_pardos_n_validos":1,"pretos_pardos_n_total":1,"pretos_pardos_completude":1.0,"dom_agua_n_validos":1,"dom_agua_n_total":1,"dom_agua_completude":1.0,"dom_esgoto_n_validos":1,"dom_esgoto_n_total":1,"dom_esgoto_completude":1.0,"n_resp_n_validos":1,"n_resp_n_total":1,"n_resp_completude":1.0,"renda_resp_n_validos":1,"renda_resp_n_total":1,"renda_resp_completude":1.0,"dens_n_validos":1,"dens_n_total":1,"dens_completude":1.0},"geometry":{"type":"Polygon","coordinates":[[[-51.485933799999934,-29.699762699999958],[-51.48518619999993,-29.701879099999932],[-51.48510289999996,-29.703326],[-51.486959499999955,-29.703638],[-51.48757169999993,-29.70071319999993],[-51.48842059999998,-29.700656099999943],[-51.48684349999997,-29.699579899999936],[-51.485933799999934,-29.699762699999958]]]}},{"type":"Feature","properties":{"setor":"431240105000038","pop":544,"sigilo_pop":false,"dom":252,"sigilo_dom":false,"mulheres":286,"sigilo_mulheres":false,"c0_4":36,"sigilo_c0_4":false,"c5_9":27,"sigilo_c5_9":false,"i60_69":52,"sigilo_i60_69":false,"i70m":32,"sigilo_i70m":false,"indigenas":null,"sigilo_indigenas":true,"pretos_pardos":83,"sigilo_pretos_pardos":false,"dom_ocupados":219,"sigilo_dom_ocupados":false,"dom_agua":206,"sigilo_dom_agua":false,"dom_esgoto":66,"sigilo_dom_esgoto":false,"renda_resp":2735.16,"sigilo_renda_resp":false,"n_resp":219,"sigilo_n_resp":false,"dens":5249.9,"sigilo_dens":false,"na_bacia":0,"area_pct_bacia":0.0,"metodo_recorte_bacia":"ponto_representativo_setor_2022; area_pct_geometrica","status_borda_bacia":"total","metodo_area_bacia":"interseção geométrica em EPSG:5880","metodo_na_bacia":"ponto_representativo_setor_2022_within_bacia","pop_n_validos":1,"pop_n_total":1,"pop_completude":1.0,"dom_n_validos":1,"dom_n_total":1,"dom_completude":1.0,"dom_ocupados_n_validos":1,"dom_ocupados_n_total":1,"dom_ocupados_completude":1.0,"mulheres_n_validos":1,"mulheres_n_total":1,"mulheres_completude":1.0,"c0_4_n_validos":1,"c0_4_n_total":1,"c0_4_completude":1.0,"c5_9_n_validos":1,"c5_9_n_total":1,"c5_9_completude":1.0,"i60_69_n_validos":1,"i60_69_n_total":1,"i60_69_completude":1.0,"i70m_n_validos":1,"i70m_n_total":1,"i70m_completude":1.0,"indigenas_n_validos":0,"indigenas_n_total":1,"indigenas_completude":0.0,"pretos_pardos_n_validos":1,"pretos_pardos_n_total":1,"pretos_pardos_completude":1.0,"dom_agua_n_validos":1,"dom_agua_n_total":1,"dom_agua_completude":1.0,"dom_esgoto_n_validos":1,"dom_esgoto_n_total":1,"dom_esgoto_completude":1.0,"n_resp_n_validos":1,"n_resp_n_total":1,"n_resp_completude":1.0,"renda_resp_n_validos":1,"renda_resp_n_total":1,"renda_resp_completude":1.0,"dens_n_validos":1,"dens_n_total":1,"dens_completude":1.0},"geometry":{"type":"Polygon","coordinates":[[[-51.48933639999996,-29.70402639999998],[-51.49241519999998,-29.704520399999975],[-51.493138199999976,-29.701600599999956],[-51.489973599999985,-29.701061],[-51.48933639999996,-29.70402639999998]]]}},{"type":"Feature","properties":{"setor":"431240105000039","pop":1219,"sigilo_pop":false,"dom":512,"sigilo_dom":false,"mulheres":647,"sigilo_mulheres":false,"c0_4":83,"sigilo_c0_4":false,"c5_9":81,"sigilo_c5_9":false,"i60_69":85,"sigilo_i60_69":false,"i70m":50,"sigilo_i70m":false,"indigenas":5,"sigilo_indigenas":false,"pretos_pardos":244,"sigilo_pretos_pardos":false,"dom_ocupados":464,"sigilo_dom_ocupados":false,"dom_agua":445,"sigilo_dom_agua":false,"dom_esgoto":39,"sigilo_dom_esgoto":false,"renda_resp":3571.14,"sigilo_renda_resp":false,"n_resp":464,"sigilo_n_resp":false,"dens":1288.4,"sigilo_dens":false,"na_bacia":0,"area_pct_bacia":0.0,"metodo_recorte_bacia":"ponto_representativo_setor_2022; area_pct_geometrica","status_borda_bacia":"total","metodo_area_bacia":"interseção geométrica em EPSG:5880","metodo_na_bacia":"ponto_representativo_setor_2022_within_bacia","pop_n_validos":1,"pop_n_total":1,"pop_completude":1.0,"dom_n_validos":1,"dom_n_total":1,"dom_completude":1.0,"dom_ocupados_n_validos":1,"dom_ocupados_n_total":1,"dom_ocupados_completude":1.0,"mulheres_n_validos":1,"mulheres_n_total":1,"mulheres_completude":1.0,"c0_4_n_validos":1,"c0_4_n_total":1,"c0_4_completude":1.0,"c5_9_n_validos":1,"c5_9_n_total":1,"c5_9_completude":1.0,"i60_69_n_validos":1,"i60_69_n_total":1,"i60_69_completude":1.0,"i70m_n_validos":1,"i70m_n_total":1,"i70m_completude":1.0,"indigenas_n_validos":1,"indigenas_n_total":1,"indigenas_completude":1.0,"pretos_pardos_n_validos":1,"pretos_pardos_n_total":1,"pretos_pardos_completude":1.0,"dom_agua_n_validos":1,"dom_agua_n_total":1,"dom_agua_completude":1.0,"dom_esgoto_n_validos":1,"dom_esgoto_n_total":1,"dom_esgoto_completude":1.0,"n_resp_n_validos":1,"n_resp_n_total":1,"n_resp_completude":1.0,"renda_resp_n_validos":1,"renda_resp_n_total":1,"renda_resp_completude":1.0,"dens_n_validos":1,"dens_n_total":1,"dens_completude":1.0},"geometry":{"type":"Polygon","coordinates":[[[-51.49564879999997,-29.705057699999927],[-51.49014109999996,-29.70415589999992],[-51.489728,-29.70603819999997],[-51.48517959999998,-29.705290399999964],[-51.48528749999997,-29.706234099999957],[-51.48645279999993,-29.709034],[-51.486315099999956,-29.710501799999975],[-51.48697329999993,-29.710182599999932],[-51.4871591,-29.70948429999992],[-51.488102,-29.709491599999982],[-51.48850879999998,-29.70917609999998],[-51.488787299999956,-29.709462],[-51.489334799999945,-29.709377899999936],[-51.492043499999966,-29.709826299999982],[-51.49405739999997,-29.711093099999964],[-51.494139099999984,-29.711526],[-51.49456819999995,-29.711534299999983],[-51.49466789999997,-29.711848899999957],[-51.495111,-29.71175249999993],[-51.4955384,-29.712272499999987],[-51.496293099999946,-29.712258899999938],[-51.49642959999995,-29.712680699999968],[-51.49668289999994,-29.712473099999944],[-51.496984199999986,-29.712777899999935],[-51.497479399999975,-29.712577499999945],[-51.497829,-29.712819],[-51.497622,-29.71318979999995],[-51.498138799999936,-29.713323599999963],[-51.498508799999975,-29.70979669999997],[-51.49896019999994,-29.70783759999994],[-51.50187029999995,-29.70304969999996],[-51.496297,-29.702124899999948],[-51.49564879999997,-29.705057699999927]]]}},{"type":"Feature","properties":{"setor":"431240105000041","pop":321,"sigilo_pop":false,"dom":123,"sigilo_dom":false,"mulheres":170,"sigilo_mulheres":false,"c0_4":28,"sigilo_c0_4":false,"c5_9":25,"sigilo_c5_9":false,"i60_69":29,"sigilo_i60_69":false,"i70m":10,"sigilo_i70m":false,"indigenas":0,"sigilo_indigenas":false,"pretos_pardos":88,"sigilo_pretos_pardos":false,"dom_ocupados":111,"sigilo_dom_ocupados":false,"dom_agua":91,"sigilo_dom_agua":false,"dom_esgoto":57,"sigilo_dom_esgoto":false,"renda_resp":1850.4,"sigilo_renda_resp":false,"n_resp":111,"sigilo_n_resp":false,"dens":1018.3,"sigilo_dens":false,"na_bacia":0,"area_pct_bacia":0.0,"metodo_recorte_bacia":"ponto_representativo_setor_2022; area_pct_geometrica","status_borda_bacia":"total","metodo_area_bacia":"interseção geométrica em EPSG:5880","metodo_na_bacia":"ponto_representativo_setor_2022_within_bacia","pop_n_validos":1,"pop_n_total":1,"pop_completude":1.0,"dom_n_validos":1,"dom_n_total":1,"dom_completude":1.0,"dom_ocupados_n_validos":1,"dom_ocupados_n_total":1,"dom_ocupados_completude":1.0,"mulheres_n_validos":1,"mulheres_n_total":1,"mulheres_completude":1.0,"c0_4_n_validos":1,"c0_4_n_total":1,"c0_4_completude":1.0,"c5_9_n_validos":1,"c5_9_n_total":1,"c5_9_completude":1.0,"i60_69_n_validos":1,"i60_69_n_total":1,"i60_69_completude":1.0,"i70m_n_validos":1,"i70m_n_total":1,"i70m_completude":1.0,"indigenas_n_validos":1,"indigenas_n_total":1,"indigenas_completude":1.0,"pretos_pardos_n_validos":1,"pretos_pardos_n_total":1,"pretos_pardos_completude":1.0,"dom_agua_n_validos":1,"dom_agua_n_total":1,"dom_agua_completude":1.0,"dom_esgoto_n_validos":1,"dom_esgoto_n_total":1,"dom_esgoto_completude":1.0,"n_resp_n_validos":1,"n_resp_n_total":1,"n_resp_completude":1.0,"renda_resp_n_validos":1,"renda_resp_n_total":1,"renda_resp_completude":1.0,"dens_n_validos":1,"dens_n_total":1,"dens_completude":1.0},"geometry":{"type":"Polygon","coordinates":[[[-51.482923199999966,-29.726646799999973],[-51.48307889999996,-29.72778929999998],[-51.484111,-29.728677],[-51.49094529999997,-29.723484],[-51.49186139999995,-29.72579],[-51.496006299999976,-29.72535639999994],[-51.496091099999944,-29.72433869999998],[-51.49295649999994,-29.724665099999978],[-51.491239,-29.72141669999995],[-51.48606929999994,-29.72401819999994],[-51.482923199999966,-29.726646799999973]]]}},{"type":"Feature","properties":{"setor":"431240105000042","pop":487,"sigilo_pop":false,"dom":206,"sigilo_dom":false,"mulheres":250,"sigilo_mulheres":false,"c0_4":32,"sigilo_c0_4":false,"c5_9":52,"sigilo_c5_9":false,"i60_69":57,"sigilo_i60_69":false,"i70m":37,"sigilo_i70m":false,"indigenas":null,"sigilo_indigenas":true,"pretos_pardos":141,"sigilo_pretos_pardos":false,"dom_ocupados":175,"sigilo_dom_ocupados":false,"dom_agua":164,"sigilo_dom_agua":false,"dom_esgoto":59,"sigilo_dom_esgoto":false,"renda_resp":1765.39,"sigilo_renda_resp":false,"n_resp":175,"sigilo_n_resp":false,"dens":1305.4,"sigilo_dens":false,"na_bacia":0,"area_pct_bacia":0.0,"metodo_recorte_bacia":"ponto_representativo_setor_2022; area_pct_geometrica","status_borda_bacia":"total","metodo_area_bacia":"interseção geométrica em EPSG:5880","metodo_na_bacia":"ponto_representativo_setor_2022_within_bacia","pop_n_validos":1,"pop_n_total":1,"pop_completude":1.0,"dom_n_validos":1,"dom_n_total":1,"dom_completude":1.0,"dom_ocupados_n_validos":1,"dom_ocupados_n_total":1,"dom_ocupados_completude":1.0,"mulheres_n_validos":1,"mulheres_n_total":1,"mulheres_completude":1.0,"c0_4_n_validos":1,"c0_4_n_total":1,"c0_4_completude":1.0,"c5_9_n_validos":1,"c5_9_n_total":1,"c5_9_completude":1.0,"i60_69_n_validos":1,"i60_69_n_total":1,"i60_69_completude":1.0,"i70m_n_validos":1,"i70m_n_total":1,"i70m_completude":1.0,"indigenas_n_validos":0,"indigenas_n_total":1,"indigenas_completude":0.0,"pretos_pardos_n_validos":1,"pretos_pardos_n_total":1,"pretos_pardos_completude":1.0,"dom_agua_n_validos":1,"dom_agua_n_total":1,"dom_agua_completude":1.0,"dom_esgoto_n_validos":1,"dom_esgoto_n_total":1,"dom_esgoto_completude":1.0,"n_resp_n_validos":1,"n_resp_n_total":1,"n_resp_completude":1.0,"renda_resp_n_validos":1,"renda_resp_n_total":1,"renda_resp_completude":1.0,"dens_n_validos":1,"dens_n_total":1,"dens_completude":1.0},"geometry":{"type":"Polygon","coordinates":[[[-51.498138799999936,-29.713323599999963],[-51.497481,-29.716034],[-51.496019699999984,-29.718271299999966],[-51.49351989999997,-29.720319499999956],[-51.491239,-29.72141669999995],[-51.49194649999998,-29.722779],[-51.49342219999994,-29.722623799999955],[-51.49361679999998,-29.72310309999995],[-51.49478869999995,-29.72297779999997],[-51.49545439999997,-29.724420199999937],[-51.496091099999944,-29.72433869999998],[-51.49690689999994,-29.721781499999953],[-51.50159269999995,-29.712501599999943],[-51.50100529999998,-29.712459599999935],[-51.498693099999976,-29.71360629999998],[-51.498522299999934,-29.71335429999994],[-51.498138799999936,-29.713323599999963]]]}},{"type":"Feature","properties":{"setor":"431240105000044","pop":122,"sigilo_pop":false,"dom":49,"sigilo_dom":false,"mulheres":64,"sigilo_mulheres":false,"c0_4":10,"sigilo_c0_4":false,"c5_9":8,"sigilo_c5_9":false,"i60_69":null,"sigilo_i60_69":true,"i70m":null,"sigilo_i70m":true,"indigenas":0,"sigilo_indigenas":false,"pretos_pardos":27,"sigilo_pretos_pardos":false,"dom_ocupados":43,"sigilo_dom_ocupados":false,"dom_agua":20,"sigilo_dom_agua":false,"dom_esgoto":null,"sigilo_dom_esgoto":true,"renda_resp":2159.57,"sigilo_renda_resp":false,"n_resp":43,"sigilo_n_resp":false,"dens":121.1,"sigilo_dens":false,"na_bacia":0,"area_pct_bacia":0.0,"metodo_recorte_bacia":"ponto_representativo_setor_2022; area_pct_geometrica","status_borda_bacia":"total","metodo_area_bacia":"interseção geométrica em EPSG:5880","metodo_na_bacia":"ponto_representativo_setor_2022_within_bacia","pop_n_validos":1,"pop_n_total":1,"pop_completude":1.0,"dom_n_validos":1,"dom_n_total":1,"dom_completude":1.0,"dom_ocupados_n_validos":1,"dom_ocupados_n_total":1,"dom_ocupados_completude":1.0,"mulheres_n_validos":1,"mulheres_n_total":1,"mulheres_completude":1.0,"c0_4_n_validos":1,"c0_4_n_total":1,"c0_4_completude":1.0,"c5_9_n_validos":1,"c5_9_n_total":1,"c5_9_completude":1.0,"i60_69_n_validos":0,"i60_69_n_total":1,"i60_69_completude":0.0,"i70m_n_validos":0,"i70m_n_total":1,"i70m_completude":0.0,"indigenas_n_validos":1,"indigenas_n_total":1,"indigenas_completude":1.0,"pretos_pardos_n_validos":1,"pretos_pardos_n_total":1,"pretos_pardos_completude":1.0,"dom_agua_n_validos":1,"dom_agua_n_total":1,"dom_agua_completude":1.0,"dom_esgoto_n_validos":0,"dom_esgoto_n_total":1,"dom_esgoto_completude":0.0,"n_resp_n_validos":1,"n_resp_n_total":1,"n_resp_completude":1.0,"renda_resp_n_validos":1,"renda_resp_n_total":1,"renda_resp_completude":1.0,"dens_n_validos":1,"dens_n_total":1,"dens_completude":1.0},"geometry":{"type":"Polygon","coordinates":[[[-51.50022039999993,-29.689764499999956],[-51.5040681,-29.693758499999937],[-51.50473749999997,-29.69492169999995],[-51.50511789999996,-29.696358099999927],[-51.50499419999994,-29.697670799999965],[-51.504525,-29.698932499999962],[-51.50187029999995,-29.70304969999996],[-51.505589499999985,-29.703621799999954],[-51.506117699999955,-29.703403899999948],[-51.51052309999994,-29.694487],[-51.51210239999994,-29.692892899999936],[-51.516569699999934,-29.69044339999993],[-51.51848639999998,-29.68885109999997],[-51.515057599999984,-29.68950669999998],[-51.509402399999935,-29.69014819999996],[-51.504493599999925,-29.689203699999947],[-51.50022039999993,-29.689764499999956]]]}},{"type":"Feature","properties":{"setor":"431240105000045","pop":800,"sigilo_pop":false,"dom":323,"sigilo_dom":false,"mulheres":422,"sigilo_mulheres":false,"c0_4":55,"sigilo_c0_4":false,"c5_9":65,"sigilo_c5_9":false,"i60_69":77,"sigilo_i60_69":false,"i70m":35,"sigilo_i70m":false,"indigenas":0,"sigilo_indigenas":false,"pretos_pardos":82,"sigilo_pretos_pardos":false,"dom_ocupados":293,"sigilo_dom_ocupados":false,"dom_agua":255,"sigilo_dom_agua":false,"dom_esgoto":23,"sigilo_dom_esgoto":false,"renda_resp":2596.73,"sigilo_renda_resp":false,"n_resp":293,"sigilo_n_resp":false,"dens":1332.8,"sigilo_dens":false,"na_bacia":0,"area_pct_bacia":0.0,"metodo_recorte_bacia":"ponto_representativo_setor_2022; area_pct_geometrica","status_borda_bacia":"total","metodo_area_bacia":"interseção geométrica em EPSG:5880","metodo_na_bacia":"ponto_representativo_setor_2022_within_bacia","pop_n_validos":1,"pop_n_total":1,"pop_completude":1.0,"dom_n_validos":1,"dom_n_total":1,"dom_completude":1.0,"dom_ocupados_n_validos":1,"dom_ocupados_n_total":1,"dom_ocupados_completude":1.0,"mulheres_n_validos":1,"mulheres_n_total":1,"mulheres_completude":1.0,"c0_4_n_validos":1,"c0_4_n_total":1,"c0_4_completude":1.0,"c5_9_n_validos":1,"c5_9_n_total":1,"c5_9_completude":1.0,"i60_69_n_validos":1,"i60_69_n_total":1,"i60_69_completude":1.0,"i70m_n_validos":1,"i70m_n_total":1,"i70m_completude":1.0,"indigenas_n_validos":1,"indigenas_n_total":1,"indigenas_completude":1.0,"pretos_pardos_n_validos":1,"pretos_pardos_n_total":1,"pretos_pardos_completude":1.0,"dom_agua_n_validos":1,"dom_agua_n_total":1,"dom_agua_completude":1.0,"dom_esgoto_n_validos":1,"dom_esgoto_n_total":1,"dom_esgoto_completude":1.0,"n_resp_n_validos":1,"n_resp_n_total":1,"n_resp_completude":1.0,"renda_resp_n_validos":1,"renda_resp_n_total":1,"renda_resp_completude":1.0,"dens_n_validos":1,"dens_n_total":1,"dens_completude":1.0},"geometry":{"type":"Polygon","coordinates":[[[-51.502222,-29.693128299999962],[-51.49966959999994,-29.695117599999946],[-51.500690099999986,-29.695975899999954],[-51.50172739999994,-29.697639],[-51.50407649999994,-29.69891349999995],[-51.50382039999994,-29.699510099999934],[-51.501874,-29.69906039999996],[-51.50199759999999,-29.698549699999937],[-51.501514199999974,-29.697820799999917],[-51.50139869999998,-29.69805169999996],[-51.50054849999999,-29.69673559999995],[-51.498619,-29.695885499999974],[-51.495177099999985,-29.697223],[-51.496009,-29.69927339999998],[-51.496514899999966,-29.699353499999972],[-51.49764789999994,-29.700410599999937],[-51.49672129999994,-29.70117479999993],[-51.49688019999997,-29.701334],[-51.498841899999945,-29.701691199999964],[-51.49868059999994,-29.702518],[-51.50187029999995,-29.70304969999996],[-51.504805,-29.698270799999932],[-51.50510909999997,-29.69707379999996],[-51.50498589999996,-29.695586099999954],[-51.5040681,-29.693758499999937],[-51.50277589999997,-29.692441],[-51.502222,-29.693128299999962]]]}},{"type":"Feature","properties":{"setor":"431240105000046","pop":431,"sigilo_pop":false,"dom":166,"sigilo_dom":false,"mulheres":223,"sigilo_mulheres":false,"c0_4":27,"sigilo_c0_4":false,"c5_9":40,"sigilo_c5_9":false,"i60_69":34,"sigilo_i60_69":false,"i70m":null,"sigilo_i70m":true,"indigenas":0,"sigilo_indigenas":false,"pretos_pardos":95,"sigilo_pretos_pardos":false,"dom_ocupados":155,"sigilo_dom_ocupados":false,"dom_agua":141,"sigilo_dom_agua":false,"dom_esgoto":6,"sigilo_dom_esgoto":false,"renda_resp":1703.49,"sigilo_renda_resp":false,"n_resp":155,"sigilo_n_resp":false,"dens":8536.3,"sigilo_dens":false,"na_bacia":0,"area_pct_bacia":0.0,"metodo_recorte_bacia":"ponto_representativo_setor_2022; area_pct_geometrica","status_borda_bacia":"total","metodo_area_bacia":"interseção geométrica em EPSG:5880","metodo_na_bacia":"ponto_representativo_setor_2022_within_bacia","pop_n_validos":1,"pop_n_total":1,"pop_completude":1.0,"dom_n_validos":1,"dom_n_total":1,"dom_completude":1.0,"dom_ocupados_n_validos":1,"dom_ocupados_n_total":1,"dom_ocupados_completude":1.0,"mulheres_n_validos":1,"mulheres_n_total":1,"mulheres_completude":1.0,"c0_4_n_validos":1,"c0_4_n_total":1,"c0_4_completude":1.0,"c5_9_n_validos":1,"c5_9_n_total":1,"c5_9_completude":1.0,"i60_69_n_validos":1,"i60_69_n_total":1,"i60_69_completude":1.0,"i70m_n_validos":0,"i70m_n_total":1,"i70m_completude":0.0,"indigenas_n_validos":1,"indigenas_n_total":1,"indigenas_completude":1.0,"pretos_pardos_n_validos":1,"pretos_pardos_n_total":1,"pretos_pardos_completude":1.0,"dom_agua_n_validos":1,"dom_agua_n_total":1,"dom_agua_completude":1.0,"dom_esgoto_n_validos":1,"dom_esgoto_n_total":1,"dom_esgoto_completude":1.0,"n_resp_n_validos":1,"n_resp_n_total":1,"n_resp_completude":1.0,"renda_resp_n_validos":1,"renda_resp_n_total":1,"renda_resp_completude":1.0,"dens_n_validos":1,"dens_n_total":1,"dens_completude":1.0},"geometry":{"type":"Polygon","coordinates":[[[-51.49966959999994,-29.695117599999946],[-51.498619,-29.695885499999974],[-51.50069529999996,-29.696885099999974],[-51.50139869999998,-29.69805169999996],[-51.501514199999974,-29.697820799999917],[-51.50199759999999,-29.698549699999937],[-51.501874,-29.69906039999996],[-51.50382039999994,-29.699510099999934],[-51.50407649999994,-29.69891349999995],[-51.50172739999994,-29.697639],[-51.500690099999986,-29.695975899999954],[-51.49966959999994,-29.695117599999946]]]}},{"type":"Feature","properties":{"setor":"431240105000047","pop":625,"sigilo_pop":false,"dom":293,"sigilo_dom":false,"mulheres":316,"sigilo_mulheres":false,"c0_4":57,"sigilo_c0_4":false,"c5_9":45,"sigilo_c5_9":false,"i60_69":37,"sigilo_i60_69":false,"i70m":14,"sigilo_i70m":false,"indigenas":null,"sigilo_indigenas":true,"pretos_pardos":184,"sigilo_pretos_pardos":false,"dom_ocupados":262,"sigilo_dom_ocupados":false,"dom_agua":245,"sigilo_dom_agua":false,"dom_esgoto":34,"sigilo_dom_esgoto":false,"renda_resp":2301.33,"sigilo_renda_resp":false,"n_resp":262,"sigilo_n_resp":false,"dens":1607.6,"sigilo_dens":false,"na_bacia":0,"area_pct_bacia":0.0,"metodo_recorte_bacia":"ponto_representativo_setor_2022; area_pct_geometrica","status_borda_bacia":"total","metodo_area_bacia":"interseção geométrica em EPSG:5880","metodo_na_bacia":"ponto_representativo_setor_2022_within_bacia","pop_n_validos":1,"pop_n_total":1,"pop_completude":1.0,"dom_n_validos":1,"dom_n_total":1,"dom_completude":1.0,"dom_ocupados_n_validos":1,"dom_ocupados_n_total":1,"dom_ocupados_completude":1.0,"mulheres_n_validos":1,"mulheres_n_total":1,"mulheres_completude":1.0,"c0_4_n_validos":1,"c0_4_n_total":1,"c0_4_completude":1.0,"c5_9_n_validos":1,"c5_9_n_total":1,"c5_9_completude":1.0,"i60_69_n_validos":1,"i60_69_n_total":1,"i60_69_completude":1.0,"i70m_n_validos":1,"i70m_n_total":1,"i70m_completude":1.0,"indigenas_n_validos":0,"indigenas_n_total":1,"indigenas_completude":0.0,"pretos_pardos_n_validos":1,"pretos_pardos_n_total":1,"pretos_pardos_completude":1.0,"dom_agua_n_validos":1,"dom_agua_n_total":1,"dom_agua_completude":1.0,"dom_esgoto_n_validos":1,"dom_esgoto_n_total":1,"dom_esgoto_completude":1.0,"n_resp_n_validos":1,"n_resp_n_total":1,"n_resp_completude":1.0,"renda_resp_n_validos":1,"renda_resp_n_total":1,"renda_resp_completude":1.0,"dens_n_validos":1,"dens_n_total":1,"dens_completude":1.0},"geometry":{"type":"Polygon","coordinates":[[[-51.49371359999997,-29.68733639999994],[-51.492727899999984,-29.690149599999984],[-51.492762,-29.691158699999974],[-51.4964255,-29.691628],[-51.49665339999996,-29.691048599999924],[-51.49823279999998,-29.692043199999937],[-51.50029,-29.69453519999996],[-51.502222,-29.693128299999962],[-51.50277589999997,-29.692441],[-51.50022039999993,-29.689764499999956],[-51.500122,-29.68801929999995],[-51.49371359999997,-29.68733639999994]]]}},{"type":"Feature","properties":{"setor":"431240105000049","pop":696,"sigilo_pop":false,"dom":247,"sigilo_dom":false,"mulheres":344,"sigilo_mulheres":false,"c0_4":45,"sigilo_c0_4":false,"c5_9":66,"sigilo_c5_9":false,"i60_69":51,"sigilo_i60_69":false,"i70m":27,"sigilo_i70m":false,"indigenas":0,"sigilo_indigenas":false,"pretos_pardos":274,"sigilo_pretos_pardos":false,"dom_ocupados":234,"sigilo_dom_ocupados":false,"dom_agua":230,"sigilo_dom_agua":false,"dom_esgoto":174,"sigilo_dom_esgoto":false,"renda_resp":2308.94,"sigilo_renda_resp":false,"n_resp":234,"sigilo_n_resp":false,"dens":8349.2,"sigilo_dens":false,"na_bacia":0,"area_pct_bacia":0.0,"metodo_recorte_bacia":"ponto_representativo_setor_2022; area_pct_geometrica","status_borda_bacia":"total","metodo_area_bacia":"interseção geométrica em EPSG:5880","metodo_na_bacia":"ponto_representativo_setor_2022_within_bacia","pop_n_validos":1,"pop_n_total":1,"pop_completude":1.0,"dom_n_validos":1,"dom_n_total":1,"dom_completude":1.0,"dom_ocupados_n_validos":1,"dom_ocupados_n_total":1,"dom_ocupados_completude":1.0,"mulheres_n_validos":1,"mulheres_n_total":1,"mulheres_completude":1.0,"c0_4_n_validos":1,"c0_4_n_total":1,"c0_4_completude":1.0,"c5_9_n_validos":1,"c5_9_n_total":1,"c5_9_completude":1.0,"i60_69_n_validos":1,"i60_69_n_total":1,"i60_69_completude":1.0,"i70m_n_validos":1,"i70m_n_total":1,"i70m_completude":1.0,"indigenas_n_validos":1,"indigenas_n_total":1,"indigenas_completude":1.0,"pretos_pardos_n_validos":1,"pretos_pardos_n_total":1,"pretos_pardos_completude":1.0,"dom_agua_n_validos":1,"dom_agua_n_total":1,"dom_agua_completude":1.0,"dom_esgoto_n_validos":1,"dom_esgoto_n_total":1,"dom_esgoto_completude":1.0,"n_resp_n_validos":1,"n_resp_n_total":1,"n_resp_completude":1.0,"renda_resp_n_validos":1,"renda_resp_n_total":1,"renda_resp_completude":1.0,"dens_n_validos":1,"dens_n_total":1,"dens_completude":1.0},"geometry":{"type":"Polygon","coordinates":[[[-51.48961269999996,-29.690753399999945],[-51.492762,-29.691158699999974],[-51.492727899999984,-29.690149599999984],[-51.49328009999994,-29.68897739999996],[-51.490555499999964,-29.688278799999978],[-51.48968829999995,-29.689098299999955],[-51.48937339999998,-29.690405],[-51.48971389999997,-29.690455699999983],[-51.48961269999996,-29.690753399999945]]]}},{"type":"Feature","properties":{"setor":"431240105000050","pop":1479,"sigilo_pop":false,"dom":603,"sigilo_dom":false,"mulheres":762,"sigilo_mulheres":false,"c0_4":126,"sigilo_c0_4":false,"c5_9":132,"sigilo_c5_9":false,"i60_69":75,"sigilo_i60_69":false,"i70m":45,"sigilo_i70m":false,"indigenas":0,"sigilo_indigenas":false,"pretos_pardos":324,"sigilo_pretos_pardos":false,"dom_ocupados":539,"sigilo_dom_ocupados":false,"dom_agua":505,"sigilo_dom_agua":false,"dom_esgoto":21,"sigilo_dom_esgoto":false,"renda_resp":3261.32,"sigilo_renda_resp":false,"n_resp":539,"sigilo_n_resp":false,"dens":2216.4,"sigilo_dens":false,"na_bacia":0,"area_pct_bacia":0.0,"metodo_recorte_bacia":"ponto_representativo_setor_2022; area_pct_geometrica","status_borda_bacia":"total","metodo_area_bacia":"interseção geométrica em EPSG:5880","metodo_na_bacia":"ponto_representativo_setor_2022_within_bacia","pop_n_validos":1,"pop_n_total":1,"pop_completude":1.0,"dom_n_validos":1,"dom_n_total":1,"dom_completude":1.0,"dom_ocupados_n_validos":1,"dom_ocupados_n_total":1,"dom_ocupados_completude":1.0,"mulheres_n_validos":1,"mulheres_n_total":1,"mulheres_completude":1.0,"c0_4_n_validos":1,"c0_4_n_total":1,"c0_4_completude":1.0,"c5_9_n_validos":1,"c5_9_n_total":1,"c5_9_completude":1.0,"i60_69_n_validos":1,"i60_69_n_total":1,"i60_69_completude":1.0,"i70m_n_validos":1,"i70m_n_total":1,"i70m_completude":1.0,"indigenas_n_validos":1,"indigenas_n_total":1,"indigenas_completude":1.0,"pretos_pardos_n_validos":1,"pretos_pardos_n_total":1,"pretos_pardos_completude":1.0,"dom_agua_n_validos":1,"dom_agua_n_total":1,"dom_agua_completude":1.0,"dom_esgoto_n_validos":1,"dom_esgoto_n_total":1,"dom_esgoto_completude":1.0,"n_resp_n_validos":1,"n_resp_n_total":1,"n_resp_completude":1.0,"renda_resp_n_validos":1,"renda_resp_n_total":1,"renda_resp_completude":1.0,"dens_n_validos":1,"dens_n_total":1,"dens_completude":1.0},"geometry":{"type":"Polygon","coordinates":[[[-51.484945399999965,-29.687235199999982],[-51.48391219999996,-29.688862499999978],[-51.48292479999998,-29.689375599999945],[-51.48285419999997,-29.689925199999944],[-51.480607499999955,-29.691942799999943],[-51.48091849999997,-29.69401779999998],[-51.480512199999964,-29.69521089999995],[-51.48174889999995,-29.696055899999976],[-51.485865,-29.694286599999934],[-51.48774049999998,-29.692834399999974],[-51.48769219999997,-29.69212069999997],[-51.48924279999994,-29.692203799999962],[-51.48971389999997,-29.690455699999983],[-51.48937339999998,-29.690405],[-51.489799,-29.688935],[-51.490555499999964,-29.688278799999978],[-51.49328009999994,-29.68897739999996],[-51.49371359999997,-29.68733639999994],[-51.4860293,-29.685893499999963],[-51.48583049999997,-29.686809099999934],[-51.484945399999965,-29.687235199999982]]]}},{"type":"Feature","properties":{"setor":"431240105000051","pop":968,"sigilo_pop":false,"dom":406,"sigilo_dom":false,"mulheres":535,"sigilo_mulheres":false,"c0_4":79,"sigilo_c0_4":false,"c5_9":85,"sigilo_c5_9":false,"i60_69":65,"sigilo_i60_69":false,"i70m":43,"sigilo_i70m":false,"indigenas":null,"sigilo_indigenas":true,"pretos_pardos":286,"sigilo_pretos_pardos":false,"dom_ocupados":349,"sigilo_dom_ocupados":false,"dom_agua":333,"sigilo_dom_agua":false,"dom_esgoto":115,"sigilo_dom_esgoto":false,"renda_resp":2017.43,"sigilo_renda_resp":false,"n_resp":349,"sigilo_n_resp":false,"dens":1893.3,"sigilo_dens":false,"na_bacia":0,"area_pct_bacia":0.0,"metodo_recorte_bacia":"ponto_representativo_setor_2022; area_pct_geometrica","status_borda_bacia":"total","metodo_area_bacia":"interseção geométrica em EPSG:5880","metodo_na_bacia":"ponto_representativo_setor_2022_within_bacia","pop_n_validos":1,"pop_n_total":1,"pop_completude":1.0,"dom_n_validos":1,"dom_n_total":1,"dom_completude":1.0,"dom_ocupados_n_validos":1,"dom_ocupados_n_total":1,"dom_ocupados_completude":1.0,"mulheres_n_validos":1,"mulheres_n_total":1,"mulheres_completude":1.0,"c0_4_n_validos":1,"c0_4_n_total":1,"c0_4_completude":1.0,"c5_9_n_validos":1,"c5_9_n_total":1,"c5_9_completude":1.0,"i60_69_n_validos":1,"i60_69_n_total":1,"i60_69_completude":1.0,"i70m_n_validos":1,"i70m_n_total":1,"i70m_completude":1.0,"indigenas_n_validos":0,"indigenas_n_total":1,"indigenas_completude":0.0,"pretos_pardos_n_validos":1,"pretos_pardos_n_total":1,"pretos_pardos_completude":1.0,"dom_agua_n_validos":1,"dom_agua_n_total":1,"dom_agua_completude":1.0,"dom_esgoto_n_validos":1,"dom_esgoto_n_total":1,"dom_esgoto_completude":1.0,"n_resp_n_validos":1,"n_resp_n_total":1,"n_resp_completude":1.0,"renda_resp_n_validos":1,"renda_resp_n_total":1,"renda_resp_completude":1.0,"dens_n_validos":1,"dens_n_total":1,"dens_completude":1.0},"geometry":{"type":"Polygon","coordinates":[[[-51.47474309999996,-29.689224299999978],[-51.47584969999997,-29.691835799999964],[-51.47569759999993,-29.69333],[-51.47607429999994,-29.693697499999935],[-51.47964509999997,-29.694633399999937],[-51.480512199999964,-29.69521089999995],[-51.48091849999997,-29.69401779999998],[-51.480607499999955,-29.691942799999943],[-51.48285419999997,-29.689925199999944],[-51.48292479999998,-29.689375599999945],[-51.48391219999996,-29.688862499999978],[-51.484945399999965,-29.687235199999982],[-51.478075499999925,-29.686417699999936],[-51.47835429999997,-29.687366699999973],[-51.47474309999996,-29.689224299999978]]]}},{"type":"Feature","properties":{"setor":"431240105000052","pop":649,"sigilo_pop":false,"dom":273,"sigilo_dom":false,"mulheres":349,"sigilo_mulheres":false,"c0_4":60,"sigilo_c0_4":false,"c5_9":53,"sigilo_c5_9":false,"i60_69":56,"sigilo_i60_69":false,"i70m":36,"sigilo_i70m":false,"indigenas":0,"sigilo_indigenas":false,"pretos_pardos":144,"sigilo_pretos_pardos":false,"dom_ocupados":231,"sigilo_dom_ocupados":false,"dom_agua":213,"sigilo_dom_agua":false,"dom_esgoto":4,"sigilo_dom_esgoto":false,"renda_resp":2003.46,"sigilo_renda_resp":false,"n_resp":231,"sigilo_n_resp":false,"dens":826.2,"sigilo_dens":false,"na_bacia":0,"area_pct_bacia":0.0,"metodo_recorte_bacia":"ponto_representativo_setor_2022; area_pct_geometrica","status_borda_bacia":"total","metodo_area_bacia":"interseção geométrica em EPSG:5880","metodo_na_bacia":"ponto_representativo_setor_2022_within_bacia","pop_n_validos":1,"pop_n_total":1,"pop_completude":1.0,"dom_n_validos":1,"dom_n_total":1,"dom_completude":1.0,"dom_ocupados_n_validos":1,"dom_ocupados_n_total":1,"dom_ocupados_completude":1.0,"mulheres_n_validos":1,"mulheres_n_total":1,"mulheres_completude":1.0,"c0_4_n_validos":1,"c0_4_n_total":1,"c0_4_completude":1.0,"c5_9_n_validos":1,"c5_9_n_total":1,"c5_9_completude":1.0,"i60_69_n_validos":1,"i60_69_n_total":1,"i60_69_completude":1.0,"i70m_n_validos":1,"i70m_n_total":1,"i70m_completude":1.0,"indigenas_n_validos":1,"indigenas_n_total":1,"indigenas_completude":1.0,"pretos_pardos_n_validos":1,"pretos_pardos_n_total":1,"pretos_pardos_completude":1.0,"dom_agua_n_validos":1,"dom_agua_n_total":1,"dom_agua_completude":1.0,"dom_esgoto_n_validos":1,"dom_esgoto_n_total":1,"dom_esgoto_completude":1.0,"n_resp_n_validos":1,"n_resp_n_total":1,"n_resp_completude":1.0,"renda_resp_n_validos":1,"renda_resp_n_total":1,"renda_resp_completude":1.0,"dens_n_validos":1,"dens_n_total":1,"dens_completude":1.0},"geometry":{"type":"Polygon","coordinates":[[[-51.47737569999999,-29.673132799999955],[-51.47732579999996,-29.675912899999954],[-51.47684039999996,-29.676564599999942],[-51.475785599999945,-29.677130099999946],[-51.47715289999997,-29.678167399999943],[-51.474336499999936,-29.68591589999994],[-51.484945399999965,-29.687235199999982],[-51.48583049999997,-29.686809099999934],[-51.4860293,-29.685893499999963],[-51.482483399999985,-29.68524439999994],[-51.482473299999974,-29.684595799999958],[-51.482102199999986,-29.684391],[-51.482153,-29.683927699999977],[-51.48176529999996,-29.683673499999944],[-51.481935,-29.682930599999956],[-51.48161209999995,-29.68257619999997],[-51.481780799999974,-29.681216699999943],[-51.481492499999945,-29.680453899999975],[-51.48189409999998,-29.678820699999957],[-51.48118049999994,-29.677598699999976],[-51.48021529999994,-29.67718709999998],[-51.479712699999936,-29.676615599999934],[-51.479765499999985,-29.67275149999996],[-51.47797339999994,-29.67278369999997],[-51.47737569999999,-29.673132799999955]]]}},{"type":"Feature","properties":{"setor":"431240105000053","pop":563,"sigilo_pop":false,"dom":240,"sigilo_dom":false,"mulheres":303,"sigilo_mulheres":false,"c0_4":32,"sigilo_c0_4":false,"c5_9":43,"sigilo_c5_9":false,"i60_69":70,"sigilo_i60_69":false,"i70m":42,"sigilo_i70m":false,"indigenas":0,"sigilo_indigenas":false,"pretos_pardos":106,"sigilo_pretos_pardos":false,"dom_ocupados":219,"sigilo_dom_ocupados":false,"dom_agua":182,"sigilo_dom_agua":false,"dom_esgoto":39,"sigilo_dom_esgoto":false,"renda_resp":2156.45,"sigilo_renda_resp":false,"n_resp":219,"sigilo_n_resp":false,"dens":4237.4,"sigilo_dens":false,"na_bacia":0,"area_pct_bacia":0.0,"metodo_recorte_bacia":"ponto_representativo_setor_2022; area_pct_geometrica","status_borda_bacia":"total","metodo_area_bacia":"interseção geométrica em EPSG:5880","metodo_na_bacia":"ponto_representativo_setor_2022_within_bacia","pop_n_validos":1,"pop_n_total":1,"pop_completude":1.0,"dom_n_validos":1,"dom_n_total":1,"dom_completude":1.0,"dom_ocupados_n_validos":1,"dom_ocupados_n_total":1,"dom_ocupados_completude":1.0,"mulheres_n_validos":1,"mulheres_n_total":1,"mulheres_completude":1.0,"c0_4_n_validos":1,"c0_4_n_total":1,"c0_4_completude":1.0,"c5_9_n_validos":1,"c5_9_n_total":1,"c5_9_completude":1.0,"i60_69_n_validos":1,"i60_69_n_total":1,"i60_69_completude":1.0,"i70m_n_validos":1,"i70m_n_total":1,"i70m_completude":1.0,"indigenas_n_validos":1,"indigenas_n_total":1,"indigenas_completude":1.0,"pretos_pardos_n_validos":1,"pretos_pardos_n_total":1,"pretos_pardos_completude":1.0,"dom_agua_n_validos":1,"dom_agua_n_total":1,"dom_agua_completude":1.0,"dom_esgoto_n_validos":1,"dom_esgoto_n_total":1,"dom_esgoto_completude":1.0,"n_resp_n_validos":1,"n_resp_n_total":1,"n_resp_completude":1.0,"renda_resp_n_validos":1,"renda_resp_n_total":1,"renda_resp_completude":1.0,"dens_n_validos":1,"dens_n_total":1,"dens_completude":1.0},"geometry":{"type":"Polygon","coordinates":[[[-51.4743979,-29.67342239999993],[-51.47661729999998,-29.676214699999957],[-51.473634,-29.676669599999965],[-51.47214439999994,-29.677267],[-51.47063439999994,-29.677124899999967],[-51.472368,-29.678926499999932],[-51.47684039999996,-29.676564599999942],[-51.47732579999996,-29.675912899999954],[-51.47737569999999,-29.673132799999955],[-51.47648669999995,-29.67350279999994],[-51.4743979,-29.67342239999993]]]}},{"type":"Feature","properties":{"setor":"431240105000054","pop":586,"sigilo_pop":false,"dom":242,"sigilo_dom":false,"mulheres":304,"sigilo_mulheres":false,"c0_4":19,"sigilo_c0_4":false,"c5_9":35,"sigilo_c5_9":false,"i60_69":78,"sigilo_i60_69":false,"i70m":93,"sigilo_i70m":false,"indigenas":0,"sigilo_indigenas":false,"pretos_pardos":78,"sigilo_pretos_pardos":false,"dom_ocupados":232,"sigilo_dom_ocupados":false,"dom_agua":221,"sigilo_dom_agua":false,"dom_esgoto":111,"sigilo_dom_esgoto":false,"renda_resp":2692.21,"sigilo_renda_resp":false,"n_resp":232,"sigilo_n_resp":false,"dens":4609.2,"sigilo_dens":false,"na_bacia":0,"area_pct_bacia":0.0,"metodo_recorte_bacia":"ponto_representativo_setor_2022; area_pct_geometrica","status_borda_bacia":"total","metodo_area_bacia":"interseção geométrica em EPSG:5880","metodo_na_bacia":"ponto_representativo_setor_2022_within_bacia","pop_n_validos":1,"pop_n_total":1,"pop_completude":1.0,"dom_n_validos":1,"dom_n_total":1,"dom_completude":1.0,"dom_ocupados_n_validos":1,"dom_ocupados_n_total":1,"dom_ocupados_completude":1.0,"mulheres_n_validos":1,"mulheres_n_total":1,"mulheres_completude":1.0,"c0_4_n_validos":1,"c0_4_n_total":1,"c0_4_completude":1.0,"c5_9_n_validos":1,"c5_9_n_total":1,"c5_9_completude":1.0,"i60_69_n_validos":1,"i60_69_n_total":1,"i60_69_completude":1.0,"i70m_n_validos":1,"i70m_n_total":1,"i70m_completude":1.0,"indigenas_n_validos":1,"indigenas_n_total":1,"indigenas_completude":1.0,"pretos_pardos_n_validos":1,"pretos_pardos_n_total":1,"pretos_pardos_completude":1.0,"dom_agua_n_validos":1,"dom_agua_n_total":1,"dom_agua_completude":1.0,"dom_esgoto_n_validos":1,"dom_esgoto_n_total":1,"dom_esgoto_completude":1.0,"n_resp_n_validos":1,"n_resp_n_total":1,"n_resp_completude":1.0,"renda_resp_n_validos":1,"renda_resp_n_total":1,"renda_resp_completude":1.0,"dens_n_validos":1,"dens_n_total":1,"dens_completude":1.0},"geometry":{"type":"Polygon","coordinates":[[[-51.467228,-29.67872479999994],[-51.46789419999994,-29.681247399999954],[-51.472368,-29.678926499999932],[-51.47063439999994,-29.677124899999967],[-51.468786799999975,-29.677572799999947],[-51.467228,-29.67872479999994]]]}},{"type":"Feature","properties":{"setor":"431240105000055","pop":471,"sigilo_pop":false,"dom":198,"sigilo_dom":false,"mulheres":251,"sigilo_mulheres":false,"c0_4":24,"sigilo_c0_4":false,"c5_9":24,"sigilo_c5_9":false,"i60_69":48,"sigilo_i60_69":false,"i70m":54,"sigilo_i70m":false,"indigenas":0,"sigilo_indigenas":false,"pretos_pardos":97,"sigilo_pretos_pardos":false,"dom_ocupados":192,"sigilo_dom_ocupados":false,"dom_agua":164,"sigilo_dom_agua":false,"dom_esgoto":26,"sigilo_dom_esgoto":false,"renda_resp":3224.44,"sigilo_renda_resp":false,"n_resp":192,"sigilo_n_resp":false,"dens":6291.2,"sigilo_dens":false,"na_bacia":0,"area_pct_bacia":0.0,"metodo_recorte_bacia":"ponto_representativo_setor_2022; area_pct_geometrica","status_borda_bacia":"total","metodo_area_bacia":"interseção geométrica em EPSG:5880","metodo_na_bacia":"ponto_representativo_setor_2022_within_bacia","pop_n_validos":1,"pop_n_total":1,"pop_completude":1.0,"dom_n_validos":1,"dom_n_total":1,"dom_completude":1.0,"dom_ocupados_n_validos":1,"dom_ocupados_n_total":1,"dom_ocupados_completude":1.0,"mulheres_n_validos":1,"mulheres_n_total":1,"mulheres_completude":1.0,"c0_4_n_validos":1,"c0_4_n_total":1,"c0_4_completude":1.0,"c5_9_n_validos":1,"c5_9_n_total":1,"c5_9_completude":1.0,"i60_69_n_validos":1,"i60_69_n_total":1,"i60_69_completude":1.0,"i70m_n_validos":1,"i70m_n_total":1,"i70m_completude":1.0,"indigenas_n_validos":1,"indigenas_n_total":1,"indigenas_completude":1.0,"pretos_pardos_n_validos":1,"pretos_pardos_n_total":1,"pretos_pardos_completude":1.0,"dom_agua_n_validos":1,"dom_agua_n_total":1,"dom_agua_completude":1.0,"dom_esgoto_n_validos":1,"dom_esgoto_n_total":1,"dom_esgoto_completude":1.0,"n_resp_n_validos":1,"n_resp_n_total":1,"n_resp_completude":1.0,"renda_resp_n_validos":1,"renda_resp_n_total":1,"renda_resp_completude":1.0,"dens_n_validos":1,"dens_n_total":1,"dens_completude":1.0},"geometry":{"type":"Polygon","coordinates":[[[-51.47108829999996,-29.67471719999997],[-51.46982509999998,-29.675621299999936],[-51.47108619999995,-29.677067599999926],[-51.47214439999994,-29.677267],[-51.47450939999994,-29.676513699999916],[-51.472991699999966,-29.674716],[-51.47179709999995,-29.675493199999934],[-51.47108829999996,-29.67471719999997]]]}},{"type":"Feature","properties":{"setor":"431240105000056","pop":812,"sigilo_pop":false,"dom":374,"sigilo_dom":false,"mulheres":425,"sigilo_mulheres":false,"c0_4":41,"sigilo_c0_4":false,"c5_9":57,"sigilo_c5_9":false,"i60_69":97,"sigilo_i60_69":false,"i70m":79,"sigilo_i70m":false,"indigenas":0,"sigilo_indigenas":false,"pretos_pardos":184,"sigilo_pretos_pardos":false,"dom_ocupados":343,"sigilo_dom_ocupados":false,"dom_agua":331,"sigilo_dom_agua":false,"dom_esgoto":26,"sigilo_dom_esgoto":false,"renda_resp":2638.27,"sigilo_renda_resp":false,"n_resp":343,"sigilo_n_resp":false,"dens":2894.6,"sigilo_dens":false,"na_bacia":0,"area_pct_bacia":0.0,"metodo_recorte_bacia":"ponto_representativo_setor_2022; area_pct_geometrica","status_borda_bacia":"total","metodo_area_bacia":"interseção geométrica em EPSG:5880","metodo_na_bacia":"ponto_representativo_setor_2022_within_bacia","pop_n_validos":1,"pop_n_total":1,"pop_completude":1.0,"dom_n_validos":1,"dom_n_total":1,"dom_completude":1.0,"dom_ocupados_n_validos":1,"dom_ocupados_n_total":1,"dom_ocupados_completude":1.0,"mulheres_n_validos":1,"mulheres_n_total":1,"mulheres_completude":1.0,"c0_4_n_validos":1,"c0_4_n_total":1,"c0_4_completude":1.0,"c5_9_n_validos":1,"c5_9_n_total":1,"c5_9_completude":1.0,"i60_69_n_validos":1,"i60_69_n_total":1,"i60_69_completude":1.0,"i70m_n_validos":1,"i70m_n_total":1,"i70m_completude":1.0,"indigenas_n_validos":1,"indigenas_n_total":1,"indigenas_completude":1.0,"pretos_pardos_n_validos":1,"pretos_pardos_n_total":1,"pretos_pardos_completude":1.0,"dom_agua_n_validos":1,"dom_agua_n_total":1,"dom_agua_completude":1.0,"dom_esgoto_n_validos":1,"dom_esgoto_n_total":1,"dom_esgoto_completude":1.0,"n_resp_n_validos":1,"n_resp_n_total":1,"n_resp_completude":1.0,"renda_resp_n_validos":1,"renda_resp_n_total":1,"renda_resp_completude":1.0,"dens_n_validos":1,"dens_n_total":1,"dens_completude":1.0},"geometry":{"type":"Polygon","coordinates":[[[-51.47469429999995,-29.670267599999928],[-51.46664409999994,-29.675767],[-51.467228,-29.67872479999994],[-51.468786799999975,-29.677572799999947],[-51.47108619999995,-29.677067599999926],[-51.46982509999998,-29.675621299999936],[-51.472492699999975,-29.673757],[-51.47493179999998,-29.673366899999962],[-51.47648669999995,-29.67350279999994],[-51.47737569999999,-29.673132799999955],[-51.47469429999995,-29.670267599999928]]]}},{"type":"Feature","properties":{"setor":"431240105000057","pop":533,"sigilo_pop":false,"dom":246,"sigilo_dom":false,"mulheres":295,"sigilo_mulheres":false,"c0_4":26,"sigilo_c0_4":false,"c5_9":34,"sigilo_c5_9":false,"i60_69":59,"sigilo_i60_69":false,"i70m":43,"sigilo_i70m":false,"indigenas":3,"sigilo_indigenas":false,"pretos_pardos":159,"sigilo_pretos_pardos":false,"dom_ocupados":219,"sigilo_dom_ocupados":false,"dom_agua":196,"sigilo_dom_agua":false,"dom_esgoto":48,"sigilo_dom_esgoto":false,"renda_resp":2292.97,"sigilo_renda_resp":false,"n_resp":219,"sigilo_n_resp":false,"dens":4445.7,"sigilo_dens":false,"na_bacia":0,"area_pct_bacia":0.0,"metodo_recorte_bacia":"ponto_representativo_setor_2022; area_pct_geometrica","status_borda_bacia":"total","metodo_area_bacia":"interseção geométrica em EPSG:5880","metodo_na_bacia":"ponto_representativo_setor_2022_within_bacia","pop_n_validos":1,"pop_n_total":1,"pop_completude":1.0,"dom_n_validos":1,"dom_n_total":1,"dom_completude":1.0,"dom_ocupados_n_validos":1,"dom_ocupados_n_total":1,"dom_ocupados_completude":1.0,"mulheres_n_validos":1,"mulheres_n_total":1,"mulheres_completude":1.0,"c0_4_n_validos":1,"c0_4_n_total":1,"c0_4_completude":1.0,"c5_9_n_validos":1,"c5_9_n_total":1,"c5_9_completude":1.0,"i60_69_n_validos":1,"i60_69_n_total":1,"i60_69_completude":1.0,"i70m_n_validos":1,"i70m_n_total":1,"i70m_completude":1.0,"indigenas_n_validos":1,"indigenas_n_total":1,"indigenas_completude":1.0,"pretos_pardos_n_validos":1,"pretos_pardos_n_total":1,"pretos_pardos_completude":1.0,"dom_agua_n_validos":1,"dom_agua_n_total":1,"dom_agua_completude":1.0,"dom_esgoto_n_validos":1,"dom_esgoto_n_total":1,"dom_esgoto_completude":1.0,"n_resp_n_validos":1,"n_resp_n_total":1,"n_resp_completude":1.0,"renda_resp_n_validos":1,"renda_resp_n_total":1,"renda_resp_completude":1.0,"dens_n_validos":1,"dens_n_total":1,"dens_completude":1.0},"geometry":{"type":"Polygon","coordinates":[[[-51.46497679999993,-29.671077299999972],[-51.466041,-29.672901399999933],[-51.46664409999994,-29.675767],[-51.46870519999993,-29.67434109999992],[-51.46665709999996,-29.671943499999948],[-51.468538,-29.67066389999997],[-51.467123299999976,-29.66907759999998],[-51.46497679999993,-29.671077299999972]]]}},{"type":"Feature","properties":{"setor":"431240105000058","pop":650,"sigilo_pop":false,"dom":281,"sigilo_dom":false,"mulheres":339,"sigilo_mulheres":false,"c0_4":44,"sigilo_c0_4":false,"c5_9":48,"sigilo_c5_9":false,"i60_69":47,"sigilo_i60_69":false,"i70m":31,"sigilo_i70m":false,"indigenas":0,"sigilo_indigenas":false,"pretos_pardos":140,"sigilo_pretos_pardos":false,"dom_ocupados":240,"sigilo_dom_ocupados":false,"dom_agua":197,"sigilo_dom_agua":false,"dom_esgoto":101,"sigilo_dom_esgoto":false,"renda_resp":2447.82,"sigilo_renda_resp":false,"n_resp":240,"sigilo_n_resp":false,"dens":893.5,"sigilo_dens":false,"na_bacia":0,"area_pct_bacia":0.0,"metodo_recorte_bacia":"ponto_representativo_setor_2022; area_pct_geometrica","status_borda_bacia":"total","metodo_area_bacia":"interseção geométrica em EPSG:5880","metodo_na_bacia":"ponto_representativo_setor_2022_within_bacia","pop_n_validos":1,"pop_n_total":1,"pop_completude":1.0,"dom_n_validos":1,"dom_n_total":1,"dom_completude":1.0,"dom_ocupados_n_validos":1,"dom_ocupados_n_total":1,"dom_ocupados_completude":1.0,"mulheres_n_validos":1,"mulheres_n_total":1,"mulheres_completude":1.0,"c0_4_n_validos":1,"c0_4_n_total":1,"c0_4_completude":1.0,"c5_9_n_validos":1,"c5_9_n_total":1,"c5_9_completude":1.0,"i60_69_n_validos":1,"i60_69_n_total":1,"i60_69_completude":1.0,"i70m_n_validos":1,"i70m_n_total":1,"i70m_completude":1.0,"indigenas_n_validos":1,"indigenas_n_total":1,"indigenas_completude":1.0,"pretos_pardos_n_validos":1,"pretos_pardos_n_total":1,"pretos_pardos_completude":1.0,"dom_agua_n_validos":1,"dom_agua_n_total":1,"dom_agua_completude":1.0,"dom_esgoto_n_validos":1,"dom_esgoto_n_total":1,"dom_esgoto_completude":1.0,"n_resp_n_validos":1,"n_resp_n_total":1,"n_resp_completude":1.0,"renda_resp_n_validos":1,"renda_resp_n_total":1,"renda_resp_completude":1.0,"dens_n_validos":1,"dens_n_total":1,"dens_completude":1.0},"geometry":{"type":"Polygon","coordinates":[[[-51.465037699999975,-29.66232329999997],[-51.464624,-29.66568009999997],[-51.46294639999997,-29.669648],[-51.46497679999993,-29.671077299999972],[-51.467123299999976,-29.66907759999998],[-51.468538,-29.67066389999997],[-51.46665709999996,-29.671943499999948],[-51.46870519999993,-29.67434109999992],[-51.47469429999995,-29.670267599999928],[-51.46659,-29.662025899999946],[-51.465037699999975,-29.66232329999997]]]}},{"type":"Feature","properties":{"setor":"431240105000059","pop":412,"sigilo_pop":false,"dom":176,"sigilo_dom":false,"mulheres":210,"sigilo_mulheres":false,"c0_4":39,"sigilo_c0_4":false,"c5_9":32,"sigilo_c5_9":false,"i60_69":28,"sigilo_i60_69":false,"i70m":18,"sigilo_i70m":false,"indigenas":null,"sigilo_indigenas":true,"pretos_pardos":99,"sigilo_pretos_pardos":false,"dom_ocupados":146,"sigilo_dom_ocupados":false,"dom_agua":91,"sigilo_dom_agua":false,"dom_esgoto":34,"sigilo_dom_esgoto":false,"renda_resp":2071.82,"sigilo_renda_resp":false,"n_resp":146,"sigilo_n_resp":false,"dens":209.5,"sigilo_dens":false,"na_bacia":0,"area_pct_bacia":0.0,"metodo_recorte_bacia":"ponto_representativo_setor_2022; area_pct_geometrica","status_borda_bacia":"total","metodo_area_bacia":"interseção geométrica em EPSG:5880","metodo_na_bacia":"ponto_representativo_setor_2022_within_bacia","pop_n_validos":1,"pop_n_total":1,"pop_completude":1.0,"dom_n_validos":1,"dom_n_total":1,"dom_completude":1.0,"dom_ocupados_n_validos":1,"dom_ocupados_n_total":1,"dom_ocupados_completude":1.0,"mulheres_n_validos":1,"mulheres_n_total":1,"mulheres_completude":1.0,"c0_4_n_validos":1,"c0_4_n_total":1,"c0_4_completude":1.0,"c5_9_n_validos":1,"c5_9_n_total":1,"c5_9_completude":1.0,"i60_69_n_validos":1,"i60_69_n_total":1,"i60_69_completude":1.0,"i70m_n_validos":1,"i70m_n_total":1,"i70m_completude":1.0,"indigenas_n_validos":0,"indigenas_n_total":1,"indigenas_completude":0.0,"pretos_pardos_n_validos":1,"pretos_pardos_n_total":1,"pretos_pardos_completude":1.0,"dom_agua_n_validos":1,"dom_agua_n_total":1,"dom_agua_completude":1.0,"dom_esgoto_n_validos":1,"dom_esgoto_n_total":1,"dom_esgoto_completude":1.0,"n_resp_n_validos":1,"n_resp_n_total":1,"n_resp_completude":1.0,"renda_resp_n_validos":1,"renda_resp_n_total":1,"renda_resp_completude":1.0,"dens_n_validos":1,"dens_n_total":1,"dens_completude":1.0},"geometry":{"type":"Polygon","coordinates":[[[-51.45858929999997,-29.648906],[-51.45560619999998,-29.65386929999993],[-51.454347,-29.659671699999937],[-51.453331399999975,-29.66246209999995],[-51.452861499999976,-29.666444499999955],[-51.4537706,-29.66969629999995],[-51.45902389999998,-29.668926699999936],[-51.46137669999996,-29.669197599999947],[-51.46294639999997,-29.669648],[-51.464624,-29.66568009999997],[-51.46500419999996,-29.663546099999966],[-51.46501659999996,-29.66025909999996],[-51.46080129999996,-29.653152199999965],[-51.462992,-29.64953459999999],[-51.46206659999996,-29.64776679999993],[-51.46167329999998,-29.646248099999973],[-51.45858929999997,-29.648906]]]}},{"type":"Feature","properties":{"setor":"431240105000060","pop":789,"sigilo_pop":false,"dom":328,"sigilo_dom":false,"mulheres":394,"sigilo_mulheres":false,"c0_4":49,"sigilo_c0_4":false,"c5_9":52,"sigilo_c5_9":false,"i60_69":77,"sigilo_i60_69":false,"i70m":36,"sigilo_i70m":false,"indigenas":0,"sigilo_indigenas":false,"pretos_pardos":162,"sigilo_pretos_pardos":false,"dom_ocupados":287,"sigilo_dom_ocupados":false,"dom_agua":143,"sigilo_dom_agua":false,"dom_esgoto":81,"sigilo_dom_esgoto":false,"renda_resp":1988.78,"sigilo_renda_resp":false,"n_resp":287,"sigilo_n_resp":false,"dens":517.0,"sigilo_dens":false,"na_bacia":0,"area_pct_bacia":0.0,"metodo_recorte_bacia":"ponto_representativo_setor_2022; area_pct_geometrica","status_borda_bacia":"total","metodo_area_bacia":"interseção geométrica em EPSG:5880","metodo_na_bacia":"ponto_representativo_setor_2022_within_bacia","pop_n_validos":1,"pop_n_total":1,"pop_completude":1.0,"dom_n_validos":1,"dom_n_total":1,"dom_completude":1.0,"dom_ocupados_n_validos":1,"dom_ocupados_n_total":1,"dom_ocupados_completude":1.0,"mulheres_n_validos":1,"mulheres_n_total":1,"mulheres_completude":1.0,"c0_4_n_validos":1,"c0_4_n_total":1,"c0_4_completude":1.0,"c5_9_n_validos":1,"c5_9_n_total":1,"c5_9_completude":1.0,"i60_69_n_validos":1,"i60_69_n_total":1,"i60_69_completude":1.0,"i70m_n_validos":1,"i70m_n_total":1,"i70m_completude":1.0,"indigenas_n_validos":1,"indigenas_n_total":1,"indigenas_completude":1.0,"pretos_pardos_n_validos":1,"pretos_pardos_n_total":1,"pretos_pardos_completude":1.0,"dom_agua_n_validos":1,"dom_agua_n_total":1,"dom_agua_completude":1.0,"dom_esgoto_n_validos":1,"dom_esgoto_n_total":1,"dom_esgoto_completude":1.0,"n_resp_n_validos":1,"n_resp_n_total":1,"n_resp_completude":1.0,"renda_resp_n_validos":1,"renda_resp_n_total":1,"renda_resp_completude":1.0,"dens_n_validos":1,"dens_n_total":1,"dens_completude":1.0},"geometry":{"type":"Polygon","coordinates":[[[-51.44053109999992,-29.660062899999957],[-51.443162,-29.661663399999952],[-51.445676599999956,-29.66355169999996],[-51.448413199999955,-29.664613499999966],[-51.448887,-29.667653],[-51.449239499999976,-29.668193],[-51.451461,-29.670083599999934],[-51.4537706,-29.66969629999995],[-51.452861499999976,-29.666444499999955],[-51.453331399999975,-29.66246209999995],[-51.454347,-29.659671699999937],[-51.45560619999998,-29.65386929999993],[-51.45858929999997,-29.648906],[-51.45812349999995,-29.64885489999994],[-51.457039,-29.649986499999955],[-51.45507789999994,-29.6508181],[-51.45237449999996,-29.651345],[-51.450996099999934,-29.65111309999998],[-51.449906599999956,-29.6527541],[-51.44914989999995,-29.653252799999965],[-51.44746409999994,-29.653818099999967],[-51.44723779999998,-29.654614299999924],[-51.44438559999998,-29.65926229999997],[-51.44250859999993,-29.659527299999986],[-51.44167439999995,-29.660038599999947],[-51.44053109999992,-29.660062899999957]]]}},{"type":"Feature","properties":{"setor":"431240105000061","pop":265,"sigilo_pop":false,"dom":135,"sigilo_dom":false,"mulheres":135,"sigilo_mulheres":false,"c0_4":17,"sigilo_c0_4":false,"c5_9":19,"sigilo_c5_9":false,"i60_69":20,"sigilo_i60_69":false,"i70m":7,"sigilo_i70m":false,"indigenas":0,"sigilo_indigenas":false,"pretos_pardos":29,"sigilo_pretos_pardos":false,"dom_ocupados":101,"sigilo_dom_ocupados":false,"dom_agua":37,"sigilo_dom_agua":false,"dom_esgoto":20,"sigilo_dom_esgoto":false,"renda_resp":8858.51,"sigilo_renda_resp":false,"n_resp":101,"sigilo_n_resp":false,"dens":140.2,"sigilo_dens":false,"na_bacia":0,"area_pct_bacia":0.0,"metodo_recorte_bacia":"ponto_representativo_setor_2022; area_pct_geometrica","status_borda_bacia":"total","metodo_area_bacia":"interseção geométrica em EPSG:5880","metodo_na_bacia":"ponto_representativo_setor_2022_within_bacia","pop_n_validos":1,"pop_n_total":1,"pop_completude":1.0,"dom_n_validos":1,"dom_n_total":1,"dom_completude":1.0,"dom_ocupados_n_validos":1,"dom_ocupados_n_total":1,"dom_ocupados_completude":1.0,"mulheres_n_validos":1,"mulheres_n_total":1,"mulheres_completude":1.0,"c0_4_n_validos":1,"c0_4_n_total":1,"c0_4_completude":1.0,"c5_9_n_validos":1,"c5_9_n_total":1,"c5_9_completude":1.0,"i60_69_n_validos":1,"i60_69_n_total":1,"i60_69_completude":1.0,"i70m_n_validos":1,"i70m_n_total":1,"i70m_completude":1.0,"indigenas_n_validos":1,"indigenas_n_total":1,"indigenas_completude":1.0,"pretos_pardos_n_validos":1,"pretos_pardos_n_total":1,"pretos_pardos_completude":1.0,"dom_agua_n_validos":1,"dom_agua_n_total":1,"dom_agua_completude":1.0,"dom_esgoto_n_validos":1,"dom_esgoto_n_total":1,"dom_esgoto_completude":1.0,"n_resp_n_validos":1,"n_resp_n_total":1,"n_resp_completude":1.0,"renda_resp_n_validos":1,"renda_resp_n_total":1,"renda_resp_completude":1.0,"dens_n_validos":1,"dens_n_total":1,"dens_completude":1.0},"geometry":{"type":"Polygon","coordinates":[[[-51.43202679999996,-29.66016289999993],[-51.42587,-29.66467189999997],[-51.42559259999996,-29.66663669999997],[-51.427783,-29.669909199999953],[-51.43199819999995,-29.668490599999984],[-51.43712329999994,-29.667934799999955],[-51.43898919999999,-29.66828169999997],[-51.44138949999996,-29.66940279999994],[-51.442786499999954,-29.66981559999993],[-51.451461,-29.670083599999934],[-51.449239499999976,-29.668193],[-51.448887,-29.667653],[-51.448413199999955,-29.664613499999966],[-51.445676599999956,-29.66355169999996],[-51.443162,-29.661663399999952],[-51.44053109999992,-29.660062899999957],[-51.439008599999966,-29.660197799999928],[-51.437827899999945,-29.65987719999998],[-51.436576099999975,-29.659180799999945],[-51.43363089999997,-29.659093899999956],[-51.433612399999966,-29.66003669999998],[-51.43202679999996,-29.66016289999993]]]}},{"type":"Feature","properties":{"setor":"431240105000062","pop":119,"sigilo_pop":false,"dom":53,"sigilo_dom":false,"mulheres":52,"sigilo_mulheres":false,"c0_4":9,"sigilo_c0_4":false,"c5_9":null,"sigilo_c5_9":true,"i60_69":10,"sigilo_i60_69":false,"i70m":17,"sigilo_i70m":false,"indigenas":0,"sigilo_indigenas":false,"pretos_pardos":12,"sigilo_pretos_pardos":false,"dom_ocupados":46,"sigilo_dom_ocupados":false,"dom_agua":15,"sigilo_dom_agua":false,"dom_esgoto":null,"sigilo_dom_esgoto":true,"renda_resp":2820.21,"sigilo_renda_resp":false,"n_resp":46,"sigilo_n_resp":false,"dens":54.9,"sigilo_dens":false,"na_bacia":0,"area_pct_bacia":0.0,"metodo_recorte_bacia":"ponto_representativo_setor_2022; area_pct_geometrica","status_borda_bacia":"total","metodo_area_bacia":"interseção geométrica em EPSG:5880","metodo_na_bacia":"ponto_representativo_setor_2022_within_bacia","pop_n_validos":1,"pop_n_total":1,"pop_completude":1.0,"dom_n_validos":1,"dom_n_total":1,"dom_completude":1.0,"dom_ocupados_n_validos":1,"dom_ocupados_n_total":1,"dom_ocupados_completude":1.0,"mulheres_n_validos":1,"mulheres_n_total":1,"mulheres_completude":1.0,"c0_4_n_validos":1,"c0_4_n_total":1,"c0_4_completude":1.0,"c5_9_n_validos":0,"c5_9_n_total":1,"c5_9_completude":0.0,"i60_69_n_validos":1,"i60_69_n_total":1,"i60_69_completude":1.0,"i70m_n_validos":1,"i70m_n_total":1,"i70m_completude":1.0,"indigenas_n_validos":1,"indigenas_n_total":1,"indigenas_completude":1.0,"pretos_pardos_n_validos":1,"pretos_pardos_n_total":1,"pretos_pardos_completude":1.0,"dom_agua_n_validos":1,"dom_agua_n_total":1,"dom_agua_completude":1.0,"dom_esgoto_n_validos":0,"dom_esgoto_n_total":1,"dom_esgoto_completude":0.0,"n_resp_n_validos":1,"n_resp_n_total":1,"n_resp_completude":1.0,"renda_resp_n_validos":1,"renda_resp_n_total":1,"renda_resp_completude":1.0,"dens_n_validos":1,"dens_n_total":1,"dens_completude":1.0},"geometry":{"type":"Polygon","coordinates":[[[-51.427783,-29.669909199999953],[-51.42838859999994,-29.67081429999996],[-51.42789609999994,-29.67461349999996],[-51.423352299999976,-29.680215699999955],[-51.423094899999974,-29.68163629999998],[-51.423365599999954,-29.68305719999995],[-51.425844,-29.68602119999996],[-51.428405199999986,-29.685592899999968],[-51.43031119999994,-29.684092499999966],[-51.431079799999964,-29.683328699999944],[-51.430945899999976,-29.681982299999966],[-51.43147719999996,-29.68130739999998],[-51.431718699999976,-29.680331799999987],[-51.43287039999996,-29.679426499999984],[-51.43389579999996,-29.679350399999972],[-51.437185599999964,-29.68103069999994],[-51.43839049999997,-29.681276399999952],[-51.43892689999996,-29.68077889999995],[-51.44108969999996,-29.680169499999977],[-51.441754099999976,-29.679747899999928],[-51.44198339999998,-29.67904629999998],[-51.441882,-29.67745719999994],[-51.44305989999999,-29.676320099999938],[-51.44334589999994,-29.67552459999996],[-51.44304439999997,-29.674789399999945],[-51.44241929999998,-29.674130299999938],[-51.44246149999998,-29.673367099999957],[-51.43868439999995,-29.670729399999974],[-51.43539729999998,-29.668072499999933],[-51.43199819999995,-29.668490599999984],[-51.427783,-29.669909199999953]]]}},{"type":"Feature","properties":{"setor":"431240105000063","pop":211,"sigilo_pop":false,"dom":134,"sigilo_dom":false,"mulheres":108,"sigilo_mulheres":false,"c0_4":null,"sigilo_c0_4":true,"c5_9":9,"sigilo_c5_9":false,"i60_69":33,"sigilo_i60_69":false,"i70m":22,"sigilo_i70m":false,"indigenas":0,"sigilo_indigenas":false,"pretos_pardos":25,"sigilo_pretos_pardos":false,"dom_ocupados":89,"sigilo_dom_ocupados":false,"dom_agua":88,"sigilo_dom_agua":false,"dom_esgoto":5,"sigilo_dom_esgoto":false,"renda_resp":3650.85,"sigilo_renda_resp":false,"n_resp":89,"sigilo_n_resp":false,"dens":89.0,"sigilo_dens":false,"na_bacia":0,"area_pct_bacia":0.0,"metodo_recorte_bacia":"ponto_representativo_setor_2022; area_pct_geometrica","status_borda_bacia":"total","metodo_area_bacia":"interseção geométrica em EPSG:5880","metodo_na_bacia":"ponto_representativo_setor_2022_within_bacia","pop_n_validos":1,"pop_n_total":1,"pop_completude":1.0,"dom_n_validos":1,"dom_n_total":1,"dom_completude":1.0,"dom_ocupados_n_validos":1,"dom_ocupados_n_total":1,"dom_ocupados_completude":1.0,"mulheres_n_validos":1,"mulheres_n_total":1,"mulheres_completude":1.0,"c0_4_n_validos":0,"c0_4_n_total":1,"c0_4_completude":0.0,"c5_9_n_validos":1,"c5_9_n_total":1,"c5_9_completude":1.0,"i60_69_n_validos":1,"i60_69_n_total":1,"i60_69_completude":1.0,"i70m_n_validos":1,"i70m_n_total":1,"i70m_completude":1.0,"indigenas_n_validos":1,"indigenas_n_total":1,"indigenas_completude":1.0,"pretos_pardos_n_validos":1,"pretos_pardos_n_total":1,"pretos_pardos_completude":1.0,"dom_agua_n_validos":1,"dom_agua_n_total":1,"dom_agua_completude":1.0,"dom_esgoto_n_validos":1,"dom_esgoto_n_total":1,"dom_esgoto_completude":1.0,"n_resp_n_validos":1,"n_resp_n_total":1,"n_resp_completude":1.0,"renda_resp_n_validos":1,"renda_resp_n_total":1,"renda_resp_completude":1.0,"dens_n_validos":1,"dens_n_total":1,"dens_completude":1.0},"geometry":{"type":"Polygon","coordinates":[[[-51.43649749999997,-29.698435299999968],[-51.44743989999994,-29.702665499999963],[-51.45334759999998,-29.705954],[-51.457121,-29.705848799999956],[-51.45909919999996,-29.70400859999994],[-51.45820329999998,-29.70157759999996],[-51.45450989999995,-29.698436499999968],[-51.45455,-29.697191],[-51.455871599999966,-29.695034899999946],[-51.45495669999997,-29.694539],[-51.45581889999994,-29.692959399999953],[-51.45482349999998,-29.692502499999932],[-51.455630499999984,-29.691038699999964],[-51.44759409999995,-29.687540299999966],[-51.44611069999996,-29.68872549999998],[-51.43649749999997,-29.698435299999968]]]}},{"type":"Feature","properties":{"setor":"431240105000064","pop":360,"sigilo_pop":false,"dom":162,"sigilo_dom":false,"mulheres":194,"sigilo_mulheres":false,"c0_4":14,"sigilo_c0_4":false,"c5_9":22,"sigilo_c5_9":false,"i60_69":32,"sigilo_i60_69":false,"i70m":23,"sigilo_i70m":false,"indigenas":0,"sigilo_indigenas":false,"pretos_pardos":22,"sigilo_pretos_pardos":false,"dom_ocupados":137,"sigilo_dom_ocupados":false,"dom_agua":137,"sigilo_dom_agua":false,"dom_esgoto":104,"sigilo_dom_esgoto":false,"renda_resp":3233.85,"sigilo_renda_resp":false,"n_resp":137,"sigilo_n_resp":false,"dens":831.5,"sigilo_dens":false,"na_bacia":0,"area_pct_bacia":0.0,"metodo_recorte_bacia":"ponto_representativo_setor_2022; area_pct_geometrica","status_borda_bacia":"total","metodo_area_bacia":"interseção geométrica em EPSG:5880","metodo_na_bacia":"ponto_representativo_setor_2022_within_bacia","pop_n_validos":1,"pop_n_total":1,"pop_completude":1.0,"dom_n_validos":1,"dom_n_total":1,"dom_completude":1.0,"dom_ocupados_n_validos":1,"dom_ocupados_n_total":1,"dom_ocupados_completude":1.0,"mulheres_n_validos":1,"mulheres_n_total":1,"mulheres_completude":1.0,"c0_4_n_validos":1,"c0_4_n_total":1,"c0_4_completude":1.0,"c5_9_n_validos":1,"c5_9_n_total":1,"c5_9_completude":1.0,"i60_69_n_validos":1,"i60_69_n_total":1,"i60_69_completude":1.0,"i70m_n_validos":1,"i70m_n_total":1,"i70m_completude":1.0,"indigenas_n_validos":1,"indigenas_n_total":1,"indigenas_completude":1.0,"pretos_pardos_n_validos":1,"pretos_pardos_n_total":1,"pretos_pardos_completude":1.0,"dom_agua_n_validos":1,"dom_agua_n_total":1,"dom_agua_completude":1.0,"dom_esgoto_n_validos":1,"dom_esgoto_n_total":1,"dom_esgoto_completude":1.0,"n_resp_n_validos":1,"n_resp_n_total":1,"n_resp_completude":1.0,"renda_resp_n_validos":1,"renda_resp_n_total":1,"renda_resp_completude":1.0,"dens_n_validos":1,"dens_n_total":1,"dens_completude":1.0},"geometry":{"type":"Polygon","coordinates":[[[-51.47464549999996,-29.698533599999955],[-51.47145889999996,-29.699806],[-51.469625299999954,-29.69996649999996],[-51.46850669999997,-29.70116839999997],[-51.46721309999998,-29.701740599999923],[-51.46494249999996,-29.70140919999994],[-51.4639,-29.700936699999936],[-51.46310139999997,-29.701759799999927],[-51.463927,-29.702289599999965],[-51.464193799999975,-29.703188199999946],[-51.463241,-29.70544259999997],[-51.46766169999995,-29.705387199999972],[-51.47251039999998,-29.701361399999932],[-51.47590119999996,-29.70237489999994],[-51.475906799999954,-29.700217899999984],[-51.47464549999996,-29.698533599999955]]]}},{"type":"Feature","properties":{"setor":"431240105000065","pop":103,"sigilo_pop":false,"dom":36,"sigilo_dom":false,"mulheres":48,"sigilo_mulheres":false,"c0_4":null,"sigilo_c0_4":true,"c5_9":10,"sigilo_c5_9":false,"i60_69":null,"sigilo_i60_69":true,"i70m":null,"sigilo_i70m":true,"indigenas":0,"sigilo_indigenas":false,"pretos_pardos":23,"sigilo_pretos_pardos":false,"dom_ocupados":33,"sigilo_dom_ocupados":false,"dom_agua":16,"sigilo_dom_agua":false,"dom_esgoto":8,"sigilo_dom_esgoto":false,"renda_resp":3036.42,"sigilo_renda_resp":false,"n_resp":33,"sigilo_n_resp":false,"dens":364.0,"sigilo_dens":false,"na_bacia":0,"area_pct_bacia":0.0,"metodo_recorte_bacia":"ponto_representativo_setor_2022; area_pct_geometrica","status_borda_bacia":"total","metodo_area_bacia":"interseção geométrica em EPSG:5880","metodo_na_bacia":"ponto_representativo_setor_2022_within_bacia","pop_n_validos":1,"pop_n_total":1,"pop_completude":1.0,"dom_n_validos":1,"dom_n_total":1,"dom_completude":1.0,"dom_ocupados_n_validos":1,"dom_ocupados_n_total":1,"dom_ocupados_completude":1.0,"mulheres_n_validos":1,"mulheres_n_total":1,"mulheres_completude":1.0,"c0_4_n_validos":0,"c0_4_n_total":1,"c0_4_completude":0.0,"c5_9_n_validos":1,"c5_9_n_total":1,"c5_9_completude":1.0,"i60_69_n_validos":0,"i60_69_n_total":1,"i60_69_completude":0.0,"i70m_n_validos":0,"i70m_n_total":1,"i70m_completude":0.0,"indigenas_n_validos":1,"indigenas_n_total":1,"indigenas_completude":1.0,"pretos_pardos_n_validos":1,"pretos_pardos_n_total":1,"pretos_pardos_completude":1.0,"dom_agua_n_validos":1,"dom_agua_n_total":1,"dom_agua_completude":1.0,"dom_esgoto_n_validos":1,"dom_esgoto_n_total":1,"dom_esgoto_completude":1.0,"n_resp_n_validos":1,"n_resp_n_total":1,"n_resp_completude":1.0,"renda_resp_n_validos":1,"renda_resp_n_total":1,"renda_resp_completude":1.0,"dens_n_validos":1,"dens_n_total":1,"dens_completude":1.0},"geometry":{"type":"Polygon","coordinates":[[[-51.48534029999996,-29.709578299999983],[-51.484875699999975,-29.71251959999995],[-51.48202349999996,-29.723841599999954],[-51.48032409999997,-29.723862299999947],[-51.47970609999993,-29.724202899999955],[-51.479189799999965,-29.726828499999954],[-51.482923199999966,-29.726646799999973],[-51.482929899999924,-29.72490869999997],[-51.486145,-29.71188939999997],[-51.486315099999956,-29.710501799999975],[-51.485965,-29.71053639999997],[-51.485768499999956,-29.71030519999994],[-51.48570229999996,-29.71008249999992],[-51.486118499999975,-29.710007899999933],[-51.48605249999997,-29.70982589999994],[-51.48534029999996,-29.709578299999983]]]}},{"type":"Feature","properties":{"setor":"431240105000066","pop":496,"sigilo_pop":false,"dom":226,"sigilo_dom":false,"mulheres":268,"sigilo_mulheres":false,"c0_4":22,"sigilo_c0_4":false,"c5_9":29,"sigilo_c5_9":false,"i60_69":60,"sigilo_i60_69":false,"i70m":57,"sigilo_i70m":false,"indigenas":0,"sigilo_indigenas":false,"pretos_pardos":66,"sigilo_pretos_pardos":false,"dom_ocupados":198,"sigilo_dom_ocupados":false,"dom_agua":184,"sigilo_dom_agua":false,"dom_esgoto":67,"sigilo_dom_esgoto":false,"renda_resp":3922.08,"sigilo_renda_resp":false,"n_resp":198,"sigilo_n_resp":false,"dens":5033.9,"sigilo_dens":false,"na_bacia":0,"area_pct_bacia":0.0,"metodo_recorte_bacia":"ponto_representativo_setor_2022; area_pct_geometrica","status_borda_bacia":"total","metodo_area_bacia":"interseção geométrica em EPSG:5880","metodo_na_bacia":"ponto_representativo_setor_2022_within_bacia","pop_n_validos":1,"pop_n_total":1,"pop_completude":1.0,"dom_n_validos":1,"dom_n_total":1,"dom_completude":1.0,"dom_ocupados_n_validos":1,"dom_ocupados_n_total":1,"dom_ocupados_completude":1.0,"mulheres_n_validos":1,"mulheres_n_total":1,"mulheres_completude":1.0,"c0_4_n_validos":1,"c0_4_n_total":1,"c0_4_completude":1.0,"c5_9_n_validos":1,"c5_9_n_total":1,"c5_9_completude":1.0,"i60_69_n_validos":1,"i60_69_n_total":1,"i60_69_completude":1.0,"i70m_n_validos":1,"i70m_n_total":1,"i70m_completude":1.0,"indigenas_n_validos":1,"indigenas_n_total":1,"indigenas_completude":1.0,"pretos_pardos_n_validos":1,"pretos_pardos_n_total":1,"pretos_pardos_completude":1.0,"dom_agua_n_validos":1,"dom_agua_n_total":1,"dom_agua_completude":1.0,"dom_esgoto_n_validos":1,"dom_esgoto_n_total":1,"dom_esgoto_completude":1.0,"n_resp_n_validos":1,"n_resp_n_total":1,"n_resp_completude":1.0,"renda_resp_n_validos":1,"renda_resp_n_total":1,"renda_resp_completude":1.0,"dens_n_validos":1,"dens_n_total":1,"dens_completude":1.0},"geometry":{"type":"Polygon","coordinates":[[[-51.45048,-29.674721699999967],[-51.45271639999998,-29.67596509999992],[-51.45349479999992,-29.674895499999934],[-51.45474179999997,-29.675251],[-51.454387199999985,-29.67309939999994],[-51.45255239999995,-29.672081699999975],[-51.45048,-29.674721699999967]]]}},{"type":"Feature","properties":{"setor":"431240105000067","pop":420,"sigilo_pop":false,"dom":211,"sigilo_dom":false,"mulheres":208,"sigilo_mulheres":false,"c0_4":19,"sigilo_c0_4":false,"c5_9":24,"sigilo_c5_9":false,"i60_69":55,"sigilo_i60_69":false,"i70m":54,"sigilo_i70m":false,"indigenas":0,"sigilo_indigenas":false,"pretos_pardos":50,"sigilo_pretos_pardos":false,"dom_ocupados":181,"sigilo_dom_ocupados":false,"dom_agua":178,"sigilo_dom_agua":false,"dom_esgoto":28,"sigilo_dom_esgoto":false,"renda_resp":4048.05,"sigilo_renda_resp":false,"n_resp":181,"sigilo_n_resp":false,"dens":3487.9,"sigilo_dens":false,"na_bacia":0,"area_pct_bacia":0.0,"metodo_recorte_bacia":"ponto_representativo_setor_2022; area_pct_geometrica","status_borda_bacia":"total","metodo_area_bacia":"interseção geométrica em EPSG:5880","metodo_na_bacia":"ponto_representativo_setor_2022_within_bacia","pop_n_validos":1,"pop_n_total":1,"pop_completude":1.0,"dom_n_validos":1,"dom_n_total":1,"dom_completude":1.0,"dom_ocupados_n_validos":1,"dom_ocupados_n_total":1,"dom_ocupados_completude":1.0,"mulheres_n_validos":1,"mulheres_n_total":1,"mulheres_completude":1.0,"c0_4_n_validos":1,"c0_4_n_total":1,"c0_4_completude":1.0,"c5_9_n_validos":1,"c5_9_n_total":1,"c5_9_completude":1.0,"i60_69_n_validos":1,"i60_69_n_total":1,"i60_69_completude":1.0,"i70m_n_validos":1,"i70m_n_total":1,"i70m_completude":1.0,"indigenas_n_validos":1,"indigenas_n_total":1,"indigenas_completude":1.0,"pretos_pardos_n_validos":1,"pretos_pardos_n_total":1,"pretos_pardos_completude":1.0,"dom_agua_n_validos":1,"dom_agua_n_total":1,"dom_agua_completude":1.0,"dom_esgoto_n_validos":1,"dom_esgoto_n_total":1,"dom_esgoto_completude":1.0,"n_resp_n_validos":1,"n_resp_n_total":1,"n_resp_completude":1.0,"renda_resp_n_validos":1,"renda_resp_n_total":1,"renda_resp_completude":1.0,"dens_n_validos":1,"dens_n_total":1,"dens_completude":1.0},"geometry":{"type":"Polygon","coordinates":[[[-51.45122159999994,-29.687264199999962],[-51.455463799999954,-29.689109399999953],[-51.45671139999995,-29.686907],[-51.45278079999998,-29.685198],[-51.45122159999994,-29.687264199999962]]]}},{"type":"Feature","properties":{"setor":"431240105000068","pop":1054,"sigilo_pop":false,"dom":452,"sigilo_dom":false,"mulheres":541,"sigilo_mulheres":false,"c0_4":55,"sigilo_c0_4":false,"c5_9":72,"sigilo_c5_9":false,"i60_69":110,"sigilo_i60_69":false,"i70m":43,"sigilo_i70m":false,"indigenas":0,"sigilo_indigenas":false,"pretos_pardos":133,"sigilo_pretos_pardos":false,"dom_ocupados":406,"sigilo_dom_ocupados":false,"dom_agua":376,"sigilo_dom_agua":false,"dom_esgoto":13,"sigilo_dom_esgoto":false,"renda_resp":2762.12,"sigilo_renda_resp":false,"n_resp":406,"sigilo_n_resp":false,"dens":1932.9,"sigilo_dens":false,"na_bacia":0,"area_pct_bacia":0.0,"metodo_recorte_bacia":"ponto_representativo_setor_2022; area_pct_geometrica","status_borda_bacia":"total","metodo_area_bacia":"interseção geométrica em EPSG:5880","metodo_na_bacia":"ponto_representativo_setor_2022_within_bacia","pop_n_validos":1,"pop_n_total":1,"pop_completude":1.0,"dom_n_validos":1,"dom_n_total":1,"dom_completude":1.0,"dom_ocupados_n_validos":1,"dom_ocupados_n_total":1,"dom_ocupados_completude":1.0,"mulheres_n_validos":1,"mulheres_n_total":1,"mulheres_completude":1.0,"c0_4_n_validos":1,"c0_4_n_total":1,"c0_4_completude":1.0,"c5_9_n_validos":1,"c5_9_n_total":1,"c5_9_completude":1.0,"i60_69_n_validos":1,"i60_69_n_total":1,"i60_69_completude":1.0,"i70m_n_validos":1,"i70m_n_total":1,"i70m_completude":1.0,"indigenas_n_validos":1,"indigenas_n_total":1,"indigenas_completude":1.0,"pretos_pardos_n_validos":1,"pretos_pardos_n_total":1,"pretos_pardos_completude":1.0,"dom_agua_n_validos":1,"dom_agua_n_total":1,"dom_agua_completude":1.0,"dom_esgoto_n_validos":1,"dom_esgoto_n_total":1,"dom_esgoto_completude":1.0,"n_resp_n_validos":1,"n_resp_n_total":1,"n_resp_completude":1.0,"renda_resp_n_validos":1,"renda_resp_n_total":1,"renda_resp_completude":1.0,"dens_n_validos":1,"dens_n_total":1,"dens_completude":1.0},"geometry":{"type":"Polygon","coordinates":[[[-51.47959849999996,-29.704976],[-51.47820169999994,-29.70518039999996],[-51.476614,-29.706151799999926],[-51.47631229999996,-29.706622199999963],[-51.47424149999995,-29.70791749999995],[-51.47420029999995,-29.708378799999927],[-51.47479409999994,-29.708241299999937],[-51.475454499999955,-29.708427599999922],[-51.476372599999934,-29.708223],[-51.478009,-29.708423799999935],[-51.47922019999998,-29.708121599999977],[-51.48101269999995,-29.709398399999937],[-51.48206259999995,-29.709735699999946],[-51.483159399999984,-29.709508799999973],[-51.484107599999966,-29.709766199999926],[-51.48539169999998,-29.709554799999978],[-51.48605249999997,-29.70982589999994],[-51.486118499999975,-29.710007899999933],[-51.48570229999996,-29.71008249999992],[-51.485768499999956,-29.71030519999994],[-51.485965,-29.71053639999997],[-51.486315099999956,-29.710501799999975],[-51.48645279999993,-29.709034],[-51.48523769999997,-29.70592379999994],[-51.485057799999936,-29.704140899999967],[-51.48520129999997,-29.70179239999993],[-51.484839499999964,-29.701753299999943],[-51.48228279999995,-29.70265919999996],[-51.481293,-29.703358],[-51.480438,-29.70435679999996],[-51.479709799999966,-29.704649799999967],[-51.47959849999996,-29.704976]]]}},{"type":"Feature","properties":{"setor":"431240105000069","pop":289,"sigilo_pop":false,"dom":157,"sigilo_dom":false,"mulheres":161,"sigilo_mulheres":false,"c0_4":13,"sigilo_c0_4":false,"c5_9":14,"sigilo_c5_9":false,"i60_69":41,"sigilo_i60_69":false,"i70m":47,"sigilo_i70m":false,"indigenas":null,"sigilo_indigenas":true,"pretos_pardos":37,"sigilo_pretos_pardos":false,"dom_ocupados":118,"sigilo_dom_ocupados":false,"dom_agua":118,"sigilo_dom_agua":false,"dom_esgoto":98,"sigilo_dom_esgoto":false,"renda_resp":2749.62,"sigilo_renda_resp":false,"n_resp":118,"sigilo_n_resp":false,"dens":4019.8,"sigilo_dens":false,"na_bacia":0,"area_pct_bacia":0.0,"metodo_recorte_bacia":"ponto_representativo_setor_2022; area_pct_geometrica","status_borda_bacia":"total","metodo_area_bacia":"interseção geométrica em EPSG:5880","metodo_na_bacia":"ponto_representativo_setor_2022_within_bacia","pop_n_validos":1,"pop_n_total":1,"pop_completude":1.0,"dom_n_validos":1,"dom_n_total":1,"dom_completude":1.0,"dom_ocupados_n_validos":1,"dom_ocupados_n_total":1,"dom_ocupados_completude":1.0,"mulheres_n_validos":1,"mulheres_n_total":1,"mulheres_completude":1.0,"c0_4_n_validos":1,"c0_4_n_total":1,"c0_4_completude":1.0,"c5_9_n_validos":1,"c5_9_n_total":1,"c5_9_completude":1.0,"i60_69_n_validos":1,"i60_69_n_total":1,"i60_69_completude":1.0,"i70m_n_validos":1,"i70m_n_total":1,"i70m_completude":1.0,"indigenas_n_validos":0,"indigenas_n_total":1,"indigenas_completude":0.0,"pretos_pardos_n_validos":1,"pretos_pardos_n_total":1,"pretos_pardos_completude":1.0,"dom_agua_n_validos":1,"dom_agua_n_total":1,"dom_agua_completude":1.0,"dom_esgoto_n_validos":1,"dom_esgoto_n_total":1,"dom_esgoto_completude":1.0,"n_resp_n_validos":1,"n_resp_n_total":1,"n_resp_completude":1.0,"renda_resp_n_validos":1,"renda_resp_n_total":1,"renda_resp_completude":1.0,"dens_n_validos":1,"dens_n_total":1,"dens_completude":1.0},"geometry":{"type":"Polygon","coordinates":[[[-51.479339099999954,-29.700513199999943],[-51.479641199999946,-29.70097429999993],[-51.480215,-29.70122389999995],[-51.48082019999998,-29.701117],[-51.48157639999993,-29.70143559999998],[-51.48268609999997,-29.699327099999948],[-51.480719499999964,-29.69784019999997],[-51.479339099999954,-29.700513199999943]]]}},{"type":"Feature","properties":{"setor":"431240105000070","pop":877,"sigilo_pop":false,"dom":337,"sigilo_dom":false,"mulheres":438,"sigilo_mulheres":false,"c0_4":68,"sigilo_c0_4":false,"c5_9":62,"sigilo_c5_9":false,"i60_69":81,"sigilo_i60_69":false,"i70m":32,"sigilo_i70m":false,"indigenas":4,"sigilo_indigenas":false,"pretos_pardos":339,"sigilo_pretos_pardos":false,"dom_ocupados":292,"sigilo_dom_ocupados":false,"dom_agua":263,"sigilo_dom_agua":false,"dom_esgoto":40,"sigilo_dom_esgoto":false,"renda_resp":1963.1,"sigilo_renda_resp":false,"n_resp":292,"sigilo_n_resp":false,"dens":1340.9,"sigilo_dens":false,"na_bacia":0,"area_pct_bacia":0.0,"metodo_recorte_bacia":"ponto_representativo_setor_2022; area_pct_geometrica","status_borda_bacia":"total","metodo_area_bacia":"interseção geométrica em EPSG:5880","metodo_na_bacia":"ponto_representativo_setor_2022_within_bacia","pop_n_validos":1,"pop_n_total":1,"pop_completude":1.0,"dom_n_validos":1,"dom_n_total":1,"dom_completude":1.0,"dom_ocupados_n_validos":1,"dom_ocupados_n_total":1,"dom_ocupados_completude":1.0,"mulheres_n_validos":1,"mulheres_n_total":1,"mulheres_completude":1.0,"c0_4_n_validos":1,"c0_4_n_total":1,"c0_4_completude":1.0,"c5_9_n_validos":1,"c5_9_n_total":1,"c5_9_completude":1.0,"i60_69_n_validos":1,"i60_69_n_total":1,"i60_69_completude":1.0,"i70m_n_validos":1,"i70m_n_total":1,"i70m_completude":1.0,"indigenas_n_validos":1,"indigenas_n_total":1,"indigenas_completude":1.0,"pretos_pardos_n_validos":1,"pretos_pardos_n_total":1,"pretos_pardos_completude":1.0,"dom_agua_n_validos":1,"dom_agua_n_total":1,"dom_agua_completude":1.0,"dom_esgoto_n_validos":1,"dom_esgoto_n_total":1,"dom_esgoto_completude":1.0,"n_resp_n_validos":1,"n_resp_n_total":1,"n_resp_completude":1.0,"renda_resp_n_validos":1,"renda_resp_n_total":1,"renda_resp_completude":1.0,"dens_n_validos":1,"dens_n_total":1,"dens_completude":1.0},"geometry":{"type":"Polygon","coordinates":[[[-51.486315099999956,-29.710501799999975],[-51.486145,-29.71188939999997],[-51.48858659999996,-29.712225499999917],[-51.48822709999996,-29.714367799999927],[-51.49553779999996,-29.718745399999936],[-51.49661149999998,-29.717511],[-51.49769629999997,-29.715471899999944],[-51.498138799999936,-29.713323599999963],[-51.497622,-29.71318979999995],[-51.497808,-29.712741399999974],[-51.49739359999996,-29.712565199999975],[-51.49695929999996,-29.712774399999944],[-51.49668289999994,-29.712473099999944],[-51.49642959999995,-29.712680699999968],[-51.496293099999946,-29.712258899999938],[-51.4955384,-29.712272499999987],[-51.495111,-29.71175249999993],[-51.49466789999997,-29.711848899999957],[-51.49456819999995,-29.711534299999983],[-51.494139099999984,-29.711526],[-51.49405739999997,-29.711093099999964],[-51.492043499999966,-29.709826299999982],[-51.489334799999945,-29.709377899999936],[-51.488787299999956,-29.709462],[-51.48850879999998,-29.70917609999998],[-51.488102,-29.709491599999982],[-51.4871591,-29.70948429999992],[-51.48697329999993,-29.710182599999932],[-51.486315099999956,-29.710501799999975]]]}},{"type":"Feature","properties":{"setor":"431240105000071","pop":457,"sigilo_pop":false,"dom":218,"sigilo_dom":false,"mulheres":246,"sigilo_mulheres":false,"c0_4":35,"sigilo_c0_4":false,"c5_9":30,"sigilo_c5_9":false,"i60_69":55,"sigilo_i60_69":false,"i70m":30,"sigilo_i70m":false,"indigenas":null,"sigilo_indigenas":true,"pretos_pardos":106,"sigilo_pretos_pardos":false,"dom_ocupados":191,"sigilo_dom_ocupados":false,"dom_agua":188,"sigilo_dom_agua":false,"dom_esgoto":66,"sigilo_dom_esgoto":false,"renda_resp":2809.03,"sigilo_renda_resp":false,"n_resp":191,"sigilo_n_resp":false,"dens":4285.1,"sigilo_dens":false,"na_bacia":0,"area_pct_bacia":0.0,"metodo_recorte_bacia":"ponto_representativo_setor_2022; area_pct_geometrica","status_borda_bacia":"total","metodo_area_bacia":"interseção geométrica em EPSG:5880","metodo_na_bacia":"ponto_representativo_setor_2022_within_bacia","pop_n_validos":1,"pop_n_total":1,"pop_completude":1.0,"dom_n_validos":1,"dom_n_total":1,"dom_completude":1.0,"dom_ocupados_n_validos":1,"dom_ocupados_n_total":1,"dom_ocupados_completude":1.0,"mulheres_n_validos":1,"mulheres_n_total":1,"mulheres_completude":1.0,"c0_4_n_validos":1,"c0_4_n_total":1,"c0_4_completude":1.0,"c5_9_n_validos":1,"c5_9_n_total":1,"c5_9_completude":1.0,"i60_69_n_validos":1,"i60_69_n_total":1,"i60_69_completude":1.0,"i70m_n_validos":1,"i70m_n_total":1,"i70m_completude":1.0,"indigenas_n_validos":0,"indigenas_n_total":1,"indigenas_completude":0.0,"pretos_pardos_n_validos":1,"pretos_pardos_n_total":1,"pretos_pardos_completude":1.0,"dom_agua_n_validos":1,"dom_agua_n_total":1,"dom_agua_completude":1.0,"dom_esgoto_n_validos":1,"dom_esgoto_n_total":1,"dom_esgoto_completude":1.0,"n_resp_n_validos":1,"n_resp_n_total":1,"n_resp_completude":1.0,"renda_resp_n_validos":1,"renda_resp_n_total":1,"renda_resp_completude":1.0,"dens_n_validos":1,"dens_n_total":1,"dens_completude":1.0},"geometry":{"type":"Polygon","coordinates":[[[-51.49207869999997,-29.697862399999963],[-51.49191859999997,-29.699953099999963],[-51.49423629999995,-29.70035739999998],[-51.49404619999996,-29.701249099999977],[-51.49481289999995,-29.701368799999962],[-51.49531379999996,-29.699164899999968],[-51.496009,-29.69927339999998],[-51.495177099999985,-29.697223],[-51.49207869999997,-29.697862399999963]]]}},{"type":"Feature","properties":{"setor":"431240105000072","pop":1479,"sigilo_pop":false,"dom":569,"sigilo_dom":false,"mulheres":757,"sigilo_mulheres":false,"c0_4":112,"sigilo_c0_4":false,"c5_9":124,"sigilo_c5_9":false,"i60_69":91,"sigilo_i60_69":false,"i70m":33,"sigilo_i70m":false,"indigenas":0,"sigilo_indigenas":false,"pretos_pardos":296,"sigilo_pretos_pardos":false,"dom_ocupados":538,"sigilo_dom_ocupados":false,"dom_agua":496,"sigilo_dom_agua":false,"dom_esgoto":18,"sigilo_dom_esgoto":false,"renda_resp":2482.85,"sigilo_renda_resp":false,"n_resp":538,"sigilo_n_resp":false,"dens":3765.9,"sigilo_dens":false,"na_bacia":0,"area_pct_bacia":0.0,"metodo_recorte_bacia":"ponto_representativo_setor_2022; area_pct_geometrica","status_borda_bacia":"total","metodo_area_bacia":"interseção geométrica em EPSG:5880","metodo_na_bacia":"ponto_representativo_setor_2022_within_bacia","pop_n_validos":1,"pop_n_total":1,"pop_completude":1.0,"dom_n_validos":1,"dom_n_total":1,"dom_completude":1.0,"dom_ocupados_n_validos":1,"dom_ocupados_n_total":1,"dom_ocupados_completude":1.0,"mulheres_n_validos":1,"mulheres_n_total":1,"mulheres_completude":1.0,"c0_4_n_validos":1,"c0_4_n_total":1,"c0_4_completude":1.0,"c5_9_n_validos":1,"c5_9_n_total":1,"c5_9_completude":1.0,"i60_69_n_validos":1,"i60_69_n_total":1,"i60_69_completude":1.0,"i70m_n_validos":1,"i70m_n_total":1,"i70m_completude":1.0,"indigenas_n_validos":1,"indigenas_n_total":1,"indigenas_completude":1.0,"pretos_pardos_n_validos":1,"pretos_pardos_n_total":1,"pretos_pardos_completude":1.0,"dom_agua_n_validos":1,"dom_agua_n_total":1,"dom_agua_completude":1.0,"dom_esgoto_n_validos":1,"dom_esgoto_n_total":1,"dom_esgoto_completude":1.0,"n_resp_n_validos":1,"n_resp_n_total":1,"n_resp_completude":1.0,"renda_resp_n_validos":1,"renda_resp_n_total":1,"renda_resp_completude":1.0,"dens_n_validos":1,"dens_n_total":1,"dens_completude":1.0},"geometry":{"type":"Polygon","coordinates":[[[-51.49264079999995,-29.69219639999994],[-51.49107279999998,-29.694967],[-51.491277299999986,-29.69624579999992],[-51.49207869999997,-29.697862399999963],[-51.495660399999956,-29.69712119999997],[-51.49882929999995,-29.695793499999986],[-51.498044499999935,-29.694938099999955],[-51.498253,-29.69277119999999],[-51.49784049999994,-29.69214659999994],[-51.497133,-29.691768799999974],[-51.492762,-29.691158699999974],[-51.49264079999995,-29.69219639999994]]]}},{"type":"Feature","properties":{"setor":"431240105000073","pop":376,"sigilo_pop":false,"dom":158,"sigilo_dom":false,"mulheres":194,"sigilo_mulheres":false,"c0_4":23,"sigilo_c0_4":false,"c5_9":34,"sigilo_c5_9":false,"i60_69":35,"sigilo_i60_69":false,"i70m":29,"sigilo_i70m":false,"indigenas":0,"sigilo_indigenas":false,"pretos_pardos":85,"sigilo_pretos_pardos":false,"dom_ocupados":135,"sigilo_dom_ocupados":false,"dom_agua":52,"sigilo_dom_agua":false,"dom_esgoto":44,"sigilo_dom_esgoto":false,"renda_resp":2242.97,"sigilo_renda_resp":false,"n_resp":135,"sigilo_n_resp":false,"dens":805.2,"sigilo_dens":false,"na_bacia":0,"area_pct_bacia":0.0,"metodo_recorte_bacia":"ponto_representativo_setor_2022; area_pct_geometrica","status_borda_bacia":"total","metodo_area_bacia":"interseção geométrica em EPSG:5880","metodo_na_bacia":"ponto_representativo_setor_2022_within_bacia","pop_n_validos":1,"pop_n_total":1,"pop_completude":1.0,"dom_n_validos":1,"dom_n_total":1,"dom_completude":1.0,"dom_ocupados_n_validos":1,"dom_ocupados_n_total":1,"dom_ocupados_completude":1.0,"mulheres_n_validos":1,"mulheres_n_total":1,"mulheres_completude":1.0,"c0_4_n_validos":1,"c0_4_n_total":1,"c0_4_completude":1.0,"c5_9_n_validos":1,"c5_9_n_total":1,"c5_9_completude":1.0,"i60_69_n_validos":1,"i60_69_n_total":1,"i60_69_completude":1.0,"i70m_n_validos":1,"i70m_n_total":1,"i70m_completude":1.0,"indigenas_n_validos":1,"indigenas_n_total":1,"indigenas_completude":1.0,"pretos_pardos_n_validos":1,"pretos_pardos_n_total":1,"pretos_pardos_completude":1.0,"dom_agua_n_validos":1,"dom_agua_n_total":1,"dom_agua_completude":1.0,"dom_esgoto_n_validos":1,"dom_esgoto_n_total":1,"dom_esgoto_completude":1.0,"n_resp_n_validos":1,"n_resp_n_total":1,"n_resp_completude":1.0,"renda_resp_n_validos":1,"renda_resp_n_total":1,"renda_resp_completude":1.0,"dens_n_validos":1,"dens_n_total":1,"dens_completude":1.0},"geometry":{"type":"Polygon","coordinates":[[[-51.47579879999995,-29.677140099999974],[-51.46789419999994,-29.681247399999954],[-51.46866829999993,-29.68255049999993],[-51.470681499999955,-29.68459589999997],[-51.47251719999997,-29.68558479999997],[-51.474336499999936,-29.68591589999994],[-51.47715289999997,-29.678167399999943],[-51.47579879999995,-29.677140099999974]]]}},{"type":"Feature","properties":{"setor":"431240105000074","pop":504,"sigilo_pop":false,"dom":203,"sigilo_dom":false,"mulheres":253,"sigilo_mulheres":false,"c0_4":27,"sigilo_c0_4":false,"c5_9":34,"sigilo_c5_9":false,"i60_69":43,"sigilo_i60_69":false,"i70m":28,"sigilo_i70m":false,"indigenas":0,"sigilo_indigenas":false,"pretos_pardos":41,"sigilo_pretos_pardos":false,"dom_ocupados":184,"sigilo_dom_ocupados":false,"dom_agua":177,"sigilo_dom_agua":false,"dom_esgoto":50,"sigilo_dom_esgoto":false,"renda_resp":4813.8,"sigilo_renda_resp":false,"n_resp":184,"sigilo_n_resp":false,"dens":982.5,"sigilo_dens":false,"na_bacia":0,"area_pct_bacia":0.0,"metodo_recorte_bacia":"ponto_representativo_setor_2022; area_pct_geometrica","status_borda_bacia":"total","metodo_area_bacia":"interseção geométrica em EPSG:5880","metodo_na_bacia":"ponto_representativo_setor_2022_within_bacia","pop_n_validos":1,"pop_n_total":1,"pop_completude":1.0,"dom_n_validos":1,"dom_n_total":1,"dom_completude":1.0,"dom_ocupados_n_validos":1,"dom_ocupados_n_total":1,"dom_ocupados_completude":1.0,"mulheres_n_validos":1,"mulheres_n_total":1,"mulheres_completude":1.0,"c0_4_n_validos":1,"c0_4_n_total":1,"c0_4_completude":1.0,"c5_9_n_validos":1,"c5_9_n_total":1,"c5_9_completude":1.0,"i60_69_n_validos":1,"i60_69_n_total":1,"i60_69_completude":1.0,"i70m_n_validos":1,"i70m_n_total":1,"i70m_completude":1.0,"indigenas_n_validos":1,"indigenas_n_total":1,"indigenas_completude":1.0,"pretos_pardos_n_validos":1,"pretos_pardos_n_total":1,"pretos_pardos_completude":1.0,"dom_agua_n_validos":1,"dom_agua_n_total":1,"dom_agua_completude":1.0,"dom_esgoto_n_validos":1,"dom_esgoto_n_total":1,"dom_esgoto_completude":1.0,"n_resp_n_validos":1,"n_resp_n_total":1,"n_resp_completude":1.0,"renda_resp_n_validos":1,"renda_resp_n_total":1,"renda_resp_completude":1.0,"dens_n_validos":1,"dens_n_total":1,"dens_completude":1.0},"geometry":{"type":"Polygon","coordinates":[[[-51.43539729999998,-29.668072499999933],[-51.43868439999995,-29.670729399999974],[-51.444476,-29.67462729999993],[-51.44576089999998,-29.673410499999935],[-51.447540699999934,-29.674453],[-51.448305499999954,-29.67349359999997],[-51.449051199999985,-29.673911899999943],[-51.45104169999997,-29.671385499999918],[-51.451401199999964,-29.670579299999936],[-51.451461,-29.670083599999934],[-51.442786499999954,-29.66981559999993],[-51.43823359999993,-29.66806479999997],[-51.43539729999998,-29.668072499999933]]]}},{"type":"Feature","properties":{"setor":"431240105000075","pop":186,"sigilo_pop":false,"dom":76,"sigilo_dom":false,"mulheres":98,"sigilo_mulheres":false,"c0_4":6,"sigilo_c0_4":false,"c5_9":12,"sigilo_c5_9":false,"i60_69":27,"sigilo_i60_69":false,"i70m":13,"sigilo_i70m":false,"indigenas":0,"sigilo_indigenas":false,"pretos_pardos":20,"sigilo_pretos_pardos":false,"dom_ocupados":74,"sigilo_dom_ocupados":false,"dom_agua":74,"sigilo_dom_agua":false,"dom_esgoto":32,"sigilo_dom_esgoto":false,"renda_resp":1789.55,"sigilo_renda_resp":false,"n_resp":74,"sigilo_n_resp":false,"dens":8338.7,"sigilo_dens":false,"na_bacia":0,"area_pct_bacia":0.0,"metodo_recorte_bacia":"ponto_representativo_setor_2022; area_pct_geometrica","status_borda_bacia":"total","metodo_area_bacia":"interseção geométrica em EPSG:5880","metodo_na_bacia":"ponto_representativo_setor_2022_within_bacia","pop_n_validos":1,"pop_n_total":1,"pop_completude":1.0,"dom_n_validos":1,"dom_n_total":1,"dom_completude":1.0,"dom_ocupados_n_validos":1,"dom_ocupados_n_total":1,"dom_ocupados_completude":1.0,"mulheres_n_validos":1,"mulheres_n_total":1,"mulheres_completude":1.0,"c0_4_n_validos":1,"c0_4_n_total":1,"c0_4_completude":1.0,"c5_9_n_validos":1,"c5_9_n_total":1,"c5_9_completude":1.0,"i60_69_n_validos":1,"i60_69_n_total":1,"i60_69_completude":1.0,"i70m_n_validos":1,"i70m_n_total":1,"i70m_completude":1.0,"indigenas_n_validos":1,"indigenas_n_total":1,"indigenas_completude":1.0,"pretos_pardos_n_validos":1,"pretos_pardos_n_total":1,"pretos_pardos_completude":1.0,"dom_agua_n_validos":1,"dom_agua_n_total":1,"dom_agua_completude":1.0,"dom_esgoto_n_validos":1,"dom_esgoto_n_total":1,"dom_esgoto_completude":1.0,"n_resp_n_validos":1,"n_resp_n_total":1,"n_resp_completude":1.0,"renda_resp_n_validos":1,"renda_resp_n_total":1,"renda_resp_completude":1.0,"dens_n_validos":1,"dens_n_total":1,"dens_completude":1.0},"geometry":{"type":"Polygon","coordinates":[[[-51.45843879999995,-29.671716699999937],[-51.45884959999995,-29.671988199999923],[-51.461351699999966,-29.669196099999972],[-51.459358099999974,-29.668945799999953],[-51.45926979999996,-29.669172799999952],[-51.46053109999996,-29.669746399999955],[-51.45843879999995,-29.671716699999937]]]}},{"type":"Feature","properties":{"setor":"431240105000076","pop":236,"sigilo_pop":false,"dom":106,"sigilo_dom":false,"mulheres":129,"sigilo_mulheres":false,"c0_4":null,"sigilo_c0_4":true,"c5_9":12,"sigilo_c5_9":false,"i60_69":22,"sigilo_i60_69":false,"i70m":34,"sigilo_i70m":false,"indigenas":null,"sigilo_indigenas":true,"pretos_pardos":30,"sigilo_pretos_pardos":false,"dom_ocupados":95,"sigilo_dom_ocupados":false,"dom_agua":94,"sigilo_dom_agua":false,"dom_esgoto":62,"sigilo_dom_esgoto":false,"renda_resp":4586.14,"sigilo_renda_resp":false,"n_resp":95,"sigilo_n_resp":false,"dens":1163.6,"sigilo_dens":false,"na_bacia":0,"area_pct_bacia":0.0,"metodo_recorte_bacia":"ponto_representativo_setor_2022; area_pct_geometrica","status_borda_bacia":"total","metodo_area_bacia":"interseção geométrica em EPSG:5880","metodo_na_bacia":"ponto_representativo_setor_2022_within_bacia","pop_n_validos":1,"pop_n_total":1,"pop_completude":1.0,"dom_n_validos":1,"dom_n_total":1,"dom_completude":1.0,"dom_ocupados_n_validos":1,"dom_ocupados_n_total":1,"dom_ocupados_completude":1.0,"mulheres_n_validos":1,"mulheres_n_total":1,"mulheres_completude":1.0,"c0_4_n_validos":0,"c0_4_n_total":1,"c0_4_completude":0.0,"c5_9_n_validos":1,"c5_9_n_total":1,"c5_9_completude":1.0,"i60_69_n_validos":1,"i60_69_n_total":1,"i60_69_completude":1.0,"i70m_n_validos":1,"i70m_n_total":1,"i70m_completude":1.0,"indigenas_n_validos":0,"indigenas_n_total":1,"indigenas_completude":0.0,"pretos_pardos_n_validos":1,"pretos_pardos_n_total":1,"pretos_pardos_completude":1.0,"dom_agua_n_validos":1,"dom_agua_n_total":1,"dom_agua_completude":1.0,"dom_esgoto_n_validos":1,"dom_esgoto_n_total":1,"dom_esgoto_completude":1.0,"n_resp_n_validos":1,"n_resp_n_total":1,"n_resp_completude":1.0,"renda_resp_n_validos":1,"renda_resp_n_total":1,"renda_resp_completude":1.0,"dens_n_validos":1,"dens_n_total":1,"dens_completude":1.0},"geometry":{"type":"Polygon","coordinates":[[[-51.4537706,-29.66969629999995],[-51.45464449999997,-29.675031],[-51.455028199999965,-29.675534499999976],[-51.455379499999935,-29.672959799999944],[-51.455624299999954,-29.67258],[-51.457104,-29.67240739999994],[-51.45877269999994,-29.671544499999975],[-51.46053109999996,-29.669746399999955],[-51.45926979999996,-29.669172799999952],[-51.459358099999974,-29.668945799999953],[-51.45902389999998,-29.668926699999936],[-51.4537706,-29.66969629999995]]]}},{"type":"Feature","properties":{"setor":"431240105000077","pop":605,"sigilo_pop":false,"dom":234,"sigilo_dom":false,"mulheres":331,"sigilo_mulheres":false,"c0_4":27,"sigilo_c0_4":false,"c5_9":50,"sigilo_c5_9":false,"i60_69":59,"sigilo_i60_69":false,"i70m":27,"sigilo_i70m":false,"indigenas":0,"sigilo_indigenas":false,"pretos_pardos":35,"sigilo_pretos_pardos":false,"dom_ocupados":218,"sigilo_dom_ocupados":false,"dom_agua":218,"sigilo_dom_agua":false,"dom_esgoto":170,"sigilo_dom_esgoto":false,"renda_resp":6909.99,"sigilo_renda_resp":false,"n_resp":218,"sigilo_n_resp":false,"dens":4301.1,"sigilo_dens":false,"na_bacia":0,"area_pct_bacia":0.0,"metodo_recorte_bacia":"ponto_representativo_setor_2022; area_pct_geometrica","status_borda_bacia":"total","metodo_area_bacia":"interseção geométrica em EPSG:5880","metodo_na_bacia":"ponto_representativo_setor_2022_within_bacia","pop_n_validos":1,"pop_n_total":1,"pop_completude":1.0,"dom_n_validos":1,"dom_n_total":1,"dom_completude":1.0,"dom_ocupados_n_validos":1,"dom_ocupados_n_total":1,"dom_ocupados_completude":1.0,"mulheres_n_validos":1,"mulheres_n_total":1,"mulheres_completude":1.0,"c0_4_n_validos":1,"c0_4_n_total":1,"c0_4_completude":1.0,"c5_9_n_validos":1,"c5_9_n_total":1,"c5_9_completude":1.0,"i60_69_n_validos":1,"i60_69_n_total":1,"i60_69_completude":1.0,"i70m_n_validos":1,"i70m_n_total":1,"i70m_completude":1.0,"indigenas_n_validos":1,"indigenas_n_total":1,"indigenas_completude":1.0,"pretos_pardos_n_validos":1,"pretos_pardos_n_total":1,"pretos_pardos_completude":1.0,"dom_agua_n_validos":1,"dom_agua_n_total":1,"dom_agua_completude":1.0,"dom_esgoto_n_validos":1,"dom_esgoto_n_total":1,"dom_esgoto_completude":1.0,"n_resp_n_validos":1,"n_resp_n_total":1,"n_resp_completude":1.0,"renda_resp_n_validos":1,"renda_resp_n_total":1,"renda_resp_completude":1.0,"dens_n_validos":1,"dens_n_total":1,"dens_completude":1.0},"geometry":{"type":"Polygon","coordinates":[[[-51.455028199999965,-29.675534499999976],[-51.456904,-29.677384199999935],[-51.45726469999994,-29.678396899999953],[-51.458519499999966,-29.677812399999933],[-51.459707299999934,-29.675278799999948],[-51.456235499999934,-29.673977099999952],[-51.456068099999975,-29.675352299999922],[-51.455894099999966,-29.675316099999986],[-51.45619439999996,-29.673372],[-51.45704209999997,-29.67241559999996],[-51.455624299999954,-29.67258],[-51.455379499999935,-29.672959799999944],[-51.455028199999965,-29.675534499999976]]]}},{"type":"Feature","properties":{"setor":"431240105000078","pop":456,"sigilo_pop":false,"dom":186,"sigilo_dom":false,"mulheres":230,"sigilo_mulheres":false,"c0_4":29,"sigilo_c0_4":false,"c5_9":20,"sigilo_c5_9":false,"i60_69":35,"sigilo_i60_69":false,"i70m":46,"sigilo_i70m":false,"indigenas":0,"sigilo_indigenas":false,"pretos_pardos":66,"sigilo_pretos_pardos":false,"dom_ocupados":167,"sigilo_dom_ocupados":false,"dom_agua":159,"sigilo_dom_agua":false,"dom_esgoto":60,"sigilo_dom_esgoto":false,"renda_resp":2679.02,"sigilo_renda_resp":false,"n_resp":167,"sigilo_n_resp":false,"dens":4515.4,"sigilo_dens":false,"na_bacia":0,"area_pct_bacia":0.0,"metodo_recorte_bacia":"ponto_representativo_setor_2022; area_pct_geometrica","status_borda_bacia":"total","metodo_area_bacia":"interseção geométrica em EPSG:5880","metodo_na_bacia":"ponto_representativo_setor_2022_within_bacia","pop_n_validos":1,"pop_n_total":1,"pop_completude":1.0,"dom_n_validos":1,"dom_n_total":1,"dom_completude":1.0,"dom_ocupados_n_validos":1,"dom_ocupados_n_total":1,"dom_ocupados_completude":1.0,"mulheres_n_validos":1,"mulheres_n_total":1,"mulheres_completude":1.0,"c0_4_n_validos":1,"c0_4_n_total":1,"c0_4_completude":1.0,"c5_9_n_validos":1,"c5_9_n_total":1,"c5_9_completude":1.0,"i60_69_n_validos":1,"i60_69_n_total":1,"i60_69_completude":1.0,"i70m_n_validos":1,"i70m_n_total":1,"i70m_completude":1.0,"indigenas_n_validos":1,"indigenas_n_total":1,"indigenas_completude":1.0,"pretos_pardos_n_validos":1,"pretos_pardos_n_total":1,"pretos_pardos_completude":1.0,"dom_agua_n_validos":1,"dom_agua_n_total":1,"dom_agua_completude":1.0,"dom_esgoto_n_validos":1,"dom_esgoto_n_total":1,"dom_esgoto_completude":1.0,"n_resp_n_validos":1,"n_resp_n_total":1,"n_resp_completude":1.0,"renda_resp_n_validos":1,"renda_resp_n_total":1,"renda_resp_completude":1.0,"dens_n_validos":1,"dens_n_total":1,"dens_completude":1.0},"geometry":{"type":"Polygon","coordinates":[[[-51.48517959999998,-29.705290399999964],[-51.489728,-29.70603819999997],[-51.49014109999996,-29.70415589999992],[-51.48510289999996,-29.703326],[-51.48517959999998,-29.705290399999964]]]}},{"type":"Feature","properties":{"setor":"431240105000079","pop":717,"sigilo_pop":false,"dom":343,"sigilo_dom":false,"mulheres":324,"sigilo_mulheres":false,"c0_4":41,"sigilo_c0_4":false,"c5_9":64,"sigilo_c5_9":false,"i60_69":84,"sigilo_i60_69":false,"i70m":56,"sigilo_i70m":false,"indigenas":0,"sigilo_indigenas":false,"pretos_pardos":70,"sigilo_pretos_pardos":false,"dom_ocupados":246,"sigilo_dom_ocupados":false,"dom_agua":13,"sigilo_dom_agua":false,"dom_esgoto":10,"sigilo_dom_esgoto":false,"renda_resp":2286.16,"sigilo_renda_resp":false,"n_resp":246,"sigilo_n_resp":false,"dens":25.9,"sigilo_dens":false,"na_bacia":0,"area_pct_bacia":0.0,"metodo_recorte_bacia":"ponto_representativo_setor_2022; area_pct_geometrica","status_borda_bacia":"total","metodo_area_bacia":"interseção geométrica em EPSG:5880","metodo_na_bacia":"ponto_representativo_setor_2022_within_bacia","pop_n_validos":1,"pop_n_total":1,"pop_completude":1.0,"dom_n_validos":1,"dom_n_total":1,"dom_completude":1.0,"dom_ocupados_n_validos":1,"dom_ocupados_n_total":1,"dom_ocupados_completude":1.0,"mulheres_n_validos":1,"mulheres_n_total":1,"mulheres_completude":1.0,"c0_4_n_validos":1,"c0_4_n_total":1,"c0_4_completude":1.0,"c5_9_n_validos":1,"c5_9_n_total":1,"c5_9_completude":1.0,"i60_69_n_validos":1,"i60_69_n_total":1,"i60_69_completude":1.0,"i70m_n_validos":1,"i70m_n_total":1,"i70m_completude":1.0,"indigenas_n_validos":1,"indigenas_n_total":1,"indigenas_completude":1.0,"pretos_pardos_n_validos":1,"pretos_pardos_n_total":1,"pretos_pardos_completude":1.0,"dom_agua_n_validos":1,"dom_agua_n_total":1,"dom_agua_completude":1.0,"dom_esgoto_n_validos":1,"dom_esgoto_n_total":1,"dom_esgoto_completude":1.0,"n_resp_n_validos":1,"n_resp_n_total":1,"n_resp_completude":1.0,"renda_resp_n_validos":1,"renda_resp_n_total":1,"renda_resp_completude":1.0,"dens_n_validos":1,"dens_n_total":1,"dens_completude":1.0},"geometry":{"type":"Polygon","coordinates":[[[-51.442601,-29.730507799999927],[-51.44384869999993,-29.73346549999997],[-51.44538639999996,-29.734409799999977],[-51.44663479999996,-29.7358766],[-51.446665,-29.737561399999954],[-51.44694139999996,-29.738094799999935],[-51.45038079999995,-29.741307699999943],[-51.45121119999993,-29.74243169999994],[-51.44836909999998,-29.744740299999922],[-51.44479329999996,-29.74903549999994],[-51.44423869999997,-29.751148099999952],[-51.44297029999995,-29.753115399999963],[-51.441946399999956,-29.755369099999932],[-51.441873199999975,-29.756841099999964],[-51.44079469999997,-29.76037589999993],[-51.43959889999996,-29.76194569999994],[-51.43661919999993,-29.76315239999996],[-51.43527289999997,-29.764225],[-51.43422489999994,-29.765534799999962],[-51.43067529999997,-29.76776729999995],[-51.4231516,-29.773960899999956],[-51.41905209999993,-29.776770499999927],[-51.41802119999994,-29.777265],[-51.41276,-29.778688299999946],[-51.412310899999966,-29.77900549999998],[-51.414182,-29.779926499999924],[-51.41614639999994,-29.781268599999976],[-51.41866449999998,-29.78229149999994],[-51.41988119999996,-29.78304909999996],[-51.42276989999994,-29.7853674],[-51.424203499999976,-29.78693889999993],[-51.42838439999997,-29.78941919999994],[-51.42986569999994,-29.79054669999994],[-51.430879,-29.79281149999997],[-51.43448669999998,-29.793870299999988],[-51.43770959999995,-29.793503399999974],[-51.44073719999995,-29.792671399999964],[-51.441741699999966,-29.793082699999964],[-51.442192299999924,-29.79365779999995],[-51.44323019999996,-29.793484899999957],[-51.44422869999994,-29.79293619999993],[-51.44471549999997,-29.79332389999997],[-51.44733039999995,-29.793587199999934],[-51.447732,-29.793813299999954],[-51.45020859999994,-29.79189329999996],[-51.45184389999998,-29.789925699999966],[-51.45284319999996,-29.787442099999964],[-51.45420309999997,-29.785832],[-51.46011129999994,-29.78212749999993],[-51.47770769999994,-29.759078099999954],[-51.47962359999997,-29.752914599999926],[-51.481235899999945,-29.750503099999946],[-51.483382,-29.748193399999934],[-51.48489159999997,-29.745503299999942],[-51.48605219999997,-29.742333099999943],[-51.48732979999995,-29.742431299999964],[-51.492232299999955,-29.741929499999976],[-51.49202529999997,-29.740405899999924],[-51.490889699999975,-29.73871009999993],[-51.49053939999994,-29.73839789999995],[-51.48843009999997,-29.737818099999977],[-51.48820139999997,-29.73407929999996],[-51.48775079999996,-29.733183199999925],[-51.48561559999996,-29.73103879999997],[-51.48419049999996,-29.728762],[-51.48307889999996,-29.72778929999998],[-51.482923199999966,-29.726646799999973],[-51.47917239999999,-29.726829399999918],[-51.47612989999994,-29.724156499999932],[-51.471505399999955,-29.727427099999947],[-51.469742799999956,-29.729845399999927],[-51.46688169999993,-29.730986199999958],[-51.46683159999998,-29.731395599999924],[-51.461689699999965,-29.73166959999997],[-51.45909469999998,-29.73246149999995],[-51.45371629999994,-29.73170019999997],[-51.44887719999997,-29.73195139999996],[-51.44855919999998,-29.730647499999986],[-51.4478443,-29.73014929999993],[-51.44758919999998,-29.728700399999973],[-51.44781149999994,-29.72823209999996],[-51.448545399999944,-29.727734599999966],[-51.44859549999995,-29.726197099999986],[-51.44926369999997,-29.72360909999996],[-51.45153349999998,-29.72041729999995],[-51.45325989999998,-29.719455199999956],[-51.45223639999995,-29.719253199999976],[-51.453899899999946,-29.715766799999987],[-51.45397509999999,-29.713077599999956],[-51.45319939999997,-29.712313399999974],[-51.44914389999997,-29.71363479999996],[-51.44403889999995,-29.717651699999962],[-51.43629219999997,-29.726437],[-51.43741529999994,-29.726444],[-51.44097169999998,-29.72751239999996],[-51.44263359999996,-29.729211699999947],[-51.442601,-29.730507799999927]]]}},{"type":"Feature","properties":{"setor":"431240105000083","pop":320,"sigilo_pop":false,"dom":168,"sigilo_dom":false,"mulheres":153,"sigilo_mulheres":false,"c0_4":13,"sigilo_c0_4":false,"c5_9":22,"sigilo_c5_9":false,"i60_69":32,"sigilo_i60_69":false,"i70m":26,"sigilo_i70m":false,"indigenas":0,"sigilo_indigenas":false,"pretos_pardos":90,"sigilo_pretos_pardos":false,"dom_ocupados":118,"sigilo_dom_ocupados":false,"dom_agua":7,"sigilo_dom_agua":false,"dom_esgoto":0,"sigilo_dom_esgoto":false,"renda_resp":3479.21,"sigilo_renda_resp":false,"n_resp":118,"sigilo_n_resp":false,"dens":38.8,"sigilo_dens":false,"na_bacia":0,"area_pct_bacia":0.0,"metodo_recorte_bacia":"ponto_representativo_setor_2022; area_pct_geometrica","status_borda_bacia":"total","metodo_area_bacia":"interseção geométrica em EPSG:5880","metodo_na_bacia":"ponto_representativo_setor_2022_within_bacia","pop_n_validos":1,"pop_n_total":1,"pop_completude":1.0,"dom_n_validos":1,"dom_n_total":1,"dom_completude":1.0,"dom_ocupados_n_validos":1,"dom_ocupados_n_total":1,"dom_ocupados_completude":1.0,"mulheres_n_validos":1,"mulheres_n_total":1,"mulheres_completude":1.0,"c0_4_n_validos":1,"c0_4_n_total":1,"c0_4_completude":1.0,"c5_9_n_validos":1,"c5_9_n_total":1,"c5_9_completude":1.0,"i60_69_n_validos":1,"i60_69_n_total":1,"i60_69_completude":1.0,"i70m_n_validos":1,"i70m_n_total":1,"i70m_completude":1.0,"indigenas_n_validos":1,"indigenas_n_total":1,"indigenas_completude":1.0,"pretos_pardos_n_validos":1,"pretos_pardos_n_total":1,"pretos_pardos_completude":1.0,"dom_agua_n_validos":1,"dom_agua_n_total":1,"dom_agua_completude":1.0,"dom_esgoto_n_validos":1,"dom_esgoto_n_total":1,"dom_esgoto_completude":1.0,"n_resp_n_validos":1,"n_resp_n_total":1,"n_resp_completude":1.0,"renda_resp_n_validos":1,"renda_resp_n_total":1,"renda_resp_completude":1.0,"dens_n_validos":1,"dens_n_total":1,"dens_completude":1.0},"geometry":{"type":"Polygon","coordinates":[[[-51.518523699999946,-29.688842699999945],[-51.516569699999934,-29.69044339999993],[-51.51210239999994,-29.692892899999936],[-51.51052309999994,-29.694487],[-51.50159269999995,-29.712501599999943],[-51.50190139999995,-29.712624899999977],[-51.502394199999976,-29.713596799999955],[-51.50178379999994,-29.71454039999997],[-51.50232009999997,-29.714496],[-51.50286759999994,-29.71397949999993],[-51.50371679999996,-29.713661299999963],[-51.50514449999998,-29.71385439999995],[-51.50603709999996,-29.7131065],[-51.50628009999997,-29.71146569999996],[-51.50720019999995,-29.710841299999963],[-51.50736119999994,-29.710387599999944],[-51.507146699999964,-29.709250399999974],[-51.507726299999945,-29.70836019999996],[-51.50968479999994,-29.70784459999993],[-51.510294199999976,-29.707937],[-51.51100159999998,-29.70840079999995],[-51.513656599999926,-29.708439299999945],[-51.51456939999998,-29.708832],[-51.51512229999998,-29.708608699999953],[-51.51546659999997,-29.707598399999938],[-51.515747799999986,-29.707390599999925],[-51.51744649999994,-29.70682269999997],[-51.51779389999996,-29.70743859999992],[-51.51833929999998,-29.707565499999927],[-51.52057389999993,-29.70725989999994],[-51.52158039999995,-29.70779829999998],[-51.521925099999976,-29.708267099999937],[-51.52300459999998,-29.708521899999937],[-51.523634799999975,-29.709042799999963],[-51.52507029999998,-29.708941499999973],[-51.52650669999998,-29.709630699999938],[-51.5276722,-29.711080799999923],[-51.52803069999993,-29.71202609999994],[-51.528434499999946,-29.712148099999972],[-51.531696,-29.711905],[-51.53413049999995,-29.712443899999975],[-51.534780599999976,-29.712222],[-51.535374099999956,-29.711448799999975],[-51.53629259999997,-29.710956],[-51.537074899999936,-29.711098099999973],[-51.53824259999993,-29.71177019999992],[-51.53896389999994,-29.711706799999938],[-51.540344499999954,-29.711225599999974],[-51.540548,-29.709830499999956],[-51.54090219999995,-29.709385899999983],[-51.540854299999985,-29.708743499999965],[-51.54119019999996,-29.708149199999976],[-51.541901399999965,-29.707742],[-51.543452899999984,-29.70808309999996],[-51.54534149999995,-29.707684599999936],[-51.546701699999964,-29.706872199999957],[-51.54871909999997,-29.704294],[-51.54505439999996,-29.694468199999964],[-51.54443489999994,-29.693254199999952],[-51.54264129999996,-29.6911588],[-51.542503099999976,-29.690377499999943],[-51.539990699999976,-29.690423599999967],[-51.521318,-29.68835079999996],[-51.518523699999946,-29.688842699999945]]]}},{"type":"Feature","properties":{"setor":"431240105000085","pop":511,"sigilo_pop":false,"dom":224,"sigilo_dom":false,"mulheres":250,"sigilo_mulheres":false,"c0_4":36,"sigilo_c0_4":false,"c5_9":42,"sigilo_c5_9":false,"i60_69":50,"sigilo_i60_69":false,"i70m":47,"sigilo_i70m":false,"indigenas":0,"sigilo_indigenas":false,"pretos_pardos":73,"sigilo_pretos_pardos":false,"dom_ocupados":190,"sigilo_dom_ocupados":false,"dom_agua":8,"sigilo_dom_agua":false,"dom_esgoto":null,"sigilo_dom_esgoto":true,"renda_resp":2478.26,"sigilo_renda_resp":false,"n_resp":190,"sigilo_n_resp":false,"dens":53.0,"sigilo_dens":false,"na_bacia":0,"area_pct_bacia":0.0,"metodo_recorte_bacia":"ponto_representativo_setor_2022; area_pct_geometrica","status_borda_bacia":"total","metodo_area_bacia":"interseção geométrica em EPSG:5880","metodo_na_bacia":"ponto_representativo_setor_2022_within_bacia","pop_n_validos":1,"pop_n_total":1,"pop_completude":1.0,"dom_n_validos":1,"dom_n_total":1,"dom_completude":1.0,"dom_ocupados_n_validos":1,"dom_ocupados_n_total":1,"dom_ocupados_completude":1.0,"mulheres_n_validos":1,"mulheres_n_total":1,"mulheres_completude":1.0,"c0_4_n_validos":1,"c0_4_n_total":1,"c0_4_completude":1.0,"c5_9_n_validos":1,"c5_9_n_total":1,"c5_9_completude":1.0,"i60_69_n_validos":1,"i60_69_n_total":1,"i60_69_completude":1.0,"i70m_n_validos":1,"i70m_n_total":1,"i70m_completude":1.0,"indigenas_n_validos":1,"indigenas_n_total":1,"indigenas_completude":1.0,"pretos_pardos_n_validos":1,"pretos_pardos_n_total":1,"pretos_pardos_completude":1.0,"dom_agua_n_validos":1,"dom_agua_n_total":1,"dom_agua_completude":1.0,"dom_esgoto_n_validos":0,"dom_esgoto_n_total":1,"dom_esgoto_completude":0.0,"n_resp_n_validos":1,"n_resp_n_total":1,"n_resp_completude":1.0,"renda_resp_n_validos":1,"renda_resp_n_total":1,"renda_resp_completude":1.0,"dens_n_validos":1,"dens_n_total":1,"dens_completude":1.0},"geometry":{"type":"Polygon","coordinates":[[[-51.46583529999998,-29.648677899999935],[-51.466079499999985,-29.649553099999927],[-51.464212399999944,-29.65319],[-51.46614,-29.656300199999972],[-51.46733279999995,-29.656728099999953],[-51.46847489999993,-29.657593799999976],[-51.46924509999996,-29.65751129999995],[-51.46982219999995,-29.65706619999997],[-51.47205009999994,-29.658910299999953],[-51.47172009999997,-29.660113399999936],[-51.47216479999997,-29.66039549999993],[-51.473536399999944,-29.660480499999945],[-51.474631399999964,-29.662167099999984],[-51.474602599999976,-29.66269659999994],[-51.47673489999994,-29.66368969999997],[-51.47626279999998,-29.665414699999918],[-51.47648809999998,-29.668351699999967],[-51.47692929999994,-29.669654599999955],[-51.47735019999993,-29.66981409999995],[-51.478073799999954,-29.670943699999953],[-51.47950789999993,-29.671401],[-51.479765499999985,-29.67275149999996],[-51.48083819999993,-29.67288169999995],[-51.48276039999996,-29.672231399999927],[-51.486419799999965,-29.672189],[-51.48750979999994,-29.671779399999938],[-51.48911069999997,-29.671808],[-51.49159159999994,-29.67130269999995],[-51.493245399999985,-29.671706499999978],[-51.495480499999985,-29.671888699999958],[-51.498929,-29.670568499999945],[-51.50080109999994,-29.67054],[-51.502540499999945,-29.670776399999966],[-51.506667099999966,-29.673640099999936],[-51.507329399999946,-29.67368869999995],[-51.51082179999998,-29.672713399999967],[-51.51202649999994,-29.671941899999975],[-51.51323279999997,-29.671630299999944],[-51.513768,-29.671697099999957],[-51.514081499999975,-29.671449699999982],[-51.514654,-29.669173699999927],[-51.51529339999997,-29.66848879999997],[-51.51493649999998,-29.667275299999968],[-51.51521269999996,-29.66654139999997],[-51.516871899999956,-29.663530499999972],[-51.516749,-29.66309269999993],[-51.51743669999996,-29.66272949999995],[-51.51656059999994,-29.662217299999938],[-51.515405499999986,-29.66250829999996],[-51.51440889999998,-29.66231039999996],[-51.51343739999999,-29.661008],[-51.51226639999993,-29.660496199999955],[-51.51113489999995,-29.659393],[-51.507973099999965,-29.659822799999972],[-51.50798449999997,-29.65900969999996],[-51.50844989999996,-29.658267799999976],[-51.50738129999996,-29.656375799999974],[-51.505694,-29.65535159999997],[-51.50501909999997,-29.65449229999995],[-51.50316429999997,-29.654261099999918],[-51.50243889999996,-29.65369519999995],[-51.50198429999995,-29.652852],[-51.50114809999997,-29.652752899999946],[-51.50025509999995,-29.650959099999973],[-51.499442699999975,-29.650740499999984],[-51.49818839999994,-29.651568799999943],[-51.49770829999994,-29.651206099999982],[-51.496287,-29.652046099999946],[-51.49418949999995,-29.651610199999926],[-51.491347899999944,-29.651462599999935],[-51.48980669999998,-29.65088519999995],[-51.487437399999976,-29.647867],[-51.486583,-29.647223099999973],[-51.485428299999974,-29.64687889999994],[-51.484614799999974,-29.6463558],[-51.482904399999946,-29.646264499999976],[-51.48149559999996,-29.64569569999998],[-51.48017909999999,-29.64607679999994],[-51.47541309999997,-29.646068699999947],[-51.474773,-29.64572439999995],[-51.473242,-29.64575509999997],[-51.47117489999994,-29.6475928],[-51.470170899999964,-29.648085499999976],[-51.469007,-29.648418099999944],[-51.46583529999998,-29.648677899999935]]]}},{"type":"Feature","properties":{"setor":"431240105000086","pop":152,"sigilo_pop":false,"dom":95,"sigilo_dom":false,"mulheres":78,"sigilo_mulheres":false,"c0_4":null,"sigilo_c0_4":true,"c5_9":14,"sigilo_c5_9":false,"i60_69":10,"sigilo_i60_69":false,"i70m":11,"sigilo_i70m":false,"indigenas":0,"sigilo_indigenas":false,"pretos_pardos":12,"sigilo_pretos_pardos":false,"dom_ocupados":57,"sigilo_dom_ocupados":false,"dom_agua":0,"sigilo_dom_agua":false,"dom_esgoto":0,"sigilo_dom_esgoto":false,"renda_resp":2319.65,"sigilo_renda_resp":false,"n_resp":57,"sigilo_n_resp":false,"dens":32.9,"sigilo_dens":false,"na_bacia":0,"area_pct_bacia":0.0,"metodo_recorte_bacia":"ponto_representativo_setor_2022; area_pct_geometrica","status_borda_bacia":"total","metodo_area_bacia":"interseção geométrica em EPSG:5880","metodo_na_bacia":"ponto_representativo_setor_2022_within_bacia","pop_n_validos":1,"pop_n_total":1,"pop_completude":1.0,"dom_n_validos":1,"dom_n_total":1,"dom_completude":1.0,"dom_ocupados_n_validos":1,"dom_ocupados_n_total":1,"dom_ocupados_completude":1.0,"mulheres_n_validos":1,"mulheres_n_total":1,"mulheres_completude":1.0,"c0_4_n_validos":0,"c0_4_n_total":1,"c0_4_completude":0.0,"c5_9_n_validos":1,"c5_9_n_total":1,"c5_9_completude":1.0,"i60_69_n_validos":1,"i60_69_n_total":1,"i60_69_completude":1.0,"i70m_n_validos":1,"i70m_n_total":1,"i70m_completude":1.0,"indigenas_n_validos":1,"indigenas_n_total":1,"indigenas_completude":1.0,"pretos_pardos_n_validos":1,"pretos_pardos_n_total":1,"pretos_pardos_completude":1.0,"dom_agua_n_validos":1,"dom_agua_n_total":1,"dom_agua_completude":1.0,"dom_esgoto_n_validos":1,"dom_esgoto_n_total":1,"dom_esgoto_completude":1.0,"n_resp_n_validos":1,"n_resp_n_total":1,"n_resp_completude":1.0,"renda_resp_n_validos":1,"renda_resp_n_total":1,"renda_resp_completude":1.0,"dens_n_validos":1,"dens_n_total":1,"dens_completude":1.0},"geometry":{"type":"Polygon","coordinates":[[[-51.445693,-29.630453499999923],[-51.44299309999997,-29.629122],[-51.442293,-29.627554599999943],[-51.44159089999994,-29.6273164],[-51.440819199999964,-29.627996599999953],[-51.44156309999994,-29.6283251],[-51.441409299999975,-29.629492799999966],[-51.44108079999995,-29.62982509999995],[-51.44043789999995,-29.629863099999966],[-51.440081,-29.630609799999938],[-51.439296299999974,-29.631281199999943],[-51.439615199999935,-29.63223539999995],[-51.43928859999995,-29.632552799999928],[-51.438382899999965,-29.63246539999993],[-51.43728219999997,-29.63176769999996],[-51.43693639999998,-29.63139239999999],[-51.43683269999997,-29.630720099999966],[-51.43512279999993,-29.631011299999955],[-51.43409339999994,-29.630551399999938],[-51.43355239999994,-29.63084029999993],[-51.43348809999998,-29.63110639999997],[-51.434105699999975,-29.631802699999973],[-51.43531389999998,-29.63217729999996],[-51.43528189999995,-29.632522299999955],[-51.43417189999997,-29.6324117],[-51.43251509999993,-29.632784299999972],[-51.43215589999994,-29.633066699999972],[-51.43192189999996,-29.634514699999954],[-51.430900099999974,-29.635201299999956],[-51.430389099999964,-29.634579],[-51.42978819999996,-29.6344986],[-51.429336399999954,-29.633949799999982],[-51.428123099999944,-29.634298799999957],[-51.42754659999997,-29.63707039999996],[-51.42674029999995,-29.63838469999997],[-51.42737159999996,-29.638244],[-51.42770409999997,-29.637816499999918],[-51.42789239999996,-29.638074799999956],[-51.42760979999997,-29.638624299999943],[-51.427718199999966,-29.639087],[-51.42731319999996,-29.639291299999957],[-51.42679219999996,-29.63905749999997],[-51.42699389999996,-29.639781399999954],[-51.42661689999994,-29.640185499999973],[-51.42746539999997,-29.64072229999993],[-51.427631799999965,-29.64008989999997],[-51.42839069999997,-29.640291099999946],[-51.42842619999994,-29.641473099999928],[-51.42806089999994,-29.641932599999976],[-51.42800859999994,-29.642567399999972],[-51.42747609999998,-29.64255659999999],[-51.42748349999994,-29.642839299999928],[-51.42812,-29.64350579999995],[-51.42851839999997,-29.64329409999993],[-51.429037,-29.64348809999996],[-51.429173399999975,-29.642811899999977],[-51.42980759999995,-29.643213599999978],[-51.430287799999974,-29.64398489999997],[-51.43017449999997,-29.644685],[-51.430456799999945,-29.64501829999994],[-51.430222199999946,-29.64530529999996],[-51.42926729999994,-29.64488],[-51.428577899999944,-29.645083499999938],[-51.428439399999945,-29.646315899999927],[-51.42871359999998,-29.647072799999933],[-51.428059,-29.64743009999995],[-51.427908499999944,-29.647750699999957],[-51.427677899999935,-29.651798099999965],[-51.42807369999998,-29.653114],[-51.428738299999964,-29.65378439999995],[-51.432488499999984,-29.64923959999993],[-51.43361749999997,-29.64883679999998],[-51.43440179999993,-29.647959],[-51.43455629999994,-29.646926099999966],[-51.43668359999998,-29.644808799999957],[-51.43784819999997,-29.64459189999996],[-51.44090239999998,-29.642939399999936],[-51.442863199999984,-29.64286709999995],[-51.446048099999985,-29.644509299999974],[-51.44664229999995,-29.645407899999956],[-51.447711899999945,-29.64606889999993],[-51.449577699999956,-29.64639939999995],[-51.451098799999954,-29.647153399999983],[-51.45242979999995,-29.64867159999993],[-51.456375299999934,-29.646915799999928],[-51.46040179999994,-29.642762],[-51.4592679,-29.640634799999933],[-51.459170699999966,-29.640034],[-51.458428699999956,-29.639109],[-51.45776089999998,-29.638442699999928],[-51.45636779999995,-29.637888299999933],[-51.456005699999935,-29.637512599999972],[-51.455477199999955,-29.63621929999993],[-51.45546019999995,-29.635277599999945],[-51.45510049999996,-29.634768799999957],[-51.45436049999995,-29.634579699999964],[-51.450581399999976,-29.63262709999998],[-51.449302399999965,-29.63240479999996],[-51.44728049999998,-29.632485099999947],[-51.445693,-29.630453499999923]]]}},{"type":"Feature","properties":{"setor":"431240105000087","pop":133,"sigilo_pop":false,"dom":80,"sigilo_dom":false,"mulheres":73,"sigilo_mulheres":false,"c0_4":null,"sigilo_c0_4":true,"c5_9":7,"sigilo_c5_9":false,"i60_69":28,"sigilo_i60_69":false,"i70m":27,"sigilo_i70m":false,"indigenas":0,"sigilo_indigenas":false,"pretos_pardos":14,"sigilo_pretos_pardos":false,"dom_ocupados":57,"sigilo_dom_ocupados":false,"dom_agua":55,"sigilo_dom_agua":false,"dom_esgoto":23,"sigilo_dom_esgoto":false,"renda_resp":6654.95,"sigilo_renda_resp":false,"n_resp":57,"sigilo_n_resp":false,"dens":2487.6,"sigilo_dens":false,"na_bacia":0,"area_pct_bacia":0.0,"metodo_recorte_bacia":"ponto_representativo_setor_2022; area_pct_geometrica","status_borda_bacia":"total","metodo_area_bacia":"interseção geométrica em EPSG:5880","metodo_na_bacia":"ponto_representativo_setor_2022_within_bacia","pop_n_validos":1,"pop_n_total":1,"pop_completude":1.0,"dom_n_validos":1,"dom_n_total":1,"dom_completude":1.0,"dom_ocupados_n_validos":1,"dom_ocupados_n_total":1,"dom_ocupados_completude":1.0,"mulheres_n_validos":1,"mulheres_n_total":1,"mulheres_completude":1.0,"c0_4_n_validos":0,"c0_4_n_total":1,"c0_4_completude":0.0,"c5_9_n_validos":1,"c5_9_n_total":1,"c5_9_completude":1.0,"i60_69_n_validos":1,"i60_69_n_total":1,"i60_69_completude":1.0,"i70m_n_validos":1,"i70m_n_total":1,"i70m_completude":1.0,"indigenas_n_validos":1,"indigenas_n_total":1,"indigenas_completude":1.0,"pretos_pardos_n_validos":1,"pretos_pardos_n_total":1,"pretos_pardos_completude":1.0,"dom_agua_n_validos":1,"dom_agua_n_total":1,"dom_agua_completude":1.0,"dom_esgoto_n_validos":1,"dom_esgoto_n_total":1,"dom_esgoto_completude":1.0,"n_resp_n_validos":1,"n_resp_n_total":1,"n_resp_completude":1.0,"renda_resp_n_validos":1,"renda_resp_n_total":1,"renda_resp_completude":1.0,"dens_n_validos":1,"dens_n_total":1,"dens_completude":1.0},"geometry":{"type":"Polygon","coordinates":[[[-51.45880569999998,-29.682417099999956],[-51.460171899999985,-29.682995],[-51.46148479999994,-29.680869099999946],[-51.45993069999997,-29.67977],[-51.45898969999996,-29.680765],[-51.45880569999998,-29.682417099999956]]]}},{"type":"Feature","properties":{"setor":"431240105000088","pop":280,"sigilo_pop":false,"dom":101,"sigilo_dom":false,"mulheres":142,"sigilo_mulheres":false,"c0_4":13,"sigilo_c0_4":false,"c5_9":23,"sigilo_c5_9":false,"i60_69":24,"sigilo_i60_69":false,"i70m":19,"sigilo_i70m":false,"indigenas":null,"sigilo_indigenas":true,"pretos_pardos":63,"sigilo_pretos_pardos":false,"dom_ocupados":87,"sigilo_dom_ocupados":false,"dom_agua":87,"sigilo_dom_agua":false,"dom_esgoto":26,"sigilo_dom_esgoto":false,"renda_resp":1773.38,"sigilo_renda_resp":false,"n_resp":87,"sigilo_n_resp":false,"dens":5752.7,"sigilo_dens":false,"na_bacia":0,"area_pct_bacia":0.0,"metodo_recorte_bacia":"ponto_representativo_setor_2022; area_pct_geometrica","status_borda_bacia":"total","metodo_area_bacia":"interseção geométrica em EPSG:5880","metodo_na_bacia":"ponto_representativo_setor_2022_within_bacia","pop_n_validos":1,"pop_n_total":1,"pop_completude":1.0,"dom_n_validos":1,"dom_n_total":1,"dom_completude":1.0,"dom_ocupados_n_validos":1,"dom_ocupados_n_total":1,"dom_ocupados_completude":1.0,"mulheres_n_validos":1,"mulheres_n_total":1,"mulheres_completude":1.0,"c0_4_n_validos":1,"c0_4_n_total":1,"c0_4_completude":1.0,"c5_9_n_validos":1,"c5_9_n_total":1,"c5_9_completude":1.0,"i60_69_n_validos":1,"i60_69_n_total":1,"i60_69_completude":1.0,"i70m_n_validos":1,"i70m_n_total":1,"i70m_completude":1.0,"indigenas_n_validos":0,"indigenas_n_total":1,"indigenas_completude":0.0,"pretos_pardos_n_validos":1,"pretos_pardos_n_total":1,"pretos_pardos_completude":1.0,"dom_agua_n_validos":1,"dom_agua_n_total":1,"dom_agua_completude":1.0,"dom_esgoto_n_validos":1,"dom_esgoto_n_total":1,"dom_esgoto_completude":1.0,"n_resp_n_validos":1,"n_resp_n_total":1,"n_resp_completude":1.0,"renda_resp_n_validos":1,"renda_resp_n_total":1,"renda_resp_completude":1.0,"dens_n_validos":1,"dens_n_total":1,"dens_completude":1.0},"geometry":{"type":"Polygon","coordinates":[[[-51.462991699999975,-29.697878799999962],[-51.464179599999966,-29.696701],[-51.4630595,-29.695870099999976],[-51.46350639999998,-29.695056299999976],[-51.46291489999993,-29.69417029999994],[-51.461511099999946,-29.696563199999947],[-51.462991699999975,-29.697878799999962]]]}},{"type":"Feature","properties":{"setor":"431240105000089","pop":322,"sigilo_pop":false,"dom":111,"sigilo_dom":false,"mulheres":136,"sigilo_mulheres":false,"c0_4":15,"sigilo_c0_4":false,"c5_9":17,"sigilo_c5_9":false,"i60_69":27,"sigilo_i60_69":false,"i70m":32,"sigilo_i70m":false,"indigenas":6,"sigilo_indigenas":false,"pretos_pardos":95,"sigilo_pretos_pardos":false,"dom_ocupados":100,"sigilo_dom_ocupados":false,"dom_agua":99,"sigilo_dom_agua":false,"dom_esgoto":14,"sigilo_dom_esgoto":false,"renda_resp":2531.01,"sigilo_renda_resp":false,"n_resp":100,"sigilo_n_resp":false,"dens":4273.3,"sigilo_dens":false,"na_bacia":0,"area_pct_bacia":0.0,"metodo_recorte_bacia":"ponto_representativo_setor_2022; area_pct_geometrica","status_borda_bacia":"total","metodo_area_bacia":"interseção geométrica em EPSG:5880","metodo_na_bacia":"ponto_representativo_setor_2022_within_bacia","pop_n_validos":1,"pop_n_total":1,"pop_completude":1.0,"dom_n_validos":1,"dom_n_total":1,"dom_completude":1.0,"dom_ocupados_n_validos":1,"dom_ocupados_n_total":1,"dom_ocupados_completude":1.0,"mulheres_n_validos":1,"mulheres_n_total":1,"mulheres_completude":1.0,"c0_4_n_validos":1,"c0_4_n_total":1,"c0_4_completude":1.0,"c5_9_n_validos":1,"c5_9_n_total":1,"c5_9_completude":1.0,"i60_69_n_validos":1,"i60_69_n_total":1,"i60_69_completude":1.0,"i70m_n_validos":1,"i70m_n_total":1,"i70m_completude":1.0,"indigenas_n_validos":1,"indigenas_n_total":1,"indigenas_completude":1.0,"pretos_pardos_n_validos":1,"pretos_pardos_n_total":1,"pretos_pardos_completude":1.0,"dom_agua_n_validos":1,"dom_agua_n_total":1,"dom_agua_completude":1.0,"dom_esgoto_n_validos":1,"dom_esgoto_n_total":1,"dom_esgoto_completude":1.0,"n_resp_n_validos":1,"n_resp_n_total":1,"n_resp_completude":1.0,"renda_resp_n_validos":1,"renda_resp_n_total":1,"renda_resp_completude":1.0,"dens_n_validos":1,"dens_n_total":1,"dens_completude":1.0},"geometry":{"type":"Polygon","coordinates":[[[-51.47375379999993,-29.698844099999985],[-51.47464549999996,-29.698533599999955],[-51.47432509999993,-29.69582729999996],[-51.47066389999998,-29.69508049999996],[-51.47375379999993,-29.698844099999985]]]}},{"type":"Feature","properties":{"setor":"431240105000090","pop":251,"sigilo_pop":false,"dom":142,"sigilo_dom":false,"mulheres":139,"sigilo_mulheres":false,"c0_4":12,"sigilo_c0_4":false,"c5_9":12,"sigilo_c5_9":false,"i60_69":34,"sigilo_i60_69":false,"i70m":32,"sigilo_i70m":false,"indigenas":0,"sigilo_indigenas":false,"pretos_pardos":41,"sigilo_pretos_pardos":false,"dom_ocupados":120,"sigilo_dom_ocupados":false,"dom_agua":117,"sigilo_dom_agua":false,"dom_esgoto":45,"sigilo_dom_esgoto":false,"renda_resp":2994.57,"sigilo_renda_resp":false,"n_resp":120,"sigilo_n_resp":false,"dens":4429.7,"sigilo_dens":false,"na_bacia":0,"area_pct_bacia":0.0,"metodo_recorte_bacia":"ponto_representativo_setor_2022; area_pct_geometrica","status_borda_bacia":"total","metodo_area_bacia":"interseção geométrica em EPSG:5880","metodo_na_bacia":"ponto_representativo_setor_2022_within_bacia","pop_n_validos":1,"pop_n_total":1,"pop_completude":1.0,"dom_n_validos":1,"dom_n_total":1,"dom_completude":1.0,"dom_ocupados_n_validos":1,"dom_ocupados_n_total":1,"dom_ocupados_completude":1.0,"mulheres_n_validos":1,"mulheres_n_total":1,"mulheres_completude":1.0,"c0_4_n_validos":1,"c0_4_n_total":1,"c0_4_completude":1.0,"c5_9_n_validos":1,"c5_9_n_total":1,"c5_9_completude":1.0,"i60_69_n_validos":1,"i60_69_n_total":1,"i60_69_completude":1.0,"i70m_n_validos":1,"i70m_n_total":1,"i70m_completude":1.0,"indigenas_n_validos":1,"indigenas_n_total":1,"indigenas_completude":1.0,"pretos_pardos_n_validos":1,"pretos_pardos_n_total":1,"pretos_pardos_completude":1.0,"dom_agua_n_validos":1,"dom_agua_n_total":1,"dom_agua_completude":1.0,"dom_esgoto_n_validos":1,"dom_esgoto_n_total":1,"dom_esgoto_completude":1.0,"n_resp_n_validos":1,"n_resp_n_total":1,"n_resp_completude":1.0,"renda_resp_n_validos":1,"renda_resp_n_total":1,"renda_resp_completude":1.0,"dens_n_validos":1,"dens_n_total":1,"dens_completude":1.0},"geometry":{"type":"Polygon","coordinates":[[[-51.461588899999974,-29.67899509999995],[-51.46205029999993,-29.680370499999988],[-51.462659299999984,-29.680726],[-51.46378109999994,-29.68088889999997],[-51.46472459999995,-29.679195],[-51.463475399999936,-29.67867009999998],[-51.462964899999974,-29.678090099999963],[-51.461588899999974,-29.67899509999995]]]}},{"type":"Feature","properties":{"setor":"431240105000091","pop":224,"sigilo_pop":false,"dom":109,"sigilo_dom":false,"mulheres":119,"sigilo_mulheres":false,"c0_4":null,"sigilo_c0_4":true,"c5_9":8,"sigilo_c5_9":false,"i60_69":36,"sigilo_i60_69":false,"i70m":27,"sigilo_i70m":false,"indigenas":0,"sigilo_indigenas":false,"pretos_pardos":43,"sigilo_pretos_pardos":false,"dom_ocupados":97,"sigilo_dom_ocupados":false,"dom_agua":90,"sigilo_dom_agua":false,"dom_esgoto":51,"sigilo_dom_esgoto":false,"renda_resp":3929.01,"sigilo_renda_resp":false,"n_resp":97,"sigilo_n_resp":false,"dens":3880.3,"sigilo_dens":false,"na_bacia":0,"area_pct_bacia":0.0,"metodo_recorte_bacia":"ponto_representativo_setor_2022; area_pct_geometrica","status_borda_bacia":"total","metodo_area_bacia":"interseção geométrica em EPSG:5880","metodo_na_bacia":"ponto_representativo_setor_2022_within_bacia","pop_n_validos":1,"pop_n_total":1,"pop_completude":1.0,"dom_n_validos":1,"dom_n_total":1,"dom_completude":1.0,"dom_ocupados_n_validos":1,"dom_ocupados_n_total":1,"dom_ocupados_completude":1.0,"mulheres_n_validos":1,"mulheres_n_total":1,"mulheres_completude":1.0,"c0_4_n_validos":0,"c0_4_n_total":1,"c0_4_completude":0.0,"c5_9_n_validos":1,"c5_9_n_total":1,"c5_9_completude":1.0,"i60_69_n_validos":1,"i60_69_n_total":1,"i60_69_completude":1.0,"i70m_n_validos":1,"i70m_n_total":1,"i70m_completude":1.0,"indigenas_n_validos":1,"indigenas_n_total":1,"indigenas_completude":1.0,"pretos_pardos_n_validos":1,"pretos_pardos_n_total":1,"pretos_pardos_completude":1.0,"dom_agua_n_validos":1,"dom_agua_n_total":1,"dom_agua_completude":1.0,"dom_esgoto_n_validos":1,"dom_esgoto_n_total":1,"dom_esgoto_completude":1.0,"n_resp_n_validos":1,"n_resp_n_total":1,"n_resp_completude":1.0,"renda_resp_n_validos":1,"renda_resp_n_total":1,"renda_resp_completude":1.0,"dens_n_validos":1,"dens_n_total":1,"dens_completude":1.0},"geometry":{"type":"Polygon","coordinates":[[[-51.462526099999934,-29.67756759999997],[-51.463475399999936,-29.67867009999998],[-51.464728599999944,-29.679198099999955],[-51.46580689999996,-29.677265699999957],[-51.463472699999954,-29.676243299999946],[-51.462526099999934,-29.67756759999997]]]}},{"type":"Feature","properties":{"setor":"431240105000092","pop":372,"sigilo_pop":false,"dom":182,"sigilo_dom":false,"mulheres":191,"sigilo_mulheres":false,"c0_4":18,"sigilo_c0_4":false,"c5_9":18,"sigilo_c5_9":false,"i60_69":47,"sigilo_i60_69":false,"i70m":39,"sigilo_i70m":false,"indigenas":null,"sigilo_indigenas":true,"pretos_pardos":60,"sigilo_pretos_pardos":false,"dom_ocupados":150,"sigilo_dom_ocupados":false,"dom_agua":147,"sigilo_dom_agua":false,"dom_esgoto":69,"sigilo_dom_esgoto":false,"renda_resp":5187.66,"sigilo_renda_resp":false,"n_resp":150,"sigilo_n_resp":false,"dens":5326.9,"sigilo_dens":false,"na_bacia":0,"area_pct_bacia":0.0,"metodo_recorte_bacia":"ponto_representativo_setor_2022; area_pct_geometrica","status_borda_bacia":"total","metodo_area_bacia":"interseção geométrica em EPSG:5880","metodo_na_bacia":"ponto_representativo_setor_2022_within_bacia","pop_n_validos":1,"pop_n_total":1,"pop_completude":1.0,"dom_n_validos":1,"dom_n_total":1,"dom_completude":1.0,"dom_ocupados_n_validos":1,"dom_ocupados_n_total":1,"dom_ocupados_completude":1.0,"mulheres_n_validos":1,"mulheres_n_total":1,"mulheres_completude":1.0,"c0_4_n_validos":1,"c0_4_n_total":1,"c0_4_completude":1.0,"c5_9_n_validos":1,"c5_9_n_total":1,"c5_9_completude":1.0,"i60_69_n_validos":1,"i60_69_n_total":1,"i60_69_completude":1.0,"i70m_n_validos":1,"i70m_n_total":1,"i70m_completude":1.0,"indigenas_n_validos":0,"indigenas_n_total":1,"indigenas_completude":0.0,"pretos_pardos_n_validos":1,"pretos_pardos_n_total":1,"pretos_pardos_completude":1.0,"dom_agua_n_validos":1,"dom_agua_n_total":1,"dom_agua_completude":1.0,"dom_esgoto_n_validos":1,"dom_esgoto_n_total":1,"dom_esgoto_completude":1.0,"n_resp_n_validos":1,"n_resp_n_total":1,"n_resp_completude":1.0,"renda_resp_n_validos":1,"renda_resp_n_total":1,"renda_resp_completude":1.0,"dens_n_validos":1,"dens_n_total":1,"dens_completude":1.0},"geometry":{"type":"Polygon","coordinates":[[[-51.44942929999996,-29.680457],[-51.450131099999965,-29.681137799999924],[-51.45083149999994,-29.68139319999995],[-51.45076719999998,-29.680408599999957],[-51.45123459999997,-29.679996399999936],[-51.45223679999998,-29.679671899999963],[-51.45248479999998,-29.68016449999992],[-51.45339039999993,-29.680664099999937],[-51.45412449999998,-29.67959839999997],[-51.45124489999994,-29.67805739999994],[-51.44942929999996,-29.680457]]]}},{"type":"Feature","properties":{"setor":"431240105000093","pop":430,"sigilo_pop":false,"dom":250,"sigilo_dom":false,"mulheres":245,"sigilo_mulheres":false,"c0_4":21,"sigilo_c0_4":false,"c5_9":22,"sigilo_c5_9":false,"i60_69":45,"sigilo_i60_69":false,"i70m":38,"sigilo_i70m":false,"indigenas":0,"sigilo_indigenas":false,"pretos_pardos":null,"sigilo_pretos_pardos":true,"dom_ocupados":217,"sigilo_dom_ocupados":false,"dom_agua":217,"sigilo_dom_agua":false,"dom_esgoto":45,"sigilo_dom_esgoto":false,"renda_resp":4224.63,"sigilo_renda_resp":false,"n_resp":217,"sigilo_n_resp":false,"dens":6821.9,"sigilo_dens":false,"na_bacia":0,"area_pct_bacia":0.0,"metodo_recorte_bacia":"ponto_representativo_setor_2022; area_pct_geometrica","status_borda_bacia":"total","metodo_area_bacia":"interseção geométrica em EPSG:5880","metodo_na_bacia":"ponto_representativo_setor_2022_within_bacia","pop_n_validos":1,"pop_n_total":1,"pop_completude":1.0,"dom_n_validos":1,"dom_n_total":1,"dom_completude":1.0,"dom_ocupados_n_validos":1,"dom_ocupados_n_total":1,"dom_ocupados_completude":1.0,"mulheres_n_validos":1,"mulheres_n_total":1,"mulheres_completude":1.0,"c0_4_n_validos":1,"c0_4_n_total":1,"c0_4_completude":1.0,"c5_9_n_validos":1,"c5_9_n_total":1,"c5_9_completude":1.0,"i60_69_n_validos":1,"i60_69_n_total":1,"i60_69_completude":1.0,"i70m_n_validos":1,"i70m_n_total":1,"i70m_completude":1.0,"indigenas_n_validos":1,"indigenas_n_total":1,"indigenas_completude":1.0,"pretos_pardos_n_validos":0,"pretos_pardos_n_total":1,"pretos_pardos_completude":0.0,"dom_agua_n_validos":1,"dom_agua_n_total":1,"dom_agua_completude":1.0,"dom_esgoto_n_validos":1,"dom_esgoto_n_total":1,"dom_esgoto_completude":1.0,"n_resp_n_validos":1,"n_resp_n_total":1,"n_resp_completude":1.0,"renda_resp_n_validos":1,"renda_resp_n_total":1,"renda_resp_completude":1.0,"dens_n_validos":1,"dens_n_total":1,"dens_completude":1.0},"geometry":{"type":"Polygon","coordinates":[[[-51.45512,-29.686215099999966],[-51.45671139999995,-29.686907],[-51.45783209999996,-29.684895199999968],[-51.455505499999965,-29.683346499999974],[-51.454638699999975,-29.684529699999935],[-51.45572789999994,-29.685179399999985],[-51.45512,-29.686215099999966]]]}},{"type":"Feature","properties":{"setor":"431240105000094","pop":304,"sigilo_pop":false,"dom":147,"sigilo_dom":false,"mulheres":154,"sigilo_mulheres":false,"c0_4":18,"sigilo_c0_4":false,"c5_9":25,"sigilo_c5_9":false,"i60_69":33,"sigilo_i60_69":false,"i70m":39,"sigilo_i70m":false,"indigenas":0,"sigilo_indigenas":false,"pretos_pardos":null,"sigilo_pretos_pardos":true,"dom_ocupados":133,"sigilo_dom_ocupados":false,"dom_agua":133,"sigilo_dom_agua":false,"dom_esgoto":105,"sigilo_dom_esgoto":false,"renda_resp":2440.94,"sigilo_renda_resp":false,"n_resp":133,"sigilo_n_resp":false,"dens":4271.7,"sigilo_dens":false,"na_bacia":0,"area_pct_bacia":0.0,"metodo_recorte_bacia":"ponto_representativo_setor_2022; area_pct_geometrica","status_borda_bacia":"total","metodo_area_bacia":"interseção geométrica em EPSG:5880","metodo_na_bacia":"ponto_representativo_setor_2022_within_bacia","pop_n_validos":1,"pop_n_total":1,"pop_completude":1.0,"dom_n_validos":1,"dom_n_total":1,"dom_completude":1.0,"dom_ocupados_n_validos":1,"dom_ocupados_n_total":1,"dom_ocupados_completude":1.0,"mulheres_n_validos":1,"mulheres_n_total":1,"mulheres_completude":1.0,"c0_4_n_validos":1,"c0_4_n_total":1,"c0_4_completude":1.0,"c5_9_n_validos":1,"c5_9_n_total":1,"c5_9_completude":1.0,"i60_69_n_validos":1,"i60_69_n_total":1,"i60_69_completude":1.0,"i70m_n_validos":1,"i70m_n_total":1,"i70m_completude":1.0,"indigenas_n_validos":1,"indigenas_n_total":1,"indigenas_completude":1.0,"pretos_pardos_n_validos":0,"pretos_pardos_n_total":1,"pretos_pardos_completude":0.0,"dom_agua_n_validos":1,"dom_agua_n_total":1,"dom_agua_completude":1.0,"dom_esgoto_n_validos":1,"dom_esgoto_n_total":1,"dom_esgoto_completude":1.0,"n_resp_n_validos":1,"n_resp_n_total":1,"n_resp_completude":1.0,"renda_resp_n_validos":1,"renda_resp_n_total":1,"renda_resp_completude":1.0,"dens_n_validos":1,"dens_n_total":1,"dens_completude":1.0},"geometry":{"type":"Polygon","coordinates":[[[-51.44873379999995,-29.686166599999982],[-51.45122159999994,-29.687264199999962],[-51.45278079999998,-29.685198],[-51.45044189999994,-29.6841722],[-51.44873379999995,-29.686166599999982]]]}},{"type":"Feature","properties":{"setor":"431240105000095","pop":529,"sigilo_pop":false,"dom":229,"sigilo_dom":false,"mulheres":274,"sigilo_mulheres":false,"c0_4":28,"sigilo_c0_4":false,"c5_9":28,"sigilo_c5_9":false,"i60_69":61,"sigilo_i60_69":false,"i70m":36,"sigilo_i70m":false,"indigenas":0,"sigilo_indigenas":false,"pretos_pardos":79,"sigilo_pretos_pardos":false,"dom_ocupados":213,"sigilo_dom_ocupados":false,"dom_agua":198,"sigilo_dom_agua":false,"dom_esgoto":13,"sigilo_dom_esgoto":false,"renda_resp":2989.12,"sigilo_renda_resp":false,"n_resp":213,"sigilo_n_resp":false,"dens":3418.8,"sigilo_dens":false,"na_bacia":0,"area_pct_bacia":0.0,"metodo_recorte_bacia":"ponto_representativo_setor_2022; area_pct_geometrica","status_borda_bacia":"total","metodo_area_bacia":"interseção geométrica em EPSG:5880","metodo_na_bacia":"ponto_representativo_setor_2022_within_bacia","pop_n_validos":1,"pop_n_total":1,"pop_completude":1.0,"dom_n_validos":1,"dom_n_total":1,"dom_completude":1.0,"dom_ocupados_n_validos":1,"dom_ocupados_n_total":1,"dom_ocupados_completude":1.0,"mulheres_n_validos":1,"mulheres_n_total":1,"mulheres_completude":1.0,"c0_4_n_validos":1,"c0_4_n_total":1,"c0_4_completude":1.0,"c5_9_n_validos":1,"c5_9_n_total":1,"c5_9_completude":1.0,"i60_69_n_validos":1,"i60_69_n_total":1,"i60_69_completude":1.0,"i70m_n_validos":1,"i70m_n_total":1,"i70m_completude":1.0,"indigenas_n_validos":1,"indigenas_n_total":1,"indigenas_completude":1.0,"pretos_pardos_n_validos":1,"pretos_pardos_n_total":1,"pretos_pardos_completude":1.0,"dom_agua_n_validos":1,"dom_agua_n_total":1,"dom_agua_completude":1.0,"dom_esgoto_n_validos":1,"dom_esgoto_n_total":1,"dom_esgoto_completude":1.0,"n_resp_n_validos":1,"n_resp_n_total":1,"n_resp_completude":1.0,"renda_resp_n_validos":1,"renda_resp_n_total":1,"renda_resp_completude":1.0,"dens_n_validos":1,"dens_n_total":1,"dens_completude":1.0},"geometry":{"type":"Polygon","coordinates":[[[-51.480215,-29.70122389999995],[-51.47985989999996,-29.701986899999945],[-51.48016089999993,-29.702456],[-51.47873989999993,-29.70506889999996],[-51.47959849999996,-29.704976],[-51.479709799999966,-29.704649799999967],[-51.480438,-29.70435679999996],[-51.481293,-29.703358],[-51.48228279999995,-29.70265919999996],[-51.484839499999964,-29.701753299999943],[-51.48520129999997,-29.70179239999993],[-51.485612,-29.700355399999975],[-51.48268609999997,-29.699327099999948],[-51.48157639999993,-29.70143559999998],[-51.48082019999998,-29.701117],[-51.480215,-29.70122389999995]]]}},{"type":"Feature","properties":{"setor":"431240105000096","pop":376,"sigilo_pop":false,"dom":177,"sigilo_dom":false,"mulheres":220,"sigilo_mulheres":false,"c0_4":21,"sigilo_c0_4":false,"c5_9":20,"sigilo_c5_9":false,"i60_69":42,"sigilo_i60_69":false,"i70m":44,"sigilo_i70m":false,"indigenas":0,"sigilo_indigenas":false,"pretos_pardos":62,"sigilo_pretos_pardos":false,"dom_ocupados":158,"sigilo_dom_ocupados":false,"dom_agua":151,"sigilo_dom_agua":false,"dom_esgoto":148,"sigilo_dom_esgoto":false,"renda_resp":3089.62,"sigilo_renda_resp":false,"n_resp":158,"sigilo_n_resp":false,"dens":4736.6,"sigilo_dens":false,"na_bacia":0,"area_pct_bacia":0.0,"metodo_recorte_bacia":"ponto_representativo_setor_2022; area_pct_geometrica","status_borda_bacia":"total","metodo_area_bacia":"interseção geométrica em EPSG:5880","metodo_na_bacia":"ponto_representativo_setor_2022_within_bacia","pop_n_validos":1,"pop_n_total":1,"pop_completude":1.0,"dom_n_validos":1,"dom_n_total":1,"dom_completude":1.0,"dom_ocupados_n_validos":1,"dom_ocupados_n_total":1,"dom_ocupados_completude":1.0,"mulheres_n_validos":1,"mulheres_n_total":1,"mulheres_completude":1.0,"c0_4_n_validos":1,"c0_4_n_total":1,"c0_4_completude":1.0,"c5_9_n_validos":1,"c5_9_n_total":1,"c5_9_completude":1.0,"i60_69_n_validos":1,"i60_69_n_total":1,"i60_69_completude":1.0,"i70m_n_validos":1,"i70m_n_total":1,"i70m_completude":1.0,"indigenas_n_validos":1,"indigenas_n_total":1,"indigenas_completude":1.0,"pretos_pardos_n_validos":1,"pretos_pardos_n_total":1,"pretos_pardos_completude":1.0,"dom_agua_n_validos":1,"dom_agua_n_total":1,"dom_agua_completude":1.0,"dom_esgoto_n_validos":1,"dom_esgoto_n_total":1,"dom_esgoto_completude":1.0,"n_resp_n_validos":1,"n_resp_n_total":1,"n_resp_completude":1.0,"renda_resp_n_validos":1,"renda_resp_n_total":1,"renda_resp_completude":1.0,"dens_n_validos":1,"dens_n_total":1,"dens_completude":1.0},"geometry":{"type":"Polygon","coordinates":[[[-51.486959499999955,-29.703638],[-51.48933639999996,-29.70402639999998],[-51.489973599999985,-29.701061],[-51.48842059999998,-29.700656099999943],[-51.48757169999993,-29.70071319999993],[-51.486959499999955,-29.703638]]]}},{"type":"Feature","properties":{"setor":"431240105000097","pop":343,"sigilo_pop":false,"dom":174,"sigilo_dom":false,"mulheres":174,"sigilo_mulheres":false,"c0_4":21,"sigilo_c0_4":false,"c5_9":10,"sigilo_c5_9":false,"i60_69":38,"sigilo_i60_69":false,"i70m":29,"sigilo_i70m":false,"indigenas":0,"sigilo_indigenas":false,"pretos_pardos":57,"sigilo_pretos_pardos":false,"dom_ocupados":149,"sigilo_dom_ocupados":false,"dom_agua":120,"sigilo_dom_agua":false,"dom_esgoto":31,"sigilo_dom_esgoto":false,"renda_resp":3045.67,"sigilo_renda_resp":false,"n_resp":149,"sigilo_n_resp":false,"dens":3319.1,"sigilo_dens":false,"na_bacia":0,"area_pct_bacia":0.0,"metodo_recorte_bacia":"ponto_representativo_setor_2022; area_pct_geometrica","status_borda_bacia":"total","metodo_area_bacia":"interseção geométrica em EPSG:5880","metodo_na_bacia":"ponto_representativo_setor_2022_within_bacia","pop_n_validos":1,"pop_n_total":1,"pop_completude":1.0,"dom_n_validos":1,"dom_n_total":1,"dom_completude":1.0,"dom_ocupados_n_validos":1,"dom_ocupados_n_total":1,"dom_ocupados_completude":1.0,"mulheres_n_validos":1,"mulheres_n_total":1,"mulheres_completude":1.0,"c0_4_n_validos":1,"c0_4_n_total":1,"c0_4_completude":1.0,"c5_9_n_validos":1,"c5_9_n_total":1,"c5_9_completude":1.0,"i60_69_n_validos":1,"i60_69_n_total":1,"i60_69_completude":1.0,"i70m_n_validos":1,"i70m_n_total":1,"i70m_completude":1.0,"indigenas_n_validos":1,"indigenas_n_total":1,"indigenas_completude":1.0,"pretos_pardos_n_validos":1,"pretos_pardos_n_total":1,"pretos_pardos_completude":1.0,"dom_agua_n_validos":1,"dom_agua_n_total":1,"dom_agua_completude":1.0,"dom_esgoto_n_validos":1,"dom_esgoto_n_total":1,"dom_esgoto_completude":1.0,"n_resp_n_validos":1,"n_resp_n_total":1,"n_resp_completude":1.0,"renda_resp_n_validos":1,"renda_resp_n_total":1,"renda_resp_completude":1.0,"dens_n_validos":1,"dens_n_total":1,"dens_completude":1.0},"geometry":{"type":"Polygon","coordinates":[[[-51.49241519999998,-29.704520399999975],[-51.49564879999997,-29.705057699999927],[-51.496297,-29.702124899999948],[-51.493138199999976,-29.701600599999956],[-51.49241519999998,-29.704520399999975]]]}},{"type":"Feature","properties":{"setor":"431240105000098","pop":367,"sigilo_pop":false,"dom":160,"sigilo_dom":false,"mulheres":193,"sigilo_mulheres":false,"c0_4":21,"sigilo_c0_4":false,"c5_9":23,"sigilo_c5_9":false,"i60_69":36,"sigilo_i60_69":false,"i70m":16,"sigilo_i70m":false,"indigenas":null,"sigilo_indigenas":true,"pretos_pardos":63,"sigilo_pretos_pardos":false,"dom_ocupados":140,"sigilo_dom_ocupados":false,"dom_agua":139,"sigilo_dom_agua":false,"dom_esgoto":8,"sigilo_dom_esgoto":false,"renda_resp":2196.7,"sigilo_renda_resp":false,"n_resp":140,"sigilo_n_resp":false,"dens":6855.5,"sigilo_dens":false,"na_bacia":0,"area_pct_bacia":0.0,"metodo_recorte_bacia":"ponto_representativo_setor_2022; area_pct_geometrica","status_borda_bacia":"total","metodo_area_bacia":"interseção geométrica em EPSG:5880","metodo_na_bacia":"ponto_representativo_setor_2022_within_bacia","pop_n_validos":1,"pop_n_total":1,"pop_completude":1.0,"dom_n_validos":1,"dom_n_total":1,"dom_completude":1.0,"dom_ocupados_n_validos":1,"dom_ocupados_n_total":1,"dom_ocupados_completude":1.0,"mulheres_n_validos":1,"mulheres_n_total":1,"mulheres_completude":1.0,"c0_4_n_validos":1,"c0_4_n_total":1,"c0_4_completude":1.0,"c5_9_n_validos":1,"c5_9_n_total":1,"c5_9_completude":1.0,"i60_69_n_validos":1,"i60_69_n_total":1,"i60_69_completude":1.0,"i70m_n_validos":1,"i70m_n_total":1,"i70m_completude":1.0,"indigenas_n_validos":0,"indigenas_n_total":1,"indigenas_completude":0.0,"pretos_pardos_n_validos":1,"pretos_pardos_n_total":1,"pretos_pardos_completude":1.0,"dom_agua_n_validos":1,"dom_agua_n_total":1,"dom_agua_completude":1.0,"dom_esgoto_n_validos":1,"dom_esgoto_n_total":1,"dom_esgoto_completude":1.0,"n_resp_n_validos":1,"n_resp_n_total":1,"n_resp_completude":1.0,"renda_resp_n_validos":1,"renda_resp_n_total":1,"renda_resp_completude":1.0,"dens_n_validos":1,"dens_n_total":1,"dens_completude":1.0},"geometry":{"type":"Polygon","coordinates":[[[-51.485241,-29.715641899999987],[-51.48742069999997,-29.71598719999997],[-51.48770529999996,-29.714069199999976],[-51.485900499999964,-29.712951899999954],[-51.485241,-29.715641899999987]]]}},{"type":"Feature","properties":{"setor":"431240105000099","pop":365,"sigilo_pop":false,"dom":135,"sigilo_dom":false,"mulheres":188,"sigilo_mulheres":false,"c0_4":23,"sigilo_c0_4":false,"c5_9":23,"sigilo_c5_9":false,"i60_69":41,"sigilo_i60_69":false,"i70m":16,"sigilo_i70m":false,"indigenas":0,"sigilo_indigenas":false,"pretos_pardos":115,"sigilo_pretos_pardos":false,"dom_ocupados":123,"sigilo_dom_ocupados":false,"dom_agua":120,"sigilo_dom_agua":false,"dom_esgoto":10,"sigilo_dom_esgoto":false,"renda_resp":1771.15,"sigilo_renda_resp":false,"n_resp":123,"sigilo_n_resp":false,"dens":7495.6,"sigilo_dens":false,"na_bacia":0,"area_pct_bacia":0.0,"metodo_recorte_bacia":"ponto_representativo_setor_2022; area_pct_geometrica","status_borda_bacia":"total","metodo_area_bacia":"interseção geométrica em EPSG:5880","metodo_na_bacia":"ponto_representativo_setor_2022_within_bacia","pop_n_validos":1,"pop_n_total":1,"pop_completude":1.0,"dom_n_validos":1,"dom_n_total":1,"dom_completude":1.0,"dom_ocupados_n_validos":1,"dom_ocupados_n_total":1,"dom_ocupados_completude":1.0,"mulheres_n_validos":1,"mulheres_n_total":1,"mulheres_completude":1.0,"c0_4_n_validos":1,"c0_4_n_total":1,"c0_4_completude":1.0,"c5_9_n_validos":1,"c5_9_n_total":1,"c5_9_completude":1.0,"i60_69_n_validos":1,"i60_69_n_total":1,"i60_69_completude":1.0,"i70m_n_validos":1,"i70m_n_total":1,"i70m_completude":1.0,"indigenas_n_validos":1,"indigenas_n_total":1,"indigenas_completude":1.0,"pretos_pardos_n_validos":1,"pretos_pardos_n_total":1,"pretos_pardos_completude":1.0,"dom_agua_n_validos":1,"dom_agua_n_total":1,"dom_agua_completude":1.0,"dom_esgoto_n_validos":1,"dom_esgoto_n_total":1,"dom_esgoto_completude":1.0,"n_resp_n_validos":1,"n_resp_n_total":1,"n_resp_completude":1.0,"renda_resp_n_validos":1,"renda_resp_n_total":1,"renda_resp_completude":1.0,"dens_n_validos":1,"dens_n_total":1,"dens_completude":1.0},"geometry":{"type":"Polygon","coordinates":[[[-51.49194649999998,-29.722779],[-51.49295649999994,-29.724665099999978],[-51.49545439999997,-29.724420199999937],[-51.49478869999995,-29.72297779999997],[-51.49361679999998,-29.72310309999995],[-51.49342219999994,-29.722623799999955],[-51.49194649999998,-29.722779]]]}},{"type":"Feature","properties":{"setor":"431240105000100","pop":432,"sigilo_pop":false,"dom":167,"sigilo_dom":false,"mulheres":210,"sigilo_mulheres":false,"c0_4":18,"sigilo_c0_4":false,"c5_9":31,"sigilo_c5_9":false,"i60_69":28,"sigilo_i60_69":false,"i70m":19,"sigilo_i70m":false,"indigenas":null,"sigilo_indigenas":true,"pretos_pardos":112,"sigilo_pretos_pardos":false,"dom_ocupados":165,"sigilo_dom_ocupados":false,"dom_agua":147,"sigilo_dom_agua":false,"dom_esgoto":32,"sigilo_dom_esgoto":false,"renda_resp":1908.05,"sigilo_renda_resp":false,"n_resp":165,"sigilo_n_resp":false,"dens":7748.5,"sigilo_dens":false,"na_bacia":0,"area_pct_bacia":0.0,"metodo_recorte_bacia":"ponto_representativo_setor_2022; area_pct_geometrica","status_borda_bacia":"total","metodo_area_bacia":"interseção geométrica em EPSG:5880","metodo_na_bacia":"ponto_representativo_setor_2022_within_bacia","pop_n_validos":1,"pop_n_total":1,"pop_completude":1.0,"dom_n_validos":1,"dom_n_total":1,"dom_completude":1.0,"dom_ocupados_n_validos":1,"dom_ocupados_n_total":1,"dom_ocupados_completude":1.0,"mulheres_n_validos":1,"mulheres_n_total":1,"mulheres_completude":1.0,"c0_4_n_validos":1,"c0_4_n_total":1,"c0_4_completude":1.0,"c5_9_n_validos":1,"c5_9_n_total":1,"c5_9_completude":1.0,"i60_69_n_validos":1,"i60_69_n_total":1,"i60_69_completude":1.0,"i70m_n_validos":1,"i70m_n_total":1,"i70m_completude":1.0,"indigenas_n_validos":0,"indigenas_n_total":1,"indigenas_completude":0.0,"pretos_pardos_n_validos":1,"pretos_pardos_n_total":1,"pretos_pardos_completude":1.0,"dom_agua_n_validos":1,"dom_agua_n_total":1,"dom_agua_completude":1.0,"dom_esgoto_n_validos":1,"dom_esgoto_n_total":1,"dom_esgoto_completude":1.0,"n_resp_n_validos":1,"n_resp_n_total":1,"n_resp_completude":1.0,"renda_resp_n_validos":1,"renda_resp_n_total":1,"renda_resp_completude":1.0,"dens_n_validos":1,"dens_n_total":1,"dens_completude":1.0},"geometry":{"type":"Polygon","coordinates":[[[-51.4964255,-29.691628],[-51.49740329999997,-29.691877599999938],[-51.498139599999945,-29.692534],[-51.49834139999995,-29.69340049999994],[-51.498044499999935,-29.694938099999955],[-51.49882929999995,-29.695793499999986],[-51.50029,-29.69453519999996],[-51.49823279999998,-29.692043199999937],[-51.49738039999995,-29.691398499999938],[-51.49665339999996,-29.691048599999924],[-51.4964255,-29.691628]]]}},{"type":"Feature","properties":{"setor":"431240105000101","pop":630,"sigilo_pop":false,"dom":228,"sigilo_dom":false,"mulheres":334,"sigilo_mulheres":false,"c0_4":45,"sigilo_c0_4":false,"c5_9":49,"sigilo_c5_9":false,"i60_69":51,"sigilo_i60_69":false,"i70m":20,"sigilo_i70m":false,"indigenas":0,"sigilo_indigenas":false,"pretos_pardos":176,"sigilo_pretos_pardos":false,"dom_ocupados":219,"sigilo_dom_ocupados":false,"dom_agua":218,"sigilo_dom_agua":false,"dom_esgoto":null,"sigilo_dom_esgoto":true,"renda_resp":1733.5,"sigilo_renda_resp":false,"n_resp":219,"sigilo_n_resp":false,"dens":7983.7,"sigilo_dens":false,"na_bacia":0,"area_pct_bacia":0.0,"metodo_recorte_bacia":"ponto_representativo_setor_2022; area_pct_geometrica","status_borda_bacia":"total","metodo_area_bacia":"interseção geométrica em EPSG:5880","metodo_na_bacia":"ponto_representativo_setor_2022_within_bacia","pop_n_validos":1,"pop_n_total":1,"pop_completude":1.0,"dom_n_validos":1,"dom_n_total":1,"dom_completude":1.0,"dom_ocupados_n_validos":1,"dom_ocupados_n_total":1,"dom_ocupados_completude":1.0,"mulheres_n_validos":1,"mulheres_n_total":1,"mulheres_completude":1.0,"c0_4_n_validos":1,"c0_4_n_total":1,"c0_4_completude":1.0,"c5_9_n_validos":1,"c5_9_n_total":1,"c5_9_completude":1.0,"i60_69_n_validos":1,"i60_69_n_total":1,"i60_69_completude":1.0,"i70m_n_validos":1,"i70m_n_total":1,"i70m_completude":1.0,"indigenas_n_validos":1,"indigenas_n_total":1,"indigenas_completude":1.0,"pretos_pardos_n_validos":1,"pretos_pardos_n_total":1,"pretos_pardos_completude":1.0,"dom_agua_n_validos":1,"dom_agua_n_total":1,"dom_agua_completude":1.0,"dom_esgoto_n_validos":0,"dom_esgoto_n_total":1,"dom_esgoto_completude":0.0,"n_resp_n_validos":1,"n_resp_n_total":1,"n_resp_completude":1.0,"renda_resp_n_validos":1,"renda_resp_n_total":1,"renda_resp_completude":1.0,"dens_n_validos":1,"dens_n_total":1,"dens_completude":1.0},"geometry":{"type":"Polygon","coordinates":[[[-51.48774049999998,-29.692834399999974],[-51.48809989999995,-29.692534799999976],[-51.49194779999994,-29.693151],[-51.49264079999995,-29.69219639999994],[-51.492762,-29.691158699999974],[-51.48961269999996,-29.690753399999945],[-51.48924279999994,-29.692203799999962],[-51.48769219999997,-29.69212069999997],[-51.48774049999998,-29.692834399999974]]]}},{"type":"Feature","properties":{"setor":"431240105000102","pop":497,"sigilo_pop":false,"dom":201,"sigilo_dom":false,"mulheres":250,"sigilo_mulheres":false,"c0_4":18,"sigilo_c0_4":false,"c5_9":35,"sigilo_c5_9":false,"i60_69":69,"sigilo_i60_69":false,"i70m":61,"sigilo_i70m":false,"indigenas":0,"sigilo_indigenas":false,"pretos_pardos":91,"sigilo_pretos_pardos":false,"dom_ocupados":184,"sigilo_dom_ocupados":false,"dom_agua":182,"sigilo_dom_agua":false,"dom_esgoto":22,"sigilo_dom_esgoto":false,"renda_resp":2628.54,"sigilo_renda_resp":false,"n_resp":184,"sigilo_n_resp":false,"dens":5329.2,"sigilo_dens":false,"na_bacia":0,"area_pct_bacia":0.0,"metodo_recorte_bacia":"ponto_representativo_setor_2022; area_pct_geometrica","status_borda_bacia":"total","metodo_area_bacia":"interseção geométrica em EPSG:5880","metodo_na_bacia":"ponto_representativo_setor_2022_within_bacia","pop_n_validos":1,"pop_n_total":1,"pop_completude":1.0,"dom_n_validos":1,"dom_n_total":1,"dom_completude":1.0,"dom_ocupados_n_validos":1,"dom_ocupados_n_total":1,"dom_ocupados_completude":1.0,"mulheres_n_validos":1,"mulheres_n_total":1,"mulheres_completude":1.0,"c0_4_n_validos":1,"c0_4_n_total":1,"c0_4_completude":1.0,"c5_9_n_validos":1,"c5_9_n_total":1,"c5_9_completude":1.0,"i60_69_n_validos":1,"i60_69_n_total":1,"i60_69_completude":1.0,"i70m_n_validos":1,"i70m_n_total":1,"i70m_completude":1.0,"indigenas_n_validos":1,"indigenas_n_total":1,"indigenas_completude":1.0,"pretos_pardos_n_validos":1,"pretos_pardos_n_total":1,"pretos_pardos_completude":1.0,"dom_agua_n_validos":1,"dom_agua_n_total":1,"dom_agua_completude":1.0,"dom_esgoto_n_validos":1,"dom_esgoto_n_total":1,"dom_esgoto_completude":1.0,"n_resp_n_validos":1,"n_resp_n_total":1,"n_resp_completude":1.0,"renda_resp_n_validos":1,"renda_resp_n_total":1,"renda_resp_completude":1.0,"dens_n_validos":1,"dens_n_total":1,"dens_completude":1.0},"geometry":{"type":"Polygon","coordinates":[[[-51.474336499999936,-29.68591589999994],[-51.474174,-29.687634],[-51.47474309999996,-29.689224299999978],[-51.47835429999997,-29.687366699999973],[-51.478075499999925,-29.686417699999936],[-51.474336499999936,-29.68591589999994]]]}},{"type":"Feature","properties":{"setor":"431240105000103","pop":386,"sigilo_pop":false,"dom":172,"sigilo_dom":false,"mulheres":198,"sigilo_mulheres":false,"c0_4":19,"sigilo_c0_4":false,"c5_9":17,"sigilo_c5_9":false,"i60_69":49,"sigilo_i60_69":false,"i70m":16,"sigilo_i70m":false,"indigenas":null,"sigilo_indigenas":true,"pretos_pardos":50,"sigilo_pretos_pardos":false,"dom_ocupados":160,"sigilo_dom_ocupados":false,"dom_agua":135,"sigilo_dom_agua":false,"dom_esgoto":82,"sigilo_dom_esgoto":false,"renda_resp":2515.47,"sigilo_renda_resp":false,"n_resp":160,"sigilo_n_resp":false,"dens":4385.4,"sigilo_dens":false,"na_bacia":0,"area_pct_bacia":0.0,"metodo_recorte_bacia":"ponto_representativo_setor_2022; area_pct_geometrica","status_borda_bacia":"total","metodo_area_bacia":"interseção geométrica em EPSG:5880","metodo_na_bacia":"ponto_representativo_setor_2022_within_bacia","pop_n_validos":1,"pop_n_total":1,"pop_completude":1.0,"dom_n_validos":1,"dom_n_total":1,"dom_completude":1.0,"dom_ocupados_n_validos":1,"dom_ocupados_n_total":1,"dom_ocupados_completude":1.0,"mulheres_n_validos":1,"mulheres_n_total":1,"mulheres_completude":1.0,"c0_4_n_validos":1,"c0_4_n_total":1,"c0_4_completude":1.0,"c5_9_n_validos":1,"c5_9_n_total":1,"c5_9_completude":1.0,"i60_69_n_validos":1,"i60_69_n_total":1,"i60_69_completude":1.0,"i70m_n_validos":1,"i70m_n_total":1,"i70m_completude":1.0,"indigenas_n_validos":0,"indigenas_n_total":1,"indigenas_completude":0.0,"pretos_pardos_n_validos":1,"pretos_pardos_n_total":1,"pretos_pardos_completude":1.0,"dom_agua_n_validos":1,"dom_agua_n_total":1,"dom_agua_completude":1.0,"dom_esgoto_n_validos":1,"dom_esgoto_n_total":1,"dom_esgoto_completude":1.0,"n_resp_n_validos":1,"n_resp_n_total":1,"n_resp_completude":1.0,"renda_resp_n_validos":1,"renda_resp_n_total":1,"renda_resp_completude":1.0,"dens_n_validos":1,"dens_n_total":1,"dens_completude":1.0},"geometry":{"type":"Polygon","coordinates":[[[-51.47108829999996,-29.67471719999997],[-51.47179709999995,-29.675493199999934],[-51.472991699999966,-29.674716],[-51.47450939999994,-29.676513699999916],[-51.47661729999998,-29.676214699999957],[-51.4743979,-29.67342239999993],[-51.47272929999997,-29.673631],[-51.47108829999996,-29.67471719999997]]]}},{"type":"Feature","properties":{"setor":"431240105000105","pop":186,"sigilo_pop":false,"dom":91,"sigilo_dom":false,"mulheres":104,"sigilo_mulheres":false,"c0_4":8,"sigilo_c0_4":false,"c5_9":14,"sigilo_c5_9":false,"i60_69":16,"sigilo_i60_69":false,"i70m":20,"sigilo_i70m":false,"indigenas":0,"sigilo_indigenas":false,"pretos_pardos":36,"sigilo_pretos_pardos":false,"dom_ocupados":76,"sigilo_dom_ocupados":false,"dom_agua":75,"sigilo_dom_agua":false,"dom_esgoto":32,"sigilo_dom_esgoto":false,"renda_resp":2092.43,"sigilo_renda_resp":false,"n_resp":76,"sigilo_n_resp":false,"dens":1318.3,"sigilo_dens":false,"na_bacia":0,"area_pct_bacia":0.0,"metodo_recorte_bacia":"ponto_representativo_setor_2022; area_pct_geometrica","status_borda_bacia":"total","metodo_area_bacia":"interseção geométrica em EPSG:5880","metodo_na_bacia":"ponto_representativo_setor_2022_within_bacia","pop_n_validos":1,"pop_n_total":1,"pop_completude":1.0,"dom_n_validos":1,"dom_n_total":1,"dom_completude":1.0,"dom_ocupados_n_validos":1,"dom_ocupados_n_total":1,"dom_ocupados_completude":1.0,"mulheres_n_validos":1,"mulheres_n_total":1,"mulheres_completude":1.0,"c0_4_n_validos":1,"c0_4_n_total":1,"c0_4_completude":1.0,"c5_9_n_validos":1,"c5_9_n_total":1,"c5_9_completude":1.0,"i60_69_n_validos":1,"i60_69_n_total":1,"i60_69_completude":1.0,"i70m_n_validos":1,"i70m_n_total":1,"i70m_completude":1.0,"indigenas_n_validos":1,"indigenas_n_total":1,"indigenas_completude":1.0,"pretos_pardos_n_validos":1,"pretos_pardos_n_total":1,"pretos_pardos_completude":1.0,"dom_agua_n_validos":1,"dom_agua_n_total":1,"dom_agua_completude":1.0,"dom_esgoto_n_validos":1,"dom_esgoto_n_total":1,"dom_esgoto_completude":1.0,"n_resp_n_validos":1,"n_resp_n_total":1,"n_resp_completude":1.0,"renda_resp_n_validos":1,"renda_resp_n_total":1,"renda_resp_completude":1.0,"dens_n_validos":1,"dens_n_total":1,"dens_completude":1.0},"geometry":{"type":"Polygon","coordinates":[[[-51.44759409999995,-29.687540299999966],[-51.45459829999999,-29.690637299999942],[-51.455463799999954,-29.689109399999953],[-51.44873379999995,-29.686166599999982],[-51.44759409999995,-29.687540299999966]]]}},{"type":"Feature","properties":{"setor":"431240105000106","pop":425,"sigilo_pop":false,"dom":158,"sigilo_dom":false,"mulheres":220,"sigilo_mulheres":false,"c0_4":34,"sigilo_c0_4":false,"c5_9":31,"sigilo_c5_9":false,"i60_69":21,"sigilo_i60_69":false,"i70m":12,"sigilo_i70m":false,"indigenas":null,"sigilo_indigenas":true,"pretos_pardos":154,"sigilo_pretos_pardos":false,"dom_ocupados":143,"sigilo_dom_ocupados":false,"dom_agua":141,"sigilo_dom_agua":false,"dom_esgoto":39,"sigilo_dom_esgoto":false,"renda_resp":2823.4,"sigilo_renda_resp":false,"n_resp":143,"sigilo_n_resp":false,"dens":9598.7,"sigilo_dens":false,"na_bacia":0,"area_pct_bacia":0.0,"metodo_recorte_bacia":"ponto_representativo_setor_2022; area_pct_geometrica","status_borda_bacia":"total","metodo_area_bacia":"interseção geométrica em EPSG:5880","metodo_na_bacia":"ponto_representativo_setor_2022_within_bacia","pop_n_validos":1,"pop_n_total":1,"pop_completude":1.0,"dom_n_validos":1,"dom_n_total":1,"dom_completude":1.0,"dom_ocupados_n_validos":1,"dom_ocupados_n_total":1,"dom_ocupados_completude":1.0,"mulheres_n_validos":1,"mulheres_n_total":1,"mulheres_completude":1.0,"c0_4_n_validos":1,"c0_4_n_total":1,"c0_4_completude":1.0,"c5_9_n_validos":1,"c5_9_n_total":1,"c5_9_completude":1.0,"i60_69_n_validos":1,"i60_69_n_total":1,"i60_69_completude":1.0,"i70m_n_validos":1,"i70m_n_total":1,"i70m_completude":1.0,"indigenas_n_validos":0,"indigenas_n_total":1,"indigenas_completude":0.0,"pretos_pardos_n_validos":1,"pretos_pardos_n_total":1,"pretos_pardos_completude":1.0,"dom_agua_n_validos":1,"dom_agua_n_total":1,"dom_agua_completude":1.0,"dom_esgoto_n_validos":1,"dom_esgoto_n_total":1,"dom_esgoto_completude":1.0,"n_resp_n_validos":1,"n_resp_n_total":1,"n_resp_completude":1.0,"renda_resp_n_validos":1,"renda_resp_n_total":1,"renda_resp_completude":1.0,"dens_n_validos":1,"dens_n_total":1,"dens_completude":1.0},"geometry":{"type":"Polygon","coordinates":[[[-51.485900499999964,-29.712951899999954],[-51.48624789999997,-29.71321209999996],[-51.48822709999996,-29.714367799999927],[-51.48858659999996,-29.712225499999917],[-51.486145,-29.71188939999997],[-51.485900499999964,-29.712951899999954]]]}},{"type":"Feature","properties":{"setor":"431240105000107","pop":366,"sigilo_pop":false,"dom":171,"sigilo_dom":false,"mulheres":197,"sigilo_mulheres":false,"c0_4":19,"sigilo_c0_4":false,"c5_9":20,"sigilo_c5_9":false,"i60_69":50,"sigilo_i60_69":false,"i70m":25,"sigilo_i70m":false,"indigenas":0,"sigilo_indigenas":false,"pretos_pardos":64,"sigilo_pretos_pardos":false,"dom_ocupados":149,"sigilo_dom_ocupados":false,"dom_agua":137,"sigilo_dom_agua":false,"dom_esgoto":66,"sigilo_dom_esgoto":false,"renda_resp":2677.4,"sigilo_renda_resp":false,"n_resp":149,"sigilo_n_resp":false,"dens":4409.4,"sigilo_dens":false,"na_bacia":0,"area_pct_bacia":0.0,"metodo_recorte_bacia":"ponto_representativo_setor_2022; area_pct_geometrica","status_borda_bacia":"total","metodo_area_bacia":"interseção geométrica em EPSG:5880","metodo_na_bacia":"ponto_representativo_setor_2022_within_bacia","pop_n_validos":1,"pop_n_total":1,"pop_completude":1.0,"dom_n_validos":1,"dom_n_total":1,"dom_completude":1.0,"dom_ocupados_n_validos":1,"dom_ocupados_n_total":1,"dom_ocupados_completude":1.0,"mulheres_n_validos":1,"mulheres_n_total":1,"mulheres_completude":1.0,"c0_4_n_validos":1,"c0_4_n_total":1,"c0_4_completude":1.0,"c5_9_n_validos":1,"c5_9_n_total":1,"c5_9_completude":1.0,"i60_69_n_validos":1,"i60_69_n_total":1,"i60_69_completude":1.0,"i70m_n_validos":1,"i70m_n_total":1,"i70m_completude":1.0,"indigenas_n_validos":1,"indigenas_n_total":1,"indigenas_completude":1.0,"pretos_pardos_n_validos":1,"pretos_pardos_n_total":1,"pretos_pardos_completude":1.0,"dom_agua_n_validos":1,"dom_agua_n_total":1,"dom_agua_completude":1.0,"dom_esgoto_n_validos":1,"dom_esgoto_n_total":1,"dom_esgoto_completude":1.0,"n_resp_n_validos":1,"n_resp_n_total":1,"n_resp_completude":1.0,"renda_resp_n_validos":1,"renda_resp_n_total":1,"renda_resp_completude":1.0,"dens_n_validos":1,"dens_n_total":1,"dens_completude":1.0},"geometry":{"type":"Polygon","coordinates":[[[-51.49404619999996,-29.701249099999977],[-51.493942299999965,-29.701736599999947],[-51.49868059999994,-29.702518],[-51.498841899999945,-29.701691199999964],[-51.49672129999994,-29.70117479999993],[-51.49764789999994,-29.700410599999937],[-51.496514899999966,-29.699353499999972],[-51.49531379999996,-29.699164899999968],[-51.49481289999995,-29.701368799999962],[-51.49404619999996,-29.701249099999977]]]}},{"type":"Feature","properties":{"setor":"431240105000108","pop":386,"sigilo_pop":false,"dom":166,"sigilo_dom":false,"mulheres":208,"sigilo_mulheres":false,"c0_4":30,"sigilo_c0_4":false,"c5_9":19,"sigilo_c5_9":false,"i60_69":39,"sigilo_i60_69":false,"i70m":28,"sigilo_i70m":false,"indigenas":0,"sigilo_indigenas":false,"pretos_pardos":34,"sigilo_pretos_pardos":false,"dom_ocupados":142,"sigilo_dom_ocupados":false,"dom_agua":138,"sigilo_dom_agua":false,"dom_esgoto":22,"sigilo_dom_esgoto":false,"renda_resp":4604.71,"sigilo_renda_resp":false,"n_resp":142,"sigilo_n_resp":false,"dens":5216.8,"sigilo_dens":false,"na_bacia":0,"area_pct_bacia":0.0,"metodo_recorte_bacia":"ponto_representativo_setor_2022; area_pct_geometrica","status_borda_bacia":"total","metodo_area_bacia":"interseção geométrica em EPSG:5880","metodo_na_bacia":"ponto_representativo_setor_2022_within_bacia","pop_n_validos":1,"pop_n_total":1,"pop_completude":1.0,"dom_n_validos":1,"dom_n_total":1,"dom_completude":1.0,"dom_ocupados_n_validos":1,"dom_ocupados_n_total":1,"dom_ocupados_completude":1.0,"mulheres_n_validos":1,"mulheres_n_total":1,"mulheres_completude":1.0,"c0_4_n_validos":1,"c0_4_n_total":1,"c0_4_completude":1.0,"c5_9_n_validos":1,"c5_9_n_total":1,"c5_9_completude":1.0,"i60_69_n_validos":1,"i60_69_n_total":1,"i60_69_completude":1.0,"i70m_n_validos":1,"i70m_n_total":1,"i70m_completude":1.0,"indigenas_n_validos":1,"indigenas_n_total":1,"indigenas_completude":1.0,"pretos_pardos_n_validos":1,"pretos_pardos_n_total":1,"pretos_pardos_completude":1.0,"dom_agua_n_validos":1,"dom_agua_n_total":1,"dom_agua_completude":1.0,"dom_esgoto_n_validos":1,"dom_esgoto_n_total":1,"dom_esgoto_completude":1.0,"n_resp_n_validos":1,"n_resp_n_total":1,"n_resp_completude":1.0,"renda_resp_n_validos":1,"renda_resp_n_total":1,"renda_resp_completude":1.0,"dens_n_validos":1,"dens_n_total":1,"dens_completude":1.0},"geometry":{"type":"Polygon","coordinates":[[[-51.444476,-29.67462729999993],[-51.44583549999993,-29.67553839999993],[-51.447434199999975,-29.677814],[-51.44806529999994,-29.677077699999977],[-51.44835439999998,-29.67749189999995],[-51.44893459999997,-29.676746099999953],[-51.446744599999924,-29.675484899999955],[-51.447540699999934,-29.674453],[-51.44576089999998,-29.673410499999935],[-51.444476,-29.67462729999993]]]}},{"type":"Feature","properties":{"setor":"431240105000109","pop":477,"sigilo_pop":false,"dom":182,"sigilo_dom":false,"mulheres":249,"sigilo_mulheres":false,"c0_4":29,"sigilo_c0_4":false,"c5_9":19,"sigilo_c5_9":false,"i60_69":60,"sigilo_i60_69":false,"i70m":28,"sigilo_i70m":false,"indigenas":0,"sigilo_indigenas":false,"pretos_pardos":76,"sigilo_pretos_pardos":false,"dom_ocupados":173,"sigilo_dom_ocupados":false,"dom_agua":150,"sigilo_dom_agua":false,"dom_esgoto":15,"sigilo_dom_esgoto":false,"renda_resp":4185.26,"sigilo_renda_resp":false,"n_resp":173,"sigilo_n_resp":false,"dens":5725.2,"sigilo_dens":false,"na_bacia":0,"area_pct_bacia":0.0,"metodo_recorte_bacia":"ponto_representativo_setor_2022; area_pct_geometrica","status_borda_bacia":"total","metodo_area_bacia":"interseção geométrica em EPSG:5880","metodo_na_bacia":"ponto_representativo_setor_2022_within_bacia","pop_n_validos":1,"pop_n_total":1,"pop_completude":1.0,"dom_n_validos":1,"dom_n_total":1,"dom_completude":1.0,"dom_ocupados_n_validos":1,"dom_ocupados_n_total":1,"dom_ocupados_completude":1.0,"mulheres_n_validos":1,"mulheres_n_total":1,"mulheres_completude":1.0,"c0_4_n_validos":1,"c0_4_n_total":1,"c0_4_completude":1.0,"c5_9_n_validos":1,"c5_9_n_total":1,"c5_9_completude":1.0,"i60_69_n_validos":1,"i60_69_n_total":1,"i60_69_completude":1.0,"i70m_n_validos":1,"i70m_n_total":1,"i70m_completude":1.0,"indigenas_n_validos":1,"indigenas_n_total":1,"indigenas_completude":1.0,"pretos_pardos_n_validos":1,"pretos_pardos_n_total":1,"pretos_pardos_completude":1.0,"dom_agua_n_validos":1,"dom_agua_n_total":1,"dom_agua_completude":1.0,"dom_esgoto_n_validos":1,"dom_esgoto_n_total":1,"dom_esgoto_completude":1.0,"n_resp_n_validos":1,"n_resp_n_total":1,"n_resp_completude":1.0,"renda_resp_n_validos":1,"renda_resp_n_total":1,"renda_resp_completude":1.0,"dens_n_validos":1,"dens_n_total":1,"dens_completude":1.0},"geometry":{"type":"Polygon","coordinates":[[[-51.456235499999934,-29.673977099999952],[-51.459707299999934,-29.675278799999948],[-51.460666499999945,-29.67321159999994],[-51.45902749999994,-29.672104499999925],[-51.45698689999995,-29.673418699999957],[-51.456646199999966,-29.673252899999962],[-51.456235499999934,-29.673977099999952]]]}},{"type":"Feature","properties":{"setor":"431240105000116","pop":91,"sigilo_pop":false,"dom":41,"sigilo_dom":false,"mulheres":47,"sigilo_mulheres":false,"c0_4":null,"sigilo_c0_4":true,"c5_9":null,"sigilo_c5_9":true,"i60_69":14,"sigilo_i60_69":false,"i70m":null,"sigilo_i70m":true,"indigenas":0,"sigilo_indigenas":false,"pretos_pardos":16,"sigilo_pretos_pardos":false,"dom_ocupados":37,"sigilo_dom_ocupados":false,"dom_agua":5,"sigilo_dom_agua":false,"dom_esgoto":3,"sigilo_dom_esgoto":false,"renda_resp":1830.49,"sigilo_renda_resp":false,"n_resp":37,"sigilo_n_resp":false,"dens":215.9,"sigilo_dens":false,"na_bacia":0,"area_pct_bacia":0.0,"metodo_recorte_bacia":"ponto_representativo_setor_2022; area_pct_geometrica","status_borda_bacia":"total","metodo_area_bacia":"interseção geométrica em EPSG:5880","metodo_na_bacia":"ponto_representativo_setor_2022_within_bacia","pop_n_validos":1,"pop_n_total":1,"pop_completude":1.0,"dom_n_validos":1,"dom_n_total":1,"dom_completude":1.0,"dom_ocupados_n_validos":1,"dom_ocupados_n_total":1,"dom_ocupados_completude":1.0,"mulheres_n_validos":1,"mulheres_n_total":1,"mulheres_completude":1.0,"c0_4_n_validos":0,"c0_4_n_total":1,"c0_4_completude":0.0,"c5_9_n_validos":0,"c5_9_n_total":1,"c5_9_completude":0.0,"i60_69_n_validos":1,"i60_69_n_total":1,"i60_69_completude":1.0,"i70m_n_validos":0,"i70m_n_total":1,"i70m_completude":0.0,"indigenas_n_validos":1,"indigenas_n_total":1,"indigenas_completude":1.0,"pretos_pardos_n_validos":1,"pretos_pardos_n_total":1,"pretos_pardos_completude":1.0,"dom_agua_n_validos":1,"dom_agua_n_total":1,"dom_agua_completude":1.0,"dom_esgoto_n_validos":1,"dom_esgoto_n_total":1,"dom_esgoto_completude":1.0,"n_resp_n_validos":1,"n_resp_n_total":1,"n_resp_completude":1.0,"renda_resp_n_validos":1,"renda_resp_n_total":1,"renda_resp_completude":1.0,"dens_n_validos":1,"dens_n_total":1,"dens_completude":1.0},"geometry":{"type":"Polygon","coordinates":[[[-51.50012259999995,-29.688032599999925],[-51.50022039999993,-29.689764499999956],[-51.504493599999925,-29.689203699999947],[-51.509402399999935,-29.69014819999996],[-51.51687039999996,-29.689212799999943],[-51.518523699999946,-29.688842699999945],[-51.51963839999996,-29.687904799999956],[-51.517934,-29.68572589999995],[-51.51752829999998,-29.68637989999996],[-51.51104429999997,-29.688274699999972],[-51.50875119999995,-29.688193],[-51.50524539999998,-29.687387699999938],[-51.503344,-29.687377399999942],[-51.50012259999995,-29.688032599999925]]]}},{"type":"Feature","properties":{"setor":"431240105000117","pop":455,"sigilo_pop":false,"dom":207,"sigilo_dom":false,"mulheres":235,"sigilo_mulheres":false,"c0_4":41,"sigilo_c0_4":false,"c5_9":38,"sigilo_c5_9":false,"i60_69":43,"sigilo_i60_69":false,"i70m":30,"sigilo_i70m":false,"indigenas":0,"sigilo_indigenas":false,"pretos_pardos":62,"sigilo_pretos_pardos":false,"dom_ocupados":173,"sigilo_dom_ocupados":false,"dom_agua":88,"sigilo_dom_agua":false,"dom_esgoto":17,"sigilo_dom_esgoto":false,"renda_resp":2548.74,"sigilo_renda_resp":false,"n_resp":173,"sigilo_n_resp":false,"dens":352.9,"sigilo_dens":false,"na_bacia":0,"area_pct_bacia":0.0,"metodo_recorte_bacia":"ponto_representativo_setor_2022; area_pct_geometrica","status_borda_bacia":"total","metodo_area_bacia":"interseção geométrica em EPSG:5880","metodo_na_bacia":"ponto_representativo_setor_2022_within_bacia","pop_n_validos":1,"pop_n_total":1,"pop_completude":1.0,"dom_n_validos":1,"dom_n_total":1,"dom_completude":1.0,"dom_ocupados_n_validos":1,"dom_ocupados_n_total":1,"dom_ocupados_completude":1.0,"mulheres_n_validos":1,"mulheres_n_total":1,"mulheres_completude":1.0,"c0_4_n_validos":1,"c0_4_n_total":1,"c0_4_completude":1.0,"c5_9_n_validos":1,"c5_9_n_total":1,"c5_9_completude":1.0,"i60_69_n_validos":1,"i60_69_n_total":1,"i60_69_completude":1.0,"i70m_n_validos":1,"i70m_n_total":1,"i70m_completude":1.0,"indigenas_n_validos":1,"indigenas_n_total":1,"indigenas_completude":1.0,"pretos_pardos_n_validos":1,"pretos_pardos_n_total":1,"pretos_pardos_completude":1.0,"dom_agua_n_validos":1,"dom_agua_n_total":1,"dom_agua_completude":1.0,"dom_esgoto_n_validos":1,"dom_esgoto_n_total":1,"dom_esgoto_completude":1.0,"n_resp_n_validos":1,"n_resp_n_total":1,"n_resp_completude":1.0,"renda_resp_n_validos":1,"renda_resp_n_total":1,"renda_resp_completude":1.0,"dens_n_validos":1,"dens_n_total":1,"dens_completude":1.0},"geometry":{"type":"Polygon","coordinates":[[[-51.46296249999994,-29.64926209999993],[-51.46290049999993,-29.64988229999995],[-51.46080129999996,-29.653152199999965],[-51.46497559999995,-29.66012759999995],[-51.465037699999975,-29.66232329999997],[-51.46659,-29.662025899999946],[-51.47737569999999,-29.673132799999955],[-51.47797339999994,-29.67278369999997],[-51.479765499999985,-29.67275149999996],[-51.47950789999993,-29.671401],[-51.478073799999954,-29.670943699999953],[-51.47735019999993,-29.66981409999995],[-51.47692929999994,-29.669654599999955],[-51.47648809999998,-29.668351699999967],[-51.47626279999998,-29.665414699999918],[-51.47673489999994,-29.66368969999997],[-51.474602599999976,-29.66269659999994],[-51.474631399999964,-29.662167099999984],[-51.473536399999944,-29.660480499999945],[-51.47216479999997,-29.66039549999993],[-51.47172009999997,-29.660113399999936],[-51.47205009999994,-29.658910299999953],[-51.46982219999995,-29.65706619999997],[-51.46924509999996,-29.65751129999995],[-51.46847489999993,-29.657593799999976],[-51.46733279999995,-29.656728099999953],[-51.46614,-29.656300199999972],[-51.464212399999944,-29.65319],[-51.466079499999985,-29.649553099999927],[-51.46583529999998,-29.648677899999935],[-51.464142199999976,-29.649367],[-51.46372709999998,-29.64912969999995],[-51.46296249999994,-29.64926209999993]]]}},{"type":"Feature","properties":{"setor":"431240105000118","pop":343,"sigilo_pop":false,"dom":165,"sigilo_dom":false,"mulheres":159,"sigilo_mulheres":false,"c0_4":22,"sigilo_c0_4":false,"c5_9":22,"sigilo_c5_9":false,"i60_69":40,"sigilo_i60_69":false,"i70m":21,"sigilo_i70m":false,"indigenas":0,"sigilo_indigenas":false,"pretos_pardos":41,"sigilo_pretos_pardos":false,"dom_ocupados":135,"sigilo_dom_ocupados":false,"dom_agua":4,"sigilo_dom_agua":false,"dom_esgoto":null,"sigilo_dom_esgoto":true,"renda_resp":2514.4,"sigilo_renda_resp":false,"n_resp":135,"sigilo_n_resp":false,"dens":106.8,"sigilo_dens":false,"na_bacia":0,"area_pct_bacia":0.0,"metodo_recorte_bacia":"ponto_representativo_setor_2022; area_pct_geometrica","status_borda_bacia":"total","metodo_area_bacia":"interseção geométrica em EPSG:5880","metodo_na_bacia":"ponto_representativo_setor_2022_within_bacia","pop_n_validos":1,"pop_n_total":1,"pop_completude":1.0,"dom_n_validos":1,"dom_n_total":1,"dom_completude":1.0,"dom_ocupados_n_validos":1,"dom_ocupados_n_total":1,"dom_ocupados_completude":1.0,"mulheres_n_validos":1,"mulheres_n_total":1,"mulheres_completude":1.0,"c0_4_n_validos":1,"c0_4_n_total":1,"c0_4_completude":1.0,"c5_9_n_validos":1,"c5_9_n_total":1,"c5_9_completude":1.0,"i60_69_n_validos":1,"i60_69_n_total":1,"i60_69_completude":1.0,"i70m_n_validos":1,"i70m_n_total":1,"i70m_completude":1.0,"indigenas_n_validos":1,"indigenas_n_total":1,"indigenas_completude":1.0,"pretos_pardos_n_validos":1,"pretos_pardos_n_total":1,"pretos_pardos_completude":1.0,"dom_agua_n_validos":1,"dom_agua_n_total":1,"dom_agua_completude":1.0,"dom_esgoto_n_validos":0,"dom_esgoto_n_total":1,"dom_esgoto_completude":0.0,"n_resp_n_validos":1,"n_resp_n_total":1,"n_resp_completude":1.0,"renda_resp_n_validos":1,"renda_resp_n_total":1,"renda_resp_completude":1.0,"dens_n_validos":1,"dens_n_total":1,"dens_completude":1.0},"geometry":{"type":"Polygon","coordinates":[[[-51.428738299999964,-29.65378439999995],[-51.42894629999995,-29.656452399999964],[-51.43202679999996,-29.66016289999993],[-51.433612399999966,-29.66003669999998],[-51.43363089999997,-29.659093899999956],[-51.436576099999975,-29.659180799999945],[-51.437827899999945,-29.65987719999998],[-51.439008599999966,-29.660197799999928],[-51.44167439999995,-29.660038599999947],[-51.44250859999993,-29.659527299999986],[-51.443938399999986,-29.659425699999918],[-51.44455129999994,-29.659104799999962],[-51.44723779999998,-29.654614299999924],[-51.44746409999994,-29.653818099999967],[-51.44914989999995,-29.653252799999965],[-51.449906599999956,-29.6527541],[-51.450996099999934,-29.65111309999998],[-51.45250239999995,-29.651333599999933],[-51.45507789999994,-29.6508181],[-51.457039,-29.649986499999955],[-51.45812349999995,-29.64885489999994],[-51.45858929999997,-29.648906],[-51.462127599999974,-29.645656799999976],[-51.46040179999994,-29.642762],[-51.456375299999934,-29.646915799999928],[-51.45242979999995,-29.64867159999993],[-51.451098799999954,-29.647153399999983],[-51.449577699999956,-29.64639939999995],[-51.447711899999945,-29.64606889999993],[-51.44664229999995,-29.645407899999956],[-51.446048099999985,-29.644509299999974],[-51.442863199999984,-29.64286709999995],[-51.44090239999998,-29.642939399999936],[-51.43784819999997,-29.64459189999996],[-51.43668359999998,-29.644808799999957],[-51.43455629999994,-29.646926099999966],[-51.43440179999993,-29.647959],[-51.43361749999997,-29.64883679999998],[-51.432488499999984,-29.64923959999993],[-51.428738299999964,-29.65378439999995]]]}},{"type":"Feature","properties":{"setor":"431240105000119","pop":705,"sigilo_pop":false,"dom":292,"sigilo_dom":false,"mulheres":362,"sigilo_mulheres":false,"c0_4":45,"sigilo_c0_4":false,"c5_9":67,"sigilo_c5_9":false,"i60_69":42,"sigilo_i60_69":false,"i70m":28,"sigilo_i70m":false,"indigenas":null,"sigilo_indigenas":true,"pretos_pardos":168,"sigilo_pretos_pardos":false,"dom_ocupados":270,"sigilo_dom_ocupados":false,"dom_agua":252,"sigilo_dom_agua":false,"dom_esgoto":41,"sigilo_dom_esgoto":false,"renda_resp":2180.33,"sigilo_renda_resp":false,"n_resp":270,"sigilo_n_resp":false,"dens":3020.7,"sigilo_dens":false,"na_bacia":0,"area_pct_bacia":0.0,"metodo_recorte_bacia":"ponto_representativo_setor_2022; area_pct_geometrica","status_borda_bacia":"total","metodo_area_bacia":"interseção geométrica em EPSG:5880","metodo_na_bacia":"ponto_representativo_setor_2022_within_bacia","pop_n_validos":1,"pop_n_total":1,"pop_completude":1.0,"dom_n_validos":1,"dom_n_total":1,"dom_completude":1.0,"dom_ocupados_n_validos":1,"dom_ocupados_n_total":1,"dom_ocupados_completude":1.0,"mulheres_n_validos":1,"mulheres_n_total":1,"mulheres_completude":1.0,"c0_4_n_validos":1,"c0_4_n_total":1,"c0_4_completude":1.0,"c5_9_n_validos":1,"c5_9_n_total":1,"c5_9_completude":1.0,"i60_69_n_validos":1,"i60_69_n_total":1,"i60_69_completude":1.0,"i70m_n_validos":1,"i70m_n_total":1,"i70m_completude":1.0,"indigenas_n_validos":0,"indigenas_n_total":1,"indigenas_completude":0.0,"pretos_pardos_n_validos":1,"pretos_pardos_n_total":1,"pretos_pardos_completude":1.0,"dom_agua_n_validos":1,"dom_agua_n_total":1,"dom_agua_completude":1.0,"dom_esgoto_n_validos":1,"dom_esgoto_n_total":1,"dom_esgoto_completude":1.0,"n_resp_n_validos":1,"n_resp_n_total":1,"n_resp_completude":1.0,"renda_resp_n_validos":1,"renda_resp_n_total":1,"renda_resp_completude":1.0,"dens_n_validos":1,"dens_n_total":1,"dens_completude":1.0},"geometry":{"type":"Polygon","coordinates":[[[-51.49901219999998,-29.70772709999995],[-51.50088219999998,-29.707947299999933],[-51.50171469999998,-29.70756889999995],[-51.503660199999956,-29.708280499999933],[-51.506117699999955,-29.703403899999948],[-51.505589499999985,-29.703621799999954],[-51.50187029999995,-29.70304969999996],[-51.49901219999998,-29.70772709999995]]]}},{"type":"Feature","properties":{"setor":"431240105000120","pop":929,"sigilo_pop":false,"dom":363,"sigilo_dom":false,"mulheres":475,"sigilo_mulheres":false,"c0_4":100,"sigilo_c0_4":false,"c5_9":91,"sigilo_c5_9":false,"i60_69":50,"sigilo_i60_69":false,"i70m":26,"sigilo_i70m":false,"indigenas":null,"sigilo_indigenas":true,"pretos_pardos":326,"sigilo_pretos_pardos":false,"dom_ocupados":307,"sigilo_dom_ocupados":false,"dom_agua":299,"sigilo_dom_agua":false,"dom_esgoto":110,"sigilo_dom_esgoto":false,"renda_resp":1913.07,"sigilo_renda_resp":false,"n_resp":307,"sigilo_n_resp":false,"dens":4065.7,"sigilo_dens":false,"na_bacia":0,"area_pct_bacia":0.0,"metodo_recorte_bacia":"ponto_representativo_setor_2022; area_pct_geometrica","status_borda_bacia":"total","metodo_area_bacia":"interseção geométrica em EPSG:5880","metodo_na_bacia":"ponto_representativo_setor_2022_within_bacia","pop_n_validos":1,"pop_n_total":1,"pop_completude":1.0,"dom_n_validos":1,"dom_n_total":1,"dom_completude":1.0,"dom_ocupados_n_validos":1,"dom_ocupados_n_total":1,"dom_ocupados_completude":1.0,"mulheres_n_validos":1,"mulheres_n_total":1,"mulheres_completude":1.0,"c0_4_n_validos":1,"c0_4_n_total":1,"c0_4_completude":1.0,"c5_9_n_validos":1,"c5_9_n_total":1,"c5_9_completude":1.0,"i60_69_n_validos":1,"i60_69_n_total":1,"i60_69_completude":1.0,"i70m_n_validos":1,"i70m_n_total":1,"i70m_completude":1.0,"indigenas_n_validos":0,"indigenas_n_total":1,"indigenas_completude":0.0,"pretos_pardos_n_validos":1,"pretos_pardos_n_total":1,"pretos_pardos_completude":1.0,"dom_agua_n_validos":1,"dom_agua_n_total":1,"dom_agua_completude":1.0,"dom_esgoto_n_validos":1,"dom_esgoto_n_total":1,"dom_esgoto_completude":1.0,"n_resp_n_validos":1,"n_resp_n_total":1,"n_resp_completude":1.0,"renda_resp_n_validos":1,"renda_resp_n_total":1,"renda_resp_completude":1.0,"dens_n_validos":1,"dens_n_total":1,"dens_completude":1.0},"geometry":{"type":"Polygon","coordinates":[[[-51.49901219999998,-29.70772709999995],[-51.498508799999975,-29.70979669999997],[-51.498138799999936,-29.713323599999963],[-51.498522299999934,-29.71335429999994],[-51.498693099999976,-29.71360629999998],[-51.50100529999998,-29.712459599999935],[-51.50159269999995,-29.712501599999943],[-51.503660199999956,-29.708280499999933],[-51.50171469999998,-29.70756889999995],[-51.50088219999998,-29.707947299999933],[-51.49901219999998,-29.70772709999995]]]}},{"type":"Feature","properties":{"setor":"431240105000121","pop":251,"sigilo_pop":false,"dom":144,"sigilo_dom":false,"mulheres":120,"sigilo_mulheres":false,"c0_4":9,"sigilo_c0_4":false,"c5_9":25,"sigilo_c5_9":false,"i60_69":31,"sigilo_i60_69":false,"i70m":23,"sigilo_i70m":false,"indigenas":0,"sigilo_indigenas":false,"pretos_pardos":16,"sigilo_pretos_pardos":false,"dom_ocupados":103,"sigilo_dom_ocupados":false,"dom_agua":0,"sigilo_dom_agua":false,"dom_esgoto":0,"sigilo_dom_esgoto":false,"renda_resp":2292.7,"sigilo_renda_resp":false,"n_resp":103,"sigilo_n_resp":false,"dens":31.0,"sigilo_dens":false,"na_bacia":0,"area_pct_bacia":0.0,"metodo_recorte_bacia":"ponto_representativo_setor_2022; area_pct_geometrica","status_borda_bacia":"total","metodo_area_bacia":"interseção geométrica em EPSG:5880","metodo_na_bacia":"ponto_representativo_setor_2022_within_bacia","pop_n_validos":1,"pop_n_total":1,"pop_completude":1.0,"dom_n_validos":1,"dom_n_total":1,"dom_completude":1.0,"dom_ocupados_n_validos":1,"dom_ocupados_n_total":1,"dom_ocupados_completude":1.0,"mulheres_n_validos":1,"mulheres_n_total":1,"mulheres_completude":1.0,"c0_4_n_validos":1,"c0_4_n_total":1,"c0_4_completude":1.0,"c5_9_n_validos":1,"c5_9_n_total":1,"c5_9_completude":1.0,"i60_69_n_validos":1,"i60_69_n_total":1,"i60_69_completude":1.0,"i70m_n_validos":1,"i70m_n_total":1,"i70m_completude":1.0,"indigenas_n_validos":1,"indigenas_n_total":1,"indigenas_completude":1.0,"pretos_pardos_n_validos":1,"pretos_pardos_n_total":1,"pretos_pardos_completude":1.0,"dom_agua_n_validos":1,"dom_agua_n_total":1,"dom_agua_completude":1.0,"dom_esgoto_n_validos":1,"dom_esgoto_n_total":1,"dom_esgoto_completude":1.0,"n_resp_n_validos":1,"n_resp_n_total":1,"n_resp_completude":1.0,"renda_resp_n_validos":1,"renda_resp_n_total":1,"renda_resp_completude":1.0,"dens_n_validos":1,"dens_n_total":1,"dens_completude":1.0},"geometry":{"type":"Polygon","coordinates":[[[-51.479765499999985,-29.67275149999996],[-51.49401709999995,-29.68524419999994],[-51.49371359999997,-29.68733639999994],[-51.50012259999995,-29.688032599999925],[-51.503344,-29.687377399999942],[-51.50524539999998,-29.687387699999938],[-51.50875119999995,-29.688193],[-51.51104429999997,-29.688274699999972],[-51.51752829999998,-29.68637989999996],[-51.517934,-29.68572589999995],[-51.51963839999996,-29.687904799999956],[-51.518523699999946,-29.688842699999945],[-51.521318,-29.68835079999996],[-51.52536279999998,-29.688775],[-51.52548239999993,-29.688234199999943],[-51.52906379999996,-29.687080199999976],[-51.53166749999997,-29.685844399999944],[-51.5323418,-29.685390599999938],[-51.533987,-29.683556599999967],[-51.5280863,-29.676583499999932],[-51.528657,-29.675811399999933],[-51.527511799999964,-29.673989099999968],[-51.52741159999994,-29.672229],[-51.52706789999997,-29.67182879999995],[-51.52700509999995,-29.67086989999996],[-51.52667429999997,-29.670528599999955],[-51.52659959999995,-29.66951219999992],[-51.52568579999997,-29.668879099999966],[-51.525389,-29.668025],[-51.52454369999998,-29.66795929999995],[-51.523842,-29.6668974],[-51.52294309999996,-29.666602],[-51.522343,-29.66419139999993],[-51.52134609999997,-29.662979899999986],[-51.518686199999934,-29.662969],[-51.51743669999996,-29.66272949999995],[-51.51688439999999,-29.66293029999997],[-51.516871899999956,-29.663530499999972],[-51.51493649999998,-29.667275299999968],[-51.51529339999997,-29.66848879999997],[-51.514654,-29.669173699999927],[-51.514081499999975,-29.671449699999982],[-51.513768,-29.671697099999957],[-51.51323279999997,-29.671630299999944],[-51.51202649999994,-29.671941899999975],[-51.51137149999994,-29.672506099999964],[-51.50793209999995,-29.67361709999994],[-51.506667099999966,-29.673640099999936],[-51.502540499999945,-29.670776399999966],[-51.50080109999994,-29.67054],[-51.498929,-29.670568499999945],[-51.495480499999985,-29.671888699999958],[-51.493245399999985,-29.671706499999978],[-51.49159159999994,-29.67130269999995],[-51.48911069999997,-29.671808],[-51.48750979999994,-29.671779399999938],[-51.486419799999965,-29.672189],[-51.48276039999996,-29.672231399999927],[-51.48083819999993,-29.67288169999995],[-51.479765499999985,-29.67275149999996]]]}},{"type":"Feature","properties":{"setor":"431240105000122","pop":71,"sigilo_pop":false,"dom":38,"sigilo_dom":false,"mulheres":31,"sigilo_mulheres":false,"c0_4":null,"sigilo_c0_4":true,"c5_9":null,"sigilo_c5_9":true,"i60_69":7,"sigilo_i60_69":false,"i70m":null,"sigilo_i70m":true,"indigenas":0,"sigilo_indigenas":false,"pretos_pardos":null,"sigilo_pretos_pardos":true,"dom_ocupados":29,"sigilo_dom_ocupados":false,"dom_agua":0,"sigilo_dom_agua":false,"dom_esgoto":0,"sigilo_dom_esgoto":false,"renda_resp":3094.59,"sigilo_renda_resp":false,"n_resp":29,"sigilo_n_resp":false,"dens":77.6,"sigilo_dens":false,"na_bacia":0,"area_pct_bacia":0.0,"metodo_recorte_bacia":"ponto_representativo_setor_2022; area_pct_geometrica","status_borda_bacia":"total","metodo_area_bacia":"interseção geométrica em EPSG:5880","metodo_na_bacia":"ponto_representativo_setor_2022_within_bacia","pop_n_validos":1,"pop_n_total":1,"pop_completude":1.0,"dom_n_validos":1,"dom_n_total":1,"dom_completude":1.0,"dom_ocupados_n_validos":1,"dom_ocupados_n_total":1,"dom_ocupados_completude":1.0,"mulheres_n_validos":1,"mulheres_n_total":1,"mulheres_completude":1.0,"c0_4_n_validos":0,"c0_4_n_total":1,"c0_4_completude":0.0,"c5_9_n_validos":0,"c5_9_n_total":1,"c5_9_completude":0.0,"i60_69_n_validos":1,"i60_69_n_total":1,"i60_69_completude":1.0,"i70m_n_validos":0,"i70m_n_total":1,"i70m_completude":0.0,"indigenas_n_validos":1,"indigenas_n_total":1,"indigenas_completude":1.0,"pretos_pardos_n_validos":0,"pretos_pardos_n_total":1,"pretos_pardos_completude":0.0,"dom_agua_n_validos":1,"dom_agua_n_total":1,"dom_agua_completude":1.0,"dom_esgoto_n_validos":1,"dom_esgoto_n_total":1,"dom_esgoto_completude":1.0,"n_resp_n_validos":1,"n_resp_n_total":1,"n_resp_completude":1.0,"renda_resp_n_validos":1,"renda_resp_n_total":1,"renda_resp_completude":1.0,"dens_n_validos":1,"dens_n_total":1,"dens_completude":1.0},"geometry":{"type":"Polygon","coordinates":[[[-51.482483399999985,-29.68524439999994],[-51.49371359999997,-29.68733639999994],[-51.49401709999995,-29.68524419999994],[-51.479765499999985,-29.67275149999996],[-51.479712699999936,-29.676615599999934],[-51.48021529999994,-29.67718709999998],[-51.48118049999994,-29.677598699999976],[-51.48189409999998,-29.678820699999957],[-51.481492499999945,-29.680453899999975],[-51.481780799999974,-29.681216699999943],[-51.48161209999995,-29.68257619999997],[-51.481935,-29.682930599999956],[-51.48176529999996,-29.683673499999944],[-51.482153,-29.683927699999977],[-51.482102199999986,-29.684391],[-51.482473299999974,-29.684595799999958],[-51.482483399999985,-29.68524439999994]]]}},{"type":"Feature","properties":{"setor":"431240105000123","pop":129,"sigilo_pop":false,"dom":56,"sigilo_dom":false,"mulheres":65,"sigilo_mulheres":false,"c0_4":13,"sigilo_c0_4":false,"c5_9":8,"sigilo_c5_9":false,"i60_69":12,"sigilo_i60_69":false,"i70m":9,"sigilo_i70m":false,"indigenas":0,"sigilo_indigenas":false,"pretos_pardos":14,"sigilo_pretos_pardos":false,"dom_ocupados":42,"sigilo_dom_ocupados":false,"dom_agua":null,"sigilo_dom_agua":true,"dom_esgoto":0,"sigilo_dom_esgoto":false,"renda_resp":3005.84,"sigilo_renda_resp":false,"n_resp":42,"sigilo_n_resp":false,"dens":24.3,"sigilo_dens":false,"na_bacia":0,"area_pct_bacia":0.0,"metodo_recorte_bacia":"ponto_representativo_setor_2022; area_pct_geometrica","status_borda_bacia":"total","metodo_area_bacia":"interseção geométrica em EPSG:5880","metodo_na_bacia":"ponto_representativo_setor_2022_within_bacia","pop_n_validos":1,"pop_n_total":1,"pop_completude":1.0,"dom_n_validos":1,"dom_n_total":1,"dom_completude":1.0,"dom_ocupados_n_validos":1,"dom_ocupados_n_total":1,"dom_ocupados_completude":1.0,"mulheres_n_validos":1,"mulheres_n_total":1,"mulheres_completude":1.0,"c0_4_n_validos":1,"c0_4_n_total":1,"c0_4_completude":1.0,"c5_9_n_validos":1,"c5_9_n_total":1,"c5_9_completude":1.0,"i60_69_n_validos":1,"i60_69_n_total":1,"i60_69_completude":1.0,"i70m_n_validos":1,"i70m_n_total":1,"i70m_completude":1.0,"indigenas_n_validos":1,"indigenas_n_total":1,"indigenas_completude":1.0,"pretos_pardos_n_validos":1,"pretos_pardos_n_total":1,"pretos_pardos_completude":1.0,"dom_agua_n_validos":0,"dom_agua_n_total":1,"dom_agua_completude":0.0,"dom_esgoto_n_validos":1,"dom_esgoto_n_total":1,"dom_esgoto_completude":1.0,"n_resp_n_validos":1,"n_resp_n_total":1,"n_resp_completude":1.0,"renda_resp_n_validos":1,"renda_resp_n_total":1,"renda_resp_completude":1.0,"dens_n_validos":1,"dens_n_total":1,"dens_completude":1.0},"geometry":{"type":"Polygon","coordinates":[[[-51.49690689999994,-29.721781499999953],[-51.496326099999976,-29.723156899999932],[-51.496006299999976,-29.72535639999994],[-51.49186139999995,-29.72579],[-51.49094529999997,-29.723484],[-51.484111,-29.728677],[-51.48561559999996,-29.73103879999997],[-51.48775079999996,-29.733183199999925],[-51.48820139999997,-29.73407929999996],[-51.48843009999997,-29.737818099999977],[-51.49053939999994,-29.73839789999995],[-51.490889699999975,-29.73871009999993],[-51.49202529999997,-29.740405899999924],[-51.492232299999955,-29.741929499999976],[-51.49478319999998,-29.741447],[-51.495234399999966,-29.741082599999967],[-51.495930699999974,-29.737995299999966],[-51.49695269999996,-29.735750599999964],[-51.500298199999975,-29.73476149999993],[-51.50226809999998,-29.737047299999972],[-51.50393219999995,-29.738116699999974],[-51.507644099999936,-29.738625099999982],[-51.508299799999975,-29.73906659999994],[-51.50863579999998,-29.739039099999964],[-51.509224,-29.738601],[-51.50933159999993,-29.737367799999962],[-51.51071949999994,-29.736782099999967],[-51.51143659999997,-29.737088],[-51.512125399999945,-29.737912899999962],[-51.51386439999993,-29.738857399999972],[-51.51554,-29.739136],[-51.51986019999998,-29.738878199999917],[-51.52078419999999,-29.73916879999996],[-51.521723,-29.74004019999997],[-51.52195619999998,-29.74000869999997],[-51.522473599999955,-29.735042],[-51.51994989999997,-29.72834349999994],[-51.51801379999995,-29.72752079999997],[-51.514407,-29.72546259999995],[-51.51152459999997,-29.72468309999993],[-51.507730599999945,-29.721815299999946],[-51.50456579999997,-29.721258899999945],[-51.50104779999998,-29.720314299999984],[-51.50059969999995,-29.72037749999997],[-51.498155699999984,-29.72188279999994],[-51.49690689999994,-29.721781499999953]]]}},{"type":"Feature","properties":{"setor":"431240105000124","pop":394,"sigilo_pop":false,"dom":150,"sigilo_dom":false,"mulheres":187,"sigilo_mulheres":false,"c0_4":37,"sigilo_c0_4":false,"c5_9":43,"sigilo_c5_9":false,"i60_69":32,"sigilo_i60_69":false,"i70m":15,"sigilo_i70m":false,"indigenas":0,"sigilo_indigenas":false,"pretos_pardos":40,"sigilo_pretos_pardos":false,"dom_ocupados":123,"sigilo_dom_ocupados":false,"dom_agua":10,"sigilo_dom_agua":false,"dom_esgoto":4,"sigilo_dom_esgoto":false,"renda_resp":2202.68,"sigilo_renda_resp":false,"n_resp":123,"sigilo_n_resp":false,"dens":53.8,"sigilo_dens":false,"na_bacia":0,"area_pct_bacia":0.0,"metodo_recorte_bacia":"ponto_representativo_setor_2022; area_pct_geometrica","status_borda_bacia":"total","metodo_area_bacia":"interseção geométrica em EPSG:5880","metodo_na_bacia":"ponto_representativo_setor_2022_within_bacia","pop_n_validos":1,"pop_n_total":1,"pop_completude":1.0,"dom_n_validos":1,"dom_n_total":1,"dom_completude":1.0,"dom_ocupados_n_validos":1,"dom_ocupados_n_total":1,"dom_ocupados_completude":1.0,"mulheres_n_validos":1,"mulheres_n_total":1,"mulheres_completude":1.0,"c0_4_n_validos":1,"c0_4_n_total":1,"c0_4_completude":1.0,"c5_9_n_validos":1,"c5_9_n_total":1,"c5_9_completude":1.0,"i60_69_n_validos":1,"i60_69_n_total":1,"i60_69_completude":1.0,"i70m_n_validos":1,"i70m_n_total":1,"i70m_completude":1.0,"indigenas_n_validos":1,"indigenas_n_total":1,"indigenas_completude":1.0,"pretos_pardos_n_validos":1,"pretos_pardos_n_total":1,"pretos_pardos_completude":1.0,"dom_agua_n_validos":1,"dom_agua_n_total":1,"dom_agua_completude":1.0,"dom_esgoto_n_validos":1,"dom_esgoto_n_total":1,"dom_esgoto_completude":1.0,"n_resp_n_validos":1,"n_resp_n_total":1,"n_resp_completude":1.0,"renda_resp_n_validos":1,"renda_resp_n_total":1,"renda_resp_completude":1.0,"dens_n_validos":1,"dens_n_total":1,"dens_completude":1.0},"geometry":{"type":"Polygon","coordinates":[[[-51.463241,-29.70544259999997],[-51.46292769999996,-29.706183799999963],[-51.45697109999998,-29.711383199999947],[-51.45688749999994,-29.712690899999984],[-51.45914959999994,-29.71530219999994],[-51.458257199999935,-29.717976699999955],[-51.45566279999998,-29.71992949999997],[-51.45325989999998,-29.719455199999956],[-51.4519552,-29.720110299999927],[-51.45115589999995,-29.720849299999937],[-51.44926369999997,-29.72360909999996],[-51.44859549999995,-29.726197099999986],[-51.448545399999944,-29.727734599999966],[-51.44781149999994,-29.72823209999996],[-51.44758919999998,-29.728700399999973],[-51.4478443,-29.73014929999993],[-51.44855919999998,-29.730647499999986],[-51.44887719999997,-29.73195139999996],[-51.45371629999994,-29.73170019999997],[-51.45909469999998,-29.73246149999995],[-51.461689699999965,-29.73166959999997],[-51.46683159999998,-29.731395599999924],[-51.46688169999993,-29.730986199999958],[-51.469742799999956,-29.729845399999927],[-51.471505399999955,-29.727427099999947],[-51.47612989999994,-29.724156499999932],[-51.479189799999965,-29.726828499999954],[-51.47970609999993,-29.724202899999955],[-51.48032409999997,-29.723862299999947],[-51.48202349999996,-29.723841599999954],[-51.484875699999975,-29.71251959999995],[-51.48534029999996,-29.709578299999983],[-51.484107599999966,-29.709766199999926],[-51.483159399999984,-29.709508799999973],[-51.48206259999995,-29.709735699999946],[-51.48101269999995,-29.709398399999937],[-51.47922019999998,-29.708121599999977],[-51.478009,-29.708423799999935],[-51.476372599999934,-29.708223],[-51.475454499999955,-29.708427599999922],[-51.47479409999994,-29.708241299999937],[-51.47420029999995,-29.708378799999927],[-51.47424149999995,-29.70791749999995],[-51.47631229999996,-29.706622199999963],[-51.476614,-29.706151799999926],[-51.47871729999998,-29.70507019999997],[-51.47590119999996,-29.70237489999994],[-51.47251039999998,-29.701361399999932],[-51.46766169999995,-29.705387199999972],[-51.463241,-29.70544259999997]]]}},{"type":"Feature","properties":{"setor":"431240105000125","pop":781,"sigilo_pop":false,"dom":326,"sigilo_dom":false,"mulheres":413,"sigilo_mulheres":false,"c0_4":62,"sigilo_c0_4":false,"c5_9":66,"sigilo_c5_9":false,"i60_69":53,"sigilo_i60_69":false,"i70m":32,"sigilo_i70m":false,"indigenas":4,"sigilo_indigenas":false,"pretos_pardos":251,"sigilo_pretos_pardos":false,"dom_ocupados":297,"sigilo_dom_ocupados":false,"dom_agua":291,"sigilo_dom_agua":false,"dom_esgoto":28,"sigilo_dom_esgoto":false,"renda_resp":2106.18,"sigilo_renda_resp":false,"n_resp":297,"sigilo_n_resp":false,"dens":3068.8,"sigilo_dens":false,"na_bacia":0,"area_pct_bacia":0.0,"metodo_recorte_bacia":"ponto_representativo_setor_2022; area_pct_geometrica","status_borda_bacia":"total","metodo_area_bacia":"interseção geométrica em EPSG:5880","metodo_na_bacia":"ponto_representativo_setor_2022_within_bacia","pop_n_validos":1,"pop_n_total":1,"pop_completude":1.0,"dom_n_validos":1,"dom_n_total":1,"dom_completude":1.0,"dom_ocupados_n_validos":1,"dom_ocupados_n_total":1,"dom_ocupados_completude":1.0,"mulheres_n_validos":1,"mulheres_n_total":1,"mulheres_completude":1.0,"c0_4_n_validos":1,"c0_4_n_total":1,"c0_4_completude":1.0,"c5_9_n_validos":1,"c5_9_n_total":1,"c5_9_completude":1.0,"i60_69_n_validos":1,"i60_69_n_total":1,"i60_69_completude":1.0,"i70m_n_validos":1,"i70m_n_total":1,"i70m_completude":1.0,"indigenas_n_validos":1,"indigenas_n_total":1,"indigenas_completude":1.0,"pretos_pardos_n_validos":1,"pretos_pardos_n_total":1,"pretos_pardos_completude":1.0,"dom_agua_n_validos":1,"dom_agua_n_total":1,"dom_agua_completude":1.0,"dom_esgoto_n_validos":1,"dom_esgoto_n_total":1,"dom_esgoto_completude":1.0,"n_resp_n_validos":1,"n_resp_n_total":1,"n_resp_completude":1.0,"renda_resp_n_validos":1,"renda_resp_n_total":1,"renda_resp_completude":1.0,"dens_n_validos":1,"dens_n_total":1,"dens_completude":1.0},"geometry":{"type":"Polygon","coordinates":[[[-51.49031189999994,-29.71558319999995],[-51.48770529999996,-29.714069199999976],[-51.48742069999997,-29.71598719999997],[-51.485241,-29.715641899999987],[-51.48388689999996,-29.721363299999954],[-51.489133,-29.718992],[-51.49031189999994,-29.71558319999995]]]}},{"type":"Feature","properties":{"setor":"431240105000126","pop":457,"sigilo_pop":false,"dom":201,"sigilo_dom":false,"mulheres":233,"sigilo_mulheres":false,"c0_4":37,"sigilo_c0_4":false,"c5_9":26,"sigilo_c5_9":false,"i60_69":28,"sigilo_i60_69":false,"i70m":20,"sigilo_i70m":false,"indigenas":0,"sigilo_indigenas":false,"pretos_pardos":88,"sigilo_pretos_pardos":false,"dom_ocupados":186,"sigilo_dom_ocupados":false,"dom_agua":174,"sigilo_dom_agua":false,"dom_esgoto":46,"sigilo_dom_esgoto":false,"renda_resp":2402.82,"sigilo_renda_resp":false,"n_resp":186,"sigilo_n_resp":false,"dens":930.5,"sigilo_dens":false,"na_bacia":0,"area_pct_bacia":0.0,"metodo_recorte_bacia":"ponto_representativo_setor_2022; area_pct_geometrica","status_borda_bacia":"total","metodo_area_bacia":"interseção geométrica em EPSG:5880","metodo_na_bacia":"ponto_representativo_setor_2022_within_bacia","pop_n_validos":1,"pop_n_total":1,"pop_completude":1.0,"dom_n_validos":1,"dom_n_total":1,"dom_completude":1.0,"dom_ocupados_n_validos":1,"dom_ocupados_n_total":1,"dom_ocupados_completude":1.0,"mulheres_n_validos":1,"mulheres_n_total":1,"mulheres_completude":1.0,"c0_4_n_validos":1,"c0_4_n_total":1,"c0_4_completude":1.0,"c5_9_n_validos":1,"c5_9_n_total":1,"c5_9_completude":1.0,"i60_69_n_validos":1,"i60_69_n_total":1,"i60_69_completude":1.0,"i70m_n_validos":1,"i70m_n_total":1,"i70m_completude":1.0,"indigenas_n_validos":1,"indigenas_n_total":1,"indigenas_completude":1.0,"pretos_pardos_n_validos":1,"pretos_pardos_n_total":1,"pretos_pardos_completude":1.0,"dom_agua_n_validos":1,"dom_agua_n_total":1,"dom_agua_completude":1.0,"dom_esgoto_n_validos":1,"dom_esgoto_n_total":1,"dom_esgoto_completude":1.0,"n_resp_n_validos":1,"n_resp_n_total":1,"n_resp_completude":1.0,"renda_resp_n_validos":1,"renda_resp_n_total":1,"renda_resp_completude":1.0,"dens_n_validos":1,"dens_n_total":1,"dens_completude":1.0},"geometry":{"type":"Polygon","coordinates":[[[-51.49031189999994,-29.71558319999995],[-51.489133,-29.718992],[-51.48388689999996,-29.721363299999954],[-51.48288069999995,-29.72516269999994],[-51.482923199999966,-29.726646799999973],[-51.48606929999994,-29.72401819999994],[-51.49351989999997,-29.720319499999956],[-51.49553779999996,-29.718745399999936],[-51.49031189999994,-29.71558319999995]]]}},{"type":"Feature","properties":{"setor":"431240105000127","pop":567,"sigilo_pop":false,"dom":235,"sigilo_dom":false,"mulheres":292,"sigilo_mulheres":false,"c0_4":61,"sigilo_c0_4":false,"c5_9":46,"sigilo_c5_9":false,"i60_69":30,"sigilo_i60_69":false,"i70m":23,"sigilo_i70m":false,"indigenas":0,"sigilo_indigenas":false,"pretos_pardos":66,"sigilo_pretos_pardos":false,"dom_ocupados":213,"sigilo_dom_ocupados":false,"dom_agua":213,"sigilo_dom_agua":false,"dom_esgoto":15,"sigilo_dom_esgoto":false,"renda_resp":4586.69,"sigilo_renda_resp":false,"n_resp":213,"sigilo_n_resp":false,"dens":2088.8,"sigilo_dens":false,"na_bacia":0,"area_pct_bacia":0.0,"metodo_recorte_bacia":"ponto_representativo_setor_2022; area_pct_geometrica","status_borda_bacia":"total","metodo_area_bacia":"interseção geométrica em EPSG:5880","metodo_na_bacia":"ponto_representativo_setor_2022_within_bacia","pop_n_validos":1,"pop_n_total":1,"pop_completude":1.0,"dom_n_validos":1,"dom_n_total":1,"dom_completude":1.0,"dom_ocupados_n_validos":1,"dom_ocupados_n_total":1,"dom_ocupados_completude":1.0,"mulheres_n_validos":1,"mulheres_n_total":1,"mulheres_completude":1.0,"c0_4_n_validos":1,"c0_4_n_total":1,"c0_4_completude":1.0,"c5_9_n_validos":1,"c5_9_n_total":1,"c5_9_completude":1.0,"i60_69_n_validos":1,"i60_69_n_total":1,"i60_69_completude":1.0,"i70m_n_validos":1,"i70m_n_total":1,"i70m_completude":1.0,"indigenas_n_validos":1,"indigenas_n_total":1,"indigenas_completude":1.0,"pretos_pardos_n_validos":1,"pretos_pardos_n_total":1,"pretos_pardos_completude":1.0,"dom_agua_n_validos":1,"dom_agua_n_total":1,"dom_agua_completude":1.0,"dom_esgoto_n_validos":1,"dom_esgoto_n_total":1,"dom_esgoto_completude":1.0,"n_resp_n_validos":1,"n_resp_n_total":1,"n_resp_completude":1.0,"renda_resp_n_validos":1,"renda_resp_n_total":1,"renda_resp_completude":1.0,"dens_n_validos":1,"dens_n_total":1,"dens_completude":1.0},"geometry":{"type":"Polygon","coordinates":[[[-51.48854569999997,-29.692623099999935],[-51.48809989999995,-29.692534799999976],[-51.485865,-29.694286599999934],[-51.48174889999995,-29.696055899999976],[-51.48684349999997,-29.699579899999936],[-51.48776449999997,-29.699358699999944],[-51.48867489999998,-29.69840689999996],[-51.488334399999985,-29.69670419999995],[-51.48768769999998,-29.695097899999947],[-51.48926789999996,-29.69497959999997],[-51.48854569999997,-29.692623099999935]]]}},{"type":"Feature","properties":{"setor":"431240105000128","pop":511,"sigilo_pop":false,"dom":266,"sigilo_dom":false,"mulheres":281,"sigilo_mulheres":false,"c0_4":24,"sigilo_c0_4":false,"c5_9":29,"sigilo_c5_9":false,"i60_69":41,"sigilo_i60_69":false,"i70m":31,"sigilo_i70m":false,"indigenas":null,"sigilo_indigenas":true,"pretos_pardos":105,"sigilo_pretos_pardos":false,"dom_ocupados":211,"sigilo_dom_ocupados":false,"dom_agua":211,"sigilo_dom_agua":false,"dom_esgoto":17,"sigilo_dom_esgoto":false,"renda_resp":2241.01,"sigilo_renda_resp":false,"n_resp":211,"sigilo_n_resp":false,"dens":3166.7,"sigilo_dens":false,"na_bacia":0,"area_pct_bacia":0.0,"metodo_recorte_bacia":"ponto_representativo_setor_2022; area_pct_geometrica","status_borda_bacia":"total","metodo_area_bacia":"interseção geométrica em EPSG:5880","metodo_na_bacia":"ponto_representativo_setor_2022_within_bacia","pop_n_validos":1,"pop_n_total":1,"pop_completude":1.0,"dom_n_validos":1,"dom_n_total":1,"dom_completude":1.0,"dom_ocupados_n_validos":1,"dom_ocupados_n_total":1,"dom_ocupados_completude":1.0,"mulheres_n_validos":1,"mulheres_n_total":1,"mulheres_completude":1.0,"c0_4_n_validos":1,"c0_4_n_total":1,"c0_4_completude":1.0,"c5_9_n_validos":1,"c5_9_n_total":1,"c5_9_completude":1.0,"i60_69_n_validos":1,"i60_69_n_total":1,"i60_69_completude":1.0,"i70m_n_validos":1,"i70m_n_total":1,"i70m_completude":1.0,"indigenas_n_validos":0,"indigenas_n_total":1,"indigenas_completude":0.0,"pretos_pardos_n_validos":1,"pretos_pardos_n_total":1,"pretos_pardos_completude":1.0,"dom_agua_n_validos":1,"dom_agua_n_total":1,"dom_agua_completude":1.0,"dom_esgoto_n_validos":1,"dom_esgoto_n_total":1,"dom_esgoto_completude":1.0,"n_resp_n_validos":1,"n_resp_n_total":1,"n_resp_completude":1.0,"renda_resp_n_validos":1,"renda_resp_n_total":1,"renda_resp_completude":1.0,"dens_n_validos":1,"dens_n_total":1,"dens_completude":1.0},"geometry":{"type":"Polygon","coordinates":[[[-51.48854569999997,-29.692623099999935],[-51.48926789999996,-29.69497959999997],[-51.48768769999998,-29.695097899999947],[-51.488334399999985,-29.69670419999995],[-51.48867489999998,-29.69840689999996],[-51.490470699999946,-29.697854399999983],[-51.49207869999997,-29.697862399999963],[-51.491277299999986,-29.69624579999992],[-51.49107279999998,-29.694967],[-51.49194779999994,-29.693151],[-51.48854569999997,-29.692623099999935]]]}},{"type":"Feature","properties":{"setor":"431240105000129","pop":49,"sigilo_pop":false,"dom":21,"sigilo_dom":false,"mulheres":18,"sigilo_mulheres":false,"c0_4":null,"sigilo_c0_4":true,"c5_9":4,"sigilo_c5_9":false,"i60_69":0,"sigilo_i60_69":false,"i70m":null,"sigilo_i70m":true,"indigenas":0,"sigilo_indigenas":false,"pretos_pardos":null,"sigilo_pretos_pardos":true,"dom_ocupados":17,"sigilo_dom_ocupados":false,"dom_agua":0,"sigilo_dom_agua":false,"dom_esgoto":0,"sigilo_dom_esgoto":false,"renda_resp":6326.24,"sigilo_renda_resp":false,"n_resp":17,"sigilo_n_resp":false,"dens":2.7,"sigilo_dens":false,"na_bacia":0,"area_pct_bacia":0.0,"metodo_recorte_bacia":"ponto_representativo_setor_2022; area_pct_geometrica","status_borda_bacia":"total","metodo_area_bacia":"interseção geométrica em EPSG:5880","metodo_na_bacia":"ponto_representativo_setor_2022_within_bacia","pop_n_validos":1,"pop_n_total":1,"pop_completude":1.0,"dom_n_validos":1,"dom_n_total":1,"dom_completude":1.0,"dom_ocupados_n_validos":1,"dom_ocupados_n_total":1,"dom_ocupados_completude":1.0,"mulheres_n_validos":1,"mulheres_n_total":1,"mulheres_completude":1.0,"c0_4_n_validos":0,"c0_4_n_total":1,"c0_4_completude":0.0,"c5_9_n_validos":1,"c5_9_n_total":1,"c5_9_completude":1.0,"i60_69_n_validos":1,"i60_69_n_total":1,"i60_69_completude":1.0,"i70m_n_validos":0,"i70m_n_total":1,"i70m_completude":0.0,"indigenas_n_validos":1,"indigenas_n_total":1,"indigenas_completude":1.0,"pretos_pardos_n_validos":0,"pretos_pardos_n_total":1,"pretos_pardos_completude":0.0,"dom_agua_n_validos":1,"dom_agua_n_total":1,"dom_agua_completude":1.0,"dom_esgoto_n_validos":1,"dom_esgoto_n_total":1,"dom_esgoto_completude":1.0,"n_resp_n_validos":1,"n_resp_n_total":1,"n_resp_completude":1.0,"renda_resp_n_validos":1,"renda_resp_n_total":1,"renda_resp_completude":1.0,"dens_n_validos":1,"dens_n_total":1,"dens_completude":1.0},"geometry":{"type":"Polygon","coordinates":[[[-51.426345,-29.818377],[-51.42398019999995,-29.818234699999937],[-51.421879399999966,-29.817824699999953],[-51.41618819999997,-29.815769],[-51.41402969999996,-29.815216399999944],[-51.411833299999955,-29.81518159999995],[-51.40736389999995,-29.815697299999954],[-51.4049045,-29.815607399999966],[-51.40055549999994,-29.81500229999994],[-51.398706299999965,-29.81512459999994],[-51.39667909999998,-29.815625899999937],[-51.39344959999993,-29.816959899999976],[-51.391377199999965,-29.817374],[-51.38655689999996,-29.817529199999974],[-51.37955269999998,-29.81841519999994],[-51.37651759999994,-29.81818729999997],[-51.37233469999995,-29.81834729999998],[-51.3576834,-29.820114899999968],[-51.35602479999994,-29.82043909999993],[-51.35375449999999,-29.82124469999996],[-51.350594299999955,-29.822668599999922],[-51.356294099999964,-29.830672699999973],[-51.35925689999994,-29.83103759999995],[-51.365359,-29.82614449999995],[-51.36694909999994,-29.82565229999994],[-51.37035649999996,-29.826577599999947],[-51.37066649999997,-29.827006599999944],[-51.37319929999995,-29.82441859999994],[-51.37313689999996,-29.824100699999967],[-51.37359669999995,-29.823391099999974],[-51.377059,-29.826134],[-51.374238,-29.828387],[-51.374656,-29.831463],[-51.372069199999935,-29.831581199999956],[-51.37217269999997,-29.833732099999967],[-51.370259199999964,-29.836410699999945],[-51.366741899999965,-29.83733429999994],[-51.36781819999993,-29.83942859999996],[-51.370119599999946,-29.840354399999967],[-51.371352899999984,-29.839268099999973],[-51.37509289999997,-29.84043529999996],[-51.38032469999997,-29.839020699999928],[-51.38980509999993,-29.83863479999996],[-51.39212059999994,-29.83711619999997],[-51.39513489999997,-29.83901409999992],[-51.39956939999996,-29.83699969999997],[-51.402035299999966,-29.838257299999952],[-51.407153,-29.838154],[-51.4090164,-29.839418599999927],[-51.413408599999975,-29.838190899999976],[-51.41902379999994,-29.842120099999928],[-51.42095659999996,-29.84289529999994],[-51.42189009999998,-29.841614],[-51.422647,-29.84116149999995],[-51.42302159999997,-29.84038059999994],[-51.42309779999994,-29.838511],[-51.425248899999985,-29.834106],[-51.429956199999936,-29.832502799999936],[-51.436965199999975,-29.832217199999935],[-51.440359,-29.830282699999945],[-51.4418596,-29.830798499999965],[-51.44538719999997,-29.830581799999948],[-51.448027399999944,-29.828898799999926],[-51.45224239999993,-29.825443899999986],[-51.45403049999994,-29.82363549999997],[-51.45715389999998,-29.82176249999998],[-51.45857409999997,-29.817643799999935],[-51.45650939999996,-29.81792909999996],[-51.45244439999993,-29.81921529999994],[-51.44819759999996,-29.820083799999956],[-51.44249639999998,-29.819607199999957],[-51.437719699999946,-29.818233],[-51.435093499999944,-29.81779019999993],[-51.431692299999945,-29.817771299999947],[-51.43009049999995,-29.818001499999976],[-51.431508,-29.82121],[-51.42801,-29.825557],[-51.42417,-29.824003],[-51.426345,-29.818377]]]}},{"type":"Feature","properties":{"setor":"431240105000130","pop":270,"sigilo_pop":false,"dom":121,"sigilo_dom":false,"mulheres":136,"sigilo_mulheres":false,"c0_4":14,"sigilo_c0_4":false,"c5_9":23,"sigilo_c5_9":false,"i60_69":23,"sigilo_i60_69":false,"i70m":20,"sigilo_i70m":false,"indigenas":0,"sigilo_indigenas":false,"pretos_pardos":60,"sigilo_pretos_pardos":false,"dom_ocupados":105,"sigilo_dom_ocupados":false,"dom_agua":4,"sigilo_dom_agua":false,"dom_esgoto":7,"sigilo_dom_esgoto":false,"renda_resp":1637.0,"sigilo_renda_resp":false,"n_resp":105,"sigilo_n_resp":false,"dens":1011.3,"sigilo_dens":false,"na_bacia":0,"area_pct_bacia":0.0,"metodo_recorte_bacia":"ponto_representativo_setor_2022; area_pct_geometrica","status_borda_bacia":"total","metodo_area_bacia":"interseção geométrica em EPSG:5880","metodo_na_bacia":"ponto_representativo_setor_2022_within_bacia","pop_n_validos":1,"pop_n_total":1,"pop_completude":1.0,"dom_n_validos":1,"dom_n_total":1,"dom_completude":1.0,"dom_ocupados_n_validos":1,"dom_ocupados_n_total":1,"dom_ocupados_completude":1.0,"mulheres_n_validos":1,"mulheres_n_total":1,"mulheres_completude":1.0,"c0_4_n_validos":1,"c0_4_n_total":1,"c0_4_completude":1.0,"c5_9_n_validos":1,"c5_9_n_total":1,"c5_9_completude":1.0,"i60_69_n_validos":1,"i60_69_n_total":1,"i60_69_completude":1.0,"i70m_n_validos":1,"i70m_n_total":1,"i70m_completude":1.0,"indigenas_n_validos":1,"indigenas_n_total":1,"indigenas_completude":1.0,"pretos_pardos_n_validos":1,"pretos_pardos_n_total":1,"pretos_pardos_completude":1.0,"dom_agua_n_validos":1,"dom_agua_n_total":1,"dom_agua_completude":1.0,"dom_esgoto_n_validos":1,"dom_esgoto_n_total":1,"dom_esgoto_completude":1.0,"n_resp_n_validos":1,"n_resp_n_total":1,"n_resp_completude":1.0,"renda_resp_n_validos":1,"renda_resp_n_total":1,"renda_resp_completude":1.0,"dens_n_validos":1,"dens_n_total":1,"dens_completude":1.0},"geometry":{"type":"Polygon","coordinates":[[[-51.372069199999935,-29.831581199999956],[-51.374656,-29.831463],[-51.374238,-29.828387],[-51.377059,-29.826134],[-51.37359669999995,-29.823391099999974],[-51.37313689999996,-29.824100699999967],[-51.37319929999995,-29.82441859999994],[-51.37066649999997,-29.827006599999944],[-51.37193339999993,-29.82876029999994],[-51.372069199999935,-29.831581199999956]]]}},{"type":"Feature","properties":{"setor":"431240105000131","pop":280,"sigilo_pop":false,"dom":138,"sigilo_dom":false,"mulheres":124,"sigilo_mulheres":false,"c0_4":12,"sigilo_c0_4":false,"c5_9":23,"sigilo_c5_9":false,"i60_69":25,"sigilo_i60_69":false,"i70m":14,"sigilo_i70m":false,"indigenas":3,"sigilo_indigenas":false,"pretos_pardos":95,"sigilo_pretos_pardos":false,"dom_ocupados":101,"sigilo_dom_ocupados":false,"dom_agua":null,"sigilo_dom_agua":true,"dom_esgoto":0,"sigilo_dom_esgoto":false,"renda_resp":2132.73,"sigilo_renda_resp":false,"n_resp":101,"sigilo_n_resp":false,"dens":742.0,"sigilo_dens":false,"na_bacia":0,"area_pct_bacia":0.0,"metodo_recorte_bacia":"ponto_representativo_setor_2022; area_pct_geometrica","status_borda_bacia":"total","metodo_area_bacia":"interseção geométrica em EPSG:5880","metodo_na_bacia":"ponto_representativo_setor_2022_within_bacia","pop_n_validos":1,"pop_n_total":1,"pop_completude":1.0,"dom_n_validos":1,"dom_n_total":1,"dom_completude":1.0,"dom_ocupados_n_validos":1,"dom_ocupados_n_total":1,"dom_ocupados_completude":1.0,"mulheres_n_validos":1,"mulheres_n_total":1,"mulheres_completude":1.0,"c0_4_n_validos":1,"c0_4_n_total":1,"c0_4_completude":1.0,"c5_9_n_validos":1,"c5_9_n_total":1,"c5_9_completude":1.0,"i60_69_n_validos":1,"i60_69_n_total":1,"i60_69_completude":1.0,"i70m_n_validos":1,"i70m_n_total":1,"i70m_completude":1.0,"indigenas_n_validos":1,"indigenas_n_total":1,"indigenas_completude":1.0,"pretos_pardos_n_validos":1,"pretos_pardos_n_total":1,"pretos_pardos_completude":1.0,"dom_agua_n_validos":0,"dom_agua_n_total":1,"dom_agua_completude":0.0,"dom_esgoto_n_validos":1,"dom_esgoto_n_total":1,"dom_esgoto_completude":1.0,"n_resp_n_validos":1,"n_resp_n_total":1,"n_resp_completude":1.0,"renda_resp_n_validos":1,"renda_resp_n_total":1,"renda_resp_completude":1.0,"dens_n_validos":1,"dens_n_total":1,"dens_completude":1.0},"geometry":{"type":"Polygon","coordinates":[[[-51.43009049999995,-29.818001499999976],[-51.426345,-29.818377],[-51.42417,-29.824003],[-51.42801,-29.825557],[-51.431508,-29.82121],[-51.43009049999995,-29.818001499999976]]]}},{"type":"Feature","properties":{"setor":"431240105000132","pop":905,"sigilo_pop":false,"dom":389,"sigilo_dom":false,"mulheres":472,"sigilo_mulheres":false,"c0_4":58,"sigilo_c0_4":false,"c5_9":64,"sigilo_c5_9":false,"i60_69":61,"sigilo_i60_69":false,"i70m":61,"sigilo_i70m":false,"indigenas":0,"sigilo_indigenas":false,"pretos_pardos":113,"sigilo_pretos_pardos":false,"dom_ocupados":340,"sigilo_dom_ocupados":false,"dom_agua":320,"sigilo_dom_agua":false,"dom_esgoto":61,"sigilo_dom_esgoto":false,"renda_resp":3660.01,"sigilo_renda_resp":false,"n_resp":340,"sigilo_n_resp":false,"dens":277.5,"sigilo_dens":false,"na_bacia":0,"area_pct_bacia":0.0,"metodo_recorte_bacia":"ponto_representativo_setor_2022; area_pct_geometrica","status_borda_bacia":"total","metodo_area_bacia":"interseção geométrica em EPSG:5880","metodo_na_bacia":"ponto_representativo_setor_2022_within_bacia","pop_n_validos":1,"pop_n_total":1,"pop_completude":1.0,"dom_n_validos":1,"dom_n_total":1,"dom_completude":1.0,"dom_ocupados_n_validos":1,"dom_ocupados_n_total":1,"dom_ocupados_completude":1.0,"mulheres_n_validos":1,"mulheres_n_total":1,"mulheres_completude":1.0,"c0_4_n_validos":1,"c0_4_n_total":1,"c0_4_completude":1.0,"c5_9_n_validos":1,"c5_9_n_total":1,"c5_9_completude":1.0,"i60_69_n_validos":1,"i60_69_n_total":1,"i60_69_completude":1.0,"i70m_n_validos":1,"i70m_n_total":1,"i70m_completude":1.0,"indigenas_n_validos":1,"indigenas_n_total":1,"indigenas_completude":1.0,"pretos_pardos_n_validos":1,"pretos_pardos_n_total":1,"pretos_pardos_completude":1.0,"dom_agua_n_validos":1,"dom_agua_n_total":1,"dom_agua_completude":1.0,"dom_esgoto_n_validos":1,"dom_esgoto_n_total":1,"dom_esgoto_completude":1.0,"n_resp_n_validos":1,"n_resp_n_total":1,"n_resp_completude":1.0,"renda_resp_n_validos":1,"renda_resp_n_total":1,"renda_resp_completude":1.0,"dens_n_validos":1,"dens_n_total":1,"dens_completude":1.0},"geometry":{"type":"Polygon","coordinates":[[[-51.44977939999995,-29.680843699999972],[-51.44573129999998,-29.681729799999967],[-51.44629709999998,-29.6824544],[-51.44548919999995,-29.68286319999993],[-51.444933099999965,-29.681514699999983],[-51.44954329999995,-29.68060009999994],[-51.44583549999993,-29.67553839999993],[-51.44246149999998,-29.673367099999957],[-51.44241929999998,-29.674130299999938],[-51.44304439999997,-29.674789399999945],[-51.44334589999994,-29.67552459999996],[-51.44305989999999,-29.676320099999938],[-51.441882,-29.67745719999994],[-51.441755899999976,-29.677849299999927],[-51.44200539999998,-29.678667199999946],[-51.441754099999976,-29.679747899999928],[-51.440660599999944,-29.680326599999944],[-51.43892689999996,-29.68077889999995],[-51.43839049999997,-29.681276399999952],[-51.437185599999964,-29.68103069999994],[-51.43389579999996,-29.679350399999972],[-51.43287039999996,-29.679426499999984],[-51.431718699999976,-29.680331799999987],[-51.43147719999996,-29.68130739999998],[-51.430945899999976,-29.681982299999966],[-51.431079799999964,-29.683328699999944],[-51.43031119999994,-29.684092499999966],[-51.428405199999986,-29.685592899999968],[-51.425844,-29.68602119999996],[-51.427088399999946,-29.691552],[-51.4346374,-29.697716099999973],[-51.43649749999997,-29.698435299999968],[-51.44611069999996,-29.68872549999998],[-51.4474254,-29.68778429999997],[-51.45044189999994,-29.6841722],[-51.4487223,-29.68345289999996],[-51.450474,-29.681317399999962],[-51.44977939999995,-29.680843699999972]]]}},{"type":"Feature","properties":{"setor":"431240105000133","pop":156,"sigilo_pop":false,"dom":64,"sigilo_dom":false,"mulheres":80,"sigilo_mulheres":false,"c0_4":9,"sigilo_c0_4":false,"c5_9":9,"sigilo_c5_9":false,"i60_69":11,"sigilo_i60_69":false,"i70m":9,"sigilo_i70m":false,"indigenas":0,"sigilo_indigenas":false,"pretos_pardos":29,"sigilo_pretos_pardos":false,"dom_ocupados":58,"sigilo_dom_ocupados":false,"dom_agua":58,"sigilo_dom_agua":false,"dom_esgoto":13,"sigilo_dom_esgoto":false,"renda_resp":2316.0,"sigilo_renda_resp":false,"n_resp":58,"sigilo_n_resp":false,"dens":6001.9,"sigilo_dens":false,"na_bacia":0,"area_pct_bacia":0.0,"metodo_recorte_bacia":"ponto_representativo_setor_2022; area_pct_geometrica","status_borda_bacia":"total","metodo_area_bacia":"interseção geométrica em EPSG:5880","metodo_na_bacia":"ponto_representativo_setor_2022_within_bacia","pop_n_validos":1,"pop_n_total":1,"pop_completude":1.0,"dom_n_validos":1,"dom_n_total":1,"dom_completude":1.0,"dom_ocupados_n_validos":1,"dom_ocupados_n_total":1,"dom_ocupados_completude":1.0,"mulheres_n_validos":1,"mulheres_n_total":1,"mulheres_completude":1.0,"c0_4_n_validos":1,"c0_4_n_total":1,"c0_4_completude":1.0,"c5_9_n_validos":1,"c5_9_n_total":1,"c5_9_completude":1.0,"i60_69_n_validos":1,"i60_69_n_total":1,"i60_69_completude":1.0,"i70m_n_validos":1,"i70m_n_total":1,"i70m_completude":1.0,"indigenas_n_validos":1,"indigenas_n_total":1,"indigenas_completude":1.0,"pretos_pardos_n_validos":1,"pretos_pardos_n_total":1,"pretos_pardos_completude":1.0,"dom_agua_n_validos":1,"dom_agua_n_total":1,"dom_agua_completude":1.0,"dom_esgoto_n_validos":1,"dom_esgoto_n_total":1,"dom_esgoto_completude":1.0,"n_resp_n_validos":1,"n_resp_n_total":1,"n_resp_completude":1.0,"renda_resp_n_validos":1,"renda_resp_n_total":1,"renda_resp_completude":1.0,"dens_n_validos":1,"dens_n_total":1,"dens_completude":1.0},"geometry":{"type":"Polygon","coordinates":[[[-51.44954329999995,-29.68060009999994],[-51.444933099999965,-29.681514699999983],[-51.44548919999995,-29.68286319999993],[-51.44629709999998,-29.6824544],[-51.44573129999998,-29.681729799999967],[-51.44977939999995,-29.680843699999972],[-51.44954329999995,-29.68060009999994]]]}},{"type":"Feature","properties":{"setor":"431240105000134","pop":259,"sigilo_pop":false,"dom":134,"sigilo_dom":false,"mulheres":127,"sigilo_mulheres":false,"c0_4":20,"sigilo_c0_4":false,"c5_9":24,"sigilo_c5_9":false,"i60_69":35,"sigilo_i60_69":false,"i70m":20,"sigilo_i70m":false,"indigenas":0,"sigilo_indigenas":false,"pretos_pardos":35,"sigilo_pretos_pardos":false,"dom_ocupados":88,"sigilo_dom_ocupados":false,"dom_agua":22,"sigilo_dom_agua":false,"dom_esgoto":null,"sigilo_dom_esgoto":true,"renda_resp":1763.63,"sigilo_renda_resp":false,"n_resp":88,"sigilo_n_resp":false,"dens":15.2,"sigilo_dens":false,"na_bacia":0,"area_pct_bacia":0.0,"metodo_recorte_bacia":"ponto_representativo_setor_2022; area_pct_geometrica","status_borda_bacia":"total","metodo_area_bacia":"interseção geométrica em EPSG:5880","metodo_na_bacia":"ponto_representativo_setor_2022_within_bacia","pop_n_validos":1,"pop_n_total":1,"pop_completude":1.0,"dom_n_validos":1,"dom_n_total":1,"dom_completude":1.0,"dom_ocupados_n_validos":1,"dom_ocupados_n_total":1,"dom_ocupados_completude":1.0,"mulheres_n_validos":1,"mulheres_n_total":1,"mulheres_completude":1.0,"c0_4_n_validos":1,"c0_4_n_total":1,"c0_4_completude":1.0,"c5_9_n_validos":1,"c5_9_n_total":1,"c5_9_completude":1.0,"i60_69_n_validos":1,"i60_69_n_total":1,"i60_69_completude":1.0,"i70m_n_validos":1,"i70m_n_total":1,"i70m_completude":1.0,"indigenas_n_validos":1,"indigenas_n_total":1,"indigenas_completude":1.0,"pretos_pardos_n_validos":1,"pretos_pardos_n_total":1,"pretos_pardos_completude":1.0,"dom_agua_n_validos":1,"dom_agua_n_total":1,"dom_agua_completude":1.0,"dom_esgoto_n_validos":0,"dom_esgoto_n_total":1,"dom_esgoto_completude":0.0,"n_resp_n_validos":1,"n_resp_n_total":1,"n_resp_completude":1.0,"renda_resp_n_validos":1,"renda_resp_n_total":1,"renda_resp_completude":1.0,"dens_n_validos":1,"dens_n_total":1,"dens_completude":1.0},"geometry":{"type":"Polygon","coordinates":[[[-51.45311169999996,-29.81899209999994],[-51.456848099999945,-29.81411539999994],[-51.454459499999984,-29.81271939999994],[-51.45229649999993,-29.809741399999936],[-51.45132109999997,-29.807628499999957],[-51.45103249999993,-29.806943099999962],[-51.45103469999998,-29.805119699999956],[-51.451889799999954,-29.803771],[-51.452146,-29.801551499999963],[-51.45166549999993,-29.799667599999964],[-51.44837089999998,-29.796406],[-51.44802649999997,-29.79576739999993],[-51.44790469999998,-29.793962199999946],[-51.44733039999995,-29.793587199999934],[-51.44471549999997,-29.79332389999997],[-51.44422869999994,-29.79293619999993],[-51.44323019999996,-29.793484899999957],[-51.442192299999924,-29.79365779999995],[-51.441741699999966,-29.793082699999964],[-51.44073719999995,-29.792671399999964],[-51.43770959999995,-29.793503399999974],[-51.435288699999944,-29.79389649999996],[-51.43448669999998,-29.793870299999988],[-51.43125139999995,-29.793031399999965],[-51.430879,-29.79281149999997],[-51.42986569999994,-29.79054669999994],[-51.42838439999997,-29.78941919999994],[-51.424203499999976,-29.78693889999993],[-51.42276989999994,-29.7853674],[-51.41988119999996,-29.78304909999996],[-51.41866449999998,-29.78229149999994],[-51.41614639999994,-29.781268599999976],[-51.414182,-29.779926499999924],[-51.412310899999966,-29.77900549999998],[-51.41104969999998,-29.78115339999993],[-51.4083098,-29.782597099999972],[-51.40496349999995,-29.78479579999998],[-51.402076,-29.789242499999943],[-51.40212159999999,-29.792363699999957],[-51.40119649999996,-29.793738099999935],[-51.40116739999996,-29.795646499999965],[-51.40030989999997,-29.797693199999955],[-51.39907839999995,-29.799113799999922],[-51.39899769999994,-29.799486199999926],[-51.39914559999993,-29.802431299999974],[-51.398709,-29.803808199999935],[-51.39933169999995,-29.8063605],[-51.39913829999994,-29.80744549999997],[-51.397645,-29.810375499999957],[-51.39652029999997,-29.813494],[-51.39515719999997,-29.814733899999965],[-51.393343099999974,-29.81397819999995],[-51.389412299999954,-29.815191099999936],[-51.38847479999998,-29.815736099999985],[-51.38428079999995,-29.81445],[-51.38138259999994,-29.815127],[-51.37742529999998,-29.816697399999956],[-51.376729799999964,-29.817544],[-51.37651759999994,-29.81818729999997],[-51.37955269999998,-29.81841519999994],[-51.38655689999996,-29.817529199999974],[-51.391377199999965,-29.817374],[-51.39344959999993,-29.816959899999976],[-51.39667909999998,-29.815625899999937],[-51.398706299999965,-29.81512459999994],[-51.40055549999994,-29.81500229999994],[-51.4049045,-29.815607399999966],[-51.40736389999995,-29.815697299999954],[-51.411833299999955,-29.81518159999995],[-51.41402969999996,-29.815216399999944],[-51.41618819999997,-29.815769],[-51.42013949999995,-29.81733289999995],[-51.42398019999995,-29.818234699999937],[-51.425894,-29.818413099999923],[-51.431692299999945,-29.817771299999947],[-51.435093499999944,-29.81779019999993],[-51.437719699999946,-29.818233],[-51.44249639999998,-29.819607199999957],[-51.44528669999995,-29.819965],[-51.44819759999996,-29.820083799999956],[-51.45311169999996,-29.81899209999994]]]}},{"type":"Feature","properties":{"setor":"431240105000135","pop":243,"sigilo_pop":false,"dom":110,"sigilo_dom":false,"mulheres":118,"sigilo_mulheres":false,"c0_4":22,"sigilo_c0_4":false,"c5_9":25,"sigilo_c5_9":false,"i60_69":16,"sigilo_i60_69":false,"i70m":8,"sigilo_i70m":false,"indigenas":null,"sigilo_indigenas":true,"pretos_pardos":58,"sigilo_pretos_pardos":false,"dom_ocupados":83,"sigilo_dom_ocupados":false,"dom_agua":null,"sigilo_dom_agua":true,"dom_esgoto":0,"sigilo_dom_esgoto":false,"renda_resp":1766.8,"sigilo_renda_resp":false,"n_resp":83,"sigilo_n_resp":false,"dens":1940.9,"sigilo_dens":false,"na_bacia":0,"area_pct_bacia":0.0,"metodo_recorte_bacia":"ponto_representativo_setor_2022; area_pct_geometrica","status_borda_bacia":"total","metodo_area_bacia":"interseção geométrica em EPSG:5880","metodo_na_bacia":"ponto_representativo_setor_2022_within_bacia","pop_n_validos":1,"pop_n_total":1,"pop_completude":1.0,"dom_n_validos":1,"dom_n_total":1,"dom_completude":1.0,"dom_ocupados_n_validos":1,"dom_ocupados_n_total":1,"dom_ocupados_completude":1.0,"mulheres_n_validos":1,"mulheres_n_total":1,"mulheres_completude":1.0,"c0_4_n_validos":1,"c0_4_n_total":1,"c0_4_completude":1.0,"c5_9_n_validos":1,"c5_9_n_total":1,"c5_9_completude":1.0,"i60_69_n_validos":1,"i60_69_n_total":1,"i60_69_completude":1.0,"i70m_n_validos":1,"i70m_n_total":1,"i70m_completude":1.0,"indigenas_n_validos":0,"indigenas_n_total":1,"indigenas_completude":0.0,"pretos_pardos_n_validos":1,"pretos_pardos_n_total":1,"pretos_pardos_completude":1.0,"dom_agua_n_validos":0,"dom_agua_n_total":1,"dom_agua_completude":0.0,"dom_esgoto_n_validos":1,"dom_esgoto_n_total":1,"dom_esgoto_completude":1.0,"n_resp_n_validos":1,"n_resp_n_total":1,"n_resp_completude":1.0,"renda_resp_n_validos":1,"renda_resp_n_total":1,"renda_resp_completude":1.0,"dens_n_validos":1,"dens_n_total":1,"dens_completude":1.0},"geometry":{"type":"Polygon","coordinates":[[[-51.456848099999945,-29.81411539999994],[-51.45363159999994,-29.818193099999974],[-51.45311169999996,-29.81899209999994],[-51.45650939999996,-29.81792909999996],[-51.45857409999997,-29.817643799999935],[-51.45851789999995,-29.816235199999944],[-51.456848099999945,-29.81411539999994]]]}},{"type":"Feature","properties":{"setor":"431240113000001","pop":188,"sigilo_pop":false,"dom":94,"sigilo_dom":false,"mulheres":96,"sigilo_mulheres":false,"c0_4":15,"sigilo_c0_4":false,"c5_9":11,"sigilo_c5_9":false,"i60_69":28,"sigilo_i60_69":false,"i70m":17,"sigilo_i70m":false,"indigenas":0,"sigilo_indigenas":false,"pretos_pardos":null,"sigilo_pretos_pardos":true,"dom_ocupados":71,"sigilo_dom_ocupados":false,"dom_agua":39,"sigilo_dom_agua":false,"dom_esgoto":4,"sigilo_dom_esgoto":false,"renda_resp":1966.25,"sigilo_renda_resp":false,"n_resp":71,"sigilo_n_resp":false,"dens":339.6,"sigilo_dens":false,"na_bacia":0,"area_pct_bacia":0.0,"metodo_recorte_bacia":"ponto_representativo_setor_2022; area_pct_geometrica","status_borda_bacia":"total","metodo_area_bacia":"interseção geométrica em EPSG:5880","metodo_na_bacia":"ponto_representativo_setor_2022_within_bacia","pop_n_validos":1,"pop_n_total":1,"pop_completude":1.0,"dom_n_validos":1,"dom_n_total":1,"dom_completude":1.0,"dom_ocupados_n_validos":1,"dom_ocupados_n_total":1,"dom_ocupados_completude":1.0,"mulheres_n_validos":1,"mulheres_n_total":1,"mulheres_completude":1.0,"c0_4_n_validos":1,"c0_4_n_total":1,"c0_4_completude":1.0,"c5_9_n_validos":1,"c5_9_n_total":1,"c5_9_completude":1.0,"i60_69_n_validos":1,"i60_69_n_total":1,"i60_69_completude":1.0,"i70m_n_validos":1,"i70m_n_total":1,"i70m_completude":1.0,"indigenas_n_validos":1,"indigenas_n_total":1,"indigenas_completude":1.0,"pretos_pardos_n_validos":0,"pretos_pardos_n_total":1,"pretos_pardos_completude":0.0,"dom_agua_n_validos":1,"dom_agua_n_total":1,"dom_agua_completude":1.0,"dom_esgoto_n_validos":1,"dom_esgoto_n_total":1,"dom_esgoto_completude":1.0,"n_resp_n_validos":1,"n_resp_n_total":1,"n_resp_completude":1.0,"renda_resp_n_validos":1,"renda_resp_n_total":1,"renda_resp_completude":1.0,"dens_n_validos":1,"dens_n_total":1,"dens_completude":1.0},"geometry":{"type":"Polygon","coordinates":[[[-51.560846899999945,-29.655774599999976],[-51.562206499999945,-29.653645299999933],[-51.56042169999996,-29.653402099999933],[-51.55953139999996,-29.65351339999996],[-51.558752099999936,-29.654291699999916],[-51.557297799999965,-29.657101699999934],[-51.554479,-29.66012289999998],[-51.55063609999997,-29.663471199999947],[-51.55001569999997,-29.664248199999975],[-51.54863889999995,-29.664760699999928],[-51.549459799999966,-29.666484399999955],[-51.55089009999995,-29.666047499999944],[-51.553176,-29.664073799999976],[-51.55532119999998,-29.662576499999947],[-51.55615929999993,-29.661569599999943],[-51.558016,-29.662684799999955],[-51.56172749999996,-29.658110299999976],[-51.560846899999945,-29.655774599999976]]]}},{"type":"Feature","properties":{"setor":"431240113000002","pop":323,"sigilo_pop":false,"dom":190,"sigilo_dom":false,"mulheres":168,"sigilo_mulheres":false,"c0_4":18,"sigilo_c0_4":false,"c5_9":13,"sigilo_c5_9":false,"i60_69":45,"sigilo_i60_69":false,"i70m":32,"sigilo_i70m":false,"indigenas":0,"sigilo_indigenas":false,"pretos_pardos":40,"sigilo_pretos_pardos":false,"dom_ocupados":131,"sigilo_dom_ocupados":false,"dom_agua":22,"sigilo_dom_agua":false,"dom_esgoto":0,"sigilo_dom_esgoto":false,"renda_resp":2141.56,"sigilo_renda_resp":false,"n_resp":131,"sigilo_n_resp":false,"dens":26.5,"sigilo_dens":false,"na_bacia":0,"area_pct_bacia":0.0,"metodo_recorte_bacia":"ponto_representativo_setor_2022; area_pct_geometrica","status_borda_bacia":"total","metodo_area_bacia":"interseção geométrica em EPSG:5880","metodo_na_bacia":"ponto_representativo_setor_2022_within_bacia","pop_n_validos":1,"pop_n_total":1,"pop_completude":1.0,"dom_n_validos":1,"dom_n_total":1,"dom_completude":1.0,"dom_ocupados_n_validos":1,"dom_ocupados_n_total":1,"dom_ocupados_completude":1.0,"mulheres_n_validos":1,"mulheres_n_total":1,"mulheres_completude":1.0,"c0_4_n_validos":1,"c0_4_n_total":1,"c0_4_completude":1.0,"c5_9_n_validos":1,"c5_9_n_total":1,"c5_9_completude":1.0,"i60_69_n_validos":1,"i60_69_n_total":1,"i60_69_completude":1.0,"i70m_n_validos":1,"i70m_n_total":1,"i70m_completude":1.0,"indigenas_n_validos":1,"indigenas_n_total":1,"indigenas_completude":1.0,"pretos_pardos_n_validos":1,"pretos_pardos_n_total":1,"pretos_pardos_completude":1.0,"dom_agua_n_validos":1,"dom_agua_n_total":1,"dom_agua_completude":1.0,"dom_esgoto_n_validos":1,"dom_esgoto_n_total":1,"dom_esgoto_completude":1.0,"n_resp_n_validos":1,"n_resp_n_total":1,"n_resp_completude":1.0,"renda_resp_n_validos":1,"renda_resp_n_total":1,"renda_resp_completude":1.0,"dens_n_validos":1,"dens_n_total":1,"dens_completude":1.0},"geometry":{"type":"Polygon","coordinates":[[[-51.512170699999956,-29.65057659999996],[-51.510586599999954,-29.65067239999996],[-51.50751919999993,-29.65011539999995],[-51.50713129999996,-29.650461],[-51.50654569999995,-29.650547499999945],[-51.505382,-29.650224099999942],[-51.50435469999997,-29.650697699999963],[-51.50349529999994,-29.650483499999947],[-51.502331599999934,-29.650999799999965],[-51.501066599999945,-29.65079],[-51.49966859999995,-29.650065299999934],[-51.497987199999955,-29.650343099999922],[-51.497342499999945,-29.65087769999998],[-51.495693,-29.65152389999998],[-51.49536489999996,-29.651855599999955],[-51.496287,-29.652046099999946],[-51.496758599999964,-29.651924299999955],[-51.49770829999994,-29.651206099999982],[-51.49818839999994,-29.651568799999943],[-51.499442699999975,-29.650740499999984],[-51.50025509999995,-29.650959099999973],[-51.50114809999997,-29.652752899999946],[-51.50198429999995,-29.652852],[-51.50243889999996,-29.65369519999995],[-51.50316429999997,-29.654261099999918],[-51.50501909999997,-29.65449229999995],[-51.505694,-29.65535159999997],[-51.50738129999996,-29.656375799999974],[-51.50844989999996,-29.658267799999976],[-51.50798449999997,-29.65900969999996],[-51.507973099999965,-29.659822799999972],[-51.51134289999993,-29.65946269999994],[-51.51226639999993,-29.660496199999955],[-51.51343739999999,-29.661008],[-51.51440889999998,-29.66231039999996],[-51.51500439999995,-29.66246539999998],[-51.51585649999998,-29.662487299999967],[-51.51656059999994,-29.662217299999938],[-51.51743669999996,-29.66272949999995],[-51.518686199999934,-29.662969],[-51.52134609999997,-29.662979899999986],[-51.52200689999995,-29.663665699999967],[-51.522441399999934,-29.66362519999996],[-51.52300889999998,-29.662579],[-51.5251674,-29.662873599999948],[-51.52658459999998,-29.66192439999997],[-51.52955649999995,-29.661833399999967],[-51.531189799999936,-29.661480399999952],[-51.53405779999997,-29.66148529999998],[-51.53464339999993,-29.662047699999963],[-51.535107899999964,-29.663371699999967],[-51.53588929999995,-29.66379279999995],[-51.53676059999999,-29.663794799999952],[-51.53730449999995,-29.664114899999955],[-51.53906189999998,-29.666900299999956],[-51.540267,-29.66710609999994],[-51.54106969999997,-29.66867119999994],[-51.54165859999994,-29.670690599999936],[-51.54623949999996,-29.666793],[-51.547574,-29.666053299999934],[-51.54906719999997,-29.665551],[-51.54863889999995,-29.664760699999928],[-51.55001569999997,-29.664248199999975],[-51.55063609999997,-29.663471199999947],[-51.554479,-29.66012289999998],[-51.557297799999965,-29.657101699999934],[-51.558752099999936,-29.654291699999916],[-51.55953139999996,-29.65351339999996],[-51.56097089999997,-29.653509899999957],[-51.56341619999995,-29.650452599999937],[-51.56387769999997,-29.649428599999958],[-51.56440429999998,-29.64577439999993],[-51.56645229999998,-29.64424],[-51.56513039999999,-29.643865299999945],[-51.56411,-29.64400909999995],[-51.56379649999997,-29.643859899999942],[-51.563726499999966,-29.64183489999994],[-51.564261499999986,-29.638834],[-51.56355209999998,-29.63559839999992],[-51.56326709999996,-29.635413799999977],[-51.56206439999993,-29.63536279999994],[-51.561113399999954,-29.635887399999945],[-51.56067989999996,-29.63645839999998],[-51.56049439999998,-29.638712],[-51.56019489999995,-29.639217299999927],[-51.55921159999997,-29.639938899999954],[-51.55781879999994,-29.64016509999994],[-51.55652459999993,-29.639915699999968],[-51.55577939999994,-29.6388808],[-51.552136,-29.63788269999998],[-51.55162279999996,-29.63554219999998],[-51.55045969999998,-29.63556749999998],[-51.55041679999994,-29.635163399999957],[-51.54954729999998,-29.635141899999955],[-51.548418799999986,-29.634576899999953],[-51.54792289999994,-29.633905599999927],[-51.54479409999993,-29.634333299999973],[-51.54342,-29.635027399999952],[-51.53907079999994,-29.635079399999942],[-51.53734859999998,-29.635955099999926],[-51.535784399999955,-29.637729],[-51.53426379999996,-29.638790299999982],[-51.53324379999998,-29.64029],[-51.53207569999995,-29.640894],[-51.53166909999993,-29.64257269999996],[-51.532035399999984,-29.643546],[-51.531371,-29.645217199999927],[-51.531265099999985,-29.646234299999943],[-51.53030849999993,-29.648011299999965],[-51.529174599999976,-29.648321799999955],[-51.52768149999998,-29.64930079999993],[-51.52760569999998,-29.650124699999935],[-51.527039799999955,-29.651006799999948],[-51.52406989999997,-29.65134659999994],[-51.520688299999954,-29.65003519999993],[-51.51841959999996,-29.648902499999966],[-51.517745899999966,-29.64909319999997],[-51.515212,-29.648977699999936],[-51.51468159999995,-29.649682699999975],[-51.51398769999997,-29.65000429999997],[-51.51366849999994,-29.65176619999995],[-51.513370899999984,-29.651767399999986],[-51.512170699999956,-29.65057659999996]]]}},{"type":"Feature","properties":{"setor":"431240113000003","pop":414,"sigilo_pop":false,"dom":188,"sigilo_dom":false,"mulheres":191,"sigilo_mulheres":false,"c0_4":24,"sigilo_c0_4":false,"c5_9":27,"sigilo_c5_9":false,"i60_69":45,"sigilo_i60_69":false,"i70m":35,"sigilo_i70m":false,"indigenas":3,"sigilo_indigenas":false,"pretos_pardos":62,"sigilo_pretos_pardos":false,"dom_ocupados":157,"sigilo_dom_ocupados":false,"dom_agua":25,"sigilo_dom_agua":false,"dom_esgoto":0,"sigilo_dom_esgoto":false,"renda_resp":2632.64,"sigilo_renda_resp":false,"n_resp":157,"sigilo_n_resp":false,"dens":17.0,"sigilo_dens":false,"na_bacia":0,"area_pct_bacia":0.0,"metodo_recorte_bacia":"ponto_representativo_setor_2022; area_pct_geometrica","status_borda_bacia":"total","metodo_area_bacia":"interseção geométrica em EPSG:5880","metodo_na_bacia":"ponto_representativo_setor_2022_within_bacia","pop_n_validos":1,"pop_n_total":1,"pop_completude":1.0,"dom_n_validos":1,"dom_n_total":1,"dom_completude":1.0,"dom_ocupados_n_validos":1,"dom_ocupados_n_total":1,"dom_ocupados_completude":1.0,"mulheres_n_validos":1,"mulheres_n_total":1,"mulheres_completude":1.0,"c0_4_n_validos":1,"c0_4_n_total":1,"c0_4_completude":1.0,"c5_9_n_validos":1,"c5_9_n_total":1,"c5_9_completude":1.0,"i60_69_n_validos":1,"i60_69_n_total":1,"i60_69_completude":1.0,"i70m_n_validos":1,"i70m_n_total":1,"i70m_completude":1.0,"indigenas_n_validos":1,"indigenas_n_total":1,"indigenas_completude":1.0,"pretos_pardos_n_validos":1,"pretos_pardos_n_total":1,"pretos_pardos_completude":1.0,"dom_agua_n_validos":1,"dom_agua_n_total":1,"dom_agua_completude":1.0,"dom_esgoto_n_validos":1,"dom_esgoto_n_total":1,"dom_esgoto_completude":1.0,"n_resp_n_validos":1,"n_resp_n_total":1,"n_resp_completude":1.0,"renda_resp_n_validos":1,"renda_resp_n_total":1,"renda_resp_completude":1.0,"dens_n_validos":1,"dens_n_total":1,"dens_completude":1.0},"geometry":{"type":"Polygon","coordinates":[[[-51.55615929999993,-29.661569599999943],[-51.55532119999998,-29.662576499999947],[-51.553176,-29.664073799999976],[-51.55089009999995,-29.666047499999944],[-51.549459799999966,-29.666484399999955],[-51.54906719999997,-29.665551],[-51.547574,-29.666053299999934],[-51.54623949999996,-29.666793],[-51.54165859999994,-29.670690599999936],[-51.54106969999997,-29.66867119999994],[-51.540267,-29.66710609999994],[-51.53906189999998,-29.666900299999956],[-51.53730449999995,-29.664114899999955],[-51.53676059999999,-29.663794799999952],[-51.53588929999995,-29.66379279999995],[-51.535107899999964,-29.663371699999967],[-51.53464339999993,-29.662047699999963],[-51.53405779999997,-29.66148529999998],[-51.531189799999936,-29.661480399999952],[-51.52955649999995,-29.661833399999967],[-51.52658459999998,-29.66192439999997],[-51.5251674,-29.662873599999948],[-51.52300889999998,-29.662579],[-51.522441399999934,-29.66362519999996],[-51.52200689999995,-29.663665699999967],[-51.52261469999996,-29.66480989999997],[-51.52294309999996,-29.666602],[-51.523842,-29.6668974],[-51.52454369999998,-29.66795929999995],[-51.525389,-29.668025],[-51.52568579999997,-29.668879099999966],[-51.52659959999995,-29.66951219999992],[-51.52667429999997,-29.670528599999955],[-51.52700509999995,-29.67086989999996],[-51.52706789999997,-29.67182879999995],[-51.52741159999994,-29.672229],[-51.527511799999964,-29.673989099999968],[-51.528657,-29.675811399999933],[-51.5280863,-29.676583499999932],[-51.533987,-29.683556599999967],[-51.5323418,-29.685390599999938],[-51.53166749999997,-29.685844399999944],[-51.52906379999996,-29.687080199999976],[-51.52548239999993,-29.688234199999943],[-51.52536279999998,-29.688775],[-51.539990699999976,-29.690423599999967],[-51.546954899999946,-29.69006639999997],[-51.56309909999994,-29.690853499999942],[-51.568096599999926,-29.689964699999955],[-51.56948969999997,-29.689893499999982],[-51.58577269999995,-29.69016979999999],[-51.587986599999965,-29.69090469999997],[-51.59186109999997,-29.693256],[-51.59084819999998,-29.692166099999955],[-51.59104279999997,-29.688083],[-51.59078959999994,-29.685975899999953],[-51.5914504,-29.683666299999967],[-51.594060099999986,-29.679841499999956],[-51.59300529999996,-29.678305099999935],[-51.59303,-29.677883299999955],[-51.59316259999998,-29.67662389999997],[-51.594451,-29.674397499999944],[-51.594325,-29.67225449999996],[-51.59498549999995,-29.670805599999937],[-51.59513419999996,-29.66595269999993],[-51.595721399999945,-29.665392799999953],[-51.59559509999996,-29.664759099999962],[-51.59584629999995,-29.66426419999994],[-51.59767339999996,-29.66189959999997],[-51.59768519999995,-29.660635599999985],[-51.59813159999993,-29.658581799999975],[-51.59959009999994,-29.657219599999962],[-51.600218,-29.656964899999934],[-51.599138799999935,-29.656614699999967],[-51.598055,-29.656791299999938],[-51.59620719999999,-29.655822],[-51.59536619999995,-29.654108799999968],[-51.59466089999995,-29.65356],[-51.59375269999999,-29.65334329999995],[-51.59313609999999,-29.652891299999958],[-51.592695399999975,-29.65206469999998],[-51.59101929999998,-29.651224499999962],[-51.58822,-29.647256],[-51.58764219999995,-29.647260499999962],[-51.586468299999986,-29.647888299999977],[-51.584024,-29.648146699999984],[-51.582062299999954,-29.647757399999932],[-51.58116009999998,-29.647846],[-51.579887799999945,-29.64850989999997],[-51.57762709999997,-29.64793589999994],[-51.576062499999985,-29.646817499999937],[-51.57481389999998,-29.645532899999974],[-51.57464649999997,-29.645073799999974],[-51.57418169999995,-29.64480509999992],[-51.57186559999997,-29.645383099999954],[-51.568543699999964,-29.644561499999952],[-51.567155699999944,-29.644807199999946],[-51.56654249999997,-29.64542109999995],[-51.56553519999994,-29.644818699999977],[-51.56440429999998,-29.64577439999993],[-51.564317599999974,-29.647346399999943],[-51.56387769999997,-29.649428599999958],[-51.56341619999995,-29.650452599999937],[-51.56097089999997,-29.653509899999957],[-51.562206499999945,-29.653645299999933],[-51.560846899999945,-29.655774599999976],[-51.56172749999996,-29.658110299999976],[-51.558016,-29.662684799999955],[-51.55615929999993,-29.661569599999943]]]}},{"type":"Feature","properties":{"setor":"431240113000004","pop":344,"sigilo_pop":false,"dom":172,"sigilo_dom":false,"mulheres":173,"sigilo_mulheres":false,"c0_4":23,"sigilo_c0_4":false,"c5_9":24,"sigilo_c5_9":false,"i60_69":48,"sigilo_i60_69":false,"i70m":28,"sigilo_i70m":false,"indigenas":0,"sigilo_indigenas":false,"pretos_pardos":40,"sigilo_pretos_pardos":false,"dom_ocupados":133,"sigilo_dom_ocupados":false,"dom_agua":42,"sigilo_dom_agua":false,"dom_esgoto":null,"sigilo_dom_esgoto":true,"renda_resp":1625.98,"sigilo_renda_resp":false,"n_resp":133,"sigilo_n_resp":false,"dens":38.1,"sigilo_dens":false,"na_bacia":0,"area_pct_bacia":1.4003,"metodo_recorte_bacia":"ponto_representativo_setor_2022; area_pct_geometrica","status_borda_bacia":"parcial","metodo_area_bacia":"interseção geométrica em EPSG:5880","metodo_na_bacia":"ponto_representativo_setor_2022_within_bacia","pop_n_validos":1,"pop_n_total":1,"pop_completude":1.0,"dom_n_validos":1,"dom_n_total":1,"dom_completude":1.0,"dom_ocupados_n_validos":1,"dom_ocupados_n_total":1,"dom_ocupados_completude":1.0,"mulheres_n_validos":1,"mulheres_n_total":1,"mulheres_completude":1.0,"c0_4_n_validos":1,"c0_4_n_total":1,"c0_4_completude":1.0,"c5_9_n_validos":1,"c5_9_n_total":1,"c5_9_completude":1.0,"i60_69_n_validos":1,"i60_69_n_total":1,"i60_69_completude":1.0,"i70m_n_validos":1,"i70m_n_total":1,"i70m_completude":1.0,"indigenas_n_validos":1,"indigenas_n_total":1,"indigenas_completude":1.0,"pretos_pardos_n_validos":1,"pretos_pardos_n_total":1,"pretos_pardos_completude":1.0,"dom_agua_n_validos":1,"dom_agua_n_total":1,"dom_agua_completude":1.0,"dom_esgoto_n_validos":0,"dom_esgoto_n_total":1,"dom_esgoto_completude":0.0,"n_resp_n_validos":1,"n_resp_n_total":1,"n_resp_completude":1.0,"renda_resp_n_validos":1,"renda_resp_n_total":1,"renda_resp_completude":1.0,"dens_n_validos":1,"dens_n_total":1,"dens_completude":1.0},"geometry":{"type":"Polygon","coordinates":[[[-51.56783319999993,-29.643616099999978],[-51.56553519999994,-29.644818699999977],[-51.56654249999997,-29.64542109999995],[-51.567155699999944,-29.644807199999946],[-51.568543699999964,-29.644561499999952],[-51.57186559999997,-29.645383099999954],[-51.57418169999995,-29.64480509999992],[-51.57464649999997,-29.645073799999974],[-51.57481389999998,-29.645532899999974],[-51.576062499999985,-29.646817499999937],[-51.57762709999997,-29.64793589999994],[-51.579887799999945,-29.64850989999997],[-51.58116009999998,-29.647846],[-51.582062299999954,-29.647757399999932],[-51.584024,-29.648146699999984],[-51.586468299999986,-29.647888299999977],[-51.58764219999995,-29.647260499999962],[-51.58822,-29.647256],[-51.59101929999998,-29.651224499999962],[-51.592695399999975,-29.65206469999998],[-51.59313609999999,-29.652891299999958],[-51.59375269999999,-29.65334329999995],[-51.59466089999995,-29.65356],[-51.59536619999995,-29.654108799999968],[-51.59620719999999,-29.655822],[-51.598055,-29.656791299999938],[-51.599138799999935,-29.656614699999967],[-51.600218,-29.656964899999934],[-51.60094049999998,-29.656785399999933],[-51.60163579999994,-29.656128399999936],[-51.60232389999994,-29.655829],[-51.604573,-29.655648399999965],[-51.60486809999998,-29.65492329999995],[-51.60602739999995,-29.653507499999932],[-51.60771609999995,-29.652449899999965],[-51.607919299999935,-29.651527899999962],[-51.609120599999976,-29.65071379999994],[-51.61019639999995,-29.648094699999938],[-51.61007429999995,-29.647510899999933],[-51.607892,-29.64542],[-51.60783529999998,-29.64460849999994],[-51.60629629999994,-29.64474979999994],[-51.60454139999996,-29.644421699999956],[-51.603428699999945,-29.642271499999943],[-51.60196159999999,-29.641653299999973],[-51.600550099999964,-29.640419499999947],[-51.59981939999995,-29.640064099999954],[-51.60017869999996,-29.637304899999943],[-51.60004109999994,-29.636739399999954],[-51.59957779999997,-29.636123899999962],[-51.59880849999996,-29.635828],[-51.59802429999996,-29.63498169999997],[-51.59669329999997,-29.63468479999995],[-51.59498249999996,-29.6331709],[-51.59492689999996,-29.632382099999973],[-51.59699879999994,-29.628754],[-51.59622189999993,-29.62736669999998],[-51.596533499999964,-29.62689209999995],[-51.59635969999993,-29.626547299999974],[-51.593243,-29.625189499999976],[-51.59299639999995,-29.623975],[-51.593180899999936,-29.621673],[-51.59150589999996,-29.622250699999935],[-51.59037419999998,-29.622320699999918],[-51.588775,-29.621993599999943],[-51.588203599999986,-29.621608399999964],[-51.58334309999998,-29.62090859999994],[-51.58162679999999,-29.61970589999993],[-51.57859509999997,-29.62018279999995],[-51.57863669999995,-29.621818199999947],[-51.577457599999946,-29.623187499999965],[-51.576658399999985,-29.623305299999974],[-51.575214,-29.622688],[-51.5739349,-29.622799799999928],[-51.572873699999946,-29.623732399999927],[-51.57196619999996,-29.62638119999997],[-51.57199719999994,-29.62712779999998],[-51.57072839999995,-29.62963849999994],[-51.57008249999996,-29.632003599999965],[-51.57199049999997,-29.637539],[-51.57220419999993,-29.63850739999998],[-51.57204329999996,-29.640637699999953],[-51.57252219999999,-29.64179619999993],[-51.57231439999999,-29.642441099999925],[-51.57160459999995,-29.642902199999977],[-51.570690199999945,-29.643233599999967],[-51.56783319999993,-29.643616099999978]]]}},{"type":"Feature","properties":{"setor":"431240113000005","pop":48,"sigilo_pop":false,"dom":37,"sigilo_dom":0,"mulheres":26,"sigilo_mulheres":0,"c0_4":null,"sigilo_c0_4":1,"c5_9":null,"sigilo_c5_9":1,"i60_69":8,"sigilo_i60_69":0,"i70m":8,"sigilo_i70m":0,"indigenas":0,"sigilo_indigenas":0,"pretos_pardos":0,"sigilo_pretos_pardos":0,"dom_ocupados":21,"sigilo_dom_ocupados":0,"dom_agua":12,"sigilo_dom_agua":0,"dom_esgoto":13,"sigilo_dom_esgoto":0,"renda_resp":2567.79,"sigilo_renda_resp":0,"n_resp":21,"sigilo_n_resp":0,"dens":6.3,"sigilo_dens":false,"na_bacia":1,"area_pct_bacia":87.9413,"metodo_recorte_bacia":"ponto_representativo_setor_2022; area_pct_geometrica","pop_n_validos":1,"pop_n_total":1,"pop_completude":1.0,"dom_n_validos":1,"dom_n_total":1,"dom_completude":1.0,"dom_ocupados_n_validos":1,"dom_ocupados_n_total":1,"dom_ocupados_completude":1.0,"mulheres_n_validos":1,"mulheres_n_total":1,"mulheres_completude":1.0,"c0_4_n_validos":0,"c0_4_n_total":1,"c0_4_completude":0.0,"c5_9_n_validos":0,"c5_9_n_total":1,"c5_9_completude":0.0,"i60_69_n_validos":1,"i60_69_n_total":1,"i60_69_completude":1.0,"i70m_n_validos":1,"i70m_n_total":1,"i70m_completude":1.0,"indigenas_n_validos":1,"indigenas_n_total":1,"indigenas_completude":1.0,"pretos_pardos_n_validos":1,"pretos_pardos_n_total":1,"pretos_pardos_completude":1.0,"dom_agua_n_validos":1,"dom_agua_n_total":1,"dom_agua_completude":1.0,"dom_esgoto_n_validos":1,"dom_esgoto_n_total":1,"dom_esgoto_completude":1.0,"n_resp_n_validos":1,"n_resp_n_total":1,"n_resp_completude":1.0,"renda_resp_n_validos":1,"renda_resp_n_total":1,"renda_resp_completude":1.0,"dens_n_validos":1,"dens_n_total":1,"dens_completude":1.0,"status_borda_bacia":"parcial","metodo_area_bacia":"interseção geométrica em EPSG:5880","metodo_na_bacia":"ponto_representativo_setor_2022_within_bacia","municipio":"Montenegro","cod_mun":"4312401","mun_pct_na_bacia":8.0,"mun_pop_total":64322,"mun_pop_na_bacia":268.0,"mun_ubs_iede":21,"mun_hospitais_iede":null,"mun_escolas_iede":17,"mun_bombeiros_iede":1,"mun_servicos_cobertura":"cadastro_IEDE_parcial_nao_inventario","mun_icm_faixa":"B","mun_icm_pontos":17,"mun_icm_prioritario":"sim","mun_ubs_iede_status":"published","mun_hospitais_iede_status":"unknown","mun_escolas_iede_status":"published","mun_bombeiros_iede_status":"published"},"geometry":{"type":"Polygon","coordinates":[[[-51.59814639999996,-29.614768199999958],[-51.59856319999995,-29.615522299999956],[-51.59836729999995,-29.615838799999942],[-51.59711089999997,-29.616512199999928],[-51.595100199999926,-29.619456599999975],[-51.593180899999936,-29.621673],[-51.59299639999995,-29.623975],[-51.593243,-29.625189499999976],[-51.59635969999993,-29.626547299999974],[-51.596533499999964,-29.62689209999995],[-51.59622189999993,-29.62736669999998],[-51.59699879999994,-29.628754],[-51.59492689999996,-29.632382099999973],[-51.59498249999996,-29.6331709],[-51.59669329999997,-29.63468479999995],[-51.59802429999996,-29.63498169999997],[-51.59880849999996,-29.635828],[-51.59957779999997,-29.636123899999962],[-51.60017869999996,-29.637304899999943],[-51.59981939999995,-29.640064099999954],[-51.600550099999964,-29.640419499999947],[-51.60196159999999,-29.641653299999973],[-51.603428699999945,-29.642271499999943],[-51.60454139999996,-29.644421699999956],[-51.60629629999994,-29.64474979999994],[-51.60783529999998,-29.64460849999994],[-51.60881859999995,-29.643721099999937],[-51.60952649999996,-29.643435299999965],[-51.61136739999995,-29.643215],[-51.612098299999964,-29.64261059999995],[-51.61302749999993,-29.64251149999995],[-51.61411709999993,-29.64178029999994],[-51.61499269999996,-29.6401165],[-51.61616939999994,-29.640757599999972],[-51.619468599999955,-29.640551],[-51.62103719999993,-29.640067699999978],[-51.62183289999996,-29.63917069999997],[-51.6227358,-29.63891639999996],[-51.624265699999974,-29.638004099999943],[-51.62479189999994,-29.63793539999995],[-51.62555789999993,-29.637029099999957],[-51.62663669999995,-29.636230199999936],[-51.62841759999997,-29.63627709999998],[-51.63076789999996,-29.635700199999967],[-51.63176189999995,-29.635933199999947],[-51.632242599999984,-29.63505919999995],[-51.633921499999985,-29.63344459999997],[-51.634244,-29.632686499999977],[-51.63430889999996,-29.63023359999993],[-51.63495229999995,-29.629725399999987],[-51.63570559999994,-29.62981379999996],[-51.637233899999956,-29.630735399999935],[-51.63783379999995,-29.63153009999996],[-51.638368499999956,-29.63319709999996],[-51.63849349999999,-29.631671399999966],[-51.63820259999994,-29.630836099999946],[-51.63681009999994,-29.629329899999963],[-51.63549359999997,-29.6287392],[-51.632952699999976,-29.628760199999927],[-51.632371,-29.62850649999996],[-51.629631,-29.628634499999983],[-51.62863679999998,-29.62891449999995],[-51.62795139999997,-29.628554599999966],[-51.62753759999998,-29.627994399999967],[-51.62650629999997,-29.627756299999934],[-51.62353809999997,-29.62775419999997],[-51.62219129999995,-29.628050099999943],[-51.61837379999998,-29.627824899999947],[-51.61813629999995,-29.62763029999995],[-51.6191932,-29.626749099999987],[-51.619047799999976,-29.626455799999967],[-51.6182429,-29.625547],[-51.61645069999997,-29.62471869999996],[-51.61617649999994,-29.62434409999998],[-51.61547939999997,-29.624243199999963],[-51.61493189999993,-29.621244],[-51.61508249999997,-29.620488399999953],[-51.614771,-29.62017539999993],[-51.61446459999996,-29.618885599999945],[-51.61291709999995,-29.61846719999994],[-51.612296399999934,-29.61790469999995],[-51.611639099999934,-29.617788299999965],[-51.61025919999998,-29.616352699999933],[-51.60725689999998,-29.614181199999965],[-51.60600469999998,-29.61391709999998],[-51.604068599999955,-29.61416189999995],[-51.60275379999996,-29.61468219999995],[-51.60174459999997,-29.614775899999977],[-51.600752299999954,-29.614493599999957],[-51.59814639999996,-29.614768199999958]]]}},{"type":"Feature","properties":{"setor":"431240113000006","pop":220,"sigilo_pop":false,"dom":146,"sigilo_dom":0,"mulheres":103,"sigilo_mulheres":0,"c0_4":8,"sigilo_c0_4":0,"c5_9":13,"sigilo_c5_9":0,"i60_69":32,"sigilo_i60_69":0,"i70m":36,"sigilo_i70m":0,"indigenas":0,"sigilo_indigenas":0,"pretos_pardos":null,"sigilo_pretos_pardos":1,"dom_ocupados":98,"sigilo_dom_ocupados":0,"dom_agua":14,"sigilo_dom_agua":0,"dom_esgoto":0,"sigilo_dom_esgoto":0,"renda_resp":2037.06,"sigilo_renda_resp":0,"n_resp":98,"sigilo_n_resp":0,"dens":11.6,"sigilo_dens":false,"na_bacia":1,"area_pct_bacia":100.0,"metodo_recorte_bacia":"ponto_representativo_setor_2022; area_pct_geometrica","pop_n_validos":1,"pop_n_total":1,"pop_completude":1.0,"dom_n_validos":1,"dom_n_total":1,"dom_completude":1.0,"dom_ocupados_n_validos":1,"dom_ocupados_n_total":1,"dom_ocupados_completude":1.0,"mulheres_n_validos":1,"mulheres_n_total":1,"mulheres_completude":1.0,"c0_4_n_validos":1,"c0_4_n_total":1,"c0_4_completude":1.0,"c5_9_n_validos":1,"c5_9_n_total":1,"c5_9_completude":1.0,"i60_69_n_validos":1,"i60_69_n_total":1,"i60_69_completude":1.0,"i70m_n_validos":1,"i70m_n_total":1,"i70m_completude":1.0,"indigenas_n_validos":1,"indigenas_n_total":1,"indigenas_completude":1.0,"pretos_pardos_n_validos":0,"pretos_pardos_n_total":1,"pretos_pardos_completude":0.0,"dom_agua_n_validos":1,"dom_agua_n_total":1,"dom_agua_completude":1.0,"dom_esgoto_n_validos":1,"dom_esgoto_n_total":1,"dom_esgoto_completude":1.0,"n_resp_n_validos":1,"n_resp_n_total":1,"n_resp_completude":1.0,"renda_resp_n_validos":1,"renda_resp_n_total":1,"renda_resp_completude":1.0,"dens_n_validos":1,"dens_n_total":1,"dens_completude":1.0,"status_borda_bacia":"total","metodo_area_bacia":"interseção geométrica em EPSG:5880","metodo_na_bacia":"ponto_representativo_setor_2022_within_bacia","municipio":"Montenegro","cod_mun":"4312401","mun_pct_na_bacia":8.0,"mun_pop_total":64322,"mun_pop_na_bacia":268.0,"mun_ubs_iede":21,"mun_hospitais_iede":null,"mun_escolas_iede":17,"mun_bombeiros_iede":1,"mun_servicos_cobertura":"cadastro_IEDE_parcial_nao_inventario","mun_icm_faixa":"B","mun_icm_pontos":17,"mun_icm_prioritario":"sim","mun_ubs_iede_status":"published","mun_hospitais_iede_status":"unknown","mun_escolas_iede_status":"published","mun_bombeiros_iede_status":"published"},"geometry":{"type":"Polygon","coordinates":[[[-51.631207199999956,-29.58330969999997],[-51.62988209999998,-29.585765],[-51.63050719999996,-29.589188399999948],[-51.630035599999985,-29.59235959999995],[-51.62249259999998,-29.59667049999995],[-51.62132239999995,-29.594455],[-51.61883229999996,-29.593998799999945],[-51.61816829999998,-29.594513],[-51.61674819999996,-29.594348599999933],[-51.61596289999994,-29.595177499999988],[-51.61387209999998,-29.595865899999975],[-51.61321379999998,-29.59594139999995],[-51.610151799999976,-29.595312599999946],[-51.608527,-29.59618139999997],[-51.60774619999995,-29.598025599999968],[-51.6059231,-29.599233599999934],[-51.604718299999945,-29.59917509999997],[-51.60409979999997,-29.59884259999994],[-51.60386269999998,-29.59903989999997],[-51.603935499999984,-29.60135209999992],[-51.603248,-29.602953199999938],[-51.60150679999998,-29.60443189999994],[-51.601127199999944,-29.60540569999994],[-51.60009349999996,-29.606185699999955],[-51.59919339999994,-29.607873899999962],[-51.597500699999955,-29.60971],[-51.597925499999974,-29.611213099999926],[-51.597975,-29.614443699999985],[-51.59814639999996,-29.614768199999958],[-51.600752299999954,-29.614493599999957],[-51.60174459999997,-29.614775899999977],[-51.60275379999996,-29.61468219999995],[-51.604068599999955,-29.61416189999995],[-51.60600469999998,-29.61391709999998],[-51.60725689999998,-29.614181199999965],[-51.60809709999996,-29.614677799999967],[-51.608734499999976,-29.615385599999968],[-51.61025919999998,-29.616352699999933],[-51.611639099999934,-29.617788299999965],[-51.612296399999934,-29.61790469999995],[-51.61291709999995,-29.61846719999994],[-51.61446459999996,-29.618885599999945],[-51.614771,-29.62017539999993],[-51.61508249999997,-29.620488399999953],[-51.61493189999993,-29.621244],[-51.61547939999997,-29.624243199999963],[-51.61617649999994,-29.62434409999998],[-51.61645069999997,-29.62471869999996],[-51.6182429,-29.625547],[-51.619047799999976,-29.626455799999967],[-51.6191932,-29.626749099999987],[-51.61813629999995,-29.62763029999995],[-51.61837379999998,-29.627824899999947],[-51.62219129999995,-29.628050099999943],[-51.62353809999997,-29.62775419999997],[-51.62650629999997,-29.627756299999934],[-51.62753759999998,-29.627994399999967],[-51.62795139999997,-29.628554599999966],[-51.62863679999998,-29.62891449999995],[-51.629631,-29.628634499999983],[-51.632371,-29.62850649999996],[-51.632952699999976,-29.628760199999927],[-51.63549359999997,-29.6287392],[-51.63681009999994,-29.629329899999963],[-51.63748279999998,-29.629868299999945],[-51.63841469999994,-29.631250899999937],[-51.638368499999956,-29.63319709999996],[-51.638858,-29.634369199999988],[-51.64097769999995,-29.636982499999935],[-51.641890599999954,-29.635771499999972],[-51.640774799999974,-29.63504889999998],[-51.639705799999945,-29.633412099999934],[-51.640115599999945,-29.631385899999938],[-51.63804209999995,-29.62919659999994],[-51.638061799999946,-29.628926799999924],[-51.642236399999945,-29.626268299999946],[-51.64453869999994,-29.62342079999997],[-51.64455909999999,-29.620546399999952],[-51.64543059999995,-29.61815229999996],[-51.646297199999935,-29.617700599999978],[-51.64576089999998,-29.616518799999938],[-51.64757,-29.615900699999926],[-51.64837,-29.61431329999994],[-51.64707529999998,-29.612302],[-51.65255659999997,-29.60463849999996],[-51.65250819999994,-29.600400199999964],[-51.656950799999954,-29.595370199999923],[-51.66182069999997,-29.592736299999952],[-51.662737299999954,-29.590103899999967],[-51.649461,-29.590170799999953],[-51.64961949999998,-29.58823489999998],[-51.64798129999998,-29.585556499999928],[-51.64833909999993,-29.57676249999997],[-51.642722499999934,-29.574631299999965],[-51.64041739999993,-29.574545299999947],[-51.63857379999996,-29.575738],[-51.63759279999994,-29.57841509999997],[-51.631207199999956,-29.58330969999997]]]}},{"type":"Feature","properties":{"setor":"431240113000007","pop":283,"sigilo_pop":false,"dom":139,"sigilo_dom":false,"mulheres":139,"sigilo_mulheres":false,"c0_4":15,"sigilo_c0_4":false,"c5_9":21,"sigilo_c5_9":false,"i60_69":35,"sigilo_i60_69":false,"i70m":37,"sigilo_i70m":false,"indigenas":0,"sigilo_indigenas":false,"pretos_pardos":48,"sigilo_pretos_pardos":false,"dom_ocupados":108,"sigilo_dom_ocupados":false,"dom_agua":22,"sigilo_dom_agua":false,"dom_esgoto":0,"sigilo_dom_esgoto":false,"renda_resp":1826.89,"sigilo_renda_resp":false,"n_resp":108,"sigilo_n_resp":false,"dens":35.0,"sigilo_dens":false,"na_bacia":0,"area_pct_bacia":41.8329,"metodo_recorte_bacia":"ponto_representativo_setor_2022; area_pct_geometrica","status_borda_bacia":"parcial","metodo_area_bacia":"interseção geométrica em EPSG:5880","metodo_na_bacia":"ponto_representativo_setor_2022_within_bacia","pop_n_validos":1,"pop_n_total":1,"pop_completude":1.0,"dom_n_validos":1,"dom_n_total":1,"dom_completude":1.0,"dom_ocupados_n_validos":1,"dom_ocupados_n_total":1,"dom_ocupados_completude":1.0,"mulheres_n_validos":1,"mulheres_n_total":1,"mulheres_completude":1.0,"c0_4_n_validos":1,"c0_4_n_total":1,"c0_4_completude":1.0,"c5_9_n_validos":1,"c5_9_n_total":1,"c5_9_completude":1.0,"i60_69_n_validos":1,"i60_69_n_total":1,"i60_69_completude":1.0,"i70m_n_validos":1,"i70m_n_total":1,"i70m_completude":1.0,"indigenas_n_validos":1,"indigenas_n_total":1,"indigenas_completude":1.0,"pretos_pardos_n_validos":1,"pretos_pardos_n_total":1,"pretos_pardos_completude":1.0,"dom_agua_n_validos":1,"dom_agua_n_total":1,"dom_agua_completude":1.0,"dom_esgoto_n_validos":1,"dom_esgoto_n_total":1,"dom_esgoto_completude":1.0,"n_resp_n_validos":1,"n_resp_n_total":1,"n_resp_completude":1.0,"renda_resp_n_validos":1,"renda_resp_n_total":1,"renda_resp_completude":1.0,"dens_n_validos":1,"dens_n_total":1,"dens_completude":1.0},"geometry":{"type":"Polygon","coordinates":[[[-51.57769429999996,-29.61235179999994],[-51.57165939999993,-29.61427569999994],[-51.569644299999936,-29.61420249999998],[-51.56905789999997,-29.614545099999933],[-51.56869639999997,-29.61435169999993],[-51.567800199999965,-29.614380699999966],[-51.56734179999995,-29.61391509999993],[-51.566686,-29.613841],[-51.566326799999956,-29.613470899999978],[-51.56522719999998,-29.613819],[-51.56479929999995,-29.61432059999992],[-51.563941,-29.61403629999995],[-51.56254179999996,-29.61437149999994],[-51.56252769999998,-29.614209499999962],[-51.563691699999936,-29.61365449999993],[-51.56347519999997,-29.61356909999996],[-51.55728389999996,-29.613686199999968],[-51.555607399999985,-29.614477499999968],[-51.55543849999999,-29.614227899999943],[-51.55486049999996,-29.614216599999956],[-51.55425289999994,-29.613762599999973],[-51.55385529999996,-29.61377439999997],[-51.554226399999955,-29.61686859999997],[-51.553351299999974,-29.61937159999995],[-51.553802599999976,-29.62003019999997],[-51.55349439999998,-29.62073889999993],[-51.552911199999976,-29.621086399999967],[-51.55251639999995,-29.621829299999938],[-51.55347889999996,-29.62384479999997],[-51.55340249999995,-29.624831],[-51.55464729999994,-29.626896899999966],[-51.556089,-29.628185699999946],[-51.55648029999997,-29.628306499999955],[-51.557502099999965,-29.628005099999953],[-51.55826809999997,-29.627511499999976],[-51.55915759999994,-29.627400099999928],[-51.56001,-29.627938],[-51.56216789999997,-29.630078799999982],[-51.562710799999934,-29.631145099999973],[-51.56317379999995,-29.633227399999942],[-51.563710199999946,-29.634462899999953],[-51.563521899999955,-29.635878599999955],[-51.564261499999986,-29.638834],[-51.563726499999966,-29.64183489999994],[-51.56379649999997,-29.643859899999942],[-51.56411,-29.64400909999995],[-51.56513039999999,-29.643865299999945],[-51.56645229999998,-29.64424],[-51.56783319999993,-29.643616099999978],[-51.570690199999945,-29.643233599999967],[-51.57231439999999,-29.642441099999925],[-51.57252219999999,-29.64179619999993],[-51.57204329999996,-29.640637699999953],[-51.57220419999993,-29.63850739999998],[-51.571058,-29.634453599999976],[-51.57008249999996,-29.632003599999965],[-51.57072839999995,-29.62963849999994],[-51.57199719999994,-29.62712779999998],[-51.57196619999996,-29.62638119999997],[-51.572873699999946,-29.623732399999927],[-51.5739349,-29.622799799999928],[-51.575214,-29.622688],[-51.576658399999985,-29.623305299999974],[-51.577457599999946,-29.623187499999965],[-51.57863669999995,-29.621818199999947],[-51.57859509999997,-29.62018279999995],[-51.58114219999994,-29.619692699999977],[-51.58162679999999,-29.61970589999993],[-51.58334309999998,-29.62090859999994],[-51.588203599999986,-29.621608399999964],[-51.588775,-29.621993599999943],[-51.59037419999998,-29.622320699999918],[-51.59150589999996,-29.622250699999935],[-51.593180899999936,-29.621673],[-51.595100199999926,-29.619456599999975],[-51.59711089999997,-29.616512199999928],[-51.59836729999995,-29.615838799999942],[-51.59856319999995,-29.615522299999956],[-51.597975,-29.614443699999985],[-51.597925499999974,-29.611213099999926],[-51.597500699999955,-29.60971],[-51.59919339999994,-29.607873899999962],[-51.60009349999996,-29.606185699999955],[-51.601127199999944,-29.60540569999994],[-51.60150679999998,-29.60443189999994],[-51.603248,-29.602953199999938],[-51.603935499999984,-29.60135209999992],[-51.60386269999998,-29.59903989999997],[-51.60409979999997,-29.59884259999994],[-51.604718299999945,-29.59917509999997],[-51.6059231,-29.599233599999934],[-51.60774619999995,-29.598025599999968],[-51.608527,-29.59618139999997],[-51.610151799999976,-29.595312599999946],[-51.61321379999998,-29.59594139999995],[-51.61387209999998,-29.595865899999975],[-51.61596289999994,-29.595177499999988],[-51.61674819999996,-29.594348599999933],[-51.61816829999998,-29.594513],[-51.61883229999996,-29.593998799999945],[-51.60814789999995,-29.59223389999994],[-51.60739049999995,-29.592664299999964],[-51.60678249999996,-29.593882299999954],[-51.604765399999955,-29.59590109999993],[-51.60291369999994,-29.59649649999994],[-51.601569099999956,-29.597900299999925],[-51.599286,-29.59834409999996],[-51.597172599999965,-29.60291109999997],[-51.593877,-29.605680199999934],[-51.591015599999935,-29.61054559999998],[-51.57769429999996,-29.61235179999994]]]}},{"type":"Feature","properties":{"setor":"431240118000004","pop":55,"sigilo_pop":false,"dom":44,"sigilo_dom":false,"mulheres":25,"sigilo_mulheres":false,"c0_4":0,"sigilo_c0_4":false,"c5_9":null,"sigilo_c5_9":true,"i60_69":19,"sigilo_i60_69":false,"i70m":null,"sigilo_i70m":true,"indigenas":0,"sigilo_indigenas":false,"pretos_pardos":null,"sigilo_pretos_pardos":true,"dom_ocupados":27,"sigilo_dom_ocupados":false,"dom_agua":5,"sigilo_dom_agua":false,"dom_esgoto":0,"sigilo_dom_esgoto":false,"renda_resp":2438.54,"sigilo_renda_resp":false,"n_resp":27,"sigilo_n_resp":false,"dens":5.4,"sigilo_dens":false,"na_bacia":0,"area_pct_bacia":47.149,"metodo_recorte_bacia":"ponto_representativo_setor_2022; area_pct_geometrica","status_borda_bacia":"parcial","metodo_area_bacia":"interseção geométrica em EPSG:5880","metodo_na_bacia":"ponto_representativo_setor_2022_within_bacia","pop_n_validos":1,"pop_n_total":1,"pop_completude":1.0,"dom_n_validos":1,"dom_n_total":1,"dom_completude":1.0,"dom_ocupados_n_validos":1,"dom_ocupados_n_total":1,"dom_ocupados_completude":1.0,"mulheres_n_validos":1,"mulheres_n_total":1,"mulheres_completude":1.0,"c0_4_n_validos":1,"c0_4_n_total":1,"c0_4_completude":1.0,"c5_9_n_validos":0,"c5_9_n_total":1,"c5_9_completude":0.0,"i60_69_n_validos":1,"i60_69_n_total":1,"i60_69_completude":1.0,"i70m_n_validos":0,"i70m_n_total":1,"i70m_completude":0.0,"indigenas_n_validos":1,"indigenas_n_total":1,"indigenas_completude":1.0,"pretos_pardos_n_validos":0,"pretos_pardos_n_total":1,"pretos_pardos_completude":0.0,"dom_agua_n_validos":1,"dom_agua_n_total":1,"dom_agua_completude":1.0,"dom_esgoto_n_validos":1,"dom_esgoto_n_total":1,"dom_esgoto_completude":1.0,"n_resp_n_validos":1,"n_resp_n_total":1,"n_resp_completude":1.0,"renda_resp_n_validos":1,"renda_resp_n_total":1,"renda_resp_completude":1.0,"dens_n_validos":1,"dens_n_total":1,"dens_completude":1.0},"geometry":{"type":"Polygon","coordinates":[[[-51.60783529999998,-29.64460849999994],[-51.607892,-29.64542],[-51.61007429999995,-29.647510899999933],[-51.61001689999995,-29.648860599999978],[-51.609120599999976,-29.65071379999994],[-51.607919299999935,-29.651527899999962],[-51.60771609999995,-29.652449899999965],[-51.60602739999995,-29.653507499999932],[-51.60486809999998,-29.65492329999995],[-51.604573,-29.655648399999965],[-51.60232389999994,-29.655829],[-51.60163579999994,-29.656128399999936],[-51.60094049999998,-29.656785399999933],[-51.59959009999994,-29.657219599999962],[-51.59813159999993,-29.658581799999975],[-51.59768519999995,-29.660635599999985],[-51.59767339999996,-29.66189959999997],[-51.59584629999995,-29.66426419999994],[-51.59559509999996,-29.664759099999962],[-51.595721399999945,-29.665392799999953],[-51.59513419999996,-29.66595269999993],[-51.5950218,-29.667012299999953],[-51.59523279999996,-29.667606699999972],[-51.59494429999995,-29.670262499999975],[-51.60059979999994,-29.6709873],[-51.60088719999993,-29.674006699999964],[-51.60137489999994,-29.675185099999965],[-51.60112189999996,-29.676700799999942],[-51.601463,-29.679261599999958],[-51.60134019999998,-29.68077789999996],[-51.60195339999996,-29.6811082],[-51.602218,-29.681585499999983],[-51.60126939999997,-29.683325],[-51.60344809999998,-29.686769199999954],[-51.64097769999995,-29.636982499999935],[-51.638858,-29.634369199999988],[-51.63783379999995,-29.63153009999996],[-51.637233899999956,-29.630735399999935],[-51.63570559999994,-29.62981379999996],[-51.63495229999995,-29.629725399999987],[-51.63430889999996,-29.63023359999993],[-51.634244,-29.632686499999977],[-51.633921499999985,-29.63344459999997],[-51.632242599999984,-29.63505919999995],[-51.63176189999995,-29.635933199999947],[-51.63076789999996,-29.635700199999967],[-51.62841759999997,-29.63627709999998],[-51.62663669999995,-29.636230199999936],[-51.62555789999993,-29.637029099999957],[-51.62479189999994,-29.63793539999995],[-51.624265699999974,-29.638004099999943],[-51.6227358,-29.63891639999996],[-51.62183289999996,-29.63917069999997],[-51.62103719999993,-29.640067699999978],[-51.619468599999955,-29.640551],[-51.61616939999994,-29.640757599999972],[-51.61499269999996,-29.6401165],[-51.61411709999993,-29.64178029999994],[-51.61302749999993,-29.64251149999995],[-51.612098299999964,-29.64261059999995],[-51.61136739999995,-29.643215],[-51.60952649999996,-29.643435299999965],[-51.60881859999995,-29.643721099999937],[-51.60783529999998,-29.64460849999994]]]}},{"type":"Feature","properties":{"setor":"431240118000005","pop":448,"sigilo_pop":false,"dom":237,"sigilo_dom":false,"mulheres":213,"sigilo_mulheres":false,"c0_4":29,"sigilo_c0_4":false,"c5_9":24,"sigilo_c5_9":false,"i60_69":60,"sigilo_i60_69":false,"i70m":44,"sigilo_i70m":false,"indigenas":0,"sigilo_indigenas":false,"pretos_pardos":67,"sigilo_pretos_pardos":false,"dom_ocupados":179,"sigilo_dom_ocupados":false,"dom_agua":119,"sigilo_dom_agua":false,"dom_esgoto":null,"sigilo_dom_esgoto":true,"renda_resp":1575.49,"sigilo_renda_resp":false,"n_resp":179,"sigilo_n_resp":false,"dens":23.8,"sigilo_dens":false,"na_bacia":0,"area_pct_bacia":0.0,"metodo_recorte_bacia":"ponto_representativo_setor_2022; area_pct_geometrica","status_borda_bacia":"total","metodo_area_bacia":"interseção geométrica em EPSG:5880","metodo_na_bacia":"ponto_representativo_setor_2022_within_bacia","pop_n_validos":1,"pop_n_total":1,"pop_completude":1.0,"dom_n_validos":1,"dom_n_total":1,"dom_completude":1.0,"dom_ocupados_n_validos":1,"dom_ocupados_n_total":1,"dom_ocupados_completude":1.0,"mulheres_n_validos":1,"mulheres_n_total":1,"mulheres_completude":1.0,"c0_4_n_validos":1,"c0_4_n_total":1,"c0_4_completude":1.0,"c5_9_n_validos":1,"c5_9_n_total":1,"c5_9_completude":1.0,"i60_69_n_validos":1,"i60_69_n_total":1,"i60_69_completude":1.0,"i70m_n_validos":1,"i70m_n_total":1,"i70m_completude":1.0,"indigenas_n_validos":1,"indigenas_n_total":1,"indigenas_completude":1.0,"pretos_pardos_n_validos":1,"pretos_pardos_n_total":1,"pretos_pardos_completude":1.0,"dom_agua_n_validos":1,"dom_agua_n_total":1,"dom_agua_completude":1.0,"dom_esgoto_n_validos":0,"dom_esgoto_n_total":1,"dom_esgoto_completude":0.0,"n_resp_n_validos":1,"n_resp_n_total":1,"n_resp_completude":1.0,"renda_resp_n_validos":1,"renda_resp_n_total":1,"renda_resp_completude":1.0,"dens_n_validos":1,"dens_n_total":1,"dens_completude":1.0},"geometry":{"type":"Polygon","coordinates":[[[-51.542503099999976,-29.690377499999943],[-51.54264129999996,-29.6911588],[-51.54443489999994,-29.693254199999952],[-51.54505439999996,-29.694468199999964],[-51.54871909999997,-29.704294],[-51.546701699999964,-29.706872199999957],[-51.54534149999995,-29.707684599999936],[-51.54588409999996,-29.709073099999948],[-51.54698609999997,-29.709741199999936],[-51.54768679999995,-29.710863099999983],[-51.5465167,-29.712001499999936],[-51.54690019999998,-29.713494699999956],[-51.545867299999934,-29.713686],[-51.54533479999998,-29.712570899999935],[-51.54501079999994,-29.712739699999922],[-51.54372959999995,-29.71833379999998],[-51.54564959999994,-29.721571099999945],[-51.54639559999998,-29.722222],[-51.549586499999975,-29.72333189999994],[-51.54847429999996,-29.729282499999957],[-51.54933579999994,-29.730181499999958],[-51.55348989999993,-29.73085919999994],[-51.55649409999995,-29.73251309999994],[-51.55706709999998,-29.732437599999976],[-51.559652899999946,-29.73037969999995],[-51.56288039999998,-29.728262399999952],[-51.565318099999956,-29.728304],[-51.56713339999994,-29.729466],[-51.57031209999997,-29.729972399999948],[-51.57095819999995,-29.730386399999936],[-51.60344809999998,-29.686769199999954],[-51.60126939999997,-29.683325],[-51.602218,-29.681585499999983],[-51.60195339999996,-29.6811082],[-51.60134019999998,-29.68077789999996],[-51.601463,-29.679261599999958],[-51.60112189999996,-29.676700799999942],[-51.60137489999994,-29.675185099999965],[-51.60088719999993,-29.674006699999964],[-51.60059979999994,-29.6709873],[-51.59494429999995,-29.670262499999975],[-51.59498549999995,-29.670805599999937],[-51.594325,-29.67225449999996],[-51.594451,-29.674397499999944],[-51.59316259999998,-29.67662389999997],[-51.59303,-29.677883299999955],[-51.59300529999996,-29.678305099999935],[-51.594060099999986,-29.679841499999956],[-51.5914504,-29.683666299999967],[-51.59078959999994,-29.685975899999953],[-51.59104279999997,-29.688083],[-51.59084819999998,-29.692166099999955],[-51.59186109999997,-29.693256],[-51.587986599999965,-29.69090469999997],[-51.58577269999995,-29.69016979999999],[-51.56948969999997,-29.689893499999982],[-51.568096599999926,-29.689964699999955],[-51.56309909999994,-29.690853499999942],[-51.546954899999946,-29.69006639999997],[-51.542503099999976,-29.690377499999943]]]}},{"type":"Feature","properties":{"setor":"431240118000006","pop":220,"sigilo_pop":false,"dom":128,"sigilo_dom":false,"mulheres":105,"sigilo_mulheres":false,"c0_4":14,"sigilo_c0_4":false,"c5_9":12,"sigilo_c5_9":false,"i60_69":46,"sigilo_i60_69":false,"i70m":17,"sigilo_i70m":false,"indigenas":0,"sigilo_indigenas":false,"pretos_pardos":41,"sigilo_pretos_pardos":false,"dom_ocupados":87,"sigilo_dom_ocupados":false,"dom_agua":4,"sigilo_dom_agua":false,"dom_esgoto":0,"sigilo_dom_esgoto":false,"renda_resp":2993.19,"sigilo_renda_resp":false,"n_resp":87,"sigilo_n_resp":false,"dens":6.0,"sigilo_dens":false,"na_bacia":0,"area_pct_bacia":0.0,"metodo_recorte_bacia":"ponto_representativo_setor_2022; area_pct_geometrica","status_borda_bacia":"total","metodo_area_bacia":"interseção geométrica em EPSG:5880","metodo_na_bacia":"ponto_representativo_setor_2022_within_bacia","pop_n_validos":1,"pop_n_total":1,"pop_completude":1.0,"dom_n_validos":1,"dom_n_total":1,"dom_completude":1.0,"dom_ocupados_n_validos":1,"dom_ocupados_n_total":1,"dom_ocupados_completude":1.0,"mulheres_n_validos":1,"mulheres_n_total":1,"mulheres_completude":1.0,"c0_4_n_validos":1,"c0_4_n_total":1,"c0_4_completude":1.0,"c5_9_n_validos":1,"c5_9_n_total":1,"c5_9_completude":1.0,"i60_69_n_validos":1,"i60_69_n_total":1,"i60_69_completude":1.0,"i70m_n_validos":1,"i70m_n_total":1,"i70m_completude":1.0,"indigenas_n_validos":1,"indigenas_n_total":1,"indigenas_completude":1.0,"pretos_pardos_n_validos":1,"pretos_pardos_n_total":1,"pretos_pardos_completude":1.0,"dom_agua_n_validos":1,"dom_agua_n_total":1,"dom_agua_completude":1.0,"dom_esgoto_n_validos":1,"dom_esgoto_n_total":1,"dom_esgoto_completude":1.0,"n_resp_n_validos":1,"n_resp_n_total":1,"n_resp_completude":1.0,"renda_resp_n_validos":1,"renda_resp_n_total":1,"renda_resp_completude":1.0,"dens_n_validos":1,"dens_n_total":1,"dens_completude":1.0},"geometry":{"type":"Polygon","coordinates":[[[-51.58483679999995,-29.763323],[-51.582747899999966,-29.76511619999997],[-51.58237849999995,-29.7575083],[-51.58671449999997,-29.757262099999934],[-51.58674589999998,-29.760337399999962],[-51.588448599999936,-29.758422799999952],[-51.58894139999996,-29.756687599999967],[-51.58889449999998,-29.755327899999944],[-51.58837879999998,-29.754577699999974],[-51.585471799999944,-29.752749199999982],[-51.58228349999996,-29.75317109999996],[-51.57989229999998,-29.75270229999996],[-51.57862639999996,-29.75204589999994],[-51.57784189999995,-29.750789899999976],[-51.576530199999986,-29.74754859999995],[-51.576559,-29.742999],[-51.575579199999936,-29.73976009999995],[-51.57089249999995,-29.737089],[-51.5659017,-29.73657809999996],[-51.57095819999995,-29.730386399999936],[-51.57031209999997,-29.729972399999948],[-51.56713339999994,-29.729466],[-51.565318099999956,-29.728304],[-51.56288039999998,-29.728262399999952],[-51.559652899999946,-29.73037969999995],[-51.55706709999998,-29.732437599999976],[-51.55649409999995,-29.73251309999994],[-51.55348989999993,-29.73085919999994],[-51.54933579999994,-29.730181499999958],[-51.54847429999996,-29.729282499999957],[-51.549586499999975,-29.72333189999994],[-51.54639559999998,-29.722222],[-51.54564959999994,-29.721571099999945],[-51.54372959999995,-29.71833379999998],[-51.54501079999994,-29.712739699999922],[-51.54533479999998,-29.712570899999935],[-51.545867299999934,-29.713686],[-51.54690019999998,-29.713494699999956],[-51.5465167,-29.712001499999936],[-51.54768679999995,-29.710863099999983],[-51.54698609999997,-29.709741199999936],[-51.54588409999996,-29.709073099999948],[-51.54569449999997,-29.708215],[-51.545254399999976,-29.707626299999962],[-51.54386009999997,-29.708073299999967],[-51.541901399999965,-29.707742],[-51.54119019999996,-29.708149199999976],[-51.540854299999985,-29.708743499999965],[-51.54090219999995,-29.709385899999983],[-51.540548,-29.709830499999956],[-51.54054329999997,-29.710887299999953],[-51.54000979999995,-29.71146339999996],[-51.53824259999993,-29.71177019999992],[-51.537074899999936,-29.711098099999973],[-51.53629259999997,-29.710956],[-51.535374099999956,-29.711448799999975],[-51.534780599999976,-29.712222],[-51.53413049999995,-29.712443899999975],[-51.531696,-29.711905],[-51.52937359999998,-29.71220759999994],[-51.52803069999993,-29.71202609999994],[-51.5276722,-29.711080799999923],[-51.52650669999998,-29.709630699999938],[-51.52507029999998,-29.708941499999973],[-51.523634799999975,-29.709042799999963],[-51.52300459999998,-29.708521899999937],[-51.521925099999976,-29.708267099999937],[-51.52158039999995,-29.70779829999998],[-51.52057389999993,-29.70725989999994],[-51.51833929999998,-29.707565499999927],[-51.51779389999996,-29.70743859999992],[-51.51744649999994,-29.70682269999997],[-51.515747799999986,-29.707390599999925],[-51.51546659999997,-29.707598399999938],[-51.51512229999998,-29.708608699999953],[-51.51456939999998,-29.708832],[-51.513656599999926,-29.708439299999945],[-51.51100159999998,-29.70840079999995],[-51.510294199999976,-29.707937],[-51.50968479999994,-29.70784459999993],[-51.507726299999945,-29.70836019999996],[-51.507146699999964,-29.709250399999974],[-51.50736119999994,-29.710387599999944],[-51.50720019999995,-29.710841299999963],[-51.50628009999997,-29.71146569999996],[-51.50603709999996,-29.7131065],[-51.50514449999998,-29.71385439999995],[-51.50371679999996,-29.713661299999963],[-51.50286759999994,-29.71397949999993],[-51.50232009999997,-29.714496],[-51.50178379999994,-29.71454039999997],[-51.502394199999976,-29.713596799999955],[-51.50190139999995,-29.712624899999977],[-51.50159269999995,-29.712501599999943],[-51.49690689999994,-29.721781499999953],[-51.498155699999984,-29.72188279999994],[-51.50059969999995,-29.72037749999997],[-51.50104779999998,-29.720314299999984],[-51.50456579999997,-29.721258899999945],[-51.507730599999945,-29.721815299999946],[-51.51152459999997,-29.72468309999993],[-51.514407,-29.72546259999995],[-51.51801379999995,-29.72752079999997],[-51.51994989999997,-29.72834349999994],[-51.522473599999955,-29.735042],[-51.52195619999998,-29.74000869999997],[-51.525149899999974,-29.748569599999946],[-51.524757199999954,-29.751497099999945],[-51.5251636,-29.752254199999978],[-51.52651,-29.760441699999948],[-51.527392599999985,-29.762492],[-51.52963719999997,-29.765420399999986],[-51.530526099999975,-29.768555],[-51.53716769999995,-29.77537589999998],[-51.54211459999993,-29.7737878],[-51.55057929999998,-29.779911299999977],[-51.55445189999995,-29.779488799999967],[-51.55842389999998,-29.785028399999923],[-51.56041329999994,-29.785187699999927],[-51.56327989999994,-29.781810399999983],[-51.566695799999934,-29.779870599999974],[-51.5788108,-29.779421],[-51.58652819999998,-29.776016499999958],[-51.586933199999976,-29.774568499999933],[-51.58447579999996,-29.770988899999956],[-51.58483679999995,-29.763323]]]}},{"type":"Feature","properties":{"setor":"431240118000007","pop":212,"sigilo_pop":false,"dom":90,"sigilo_dom":false,"mulheres":108,"sigilo_mulheres":false,"c0_4":17,"sigilo_c0_4":false,"c5_9":19,"sigilo_c5_9":false,"i60_69":16,"sigilo_i60_69":false,"i70m":6,"sigilo_i70m":false,"indigenas":0,"sigilo_indigenas":false,"pretos_pardos":63,"sigilo_pretos_pardos":false,"dom_ocupados":78,"sigilo_dom_ocupados":false,"dom_agua":66,"sigilo_dom_agua":false,"dom_esgoto":0,"sigilo_dom_esgoto":false,"renda_resp":1556.99,"sigilo_renda_resp":false,"n_resp":78,"sigilo_n_resp":false,"dens":844.4,"sigilo_dens":false,"na_bacia":0,"area_pct_bacia":0.0,"metodo_recorte_bacia":"ponto_representativo_setor_2022; area_pct_geometrica","status_borda_bacia":"total","metodo_area_bacia":"interseção geométrica em EPSG:5880","metodo_na_bacia":"ponto_representativo_setor_2022_within_bacia","pop_n_validos":1,"pop_n_total":1,"pop_completude":1.0,"dom_n_validos":1,"dom_n_total":1,"dom_completude":1.0,"dom_ocupados_n_validos":1,"dom_ocupados_n_total":1,"dom_ocupados_completude":1.0,"mulheres_n_validos":1,"mulheres_n_total":1,"mulheres_completude":1.0,"c0_4_n_validos":1,"c0_4_n_total":1,"c0_4_completude":1.0,"c5_9_n_validos":1,"c5_9_n_total":1,"c5_9_completude":1.0,"i60_69_n_validos":1,"i60_69_n_total":1,"i60_69_completude":1.0,"i70m_n_validos":1,"i70m_n_total":1,"i70m_completude":1.0,"indigenas_n_validos":1,"indigenas_n_total":1,"indigenas_completude":1.0,"pretos_pardos_n_validos":1,"pretos_pardos_n_total":1,"pretos_pardos_completude":1.0,"dom_agua_n_validos":1,"dom_agua_n_total":1,"dom_agua_completude":1.0,"dom_esgoto_n_validos":1,"dom_esgoto_n_total":1,"dom_esgoto_completude":1.0,"n_resp_n_validos":1,"n_resp_n_total":1,"n_resp_completude":1.0,"renda_resp_n_validos":1,"renda_resp_n_total":1,"renda_resp_completude":1.0,"dens_n_validos":1,"dens_n_total":1,"dens_completude":1.0},"geometry":{"type":"Polygon","coordinates":[[[-51.58674589999998,-29.760337399999962],[-51.58671449999997,-29.757262099999934],[-51.58237849999995,-29.7575083],[-51.582747899999966,-29.76511619999997],[-51.58483679999995,-29.763323],[-51.584878599999975,-29.762437099999946],[-51.58674589999998,-29.760337399999962]]]}},{"type":"Feature","properties":{"setor":"431240127000003","pop":111,"sigilo_pop":false,"dom":68,"sigilo_dom":false,"mulheres":58,"sigilo_mulheres":false,"c0_4":8,"sigilo_c0_4":false,"c5_9":null,"sigilo_c5_9":true,"i60_69":19,"sigilo_i60_69":false,"i70m":14,"sigilo_i70m":false,"indigenas":0,"sigilo_indigenas":false,"pretos_pardos":null,"sigilo_pretos_pardos":true,"dom_ocupados":41,"sigilo_dom_ocupados":false,"dom_agua":3,"sigilo_dom_agua":false,"dom_esgoto":0,"sigilo_dom_esgoto":false,"renda_resp":1963.76,"sigilo_renda_resp":false,"n_resp":41,"sigilo_n_resp":false,"dens":6.3,"sigilo_dens":false,"na_bacia":0,"area_pct_bacia":0.0,"metodo_recorte_bacia":"ponto_representativo_setor_2022; area_pct_geometrica","status_borda_bacia":"total","metodo_area_bacia":"interseção geométrica em EPSG:5880","metodo_na_bacia":"ponto_representativo_setor_2022_within_bacia","pop_n_validos":1,"pop_n_total":1,"pop_completude":1.0,"dom_n_validos":1,"dom_n_total":1,"dom_completude":1.0,"dom_ocupados_n_validos":1,"dom_ocupados_n_total":1,"dom_ocupados_completude":1.0,"mulheres_n_validos":1,"mulheres_n_total":1,"mulheres_completude":1.0,"c0_4_n_validos":1,"c0_4_n_total":1,"c0_4_completude":1.0,"c5_9_n_validos":0,"c5_9_n_total":1,"c5_9_completude":0.0,"i60_69_n_validos":1,"i60_69_n_total":1,"i60_69_completude":1.0,"i70m_n_validos":1,"i70m_n_total":1,"i70m_completude":1.0,"indigenas_n_validos":1,"indigenas_n_total":1,"indigenas_completude":1.0,"pretos_pardos_n_validos":0,"pretos_pardos_n_total":1,"pretos_pardos_completude":0.0,"dom_agua_n_validos":1,"dom_agua_n_total":1,"dom_agua_completude":1.0,"dom_esgoto_n_validos":1,"dom_esgoto_n_total":1,"dom_esgoto_completude":1.0,"n_resp_n_validos":1,"n_resp_n_total":1,"n_resp_completude":1.0,"renda_resp_n_validos":1,"renda_resp_n_total":1,"renda_resp_completude":1.0,"dens_n_validos":1,"dens_n_total":1,"dens_completude":1.0},"geometry":{"type":"Polygon","coordinates":[[[-51.40514159999997,-29.77207189999995],[-51.403110099999935,-29.7720753],[-51.402836399999956,-29.77173819999996],[-51.40249559999995,-29.773200299999935],[-51.40449239999998,-29.774840399999963],[-51.412310899999966,-29.77900549999998],[-51.41276,-29.778688299999946],[-51.41802119999994,-29.777265],[-51.41905209999993,-29.776770499999927],[-51.4231516,-29.773960899999956],[-51.43067529999997,-29.76776729999995],[-51.43422489999994,-29.765534799999962],[-51.43527289999997,-29.764225],[-51.43661919999993,-29.76315239999996],[-51.43959889999996,-29.76194569999994],[-51.44079469999997,-29.76037589999993],[-51.441873199999975,-29.756841099999964],[-51.441946399999956,-29.755369099999932],[-51.44297029999995,-29.753115399999963],[-51.44423869999997,-29.751148099999952],[-51.44479329999996,-29.74903549999994],[-51.44836909999998,-29.744740299999922],[-51.45121119999993,-29.74243169999994],[-51.45038079999995,-29.741307699999943],[-51.44694139999996,-29.738094799999935],[-51.446665,-29.737561399999954],[-51.44673929999994,-29.73635639999998],[-51.446415,-29.735513599999923],[-51.44538639999996,-29.734409799999977],[-51.44384869999993,-29.73346549999997],[-51.442601,-29.730507799999927],[-51.44263359999996,-29.729211699999947],[-51.44240029999997,-29.728837899999977],[-51.44097169999998,-29.72751239999996],[-51.43741529999994,-29.726444],[-51.43629219999997,-29.726437],[-51.436704,-29.72616519999997],[-51.43378389999999,-29.725048299999962],[-51.426868,-29.715347399999935],[-51.42453249999994,-29.714107299999963],[-51.42000609999996,-29.713730699999914],[-51.41533449999998,-29.715838799999972],[-51.41383859999997,-29.71692769999992],[-51.413603499999965,-29.7185588],[-51.4144108,-29.722590499999967],[-51.413711399999954,-29.723416299999947],[-51.40918869999996,-29.72453169999995],[-51.40752209999994,-29.727230199999962],[-51.40768419999995,-29.729005199999968],[-51.411578299999974,-29.730715099999934],[-51.414043399999976,-29.734651299999932],[-51.41423969999994,-29.739855],[-51.4122953,-29.744622],[-51.41239049999996,-29.746191],[-51.412927,-29.747647699999956],[-51.41715569999997,-29.750009699999957],[-51.417911499999946,-29.751426499999987],[-51.417944399999946,-29.754660499999936],[-51.41606019999995,-29.757357599999988],[-51.41337029999994,-29.759089499999956],[-51.40774689999995,-29.7609586],[-51.40717659999996,-29.76181929999996],[-51.407251,-29.76423],[-51.41105969999996,-29.766536199999962],[-51.41128639999993,-29.767695699999933],[-51.40985889999996,-29.77011119999997],[-51.40514159999997,-29.77207189999995]]]}},{"type":"Feature","properties":{"setor":"431240127000004","pop":2101,"sigilo_pop":false,"dom":254,"sigilo_dom":false,"mulheres":207,"sigilo_mulheres":false,"c0_4":41,"sigilo_c0_4":false,"c5_9":37,"sigilo_c5_9":false,"i60_69":67,"sigilo_i60_69":false,"i70m":43,"sigilo_i70m":false,"indigenas":0,"sigilo_indigenas":false,"pretos_pardos":584,"sigilo_pretos_pardos":false,"dom_ocupados":167,"sigilo_dom_ocupados":false,"dom_agua":79,"sigilo_dom_agua":false,"dom_esgoto":3,"sigilo_dom_esgoto":false,"renda_resp":2266.13,"sigilo_renda_resp":false,"n_resp":167,"sigilo_n_resp":false,"dens":117.6,"sigilo_dens":false,"na_bacia":0,"area_pct_bacia":0.0,"metodo_recorte_bacia":"ponto_representativo_setor_2022; area_pct_geometrica","status_borda_bacia":"total","metodo_area_bacia":"interseção geométrica em EPSG:5880","metodo_na_bacia":"ponto_representativo_setor_2022_within_bacia","pop_n_validos":1,"pop_n_total":1,"pop_completude":1.0,"dom_n_validos":1,"dom_n_total":1,"dom_completude":1.0,"dom_ocupados_n_validos":1,"dom_ocupados_n_total":1,"dom_ocupados_completude":1.0,"mulheres_n_validos":1,"mulheres_n_total":1,"mulheres_completude":1.0,"c0_4_n_validos":1,"c0_4_n_total":1,"c0_4_completude":1.0,"c5_9_n_validos":1,"c5_9_n_total":1,"c5_9_completude":1.0,"i60_69_n_validos":1,"i60_69_n_total":1,"i60_69_completude":1.0,"i70m_n_validos":1,"i70m_n_total":1,"i70m_completude":1.0,"indigenas_n_validos":1,"indigenas_n_total":1,"indigenas_completude":1.0,"pretos_pardos_n_validos":1,"pretos_pardos_n_total":1,"pretos_pardos_completude":1.0,"dom_agua_n_validos":1,"dom_agua_n_total":1,"dom_agua_completude":1.0,"dom_esgoto_n_validos":1,"dom_esgoto_n_total":1,"dom_esgoto_completude":1.0,"n_resp_n_validos":1,"n_resp_n_total":1,"n_resp_completude":1.0,"renda_resp_n_validos":1,"renda_resp_n_total":1,"renda_resp_completude":1.0,"dens_n_validos":1,"dens_n_total":1,"dens_completude":1.0},"geometry":{"type":"Polygon","coordinates":[[[-51.37474259999993,-29.787097],[-51.36014339999997,-29.78865309999998],[-51.35750159999998,-29.791275499999983],[-51.35577009999997,-29.795080099999957],[-51.35705669999993,-29.796943399999975],[-51.36648909999997,-29.796151399999943],[-51.367753099999966,-29.797702099999974],[-51.36740919999994,-29.800127899999957],[-51.36105569999996,-29.802840599999953],[-51.35451089999997,-29.807738199999953],[-51.35222349999997,-29.81129809999993],[-51.34994969999997,-29.818647799999958],[-51.350594299999955,-29.822668599999922],[-51.35375449999999,-29.82124469999996],[-51.35602479999994,-29.82043909999993],[-51.3576834,-29.820114899999968],[-51.37233469999995,-29.81834729999998],[-51.37651759999994,-29.81818729999997],[-51.376729799999964,-29.817544],[-51.37742529999998,-29.816697399999956],[-51.38138259999994,-29.815127],[-51.38428079999995,-29.81445],[-51.38847479999998,-29.815736099999985],[-51.389412299999954,-29.815191099999936],[-51.393343099999974,-29.81397819999995],[-51.39515719999997,-29.814733899999965],[-51.39652029999997,-29.813494],[-51.397645,-29.810375499999957],[-51.39913829999994,-29.80744549999997],[-51.39933169999995,-29.8063605],[-51.398709,-29.803808199999935],[-51.39914559999993,-29.802431299999974],[-51.39899769999994,-29.799486199999926],[-51.39907839999995,-29.799113799999922],[-51.40030989999997,-29.797693199999955],[-51.40116739999996,-29.795646499999965],[-51.40119649999996,-29.793738099999935],[-51.40212159999999,-29.792363699999957],[-51.402076,-29.789242499999943],[-51.40249749999998,-29.788351],[-51.40496349999995,-29.78479579999998],[-51.4083098,-29.782597099999972],[-51.41104969999998,-29.78115339999993],[-51.412310899999966,-29.77900549999998],[-51.40449239999998,-29.774840399999963],[-51.402852799999955,-29.773668899999954],[-51.40249559999995,-29.773200299999935],[-51.402836399999956,-29.77173819999996],[-51.39940319999993,-29.767507799999983],[-51.394511199999954,-29.76458759999997],[-51.3918652,-29.76444439999994],[-51.391436599999956,-29.768846899999957],[-51.38953539999995,-29.773995699999947],[-51.38707019999998,-29.778468799999928],[-51.38372459999994,-29.782021],[-51.37474259999993,-29.787097]]]}},{"type":"Feature","properties":{"setor":"431240135000001","pop":104,"sigilo_pop":false,"dom":57,"sigilo_dom":false,"mulheres":52,"sigilo_mulheres":false,"c0_4":13,"sigilo_c0_4":false,"c5_9":null,"sigilo_c5_9":true,"i60_69":16,"sigilo_i60_69":false,"i70m":10,"sigilo_i70m":false,"indigenas":0,"sigilo_indigenas":false,"pretos_pardos":null,"sigilo_pretos_pardos":true,"dom_ocupados":34,"sigilo_dom_ocupados":false,"dom_agua":25,"sigilo_dom_agua":false,"dom_esgoto":0,"sigilo_dom_esgoto":false,"renda_resp":2298.79,"sigilo_renda_resp":false,"n_resp":34,"sigilo_n_resp":false,"dens":555.8,"sigilo_dens":false,"na_bacia":0,"area_pct_bacia":0.0,"metodo_recorte_bacia":"ponto_representativo_setor_2022; area_pct_geometrica","status_borda_bacia":"total","metodo_area_bacia":"interseção geométrica em EPSG:5880","metodo_na_bacia":"ponto_representativo_setor_2022_within_bacia","pop_n_validos":1,"pop_n_total":1,"pop_completude":1.0,"dom_n_validos":1,"dom_n_total":1,"dom_completude":1.0,"dom_ocupados_n_validos":1,"dom_ocupados_n_total":1,"dom_ocupados_completude":1.0,"mulheres_n_validos":1,"mulheres_n_total":1,"mulheres_completude":1.0,"c0_4_n_validos":1,"c0_4_n_total":1,"c0_4_completude":1.0,"c5_9_n_validos":0,"c5_9_n_total":1,"c5_9_completude":0.0,"i60_69_n_validos":1,"i60_69_n_total":1,"i60_69_completude":1.0,"i70m_n_validos":1,"i70m_n_total":1,"i70m_completude":1.0,"indigenas_n_validos":1,"indigenas_n_total":1,"indigenas_completude":1.0,"pretos_pardos_n_validos":0,"pretos_pardos_n_total":1,"pretos_pardos_completude":0.0,"dom_agua_n_validos":1,"dom_agua_n_total":1,"dom_agua_completude":1.0,"dom_esgoto_n_validos":1,"dom_esgoto_n_total":1,"dom_esgoto_completude":1.0,"n_resp_n_validos":1,"n_resp_n_total":1,"n_resp_completude":1.0,"renda_resp_n_validos":1,"renda_resp_n_total":1,"renda_resp_completude":1.0,"dens_n_validos":1,"dens_n_total":1,"dens_completude":1.0},"geometry":{"type":"Polygon","coordinates":[[[-51.49872359999995,-29.604208299999975],[-51.49923579999995,-29.605494399999937],[-51.50212279999994,-29.60391719999995],[-51.50158589999995,-29.603045599999977],[-51.5021938,-29.601988499999948],[-51.50202459999997,-29.600562799999963],[-51.50309949999997,-29.59867169999996],[-51.50190779999997,-29.597258899999918],[-51.50026189999994,-29.599686099999918],[-51.499836,-29.60199259999996],[-51.49942989999993,-29.602658399999925],[-51.49777679999994,-29.60376709999996],[-51.49872359999995,-29.604208299999975]]]}},{"type":"Feature","properties":{"setor":"431240135000002","pop":139,"sigilo_pop":false,"dom":68,"sigilo_dom":false,"mulheres":62,"sigilo_mulheres":false,"c0_4":null,"sigilo_c0_4":true,"c5_9":11,"sigilo_c5_9":false,"i60_69":19,"sigilo_i60_69":false,"i70m":18,"sigilo_i70m":false,"indigenas":0,"sigilo_indigenas":false,"pretos_pardos":null,"sigilo_pretos_pardos":true,"dom_ocupados":54,"sigilo_dom_ocupados":false,"dom_agua":30,"sigilo_dom_agua":false,"dom_esgoto":0,"sigilo_dom_esgoto":false,"renda_resp":1858.19,"sigilo_renda_resp":false,"n_resp":54,"sigilo_n_resp":false,"dens":33.1,"sigilo_dens":false,"na_bacia":0,"area_pct_bacia":0.0,"metodo_recorte_bacia":"ponto_representativo_setor_2022; area_pct_geometrica","status_borda_bacia":"total","metodo_area_bacia":"interseção geométrica em EPSG:5880","metodo_na_bacia":"ponto_representativo_setor_2022_within_bacia","pop_n_validos":1,"pop_n_total":1,"pop_completude":1.0,"dom_n_validos":1,"dom_n_total":1,"dom_completude":1.0,"dom_ocupados_n_validos":1,"dom_ocupados_n_total":1,"dom_ocupados_completude":1.0,"mulheres_n_validos":1,"mulheres_n_total":1,"mulheres_completude":1.0,"c0_4_n_validos":0,"c0_4_n_total":1,"c0_4_completude":0.0,"c5_9_n_validos":1,"c5_9_n_total":1,"c5_9_completude":1.0,"i60_69_n_validos":1,"i60_69_n_total":1,"i60_69_completude":1.0,"i70m_n_validos":1,"i70m_n_total":1,"i70m_completude":1.0,"indigenas_n_validos":1,"indigenas_n_total":1,"indigenas_completude":1.0,"pretos_pardos_n_validos":0,"pretos_pardos_n_total":1,"pretos_pardos_completude":0.0,"dom_agua_n_validos":1,"dom_agua_n_total":1,"dom_agua_completude":1.0,"dom_esgoto_n_validos":1,"dom_esgoto_n_total":1,"dom_esgoto_completude":1.0,"n_resp_n_validos":1,"n_resp_n_total":1,"n_resp_completude":1.0,"renda_resp_n_validos":1,"renda_resp_n_total":1,"renda_resp_completude":1.0,"dens_n_validos":1,"dens_n_total":1,"dens_completude":1.0},"geometry":{"type":"Polygon","coordinates":[[[-51.503238299999964,-29.576992199999957],[-51.50304259999995,-29.577668699999947],[-51.503332599999965,-29.579174099999925],[-51.50267,-29.586926],[-51.496724,-29.597766199999963],[-51.496847,-29.598136499999946],[-51.49649329999994,-29.60016859999995],[-51.49588639999996,-29.600491599999934],[-51.49571569999994,-29.601254899999955],[-51.49528429999998,-29.60174719999998],[-51.49464429999995,-29.601701799999937],[-51.49377259999994,-29.601040599999976],[-51.49330519999995,-29.600942499999977],[-51.49301589999993,-29.601116499999932],[-51.492862399999986,-29.602605],[-51.49202449999996,-29.603667599999937],[-51.49127409999994,-29.60411329999993],[-51.49064039999996,-29.60510139999996],[-51.4893335,-29.605129799999936],[-51.48807459999995,-29.605638],[-51.48494229999994,-29.606191899999935],[-51.48352589999996,-29.60742839999994],[-51.482063,-29.608036299999966],[-51.48171719999994,-29.608652899999978],[-51.480677,-29.609372499999953],[-51.47963069999997,-29.60942389999996],[-51.479227299999934,-29.609991499999964],[-51.47928759999997,-29.61055619999997],[-51.47963939999994,-29.61090109999998],[-51.479539399999965,-29.611971299999926],[-51.47908109999997,-29.612835399999952],[-51.478266499999954,-29.612123],[-51.47675369999996,-29.61195629999997],[-51.47617619999995,-29.612255499999954],[-51.47560149999998,-29.613684599999946],[-51.47434769999995,-29.61559489999995],[-51.47431969999997,-29.616013599999974],[-51.47540379999998,-29.61763569999993],[-51.475293,-29.618892299999967],[-51.4745779,-29.619483899999967],[-51.47452169999997,-29.619907399999917],[-51.477534799999944,-29.617904],[-51.480171299999945,-29.618372599999933],[-51.485474499999945,-29.614742099999948],[-51.48694189999997,-29.614871199999985],[-51.488192699999956,-29.61553929999997],[-51.489659499999966,-29.615451],[-51.493466799999965,-29.61409519999995],[-51.494852099999946,-29.613215],[-51.494961599999954,-29.612575],[-51.49412309999996,-29.61108959999995],[-51.495337,-29.60767339999996],[-51.49756409999998,-29.60496539999996],[-51.49872359999995,-29.604208299999975],[-51.49777679999994,-29.60376709999996],[-51.49942989999993,-29.602658399999925],[-51.499836,-29.60199259999996],[-51.50026189999994,-29.599686099999918],[-51.50167729999998,-29.59757479999996],[-51.50190779999997,-29.597258899999918],[-51.50246419999996,-29.597905299999983],[-51.50345209999994,-29.595899199999966],[-51.505301,-29.59437089999994],[-51.50736729999994,-29.59318859999997],[-51.50775009999995,-29.592635199999968],[-51.50756019999994,-29.59073129999997],[-51.50876549999998,-29.589046],[-51.51211719999998,-29.587561499999936],[-51.51294269999994,-29.58601139999996],[-51.51430949999997,-29.58424169999996],[-51.51341549999996,-29.583390899999987],[-51.513935299999964,-29.582764199999932],[-51.51421259999995,-29.581366199999945],[-51.51409539999998,-29.58022649999997],[-51.514384899999975,-29.579722699999934],[-51.512997,-29.578862599999976],[-51.51213289999998,-29.577198],[-51.507989899999984,-29.5769213],[-51.50692389999995,-29.5783327],[-51.50643809999997,-29.578388699999945],[-51.506099899999974,-29.577854699999932],[-51.504757799999936,-29.57720939999995],[-51.50427029999997,-29.576997599999963],[-51.503238299999964,-29.576992199999957]]]}},{"type":"Feature","properties":{"setor":"431240135000003","pop":437,"sigilo_pop":false,"dom":215,"sigilo_dom":false,"mulheres":211,"sigilo_mulheres":false,"c0_4":23,"sigilo_c0_4":false,"c5_9":29,"sigilo_c5_9":false,"i60_69":48,"sigilo_i60_69":false,"i70m":60,"sigilo_i70m":false,"indigenas":0,"sigilo_indigenas":false,"pretos_pardos":22,"sigilo_pretos_pardos":false,"dom_ocupados":178,"sigilo_dom_ocupados":false,"dom_agua":null,"sigilo_dom_agua":true,"dom_esgoto":0,"sigilo_dom_esgoto":false,"renda_resp":2746.76,"sigilo_renda_resp":false,"n_resp":178,"sigilo_n_resp":false,"dens":49.1,"sigilo_dens":false,"na_bacia":0,"area_pct_bacia":0.0,"metodo_recorte_bacia":"ponto_representativo_setor_2022; area_pct_geometrica","status_borda_bacia":"total","metodo_area_bacia":"interseção geométrica em EPSG:5880","metodo_na_bacia":"ponto_representativo_setor_2022_within_bacia","pop_n_validos":1,"pop_n_total":1,"pop_completude":1.0,"dom_n_validos":1,"dom_n_total":1,"dom_completude":1.0,"dom_ocupados_n_validos":1,"dom_ocupados_n_total":1,"dom_ocupados_completude":1.0,"mulheres_n_validos":1,"mulheres_n_total":1,"mulheres_completude":1.0,"c0_4_n_validos":1,"c0_4_n_total":1,"c0_4_completude":1.0,"c5_9_n_validos":1,"c5_9_n_total":1,"c5_9_completude":1.0,"i60_69_n_validos":1,"i60_69_n_total":1,"i60_69_completude":1.0,"i70m_n_validos":1,"i70m_n_total":1,"i70m_completude":1.0,"indigenas_n_validos":1,"indigenas_n_total":1,"indigenas_completude":1.0,"pretos_pardos_n_validos":1,"pretos_pardos_n_total":1,"pretos_pardos_completude":1.0,"dom_agua_n_validos":0,"dom_agua_n_total":1,"dom_agua_completude":0.0,"dom_esgoto_n_validos":1,"dom_esgoto_n_total":1,"dom_esgoto_completude":1.0,"n_resp_n_validos":1,"n_resp_n_total":1,"n_resp_completude":1.0,"renda_resp_n_validos":1,"renda_resp_n_total":1,"renda_resp_completude":1.0,"dens_n_validos":1,"dens_n_total":1,"dens_completude":1.0},"geometry":{"type":"Polygon","coordinates":[[[-51.46730279999998,-29.623841],[-51.46724889999996,-29.622725099999975],[-51.467620599999975,-29.621724499999964],[-51.46739869999993,-29.621422699999975],[-51.46689059999995,-29.621380599999938],[-51.46635259999993,-29.621592499999963],[-51.466691799999985,-29.622145],[-51.466566899999975,-29.622475],[-51.465151,-29.622576199999973],[-51.46417829999996,-29.623220899999975],[-51.46302469999995,-29.625276299999943],[-51.461939399999956,-29.624279299999955],[-51.460771499999964,-29.62447049999997],[-51.460194799999954,-29.624820799999952],[-51.45959969999996,-29.624447399999944],[-51.45778339999998,-29.624173199999966],[-51.45733469999993,-29.624589899999915],[-51.457604299999964,-29.624920499999973],[-51.45682969999996,-29.624953399999978],[-51.456299,-29.62523839999993],[-51.45561949999996,-29.625168599999935],[-51.454169699999966,-29.625783],[-51.452496,-29.627450299999964],[-51.45181849999995,-29.627587099999968],[-51.451708,-29.628320799999983],[-51.45093479999997,-29.628018899999976],[-51.45052179999993,-29.62753009999994],[-51.44934089999998,-29.627390799999944],[-51.44930009999996,-29.627010899999952],[-51.448445099999965,-29.627126299999922],[-51.448076,-29.627797599999955],[-51.44767149999996,-29.628032099999935],[-51.447541,-29.62697919999993],[-51.4470204,-29.627714],[-51.447454499999935,-29.628179799999934],[-51.44723269999997,-29.628441899999913],[-51.445918699999936,-29.62904309999993],[-51.44480549999997,-29.629027],[-51.443919,-29.629648199999966],[-51.445693,-29.630453499999923],[-51.44728049999998,-29.632485099999947],[-51.449302399999965,-29.63240479999996],[-51.450581399999976,-29.63262709999998],[-51.455341299999986,-29.635007699999964],[-51.455477199999955,-29.63621929999993],[-51.456005699999935,-29.637512599999972],[-51.45636779999995,-29.637888299999933],[-51.45776089999998,-29.638442699999928],[-51.459170699999966,-29.640034],[-51.46003109999999,-29.642157299999955],[-51.462127599999974,-29.645656799999976],[-51.46167329999998,-29.646248099999973],[-51.46206659999996,-29.64776679999993],[-51.46296249999994,-29.64926209999993],[-51.46372709999998,-29.64912969999995],[-51.464142199999976,-29.649367],[-51.465947699999965,-29.64865],[-51.469007,-29.648418099999944],[-51.470170899999964,-29.648085499999976],[-51.47117489999994,-29.6475928],[-51.473242,-29.64575509999997],[-51.474773,-29.64572439999995],[-51.47541309999997,-29.646068699999947],[-51.48017909999999,-29.64607679999994],[-51.48149559999996,-29.64569569999998],[-51.48280709999994,-29.646233199999987],[-51.482908699999946,-29.645157899999955],[-51.48355479999998,-29.64447729999994],[-51.48549609999998,-29.64092119999998],[-51.48589359999995,-29.63977559999995],[-51.48512439999996,-29.63755519999996],[-51.48419779999995,-29.63700789999996],[-51.483592199999975,-29.635430499999988],[-51.48396309999998,-29.632894699999955],[-51.483443199999954,-29.63098219999994],[-51.48508359999994,-29.62853609999995],[-51.48565709999997,-29.628144699999943],[-51.486494,-29.62807509999992],[-51.487609,-29.62749019999995],[-51.489277299999976,-29.627049799999952],[-51.490195,-29.626081199999934],[-51.490394699999975,-29.624509899999957],[-51.48977619999994,-29.622997099999967],[-51.49132049999997,-29.618660599999938],[-51.49110579999996,-29.617763399999944],[-51.49004089999993,-29.616916899999982],[-51.489659499999966,-29.615451],[-51.488192699999956,-29.61553929999997],[-51.48694189999997,-29.614871199999985],[-51.485474499999945,-29.614742099999948],[-51.480171299999945,-29.618372599999933],[-51.477534799999944,-29.617904],[-51.47452169999997,-29.619907399999917],[-51.4745779,-29.619483899999967],[-51.473854,-29.61981709999998],[-51.472732,-29.620537],[-51.47203829999995,-29.62135149999994],[-51.470934,-29.621281799999966],[-51.47087829999998,-29.621651299999932],[-51.47125759999995,-29.62209229999996],[-51.472130499999935,-29.62258139999995],[-51.471596799999986,-29.623359299999958],[-51.47098839999995,-29.62360739999997],[-51.470493,-29.62314169999996],[-51.46979539999995,-29.623242],[-51.4686339,-29.622978199999967],[-51.468199899999945,-29.623320699999965],[-51.467970899999955,-29.623888],[-51.46759489999994,-29.62401249999992],[-51.46730279999998,-29.623841]]]}},{"type":"Feature","properties":{"setor":"431240135000004","pop":370,"sigilo_pop":false,"dom":178,"sigilo_dom":false,"mulheres":182,"sigilo_mulheres":false,"c0_4":25,"sigilo_c0_4":false,"c5_9":22,"sigilo_c5_9":false,"i60_69":50,"sigilo_i60_69":false,"i70m":56,"sigilo_i70m":false,"indigenas":0,"sigilo_indigenas":false,"pretos_pardos":null,"sigilo_pretos_pardos":true,"dom_ocupados":148,"sigilo_dom_ocupados":false,"dom_agua":33,"sigilo_dom_agua":false,"dom_esgoto":0,"sigilo_dom_esgoto":false,"renda_resp":2240.71,"sigilo_renda_resp":false,"n_resp":148,"sigilo_n_resp":false,"dens":28.2,"sigilo_dens":false,"na_bacia":0,"area_pct_bacia":0.0,"metodo_recorte_bacia":"ponto_representativo_setor_2022; area_pct_geometrica","status_borda_bacia":"total","metodo_area_bacia":"interseção geométrica em EPSG:5880","metodo_na_bacia":"ponto_representativo_setor_2022_within_bacia","pop_n_validos":1,"pop_n_total":1,"pop_completude":1.0,"dom_n_validos":1,"dom_n_total":1,"dom_completude":1.0,"dom_ocupados_n_validos":1,"dom_ocupados_n_total":1,"dom_ocupados_completude":1.0,"mulheres_n_validos":1,"mulheres_n_total":1,"mulheres_completude":1.0,"c0_4_n_validos":1,"c0_4_n_total":1,"c0_4_completude":1.0,"c5_9_n_validos":1,"c5_9_n_total":1,"c5_9_completude":1.0,"i60_69_n_validos":1,"i60_69_n_total":1,"i60_69_completude":1.0,"i70m_n_validos":1,"i70m_n_total":1,"i70m_completude":1.0,"indigenas_n_validos":1,"indigenas_n_total":1,"indigenas_completude":1.0,"pretos_pardos_n_validos":0,"pretos_pardos_n_total":1,"pretos_pardos_completude":0.0,"dom_agua_n_validos":1,"dom_agua_n_total":1,"dom_agua_completude":1.0,"dom_esgoto_n_validos":1,"dom_esgoto_n_total":1,"dom_esgoto_completude":1.0,"n_resp_n_validos":1,"n_resp_n_total":1,"n_resp_completude":1.0,"renda_resp_n_validos":1,"renda_resp_n_total":1,"renda_resp_completude":1.0,"dens_n_validos":1,"dens_n_total":1,"dens_completude":1.0},"geometry":{"type":"Polygon","coordinates":[[[-51.49872359999995,-29.604208299999975],[-51.49756409999998,-29.60496539999996],[-51.495337,-29.60767339999996],[-51.49412309999996,-29.61108959999995],[-51.494961599999954,-29.612575],[-51.494852099999946,-29.613215],[-51.493466799999965,-29.61409519999995],[-51.489659499999966,-29.615451],[-51.49004089999993,-29.616916899999982],[-51.49110579999996,-29.617763399999944],[-51.49132049999997,-29.618660599999938],[-51.48977619999994,-29.622997099999967],[-51.490394699999975,-29.624509899999957],[-51.490195,-29.626081199999934],[-51.489277299999976,-29.627049799999952],[-51.487609,-29.62749019999995],[-51.486494,-29.62807509999992],[-51.48565709999997,-29.628144699999943],[-51.48508359999994,-29.62853609999995],[-51.483443199999954,-29.63098219999994],[-51.48396309999998,-29.632894699999955],[-51.483592199999975,-29.635430499999988],[-51.48419779999995,-29.63700789999996],[-51.48512439999996,-29.63755519999996],[-51.48589359999995,-29.63977559999995],[-51.48549609999998,-29.64092119999998],[-51.48355479999998,-29.64447729999994],[-51.482908699999946,-29.645157899999955],[-51.48280709999994,-29.646233199999987],[-51.484614799999974,-29.6463558],[-51.485428299999974,-29.64687889999994],[-51.486583,-29.647223099999973],[-51.487437399999976,-29.647867],[-51.48980669999998,-29.65088519999995],[-51.491347899999944,-29.651462599999935],[-51.49536489999996,-29.651855599999955],[-51.495693,-29.65152389999998],[-51.497342499999945,-29.65087769999998],[-51.497987199999955,-29.650343099999922],[-51.49966859999995,-29.650065299999934],[-51.501066599999945,-29.65079],[-51.502331599999934,-29.650999799999965],[-51.50349529999994,-29.650483499999947],[-51.50435469999997,-29.650697699999963],[-51.505382,-29.650224099999942],[-51.50654569999995,-29.650547499999945],[-51.50713129999996,-29.650461],[-51.50751919999993,-29.65011539999995],[-51.510586599999954,-29.65067239999996],[-51.512170699999956,-29.65057659999996],[-51.512226699999985,-29.649486699999944],[-51.513699899999956,-29.64845689999994],[-51.514242,-29.647645199999946],[-51.51485079999998,-29.64733079999996],[-51.51472769999997,-29.645661799999978],[-51.51541549999996,-29.64363489999994],[-51.516005499999956,-29.64265079999995],[-51.51592739999996,-29.641435299999955],[-51.51373689999997,-29.637490099999972],[-51.51341909999996,-29.63557749999995],[-51.51140839999994,-29.632869199999966],[-51.510356,-29.630778],[-51.510873199999935,-29.62997069999993],[-51.51149389999995,-29.629668399999964],[-51.511472699999956,-29.62828489999998],[-51.511960399999964,-29.62748749999998],[-51.513511599999966,-29.627613499999935],[-51.514209799999946,-29.627344],[-51.515231599999936,-29.624624899999958],[-51.515777,-29.62416769999993],[-51.51647749999995,-29.62383669999997],[-51.51785839999997,-29.624430299999982],[-51.518677599999926,-29.624276799999954],[-51.51923759999993,-29.624008],[-51.519425299999966,-29.623008799999972],[-51.51981629999994,-29.623911],[-51.52025759999997,-29.624074],[-51.52115359999993,-29.623877299999936],[-51.52141229999995,-29.623366799999925],[-51.52137239999996,-29.62090409999996],[-51.5218048,-29.61951059999995],[-51.521315699999946,-29.615246099999982],[-51.52187689999994,-29.614049899999937],[-51.522674,-29.613656499999937],[-51.52072049999998,-29.61344149999996],[-51.51940409999998,-29.613669099999978],[-51.51366119999995,-29.609892499999948],[-51.512189,-29.609296599999922],[-51.508342099999936,-29.60635289999994],[-51.50609719999995,-29.60603229999998],[-51.50212279999994,-29.60391719999995],[-51.49923579999995,-29.605494399999937],[-51.49872359999995,-29.604208299999975]]]}},{"type":"Feature","properties":{"setor":"431240135000005","pop":384,"sigilo_pop":false,"dom":244,"sigilo_dom":false,"mulheres":184,"sigilo_mulheres":false,"c0_4":25,"sigilo_c0_4":false,"c5_9":23,"sigilo_c5_9":false,"i60_69":49,"sigilo_i60_69":false,"i70m":55,"sigilo_i70m":false,"indigenas":0,"sigilo_indigenas":false,"pretos_pardos":15,"sigilo_pretos_pardos":false,"dom_ocupados":138,"sigilo_dom_ocupados":false,"dom_agua":74,"sigilo_dom_agua":false,"dom_esgoto":0,"sigilo_dom_esgoto":false,"renda_resp":2612.53,"sigilo_renda_resp":false,"n_resp":138,"sigilo_n_resp":false,"dens":19.4,"sigilo_dens":false,"na_bacia":0,"area_pct_bacia":0.0,"metodo_recorte_bacia":"ponto_representativo_setor_2022; area_pct_geometrica","status_borda_bacia":"total","metodo_area_bacia":"interseção geométrica em EPSG:5880","metodo_na_bacia":"ponto_representativo_setor_2022_within_bacia","pop_n_validos":1,"pop_n_total":1,"pop_completude":1.0,"dom_n_validos":1,"dom_n_total":1,"dom_completude":1.0,"dom_ocupados_n_validos":1,"dom_ocupados_n_total":1,"dom_ocupados_completude":1.0,"mulheres_n_validos":1,"mulheres_n_total":1,"mulheres_completude":1.0,"c0_4_n_validos":1,"c0_4_n_total":1,"c0_4_completude":1.0,"c5_9_n_validos":1,"c5_9_n_total":1,"c5_9_completude":1.0,"i60_69_n_validos":1,"i60_69_n_total":1,"i60_69_completude":1.0,"i70m_n_validos":1,"i70m_n_total":1,"i70m_completude":1.0,"indigenas_n_validos":1,"indigenas_n_total":1,"indigenas_completude":1.0,"pretos_pardos_n_validos":1,"pretos_pardos_n_total":1,"pretos_pardos_completude":1.0,"dom_agua_n_validos":1,"dom_agua_n_total":1,"dom_agua_completude":1.0,"dom_esgoto_n_validos":1,"dom_esgoto_n_total":1,"dom_esgoto_completude":1.0,"n_resp_n_validos":1,"n_resp_n_total":1,"n_resp_completude":1.0,"renda_resp_n_validos":1,"renda_resp_n_total":1,"renda_resp_completude":1.0,"dens_n_validos":1,"dens_n_total":1,"dens_completude":1.0},"geometry":{"type":"Polygon","coordinates":[[[-51.50246419999996,-29.597905299999983],[-51.50309949999997,-29.59867169999996],[-51.50202459999997,-29.600562799999963],[-51.5021938,-29.601988499999948],[-51.50158589999995,-29.603045599999977],[-51.50212279999994,-29.60391719999995],[-51.50609719999995,-29.60603229999998],[-51.508342099999936,-29.60635289999994],[-51.512189,-29.609296599999922],[-51.51366119999995,-29.609892499999948],[-51.51940409999998,-29.613669099999978],[-51.52072049999998,-29.61344149999996],[-51.522674,-29.613656499999937],[-51.52187689999994,-29.614049899999937],[-51.521315699999946,-29.615246099999982],[-51.5218048,-29.61951059999995],[-51.52137239999996,-29.62090409999996],[-51.52141229999995,-29.623366799999925],[-51.52115359999993,-29.623877299999936],[-51.52025759999997,-29.624074],[-51.51981629999994,-29.623911],[-51.519425299999966,-29.623008799999972],[-51.51923759999993,-29.624008],[-51.518677599999926,-29.624276799999954],[-51.51785839999997,-29.624430299999982],[-51.51647749999995,-29.62383669999997],[-51.515777,-29.62416769999993],[-51.515231599999936,-29.624624899999958],[-51.514209799999946,-29.627344],[-51.513511599999966,-29.627613499999935],[-51.511960399999964,-29.62748749999998],[-51.511472699999956,-29.62828489999998],[-51.51149389999995,-29.629668399999964],[-51.510873199999935,-29.62997069999993],[-51.510356,-29.630778],[-51.51140839999994,-29.632869199999966],[-51.51341909999996,-29.63557749999995],[-51.51373689999997,-29.637490099999972],[-51.51592739999996,-29.641435299999955],[-51.516005499999956,-29.64265079999995],[-51.51541549999996,-29.64363489999994],[-51.51472769999997,-29.645661799999978],[-51.51485079999998,-29.64733079999996],[-51.514242,-29.647645199999946],[-51.513699899999956,-29.64845689999994],[-51.512226699999985,-29.649486699999944],[-51.512170699999956,-29.65057659999996],[-51.513370899999984,-29.651767399999986],[-51.51366849999994,-29.65176619999995],[-51.5138429,-29.651388699999984],[-51.51398769999997,-29.65000429999997],[-51.51468159999995,-29.649682699999975],[-51.515212,-29.648977699999936],[-51.517745899999966,-29.64909319999997],[-51.51857179999996,-29.648936599999953],[-51.520688299999954,-29.65003519999993],[-51.52406989999997,-29.65134659999994],[-51.527039799999955,-29.651006799999948],[-51.52760569999998,-29.650124699999935],[-51.52768149999998,-29.64930079999993],[-51.529174599999976,-29.648321799999955],[-51.53030849999993,-29.648011299999965],[-51.531265099999985,-29.646234299999943],[-51.531371,-29.645217199999927],[-51.532035399999984,-29.643546],[-51.53166909999993,-29.64257269999996],[-51.53207569999995,-29.640894],[-51.53324379999998,-29.64029],[-51.53426379999996,-29.638790299999982],[-51.535784399999955,-29.637729],[-51.53734859999998,-29.635955099999926],[-51.53907079999994,-29.635079399999942],[-51.54342,-29.635027399999952],[-51.54479409999993,-29.634333299999973],[-51.54792289999994,-29.633905599999927],[-51.548418799999986,-29.634576899999953],[-51.54954729999998,-29.635141899999955],[-51.55041679999994,-29.635163399999957],[-51.55045969999998,-29.63556749999998],[-51.55162279999996,-29.63554219999998],[-51.552136,-29.63788269999998],[-51.55577939999994,-29.6388808],[-51.55652459999993,-29.639915699999968],[-51.55781879999994,-29.64016509999994],[-51.55921159999997,-29.639938899999954],[-51.56019489999995,-29.639217299999927],[-51.56049439999998,-29.638712],[-51.56067989999996,-29.63645839999998],[-51.561113399999954,-29.635887399999945],[-51.56206439999993,-29.63536279999994],[-51.56326709999996,-29.635413799999977],[-51.56355209999998,-29.63559839999992],[-51.563710199999946,-29.634462899999953],[-51.56317379999995,-29.633227399999942],[-51.562710799999934,-29.631145099999973],[-51.56216789999997,-29.630078799999982],[-51.561428199999966,-29.62927519999994],[-51.55915759999994,-29.627400099999928],[-51.55826809999997,-29.627511499999976],[-51.557502099999965,-29.628005099999953],[-51.55648029999997,-29.628306499999955],[-51.556089,-29.628185699999946],[-51.55464729999994,-29.626896899999966],[-51.55340249999995,-29.624831],[-51.55347889999996,-29.62384479999997],[-51.55251639999995,-29.621829299999938],[-51.552911199999976,-29.621086399999967],[-51.55349439999998,-29.62073889999993],[-51.553802599999976,-29.62003019999997],[-51.553351299999974,-29.61937159999995],[-51.554226399999955,-29.61686859999997],[-51.55385529999996,-29.61377439999997],[-51.55296639999995,-29.613454299999944],[-51.55259079999996,-29.612675099999937],[-51.550658299999945,-29.612803399999976],[-51.55042969999994,-29.612100599999966],[-51.549917799999946,-29.612059099999954],[-51.54594269999995,-29.612425699999953],[-51.54469079999996,-29.612775399999975],[-51.543696399999924,-29.612693499999974],[-51.54333749999995,-29.6129433],[-51.541718499999945,-29.61269819999997],[-51.53975959999997,-29.613109499999958],[-51.53758349999998,-29.612572599999964],[-51.5369027,-29.611762099999957],[-51.53663659999996,-29.61179739999993],[-51.53642119999996,-29.611525499999967],[-51.533509899999956,-29.610940899999946],[-51.533533399999946,-29.60843809999995],[-51.533203499999956,-29.606815499999982],[-51.53275039999994,-29.60626679999996],[-51.53272009999995,-29.604681499999977],[-51.5332107,-29.603858799999955],[-51.533754299999934,-29.603782399999943],[-51.53588489999998,-29.598776599999947],[-51.536,-29.59731369999998],[-51.53554279999997,-29.594750299999927],[-51.53511059999994,-29.594873299999954],[-51.53445759999993,-29.595700699999945],[-51.53315039999995,-29.59598909999995],[-51.532747,-29.596598399999948],[-51.531683499999986,-29.59689159999995],[-51.53128849999997,-29.59645389999997],[-51.53040659999994,-29.596298299999933],[-51.52993639999994,-29.595545499999947],[-51.529007099999944,-29.595424599999937],[-51.52904639999998,-29.59502879999996],[-51.52818129999997,-29.59517479999993],[-51.52793369999995,-29.59475419999995],[-51.52702589999996,-29.59466169999996],[-51.5255423,-29.587495399999955],[-51.525109699999966,-29.587330699999928],[-51.52481539999997,-29.586330599999947],[-51.52360509999994,-29.586244],[-51.52122289999994,-29.584931899999965],[-51.5205,-29.58506809999994],[-51.52019289999998,-29.585623799999944],[-51.519542899999976,-29.58562079999995],[-51.51646019999998,-29.584324199999966],[-51.51430949999997,-29.58424169999996],[-51.51294269999994,-29.58601139999996],[-51.51211719999998,-29.587561499999936],[-51.50876549999998,-29.589046],[-51.50756019999994,-29.59073129999997],[-51.50775009999995,-29.592635199999968],[-51.50736729999994,-29.59318859999997],[-51.505301,-29.59437089999994],[-51.50345209999994,-29.595899199999966],[-51.50246419999996,-29.597905299999983]]]}},{"type":"Feature","properties":{"setor":"431240140000001","pop":417,"sigilo_pop":false,"dom":202,"sigilo_dom":false,"mulheres":207,"sigilo_mulheres":false,"c0_4":30,"sigilo_c0_4":false,"c5_9":30,"sigilo_c5_9":false,"i60_69":39,"sigilo_i60_69":false,"i70m":32,"sigilo_i70m":false,"indigenas":0,"sigilo_indigenas":false,"pretos_pardos":82,"sigilo_pretos_pardos":false,"dom_ocupados":175,"sigilo_dom_ocupados":false,"dom_agua":10,"sigilo_dom_agua":false,"dom_esgoto":null,"sigilo_dom_esgoto":true,"renda_resp":2208.4,"sigilo_renda_resp":false,"n_resp":175,"sigilo_n_resp":false,"dens":272.1,"sigilo_dens":false,"na_bacia":0,"area_pct_bacia":0.0,"metodo_recorte_bacia":"ponto_representativo_setor_2022; area_pct_geometrica","status_borda_bacia":"total","metodo_area_bacia":"interseção geométrica em EPSG:5880","metodo_na_bacia":"ponto_representativo_setor_2022_within_bacia","pop_n_validos":1,"pop_n_total":1,"pop_completude":1.0,"dom_n_validos":1,"dom_n_total":1,"dom_completude":1.0,"dom_ocupados_n_validos":1,"dom_ocupados_n_total":1,"dom_ocupados_completude":1.0,"mulheres_n_validos":1,"mulheres_n_total":1,"mulheres_completude":1.0,"c0_4_n_validos":1,"c0_4_n_total":1,"c0_4_completude":1.0,"c5_9_n_validos":1,"c5_9_n_total":1,"c5_9_completude":1.0,"i60_69_n_validos":1,"i60_69_n_total":1,"i60_69_completude":1.0,"i70m_n_validos":1,"i70m_n_total":1,"i70m_completude":1.0,"indigenas_n_validos":1,"indigenas_n_total":1,"indigenas_completude":1.0,"pretos_pardos_n_validos":1,"pretos_pardos_n_total":1,"pretos_pardos_completude":1.0,"dom_agua_n_validos":1,"dom_agua_n_total":1,"dom_agua_completude":1.0,"dom_esgoto_n_validos":0,"dom_esgoto_n_total":1,"dom_esgoto_completude":0.0,"n_resp_n_validos":1,"n_resp_n_total":1,"n_resp_completude":1.0,"renda_resp_n_validos":1,"renda_resp_n_total":1,"renda_resp_completude":1.0,"dens_n_validos":1,"dens_n_total":1,"dens_completude":1.0},"geometry":{"type":"Polygon","coordinates":[[[-51.48124809999995,-29.816311899999953],[-51.485411,-29.816381199999963],[-51.487441099999955,-29.816155399999943],[-51.489648699999975,-29.815702],[-51.492943,-29.814358699999943],[-51.49488579999996,-29.813103],[-51.496068299999926,-29.811930799999963],[-51.49794429999997,-29.808495299999954],[-51.499019199999964,-29.807447599999932],[-51.500706399999956,-29.806372699999944],[-51.50297859999995,-29.805542699999926],[-51.50548419999996,-29.803847499999968],[-51.50655709999995,-29.802767],[-51.50704049999997,-29.801808],[-51.49402229999998,-29.804139799999966],[-51.49373469999995,-29.804945],[-51.481753699999956,-29.812874499999964],[-51.48137029999998,-29.814106399999964],[-51.48124809999995,-29.816311899999953]]]}},{"type":"Feature","properties":{"setor":"431240140000003","pop":186,"sigilo_pop":false,"dom":88,"sigilo_dom":false,"mulheres":88,"sigilo_mulheres":false,"c0_4":15,"sigilo_c0_4":false,"c5_9":14,"sigilo_c5_9":false,"i60_69":22,"sigilo_i60_69":false,"i70m":9,"sigilo_i70m":false,"indigenas":null,"sigilo_indigenas":true,"pretos_pardos":24,"sigilo_pretos_pardos":false,"dom_ocupados":67,"sigilo_dom_ocupados":false,"dom_agua":0,"sigilo_dom_agua":false,"dom_esgoto":0,"sigilo_dom_esgoto":false,"renda_resp":1964.2,"sigilo_renda_resp":false,"n_resp":67,"sigilo_n_resp":false,"dens":11.4,"sigilo_dens":false,"na_bacia":0,"area_pct_bacia":0.0,"metodo_recorte_bacia":"ponto_representativo_setor_2022; area_pct_geometrica","status_borda_bacia":"total","metodo_area_bacia":"interseção geométrica em EPSG:5880","metodo_na_bacia":"ponto_representativo_setor_2022_within_bacia","pop_n_validos":1,"pop_n_total":1,"pop_completude":1.0,"dom_n_validos":1,"dom_n_total":1,"dom_completude":1.0,"dom_ocupados_n_validos":1,"dom_ocupados_n_total":1,"dom_ocupados_completude":1.0,"mulheres_n_validos":1,"mulheres_n_total":1,"mulheres_completude":1.0,"c0_4_n_validos":1,"c0_4_n_total":1,"c0_4_completude":1.0,"c5_9_n_validos":1,"c5_9_n_total":1,"c5_9_completude":1.0,"i60_69_n_validos":1,"i60_69_n_total":1,"i60_69_completude":1.0,"i70m_n_validos":1,"i70m_n_total":1,"i70m_completude":1.0,"indigenas_n_validos":0,"indigenas_n_total":1,"indigenas_completude":0.0,"pretos_pardos_n_validos":1,"pretos_pardos_n_total":1,"pretos_pardos_completude":1.0,"dom_agua_n_validos":1,"dom_agua_n_total":1,"dom_agua_completude":1.0,"dom_esgoto_n_validos":1,"dom_esgoto_n_total":1,"dom_esgoto_completude":1.0,"n_resp_n_validos":1,"n_resp_n_total":1,"n_resp_completude":1.0,"renda_resp_n_validos":1,"renda_resp_n_total":1,"renda_resp_completude":1.0,"dens_n_validos":1,"dens_n_total":1,"dens_completude":1.0},"geometry":{"type":"Polygon","coordinates":[[[-51.492232299999955,-29.741929499999976],[-51.491619599999986,-29.74383769999997],[-51.49182149999996,-29.744633199999953],[-51.491169799999966,-29.74762589999995],[-51.491543,-29.75054239999998],[-51.491397799999966,-29.751645399999976],[-51.49046919999996,-29.754787599999922],[-51.49162349999995,-29.758500299999977],[-51.49167,-29.760371099999933],[-51.491224399999965,-29.761356099999947],[-51.490138299999956,-29.76266459999994],[-51.49300409999996,-29.768616699999924],[-51.49751829999997,-29.77286389999995],[-51.50024449999995,-29.776037799999987],[-51.50406609999993,-29.78260119999993],[-51.50596389999998,-29.783338499999957],[-51.51413969999993,-29.787984499999922],[-51.515263599999976,-29.78702459999995],[-51.51692059999994,-29.784519199999973],[-51.52212669999995,-29.781001899999975],[-51.52494009999999,-29.780124],[-51.529395,-29.780132399999964],[-51.53098149999994,-29.77736049999993],[-51.53716769999995,-29.77537589999998],[-51.530526099999975,-29.768555],[-51.52963719999997,-29.765420399999986],[-51.527392599999985,-29.762492],[-51.52651,-29.760441699999948],[-51.5251636,-29.752254199999978],[-51.524757199999954,-29.751497099999945],[-51.525149899999974,-29.748569599999946],[-51.52195619999998,-29.74000869999997],[-51.521723,-29.74004019999997],[-51.52078419999999,-29.73916879999996],[-51.51986019999998,-29.738878199999917],[-51.51554,-29.739136],[-51.51386439999993,-29.738857399999972],[-51.512125399999945,-29.737912899999962],[-51.51143659999997,-29.737088],[-51.51071949999994,-29.736782099999967],[-51.50933159999993,-29.737367799999962],[-51.509224,-29.738601],[-51.50863579999998,-29.739039099999964],[-51.508299799999975,-29.73906659999994],[-51.507644099999936,-29.738625099999982],[-51.50393219999995,-29.738116699999974],[-51.50226809999998,-29.737047299999972],[-51.500298199999975,-29.73476149999993],[-51.49695269999996,-29.735750599999964],[-51.495930699999974,-29.737995299999966],[-51.495234399999966,-29.741082599999967],[-51.49478319999998,-29.741447],[-51.492232299999955,-29.741929499999976]]]}},{"type":"Feature","properties":{"setor":"431240140000005","pop":407,"sigilo_pop":false,"dom":175,"sigilo_dom":false,"mulheres":213,"sigilo_mulheres":false,"c0_4":24,"sigilo_c0_4":false,"c5_9":29,"sigilo_c5_9":false,"i60_69":41,"sigilo_i60_69":false,"i70m":29,"sigilo_i70m":false,"indigenas":0,"sigilo_indigenas":false,"pretos_pardos":74,"sigilo_pretos_pardos":false,"dom_ocupados":150,"sigilo_dom_ocupados":false,"dom_agua":10,"sigilo_dom_agua":false,"dom_esgoto":0,"sigilo_dom_esgoto":false,"renda_resp":2495.96,"sigilo_renda_resp":false,"n_resp":150,"sigilo_n_resp":false,"dens":65.3,"sigilo_dens":false,"na_bacia":0,"area_pct_bacia":0.0,"metodo_recorte_bacia":"ponto_representativo_setor_2022; area_pct_geometrica","status_borda_bacia":"total","metodo_area_bacia":"interseção geométrica em EPSG:5880","metodo_na_bacia":"ponto_representativo_setor_2022_within_bacia","pop_n_validos":1,"pop_n_total":1,"pop_completude":1.0,"dom_n_validos":1,"dom_n_total":1,"dom_completude":1.0,"dom_ocupados_n_validos":1,"dom_ocupados_n_total":1,"dom_ocupados_completude":1.0,"mulheres_n_validos":1,"mulheres_n_total":1,"mulheres_completude":1.0,"c0_4_n_validos":1,"c0_4_n_total":1,"c0_4_completude":1.0,"c5_9_n_validos":1,"c5_9_n_total":1,"c5_9_completude":1.0,"i60_69_n_validos":1,"i60_69_n_total":1,"i60_69_completude":1.0,"i70m_n_validos":1,"i70m_n_total":1,"i70m_completude":1.0,"indigenas_n_validos":1,"indigenas_n_total":1,"indigenas_completude":1.0,"pretos_pardos_n_validos":1,"pretos_pardos_n_total":1,"pretos_pardos_completude":1.0,"dom_agua_n_validos":1,"dom_agua_n_total":1,"dom_agua_completude":1.0,"dom_esgoto_n_validos":1,"dom_esgoto_n_total":1,"dom_esgoto_completude":1.0,"n_resp_n_validos":1,"n_resp_n_total":1,"n_resp_completude":1.0,"renda_resp_n_validos":1,"renda_resp_n_total":1,"renda_resp_completude":1.0,"dens_n_validos":1,"dens_n_total":1,"dens_completude":1.0},"geometry":{"type":"Polygon","coordinates":[[[-51.47639479999999,-29.81695049999997],[-51.47667719999998,-29.81818709999995],[-51.472929599999986,-29.81885649999997],[-51.47223629999996,-29.821181499999966],[-51.47083019999997,-29.82113369999997],[-51.47073309999996,-29.820065399999972],[-51.46899529999995,-29.820158699999983],[-51.468927699999945,-29.818279399999945],[-51.46583689999995,-29.818146599999974],[-51.46112259999995,-29.817559099999986],[-51.45857409999997,-29.817643799999935],[-51.45715389999998,-29.82176249999998],[-51.45403049999994,-29.82363549999997],[-51.45224239999993,-29.825443899999986],[-51.448027399999944,-29.828898799999926],[-51.44538719999997,-29.830581799999948],[-51.4418596,-29.830798499999965],[-51.440359,-29.830282699999945],[-51.436965199999975,-29.832217199999935],[-51.429956199999936,-29.832502799999936],[-51.425248899999985,-29.834106],[-51.42309779999994,-29.838511],[-51.42302159999997,-29.84038059999994],[-51.422647,-29.84116149999995],[-51.42189009999998,-29.841614],[-51.42095659999996,-29.84289529999994],[-51.42410839999997,-29.84415879999994],[-51.427665899999965,-29.843230799999958],[-51.43241759999995,-29.844653199999975],[-51.43626839999995,-29.844680199999967],[-51.43816829999998,-29.844374399999936],[-51.44130869999998,-29.83970959999993],[-51.44202889999997,-29.836954499999926],[-51.444576799999936,-29.833958],[-51.448878599999944,-29.832428],[-51.45208859999997,-29.828978799999952],[-51.45604989999999,-29.82935719999996],[-51.45943919999996,-29.82817259999995],[-51.46327379999997,-29.829386899999978],[-51.46490149999994,-29.827512],[-51.48161769999996,-29.823724399999936],[-51.48385749999994,-29.821518199999957],[-51.486545699999965,-29.820537799999947],[-51.488709899999954,-29.823746599999936],[-51.49025069999993,-29.824122099999943],[-51.49223509999996,-29.823189499999955],[-51.49405939999997,-29.819626399999933],[-51.49415929999998,-29.81807249999997],[-51.497110899999946,-29.815588499999937],[-51.49748209999996,-29.814159],[-51.497067,-29.810068],[-51.496068299999926,-29.811930799999963],[-51.49488579999996,-29.813103],[-51.492943,-29.814358699999943],[-51.489648699999975,-29.815702],[-51.485411,-29.816381199999963],[-51.479607,-29.816387],[-51.47639479999999,-29.81695049999997]]]}},{"type":"Feature","properties":{"setor":"431240140000006","pop":192,"sigilo_pop":false,"dom":91,"sigilo_dom":false,"mulheres":100,"sigilo_mulheres":false,"c0_4":23,"sigilo_c0_4":false,"c5_9":13,"sigilo_c5_9":false,"i60_69":13,"sigilo_i60_69":false,"i70m":9,"sigilo_i70m":false,"indigenas":0,"sigilo_indigenas":false,"pretos_pardos":38,"sigilo_pretos_pardos":false,"dom_ocupados":76,"sigilo_dom_ocupados":false,"dom_agua":13,"sigilo_dom_agua":false,"dom_esgoto":0,"sigilo_dom_esgoto":false,"renda_resp":3078.72,"sigilo_renda_resp":false,"n_resp":76,"sigilo_n_resp":false,"dens":1228.0,"sigilo_dens":false,"na_bacia":0,"area_pct_bacia":0.0,"metodo_recorte_bacia":"ponto_representativo_setor_2022; area_pct_geometrica","status_borda_bacia":"total","metodo_area_bacia":"interseção geométrica em EPSG:5880","metodo_na_bacia":"ponto_representativo_setor_2022_within_bacia","pop_n_validos":1,"pop_n_total":1,"pop_completude":1.0,"dom_n_validos":1,"dom_n_total":1,"dom_completude":1.0,"dom_ocupados_n_validos":1,"dom_ocupados_n_total":1,"dom_ocupados_completude":1.0,"mulheres_n_validos":1,"mulheres_n_total":1,"mulheres_completude":1.0,"c0_4_n_validos":1,"c0_4_n_total":1,"c0_4_completude":1.0,"c5_9_n_validos":1,"c5_9_n_total":1,"c5_9_completude":1.0,"i60_69_n_validos":1,"i60_69_n_total":1,"i60_69_completude":1.0,"i70m_n_validos":1,"i70m_n_total":1,"i70m_completude":1.0,"indigenas_n_validos":1,"indigenas_n_total":1,"indigenas_completude":1.0,"pretos_pardos_n_validos":1,"pretos_pardos_n_total":1,"pretos_pardos_completude":1.0,"dom_agua_n_validos":1,"dom_agua_n_total":1,"dom_agua_completude":1.0,"dom_esgoto_n_validos":1,"dom_esgoto_n_total":1,"dom_esgoto_completude":1.0,"n_resp_n_validos":1,"n_resp_n_total":1,"n_resp_completude":1.0,"renda_resp_n_validos":1,"renda_resp_n_total":1,"renda_resp_completude":1.0,"dens_n_validos":1,"dens_n_total":1,"dens_completude":1.0},"geometry":{"type":"Polygon","coordinates":[[[-51.468927699999945,-29.818279399999945],[-51.46899529999995,-29.820158699999983],[-51.47073309999996,-29.820065399999972],[-51.47083019999997,-29.82113369999997],[-51.47223629999996,-29.821181499999966],[-51.472929599999986,-29.81885649999997],[-51.47667719999998,-29.81818709999995],[-51.47639479999999,-29.81695049999997],[-51.468927699999945,-29.818279399999945]]]}},{"type":"Feature","properties":{"setor":"431240140000007","pop":584,"sigilo_pop":false,"dom":257,"sigilo_dom":false,"mulheres":282,"sigilo_mulheres":false,"c0_4":43,"sigilo_c0_4":false,"c5_9":40,"sigilo_c5_9":false,"i60_69":55,"sigilo_i60_69":false,"i70m":47,"sigilo_i70m":false,"indigenas":0,"sigilo_indigenas":false,"pretos_pardos":81,"sigilo_pretos_pardos":false,"dom_ocupados":222,"sigilo_dom_ocupados":false,"dom_agua":24,"sigilo_dom_agua":false,"dom_esgoto":18,"sigilo_dom_esgoto":false,"renda_resp":2127.36,"sigilo_renda_resp":false,"n_resp":222,"sigilo_n_resp":false,"dens":22.3,"sigilo_dens":false,"na_bacia":0,"area_pct_bacia":0.0,"metodo_recorte_bacia":"ponto_representativo_setor_2022; area_pct_geometrica","status_borda_bacia":"total","metodo_area_bacia":"interseção geométrica em EPSG:5880","metodo_na_bacia":"ponto_representativo_setor_2022_within_bacia","pop_n_validos":1,"pop_n_total":1,"pop_completude":1.0,"dom_n_validos":1,"dom_n_total":1,"dom_completude":1.0,"dom_ocupados_n_validos":1,"dom_ocupados_n_total":1,"dom_ocupados_completude":1.0,"mulheres_n_validos":1,"mulheres_n_total":1,"mulheres_completude":1.0,"c0_4_n_validos":1,"c0_4_n_total":1,"c0_4_completude":1.0,"c5_9_n_validos":1,"c5_9_n_total":1,"c5_9_completude":1.0,"i60_69_n_validos":1,"i60_69_n_total":1,"i60_69_completude":1.0,"i70m_n_validos":1,"i70m_n_total":1,"i70m_completude":1.0,"indigenas_n_validos":1,"indigenas_n_total":1,"indigenas_completude":1.0,"pretos_pardos_n_validos":1,"pretos_pardos_n_total":1,"pretos_pardos_completude":1.0,"dom_agua_n_validos":1,"dom_agua_n_total":1,"dom_agua_completude":1.0,"dom_esgoto_n_validos":1,"dom_esgoto_n_total":1,"dom_esgoto_completude":1.0,"n_resp_n_validos":1,"n_resp_n_total":1,"n_resp_completude":1.0,"renda_resp_n_validos":1,"renda_resp_n_total":1,"renda_resp_completude":1.0,"dens_n_validos":1,"dens_n_total":1,"dens_completude":1.0},"geometry":{"type":"Polygon","coordinates":[[[-51.45409959999996,-29.81222769999994],[-51.45486059999996,-29.81177129999997],[-51.455019,-29.812007299999944],[-51.45640869999995,-29.81164279999996],[-51.45715279999996,-29.808767899999957],[-51.459669099999985,-29.809021899999937],[-51.45962719999994,-29.809189199999942],[-51.4606194,-29.80962849999997],[-51.46023689999998,-29.810184399999965],[-51.46082259999997,-29.811266199999984],[-51.46039229999997,-29.812312199999948],[-51.45932239999996,-29.812999499999922],[-51.458581299999935,-29.813836299999934],[-51.45898919999996,-29.81435029999995],[-51.45779439999996,-29.815159899999962],[-51.45851789999995,-29.816235199999944],[-51.45857409999997,-29.817643799999935],[-51.46112259999995,-29.817559099999986],[-51.46583689999995,-29.818146599999974],[-51.46899649999994,-29.818280899999927],[-51.479607,-29.816387],[-51.48124809999995,-29.816311899999953],[-51.48137029999998,-29.814106399999964],[-51.481753699999956,-29.812874499999964],[-51.49373469999995,-29.804945],[-51.49402229999998,-29.804139799999966],[-51.50704049999997,-29.801808],[-51.50815159999996,-29.800507299999943],[-51.50891629999995,-29.79386629999993],[-51.51114529999995,-29.790541299999987],[-51.51413969999993,-29.787984499999922],[-51.50596389999998,-29.783338499999957],[-51.50406609999993,-29.78260119999993],[-51.50024449999995,-29.776037799999987],[-51.49751829999997,-29.77286389999995],[-51.49300409999996,-29.768616699999924],[-51.49040819999993,-29.76353309999996],[-51.490138299999956,-29.76266459999994],[-51.49025659999995,-29.762316099999964],[-51.491224399999965,-29.761356099999947],[-51.49167,-29.760371099999933],[-51.49162349999995,-29.758500299999977],[-51.49046919999996,-29.754787599999922],[-51.491397799999966,-29.751645399999976],[-51.491543,-29.75054239999998],[-51.491169799999966,-29.74762589999995],[-51.49182149999996,-29.744633199999953],[-51.491619599999986,-29.74383769999997],[-51.492232299999955,-29.741929499999976],[-51.48732979999995,-29.742431299999964],[-51.48605219999997,-29.742333099999943],[-51.48489159999997,-29.745503299999942],[-51.483382,-29.748193399999934],[-51.481235899999945,-29.750503099999946],[-51.47962359999997,-29.752914599999926],[-51.47770769999994,-29.759078099999954],[-51.46011129999994,-29.78212749999993],[-51.45420309999997,-29.785832],[-51.45284319999996,-29.787442099999964],[-51.45184389999998,-29.789925699999966],[-51.451171699999975,-29.790791799999965],[-51.45020859999994,-29.79189329999996],[-51.447732,-29.793813299999954],[-51.44803129999997,-29.794364099999928],[-51.44802649999997,-29.79576739999993],[-51.44837089999998,-29.796406],[-51.45166549999993,-29.799667599999964],[-51.452182499999935,-29.801906099999943],[-51.451889799999954,-29.803771],[-51.45103469999998,-29.805119699999956],[-51.45103249999993,-29.806943099999962],[-51.45229649999993,-29.809741399999936],[-51.45409959999996,-29.81222769999994]]]}},{"type":"Feature","properties":{"setor":"431240140000008","pop":222,"sigilo_pop":false,"dom":88,"sigilo_dom":false,"mulheres":108,"sigilo_mulheres":false,"c0_4":22,"sigilo_c0_4":false,"c5_9":16,"sigilo_c5_9":false,"i60_69":20,"sigilo_i60_69":false,"i70m":8,"sigilo_i70m":false,"indigenas":0,"sigilo_indigenas":false,"pretos_pardos":46,"sigilo_pretos_pardos":false,"dom_ocupados":78,"sigilo_dom_ocupados":false,"dom_agua":6,"sigilo_dom_agua":false,"dom_esgoto":0,"sigilo_dom_esgoto":false,"renda_resp":1907.07,"sigilo_renda_resp":false,"n_resp":78,"sigilo_n_resp":false,"dens":940.8,"sigilo_dens":false,"na_bacia":0,"area_pct_bacia":0.0,"metodo_recorte_bacia":"ponto_representativo_setor_2022; area_pct_geometrica","status_borda_bacia":"total","metodo_area_bacia":"interseção geométrica em EPSG:5880","metodo_na_bacia":"ponto_representativo_setor_2022_within_bacia","pop_n_validos":1,"pop_n_total":1,"pop_completude":1.0,"dom_n_validos":1,"dom_n_total":1,"dom_completude":1.0,"dom_ocupados_n_validos":1,"dom_ocupados_n_total":1,"dom_ocupados_completude":1.0,"mulheres_n_validos":1,"mulheres_n_total":1,"mulheres_completude":1.0,"c0_4_n_validos":1,"c0_4_n_total":1,"c0_4_completude":1.0,"c5_9_n_validos":1,"c5_9_n_total":1,"c5_9_completude":1.0,"i60_69_n_validos":1,"i60_69_n_total":1,"i60_69_completude":1.0,"i70m_n_validos":1,"i70m_n_total":1,"i70m_completude":1.0,"indigenas_n_validos":1,"indigenas_n_total":1,"indigenas_completude":1.0,"pretos_pardos_n_validos":1,"pretos_pardos_n_total":1,"pretos_pardos_completude":1.0,"dom_agua_n_validos":1,"dom_agua_n_total":1,"dom_agua_completude":1.0,"dom_esgoto_n_validos":1,"dom_esgoto_n_total":1,"dom_esgoto_completude":1.0,"n_resp_n_validos":1,"n_resp_n_total":1,"n_resp_completude":1.0,"renda_resp_n_validos":1,"renda_resp_n_total":1,"renda_resp_completude":1.0,"dens_n_validos":1,"dens_n_total":1,"dens_completude":1.0},"geometry":{"type":"Polygon","coordinates":[[[-51.45779439999996,-29.815159899999962],[-51.45898919999996,-29.81435029999995],[-51.458581299999935,-29.813836299999934],[-51.45932239999996,-29.812999499999922],[-51.46039229999997,-29.812312199999948],[-51.46082259999997,-29.811266199999984],[-51.46023689999998,-29.810184399999965],[-51.4606194,-29.80962849999997],[-51.45962719999994,-29.809189199999942],[-51.459669099999985,-29.809021899999937],[-51.45715279999996,-29.808767899999957],[-51.45640869999995,-29.81164279999996],[-51.455019,-29.812007299999944],[-51.45486059999996,-29.81177129999997],[-51.45409959999996,-29.81222769999994],[-51.45538849999996,-29.813355499999943],[-51.45706229999997,-29.814222799999975],[-51.45779439999996,-29.815159899999962]]]}}]}
