{"type":"FeatureCollection","name":"4319000","crs":{"type":"name","properties":{"name":"urn:ogc:def:crs:OGC:1.3:CRS84"}},"features":[{"type":"Feature","properties":{"setor":"431900005000001","pop":420,"sigilo_pop":false,"dom":225,"sigilo_dom":0,"mulheres":242,"sigilo_mulheres":0,"c0_4":13,"sigilo_c0_4":0,"c5_9":9,"sigilo_c5_9":0,"i60_69":64,"sigilo_i60_69":0,"i70m":75,"sigilo_i70m":0,"indigenas":0,"sigilo_indigenas":0,"pretos_pardos":38,"sigilo_pretos_pardos":0,"dom_ocupados":182,"sigilo_dom_ocupados":0,"dom_agua":181,"sigilo_dom_agua":0,"dom_esgoto":158,"sigilo_dom_esgoto":0,"renda_resp":5182.09,"sigilo_renda_resp":0,"n_resp":182,"sigilo_n_resp":0,"dens":2178.0,"sigilo_dens":false,"na_bacia":1,"area_pct_bacia":100.0,"metodo_recorte_bacia":"ponto_representativo_setor_2022; area_pct_geometrica","pop_n_validos":1,"pop_n_total":1,"pop_completude":1.0,"dom_n_validos":1,"dom_n_total":1,"dom_completude":1.0,"dom_ocupados_n_validos":1,"dom_ocupados_n_total":1,"dom_ocupados_completude":1.0,"mulheres_n_validos":1,"mulheres_n_total":1,"mulheres_completude":1.0,"c0_4_n_validos":1,"c0_4_n_total":1,"c0_4_completude":1.0,"c5_9_n_validos":1,"c5_9_n_total":1,"c5_9_completude":1.0,"i60_69_n_validos":1,"i60_69_n_total":1,"i60_69_completude":1.0,"i70m_n_validos":1,"i70m_n_total":1,"i70m_completude":1.0,"indigenas_n_validos":1,"indigenas_n_total":1,"indigenas_completude":1.0,"pretos_pardos_n_validos":1,"pretos_pardos_n_total":1,"pretos_pardos_completude":1.0,"dom_agua_n_validos":1,"dom_agua_n_total":1,"dom_agua_completude":1.0,"dom_esgoto_n_validos":1,"dom_esgoto_n_total":1,"dom_esgoto_completude":1.0,"n_resp_n_validos":1,"n_resp_n_total":1,"n_resp_completude":1.0,"renda_resp_n_validos":1,"renda_resp_n_total":1,"renda_resp_completude":1.0,"dens_n_validos":1,"dens_n_total":1,"dens_completude":1.0,"status_borda_bacia":"total","metodo_area_bacia":"interseção geométrica em EPSG:5880","metodo_na_bacia":"ponto_representativo_setor_2022_within_bacia","municipio":"São Marcos","cod_mun":"4319000","mun_pct_na_bacia":100.0,"mun_pop_total":21084,"mun_pop_na_bacia":21084.0,"mun_ubs_iede":9,"mun_hospitais_iede":2,"mun_escolas_iede":20,"mun_bombeiros_iede":1,"mun_servicos_cobertura":"cadastro_IEDE_parcial_nao_inventario","mun_icm_faixa":"B","mun_icm_pontos":8,"mun_icm_prioritario":"não","mun_ubs_iede_status":"published","mun_hospitais_iede_status":"published","mun_escolas_iede_status":"published","mun_bombeiros_iede_status":"published"},"geometry":{"type":"Polygon","coordinates":[[[-51.06352089999995,-28.969844899999934],[-51.06506459999998,-28.96988569999995],[-51.065009499999974,-28.97117839999993],[-51.06654239999995,-28.971233899999948],[-51.06651949999997,-28.972159299999916],[-51.06956249999996,-28.97226929999993],[-51.06966509999995,-28.970017699999982],[-51.06815579999994,-28.969963799999956],[-51.06822909999994,-28.967761099999954],[-51.06514569999996,-28.96765869999995],[-51.065120899999954,-28.968529299999943],[-51.06355239999994,-28.96850239999997],[-51.06352089999995,-28.969844899999934]]]}},{"type":"Feature","properties":{"setor":"431900005000002","pop":401,"sigilo_pop":false,"dom":216,"sigilo_dom":0,"mulheres":230,"sigilo_mulheres":0,"c0_4":12,"sigilo_c0_4":0,"c5_9":12,"sigilo_c5_9":0,"i60_69":60,"sigilo_i60_69":0,"i70m":65,"sigilo_i70m":0,"indigenas":null,"sigilo_indigenas":1,"pretos_pardos":32,"sigilo_pretos_pardos":0,"dom_ocupados":175,"sigilo_dom_ocupados":0,"dom_agua":171,"sigilo_dom_agua":0,"dom_esgoto":122,"sigilo_dom_esgoto":0,"renda_resp":5318.69,"sigilo_renda_resp":0,"n_resp":175,"sigilo_n_resp":0,"dens":2407.2,"sigilo_dens":false,"na_bacia":1,"area_pct_bacia":100.0,"metodo_recorte_bacia":"ponto_representativo_setor_2022; area_pct_geometrica","pop_n_validos":1,"pop_n_total":1,"pop_completude":1.0,"dom_n_validos":1,"dom_n_total":1,"dom_completude":1.0,"dom_ocupados_n_validos":1,"dom_ocupados_n_total":1,"dom_ocupados_completude":1.0,"mulheres_n_validos":1,"mulheres_n_total":1,"mulheres_completude":1.0,"c0_4_n_validos":1,"c0_4_n_total":1,"c0_4_completude":1.0,"c5_9_n_validos":1,"c5_9_n_total":1,"c5_9_completude":1.0,"i60_69_n_validos":1,"i60_69_n_total":1,"i60_69_completude":1.0,"i70m_n_validos":1,"i70m_n_total":1,"i70m_completude":1.0,"indigenas_n_validos":0,"indigenas_n_total":1,"indigenas_completude":0.0,"pretos_pardos_n_validos":1,"pretos_pardos_n_total":1,"pretos_pardos_completude":1.0,"dom_agua_n_validos":1,"dom_agua_n_total":1,"dom_agua_completude":1.0,"dom_esgoto_n_validos":1,"dom_esgoto_n_total":1,"dom_esgoto_completude":1.0,"n_resp_n_validos":1,"n_resp_n_total":1,"n_resp_completude":1.0,"renda_resp_n_validos":1,"renda_resp_n_total":1,"renda_resp_completude":1.0,"dens_n_validos":1,"dens_n_total":1,"dens_completude":1.0,"status_borda_bacia":"total","metodo_area_bacia":"interseção geométrica em EPSG:5880","metodo_na_bacia":"ponto_representativo_setor_2022_within_bacia","municipio":"São Marcos","cod_mun":"4319000","mun_pct_na_bacia":100.0,"mun_pop_total":21084,"mun_pop_na_bacia":21084.0,"mun_ubs_iede":9,"mun_hospitais_iede":2,"mun_escolas_iede":20,"mun_bombeiros_iede":1,"mun_servicos_cobertura":"cadastro_IEDE_parcial_nao_inventario","mun_icm_faixa":"B","mun_icm_pontos":8,"mun_icm_prioritario":"não","mun_ubs_iede_status":"published","mun_hospitais_iede_status":"published","mun_escolas_iede_status":"published","mun_bombeiros_iede_status":"published"},"geometry":{"type":"Polygon","coordinates":[[[-51.06820039999997,-28.968663],[-51.06815579999994,-28.969963799999956],[-51.06966509999995,-28.970017699999982],[-51.06938309999999,-28.97407359999994],[-51.07244559999999,-28.97370479999995],[-51.07293809999993,-28.973234599999955],[-51.07301249999994,-28.97257069999995],[-51.071192499999945,-28.969438499999967],[-51.071317799999974,-28.968649099999933],[-51.06820039999997,-28.968663]]]}},{"type":"Feature","properties":{"setor":"431900005000003","pop":683,"sigilo_pop":false,"dom":327,"sigilo_dom":0,"mulheres":375,"sigilo_mulheres":0,"c0_4":23,"sigilo_c0_4":0,"c5_9":33,"sigilo_c5_9":0,"i60_69":104,"sigilo_i60_69":0,"i70m":102,"sigilo_i70m":0,"indigenas":0,"sigilo_indigenas":0,"pretos_pardos":58,"sigilo_pretos_pardos":0,"dom_ocupados":288,"sigilo_dom_ocupados":0,"dom_agua":284,"sigilo_dom_agua":0,"dom_esgoto":null,"sigilo_dom_esgoto":1,"renda_resp":2916.89,"sigilo_renda_resp":0,"n_resp":288,"sigilo_n_resp":0,"dens":2800.8,"sigilo_dens":false,"na_bacia":1,"area_pct_bacia":100.0,"metodo_recorte_bacia":"ponto_representativo_setor_2022; area_pct_geometrica","pop_n_validos":1,"pop_n_total":1,"pop_completude":1.0,"dom_n_validos":1,"dom_n_total":1,"dom_completude":1.0,"dom_ocupados_n_validos":1,"dom_ocupados_n_total":1,"dom_ocupados_completude":1.0,"mulheres_n_validos":1,"mulheres_n_total":1,"mulheres_completude":1.0,"c0_4_n_validos":1,"c0_4_n_total":1,"c0_4_completude":1.0,"c5_9_n_validos":1,"c5_9_n_total":1,"c5_9_completude":1.0,"i60_69_n_validos":1,"i60_69_n_total":1,"i60_69_completude":1.0,"i70m_n_validos":1,"i70m_n_total":1,"i70m_completude":1.0,"indigenas_n_validos":1,"indigenas_n_total":1,"indigenas_completude":1.0,"pretos_pardos_n_validos":1,"pretos_pardos_n_total":1,"pretos_pardos_completude":1.0,"dom_agua_n_validos":1,"dom_agua_n_total":1,"dom_agua_completude":1.0,"dom_esgoto_n_validos":0,"dom_esgoto_n_total":1,"dom_esgoto_completude":0.0,"n_resp_n_validos":1,"n_resp_n_total":1,"n_resp_completude":1.0,"renda_resp_n_validos":1,"renda_resp_n_total":1,"renda_resp_completude":1.0,"dens_n_validos":1,"dens_n_total":1,"dens_completude":1.0,"status_borda_bacia":"total","metodo_area_bacia":"interseção geométrica em EPSG:5880","metodo_na_bacia":"ponto_representativo_setor_2022_within_bacia","municipio":"São Marcos","cod_mun":"4319000","mun_pct_na_bacia":100.0,"mun_pop_total":21084,"mun_pop_na_bacia":21084.0,"mun_ubs_iede":9,"mun_hospitais_iede":2,"mun_escolas_iede":20,"mun_bombeiros_iede":1,"mun_servicos_cobertura":"cadastro_IEDE_parcial_nao_inventario","mun_icm_faixa":"B","mun_icm_pontos":8,"mun_icm_prioritario":"não","mun_ubs_iede_status":"published","mun_hospitais_iede_status":"published","mun_escolas_iede_status":"published","mun_bombeiros_iede_status":"published"},"geometry":{"type":"Polygon","coordinates":[[[-51.071739599999944,-28.96830789999995],[-51.071196,-28.968863],[-51.071192499999945,-28.969438499999967],[-51.072396599999934,-28.971459799999934],[-51.0811432,-28.97191849999996],[-51.08090509999994,-28.97161629999995],[-51.08093479999996,-28.971111299999958],[-51.07807239999994,-28.97009629999997],[-51.07736839999995,-28.96926829999996],[-51.076785,-28.969092199999977],[-51.07680149999994,-28.96853519999996],[-51.071739599999944,-28.96830789999995]]]}},{"type":"Feature","properties":{"setor":"431900005000004","pop":458,"sigilo_pop":false,"dom":234,"sigilo_dom":0,"mulheres":240,"sigilo_mulheres":0,"c0_4":19,"sigilo_c0_4":0,"c5_9":23,"sigilo_c5_9":0,"i60_69":64,"sigilo_i60_69":0,"i70m":63,"sigilo_i70m":0,"indigenas":0,"sigilo_indigenas":0,"pretos_pardos":41,"sigilo_pretos_pardos":0,"dom_ocupados":201,"sigilo_dom_ocupados":0,"dom_agua":192,"sigilo_dom_agua":0,"dom_esgoto":193,"sigilo_dom_esgoto":0,"renda_resp":3849.05,"sigilo_renda_resp":0,"n_resp":201,"sigilo_n_resp":0,"dens":476.1,"sigilo_dens":false,"na_bacia":1,"area_pct_bacia":100.0,"metodo_recorte_bacia":"ponto_representativo_setor_2022; area_pct_geometrica","pop_n_validos":1,"pop_n_total":1,"pop_completude":1.0,"dom_n_validos":1,"dom_n_total":1,"dom_completude":1.0,"dom_ocupados_n_validos":1,"dom_ocupados_n_total":1,"dom_ocupados_completude":1.0,"mulheres_n_validos":1,"mulheres_n_total":1,"mulheres_completude":1.0,"c0_4_n_validos":1,"c0_4_n_total":1,"c0_4_completude":1.0,"c5_9_n_validos":1,"c5_9_n_total":1,"c5_9_completude":1.0,"i60_69_n_validos":1,"i60_69_n_total":1,"i60_69_completude":1.0,"i70m_n_validos":1,"i70m_n_total":1,"i70m_completude":1.0,"indigenas_n_validos":1,"indigenas_n_total":1,"indigenas_completude":1.0,"pretos_pardos_n_validos":1,"pretos_pardos_n_total":1,"pretos_pardos_completude":1.0,"dom_agua_n_validos":1,"dom_agua_n_total":1,"dom_agua_completude":1.0,"dom_esgoto_n_validos":1,"dom_esgoto_n_total":1,"dom_esgoto_completude":1.0,"n_resp_n_validos":1,"n_resp_n_total":1,"n_resp_completude":1.0,"renda_resp_n_validos":1,"renda_resp_n_total":1,"renda_resp_completude":1.0,"dens_n_validos":1,"dens_n_total":1,"dens_completude":1.0,"status_borda_bacia":"total","metodo_area_bacia":"interseção geométrica em EPSG:5880","metodo_na_bacia":"ponto_representativo_setor_2022_within_bacia","municipio":"São Marcos","cod_mun":"4319000","mun_pct_na_bacia":100.0,"mun_pop_total":21084,"mun_pop_na_bacia":21084.0,"mun_ubs_iede":9,"mun_hospitais_iede":2,"mun_escolas_iede":20,"mun_bombeiros_iede":1,"mun_servicos_cobertura":"cadastro_IEDE_parcial_nao_inventario","mun_icm_faixa":"B","mun_icm_pontos":8,"mun_icm_prioritario":"não","mun_ubs_iede_status":"published","mun_hospitais_iede_status":"published","mun_escolas_iede_status":"published","mun_bombeiros_iede_status":"published"},"geometry":{"type":"Polygon","coordinates":[[[-51.05916459999998,-28.966411199999968],[-51.060701,-28.96648779999999],[-51.06067269999995,-28.967505699999947],[-51.06822909999994,-28.967761099999954],[-51.06820039999997,-28.968663],[-51.070987299999956,-28.968748299999966],[-51.07300509999993,-28.96773149999996],[-51.074073299999945,-28.966212199999983],[-51.072700399999974,-28.966309899999953],[-51.071919799999925,-28.967164399999945],[-51.07174629999997,-28.96786679999997],[-51.070840399999945,-28.967861],[-51.07089259999998,-28.966483699999984],[-51.06982879999998,-28.966449199999936],[-51.07001249999997,-28.963323599999956],[-51.06912669999998,-28.963254099999975],[-51.069097899999974,-28.96292],[-51.06824,-28.962328499999956],[-51.06700459999996,-28.962258599999913],[-51.06584949999996,-28.96189469999996],[-51.06278939999998,-28.96046039999993],[-51.059112199999966,-28.95810409999996],[-51.050877399999926,-28.957923],[-51.05359509999994,-28.959301399999955],[-51.05471589999996,-28.959520799999947],[-51.056102099999976,-28.960719899999955],[-51.057190299999945,-28.960708699999927],[-51.05879259999994,-28.961421599999937],[-51.06040409999997,-28.963539399999938],[-51.06021349999997,-28.964442399999946],[-51.05952259999998,-28.96527639999993],[-51.05916459999998,-28.966411199999968]]]}},{"type":"Feature","properties":{"setor":"431900005000005","pop":831,"sigilo_pop":false,"dom":354,"sigilo_dom":0,"mulheres":463,"sigilo_mulheres":0,"c0_4":42,"sigilo_c0_4":0,"c5_9":50,"sigilo_c5_9":0,"i60_69":101,"sigilo_i60_69":0,"i70m":107,"sigilo_i70m":0,"indigenas":4,"sigilo_indigenas":0,"pretos_pardos":114,"sigilo_pretos_pardos":0,"dom_ocupados":334,"sigilo_dom_ocupados":0,"dom_agua":318,"sigilo_dom_agua":0,"dom_esgoto":148,"sigilo_dom_esgoto":0,"renda_resp":4489.11,"sigilo_renda_resp":0,"n_resp":334,"sigilo_n_resp":0,"dens":3987.8,"sigilo_dens":false,"na_bacia":1,"area_pct_bacia":100.0,"metodo_recorte_bacia":"ponto_representativo_setor_2022; area_pct_geometrica","pop_n_validos":1,"pop_n_total":1,"pop_completude":1.0,"dom_n_validos":1,"dom_n_total":1,"dom_completude":1.0,"dom_ocupados_n_validos":1,"dom_ocupados_n_total":1,"dom_ocupados_completude":1.0,"mulheres_n_validos":1,"mulheres_n_total":1,"mulheres_completude":1.0,"c0_4_n_validos":1,"c0_4_n_total":1,"c0_4_completude":1.0,"c5_9_n_validos":1,"c5_9_n_total":1,"c5_9_completude":1.0,"i60_69_n_validos":1,"i60_69_n_total":1,"i60_69_completude":1.0,"i70m_n_validos":1,"i70m_n_total":1,"i70m_completude":1.0,"indigenas_n_validos":1,"indigenas_n_total":1,"indigenas_completude":1.0,"pretos_pardos_n_validos":1,"pretos_pardos_n_total":1,"pretos_pardos_completude":1.0,"dom_agua_n_validos":1,"dom_agua_n_total":1,"dom_agua_completude":1.0,"dom_esgoto_n_validos":1,"dom_esgoto_n_total":1,"dom_esgoto_completude":1.0,"n_resp_n_validos":1,"n_resp_n_total":1,"n_resp_completude":1.0,"renda_resp_n_validos":1,"renda_resp_n_total":1,"renda_resp_completude":1.0,"dens_n_validos":1,"dens_n_total":1,"dens_completude":1.0,"status_borda_bacia":"total","metodo_area_bacia":"interseção geométrica em EPSG:5880","metodo_na_bacia":"ponto_representativo_setor_2022_within_bacia","municipio":"São Marcos","cod_mun":"4319000","mun_pct_na_bacia":100.0,"mun_pop_total":21084,"mun_pop_na_bacia":21084.0,"mun_ubs_iede":9,"mun_hospitais_iede":2,"mun_escolas_iede":20,"mun_bombeiros_iede":1,"mun_servicos_cobertura":"cadastro_IEDE_parcial_nao_inventario","mun_icm_faixa":"B","mun_icm_pontos":8,"mun_icm_prioritario":"não","mun_ubs_iede_status":"published","mun_hospitais_iede_status":"published","mun_escolas_iede_status":"published","mun_bombeiros_iede_status":"published"},"geometry":{"type":"Polygon","coordinates":[[[-51.05835979999994,-28.970955699999937],[-51.06198469999998,-28.971094],[-51.062027299999954,-28.969775299999988],[-51.06352089999995,-28.969844899999934],[-51.06355239999994,-28.96850239999997],[-51.065120899999954,-28.968529299999943],[-51.06514569999996,-28.96765869999995],[-51.06067269999995,-28.967505699999947],[-51.060701,-28.96648779999999],[-51.05916459999998,-28.966411199999968],[-51.058987899999984,-28.967015799999967],[-51.05847619999998,-28.967439199999944],[-51.05835979999994,-28.970955699999937]]]}},{"type":"Feature","properties":{"setor":"431900005000006","pop":335,"sigilo_pop":false,"dom":168,"sigilo_dom":0,"mulheres":185,"sigilo_mulheres":0,"c0_4":15,"sigilo_c0_4":0,"c5_9":20,"sigilo_c5_9":0,"i60_69":42,"sigilo_i60_69":0,"i70m":40,"sigilo_i70m":0,"indigenas":null,"sigilo_indigenas":1,"pretos_pardos":55,"sigilo_pretos_pardos":0,"dom_ocupados":142,"sigilo_dom_ocupados":0,"dom_agua":142,"sigilo_dom_agua":0,"dom_esgoto":142,"sigilo_dom_esgoto":0,"renda_resp":2953.37,"sigilo_renda_resp":0,"n_resp":142,"sigilo_n_resp":0,"dens":3818.9,"sigilo_dens":false,"na_bacia":1,"area_pct_bacia":100.0,"metodo_recorte_bacia":"ponto_representativo_setor_2022; area_pct_geometrica","pop_n_validos":1,"pop_n_total":1,"pop_completude":1.0,"dom_n_validos":1,"dom_n_total":1,"dom_completude":1.0,"dom_ocupados_n_validos":1,"dom_ocupados_n_total":1,"dom_ocupados_completude":1.0,"mulheres_n_validos":1,"mulheres_n_total":1,"mulheres_completude":1.0,"c0_4_n_validos":1,"c0_4_n_total":1,"c0_4_completude":1.0,"c5_9_n_validos":1,"c5_9_n_total":1,"c5_9_completude":1.0,"i60_69_n_validos":1,"i60_69_n_total":1,"i60_69_completude":1.0,"i70m_n_validos":1,"i70m_n_total":1,"i70m_completude":1.0,"indigenas_n_validos":0,"indigenas_n_total":1,"indigenas_completude":0.0,"pretos_pardos_n_validos":1,"pretos_pardos_n_total":1,"pretos_pardos_completude":1.0,"dom_agua_n_validos":1,"dom_agua_n_total":1,"dom_agua_completude":1.0,"dom_esgoto_n_validos":1,"dom_esgoto_n_total":1,"dom_esgoto_completude":1.0,"n_resp_n_validos":1,"n_resp_n_total":1,"n_resp_completude":1.0,"renda_resp_n_validos":1,"renda_resp_n_total":1,"renda_resp_completude":1.0,"dens_n_validos":1,"dens_n_total":1,"dens_completude":1.0,"status_borda_bacia":"total","metodo_area_bacia":"interseção geométrica em EPSG:5880","metodo_na_bacia":"ponto_representativo_setor_2022_within_bacia","municipio":"São Marcos","cod_mun":"4319000","mun_pct_na_bacia":100.0,"mun_pop_total":21084,"mun_pop_na_bacia":21084.0,"mun_ubs_iede":9,"mun_hospitais_iede":2,"mun_escolas_iede":20,"mun_bombeiros_iede":1,"mun_servicos_cobertura":"cadastro_IEDE_parcial_nao_inventario","mun_icm_faixa":"B","mun_icm_pontos":8,"mun_icm_prioritario":"não","mun_ubs_iede_status":"published","mun_hospitais_iede_status":"published","mun_escolas_iede_status":"published","mun_bombeiros_iede_status":"published"},"geometry":{"type":"Polygon","coordinates":[[[-51.062027299999954,-28.969775299999988],[-51.06195719999993,-28.97198449999996],[-51.06651949999997,-28.972159299999916],[-51.06654239999995,-28.971233899999948],[-51.065009499999974,-28.97117839999993],[-51.06506459999998,-28.96988569999995],[-51.062027299999954,-28.969775299999988]]]}},{"type":"Feature","properties":{"setor":"431900005000007","pop":336,"sigilo_pop":false,"dom":157,"sigilo_dom":0,"mulheres":184,"sigilo_mulheres":0,"c0_4":8,"sigilo_c0_4":0,"c5_9":16,"sigilo_c5_9":0,"i60_69":57,"sigilo_i60_69":0,"i70m":43,"sigilo_i70m":0,"indigenas":0,"sigilo_indigenas":0,"pretos_pardos":41,"sigilo_pretos_pardos":0,"dom_ocupados":141,"sigilo_dom_ocupados":0,"dom_agua":140,"sigilo_dom_agua":0,"dom_esgoto":123,"sigilo_dom_esgoto":0,"renda_resp":3258.89,"sigilo_renda_resp":0,"n_resp":141,"sigilo_n_resp":0,"dens":3175.4,"sigilo_dens":false,"na_bacia":1,"area_pct_bacia":100.0,"metodo_recorte_bacia":"ponto_representativo_setor_2022; area_pct_geometrica","pop_n_validos":1,"pop_n_total":1,"pop_completude":1.0,"dom_n_validos":1,"dom_n_total":1,"dom_completude":1.0,"dom_ocupados_n_validos":1,"dom_ocupados_n_total":1,"dom_ocupados_completude":1.0,"mulheres_n_validos":1,"mulheres_n_total":1,"mulheres_completude":1.0,"c0_4_n_validos":1,"c0_4_n_total":1,"c0_4_completude":1.0,"c5_9_n_validos":1,"c5_9_n_total":1,"c5_9_completude":1.0,"i60_69_n_validos":1,"i60_69_n_total":1,"i60_69_completude":1.0,"i70m_n_validos":1,"i70m_n_total":1,"i70m_completude":1.0,"indigenas_n_validos":1,"indigenas_n_total":1,"indigenas_completude":1.0,"pretos_pardos_n_validos":1,"pretos_pardos_n_total":1,"pretos_pardos_completude":1.0,"dom_agua_n_validos":1,"dom_agua_n_total":1,"dom_agua_completude":1.0,"dom_esgoto_n_validos":1,"dom_esgoto_n_total":1,"dom_esgoto_completude":1.0,"n_resp_n_validos":1,"n_resp_n_total":1,"n_resp_completude":1.0,"renda_resp_n_validos":1,"renda_resp_n_total":1,"renda_resp_completude":1.0,"dens_n_validos":1,"dens_n_total":1,"dens_completude":1.0,"status_borda_bacia":"total","metodo_area_bacia":"interseção geométrica em EPSG:5880","metodo_na_bacia":"ponto_representativo_setor_2022_within_bacia","municipio":"São Marcos","cod_mun":"4319000","mun_pct_na_bacia":100.0,"mun_pop_total":21084,"mun_pop_na_bacia":21084.0,"mun_ubs_iede":9,"mun_hospitais_iede":2,"mun_escolas_iede":20,"mun_bombeiros_iede":1,"mun_servicos_cobertura":"cadastro_IEDE_parcial_nao_inventario","mun_icm_faixa":"B","mun_icm_pontos":8,"mun_icm_prioritario":"não","mun_ubs_iede_status":"published","mun_hospitais_iede_status":"published","mun_escolas_iede_status":"published","mun_bombeiros_iede_status":"published"},"geometry":{"type":"Polygon","coordinates":[[[-51.06163859999998,-28.975233599999946],[-51.06730979999997,-28.975407099999988],[-51.06938309999999,-28.97407359999994],[-51.069499899999975,-28.97371069999997],[-51.063769,-28.97359649999994],[-51.06163859999998,-28.975233599999946]]]}},{"type":"Feature","properties":{"setor":"431900005000008","pop":912,"sigilo_pop":false,"dom":359,"sigilo_dom":0,"mulheres":463,"sigilo_mulheres":0,"c0_4":58,"sigilo_c0_4":0,"c5_9":52,"sigilo_c5_9":0,"i60_69":74,"sigilo_i60_69":0,"i70m":42,"sigilo_i70m":0,"indigenas":0,"sigilo_indigenas":0,"pretos_pardos":89,"sigilo_pretos_pardos":0,"dom_ocupados":333,"sigilo_dom_ocupados":0,"dom_agua":331,"sigilo_dom_agua":0,"dom_esgoto":332,"sigilo_dom_esgoto":0,"renda_resp":2559.98,"sigilo_renda_resp":0,"n_resp":333,"sigilo_n_resp":0,"dens":2322.9,"sigilo_dens":false,"na_bacia":1,"area_pct_bacia":100.0,"metodo_recorte_bacia":"ponto_representativo_setor_2022; area_pct_geometrica","pop_n_validos":1,"pop_n_total":1,"pop_completude":1.0,"dom_n_validos":1,"dom_n_total":1,"dom_completude":1.0,"dom_ocupados_n_validos":1,"dom_ocupados_n_total":1,"dom_ocupados_completude":1.0,"mulheres_n_validos":1,"mulheres_n_total":1,"mulheres_completude":1.0,"c0_4_n_validos":1,"c0_4_n_total":1,"c0_4_completude":1.0,"c5_9_n_validos":1,"c5_9_n_total":1,"c5_9_completude":1.0,"i60_69_n_validos":1,"i60_69_n_total":1,"i60_69_completude":1.0,"i70m_n_validos":1,"i70m_n_total":1,"i70m_completude":1.0,"indigenas_n_validos":1,"indigenas_n_total":1,"indigenas_completude":1.0,"pretos_pardos_n_validos":1,"pretos_pardos_n_total":1,"pretos_pardos_completude":1.0,"dom_agua_n_validos":1,"dom_agua_n_total":1,"dom_agua_completude":1.0,"dom_esgoto_n_validos":1,"dom_esgoto_n_total":1,"dom_esgoto_completude":1.0,"n_resp_n_validos":1,"n_resp_n_total":1,"n_resp_completude":1.0,"renda_resp_n_validos":1,"renda_resp_n_total":1,"renda_resp_completude":1.0,"dens_n_validos":1,"dens_n_total":1,"dens_completude":1.0,"status_borda_bacia":"total","metodo_area_bacia":"interseção geométrica em EPSG:5880","metodo_na_bacia":"ponto_representativo_setor_2022_within_bacia","municipio":"São Marcos","cod_mun":"4319000","mun_pct_na_bacia":100.0,"mun_pop_total":21084,"mun_pop_na_bacia":21084.0,"mun_ubs_iede":9,"mun_hospitais_iede":2,"mun_escolas_iede":20,"mun_bombeiros_iede":1,"mun_servicos_cobertura":"cadastro_IEDE_parcial_nao_inventario","mun_icm_faixa":"B","mun_icm_pontos":8,"mun_icm_prioritario":"não","mun_ubs_iede_status":"published","mun_hospitais_iede_status":"published","mun_escolas_iede_status":"published","mun_bombeiros_iede_status":"published"},"geometry":{"type":"Polygon","coordinates":[[[-51.070199299999956,-28.975419399999968],[-51.07062359999998,-28.975656499999968],[-51.070223,-28.976257599999943],[-51.073316,-28.97773869999997],[-51.07543089999996,-28.97834589999996],[-51.07539109999993,-28.979325199999938],[-51.08069819999997,-28.979526099999916],[-51.08071259999997,-28.978981799999932],[-51.087062199999934,-28.979136099999938],[-51.08707849999996,-28.977018899999962],[-51.07589529999995,-28.97659879999997],[-51.07377089999994,-28.97614429999994],[-51.07356489999995,-28.97574629999997],[-51.072190699999965,-28.975648399999955],[-51.071144699999934,-28.97506589999995],[-51.070199299999956,-28.975419399999968]]]}},{"type":"Feature","properties":{"setor":"431900005000009","pop":753,"sigilo_pop":false,"dom":315,"sigilo_dom":0,"mulheres":398,"sigilo_mulheres":0,"c0_4":44,"sigilo_c0_4":0,"c5_9":31,"sigilo_c5_9":0,"i60_69":99,"sigilo_i60_69":0,"i70m":109,"sigilo_i70m":0,"indigenas":0,"sigilo_indigenas":0,"pretos_pardos":70,"sigilo_pretos_pardos":0,"dom_ocupados":300,"sigilo_dom_ocupados":0,"dom_agua":300,"sigilo_dom_agua":0,"dom_esgoto":160,"sigilo_dom_esgoto":0,"renda_resp":3372.42,"sigilo_renda_resp":0,"n_resp":300,"sigilo_n_resp":0,"dens":3624.1,"sigilo_dens":false,"na_bacia":1,"area_pct_bacia":100.0,"metodo_recorte_bacia":"ponto_representativo_setor_2022; area_pct_geometrica","pop_n_validos":1,"pop_n_total":1,"pop_completude":1.0,"dom_n_validos":1,"dom_n_total":1,"dom_completude":1.0,"dom_ocupados_n_validos":1,"dom_ocupados_n_total":1,"dom_ocupados_completude":1.0,"mulheres_n_validos":1,"mulheres_n_total":1,"mulheres_completude":1.0,"c0_4_n_validos":1,"c0_4_n_total":1,"c0_4_completude":1.0,"c5_9_n_validos":1,"c5_9_n_total":1,"c5_9_completude":1.0,"i60_69_n_validos":1,"i60_69_n_total":1,"i60_69_completude":1.0,"i70m_n_validos":1,"i70m_n_total":1,"i70m_completude":1.0,"indigenas_n_validos":1,"indigenas_n_total":1,"indigenas_completude":1.0,"pretos_pardos_n_validos":1,"pretos_pardos_n_total":1,"pretos_pardos_completude":1.0,"dom_agua_n_validos":1,"dom_agua_n_total":1,"dom_agua_completude":1.0,"dom_esgoto_n_validos":1,"dom_esgoto_n_total":1,"dom_esgoto_completude":1.0,"n_resp_n_validos":1,"n_resp_n_total":1,"n_resp_completude":1.0,"renda_resp_n_validos":1,"renda_resp_n_total":1,"renda_resp_completude":1.0,"dens_n_validos":1,"dens_n_total":1,"dens_completude":1.0,"status_borda_bacia":"total","metodo_area_bacia":"interseção geométrica em EPSG:5880","metodo_na_bacia":"ponto_representativo_setor_2022_within_bacia","municipio":"São Marcos","cod_mun":"4319000","mun_pct_na_bacia":100.0,"mun_pop_total":21084,"mun_pop_na_bacia":21084.0,"mun_ubs_iede":9,"mun_hospitais_iede":2,"mun_escolas_iede":20,"mun_bombeiros_iede":1,"mun_servicos_cobertura":"cadastro_IEDE_parcial_nao_inventario","mun_icm_faixa":"B","mun_icm_pontos":8,"mun_icm_prioritario":"não","mun_ubs_iede_status":"published","mun_hospitais_iede_status":"published","mun_escolas_iede_status":"published","mun_bombeiros_iede_status":"published"},"geometry":{"type":"Polygon","coordinates":[[[-51.069387199999944,-28.97407109999995],[-51.069491,-28.97589869999996],[-51.071144699999934,-28.97506589999995],[-51.072190699999965,-28.975648399999955],[-51.07356489999995,-28.97574629999997],[-51.0736505,-28.974549699999947],[-51.078543399999944,-28.97485029999997],[-51.0787,-28.972536499999926],[-51.07287,-28.972218699999924],[-51.07299809999995,-28.973100799999937],[-51.07244559999999,-28.97370479999995],[-51.069387199999944,-28.97407109999995]]]}},{"type":"Feature","properties":{"setor":"431900005000010","pop":921,"sigilo_pop":false,"dom":408,"sigilo_dom":0,"mulheres":472,"sigilo_mulheres":0,"c0_4":35,"sigilo_c0_4":0,"c5_9":37,"sigilo_c5_9":0,"i60_69":129,"sigilo_i60_69":0,"i70m":91,"sigilo_i70m":0,"indigenas":0,"sigilo_indigenas":0,"pretos_pardos":101,"sigilo_pretos_pardos":0,"dom_ocupados":373,"sigilo_dom_ocupados":0,"dom_agua":371,"sigilo_dom_agua":0,"dom_esgoto":335,"sigilo_dom_esgoto":0,"renda_resp":3410.12,"sigilo_renda_resp":0,"n_resp":373,"sigilo_n_resp":0,"dens":1898.1,"sigilo_dens":false,"na_bacia":1,"area_pct_bacia":100.0,"metodo_recorte_bacia":"ponto_representativo_setor_2022; area_pct_geometrica","pop_n_validos":1,"pop_n_total":1,"pop_completude":1.0,"dom_n_validos":1,"dom_n_total":1,"dom_completude":1.0,"dom_ocupados_n_validos":1,"dom_ocupados_n_total":1,"dom_ocupados_completude":1.0,"mulheres_n_validos":1,"mulheres_n_total":1,"mulheres_completude":1.0,"c0_4_n_validos":1,"c0_4_n_total":1,"c0_4_completude":1.0,"c5_9_n_validos":1,"c5_9_n_total":1,"c5_9_completude":1.0,"i60_69_n_validos":1,"i60_69_n_total":1,"i60_69_completude":1.0,"i70m_n_validos":1,"i70m_n_total":1,"i70m_completude":1.0,"indigenas_n_validos":1,"indigenas_n_total":1,"indigenas_completude":1.0,"pretos_pardos_n_validos":1,"pretos_pardos_n_total":1,"pretos_pardos_completude":1.0,"dom_agua_n_validos":1,"dom_agua_n_total":1,"dom_agua_completude":1.0,"dom_esgoto_n_validos":1,"dom_esgoto_n_total":1,"dom_esgoto_completude":1.0,"n_resp_n_validos":1,"n_resp_n_total":1,"n_resp_completude":1.0,"renda_resp_n_validos":1,"renda_resp_n_total":1,"renda_resp_completude":1.0,"dens_n_validos":1,"dens_n_total":1,"dens_completude":1.0,"status_borda_bacia":"total","metodo_area_bacia":"interseção geométrica em EPSG:5880","metodo_na_bacia":"ponto_representativo_setor_2022_within_bacia","municipio":"São Marcos","cod_mun":"4319000","mun_pct_na_bacia":100.0,"mun_pop_total":21084,"mun_pop_na_bacia":21084.0,"mun_ubs_iede":9,"mun_hospitais_iede":2,"mun_escolas_iede":20,"mun_bombeiros_iede":1,"mun_servicos_cobertura":"cadastro_IEDE_parcial_nao_inventario","mun_icm_faixa":"B","mun_icm_pontos":8,"mun_icm_prioritario":"não","mun_ubs_iede_status":"published","mun_hospitais_iede_status":"published","mun_escolas_iede_status":"published","mun_bombeiros_iede_status":"published"},"geometry":{"type":"Polygon","coordinates":[[[-51.07356489999995,-28.97574629999997],[-51.07377089999994,-28.97614429999994],[-51.07589529999995,-28.97659879999997],[-51.08707849999996,-28.977018899999962],[-51.08720779999994,-28.97290639999993],[-51.0787,-28.972536499999926],[-51.078543399999944,-28.97485029999997],[-51.0736505,-28.974549699999947],[-51.07356489999995,-28.97574629999997]]]}},{"type":"Feature","properties":{"setor":"431900005000011","pop":1076,"sigilo_pop":false,"dom":443,"sigilo_dom":0,"mulheres":579,"sigilo_mulheres":0,"c0_4":59,"sigilo_c0_4":0,"c5_9":63,"sigilo_c5_9":0,"i60_69":108,"sigilo_i60_69":0,"i70m":69,"sigilo_i70m":0,"indigenas":null,"sigilo_indigenas":1,"pretos_pardos":248,"sigilo_pretos_pardos":0,"dom_ocupados":402,"sigilo_dom_ocupados":0,"dom_agua":384,"sigilo_dom_agua":0,"dom_esgoto":199,"sigilo_dom_esgoto":0,"renda_resp":3296.69,"sigilo_renda_resp":0,"n_resp":402,"sigilo_n_resp":0,"dens":2990.6,"sigilo_dens":false,"na_bacia":1,"area_pct_bacia":100.0,"metodo_recorte_bacia":"ponto_representativo_setor_2022; area_pct_geometrica","pop_n_validos":1,"pop_n_total":1,"pop_completude":1.0,"dom_n_validos":1,"dom_n_total":1,"dom_completude":1.0,"dom_ocupados_n_validos":1,"dom_ocupados_n_total":1,"dom_ocupados_completude":1.0,"mulheres_n_validos":1,"mulheres_n_total":1,"mulheres_completude":1.0,"c0_4_n_validos":1,"c0_4_n_total":1,"c0_4_completude":1.0,"c5_9_n_validos":1,"c5_9_n_total":1,"c5_9_completude":1.0,"i60_69_n_validos":1,"i60_69_n_total":1,"i60_69_completude":1.0,"i70m_n_validos":1,"i70m_n_total":1,"i70m_completude":1.0,"indigenas_n_validos":0,"indigenas_n_total":1,"indigenas_completude":0.0,"pretos_pardos_n_validos":1,"pretos_pardos_n_total":1,"pretos_pardos_completude":1.0,"dom_agua_n_validos":1,"dom_agua_n_total":1,"dom_agua_completude":1.0,"dom_esgoto_n_validos":1,"dom_esgoto_n_total":1,"dom_esgoto_completude":1.0,"n_resp_n_validos":1,"n_resp_n_total":1,"n_resp_completude":1.0,"renda_resp_n_validos":1,"renda_resp_n_total":1,"renda_resp_completude":1.0,"dens_n_validos":1,"dens_n_total":1,"dens_completude":1.0,"status_borda_bacia":"total","metodo_area_bacia":"interseção geométrica em EPSG:5880","metodo_na_bacia":"ponto_representativo_setor_2022_within_bacia","municipio":"São Marcos","cod_mun":"4319000","mun_pct_na_bacia":100.0,"mun_pop_total":21084,"mun_pop_na_bacia":21084.0,"mun_ubs_iede":9,"mun_hospitais_iede":2,"mun_escolas_iede":20,"mun_bombeiros_iede":1,"mun_servicos_cobertura":"cadastro_IEDE_parcial_nao_inventario","mun_icm_faixa":"B","mun_icm_pontos":8,"mun_icm_prioritario":"não","mun_ubs_iede_status":"published","mun_hospitais_iede_status":"published","mun_escolas_iede_status":"published","mun_bombeiros_iede_status":"published"},"geometry":{"type":"Polygon","coordinates":[[[-51.04941379999997,-28.967331099999964],[-51.05307389999996,-28.969255799999935],[-51.054273,-28.96906789999996],[-51.05597149999994,-28.969906],[-51.05693209999998,-28.969834499999937],[-51.05663279999993,-28.970821699999934],[-51.05835979999994,-28.970955699999937],[-51.05847619999998,-28.967439199999944],[-51.058987899999984,-28.967015799999967],[-51.05916459999998,-28.966411199999968],[-51.05789109999996,-28.966194499999965],[-51.05790849999994,-28.965592599999972],[-51.04995,-28.96542289999996],[-51.04987319999998,-28.967274699999955],[-51.04941379999997,-28.967331099999964]]]}},{"type":"Feature","properties":{"setor":"431900005000012","pop":695,"sigilo_pop":false,"dom":298,"sigilo_dom":0,"mulheres":373,"sigilo_mulheres":0,"c0_4":29,"sigilo_c0_4":0,"c5_9":40,"sigilo_c5_9":0,"i60_69":64,"sigilo_i60_69":0,"i70m":92,"sigilo_i70m":0,"indigenas":5,"sigilo_indigenas":0,"pretos_pardos":121,"sigilo_pretos_pardos":0,"dom_ocupados":270,"sigilo_dom_ocupados":0,"dom_agua":268,"sigilo_dom_agua":0,"dom_esgoto":204,"sigilo_dom_esgoto":0,"renda_resp":3062.83,"sigilo_renda_resp":0,"n_resp":270,"sigilo_n_resp":0,"dens":4732.7,"sigilo_dens":false,"na_bacia":1,"area_pct_bacia":100.0,"metodo_recorte_bacia":"ponto_representativo_setor_2022; area_pct_geometrica","pop_n_validos":1,"pop_n_total":1,"pop_completude":1.0,"dom_n_validos":1,"dom_n_total":1,"dom_completude":1.0,"dom_ocupados_n_validos":1,"dom_ocupados_n_total":1,"dom_ocupados_completude":1.0,"mulheres_n_validos":1,"mulheres_n_total":1,"mulheres_completude":1.0,"c0_4_n_validos":1,"c0_4_n_total":1,"c0_4_completude":1.0,"c5_9_n_validos":1,"c5_9_n_total":1,"c5_9_completude":1.0,"i60_69_n_validos":1,"i60_69_n_total":1,"i60_69_completude":1.0,"i70m_n_validos":1,"i70m_n_total":1,"i70m_completude":1.0,"indigenas_n_validos":1,"indigenas_n_total":1,"indigenas_completude":1.0,"pretos_pardos_n_validos":1,"pretos_pardos_n_total":1,"pretos_pardos_completude":1.0,"dom_agua_n_validos":1,"dom_agua_n_total":1,"dom_agua_completude":1.0,"dom_esgoto_n_validos":1,"dom_esgoto_n_total":1,"dom_esgoto_completude":1.0,"n_resp_n_validos":1,"n_resp_n_total":1,"n_resp_completude":1.0,"renda_resp_n_validos":1,"renda_resp_n_total":1,"renda_resp_completude":1.0,"dens_n_validos":1,"dens_n_total":1,"dens_completude":1.0,"status_borda_bacia":"total","metodo_area_bacia":"interseção geométrica em EPSG:5880","metodo_na_bacia":"ponto_representativo_setor_2022_within_bacia","municipio":"São Marcos","cod_mun":"4319000","mun_pct_na_bacia":100.0,"mun_pop_total":21084,"mun_pop_na_bacia":21084.0,"mun_ubs_iede":9,"mun_hospitais_iede":2,"mun_escolas_iede":20,"mun_bombeiros_iede":1,"mun_servicos_cobertura":"cadastro_IEDE_parcial_nao_inventario","mun_icm_faixa":"B","mun_icm_pontos":8,"mun_icm_prioritario":"não","mun_ubs_iede_status":"published","mun_hospitais_iede_status":"published","mun_escolas_iede_status":"published","mun_bombeiros_iede_status":"published"},"geometry":{"type":"Polygon","coordinates":[[[-51.05831429999996,-28.971876],[-51.05803729999997,-28.974044799999948],[-51.05851449999994,-28.97422009999997],[-51.05790789999998,-28.97429639999997],[-51.057952,-28.975073799999958],[-51.06163859999998,-28.975233599999946],[-51.063769,-28.97359649999994],[-51.06137629999995,-28.97350519999998],[-51.06187429999995,-28.973397099999936],[-51.06195719999993,-28.97198449999996],[-51.05831429999996,-28.971876]]]}},{"type":"Feature","properties":{"setor":"431900005000013","pop":788,"sigilo_pop":false,"dom":341,"sigilo_dom":0,"mulheres":425,"sigilo_mulheres":0,"c0_4":45,"sigilo_c0_4":0,"c5_9":36,"sigilo_c5_9":0,"i60_69":105,"sigilo_i60_69":0,"i70m":36,"sigilo_i70m":0,"indigenas":0,"sigilo_indigenas":0,"pretos_pardos":81,"sigilo_pretos_pardos":0,"dom_ocupados":313,"sigilo_dom_ocupados":0,"dom_agua":308,"sigilo_dom_agua":0,"dom_esgoto":280,"sigilo_dom_esgoto":0,"renda_resp":2000.86,"sigilo_renda_resp":0,"n_resp":313,"sigilo_n_resp":0,"dens":1027.2,"sigilo_dens":false,"na_bacia":1,"area_pct_bacia":100.0,"metodo_recorte_bacia":"ponto_representativo_setor_2022; area_pct_geometrica","pop_n_validos":1,"pop_n_total":1,"pop_completude":1.0,"dom_n_validos":1,"dom_n_total":1,"dom_completude":1.0,"dom_ocupados_n_validos":1,"dom_ocupados_n_total":1,"dom_ocupados_completude":1.0,"mulheres_n_validos":1,"mulheres_n_total":1,"mulheres_completude":1.0,"c0_4_n_validos":1,"c0_4_n_total":1,"c0_4_completude":1.0,"c5_9_n_validos":1,"c5_9_n_total":1,"c5_9_completude":1.0,"i60_69_n_validos":1,"i60_69_n_total":1,"i60_69_completude":1.0,"i70m_n_validos":1,"i70m_n_total":1,"i70m_completude":1.0,"indigenas_n_validos":1,"indigenas_n_total":1,"indigenas_completude":1.0,"pretos_pardos_n_validos":1,"pretos_pardos_n_total":1,"pretos_pardos_completude":1.0,"dom_agua_n_validos":1,"dom_agua_n_total":1,"dom_agua_completude":1.0,"dom_esgoto_n_validos":1,"dom_esgoto_n_total":1,"dom_esgoto_completude":1.0,"n_resp_n_validos":1,"n_resp_n_total":1,"n_resp_completude":1.0,"renda_resp_n_validos":1,"renda_resp_n_total":1,"renda_resp_completude":1.0,"dens_n_validos":1,"dens_n_total":1,"dens_completude":1.0,"status_borda_bacia":"total","metodo_area_bacia":"interseção geométrica em EPSG:5880","metodo_na_bacia":"ponto_representativo_setor_2022_within_bacia","municipio":"São Marcos","cod_mun":"4319000","mun_pct_na_bacia":100.0,"mun_pop_total":21084,"mun_pop_na_bacia":21084.0,"mun_ubs_iede":9,"mun_hospitais_iede":2,"mun_escolas_iede":20,"mun_bombeiros_iede":1,"mun_servicos_cobertura":"cadastro_IEDE_parcial_nao_inventario","mun_icm_faixa":"B","mun_icm_pontos":8,"mun_icm_prioritario":"não","mun_ubs_iede_status":"published","mun_hospitais_iede_status":"published","mun_escolas_iede_status":"published","mun_bombeiros_iede_status":"published"},"geometry":{"type":"Polygon","coordinates":[[[-51.070633,-28.955349299999966],[-51.07011449999993,-28.96194219999994],[-51.07114969999998,-28.96198139999996],[-51.071145099999974,-28.96220359999995],[-51.07302789999995,-28.9622553],[-51.075094899999954,-28.964314],[-51.07550049999998,-28.96382749999998],[-51.077847,-28.962618899999924],[-51.078567599999985,-28.961750199999972],[-51.08094669999997,-28.954256399999956],[-51.07825929999995,-28.954119099999954],[-51.07743789999995,-28.955602799999944],[-51.070633,-28.955349299999966]]]}},{"type":"Feature","properties":{"setor":"431900005000014","pop":351,"sigilo_pop":false,"dom":165,"sigilo_dom":0,"mulheres":168,"sigilo_mulheres":0,"c0_4":18,"sigilo_c0_4":0,"c5_9":23,"sigilo_c5_9":0,"i60_69":30,"sigilo_i60_69":0,"i70m":28,"sigilo_i70m":0,"indigenas":0,"sigilo_indigenas":0,"pretos_pardos":69,"sigilo_pretos_pardos":0,"dom_ocupados":147,"sigilo_dom_ocupados":0,"dom_agua":147,"sigilo_dom_agua":0,"dom_esgoto":146,"sigilo_dom_esgoto":0,"renda_resp":2023.32,"sigilo_renda_resp":0,"n_resp":147,"sigilo_n_resp":0,"dens":8083.1,"sigilo_dens":false,"na_bacia":1,"area_pct_bacia":100.0,"metodo_recorte_bacia":"ponto_representativo_setor_2022; area_pct_geometrica","pop_n_validos":1,"pop_n_total":1,"pop_completude":1.0,"dom_n_validos":1,"dom_n_total":1,"dom_completude":1.0,"dom_ocupados_n_validos":1,"dom_ocupados_n_total":1,"dom_ocupados_completude":1.0,"mulheres_n_validos":1,"mulheres_n_total":1,"mulheres_completude":1.0,"c0_4_n_validos":1,"c0_4_n_total":1,"c0_4_completude":1.0,"c5_9_n_validos":1,"c5_9_n_total":1,"c5_9_completude":1.0,"i60_69_n_validos":1,"i60_69_n_total":1,"i60_69_completude":1.0,"i70m_n_validos":1,"i70m_n_total":1,"i70m_completude":1.0,"indigenas_n_validos":1,"indigenas_n_total":1,"indigenas_completude":1.0,"pretos_pardos_n_validos":1,"pretos_pardos_n_total":1,"pretos_pardos_completude":1.0,"dom_agua_n_validos":1,"dom_agua_n_total":1,"dom_agua_completude":1.0,"dom_esgoto_n_validos":1,"dom_esgoto_n_total":1,"dom_esgoto_completude":1.0,"n_resp_n_validos":1,"n_resp_n_total":1,"n_resp_completude":1.0,"renda_resp_n_validos":1,"renda_resp_n_total":1,"renda_resp_completude":1.0,"dens_n_validos":1,"dens_n_total":1,"dens_completude":1.0,"status_borda_bacia":"total","metodo_area_bacia":"interseção geométrica em EPSG:5880","metodo_na_bacia":"ponto_representativo_setor_2022_within_bacia","municipio":"São Marcos","cod_mun":"4319000","mun_pct_na_bacia":100.0,"mun_pop_total":21084,"mun_pop_na_bacia":21084.0,"mun_ubs_iede":9,"mun_hospitais_iede":2,"mun_escolas_iede":20,"mun_bombeiros_iede":1,"mun_servicos_cobertura":"cadastro_IEDE_parcial_nao_inventario","mun_icm_faixa":"B","mun_icm_pontos":8,"mun_icm_prioritario":"não","mun_ubs_iede_status":"published","mun_hospitais_iede_status":"published","mun_escolas_iede_status":"published","mun_bombeiros_iede_status":"published"},"geometry":{"type":"Polygon","coordinates":[[[-51.04721859999995,-28.966114399999988],[-51.04859509999994,-28.96721189999994],[-51.04987319999998,-28.967274699999955],[-51.04995,-28.96542289999996],[-51.04878639999998,-28.9653524],[-51.048558199999945,-28.965720599999926],[-51.04734479999996,-28.96555369999993],[-51.04721859999995,-28.966114399999988]]]}},{"type":"Feature","properties":{"setor":"431900005000015","pop":763,"sigilo_pop":false,"dom":329,"sigilo_dom":0,"mulheres":408,"sigilo_mulheres":0,"c0_4":26,"sigilo_c0_4":0,"c5_9":40,"sigilo_c5_9":0,"i60_69":99,"sigilo_i60_69":0,"i70m":71,"sigilo_i70m":0,"indigenas":0,"sigilo_indigenas":0,"pretos_pardos":119,"sigilo_pretos_pardos":0,"dom_ocupados":292,"sigilo_dom_ocupados":0,"dom_agua":290,"sigilo_dom_agua":0,"dom_esgoto":191,"sigilo_dom_esgoto":0,"renda_resp":3065.14,"sigilo_renda_resp":0,"n_resp":292,"sigilo_n_resp":0,"dens":3637.8,"sigilo_dens":false,"na_bacia":1,"area_pct_bacia":100.0,"metodo_recorte_bacia":"ponto_representativo_setor_2022; area_pct_geometrica","pop_n_validos":1,"pop_n_total":1,"pop_completude":1.0,"dom_n_validos":1,"dom_n_total":1,"dom_completude":1.0,"dom_ocupados_n_validos":1,"dom_ocupados_n_total":1,"dom_ocupados_completude":1.0,"mulheres_n_validos":1,"mulheres_n_total":1,"mulheres_completude":1.0,"c0_4_n_validos":1,"c0_4_n_total":1,"c0_4_completude":1.0,"c5_9_n_validos":1,"c5_9_n_total":1,"c5_9_completude":1.0,"i60_69_n_validos":1,"i60_69_n_total":1,"i60_69_completude":1.0,"i70m_n_validos":1,"i70m_n_total":1,"i70m_completude":1.0,"indigenas_n_validos":1,"indigenas_n_total":1,"indigenas_completude":1.0,"pretos_pardos_n_validos":1,"pretos_pardos_n_total":1,"pretos_pardos_completude":1.0,"dom_agua_n_validos":1,"dom_agua_n_total":1,"dom_agua_completude":1.0,"dom_esgoto_n_validos":1,"dom_esgoto_n_total":1,"dom_esgoto_completude":1.0,"n_resp_n_validos":1,"n_resp_n_total":1,"n_resp_completude":1.0,"renda_resp_n_validos":1,"renda_resp_n_total":1,"renda_resp_completude":1.0,"dens_n_validos":1,"dens_n_total":1,"dens_completude":1.0,"status_borda_bacia":"total","metodo_area_bacia":"interseção geométrica em EPSG:5880","metodo_na_bacia":"ponto_representativo_setor_2022_within_bacia","municipio":"São Marcos","cod_mun":"4319000","mun_pct_na_bacia":100.0,"mun_pop_total":21084,"mun_pop_na_bacia":21084.0,"mun_ubs_iede":9,"mun_hospitais_iede":2,"mun_escolas_iede":20,"mun_bombeiros_iede":1,"mun_servicos_cobertura":"cadastro_IEDE_parcial_nao_inventario","mun_icm_faixa":"B","mun_icm_pontos":8,"mun_icm_prioritario":"não","mun_ubs_iede_status":"published","mun_hospitais_iede_status":"published","mun_escolas_iede_status":"published","mun_bombeiros_iede_status":"published"},"geometry":{"type":"Polygon","coordinates":[[[-51.057952,-28.975073799999958],[-51.057798899999966,-28.977199699999968],[-51.05855019999996,-28.977204799999974],[-51.058503499999965,-28.978035799999933],[-51.062334,-28.97814259999996],[-51.0624,-28.977038599999958],[-51.06569019999995,-28.977084199999975],[-51.06592009999997,-28.97649679999995],[-51.06730979999997,-28.975407099999988],[-51.057952,-28.975073799999958]]]}},{"type":"Feature","properties":{"setor":"431900005000016","pop":100,"sigilo_pop":false,"dom":54,"sigilo_dom":0,"mulheres":46,"sigilo_mulheres":0,"c0_4":null,"sigilo_c0_4":1,"c5_9":null,"sigilo_c5_9":1,"i60_69":null,"sigilo_i60_69":1,"i70m":null,"sigilo_i70m":1,"indigenas":0,"sigilo_indigenas":0,"pretos_pardos":12,"sigilo_pretos_pardos":0,"dom_ocupados":41,"sigilo_dom_ocupados":0,"dom_agua":41,"sigilo_dom_agua":0,"dom_esgoto":30,"sigilo_dom_esgoto":0,"renda_resp":3531.97,"sigilo_renda_resp":0,"n_resp":41,"sigilo_n_resp":0,"dens":2475.9,"sigilo_dens":false,"na_bacia":1,"area_pct_bacia":100.0,"metodo_recorte_bacia":"ponto_representativo_setor_2022; area_pct_geometrica","pop_n_validos":1,"pop_n_total":1,"pop_completude":1.0,"dom_n_validos":1,"dom_n_total":1,"dom_completude":1.0,"dom_ocupados_n_validos":1,"dom_ocupados_n_total":1,"dom_ocupados_completude":1.0,"mulheres_n_validos":1,"mulheres_n_total":1,"mulheres_completude":1.0,"c0_4_n_validos":0,"c0_4_n_total":1,"c0_4_completude":0.0,"c5_9_n_validos":0,"c5_9_n_total":1,"c5_9_completude":0.0,"i60_69_n_validos":0,"i60_69_n_total":1,"i60_69_completude":0.0,"i70m_n_validos":0,"i70m_n_total":1,"i70m_completude":0.0,"indigenas_n_validos":1,"indigenas_n_total":1,"indigenas_completude":1.0,"pretos_pardos_n_validos":1,"pretos_pardos_n_total":1,"pretos_pardos_completude":1.0,"dom_agua_n_validos":1,"dom_agua_n_total":1,"dom_agua_completude":1.0,"dom_esgoto_n_validos":1,"dom_esgoto_n_total":1,"dom_esgoto_completude":1.0,"n_resp_n_validos":1,"n_resp_n_total":1,"n_resp_completude":1.0,"renda_resp_n_validos":1,"renda_resp_n_total":1,"renda_resp_completude":1.0,"dens_n_validos":1,"dens_n_total":1,"dens_completude":1.0,"status_borda_bacia":"total","metodo_area_bacia":"interseção geométrica em EPSG:5880","metodo_na_bacia":"ponto_representativo_setor_2022_within_bacia","municipio":"São Marcos","cod_mun":"4319000","mun_pct_na_bacia":100.0,"mun_pop_total":21084,"mun_pop_na_bacia":21084.0,"mun_ubs_iede":9,"mun_hospitais_iede":2,"mun_escolas_iede":20,"mun_bombeiros_iede":1,"mun_servicos_cobertura":"cadastro_IEDE_parcial_nao_inventario","mun_icm_faixa":"B","mun_icm_pontos":8,"mun_icm_prioritario":"não","mun_ubs_iede_status":"published","mun_hospitais_iede_status":"published","mun_escolas_iede_status":"published","mun_bombeiros_iede_status":"published"},"geometry":{"type":"Polygon","coordinates":[[[-51.062334,-28.97814259999996],[-51.06564479999997,-28.978189599999943],[-51.06569019999995,-28.977084199999975],[-51.0624,-28.977038599999958],[-51.062334,-28.97814259999996]]]}},{"type":"Feature","properties":{"setor":"431900005000017","pop":97,"sigilo_pop":false,"dom":41,"sigilo_dom":0,"mulheres":57,"sigilo_mulheres":0,"c0_4":3,"sigilo_c0_4":0,"c5_9":null,"sigilo_c5_9":1,"i60_69":15,"sigilo_i60_69":0,"i70m":16,"sigilo_i70m":0,"indigenas":0,"sigilo_indigenas":0,"pretos_pardos":null,"sigilo_pretos_pardos":1,"dom_ocupados":37,"sigilo_dom_ocupados":0,"dom_agua":37,"sigilo_dom_agua":0,"dom_esgoto":33,"sigilo_dom_esgoto":0,"renda_resp":2768.57,"sigilo_renda_resp":0,"n_resp":37,"sigilo_n_resp":0,"dens":692.3,"sigilo_dens":false,"na_bacia":1,"area_pct_bacia":100.0,"metodo_recorte_bacia":"ponto_representativo_setor_2022; area_pct_geometrica","pop_n_validos":1,"pop_n_total":1,"pop_completude":1.0,"dom_n_validos":1,"dom_n_total":1,"dom_completude":1.0,"dom_ocupados_n_validos":1,"dom_ocupados_n_total":1,"dom_ocupados_completude":1.0,"mulheres_n_validos":1,"mulheres_n_total":1,"mulheres_completude":1.0,"c0_4_n_validos":1,"c0_4_n_total":1,"c0_4_completude":1.0,"c5_9_n_validos":0,"c5_9_n_total":1,"c5_9_completude":0.0,"i60_69_n_validos":1,"i60_69_n_total":1,"i60_69_completude":1.0,"i70m_n_validos":1,"i70m_n_total":1,"i70m_completude":1.0,"indigenas_n_validos":1,"indigenas_n_total":1,"indigenas_completude":1.0,"pretos_pardos_n_validos":0,"pretos_pardos_n_total":1,"pretos_pardos_completude":0.0,"dom_agua_n_validos":1,"dom_agua_n_total":1,"dom_agua_completude":1.0,"dom_esgoto_n_validos":1,"dom_esgoto_n_total":1,"dom_esgoto_completude":1.0,"n_resp_n_validos":1,"n_resp_n_total":1,"n_resp_completude":1.0,"renda_resp_n_validos":1,"renda_resp_n_total":1,"renda_resp_completude":1.0,"dens_n_validos":1,"dens_n_total":1,"dens_completude":1.0,"status_borda_bacia":"total","metodo_area_bacia":"interseção geométrica em EPSG:5880","metodo_na_bacia":"ponto_representativo_setor_2022_within_bacia","municipio":"São Marcos","cod_mun":"4319000","mun_pct_na_bacia":100.0,"mun_pop_total":21084,"mun_pop_na_bacia":21084.0,"mun_ubs_iede":9,"mun_hospitais_iede":2,"mun_escolas_iede":20,"mun_bombeiros_iede":1,"mun_servicos_cobertura":"cadastro_IEDE_parcial_nao_inventario","mun_icm_faixa":"B","mun_icm_pontos":8,"mun_icm_prioritario":"não","mun_ubs_iede_status":"published","mun_hospitais_iede_status":"published","mun_escolas_iede_status":"published","mun_bombeiros_iede_status":"published"},"geometry":{"type":"Polygon","coordinates":[[[-51.06938309999999,-28.97407359999994],[-51.06592009999997,-28.97649679999995],[-51.065631199999984,-28.97805809999995],[-51.06605719999994,-28.978638499999924],[-51.06754289999998,-28.979021399999965],[-51.06806059999997,-28.97874749999993],[-51.06832079999999,-28.978314],[-51.069515399999936,-28.97836129999996],[-51.06938309999999,-28.97407359999994]]]}},{"type":"Feature","properties":{"setor":"431900005000019","pop":563,"sigilo_pop":false,"dom":232,"sigilo_dom":0,"mulheres":284,"sigilo_mulheres":0,"c0_4":33,"sigilo_c0_4":0,"c5_9":38,"sigilo_c5_9":0,"i60_69":50,"sigilo_i60_69":0,"i70m":32,"sigilo_i70m":0,"indigenas":0,"sigilo_indigenas":0,"pretos_pardos":130,"sigilo_pretos_pardos":0,"dom_ocupados":202,"sigilo_dom_ocupados":0,"dom_agua":195,"sigilo_dom_agua":0,"dom_esgoto":139,"sigilo_dom_esgoto":0,"renda_resp":2677.72,"sigilo_renda_resp":0,"n_resp":202,"sigilo_n_resp":0,"dens":868.9,"sigilo_dens":false,"na_bacia":1,"area_pct_bacia":100.0,"metodo_recorte_bacia":"ponto_representativo_setor_2022; area_pct_geometrica","pop_n_validos":1,"pop_n_total":1,"pop_completude":1.0,"dom_n_validos":1,"dom_n_total":1,"dom_completude":1.0,"dom_ocupados_n_validos":1,"dom_ocupados_n_total":1,"dom_ocupados_completude":1.0,"mulheres_n_validos":1,"mulheres_n_total":1,"mulheres_completude":1.0,"c0_4_n_validos":1,"c0_4_n_total":1,"c0_4_completude":1.0,"c5_9_n_validos":1,"c5_9_n_total":1,"c5_9_completude":1.0,"i60_69_n_validos":1,"i60_69_n_total":1,"i60_69_completude":1.0,"i70m_n_validos":1,"i70m_n_total":1,"i70m_completude":1.0,"indigenas_n_validos":1,"indigenas_n_total":1,"indigenas_completude":1.0,"pretos_pardos_n_validos":1,"pretos_pardos_n_total":1,"pretos_pardos_completude":1.0,"dom_agua_n_validos":1,"dom_agua_n_total":1,"dom_agua_completude":1.0,"dom_esgoto_n_validos":1,"dom_esgoto_n_total":1,"dom_esgoto_completude":1.0,"n_resp_n_validos":1,"n_resp_n_total":1,"n_resp_completude":1.0,"renda_resp_n_validos":1,"renda_resp_n_total":1,"renda_resp_completude":1.0,"dens_n_validos":1,"dens_n_total":1,"dens_completude":1.0,"status_borda_bacia":"total","metodo_area_bacia":"interseção geométrica em EPSG:5880","metodo_na_bacia":"ponto_representativo_setor_2022_within_bacia","municipio":"São Marcos","cod_mun":"4319000","mun_pct_na_bacia":100.0,"mun_pop_total":21084,"mun_pop_na_bacia":21084.0,"mun_ubs_iede":9,"mun_hospitais_iede":2,"mun_escolas_iede":20,"mun_bombeiros_iede":1,"mun_servicos_cobertura":"cadastro_IEDE_parcial_nao_inventario","mun_icm_faixa":"B","mun_icm_pontos":8,"mun_icm_prioritario":"não","mun_ubs_iede_status":"published","mun_hospitais_iede_status":"published","mun_escolas_iede_status":"published","mun_bombeiros_iede_status":"published"},"geometry":{"type":"Polygon","coordinates":[[[-51.070633,-28.955349299999966],[-51.07743789999995,-28.955602799999944],[-51.07825929999995,-28.954119099999954],[-51.08094669999997,-28.954256399999956],[-51.07925919999997,-28.959556],[-51.082338799999945,-28.959645299999977],[-51.08245739999995,-28.959085],[-51.083965,-28.956831799999975],[-51.08594189999997,-28.956901199999947],[-51.08609359999998,-28.952613399999954],[-51.081491,-28.952501899999966],[-51.07990959999996,-28.951642599999946],[-51.074088,-28.951359499999974],[-51.07314,-28.953994299999984],[-51.070633,-28.955349299999966]]]}},{"type":"Feature","properties":{"setor":"431900005000020","pop":36,"sigilo_pop":false,"dom":15,"sigilo_dom":0,"mulheres":20,"sigilo_mulheres":0,"c0_4":null,"sigilo_c0_4":1,"c5_9":null,"sigilo_c5_9":1,"i60_69":9,"sigilo_i60_69":0,"i70m":null,"sigilo_i70m":1,"indigenas":0,"sigilo_indigenas":0,"pretos_pardos":5,"sigilo_pretos_pardos":0,"dom_ocupados":13,"sigilo_dom_ocupados":0,"dom_agua":13,"sigilo_dom_agua":0,"dom_esgoto":13,"sigilo_dom_esgoto":0,"renda_resp":3535.33,"sigilo_renda_resp":0,"n_resp":13,"sigilo_n_resp":0,"dens":61.6,"sigilo_dens":false,"na_bacia":1,"area_pct_bacia":100.0,"metodo_recorte_bacia":"ponto_representativo_setor_2022; area_pct_geometrica","pop_n_validos":1,"pop_n_total":1,"pop_completude":1.0,"dom_n_validos":1,"dom_n_total":1,"dom_completude":1.0,"dom_ocupados_n_validos":1,"dom_ocupados_n_total":1,"dom_ocupados_completude":1.0,"mulheres_n_validos":1,"mulheres_n_total":1,"mulheres_completude":1.0,"c0_4_n_validos":0,"c0_4_n_total":1,"c0_4_completude":0.0,"c5_9_n_validos":0,"c5_9_n_total":1,"c5_9_completude":0.0,"i60_69_n_validos":1,"i60_69_n_total":1,"i60_69_completude":1.0,"i70m_n_validos":0,"i70m_n_total":1,"i70m_completude":0.0,"indigenas_n_validos":1,"indigenas_n_total":1,"indigenas_completude":1.0,"pretos_pardos_n_validos":1,"pretos_pardos_n_total":1,"pretos_pardos_completude":1.0,"dom_agua_n_validos":1,"dom_agua_n_total":1,"dom_agua_completude":1.0,"dom_esgoto_n_validos":1,"dom_esgoto_n_total":1,"dom_esgoto_completude":1.0,"n_resp_n_validos":1,"n_resp_n_total":1,"n_resp_completude":1.0,"renda_resp_n_validos":1,"renda_resp_n_total":1,"renda_resp_completude":1.0,"dens_n_validos":1,"dens_n_total":1,"dens_completude":1.0,"status_borda_bacia":"total","metodo_area_bacia":"interseção geométrica em EPSG:5880","metodo_na_bacia":"ponto_representativo_setor_2022_within_bacia","municipio":"São Marcos","cod_mun":"4319000","mun_pct_na_bacia":100.0,"mun_pop_total":21084,"mun_pop_na_bacia":21084.0,"mun_ubs_iede":9,"mun_hospitais_iede":2,"mun_escolas_iede":20,"mun_bombeiros_iede":1,"mun_servicos_cobertura":"cadastro_IEDE_parcial_nao_inventario","mun_icm_faixa":"B","mun_icm_pontos":8,"mun_icm_prioritario":"não","mun_ubs_iede_status":"published","mun_hospitais_iede_status":"published","mun_escolas_iede_status":"published","mun_bombeiros_iede_status":"published"},"geometry":{"type":"Polygon","coordinates":[[[-51.050877399999926,-28.957923],[-51.04995,-28.96542289999996],[-51.05790849999994,-28.965592599999972],[-51.05789109999996,-28.966194499999965],[-51.05916459999998,-28.966411199999968],[-51.05952259999998,-28.96527639999993],[-51.06021349999997,-28.964442399999946],[-51.06040409999997,-28.963539399999938],[-51.05864409999998,-28.961313199999946],[-51.057190299999945,-28.960708699999927],[-51.056102099999976,-28.960719899999955],[-51.05471589999996,-28.959520799999947],[-51.05359509999994,-28.959301399999955],[-51.050877399999926,-28.957923]]]}},{"type":"Feature","properties":{"setor":"431900005000021","pop":105,"sigilo_pop":false,"dom":48,"sigilo_dom":0,"mulheres":58,"sigilo_mulheres":0,"c0_4":7,"sigilo_c0_4":0,"c5_9":6,"sigilo_c5_9":0,"i60_69":14,"sigilo_i60_69":0,"i70m":9,"sigilo_i70m":0,"indigenas":0,"sigilo_indigenas":0,"pretos_pardos":null,"sigilo_pretos_pardos":1,"dom_ocupados":41,"sigilo_dom_ocupados":0,"dom_agua":40,"sigilo_dom_agua":0,"dom_esgoto":23,"sigilo_dom_esgoto":0,"renda_resp":3639.02,"sigilo_renda_resp":0,"n_resp":41,"sigilo_n_resp":0,"dens":1563.3,"sigilo_dens":false,"na_bacia":1,"area_pct_bacia":100.0,"metodo_recorte_bacia":"ponto_representativo_setor_2022; area_pct_geometrica","pop_n_validos":1,"pop_n_total":1,"pop_completude":1.0,"dom_n_validos":1,"dom_n_total":1,"dom_completude":1.0,"dom_ocupados_n_validos":1,"dom_ocupados_n_total":1,"dom_ocupados_completude":1.0,"mulheres_n_validos":1,"mulheres_n_total":1,"mulheres_completude":1.0,"c0_4_n_validos":1,"c0_4_n_total":1,"c0_4_completude":1.0,"c5_9_n_validos":1,"c5_9_n_total":1,"c5_9_completude":1.0,"i60_69_n_validos":1,"i60_69_n_total":1,"i60_69_completude":1.0,"i70m_n_validos":1,"i70m_n_total":1,"i70m_completude":1.0,"indigenas_n_validos":1,"indigenas_n_total":1,"indigenas_completude":1.0,"pretos_pardos_n_validos":0,"pretos_pardos_n_total":1,"pretos_pardos_completude":0.0,"dom_agua_n_validos":1,"dom_agua_n_total":1,"dom_agua_completude":1.0,"dom_esgoto_n_validos":1,"dom_esgoto_n_total":1,"dom_esgoto_completude":1.0,"n_resp_n_validos":1,"n_resp_n_total":1,"n_resp_completude":1.0,"renda_resp_n_validos":1,"renda_resp_n_total":1,"renda_resp_completude":1.0,"dens_n_validos":1,"dens_n_total":1,"dens_completude":1.0,"status_borda_bacia":"total","metodo_area_bacia":"interseção geométrica em EPSG:5880","metodo_na_bacia":"ponto_representativo_setor_2022_within_bacia","municipio":"São Marcos","cod_mun":"4319000","mun_pct_na_bacia":100.0,"mun_pop_total":21084,"mun_pop_na_bacia":21084.0,"mun_ubs_iede":9,"mun_hospitais_iede":2,"mun_escolas_iede":20,"mun_bombeiros_iede":1,"mun_servicos_cobertura":"cadastro_IEDE_parcial_nao_inventario","mun_icm_faixa":"B","mun_icm_pontos":8,"mun_icm_prioritario":"não","mun_ubs_iede_status":"published","mun_hospitais_iede_status":"published","mun_escolas_iede_status":"published","mun_bombeiros_iede_status":"published"},"geometry":{"type":"Polygon","coordinates":[[[-51.052691599999946,-28.969090199999982],[-51.05249149999998,-28.97027809999997],[-51.051942,-28.971267],[-51.053368899999946,-28.971281299999937],[-51.053362799999945,-28.970767899999938],[-51.053584099999966,-28.97073019999994],[-51.05663279999993,-28.970821699999934],[-51.05693209999998,-28.969834499999937],[-51.05597149999994,-28.969906],[-51.05439829999995,-28.96908919999992],[-51.05342369999994,-28.96931079999997],[-51.052691599999946,-28.969090199999982]]]}},{"type":"Feature","properties":{"setor":"431900005000022","pop":102,"sigilo_pop":false,"dom":48,"sigilo_dom":0,"mulheres":52,"sigilo_mulheres":0,"c0_4":null,"sigilo_c0_4":1,"c5_9":null,"sigilo_c5_9":1,"i60_69":10,"sigilo_i60_69":0,"i70m":9,"sigilo_i70m":0,"indigenas":0,"sigilo_indigenas":0,"pretos_pardos":null,"sigilo_pretos_pardos":1,"dom_ocupados":38,"sigilo_dom_ocupados":0,"dom_agua":37,"sigilo_dom_agua":0,"dom_esgoto":38,"sigilo_dom_esgoto":0,"renda_resp":2306.47,"sigilo_renda_resp":0,"n_resp":38,"sigilo_n_resp":0,"dens":89.2,"sigilo_dens":false,"na_bacia":1,"area_pct_bacia":100.0,"metodo_recorte_bacia":"ponto_representativo_setor_2022; area_pct_geometrica","pop_n_validos":1,"pop_n_total":1,"pop_completude":1.0,"dom_n_validos":1,"dom_n_total":1,"dom_completude":1.0,"dom_ocupados_n_validos":1,"dom_ocupados_n_total":1,"dom_ocupados_completude":1.0,"mulheres_n_validos":1,"mulheres_n_total":1,"mulheres_completude":1.0,"c0_4_n_validos":0,"c0_4_n_total":1,"c0_4_completude":0.0,"c5_9_n_validos":0,"c5_9_n_total":1,"c5_9_completude":0.0,"i60_69_n_validos":1,"i60_69_n_total":1,"i60_69_completude":1.0,"i70m_n_validos":1,"i70m_n_total":1,"i70m_completude":1.0,"indigenas_n_validos":1,"indigenas_n_total":1,"indigenas_completude":1.0,"pretos_pardos_n_validos":0,"pretos_pardos_n_total":1,"pretos_pardos_completude":0.0,"dom_agua_n_validos":1,"dom_agua_n_total":1,"dom_agua_completude":1.0,"dom_esgoto_n_validos":1,"dom_esgoto_n_total":1,"dom_esgoto_completude":1.0,"n_resp_n_validos":1,"n_resp_n_total":1,"n_resp_completude":1.0,"renda_resp_n_validos":1,"renda_resp_n_total":1,"renda_resp_completude":1.0,"dens_n_validos":1,"dens_n_total":1,"dens_completude":1.0,"status_borda_bacia":"total","metodo_area_bacia":"interseção geométrica em EPSG:5880","metodo_na_bacia":"ponto_representativo_setor_2022_within_bacia","municipio":"São Marcos","cod_mun":"4319000","mun_pct_na_bacia":100.0,"mun_pop_total":21084,"mun_pop_na_bacia":21084.0,"mun_ubs_iede":9,"mun_hospitais_iede":2,"mun_escolas_iede":20,"mun_bombeiros_iede":1,"mun_servicos_cobertura":"cadastro_IEDE_parcial_nao_inventario","mun_icm_faixa":"B","mun_icm_pontos":8,"mun_icm_prioritario":"não","mun_ubs_iede_status":"published","mun_hospitais_iede_status":"published","mun_escolas_iede_status":"published","mun_bombeiros_iede_status":"published"},"geometry":{"type":"Polygon","coordinates":[[[-51.07984729999998,-28.944814899999976],[-51.082753,-28.944828],[-51.08272779999999,-28.944085399999942],[-51.08405779999998,-28.94326459999996],[-51.08479219999998,-28.941709699999937],[-51.08520819999995,-28.941537099999945],[-51.08751449999994,-28.941586499999964],[-51.094357799999955,-28.937709],[-51.09643729999994,-28.935692399999937],[-51.096163599999954,-28.935038299999974],[-51.094312,-28.934766699999958],[-51.09377079999996,-28.934318899999937],[-51.09379439999998,-28.933631199999976],[-51.094147199999945,-28.93318189999996],[-51.09588219999995,-28.93206439999994],[-51.096008799999936,-28.93099279999995],[-51.08935679999997,-28.930785],[-51.08926319999995,-28.936844899999976],[-51.079845099999936,-28.936638099999982],[-51.07984729999998,-28.944814899999976]]]}},{"type":"Feature","properties":{"setor":"431900005000023","pop":61,"sigilo_pop":false,"dom":29,"sigilo_dom":0,"mulheres":33,"sigilo_mulheres":0,"c0_4":null,"sigilo_c0_4":1,"c5_9":null,"sigilo_c5_9":1,"i60_69":null,"sigilo_i60_69":1,"i70m":8,"sigilo_i70m":0,"indigenas":0,"sigilo_indigenas":0,"pretos_pardos":5,"sigilo_pretos_pardos":0,"dom_ocupados":24,"sigilo_dom_ocupados":0,"dom_agua":24,"sigilo_dom_agua":0,"dom_esgoto":21,"sigilo_dom_esgoto":0,"renda_resp":1945.27,"sigilo_renda_resp":0,"n_resp":24,"sigilo_n_resp":0,"dens":80.5,"sigilo_dens":false,"na_bacia":1,"area_pct_bacia":100.0,"metodo_recorte_bacia":"ponto_representativo_setor_2022; area_pct_geometrica","pop_n_validos":1,"pop_n_total":1,"pop_completude":1.0,"dom_n_validos":1,"dom_n_total":1,"dom_completude":1.0,"dom_ocupados_n_validos":1,"dom_ocupados_n_total":1,"dom_ocupados_completude":1.0,"mulheres_n_validos":1,"mulheres_n_total":1,"mulheres_completude":1.0,"c0_4_n_validos":0,"c0_4_n_total":1,"c0_4_completude":0.0,"c5_9_n_validos":0,"c5_9_n_total":1,"c5_9_completude":0.0,"i60_69_n_validos":0,"i60_69_n_total":1,"i60_69_completude":0.0,"i70m_n_validos":1,"i70m_n_total":1,"i70m_completude":1.0,"indigenas_n_validos":1,"indigenas_n_total":1,"indigenas_completude":1.0,"pretos_pardos_n_validos":1,"pretos_pardos_n_total":1,"pretos_pardos_completude":1.0,"dom_agua_n_validos":1,"dom_agua_n_total":1,"dom_agua_completude":1.0,"dom_esgoto_n_validos":1,"dom_esgoto_n_total":1,"dom_esgoto_completude":1.0,"n_resp_n_validos":1,"n_resp_n_total":1,"n_resp_completude":1.0,"renda_resp_n_validos":1,"renda_resp_n_total":1,"renda_resp_completude":1.0,"dens_n_validos":1,"dens_n_total":1,"dens_completude":1.0,"status_borda_bacia":"total","metodo_area_bacia":"interseção geométrica em EPSG:5880","metodo_na_bacia":"ponto_representativo_setor_2022_within_bacia","municipio":"São Marcos","cod_mun":"4319000","mun_pct_na_bacia":100.0,"mun_pop_total":21084,"mun_pop_na_bacia":21084.0,"mun_ubs_iede":9,"mun_hospitais_iede":2,"mun_escolas_iede":20,"mun_bombeiros_iede":1,"mun_servicos_cobertura":"cadastro_IEDE_parcial_nao_inventario","mun_icm_faixa":"B","mun_icm_pontos":8,"mun_icm_prioritario":"não","mun_ubs_iede_status":"published","mun_hospitais_iede_status":"published","mun_escolas_iede_status":"published","mun_bombeiros_iede_status":"published"},"geometry":{"type":"Polygon","coordinates":[[[-51.082753,-28.944828],[-51.08618439999998,-28.94485479999996],[-51.09979,-28.93813589999996],[-51.09983569999997,-28.93177319999996],[-51.096008799999936,-28.93099279999995],[-51.09588219999995,-28.93206439999994],[-51.09435879999995,-28.932984699999967],[-51.09375549999998,-28.93380329999997],[-51.09377079999996,-28.934318899999937],[-51.094312,-28.934766699999958],[-51.096163599999954,-28.935038299999974],[-51.09643729999994,-28.935692399999937],[-51.09612529999998,-28.936157],[-51.09396789999994,-28.93800039999997],[-51.08777539999994,-28.941462699999928],[-51.08715269999993,-28.94168529999995],[-51.08520819999995,-28.941537099999945],[-51.08479219999998,-28.941709699999937],[-51.08405779999998,-28.94326459999996],[-51.08272779999999,-28.944085399999942],[-51.082753,-28.944828]]]}},{"type":"Feature","properties":{"setor":"431900005000024","pop":739,"sigilo_pop":false,"dom":267,"sigilo_dom":0,"mulheres":356,"sigilo_mulheres":0,"c0_4":36,"sigilo_c0_4":0,"c5_9":41,"sigilo_c5_9":0,"i60_69":55,"sigilo_i60_69":0,"i70m":29,"sigilo_i70m":0,"indigenas":0,"sigilo_indigenas":0,"pretos_pardos":162,"sigilo_pretos_pardos":0,"dom_ocupados":251,"sigilo_dom_ocupados":0,"dom_agua":251,"sigilo_dom_agua":0,"dom_esgoto":251,"sigilo_dom_esgoto":0,"renda_resp":2060.08,"sigilo_renda_resp":0,"n_resp":251,"sigilo_n_resp":0,"dens":1190.2,"sigilo_dens":false,"na_bacia":1,"area_pct_bacia":100.0,"metodo_recorte_bacia":"ponto_representativo_setor_2022; area_pct_geometrica","pop_n_validos":1,"pop_n_total":1,"pop_completude":1.0,"dom_n_validos":1,"dom_n_total":1,"dom_completude":1.0,"dom_ocupados_n_validos":1,"dom_ocupados_n_total":1,"dom_ocupados_completude":1.0,"mulheres_n_validos":1,"mulheres_n_total":1,"mulheres_completude":1.0,"c0_4_n_validos":1,"c0_4_n_total":1,"c0_4_completude":1.0,"c5_9_n_validos":1,"c5_9_n_total":1,"c5_9_completude":1.0,"i60_69_n_validos":1,"i60_69_n_total":1,"i60_69_completude":1.0,"i70m_n_validos":1,"i70m_n_total":1,"i70m_completude":1.0,"indigenas_n_validos":1,"indigenas_n_total":1,"indigenas_completude":1.0,"pretos_pardos_n_validos":1,"pretos_pardos_n_total":1,"pretos_pardos_completude":1.0,"dom_agua_n_validos":1,"dom_agua_n_total":1,"dom_agua_completude":1.0,"dom_esgoto_n_validos":1,"dom_esgoto_n_total":1,"dom_esgoto_completude":1.0,"n_resp_n_validos":1,"n_resp_n_total":1,"n_resp_completude":1.0,"renda_resp_n_validos":1,"renda_resp_n_total":1,"renda_resp_completude":1.0,"dens_n_validos":1,"dens_n_total":1,"dens_completude":1.0,"status_borda_bacia":"total","metodo_area_bacia":"interseção geométrica em EPSG:5880","metodo_na_bacia":"ponto_representativo_setor_2022_within_bacia","municipio":"São Marcos","cod_mun":"4319000","mun_pct_na_bacia":100.0,"mun_pop_total":21084,"mun_pop_na_bacia":21084.0,"mun_ubs_iede":9,"mun_hospitais_iede":2,"mun_escolas_iede":20,"mun_bombeiros_iede":1,"mun_servicos_cobertura":"cadastro_IEDE_parcial_nao_inventario","mun_icm_faixa":"B","mun_icm_pontos":8,"mun_icm_prioritario":"não","mun_ubs_iede_status":"published","mun_hospitais_iede_status":"published","mun_escolas_iede_status":"published","mun_bombeiros_iede_status":"published"},"geometry":{"type":"Polygon","coordinates":[[[-51.04207429999997,-28.958132899999953],[-51.04179819999996,-28.964806299999957],[-51.04324429999997,-28.96401219999995],[-51.043029399999966,-28.967574599999974],[-51.045536,-28.96766659999997],[-51.047163099999985,-28.968219699999963],[-51.04734479999996,-28.96555369999993],[-51.048558199999945,-28.965720599999926],[-51.04878639999998,-28.9653524],[-51.04995,-28.96542289999996],[-51.05056719999993,-28.960463399999977],[-51.04483509999994,-28.960186799999985],[-51.044939199999924,-28.958145],[-51.04207429999997,-28.958132899999953]]]}},{"type":"Feature","properties":{"setor":"431900005000027","pop":704,"sigilo_pop":false,"dom":275,"sigilo_dom":0,"mulheres":356,"sigilo_mulheres":0,"c0_4":47,"sigilo_c0_4":0,"c5_9":42,"sigilo_c5_9":0,"i60_69":71,"sigilo_i60_69":0,"i70m":32,"sigilo_i70m":0,"indigenas":0,"sigilo_indigenas":0,"pretos_pardos":158,"sigilo_pretos_pardos":0,"dom_ocupados":250,"sigilo_dom_ocupados":0,"dom_agua":242,"sigilo_dom_agua":0,"dom_esgoto":237,"sigilo_dom_esgoto":0,"renda_resp":2394.54,"sigilo_renda_resp":0,"n_resp":250,"sigilo_n_resp":0,"dens":1623.8,"sigilo_dens":false,"na_bacia":1,"area_pct_bacia":100.0,"metodo_recorte_bacia":"ponto_representativo_setor_2022; area_pct_geometrica","pop_n_validos":1,"pop_n_total":1,"pop_completude":1.0,"dom_n_validos":1,"dom_n_total":1,"dom_completude":1.0,"dom_ocupados_n_validos":1,"dom_ocupados_n_total":1,"dom_ocupados_completude":1.0,"mulheres_n_validos":1,"mulheres_n_total":1,"mulheres_completude":1.0,"c0_4_n_validos":1,"c0_4_n_total":1,"c0_4_completude":1.0,"c5_9_n_validos":1,"c5_9_n_total":1,"c5_9_completude":1.0,"i60_69_n_validos":1,"i60_69_n_total":1,"i60_69_completude":1.0,"i70m_n_validos":1,"i70m_n_total":1,"i70m_completude":1.0,"indigenas_n_validos":1,"indigenas_n_total":1,"indigenas_completude":1.0,"pretos_pardos_n_validos":1,"pretos_pardos_n_total":1,"pretos_pardos_completude":1.0,"dom_agua_n_validos":1,"dom_agua_n_total":1,"dom_agua_completude":1.0,"dom_esgoto_n_validos":1,"dom_esgoto_n_total":1,"dom_esgoto_completude":1.0,"n_resp_n_validos":1,"n_resp_n_total":1,"n_resp_completude":1.0,"renda_resp_n_validos":1,"renda_resp_n_total":1,"renda_resp_completude":1.0,"dens_n_validos":1,"dens_n_total":1,"dens_completude":1.0,"status_borda_bacia":"total","metodo_area_bacia":"interseção geométrica em EPSG:5880","metodo_na_bacia":"ponto_representativo_setor_2022_within_bacia","municipio":"São Marcos","cod_mun":"4319000","mun_pct_na_bacia":100.0,"mun_pop_total":21084,"mun_pop_na_bacia":21084.0,"mun_ubs_iede":9,"mun_hospitais_iede":2,"mun_escolas_iede":20,"mun_bombeiros_iede":1,"mun_servicos_cobertura":"cadastro_IEDE_parcial_nao_inventario","mun_icm_faixa":"B","mun_icm_pontos":8,"mun_icm_prioritario":"não","mun_ubs_iede_status":"published","mun_hospitais_iede_status":"published","mun_escolas_iede_status":"published","mun_bombeiros_iede_status":"published"},"geometry":{"type":"Polygon","coordinates":[[[-51.069493399999935,-28.977431699999944],[-51.069515399999936,-28.97836129999996],[-51.069924499999956,-28.978514899999936],[-51.0697684,-28.981862199999963],[-51.07292239999998,-28.981978499999965],[-51.07287359999999,-28.982395399999973],[-51.07372069999997,-28.98259009999998],[-51.08070379999999,-28.981977499999953],[-51.08069819999997,-28.979526099999916],[-51.07539109999993,-28.979325199999938],[-51.07543089999996,-28.97834589999996],[-51.07201329999997,-28.97714219999994],[-51.07201839999993,-28.97746269999994],[-51.069493399999935,-28.977431699999944]]]}},{"type":"Feature","properties":{"setor":"431900005000028","pop":142,"sigilo_pop":false,"dom":52,"sigilo_dom":0,"mulheres":74,"sigilo_mulheres":0,"c0_4":10,"sigilo_c0_4":0,"c5_9":11,"sigilo_c5_9":0,"i60_69":6,"sigilo_i60_69":0,"i70m":8,"sigilo_i70m":0,"indigenas":0,"sigilo_indigenas":0,"pretos_pardos":34,"sigilo_pretos_pardos":0,"dom_ocupados":51,"sigilo_dom_ocupados":0,"dom_agua":49,"sigilo_dom_agua":0,"dom_esgoto":28,"sigilo_dom_esgoto":0,"renda_resp":2683.86,"sigilo_renda_resp":0,"n_resp":51,"sigilo_n_resp":0,"dens":410.6,"sigilo_dens":false,"na_bacia":1,"area_pct_bacia":100.0,"metodo_recorte_bacia":"ponto_representativo_setor_2022; area_pct_geometrica","pop_n_validos":1,"pop_n_total":1,"pop_completude":1.0,"dom_n_validos":1,"dom_n_total":1,"dom_completude":1.0,"dom_ocupados_n_validos":1,"dom_ocupados_n_total":1,"dom_ocupados_completude":1.0,"mulheres_n_validos":1,"mulheres_n_total":1,"mulheres_completude":1.0,"c0_4_n_validos":1,"c0_4_n_total":1,"c0_4_completude":1.0,"c5_9_n_validos":1,"c5_9_n_total":1,"c5_9_completude":1.0,"i60_69_n_validos":1,"i60_69_n_total":1,"i60_69_completude":1.0,"i70m_n_validos":1,"i70m_n_total":1,"i70m_completude":1.0,"indigenas_n_validos":1,"indigenas_n_total":1,"indigenas_completude":1.0,"pretos_pardos_n_validos":1,"pretos_pardos_n_total":1,"pretos_pardos_completude":1.0,"dom_agua_n_validos":1,"dom_agua_n_total":1,"dom_agua_completude":1.0,"dom_esgoto_n_validos":1,"dom_esgoto_n_total":1,"dom_esgoto_completude":1.0,"n_resp_n_validos":1,"n_resp_n_total":1,"n_resp_completude":1.0,"renda_resp_n_validos":1,"renda_resp_n_total":1,"renda_resp_completude":1.0,"dens_n_validos":1,"dens_n_total":1,"dens_completude":1.0,"status_borda_bacia":"total","metodo_area_bacia":"interseção geométrica em EPSG:5880","metodo_na_bacia":"ponto_representativo_setor_2022_within_bacia","municipio":"São Marcos","cod_mun":"4319000","mun_pct_na_bacia":100.0,"mun_pop_total":21084,"mun_pop_na_bacia":21084.0,"mun_ubs_iede":9,"mun_hospitais_iede":2,"mun_escolas_iede":20,"mun_bombeiros_iede":1,"mun_servicos_cobertura":"cadastro_IEDE_parcial_nao_inventario","mun_icm_faixa":"B","mun_icm_pontos":8,"mun_icm_prioritario":"não","mun_ubs_iede_status":"published","mun_hospitais_iede_status":"published","mun_escolas_iede_status":"published","mun_bombeiros_iede_status":"published"},"geometry":{"type":"Polygon","coordinates":[[[-51.0696832,-28.985239299999936],[-51.07361819999995,-28.985307199999966],[-51.07818609999998,-28.984836899999948],[-51.08072669999996,-28.984838099999926],[-51.08070379999999,-28.981977499999953],[-51.07372069999997,-28.98259009999998],[-51.07287359999999,-28.982395399999973],[-51.07292239999998,-28.981978499999965],[-51.0697684,-28.981862199999963],[-51.0696832,-28.985239299999936]]]}},{"type":"Feature","properties":{"setor":"431900005000030","pop":284,"sigilo_pop":false,"dom":133,"sigilo_dom":0,"mulheres":137,"sigilo_mulheres":0,"c0_4":null,"sigilo_c0_4":1,"c5_9":12,"sigilo_c5_9":0,"i60_69":41,"sigilo_i60_69":0,"i70m":41,"sigilo_i70m":0,"indigenas":0,"sigilo_indigenas":0,"pretos_pardos":19,"sigilo_pretos_pardos":0,"dom_ocupados":104,"sigilo_dom_ocupados":0,"dom_agua":104,"sigilo_dom_agua":0,"dom_esgoto":104,"sigilo_dom_esgoto":0,"renda_resp":2278.61,"sigilo_renda_resp":0,"n_resp":104,"sigilo_n_resp":0,"dens":20.8,"sigilo_dens":false,"na_bacia":1,"area_pct_bacia":100.0,"metodo_recorte_bacia":"ponto_representativo_setor_2022; area_pct_geometrica","pop_n_validos":1,"pop_n_total":1,"pop_completude":1.0,"dom_n_validos":1,"dom_n_total":1,"dom_completude":1.0,"dom_ocupados_n_validos":1,"dom_ocupados_n_total":1,"dom_ocupados_completude":1.0,"mulheres_n_validos":1,"mulheres_n_total":1,"mulheres_completude":1.0,"c0_4_n_validos":0,"c0_4_n_total":1,"c0_4_completude":0.0,"c5_9_n_validos":1,"c5_9_n_total":1,"c5_9_completude":1.0,"i60_69_n_validos":1,"i60_69_n_total":1,"i60_69_completude":1.0,"i70m_n_validos":1,"i70m_n_total":1,"i70m_completude":1.0,"indigenas_n_validos":1,"indigenas_n_total":1,"indigenas_completude":1.0,"pretos_pardos_n_validos":1,"pretos_pardos_n_total":1,"pretos_pardos_completude":1.0,"dom_agua_n_validos":1,"dom_agua_n_total":1,"dom_agua_completude":1.0,"dom_esgoto_n_validos":1,"dom_esgoto_n_total":1,"dom_esgoto_completude":1.0,"n_resp_n_validos":1,"n_resp_n_total":1,"n_resp_completude":1.0,"renda_resp_n_validos":1,"renda_resp_n_total":1,"renda_resp_completude":1.0,"dens_n_validos":1,"dens_n_total":1,"dens_completude":1.0,"status_borda_bacia":"total","metodo_area_bacia":"interseção geométrica em EPSG:5880","metodo_na_bacia":"ponto_representativo_setor_2022_within_bacia","municipio":"São Marcos","cod_mun":"4319000","mun_pct_na_bacia":100.0,"mun_pop_total":21084,"mun_pop_na_bacia":21084.0,"mun_ubs_iede":9,"mun_hospitais_iede":2,"mun_escolas_iede":20,"mun_bombeiros_iede":1,"mun_servicos_cobertura":"cadastro_IEDE_parcial_nao_inventario","mun_icm_faixa":"B","mun_icm_pontos":8,"mun_icm_prioritario":"não","mun_ubs_iede_status":"published","mun_hospitais_iede_status":"published","mun_escolas_iede_status":"published","mun_bombeiros_iede_status":"published"},"geometry":{"type":"Polygon","coordinates":[[[-51.050877399999926,-28.957923],[-51.059112199999966,-28.95810409999996],[-51.059240099999954,-28.952592699999965],[-51.06777979999998,-28.952603799999956],[-51.067782499999964,-28.94668149999995],[-51.079835799999955,-28.94682929999993],[-51.079845099999936,-28.936638099999982],[-51.08926319999995,-28.936844899999976],[-51.08935679999997,-28.930785],[-51.096008799999936,-28.93099279999995],[-51.09617369999995,-28.93039269999997],[-51.09820679999995,-28.928528],[-51.09829739999998,-28.928124199999964],[-51.097960899999975,-28.92749119999996],[-51.094875599999966,-28.925688899999948],[-51.09452059999995,-28.925086799999967],[-51.093323099999964,-28.924535399999968],[-51.08947049999995,-28.92439279999996],[-51.08664719999996,-28.921832699999985],[-51.08462609999998,-28.920944299999963],[-51.083651799999984,-28.92121549999996],[-51.08332559999997,-28.92072689999997],[-51.08358039999997,-28.92032059999996],[-51.083363599999984,-28.91991609999996],[-51.08160469999996,-28.918701099999964],[-51.081167,-28.918051599999952],[-51.08265489999997,-28.91510709999995],[-51.0824406,-28.914230699999962],[-51.08239839999993,-28.91054049999997],[-51.08208509999998,-28.910091199999957],[-51.081835799999965,-28.908325699999985],[-51.081426499999964,-28.90782779999995],[-51.08122329999998,-28.90649579999995],[-51.080181,-28.906003099999957],[-51.079506099999946,-28.904251599999952],[-51.076554699999974,-28.903962],[-51.07400069999994,-28.90436],[-51.073221699999976,-28.904838799999936],[-51.073076699999945,-28.905212],[-51.07324149999994,-28.90774009999997],[-51.07191019999994,-28.90956039999998],[-51.07127,-28.909985899999974],[-51.068767899999955,-28.910512],[-51.06684819999999,-28.910288399999967],[-51.06512079999993,-28.910905399999933],[-51.06475769999997,-28.911281099999936],[-51.064925199999955,-28.91243469999994],[-51.06553359999998,-28.912832799999936],[-51.066378499999985,-28.91429889999995],[-51.06693139999993,-28.91466419999994],[-51.067928299999956,-28.914768599999938],[-51.06818729999998,-28.915037399999957],[-51.06775769999996,-28.916119],[-51.06699659999999,-28.916872],[-51.064880199999955,-28.917038899999962],[-51.06459049999995,-28.917368899999932],[-51.06590149999994,-28.918600799999982],[-51.06632719999994,-28.91951139999997],[-51.065507199999956,-28.920433299999953],[-51.06545879999993,-28.92220809999997],[-51.067571,-28.924208799999974],[-51.067697199999934,-28.92530629999992],[-51.06738939999997,-28.92599739999998],[-51.06915859999998,-28.927803399999956],[-51.06942589999995,-28.928855399999968],[-51.07009789999995,-28.929776299999947],[-51.069796799999956,-28.930180799999953],[-51.06920549999995,-28.930430799999954],[-51.06846459999997,-28.930369699999968],[-51.068189299999965,-28.93062719999995],[-51.06664519999999,-28.930474099999966],[-51.06568029999994,-28.929664899999977],[-51.06461349999996,-28.92919209999996],[-51.06393479999997,-28.92824679999995],[-51.062983,-28.92778689999993],[-51.06130049999996,-28.927642299999945],[-51.05896039999993,-28.927009499999933],[-51.05715659999998,-28.926113599999944],[-51.05487549999999,-28.925346499999932],[-51.05399469999997,-28.924746],[-51.05209659999998,-28.92489019999993],[-51.05111709999994,-28.92464669999998],[-51.049500799999976,-28.92493119999994],[-51.048184799999945,-28.924897399999974],[-51.04718419999995,-28.92534],[-51.04615289999998,-28.925363899999972],[-51.046249099999955,-28.925974199999928],[-51.04759519999993,-28.927118499999942],[-51.04821849999997,-28.927955899999976],[-51.05013119999996,-28.92913049999992],[-51.051749499999964,-28.9306],[-51.052737,-28.933016],[-51.052289599999945,-28.933621099999986],[-51.05210939999995,-28.934563799999978],[-51.051593899999936,-28.934732699999977],[-51.05008859999998,-28.934498499999957],[-51.04989609999996,-28.93470269999994],[-51.05013759999998,-28.936577199999935],[-51.050773,-28.93791879999998],[-51.04888429999994,-28.93852819999995],[-51.04827089999998,-28.94021229999992],[-51.047927,-28.942155099999976],[-51.04857219999997,-28.944790599999976],[-51.04847689999997,-28.945424699999933],[-51.04792329999998,-28.946265399999962],[-51.04795709999996,-28.94665459999991],[-51.04888959999994,-28.949178599999982],[-51.048842399999955,-28.951580599999943],[-51.04793659999996,-28.95294959999996],[-51.04757519999998,-28.955828599999965],[-51.047905199999946,-28.956401599999946],[-51.048698,-28.957016],[-51.050877399999926,-28.957923]]]}},{"type":"Feature","properties":{"setor":"431900005000031","pop":121,"sigilo_pop":false,"dom":83,"sigilo_dom":0,"mulheres":59,"sigilo_mulheres":0,"c0_4":null,"sigilo_c0_4":1,"c5_9":8,"sigilo_c5_9":0,"i60_69":20,"sigilo_i60_69":0,"i70m":24,"sigilo_i70m":0,"indigenas":0,"sigilo_indigenas":0,"pretos_pardos":null,"sigilo_pretos_pardos":1,"dom_ocupados":48,"sigilo_dom_ocupados":0,"dom_agua":5,"sigilo_dom_agua":0,"dom_esgoto":3,"sigilo_dom_esgoto":0,"renda_resp":2451.32,"sigilo_renda_resp":0,"n_resp":48,"sigilo_n_resp":0,"dens":9.9,"sigilo_dens":false,"na_bacia":1,"area_pct_bacia":100.0,"metodo_recorte_bacia":"ponto_representativo_setor_2022; area_pct_geometrica","pop_n_validos":1,"pop_n_total":1,"pop_completude":1.0,"dom_n_validos":1,"dom_n_total":1,"dom_completude":1.0,"dom_ocupados_n_validos":1,"dom_ocupados_n_total":1,"dom_ocupados_completude":1.0,"mulheres_n_validos":1,"mulheres_n_total":1,"mulheres_completude":1.0,"c0_4_n_validos":0,"c0_4_n_total":1,"c0_4_completude":0.0,"c5_9_n_validos":1,"c5_9_n_total":1,"c5_9_completude":1.0,"i60_69_n_validos":1,"i60_69_n_total":1,"i60_69_completude":1.0,"i70m_n_validos":1,"i70m_n_total":1,"i70m_completude":1.0,"indigenas_n_validos":1,"indigenas_n_total":1,"indigenas_completude":1.0,"pretos_pardos_n_validos":0,"pretos_pardos_n_total":1,"pretos_pardos_completude":0.0,"dom_agua_n_validos":1,"dom_agua_n_total":1,"dom_agua_completude":1.0,"dom_esgoto_n_validos":1,"dom_esgoto_n_total":1,"dom_esgoto_completude":1.0,"n_resp_n_validos":1,"n_resp_n_total":1,"n_resp_completude":1.0,"renda_resp_n_validos":1,"renda_resp_n_total":1,"renda_resp_completude":1.0,"dens_n_validos":1,"dens_n_total":1,"dens_completude":1.0,"status_borda_bacia":"total","metodo_area_bacia":"interseção geométrica em EPSG:5880","metodo_na_bacia":"ponto_representativo_setor_2022_within_bacia","municipio":"São Marcos","cod_mun":"4319000","mun_pct_na_bacia":100.0,"mun_pop_total":21084,"mun_pop_na_bacia":21084.0,"mun_ubs_iede":9,"mun_hospitais_iede":2,"mun_escolas_iede":20,"mun_bombeiros_iede":1,"mun_servicos_cobertura":"cadastro_IEDE_parcial_nao_inventario","mun_icm_faixa":"B","mun_icm_pontos":8,"mun_icm_prioritario":"não","mun_ubs_iede_status":"published","mun_hospitais_iede_status":"published","mun_escolas_iede_status":"published","mun_bombeiros_iede_status":"published"},"geometry":{"type":"Polygon","coordinates":[[[-51.03152929999994,-28.92778469999997],[-51.03119259999994,-28.92855019999996],[-51.031772399999966,-28.93121359999999],[-51.03522229999999,-28.93332469999996],[-51.03498029999997,-28.93403949999998],[-51.034495099999965,-28.934349799999946],[-51.03404629999995,-28.935301399999968],[-51.034410099999945,-28.937935499999973],[-51.034060899999986,-28.939095599999966],[-51.034099,-28.940063299999963],[-51.03335389999995,-28.940883899999967],[-51.03323279999994,-28.94182979999993],[-51.03450129999994,-28.94481],[-51.03525639999998,-28.945746299999936],[-51.03630049999998,-28.947803299999975],[-51.034051,-28.94786579999994],[-51.03306119999996,-28.94872889999993],[-51.03172689999997,-28.949066599999977],[-51.03160069999995,-28.948254299999974],[-51.030944899999945,-28.94751079999997],[-51.02819689999995,-28.94739569999997],[-51.02747109999995,-28.948219599999963],[-51.02637669999996,-28.94868179999997],[-51.02571289999997,-28.949323699999972],[-51.02534819999993,-28.950612799999945],[-51.026606199999954,-28.950958599999982],[-51.02739749999995,-28.95173339999996],[-51.025405,-28.95436759999997],[-51.025458899999926,-28.95520969999995],[-51.026527,-28.956208],[-51.026945299999966,-28.957464],[-51.026335899999935,-28.958672699999962],[-51.025981,-28.962665],[-51.024998299999936,-28.962872899999976],[-51.02722229999994,-28.96444519999995],[-51.02762569999993,-28.965799],[-51.03494859999995,-28.96639739999994],[-51.035105599999945,-28.96269409999996],[-51.041865,-28.962753399999947],[-51.04207429999997,-28.958132899999953],[-51.044939199999924,-28.958145],[-51.04483509999994,-28.960186799999985],[-51.05056719999993,-28.960463399999977],[-51.050877399999926,-28.957923],[-51.048698,-28.957016],[-51.047905199999946,-28.956401599999946],[-51.04757519999998,-28.955828599999965],[-51.04793659999996,-28.95294959999996],[-51.048842399999955,-28.951580599999943],[-51.04888959999994,-28.949178599999982],[-51.04795709999996,-28.94665459999991],[-51.04792329999998,-28.946265399999962],[-51.04847689999997,-28.945424699999933],[-51.04857219999997,-28.944790599999976],[-51.047927,-28.942155099999976],[-51.04827089999998,-28.94021229999992],[-51.04888429999994,-28.93852819999995],[-51.050773,-28.93791879999998],[-51.05013759999998,-28.936577199999935],[-51.04989609999996,-28.93470269999994],[-51.05008859999998,-28.934498499999957],[-51.051593899999936,-28.934732699999977],[-51.05210939999995,-28.934563799999978],[-51.052289599999945,-28.933621099999986],[-51.052737,-28.933016],[-51.051749499999964,-28.9306],[-51.05013119999996,-28.92913049999992],[-51.04821849999997,-28.927955899999976],[-51.04759519999993,-28.927118499999942],[-51.046249099999955,-28.925974199999928],[-51.04615289999998,-28.925363899999972],[-51.04718419999995,-28.92534],[-51.048184799999945,-28.924897399999974],[-51.049500799999976,-28.92493119999994],[-51.05111709999994,-28.92464669999998],[-51.05209659999998,-28.92489019999993],[-51.05399469999997,-28.924746],[-51.05487549999999,-28.925346499999932],[-51.05715659999998,-28.926113599999944],[-51.05896039999993,-28.927009499999933],[-51.06130049999996,-28.927642299999945],[-51.062983,-28.92778689999993],[-51.06393479999997,-28.92824679999995],[-51.06461349999996,-28.92919209999996],[-51.06568029999994,-28.929664899999977],[-51.06664519999999,-28.930474099999966],[-51.068189299999965,-28.93062719999995],[-51.06846459999997,-28.930369699999968],[-51.06920549999995,-28.930430799999954],[-51.069796799999956,-28.930180799999953],[-51.07009789999995,-28.929776299999947],[-51.06942589999995,-28.928855399999968],[-51.06915859999998,-28.927803399999956],[-51.06738939999997,-28.92599739999998],[-51.067697199999934,-28.92530629999992],[-51.067571,-28.924208799999974],[-51.06545879999993,-28.92220809999997],[-51.065507199999956,-28.920433299999953],[-51.06632719999994,-28.91951139999997],[-51.06590149999994,-28.918600799999982],[-51.06459049999995,-28.917368899999932],[-51.064880199999955,-28.917038899999962],[-51.06699659999999,-28.916872],[-51.06775769999996,-28.916119],[-51.06818729999998,-28.915037399999957],[-51.067928299999956,-28.914768599999938],[-51.06693139999993,-28.91466419999994],[-51.066378499999985,-28.91429889999995],[-51.06553359999998,-28.912832799999936],[-51.064925199999955,-28.91243469999994],[-51.06475769999997,-28.911281099999936],[-51.06512079999993,-28.910905399999933],[-51.06684819999999,-28.910288399999967],[-51.068767899999955,-28.910512],[-51.07127,-28.909985899999974],[-51.07191019999994,-28.90956039999998],[-51.07324149999994,-28.90774009999997],[-51.073076699999945,-28.905212],[-51.073221699999976,-28.904838799999936],[-51.07400069999994,-28.90436],[-51.076554699999974,-28.903962],[-51.079506099999946,-28.904251599999952],[-51.080181,-28.906003099999957],[-51.08058249999994,-28.90616159999996],[-51.08021069999995,-28.903091399999926],[-51.07992889999997,-28.90236239999996],[-51.07902569999994,-28.902226799999937],[-51.07850459999998,-28.901853799999973],[-51.078297,-28.901372799999933],[-51.07734089999997,-28.901085899999934],[-51.07745479999994,-28.900322399999936],[-51.076211099999966,-28.89842],[-51.07522659999995,-28.897975599999928],[-51.074441099999945,-28.897962],[-51.073393899999985,-28.89757239999994],[-51.07333239999998,-28.896855899999935],[-51.07276869999998,-28.896276],[-51.07160479999994,-28.895856199999972],[-51.07088059999995,-28.895156199999974],[-51.070771199999974,-28.895913899999975],[-51.067565,-28.899384899999973],[-51.062223499999966,-28.90339169999993],[-51.06369749999994,-28.905862699999936],[-51.059377599999955,-28.907928799999986],[-51.05921479999996,-28.909951099999947],[-51.06024249999996,-28.912790199999954],[-51.05539379999993,-28.917834299999974],[-51.04615959999996,-28.919392199999947],[-51.04136049999994,-28.923303599999937],[-51.039089399999966,-28.92301209999993],[-51.03650759999994,-28.92152449999997],[-51.03540429999998,-28.924425899999946],[-51.03414979999997,-28.925248499999952],[-51.031632299999956,-28.923773099999945],[-51.03041489999998,-28.923944599999974],[-51.03152929999994,-28.92778469999997]]]}},{"type":"Feature","properties":{"setor":"431900005000032","pop":269,"sigilo_pop":false,"dom":202,"sigilo_dom":0,"mulheres":125,"sigilo_mulheres":0,"c0_4":15,"sigilo_c0_4":0,"c5_9":15,"sigilo_c5_9":0,"i60_69":39,"sigilo_i60_69":0,"i70m":31,"sigilo_i70m":0,"indigenas":0,"sigilo_indigenas":0,"pretos_pardos":40,"sigilo_pretos_pardos":0,"dom_ocupados":109,"sigilo_dom_ocupados":0,"dom_agua":0,"sigilo_dom_agua":0,"dom_esgoto":0,"sigilo_dom_esgoto":0,"renda_resp":2762.61,"sigilo_renda_resp":0,"n_resp":109,"sigilo_n_resp":0,"dens":5.3,"sigilo_dens":false,"na_bacia":1,"area_pct_bacia":100.0,"metodo_recorte_bacia":"ponto_representativo_setor_2022; area_pct_geometrica","pop_n_validos":1,"pop_n_total":1,"pop_completude":1.0,"dom_n_validos":1,"dom_n_total":1,"dom_completude":1.0,"dom_ocupados_n_validos":1,"dom_ocupados_n_total":1,"dom_ocupados_completude":1.0,"mulheres_n_validos":1,"mulheres_n_total":1,"mulheres_completude":1.0,"c0_4_n_validos":1,"c0_4_n_total":1,"c0_4_completude":1.0,"c5_9_n_validos":1,"c5_9_n_total":1,"c5_9_completude":1.0,"i60_69_n_validos":1,"i60_69_n_total":1,"i60_69_completude":1.0,"i70m_n_validos":1,"i70m_n_total":1,"i70m_completude":1.0,"indigenas_n_validos":1,"indigenas_n_total":1,"indigenas_completude":1.0,"pretos_pardos_n_validos":1,"pretos_pardos_n_total":1,"pretos_pardos_completude":1.0,"dom_agua_n_validos":1,"dom_agua_n_total":1,"dom_agua_completude":1.0,"dom_esgoto_n_validos":1,"dom_esgoto_n_total":1,"dom_esgoto_completude":1.0,"n_resp_n_validos":1,"n_resp_n_total":1,"n_resp_completude":1.0,"renda_resp_n_validos":1,"renda_resp_n_total":1,"renda_resp_completude":1.0,"dens_n_validos":1,"dens_n_total":1,"dens_completude":1.0,"status_borda_bacia":"total","metodo_area_bacia":"interseção geométrica em EPSG:5880","metodo_na_bacia":"ponto_representativo_setor_2022_within_bacia","municipio":"São Marcos","cod_mun":"4319000","mun_pct_na_bacia":100.0,"mun_pop_total":21084,"mun_pop_na_bacia":21084.0,"mun_ubs_iede":9,"mun_hospitais_iede":2,"mun_escolas_iede":20,"mun_bombeiros_iede":1,"mun_servicos_cobertura":"cadastro_IEDE_parcial_nao_inventario","mun_icm_faixa":"B","mun_icm_pontos":8,"mun_icm_prioritario":"não","mun_ubs_iede_status":"published","mun_hospitais_iede_status":"published","mun_escolas_iede_status":"published","mun_bombeiros_iede_status":"published"},"geometry":{"type":"Polygon","coordinates":[[[-50.995512899999945,-28.94079779999992],[-50.99131909999994,-28.942978],[-50.98907869999993,-28.94256909999997],[-50.98607569999996,-28.946386],[-50.9844662,-28.945204899999954],[-50.97877269999998,-28.945902299999947],[-50.975924,-28.94775059999995],[-50.974508499999956,-28.94992049999996],[-50.9720559,-28.950945399999966],[-50.96883469999995,-28.95574049999993],[-50.96265139999997,-28.95730429999998],[-50.95977879999998,-28.960577899999972],[-50.95747839999996,-28.96098579999994],[-50.95683309999998,-28.96462429999996],[-50.95409529999994,-28.96776389999997],[-50.95340919999995,-28.975416099999947],[-50.951591699999945,-28.97897579999994],[-50.947298599999954,-28.978576499999974],[-50.946127099999956,-28.98096329999993],[-50.94394649999998,-28.981469199999935],[-50.943674699999974,-28.986170899999934],[-50.94105729999995,-28.988115599999954],[-50.940469099999966,-28.990138899999977],[-50.93874339999997,-28.99216059999997],[-50.937184199999926,-28.99563569999998],[-50.93728189999996,-28.999216199999978],[-50.934751,-29.000024899999964],[-50.932689,-28.99973],[-50.931459,-29.000530499999968],[-50.929812,-29.000227899999985],[-50.926549799999975,-29.001288399999964],[-50.92583289999993,-29.00254679999995],[-50.921817199999964,-29.00359909999998],[-50.922032799999954,-29.005954299999924],[-50.92440209999995,-29.009218899999944],[-50.924814699999956,-29.012029399999957],[-50.923810199999934,-29.014672299999976],[-50.92458559999995,-29.015949499999973],[-50.92421059999999,-29.017169699999958],[-50.91802289999998,-29.023327099999953],[-50.91856669999998,-29.025379699999977],[-50.920193299999944,-29.025722599999924],[-50.92203889999996,-29.025610699999955],[-50.92299219999995,-29.02463],[-50.930731,-29.024170399999942],[-50.93378479999996,-29.022887699999945],[-50.937059,-29.023736799999934],[-50.93772209999998,-29.022495099999954],[-50.94124659999994,-29.02105439999996],[-50.94363009999995,-29.018539199999964],[-50.94766589999995,-29.019012199999963],[-50.94839769999998,-29.017524099999942],[-50.95413479999997,-29.014712399999944],[-50.95844159999996,-29.015151499999938],[-50.962008099999935,-29.012503099999947],[-50.96400189999997,-29.013279299999958],[-50.964590199999975,-29.01492979999996],[-50.965742299999924,-29.014541099999967],[-50.96730319999995,-29.015306599999978],[-50.967662,-29.013641399999983],[-50.96977719999995,-29.01166859999995],[-50.971215,-29.013065099999945],[-50.97587509999993,-29.014661099999955],[-50.98088609999997,-29.01792559999996],[-50.981734199999956,-29.020291399999966],[-50.98331,-29.021151699999965],[-50.985756199999976,-29.025382599999947],[-50.98968759999997,-29.022532399999935],[-50.99351139999994,-29.023989199999956],[-50.99379669999997,-28.98352139999997],[-50.99343539999995,-28.98346129999993],[-50.99278859999998,-28.982174399999952],[-50.98698779999995,-28.968739099999947],[-50.99008189999995,-28.96851669999995],[-50.9935177,-28.968664399999966],[-50.99573209999994,-28.968425499999963],[-50.99888039999996,-28.968756199999966],[-51.000149299999975,-28.968308],[-51.00163829999997,-28.968358799999976],[-51.00290489999998,-28.968536199999967],[-51.00684439999998,-28.97033],[-51.011913399999976,-28.971345899999946],[-51.01394409999995,-28.969993099999957],[-51.015540699999974,-28.969890299999964],[-51.01800209999994,-28.968912199999984],[-51.01871039999998,-28.968424],[-51.020204099999944,-28.968143099999963],[-51.022737899999974,-28.966053799999948],[-51.02530769999998,-28.96566409999997],[-51.02762569999993,-28.965799],[-51.02722229999994,-28.96444519999995],[-51.024998299999936,-28.962872899999976],[-51.025981,-28.962665],[-51.026335899999935,-28.958672699999962],[-51.026945299999966,-28.957464],[-51.026527,-28.956208],[-51.025458899999926,-28.95520969999995],[-51.025405,-28.95436759999997],[-51.02739749999995,-28.95173339999996],[-51.026606199999954,-28.950958599999982],[-51.02534819999993,-28.950612799999945],[-51.02550009999994,-28.949841],[-51.025866,-28.949134699999945],[-51.02668819999997,-28.948488599999962],[-51.02747109999995,-28.948219599999963],[-51.02801229999994,-28.94743039999997],[-51.030944899999945,-28.94751079999997],[-51.03160069999995,-28.948254299999974],[-51.03172689999997,-28.949066599999977],[-51.03306119999996,-28.94872889999993],[-51.034051,-28.94786579999994],[-51.03630049999998,-28.947803299999975],[-51.03525639999998,-28.945746299999936],[-51.03450129999994,-28.94481],[-51.03323279999994,-28.94182979999993],[-51.03335389999995,-28.940883899999967],[-51.034099,-28.940063299999963],[-51.034060899999986,-28.939095599999966],[-51.034410099999945,-28.937935499999973],[-51.03404629999995,-28.935301399999968],[-51.034495099999965,-28.934349799999946],[-51.03498029999997,-28.93403949999998],[-51.03522229999999,-28.93332469999996],[-51.031772399999966,-28.93121359999999],[-51.03119259999994,-28.92855019999996],[-51.03152929999994,-28.92778469999997],[-51.03083589999994,-28.928607899999957],[-51.02840489999995,-28.927981799999937],[-51.027048,-28.929947099999936],[-51.02476579999996,-28.929354],[-51.02244029999997,-28.930747],[-51.02041509999998,-28.930065699999936],[-51.01669869999996,-28.93147919999996],[-51.01475319999997,-28.93528319999995],[-51.01218809999994,-28.934751199999933],[-51.00931459999999,-28.935496199999935],[-51.00337909999997,-28.933864],[-51.00304179999995,-28.934354199999973],[-51.00436739999998,-28.935563],[-51.006075099999975,-28.936153599999948],[-51.00572839999995,-28.937222399999936],[-51.00219959999998,-28.937698399999928],[-50.998622799999964,-28.940158499999935],[-50.99810789999998,-28.941396599999962],[-50.995512899999945,-28.94079779999992]]]}},{"type":"Feature","properties":{"setor":"431900005000033","pop":221,"sigilo_pop":false,"dom":158,"sigilo_dom":0,"mulheres":109,"sigilo_mulheres":0,"c0_4":10,"sigilo_c0_4":0,"c5_9":18,"sigilo_c5_9":0,"i60_69":19,"sigilo_i60_69":0,"i70m":25,"sigilo_i70m":0,"indigenas":0,"sigilo_indigenas":0,"pretos_pardos":22,"sigilo_pretos_pardos":0,"dom_ocupados":87,"sigilo_dom_ocupados":0,"dom_agua":5,"sigilo_dom_agua":0,"dom_esgoto":23,"sigilo_dom_esgoto":0,"renda_resp":2691.11,"sigilo_renda_resp":0,"n_resp":87,"sigilo_n_resp":0,"dens":16.7,"sigilo_dens":false,"na_bacia":1,"area_pct_bacia":100.0,"metodo_recorte_bacia":"ponto_representativo_setor_2022; area_pct_geometrica","pop_n_validos":1,"pop_n_total":1,"pop_completude":1.0,"dom_n_validos":1,"dom_n_total":1,"dom_completude":1.0,"dom_ocupados_n_validos":1,"dom_ocupados_n_total":1,"dom_ocupados_completude":1.0,"mulheres_n_validos":1,"mulheres_n_total":1,"mulheres_completude":1.0,"c0_4_n_validos":1,"c0_4_n_total":1,"c0_4_completude":1.0,"c5_9_n_validos":1,"c5_9_n_total":1,"c5_9_completude":1.0,"i60_69_n_validos":1,"i60_69_n_total":1,"i60_69_completude":1.0,"i70m_n_validos":1,"i70m_n_total":1,"i70m_completude":1.0,"indigenas_n_validos":1,"indigenas_n_total":1,"indigenas_completude":1.0,"pretos_pardos_n_validos":1,"pretos_pardos_n_total":1,"pretos_pardos_completude":1.0,"dom_agua_n_validos":1,"dom_agua_n_total":1,"dom_agua_completude":1.0,"dom_esgoto_n_validos":1,"dom_esgoto_n_total":1,"dom_esgoto_completude":1.0,"n_resp_n_validos":1,"n_resp_n_total":1,"n_resp_completude":1.0,"renda_resp_n_validos":1,"renda_resp_n_total":1,"renda_resp_completude":1.0,"dens_n_validos":1,"dens_n_total":1,"dens_completude":1.0,"status_borda_bacia":"total","metodo_area_bacia":"interseção geométrica em EPSG:5880","metodo_na_bacia":"ponto_representativo_setor_2022_within_bacia","municipio":"São Marcos","cod_mun":"4319000","mun_pct_na_bacia":100.0,"mun_pop_total":21084,"mun_pop_na_bacia":21084.0,"mun_ubs_iede":9,"mun_hospitais_iede":2,"mun_escolas_iede":20,"mun_bombeiros_iede":1,"mun_servicos_cobertura":"cadastro_IEDE_parcial_nao_inventario","mun_icm_faixa":"B","mun_icm_pontos":8,"mun_icm_prioritario":"não","mun_ubs_iede_status":"published","mun_hospitais_iede_status":"published","mun_escolas_iede_status":"published","mun_bombeiros_iede_status":"published"},"geometry":{"type":"Polygon","coordinates":[[[-50.99343539999995,-28.98346129999993],[-50.99486219999994,-28.98334149999994],[-50.99613679999994,-28.98357229999993],[-50.99736849999994,-28.9827021],[-50.99885559999996,-28.98450729999997],[-50.99929509999998,-28.98559349999994],[-51.002925599999976,-28.986733299999965],[-51.003424,-28.987790199999942],[-51.004423799999984,-28.988351699999942],[-51.00529459999996,-28.989454499999972],[-51.006046899999944,-28.989818],[-51.00987169999997,-28.989730799999954],[-51.010682799999984,-28.98946059999998],[-51.011319799999974,-28.98891989999992],[-51.012751599999945,-28.98840049999996],[-51.01312569999994,-28.98845819999997],[-51.0135284,-28.988166499999974],[-51.015295299999934,-28.988794],[-51.015570199999964,-28.988466299999967],[-51.01572069999998,-28.98748819999995],[-51.01493329999994,-28.986430599999945],[-51.01516039999996,-28.98603189999994],[-51.015151099999976,-28.98466259999997],[-51.01726739999998,-28.98369319999994],[-51.02134359999996,-28.984385199999966],[-51.023044699999964,-28.98543669999997],[-51.024524399999954,-28.985044099999985],[-51.02584439999998,-28.985757499999966],[-51.026546199999984,-28.985763299999967],[-51.02758989999996,-28.98540779999996],[-51.03127709999996,-28.986570099999945],[-51.03213039999997,-28.986645199999934],[-51.032849099999964,-28.987098799999956],[-51.03374669999993,-28.987166599999973],[-51.03597709999997,-28.98798679999993],[-51.037480199999955,-28.98875609999992],[-51.03809389999998,-28.98991579999994],[-51.03933439999997,-28.991255499999955],[-51.04088489999997,-28.992411399999988],[-51.041232599999944,-28.993943399999974],[-51.041809799999946,-28.994534199999975],[-51.04231039999996,-28.99695349999996],[-51.04328229999994,-28.998160399999957],[-51.04365359999996,-28.99837059999993],[-51.047913,-28.998869199999948],[-51.04964129999997,-28.99952429999996],[-51.051673499999936,-28.99980129999994],[-51.05303269999997,-28.998532499999964],[-51.05376159999997,-28.997164499999943],[-51.054491,-28.996544],[-51.054558199999974,-28.996144799999954],[-51.05563879999995,-28.99567029999996],[-51.05516509999995,-28.994495499999974],[-51.05522469999995,-28.99407529999996],[-51.05699009999994,-28.99131249999994],[-51.05723139999998,-28.98665209999995],[-51.05796229999998,-28.986045],[-51.05732439999998,-28.985105599999937],[-51.057303899999965,-28.982016],[-51.05707909999995,-28.981830599999963],[-51.05332419999997,-28.981720599999946],[-51.053464,-28.978040399999937],[-51.049692799999946,-28.977968899999947],[-51.04972289999995,-28.977156499999975],[-51.046606,-28.978160199999937],[-51.04501449999998,-28.978117699999927],[-51.043734,-28.978453199999933],[-51.042990299999985,-28.979301599999925],[-51.04251929999998,-28.97076769999995],[-51.034801699999946,-28.97067049999998],[-51.03494859999995,-28.96639739999994],[-51.02530769999998,-28.96566409999997],[-51.022737899999974,-28.966053799999948],[-51.020204099999944,-28.968143099999963],[-51.01871039999998,-28.968424],[-51.01800209999994,-28.968912199999984],[-51.015540699999974,-28.969890299999964],[-51.01394409999995,-28.969993099999957],[-51.011913399999976,-28.971345899999946],[-51.00684439999998,-28.97033],[-51.00290489999998,-28.968536199999967],[-51.00163829999997,-28.968358799999976],[-51.000149299999975,-28.968308],[-50.99888039999996,-28.968756199999966],[-50.99573209999994,-28.968425499999963],[-50.9935177,-28.968664399999966],[-50.99008189999995,-28.96851669999995],[-50.98698779999995,-28.968739099999947],[-50.99278859999998,-28.982174399999952],[-50.99343539999995,-28.98346129999993]]]}},{"type":"Feature","properties":{"setor":"431900005000034","pop":172,"sigilo_pop":false,"dom":123,"sigilo_dom":0,"mulheres":82,"sigilo_mulheres":0,"c0_4":null,"sigilo_c0_4":1,"c5_9":9,"sigilo_c5_9":0,"i60_69":28,"sigilo_i60_69":0,"i70m":34,"sigilo_i70m":0,"indigenas":0,"sigilo_indigenas":0,"pretos_pardos":8,"sigilo_pretos_pardos":0,"dom_ocupados":68,"sigilo_dom_ocupados":0,"dom_agua":8,"sigilo_dom_agua":0,"dom_esgoto":null,"sigilo_dom_esgoto":1,"renda_resp":3014.0,"sigilo_renda_resp":0,"n_resp":68,"sigilo_n_resp":0,"dens":11.1,"sigilo_dens":false,"na_bacia":1,"area_pct_bacia":100.0,"metodo_recorte_bacia":"ponto_representativo_setor_2022; area_pct_geometrica","pop_n_validos":1,"pop_n_total":1,"pop_completude":1.0,"dom_n_validos":1,"dom_n_total":1,"dom_completude":1.0,"dom_ocupados_n_validos":1,"dom_ocupados_n_total":1,"dom_ocupados_completude":1.0,"mulheres_n_validos":1,"mulheres_n_total":1,"mulheres_completude":1.0,"c0_4_n_validos":0,"c0_4_n_total":1,"c0_4_completude":0.0,"c5_9_n_validos":1,"c5_9_n_total":1,"c5_9_completude":1.0,"i60_69_n_validos":1,"i60_69_n_total":1,"i60_69_completude":1.0,"i70m_n_validos":1,"i70m_n_total":1,"i70m_completude":1.0,"indigenas_n_validos":1,"indigenas_n_total":1,"indigenas_completude":1.0,"pretos_pardos_n_validos":1,"pretos_pardos_n_total":1,"pretos_pardos_completude":1.0,"dom_agua_n_validos":1,"dom_agua_n_total":1,"dom_agua_completude":1.0,"dom_esgoto_n_validos":0,"dom_esgoto_n_total":1,"dom_esgoto_completude":0.0,"n_resp_n_validos":1,"n_resp_n_total":1,"n_resp_completude":1.0,"renda_resp_n_validos":1,"renda_resp_n_total":1,"renda_resp_completude":1.0,"dens_n_validos":1,"dens_n_total":1,"dens_completude":1.0,"status_borda_bacia":"total","metodo_area_bacia":"interseção geométrica em EPSG:5880","metodo_na_bacia":"ponto_representativo_setor_2022_within_bacia","municipio":"São Marcos","cod_mun":"4319000","mun_pct_na_bacia":100.0,"mun_pop_total":21084,"mun_pop_na_bacia":21084.0,"mun_ubs_iede":9,"mun_hospitais_iede":2,"mun_escolas_iede":20,"mun_bombeiros_iede":1,"mun_servicos_cobertura":"cadastro_IEDE_parcial_nao_inventario","mun_icm_faixa":"B","mun_icm_pontos":8,"mun_icm_prioritario":"não","mun_ubs_iede_status":"published","mun_hospitais_iede_status":"published","mun_escolas_iede_status":"published","mun_bombeiros_iede_status":"published"},"geometry":{"type":"Polygon","coordinates":[[[-51.121445699999974,-28.987859399999927],[-51.122012299999945,-28.983355],[-51.122744299999965,-28.98201069999993],[-51.12400409999998,-28.98109579999994],[-51.12481,-28.980867],[-51.12662579999994,-28.98099369999994],[-51.13120059999994,-28.982285199999975],[-51.133767699999964,-28.982248299999974],[-51.13530029999998,-28.981535599999987],[-51.13595479999998,-28.98088109999997],[-51.13878759999994,-28.979033599999973],[-51.14068439999994,-28.977084],[-51.14092019999998,-28.9761832],[-51.14063139999996,-28.9729129],[-51.13917139999995,-28.972516199999973],[-51.13852879999996,-28.971889599999937],[-51.13754279999995,-28.97141119999997],[-51.135427799999945,-28.971755699999964],[-51.134704,-28.969223],[-51.133518,-28.96917519999993],[-51.134330299999924,-28.967383699999985],[-51.13434,-28.966763],[-51.13355909999996,-28.964225199999927],[-51.134589499999954,-28.96243639999996],[-51.13512129999998,-28.96233269999993],[-51.13528359999997,-28.961889699999972],[-51.13322819999997,-28.962493099999975],[-51.13259339999996,-28.96213],[-51.13119469999998,-28.962089099999954],[-51.12952619999999,-28.96096969999996],[-51.12896249999994,-28.960872499999937],[-51.126981899999976,-28.96133629999997],[-51.12543509999995,-28.962737199999946],[-51.125026299999945,-28.963878499999964],[-51.123007299999976,-28.963744199999944],[-51.121817799999974,-28.964474899999974],[-51.12197259999994,-28.965367899999944],[-51.12078489999993,-28.96568149999996],[-51.1203,-28.966673899999932],[-51.11926089999997,-28.966165199999978],[-51.11886229999993,-28.966206599999957],[-51.11649039999998,-28.96798589999997],[-51.11570819999997,-28.967766599999944],[-51.11442249999993,-28.968044399999933],[-51.112323,-28.967639399999936],[-51.11194649999993,-28.967798199999944],[-51.111988399999966,-28.96834929999994],[-51.111751699999964,-28.96856019999996],[-51.10685419999999,-28.967749499999968],[-51.10347439999998,-28.969642399999934],[-51.1009059,-28.969461199999948],[-51.100328299999944,-28.969085299999954],[-51.09893979999998,-28.968798699999976],[-51.09790359999994,-28.969118399999957],[-51.096524399999964,-28.970068],[-51.094874,-28.97000419999996],[-51.09244529999995,-28.968848899999948],[-51.0922111,-28.969087799999965],[-51.092314099999946,-28.969845199999952],[-51.092129099999966,-28.97021549999994],[-51.088949499999956,-28.970865199999928],[-51.08788389999995,-28.97087939999994],[-51.08747539999996,-28.97179169999998],[-51.087436,-28.972910799999966],[-51.08720779999994,-28.97290639999993],[-51.087062199999934,-28.979136099999938],[-51.08071259999997,-28.978981799999932],[-51.08072669999996,-28.984838099999926],[-51.07128489999997,-28.985313399999935],[-51.071293,-28.99151719999997],[-51.06263069999994,-28.99144219999993],[-51.062621099999944,-28.981945],[-51.05707909999995,-28.981830599999963],[-51.057457699999986,-28.98228489999997],[-51.05732439999998,-28.985105599999937],[-51.05796229999998,-28.986045],[-51.05723139999998,-28.98665209999995],[-51.05699009999994,-28.99131249999994],[-51.05919359999996,-28.99174879999997],[-51.06041339999996,-28.991573099999975],[-51.06043349999994,-28.993559899999966],[-51.06083579999995,-28.994076799999963],[-51.062193699999966,-28.99450179999996],[-51.06238419999995,-28.99534479999994],[-51.062847199999965,-28.995918699999955],[-51.06364639999998,-28.996104699999925],[-51.06423909999995,-28.99592],[-51.06544539999993,-28.996762099999945],[-51.06706159999993,-28.996562599999933],[-51.06989679999998,-28.994933199999945],[-51.07091829999996,-28.994649],[-51.07361,-28.994845399999974],[-51.0761409,-28.994712099999962],[-51.07751309999998,-28.995718199999942],[-51.078742199999965,-28.99618069999997],[-51.08158029999998,-28.998139599999952],[-51.08329659999998,-28.997259899999964],[-51.08458129999997,-28.99822429999995],[-51.086436899999974,-28.998452499999928],[-51.088643299999944,-28.99710389999996],[-51.09118309999997,-28.996380499999923],[-51.09266519999995,-28.995126199999948],[-51.094970599999954,-28.993781499999955],[-51.095672699999966,-28.99284909999995],[-51.096004299999954,-28.99276569999995],[-51.09714739999998,-28.992964],[-51.098780399999946,-28.993737399999944],[-51.10239439999998,-28.993800299999986],[-51.10435329999996,-28.993408399999957],[-51.105265299999985,-28.993982599999974],[-51.105781199999974,-28.993969799999956],[-51.10805859999993,-28.993102099999938],[-51.110564,-28.992923599999976],[-51.11061089999998,-28.991252199999963],[-51.111103,-28.990864599999952],[-51.113303599999945,-28.991017199999924],[-51.11362509999998,-28.989649799999945],[-51.1159785,-28.988450699999927],[-51.11767519999995,-28.98858179999996],[-51.11955439999997,-28.98786569999992],[-51.121162499999976,-28.988061699999943],[-51.121445699999974,-28.987859399999927]]]}},{"type":"Feature","properties":{"setor":"431900005000035","pop":140,"sigilo_pop":false,"dom":98,"sigilo_dom":0,"mulheres":64,"sigilo_mulheres":0,"c0_4":null,"sigilo_c0_4":1,"c5_9":null,"sigilo_c5_9":1,"i60_69":16,"sigilo_i60_69":0,"i70m":17,"sigilo_i70m":0,"indigenas":0,"sigilo_indigenas":0,"pretos_pardos":16,"sigilo_pretos_pardos":0,"dom_ocupados":54,"sigilo_dom_ocupados":0,"dom_agua":null,"sigilo_dom_agua":1,"dom_esgoto":3,"sigilo_dom_esgoto":0,"renda_resp":3328.53,"sigilo_renda_resp":0,"n_resp":54,"sigilo_n_resp":0,"dens":10.1,"sigilo_dens":false,"na_bacia":1,"area_pct_bacia":100.0,"metodo_recorte_bacia":"ponto_representativo_setor_2022; area_pct_geometrica","pop_n_validos":1,"pop_n_total":1,"pop_completude":1.0,"dom_n_validos":1,"dom_n_total":1,"dom_completude":1.0,"dom_ocupados_n_validos":1,"dom_ocupados_n_total":1,"dom_ocupados_completude":1.0,"mulheres_n_validos":1,"mulheres_n_total":1,"mulheres_completude":1.0,"c0_4_n_validos":0,"c0_4_n_total":1,"c0_4_completude":0.0,"c5_9_n_validos":0,"c5_9_n_total":1,"c5_9_completude":0.0,"i60_69_n_validos":1,"i60_69_n_total":1,"i60_69_completude":1.0,"i70m_n_validos":1,"i70m_n_total":1,"i70m_completude":1.0,"indigenas_n_validos":1,"indigenas_n_total":1,"indigenas_completude":1.0,"pretos_pardos_n_validos":1,"pretos_pardos_n_total":1,"pretos_pardos_completude":1.0,"dom_agua_n_validos":0,"dom_agua_n_total":1,"dom_agua_completude":0.0,"dom_esgoto_n_validos":1,"dom_esgoto_n_total":1,"dom_esgoto_completude":1.0,"n_resp_n_validos":1,"n_resp_n_total":1,"n_resp_completude":1.0,"renda_resp_n_validos":1,"renda_resp_n_total":1,"renda_resp_completude":1.0,"dens_n_validos":1,"dens_n_total":1,"dens_completude":1.0,"status_borda_bacia":"total","metodo_area_bacia":"interseção geométrica em EPSG:5880","metodo_na_bacia":"ponto_representativo_setor_2022_within_bacia","municipio":"São Marcos","cod_mun":"4319000","mun_pct_na_bacia":100.0,"mun_pop_total":21084,"mun_pop_na_bacia":21084.0,"mun_ubs_iede":9,"mun_hospitais_iede":2,"mun_escolas_iede":20,"mun_bombeiros_iede":1,"mun_servicos_cobertura":"cadastro_IEDE_parcial_nao_inventario","mun_icm_faixa":"B","mun_icm_pontos":8,"mun_icm_prioritario":"não","mun_ubs_iede_status":"published","mun_hospitais_iede_status":"published","mun_escolas_iede_status":"published","mun_bombeiros_iede_status":"published"},"geometry":{"type":"Polygon","coordinates":[[[-51.18561289999997,-28.94225319999998],[-51.18320669999997,-28.94135139999997],[-51.179479199999946,-28.938782899999985],[-51.17773269999998,-28.937917699999947],[-51.17424509999995,-28.937276],[-51.17204079999994,-28.93722319999995],[-51.17117359999997,-28.937539399999935],[-51.17059939999996,-28.938151499999954],[-51.16968319999995,-28.94020389999996],[-51.169143,-28.94211259999998],[-51.16974749999997,-28.94355249999995],[-51.16977849999995,-28.944936],[-51.169145199999946,-28.945679],[-51.167251599999986,-28.946366899999944],[-51.16604349999994,-28.946530099999965],[-51.163658,-28.946312],[-51.16210669999998,-28.945903099999956],[-51.15286879999996,-28.94196259999994],[-51.150600199999985,-28.942166799999942],[-51.15032679999996,-28.94271439999994],[-51.15048119999995,-28.943314599999947],[-51.150086199999976,-28.94407579999995],[-51.14978789999998,-28.94413219999995],[-51.14881269999995,-28.94350289999995],[-51.147972,-28.94347409999995],[-51.147152,-28.944888099999954],[-51.146178099999986,-28.94521349999996],[-51.143409099999985,-28.947143599999936],[-51.14276649999994,-28.949336699999943],[-51.139858599999975,-28.95097289999995],[-51.138752899999986,-28.950970699999964],[-51.13839539999998,-28.95115209999994],[-51.137610499999944,-28.95265539999997],[-51.137328,-28.95377],[-51.136468299999926,-28.954116299999953],[-51.13538169999998,-28.953951499999956],[-51.13374209999996,-28.953305599999965],[-51.13323069999996,-28.953765299999926],[-51.13280269999995,-28.95464329999993],[-51.13186669999993,-28.954712699999945],[-51.130598199999945,-28.955458399999944],[-51.129207099999974,-28.95575989999998],[-51.12827829999998,-28.956737799999924],[-51.127916699999965,-28.956598899999964],[-51.12755629999998,-28.955731],[-51.12786339999997,-28.955271499999974],[-51.127777699999974,-28.955031099999943],[-51.12597079999995,-28.953907599999976],[-51.12523659999994,-28.953905099999922],[-51.12362659999997,-28.954658799999926],[-51.122415599999954,-28.953882399999934],[-51.121297499999976,-28.953968],[-51.11989529999993,-28.953588199999967],[-51.11584769999996,-28.955131],[-51.11551259999993,-28.95544779999994],[-51.11363589999996,-28.955606299999953],[-51.113233399999956,-28.95598829999994],[-51.1128925,-28.957120899999946],[-51.11114669999995,-28.95724939999997],[-51.11039329999994,-28.958211399999982],[-51.108875499999954,-28.95768759999993],[-51.108470899999986,-28.958481199999937],[-51.10769769999997,-28.958736099999953],[-51.10710249999994,-28.958674],[-51.10651739999997,-28.95783059999997],[-51.10563449999995,-28.95748829999995],[-51.10657839999993,-28.956611699999943],[-51.10667859999995,-28.956231699999936],[-51.105852399999954,-28.955702099999943],[-51.10382309999994,-28.956206],[-51.10185809999996,-28.955999399999932],[-51.101004,-28.956243699999963],[-51.100603,-28.956034099999957],[-51.100407399999945,-28.954771799999943],[-51.099597399999936,-28.95471529999997],[-51.09887069999997,-28.95528979999995],[-51.09804329999997,-28.95546039999994],[-51.09652959999994,-28.955420699999934],[-51.09450589999995,-28.95488809999995],[-51.09362109999995,-28.95539959999996],[-51.09267339999996,-28.955565299999936],[-51.09112039999996,-28.954732599999957],[-51.09034669999994,-28.95457209999994],[-51.09013729999999,-28.953785899999964],[-51.08860089999996,-28.953179199999962],[-51.08782749999995,-28.953997899999937],[-51.087273299999936,-28.95426],[-51.08603339999996,-28.95382529999996],[-51.08594189999997,-28.956901199999947],[-51.08840889999993,-28.95705029999993],[-51.08998059999993,-28.95803769999997],[-51.09276829999993,-28.95880079999995],[-51.092930299999985,-28.95964089999996],[-51.09259949999994,-28.96433229999996],[-51.093141199999934,-28.965872599999955],[-51.09250289999994,-28.96671749999996],[-51.09227289999996,-28.968899699999948],[-51.09292719999996,-28.968952499999947],[-51.09364069999997,-28.969545],[-51.094874,-28.97000419999996],[-51.09688129999995,-28.969978699999952],[-51.09790359999994,-28.969118399999957],[-51.09893979999998,-28.968798699999976],[-51.100328299999944,-28.969085299999954],[-51.1009059,-28.969461199999948],[-51.10347439999998,-28.969642399999934],[-51.10685419999999,-28.967749499999968],[-51.111751699999964,-28.96856019999996],[-51.111988399999966,-28.96834929999994],[-51.11194649999993,-28.967798199999944],[-51.112323,-28.967639399999936],[-51.11442249999993,-28.968044399999933],[-51.11570819999997,-28.967766599999944],[-51.11649039999998,-28.96798589999997],[-51.11886229999993,-28.966206599999957],[-51.11926089999997,-28.966165199999978],[-51.1203,-28.966673899999932],[-51.12078489999993,-28.96568149999996],[-51.12197259999994,-28.965367899999944],[-51.121817799999974,-28.964474899999974],[-51.123277099999946,-28.963662599999957],[-51.125026299999945,-28.963878499999964],[-51.12543509999995,-28.962737199999946],[-51.12660269999998,-28.961583699999952],[-51.12896249999994,-28.960872499999937],[-51.12952619999999,-28.96096969999996],[-51.13119469999998,-28.962089099999954],[-51.13259339999996,-28.96213],[-51.13322819999997,-28.962493099999975],[-51.13528359999997,-28.961889699999972],[-51.13512129999998,-28.96233269999993],[-51.134589499999954,-28.96243639999996],[-51.13355909999996,-28.964225199999927],[-51.13434,-28.966763],[-51.134330299999924,-28.967383699999985],[-51.133518,-28.96917519999993],[-51.134704,-28.969223],[-51.135427799999945,-28.971755699999964],[-51.13754279999995,-28.97141119999997],[-51.13852879999996,-28.971889599999937],[-51.13917139999995,-28.972516199999973],[-51.14063139999996,-28.9729129],[-51.14078649999993,-28.97191629999998],[-51.14148319999998,-28.971460599999943],[-51.143079099999966,-28.97171919999994],[-51.14519759999997,-28.971575],[-51.14938349999994,-28.972658799999977],[-51.151730699999966,-28.972708099999984],[-51.15298,-28.971889899999947],[-51.15338819999994,-28.969285799999966],[-51.15526389999997,-28.965274099999935],[-51.159754199999945,-28.96132919999997],[-51.16122509999997,-28.957894599999978],[-51.16241459999998,-28.956219599999933],[-51.1663559,-28.95305589999998],[-51.16691189999994,-28.951215499999932],[-51.16745759999998,-28.950594199999944],[-51.169570599999986,-28.949742699999938],[-51.17187279999996,-28.949478899999963],[-51.173917,-28.948512699999977],[-51.17492039999996,-28.947489199999946],[-51.17587229999998,-28.94483429999997],[-51.176928799999985,-28.943704699999962],[-51.18117769999998,-28.94421509999996],[-51.182605499999966,-28.94535039999994],[-51.1837867,-28.945344699999964],[-51.18442029999995,-28.944567699999947],[-51.185279399999956,-28.942432],[-51.18561289999997,-28.94225319999998]]]}},{"type":"Feature","properties":{"setor":"431900005000036","pop":336,"sigilo_pop":false,"dom":195,"sigilo_dom":0,"mulheres":157,"sigilo_mulheres":0,"c0_4":19,"sigilo_c0_4":0,"c5_9":20,"sigilo_c5_9":0,"i60_69":40,"sigilo_i60_69":0,"i70m":23,"sigilo_i70m":0,"indigenas":null,"sigilo_indigenas":1,"pretos_pardos":null,"sigilo_pretos_pardos":1,"dom_ocupados":120,"sigilo_dom_ocupados":0,"dom_agua":null,"sigilo_dom_agua":1,"dom_esgoto":null,"sigilo_dom_esgoto":1,"renda_resp":3412.52,"sigilo_renda_resp":0,"n_resp":120,"sigilo_n_resp":0,"dens":16.3,"sigilo_dens":false,"na_bacia":1,"area_pct_bacia":100.0,"metodo_recorte_bacia":"ponto_representativo_setor_2022; area_pct_geometrica","pop_n_validos":1,"pop_n_total":1,"pop_completude":1.0,"dom_n_validos":1,"dom_n_total":1,"dom_completude":1.0,"dom_ocupados_n_validos":1,"dom_ocupados_n_total":1,"dom_ocupados_completude":1.0,"mulheres_n_validos":1,"mulheres_n_total":1,"mulheres_completude":1.0,"c0_4_n_validos":1,"c0_4_n_total":1,"c0_4_completude":1.0,"c5_9_n_validos":1,"c5_9_n_total":1,"c5_9_completude":1.0,"i60_69_n_validos":1,"i60_69_n_total":1,"i60_69_completude":1.0,"i70m_n_validos":1,"i70m_n_total":1,"i70m_completude":1.0,"indigenas_n_validos":0,"indigenas_n_total":1,"indigenas_completude":0.0,"pretos_pardos_n_validos":0,"pretos_pardos_n_total":1,"pretos_pardos_completude":0.0,"dom_agua_n_validos":0,"dom_agua_n_total":1,"dom_agua_completude":0.0,"dom_esgoto_n_validos":0,"dom_esgoto_n_total":1,"dom_esgoto_completude":0.0,"n_resp_n_validos":1,"n_resp_n_total":1,"n_resp_completude":1.0,"renda_resp_n_validos":1,"renda_resp_n_total":1,"renda_resp_completude":1.0,"dens_n_validos":1,"dens_n_total":1,"dens_completude":1.0,"status_borda_bacia":"total","metodo_area_bacia":"interseção geométrica em EPSG:5880","metodo_na_bacia":"ponto_representativo_setor_2022_within_bacia","municipio":"São Marcos","cod_mun":"4319000","mun_pct_na_bacia":100.0,"mun_pop_total":21084,"mun_pop_na_bacia":21084.0,"mun_ubs_iede":9,"mun_hospitais_iede":2,"mun_escolas_iede":20,"mun_bombeiros_iede":1,"mun_servicos_cobertura":"cadastro_IEDE_parcial_nao_inventario","mun_icm_faixa":"B","mun_icm_pontos":8,"mun_icm_prioritario":"não","mun_ubs_iede_status":"published","mun_hospitais_iede_status":"published","mun_escolas_iede_status":"published","mun_bombeiros_iede_status":"published"},"geometry":{"type":"Polygon","coordinates":[[[-51.151174,-28.933084899999976],[-51.15338779999997,-28.928884899999964],[-51.155196599999954,-28.926949199999967],[-51.15607019999993,-28.926405499999916],[-51.15604849999994,-28.92602129999995],[-51.15559079999997,-28.92570339999998],[-51.15375839999996,-28.925658599999956],[-51.15338589999994,-28.925129199999947],[-51.152445,-28.924619899999982],[-51.151511599999935,-28.924393299999956],[-51.15051689999995,-28.92450119999996],[-51.15035089999998,-28.923147699999948],[-51.14931169999994,-28.92224979999997],[-51.15054429999998,-28.921441],[-51.150510199999985,-28.92111339999996],[-51.15017809999995,-28.92088179999996],[-51.14704689999997,-28.92004259999993],[-51.146654799999965,-28.91931409999995],[-51.144251,-28.9193261],[-51.143558799999944,-28.918654099999976],[-51.14191629999993,-28.917814],[-51.14042709999995,-28.918469799999972],[-51.139454,-28.91852869999998],[-51.13856759999993,-28.92011779999994],[-51.137758399999946,-28.920605499999958],[-51.137103199999956,-28.92079],[-51.13424349999996,-28.920427099999984],[-51.13295329999994,-28.919867099999976],[-51.13215909999997,-28.918983599999944],[-51.131933299999965,-28.918363599999967],[-51.130520099999956,-28.917042499999972],[-51.12939209999996,-28.916456099999937],[-51.12553289999993,-28.917008299999953],[-51.124558899999954,-28.916965299999955],[-51.12374359999995,-28.916664399999952],[-51.12200219999994,-28.917794],[-51.12052419999998,-28.91799189999994],[-51.12026559999998,-28.919038399999973],[-51.119191,-28.919160899999937],[-51.117488699999974,-28.91879049999994],[-51.11629229999994,-28.919551899999938],[-51.11570489999997,-28.920216199999967],[-51.11445849999996,-28.920462699999963],[-51.1140152,-28.920989],[-51.113298699999966,-28.92107739999995],[-51.11256419999995,-28.920837099999964],[-51.111711199999945,-28.921066599999946],[-51.11044929999998,-28.92261979999994],[-51.10845969999997,-28.92354649999993],[-51.107277299999964,-28.924594699999933],[-51.10566659999995,-28.924350499999953],[-51.10512389999996,-28.92477249999996],[-51.10396749999995,-28.92472029999993],[-51.10375469999997,-28.924996899999933],[-51.10372459999997,-28.926416],[-51.101112,-28.926402099999976],[-51.09761529999998,-28.924963299999938],[-51.09452059999995,-28.925086799999967],[-51.094875599999966,-28.925688899999948],[-51.097960899999975,-28.92749119999996],[-51.09829739999998,-28.928124199999964],[-51.09805769999998,-28.928732799999977],[-51.09617369999995,-28.93039269999997],[-51.096008799999936,-28.93099279999995],[-51.09983569999997,-28.93177319999996],[-51.09979,-28.93813589999996],[-51.08618439999998,-28.94485479999996],[-51.08609749999994,-28.94570139999995],[-51.085865499999954,-28.945835199999976],[-51.086256599999956,-28.946116799999956],[-51.08603339999996,-28.95382529999996],[-51.087273299999936,-28.95426],[-51.088021399999946,-28.953825699999975],[-51.08827149999996,-28.953330399999977],[-51.08860089999996,-28.953179199999962],[-51.089136399999965,-28.953310099999957],[-51.09013729999999,-28.953785899999964],[-51.09034669999994,-28.95457209999994],[-51.09112039999996,-28.954732599999957],[-51.09267339999996,-28.955565299999936],[-51.09362109999995,-28.95539959999996],[-51.09450589999995,-28.95488809999995],[-51.09652959999994,-28.955420699999934],[-51.09804329999997,-28.95546039999994],[-51.09887069999997,-28.95528979999995],[-51.099597399999936,-28.95471529999997],[-51.100407399999945,-28.954771799999943],[-51.100603,-28.956034099999957],[-51.101004,-28.956243699999963],[-51.10185809999996,-28.955999399999932],[-51.10382309999994,-28.956206],[-51.105852399999954,-28.955702099999943],[-51.10667859999995,-28.956231699999936],[-51.10657839999993,-28.956611699999943],[-51.10563449999995,-28.95748829999995],[-51.10651739999997,-28.95783059999997],[-51.10710249999994,-28.958674],[-51.10769769999997,-28.958736099999953],[-51.108470899999986,-28.958481199999937],[-51.108875499999954,-28.95768759999993],[-51.11039329999994,-28.958211399999982],[-51.11114669999995,-28.95724939999997],[-51.1128925,-28.957120899999946],[-51.113233399999956,-28.95598829999994],[-51.11363589999996,-28.955606299999953],[-51.11551259999993,-28.95544779999994],[-51.11584769999996,-28.955131],[-51.11989529999993,-28.953588199999967],[-51.121297499999976,-28.953968],[-51.122415599999954,-28.953882399999934],[-51.12362659999997,-28.954658799999926],[-51.12523659999994,-28.953905099999922],[-51.12597079999995,-28.953907599999976],[-51.127777699999974,-28.955031099999943],[-51.12786339999997,-28.955271499999974],[-51.12755629999998,-28.955731],[-51.12810669999994,-28.956767099999972],[-51.12842109999996,-28.956677199999948],[-51.129207099999974,-28.95575989999998],[-51.130598199999945,-28.955458399999944],[-51.13186669999993,-28.954712699999945],[-51.13280269999995,-28.95464329999993],[-51.13323069999996,-28.953765299999926],[-51.13374209999996,-28.953305599999965],[-51.13538169999998,-28.953951499999956],[-51.136890699999974,-28.953999399999933],[-51.137328,-28.95377],[-51.137610499999944,-28.95265539999997],[-51.13839539999998,-28.95115209999994],[-51.138752899999986,-28.950970699999964],[-51.139858599999975,-28.95097289999995],[-51.14276649999994,-28.949336699999943],[-51.143409099999985,-28.947143599999936],[-51.146178099999986,-28.94521349999996],[-51.147152,-28.944888099999954],[-51.147972,-28.94347409999995],[-51.14881269999995,-28.94350289999995],[-51.14978789999998,-28.94413219999995],[-51.150086199999976,-28.94407579999995],[-51.15048119999995,-28.943314599999947],[-51.15032679999996,-28.94271439999994],[-51.150600199999985,-28.942166799999942],[-51.15286879999996,-28.94196259999994],[-51.15197139999999,-28.94100929999997],[-51.151746799999955,-28.940404199999932],[-51.15072739999994,-28.935597499999957],[-51.151174,-28.933084899999976]]]}},{"type":"Feature","properties":{"setor":"431900005000037","pop":282,"sigilo_pop":false,"dom":182,"sigilo_dom":0,"mulheres":139,"sigilo_mulheres":0,"c0_4":12,"sigilo_c0_4":0,"c5_9":14,"sigilo_c5_9":0,"i60_69":44,"sigilo_i60_69":0,"i70m":32,"sigilo_i70m":0,"indigenas":7,"sigilo_indigenas":0,"pretos_pardos":null,"sigilo_pretos_pardos":1,"dom_ocupados":108,"sigilo_dom_ocupados":0,"dom_agua":0,"sigilo_dom_agua":0,"dom_esgoto":0,"sigilo_dom_esgoto":0,"renda_resp":3169.91,"sigilo_renda_resp":0,"n_resp":108,"sigilo_n_resp":0,"dens":11.9,"sigilo_dens":false,"na_bacia":1,"area_pct_bacia":100.0,"metodo_recorte_bacia":"ponto_representativo_setor_2022; area_pct_geometrica","pop_n_validos":1,"pop_n_total":1,"pop_completude":1.0,"dom_n_validos":1,"dom_n_total":1,"dom_completude":1.0,"dom_ocupados_n_validos":1,"dom_ocupados_n_total":1,"dom_ocupados_completude":1.0,"mulheres_n_validos":1,"mulheres_n_total":1,"mulheres_completude":1.0,"c0_4_n_validos":1,"c0_4_n_total":1,"c0_4_completude":1.0,"c5_9_n_validos":1,"c5_9_n_total":1,"c5_9_completude":1.0,"i60_69_n_validos":1,"i60_69_n_total":1,"i60_69_completude":1.0,"i70m_n_validos":1,"i70m_n_total":1,"i70m_completude":1.0,"indigenas_n_validos":1,"indigenas_n_total":1,"indigenas_completude":1.0,"pretos_pardos_n_validos":0,"pretos_pardos_n_total":1,"pretos_pardos_completude":0.0,"dom_agua_n_validos":1,"dom_agua_n_total":1,"dom_agua_completude":1.0,"dom_esgoto_n_validos":1,"dom_esgoto_n_total":1,"dom_esgoto_completude":1.0,"n_resp_n_validos":1,"n_resp_n_total":1,"n_resp_completude":1.0,"renda_resp_n_validos":1,"renda_resp_n_total":1,"renda_resp_completude":1.0,"dens_n_validos":1,"dens_n_total":1,"dens_completude":1.0,"status_borda_bacia":"total","metodo_area_bacia":"interseção geométrica em EPSG:5880","metodo_na_bacia":"ponto_representativo_setor_2022_within_bacia","municipio":"São Marcos","cod_mun":"4319000","mun_pct_na_bacia":100.0,"mun_pop_total":21084,"mun_pop_na_bacia":21084.0,"mun_ubs_iede":9,"mun_hospitais_iede":2,"mun_escolas_iede":20,"mun_bombeiros_iede":1,"mun_servicos_cobertura":"cadastro_IEDE_parcial_nao_inventario","mun_icm_faixa":"B","mun_icm_pontos":8,"mun_icm_prioritario":"não","mun_ubs_iede_status":"published","mun_hospitais_iede_status":"published","mun_escolas_iede_status":"published","mun_bombeiros_iede_status":"published"},"geometry":{"type":"Polygon","coordinates":[[[-51.15755419999994,-28.925620899999952],[-51.16374939999998,-28.921254399999956],[-51.16872539999997,-28.918776599999944],[-51.17013579999997,-28.917543799999976],[-51.170919799999986,-28.916448499999948],[-51.1714525,-28.915302199999914],[-51.17194449999994,-28.9131576],[-51.17306509999998,-28.905934099999964],[-51.17419889999997,-28.901587199999923],[-51.17421449999995,-28.898048899999942],[-51.173368299999936,-28.895004799999963],[-51.17346,-28.89231279999996],[-51.17299669999995,-28.88945949999994],[-51.17163369999998,-28.886929299999977],[-51.16626239999994,-28.881471499999975],[-51.16223249999995,-28.876684899999944],[-51.16070279999997,-28.874169199999983],[-51.15797,-28.87315539999997],[-51.153469,-28.872762099999925],[-51.151300299999946,-28.873389899999943],[-51.15054389999994,-28.87393469999994],[-51.149561,-28.875133],[-51.148032299999954,-28.877415],[-51.14867339999995,-28.878136],[-51.148270399999944,-28.87905319999993],[-51.14821569999998,-28.881689199999986],[-51.14691769999997,-28.88487709999998],[-51.14586979999996,-28.88545],[-51.144910599999946,-28.885733599999977],[-51.14331139999996,-28.885836499999986],[-51.14297549999997,-28.886092199999947],[-51.14274469999998,-28.88770239999996],[-51.14214119999996,-28.88931009999994],[-51.14130449999993,-28.889229499999946],[-51.14103319999998,-28.88842559999995],[-51.14110139999997,-28.887580499999967],[-51.14018739999994,-28.88630349999994],[-51.13840839999995,-28.88549319999992],[-51.13686579999995,-28.885343299999928],[-51.13600729999996,-28.884409499999947],[-51.13415809999998,-28.88317889999996],[-51.13292319999994,-28.88279569999997],[-51.13190869999995,-28.881945199999947],[-51.12813,-28.880921299999954],[-51.127557199999956,-28.881027],[-51.12696439999996,-28.8815188],[-51.12641649999994,-28.883318099999933],[-51.12472829999996,-28.885821199999956],[-51.12421859999995,-28.887533099999935],[-51.123397,-28.88763029999995],[-51.12253049999998,-28.887012699999946],[-51.12054019999993,-28.886600499999933],[-51.11950179999997,-28.887087299999962],[-51.11870459999995,-28.888154599999943],[-51.11540689999998,-28.890155],[-51.11499969999995,-28.890956099999972],[-51.115274699999986,-28.89186819999997],[-51.116795199999956,-28.893418799999957],[-51.11653359999997,-28.89499669999996],[-51.11698709999996,-28.895751799999978],[-51.11789279999994,-28.89600719999992],[-51.11823029999994,-28.896312699999953],[-51.11798329999994,-28.897151099999977],[-51.1181534,-28.899672799999962],[-51.12025859999994,-28.900743899999938],[-51.12129249999998,-28.902012699999947],[-51.12424809999993,-28.903408899999935],[-51.124748299999965,-28.90420209999996],[-51.124584899999945,-28.90493069999996],[-51.122153799999985,-28.906916099999936],[-51.120729799999935,-28.908546899999976],[-51.11925749999995,-28.909441199999943],[-51.11375289999995,-28.911175499999963],[-51.111202099999964,-28.910240499999937],[-51.110378699999956,-28.910376399999947],[-51.11010279999994,-28.91126669999995],[-51.11111379999994,-28.91449389999996],[-51.111071099999954,-28.91535089999996],[-51.112175,-28.916594699999965],[-51.112228,-28.91713259999994],[-51.112059099999954,-28.91750839999998],[-51.11169409999996,-28.917639499999943],[-51.11032209999996,-28.91779509999997],[-51.108991199999934,-28.91761059999993],[-51.10860939999998,-28.917809],[-51.108424199999945,-28.91859289999996],[-51.109180799999926,-28.920156899999956],[-51.10906659999995,-28.920924299999964],[-51.108555599999924,-28.92152],[-51.10264879999995,-28.92478179999996],[-51.10172259999996,-28.92487549999992],[-51.09544129999995,-28.92412249999996],[-51.09478649999995,-28.924376699999986],[-51.09452059999995,-28.925086799999967],[-51.09761529999998,-28.924963299999938],[-51.101112,-28.926402099999976],[-51.10372459999997,-28.926416],[-51.10375469999997,-28.924996899999933],[-51.10396749999995,-28.92472029999993],[-51.10512389999996,-28.92477249999996],[-51.10566659999995,-28.924350499999953],[-51.107277299999964,-28.924594699999933],[-51.10845969999997,-28.92354649999993],[-51.11044929999998,-28.92261979999994],[-51.111711199999945,-28.921066599999946],[-51.11256419999995,-28.920837099999964],[-51.113298699999966,-28.92107739999995],[-51.1140152,-28.920989],[-51.11445849999996,-28.920462699999963],[-51.11570489999997,-28.920216199999967],[-51.11629229999994,-28.919551899999938],[-51.117488699999974,-28.91879049999994],[-51.119191,-28.919160899999937],[-51.12026559999998,-28.919038399999973],[-51.12052419999998,-28.91799189999994],[-51.12200219999994,-28.917794],[-51.12374359999995,-28.916664399999952],[-51.124558899999954,-28.916965299999955],[-51.12553289999993,-28.917008299999953],[-51.12939209999996,-28.916456099999937],[-51.130520099999956,-28.917042499999972],[-51.131933299999965,-28.918363599999967],[-51.13215909999997,-28.918983599999944],[-51.13295329999994,-28.919867099999976],[-51.13424349999996,-28.920427099999984],[-51.13562889999997,-28.92068749999993],[-51.137103199999956,-28.92079],[-51.137758399999946,-28.920605499999958],[-51.13856759999993,-28.92011779999994],[-51.139454,-28.91852869999998],[-51.14042709999995,-28.918469799999972],[-51.14166489999997,-28.91782789999996],[-51.143558799999944,-28.918654099999976],[-51.144418299999984,-28.919381899999966],[-51.146654799999965,-28.91931409999995],[-51.14704689999997,-28.92004259999993],[-51.14970169999998,-28.920707399999976],[-51.150510199999985,-28.92111339999996],[-51.15049189999997,-28.92152079999994],[-51.14931169999994,-28.92224979999997],[-51.15035089999998,-28.923147699999948],[-51.150612,-28.924559699999968],[-51.151511599999935,-28.924393299999956],[-51.152445,-28.924619899999982],[-51.15338589999994,-28.925129199999947],[-51.15375839999996,-28.925658599999956],[-51.15585269999997,-28.92580009999995],[-51.15607019999993,-28.926405499999916],[-51.15755419999994,-28.925620899999952]]]}},{"type":"Feature","properties":{"setor":"431900005000038","pop":327,"sigilo_pop":false,"dom":184,"sigilo_dom":0,"mulheres":163,"sigilo_mulheres":0,"c0_4":14,"sigilo_c0_4":0,"c5_9":16,"sigilo_c5_9":0,"i60_69":56,"sigilo_i60_69":0,"i70m":18,"sigilo_i70m":0,"indigenas":0,"sigilo_indigenas":0,"pretos_pardos":54,"sigilo_pretos_pardos":0,"dom_ocupados":124,"sigilo_dom_ocupados":0,"dom_agua":5,"sigilo_dom_agua":0,"dom_esgoto":0,"sigilo_dom_esgoto":0,"renda_resp":1931.69,"sigilo_renda_resp":0,"n_resp":124,"sigilo_n_resp":0,"dens":17.1,"sigilo_dens":false,"na_bacia":1,"area_pct_bacia":100.0,"metodo_recorte_bacia":"ponto_representativo_setor_2022; area_pct_geometrica","pop_n_validos":1,"pop_n_total":1,"pop_completude":1.0,"dom_n_validos":1,"dom_n_total":1,"dom_completude":1.0,"dom_ocupados_n_validos":1,"dom_ocupados_n_total":1,"dom_ocupados_completude":1.0,"mulheres_n_validos":1,"mulheres_n_total":1,"mulheres_completude":1.0,"c0_4_n_validos":1,"c0_4_n_total":1,"c0_4_completude":1.0,"c5_9_n_validos":1,"c5_9_n_total":1,"c5_9_completude":1.0,"i60_69_n_validos":1,"i60_69_n_total":1,"i60_69_completude":1.0,"i70m_n_validos":1,"i70m_n_total":1,"i70m_completude":1.0,"indigenas_n_validos":1,"indigenas_n_total":1,"indigenas_completude":1.0,"pretos_pardos_n_validos":1,"pretos_pardos_n_total":1,"pretos_pardos_completude":1.0,"dom_agua_n_validos":1,"dom_agua_n_total":1,"dom_agua_completude":1.0,"dom_esgoto_n_validos":1,"dom_esgoto_n_total":1,"dom_esgoto_completude":1.0,"n_resp_n_validos":1,"n_resp_n_total":1,"n_resp_completude":1.0,"renda_resp_n_validos":1,"renda_resp_n_total":1,"renda_resp_completude":1.0,"dens_n_validos":1,"dens_n_total":1,"dens_completude":1.0,"status_borda_bacia":"total","metodo_area_bacia":"interseção geométrica em EPSG:5880","metodo_na_bacia":"ponto_representativo_setor_2022_within_bacia","municipio":"São Marcos","cod_mun":"4319000","mun_pct_na_bacia":100.0,"mun_pop_total":21084,"mun_pop_na_bacia":21084.0,"mun_ubs_iede":9,"mun_hospitais_iede":2,"mun_escolas_iede":20,"mun_bombeiros_iede":1,"mun_servicos_cobertura":"cadastro_IEDE_parcial_nao_inventario","mun_icm_faixa":"B","mun_icm_pontos":8,"mun_icm_prioritario":"não","mun_ubs_iede_status":"published","mun_hospitais_iede_status":"published","mun_escolas_iede_status":"published","mun_bombeiros_iede_status":"published"},"geometry":{"type":"Polygon","coordinates":[[[-51.07088059999995,-28.895156199999974],[-51.07160479999994,-28.895856199999972],[-51.07276869999998,-28.896276],[-51.07333239999998,-28.896855899999935],[-51.073393899999985,-28.89757239999994],[-51.074441099999945,-28.897962],[-51.07522659999995,-28.897975599999928],[-51.076211099999966,-28.89842],[-51.07745479999994,-28.900322399999936],[-51.07734089999997,-28.901085899999934],[-51.078297,-28.901372799999933],[-51.078753899999974,-28.90206419999998],[-51.07966849999997,-28.902236199999955],[-51.08004969999996,-28.902587],[-51.08058249999994,-28.90616159999996],[-51.08122329999998,-28.90649579999995],[-51.081426499999964,-28.90782779999995],[-51.081835799999965,-28.908325699999985],[-51.08208509999998,-28.910091199999957],[-51.08239839999993,-28.91054049999997],[-51.0824406,-28.914230699999962],[-51.08265489999997,-28.91510709999995],[-51.081167,-28.918051599999952],[-51.08160469999996,-28.918701099999964],[-51.083363599999984,-28.91991609999996],[-51.08358039999997,-28.92032059999996],[-51.08332559999997,-28.92072689999997],[-51.083651799999984,-28.92121549999996],[-51.08462609999998,-28.920944299999963],[-51.08664719999996,-28.921832699999985],[-51.08947049999995,-28.92439279999996],[-51.093323099999964,-28.924535399999968],[-51.09452059999995,-28.925086799999967],[-51.09478649999995,-28.924376699999986],[-51.09544129999995,-28.92412249999996],[-51.10172259999996,-28.92487549999992],[-51.10264879999995,-28.92478179999996],[-51.108811499999945,-28.92133389999998],[-51.109180799999926,-28.920156899999956],[-51.10835959999998,-28.918245699999943],[-51.10876579999996,-28.91768139999994],[-51.110865,-28.91776309999996],[-51.11216479999995,-28.91735559999995],[-51.112175,-28.916594699999965],[-51.111071099999954,-28.91535089999996],[-51.11111379999994,-28.91449389999996],[-51.11010279999994,-28.91126669999995],[-51.110378699999956,-28.910376399999947],[-51.111202099999964,-28.910240499999937],[-51.11375289999995,-28.911175499999963],[-51.11925749999995,-28.909441199999943],[-51.120729799999935,-28.908546899999976],[-51.122153799999985,-28.906916099999936],[-51.124442199999976,-28.905116],[-51.12467879999996,-28.904715299999975],[-51.12469429999993,-28.904016299999974],[-51.12424809999993,-28.903408899999935],[-51.12129249999998,-28.902012699999947],[-51.12025859999994,-28.900743899999938],[-51.1181534,-28.899672799999962],[-51.11798329999994,-28.897151099999977],[-51.11823029999994,-28.896312699999953],[-51.11789279999994,-28.89600719999992],[-51.11698709999996,-28.895751799999978],[-51.11653359999997,-28.89499669999996],[-51.116795199999956,-28.893418799999957],[-51.115274699999986,-28.89186819999997],[-51.11499969999995,-28.890956099999972],[-51.11540689999998,-28.890155],[-51.11870459999995,-28.888154599999943],[-51.11950179999997,-28.887087299999962],[-51.12054019999993,-28.886600499999933],[-51.12253049999998,-28.887012699999946],[-51.123397,-28.88763029999995],[-51.12421859999995,-28.887533099999935],[-51.12472829999996,-28.885821199999956],[-51.12641649999994,-28.883318099999933],[-51.12696439999996,-28.8815188],[-51.127557199999956,-28.881027],[-51.12813,-28.880921299999954],[-51.13190869999995,-28.881945199999947],[-51.13292319999994,-28.88279569999997],[-51.13415809999998,-28.88317889999996],[-51.13600729999996,-28.884409499999947],[-51.13686579999995,-28.885343299999928],[-51.13840839999995,-28.88549319999992],[-51.14018739999994,-28.88630349999994],[-51.14110139999997,-28.887580499999967],[-51.14103319999998,-28.88842559999995],[-51.14130449999993,-28.889229499999946],[-51.14214119999996,-28.88931009999994],[-51.14274469999998,-28.88770239999996],[-51.14297549999997,-28.886092199999947],[-51.14331139999996,-28.885836499999986],[-51.144910599999946,-28.885733599999977],[-51.14586979999996,-28.88545],[-51.14691769999997,-28.88487709999998],[-51.147066499999944,-28.884161],[-51.14812859999994,-28.882210299999933],[-51.148270399999944,-28.87905319999993],[-51.14867339999995,-28.878136],[-51.148032299999954,-28.877415],[-51.147166599999935,-28.879350699999975],[-51.14683229999997,-28.881718099999944],[-51.14627939999997,-28.882916499999958],[-51.14566529999997,-28.883457399999937],[-51.144343899999974,-28.883768799999938],[-51.14109629999996,-28.88313619999997],[-51.13965149999996,-28.882355],[-51.137396699999954,-28.881531799999948],[-51.13297139999998,-28.87915059999994],[-51.12450959999995,-28.876891799999953],[-51.123083099999974,-28.877610399999973],[-51.122354299999984,-28.87859279999998],[-51.12279179999996,-28.88101449999994],[-51.12173329999997,-28.881619499999957],[-51.119002499999965,-28.88084439999994],[-51.11563889999996,-28.87788269999993],[-51.111933699999945,-28.87805049999998],[-51.11033069999996,-28.88035769999993],[-51.107054,-28.878230899999952],[-51.104602399999976,-28.877932099999953],[-51.10160979999995,-28.880680099999942],[-51.097323199999956,-28.880289399999974],[-51.09507709999997,-28.881299599999974],[-51.09124969999993,-28.879295799999966],[-51.08986089999996,-28.880632699999982],[-51.08704949999998,-28.880991199999976],[-51.08564359999997,-28.88403809999995],[-51.081836599999974,-28.884313699999943],[-51.07540149999994,-28.88703429999998],[-51.07384649999995,-28.887007799999946],[-51.07144819999996,-28.891234799999953],[-51.07088059999995,-28.895156199999974]]]}},{"type":"Feature","properties":{"setor":"431900005000040","pop":11,"sigilo_pop":false,"dom":5,"sigilo_dom":0,"mulheres":4,"sigilo_mulheres":0,"c0_4":null,"sigilo_c0_4":1,"c5_9":0,"sigilo_c5_9":0,"i60_69":0,"sigilo_i60_69":0,"i70m":null,"sigilo_i70m":1,"indigenas":0,"sigilo_indigenas":0,"pretos_pardos":0,"sigilo_pretos_pardos":0,"dom_ocupados":5,"sigilo_dom_ocupados":0,"dom_agua":0,"sigilo_dom_agua":0,"dom_esgoto":null,"sigilo_dom_esgoto":1,"renda_resp":2480.0,"sigilo_renda_resp":0,"n_resp":5,"sigilo_n_resp":0,"dens":42.8,"sigilo_dens":false,"na_bacia":1,"area_pct_bacia":100.0,"metodo_recorte_bacia":"ponto_representativo_setor_2022; area_pct_geometrica","pop_n_validos":1,"pop_n_total":1,"pop_completude":1.0,"dom_n_validos":1,"dom_n_total":1,"dom_completude":1.0,"dom_ocupados_n_validos":1,"dom_ocupados_n_total":1,"dom_ocupados_completude":1.0,"mulheres_n_validos":1,"mulheres_n_total":1,"mulheres_completude":1.0,"c0_4_n_validos":0,"c0_4_n_total":1,"c0_4_completude":0.0,"c5_9_n_validos":1,"c5_9_n_total":1,"c5_9_completude":1.0,"i60_69_n_validos":1,"i60_69_n_total":1,"i60_69_completude":1.0,"i70m_n_validos":0,"i70m_n_total":1,"i70m_completude":0.0,"indigenas_n_validos":1,"indigenas_n_total":1,"indigenas_completude":1.0,"pretos_pardos_n_validos":1,"pretos_pardos_n_total":1,"pretos_pardos_completude":1.0,"dom_agua_n_validos":1,"dom_agua_n_total":1,"dom_agua_completude":1.0,"dom_esgoto_n_validos":0,"dom_esgoto_n_total":1,"dom_esgoto_completude":0.0,"n_resp_n_validos":1,"n_resp_n_total":1,"n_resp_completude":1.0,"renda_resp_n_validos":1,"renda_resp_n_total":1,"renda_resp_completude":1.0,"dens_n_validos":1,"dens_n_total":1,"dens_completude":1.0,"status_borda_bacia":"total","metodo_area_bacia":"interseção geométrica em EPSG:5880","metodo_na_bacia":"ponto_representativo_setor_2022_within_bacia","municipio":"São Marcos","cod_mun":"4319000","mun_pct_na_bacia":100.0,"mun_pop_total":21084,"mun_pop_na_bacia":21084.0,"mun_ubs_iede":9,"mun_hospitais_iede":2,"mun_escolas_iede":20,"mun_bombeiros_iede":1,"mun_servicos_cobertura":"cadastro_IEDE_parcial_nao_inventario","mun_icm_faixa":"B","mun_icm_pontos":8,"mun_icm_prioritario":"não","mun_ubs_iede_status":"published","mun_hospitais_iede_status":"published","mun_escolas_iede_status":"published","mun_bombeiros_iede_status":"published"},"geometry":{"type":"Polygon","coordinates":[[[-51.067780399999954,-28.951245899999947],[-51.074088,-28.951359499999974],[-51.07424629999997,-28.95035609999996],[-51.07273449999997,-28.94877],[-51.07196079999994,-28.947510799999964],[-51.07100109999993,-28.946710399999972],[-51.067782499999964,-28.94668149999995],[-51.067780399999954,-28.951245899999947]]]}},{"type":"Feature","properties":{"setor":"431900005000041","pop":118,"sigilo_pop":false,"dom":50,"sigilo_dom":0,"mulheres":58,"sigilo_mulheres":0,"c0_4":8,"sigilo_c0_4":0,"c5_9":9,"sigilo_c5_9":0,"i60_69":16,"sigilo_i60_69":0,"i70m":13,"sigilo_i70m":0,"indigenas":0,"sigilo_indigenas":0,"pretos_pardos":null,"sigilo_pretos_pardos":1,"dom_ocupados":47,"sigilo_dom_ocupados":0,"dom_agua":29,"sigilo_dom_agua":0,"dom_esgoto":10,"sigilo_dom_esgoto":0,"renda_resp":4061.7,"sigilo_renda_resp":0,"n_resp":47,"sigilo_n_resp":0,"dens":100.0,"sigilo_dens":false,"na_bacia":1,"area_pct_bacia":100.0,"metodo_recorte_bacia":"ponto_representativo_setor_2022; area_pct_geometrica","pop_n_validos":1,"pop_n_total":1,"pop_completude":1.0,"dom_n_validos":1,"dom_n_total":1,"dom_completude":1.0,"dom_ocupados_n_validos":1,"dom_ocupados_n_total":1,"dom_ocupados_completude":1.0,"mulheres_n_validos":1,"mulheres_n_total":1,"mulheres_completude":1.0,"c0_4_n_validos":1,"c0_4_n_total":1,"c0_4_completude":1.0,"c5_9_n_validos":1,"c5_9_n_total":1,"c5_9_completude":1.0,"i60_69_n_validos":1,"i60_69_n_total":1,"i60_69_completude":1.0,"i70m_n_validos":1,"i70m_n_total":1,"i70m_completude":1.0,"indigenas_n_validos":1,"indigenas_n_total":1,"indigenas_completude":1.0,"pretos_pardos_n_validos":0,"pretos_pardos_n_total":1,"pretos_pardos_completude":0.0,"dom_agua_n_validos":1,"dom_agua_n_total":1,"dom_agua_completude":1.0,"dom_esgoto_n_validos":1,"dom_esgoto_n_total":1,"dom_esgoto_completude":1.0,"n_resp_n_validos":1,"n_resp_n_total":1,"n_resp_completude":1.0,"renda_resp_n_validos":1,"renda_resp_n_total":1,"renda_resp_completude":1.0,"dens_n_validos":1,"dens_n_total":1,"dens_completude":1.0,"status_borda_bacia":"total","metodo_area_bacia":"interseção geométrica em EPSG:5880","metodo_na_bacia":"ponto_representativo_setor_2022_within_bacia","municipio":"São Marcos","cod_mun":"4319000","mun_pct_na_bacia":100.0,"mun_pop_total":21084,"mun_pop_na_bacia":21084.0,"mun_ubs_iede":9,"mun_hospitais_iede":2,"mun_escolas_iede":20,"mun_bombeiros_iede":1,"mun_servicos_cobertura":"cadastro_IEDE_parcial_nao_inventario","mun_icm_faixa":"B","mun_icm_pontos":8,"mun_icm_prioritario":"não","mun_ubs_iede_status":"published","mun_hospitais_iede_status":"published","mun_escolas_iede_status":"published","mun_bombeiros_iede_status":"published"},"geometry":{"type":"Polygon","coordinates":[[[-51.059112199999966,-28.95810409999996],[-51.06278939999998,-28.96046039999993],[-51.06584949999996,-28.96189469999996],[-51.06700459999996,-28.962258599999913],[-51.06824,-28.962328499999956],[-51.069097899999974,-28.96292],[-51.06912669999998,-28.963254099999975],[-51.07001249999997,-28.963323599999956],[-51.07059,-28.95544969999996],[-51.07101389999997,-28.95498669999995],[-51.07314,-28.953994299999984],[-51.074088,-28.951359499999974],[-51.067780399999954,-28.951245899999947],[-51.06777979999998,-28.952603799999956],[-51.059240099999954,-28.952592699999965],[-51.059112199999966,-28.95810409999996]]]}},{"type":"Feature","properties":{"setor":"431900005000042","pop":135,"sigilo_pop":false,"dom":64,"sigilo_dom":0,"mulheres":73,"sigilo_mulheres":0,"c0_4":8,"sigilo_c0_4":0,"c5_9":8,"sigilo_c5_9":0,"i60_69":14,"sigilo_i60_69":0,"i70m":16,"sigilo_i70m":0,"indigenas":0,"sigilo_indigenas":0,"pretos_pardos":8,"sigilo_pretos_pardos":0,"dom_ocupados":54,"sigilo_dom_ocupados":0,"dom_agua":54,"sigilo_dom_agua":0,"dom_esgoto":54,"sigilo_dom_esgoto":0,"renda_resp":3019.46,"sigilo_renda_resp":0,"n_resp":54,"sigilo_n_resp":0,"dens":2694.7,"sigilo_dens":false,"na_bacia":1,"area_pct_bacia":100.0,"metodo_recorte_bacia":"ponto_representativo_setor_2022; area_pct_geometrica","pop_n_validos":1,"pop_n_total":1,"pop_completude":1.0,"dom_n_validos":1,"dom_n_total":1,"dom_completude":1.0,"dom_ocupados_n_validos":1,"dom_ocupados_n_total":1,"dom_ocupados_completude":1.0,"mulheres_n_validos":1,"mulheres_n_total":1,"mulheres_completude":1.0,"c0_4_n_validos":1,"c0_4_n_total":1,"c0_4_completude":1.0,"c5_9_n_validos":1,"c5_9_n_total":1,"c5_9_completude":1.0,"i60_69_n_validos":1,"i60_69_n_total":1,"i60_69_completude":1.0,"i70m_n_validos":1,"i70m_n_total":1,"i70m_completude":1.0,"indigenas_n_validos":1,"indigenas_n_total":1,"indigenas_completude":1.0,"pretos_pardos_n_validos":1,"pretos_pardos_n_total":1,"pretos_pardos_completude":1.0,"dom_agua_n_validos":1,"dom_agua_n_total":1,"dom_agua_completude":1.0,"dom_esgoto_n_validos":1,"dom_esgoto_n_total":1,"dom_esgoto_completude":1.0,"n_resp_n_validos":1,"n_resp_n_total":1,"n_resp_completude":1.0,"renda_resp_n_validos":1,"renda_resp_n_total":1,"renda_resp_completude":1.0,"dens_n_validos":1,"dens_n_total":1,"dens_completude":1.0,"status_borda_bacia":"total","metodo_area_bacia":"interseção geométrica em EPSG:5880","metodo_na_bacia":"ponto_representativo_setor_2022_within_bacia","municipio":"São Marcos","cod_mun":"4319000","mun_pct_na_bacia":100.0,"mun_pop_total":21084,"mun_pop_na_bacia":21084.0,"mun_ubs_iede":9,"mun_hospitais_iede":2,"mun_escolas_iede":20,"mun_bombeiros_iede":1,"mun_servicos_cobertura":"cadastro_IEDE_parcial_nao_inventario","mun_icm_faixa":"B","mun_icm_pontos":8,"mun_icm_prioritario":"não","mun_ubs_iede_status":"published","mun_hospitais_iede_status":"published","mun_escolas_iede_status":"published","mun_bombeiros_iede_status":"published"},"geometry":{"type":"Polygon","coordinates":[[[-51.06633419999997,-28.97369679999997],[-51.069499899999975,-28.97371069999997],[-51.06956249999996,-28.97226929999993],[-51.06651949999997,-28.972159299999916],[-51.06633419999997,-28.97369679999997]]]}},{"type":"Feature","properties":{"setor":"431900005000043","pop":300,"sigilo_pop":false,"dom":139,"sigilo_dom":0,"mulheres":147,"sigilo_mulheres":0,"c0_4":14,"sigilo_c0_4":0,"c5_9":15,"sigilo_c5_9":0,"i60_69":46,"sigilo_i60_69":0,"i70m":26,"sigilo_i70m":0,"indigenas":0,"sigilo_indigenas":0,"pretos_pardos":null,"sigilo_pretos_pardos":1,"dom_ocupados":116,"sigilo_dom_ocupados":0,"dom_agua":115,"sigilo_dom_agua":0,"dom_esgoto":116,"sigilo_dom_esgoto":0,"renda_resp":2975.03,"sigilo_renda_resp":0,"n_resp":116,"sigilo_n_resp":0,"dens":3928.9,"sigilo_dens":false,"na_bacia":1,"area_pct_bacia":100.0,"metodo_recorte_bacia":"ponto_representativo_setor_2022; area_pct_geometrica","pop_n_validos":1,"pop_n_total":1,"pop_completude":1.0,"dom_n_validos":1,"dom_n_total":1,"dom_completude":1.0,"dom_ocupados_n_validos":1,"dom_ocupados_n_total":1,"dom_ocupados_completude":1.0,"mulheres_n_validos":1,"mulheres_n_total":1,"mulheres_completude":1.0,"c0_4_n_validos":1,"c0_4_n_total":1,"c0_4_completude":1.0,"c5_9_n_validos":1,"c5_9_n_total":1,"c5_9_completude":1.0,"i60_69_n_validos":1,"i60_69_n_total":1,"i60_69_completude":1.0,"i70m_n_validos":1,"i70m_n_total":1,"i70m_completude":1.0,"indigenas_n_validos":1,"indigenas_n_total":1,"indigenas_completude":1.0,"pretos_pardos_n_validos":0,"pretos_pardos_n_total":1,"pretos_pardos_completude":0.0,"dom_agua_n_validos":1,"dom_agua_n_total":1,"dom_agua_completude":1.0,"dom_esgoto_n_validos":1,"dom_esgoto_n_total":1,"dom_esgoto_completude":1.0,"n_resp_n_validos":1,"n_resp_n_total":1,"n_resp_completude":1.0,"renda_resp_n_validos":1,"renda_resp_n_total":1,"renda_resp_completude":1.0,"dens_n_validos":1,"dens_n_total":1,"dens_completude":1.0,"status_borda_bacia":"total","metodo_area_bacia":"interseção geométrica em EPSG:5880","metodo_na_bacia":"ponto_representativo_setor_2022_within_bacia","municipio":"São Marcos","cod_mun":"4319000","mun_pct_na_bacia":100.0,"mun_pop_total":21084,"mun_pop_na_bacia":21084.0,"mun_ubs_iede":9,"mun_hospitais_iede":2,"mun_escolas_iede":20,"mun_bombeiros_iede":1,"mun_servicos_cobertura":"cadastro_IEDE_parcial_nao_inventario","mun_icm_faixa":"B","mun_icm_pontos":8,"mun_icm_prioritario":"não","mun_ubs_iede_status":"published","mun_hospitais_iede_status":"published","mun_escolas_iede_status":"published","mun_bombeiros_iede_status":"published"},"geometry":{"type":"Polygon","coordinates":[[[-51.06137629999995,-28.97350519999998],[-51.06633419999997,-28.97369679999997],[-51.06651949999997,-28.972159299999916],[-51.06195719999993,-28.97198449999996],[-51.06187429999995,-28.973397099999936],[-51.06137629999995,-28.97350519999998]]]}},{"type":"Feature","properties":{"setor":"431900005000044","pop":100,"sigilo_pop":false,"dom":44,"sigilo_dom":0,"mulheres":49,"sigilo_mulheres":0,"c0_4":9,"sigilo_c0_4":0,"c5_9":7,"sigilo_c5_9":0,"i60_69":9,"sigilo_i60_69":0,"i70m":null,"sigilo_i70m":1,"indigenas":0,"sigilo_indigenas":0,"pretos_pardos":null,"sigilo_pretos_pardos":1,"dom_ocupados":39,"sigilo_dom_ocupados":0,"dom_agua":39,"sigilo_dom_agua":0,"dom_esgoto":39,"sigilo_dom_esgoto":0,"renda_resp":2580.76,"sigilo_renda_resp":0,"n_resp":39,"sigilo_n_resp":0,"dens":2567.9,"sigilo_dens":false,"na_bacia":1,"area_pct_bacia":100.0,"metodo_recorte_bacia":"ponto_representativo_setor_2022; area_pct_geometrica","pop_n_validos":1,"pop_n_total":1,"pop_completude":1.0,"dom_n_validos":1,"dom_n_total":1,"dom_completude":1.0,"dom_ocupados_n_validos":1,"dom_ocupados_n_total":1,"dom_ocupados_completude":1.0,"mulheres_n_validos":1,"mulheres_n_total":1,"mulheres_completude":1.0,"c0_4_n_validos":1,"c0_4_n_total":1,"c0_4_completude":1.0,"c5_9_n_validos":1,"c5_9_n_total":1,"c5_9_completude":1.0,"i60_69_n_validos":1,"i60_69_n_total":1,"i60_69_completude":1.0,"i70m_n_validos":0,"i70m_n_total":1,"i70m_completude":0.0,"indigenas_n_validos":1,"indigenas_n_total":1,"indigenas_completude":1.0,"pretos_pardos_n_validos":0,"pretos_pardos_n_total":1,"pretos_pardos_completude":0.0,"dom_agua_n_validos":1,"dom_agua_n_total":1,"dom_agua_completude":1.0,"dom_esgoto_n_validos":1,"dom_esgoto_n_total":1,"dom_esgoto_completude":1.0,"n_resp_n_validos":1,"n_resp_n_total":1,"n_resp_completude":1.0,"renda_resp_n_validos":1,"renda_resp_n_total":1,"renda_resp_completude":1.0,"dens_n_validos":1,"dens_n_total":1,"dens_completude":1.0,"status_borda_bacia":"total","metodo_area_bacia":"interseção geométrica em EPSG:5880","metodo_na_bacia":"ponto_representativo_setor_2022_within_bacia","municipio":"São Marcos","cod_mun":"4319000","mun_pct_na_bacia":100.0,"mun_pop_total":21084,"mun_pop_na_bacia":21084.0,"mun_ubs_iede":9,"mun_hospitais_iede":2,"mun_escolas_iede":20,"mun_bombeiros_iede":1,"mun_servicos_cobertura":"cadastro_IEDE_parcial_nao_inventario","mun_icm_faixa":"B","mun_icm_pontos":8,"mun_icm_prioritario":"não","mun_ubs_iede_status":"published","mun_hospitais_iede_status":"published","mun_escolas_iede_status":"published","mun_bombeiros_iede_status":"published"},"geometry":{"type":"Polygon","coordinates":[[[-51.05827089999997,-28.972897599999953],[-51.05835979999994,-28.970955699999937],[-51.05663279999993,-28.970821699999934],[-51.05614219999996,-28.972480599999976],[-51.05827089999997,-28.972897599999953]]]}},{"type":"Feature","properties":{"setor":"431900005000045","pop":174,"sigilo_pop":false,"dom":76,"sigilo_dom":0,"mulheres":94,"sigilo_mulheres":0,"c0_4":null,"sigilo_c0_4":1,"c5_9":7,"sigilo_c5_9":0,"i60_69":33,"sigilo_i60_69":0,"i70m":15,"sigilo_i70m":0,"indigenas":0,"sigilo_indigenas":0,"pretos_pardos":null,"sigilo_pretos_pardos":1,"dom_ocupados":67,"sigilo_dom_ocupados":0,"dom_agua":67,"sigilo_dom_agua":0,"dom_esgoto":67,"sigilo_dom_esgoto":0,"renda_resp":3620.57,"sigilo_renda_resp":0,"n_resp":67,"sigilo_n_resp":0,"dens":4891.9,"sigilo_dens":false,"na_bacia":1,"area_pct_bacia":100.0,"metodo_recorte_bacia":"ponto_representativo_setor_2022; area_pct_geometrica","pop_n_validos":1,"pop_n_total":1,"pop_completude":1.0,"dom_n_validos":1,"dom_n_total":1,"dom_completude":1.0,"dom_ocupados_n_validos":1,"dom_ocupados_n_total":1,"dom_ocupados_completude":1.0,"mulheres_n_validos":1,"mulheres_n_total":1,"mulheres_completude":1.0,"c0_4_n_validos":0,"c0_4_n_total":1,"c0_4_completude":0.0,"c5_9_n_validos":1,"c5_9_n_total":1,"c5_9_completude":1.0,"i60_69_n_validos":1,"i60_69_n_total":1,"i60_69_completude":1.0,"i70m_n_validos":1,"i70m_n_total":1,"i70m_completude":1.0,"indigenas_n_validos":1,"indigenas_n_total":1,"indigenas_completude":1.0,"pretos_pardos_n_validos":0,"pretos_pardos_n_total":1,"pretos_pardos_completude":0.0,"dom_agua_n_validos":1,"dom_agua_n_total":1,"dom_agua_completude":1.0,"dom_esgoto_n_validos":1,"dom_esgoto_n_total":1,"dom_esgoto_completude":1.0,"n_resp_n_validos":1,"n_resp_n_total":1,"n_resp_completude":1.0,"renda_resp_n_validos":1,"renda_resp_n_total":1,"renda_resp_completude":1.0,"dens_n_validos":1,"dens_n_total":1,"dens_completude":1.0,"status_borda_bacia":"total","metodo_area_bacia":"interseção geométrica em EPSG:5880","metodo_na_bacia":"ponto_representativo_setor_2022_within_bacia","municipio":"São Marcos","cod_mun":"4319000","mun_pct_na_bacia":100.0,"mun_pop_total":21084,"mun_pop_na_bacia":21084.0,"mun_ubs_iede":9,"mun_hospitais_iede":2,"mun_escolas_iede":20,"mun_bombeiros_iede":1,"mun_servicos_cobertura":"cadastro_IEDE_parcial_nao_inventario","mun_icm_faixa":"B","mun_icm_pontos":8,"mun_icm_prioritario":"não","mun_ubs_iede_status":"published","mun_hospitais_iede_status":"published","mun_escolas_iede_status":"published","mun_bombeiros_iede_status":"published"},"geometry":{"type":"Polygon","coordinates":[[[-51.05831429999996,-28.971876],[-51.06195719999993,-28.97198449999996],[-51.06198469999998,-28.971094],[-51.05835979999994,-28.970955699999937],[-51.05831429999996,-28.971876]]]}},{"type":"Feature","properties":{"setor":"431900005000046","pop":251,"sigilo_pop":false,"dom":123,"sigilo_dom":0,"mulheres":136,"sigilo_mulheres":0,"c0_4":14,"sigilo_c0_4":0,"c5_9":null,"sigilo_c5_9":1,"i60_69":34,"sigilo_i60_69":0,"i70m":33,"sigilo_i70m":0,"indigenas":0,"sigilo_indigenas":0,"pretos_pardos":null,"sigilo_pretos_pardos":1,"dom_ocupados":108,"sigilo_dom_ocupados":0,"dom_agua":108,"sigilo_dom_agua":0,"dom_esgoto":108,"sigilo_dom_esgoto":0,"renda_resp":3722.88,"sigilo_renda_resp":0,"n_resp":108,"sigilo_n_resp":0,"dens":1165.2,"sigilo_dens":false,"na_bacia":1,"area_pct_bacia":100.0,"metodo_recorte_bacia":"ponto_representativo_setor_2022; area_pct_geometrica","pop_n_validos":1,"pop_n_total":1,"pop_completude":1.0,"dom_n_validos":1,"dom_n_total":1,"dom_completude":1.0,"dom_ocupados_n_validos":1,"dom_ocupados_n_total":1,"dom_ocupados_completude":1.0,"mulheres_n_validos":1,"mulheres_n_total":1,"mulheres_completude":1.0,"c0_4_n_validos":1,"c0_4_n_total":1,"c0_4_completude":1.0,"c5_9_n_validos":0,"c5_9_n_total":1,"c5_9_completude":0.0,"i60_69_n_validos":1,"i60_69_n_total":1,"i60_69_completude":1.0,"i70m_n_validos":1,"i70m_n_total":1,"i70m_completude":1.0,"indigenas_n_validos":1,"indigenas_n_total":1,"indigenas_completude":1.0,"pretos_pardos_n_validos":0,"pretos_pardos_n_total":1,"pretos_pardos_completude":0.0,"dom_agua_n_validos":1,"dom_agua_n_total":1,"dom_agua_completude":1.0,"dom_esgoto_n_validos":1,"dom_esgoto_n_total":1,"dom_esgoto_completude":1.0,"n_resp_n_validos":1,"n_resp_n_total":1,"n_resp_completude":1.0,"renda_resp_n_validos":1,"renda_resp_n_total":1,"renda_resp_completude":1.0,"dens_n_validos":1,"dens_n_total":1,"dens_completude":1.0,"status_borda_bacia":"total","metodo_area_bacia":"interseção geométrica em EPSG:5880","metodo_na_bacia":"ponto_representativo_setor_2022_within_bacia","municipio":"São Marcos","cod_mun":"4319000","mun_pct_na_bacia":100.0,"mun_pop_total":21084,"mun_pop_na_bacia":21084.0,"mun_ubs_iede":9,"mun_hospitais_iede":2,"mun_escolas_iede":20,"mun_bombeiros_iede":1,"mun_servicos_cobertura":"cadastro_IEDE_parcial_nao_inventario","mun_icm_faixa":"B","mun_icm_pontos":8,"mun_icm_prioritario":"não","mun_ubs_iede_status":"published","mun_hospitais_iede_status":"published","mun_escolas_iede_status":"published","mun_bombeiros_iede_status":"published"},"geometry":{"type":"Polygon","coordinates":[[[-51.07011449999993,-28.96194219999994],[-51.06982879999998,-28.966449199999936],[-51.07089259999998,-28.966483699999984],[-51.070840399999945,-28.967861],[-51.07174629999997,-28.96786679999997],[-51.07235379999997,-28.966507799999928],[-51.07302419999996,-28.966225799999954],[-51.074073299999945,-28.966212199999983],[-51.075094899999954,-28.964314],[-51.07302789999995,-28.9622553],[-51.071145099999974,-28.96220359999995],[-51.07114969999998,-28.96198139999996],[-51.07011449999993,-28.96194219999994]]]}},{"type":"Feature","properties":{"setor":"431900005000049","pop":95,"sigilo_pop":false,"dom":40,"sigilo_dom":0,"mulheres":50,"sigilo_mulheres":0,"c0_4":null,"sigilo_c0_4":1,"c5_9":null,"sigilo_c5_9":1,"i60_69":18,"sigilo_i60_69":0,"i70m":11,"sigilo_i70m":0,"indigenas":0,"sigilo_indigenas":0,"pretos_pardos":4,"sigilo_pretos_pardos":0,"dom_ocupados":38,"sigilo_dom_ocupados":0,"dom_agua":38,"sigilo_dom_agua":0,"dom_esgoto":22,"sigilo_dom_esgoto":0,"renda_resp":2816.58,"sigilo_renda_resp":0,"n_resp":38,"sigilo_n_resp":0,"dens":217.5,"sigilo_dens":false,"na_bacia":1,"area_pct_bacia":100.0,"metodo_recorte_bacia":"ponto_representativo_setor_2022; area_pct_geometrica","pop_n_validos":1,"pop_n_total":1,"pop_completude":1.0,"dom_n_validos":1,"dom_n_total":1,"dom_completude":1.0,"dom_ocupados_n_validos":1,"dom_ocupados_n_total":1,"dom_ocupados_completude":1.0,"mulheres_n_validos":1,"mulheres_n_total":1,"mulheres_completude":1.0,"c0_4_n_validos":0,"c0_4_n_total":1,"c0_4_completude":0.0,"c5_9_n_validos":0,"c5_9_n_total":1,"c5_9_completude":0.0,"i60_69_n_validos":1,"i60_69_n_total":1,"i60_69_completude":1.0,"i70m_n_validos":1,"i70m_n_total":1,"i70m_completude":1.0,"indigenas_n_validos":1,"indigenas_n_total":1,"indigenas_completude":1.0,"pretos_pardos_n_validos":1,"pretos_pardos_n_total":1,"pretos_pardos_completude":1.0,"dom_agua_n_validos":1,"dom_agua_n_total":1,"dom_agua_completude":1.0,"dom_esgoto_n_validos":1,"dom_esgoto_n_total":1,"dom_esgoto_completude":1.0,"n_resp_n_validos":1,"n_resp_n_total":1,"n_resp_completude":1.0,"renda_resp_n_validos":1,"renda_resp_n_total":1,"renda_resp_completude":1.0,"dens_n_validos":1,"dens_n_total":1,"dens_completude":1.0,"status_borda_bacia":"total","metodo_area_bacia":"interseção geométrica em EPSG:5880","metodo_na_bacia":"ponto_representativo_setor_2022_within_bacia","municipio":"São Marcos","cod_mun":"4319000","mun_pct_na_bacia":100.0,"mun_pop_total":21084,"mun_pop_na_bacia":21084.0,"mun_ubs_iede":9,"mun_hospitais_iede":2,"mun_escolas_iede":20,"mun_bombeiros_iede":1,"mun_servicos_cobertura":"cadastro_IEDE_parcial_nao_inventario","mun_icm_faixa":"B","mun_icm_pontos":8,"mun_icm_prioritario":"não","mun_ubs_iede_status":"published","mun_hospitais_iede_status":"published","mun_escolas_iede_status":"published","mun_bombeiros_iede_status":"published"},"geometry":{"type":"Polygon","coordinates":[[[-51.07925919999997,-28.959556],[-51.078567599999985,-28.961750199999972],[-51.07762619999994,-28.962776699999942],[-51.07833439999996,-28.96239769999994],[-51.079286799999984,-28.962374899999933],[-51.08005069999996,-28.962081399999924],[-51.081166,-28.961240299999922],[-51.082379099999976,-28.96081779999998],[-51.08438129999996,-28.960911399999933],[-51.08566779999996,-28.960544699999964],[-51.09287509999996,-28.96082669999998],[-51.09276829999993,-28.95880079999995],[-51.08998059999993,-28.95803769999997],[-51.08840889999993,-28.95705029999993],[-51.083965,-28.956831799999975],[-51.08245739999995,-28.959085],[-51.082338799999945,-28.959645299999977],[-51.07925919999997,-28.959556]]]}},{"type":"Feature","properties":{"setor":"431900005000050","pop":663,"sigilo_pop":false,"dom":269,"sigilo_dom":0,"mulheres":333,"sigilo_mulheres":0,"c0_4":43,"sigilo_c0_4":0,"c5_9":31,"sigilo_c5_9":0,"i60_69":76,"sigilo_i60_69":0,"i70m":23,"sigilo_i70m":0,"indigenas":0,"sigilo_indigenas":0,"pretos_pardos":68,"sigilo_pretos_pardos":0,"dom_ocupados":249,"sigilo_dom_ocupados":0,"dom_agua":236,"sigilo_dom_agua":0,"dom_esgoto":214,"sigilo_dom_esgoto":0,"renda_resp":1896.27,"sigilo_renda_resp":0,"n_resp":249,"sigilo_n_resp":0,"dens":767.5,"sigilo_dens":false,"na_bacia":1,"area_pct_bacia":100.0,"metodo_recorte_bacia":"ponto_representativo_setor_2022; area_pct_geometrica","pop_n_validos":1,"pop_n_total":1,"pop_completude":1.0,"dom_n_validos":1,"dom_n_total":1,"dom_completude":1.0,"dom_ocupados_n_validos":1,"dom_ocupados_n_total":1,"dom_ocupados_completude":1.0,"mulheres_n_validos":1,"mulheres_n_total":1,"mulheres_completude":1.0,"c0_4_n_validos":1,"c0_4_n_total":1,"c0_4_completude":1.0,"c5_9_n_validos":1,"c5_9_n_total":1,"c5_9_completude":1.0,"i60_69_n_validos":1,"i60_69_n_total":1,"i60_69_completude":1.0,"i70m_n_validos":1,"i70m_n_total":1,"i70m_completude":1.0,"indigenas_n_validos":1,"indigenas_n_total":1,"indigenas_completude":1.0,"pretos_pardos_n_validos":1,"pretos_pardos_n_total":1,"pretos_pardos_completude":1.0,"dom_agua_n_validos":1,"dom_agua_n_total":1,"dom_agua_completude":1.0,"dom_esgoto_n_validos":1,"dom_esgoto_n_total":1,"dom_esgoto_completude":1.0,"n_resp_n_validos":1,"n_resp_n_total":1,"n_resp_completude":1.0,"renda_resp_n_validos":1,"renda_resp_n_total":1,"renda_resp_completude":1.0,"dens_n_validos":1,"dens_n_total":1,"dens_completude":1.0,"status_borda_bacia":"total","metodo_area_bacia":"interseção geométrica em EPSG:5880","metodo_na_bacia":"ponto_representativo_setor_2022_within_bacia","municipio":"São Marcos","cod_mun":"4319000","mun_pct_na_bacia":100.0,"mun_pop_total":21084,"mun_pop_na_bacia":21084.0,"mun_ubs_iede":9,"mun_hospitais_iede":2,"mun_escolas_iede":20,"mun_bombeiros_iede":1,"mun_servicos_cobertura":"cadastro_IEDE_parcial_nao_inventario","mun_icm_faixa":"B","mun_icm_pontos":8,"mun_icm_prioritario":"não","mun_ubs_iede_status":"published","mun_hospitais_iede_status":"published","mun_escolas_iede_status":"published","mun_bombeiros_iede_status":"published"},"geometry":{"type":"Polygon","coordinates":[[[-51.07100109999993,-28.946710399999972],[-51.07196079999994,-28.947510799999964],[-51.07273449999997,-28.94877],[-51.07418959999996,-28.95024249999995],[-51.074088,-28.951359499999974],[-51.07990959999996,-28.951642599999946],[-51.081491,-28.952501899999966],[-51.08609359999998,-28.952613399999954],[-51.086256599999956,-28.946116799999956],[-51.085865499999954,-28.945835199999976],[-51.08609749999994,-28.94570139999995],[-51.08618439999998,-28.94485479999996],[-51.07984729999998,-28.944814899999976],[-51.079835799999955,-28.94682929999993],[-51.07100109999993,-28.946710399999972]]]}},{"type":"Feature","properties":{"setor":"431900005000051","pop":556,"sigilo_pop":false,"dom":235,"sigilo_dom":0,"mulheres":286,"sigilo_mulheres":0,"c0_4":19,"sigilo_c0_4":0,"c5_9":26,"sigilo_c5_9":0,"i60_69":70,"sigilo_i60_69":0,"i70m":50,"sigilo_i70m":0,"indigenas":null,"sigilo_indigenas":1,"pretos_pardos":90,"sigilo_pretos_pardos":0,"dom_ocupados":217,"sigilo_dom_ocupados":0,"dom_agua":217,"sigilo_dom_agua":0,"dom_esgoto":216,"sigilo_dom_esgoto":0,"renda_resp":2727.66,"sigilo_renda_resp":0,"n_resp":217,"sigilo_n_resp":0,"dens":3556.5,"sigilo_dens":false,"na_bacia":1,"area_pct_bacia":100.0,"metodo_recorte_bacia":"ponto_representativo_setor_2022; area_pct_geometrica","pop_n_validos":1,"pop_n_total":1,"pop_completude":1.0,"dom_n_validos":1,"dom_n_total":1,"dom_completude":1.0,"dom_ocupados_n_validos":1,"dom_ocupados_n_total":1,"dom_ocupados_completude":1.0,"mulheres_n_validos":1,"mulheres_n_total":1,"mulheres_completude":1.0,"c0_4_n_validos":1,"c0_4_n_total":1,"c0_4_completude":1.0,"c5_9_n_validos":1,"c5_9_n_total":1,"c5_9_completude":1.0,"i60_69_n_validos":1,"i60_69_n_total":1,"i60_69_completude":1.0,"i70m_n_validos":1,"i70m_n_total":1,"i70m_completude":1.0,"indigenas_n_validos":0,"indigenas_n_total":1,"indigenas_completude":0.0,"pretos_pardos_n_validos":1,"pretos_pardos_n_total":1,"pretos_pardos_completude":1.0,"dom_agua_n_validos":1,"dom_agua_n_total":1,"dom_agua_completude":1.0,"dom_esgoto_n_validos":1,"dom_esgoto_n_total":1,"dom_esgoto_completude":1.0,"n_resp_n_validos":1,"n_resp_n_total":1,"n_resp_completude":1.0,"renda_resp_n_validos":1,"renda_resp_n_total":1,"renda_resp_completude":1.0,"dens_n_validos":1,"dens_n_total":1,"dens_completude":1.0,"status_borda_bacia":"total","metodo_area_bacia":"interseção geométrica em EPSG:5880","metodo_na_bacia":"ponto_representativo_setor_2022_within_bacia","municipio":"São Marcos","cod_mun":"4319000","mun_pct_na_bacia":100.0,"mun_pop_total":21084,"mun_pop_na_bacia":21084.0,"mun_ubs_iede":9,"mun_hospitais_iede":2,"mun_escolas_iede":20,"mun_bombeiros_iede":1,"mun_servicos_cobertura":"cadastro_IEDE_parcial_nao_inventario","mun_icm_faixa":"B","mun_icm_pontos":8,"mun_icm_prioritario":"não","mun_ubs_iede_status":"published","mun_hospitais_iede_status":"published","mun_escolas_iede_status":"published","mun_bombeiros_iede_status":"published"},"geometry":{"type":"Polygon","coordinates":[[[-51.053368899999946,-28.971281299999937],[-51.054471,-28.973601399999946],[-51.055709499999985,-28.97474889999995],[-51.05610479999996,-28.975776],[-51.057882,-28.975850499999982],[-51.05790789999998,-28.97429639999997],[-51.05851449999994,-28.97422009999997],[-51.05803729999997,-28.974044799999948],[-51.05827089999997,-28.972897599999953],[-51.05614219999996,-28.972480599999976],[-51.05663279999993,-28.970821699999934],[-51.053584099999966,-28.97073019999994],[-51.053362799999945,-28.970767899999938],[-51.053368899999946,-28.971281299999937]]]}},{"type":"Feature","properties":{"setor":"431900005000052","pop":127,"sigilo_pop":false,"dom":48,"sigilo_dom":0,"mulheres":63,"sigilo_mulheres":0,"c0_4":null,"sigilo_c0_4":1,"c5_9":13,"sigilo_c5_9":0,"i60_69":16,"sigilo_i60_69":0,"i70m":10,"sigilo_i70m":0,"indigenas":0,"sigilo_indigenas":0,"pretos_pardos":6,"sigilo_pretos_pardos":0,"dom_ocupados":44,"sigilo_dom_ocupados":0,"dom_agua":44,"sigilo_dom_agua":0,"dom_esgoto":43,"sigilo_dom_esgoto":0,"renda_resp":2881.9,"sigilo_renda_resp":0,"n_resp":44,"sigilo_n_resp":0,"dens":4191.5,"sigilo_dens":false,"na_bacia":1,"area_pct_bacia":100.0,"metodo_recorte_bacia":"ponto_representativo_setor_2022; area_pct_geometrica","pop_n_validos":1,"pop_n_total":1,"pop_completude":1.0,"dom_n_validos":1,"dom_n_total":1,"dom_completude":1.0,"dom_ocupados_n_validos":1,"dom_ocupados_n_total":1,"dom_ocupados_completude":1.0,"mulheres_n_validos":1,"mulheres_n_total":1,"mulheres_completude":1.0,"c0_4_n_validos":0,"c0_4_n_total":1,"c0_4_completude":0.0,"c5_9_n_validos":1,"c5_9_n_total":1,"c5_9_completude":1.0,"i60_69_n_validos":1,"i60_69_n_total":1,"i60_69_completude":1.0,"i70m_n_validos":1,"i70m_n_total":1,"i70m_completude":1.0,"indigenas_n_validos":1,"indigenas_n_total":1,"indigenas_completude":1.0,"pretos_pardos_n_validos":1,"pretos_pardos_n_total":1,"pretos_pardos_completude":1.0,"dom_agua_n_validos":1,"dom_agua_n_total":1,"dom_agua_completude":1.0,"dom_esgoto_n_validos":1,"dom_esgoto_n_total":1,"dom_esgoto_completude":1.0,"n_resp_n_validos":1,"n_resp_n_total":1,"n_resp_completude":1.0,"renda_resp_n_validos":1,"renda_resp_n_total":1,"renda_resp_completude":1.0,"dens_n_validos":1,"dens_n_total":1,"dens_completude":1.0,"status_borda_bacia":"total","metodo_area_bacia":"interseção geométrica em EPSG:5880","metodo_na_bacia":"ponto_representativo_setor_2022_within_bacia","municipio":"São Marcos","cod_mun":"4319000","mun_pct_na_bacia":100.0,"mun_pop_total":21084,"mun_pop_na_bacia":21084.0,"mun_ubs_iede":9,"mun_hospitais_iede":2,"mun_escolas_iede":20,"mun_bombeiros_iede":1,"mun_servicos_cobertura":"cadastro_IEDE_parcial_nao_inventario","mun_icm_faixa":"B","mun_icm_pontos":8,"mun_icm_prioritario":"não","mun_ubs_iede_status":"published","mun_hospitais_iede_status":"published","mun_escolas_iede_status":"published","mun_bombeiros_iede_status":"published"},"geometry":{"type":"Polygon","coordinates":[[[-51.069491,-28.97589869999996],[-51.069493399999935,-28.977431699999944],[-51.07201839999993,-28.97746269999994],[-51.07201329999997,-28.97714219999994],[-51.070223,-28.976257599999943],[-51.07062359999998,-28.975656499999968],[-51.070199299999956,-28.975419399999968],[-51.069491,-28.97589869999996]]]}},{"type":"Feature","properties":{"setor":"431900005000055","pop":18,"sigilo_pop":false,"dom":11,"sigilo_dom":0,"mulheres":9,"sigilo_mulheres":0,"c0_4":0,"sigilo_c0_4":0,"c5_9":0,"sigilo_c5_9":0,"i60_69":null,"sigilo_i60_69":1,"i70m":null,"sigilo_i70m":1,"indigenas":0,"sigilo_indigenas":0,"pretos_pardos":3,"sigilo_pretos_pardos":0,"dom_ocupados":8,"sigilo_dom_ocupados":0,"dom_agua":8,"sigilo_dom_agua":0,"dom_esgoto":8,"sigilo_dom_esgoto":0,"renda_resp":3742.86,"sigilo_renda_resp":0,"n_resp":8,"sigilo_n_resp":0,"dens":72.2,"sigilo_dens":false,"na_bacia":1,"area_pct_bacia":100.0,"metodo_recorte_bacia":"ponto_representativo_setor_2022; area_pct_geometrica","pop_n_validos":1,"pop_n_total":1,"pop_completude":1.0,"dom_n_validos":1,"dom_n_total":1,"dom_completude":1.0,"dom_ocupados_n_validos":1,"dom_ocupados_n_total":1,"dom_ocupados_completude":1.0,"mulheres_n_validos":1,"mulheres_n_total":1,"mulheres_completude":1.0,"c0_4_n_validos":1,"c0_4_n_total":1,"c0_4_completude":1.0,"c5_9_n_validos":1,"c5_9_n_total":1,"c5_9_completude":1.0,"i60_69_n_validos":0,"i60_69_n_total":1,"i60_69_completude":0.0,"i70m_n_validos":0,"i70m_n_total":1,"i70m_completude":0.0,"indigenas_n_validos":1,"indigenas_n_total":1,"indigenas_completude":1.0,"pretos_pardos_n_validos":1,"pretos_pardos_n_total":1,"pretos_pardos_completude":1.0,"dom_agua_n_validos":1,"dom_agua_n_total":1,"dom_agua_completude":1.0,"dom_esgoto_n_validos":1,"dom_esgoto_n_total":1,"dom_esgoto_completude":1.0,"n_resp_n_validos":1,"n_resp_n_total":1,"n_resp_completude":1.0,"renda_resp_n_validos":1,"renda_resp_n_total":1,"renda_resp_completude":1.0,"dens_n_validos":1,"dens_n_total":1,"dens_completude":1.0,"status_borda_bacia":"total","metodo_area_bacia":"interseção geométrica em EPSG:5880","metodo_na_bacia":"ponto_representativo_setor_2022_within_bacia","municipio":"São Marcos","cod_mun":"4319000","mun_pct_na_bacia":100.0,"mun_pop_total":21084,"mun_pop_na_bacia":21084.0,"mun_ubs_iede":9,"mun_hospitais_iede":2,"mun_escolas_iede":20,"mun_bombeiros_iede":1,"mun_servicos_cobertura":"cadastro_IEDE_parcial_nao_inventario","mun_icm_faixa":"B","mun_icm_pontos":8,"mun_icm_prioritario":"não","mun_ubs_iede_status":"published","mun_hospitais_iede_status":"published","mun_escolas_iede_status":"published","mun_bombeiros_iede_status":"published"},"geometry":{"type":"Polygon","coordinates":[[[-51.03494859999995,-28.96639739999994],[-51.036647399999936,-28.966589],[-51.038062,-28.967019],[-51.03871349999997,-28.966840399999974],[-51.039885899999945,-28.965709499999953],[-51.04028389999997,-28.964772099999948],[-51.04179819999996,-28.964806299999957],[-51.041865,-28.962753399999947],[-51.035105599999945,-28.96269409999996],[-51.03494859999995,-28.96639739999994]]]}},{"type":"Feature","properties":{"setor":"431900005000056","pop":200,"sigilo_pop":false,"dom":95,"sigilo_dom":0,"mulheres":100,"sigilo_mulheres":0,"c0_4":11,"sigilo_c0_4":0,"c5_9":null,"sigilo_c5_9":1,"i60_69":18,"sigilo_i60_69":0,"i70m":10,"sigilo_i70m":0,"indigenas":0,"sigilo_indigenas":0,"pretos_pardos":null,"sigilo_pretos_pardos":1,"dom_ocupados":82,"sigilo_dom_ocupados":0,"dom_agua":82,"sigilo_dom_agua":0,"dom_esgoto":82,"sigilo_dom_esgoto":0,"renda_resp":2501.08,"sigilo_renda_resp":0,"n_resp":82,"sigilo_n_resp":0,"dens":482.7,"sigilo_dens":false,"na_bacia":1,"area_pct_bacia":100.0,"metodo_recorte_bacia":"ponto_representativo_setor_2022; area_pct_geometrica","pop_n_validos":1,"pop_n_total":1,"pop_completude":1.0,"dom_n_validos":1,"dom_n_total":1,"dom_completude":1.0,"dom_ocupados_n_validos":1,"dom_ocupados_n_total":1,"dom_ocupados_completude":1.0,"mulheres_n_validos":1,"mulheres_n_total":1,"mulheres_completude":1.0,"c0_4_n_validos":1,"c0_4_n_total":1,"c0_4_completude":1.0,"c5_9_n_validos":0,"c5_9_n_total":1,"c5_9_completude":0.0,"i60_69_n_validos":1,"i60_69_n_total":1,"i60_69_completude":1.0,"i70m_n_validos":1,"i70m_n_total":1,"i70m_completude":1.0,"indigenas_n_validos":1,"indigenas_n_total":1,"indigenas_completude":1.0,"pretos_pardos_n_validos":0,"pretos_pardos_n_total":1,"pretos_pardos_completude":0.0,"dom_agua_n_validos":1,"dom_agua_n_total":1,"dom_agua_completude":1.0,"dom_esgoto_n_validos":1,"dom_esgoto_n_total":1,"dom_esgoto_completude":1.0,"n_resp_n_validos":1,"n_resp_n_total":1,"n_resp_completude":1.0,"renda_resp_n_validos":1,"renda_resp_n_total":1,"renda_resp_completude":1.0,"dens_n_validos":1,"dens_n_total":1,"dens_completude":1.0,"status_borda_bacia":"total","metodo_area_bacia":"interseção geométrica em EPSG:5880","metodo_na_bacia":"ponto_representativo_setor_2022_within_bacia","municipio":"São Marcos","cod_mun":"4319000","mun_pct_na_bacia":100.0,"mun_pop_total":21084,"mun_pop_na_bacia":21084.0,"mun_ubs_iede":9,"mun_hospitais_iede":2,"mun_escolas_iede":20,"mun_bombeiros_iede":1,"mun_servicos_cobertura":"cadastro_IEDE_parcial_nao_inventario","mun_icm_faixa":"B","mun_icm_pontos":8,"mun_icm_prioritario":"não","mun_ubs_iede_status":"published","mun_hospitais_iede_status":"published","mun_escolas_iede_status":"published","mun_bombeiros_iede_status":"published"},"geometry":{"type":"Polygon","coordinates":[[[-51.04179819999996,-28.964806299999957],[-51.04028389999997,-28.964772099999948],[-51.03949249999994,-28.9662],[-51.03842619999995,-28.96694969999993],[-51.03494859999995,-28.96639739999994],[-51.034801699999946,-28.97067049999998],[-51.04251929999998,-28.97076769999995],[-51.042582599999946,-28.967554499999945],[-51.043029399999966,-28.967574599999974],[-51.04324429999997,-28.96401219999995],[-51.04179819999996,-28.964806299999957]]]}},{"type":"Feature","properties":{"setor":"431900005000060","pop":723,"sigilo_pop":false,"dom":297,"sigilo_dom":0,"mulheres":369,"sigilo_mulheres":0,"c0_4":35,"sigilo_c0_4":0,"c5_9":36,"sigilo_c5_9":0,"i60_69":57,"sigilo_i60_69":0,"i70m":60,"sigilo_i70m":0,"indigenas":0,"sigilo_indigenas":0,"pretos_pardos":183,"sigilo_pretos_pardos":0,"dom_ocupados":270,"sigilo_dom_ocupados":0,"dom_agua":265,"sigilo_dom_agua":0,"dom_esgoto":155,"sigilo_dom_esgoto":0,"renda_resp":3028.57,"sigilo_renda_resp":0,"n_resp":270,"sigilo_n_resp":0,"dens":1428.5,"sigilo_dens":false,"na_bacia":1,"area_pct_bacia":100.0,"metodo_recorte_bacia":"ponto_representativo_setor_2022; area_pct_geometrica","pop_n_validos":1,"pop_n_total":1,"pop_completude":1.0,"dom_n_validos":1,"dom_n_total":1,"dom_completude":1.0,"dom_ocupados_n_validos":1,"dom_ocupados_n_total":1,"dom_ocupados_completude":1.0,"mulheres_n_validos":1,"mulheres_n_total":1,"mulheres_completude":1.0,"c0_4_n_validos":1,"c0_4_n_total":1,"c0_4_completude":1.0,"c5_9_n_validos":1,"c5_9_n_total":1,"c5_9_completude":1.0,"i60_69_n_validos":1,"i60_69_n_total":1,"i60_69_completude":1.0,"i70m_n_validos":1,"i70m_n_total":1,"i70m_completude":1.0,"indigenas_n_validos":1,"indigenas_n_total":1,"indigenas_completude":1.0,"pretos_pardos_n_validos":1,"pretos_pardos_n_total":1,"pretos_pardos_completude":1.0,"dom_agua_n_validos":1,"dom_agua_n_total":1,"dom_agua_completude":1.0,"dom_esgoto_n_validos":1,"dom_esgoto_n_total":1,"dom_esgoto_completude":1.0,"n_resp_n_validos":1,"n_resp_n_total":1,"n_resp_completude":1.0,"renda_resp_n_validos":1,"renda_resp_n_total":1,"renda_resp_completude":1.0,"dens_n_validos":1,"dens_n_total":1,"dens_completude":1.0,"status_borda_bacia":"total","metodo_area_bacia":"interseção geométrica em EPSG:5880","metodo_na_bacia":"ponto_representativo_setor_2022_within_bacia","municipio":"São Marcos","cod_mun":"4319000","mun_pct_na_bacia":100.0,"mun_pop_total":21084,"mun_pop_na_bacia":21084.0,"mun_ubs_iede":9,"mun_hospitais_iede":2,"mun_escolas_iede":20,"mun_bombeiros_iede":1,"mun_servicos_cobertura":"cadastro_IEDE_parcial_nao_inventario","mun_icm_faixa":"B","mun_icm_pontos":8,"mun_icm_prioritario":"não","mun_ubs_iede_status":"published","mun_hospitais_iede_status":"published","mun_escolas_iede_status":"published","mun_bombeiros_iede_status":"published"},"geometry":{"type":"Polygon","coordinates":[[[-51.07833439999996,-28.96239769999994],[-51.07534469999996,-28.96396149999999],[-51.07354729999997,-28.96713429999993],[-51.076861399999984,-28.967317099999946],[-51.07705749999997,-28.964146199999952],[-51.087017399999986,-28.964408099999947],[-51.08704019999993,-28.962287],[-51.092751599999986,-28.962384299999933],[-51.09287509999996,-28.96082669999998],[-51.08566779999996,-28.960544699999964],[-51.08438129999996,-28.960911399999933],[-51.082379099999976,-28.96081779999998],[-51.081166,-28.961240299999922],[-51.08005069999996,-28.962081399999924],[-51.079286799999984,-28.962374899999933],[-51.07833439999996,-28.96239769999994]]]}},{"type":"Feature","properties":{"setor":"431900005000061","pop":115,"sigilo_pop":false,"dom":51,"sigilo_dom":0,"mulheres":56,"sigilo_mulheres":0,"c0_4":null,"sigilo_c0_4":1,"c5_9":null,"sigilo_c5_9":1,"i60_69":8,"sigilo_i60_69":0,"i70m":null,"sigilo_i70m":1,"indigenas":0,"sigilo_indigenas":0,"pretos_pardos":6,"sigilo_pretos_pardos":0,"dom_ocupados":46,"sigilo_dom_ocupados":0,"dom_agua":46,"sigilo_dom_agua":0,"dom_esgoto":46,"sigilo_dom_esgoto":0,"renda_resp":4823.6,"sigilo_renda_resp":0,"n_resp":46,"sigilo_n_resp":0,"dens":681.2,"sigilo_dens":false,"na_bacia":1,"area_pct_bacia":100.0,"metodo_recorte_bacia":"ponto_representativo_setor_2022; area_pct_geometrica","pop_n_validos":1,"pop_n_total":1,"pop_completude":1.0,"dom_n_validos":1,"dom_n_total":1,"dom_completude":1.0,"dom_ocupados_n_validos":1,"dom_ocupados_n_total":1,"dom_ocupados_completude":1.0,"mulheres_n_validos":1,"mulheres_n_total":1,"mulheres_completude":1.0,"c0_4_n_validos":0,"c0_4_n_total":1,"c0_4_completude":0.0,"c5_9_n_validos":0,"c5_9_n_total":1,"c5_9_completude":0.0,"i60_69_n_validos":1,"i60_69_n_total":1,"i60_69_completude":1.0,"i70m_n_validos":0,"i70m_n_total":1,"i70m_completude":0.0,"indigenas_n_validos":1,"indigenas_n_total":1,"indigenas_completude":1.0,"pretos_pardos_n_validos":1,"pretos_pardos_n_total":1,"pretos_pardos_completude":1.0,"dom_agua_n_validos":1,"dom_agua_n_total":1,"dom_agua_completude":1.0,"dom_esgoto_n_validos":1,"dom_esgoto_n_total":1,"dom_esgoto_completude":1.0,"n_resp_n_validos":1,"n_resp_n_total":1,"n_resp_completude":1.0,"renda_resp_n_validos":1,"renda_resp_n_total":1,"renda_resp_completude":1.0,"dens_n_validos":1,"dens_n_total":1,"dens_completude":1.0,"status_borda_bacia":"total","metodo_area_bacia":"interseção geométrica em EPSG:5880","metodo_na_bacia":"ponto_representativo_setor_2022_within_bacia","municipio":"São Marcos","cod_mun":"4319000","mun_pct_na_bacia":100.0,"mun_pop_total":21084,"mun_pop_na_bacia":21084.0,"mun_ubs_iede":9,"mun_hospitais_iede":2,"mun_escolas_iede":20,"mun_bombeiros_iede":1,"mun_servicos_cobertura":"cadastro_IEDE_parcial_nao_inventario","mun_icm_faixa":"B","mun_icm_pontos":8,"mun_icm_prioritario":"não","mun_ubs_iede_status":"published","mun_hospitais_iede_status":"published","mun_escolas_iede_status":"published","mun_bombeiros_iede_status":"published"},"geometry":{"type":"Polygon","coordinates":[[[-51.076861399999984,-28.967317099999946],[-51.08111429999997,-28.967499],[-51.08123989999996,-28.965396099999964],[-51.082844499999965,-28.965465],[-51.08309029999998,-28.96422749999994],[-51.07705749999997,-28.964146199999952],[-51.076861399999984,-28.967317099999946]]]}},{"type":"Feature","properties":{"setor":"431900005000062","pop":155,"sigilo_pop":false,"dom":74,"sigilo_dom":0,"mulheres":85,"sigilo_mulheres":0,"c0_4":null,"sigilo_c0_4":1,"c5_9":null,"sigilo_c5_9":1,"i60_69":28,"sigilo_i60_69":0,"i70m":21,"sigilo_i70m":0,"indigenas":0,"sigilo_indigenas":0,"pretos_pardos":25,"sigilo_pretos_pardos":0,"dom_ocupados":69,"sigilo_dom_ocupados":0,"dom_agua":66,"sigilo_dom_agua":0,"dom_esgoto":69,"sigilo_dom_esgoto":0,"renda_resp":2919.7,"sigilo_renda_resp":0,"n_resp":69,"sigilo_n_resp":0,"dens":2992.6,"sigilo_dens":false,"na_bacia":1,"area_pct_bacia":100.0,"metodo_recorte_bacia":"ponto_representativo_setor_2022; area_pct_geometrica","pop_n_validos":1,"pop_n_total":1,"pop_completude":1.0,"dom_n_validos":1,"dom_n_total":1,"dom_completude":1.0,"dom_ocupados_n_validos":1,"dom_ocupados_n_total":1,"dom_ocupados_completude":1.0,"mulheres_n_validos":1,"mulheres_n_total":1,"mulheres_completude":1.0,"c0_4_n_validos":0,"c0_4_n_total":1,"c0_4_completude":0.0,"c5_9_n_validos":0,"c5_9_n_total":1,"c5_9_completude":0.0,"i60_69_n_validos":1,"i60_69_n_total":1,"i60_69_completude":1.0,"i70m_n_validos":1,"i70m_n_total":1,"i70m_completude":1.0,"indigenas_n_validos":1,"indigenas_n_total":1,"indigenas_completude":1.0,"pretos_pardos_n_validos":1,"pretos_pardos_n_total":1,"pretos_pardos_completude":1.0,"dom_agua_n_validos":1,"dom_agua_n_total":1,"dom_agua_completude":1.0,"dom_esgoto_n_validos":1,"dom_esgoto_n_total":1,"dom_esgoto_completude":1.0,"n_resp_n_validos":1,"n_resp_n_total":1,"n_resp_completude":1.0,"renda_resp_n_validos":1,"renda_resp_n_total":1,"renda_resp_completude":1.0,"dens_n_validos":1,"dens_n_total":1,"dens_completude":1.0,"status_borda_bacia":"total","metodo_area_bacia":"interseção geométrica em EPSG:5880","metodo_na_bacia":"ponto_representativo_setor_2022_within_bacia","municipio":"São Marcos","cod_mun":"4319000","mun_pct_na_bacia":100.0,"mun_pop_total":21084,"mun_pop_na_bacia":21084.0,"mun_ubs_iede":9,"mun_hospitais_iede":2,"mun_escolas_iede":20,"mun_bombeiros_iede":1,"mun_servicos_cobertura":"cadastro_IEDE_parcial_nao_inventario","mun_icm_faixa":"B","mun_icm_pontos":8,"mun_icm_prioritario":"não","mun_ubs_iede_status":"published","mun_hospitais_iede_status":"published","mun_escolas_iede_status":"published","mun_bombeiros_iede_status":"published"},"geometry":{"type":"Polygon","coordinates":[[[-51.071739599999944,-28.96830789999995],[-51.07680149999994,-28.96853519999996],[-51.07685209999994,-28.967320299999987],[-51.07354729999997,-28.96713429999993],[-51.07280629999997,-28.967864899999935],[-51.071739599999944,-28.96830789999995]]]}},{"type":"Feature","properties":{"setor":"431900005000064","pop":644,"sigilo_pop":false,"dom":320,"sigilo_dom":0,"mulheres":326,"sigilo_mulheres":0,"c0_4":32,"sigilo_c0_4":0,"c5_9":27,"sigilo_c5_9":0,"i60_69":56,"sigilo_i60_69":0,"i70m":45,"sigilo_i70m":0,"indigenas":0,"sigilo_indigenas":0,"pretos_pardos":86,"sigilo_pretos_pardos":0,"dom_ocupados":264,"sigilo_dom_ocupados":0,"dom_agua":247,"sigilo_dom_agua":0,"dom_esgoto":8,"sigilo_dom_esgoto":0,"renda_resp":3358.67,"sigilo_renda_resp":0,"n_resp":264,"sigilo_n_resp":0,"dens":1325.0,"sigilo_dens":false,"na_bacia":1,"area_pct_bacia":100.0,"metodo_recorte_bacia":"ponto_representativo_setor_2022; area_pct_geometrica","pop_n_validos":1,"pop_n_total":1,"pop_completude":1.0,"dom_n_validos":1,"dom_n_total":1,"dom_completude":1.0,"dom_ocupados_n_validos":1,"dom_ocupados_n_total":1,"dom_ocupados_completude":1.0,"mulheres_n_validos":1,"mulheres_n_total":1,"mulheres_completude":1.0,"c0_4_n_validos":1,"c0_4_n_total":1,"c0_4_completude":1.0,"c5_9_n_validos":1,"c5_9_n_total":1,"c5_9_completude":1.0,"i60_69_n_validos":1,"i60_69_n_total":1,"i60_69_completude":1.0,"i70m_n_validos":1,"i70m_n_total":1,"i70m_completude":1.0,"indigenas_n_validos":1,"indigenas_n_total":1,"indigenas_completude":1.0,"pretos_pardos_n_validos":1,"pretos_pardos_n_total":1,"pretos_pardos_completude":1.0,"dom_agua_n_validos":1,"dom_agua_n_total":1,"dom_agua_completude":1.0,"dom_esgoto_n_validos":1,"dom_esgoto_n_total":1,"dom_esgoto_completude":1.0,"n_resp_n_validos":1,"n_resp_n_total":1,"n_resp_completude":1.0,"renda_resp_n_validos":1,"renda_resp_n_total":1,"renda_resp_completude":1.0,"dens_n_validos":1,"dens_n_total":1,"dens_completude":1.0,"status_borda_bacia":"total","metodo_area_bacia":"interseção geométrica em EPSG:5880","metodo_na_bacia":"ponto_representativo_setor_2022_within_bacia","municipio":"São Marcos","cod_mun":"4319000","mun_pct_na_bacia":100.0,"mun_pop_total":21084,"mun_pop_na_bacia":21084.0,"mun_ubs_iede":9,"mun_hospitais_iede":2,"mun_escolas_iede":20,"mun_bombeiros_iede":1,"mun_servicos_cobertura":"cadastro_IEDE_parcial_nao_inventario","mun_icm_faixa":"B","mun_icm_pontos":8,"mun_icm_prioritario":"não","mun_ubs_iede_status":"published","mun_hospitais_iede_status":"published","mun_escolas_iede_status":"published","mun_bombeiros_iede_status":"published"},"geometry":{"type":"Polygon","coordinates":[[[-51.076861399999984,-28.967317099999946],[-51.076785,-28.969092199999977],[-51.07736839999995,-28.96926829999996],[-51.07807239999994,-28.97009629999997],[-51.080659099999934,-28.971075399999958],[-51.08190059999998,-28.971204099999955],[-51.08375539999998,-28.97103539999995],[-51.08621439999997,-28.968998899999974],[-51.086861799999944,-28.967984099999978],[-51.08699949999993,-28.964410199999982],[-51.08309029999998,-28.96422749999994],[-51.082844499999965,-28.965465],[-51.08123989999996,-28.965396099999964],[-51.08111429999997,-28.967499],[-51.076861399999984,-28.967317099999946]]]}},{"type":"Feature","properties":{"setor":"431900005000065","pop":9,"sigilo_pop":false,"dom":7,"sigilo_dom":0,"mulheres":6,"sigilo_mulheres":0,"c0_4":0,"sigilo_c0_4":0,"c5_9":null,"sigilo_c5_9":1,"i60_69":null,"sigilo_i60_69":1,"i70m":null,"sigilo_i70m":1,"indigenas":0,"sigilo_indigenas":0,"pretos_pardos":null,"sigilo_pretos_pardos":1,"dom_ocupados":5,"sigilo_dom_ocupados":0,"dom_agua":5,"sigilo_dom_agua":0,"dom_esgoto":null,"sigilo_dom_esgoto":1,"renda_resp":4225.0,"sigilo_renda_resp":0,"n_resp":5,"sigilo_n_resp":0,"dens":66.7,"sigilo_dens":false,"na_bacia":1,"area_pct_bacia":100.0,"metodo_recorte_bacia":"ponto_representativo_setor_2022; area_pct_geometrica","pop_n_validos":1,"pop_n_total":1,"pop_completude":1.0,"dom_n_validos":1,"dom_n_total":1,"dom_completude":1.0,"dom_ocupados_n_validos":1,"dom_ocupados_n_total":1,"dom_ocupados_completude":1.0,"mulheres_n_validos":1,"mulheres_n_total":1,"mulheres_completude":1.0,"c0_4_n_validos":1,"c0_4_n_total":1,"c0_4_completude":1.0,"c5_9_n_validos":0,"c5_9_n_total":1,"c5_9_completude":0.0,"i60_69_n_validos":0,"i60_69_n_total":1,"i60_69_completude":0.0,"i70m_n_validos":0,"i70m_n_total":1,"i70m_completude":0.0,"indigenas_n_validos":1,"indigenas_n_total":1,"indigenas_completude":1.0,"pretos_pardos_n_validos":0,"pretos_pardos_n_total":1,"pretos_pardos_completude":0.0,"dom_agua_n_validos":1,"dom_agua_n_total":1,"dom_agua_completude":1.0,"dom_esgoto_n_validos":0,"dom_esgoto_n_total":1,"dom_esgoto_completude":0.0,"n_resp_n_validos":1,"n_resp_n_total":1,"n_resp_completude":1.0,"renda_resp_n_validos":1,"renda_resp_n_total":1,"renda_resp_completude":1.0,"dens_n_validos":1,"dens_n_total":1,"dens_completude":1.0,"status_borda_bacia":"total","metodo_area_bacia":"interseção geométrica em EPSG:5880","metodo_na_bacia":"ponto_representativo_setor_2022_within_bacia","municipio":"São Marcos","cod_mun":"4319000","mun_pct_na_bacia":100.0,"mun_pop_total":21084,"mun_pop_na_bacia":21084.0,"mun_ubs_iede":9,"mun_hospitais_iede":2,"mun_escolas_iede":20,"mun_bombeiros_iede":1,"mun_servicos_cobertura":"cadastro_IEDE_parcial_nao_inventario","mun_icm_faixa":"B","mun_icm_pontos":8,"mun_icm_prioritario":"não","mun_ubs_iede_status":"published","mun_hospitais_iede_status":"published","mun_escolas_iede_status":"published","mun_bombeiros_iede_status":"published"},"geometry":{"type":"Polygon","coordinates":[[[-51.087017399999986,-28.964408099999947],[-51.09269639999997,-28.964643],[-51.092751599999986,-28.962384299999933],[-51.08704019999993,-28.962287],[-51.087017399999986,-28.964408099999947]]]}},{"type":"Feature","properties":{"setor":"431900005000067","pop":76,"sigilo_pop":false,"dom":32,"sigilo_dom":0,"mulheres":40,"sigilo_mulheres":0,"c0_4":null,"sigilo_c0_4":1,"c5_9":4,"sigilo_c5_9":0,"i60_69":12,"sigilo_i60_69":0,"i70m":null,"sigilo_i70m":1,"indigenas":0,"sigilo_indigenas":0,"pretos_pardos":null,"sigilo_pretos_pardos":1,"dom_ocupados":28,"sigilo_dom_ocupados":0,"dom_agua":12,"sigilo_dom_agua":0,"dom_esgoto":0,"sigilo_dom_esgoto":0,"renda_resp":1880.95,"sigilo_renda_resp":0,"n_resp":28,"sigilo_n_resp":0,"dens":306.6,"sigilo_dens":false,"na_bacia":1,"area_pct_bacia":100.0,"metodo_recorte_bacia":"ponto_representativo_setor_2022; area_pct_geometrica","pop_n_validos":1,"pop_n_total":1,"pop_completude":1.0,"dom_n_validos":1,"dom_n_total":1,"dom_completude":1.0,"dom_ocupados_n_validos":1,"dom_ocupados_n_total":1,"dom_ocupados_completude":1.0,"mulheres_n_validos":1,"mulheres_n_total":1,"mulheres_completude":1.0,"c0_4_n_validos":0,"c0_4_n_total":1,"c0_4_completude":0.0,"c5_9_n_validos":1,"c5_9_n_total":1,"c5_9_completude":1.0,"i60_69_n_validos":1,"i60_69_n_total":1,"i60_69_completude":1.0,"i70m_n_validos":0,"i70m_n_total":1,"i70m_completude":0.0,"indigenas_n_validos":1,"indigenas_n_total":1,"indigenas_completude":1.0,"pretos_pardos_n_validos":0,"pretos_pardos_n_total":1,"pretos_pardos_completude":0.0,"dom_agua_n_validos":1,"dom_agua_n_total":1,"dom_agua_completude":1.0,"dom_esgoto_n_validos":1,"dom_esgoto_n_total":1,"dom_esgoto_completude":1.0,"n_resp_n_validos":1,"n_resp_n_total":1,"n_resp_completude":1.0,"renda_resp_n_validos":1,"renda_resp_n_total":1,"renda_resp_completude":1.0,"dens_n_validos":1,"dens_n_total":1,"dens_completude":1.0,"status_borda_bacia":"total","metodo_area_bacia":"interseção geométrica em EPSG:5880","metodo_na_bacia":"ponto_representativo_setor_2022_within_bacia","municipio":"São Marcos","cod_mun":"4319000","mun_pct_na_bacia":100.0,"mun_pop_total":21084,"mun_pop_na_bacia":21084.0,"mun_ubs_iede":9,"mun_hospitais_iede":2,"mun_escolas_iede":20,"mun_bombeiros_iede":1,"mun_servicos_cobertura":"cadastro_IEDE_parcial_nao_inventario","mun_icm_faixa":"B","mun_icm_pontos":8,"mun_icm_prioritario":"não","mun_ubs_iede_status":"published","mun_hospitais_iede_status":"published","mun_escolas_iede_status":"published","mun_bombeiros_iede_status":"published"},"geometry":{"type":"Polygon","coordinates":[[[-51.08699949999993,-28.964410199999982],[-51.086761599999924,-28.967738699999977],[-51.086971,-28.968418],[-51.092359499999986,-28.96851879999998],[-51.09250289999994,-28.96671749999996],[-51.093141199999934,-28.965872599999955],[-51.09269639999997,-28.964643],[-51.08699949999993,-28.964410199999982]]]}},{"type":"Feature","properties":{"setor":"431900005000069","pop":368,"sigilo_pop":false,"dom":160,"sigilo_dom":0,"mulheres":191,"sigilo_mulheres":0,"c0_4":19,"sigilo_c0_4":0,"c5_9":31,"sigilo_c5_9":0,"i60_69":28,"sigilo_i60_69":0,"i70m":16,"sigilo_i70m":0,"indigenas":0,"sigilo_indigenas":0,"pretos_pardos":102,"sigilo_pretos_pardos":0,"dom_ocupados":143,"sigilo_dom_ocupados":0,"dom_agua":129,"sigilo_dom_agua":0,"dom_esgoto":75,"sigilo_dom_esgoto":0,"renda_resp":2895.07,"sigilo_renda_resp":0,"n_resp":143,"sigilo_n_resp":0,"dens":388.0,"sigilo_dens":false,"na_bacia":1,"area_pct_bacia":100.0,"metodo_recorte_bacia":"ponto_representativo_setor_2022; area_pct_geometrica","pop_n_validos":1,"pop_n_total":1,"pop_completude":1.0,"dom_n_validos":1,"dom_n_total":1,"dom_completude":1.0,"dom_ocupados_n_validos":1,"dom_ocupados_n_total":1,"dom_ocupados_completude":1.0,"mulheres_n_validos":1,"mulheres_n_total":1,"mulheres_completude":1.0,"c0_4_n_validos":1,"c0_4_n_total":1,"c0_4_completude":1.0,"c5_9_n_validos":1,"c5_9_n_total":1,"c5_9_completude":1.0,"i60_69_n_validos":1,"i60_69_n_total":1,"i60_69_completude":1.0,"i70m_n_validos":1,"i70m_n_total":1,"i70m_completude":1.0,"indigenas_n_validos":1,"indigenas_n_total":1,"indigenas_completude":1.0,"pretos_pardos_n_validos":1,"pretos_pardos_n_total":1,"pretos_pardos_completude":1.0,"dom_agua_n_validos":1,"dom_agua_n_total":1,"dom_agua_completude":1.0,"dom_esgoto_n_validos":1,"dom_esgoto_n_total":1,"dom_esgoto_completude":1.0,"n_resp_n_validos":1,"n_resp_n_total":1,"n_resp_completude":1.0,"renda_resp_n_validos":1,"renda_resp_n_total":1,"renda_resp_completude":1.0,"dens_n_validos":1,"dens_n_total":1,"dens_completude":1.0,"status_borda_bacia":"total","metodo_area_bacia":"interseção geométrica em EPSG:5880","metodo_na_bacia":"ponto_representativo_setor_2022_within_bacia","municipio":"São Marcos","cod_mun":"4319000","mun_pct_na_bacia":100.0,"mun_pop_total":21084,"mun_pop_na_bacia":21084.0,"mun_ubs_iede":9,"mun_hospitais_iede":2,"mun_escolas_iede":20,"mun_bombeiros_iede":1,"mun_servicos_cobertura":"cadastro_IEDE_parcial_nao_inventario","mun_icm_faixa":"B","mun_icm_pontos":8,"mun_icm_prioritario":"não","mun_ubs_iede_status":"published","mun_hospitais_iede_status":"published","mun_escolas_iede_status":"published","mun_bombeiros_iede_status":"published"},"geometry":{"type":"Polygon","coordinates":[[[-51.042990299999985,-28.979301599999925],[-51.043734,-28.978453199999933],[-51.04501449999998,-28.978117699999927],[-51.04701379999994,-28.97806629999996],[-51.050284,-28.976914499999967],[-51.05078429999997,-28.971261799999986],[-51.051942,-28.971267],[-51.05249149999998,-28.97027809999997],[-51.052691599999946,-28.969090199999982],[-51.04970219999995,-28.967417499999954],[-51.04859509999994,-28.96721189999994],[-51.04721859999995,-28.966114399999988],[-51.047163099999985,-28.968219699999963],[-51.045536,-28.96766659999997],[-51.042582599999946,-28.967554499999945],[-51.04251089999997,-28.971178],[-51.042990299999985,-28.979301599999925]]]}},{"type":"Feature","properties":{"setor":"431900005000070","pop":344,"sigilo_pop":false,"dom":146,"sigilo_dom":0,"mulheres":167,"sigilo_mulheres":0,"c0_4":16,"sigilo_c0_4":0,"c5_9":18,"sigilo_c5_9":0,"i60_69":35,"sigilo_i60_69":0,"i70m":24,"sigilo_i70m":0,"indigenas":4,"sigilo_indigenas":0,"pretos_pardos":19,"sigilo_pretos_pardos":0,"dom_ocupados":127,"sigilo_dom_ocupados":0,"dom_agua":119,"sigilo_dom_agua":0,"dom_esgoto":106,"sigilo_dom_esgoto":0,"renda_resp":3405.86,"sigilo_renda_resp":0,"n_resp":127,"sigilo_n_resp":0,"dens":183.1,"sigilo_dens":false,"na_bacia":1,"area_pct_bacia":100.0,"metodo_recorte_bacia":"ponto_representativo_setor_2022; area_pct_geometrica","pop_n_validos":1,"pop_n_total":1,"pop_completude":1.0,"dom_n_validos":1,"dom_n_total":1,"dom_completude":1.0,"dom_ocupados_n_validos":1,"dom_ocupados_n_total":1,"dom_ocupados_completude":1.0,"mulheres_n_validos":1,"mulheres_n_total":1,"mulheres_completude":1.0,"c0_4_n_validos":1,"c0_4_n_total":1,"c0_4_completude":1.0,"c5_9_n_validos":1,"c5_9_n_total":1,"c5_9_completude":1.0,"i60_69_n_validos":1,"i60_69_n_total":1,"i60_69_completude":1.0,"i70m_n_validos":1,"i70m_n_total":1,"i70m_completude":1.0,"indigenas_n_validos":1,"indigenas_n_total":1,"indigenas_completude":1.0,"pretos_pardos_n_validos":1,"pretos_pardos_n_total":1,"pretos_pardos_completude":1.0,"dom_agua_n_validos":1,"dom_agua_n_total":1,"dom_agua_completude":1.0,"dom_esgoto_n_validos":1,"dom_esgoto_n_total":1,"dom_esgoto_completude":1.0,"n_resp_n_validos":1,"n_resp_n_total":1,"n_resp_completude":1.0,"renda_resp_n_validos":1,"renda_resp_n_total":1,"renda_resp_completude":1.0,"dens_n_validos":1,"dens_n_total":1,"dens_completude":1.0,"status_borda_bacia":"total","metodo_area_bacia":"interseção geométrica em EPSG:5880","metodo_na_bacia":"ponto_representativo_setor_2022_within_bacia","municipio":"São Marcos","cod_mun":"4319000","mun_pct_na_bacia":100.0,"mun_pop_total":21084,"mun_pop_na_bacia":21084.0,"mun_ubs_iede":9,"mun_hospitais_iede":2,"mun_escolas_iede":20,"mun_bombeiros_iede":1,"mun_servicos_cobertura":"cadastro_IEDE_parcial_nao_inventario","mun_icm_faixa":"B","mun_icm_pontos":8,"mun_icm_prioritario":"não","mun_ubs_iede_status":"published","mun_hospitais_iede_status":"published","mun_escolas_iede_status":"published","mun_bombeiros_iede_status":"published"},"geometry":{"type":"Polygon","coordinates":[[[-51.0696832,-28.985239299999936],[-51.069924499999956,-28.978514899999936],[-51.06832079999999,-28.978314],[-51.06806059999997,-28.97874749999993],[-51.06754289999998,-28.979021399999965],[-51.06605719999994,-28.978638499999924],[-51.06564479999997,-28.978189599999943],[-51.058503499999965,-28.978035799999933],[-51.05855019999996,-28.977204799999974],[-51.057798899999966,-28.977199699999968],[-51.057882,-28.975850499999982],[-51.05610479999996,-28.975776],[-51.055709499999985,-28.97474889999995],[-51.054471,-28.973601399999946],[-51.053368899999946,-28.971281299999937],[-51.05078429999997,-28.971261799999986],[-51.05064159999995,-28.974154599999967],[-51.050344,-28.974842099999933],[-51.05039939999995,-28.976634699999988],[-51.050284,-28.976914499999967],[-51.04972289999995,-28.977156499999975],[-51.049692799999946,-28.977968899999947],[-51.053464,-28.978040399999937],[-51.05332419999997,-28.981720599999946],[-51.062621099999944,-28.981945],[-51.06263069999994,-28.99144219999993],[-51.071293,-28.99151719999997],[-51.07128489999997,-28.985313399999935],[-51.0696832,-28.985239299999936]]]}},{"type":"Feature","properties":{"setor":"431900005000071","pop":38,"sigilo_pop":false,"dom":17,"sigilo_dom":0,"mulheres":17,"sigilo_mulheres":0,"c0_4":0,"sigilo_c0_4":0,"c5_9":4,"sigilo_c5_9":0,"i60_69":null,"sigilo_i60_69":1,"i70m":null,"sigilo_i70m":1,"indigenas":0,"sigilo_indigenas":0,"pretos_pardos":4,"sigilo_pretos_pardos":0,"dom_ocupados":16,"sigilo_dom_ocupados":0,"dom_agua":12,"sigilo_dom_agua":0,"dom_esgoto":0,"sigilo_dom_esgoto":0,"renda_resp":4679.43,"sigilo_renda_resp":0,"n_resp":16,"sigilo_n_resp":0,"dens":165.5,"sigilo_dens":false,"na_bacia":1,"area_pct_bacia":100.0,"metodo_recorte_bacia":"ponto_representativo_setor_2022; area_pct_geometrica","pop_n_validos":1,"pop_n_total":1,"pop_completude":1.0,"dom_n_validos":1,"dom_n_total":1,"dom_completude":1.0,"dom_ocupados_n_validos":1,"dom_ocupados_n_total":1,"dom_ocupados_completude":1.0,"mulheres_n_validos":1,"mulheres_n_total":1,"mulheres_completude":1.0,"c0_4_n_validos":1,"c0_4_n_total":1,"c0_4_completude":1.0,"c5_9_n_validos":1,"c5_9_n_total":1,"c5_9_completude":1.0,"i60_69_n_validos":0,"i60_69_n_total":1,"i60_69_completude":0.0,"i70m_n_validos":0,"i70m_n_total":1,"i70m_completude":0.0,"indigenas_n_validos":1,"indigenas_n_total":1,"indigenas_completude":1.0,"pretos_pardos_n_validos":1,"pretos_pardos_n_total":1,"pretos_pardos_completude":1.0,"dom_agua_n_validos":1,"dom_agua_n_total":1,"dom_agua_completude":1.0,"dom_esgoto_n_validos":1,"dom_esgoto_n_total":1,"dom_esgoto_completude":1.0,"n_resp_n_validos":1,"n_resp_n_total":1,"n_resp_completude":1.0,"renda_resp_n_validos":1,"renda_resp_n_total":1,"renda_resp_completude":1.0,"dens_n_validos":1,"dens_n_total":1,"dens_completude":1.0,"status_borda_bacia":"total","metodo_area_bacia":"interseção geométrica em EPSG:5880","metodo_na_bacia":"ponto_representativo_setor_2022_within_bacia","municipio":"São Marcos","cod_mun":"4319000","mun_pct_na_bacia":100.0,"mun_pop_total":21084,"mun_pop_na_bacia":21084.0,"mun_ubs_iede":9,"mun_hospitais_iede":2,"mun_escolas_iede":20,"mun_bombeiros_iede":1,"mun_servicos_cobertura":"cadastro_IEDE_parcial_nao_inventario","mun_icm_faixa":"B","mun_icm_pontos":8,"mun_icm_prioritario":"não","mun_ubs_iede_status":"published","mun_hospitais_iede_status":"published","mun_escolas_iede_status":"published","mun_bombeiros_iede_status":"published"},"geometry":{"type":"Polygon","coordinates":[[[-51.086861799999944,-28.967984099999978],[-51.08621439999997,-28.968998899999974],[-51.08375539999998,-28.97103539999995],[-51.08081789999995,-28.97109819999997],[-51.0811432,-28.97191849999996],[-51.08298979999996,-28.972001599999935],[-51.082988499999935,-28.971661099999935],[-51.08747539999996,-28.97179169999998],[-51.08788389999995,-28.97087939999994],[-51.08837289999997,-28.970950499999947],[-51.09146779999998,-28.970389399999917],[-51.09229179999994,-28.96999159999995],[-51.092359499999986,-28.96851879999998],[-51.086971,-28.968418],[-51.086861799999944,-28.967984099999978]]]}},{"type":"Feature","properties":{"setor":"431900005000072","pop":179,"sigilo_pop":false,"dom":85,"sigilo_dom":0,"mulheres":88,"sigilo_mulheres":0,"c0_4":7,"sigilo_c0_4":0,"c5_9":9,"sigilo_c5_9":0,"i60_69":18,"sigilo_i60_69":0,"i70m":11,"sigilo_i70m":0,"indigenas":0,"sigilo_indigenas":0,"pretos_pardos":24,"sigilo_pretos_pardos":0,"dom_ocupados":73,"sigilo_dom_ocupados":0,"dom_agua":72,"sigilo_dom_agua":0,"dom_esgoto":61,"sigilo_dom_esgoto":0,"renda_resp":3445.25,"sigilo_renda_resp":0,"n_resp":73,"sigilo_n_resp":0,"dens":1284.7,"sigilo_dens":false,"na_bacia":1,"area_pct_bacia":100.0,"metodo_recorte_bacia":"ponto_representativo_setor_2022; area_pct_geometrica","pop_n_validos":1,"pop_n_total":1,"pop_completude":1.0,"dom_n_validos":1,"dom_n_total":1,"dom_completude":1.0,"dom_ocupados_n_validos":1,"dom_ocupados_n_total":1,"dom_ocupados_completude":1.0,"mulheres_n_validos":1,"mulheres_n_total":1,"mulheres_completude":1.0,"c0_4_n_validos":1,"c0_4_n_total":1,"c0_4_completude":1.0,"c5_9_n_validos":1,"c5_9_n_total":1,"c5_9_completude":1.0,"i60_69_n_validos":1,"i60_69_n_total":1,"i60_69_completude":1.0,"i70m_n_validos":1,"i70m_n_total":1,"i70m_completude":1.0,"indigenas_n_validos":1,"indigenas_n_total":1,"indigenas_completude":1.0,"pretos_pardos_n_validos":1,"pretos_pardos_n_total":1,"pretos_pardos_completude":1.0,"dom_agua_n_validos":1,"dom_agua_n_total":1,"dom_agua_completude":1.0,"dom_esgoto_n_validos":1,"dom_esgoto_n_total":1,"dom_esgoto_completude":1.0,"n_resp_n_validos":1,"n_resp_n_total":1,"n_resp_completude":1.0,"renda_resp_n_validos":1,"renda_resp_n_total":1,"renda_resp_completude":1.0,"dens_n_validos":1,"dens_n_total":1,"dens_completude":1.0,"status_borda_bacia":"total","metodo_area_bacia":"interseção geométrica em EPSG:5880","metodo_na_bacia":"ponto_representativo_setor_2022_within_bacia","municipio":"São Marcos","cod_mun":"4319000","mun_pct_na_bacia":100.0,"mun_pop_total":21084,"mun_pop_na_bacia":21084.0,"mun_ubs_iede":9,"mun_hospitais_iede":2,"mun_escolas_iede":20,"mun_bombeiros_iede":1,"mun_servicos_cobertura":"cadastro_IEDE_parcial_nao_inventario","mun_icm_faixa":"B","mun_icm_pontos":8,"mun_icm_prioritario":"não","mun_ubs_iede_status":"published","mun_hospitais_iede_status":"published","mun_escolas_iede_status":"published","mun_bombeiros_iede_status":"published"},"geometry":{"type":"Polygon","coordinates":[[[-51.07287,-28.972218699999924],[-51.087436,-28.972910799999966],[-51.08747539999996,-28.97179169999998],[-51.082988499999935,-28.971661099999935],[-51.08298979999996,-28.972001599999935],[-51.082407099999955,-28.971990199999937],[-51.072396599999934,-28.971459799999934],[-51.07287,-28.972218699999924]]]}},{"type":"Feature","properties":{"setor":"431900020000001","pop":437,"sigilo_pop":false,"dom":189,"sigilo_dom":0,"mulheres":217,"sigilo_mulheres":0,"c0_4":17,"sigilo_c0_4":0,"c5_9":12,"sigilo_c5_9":0,"i60_69":67,"sigilo_i60_69":0,"i70m":36,"sigilo_i70m":0,"indigenas":0,"sigilo_indigenas":0,"pretos_pardos":24,"sigilo_pretos_pardos":0,"dom_ocupados":167,"sigilo_dom_ocupados":0,"dom_agua":164,"sigilo_dom_agua":0,"dom_esgoto":162,"sigilo_dom_esgoto":0,"renda_resp":3022.09,"sigilo_renda_resp":0,"n_resp":167,"sigilo_n_resp":0,"dens":362.7,"sigilo_dens":false,"na_bacia":1,"area_pct_bacia":100.0,"metodo_recorte_bacia":"ponto_representativo_setor_2022; area_pct_geometrica","pop_n_validos":1,"pop_n_total":1,"pop_completude":1.0,"dom_n_validos":1,"dom_n_total":1,"dom_completude":1.0,"dom_ocupados_n_validos":1,"dom_ocupados_n_total":1,"dom_ocupados_completude":1.0,"mulheres_n_validos":1,"mulheres_n_total":1,"mulheres_completude":1.0,"c0_4_n_validos":1,"c0_4_n_total":1,"c0_4_completude":1.0,"c5_9_n_validos":1,"c5_9_n_total":1,"c5_9_completude":1.0,"i60_69_n_validos":1,"i60_69_n_total":1,"i60_69_completude":1.0,"i70m_n_validos":1,"i70m_n_total":1,"i70m_completude":1.0,"indigenas_n_validos":1,"indigenas_n_total":1,"indigenas_completude":1.0,"pretos_pardos_n_validos":1,"pretos_pardos_n_total":1,"pretos_pardos_completude":1.0,"dom_agua_n_validos":1,"dom_agua_n_total":1,"dom_agua_completude":1.0,"dom_esgoto_n_validos":1,"dom_esgoto_n_total":1,"dom_esgoto_completude":1.0,"n_resp_n_validos":1,"n_resp_n_total":1,"n_resp_completude":1.0,"renda_resp_n_validos":1,"renda_resp_n_total":1,"renda_resp_completude":1.0,"dens_n_validos":1,"dens_n_total":1,"dens_completude":1.0,"status_borda_bacia":"total","metodo_area_bacia":"interseção geométrica em EPSG:5880","metodo_na_bacia":"ponto_representativo_setor_2022_within_bacia","municipio":"São Marcos","cod_mun":"4319000","mun_pct_na_bacia":100.0,"mun_pop_total":21084,"mun_pop_na_bacia":21084.0,"mun_ubs_iede":9,"mun_hospitais_iede":2,"mun_escolas_iede":20,"mun_bombeiros_iede":1,"mun_servicos_cobertura":"cadastro_IEDE_parcial_nao_inventario","mun_icm_faixa":"B","mun_icm_pontos":8,"mun_icm_prioritario":"não","mun_ubs_iede_status":"published","mun_hospitais_iede_status":"published","mun_escolas_iede_status":"published","mun_bombeiros_iede_status":"published"},"geometry":{"type":"Polygon","coordinates":[[[-51.07509319999997,-29.017409],[-51.075234299999984,-29.01771409999998],[-51.07113529999997,-29.020054299999966],[-51.07307769999994,-29.022682099999948],[-51.079323,-29.027473799999942],[-51.08037849999994,-29.026568],[-51.08282249999996,-29.028829299999988],[-51.08553079999996,-29.026429399999977],[-51.08630009999996,-29.024714299999964],[-51.08446559999993,-29.021498899999983],[-51.08792539999996,-29.02061469999996],[-51.08623769999998,-29.018171699999975],[-51.081701,-29.018918299999935],[-51.077396299999975,-29.016717299999986],[-51.07509319999997,-29.017409]]]}},{"type":"Feature","properties":{"setor":"431900020000002","pop":296,"sigilo_pop":false,"dom":185,"sigilo_dom":0,"mulheres":144,"sigilo_mulheres":0,"c0_4":12,"sigilo_c0_4":0,"c5_9":13,"sigilo_c5_9":0,"i60_69":43,"sigilo_i60_69":0,"i70m":33,"sigilo_i70m":0,"indigenas":0,"sigilo_indigenas":0,"pretos_pardos":28,"sigilo_pretos_pardos":0,"dom_ocupados":114,"sigilo_dom_ocupados":0,"dom_agua":null,"sigilo_dom_agua":1,"dom_esgoto":0,"sigilo_dom_esgoto":0,"renda_resp":3013.64,"sigilo_renda_resp":0,"n_resp":114,"sigilo_n_resp":0,"dens":17.2,"sigilo_dens":false,"na_bacia":1,"area_pct_bacia":100.0,"metodo_recorte_bacia":"ponto_representativo_setor_2022; area_pct_geometrica","pop_n_validos":1,"pop_n_total":1,"pop_completude":1.0,"dom_n_validos":1,"dom_n_total":1,"dom_completude":1.0,"dom_ocupados_n_validos":1,"dom_ocupados_n_total":1,"dom_ocupados_completude":1.0,"mulheres_n_validos":1,"mulheres_n_total":1,"mulheres_completude":1.0,"c0_4_n_validos":1,"c0_4_n_total":1,"c0_4_completude":1.0,"c5_9_n_validos":1,"c5_9_n_total":1,"c5_9_completude":1.0,"i60_69_n_validos":1,"i60_69_n_total":1,"i60_69_completude":1.0,"i70m_n_validos":1,"i70m_n_total":1,"i70m_completude":1.0,"indigenas_n_validos":1,"indigenas_n_total":1,"indigenas_completude":1.0,"pretos_pardos_n_validos":1,"pretos_pardos_n_total":1,"pretos_pardos_completude":1.0,"dom_agua_n_validos":0,"dom_agua_n_total":1,"dom_agua_completude":0.0,"dom_esgoto_n_validos":1,"dom_esgoto_n_total":1,"dom_esgoto_completude":1.0,"n_resp_n_validos":1,"n_resp_n_total":1,"n_resp_completude":1.0,"renda_resp_n_validos":1,"renda_resp_n_total":1,"renda_resp_completude":1.0,"dens_n_validos":1,"dens_n_total":1,"dens_completude":1.0,"status_borda_bacia":"total","metodo_area_bacia":"interseção geométrica em EPSG:5880","metodo_na_bacia":"ponto_representativo_setor_2022_within_bacia","municipio":"São Marcos","cod_mun":"4319000","mun_pct_na_bacia":100.0,"mun_pop_total":21084,"mun_pop_na_bacia":21084.0,"mun_ubs_iede":9,"mun_hospitais_iede":2,"mun_escolas_iede":20,"mun_bombeiros_iede":1,"mun_servicos_cobertura":"cadastro_IEDE_parcial_nao_inventario","mun_icm_faixa":"B","mun_icm_pontos":8,"mun_icm_prioritario":"não","mun_ubs_iede_status":"published","mun_hospitais_iede_status":"published","mun_escolas_iede_status":"published","mun_bombeiros_iede_status":"published"},"geometry":{"type":"Polygon","coordinates":[[[-51.11337069999996,-29.03253379999995],[-51.116017,-29.031837],[-51.117143099999964,-29.031264599999922],[-51.11753729999998,-29.029575399999935],[-51.11846859999997,-29.028018799999984],[-51.121699099999944,-29.025400699999977],[-51.12198769999998,-29.023634099999978],[-51.12109909999998,-29.020331499999926],[-51.121495,-29.019340799999945],[-51.12234659999996,-29.018436399999917],[-51.12299759999996,-29.015672199999976],[-51.12245919999998,-29.013175499999917],[-51.12280759999993,-29.012645799999966],[-51.126196499999935,-29.009654599999976],[-51.127822299999934,-29.006367799999964],[-51.12759,-29.004069899999948],[-51.1256193,-29.00111039999997],[-51.12361169999997,-29.00023409999994],[-51.12102169999997,-28.999530299999943],[-51.120446299999976,-28.998970799999938],[-51.12050789999995,-28.998024199999985],[-51.12136479999998,-28.99610979999995],[-51.122015799999986,-28.995353199999958],[-51.122167199999986,-28.99463529999997],[-51.121649899999966,-28.99209459999998],[-51.121445699999974,-28.987859399999927],[-51.12062579999998,-28.98813209999997],[-51.11955439999997,-28.98786569999992],[-51.11767519999995,-28.98858179999996],[-51.1159785,-28.988450699999927],[-51.11362509999998,-28.989649799999945],[-51.113303599999945,-28.991017199999924],[-51.11165269999998,-28.990788599999977],[-51.11077179999995,-28.99105829999997],[-51.110564,-28.992923599999976],[-51.10805859999993,-28.993102099999938],[-51.105781199999974,-28.993969799999956],[-51.105265299999985,-28.993982599999974],[-51.10435329999996,-28.993408399999957],[-51.10239439999998,-28.993800299999986],[-51.098780399999946,-28.993737399999944],[-51.09714739999998,-28.992964],[-51.095672699999966,-28.99284909999995],[-51.094970599999954,-28.993781499999955],[-51.09266519999995,-28.995126199999948],[-51.09118309999997,-28.996380499999923],[-51.088643299999944,-28.99710389999996],[-51.086436899999974,-28.998452499999928],[-51.08458129999997,-28.99822429999995],[-51.08329659999998,-28.997259899999964],[-51.08158029999998,-28.998139599999952],[-51.078742199999965,-28.99618069999997],[-51.07751309999998,-28.995718199999942],[-51.0761409,-28.994712099999962],[-51.07361,-28.994845399999974],[-51.071454299999964,-28.99457119999994],[-51.06989679999998,-28.994933199999945],[-51.069148,-28.99550489999996],[-51.06960269999996,-28.995773599999943],[-51.070776199999955,-28.995474199999926],[-51.071921299999985,-28.99546009999993],[-51.07458669999994,-28.996727899999954],[-51.074902899999984,-28.997156299999986],[-51.075081,-28.998428],[-51.07744359999998,-28.999539399999954],[-51.078885,-29.00072459999996],[-51.079081799999976,-29.001208199999954],[-51.078193099999964,-29.00300719999996],[-51.076719399999945,-29.00378329999995],[-51.075554599999975,-29.004309899999942],[-51.073536399999966,-29.004428499999957],[-51.07183079999999,-29.00526879999995],[-51.068498799999986,-29.006002799999983],[-51.068210799999974,-29.00690319999994],[-51.06921959999995,-29.008194],[-51.06981049999996,-29.01005779999997],[-51.07001859999997,-29.010252599999937],[-51.07049759999995,-29.01022769999998],[-51.07122769999995,-29.009616499999943],[-51.07186489999998,-29.009546],[-51.073537,-29.01061079999994],[-51.07416979999994,-29.011322899999975],[-51.07448939999995,-29.012378],[-51.074283299999934,-29.015856099999954],[-51.07509319999997,-29.017409],[-51.077396299999975,-29.016717299999986],[-51.081701,-29.018918299999935],[-51.08623769999998,-29.018171699999975],[-51.08792539999996,-29.02061469999996],[-51.08446559999993,-29.021498899999983],[-51.08630009999996,-29.024714299999964],[-51.08572979999997,-29.025971399999946],[-51.08759369999996,-29.02535139999997],[-51.08888289999994,-29.023715599999946],[-51.090146,-29.023148799999944],[-51.094304799999975,-29.023310599999935],[-51.09589109999995,-29.022843099999935],[-51.098047799999954,-29.023108299999926],[-51.10445139999996,-29.024912299999983],[-51.10696449999995,-29.026223799999972],[-51.10782359999996,-29.02637829999998],[-51.10971359999997,-29.02623409999996],[-51.110328899999956,-29.026568399999967],[-51.11038129999998,-29.027508599999976],[-51.11014549999994,-29.027829099999963],[-51.106504899999955,-29.029387399999962],[-51.105582199999965,-29.030111899999948],[-51.10463269999997,-29.030492599999956],[-51.10363969999997,-29.031341199999936],[-51.10272719999995,-29.032774599999982],[-51.102246799999925,-29.034291],[-51.102412699999945,-29.035046299999983],[-51.10277759999997,-29.03561989999996],[-51.10424519999998,-29.036370299999927],[-51.10434549999997,-29.03680819999994],[-51.10396019999997,-29.037265399999967],[-51.10229829999998,-29.03716789999993],[-51.10146,-29.036872],[-51.10009739999998,-29.035824199999972],[-51.099006599999946,-29.03414939999993],[-51.097739399999966,-29.033868599999952],[-51.09695439999996,-29.03345109999998],[-51.095996799999966,-29.03371429999993],[-51.09450149999998,-29.0345976],[-51.09369779999997,-29.03614349999998],[-51.09234409999993,-29.03608989999998],[-51.09125449999994,-29.036546399999967],[-51.094441899999936,-29.03721579999997],[-51.095976299999954,-29.03563319999995],[-51.09739259999998,-29.035374399999977],[-51.10155519999995,-29.039984899999983],[-51.10573289999997,-29.040246299999982],[-51.110402299999976,-29.041769499999937],[-51.111406099999954,-29.040756899999955],[-51.10731719999996,-29.03790549999997],[-51.106754699999954,-29.037073499999966],[-51.10633789999997,-29.034016499999947],[-51.10659969999995,-29.033311099999935],[-51.10817069999996,-29.032600299999956],[-51.11337069999996,-29.03253379999995]]]}},{"type":"Feature","properties":{"setor":"431900020000003","pop":428,"sigilo_pop":false,"dom":257,"sigilo_dom":0,"mulheres":212,"sigilo_mulheres":0,"c0_4":22,"sigilo_c0_4":0,"c5_9":20,"sigilo_c5_9":0,"i60_69":56,"sigilo_i60_69":0,"i70m":52,"sigilo_i70m":0,"indigenas":0,"sigilo_indigenas":0,"pretos_pardos":75,"sigilo_pretos_pardos":0,"dom_ocupados":166,"sigilo_dom_ocupados":0,"dom_agua":8,"sigilo_dom_agua":0,"dom_esgoto":0,"sigilo_dom_esgoto":0,"renda_resp":2864.58,"sigilo_renda_resp":0,"n_resp":166,"sigilo_n_resp":0,"dens":11.6,"sigilo_dens":false,"na_bacia":1,"area_pct_bacia":100.0,"metodo_recorte_bacia":"ponto_representativo_setor_2022; area_pct_geometrica","pop_n_validos":1,"pop_n_total":1,"pop_completude":1.0,"dom_n_validos":1,"dom_n_total":1,"dom_completude":1.0,"dom_ocupados_n_validos":1,"dom_ocupados_n_total":1,"dom_ocupados_completude":1.0,"mulheres_n_validos":1,"mulheres_n_total":1,"mulheres_completude":1.0,"c0_4_n_validos":1,"c0_4_n_total":1,"c0_4_completude":1.0,"c5_9_n_validos":1,"c5_9_n_total":1,"c5_9_completude":1.0,"i60_69_n_validos":1,"i60_69_n_total":1,"i60_69_completude":1.0,"i70m_n_validos":1,"i70m_n_total":1,"i70m_completude":1.0,"indigenas_n_validos":1,"indigenas_n_total":1,"indigenas_completude":1.0,"pretos_pardos_n_validos":1,"pretos_pardos_n_total":1,"pretos_pardos_completude":1.0,"dom_agua_n_validos":1,"dom_agua_n_total":1,"dom_agua_completude":1.0,"dom_esgoto_n_validos":1,"dom_esgoto_n_total":1,"dom_esgoto_completude":1.0,"n_resp_n_validos":1,"n_resp_n_total":1,"n_resp_completude":1.0,"renda_resp_n_validos":1,"renda_resp_n_total":1,"renda_resp_completude":1.0,"dens_n_validos":1,"dens_n_total":1,"dens_completude":1.0,"status_borda_bacia":"total","metodo_area_bacia":"interseção geométrica em EPSG:5880","metodo_na_bacia":"ponto_representativo_setor_2022_within_bacia","municipio":"São Marcos","cod_mun":"4319000","mun_pct_na_bacia":100.0,"mun_pop_total":21084,"mun_pop_na_bacia":21084.0,"mun_ubs_iede":9,"mun_hospitais_iede":2,"mun_escolas_iede":20,"mun_bombeiros_iede":1,"mun_servicos_cobertura":"cadastro_IEDE_parcial_nao_inventario","mun_icm_faixa":"B","mun_icm_pontos":8,"mun_icm_prioritario":"não","mun_ubs_iede_status":"published","mun_hospitais_iede_status":"published","mun_escolas_iede_status":"published","mun_bombeiros_iede_status":"published"},"geometry":{"type":"Polygon","coordinates":[[[-50.99379669999997,-28.98352139999997],[-50.99351139999994,-29.023989199999956],[-50.996398899999974,-29.02353],[-50.99988919999998,-29.020367599999926],[-51.00228,-29.02170569999998],[-51.00482849999997,-29.026437099999963],[-51.00700189999998,-29.026524299999952],[-51.00878419999998,-29.020058199999948],[-51.01042979999994,-29.017827299999965],[-51.01206519999994,-29.017194699999948],[-51.01532,-29.019017799999958],[-51.013595499999944,-29.022781499999944],[-51.015737899999976,-29.02501539999997],[-51.02131919999993,-29.026040699999946],[-51.023068699999946,-29.027194699999946],[-51.02629509999996,-29.02690909999996],[-51.02939739999994,-29.02794409999995],[-51.03222069999999,-29.025492799999938],[-51.03615989999998,-29.02598719999998],[-51.03708709999996,-29.02735559999995],[-51.032224,-29.031224299999963],[-51.03283219999997,-29.03361879999995],[-51.035874699999965,-29.03248049999995],[-51.03716389999994,-29.03437069999995],[-51.03818349999994,-29.03455549999996],[-51.041141899999964,-29.03359459999995],[-51.044866199999944,-29.02967879999993],[-51.046023899999966,-29.0325506],[-51.04720309999993,-29.033007499999947],[-51.05639309999998,-29.030947799999982],[-51.05716589999997,-29.031686899999958],[-51.05602959999993,-29.035357699999953],[-51.06212569999997,-29.03886749999998],[-51.062483499999985,-29.03802059999997],[-51.061415299999965,-29.036466299999976],[-51.061916,-29.03561539999998],[-51.06656549999996,-29.03418149999994],[-51.07076379999995,-29.035194399999952],[-51.072037,-29.032693199999976],[-51.083001199999956,-29.03770189999994],[-51.087282,-29.035712899999965],[-51.09125449999994,-29.036546399999967],[-51.09234409999993,-29.03608989999998],[-51.093429199999946,-29.036249899999966],[-51.09385239999994,-29.035995],[-51.09450149999998,-29.0345976],[-51.095996799999966,-29.03371429999993],[-51.09695439999996,-29.03345109999998],[-51.097739399999966,-29.033868599999952],[-51.099006599999946,-29.03414939999993],[-51.10009739999998,-29.035824199999972],[-51.10146,-29.036872],[-51.10229829999998,-29.03716789999993],[-51.10396019999997,-29.037265399999967],[-51.10434549999997,-29.03680819999994],[-51.10424519999998,-29.036370299999927],[-51.10277759999997,-29.03561989999996],[-51.102246799999925,-29.034291],[-51.10272719999995,-29.032774599999982],[-51.10363969999997,-29.031341199999936],[-51.10463269999997,-29.030492599999956],[-51.105582199999965,-29.030111899999948],[-51.106504899999955,-29.029387399999962],[-51.109573499999954,-29.028126599999943],[-51.11038129999998,-29.027508599999976],[-51.110328899999956,-29.026568399999967],[-51.10971359999997,-29.02623409999996],[-51.10782359999996,-29.02637829999998],[-51.10696449999995,-29.026223799999972],[-51.10445139999996,-29.024912299999983],[-51.098047799999954,-29.023108299999926],[-51.09589109999995,-29.022843099999935],[-51.094304799999975,-29.023310599999935],[-51.090625399999965,-29.023041699999958],[-51.08888289999994,-29.023715599999946],[-51.08759369999996,-29.02535139999997],[-51.08572979999997,-29.025971399999946],[-51.08553079999996,-29.026429399999977],[-51.08282249999996,-29.028829299999988],[-51.08037849999994,-29.026568],[-51.079323,-29.027473799999942],[-51.07307769999994,-29.022682099999948],[-51.07113529999997,-29.020054299999966],[-51.075234299999984,-29.01771409999998],[-51.074283299999934,-29.015856099999954],[-51.07440829999996,-29.011842],[-51.073537,-29.01061079999994],[-51.07186489999998,-29.009546],[-51.07122769999995,-29.009616499999943],[-51.07049759999995,-29.01022769999998],[-51.069928499999946,-29.01020319999996],[-51.06921959999995,-29.008194],[-51.068164499999966,-29.00656379999998],[-51.068498799999986,-29.006002799999983],[-51.07183079999999,-29.00526879999995],[-51.073536399999966,-29.004428499999957],[-51.075554599999975,-29.004309899999942],[-51.07793929999997,-29.00320889999995],[-51.079081799999976,-29.001208199999954],[-51.078885,-29.00072459999996],[-51.07744359999998,-28.999539399999954],[-51.075081,-28.998428],[-51.07477179999995,-28.996875499999927],[-51.072788799999955,-28.99574959999996],[-51.071564199999955,-28.995419299999973],[-51.06960269999996,-28.995773599999943],[-51.069148,-28.99550489999996],[-51.06706159999993,-28.996562599999933],[-51.06544539999993,-28.996762099999945],[-51.06423909999995,-28.99592],[-51.06364639999998,-28.996104699999925],[-51.062847199999965,-28.995918699999955],[-51.06238419999995,-28.99534479999994],[-51.062193699999966,-28.99450179999996],[-51.06083579999995,-28.994076799999963],[-51.06043349999994,-28.993559899999966],[-51.06041339999996,-28.991573099999975],[-51.05919359999996,-28.99174879999997],[-51.05699009999994,-28.99131249999994],[-51.05522469999995,-28.99407529999996],[-51.05516509999995,-28.994495499999974],[-51.05563879999995,-28.99567029999996],[-51.054558199999974,-28.996144799999954],[-51.054491,-28.996544],[-51.05376159999997,-28.997164499999943],[-51.05303269999997,-28.998532499999964],[-51.051673499999936,-28.99980129999994],[-51.04964129999997,-28.99952429999996],[-51.047913,-28.998869199999948],[-51.04365359999996,-28.99837059999993],[-51.04328229999994,-28.998160399999957],[-51.04231039999996,-28.99695349999996],[-51.041809799999946,-28.994534199999975],[-51.041232599999944,-28.993943399999974],[-51.04088489999997,-28.992411399999988],[-51.03933439999997,-28.991255499999955],[-51.03809389999998,-28.98991579999994],[-51.037480199999955,-28.98875609999992],[-51.03597709999997,-28.98798679999993],[-51.03374669999993,-28.987166599999973],[-51.032849099999964,-28.987098799999956],[-51.03213039999997,-28.986645199999934],[-51.03127709999996,-28.986570099999945],[-51.02758989999996,-28.98540779999996],[-51.026546199999984,-28.985763299999967],[-51.02584439999998,-28.985757499999966],[-51.024524399999954,-28.985044099999985],[-51.023044699999964,-28.98543669999997],[-51.02134359999996,-28.984385199999966],[-51.01726739999998,-28.98369319999994],[-51.015151099999976,-28.98466259999997],[-51.01516039999996,-28.98603189999994],[-51.01493329999994,-28.986430599999945],[-51.01572069999998,-28.98748819999995],[-51.015570199999964,-28.988466299999967],[-51.015295299999934,-28.988794],[-51.0135284,-28.988166499999974],[-51.01312569999994,-28.98845819999997],[-51.012751599999945,-28.98840049999996],[-51.011319799999974,-28.98891989999992],[-51.010682799999984,-28.98946059999998],[-51.00987169999997,-28.989730799999954],[-51.006046899999944,-28.989818],[-51.00529459999996,-28.989454499999972],[-51.004423799999984,-28.988351699999942],[-51.003424,-28.987790199999942],[-51.002925599999976,-28.986733299999965],[-50.99929509999998,-28.98559349999994],[-50.99885559999996,-28.98450729999997],[-50.99736849999994,-28.9827021],[-50.99613679999994,-28.98357229999993],[-50.99486219999994,-28.98334149999994],[-50.99379669999997,-28.98352139999997]]]}}]}
