data_hora;nivel_cm;chuva_mm
2026-08-12 15:05:00;33219.00;0.00
2026-08-12 15:10:00;33221.00;0.00
2026-08-12 15:15:00;33223.00;0.00
2026-08-12 15:20:00;33225.00;0.00
2026-08-12 15:25:00;33228.00;0.00
2026-08-12 15:30:00;33231.00;0.00
2026-08-12 15:35:00;33233.00;0.00
2026-08-12 15:40:00;33235.00;0.00
2026-08-12 15:45:00;33239.00;0.00
2026-08-12 15:50:00;33241.00;0.00
2026-08-12 15:55:00;33244.00;0.00
2026-08-12 16:00:00;33246.00;0.00
2026-08-12 16:05:00;33249.00;0.00
2026-08-12 16:10:00;33251.00;0.00
2026-08-12 16:15:00;33253.00;0.00
2026-08-12 16:20:00;33256.00;0.00
2026-08-12 16:25:00;33257.00;0.00
2026-08-12 16:30:00;33260.00;0.00
2026-08-12 16:35:00;33263.00;0.00
2026-08-12 16:40:00;33264.00;0.00
2026-08-12 16:45:00;33267.00;0.00
2026-08-12 16:50:00;33268.00;0.00
2026-08-12 16:55:00;33271.00;0.00
2026-08-12 17:00:00;33273.00;0.00
2026-08-12 17:05:00;33274.00;0.00
2026-08-12 17:10:00;33276.00;0.00
2026-08-12 17:15:00;33278.00;0.00
2026-08-12 17:20:00;33279.00;0.00
2026-08-12 17:25:00;33282.00;0.00
2026-08-12 17:30:00;33283.00;0.00
2026-08-12 17:35:00;33285.00;0.00
2026-08-12 17:40:00;33287.00;0.00
2026-08-12 17:45:00;33287.00;0.00
2026-08-12 17:50:00;33290.00;0.00
2026-08-12 17:55:00;33292.00;0.00
2026-08-12 18:00:00;33293.00;0.00
2026-08-12 18:05:00;33293.00;0.00
2026-08-12 18:10:00;33294.00;0.00
2026-08-12 18:15:00;33297.00;0.00
2026-08-12 18:20:00;33299.00;0.00
2026-08-12 18:25:00;33299.00;0.00
2026-08-12 18:30:00;33301.00;0.00
2026-08-12 18:35:00;33302.00;0.00
2026-08-12 18:40:00;33304.00;0.00
2026-08-12 18:45:00;33303.00;0.00
2026-08-12 18:50:00;33306.00;0.00
2026-08-12 18:55:00;33308.00;0.00
2026-08-12 19:00:00;33307.00;0.00
2026-08-12 19:05:00;33310.00;0.00
2026-08-12 19:10:00;33310.00;0.00
2026-08-12 19:15:00;33312.00;0.00
2026-08-12 19:20:00;33313.00;0.00
2026-08-12 19:25:00;33315.00;0.00
2026-08-12 19:30:00;33315.00;0.00
2026-08-12 19:35:00;33316.00;0.00
2026-08-12 19:40:00;33317.00;0.00
2026-08-12 19:45:00;33318.00;0.00
2026-08-12 19:50:00;33319.00;0.00
2026-08-12 19:55:00;33320.00;0.00
2026-08-12 20:00:00;33319.00;0.00
2026-08-12 20:05:00;33321.00;0.00
2026-08-12 20:10:00;33322.00;0.00
2026-08-12 20:15:00;33323.00;0.00
2026-08-12 20:20:00;33324.00;0.00
2026-08-12 20:25:00;33324.00;0.00
2026-08-12 20:30:00;33324.00;0.00
2026-08-12 20:35:00;33325.00;0.00
2026-08-12 20:40:00;33327.00;0.00
2026-08-12 20:45:00;33326.00;0.00
2026-08-12 20:50:00;33326.00;0.00
2026-08-12 20:55:00;33327.00;0.00
2026-08-12 21:00:00;33328.00;0.00
2026-08-12 21:05:00;33328.00;0.00
2026-08-12 21:10:00;33328.00;0.00
2026-08-12 21:15:00;33328.00;0.00
2026-08-12 21:20:00;33328.00;0.00
2026-08-12 21:25:00;33329.00;0.00
2026-08-12 21:30:00;33330.00;0.00
2026-08-12 21:35:00;33331.00;0.00
2026-08-12 21:40:00;33330.00;0.00
2026-08-12 21:45:00;33330.00;0.00
2026-08-12 21:50:00;33331.00;0.00
2026-08-12 21:55:00;33331.00;0.00
2026-08-12 22:00:00;33330.00;0.00
2026-08-12 22:05:00;33331.00;0.00
2026-08-12 22:10:00;33332.00;0.00
2026-08-12 22:15:00;33331.00;0.00
2026-08-12 22:20:00;33331.00;0.00
2026-08-12 22:25:00;33331.00;0.00
2026-08-12 22:30:00;33331.00;0.00
2026-08-12 22:35:00;33331.00;0.00
2026-08-12 22:40:00;33331.00;0.00
2026-08-12 22:45:00;33331.00;0.00
2026-08-12 22:50:00;33331.00;0.00
2026-08-12 22:55:00;33332.00;0.00
2026-08-12 23:00:00;33329.00;0.00
2026-08-12 23:05:00;33331.00;0.00
2026-08-12 23:10:00;33330.00;0.00
2026-08-12 23:15:00;33329.00;0.00
2026-08-12 23:20:00;33329.00;0.00
2026-08-12 23:25:00;33328.00;0.00
2026-08-12 23:30:00;33329.00;0.00
2026-08-12 23:35:00;33328.00;0.00
2026-08-12 23:40:00;33328.00;0.00
2026-08-12 23:45:00;33327.00;0.00
2026-08-12 23:50:00;33327.00;0.00
2026-08-12 23:55:00;33327.00;0.00
2026-08-13 00:00:00;33326.00;0.20
2026-08-13 00:05:00;33326.00;0.00
2026-08-13 00:10:00;33325.00;0.00
2026-08-13 00:15:00;33325.00;0.00
2026-08-13 00:20:00;33324.00;0.00
2026-08-13 00:25:00;33324.00;0.20
2026-08-13 00:30:00;33323.00;0.00
2026-08-13 00:35:00;33323.00;0.00
2026-08-13 00:40:00;33322.00;0.00
2026-08-13 00:45:00;33322.00;0.00
2026-08-13 00:50:00;33321.00;0.00
2026-08-13 00:55:00;33321.00;0.00
2026-08-13 01:00:00;33319.00;0.00
2026-08-13 01:05:00;33318.00;0.00
2026-08-13 01:10:00;33318.00;0.00
2026-08-13 01:15:00;33317.00;0.00
2026-08-13 01:20:00;33317.00;0.00
2026-08-13 01:25:00;33316.00;0.00
2026-08-13 01:30:00;33316.00;0.00
2026-08-13 01:35:00;33315.00;0.00
2026-08-13 01:40:00;33314.00;0.00
2026-08-13 01:45:00;33314.00;0.00
2026-08-13 01:50:00;33311.00;1.20
2026-08-13 01:55:00;33311.00;0.20
2026-08-13 02:00:00;33312.00;0.00
2026-08-13 02:05:00;33311.00;0.00
2026-08-13 02:10:00;33310.00;0.00
2026-08-13 02:15:00;33309.00;0.20
2026-08-13 02:20:00;33308.00;0.00
2026-08-13 02:25:00;33308.00;0.00
2026-08-13 02:30:00;33306.00;0.00
2026-08-13 02:35:00;33307.00;0.00
2026-08-13 02:40:00;33305.00;0.00
2026-08-13 02:45:00;33305.00;0.00
2026-08-13 02:50:00;33304.00;0.00
2026-08-13 02:55:00;33303.00;0.00
2026-08-13 03:00:00;33303.00;0.00
2026-08-13 03:05:00;33304.00;0.00
2026-08-13 03:10:00;33302.00;0.00
2026-08-13 03:15:00;33301.00;0.00
2026-08-13 03:20:00;33300.00;0.00
2026-08-13 03:25:00;33300.00;0.00
2026-08-13 03:30:00;33300.00;0.00
2026-08-13 03:35:00;33298.00;0.00
2026-08-13 03:40:00;33297.00;0.00
2026-08-13 03:45:00;33296.00;0.40
2026-08-13 03:50:00;33296.00;0.00
2026-08-13 03:55:00;33296.00;0.00
2026-08-13 04:00:00;33295.00;0.00
2026-08-13 04:05:00;33294.00;0.00
2026-08-13 04:10:00;33293.00;0.00
2026-08-13 04:15:00;33292.00;0.00
2026-08-13 04:20:00;33292.00;0.00
2026-08-13 04:25:00;33293.00;0.00
2026-08-13 04:30:00;33291.00;0.00
2026-08-13 04:35:00;33291.00;0.00
2026-08-13 04:40:00;33291.00;0.00
2026-08-13 04:45:00;33289.00;0.00
2026-08-13 04:50:00;33289.00;0.00
2026-08-13 04:55:00;33287.00;0.00
2026-08-13 05:00:00;33287.00;0.00
2026-08-13 05:05:00;33286.00;0.00
2026-08-13 05:10:00;33284.00;0.00
2026-08-13 05:15:00;33285.00;0.00
2026-08-13 05:20:00;33285.00;0.00
2026-08-13 05:25:00;33283.00;0.00
2026-08-13 05:30:00;33283.00;0.00
2026-08-13 05:35:00;33282.00;0.20
2026-08-13 05:40:00;33281.00;0.00
2026-08-13 05:45:00;33278.00;1.00
2026-08-13 05:50:00;33279.00;0.40
2026-08-13 05:55:00;33279.00;0.00
2026-08-13 06:00:00;33278.00;0.00
2026-08-13 06:05:00;33277.00;0.00
2026-08-13 06:10:00;33276.00;0.00
2026-08-13 06:15:00;33276.00;0.00
2026-08-13 06:20:00;33275.00;0.00
2026-08-13 06:25:00;33275.00;0.00
2026-08-13 06:30:00;33274.00;0.00
2026-08-13 06:35:00;33272.00;0.00
2026-08-13 06:40:00;33272.00;0.00
2026-08-13 06:45:00;33271.00;0.00
2026-08-13 06:50:00;33271.00;0.00
2026-08-13 06:55:00;33269.00;0.00
2026-08-13 07:00:00;33269.00;0.00
2026-08-13 07:05:00;33268.00;0.00
2026-08-13 07:10:00;33268.00;0.00
2026-08-13 07:15:00;33267.00;0.00
2026-08-13 07:20:00;33267.00;0.20
2026-08-13 07:25:00;33266.00;0.00
2026-08-13 07:30:00;33266.00;0.00
2026-08-13 07:35:00;33261.00;4.40
2026-08-13 07:40:00;33261.00;4.00
2026-08-13 07:45:00;33262.00;1.20
2026-08-13 07:50:00;33260.00;0.80
2026-08-13 07:55:00;33261.00;0.60
2026-08-13 08:00:00;33262.00;0.20
2026-08-13 08:05:00;33262.00;0.40
2026-08-13 08:10:00;33263.00;0.20
2026-08-13 08:15:00;33263.00;0.00
2026-08-13 08:20:00;33265.00;0.00
2026-08-13 08:25:00;33266.00;0.00
2026-08-13 08:30:00;33268.00;0.00
2026-08-13 08:35:00;33270.00;0.00
2026-08-13 08:40:00;33269.00;0.00
2026-08-13 08:45:00;33269.00;0.00
2026-08-13 08:50:00;33266.00;0.00
2026-08-13 08:55:00;33264.00;0.00
2026-08-13 09:00:00;33263.00;0.00
2026-08-13 09:05:00;33262.00;0.00
2026-08-13 09:10:00;33262.00;0.00
2026-08-13 09:15:00;33262.00;0.00
2026-08-13 09:20:00;33261.00;0.00
2026-08-13 09:25:00;33262.00;0.00
2026-08-13 09:30:00;33262.00;0.00
2026-08-13 09:35:00;33263.00;0.00
2026-08-13 09:40:00;33263.00;0.00
2026-08-13 09:45:00;33264.00;0.00
2026-08-13 09:50:00;33265.00;0.00
2026-08-13 09:55:00;33266.00;0.00
2026-08-13 10:00:00;33265.00;0.00
2026-08-13 10:05:00;33266.00;0.00
2026-08-13 10:10:00;33266.00;0.00
2026-08-13 10:15:00;33267.00;0.00
2026-08-13 10:20:00;33268.00;0.00
2026-08-13 10:25:00;33269.00;0.00
2026-08-13 10:30:00;33269.00;0.00
2026-08-13 10:35:00;33270.00;0.00
2026-08-13 10:40:00;33272.00;0.00
2026-08-13 10:45:00;33273.00;0.00
2026-08-13 10:50:00;33273.00;0.00
2026-08-13 10:55:00;33277.00;0.00
2026-08-13 11:00:00;33276.00;0.00
2026-08-13 11:05:00;33276.00;0.00
2026-08-13 11:10:00;33278.00;0.00
2026-08-13 11:15:00;33278.00;0.00
2026-08-13 11:20:00;33279.00;0.00
2026-08-13 11:25:00;33278.00;0.00
2026-08-13 11:30:00;33278.00;0.00
2026-08-13 11:35:00;33277.00;0.00
2026-08-13 11:40:00;33278.00;0.00
2026-08-13 11:45:00;33277.00;0.00
2026-08-13 11:50:00;33275.00;0.00
2026-08-13 11:55:00;33275.00;0.00
2026-08-13 12:00:00;33272.00;0.00
2026-08-13 12:05:00;33272.00;0.00
2026-08-13 12:10:00;33270.00;0.00
2026-08-13 12:15:00;33268.00;0.00
2026-08-13 12:20:00;33267.00;0.00
2026-08-13 12:25:00;33266.00;0.00
2026-08-13 12:30:00;33264.00;0.00
2026-08-13 12:35:00;33263.00;0.00
2026-08-13 12:40:00;33261.00;0.00
2026-08-13 12:45:00;33260.00;0.00
2026-08-13 12:50:00;33260.00;0.00
2026-08-13 12:55:00;33258.00;0.00
2026-08-13 13:00:00;33258.00;0.00
2026-08-13 13:05:00;33256.00;0.00
2026-08-13 13:10:00;33256.00;0.00
2026-08-13 13:15:00;33254.00;0.00
2026-08-13 13:20:00;33254.00;0.00
2026-08-13 13:25:00;33253.00;0.00
2026-08-13 13:30:00;33254.00;0.00
2026-08-13 13:35:00;33253.00;0.00
2026-08-13 13:40:00;33253.00;0.00
2026-08-13 13:45:00;33252.00;0.00
2026-08-13 13:50:00;33252.00;0.00
2026-08-13 13:55:00;33253.00;0.00
2026-08-13 14:00:00;33253.00;0.00
2026-08-13 14:05:00;33252.00;0.00
2026-08-13 14:10:00;33253.00;0.00
2026-08-13 14:15:00;33252.00;0.00
2026-08-13 14:20:00;33253.00;0.00
2026-08-13 14:25:00;33253.00;0.00
2026-08-13 14:30:00;33253.00;0.00
2026-08-13 14:35:00;33254.00;0.00
2026-08-13 14:40:00;33254.00;0.00
2026-08-13 14:45:00;33255.00;0.00
2026-08-13 14:50:00;33255.00;0.00
2026-08-13 14:55:00;33256.00;0.00
2026-08-13 15:00:00;33256.00;0.00
2026-08-13 15:05:00;33256.00;0.00
2026-08-13 15:10:00;33257.00;0.00
2026-08-13 15:15:00;33258.00;0.00
2026-08-13 15:20:00;33259.00;0.00
2026-08-13 15:25:00;33259.00;0.00
2026-08-13 15:30:00;33260.00;0.00
2026-08-13 15:35:00;33259.00;0.00
2026-08-13 15:40:00;33260.00;0.00
2026-08-13 15:45:00;33260.00;0.00
2026-08-13 15:50:00;33261.00;0.00
2026-08-13 15:55:00;33261.00;0.00
2026-08-13 16:00:00;33261.00;0.00
2026-08-13 16:05:00;33261.00;0.00
2026-08-13 16:10:00;33262.00;0.00
2026-08-13 16:15:00;33262.00;0.00
2026-08-13 16:20:00;33262.00;0.00
2026-08-13 16:25:00;33263.00;0.00
2026-08-13 16:30:00;33264.00;0.00
2026-08-13 16:35:00;33265.00;0.00
2026-08-13 16:40:00;33264.00;0.00
2026-08-13 16:45:00;33263.00;0.00
2026-08-13 16:50:00;33265.00;0.00
2026-08-13 16:55:00;33265.00;0.00
2026-08-13 17:00:00;33265.00;0.00
2026-08-13 17:05:00;33265.00;0.00
2026-08-13 17:10:00;33265.00;0.00
2026-08-13 17:15:00;33265.00;0.00
2026-08-13 17:20:00;33266.00;0.00
2026-08-13 17:25:00;33266.00;0.00
2026-08-13 17:30:00;33267.00;0.00
2026-08-13 17:35:00;33266.00;0.00
2026-08-13 17:40:00;33268.00;0.00
2026-08-13 17:45:00;33267.00;0.00
2026-08-13 17:50:00;33269.00;0.00
2026-08-13 17:55:00;33268.00;0.00
2026-08-13 18:00:00;33268.00;0.00
2026-08-13 18:05:00;33267.00;0.00
2026-08-13 18:10:00;33269.00;0.00
2026-08-13 18:15:00;33268.00;0.00
2026-08-13 18:20:00;33268.00;0.00
2026-08-13 18:25:00;33269.00;0.00
2026-08-13 18:30:00;33269.00;0.00
2026-08-13 18:35:00;33269.00;0.00
2026-08-13 18:40:00;33269.00;0.00
2026-08-13 18:45:00;33269.00;0.00
2026-08-13 18:50:00;33269.00;0.00
2026-08-13 18:55:00;33269.00;0.00
2026-08-13 19:00:00;33268.00;0.00
2026-08-13 19:05:00;33268.00;0.00
2026-08-13 19:10:00;33268.00;0.00
2026-08-13 19:15:00;33268.00;0.00
2026-08-13 19:20:00;33267.00;0.00
2026-08-13 19:25:00;33267.00;0.00
2026-08-13 19:30:00;33267.00;0.00
2026-08-13 19:35:00;33265.00;0.00
2026-08-13 19:40:00;33265.00;0.00
2026-08-13 19:45:00;33266.00;0.00
2026-08-13 19:50:00;33265.00;0.00
2026-08-13 19:55:00;33264.00;0.00
2026-08-13 20:00:00;33264.00;0.00
2026-08-13 20:05:00;33263.00;0.00
2026-08-13 20:10:00;33261.00;0.00
2026-08-13 20:15:00;33262.00;0.00
2026-08-13 20:20:00;33260.00;0.00
2026-08-13 20:25:00;33261.00;0.00
2026-08-13 20:30:00;33259.00;0.00
2026-08-13 20:35:00;33259.00;0.00
2026-08-13 20:40:00;33258.00;0.00
2026-08-13 20:45:00;33258.00;0.00
2026-08-13 20:50:00;33257.00;0.00
2026-08-13 20:55:00;33255.00;0.00
2026-08-13 21:00:00;33255.00;0.00
2026-08-13 21:05:00;33253.00;0.00
2026-08-13 21:10:00;33253.00;0.00
2026-08-13 21:15:00;33253.00;0.00
2026-08-13 21:20:00;33251.00;0.00
2026-08-13 21:25:00;33251.00;0.00
2026-08-13 21:30:00;33250.00;0.00
2026-08-13 21:35:00;33248.00;0.00
2026-08-13 21:40:00;33248.00;0.00
2026-08-13 21:45:00;33247.00;0.00
2026-08-13 21:50:00;33246.00;0.00
2026-08-13 21:55:00;33245.00;0.00
2026-08-13 22:00:00;33244.00;0.00
2026-08-13 22:05:00;33243.00;0.00
2026-08-13 22:10:00;33242.00;0.00
2026-08-13 22:15:00;33241.00;0.00
2026-08-13 22:20:00;33241.00;0.00
2026-08-13 22:25:00;33240.00;0.00
2026-08-13 22:30:00;33239.00;0.00
2026-08-13 22:35:00;33237.00;0.00
2026-08-13 22:40:00;33236.00;0.00
2026-08-13 22:45:00;33237.00;0.00
2026-08-13 22:50:00;33234.00;0.00
2026-08-13 22:55:00;33234.00;0.00
2026-08-13 23:00:00;33234.00;0.00
2026-08-13 23:05:00;33233.00;0.00
2026-08-13 23:10:00;33232.00;0.00
2026-08-13 23:15:00;33231.00;0.00
2026-08-13 23:20:00;33231.00;0.00
2026-08-13 23:25:00;33230.00;0.00
2026-08-13 23:30:00;33229.00;0.00
2026-08-13 23:35:00;33228.00;0.00
2026-08-13 23:40:00;33228.00;0.00
2026-08-13 23:45:00;33227.00;0.00
2026-08-13 23:50:00;33226.00;0.00
2026-08-13 23:55:00;33225.00;0.00
2026-08-14 00:00:00;33224.00;0.00
2026-08-14 00:05:00;33223.00;0.00
2026-08-14 00:10:00;33224.00;0.00
2026-08-14 00:15:00;33222.00;0.00
2026-08-14 00:20:00;33221.00;0.00
2026-08-14 00:25:00;33221.00;0.00
2026-08-14 00:30:00;33221.00;0.00
2026-08-14 00:35:00;33220.00;0.00
2026-08-14 00:40:00;33219.00;0.00
2026-08-14 00:45:00;33220.00;0.00
2026-08-14 00:50:00;33218.00;0.00
2026-08-14 00:55:00;33218.00;0.00
2026-08-14 01:00:00;33217.00;0.00
2026-08-14 01:05:00;33217.00;0.00
2026-08-14 01:10:00;33216.00;0.00
2026-08-14 01:15:00;33216.00;0.00
2026-08-14 01:20:00;33215.00;0.00
2026-08-14 01:25:00;33214.00;0.00
2026-08-14 01:30:00;33214.00;0.00
2026-08-14 01:35:00;33213.00;0.00
2026-08-14 01:40:00;33213.00;0.00
2026-08-14 01:45:00;33213.00;0.00
2026-08-14 01:50:00;33212.00;0.00
2026-08-14 01:55:00;33211.00;0.00
2026-08-14 02:00:00;33211.00;0.00
2026-08-14 02:05:00;33211.00;0.00
2026-08-14 02:10:00;33210.00;0.00
2026-08-14 02:15:00;33209.00;0.00
2026-08-14 02:20:00;33209.00;0.00
2026-08-14 02:25:00;33209.00;0.00
2026-08-14 02:30:00;33208.00;0.00
2026-08-14 02:35:00;33208.00;0.00
2026-08-14 02:40:00;33208.00;0.00
2026-08-14 02:45:00;33207.00;0.00
2026-08-14 02:50:00;33207.00;0.00
2026-08-14 02:55:00;33206.00;0.00
2026-08-14 03:00:00;33205.00;0.00
2026-08-14 03:05:00;33206.00;0.00
2026-08-14 03:10:00;33205.00;0.00
2026-08-14 03:15:00;33204.00;0.00
2026-08-14 03:20:00;33204.00;0.00
2026-08-14 03:25:00;33203.00;0.00
2026-08-14 03:30:00;33202.00;0.00
2026-08-14 03:35:00;33203.00;0.00
2026-08-14 03:40:00;33203.00;0.00
2026-08-14 03:45:00;33202.00;0.00
2026-08-14 03:50:00;33201.00;0.00
2026-08-14 03:55:00;33201.00;0.00
2026-08-14 04:00:00;33201.00;0.00
2026-08-14 04:05:00;33200.00;0.00
2026-08-14 04:10:00;33200.00;0.00
2026-08-14 04:15:00;33199.00;0.00
2026-08-14 04:20:00;33199.00;0.00
2026-08-14 04:25:00;33198.00;0.00
2026-08-14 04:30:00;33198.00;0.00
2026-08-14 04:35:00;33197.00;0.00
2026-08-14 04:40:00;33197.00;0.00
2026-08-14 04:45:00;33197.00;0.00
2026-08-14 04:50:00;33196.00;0.00
2026-08-14 04:55:00;33196.00;0.00
2026-08-14 05:00:00;33196.00;0.00
2026-08-14 05:05:00;33195.00;0.00
2026-08-14 05:10:00;33195.00;0.00
2026-08-14 05:15:00;33194.00;0.00
2026-08-14 05:20:00;33194.00;0.00
2026-08-14 05:25:00;33193.00;0.00
2026-08-14 05:30:00;33193.00;0.00
2026-08-14 05:35:00;33193.00;0.00
2026-08-14 05:40:00;33193.00;0.00
2026-08-14 05:45:00;33193.00;0.00
2026-08-14 05:50:00;33193.00;0.00
2026-08-14 05:55:00;33192.00;0.00
2026-08-14 06:00:00;33192.00;0.00
2026-08-14 06:05:00;33192.00;0.00
2026-08-14 06:10:00;33191.00;0.00
2026-08-14 06:15:00;33190.00;0.00
2026-08-14 06:20:00;33191.00;0.00
2026-08-14 06:25:00;33189.00;0.00
2026-08-14 06:30:00;33189.00;0.00
2026-08-14 06:35:00;33189.00;0.00
2026-08-14 06:40:00;33190.00;0.00
2026-08-14 06:45:00;33189.00;0.00
2026-08-14 06:50:00;33188.00;0.00
2026-08-14 06:55:00;33188.00;0.00
2026-08-14 07:00:00;33188.00;0.00
2026-08-14 07:05:00;33187.00;0.00
2026-08-14 07:10:00;33187.00;0.00
2026-08-14 07:15:00;33187.00;0.00
2026-08-14 07:20:00;33187.00;0.00
2026-08-14 07:25:00;33186.00;0.00
2026-08-14 07:30:00;33186.00;0.00
2026-08-14 07:35:00;33185.00;0.00
2026-08-14 07:40:00;33186.00;0.00
2026-08-14 07:45:00;33186.00;0.00
2026-08-14 07:50:00;33185.00;0.00
2026-08-14 07:55:00;33185.00;0.00
2026-08-14 08:00:00;33185.00;0.00
2026-08-14 08:05:00;33185.00;0.00
2026-08-14 08:10:00;33184.00;0.00
2026-08-14 08:15:00;33184.00;0.00
2026-08-14 08:20:00;33183.00;0.00
2026-08-14 08:25:00;33183.00;0.00
2026-08-14 08:30:00;33184.00;0.00
2026-08-14 08:35:00;33184.00;0.00
2026-08-14 08:40:00;33182.00;0.00
2026-08-14 08:45:00;33182.00;0.00
2026-08-14 08:50:00;33182.00;0.00
2026-08-14 08:55:00;33181.00;0.00
2026-08-14 09:00:00;33182.00;0.00
2026-08-14 09:05:00;33181.00;0.00
2026-08-14 09:10:00;33181.00;0.00
2026-08-14 09:15:00;33181.00;0.00
2026-08-14 09:20:00;33180.00;0.00
2026-08-14 09:25:00;33180.00;0.00
2026-08-14 09:30:00;33179.00;0.00
2026-08-14 09:35:00;33180.00;0.00
2026-08-14 09:40:00;33180.00;0.00
2026-08-14 09:45:00;33179.00;0.00
2026-08-14 09:50:00;33178.00;0.00
2026-08-14 09:55:00;33179.00;0.00
2026-08-14 10:00:00;33179.00;0.00
2026-08-14 10:05:00;33179.00;0.00
2026-08-14 10:10:00;33178.00;0.00
2026-08-14 10:15:00;33178.00;0.00
2026-08-14 10:20:00;33178.00;0.00
2026-08-14 10:25:00;33177.00;0.00
2026-08-14 10:30:00;33177.00;0.00
2026-08-14 10:35:00;33177.00;0.00
2026-08-14 10:40:00;33177.00;0.00
2026-08-14 10:45:00;33177.00;0.00
2026-08-14 10:50:00;33176.00;0.00
2026-08-14 10:55:00;33175.00;0.00
2026-08-14 11:00:00;33175.00;0.00
2026-08-14 11:05:00;33176.00;0.00
2026-08-14 11:10:00;33175.00;0.00
2026-08-14 11:15:00;33173.00;0.00
2026-08-14 11:20:00;33174.00;0.00
2026-08-14 11:25:00;33174.00;0.00
2026-08-14 11:30:00;33174.00;0.00
2026-08-14 11:35:00;33173.00;0.00
2026-08-14 11:40:00;33173.00;0.00
2026-08-14 11:45:00;33172.00;0.00
2026-08-14 11:50:00;33173.00;0.00
2026-08-14 11:55:00;33173.00;0.00
2026-08-14 12:00:00;33173.00;0.00
2026-08-14 12:05:00;33172.00;0.00
2026-08-14 12:10:00;33172.00;0.00
2026-08-14 12:15:00;33172.00;0.00
2026-08-14 12:20:00;33171.00;0.00
2026-08-14 12:25:00;33171.00;0.00
2026-08-14 12:30:00;33171.00;0.00
2026-08-14 12:35:00;33171.00;0.00
2026-08-14 12:40:00;33171.00;0.00
2026-08-14 12:45:00;33170.00;0.00
2026-08-14 12:50:00;33169.00;0.00
2026-08-14 12:55:00;33170.00;0.00
2026-08-14 13:00:00;33169.00;0.00
2026-08-14 13:05:00;33169.00;0.00
2026-08-14 13:10:00;33169.00;0.00
2026-08-14 13:15:00;33169.00;0.00
2026-08-14 13:20:00;33169.00;0.00
2026-08-14 13:25:00;33168.00;0.00
2026-08-14 13:30:00;33168.00;0.00
2026-08-14 13:35:00;33168.00;0.00
2026-08-14 13:40:00;33167.00;0.00
2026-08-14 13:45:00;33168.00;0.00
2026-08-14 13:50:00;33167.00;0.00
2026-08-14 13:55:00;33167.00;0.00
2026-08-14 14:00:00;33166.00;0.00
2026-08-14 14:05:00;33166.00;0.00
2026-08-14 14:10:00;33166.00;0.00
2026-08-14 14:15:00;33165.00;0.00
2026-08-14 14:20:00;33166.00;0.00
2026-08-14 14:25:00;33166.00;0.00
2026-08-14 14:30:00;33165.00;0.00
2026-08-14 14:35:00;33166.00;0.00
2026-08-14 14:40:00;33165.00;0.00
2026-08-14 14:45:00;33164.00;0.00
2026-08-14 14:50:00;33164.00;0.00
2026-08-14 14:55:00;33164.00;0.00
2026-08-14 15:00:00;33164.00;0.00
2026-08-14 15:05:00;33163.00;0.00
2026-08-14 15:10:00;33163.00;0.00
2026-08-14 15:15:00;33163.00;0.00
2026-08-14 15:20:00;33163.00;0.00
2026-08-14 15:25:00;33163.00;0.00
2026-08-14 15:30:00;33162.00;0.00
2026-08-14 15:35:00;33162.00;0.00
2026-08-14 15:40:00;33162.00;0.00
2026-08-14 15:45:00;33162.00;0.00
2026-08-14 15:50:00;33162.00;0.00
2026-08-14 15:55:00;33161.00;0.00
2026-08-14 16:00:00;33161.00;0.00
2026-08-14 16:05:00;33161.00;0.00
2026-08-14 16:10:00;33161.00;0.00
2026-08-14 16:15:00;33161.00;0.00
2026-08-14 16:20:00;33161.00;0.00
2026-08-14 16:25:00;33160.00;0.00
2026-08-14 16:30:00;33159.00;0.00
2026-08-14 16:35:00;33159.00;0.00
2026-08-14 16:40:00;33160.00;0.00
2026-08-14 16:45:00;33159.00;0.00
2026-08-14 16:50:00;33160.00;0.00
2026-08-14 16:55:00;33160.00;0.00
2026-08-14 17:00:00;33159.00;0.00
2026-08-14 17:05:00;33159.00;0.00
2026-08-14 17:10:00;33159.00;0.00
2026-08-14 17:15:00;33159.00;0.00
2026-08-14 17:20:00;33158.00;0.00
2026-08-14 17:25:00;33159.00;0.00
2026-08-14 17:30:00;33158.00;0.00
2026-08-14 17:35:00;33159.00;0.00
2026-08-14 17:40:00;33158.00;0.00
2026-08-14 17:45:00;33158.00;0.00
2026-08-14 17:50:00;33158.00;0.00
2026-08-14 17:55:00;33156.00;0.00
2026-08-14 18:00:00;33156.00;0.00
2026-08-14 18:05:00;33157.00;0.00
2026-08-14 18:10:00;33156.00;0.00
2026-08-14 18:15:00;33157.00;0.00
2026-08-14 18:20:00;33156.00;0.00
2026-08-14 18:25:00;33156.00;0.00
2026-08-14 18:30:00;33155.00;0.00
2026-08-14 18:35:00;33156.00;0.00
2026-08-14 18:40:00;33156.00;0.00
2026-08-14 18:45:00;33156.00;0.00
2026-08-14 18:50:00;33155.00;0.00
2026-08-14 18:55:00;33155.00;0.00
2026-08-14 19:00:00;33155.00;0.00
2026-08-14 19:05:00;33155.00;0.00
2026-08-14 19:10:00;33155.00;0.00
2026-08-14 19:15:00;33155.00;0.00
2026-08-14 19:20:00;33154.00;0.00
2026-08-14 19:25:00;33154.00;0.00
2026-08-14 19:30:00;33154.00;0.00
2026-08-14 19:35:00;33154.00;0.00
2026-08-14 19:40:00;33154.00;0.00
2026-08-14 19:45:00;33154.00;0.00
2026-08-14 19:50:00;33153.00;0.00
2026-08-14 19:55:00;33153.00;0.00
2026-08-14 20:00:00;33153.00;0.00
2026-08-14 20:05:00;33154.00;0.00
2026-08-14 20:10:00;33153.00;0.00
2026-08-14 20:15:00;33153.00;0.00
2026-08-14 20:20:00;33152.00;0.00
2026-08-14 20:25:00;33151.00;0.00
2026-08-14 20:30:00;33153.00;0.00
2026-08-14 20:35:00;33152.00;0.00
2026-08-14 20:40:00;33152.00;0.00
2026-08-14 20:45:00;33152.00;0.00
2026-08-14 20:50:00;33152.00;0.00
2026-08-14 20:55:00;33152.00;0.00
2026-08-14 21:00:00;33151.00;0.00
2026-08-14 21:05:00;33151.00;0.00
2026-08-14 21:10:00;33150.00;0.20
2026-08-14 21:15:00;33150.00;0.00
2026-08-14 21:20:00;33151.00;0.00
2026-08-14 21:25:00;33151.00;0.00
2026-08-14 21:30:00;33151.00;0.00
2026-08-14 21:35:00;33150.00;0.00
2026-08-14 21:40:00;33151.00;0.00
2026-08-14 21:45:00;33150.00;0.00
2026-08-14 21:50:00;33150.00;0.00
2026-08-14 21:55:00;33150.00;0.00
2026-08-14 22:00:00;33150.00;0.00
2026-08-14 22:05:00;33150.00;0.00
2026-08-14 22:10:00;33149.00;0.00
2026-08-14 22:15:00;33149.00;0.00
2026-08-14 22:20:00;33149.00;0.00
2026-08-14 22:25:00;33149.00;0.00
2026-08-14 22:30:00;33147.00;0.00
2026-08-14 22:35:00;33149.00;0.00
2026-08-14 22:40:00;33148.00;0.00
2026-08-14 22:45:00;33148.00;0.00
2026-08-14 22:50:00;33148.00;0.00
2026-08-14 22:55:00;33147.00;0.00
2026-08-14 23:00:00;33148.00;0.00
2026-08-14 23:05:00;33147.00;0.00
2026-08-14 23:10:00;33148.00;0.00
2026-08-14 23:15:00;33147.00;0.00
2026-08-14 23:20:00;33146.00;0.00
2026-08-14 23:25:00;33146.00;0.00
2026-08-14 23:30:00;33147.00;0.00
2026-08-14 23:35:00;33147.00;0.00
2026-08-14 23:40:00;33147.00;0.00
2026-08-14 23:45:00;33146.00;0.00
2026-08-14 23:50:00;33146.00;0.00
2026-08-14 23:55:00;33146.00;0.00
2026-08-15 00:00:00;33146.00;0.00
2026-08-15 00:05:00;33146.00;0.00
2026-08-15 00:10:00;33146.00;0.00
2026-08-15 00:15:00;33145.00;0.00
2026-08-15 00:20:00;33145.00;0.00
2026-08-15 00:25:00;33145.00;0.00
2026-08-15 00:30:00;33145.00;0.00
2026-08-15 00:35:00;33145.00;0.00
2026-08-15 00:40:00;33145.00;0.00
2026-08-15 00:45:00;33145.00;0.00
2026-08-15 00:50:00;33145.00;0.00
2026-08-15 00:55:00;33144.00;0.00
2026-08-15 01:00:00;33144.00;0.00
2026-08-15 01:05:00;33144.00;0.00
2026-08-15 01:10:00;33144.00;0.00
2026-08-15 01:15:00;33144.00;0.00
2026-08-15 01:20:00;33144.00;0.00
2026-08-15 01:25:00;33143.00;0.00
2026-08-15 01:30:00;33143.00;0.00
2026-08-15 01:35:00;33143.00;0.00
2026-08-15 01:40:00;33142.00;0.00
2026-08-15 01:45:00;33142.00;0.00
2026-08-15 01:50:00;33142.00;0.00
2026-08-15 01:55:00;33142.00;0.00
2026-08-15 02:00:00;33142.00;0.00
2026-08-15 02:05:00;33142.00;0.00
2026-08-15 02:10:00;33142.00;0.00
2026-08-15 02:15:00;33142.00;0.00
2026-08-15 02:20:00;33141.00;0.00
2026-08-15 02:25:00;33140.00;0.00
2026-08-15 02:30:00;33142.00;0.00
2026-08-15 02:35:00;33142.00;0.00
2026-08-15 02:40:00;33141.00;0.00
2026-08-15 02:45:00;33140.00;0.00
2026-08-15 02:50:00;33139.00;0.00
2026-08-15 02:55:00;33140.00;0.00
2026-08-15 03:00:00;33140.00;0.00
2026-08-15 03:05:00;33140.00;0.00
2026-08-15 03:10:00;33140.00;0.00
2026-08-15 03:15:00;33139.00;0.00
2026-08-15 03:20:00;33139.00;0.00
2026-08-15 03:25:00;33140.00;0.00
2026-08-15 03:30:00;33140.00;0.00
2026-08-15 03:35:00;33139.00;0.00
2026-08-15 03:40:00;33139.00;0.00
2026-08-15 03:45:00;33138.00;0.20
2026-08-15 03:50:00;33139.00;0.00
2026-08-15 03:55:00;33139.00;0.00
2026-08-15 04:00:00;33139.00;0.00
2026-08-15 04:05:00;33139.00;0.00
2026-08-15 04:10:00;33137.00;0.00
2026-08-15 04:15:00;33138.00;0.00
2026-08-15 04:20:00;33137.00;0.00
2026-08-15 04:25:00;33138.00;0.00
2026-08-15 04:30:00;33138.00;0.00
2026-08-15 04:35:00;33137.00;0.00
2026-08-15 04:40:00;33138.00;0.00
2026-08-15 04:45:00;33137.00;0.00
2026-08-15 04:50:00;33137.00;0.00
2026-08-15 04:55:00;33137.00;0.00
2026-08-15 05:00:00;33137.00;0.00
2026-08-15 05:05:00;33137.00;0.00
2026-08-15 05:10:00;33137.00;0.00
2026-08-15 05:15:00;33136.00;0.00
2026-08-15 05:20:00;33136.00;0.00
2026-08-15 05:25:00;33136.00;0.00
2026-08-15 05:30:00;33136.00;0.00
2026-08-15 05:35:00;33136.00;0.00
2026-08-15 05:40:00;33136.00;0.00
2026-08-15 05:45:00;33136.00;0.00
2026-08-15 05:50:00;33135.00;0.00
2026-08-15 05:55:00;33135.00;0.00
2026-08-15 06:00:00;33136.00;0.00
2026-08-15 06:05:00;33135.00;0.00
2026-08-15 06:10:00;33135.00;0.00
2026-08-15 06:15:00;33135.00;0.00
2026-08-15 06:20:00;33135.00;0.00
2026-08-15 06:25:00;33135.00;0.00
2026-08-15 06:30:00;33135.00;0.00
2026-08-15 06:35:00;33135.00;0.00
2026-08-15 06:40:00;33134.00;0.00
2026-08-15 06:45:00;33134.00;0.00
2026-08-15 06:50:00;33134.00;0.00
2026-08-15 06:55:00;33134.00;0.00
2026-08-15 07:00:00;33134.00;0.00
2026-08-15 07:05:00;33134.00;0.00
2026-08-15 07:10:00;33134.00;0.00
2026-08-15 07:15:00;33134.00;0.00
2026-08-15 07:20:00;33134.00;0.00
2026-08-15 07:25:00;33133.00;0.00
2026-08-15 07:30:00;33133.00;0.00
2026-08-15 07:35:00;33133.00;0.00
2026-08-15 07:40:00;33133.00;0.00
2026-08-15 07:45:00;33133.00;0.00
2026-08-15 07:50:00;33133.00;0.00
2026-08-15 07:55:00;33133.00;0.00
2026-08-15 08:00:00;33133.00;0.00
2026-08-15 08:05:00;33132.00;0.00
2026-08-15 08:10:00;33133.00;0.00
2026-08-15 08:15:00;33133.00;0.00
2026-08-15 08:20:00;33133.00;0.00
2026-08-15 08:25:00;33132.00;0.00
2026-08-15 08:30:00;33132.00;0.00
2026-08-15 08:35:00;33132.00;0.00
2026-08-15 08:40:00;33132.00;0.00
2026-08-15 08:45:00;33131.00;0.00
2026-08-15 08:50:00;33132.00;0.00
2026-08-15 08:55:00;33131.00;0.00
2026-08-15 09:00:00;33132.00;0.00
2026-08-15 09:05:00;33131.00;0.00
2026-08-15 09:10:00;33132.00;0.00
2026-08-15 09:15:00;33131.00;0.00
2026-08-15 09:20:00;33131.00;0.00
2026-08-15 09:25:00;33131.00;0.00
2026-08-15 09:30:00;33131.00;0.00
2026-08-15 09:35:00;33131.00;0.00
2026-08-15 09:40:00;33130.00;0.00
2026-08-15 09:45:00;33130.00;0.00
2026-08-15 09:50:00;33130.00;0.00
2026-08-15 09:55:00;33130.00;0.00
2026-08-15 10:00:00;33130.00;0.00
2026-08-15 10:05:00;33130.00;0.00
2026-08-15 10:10:00;33130.00;0.00
2026-08-15 10:15:00;33130.00;0.00
2026-08-15 10:20:00;33129.00;0.00
2026-08-15 10:25:00;33129.00;0.00
2026-08-15 10:30:00;33130.00;0.00
2026-08-15 10:35:00;33130.00;0.00
2026-08-15 10:40:00;33129.00;0.00
2026-08-15 10:45:00;33128.00;0.00
2026-08-15 10:50:00;33130.00;0.00
2026-08-15 10:55:00;33129.00;0.00
2026-08-15 11:00:00;33129.00;0.00
2026-08-15 11:05:00;33129.00;0.00
2026-08-15 11:10:00;33128.00;0.00
2026-08-15 11:15:00;33128.00;0.00
2026-08-15 11:20:00;33128.00;0.00
2026-08-15 11:25:00;33127.00;0.00
2026-08-15 11:30:00;33128.00;0.00
2026-08-15 11:35:00;33129.00;0.00
2026-08-15 11:40:00;33128.00;0.00
2026-08-15 11:45:00;33128.00;0.00
2026-08-15 11:50:00;33127.00;0.00
2026-08-15 11:55:00;33128.00;0.00
2026-08-15 12:00:00;33128.00;0.00
2026-08-15 12:05:00;33128.00;0.00
2026-08-15 12:10:00;33127.00;0.00
2026-08-15 12:15:00;33127.00;0.00
2026-08-15 12:20:00;33127.00;0.00
2026-08-15 12:25:00;33128.00;0.00
2026-08-15 12:30:00;33127.00;0.00
2026-08-15 12:35:00;33127.00;0.00
2026-08-15 12:40:00;33127.00;0.00
2026-08-15 12:45:00;33127.00;0.00
2026-08-15 12:50:00;33127.00;0.00
2026-08-15 12:55:00;33126.00;0.00
2026-08-15 13:00:00;33126.00;0.00
2026-08-15 13:05:00;33126.00;0.00
2026-08-15 13:10:00;33126.00;0.00
2026-08-15 13:15:00;33126.00;0.00
2026-08-15 13:20:00;33126.00;0.00
2026-08-15 13:25:00;33127.00;0.00
2026-08-15 13:30:00;33126.00;0.00
2026-08-15 13:35:00;33126.00;0.00
2026-08-15 13:40:00;33126.00;0.00
2026-08-15 13:45:00;33126.00;0.00
2026-08-15 13:50:00;33125.00;0.00
2026-08-15 13:55:00;33126.00;0.00
2026-08-15 14:00:00;33126.00;0.00
2026-08-15 14:05:00;33125.00;0.00
2026-08-15 14:10:00;33125.00;0.00
2026-08-15 14:15:00;33124.00;0.00
2026-08-15 14:20:00;33124.00;0.00
2026-08-15 14:25:00;33124.00;0.00
2026-08-15 14:30:00;33124.00;0.00
2026-08-15 14:35:00;33125.00;0.00
2026-08-15 14:40:00;33125.00;0.00
2026-08-15 14:45:00;33125.00;0.00
2026-08-15 14:50:00;33124.00;0.00
2026-08-15 14:55:00;33124.00;0.00
2026-08-15 15:00:00;33124.00;0.00
2026-08-15 15:05:00;33125.00;0.00
2026-08-15 15:10:00;33124.00;0.00
2026-08-15 15:15:00;33124.00;0.00
2026-08-15 15:20:00;33124.00;0.00
2026-08-15 15:25:00;33124.00;0.00
2026-08-15 15:30:00;33124.00;0.00
2026-08-15 15:35:00;33123.00;0.00
2026-08-15 15:40:00;33123.00;0.00
2026-08-15 15:45:00;33123.00;0.00
2026-08-15 15:50:00;33122.00;0.00
2026-08-15 15:55:00;33123.00;0.00
2026-08-15 16:00:00;33122.00;0.00
2026-08-15 16:05:00;33123.00;0.00
2026-08-15 16:10:00;33122.00;0.00
2026-08-15 16:15:00;33123.00;0.00
2026-08-15 16:20:00;33122.00;0.00
2026-08-15 16:25:00;33122.00;0.00
2026-08-15 16:30:00;33122.00;0.00
2026-08-15 16:35:00;33122.00;0.00
2026-08-15 16:40:00;33122.00;0.00
2026-08-15 16:45:00;33121.00;0.00
2026-08-15 16:50:00;33122.00;0.00
2026-08-15 16:55:00;33121.00;0.00
2026-08-15 17:00:00;33122.00;0.00
2026-08-15 17:05:00;33121.00;0.00
2026-08-15 17:10:00;33121.00;0.00
2026-08-15 17:15:00;33122.00;0.00
2026-08-15 17:20:00;33121.00;0.00
2026-08-15 17:25:00;33121.00;0.00
2026-08-15 17:30:00;33121.00;0.00
2026-08-15 17:35:00;33121.00;0.00
2026-08-15 17:40:00;33120.00;0.00
2026-08-15 17:45:00;33120.00;0.00
2026-08-15 17:50:00;33121.00;0.00
2026-08-15 17:55:00;33120.00;0.00
2026-08-15 18:00:00;33121.00;0.00
2026-08-15 18:05:00;33120.00;0.00
2026-08-15 18:10:00;33120.00;0.00
2026-08-15 18:15:00;33120.00;0.00
2026-08-15 18:20:00;33120.00;0.00
2026-08-15 18:25:00;33120.00;0.00
2026-08-15 18:30:00;33120.00;0.00
2026-08-15 18:35:00;33120.00;0.00
2026-08-15 18:40:00;33120.00;0.00
2026-08-15 18:45:00;33120.00;0.00
2026-08-15 18:50:00;33120.00;0.00
2026-08-15 18:55:00;33119.00;0.00
2026-08-15 19:00:00;33120.00;0.00
2026-08-15 19:05:00;33120.00;0.00
2026-08-15 19:10:00;33119.00;0.00
2026-08-15 19:15:00;33119.00;0.00
2026-08-15 19:20:00;33119.00;0.00
2026-08-15 19:25:00;33119.00;0.00
2026-08-15 19:30:00;33119.00;0.00
2026-08-15 19:35:00;33119.00;0.00
2026-08-15 19:40:00;33119.00;0.00
2026-08-15 19:45:00;33119.00;0.00
2026-08-15 19:50:00;33119.00;0.00
2026-08-15 19:55:00;33118.00;0.00
2026-08-15 20:00:00;33118.00;0.00
2026-08-15 20:05:00;33118.00;0.00
2026-08-15 20:10:00;33118.00;0.00
2026-08-15 20:15:00;33118.00;0.00
2026-08-15 20:20:00;33118.00;0.00
2026-08-15 20:25:00;33117.00;0.00
2026-08-15 20:30:00;33118.00;0.00
2026-08-15 20:35:00;33118.00;0.00
2026-08-15 20:40:00;33118.00;0.00
2026-08-15 20:45:00;33118.00;0.00
2026-08-15 20:50:00;33118.00;0.00
2026-08-15 20:55:00;33117.00;0.00
2026-08-15 21:00:00;33117.00;0.00
2026-08-15 21:05:00;33117.00;0.00
2026-08-15 21:10:00;33117.00;0.00
2026-08-15 21:15:00;33117.00;0.00
2026-08-15 21:20:00;33118.00;0.00
2026-08-15 21:25:00;33117.00;0.00
2026-08-15 21:30:00;33116.00;0.00
2026-08-15 21:35:00;33116.00;0.00
2026-08-15 21:40:00;33116.00;0.00
2026-08-15 21:45:00;33116.00;0.00
2026-08-15 21:50:00;33116.00;0.00
2026-08-15 21:55:00;33111.00;0.60
2026-08-15 22:00:00;33110.00;1.40
2026-08-15 22:05:00;33116.00;0.00
2026-08-15 22:10:00;33116.00;0.00
2026-08-15 22:15:00;33116.00;0.00
2026-08-15 22:20:00;33116.00;0.00
2026-08-15 22:25:00;33115.00;0.00
2026-08-15 22:30:00;33116.00;0.00
2026-08-15 22:35:00;33115.00;0.20
2026-08-15 22:40:00;33115.00;0.00
2026-08-15 22:45:00;33116.00;0.00
2026-08-15 22:50:00;33115.00;0.00
2026-08-15 22:55:00;33115.00;0.00
2026-08-15 23:00:00;33115.00;0.00
2026-08-15 23:05:00;33115.00;0.00
2026-08-15 23:10:00;33115.00;0.00
2026-08-15 23:15:00;33115.00;0.00
2026-08-15 23:20:00;33115.00;0.00
2026-08-15 23:25:00;33115.00;0.00
2026-08-15 23:30:00;33114.00;0.00
2026-08-15 23:35:00;33115.00;0.00
2026-08-15 23:40:00;33115.00;0.00
2026-08-15 23:45:00;33115.00;0.00
2026-08-15 23:50:00;33114.00;0.00
2026-08-15 23:55:00;33114.00;0.00
2026-08-16 00:00:00;33114.00;0.00
2026-08-16 00:05:00;33114.00;0.00
2026-08-16 00:10:00;33114.00;0.00
2026-08-16 00:15:00;33114.00;0.00
2026-08-16 00:20:00;33114.00;0.00
2026-08-16 00:25:00;33113.00;0.00
2026-08-16 00:30:00;33114.00;0.00
2026-08-16 00:35:00;33113.00;0.00
2026-08-16 00:40:00;33114.00;0.00
2026-08-16 00:45:00;33113.00;0.00
2026-08-16 00:50:00;33113.00;0.00
2026-08-16 00:55:00;33113.00;0.00
2026-08-16 01:00:00;33113.00;0.00
2026-08-16 01:05:00;33113.00;0.00
2026-08-16 01:10:00;33113.00;0.00
2026-08-16 01:15:00;33113.00;0.00
2026-08-16 01:20:00;33113.00;0.00
2026-08-16 01:25:00;33113.00;0.00
2026-08-16 01:30:00;33113.00;0.00
2026-08-16 01:35:00;33113.00;0.00
2026-08-16 01:40:00;33113.00;0.00
2026-08-16 01:45:00;33112.00;0.00
2026-08-16 01:50:00;33112.00;0.00
2026-08-16 01:55:00;33113.00;0.00
2026-08-16 02:00:00;33113.00;0.00
2026-08-16 02:05:00;33113.00;0.00
2026-08-16 02:10:00;33112.00;0.00
2026-08-16 02:15:00;33113.00;0.00
2026-08-16 02:20:00;33112.00;0.00
2026-08-16 02:25:00;33112.00;0.00
2026-08-16 02:30:00;33112.00;0.00
2026-08-16 02:35:00;33112.00;0.00
2026-08-16 02:40:00;33112.00;0.00
2026-08-16 02:45:00;33112.00;0.00
2026-08-16 02:50:00;33112.00;0.00
2026-08-16 02:55:00;33112.00;0.00
2026-08-16 03:00:00;33112.00;0.00
2026-08-16 03:05:00;33111.00;0.00
2026-08-16 03:10:00;33112.00;0.00
2026-08-16 03:15:00;33111.00;0.00
2026-08-16 03:20:00;33112.00;0.00
2026-08-16 03:25:00;33111.00;0.00
2026-08-16 03:30:00;33111.00;0.00
2026-08-16 03:35:00;33111.00;0.00
2026-08-16 03:40:00;33111.00;0.00
2026-08-16 03:45:00;33111.00;0.00
2026-08-16 03:50:00;33110.00;0.00
2026-08-16 03:55:00;33111.00;0.00
2026-08-16 04:00:00;33110.00;0.00
2026-08-16 04:05:00;33111.00;0.00
2026-08-16 04:10:00;33111.00;0.00
2026-08-16 04:15:00;33111.00;0.00
2026-08-16 04:20:00;33110.00;0.00
2026-08-16 04:25:00;33110.00;0.00
2026-08-16 04:30:00;33110.00;0.00
2026-08-16 04:35:00;33110.00;0.00
2026-08-16 04:40:00;33110.00;0.00
2026-08-16 04:45:00;33110.00;0.00
2026-08-16 04:50:00;33110.00;0.00
2026-08-16 04:55:00;33110.00;0.00
2026-08-16 05:00:00;33109.00;0.00
2026-08-16 05:05:00;33109.00;0.00
2026-08-16 05:10:00;33109.00;0.00
2026-08-16 05:15:00;33109.00;0.00
2026-08-16 05:20:00;33109.00;0.00
2026-08-16 05:25:00;33109.00;0.00
2026-08-16 05:30:00;33109.00;0.00
2026-08-16 05:35:00;33109.00;0.00
2026-08-16 05:40:00;33109.00;0.00
2026-08-16 05:45:00;33109.00;0.00
2026-08-16 05:50:00;33108.00;0.00
2026-08-16 05:55:00;33109.00;0.00
2026-08-16 06:00:00;33109.00;0.00
2026-08-16 06:05:00;33108.00;0.00
2026-08-16 06:10:00;33108.00;0.00
2026-08-16 06:15:00;33109.00;0.00
2026-08-16 06:20:00;33108.00;0.00
2026-08-16 06:25:00;33108.00;0.00
2026-08-16 06:30:00;33108.00;0.00
2026-08-16 06:35:00;33108.00;0.00
2026-08-16 06:40:00;33108.00;0.00
2026-08-16 06:45:00;33108.00;0.00
2026-08-16 06:50:00;33108.00;0.00
2026-08-16 06:55:00;33107.00;0.00
2026-08-16 07:00:00;33108.00;0.00
2026-08-16 07:05:00;33107.00;0.20
2026-08-16 07:10:00;33107.00;0.00
2026-08-16 07:15:00;33108.00;0.00
2026-08-16 07:20:00;33108.00;0.00
2026-08-16 07:25:00;33107.00;0.00
2026-08-16 07:30:00;33108.00;0.00
2026-08-16 07:35:00;33107.00;0.00
2026-08-16 07:40:00;33107.00;0.00
2026-08-16 07:45:00;33107.00;0.00
2026-08-16 07:50:00;33107.00;0.00
2026-08-16 07:55:00;33107.00;0.00
2026-08-16 08:00:00;33107.00;0.00
2026-08-16 08:05:00;33107.00;0.00
2026-08-16 08:10:00;33107.00;0.00
2026-08-16 08:15:00;33107.00;0.00
2026-08-16 08:20:00;33107.00;0.00
2026-08-16 08:25:00;33107.00;0.00
2026-08-16 08:30:00;33106.00;0.00
2026-08-16 08:35:00;33107.00;0.00
2026-08-16 08:40:00;33106.00;0.00
2026-08-16 08:45:00;33106.00;0.00
2026-08-16 08:50:00;33107.00;0.00
2026-08-16 08:55:00;33106.00;0.00
2026-08-16 09:00:00;33107.00;0.00
2026-08-16 09:05:00;33106.00;0.00
2026-08-16 09:10:00;33106.00;0.00
2026-08-16 09:15:00;33107.00;0.00
2026-08-16 09:20:00;33106.00;0.00
2026-08-16 09:25:00;33106.00;0.00
2026-08-16 09:30:00;33106.00;0.00
2026-08-16 09:35:00;33106.00;0.00
2026-08-16 09:40:00;33106.00;0.00
2026-08-16 09:45:00;33106.00;0.00
2026-08-16 09:50:00;33106.00;0.00
2026-08-16 09:55:00;33106.00;0.00
2026-08-16 10:00:00;33106.00;0.00
2026-08-16 10:05:00;33106.00;0.00
2026-08-16 10:10:00;33106.00;0.00
2026-08-16 10:15:00;33105.00;0.00
2026-08-16 10:20:00;33105.00;0.00
2026-08-16 10:25:00;33106.00;0.00
2026-08-16 10:30:00;33105.00;0.00
2026-08-16 10:35:00;33106.00;0.00
2026-08-16 10:40:00;33105.00;0.00
2026-08-16 10:45:00;33105.00;0.00
2026-08-16 10:50:00;33105.00;0.00
2026-08-16 10:55:00;33105.00;0.00
2026-08-16 11:00:00;33105.00;0.00
2026-08-16 11:05:00;33105.00;0.00
2026-08-16 11:10:00;33105.00;0.00
2026-08-16 11:15:00;33105.00;0.00
2026-08-16 11:20:00;33105.00;0.00
2026-08-16 11:25:00;33105.00;0.00
2026-08-16 11:30:00;33105.00;0.00
2026-08-16 11:35:00;33105.00;0.00
2026-08-16 11:40:00;33105.00;0.00
2026-08-16 11:45:00;33105.00;0.00
2026-08-16 11:50:00;33105.00;0.00
2026-08-16 11:55:00;33105.00;0.00
2026-08-16 12:00:00;33105.00;0.00
2026-08-16 12:05:00;33104.00;0.00
2026-08-16 12:10:00;33104.00;0.00
2026-08-16 12:15:00;33104.00;0.00
2026-08-16 12:20:00;33104.00;0.00
2026-08-16 12:25:00;33104.00;0.00
2026-08-16 12:30:00;33104.00;0.00
2026-08-16 12:35:00;33104.00;0.00
2026-08-16 12:40:00;33104.00;0.00
2026-08-16 12:45:00;33103.00;0.00
2026-08-16 12:50:00;33104.00;0.00
2026-08-16 12:55:00;33104.00;0.00
2026-08-16 13:00:00;33104.00;0.00
2026-08-16 13:05:00;33103.00;0.00
2026-08-16 13:10:00;33103.00;0.00
2026-08-16 13:15:00;33103.00;0.00
2026-08-16 13:20:00;33103.00;0.00
2026-08-16 13:25:00;33103.00;0.00
2026-08-16 13:30:00;33103.00;0.00
2026-08-16 13:35:00;33103.00;0.00
2026-08-16 13:40:00;33103.00;0.00
2026-08-16 13:45:00;33102.00;0.00
2026-08-16 13:50:00;33103.00;0.00
2026-08-16 13:55:00;33102.00;0.00
2026-08-16 14:00:00;33102.00;0.00
2026-08-16 14:05:00;33102.00;0.00
2026-08-16 14:10:00;33102.00;0.00
2026-08-16 14:15:00;33102.00;0.00
2026-08-16 14:20:00;33102.00;0.00
2026-08-16 14:25:00;33102.00;0.00
2026-08-16 14:30:00;33101.00;0.00
2026-08-16 14:35:00;33102.00;0.00
2026-08-16 14:40:00;33101.00;0.00
2026-08-16 14:45:00;33102.00;0.00
2026-08-16 14:50:00;33102.00;0.00
2026-08-16 14:55:00;33101.00;0.00
2026-08-16 15:00:00;33102.00;0.00
2026-08-16 15:05:00;33102.00;0.00
2026-08-16 15:10:00;33101.00;0.00
2026-08-16 15:15:00;33101.00;0.00
2026-08-16 15:20:00;33101.00;0.00
2026-08-16 15:25:00;33101.00;0.00
2026-08-16 15:30:00;33101.00;0.00
2026-08-16 15:35:00;33100.00;0.00
2026-08-16 15:40:00;33101.00;0.00
2026-08-16 15:45:00;33101.00;0.00
2026-08-16 15:50:00;33101.00;0.00
2026-08-16 15:55:00;33101.00;0.00
2026-08-16 16:00:00;33101.00;0.00
2026-08-16 16:05:00;33100.00;0.00
2026-08-16 16:10:00;33100.00;0.00
2026-08-16 16:15:00;33100.00;0.00
2026-08-16 16:20:00;33100.00;0.00
2026-08-16 16:25:00;33100.00;0.00
2026-08-16 16:30:00;33101.00;0.00
2026-08-16 16:35:00;33100.00;0.00
2026-08-16 16:40:00;33100.00;0.00
2026-08-16 16:45:00;33100.00;0.00
2026-08-16 16:50:00;33100.00;0.00
2026-08-16 16:55:00;33100.00;0.00
2026-08-16 17:00:00;33101.00;0.00
2026-08-16 17:05:00;33100.00;0.00
2026-08-16 17:10:00;33100.00;0.00
2026-08-16 17:15:00;33100.00;0.00
2026-08-16 17:20:00;33100.00;0.00
2026-08-16 17:25:00;33100.00;0.00
2026-08-16 17:30:00;33100.00;0.00
2026-08-16 17:35:00;33100.00;0.00
2026-08-16 17:40:00;33100.00;0.00
2026-08-16 17:45:00;33100.00;0.00
2026-08-16 17:50:00;33100.00;0.00
2026-08-16 17:55:00;33100.00;0.00
2026-08-16 18:00:00;33100.00;0.00
2026-08-16 18:05:00;33100.00;0.00
2026-08-16 18:10:00;33100.00;0.00
2026-08-16 18:15:00;33099.00;0.00
2026-08-16 18:20:00;33099.00;0.00
2026-08-16 18:25:00;33100.00;0.00
2026-08-16 18:30:00;33099.00;0.00
2026-08-16 18:35:00;33099.00;0.00
2026-08-16 18:40:00;33099.00;0.00
2026-08-16 18:45:00;33099.00;0.00
2026-08-16 18:50:00;33099.00;0.00
2026-08-16 18:55:00;33099.00;0.00
2026-08-16 19:00:00;33099.00;0.00
2026-08-16 19:05:00;33099.00;0.00
2026-08-16 19:10:00;33099.00;0.00
2026-08-16 19:15:00;33099.00;0.00
2026-08-16 19:20:00;33098.00;0.00
2026-08-16 19:25:00;33099.00;0.00
2026-08-16 19:30:00;33099.00;0.00
2026-08-16 19:35:00;33098.00;0.00
2026-08-16 19:40:00;33098.00;0.00
2026-08-16 19:45:00;33098.00;0.00
2026-08-16 19:50:00;33098.00;0.00
2026-08-16 19:55:00;33099.00;0.00
2026-08-16 20:00:00;33098.00;0.00
2026-08-16 20:05:00;33098.00;0.00
2026-08-16 20:10:00;33098.00;0.00
2026-08-16 20:15:00;33098.00;0.00
2026-08-16 20:20:00;33098.00;0.00
2026-08-16 20:25:00;33098.00;0.00
2026-08-16 20:30:00;33097.00;0.00
2026-08-16 20:35:00;33097.00;0.00
2026-08-16 20:40:00;33097.00;0.00
2026-08-16 20:45:00;33097.00;0.00
2026-08-16 20:50:00;33097.00;0.00
2026-08-16 20:55:00;33097.00;0.00
2026-08-16 21:00:00;33097.00;0.00
2026-08-16 21:05:00;33097.00;0.00
2026-08-16 21:10:00;33097.00;0.00
2026-08-16 21:15:00;33097.00;0.00
2026-08-16 21:20:00;33096.00;0.00
2026-08-16 21:25:00;33096.00;0.00
2026-08-16 21:30:00;33096.00;0.00
2026-08-16 21:35:00;33096.00;0.00
2026-08-16 21:40:00;33097.00;0.00
2026-08-16 21:45:00;33096.00;0.00
2026-08-16 21:50:00;33097.00;0.00
2026-08-16 21:55:00;33096.00;0.00
2026-08-16 22:00:00;33096.00;0.00
2026-08-16 22:05:00;33096.00;0.00
2026-08-16 22:10:00;33096.00;0.00
2026-08-16 22:15:00;33096.00;0.00
2026-08-16 22:20:00;33097.00;0.00
2026-08-16 22:25:00;33096.00;0.00
2026-08-16 22:30:00;33096.00;0.00
2026-08-16 22:35:00;33095.00;0.00
2026-08-16 22:40:00;33095.00;0.00
2026-08-16 22:45:00;33095.00;0.00
2026-08-16 22:50:00;33095.00;0.00
2026-08-16 22:55:00;33095.00;0.00
2026-08-16 23:00:00;33095.00;0.00
2026-08-16 23:05:00;33095.00;0.00
2026-08-16 23:10:00;33096.00;0.00
2026-08-16 23:15:00;33095.00;0.00
2026-08-16 23:20:00;33095.00;0.00
2026-08-16 23:25:00;33095.00;0.00
2026-08-16 23:30:00;33095.00;0.00
2026-08-16 23:35:00;33095.00;0.00
2026-08-16 23:40:00;33095.00;0.00
2026-08-16 23:45:00;33095.00;0.00
2026-08-16 23:50:00;33094.00;0.00
2026-08-16 23:55:00;33094.00;0.00
2026-08-17 00:00:00;33094.00;0.00
2026-08-17 00:05:00;33095.00;0.00
2026-08-17 00:10:00;33094.00;0.00
2026-08-17 00:15:00;33094.00;0.00
2026-08-17 00:20:00;33094.00;0.00
2026-08-17 00:25:00;33094.00;0.00
2026-08-17 00:30:00;33094.00;0.00
2026-08-17 00:35:00;33094.00;0.00
2026-08-17 00:40:00;33094.00;0.00
2026-08-17 00:45:00;33094.00;0.00
2026-08-17 00:50:00;33094.00;0.00
2026-08-17 00:55:00;33094.00;0.00
2026-08-17 01:00:00;33094.00;0.00
2026-08-17 01:05:00;33094.00;0.00
2026-08-17 01:10:00;33094.00;0.00
2026-08-17 01:15:00;33093.00;0.00
2026-08-17 01:20:00;33094.00;0.00
2026-08-17 01:25:00;33093.00;0.00
2026-08-17 01:30:00;33093.00;0.00
2026-08-17 01:35:00;33093.00;0.00
2026-08-17 01:40:00;33093.00;0.00
2026-08-17 01:45:00;33093.00;0.00
2026-08-17 01:50:00;33093.00;0.00
2026-08-17 01:55:00;33093.00;0.00
2026-08-17 02:00:00;33093.00;0.00
2026-08-17 02:05:00;33093.00;0.00
2026-08-17 02:10:00;33093.00;0.00
2026-08-17 02:15:00;33093.00;0.00
2026-08-17 02:20:00;33093.00;0.00
2026-08-17 02:25:00;33093.00;0.00
2026-08-17 02:30:00;33093.00;0.00
2026-08-17 02:35:00;33092.00;0.00
2026-08-17 02:40:00;33092.00;0.00
2026-08-17 02:45:00;33093.00;0.00
2026-08-17 02:50:00;33093.00;0.00
2026-08-17 02:55:00;33092.00;0.00
2026-08-17 03:00:00;33092.00;0.00
2026-08-17 03:05:00;33093.00;0.00
2026-08-17 03:10:00;33092.00;0.00
2026-08-17 03:15:00;33092.00;0.00
2026-08-17 03:20:00;33092.00;0.00
2026-08-17 03:25:00;33092.00;0.00
2026-08-17 03:30:00;33092.00;0.00
2026-08-17 03:35:00;33092.00;0.00
2026-08-17 03:40:00;33092.00;0.00
2026-08-17 03:45:00;33092.00;0.00
2026-08-17 03:50:00;33092.00;0.00
2026-08-17 03:55:00;33091.00;0.00
2026-08-17 04:00:00;33092.00;0.00
2026-08-17 04:05:00;33092.00;0.00
2026-08-17 04:10:00;33092.00;0.00
2026-08-17 04:15:00;33092.00;0.00
2026-08-17 04:20:00;33092.00;0.00
2026-08-17 04:25:00;33092.00;0.00
2026-08-17 04:30:00;33092.00;0.00
2026-08-17 04:35:00;33091.00;0.00
2026-08-17 04:40:00;33092.00;0.00
2026-08-17 04:45:00;33091.00;0.00
2026-08-17 04:50:00;33092.00;0.00
2026-08-17 04:55:00;33091.00;0.00
2026-08-17 05:00:00;33091.00;0.00
2026-08-17 05:05:00;33091.00;0.00
2026-08-17 05:10:00;33091.00;0.00
2026-08-17 05:15:00;33091.00;0.00
2026-08-17 05:20:00;33091.00;0.00
2026-08-17 05:25:00;33091.00;0.00
2026-08-17 05:30:00;33091.00;0.00
2026-08-17 05:35:00;33091.00;0.00
2026-08-17 05:40:00;33091.00;0.00
2026-08-17 05:45:00;33091.00;0.00
2026-08-17 05:50:00;33090.00;0.00
2026-08-17 05:55:00;33090.00;0.00
2026-08-17 06:00:00;33090.00;0.00
2026-08-17 06:05:00;33091.00;0.00
2026-08-17 06:10:00;33090.00;0.00
2026-08-17 06:15:00;33090.00;0.00
2026-08-17 06:20:00;33090.00;0.00
2026-08-17 06:25:00;33090.00;0.00
2026-08-17 06:30:00;33090.00;0.00
2026-08-17 06:35:00;33090.00;0.00
2026-08-17 06:40:00;33090.00;0.00
2026-08-17 06:45:00;33090.00;0.00
2026-08-17 06:50:00;33090.00;0.00
2026-08-17 06:55:00;33090.00;0.00
2026-08-17 07:00:00;33090.00;0.00
2026-08-17 07:05:00;33089.00;0.00
2026-08-17 07:10:00;33090.00;0.00
2026-08-17 07:15:00;33090.00;0.00
2026-08-17 07:20:00;33089.00;0.00
2026-08-17 07:25:00;33089.00;0.00
2026-08-17 07:30:00;33089.00;0.00
2026-08-17 07:35:00;33089.00;0.00
2026-08-17 07:40:00;33089.00;0.00
2026-08-17 07:45:00;33089.00;0.00
2026-08-17 07:50:00;33089.00;0.00
2026-08-17 07:55:00;33089.00;0.00
2026-08-17 08:00:00;33089.00;0.00
2026-08-17 08:05:00;33089.00;0.00
2026-08-17 08:10:00;33088.00;0.00
2026-08-17 08:15:00;33089.00;0.00
2026-08-17 08:20:00;33089.00;0.00
2026-08-17 08:25:00;33089.00;0.00
2026-08-17 08:30:00;33089.00;0.00
2026-08-17 08:35:00;33088.00;0.00
2026-08-17 08:40:00;33088.00;0.00
2026-08-17 08:45:00;33088.00;0.00
2026-08-17 08:50:00;33088.00;0.00
2026-08-17 08:55:00;33088.00;0.00
2026-08-17 09:00:00;33089.00;0.00
2026-08-17 09:05:00;33088.00;0.00
2026-08-17 09:10:00;33088.00;0.00
2026-08-17 09:15:00;33088.00;0.00
2026-08-17 09:20:00;33088.00;0.00
2026-08-17 09:25:00;33088.00;0.00
2026-08-17 09:30:00;33088.00;0.00
2026-08-17 09:35:00;33088.00;0.00
2026-08-17 09:40:00;33088.00;0.00
2026-08-17 09:45:00;33088.00;0.00
2026-08-17 09:50:00;33088.00;0.00
2026-08-17 09:55:00;33088.00;0.00
2026-08-17 10:00:00;33088.00;0.00
2026-08-17 10:05:00;33088.00;0.00
2026-08-17 10:10:00;33088.00;0.00
2026-08-17 10:15:00;33088.00;0.00
2026-08-17 10:20:00;33088.00;0.00
2026-08-17 10:25:00;33088.00;0.00
2026-08-17 10:30:00;33088.00;0.00
2026-08-17 10:35:00;33088.00;0.00
2026-08-17 10:40:00;33087.00;0.00
2026-08-17 10:45:00;33087.00;0.00
2026-08-17 10:50:00;33088.00;0.00
2026-08-17 10:55:00;33087.00;0.00
2026-08-17 11:00:00;33087.00;0.00
2026-08-17 11:05:00;33087.00;0.00
2026-08-17 11:10:00;33087.00;0.00
2026-08-17 11:15:00;33087.00;0.00
2026-08-17 11:20:00;33087.00;0.00
2026-08-17 11:25:00;33087.00;0.00
2026-08-17 11:30:00;33087.00;0.00
2026-08-17 11:35:00;33087.00;0.00
2026-08-17 11:40:00;33087.00;0.00
2026-08-17 11:45:00;33087.00;0.00
2026-08-17 11:50:00;33087.00;0.00
2026-08-17 11:55:00;33086.00;0.00
2026-08-17 12:00:00;33087.00;0.00
2026-08-17 12:05:00;33087.00;0.00
2026-08-17 12:10:00;33087.00;0.00
2026-08-17 12:15:00;33086.00;0.00
2026-08-17 12:20:00;33086.00;0.00
2026-08-17 12:25:00;33086.00;0.00
2026-08-17 12:30:00;33086.00;0.00
2026-08-17 12:35:00;33086.00;0.00
2026-08-17 12:40:00;33086.00;0.00
2026-08-17 12:45:00;33086.00;0.00
2026-08-17 12:50:00;33086.00;0.00
2026-08-17 12:55:00;33086.00;0.00
2026-08-17 13:00:00;33086.00;0.00
2026-08-17 13:05:00;33086.00;0.00
2026-08-17 13:10:00;33086.00;0.00
2026-08-17 13:15:00;33086.00;0.00
2026-08-17 13:20:00;33086.00;0.00
2026-08-17 13:25:00;33086.00;0.00
2026-08-17 13:30:00;33085.00;0.00
2026-08-17 13:35:00;33086.00;0.00
2026-08-17 13:40:00;33086.00;0.00
2026-08-17 13:45:00;33085.00;0.00
2026-08-17 13:50:00;33086.00;0.00
2026-08-17 13:55:00;33086.00;0.00
2026-08-17 14:00:00;33085.00;0.00
2026-08-17 14:05:00;33085.00;0.00
2026-08-17 14:10:00;33085.00;0.00
2026-08-17 14:15:00;33085.00;0.00
2026-08-17 14:20:00;33085.00;0.00
2026-08-17 14:25:00;33085.00;0.00
2026-08-17 14:30:00;33085.00;0.00
2026-08-17 14:35:00;33085.00;0.00
2026-08-17 14:40:00;33085.00;0.00
2026-08-17 14:45:00;33085.00;0.00
2026-08-17 14:50:00;33085.00;0.00
2026-08-17 14:55:00;33085.00;0.00
2026-08-17 15:00:00;33084.00;0.00
2026-08-17 15:05:00;33085.00;0.00
2026-08-17 15:10:00;33084.00;0.00
2026-08-17 15:15:00;33084.00;0.00
2026-08-17 15:20:00;33084.00;0.00
2026-08-17 15:25:00;33084.00;0.00
2026-08-17 15:30:00;33084.00;0.00
2026-08-17 15:35:00;33084.00;0.00
2026-08-17 15:40:00;33084.00;0.00
2026-08-17 15:45:00;33084.00;0.00
2026-08-17 15:50:00;33084.00;0.00
2026-08-17 15:55:00;33084.00;0.00
2026-08-17 16:00:00;33084.00;0.00
2026-08-17 16:05:00;33084.00;0.00
2026-08-17 16:10:00;33084.00;0.00
2026-08-17 16:15:00;33084.00;0.00
2026-08-17 16:20:00;33084.00;0.00
2026-08-17 16:25:00;33084.00;0.00
2026-08-17 16:30:00;33084.00;0.00
2026-08-17 16:35:00;33084.00;0.00
2026-08-17 16:40:00;33084.00;0.00
2026-08-17 16:45:00;33084.00;0.00
2026-08-17 16:50:00;33084.00;0.00
2026-08-17 16:55:00;33083.00;0.00
2026-08-17 17:00:00;33083.00;0.00
2026-08-17 17:05:00;33084.00;0.00
2026-08-17 17:10:00;33083.00;0.00
2026-08-17 17:15:00;33084.00;0.00
2026-08-17 17:20:00;33083.00;0.00
2026-08-17 17:25:00;33083.00;0.00
2026-08-17 17:30:00;33084.00;0.00
2026-08-17 17:35:00;33083.00;0.00
2026-08-17 17:40:00;33084.00;0.00
2026-08-17 17:45:00;33083.00;0.00
2026-08-17 17:50:00;33083.00;0.00
2026-08-17 17:55:00;33083.00;0.00
2026-08-17 18:00:00;33083.00;0.00
2026-08-17 18:05:00;33083.00;0.00
2026-08-17 18:10:00;33083.00;0.00
2026-08-17 18:15:00;33083.00;0.00
2026-08-17 18:20:00;33083.00;0.00
2026-08-17 18:25:00;33083.00;0.00
2026-08-17 18:30:00;33083.00;0.00
2026-08-17 18:35:00;33083.00;0.00
2026-08-17 18:40:00;33083.00;0.00
2026-08-17 18:45:00;33083.00;0.00
2026-08-17 18:50:00;33083.00;0.00
2026-08-17 18:55:00;33083.00;0.00
2026-08-17 19:00:00;33083.00;0.00
2026-08-17 19:05:00;33083.00;0.00
2026-08-17 19:10:00;33083.00;0.00
2026-08-17 19:15:00;33082.00;0.00
2026-08-17 19:20:00;33082.00;0.00
2026-08-17 19:25:00;33083.00;0.00
2026-08-17 19:30:00;33082.00;0.00
2026-08-17 19:35:00;33082.00;0.00
2026-08-17 19:40:00;33082.00;0.00
2026-08-17 19:45:00;33082.00;0.00
2026-08-17 19:50:00;33082.00;0.00
2026-08-17 19:55:00;33082.00;0.00
2026-08-17 20:00:00;33082.00;0.00
2026-08-17 20:05:00;33082.00;0.00
2026-08-17 20:10:00;33082.00;0.00
2026-08-17 20:15:00;33081.00;0.00
2026-08-17 20:20:00;33082.00;0.00
2026-08-17 20:25:00;33082.00;0.00
2026-08-17 20:30:00;33082.00;0.00
2026-08-17 20:35:00;33081.00;0.00
2026-08-17 20:40:00;33081.00;0.00
2026-08-17 20:45:00;33082.00;0.00
2026-08-17 20:50:00;33081.00;0.00
2026-08-17 20:55:00;33081.00;0.00
2026-08-17 21:00:00;33081.00;0.00
2026-08-17 21:05:00;33081.00;0.00
2026-08-17 21:10:00;33081.00;0.00
2026-08-17 21:15:00;33081.00;0.00
2026-08-17 21:20:00;33081.00;0.00
2026-08-17 21:25:00;33081.00;0.00
2026-08-17 21:30:00;33081.00;0.00
2026-08-17 21:35:00;33081.00;0.00
2026-08-17 21:40:00;33080.00;0.00
2026-08-17 21:45:00;33080.00;0.00
2026-08-17 21:50:00;33081.00;0.00
2026-08-17 21:55:00;33081.00;0.00
2026-08-17 22:00:00;33081.00;0.00
2026-08-17 22:05:00;33081.00;0.00
2026-08-17 22:10:00;33081.00;0.00
2026-08-17 22:15:00;33080.00;0.00
2026-08-17 22:20:00;33080.00;0.00
2026-08-17 22:25:00;33081.00;0.00
2026-08-17 22:30:00;33081.00;0.00
2026-08-17 22:35:00;33080.00;0.00
2026-08-17 22:40:00;33081.00;0.00
2026-08-17 22:45:00;33081.00;0.00
2026-08-17 22:50:00;33080.00;0.00
2026-08-17 22:55:00;33080.00;0.00
2026-08-17 23:00:00;33081.00;0.00
2026-08-17 23:05:00;33080.00;0.00
2026-08-17 23:10:00;33080.00;0.00
2026-08-17 23:15:00;33081.00;0.00
2026-08-17 23:20:00;33080.00;0.00
2026-08-17 23:25:00;33080.00;0.00
2026-08-17 23:30:00;33080.00;0.00
2026-08-17 23:35:00;33080.00;0.00
2026-08-17 23:40:00;33080.00;0.00
2026-08-17 23:45:00;33080.00;0.00
2026-08-17 23:50:00;33080.00;0.00
2026-08-17 23:55:00;33080.00;0.00
2026-08-18 00:00:00;33079.00;0.00
2026-08-18 00:05:00;33080.00;0.00
2026-08-18 00:10:00;33080.00;0.00
2026-08-18 00:15:00;33080.00;0.00
2026-08-18 00:20:00;33080.00;0.00
2026-08-18 00:25:00;33080.00;0.00
2026-08-18 00:30:00;33079.00;0.00
2026-08-18 00:35:00;33079.00;0.00
2026-08-18 00:40:00;33079.00;0.00
2026-08-18 00:45:00;33079.00;0.00
2026-08-18 00:50:00;33079.00;0.00
2026-08-18 00:55:00;33079.00;0.00
2026-08-18 01:00:00;33079.00;0.00
2026-08-18 01:05:00;33079.00;0.00
2026-08-18 01:10:00;33079.00;0.00
2026-08-18 01:15:00;33079.00;0.00
2026-08-18 01:20:00;33079.00;0.00
2026-08-18 01:25:00;33079.00;0.00
2026-08-18 01:30:00;33079.00;0.00
2026-08-18 01:35:00;33079.00;0.00
2026-08-18 01:40:00;33079.00;0.00
2026-08-18 01:45:00;33079.00;0.00
2026-08-18 01:50:00;33079.00;0.00
2026-08-18 01:55:00;33078.00;0.00
2026-08-18 02:00:00;33079.00;0.00
2026-08-18 02:05:00;33079.00;0.00
2026-08-18 02:10:00;33078.00;0.00
2026-08-18 02:15:00;33079.00;0.00
2026-08-18 02:20:00;33078.00;0.00
2026-08-18 02:25:00;33078.00;0.00
2026-08-18 02:30:00;33078.00;0.00
2026-08-18 02:35:00;33078.00;0.00
2026-08-18 02:40:00;33078.00;0.00
2026-08-18 02:45:00;33078.00;0.00
2026-08-18 02:50:00;33078.00;0.00
2026-08-18 02:55:00;33078.00;0.00
2026-08-18 03:00:00;33078.00;0.00
2026-08-18 03:05:00;33078.00;0.00
2026-08-18 03:10:00;33078.00;0.00
2026-08-18 03:15:00;33078.00;0.00
2026-08-18 03:20:00;33078.00;0.00
2026-08-18 03:25:00;33078.00;0.00
2026-08-18 03:30:00;33078.00;0.00
2026-08-18 03:35:00;33078.00;0.00
2026-08-18 03:40:00;33078.00;0.00
2026-08-18 03:45:00;33077.00;0.00
2026-08-18 03:50:00;33078.00;0.00
2026-08-18 03:55:00;33078.00;0.00
2026-08-18 04:00:00;33078.00;0.00
2026-08-18 04:05:00;33078.00;0.00
2026-08-18 04:10:00;33078.00;0.00
2026-08-18 04:15:00;33078.00;0.00
2026-08-18 04:20:00;33077.00;0.00
2026-08-18 04:25:00;33077.00;0.00
2026-08-18 04:30:00;33077.00;0.00
2026-08-18 04:35:00;33077.00;0.00
2026-08-18 04:40:00;33077.00;0.00
2026-08-18 04:45:00;33077.00;0.00
2026-08-18 04:50:00;33078.00;0.00
2026-08-18 04:55:00;33077.00;0.00
2026-08-18 05:00:00;33077.00;0.00
2026-08-18 05:05:00;33077.00;0.00
2026-08-18 05:10:00;33077.00;0.00
2026-08-18 05:15:00;33077.00;0.00
2026-08-18 05:20:00;33077.00;0.00
2026-08-18 05:25:00;33077.00;0.00
2026-08-18 05:30:00;33077.00;0.00
2026-08-18 05:35:00;33077.00;0.00
2026-08-18 05:40:00;33077.00;0.00
2026-08-18 05:45:00;33077.00;0.00
2026-08-18 05:50:00;33077.00;0.00
2026-08-18 05:55:00;33077.00;0.00
2026-08-18 06:00:00;33077.00;0.00
2026-08-18 06:05:00;33077.00;0.00
2026-08-18 06:10:00;33077.00;0.00
2026-08-18 06:15:00;33077.00;0.00
2026-08-18 06:20:00;33077.00;0.00
2026-08-18 06:25:00;33077.00;0.00
2026-08-18 06:30:00;33076.00;0.00
2026-08-18 06:35:00;33077.00;0.00
2026-08-18 06:40:00;33077.00;0.00
2026-08-18 06:45:00;33076.00;0.00
2026-08-18 06:50:00;33076.00;0.00
2026-08-18 06:55:00;33076.00;0.00
2026-08-18 07:00:00;33076.00;0.00
2026-08-18 07:05:00;33077.00;0.00
2026-08-18 07:10:00;33076.00;0.00
2026-08-18 07:15:00;33077.00;0.00
2026-08-18 07:20:00;33076.00;0.00
2026-08-18 07:25:00;33076.00;0.00
2026-08-18 07:30:00;33076.00;0.00
2026-08-18 07:35:00;33076.00;0.00
2026-08-18 07:40:00;33076.00;0.00
2026-08-18 07:45:00;33076.00;0.00
2026-08-18 07:50:00;33076.00;0.00
2026-08-18 07:55:00;33076.00;0.00
2026-08-18 08:00:00;33076.00;0.00
2026-08-18 08:05:00;33076.00;0.00
2026-08-18 08:10:00;33076.00;0.00
2026-08-18 08:15:00;33076.00;0.00
2026-08-18 08:20:00;33076.00;0.00
2026-08-18 08:25:00;33076.00;0.00
2026-08-18 08:30:00;33076.00;0.00
2026-08-18 08:35:00;33076.00;0.00
2026-08-18 08:40:00;33075.00;0.00
2026-08-18 08:45:00;33075.00;0.00
2026-08-18 08:50:00;33075.00;0.00
2026-08-18 08:55:00;33075.00;0.00
2026-08-18 09:00:00;33075.00;0.00
2026-08-18 09:05:00;33075.00;0.00
2026-08-18 09:10:00;33075.00;0.00
2026-08-18 09:15:00;33075.00;0.00
2026-08-18 09:20:00;33075.00;0.00
2026-08-18 09:25:00;33075.00;0.00
2026-08-18 09:30:00;33075.00;0.00
2026-08-18 09:35:00;33075.00;0.00
2026-08-18 09:40:00;33075.00;0.00
2026-08-18 09:45:00;33075.00;0.00
2026-08-18 09:50:00;33075.00;0.00
2026-08-18 09:55:00;33075.00;0.00
2026-08-18 10:00:00;33075.00;0.00
2026-08-18 10:05:00;33075.00;0.00
2026-08-18 10:10:00;33075.00;0.00
2026-08-18 10:15:00;33074.00;0.00
2026-08-18 10:20:00;33074.00;0.00
2026-08-18 10:25:00;33075.00;0.00
2026-08-18 10:30:00;33075.00;0.00
2026-08-18 10:35:00;33075.00;0.00
2026-08-18 10:40:00;33074.00;0.00
2026-08-18 10:45:00;33075.00;0.00
2026-08-18 10:50:00;33074.00;0.00
2026-08-18 10:55:00;33074.00;0.00
2026-08-18 11:00:00;33074.00;0.00
2026-08-18 11:05:00;33074.00;0.00
2026-08-18 11:10:00;33075.00;0.00
2026-08-18 11:15:00;33074.00;0.00
2026-08-18 11:20:00;33074.00;0.00
2026-08-18 11:25:00;33074.00;0.00
2026-08-18 11:30:00;33074.00;0.00
2026-08-18 11:35:00;33074.00;0.00
2026-08-18 11:40:00;33074.00;0.00
2026-08-18 11:45:00;33074.00;0.00
2026-08-18 11:50:00;33074.00;0.00
2026-08-18 11:55:00;33074.00;0.00
2026-08-18 12:00:00;33074.00;0.00
2026-08-18 12:05:00;33074.00;0.00
2026-08-18 12:10:00;33074.00;0.00
2026-08-18 12:15:00;33074.00;0.00
2026-08-18 12:20:00;33074.00;0.00
2026-08-18 12:25:00;33074.00;0.00
2026-08-18 12:30:00;33074.00;0.00
2026-08-18 12:35:00;33074.00;0.00
2026-08-18 12:40:00;33074.00;0.00
2026-08-18 12:45:00;33074.00;0.00
2026-08-18 12:50:00;33074.00;0.00
2026-08-18 12:55:00;33074.00;0.00
2026-08-18 13:00:00;33074.00;0.00
2026-08-18 13:05:00;33073.00;0.00
2026-08-18 13:10:00;33074.00;0.00
2026-08-18 13:15:00;33073.00;0.00
2026-08-18 13:20:00;33074.00;0.00
2026-08-18 13:25:00;33074.00;0.00
2026-08-18 13:30:00;33073.00;0.00
2026-08-18 13:35:00;33074.00;0.00
2026-08-18 13:40:00;33073.00;0.00
2026-08-18 13:45:00;33073.00;0.00
2026-08-18 13:50:00;33073.00;0.00
2026-08-18 13:55:00;33073.00;0.00
2026-08-18 14:00:00;33073.00;0.00
2026-08-18 14:05:00;33073.00;0.00
2026-08-18 14:10:00;33073.00;0.00
2026-08-18 14:15:00;33073.00;0.00
2026-08-18 14:20:00;33073.00;0.00
2026-08-18 14:25:00;33073.00;0.00
2026-08-18 14:30:00;33073.00;0.00
2026-08-18 14:35:00;33073.00;0.00
2026-08-18 14:40:00;33073.00;0.00
2026-08-18 14:45:00;33073.00;0.00
2026-08-18 14:50:00;33073.00;0.00
2026-08-18 14:55:00;33072.00;0.00
2026-08-18 15:00:00;33072.00;0.00
2026-08-18 15:05:00;33072.00;0.00
2026-08-18 15:10:00;33072.00;0.00
2026-08-18 15:15:00;33072.00;0.00
2026-08-18 15:20:00;33072.00;0.00
2026-08-18 15:25:00;33072.00;0.00
2026-08-18 15:30:00;33072.00;0.00
2026-08-18 15:35:00;33072.00;0.00
2026-08-18 15:40:00;33072.00;0.00
2026-08-18 15:45:00;33072.00;0.00
2026-08-18 15:50:00;33072.00;0.00
2026-08-18 15:55:00;33072.00;0.00
2026-08-18 16:00:00;33072.00;0.00
2026-08-18 16:05:00;33072.00;0.00
2026-08-18 16:10:00;33072.00;0.00
2026-08-18 16:15:00;33072.00;0.00
2026-08-18 16:20:00;33072.00;0.00
2026-08-18 16:25:00;33072.00;0.00
2026-08-18 16:30:00;33072.00;0.00
2026-08-18 16:35:00;33072.00;0.00
2026-08-18 16:40:00;33072.00;0.00
2026-08-18 16:45:00;33072.00;0.00
2026-08-18 16:50:00;33072.00;0.00
2026-08-18 16:55:00;33072.00;0.00
2026-08-18 17:00:00;33072.00;0.00
2026-08-18 17:05:00;33072.00;0.00
2026-08-18 17:10:00;33072.00;0.00
2026-08-18 17:15:00;33072.00;0.00
2026-08-18 17:20:00;33072.00;0.00
2026-08-18 17:25:00;33072.00;0.00
2026-08-18 17:30:00;33072.00;0.00
2026-08-18 17:35:00;33072.00;0.00
2026-08-18 17:40:00;33072.00;0.00
2026-08-18 17:45:00;33071.00;0.00
2026-08-18 17:50:00;33071.00;0.00
2026-08-18 17:55:00;33072.00;0.00
2026-08-18 18:00:00;33071.00;0.00
2026-08-18 18:05:00;33071.00;0.00
2026-08-18 18:10:00;33072.00;0.00
2026-08-18 18:15:00;33072.00;0.00
2026-08-18 18:20:00;33072.00;0.00
2026-08-18 18:25:00;33072.00;0.00
2026-08-18 18:30:00;33071.00;0.00
2026-08-18 18:35:00;33071.00;0.00
2026-08-18 18:40:00;33072.00;0.00
2026-08-18 18:45:00;33071.00;0.00
2026-08-18 18:50:00;33071.00;0.00
2026-08-18 18:55:00;33071.00;0.00
2026-08-18 19:00:00;33071.00;0.00
2026-08-18 19:05:00;33071.00;0.00
2026-08-18 19:10:00;33071.00;0.00
2026-08-18 19:15:00;33071.00;0.00
2026-08-18 19:20:00;33071.00;0.00
2026-08-18 19:25:00;33071.00;0.00
2026-08-18 19:30:00;33071.00;0.00
2026-08-18 19:35:00;33071.00;0.00
2026-08-18 19:40:00;33071.00;0.00
2026-08-18 19:45:00;33071.00;0.00
2026-08-18 19:50:00;33071.00;0.00
2026-08-18 19:55:00;33071.00;0.00
2026-08-18 20:00:00;33071.00;0.00
2026-08-18 20:05:00;33071.00;0.00
2026-08-18 20:10:00;33071.00;0.00
2026-08-18 20:15:00;33071.00;0.00
2026-08-18 20:20:00;33071.00;0.00
2026-08-18 20:25:00;33070.00;0.00
2026-08-18 20:30:00;33070.00;0.00
2026-08-18 20:35:00;33071.00;0.00
2026-08-18 20:40:00;33070.00;0.00
2026-08-18 20:45:00;33070.00;0.00
2026-08-18 20:50:00;33071.00;0.00
2026-08-18 20:55:00;33070.00;0.00
2026-08-18 21:00:00;33071.00;0.00
2026-08-18 21:05:00;33070.00;0.00
2026-08-18 21:10:00;33070.00;0.00
2026-08-18 21:15:00;33070.00;0.00
2026-08-18 21:20:00;33070.00;0.00
2026-08-18 21:25:00;33070.00;0.00
2026-08-18 21:30:00;33070.00;0.00
2026-08-18 21:35:00;33070.00;0.00
2026-08-18 21:40:00;33070.00;0.00
2026-08-18 21:45:00;33070.00;0.00
2026-08-18 21:50:00;33070.00;0.00
2026-08-18 21:55:00;33070.00;0.00
2026-08-18 22:00:00;33070.00;0.00
2026-08-18 22:05:00;33070.00;0.00
2026-08-18 22:10:00;33070.00;0.00
2026-08-18 22:15:00;33070.00;0.00
2026-08-18 22:20:00;33070.00;0.00
2026-08-18 22:25:00;33069.00;0.00
2026-08-18 22:30:00;33070.00;0.00
2026-08-18 22:35:00;33069.00;0.00
2026-08-18 22:40:00;33070.00;0.00
2026-08-18 22:45:00;33070.00;0.00
2026-08-18 22:50:00;33070.00;0.00
2026-08-18 22:55:00;33070.00;0.00
2026-08-18 23:00:00;33069.00;0.00
2026-08-18 23:05:00;33069.00;0.00
2026-08-18 23:10:00;33070.00;0.00
2026-08-18 23:15:00;33070.00;0.00
2026-08-18 23:20:00;33069.00;0.00
2026-08-18 23:25:00;33069.00;0.00
2026-08-18 23:30:00;33069.00;0.00
2026-08-18 23:35:00;33069.00;0.00
2026-08-18 23:40:00;33069.00;0.00
2026-08-18 23:45:00;33070.00;0.00
2026-08-18 23:50:00;33069.00;0.00
2026-08-18 23:55:00;33069.00;0.00
2026-08-19 00:00:00;33069.00;0.00
2026-08-19 00:05:00;33069.00;0.00
2026-08-19 00:10:00;33069.00;0.00
2026-08-19 00:15:00;33070.00;0.00
2026-08-19 00:20:00;33069.00;0.00
2026-08-19 00:25:00;33069.00;0.00
2026-08-19 00:30:00;33069.00;0.00
2026-08-19 00:35:00;33069.00;0.00
2026-08-19 00:40:00;33069.00;0.00
2026-08-19 00:45:00;33069.00;0.00
2026-08-19 00:50:00;33070.00;0.00
2026-08-19 00:55:00;33069.00;0.00
2026-08-19 01:00:00;33069.00;0.00
2026-08-19 01:05:00;33069.00;0.00
2026-08-19 01:10:00;33070.00;0.00
2026-08-19 01:15:00;33069.00;0.00
2026-08-19 01:20:00;33069.00;0.00
2026-08-19 01:25:00;33069.00;0.00
2026-08-19 01:30:00;33069.00;0.00
2026-08-19 01:35:00;33069.00;0.00
2026-08-19 01:40:00;33070.00;0.00
2026-08-19 01:45:00;33069.00;0.00
2026-08-19 01:50:00;33069.00;0.00
2026-08-19 01:55:00;33069.00;0.00
2026-08-19 02:00:00;33070.00;0.00
2026-08-19 02:05:00;33069.00;0.00
2026-08-19 02:10:00;33069.00;0.00
2026-08-19 02:15:00;33069.00;0.00
2026-08-19 02:20:00;33069.00;0.00
2026-08-19 02:25:00;33069.00;0.00
2026-08-19 02:30:00;33069.00;0.00
2026-08-19 02:35:00;33069.00;0.00
2026-08-19 02:40:00;33069.00;0.00
2026-08-19 02:45:00;33069.00;0.00
2026-08-19 02:50:00;33069.00;0.00
2026-08-19 02:55:00;33069.00;0.00
2026-08-19 03:00:00;33069.00;0.00
2026-08-19 03:05:00;33069.00;0.00
2026-08-19 03:10:00;33069.00;0.00
2026-08-19 03:15:00;33069.00;0.00
2026-08-19 03:20:00;33069.00;0.00
2026-08-19 03:25:00;33069.00;0.00
2026-08-19 03:30:00;33069.00;0.00
2026-08-19 03:35:00;33069.00;0.00
2026-08-19 03:40:00;33069.00;0.00
2026-08-19 03:45:00;33069.00;0.00
2026-08-19 03:50:00;33069.00;0.00
2026-08-19 03:55:00;33069.00;0.00
2026-08-19 04:00:00;33068.00;0.00
2026-08-19 04:05:00;33069.00;0.00
2026-08-19 04:10:00;33069.00;0.00
2026-08-19 04:15:00;33069.00;0.00
2026-08-19 04:20:00;33069.00;0.00
2026-08-19 04:25:00;33069.00;0.00
2026-08-19 04:30:00;33068.00;0.00
2026-08-19 04:35:00;33069.00;0.00
2026-08-19 04:40:00;33068.00;0.00
2026-08-19 04:45:00;33068.00;0.00
2026-08-19 04:50:00;33068.00;0.00
2026-08-19 04:55:00;33068.00;0.00
2026-08-19 05:00:00;33068.00;0.00
2026-08-19 05:05:00;33068.00;0.00
2026-08-19 05:10:00;33068.00;0.00
2026-08-19 05:15:00;33068.00;0.00
2026-08-19 05:20:00;33068.00;0.00
2026-08-19 05:25:00;33068.00;0.00
2026-08-19 05:30:00;33068.00;0.00
2026-08-19 05:35:00;33068.00;0.00
2026-08-19 05:40:00;33067.00;0.00
2026-08-19 05:45:00;33068.00;0.00
2026-08-19 05:50:00;33068.00;0.00
2026-08-19 05:55:00;33068.00;0.00
2026-08-19 06:00:00;33068.00;0.00
2026-08-19 06:05:00;33068.00;0.00
2026-08-19 06:10:00;33068.00;0.00
2026-08-19 06:15:00;33068.00;0.00
2026-08-19 06:20:00;33067.00;0.00
2026-08-19 06:25:00;33067.00;0.00
2026-08-19 06:30:00;33067.00;0.00
2026-08-19 06:35:00;33067.00;0.00
2026-08-19 06:40:00;33068.00;0.00
2026-08-19 06:45:00;33067.00;0.00
2026-08-19 06:50:00;33067.00;0.00
2026-08-19 06:55:00;33067.00;0.00
2026-08-19 07:00:00;33067.00;0.00
2026-08-19 07:05:00;33067.00;0.00
2026-08-19 07:10:00;33067.00;0.00
2026-08-19 07:15:00;33067.00;0.00
2026-08-19 07:20:00;33068.00;0.00
2026-08-19 07:25:00;33067.00;0.00
2026-08-19 07:30:00;33067.00;0.00
2026-08-19 07:35:00;33067.00;0.00
2026-08-19 07:40:00;33067.00;0.00
2026-08-19 07:45:00;33067.00;0.00
2026-08-19 07:50:00;33067.00;0.00
2026-08-19 07:55:00;33067.00;0.00
2026-08-19 08:00:00;33066.00;0.00
2026-08-19 08:05:00;33067.00;0.00
2026-08-19 08:10:00;33066.00;0.00
2026-08-19 08:15:00;33067.00;0.00
2026-08-19 08:20:00;33067.00;0.00
2026-08-19 08:25:00;33067.00;0.00
2026-08-19 08:30:00;33067.00;0.00
2026-08-19 08:35:00;33067.00;0.00
2026-08-19 08:40:00;33067.00;0.00
2026-08-19 08:45:00;33067.00;0.00
2026-08-19 08:50:00;33067.00;0.00
2026-08-19 08:55:00;33067.00;0.00
2026-08-19 09:00:00;33067.00;0.00
2026-08-19 09:05:00;33067.00;0.00
2026-08-19 09:10:00;33067.00;0.00
2026-08-19 09:15:00;33066.00;0.00
2026-08-19 09:20:00;33067.00;0.00
2026-08-19 09:25:00;33067.00;0.00
2026-08-19 09:30:00;33067.00;0.00
2026-08-19 09:35:00;33066.00;0.00
2026-08-19 09:40:00;33067.00;0.00
2026-08-19 09:45:00;33066.00;0.00
2026-08-19 09:50:00;33067.00;0.00
2026-08-19 09:55:00;33066.00;0.00
2026-08-19 10:00:00;33066.00;0.00
2026-08-19 10:05:00;33067.00;0.00
2026-08-19 10:10:00;33067.00;0.00
2026-08-19 10:15:00;33067.00;0.00
2026-08-19 10:20:00;33067.00;0.00
2026-08-19 10:25:00;33067.00;0.00
2026-08-19 10:30:00;33066.00;0.00
2026-08-19 10:35:00;33067.00;0.00
2026-08-19 10:40:00;33066.00;0.00
2026-08-19 10:45:00;33066.00;0.00
2026-08-19 10:50:00;33066.00;0.00
2026-08-19 10:55:00;33066.00;0.00
2026-08-19 11:00:00;33066.00;0.00
2026-08-19 11:05:00;33066.00;0.00
2026-08-19 11:10:00;33066.00;0.00
2026-08-19 11:15:00;33066.00;0.00
2026-08-19 11:20:00;33066.00;0.00
2026-08-19 11:25:00;33067.00;0.00
2026-08-19 11:30:00;33066.00;0.00
2026-08-19 11:35:00;33066.00;0.00
2026-08-19 11:40:00;33066.00;0.00
2026-08-19 11:45:00;33066.00;0.00
2026-08-19 11:50:00;33066.00;0.00
2026-08-19 11:55:00;33066.00;0.00
2026-08-19 12:00:00;33066.00;0.00
2026-08-19 12:05:00;33066.00;0.00
2026-08-19 12:10:00;33067.00;0.00
2026-08-19 12:15:00;33066.00;0.00
2026-08-19 12:20:00;33067.00;0.00
2026-08-19 12:25:00;33066.00;0.00
2026-08-19 12:30:00;33066.00;0.00
2026-08-19 12:35:00;33066.00;0.00
2026-08-19 12:40:00;33066.00;0.00
2026-08-19 12:45:00;33066.00;0.00
2026-08-19 12:50:00;33066.00;0.00
2026-08-19 12:55:00;33066.00;0.00
2026-08-19 13:00:00;33066.00;0.00
2026-08-19 13:05:00;33066.00;0.00
2026-08-19 13:10:00;33066.00;0.00
2026-08-19 13:15:00;33066.00;0.00
2026-08-19 13:20:00;33066.00;0.00
2026-08-19 13:25:00;33062.00;0.00
2026-08-19 13:30:00;33061.00;0.00
2026-08-19 13:35:00;33065.00;0.20
2026-08-19 13:40:00;33066.00;0.00
2026-08-19 13:45:00;33066.00;0.00
2026-08-19 13:50:00;33066.00;0.00
2026-08-19 13:55:00;33066.00;0.00
2026-08-19 14:00:00;33066.00;0.00
2026-08-19 14:05:00;33066.00;0.00
2026-08-19 14:10:00;33066.00;0.00
2026-08-19 14:15:00;33066.00;0.00
2026-08-19 14:20:00;33066.00;0.00
2026-08-19 14:25:00;33066.00;0.00
2026-08-19 14:30:00;33066.00;0.00
2026-08-19 14:35:00;33066.00;0.00
2026-08-19 14:40:00;33066.00;0.00
2026-08-19 14:45:00;33065.00;0.00
2026-08-19 14:50:00;33065.00;0.00
2026-08-19 14:55:00;33065.00;0.00
2026-08-19 15:00:00;33065.00;0.00
2026-08-19 15:05:00;33065.00;0.00
2026-08-19 15:10:00;33066.00;0.00
2026-08-19 15:15:00;33065.00;0.00
2026-08-19 15:20:00;33065.00;0.00
2026-08-19 15:25:00;33066.00;0.00
2026-08-19 15:30:00;33065.00;0.00
2026-08-19 15:35:00;33065.00;0.00
2026-08-19 15:40:00;33065.00;0.00
2026-08-19 15:45:00;33065.00;0.00
2026-08-19 15:50:00;33065.00;0.00
2026-08-19 15:55:00;33065.00;0.00
2026-08-19 16:00:00;33065.00;0.00
2026-08-19 16:05:00;33065.00;0.00
2026-08-19 16:10:00;33065.00;0.00
2026-08-19 16:15:00;33065.00;0.00
2026-08-19 16:20:00;33065.00;0.00
2026-08-19 16:25:00;33065.00;0.00
2026-08-19 16:30:00;33065.00;0.00
2026-08-19 16:35:00;33065.00;0.00
2026-08-19 16:40:00;33065.00;0.00
2026-08-19 16:45:00;33065.00;0.00
2026-08-19 16:50:00;33065.00;0.00
2026-08-19 16:55:00;33065.00;0.00
2026-08-19 17:00:00;33065.00;0.00
2026-08-19 17:05:00;33065.00;0.00
2026-08-19 17:10:00;33065.00;0.00
2026-08-19 17:15:00;33066.00;0.00
2026-08-19 17:20:00;33065.00;0.00
2026-08-19 17:25:00;33065.00;0.00
2026-08-19 17:30:00;33065.00;0.00
2026-08-19 17:35:00;33065.00;0.00
2026-08-19 17:40:00;33066.00;0.00
2026-08-19 17:45:00;33064.00;0.00
2026-08-19 17:50:00;33065.00;0.00
2026-08-19 17:55:00;33065.00;0.00
2026-08-19 18:00:00;33065.00;0.00
2026-08-19 18:05:00;33065.00;0.00
2026-08-19 18:10:00;33065.00;0.00
2026-08-19 18:15:00;33065.00;0.00
2026-08-19 18:20:00;33065.00;0.00
2026-08-19 18:25:00;33065.00;0.00
2026-08-19 18:30:00;33065.00;0.00
2026-08-19 18:35:00;33064.00;0.00
2026-08-19 18:40:00;33065.00;0.00
2026-08-19 18:45:00;33065.00;0.00
2026-08-19 18:50:00;33065.00;0.00
2026-08-19 18:55:00;33065.00;0.00
2026-08-19 19:00:00;;0.00
2026-08-19 19:05:00;33065.00;0.00
2026-08-19 19:10:00;33065.00;0.00
2026-08-19 19:15:00;33064.00;0.00
2026-08-19 19:20:00;33065.00;0.00
2026-08-19 19:25:00;33064.00;0.00
2026-08-19 19:30:00;33065.00;0.00
2026-08-19 19:35:00;33064.00;0.00
2026-08-19 19:40:00;33065.00;0.00
2026-08-19 19:45:00;33064.00;0.00
2026-08-19 19:50:00;33065.00;0.00
2026-08-19 19:55:00;33065.00;0.00
2026-08-19 20:00:00;33064.00;0.00
2026-08-19 20:05:00;33065.00;0.00
2026-08-19 20:10:00;33065.00;0.00
2026-08-19 20:15:00;33064.00;0.00
2026-08-19 20:20:00;33064.00;0.00
2026-08-19 20:25:00;33064.00;0.00
2026-08-19 20:30:00;33064.00;0.00
2026-08-19 20:35:00;33064.00;0.00
2026-08-19 20:40:00;33065.00;0.00
2026-08-19 20:45:00;33064.00;0.00
2026-08-19 20:50:00;33064.00;0.00
2026-08-19 20:55:00;33064.00;0.00
2026-08-19 21:00:00;33064.00;0.00
2026-08-19 21:05:00;33064.00;0.00
2026-08-19 21:10:00;33064.00;0.00
2026-08-19 21:15:00;33064.00;0.00
2026-08-19 21:20:00;33064.00;0.00
2026-08-19 21:25:00;33064.00;0.00
2026-08-19 21:30:00;33064.00;0.00
2026-08-19 21:35:00;33064.00;0.00
2026-08-19 21:40:00;33064.00;0.00
2026-08-19 21:45:00;33064.00;0.00
2026-08-19 21:50:00;33064.00;0.00
2026-08-19 21:55:00;33064.00;0.00
2026-08-19 22:00:00;33064.00;0.00
2026-08-19 22:05:00;33064.00;0.00
2026-08-19 22:10:00;33064.00;0.00
2026-08-19 22:15:00;33064.00;0.00
2026-08-19 22:20:00;33064.00;0.00
2026-08-19 22:25:00;33064.00;0.00
2026-08-19 22:30:00;33064.00;0.00
2026-08-19 22:35:00;33064.00;0.00
2026-08-19 22:40:00;33064.00;0.00
2026-08-19 22:45:00;33063.00;0.00
2026-08-19 22:50:00;33063.00;0.00
2026-08-19 22:55:00;33064.00;0.00
2026-08-19 23:00:00;33064.00;0.00
2026-08-19 23:05:00;33063.00;0.00
2026-08-19 23:10:00;33064.00;0.00
2026-08-19 23:15:00;33063.00;0.00
2026-08-19 23:20:00;33064.00;0.00
2026-08-19 23:25:00;33064.00;0.00
2026-08-19 23:30:00;33063.00;0.00
2026-08-19 23:35:00;33064.00;0.00
2026-08-19 23:40:00;33063.00;0.00
2026-08-19 23:45:00;33064.00;0.00
2026-08-19 23:50:00;33063.00;0.00
2026-08-19 23:55:00;33064.00;0.00
2026-08-20 00:00:00;33064.00;0.00
2026-08-20 00:05:00;33063.00;0.00
2026-08-20 00:10:00;33064.00;0.00
2026-08-20 00:15:00;33063.00;0.00
2026-08-20 00:20:00;33063.00;0.00
2026-08-20 00:25:00;33064.00;0.00
2026-08-20 00:30:00;33063.00;0.00
2026-08-20 00:35:00;33063.00;0.00
2026-08-20 00:40:00;33064.00;0.00
2026-08-20 00:45:00;33063.00;0.00
2026-08-20 00:50:00;33063.00;0.00
2026-08-20 00:55:00;33063.00;0.00
2026-08-20 01:00:00;33063.00;0.00
2026-08-20 01:05:00;33063.00;0.00
2026-08-20 01:10:00;33063.00;0.00
2026-08-20 01:15:00;33063.00;0.00
2026-08-20 01:20:00;33063.00;0.00
2026-08-20 01:25:00;33063.00;0.00
2026-08-20 01:30:00;33063.00;0.00
2026-08-20 01:35:00;33063.00;0.00
2026-08-20 01:40:00;33063.00;0.00
2026-08-20 01:45:00;33063.00;0.00
2026-08-20 01:50:00;33063.00;0.00
2026-08-20 01:55:00;33063.00;0.00
2026-08-20 02:00:00;33063.00;0.00
2026-08-20 02:05:00;33063.00;0.00
2026-08-20 02:10:00;33063.00;0.00
2026-08-20 02:15:00;33063.00;0.00
2026-08-20 02:20:00;33063.00;0.00
2026-08-20 02:25:00;33063.00;0.00
2026-08-20 02:30:00;33063.00;0.00
2026-08-20 02:35:00;33063.00;0.00
2026-08-20 02:40:00;33063.00;0.00
2026-08-20 02:45:00;33063.00;0.00
2026-08-20 02:50:00;33063.00;0.00
2026-08-20 02:55:00;33062.00;0.00
2026-08-20 03:00:00;33062.00;0.00
2026-08-20 03:05:00;33063.00;0.00
2026-08-20 03:10:00;33063.00;0.00
2026-08-20 03:15:00;33063.00;0.00
2026-08-20 03:20:00;33063.00;0.00
2026-08-20 03:25:00;33062.00;0.00
2026-08-20 03:30:00;33063.00;0.00
2026-08-20 03:35:00;33063.00;0.00
2026-08-20 03:40:00;33063.00;0.00
2026-08-20 03:45:00;33063.00;0.00
2026-08-20 03:50:00;33062.00;0.00
2026-08-20 03:55:00;33063.00;0.00
2026-08-20 04:00:00;33062.00;0.00
2026-08-20 04:05:00;33063.00;0.00
2026-08-20 04:10:00;33063.00;0.00
2026-08-20 04:15:00;33062.00;0.00
2026-08-20 04:20:00;33063.00;0.00
2026-08-20 04:25:00;33062.00;0.00
2026-08-20 04:30:00;33063.00;0.00
2026-08-20 04:35:00;33062.00;0.00
2026-08-20 04:40:00;33062.00;0.00
2026-08-20 04:45:00;33063.00;0.00
2026-08-20 04:50:00;33062.00;0.00
2026-08-20 04:55:00;33063.00;0.00
2026-08-20 05:00:00;33062.00;0.00
2026-08-20 05:05:00;33062.00;0.00
2026-08-20 05:10:00;33062.00;0.00
2026-08-20 05:15:00;33063.00;0.00
2026-08-20 05:20:00;33063.00;0.00
2026-08-20 05:25:00;33063.00;0.00
2026-08-20 05:30:00;33062.00;0.00
2026-08-20 05:35:00;33062.00;0.00
2026-08-20 05:40:00;33062.00;0.00
2026-08-20 05:45:00;33062.00;0.00
2026-08-20 05:50:00;33062.00;0.00
2026-08-20 05:55:00;33062.00;0.00
2026-08-20 06:00:00;33062.00;0.00
2026-08-20 06:05:00;33062.00;0.00
2026-08-20 06:10:00;33062.00;0.00
2026-08-20 06:15:00;33062.00;0.00
2026-08-20 06:20:00;33062.00;0.00
2026-08-20 06:25:00;33062.00;0.00
2026-08-20 06:30:00;33062.00;0.00
2026-08-20 06:35:00;33062.00;0.00
2026-08-20 06:40:00;33062.00;0.00
2026-08-20 06:45:00;33062.00;0.00
2026-08-20 06:50:00;33062.00;0.00
2026-08-20 06:55:00;33062.00;0.00
2026-08-20 07:00:00;33062.00;0.00
2026-08-20 07:05:00;33062.00;0.00
2026-08-20 07:10:00;33062.00;0.00
2026-08-20 07:15:00;33062.00;0.00
2026-08-20 07:20:00;33062.00;0.00
2026-08-20 07:25:00;33062.00;0.00
2026-08-20 07:30:00;33062.00;0.00
2026-08-20 07:35:00;33061.00;0.00
2026-08-20 07:40:00;33058.00;0.00
2026-08-20 07:45:00;33061.00;0.00
2026-08-20 07:50:00;33062.00;0.00
2026-08-20 07:55:00;33062.00;0.00
2026-08-20 08:00:00;33057.00;0.00
2026-08-20 08:05:00;33060.00;0.00
2026-08-20 08:10:00;33058.00;0.00
2026-08-20 08:15:00;33061.00;0.20
2026-08-20 08:20:00;33061.00;0.00
2026-08-20 08:25:00;33061.00;0.00
2026-08-20 08:30:00;33061.00;0.00
2026-08-20 08:35:00;33062.00;0.00
2026-08-20 08:40:00;33061.00;0.00
2026-08-20 08:45:00;33061.00;0.00
2026-08-20 08:50:00;33061.00;0.00
2026-08-20 08:55:00;33062.00;0.00
2026-08-20 09:00:00;33061.00;0.00
2026-08-20 09:05:00;33061.00;0.00
2026-08-20 09:10:00;33060.00;0.00
2026-08-20 09:15:00;33060.00;0.00
2026-08-20 09:20:00;33060.00;0.00
2026-08-20 09:25:00;33061.00;0.00
2026-08-20 09:30:00;33060.00;0.00
2026-08-20 09:35:00;33058.00;0.00
2026-08-20 09:40:00;33054.00;0.40
2026-08-20 09:45:00;33058.00;0.00
2026-08-20 09:50:00;33053.00;0.20
2026-08-20 09:55:00;33052.00;0.60
2026-08-20 10:00:00;33051.00;0.80
2026-08-20 10:05:00;33053.00;0.60
2026-08-20 10:10:00;33055.00;0.20
2026-08-20 10:15:00;33055.00;0.40
2026-08-20 10:20:00;33059.00;0.00
2026-08-20 10:25:00;33054.00;0.40
2026-08-20 10:30:00;33056.00;0.20
2026-08-20 10:35:00;33060.00;0.00
2026-08-20 10:40:00;33059.00;0.00
2026-08-20 10:45:00;33057.00;0.20
2026-08-20 10:50:00;33054.00;0.20
2026-08-20 10:55:00;33058.00;0.20
2026-08-20 11:00:00;33060.00;0.00
2026-08-20 11:05:00;33056.00;0.20
2026-08-20 11:10:00;33056.00;0.40
2026-08-20 11:15:00;33058.00;0.20
2026-08-20 11:20:00;33062.00;0.00
2026-08-20 11:25:00;33062.00;0.00
2026-08-20 11:30:00;33062.00;0.00
2026-08-20 11:35:00;33062.00;0.00
2026-08-20 11:40:00;33062.00;0.00
2026-08-20 11:45:00;33062.00;0.00
2026-08-20 11:50:00;33058.00;0.00
2026-08-20 11:55:00;33057.00;0.00
2026-08-20 12:00:00;33062.00;0.20
2026-08-20 12:05:00;33053.00;0.20
2026-08-20 12:10:00;33054.00;0.20
2026-08-20 12:15:00;33058.00;0.20
2026-08-20 12:20:00;33057.00;0.20
2026-08-20 12:25:00;33059.00;0.00
2026-08-20 12:40:00;33062.00;0.00
2026-08-20 12:45:00;33062.00;0.00
2026-08-20 12:50:00;33059.00;0.00
2026-08-20 12:55:00;33056.00;0.20
2026-08-20 13:00:00;33060.00;0.00
2026-08-20 13:05:00;33062.00;0.00
2026-08-20 13:10:00;33062.00;0.00
2026-08-20 13:15:00;33062.00;0.00
2026-08-20 13:20:00;33062.00;0.00
2026-08-20 13:25:00;33062.00;0.00
2026-08-20 13:30:00;33063.00;0.00
2026-08-20 13:35:00;33059.00;0.20
2026-08-20 13:40:00;33062.00;0.00
2026-08-20 13:45:00;33060.00;0.00
2026-08-20 13:50:00;33060.00;0.00
2026-08-20 13:55:00;33062.00;0.00
2026-08-20 14:00:00;33062.00;0.00
2026-08-20 14:05:00;33063.00;0.00
2026-08-20 14:10:00;33063.00;0.00
2026-08-20 14:15:00;33063.00;0.00
2026-08-20 14:20:00;33063.00;0.00
2026-08-20 14:25:00;33062.00;0.00
2026-08-20 14:30:00;33062.00;0.00
2026-08-20 14:35:00;33062.00;0.00
2026-08-20 14:40:00;33063.00;0.00
2026-08-20 14:45:00;33063.00;0.00
2026-08-20 14:50:00;33063.00;0.00
2026-08-20 14:55:00;33063.00;0.00
2026-08-20 15:00:00;33063.00;0.00
2026-08-20 15:05:00;33063.00;0.00
2026-08-20 15:10:00;33063.00;0.00
2026-08-20 15:15:00;33062.00;0.00
2026-08-20 15:20:00;33063.00;0.00
2026-08-20 15:25:00;33063.00;0.00
2026-08-20 15:30:00;33063.00;0.00
2026-08-20 15:35:00;33063.00;0.00
2026-08-20 15:40:00;33063.00;0.00
2026-08-20 15:45:00;33063.00;0.00
2026-08-20 15:50:00;33063.00;0.00
2026-08-20 15:55:00;33063.00;0.00
2026-08-20 16:00:00;33064.00;0.00
2026-08-20 16:05:00;33063.00;0.00
2026-08-20 16:10:00;33063.00;0.20
2026-08-20 16:15:00;33064.00;0.00
2026-08-20 16:20:00;33064.00;0.00
2026-08-20 16:25:00;33064.00;0.00
2026-08-20 16:30:00;33064.00;0.00
2026-08-20 16:35:00;33064.00;0.00
2026-08-20 16:40:00;33064.00;0.00
2026-08-20 16:45:00;33063.00;0.00
2026-08-20 16:50:00;33064.00;0.00
2026-08-20 16:55:00;33064.00;0.00
2026-08-20 17:00:00;33064.00;0.00
2026-08-20 17:05:00;33064.00;0.00
2026-08-20 17:10:00;33064.00;0.00
2026-08-20 17:15:00;33064.00;0.00
2026-08-20 17:20:00;33064.00;0.00
2026-08-20 17:25:00;33064.00;0.00
2026-08-20 17:30:00;33064.00;0.00
2026-08-20 17:35:00;33065.00;0.00
2026-08-20 17:40:00;33064.00;0.00
2026-08-20 17:45:00;33064.00;0.00
2026-08-20 17:50:00;33065.00;0.00
2026-08-20 17:55:00;33064.00;0.00
2026-08-20 18:00:00;33065.00;0.00
2026-08-20 18:05:00;33065.00;0.00
2026-08-20 18:10:00;33065.00;0.00
2026-08-20 18:15:00;33065.00;0.00
2026-08-20 18:20:00;33065.00;0.00
2026-08-20 18:25:00;33065.00;0.00
2026-08-20 18:30:00;33065.00;0.00
2026-08-20 18:35:00;33065.00;0.00
2026-08-20 18:40:00;33065.00;0.00
2026-08-20 18:45:00;33065.00;0.00
2026-08-20 18:50:00;33065.00;0.00
2026-08-20 18:55:00;33065.00;0.00
2026-08-20 19:00:00;33065.00;0.00
2026-08-20 19:05:00;33065.00;0.00
2026-08-20 19:10:00;33065.00;0.00
2026-08-20 19:15:00;33065.00;0.00
2026-08-20 19:20:00;33065.00;0.00
2026-08-20 19:25:00;33066.00;0.00
2026-08-20 19:30:00;33065.00;0.00
2026-08-20 19:35:00;33065.00;0.00
2026-08-20 19:40:00;33065.00;0.00
2026-08-20 19:45:00;33065.00;0.00
2026-08-20 19:50:00;33064.00;0.00
2026-08-20 19:55:00;33065.00;0.00
2026-08-20 20:00:00;33065.00;0.00
2026-08-20 20:05:00;33065.00;0.00
2026-08-20 20:10:00;33065.00;0.00
2026-08-20 20:15:00;33065.00;0.00
2026-08-20 20:20:00;33065.00;0.00
2026-08-20 20:25:00;33065.00;0.00
2026-08-20 20:30:00;33065.00;0.00
2026-08-20 20:35:00;33065.00;0.00
2026-08-20 20:40:00;33065.00;0.00
2026-08-20 20:45:00;33065.00;0.00
2026-08-20 20:50:00;33065.00;0.00
2026-08-20 20:55:00;33065.00;0.00
2026-08-20 21:00:00;33066.00;0.00
2026-08-20 21:05:00;33065.00;0.00
2026-08-20 21:10:00;33065.00;0.00
2026-08-20 21:15:00;33065.00;0.00
2026-08-20 21:20:00;33065.00;0.00
2026-08-20 21:25:00;33065.00;0.00
2026-08-20 21:30:00;33065.00;0.00
2026-08-20 21:35:00;33066.00;0.00
2026-08-20 21:40:00;33065.00;0.00
2026-08-20 21:45:00;33065.00;0.00
2026-08-20 21:50:00;33066.00;0.00
2026-08-20 21:55:00;33065.00;0.00
2026-08-20 22:00:00;33065.00;0.00
2026-08-20 22:05:00;33065.00;0.00
2026-08-20 22:10:00;33065.00;0.00
2026-08-20 22:15:00;33065.00;0.00
2026-08-20 22:20:00;33066.00;0.00
2026-08-20 22:25:00;33065.00;0.00
2026-08-20 22:30:00;33065.00;0.00
2026-08-20 22:35:00;33066.00;0.00
2026-08-20 22:40:00;33064.00;0.00
2026-08-20 22:45:00;33065.00;0.00
2026-08-20 22:50:00;33066.00;0.00
2026-08-20 22:55:00;33066.00;0.00
2026-08-20 23:00:00;33065.00;0.00
2026-08-20 23:05:00;33066.00;0.00
2026-08-20 23:10:00;33066.00;0.00
2026-08-20 23:15:00;33065.00;0.00
2026-08-20 23:20:00;33066.00;0.00
2026-08-20 23:25:00;33066.00;0.00
2026-08-20 23:30:00;33066.00;0.00
2026-08-20 23:35:00;33066.00;0.00
2026-08-20 23:40:00;33065.00;0.00
2026-08-20 23:45:00;33065.00;0.00
2026-08-20 23:50:00;33065.00;0.00
2026-08-20 23:55:00;33066.00;0.00
2026-08-21 00:00:00;33065.00;0.00
2026-08-21 00:05:00;33066.00;0.00
2026-08-21 00:10:00;33066.00;0.00
2026-08-21 00:15:00;33066.00;0.00
2026-08-21 00:20:00;33066.00;0.00
2026-08-21 00:25:00;33066.00;0.00
2026-08-21 00:30:00;33066.00;0.00
2026-08-21 00:35:00;33066.00;0.00
2026-08-21 00:40:00;33066.00;0.00
2026-08-21 00:45:00;33066.00;0.00
2026-08-21 00:50:00;33066.00;0.00
2026-08-21 00:55:00;33066.00;0.00
2026-08-21 01:00:00;33067.00;0.00
2026-08-21 01:05:00;33067.00;0.00
2026-08-21 01:10:00;33066.00;0.00
2026-08-21 01:15:00;33066.00;0.00
2026-08-21 01:20:00;33067.00;0.00
2026-08-21 01:25:00;33067.00;0.00
2026-08-21 01:30:00;33066.00;0.00
2026-08-21 01:35:00;33067.00;0.00
2026-08-21 01:40:00;33067.00;0.00
2026-08-21 01:45:00;33067.00;0.00
2026-08-21 01:50:00;33067.00;0.00
2026-08-21 01:55:00;33067.00;0.00
2026-08-21 02:00:00;33067.00;0.00
2026-08-21 02:05:00;33067.00;0.00
2026-08-21 02:10:00;33067.00;0.00
2026-08-21 02:15:00;33067.00;0.00
2026-08-21 02:20:00;33067.00;0.00
2026-08-21 02:25:00;33067.00;0.00
2026-08-21 02:30:00;33066.00;0.00
2026-08-21 02:35:00;33067.00;0.00
2026-08-21 02:40:00;33067.00;0.00
2026-08-21 02:45:00;33067.00;0.00
2026-08-21 02:50:00;33067.00;0.00
2026-08-21 02:55:00;33067.00;0.00
2026-08-21 03:00:00;33067.00;0.00
2026-08-21 03:05:00;33067.00;0.00
2026-08-21 03:10:00;33067.00;0.00
2026-08-21 03:15:00;33067.00;0.00
2026-08-21 03:20:00;33067.00;0.00
2026-08-21 03:25:00;33067.00;0.00
2026-08-21 03:30:00;33067.00;0.00
2026-08-21 03:35:00;33067.00;0.00
2026-08-21 03:40:00;33067.00;0.00
2026-08-21 03:45:00;33067.00;0.00
2026-08-21 03:50:00;33067.00;0.00
2026-08-21 03:55:00;33067.00;0.00
2026-08-21 04:00:00;33067.00;0.00
2026-08-21 04:05:00;33067.00;0.00
2026-08-21 04:10:00;33067.00;0.00
2026-08-21 04:15:00;33067.00;0.00
2026-08-21 04:20:00;33067.00;0.00
2026-08-21 04:25:00;33067.00;0.00
2026-08-21 04:30:00;33067.00;0.00
2026-08-21 04:35:00;33067.00;0.00
2026-08-21 04:40:00;33067.00;0.00
2026-08-21 04:45:00;33067.00;0.00
2026-08-21 04:50:00;33067.00;0.00
2026-08-21 04:55:00;33067.00;0.00
2026-08-21 05:00:00;33067.00;0.00
2026-08-21 05:05:00;33067.00;0.00
2026-08-21 05:10:00;33067.00;0.00
2026-08-21 05:15:00;33066.00;0.00
2026-08-21 05:20:00;33067.00;0.00
2026-08-21 05:25:00;33066.00;0.00
2026-08-21 05:30:00;33066.00;0.00
2026-08-21 05:35:00;33067.00;0.00
2026-08-21 05:40:00;33067.00;0.00
2026-08-21 05:45:00;33066.00;0.00
2026-08-21 05:50:00;33067.00;0.00
2026-08-21 05:55:00;33066.00;0.00
2026-08-21 06:00:00;33066.00;0.00
2026-08-21 06:05:00;33066.00;0.00
2026-08-21 06:10:00;33066.00;0.00
2026-08-21 06:15:00;33067.00;0.00
2026-08-21 06:20:00;33066.00;0.20
2026-08-21 06:25:00;33066.00;0.00
2026-08-21 06:30:00;33066.00;0.00
2026-08-21 06:35:00;33066.00;0.00
2026-08-21 06:40:00;33066.00;0.00
2026-08-21 06:45:00;33066.00;0.00
2026-08-21 06:50:00;33066.00;0.00
2026-08-21 06:55:00;33066.00;0.00
2026-08-21 07:00:00;33067.00;0.00
2026-08-21 07:05:00;33066.00;0.00
2026-08-21 07:10:00;33066.00;0.00
2026-08-21 07:15:00;33066.00;0.00
2026-08-21 07:20:00;33066.00;0.00
2026-08-21 07:25:00;33066.00;0.00
2026-08-21 07:30:00;33066.00;0.00
2026-08-21 07:35:00;33066.00;0.00
2026-08-21 07:40:00;33066.00;0.00
2026-08-21 07:45:00;33066.00;0.00
2026-08-21 07:50:00;33065.00;0.00
2026-08-21 07:55:00;33066.00;0.00
2026-08-21 08:00:00;33065.00;0.00
2026-08-21 08:05:00;33065.00;0.00
2026-08-21 08:10:00;33065.00;0.00
2026-08-21 08:15:00;33065.00;0.00
2026-08-21 08:20:00;33065.00;0.00
2026-08-21 08:25:00;33064.00;0.00
2026-08-21 08:30:00;33065.00;0.00
2026-08-21 08:35:00;33065.00;0.00
2026-08-21 08:40:00;33065.00;0.00
2026-08-21 08:45:00;33065.00;0.00
2026-08-21 08:50:00;33065.00;0.00
2026-08-21 08:55:00;33065.00;0.00
2026-08-21 09:00:00;33065.00;0.00
2026-08-21 09:05:00;33065.00;0.00
2026-08-21 09:10:00;33064.00;0.00
2026-08-21 09:15:00;33064.00;0.00
2026-08-21 09:20:00;33065.00;0.00
2026-08-21 09:25:00;33065.00;0.00
2026-08-21 09:30:00;33064.00;0.00
2026-08-21 09:35:00;33064.00;0.00
2026-08-21 09:40:00;33065.00;0.00
2026-08-21 09:45:00;33065.00;0.00
2026-08-21 09:50:00;33065.00;0.00
2026-08-21 09:55:00;33064.00;0.00
2026-08-21 10:00:00;33064.00;0.00
2026-08-21 10:05:00;33065.00;0.00
2026-08-21 10:10:00;33065.00;0.00
2026-08-21 10:15:00;33064.00;0.00
2026-08-21 10:20:00;33065.00;0.00
2026-08-21 10:25:00;33065.00;0.00
2026-08-21 10:30:00;33065.00;0.00
2026-08-21 10:35:00;33064.00;0.00
2026-08-21 10:40:00;33065.00;0.00
2026-08-21 10:45:00;33064.00;0.00
2026-08-21 10:50:00;33063.00;0.00
2026-08-21 10:55:00;33064.00;0.00
2026-08-21 11:00:00;33064.00;0.00
2026-08-21 11:05:00;33064.00;0.00
2026-08-21 11:10:00;33064.00;0.00
2026-08-21 11:15:00;33064.00;0.00
2026-08-21 11:20:00;33064.00;0.00
2026-08-21 11:25:00;33064.00;0.00
2026-08-21 11:30:00;33064.00;0.00
2026-08-21 11:35:00;33063.00;0.00
2026-08-21 11:40:00;33064.00;0.00
2026-08-21 11:45:00;33064.00;0.00
2026-08-21 11:50:00;33064.00;0.00
2026-08-21 11:55:00;33064.00;0.00
2026-08-21 12:00:00;33064.00;0.00
2026-08-21 12:05:00;33065.00;0.00
2026-08-21 12:10:00;33064.00;0.00
2026-08-21 12:15:00;33064.00;0.00
2026-08-21 12:20:00;33065.00;0.00
2026-08-21 12:25:00;33064.00;0.00
2026-08-21 12:30:00;33063.00;0.00
2026-08-21 12:35:00;33064.00;0.00
2026-08-21 12:40:00;33063.00;0.00
2026-08-21 12:45:00;33064.00;0.00
2026-08-21 12:50:00;33064.00;0.00
2026-08-21 12:55:00;33064.00;0.00
2026-08-21 13:00:00;33064.00;0.00
2026-08-21 13:05:00;33064.00;0.00
2026-08-21 13:10:00;33064.00;0.00
2026-08-21 13:15:00;33063.00;0.00
2026-08-21 13:20:00;33064.00;0.00
2026-08-21 13:25:00;33064.00;0.00
2026-08-21 13:30:00;33064.00;0.00
2026-08-21 13:35:00;33063.00;0.00
2026-08-21 13:40:00;33064.00;0.00
2026-08-21 13:45:00;33064.00;0.00
2026-08-21 13:50:00;33063.00;0.00
2026-08-21 13:55:00;33064.00;0.00
2026-08-21 14:00:00;33063.00;0.00
2026-08-21 14:05:00;33064.00;0.00
2026-08-21 14:10:00;33063.00;0.00
2026-08-21 14:15:00;33064.00;0.00
2026-08-21 14:20:00;33064.00;0.00
2026-08-21 14:25:00;33063.00;0.00
2026-08-21 14:30:00;33063.00;0.00
2026-08-21 14:35:00;33063.00;0.00
2026-08-21 14:40:00;33063.00;0.00
2026-08-21 14:45:00;33063.00;0.00
2026-08-21 14:50:00;33063.00;0.00
2026-08-21 14:55:00;33062.00;0.00
2026-08-21 15:00:00;33063.00;0.00
2026-08-21 15:05:00;33064.00;0.00
2026-08-21 15:10:00;33064.00;0.00
2026-08-21 15:15:00;33063.00;0.00
2026-08-21 15:20:00;33063.00;0.00
2026-08-21 15:25:00;33063.00;0.00
2026-08-21 15:30:00;33063.00;0.00
2026-08-21 15:35:00;33063.00;0.00
2026-08-21 15:40:00;33063.00;0.00
2026-08-21 15:45:00;33064.00;0.00
2026-08-21 15:50:00;33064.00;0.00
2026-08-21 15:55:00;33064.00;0.00
2026-08-21 16:00:00;33063.00;0.00
2026-08-21 16:05:00;33064.00;0.00
2026-08-21 16:10:00;33064.00;0.00
2026-08-21 16:15:00;33063.00;0.00
2026-08-21 16:20:00;33063.00;0.00
2026-08-21 16:25:00;33063.00;0.00
2026-08-21 16:30:00;33063.00;0.00
2026-08-21 16:35:00;33063.00;0.00
2026-08-21 16:40:00;33063.00;0.00
2026-08-21 16:45:00;33062.00;0.00
2026-08-21 16:50:00;33063.00;0.00
2026-08-21 16:55:00;33063.00;0.00
2026-08-21 17:00:00;33062.00;0.00
2026-08-21 17:05:00;33063.00;0.00
2026-08-21 17:10:00;33063.00;0.00
2026-08-21 17:15:00;33063.00;0.00
2026-08-21 17:20:00;33062.00;0.00
2026-08-21 17:25:00;33063.00;0.00
2026-08-21 17:30:00;33063.00;0.00
2026-08-21 17:35:00;33063.00;0.00
2026-08-21 17:40:00;33062.00;0.00
2026-08-21 17:45:00;33062.00;0.00
2026-08-21 17:50:00;33063.00;0.00
2026-08-21 17:55:00;33063.00;0.00
2026-08-21 18:00:00;33063.00;0.00
2026-08-21 18:05:00;33062.00;0.00
2026-08-21 18:10:00;33062.00;0.00
2026-08-21 18:15:00;33063.00;0.00
2026-08-21 18:20:00;33063.00;0.00
2026-08-21 18:25:00;33062.00;0.00
2026-08-21 18:30:00;33062.00;
2026-08-21 18:35:00;33062.00;0.00
2026-08-21 18:45:00;33062.00;0.00
2026-08-21 18:50:00;33062.00;0.00
2026-08-21 18:55:00;33062.00;0.00
2026-08-21 19:00:00;33062.00;0.00
2026-08-21 19:05:00;33062.00;0.00
2026-08-22 02:45:00;33060.00;0.00
2026-08-22 02:50:00;33060.00;0.00
2026-08-22 02:55:00;33059.00;0.00
2026-08-22 03:00:00;33060.00;0.00
2026-08-22 03:05:00;33060.00;0.00
2026-08-22 03:10:00;33060.00;0.00
2026-08-22 13:10:00;33057.00;0.00
2026-08-22 13:15:00;33057.00;0.00
2026-08-22 13:20:00;33056.00;0.00
2026-08-22 13:25:00;33057.00;0.00
2026-08-22 13:30:00;33056.00;0.00
2026-08-22 13:35:00;33056.00;0.00
2026-08-22 13:40:00;33056.00;0.00
2026-08-22 13:45:00;33057.00;0.00
2026-08-22 13:50:00;33055.00;0.00
2026-08-22 13:55:00;33056.00;0.00
2026-08-22 14:00:00;33057.00;0.00
2026-08-22 14:05:00;33056.00;0.00
2026-08-22 14:10:00;33056.00;0.00
2026-08-22 14:15:00;33056.00;0.00
2026-08-22 14:20:00;33056.00;0.00
2026-08-22 14:25:00;33056.00;0.00
2026-08-22 14:30:00;33056.00;0.00
2026-08-22 14:35:00;33056.00;0.00
2026-08-22 14:40:00;33056.00;0.00
2026-08-22 14:45:00;33056.00;0.00
2026-08-22 14:50:00;33056.00;0.00
2026-08-22 14:55:00;33055.00;0.00
2026-08-22 15:00:00;33056.00;0.00
2026-08-22 15:05:00;33056.00;0.00
2026-08-22 15:10:00;33056.00;0.00
2026-08-22 15:15:00;33056.00;0.00
2026-08-22 15:20:00;33056.00;0.00
2026-08-22 15:25:00;33056.00;0.00
2026-08-22 15:30:00;33056.00;0.00
2026-08-22 15:35:00;33056.00;0.00
2026-08-22 15:40:00;33056.00;0.00
2026-08-22 15:45:00;33056.00;0.00
2026-08-22 15:50:00;33055.00;0.00
2026-08-22 15:55:00;33056.00;0.00
2026-08-22 16:00:00;33056.00;0.00
2026-08-22 16:05:00;33056.00;0.00
2026-08-22 16:10:00;33055.00;0.00
2026-08-22 16:15:00;33056.00;0.00
2026-08-22 16:20:00;33056.00;0.00
2026-08-22 16:25:00;33056.00;0.00
2026-08-22 16:30:00;33056.00;0.00
2026-08-22 16:35:00;33056.00;0.00
2026-08-22 16:40:00;33056.00;0.00
2026-08-22 16:45:00;33055.00;0.00
2026-08-22 16:50:00;33055.00;0.00
2026-08-22 16:55:00;33056.00;0.00
2026-08-22 17:00:00;33056.00;0.00
2026-08-22 17:05:00;33055.00;0.00
2026-08-22 17:10:00;33055.00;0.00
2026-08-22 17:15:00;33056.00;0.00
2026-08-22 17:20:00;33056.00;0.00
2026-08-22 17:25:00;33056.00;0.00
2026-08-22 17:30:00;33056.00;0.00
2026-08-22 17:35:00;33056.00;0.00
2026-08-22 17:40:00;33056.00;0.00
2026-08-22 17:45:00;33056.00;0.00
2026-08-22 17:50:00;33056.00;0.00
2026-08-22 17:55:00;33056.00;0.00
2026-08-22 18:00:00;33056.00;0.00
2026-08-22 18:05:00;33056.00;0.00
2026-08-22 18:10:00;33056.00;0.00
2026-08-22 18:15:00;33055.00;0.00
2026-08-22 18:20:00;33056.00;0.00
2026-08-22 18:25:00;33056.00;0.00
2026-08-22 18:30:00;33056.00;0.00
2026-08-22 18:35:00;33056.00;0.00
2026-08-22 18:40:00;33055.00;0.00
2026-08-22 18:45:00;33056.00;0.00
2026-08-22 18:50:00;33056.00;0.00
2026-08-22 18:55:00;33056.00;0.00
2026-08-22 19:00:00;33056.00;0.00
2026-08-22 19:05:00;33056.00;0.00
2026-08-22 19:10:00;33056.00;0.00
2026-08-22 19:15:00;33055.00;0.00
2026-08-22 19:20:00;33056.00;0.00
2026-08-22 19:25:00;33055.00;0.00
2026-08-22 19:30:00;33055.00;0.00
2026-08-22 19:35:00;33055.00;0.00
2026-08-22 19:40:00;33055.00;0.00
2026-08-22 19:45:00;33055.00;0.00
2026-08-22 19:50:00;33056.00;0.00
2026-08-22 19:55:00;33056.00;0.00
2026-08-22 20:00:00;33055.00;0.00
2026-08-22 20:05:00;33055.00;0.00
2026-08-22 20:10:00;33056.00;0.00
2026-08-22 20:15:00;33055.00;0.00
2026-08-22 20:20:00;33055.00;0.00
2026-08-22 20:25:00;33055.00;0.00
2026-08-22 20:30:00;33055.00;0.00
2026-08-22 20:35:00;33055.00;0.00
2026-08-22 20:40:00;33055.00;0.00
2026-08-22 20:45:00;33054.00;0.00
2026-08-22 20:50:00;33055.00;0.00
2026-08-22 20:55:00;33055.00;0.00
2026-08-22 21:00:00;33055.00;0.00
2026-08-22 21:05:00;33055.00;0.00
2026-08-22 21:10:00;33055.00;0.00
2026-08-22 21:15:00;33055.00;0.00
2026-08-22 21:20:00;33055.00;0.00
2026-08-22 21:25:00;33054.00;0.00
2026-08-22 21:30:00;33055.00;0.00
2026-08-22 21:35:00;33055.00;0.00
2026-08-22 21:40:00;33055.00;0.00
2026-08-22 21:45:00;33055.00;0.00
2026-08-22 21:50:00;33055.00;0.00
2026-08-22 21:55:00;33055.00;0.00
2026-08-22 22:00:00;33055.00;0.00
2026-08-22 22:05:00;33055.00;0.00
2026-08-22 22:10:00;33055.00;0.00
2026-08-22 22:15:00;33054.00;0.00
2026-08-22 22:20:00;33055.00;0.00
2026-08-22 22:25:00;33055.00;0.00
2026-08-22 22:30:00;33055.00;0.00
2026-08-22 22:35:00;33054.00;0.00
2026-08-22 22:40:00;33055.00;0.00
2026-08-22 22:45:00;33055.00;0.00
2026-08-22 22:50:00;33054.00;0.00
2026-08-22 22:55:00;33054.00;0.00
2026-08-22 23:00:00;33054.00;0.00
2026-08-22 23:05:00;33054.00;0.00
2026-08-22 23:10:00;33055.00;0.00
2026-08-22 23:15:00;33055.00;0.00
2026-08-22 23:20:00;33054.00;0.00
2026-08-22 23:25:00;33054.00;0.00
2026-08-22 23:30:00;33055.00;0.00
2026-08-22 23:35:00;33055.00;0.00
2026-08-22 23:40:00;33054.00;0.00
2026-08-22 23:45:00;33055.00;0.00
2026-08-22 23:50:00;33055.00;0.00
2026-08-22 23:55:00;33054.00;0.00
2026-08-23 00:00:00;33054.00;0.00
2026-08-23 00:05:00;33055.00;0.00
2026-08-23 00:10:00;33055.00;0.00
2026-08-23 00:15:00;33055.00;0.00
2026-08-23 00:20:00;33054.00;0.00
2026-08-23 00:25:00;33054.00;0.00
2026-08-23 00:30:00;33054.00;0.00
2026-08-23 00:35:00;33054.00;0.00
2026-08-23 00:40:00;33054.00;0.00
2026-08-23 00:45:00;33054.00;0.00
2026-08-23 00:50:00;33054.00;0.00
2026-08-23 00:55:00;33054.00;0.00
2026-08-23 01:00:00;33054.00;0.00
2026-08-23 01:05:00;33054.00;0.00
2026-08-23 01:10:00;33054.00;0.00
2026-08-23 01:15:00;33054.00;0.00
2026-08-23 01:20:00;33054.00;0.00
2026-08-23 01:25:00;33054.00;0.00
2026-08-23 01:30:00;33054.00;0.00
2026-08-23 01:35:00;33054.00;0.00
2026-08-23 01:40:00;33054.00;0.00
2026-08-23 01:45:00;33054.00;0.00
2026-08-23 01:50:00;33054.00;0.00
2026-08-23 01:55:00;33054.00;0.00
2026-08-23 02:00:00;33054.00;0.00
2026-08-23 02:05:00;33054.00;0.00
2026-08-23 02:10:00;33054.00;0.00
2026-08-23 02:15:00;33055.00;0.00
2026-08-23 02:20:00;33054.00;0.00
2026-08-23 02:25:00;33054.00;0.00
2026-08-23 02:30:00;33055.00;0.00
2026-08-23 02:35:00;33054.00;0.00
2026-08-23 02:40:00;33054.00;0.00
2026-08-23 02:45:00;33054.00;0.00
2026-08-23 02:50:00;33054.00;0.00
2026-08-23 02:55:00;33054.00;0.00
2026-08-23 03:00:00;33054.00;0.00
2026-08-23 03:05:00;33054.00;0.00
2026-08-23 03:10:00;33054.00;0.00
2026-08-23 03:15:00;33054.00;0.00
2026-08-23 03:20:00;33054.00;0.00
2026-08-23 03:25:00;33054.00;0.00
2026-08-23 03:30:00;33054.00;0.00
2026-08-23 03:35:00;33054.00;0.00
2026-08-23 03:40:00;33054.00;0.00
2026-08-23 03:45:00;33054.00;0.00
2026-08-23 03:50:00;33055.00;0.00
2026-08-23 03:55:00;33054.00;0.00
2026-08-23 04:00:00;33054.00;0.00
2026-08-23 04:05:00;33054.00;0.00
2026-08-23 04:10:00;33054.00;0.00
2026-08-23 04:15:00;33054.00;0.00
2026-08-23 04:20:00;33054.00;0.00
2026-08-23 04:25:00;33054.00;0.00
2026-08-23 04:30:00;33054.00;0.00
2026-08-23 04:35:00;33054.00;0.00
2026-08-23 04:40:00;33054.00;0.00
2026-08-23 04:45:00;33054.00;0.00
2026-08-23 04:50:00;33054.00;0.00
2026-08-23 04:55:00;33054.00;0.00
2026-08-23 05:00:00;33054.00;0.00
2026-08-23 05:05:00;33053.00;0.00
2026-08-23 05:10:00;33054.00;0.00
2026-08-23 05:15:00;33054.00;0.00
2026-08-23 05:20:00;33053.00;0.00
2026-08-23 05:25:00;33054.00;0.00
2026-08-23 05:30:00;33053.00;0.00
2026-08-23 05:35:00;33054.00;0.00
2026-08-23 05:40:00;33053.00;0.00
2026-08-23 05:45:00;33054.00;0.00
2026-08-23 05:50:00;33053.00;0.00
2026-08-23 05:55:00;33054.00;0.00
2026-08-23 06:00:00;33054.00;0.00
2026-08-23 06:05:00;33054.00;0.00
2026-08-23 06:10:00;33054.00;0.00
2026-08-23 06:15:00;33053.00;0.00
2026-08-23 06:20:00;33053.00;0.00
2026-08-23 06:25:00;33054.00;0.00
2026-08-23 06:30:00;33053.00;0.00
2026-08-23 06:35:00;33053.00;0.00
2026-08-23 06:40:00;33053.00;0.00
2026-08-23 06:45:00;33053.00;0.00
2026-08-23 06:50:00;33053.00;0.00
2026-08-23 06:55:00;33053.00;0.00
2026-08-23 07:00:00;33053.00;0.00
2026-08-23 07:05:00;33053.00;0.00
2026-08-23 07:10:00;33053.00;0.00
2026-08-23 07:15:00;33053.00;0.00
2026-08-23 07:20:00;33053.00;0.00
2026-08-23 07:25:00;33053.00;0.00
2026-08-23 07:30:00;33053.00;0.00
2026-08-23 07:35:00;33053.00;0.00
2026-08-23 07:40:00;33053.00;0.00
2026-08-23 07:45:00;33053.00;0.00
2026-08-23 07:50:00;33053.00;0.00
2026-08-23 07:55:00;33053.00;0.00
2026-08-23 08:00:00;33053.00;0.00
2026-08-23 08:05:00;33053.00;0.00
2026-08-23 08:10:00;33053.00;0.00
2026-08-23 08:15:00;33053.00;0.00
2026-08-23 08:20:00;33052.00;0.00
2026-08-23 08:25:00;33053.00;0.00
2026-08-23 08:30:00;33053.00;0.00
2026-08-23 08:35:00;33053.00;0.00
2026-08-23 08:40:00;33053.00;0.00
2026-08-23 08:45:00;33053.00;0.00
2026-08-23 08:50:00;33053.00;0.00
2026-08-23 08:55:00;33053.00;0.00
2026-08-23 09:00:00;33053.00;0.00
2026-08-23 09:05:00;33053.00;0.00
2026-08-23 09:10:00;33053.00;0.00
2026-08-23 09:15:00;33053.00;0.00
2026-08-23 09:20:00;33053.00;0.00
2026-08-23 09:25:00;33053.00;0.00
2026-08-23 09:30:00;33053.00;0.00
2026-08-23 09:35:00;33053.00;0.00
2026-08-23 09:40:00;33053.00;0.00
2026-08-23 09:45:00;33053.00;0.00
2026-08-23 09:50:00;33053.00;0.00
2026-08-23 09:55:00;33053.00;0.00
2026-08-23 10:00:00;33053.00;0.00
2026-08-23 10:05:00;33053.00;0.00
2026-08-23 10:10:00;33053.00;0.00
2026-08-23 10:15:00;33052.00;0.00
2026-08-23 10:20:00;33053.00;0.00
2026-08-23 10:25:00;33052.00;0.00
2026-08-23 10:30:00;33052.00;0.00
2026-08-23 10:35:00;33053.00;0.00
2026-08-23 10:40:00;33052.00;0.00
2026-08-23 10:45:00;33052.00;0.00
2026-08-23 10:50:00;33053.00;0.00
2026-08-23 10:55:00;33053.00;0.00
2026-08-23 11:00:00;33052.00;0.00
2026-08-23 11:05:00;33052.00;0.00
2026-08-23 11:10:00;33052.00;0.00
2026-08-23 11:15:00;33052.00;0.00
2026-08-23 11:20:00;33052.00;0.00
2026-08-23 11:25:00;33052.00;0.00
2026-08-23 11:30:00;33052.00;0.00
2026-08-23 11:35:00;33052.00;0.00
2026-08-23 11:40:00;33052.00;0.00
2026-08-23 11:45:00;33053.00;0.00
2026-08-23 11:50:00;33051.00;0.00
2026-08-23 11:55:00;33052.00;0.00
2026-08-23 12:00:00;33052.00;0.00
2026-08-23 12:05:00;33052.00;0.00
2026-08-23 12:10:00;33052.00;0.00
2026-08-23 12:15:00;33052.00;0.00
2026-08-23 12:20:00;33052.00;0.00
2026-08-23 12:25:00;33052.00;0.00
2026-08-23 12:30:00;33052.00;0.00
2026-08-23 12:35:00;33052.00;0.00
2026-08-23 12:40:00;33052.00;0.00
2026-08-23 12:45:00;33053.00;0.00
2026-08-23 12:50:00;33052.00;0.00
2026-08-23 12:55:00;33052.00;0.00
2026-08-23 13:00:00;33052.00;0.00
2026-08-23 13:05:00;33052.00;0.00
2026-08-23 13:10:00;33052.00;0.00
2026-08-23 13:15:00;33052.00;0.00
2026-08-23 13:20:00;33052.00;0.00
2026-08-23 13:25:00;33052.00;0.00
2026-08-23 13:30:00;33052.00;0.00
2026-08-23 13:35:00;33052.00;0.00
2026-08-23 13:40:00;33052.00;0.00
2026-08-23 13:45:00;33052.00;0.00
2026-08-23 13:50:00;33052.00;0.00
2026-08-23 13:55:00;33051.00;0.00
2026-08-23 14:00:00;33052.00;0.00
2026-08-23 14:05:00;33052.00;0.00
2026-08-23 14:10:00;33052.00;0.00
2026-08-23 14:15:00;33052.00;0.00
2026-08-23 14:20:00;33052.00;0.00
2026-08-23 14:25:00;33052.00;0.00
2026-08-23 14:30:00;33051.00;0.00
2026-08-23 14:35:00;33052.00;0.00
2026-08-23 14:40:00;33052.00;0.00
2026-08-23 14:45:00;33052.00;0.00
2026-08-23 14:50:00;33052.00;0.00
2026-08-23 14:55:00;33052.00;0.00
2026-08-23 15:00:00;33052.00;0.00
2026-08-23 15:05:00;33051.00;0.00
2026-08-23 15:10:00;33052.00;0.00
2026-08-23 15:15:00;33051.00;0.00
2026-08-23 15:20:00;33052.00;0.00
2026-08-23 15:25:00;33052.00;0.00
2026-08-23 15:30:00;33052.00;0.00
2026-08-23 15:35:00;33052.00;0.00
2026-08-23 15:40:00;33051.00;0.00
2026-08-23 15:45:00;33052.00;0.00
2026-08-23 15:50:00;33052.00;0.00
2026-08-23 15:55:00;33052.00;0.00
2026-08-23 16:00:00;33052.00;0.00
2026-08-23 16:05:00;33052.00;0.00
2026-08-23 16:10:00;33052.00;0.00
2026-08-23 16:15:00;33051.00;0.00
2026-08-23 16:20:00;33052.00;0.00
2026-08-23 16:25:00;33051.00;0.00
2026-08-23 16:30:00;33051.00;0.00
2026-08-23 16:35:00;33051.00;0.00
2026-08-23 16:40:00;33051.00;0.00
2026-08-23 16:45:00;33051.00;0.00
2026-08-23 16:50:00;33051.00;0.00
2026-08-23 16:55:00;33051.00;0.00
2026-08-23 17:00:00;33052.00;0.00
2026-08-23 17:05:00;33051.00;0.00
2026-08-23 17:10:00;33052.00;0.00
2026-08-23 17:15:00;33052.00;0.00
2026-08-23 17:20:00;33052.00;0.00
2026-08-23 17:25:00;33051.00;0.00
2026-08-23 17:30:00;33052.00;0.00
2026-08-23 17:35:00;33052.00;0.00
2026-08-23 17:40:00;33052.00;0.00
2026-08-23 17:45:00;33052.00;0.00
2026-08-23 17:50:00;33052.00;0.00
2026-08-23 17:55:00;33052.00;0.00
2026-08-23 18:00:00;33052.00;0.00
2026-08-23 18:05:00;33052.00;0.00
2026-08-23 18:10:00;33052.00;0.00
2026-08-23 18:15:00;33052.00;0.00
2026-08-23 18:20:00;33052.00;0.00
2026-08-23 18:25:00;33052.00;0.00
2026-08-23 18:30:00;33051.00;0.00
2026-08-23 18:35:00;33052.00;0.00
2026-08-23 18:40:00;33052.00;0.00
2026-08-23 18:45:00;33051.00;0.00
2026-08-23 18:50:00;33051.00;0.00
2026-08-23 18:55:00;33052.00;0.00
2026-08-23 19:00:00;33052.00;0.00
2026-08-23 19:05:00;33051.00;0.00
2026-08-23 19:10:00;33051.00;0.00
2026-08-23 19:15:00;33052.00;0.00
2026-08-23 19:20:00;33051.00;0.00
2026-08-23 19:25:00;33052.00;0.00
2026-08-23 19:30:00;33051.00;0.00
2026-08-23 19:35:00;33051.00;0.00
2026-08-23 19:40:00;33051.00;0.00
2026-08-23 19:45:00;33052.00;0.00
2026-08-23 19:50:00;33051.00;0.00
2026-08-23 19:55:00;33051.00;0.00
2026-08-23 20:00:00;33051.00;0.00
2026-08-23 20:05:00;33051.00;0.00
2026-08-23 20:10:00;33051.00;0.00
2026-08-23 20:15:00;33051.00;0.00
2026-08-23 20:20:00;33051.00;0.00
2026-08-23 20:25:00;33051.00;0.00
2026-08-23 20:30:00;33051.00;0.00
2026-08-23 20:35:00;33051.00;0.00
2026-08-23 20:40:00;33052.00;0.00
2026-08-23 20:45:00;33051.00;0.00
2026-08-23 20:50:00;33051.00;0.00
2026-08-23 20:55:00;33051.00;0.00
2026-08-23 21:00:00;33051.00;0.00
2026-08-23 21:05:00;33051.00;0.00
2026-08-23 21:10:00;33051.00;0.00
2026-08-23 21:15:00;33051.00;0.00
2026-08-23 21:20:00;33051.00;0.00
2026-08-23 21:25:00;33051.00;0.00
2026-08-23 21:30:00;33051.00;0.00
2026-08-23 21:35:00;33051.00;0.00
2026-08-23 21:40:00;33051.00;0.00
2026-08-23 21:45:00;33051.00;0.00
2026-08-23 21:50:00;33051.00;0.00
2026-08-23 21:55:00;33051.00;0.00
2026-08-23 22:00:00;33051.00;0.00
2026-08-23 22:05:00;33051.00;0.00
2026-08-23 22:10:00;33050.00;0.00
2026-08-23 22:15:00;33051.00;0.00
2026-08-23 22:20:00;33051.00;0.00
2026-08-23 22:25:00;33050.00;0.00
2026-08-23 22:30:00;33051.00;0.00
2026-08-23 22:35:00;33051.00;0.00
2026-08-23 22:40:00;33050.00;0.00
2026-08-23 22:45:00;33051.00;0.00
2026-08-23 22:50:00;33050.00;0.00
2026-08-23 22:55:00;33051.00;0.00
2026-08-23 23:00:00;33051.00;0.00
2026-08-23 23:05:00;33051.00;0.00
2026-08-23 23:10:00;33050.00;0.00
2026-08-23 23:15:00;33050.00;0.00
2026-08-23 23:20:00;33051.00;0.00
2026-08-23 23:25:00;33050.00;0.00
2026-08-23 23:30:00;33051.00;0.00
2026-08-23 23:35:00;33051.00;0.00
2026-08-23 23:40:00;33050.00;0.00
2026-08-23 23:45:00;33051.00;0.00
2026-08-23 23:50:00;33050.00;0.00
2026-08-23 23:55:00;33051.00;0.00
2026-08-24 00:00:00;33050.00;0.00
2026-08-24 00:05:00;33050.00;0.00
2026-08-24 00:10:00;33051.00;0.00
2026-08-24 00:15:00;33050.00;0.00
2026-08-24 00:20:00;33051.00;0.00
2026-08-24 00:25:00;33051.00;0.00
2026-08-24 00:30:00;33050.00;0.00
2026-08-24 00:35:00;33050.00;0.00
2026-08-24 00:40:00;33050.00;0.00
2026-08-24 00:45:00;33050.00;0.00
2026-08-24 00:50:00;33050.00;0.00
2026-08-24 00:55:00;33050.00;0.00
2026-08-24 01:00:00;33051.00;0.00
2026-08-24 01:05:00;33050.00;0.00
2026-08-24 01:10:00;33050.00;0.00
2026-08-24 01:15:00;33050.00;0.00
2026-08-24 01:20:00;33050.00;0.00
2026-08-24 01:25:00;33050.00;0.00
2026-08-24 01:30:00;33050.00;0.00
2026-08-24 01:35:00;33050.00;0.00
2026-08-24 01:40:00;33050.00;0.00
2026-08-24 01:45:00;33050.00;0.00
2026-08-24 01:50:00;33051.00;0.00
2026-08-24 01:55:00;33050.00;0.00
2026-08-24 02:00:00;33050.00;0.00
2026-08-24 02:05:00;33050.00;0.00
2026-08-24 02:10:00;33050.00;0.00
2026-08-24 02:15:00;33051.00;0.00
2026-08-24 02:20:00;33050.00;0.00
2026-08-24 02:25:00;33050.00;0.00
2026-08-24 02:30:00;33050.00;0.00
2026-08-24 02:35:00;33050.00;0.00
2026-08-24 02:40:00;33050.00;0.00
2026-08-24 02:45:00;33050.00;0.00
2026-08-24 02:50:00;33050.00;0.00
2026-08-24 02:55:00;33050.00;0.00
2026-08-24 03:00:00;33050.00;0.00
2026-08-24 03:05:00;33050.00;0.00
2026-08-24 03:10:00;33050.00;0.00
2026-08-24 03:15:00;33050.00;0.00
2026-08-24 03:20:00;33050.00;0.00
2026-08-24 03:25:00;33050.00;0.00
2026-08-24 03:30:00;33050.00;0.00
2026-08-24 03:35:00;33050.00;0.00
2026-08-24 03:40:00;33050.00;0.00
2026-08-24 03:45:00;33050.00;0.00
2026-08-24 03:50:00;33050.00;0.00
2026-08-24 03:55:00;33050.00;0.00
2026-08-24 04:00:00;33050.00;0.00
2026-08-24 04:05:00;33050.00;0.00
2026-08-24 04:10:00;33050.00;0.00
2026-08-24 04:15:00;33050.00;0.00
2026-08-24 04:20:00;33050.00;0.00
2026-08-24 04:25:00;33050.00;0.00
2026-08-24 04:30:00;33050.00;0.00
2026-08-24 04:35:00;33050.00;0.00
2026-08-24 04:40:00;33050.00;0.00
2026-08-24 04:45:00;33050.00;0.00
2026-08-24 04:50:00;33050.00;0.00
2026-08-24 04:55:00;33050.00;0.00
2026-08-24 05:00:00;33050.00;0.00
2026-08-24 05:05:00;33050.00;0.00
2026-08-24 05:10:00;33050.00;0.00
2026-08-24 05:15:00;33050.00;0.00
2026-08-24 05:20:00;33049.00;0.00
2026-08-24 05:25:00;33050.00;0.00
2026-08-24 05:30:00;33050.00;0.00
2026-08-24 05:35:00;33049.00;0.00
2026-08-24 05:40:00;33050.00;0.00
2026-08-24 05:45:00;33049.00;0.00
2026-08-24 05:50:00;33050.00;0.00
2026-08-24 05:55:00;33050.00;0.00
2026-08-24 06:00:00;33050.00;0.00
2026-08-24 06:05:00;33049.00;0.00
2026-08-24 06:10:00;33050.00;0.00
2026-08-24 06:15:00;33049.00;0.00
2026-08-24 06:20:00;33049.00;0.00
2026-08-24 06:25:00;33050.00;0.00
2026-08-24 06:30:00;33049.00;0.00
2026-08-24 06:35:00;33049.00;0.00
2026-08-24 06:40:00;33049.00;0.00
2026-08-24 06:45:00;;0.00
2026-08-24 06:50:00;33049.00;
2026-08-24 06:55:00;33049.00;0.00
2026-08-24 07:00:00;33049.00;0.00
2026-08-24 07:05:00;33049.00;0.00
2026-08-24 07:10:00;33049.00;0.00
2026-08-24 07:15:00;33049.00;0.00
2026-08-24 07:20:00;33049.00;0.00
2026-08-24 07:25:00;33049.00;0.00
2026-08-24 07:30:00;33050.00;0.00
2026-08-24 07:35:00;33049.00;0.00
2026-08-24 07:40:00;33049.00;0.00
2026-08-24 07:45:00;33049.00;0.00
2026-08-24 07:50:00;33049.00;0.00
2026-08-24 07:55:00;33049.00;0.00
2026-08-24 08:00:00;33049.00;0.00
2026-08-24 08:05:00;33049.00;0.00
2026-08-24 08:10:00;33049.00;0.00
2026-08-24 08:15:00;33049.00;0.00
2026-08-24 08:20:00;33049.00;0.00
2026-08-24 08:25:00;33049.00;0.00
2026-08-24 08:30:00;33049.00;0.00
2026-08-24 08:35:00;33049.00;0.00
2026-08-24 08:40:00;33049.00;0.00
2026-08-24 08:45:00;33049.00;0.00
2026-08-24 08:50:00;33049.00;0.00
2026-08-24 08:55:00;33049.00;0.00
2026-08-24 09:00:00;33049.00;0.00
2026-08-24 09:05:00;33049.00;0.00
2026-08-24 09:10:00;33049.00;0.00
2026-08-24 09:15:00;33049.00;0.00
2026-08-24 09:20:00;33049.00;0.00
2026-08-24 09:25:00;33049.00;0.00
2026-08-24 09:30:00;33049.00;0.00
2026-08-24 09:35:00;33049.00;0.00
2026-08-24 09:40:00;33049.00;0.00
2026-08-24 09:45:00;33049.00;0.00
2026-08-24 09:50:00;33049.00;0.00
2026-08-24 09:55:00;33049.00;0.00
2026-08-24 10:00:00;33049.00;0.00
2026-08-24 10:05:00;33049.00;0.00
2026-08-24 10:10:00;33049.00;0.00
2026-08-24 10:15:00;33049.00;0.00
2026-08-24 10:20:00;33049.00;0.00
2026-08-24 10:25:00;33049.00;0.00
2026-08-24 10:30:00;33049.00;0.00
2026-08-24 10:35:00;33049.00;0.00
2026-08-24 10:40:00;33049.00;0.00
2026-08-24 10:45:00;33049.00;0.00
2026-08-24 10:50:00;33049.00;0.00
2026-08-24 10:55:00;33049.00;0.00
2026-08-24 11:00:00;33049.00;0.00
2026-08-24 11:05:00;33049.00;0.00
2026-08-24 11:10:00;33049.00;0.00
2026-08-24 11:15:00;33049.00;0.00
2026-08-24 11:20:00;33049.00;0.00
2026-08-24 11:25:00;33049.00;0.00
2026-08-24 11:30:00;33049.00;0.00
2026-08-24 11:35:00;33049.00;0.00
2026-08-24 11:40:00;33049.00;0.00
2026-08-24 11:45:00;33049.00;0.00
2026-08-24 11:50:00;33049.00;0.00
2026-08-24 11:55:00;33049.00;0.00
2026-08-24 12:00:00;33049.00;0.00
2026-08-24 12:05:00;33049.00;0.00
2026-08-24 12:10:00;33048.00;0.00
2026-08-24 12:15:00;33049.00;0.00
2026-08-24 12:20:00;33049.00;0.00
2026-08-24 12:25:00;33048.00;0.00
2026-08-24 12:30:00;33049.00;0.00
2026-08-24 12:35:00;33049.00;0.00
2026-08-24 12:40:00;33048.00;0.00
2026-08-24 12:45:00;33048.00;0.00
2026-08-24 12:50:00;33049.00;0.00
2026-08-24 12:55:00;33049.00;0.00
2026-08-24 13:00:00;33048.00;0.00
2026-08-24 13:05:00;33049.00;0.00
2026-08-24 13:10:00;33048.00;0.00
2026-08-24 13:15:00;33048.00;0.00
2026-08-24 13:20:00;33049.00;0.00
2026-08-24 13:25:00;33049.00;0.00
2026-08-24 13:30:00;33049.00;0.00
2026-08-24 13:35:00;33049.00;0.00
2026-08-24 13:40:00;33049.00;0.00
2026-08-24 13:45:00;33048.00;0.00
2026-08-24 13:50:00;33048.00;0.00
2026-08-24 13:55:00;33048.00;0.00
2026-08-24 14:00:00;33048.00;0.00
2026-08-24 14:05:00;33048.00;0.00
2026-08-24 14:10:00;33048.00;0.00
2026-08-24 14:15:00;33048.00;0.00
2026-08-24 14:20:00;33048.00;0.00
2026-08-24 14:25:00;33048.00;0.00
2026-08-24 14:30:00;33049.00;0.00
2026-08-24 14:35:00;33048.00;0.00
2026-08-24 14:40:00;33048.00;0.00
2026-08-24 14:45:00;33048.00;0.00
2026-08-24 14:50:00;33048.00;0.00
2026-08-24 14:55:00;33048.00;0.00
2026-08-24 15:00:00;33048.00;0.00
2026-08-24 15:05:00;33048.00;0.00
2026-08-24 15:10:00;33048.00;0.00
2026-08-24 15:15:00;33049.00;0.00
2026-08-24 15:20:00;33049.00;0.00
2026-08-24 15:25:00;33049.00;0.00
2026-08-24 15:30:00;33048.00;0.00
2026-08-24 15:35:00;33049.00;0.00
2026-08-24 15:40:00;33049.00;0.00
2026-08-24 15:45:00;33049.00;0.00
2026-08-24 15:50:00;33048.00;0.00
2026-08-24 15:55:00;33048.00;0.00
2026-08-24 16:00:00;33049.00;0.00
2026-08-24 16:05:00;33049.00;0.00
2026-08-24 16:10:00;33049.00;0.00
2026-08-24 16:15:00;33048.00;0.00
2026-08-24 16:20:00;33048.00;0.00
2026-08-24 16:25:00;33049.00;0.00
2026-08-24 16:30:00;33049.00;0.00
2026-08-24 16:35:00;33049.00;0.00
2026-08-24 16:40:00;33048.00;0.00
2026-08-24 16:45:00;33048.00;0.00
2026-08-24 16:50:00;33049.00;0.00
2026-08-24 16:55:00;33048.00;0.00
2026-08-24 17:00:00;33048.00;0.00
2026-08-24 17:05:00;33049.00;0.00
2026-08-24 17:10:00;33048.00;0.00
2026-08-24 17:15:00;33048.00;0.00
2026-08-24 17:20:00;33048.00;0.00
2026-08-24 17:25:00;33048.00;0.00
2026-08-24 17:30:00;33048.00;0.00
2026-08-24 17:35:00;33048.00;0.00
2026-08-24 17:40:00;33048.00;0.00
2026-08-24 17:45:00;33048.00;0.00
2026-08-24 17:50:00;33048.00;0.00
2026-08-24 17:55:00;33048.00;0.00
2026-08-24 18:00:00;33048.00;0.00
2026-08-24 18:05:00;33048.00;0.00
2026-08-24 18:10:00;33048.00;0.00
2026-08-24 18:15:00;33048.00;0.00
2026-08-24 18:20:00;33048.00;0.00
2026-08-24 18:25:00;33048.00;0.00
2026-08-24 18:30:00;33048.00;0.00
2026-08-24 18:35:00;33048.00;0.00
2026-08-24 18:40:00;33048.00;0.00
2026-08-24 18:45:00;33048.00;0.00
2026-08-24 18:50:00;33049.00;0.00
2026-08-24 18:55:00;33048.00;0.00
2026-08-24 19:00:00;33048.00;0.00
2026-08-24 19:05:00;33048.00;0.00
2026-08-24 19:10:00;33048.00;0.00
2026-08-24 19:15:00;33048.00;0.00
2026-08-24 19:20:00;33048.00;0.00
2026-08-24 19:25:00;33048.00;0.00
2026-08-24 19:30:00;33048.00;0.00
2026-08-24 19:35:00;33047.00;0.00
2026-08-24 19:40:00;33047.00;0.00
2026-08-24 19:45:00;33048.00;0.00
2026-08-24 19:50:00;33048.00;0.00
2026-08-24 19:55:00;33047.00;0.00
2026-08-24 20:00:00;33048.00;0.00
2026-08-24 20:05:00;33048.00;0.00
2026-08-24 20:10:00;33048.00;0.00
2026-08-24 20:15:00;33048.00;0.00
2026-08-24 20:20:00;33048.00;0.00
2026-08-24 20:25:00;33048.00;0.00
2026-08-24 20:30:00;33048.00;0.00
2026-08-24 20:35:00;33047.00;0.00
2026-08-24 20:40:00;33047.00;0.00
2026-08-24 20:45:00;33048.00;0.00
2026-08-24 20:50:00;33047.00;0.00
2026-08-24 20:55:00;33048.00;0.00
2026-08-24 21:00:00;33047.00;0.00
2026-08-24 21:05:00;33048.00;0.00
2026-08-24 21:10:00;33048.00;0.00
2026-08-24 21:15:00;33047.00;0.00
2026-08-24 21:20:00;33047.00;0.00
2026-08-24 21:25:00;33047.00;0.00
2026-08-24 21:30:00;33047.00;0.00
2026-08-24 21:35:00;33048.00;0.00
2026-08-24 21:40:00;33048.00;0.00
2026-08-24 21:45:00;33047.00;0.00
2026-08-24 21:50:00;33047.00;0.00
2026-08-24 21:55:00;33047.00;0.00
2026-08-24 22:00:00;33047.00;0.00
2026-08-24 22:05:00;33047.00;0.00
2026-08-24 22:10:00;33047.00;0.00
2026-08-24 22:15:00;33048.00;0.00
2026-08-24 22:20:00;33047.00;0.00
2026-08-24 22:25:00;33047.00;0.00
2026-08-24 22:30:00;33048.00;0.00
2026-08-24 22:35:00;33047.00;0.00
2026-08-24 22:40:00;33047.00;0.00
2026-08-24 22:45:00;33048.00;0.00
2026-08-24 22:50:00;33048.00;0.00
2026-08-24 22:55:00;33047.00;0.00
2026-08-24 23:00:00;33048.00;0.00
2026-08-24 23:05:00;33048.00;0.00
2026-08-24 23:10:00;33048.00;0.00
2026-08-24 23:15:00;33047.00;0.00
2026-08-24 23:20:00;33047.00;0.00
2026-08-24 23:25:00;33047.00;0.00
2026-08-24 23:30:00;33047.00;0.00
2026-08-24 23:35:00;33048.00;0.00
2026-08-24 23:40:00;33047.00;0.00
2026-08-24 23:45:00;33047.00;0.00
2026-08-24 23:50:00;33047.00;0.00
2026-08-24 23:55:00;33047.00;0.00
2026-08-25 00:00:00;33047.00;0.00
2026-08-25 00:05:00;33047.00;0.00
2026-08-25 00:10:00;33047.00;0.00
2026-08-25 00:15:00;33047.00;0.00
2026-08-25 00:20:00;33047.00;0.00
2026-08-25 00:25:00;33047.00;0.00
2026-08-25 00:30:00;33047.00;0.00
2026-08-25 00:35:00;33047.00;0.00
2026-08-25 00:40:00;33047.00;0.00
2026-08-25 00:45:00;33047.00;0.00
2026-08-25 00:50:00;33047.00;0.00
2026-08-25 00:55:00;33047.00;0.00
2026-08-25 01:00:00;33047.00;0.00
2026-08-25 01:05:00;33047.00;0.00
2026-08-25 01:10:00;33047.00;0.00
2026-08-25 01:15:00;33047.00;0.00
2026-08-25 01:20:00;33047.00;0.00
2026-08-25 01:25:00;33047.00;0.00
2026-08-25 01:30:00;33047.00;0.00
2026-08-25 01:35:00;33047.00;0.00
2026-08-25 01:40:00;33047.00;0.00
2026-08-25 01:45:00;33047.00;0.00
2026-08-25 01:50:00;33047.00;0.00
2026-08-25 01:55:00;33047.00;0.00
2026-08-25 02:00:00;33047.00;0.00
2026-08-25 02:05:00;33047.00;0.00
2026-08-25 02:10:00;33047.00;0.00
2026-08-25 02:15:00;33047.00;0.00
2026-08-25 02:20:00;33047.00;0.00
2026-08-25 02:25:00;33047.00;0.00
2026-08-25 02:30:00;33047.00;0.00
2026-08-25 02:35:00;33047.00;0.00
2026-08-25 02:40:00;33047.00;0.00
2026-08-25 02:45:00;33047.00;0.00
2026-08-25 02:50:00;33047.00;0.00
2026-08-25 02:55:00;33047.00;0.00
2026-08-25 03:00:00;33047.00;0.00
2026-08-25 03:05:00;33047.00;0.00
2026-08-25 03:10:00;33047.00;0.00
2026-08-25 03:15:00;33047.00;0.00
2026-08-25 03:20:00;33047.00;0.00
2026-08-25 03:25:00;33046.00;0.00
2026-08-25 03:30:00;33047.00;0.00
2026-08-25 03:35:00;33047.00;0.00
2026-08-25 03:40:00;33047.00;0.00
2026-08-25 03:45:00;33047.00;0.00
2026-08-25 03:50:00;33046.00;0.00
2026-08-25 03:55:00;33047.00;0.00
2026-08-25 04:00:00;33047.00;0.00
2026-08-25 04:05:00;33047.00;0.00
2026-08-25 04:10:00;33047.00;0.00
2026-08-25 04:15:00;33046.00;0.00
2026-08-25 04:20:00;33047.00;0.00
2026-08-25 04:25:00;33046.00;0.00
2026-08-25 04:30:00;33047.00;0.00
2026-08-25 04:35:00;33047.00;0.00
2026-08-25 04:40:00;33047.00;0.00
2026-08-25 04:45:00;33047.00;0.00
2026-08-25 04:50:00;33047.00;0.00
2026-08-25 04:55:00;33046.00;0.00
2026-08-25 05:00:00;33046.00;0.00
2026-08-25 05:05:00;33047.00;0.00
2026-08-25 05:10:00;33047.00;0.00
2026-08-25 05:15:00;33047.00;0.00
2026-08-25 05:20:00;33046.00;0.00
2026-08-25 05:25:00;33047.00;0.00
2026-08-25 05:30:00;33046.00;0.00
2026-08-25 05:35:00;33046.00;0.00
2026-08-25 05:40:00;33046.00;0.00
2026-08-25 05:45:00;33046.00;0.00
2026-08-25 05:50:00;33046.00;0.00
2026-08-25 05:55:00;33047.00;0.00
2026-08-25 06:00:00;33047.00;0.00
2026-08-25 06:05:00;33047.00;0.00
2026-08-25 06:10:00;33047.00;0.00
2026-08-25 06:15:00;33046.00;0.00
2026-08-25 06:20:00;33046.00;0.00
2026-08-25 06:25:00;33046.00;0.00
2026-08-25 06:30:00;33046.00;0.00
2026-08-25 06:35:00;33047.00;0.00
2026-08-25 06:40:00;33046.00;0.00
2026-08-25 06:45:00;33046.00;0.00
2026-08-25 06:50:00;33047.00;0.00
2026-08-25 06:55:00;33047.00;0.00
2026-08-25 07:00:00;33047.00;0.00
2026-08-25 07:05:00;33046.00;0.00
2026-08-25 07:10:00;33047.00;0.00
2026-08-25 07:15:00;33047.00;0.00
2026-08-25 07:20:00;33046.00;0.00
2026-08-25 07:25:00;33046.00;0.00
2026-08-25 07:30:00;33046.00;0.00
2026-08-25 07:35:00;33046.00;0.00
2026-08-25 07:40:00;33047.00;0.00
2026-08-25 07:45:00;33046.00;0.00
2026-08-25 07:50:00;33046.00;0.00
2026-08-25 07:55:00;33046.00;0.00
2026-08-25 08:00:00;33047.00;0.00
2026-08-25 08:05:00;33046.00;0.00
2026-08-25 08:10:00;33046.00;0.00
2026-08-25 08:15:00;33047.00;0.00
2026-08-25 08:20:00;33047.00;0.00
2026-08-25 08:25:00;33046.00;0.00
2026-08-25 08:30:00;33046.00;0.00
2026-08-25 08:35:00;33047.00;0.00
2026-08-25 08:40:00;33047.00;0.00
2026-08-25 08:45:00;33046.00;0.00
2026-08-25 08:50:00;33047.00;0.00
2026-08-25 08:55:00;33047.00;0.00
2026-08-25 09:00:00;33046.00;0.00
2026-08-25 09:05:00;33046.00;0.00
2026-08-25 09:10:00;33046.00;0.00
2026-08-25 09:15:00;33046.00;0.00
2026-08-25 09:20:00;33046.00;0.00
2026-08-25 09:25:00;33046.00;0.00
2026-08-25 09:30:00;33046.00;0.00
2026-08-25 09:35:00;33046.00;0.00
2026-08-25 09:40:00;33047.00;0.00
2026-08-25 09:45:00;33046.00;0.00
2026-08-25 09:50:00;33046.00;0.00
2026-08-25 09:55:00;33046.00;0.00
2026-08-25 10:00:00;33046.00;0.00
2026-08-25 10:05:00;33047.00;0.00
2026-08-25 10:10:00;33046.00;0.00
2026-08-25 10:15:00;33046.00;0.00
2026-08-25 10:20:00;33047.00;0.00
2026-08-25 10:25:00;33046.00;0.00
2026-08-25 10:30:00;33047.00;0.00
2026-08-25 10:35:00;33046.00;0.00
2026-08-25 10:40:00;33047.00;0.00
2026-08-25 10:45:00;33047.00;0.00
2026-08-25 10:50:00;33047.00;0.00
2026-08-25 10:55:00;33047.00;0.00
2026-08-25 11:00:00;33046.00;0.00
2026-08-25 11:05:00;33046.00;0.00
2026-08-25 11:10:00;33047.00;0.00
2026-08-25 11:15:00;33046.00;0.00
2026-08-25 11:20:00;33046.00;0.00
2026-08-25 11:25:00;33046.00;0.00
2026-08-25 11:30:00;33046.00;0.00
2026-08-25 11:35:00;33046.00;0.00
2026-08-25 11:40:00;33046.00;0.00
2026-08-25 11:45:00;33046.00;0.00
2026-08-25 11:50:00;33046.00;0.00
2026-08-25 11:55:00;33046.00;0.00
2026-08-25 12:00:00;33046.00;0.00
2026-08-25 12:05:00;33046.00;0.00
2026-08-25 12:10:00;33046.00;0.00
2026-08-25 12:15:00;33046.00;0.00
2026-08-25 12:20:00;33046.00;0.00
2026-08-25 12:25:00;33046.00;0.00
2026-08-25 12:30:00;33046.00;0.00
2026-08-25 12:35:00;33046.00;0.00
2026-08-25 12:40:00;33046.00;0.00
2026-08-25 12:45:00;33046.00;0.00
2026-08-25 12:50:00;33046.00;0.00
2026-08-25 12:55:00;33046.00;0.00
2026-08-25 13:00:00;33046.00;0.00
2026-08-25 13:05:00;33046.00;0.00
2026-08-25 13:10:00;33046.00;0.00
2026-08-25 13:15:00;33046.00;0.00
2026-08-25 13:20:00;33046.00;0.00
2026-08-25 13:25:00;33046.00;0.00
2026-08-25 13:30:00;33046.00;0.00
2026-08-25 13:35:00;33046.00;0.00
2026-08-25 13:40:00;33046.00;0.00
2026-08-25 13:45:00;33046.00;0.00
2026-08-25 13:50:00;33046.00;0.00
2026-08-25 13:55:00;33046.00;0.00
2026-08-25 14:00:00;33046.00;0.00
2026-08-25 14:05:00;33046.00;0.00
2026-08-25 14:10:00;33046.00;0.00
2026-08-25 14:15:00;33046.00;0.00
2026-08-25 14:20:00;33046.00;0.00
2026-08-25 14:25:00;33045.00;0.00
2026-08-25 14:30:00;33045.00;0.00
2026-08-25 14:35:00;33046.00;0.00
2026-08-25 14:40:00;33046.00;0.00
2026-08-25 14:45:00;33046.00;0.00
2026-08-25 14:50:00;33046.00;0.00
2026-08-25 14:55:00;33046.00;0.00
2026-08-25 15:00:00;33046.00;0.00
2026-08-25 15:05:00;33046.00;0.00
2026-08-25 15:10:00;33046.00;0.00
2026-08-25 15:15:00;33046.00;0.00
2026-08-25 15:20:00;33046.00;0.00
2026-08-25 15:25:00;33046.00;0.00
2026-08-25 15:30:00;33046.00;0.00
2026-08-25 15:35:00;33046.00;0.00
2026-08-25 15:40:00;33046.00;0.00
2026-08-25 15:45:00;33046.00;0.00
2026-08-25 15:50:00;33046.00;0.00
2026-08-25 15:55:00;33045.00;0.00
2026-08-25 16:00:00;33045.00;0.00
2026-08-25 16:05:00;33045.00;0.00
2026-08-25 16:10:00;33046.00;0.00
2026-08-25 16:15:00;33045.00;0.00
2026-08-25 16:20:00;33046.00;0.00
2026-08-25 16:25:00;33046.00;0.00
2026-08-25 16:30:00;33045.00;0.00
2026-08-25 16:35:00;33045.00;0.00
2026-08-25 16:40:00;33045.00;0.00
2026-08-25 16:45:00;33046.00;0.00
2026-08-25 16:50:00;33045.00;0.00
2026-08-25 16:55:00;33045.00;0.00
2026-08-25 17:00:00;33045.00;0.00
2026-08-25 17:05:00;33045.00;0.00
2026-08-25 17:10:00;33046.00;0.00
2026-08-25 17:15:00;33046.00;0.00
2026-08-25 17:20:00;33045.00;0.00
2026-08-25 17:25:00;33046.00;0.00
2026-08-25 17:30:00;33046.00;0.00
2026-08-25 17:35:00;33046.00;0.00
2026-08-25 17:40:00;33046.00;0.00
2026-08-25 17:45:00;33046.00;0.00
2026-08-25 17:50:00;33046.00;0.00
2026-08-25 17:55:00;33046.00;0.00
2026-08-25 18:00:00;33046.00;0.00
2026-08-25 18:05:00;33046.00;0.00
2026-08-25 18:10:00;33046.00;0.00
2026-08-25 18:15:00;33046.00;0.00
2026-08-25 18:20:00;33046.00;0.00
2026-08-25 18:25:00;33045.00;0.00
2026-08-25 18:30:00;33046.00;0.00
2026-08-25 18:35:00;33046.00;0.00
2026-08-25 18:40:00;33046.00;0.00
2026-08-25 18:45:00;33046.00;0.00
2026-08-25 18:50:00;33045.00;0.00
2026-08-25 18:55:00;33045.00;0.00
2026-08-25 19:00:00;33045.00;0.00
2026-08-25 19:05:00;33046.00;0.00
2026-08-25 19:10:00;33046.00;0.00
2026-08-25 19:15:00;33045.00;0.00
2026-08-25 19:20:00;33045.00;0.00
2026-08-25 19:25:00;33046.00;0.00
2026-08-25 19:30:00;33045.00;0.00
2026-08-25 19:35:00;33046.00;0.00
2026-08-25 19:40:00;33045.00;0.00
2026-08-25 19:45:00;33045.00;0.00
2026-08-25 19:50:00;33045.00;0.00
2026-08-25 19:55:00;33045.00;0.00
2026-08-25 20:00:00;33045.00;0.00
2026-08-25 20:05:00;33046.00;0.00
2026-08-25 20:10:00;33045.00;0.00
2026-08-25 20:15:00;33045.00;0.00
2026-08-25 20:20:00;33045.00;0.00
2026-08-25 20:25:00;33045.00;0.00
2026-08-25 20:30:00;33045.00;0.00
2026-08-25 20:35:00;33045.00;0.00
2026-08-25 20:40:00;33046.00;0.00
2026-08-25 20:45:00;33045.00;0.00
2026-08-25 20:50:00;33046.00;0.00
2026-08-25 20:55:00;33045.00;0.00
2026-08-25 21:00:00;33045.00;0.00
2026-08-25 21:05:00;33045.00;0.00
2026-08-25 21:10:00;33046.00;0.00
2026-08-25 21:15:00;33045.00;0.00
2026-08-25 21:20:00;33046.00;0.00
2026-08-25 21:25:00;33045.00;0.00
2026-08-25 21:30:00;33045.00;0.00
2026-08-25 21:35:00;33045.00;0.00
2026-08-25 21:40:00;33045.00;0.00
2026-08-25 21:45:00;33045.00;0.00
2026-08-25 21:50:00;33045.00;0.00
2026-08-25 21:55:00;33045.00;0.00
2026-08-25 22:00:00;33045.00;0.00
2026-08-25 22:05:00;33045.00;0.00
2026-08-25 22:10:00;33046.00;0.00
2026-08-25 22:15:00;33046.00;0.00
2026-08-25 22:20:00;33046.00;0.00
2026-08-25 22:25:00;33045.00;0.00
2026-08-25 22:30:00;33045.00;0.00
2026-08-25 22:35:00;33045.00;0.00
2026-08-25 22:40:00;33045.00;0.00
2026-08-25 22:45:00;33045.00;0.00
2026-08-25 22:50:00;33045.00;0.00
2026-08-25 22:55:00;33045.00;0.00
2026-08-25 23:00:00;33045.00;0.00
2026-08-25 23:05:00;33045.00;0.00
2026-08-25 23:10:00;33045.00;0.00
2026-08-25 23:15:00;33045.00;0.00
2026-08-25 23:20:00;33045.00;0.00
2026-08-25 23:25:00;33045.00;0.00
2026-08-25 23:30:00;33045.00;0.00
2026-08-25 23:35:00;33045.00;0.00
2026-08-25 23:40:00;33045.00;0.00
2026-08-25 23:45:00;33045.00;0.00
2026-08-25 23:50:00;33045.00;0.00
2026-08-25 23:55:00;33045.00;0.00
2026-08-26 00:00:00;33045.00;0.00
2026-08-26 00:05:00;33045.00;0.00
2026-08-26 00:10:00;33045.00;0.00
2026-08-26 00:15:00;33045.00;0.00
2026-08-26 00:20:00;33045.00;0.00
2026-08-26 00:25:00;33046.00;0.00
2026-08-26 00:30:00;33045.00;0.00
2026-08-26 00:35:00;33045.00;0.00
2026-08-26 00:40:00;33045.00;0.00
2026-08-26 00:45:00;33045.00;0.00
2026-08-26 00:50:00;33045.00;0.00
2026-08-26 00:55:00;33046.00;0.00
2026-08-26 01:00:00;33045.00;0.00
2026-08-26 01:05:00;33045.00;0.00
2026-08-26 01:10:00;33045.00;0.00
2026-08-26 01:15:00;33045.00;0.00
2026-08-26 01:20:00;33045.00;0.00
2026-08-26 01:25:00;33045.00;0.00
2026-08-26 01:30:00;33045.00;0.00
2026-08-26 01:35:00;33045.00;0.00
2026-08-26 01:40:00;33045.00;0.00
2026-08-26 01:45:00;33045.00;0.00
2026-08-26 01:50:00;33045.00;0.00
2026-08-26 01:55:00;33045.00;0.00
2026-08-26 02:00:00;33045.00;0.00
2026-08-26 02:05:00;33045.00;0.00
2026-08-26 02:10:00;33045.00;0.00
2026-08-26 02:15:00;33045.00;0.00
2026-08-26 02:20:00;33045.00;0.00
2026-08-26 02:25:00;33045.00;0.00
2026-08-26 02:30:00;33045.00;0.00
2026-08-26 02:35:00;33045.00;0.00
2026-08-26 02:40:00;33045.00;0.00
2026-08-26 02:45:00;33045.00;0.00
2026-08-26 02:50:00;33045.00;0.00
2026-08-26 02:55:00;33045.00;0.00
2026-08-26 03:00:00;33045.00;0.00
2026-08-26 03:05:00;33045.00;0.00
2026-08-26 03:10:00;33045.00;0.00
2026-08-26 03:15:00;33045.00;0.00
2026-08-26 03:20:00;33045.00;0.00
2026-08-26 03:25:00;33045.00;0.00
2026-08-26 03:30:00;33044.00;0.00
2026-08-26 03:35:00;33045.00;0.00
2026-08-26 03:40:00;33045.00;0.00
2026-08-26 03:45:00;33045.00;0.00
2026-08-26 03:50:00;33045.00;0.00
2026-08-26 03:55:00;33045.00;0.00
2026-08-26 04:00:00;33045.00;0.00
2026-08-26 04:05:00;33045.00;0.00
2026-08-26 04:10:00;33045.00;0.00
2026-08-26 04:15:00;33045.00;0.00
2026-08-26 04:20:00;33045.00;0.00
2026-08-26 04:25:00;33045.00;0.00
2026-08-26 04:30:00;33044.00;0.00
2026-08-26 04:35:00;33045.00;0.00
2026-08-26 04:40:00;33045.00;0.00
2026-08-26 04:45:00;33045.00;0.00
2026-08-26 04:50:00;33044.00;0.00
2026-08-26 04:55:00;33045.00;0.00
2026-08-26 05:00:00;33044.00;0.00
2026-08-26 05:05:00;33045.00;0.00
2026-08-26 05:10:00;33045.00;0.00
2026-08-26 05:15:00;33045.00;0.00
2026-08-26 05:20:00;33045.00;0.00
2026-08-26 05:25:00;33045.00;0.00
2026-08-26 05:30:00;33045.00;0.00
2026-08-26 05:35:00;33045.00;0.00
2026-08-26 05:40:00;33045.00;0.00
2026-08-26 05:45:00;33045.00;0.00
2026-08-26 05:50:00;33044.00;0.00
2026-08-26 05:55:00;33045.00;0.00
2026-08-26 06:00:00;33045.00;0.00
2026-08-26 06:05:00;33045.00;0.00
2026-08-26 06:10:00;33045.00;0.00
2026-08-26 06:15:00;33045.00;0.00
2026-08-26 06:20:00;33045.00;0.00
2026-08-26 06:25:00;33044.00;0.00
2026-08-26 06:30:00;33044.00;0.00
2026-08-26 06:35:00;33045.00;0.00
2026-08-26 06:40:00;33044.00;0.00
2026-08-26 06:45:00;33045.00;0.00
2026-08-26 06:50:00;33045.00;0.00
2026-08-26 06:55:00;33044.00;0.00
2026-08-26 07:00:00;33045.00;0.00
2026-08-26 07:05:00;33044.00;0.00
2026-08-26 07:10:00;33045.00;0.00
2026-08-26 07:15:00;33044.00;0.00
2026-08-26 07:20:00;33045.00;0.00
2026-08-26 07:25:00;33044.00;0.00
2026-08-26 07:30:00;33044.00;0.00
2026-08-26 07:35:00;33045.00;0.00
2026-08-26 07:40:00;33044.00;0.00
2026-08-26 07:45:00;33045.00;0.00
2026-08-26 07:50:00;33044.00;0.00
2026-08-26 07:55:00;33045.00;0.00
2026-08-26 08:00:00;33044.00;0.00
2026-08-26 08:05:00;33044.00;0.00
2026-08-26 08:10:00;33044.00;0.00
2026-08-26 08:15:00;33045.00;0.00
2026-08-26 08:20:00;33045.00;0.00
2026-08-26 08:25:00;33045.00;0.00
2026-08-26 08:30:00;33044.00;0.00
2026-08-26 08:35:00;33045.00;0.00
2026-08-26 08:40:00;33044.00;0.00
2026-08-26 08:45:00;33045.00;0.00
2026-08-26 08:50:00;33044.00;0.00
2026-08-26 08:55:00;33044.00;0.00
2026-08-26 09:00:00;33044.00;0.00
2026-08-26 09:05:00;33045.00;0.00
2026-08-26 09:10:00;33045.00;0.00
2026-08-26 09:15:00;33045.00;0.00
2026-08-26 09:20:00;33044.00;0.00
2026-08-26 09:25:00;33044.00;0.00
2026-08-26 09:30:00;33044.00;0.00
2026-08-26 09:35:00;33044.00;0.00
2026-08-26 09:40:00;33044.00;0.00
2026-08-26 09:45:00;33044.00;0.00
2026-08-26 09:50:00;33044.00;0.00
2026-08-26 09:55:00;33044.00;0.00
2026-08-26 10:00:00;33044.00;0.00
2026-08-26 10:05:00;33044.00;0.00
2026-08-26 10:10:00;33044.00;0.00
2026-08-26 10:15:00;33044.00;0.00
2026-08-26 10:20:00;33044.00;0.00
2026-08-26 10:25:00;33045.00;0.00
2026-08-26 10:30:00;33044.00;0.00
2026-08-26 10:35:00;33044.00;0.00
2026-08-26 10:40:00;33044.00;0.00
2026-08-26 10:45:00;33044.00;0.00
2026-08-26 10:50:00;33044.00;0.00
2026-08-26 10:55:00;33044.00;0.00
2026-08-26 11:00:00;33044.00;0.00
2026-08-26 11:05:00;33044.00;0.00
2026-08-26 11:10:00;33044.00;0.00
2026-08-26 11:15:00;33044.00;0.00
2026-08-26 11:20:00;33044.00;0.00
2026-08-26 11:25:00;33044.00;0.00
2026-08-26 11:30:00;33044.00;0.00
2026-08-26 11:35:00;33044.00;0.00
2026-08-26 11:40:00;33044.00;0.00
2026-08-26 11:45:00;33044.00;0.00
2026-08-26 11:50:00;33045.00;0.00
2026-08-26 11:55:00;33044.00;0.00
2026-08-26 12:00:00;33044.00;0.00
2026-08-26 12:05:00;33044.00;0.00
2026-08-26 12:10:00;33044.00;0.00
2026-08-26 12:15:00;33044.00;0.00
2026-08-26 12:20:00;33044.00;0.00
2026-08-26 12:25:00;33044.00;0.00
2026-08-26 12:30:00;33044.00;0.00
2026-08-26 12:35:00;33044.00;0.00
2026-08-26 12:40:00;33044.00;0.00
2026-08-26 12:45:00;33044.00;0.00
2026-08-26 12:50:00;33044.00;0.00
2026-08-26 12:55:00;33044.00;0.00
2026-08-26 13:00:00;33044.00;0.00
2026-08-26 13:05:00;33044.00;0.00
2026-08-26 13:10:00;33044.00;0.00
2026-08-26 13:15:00;33044.00;0.00
2026-08-26 13:20:00;33044.00;0.00
2026-08-26 13:25:00;33044.00;0.00
2026-08-26 13:30:00;33044.00;0.00
2026-08-26 13:35:00;33044.00;0.00
2026-08-26 13:40:00;33044.00;0.00
2026-08-26 13:45:00;33043.00;0.00
2026-08-26 13:50:00;33044.00;0.00
2026-08-26 13:55:00;33044.00;0.00
2026-08-26 14:00:00;33044.00;0.00
2026-08-26 14:05:00;33044.00;0.00
2026-08-26 14:10:00;33043.00;0.00
2026-08-26 14:15:00;33044.00;0.00
2026-08-26 14:20:00;33044.00;0.00
2026-08-26 14:25:00;33044.00;0.00
2026-08-26 14:30:00;33044.00;0.00
2026-08-26 14:35:00;33044.00;0.00
2026-08-26 14:40:00;33044.00;0.00
2026-08-26 14:45:00;33043.00;0.00
2026-08-26 14:50:00;33044.00;0.00
2026-08-26 14:55:00;33044.00;0.00
2026-08-26 15:00:00;33043.00;0.00
2026-08-26 15:05:00;33044.00;0.00
2026-08-26 15:10:00;33044.00;0.00
2026-08-26 15:15:00;33044.00;0.00
2026-08-26 15:20:00;33044.00;0.00
2026-08-26 15:25:00;33044.00;0.00
2026-08-26 15:30:00;33043.00;0.00
2026-08-26 15:35:00;33044.00;0.00
2026-08-26 15:40:00;33044.00;0.00
2026-08-26 15:45:00;33043.00;0.00
2026-08-26 15:50:00;33044.00;0.00
2026-08-26 15:55:00;33043.00;0.00
2026-08-26 16:00:00;33043.00;0.00
2026-08-26 16:05:00;33044.00;0.00
2026-08-26 16:10:00;33043.00;0.00
2026-08-26 16:15:00;33043.00;0.00
2026-08-26 16:20:00;33043.00;0.00
2026-08-26 16:25:00;33044.00;0.00
2026-08-26 16:30:00;33044.00;0.00
2026-08-26 16:35:00;33043.00;0.00
2026-08-26 16:40:00;33043.00;0.00
2026-08-26 16:45:00;33043.00;0.00
2026-08-26 16:50:00;33044.00;0.00
2026-08-26 16:55:00;33044.00;0.00
2026-08-26 17:00:00;33044.00;0.00
2026-08-26 17:05:00;33044.00;0.00
2026-08-26 17:10:00;33044.00;0.00
2026-08-26 17:15:00;33044.00;0.00
2026-08-26 17:20:00;33044.00;0.00
2026-08-26 17:25:00;33044.00;0.00
2026-08-26 17:30:00;33044.00;0.00
2026-08-26 17:35:00;33044.00;0.00
2026-08-26 17:50:00;33044.00;0.00
2026-08-26 17:55:00;33044.00;0.00
2026-08-26 18:00:00;33044.00;0.00
2026-08-26 18:05:00;33044.00;0.00
2026-08-26 18:10:00;33044.00;0.00
2026-08-26 18:15:00;33044.00;0.00
2026-08-26 18:20:00;33044.00;0.00
2026-08-26 18:25:00;33044.00;0.00
2026-08-26 18:30:00;33044.00;0.00
2026-08-26 18:35:00;33043.00;0.00
2026-08-26 18:40:00;33044.00;0.00
2026-08-26 18:45:00;33044.00;0.00
2026-08-26 18:50:00;33044.00;0.00
2026-08-26 18:55:00;33044.00;0.00
2026-08-26 19:00:00;33044.00;0.00
2026-08-26 19:05:00;33044.00;0.00
2026-08-26 19:10:00;33044.00;0.00
2026-08-26 19:15:00;33043.00;0.00
2026-08-26 19:20:00;33043.00;0.00
2026-08-26 19:25:00;33043.00;0.00
2026-08-26 19:30:00;33043.00;0.00
2026-08-26 19:35:00;33043.00;0.00
2026-08-26 19:40:00;33043.00;0.00
2026-08-26 19:45:00;33044.00;0.00
2026-08-26 19:50:00;33043.00;0.00
2026-08-26 19:55:00;33043.00;0.00
2026-08-26 20:00:00;33044.00;0.00
2026-08-26 20:05:00;33044.00;0.00
2026-08-26 20:10:00;33043.00;0.00
2026-08-26 20:15:00;33043.00;0.00
2026-08-26 20:20:00;33043.00;0.00
2026-08-26 20:25:00;33043.00;0.00
2026-08-26 20:30:00;33043.00;0.00
2026-08-26 20:35:00;33043.00;0.00
2026-08-26 20:40:00;33044.00;0.00
2026-08-26 20:45:00;33044.00;0.00
2026-08-26 20:50:00;33043.00;0.00
2026-08-26 20:55:00;33043.00;0.00
2026-08-26 21:00:00;33043.00;0.00
2026-08-26 21:05:00;33043.00;0.00
2026-08-26 21:10:00;33043.00;0.00
2026-08-26 21:15:00;33043.00;0.00
2026-08-26 21:20:00;33043.00;0.00
2026-08-26 21:25:00;33043.00;0.00
2026-08-26 21:30:00;33044.00;0.00
2026-08-26 21:35:00;33043.00;0.00
2026-08-26 21:40:00;33043.00;0.00
2026-08-26 21:45:00;33043.00;0.00
2026-08-26 21:50:00;33043.00;0.00
2026-08-26 21:55:00;33043.00;0.00
2026-08-26 22:00:00;33043.00;0.00
2026-08-26 22:05:00;33043.00;0.00
2026-08-26 22:10:00;33043.00;0.00
2026-08-26 22:15:00;33043.00;0.00
2026-08-26 22:20:00;33043.00;0.00
2026-08-26 22:25:00;33043.00;0.00
2026-08-26 22:30:00;33043.00;0.00
2026-08-26 22:35:00;33043.00;0.00
2026-08-26 22:40:00;33043.00;0.00
2026-08-26 22:45:00;33043.00;0.00
2026-08-26 22:50:00;33043.00;0.00
2026-08-26 22:55:00;33043.00;0.00
2026-08-26 23:00:00;33043.00;0.00
2026-08-26 23:05:00;33043.00;0.00
2026-08-26 23:10:00;33044.00;0.00
2026-08-26 23:15:00;33043.00;0.00
2026-08-26 23:20:00;33043.00;0.00
2026-08-26 23:25:00;33043.00;0.00
2026-08-26 23:30:00;33043.00;0.00
2026-08-26 23:35:00;33043.00;0.00
2026-08-26 23:40:00;33043.00;0.00
2026-08-26 23:45:00;33043.00;0.00
2026-08-26 23:50:00;33043.00;0.00
2026-08-26 23:55:00;33043.00;0.00
2026-08-27 00:00:00;33043.00;0.00
2026-08-27 00:05:00;33043.00;0.00
2026-08-27 00:10:00;33043.00;0.00
2026-08-27 00:15:00;33043.00;0.00
2026-08-27 00:20:00;33043.00;0.00
2026-08-27 00:25:00;33043.00;0.00
2026-08-27 00:30:00;33043.00;0.00
2026-08-27 00:35:00;33042.00;0.00
2026-08-27 00:40:00;33043.00;0.00
2026-08-27 00:45:00;33043.00;0.00
2026-08-27 00:50:00;33043.00;0.00
2026-08-27 00:55:00;33043.00;0.00
2026-08-27 01:00:00;33043.00;0.00
2026-08-27 01:05:00;33043.00;0.00
2026-08-27 01:10:00;33043.00;0.00
2026-08-27 01:15:00;33043.00;0.00
2026-08-27 01:20:00;33043.00;0.00
2026-08-27 01:25:00;33043.00;0.00
2026-08-27 01:30:00;33043.00;0.00
2026-08-27 01:35:00;33043.00;0.00
2026-08-27 01:40:00;33043.00;0.00
2026-08-27 01:45:00;33043.00;0.00
2026-08-27 01:50:00;33043.00;0.00
2026-08-27 01:55:00;33043.00;0.00
2026-08-27 02:00:00;33043.00;0.00
2026-08-27 02:05:00;33043.00;0.00
2026-08-27 02:10:00;33043.00;0.00
2026-08-27 02:15:00;33043.00;0.00
2026-08-27 02:20:00;33043.00;0.00
2026-08-27 02:25:00;33043.00;0.00
2026-08-27 02:30:00;33043.00;0.00
2026-08-27 02:35:00;33043.00;0.00
2026-08-27 02:40:00;33042.00;0.00
2026-08-27 02:45:00;33043.00;0.00
2026-08-27 02:50:00;33043.00;0.00
2026-08-27 02:55:00;33043.00;0.00
2026-08-27 03:00:00;33042.00;0.00
2026-08-27 03:05:00;33043.00;0.00
2026-08-27 03:10:00;33042.00;0.00
2026-08-27 03:15:00;33043.00;0.00
2026-08-27 03:20:00;33043.00;0.00
2026-08-27 03:25:00;33043.00;0.00
2026-08-27 03:30:00;33043.00;0.00
2026-08-27 03:35:00;33043.00;0.00
2026-08-27 03:40:00;33042.00;0.00
2026-08-27 03:45:00;33043.00;0.00
2026-08-27 03:50:00;33043.00;0.00
2026-08-27 03:55:00;33043.00;0.00
2026-08-27 04:00:00;33043.00;0.00
2026-08-27 04:05:00;33043.00;0.00
2026-08-27 04:10:00;33043.00;0.00
2026-08-27 04:15:00;33043.00;0.00
2026-08-27 04:20:00;33042.00;0.00
2026-08-27 04:25:00;33043.00;0.00
2026-08-27 04:30:00;33042.00;0.00
2026-08-27 04:35:00;33043.00;0.00
2026-08-27 04:40:00;33043.00;0.00
2026-08-27 04:45:00;33043.00;0.00
2026-08-27 04:50:00;33043.00;0.00
2026-08-27 04:55:00;33043.00;0.00
2026-08-27 05:00:00;33043.00;0.00
2026-08-27 05:05:00;33043.00;0.00
2026-08-27 05:10:00;33043.00;0.00
2026-08-27 05:15:00;33042.00;0.00
2026-08-27 05:20:00;33042.00;0.00
2026-08-27 05:25:00;33043.00;0.00
2026-08-27 05:30:00;33042.00;0.00
2026-08-27 05:35:00;33043.00;0.00
2026-08-27 05:40:00;33042.00;0.00
2026-08-27 05:45:00;33043.00;0.00
2026-08-27 05:50:00;33042.00;0.00
2026-08-27 05:55:00;33042.00;0.00
2026-08-27 06:00:00;33042.00;0.00
2026-08-27 06:05:00;33042.00;0.00
2026-08-27 06:10:00;33042.00;0.00
2026-08-27 06:15:00;33043.00;0.00
2026-08-27 06:20:00;33042.00;0.00
2026-08-27 06:25:00;33042.00;0.00
2026-08-27 06:30:00;33042.00;0.00
2026-08-27 06:35:00;33043.00;0.00
2026-08-27 06:40:00;33042.00;0.00
2026-08-27 06:45:00;33042.00;0.00
2026-08-27 06:50:00;33042.00;0.00
2026-08-27 06:55:00;33042.00;0.00
2026-08-27 07:00:00;33043.00;0.00
2026-08-27 07:05:00;33042.00;0.00
2026-08-27 07:10:00;33043.00;0.00
2026-08-27 07:15:00;33042.00;0.00
2026-08-27 07:20:00;33043.00;0.00
2026-08-27 07:25:00;33042.00;0.00
2026-08-27 07:30:00;33042.00;0.00
2026-08-27 07:35:00;33042.00;0.00
2026-08-27 07:40:00;33042.00;0.00
2026-08-27 07:45:00;33042.00;0.00
2026-08-27 07:50:00;33042.00;0.00
2026-08-27 07:55:00;33042.00;0.00
2026-08-27 08:00:00;33042.00;0.00
2026-08-27 08:05:00;33042.00;0.00
2026-08-27 08:10:00;33042.00;0.00
2026-08-27 08:15:00;33042.00;0.00
2026-08-27 08:20:00;33042.00;0.00
2026-08-27 08:25:00;33042.00;0.00
2026-08-27 08:30:00;33042.00;0.00
2026-08-27 08:35:00;33042.00;0.00
2026-08-27 08:40:00;33043.00;0.00
2026-08-27 08:45:00;33042.00;0.00
2026-08-27 08:50:00;33042.00;0.00
2026-08-27 08:55:00;33042.00;0.00
2026-08-27 09:00:00;33042.00;0.00
2026-08-27 09:05:00;33042.00;0.00
2026-08-27 09:10:00;33042.00;0.00
2026-08-27 09:15:00;33042.00;0.00
2026-08-27 09:20:00;33042.00;0.00
2026-08-27 09:25:00;33042.00;0.00
2026-08-27 09:30:00;33042.00;0.00
2026-08-27 09:35:00;33042.00;0.00
2026-08-27 09:40:00;33042.00;0.00
2026-08-27 09:45:00;33042.00;0.00
2026-08-27 09:50:00;33042.00;0.00
2026-08-27 09:55:00;33042.00;0.00
2026-08-27 10:00:00;33042.00;0.00
2026-08-27 10:05:00;33042.00;0.00
2026-08-27 10:10:00;33042.00;0.00
2026-08-27 10:15:00;33042.00;0.00
2026-08-27 10:20:00;33042.00;0.00
2026-08-27 10:25:00;33042.00;0.00
2026-08-27 10:30:00;33042.00;0.00
2026-08-27 10:35:00;33042.00;0.00
2026-08-27 10:40:00;33042.00;0.00
2026-08-27 10:45:00;33042.00;0.00
2026-08-27 10:50:00;33042.00;0.00
2026-08-27 10:55:00;33042.00;0.00
2026-08-27 11:00:00;33042.00;0.00
2026-08-27 11:05:00;33042.00;0.00
2026-08-27 11:10:00;33042.00;0.00
2026-08-27 11:15:00;33043.00;0.00
2026-08-27 11:20:00;33042.00;0.00
2026-08-27 11:25:00;33042.00;0.00
2026-08-27 11:30:00;33042.00;0.00
2026-08-27 11:35:00;33042.00;0.00
2026-08-27 11:40:00;33042.00;0.00
2026-08-27 11:45:00;33042.00;0.00
2026-08-27 11:50:00;33042.00;0.00
2026-08-27 11:55:00;33042.00;0.00
2026-08-27 12:00:00;33042.00;0.00
2026-08-27 12:05:00;33042.00;0.00
2026-08-27 12:10:00;33042.00;0.00
2026-08-27 12:15:00;33042.00;0.00
2026-08-27 12:20:00;33042.00;0.00
2026-08-27 12:25:00;33042.00;0.00
2026-08-27 12:30:00;33042.00;0.00
2026-08-27 12:35:00;33042.00;0.00
2026-08-27 12:40:00;33041.00;0.00
2026-08-27 12:45:00;33041.00;0.00
2026-08-27 12:50:00;33041.00;0.00
2026-08-27 12:55:00;33042.00;0.00
2026-08-27 13:00:00;33042.00;0.00
2026-08-27 13:05:00;33042.00;0.00
2026-08-27 13:10:00;33042.00;0.00
2026-08-27 13:15:00;33042.00;0.00
2026-08-27 13:20:00;33041.00;0.00
2026-08-27 13:25:00;33042.00;0.00
2026-08-27 13:30:00;33042.00;0.00
2026-08-27 13:35:00;33042.00;0.00
2026-08-27 13:40:00;33042.00;0.00
2026-08-27 13:45:00;33042.00;0.00
2026-08-27 13:50:00;33042.00;0.00
2026-08-27 13:55:00;33041.00;0.00
2026-08-27 14:00:00;33041.00;0.00
2026-08-27 14:05:00;33042.00;0.00
2026-08-27 14:10:00;33041.00;0.00
2026-08-27 14:15:00;33041.00;0.00
2026-08-27 14:20:00;33042.00;0.00
2026-08-27 14:25:00;33041.00;0.00
2026-08-27 14:30:00;33041.00;0.00
2026-08-27 14:35:00;33042.00;0.00
2026-08-27 14:40:00;33042.00;0.00
2026-08-27 14:45:00;33041.00;0.00
2026-08-27 14:50:00;33041.00;0.00
2026-08-27 14:55:00;33042.00;0.00
2026-08-27 15:00:00;33042.00;0.00
2026-08-27 15:05:00;33041.00;0.00
2026-08-27 15:10:00;33041.00;0.00
2026-08-27 15:15:00;33042.00;0.00
2026-08-27 15:20:00;33042.00;0.00
2026-08-27 15:25:00;33042.00;0.00
2026-08-27 15:30:00;33042.00;0.00
2026-08-27 15:35:00;33042.00;0.00
2026-08-27 15:40:00;33042.00;0.00
2026-08-27 15:45:00;33042.00;0.00
2026-08-27 15:50:00;33042.00;0.00
2026-08-27 15:55:00;33042.00;0.00
2026-08-27 16:00:00;33041.00;0.00
2026-08-27 16:05:00;33042.00;0.00
2026-08-27 16:10:00;33042.00;0.00
2026-08-27 16:15:00;33042.00;0.00
2026-08-27 16:20:00;33041.00;0.00
2026-08-27 16:25:00;33042.00;0.00
2026-08-27 16:30:00;33042.00;0.00
2026-08-27 16:35:00;33041.00;0.00
2026-08-27 16:40:00;33042.00;0.00
2026-08-27 16:45:00;33041.00;0.00
2026-08-27 16:50:00;33041.00;0.00
2026-08-27 16:55:00;33041.00;0.00
2026-08-27 17:00:00;33041.00;0.00
2026-08-27 17:05:00;33041.00;0.00
2026-08-27 17:10:00;33041.00;0.00
2026-08-27 17:15:00;33041.00;0.00
2026-08-27 17:20:00;33041.00;0.00
2026-08-27 17:25:00;33041.00;0.00
2026-08-27 17:30:00;33041.00;0.00
2026-08-27 17:35:00;33042.00;0.00
2026-08-27 17:40:00;33041.00;0.00
2026-08-27 17:45:00;33042.00;0.00
2026-08-27 17:50:00;33041.00;0.00
2026-08-27 17:55:00;33041.00;0.00
2026-08-27 18:00:00;33041.00;0.00
2026-08-27 18:05:00;33041.00;0.00
2026-08-27 18:10:00;33041.00;0.00
2026-08-27 18:15:00;33041.00;0.00
2026-08-27 18:20:00;33041.00;0.00
2026-08-27 18:25:00;33042.00;0.00
2026-08-27 18:30:00;33042.00;0.00
2026-08-27 18:35:00;33042.00;0.00
2026-08-27 18:40:00;33042.00;0.00
2026-08-27 18:45:00;33041.00;0.00
2026-08-27 18:50:00;33041.00;0.00
2026-08-27 18:55:00;33042.00;0.00
2026-08-27 19:00:00;33041.00;0.00
2026-08-27 19:05:00;33041.00;0.00
2026-08-27 19:10:00;33041.00;0.00
2026-08-27 19:15:00;33042.00;0.00
2026-08-27 19:20:00;33041.00;0.00
2026-08-27 19:25:00;33041.00;0.00
2026-08-27 19:30:00;33042.00;0.00
2026-08-27 19:35:00;33041.00;0.00
2026-08-27 19:40:00;33041.00;0.00
2026-08-27 19:45:00;33041.00;0.00
2026-08-27 19:50:00;33041.00;0.00
2026-08-27 19:55:00;33041.00;0.00
2026-08-27 20:00:00;33041.00;0.00
2026-08-27 20:05:00;33041.00;0.00
2026-08-27 20:10:00;33041.00;0.00
2026-08-27 20:15:00;33041.00;0.00
2026-08-27 20:20:00;33041.00;0.00
2026-08-27 20:25:00;33041.00;0.00
2026-08-27 20:30:00;33041.00;0.00
2026-08-27 20:35:00;33041.00;0.00
2026-08-27 20:40:00;33041.00;0.00
2026-08-27 20:45:00;33041.00;0.00
2026-08-27 20:50:00;33041.00;0.00
2026-08-27 20:55:00;33041.00;0.00
2026-08-27 21:00:00;33041.00;0.00
2026-08-27 21:05:00;33041.00;0.00
2026-08-27 21:10:00;33042.00;0.00
2026-08-27 21:15:00;33041.00;0.00
2026-08-27 21:20:00;33041.00;0.00
2026-08-27 21:25:00;33041.00;0.00
2026-08-27 21:30:00;33041.00;0.00
2026-08-27 21:35:00;33041.00;0.00
2026-08-27 21:40:00;33041.00;0.00
2026-08-27 21:45:00;33041.00;0.00
2026-08-27 21:50:00;33041.00;0.00
2026-08-27 21:55:00;33041.00;0.00
2026-08-27 22:00:00;33041.00;0.00
2026-08-27 22:05:00;33041.00;0.00
2026-08-27 22:10:00;33041.00;0.00
2026-08-27 22:15:00;33041.00;0.00
2026-08-27 22:20:00;33041.00;0.00
2026-08-27 22:25:00;33041.00;0.00
2026-08-27 22:30:00;33041.00;0.00
2026-08-27 22:35:00;33041.00;0.00
2026-08-27 22:40:00;33041.00;0.00
2026-08-27 22:45:00;33041.00;0.00
2026-08-27 22:50:00;33041.00;0.00
2026-08-27 22:55:00;33041.00;0.00
2026-08-27 23:00:00;33041.00;0.00
2026-08-27 23:05:00;33041.00;0.00
2026-08-27 23:10:00;33041.00;0.00
2026-08-27 23:15:00;33041.00;0.00
2026-08-27 23:20:00;33041.00;0.00
2026-08-27 23:25:00;33041.00;0.00
2026-08-27 23:30:00;33041.00;0.00
2026-08-27 23:35:00;33041.00;0.00
2026-08-27 23:40:00;33041.00;0.00
2026-08-27 23:45:00;33041.00;0.00
2026-08-27 23:50:00;33041.00;0.00
2026-08-27 23:55:00;33041.00;0.00
2026-08-28 00:00:00;33041.00;0.00
2026-08-28 00:05:00;33041.00;0.00
2026-08-28 00:10:00;33041.00;0.00
2026-08-28 00:15:00;33041.00;0.00
2026-08-28 00:20:00;33040.00;0.00
2026-08-28 00:25:00;33041.00;0.00
2026-08-28 00:30:00;33041.00;0.00
2026-08-28 00:35:00;33040.00;0.00
2026-08-28 00:40:00;33041.00;0.00
2026-08-28 00:45:00;33041.00;0.00
2026-08-28 00:50:00;33041.00;0.00
2026-08-28 00:55:00;33041.00;0.00
2026-08-28 01:00:00;33041.00;0.00
2026-08-28 01:05:00;33041.00;0.00
2026-08-28 01:10:00;33041.00;0.00
2026-08-28 01:15:00;33041.00;0.00
2026-08-28 01:20:00;33041.00;0.00
2026-08-28 01:25:00;33040.00;0.00
2026-08-28 01:30:00;33041.00;0.00
2026-08-28 01:35:00;33041.00;0.00
2026-08-28 01:40:00;33041.00;0.00
2026-08-28 01:45:00;33040.00;0.00
2026-08-28 01:50:00;33041.00;0.00
2026-08-28 01:55:00;33041.00;0.00
2026-08-28 02:00:00;33041.00;0.00
2026-08-28 02:05:00;33041.00;0.00
2026-08-28 02:10:00;33041.00;0.00
2026-08-28 02:15:00;33040.00;0.00
2026-08-28 02:20:00;33040.00;0.00
2026-08-28 02:25:00;33041.00;0.00
2026-08-28 02:30:00;33041.00;0.00
2026-08-28 02:35:00;33041.00;0.00
2026-08-28 02:40:00;33040.00;0.00
2026-08-28 02:45:00;33041.00;0.00
2026-08-28 02:50:00;33041.00;0.00
2026-08-28 02:55:00;33041.00;0.00
2026-08-28 03:00:00;33040.00;0.00
2026-08-28 03:05:00;33040.00;0.00
2026-08-28 03:10:00;33040.00;0.00
2026-08-28 03:15:00;33041.00;0.00
2026-08-28 03:20:00;33041.00;0.00
2026-08-28 03:25:00;33040.00;0.00
2026-08-28 03:30:00;33041.00;0.00
2026-08-28 03:35:00;33040.00;0.00
2026-08-28 03:40:00;33041.00;0.00
2026-08-28 03:45:00;33041.00;0.00
2026-08-28 03:50:00;33041.00;0.00
2026-08-28 03:55:00;33041.00;0.00
2026-08-28 04:00:00;33041.00;0.00
2026-08-28 04:05:00;33041.00;0.00
2026-08-28 04:10:00;33041.00;0.00
2026-08-28 04:15:00;33040.00;0.00
2026-08-28 04:20:00;33040.00;0.00
2026-08-28 04:25:00;33040.00;0.00
2026-08-28 04:30:00;33041.00;0.00
2026-08-28 04:35:00;33041.00;0.00
2026-08-28 04:40:00;33040.00;0.00
2026-08-28 04:45:00;33041.00;0.00
2026-08-28 04:50:00;33040.00;0.00
2026-08-28 04:55:00;33041.00;0.00
2026-08-28 05:00:00;33041.00;0.00
2026-08-28 05:05:00;33040.00;0.00
2026-08-28 05:10:00;33040.00;0.00
2026-08-28 05:15:00;33040.00;0.00
2026-08-28 05:20:00;33041.00;0.00
2026-08-28 05:25:00;33040.00;0.00
2026-08-28 05:30:00;33040.00;0.00
2026-08-28 05:35:00;33040.00;0.00
2026-08-28 05:40:00;33040.00;0.00
2026-08-28 05:45:00;33040.00;0.00
2026-08-28 05:50:00;33040.00;0.00
2026-08-28 05:55:00;33040.00;0.00
2026-08-28 06:00:00;33040.00;0.00
2026-08-28 06:05:00;33040.00;0.00
2026-08-28 06:10:00;33040.00;0.00
2026-08-28 06:15:00;33040.00;0.00
2026-08-28 06:20:00;33040.00;0.00
2026-08-28 06:25:00;33040.00;0.00
2026-08-28 06:30:00;33040.00;0.00
2026-08-28 06:35:00;33040.00;0.00
2026-08-28 06:40:00;33040.00;0.00
2026-08-28 06:45:00;33040.00;0.00
2026-08-28 06:50:00;33040.00;0.00
2026-08-28 06:55:00;33040.00;0.00
2026-08-28 07:00:00;33040.00;0.00
2026-08-28 07:05:00;33040.00;0.00
2026-08-28 07:10:00;33040.00;0.00
2026-08-28 07:15:00;33040.00;0.00
2026-08-28 07:20:00;33040.00;0.00
2026-08-28 07:25:00;33040.00;0.00
2026-08-28 07:30:00;33040.00;0.00
2026-08-28 07:35:00;33040.00;0.00
2026-08-28 07:40:00;33040.00;0.00
2026-08-28 07:45:00;33040.00;0.00
2026-08-28 07:50:00;33040.00;0.00
2026-08-28 07:55:00;33040.00;0.00
2026-08-28 08:00:00;33040.00;0.00
2026-08-28 08:05:00;33040.00;0.00
2026-08-28 08:10:00;33040.00;0.00
2026-08-28 08:15:00;33040.00;0.00
2026-08-28 08:20:00;33040.00;0.00
2026-08-28 08:25:00;33040.00;0.00
2026-08-28 08:30:00;33040.00;0.00
2026-08-28 08:35:00;33040.00;0.00
2026-08-28 08:40:00;33040.00;0.00
2026-08-28 08:45:00;33040.00;0.00
2026-08-28 08:50:00;33040.00;0.00
2026-08-28 08:55:00;33040.00;0.00
2026-08-28 09:00:00;33040.00;0.00
2026-08-28 09:05:00;33040.00;0.00
2026-08-28 09:10:00;33040.00;0.00
2026-08-28 09:15:00;33040.00;0.00
2026-08-28 09:20:00;33040.00;0.00
2026-08-28 09:25:00;33040.00;0.00
2026-08-28 09:30:00;33040.00;0.00
2026-08-28 09:35:00;33040.00;0.00
2026-08-28 09:40:00;33040.00;0.00
2026-08-28 09:45:00;33040.00;0.00
2026-08-28 09:50:00;33040.00;0.00
2026-08-28 09:55:00;33040.00;0.00
2026-08-28 10:00:00;33040.00;0.00
2026-08-28 10:05:00;33041.00;0.00
2026-08-28 10:10:00;33040.00;0.00
2026-08-28 10:15:00;33040.00;0.00
2026-08-28 10:20:00;33040.00;0.00
2026-08-28 10:25:00;33040.00;0.00
2026-08-28 10:30:00;33040.00;0.00
2026-08-28 10:35:00;33040.00;0.00
2026-08-28 10:40:00;33040.00;0.00
2026-08-28 10:45:00;33040.00;0.00
2026-08-28 10:50:00;33040.00;0.00
2026-08-28 10:55:00;33040.00;0.00
2026-08-28 11:00:00;33040.00;0.00
2026-08-28 11:05:00;33040.00;0.00
2026-08-28 11:10:00;33040.00;0.00
2026-08-28 11:15:00;33040.00;0.00
2026-08-28 11:20:00;33041.00;0.00
2026-08-28 11:25:00;33040.00;0.00
2026-08-28 11:30:00;33039.00;0.00
2026-08-28 11:35:00;33040.00;0.00
2026-08-28 11:40:00;33040.00;0.00
2026-08-28 11:45:00;33040.00;0.00
2026-08-28 11:50:00;33040.00;0.00
2026-08-28 11:55:00;33040.00;0.00
2026-08-28 12:00:00;33037.00;0.00
2026-08-28 12:05:00;33033.00;0.00
2026-08-28 12:10:00;33037.00;0.00
2026-08-28 12:15:00;33037.00;0.00
2026-08-28 12:20:00;33040.00;0.00
2026-08-28 12:25:00;33040.00;0.00
2026-08-28 12:30:00;33040.00;0.00
2026-08-28 12:35:00;33039.00;0.00
2026-08-28 12:40:00;33039.00;0.00
2026-08-28 12:45:00;33040.00;0.00
2026-08-28 12:50:00;33040.00;0.00
2026-08-28 12:55:00;33040.00;0.00
2026-08-28 13:00:00;33040.00;0.00
2026-08-28 13:05:00;33040.00;0.00
2026-08-28 13:10:00;33040.00;0.00
2026-08-28 13:15:00;33037.00;0.00
2026-08-28 13:20:00;33040.00;0.00
2026-08-28 13:25:00;33040.00;0.00
2026-08-28 13:30:00;33039.00;0.00
2026-08-28 13:35:00;33039.00;0.00
2026-08-28 13:40:00;33039.00;0.00
2026-08-28 13:45:00;33037.00;0.00
2026-08-28 13:50:00;33039.00;0.00
2026-08-28 13:55:00;33039.00;0.00
2026-08-28 14:00:00;33039.00;0.00
2026-08-28 14:05:00;33039.00;0.00
2026-08-28 14:10:00;33039.00;0.00
2026-08-28 14:15:00;33040.00;0.00
2026-08-28 14:20:00;33039.00;0.00
2026-08-28 14:25:00;33040.00;0.00
2026-08-28 14:30:00;33039.00;0.00
2026-08-28 14:35:00;33038.00;0.00
2026-08-28 14:40:00;33038.00;0.00
2026-08-28 14:45:00;33039.00;0.00
2026-08-28 14:50:00;33038.00;0.00
2026-08-28 14:55:00;33038.00;0.00
2026-08-28 15:00:00;33039.00;0.00
2026-08-28 15:05:00;33040.00;0.00
2026-08-28 15:10:00;33039.00;0.00
2026-08-28 15:15:00;33037.00;0.00
2026-08-28 15:20:00;33040.00;0.00
2026-08-28 15:25:00;33039.00;0.00
2026-08-28 15:30:00;33040.00;0.00
2026-08-28 15:35:00;33039.00;0.00
2026-08-28 15:40:00;33038.00;0.00
2026-08-28 15:45:00;33038.00;0.00
2026-08-28 15:55:00;33039.00;0.00
2026-08-28 16:00:00;33040.00;0.00
2026-08-28 16:05:00;33040.00;0.00
2026-08-28 16:10:00;33040.00;0.00
2026-08-28 16:15:00;33040.00;0.00
2026-08-28 16:20:00;33040.00;0.00
2026-08-28 16:25:00;33040.00;0.00
2026-08-28 16:30:00;33040.00;0.00
2026-08-28 16:35:00;33040.00;0.00
2026-08-28 16:40:00;33039.00;0.00
2026-08-28 16:45:00;33034.00;0.00
2026-08-28 16:50:00;33036.00;0.00
2026-08-28 16:55:00;33038.00;0.00
2026-08-28 17:00:00;33036.00;0.00
2026-08-28 17:05:00;33031.00;0.40
2026-08-28 17:10:00;33030.00;0.40
2026-08-28 17:15:00;33027.00;1.80
2026-08-28 17:20:00;33023.00;5.60
2026-08-28 17:25:00;33026.00;3.40
2026-08-28 17:30:00;33039.00;0.20
2026-08-28 17:35:00;33041.00;0.00
2026-08-28 17:40:00;33041.00;0.00
2026-08-28 17:45:00;33040.00;0.00
2026-08-28 17:50:00;33032.00;0.40
2026-08-28 17:55:00;33033.00;0.40
2026-08-28 18:00:00;33041.00;0.00
2026-08-28 18:05:00;33039.00;0.00
2026-08-28 18:10:00;33031.00;0.60
2026-08-28 18:15:00;33034.00;0.40
2026-08-28 18:20:00;33035.00;0.20
2026-08-28 18:25:00;33032.00;0.40
2026-08-28 18:30:00;33034.00;0.40
2026-08-28 18:35:00;33038.00;0.20
2026-08-28 18:40:00;33041.00;0.00
2026-08-28 18:45:00;33042.00;0.00
2026-08-28 18:50:00;33042.00;0.00
2026-08-28 18:55:00;33038.00;0.00
2026-08-28 19:00:00;33041.00;0.00
2026-08-28 19:05:00;33042.00;0.00
2026-08-28 19:10:00;33038.00;0.00
2026-08-28 19:15:00;33041.00;0.20
2026-08-28 19:20:00;33042.00;0.00
2026-08-28 19:25:00;33042.00;0.00
2026-08-28 19:30:00;33041.00;0.00
2026-08-28 19:35:00;33041.00;0.00
2026-08-28 19:40:00;33039.00;0.00
2026-08-28 19:45:00;33041.00;0.00
2026-08-28 19:50:00;33041.00;0.00
2026-08-28 19:55:00;33041.00;0.00
2026-08-28 20:00:00;33039.00;0.00
2026-08-28 20:05:00;33040.00;0.00
2026-08-28 20:10:00;33041.00;0.00
2026-08-28 20:15:00;33041.00;0.00
2026-08-28 20:20:00;33041.00;0.00
2026-08-28 20:25:00;33041.00;0.00
2026-08-28 20:30:00;33041.00;0.00
2026-08-28 20:35:00;33041.00;0.00
2026-08-28 20:40:00;33041.00;0.00
2026-08-28 20:45:00;33041.00;0.00
2026-08-28 20:50:00;33041.00;0.00
2026-08-28 20:55:00;33041.00;0.00
2026-08-28 21:00:00;33041.00;0.00
2026-08-28 21:05:00;33041.00;0.00
2026-08-28 21:10:00;33041.00;0.00
2026-08-28 21:15:00;33041.00;0.00
2026-08-28 21:20:00;33041.00;0.00
2026-08-28 21:25:00;33041.00;0.00
2026-08-28 21:30:00;33041.00;0.00
2026-08-28 21:35:00;33041.00;0.00
2026-08-28 21:40:00;33041.00;0.00
2026-08-28 21:45:00;33041.00;0.00
2026-08-28 21:50:00;33041.00;0.00
2026-08-28 21:55:00;33041.00;0.00
2026-08-28 22:00:00;33041.00;0.00
2026-08-28 22:05:00;33041.00;0.00
2026-08-28 22:10:00;33041.00;0.00
2026-08-28 22:15:00;33041.00;0.00
2026-08-28 22:20:00;33041.00;0.00
2026-08-28 22:25:00;33040.00;0.00
2026-08-28 22:30:00;33041.00;0.00
2026-08-28 22:35:00;33041.00;0.00
2026-08-28 22:40:00;33041.00;0.00
2026-08-28 22:45:00;33041.00;0.00
2026-08-28 22:50:00;33041.00;0.00
2026-08-28 22:55:00;33041.00;0.00
2026-08-28 23:00:00;33041.00;0.00
2026-08-28 23:05:00;33041.00;0.00
2026-08-28 23:10:00;33040.00;0.00
2026-08-28 23:15:00;33041.00;0.00
2026-08-28 23:20:00;33041.00;0.00
2026-08-28 23:25:00;33041.00;0.00
2026-08-28 23:30:00;33041.00;0.00
2026-08-28 23:35:00;33041.00;0.00
2026-08-28 23:40:00;33041.00;0.00
2026-08-28 23:45:00;33041.00;0.00
2026-08-28 23:50:00;33042.00;0.00
2026-08-28 23:55:00;33042.00;0.00
2026-08-29 00:00:00;33041.00;0.00
2026-08-29 00:05:00;33041.00;0.00
2026-08-29 00:10:00;33042.00;0.00
2026-08-29 00:15:00;33042.00;0.00
2026-08-29 00:20:00;33042.00;0.00
2026-08-29 00:25:00;33042.00;0.00
2026-08-29 00:30:00;33042.00;0.00
2026-08-29 00:35:00;33042.00;0.00
2026-08-29 00:40:00;33042.00;0.00
2026-08-29 00:45:00;33042.00;0.00
2026-08-29 00:50:00;33042.00;0.00
2026-08-29 00:55:00;33041.00;0.00
2026-08-29 01:00:00;33037.00;0.00
2026-08-29 01:05:00;33041.00;0.00
2026-08-29 01:10:00;33042.00;0.00
2026-08-29 01:15:00;33042.00;0.00
2026-08-29 01:20:00;33043.00;0.00
2026-08-29 01:25:00;33042.00;0.00
2026-08-29 01:30:00;33042.00;0.00
2026-08-29 01:35:00;33043.00;0.00
2026-08-29 01:40:00;33040.00;0.00
2026-08-29 01:45:00;33042.00;0.00
2026-08-29 01:50:00;33042.00;0.00
2026-08-29 01:55:00;33042.00;0.00
2026-08-29 02:00:00;33043.00;0.00
2026-08-29 02:05:00;33043.00;0.00
2026-08-29 02:10:00;33043.00;0.00
2026-08-29 02:15:00;33043.00;0.00
2026-08-29 02:20:00;33043.00;0.00
2026-08-29 02:25:00;33043.00;0.00
2026-08-29 02:30:00;33043.00;0.00
2026-08-29 02:35:00;33043.00;0.00
2026-08-29 02:40:00;33036.00;0.20
2026-08-29 02:45:00;33037.00;0.20
2026-08-29 02:50:00;33034.00;0.20
2026-08-29 02:55:00;33035.00;0.40
2026-08-29 03:00:00;33030.00;2.00
2026-08-29 03:05:00;33041.00;0.00
2026-08-29 03:10:00;33043.00;0.20
2026-08-29 03:15:00;33043.00;0.00
2026-08-29 03:20:00;33043.00;0.00
2026-08-29 03:25:00;33043.00;0.00
2026-08-29 03:30:00;33043.00;0.00
2026-08-29 03:35:00;33043.00;0.00
2026-08-29 03:40:00;33043.00;0.00
2026-08-29 03:45:00;33043.00;0.00
2026-08-29 03:50:00;33043.00;0.00
2026-08-29 03:55:00;33043.00;0.00
2026-08-29 04:00:00;33043.00;0.00
2026-08-29 04:05:00;33043.00;0.00
2026-08-29 04:10:00;33043.00;0.00
2026-08-29 04:15:00;33043.00;0.00
2026-08-29 04:20:00;33043.00;0.00
2026-08-29 04:25:00;33043.00;0.00
2026-08-29 04:30:00;33043.00;0.00
2026-08-29 04:35:00;33043.00;0.00
2026-08-29 04:40:00;33043.00;0.00
2026-08-29 04:45:00;33043.00;0.00
2026-08-29 04:50:00;33043.00;0.00
2026-08-29 04:55:00;33043.00;0.00
2026-08-29 05:00:00;33043.00;0.00
2026-08-29 05:05:00;33043.00;0.00
2026-08-29 05:10:00;33043.00;0.00
2026-08-29 05:15:00;33043.00;0.00
2026-08-29 05:20:00;33043.00;0.00
2026-08-29 05:25:00;33043.00;0.00
2026-08-29 05:30:00;33039.00;0.00
2026-08-29 05:35:00;33036.00;0.20
2026-08-29 05:40:00;33034.00;0.40
2026-08-29 05:45:00;33037.00;0.20
2026-08-29 05:50:00;33040.00;0.00
2026-08-29 05:55:00;33035.00;0.20
2026-08-29 06:00:00;33030.00;1.00
2026-08-29 06:05:00;33029.00;2.40
2026-08-29 06:10:00;33029.00;2.20
2026-08-29 06:15:00;33032.00;1.20
2026-08-29 06:20:00;33031.00;4.20
2026-08-29 06:25:00;33035.00;0.20
2026-08-29 06:30:00;33039.00;0.20
2026-08-29 06:35:00;33045.00;0.00
2026-08-29 06:40:00;33045.00;0.00
2026-08-29 06:45:00;33046.00;0.00
2026-08-29 06:50:00;33046.00;0.00
2026-08-29 06:55:00;33047.00;0.00
2026-08-29 07:00:00;33047.00;0.00
2026-08-29 07:05:00;33047.00;0.00
2026-08-29 07:10:00;33046.00;0.00
2026-08-29 07:15:00;33048.00;0.00
2026-08-29 07:20:00;33050.00;0.00
2026-08-29 07:25:00;33051.00;0.20
2026-08-29 07:30:00;33045.00;0.20
2026-08-29 07:35:00;33047.00;0.00
2026-08-29 07:40:00;33046.00;0.00
2026-08-29 07:45:00;33041.00;0.20
2026-08-29 07:50:00;33040.00;0.60
2026-08-29 07:55:00;33042.00;0.20
2026-08-29 08:00:00;33039.00;0.40
2026-08-29 08:05:00;33041.00;0.40
2026-08-29 08:10:00;33041.00;0.40
2026-08-29 08:15:00;33043.00;0.20
2026-08-29 08:20:00;33043.00;0.20
2026-08-29 08:25:00;33050.00;0.00
2026-08-29 08:30:00;33047.00;0.20
2026-08-29 08:35:00;33048.00;0.00
2026-08-29 08:40:00;33050.00;0.00
2026-08-29 08:45:00;33050.00;0.20
2026-08-29 08:50:00;33054.00;0.00
2026-08-29 08:55:00;33058.00;0.00
2026-08-29 09:00:00;33059.00;0.00
2026-08-29 09:05:00;33059.00;0.00
2026-08-29 09:10:00;33060.00;0.00
2026-08-29 09:15:00;33059.00;0.00
2026-08-29 09:20:00;33062.00;0.00
2026-08-29 09:25:00;33063.00;0.00
2026-08-29 09:30:00;33064.00;0.00
2026-08-29 09:35:00;33065.00;0.00
2026-08-29 09:40:00;33066.00;0.00
2026-08-29 09:45:00;33068.00;0.00
2026-08-29 09:50:00;33071.00;0.00
2026-08-29 09:55:00;33073.00;0.00
2026-08-29 10:00:00;33076.00;0.00
2026-08-29 10:05:00;33079.00;0.00
2026-08-29 10:10:00;33081.00;0.00
2026-08-29 10:15:00;33083.00;0.00
2026-08-29 10:20:00;33087.00;0.00
2026-08-29 10:25:00;33088.00;0.00
2026-08-29 10:30:00;33089.00;0.20
2026-08-29 10:35:00;33091.00;0.00
2026-08-29 10:40:00;33092.00;0.00
2026-08-29 10:45:00;33093.00;0.00
2026-08-29 10:50:00;33093.00;0.00
2026-08-29 10:55:00;33094.00;0.00
2026-08-29 11:00:00;33094.00;0.00
2026-08-29 11:05:00;33094.00;0.00
2026-08-29 11:10:00;33093.00;0.00
2026-08-29 11:15:00;33093.00;0.00
2026-08-29 11:20:00;33093.00;0.00
2026-08-29 11:25:00;33093.00;0.00
2026-08-29 11:30:00;33093.00;0.00
2026-08-29 11:35:00;33091.00;0.00
2026-08-29 11:40:00;33091.00;0.20
2026-08-29 11:45:00;33091.00;0.00
2026-08-29 11:50:00;33093.00;0.00
2026-08-29 11:55:00;33094.00;0.00
2026-08-29 12:00:00;33094.00;0.20
2026-08-29 12:05:00;33093.00;0.00
2026-08-29 12:10:00;33089.00;0.40
2026-08-29 12:15:00;33095.00;0.00
2026-08-29 12:20:00;33096.00;0.00
2026-08-29 12:25:00;33095.00;0.20
2026-08-29 12:30:00;33097.00;0.00
2026-08-29 12:35:00;33097.00;0.00
2026-08-29 12:40:00;33097.00;0.00
2026-08-29 12:45:00;33097.00;0.00
2026-08-29 12:50:00;33097.00;0.00
2026-08-29 12:55:00;33096.00;0.00
2026-08-29 13:00:00;33095.00;0.00
2026-08-29 13:05:00;33094.00;0.00
2026-08-29 13:10:00;33094.00;0.00
2026-08-29 13:15:00;33095.00;0.00
2026-08-29 13:20:00;33094.00;0.00
2026-08-29 13:25:00;33094.00;0.00
2026-08-29 13:30:00;33093.00;0.00
2026-08-29 13:35:00;33092.00;0.00
2026-08-29 13:40:00;33091.00;0.20
2026-08-29 13:45:00;33091.00;0.00
2026-08-29 13:50:00;33090.00;0.00
2026-08-29 13:55:00;33089.00;0.00
2026-08-29 14:00:00;33088.00;0.00
2026-08-29 14:05:00;33088.00;0.00
2026-08-29 14:10:00;33087.00;0.00
2026-08-29 14:15:00;33087.00;0.00
2026-08-29 14:20:00;33086.00;0.00
2026-08-29 14:25:00;33086.00;0.00
2026-08-29 14:30:00;33085.00;0.00
2026-08-29 14:35:00;33085.00;0.00
2026-08-29 14:40:00;33084.00;0.00
2026-08-29 14:45:00;33083.00;0.00
2026-08-29 14:50:00;33083.00;0.00
2026-08-29 14:55:00;33082.00;0.00
2026-08-29 15:00:00;33080.00;0.00
2026-08-29 15:05:00;33080.00;0.00
2026-08-29 15:10:00;33080.00;0.20
2026-08-29 15:15:00;33076.00;0.20
2026-08-29 15:20:00;33080.00;0.00
2026-08-29 15:25:00;33080.00;0.00
2026-08-29 15:30:00;33079.00;0.00
2026-08-29 15:35:00;33078.00;0.00
2026-08-29 15:40:00;33076.00;0.20
2026-08-29 15:45:00;33073.00;0.40
2026-08-29 15:50:00;33069.00;1.60
2026-08-29 15:55:00;33070.00;1.40
2026-08-29 16:00:00;33070.00;0.80
2026-08-29 16:05:00;33068.00;1.80
2026-08-29 16:10:00;33068.00;1.80
2026-08-29 16:15:00;33067.00;3.00
2026-08-29 16:20:00;33066.00;4.80
2026-08-29 16:25:00;33073.00;0.60
2026-08-29 16:30:00;33078.00;0.00
2026-08-29 16:35:00;33079.00;0.00
2026-08-29 16:40:00;33081.00;0.20
2026-08-29 16:45:00;33083.00;0.00
2026-08-29 16:50:00;33083.00;0.00
2026-08-29 16:55:00;33084.00;0.00
2026-08-29 17:00:00;33081.00;0.00
2026-08-29 17:05:00;33082.00;0.00
2026-08-29 17:10:00;33081.00;0.00
2026-08-29 17:15:00;33080.00;0.00
2026-08-29 17:20:00;33082.00;0.20
2026-08-29 17:25:00;33082.00;0.00
2026-08-29 17:30:00;33080.00;0.20
2026-08-29 17:35:00;33074.00;5.40
2026-08-29 17:40:00;33080.00;1.20
2026-08-29 17:45:00;33085.00;0.00
2026-08-29 17:50:00;33085.00;0.00
2026-08-29 17:55:00;33086.00;0.20
2026-08-29 18:00:00;33086.00;0.00
2026-08-29 18:05:00;33086.00;0.00
2026-08-29 18:10:00;33087.00;0.00
2026-08-29 18:15:00;33088.00;0.00
2026-08-29 18:20:00;33088.00;0.00
2026-08-29 18:25:00;33088.00;0.00
2026-08-29 18:30:00;33088.00;0.00
2026-08-29 18:35:00;33088.00;0.00
2026-08-29 18:40:00;33089.00;0.00
2026-08-29 18:45:00;33089.00;0.00
2026-08-29 18:50:00;33088.00;0.20
2026-08-29 18:55:00;33085.00;0.40
2026-08-29 19:00:00;33084.00;0.80
2026-08-29 19:05:00;33082.00;2.00
2026-08-29 19:10:00;33086.00;0.60
2026-08-29 19:15:00;33090.00;0.20
2026-08-29 19:20:00;33091.00;0.20
2026-08-29 19:25:00;33094.00;0.00
2026-08-29 19:30:00;33094.00;0.00
2026-08-29 19:35:00;33094.00;0.00
2026-08-29 19:40:00;33095.00;0.00
2026-08-29 19:45:00;33095.00;0.00
2026-08-29 19:50:00;33095.00;0.00
2026-08-29 19:55:00;33096.00;0.00
2026-08-29 20:00:00;33095.00;0.00
2026-08-29 20:05:00;33097.00;0.00
2026-08-29 20:10:00;33097.00;0.00
2026-08-29 20:15:00;33097.00;0.00
2026-08-29 20:20:00;33099.00;0.00
2026-08-29 20:25:00;33101.00;0.00
2026-08-29 20:30:00;33103.00;0.00
2026-08-29 20:35:00;33105.00;0.00
2026-08-29 20:40:00;33107.00;0.00
2026-08-29 20:45:00;33109.00;0.00
2026-08-29 20:50:00;33111.00;0.00
2026-08-29 20:55:00;33113.00;0.00
2026-08-29 21:00:00;33114.00;0.00
2026-08-29 21:05:00;33113.00;0.00
2026-08-29 21:10:00;33114.00;0.00
2026-08-29 21:15:00;33114.00;0.00
2026-08-29 21:20:00;33114.00;0.20
2026-08-29 21:25:00;33114.00;0.00
2026-08-29 21:30:00;33115.00;0.00
2026-08-29 21:35:00;33115.00;0.00
2026-08-29 21:40:00;33115.00;0.00
2026-08-29 21:45:00;33114.00;0.00
2026-08-29 21:50:00;33115.00;0.00
2026-08-29 21:55:00;33115.00;0.00
2026-08-29 22:00:00;33115.00;0.00
2026-08-29 22:05:00;33116.00;0.00
2026-08-29 22:10:00;33116.00;0.00
2026-08-29 22:15:00;33116.00;0.00
2026-08-29 22:20:00;33116.00;0.00
2026-08-29 22:25:00;33116.00;0.00
2026-08-29 22:30:00;33117.00;0.00
2026-08-29 22:35:00;33116.00;0.00
2026-08-29 22:40:00;33116.00;0.00
2026-08-29 22:45:00;33115.00;0.00
2026-08-29 22:50:00;33116.00;0.00
2026-08-29 22:55:00;33115.00;0.00
2026-08-29 23:00:00;33116.00;0.00
2026-08-29 23:05:00;33115.00;0.00
2026-08-29 23:10:00;33114.00;0.00
2026-08-29 23:15:00;33114.00;0.00
2026-08-29 23:20:00;33114.00;0.00
2026-08-29 23:25:00;33114.00;0.00
2026-08-29 23:30:00;33114.00;0.00
2026-08-29 23:35:00;33114.00;0.00
2026-08-29 23:40:00;33113.00;0.00
2026-08-29 23:45:00;33113.00;0.00
2026-08-29 23:50:00;33113.00;0.00
2026-08-29 23:55:00;33113.00;0.00
2026-08-30 00:00:00;33112.00;0.00
2026-08-30 00:05:00;33112.00;0.00
2026-08-30 00:10:00;33111.00;0.00
2026-08-30 00:15:00;33111.00;0.00
2026-08-30 00:20:00;33111.00;0.00
2026-08-30 00:25:00;33111.00;0.00
2026-08-30 00:30:00;33110.00;0.00
2026-08-30 00:35:00;33109.00;0.00
2026-08-30 00:40:00;33110.00;0.00
2026-08-30 00:45:00;33109.00;0.00
2026-08-30 00:50:00;33109.00;0.00
2026-08-30 00:55:00;33109.00;0.00
2026-08-30 01:00:00;33108.00;0.00
2026-08-30 01:05:00;33108.00;0.00
2026-08-30 01:10:00;33108.00;0.00
2026-08-30 01:15:00;33107.00;0.00
2026-08-30 01:20:00;33107.00;0.00
2026-08-30 01:25:00;33107.00;0.00
2026-08-30 01:30:00;33107.00;0.00
2026-08-30 01:35:00;33106.00;0.00
2026-08-30 01:40:00;33106.00;0.00
2026-08-30 01:45:00;33106.00;0.00
2026-08-30 01:50:00;33106.00;0.00
2026-08-30 01:55:00;33105.00;0.00
2026-08-30 02:00:00;33105.00;0.00
2026-08-30 02:05:00;33105.00;0.00
2026-08-30 02:10:00;33104.00;0.00
2026-08-30 02:15:00;33105.00;0.00
2026-08-30 02:20:00;33104.00;0.00
2026-08-30 02:25:00;33104.00;0.00
2026-08-30 02:30:00;33103.00;0.00
2026-08-30 02:35:00;33103.00;0.00
2026-08-30 02:40:00;33102.00;0.00
2026-08-30 02:45:00;33102.00;0.00
2026-08-30 02:50:00;33102.00;0.00
2026-08-30 02:55:00;33102.00;0.00
2026-08-30 03:00:00;33102.00;0.00
2026-08-30 03:05:00;33102.00;0.00
2026-08-30 03:10:00;33101.00;0.00
2026-08-30 03:15:00;33101.00;0.00
2026-08-30 03:20:00;33101.00;0.00
2026-08-30 03:25:00;33101.00;0.00
2026-08-30 03:30:00;33101.00;0.00
2026-08-30 03:35:00;33100.00;0.00
2026-08-30 03:40:00;33100.00;0.00
2026-08-30 03:45:00;33100.00;0.00
2026-08-30 03:50:00;33100.00;0.00
2026-08-30 03:55:00;33099.00;0.00
2026-08-30 04:00:00;33100.00;0.00
2026-08-30 04:05:00;33099.00;0.00
2026-08-30 04:10:00;33099.00;0.00
2026-08-30 04:15:00;33099.00;0.00
2026-08-30 04:20:00;33098.00;0.00
2026-08-30 04:25:00;33098.00;0.00
2026-08-30 04:30:00;33098.00;0.00
2026-08-30 04:35:00;33098.00;0.00
2026-08-30 04:40:00;33097.00;0.00
2026-08-30 04:45:00;33097.00;0.00
2026-08-30 04:50:00;33097.00;0.00
2026-08-30 04:55:00;33096.00;0.00
2026-08-30 05:00:00;33096.00;0.00
2026-08-30 05:05:00;33096.00;0.00
2026-08-30 05:10:00;33096.00;0.00
2026-08-30 05:15:00;33096.00;0.00
2026-08-30 05:20:00;33096.00;0.00
2026-08-30 05:25:00;33096.00;0.00
2026-08-30 05:30:00;33096.00;0.00
2026-08-30 05:35:00;33095.00;0.00
2026-08-30 05:40:00;33096.00;0.00
2026-08-30 05:45:00;33096.00;0.00
2026-08-30 05:50:00;33095.00;0.00
2026-08-30 05:55:00;33095.00;0.00
2026-08-30 06:00:00;33095.00;0.00
2026-08-30 06:05:00;33095.00;0.00
2026-08-30 06:10:00;33094.00;0.00
2026-08-30 06:15:00;33095.00;0.00
2026-08-30 06:20:00;33094.00;0.00
2026-08-30 06:25:00;33095.00;0.00
2026-08-30 06:30:00;33095.00;0.00
2026-08-30 06:35:00;33095.00;0.00
2026-08-30 06:40:00;33095.00;0.00
2026-08-30 06:45:00;33095.00;0.00
2026-08-30 06:50:00;33095.00;0.00
2026-08-30 06:55:00;33095.00;0.00
2026-08-30 07:00:00;33095.00;0.00
2026-08-30 07:05:00;33095.00;0.00
2026-08-30 07:10:00;33095.00;0.00
2026-08-30 07:15:00;33095.00;0.00
2026-08-30 07:20:00;33095.00;0.00
2026-08-30 07:25:00;33095.00;0.00
2026-08-30 07:30:00;33095.00;0.00
2026-08-30 07:35:00;33096.00;0.00
2026-08-30 07:40:00;33095.00;0.00
2026-08-30 07:45:00;33096.00;0.00
2026-08-30 07:50:00;33095.00;0.00
2026-08-30 07:55:00;33096.00;0.00
2026-08-30 08:00:00;33095.00;0.00
2026-08-30 08:05:00;33095.00;0.00
2026-08-30 08:10:00;33095.00;0.00
2026-08-30 08:15:00;33096.00;0.00
2026-08-30 08:20:00;33096.00;0.00
2026-08-30 08:25:00;33096.00;0.00
2026-08-30 08:30:00;33095.00;0.00
2026-08-30 08:35:00;33095.00;0.00
2026-08-30 08:40:00;33095.00;0.00
2026-08-30 08:45:00;33095.00;0.00
2026-08-30 08:50:00;33095.00;0.00
2026-08-30 08:55:00;33095.00;0.00
2026-08-30 09:00:00;33095.00;0.00
2026-08-30 09:05:00;33095.00;0.00
2026-08-30 09:10:00;33094.00;0.00
2026-08-30 09:15:00;33094.00;0.00
2026-08-30 09:20:00;33094.00;0.00
2026-08-30 09:25:00;33094.00;0.00
2026-08-30 09:30:00;33094.00;0.00
2026-08-30 09:35:00;33094.00;0.00
2026-08-30 09:40:00;33094.00;0.00
2026-08-30 09:45:00;33094.00;0.00
2026-08-30 09:50:00;33094.00;0.00
2026-08-30 09:55:00;33093.00;0.00
2026-08-30 10:00:00;33093.00;0.00
2026-08-30 10:05:00;33093.00;0.00
2026-08-30 10:10:00;33093.00;0.00
2026-08-30 10:15:00;33093.00;0.00
2026-08-30 10:20:00;33093.00;0.00
2026-08-30 10:25:00;33093.00;0.00
2026-08-30 10:30:00;33092.00;0.00
2026-08-30 10:35:00;33092.00;0.00
2026-08-30 10:40:00;33092.00;0.00
2026-08-30 10:45:00;33092.00;0.00
2026-08-30 10:50:00;33092.00;0.00
2026-08-30 10:55:00;33092.00;0.00
2026-08-30 11:00:00;33091.00;0.00
2026-08-30 11:05:00;33091.00;0.00
2026-08-30 11:10:00;33091.00;0.00
2026-08-30 11:15:00;33091.00;0.00
2026-08-30 11:20:00;33091.00;0.00
2026-08-30 11:25:00;33090.00;0.00
2026-08-30 11:30:00;33090.00;0.00
2026-08-30 11:35:00;33090.00;0.00
2026-08-30 11:40:00;33090.00;0.00
2026-08-30 11:45:00;33090.00;0.00
2026-08-30 11:50:00;33090.00;0.00
2026-08-30 11:55:00;33090.00;0.00
2026-08-30 12:00:00;33089.00;0.00
2026-08-30 12:05:00;33087.00;0.00
2026-08-30 12:10:00;33088.00;0.00
2026-08-30 12:15:00;33088.00;0.20
2026-08-30 12:20:00;33086.00;0.00
2026-08-30 12:25:00;33088.00;0.00
2026-08-30 12:30:00;33088.00;0.00
2026-08-30 12:35:00;33088.00;0.00
2026-08-30 12:40:00;33088.00;0.00
2026-08-30 12:45:00;33086.00;0.00
2026-08-30 12:50:00;33088.00;0.00
2026-08-30 12:55:00;33087.00;0.00
2026-08-30 13:00:00;33086.00;0.00
2026-08-30 13:05:00;33087.00;0.00
2026-08-30 13:10:00;33085.00;0.00
2026-08-30 13:15:00;33083.00;0.00
2026-08-30 13:20:00;33086.00;0.20
2026-08-30 13:25:00;33086.00;0.00
2026-08-30 13:30:00;33086.00;0.00
2026-08-30 13:35:00;33086.00;0.00
2026-08-30 13:40:00;33086.00;0.00
2026-08-30 13:45:00;33086.00;0.00
2026-08-30 13:50:00;33084.00;0.00
2026-08-30 13:55:00;33082.00;0.20
2026-08-30 14:00:00;33085.00;0.00
2026-08-30 14:05:00;33085.00;0.00
2026-08-30 14:10:00;33085.00;0.00
2026-08-30 14:15:00;33081.00;0.20
2026-08-30 14:20:00;33077.00;0.80
2026-08-30 14:25:00;33077.00;0.60
2026-08-30 14:30:00;33076.00;0.60
2026-08-30 14:35:00;33073.00;3.20
2026-08-30 14:40:00;33079.00;0.40
2026-08-30 14:45:00;33083.00;0.60
2026-08-30 14:50:00;33076.00;2.80
2026-08-30 14:55:00;33081.00;0.40
2026-08-30 15:00:00;33087.00;0.00
2026-08-30 15:05:00;33087.00;0.00
2026-08-30 15:10:00;33087.00;0.00
2026-08-30 15:15:00;33087.00;0.00
2026-08-30 15:20:00;33088.00;0.00
2026-08-30 15:25:00;33088.00;0.00
2026-08-30 15:30:00;33090.00;0.00
2026-08-30 15:35:00;33090.00;0.00
2026-08-30 15:40:00;33090.00;0.00
2026-08-30 15:45:00;33090.00;0.00
2026-08-30 15:50:00;33090.00;0.00
2026-08-30 15:55:00;33090.00;0.00
2026-08-30 16:00:00;33089.00;0.00
2026-08-30 16:05:00;33088.00;0.00
2026-08-30 16:10:00;33088.00;0.00
2026-08-30 16:15:00;33088.00;0.00
2026-08-30 16:20:00;33088.00;0.00
2026-08-30 16:25:00;33087.00;0.00
2026-08-30 16:30:00;33086.00;0.00
2026-08-30 16:35:00;33085.00;0.00
2026-08-30 16:40:00;33086.00;0.20
2026-08-30 16:45:00;33085.00;0.00
2026-08-30 16:50:00;33086.00;0.00
2026-08-30 16:55:00;33086.00;0.00
2026-08-30 17:00:00;33086.00;0.00
2026-08-30 17:05:00;33086.00;0.00
2026-08-30 17:10:00;33086.00;0.00
2026-08-30 17:15:00;33086.00;0.00
2026-08-30 17:20:00;33085.00;0.00
2026-08-30 17:25:00;33085.00;0.00
2026-08-30 17:30:00;33085.00;0.00
2026-08-30 17:35:00;33085.00;0.00
2026-08-30 17:40:00;33085.00;0.20
2026-08-30 17:45:00;33085.00;0.00
2026-08-30 17:50:00;33085.00;0.00
2026-08-30 17:55:00;33085.00;0.00
2026-08-30 18:00:00;33085.00;0.00
2026-08-30 18:05:00;33085.00;0.00
2026-08-30 18:10:00;33085.00;0.00
2026-08-30 18:15:00;33085.00;0.00
2026-08-30 18:20:00;33083.00;0.00
2026-08-30 18:25:00;33085.00;0.00
2026-08-30 18:30:00;33086.00;0.00
2026-08-30 18:35:00;33084.00;0.00
2026-08-30 18:40:00;33079.00;0.40
2026-08-30 18:45:00;33084.00;0.20
2026-08-30 18:50:00;33085.00;0.00
2026-08-30 18:55:00;33081.00;0.00
2026-08-30 19:00:00;33085.00;0.20
2026-08-30 19:05:00;33082.00;0.00
2026-08-30 19:10:00;33084.00;0.00
2026-08-30 19:15:00;33085.00;0.00
2026-08-30 19:20:00;33085.00;0.00
2026-08-30 19:25:00;33085.00;0.00
2026-08-30 19:30:00;33085.00;0.00
2026-08-30 19:35:00;33084.00;0.00
2026-08-30 19:40:00;33084.00;0.00
2026-08-30 19:45:00;33084.00;0.00
2026-08-30 19:50:00;33084.00;0.00
2026-08-30 19:55:00;33084.00;0.00
2026-08-30 20:00:00;33084.00;0.00
2026-08-30 20:05:00;33083.00;0.00
2026-08-30 20:10:00;33083.00;0.00
2026-08-30 20:15:00;33082.00;0.00
2026-08-30 20:20:00;33081.00;0.20
2026-08-30 20:25:00;33079.00;0.00
2026-08-30 20:30:00;33077.00;0.40
2026-08-30 20:35:00;33075.00;0.60
2026-08-30 20:40:00;33077.00;0.40
2026-08-30 20:45:00;33078.00;0.20
2026-08-30 20:50:00;33078.00;0.20
2026-08-30 20:55:00;33081.00;0.00
2026-08-30 21:00:00;33078.00;0.20
2026-08-30 21:05:00;33072.00;2.60
2026-08-30 21:10:00;33078.00;0.60
2026-08-30 21:15:00;33078.00;0.20
2026-08-30 21:20:00;33082.00;0.00
2026-08-30 21:25:00;33083.00;0.00
2026-08-30 21:30:00;33084.00;0.00
2026-08-30 21:35:00;33084.00;0.20
2026-08-30 21:40:00;33083.00;0.00
2026-08-30 21:45:00;33083.00;0.00
2026-08-30 21:50:00;33084.00;0.00
2026-08-30 21:55:00;33084.00;0.00
2026-08-30 22:00:00;33084.00;0.00
2026-08-30 22:05:00;33084.00;0.00
2026-08-30 22:10:00;33083.00;0.00
2026-08-30 22:15:00;33083.00;0.00
2026-08-30 22:20:00;33081.00;0.00
2026-08-30 22:25:00;33079.00;0.00
2026-08-30 22:30:00;33075.00;1.60
2026-08-30 22:35:00;33076.00;0.60
2026-08-30 22:40:00;33083.00;0.20
2026-08-30 22:45:00;33083.00;0.00
2026-08-30 22:50:00;33083.00;0.00
2026-08-30 22:55:00;33083.00;0.00
2026-08-30 23:00:00;33084.00;0.00
2026-08-30 23:05:00;33083.00;0.00
2026-08-30 23:10:00;33083.00;0.00
2026-08-30 23:15:00;33083.00;0.00
2026-08-30 23:20:00;33084.00;0.00
2026-08-30 23:25:00;33083.00;0.00
2026-08-30 23:30:00;33083.00;0.00
2026-08-30 23:35:00;33083.00;0.00
2026-08-30 23:40:00;33083.00;0.00
2026-08-30 23:45:00;33084.00;0.00
2026-08-30 23:50:00;33083.00;0.00
2026-08-30 23:55:00;33084.00;0.00
2026-08-31 00:00:00;33084.00;0.00
2026-08-31 00:05:00;33084.00;0.00
2026-08-31 00:10:00;33085.00;0.00
2026-08-31 00:15:00;33085.00;0.00
2026-08-31 00:20:00;33085.00;0.00
2026-08-31 00:25:00;33085.00;0.00
2026-08-31 00:30:00;33086.00;0.00
2026-08-31 00:35:00;33087.00;0.00
2026-08-31 00:40:00;33087.00;0.00
2026-08-31 00:45:00;33089.00;0.00
2026-08-31 00:50:00;33091.00;0.00
2026-08-31 00:55:00;33093.00;0.00
2026-08-31 01:00:00;33096.00;0.00
2026-08-31 01:05:00;33100.00;0.00
2026-08-31 01:10:00;33103.00;0.00
2026-08-31 01:15:00;33107.00;0.00
2026-08-31 01:20:00;33110.00;0.00
2026-08-31 01:25:00;33114.00;0.00
2026-08-31 01:30:00;33118.00;0.00
2026-08-31 01:35:00;33120.00;0.00
2026-08-31 01:40:00;33122.00;0.00
2026-08-31 01:45:00;33124.00;0.00
2026-08-31 01:50:00;33125.00;0.00
2026-08-31 01:55:00;33127.00;0.00
2026-08-31 02:00:00;33128.00;0.00
2026-08-31 02:05:00;33128.00;0.00
2026-08-31 02:10:00;33129.00;0.00
2026-08-31 02:15:00;33129.00;0.00
2026-08-31 02:20:00;33130.00;0.00
2026-08-31 02:25:00;33129.00;0.00
2026-08-31 02:30:00;33130.00;0.00
2026-08-31 02:35:00;33130.00;0.00
2026-08-31 02:40:00;33130.00;0.00
2026-08-31 02:45:00;33130.00;0.00
2026-08-31 02:50:00;33130.00;0.00
2026-08-31 02:55:00;33129.00;0.00
2026-08-31 03:00:00;33129.00;0.00
2026-08-31 03:05:00;33129.00;0.00
2026-08-31 03:10:00;33128.00;0.00
2026-08-31 03:15:00;33128.00;0.00
2026-08-31 03:20:00;33128.00;0.00
2026-08-31 03:25:00;33128.00;0.00
2026-08-31 03:30:00;33127.00;0.00
2026-08-31 03:35:00;33127.00;0.00
2026-08-31 03:40:00;33127.00;0.00
2026-08-31 03:45:00;33126.00;0.00
2026-08-31 03:50:00;33126.00;0.00
2026-08-31 03:55:00;33125.00;0.00
2026-08-31 04:00:00;33125.00;0.00
2026-08-31 04:05:00;33124.00;0.00
2026-08-31 04:10:00;33124.00;0.00
2026-08-31 04:15:00;33123.00;0.00
2026-08-31 04:20:00;33124.00;0.00
2026-08-31 04:25:00;33123.00;0.00
2026-08-31 04:30:00;33122.00;0.00
2026-08-31 04:35:00;33123.00;0.00
2026-08-31 04:40:00;33122.00;0.00
2026-08-31 04:45:00;33122.00;0.00
2026-08-31 04:50:00;33122.00;0.00
2026-08-31 04:55:00;33121.00;0.00
2026-08-31 05:00:00;33122.00;0.00
2026-08-31 05:05:00;33121.00;0.00
2026-08-31 05:10:00;33121.00;0.00
2026-08-31 05:15:00;33122.00;0.00
2026-08-31 05:20:00;33121.00;0.00
2026-08-31 05:25:00;33122.00;0.00
2026-08-31 05:30:00;33121.00;0.00
2026-08-31 05:35:00;33121.00;0.00
2026-08-31 05:40:00;33121.00;0.00
2026-08-31 05:45:00;33121.00;0.00
2026-08-31 05:50:00;33121.00;0.00
2026-08-31 05:55:00;33120.00;0.00
2026-08-31 06:00:00;33120.00;0.00
2026-08-31 06:05:00;33121.00;0.00
2026-08-31 06:10:00;33121.00;0.00
2026-08-31 06:15:00;33121.00;0.00
2026-08-31 06:20:00;33121.00;0.00
2026-08-31 06:25:00;33121.00;0.00
2026-08-31 06:30:00;33121.00;0.00
2026-08-31 06:35:00;33121.00;0.00
2026-08-31 06:40:00;33121.00;0.00
2026-08-31 06:45:00;33121.00;0.00
2026-08-31 06:50:00;33120.00;0.00
2026-08-31 06:55:00;33121.00;0.00
2026-08-31 07:00:00;33121.00;0.00
2026-08-31 07:05:00;33121.00;0.00
2026-08-31 07:10:00;33121.00;0.00
2026-08-31 07:15:00;33122.00;0.00
2026-08-31 07:20:00;33123.00;0.00
2026-08-31 07:25:00;33123.00;0.00
2026-08-31 07:30:00;33124.00;0.00
2026-08-31 07:35:00;33125.00;0.00
2026-08-31 07:40:00;33126.00;0.00
2026-08-31 07:45:00;33126.00;0.00
2026-08-31 07:50:00;33127.00;0.00
2026-08-31 07:55:00;33128.00;0.00
2026-08-31 08:00:00;33129.00;0.00
2026-08-31 08:05:00;33130.00;0.00
2026-08-31 08:10:00;33132.00;0.00
2026-08-31 08:15:00;33133.00;0.20
2026-08-31 08:20:00;33133.00;0.00
2026-08-31 08:25:00;33133.00;0.00
2026-08-31 08:30:00;33134.00;0.00
2026-08-31 08:35:00;33134.00;0.00
2026-08-31 08:40:00;33135.00;0.00
2026-08-31 08:45:00;33136.00;0.00
2026-08-31 08:50:00;33136.00;0.00
2026-08-31 08:55:00;33136.00;0.00
2026-08-31 09:00:00;33137.00;0.00
2026-08-31 09:05:00;33137.00;0.00
2026-08-31 09:10:00;33137.00;0.00
2026-08-31 09:15:00;33136.00;0.00
2026-08-31 09:20:00;33137.00;0.00
2026-08-31 09:25:00;33136.00;0.00
2026-08-31 09:30:00;33136.00;0.00
2026-08-31 09:35:00;33136.00;0.00
2026-08-31 09:40:00;33136.00;0.00
2026-08-31 09:45:00;33136.00;0.00
2026-08-31 09:50:00;33135.00;0.00
2026-08-31 09:55:00;33135.00;0.00
2026-08-31 10:00:00;33134.00;0.00
2026-08-31 10:05:00;33134.00;0.00
2026-08-31 10:10:00;33133.00;0.00
2026-08-31 10:15:00;33133.00;0.00
2026-08-31 10:20:00;33131.00;0.00
2026-08-31 10:25:00;33131.00;0.20
2026-08-31 10:30:00;33131.00;0.00
2026-08-31 10:35:00;33132.00;0.20
2026-08-31 10:40:00;33131.00;0.00
2026-08-31 10:45:00;33131.00;0.00
2026-08-31 10:50:00;33131.00;0.00
2026-08-31 10:55:00;33130.00;0.00
2026-08-31 11:00:00;33129.00;0.00
2026-08-31 11:05:00;33129.00;0.00
2026-08-31 11:10:00;33128.00;0.00
2026-08-31 11:15:00;33128.00;0.00
2026-08-31 11:20:00;33127.00;0.00
2026-08-31 11:25:00;33127.00;0.00
2026-08-31 11:30:00;33127.00;0.00
2026-08-31 11:35:00;33126.00;0.00
2026-08-31 11:40:00;33126.00;0.00
2026-08-31 11:45:00;33126.00;0.00
2026-08-31 11:50:00;33125.00;0.00
2026-08-31 11:55:00;33124.00;0.00
2026-08-31 12:00:00;33123.00;0.20
2026-08-31 12:05:00;33123.00;0.00
2026-08-31 12:10:00;33123.00;0.00
2026-08-31 12:15:00;33122.00;0.00
2026-08-31 12:20:00;33122.00;0.20
2026-08-31 12:25:00;33121.00;0.00
2026-08-31 12:30:00;33121.00;0.00
2026-08-31 12:35:00;33120.00;0.00
2026-08-31 12:40:00;33120.00;0.00
2026-08-31 12:45:00;33120.00;0.00
2026-08-31 12:50:00;33120.00;0.20
2026-08-31 12:55:00;33120.00;0.00
2026-08-31 13:00:00;33119.00;0.00
2026-08-31 13:05:00;33119.00;0.00
2026-08-31 13:10:00;33118.00;0.00
2026-08-31 13:15:00;33118.00;0.00
2026-08-31 13:20:00;33118.00;0.00
2026-08-31 13:25:00;33118.00;0.00
2026-08-31 13:30:00;33117.00;0.00
2026-08-31 13:35:00;33117.00;0.00
2026-08-31 13:40:00;33117.00;0.00
2026-08-31 13:45:00;33117.00;0.00
2026-08-31 13:50:00;33116.00;0.00
2026-08-31 13:55:00;33116.00;0.00
2026-08-31 14:00:00;33116.00;0.00
2026-08-31 14:05:00;33115.00;0.00
2026-08-31 14:10:00;33115.00;0.20
2026-08-31 14:15:00;33114.00;0.00
2026-08-31 14:20:00;33112.00;0.20
2026-08-31 14:25:00;33113.00;0.00
2026-08-31 14:30:00;33112.00;0.40
2026-08-31 14:35:00;33111.00;0.20
2026-08-31 14:40:00;33111.00;0.20
2026-08-31 14:45:00;33111.00;0.20
2026-08-31 14:50:00;33113.00;0.20
2026-08-31 14:55:00;33112.00;0.20
2026-08-31 15:00:00;33112.00;0.00
2026-08-31 15:05:00;33112.00;0.20
2026-08-31 15:10:00;33109.00;0.20
2026-08-31 15:15:00;33108.00;0.40
2026-08-31 15:20:00;33110.00;0.20
2026-08-31 15:25:00;33110.00;0.20
2026-08-31 15:30:00;33111.00;0.20
2026-08-31 15:35:00;33111.00;0.20
2026-08-31 15:40:00;33110.00;0.20
2026-08-31 15:45:00;33109.00;0.40
2026-08-31 15:50:00;33109.00;0.20
2026-08-31 15:55:00;33111.00;0.20
2026-08-31 16:00:00;33112.00;0.00
2026-08-31 16:05:00;33110.00;0.20
2026-08-31 16:10:00;33110.00;0.00
2026-08-31 16:15:00;33110.00;0.20
2026-08-31 16:20:00;33109.00;0.20
2026-08-31 16:25:00;33109.00;0.00
2026-08-31 16:30:00;33110.00;0.20
2026-08-31 16:35:00;33110.00;0.20
2026-08-31 16:40:00;33112.00;0.00
2026-08-31 16:45:00;33112.00;0.00
2026-08-31 16:50:00;33112.00;0.00
2026-08-31 16:55:00;33113.00;0.20
2026-08-31 17:00:00;33112.00;0.00
2026-08-31 17:05:00;33112.00;0.00
2026-08-31 17:10:00;33112.00;0.00
2026-08-31 17:15:00;33113.00;0.00
2026-08-31 17:20:00;33112.00;0.00
2026-08-31 17:25:00;33113.00;0.00
2026-08-31 17:30:00;33113.00;0.00
2026-08-31 17:35:00;33113.00;0.00
2026-08-31 17:40:00;33112.00;0.00
2026-08-31 17:45:00;33113.00;0.00
2026-08-31 17:50:00;33113.00;0.00
2026-08-31 17:55:00;33113.00;0.00
2026-08-31 18:00:00;33112.00;0.00
2026-08-31 18:05:00;33112.00;0.00
2026-08-31 18:10:00;33112.00;0.00
2026-08-31 18:15:00;33113.00;0.00
2026-08-31 18:20:00;33112.00;0.00
2026-08-31 18:25:00;33113.00;0.00
2026-08-31 18:30:00;33112.00;0.00
2026-08-31 18:35:00;33113.00;0.00
2026-08-31 18:40:00;33112.00;0.00
2026-08-31 18:45:00;33113.00;0.00
2026-08-31 18:50:00;33112.00;0.00
2026-08-31 18:55:00;33113.00;0.00
2026-08-31 19:00:00;;0.00
2026-08-31 19:05:00;33113.00;0.00
2026-08-31 19:10:00;33113.00;0.00
2026-08-31 19:15:00;33113.00;0.00
2026-08-31 19:20:00;33113.00;0.00
2026-08-31 19:25:00;33112.00;0.00
2026-08-31 19:30:00;33113.00;0.00
2026-08-31 19:35:00;33112.00;0.00
2026-08-31 19:40:00;33113.00;0.00
2026-08-31 19:45:00;33113.00;0.00
2026-08-31 19:50:00;33112.00;0.00
2026-08-31 19:55:00;33113.00;0.00
2026-08-31 20:00:00;33113.00;0.00
2026-08-31 20:05:00;33113.00;0.00
2026-08-31 20:10:00;33113.00;0.00
2026-08-31 20:15:00;33113.00;0.00
2026-08-31 20:20:00;33113.00;0.00
2026-08-31 20:25:00;33113.00;0.00
2026-08-31 20:30:00;33113.00;0.00
2026-08-31 20:35:00;33113.00;0.00
2026-08-31 20:40:00;33113.00;0.00
2026-08-31 20:45:00;33113.00;0.00
2026-08-31 20:50:00;33113.00;0.00
2026-08-31 20:55:00;33113.00;0.00
2026-08-31 21:00:00;33113.00;0.00
2026-08-31 21:05:00;33113.00;0.00
2026-08-31 21:10:00;33113.00;0.00
2026-08-31 21:15:00;33113.00;0.00
2026-08-31 21:20:00;33113.00;0.00
2026-08-31 21:25:00;33113.00;0.00
2026-08-31 21:30:00;33113.00;0.00
2026-08-31 21:35:00;33113.00;0.00
2026-08-31 21:40:00;33113.00;0.00
2026-08-31 21:45:00;33113.00;0.00
2026-08-31 21:50:00;33113.00;0.00
2026-08-31 21:55:00;33113.00;0.00
2026-08-31 22:00:00;33113.00;0.00
2026-08-31 22:05:00;33113.00;0.00
2026-08-31 22:10:00;33113.00;0.00
2026-08-31 22:15:00;33113.00;0.00
2026-08-31 22:20:00;33113.00;0.00
2026-08-31 22:25:00;33113.00;0.00
2026-08-31 22:30:00;33113.00;0.00
2026-08-31 22:35:00;33113.00;0.00
2026-08-31 22:40:00;33113.00;0.00
2026-08-31 22:45:00;33113.00;0.00
2026-08-31 22:50:00;33113.00;0.00
2026-08-31 22:55:00;33113.00;0.00
2026-08-31 23:00:00;33113.00;0.00
2026-08-31 23:05:00;33112.00;0.00
2026-08-31 23:10:00;33112.00;0.00
2026-08-31 23:15:00;33112.00;0.00
2026-08-31 23:20:00;33112.00;0.00
2026-08-31 23:25:00;33112.00;0.00
2026-08-31 23:30:00;33113.00;0.00
2026-08-31 23:35:00;33112.00;0.00
2026-08-31 23:40:00;33113.00;0.00
2026-08-31 23:45:00;33112.00;0.00
2026-08-31 23:50:00;33113.00;0.00
2026-08-31 23:55:00;33112.00;0.00
