setor,pop,sigilo_pop,dom,sigilo_dom,mulheres,sigilo_mulheres,c0_4,sigilo_c0_4,c5_9,sigilo_c5_9,i60_69,sigilo_i60_69,i70m,sigilo_i70m,indigenas,sigilo_indigenas,pretos_pardos,sigilo_pretos_pardos,dom_ocupados,sigilo_dom_ocupados,dom_agua,sigilo_dom_agua,dom_esgoto,sigilo_dom_esgoto,renda_resp,sigilo_renda_resp,n_resp,sigilo_n_resp,na_bacia
430005905000002,145,False,52,False,73,False,9,False,7,False,20,False,18,False,0,False,,True,47,False,0,False,0,False,10910.0,False,47,False,0
430005905000003,298,False,130,False,147,False,10,False,13,False,44,False,40,False,,True,35,False,106,False,0,False,0,False,4606.35,False,106,False,0
430005905000004,20,False,13,False,8,False,,True,0,False,9,False,0,False,0,False,0,False,10,False,0,False,0,False,3035.33,False,10,False,0
430005905000006,292,False,72,False,154,False,37,False,23,False,11,False,,True,289,False,,True,71,False,0,False,0,False,1389.7,False,71,False,0
430005905000007,170,False,65,False,84,False,,True,15,False,20,False,23,False,0,False,,True,59,False,0,False,0,False,4933.02,False,59,False,0
430005905000008,57,False,24,False,27,False,,True,,True,,True,8,False,0,False,0,False,19,False,0,False,0,False,18175.37,False,19,False,0
430005905000009,179,False,82,False,87,False,8,False,8,False,31,False,17,False,0,False,23,False,67,False,0,False,0,False,8467.69,False,67,False,0
430005905000010,958,False,410,False,507,False,68,False,58,False,101,False,81,False,53,False,115,False,364,False,340,False,31,False,2641.43,False,364,False,0
430005905000011,745,False,300,False,384,False,49,False,62,False,78,False,68,False,8,False,104,False,273,False,268,False,14,False,3248.12,False,273,False,0
430005905000012,34,False,13,False,18,False,,True,,True,,True,6,False,17,False,0,False,12,False,0,False,0,False,1981.0,False,12,False,0
430005905000013,46,False,18,False,24,False,4,False,,True,,True,,True,0,False,,True,15,False,0,False,0,False,11464.0,False,15,False,0
430005915000001,51,False,28,False,23,False,,True,,True,12,False,6,False,0,False,9,False,22,False,0,False,0,False,2010.91,False,22,False,0
430005915000002,286,False,127,False,139,False,15,False,19,False,34,False,32,False,0,False,53,False,103,False,0,False,0,False,5527.76,False,103,False,0
430005925000001,33,False,15,False,18,False,,True,,True,,True,,True,0,False,,True,13,False,,True,0,False,4300.0,False,13,False,0
430005925000002,260,False,121,False,128,False,13,False,13,False,35,False,24,False,0,False,,True,91,False,,True,0,False,2839.33,False,91,False,0
430005928000001,10,False,4,False,,True,,True,,True,,True,,True,,True,,True,,True,,True,,True,,True,,True,0
430005928000002,151,False,54,False,76,False,7,False,,True,26,False,16,False,,True,0,False,51,False,0,False,0,False,5448.78,False,51,False,0
430005928000004,18,False,12,False,10,False,,True,,True,,True,0,False,0,False,,True,5,False,0,False,0,False,2220.0,False,5,False,0
430005928000005,128,False,47,False,53,False,7,False,12,False,15,False,8,False,,True,9,False,41,False,0,False,0,False,4197.3,False,41,False,0
430005928000006,31,False,9,False,19,False,,True,,True,,True,0,False,28,False,0,False,9,False,0,False,0,False,1422.22,False,9,False,0
430066105000003,358,False,215,False,156,False,22,False,21,False,45,False,31,False,0,False,118,False,138,False,73,False,,True,3978.89,False,138,False,1
430066105000004,206,False,178,False,90,False,,True,7,False,41,False,33,False,,True,70,False,84,False,59,False,,True,2508.41,False,84,False,1
430066105000005,571,False,251,False,296,False,29,False,39,False,68,False,66,False,5,False,136,False,215,False,215,False,48,False,2674.29,False,215,False,1
430070305000001,818,False,342,False,440,False,45,False,50,False,81,False,66,False,0,False,87,False,305,False,305,False,,True,2810.28,False,305,False,1
430070305000002,569,False,278,False,303,False,26,False,26,False,49,False,82,False,0,False,35,False,244,False,243,False,56,False,3187.79,False,244,False,1
430070305000003,343,False,128,False,156,False,21,False,20,False,53,False,50,False,0,False,,True,106,False,69,False,0,False,5165.43,False,106,False,1
430070305000004,335,False,174,False,160,False,13,False,,True,54,False,46,False,0,False,19,False,111,False,86,False,0,False,4784.04,False,111,False,1
430070305000005,144,False,96,False,63,False,,True,0,False,38,False,25,False,0,False,8,False,55,False,43,False,0,False,7599.85,False,55,False,1
430070305000006,311,False,156,False,146,False,15,False,9,False,42,False,45,False,0,False,5,False,106,False,60,False,0,False,7508.55,False,106,False,1
430070305000007,213,False,110,False,109,False,12,False,9,False,28,False,47,False,0,False,7,False,89,False,89,False,8,False,2510.28,False,89,False,1
430070305000008,538,False,248,False,255,False,19,False,29,False,84,False,68,False,0,False,,True,203,False,180,False,13,False,5823.71,False,203,False,1
430070305000009,283,False,149,False,133,False,11,False,10,False,54,False,39,False,0,False,18,False,107,False,106,False,,True,1965.73,False,107,False,1
430070305000010,56,False,33,False,26,False,,True,,True,,True,8,False,0,False,3,False,20,False,7,False,0,False,2131.6,False,20,False,1
430070305000011,325,False,139,False,158,False,14,False,22,False,48,False,61,False,,True,22,False,120,False,98,False,,True,6612.58,False,120,False,1
430070305000012,361,False,159,False,173,False,18,False,24,False,67,False,38,False,0,False,29,False,122,False,66,False,,True,5829.51,False,122,False,1
430070305000013,553,False,237,False,292,False,26,False,28,False,70,False,65,False,0,False,44,False,221,False,221,False,0,False,2572.8,False,221,False,1
430070305000014,676,False,317,False,356,False,33,False,30,False,100,False,94,False,0,False,25,False,270,False,270,False,99,False,2977.78,False,270,False,1
430070310000001,87,False,44,False,41,False,3,False,,True,22,False,13,False,0,False,5,False,40,False,40,False,0,False,4016.4,False,40,False,1
430070310000002,345,False,149,False,164,False,14,False,16,False,62,False,51,False,0,False,6,False,116,False,87,False,0,False,5774.66,False,116,False,1
430080205000005,591,False,296,False,323,False,28,False,22,False,74,False,94,False,0,False,46,False,247,False,247,False,83,False,3595.79,False,247,False,1
430080205000010,21,False,10,False,14,False,3,False,,True,,True,,True,0,False,0,False,8,False,8,False,7,False,2865.5,False,8,False,1
430080205000012,66,False,26,False,35,False,,True,,True,,True,,True,0,False,0,False,25,False,25,False,7,False,4735.32,False,25,False,1
430080205000014,148,False,65,False,80,False,10,False,10,False,25,False,16,False,4,False,26,False,59,False,53,False,8,False,2718.05,False,59,False,1
430080205000016,4,False,3,False,,True,,True,,True,,True,,True,,True,,True,,True,,True,,True,,True,,True,1
430080205000020,91,False,56,False,43,False,,True,,True,16,False,12,False,0,False,,True,38,False,0,False,0,False,2828.74,False,38,False,1
430080205000022,6,False,3,False,,True,,True,,True,,True,,True,,True,,True,,True,,True,,True,,True,,True,1
430080205000023,121,False,99,False,61,False,7,False,,True,25,False,16,False,0,False,,True,47,False,3,False,0,False,2196.68,False,47,False,1
430080205000024,548,False,280,False,251,False,24,False,24,False,78,False,71,False,0,False,43,False,183,False,101,False,0,False,3492.08,False,183,False,1
430080205000027,134,False,62,False,60,False,,True,,True,21,False,16,False,0,False,,True,44,False,0,False,0,False,3870.45,False,44,False,1
430080205000029,68,False,35,False,37,False,,True,3,False,8,False,14,False,0,False,,True,20,False,4,False,0,False,5311.2,False,20,False,1
430080205000031,585,False,276,False,309,False,45,False,38,False,61,False,47,False,0,False,130,False,225,False,225,False,213,False,2992.1,False,225,False,1
430080205000032,23,False,7,False,10,False,0,False,,True,,True,,True,0,False,,True,6,False,4,False,3,False,1522.67,False,6,False,1
430080205000035,16,False,7,False,8,False,0,False,,True,,True,0,False,0,False,,True,6,False,3,False,,True,1682.0,False,6,False,1
430080205000036,68,False,32,False,30,False,,True,,True,,True,,True,0,False,,True,28,False,28,False,12,False,2533.26,False,28,False,1
430080205000042,10,False,2,False,,True,,True,,True,,True,,True,,True,,True,,True,,True,,True,,True,,True,1
430080205000043,471,False,303,False,251,False,9,False,19,False,57,False,69,False,0,False,29,False,221,False,221,False,125,False,4164.51,False,221,False,1
430080205000044,220,False,147,False,121,False,,True,9,False,42,False,49,False,0,False,24,False,107,False,102,False,72,False,4471.59,False,107,False,1
430080205000045,687,False,306,False,357,False,34,False,29,False,107,False,88,False,,True,132,False,276,False,276,False,165,False,2940.45,False,276,False,1
430080205000046,166,False,71,False,88,False,7,False,8,False,16,False,29,False,0,False,25,False,65,False,63,False,24,False,2515.42,False,65,False,1
430080205000047,115,False,46,False,54,False,9,False,,True,,True,,True,0,False,14,False,43,False,31,False,14,False,2223.38,False,43,False,1
430080205000048,93,False,31,False,50,False,,True,15,False,,True,,True,0,False,61,False,27,False,27,False,,True,2091.85,False,27,False,1
430080205000049,1165,False,447,False,582,False,64,False,76,False,145,False,76,False,,True,326,False,423,False,421,False,411,False,2389.13,False,423,False,1
430080205000050,384,False,149,False,193,False,24,False,28,False,42,False,21,False,0,False,138,False,136,False,134,False,125,False,1932.96,False,136,False,1
430080205000051,516,False,268,False,275,False,26,False,15,False,56,False,61,False,0,False,49,False,222,False,220,False,216,False,3382.09,False,222,False,1
430080205000052,151,False,77,False,78,False,6,False,5,False,24,False,19,False,0,False,11,False,59,False,59,False,23,False,3403.04,False,59,False,1
430080205000053,203,False,91,False,95,False,,True,11,False,24,False,25,False,0,False,24,False,85,False,79,False,12,False,2868.83,False,85,False,1
430080205000054,142,False,60,False,73,False,6,False,8,False,23,False,35,False,0,False,,True,58,False,58,False,20,False,2879.39,False,58,False,1
430080205000056,521,False,237,False,264,False,28,False,27,False,63,False,58,False,0,False,38,False,209,False,203,False,45,False,3027.98,False,209,False,1
430080205000057,416,False,185,False,214,False,17,False,16,False,60,False,53,False,0,False,36,False,178,False,177,False,153,False,3113.73,False,178,False,1
430080205000058,125,False,62,False,70,False,7,False,,True,15,False,17,False,0,False,24,False,56,False,56,False,47,False,3566.89,False,56,False,1
430080205000059,74,False,36,False,37,False,,True,,True,16,False,9,False,0,False,,True,32,False,32,False,21,False,3416.45,False,32,False,1
430080205000060,505,False,204,False,275,False,23,False,26,False,55,False,79,False,0,False,62,False,190,False,187,False,131,False,4583.59,False,190,False,1
430080205000061,218,False,88,False,115,False,15,False,12,False,18,False,,True,0,False,27,False,81,False,81,False,76,False,3243.88,False,81,False,1
430080205000062,504,False,220,False,260,False,24,False,31,False,43,False,29,False,0,False,,True,190,False,189,False,46,False,4031.33,False,190,False,1
430080205000063,130,False,72,False,64,False,,True,,True,29,False,20,False,0,False,,True,58,False,58,False,26,False,2874.59,False,58,False,1
430080205000064,165,False,76,False,87,False,9,False,,True,29,False,18,False,0,False,13,False,70,False,70,False,37,False,3607.21,False,70,False,1
430080205000065,99,False,36,False,48,False,,True,,True,10,False,,True,0,False,65,False,31,False,31,False,31,False,1489.9,False,31,False,1
430080205000068,49,False,23,False,22,False,,True,,True,,True,,True,0,False,20,False,17,False,9,False,,True,1590.25,False,17,False,1
430080205000069,645,False,283,False,329,False,26,False,33,False,74,False,54,False,0,False,193,False,241,False,241,False,121,False,2088.61,False,241,False,1
430080205000070,358,False,167,False,174,False,26,False,19,False,39,False,37,False,0,False,94,False,121,False,41,False,3,False,2831.19,False,121,False,1
430080205000071,199,False,77,False,110,False,,True,15,False,23,False,18,False,0,False,18,False,67,False,58,False,27,False,3784.15,False,67,False,1
430080205000072,0,False,0,False,0,False,0,False,0,False,0,False,0,False,0,False,0,False,0,False,0,False,0,False,0.0,False,0,False,1
430080205000073,342,False,176,False,170,False,16,False,21,False,41,False,65,False,0,False,38,False,126,False,0,False,,True,3071.33,False,126,False,1
430080207000001,195,False,107,False,94,False,,True,10,False,39,False,37,False,0,False,,True,67,False,13,False,0,False,3281.61,False,67,False,1
430080207000002,452,False,198,False,212,False,19,False,24,False,77,False,76,False,,True,31,False,165,False,4,False,0,False,2993.32,False,165,False,1
430080207000003,277,False,163,False,127,False,10,False,13,False,42,False,30,False,0,False,35,False,105,False,0,False,0,False,2902.75,False,105,False,1
430080230000001,34,False,19,False,16,False,0,False,,True,,True,,True,0,False,3,False,12,False,12,False,9,False,2670.91,False,12,False,1
430080230000002,18,False,12,False,10,False,0,False,0,False,,True,8,False,0,False,0,False,9,False,9,False,7,False,3477.78,False,9,False,1
430080230000003,33,False,19,False,14,False,0,False,0,False,0,False,10,False,0,False,,True,13,False,13,False,,True,2006.5,False,13,False,1
430080230000004,172,False,100,False,87,False,11,False,8,False,44,False,26,False,0,False,5,False,63,False,11,False,0,False,2691.23,False,63,False,1
430080230000005,95,False,53,False,50,False,,True,,True,12,False,15,False,0,False,,True,33,False,10,False,0,False,2210.76,False,33,False,1
430080230000006,58,False,31,False,28,False,,True,,True,9,False,7,False,0,False,0,False,21,False,5,False,0,False,2739.6,False,21,False,1
430080230000007,91,False,38,False,38,False,0,False,,True,15,False,21,False,0,False,,True,29,False,,True,0,False,3553.57,False,29,False,1
430080230000008,147,False,73,False,67,False,4,False,,True,18,False,25,False,0,False,,True,51,False,,True,0,False,3675.0,False,51,False,1
430080230000009,109,False,48,False,48,False,,True,,True,18,False,28,False,0,False,,True,36,False,0,False,0,False,2586.18,False,36,False,1
430080230000010,128,False,83,False,61,False,,True,10,False,22,False,25,False,0,False,10,False,44,False,26,False,0,False,6327.27,False,44,False,1
430080230000011,73,False,38,False,32,False,,True,,True,11,False,13,False,0,False,,True,28,False,0,False,0,False,2817.86,False,28,False,1
430100805000001,485,False,265,False,264,False,15,False,21,False,69,False,57,False,,True,30,False,212,False,212,False,30,False,4441.46,False,212,False,1
430100805000002,342,False,169,False,176,False,14,False,12,False,56,False,44,False,0,False,36,False,141,False,140,False,0,False,3280.79,False,141,False,1
430100805000003,268,False,138,False,142,False,14,False,9,False,54,False,35,False,0,False,25,False,105,False,105,False,,True,3621.93,False,105,False,1
430100805000004,465,False,218,False,243,False,24,False,25,False,41,False,62,False,0,False,58,False,188,False,188,False,0,False,2984.85,False,188,False,1
430100805000005,404,False,170,False,203,False,31,False,28,False,47,False,45,False,0,False,72,False,149,False,149,False,0,False,2237.74,False,149,False,1
430100805000006,590,False,256,False,290,False,30,False,43,False,65,False,54,False,0,False,212,False,220,False,220,False,,True,2102.37,False,220,False,1
430100805000007,482,False,191,False,241,False,27,False,26,False,59,False,35,False,,True,137,False,172,False,172,False,0,False,2257.74,False,172,False,1
430100805000008,383,False,171,False,184,False,19,False,23,False,50,False,37,False,0,False,33,False,145,False,143,False,,True,2882.6,False,145,False,1
430100805000009,712,False,329,False,361,False,58,False,38,False,52,False,40,False,0,False,98,False,288,False,286,False,0,False,2259.71,False,288,False,1
430100805000010,402,False,181,False,191,False,17,False,23,False,52,False,41,False,,True,50,False,155,False,154,False,0,False,2467.01,False,155,False,1
430100805000011,916,False,390,False,480,False,39,False,60,False,110,False,80,False,0,False,99,False,345,False,344,False,0,False,3382.75,False,345,False,1
430100805000013,1015,False,408,False,526,False,60,False,73,False,116,False,57,False,0,False,67,False,367,False,367,False,0,False,2707.28,False,367,False,1
430100805000014,172,False,81,False,85,False,15,False,12,False,4,False,11,False,0,False,33,False,67,False,41,False,0,False,2944.4,False,67,False,1
430100805000015,666,False,284,False,328,False,52,False,42,False,53,False,31,False,0,False,120,False,263,False,167,False,,True,3188.18,False,263,False,1
430100805000017,452,False,203,False,226,False,22,False,24,False,85,False,40,False,0,False,95,False,187,False,187,False,0,False,2060.15,False,187,False,1
430100805000018,515,False,227,False,263,False,28,False,31,False,60,False,46,False,0,False,86,False,201,False,201,False,0,False,2610.31,False,201,False,1
430100805000019,818,False,343,False,397,False,40,False,46,False,93,False,65,False,0,False,125,False,312,False,312,False,14,False,3009.25,False,312,False,1
430100805000021,470,False,200,False,226,False,21,False,27,False,71,False,59,False,0,False,21,False,178,False,166,False,0,False,3225.57,False,178,False,1
430100805000023,358,False,169,False,171,False,19,False,15,False,50,False,36,False,0,False,21,False,137,False,127,False,0,False,2269.92,False,137,False,1
430100805000024,107,False,55,False,53,False,7,False,,True,14,False,13,False,0,False,8,False,43,False,,True,0,False,2302.79,False,43,False,1
430100805000025,456,False,205,False,223,False,25,False,25,False,55,False,64,False,0,False,25,False,167,False,6,False,0,False,2790.49,False,167,False,1
430100805000026,292,False,147,False,165,False,7,False,14,False,52,False,68,False,0,False,14,False,115,False,115,False,5,False,6185.85,False,115,False,1
430100805000027,253,False,131,False,143,False,,True,12,False,40,False,38,False,,True,37,False,107,False,107,False,3,False,4025.3,False,107,False,1
430100805000028,888,False,358,False,459,False,56,False,63,False,77,False,68,False,0,False,83,False,318,False,316,False,3,False,3128.32,False,318,False,1
430100805000029,572,False,275,False,306,False,33,False,37,False,61,False,50,False,0,False,69,False,223,False,223,False,0,False,2762.7,False,223,False,1
430100805000030,628,False,244,False,328,False,36,False,43,False,66,False,53,False,0,False,95,False,233,False,233,False,0,False,3184.83,False,233,False,1
430100805000031,775,False,332,False,385,False,66,False,55,False,47,False,38,False,,True,127,False,285,False,245,False,14,False,2348.12,False,285,False,1
430100805000032,299,False,128,False,150,False,31,False,14,False,14,False,,True,0,False,32,False,121,False,119,False,0,False,2842.69,False,121,False,1
430100805000034,204,False,92,False,108,False,24,False,16,False,8,False,,True,0,False,35,False,81,False,81,False,7,False,2545.37,False,81,False,1
430100805000036,130,False,59,False,66,False,15,False,13,False,,True,,True,0,False,,True,48,False,48,False,,True,3162.81,False,48,False,1
430100805000038,601,False,233,False,308,False,51,False,38,False,37,False,24,False,0,False,50,False,222,False,222,False,0,False,3784.98,False,222,False,1
430100805000040,598,False,272,False,289,False,26,False,26,False,86,False,80,False,0,False,17,False,223,False,209,False,0,False,2493.68,False,223,False,1
430100805000041,719,False,282,False,363,False,30,False,58,False,68,False,38,False,0,False,143,False,255,False,246,False,,True,2419.29,False,255,False,1
430100805000042,292,False,126,False,134,False,21,False,22,False,28,False,7,False,0,False,17,False,111,False,109,False,0,False,3038.98,False,111,False,1
430100805000043,788,False,339,False,395,False,44,False,61,False,78,False,61,False,0,False,97,False,308,False,305,False,0,False,2622.93,False,308,False,1
430100805000044,653,False,284,False,355,False,47,False,48,False,40,False,38,False,0,False,69,False,249,False,196,False,3,False,2722.73,False,249,False,1
430100805000045,1129,False,464,False,568,False,96,False,86,False,95,False,71,False,0,False,159,False,415,False,364,False,,True,3350.64,False,415,False,1
430100805000046,172,False,72,False,85,False,13,False,11,False,8,False,21,False,0,False,6,False,64,False,61,False,,True,3638.14,False,64,False,1
430100816000001,280,False,128,False,143,False,10,False,,True,50,False,44,False,0,False,8,False,107,False,107,False,0,False,2747.48,False,107,False,1
430100816000002,508,False,259,False,245,False,23,False,21,False,102,False,66,False,0,False,,True,200,False,196,False,0,False,2791.69,False,200,False,1
430100816000003,163,False,99,False,77,False,,True,10,False,24,False,28,False,0,False,,True,58,False,47,False,0,False,4026.86,False,58,False,1
430100818000003,228,False,137,False,105,False,14,False,10,False,38,False,30,False,0,False,14,False,96,False,76,False,0,False,2201.18,False,96,False,1
430100818000005,81,False,46,False,39,False,,True,,True,17,False,10,False,0,False,,True,35,False,35,False,0,False,1837.37,False,35,False,1
430100818000006,0,False,0,False,0,False,0,False,0,False,0,False,0,False,0,False,0,False,0,False,0,False,0,False,0.0,False,0,False,1
430100818000007,46,False,20,False,21,False,,True,4,False,,True,,True,0,False,27,False,16,False,16,False,0,False,1569.94,False,16,False,1
430100818000008,130,False,88,False,58,False,,True,,True,17,False,26,False,0,False,,True,51,False,,True,0,False,2742.49,False,51,False,1
430100818000009,244,False,136,False,123,False,13,False,8,False,39,False,38,False,0,False,26,False,110,False,110,False,,True,2208.21,False,110,False,1
430100830000001,18,False,14,False,8,False,0,False,0,False,6,False,,True,0,False,5,False,8,False,8,False,0,False,1823.0,False,8,False,1
430100830000006,353,False,180,False,172,False,11,False,23,False,61,False,52,False,0,False,15,False,142,False,4,False,0,False,2064.44,False,142,False,1
430100830000007,436,False,193,False,219,False,21,False,13,False,53,False,68,False,0,False,14,False,164,False,92,False,0,False,3427.1,False,164,False,1
430140405000001,629,False,308,False,331,False,31,False,35,False,78,False,120,False,0,False,31,False,271,False,271,False,85,False,4109.13,False,271,False,1
430140405000002,481,False,243,False,262,False,27,False,19,False,68,False,72,False,0,False,37,False,210,False,210,False,72,False,3769.5,False,210,False,1
430140405000003,810,False,335,False,400,False,50,False,55,False,78,False,55,False,0,False,140,False,296,False,293,False,143,False,2397.98,False,296,False,1
430140405000004,437,False,187,False,231,False,35,False,22,False,43,False,38,False,0,False,,True,163,False,163,False,113,False,2812.83,False,163,False,1
430140405000005,670,False,268,False,342,False,43,False,49,False,58,False,70,False,0,False,119,False,250,False,250,False,139,False,2210.41,False,250,False,1
430140405000006,530,False,247,False,285,False,25,False,28,False,71,False,80,False,0,False,8,False,230,False,229,False,229,False,2995.18,False,230,False,1
430140405000008,345,False,178,False,144,False,8,False,17,False,50,False,56,False,0,False,,True,109,False,47,False,0,False,3985.48,False,109,False,1
430140405000010,241,False,92,False,115,False,13,False,6,False,41,False,25,False,0,False,33,False,76,False,8,False,0,False,1499.47,False,76,False,1
430140405000011,397,False,188,False,194,False,24,False,,True,58,False,45,False,0,False,50,False,150,False,50,False,0,False,1375.77,False,150,False,1
430140405000013,253,False,126,False,114,False,10,False,10,False,36,False,24,False,0,False,22,False,101,False,10,False,6,False,2927.77,False,101,False,1
430140405000014,101,False,42,False,62,False,10,False,7,False,5,False,,True,0,False,,True,36,False,36,False,31,False,1636.69,False,36,False,1
430140405000015,570,False,259,False,291,False,37,False,30,False,68,False,70,False,0,False,26,False,242,False,241,False,127,False,3977.81,False,242,False,1
430140405000016,738,False,313,False,376,False,40,False,37,False,90,False,73,False,0,False,61,False,288,False,284,False,163,False,2974.32,False,288,False,1
430140405000017,683,False,260,False,347,False,48,False,61,False,47,False,50,False,0,False,216,False,236,False,235,False,197,False,1574.11,False,236,False,1
430140405000018,539,False,236,False,279,False,28,False,30,False,53,False,70,False,0,False,73,False,206,False,206,False,130,False,2033.49,False,206,False,1
430140405000019,578,False,227,False,291,False,37,False,30,False,47,False,80,False,0,False,114,False,211,False,211,False,143,False,2757.07,False,211,False,1
430140405000023,5,False,2,False,,True,,True,,True,,True,,True,,True,,True,,True,,True,,True,,True,,True,1
430140405000024,24,False,11,False,12,False,,True,0,False,8,False,,True,0,False,3,False,9,False,,True,0,False,2415.11,False,9,False,1
430140405000025,342,False,156,False,166,False,16,False,16,False,47,False,34,False,0,False,13,False,116,False,61,False,0,False,2646.36,False,116,False,1
430140405000026,447,False,230,False,206,False,26,False,22,False,79,False,37,False,0,False,45,False,157,False,50,False,6,False,2370.56,False,157,False,1
430140405000027,330,False,133,False,170,False,23,False,18,False,45,False,27,False,0,False,45,False,117,False,60,False,0,False,3570.77,False,117,False,1
430140420000001,102,False,40,False,47,False,7,False,,True,12,False,11,False,0,False,4,False,37,False,7,False,0,False,2934.27,False,37,False,1
430140420000002,685,False,314,False,306,False,35,False,35,False,88,False,44,False,0,False,45,False,276,False,9,False,,True,1481.87,False,276,False,1
430140420000003,385,False,189,False,191,False,29,False,15,False,43,False,28,False,0,False,,True,142,False,64,False,4,False,2477.04,False,142,False,1
430165105000001,899,False,374,False,455,False,51,False,57,False,88,False,62,False,0,False,124,False,341,False,327,False,3,False,2876.25,False,341,False,1
430165105000005,256,False,148,False,128,False,12,False,,True,32,False,31,False,0,False,,True,98,False,51,False,0,False,3269.86,False,98,False,0
430165105000007,585,False,236,False,294,False,44,False,46,False,37,False,30,False,0,False,112,False,222,False,216,False,6,False,3477.0,False,222,False,1
430165105000008,3,False,2,False,,True,,True,,True,,True,,True,,True,,True,,True,,True,,True,,True,,True,1
430165105000012,51,False,28,False,24,False,,True,,True,,True,,True,0,False,3,False,22,False,19,False,0,False,2248.45,False,22,False,1
430165105000013,43,False,21,False,18,False,4,False,4,False,,True,,True,0,False,9,False,16,False,15,False,0,False,2922.4,False,16,False,0
430165105000014,492,False,233,False,252,False,20,False,31,False,64,False,49,False,0,False,,True,203,False,189,False,15,False,3209.38,False,203,False,0
430165105000015,50,False,19,False,24,False,,True,,True,,True,,True,0,False,6,False,18,False,18,False,,True,4136.11,False,18,False,1
430165105000016,167,False,103,False,75,False,,True,11,False,22,False,20,False,0,False,,True,64,False,41,False,0,False,2886.12,False,64,False,1
430165105000017,103,False,62,False,55,False,6,False,4,False,13,False,13,False,0,False,,True,37,False,19,False,0,False,3603.88,False,37,False,1
430165105000018,968,False,403,False,489,False,63,False,64,False,82,False,52,False,0,False,158,False,362,False,345,False,8,False,3259.93,False,362,False,1
430165110000001,139,False,64,False,69,False,,True,,True,18,False,41,False,0,False,4,False,58,False,55,False,0,False,2353.45,False,58,False,1
430165110000002,158,False,108,False,84,False,,True,10,False,33,False,19,False,0,False,,True,63,False,42,False,0,False,2655.2,False,63,False,1
430165110000003,358,False,212,False,177,False,16,False,12,False,54,False,64,False,0,False,,True,136,False,94,False,0,False,3488.73,False,136,False,1
430165110000006,40,False,22,False,24,False,,True,,True,,True,11,False,0,False,0,False,16,False,10,False,0,False,2366.13,False,16,False,1
430165125000001,279,False,110,False,132,False,13,False,10,False,24,False,18,False,0,False,10,False,97,False,83,False,,True,2591.56,False,97,False,0
430165125000002,273,False,112,False,134,False,18,False,18,False,41,False,24,False,0,False,7,False,98,False,80,False,0,False,2617.06,False,98,False,0
430165125000003,83,False,41,False,38,False,,True,,True,11,False,12,False,0,False,0,False,34,False,23,False,0,False,2832.24,False,34,False,0
430165125000004,6,False,5,False,,True,,True,,True,,True,,True,,True,,True,,True,,True,,True,,True,,True,0
430165125000007,54,False,22,False,25,False,,True,,True,,True,,True,0,False,0,False,18,False,14,False,0,False,2388.67,False,18,False,0
430165125000008,0,False,0,False,0,False,0,False,0,False,0,False,0,False,0,False,0,False,0,False,0,False,0,False,0.0,False,0,False,0
430165125000009,162,False,70,False,87,False,8,False,,True,13,False,,True,0,False,,True,61,False,54,False,0,False,2241.52,False,61,False,0
430165125000010,39,False,19,False,19,False,,True,,True,,True,,True,0,False,0,False,17,False,17,False,0,False,3250.94,False,17,False,0
430165127000001,139,False,73,False,67,False,,True,,True,16,False,19,False,0,False,,True,54,False,53,False,0,False,2369.91,False,54,False,0
430165127000002,219,False,116,False,108,False,15,False,8,False,27,False,33,False,,True,13,False,81,False,56,False,0,False,2390.14,False,81,False,0
430165127000003,185,False,82,False,80,False,17,False,14,False,22,False,17,False,0,False,,True,63,False,53,False,0,False,2111.93,False,63,False,0
430165127000006,274,False,104,False,131,False,29,False,22,False,10,False,9,False,0,False,14,False,89,False,76,False,0,False,3066.43,False,89,False,0
430165127000007,25,False,10,False,13,False,,True,,True,,True,,True,0,False,0,False,10,False,7,False,0,False,2314.8,False,10,False,0
430165127000008,9,False,5,False,,True,,True,,True,,True,,True,,True,,True,,True,,True,,True,,True,,True,0
430165130000001,16,False,9,False,5,False,,True,,True,,True,,True,0,False,0,False,5,False,5,False,0,False,3384.8,False,5,False,0
430165130000002,190,False,97,False,96,False,10,False,10,False,32,False,28,False,0,False,,True,67,False,42,False,0,False,2881.61,False,67,False,0
430165130000003,196,False,93,False,92,False,10,False,7,False,36,False,31,False,0,False,6,False,68,False,48,False,0,False,3627.21,False,68,False,0
430200605000001,795,False,372,False,428,False,46,False,39,False,108,False,55,False,0,False,161,False,333,False,276,False,198,False,2490.77,False,333,False,0
430200605000002,815,False,382,False,431,False,57,False,62,False,84,False,64,False,,True,173,False,317,False,273,False,154,False,1767.75,False,317,False,0
430200605000004,515,False,376,False,249,False,32,False,29,False,67,False,56,False,3,False,123,False,212,False,46,False,,True,2057.1,False,212,False,0
430200605000005,270,False,168,False,118,False,,True,19,False,42,False,24,False,0,False,122,False,112,False,0,False,0,False,1903.52,False,112,False,0
430200605000006,417,False,204,False,188,False,18,False,32,False,46,False,26,False,0,False,287,False,152,False,0,False,0,False,1372.71,False,152,False,1
430200605000007,394,False,264,False,187,False,21,False,21,False,63,False,44,False,0,False,40,False,168,False,3,False,0,False,1686.23,False,168,False,1
430200605000008,289,False,166,False,122,False,16,False,15,False,43,False,27,False,0,False,87,False,118,False,0,False,0,False,1844.53,False,118,False,1
430200605000009,379,False,212,False,178,False,23,False,14,False,52,False,40,False,,True,85,False,154,False,3,False,0,False,2343.87,False,154,False,1
430200605000010,428,False,229,False,203,False,32,False,17,False,53,False,41,False,0,False,80,False,170,False,21,False,0,False,2194.25,False,170,False,1
430200605000011,408,False,195,False,182,False,25,False,23,False,56,False,26,False,0,False,203,False,151,False,19,False,0,False,2220.41,False,151,False,1
430200605000012,393,False,198,False,186,False,19,False,21,False,59,False,29,False,0,False,176,False,154,False,17,False,0,False,2733.16,False,154,False,1
430200605000013,385,False,181,False,179,False,20,False,25,False,45,False,33,False,0,False,165,False,141,False,0,False,0,False,3053.28,False,141,False,1
430200605000014,567,False,297,False,255,False,33,False,27,False,57,False,48,False,0,False,133,False,223,False,,True,0,False,1846.7,False,223,False,0
430200605000015,432,False,238,False,203,False,21,False,23,False,62,False,35,False,,True,172,False,166,False,5,False,0,False,3889.15,False,166,False,0
430200605000016,302,False,206,False,137,False,12,False,11,False,42,False,36,False,0,False,80,False,128,False,0,False,0,False,1562.86,False,128,False,0
430200605000017,721,False,330,False,383,False,49,False,54,False,85,False,66,False,0,False,132,False,297,False,268,False,119,False,2394.58,False,297,False,1
430200605000018,676,False,328,False,371,False,42,False,41,False,80,False,73,False,0,False,149,False,268,False,239,False,99,False,2071.95,False,268,False,1
430200605000019,596,False,253,False,302,False,31,False,29,False,74,False,82,False,0,False,113,False,226,False,217,False,106,False,2788.88,False,226,False,1
430200605000020,514,False,228,False,271,False,39,False,37,False,74,False,57,False,0,False,29,False,205,False,197,False,144,False,2021.99,False,205,False,0
430210505000001,514,False,311,False,285,False,12,False,19,False,88,False,93,False,,True,55,False,256,False,256,False,64,False,6701.47,False,256,False,1
430210505000003,524,False,290,False,293,False,22,False,29,False,85,False,64,False,0,False,34,False,245,False,245,False,14,False,5572.93,False,245,False,1
430210505000005,302,False,187,False,165,False,,True,,True,49,False,63,False,0,False,23,False,142,False,142,False,17,False,4890.6,False,142,False,1
430210505000006,513,False,287,False,257,False,24,False,21,False,56,False,47,False,0,False,110,False,243,False,243,False,46,False,4344.47,False,243,False,1
430210505000007,518,False,294,False,284,False,29,False,27,False,60,False,68,False,,True,46,False,238,False,238,False,60,False,5345.72,False,238,False,1
430210505000010,636,False,331,False,358,False,26,False,29,False,58,False,56,False,0,False,83,False,298,False,298,False,65,False,4429.24,False,298,False,1
430210505000011,550,False,312,False,299,False,28,False,25,False,60,False,54,False,4,False,51,False,253,False,253,False,63,False,5207.51,False,253,False,1
430210505000012,649,False,319,False,351,False,24,False,26,False,100,False,80,False,0,False,125,False,269,False,269,False,166,False,3551.95,False,269,False,1
430210505000014,564,False,313,False,340,False,24,False,26,False,76,False,92,False,0,False,28,False,269,False,269,False,7,False,9698.88,False,269,False,1
430210505000016,563,False,304,False,310,False,15,False,21,False,94,False,97,False,,True,41,False,264,False,264,False,39,False,6217.32,False,264,False,1
430210505000018,648,False,315,False,352,False,31,False,31,False,83,False,88,False,0,False,62,False,276,False,276,False,274,False,4188.15,False,276,False,1
430210505000019,809,False,324,False,405,False,48,False,46,False,84,False,70,False,0,False,357,False,308,False,308,False,304,False,2077.64,False,308,False,1
430210505000020,738,False,345,False,380,False,41,False,37,False,64,False,88,False,0,False,108,False,311,False,311,False,309,False,5105.54,False,311,False,1
430210505000022,673,False,341,False,354,False,42,False,28,False,58,False,78,False,,True,114,False,283,False,280,False,107,False,3538.25,False,283,False,1
430210505000023,501,False,275,False,270,False,29,False,22,False,38,False,40,False,0,False,78,False,225,False,225,False,44,False,3562.73,False,225,False,1
430210505000024,246,False,109,False,122,False,19,False,14,False,19,False,18,False,0,False,115,False,92,False,92,False,85,False,1650.12,False,92,False,1
430210505000025,787,False,358,False,404,False,43,False,34,False,86,False,109,False,0,False,116,False,320,False,320,False,126,False,2847.3,False,320,False,1
430210505000026,768,False,317,False,394,False,38,False,35,False,97,False,99,False,0,False,129,False,279,False,277,False,56,False,3426.21,False,279,False,1
430210505000028,352,False,169,False,192,False,12,False,17,False,54,False,42,False,0,False,41,False,149,False,149,False,30,False,3400.5,False,149,False,1
430210505000029,744,False,322,False,387,False,22,False,53,False,82,False,67,False,6,False,170,False,281,False,280,False,105,False,2660.04,False,281,False,1
430210505000031,917,False,413,False,490,False,57,False,69,False,68,False,32,False,0,False,269,False,359,False,358,False,208,False,2739.77,False,359,False,1
430210505000032,538,False,254,False,281,False,24,False,23,False,79,False,61,False,3,False,118,False,229,False,229,False,63,False,2778.72,False,229,False,1
430210505000033,383,False,156,False,196,False,17,False,12,False,76,False,36,False,,True,,True,143,False,143,False,13,False,4099.33,False,143,False,1
430210505000034,433,False,183,False,213,False,20,False,24,False,43,False,43,False,0,False,107,False,167,False,167,False,57,False,3391.83,False,167,False,1
430210505000035,500,False,218,False,270,False,16,False,34,False,74,False,71,False,0,False,84,False,198,False,198,False,135,False,2319.34,False,198,False,1
430210505000037,610,False,262,False,337,False,,True,24,False,99,False,175,False,0,False,44,False,217,False,217,False,59,False,6392.12,False,217,False,1
430210505000040,842,False,391,False,435,False,43,False,55,False,100,False,106,False,0,False,82,False,325,False,324,False,66,False,6133.39,False,325,False,1
430210505000041,436,False,170,False,228,False,22,False,38,False,45,False,28,False,0,False,85,False,162,False,162,False,112,False,2200.45,False,162,False,1
430210505000042,522,False,210,False,270,False,13,False,24,False,78,False,41,False,0,False,67,False,198,False,198,False,56,False,3118.26,False,198,False,1
430210505000043,810,False,316,False,395,False,34,False,35,False,120,False,77,False,0,False,111,False,298,False,298,False,91,False,3048.97,False,298,False,1
430210505000044,313,False,123,False,162,False,12,False,18,False,46,False,30,False,0,False,30,False,118,False,117,False,17,False,2755.57,False,118,False,1
430210505000045,577,False,234,False,295,False,25,False,28,False,68,False,40,False,0,False,104,False,222,False,222,False,116,False,2655.06,False,222,False,1
430210505000046,774,False,289,False,398,False,34,False,49,False,122,False,81,False,0,False,66,False,277,False,265,False,51,False,4770.17,False,277,False,1
430210505000049,489,False,232,False,271,False,18,False,27,False,61,False,62,False,0,False,47,False,214,False,213,False,16,False,4179.73,False,214,False,1
430210505000050,402,False,186,False,221,False,16,False,23,False,48,False,49,False,0,False,44,False,157,False,156,False,138,False,3121.88,False,157,False,1
430210505000051,538,False,255,False,274,False,27,False,29,False,68,False,70,False,0,False,59,False,229,False,228,False,89,False,4468.53,False,229,False,1
430210505000052,544,False,242,False,286,False,26,False,40,False,78,False,77,False,0,False,50,False,224,False,224,False,73,False,15602.22,False,224,False,1
430210505000054,701,False,282,False,377,False,33,False,42,False,89,False,100,False,0,False,68,False,265,False,262,False,41,False,5749.4,False,265,False,1
430210505000055,835,False,319,False,402,False,58,False,75,False,45,False,31,False,0,False,386,False,292,False,292,False,291,False,2023.94,False,292,False,1
430210505000056,207,False,89,False,111,False,10,False,14,False,39,False,18,False,0,False,23,False,82,False,82,False,41,False,2531.73,False,82,False,1
430210505000057,647,False,268,False,319,False,47,False,58,False,43,False,20,False,0,False,255,False,238,False,238,False,235,False,2063.85,False,238,False,1
430210505000058,348,False,149,False,164,False,28,False,21,False,36,False,21,False,0,False,144,False,131,False,129,False,91,False,2240.0,False,131,False,1
430210505000061,527,False,239,False,281,False,27,False,27,False,59,False,78,False,,True,91,False,209,False,207,False,104,False,2942.1,False,209,False,1
430210505000063,763,False,319,False,385,False,54,False,44,False,76,False,49,False,0,False,158,False,286,False,286,False,169,False,3425.2,False,286,False,1
430210505000064,770,False,353,False,412,False,40,False,42,False,70,False,30,False,0,False,162,False,330,False,329,False,62,False,3206.19,False,330,False,1
430210505000065,708,False,293,False,373,False,36,False,47,False,75,False,57,False,0,False,108,False,279,False,279,False,124,False,4337.95,False,279,False,1
430210505000068,630,False,266,False,296,False,38,False,51,False,50,False,27,False,0,False,203,False,241,False,241,False,188,False,2428.0,False,241,False,1
430210505000069,752,False,295,False,362,False,46,False,60,False,51,False,24,False,0,False,200,False,275,False,274,False,139,False,2582.37,False,275,False,1
430210505000071,516,False,218,False,270,False,29,False,41,False,41,False,20,False,0,False,120,False,207,False,207,False,4,False,2973.0,False,207,False,1
430210505000072,454,False,170,False,235,False,25,False,33,False,52,False,23,False,,True,108,False,165,False,165,False,152,False,2529.67,False,165,False,1
430210505000073,653,False,287,False,348,False,39,False,37,False,71,False,50,False,0,False,153,False,251,False,251,False,130,False,2525.96,False,251,False,1
430210505000074,511,False,206,False,260,False,45,False,48,False,21,False,9,False,0,False,168,False,179,False,176,False,165,False,2025.6,False,179,False,1
430210505000075,510,False,208,False,260,False,38,False,37,False,35,False,20,False,0,False,196,False,191,False,191,False,133,False,2132.59,False,191,False,1
430210505000077,715,False,300,False,360,False,36,False,48,False,91,False,65,False,0,False,134,False,268,False,268,False,55,False,3697.83,False,268,False,1
430210505000079,260,False,99,False,131,False,24,False,21,False,10,False,,True,0,False,93,False,89,False,88,False,89,False,1823.97,False,89,False,1
430210505000080,281,False,106,False,147,False,24,False,25,False,18,False,13,False,0,False,108,False,96,False,96,False,83,False,1960.54,False,96,False,1
430210505000081,724,False,322,False,383,False,49,False,52,False,78,False,68,False,0,False,201,False,277,False,277,False,144,False,2417.31,False,277,False,1
430210505000085,636,False,339,False,363,False,23,False,39,False,73,False,79,False,0,False,73,False,289,False,289,False,87,False,5158.42,False,289,False,1
430210505000087,564,False,232,False,285,False,30,False,31,False,63,False,30,False,0,False,122,False,210,False,206,False,94,False,2963.97,False,210,False,1
430210505000088,449,False,177,False,223,False,28,False,32,False,60,False,25,False,,True,86,False,159,False,159,False,113,False,2915.41,False,159,False,1
430210505000089,605,False,233,False,314,False,39,False,39,False,49,False,22,False,0,False,165,False,226,False,226,False,176,False,2471.43,False,226,False,1
430210505000090,851,False,359,False,424,False,44,False,48,False,110,False,61,False,0,False,92,False,320,False,320,False,9,False,5307.23,False,320,False,1
430210505000091,352,False,151,False,197,False,10,False,21,False,44,False,58,False,0,False,,True,138,False,138,False,31,False,3631.27,False,138,False,1
430210505000092,247,False,104,False,130,False,,True,,True,47,False,21,False,0,False,,True,98,False,98,False,14,False,2798.7,False,98,False,1
430210505000095,732,False,292,False,353,False,47,False,36,False,53,False,37,False,0,False,190,False,269,False,269,False,154,False,2818.43,False,269,False,1
430210505000096,427,False,170,False,215,False,17,False,24,False,58,False,38,False,0,False,66,False,153,False,145,False,3,False,3340.07,False,153,False,1
430210505000103,617,False,314,False,326,False,25,False,36,False,63,False,88,False,0,False,25,False,262,False,262,False,13,False,10179.6,False,262,False,1
430210505000104,676,False,348,False,372,False,30,False,40,False,82,False,71,False,0,False,64,False,304,False,304,False,52,False,5377.5,False,304,False,1
430210505000106,440,False,202,False,233,False,32,False,33,False,29,False,44,False,0,False,67,False,176,False,175,False,41,False,5248.93,False,176,False,1
430210505000107,547,False,272,False,287,False,32,False,38,False,73,False,70,False,0,False,,True,231,False,231,False,219,False,8161.26,False,231,False,1
430210505000108,452,False,172,False,226,False,26,False,34,False,37,False,24,False,0,False,66,False,164,False,159,False,35,False,3404.4,False,164,False,1
430210505000110,491,False,215,False,257,False,22,False,26,False,57,False,69,False,0,False,48,False,186,False,186,False,72,False,6858.19,False,186,False,1
430210505000112,706,False,333,False,368,False,44,False,44,False,77,False,53,False,,True,112,False,285,False,285,False,73,False,3311.04,False,285,False,1
430210505000114,375,False,150,False,203,False,20,False,29,False,47,False,26,False,0,False,60,False,139,False,139,False,65,False,2813.07,False,139,False,1
430210505000115,552,False,230,False,296,False,24,False,29,False,80,False,53,False,0,False,103,False,214,False,212,False,22,False,2887.96,False,214,False,1
430210505000116,523,False,207,False,262,False,20,False,27,False,77,False,50,False,0,False,45,False,198,False,193,False,47,False,3462.48,False,198,False,1
430210505000117,396,False,176,False,187,False,19,False,22,False,64,False,35,False,0,False,58,False,158,False,158,False,71,False,2690.75,False,158,False,1
430210505000118,608,False,243,False,308,False,30,False,36,False,50,False,29,False,0,False,145,False,225,False,225,False,108,False,2893.53,False,225,False,1
430210505000120,458,False,204,False,245,False,16,False,32,False,52,False,56,False,0,False,50,False,194,False,194,False,26,False,5261.1,False,194,False,1
430210505000121,975,False,368,False,488,False,93,False,88,False,49,False,28,False,0,False,468,False,335,False,328,False,318,False,1818.89,False,335,False,1
430210505000122,483,False,219,False,232,False,20,False,29,False,68,False,59,False,0,False,69,False,195,False,195,False,37,False,3281.52,False,195,False,1
430210505000123,424,False,180,False,208,False,33,False,28,False,44,False,23,False,0,False,181,False,163,False,162,False,161,False,1972.25,False,163,False,1
430210505000124,865,False,366,False,443,False,49,False,78,False,65,False,50,False,0,False,205,False,344,False,344,False,325,False,2504.99,False,344,False,1
430210505000125,644,False,268,False,318,False,39,False,50,False,65,False,52,False,0,False,283,False,245,False,245,False,162,False,2511.76,False,245,False,1
430210505000126,480,False,250,False,240,False,19,False,25,False,54,False,61,False,0,False,78,False,212,False,212,False,35,False,3774.5,False,212,False,1
430210505000127,588,False,241,False,297,False,25,False,40,False,47,False,41,False,,True,134,False,217,False,217,False,133,False,2661.2,False,217,False,1
430210505000128,566,False,246,False,308,False,29,False,24,False,75,False,74,False,0,False,85,False,221,False,220,False,188,False,3451.14,False,221,False,1
430210505000129,716,False,289,False,365,False,51,False,55,False,56,False,14,False,,True,274,False,256,False,256,False,148,False,2173.96,False,256,False,1
430210505000131,531,False,235,False,268,False,29,False,24,False,68,False,36,False,3,False,118,False,206,False,206,False,116,False,2763.66,False,206,False,1
430210505000132,838,False,330,False,399,False,57,False,60,False,79,False,56,False,0,False,245,False,312,False,311,False,311,False,2184.67,False,312,False,1
430210505000134,606,False,238,False,318,False,45,False,56,False,36,False,14,False,0,False,217,False,221,False,220,False,186,False,2454.86,False,221,False,1
430210505000135,501,False,206,False,263,False,34,False,36,False,31,False,33,False,0,False,74,False,191,False,111,False,,True,3049.17,False,191,False,1
430210505000136,515,False,197,False,267,False,26,False,36,False,75,False,34,False,0,False,91,False,189,False,188,False,29,False,2932.62,False,189,False,1
430210505000137,675,False,269,False,343,False,22,False,47,False,84,False,58,False,0,False,80,False,256,False,256,False,149,False,2790.42,False,256,False,1
430210505000138,470,False,243,False,241,False,14,False,27,False,44,False,45,False,0,False,84,False,209,False,209,False,153,False,3431.09,False,209,False,1
430210505000142,555,False,222,False,288,False,30,False,40,False,53,False,66,False,0,False,95,False,206,False,206,False,103,False,3586.34,False,206,False,1
430210505000143,539,False,235,False,280,False,29,False,26,False,56,False,45,False,0,False,81,False,212,False,210,False,39,False,4223.05,False,212,False,1
430210505000144,384,False,182,False,200,False,28,False,21,False,39,False,38,False,0,False,66,False,163,False,161,False,26,False,4198.33,False,163,False,1
430210505000145,304,False,147,False,163,False,11,False,10,False,66,False,54,False,0,False,24,False,136,False,136,False,15,False,3749.38,False,136,False,1
430210505000146,469,False,202,False,236,False,20,False,22,False,60,False,54,False,4,False,99,False,192,False,192,False,72,False,2929.54,False,192,False,1
430210505000147,323,False,156,False,169,False,8,False,16,False,47,False,49,False,0,False,33,False,134,False,133,False,21,False,4372.75,False,134,False,1
430210505000148,306,False,145,False,162,False,14,False,21,False,28,False,23,False,0,False,,True,129,False,129,False,31,False,4687.3,False,129,False,1
430210505000149,471,False,183,False,238,False,43,False,51,False,20,False,15,False,0,False,184,False,164,False,164,False,156,False,2147.48,False,164,False,1
430210505000150,333,False,151,False,171,False,15,False,22,False,27,False,21,False,0,False,77,False,131,False,131,False,49,False,2586.96,False,131,False,1
430210505000155,72,False,18,False,41,False,,True,7,False,,True,32,False,0,False,,True,12,False,12,False,0,False,4812.36,False,12,False,1
430210505000161,4,False,1,False,,True,,True,,True,,True,,True,,True,,True,,True,,True,,True,,True,,True,1
430210505000162,13,False,7,False,4,False,,True,0,False,,True,,True,0,False,,True,5,False,5,False,0,False,2184.8,False,5,False,1
430210505000164,641,False,269,False,318,False,56,False,49,False,42,False,18,False,0,False,212,False,253,False,253,False,247,False,2138.27,False,253,False,1
430210505000165,415,False,181,False,209,False,23,False,19,False,42,False,26,False,0,False,72,False,159,False,159,False,153,False,2770.61,False,159,False,1
430210505000166,253,False,105,False,129,False,12,False,13,False,32,False,25,False,0,False,37,False,101,False,101,False,34,False,3067.82,False,101,False,1
430210505000168,149,False,74,False,67,False,10,False,8,False,12,False,16,False,0,False,62,False,52,False,51,False,28,False,1816.69,False,52,False,1
430210505000169,606,False,294,False,301,False,39,False,35,False,33,False,12,False,0,False,91,False,268,False,264,False,12,False,3212.36,False,268,False,1
430210505000170,33,False,16,False,18,False,,True,,True,,True,,True,0,False,9,False,15,False,15,False,0,False,2994.13,False,15,False,1
430210505000171,165,False,76,False,85,False,6,False,13,False,8,False,13,False,0,False,30,False,70,False,70,False,69,False,2572.79,False,70,False,1
430210505000172,126,False,52,False,62,False,,True,,True,16,False,13,False,0,False,15,False,47,False,47,False,17,False,2652.6,False,47,False,1
430210505000174,136,False,66,False,74,False,,True,,True,17,False,15,False,0,False,,True,59,False,59,False,51,False,4311.95,False,59,False,1
430210505000175,245,False,113,False,128,False,13,False,15,False,18,False,22,False,0,False,20,False,95,False,95,False,,True,5127.04,False,95,False,1
430210505000177,7,False,5,False,,True,,True,,True,,True,,True,,True,,True,,True,,True,,True,,True,,True,1
430210505000179,226,False,82,False,114,False,16,False,18,False,25,False,17,False,4,False,56,False,78,False,77,False,12,False,2615.31,False,78,False,1
430210505000180,283,False,107,False,145,False,16,False,17,False,33,False,15,False,0,False,,True,101,False,101,False,32,False,3055.56,False,101,False,1
430210505000184,260,False,102,False,123,False,19,False,12,False,18,False,,True,0,False,62,False,91,False,90,False,16,False,2137.33,False,91,False,1
430210505000185,105,False,47,False,54,False,,True,,True,19,False,11,False,0,False,17,False,44,False,44,False,25,False,2228.91,False,44,False,1
430210505000186,61,False,30,False,30,False,,True,3,False,,True,9,False,0,False,3,False,28,False,8,False,0,False,2505.86,False,28,False,1
430210505000187,241,False,99,False,127,False,15,False,11,False,32,False,13,False,0,False,,True,94,False,94,False,64,False,2835.09,False,94,False,1
430210505000188,148,False,51,False,79,False,11,False,,True,20,False,7,False,0,False,23,False,50,False,50,False,9,False,2682.56,False,50,False,1
430210505000189,305,False,143,False,147,False,25,False,19,False,14,False,,True,0,False,44,False,129,False,129,False,6,False,6113.48,False,129,False,1
430210505000190,548,False,188,False,275,False,47,False,48,False,28,False,20,False,3,False,141,False,178,False,176,False,17,False,2461.01,False,178,False,1
430210505000191,170,False,71,False,84,False,11,False,12,False,15,False,,True,0,False,38,False,63,False,63,False,21,False,3014.29,False,63,False,1
430210505000192,226,False,100,False,116,False,18,False,20,False,20,False,,True,0,False,53,False,86,False,86,False,64,False,2557.79,False,86,False,1
430210505000193,374,False,141,False,183,False,19,False,26,False,20,False,23,False,0,False,81,False,135,False,135,False,48,False,3235.96,False,135,False,1
430210505000194,62,False,22,False,31,False,,True,,True,10,False,,True,0,False,19,False,20,False,16,False,4,False,4075.0,False,20,False,1
430210505000195,148,False,63,False,77,False,7,False,11,False,7,False,,True,0,False,42,False,60,False,59,False,6,False,2532.48,False,60,False,1
430210505000196,578,False,221,False,279,False,45,False,40,False,30,False,17,False,0,False,173,False,212,False,212,False,137,False,2777.31,False,212,False,1
430210505000197,126,False,47,False,60,False,8,False,,True,,True,,True,0,False,,True,43,False,43,False,4,False,3430.95,False,43,False,1
430210505000198,204,False,78,False,104,False,8,False,12,False,35,False,18,False,0,False,19,False,73,False,71,False,20,False,5062.26,False,73,False,1
430210505000200,251,False,169,False,123,False,9,False,10,False,35,False,26,False,0,False,33,False,106,False,106,False,9,False,4962.55,False,106,False,1
430210505000201,438,False,243,False,264,False,20,False,25,False,57,False,50,False,0,False,64,False,200,False,199,False,85,False,6271.16,False,200,False,1
430210505000202,323,False,185,False,174,False,,True,17,False,32,False,63,False,0,False,33,False,153,False,153,False,148,False,4570.95,False,153,False,1
430210505000203,510,False,287,False,286,False,11,False,22,False,55,False,63,False,0,False,35,False,249,False,249,False,243,False,5367.36,False,249,False,1
430210505000204,346,False,201,False,194,False,,True,19,False,42,False,24,False,,True,36,False,180,False,180,False,17,False,4143.94,False,180,False,1
430210505000205,503,False,297,False,289,False,14,False,18,False,60,False,53,False,0,False,50,False,246,False,245,False,77,False,6034.93,False,246,False,1
430210505000206,900,False,498,False,489,False,56,False,49,False,34,False,23,False,,True,107,False,446,False,446,False,52,False,3907.81,False,446,False,1
430210505000207,282,False,135,False,146,False,14,False,24,False,26,False,22,False,0,False,20,False,119,False,119,False,26,False,7323.97,False,119,False,1
430210505000208,522,False,247,False,273,False,31,False,38,False,23,False,,True,0,False,122,False,233,False,233,False,,True,3214.44,False,233,False,1
430210505000209,378,False,184,False,188,False,25,False,25,False,39,False,10,False,0,False,,True,160,False,160,False,33,False,3719.36,False,160,False,1
430210505000210,505,False,264,False,281,False,37,False,35,False,20,False,,True,0,False,105,False,243,False,243,False,67,False,3020.39,False,243,False,1
430210505000211,676,False,296,False,351,False,48,False,39,False,61,False,30,False,0,False,68,False,267,False,267,False,77,False,4921.01,False,267,False,1
430210505000212,404,False,215,False,216,False,27,False,24,False,39,False,40,False,0,False,40,False,169,False,168,False,,True,4321.15,False,169,False,1
430210505000213,508,False,293,False,260,False,29,False,25,False,52,False,59,False,,True,40,False,239,False,238,False,157,False,4541.76,False,239,False,1
430210505000214,415,False,209,False,211,False,17,False,28,False,48,False,60,False,0,False,33,False,172,False,172,False,91,False,7594.92,False,172,False,1
430210505000215,722,False,399,False,388,False,41,False,24,False,91,False,96,False,0,False,48,False,339,False,338,False,19,False,6185.21,False,339,False,1
430210505000216,337,False,154,False,173,False,11,False,17,False,61,False,34,False,0,False,39,False,138,False,138,False,43,False,4441.75,False,138,False,1
430210505000217,508,False,319,False,279,False,22,False,22,False,38,False,43,False,0,False,78,False,254,False,254,False,47,False,4180.55,False,254,False,1
430210505000218,615,False,286,False,321,False,25,False,35,False,67,False,65,False,0,False,95,False,247,False,247,False,56,False,4849.22,False,247,False,1
430210505000219,395,False,224,False,208,False,16,False,24,False,37,False,31,False,0,False,60,False,168,False,168,False,42,False,6299.3,False,168,False,1
430210505000220,555,False,272,False,279,False,46,False,40,False,32,False,35,False,0,False,158,False,237,False,233,False,48,False,3950.51,False,237,False,1
430210505000221,417,False,187,False,209,False,32,False,20,False,37,False,32,False,0,False,60,False,166,False,166,False,83,False,3877.16,False,166,False,1
430210505000222,363,False,148,False,180,False,12,False,27,False,65,False,26,False,0,False,99,False,136,False,136,False,79,False,2984.39,False,136,False,1
430210505000223,286,False,176,False,139,False,17,False,7,False,39,False,34,False,0,False,,True,126,False,126,False,32,False,8341.76,False,126,False,1
430210505000224,328,False,153,False,172,False,14,False,17,False,29,False,51,False,0,False,15,False,130,False,130,False,7,False,10164.75,False,130,False,1
430210505000225,430,False,214,False,228,False,26,False,25,False,49,False,60,False,0,False,28,False,181,False,181,False,3,False,8084.3,False,181,False,1
430210505000226,500,False,239,False,260,False,29,False,27,False,51,False,43,False,0,False,45,False,218,False,218,False,26,False,4024.8,False,218,False,1
430210505000227,478,False,234,False,249,False,24,False,23,False,49,False,28,False,0,False,90,False,209,False,208,False,43,False,4010.37,False,209,False,1
430210505000228,531,False,246,False,271,False,26,False,27,False,57,False,59,False,0,False,41,False,221,False,221,False,208,False,3480.09,False,221,False,1
430210505000229,515,False,252,False,258,False,40,False,38,False,18,False,6,False,0,False,84,False,230,False,230,False,,True,3724.08,False,230,False,1
430210505000230,250,False,120,False,129,False,19,False,14,False,,True,,True,0,False,97,False,112,False,112,False,0,False,2529.96,False,112,False,1
430210505000232,447,False,177,False,245,False,40,False,42,False,12,False,6,False,0,False,114,False,165,False,164,False,58,False,3299.43,False,165,False,1
430210505000234,505,False,222,False,254,False,47,False,34,False,14,False,,True,0,False,153,False,199,False,199,False,40,False,3067.54,False,199,False,1
430210505000235,374,False,143,False,201,False,27,False,34,False,18,False,9,False,0,False,76,False,130,False,130,False,64,False,2929.13,False,130,False,1
430210505000236,474,False,205,False,240,False,37,False,36,False,25,False,,True,0,False,80,False,196,False,195,False,11,False,3063.08,False,196,False,1
430210505000237,143,False,53,False,71,False,8,False,,True,15,False,15,False,0,False,10,False,51,False,51,False,11,False,3137.41,False,51,False,1
430210505000238,808,False,362,False,418,False,35,False,48,False,86,False,66,False,0,False,179,False,292,False,291,False,149,False,3491.87,False,292,False,1
430210505000239,384,False,196,False,194,False,30,False,19,False,21,False,10,False,,True,60,False,170,False,168,False,41,False,4421.23,False,170,False,1
430210505000241,643,False,282,False,336,False,58,False,41,False,20,False,7,False,,True,203,False,264,False,264,False,0,False,2651.24,False,264,False,1
430210505000242,703,False,300,False,361,False,57,False,60,False,12,False,,True,0,False,246,False,277,False,277,False,0,False,2787.82,False,277,False,1
430210505000243,791,False,289,False,411,False,48,False,55,False,52,False,28,False,0,False,184,False,281,False,275,False,145,False,3012.91,False,281,False,1
430210505000244,358,False,124,False,171,False,31,False,25,False,18,False,11,False,0,False,73,False,123,False,123,False,91,False,2402.89,False,123,False,1
430210505000245,432,False,205,False,228,False,25,False,24,False,29,False,17,False,0,False,53,False,182,False,182,False,6,False,3791.89,False,182,False,1
430210505000246,739,False,311,False,362,False,32,False,34,False,97,False,87,False,0,False,105,False,276,False,276,False,47,False,3594.61,False,276,False,1
430210505000247,702,False,270,False,317,False,34,False,48,False,51,False,44,False,0,False,144,False,251,False,250,False,60,False,3431.33,False,251,False,1
430210505000248,793,False,447,False,426,False,48,False,36,False,64,False,35,False,,True,85,False,377,False,377,False,,True,4782.95,False,377,False,1
430210505000249,619,False,352,False,355,False,29,False,37,False,47,False,34,False,6,False,48,False,306,False,306,False,42,False,5454.13,False,306,False,1
430210505000250,291,False,137,False,150,False,14,False,17,False,46,False,44,False,0,False,34,False,123,False,123,False,19,False,3873.96,False,123,False,1
430210505000251,641,False,416,False,336,False,37,False,30,False,36,False,40,False,0,False,96,False,325,False,325,False,213,False,4219.13,False,325,False,1
430210505000252,730,False,377,False,394,False,31,False,36,False,81,False,66,False,0,False,97,False,332,False,328,False,20,False,3346.51,False,332,False,1
430210505000253,425,False,246,False,222,False,27,False,20,False,18,False,18,False,0,False,60,False,204,False,204,False,8,False,5301.73,False,204,False,1
430210505000255,284,False,100,False,142,False,13,False,26,False,32,False,22,False,0,False,,True,95,False,95,False,6,False,11220.37,False,95,False,1
430210505000256,717,False,322,False,370,False,55,False,50,False,42,False,31,False,0,False,250,False,295,False,295,False,135,False,2915.8,False,295,False,1
430210505000257,256,False,104,False,143,False,17,False,24,False,21,False,21,False,0,False,73,False,98,False,98,False,96,False,2133.59,False,98,False,1
430210505000258,745,False,299,False,366,False,42,False,63,False,64,False,25,False,0,False,217,False,265,False,265,False,211,False,2402.6,False,265,False,1
430210505000259,390,False,162,False,225,False,48,False,39,False,25,False,,True,0,False,155,False,143,False,143,False,143,False,1461.99,False,143,False,1
430210505000260,543,False,261,False,289,False,59,False,32,False,34,False,13,False,0,False,236,False,217,False,217,False,182,False,1652.64,False,217,False,1
430210505000261,351,False,145,False,180,False,17,False,14,False,54,False,25,False,0,False,68,False,133,False,123,False,63,False,3136.83,False,133,False,1
430210505000262,19,False,10,False,11,False,0,False,0,False,,True,,True,0,False,0,False,9,False,8,False,0,False,2269.33,False,9,False,1
430210505000263,81,False,29,False,39,False,8,False,,True,,True,11,False,0,False,13,False,26,False,22,False,8,False,2654.36,False,26,False,1
430210505000264,322,False,41,False,53,False,4,False,,True,22,False,,True,,True,72,False,35,False,23,False,3,False,3115.09,False,35,False,1
430210505000265,129,False,65,False,63,False,8,False,8,False,25,False,29,False,0,False,5,False,54,False,43,False,6,False,4624.37,False,54,False,1
430210505000266,69,False,30,False,34,False,,True,,True,9,False,7,False,0,False,11,False,26,False,19,False,,True,3409.54,False,26,False,1
430210505000268,472,False,202,False,249,False,35,False,29,False,40,False,30,False,0,False,20,False,194,False,194,False,11,False,5713.03,False,194,False,1
430210505000269,715,False,340,False,397,False,41,False,34,False,62,False,79,False,0,False,103,False,315,False,314,False,107,False,3885.15,False,315,False,1
430210505000270,268,False,122,False,146,False,12,False,13,False,26,False,38,False,0,False,33,False,107,False,107,False,31,False,4175.85,False,107,False,1
430210505000271,310,False,129,False,172,False,16,False,27,False,40,False,18,False,0,False,109,False,116,False,116,False,111,False,2006.54,False,116,False,1
430210505000272,336,False,147,False,185,False,17,False,17,False,37,False,22,False,0,False,46,False,135,False,135,False,66,False,3109.22,False,135,False,1
430210505000273,95,False,32,False,50,False,,True,,True,21,False,10,False,0,False,16,False,31,False,31,False,0,False,2939.94,False,31,False,1
430210505000274,803,False,298,False,395,False,54,False,67,False,44,False,26,False,0,False,327,False,291,False,290,False,290,False,2134.46,False,291,False,1
430210505000275,251,False,101,False,127,False,15,False,16,False,24,False,12,False,0,False,,True,95,False,95,False,76,False,2625.48,False,95,False,1
430210505000276,758,False,314,False,388,False,68,False,72,False,32,False,9,False,0,False,249,False,288,False,283,False,244,False,2472.97,False,288,False,1
430210505000277,450,False,160,False,231,False,66,False,51,False,,True,,True,0,False,205,False,144,False,101,False,99,False,2258.2,False,144,False,1
430210505000278,112,False,63,False,51,False,14,False,10,False,,True,,True,0,False,18,False,47,False,47,False,47,False,2342.5,False,47,False,1
430210505000279,610,False,246,False,305,False,41,False,47,False,46,False,27,False,0,False,226,False,222,False,221,False,171,False,2740.85,False,222,False,1
430210505000280,214,False,86,False,109,False,10,False,12,False,18,False,,True,0,False,75,False,82,False,80,False,64,False,2321.08,False,82,False,1
430210505000281,153,False,60,False,77,False,11,False,,True,17,False,25,False,0,False,10,False,54,False,31,False,0,False,2505.65,False,54,False,1
430210505000282,363,False,162,False,191,False,41,False,24,False,,True,,True,0,False,,True,149,False,149,False,4,False,3467.47,False,149,False,1
430210505000283,291,False,107,False,144,False,26,False,18,False,25,False,18,False,0,False,88,False,102,False,97,False,53,False,2792.58,False,102,False,1
430210505000284,338,False,162,False,166,False,34,False,19,False,0,False,,True,0,False,40,False,143,False,143,False,5,False,3341.41,False,143,False,1
430210505000285,624,False,247,False,313,False,54,False,50,False,34,False,7,False,0,False,128,False,225,False,225,False,25,False,3024.78,False,225,False,1
430210505000286,589,False,270,False,298,False,39,False,34,False,35,False,28,False,0,False,102,False,235,False,232,False,12,False,3067.13,False,235,False,1
430210505000287,259,False,103,False,131,False,16,False,27,False,,True,,True,0,False,60,False,95,False,92,False,13,False,3069.13,False,95,False,1
430210505000288,781,False,396,False,395,False,58,False,59,False,27,False,,True,0,False,227,False,353,False,353,False,5,False,2731.22,False,353,False,1
430210505000289,304,False,134,False,164,False,,True,10,False,28,False,33,False,0,False,40,False,107,False,50,False,21,False,3371.94,False,107,False,1
430210505000290,134,False,58,False,64,False,,True,10,False,13,False,,True,0,False,36,False,53,False,51,False,,True,3215.36,False,53,False,1
430210505000291,510,False,252,False,282,False,38,False,27,False,33,False,21,False,,True,49,False,222,False,222,False,87,False,6580.57,False,222,False,1
430210505000292,897,False,330,False,456,False,74,False,66,False,41,False,18,False,,True,304,False,312,False,312,False,307,False,2299.4,False,312,False,1
430210505000293,630,False,264,False,309,False,55,False,51,False,17,False,,True,0,False,207,False,243,False,243,False,4,False,2655.87,False,243,False,1
430210505000295,152,False,52,False,66,False,,True,20,False,,True,,True,0,False,25,False,48,False,48,False,17,False,3347.38,False,48,False,1
430210505000296,928,False,392,False,470,False,54,False,65,False,58,False,24,False,0,False,194,False,369,False,369,False,98,False,3283.45,False,369,False,1
430210505000297,256,False,105,False,125,False,16,False,16,False,32,False,23,False,0,False,29,False,94,False,89,False,45,False,2668.74,False,94,False,1
430210505000298,674,False,267,False,339,False,38,False,37,False,69,False,56,False,0,False,169,False,246,False,246,False,123,False,2538.63,False,246,False,1
430210505000299,257,False,102,False,140,False,6,False,14,False,33,False,28,False,0,False,,True,92,False,88,False,16,False,4202.94,False,92,False,1
430210505000300,391,False,163,False,202,False,27,False,27,False,29,False,22,False,0,False,115,False,150,False,150,False,110,False,1962.47,False,150,False,1
430210505000301,768,False,364,False,402,False,33,False,38,False,82,False,80,False,0,False,202,False,302,False,302,False,152,False,3737.63,False,302,False,1
430210505000302,47,False,15,False,20,False,,True,,True,0,False,0,False,46,False,0,False,13,False,13,False,8,False,961.33,False,13,False,1
430210505000303,792,False,313,False,418,False,38,False,41,False,91,False,88,False,0,False,99,False,286,False,283,False,52,False,3448.66,False,286,False,1
430210505000304,666,False,330,False,354,False,41,False,30,False,86,False,66,False,0,False,84,False,272,False,271,False,48,False,5586.15,False,272,False,1
430210505000305,341,False,125,False,186,False,15,False,22,False,31,False,26,False,0,False,22,False,112,False,112,False,9,False,6226.19,False,112,False,1
430210505000306,847,False,368,False,455,False,55,False,59,False,77,False,43,False,,True,100,False,343,False,343,False,51,False,3687.2,False,343,False,1
430210505000307,132,False,56,False,66,False,,True,7,False,19,False,18,False,0,False,6,False,52,False,52,False,12,False,4092.48,False,52,False,1
430210505000308,193,False,89,False,110,False,9,False,8,False,41,False,41,False,0,False,13,False,82,False,82,False,27,False,4086.85,False,82,False,1
430210505000309,200,False,76,False,102,False,,True,,True,24,False,13,False,0,False,34,False,73,False,73,False,73,False,3052.21,False,73,False,1
430210505000310,38,False,20,False,18,False,,True,,True,,True,,True,0,False,18,False,15,False,15,False,15,False,4460.0,False,15,False,1
430210505000311,273,False,118,False,132,False,16,False,15,False,16,False,20,False,0,False,131,False,104,False,104,False,104,False,2039.01,False,104,False,1
430210505000312,392,False,170,False,195,False,25,False,14,False,25,False,17,False,0,False,,True,166,False,166,False,4,False,3312.55,False,166,False,1
430210505000313,564,False,234,False,285,False,27,False,35,False,28,False,11,False,0,False,145,False,224,False,223,False,7,False,3287.53,False,224,False,1
430210505000314,315,False,130,False,151,False,14,False,24,False,36,False,29,False,0,False,42,False,114,False,114,False,35,False,4399.24,False,114,False,1
430210505000315,253,False,102,False,125,False,14,False,13,False,47,False,22,False,0,False,15,False,96,False,94,False,31,False,7166.86,False,96,False,1
430210505000316,692,False,282,False,357,False,33,False,37,False,114,False,68,False,0,False,97,False,266,False,264,False,64,False,3717.6,False,266,False,1
430210505000317,63,False,24,False,31,False,,True,,True,,True,,True,0,False,,True,22,False,22,False,,True,2598.73,False,22,False,1
430210505000318,323,False,140,False,168,False,16,False,16,False,31,False,25,False,0,False,101,False,125,False,125,False,98,False,2116.37,False,125,False,1
430210505000319,243,False,100,False,122,False,17,False,19,False,8,False,11,False,0,False,82,False,95,False,95,False,95,False,2375.69,False,95,False,1
430210505000320,310,False,116,False,157,False,23,False,14,False,14,False,14,False,0,False,93,False,108,False,108,False,101,False,2767.08,False,108,False,1
430210507000001,141,False,72,False,68,False,7,False,,True,20,False,25,False,0,False,,True,50,False,0,False,0,False,3949.48,False,50,False,1
430210507000002,918,False,435,False,453,False,54,False,52,False,130,False,107,False,0,False,76,False,322,False,58,False,,True,3694.17,False,322,False,1
430210507000004,11,False,7,False,6,False,0,False,0,False,,True,0,False,0,False,,True,5,False,5,False,,True,4300.0,False,5,False,1
430210510000001,183,False,72,False,90,False,,True,13,False,21,False,26,False,0,False,4,False,63,False,48,False,3,False,3150.29,False,63,False,1
430210510000002,759,False,429,False,370,False,26,False,38,False,134,False,116,False,0,False,35,False,287,False,143,False,11,False,2697.27,False,287,False,1
430210510000003,541,False,245,False,270,False,22,False,26,False,78,False,96,False,,True,38,False,185,False,66,False,3,False,4025.65,False,185,False,1
430210510000005,220,False,251,False,106,False,,True,7,False,46,False,50,False,,True,17,False,93,False,75,False,,True,3324.33,False,93,False,1
430210510000006,337,False,240,False,166,False,11,False,10,False,57,False,73,False,0,False,25,False,119,False,33,False,0,False,3930.27,False,119,False,1
430210510000007,71,False,46,False,34,False,,True,,True,21,False,16,False,0,False,,True,30,False,,True,0,False,2888.97,False,30,False,1
430210530000001,65,False,37,False,32,False,,True,,True,13,False,,True,0,False,,True,26,False,25,False,3,False,2133.92,False,26,False,1
430210530000002,184,False,120,False,90,False,8,False,4,False,20,False,51,False,0,False,11,False,66,False,11,False,0,False,2749.0,False,66,False,1
430210530000003,51,False,26,False,24,False,0,False,,True,,True,,True,0,False,4,False,18,False,9,False,0,False,3259.53,False,18,False,1
430210530000004,75,False,30,False,38,False,,True,,True,8,False,8,False,0,False,7,False,26,False,22,False,0,False,3380.0,False,26,False,1
430210530000005,555,False,345,False,264,False,33,False,39,False,62,False,58,False,,True,153,False,197,False,130,False,4,False,2859.32,False,197,False,1
430210530000007,237,False,158,False,124,False,,True,14,False,49,False,31,False,0,False,23,False,96,False,50,False,0,False,4000.61,False,96,False,1
430210530000009,205,False,87,False,96,False,9,False,12,False,32,False,30,False,0,False,,True,74,False,40,False,0,False,3951.99,False,74,False,1
430210530000010,252,False,107,False,130,False,8,False,13,False,25,False,28,False,0,False,,True,91,False,80,False,0,False,4029.58,False,91,False,1
430210530000012,63,False,31,False,40,False,,True,,True,8,False,,True,0,False,3,False,23,False,4,False,0,False,5009.22,False,23,False,1
430210530000013,143,False,62,False,69,False,7,False,,True,29,False,23,False,0,False,11,False,56,False,46,False,,True,2554.02,False,56,False,1
430210530000014,70,False,31,False,34,False,,True,,True,,True,8,False,0,False,3,False,25,False,14,False,0,False,4310.83,False,25,False,1
430210530000015,69,False,28,False,33,False,,True,5,False,8,False,9,False,0,False,,True,24,False,7,False,0,False,7251.0,False,24,False,1
430210530000017,27,False,13,False,15,False,,True,0,False,,True,,True,0,False,,True,10,False,4,False,0,False,3191.56,False,10,False,1
430210530000018,232,False,102,False,112,False,12,False,11,False,22,False,24,False,0,False,17,False,96,False,68,False,7,False,3904.17,False,96,False,1
430210530000019,79,False,33,False,40,False,7,False,,True,,True,18,False,0,False,,True,28,False,21,False,,True,4983.79,False,28,False,1
430210530000020,276,False,103,False,137,False,16,False,15,False,40,False,16,False,0,False,29,False,94,False,80,False,7,False,4352.0,False,94,False,1
430210530000021,282,False,110,False,148,False,13,False,9,False,49,False,53,False,0,False,10,False,98,False,58,False,,True,3189.64,False,98,False,1
430210530000022,22,False,10,False,13,False,,True,0,False,,True,,True,0,False,5,False,7,False,4,False,0,False,2214.29,False,7,False,1
430210530000023,0,False,0,False,0,False,0,False,0,False,0,False,0,False,0,False,0,False,0,False,0,False,0,False,0.0,False,0,False,1
430210540000001,68,False,41,False,29,False,,True,,True,11,False,15,False,0,False,,True,28,False,28,False,,True,2910.89,False,28,False,1
430210540000002,307,False,164,False,167,False,8,False,14,False,50,False,48,False,0,False,9,False,110,False,16,False,,True,5137.93,False,110,False,1
430210540000003,393,False,196,False,187,False,23,False,17,False,46,False,41,False,0,False,41,False,138,False,102,False,,True,3595.85,False,138,False,1
430210540000006,122,False,55,False,63,False,,True,8,False,20,False,18,False,0,False,15,False,44,False,31,False,0,False,5465.25,False,44,False,1
430210540000007,116,False,52,False,53,False,3,False,7,False,27,False,10,False,0,False,,True,44,False,20,False,0,False,4632.05,False,44,False,1
430210540000008,487,False,255,False,227,False,19,False,23,False,82,False,57,False,0,False,40,False,177,False,129,False,0,False,5060.14,False,177,False,1
430210540000009,49,False,17,False,23,False,,True,,True,8,False,,True,0,False,0,False,17,False,0,False,0,False,4159.76,False,17,False,1
430210540000013,131,False,67,False,71,False,,True,,True,30,False,24,False,0,False,,True,52,False,5,False,0,False,3843.67,False,52,False,1
430225305000002,290,False,145,False,141,False,8,False,10,False,55,False,46,False,0,False,8,False,116,False,96,False,0,False,2829.98,False,116,False,1
430225305000003,170,False,96,False,80,False,,True,,True,32,False,32,False,0,False,,True,70,False,69,False,,True,2336.9,False,70,False,1
430225305000004,217,False,95,False,101,False,12,False,8,False,21,False,42,False,0,False,35,False,83,False,70,False,0,False,3839.76,False,83,False,1
430225305000005,258,False,135,False,124,False,8,False,12,False,42,False,50,False,0,False,9,False,92,False,69,False,0,False,2657.12,False,92,False,1
430225305000006,224,False,115,False,108,False,,True,14,False,31,False,34,False,,True,,True,87,False,71,False,0,False,3025.03,False,87,False,1
430225305000008,363,False,150,False,177,False,20,False,11,False,58,False,68,False,0,False,16,False,129,False,110,False,0,False,2690.13,False,129,False,1
430225305000009,363,False,166,False,170,False,,True,11,False,66,False,63,False,,True,,True,139,False,112,False,0,False,4317.06,False,139,False,1
430225305000010,327,False,128,False,160,False,11,False,23,False,36,False,39,False,0,False,24,False,107,False,70,False,0,False,3486.15,False,107,False,1
430225305000019,104,False,53,False,51,False,,True,,True,15,False,21,False,0,False,15,False,39,False,33,False,0,False,2022.05,False,39,False,1
430225305000020,463,False,209,False,235,False,29,False,26,False,53,False,30,False,0,False,74,False,190,False,183,False,4,False,2792.93,False,190,False,1
430230305000001,374,False,205,False,194,False,16,False,20,False,62,False,63,False,0,False,41,False,171,False,169,False,154,False,3403.56,False,171,False,1
430230305000002,318,False,193,False,172,False,18,False,18,False,33,False,45,False,0,False,22,False,133,False,131,False,130,False,2477.08,False,133,False,1
430230305000003,311,False,172,False,168,False,16,False,20,False,30,False,35,False,0,False,84,False,137,False,136,False,111,False,2599.15,False,137,False,1
430230305000004,251,False,121,False,127,False,16,False,9,False,16,False,32,False,0,False,,True,98,False,95,False,84,False,3710.96,False,98,False,1
430230305000005,402,False,209,False,215,False,16,False,25,False,42,False,82,False,0,False,50,False,168,False,168,False,166,False,2622.95,False,168,False,1
430230305000006,539,False,205,False,270,False,38,False,42,False,36,False,40,False,0,False,236,False,178,False,178,False,176,False,1220.62,False,178,False,1
430230305000008,225,False,100,False,124,False,19,False,11,False,24,False,31,False,0,False,52,False,89,False,89,False,83,False,1831.57,False,89,False,1
430230305000009,506,False,219,False,273,False,43,False,51,False,38,False,44,False,0,False,219,False,182,False,178,False,163,False,1349.6,False,182,False,1
430230305000011,121,False,72,False,60,False,14,False,14,False,3,False,,True,0,False,51,False,43,False,42,False,9,False,1260.24,False,43,False,1
430230305000012,83,False,33,False,43,False,8,False,6,False,,True,,True,0,False,45,False,27,False,27,False,20,False,1356.6,False,27,False,1
430230305000013,170,False,64,False,80,False,10,False,11,False,18,False,26,False,0,False,57,False,58,False,7,False,4,False,1708.32,False,58,False,1
430230305000014,160,False,108,False,77,False,19,False,8,False,7,False,17,False,0,False,,True,57,False,18,False,34,False,1727.53,False,57,False,1
430230305000015,294,False,208,False,148,False,16,False,26,False,39,False,36,False,0,False,99,False,118,False,7,False,5,False,2067.92,False,118,False,1
430230305000016,48,False,31,False,23,False,,True,0,False,10,False,9,False,0,False,11,False,21,False,21,False,6,False,2568.05,False,21,False,1
430230305000017,343,False,170,False,185,False,25,False,22,False,32,False,29,False,0,False,94,False,130,False,129,False,80,False,1970.12,False,130,False,1
430230305000018,182,False,91,False,103,False,7,False,14,False,16,False,21,False,0,False,66,False,68,False,68,False,28,False,2178.93,False,68,False,1
430230305000019,468,False,171,False,218,False,45,False,36,False,21,False,21,False,0,False,206,False,152,False,151,False,149,False,1081.04,False,152,False,1
430230305000020,299,False,133,False,151,False,35,False,27,False,15,False,,True,0,False,155,False,107,False,107,False,105,False,1028.7,False,107,False,1
430230305000021,63,False,29,False,31,False,,True,10,False,,True,,True,0,False,42,False,22,False,22,False,22,False,1210.84,False,22,False,1
430230305000022,27,False,15,False,11,False,3,False,0,False,,True,,True,0,False,,True,12,False,12,False,12,False,2169.33,False,12,False,1
430230305000023,247,False,100,False,126,False,23,False,15,False,17,False,18,False,0,False,149,False,85,False,83,False,85,False,1239.71,False,85,False,1
430230305000024,309,False,108,False,159,False,29,False,27,False,26,False,12,False,0,False,149,False,99,False,97,False,91,False,1670.78,False,99,False,1
430230305000025,243,False,109,False,130,False,21,False,15,False,29,False,14,False,0,False,93,False,96,False,96,False,84,False,2017.79,False,96,False,1
430230305000028,517,False,245,False,278,False,31,False,31,False,64,False,69,False,3,False,133,False,198,False,197,False,164,False,2170.49,False,198,False,1
430230305000029,570,False,264,False,290,False,41,False,48,False,50,False,41,False,0,False,258,False,200,False,196,False,167,False,1291.06,False,200,False,1
430230305000030,176,False,96,False,85,False,18,False,11,False,19,False,18,False,0,False,71,False,63,False,61,False,51,False,1683.21,False,63,False,1
430230305000035,128,False,61,False,60,False,11,False,,True,,True,11,False,0,False,38,False,44,False,40,False,21,False,2871.8,False,44,False,1
430230305000036,7,False,2,False,,True,,True,,True,,True,,True,,True,,True,,True,,True,,True,,True,,True,1
430230305000038,8,False,9,False,,True,,True,,True,,True,,True,,True,,True,,True,,True,,True,,True,,True,1
430230305000039,85,False,42,False,44,False,9,False,,True,,True,,True,0,False,45,False,25,False,22,False,19,False,1334.84,False,25,False,1
430230305000040,29,False,25,False,16,False,,True,,True,,True,,True,0,False,11,False,11,False,9,False,9,False,1627.27,False,11,False,1
430230305000041,55,False,25,False,28,False,,True,,True,9,False,,True,0,False,14,False,22,False,22,False,16,False,3301.14,False,22,False,1
430230305000043,53,False,23,False,25,False,,True,5,False,12,False,,True,0,False,,True,21,False,20,False,12,False,1895.52,False,21,False,1
430230305000044,580,False,292,False,308,False,33,False,38,False,63,False,53,False,0,False,131,False,236,False,233,False,194,False,2931.35,False,236,False,1
430230305000045,159,False,70,False,77,False,23,False,,True,12,False,11,False,0,False,65,False,61,False,61,False,37,False,1620.6,False,61,False,1
430230305000046,141,False,74,False,75,False,11,False,12,False,,True,11,False,0,False,38,False,66,False,66,False,42,False,1883.62,False,66,False,1
430230305000047,299,False,129,False,154,False,26,False,28,False,27,False,19,False,0,False,129,False,107,False,107,False,88,False,1799.94,False,107,False,1
430230305000048,364,False,175,False,188,False,25,False,22,False,40,False,26,False,0,False,102,False,135,False,135,False,97,False,2575.92,False,135,False,1
430230308000001,5,False,9,False,,True,,True,,True,,True,,True,,True,,True,,True,,True,,True,,True,,True,0
430230308000002,169,False,71,False,78,False,13,False,16,False,17,False,11,False,15,False,45,False,56,False,0,False,,True,1921.93,False,56,False,0
430230308000003,401,False,178,False,161,False,17,False,27,False,51,False,42,False,0,False,148,False,134,False,10,False,57,False,1646.5,False,134,False,1
430230311000003,206,False,100,False,104,False,10,False,9,False,33,False,26,False,0,False,,True,81,False,0,False,0,False,2304.7,False,81,False,1
430230311000004,168,False,85,False,77,False,,True,9,False,32,False,32,False,0,False,,True,77,False,,True,0,False,1565.0,False,77,False,1
430230311000005,114,False,74,False,49,False,,True,,True,20,False,10,False,0,False,33,False,45,False,0,False,0,False,1890.66,False,45,False,1
430230311000006,59,False,30,False,25,False,,True,,True,,True,11,False,0,False,18,False,24,False,0,False,0,False,2055.45,False,24,False,1
430230313000001,2,False,2,False,,True,,True,,True,,True,,True,,True,,True,,True,,True,,True,,True,,True,0
430230313000002,133,False,111,False,59,False,12,False,,True,15,False,11,False,0,False,41,False,55,False,,True,0,False,1729.2,False,55,False,0
430230313000003,105,False,55,False,48,False,,True,7,False,9,False,14,False,0,False,28,False,41,False,,True,0,False,1739.61,False,41,False,0
430230313000004,28,False,15,False,12,False,,True,,True,,True,,True,0,False,16,False,9,False,0,False,0,False,2133.33,False,9,False,0
430230313000005,0,False,0,False,0,False,0,False,0,False,0,False,0,False,0,False,0,False,0,False,0,False,0,False,0.0,False,0,False,0
430230315000001,180,False,78,False,84,False,10,False,,True,14,False,13,False,0,False,82,False,66,False,,True,0,False,1440.46,False,66,False,1
430230315000002,170,False,77,False,80,False,10,False,9,False,22,False,12,False,0,False,60,False,63,False,0,False,0,False,3065.38,False,63,False,0
430230320000001,57,False,54,False,26,False,,True,,True,,True,,True,0,False,25,False,19,False,0,False,8,False,1532.38,False,19,False,0
430230320000002,41,False,25,False,18,False,,True,,True,,True,,True,0,False,20,False,14,False,,True,5,False,2221.85,False,14,False,0
430230320000003,210,False,74,False,89,False,26,False,16,False,16,False,,True,0,False,74,False,67,False,3,False,12,False,1580.06,False,67,False,0
430240205000001,524,False,289,False,289,False,31,False,27,False,71,False,60,False,0,False,67,False,217,False,216,False,8,False,2376.16,False,217,False,1
430240205000002,368,False,221,False,192,False,15,False,23,False,46,False,39,False,,True,71,False,165,False,164,False,34,False,2297.27,False,165,False,1
430240205000003,117,False,56,False,53,False,,True,8,False,14,False,,True,0,False,15,False,47,False,45,False,,True,1662.59,False,47,False,1
430240205000004,557,False,252,False,299,False,22,False,21,False,83,False,68,False,0,False,50,False,228,False,228,False,7,False,3334.3,False,228,False,1
430240205000005,408,False,181,False,209,False,34,False,22,False,40,False,28,False,0,False,48,False,162,False,159,False,6,False,2505.24,False,162,False,1
430240205000006,965,False,403,False,492,False,64,False,76,False,80,False,41,False,0,False,89,False,365,False,358,False,4,False,2448.87,False,365,False,1
430240205000007,844,False,372,False,424,False,70,False,61,False,76,False,55,False,0,False,150,False,332,False,287,False,0,False,2452.79,False,332,False,1
430240205000008,168,False,81,False,81,False,7,False,11,False,25,False,20,False,0,False,16,False,76,False,66,False,0,False,2384.67,False,76,False,1
430240205000009,752,False,306,False,387,False,55,False,52,False,93,False,45,False,0,False,108,False,283,False,282,False,,True,2378.38,False,283,False,1
430240205000014,338,False,187,False,196,False,,True,14,False,41,False,80,False,0,False,17,False,145,False,145,False,,True,3402.63,False,145,False,1
430240205000015,521,False,252,False,269,False,24,False,27,False,67,False,51,False,0,False,62,False,219,False,219,False,,True,3104.02,False,219,False,1
430240205000016,466,False,197,False,250,False,23,False,25,False,46,False,37,False,0,False,57,False,181,False,179,False,3,False,2088.12,False,181,False,1
430240205000017,966,False,426,False,501,False,75,False,67,False,81,False,47,False,0,False,139,False,382,False,382,False,13,False,2376.84,False,382,False,1
430240205000018,862,False,344,False,416,False,57,False,63,False,74,False,41,False,0,False,107,False,316,False,312,False,,True,2254.04,False,316,False,1
430240205000019,687,False,302,False,361,False,43,False,48,False,73,False,64,False,0,False,139,False,270,False,270,False,5,False,2176.14,False,270,False,1
430240205000020,216,False,142,False,105,False,7,False,,True,42,False,33,False,,True,7,False,97,False,60,False,0,False,2060.06,False,97,False,1
430240205000021,56,False,26,False,27,False,3,False,,True,,True,,True,0,False,5,False,20,False,0,False,0,False,1804.6,False,20,False,1
430240205000022,286,False,228,False,131,False,11,False,7,False,62,False,49,False,,True,39,False,120,False,111,False,0,False,2552.61,False,120,False,1
430240205000023,381,False,170,False,190,False,31,False,23,False,41,False,28,False,0,False,135,False,143,False,84,False,0,False,2732.99,False,143,False,1
430240205000024,400,False,215,False,182,False,33,False,28,False,43,False,40,False,3,False,45,False,152,False,135,False,0,False,2133.32,False,152,False,1
430240205000025,261,False,130,False,108,False,18,False,12,False,27,False,15,False,0,False,35,False,88,False,,True,0,False,1664.36,False,88,False,1
430240205000026,407,False,232,False,203,False,27,False,23,False,50,False,40,False,,True,36,False,165,False,135,False,0,False,1984.83,False,165,False,1
430240205000027,419,False,206,False,226,False,15,False,23,False,67,False,35,False,0,False,53,False,178,False,178,False,,True,2424.52,False,178,False,1
430240205000028,215,False,93,False,113,False,19,False,9,False,16,False,,True,0,False,72,False,85,False,85,False,13,False,1803.11,False,85,False,1
430240205000029,315,False,131,False,162,False,24,False,21,False,44,False,29,False,4,False,109,False,119,False,118,False,4,False,1653.35,False,119,False,1
430240205000030,373,False,153,False,181,False,19,False,21,False,29,False,30,False,0,False,87,False,133,False,133,False,5,False,2403.95,False,133,False,1
430240205000031,2,False,2,False,,True,,True,,True,,True,,True,,True,,True,,True,,True,,True,,True,,True,1
430240215000001,12,False,10,False,5,False,,True,0,False,,True,0,False,0,False,,True,7,False,0,False,0,False,2183.43,False,7,False,1
430240215000002,222,False,135,False,99,False,11,False,16,False,35,False,31,False,,True,16,False,90,False,59,False,,True,1979.28,False,90,False,1
430240215000003,186,False,119,False,84,False,11,False,10,False,21,False,19,False,0,False,14,False,78,False,68,False,,True,2841.04,False,78,False,1
430245105000001,919,False,485,False,489,False,40,False,46,False,129,False,105,False,0,False,177,False,408,False,394,False,,True,2754.11,False,408,False,0
430245105000002,752,False,353,False,399,False,49,False,56,False,78,False,53,False,,True,128,False,302,False,300,False,50,False,2477.56,False,302,False,0
430245105000003,707,False,324,False,339,False,48,False,48,False,63,False,45,False,0,False,252,False,249,False,79,False,0,False,1865.54,False,249,False,0
430245105000004,524,False,248,False,248,False,36,False,26,False,79,False,40,False,0,False,98,False,201,False,118,False,0,False,2323.01,False,201,False,1
430245105000005,602,False,303,False,282,False,27,False,27,False,64,False,63,False,0,False,128,False,229,False,104,False,0,False,2128.19,False,229,False,1
430245105000006,602,False,292,False,292,False,40,False,27,False,75,False,44,False,0,False,162,False,223,False,98,False,0,False,2412.68,False,223,False,1
430245105000007,303,False,174,False,144,False,12,False,19,False,38,False,27,False,0,False,,True,123,False,82,False,,True,2562.02,False,123,False,1
430245105000008,231,False,117,False,119,False,12,False,6,False,35,False,31,False,0,False,,True,93,False,58,False,0,False,2052.3,False,93,False,1
430245105000009,471,False,245,False,228,False,22,False,24,False,64,False,34,False,0,False,59,False,177,False,104,False,0,False,1907.96,False,177,False,1
430245105000010,418,False,186,False,194,False,29,False,30,False,61,False,20,False,0,False,106,False,150,False,58,False,0,False,1727.35,False,150,False,0
430245105000011,430,False,234,False,207,False,20,False,27,False,51,False,24,False,,True,155,False,171,False,21,False,0,False,2032.65,False,171,False,0
430245105000012,288,False,151,False,131,False,18,False,16,False,33,False,19,False,0,False,81,False,114,False,10,False,0,False,1919.44,False,114,False,0
430265905000001,452,False,237,False,235,False,24,False,18,False,61,False,47,False,0,False,24,False,201,False,197,False,0,False,3645.03,False,201,False,0
430265905000002,553,False,295,False,292,False,21,False,25,False,84,False,88,False,,True,32,False,240,False,152,False,97,False,2901.93,False,240,False,0
430265905000003,459,False,199,False,239,False,33,False,33,False,33,False,31,False,,True,70,False,174,False,172,False,0,False,2224.37,False,174,False,0
430265905000004,158,False,70,False,77,False,15,False,7,False,14,False,13,False,0,False,,True,64,False,53,False,0,False,2439.4,False,64,False,0
430265905000005,121,False,49,False,60,False,,True,,True,9,False,12,False,0,False,,True,47,False,47,False,0,False,2117.42,False,47,False,0
430265905000006,143,False,62,False,81,False,11,False,,True,16,False,13,False,0,False,,True,56,False,56,False,0,False,1943.88,False,56,False,0
430265905000007,42,False,23,False,19,False,,True,,True,,True,,True,0,False,,True,20,False,18,False,0,False,2302.44,False,20,False,0
430265905000008,23,False,16,False,13,False,,True,0,False,,True,6,False,0,False,3,False,10,False,7,False,0,False,3049.6,False,10,False,0
430265905000009,224,False,104,False,102,False,10,False,,True,31,False,27,False,0,False,,True,87,False,77,False,0,False,2426.62,False,87,False,0
430265905000010,401,False,201,False,188,False,24,False,20,False,67,False,54,False,0,False,14,False,158,False,140,False,,True,2551.42,False,158,False,0
430265905000011,225,False,137,False,126,False,9,False,7,False,47,False,29,False,0,False,12,False,95,False,76,False,0,False,1932.61,False,95,False,1
430265905000012,421,False,234,False,203,False,25,False,25,False,69,False,46,False,0,False,25,False,167,False,135,False,0,False,2546.06,False,167,False,0
430265905000013,186,False,96,False,83,False,9,False,,True,21,False,18,False,,True,18,False,78,False,68,False,0,False,2485.74,False,78,False,0
430265905000014,274,False,161,False,133,False,12,False,13,False,31,False,37,False,0,False,34,False,108,False,89,False,0,False,3076.72,False,108,False,0
430265905000015,212,False,121,False,95,False,8,False,13,False,41,False,34,False,0,False,26,False,91,False,73,False,0,False,2675.29,False,91,False,1
430265905000016,279,False,149,False,138,False,18,False,13,False,40,False,50,False,0,False,50,False,102,False,78,False,0,False,2986.79,False,102,False,0
430265905000017,183,False,91,False,81,False,4,False,,True,20,False,28,False,0,False,7,False,72,False,63,False,0,False,2568.32,False,72,False,0
430265905000018,370,False,158,False,207,False,17,False,24,False,33,False,39,False,0,False,30,False,146,False,146,False,,True,2588.13,False,146,False,0
430265905000019,56,False,23,False,27,False,,True,,True,,True,,True,0,False,3,False,20,False,20,False,0,False,3126.21,False,20,False,0
430265920000001,49,False,32,False,24,False,,True,,True,,True,,True,0,False,4,False,20,False,18,False,,True,3066.8,False,20,False,0
430265920000002,31,False,15,False,14,False,,True,,True,,True,7,False,0,False,,True,13,False,12,False,0,False,2718.0,False,13,False,0
430265920000003,33,False,23,False,16,False,,True,,True,,True,,True,0,False,,True,17,False,17,False,0,False,2385.88,False,17,False,0
430265920000004,17,False,6,False,8,False,,True,0,False,,True,,True,0,False,0,False,6,False,4,False,0,False,2460.67,False,6,False,0
430265920000005,25,False,12,False,11,False,0,False,0,False,,True,6,False,0,False,0,False,11,False,11,False,0,False,2240.73,False,11,False,0
430265920000006,29,False,21,False,15,False,,True,,True,,True,13,False,0,False,,True,16,False,15,False,0,False,3792.13,False,16,False,0
430355805000001,1814,False,769,False,935,False,136,False,119,False,171,False,180,False,0,False,399,False,702,False,688,False,142,False,3184.19,False,702,False,1
430355805000002,376,False,177,False,185,False,17,False,10,False,54,False,58,False,0,False,,True,135,False,,True,0,False,5164.7,False,135,False,1
430355805000003,258,False,117,False,114,False,11,False,15,False,41,False,25,False,0,False,,True,92,False,3,False,0,False,4740.5,False,92,False,1
430355805000005,14,False,6,False,5,False,3,False,0,False,,True,,True,0,False,0,False,6,False,4,False,0,False,6366.67,False,6,False,1
430355805000006,384,False,169,False,188,False,24,False,19,False,55,False,54,False,0,False,,True,142,False,134,False,0,False,6543.8,False,142,False,1
430355810000001,10,False,3,False,,True,,True,,True,,True,,True,,True,,True,,True,,True,,True,,True,,True,1
430355810000002,79,False,40,False,38,False,,True,,True,9,False,14,False,0,False,0,False,30,False,13,False,0,False,4362.0,False,30,False,1
430355810000003,46,False,25,False,22,False,,True,0,False,,True,,True,0,False,0,False,18,False,16,False,0,False,3897.78,False,18,False,1
430360805000001,495,False,276,False,264,False,31,False,21,False,57,False,57,False,0,False,81,False,202,False,202,False,53,False,2856.95,False,202,False,1
430360805000002,625,False,302,False,320,False,38,False,35,False,61,False,56,False,0,False,119,False,238,False,235,False,111,False,2373.57,False,238,False,1
430360805000003,149,False,130,False,64,False,13,False,8,False,17,False,13,False,0,False,23,False,65,False,,True,,True,3303.28,False,65,False,1
430360805000004,259,False,170,False,120,False,13,False,15,False,35,False,20,False,0,False,,True,105,False,45,False,6,False,2871.75,False,105,False,1
430360805000006,73,False,35,False,30,False,11,False,,True,,True,9,False,0,False,,True,24,False,0,False,0,False,4223.83,False,24,False,1
430360805000007,411,False,169,False,199,False,48,False,36,False,12,False,10,False,0,False,131,False,137,False,17,False,17,False,2821.11,False,137,False,1
430360805000009,12,False,11,False,,True,,True,,True,,True,,True,,True,,True,,True,,True,,True,,True,,True,0
430360805000010,513,False,273,False,253,False,25,False,21,False,72,False,53,False,0,False,100,False,207,False,207,False,49,False,2562.03,False,207,False,1
430360805000011,708,False,296,False,336,False,66,False,60,False,53,False,32,False,0,False,262,False,248,False,247,False,153,False,1788.16,False,248,False,1
430360805000012,4,False,2,False,,True,,True,,True,,True,,True,,True,,True,,True,,True,,True,,True,,True,0
430360805000013,0,False,0,False,0,False,0,False,0,False,0,False,0,False,0,False,0,False,0,False,0,False,0,False,0.0,False,0,False,0
430360805000014,45,False,27,False,20,False,,True,,True,,True,,True,0,False,13,False,16,False,0,False,0,False,2407.47,False,16,False,1
430360805000015,0,False,0,False,0,False,0,False,0,False,0,False,0,False,0,False,0,False,0,False,0,False,0,False,0.0,False,0,False,1
430360805000016,256,False,139,False,127,False,10,False,9,False,21,False,26,False,,True,35,False,108,False,108,False,15,False,2959.23,False,108,False,1
430360805000017,110,False,108,False,48,False,,True,8,False,17,False,15,False,0,False,27,False,44,False,0,False,0,False,2697.49,False,44,False,1
430360805000018,261,False,153,False,127,False,17,False,18,False,22,False,20,False,0,False,61,False,96,False,96,False,6,False,3302.54,False,96,False,1
430360805000019,79,False,44,False,34,False,3,False,7,False,,True,11,False,0,False,6,False,30,False,0,False,0,False,1809.4,False,30,False,1
430360810000001,122,False,70,False,60,False,7,False,,True,12,False,11,False,0,False,,True,47,False,0,False,0,False,1928.41,False,47,False,1
430360810000002,121,False,107,False,51,False,,True,8,False,17,False,16,False,0,False,,True,53,False,0,False,0,False,1813.4,False,53,False,1
430360815000001,718,False,335,False,367,False,37,False,39,False,87,False,64,False,0,False,65,False,272,False,232,False,257,False,2155.22,False,272,False,1
430360815000002,471,False,223,False,248,False,36,False,37,False,54,False,38,False,0,False,116,False,176,False,94,False,101,False,1718.94,False,176,False,1
430360815000003,468,False,193,False,220,False,24,False,30,False,46,False,29,False,0,False,63,False,172,False,134,False,132,False,1780.48,False,172,False,1
430360815000004,40,False,22,False,17,False,0,False,,True,,True,0,False,0,False,8,False,18,False,18,False,18,False,4405.56,False,18,False,1
430360815000005,3,False,1,False,,True,,True,,True,,True,,True,,True,,True,,True,,True,,True,,True,,True,1
430360815000006,288,False,179,False,134,False,22,False,18,False,28,False,24,False,0,False,61,False,104,False,44,False,40,False,2329.13,False,104,False,1
430360815000007,130,False,78,False,57,False,6,False,,True,24,False,10,False,0,False,,True,52,False,22,False,15,False,2011.54,False,52,False,1
430360815000008,0,False,0,False,0,False,0,False,0,False,0,False,0,False,0,False,0,False,0,False,0,False,0,False,0.0,False,0,False,1
430367305000001,798,False,378,False,402,False,40,False,42,False,99,False,105,False,0,False,140,False,331,False,286,False,211,False,2639.48,False,331,False,1
430367305000002,217,False,132,False,107,False,,True,9,False,45,False,31,False,0,False,27,False,94,False,64,False,70,False,2806.04,False,94,False,1
430367305000003,123,False,62,False,70,False,,True,,True,20,False,24,False,0,False,15,False,49,False,0,False,,True,1385.27,False,49,False,1
430367305000004,37,False,23,False,16,False,3,False,,True,,True,,True,0,False,9,False,14,False,,True,0,False,2246.45,False,14,False,1
430367305000005,345,False,212,False,161,False,18,False,28,False,36,False,45,False,0,False,61,False,127,False,37,False,,True,2441.87,False,127,False,1
430367305000006,150,False,97,False,66,False,7,False,9,False,18,False,15,False,0,False,28,False,62,False,28,False,0,False,2219.58,False,62,False,1
430367305000007,163,False,74,False,79,False,15,False,,True,28,False,19,False,0,False,22,False,60,False,,True,0,False,1993.79,False,60,False,1
430367305000010,234,False,184,False,117,False,,True,10,False,24,False,36,False,0,False,88,False,99,False,,True,0,False,2006.1,False,99,False,1
430367305000011,119,False,90,False,58,False,8,False,11,False,,True,,True,0,False,42,False,43,False,0,False,0,False,2053.03,False,43,False,1
430367305000012,571,False,262,False,262,False,26,False,23,False,73,False,73,False,0,False,53,False,206,False,25,False,,True,1908.9,False,206,False,1
430367305000013,65,False,34,False,32,False,,True,,True,9,False,13,False,0,False,7,False,28,False,18,False,7,False,2085.38,False,28,False,1
430367305000014,119,False,62,False,58,False,,True,,True,21,False,6,False,0,False,,True,46,False,31,False,20,False,2379.82,False,46,False,1
430367305000015,73,False,45,False,37,False,8,False,,True,7,False,,True,0,False,18,False,24,False,0,False,0,False,2671.45,False,24,False,1
430367305000016,228,False,164,False,110,False,6,False,,True,49,False,27,False,0,False,,True,101,False,11,False,,True,1750.67,False,101,False,1
430461405000001,434,False,206,False,220,False,19,False,21,False,58,False,68,False,0,False,28,False,176,False,169,False,,True,2421.87,False,176,False,1
430461405000002,322,False,157,False,156,False,18,False,8,False,61,False,50,False,0,False,,True,123,False,52,False,,True,3439.27,False,123,False,1
430461405000003,327,False,177,False,150,False,9,False,9,False,49,False,43,False,0,False,17,False,131,False,95,False,0,False,2041.64,False,131,False,1
430461405000004,227,False,102,False,102,False,11,False,9,False,43,False,33,False,0,False,,True,83,False,50,False,0,False,2506.1,False,83,False,1
430461405000005,346,False,162,False,171,False,12,False,16,False,56,False,38,False,0,False,18,False,135,False,83,False,0,False,1909.01,False,135,False,1
430462205000001,411,False,215,False,204,False,15,False,28,False,59,False,51,False,0,False,,True,175,False,174,False,0,False,2987.94,False,175,False,0
430462205000002,122,False,71,False,55,False,7,False,8,False,17,False,7,False,0,False,,True,48,False,0,False,0,False,1795.21,False,48,False,0
430462205000007,137,False,95,False,60,False,6,False,8,False,18,False,8,False,0,False,,True,55,False,6,False,0,False,3360.57,False,55,False,0
430462205000010,54,False,39,False,20,False,,True,,True,9,False,,True,0,False,5,False,22,False,0,False,0,False,3986.9,False,22,False,0
430462205000011,254,False,124,False,113,False,22,False,22,False,26,False,12,False,0,False,100,False,94,False,60,False,0,False,2333.1,False,94,False,0
430462205000012,137,False,85,False,65,False,9,False,13,False,25,False,13,False,0,False,53,False,53,False,11,False,0,False,2789.39,False,53,False,0
430462205000013,207,False,105,False,96,False,9,False,,True,22,False,26,False,0,False,,True,82,False,5,False,0,False,2268.37,False,82,False,0
430462210000001,82,False,46,False,42,False,,True,,True,14,False,11,False,0,False,20,False,32,False,,True,0,False,2087.1,False,32,False,0
430462210000002,282,False,174,False,145,False,16,False,22,False,29,False,39,False,0,False,74,False,110,False,,True,0,False,2363.79,False,110,False,1
430462210000003,47,False,32,False,25,False,,True,,True,10,False,8,False,0,False,20,False,20,False,0,False,0,False,2233.4,False,20,False,1
430469705000001,831,False,311,False,436,False,43,False,70,False,79,False,69,False,0,False,63,False,293,False,291,False,,True,2084.43,False,293,False,1
430469705000002,440,False,198,False,202,False,24,False,22,False,76,False,53,False,0,False,31,False,166,False,118,False,0,False,2657.77,False,166,False,1
430469705000003,479,False,184,False,240,False,48,False,32,False,47,False,41,False,0,False,53,False,161,False,124,False,0,False,4016.94,False,161,False,1
430469705000004,445,False,211,False,220,False,32,False,27,False,65,False,72,False,0,False,42,False,168,False,122,False,0,False,2006.48,False,168,False,1
430469705000005,245,False,121,False,116,False,,True,14,False,40,False,30,False,0,False,29,False,96,False,65,False,0,False,2230.33,False,96,False,1
430469705000006,481,False,188,False,229,False,24,False,27,False,73,False,49,False,0,False,55,False,170,False,168,False,4,False,2495.47,False,170,False,1
430480405000006,612,False,268,False,317,False,30,False,31,False,70,False,63,False,0,False,75,False,252,False,251,False,149,False,3576.85,False,252,False,1
430480405000012,299,False,131,False,156,False,,True,21,False,37,False,28,False,,True,43,False,124,False,121,False,32,False,3281.5,False,124,False,1
430480405000015,825,False,330,False,444,False,51,False,53,False,95,False,83,False,0,False,120,False,310,False,309,False,110,False,3566.55,False,310,False,0
430480405000019,131,False,53,False,64,False,7,False,3,False,16,False,15,False,0,False,,True,53,False,53,False,3,False,4933.96,False,53,False,1
430480405000022,123,False,57,False,55,False,,True,,True,17,False,10,False,0,False,12,False,51,False,51,False,3,False,3244.22,False,51,False,1
430480405000024,91,False,37,False,47,False,,True,7,False,9,False,,True,0,False,6,False,32,False,32,False,3,False,5646.17,False,32,False,1
430480405000029,12,False,7,False,6,False,0,False,,True,,True,0,False,0,False,,True,5,False,3,False,,True,2484.8,False,5,False,0
430480405000031,16,False,15,False,8,False,,True,,True,,True,,True,0,False,0,False,7,False,6,False,4,False,2471.71,False,7,False,1
430480405000032,502,False,205,False,241,False,39,False,35,False,59,False,35,False,0,False,56,False,178,False,12,False,,True,3334.61,False,178,False,1
430480405000033,131,False,76,False,64,False,0,False,,True,23,False,18,False,0,False,7,False,52,False,41,False,0,False,4328.13,False,52,False,0
430480405000034,277,False,158,False,136,False,12,False,14,False,45,False,31,False,0,False,,True,100,False,83,False,,True,3771.89,False,100,False,1
430480405000035,341,False,190,False,158,False,20,False,16,False,33,False,42,False,0,False,20,False,129,False,81,False,3,False,3567.78,False,129,False,1
430480405000038,82,False,34,False,34,False,,True,,True,13,False,,True,0,False,5,False,26,False,22,False,7,False,2702.15,False,26,False,1
430480405000041,710,False,282,False,353,False,40,False,44,False,88,False,33,False,0,False,113,False,276,False,275,False,69,False,3363.6,False,276,False,1
430480405000044,396,False,270,False,182,False,27,False,29,False,49,False,33,False,0,False,42,False,155,False,124,False,0,False,3420.53,False,155,False,0
430480405000048,281,False,124,False,147,False,14,False,13,False,37,False,25,False,0,False,34,False,108,False,92,False,,True,3335.07,False,108,False,1
430480405000049,81,False,37,False,39,False,9,False,,True,9,False,,True,0,False,14,False,30,False,30,False,,True,2935.33,False,30,False,0
430480405000051,23,False,9,False,13,False,,True,,True,,True,,True,0,False,0,False,8,False,7,False,0,False,2950.0,False,8,False,0
430480405000052,17,False,8,False,7,False,,True,,True,,True,,True,0,False,,True,8,False,8,False,0,False,2940.5,False,8,False,0
430480405000053,77,False,28,False,37,False,,True,6,False,6,False,,True,0,False,4,False,27,False,27,False,,True,2554.5,False,27,False,0
430480405000054,152,False,58,False,74,False,,True,,True,25,False,21,False,0,False,,True,55,False,55,False,0,False,3159.75,False,55,False,0
430480405000056,162,False,69,False,85,False,11,False,,True,21,False,17,False,0,False,33,False,62,False,62,False,11,False,3051.87,False,62,False,1
430480405000057,212,False,107,False,111,False,11,False,9,False,27,False,15,False,0,False,15,False,91,False,91,False,17,False,3765.29,False,91,False,1
430480405000058,365,False,171,False,192,False,18,False,14,False,37,False,41,False,0,False,61,False,150,False,150,False,10,False,4365.08,False,150,False,1
430480405000059,90,False,38,False,48,False,,True,,True,12,False,12,False,0,False,,True,35,False,34,False,0,False,4968.86,False,35,False,1
430480405000060,693,False,329,False,357,False,35,False,30,False,73,False,77,False,3,False,81,False,294,False,292,False,26,False,6265.07,False,294,False,1
430480405000061,560,False,276,False,293,False,29,False,23,False,65,False,35,False,0,False,75,False,240,False,240,False,21,False,5807.32,False,240,False,1
430480405000062,508,False,228,False,261,False,24,False,36,False,52,False,50,False,0,False,57,False,217,False,217,False,200,False,4421.05,False,217,False,1
430480405000064,573,False,281,False,300,False,31,False,25,False,54,False,40,False,0,False,45,False,241,False,241,False,5,False,10237.36,False,241,False,0
430480405000065,462,False,232,False,242,False,36,False,25,False,30,False,43,False,0,False,37,False,204,False,204,False,129,False,5200.74,False,204,False,0
430480405000066,690,False,291,False,362,False,35,False,41,False,56,False,63,False,0,False,91,False,264,False,264,False,68,False,4266.79,False,264,False,0
430480405000067,324,False,178,False,174,False,11,False,18,False,35,False,36,False,0,False,34,False,150,False,149,False,15,False,5855.58,False,150,False,1
430480405000068,399,False,165,False,206,False,19,False,23,False,60,False,24,False,,True,64,False,153,False,153,False,45,False,3949.35,False,153,False,1
430480405000069,450,False,200,False,232,False,24,False,27,False,35,False,28,False,0,False,70,False,183,False,183,False,156,False,3910.3,False,183,False,1
430480405000070,652,False,231,False,315,False,46,False,54,False,50,False,23,False,0,False,120,False,226,False,226,False,26,False,4583.47,False,226,False,1
430480405000071,542,False,202,False,277,False,41,False,24,False,63,False,21,False,0,False,106,False,193,False,192,False,92,False,3196.14,False,193,False,1
430480405000072,351,False,155,False,168,False,,True,12,False,52,False,38,False,0,False,36,False,140,False,140,False,62,False,3705.84,False,140,False,1
430480405000073,443,False,207,False,228,False,27,False,24,False,39,False,29,False,0,False,41,False,177,False,177,False,62,False,3891.26,False,177,False,1
430480405000074,539,False,191,False,251,False,37,False,34,False,28,False,17,False,,True,118,False,187,False,182,False,71,False,3908.2,False,187,False,0
430480405000075,66,False,24,False,35,False,5,False,,True,9,False,,True,0,False,,True,22,False,22,False,,True,8128.36,False,22,False,0
430480405000076,558,False,218,False,292,False,46,False,54,False,8,False,9,False,0,False,108,False,208,False,207,False,38,False,3636.82,False,208,False,0
430480405000077,568,False,251,False,282,False,27,False,24,False,54,False,22,False,0,False,51,False,231,False,231,False,216,False,3924.28,False,231,False,1
430480405000078,592,False,215,False,284,False,34,False,38,False,27,False,21,False,0,False,98,False,204,False,204,False,201,False,3709.13,False,204,False,1
430480405000079,576,False,246,False,286,False,50,False,38,False,20,False,,True,,True,59,False,236,False,236,False,224,False,3781.27,False,236,False,1
430480405000080,427,False,194,False,213,False,28,False,23,False,44,False,51,False,0,False,,True,153,False,125,False,0,False,4193.67,False,153,False,0
430480405000081,529,False,305,False,257,False,36,False,40,False,45,False,69,False,5,False,102,False,201,False,137,False,4,False,3080.18,False,201,False,0
430480405000082,35,False,17,False,20,False,,True,0,False,10,False,7,False,0,False,,True,14,False,11,False,0,False,4814.29,False,14,False,1
430480405000083,46,False,20,False,26,False,3,False,,True,,True,,True,0,False,7,False,16,False,15,False,0,False,3216.88,False,16,False,1
430480405000084,557,False,204,False,276,False,34,False,42,False,47,False,22,False,4,False,160,False,193,False,188,False,34,False,3088.32,False,193,False,1
430480405000085,269,False,109,False,139,False,15,False,19,False,26,False,,True,0,False,55,False,103,False,103,False,0,False,2948.55,False,103,False,1
430480405000088,80,False,30,False,39,False,,True,3,False,8,False,11,False,0,False,8,False,27,False,27,False,7,False,2907.69,False,27,False,0
430480405000091,76,False,28,False,40,False,,True,,True,8,False,15,False,0,False,,True,28,False,28,False,,True,5053.79,False,28,False,1
430480405000092,494,False,173,False,249,False,20,False,27,False,51,False,37,False,0,False,72,False,170,False,168,False,23,False,3380.75,False,170,False,1
430480405000093,532,False,225,False,286,False,27,False,34,False,111,False,39,False,0,False,97,False,207,False,207,False,91,False,2494.3,False,207,False,1
430480405000094,825,False,320,False,409,False,47,False,49,False,106,False,35,False,0,False,138,False,298,False,297,False,24,False,3348.4,False,298,False,1
430480405000095,332,False,122,False,177,False,19,False,26,False,25,False,18,False,0,False,53,False,115,False,115,False,24,False,3401.79,False,115,False,1
430480405000097,95,False,47,False,48,False,,True,,True,15,False,7,False,0,False,28,False,35,False,31,False,3,False,2438.77,False,35,False,0
430480405000099,394,False,171,False,205,False,15,False,17,False,53,False,48,False,,True,60,False,163,False,162,False,104,False,3286.13,False,163,False,1
430480405000100,542,False,215,False,280,False,19,False,29,False,78,False,22,False,0,False,90,False,192,False,192,False,,True,3186.55,False,192,False,1
430480405000101,628,False,259,False,315,False,49,False,39,False,34,False,19,False,0,False,88,False,239,False,237,False,32,False,3419.36,False,239,False,1
430480405000102,323,False,329,False,158,False,12,False,23,False,15,False,10,False,0,False,61,False,119,False,118,False,19,False,3160.04,False,119,False,1
430480405000103,418,False,222,False,218,False,28,False,21,False,18,False,21,False,,True,28,False,176,False,176,False,176,False,4890.8,False,176,False,1
430480405000104,350,False,184,False,173,False,20,False,14,False,25,False,21,False,0,False,20,False,156,False,156,False,156,False,4444.36,False,156,False,1
430480405000105,322,False,171,False,159,False,,True,9,False,36,False,32,False,0,False,23,False,144,False,144,False,30,False,6299.56,False,144,False,0
430480405000106,389,False,224,False,200,False,25,False,16,False,46,False,23,False,0,False,31,False,169,False,169,False,38,False,4576.27,False,169,False,1
430480405000107,545,False,211,False,274,False,31,False,38,False,40,False,21,False,0,False,74,False,200,False,198,False,196,False,3627.64,False,200,False,1
430480405000108,392,False,148,False,203,False,21,False,13,False,40,False,22,False,0,False,44,False,139,False,139,False,137,False,3694.82,False,139,False,1
430480405000109,18,False,10,False,11,False,,True,0,False,,True,,True,0,False,0,False,8,False,5,False,0,False,1924.86,False,8,False,0
430480405000110,841,False,311,False,429,False,45,False,55,False,99,False,59,False,0,False,118,False,302,False,302,False,106,False,3321.96,False,302,False,0
430480405000111,757,False,282,False,378,False,44,False,36,False,55,False,48,False,0,False,83,False,260,False,259,False,20,False,5772.6,False,260,False,0
430480405000112,4,False,1,False,,True,,True,,True,,True,,True,,True,,True,,True,,True,,True,,True,,True,0
430480405000113,205,False,83,False,94,False,8,False,,True,31,False,21,False,0,False,5,False,75,False,74,False,19,False,3659.23,False,75,False,0
430480405000114,224,False,87,False,117,False,9,False,16,False,40,False,17,False,0,False,15,False,82,False,82,False,35,False,2819.85,False,82,False,1
430480405000115,101,False,43,False,51,False,,True,,True,15,False,16,False,0,False,0,False,35,False,34,False,,True,3423.88,False,35,False,0
430480410000001,551,False,256,False,275,False,19,False,24,False,85,False,77,False,0,False,,True,215,False,214,False,3,False,2707.63,False,215,False,1
430480410000002,194,False,101,False,93,False,,True,,True,34,False,34,False,0,False,16,False,75,False,45,False,0,False,3563.29,False,75,False,1
430480410000004,187,False,97,False,92,False,8,False,8,False,31,False,37,False,0,False,,True,73,False,69,False,0,False,2569.42,False,73,False,1
430480410000005,123,False,87,False,55,False,,True,,True,20,False,13,False,0,False,10,False,51,False,46,False,0,False,2991.58,False,51,False,1
430480413000003,469,False,210,False,227,False,27,False,13,False,62,False,67,False,0,False,29,False,170,False,159,False,,True,2552.09,False,170,False,1
430480413000004,340,False,185,False,163,False,14,False,11,False,48,False,37,False,0,False,,True,134,False,116,False,0,False,3163.23,False,134,False,1
430480420000001,20,False,8,False,9,False,0,False,0,False,,True,,True,0,False,0,False,7,False,4,False,0,False,1876.57,False,7,False,0
430480420000002,232,False,141,False,110,False,,True,8,False,40,False,38,False,0,False,,True,88,False,68,False,3,False,2033.52,False,88,False,0
430480420000003,316,False,167,False,151,False,13,False,20,False,50,False,46,False,,True,,True,118,False,36,False,,True,4719.14,False,118,False,0
430480420000004,297,False,183,False,134,False,12,False,,True,37,False,37,False,0,False,14,False,109,False,92,False,,True,2282.73,False,109,False,0
430480420000005,242,False,137,False,116,False,13,False,18,False,30,False,31,False,0,False,10,False,88,False,63,False,,True,2885.14,False,88,False,0
430480425000001,1,False,3,False,,True,,True,,True,,True,,True,,True,,True,,True,,True,,True,,True,,True,1
430480425000002,206,False,85,False,108,False,12,False,,True,18,False,20,False,0,False,6,False,76,False,72,False,0,False,2799.73,False,76,False,1
430480425000003,320,False,205,False,158,False,15,False,17,False,54,False,37,False,0,False,33,False,120,False,42,False,0,False,3021.54,False,120,False,1
430480425000004,618,False,253,False,311,False,33,False,38,False,87,False,71,False,0,False,44,False,211,False,165,False,5,False,2849.34,False,211,False,1
430490305000001,739,False,345,False,382,False,38,False,48,False,76,False,97,False,,True,85,False,296,False,290,False,,True,4339.51,False,296,False,1
430490305000002,1341,False,568,False,705,False,109,False,96,False,81,False,49,False,0,False,413,False,514,False,498,False,49,False,2430.8,False,514,False,1
430490305000003,855,False,367,False,444,False,43,False,43,False,85,False,82,False,0,False,104,False,330,False,330,False,21,False,3429.74,False,330,False,1
430490305000004,710,False,295,False,353,False,40,False,41,False,77,False,64,False,0,False,115,False,264,False,249,False,0,False,4079.66,False,264,False,1
430490305000007,458,False,234,False,230,False,23,False,12,False,90,False,74,False,0,False,21,False,168,False,141,False,0,False,3959.57,False,168,False,1
430490305000008,559,False,312,False,303,False,29,False,28,False,75,False,77,False,0,False,74,False,249,False,249,False,,True,6643.34,False,249,False,1
430490305000009,755,False,340,False,413,False,35,False,49,False,85,False,47,False,0,False,180,False,301,False,294,False,4,False,3192.51,False,301,False,1
430490305000010,871,False,386,False,458,False,44,False,49,False,97,False,52,False,0,False,108,False,341,False,340,False,7,False,5186.34,False,341,False,1
430490305000011,492,False,255,False,257,False,24,False,28,False,67,False,61,False,0,False,78,False,215,False,211,False,0,False,3725.15,False,215,False,1
430490305000012,10,False,5,False,,True,,True,,True,,True,,True,,True,,True,,True,,True,,True,,True,,True,1
430490305000013,44,False,20,False,20,False,,True,8,False,,True,,True,0,False,,True,15,False,11,False,3,False,1891.85,False,15,False,1
430490305000014,217,False,84,False,108,False,21,False,11,False,30,False,28,False,0,False,,True,69,False,50,False,0,False,7699.36,False,69,False,1
430490305000015,353,False,146,False,170,False,13,False,12,False,75,False,47,False,0,False,32,False,129,False,102,False,0,False,6458.53,False,129,False,1
430490305000017,61,False,29,False,33,False,,True,3,False,,True,8,False,0,False,,True,22,False,17,False,0,False,3532.18,False,22,False,1
430490305000019,312,False,139,False,147,False,16,False,12,False,46,False,50,False,0,False,19,False,110,False,91,False,0,False,6830.05,False,110,False,1
430490305000020,386,False,163,False,183,False,16,False,14,False,75,False,76,False,0,False,,True,145,False,99,False,,True,7594.83,False,145,False,1
430490310000001,89,False,40,False,45,False,3,False,,True,21,False,14,False,0,False,,True,34,False,32,False,0,False,3238.0,False,34,False,1
430490310000002,489,False,218,False,244,False,14,False,15,False,76,False,90,False,0,False,39,False,176,False,149,False,0,False,4559.62,False,176,False,1
430490310000003,403,False,180,False,191,False,13,False,17,False,82,False,66,False,0,False,25,False,135,False,104,False,0,False,6004.65,False,135,False,1
430490310000004,321,False,118,False,152,False,16,False,10,False,70,False,62,False,0,False,,True,101,False,56,False,,True,10486.62,False,101,False,1
430495205000002,595,False,247,False,307,False,41,False,29,False,57,False,71,False,0,False,118,False,214,False,214,False,154,False,2305.91,False,214,False,0
430495205000003,18,False,8,False,8,False,0,False,0,False,,True,,True,0,False,4,False,8,False,4,False,0,False,3112.5,False,8,False,0
430495205000004,165,False,73,False,73,False,,True,9,False,21,False,24,False,0,False,,True,64,False,55,False,0,False,5472.97,False,64,False,0
430495205000008,95,False,51,False,52,False,,True,,True,17,False,12,False,0,False,18,False,36,False,23,False,0,False,9795.61,False,36,False,0
430495205000009,63,False,33,False,25,False,,True,,True,9,False,,True,0,False,13,False,27,False,11,False,0,False,4162.17,False,27,False,0
430495205000010,137,False,64,False,64,False,,True,,True,26,False,24,False,0,False,19,False,56,False,40,False,0,False,3209.08,False,56,False,0
430495205000016,59,False,30,False,31,False,,True,,True,4,False,,True,0,False,11,False,20,False,20,False,0,False,2093.75,False,20,False,0
430495205000018,398,False,164,False,182,False,30,False,19,False,48,False,36,False,0,False,68,False,138,False,94,False,0,False,5153.14,False,138,False,0
430495205000019,388,False,185,False,187,False,20,False,22,False,56,False,43,False,0,False,64,False,149,False,112,False,0,False,6068.66,False,149,False,0
430495205000020,222,False,91,False,111,False,16,False,20,False,16,False,20,False,4,False,115,False,75,False,75,False,0,False,1786.09,False,75,False,0
430495205000021,170,False,83,False,84,False,14,False,,True,24,False,22,False,0,False,,True,65,False,39,False,0,False,5743.02,False,65,False,0
430495205000022,690,False,296,False,352,False,40,False,48,False,66,False,72,False,0,False,150,False,258,False,256,False,180,False,2217.04,False,258,False,0
430510805000001,244,False,131,False,119,False,10,False,7,False,34,False,47,False,0,False,18,False,102,False,56,False,15,False,3616.56,False,102,False,1
430510805000002,141,False,71,False,65,False,6,False,,True,23,False,22,False,0,False,14,False,56,False,23,False,,True,3427.22,False,56,False,1
430510805000003,121,False,63,False,55,False,11,False,,True,19,False,7,False,0,False,,True,52,False,10,False,,True,5007.88,False,52,False,1
430510805000004,333,False,167,False,174,False,20,False,20,False,34,False,33,False,0,False,44,False,125,False,14,False,,True,2404.07,False,125,False,1
430510805000005,708,False,408,False,340,False,55,False,57,False,78,False,23,False,0,False,227,False,271,False,217,False,8,False,2157.21,False,271,False,1
430510805000006,17,False,15,False,8,False,0,False,,True,,True,,True,0,False,0,False,7,False,0,False,0,False,4412.0,False,7,False,1
430510805000007,481,False,299,False,244,False,27,False,27,False,64,False,46,False,0,False,80,False,189,False,8,False,,True,3629.51,False,189,False,1
430510805000008,888,False,477,False,438,False,34,False,47,False,129,False,94,False,0,False,73,False,337,False,66,False,,True,3235.19,False,337,False,0
430510805000009,327,False,168,False,158,False,17,False,15,False,50,False,38,False,,True,47,False,124,False,19,False,,True,2485.05,False,124,False,0
430510805000010,304,False,170,False,162,False,8,False,12,False,56,False,52,False,,True,29,False,115,False,21,False,0,False,2888.28,False,115,False,0
430510805000011,856,False,422,False,426,False,41,False,41,False,107,False,122,False,0,False,87,False,320,False,22,False,0,False,3861.03,False,320,False,0
430510805000013,388,False,189,False,207,False,20,False,26,False,49,False,38,False,0,False,31,False,141,False,31,False,,True,2970.43,False,141,False,0
430510805000014,350,False,170,False,166,False,17,False,22,False,52,False,27,False,3,False,,True,126,False,27,False,,True,3565.22,False,126,False,0
430510805000015,604,False,326,False,311,False,37,False,26,False,79,False,73,False,0,False,63,False,218,False,72,False,0,False,3163.91,False,218,False,0
430510805000016,494,False,297,False,246,False,25,False,29,False,57,False,86,False,21,False,48,False,176,False,3,False,,True,3234.11,False,176,False,0
430510805000017,351,False,176,False,168,False,24,False,19,False,47,False,45,False,0,False,54,False,130,False,15,False,4,False,3330.63,False,130,False,0
430510805000019,810,False,436,False,398,False,43,False,62,False,83,False,53,False,,True,251,False,302,False,268,False,25,False,2770.88,False,302,False,0
430510805000040,533,False,258,False,280,False,32,False,26,False,75,False,57,False,,True,88,False,189,False,75,False,,True,2934.53,False,189,False,0
430510805000041,419,False,211,False,207,False,22,False,17,False,66,False,72,False,0,False,40,False,161,False,52,False,4,False,4146.82,False,161,False,0
430510805000042,298,False,198,False,147,False,,True,11,False,37,False,46,False,0,False,20,False,102,False,15,False,14,False,3264.34,False,102,False,1
430510805000043,570,False,241,False,288,False,43,False,48,False,28,False,30,False,0,False,284,False,187,False,,True,86,False,2026.62,False,187,False,1
430510805100001,433,False,370,False,246,False,14,False,7,False,51,False,70,False,0,False,98,False,258,False,257,False,256,False,3559.79,False,258,False,0
430510805100002,585,False,370,False,304,False,21,False,15,False,83,False,86,False,0,False,80,False,293,False,293,False,254,False,5603.23,False,293,False,1
430510805100003,471,False,280,False,257,False,10,False,10,False,92,False,61,False,0,False,57,False,227,False,227,False,223,False,4791.3,False,227,False,1
430510805100004,520,False,343,False,287,False,14,False,18,False,76,False,69,False,,True,59,False,276,False,276,False,275,False,4856.06,False,276,False,1
430510805100005,433,False,313,False,224,False,18,False,18,False,52,False,40,False,0,False,79,False,238,False,238,False,235,False,3797.31,False,238,False,1
430510805100006,426,False,255,False,241,False,14,False,16,False,58,False,60,False,0,False,69,False,194,False,194,False,188,False,5613.37,False,194,False,1
430510805100007,448,False,307,False,262,False,11,False,12,False,50,False,61,False,,True,69,False,253,False,253,False,246,False,4872.02,False,253,False,1
430510805100008,334,False,224,False,193,False,10,False,10,False,33,False,21,False,0,False,61,False,188,False,188,False,93,False,3697.45,False,188,False,1
430510805100009,494,False,301,False,276,False,13,False,15,False,81,False,67,False,,True,61,False,249,False,249,False,235,False,4257.15,False,249,False,0
430510805100010,354,False,264,False,198,False,10,False,13,False,54,False,60,False,,True,44,False,177,False,176,False,138,False,5314.77,False,177,False,0
430510805100011,392,False,318,False,213,False,10,False,,True,59,False,62,False,0,False,45,False,206,False,206,False,190,False,5643.25,False,206,False,0
430510805100012,497,False,293,False,283,False,15,False,11,False,84,False,103,False,,True,87,False,238,False,238,False,228,False,5592.92,False,238,False,0
430510805100014,493,False,336,False,264,False,12,False,10,False,63,False,106,False,0,False,56,False,269,False,269,False,159,False,5516.16,False,269,False,0
430510805100015,402,False,296,False,220,False,12,False,11,False,44,False,44,False,0,False,95,False,217,False,217,False,215,False,4088.44,False,217,False,0
430510805100016,271,False,222,False,157,False,10,False,,True,32,False,41,False,0,False,38,False,156,False,156,False,134,False,4355.93,False,156,False,0
430510805100017,272,False,194,False,156,False,10,False,14,False,49,False,46,False,0,False,32,False,125,False,125,False,125,False,6057.29,False,125,False,0
430510805100018,420,False,271,False,242,False,12,False,19,False,47,False,48,False,0,False,68,False,211,False,211,False,148,False,3991.0,False,211,False,0
430510805100019,417,False,286,False,241,False,10,False,13,False,64,False,70,False,0,False,49,False,210,False,210,False,208,False,5564.83,False,210,False,0
430510805100020,418,False,300,False,244,False,13,False,15,False,58,False,99,False,0,False,63,False,216,False,214,False,187,False,6455.27,False,216,False,1
430510805100021,397,False,254,False,228,False,,True,10,False,58,False,54,False,,True,49,False,190,False,190,False,164,False,6115.52,False,190,False,1
430510805100022,361,False,260,False,213,False,13,False,14,False,52,False,45,False,,True,49,False,201,False,201,False,197,False,4717.88,False,201,False,0
430510805100023,328,False,191,False,180,False,10,False,,True,51,False,46,False,,True,45,False,147,False,147,False,141,False,4683.77,False,147,False,1
430510805100025,250,False,135,False,129,False,,True,,True,25,False,46,False,0,False,14,False,113,False,112,False,106,False,3029.03,False,113,False,1
430510805100026,567,False,328,False,314,False,25,False,27,False,78,False,67,False,0,False,49,False,266,False,266,False,237,False,5021.76,False,266,False,0
430510805100029,575,False,310,False,298,False,25,False,21,False,109,False,76,False,0,False,61,False,270,False,270,False,267,False,5469.99,False,270,False,0
430510805100030,502,False,274,False,285,False,26,False,26,False,71,False,54,False,0,False,39,False,226,False,226,False,216,False,8777.69,False,226,False,0
430510805100032,331,False,217,False,187,False,10,False,,True,47,False,39,False,0,False,53,False,163,False,163,False,151,False,4223.74,False,163,False,0
430510805100033,305,False,158,False,166,False,13,False,10,False,48,False,62,False,0,False,16,False,131,False,131,False,127,False,7194.09,False,131,False,0
430510805100034,377,False,265,False,224,False,11,False,12,False,56,False,53,False,0,False,53,False,192,False,192,False,161,False,6012.74,False,192,False,0
430510805100037,405,False,231,False,236,False,8,False,11,False,74,False,86,False,3,False,29,False,184,False,184,False,145,False,5113.55,False,184,False,0
430510805100038,220,False,129,False,129,False,10,False,7,False,24,False,53,False,0,False,24,False,106,False,106,False,91,False,4850.24,False,106,False,0
430510805100039,534,False,291,False,291,False,20,False,17,False,85,False,111,False,,True,45,False,249,False,235,False,192,False,5679.07,False,249,False,0
430510805100040,781,False,398,False,416,False,31,False,39,False,112,False,119,False,0,False,70,False,346,False,346,False,260,False,7129.94,False,346,False,0
430510805100042,558,False,351,False,301,False,18,False,20,False,81,False,56,False,,True,79,False,270,False,270,False,260,False,6336.67,False,270,False,1
430510805100043,419,False,219,False,220,False,18,False,9,False,68,False,65,False,0,False,54,False,188,False,188,False,162,False,4792.16,False,188,False,1
430510805100044,433,False,229,False,234,False,13,False,21,False,68,False,67,False,0,False,54,False,188,False,188,False,102,False,6781.54,False,188,False,1
430510805100045,499,False,292,False,280,False,17,False,18,False,63,False,53,False,,True,63,False,240,False,240,False,113,False,5459.25,False,240,False,1
430510805100048,363,False,281,False,217,False,11,False,8,False,65,False,51,False,0,False,60,False,204,False,204,False,204,False,3885.64,False,204,False,0
430510805100050,328,False,184,False,182,False,13,False,10,False,58,False,54,False,0,False,53,False,146,False,146,False,112,False,4176.92,False,146,False,1
430510805100051,444,False,259,False,237,False,15,False,18,False,44,False,66,False,,True,,True,216,False,216,False,212,False,4370.71,False,216,False,1
430510805100052,548,False,275,False,310,False,16,False,9,False,94,False,117,False,0,False,59,False,240,False,240,False,147,False,4390.42,False,240,False,1
430510805100053,383,False,200,False,205,False,14,False,15,False,76,False,76,False,0,False,26,False,159,False,159,False,156,False,4614.85,False,159,False,1
430510805100055,535,False,262,False,280,False,29,False,17,False,67,False,50,False,0,False,89,False,218,False,215,False,179,False,4755.1,False,218,False,1
430510805100056,444,False,234,False,248,False,17,False,17,False,61,False,86,False,,True,47,False,194,False,193,False,193,False,3331.23,False,194,False,1
430510805100057,456,False,231,False,258,False,18,False,18,False,60,False,91,False,0,False,50,False,201,False,201,False,173,False,4459.83,False,201,False,1
430510805100058,347,False,174,False,189,False,17,False,16,False,51,False,48,False,0,False,54,False,146,False,146,False,123,False,3825.16,False,146,False,1
430510805100060,605,False,316,False,311,False,26,False,25,False,79,False,81,False,0,False,48,False,264,False,264,False,241,False,5295.01,False,264,False,1
430510805100061,622,False,356,False,337,False,25,False,33,False,96,False,99,False,,True,71,False,279,False,279,False,192,False,5077.98,False,279,False,1
430510805100063,424,False,286,False,244,False,14,False,15,False,68,False,74,False,0,False,41,False,210,False,210,False,191,False,4846.04,False,210,False,1
430510805100064,475,False,244,False,248,False,19,False,17,False,98,False,45,False,,True,28,False,192,False,192,False,179,False,6578.82,False,192,False,1
430510805100069,510,False,211,False,280,False,31,False,36,False,55,False,32,False,0,False,210,False,189,False,189,False,184,False,1910.69,False,189,False,1
430510805100070,565,False,230,False,291,False,36,False,39,False,54,False,36,False,,True,223,False,200,False,200,False,197,False,1820.7,False,200,False,1
430510805100071,532,False,223,False,289,False,27,False,38,False,51,False,37,False,0,False,223,False,201,False,201,False,196,False,1772.18,False,201,False,1
430510805100072,451,False,203,False,220,False,25,False,27,False,54,False,47,False,0,False,52,False,167,False,167,False,101,False,10161.09,False,167,False,1
430510805100073,627,False,281,False,316,False,25,False,37,False,91,False,61,False,0,False,279,False,262,False,262,False,255,False,2338.81,False,262,False,1
430510805100074,443,False,179,False,215,False,16,False,21,False,59,False,63,False,0,False,61,False,152,False,152,False,150,False,4674.58,False,152,False,1
430510805100080,402,False,213,False,206,False,31,False,31,False,23,False,15,False,0,False,238,False,154,False,154,False,115,False,2464.8,False,154,False,1
430510805100081,884,False,390,False,446,False,57,False,73,False,87,False,56,False,3,False,469,False,336,False,336,False,335,False,2085.84,False,336,False,1
430510805100082,393,False,179,False,203,False,19,False,29,False,63,False,28,False,0,False,96,False,156,False,155,False,154,False,5580.17,False,156,False,0
430510805100083,276,False,197,False,135,False,13,False,10,False,23,False,12,False,0,False,59,False,148,False,148,False,146,False,5103.11,False,148,False,0
430510805100085,632,False,374,False,332,False,29,False,24,False,76,False,69,False,0,False,49,False,274,False,274,False,268,False,6182.47,False,274,False,0
430510805100086,498,False,317,False,267,False,17,False,20,False,46,False,36,False,3,False,99,False,240,False,240,False,183,False,4110.48,False,240,False,0
430510805100087,388,False,1,False,,True,,True,,True,,True,,True,,True,,True,,True,,True,,True,,True,,True,0
430510805100088,349,False,236,False,182,False,,True,11,False,56,False,60,False,0,False,27,False,170,False,169,False,169,False,4111.93,False,170,False,0
430510805100089,399,False,237,False,212,False,14,False,11,False,56,False,58,False,0,False,51,False,175,False,175,False,164,False,5158.34,False,175,False,1
430510805100090,610,False,334,False,337,False,22,False,19,False,99,False,71,False,0,False,89,False,285,False,284,False,192,False,4208.21,False,285,False,0
430510805100091,572,False,290,False,289,False,19,False,20,False,97,False,83,False,0,False,34,False,249,False,245,False,240,False,7192.53,False,249,False,0
430510805100092,534,False,260,False,281,False,17,False,14,False,97,False,81,False,0,False,,True,223,False,221,False,220,False,11646.04,False,223,False,0
430510805100093,473,False,246,False,254,False,17,False,18,False,78,False,58,False,0,False,79,False,200,False,200,False,198,False,3698.08,False,200,False,0
430510805100094,650,False,342,False,357,False,34,False,23,False,97,False,105,False,,True,54,False,272,False,272,False,248,False,6737.11,False,272,False,0
430510805100095,644,False,325,False,333,False,25,False,26,False,102,False,80,False,,True,157,False,267,False,267,False,252,False,3058.02,False,267,False,0
430510805100096,884,False,395,False,445,False,56,False,64,False,99,False,77,False,0,False,217,False,348,False,348,False,287,False,3083.6,False,348,False,0
430510805100097,736,False,361,False,378,False,46,False,31,False,95,False,57,False,0,False,167,False,307,False,307,False,281,False,3173.16,False,307,False,0
430510805100098,635,False,300,False,314,False,26,False,28,False,96,False,66,False,,True,191,False,263,False,259,False,207,False,3526.81,False,263,False,0
430510805100102,778,False,406,False,412,False,41,False,29,False,111,False,85,False,0,False,61,False,337,False,337,False,336,False,5431.34,False,337,False,0
430510805100104,738,False,365,False,384,False,33,False,39,False,82,False,69,False,0,False,119,False,295,False,295,False,281,False,3285.82,False,295,False,0
430510805100106,724,False,329,False,397,False,39,False,40,False,88,False,94,False,0,False,49,False,292,False,292,False,239,False,7337.3,False,292,False,0
430510805100109,585,False,319,False,319,False,33,False,29,False,81,False,53,False,,True,71,False,250,False,236,False,192,False,7314.24,False,250,False,0
430510805100114,508,False,249,False,268,False,26,False,16,False,57,False,76,False,0,False,88,False,211,False,211,False,210,False,2588.07,False,211,False,0
430510805100116,515,False,293,False,283,False,15,False,24,False,71,False,72,False,0,False,111,False,236,False,236,False,177,False,3535.96,False,236,False,0
430510805100118,655,False,325,False,334,False,23,False,19,False,114,False,88,False,0,False,119,False,260,False,260,False,252,False,2914.43,False,260,False,0
430510805100121,633,False,356,False,320,False,31,False,29,False,87,False,87,False,0,False,127,False,266,False,266,False,261,False,3533.84,False,266,False,0
430510805100122,878,False,432,False,463,False,51,False,37,False,115,False,90,False,0,False,118,False,377,False,377,False,377,False,4482.68,False,377,False,1
430510805100124,735,False,329,False,377,False,30,False,30,False,130,False,105,False,0,False,141,False,285,False,285,False,248,False,3777.68,False,285,False,1
430510805100125,613,False,313,False,320,False,14,False,27,False,97,False,85,False,0,False,74,False,266,False,265,False,123,False,3873.88,False,266,False,1
430510805100127,380,False,277,False,211,False,,True,16,False,50,False,58,False,0,False,28,False,188,False,188,False,178,False,4627.2,False,188,False,0
430510805100128,510,False,230,False,262,False,23,False,24,False,85,False,50,False,0,False,51,False,203,False,202,False,202,False,14510.14,False,203,False,0
430510805100130,521,False,259,False,283,False,19,False,25,False,73,False,62,False,0,False,70,False,234,False,234,False,207,False,4878.93,False,234,False,0
430510805100131,343,False,183,False,179,False,15,False,18,False,58,False,41,False,0,False,39,False,152,False,152,False,151,False,4616.51,False,152,False,0
430510805100132,399,False,206,False,214,False,12,False,16,False,67,False,79,False,0,False,24,False,171,False,171,False,106,False,4363.57,False,171,False,0
430510805100133,621,False,338,False,343,False,29,False,21,False,101,False,95,False,,True,70,False,265,False,265,False,261,False,5398.38,False,265,False,0
430510805100134,585,False,295,False,316,False,18,False,29,False,85,False,100,False,3,False,93,False,240,False,240,False,194,False,3068.87,False,240,False,0
430510805100136,510,False,289,False,281,False,21,False,19,False,80,False,74,False,,True,70,False,232,False,231,False,161,False,4433.55,False,232,False,1
430510805100137,589,False,281,False,327,False,28,False,34,False,90,False,74,False,0,False,55,False,234,False,234,False,172,False,5964.15,False,234,False,1
430510805100138,435,False,214,False,236,False,24,False,25,False,60,False,62,False,0,False,57,False,180,False,179,False,138,False,2522.01,False,180,False,1
430510805100139,407,False,237,False,218,False,15,False,16,False,67,False,57,False,0,False,67,False,198,False,198,False,144,False,3701.05,False,198,False,1
430510805100140,554,False,290,False,311,False,20,False,18,False,82,False,85,False,0,False,79,False,253,False,253,False,213,False,3724.9,False,253,False,1
430510805100141,538,False,261,False,293,False,19,False,17,False,83,False,104,False,0,False,78,False,217,False,217,False,147,False,4380.69,False,217,False,1
430510805100142,666,False,295,False,334,False,14,False,23,False,106,False,124,False,0,False,52,False,253,False,252,False,203,False,7225.01,False,253,False,1
430510805100144,882,False,329,False,459,False,46,False,69,False,102,False,125,False,0,False,283,False,289,False,289,False,268,False,3695.79,False,289,False,1
430510805100145,724,False,328,False,388,False,24,False,26,False,69,False,136,False,0,False,147,False,291,False,291,False,168,False,3942.94,False,291,False,1
430510805100146,654,False,310,False,347,False,21,False,27,False,110,False,105,False,,True,115,False,273,False,272,False,243,False,3665.15,False,273,False,1
430510805100147,72,False,1,False,,True,,True,,True,,True,,True,,True,,True,,True,,True,,True,,True,,True,1
430510805100148,337,False,146,False,191,False,9,False,11,False,41,False,81,False,0,False,48,False,132,False,132,False,100,False,4209.54,False,132,False,1
430510805100150,626,False,309,False,332,False,32,False,35,False,66,False,83,False,0,False,123,False,249,False,248,False,183,False,3687.54,False,249,False,1
430510805100152,642,False,260,False,338,False,42,False,51,False,65,False,39,False,0,False,340,False,228,False,225,False,225,False,1739.97,False,228,False,1
430510805100154,329,False,161,False,174,False,20,False,14,False,51,False,43,False,0,False,89,False,134,False,134,False,134,False,3819.73,False,134,False,1
430510805100156,658,False,310,False,357,False,25,False,28,False,85,False,132,False,0,False,84,False,280,False,280,False,167,False,3325.2,False,280,False,1
430510805100157,671,False,338,False,336,False,27,False,26,False,89,False,87,False,,True,119,False,292,False,292,False,111,False,3827.17,False,292,False,1
430510805100158,587,False,307,False,330,False,18,False,23,False,96,False,92,False,,True,71,False,273,False,273,False,251,False,3311.17,False,273,False,1
430510805100159,484,False,265,False,271,False,11,False,17,False,57,False,78,False,0,False,98,False,222,False,219,False,28,False,3710.69,False,222,False,1
430510805100160,798,False,388,False,418,False,19,False,30,False,131,False,109,False,0,False,87,False,321,False,318,False,316,False,4592.1,False,321,False,1
430510805100162,614,False,304,False,300,False,17,False,32,False,95,False,59,False,0,False,104,False,263,False,261,False,192,False,3806.85,False,263,False,1
430510805100163,534,False,258,False,261,False,21,False,25,False,59,False,80,False,0,False,131,False,212,False,212,False,152,False,2841.18,False,212,False,1
430510805100164,639,False,322,False,339,False,25,False,39,False,72,False,49,False,,True,106,False,263,False,263,False,136,False,7159.01,False,263,False,1
430510805100165,856,False,417,False,454,False,36,False,54,False,86,False,108,False,,True,146,False,347,False,347,False,310,False,4220.59,False,347,False,1
430510805100167,564,False,283,False,303,False,17,False,29,False,87,False,77,False,0,False,48,False,238,False,238,False,238,False,3895.61,False,238,False,1
430510805100169,630,False,302,False,341,False,30,False,29,False,82,False,71,False,,True,160,False,260,False,260,False,198,False,4448.61,False,260,False,1
430510805100170,942,False,453,False,486,False,61,False,62,False,66,False,76,False,4,False,199,False,390,False,390,False,287,False,4442.89,False,390,False,0
430510805100171,582,False,252,False,301,False,39,False,41,False,66,False,50,False,,True,147,False,220,False,220,False,211,False,2990.25,False,220,False,0
430510805100172,566,False,269,False,292,False,18,False,34,False,89,False,62,False,0,False,171,False,228,False,228,False,222,False,2567.34,False,228,False,1
430510805100173,664,False,307,False,346,False,28,False,35,False,110,False,81,False,0,False,136,False,275,False,274,False,192,False,3056.9,False,275,False,1
430510805100174,213,False,329,False,111,False,7,False,,True,18,False,11,False,0,False,32,False,119,False,119,False,54,False,13753.91,False,119,False,1
430510805100175,28,False,15,False,15,False,0,False,,True,6,False,,True,0,False,,True,10,False,10,False,10,False,4951.2,False,10,False,1
430510805100176,418,False,240,False,226,False,15,False,18,False,53,False,73,False,,True,42,False,199,False,199,False,197,False,6597.84,False,199,False,1
430510805100177,64,False,35,False,35,False,,True,,True,,True,12,False,0,False,16,False,29,False,28,False,29,False,3946.86,False,29,False,1
430510805100178,136,False,69,False,68,False,,True,,True,12,False,,True,0,False,78,False,54,False,54,False,54,False,2252.46,False,54,False,1
430510805100179,246,False,111,False,134,False,8,False,12,False,28,False,21,False,0,False,118,False,90,False,90,False,90,False,2784.26,False,90,False,1
430510805100180,85,False,41,False,44,False,,True,7,False,9,False,,True,0,False,32,False,33,False,33,False,33,False,2508.76,False,33,False,1
430510805100181,285,False,140,False,148,False,10,False,12,False,40,False,29,False,,True,126,False,124,False,124,False,124,False,2190.3,False,124,False,1
430510805100182,324,False,143,False,158,False,16,False,14,False,36,False,40,False,0,False,,True,127,False,127,False,54,False,5579.06,False,127,False,1
430510805100183,226,False,244,False,113,False,10,False,9,False,26,False,34,False,0,False,34,False,99,False,99,False,99,False,4142.86,False,99,False,1
430510805100184,25,False,18,False,11,False,,True,,True,9,False,,True,0,False,,True,13,False,12,False,11,False,4353.92,False,13,False,1
430510805100185,453,False,228,False,234,False,10,False,19,False,43,False,29,False,,True,60,False,194,False,194,False,185,False,5061.49,False,194,False,1
430510805100186,253,False,126,False,135,False,7,False,10,False,43,False,43,False,0,False,14,False,107,False,107,False,104,False,3895.38,False,107,False,1
430510805100187,295,False,140,False,161,False,14,False,10,False,60,False,32,False,3,False,49,False,118,False,118,False,107,False,3439.14,False,118,False,1
430510805100189,495,False,259,False,269,False,24,False,24,False,63,False,27,False,0,False,66,False,230,False,230,False,208,False,4231.27,False,230,False,0
430510805100190,282,False,126,False,135,False,11,False,14,False,30,False,16,False,0,False,35,False,119,False,119,False,110,False,5738.99,False,119,False,1
430510805100191,229,False,148,False,150,False,7,False,,True,36,False,67,False,0,False,10,False,109,False,109,False,109,False,6343.18,False,109,False,0
430510805100192,373,False,251,False,209,False,7,False,,True,54,False,74,False,0,False,25,False,203,False,203,False,200,False,6749.55,False,203,False,0
430510805100193,379,False,192,False,201,False,12,False,18,False,47,False,33,False,0,False,44,False,154,False,154,False,59,False,5734.33,False,154,False,1
430510805100194,454,False,209,False,240,False,15,False,25,False,56,False,49,False,0,False,73,False,176,False,176,False,85,False,5003.9,False,176,False,1
430510805100195,328,False,207,False,162,False,14,False,,True,41,False,28,False,0,False,,True,154,False,154,False,152,False,8744.05,False,154,False,0
430510805100196,475,False,220,False,252,False,26,False,25,False,67,False,56,False,0,False,8,False,193,False,193,False,22,False,15505.84,False,193,False,0
430510805100197,446,False,246,False,232,False,11,False,16,False,75,False,42,False,,True,51,False,205,False,204,False,204,False,5264.61,False,205,False,0
430510805100198,416,False,231,False,231,False,10,False,13,False,81,False,59,False,,True,41,False,191,False,191,False,189,False,6732.45,False,191,False,0
430510805100199,387,False,188,False,197,False,12,False,20,False,55,False,43,False,,True,18,False,151,False,151,False,148,False,33975.95,False,151,False,0
430510805100200,326,False,162,False,170,False,14,False,17,False,46,False,52,False,0,False,40,False,138,False,138,False,133,False,6576.05,False,138,False,0
430510805100201,417,False,203,False,219,False,14,False,17,False,61,False,77,False,0,False,44,False,176,False,176,False,127,False,6267.24,False,176,False,1
430510805100202,392,False,219,False,224,False,,True,8,False,69,False,72,False,0,False,36,False,188,False,188,False,110,False,5942.62,False,188,False,1
430510805100203,450,False,258,False,253,False,16,False,20,False,74,False,45,False,0,False,34,False,216,False,216,False,174,False,6386.1,False,216,False,0
430510805100204,394,False,208,False,214,False,11,False,11,False,53,False,31,False,0,False,44,False,169,False,169,False,127,False,6066.79,False,169,False,0
430510805100205,458,False,250,False,248,False,17,False,23,False,59,False,82,False,0,False,31,False,209,False,209,False,197,False,9288.81,False,209,False,0
430510805100206,205,False,118,False,110,False,,True,,True,32,False,35,False,0,False,18,False,92,False,92,False,89,False,9318.63,False,92,False,0
430510805100207,468,False,289,False,267,False,13,False,13,False,58,False,71,False,,True,56,False,231,False,231,False,220,False,5544.37,False,231,False,1
430510805100208,186,False,119,False,107,False,,True,6,False,28,False,38,False,0,False,16,False,90,False,90,False,90,False,5839.3,False,90,False,1
430510805100209,387,False,198,False,207,False,12,False,18,False,61,False,47,False,0,False,52,False,167,False,167,False,163,False,5437.0,False,167,False,1
430510805100210,377,False,254,False,215,False,,True,,True,65,False,60,False,,True,46,False,197,False,197,False,152,False,5707.67,False,197,False,1
430510805100211,441,False,248,False,245,False,12,False,12,False,65,False,74,False,0,False,33,False,209,False,209,False,204,False,5553.4,False,209,False,1
430510805100212,323,False,200,False,182,False,13,False,12,False,41,False,47,False,0,False,33,False,151,False,151,False,128,False,4428.11,False,151,False,1
430510805100213,678,False,354,False,355,False,35,False,29,False,56,False,46,False,0,False,81,False,296,False,296,False,116,False,5683.15,False,296,False,1
430510805100214,429,False,230,False,236,False,23,False,21,False,61,False,54,False,0,False,47,False,190,False,190,False,150,False,4762.69,False,190,False,1
430510805100215,469,False,251,False,248,False,20,False,21,False,55,False,59,False,,True,38,False,202,False,202,False,172,False,5502.39,False,202,False,1
430510805100216,221,False,120,False,124,False,17,False,9,False,24,False,30,False,0,False,16,False,89,False,89,False,88,False,7472.09,False,89,False,1
430510805100217,331,False,216,False,180,False,20,False,12,False,49,False,31,False,,True,62,False,154,False,154,False,123,False,3766.36,False,154,False,1
430510805100218,500,False,255,False,270,False,27,False,28,False,64,False,71,False,0,False,67,False,210,False,210,False,200,False,6178.16,False,210,False,1
430510805100219,523,False,284,False,277,False,34,False,18,False,72,False,64,False,,True,44,False,240,False,239,False,237,False,7021.31,False,240,False,1
430510805100220,340,False,151,False,170,False,18,False,27,False,35,False,35,False,0,False,38,False,125,False,125,False,35,False,9931.35,False,125,False,1
430510805100221,690,False,361,False,354,False,43,False,61,False,68,False,61,False,0,False,33,False,285,False,285,False,248,False,9790.56,False,285,False,1
430510805100222,493,False,231,False,267,False,21,False,29,False,60,False,64,False,0,False,39,False,194,False,194,False,164,False,7113.62,False,194,False,1
430510805100223,368,False,181,False,188,False,15,False,14,False,38,False,57,False,0,False,47,False,159,False,159,False,134,False,5244.61,False,159,False,1
430510805100224,405,False,211,False,230,False,17,False,21,False,42,False,52,False,0,False,41,False,178,False,178,False,178,False,6881.88,False,178,False,1
430510805100225,612,False,317,False,335,False,26,False,24,False,92,False,59,False,0,False,52,False,245,False,245,False,199,False,8588.41,False,245,False,1
430510805100226,493,False,266,False,263,False,25,False,15,False,57,False,54,False,0,False,38,False,214,False,214,False,202,False,6917.28,False,214,False,1
430510805100227,479,False,258,False,254,False,17,False,20,False,74,False,63,False,0,False,63,False,211,False,211,False,183,False,4580.37,False,211,False,1
430510805100228,244,False,104,False,115,False,13,False,10,False,42,False,40,False,0,False,27,False,95,False,95,False,84,False,5332.42,False,95,False,1
430510805100229,344,False,139,False,181,False,18,False,15,False,43,False,35,False,0,False,22,False,126,False,126,False,126,False,8528.17,False,126,False,1
430510805100230,508,False,242,False,268,False,25,False,33,False,79,False,44,False,0,False,39,False,201,False,201,False,159,False,13868.42,False,201,False,1
430510805100231,288,False,119,False,155,False,14,False,16,False,41,False,45,False,0,False,22,False,104,False,104,False,101,False,7481.91,False,104,False,1
430510805100232,551,False,259,False,296,False,23,False,36,False,82,False,37,False,,True,56,False,230,False,230,False,192,False,7643.73,False,230,False,1
430510805100233,404,False,207,False,207,False,16,False,29,False,54,False,49,False,0,False,73,False,175,False,175,False,99,False,5224.76,False,175,False,1
430510805100234,414,False,206,False,228,False,14,False,22,False,57,False,47,False,0,False,57,False,170,False,170,False,166,False,4097.76,False,170,False,1
430510805100235,401,False,177,False,211,False,19,False,17,False,47,False,47,False,0,False,35,False,167,False,167,False,73,False,6671.83,False,167,False,1
430510805100236,542,False,258,False,263,False,26,False,31,False,69,False,29,False,0,False,155,False,225,False,225,False,218,False,4474.16,False,225,False,1
430510805100237,704,False,428,False,381,False,30,False,33,False,52,False,63,False,0,False,55,False,341,False,341,False,309,False,7433.32,False,341,False,0
430510805100238,629,False,319,False,331,False,32,False,37,False,74,False,74,False,0,False,48,False,251,False,251,False,136,False,9037.22,False,251,False,1
430510805100239,391,False,178,False,212,False,19,False,22,False,50,False,35,False,0,False,65,False,149,False,149,False,89,False,3900.3,False,149,False,0
430510805100240,519,False,236,False,273,False,25,False,26,False,46,False,49,False,0,False,,True,214,False,214,False,184,False,6049.49,False,214,False,0
430510805100241,776,False,358,False,410,False,18,False,33,False,125,False,101,False,0,False,107,False,322,False,322,False,305,False,4267.14,False,322,False,0
430510805100242,486,False,199,False,257,False,46,False,44,False,21,False,16,False,3,False,28,False,178,False,178,False,167,False,10186.41,False,178,False,0
430510805100243,513,False,199,False,260,False,49,False,59,False,21,False,16,False,0,False,45,False,184,False,184,False,177,False,8860.22,False,184,False,0
430510805100244,624,False,324,False,322,False,32,False,22,False,86,False,47,False,0,False,71,False,273,False,273,False,231,False,16437.75,False,273,False,0
430510805100245,481,False,232,False,244,False,36,False,20,False,44,False,42,False,0,False,31,False,201,False,201,False,99,False,10259.2,False,201,False,0
430510805100247,485,False,247,False,264,False,25,False,20,False,63,False,45,False,0,False,32,False,198,False,198,False,194,False,4914.12,False,198,False,0
430510805100248,282,False,187,False,146,False,,True,11,False,44,False,31,False,0,False,30,False,129,False,129,False,88,False,7121.5,False,129,False,0
430510805100249,622,False,398,False,319,False,27,False,31,False,86,False,51,False,,True,67,False,260,False,260,False,245,False,4163.39,False,260,False,0
430510805100250,397,False,179,False,213,False,16,False,25,False,63,False,53,False,0,False,14,False,161,False,161,False,120,False,11036.39,False,161,False,0
430510805100251,467,False,232,False,260,False,25,False,23,False,60,False,57,False,0,False,,True,198,False,198,False,176,False,7606.9,False,198,False,0
430510805100252,390,False,190,False,200,False,15,False,27,False,53,False,45,False,,True,,True,159,False,159,False,118,False,7835.8,False,159,False,0
430510805100253,472,False,260,False,259,False,13,False,20,False,58,False,53,False,,True,39,False,233,False,233,False,156,False,6836.37,False,233,False,0
430510805100254,517,False,284,False,284,False,15,False,20,False,71,False,66,False,0,False,35,False,254,False,254,False,115,False,6097.18,False,254,False,0
430510805100255,530,False,268,False,276,False,31,False,46,False,42,False,40,False,0,False,38,False,224,False,224,False,183,False,8643.78,False,224,False,0
430510805100256,345,False,194,False,186,False,22,False,16,False,35,False,38,False,0,False,,True,158,False,158,False,68,False,6493.88,False,158,False,0
430510805100257,347,False,185,False,193,False,16,False,19,False,52,False,36,False,0,False,64,False,144,False,144,False,138,False,3442.19,False,144,False,0
430510805100258,630,False,328,False,350,False,30,False,31,False,67,False,56,False,0,False,48,False,278,False,278,False,204,False,5524.08,False,278,False,0
430510805100259,600,False,334,False,321,False,34,False,32,False,76,False,64,False,0,False,30,False,272,False,272,False,264,False,4660.27,False,272,False,0
430510805100260,455,False,218,False,226,False,15,False,18,False,55,False,69,False,,True,44,False,192,False,192,False,119,False,5899.94,False,192,False,0
430510805100261,448,False,238,False,230,False,19,False,22,False,67,False,58,False,,True,44,False,193,False,192,False,116,False,4495.54,False,193,False,0
430510805100262,372,False,186,False,194,False,19,False,26,False,32,False,51,False,0,False,58,False,159,False,159,False,100,False,4697.3,False,159,False,0
430510805100263,291,False,172,False,156,False,9,False,16,False,38,False,42,False,0,False,45,False,134,False,134,False,119,False,4115.53,False,134,False,0
430510805100264,349,False,208,False,181,False,8,False,16,False,52,False,57,False,,True,60,False,170,False,170,False,160,False,3609.14,False,170,False,0
430510805100265,415,False,218,False,214,False,18,False,22,False,66,False,55,False,0,False,48,False,172,False,172,False,172,False,3470.69,False,172,False,0
430510805100266,471,False,228,False,251,False,22,False,22,False,51,False,64,False,0,False,95,False,189,False,189,False,168,False,2861.14,False,189,False,0
430510805100267,288,False,149,False,147,False,11,False,19,False,40,False,32,False,,True,43,False,120,False,120,False,104,False,3242.21,False,120,False,0
430510805100268,394,False,201,False,209,False,16,False,18,False,55,False,58,False,0,False,48,False,171,False,171,False,168,False,3979.16,False,171,False,0
430510805100269,390,False,201,False,206,False,13,False,15,False,42,False,27,False,0,False,96,False,166,False,166,False,163,False,2626.64,False,166,False,0
430510805100270,403,False,211,False,215,False,14,False,15,False,71,False,58,False,0,False,28,False,174,False,174,False,173,False,4568.45,False,174,False,1
430510805100271,392,False,214,False,209,False,12,False,18,False,42,False,57,False,0,False,55,False,180,False,180,False,169,False,3396.3,False,180,False,1
430510805100272,474,False,225,False,249,False,25,False,17,False,72,False,61,False,0,False,85,False,201,False,200,False,189,False,3395.07,False,201,False,1
430510805100273,621,False,274,False,322,False,28,False,35,False,73,False,52,False,0,False,59,False,238,False,238,False,223,False,7482.86,False,238,False,0
430510805100274,265,False,183,False,151,False,9,False,14,False,35,False,22,False,0,False,34,False,145,False,145,False,145,False,3942.95,False,145,False,0
430510805100275,287,False,198,False,166,False,,True,8,False,40,False,20,False,0,False,,True,154,False,154,False,149,False,5139.2,False,154,False,0
430510805100276,375,False,176,False,201,False,7,False,8,False,65,False,95,False,0,False,20,False,155,False,155,False,154,False,3973.34,False,155,False,1
430510805100277,451,False,229,False,240,False,37,False,21,False,56,False,58,False,0,False,11,False,201,False,201,False,199,False,7864.2,False,201,False,1
430510805100278,619,False,284,False,326,False,31,False,37,False,77,False,42,False,0,False,147,False,251,False,251,False,242,False,4544.93,False,251,False,1
430510805100279,443,False,204,False,227,False,13,False,25,False,67,False,43,False,0,False,,True,190,False,190,False,183,False,9397.11,False,190,False,1
430510805100280,338,False,157,False,187,False,9,False,18,False,43,False,19,False,0,False,60,False,142,False,142,False,15,False,5557.11,False,142,False,1
430510805100281,479,False,204,False,265,False,27,False,22,False,65,False,45,False,,True,102,False,182,False,182,False,163,False,4137.04,False,182,False,1
430510805100282,444,False,239,False,231,False,30,False,17,False,51,False,55,False,0,False,48,False,191,False,191,False,135,False,4141.75,False,191,False,1
430510805100283,402,False,205,False,219,False,18,False,18,False,47,False,61,False,0,False,64,False,186,False,186,False,147,False,3418.31,False,186,False,1
430510805100284,126,False,59,False,68,False,,True,4,False,17,False,,True,0,False,60,False,45,False,45,False,45,False,2837.5,False,45,False,1
430510805100285,409,False,214,False,223,False,16,False,22,False,56,False,72,False,0,False,82,False,169,False,169,False,159,False,3832.11,False,169,False,1
430510805100286,471,False,248,False,244,False,15,False,21,False,42,False,70,False,0,False,66,False,213,False,213,False,148,False,4204.36,False,213,False,1
430510805100287,546,False,274,False,297,False,32,False,40,False,55,False,36,False,0,False,71,False,240,False,237,False,77,False,5061.87,False,240,False,1
430510805100288,628,False,313,False,323,False,30,False,25,False,80,False,67,False,0,False,142,False,248,False,248,False,202,False,3734.33,False,248,False,1
430510805100289,1002,False,446,False,526,False,67,False,92,False,76,False,54,False,0,False,78,False,382,False,379,False,337,False,9155.91,False,382,False,1
430510805100290,635,False,313,False,324,False,30,False,23,False,86,False,56,False,0,False,108,False,268,False,268,False,262,False,3965.05,False,268,False,1
430510805100291,408,False,324,False,208,False,20,False,14,False,28,False,37,False,0,False,93,False,217,False,217,False,154,False,4016.35,False,217,False,1
430510805100292,459,False,242,False,245,False,15,False,19,False,39,False,47,False,0,False,64,False,212,False,212,False,140,False,3736.16,False,212,False,1
430510805100293,452,False,236,False,217,False,24,False,32,False,57,False,54,False,0,False,59,False,179,False,179,False,177,False,5350.52,False,179,False,1
430510805100294,295,False,201,False,152,False,12,False,12,False,46,False,28,False,0,False,25,False,147,False,147,False,139,False,5319.18,False,147,False,1
430510805100295,340,False,285,False,186,False,,True,,True,50,False,46,False,0,False,46,False,197,False,197,False,188,False,4183.96,False,197,False,0
430510805100296,89,False,80,False,46,False,7,False,,True,0,False,0,False,0,False,31,False,37,False,37,False,32,False,3276.94,False,37,False,0
430510805100297,242,False,176,False,128,False,21,False,17,False,7,False,0,False,,True,69,False,113,False,113,False,109,False,3856.95,False,113,False,0
430510805100298,419,False,207,False,234,False,,True,14,False,67,False,79,False,0,False,50,False,174,False,174,False,166,False,2520.47,False,174,False,0
430510805110001,267,False,131,False,138,False,21,False,14,False,13,False,,True,0,False,72,False,117,False,117,False,30,False,3523.61,False,117,False,1
430510805110003,621,False,286,False,333,False,21,False,31,False,94,False,56,False,0,False,57,False,250,False,250,False,249,False,4714.68,False,250,False,1
430510805110007,78,False,35,False,39,False,,True,,True,6,False,3,False,0,False,35,False,33,False,29,False,26,False,1950.87,False,33,False,1
430510805110008,30,False,18,False,15,False,,True,0,False,8,False,,True,0,False,,True,14,False,13,False,,True,3365.14,False,14,False,1
430510805110009,304,False,177,False,157,False,19,False,15,False,13,False,11,False,0,False,19,False,139,False,139,False,44,False,4597.93,False,139,False,1
430510805110010,179,False,75,False,97,False,8,False,,True,31,False,14,False,0,False,,True,70,False,70,False,34,False,8688.64,False,70,False,1
430510805110011,560,False,239,False,273,False,41,False,33,False,43,False,16,False,0,False,219,False,215,False,214,False,212,False,2609.26,False,215,False,1
430510805110012,625,False,287,False,306,False,46,False,41,False,21,False,10,False,,True,91,False,263,False,262,False,80,False,5292.68,False,263,False,1
430510805110014,730,False,346,False,383,False,31,False,40,False,76,False,66,False,0,False,41,False,304,False,304,False,31,False,3346.11,False,304,False,1
430510805110017,601,False,255,False,327,False,25,False,18,False,62,False,101,False,,True,170,False,233,False,233,False,164,False,3997.56,False,233,False,1
430510805110019,822,False,377,False,420,False,35,False,66,False,91,False,49,False,0,False,185,False,315,False,310,False,251,False,2752.05,False,315,False,1
430510805110020,660,False,340,False,339,False,24,False,36,False,81,False,44,False,0,False,66,False,293,False,293,False,291,False,4701.39,False,293,False,1
430510805110021,883,False,376,False,467,False,38,False,50,False,140,False,70,False,,True,57,False,339,False,339,False,187,False,8141.91,False,339,False,1
430510805110025,824,False,359,False,410,False,51,False,49,False,79,False,45,False,3,False,221,False,314,False,313,False,203,False,2862.47,False,314,False,1
430510805110026,444,False,208,False,227,False,25,False,19,False,62,False,25,False,0,False,43,False,180,False,180,False,179,False,4895.7,False,180,False,1
430510805110027,478,False,236,False,251,False,27,False,31,False,72,False,43,False,,True,51,False,208,False,207,False,202,False,4166.66,False,208,False,1
430510805110028,36,False,16,False,18,False,,True,,True,8,False,,True,0,False,,True,15,False,15,False,9,False,3693.87,False,15,False,1
430510805110029,570,False,239,False,288,False,25,False,32,False,44,False,16,False,0,False,47,False,226,False,225,False,53,False,4735.28,False,226,False,1
430510805110030,619,False,308,False,324,False,36,False,29,False,35,False,16,False,0,False,54,False,285,False,285,False,285,False,4399.96,False,285,False,1
430510805110031,760,False,351,False,377,False,41,False,49,False,69,False,37,False,0,False,53,False,298,False,298,False,127,False,5968.88,False,298,False,1
430510805110032,910,False,408,False,471,False,54,False,52,False,52,False,24,False,0,False,85,False,360,False,359,False,129,False,5697.91,False,360,False,1
430510805110033,529,False,249,False,282,False,28,False,30,False,76,False,52,False,0,False,29,False,219,False,219,False,20,False,4633.95,False,219,False,1
430510805110034,629,False,265,False,335,False,22,False,45,False,76,False,46,False,0,False,61,False,246,False,246,False,212,False,4306.25,False,246,False,1
430510805110035,623,False,317,False,318,False,50,False,39,False,33,False,20,False,0,False,26,False,258,False,258,False,41,False,4701.59,False,258,False,1
430510805110036,832,False,363,False,428,False,56,False,53,False,68,False,32,False,,True,136,False,329,False,319,False,145,False,4907.25,False,329,False,1
430510805110037,580,False,282,False,278,False,21,False,35,False,44,False,27,False,3,False,90,False,251,False,251,False,196,False,4096.86,False,251,False,1
430510805110038,562,False,238,False,278,False,27,False,26,False,81,False,39,False,0,False,54,False,213,False,213,False,212,False,4289.84,False,213,False,1
430510805110039,658,False,307,False,343,False,15,False,25,False,102,False,69,False,0,False,44,False,260,False,260,False,88,False,4933.45,False,260,False,1
430510805110040,379,False,174,False,199,False,21,False,15,False,45,False,57,False,0,False,79,False,147,False,147,False,111,False,3286.41,False,147,False,1
430510805110041,469,False,224,False,248,False,19,False,18,False,70,False,64,False,0,False,58,False,199,False,199,False,198,False,3792.66,False,199,False,1
430510805110042,584,False,298,False,296,False,38,False,26,False,33,False,17,False,0,False,52,False,260,False,260,False,121,False,4956.87,False,260,False,1
430510805110043,727,False,363,False,370,False,64,False,43,False,33,False,9,False,0,False,120,False,318,False,316,False,207,False,5270.89,False,318,False,1
430510805110044,525,False,263,False,261,False,40,False,32,False,26,False,12,False,,True,55,False,214,False,214,False,174,False,5854.65,False,214,False,1
430510805110045,737,False,342,False,379,False,37,False,44,False,56,False,31,False,0,False,90,False,296,False,294,False,177,False,4526.74,False,296,False,1
430510805110046,337,False,150,False,167,False,18,False,21,False,25,False,20,False,9,False,91,False,136,False,130,False,106,False,2159.69,False,136,False,1
430510805110047,463,False,200,False,241,False,38,False,42,False,23,False,12,False,0,False,208,False,184,False,184,False,176,False,1755.11,False,184,False,1
430510805110048,338,False,172,False,170,False,21,False,18,False,15,False,8,False,0,False,144,False,161,False,161,False,159,False,1697.54,False,161,False,1
430510805110049,727,False,358,False,387,False,17,False,24,False,141,False,93,False,0,False,,True,303,False,302,False,214,False,6703.99,False,303,False,1
430510805110050,396,False,160,False,208,False,22,False,19,False,62,False,22,False,,True,23,False,146,False,146,False,143,False,6762.87,False,146,False,1
430510805110051,996,False,445,False,517,False,40,False,58,False,101,False,43,False,,True,166,False,409,False,409,False,162,False,5374.11,False,409,False,1
430510805110052,819,False,360,False,445,False,41,False,38,False,111,False,65,False,0,False,133,False,327,False,327,False,177,False,4926.79,False,327,False,1
430510805120001,88,False,43,False,48,False,,True,6,False,15,False,14,False,0,False,,True,35,False,35,False,34,False,2805.06,False,35,False,1
430510805120002,939,False,400,False,489,False,54,False,56,False,75,False,43,False,0,False,314,False,354,False,354,False,254,False,2932.97,False,354,False,1
430510805120003,627,False,311,False,336,False,33,False,29,False,73,False,58,False,0,False,190,False,247,False,247,False,244,False,2761.83,False,247,False,1
430510805120004,750,False,347,False,393,False,48,False,40,False,99,False,56,False,0,False,222,False,287,False,287,False,282,False,2869.7,False,287,False,1
430510805120005,484,False,214,False,249,False,12,False,33,False,71,False,47,False,0,False,80,False,177,False,175,False,135,False,2930.45,False,177,False,1
430510805120006,683,False,301,False,344,False,30,False,40,False,73,False,72,False,0,False,247,False,262,False,262,False,261,False,2691.6,False,262,False,1
430510805120008,587,False,260,False,290,False,33,False,28,False,59,False,42,False,0,False,200,False,223,False,223,False,223,False,2241.65,False,223,False,1
430510805120009,362,False,151,False,179,False,14,False,34,False,35,False,23,False,,True,103,False,127,False,127,False,105,False,2802.11,False,127,False,1
430510805120010,966,False,370,False,484,False,42,False,62,False,132,False,44,False,0,False,297,False,352,False,352,False,249,False,2949.36,False,352,False,1
430510805120011,911,False,406,False,439,False,54,False,51,False,112,False,62,False,,True,350,False,341,False,341,False,287,False,2346.44,False,341,False,1
430510805120013,1009,False,418,False,508,False,51,False,67,False,115,False,89,False,0,False,309,False,392,False,392,False,357,False,2273.88,False,392,False,1
430510805120014,559,False,257,False,296,False,32,False,32,False,72,False,49,False,0,False,216,False,191,False,191,False,190,False,2528.62,False,191,False,1
430510805120015,283,False,151,False,140,False,17,False,13,False,32,False,23,False,,True,127,False,115,False,115,False,115,False,2127.32,False,115,False,1
430510805120016,640,False,257,False,308,False,45,False,35,False,81,False,14,False,0,False,174,False,232,False,231,False,220,False,2781.69,False,232,False,1
430510805120017,1164,False,446,False,590,False,84,False,92,False,82,False,34,False,,True,483,False,396,False,396,False,394,False,2376.22,False,396,False,1
430510805120018,103,False,48,False,55,False,,True,13,False,10,False,14,False,0,False,31,False,37,False,37,False,30,False,2236.43,False,37,False,1
430510805120019,18,False,8,False,8,False,0,False,,True,,True,,True,0,False,0,False,8,False,8,False,7,False,2675.0,False,8,False,1
430510805120020,299,False,132,False,149,False,21,False,18,False,43,False,37,False,,True,89,False,119,False,119,False,64,False,2499.16,False,119,False,1
430510805120021,1037,False,399,False,526,False,65,False,79,False,71,False,39,False,,True,314,False,365,False,365,False,333,False,2407.89,False,365,False,1
430510805120023,454,False,191,False,227,False,22,False,38,False,51,False,33,False,0,False,101,False,170,False,170,False,170,False,2281.04,False,170,False,1
430510805120025,823,False,307,False,426,False,47,False,68,False,88,False,46,False,0,False,370,False,283,False,283,False,283,False,2174.6,False,283,False,1
430510805120026,465,False,225,False,247,False,12,False,26,False,64,False,40,False,0,False,157,False,179,False,179,False,179,False,2596.58,False,179,False,1
430510805120027,868,False,410,False,437,False,39,False,41,False,107,False,70,False,,True,312,False,351,False,350,False,341,False,2686.22,False,351,False,1
430510805120028,533,False,272,False,274,False,30,False,24,False,67,False,52,False,0,False,124,False,217,False,217,False,197,False,3089.72,False,217,False,1
430510805120031,649,False,337,False,330,False,28,False,31,False,85,False,85,False,0,False,37,False,290,False,290,False,204,False,3019.17,False,290,False,1
430510805120032,790,False,359,False,423,False,34,False,34,False,123,False,99,False,0,False,54,False,313,False,313,False,227,False,3312.75,False,313,False,1
430510805120034,396,False,220,False,207,False,13,False,22,False,35,False,31,False,0,False,29,False,186,False,186,False,61,False,2781.97,False,186,False,1
430510805120035,590,False,278,False,306,False,17,False,24,False,84,False,71,False,0,False,105,False,242,False,242,False,240,False,3103.05,False,242,False,1
430510805120037,314,False,202,False,163,False,18,False,,True,24,False,,True,,True,142,False,139,False,139,False,113,False,2282.16,False,139,False,1
430510805120038,409,False,240,False,210,False,26,False,29,False,21,False,,True,0,False,161,False,177,False,175,False,67,False,2466.48,False,177,False,1
430510805120039,432,False,190,False,217,False,29,False,30,False,45,False,29,False,0,False,177,False,163,False,163,False,163,False,2027.42,False,163,False,1
430510805120040,581,False,293,False,301,False,15,False,28,False,69,False,91,False,0,False,51,False,252,False,252,False,152,False,3058.8,False,252,False,1
430510805120041,72,False,33,False,32,False,,True,4,False,13,False,3,False,0,False,20,False,29,False,29,False,28,False,2077.59,False,29,False,1
430510805120043,282,False,133,False,144,False,14,False,14,False,44,False,18,False,0,False,,True,109,False,109,False,95,False,7319.91,False,109,False,1
430510805120046,754,False,401,False,387,False,35,False,35,False,48,False,13,False,0,False,155,False,345,False,345,False,106,False,3838.1,False,345,False,1
430510805120047,0,False,0,False,0,False,0,False,0,False,0,False,0,False,0,False,0,False,0,False,0,False,0,False,0.0,False,0,False,1
430510805120049,63,False,42,False,33,False,,True,,True,9,False,11,False,0,False,6,False,30,False,20,False,15,False,3216.77,False,30,False,1
430510805120050,40,False,16,False,16,False,,True,3,False,6,False,,True,0,False,,True,14,False,14,False,12,False,3685.71,False,14,False,1
430510805120051,1026,False,385,False,520,False,69,False,87,False,81,False,24,False,5,False,451,False,354,False,354,False,352,False,2270.24,False,354,False,1
430510805120052,535,False,192,False,272,False,41,False,31,False,39,False,28,False,0,False,229,False,181,False,181,False,175,False,2191.85,False,181,False,1
430510805120054,228,False,95,False,122,False,23,False,23,False,11,False,4,False,0,False,99,False,74,False,74,False,70,False,2463.61,False,74,False,1
430510805120056,159,False,64,False,82,False,9,False,,True,15,False,,True,0,False,65,False,54,False,54,False,54,False,2267.41,False,54,False,1
430510805120057,432,False,193,False,232,False,29,False,36,False,47,False,29,False,0,False,125,False,162,False,162,False,130,False,2864.59,False,162,False,1
430510805120058,457,False,214,False,224,False,20,False,23,False,68,False,39,False,0,False,127,False,173,False,173,False,171,False,2950.5,False,173,False,1
430510805120059,751,False,291,False,379,False,58,False,49,False,57,False,21,False,5,False,291,False,266,False,266,False,265,False,2470.87,False,266,False,1
430510805120060,659,False,301,False,336,False,54,False,47,False,20,False,11,False,0,False,247,False,271,False,271,False,258,False,2421.71,False,271,False,1
430510805120061,844,False,400,False,426,False,76,False,51,False,24,False,13,False,,True,286,False,329,False,329,False,325,False,2917.23,False,329,False,1
430510805120062,729,False,333,False,389,False,56,False,54,False,35,False,20,False,3,False,229,False,293,False,293,False,162,False,2589.15,False,293,False,1
430510805120063,533,False,263,False,272,False,43,False,43,False,21,False,10,False,0,False,129,False,227,False,227,False,47,False,3025.13,False,227,False,1
430510805120064,572,False,270,False,303,False,38,False,40,False,19,False,,True,0,False,203,False,230,False,230,False,222,False,2987.42,False,230,False,1
430510805120065,640,False,321,False,333,False,62,False,33,False,18,False,3,False,0,False,196,False,261,False,260,False,151,False,3495.56,False,261,False,1
430510805120066,663,False,284,False,342,False,45,False,57,False,23,False,17,False,0,False,216,False,253,False,253,False,198,False,2754.42,False,253,False,1
430510805120067,733,False,270,False,374,False,60,False,72,False,48,False,31,False,0,False,393,False,244,False,244,False,237,False,2112.61,False,244,False,1
430510805120068,505,False,187,False,257,False,30,False,34,False,52,False,24,False,0,False,228,False,175,False,175,False,175,False,2029.84,False,175,False,1
430510805120069,384,False,202,False,193,False,16,False,14,False,41,False,44,False,0,False,23,False,158,False,158,False,74,False,2935.88,False,158,False,1
430510805120070,517,False,238,False,267,False,17,False,34,False,64,False,59,False,0,False,177,False,206,False,205,False,206,False,1736.72,False,206,False,1
430510805120071,625,False,299,False,317,False,58,False,49,False,14,False,3,False,3,False,227,False,261,False,261,False,159,False,2674.38,False,261,False,1
430510805120072,941,False,402,False,498,False,62,False,73,False,54,False,24,False,5,False,289,False,376,False,376,False,347,False,2935.54,False,376,False,1
430510805120073,520,False,234,False,277,False,25,False,31,False,58,False,54,False,0,False,16,False,205,False,205,False,185,False,2734.58,False,205,False,1
430510805120074,392,False,244,False,192,False,32,False,19,False,17,False,11,False,0,False,,True,172,False,172,False,53,False,7044.81,False,172,False,1
430510805120075,480,False,258,False,250,False,26,False,28,False,45,False,22,False,0,False,93,False,214,False,214,False,208,False,3892.53,False,214,False,1
430510805120076,611,False,311,False,304,False,44,False,28,False,42,False,23,False,,True,80,False,265,False,265,False,201,False,5008.08,False,265,False,1
430510805120077,664,False,277,False,338,False,33,False,37,False,97,False,42,False,0,False,73,False,243,False,241,False,195,False,5557.19,False,243,False,1
430510805120078,553,False,278,False,281,False,29,False,28,False,59,False,52,False,0,False,174,False,212,False,212,False,205,False,2587.66,False,212,False,1
430510805120079,342,False,173,False,174,False,14,False,30,False,25,False,21,False,,True,42,False,151,False,151,False,133,False,6431.88,False,151,False,1
430510805120080,796,False,338,False,409,False,45,False,62,False,59,False,37,False,0,False,180,False,299,False,299,False,271,False,3190.22,False,299,False,1
430510805120081,751,False,271,False,372,False,51,False,35,False,77,False,52,False,,True,332,False,266,False,266,False,246,False,1945.87,False,266,False,1
430510805120082,694,False,288,False,357,False,49,False,54,False,34,False,10,False,,True,253,False,264,False,264,False,263,False,2468.25,False,264,False,1
430510805120083,967,False,419,False,505,False,59,False,57,False,61,False,34,False,0,False,388,False,386,False,386,False,385,False,2422.86,False,386,False,1
430510805120084,783,False,267,False,411,False,43,False,67,False,43,False,24,False,,True,377,False,253,False,253,False,241,False,2013.41,False,253,False,1
430510805120085,184,False,80,False,98,False,9,False,16,False,21,False,,True,,True,64,False,65,False,65,False,53,False,2100.52,False,65,False,1
430510805120086,320,False,118,False,183,False,26,False,26,False,17,False,,True,,True,141,False,104,False,103,False,100,False,1927.4,False,104,False,1
430510805120087,684,False,315,False,359,False,29,False,44,False,81,False,60,False,0,False,190,False,263,False,262,False,263,False,2259.53,False,263,False,1
430510805120088,76,False,49,False,41,False,,True,6,False,,True,,True,0,False,26,False,29,False,29,False,29,False,1876.21,False,29,False,1
430510805130001,853,False,350,False,438,False,49,False,52,False,104,False,41,False,,True,228,False,316,False,316,False,316,False,2853.69,False,316,False,0
430510805130002,459,False,229,False,240,False,20,False,17,False,58,False,58,False,0,False,77,False,189,False,189,False,160,False,3850.6,False,189,False,0
430510805130003,238,False,97,False,111,False,14,False,16,False,23,False,,True,5,False,101,False,80,False,80,False,71,False,2558.64,False,80,False,0
430510805130004,66,False,22,False,35,False,,True,10,False,,True,,True,4,False,,True,22,False,22,False,3,False,2665.23,False,22,False,0
430510805130005,555,False,242,False,285,False,40,False,44,False,54,False,23,False,,True,178,False,202,False,202,False,177,False,2279.51,False,202,False,0
430510805130007,756,False,360,False,400,False,38,False,42,False,62,False,32,False,4,False,144,False,328,False,328,False,294,False,4137.78,False,328,False,0
430510805130009,73,False,39,False,42,False,8,False,,True,7,False,,True,0,False,16,False,31,False,31,False,31,False,2350.77,False,31,False,0
430510805130010,39,False,14,False,24,False,0,False,,True,,True,,True,0,False,19,False,12,False,12,False,11,False,3758.33,False,12,False,0
430510805130011,48,False,20,False,24,False,4,False,3,False,,True,,True,0,False,10,False,16,False,16,False,16,False,2822.06,False,16,False,0
430510805130014,432,False,189,False,220,False,27,False,29,False,49,False,28,False,0,False,81,False,167,False,167,False,150,False,3253.42,False,167,False,0
430510805130016,558,False,271,False,289,False,22,False,24,False,73,False,57,False,0,False,136,False,240,False,240,False,209,False,2337.99,False,240,False,0
430510805130017,349,False,184,False,186,False,29,False,12,False,44,False,40,False,0,False,62,False,142,False,141,False,135,False,3038.34,False,142,False,0
430510805130018,584,False,300,False,313,False,33,False,29,False,91,False,102,False,0,False,66,False,258,False,255,False,257,False,4015.55,False,258,False,0
430510805130019,635,False,323,False,361,False,25,False,31,False,70,False,72,False,,True,125,False,273,False,272,False,264,False,3972.79,False,273,False,0
430510805130020,578,False,311,False,319,False,18,False,24,False,83,False,94,False,0,False,79,False,259,False,259,False,258,False,2977.82,False,259,False,0
430510805130021,749,False,330,False,394,False,40,False,43,False,98,False,73,False,7,False,233,False,307,False,307,False,247,False,2680.01,False,307,False,0
430510805130029,440,False,231,False,236,False,21,False,16,False,69,False,60,False,0,False,56,False,194,False,193,False,141,False,3166.97,False,194,False,0
430510805130031,594,False,303,False,308,False,15,False,28,False,81,False,75,False,,True,146,False,249,False,249,False,187,False,2677.87,False,249,False,0
430510805130032,844,False,367,False,441,False,48,False,58,False,78,False,75,False,4,False,191,False,322,False,322,False,213,False,3210.45,False,322,False,0
430510805130033,689,False,343,False,382,False,33,False,29,False,90,False,89,False,0,False,98,False,285,False,284,False,280,False,3415.38,False,285,False,0
430510805130034,142,False,59,False,66,False,12,False,13,False,9,False,6,False,0,False,53,False,51,False,42,False,18,False,2296.49,False,51,False,0
430510805130035,414,False,182,False,207,False,18,False,26,False,51,False,27,False,,True,141,False,158,False,158,False,156,False,2753.04,False,158,False,0
430510805130036,578,False,272,False,300,False,33,False,26,False,61,False,26,False,0,False,136,False,240,False,240,False,226,False,3227.43,False,240,False,0
430510805130037,368,False,192,False,187,False,14,False,15,False,47,False,18,False,0,False,131,False,150,False,150,False,145,False,2570.48,False,150,False,0
430510805130038,591,False,269,False,302,False,38,False,38,False,41,False,16,False,0,False,114,False,223,False,223,False,191,False,2865.99,False,223,False,0
430510805130039,660,False,278,False,332,False,46,False,33,False,80,False,44,False,0,False,152,False,258,False,254,False,200,False,3586.31,False,258,False,0
430510805130040,300,False,121,False,149,False,16,False,28,False,20,False,23,False,0,False,67,False,114,False,109,False,11,False,2981.62,False,114,False,0
430510805130041,769,False,353,False,378,False,56,False,53,False,65,False,47,False,0,False,190,False,299,False,299,False,290,False,3247.55,False,299,False,0
430510805130042,332,False,164,False,161,False,21,False,25,False,37,False,30,False,0,False,84,False,129,False,129,False,114,False,2781.0,False,129,False,0
430510805130043,375,False,191,False,195,False,15,False,14,False,42,False,52,False,0,False,62,False,160,False,160,False,113,False,4108.52,False,160,False,0
430510805130044,762,False,393,False,395,False,34,False,37,False,77,False,65,False,0,False,115,False,357,False,357,False,350,False,3254.12,False,357,False,0
430510805130045,459,False,244,False,233,False,23,False,10,False,74,False,41,False,0,False,50,False,212,False,212,False,98,False,5499.33,False,212,False,0
430510805130046,425,False,204,False,223,False,20,False,10,False,59,False,54,False,0,False,32,False,172,False,172,False,154,False,5698.43,False,172,False,0
430510805130047,711,False,322,False,372,False,42,False,34,False,78,False,61,False,0,False,93,False,291,False,284,False,206,False,4388.3,False,291,False,0
430510805130048,723,False,326,False,379,False,39,False,28,False,73,False,23,False,0,False,47,False,294,False,293,False,248,False,4132.04,False,294,False,0
430510805130049,401,False,179,False,203,False,15,False,19,False,61,False,51,False,4,False,73,False,155,False,155,False,148,False,3332.54,False,155,False,0
430510805130050,617,False,293,False,322,False,40,False,31,False,68,False,52,False,0,False,81,False,257,False,257,False,250,False,3595.37,False,257,False,0
430510805130051,511,False,260,False,259,False,20,False,24,False,51,False,70,False,0,False,72,False,203,False,202,False,195,False,3669.76,False,203,False,0
430510805130052,611,False,261,False,323,False,28,False,38,False,44,False,34,False,0,False,153,False,236,False,236,False,209,False,3992.95,False,236,False,0
430510805130053,818,False,382,False,424,False,36,False,53,False,79,False,62,False,0,False,78,False,332,False,332,False,324,False,4596.86,False,332,False,0
430510805130054,435,False,211,False,214,False,34,False,25,False,59,False,24,False,0,False,89,False,181,False,181,False,179,False,3533.48,False,181,False,0
430510805130055,381,False,171,False,197,False,14,False,18,False,56,False,54,False,0,False,63,False,147,False,146,False,147,False,3270.07,False,147,False,0
430510805130056,366,False,178,False,191,False,14,False,16,False,57,False,50,False,0,False,37,False,156,False,156,False,138,False,3952.08,False,156,False,0
430510805130057,488,False,240,False,261,False,20,False,29,False,39,False,42,False,0,False,102,False,206,False,206,False,146,False,2688.01,False,206,False,0
430510805130058,303,False,156,False,169,False,,True,,True,43,False,53,False,,True,41,False,126,False,123,False,125,False,3209.96,False,126,False,0
430510805130059,553,False,237,False,271,False,47,False,53,False,23,False,8,False,0,False,73,False,216,False,213,False,188,False,4533.68,False,216,False,0
430510805130060,802,False,385,False,422,False,55,False,52,False,51,False,29,False,0,False,116,False,335,False,335,False,249,False,3901.8,False,335,False,0
430510805130061,743,False,304,False,370,False,46,False,52,False,73,False,44,False,,True,54,False,280,False,259,False,131,False,3693.94,False,280,False,0
430510805140002,395,False,168,False,199,False,27,False,22,False,39,False,29,False,,True,78,False,148,False,142,False,76,False,3206.72,False,148,False,0
430510805140003,837,False,357,False,420,False,46,False,65,False,55,False,37,False,0,False,187,False,306,False,295,False,294,False,2633.95,False,306,False,0
430510805140004,993,False,410,False,494,False,55,False,52,False,81,False,49,False,0,False,281,False,365,False,365,False,360,False,2894.04,False,365,False,0
430510805140005,756,False,352,False,397,False,42,False,59,False,79,False,57,False,4,False,167,False,285,False,285,False,226,False,3480.1,False,285,False,0
430510805140006,686,False,299,False,352,False,33,False,54,False,81,False,55,False,,True,174,False,255,False,255,False,255,False,2612.72,False,255,False,0
430510805140010,782,False,352,False,423,False,42,False,28,False,110,False,81,False,0,False,180,False,315,False,315,False,274,False,3067.0,False,315,False,0
430510805140011,732,False,332,False,362,False,34,False,33,False,78,False,57,False,0,False,251,False,300,False,300,False,300,False,2115.19,False,300,False,0
430510805140012,664,False,316,False,348,False,28,False,39,False,81,False,71,False,0,False,161,False,275,False,275,False,274,False,2422.78,False,275,False,0
430510805140013,578,False,257,False,307,False,40,False,34,False,85,False,72,False,3,False,134,False,222,False,222,False,174,False,2953.56,False,222,False,0
430510805140021,579,False,267,False,289,False,38,False,40,False,44,False,13,False,,True,233,False,229,False,229,False,213,False,2262.32,False,229,False,0
430510805140022,846,False,357,False,418,False,43,False,57,False,80,False,58,False,,True,220,False,318,False,318,False,312,False,2874.64,False,318,False,0
430510805140025,694,False,346,False,363,False,26,False,30,False,111,False,106,False,0,False,167,False,287,False,287,False,285,False,3119.12,False,287,False,0
430510805140026,714,False,346,False,366,False,30,False,40,False,112,False,76,False,0,False,149,False,289,False,289,False,289,False,2373.75,False,289,False,0
430510805140027,588,False,261,False,303,False,20,False,33,False,72,False,60,False,0,False,141,False,230,False,230,False,215,False,2335.57,False,230,False,0
430510805140028,126,False,52,False,64,False,6,False,9,False,22,False,11,False,0,False,20,False,48,False,48,False,48,False,4062.27,False,48,False,1
430510805140030,823,False,381,False,430,False,46,False,56,False,98,False,58,False,,True,394,False,345,False,345,False,342,False,1780.96,False,345,False,0
430510805140031,601,False,284,False,315,False,49,False,40,False,81,False,30,False,0,False,247,False,227,False,227,False,225,False,2591.65,False,227,False,0
430510805140032,277,False,101,False,139,False,27,False,26,False,15,False,,True,0,False,90,False,93,False,93,False,85,False,1820.52,False,93,False,0
430510805140033,63,False,32,False,33,False,,True,,True,,True,,True,0,False,,True,24,False,23,False,5,False,3679.33,False,24,False,0
430510805140038,667,False,288,False,320,False,46,False,56,False,51,False,22,False,,True,265,False,234,False,229,False,181,False,1987.21,False,234,False,0
430510805140039,623,False,245,False,306,False,47,False,46,False,40,False,18,False,,True,229,False,223,False,216,False,99,False,2302.96,False,223,False,0
430510805140040,456,False,173,False,233,False,19,False,42,False,27,False,19,False,0,False,155,False,148,False,148,False,101,False,2360.51,False,148,False,0
430510805140041,734,False,300,False,353,False,39,False,40,False,59,False,25,False,0,False,309,False,265,False,265,False,254,False,2302.21,False,265,False,0
430510805140042,469,False,200,False,247,False,36,False,26,False,22,False,15,False,0,False,163,False,175,False,175,False,135,False,2949.78,False,175,False,0
430510805140044,470,False,180,False,229,False,31,False,35,False,23,False,20,False,0,False,169,False,157,False,157,False,82,False,1822.79,False,157,False,0
430510805140045,507,False,183,False,268,False,40,False,41,False,29,False,15,False,0,False,167,False,169,False,169,False,153,False,1715.01,False,169,False,0
430510805140046,564,False,223,False,310,False,34,False,48,False,26,False,14,False,0,False,149,False,201,False,201,False,200,False,2040.41,False,201,False,0
430510805140047,917,False,353,False,470,False,76,False,76,False,42,False,23,False,0,False,432,False,317,False,316,False,195,False,2159.53,False,317,False,0
430510805140048,1053,False,408,False,527,False,80,False,99,False,44,False,16,False,0,False,425,False,353,False,350,False,127,False,2357.42,False,353,False,0
430510805140049,468,False,188,False,248,False,18,False,34,False,64,False,23,False,0,False,175,False,170,False,169,False,168,False,2475.21,False,170,False,0
430510805140051,65,False,34,False,34,False,0,False,,True,,True,,True,0,False,13,False,27,False,27,False,9,False,2300.0,False,27,False,0
430510805140052,31,False,15,False,14,False,,True,,True,,True,,True,0,False,5,False,15,False,12,False,5,False,3240.0,False,15,False,0
430510805140053,558,False,235,False,286,False,33,False,24,False,66,False,44,False,0,False,165,False,213,False,213,False,213,False,2728.32,False,213,False,0
430510805140054,500,False,300,False,270,False,29,False,32,False,39,False,16,False,0,False,168,False,236,False,236,False,235,False,2102.72,False,236,False,0
430510805140055,372,False,158,False,199,False,19,False,23,False,43,False,43,False,4,False,112,False,137,False,137,False,137,False,3039.56,False,137,False,0
430510805140056,801,False,330,False,424,False,43,False,48,False,86,False,35,False,0,False,254,False,294,False,292,False,290,False,2521.34,False,294,False,0
430510805140057,208,False,71,False,107,False,16,False,15,False,11,False,18,False,0,False,82,False,66,False,66,False,56,False,1918.57,False,66,False,0
430510805140058,417,False,162,False,210,False,23,False,34,False,53,False,18,False,0,False,154,False,138,False,137,False,133,False,1959.33,False,138,False,0
430510805140060,749,False,312,False,385,False,33,False,57,False,67,False,25,False,3,False,256,False,282,False,276,False,256,False,2576.17,False,282,False,0
430510805140061,394,False,200,False,218,False,36,False,29,False,16,False,,True,0,False,135,False,171,False,171,False,65,False,2520.64,False,171,False,0
430510805140062,165,False,58,False,92,False,6,False,12,False,,True,9,False,0,False,68,False,55,False,55,False,54,False,3388.17,False,55,False,0
430510805140063,573,False,242,False,301,False,30,False,40,False,70,False,59,False,0,False,159,False,216,False,216,False,211,False,2213.11,False,216,False,0
430510805140066,555,False,240,False,288,False,26,False,30,False,68,False,31,False,,True,136,False,215,False,215,False,105,False,3795.0,False,215,False,0
430510805140069,241,False,94,False,117,False,16,False,16,False,10,False,8,False,4,False,118,False,80,False,78,False,23,False,2794.99,False,80,False,0
430510805140070,557,False,221,False,286,False,24,False,38,False,55,False,31,False,3,False,162,False,204,False,204,False,195,False,2716.14,False,204,False,0
430510805140071,528,False,342,False,285,False,31,False,34,False,39,False,16,False,0,False,219,False,250,False,249,False,229,False,2343.67,False,250,False,0
430510805140072,282,False,172,False,147,False,18,False,19,False,12,False,,True,0,False,85,False,135,False,135,False,131,False,2957.92,False,135,False,0
430510805140073,1165,False,507,False,583,False,73,False,78,False,84,False,48,False,,True,424,False,437,False,433,False,397,False,2386.51,False,437,False,0
430510805140074,669,False,282,False,337,False,44,False,54,False,34,False,23,False,0,False,213,False,247,False,246,False,119,False,2396.71,False,247,False,0
430510805140075,491,False,214,False,256,False,33,False,31,False,55,False,27,False,0,False,88,False,185,False,185,False,182,False,3063.26,False,185,False,0
430510805140076,546,False,227,False,283,False,32,False,31,False,67,False,32,False,0,False,182,False,205,False,205,False,183,False,2301.02,False,205,False,0
430510805140077,465,False,186,False,237,False,20,False,23,False,56,False,19,False,0,False,93,False,172,False,172,False,123,False,3856.73,False,172,False,0
430510805140078,638,False,286,False,340,False,32,False,42,False,57,False,24,False,0,False,111,False,243,False,243,False,243,False,3921.34,False,243,False,0
430510805140079,772,False,378,False,390,False,59,False,47,False,70,False,45,False,0,False,183,False,322,False,322,False,292,False,3719.02,False,322,False,0
430510805140080,733,False,320,False,384,False,54,False,48,False,52,False,26,False,0,False,222,False,279,False,279,False,265,False,2435.3,False,279,False,0
430510805140081,336,False,137,False,171,False,12,False,10,False,50,False,40,False,0,False,75,False,119,False,119,False,89,False,2736.63,False,119,False,0
430510805140082,494,False,220,False,270,False,23,False,23,False,64,False,45,False,,True,79,False,195,False,195,False,195,False,3288.77,False,195,False,0
430510805140083,511,False,248,False,268,False,22,False,24,False,60,False,70,False,0,False,90,False,199,False,197,False,152,False,3598.01,False,199,False,0
430510805140084,646,False,330,False,331,False,52,False,40,False,75,False,50,False,,True,174,False,249,False,249,False,205,False,3485.09,False,249,False,0
430510805140085,536,False,256,False,265,False,35,False,20,False,45,False,30,False,0,False,85,False,224,False,209,False,182,False,3787.28,False,224,False,0
430510805140086,568,False,241,False,295,False,36,False,33,False,61,False,26,False,4,False,152,False,221,False,221,False,170,False,3831.38,False,221,False,0
430510805140087,916,False,333,False,460,False,50,False,59,False,71,False,30,False,0,False,390,False,317,False,317,False,270,False,2607.96,False,317,False,0
430510805140088,713,False,297,False,379,False,46,False,49,False,70,False,26,False,3,False,212,False,270,False,270,False,143,False,2899.04,False,270,False,0
430510805140089,363,False,167,False,193,False,11,False,18,False,42,False,38,False,,True,104,False,138,False,138,False,94,False,2306.94,False,138,False,0
430510805140090,1123,False,500,False,580,False,80,False,68,False,83,False,47,False,,True,237,False,422,False,422,False,314,False,2267.16,False,422,False,0
430510805140091,858,False,410,False,449,False,42,False,51,False,74,False,27,False,0,False,209,False,342,False,342,False,331,False,2324.78,False,342,False,0
430510805140092,434,False,200,False,221,False,23,False,16,False,58,False,36,False,0,False,102,False,183,False,183,False,179,False,3319.78,False,183,False,0
430510805140093,575,False,292,False,311,False,28,False,39,False,65,False,48,False,,True,140,False,240,False,240,False,240,False,3025.61,False,240,False,0
430510805140094,644,False,311,False,331,False,39,False,43,False,72,False,41,False,,True,127,False,265,False,265,False,252,False,4137.71,False,265,False,0
430510805140095,670,False,293,False,356,False,49,False,31,False,59,False,39,False,0,False,136,False,253,False,253,False,245,False,4062.51,False,253,False,0
430510805140096,477,False,177,False,251,False,36,False,34,False,30,False,15,False,,True,177,False,156,False,156,False,113,False,2371.87,False,156,False,0
430510805140097,671,False,299,False,341,False,47,False,49,False,73,False,26,False,4,False,211,False,270,False,270,False,161,False,2657.81,False,270,False,0
430510805140098,674,False,298,False,341,False,40,False,41,False,71,False,48,False,,True,251,False,264,False,264,False,237,False,2887.6,False,264,False,0
430510805140099,525,False,250,False,242,False,42,False,32,False,38,False,17,False,0,False,150,False,198,False,194,False,184,False,2797.91,False,198,False,0
430510805140100,798,False,375,False,414,False,54,False,46,False,76,False,31,False,,True,240,False,314,False,314,False,307,False,2799.56,False,314,False,0
430510805140101,495,False,222,False,266,False,23,False,21,False,66,False,38,False,,True,125,False,187,False,187,False,180,False,3819.65,False,187,False,0
430510805140102,518,False,209,False,252,False,27,False,29,False,57,False,32,False,0,False,108,False,187,False,187,False,187,False,2913.66,False,187,False,0
430510805140103,462,False,215,False,234,False,22,False,35,False,49,False,32,False,,True,128,False,179,False,179,False,170,False,3405.46,False,179,False,0
430510805140104,745,False,305,False,412,False,34,False,42,False,63,False,38,False,0,False,175,False,272,False,272,False,245,False,3298.34,False,272,False,0
430510805140105,487,False,214,False,253,False,37,False,45,False,30,False,11,False,0,False,93,False,196,False,196,False,196,False,2558.82,False,196,False,0
430510805140106,430,False,209,False,216,False,35,False,34,False,16,False,,True,,True,94,False,179,False,179,False,179,False,2969.39,False,179,False,0
430510805140107,526,False,215,False,254,False,35,False,40,False,33,False,20,False,,True,161,False,194,False,184,False,43,False,2895.7,False,194,False,0
430510805140108,987,False,389,False,484,False,68,False,67,False,52,False,21,False,0,False,225,False,351,False,335,False,334,False,3086.09,False,351,False,0
430510805140109,1097,False,458,False,550,False,91,False,78,False,36,False,14,False,,True,322,False,412,False,411,False,314,False,3556.48,False,412,False,0
430510805140110,14,False,12,False,5,False,0,False,0,False,,True,0,False,0,False,0,False,7,False,,True,,True,2842.86,False,7,False,0
430510805140111,651,False,301,False,326,False,28,False,43,False,66,False,42,False,0,False,112,False,262,False,261,False,182,False,3640.48,False,262,False,0
430510805140112,481,False,228,False,246,False,20,False,29,False,39,False,12,False,0,False,126,False,200,False,200,False,32,False,3094.38,False,200,False,0
430510805140113,606,False,278,False,304,False,59,False,56,False,21,False,,True,0,False,232,False,238,False,235,False,130,False,2677.53,False,238,False,0
430510805140114,562,False,314,False,278,False,40,False,40,False,27,False,6,False,0,False,180,False,244,False,244,False,239,False,2948.52,False,244,False,0
430510805140115,1371,False,665,False,696,False,110,False,112,False,57,False,30,False,0,False,484,False,523,False,508,False,281,False,2764.21,False,523,False,0
430510805150002,388,False,168,False,196,False,24,False,16,False,41,False,21,False,0,False,121,False,153,False,153,False,149,False,3021.76,False,153,False,0
430510805150004,1266,False,488,False,620,False,86,False,91,False,62,False,39,False,0,False,483,False,454,False,454,False,394,False,2466.72,False,454,False,0
430510805150006,886,False,360,False,468,False,51,False,61,False,79,False,36,False,0,False,222,False,324,False,324,False,24,False,2853.83,False,324,False,0
430510805150007,881,False,369,False,430,False,48,False,47,False,77,False,31,False,0,False,233,False,323,False,323,False,287,False,2463.14,False,323,False,0
430510805150008,573,False,244,False,298,False,23,False,30,False,89,False,49,False,0,False,119,False,221,False,213,False,81,False,2721.38,False,221,False,0
430510805150012,738,False,337,False,373,False,33,False,41,False,82,False,61,False,,True,137,False,298,False,298,False,55,False,3295.94,False,298,False,0
430510805150014,404,False,198,False,202,False,28,False,22,False,29,False,26,False,0,False,69,False,166,False,166,False,95,False,2934.45,False,166,False,0
430510805150017,339,False,275,False,162,False,26,False,26,False,19,False,9,False,0,False,49,False,165,False,165,False,125,False,8944.12,False,165,False,1
430510805150020,116,False,42,False,59,False,,True,,True,10,False,,True,0,False,43,False,39,False,39,False,39,False,1673.21,False,39,False,0
430510805150021,345,False,117,False,167,False,27,False,36,False,20,False,10,False,0,False,162,False,109,False,107,False,95,False,1964.07,False,109,False,0
430510805150022,155,False,63,False,77,False,,True,14,False,6,False,,True,0,False,65,False,59,False,59,False,58,False,1754.72,False,59,False,0
430510805150023,687,False,274,False,349,False,53,False,52,False,68,False,33,False,0,False,252,False,256,False,256,False,203,False,2410.04,False,256,False,0
430510805150025,547,False,241,False,280,False,39,False,37,False,34,False,18,False,0,False,208,False,203,False,203,False,199,False,1948.44,False,203,False,0
430510805150026,95,False,40,False,52,False,,True,7,False,10,False,8,False,0,False,40,False,33,False,33,False,33,False,2720.0,False,33,False,0
430510805150031,397,False,240,False,204,False,24,False,34,False,29,False,14,False,0,False,118,False,174,False,174,False,12,False,2595.56,False,174,False,0
430510805150032,702,False,305,False,370,False,51,False,54,False,90,False,41,False,0,False,163,False,281,False,281,False,169,False,3094.0,False,281,False,0
430510805150033,820,False,316,False,425,False,59,False,64,False,64,False,39,False,3,False,269,False,296,False,296,False,294,False,2134.03,False,296,False,0
430510805150036,204,False,78,False,107,False,9,False,13,False,18,False,13,False,0,False,82,False,74,False,74,False,71,False,1954.13,False,74,False,0
430510805150037,76,False,31,False,39,False,,True,,True,11,False,,True,,True,32,False,27,False,27,False,27,False,1872.19,False,27,False,0
430510805150038,648,False,283,False,323,False,28,False,31,False,77,False,41,False,0,False,80,False,256,False,256,False,240,False,2956.8,False,256,False,1
430510805150039,407,False,162,False,198,False,21,False,40,False,32,False,26,False,0,False,188,False,136,False,136,False,132,False,1653.81,False,136,False,0
430510805150040,884,False,354,False,469,False,61,False,56,False,86,False,28,False,0,False,382,False,320,False,320,False,312,False,2304.25,False,320,False,0
430510805150041,539,False,215,False,293,False,29,False,39,False,54,False,29,False,0,False,192,False,206,False,206,False,170,False,1916.71,False,206,False,0
430510805150043,247,False,114,False,113,False,19,False,19,False,7,False,,True,0,False,60,False,89,False,80,False,74,False,3159.52,False,89,False,0
430510805150044,426,False,179,False,202,False,37,False,42,False,,True,4,False,0,False,121,False,156,False,156,False,142,False,3200.51,False,156,False,0
430510805150045,693,False,383,False,356,False,26,False,35,False,74,False,46,False,0,False,59,False,314,False,313,False,305,False,6283.72,False,314,False,1
430510805150046,760,False,328,False,396,False,44,False,55,False,85,False,51,False,,True,104,False,289,False,289,False,242,False,5632.38,False,289,False,1
430510805150047,558,False,320,False,298,False,28,False,33,False,36,False,29,False,,True,54,False,270,False,270,False,219,False,8056.68,False,270,False,1
430510805150048,557,False,274,False,293,False,40,False,42,False,33,False,31,False,0,False,40,False,241,False,241,False,237,False,9347.86,False,241,False,1
430510805150049,540,False,266,False,280,False,35,False,42,False,43,False,26,False,0,False,56,False,231,False,231,False,193,False,6812.96,False,231,False,0
430510805150050,502,False,221,False,265,False,24,False,25,False,74,False,43,False,0,False,108,False,198,False,198,False,127,False,2738.38,False,198,False,1
430510805150051,417,False,183,False,209,False,24,False,17,False,55,False,25,False,0,False,38,False,162,False,162,False,146,False,3565.72,False,162,False,1
430510805150052,919,False,373,False,480,False,52,False,75,False,63,False,33,False,,True,247,False,333,False,333,False,90,False,3391.52,False,333,False,1
430510805150053,629,False,294,False,329,False,43,False,43,False,33,False,16,False,0,False,127,False,242,False,242,False,88,False,3827.89,False,242,False,1
430510805150054,493,False,220,False,258,False,23,False,38,False,20,False,,True,0,False,160,False,200,False,200,False,35,False,3054.41,False,200,False,1
430510805150055,523,False,251,False,279,False,32,False,30,False,51,False,21,False,0,False,79,False,224,False,224,False,58,False,4312.58,False,224,False,1
430510805150056,619,False,270,False,307,False,18,False,36,False,85,False,41,False,0,False,78,False,244,False,244,False,115,False,3578.72,False,244,False,1
430510805150057,605,False,302,False,331,False,30,False,40,False,47,False,35,False,0,False,129,False,264,False,264,False,134,False,3135.08,False,264,False,1
430510805150058,321,False,179,False,163,False,28,False,16,False,20,False,17,False,0,False,66,False,138,False,138,False,17,False,4105.18,False,138,False,1
430510805150059,747,False,312,False,369,False,55,False,46,False,52,False,24,False,0,False,228,False,280,False,279,False,160,False,2417.6,False,280,False,0
430510805150060,375,False,139,False,197,False,18,False,19,False,31,False,17,False,0,False,122,False,126,False,126,False,106,False,2214.51,False,126,False,0
430510805150061,573,False,218,False,300,False,41,False,46,False,39,False,15,False,0,False,167,False,204,False,204,False,109,False,2622.64,False,204,False,0
430510805150062,641,False,298,False,329,False,29,False,48,False,42,False,29,False,,True,118,False,263,False,263,False,179,False,4845.54,False,263,False,0
430510805150063,593,False,234,False,310,False,36,False,32,False,47,False,15,False,0,False,206,False,227,False,226,False,186,False,3089.95,False,227,False,0
430510805150064,557,False,294,False,293,False,38,False,23,False,32,False,12,False,0,False,58,False,257,False,257,False,47,False,6491.3,False,257,False,0
430510805150065,559,False,287,False,288,False,41,False,46,False,27,False,14,False,,True,166,False,234,False,234,False,191,False,3316.73,False,234,False,0
430510805150066,617,False,346,False,321,False,36,False,35,False,29,False,17,False,0,False,93,False,288,False,287,False,12,False,4083.43,False,288,False,0
430510805150067,746,False,311,False,404,False,43,False,49,False,66,False,36,False,,True,269,False,278,False,278,False,262,False,2605.97,False,278,False,0
430510805150068,798,False,311,False,393,False,53,False,54,False,51,False,24,False,0,False,222,False,283,False,283,False,281,False,2963.97,False,283,False,0
430510805150069,577,False,265,False,299,False,39,False,35,False,29,False,33,False,0,False,135,False,231,False,231,False,97,False,2811.93,False,231,False,0
430510805150070,383,False,177,False,207,False,19,False,21,False,35,False,26,False,3,False,91,False,156,False,156,False,130,False,3038.95,False,156,False,0
430510805150071,476,False,240,False,239,False,30,False,34,False,16,False,,True,0,False,181,False,201,False,201,False,13,False,2798.24,False,201,False,0
430510805150072,546,False,223,False,282,False,37,False,39,False,41,False,34,False,0,False,160,False,202,False,201,False,60,False,2245.49,False,202,False,0
430510805150073,542,False,240,False,285,False,45,False,39,False,38,False,25,False,3,False,187,False,210,False,206,False,153,False,2741.79,False,210,False,0
430510805150074,1032,False,465,False,531,False,63,False,74,False,39,False,44,False,,True,278,False,417,False,417,False,412,False,2740.81,False,417,False,0
430510805150075,718,False,290,False,357,False,48,False,51,False,33,False,19,False,0,False,215,False,263,False,263,False,,True,2366.32,False,263,False,0
430510805150076,578,False,229,False,293,False,24,False,46,False,35,False,28,False,,True,110,False,209,False,209,False,140,False,2554.74,False,209,False,0
430510805150077,627,False,252,False,314,False,45,False,50,False,44,False,22,False,,True,178,False,229,False,229,False,168,False,2738.76,False,229,False,0
430510805150078,608,False,236,False,330,False,42,False,50,False,44,False,16,False,0,False,229,False,218,False,217,False,139,False,2260.58,False,218,False,0
430510805150079,469,False,186,False,229,False,29,False,27,False,28,False,25,False,0,False,101,False,168,False,167,False,129,False,2765.7,False,168,False,0
430510805150080,431,False,195,False,219,False,13,False,25,False,73,False,46,False,0,False,72,False,173,False,173,False,112,False,2439.35,False,173,False,0
430510805150081,413,False,157,False,216,False,20,False,22,False,45,False,44,False,0,False,71,False,149,False,142,False,65,False,2751.8,False,149,False,0
430510805150082,476,False,205,False,247,False,24,False,23,False,54,False,58,False,0,False,60,False,176,False,176,False,77,False,3244.05,False,176,False,0
430510805150083,573,False,229,False,291,False,44,False,42,False,31,False,,True,0,False,163,False,209,False,209,False,201,False,3113.61,False,209,False,0
430510805150084,751,False,290,False,388,False,33,False,45,False,63,False,43,False,0,False,172,False,279,False,279,False,237,False,3199.94,False,279,False,0
430510805150085,809,False,344,False,414,False,49,False,48,False,64,False,41,False,3,False,242,False,307,False,307,False,233,False,2631.78,False,307,False,0
430510805150086,781,False,354,False,400,False,58,False,59,False,44,False,26,False,0,False,198,False,297,False,297,False,145,False,2928.7,False,297,False,0
430510805150087,731,False,328,False,363,False,64,False,53,False,27,False,13,False,0,False,220,False,289,False,287,False,18,False,3149.78,False,289,False,0
430510805150088,574,False,223,False,272,False,53,False,72,False,26,False,12,False,8,False,266,False,187,False,183,False,,True,1866.25,False,187,False,0
430510805150089,722,False,287,False,354,False,32,False,60,False,66,False,38,False,,True,195,False,250,False,241,False,195,False,2634.36,False,250,False,0
430510805160001,223,False,110,False,102,False,11,False,14,False,30,False,15,False,0,False,57,False,85,False,78,False,59,False,3717.88,False,85,False,1
430510805160004,43,False,24,False,19,False,,True,,True,,True,,True,0,False,5,False,16,False,0,False,0,False,2876.88,False,16,False,1
430510805160005,1179,False,521,False,611,False,73,False,81,False,98,False,52,False,0,False,263,False,467,False,430,False,370,False,2869.59,False,467,False,0
430510805160006,328,False,156,False,168,False,10,False,14,False,47,False,44,False,0,False,54,False,136,False,136,False,84,False,3148.66,False,136,False,0
430510805160007,346,False,135,False,162,False,18,False,31,False,38,False,41,False,0,False,53,False,114,False,114,False,42,False,2960.05,False,114,False,0
430510805160009,37,False,12,False,19,False,,True,,True,,True,0,False,0,False,,True,12,False,11,False,0,False,3442.0,False,12,False,0
430510805160010,871,False,386,False,437,False,74,False,70,False,28,False,11,False,0,False,243,False,341,False,323,False,321,False,3475.49,False,341,False,0
430510805160011,48,False,28,False,23,False,,True,,True,8,False,9,False,0,False,,True,18,False,8,False,,True,2292.35,False,18,False,0
430510805160014,121,False,42,False,51,False,,True,6,False,15,False,,True,0,False,44,False,40,False,38,False,22,False,3250.7,False,40,False,1
430510805160015,1046,False,460,False,514,False,60,False,52,False,88,False,80,False,3,False,295,False,393,False,393,False,224,False,2700.17,False,393,False,0
430510805160016,454,False,294,False,231,False,30,False,37,False,17,False,,True,0,False,169,False,197,False,196,False,183,False,2595.55,False,197,False,1
430510805160017,529,False,232,False,285,False,23,False,21,False,97,False,50,False,0,False,93,False,212,False,212,False,210,False,3393.92,False,212,False,0
430510805170001,605,False,235,False,296,False,40,False,35,False,49,False,30,False,0,False,155,False,217,False,203,False,40,False,2948.12,False,217,False,1
430510805170002,97,False,38,False,55,False,,True,,True,13,False,,True,0,False,20,False,34,False,30,False,24,False,2930.88,False,34,False,1
430510805170004,949,False,460,False,454,False,64,False,71,False,96,False,51,False,0,False,250,False,363,False,297,False,180,False,3212.01,False,363,False,1
430510805170005,177,False,70,False,91,False,16,False,16,False,13,False,,True,0,False,42,False,61,False,48,False,23,False,2401.93,False,61,False,1
430510805170006,928,False,376,False,470,False,57,False,67,False,66,False,44,False,0,False,216,False,334,False,326,False,232,False,2512.24,False,334,False,1
430510805170007,433,False,207,False,221,False,22,False,22,False,54,False,29,False,0,False,119,False,167,False,108,False,12,False,2935.66,False,167,False,1
430510805170009,21,False,7,False,6,False,0,False,3,False,0,False,,True,0,False,14,False,5,False,5,False,,True,1614.0,False,5,False,1
430510805170010,726,False,324,False,371,False,46,False,55,False,62,False,49,False,0,False,230,False,284,False,280,False,242,False,2798.71,False,284,False,1
430510805170011,167,False,88,False,72,False,14,False,13,False,,True,0,False,0,False,102,False,58,False,57,False,,True,2359.02,False,58,False,1
430510805170014,536,False,233,False,273,False,20,False,28,False,75,False,80,False,0,False,103,False,197,False,197,False,192,False,3510.6,False,197,False,1
430510805170015,318,False,149,False,160,False,16,False,19,False,38,False,31,False,0,False,78,False,137,False,134,False,88,False,2797.39,False,137,False,0
430510805170016,790,False,305,False,415,False,41,False,53,False,103,False,65,False,0,False,194,False,277,False,277,False,270,False,2699.67,False,277,False,0
430510805170017,776,False,329,False,382,False,35,False,50,False,94,False,42,False,,True,285,False,281,False,279,False,252,False,2457.68,False,281,False,0
430510805170018,770,False,328,False,388,False,45,False,48,False,95,False,39,False,,True,232,False,281,False,280,False,219,False,2486.71,False,281,False,0
430510805170020,949,False,408,False,489,False,48,False,52,False,76,False,52,False,0,False,311,False,363,False,358,False,217,False,2824.92,False,363,False,0
430510805170021,360,False,165,False,174,False,21,False,26,False,32,False,13,False,0,False,100,False,141,False,141,False,103,False,3439.07,False,141,False,1
430510805170024,791,False,381,False,401,False,39,False,48,False,117,False,77,False,0,False,136,False,328,False,322,False,233,False,3041.06,False,328,False,1
430510805170025,740,False,348,False,373,False,31,False,35,False,78,False,114,False,,True,110,False,301,False,297,False,88,False,3648.97,False,301,False,0
430510805170026,533,False,209,False,254,False,43,False,35,False,31,False,11,False,0,False,154,False,184,False,181,False,99,False,2729.04,False,184,False,1
430510805170027,881,False,355,False,447,False,51,False,52,False,63,False,21,False,,True,263,False,323,False,323,False,300,False,3005.98,False,323,False,1
430510805170029,369,False,164,False,188,False,20,False,22,False,46,False,22,False,,True,29,False,147,False,147,False,61,False,6704.42,False,147,False,1
430510805170030,109,False,46,False,57,False,8,False,,True,10,False,19,False,0,False,21,False,39,False,,True,0,False,2281.58,False,39,False,0
430510805170031,132,False,55,False,61,False,9,False,4,False,9,False,,True,0,False,,True,46,False,38,False,18,False,3020.24,False,46,False,0
430510805170034,860,False,374,False,425,False,46,False,49,False,78,False,50,False,0,False,160,False,322,False,321,False,180,False,4078.24,False,322,False,1
430510805170035,618,False,280,False,330,False,32,False,38,False,77,False,57,False,0,False,148,False,246,False,245,False,231,False,3162.91,False,246,False,1
430510805170037,882,False,373,False,461,False,36,False,62,False,82,False,38,False,0,False,182,False,329,False,325,False,312,False,2907.34,False,329,False,1
430510805170039,87,False,43,False,43,False,,True,,True,11,False,8,False,0,False,25,False,34,False,28,False,8,False,2320.0,False,34,False,0
430510805170040,722,False,309,False,374,False,49,False,46,False,27,False,12,False,0,False,226,False,262,False,261,False,256,False,2649.21,False,262,False,1
430510805170041,699,False,304,False,357,False,35,False,38,False,26,False,18,False,0,False,230,False,265,False,265,False,264,False,2834.0,False,265,False,1
430510805170042,667,False,271,False,348,False,38,False,39,False,52,False,31,False,0,False,149,False,244,False,244,False,243,False,2858.43,False,244,False,1
430510805170043,572,False,273,False,292,False,34,False,32,False,38,False,15,False,0,False,150,False,249,False,249,False,247,False,3739.85,False,249,False,1
430510805170044,535,False,253,False,269,False,26,False,32,False,59,False,45,False,0,False,133,False,216,False,216,False,137,False,4415.91,False,216,False,1
430510805170045,507,False,235,False,254,False,23,False,36,False,50,False,21,False,0,False,112,False,196,False,196,False,191,False,3162.08,False,196,False,1
430510805170046,614,False,246,False,314,False,46,False,42,False,64,False,27,False,,True,255,False,230,False,230,False,215,False,2317.56,False,230,False,0
430510805170047,576,False,222,False,295,False,42,False,51,False,34,False,18,False,0,False,194,False,200,False,199,False,173,False,2728.27,False,200,False,0
430510805170048,616,False,280,False,314,False,34,False,46,False,41,False,25,False,0,False,105,False,240,False,228,False,164,False,4211.97,False,240,False,1
430510805170049,350,False,168,False,186,False,17,False,17,False,34,False,31,False,0,False,44,False,149,False,148,False,93,False,4202.37,False,149,False,1
430510805170050,573,False,256,False,295,False,21,False,33,False,65,False,102,False,0,False,87,False,215,False,209,False,107,False,4720.61,False,215,False,1
430510805170051,837,False,469,False,426,False,55,False,39,False,68,False,44,False,3,False,207,False,347,False,346,False,218,False,3410.4,False,347,False,1
430510805170052,360,False,161,False,186,False,15,False,22,False,44,False,17,False,0,False,120,False,145,False,138,False,129,False,2515.3,False,145,False,1
430510805170053,549,False,229,False,281,False,36,False,30,False,49,False,28,False,,True,149,False,202,False,202,False,184,False,2812.46,False,202,False,1
430510805170054,507,False,233,False,259,False,42,False,36,False,17,False,19,False,0,False,87,False,200,False,168,False,139,False,4131.22,False,200,False,0
430510805170055,600,False,302,False,304,False,34,False,33,False,29,False,14,False,0,False,164,False,253,False,228,False,183,False,4504.85,False,253,False,0
430510805170056,497,False,230,False,227,False,27,False,33,False,45,False,26,False,0,False,110,False,202,False,202,False,195,False,2792.7,False,202,False,1
430510805170057,472,False,228,False,247,False,26,False,27,False,45,False,33,False,,True,77,False,191,False,191,False,191,False,4308.08,False,191,False,1
430510805170058,649,False,308,False,329,False,39,False,48,False,34,False,27,False,0,False,106,False,269,False,268,False,247,False,3763.82,False,269,False,1
430510805170059,711,False,294,False,368,False,35,False,38,False,66,False,42,False,,True,184,False,263,False,263,False,117,False,3159.7,False,263,False,1
430510805170060,1332,False,588,False,648,False,83,False,84,False,108,False,48,False,6,False,458,False,495,False,456,False,53,False,2254.73,False,495,False,1
430510805170061,0,False,0,False,0,False,0,False,0,False,0,False,0,False,0,False,0,False,0,False,0,False,0,False,0.0,False,0,False,1
430510805180001,416,False,199,False,214,False,9,False,10,False,72,False,92,False,0,False,29,False,176,False,170,False,15,False,2904.38,False,176,False,0
430510805180002,296,False,172,False,156,False,6,False,8,False,59,False,52,False,0,False,41,False,131,False,120,False,0,False,3269.77,False,131,False,0
430510805180003,452,False,220,False,239,False,16,False,21,False,89,False,71,False,0,False,43,False,191,False,180,False,27,False,3725.13,False,191,False,0
430510805180004,522,False,272,False,294,False,21,False,19,False,83,False,105,False,0,False,40,False,224,False,222,False,25,False,3203.83,False,224,False,0
430510805180007,144,False,69,False,69,False,,True,7,False,16,False,17,False,0,False,15,False,58,False,47,False,3,False,3093.63,False,58,False,0
430510805180010,41,False,20,False,20,False,,True,,True,,True,,True,0,False,7,False,16,False,14,False,,True,5034.2,False,16,False,0
430510805180011,1,False,2,False,,True,,True,,True,,True,,True,,True,,True,,True,,True,,True,,True,,True,0
430510805190001,0,False,0,False,0,False,0,False,0,False,0,False,0,False,0,False,0,False,0,False,0,False,0,False,0.0,False,0,False,1
430510805190002,460,False,200,False,216,False,20,False,31,False,33,False,24,False,0,False,115,False,166,False,77,False,22,False,2705.22,False,166,False,1
430510805190003,720,False,295,False,370,False,50,False,30,False,95,False,62,False,,True,107,False,267,False,239,False,233,False,2764.47,False,267,False,1
430510805190004,535,False,238,False,268,False,24,False,27,False,59,False,35,False,0,False,143,False,207,False,204,False,204,False,2153.06,False,207,False,1
430510805190005,553,False,218,False,293,False,38,False,45,False,60,False,26,False,0,False,207,False,201,False,201,False,201,False,1866.85,False,201,False,1
430510805190006,976,False,405,False,506,False,62,False,64,False,76,False,59,False,0,False,347,False,363,False,361,False,361,False,2208.51,False,363,False,1
430510805190007,469,False,198,False,232,False,23,False,27,False,71,False,29,False,0,False,119,False,174,False,171,False,171,False,2672.84,False,174,False,1
430510805190009,551,False,212,False,295,False,31,False,47,False,65,False,36,False,0,False,223,False,199,False,198,False,178,False,3067.39,False,199,False,1
430510805190011,848,False,376,False,429,False,42,False,49,False,99,False,52,False,0,False,280,False,334,False,314,False,323,False,2623.76,False,334,False,1
430510805190012,462,False,263,False,242,False,20,False,22,False,61,False,29,False,0,False,168,False,180,False,178,False,175,False,3142.98,False,180,False,1
430510805190013,481,False,212,False,243,False,27,False,26,False,45,False,24,False,0,False,171,False,183,False,183,False,179,False,2392.82,False,183,False,1
430510805190014,600,False,234,False,307,False,50,False,42,False,54,False,27,False,,True,183,False,216,False,216,False,216,False,2077.67,False,216,False,1
430510805190015,183,False,83,False,99,False,8,False,,True,25,False,17,False,,True,42,False,72,False,71,False,58,False,2520.46,False,72,False,1
430510805190016,482,False,236,False,249,False,18,False,23,False,66,False,36,False,0,False,124,False,206,False,203,False,206,False,2690.69,False,206,False,1
430510805190017,80,False,39,False,41,False,,True,3,False,12,False,11,False,0,False,24,False,33,False,33,False,27,False,2583.13,False,33,False,1
430510805190018,179,False,71,False,95,False,13,False,10,False,19,False,,True,0,False,,True,66,False,66,False,65,False,2742.49,False,66,False,1
430510805190019,122,False,51,False,73,False,14,False,10,False,10,False,,True,0,False,35,False,45,False,44,False,4,False,2201.74,False,45,False,1
430510805190021,184,False,76,False,95,False,7,False,20,False,12,False,10,False,0,False,30,False,68,False,63,False,3,False,5247.94,False,68,False,1
430510805190022,41,False,17,False,21,False,,True,,True,,True,,True,0,False,25,False,15,False,15,False,15,False,2100.8,False,15,False,1
430510805190024,200,False,86,False,106,False,11,False,13,False,32,False,14,False,0,False,12,False,73,False,73,False,71,False,4171.49,False,73,False,1
430510805190025,524,False,235,False,272,False,29,False,38,False,79,False,51,False,0,False,115,False,199,False,198,False,198,False,3015.49,False,199,False,1
430510805190026,478,False,232,False,255,False,10,False,27,False,84,False,51,False,0,False,50,False,196,False,196,False,195,False,3122.15,False,196,False,1
430510805190027,604,False,253,False,320,False,33,False,36,False,53,False,30,False,0,False,200,False,207,False,204,False,202,False,2464.06,False,207,False,1
430510805190028,722,False,332,False,354,False,28,False,37,False,112,False,78,False,0,False,148,False,291,False,286,False,288,False,3352.1,False,291,False,1
430510805190029,499,False,214,False,245,False,19,False,33,False,58,False,37,False,0,False,83,False,188,False,188,False,188,False,9015.38,False,188,False,1
430510805190030,554,False,223,False,263,False,34,False,38,False,64,False,36,False,0,False,125,False,207,False,182,False,168,False,2789.8,False,207,False,1
430510805190031,648,False,307,False,345,False,22,False,28,False,77,False,78,False,0,False,135,False,262,False,262,False,260,False,2642.73,False,262,False,1
430510805190032,707,False,345,False,363,False,35,False,37,False,100,False,68,False,0,False,139,False,304,False,304,False,296,False,2555.06,False,304,False,1
430510805190033,59,False,27,False,32,False,,True,,True,8,False,9,False,0,False,5,False,21,False,9,False,8,False,2824.38,False,21,False,1
430510805190036,408,False,215,False,210,False,15,False,31,False,44,False,30,False,0,False,159,False,142,False,142,False,138,False,2725.76,False,142,False,1
430510805190037,371,False,156,False,182,False,17,False,21,False,30,False,28,False,0,False,96,False,131,False,129,False,131,False,3019.54,False,131,False,1
430510805190038,22,False,10,False,11,False,,True,0,False,,True,3,False,0,False,0,False,9,False,9,False,8,False,6856.89,False,9,False,1
430510805190039,475,False,213,False,243,False,26,False,27,False,73,False,40,False,0,False,125,False,190,False,188,False,188,False,3050.86,False,190,False,1
430510805190040,422,False,169,False,217,False,19,False,36,False,58,False,32,False,0,False,29,False,148,False,148,False,148,False,6225.59,False,148,False,1
430510805190041,462,False,199,False,228,False,25,False,36,False,44,False,18,False,0,False,160,False,184,False,184,False,184,False,2054.64,False,184,False,1
430510805190042,425,False,199,False,226,False,19,False,22,False,33,False,27,False,0,False,182,False,168,False,159,False,144,False,3056.05,False,168,False,1
430510805190043,386,False,184,False,190,False,19,False,21,False,40,False,33,False,,True,82,False,142,False,142,False,136,False,4141.35,False,142,False,1
430510805190044,589,False,263,False,319,False,38,False,22,False,52,False,51,False,0,False,144,False,234,False,234,False,234,False,2136.36,False,234,False,1
430510805200001,469,False,505,False,256,False,16,False,19,False,86,False,80,False,0,False,27,False,212,False,212,False,209,False,3420.63,False,212,False,0
430510805200002,213,False,98,False,108,False,,True,,True,28,False,21,False,,True,15,False,82,False,82,False,81,False,3264.17,False,82,False,0
430510805200003,195,False,77,False,92,False,14,False,15,False,16,False,0,False,0,False,101,False,70,False,70,False,68,False,1919.82,False,70,False,0
430510805200004,86,False,36,False,44,False,,True,7,False,,True,7,False,0,False,30,False,33,False,33,False,31,False,2840.32,False,33,False,0
430510805200005,549,False,253,False,280,False,28,False,30,False,66,False,43,False,0,False,86,False,201,False,201,False,200,False,3126.59,False,201,False,0
430510805200014,1202,False,514,False,609,False,75,False,96,False,40,False,38,False,0,False,385,False,454,False,454,False,452,False,2772.07,False,454,False,0
430510805200015,712,False,282,False,364,False,27,False,46,False,47,False,25,False,,True,266,False,255,False,255,False,253,False,2335.15,False,255,False,0
430510805200016,587,False,289,False,295,False,40,False,40,False,18,False,15,False,0,False,156,False,242,False,236,False,123,False,4488.34,False,242,False,0
430510805200018,555,False,271,False,295,False,20,False,37,False,58,False,76,False,0,False,98,False,221,False,221,False,193,False,3103.9,False,221,False,0
430510805200019,477,False,228,False,253,False,33,False,38,False,49,False,44,False,0,False,162,False,173,False,173,False,173,False,3130.85,False,173,False,0
430510805200020,664,False,317,False,346,False,31,False,37,False,66,False,57,False,,True,203,False,258,False,258,False,252,False,2339.19,False,258,False,0
430510805200022,372,False,167,False,181,False,24,False,24,False,34,False,24,False,0,False,38,False,149,False,149,False,149,False,2104.28,False,149,False,0
430510805200023,59,False,31,False,34,False,,True,,True,,True,,True,0,False,,True,27,False,27,False,27,False,2445.78,False,27,False,0
430510805200024,824,False,379,False,419,False,35,False,49,False,99,False,49,False,0,False,63,False,362,False,362,False,362,False,2008.4,False,362,False,0
430510805200025,307,False,119,False,158,False,14,False,24,False,28,False,15,False,0,False,99,False,104,False,104,False,88,False,2887.98,False,104,False,0
430510805200026,476,False,186,False,238,False,22,False,28,False,52,False,35,False,0,False,120,False,178,False,178,False,174,False,2637.92,False,178,False,0
430510805200027,519,False,217,False,270,False,25,False,32,False,77,False,53,False,,True,120,False,197,False,197,False,189,False,2334.68,False,197,False,0
430510805200028,536,False,281,False,276,False,22,False,32,False,68,False,41,False,0,False,161,False,242,False,242,False,240,False,3214.31,False,242,False,0
430510805200029,125,False,60,False,69,False,,True,,True,23,False,10,False,0,False,29,False,54,False,54,False,53,False,4884.85,False,54,False,0
430510805200031,1008,False,391,False,506,False,90,False,110,False,52,False,30,False,,True,463,False,349,False,345,False,251,False,1797.66,False,349,False,0
430510805200032,171,False,78,False,80,False,17,False,16,False,13,False,,True,0,False,73,False,64,False,64,False,64,False,1822.14,False,64,False,0
430510805200033,225,False,81,False,104,False,21,False,19,False,,True,,True,0,False,133,False,76,False,76,False,76,False,1839.04,False,76,False,0
430510805200034,287,False,114,False,145,False,28,False,22,False,20,False,8,False,0,False,103,False,98,False,98,False,90,False,2044.17,False,98,False,0
430510805200035,520,False,232,False,290,False,30,False,30,False,87,False,39,False,0,False,143,False,206,False,206,False,185,False,2165.94,False,206,False,0
430510805200036,414,False,200,False,225,False,23,False,12,False,79,False,41,False,0,False,48,False,170,False,170,False,168,False,2759.63,False,170,False,0
430510805200037,676,False,322,False,337,False,42,False,49,False,72,False,58,False,0,False,216,False,270,False,270,False,266,False,2888.01,False,270,False,0
430510805200038,472,False,200,False,233,False,29,False,29,False,45,False,24,False,0,False,99,False,186,False,186,False,186,False,1960.47,False,186,False,0
430510805200039,179,False,82,False,80,False,14,False,,True,13,False,,True,0,False,51,False,74,False,74,False,74,False,2541.14,False,74,False,0
430510805200040,169,False,73,False,87,False,9,False,9,False,19,False,10,False,0,False,46,False,64,False,64,False,64,False,2391.44,False,64,False,0
430510805200041,245,False,88,False,119,False,17,False,18,False,28,False,9,False,0,False,80,False,78,False,78,False,78,False,2390.03,False,78,False,0
430510805200043,109,False,44,False,59,False,,True,8,False,14,False,10,False,0,False,42,False,38,False,38,False,37,False,2351.35,False,38,False,0
430510805200044,429,False,178,False,225,False,30,False,38,False,18,False,11,False,0,False,165,False,160,False,160,False,156,False,2310.02,False,160,False,0
430510805200045,290,False,138,False,148,False,11,False,16,False,32,False,25,False,0,False,103,False,124,False,124,False,122,False,3043.43,False,124,False,0
430510805200046,691,False,275,False,359,False,43,False,41,False,69,False,45,False,0,False,201,False,246,False,246,False,242,False,2386.35,False,246,False,0
430510805200047,571,False,259,False,291,False,19,False,34,False,55,False,36,False,0,False,146,False,224,False,224,False,224,False,2187.28,False,224,False,0
430510805200048,678,False,274,False,343,False,32,False,53,False,96,False,68,False,0,False,100,False,250,False,249,False,167,False,4722.99,False,250,False,0
430510805200049,675,False,343,False,339,False,40,False,39,False,44,False,27,False,,True,196,False,293,False,293,False,137,False,3323.38,False,293,False,0
430510805200050,370,False,220,False,202,False,31,False,21,False,12,False,7,False,0,False,89,False,173,False,173,False,49,False,3126.4,False,173,False,0
430510805200051,307,False,136,False,142,False,16,False,17,False,34,False,45,False,0,False,20,False,117,False,89,False,29,False,3853.5,False,117,False,0
430510805200052,412,False,173,False,199,False,25,False,29,False,11,False,11,False,0,False,94,False,155,False,144,False,35,False,3403.25,False,155,False,0
430510805200053,550,False,255,False,263,False,39,False,17,False,46,False,55,False,0,False,85,False,223,False,222,False,101,False,4088.26,False,223,False,0
430510805200054,805,False,322,False,406,False,48,False,49,False,87,False,33,False,4,False,154,False,288,False,276,False,73,False,3476.35,False,288,False,0
430510805200055,1645,False,748,False,852,False,83,False,76,False,165,False,104,False,,True,252,False,664,False,661,False,523,False,5951.87,False,664,False,0
430510805200056,481,False,240,False,249,False,39,False,23,False,28,False,19,False,0,False,71,False,226,False,226,False,207,False,5970.71,False,226,False,0
430510805200057,502,False,287,False,261,False,44,False,14,False,23,False,16,False,,True,75,False,247,False,247,False,167,False,4963.49,False,247,False,0
430510805200058,486,False,221,False,258,False,26,False,33,False,52,False,37,False,0,False,149,False,182,False,180,False,177,False,2275.54,False,182,False,0
430510805200059,341,False,161,False,173,False,,True,16,False,45,False,44,False,0,False,62,False,134,False,134,False,124,False,3043.07,False,134,False,0
430510805200060,681,False,265,False,342,False,44,False,44,False,60,False,32,False,,True,329,False,242,False,235,False,239,False,1920.94,False,242,False,0
430510805200061,368,False,220,False,190,False,28,False,31,False,7,False,,True,0,False,112,False,156,False,156,False,150,False,2737.3,False,156,False,0
430510805200062,426,False,240,False,222,False,39,False,30,False,,True,,True,,True,141,False,178,False,178,False,150,False,2906.17,False,178,False,0
430510805200063,666,False,327,False,344,False,34,False,41,False,64,False,42,False,0,False,89,False,261,False,202,False,18,False,3888.84,False,261,False,0
430510805210001,483,False,208,False,259,False,27,False,35,False,50,False,45,False,0,False,146,False,185,False,185,False,23,False,2492.59,False,185,False,0
430510805210002,360,False,177,False,189,False,14,False,23,False,44,False,47,False,0,False,,True,145,False,145,False,32,False,2976.84,False,145,False,0
430510805210004,386,False,202,False,207,False,10,False,18,False,48,False,54,False,0,False,50,False,166,False,166,False,87,False,3534.84,False,166,False,0
430510805210005,713,False,333,False,367,False,47,False,50,False,33,False,26,False,0,False,250,False,267,False,267,False,241,False,3002.13,False,267,False,0
430510805210006,527,False,237,False,255,False,23,False,34,False,61,False,35,False,0,False,120,False,202,False,202,False,202,False,2319.45,False,202,False,0
430510805210008,899,False,388,False,454,False,57,False,65,False,72,False,47,False,6,False,107,False,345,False,344,False,163,False,3780.14,False,345,False,0
430510805210009,569,False,267,False,288,False,22,False,37,False,55,False,45,False,0,False,153,False,226,False,225,False,181,False,3166.45,False,226,False,0
430510805210010,733,False,321,False,355,False,37,False,25,False,97,False,32,False,0,False,224,False,286,False,286,False,226,False,2343.81,False,286,False,0
430510805210011,770,False,446,False,404,False,36,False,30,False,79,False,93,False,0,False,169,False,372,False,372,False,133,False,2937.63,False,372,False,0
430510805210012,630,False,342,False,336,False,26,False,31,False,75,False,64,False,,True,143,False,264,False,264,False,264,False,2652.58,False,264,False,0
430510805210015,429,False,223,False,251,False,15,False,13,False,70,False,71,False,0,False,81,False,187,False,187,False,182,False,4585.38,False,187,False,0
430510805210017,598,False,302,False,300,False,20,False,33,False,98,False,51,False,0,False,137,False,257,False,257,False,173,False,2710.9,False,257,False,0
430510805210018,38,False,22,False,18,False,0,False,,True,7,False,10,False,0,False,4,False,18,False,18,False,18,False,4172.89,False,18,False,0
430510805210019,61,False,26,False,30,False,3,False,4,False,11,False,,True,0,False,0,False,22,False,3,False,0,False,3481.52,False,22,False,0
430510805210020,799,False,363,False,392,False,49,False,57,False,42,False,24,False,,True,154,False,311,False,288,False,187,False,3773.53,False,311,False,0
430510805210022,511,False,280,False,278,False,30,False,30,False,41,False,,True,,True,169,False,236,False,236,False,173,False,2537.83,False,236,False,0
430510805210023,467,False,216,False,235,False,20,False,22,False,58,False,48,False,0,False,75,False,195,False,194,False,173,False,2802.53,False,195,False,0
430510805210024,549,False,224,False,282,False,33,False,38,False,57,False,37,False,0,False,149,False,208,False,208,False,195,False,2738.7,False,208,False,0
430510805210025,848,False,360,False,405,False,44,False,62,False,82,False,43,False,0,False,233,False,325,False,324,False,288,False,2394.07,False,325,False,0
430510805210026,190,False,75,False,96,False,10,False,15,False,9,False,,True,0,False,85,False,71,False,68,False,61,False,1699.62,False,71,False,0
430510805210027,845,False,455,False,436,False,43,False,38,False,120,False,72,False,0,False,161,False,360,False,357,False,182,False,2928.29,False,360,False,0
430510805210029,227,False,95,False,126,False,22,False,16,False,15,False,13,False,0,False,66,False,81,False,81,False,10,False,2600.05,False,81,False,0
430510805210031,476,False,198,False,226,False,28,False,25,False,38,False,30,False,0,False,156,False,174,False,174,False,174,False,2373.68,False,174,False,0
430510805210032,42,False,16,False,21,False,,True,,True,11,False,,True,0,False,9,False,14,False,14,False,14,False,2791.43,False,14,False,0
430510805210033,526,False,257,False,284,False,27,False,19,False,49,False,39,False,0,False,129,False,225,False,225,False,152,False,3018.96,False,225,False,0
430510805210034,805,False,365,False,406,False,61,False,45,False,32,False,34,False,,True,148,False,328,False,328,False,263,False,3901.81,False,328,False,0
430510805210035,707,False,409,False,354,False,31,False,35,False,45,False,58,False,,True,135,False,326,False,323,False,248,False,4417.91,False,326,False,0
430510805210036,358,False,239,False,173,False,10,False,12,False,54,False,53,False,,True,47,False,159,False,159,False,140,False,4442.9,False,159,False,0
430510805210037,345,False,213,False,202,False,12,False,8,False,47,False,83,False,0,False,40,False,164,False,164,False,140,False,5246.59,False,164,False,0
430510805210038,289,False,193,False,155,False,8,False,11,False,37,False,28,False,,True,40,False,151,False,151,False,144,False,6352.91,False,151,False,0
430510805210039,427,False,222,False,228,False,19,False,25,False,41,False,43,False,0,False,62,False,194,False,194,False,191,False,4444.93,False,194,False,0
430510805210040,451,False,289,False,230,False,16,False,11,False,40,False,37,False,0,False,57,False,236,False,236,False,193,False,5063.97,False,236,False,0
430510805210041,348,False,296,False,173,False,12,False,,True,27,False,23,False,0,False,47,False,206,False,206,False,182,False,4340.92,False,206,False,0
430510805210042,213,False,261,False,112,False,,True,,True,27,False,18,False,0,False,46,False,111,False,111,False,83,False,3758.3,False,111,False,0
430510805210043,207,False,113,False,102,False,9,False,,True,40,False,32,False,0,False,23,False,92,False,92,False,45,False,5659.46,False,92,False,0
430510805210044,575,False,272,False,294,False,29,False,27,False,64,False,39,False,0,False,134,False,236,False,234,False,195,False,3248.29,False,236,False,0
430510805210045,736,False,385,False,381,False,59,False,47,False,15,False,8,False,0,False,217,False,333,False,333,False,297,False,2645.4,False,333,False,0
430510805210046,608,False,359,False,325,False,39,False,36,False,23,False,11,False,0,False,257,False,291,False,291,False,88,False,3419.8,False,291,False,0
430510805210047,528,False,262,False,266,False,48,False,36,False,19,False,12,False,0,False,79,False,226,False,216,False,111,False,3895.19,False,226,False,0
430510805210048,556,False,282,False,287,False,27,False,40,False,53,False,25,False,0,False,51,False,203,False,202,False,154,False,3953.01,False,203,False,0
430510805210049,920,False,467,False,452,False,82,False,57,False,19,False,22,False,0,False,142,False,385,False,383,False,324,False,3796.29,False,385,False,0
430510805210050,843,False,387,False,430,False,63,False,62,False,31,False,28,False,,True,188,False,320,False,309,False,178,False,3352.78,False,320,False,0
430510805210051,699,False,320,False,388,False,56,False,75,False,30,False,15,False,,True,319,False,259,False,259,False,62,False,1758.02,False,259,False,0
430510805210052,593,False,239,False,334,False,44,False,67,False,27,False,,True,3,False,284,False,203,False,203,False,195,False,2294.23,False,203,False,0
430510805210053,632,False,319,False,341,False,56,False,47,False,39,False,20,False,,True,241,False,257,False,257,False,88,False,2749.84,False,257,False,0
430510805210054,430,False,240,False,262,False,24,False,35,False,29,False,22,False,0,False,157,False,187,False,187,False,187,False,1979.34,False,187,False,0
430510805210055,981,False,415,False,523,False,92,False,96,False,51,False,25,False,,True,413,False,352,False,347,False,142,False,1843.52,False,352,False,0
430510805210056,450,False,196,False,231,False,18,False,26,False,49,False,33,False,0,False,158,False,165,False,164,False,139,False,2249.89,False,165,False,0
430510805210057,179,False,85,False,100,False,,True,9,False,26,False,,True,0,False,61,False,73,False,73,False,64,False,1956.03,False,73,False,0
430510805220001,225,False,97,False,120,False,9,False,5,False,34,False,22,False,0,False,,True,87,False,87,False,30,False,6112.01,False,87,False,1
430510805220002,463,False,238,False,241,False,32,False,19,False,46,False,25,False,0,False,62,False,196,False,193,False,61,False,6241.79,False,196,False,1
430510805220004,583,False,282,False,286,False,19,False,40,False,53,False,31,False,0,False,133,False,230,False,230,False,227,False,2929.37,False,230,False,1
430510805220006,751,False,335,False,381,False,40,False,55,False,63,False,44,False,0,False,272,False,295,False,295,False,292,False,2065.27,False,295,False,1
430510805220007,0,False,0,False,0,False,0,False,0,False,0,False,0,False,0,False,0,False,0,False,0,False,0,False,0.0,False,0,False,1
430510805220009,826,False,282,False,439,False,74,False,65,False,67,False,34,False,,True,384,False,261,False,260,False,257,False,2389.15,False,261,False,1
430510805220010,326,False,152,False,171,False,13,False,15,False,38,False,14,False,,True,115,False,136,False,136,False,96,False,2965.53,False,136,False,1
430510805220011,572,False,247,False,295,False,45,False,24,False,30,False,23,False,0,False,125,False,217,False,217,False,118,False,4260.48,False,217,False,1
430510805220012,902,False,331,False,465,False,65,False,73,False,87,False,49,False,,True,322,False,314,False,312,False,179,False,1887.99,False,314,False,1
430510805220015,250,False,86,False,126,False,23,False,34,False,8,False,,True,,True,131,False,79,False,79,False,46,False,1567.75,False,79,False,1
430510805220016,754,False,308,False,393,False,59,False,65,False,79,False,44,False,0,False,322,False,265,False,265,False,265,False,2393.37,False,265,False,1
430510805220018,5,False,4,False,,True,,True,,True,,True,,True,,True,,True,,True,,True,,True,,True,,True,1
430510805220019,642,False,262,False,335,False,47,False,66,False,51,False,22,False,,True,279,False,234,False,233,False,209,False,2235.08,False,234,False,1
430510805220021,711,False,368,False,357,False,52,False,45,False,49,False,19,False,0,False,224,False,284,False,284,False,99,False,2904.51,False,284,False,1
430510805220023,109,False,41,False,65,False,11,False,5,False,12,False,,True,0,False,38,False,39,False,38,False,26,False,2632.21,False,39,False,1
430510805220024,549,False,200,False,292,False,44,False,33,False,47,False,17,False,,True,231,False,185,False,185,False,126,False,2544.14,False,185,False,1
430510805220025,831,False,399,False,429,False,50,False,60,False,54,False,24,False,0,False,272,False,310,False,307,False,133,False,2909.82,False,310,False,1
430510805220026,878,False,321,False,444,False,66,False,65,False,108,False,37,False,,True,313,False,300,False,299,False,198,False,2212.89,False,300,False,1
430510805220027,180,False,61,False,95,False,10,False,18,False,,True,3,False,0,False,87,False,60,False,58,False,5,False,1406.58,False,60,False,1
430510805220028,1223,False,424,False,626,False,95,False,102,False,89,False,34,False,0,False,555,False,392,False,390,False,297,False,2145.25,False,392,False,1
430510805220029,1043,False,457,False,528,False,74,False,56,False,71,False,37,False,0,False,295,False,410,False,408,False,138,False,3197.37,False,410,False,1
430510805220030,602,False,228,False,302,False,39,False,30,False,50,False,20,False,4,False,233,False,213,False,211,False,181,False,2763.96,False,213,False,1
430510805220031,649,False,299,False,323,False,33,False,35,False,40,False,24,False,0,False,131,False,258,False,257,False,168,False,3239.69,False,258,False,1
430510805220032,744,False,303,False,374,False,45,False,60,False,33,False,31,False,0,False,239,False,280,False,279,False,99,False,3250.28,False,280,False,1
430510805220033,664,False,282,False,334,False,40,False,43,False,41,False,29,False,0,False,138,False,255,False,255,False,158,False,3652.59,False,255,False,1
430510805220034,687,False,309,False,338,False,42,False,46,False,36,False,26,False,,True,227,False,268,False,268,False,256,False,4000.0,False,268,False,1
430510805220035,665,False,276,False,349,False,40,False,36,False,50,False,30,False,,True,149,False,246,False,246,False,133,False,3653.61,False,246,False,1
430510805220036,601,False,247,False,317,False,33,False,54,False,59,False,28,False,0,False,150,False,227,False,227,False,124,False,3115.83,False,227,False,1
430510805220037,845,False,373,False,433,False,60,False,72,False,45,False,19,False,4,False,324,False,318,False,317,False,208,False,3111.79,False,318,False,1
430510805220038,628,False,283,False,307,False,50,False,42,False,34,False,11,False,0,False,133,False,256,False,256,False,107,False,3397.17,False,256,False,1
430510805220039,698,False,309,False,341,False,54,False,51,False,35,False,13,False,0,False,245,False,267,False,234,False,106,False,2795.77,False,267,False,1
430510805220040,674,False,290,False,339,False,49,False,62,False,26,False,,True,0,False,230,False,257,False,256,False,256,False,2579.17,False,257,False,1
430510805220041,325,False,113,False,165,False,27,False,30,False,15,False,12,False,4,False,114,False,105,False,105,False,88,False,2489.63,False,105,False,1
430510805220042,1090,False,391,False,544,False,90,False,88,False,49,False,34,False,0,False,423,False,363,False,363,False,306,False,2172.02,False,363,False,1
430510805230001,227,False,90,False,114,False,14,False,13,False,9,False,,True,0,False,45,False,85,False,85,False,29,False,7856.39,False,85,False,1
430510805230002,190,False,82,False,103,False,12,False,15,False,23,False,21,False,0,False,29,False,74,False,71,False,18,False,4100.92,False,74,False,1
430510805230003,676,False,260,False,339,False,39,False,53,False,54,False,35,False,,True,74,False,247,False,246,False,118,False,7128.68,False,247,False,1
430510805230004,128,False,55,False,62,False,12,False,7,False,11,False,10,False,0,False,25,False,41,False,34,False,13,False,3948.29,False,41,False,1
430510805230005,245,False,111,False,116,False,19,False,23,False,30,False,9,False,0,False,36,False,82,False,58,False,8,False,4542.72,False,82,False,1
430510805230006,596,False,315,False,277,False,36,False,39,False,60,False,45,False,0,False,87,False,226,False,176,False,19,False,3903.03,False,226,False,1
430510805230007,787,False,347,False,396,False,32,False,50,False,64,False,61,False,0,False,112,False,287,False,72,False,41,False,5915.98,False,287,False,1
430510805230008,236,False,120,False,119,False,18,False,18,False,20,False,,True,0,False,33,False,97,False,96,False,71,False,4658.77,False,97,False,1
430510805230009,78,False,38,False,39,False,6,False,6,False,12,False,10,False,0,False,7,False,30,False,12,False,,True,4141.0,False,30,False,1
430510805240001,248,False,105,False,118,False,14,False,15,False,20,False,20,False,0,False,41,False,94,False,29,False,15,False,4274.66,False,94,False,1
430510805240002,107,False,62,False,53,False,,True,,True,17,False,,True,0,False,,True,49,False,46,False,8,False,2921.06,False,49,False,1
430510805240003,103,False,46,False,57,False,,True,12,False,12,False,9,False,0,False,,True,37,False,13,False,9,False,4099.31,False,37,False,1
430510805240004,410,False,202,False,211,False,13,False,19,False,62,False,59,False,0,False,39,False,161,False,116,False,33,False,5848.37,False,161,False,1
430510805240005,530,False,250,False,272,False,41,False,52,False,18,False,10,False,0,False,217,False,199,False,199,False,199,False,2089.64,False,199,False,1
430510805240006,1135,False,454,False,567,False,72,False,84,False,104,False,61,False,0,False,302,False,422,False,400,False,237,False,2568.88,False,422,False,1
430510805240007,855,False,348,False,437,False,64,False,51,False,67,False,49,False,0,False,247,False,320,False,320,False,319,False,2255.9,False,320,False,1
430510805240008,672,False,215,False,309,False,49,False,72,False,24,False,17,False,0,False,366,False,209,False,196,False,192,False,1888.41,False,209,False,1
430510805240009,705,False,284,False,351,False,44,False,54,False,38,False,16,False,0,False,247,False,250,False,250,False,249,False,2753.2,False,250,False,1
430510805240010,289,False,106,False,161,False,23,False,26,False,19,False,,True,0,False,121,False,96,False,96,False,96,False,1742.47,False,96,False,1
430510805240012,218,False,78,False,116,False,14,False,14,False,17,False,17,False,0,False,44,False,76,False,74,False,16,False,3081.39,False,76,False,1
430510805240013,634,False,244,False,331,False,38,False,36,False,68,False,36,False,6,False,223,False,221,False,221,False,220,False,3369.02,False,221,False,1
430510805240014,119,False,48,False,64,False,,True,8,False,11,False,10,False,0,False,35,False,48,False,47,False,48,False,2039.89,False,48,False,1
430510805240015,156,False,61,False,87,False,11,False,11,False,18,False,,True,0,False,61,False,56,False,56,False,56,False,2329.13,False,56,False,1
430510805240016,141,False,52,False,66,False,,True,17,False,14,False,7,False,0,False,65,False,46,False,46,False,46,False,2188.96,False,46,False,1
430510805240017,0,False,0,False,0,False,0,False,0,False,0,False,0,False,0,False,0,False,0,False,0,False,0,False,0.0,False,0,False,1
430510805240020,596,False,236,False,316,False,46,False,45,False,55,False,41,False,,True,218,False,208,False,206,False,204,False,2532.53,False,208,False,1
430510805240022,330,False,112,False,177,False,22,False,27,False,23,False,25,False,0,False,181,False,105,False,105,False,104,False,2051.87,False,105,False,1
430510805240024,147,False,55,False,70,False,,True,17,False,,True,0,False,0,False,35,False,49,False,49,False,49,False,2000.0,False,49,False,1
430510805240025,585,False,225,False,309,False,31,False,45,False,46,False,24,False,0,False,258,False,210,False,210,False,210,False,1913.18,False,210,False,1
430510805240026,641,False,242,False,333,False,49,False,49,False,61,False,20,False,0,False,257,False,225,False,225,False,225,False,2383.24,False,225,False,1
430510805240027,567,False,226,False,290,False,38,False,35,False,66,False,24,False,0,False,245,False,209,False,208,False,208,False,2300.97,False,209,False,1
430510805240028,927,False,362,False,444,False,70,False,71,False,71,False,45,False,3,False,399,False,332,False,330,False,332,False,2373.66,False,332,False,1
430510805240029,446,False,184,False,234,False,28,False,31,False,46,False,19,False,0,False,178,False,167,False,167,False,167,False,2481.65,False,167,False,1
430510805240030,434,False,202,False,216,False,20,False,22,False,37,False,28,False,,True,139,False,167,False,167,False,167,False,3338.67,False,167,False,1
430510805240031,680,False,262,False,355,False,46,False,43,False,60,False,23,False,,True,301,False,249,False,249,False,238,False,2488.31,False,249,False,1
430510805240032,646,False,266,False,343,False,28,False,50,False,54,False,35,False,0,False,239,False,233,False,230,False,224,False,2705.62,False,233,False,1
430510805240033,229,False,101,False,117,False,12,False,12,False,15,False,15,False,0,False,98,False,86,False,86,False,86,False,2033.38,False,86,False,1
430510805240034,989,False,332,False,496,False,92,False,96,False,46,False,28,False,,True,463,False,326,False,325,False,253,False,1676.55,False,326,False,1
430510805240035,802,False,313,False,401,False,58,False,80,False,45,False,12,False,,True,272,False,292,False,290,False,280,False,1970.34,False,292,False,1
430510805240037,194,False,88,False,95,False,,True,,True,36,False,23,False,0,False,14,False,80,False,80,False,,True,2960.78,False,80,False,1
430510805240038,634,False,237,False,336,False,38,False,60,False,49,False,39,False,0,False,310,False,220,False,220,False,220,False,1704.55,False,220,False,1
430510805240039,607,False,288,False,301,False,39,False,35,False,66,False,33,False,,True,179,False,249,False,247,False,192,False,3094.31,False,249,False,1
430510805240040,778,False,309,False,395,False,45,False,64,False,33,False,22,False,0,False,246,False,273,False,272,False,243,False,2924.59,False,273,False,1
430510805240041,738,False,344,False,376,False,42,False,47,False,34,False,22,False,0,False,241,False,299,False,299,False,97,False,3726.59,False,299,False,1
430510805240042,707,False,290,False,359,False,62,False,53,False,18,False,,True,0,False,192,False,272,False,272,False,115,False,3386.95,False,272,False,1
430510805240043,656,False,289,False,332,False,44,False,53,False,23,False,12,False,0,False,130,False,249,False,249,False,206,False,3243.57,False,249,False,1
430510805240044,523,False,211,False,257,False,38,False,36,False,41,False,32,False,,True,241,False,188,False,188,False,186,False,2649.19,False,188,False,1
430510805240045,384,False,176,False,189,False,19,False,21,False,33,False,23,False,0,False,155,False,145,False,145,False,143,False,3288.26,False,145,False,1
430510805240047,587,False,292,False,302,False,42,False,62,False,15,False,16,False,0,False,268,False,237,False,237,False,236,False,2393.8,False,237,False,1
430510805240048,286,False,125,False,134,False,10,False,18,False,22,False,9,False,0,False,135,False,104,False,104,False,102,False,3191.92,False,104,False,1
430510805240049,405,False,153,False,200,False,32,False,29,False,23,False,21,False,0,False,218,False,139,False,139,False,129,False,1922.9,False,139,False,1
430510805240050,232,False,80,False,113,False,17,False,33,False,8,False,8,False,,True,117,False,74,False,73,False,55,False,2156.66,False,74,False,1
430510815000001,199,False,149,False,98,False,,True,,True,40,False,53,False,0,False,,True,89,False,89,False,79,False,2908.32,False,89,False,1
430510815000002,230,False,189,False,110,False,11,False,9,False,55,False,30,False,0,False,18,False,88,False,12,False,,True,2875.94,False,88,False,1
430510815000003,290,False,282,False,136,False,13,False,19,False,59,False,53,False,0,False,89,False,122,False,23,False,0,False,1996.81,False,122,False,1
430510815000004,345,False,381,False,156,False,11,False,17,False,76,False,48,False,0,False,90,False,148,False,19,False,0,False,2219.42,False,148,False,1
430510815000005,151,False,147,False,67,False,,True,8,False,28,False,13,False,0,False,46,False,63,False,0,False,0,False,2651.08,False,63,False,1
430510815000006,178,False,118,False,77,False,,True,,True,27,False,31,False,0,False,,True,68,False,0,False,0,False,2459.35,False,68,False,1
430510815000007,147,False,152,False,76,False,,True,,True,36,False,36,False,0,False,,True,64,False,4,False,0,False,2404.22,False,64,False,1
430510815000008,205,False,174,False,89,False,5,False,7,False,39,False,32,False,0,False,21,False,82,False,0,False,0,False,3052.36,False,82,False,1
430510820000002,728,False,449,False,351,False,33,False,36,False,117,False,68,False,0,False,172,False,288,False,12,False,0,False,2840.76,False,288,False,0
430510820000003,813,False,500,False,404,False,43,False,52,False,93,False,90,False,0,False,167,False,311,False,39,False,12,False,3393.16,False,311,False,0
430510820000004,764,False,362,False,377,False,30,False,45,False,78,False,71,False,,True,186,False,308,False,303,False,35,False,2903.93,False,308,False,0
430510820000005,743,False,335,False,386,False,48,False,48,False,70,False,80,False,,True,147,False,275,False,260,False,74,False,2995.17,False,275,False,0
430510835000001,257,False,140,False,129,False,8,False,19,False,42,False,31,False,0,False,59,False,110,False,100,False,21,False,3045.63,False,110,False,0
430510835000002,797,False,507,False,378,False,48,False,48,False,110,False,52,False,0,False,184,False,314,False,24,False,,True,3113.89,False,314,False,0
430510835000003,480,False,333,False,221,False,41,False,39,False,49,False,26,False,0,False,203,False,171,False,29,False,0,False,1987.39,False,171,False,0
430510840000001,478,False,259,False,248,False,27,False,21,False,62,False,78,False,0,False,61,False,195,False,191,False,58,False,2496.15,False,195,False,0
430510840000002,664,False,370,False,307,False,48,False,43,False,46,False,44,False,0,False,123,False,233,False,8,False,0,False,2349.49,False,233,False,0
430510840000003,802,False,441,False,375,False,35,False,40,False,118,False,93,False,0,False,73,False,290,False,15,False,0,False,2411.98,False,290,False,0
430510840000004,645,False,501,False,297,False,36,False,48,False,84,False,60,False,0,False,156,False,236,False,,True,,True,2104.33,False,236,False,0
430510845000001,648,False,323,False,325,False,44,False,41,False,68,False,57,False,0,False,194,False,244,False,237,False,82,False,2660.33,False,244,False,1
430510845000002,640,False,435,False,303,False,26,False,24,False,134,False,72,False,,True,126,False,267,False,44,False,19,False,3331.55,False,267,False,1
430510845000003,482,False,276,False,236,False,28,False,35,False,79,False,41,False,4,False,124,False,185,False,77,False,22,False,2615.14,False,185,False,1
430510845000004,730,False,490,False,351,False,40,False,38,False,107,False,76,False,0,False,118,False,281,False,22,False,0,False,3777.96,False,281,False,1
430510845000005,2,False,6,False,,True,,True,,True,,True,,True,,True,,True,,True,,True,,True,,True,,True,1
430510850000001,533,False,292,False,274,False,23,False,22,False,68,False,46,False,0,False,97,False,219,False,167,False,34,False,2743.41,False,219,False,0
430510850000002,78,False,40,False,31,False,3,False,,True,7,False,8,False,0,False,,True,27,False,11,False,,True,2894.6,False,27,False,0
430510850000003,29,False,18,False,13,False,0,False,,True,,True,3,False,0,False,15,False,12,False,3,False,,True,2715.0,False,12,False,0
430510850000004,109,False,66,False,49,False,10,False,,True,9,False,,True,0,False,43,False,38,False,18,False,,True,2052.18,False,38,False,0
430510850000005,7,False,11,False,,True,,True,,True,,True,,True,,True,,True,,True,,True,,True,,True,,True,0
430510850000006,345,False,238,False,168,False,14,False,11,False,52,False,53,False,0,False,,True,137,False,11,False,0,False,2682.71,False,137,False,0
430510850000007,402,False,223,False,186,False,16,False,23,False,52,False,72,False,0,False,53,False,151,False,33,False,21,False,2216.67,False,151,False,0
430510850000008,69,False,26,False,33,False,,True,,True,13,False,12,False,0,False,,True,23,False,,True,,True,2447.74,False,23,False,0
430510850000009,75,False,37,False,37,False,6,False,0,False,6,False,15,False,0,False,,True,30,False,4,False,0,False,2447.69,False,30,False,0
430550405000001,684,False,323,False,359,False,29,False,34,False,91,False,104,False,0,False,142,False,293,False,292,False,20,False,2592.77,False,293,False,1
430550405000002,849,False,417,False,435,False,42,False,35,False,110,False,117,False,0,False,185,False,359,False,353,False,32,False,2417.81,False,359,False,1
430550405000003,669,False,313,False,359,False,30,False,30,False,73,False,101,False,0,False,107,False,282,False,281,False,3,False,2957.31,False,282,False,1
430550405000004,154,False,68,False,69,False,16,False,12,False,17,False,12,False,0,False,57,False,58,False,58,False,0,False,1909.16,False,58,False,1
430550405000005,94,False,43,False,48,False,7,False,,True,16,False,,True,0,False,31,False,38,False,36,False,12,False,1772.49,False,38,False,1
430550405000006,238,False,114,False,111,False,17,False,12,False,28,False,21,False,0,False,82,False,88,False,13,False,0,False,2481.08,False,88,False,1
430550405000008,238,False,95,False,120,False,21,False,21,False,26,False,22,False,0,False,52,False,82,False,3,False,0,False,3523.54,False,82,False,1
430550405000009,63,False,26,False,28,False,,True,,True,9,False,,True,0,False,12,False,25,False,0,False,0,False,1180.5,False,25,False,1
430550405000010,6,False,7,False,,True,,True,,True,,True,,True,,True,,True,,True,,True,,True,,True,,True,1
430550405000011,15,False,6,False,9,False,,True,,True,,True,0,False,0,False,,True,6,False,6,False,0,False,2406.0,False,6,False,1
430550405000012,296,False,170,False,132,False,11,False,15,False,41,False,45,False,0,False,64,False,118,False,0,False,0,False,2440.16,False,118,False,1
430550407000001,26,False,16,False,12,False,,True,,True,,True,,True,0,False,,True,12,False,0,False,0,False,2318.67,False,12,False,0
430550407000002,113,False,87,False,52,False,6,False,,True,12,False,9,False,0,False,,True,49,False,0,False,0,False,2462.9,False,49,False,0
430550407000003,127,False,61,False,64,False,6,False,,True,16,False,20,False,0,False,,True,48,False,0,False,0,False,2311.83,False,48,False,1
430550415000001,69,False,44,False,37,False,,True,0,False,15,False,21,False,0,False,,True,31,False,0,False,0,False,3783.23,False,31,False,1
430550415000002,355,False,171,False,170,False,10,False,15,False,83,False,59,False,0,False,88,False,132,False,,True,0,False,3958.33,False,132,False,1
430550415000003,153,False,60,False,76,False,11,False,,True,14,False,21,False,0,False,48,False,56,False,0,False,0,False,1617.67,False,56,False,1
430558705000001,645,False,298,False,329,False,28,False,39,False,92,False,70,False,0,False,,True,250,False,249,False,,True,3104.04,False,250,False,1
430558705000002,448,False,211,False,236,False,17,False,21,False,65,False,78,False,0,False,49,False,193,False,189,False,0,False,3189.95,False,193,False,1
430558705000005,273,False,123,False,123,False,17,False,11,False,52,False,34,False,,True,21,False,100,False,90,False,0,False,3956.44,False,100,False,1
430558705000006,243,False,131,False,118,False,,True,17,False,27,False,49,False,0,False,,True,92,False,91,False,0,False,2628.33,False,92,False,1
430558705000007,257,False,120,False,127,False,10,False,11,False,33,False,62,False,0,False,16,False,106,False,86,False,0,False,2704.71,False,106,False,1
430558705000008,7,False,4,False,,True,,True,,True,,True,,True,,True,,True,,True,,True,,True,,True,,True,1
430558705000011,251,False,104,False,125,False,,True,18,False,41,False,35,False,0,False,0,False,92,False,80,False,0,False,3292.97,False,92,False,1
430558705000012,299,False,146,False,144,False,13,False,21,False,39,False,55,False,,True,,True,113,False,104,False,0,False,3736.12,False,113,False,1
430583505000001,218,False,123,False,118,False,9,False,,True,14,False,65,False,0,False,12,False,90,False,80,False,4,False,2575.56,False,90,False,1
430583505000002,195,False,91,False,95,False,9,False,,True,34,False,27,False,0,False,33,False,72,False,45,False,0,False,2178.81,False,72,False,1
430583505000003,132,False,63,False,61,False,,True,,True,29,False,26,False,0,False,,True,49,False,25,False,0,False,5387.48,False,49,False,1
430583505000004,74,False,36,False,31,False,0,False,,True,20,False,18,False,0,False,,True,31,False,10,False,0,False,4774.32,False,31,False,1
430583505000007,101,False,59,False,47,False,,True,,True,18,False,31,False,0,False,7,False,39,False,19,False,3,False,2803.58,False,39,False,1
430583505000008,58,False,36,False,32,False,,True,0,False,9,False,19,False,0,False,,True,24,False,16,False,0,False,1985.63,False,24,False,1
430583505000009,227,False,113,False,105,False,14,False,10,False,42,False,31,False,0,False,25,False,83,False,45,False,0,False,2850.8,False,83,False,1
430583505000010,163,False,99,False,77,False,,True,9,False,25,False,31,False,0,False,15,False,63,False,17,False,,True,2644.1,False,63,False,1
430583510000003,37,False,24,False,18,False,,True,,True,7,False,8,False,0,False,,True,14,False,,True,0,False,2294.29,False,14,False,1
430583510000004,45,False,19,False,24,False,3,False,0,False,12,False,12,False,0,False,,True,17,False,,True,0,False,3830.59,False,17,False,1
430583510000005,40,False,25,False,24,False,,True,0,False,,True,19,False,0,False,,True,20,False,18,False,0,False,1878.2,False,20,False,1
430593405000001,197,False,95,False,104,False,,True,,True,25,False,37,False,0,False,,True,81,False,75,False,3,False,3940.75,False,81,False,1
430593405000003,306,False,153,False,147,False,12,False,,True,62,False,48,False,0,False,14,False,104,False,92,False,0,False,3530.23,False,104,False,1
430593405000004,118,False,58,False,57,False,,True,6,False,17,False,26,False,0,False,4,False,39,False,29,False,0,False,3764.15,False,39,False,1
430593405000006,137,False,78,False,64,False,,True,,True,29,False,14,False,0,False,,True,54,False,40,False,0,False,4359.4,False,54,False,1
430593405000007,240,False,122,False,117,False,14,False,9,False,46,False,42,False,0,False,14,False,83,False,44,False,0,False,4003.93,False,83,False,1
430593405000008,167,False,81,False,80,False,,True,,True,45,False,28,False,0,False,,True,56,False,29,False,0,False,5157.18,False,56,False,1
430593405000009,240,False,99,False,113,False,7,False,9,False,35,False,38,False,0,False,,True,76,False,51,False,0,False,4181.58,False,76,False,1
430593405000010,202,False,112,False,96,False,7,False,,True,32,False,35,False,0,False,,True,72,False,53,False,0,False,3323.07,False,72,False,1
430595905000001,777,False,358,False,395,False,37,False,29,False,108,False,115,False,0,False,110,False,303,False,282,False,39,False,2308.48,False,303,False,1
430595905000002,691,False,317,False,352,False,29,False,33,False,98,False,100,False,0,False,46,False,272,False,248,False,,True,2392.96,False,272,False,1
430595905000004,101,False,46,False,50,False,,True,,True,26,False,13,False,0,False,,True,31,False,19,False,0,False,3923.86,False,31,False,1
430595905000007,564,False,242,False,288,False,22,False,32,False,70,False,68,False,0,False,,True,218,False,207,False,,True,2385.14,False,218,False,1
430595905000011,375,False,222,False,173,False,13,False,10,False,66,False,57,False,,True,,True,140,False,43,False,0,False,2465.67,False,140,False,1
430595905000012,414,False,188,False,193,False,17,False,16,False,82,False,55,False,0,False,,True,144,False,35,False,0,False,3921.98,False,144,False,1
430595905000013,383,False,210,False,174,False,21,False,12,False,66,False,63,False,0,False,11,False,129,False,5,False,0,False,2824.94,False,129,False,1
430595910000001,81,False,44,False,41,False,,True,,True,17,False,16,False,0,False,,True,37,False,3,False,9,False,2731.14,False,37,False,1
430595910000002,460,False,227,False,216,False,23,False,22,False,65,False,75,False,0,False,20,False,159,False,6,False,3,False,3722.78,False,159,False,1
430620505000001,350,False,201,False,196,False,19,False,21,False,41,False,41,False,0,False,56,False,157,False,138,False,8,False,3068.59,False,157,False,1
430620505000002,415,False,223,False,218,False,20,False,28,False,65,False,70,False,0,False,71,False,166,False,161,False,13,False,2938.22,False,166,False,1
430620505000003,888,False,393,False,435,False,55,False,52,False,98,False,71,False,0,False,246,False,343,False,332,False,0,False,2267.97,False,343,False,1
430620505000004,112,False,55,False,54,False,9,False,,True,9,False,,True,0,False,37,False,41,False,36,False,,True,1826.21,False,41,False,1
430620505000006,177,False,81,False,93,False,7,False,3,False,22,False,29,False,0,False,,True,74,False,65,False,0,False,2696.45,False,74,False,1
430620505000007,376,False,173,False,187,False,21,False,16,False,74,False,32,False,0,False,20,False,154,False,151,False,,True,2429.69,False,154,False,1
430620505000008,39,False,13,False,19,False,,True,,True,,True,,True,0,False,16,False,10,False,10,False,0,False,4760.0,False,10,False,1
430620505000009,621,False,284,False,321,False,31,False,25,False,85,False,87,False,0,False,79,False,256,False,243,False,0,False,2577.09,False,256,False,1
430620505000010,831,False,330,False,410,False,57,False,58,False,82,False,71,False,0,False,103,False,295,False,103,False,0,False,2806.8,False,295,False,1
430620505000011,155,False,65,False,81,False,9,False,13,False,15,False,10,False,0,False,24,False,58,False,58,False,,True,1997.34,False,58,False,1
430620505000012,606,False,256,False,293,False,38,False,51,False,56,False,26,False,0,False,195,False,223,False,221,False,0,False,1529.75,False,223,False,1
430620505000013,346,False,170,False,178,False,12,False,13,False,53,False,64,False,0,False,49,False,145,False,142,False,8,False,3118.91,False,145,False,1
430620505000014,442,False,192,False,231,False,20,False,23,False,70,False,30,False,0,False,92,False,169,False,169,False,7,False,1810.37,False,169,False,1
430620505000017,143,False,54,False,73,False,8,False,,True,17,False,13,False,0,False,5,False,51,False,,True,0,False,2669.52,False,51,False,1
430620505000021,337,False,222,False,162,False,16,False,13,False,56,False,69,False,0,False,25,False,135,False,120,False,0,False,2406.77,False,135,False,1
430620505000022,361,False,381,False,176,False,11,False,11,False,69,False,51,False,0,False,,True,165,False,133,False,,True,1962.6,False,165,False,1
430620505000023,234,False,160,False,116,False,13,False,,True,24,False,23,False,0,False,37,False,92,False,75,False,0,False,2634.66,False,92,False,1
430620505000024,499,False,240,False,229,False,16,False,19,False,83,False,83,False,0,False,37,False,209,False,192,False,0,False,1947.19,False,209,False,1
430620505000026,68,False,25,False,34,False,,True,,True,,True,4,False,0,False,,True,24,False,24,False,0,False,2216.5,False,24,False,1
430620505000027,572,False,277,False,274,False,30,False,13,False,92,False,87,False,0,False,,True,213,False,202,False,0,False,2093.1,False,213,False,1
430620505000028,209,False,83,False,108,False,,True,9,False,29,False,19,False,0,False,,True,73,False,71,False,0,False,2966.67,False,73,False,1
430620505000030,139,False,72,False,70,False,,True,9,False,22,False,17,False,0,False,0,False,56,False,50,False,0,False,3584.53,False,56,False,1
430620505000032,353,False,179,False,167,False,13,False,12,False,47,False,53,False,0,False,47,False,154,False,145,False,0,False,1636.87,False,154,False,1
430620505000034,211,False,95,False,97,False,13,False,13,False,26,False,21,False,0,False,15,False,85,False,26,False,0,False,4013.36,False,85,False,1
430620505000035,82,False,50,False,43,False,,True,8,False,,True,0,False,0,False,22,False,34,False,10,False,0,False,2284.34,False,34,False,1
430620505000037,155,False,68,False,82,False,,True,11,False,24,False,14,False,0,False,,True,62,False,60,False,0,False,2677.75,False,62,False,1
430620505000038,31,False,11,False,18,False,,True,7,False,0,False,,True,31,False,0,False,11,False,11,False,0,False,1030.55,False,11,False,1
430620505000039,189,False,83,False,104,False,6,False,7,False,36,False,19,False,0,False,4,False,71,False,70,False,,True,2646.73,False,71,False,1
430620505000040,490,False,228,False,243,False,31,False,31,False,52,False,33,False,0,False,152,False,199,False,196,False,,True,2325.06,False,199,False,1
430620505000041,552,False,236,False,293,False,26,False,35,False,51,False,47,False,0,False,115,False,214,False,213,False,4,False,2485.7,False,214,False,1
430620505000042,117,False,59,False,55,False,,True,,True,,True,16,False,0,False,,True,47,False,46,False,0,False,2088.89,False,47,False,1
430620505000043,396,False,232,False,202,False,14,False,13,False,65,False,67,False,0,False,,True,166,False,141,False,0,False,2651.23,False,166,False,1
430620505000044,511,False,245,False,246,False,32,False,22,False,67,False,53,False,0,False,22,False,198,False,165,False,0,False,2421.42,False,198,False,1
430620505000045,302,False,149,False,145,False,19,False,18,False,29,False,33,False,0,False,34,False,116,False,100,False,,True,2165.18,False,116,False,1
430620505000046,291,False,138,False,149,False,10,False,15,False,39,False,33,False,0,False,26,False,119,False,117,False,0,False,2433.73,False,119,False,1
430630405000001,1034,False,463,False,562,False,54,False,49,False,126,False,135,False,9,False,67,False,428,False,399,False,64,False,2626.18,False,428,False,1
430630405000002,468,False,217,False,233,False,23,False,21,False,73,False,46,False,0,False,44,False,171,False,29,False,,True,2701.99,False,171,False,1
430630405000003,375,False,188,False,176,False,20,False,20,False,53,False,39,False,0,False,,True,136,False,0,False,0,False,2025.47,False,136,False,1
430630405000004,343,False,162,False,159,False,9,False,12,False,51,False,52,False,0,False,,True,122,False,0,False,0,False,2635.93,False,122,False,1
430630405000005,412,False,177,False,183,False,13,False,21,False,67,False,40,False,0,False,51,False,141,False,0,False,0,False,4010.48,False,141,False,1
430630405000006,307,False,148,False,135,False,12,False,10,False,51,False,40,False,0,False,75,False,110,False,12,False,0,False,2115.66,False,110,False,1
430630405000007,1382,False,611,False,702,False,79,False,81,False,180,False,158,False,0,False,185,False,550,False,533,False,90,False,3374.48,False,550,False,1
430645205000002,684,False,314,False,377,False,32,False,32,False,94,False,104,False,0,False,,True,269,False,268,False,,True,3341.02,False,269,False,1
430645205000003,327,False,158,False,158,False,10,False,16,False,44,False,69,False,0,False,,True,108,False,86,False,85,False,1653.09,False,108,False,1
430645205000004,216,False,110,False,103,False,14,False,10,False,31,False,43,False,0,False,10,False,68,False,6,False,0,False,1981.25,False,68,False,1
430645205000005,233,False,114,False,106,False,,True,10,False,37,False,41,False,0,False,12,False,78,False,,True,0,False,3155.58,False,78,False,1
430645205000006,326,False,163,False,151,False,13,False,16,False,42,False,44,False,0,False,20,False,115,False,101,False,3,False,8316.09,False,115,False,1
430645205000007,90,False,43,False,50,False,,True,,True,7,False,14,False,0,False,15,False,39,False,14,False,0,False,1909.83,False,39,False,1
430645205000008,448,False,237,False,232,False,23,False,24,False,48,False,54,False,0,False,50,False,193,False,193,False,,True,3094.14,False,193,False,1
430645205000012,435,False,204,False,232,False,27,False,21,False,47,False,51,False,0,False,38,False,167,False,39,False,132,False,2413.57,False,167,False,1
430645205000013,338,False,146,False,153,False,15,False,14,False,60,False,56,False,0,False,11,False,124,False,0,False,0,False,1663.67,False,124,False,1
430675905000002,98,False,46,False,50,False,,True,8,False,,True,15,False,0,False,,True,42,False,42,False,,True,2477.37,False,42,False,1
430675905000004,162,False,74,False,82,False,,True,0,False,33,False,32,False,0,False,,True,59,False,42,False,0,False,3260.14,False,59,False,1
430675905000005,170,False,100,False,76,False,,True,,True,28,False,27,False,0,False,35,False,65,False,36,False,0,False,2498.87,False,65,False,1
430675905000006,154,False,111,False,70,False,7,False,,True,29,False,27,False,0,False,,True,60,False,53,False,0,False,1973.49,False,60,False,1
430675905000007,194,False,105,False,95,False,11,False,,True,34,False,20,False,0,False,,True,70,False,62,False,0,False,2254.93,False,70,False,1
430675905000008,218,False,107,False,97,False,9,False,,True,44,False,39,False,0,False,21,False,82,False,55,False,0,False,3067.09,False,82,False,1
430675905000009,892,False,384,False,448,False,45,False,42,False,113,False,130,False,0,False,124,False,332,False,305,False,12,False,3011.14,False,332,False,1
430680905000001,517,False,248,False,276,False,26,False,34,False,56,False,66,False,0,False,72,False,227,False,225,False,62,False,5294.61,False,227,False,1
430680905000002,612,False,307,False,329,False,41,False,30,False,66,False,68,False,0,False,58,False,264,False,263,False,249,False,4152.57,False,264,False,1
430680905000003,445,False,188,False,227,False,26,False,28,False,50,False,69,False,0,False,32,False,168,False,167,False,60,False,5007.56,False,168,False,1
430680905000004,410,False,191,False,219,False,16,False,26,False,51,False,58,False,0,False,83,False,181,False,181,False,54,False,3350.72,False,181,False,1
430680905000005,378,False,178,False,191,False,15,False,13,False,54,False,84,False,4,False,72,False,161,False,161,False,57,False,4092.68,False,161,False,1
430680905000006,695,False,278,False,350,False,52,False,39,False,61,False,39,False,0,False,322,False,259,False,259,False,176,False,1975.9,False,259,False,1
430680905000007,510,False,222,False,264,False,45,False,56,False,39,False,24,False,0,False,253,False,182,False,182,False,139,False,1669.83,False,182,False,1
430680905000008,785,False,328,False,414,False,34,False,35,False,108,False,90,False,0,False,172,False,315,False,314,False,268,False,2613.02,False,315,False,1
430680905000009,445,False,238,False,224,False,28,False,26,False,50,False,52,False,0,False,46,False,184,False,153,False,7,False,3198.06,False,184,False,1
430680905000010,488,False,200,False,236,False,25,False,25,False,51,False,41,False,0,False,124,False,183,False,183,False,7,False,2573.87,False,183,False,1
430680905000011,165,False,82,False,86,False,8,False,8,False,19,False,31,False,0,False,,True,65,False,,True,0,False,3574.51,False,65,False,1
430680905000012,1136,False,472,False,595,False,77,False,62,False,131,False,109,False,0,False,148,False,432,False,428,False,23,False,3348.97,False,432,False,1
430680905000013,701,False,304,False,364,False,35,False,32,False,86,False,61,False,0,False,56,False,273,False,257,False,149,False,2824.27,False,273,False,1
430680905000014,1144,False,454,False,612,False,96,False,89,False,74,False,47,False,0,False,232,False,404,False,404,False,53,False,2105.59,False,404,False,1
430680905000015,769,False,286,False,377,False,44,False,50,False,90,False,77,False,0,False,168,False,260,False,257,False,84,False,2069.11,False,260,False,1
430680905000016,473,False,211,False,239,False,26,False,35,False,55,False,51,False,0,False,51,False,191,False,167,False,8,False,2933.15,False,191,False,1
430680905000017,253,False,85,False,137,False,24,False,26,False,17,False,4,False,,True,100,False,82,False,5,False,74,False,1766.62,False,82,False,1
430680905000018,609,False,245,False,315,False,35,False,37,False,71,False,46,False,0,False,108,False,226,False,226,False,67,False,2624.9,False,226,False,1
430680905000019,525,False,234,False,278,False,18,False,28,False,81,False,75,False,0,False,65,False,208,False,208,False,48,False,2432.1,False,208,False,1
430680905000020,547,False,228,False,291,False,29,False,31,False,66,False,48,False,,True,130,False,217,False,217,False,82,False,2825.59,False,217,False,1
430680905000021,480,False,208,False,252,False,17,False,34,False,70,False,52,False,0,False,74,False,194,False,193,False,82,False,2835.68,False,194,False,1
430680905000023,599,False,399,False,335,False,37,False,29,False,64,False,68,False,0,False,98,False,291,False,291,False,237,False,5035.14,False,291,False,1
430680905000024,442,False,210,False,256,False,19,False,15,False,58,False,96,False,0,False,28,False,198,False,198,False,5,False,5727.51,False,198,False,1
430680905000025,446,False,214,False,251,False,14,False,17,False,46,False,61,False,0,False,60,False,202,False,202,False,175,False,3649.16,False,202,False,1
430680905000026,493,False,249,False,287,False,20,False,21,False,57,False,69,False,0,False,91,False,230,False,230,False,227,False,3124.11,False,230,False,1
430680905000027,499,False,218,False,268,False,22,False,27,False,68,False,75,False,0,False,63,False,205,False,200,False,5,False,3012.94,False,205,False,1
430680905000028,501,False,214,False,253,False,28,False,34,False,48,False,40,False,0,False,71,False,205,False,205,False,26,False,3119.07,False,205,False,1
430680905000029,394,False,143,False,200,False,26,False,26,False,43,False,25,False,0,False,134,False,132,False,132,False,8,False,1879.75,False,132,False,1
430680905000031,555,False,259,False,290,False,25,False,34,False,65,False,75,False,0,False,62,False,230,False,229,False,67,False,3448.87,False,230,False,1
430680905000032,972,False,392,False,489,False,47,False,61,False,104,False,85,False,0,False,93,False,373,False,369,False,17,False,4985.08,False,373,False,1
430680905000033,30,False,14,False,15,False,3,False,0,False,,True,,True,0,False,19,False,12,False,12,False,0,False,2241.33,False,12,False,1
430680905000034,511,False,335,False,250,False,24,False,37,False,95,False,81,False,0,False,46,False,208,False,33,False,,True,2291.32,False,208,False,1
430680905000035,132,False,94,False,62,False,,True,,True,26,False,16,False,0,False,,True,56,False,5,False,0,False,2559.43,False,56,False,1
430680905000036,484,False,218,False,237,False,19,False,22,False,76,False,104,False,0,False,44,False,180,False,0,False,0,False,2787.87,False,180,False,1
430680905000037,366,False,192,False,172,False,23,False,21,False,56,False,50,False,0,False,73,False,144,False,28,False,,True,2449.24,False,144,False,1
430680905000038,22,False,10,False,10,False,,True,,True,,True,,True,0,False,10,False,8,False,,True,0,False,1542.0,False,8,False,1
430680905000039,632,False,265,False,327,False,37,False,39,False,71,False,54,False,0,False,100,False,240,False,239,False,21,False,3104.28,False,240,False,1
430680905000040,73,False,1,False,,True,,True,,True,,True,,True,,True,,True,,True,,True,,True,,True,,True,1
430680905000041,218,False,101,False,120,False,10,False,11,False,19,False,37,False,0,False,37,False,92,False,78,False,4,False,2457.57,False,92,False,1
430680905000042,350,False,135,False,179,False,24,False,33,False,33,False,31,False,,True,119,False,121,False,121,False,112,False,1645.34,False,121,False,1
430680905000043,616,False,228,False,327,False,32,False,41,False,62,False,48,False,0,False,123,False,219,False,216,False,21,False,2365.6,False,219,False,1
430680905000044,747,False,302,False,374,False,53,False,56,False,51,False,29,False,0,False,183,False,271,False,271,False,7,False,2667.41,False,271,False,1
430680905000045,781,False,392,False,424,False,41,False,37,False,78,False,61,False,0,False,86,False,354,False,351,False,83,False,3433.04,False,354,False,1
430680925000001,117,False,77,False,59,False,,True,,True,15,False,20,False,0,False,10,False,44,False,0,False,0,False,3067.14,False,44,False,1
430680925000002,249,False,146,False,107,False,,True,14,False,44,False,51,False,0,False,,True,98,False,5,False,,True,2872.18,False,98,False,1
430680925000003,167,False,101,False,71,False,,True,10,False,20,False,20,False,0,False,59,False,66,False,,True,0,False,2256.67,False,66,False,1
430680925000004,316,False,138,False,149,False,19,False,20,False,39,False,49,False,0,False,50,False,114,False,10,False,,True,2905.44,False,114,False,1
430680925000005,163,False,89,False,71,False,,True,11,False,15,False,24,False,0,False,,True,59,False,,True,0,False,3682.58,False,59,False,1
430780705000001,450,False,264,False,246,False,28,False,23,False,52,False,90,False,0,False,25,False,213,False,211,False,13,False,5381.51,False,213,False,1
430780705000002,594,False,369,False,339,False,27,False,26,False,80,False,106,False,0,False,36,False,283,False,283,False,28,False,4749.99,False,283,False,1
430780705000003,522,False,316,False,284,False,19,False,24,False,65,False,35,False,,True,84,False,254,False,252,False,11,False,3116.35,False,254,False,1
430780705000004,526,False,295,False,260,False,21,False,26,False,83,False,58,False,0,False,106,False,231,False,230,False,29,False,2659.1,False,231,False,1
430780705000005,463,False,228,False,254,False,26,False,17,False,42,False,44,False,0,False,69,False,207,False,207,False,38,False,3530.57,False,207,False,1
430780705000006,717,False,321,False,379,False,34,False,31,False,86,False,82,False,0,False,84,False,299,False,299,False,14,False,3551.18,False,299,False,1
430780705000007,522,False,197,False,253,False,55,False,48,False,40,False,22,False,0,False,142,False,168,False,167,False,58,False,1821.24,False,168,False,1
430780705000008,739,False,276,False,348,False,53,False,71,False,55,False,49,False,,True,175,False,252,False,250,False,74,False,1859.72,False,252,False,1
430780705000009,548,False,201,False,282,False,32,False,47,False,55,False,20,False,0,False,115,False,195,False,192,False,53,False,2315.37,False,195,False,1
430780705000010,998,False,390,False,518,False,80,False,83,False,68,False,61,False,0,False,179,False,365,False,359,False,82,False,2420.61,False,365,False,1
430780705000011,198,False,84,False,109,False,9,False,8,False,35,False,20,False,0,False,25,False,75,False,75,False,0,False,3004.73,False,75,False,1
430780705000012,682,False,286,False,350,False,48,False,42,False,68,False,29,False,0,False,135,False,266,False,255,False,60,False,2575.51,False,266,False,1
430780705000013,553,False,211,False,280,False,39,False,41,False,60,False,20,False,0,False,78,False,196,False,186,False,24,False,2197.9,False,196,False,1
430780705000014,462,False,195,False,239,False,29,False,26,False,59,False,55,False,0,False,70,False,185,False,184,False,82,False,2436.34,False,185,False,1
430780705000015,793,False,332,False,417,False,63,False,90,False,38,False,17,False,0,False,115,False,299,False,201,False,51,False,2944.72,False,299,False,1
430780705000016,465,False,212,False,255,False,21,False,24,False,59,False,46,False,0,False,24,False,187,False,187,False,173,False,2758.19,False,187,False,1
430780705000017,318,False,156,False,156,False,24,False,20,False,33,False,45,False,,True,46,False,121,False,117,False,25,False,2926.83,False,121,False,1
430780705000018,650,False,279,False,351,False,43,False,50,False,89,False,46,False,,True,100,False,242,False,242,False,202,False,2772.59,False,242,False,1
430780705000019,674,False,288,False,353,False,34,False,42,False,92,False,51,False,,True,109,False,261,False,258,False,84,False,2534.65,False,261,False,1
430780705000020,659,False,299,False,342,False,40,False,29,False,101,False,69,False,0,False,50,False,249,False,249,False,231,False,4467.88,False,249,False,1
430780705000021,421,False,181,False,221,False,16,False,22,False,60,False,38,False,0,False,22,False,165,False,165,False,4,False,3429.79,False,165,False,1
430780705000022,232,False,111,False,115,False,16,False,14,False,20,False,18,False,0,False,24,False,88,False,73,False,0,False,2661.08,False,88,False,1
430780705000023,837,False,334,False,441,False,42,False,62,False,102,False,105,False,0,False,43,False,315,False,315,False,9,False,4461.64,False,315,False,1
430780705000024,188,False,71,False,89,False,9,False,11,False,21,False,15,False,0,False,16,False,62,False,62,False,0,False,3057.92,False,62,False,1
430780705000025,601,False,340,False,331,False,33,False,27,False,68,False,83,False,,True,74,False,281,False,281,False,33,False,3767.66,False,281,False,1
430780705000026,345,False,172,False,191,False,30,False,29,False,29,False,27,False,,True,73,False,128,False,128,False,58,False,2258.02,False,128,False,1
430780705000027,593,False,238,False,314,False,45,False,32,False,50,False,31,False,0,False,95,False,217,False,217,False,21,False,2637.22,False,217,False,1
430780705000028,478,False,179,False,221,False,35,False,46,False,29,False,18,False,0,False,81,False,156,False,154,False,32,False,1928.99,False,156,False,1
430780705000029,752,False,312,False,409,False,45,False,43,False,109,False,80,False,0,False,102,False,293,False,293,False,8,False,3013.6,False,293,False,1
430780705000030,793,False,343,False,415,False,42,False,49,False,103,False,41,False,0,False,117,False,315,False,314,False,14,False,2682.01,False,315,False,1
430780705000031,467,False,222,False,254,False,24,False,17,False,71,False,50,False,0,False,84,False,206,False,199,False,33,False,2684.98,False,206,False,1
430780705000032,590,False,252,False,290,False,46,False,32,False,50,False,30,False,,True,126,False,221,False,190,False,207,False,2677.07,False,221,False,1
430780705000033,413,False,183,False,214,False,26,False,27,False,49,False,46,False,0,False,77,False,156,False,155,False,51,False,2390.16,False,156,False,1
430780705000034,756,False,295,False,402,False,34,False,67,False,93,False,45,False,0,False,115,False,273,False,270,False,35,False,2858.97,False,273,False,1
430780705000035,551,False,251,False,296,False,21,False,35,False,80,False,71,False,0,False,35,False,220,False,220,False,10,False,4435.29,False,220,False,1
430780705000036,339,False,151,False,179,False,25,False,17,False,39,False,36,False,0,False,125,False,130,False,130,False,63,False,2150.0,False,130,False,1
430780705000037,454,False,215,False,243,False,39,False,26,False,42,False,37,False,0,False,195,False,168,False,168,False,56,False,1978.22,False,168,False,1
430780705000038,600,False,300,False,323,False,30,False,35,False,101,False,112,False,0,False,53,False,241,False,241,False,107,False,4683.6,False,241,False,1
430780705000039,693,False,284,False,348,False,45,False,62,False,75,False,40,False,5,False,107,False,258,False,256,False,14,False,3072.86,False,258,False,1
430780705000040,511,False,241,False,282,False,18,False,25,False,62,False,92,False,0,False,31,False,215,False,214,False,52,False,5027.26,False,215,False,1
430780705000041,8,False,2,False,,True,,True,,True,,True,,True,,True,,True,,True,,True,,True,,True,,True,1
430780705000042,214,False,109,False,109,False,,True,11,False,35,False,30,False,0,False,19,False,89,False,87,False,,True,3748.03,False,89,False,1
430780705000044,191,False,117,False,101,False,14,False,12,False,17,False,20,False,0,False,25,False,69,False,52,False,,True,2996.25,False,69,False,1
430780705000045,418,False,266,False,245,False,19,False,19,False,39,False,74,False,0,False,48,False,215,False,214,False,166,False,4496.73,False,215,False,1
430780705000046,555,False,224,False,279,False,30,False,29,False,70,False,50,False,0,False,106,False,207,False,207,False,,True,2926.48,False,207,False,1
430780705000047,429,False,186,False,224,False,23,False,26,False,50,False,32,False,0,False,79,False,170,False,169,False,16,False,2203.48,False,170,False,1
430780705000048,758,False,293,False,378,False,52,False,58,False,59,False,31,False,0,False,94,False,273,False,256,False,8,False,2824.64,False,273,False,1
430780705000049,464,False,188,False,245,False,23,False,37,False,63,False,26,False,0,False,92,False,177,False,177,False,5,False,2481.73,False,177,False,1
430780705000050,555,False,194,False,284,False,43,False,48,False,37,False,57,False,0,False,27,False,180,False,177,False,15,False,7543.7,False,180,False,1
430780705000051,152,False,82,False,77,False,,True,,True,31,False,21,False,0,False,5,False,62,False,52,False,0,False,2939.87,False,62,False,1
430780705000052,502,False,269,False,233,False,29,False,38,False,71,False,54,False,0,False,34,False,197,False,183,False,4,False,3424.68,False,197,False,1
430780723000001,286,False,127,False,148,False,16,False,17,False,49,False,42,False,0,False,22,False,111,False,110,False,0,False,3051.38,False,111,False,1
430780723000002,72,False,32,False,31,False,8,False,8,False,,True,0,False,0,False,6,False,28,False,0,False,0,False,3073.21,False,28,False,1
430780723000003,171,False,72,False,83,False,10,False,10,False,19,False,17,False,0,False,,True,59,False,51,False,0,False,3030.85,False,59,False,1
430780723000004,160,False,85,False,78,False,10,False,,True,27,False,31,False,0,False,,True,60,False,57,False,0,False,2463.05,False,60,False,1
430780723000005,331,False,153,False,161,False,11,False,23,False,69,False,35,False,0,False,,True,123,False,119,False,0,False,2828.61,False,123,False,1
430780723000006,233,False,139,False,115,False,10,False,11,False,44,False,42,False,0,False,14,False,94,False,71,False,0,False,2663.77,False,94,False,1
430780726000001,86,False,42,False,47,False,,True,,True,8,False,15,False,0,False,0,False,32,False,29,False,,True,3145.39,False,32,False,1
430780726000002,85,False,41,False,43,False,,True,3,False,15,False,9,False,0,False,,True,33,False,31,False,0,False,2711.39,False,33,False,1
430780726000003,439,False,210,False,220,False,20,False,19,False,55,False,73,False,0,False,,True,156,False,135,False,0,False,2848.37,False,156,False,1
430780726000004,625,False,310,False,306,False,34,False,33,False,76,False,56,False,0,False,34,False,243,False,203,False,,True,2610.15,False,243,False,1
430780726000005,247,False,108,False,111,False,22,False,15,False,28,False,17,False,0,False,15,False,86,False,83,False,6,False,2163.25,False,86,False,1
430780726000006,778,False,291,False,411,False,86,False,85,False,33,False,14,False,0,False,159,False,252,False,251,False,242,False,1448.22,False,252,False,1
430780727000001,192,False,93,False,94,False,12,False,23,False,21,False,8,False,,True,27,False,74,False,72,False,,True,2433.03,False,74,False,1
430780727000002,246,False,114,False,114,False,13,False,16,False,28,False,25,False,0,False,,True,86,False,48,False,0,False,2719.33,False,86,False,1
430780727000003,442,False,246,False,213,False,20,False,24,False,66,False,73,False,0,False,32,False,167,False,145,False,3,False,3248.46,False,167,False,1
430780727000004,348,False,181,False,166,False,10,False,21,False,58,False,38,False,0,False,35,False,133,False,132,False,0,False,3378.36,False,133,False,1
430780727000005,261,False,137,False,121,False,12,False,8,False,60,False,45,False,0,False,,True,105,False,89,False,0,False,3865.02,False,105,False,1
430780727000006,99,False,27,False,39,False,14,False,15,False,,True,,True,84,False,5,False,23,False,23,False,0,False,1143.43,False,23,False,1
430780735000001,111,False,53,False,58,False,,True,8,False,22,False,17,False,0,False,,True,47,False,47,False,0,False,2662.76,False,47,False,1
430780735000002,249,False,119,False,127,False,15,False,15,False,32,False,28,False,0,False,16,False,90,False,84,False,0,False,2888.52,False,90,False,1
430780735000003,329,False,144,False,148,False,23,False,19,False,45,False,28,False,0,False,16,False,118,False,101,False,0,False,3615.98,False,118,False,1
430786405000001,689,False,314,False,360,False,18,False,33,False,109,False,78,False,0,False,77,False,274,False,259,False,143,False,2837.37,False,274,False,1
430786405000002,469,False,199,False,231,False,16,False,17,False,76,False,85,False,0,False,,True,140,False,12,False,,True,4662.52,False,140,False,1
430786405000003,271,False,110,False,130,False,15,False,12,False,60,False,56,False,0,False,,True,79,False,0,False,0,False,3131.68,False,79,False,1
430786405000004,407,False,213,False,180,False,16,False,15,False,64,False,52,False,0,False,74,False,136,False,28,False,9,False,4399.81,False,136,False,1
430786405000005,730,False,293,False,364,False,41,False,38,False,93,False,73,False,0,False,105,False,254,False,239,False,32,False,3031.16,False,254,False,1
430790605000001,700,False,336,False,367,False,31,False,46,False,81,False,76,False,,True,46,False,304,False,304,False,166,False,5471.87,False,304,False,1
430790605000003,383,False,230,False,199,False,14,False,24,False,60,False,42,False,0,False,28,False,168,False,168,False,117,False,3988.95,False,168,False,1
430790605000004,546,False,325,False,321,False,24,False,24,False,66,False,80,False,0,False,44,False,247,False,247,False,203,False,4539.05,False,247,False,0
430790605000006,403,False,202,False,220,False,15,False,9,False,86,False,50,False,0,False,18,False,166,False,166,False,55,False,6093.58,False,166,False,1
430790605000007,711,False,400,False,378,False,33,False,30,False,82,False,66,False,0,False,34,False,313,False,313,False,26,False,2503.26,False,313,False,1
430790605000008,611,False,283,False,339,False,31,False,31,False,100,False,54,False,0,False,62,False,254,False,254,False,6,False,3972.53,False,254,False,1
430790605000010,526,False,254,False,277,False,16,False,22,False,76,False,65,False,0,False,79,False,220,False,219,False,159,False,4472.75,False,220,False,1
430790605000013,312,False,165,False,168,False,19,False,9,False,36,False,29,False,0,False,50,False,128,False,128,False,71,False,3012.5,False,128,False,1
430790605000014,619,False,350,False,320,False,26,False,32,False,58,False,63,False,4,False,62,False,280,False,280,False,150,False,4179.94,False,280,False,0
430790605000017,550,False,272,False,292,False,26,False,18,False,72,False,60,False,0,False,58,False,234,False,234,False,213,False,3437.41,False,234,False,1
430790605000019,342,False,154,False,180,False,18,False,10,False,39,False,54,False,0,False,47,False,142,False,142,False,7,False,2730.83,False,142,False,1
430790605000020,695,False,332,False,356,False,39,False,35,False,83,False,72,False,0,False,71,False,296,False,296,False,11,False,3055.45,False,296,False,1
430790605000021,774,False,333,False,402,False,44,False,47,False,73,False,62,False,0,False,129,False,294,False,294,False,14,False,2850.8,False,294,False,1
430790605000022,286,False,122,False,143,False,16,False,17,False,30,False,26,False,0,False,59,False,113,False,113,False,,True,3175.14,False,113,False,1
430790605000023,616,False,246,False,313,False,36,False,33,False,42,False,21,False,0,False,88,False,227,False,225,False,99,False,3693.85,False,227,False,1
430790605000024,198,False,91,False,97,False,8,False,,True,26,False,,True,0,False,30,False,82,False,68,False,0,False,3200.1,False,82,False,1
430790605000025,728,False,333,False,369,False,28,False,39,False,88,False,72,False,0,False,120,False,294,False,293,False,3,False,3031.25,False,294,False,1
430790605000026,18,False,10,False,5,False,0,False,0,False,,True,,True,0,False,,True,8,False,7,False,0,False,1728.0,False,8,False,1
430790605000027,568,False,217,False,294,False,41,False,30,False,51,False,27,False,0,False,68,False,203,False,200,False,,True,2710.41,False,203,False,1
430790605000030,534,False,201,False,259,False,45,False,45,False,31,False,18,False,0,False,239,False,168,False,168,False,15,False,1862.09,False,168,False,0
430790605000031,513,False,259,False,273,False,18,False,30,False,73,False,48,False,0,False,65,False,199,False,194,False,34,False,3132.68,False,199,False,0
430790605000032,526,False,242,False,275,False,25,False,24,False,53,False,85,False,0,False,,True,210,False,210,False,82,False,2077.38,False,210,False,1
430790605000034,535,False,257,False,287,False,16,False,34,False,73,False,56,False,0,False,68,False,204,False,204,False,91,False,3020.07,False,204,False,0
430790605000036,779,False,330,False,386,False,40,False,43,False,105,False,48,False,,True,215,False,309,False,309,False,,True,2206.09,False,309,False,0
430790605000037,761,False,304,False,393,False,32,False,34,False,107,False,55,False,3,False,205,False,293,False,293,False,64,False,2546.44,False,293,False,0
430790605000038,821,False,322,False,424,False,36,False,42,False,120,False,62,False,0,False,202,False,312,False,312,False,6,False,2565.97,False,312,False,0
430790605000039,162,False,78,False,77,False,8,False,10,False,19,False,,True,0,False,21,False,68,False,68,False,7,False,4815.88,False,68,False,1
430790605000040,856,False,329,False,437,False,40,False,64,False,89,False,52,False,0,False,270,False,305,False,305,False,55,False,2238.02,False,305,False,0
430790605000044,733,False,293,False,378,False,54,False,55,False,75,False,38,False,,True,276,False,262,False,261,False,151,False,2511.52,False,262,False,0
430790605000045,637,False,299,False,347,False,42,False,38,False,63,False,19,False,0,False,63,False,257,False,257,False,44,False,1968.62,False,257,False,1
430790605000046,814,False,339,False,422,False,48,False,41,False,107,False,55,False,,True,142,False,306,False,305,False,44,False,3646.85,False,306,False,1
430790605000047,401,False,162,False,207,False,19,False,16,False,49,False,39,False,0,False,27,False,153,False,152,False,4,False,4318.95,False,153,False,1
430790605000048,482,False,261,False,244,False,24,False,23,False,25,False,,True,0,False,140,False,233,False,233,False,8,False,2839.03,False,233,False,1
430790605000049,753,False,311,False,401,False,37,False,33,False,122,False,75,False,0,False,123,False,287,False,285,False,139,False,2363.11,False,287,False,1
430790605000051,952,False,386,False,472,False,50,False,54,False,99,False,49,False,,True,161,False,358,False,358,False,8,False,2800.32,False,358,False,1
430790605000052,782,False,311,False,398,False,50,False,45,False,55,False,37,False,4,False,266,False,274,False,271,False,96,False,2141.15,False,274,False,0
430790605000053,663,False,268,False,340,False,49,False,30,False,51,False,27,False,0,False,168,False,238,False,238,False,7,False,2958.77,False,238,False,0
430790605000054,664,False,282,False,327,False,44,False,41,False,54,False,26,False,0,False,182,False,243,False,241,False,7,False,2866.82,False,243,False,0
430790605000055,515,False,215,False,270,False,21,False,28,False,44,False,21,False,0,False,78,False,202,False,202,False,7,False,2941.26,False,202,False,1
430790605000058,548,False,210,False,278,False,37,False,34,False,42,False,20,False,0,False,176,False,202,False,200,False,0,False,2319.34,False,202,False,1
430790605000059,29,False,11,False,14,False,0,False,,True,8,False,,True,0,False,10,False,10,False,10,False,5,False,4314.0,False,10,False,1
430790605000060,674,False,302,False,347,False,25,False,29,False,97,False,44,False,0,False,94,False,267,False,267,False,6,False,2713.74,False,267,False,1
430790605000061,257,False,87,False,123,False,19,False,14,False,9,False,6,False,0,False,,True,85,False,85,False,17,False,2109.05,False,85,False,0
430790605000062,1030,False,402,False,533,False,49,False,63,False,80,False,54,False,0,False,209,False,384,False,383,False,13,False,3404.59,False,384,False,1
430790605000064,210,False,80,False,102,False,16,False,8,False,24,False,19,False,0,False,65,False,75,False,75,False,11,False,2613.55,False,75,False,0
430790605000066,76,False,30,False,42,False,,True,9,False,,True,0,False,,True,,True,28,False,28,False,,True,3891.5,False,28,False,0
430790605000067,174,False,83,False,87,False,,True,9,False,22,False,11,False,0,False,21,False,71,False,0,False,0,False,3129.11,False,71,False,1
430790605000068,269,False,122,False,138,False,16,False,20,False,31,False,17,False,0,False,48,False,98,False,53,False,0,False,2331.43,False,98,False,1
430790605000069,442,False,195,False,216,False,25,False,27,False,58,False,67,False,,True,,True,143,False,0,False,0,False,3315.6,False,143,False,1
430790605000070,278,False,148,False,133,False,12,False,11,False,47,False,36,False,0,False,,True,98,False,0,False,0,False,3297.93,False,98,False,1
430790605000072,146,False,68,False,72,False,,True,10,False,17,False,19,False,0,False,8,False,48,False,18,False,0,False,3201.75,False,48,False,1
430790605000075,448,False,249,False,239,False,20,False,15,False,55,False,37,False,0,False,39,False,202,False,202,False,139,False,5605.13,False,202,False,1
430790605000076,44,False,19,False,24,False,,True,,True,,True,,True,0,False,,True,18,False,18,False,,True,5261.11,False,18,False,1
430790605000077,18,False,9,False,9,False,0,False,,True,,True,,True,0,False,3,False,7,False,7,False,,True,4285.33,False,7,False,0
430790605000078,11,False,8,False,7,False,,True,0,False,,True,,True,0,False,,True,5,False,5,False,0,False,3700.0,False,5,False,0
430790605000086,562,False,235,False,283,False,20,False,30,False,83,False,41,False,0,False,110,False,210,False,209,False,68,False,3758.37,False,210,False,1
430790605000087,519,False,245,False,273,False,28,False,26,False,45,False,31,False,5,False,93,False,197,False,179,False,62,False,3777.76,False,197,False,1
430790605000088,38,False,17,False,21,False,,True,,True,,True,7,False,0,False,,True,14,False,13,False,9,False,2525.77,False,14,False,1
430790605000089,159,False,79,False,84,False,,True,6,False,21,False,15,False,0,False,,True,66,False,66,False,64,False,2993.45,False,66,False,1
430790605000090,149,False,57,False,81,False,13,False,10,False,15,False,,True,0,False,20,False,53,False,53,False,,True,3260.53,False,53,False,1
430790605000091,627,False,274,False,320,False,44,False,36,False,75,False,49,False,0,False,196,False,232,False,231,False,7,False,2522.54,False,232,False,1
430790605000092,711,False,288,False,364,False,51,False,58,False,65,False,26,False,0,False,282,False,246,False,246,False,0,False,1811.64,False,246,False,1
430790605000097,486,False,227,False,256,False,21,False,22,False,73,False,50,False,0,False,50,False,191,False,189,False,4,False,3083.21,False,191,False,1
430790605000098,749,False,279,False,382,False,32,False,40,False,91,False,52,False,0,False,201,False,268,False,268,False,44,False,2227.98,False,268,False,1
430790605000099,500,False,254,False,257,False,34,False,31,False,16,False,16,False,0,False,89,False,218,False,211,False,9,False,3492.24,False,218,False,1
430790605000101,98,False,38,False,50,False,8,False,8,False,,True,0,False,0,False,22,False,36,False,36,False,13,False,4504.47,False,36,False,1
430790605000102,176,False,75,False,92,False,8,False,9,False,15,False,10,False,0,False,28,False,66,False,66,False,3,False,2905.38,False,66,False,1
430790605000103,45,False,25,False,27,False,,True,,True,8,False,,True,0,False,,True,22,False,22,False,,True,3524.64,False,22,False,0
430790605000104,48,False,23,False,25,False,,True,,True,,True,,True,0,False,8,False,20,False,20,False,0,False,3268.42,False,20,False,0
430790605000109,14,False,6,False,8,False,,True,0,False,0,False,,True,0,False,0,False,6,False,6,False,4,False,3366.67,False,6,False,0
430790605000110,71,False,31,False,32,False,,True,,True,13,False,,True,,True,,True,28,False,10,False,0,False,4872.67,False,28,False,0
430790605000111,571,False,300,False,306,False,61,False,47,False,,True,,True,0,False,231,False,229,False,229,False,202,False,2264.27,False,229,False,0
430790605000112,335,False,144,False,161,False,23,False,19,False,28,False,17,False,0,False,46,False,127,False,112,False,26,False,3776.27,False,127,False,1
430790605000114,19,False,11,False,9,False,,True,,True,0,False,,True,0,False,4,False,8,False,8,False,,True,7437.5,False,8,False,1
430790605000116,106,False,43,False,52,False,,True,,True,15,False,,True,0,False,17,False,37,False,36,False,,True,3322.22,False,37,False,1
430790605000117,130,False,48,False,62,False,,True,10,False,9,False,,True,0,False,18,False,45,False,43,False,,True,3871.49,False,45,False,1
430790605000118,25,False,10,False,14,False,0,False,0,False,,True,,True,0,False,9,False,9,False,9,False,0,False,2868.0,False,9,False,1
430790605000119,30,False,13,False,15,False,0,False,,True,6,False,3,False,0,False,3,False,9,False,7,False,,True,2966.67,False,9,False,1
430790605000121,326,False,136,False,170,False,24,False,19,False,17,False,10,False,0,False,68,False,121,False,101,False,,True,3308.18,False,121,False,1
430790605000122,7,False,2,False,,True,,True,,True,,True,,True,,True,,True,,True,,True,,True,,True,,True,1
430790605000123,3,False,2,False,,True,,True,,True,,True,,True,,True,,True,,True,,True,,True,,True,,True,1
430790605000124,23,False,4,False,,True,,True,,True,,True,,True,,True,,True,,True,,True,,True,,True,,True,1
430790605000125,5,False,3,False,,True,,True,,True,,True,,True,,True,,True,,True,,True,,True,,True,,True,1
430790605000126,146,False,54,False,78,False,,True,11,False,25,False,,True,0,False,16,False,52,False,52,False,24,False,2837.78,False,52,False,1
430790605000131,53,False,24,False,27,False,,True,,True,8,False,,True,0,False,,True,20,False,17,False,3,False,3730.0,False,20,False,1
430790605000132,49,False,25,False,24,False,,True,,True,,True,10,False,0,False,0,False,17,False,3,False,,True,2920.59,False,17,False,1
430790605000137,125,False,59,False,64,False,6,False,9,False,11,False,9,False,0,False,20,False,51,False,51,False,0,False,3113.96,False,51,False,0
430790605000138,118,False,50,False,70,False,9,False,6,False,8,False,,True,0,False,16,False,46,False,41,False,4,False,2778.09,False,46,False,0
430790605000139,1152,False,467,False,591,False,69,False,70,False,93,False,57,False,0,False,305,False,432,False,430,False,,True,2703.66,False,432,False,0
430790605000140,113,False,41,False,59,False,,True,8,False,10,False,,True,0,False,28,False,39,False,37,False,6,False,3742.42,False,39,False,0
430790605000141,230,False,93,False,112,False,19,False,22,False,16,False,10,False,0,False,54,False,83,False,83,False,,True,2845.73,False,83,False,0
430790605000142,16,False,8,False,8,False,,True,,True,,True,0,False,0,False,0,False,6,False,6,False,0,False,3900.0,False,6,False,0
430790605000143,68,False,35,False,38,False,,True,,True,10,False,15,False,0,False,4,False,27,False,22,False,0,False,3483.7,False,27,False,0
430790605000144,536,False,219,False,277,False,49,False,46,False,36,False,18,False,0,False,127,False,200,False,181,False,0,False,2779.13,False,200,False,0
430790605000145,80,False,29,False,41,False,9,False,7,False,,True,,True,0,False,22,False,26,False,25,False,3,False,3548.54,False,26,False,0
430790605000146,1082,False,412,False,547,False,72,False,94,False,73,False,33,False,5,False,261,False,382,False,381,False,34,False,2959.4,False,382,False,0
430790605000147,21,False,17,False,12,False,,True,0,False,,True,7,False,0,False,0,False,9,False,8,False,5,False,3544.44,False,9,False,0
430790605000148,292,False,116,False,161,False,16,False,14,False,40,False,30,False,0,False,48,False,99,False,84,False,,True,4183.33,False,99,False,0
430790605000149,506,False,224,False,259,False,21,False,40,False,59,False,47,False,0,False,71,False,191,False,,True,0,False,2685.4,False,191,False,1
430790605000150,56,False,17,False,27,False,,True,,True,,True,7,False,0,False,3,False,15,False,,True,0,False,3787.43,False,15,False,1
430790605000151,244,False,106,False,127,False,8,False,13,False,34,False,41,False,0,False,,True,79,False,0,False,0,False,3983.18,False,79,False,1
430790605000152,18,False,6,False,10,False,0,False,0,False,0,False,,True,0,False,0,False,6,False,0,False,0,False,3635.33,False,6,False,1
430790605000154,32,False,13,False,18,False,,True,,True,,True,,True,0,False,0,False,12,False,0,False,0,False,4466.67,False,12,False,1
430790605000155,425,False,223,False,235,False,27,False,10,False,62,False,56,False,0,False,41,False,185,False,185,False,20,False,5736.66,False,185,False,1
430790605000156,391,False,214,False,207,False,20,False,24,False,43,False,31,False,0,False,28,False,163,False,163,False,109,False,4768.7,False,163,False,1
430790605000157,620,False,282,False,332,False,33,False,30,False,79,False,61,False,0,False,51,False,252,False,252,False,191,False,7466.98,False,252,False,0
430790605000158,395,False,212,False,216,False,9,False,22,False,50,False,48,False,0,False,30,False,175,False,174,False,8,False,5591.68,False,175,False,0
430790605000159,434,False,253,False,231,False,28,False,31,False,54,False,33,False,0,False,46,False,179,False,179,False,39,False,4993.52,False,179,False,1
430790605000160,472,False,220,False,253,False,22,False,22,False,55,False,91,False,0,False,59,False,199,False,198,False,197,False,4206.33,False,199,False,1
430790605000161,740,False,392,False,365,False,39,False,31,False,96,False,71,False,0,False,72,False,309,False,309,False,60,False,1782.57,False,309,False,0
430790605000162,796,False,363,False,413,False,60,False,51,False,45,False,30,False,0,False,70,False,307,False,307,False,75,False,2229.93,False,307,False,0
430790605000163,343,False,221,False,170,False,24,False,15,False,,True,,True,,True,51,False,170,False,170,False,3,False,2855.27,False,170,False,0
430790605000164,498,False,244,False,261,False,30,False,27,False,55,False,68,False,0,False,39,False,199,False,199,False,99,False,2633.9,False,199,False,0
430790605000165,236,False,140,False,127,False,10,False,7,False,31,False,25,False,0,False,32,False,112,False,112,False,19,False,3489.68,False,112,False,0
430790605000166,159,False,79,False,88,False,14,False,,True,12,False,,True,0,False,42,False,62,False,62,False,3,False,4138.71,False,62,False,1
430790605000167,530,False,232,False,282,False,29,False,18,False,63,False,27,False,0,False,93,False,219,False,219,False,29,False,2398.97,False,219,False,0
430790605000168,367,False,142,False,194,False,17,False,17,False,28,False,,True,0,False,91,False,137,False,137,False,7,False,2647.61,False,137,False,1
430790605000169,592,False,270,False,305,False,15,False,29,False,91,False,70,False,0,False,50,False,229,False,227,False,124,False,5344.26,False,229,False,0
430790605000170,692,False,311,False,354,False,37,False,40,False,80,False,60,False,,True,38,False,271,False,270,False,15,False,3559.52,False,271,False,1
430790605000171,359,False,150,False,188,False,24,False,25,False,35,False,20,False,0,False,,True,134,False,133,False,122,False,5468.73,False,134,False,1
430790605000172,642,False,263,False,331,False,31,False,46,False,39,False,27,False,0,False,65,False,237,False,237,False,7,False,3776.79,False,237,False,1
430790605000173,498,False,219,False,256,False,35,False,32,False,25,False,29,False,0,False,128,False,178,False,177,False,34,False,2512.39,False,178,False,0
430790605000174,388,False,156,False,185,False,14,False,25,False,44,False,58,False,0,False,46,False,144,False,138,False,44,False,4090.55,False,144,False,0
430790605000175,579,False,248,False,299,False,23,False,35,False,73,False,56,False,0,False,161,False,225,False,223,False,156,False,2859.16,False,225,False,0
430790605000176,421,False,186,False,230,False,15,False,20,False,51,False,51,False,0,False,58,False,161,False,160,False,80,False,3160.81,False,161,False,0
430790605000177,487,False,194,False,265,False,23,False,28,False,81,False,43,False,0,False,45,False,174,False,174,False,3,False,2464.51,False,174,False,0
430790605000178,359,False,157,False,182,False,19,False,12,False,34,False,26,False,0,False,75,False,138,False,138,False,24,False,3073.68,False,138,False,0
430790605000179,618,False,269,False,314,False,34,False,40,False,67,False,38,False,0,False,182,False,232,False,232,False,4,False,2159.19,False,232,False,1
430790605000180,192,False,55,False,99,False,23,False,23,False,,True,,True,,True,97,False,55,False,54,False,6,False,1773.92,False,55,False,1
430790605000182,55,False,17,False,26,False,,True,,True,,True,0,False,0,False,31,False,16,False,16,False,0,False,1793.33,False,16,False,1
430790605000183,553,False,186,False,270,False,61,False,56,False,25,False,13,False,0,False,259,False,180,False,180,False,6,False,1610.18,False,180,False,1
430790605000184,55,False,14,False,28,False,11,False,6,False,,True,0,False,55,False,0,False,14,False,14,False,14,False,1160.92,False,14,False,1
430790605000185,195,False,78,False,103,False,15,False,17,False,16,False,16,False,,True,64,False,70,False,45,False,6,False,2667.52,False,70,False,1
430790605000186,545,False,322,False,276,False,48,False,40,False,11,False,,True,0,False,160,False,239,False,239,False,6,False,2063.52,False,239,False,0
430790605000187,522,False,319,False,272,False,41,False,38,False,23,False,,True,0,False,111,False,249,False,238,False,0,False,1661.99,False,249,False,0
430790605000188,93,False,40,False,46,False,,True,9,False,12,False,6,False,,True,,True,33,False,15,False,,True,2284.63,False,33,False,0
430790605000189,513,False,227,False,281,False,57,False,35,False,12,False,11,False,0,False,135,False,204,False,203,False,34,False,3107.17,False,204,False,1
430790605000190,478,False,240,False,254,False,47,False,33,False,13,False,,True,,True,166,False,190,False,190,False,70,False,2553.23,False,190,False,1
430790605000191,123,False,43,False,62,False,14,False,15,False,8,False,3,False,,True,36,False,41,False,39,False,,True,2178.45,False,41,False,0
430790605000192,191,False,79,False,104,False,7,False,12,False,30,False,15,False,0,False,23,False,70,False,66,False,11,False,2990.7,False,70,False,1
430790605000193,506,False,245,False,267,False,21,False,16,False,60,False,37,False,0,False,54,False,205,False,202,False,5,False,2708.59,False,205,False,1
430790605000194,376,False,157,False,190,False,23,False,22,False,29,False,20,False,,True,113,False,134,False,128,False,13,False,2645.37,False,134,False,1
430790605000195,47,False,18,False,26,False,,True,,True,,True,,True,0,False,,True,16,False,16,False,11,False,2436.67,False,16,False,0
430790605000196,127,False,54,False,63,False,,True,,True,20,False,14,False,0,False,20,False,51,False,51,False,0,False,2162.36,False,51,False,0
430790605000197,520,False,244,False,276,False,23,False,30,False,41,False,20,False,,True,94,False,219,False,218,False,17,False,3218.06,False,219,False,1
430790605000198,505,False,245,False,292,False,42,False,31,False,26,False,12,False,,True,148,False,204,False,204,False,202,False,2052.42,False,204,False,1
430790605000199,424,False,220,False,226,False,23,False,27,False,13,False,4,False,0,False,139,False,194,False,194,False,,True,2235.77,False,194,False,0
430790605000200,930,False,366,False,481,False,49,False,64,False,96,False,41,False,,True,269,False,352,False,352,False,9,False,2214.46,False,352,False,0
430790605000201,139,False,73,False,63,False,5,False,,True,24,False,12,False,0,False,,True,52,False,6,False,,True,2808.8,False,52,False,0
430790605000202,107,False,49,False,58,False,6,False,,True,13,False,13,False,0,False,,True,45,False,45,False,27,False,2395.64,False,45,False,0
430790605000203,514,False,180,False,257,False,34,False,27,False,46,False,25,False,0,False,,True,173,False,173,False,10,False,2717.15,False,173,False,0
430790605000204,180,False,54,False,98,False,15,False,14,False,13,False,3,False,0,False,69,False,51,False,50,False,4,False,2104.47,False,51,False,0
430790605000205,395,False,173,False,205,False,29,False,23,False,32,False,34,False,0,False,58,False,153,False,146,False,0,False,2986.22,False,153,False,1
430790605000206,260,False,98,False,132,False,30,False,27,False,14,False,8,False,0,False,96,False,84,False,84,False,0,False,1590.73,False,84,False,0
430790605000207,274,False,107,False,141,False,11,False,22,False,19,False,,True,0,False,80,False,95,False,95,False,,True,2578.83,False,95,False,1
430790605000208,319,False,111,False,162,False,41,False,25,False,11,False,11,False,0,False,147,False,104,False,104,False,3,False,1705.37,False,104,False,1
430790605000209,40,False,18,False,21,False,,True,3,False,7,False,,True,0,False,6,False,16,False,16,False,,True,3234.38,False,16,False,1
430790605000210,565,False,315,False,308,False,28,False,24,False,54,False,29,False,0,False,153,False,265,False,262,False,222,False,2965.72,False,265,False,1
430790610000001,186,False,81,False,96,False,,True,9,False,28,False,22,False,0,False,10,False,68,False,68,False,0,False,3837.19,False,68,False,1
430790610000002,507,False,244,False,244,False,26,False,20,False,63,False,61,False,3,False,,True,163,False,7,False,0,False,4908.44,False,163,False,1
430790610000003,372,False,167,False,188,False,17,False,15,False,67,False,54,False,0,False,,True,123,False,46,False,0,False,3728.47,False,123,False,1
430790610000004,463,False,225,False,233,False,24,False,19,False,83,False,42,False,0,False,43,False,158,False,98,False,0,False,4063.17,False,158,False,1
430790610000005,449,False,180,False,201,False,22,False,21,False,44,False,45,False,0,False,40,False,140,False,79,False,0,False,4380.71,False,140,False,1
430790610000006,19,False,9,False,11,False,0,False,,True,,True,,True,0,False,6,False,5,False,5,False,0,False,1740.0,False,5,False,1
430790610000007,62,False,28,False,35,False,,True,,True,,True,,True,0,False,4,False,24,False,24,False,0,False,3445.83,False,24,False,1
430790615000001,210,False,88,False,110,False,8,False,8,False,35,False,35,False,0,False,,True,80,False,79,False,5,False,3467.32,False,80,False,0
430790615000002,93,False,42,False,48,False,7,False,6,False,8,False,17,False,0,False,,True,34,False,34,False,0,False,3241.21,False,34,False,0
430790615000003,321,False,175,False,154,False,18,False,17,False,47,False,46,False,0,False,28,False,117,False,16,False,0,False,3386.86,False,117,False,0
430790615000004,265,False,143,False,128,False,9,False,15,False,42,False,39,False,0,False,15,False,100,False,3,False,0,False,2390.32,False,100,False,0
430790615000005,586,False,287,False,283,False,20,False,32,False,85,False,69,False,0,False,54,False,236,False,36,False,3,False,3136.14,False,236,False,0
430790615000006,549,False,296,False,277,False,24,False,30,False,66,False,78,False,0,False,41,False,208,False,68,False,0,False,3642.6,False,208,False,0
430790620000002,83,False,36,False,40,False,,True,,True,,True,,True,0,False,20,False,33,False,,True,10,False,2596.03,False,33,False,1
430790620000003,263,False,100,False,136,False,17,False,17,False,15,False,22,False,0,False,59,False,95,False,8,False,6,False,3375.33,False,95,False,1
430790620000004,521,False,292,False,253,False,21,False,31,False,93,False,40,False,,True,100,False,203,False,29,False,,True,2869.79,False,203,False,1
430790620000005,714,False,388,False,359,False,40,False,42,False,90,False,100,False,0,False,71,False,260,False,27,False,3,False,2746.8,False,260,False,0
430790620000006,618,False,317,False,312,False,36,False,33,False,79,False,59,False,0,False,65,False,226,False,69,False,0,False,2749.45,False,226,False,0
430790620000007,771,False,320,False,377,False,50,False,48,False,91,False,44,False,5,False,136,False,265,False,16,False,0,False,2422.8,False,265,False,1
430790620000008,871,False,411,False,428,False,54,False,48,False,107,False,92,False,0,False,59,False,318,False,149,False,0,False,2654.09,False,318,False,1
430790620000009,424,False,215,False,205,False,18,False,19,False,52,False,48,False,0,False,54,False,156,False,,True,0,False,2613.65,False,156,False,1
430790620000011,72,False,30,False,36,False,,True,3,False,9,False,9,False,0,False,,True,25,False,25,False,,True,2520.0,False,25,False,1
430790620000012,213,False,74,False,101,False,13,False,21,False,8,False,13,False,,True,65,False,70,False,0,False,0,False,2635.97,False,70,False,1
430790620000013,261,False,107,False,126,False,14,False,,True,30,False,24,False,0,False,,True,95,False,0,False,0,False,2704.11,False,95,False,1
430790620000014,166,False,69,False,78,False,12,False,9,False,10,False,14,False,0,False,46,False,63,False,28,False,4,False,3149.57,False,63,False,1
430790620000015,126,False,52,False,55,False,,True,10,False,14,False,10,False,0,False,12,False,48,False,0,False,0,False,2402.29,False,48,False,1
430790620000016,626,False,331,False,309,False,32,False,29,False,81,False,68,False,0,False,124,False,232,False,64,False,,True,2408.91,False,232,False,1
430790620000017,99,False,49,False,54,False,,True,,True,16,False,10,False,0,False,,True,42,False,41,False,,True,2307.14,False,42,False,0
430807805000002,446,False,221,False,224,False,25,False,26,False,58,False,48,False,0,False,74,False,167,False,144,False,,True,2367.89,False,167,False,1
430807805000003,367,False,188,False,178,False,19,False,20,False,41,False,25,False,0,False,84,False,143,False,113,False,0,False,1960.89,False,143,False,1
430807805000004,269,False,128,False,128,False,22,False,20,False,21,False,13,False,0,False,48,False,100,False,62,False,,True,2059.67,False,100,False,1
430807805000005,125,False,97,False,58,False,,True,,True,20,False,21,False,0,False,11,False,64,False,35,False,0,False,2446.94,False,64,False,1
430807805000006,269,False,153,False,133,False,15,False,12,False,27,False,34,False,0,False,63,False,106,False,103,False,0,False,2051.67,False,106,False,1
430807805000007,42,False,18,False,20,False,,True,,True,,True,,True,0,False,,True,13,False,10,False,0,False,2400.0,False,13,False,1
430807805000008,1100,False,494,False,568,False,64,False,101,False,91,False,83,False,,True,190,False,417,False,413,False,6,False,1948.64,False,417,False,1
430807805000009,314,False,168,False,150,False,16,False,14,False,57,False,51,False,0,False,32,False,120,False,103,False,0,False,3796.62,False,120,False,1
430807805000010,657,False,284,False,345,False,47,False,55,False,27,False,38,False,,True,91,False,246,False,234,False,4,False,2376.56,False,246,False,1
430807805000011,702,False,327,False,368,False,45,False,48,False,67,False,53,False,0,False,143,False,270,False,265,False,19,False,1709.68,False,270,False,1
430820105000001,385,False,196,False,215,False,14,False,17,False,61,False,49,False,0,False,28,False,162,False,161,False,42,False,6690.12,False,162,False,1
430820105000002,583,False,279,False,318,False,21,False,29,False,92,False,75,False,0,False,30,False,240,False,239,False,129,False,4922.64,False,240,False,1
430820105000003,647,False,316,False,341,False,25,False,34,False,77,False,75,False,0,False,63,False,271,False,271,False,99,False,4818.31,False,271,False,1
430820105000004,730,False,359,False,402,False,35,False,33,False,91,False,64,False,0,False,,True,311,False,311,False,137,False,5169.06,False,311,False,1
430820105000005,702,False,372,False,381,False,38,False,34,False,75,False,62,False,0,False,86,False,288,False,285,False,201,False,4499.75,False,288,False,1
430820105000006,723,False,361,False,369,False,36,False,33,False,93,False,88,False,0,False,53,False,313,False,307,False,162,False,4812.64,False,313,False,1
430820105000007,785,False,421,False,385,False,37,False,32,False,102,False,111,False,0,False,88,False,339,False,339,False,147,False,3178.71,False,339,False,1
430820105000008,659,False,279,False,340,False,30,False,38,False,87,False,57,False,0,False,66,False,253,False,253,False,21,False,3748.99,False,253,False,1
430820105000009,1040,False,450,False,514,False,60,False,46,False,138,False,79,False,0,False,,True,403,False,401,False,286,False,4353.37,False,403,False,1
430820105000010,842,False,369,False,412,False,46,False,39,False,100,False,53,False,0,False,101,False,349,False,349,False,52,False,3944.28,False,349,False,1
430820105000011,501,False,227,False,264,False,21,False,31,False,40,False,45,False,0,False,73,False,190,False,189,False,114,False,4028.75,False,190,False,1
430820105000013,1028,False,453,False,541,False,59,False,85,False,105,False,50,False,0,False,339,False,364,False,361,False,10,False,1922.25,False,364,False,1
430820105000014,634,False,296,False,327,False,37,False,36,False,67,False,60,False,0,False,90,False,238,False,237,False,28,False,3151.9,False,238,False,1
430820105000015,844,False,351,False,433,False,49,False,28,False,104,False,84,False,0,False,88,False,325,False,324,False,167,False,3056.13,False,325,False,1
430820105000016,535,False,250,False,287,False,26,False,25,False,54,False,58,False,0,False,40,False,219,False,219,False,198,False,4369.74,False,219,False,1
430820105000017,701,False,329,False,364,False,35,False,40,False,77,False,87,False,0,False,40,False,297,False,297,False,5,False,3035.52,False,297,False,1
430820105000018,539,False,276,False,281,False,23,False,25,False,74,False,63,False,0,False,25,False,227,False,227,False,69,False,4054.35,False,227,False,1
430820105000019,1084,False,478,False,551,False,72,False,59,False,99,False,59,False,0,False,55,False,438,False,436,False,60,False,4073.95,False,438,False,1
430820105000021,902,False,372,False,442,False,65,False,50,False,79,False,42,False,0,False,184,False,334,False,334,False,40,False,2919.72,False,334,False,1
430820105000022,327,False,133,False,170,False,16,False,23,False,24,False,9,False,0,False,81,False,121,False,120,False,68,False,2350.57,False,121,False,1
430820105000023,159,False,72,False,77,False,21,False,,True,,True,,True,0,False,25,False,63,False,63,False,53,False,3274.9,False,63,False,1
430820105000024,218,False,119,False,112,False,16,False,12,False,9,False,,True,0,False,34,False,105,False,105,False,4,False,2925.86,False,105,False,1
430820105000025,428,False,171,False,216,False,22,False,26,False,48,False,40,False,0,False,118,False,158,False,158,False,153,False,3435.06,False,158,False,1
430820105000026,700,False,251,False,335,False,51,False,38,False,46,False,27,False,,True,314,False,230,False,226,False,135,False,2107.73,False,230,False,1
430820105000027,379,False,164,False,193,False,22,False,27,False,34,False,21,False,0,False,144,False,145,False,145,False,84,False,2180.73,False,145,False,1
430820105000028,767,False,306,False,375,False,56,False,37,False,51,False,35,False,0,False,173,False,281,False,281,False,,True,3350.16,False,281,False,1
430820105000029,91,False,40,False,42,False,,True,,True,,True,11,False,0,False,10,False,34,False,34,False,0,False,4227.06,False,34,False,1
430820105000030,860,False,354,False,426,False,43,False,51,False,101,False,104,False,3,False,194,False,322,False,271,False,104,False,3396.76,False,322,False,1
430820105000031,20,False,10,False,8,False,,True,0,False,,True,,True,0,False,,True,10,False,10,False,4,False,2302.4,False,10,False,1
430820105000032,711,False,310,False,363,False,36,False,30,False,92,False,66,False,0,False,,True,278,False,267,False,30,False,3453.96,False,278,False,1
430820105000033,207,False,108,False,103,False,,True,,True,34,False,28,False,0,False,21,False,83,False,6,False,19,False,1994.92,False,83,False,1
430820105000034,421,False,172,False,214,False,24,False,11,False,59,False,46,False,0,False,85,False,160,False,157,False,105,False,3257.57,False,160,False,1
430820105000035,469,False,261,False,235,False,29,False,26,False,59,False,59,False,0,False,46,False,176,False,119,False,,True,2113.43,False,176,False,1
430820105000036,619,False,309,False,288,False,29,False,30,False,103,False,80,False,0,False,73,False,238,False,129,False,4,False,3309.2,False,238,False,1
430820105000037,416,False,250,False,201,False,23,False,21,False,56,False,36,False,0,False,47,False,162,False,84,False,0,False,3393.76,False,162,False,1
430820105000038,557,False,237,False,286,False,26,False,17,False,82,False,63,False,0,False,38,False,210,False,121,False,6,False,3575.16,False,210,False,1
430820105000039,811,False,379,False,381,False,41,False,56,False,97,False,76,False,0,False,,True,277,False,60,False,,True,2847.16,False,277,False,1
430820105000040,290,False,158,False,150,False,18,False,19,False,47,False,39,False,0,False,11,False,108,False,,True,0,False,2905.83,False,108,False,1
430820105000041,737,False,347,False,350,False,33,False,39,False,126,False,72,False,0,False,71,False,262,False,37,False,0,False,3226.13,False,262,False,1
430820105000042,305,False,180,False,150,False,15,False,16,False,56,False,38,False,0,False,4,False,107,False,98,False,,True,4036.67,False,107,False,1
430820105000043,278,False,152,False,126,False,10,False,11,False,48,False,34,False,0,False,26,False,114,False,12,False,0,False,3253.61,False,114,False,1
430820105000045,210,False,89,False,113,False,13,False,12,False,20,False,15,False,0,False,23,False,79,False,78,False,71,False,2553.59,False,79,False,1
430820105000046,1011,False,401,False,520,False,74,False,82,False,87,False,68,False,0,False,222,False,369,False,363,False,119,False,2659.55,False,369,False,1
430820105000047,16,False,6,False,9,False,,True,0,False,0,False,0,False,0,False,0,False,6,False,6,False,3,False,2600.0,False,6,False,1
430820105000048,176,False,71,False,90,False,13,False,16,False,20,False,10,False,0,False,,True,57,False,51,False,,True,2697.6,False,57,False,1
430820105000049,436,False,156,False,231,False,46,False,35,False,24,False,7,False,0,False,120,False,145,False,137,False,101,False,2520.7,False,145,False,1
430820105000050,0,False,0,False,0,False,0,False,0,False,0,False,0,False,0,False,0,False,0,False,0,False,0,False,0.0,False,0,False,1
430820105000051,406,False,164,False,199,False,35,False,33,False,21,False,16,False,0,False,115,False,143,False,139,False,102,False,3510.14,False,143,False,1
430820105000052,46,False,24,False,23,False,0,False,,True,7,False,,True,0,False,8,False,15,False,12,False,0,False,3867.73,False,15,False,1
430820105000053,182,False,78,False,87,False,12,False,13,False,23,False,9,False,0,False,29,False,70,False,60,False,,True,2281.77,False,70,False,1
430820105000054,80,False,37,False,47,False,5,False,7,False,,True,,True,,True,22,False,30,False,28,False,4,False,2311.33,False,30,False,1
430820105000055,891,False,369,False,464,False,62,False,74,False,64,False,41,False,0,False,100,False,333,False,331,False,261,False,4006.2,False,333,False,1
430820105000056,62,False,27,False,27,False,,True,,True,7,False,,True,0,False,3,False,24,False,19,False,0,False,5208.33,False,24,False,1
430820105000057,58,False,23,False,29,False,,True,,True,6,False,,True,0,False,,True,20,False,15,False,7,False,4940.05,False,20,False,1
430820105000058,5,False,4,False,,True,,True,,True,,True,,True,,True,,True,,True,,True,,True,,True,,True,1
430820105000059,78,False,56,False,39,False,10,False,,True,9,False,11,False,0,False,,True,32,False,17,False,0,False,2507.5,False,32,False,1
430820105000060,168,False,69,False,94,False,8,False,,True,19,False,9,False,0,False,,True,66,False,66,False,,True,3168.18,False,66,False,1
430820105000061,601,False,241,False,308,False,40,False,38,False,35,False,23,False,0,False,90,False,216,False,207,False,6,False,3740.59,False,216,False,1
430820105000062,44,False,20,False,23,False,,True,,True,,True,,True,0,False,11,False,18,False,18,False,8,False,3627.78,False,18,False,1
430820105000063,182,False,113,False,111,False,8,False,14,False,22,False,20,False,0,False,32,False,71,False,70,False,8,False,4078.21,False,71,False,1
430820105000064,136,False,62,False,71,False,13,False,7,False,21,False,13,False,0,False,10,False,48,False,15,False,0,False,3657.45,False,48,False,1
430820105000065,167,False,87,False,79,False,8,False,11,False,14,False,10,False,,True,,True,65,False,60,False,,True,3090.7,False,65,False,1
430820108000001,58,False,29,False,35,False,,True,,True,7,False,7,False,0,False,,True,21,False,,True,,True,2928.57,False,21,False,1
430820108000002,309,False,142,False,146,False,15,False,18,False,57,False,45,False,0,False,6,False,104,False,55,False,0,False,5465.13,False,104,False,1
430820108000003,246,False,96,False,116,False,13,False,12,False,47,False,32,False,0,False,4,False,81,False,0,False,0,False,3353.16,False,81,False,1
430820115000001,528,False,224,False,267,False,26,False,33,False,68,False,69,False,0,False,,True,198,False,180,False,47,False,2714.37,False,198,False,1
430820115000002,428,False,159,False,209,False,18,False,18,False,85,False,44,False,0,False,38,False,137,False,44,False,0,False,4261.35,False,137,False,1
430820115000003,734,False,269,False,351,False,58,False,37,False,81,False,60,False,0,False,155,False,246,False,76,False,,True,3437.15,False,246,False,1
430830005000001,580,False,284,False,317,False,29,False,24,False,60,False,51,False,0,False,94,False,245,False,244,False,27,False,3311.15,False,245,False,1
430830005000002,1126,False,521,False,579,False,82,False,68,False,112,False,94,False,0,False,258,False,458,False,449,False,,True,2599.0,False,458,False,1
430830005000003,1019,False,432,False,526,False,65,False,68,False,119,False,75,False,0,False,235,False,389,False,386,False,106,False,2641.74,False,389,False,1
430830005000004,380,False,191,False,186,False,20,False,23,False,47,False,30,False,0,False,81,False,138,False,25,False,0,False,1436.16,False,138,False,1
430830005000005,522,False,288,False,256,False,22,False,29,False,63,False,50,False,0,False,203,False,200,False,55,False,0,False,2403.39,False,200,False,1
430830005000006,487,False,270,False,225,False,19,False,26,False,64,False,81,False,0,False,159,False,198,False,,True,0,False,1331.07,False,198,False,1
430830005000007,358,False,175,False,157,False,18,False,16,False,56,False,40,False,0,False,106,False,141,False,0,False,0,False,1416.0,False,141,False,1
430830005000008,306,False,171,False,151,False,14,False,12,False,44,False,21,False,0,False,76,False,127,False,9,False,0,False,1849.11,False,127,False,1
430830005000009,0,False,0,False,0,False,0,False,0,False,0,False,0,False,0,False,0,False,0,False,0,False,0,False,0.0,False,0,False,1
430830005000010,998,False,455,False,511,False,82,False,62,False,99,False,61,False,0,False,221,False,373,False,365,False,,True,1853.83,False,373,False,1
430830005000011,889,False,425,False,431,False,40,False,45,False,107,False,102,False,0,False,162,False,344,False,320,False,4,False,2301.49,False,344,False,1
430830005000013,430,False,215,False,218,False,28,False,19,False,50,False,39,False,0,False,135,False,165,False,21,False,0,False,1864.02,False,165,False,1
430830005000014,181,False,71,False,89,False,13,False,11,False,27,False,18,False,0,False,36,False,64,False,64,False,,True,2196.0,False,64,False,1
430830007000001,8,False,5,False,,True,,True,,True,,True,,True,,True,,True,,True,,True,,True,,True,,True,1
430830007000002,514,False,265,False,231,False,24,False,23,False,58,False,51,False,0,False,172,False,188,False,,True,0,False,1893.71,False,188,False,1
430830010000001,34,False,17,False,16,False,,True,,True,,True,,True,0,False,12,False,11,False,3,False,0,False,1053.78,False,11,False,1
430830010000002,140,False,82,False,69,False,7,False,12,False,23,False,13,False,,True,58,False,54,False,0,False,0,False,2088.07,False,54,False,1
430830010000003,106,False,71,False,49,False,,True,10,False,12,False,7,False,0,False,,True,43,False,0,False,0,False,1115.32,False,43,False,1
430830010000004,401,False,237,False,179,False,14,False,28,False,62,False,38,False,0,False,157,False,159,False,0,False,0,False,1581.51,False,159,False,1
430830020000001,39,False,20,False,16,False,,True,0,False,8,False,9,False,0,False,,True,18,False,0,False,0,False,2147.53,False,18,False,1
430830020000002,299,False,159,False,144,False,19,False,18,False,39,False,24,False,0,False,,True,109,False,0,False,0,False,2273.26,False,109,False,1
430830020000003,327,False,170,False,149,False,13,False,18,False,52,False,34,False,0,False,114,False,131,False,0,False,0,False,1787.46,False,131,False,1
430830035000001,61,False,41,False,29,False,,True,,True,11,False,11,False,0,False,,True,26,False,,True,0,False,2328.29,False,26,False,1
430830035000002,345,False,184,False,163,False,17,False,21,False,40,False,26,False,0,False,,True,118,False,0,False,0,False,2034.89,False,118,False,1
430843305000003,415,False,271,False,206,False,14,False,27,False,79,False,73,False,0,False,3,False,167,False,160,False,,True,1691.48,False,167,False,1
430843305000004,222,False,125,False,108,False,9,False,9,False,40,False,34,False,0,False,,True,88,False,87,False,,True,2386.13,False,88,False,1
430843305000006,262,False,156,False,128,False,,True,11,False,56,False,49,False,0,False,,True,105,False,77,False,,True,2047.14,False,105,False,1
430843305000007,108,False,88,False,48,False,9,False,,True,24,False,,True,0,False,7,False,39,False,28,False,0,False,1852.11,False,39,False,1
430843305000008,262,False,156,False,133,False,11,False,14,False,51,False,52,False,0,False,10,False,107,False,87,False,0,False,2442.9,False,107,False,1
430843305000010,186,False,80,False,97,False,6,False,,True,32,False,27,False,0,False,8,False,68,False,67,False,0,False,3198.76,False,68,False,1
430843305000011,390,False,215,False,194,False,11,False,15,False,77,False,55,False,0,False,5,False,166,False,143,False,0,False,1652.9,False,166,False,1
430843305000012,548,False,269,False,276,False,30,False,29,False,64,False,66,False,0,False,32,False,215,False,200,False,0,False,3155.88,False,215,False,1
430860705000001,459,False,251,False,266,False,18,False,22,False,64,False,61,False,0,False,32,False,200,False,200,False,,True,4500.2,False,200,False,1
430860705000007,591,False,224,False,303,False,33,False,38,False,81,False,53,False,0,False,96,False,215,False,215,False,79,False,2813.32,False,215,False,1
430860705000008,743,False,306,False,386,False,43,False,29,False,89,False,77,False,0,False,54,False,279,False,279,False,57,False,4096.11,False,279,False,1
430860705000009,679,False,267,False,338,False,34,False,34,False,73,False,74,False,0,False,98,False,251,False,251,False,100,False,2203.26,False,251,False,1
430860705000010,724,False,356,False,375,False,43,False,29,False,96,False,69,False,0,False,56,False,322,False,320,False,,True,4332.17,False,322,False,1
430860705000012,447,False,177,False,234,False,20,False,23,False,51,False,41,False,0,False,60,False,159,False,133,False,0,False,3178.42,False,159,False,1
430860705000015,654,False,275,False,314,False,32,False,33,False,89,False,70,False,0,False,56,False,251,False,251,False,36,False,3297.23,False,251,False,1
430860705000017,544,False,234,False,294,False,36,False,23,False,55,False,66,False,0,False,57,False,212,False,211,False,155,False,3162.68,False,212,False,1
430860705000019,844,False,393,False,417,False,57,False,35,False,106,False,62,False,0,False,92,False,343,False,342,False,25,False,3336.52,False,343,False,1
430860705000020,667,False,280,False,331,False,31,False,38,False,80,False,69,False,0,False,44,False,252,False,245,False,62,False,2529.32,False,252,False,1
430860705000022,554,False,218,False,284,False,36,False,32,False,82,False,44,False,0,False,124,False,201,False,201,False,41,False,2801.01,False,201,False,1
430860705000030,548,False,251,False,274,False,19,False,35,False,75,False,41,False,,True,,True,207,False,162,False,11,False,4258.05,False,207,False,1
430860705000035,498,False,217,False,247,False,31,False,23,False,88,False,52,False,0,False,45,False,193,False,7,False,0,False,3329.11,False,193,False,1
430860705000036,535,False,262,False,293,False,34,False,24,False,44,False,54,False,0,False,87,False,228,False,228,False,21,False,4215.65,False,228,False,1
430860705000037,519,False,336,False,287,False,19,False,19,False,82,False,72,False,3,False,38,False,229,False,226,False,39,False,6925.65,False,229,False,1
430860705000039,459,False,250,False,258,False,21,False,19,False,57,False,72,False,0,False,43,False,215,False,215,False,81,False,5208.78,False,215,False,1
430860705000040,641,False,305,False,342,False,30,False,20,False,98,False,83,False,0,False,34,False,266,False,266,False,31,False,4286.15,False,266,False,1
430860705000041,734,False,286,False,368,False,36,False,48,False,71,False,34,False,0,False,145,False,277,False,277,False,26,False,3138.64,False,277,False,1
430860705000042,905,False,358,False,447,False,44,False,60,False,72,False,54,False,,True,149,False,325,False,325,False,,True,2895.06,False,325,False,1
430860705000045,647,False,260,False,320,False,42,False,35,False,72,False,42,False,0,False,177,False,243,False,243,False,166,False,2249.67,False,243,False,1
430860705000047,36,False,12,False,19,False,0,False,,True,,True,,True,0,False,,True,11,False,11,False,8,False,3065.82,False,11,False,1
430860705000049,44,False,16,False,23,False,,True,,True,,True,,True,0,False,,True,15,False,,True,0,False,2311.0,False,15,False,1
430860705000050,12,False,5,False,,True,,True,,True,,True,,True,,True,,True,,True,,True,,True,,True,,True,1
430860705000052,48,False,17,False,23,False,,True,,True,6,False,,True,0,False,,True,17,False,17,False,0,False,2320.59,False,17,False,1
430860705000054,6,False,4,False,,True,,True,,True,,True,,True,,True,,True,,True,,True,,True,,True,,True,1
430860705000055,202,False,84,False,107,False,9,False,11,False,21,False,14,False,0,False,,True,77,False,68,False,0,False,2625.95,False,77,False,1
430860705000057,384,False,156,False,201,False,22,False,24,False,30,False,34,False,0,False,64,False,138,False,135,False,12,False,3058.37,False,138,False,1
430860705000059,20,False,9,False,10,False,,True,,True,,True,,True,0,False,,True,6,False,4,False,0,False,3606.0,False,6,False,1
430860705000061,30,False,19,False,16,False,,True,,True,,True,,True,0,False,6,False,11,False,0,False,0,False,2899.27,False,11,False,1
430860705000062,77,False,31,False,33,False,,True,14,False,3,False,,True,0,False,,True,25,False,25,False,0,False,16868.04,False,25,False,1
430860705000066,76,False,31,False,40,False,,True,,True,,True,9,False,0,False,0,False,29,False,11,False,0,False,2534.1,False,29,False,1
430860705000067,62,False,23,False,27,False,,True,6,False,8,False,7,False,0,False,13,False,23,False,0,False,0,False,3090.65,False,23,False,1
430860705000069,82,False,42,False,40,False,,True,6,False,12,False,14,False,,True,,True,30,False,9,False,0,False,2953.0,False,30,False,1
430860705000072,432,False,185,False,216,False,16,False,28,False,58,False,43,False,0,False,,True,159,False,0,False,0,False,2717.31,False,159,False,1
430860705000074,292,False,148,False,152,False,11,False,10,False,38,False,46,False,0,False,14,False,122,False,121,False,33,False,4514.46,False,122,False,1
430860705000075,332,False,168,False,170,False,14,False,,True,49,False,35,False,0,False,24,False,138,False,137,False,15,False,3359.86,False,138,False,1
430860705000076,311,False,158,False,159,False,20,False,17,False,32,False,28,False,0,False,28,False,141,False,141,False,12,False,4380.4,False,141,False,1
430860705000077,517,False,253,False,292,False,25,False,21,False,40,False,31,False,0,False,28,False,224,False,224,False,5,False,3927.14,False,224,False,1
430860705000078,373,False,170,False,211,False,16,False,17,False,38,False,37,False,0,False,31,False,155,False,155,False,64,False,4640.92,False,155,False,1
430860705000079,785,False,380,False,433,False,37,False,53,False,80,False,58,False,0,False,52,False,335,False,334,False,46,False,3983.02,False,335,False,1
430860705000080,229,False,98,False,129,False,15,False,13,False,22,False,21,False,0,False,,True,90,False,90,False,51,False,3833.6,False,90,False,1
430860705000081,720,False,307,False,341,False,38,False,37,False,106,False,67,False,0,False,103,False,287,False,284,False,99,False,3437.68,False,287,False,1
430860705000082,649,False,307,False,334,False,45,False,39,False,35,False,26,False,0,False,102,False,266,False,261,False,9,False,2966.55,False,266,False,1
430860705000083,647,False,244,False,321,False,42,False,50,False,61,False,38,False,0,False,202,False,232,False,229,False,57,False,3407.35,False,232,False,1
430860705000084,329,False,129,False,162,False,11,False,22,False,43,False,26,False,0,False,26,False,112,False,112,False,6,False,7857.24,False,112,False,1
430860705000085,855,False,342,False,416,False,51,False,58,False,76,False,23,False,0,False,108,False,323,False,319,False,145,False,3872.78,False,323,False,1
430860705000086,575,False,228,False,285,False,19,False,30,False,90,False,77,False,0,False,46,False,212,False,212,False,36,False,3642.86,False,212,False,1
430860705000087,224,False,108,False,108,False,9,False,15,False,30,False,24,False,0,False,,True,86,False,73,False,,True,3701.28,False,86,False,1
430860705000089,84,False,45,False,40,False,,True,,True,15,False,,True,0,False,5,False,33,False,23,False,11,False,3534.94,False,33,False,1
430860705000090,123,False,49,False,62,False,9,False,,True,18,False,9,False,0,False,20,False,43,False,20,False,0,False,2431.95,False,43,False,1
430860705000091,529,False,275,False,257,False,22,False,23,False,85,False,72,False,0,False,,True,203,False,145,False,3,False,3674.47,False,203,False,1
430860705000092,601,False,288,False,296,False,22,False,35,False,96,False,73,False,0,False,,True,237,False,227,False,,True,4703.33,False,237,False,1
430860705000093,48,False,13,False,19,False,,True,,True,,True,,True,0,False,27,False,13,False,0,False,0,False,3420.31,False,13,False,1
430860705000094,219,False,131,False,113,False,,True,10,False,31,False,26,False,0,False,12,False,92,False,92,False,10,False,5165.96,False,92,False,1
430860705000095,382,False,189,False,197,False,20,False,18,False,27,False,29,False,0,False,28,False,174,False,174,False,62,False,4698.13,False,174,False,1
430860705000096,102,False,54,False,53,False,,True,5,False,14,False,10,False,0,False,10,False,43,False,0,False,0,False,2339.02,False,43,False,1
430860705000098,266,False,164,False,122,False,10,False,14,False,53,False,22,False,0,False,,True,100,False,57,False,0,False,3484.1,False,100,False,1
430860705000099,590,False,274,False,303,False,41,False,33,False,51,False,54,False,0,False,51,False,235,False,232,False,230,False,3708.26,False,235,False,1
430860705000100,142,False,66,False,76,False,7,False,,True,20,False,15,False,0,False,,True,53,False,45,False,8,False,2333.88,False,53,False,1
430860705000101,755,False,331,False,389,False,46,False,33,False,82,False,66,False,0,False,48,False,299,False,295,False,11,False,3702.44,False,299,False,1
430860705000102,273,False,126,False,137,False,13,False,16,False,28,False,24,False,0,False,,True,101,False,98,False,86,False,6870.9,False,101,False,1
430860705000103,443,False,188,False,227,False,14,False,16,False,58,False,55,False,4,False,58,False,178,False,178,False,57,False,2763.1,False,178,False,1
430860705000104,505,False,332,False,262,False,32,False,28,False,35,False,22,False,0,False,73,False,221,False,216,False,67,False,3046.08,False,221,False,1
430860705000105,42,False,18,False,22,False,,True,,True,8,False,12,False,0,False,13,False,17,False,17,False,0,False,2902.82,False,17,False,1
430860705000106,534,False,233,False,282,False,40,False,27,False,40,False,39,False,3,False,54,False,212,False,212,False,4,False,3441.7,False,212,False,1
430860705000107,454,False,183,False,225,False,22,False,30,False,44,False,24,False,,True,64,False,173,False,173,False,,True,3008.19,False,173,False,1
430860705000108,488,False,184,False,235,False,31,False,38,False,43,False,31,False,6,False,65,False,173,False,173,False,3,False,2850.79,False,173,False,1
430860705000109,135,False,59,False,66,False,7,False,,True,16,False,13,False,0,False,,True,50,False,21,False,6,False,3326.98,False,50,False,1
430860705000110,742,False,278,False,365,False,50,False,61,False,43,False,18,False,,True,294,False,257,False,167,False,199,False,2049.73,False,257,False,1
430860705000111,672,False,318,False,360,False,25,False,42,False,72,False,119,False,0,False,92,False,265,False,261,False,135,False,3917.85,False,265,False,1
430860705000112,353,False,178,False,182,False,19,False,17,False,27,False,21,False,0,False,46,False,151,False,149,False,33,False,4694.4,False,151,False,1
430860705000113,131,False,44,False,63,False,10,False,10,False,8,False,,True,0,False,21,False,42,False,35,False,12,False,2285.1,False,42,False,1
430860705000114,517,False,195,False,256,False,50,False,29,False,37,False,16,False,0,False,182,False,187,False,186,False,81,False,2137.29,False,187,False,1
430860705000115,789,False,329,False,386,False,57,False,51,False,57,False,31,False,0,False,82,False,302,False,298,False,11,False,3337.98,False,302,False,1
430860705000116,507,False,204,False,264,False,30,False,33,False,56,False,43,False,0,False,82,False,192,False,191,False,3,False,2786.69,False,192,False,1
430860705000117,471,False,246,False,220,False,27,False,23,False,37,False,76,False,0,False,64,False,213,False,180,False,59,False,4798.59,False,213,False,1
430860705000118,315,False,161,False,173,False,14,False,11,False,29,False,41,False,0,False,30,False,135,False,135,False,12,False,5816.94,False,135,False,1
430860705000119,638,False,266,False,337,False,32,False,30,False,103,False,53,False,0,False,,True,253,False,246,False,133,False,1967.95,False,253,False,1
430860705000120,44,False,17,False,23,False,,True,,True,,True,,True,0,False,,True,15,False,12,False,4,False,1906.86,False,15,False,1
430860705000121,369,False,148,False,176,False,32,False,18,False,39,False,28,False,0,False,,True,127,False,4,False,0,False,3264.83,False,127,False,1
430860725000001,107,False,43,False,50,False,,True,,True,18,False,19,False,0,False,,True,37,False,32,False,0,False,3548.78,False,37,False,1
430860725000002,237,False,124,False,119,False,11,False,11,False,41,False,40,False,0,False,13,False,86,False,56,False,0,False,2260.0,False,86,False,1
430860725000003,205,False,82,False,96,False,7,False,7,False,35,False,42,False,0,False,17,False,66,False,54,False,0,False,2300.38,False,66,False,1
430860725000004,27,False,15,False,12,False,0,False,,True,7,False,,True,0,False,5,False,8,False,7,False,0,False,2092.57,False,8,False,1
430860725000007,172,False,97,False,81,False,,True,7,False,36,False,28,False,0,False,10,False,67,False,37,False,,True,4173.45,False,67,False,1
430860725000008,267,False,127,False,127,False,10,False,15,False,47,False,27,False,0,False,29,False,92,False,,True,0,False,3068.2,False,92,False,1
430860728000003,316,False,169,False,157,False,15,False,14,False,53,False,46,False,0,False,7,False,118,False,108,False,6,False,5044.75,False,118,False,1
430880505000001,457,False,251,False,236,False,35,False,31,False,53,False,59,False,0,False,36,False,195,False,195,False,16,False,1976.19,False,195,False,1
430880505000002,499,False,278,False,269,False,26,False,29,False,72,False,78,False,0,False,48,False,205,False,203,False,24,False,2883.49,False,205,False,1
430880505000003,231,False,148,False,118,False,17,False,12,False,32,False,18,False,0,False,21,False,97,False,97,False,25,False,3424.74,False,97,False,1
430880505000005,934,False,421,False,481,False,58,False,69,False,117,False,79,False,0,False,85,False,373,False,364,False,30,False,1790.97,False,373,False,1
430880505000006,265,False,128,False,142,False,17,False,13,False,33,False,37,False,0,False,23,False,111,False,111,False,36,False,2724.88,False,111,False,1
430880505000007,184,False,143,False,91,False,14,False,,True,16,False,15,False,,True,37,False,78,False,78,False,3,False,2946.12,False,78,False,1
430880505000008,648,False,286,False,352,False,42,False,38,False,89,False,76,False,0,False,58,False,255,False,255,False,4,False,2413.5,False,255,False,1
430880505000009,144,False,141,False,69,False,10,False,,True,34,False,14,False,0,False,20,False,58,False,55,False,0,False,1939.63,False,58,False,0
430880505000010,375,False,188,False,179,False,25,False,22,False,42,False,41,False,0,False,32,False,141,False,89,False,0,False,2088.72,False,141,False,0
430880505000011,110,False,64,False,52,False,9,False,,True,22,False,14,False,0,False,,True,50,False,16,False,0,False,3021.66,False,50,False,1
430880505000014,256,False,162,False,117,False,12,False,,True,52,False,40,False,,True,15,False,110,False,33,False,,True,2120.26,False,110,False,1
430880505000015,317,False,171,False,172,False,19,False,22,False,40,False,55,False,0,False,33,False,134,False,134,False,17,False,2382.15,False,134,False,1
430880505000016,381,False,192,False,210,False,18,False,21,False,52,False,56,False,0,False,63,False,160,False,159,False,,True,2171.8,False,160,False,1
430880505000017,142,False,89,False,64,False,,True,,True,31,False,13,False,0,False,23,False,64,False,0,False,0,False,1840.63,False,64,False,1
430880505000018,18,False,8,False,10,False,,True,0,False,,True,0,False,0,False,15,False,7,False,7,False,0,False,916.67,False,7,False,1
430880505000019,125,False,75,False,56,False,7,False,3,False,24,False,15,False,0,False,,True,56,False,5,False,0,False,1964.55,False,56,False,1
430880505000020,16,False,8,False,6,False,,True,3,False,0,False,0,False,0,False,7,False,7,False,0,False,0,False,716.0,False,7,False,1
430880508000001,38,False,21,False,20,False,,True,,True,11,False,7,False,0,False,3,False,15,False,15,False,0,False,2746.67,False,15,False,1
430880508000002,159,False,140,False,83,False,,True,7,False,33,False,29,False,0,False,33,False,65,False,35,False,0,False,1535.61,False,65,False,1
430880508000003,215,False,158,False,107,False,,True,9,False,29,False,27,False,0,False,20,False,90,False,66,False,,True,1461.36,False,90,False,1
430880508000004,51,False,49,False,23,False,0,False,,True,,True,,True,0,False,,True,21,False,4,False,0,False,2634.74,False,21,False,1
430880508000005,87,False,57,False,36,False,3,False,,True,13,False,18,False,0,False,,True,41,False,30,False,0,False,2002.1,False,41,False,1
430880510000001,122,False,61,False,56,False,,True,,True,23,False,12,False,0,False,15,False,53,False,51,False,0,False,1721.17,False,53,False,1
430880510000002,243,False,140,False,119,False,12,False,11,False,33,False,22,False,0,False,45,False,95,False,80,False,0,False,1545.11,False,95,False,1
430880510000003,115,False,65,False,50,False,,True,,True,22,False,12,False,0,False,,True,52,False,40,False,0,False,1850.47,False,52,False,1
430880510000004,63,False,37,False,29,False,,True,,True,11,False,,True,0,False,3,False,28,False,16,False,0,False,1644.44,False,28,False,1
430880510000005,315,False,216,False,145,False,9,False,17,False,45,False,32,False,0,False,49,False,129,False,86,False,0,False,3049.12,False,129,False,0
430880510000006,113,False,72,False,51,False,,True,7,False,12,False,17,False,0,False,,True,50,False,32,False,0,False,1772.47,False,50,False,1
430880525000001,395,False,324,False,183,False,,True,21,False,62,False,71,False,0,False,74,False,167,False,136,False,,True,1613.01,False,167,False,0
430880525000002,139,False,91,False,65,False,,True,12,False,13,False,12,False,0,False,18,False,53,False,16,False,0,False,2364.91,False,53,False,0
430880525000003,455,False,304,False,212,False,32,False,21,False,74,False,50,False,0,False,43,False,188,False,75,False,3,False,2321.38,False,188,False,0
430885405000001,677,False,298,False,336,False,34,False,51,False,79,False,67,False,0,False,153,False,262,False,262,False,0,False,31979.72,False,262,False,1
430885405000002,336,False,148,False,167,False,20,False,21,False,41,False,41,False,,True,61,False,121,False,100,False,0,False,6913.85,False,121,False,1
430885405000003,264,False,129,False,130,False,11,False,15,False,51,False,42,False,0,False,53,False,104,False,92,False,0,False,8606.4,False,104,False,1
430885405000004,48,False,22,False,25,False,,True,,True,,True,,True,0,False,14,False,15,False,12,False,0,False,5511.47,False,15,False,1
430885405000005,65,False,30,False,32,False,3,False,,True,3,False,,True,0,False,35,False,24,False,23,False,0,False,4001.24,False,24,False,1
430885410000001,282,False,100,False,135,False,31,False,30,False,13,False,16,False,157,False,33,False,89,False,89,False,0,False,2112.77,False,89,False,1
430885410000002,72,False,36,False,34,False,,True,,True,11,False,,True,0,False,,True,31,False,19,False,0,False,5183.42,False,31,False,1
430925805000001,744,False,326,False,373,False,22,False,37,False,129,False,116,False,0,False,139,False,305,False,303,False,12,False,2438.48,False,305,False,1
430925805000002,305,False,155,False,146,False,13,False,13,False,68,False,48,False,0,False,18,False,121,False,24,False,0,False,4199.56,False,121,False,1
430925805000003,175,False,85,False,82,False,,True,9,False,44,False,39,False,0,False,,True,65,False,,True,0,False,3778.71,False,65,False,1
430925805000004,193,False,87,False,85,False,10,False,11,False,34,False,34,False,0,False,29,False,71,False,5,False,,True,3252.2,False,71,False,1
430940705000002,546,False,250,False,298,False,24,False,26,False,83,False,48,False,0,False,37,False,224,False,224,False,55,False,4700.66,False,224,False,1
430940705000003,610,False,276,False,338,False,23,False,34,False,69,False,101,False,0,False,,True,256,False,256,False,207,False,4935.15,False,256,False,1
430940705000004,983,False,489,False,539,False,52,False,62,False,87,False,88,False,0,False,97,False,439,False,439,False,315,False,3848.58,False,439,False,1
430940705000005,607,False,242,False,304,False,34,False,36,False,74,False,58,False,0,False,108,False,216,False,216,False,214,False,2315.88,False,216,False,1
430940705000006,487,False,209,False,255,False,30,False,26,False,49,False,44,False,0,False,137,False,177,False,177,False,159,False,1750.87,False,177,False,1
430940705000007,1021,False,459,False,537,False,52,False,48,False,119,False,93,False,0,False,153,False,401,False,401,False,382,False,2764.78,False,401,False,1
430940705000008,991,False,405,False,508,False,67,False,53,False,85,False,63,False,0,False,58,False,367,False,356,False,245,False,3890.2,False,367,False,1
430940705000009,1070,False,459,False,571,False,67,False,60,False,128,False,88,False,0,False,126,False,431,False,428,False,353,False,3253.68,False,431,False,1
430940705000011,982,False,380,False,515,False,57,False,64,False,83,False,81,False,0,False,319,False,348,False,347,False,55,False,2454.06,False,348,False,1
430940705000012,250,False,98,False,126,False,13,False,18,False,30,False,19,False,0,False,58,False,88,False,23,False,,True,3212.5,False,88,False,1
430940705000013,454,False,210,False,228,False,13,False,33,False,50,False,49,False,0,False,55,False,177,False,175,False,161,False,3865.63,False,177,False,1
430940705000014,751,False,306,False,372,False,37,False,52,False,74,False,76,False,0,False,115,False,286,False,286,False,71,False,3578.05,False,286,False,1
430940705000015,1024,False,452,False,529,False,43,False,46,False,116,False,114,False,0,False,132,False,420,False,419,False,281,False,3054.54,False,420,False,1
430940705000016,1039,False,393,False,512,False,64,False,74,False,82,False,54,False,5,False,345,False,374,False,372,False,363,False,2300.34,False,374,False,1
430940705000017,634,False,236,False,322,False,47,False,43,False,62,False,49,False,0,False,329,False,218,False,218,False,218,False,1272.12,False,218,False,1
430940705000018,748,False,325,False,385,False,41,False,38,False,92,False,76,False,0,False,43,False,293,False,293,False,212,False,3235.88,False,293,False,1
430940705000020,814,False,311,False,413,False,52,False,60,False,63,False,49,False,0,False,211,False,284,False,282,False,263,False,2200.97,False,284,False,1
430940705000021,458,False,201,False,226,False,28,False,31,False,38,False,24,False,0,False,152,False,172,False,171,False,141,False,1547.09,False,172,False,1
430940705000022,1004,False,429,False,538,False,59,False,49,False,127,False,103,False,0,False,106,False,380,False,380,False,246,False,2558.79,False,380,False,1
430940705000023,292,False,140,False,138,False,14,False,25,False,30,False,31,False,0,False,42,False,96,False,44,False,,True,2923.73,False,96,False,1
430940705000024,148,False,103,False,63,False,,True,,True,16,False,10,False,0,False,25,False,56,False,0,False,0,False,2412.38,False,56,False,1
430940705000025,671,False,313,False,383,False,42,False,34,False,78,False,77,False,0,False,53,False,280,False,279,False,206,False,3574.62,False,280,False,1
430940705000026,670,False,372,False,369,False,35,False,38,False,77,False,89,False,0,False,57,False,291,False,291,False,288,False,4089.14,False,291,False,1
430940705000027,759,False,300,False,401,False,39,False,45,False,78,False,46,False,0,False,262,False,279,False,275,False,17,False,2603.7,False,279,False,1
430940705000028,587,False,216,False,311,False,48,False,42,False,46,False,42,False,0,False,156,False,199,False,199,False,138,False,2017.89,False,199,False,1
430940705000029,583,False,217,False,289,False,46,False,32,False,51,False,36,False,0,False,142,False,198,False,197,False,172,False,2152.91,False,198,False,1
430940705000030,98,False,49,False,52,False,6,False,7,False,14,False,,True,0,False,17,False,33,False,29,False,16,False,3383.09,False,33,False,1
430940705000031,871,False,269,False,416,False,66,False,92,False,51,False,28,False,,True,386,False,252,False,252,False,128,False,1709.5,False,252,False,1
430940705000032,584,False,261,False,301,False,38,False,23,False,66,False,73,False,0,False,49,False,239,False,239,False,168,False,3590.87,False,239,False,1
430940705000033,6,False,7,False,,True,,True,,True,,True,,True,,True,,True,,True,,True,,True,,True,,True,1
430940705000034,0,False,0,False,0,False,0,False,0,False,0,False,0,False,0,False,0,False,0,False,0,False,0,False,0.0,False,0,False,1
430940705000035,0,False,3,False,0,False,0,False,0,False,0,False,0,False,0,False,0,False,0,False,0,False,0,False,0.0,False,0,False,1
430940705000036,11,False,6,False,,True,,True,,True,,True,,True,,True,,True,,True,,True,,True,,True,,True,1
430940705000037,43,False,16,False,19,False,,True,,True,,True,,True,0,False,,True,16,False,15,False,5,False,1433.25,False,16,False,1
430940705000038,52,False,22,False,27,False,,True,,True,,True,,True,0,False,4,False,22,False,19,False,11,False,2886.73,False,22,False,1
430940705000039,2,False,1,False,,True,,True,,True,,True,,True,,True,,True,,True,,True,,True,,True,,True,1
430940705000040,0,False,0,False,0,False,0,False,0,False,0,False,0,False,0,False,0,False,0,False,0,False,0,False,0.0,False,0,False,1
430940705000041,0,False,0,False,0,False,0,False,0,False,0,False,0,False,0,False,0,False,0,False,0,False,0,False,0.0,False,0,False,1
430940705000042,0,False,0,False,0,False,0,False,0,False,0,False,0,False,0,False,0,False,0,False,0,False,0,False,0.0,False,0,False,1
430940705000043,38,False,17,False,19,False,,True,,True,,True,,True,0,False,15,False,13,False,12,False,,True,1960.25,False,13,False,1
430940705000044,17,False,8,False,8,False,,True,0,False,,True,,True,0,False,,True,6,False,,True,0,False,1652.67,False,6,False,1
430940705000045,7,False,4,False,,True,,True,,True,,True,,True,,True,,True,,True,,True,,True,,True,,True,1
430940705000046,0,False,0,False,0,False,0,False,0,False,0,False,0,False,0,False,0,False,0,False,0,False,0,False,0.0,False,0,False,1
430940705000047,0,False,0,False,0,False,0,False,0,False,0,False,0,False,0,False,0,False,0,False,0,False,0,False,0.0,False,0,False,1
430940705000048,8,False,3,False,,True,,True,,True,,True,,True,,True,,True,,True,,True,,True,,True,,True,1
430940705000049,0,False,0,False,0,False,0,False,0,False,0,False,0,False,0,False,0,False,0,False,0,False,0,False,0.0,False,0,False,1
430940705000050,194,False,105,False,96,False,11,False,13,False,20,False,40,False,0,False,,True,61,False,35,False,0,False,3227.93,False,61,False,1
430940705000051,115,False,90,False,49,False,,True,,True,23,False,29,False,0,False,14,False,44,False,0,False,0,False,3361.45,False,44,False,1
430940705000052,28,False,14,False,12,False,,True,0,False,,True,,True,0,False,5,False,11,False,6,False,0,False,2824.91,False,11,False,1
430940705000053,9,False,5,False,,True,,True,,True,,True,,True,,True,,True,,True,,True,,True,,True,,True,1
430940705000054,0,False,2,False,0,False,0,False,0,False,0,False,0,False,0,False,0,False,0,False,0,False,0,False,0.0,False,0,False,1
430940705000055,9,False,7,False,4,False,,True,0,False,,True,,True,0,False,3,False,5,False,3,False,,True,3042.4,False,5,False,1
430940705000056,11,False,4,False,,True,,True,,True,,True,,True,,True,,True,,True,,True,,True,,True,,True,1
430940705000057,576,False,395,False,324,False,30,False,21,False,62,False,64,False,,True,52,False,274,False,274,False,272,False,4996.81,False,274,False,1
430940705000058,440,False,224,False,234,False,29,False,16,False,37,False,43,False,0,False,39,False,187,False,186,False,171,False,4083.29,False,187,False,1
430940705000059,604,False,271,False,314,False,30,False,25,False,75,False,46,False,0,False,52,False,243,False,242,False,233,False,2664.35,False,243,False,1
430940705000060,528,False,227,False,264,False,33,False,20,False,55,False,28,False,0,False,33,False,214,False,213,False,209,False,3667.54,False,214,False,1
430940705000061,504,False,211,False,267,False,35,False,26,False,56,False,41,False,0,False,58,False,198,False,198,False,172,False,2480.04,False,198,False,1
430940705000062,880,False,362,False,460,False,58,False,62,False,68,False,36,False,0,False,146,False,335,False,335,False,170,False,2841.52,False,335,False,1
430940707000001,63,False,32,False,26,False,4,False,,True,10,False,17,False,0,False,,True,23,False,0,False,0,False,3149.61,False,23,False,1
430940707000002,12,False,7,False,3,False,,True,,True,0,False,,True,0,False,0,False,5,False,0,False,0,False,2590.0,False,5,False,1
430940707000003,4,False,1,False,,True,,True,,True,,True,,True,,True,,True,,True,,True,,True,,True,,True,1
430940707000004,11,False,7,False,6,False,0,False,0,False,,True,,True,0,False,0,False,5,False,0,False,0,False,3799.4,False,5,False,1
430940707000005,404,False,216,False,184,False,18,False,17,False,65,False,57,False,0,False,,True,132,False,0,False,0,False,4159.01,False,132,False,1
430940707000006,290,False,136,False,139,False,13,False,15,False,37,False,52,False,0,False,36,False,97,False,,True,0,False,3436.63,False,97,False,1
430940707000007,49,False,23,False,24,False,,True,,True,,True,12,False,0,False,,True,16,False,0,False,0,False,3438.87,False,16,False,1
430940707000008,11,False,6,False,5,False,0,False,,True,,True,0,False,0,False,0,False,5,False,0,False,0,False,2974.8,False,5,False,1
430940735000001,152,False,79,False,80,False,,True,8,False,31,False,25,False,0,False,,True,63,False,53,False,0,False,2444.79,False,63,False,1
430940735000002,136,False,75,False,65,False,,True,,True,25,False,32,False,0,False,,True,55,False,29,False,0,False,3138.84,False,55,False,1
430940735000003,215,False,109,False,114,False,6,False,8,False,47,False,47,False,0,False,7,False,76,False,37,False,0,False,2500.47,False,76,False,1
430940735000004,103,False,59,False,47,False,,True,,True,17,False,26,False,0,False,0,False,41,False,17,False,0,False,3578.24,False,41,False,1
430990205000001,2389,False,1060,False,1222,False,143,False,139,False,263,False,254,False,,True,464,False,946,False,945,False,224,False,3171.76,False,946,False,1
430990205000003,422,False,182,False,215,False,20,False,21,False,58,False,41,False,0,False,91,False,173,False,173,False,95,False,2423.72,False,173,False,1
430990205000004,128,False,59,False,61,False,,True,,True,9,False,13,False,0,False,21,False,51,False,50,False,11,False,4527.85,False,51,False,1
430990205000005,224,False,88,False,107,False,10,False,10,False,28,False,22,False,0,False,41,False,82,False,78,False,46,False,2643.78,False,82,False,1
430990205000007,267,False,149,False,124,False,14,False,11,False,44,False,30,False,0,False,38,False,104,False,0,False,0,False,1733.11,False,104,False,1
430990205000009,103,False,52,False,50,False,,True,,True,19,False,21,False,0,False,5,False,37,False,21,False,0,False,5388.7,False,37,False,1
430990205000010,447,False,206,False,207,False,20,False,22,False,61,False,56,False,0,False,116,False,165,False,81,False,0,False,4387.18,False,165,False,1
430990205000011,26,False,18,False,12,False,,True,,True,,True,,True,0,False,3,False,10,False,,True,0,False,4923.6,False,10,False,1
430990205000014,185,False,71,False,92,False,12,False,11,False,15,False,30,False,0,False,59,False,70,False,63,False,4,False,3772.26,False,70,False,1
430990205000017,420,False,188,False,219,False,19,False,29,False,47,False,49,False,3,False,131,False,166,False,162,False,104,False,2413.94,False,166,False,1
430990205000018,329,False,165,False,148,False,17,False,16,False,40,False,39,False,0,False,110,False,122,False,60,False,0,False,4764.94,False,122,False,1
430990205000019,486,False,230,False,237,False,25,False,30,False,64,False,53,False,,True,82,False,173,False,31,False,,True,2547.68,False,173,False,1
430990205000020,300,False,73,False,153,False,39,False,39,False,,True,,True,288,False,9,False,69,False,56,False,,True,1132.67,False,69,False,1
430990205000021,153,False,38,False,77,False,20,False,22,False,,True,,True,153,False,0,False,38,False,38,False,0,False,892.94,False,38,False,1
430990207000003,114,False,52,False,62,False,,True,,True,10,False,24,False,0,False,14,False,41,False,19,False,0,False,4526.05,False,41,False,1
430990209000003,200,False,97,False,98,False,,True,,True,32,False,33,False,,True,,True,81,False,0,False,0,False,1874.87,False,81,False,1
430990210000001,62,False,32,False,33,False,,True,,True,7,False,13,False,0,False,9,False,24,False,22,False,0,False,3288.17,False,24,False,1
430990210000003,521,False,214,False,258,False,19,False,9,False,103,False,77,False,0,False,65,False,173,False,94,False,0,False,4981.02,False,173,False,1
430995105000001,165,False,83,False,76,False,,True,10,False,14,False,21,False,0,False,55,False,66,False,66,False,,True,2065.89,False,66,False,0
430995105000002,566,False,241,False,286,False,38,False,31,False,63,False,39,False,0,False,178,False,215,False,173,False,16,False,1886.14,False,215,False,0
430995105000003,348,False,155,False,172,False,28,False,29,False,27,False,29,False,0,False,93,False,135,False,128,False,5,False,2183.11,False,135,False,0
430995105000004,429,False,196,False,216,False,26,False,20,False,42,False,66,False,,True,79,False,181,False,172,False,11,False,3566.49,False,181,False,0
430995105000005,351,False,157,False,187,False,19,False,17,False,45,False,52,False,0,False,59,False,147,False,146,False,14,False,3019.48,False,147,False,0
430995105000006,474,False,227,False,222,False,32,False,31,False,43,False,33,False,0,False,112,False,183,False,122,False,8,False,1637.8,False,183,False,0
430995105000007,9,False,6,False,,True,,True,,True,,True,,True,,True,,True,,True,,True,,True,,True,,True,0
430995105000008,213,False,91,False,108,False,16,False,12,False,33,False,19,False,0,False,33,False,78,False,69,False,0,False,4910.66,False,78,False,0
430995105000009,120,False,125,False,56,False,7,False,,True,21,False,23,False,0,False,,True,48,False,42,False,0,False,1778.43,False,48,False,0
430995105000010,229,False,171,False,101,False,,True,10,False,45,False,25,False,0,False,23,False,89,False,66,False,0,False,1725.84,False,89,False,0
430995105000011,193,False,95,False,93,False,7,False,,True,31,False,25,False,0,False,35,False,70,False,26,False,0,False,2054.48,False,70,False,1
430995105000012,221,False,125,False,98,False,,True,6,False,36,False,34,False,0,False,,True,85,False,30,False,0,False,5896.51,False,85,False,0
430995105000013,308,False,174,False,140,False,17,False,14,False,35,False,54,False,0,False,,True,125,False,93,False,0,False,3063.38,False,125,False,0
430995105000014,97,False,42,False,46,False,,True,8,False,10,False,13,False,0,False,,True,37,False,6,False,0,False,1941.14,False,37,False,0
431030605000001,577,False,257,False,311,False,41,False,28,False,72,False,85,False,,True,105,False,229,False,229,False,3,False,2680.45,False,229,False,1
431030605000002,645,False,290,False,326,False,42,False,24,False,83,False,100,False,0,False,72,False,249,False,244,False,0,False,2583.66,False,249,False,1
431030605000003,424,False,200,False,209,False,23,False,16,False,51,False,46,False,0,False,65,False,167,False,161,False,0,False,2551.16,False,167,False,1
431030605000004,12,False,8,False,,True,,True,,True,,True,,True,,True,,True,,True,,True,,True,,True,,True,1
431030605000005,212,False,82,False,102,False,13,False,22,False,20,False,11,False,0,False,92,False,73,False,71,False,0,False,1452.52,False,73,False,1
431030605000006,4,False,5,False,,True,,True,,True,,True,,True,,True,,True,,True,,True,,True,,True,,True,1
431030605000009,254,False,106,False,124,False,,True,15,False,51,False,32,False,0,False,,True,89,False,55,False,0,False,4644.38,False,89,False,1
431030605000010,239,False,102,False,116,False,17,False,8,False,33,False,35,False,0,False,18,False,73,False,58,False,0,False,6902.5,False,73,False,1
431030605000013,490,False,177,False,221,False,29,False,26,False,51,False,52,False,0,False,46,False,163,False,114,False,0,False,2765.4,False,163,False,1
431030605000014,457,False,205,False,237,False,19,False,23,False,85,False,90,False,0,False,,True,168,False,168,False,8,False,3668.83,False,168,False,1
431030605000015,27,False,16,False,10,False,0,False,0,False,0,False,10,False,0,False,,True,10,False,,True,0,False,1964.8,False,10,False,1
431030605000016,52,False,18,False,25,False,3,False,,True,,True,,True,0,False,,True,17,False,5,False,0,False,2956.94,False,17,False,1
431030605000017,216,False,83,False,96,False,15,False,12,False,32,False,25,False,0,False,20,False,71,False,30,False,0,False,2714.42,False,71,False,1
431030605000018,548,False,242,False,265,False,23,False,31,False,71,False,74,False,0,False,55,False,195,False,14,False,0,False,2171.91,False,195,False,1
431036305000001,399,False,201,False,204,False,22,False,16,False,46,False,51,False,0,False,28,False,169,False,168,False,,True,3044.99,False,169,False,1
431036305000002,644,False,279,False,332,False,34,False,34,False,61,False,52,False,0,False,59,False,251,False,248,False,0,False,3168.09,False,251,False,1
431036305000003,254,False,96,False,128,False,15,False,8,False,37,False,23,False,0,False,17,False,93,False,93,False,3,False,2663.28,False,93,False,1
431036305000007,286,False,129,False,140,False,,True,10,False,49,False,67,False,0,False,,True,103,False,77,False,,True,3084.18,False,103,False,1
431036305000008,137,False,66,False,65,False,,True,,True,22,False,15,False,0,False,7,False,55,False,47,False,0,False,2910.02,False,55,False,1
431036305000009,243,False,101,False,125,False,11,False,10,False,37,False,42,False,0,False,,True,84,False,60,False,0,False,3240.99,False,84,False,1
431036305000010,212,False,105,False,102,False,6,False,9,False,34,False,41,False,0,False,17,False,84,False,60,False,,True,3120.73,False,84,False,1
431036305000013,107,False,55,False,57,False,,True,11,False,7,False,3,False,0,False,28,False,46,False,46,False,,True,2420.98,False,46,False,1
431036305000017,223,False,95,False,115,False,12,False,7,False,27,False,56,False,0,False,,True,79,False,57,False,0,False,3182.1,False,79,False,1
431036305000018,31,False,14,False,14,False,,True,,True,3,False,,True,0,False,,True,12,False,11,False,0,False,3249.83,False,12,False,1
431036305000019,218,False,110,False,104,False,,True,8,False,35,False,38,False,0,False,10,False,81,False,58,False,,True,3206.08,False,81,False,1
431036305000020,326,False,153,False,179,False,16,False,16,False,45,False,61,False,0,False,26,False,125,False,124,False,18,False,3390.23,False,125,False,1
431043905000001,388,False,211,False,208,False,19,False,21,False,36,False,63,False,0,False,70,False,164,False,164,False,94,False,3389.28,False,164,False,1
431043905000002,584,False,271,False,296,False,32,False,31,False,51,False,72,False,0,False,86,False,227,False,227,False,37,False,2386.03,False,227,False,1
431043905000003,726,False,333,False,371,False,43,False,43,False,74,False,59,False,0,False,128,False,283,False,278,False,154,False,2680.87,False,283,False,1
431043905000005,398,False,252,False,188,False,11,False,24,False,65,False,70,False,0,False,65,False,151,False,9,False,0,False,2528.89,False,151,False,1
431043905000006,330,False,259,False,159,False,15,False,15,False,58,False,39,False,0,False,39,False,125,False,31,False,,True,2255.34,False,125,False,1
431043905000007,194,False,148,False,89,False,,True,,True,34,False,31,False,0,False,42,False,76,False,15,False,,True,2716.7,False,76,False,1
431043905000008,466,False,212,False,233,False,30,False,19,False,50,False,67,False,0,False,71,False,193,False,188,False,160,False,3400.69,False,193,False,1
431043905000009,702,False,327,False,362,False,46,False,49,False,69,False,61,False,,True,160,False,294,False,278,False,114,False,2756.8,False,294,False,1
431043905000010,84,False,80,False,32,False,,True,,True,,True,,True,0,False,18,False,36,False,,True,,True,2134.86,False,36,False,1
431043905000011,14,False,7,False,7,False,0,False,0,False,0,False,,True,0,False,,True,6,False,6,False,0,False,1978.67,False,6,False,1
431043905000012,159,False,171,False,73,False,7,False,9,False,42,False,18,False,0,False,0,False,60,False,,True,4,False,3055.0,False,60,False,1
431043920000001,199,False,113,False,98,False,10,False,11,False,43,False,36,False,0,False,37,False,87,False,82,False,18,False,2280.92,False,87,False,1
431043920000002,143,False,104,False,67,False,4,False,,True,32,False,26,False,0,False,36,False,61,False,13,False,0,False,2729.33,False,61,False,1
431043920000003,139,False,156,False,62,False,,True,11,False,21,False,29,False,0,False,,True,52,False,3,False,,True,1939.14,False,52,False,1
431043925000001,125,False,58,False,68,False,,True,,True,17,False,27,False,0,False,,True,51,False,0,False,7,False,2058.51,False,51,False,1
431043925000002,171,False,87,False,76,False,,True,,True,35,False,31,False,0,False,,True,66,False,3,False,3,False,1946.83,False,66,False,1
431043925000003,154,False,86,False,74,False,,True,,True,27,False,32,False,0,False,20,False,50,False,22,False,0,False,4393.16,False,50,False,1
431043925000004,423,False,209,False,198,False,11,False,27,False,82,False,73,False,0,False,38,False,155,False,,True,8,False,2111.6,False,155,False,1
431057905000001,545,False,266,False,275,False,27,False,31,False,70,False,65,False,0,False,137,False,222,False,217,False,0,False,2587.69,False,222,False,1
431057905000002,223,False,110,False,100,False,17,False,11,False,36,False,25,False,0,False,36,False,82,False,32,False,0,False,2656.37,False,82,False,1
431057905000003,307,False,129,False,154,False,17,False,10,False,32,False,36,False,0,False,44,False,104,False,,True,0,False,4593.16,False,104,False,1
431057905000004,159,False,76,False,73,False,10,False,,True,30,False,12,False,0,False,22,False,61,False,25,False,0,False,2752.33,False,61,False,1
431057905000005,184,False,96,False,83,False,8,False,8,False,24,False,17,False,0,False,,True,64,False,0,False,0,False,2707.52,False,64,False,1
431057905000006,326,False,143,False,149,False,17,False,23,False,38,False,25,False,0,False,,True,126,False,9,False,0,False,1663.27,False,126,False,1
431057905000007,193,False,81,False,85,False,7,False,13,False,14,False,28,False,0,False,,True,66,False,,True,0,False,5089.44,False,66,False,1
431112205000001,700,False,321,False,367,False,43,False,50,False,72,False,52,False,0,False,298,False,256,False,255,False,251,False,1695.49,False,256,False,1
431112205000003,358,False,242,False,167,False,19,False,30,False,42,False,32,False,0,False,,True,142,False,14,False,6,False,1547.25,False,142,False,1
431112205000004,105,False,102,False,47,False,,True,,True,20,False,8,False,0,False,,True,48,False,,True,3,False,1532.43,False,48,False,1
431112205000005,54,False,68,False,25,False,,True,,True,,True,,True,0,False,,True,17,False,0,False,0,False,1817.31,False,17,False,1
431112205000006,113,False,74,False,60,False,,True,5,False,17,False,11,False,0,False,21,False,46,False,6,False,4,False,1835.57,False,46,False,1
431112205000007,113,False,96,False,49,False,,True,,True,20,False,12,False,0,False,,True,46,False,,True,0,False,2065.96,False,46,False,1
431112205000011,0,False,2,False,0,False,0,False,0,False,0,False,0,False,0,False,0,False,0,False,0,False,0,False,0.0,False,0,False,1
431112205000012,0,False,1,False,0,False,0,False,0,False,0,False,0,False,0,False,0,False,0,False,0,False,0,False,0.0,False,0,False,1
431112205000013,378,False,188,False,179,False,25,False,25,False,32,False,22,False,0,False,156,False,138,False,136,False,117,False,1333.7,False,138,False,1
431112205000014,510,False,205,False,255,False,55,False,43,False,46,False,14,False,,True,237,False,160,False,159,False,132,False,1149.6,False,160,False,1
431112205000015,433,False,216,False,216,False,23,False,34,False,56,False,41,False,,True,76,False,152,False,150,False,99,False,2499.32,False,152,False,1
431112205000016,357,False,185,False,176,False,15,False,,True,42,False,51,False,0,False,52,False,151,False,151,False,120,False,2095.19,False,151,False,1
431112210000001,35,False,38,False,15,False,,True,,True,,True,11,False,0,False,7,False,17,False,10,False,,True,1695.75,False,17,False,1
431112210000002,347,False,304,False,173,False,15,False,25,False,78,False,44,False,0,False,122,False,136,False,0,False,0,False,1516.67,False,136,False,1
431112210000003,120,False,110,False,60,False,3,False,10,False,17,False,19,False,0,False,43,False,51,False,0,False,0,False,1222.54,False,51,False,1
431112210000004,67,False,137,False,25,False,,True,3,False,16,False,11,False,0,False,19,False,31,False,,True,0,False,1467.29,False,31,False,1
431130405000001,466,False,269,False,266,False,15,False,19,False,70,False,57,False,,True,56,False,226,False,226,False,148,False,5361.81,False,226,False,0
431130405000002,615,False,365,False,363,False,29,False,22,False,81,False,74,False,0,False,58,False,299,False,286,False,201,False,5935.44,False,299,False,0
431130405000003,519,False,271,False,293,False,20,False,19,False,70,False,82,False,0,False,34,False,230,False,230,False,230,False,5368.11,False,230,False,0
431130405000005,466,False,230,False,260,False,26,False,29,False,63,False,66,False,0,False,60,False,201,False,201,False,141,False,4534.49,False,201,False,0
431130405000006,611,False,257,False,304,False,29,False,38,False,75,False,57,False,0,False,105,False,237,False,237,False,198,False,2234.1,False,237,False,0
431130405000007,788,False,411,False,428,False,34,False,41,False,97,False,102,False,0,False,73,False,355,False,354,False,294,False,3399.67,False,355,False,0
431130405000008,289,False,148,False,156,False,22,False,19,False,24,False,34,False,0,False,,True,123,False,123,False,99,False,3666.85,False,123,False,0
431130405000011,358,False,173,False,181,False,18,False,16,False,40,False,24,False,0,False,100,False,148,False,148,False,99,False,2223.23,False,148,False,0
431130405000012,664,False,278,False,326,False,47,False,50,False,66,False,54,False,,True,215,False,243,False,241,False,198,False,1841.69,False,243,False,0
431130405000013,404,False,182,False,204,False,30,False,28,False,24,False,17,False,0,False,193,False,148,False,148,False,50,False,1497.43,False,148,False,0
431130405000016,198,False,75,False,104,False,16,False,19,False,17,False,24,False,0,False,54,False,69,False,69,False,67,False,1727.1,False,69,False,0
431130405000017,709,False,288,False,358,False,51,False,51,False,72,False,34,False,,True,241,False,263,False,249,False,161,False,1674.2,False,263,False,0
431130405000018,582,False,238,False,286,False,37,False,50,False,56,False,50,False,0,False,183,False,206,False,205,False,177,False,2788.63,False,206,False,0
431130405000019,127,False,56,False,66,False,10,False,8,False,10,False,13,False,0,False,,True,52,False,52,False,52,False,2048.35,False,52,False,0
431130405000020,358,False,137,False,184,False,25,False,33,False,34,False,19,False,0,False,128,False,119,False,119,False,90,False,1652.23,False,119,False,0
431130405000021,558,False,204,False,302,False,54,False,67,False,26,False,13,False,0,False,207,False,178,False,178,False,112,False,1692.22,False,178,False,0
431130405000023,363,False,157,False,178,False,52,False,37,False,,True,,True,0,False,91,False,133,False,133,False,4,False,2206.69,False,133,False,0
431130405000025,103,False,39,False,52,False,7,False,6,False,15,False,11,False,0,False,,True,36,False,35,False,27,False,6720.56,False,36,False,0
431130405000026,306,False,123,False,156,False,19,False,21,False,25,False,19,False,0,False,39,False,120,False,120,False,62,False,5356.63,False,120,False,0
431130405000027,316,False,134,False,155,False,16,False,17,False,32,False,29,False,0,False,42,False,121,False,120,False,68,False,6959.17,False,121,False,0
431130405000029,364,False,161,False,191,False,20,False,31,False,43,False,26,False,0,False,87,False,137,False,137,False,66,False,2887.16,False,137,False,0
431130405000030,310,False,143,False,165,False,17,False,14,False,45,False,35,False,0,False,,True,130,False,130,False,119,False,3015.37,False,130,False,0
431130405000031,404,False,184,False,192,False,27,False,26,False,45,False,32,False,0,False,163,False,157,False,155,False,97,False,2349.48,False,157,False,0
431130405000032,959,False,393,False,474,False,73,False,77,False,86,False,60,False,0,False,313,False,347,False,347,False,291,False,1715.5,False,347,False,0
431130405000033,273,False,155,False,136,False,17,False,12,False,34,False,28,False,0,False,56,False,116,False,115,False,109,False,2412.88,False,116,False,0
431130405000034,159,False,75,False,74,False,,True,13,False,10,False,14,False,0,False,30,False,61,False,61,False,56,False,2581.05,False,61,False,0
431130405000035,471,False,195,False,256,False,40,False,40,False,49,False,41,False,,True,136,False,165,False,164,False,146,False,2038.95,False,165,False,0
431130405000036,172,False,77,False,87,False,13,False,16,False,19,False,14,False,0,False,,True,59,False,56,False,33,False,2256.71,False,59,False,0
431130405000037,489,False,241,False,248,False,27,False,29,False,47,False,53,False,0,False,99,False,200,False,199,False,161,False,1695.73,False,200,False,0
431130405000038,883,False,338,False,448,False,67,False,69,False,63,False,59,False,3,False,260,False,307,False,307,False,268,False,1664.51,False,307,False,0
431130405000039,262,False,110,False,130,False,18,False,20,False,24,False,12,False,0,False,79,False,95,False,95,False,71,False,1652.41,False,95,False,0
431130405000041,49,False,32,False,27,False,,True,,True,13,False,,True,0,False,7,False,24,False,24,False,23,False,2259.75,False,24,False,0
431130405000042,112,False,73,False,51,False,11,False,,True,8,False,6,False,0,False,,True,42,False,39,False,6,False,2844.83,False,42,False,0
431130405000043,351,False,170,False,179,False,14,False,26,False,53,False,42,False,0,False,78,False,143,False,142,False,111,False,2827.3,False,143,False,0
431130405000044,776,False,352,False,404,False,42,False,55,False,95,False,68,False,0,False,117,False,309,False,309,False,179,False,3791.4,False,309,False,0
431130405000045,56,False,26,False,27,False,,True,4,False,,True,,True,0,False,8,False,19,False,12,False,4,False,2318.58,False,19,False,0
431130405000046,21,False,6,False,8,False,,True,,True,,True,,True,0,False,3,False,6,False,6,False,4,False,1465.2,False,6,False,0
431130405000048,159,False,77,False,78,False,14,False,10,False,17,False,18,False,0,False,21,False,65,False,65,False,50,False,2457.98,False,65,False,0
431130405000049,19,False,10,False,7,False,,True,,True,,True,0,False,0,False,4,False,6,False,6,False,5,False,2391.67,False,6,False,0
431130405000050,229,False,89,False,124,False,23,False,19,False,13,False,,True,0,False,98,False,78,False,76,False,78,False,1590.87,False,78,False,0
431130405000051,188,False,69,False,91,False,17,False,12,False,15,False,8,False,0,False,87,False,61,False,61,False,55,False,1538.73,False,61,False,0
431130405000052,352,False,132,False,185,False,36,False,40,False,11,False,10,False,0,False,164,False,111,False,111,False,107,False,1587.82,False,111,False,0
431130405000053,82,False,35,False,46,False,,True,,True,8,False,,True,0,False,15,False,32,False,32,False,31,False,2515.0,False,32,False,0
431130405000054,205,False,81,False,102,False,13,False,19,False,14,False,14,False,0,False,81,False,73,False,73,False,73,False,1724.23,False,73,False,0
431130405000055,192,False,75,False,90,False,20,False,17,False,7,False,6,False,0,False,108,False,63,False,58,False,43,False,1599.95,False,63,False,0
431130405000060,1,False,1,False,,True,,True,,True,,True,,True,,True,,True,,True,,True,,True,,True,,True,0
431130405000065,188,False,106,False,85,False,7,False,12,False,32,False,19,False,0,False,49,False,67,False,4,False,5,False,2320.18,False,67,False,0
431130405000067,122,False,68,False,61,False,,True,12,False,18,False,15,False,0,False,24,False,46,False,13,False,,True,3020.45,False,46,False,0
431130405000069,2,False,1,False,,True,,True,,True,,True,,True,,True,,True,,True,,True,,True,,True,,True,0
431130405000070,451,False,246,False,245,False,13,False,15,False,64,False,68,False,0,False,43,False,212,False,210,False,153,False,5225.17,False,212,False,0
431130405000071,337,False,163,False,181,False,18,False,21,False,21,False,59,False,0,False,37,False,134,False,133,False,95,False,3614.93,False,134,False,0
431130405000072,359,False,207,False,181,False,16,False,,True,38,False,31,False,0,False,30,False,167,False,167,False,71,False,4039.46,False,167,False,0
431130405000073,396,False,179,False,202,False,18,False,33,False,43,False,43,False,0,False,26,False,155,False,155,False,99,False,4756.74,False,155,False,0
431130405000074,469,False,200,False,245,False,37,False,27,False,38,False,41,False,0,False,134,False,169,False,169,False,152,False,1831.07,False,169,False,0
431130405000075,472,False,221,False,255,False,25,False,28,False,49,False,67,False,0,False,108,False,200,False,200,False,200,False,3661.04,False,200,False,0
431130405000076,922,False,432,False,485,False,40,False,50,False,120,False,106,False,0,False,102,False,379,False,379,False,273,False,3348.35,False,379,False,0
431130405000077,336,False,134,False,177,False,26,False,15,False,34,False,32,False,0,False,81,False,127,False,126,False,125,False,2549.24,False,127,False,0
431130405000078,357,False,159,False,157,False,28,False,28,False,18,False,13,False,0,False,100,False,138,False,125,False,,True,2460.01,False,138,False,0
431130405000079,135,False,65,False,71,False,,True,,True,21,False,17,False,0,False,,True,58,False,49,False,54,False,2461.13,False,58,False,0
431130405000080,211,False,130,False,91,False,6,False,12,False,36,False,25,False,0,False,,True,81,False,21,False,0,False,2581.56,False,81,False,0
431130405000081,153,False,86,False,69,False,9,False,13,False,18,False,10,False,0,False,,True,55,False,21,False,0,False,2676.19,False,55,False,0
431130405000082,237,False,149,False,109,False,19,False,16,False,35,False,29,False,0,False,77,False,92,False,57,False,,True,2625.13,False,92,False,0
431130405000083,531,False,243,False,273,False,27,False,31,False,62,False,52,False,0,False,,True,212,False,211,False,210,False,2467.94,False,212,False,0
431130405000084,471,False,194,False,256,False,31,False,30,False,45,False,50,False,0,False,85,False,180,False,180,False,131,False,4034.22,False,180,False,0
431130405000085,720,False,330,False,356,False,52,False,38,False,86,False,62,False,0,False,150,False,285,False,284,False,240,False,2448.17,False,285,False,0
431130405000086,263,False,129,False,139,False,11,False,19,False,46,False,35,False,0,False,28,False,111,False,111,False,98,False,3873.2,False,111,False,0
431130405000087,360,False,161,False,191,False,19,False,18,False,45,False,54,False,0,False,71,False,145,False,145,False,120,False,1989.73,False,145,False,0
431130405000088,642,False,298,False,344,False,31,False,32,False,95,False,74,False,3,False,144,False,269,False,269,False,235,False,2257.32,False,269,False,0
431130405000090,623,False,254,False,322,False,51,False,46,False,46,False,24,False,0,False,64,False,241,False,239,False,237,False,3785.81,False,241,False,0
431130405000091,177,False,1,False,,True,,True,,True,,True,,True,,True,,True,,True,,True,,True,,True,,True,0
431130405000092,51,False,20,False,24,False,,True,,True,3,False,,True,0,False,,True,18,False,18,False,18,False,2305.63,False,18,False,0
431130405000093,131,False,62,False,62,False,,True,8,False,18,False,17,False,,True,47,False,53,False,53,False,48,False,1829.65,False,53,False,0
431130408000002,47,False,25,False,25,False,0,False,,True,,True,,True,0,False,,True,17,False,3,False,0,False,2562.35,False,17,False,1
431130408000004,209,False,119,False,94,False,15,False,,True,21,False,29,False,0,False,62,False,85,False,16,False,0,False,2607.06,False,85,False,1
431130408000006,154,False,79,False,71,False,6,False,,True,19,False,14,False,0,False,46,False,61,False,4,False,0,False,3159.21,False,61,False,1
431130411000002,207,False,133,False,102,False,12,False,18,False,28,False,30,False,0,False,,True,81,False,,True,0,False,4552.12,False,81,False,0
431130411000004,197,False,115,False,92,False,14,False,,True,28,False,27,False,0,False,29,False,77,False,0,False,0,False,2799.4,False,77,False,1
431130414000003,195,False,111,False,93,False,12,False,11,False,26,False,26,False,0,False,,True,70,False,0,False,0,False,2519.45,False,70,False,0
431130425000001,149,False,101,False,72,False,6,False,11,False,28,False,27,False,0,False,32,False,64,False,64,False,4,False,2865.18,False,64,False,0
431130425000002,63,False,51,False,29,False,,True,5,False,7,False,10,False,0,False,3,False,24,False,0,False,0,False,3520.92,False,24,False,0
431130425000003,107,False,78,False,52,False,,True,,True,16,False,13,False,0,False,14,False,45,False,0,False,0,False,2819.11,False,45,False,0
431130425000004,19,False,19,False,10,False,,True,,True,,True,0,False,0,False,0,False,8,False,0,False,0,False,3226.25,False,8,False,0
431130427000003,235,False,133,False,111,False,14,False,13,False,40,False,25,False,0,False,56,False,92,False,0,False,0,False,3915.0,False,92,False,1
431130430000001,52,False,37,False,24,False,0,False,,True,,True,12,False,0,False,10,False,24,False,0,False,0,False,1633.75,False,24,False,0
431130430000002,93,False,51,False,39,False,,True,3,False,15,False,16,False,0,False,3,False,39,False,0,False,0,False,2708.14,False,39,False,0
431130430000003,42,False,21,False,22,False,3,False,,True,,True,,True,0,False,0,False,16,False,0,False,0,False,1156.31,False,16,False,0
431130430000004,124,False,60,False,65,False,11,False,,True,15,False,11,False,0,False,0,False,46,False,0,False,0,False,5192.67,False,46,False,0
431130430000005,125,False,55,False,54,False,,True,,True,13,False,25,False,0,False,,True,45,False,0,False,0,False,3174.09,False,45,False,0
431130435000001,48,False,33,False,26,False,3,False,,True,,True,8,False,0,False,21,False,20,False,0,False,0,False,1384.1,False,20,False,1
431130435000002,139,False,66,False,65,False,7,False,,True,20,False,21,False,3,False,33,False,50,False,0,False,0,False,5778.49,False,50,False,1
431140305000001,563,False,379,False,304,False,27,False,23,False,52,False,37,False,4,False,72,False,294,False,294,False,24,False,5121.31,False,294,False,1
431140305000002,980,False,715,False,535,False,46,False,45,False,93,False,88,False,,True,83,False,531,False,530,False,189,False,5921.52,False,531,False,1
431140305000003,474,False,336,False,260,False,18,False,18,False,56,False,48,False,0,False,63,False,266,False,265,False,102,False,3591.33,False,266,False,1
431140305000004,526,False,325,False,314,False,31,False,26,False,55,False,62,False,0,False,66,False,260,False,260,False,41,False,5109.18,False,260,False,1
431140305000005,187,False,109,False,103,False,7,False,6,False,21,False,18,False,0,False,15,False,97,False,97,False,23,False,4580.55,False,97,False,1
431140305000006,496,False,336,False,279,False,18,False,12,False,65,False,70,False,,True,53,False,252,False,252,False,39,False,4223.01,False,252,False,1
431140305000007,376,False,225,False,200,False,23,False,12,False,41,False,25,False,0,False,85,False,174,False,173,False,29,False,3069.15,False,174,False,1
431140305000008,397,False,315,False,240,False,13,False,9,False,59,False,57,False,0,False,49,False,220,False,220,False,80,False,2758.6,False,220,False,1
431140305000009,223,False,105,False,99,False,,True,20,False,31,False,13,False,0,False,79,False,88,False,88,False,30,False,1752.81,False,88,False,1
431140305000010,264,False,150,False,128,False,15,False,15,False,26,False,14,False,0,False,96,False,109,False,109,False,64,False,1728.44,False,109,False,1
431140305000011,508,False,212,False,239,False,41,False,41,False,56,False,30,False,0,False,177,False,183,False,182,False,3,False,1801.76,False,183,False,1
431140305000012,662,False,288,False,338,False,42,False,53,False,72,False,50,False,0,False,191,False,244,False,244,False,67,False,1760.89,False,244,False,1
431140305000014,662,False,258,False,321,False,44,False,55,False,52,False,35,False,0,False,207,False,230,False,225,False,,True,1834.18,False,230,False,1
431140305000015,598,False,239,False,298,False,45,False,51,False,54,False,33,False,,True,277,False,215,False,215,False,14,False,1566.71,False,215,False,1
431140305000017,595,False,231,False,296,False,38,False,42,False,50,False,27,False,,True,131,False,207,False,203,False,,True,2068.78,False,207,False,1
431140305000018,1213,False,474,False,632,False,81,False,92,False,84,False,41,False,0,False,324,False,445,False,445,False,4,False,2331.29,False,445,False,1
431140305000019,1211,False,475,False,625,False,93,False,99,False,70,False,43,False,6,False,337,False,434,False,432,False,5,False,2246.0,False,434,False,1
431140305000020,917,False,484,False,475,False,54,False,43,False,102,False,79,False,,True,204,False,368,False,368,False,35,False,3060.82,False,368,False,1
431140305000022,495,False,233,False,273,False,27,False,18,False,78,False,73,False,,True,100,False,211,False,210,False,115,False,3108.46,False,211,False,1
431140305000023,838,False,524,False,470,False,38,False,46,False,77,False,94,False,0,False,97,False,435,False,433,False,38,False,5229.3,False,435,False,1
431140305000025,635,False,345,False,338,False,24,False,32,False,78,False,45,False,,True,43,False,294,False,294,False,67,False,5420.66,False,294,False,1
431140305000026,967,False,577,False,521,False,52,False,35,False,99,False,110,False,0,False,53,False,492,False,487,False,68,False,6437.63,False,492,False,1
431140305000027,573,False,321,False,305,False,35,False,20,False,66,False,43,False,0,False,71,False,260,False,258,False,57,False,4214.4,False,260,False,1
431140305000028,539,False,293,False,286,False,13,False,26,False,86,False,46,False,0,False,87,False,248,False,248,False,117,False,2839.2,False,248,False,1
431140305000029,414,False,192,False,208,False,23,False,20,False,48,False,22,False,0,False,72,False,164,False,164,False,,True,3520.98,False,164,False,1
431140305000030,728,False,316,False,367,False,56,False,42,False,44,False,29,False,0,False,129,False,283,False,96,False,6,False,2727.24,False,283,False,1
431140305000031,549,False,218,False,277,False,28,False,29,False,78,False,50,False,0,False,58,False,195,False,96,False,10,False,3565.05,False,195,False,1
431140305000036,414,False,170,False,202,False,16,False,19,False,62,False,48,False,0,False,26,False,147,False,126,False,,True,2488.49,False,147,False,1
431140305000038,670,False,299,False,330,False,30,False,48,False,56,False,67,False,0,False,51,False,249,False,228,False,,True,2312.57,False,249,False,1
431140305000039,814,False,377,False,404,False,38,False,58,False,89,False,56,False,0,False,99,False,331,False,328,False,25,False,2457.08,False,331,False,1
431140305000040,1333,False,572,False,683,False,111,False,125,False,52,False,26,False,0,False,161,False,506,False,487,False,8,False,3836.91,False,506,False,1
431140305000041,1277,False,544,False,631,False,77,False,86,False,111,False,70,False,0,False,187,False,498,False,470,False,13,False,2560.83,False,498,False,1
431140305000042,697,False,319,False,361,False,40,False,49,False,54,False,30,False,0,False,94,False,277,False,277,False,5,False,2377.39,False,277,False,1
431140305000043,839,False,343,False,435,False,65,False,47,False,56,False,29,False,,True,168,False,300,False,290,False,10,False,2308.7,False,300,False,1
431140305000044,1364,False,514,False,675,False,100,False,115,False,92,False,33,False,0,False,314,False,471,False,454,False,,True,2372.09,False,471,False,1
431140305000046,768,False,333,False,400,False,46,False,40,False,100,False,74,False,0,False,100,False,292,False,282,False,3,False,2773.1,False,292,False,1
431140305000047,396,False,174,False,214,False,15,False,18,False,49,False,58,False,,True,82,False,148,False,145,False,17,False,2207.87,False,148,False,1
431140305000048,413,False,176,False,208,False,25,False,20,False,56,False,35,False,0,False,105,False,165,False,163,False,,True,2313.77,False,165,False,1
431140305000049,607,False,290,False,338,False,20,False,26,False,81,False,86,False,0,False,108,False,248,False,246,False,4,False,2706.37,False,248,False,1
431140305000050,382,False,195,False,203,False,19,False,19,False,48,False,37,False,0,False,,True,154,False,153,False,24,False,3824.36,False,154,False,1
431140305000051,390,False,204,False,193,False,16,False,,True,78,False,35,False,,True,35,False,176,False,175,False,26,False,5315.1,False,176,False,1
431140305000052,508,False,277,False,243,False,24,False,27,False,69,False,56,False,0,False,59,False,203,False,200,False,16,False,3603.36,False,203,False,1
431140305000053,415,False,264,False,231,False,17,False,20,False,40,False,55,False,0,False,56,False,187,False,187,False,77,False,3039.1,False,187,False,1
431140305000054,237,False,109,False,121,False,11,False,14,False,35,False,44,False,0,False,,True,93,False,93,False,0,False,2914.77,False,93,False,1
431140305000055,513,False,282,False,267,False,22,False,25,False,73,False,56,False,0,False,47,False,235,False,235,False,20,False,4253.83,False,235,False,1
431140305000056,1077,False,512,False,560,False,64,False,72,False,117,False,54,False,0,False,235,False,418,False,407,False,,True,2927.03,False,418,False,1
431140305000058,744,False,349,False,358,False,62,False,67,False,46,False,41,False,0,False,71,False,300,False,295,False,14,False,6017.67,False,300,False,1
431140305000060,662,False,248,False,352,False,28,False,41,False,118,False,43,False,0,False,,True,232,False,232,False,6,False,9548.55,False,232,False,1
431140305000061,270,False,125,False,139,False,14,False,13,False,31,False,23,False,0,False,,True,113,False,113,False,4,False,4391.92,False,113,False,1
431140305000062,448,False,199,False,243,False,19,False,21,False,78,False,82,False,,True,44,False,179,False,178,False,11,False,4624.71,False,179,False,1
431140305000063,561,False,338,False,322,False,40,False,26,False,62,False,55,False,,True,67,False,255,False,252,False,13,False,4469.04,False,255,False,1
431140305000064,315,False,159,False,167,False,10,False,14,False,38,False,72,False,,True,,True,137,False,136,False,25,False,7705.38,False,137,False,1
431140305000065,641,False,302,False,355,False,,True,23,False,79,False,97,False,0,False,58,False,275,False,275,False,13,False,5776.98,False,275,False,1
431140305000066,393,False,243,False,221,False,12,False,16,False,50,False,62,False,,True,41,False,204,False,204,False,8,False,4640.51,False,204,False,1
431140305000067,426,False,244,False,223,False,18,False,14,False,48,False,45,False,0,False,55,False,196,False,195,False,17,False,3859.08,False,196,False,1
431140305000068,355,False,146,False,181,False,20,False,33,False,36,False,28,False,0,False,38,False,127,False,126,False,,True,10074.72,False,127,False,1
431140305000069,796,False,325,False,397,False,55,False,61,False,62,False,38,False,0,False,203,False,271,False,22,False,6,False,2090.18,False,271,False,1
431140305000070,556,False,229,False,285,False,17,False,22,False,73,False,55,False,0,False,41,False,206,False,206,False,9,False,6518.39,False,206,False,1
431140305000071,578,False,364,False,326,False,22,False,28,False,60,False,70,False,0,False,62,False,292,False,292,False,13,False,4531.16,False,292,False,1
431140305000072,513,False,302,False,284,False,21,False,17,False,66,False,80,False,0,False,20,False,245,False,242,False,104,False,7387.02,False,245,False,1
431140305000073,264,False,178,False,160,False,12,False,10,False,31,False,27,False,0,False,13,False,141,False,140,False,37,False,4285.97,False,141,False,1
431140305000074,293,False,177,False,152,False,15,False,19,False,32,False,25,False,,True,75,False,118,False,117,False,79,False,2278.48,False,118,False,1
431140305000075,246,False,118,False,135,False,18,False,17,False,36,False,13,False,0,False,46,False,98,False,98,False,4,False,2402.75,False,98,False,1
431140305000076,443,False,173,False,228,False,22,False,21,False,56,False,51,False,0,False,65,False,156,False,156,False,3,False,2355.91,False,156,False,1
431140305000077,272,False,127,False,133,False,18,False,22,False,35,False,12,False,0,False,50,False,110,False,110,False,11,False,2195.04,False,110,False,1
431140305000078,569,False,236,False,287,False,35,False,37,False,61,False,33,False,3,False,166,False,210,False,208,False,4,False,2198.13,False,210,False,1
431140305000079,891,False,378,False,472,False,56,False,62,False,65,False,61,False,,True,192,False,338,False,338,False,12,False,2587.44,False,338,False,1
431140305000080,909,False,368,False,440,False,53,False,61,False,79,False,42,False,,True,169,False,338,False,331,False,12,False,2299.15,False,338,False,1
431140305000081,649,False,237,False,353,False,28,False,34,False,67,False,115,False,0,False,60,False,219,False,219,False,85,False,6133.46,False,219,False,1
431140305000082,484,False,270,False,287,False,17,False,17,False,65,False,61,False,0,False,56,False,220,False,219,False,29,False,3635.42,False,220,False,1
431140305000083,768,False,426,False,427,False,38,False,26,False,94,False,104,False,0,False,65,False,357,False,357,False,76,False,5374.95,False,357,False,1
431140305000084,526,False,321,False,295,False,29,False,23,False,50,False,32,False,,True,78,False,251,False,251,False,58,False,3840.42,False,251,False,1
431140305000085,716,False,378,False,391,False,33,False,27,False,67,False,112,False,,True,78,False,338,False,338,False,71,False,4659.42,False,338,False,1
431140305000086,649,False,353,False,352,False,28,False,30,False,59,False,53,False,4,False,50,False,310,False,309,False,16,False,3720.96,False,310,False,1
431140305000087,951,False,406,False,499,False,50,False,69,False,105,False,84,False,0,False,78,False,364,False,358,False,6,False,4435.02,False,364,False,1
431140305000088,1134,False,522,False,593,False,67,False,70,False,87,False,57,False,0,False,137,False,458,False,183,False,,True,4197.52,False,458,False,1
431140305000089,598,False,259,False,313,False,27,False,26,False,104,False,52,False,0,False,25,False,238,False,234,False,4,False,4792.6,False,238,False,1
431140305000092,416,False,187,False,210,False,22,False,16,False,57,False,68,False,0,False,63,False,169,False,169,False,,True,2328.94,False,169,False,1
431140305000093,1276,False,523,False,649,False,74,False,102,False,102,False,50,False,0,False,216,False,469,False,468,False,7,False,2444.58,False,469,False,1
431140305000094,941,False,483,False,485,False,62,False,64,False,58,False,55,False,0,False,162,False,393,False,355,False,145,False,2673.54,False,393,False,1
431140305000095,394,False,195,False,201,False,15,False,21,False,52,False,40,False,0,False,45,False,167,False,166,False,4,False,2592.91,False,167,False,1
431140305000096,327,False,156,False,155,False,12,False,22,False,44,False,37,False,0,False,81,False,131,False,131,False,8,False,2378.43,False,131,False,1
431140305000097,338,False,178,False,166,False,18,False,16,False,43,False,31,False,,True,96,False,149,False,148,False,42,False,1978.66,False,149,False,1
431140305000098,508,False,251,False,261,False,28,False,17,False,80,False,53,False,0,False,61,False,221,False,220,False,9,False,4235.15,False,221,False,1
431140305000099,603,False,282,False,306,False,24,False,27,False,126,False,66,False,0,False,30,False,244,False,243,False,3,False,4031.56,False,244,False,1
431140305000100,795,False,517,False,428,False,23,False,33,False,102,False,96,False,0,False,56,False,417,False,415,False,18,False,3856.01,False,417,False,1
431140305000101,390,False,209,False,206,False,9,False,16,False,54,False,54,False,0,False,41,False,174,False,174,False,0,False,2805.18,False,174,False,1
431140305000102,615,False,334,False,321,False,33,False,35,False,60,False,61,False,,True,57,False,302,False,302,False,19,False,4206.28,False,302,False,1
431140305000104,723,False,456,False,364,False,33,False,32,False,79,False,31,False,0,False,61,False,320,False,316,False,14,False,3773.57,False,320,False,1
431140305000105,108,False,44,False,54,False,,True,9,False,11,False,4,False,0,False,13,False,38,False,37,False,0,False,2411.03,False,38,False,1
431140305000106,85,False,44,False,36,False,,True,,True,9,False,11,False,0,False,16,False,38,False,26,False,0,False,3321.83,False,38,False,1
431140305000107,323,False,172,False,161,False,9,False,16,False,64,False,45,False,0,False,9,False,128,False,116,False,0,False,2902.59,False,128,False,1
431140305000108,917,False,371,False,484,False,99,False,87,False,44,False,30,False,,True,350,False,323,False,312,False,,True,1558.48,False,323,False,1
431140305000109,256,False,118,False,124,False,21,False,10,False,27,False,9,False,,True,55,False,100,False,100,False,10,False,3331.1,False,100,False,1
431140305000110,1108,False,514,False,577,False,96,False,71,False,60,False,35,False,0,False,147,False,430,False,430,False,5,False,3255.2,False,430,False,1
431140305000112,1216,False,499,False,609,False,85,False,92,False,90,False,64,False,0,False,137,False,460,False,459,False,164,False,3020.49,False,460,False,1
431140305000113,771,False,357,False,389,False,36,False,32,False,93,False,43,False,0,False,50,False,329,False,329,False,12,False,5462.33,False,329,False,1
431140305000115,452,False,269,False,242,False,20,False,23,False,56,False,46,False,,True,36,False,217,False,217,False,10,False,4841.13,False,217,False,1
431140305000117,323,False,187,False,181,False,16,False,13,False,35,False,22,False,,True,58,False,148,False,138,False,28,False,4121.03,False,148,False,1
431140305000119,222,False,2,False,,True,,True,,True,,True,,True,,True,,True,,True,,True,,True,,True,,True,1
431140305000120,126,False,34,False,58,False,25,False,13,False,,True,,True,123,False,,True,31,False,31,False,0,False,1092.9,False,31,False,1
431140305000128,731,False,309,False,383,False,76,False,98,False,37,False,17,False,,True,300,False,272,False,270,False,17,False,1596.58,False,272,False,1
431140305000129,1354,False,538,False,657,False,142,False,142,False,56,False,44,False,6,False,570,False,457,False,436,False,6,False,1400.9,False,457,False,1
431140305000130,499,False,279,False,266,False,44,False,19,False,29,False,17,False,0,False,75,False,253,False,253,False,36,False,3523.39,False,253,False,1
431140305000131,497,False,251,False,252,False,18,False,17,False,90,False,50,False,0,False,43,False,219,False,219,False,14,False,4524.28,False,219,False,1
431140305000132,506,False,229,False,264,False,27,False,28,False,46,False,37,False,0,False,77,False,208,False,208,False,99,False,3519.85,False,208,False,1
431140305000133,939,False,409,False,489,False,54,False,55,False,73,False,46,False,0,False,160,False,371,False,370,False,50,False,3582.39,False,371,False,1
431140305000134,1106,False,453,False,573,False,88,False,88,False,71,False,26,False,,True,98,False,417,False,332,False,12,False,3289.17,False,417,False,1
431140305000135,920,False,410,False,491,False,63,False,66,False,32,False,43,False,0,False,145,False,357,False,357,False,9,False,3610.37,False,357,False,1
431140305000136,822,False,386,False,417,False,81,False,50,False,28,False,19,False,0,False,137,False,349,False,149,False,42,False,2966.51,False,349,False,1
431140305000137,722,False,314,False,389,False,58,False,44,False,32,False,41,False,0,False,111,False,291,False,289,False,3,False,2541.84,False,291,False,1
431140305000138,1070,False,483,False,543,False,84,False,66,False,63,False,45,False,,True,216,False,414,False,414,False,0,False,2681.29,False,414,False,1
431140305000139,870,False,343,False,430,False,73,False,80,False,48,False,39,False,0,False,176,False,315,False,309,False,5,False,2912.94,False,315,False,1
431140305000140,840,False,408,False,414,False,68,False,48,False,58,False,57,False,0,False,75,False,340,False,327,False,,True,2587.07,False,340,False,1
431140305000141,1097,False,496,False,569,False,100,False,77,False,44,False,32,False,0,False,169,False,439,False,415,False,5,False,2641.94,False,439,False,1
431140305000142,582,False,254,False,285,False,46,False,61,False,35,False,20,False,0,False,94,False,214,False,212,False,0,False,2463.21,False,214,False,1
431140305000143,574,False,246,False,269,False,37,False,38,False,54,False,44,False,0,False,54,False,218,False,211,False,6,False,2534.83,False,218,False,1
431140305000144,582,False,238,False,301,False,46,False,57,False,40,False,25,False,0,False,95,False,217,False,215,False,0,False,2599.9,False,217,False,1
431140305000145,1030,False,433,False,532,False,101,False,94,False,39,False,30,False,,True,214,False,386,False,383,False,0,False,2357.89,False,386,False,1
431140305000146,981,False,428,False,490,False,85,False,83,False,31,False,15,False,0,False,172,False,373,False,371,False,7,False,2891.0,False,373,False,1
431140305000147,779,False,309,False,389,False,53,False,63,False,64,False,33,False,0,False,140,False,290,False,288,False,10,False,2714.11,False,290,False,1
431140305000148,752,False,351,False,392,False,62,False,63,False,44,False,24,False,,True,94,False,294,False,293,False,12,False,5751.52,False,294,False,1
431140305000149,713,False,284,False,356,False,41,False,57,False,57,False,39,False,0,False,71,False,259,False,255,False,,True,5257.46,False,259,False,1
431140305000150,496,False,186,False,246,False,36,False,54,False,25,False,20,False,0,False,16,False,176,False,168,False,11,False,7899.33,False,176,False,1
431140305000151,724,False,277,False,387,False,38,False,39,False,80,False,53,False,0,False,47,False,256,False,254,False,,True,6628.94,False,256,False,1
431140305000152,1076,False,492,False,546,False,82,False,65,False,52,False,44,False,0,False,138,False,455,False,339,False,0,False,3432.76,False,455,False,1
431140305000153,900,False,409,False,465,False,64,False,52,False,67,False,37,False,0,False,105,False,358,False,323,False,88,False,3055.31,False,358,False,1
431140305000154,489,False,207,False,239,False,44,False,36,False,37,False,18,False,0,False,65,False,188,False,7,False,4,False,2325.94,False,188,False,1
431140305000155,986,False,405,False,494,False,89,False,78,False,60,False,38,False,0,False,183,False,370,False,370,False,6,False,2822.64,False,370,False,1
431140305000156,1241,False,540,False,652,False,82,False,81,False,101,False,47,False,3,False,127,False,472,False,472,False,6,False,4647.28,False,472,False,1
431140305000157,586,False,331,False,309,False,27,False,25,False,27,False,17,False,0,False,46,False,298,False,296,False,18,False,3492.98,False,298,False,1
431140305000158,992,False,468,False,502,False,85,False,85,False,54,False,64,False,0,False,100,False,393,False,392,False,4,False,3156.83,False,393,False,1
431140305000159,907,False,371,False,468,False,62,False,72,False,57,False,43,False,0,False,98,False,346,False,118,False,,True,2719.64,False,346,False,1
431140305000160,637,False,507,False,350,False,30,False,34,False,50,False,25,False,0,False,36,False,313,False,313,False,4,False,4926.58,False,313,False,1
431140305000161,995,False,789,False,526,False,54,False,69,False,39,False,28,False,0,False,53,False,438,False,438,False,8,False,6104.56,False,438,False,1
431140305000162,510,False,281,False,276,False,33,False,37,False,54,False,50,False,0,False,33,False,224,False,224,False,209,False,9150.5,False,224,False,1
431140305000163,547,False,344,False,301,False,29,False,25,False,81,False,68,False,0,False,,True,262,False,262,False,24,False,10512.31,False,262,False,1
431140305000164,568,False,258,False,309,False,58,False,50,False,14,False,,True,,True,150,False,230,False,229,False,,True,2613.69,False,230,False,1
431140305000165,1029,False,369,False,532,False,120,False,84,False,32,False,19,False,0,False,292,False,357,False,357,False,0,False,1941.56,False,357,False,1
431140305000166,684,False,297,False,339,False,41,False,41,False,57,False,52,False,3,False,157,False,246,False,243,False,21,False,2250.38,False,246,False,1
431140305000167,10,False,6,False,5,False,0,False,,True,,True,,True,0,False,,True,6,False,0,False,0,False,2268.67,False,6,False,1
431140305000168,1192,False,503,False,615,False,99,False,99,False,78,False,34,False,0,False,385,False,455,False,449,False,5,False,2233.3,False,455,False,1
431140305000169,491,False,193,False,257,False,34,False,40,False,39,False,25,False,0,False,137,False,169,False,167,False,4,False,2272.41,False,169,False,1
431140305000170,63,False,15,False,38,False,,True,,True,,True,0,False,0,False,57,False,15,False,15,False,0,False,932.67,False,15,False,1
431180905000001,994,False,465,False,539,False,70,False,57,False,116,False,72,False,0,False,126,False,423,False,372,False,240,False,4770.87,False,423,False,1
431180905000002,607,False,315,False,321,False,25,False,33,False,64,False,80,False,0,False,70,False,269,False,231,False,8,False,3130.9,False,269,False,1
431180905000003,636,False,298,False,342,False,17,False,26,False,69,False,88,False,0,False,60,False,272,False,267,False,43,False,2304.32,False,272,False,1
431180905000004,1088,False,445,False,559,False,93,False,64,False,70,False,53,False,0,False,242,False,411,False,407,False,160,False,3279.83,False,411,False,1
431180905000005,1014,False,408,False,513,False,64,False,70,False,68,False,47,False,0,False,292,False,368,False,96,False,96,False,2472.38,False,368,False,1
431180905000006,977,False,405,False,498,False,56,False,56,False,93,False,67,False,,True,213,False,371,False,323,False,195,False,2523.21,False,371,False,1
431180905000007,868,False,379,False,457,False,41,False,57,False,75,False,66,False,,True,113,False,337,False,318,False,93,False,3784.44,False,337,False,1
431180905000008,827,False,325,False,416,False,45,False,57,False,76,False,71,False,0,False,235,False,302,False,301,False,38,False,2319.27,False,302,False,1
431180905000009,939,False,398,False,471,False,56,False,60,False,68,False,55,False,,True,221,False,361,False,339,False,21,False,3000.15,False,361,False,1
431180905000010,1101,False,442,False,561,False,76,False,71,False,108,False,87,False,0,False,302,False,402,False,370,False,6,False,2463.21,False,402,False,1
431180905000011,917,False,399,False,473,False,58,False,46,False,111,False,88,False,,True,261,False,368,False,343,False,140,False,2881.09,False,368,False,1
431180905000012,673,False,251,False,337,False,37,False,45,False,53,False,33,False,0,False,165,False,240,False,226,False,,True,2954.82,False,240,False,1
431180905000013,1222,False,512,False,620,False,72,False,62,False,108,False,89,False,0,False,225,False,466,False,399,False,6,False,2921.41,False,466,False,1
431180905000014,883,False,366,False,471,False,67,False,58,False,64,False,45,False,0,False,193,False,327,False,323,False,291,False,2500.83,False,327,False,1
431180905000015,802,False,361,False,427,False,55,False,46,False,73,False,76,False,0,False,87,False,326,False,279,False,37,False,5307.02,False,326,False,1
431180905000016,1398,False,568,False,722,False,119,False,101,False,57,False,57,False,0,False,375,False,524,False,517,False,136,False,2303.59,False,524,False,1
431180905000017,911,False,449,False,509,False,36,False,44,False,93,False,71,False,0,False,102,False,392,False,374,False,262,False,4253.37,False,392,False,1
431180905000018,769,False,369,False,428,False,54,False,53,False,72,False,65,False,0,False,48,False,339,False,254,False,289,False,6252.15,False,339,False,1
431180905000019,962,False,428,False,528,False,41,False,46,False,142,False,123,False,0,False,115,False,391,False,355,False,286,False,3784.32,False,391,False,1
431180905000020,763,False,354,False,394,False,49,False,40,False,81,False,61,False,0,False,148,False,298,False,263,False,84,False,2811.93,False,298,False,1
431180905000021,887,False,400,False,461,False,47,False,53,False,97,False,89,False,0,False,170,False,348,False,335,False,101,False,2500.37,False,348,False,1
431180905000022,848,False,372,False,440,False,50,False,60,False,74,False,68,False,0,False,283,False,312,False,301,False,197,False,2170.79,False,312,False,1
431180905000023,777,False,408,False,435,False,37,False,44,False,74,False,72,False,0,False,94,False,345,False,314,False,169,False,4688.7,False,345,False,1
431180905000024,1053,False,462,False,560,False,59,False,55,False,119,False,82,False,,True,275,False,406,False,277,False,72,False,2460.77,False,406,False,1
431180905000025,702,False,251,False,344,False,70,False,41,False,39,False,28,False,0,False,326,False,231,False,230,False,24,False,1927.9,False,231,False,1
431180905000026,1072,False,464,False,530,False,64,False,67,False,79,False,61,False,,True,119,False,422,False,411,False,56,False,2967.44,False,422,False,1
431180905000028,1593,False,615,False,779,False,137,False,101,False,61,False,41,False,0,False,540,False,577,False,317,False,23,False,2443.93,False,577,False,1
431180905000030,473,False,258,False,229,False,17,False,20,False,103,False,73,False,0,False,,True,187,False,,True,0,False,6981.5,False,187,False,1
431180905000032,372,False,212,False,181,False,13,False,23,False,58,False,44,False,0,False,19,False,132,False,14,False,,True,3975.63,False,132,False,1
431180905000033,532,False,309,False,242,False,26,False,33,False,73,False,61,False,0,False,77,False,190,False,8,False,0,False,3843.96,False,190,False,1
431180905000034,372,False,185,False,186,False,15,False,19,False,61,False,60,False,0,False,38,False,132,False,,True,,True,5326.89,False,132,False,1
431180905000035,38,False,18,False,17,False,0,False,,True,,True,11,False,0,False,,True,14,False,0,False,0,False,3607.14,False,14,False,1
431180905000036,10,False,7,False,4,False,0,False,0,False,,True,,True,0,False,0,False,5,False,0,False,0,False,2316.6,False,5,False,0
431180905000037,576,False,263,False,323,False,34,False,34,False,49,False,58,False,0,False,33,False,233,False,182,False,7,False,3193.24,False,233,False,1
431180905000038,838,False,326,False,421,False,48,False,59,False,63,False,33,False,0,False,139,False,299,False,289,False,78,False,2869.56,False,299,False,1
431180905000039,676,False,266,False,320,False,37,False,47,False,60,False,37,False,0,False,186,False,244,False,7,False,170,False,2166.9,False,244,False,1
431180905000040,1163,False,460,False,578,False,81,False,77,False,92,False,83,False,0,False,379,False,428,False,95,False,8,False,2182.2,False,428,False,1
431180905000041,1656,False,723,False,867,False,91,False,120,False,108,False,74,False,0,False,419,False,658,False,654,False,252,False,3016.18,False,658,False,1
431180905000042,508,False,218,False,253,False,28,False,36,False,66,False,52,False,0,False,128,False,184,False,182,False,16,False,2878.78,False,184,False,1
431180905000043,754,False,346,False,393,False,40,False,37,False,65,False,70,False,0,False,125,False,303,False,277,False,13,False,3397.8,False,303,False,1
431180905000044,1195,False,490,False,597,False,92,False,86,False,69,False,51,False,,True,355,False,449,False,410,False,189,False,2443.96,False,449,False,1
431180905000045,677,False,262,False,364,False,42,False,45,False,72,False,73,False,5,False,195,False,237,False,236,False,114,False,2423.88,False,237,False,1
431180905000046,602,False,326,False,325,False,25,False,31,False,59,False,52,False,0,False,58,False,273,False,226,False,212,False,4619.58,False,273,False,1
431180905000047,703,False,321,False,367,False,39,False,42,False,60,False,81,False,0,False,33,False,274,False,262,False,259,False,6260.18,False,274,False,1
431180905000048,8,False,4,False,,True,,True,,True,,True,,True,,True,,True,,True,,True,,True,,True,,True,1
431180905000049,296,False,126,False,139,False,15,False,13,False,55,False,45,False,0,False,26,False,95,False,,True,0,False,12888.93,False,95,False,1
431180905000050,2044,False,812,False,1017,False,193,False,175,False,64,False,52,False,0,False,559,False,769,False,764,False,563,False,2845.2,False,769,False,1
431180905000051,34,False,9,False,5,False,,True,0,False,,True,,True,0,False,11,False,6,False,,True,0,False,2489.83,False,6,False,1
431180905000052,347,False,158,False,171,False,28,False,23,False,18,False,8,False,,True,77,False,132,False,127,False,105,False,3330.88,False,132,False,1
431180905000053,679,False,240,False,320,False,52,False,60,False,33,False,22,False,0,False,378,False,221,False,221,False,142,False,1523.56,False,221,False,1
431180905000054,18,False,14,False,8,False,0,False,,True,,True,0,False,0,False,,True,9,False,8,False,0,False,2515.11,False,9,False,1
431180905000055,635,False,259,False,319,False,39,False,43,False,26,False,16,False,0,False,153,False,233,False,227,False,100,False,2862.01,False,233,False,1
431180905000056,484,False,183,False,251,False,39,False,34,False,24,False,21,False,0,False,151,False,168,False,165,False,74,False,2340.71,False,168,False,1
431180905000057,562,False,224,False,299,False,40,False,39,False,57,False,32,False,0,False,113,False,206,False,192,False,93,False,2856.09,False,206,False,1
431180905000058,1337,False,554,False,698,False,119,False,99,False,68,False,43,False,,True,343,False,516,False,512,False,153,False,2857.83,False,516,False,1
431180905000059,319,False,201,False,154,False,13,False,17,False,51,False,53,False,0,False,,True,123,False,,True,0,False,3443.38,False,123,False,1
431180905000060,49,False,30,False,30,False,,True,,True,,True,,True,0,False,9,False,22,False,21,False,6,False,3809.09,False,22,False,1
431180909000001,11,False,9,False,6,False,0,False,0,False,,True,,True,0,False,0,False,5,False,3,False,0,False,5600.0,False,5,False,1
431180909000002,602,False,328,False,274,False,21,False,15,False,107,False,77,False,0,False,88,False,222,False,146,False,0,False,5910.82,False,222,False,1
431180917000001,24,False,13,False,10,False,0,False,,True,,True,,True,0,False,0,False,7,False,0,False,0,False,7855.71,False,7,False,1
431180917000002,303,False,178,False,146,False,14,False,,True,55,False,58,False,0,False,16,False,118,False,,True,0,False,4954.21,False,118,False,0
431180917000003,361,False,167,False,175,False,14,False,15,False,63,False,49,False,0,False,,True,131,False,4,False,0,False,5711.25,False,131,False,1
431180935000001,21,False,12,False,9,False,0,False,,True,,True,6,False,0,False,3,False,9,False,0,False,0,False,2777.78,False,9,False,0
431180935000002,226,False,126,False,106,False,6,False,10,False,53,False,43,False,0,False,16,False,93,False,0,False,0,False,4981.72,False,93,False,0
431180935000003,275,False,147,False,127,False,13,False,10,False,52,False,30,False,0,False,45,False,100,False,,True,0,False,5201.07,False,100,False,0
431180935000004,61,False,32,False,29,False,,True,,True,11,False,10,False,0,False,7,False,23,False,0,False,0,False,3174.96,False,23,False,1
431205405000001,639,False,403,False,343,False,33,False,41,False,73,False,120,False,0,False,66,False,279,False,279,False,4,False,2702.72,False,279,False,1
431205405000002,260,False,118,False,120,False,18,False,14,False,30,False,32,False,0,False,,True,96,False,63,False,0,False,2777.17,False,96,False,1
431205405000003,141,False,88,False,67,False,,True,,True,23,False,18,False,0,False,4,False,56,False,25,False,,True,2752.83,False,56,False,1
431205405000004,288,False,142,False,133,False,23,False,11,False,42,False,23,False,6,False,19,False,110,False,68,False,0,False,1931.07,False,110,False,1
431205405000005,183,False,95,False,92,False,8,False,,True,23,False,30,False,0,False,,True,65,False,57,False,0,False,2021.55,False,65,False,1
431205405000006,309,False,171,False,147,False,14,False,19,False,42,False,43,False,0,False,48,False,112,False,4,False,0,False,3349.36,False,112,False,1
431205405000007,304,False,273,False,150,False,14,False,18,False,49,False,54,False,0,False,,True,124,False,118,False,0,False,2232.38,False,124,False,1
431205405000008,137,False,68,False,70,False,9,False,10,False,25,False,,True,0,False,,True,53,False,52,False,0,False,3173.76,False,53,False,1
431205405000009,190,False,85,False,89,False,7,False,12,False,18,False,13,False,0,False,24,False,74,False,74,False,5,False,2731.38,False,74,False,1
431205405000010,377,False,188,False,202,False,12,False,17,False,70,False,58,False,0,False,36,False,156,False,153,False,,True,2723.24,False,156,False,1
431205410000001,135,False,84,False,67,False,,True,,True,32,False,38,False,0,False,7,False,67,False,67,False,0,False,2191.27,False,67,False,1
431205410000002,289,False,159,False,143,False,13,False,13,False,59,False,51,False,0,False,5,False,104,False,82,False,4,False,2089.27,False,104,False,1
431205415000001,231,False,134,False,122,False,,True,,True,41,False,47,False,0,False,19,False,104,False,104,False,4,False,1950.6,False,104,False,1
431205415000002,216,False,120,False,109,False,12,False,17,False,39,False,38,False,0,False,,True,78,False,51,False,0,False,2346.31,False,78,False,1
431205415000003,270,False,148,False,133,False,9,False,11,False,49,False,45,False,,True,5,False,96,False,81,False,0,False,2649.59,False,96,False,1
431213805000005,28,False,21,False,13,False,0,False,,True,0,False,,True,0,False,3,False,10,False,0,False,0,False,4200.0,False,10,False,0
431213805000006,158,False,68,False,78,False,7,False,8,False,15,False,23,False,0,False,,True,57,False,0,False,0,False,4198.36,False,57,False,1
431213805000007,8,False,6,False,,True,,True,,True,,True,,True,,True,,True,,True,,True,,True,,True,,True,1
431213805000008,41,False,21,False,19,False,,True,,True,,True,,True,0,False,,True,19,False,19,False,0,False,2472.95,False,19,False,1
431213805000010,209,False,111,False,105,False,11,False,10,False,35,False,29,False,0,False,12,False,83,False,76,False,,True,1986.75,False,83,False,1
431213805000011,347,False,182,False,180,False,17,False,15,False,63,False,41,False,0,False,23,False,142,False,0,False,0,False,3000.36,False,142,False,0
431213805000012,33,False,12,False,,True,,True,,True,,True,,True,,True,,True,,True,,True,,True,,True,,True,0
431213805000013,545,False,252,False,265,False,33,False,30,False,71,False,47,False,3,False,85,False,200,False,67,False,0,False,3351.55,False,200,False,0
431213805000014,60,False,24,False,33,False,8,False,,True,,True,,True,51,False,3,False,23,False,23,False,0,False,1291.52,False,23,False,0
431213805000015,618,False,275,False,317,False,42,False,43,False,66,False,75,False,0,False,84,False,233,False,231,False,4,False,2623.26,False,233,False,1
431213805000016,65,False,21,False,34,False,8,False,8,False,,True,,True,64,False,,True,20,False,20,False,0,False,1056.47,False,20,False,0
431213805000017,197,False,95,False,103,False,23,False,11,False,21,False,24,False,0,False,,True,74,False,7,False,0,False,2128.43,False,74,False,1
431213805000018,74,False,21,False,,True,,True,,True,,True,,True,,True,,True,,True,,True,,True,,True,,True,0
431213810000001,11,False,3,False,,True,,True,,True,,True,,True,,True,,True,,True,,True,,True,,True,,True,1
431213810000003,64,False,163,False,26,False,6,False,,True,14,False,,True,0,False,5,False,22,False,0,False,0,False,3314.45,False,22,False,1
431213810000004,0,False,0,False,0,False,0,False,0,False,0,False,0,False,0,False,0,False,0,False,0,False,0,False,0.0,False,0,False,1
431213810000005,7,False,18,False,,True,,True,,True,,True,,True,,True,,True,,True,,True,,True,,True,,True,1
431213810000006,88,False,185,False,40,False,,True,,True,13,False,7,False,0,False,,True,32,False,0,False,0,False,2278.0,False,32,False,1
431215305000001,611,False,283,False,323,False,33,False,29,False,78,False,59,False,0,False,31,False,249,False,249,False,0,False,2669.4,False,249,False,1
431215305000002,1045,False,449,False,549,False,49,False,61,False,97,False,89,False,0,False,67,False,406,False,405,False,0,False,2942.88,False,406,False,1
431215305000003,64,False,28,False,32,False,,True,,True,,True,,True,0,False,,True,24,False,23,False,0,False,2391.48,False,24,False,1
431215305000005,140,False,64,False,69,False,,True,10,False,16,False,13,False,0,False,26,False,53,False,53,False,,True,1958.58,False,53,False,1
431215305000006,443,False,190,False,218,False,22,False,23,False,54,False,46,False,0,False,68,False,169,False,164,False,3,False,1814.43,False,169,False,1
431215315000001,21,False,8,False,9,False,0,False,,True,0,False,6,False,0,False,0,False,8,False,8,False,0,False,1559.0,False,8,False,1
431215315000002,383,False,183,False,191,False,19,False,20,False,55,False,65,False,0,False,,True,143,False,136,False,4,False,1894.76,False,143,False,1
431215340000001,179,False,88,False,85,False,,True,7,False,38,False,32,False,0,False,,True,70,False,69,False,6,False,1832.73,False,70,False,1
431215340000002,144,False,63,False,65,False,13,False,,True,18,False,20,False,0,False,,True,56,False,50,False,3,False,1622.04,False,56,False,1
431215345000001,94,False,42,False,49,False,,True,7,False,10,False,7,False,0,False,28,False,34,False,33,False,0,False,2059.29,False,34,False,1
431215345000002,1022,False,436,False,519,False,56,False,77,False,110,False,71,False,,True,212,False,385,False,378,False,12,False,1791.08,False,385,False,1
431215345000003,59,False,26,False,23,False,,True,,True,7,False,,True,0,False,,True,25,False,25,False,0,False,1531.14,False,25,False,1
431215345000004,654,False,308,False,332,False,30,False,44,False,77,False,64,False,0,False,81,False,261,False,255,False,,True,2336.49,False,261,False,1
431235105000001,794,False,344,False,408,False,49,False,37,False,107,False,105,False,0,False,31,False,303,False,301,False,5,False,3317.03,False,303,False,1
431235105000002,260,False,96,False,125,False,12,False,12,False,37,False,42,False,0,False,,True,84,False,51,False,0,False,4972.38,False,84,False,1
431235105000003,212,False,92,False,103,False,,True,,True,46,False,38,False,0,False,,True,71,False,40,False,0,False,5310.45,False,71,False,1
431235105000004,152,False,52,False,75,False,,True,,True,27,False,31,False,0,False,,True,48,False,0,False,0,False,3948.18,False,48,False,1
431235105000005,81,False,35,False,37,False,,True,,True,15,False,14,False,0,False,3,False,29,False,,True,,True,1902.31,False,29,False,1
431237705000014,22,False,14,False,11,False,0,False,,True,,True,,True,0,False,9,False,8,False,0,False,0,False,1915.5,False,8,False,1
431237705000019,0,False,16,False,0,False,0,False,0,False,0,False,0,False,0,False,0,False,0,False,0,False,0,False,0.0,False,0,False,1
431237705000020,73,False,43,False,33,False,,True,7,False,10,False,10,False,0,False,34,False,32,False,0,False,0,False,2046.31,False,32,False,1
431237705000022,217,False,118,False,112,False,,True,18,False,25,False,24,False,0,False,,True,86,False,86,False,35,False,2056.92,False,86,False,1
431237705000023,175,False,78,False,76,False,16,False,16,False,15,False,14,False,0,False,51,False,57,False,3,False,0,False,2031.45,False,57,False,1
431237710000001,185,False,101,False,81,False,10,False,11,False,32,False,16,False,,True,71,False,74,False,72,False,,True,1641.44,False,74,False,1
431237710000004,163,False,130,False,77,False,10,False,13,False,18,False,19,False,0,False,39,False,63,False,5,False,0,False,1890.88,False,63,False,1
431237715000002,174,False,104,False,77,False,8,False,7,False,31,False,18,False,0,False,76,False,69,False,,True,0,False,1835.84,False,69,False,1
431237715000004,70,False,43,False,38,False,3,False,,True,16,False,9,False,0,False,29,False,28,False,0,False,0,False,2280.86,False,28,False,1
431237720000003,250,False,117,False,123,False,22,False,17,False,30,False,19,False,0,False,157,False,94,False,5,False,0,False,1508.83,False,94,False,1
431237720000004,139,False,93,False,61,False,11,False,,True,17,False,15,False,,True,77,False,54,False,6,False,0,False,1358.69,False,54,False,1
431237725000001,320,False,139,False,164,False,22,False,31,False,19,False,20,False,,True,106,False,112,False,102,False,77,False,1785.71,False,112,False,1
431237725000002,337,False,169,False,162,False,16,False,26,False,36,False,14,False,0,False,174,False,119,False,71,False,,True,2406.29,False,119,False,1
431237730000004,173,False,89,False,82,False,7,False,14,False,25,False,13,False,0,False,102,False,62,False,0,False,0,False,1780.07,False,62,False,1
431237730000005,71,False,39,False,34,False,,True,,True,14,False,10,False,0,False,20,False,28,False,0,False,0,False,2837.86,False,28,False,1
431237735000005,149,False,92,False,68,False,7,False,4,False,18,False,23,False,0,False,30,False,63,False,4,False,0,False,2687.24,False,63,False,1
431237738000003,197,False,111,False,89,False,9,False,,True,32,False,19,False,0,False,25,False,75,False,13,False,0,False,2608.22,False,75,False,1
431237738000004,99,False,44,False,47,False,,True,,True,13,False,12,False,0,False,,True,33,False,16,False,,True,2346.31,False,33,False,1
431237740000004,132,False,72,False,60,False,,True,,True,25,False,18,False,0,False,24,False,50,False,0,False,0,False,2929.52,False,50,False,1
431237745000003,89,False,47,False,39,False,,True,3,False,20,False,,True,0,False,,True,32,False,0,False,0,False,2100.38,False,32,False,1
431237745000005,95,False,49,False,45,False,9,False,,True,11,False,7,False,0,False,,True,33,False,0,False,0,False,2617.38,False,33,False,1
431237750000005,50,False,49,False,17,False,3,False,,True,,True,,True,0,False,23,False,22,False,0,False,0,False,2740.38,False,22,False,1
431238505000002,218,False,106,False,111,False,16,False,13,False,28,False,35,False,0,False,9,False,75,False,62,False,,True,2796.35,False,75,False,1
431238505000004,131,False,59,False,59,False,4,False,,True,25,False,21,False,0,False,10,False,45,False,30,False,0,False,3391.11,False,45,False,1
431238505000005,246,False,107,False,119,False,,True,9,False,43,False,50,False,0,False,4,False,85,False,64,False,0,False,2882.99,False,85,False,1
431238505000007,116,False,68,False,58,False,,True,9,False,23,False,25,False,0,False,6,False,43,False,36,False,0,False,3948.84,False,43,False,1
431238505000009,416,False,199,False,224,False,21,False,11,False,82,False,83,False,0,False,10,False,144,False,127,False,0,False,2935.42,False,144,False,1
431238505000010,52,False,17,False,29,False,4,False,,True,,True,,True,0,False,,True,16,False,9,False,0,False,4215.5,False,16,False,1
431238505000013,802,False,375,False,418,False,38,False,27,False,112,False,145,False,0,False,44,False,317,False,314,False,,True,3579.63,False,317,False,1
431238505000014,324,False,151,False,144,False,12,False,13,False,51,False,55,False,3,False,,True,106,False,95,False,0,False,2486.57,False,106,False,1
431238505000015,252,False,118,False,129,False,14,False,7,False,45,False,39,False,0,False,,True,86,False,68,False,0,False,3061.43,False,86,False,1
431240105000001,317,False,180,False,156,False,20,False,20,False,35,False,63,False,0,False,39,False,135,False,132,False,24,False,6879.19,False,135,False,0
431240105000002,401,False,276,False,224,False,12,False,16,False,63,False,78,False,,True,28,False,200,False,197,False,117,False,5784.57,False,200,False,0
431240105000003,500,False,268,False,257,False,20,False,19,False,61,False,63,False,0,False,35,False,218,False,215,False,48,False,4477.03,False,218,False,0
431240105000004,541,False,267,False,306,False,23,False,18,False,75,False,97,False,0,False,82,False,229,False,224,False,185,False,4952.16,False,229,False,0
431240105000005,243,False,141,False,127,False,7,False,17,False,34,False,33,False,0,False,19,False,108,False,108,False,66,False,6270.18,False,108,False,0
431240105000006,438,False,224,False,224,False,16,False,26,False,47,False,45,False,0,False,81,False,184,False,181,False,60,False,4196.64,False,184,False,0
431240105000007,573,False,327,False,330,False,31,False,31,False,55,False,49,False,0,False,47,False,288,False,286,False,108,False,4962.06,False,288,False,0
431240105000008,301,False,160,False,165,False,9,False,11,False,55,False,53,False,0,False,20,False,129,False,127,False,74,False,3746.81,False,129,False,0
431240105000009,293,False,236,False,156,False,12,False,12,False,37,False,54,False,0,False,17,False,145,False,145,False,118,False,4019.82,False,145,False,0
431240105000010,396,False,201,False,202,False,16,False,19,False,65,False,58,False,0,False,29,False,175,False,175,False,144,False,3627.15,False,175,False,0
431240105000011,407,False,193,False,213,False,17,False,25,False,49,False,60,False,,True,53,False,158,False,158,False,90,False,3105.41,False,158,False,0
431240105000012,420,False,193,False,228,False,38,False,29,False,57,False,37,False,0,False,80,False,153,False,153,False,52,False,2081.11,False,153,False,0
431240105000013,577,False,257,False,295,False,40,False,38,False,52,False,43,False,0,False,132,False,226,False,225,False,5,False,2285.81,False,226,False,0
431240105000014,96,False,41,False,47,False,,True,9,False,11,False,,True,0,False,28,False,35,False,35,False,,True,1602.48,False,35,False,0
431240105000015,468,False,200,False,234,False,29,False,37,False,61,False,49,False,,True,73,False,188,False,185,False,5,False,2664.46,False,188,False,0
431240105000016,290,False,131,False,140,False,15,False,15,False,30,False,15,False,0,False,32,False,113,False,103,False,12,False,2699.27,False,113,False,0
431240105000017,737,False,302,False,386,False,62,False,52,False,76,False,54,False,0,False,274,False,274,False,252,False,96,False,1674.51,False,274,False,0
431240105000018,341,False,186,False,201,False,16,False,14,False,40,False,34,False,0,False,43,False,159,False,157,False,41,False,4075.49,False,159,False,0
431240105000019,439,False,165,False,238,False,18,False,30,False,55,False,80,False,0,False,63,False,154,False,134,False,38,False,5398.89,False,154,False,0
431240105000020,600,False,300,False,328,False,28,False,25,False,97,False,63,False,0,False,89,False,258,False,246,False,108,False,5163.95,False,258,False,0
431240105000021,340,False,173,False,174,False,12,False,19,False,31,False,30,False,0,False,39,False,147,False,144,False,7,False,4050.52,False,147,False,0
431240105000022,365,False,157,False,190,False,18,False,22,False,48,False,46,False,0,False,63,False,146,False,142,False,21,False,4124.14,False,146,False,0
431240105000023,729,False,323,False,386,False,47,False,28,False,87,False,66,False,0,False,146,False,303,False,260,False,31,False,3298.95,False,303,False,0
431240105000024,579,False,216,False,295,False,23,False,45,False,45,False,29,False,,True,102,False,209,False,200,False,20,False,4072.63,False,209,False,0
431240105000025,310,False,123,False,163,False,23,False,24,False,19,False,10,False,0,False,86,False,117,False,115,False,67,False,1880.22,False,117,False,0
431240105000026,419,False,189,False,236,False,23,False,29,False,58,False,39,False,0,False,27,False,162,False,156,False,,True,5282.72,False,162,False,0
431240105000027,736,False,297,False,369,False,36,False,45,False,100,False,51,False,0,False,66,False,278,False,275,False,110,False,5439.67,False,278,False,0
431240105000028,358,False,141,False,170,False,12,False,13,False,58,False,38,False,,True,56,False,131,False,124,False,54,False,6125.41,False,131,False,0
431240105000029,505,False,241,False,278,False,30,False,33,False,69,False,65,False,0,False,61,False,196,False,190,False,86,False,4110.28,False,196,False,0
431240105000030,320,False,158,False,184,False,10,False,20,False,45,False,37,False,0,False,31,False,127,False,127,False,55,False,3497.82,False,127,False,0
431240105000031,504,False,254,False,260,False,22,False,23,False,86,False,56,False,0,False,49,False,215,False,213,False,49,False,3962.0,False,215,False,0
431240105000032,299,False,151,False,158,False,16,False,,True,39,False,31,False,0,False,19,False,129,False,126,False,54,False,2891.8,False,129,False,0
431240105000033,520,False,231,False,273,False,25,False,37,False,69,False,54,False,0,False,59,False,193,False,190,False,135,False,2364.02,False,193,False,0
431240105000034,613,False,320,False,327,False,29,False,31,False,74,False,64,False,0,False,22,False,283,False,281,False,233,False,2813.98,False,283,False,0
431240105000035,582,False,301,False,318,False,29,False,36,False,69,False,20,False,0,False,52,False,262,False,262,False,127,False,3618.85,False,262,False,0
431240105000036,788,False,361,False,423,False,36,False,50,False,103,False,77,False,,True,116,False,322,False,312,False,26,False,2777.05,False,322,False,0
431240105000037,291,False,139,False,157,False,20,False,17,False,41,False,38,False,0,False,47,False,127,False,125,False,74,False,2483.11,False,127,False,0
431240105000038,544,False,252,False,286,False,36,False,27,False,52,False,32,False,,True,83,False,219,False,206,False,66,False,2735.16,False,219,False,0
431240105000039,1219,False,512,False,647,False,83,False,81,False,85,False,50,False,5,False,244,False,464,False,445,False,39,False,3571.14,False,464,False,0
431240105000041,321,False,123,False,170,False,28,False,25,False,29,False,10,False,0,False,88,False,111,False,91,False,57,False,1850.4,False,111,False,0
431240105000042,487,False,206,False,250,False,32,False,52,False,57,False,37,False,,True,141,False,175,False,164,False,59,False,1765.39,False,175,False,0
431240105000044,122,False,49,False,64,False,10,False,8,False,,True,,True,0,False,27,False,43,False,20,False,,True,2159.57,False,43,False,0
431240105000045,800,False,323,False,422,False,55,False,65,False,77,False,35,False,0,False,82,False,293,False,255,False,23,False,2596.73,False,293,False,0
431240105000046,431,False,166,False,223,False,27,False,40,False,34,False,,True,0,False,95,False,155,False,141,False,6,False,1703.49,False,155,False,0
431240105000047,625,False,293,False,316,False,57,False,45,False,37,False,14,False,,True,184,False,262,False,245,False,34,False,2301.33,False,262,False,0
431240105000049,696,False,247,False,344,False,45,False,66,False,51,False,27,False,0,False,274,False,234,False,230,False,174,False,2308.94,False,234,False,0
431240105000050,1479,False,603,False,762,False,126,False,132,False,75,False,45,False,0,False,324,False,539,False,505,False,21,False,3261.32,False,539,False,0
431240105000051,968,False,406,False,535,False,79,False,85,False,65,False,43,False,,True,286,False,349,False,333,False,115,False,2017.43,False,349,False,0
431240105000052,649,False,273,False,349,False,60,False,53,False,56,False,36,False,0,False,144,False,231,False,213,False,4,False,2003.46,False,231,False,0
431240105000053,563,False,240,False,303,False,32,False,43,False,70,False,42,False,0,False,106,False,219,False,182,False,39,False,2156.45,False,219,False,0
431240105000054,586,False,242,False,304,False,19,False,35,False,78,False,93,False,0,False,78,False,232,False,221,False,111,False,2692.21,False,232,False,0
431240105000055,471,False,198,False,251,False,24,False,24,False,48,False,54,False,0,False,97,False,192,False,164,False,26,False,3224.44,False,192,False,0
431240105000056,812,False,374,False,425,False,41,False,57,False,97,False,79,False,0,False,184,False,343,False,331,False,26,False,2638.27,False,343,False,0
431240105000057,533,False,246,False,295,False,26,False,34,False,59,False,43,False,3,False,159,False,219,False,196,False,48,False,2292.97,False,219,False,0
431240105000058,650,False,281,False,339,False,44,False,48,False,47,False,31,False,0,False,140,False,240,False,197,False,101,False,2447.82,False,240,False,0
431240105000059,412,False,176,False,210,False,39,False,32,False,28,False,18,False,,True,99,False,146,False,91,False,34,False,2071.82,False,146,False,0
431240105000060,789,False,328,False,394,False,49,False,52,False,77,False,36,False,0,False,162,False,287,False,143,False,81,False,1988.78,False,287,False,0
431240105000061,265,False,135,False,135,False,17,False,19,False,20,False,7,False,0,False,29,False,101,False,37,False,20,False,8858.51,False,101,False,0
431240105000062,119,False,53,False,52,False,9,False,,True,10,False,17,False,0,False,12,False,46,False,15,False,,True,2820.21,False,46,False,0
431240105000063,211,False,134,False,108,False,,True,9,False,33,False,22,False,0,False,25,False,89,False,88,False,5,False,3650.85,False,89,False,0
431240105000064,360,False,162,False,194,False,14,False,22,False,32,False,23,False,0,False,22,False,137,False,137,False,104,False,3233.85,False,137,False,0
431240105000065,103,False,36,False,48,False,,True,10,False,,True,,True,0,False,23,False,33,False,16,False,8,False,3036.42,False,33,False,0
431240105000066,496,False,226,False,268,False,22,False,29,False,60,False,57,False,0,False,66,False,198,False,184,False,67,False,3922.08,False,198,False,0
431240105000067,420,False,211,False,208,False,19,False,24,False,55,False,54,False,0,False,50,False,181,False,178,False,28,False,4048.05,False,181,False,0
431240105000068,1054,False,452,False,541,False,55,False,72,False,110,False,43,False,0,False,133,False,406,False,376,False,13,False,2762.12,False,406,False,0
431240105000069,289,False,157,False,161,False,13,False,14,False,41,False,47,False,,True,37,False,118,False,118,False,98,False,2749.62,False,118,False,0
431240105000070,877,False,337,False,438,False,68,False,62,False,81,False,32,False,4,False,339,False,292,False,263,False,40,False,1963.1,False,292,False,0
431240105000071,457,False,218,False,246,False,35,False,30,False,55,False,30,False,,True,106,False,191,False,188,False,66,False,2809.03,False,191,False,0
431240105000072,1479,False,569,False,757,False,112,False,124,False,91,False,33,False,0,False,296,False,538,False,496,False,18,False,2482.85,False,538,False,0
431240105000073,376,False,158,False,194,False,23,False,34,False,35,False,29,False,0,False,85,False,135,False,52,False,44,False,2242.97,False,135,False,0
431240105000074,504,False,203,False,253,False,27,False,34,False,43,False,28,False,0,False,41,False,184,False,177,False,50,False,4813.8,False,184,False,0
431240105000075,186,False,76,False,98,False,6,False,12,False,27,False,13,False,0,False,20,False,74,False,74,False,32,False,1789.55,False,74,False,0
431240105000076,236,False,106,False,129,False,,True,12,False,22,False,34,False,,True,30,False,95,False,94,False,62,False,4586.14,False,95,False,0
431240105000077,605,False,234,False,331,False,27,False,50,False,59,False,27,False,0,False,35,False,218,False,218,False,170,False,6909.99,False,218,False,0
431240105000078,456,False,186,False,230,False,29,False,20,False,35,False,46,False,0,False,66,False,167,False,159,False,60,False,2679.02,False,167,False,0
431240105000079,717,False,343,False,324,False,41,False,64,False,84,False,56,False,0,False,70,False,246,False,13,False,10,False,2286.16,False,246,False,0
431240105000083,320,False,168,False,153,False,13,False,22,False,32,False,26,False,0,False,90,False,118,False,7,False,0,False,3479.21,False,118,False,0
431240105000085,511,False,224,False,250,False,36,False,42,False,50,False,47,False,0,False,73,False,190,False,8,False,,True,2478.26,False,190,False,0
431240105000086,152,False,95,False,78,False,,True,14,False,10,False,11,False,0,False,12,False,57,False,0,False,0,False,2319.65,False,57,False,0
431240105000087,133,False,80,False,73,False,,True,7,False,28,False,27,False,0,False,14,False,57,False,55,False,23,False,6654.95,False,57,False,0
431240105000088,280,False,101,False,142,False,13,False,23,False,24,False,19,False,,True,63,False,87,False,87,False,26,False,1773.38,False,87,False,0
431240105000089,322,False,111,False,136,False,15,False,17,False,27,False,32,False,6,False,95,False,100,False,99,False,14,False,2531.01,False,100,False,0
431240105000090,251,False,142,False,139,False,12,False,12,False,34,False,32,False,0,False,41,False,120,False,117,False,45,False,2994.57,False,120,False,0
431240105000091,224,False,109,False,119,False,,True,8,False,36,False,27,False,0,False,43,False,97,False,90,False,51,False,3929.01,False,97,False,0
431240105000092,372,False,182,False,191,False,18,False,18,False,47,False,39,False,,True,60,False,150,False,147,False,69,False,5187.66,False,150,False,0
431240105000093,430,False,250,False,245,False,21,False,22,False,45,False,38,False,0,False,,True,217,False,217,False,45,False,4224.63,False,217,False,0
431240105000094,304,False,147,False,154,False,18,False,25,False,33,False,39,False,0,False,,True,133,False,133,False,105,False,2440.94,False,133,False,0
431240105000095,529,False,229,False,274,False,28,False,28,False,61,False,36,False,0,False,79,False,213,False,198,False,13,False,2989.12,False,213,False,0
431240105000096,376,False,177,False,220,False,21,False,20,False,42,False,44,False,0,False,62,False,158,False,151,False,148,False,3089.62,False,158,False,0
431240105000097,343,False,174,False,174,False,21,False,10,False,38,False,29,False,0,False,57,False,149,False,120,False,31,False,3045.67,False,149,False,0
431240105000098,367,False,160,False,193,False,21,False,23,False,36,False,16,False,,True,63,False,140,False,139,False,8,False,2196.7,False,140,False,0
431240105000099,365,False,135,False,188,False,23,False,23,False,41,False,16,False,0,False,115,False,123,False,120,False,10,False,1771.15,False,123,False,0
431240105000100,432,False,167,False,210,False,18,False,31,False,28,False,19,False,,True,112,False,165,False,147,False,32,False,1908.05,False,165,False,0
431240105000101,630,False,228,False,334,False,45,False,49,False,51,False,20,False,0,False,176,False,219,False,218,False,,True,1733.5,False,219,False,0
431240105000102,497,False,201,False,250,False,18,False,35,False,69,False,61,False,0,False,91,False,184,False,182,False,22,False,2628.54,False,184,False,0
431240105000103,386,False,172,False,198,False,19,False,17,False,49,False,16,False,,True,50,False,160,False,135,False,82,False,2515.47,False,160,False,0
431240105000105,186,False,91,False,104,False,8,False,14,False,16,False,20,False,0,False,36,False,76,False,75,False,32,False,2092.43,False,76,False,0
431240105000106,425,False,158,False,220,False,34,False,31,False,21,False,12,False,,True,154,False,143,False,141,False,39,False,2823.4,False,143,False,0
431240105000107,366,False,171,False,197,False,19,False,20,False,50,False,25,False,0,False,64,False,149,False,137,False,66,False,2677.4,False,149,False,0
431240105000108,386,False,166,False,208,False,30,False,19,False,39,False,28,False,0,False,34,False,142,False,138,False,22,False,4604.71,False,142,False,0
431240105000109,477,False,182,False,249,False,29,False,19,False,60,False,28,False,0,False,76,False,173,False,150,False,15,False,4185.26,False,173,False,0
431240105000116,91,False,41,False,47,False,,True,,True,14,False,,True,0,False,16,False,37,False,5,False,3,False,1830.49,False,37,False,0
431240105000117,455,False,207,False,235,False,41,False,38,False,43,False,30,False,0,False,62,False,173,False,88,False,17,False,2548.74,False,173,False,0
431240105000118,343,False,165,False,159,False,22,False,22,False,40,False,21,False,0,False,41,False,135,False,4,False,,True,2514.4,False,135,False,0
431240105000119,705,False,292,False,362,False,45,False,67,False,42,False,28,False,,True,168,False,270,False,252,False,41,False,2180.33,False,270,False,0
431240105000120,929,False,363,False,475,False,100,False,91,False,50,False,26,False,,True,326,False,307,False,299,False,110,False,1913.07,False,307,False,0
431240105000121,251,False,144,False,120,False,9,False,25,False,31,False,23,False,0,False,16,False,103,False,0,False,0,False,2292.7,False,103,False,0
431240105000122,71,False,38,False,31,False,,True,,True,7,False,,True,0,False,,True,29,False,0,False,0,False,3094.59,False,29,False,0
431240105000123,129,False,56,False,65,False,13,False,8,False,12,False,9,False,0,False,14,False,42,False,,True,0,False,3005.84,False,42,False,0
431240105000124,394,False,150,False,187,False,37,False,43,False,32,False,15,False,0,False,40,False,123,False,10,False,4,False,2202.68,False,123,False,0
431240105000125,781,False,326,False,413,False,62,False,66,False,53,False,32,False,4,False,251,False,297,False,291,False,28,False,2106.18,False,297,False,0
431240105000126,457,False,201,False,233,False,37,False,26,False,28,False,20,False,0,False,88,False,186,False,174,False,46,False,2402.82,False,186,False,0
431240105000127,567,False,235,False,292,False,61,False,46,False,30,False,23,False,0,False,66,False,213,False,213,False,15,False,4586.69,False,213,False,0
431240105000128,511,False,266,False,281,False,24,False,29,False,41,False,31,False,,True,105,False,211,False,211,False,17,False,2241.01,False,211,False,0
431240105000129,49,False,21,False,18,False,,True,4,False,0,False,,True,0,False,,True,17,False,0,False,0,False,6326.24,False,17,False,0
431240105000130,270,False,121,False,136,False,14,False,23,False,23,False,20,False,0,False,60,False,105,False,4,False,7,False,1637.0,False,105,False,0
431240105000131,280,False,138,False,124,False,12,False,23,False,25,False,14,False,3,False,95,False,101,False,,True,0,False,2132.73,False,101,False,0
431240105000132,905,False,389,False,472,False,58,False,64,False,61,False,61,False,0,False,113,False,340,False,320,False,61,False,3660.01,False,340,False,0
431240105000133,156,False,64,False,80,False,9,False,9,False,11,False,9,False,0,False,29,False,58,False,58,False,13,False,2316.0,False,58,False,0
431240105000134,259,False,134,False,127,False,20,False,24,False,35,False,20,False,0,False,35,False,88,False,22,False,,True,1763.63,False,88,False,0
431240105000135,243,False,110,False,118,False,22,False,25,False,16,False,8,False,,True,58,False,83,False,,True,0,False,1766.8,False,83,False,0
431240113000001,188,False,94,False,96,False,15,False,11,False,28,False,17,False,0,False,,True,71,False,39,False,4,False,1966.25,False,71,False,0
431240113000002,323,False,190,False,168,False,18,False,13,False,45,False,32,False,0,False,40,False,131,False,22,False,0,False,2141.56,False,131,False,0
431240113000003,414,False,188,False,191,False,24,False,27,False,45,False,35,False,3,False,62,False,157,False,25,False,0,False,2632.64,False,157,False,0
431240113000004,344,False,172,False,173,False,23,False,24,False,48,False,28,False,0,False,40,False,133,False,42,False,,True,1625.98,False,133,False,0
431240113000005,48,False,37,False,26,False,,True,,True,8,False,8,False,0,False,0,False,21,False,12,False,13,False,2567.79,False,21,False,1
431240113000006,220,False,146,False,103,False,8,False,13,False,32,False,36,False,0,False,,True,98,False,14,False,0,False,2037.06,False,98,False,1
431240113000007,283,False,139,False,139,False,15,False,21,False,35,False,37,False,0,False,48,False,108,False,22,False,0,False,1826.89,False,108,False,0
431240118000004,55,False,44,False,25,False,0,False,,True,19,False,,True,0,False,,True,27,False,5,False,0,False,2438.54,False,27,False,0
431240118000005,448,False,237,False,213,False,29,False,24,False,60,False,44,False,0,False,67,False,179,False,119,False,,True,1575.49,False,179,False,0
431240118000006,220,False,128,False,105,False,14,False,12,False,46,False,17,False,0,False,41,False,87,False,4,False,0,False,2993.19,False,87,False,0
431240118000007,212,False,90,False,108,False,17,False,19,False,16,False,6,False,0,False,63,False,78,False,66,False,0,False,1556.99,False,78,False,0
431240127000003,111,False,68,False,58,False,8,False,,True,19,False,14,False,0,False,,True,41,False,3,False,0,False,1963.76,False,41,False,0
431240127000004,2101,False,254,False,207,False,41,False,37,False,67,False,43,False,0,False,584,False,167,False,79,False,3,False,2266.13,False,167,False,0
431240135000001,104,False,57,False,52,False,13,False,,True,16,False,10,False,0,False,,True,34,False,25,False,0,False,2298.79,False,34,False,0
431240135000002,139,False,68,False,62,False,,True,11,False,19,False,18,False,0,False,,True,54,False,30,False,0,False,1858.19,False,54,False,0
431240135000003,437,False,215,False,211,False,23,False,29,False,48,False,60,False,0,False,22,False,178,False,,True,0,False,2746.76,False,178,False,0
431240135000004,370,False,178,False,182,False,25,False,22,False,50,False,56,False,0,False,,True,148,False,33,False,0,False,2240.71,False,148,False,0
431240135000005,384,False,244,False,184,False,25,False,23,False,49,False,55,False,0,False,15,False,138,False,74,False,0,False,2612.53,False,138,False,0
431240140000001,417,False,202,False,207,False,30,False,30,False,39,False,32,False,0,False,82,False,175,False,10,False,,True,2208.4,False,175,False,0
431240140000003,186,False,88,False,88,False,15,False,14,False,22,False,9,False,,True,24,False,67,False,0,False,0,False,1964.2,False,67,False,0
431240140000005,407,False,175,False,213,False,24,False,29,False,41,False,29,False,0,False,74,False,150,False,10,False,0,False,2495.96,False,150,False,0
431240140000006,192,False,91,False,100,False,23,False,13,False,13,False,9,False,0,False,38,False,76,False,13,False,0,False,3078.72,False,76,False,0
431240140000007,584,False,257,False,282,False,43,False,40,False,55,False,47,False,0,False,81,False,222,False,24,False,18,False,2127.36,False,222,False,0
431240140000008,222,False,88,False,108,False,22,False,16,False,20,False,8,False,0,False,46,False,78,False,6,False,0,False,1907.07,False,78,False,0
431260905000001,504,False,255,False,257,False,20,False,27,False,72,False,87,False,0,False,60,False,208,False,208,False,5,False,3338.96,False,208,False,1
431260905000002,674,False,351,False,371,False,26,False,30,False,89,False,116,False,,True,63,False,294,False,294,False,27,False,3342.41,False,294,False,1
431260905000003,556,False,247,False,283,False,33,False,31,False,67,False,79,False,0,False,70,False,198,False,198,False,35,False,2691.93,False,198,False,1
431260905000004,415,False,168,False,217,False,27,False,24,False,55,False,44,False,0,False,80,False,154,False,147,False,16,False,2194.82,False,154,False,1
431260905000005,427,False,172,False,232,False,23,False,26,False,51,False,28,False,0,False,136,False,158,False,158,False,,True,2040.07,False,158,False,1
431260905000006,434,False,188,False,223,False,20,False,24,False,59,False,82,False,0,False,57,False,168,False,163,False,13,False,2793.9,False,168,False,1
431260905000009,142,False,97,False,68,False,,True,,True,27,False,21,False,0,False,39,False,56,False,18,False,0,False,3126.54,False,56,False,1
431260905000010,225,False,113,False,110,False,11,False,22,False,29,False,31,False,0,False,39,False,83,False,41,False,,True,6169.71,False,83,False,1
431260905000011,124,False,98,False,58,False,,True,,True,32,False,26,False,0,False,10,False,51,False,40,False,,True,3003.17,False,51,False,1
431260905000012,169,False,182,False,81,False,,True,,True,37,False,73,False,0,False,,True,74,False,52,False,0,False,2576.17,False,74,False,1
431260905000015,409,False,162,False,217,False,29,False,42,False,40,False,22,False,0,False,92,False,141,False,130,False,44,False,2195.64,False,141,False,1
431260905000016,522,False,240,False,273,False,25,False,35,False,62,False,89,False,0,False,59,False,200,False,200,False,3,False,3754.9,False,200,False,1
431261705000002,192,False,119,False,92,False,14,False,13,False,17,False,18,False,,True,36,False,69,False,21,False,0,False,2385.12,False,69,False,1
431261705000007,5,False,5,False,,True,,True,,True,,True,,True,,True,,True,,True,,True,,True,,True,,True,1
431261705000009,132,False,58,False,72,False,10,False,12,False,11,False,,True,0,False,99,False,44,False,0,False,0,False,1205.0,False,44,False,1
431261705000011,377,False,181,False,182,False,24,False,37,False,27,False,31,False,,True,91,False,133,False,44,False,0,False,2968.34,False,133,False,1
431261705000012,22,False,6,False,11,False,,True,,True,,True,0,False,0,False,,True,6,False,0,False,0,False,1640.0,False,6,False,1
431261705000013,46,False,21,False,20,False,,True,,True,,True,,True,0,False,29,False,18,False,18,False,12,False,1059.53,False,18,False,1
431261705000014,403,False,236,False,211,False,25,False,27,False,44,False,52,False,0,False,67,False,180,False,178,False,50,False,19044.87,False,180,False,1
431261705000015,397,False,174,False,190,False,25,False,34,False,33,False,40,False,0,False,152,False,144,False,142,False,23,False,2456.19,False,144,False,1
431261710000003,2,False,4,False,,True,,True,,True,,True,,True,,True,,True,,True,,True,,True,,True,,True,1
431261710000004,202,False,145,False,95,False,,True,12,False,26,False,22,False,0,False,40,False,86,False,0,False,0,False,2713.15,False,86,False,1
431261715000001,106,False,68,False,58,False,9,False,,True,12,False,18,False,0,False,31,False,41,False,0,False,0,False,2385.71,False,41,False,1
431261715000002,193,False,137,False,94,False,,True,12,False,10,False,13,False,0,False,44,False,70,False,,True,0,False,2644.6,False,70,False,1
431261720000003,51,False,43,False,24,False,,True,,True,8,False,,True,0,False,19,False,21,False,0,False,0,False,2211.81,False,21,False,1
431261725000003,260,False,153,False,118,False,12,False,17,False,43,False,28,False,0,False,69,False,104,False,0,False,0,False,2356.15,False,104,False,1
431261735000003,115,False,82,False,48,False,7,False,10,False,,True,9,False,0,False,44,False,42,False,0,False,0,False,2911.9,False,42,False,1
431261745000003,60,False,52,False,23,False,,True,5,False,7,False,11,False,0,False,16,False,25,False,0,False,0,False,6891.76,False,25,False,1
431261750000003,194,False,108,False,84,False,16,False,11,False,16,False,9,False,0,False,45,False,65,False,0,False,0,False,4064.45,False,65,False,1
431261755000003,122,False,106,False,54,False,,True,,True,13,False,12,False,0,False,37,False,45,False,0,False,0,False,2357.51,False,45,False,1
431262505000001,578,False,239,False,299,False,28,False,29,False,78,False,73,False,0,False,73,False,218,False,205,False,9,False,2866.08,False,218,False,1
431262505000003,227,False,91,False,99,False,,True,,True,43,False,26,False,0,False,24,False,82,False,0,False,0,False,3596.66,False,82,False,1
431262505000004,113,False,48,False,59,False,,True,,True,34,False,16,False,0,False,,True,39,False,,True,0,False,10178.67,False,39,False,1
431262505000005,6,False,4,False,,True,,True,,True,,True,,True,,True,,True,,True,,True,,True,,True,,True,1
431262505000007,53,False,27,False,22,False,,True,0,False,9,False,,True,0,False,7,False,26,False,25,False,0,False,2144.0,False,26,False,1
431262505000008,429,False,186,False,195,False,16,False,17,False,60,False,57,False,,True,38,False,157,False,,True,0,False,5053.29,False,157,False,1
431262505000009,41,False,15,False,23,False,,True,,True,,True,,True,0,False,0,False,15,False,15,False,,True,4163.85,False,15,False,1
431262505000010,34,False,8,False,17,False,3,False,,True,,True,0,False,27,False,0,False,8,False,0,False,0,False,825.0,False,8,False,1
431262505000011,240,False,57,False,116,False,30,False,40,False,3,False,0,False,237,False,,True,57,False,32,False,,True,1057.7,False,57,False,1
431275705000001,425,False,216,False,217,False,26,False,27,False,45,False,47,False,0,False,,True,164,False,162,False,7,False,6102.56,False,164,False,1
431275705000002,1008,False,419,False,535,False,72,False,52,False,95,False,78,False,0,False,132,False,383,False,378,False,4,False,3342.19,False,383,False,1
431275705000003,230,False,105,False,109,False,,True,10,False,26,False,28,False,0,False,31,False,80,False,56,False,0,False,4137.41,False,80,False,1
431275705000004,374,False,216,False,181,False,18,False,26,False,49,False,41,False,0,False,106,False,138,False,101,False,0,False,2426.18,False,138,False,1
431275705000005,449,False,204,False,212,False,26,False,28,False,57,False,45,False,0,False,78,False,162,False,126,False,,True,3792.0,False,162,False,1
431275705000006,92,False,38,False,46,False,,True,,True,16,False,,True,0,False,36,False,38,False,38,False,0,False,2158.22,False,38,False,1
431275705000007,0,False,0,False,0,False,0,False,0,False,0,False,0,False,0,False,0,False,0,False,0,False,0,False,0.0,False,0,False,1
431275705000008,63,False,22,False,36,False,,True,7,False,,True,,True,0,False,,True,20,False,20,False,0,False,3481.7,False,20,False,1
431275705000009,11,False,5,False,7,False,0,False,,True,0,False,,True,0,False,,True,5,False,5,False,0,False,3282.4,False,5,False,1
431275715000001,173,False,74,False,97,False,,True,10,False,21,False,45,False,0,False,,True,65,False,63,False,0,False,3992.12,False,65,False,1
431275715000002,332,False,143,False,154,False,15,False,19,False,47,False,32,False,0,False,36,False,115,False,88,False,0,False,8383.89,False,115,False,1
431275715000003,6,False,3,False,,True,,True,,True,,True,,True,,True,,True,,True,,True,,True,,True,,True,1
431280705000002,336,False,119,False,176,False,32,False,19,False,25,False,12,False,0,False,140,False,110,False,110,False,4,False,3565.99,False,110,False,1
431280705000003,682,False,299,False,320,False,45,False,37,False,52,False,49,False,0,False,229,False,267,False,265,False,48,False,2323.52,False,267,False,1
431280705000004,347,False,149,False,180,False,12,False,11,False,60,False,70,False,0,False,,True,128,False,0,False,0,False,6480.28,False,128,False,1
431280705000005,291,False,130,False,137,False,9,False,10,False,49,False,56,False,0,False,4,False,100,False,,True,0,False,5572.08,False,100,False,1
431280705000006,287,False,138,False,145,False,18,False,13,False,50,False,27,False,0,False,,True,100,False,0,False,9,False,3470.74,False,100,False,1
431280705000007,822,False,367,False,419,False,36,False,43,False,94,False,99,False,0,False,143,False,349,False,347,False,293,False,2851.59,False,349,False,1
431280705000008,1179,False,373,False,541,False,101,False,76,False,99,False,47,False,,True,514,False,362,False,359,False,41,False,3978.63,False,362,False,1
431280705000009,77,False,24,False,35,False,,True,,True,0,False,0,False,0,False,42,False,22,False,20,False,3,False,4795.45,False,22,False,1
431280705000011,361,False,176,False,181,False,33,False,26,False,29,False,12,False,0,False,137,False,137,False,126,False,44,False,2004.43,False,137,False,1
431280705000012,572,False,277,False,305,False,25,False,31,False,81,False,61,False,0,False,78,False,236,False,235,False,5,False,2688.73,False,236,False,1
431290605000002,221,False,80,False,120,False,16,False,8,False,27,False,11,False,0,False,48,False,71,False,55,False,5,False,3306.74,False,71,False,1
431290605000003,751,False,277,False,383,False,32,False,33,False,96,False,90,False,0,False,82,False,252,False,239,False,4,False,3800.24,False,252,False,1
431290605000005,665,False,258,False,336,False,48,False,45,False,56,False,49,False,0,False,295,False,228,False,203,False,126,False,2108.46,False,228,False,1
431290605000006,399,False,174,False,188,False,13,False,15,False,57,False,82,False,0,False,8,False,126,False,104,False,,True,7902.75,False,126,False,1
431290605000008,536,False,231,False,250,False,22,False,25,False,78,False,93,False,0,False,16,False,169,False,159,False,0,False,5957.23,False,169,False,1
431290605000009,368,False,140,False,162,False,,True,16,False,76,False,38,False,0,False,,True,108,False,13,False,9,False,2642.77,False,108,False,1
431290605000010,592,False,239,False,278,False,33,False,36,False,109,False,67,False,0,False,89,False,184,False,5,False,7,False,2135.06,False,184,False,1
431290605000011,259,False,92,False,129,False,22,False,11,False,33,False,45,False,0,False,18,False,63,False,,True,0,False,1932.19,False,63,False,1
431290605000012,593,False,253,False,311,False,26,False,29,False,67,False,60,False,0,False,41,False,227,False,226,False,88,False,3419.43,False,227,False,1
431290605000013,854,False,338,False,430,False,36,False,41,False,88,False,83,False,0,False,43,False,292,False,291,False,52,False,3152.13,False,292,False,1
431290605000014,657,False,276,False,348,False,28,False,34,False,76,False,91,False,0,False,72,False,246,False,241,False,23,False,4486.53,False,246,False,1
431290605000015,375,False,147,False,174,False,19,False,18,False,44,False,70,False,0,False,,True,113,False,96,False,,True,4847.39,False,113,False,1
431290605000016,43,False,18,False,20,False,0,False,0,False,9,False,,True,0,False,0,False,18,False,17,False,,True,3209.0,False,18,False,1
431290605000019,363,False,144,False,171,False,26,False,22,False,29,False,25,False,0,False,64,False,128,False,128,False,,True,3609.51,False,128,False,1
431290605000022,73,False,44,False,38,False,9,False,,True,9,False,,True,0,False,3,False,25,False,23,False,,True,3515.17,False,25,False,1
431290605000024,45,False,45,False,22,False,,True,,True,11,False,13,False,0,False,4,False,20,False,0,False,0,False,4755.0,False,20,False,1
431290605000025,65,False,21,False,26,False,3,False,6,False,,True,,True,0,False,9,False,19,False,18,False,,True,2882.35,False,19,False,1
431290605000026,55,False,21,False,28,False,8,False,,True,,True,,True,0,False,5,False,20,False,19,False,0,False,3138.7,False,20,False,1
431290605000027,392,False,131,False,195,False,19,False,26,False,50,False,47,False,0,False,31,False,124,False,107,False,,True,3440.51,False,124,False,1
431290605000028,758,False,297,False,392,False,33,False,42,False,97,False,52,False,0,False,107,False,268,False,249,False,5,False,3839.17,False,268,False,1
431290605000029,300,False,154,False,156,False,18,False,8,False,28,False,30,False,0,False,,True,115,False,115,False,,True,3155.09,False,115,False,1
431290605000030,542,False,237,False,289,False,42,False,31,False,48,False,43,False,0,False,38,False,196,False,196,False,165,False,4160.84,False,196,False,1
431290605000031,743,False,336,False,378,False,47,False,33,False,65,False,42,False,0,False,53,False,279,False,258,False,36,False,3005.31,False,279,False,1
431300305000001,423,False,219,False,239,False,24,False,18,False,66,False,77,False,0,False,29,False,184,False,169,False,0,False,4733.63,False,184,False,1
431300305000002,319,False,159,False,167,False,10,False,8,False,50,False,69,False,0,False,20,False,140,False,133,False,,True,3901.66,False,140,False,1
431300305000003,191,False,88,False,103,False,6,False,,True,35,False,33,False,0,False,7,False,79,False,77,False,0,False,3346.59,False,79,False,1
431300305000004,97,False,49,False,52,False,,True,,True,10,False,24,False,0,False,0,False,42,False,37,False,,True,2131.41,False,42,False,1
431300305000005,196,False,90,False,94,False,7,False,11,False,31,False,30,False,0,False,5,False,73,False,44,False,0,False,6299.92,False,73,False,1
431300305000006,209,False,98,False,91,False,10,False,,True,43,False,25,False,0,False,9,False,68,False,20,False,0,False,4788.03,False,68,False,1
431300305000007,221,False,111,False,100,False,8,False,,True,35,False,37,False,0,False,22,False,85,False,61,False,0,False,3622.29,False,85,False,1
431300305000008,466,False,209,False,223,False,20,False,25,False,68,False,52,False,0,False,25,False,174,False,120,False,,True,2646.23,False,174,False,1
431300305000009,247,False,127,False,116,False,10,False,11,False,35,False,39,False,0,False,14,False,97,False,71,False,0,False,3273.17,False,97,False,1
431300305000010,174,False,92,False,76,False,,True,9,False,30,False,22,False,0,False,,True,67,False,28,False,0,False,4822.7,False,67,False,1
431300305000011,124,False,63,False,68,False,,True,,True,36,False,22,False,0,False,3,False,53,False,53,False,3,False,2264.67,False,53,False,1
431300305000012,129,False,49,False,70,False,6,False,,True,29,False,,True,0,False,34,False,48,False,40,False,0,False,2006.11,False,48,False,1
431300305000013,248,False,112,False,127,False,11,False,12,False,23,False,48,False,0,False,22,False,103,False,102,False,3,False,2808.36,False,103,False,1
431308605000002,33,False,15,False,18,False,,True,,True,,True,,True,0,False,5,False,14,False,14,False,0,False,3024.86,False,14,False,1
431308605000003,0,False,0,False,0,False,0,False,0,False,0,False,0,False,0,False,0,False,0,False,0,False,0,False,0.0,False,0,False,1
431308605000004,146,False,68,False,66,False,16,False,12,False,18,False,,True,0,False,,True,50,False,50,False,0,False,2500.33,False,50,False,1
431308605000005,334,False,155,False,157,False,11,False,11,False,51,False,50,False,9,False,19,False,115,False,4,False,0,False,2850.82,False,115,False,1
431308605000006,449,False,194,False,218,False,17,False,16,False,78,False,72,False,0,False,9,False,140,False,,True,0,False,3900.62,False,140,False,1
431308605000007,408,False,181,False,195,False,11,False,15,False,68,False,62,False,8,False,22,False,132,False,69,False,3,False,3279.88,False,132,False,1
431308605000008,344,False,149,False,176,False,21,False,18,False,52,False,53,False,3,False,,True,113,False,91,False,0,False,3506.1,False,113,False,1
431308605000010,26,False,9,False,14,False,,True,0,False,,True,0,False,0,False,,True,8,False,7,False,,True,2192.25,False,8,False,1
431308605000013,18,False,10,False,7,False,0,False,0,False,,True,8,False,0,False,0,False,9,False,8,False,0,False,3612.44,False,9,False,1
431308605000014,585,False,281,False,303,False,24,False,26,False,102,False,88,False,0,False,25,False,229,False,225,False,143,False,3309.41,False,229,False,1
431330005000001,454,False,252,False,243,False,19,False,24,False,43,False,42,False,0,False,47,False,196,False,193,False,56,False,4144.33,False,196,False,1
431330005000002,666,False,297,False,349,False,34,False,38,False,94,False,60,False,0,False,53,False,252,False,252,False,46,False,3343.97,False,252,False,1
431330005000003,675,False,276,False,350,False,38,False,49,False,51,False,48,False,0,False,194,False,241,False,232,False,107,False,2228.48,False,241,False,1
431330005000004,543,False,201,False,270,False,38,False,39,False,36,False,34,False,,True,351,False,180,False,171,False,172,False,1832.44,False,180,False,1
431330005000006,669,False,313,False,353,False,39,False,48,False,50,False,36,False,,True,102,False,265,False,264,False,5,False,3689.18,False,265,False,1
431330005000007,479,False,213,False,250,False,26,False,28,False,56,False,60,False,0,False,84,False,198,False,195,False,18,False,3103.24,False,198,False,1
431330005000008,501,False,223,False,268,False,28,False,28,False,51,False,39,False,,True,86,False,198,False,194,False,26,False,3902.04,False,198,False,1
431330005000009,580,False,237,False,309,False,25,False,29,False,62,False,70,False,0,False,74,False,231,False,212,False,14,False,3867.19,False,231,False,1
431330005000011,606,False,224,False,301,False,41,False,38,False,37,False,40,False,0,False,134,False,217,False,216,False,11,False,2928.38,False,217,False,1
431330005000012,485,False,246,False,262,False,26,False,19,False,52,False,60,False,,True,50,False,203,False,203,False,64,False,6042.29,False,203,False,1
431330005000013,515,False,234,False,268,False,28,False,19,False,90,False,61,False,3,False,98,False,197,False,189,False,75,False,2822.23,False,197,False,1
431330005000016,101,False,53,False,53,False,,True,,True,7,False,16,False,0,False,,True,38,False,,True,,True,2350.78,False,38,False,1
431330005000019,0,False,0,False,0,False,0,False,0,False,0,False,0,False,0,False,0,False,0,False,0,False,0,False,0.0,False,0,False,1
431330005000020,455,False,318,False,222,False,24,False,26,False,73,False,63,False,0,False,87,False,158,False,25,False,,True,3257.55,False,158,False,1
431330005000024,494,False,248,False,240,False,22,False,19,False,82,False,74,False,0,False,93,False,183,False,34,False,0,False,2719.17,False,183,False,1
431330005000030,365,False,174,False,174,False,20,False,23,False,42,False,31,False,,True,130,False,136,False,3,False,,True,1868.08,False,136,False,1
431330005000031,480,False,255,False,257,False,24,False,19,False,47,False,61,False,0,False,67,False,209,False,209,False,18,False,4994.67,False,209,False,1
431330005000033,286,False,153,False,148,False,14,False,11,False,33,False,28,False,0,False,,True,135,False,135,False,,True,2671.11,False,135,False,1
431330005000034,450,False,229,False,245,False,16,False,19,False,58,False,64,False,0,False,37,False,202,False,202,False,15,False,4446.21,False,202,False,1
431330005000036,217,False,70,False,118,False,19,False,16,False,13,False,,True,0,False,108,False,69,False,69,False,56,False,1756.93,False,69,False,1
431330005000037,252,False,106,False,133,False,11,False,15,False,30,False,23,False,0,False,,True,98,False,98,False,0,False,2602.33,False,98,False,1
431330005000041,605,False,210,False,289,False,47,False,58,False,51,False,28,False,0,False,357,False,192,False,192,False,192,False,1834.52,False,192,False,1
431330005000042,248,False,96,False,118,False,17,False,19,False,21,False,11,False,0,False,57,False,87,False,86,False,14,False,2140.44,False,87,False,1
431330005000043,437,False,168,False,212,False,28,False,20,False,48,False,24,False,0,False,119,False,155,False,153,False,41,False,2374.28,False,155,False,1
431330005000044,145,False,63,False,72,False,9,False,11,False,19,False,16,False,0,False,23,False,56,False,56,False,3,False,2348.41,False,56,False,1
431330005000046,311,False,130,False,166,False,12,False,23,False,41,False,30,False,0,False,49,False,124,False,121,False,0,False,3122.27,False,124,False,1
431330005000047,312,False,180,False,167,False,13,False,14,False,40,False,24,False,0,False,22,False,141,False,141,False,,True,3261.68,False,141,False,1
431330005000048,446,False,206,False,234,False,32,False,23,False,47,False,53,False,0,False,76,False,185,False,185,False,64,False,3420.04,False,185,False,1
431330005000049,393,False,226,False,218,False,17,False,15,False,44,False,42,False,0,False,44,False,168,False,168,False,3,False,4475.44,False,168,False,1
431330005000050,497,False,229,False,256,False,31,False,34,False,34,False,28,False,0,False,63,False,217,False,211,False,179,False,4456.68,False,217,False,1
431330005000053,266,False,125,False,150,False,18,False,9,False,33,False,44,False,0,False,25,False,111,False,111,False,6,False,6252.61,False,111,False,1
431330005000054,128,False,52,False,66,False,7,False,,True,20,False,10,False,0,False,,True,46,False,43,False,,True,2780.04,False,46,False,1
431330005000055,231,False,140,False,124,False,11,False,11,False,28,False,19,False,,True,,True,95,False,95,False,,True,3283.64,False,95,False,1
431330005000056,60,False,29,False,29,False,0,False,0,False,18,False,28,False,0,False,0,False,28,False,28,False,27,False,4460.0,False,28,False,1
431330005000059,337,False,152,False,170,False,20,False,23,False,30,False,25,False,,True,81,False,136,False,131,False,73,False,2903.81,False,136,False,1
431330005000060,776,False,309,False,372,False,44,False,53,False,90,False,56,False,4,False,146,False,283,False,280,False,65,False,2522.31,False,283,False,1
431330005000061,508,False,249,False,266,False,28,False,24,False,51,False,51,False,0,False,89,False,224,False,223,False,21,False,3314.08,False,224,False,1
431330005000062,262,False,108,False,150,False,13,False,16,False,32,False,65,False,0,False,41,False,94,False,94,False,15,False,3452.69,False,94,False,1
431330005000063,46,False,15,False,23,False,,True,,True,7,False,,True,0,False,6,False,15,False,4,False,0,False,3906.67,False,15,False,1
431330005000064,118,False,45,False,64,False,15,False,9,False,,True,8,False,0,False,,True,43,False,43,False,0,False,2483.86,False,43,False,1
431330005000065,207,False,68,False,115,False,24,False,20,False,,True,8,False,0,False,53,False,64,False,64,False,0,False,2280.6,False,64,False,1
431330005000067,526,False,263,False,261,False,40,False,38,False,14,False,21,False,0,False,117,False,217,False,217,False,10,False,2998.67,False,217,False,1
431330005000068,10,False,6,False,6,False,0,False,0,False,0,False,,True,0,False,0,False,5,False,0,False,0,False,8422.4,False,5,False,1
431330005000069,0,False,0,False,0,False,0,False,0,False,0,False,0,False,0,False,0,False,0,False,0,False,0,False,0.0,False,0,False,1
431330005000070,107,False,38,False,55,False,8,False,,True,8,False,7,False,0,False,35,False,37,False,31,False,0,False,2178.97,False,37,False,1
431330005000071,217,False,83,False,107,False,17,False,17,False,19,False,7,False,0,False,104,False,75,False,69,False,27,False,1951.97,False,75,False,1
431330005000073,418,False,241,False,244,False,14,False,22,False,66,False,55,False,0,False,,True,194,False,193,False,142,False,4347.67,False,194,False,1
431330005000074,422,False,187,False,223,False,19,False,26,False,46,False,28,False,0,False,125,False,169,False,169,False,40,False,3051.7,False,169,False,1
431330005000075,473,False,169,False,243,False,26,False,36,False,45,False,30,False,0,False,219,False,153,False,151,False,88,False,1811.1,False,153,False,1
431330005000079,176,False,71,False,88,False,9,False,,True,7,False,9,False,0,False,43,False,65,False,50,False,,True,1997.5,False,65,False,1
431330005000083,89,False,1,False,,True,,True,,True,,True,,True,,True,,True,,True,,True,,True,,True,,True,1
431330005000084,483,False,202,False,224,False,38,False,26,False,62,False,45,False,0,False,114,False,167,False,20,False,0,False,3030.66,False,167,False,1
431330005000085,38,False,15,False,22,False,,True,0,False,,True,,True,0,False,6,False,11,False,0,False,0,False,2501.09,False,11,False,1
431330005000086,27,False,20,False,16,False,0,False,0,False,,True,9,False,0,False,3,False,11,False,0,False,0,False,2655.64,False,11,False,1
431330005000087,91,False,35,False,47,False,6,False,6,False,,True,11,False,0,False,23,False,31,False,0,False,0,False,3114.52,False,31,False,1
431330005000088,47,False,20,False,23,False,,True,,True,,True,,True,0,False,,True,18,False,0,False,0,False,2853.44,False,18,False,1
431330005000089,88,False,39,False,48,False,,True,,True,8,False,7,False,0,False,,True,34,False,,True,,True,3437.82,False,34,False,1
431330005000090,393,False,186,False,195,False,16,False,25,False,61,False,53,False,0,False,33,False,145,False,5,False,0,False,3224.69,False,145,False,1
431330005000091,646,False,334,False,311,False,36,False,40,False,77,False,89,False,0,False,82,False,229,False,95,False,6,False,2665.44,False,229,False,1
431330005000092,372,False,177,False,186,False,15,False,15,False,80,False,78,False,0,False,,True,130,False,9,False,0,False,3500.09,False,130,False,1
431330005000093,369,False,236,False,212,False,14,False,21,False,42,False,30,False,0,False,26,False,183,False,183,False,172,False,5239.41,False,183,False,1
431330005000094,437,False,234,False,239,False,20,False,23,False,42,False,25,False,0,False,55,False,201,False,201,False,194,False,6123.43,False,201,False,1
431330005000095,67,False,32,False,35,False,6,False,,True,,True,,True,0,False,,True,26,False,25,False,,True,2322.88,False,26,False,1
431330005000096,90,False,34,False,48,False,4,False,,True,16,False,7,False,0,False,11,False,33,False,14,False,0,False,3016.36,False,33,False,1
431330005000097,929,False,367,False,470,False,73,False,71,False,65,False,57,False,0,False,155,False,346,False,343,False,11,False,3023.79,False,346,False,1
431330005000098,307,False,124,False,157,False,12,False,14,False,42,False,22,False,0,False,43,False,116,False,116,False,0,False,2959.23,False,116,False,1
431330005000099,493,False,242,False,246,False,29,False,32,False,48,False,35,False,0,False,60,False,191,False,187,False,10,False,4055.07,False,191,False,1
431330005000100,477,False,227,False,245,False,22,False,29,False,43,False,53,False,,True,67,False,195,False,195,False,39,False,3200.46,False,195,False,1
431330005000101,107,False,41,False,54,False,,True,,True,12,False,9,False,0,False,20,False,37,False,26,False,0,False,3888.05,False,37,False,1
431330005000102,518,False,174,False,253,False,48,False,36,False,22,False,16,False,0,False,264,False,165,False,165,False,71,False,1896.85,False,165,False,1
431330005000103,373,False,157,False,164,False,27,False,27,False,33,False,29,False,0,False,105,False,127,False,126,False,48,False,2325.17,False,127,False,1
431330005000104,224,False,110,False,114,False,12,False,17,False,28,False,,True,0,False,57,False,101,False,101,False,7,False,3275.45,False,101,False,1
431330005000105,400,False,189,False,204,False,20,False,15,False,55,False,44,False,0,False,44,False,155,False,155,False,,True,2660.55,False,155,False,1
431330005000106,158,False,66,False,73,False,10,False,12,False,23,False,16,False,0,False,,True,55,False,28,False,0,False,2852.54,False,55,False,1
431330005000107,514,False,272,False,257,False,38,False,30,False,61,False,56,False,,True,101,False,189,False,62,False,0,False,2958.09,False,189,False,1
431335905000001,317,False,143,False,169,False,18,False,14,False,33,False,42,False,0,False,24,False,128,False,121,False,,True,3463.81,False,128,False,1
431335905000002,523,False,237,False,256,False,25,False,18,False,56,False,41,False,0,False,61,False,209,False,199,False,0,False,2677.13,False,209,False,1
431335905000005,337,False,164,False,167,False,11,False,15,False,61,False,47,False,0,False,,True,114,False,17,False,0,False,1801.91,False,114,False,1
431335905000006,567,False,227,False,273,False,18,False,22,False,84,False,95,False,0,False,35,False,181,False,102,False,,True,4503.73,False,181,False,1
431335905000007,394,False,153,False,185,False,16,False,24,False,59,False,57,False,0,False,14,False,128,False,70,False,0,False,3530.67,False,128,False,1
431335905000008,375,False,158,False,180,False,21,False,21,False,40,False,29,False,3,False,66,False,139,False,131,False,66,False,3217.82,False,139,False,1
431335905000009,478,False,213,False,249,False,19,False,24,False,57,False,65,False,6,False,,True,191,False,189,False,95,False,2833.2,False,191,False,1
431335905000010,475,False,211,False,219,False,17,False,22,False,82,False,70,False,0,False,23,False,156,False,11,False,0,False,2986.1,False,156,False,1
431400105000001,931,False,375,False,475,False,52,False,57,False,99,False,66,False,0,False,92,False,347,False,339,False,7,False,3835.78,False,347,False,1
431400105000002,599,False,225,False,309,False,27,False,38,False,73,False,61,False,0,False,123,False,216,False,209,False,7,False,2877.17,False,216,False,1
431400105000004,437,False,175,False,198,False,11,False,17,False,76,False,58,False,0,False,35,False,156,False,37,False,0,False,4227.17,False,156,False,1
431400105000005,404,False,175,False,195,False,17,False,24,False,57,False,62,False,0,False,50,False,156,False,83,False,,True,2463.59,False,156,False,1
431400105000007,162,False,68,False,80,False,,True,,True,21,False,25,False,0,False,26,False,56,False,11,False,0,False,3040.96,False,56,False,1
431400105000008,305,False,113,False,137,False,17,False,16,False,64,False,35,False,0,False,22,False,103,False,8,False,0,False,4868.38,False,103,False,1
431400105000009,434,False,187,False,221,False,26,False,21,False,73,False,51,False,0,False,,True,157,False,18,False,0,False,4988.48,False,157,False,1
431400105000010,429,False,205,False,202,False,17,False,20,False,72,False,46,False,0,False,,True,155,False,3,False,0,False,6053.34,False,155,False,1
431400105000011,710,False,325,False,377,False,42,False,39,False,88,False,72,False,0,False,59,False,298,False,297,False,107,False,3663.34,False,298,False,1
431400105000012,501,False,210,False,259,False,27,False,26,False,65,False,44,False,0,False,52,False,192,False,187,False,18,False,2560.85,False,192,False,1
431400105000013,713,False,280,False,368,False,41,False,35,False,80,False,64,False,,True,86,False,258,False,253,False,3,False,2865.0,False,258,False,1
431400105000014,542,False,259,False,283,False,28,False,33,False,76,False,61,False,0,False,50,False,219,False,218,False,160,False,3496.3,False,219,False,1
431400105000015,158,False,53,False,81,False,16,False,9,False,,True,,True,0,False,59,False,50,False,50,False,0,False,3778.98,False,50,False,1
431400105000016,0,False,0,False,0,False,0,False,0,False,0,False,0,False,0,False,0,False,0,False,0,False,0,False,0.0,False,0,False,1
431400105000017,0,False,0,False,0,False,0,False,0,False,0,False,0,False,0,False,0,False,0,False,0,False,0,False,0.0,False,0,False,1
431400105000019,329,False,124,False,170,False,23,False,20,False,47,False,25,False,0,False,45,False,112,False,104,False,13,False,2676.27,False,112,False,1
431400105000020,357,False,142,False,161,False,21,False,26,False,51,False,50,False,0,False,31,False,118,False,9,False,0,False,6811.14,False,118,False,1
431400105000021,183,False,69,False,89,False,,True,15,False,14,False,22,False,0,False,18,False,61,False,32,False,0,False,3594.66,False,61,False,1
431407605000001,842,False,388,False,472,False,53,False,50,False,103,False,104,False,0,False,124,False,343,False,341,False,16,False,2695.79,False,343,False,1
431407605000002,606,False,278,False,305,False,32,False,29,False,77,False,63,False,0,False,53,False,223,False,149,False,0,False,1238.34,False,223,False,1
431407605000003,342,False,151,False,166,False,16,False,10,False,61,False,48,False,0,False,30,False,131,False,78,False,,True,1451.86,False,131,False,1
431407605000004,630,False,289,False,330,False,27,False,35,False,82,False,67,False,0,False,65,False,250,False,182,False,,True,2445.71,False,250,False,1
431407605000005,304,False,170,False,152,False,18,False,12,False,50,False,24,False,0,False,20,False,119,False,47,False,3,False,2746.98,False,119,False,1
431407605000006,276,False,150,False,136,False,14,False,16,False,38,False,20,False,0,False,21,False,109,False,46,False,0,False,3038.3,False,109,False,0
431407605000007,423,False,196,False,220,False,21,False,20,False,55,False,39,False,0,False,26,False,166,False,131,False,,True,2724.55,False,166,False,0
431407605000008,365,False,165,False,184,False,14,False,30,False,52,False,40,False,0,False,38,False,137,False,104,False,0,False,2008.44,False,137,False,0
431407605000009,369,False,172,False,181,False,21,False,18,False,58,False,37,False,0,False,13,False,141,False,85,False,,True,1361.97,False,141,False,0
431407605000010,813,False,428,False,425,False,61,False,58,False,94,False,82,False,0,False,124,False,340,False,337,False,22,False,2442.27,False,340,False,1
431407605000011,416,False,205,False,201,False,18,False,13,False,55,False,41,False,0,False,117,False,163,False,89,False,0,False,2059.85,False,163,False,1
431407605000012,175,False,111,False,81,False,6,False,14,False,27,False,11,False,0,False,25,False,78,False,32,False,0,False,1992.82,False,78,False,1
431407605000013,269,False,147,False,134,False,21,False,12,False,25,False,19,False,0,False,15,False,109,False,27,False,0,False,1778.53,False,109,False,0
431407605000014,195,False,106,False,88,False,,True,9,False,28,False,24,False,0,False,,True,72,False,50,False,,True,2837.94,False,72,False,0
431410005000179,84,False,25,False,39,False,9,False,10,False,,True,0,False,84,False,0,False,25,False,0,False,0,False,595.45,False,25,False,0
431410005000180,315,False,178,False,157,False,17,False,12,False,43,False,23,False,3,False,65,False,118,False,10,False,0,False,3033.41,False,118,False,0
431410005010001,654,False,525,False,389,False,20,False,14,False,60,False,62,False,0,False,52,False,381,False,379,False,374,False,4794.87,False,381,False,0
431410005010002,368,False,284,False,210,False,8,False,16,False,40,False,59,False,0,False,54,False,211,False,210,False,205,False,5601.13,False,211,False,0
431410005010003,519,False,381,False,290,False,19,False,16,False,49,False,28,False,0,False,67,False,312,False,295,False,303,False,5880.84,False,312,False,0
431410005010005,594,False,382,False,336,False,21,False,11,False,61,False,62,False,,True,62,False,297,False,296,False,187,False,5181.3,False,297,False,0
431410005010006,697,False,543,False,402,False,23,False,14,False,98,False,68,False,,True,55,False,394,False,378,False,174,False,5563.11,False,394,False,0
431410005010007,731,False,472,False,404,False,24,False,22,False,89,False,83,False,0,False,51,False,389,False,385,False,363,False,6520.45,False,389,False,0
431410005010008,744,False,591,False,421,False,30,False,30,False,70,False,57,False,0,False,38,False,418,False,416,False,416,False,5822.29,False,418,False,0
431410005010010,514,False,349,False,282,False,20,False,21,False,63,False,65,False,0,False,40,False,259,False,259,False,259,False,7096.62,False,259,False,0
431410005010013,680,False,583,False,387,False,19,False,12,False,55,False,22,False,0,False,70,False,463,False,463,False,256,False,5258.14,False,463,False,0
431410005010015,362,False,226,False,201,False,12,False,17,False,38,False,40,False,,True,59,False,176,False,176,False,126,False,5539.69,False,176,False,0
431410005010016,309,False,179,False,156,False,7,False,12,False,34,False,27,False,0,False,29,False,170,False,169,False,76,False,5720.77,False,170,False,0
431410005010019,448,False,402,False,263,False,11,False,10,False,43,False,32,False,,True,23,False,290,False,290,False,288,False,4123.28,False,290,False,0
431410005010020,100,False,102,False,60,False,,True,0,False,9,False,,True,0,False,20,False,62,False,62,False,60,False,3326.18,False,62,False,0
431410005010021,594,False,531,False,340,False,18,False,14,False,74,False,63,False,0,False,73,False,348,False,309,False,279,False,5966.63,False,348,False,0
431410005010022,753,False,496,False,431,False,26,False,26,False,67,False,72,False,,True,83,False,417,False,415,False,410,False,5875.61,False,417,False,0
431410005010023,451,False,396,False,280,False,13,False,6,False,39,False,32,False,,True,24,False,288,False,287,False,286,False,4382.33,False,288,False,0
431410005010024,913,False,578,False,511,False,35,False,40,False,127,False,128,False,0,False,38,False,440,False,397,False,431,False,8175.78,False,440,False,0
431410005010025,782,False,461,False,423,False,35,False,42,False,103,False,97,False,,True,25,False,350,False,339,False,343,False,10775.93,False,350,False,0
431410005010026,598,False,316,False,333,False,25,False,25,False,76,False,69,False,0,False,19,False,254,False,253,False,253,False,8927.74,False,254,False,0
431410005010027,281,False,190,False,155,False,17,False,6,False,34,False,20,False,0,False,30,False,140,False,138,False,123,False,5694.35,False,140,False,0
431410005010028,774,False,489,False,443,False,31,False,30,False,89,False,77,False,0,False,70,False,398,False,396,False,397,False,6357.45,False,398,False,0
431410005010029,833,False,459,False,450,False,47,False,47,False,76,False,57,False,,True,104,False,388,False,380,False,381,False,6768.47,False,388,False,0
431410005010030,549,False,281,False,302,False,19,False,24,False,75,False,56,False,0,False,45,False,235,False,142,False,218,False,5927.68,False,235,False,0
431410005010032,494,False,322,False,270,False,22,False,18,False,54,False,42,False,0,False,18,False,260,False,260,False,254,False,3781.53,False,260,False,0
431410005010033,856,False,583,False,482,False,26,False,23,False,87,False,53,False,,True,94,False,507,False,501,False,329,False,5825.64,False,507,False,0
431410005010034,782,False,423,False,435,False,22,False,40,False,108,False,86,False,0,False,102,False,376,False,376,False,370,False,4955.38,False,376,False,0
431410005010035,726,False,431,False,400,False,23,False,33,False,76,False,79,False,0,False,61,False,412,False,405,False,52,False,5273.26,False,412,False,0
431410005010036,490,False,321,False,278,False,21,False,24,False,56,False,50,False,,True,68,False,244,False,236,False,197,False,5740.4,False,244,False,0
431410005010037,37,False,24,False,18,False,0,False,0,False,11,False,,True,0,False,,True,14,False,14,False,14,False,3948.0,False,14,False,0
431410005010038,672,False,538,False,395,False,20,False,26,False,69,False,49,False,0,False,61,False,380,False,378,False,371,False,5630.08,False,380,False,0
431410005010039,919,False,495,False,479,False,32,False,45,False,101,False,95,False,,True,122,False,418,False,270,False,401,False,5205.62,False,418,False,0
431410005010040,852,False,579,False,489,False,39,False,41,False,98,False,90,False,0,False,61,False,417,False,344,False,330,False,9000.52,False,417,False,0
431410005010041,294,False,237,False,186,False,10,False,,True,42,False,38,False,0,False,25,False,184,False,122,False,112,False,4254.09,False,184,False,0
431410005010042,665,False,454,False,391,False,19,False,29,False,79,False,76,False,0,False,48,False,344,False,341,False,296,False,6144.58,False,344,False,0
431410005010043,326,False,235,False,195,False,12,False,,True,43,False,44,False,,True,22,False,169,False,111,False,166,False,7808.23,False,169,False,0
431410005010044,831,False,552,False,476,False,25,False,39,False,69,False,92,False,,True,71,False,461,False,431,False,415,False,6486.6,False,461,False,0
431410005010045,477,False,407,False,290,False,11,False,9,False,64,False,44,False,0,False,,True,307,False,235,False,307,False,4851.28,False,307,False,0
431410005010046,528,False,468,False,298,False,15,False,15,False,78,False,81,False,0,False,29,False,317,False,317,False,317,False,6642.56,False,317,False,0
431410005010047,854,False,711,False,480,False,16,False,20,False,62,False,72,False,,True,122,False,556,False,556,False,533,False,4486.71,False,556,False,0
431410005010048,297,False,243,False,156,False,7,False,,True,29,False,15,False,0,False,,True,166,False,164,False,161,False,5576.44,False,166,False,0
431410005010049,576,False,384,False,346,False,17,False,19,False,80,False,68,False,,True,48,False,327,False,223,False,327,False,6588.16,False,327,False,0
431410005010050,518,False,409,False,311,False,10,False,16,False,58,False,48,False,0,False,149,False,334,False,289,False,324,False,4791.56,False,334,False,0
431410005010051,345,False,302,False,201,False,,True,9,False,16,False,21,False,0,False,44,False,224,False,204,False,217,False,4121.47,False,224,False,0
431410005010052,427,False,278,False,230,False,13,False,14,False,55,False,48,False,0,False,29,False,215,False,215,False,213,False,7527.94,False,215,False,0
431410005010053,410,False,325,False,239,False,12,False,9,False,57,False,28,False,0,False,31,False,263,False,223,False,131,False,5997.74,False,263,False,0
431410005010054,544,False,375,False,322,False,18,False,12,False,70,False,86,False,0,False,59,False,292,False,274,False,216,False,5402.69,False,292,False,0
431410005010055,761,False,466,False,402,False,43,False,29,False,59,False,70,False,84,False,71,False,392,False,383,False,367,False,5504.76,False,392,False,0
431410005010056,0,False,0,False,0,False,0,False,0,False,0,False,0,False,0,False,0,False,0,False,0,False,0,False,0.0,False,0,False,0
431410005020001,634,False,263,False,343,False,26,False,27,False,99,False,66,False,0,False,69,False,249,False,249,False,222,False,3260.89,False,249,False,0
431410005020002,1791,False,711,False,912,False,113,False,126,False,168,False,69,False,0,False,508,False,651,False,649,False,207,False,2582.15,False,651,False,0
431410005020003,411,False,177,False,207,False,28,False,24,False,45,False,36,False,0,False,104,False,154,False,152,False,,True,2172.83,False,154,False,0
431410005020004,567,False,250,False,302,False,27,False,37,False,78,False,41,False,0,False,99,False,216,False,216,False,0,False,3450.71,False,216,False,0
431410005020005,136,False,54,False,73,False,,True,,True,16,False,28,False,0,False,,True,50,False,50,False,0,False,6304.32,False,50,False,0
431410005020006,519,False,250,False,290,False,17,False,26,False,81,False,65,False,0,False,75,False,221,False,221,False,112,False,3838.36,False,221,False,0
431410005020007,766,False,342,False,393,False,32,False,43,False,93,False,78,False,0,False,226,False,306,False,304,False,235,False,2740.02,False,306,False,0
431410005020008,693,False,422,False,385,False,23,False,25,False,78,False,73,False,0,False,104,False,308,False,307,False,124,False,5251.59,False,308,False,0
431410005020009,751,False,431,False,410,False,32,False,29,False,95,False,67,False,0,False,100,False,375,False,372,False,363,False,4835.38,False,375,False,0
431410005020010,635,False,351,False,346,False,27,False,34,False,95,False,61,False,,True,69,False,246,False,244,False,158,False,6931.35,False,246,False,0
431410005020011,984,False,393,False,497,False,42,False,51,False,111,False,80,False,0,False,139,False,351,False,351,False,8,False,5300.38,False,351,False,0
431410005020012,683,False,275,False,357,False,29,False,38,False,71,False,48,False,,True,177,False,244,False,241,False,7,False,2971.89,False,244,False,0
431410005020013,1091,False,476,False,581,False,56,False,74,False,114,False,95,False,,True,194,False,406,False,402,False,47,False,3970.51,False,406,False,0
431410005020014,761,False,320,False,415,False,30,False,32,False,143,False,85,False,,True,161,False,296,False,296,False,92,False,3291.49,False,296,False,0
431410005020015,983,False,385,False,498,False,46,False,68,False,110,False,91,False,4,False,151,False,359,False,336,False,111,False,4917.92,False,359,False,0
431410005020016,721,False,341,False,379,False,38,False,30,False,74,False,85,False,0,False,83,False,321,False,321,False,44,False,3648.86,False,321,False,0
431410005020017,41,False,19,False,23,False,,True,,True,,True,,True,0,False,0,False,16,False,16,False,3,False,2366.8,False,16,False,0
431410005020018,587,False,256,False,316,False,23,False,33,False,76,False,66,False,0,False,123,False,241,False,241,False,143,False,2579.93,False,241,False,0
431410005020019,595,False,242,False,317,False,35,False,30,False,69,False,47,False,0,False,140,False,225,False,225,False,91,False,2838.87,False,225,False,0
431410005020020,895,False,379,False,451,False,54,False,53,False,92,False,84,False,0,False,187,False,328,False,327,False,,True,2802.41,False,328,False,0
431410005020021,841,False,401,False,458,False,31,False,36,False,107,False,90,False,,True,179,False,356,False,348,False,168,False,5111.38,False,356,False,0
431410005020022,896,False,421,False,453,False,44,False,44,False,115,False,88,False,,True,215,False,360,False,360,False,198,False,3509.59,False,360,False,0
431410005020023,398,False,181,False,205,False,21,False,23,False,51,False,53,False,0,False,69,False,153,False,153,False,54,False,3635.08,False,153,False,0
431410005020024,298,False,147,False,147,False,19,False,20,False,29,False,35,False,0,False,76,False,126,False,126,False,15,False,3192.89,False,126,False,0
431410005020025,459,False,172,False,232,False,26,False,25,False,43,False,28,False,,True,106,False,164,False,162,False,9,False,3047.59,False,164,False,0
431410005020026,526,False,287,False,281,False,26,False,28,False,45,False,51,False,,True,46,False,237,False,236,False,225,False,8132.74,False,237,False,0
431410005020027,452,False,219,False,255,False,15,False,25,False,65,False,57,False,0,False,97,False,194,False,193,False,142,False,2849.25,False,194,False,0
431410005020028,546,False,322,False,336,False,25,False,28,False,44,False,19,False,0,False,104,False,272,False,272,False,258,False,2799.3,False,272,False,0
431410005030001,1268,False,489,False,673,False,96,False,123,False,75,False,55,False,0,False,432,False,459,False,459,False,200,False,2317.23,False,459,False,0
431410005030002,547,False,209,False,260,False,21,False,42,False,69,False,43,False,,True,212,False,191,False,191,False,47,False,2494.84,False,191,False,0
431410005030003,850,False,366,False,446,False,50,False,49,False,93,False,64,False,0,False,258,False,334,False,334,False,87,False,2842.28,False,334,False,0
431410005030004,1002,False,391,False,522,False,55,False,73,False,79,False,70,False,0,False,284,False,361,False,361,False,134,False,2495.6,False,361,False,0
431410005030005,1224,False,467,False,631,False,69,False,78,False,120,False,71,False,,True,344,False,435,False,432,False,136,False,2674.31,False,435,False,0
431410005030006,1632,False,659,False,867,False,112,False,120,False,124,False,93,False,3,False,404,False,607,False,603,False,227,False,2501.63,False,607,False,0
431410005030007,578,False,235,False,305,False,28,False,38,False,69,False,50,False,0,False,82,False,209,False,209,False,9,False,2980.08,False,209,False,0
431410005030008,672,False,281,False,343,False,49,False,53,False,52,False,46,False,0,False,133,False,255,False,255,False,3,False,3182.57,False,255,False,0
431410005030009,499,False,228,False,266,False,22,False,28,False,63,False,69,False,0,False,105,False,199,False,198,False,43,False,4032.65,False,199,False,0
431410005030010,1011,False,474,False,512,False,66,False,64,False,92,False,69,False,,True,129,False,409,False,405,False,74,False,2894.0,False,409,False,0
431410005030011,389,False,186,False,204,False,15,False,17,False,64,False,45,False,0,False,62,False,171,False,171,False,34,False,4511.81,False,171,False,0
431410005030012,741,False,348,False,421,False,37,False,36,False,88,False,123,False,0,False,101,False,315,False,313,False,139,False,5582.19,False,315,False,0
431410005030013,361,False,167,False,187,False,26,False,13,False,49,False,32,False,0,False,,True,152,False,152,False,131,False,8173.91,False,152,False,0
431410005030014,593,False,236,False,321,False,25,False,37,False,74,False,81,False,0,False,69,False,207,False,206,False,98,False,3189.25,False,207,False,0
431410005030015,995,False,405,False,514,False,71,False,66,False,97,False,93,False,0,False,221,False,370,False,366,False,113,False,3211.31,False,370,False,0
431410005030016,1129,False,451,False,587,False,64,False,66,False,117,False,86,False,3,False,99,False,415,False,413,False,126,False,2507.47,False,415,False,0
431410005030017,1248,False,524,False,676,False,79,False,97,False,101,False,96,False,0,False,100,False,483,False,477,False,211,False,3078.64,False,483,False,0
431410005030018,757,False,344,False,393,False,41,False,51,False,83,False,58,False,,True,151,False,289,False,289,False,44,False,2825.95,False,289,False,0
431410005030019,746,False,367,False,412,False,45,False,33,False,99,False,81,False,,True,100,False,315,False,315,False,119,False,3521.36,False,315,False,0
431410005030020,418,False,170,False,218,False,31,False,26,False,43,False,20,False,0,False,116,False,145,False,144,False,13,False,2499.37,False,145,False,0
431410005030021,100,False,40,False,49,False,9,False,,True,,True,,True,0,False,,True,35,False,35,False,0,False,2585.29,False,35,False,0
431410005030023,629,False,257,False,333,False,42,False,42,False,37,False,56,False,0,False,76,False,239,False,239,False,35,False,2974.79,False,239,False,0
431410005030024,804,False,337,False,400,False,51,False,51,False,100,False,44,False,0,False,211,False,298,False,294,False,48,False,2482.25,False,298,False,0
431410005030025,788,False,398,False,403,False,29,False,41,False,71,False,57,False,0,False,168,False,348,False,347,False,23,False,3316.73,False,348,False,0
431410005030026,496,False,219,False,253,False,47,False,37,False,27,False,16,False,0,False,125,False,180,False,180,False,0,False,2342.86,False,180,False,0
431410005030027,987,False,407,False,511,False,66,False,58,False,98,False,36,False,0,False,242,False,353,False,352,False,47,False,3264.85,False,353,False,0
431410005040001,1584,False,619,False,781,False,140,False,154,False,122,False,79,False,5,False,702,False,550,False,500,False,117,False,2359.18,False,550,False,0
431410005040002,964,False,472,False,472,False,54,False,53,False,89,False,55,False,5,False,168,False,399,False,397,False,14,False,3503.16,False,399,False,0
431410005040003,507,False,243,False,252,False,31,False,21,False,47,False,23,False,,True,98,False,200,False,188,False,69,False,3171.87,False,200,False,0
431410005040004,953,False,385,False,490,False,39,False,41,False,121,False,121,False,0,False,121,False,362,False,359,False,92,False,3742.42,False,362,False,0
431410005040005,930,False,411,False,500,False,37,False,42,False,103,False,91,False,0,False,110,False,378,False,370,False,280,False,4108.56,False,378,False,0
431410005040010,644,False,295,False,332,False,30,False,41,False,82,False,66,False,0,False,66,False,259,False,253,False,235,False,5362.39,False,259,False,0
431410005040011,105,False,55,False,50,False,13,False,,True,10,False,,True,,True,,True,46,False,39,False,10,False,1748.18,False,46,False,0
431410005040012,901,False,357,False,479,False,59,False,54,False,68,False,34,False,0,False,139,False,322,False,319,False,9,False,3677.35,False,322,False,0
431410005040014,0,False,0,False,0,False,0,False,0,False,0,False,0,False,0,False,0,False,0,False,0,False,0,False,0.0,False,0,False,0
431410005040015,839,False,387,False,453,False,43,False,39,False,90,False,100,False,0,False,118,False,338,False,338,False,306,False,5612.52,False,338,False,0
431410005040016,473,False,230,False,247,False,31,False,41,False,40,False,36,False,0,False,131,False,182,False,181,False,179,False,3116.15,False,182,False,0
431410005040017,1008,False,431,False,509,False,80,False,77,False,83,False,46,False,0,False,291,False,378,False,378,False,111,False,3916.76,False,378,False,0
431410005040018,1352,False,541,False,683,False,99,False,114,False,88,False,51,False,4,False,423,False,483,False,466,False,76,False,2698.76,False,483,False,0
431410005040019,889,False,453,False,477,False,58,False,53,False,57,False,27,False,0,False,197,False,370,False,368,False,123,False,3869.35,False,370,False,0
431410005040020,642,False,273,False,356,False,32,False,29,False,66,False,58,False,,True,49,False,238,False,236,False,203,False,4094.28,False,238,False,0
431410005040021,421,False,197,False,225,False,21,False,30,False,55,False,43,False,0,False,102,False,173,False,170,False,124,False,3746.02,False,173,False,0
431410005040022,289,False,103,False,139,False,25,False,27,False,23,False,15,False,0,False,107,False,102,False,96,False,9,False,2194.51,False,102,False,0
431410005040023,654,False,272,False,344,False,56,False,51,False,44,False,33,False,0,False,231,False,241,False,238,False,21,False,2364.49,False,241,False,0
431410005040024,616,False,244,False,313,False,61,False,53,False,37,False,25,False,0,False,249,False,221,False,205,False,28,False,1923.23,False,221,False,0
431410005050001,1034,False,430,False,521,False,75,False,76,False,96,False,63,False,0,False,272,False,379,False,377,False,99,False,2501.1,False,379,False,0
431410005050002,1362,False,544,False,733,False,104,False,115,False,91,False,50,False,0,False,351,False,473,False,462,False,117,False,2500.35,False,473,False,0
431410005050004,1558,False,880,False,810,False,117,False,134,False,119,False,68,False,0,False,475,False,549,False,537,False,47,False,2636.25,False,549,False,0
431410005050005,964,False,396,False,500,False,62,False,65,False,91,False,68,False,0,False,245,False,365,False,363,False,74,False,2550.64,False,365,False,0
431410005050009,603,False,225,False,331,False,35,False,55,False,50,False,32,False,0,False,163,False,208,False,208,False,51,False,2374.97,False,208,False,0
431410005050010,434,False,1,False,,True,,True,,True,,True,,True,,True,,True,,True,,True,,True,,True,,True,0
431410005050011,884,False,406,False,455,False,49,False,71,False,88,False,68,False,0,False,262,False,364,False,364,False,217,False,2218.47,False,364,False,0
431410005050012,622,False,369,False,325,False,26,False,49,False,62,False,38,False,0,False,123,False,311,False,311,False,302,False,2516.36,False,311,False,0
431410005050013,1721,False,678,False,874,False,144,False,147,False,100,False,48,False,0,False,418,False,621,False,619,False,111,False,2539.38,False,621,False,0
431410005050014,1130,False,428,False,554,False,113,False,122,False,50,False,17,False,0,False,236,False,385,False,383,False,123,False,4957.99,False,385,False,0
431410005050016,319,False,107,False,163,False,31,False,30,False,10,False,10,False,0,False,128,False,98,False,97,False,31,False,1607.41,False,98,False,0
431410005050018,525,False,320,False,265,False,51,False,25,False,,True,,True,0,False,131,False,247,False,245,False,223,False,3291.49,False,247,False,0
431410005050019,540,False,322,False,289,False,39,False,27,False,,True,,True,0,False,167,False,274,False,274,False,263,False,3221.11,False,274,False,0
431410005050020,1269,False,446,False,674,False,117,False,123,False,84,False,33,False,0,False,503,False,404,False,401,False,63,False,2108.64,False,404,False,0
431410005050021,473,False,156,False,240,False,69,False,66,False,18,False,9,False,5,False,292,False,140,False,139,False,0,False,1178.99,False,140,False,0
431410005050022,1102,False,405,False,577,False,104,False,94,False,85,False,39,False,3,False,389,False,375,False,373,False,111,False,2080.22,False,375,False,0
431410005050023,578,False,204,False,295,False,81,False,77,False,16,False,10,False,,True,300,False,187,False,184,False,7,False,1591.38,False,187,False,0
431410005060001,254,False,137,False,138,False,,True,11,False,31,False,33,False,0,False,28,False,125,False,125,False,120,False,4207.55,False,125,False,0
431410005060002,166,False,69,False,87,False,8,False,,True,18,False,23,False,0,False,18,False,63,False,63,False,57,False,3669.66,False,63,False,0
431410005060003,747,False,356,False,387,False,25,False,41,False,97,False,94,False,0,False,182,False,298,False,297,False,240,False,3414.64,False,298,False,0
431410005060004,263,False,114,False,138,False,17,False,21,False,27,False,26,False,0,False,82,False,96,False,95,False,74,False,2619.63,False,96,False,0
431410005060005,627,False,239,False,315,False,49,False,48,False,55,False,42,False,0,False,221,False,216,False,216,False,165,False,2464.47,False,216,False,0
431410005060006,46,False,20,False,26,False,,True,,True,6,False,,True,0,False,,True,18,False,18,False,16,False,2034.22,False,18,False,0
431410005070001,117,False,60,False,63,False,7,False,8,False,9,False,,True,0,False,21,False,54,False,54,False,34,False,7560.0,False,54,False,0
431410005070002,393,False,293,False,230,False,28,False,18,False,32,False,62,False,,True,35,False,166,False,166,False,34,False,5318.32,False,166,False,0
431410005070003,795,False,496,False,461,False,34,False,24,False,113,False,79,False,0,False,123,False,368,False,368,False,197,False,4689.36,False,368,False,0
431410005070004,366,False,206,False,215,False,14,False,17,False,54,False,40,False,0,False,33,False,164,False,164,False,84,False,4789.58,False,164,False,0
431410005070005,666,False,305,False,355,False,30,False,22,False,114,False,98,False,0,False,107,False,284,False,282,False,43,False,2936.21,False,284,False,0
431410005070006,1770,False,649,False,902,False,94,False,130,False,162,False,138,False,0,False,262,False,616,False,616,False,410,False,5375.74,False,616,False,0
431410005070007,52,False,24,False,28,False,,True,,True,9,False,,True,0,False,17,False,23,False,23,False,0,False,2443.48,False,23,False,0
431410005070008,513,False,218,False,275,False,23,False,32,False,74,False,82,False,,True,50,False,192,False,184,False,14,False,12729.99,False,192,False,0
431410005070009,717,False,304,False,374,False,45,False,29,False,73,False,73,False,,True,97,False,283,False,278,False,76,False,8186.33,False,283,False,0
431410005070010,87,False,53,False,45,False,,True,,True,,True,9,False,0,False,18,False,42,False,42,False,35,False,5276.03,False,42,False,0
431410005070011,619,False,302,False,324,False,22,False,31,False,65,False,90,False,0,False,85,False,239,False,238,False,140,False,4381.89,False,239,False,0
431410005070012,171,False,23,False,97,False,,True,7,False,19,False,100,False,0,False,16,False,21,False,21,False,19,False,2208.57,False,21,False,0
431410005070013,266,False,112,False,135,False,17,False,21,False,38,False,17,False,0,False,78,False,89,False,88,False,46,False,2014.52,False,89,False,0
431410005070014,1197,False,545,False,628,False,67,False,80,False,162,False,114,False,0,False,202,False,471,False,471,False,219,False,4572.23,False,471,False,0
431410005070015,307,False,132,False,168,False,11,False,16,False,47,False,53,False,0,False,72,False,117,False,117,False,37,False,4178.56,False,117,False,0
431410005070016,358,False,141,False,185,False,13,False,15,False,56,False,35,False,,True,45,False,132,False,130,False,46,False,6542.13,False,132,False,0
431410005080002,1399,False,607,False,721,False,87,False,101,False,113,False,82,False,0,False,392,False,547,False,544,False,36,False,2996.3,False,547,False,0
431410005080004,1897,False,734,False,962,False,158,False,169,False,104,False,91,False,4,False,542,False,641,False,618,False,218,False,2096.53,False,641,False,0
431410005080005,460,False,175,False,235,False,23,False,36,False,50,False,36,False,0,False,151,False,154,False,152,False,29,False,2312.48,False,154,False,0
431410005080007,1990,False,768,False,1013,False,185,False,163,False,99,False,53,False,0,False,748,False,726,False,726,False,154,False,2452.04,False,726,False,0
431410005080008,494,False,300,False,247,False,40,False,30,False,12,False,,True,0,False,107,False,241,False,241,False,19,False,3138.2,False,241,False,0
431410005080009,771,False,331,False,382,False,43,False,54,False,88,False,54,False,,True,164,False,296,False,294,False,69,False,2373.19,False,296,False,0
431410005080010,930,False,281,False,486,False,100,False,106,False,49,False,28,False,,True,484,False,271,False,271,False,210,False,1821.1,False,271,False,0
431410005080011,673,False,334,False,353,False,58,False,41,False,35,False,12,False,,True,202,False,307,False,306,False,151,False,3106.96,False,307,False,0
431410005080012,885,False,384,False,467,False,86,False,75,False,34,False,16,False,0,False,271,False,347,False,346,False,235,False,2628.47,False,347,False,0
431410005090001,1532,False,511,False,784,False,157,False,165,False,73,False,46,False,0,False,346,False,481,False,413,False,37,False,1694.66,False,481,False,0
431410005090002,1669,False,599,False,827,False,158,False,155,False,78,False,61,False,,True,414,False,557,False,549,False,10,False,2535.21,False,557,False,0
431410005090003,1732,False,612,False,876,False,141,False,160,False,103,False,55,False,0,False,652,False,578,False,575,False,95,False,2043.14,False,578,False,0
431410005090004,348,False,121,False,157,False,39,False,39,False,15,False,10,False,0,False,60,False,108,False,106,False,6,False,1864.8,False,108,False,0
431410005090005,802,False,327,False,426,False,60,False,66,False,64,False,49,False,0,False,250,False,285,False,280,False,48,False,2460.87,False,285,False,0
431410005090006,592,False,232,False,294,False,45,False,60,False,36,False,25,False,0,False,236,False,214,False,209,False,60,False,2233.03,False,214,False,0
431410005090007,769,False,276,False,371,False,68,False,87,False,37,False,29,False,0,False,139,False,254,False,247,False,13,False,2081.34,False,254,False,0
431410005090008,537,False,193,False,279,False,51,False,50,False,32,False,39,False,0,False,78,False,182,False,182,False,5,False,1886.46,False,182,False,0
431410005090009,100,False,14,False,34,False,,True,,True,,True,8,False,0,False,,True,13,False,12,False,0,False,3915.38,False,13,False,0
431410005090011,797,False,300,False,420,False,48,False,54,False,88,False,72,False,0,False,87,False,285,False,285,False,14,False,2922.01,False,285,False,0
431410005090012,117,False,56,False,52,False,7,False,8,False,7,False,,True,0,False,,True,46,False,40,False,,True,4191.74,False,46,False,0
431410005090013,631,False,242,False,315,False,56,False,52,False,50,False,16,False,0,False,212,False,219,False,219,False,15,False,1980.56,False,219,False,0
431410005090014,1366,False,508,False,705,False,138,False,110,False,63,False,46,False,0,False,517,False,454,False,453,False,26,False,2195.61,False,454,False,0
431410005100002,1335,False,519,False,700,False,80,False,106,False,131,False,77,False,0,False,516,False,483,False,476,False,364,False,2010.25,False,483,False,0
431410005100003,294,False,118,False,144,False,21,False,23,False,28,False,16,False,0,False,102,False,107,False,107,False,67,False,2529.97,False,107,False,0
431410005100004,959,False,383,False,486,False,69,False,63,False,103,False,70,False,0,False,295,False,348,False,347,False,310,False,2612.45,False,348,False,0
431410005100005,1206,False,471,False,597,False,92,False,94,False,70,False,46,False,0,False,314,False,446,False,444,False,323,False,3870.22,False,446,False,0
431410005100006,1090,False,434,False,542,False,122,False,95,False,42,False,20,False,,True,205,False,385,False,385,False,282,False,6824.37,False,385,False,0
431410005110001,0,False,0,False,0,False,0,False,0,False,0,False,0,False,0,False,0,False,0,False,0,False,0,False,0.0,False,0,False,0
431410005110002,1690,False,684,False,851,False,113,False,126,False,129,False,94,False,10,False,445,False,593,False,592,False,327,False,2487.44,False,593,False,0
431410005110003,1149,False,491,False,590,False,62,False,57,False,126,False,116,False,0,False,231,False,459,False,459,False,388,False,2438.89,False,459,False,0
431410005110004,953,False,399,False,506,False,49,False,60,False,111,False,66,False,0,False,203,False,366,False,366,False,350,False,2434.01,False,366,False,0
431410005110005,814,False,322,False,414,False,44,False,69,False,81,False,53,False,0,False,255,False,297,False,297,False,277,False,2265.61,False,297,False,0
431410005110006,1184,False,504,False,617,False,61,False,88,False,119,False,75,False,0,False,305,False,448,False,448,False,433,False,2500.32,False,448,False,0
431410005110007,787,False,292,False,406,False,60,False,67,False,49,False,32,False,0,False,251,False,263,False,260,False,247,False,3128.98,False,263,False,0
431410005110008,494,False,192,False,247,False,33,False,35,False,64,False,39,False,0,False,107,False,174,False,174,False,167,False,2596.83,False,174,False,0
431410005110010,698,False,269,False,346,False,44,False,55,False,70,False,37,False,,True,267,False,250,False,247,False,207,False,2246.78,False,250,False,0
431410005110011,0,False,0,False,0,False,0,False,0,False,0,False,0,False,0,False,0,False,0,False,0,False,0,False,0.0,False,0,False,0
431410005110012,688,False,277,False,374,False,60,False,73,False,33,False,25,False,0,False,171,False,230,False,228,False,205,False,5093.46,False,230,False,0
431410005110013,0,False,0,False,0,False,0,False,0,False,0,False,0,False,0,False,0,False,0,False,0,False,0,False,0.0,False,0,False,0
431410005110014,613,False,517,False,311,False,43,False,34,False,39,False,18,False,0,False,157,False,248,False,246,False,228,False,4392.79,False,248,False,0
431410005110015,899,False,687,False,474,False,36,False,37,False,87,False,59,False,0,False,163,False,420,False,417,False,10,False,2690.19,False,420,False,0
431410005120001,577,False,392,False,327,False,27,False,25,False,57,False,52,False,0,False,61,False,295,False,287,False,273,False,5076.91,False,295,False,0
431410005120002,88,False,42,False,52,False,,True,,True,8,False,11,False,0,False,14,False,37,False,37,False,36,False,2981.26,False,37,False,0
431410005120003,357,False,178,False,200,False,27,False,12,False,33,False,38,False,0,False,46,False,146,False,146,False,87,False,8319.39,False,146,False,0
431410005120004,1291,False,700,False,685,False,72,False,84,False,125,False,104,False,0,False,145,False,520,False,520,False,466,False,5250.63,False,520,False,0
431410005120005,827,False,322,False,452,False,46,False,59,False,88,False,59,False,0,False,181,False,300,False,299,False,286,False,2193.0,False,300,False,0
431410005120006,868,False,351,False,439,False,35,False,58,False,106,False,85,False,0,False,179,False,326,False,325,False,270,False,2727.73,False,326,False,0
431410005120007,1022,False,418,False,525,False,54,False,43,False,114,False,104,False,0,False,176,False,383,False,378,False,203,False,3505.44,False,383,False,0
431410005120008,1078,False,471,False,580,False,45,False,40,False,148,False,153,False,,True,116,False,425,False,387,False,337,False,4401.34,False,425,False,0
431410005120009,73,False,41,False,37,False,7,False,,True,7,False,,True,0,False,,True,31,False,31,False,18,False,6097.16,False,31,False,0
431410005120010,216,False,97,False,117,False,10,False,11,False,32,False,31,False,0,False,35,False,88,False,88,False,44,False,4464.05,False,88,False,0
431410005120011,1183,False,463,False,613,False,67,False,71,False,140,False,103,False,0,False,282,False,440,False,440,False,43,False,2901.9,False,440,False,0
431410005120012,1282,False,514,False,666,False,62,False,83,False,116,False,77,False,,True,313,False,463,False,462,False,101,False,2521.83,False,463,False,0
431410005120013,1120,False,414,False,592,False,73,False,76,False,105,False,90,False,0,False,239,False,390,False,386,False,94,False,3229.92,False,390,False,0
431410005120014,510,False,181,False,257,False,47,False,30,False,38,False,36,False,0,False,100,False,162,False,159,False,,True,1925.63,False,162,False,0
431410005120015,90,False,37,False,46,False,11,False,11,False,,True,,True,,True,31,False,30,False,28,False,0,False,2247.47,False,30,False,0
431410005120016,1325,False,546,False,696,False,71,False,75,False,140,False,84,False,0,False,326,False,496,False,495,False,22,False,3391.33,False,496,False,0
431410005130001,23,False,10,False,10,False,,True,0,False,,True,0,False,0,False,,True,7,False,,True,0,False,2019.0,False,7,False,0
431410005130002,1819,False,718,False,909,False,146,False,129,False,137,False,97,False,13,False,659,False,661,False,634,False,23,False,2420.74,False,661,False,0
431410005130003,276,False,124,False,137,False,19,False,15,False,34,False,19,False,0,False,,True,108,False,68,False,17,False,2445.22,False,108,False,0
431410005130004,34,False,29,False,16,False,,True,0,False,7,False,,True,0,False,5,False,15,False,0,False,0,False,2164.0,False,15,False,0
431410005130005,294,False,124,False,151,False,17,False,25,False,22,False,17,False,0,False,56,False,115,False,108,False,8,False,2909.72,False,115,False,0
431410005130006,3,False,3,False,,True,,True,,True,,True,,True,,True,,True,,True,,True,,True,,True,,True,0
431410005140001,2136,False,873,False,1127,False,147,False,138,False,167,False,104,False,3,False,548,False,806,False,787,False,39,False,2691.23,False,806,False,0
431410005140002,46,False,5,False,,True,,True,,True,,True,,True,,True,,True,,True,,True,,True,,True,,True,0
431410005150001,692,False,314,False,379,False,42,False,36,False,77,False,81,False,0,False,159,False,268,False,263,False,220,False,3023.44,False,268,False,0
431410005150002,476,False,211,False,252,False,20,False,29,False,77,False,59,False,0,False,80,False,192,False,191,False,173,False,4953.29,False,192,False,0
431410005150003,533,False,272,False,301,False,23,False,23,False,48,False,56,False,0,False,52,False,236,False,236,False,205,False,5014.14,False,236,False,0
431410005150004,753,False,295,False,393,False,43,False,45,False,77,False,62,False,0,False,143,False,270,False,269,False,230,False,4411.29,False,270,False,0
431410005150005,646,False,267,False,328,False,31,False,42,False,65,False,53,False,0,False,205,False,235,False,235,False,151,False,3133.45,False,235,False,0
431410005150006,947,False,448,False,519,False,67,False,46,False,95,False,125,False,0,False,121,False,356,False,353,False,323,False,9394.68,False,356,False,0
431410005150007,490,False,228,False,262,False,27,False,25,False,55,False,39,False,,True,83,False,205,False,201,False,104,False,3169.56,False,205,False,0
431410005150008,487,False,226,False,250,False,25,False,27,False,47,False,62,False,0,False,45,False,194,False,193,False,185,False,8387.98,False,194,False,0
431410005150009,169,False,98,False,93,False,15,False,,True,,True,,True,0,False,12,False,89,False,89,False,86,False,6624.21,False,89,False,0
431410005150010,460,False,209,False,234,False,20,False,27,False,51,False,76,False,0,False,87,False,184,False,184,False,73,False,2979.33,False,184,False,0
431410005160001,827,False,310,False,445,False,77,False,70,False,63,False,40,False,0,False,315,False,290,False,290,False,274,False,1798.03,False,290,False,0
431410005160002,755,False,320,False,409,False,46,False,55,False,65,False,49,False,0,False,310,False,271,False,270,False,27,False,2103.08,False,271,False,0
431410005160003,1204,False,459,False,622,False,99,False,94,False,76,False,49,False,0,False,476,False,408,False,407,False,116,False,1820.84,False,408,False,0
431410005160004,310,False,147,False,175,False,17,False,18,False,23,False,14,False,0,False,144,False,126,False,125,False,6,False,1895.24,False,126,False,0
431410005160005,0,False,0,False,0,False,0,False,0,False,0,False,0,False,0,False,0,False,0,False,0,False,0,False,0.0,False,0,False,0
431410005160006,237,False,77,False,110,False,29,False,27,False,13,False,10,False,0,False,15,False,75,False,71,False,66,False,22417.57,False,75,False,0
431410005160008,103,False,53,False,44,False,10,False,,True,6,False,,True,0,False,47,False,31,False,0,False,0,False,2321.29,False,31,False,0
431410005160009,1091,False,448,False,545,False,122,False,133,False,49,False,19,False,0,False,512,False,371,False,107,False,6,False,1711.62,False,371,False,0
431410005170003,287,False,112,False,148,False,23,False,26,False,18,False,10,False,0,False,125,False,95,False,93,False,56,False,2210.72,False,95,False,0
431410005170004,746,False,314,False,386,False,41,False,46,False,66,False,46,False,0,False,146,False,264,False,264,False,49,False,1903.56,False,264,False,0
431410005170006,1047,False,420,False,530,False,73,False,89,False,87,False,53,False,0,False,183,False,355,False,354,False,39,False,1484.29,False,355,False,0
431410005170007,2,False,1,False,,True,,True,,True,,True,,True,,True,,True,,True,,True,,True,,True,,True,0
431410005170008,3,False,1,False,,True,,True,,True,,True,,True,,True,,True,,True,,True,,True,,True,,True,0
431410005170009,685,False,229,False,331,False,73,False,66,False,34,False,17,False,,True,126,False,212,False,58,False,7,False,2246.5,False,212,False,0
431410005170010,320,False,113,False,141,False,32,False,37,False,12,False,,True,0,False,111,False,105,False,21,False,,True,1910.04,False,105,False,0
431410005170011,894,False,344,False,457,False,72,False,66,False,69,False,41,False,0,False,253,False,304,False,301,False,121,False,1432.59,False,304,False,0
431410005170012,7,False,3,False,,True,,True,,True,,True,,True,,True,,True,,True,,True,,True,,True,,True,0
431410005170013,940,False,379,False,480,False,65,False,69,False,86,False,52,False,0,False,105,False,335,False,335,False,26,False,1773.63,False,335,False,0
431410005170014,230,False,81,False,117,False,21,False,18,False,13,False,6,False,0,False,39,False,68,False,68,False,12,False,1377.65,False,68,False,0
431410005180001,649,False,260,False,343,False,39,False,35,False,70,False,52,False,,True,240,False,243,False,242,False,126,False,2340.55,False,243,False,0
431410005180002,234,False,93,False,131,False,14,False,12,False,30,False,16,False,0,False,61,False,85,False,84,False,28,False,2672.14,False,85,False,0
431410005180003,833,False,337,False,449,False,54,False,50,False,108,False,73,False,0,False,353,False,309,False,309,False,309,False,3492.79,False,309,False,0
431410005180004,247,False,102,False,144,False,11,False,22,False,33,False,24,False,,True,46,False,93,False,93,False,40,False,3683.83,False,93,False,0
431410005180005,310,False,135,False,158,False,13,False,22,False,38,False,20,False,0,False,80,False,118,False,118,False,66,False,3696.72,False,118,False,0
431410005180006,736,False,302,False,404,False,38,False,51,False,89,False,85,False,0,False,212,False,283,False,283,False,192,False,3581.69,False,283,False,0
431410005180007,500,False,259,False,279,False,19,False,26,False,52,False,58,False,0,False,76,False,228,False,217,False,124,False,3635.22,False,228,False,0
431410005180008,96,False,87,False,56,False,3,False,,True,10,False,,True,0,False,15,False,45,False,44,False,3,False,5260.2,False,45,False,0
431410005180009,552,False,246,False,291,False,29,False,23,False,71,False,64,False,0,False,124,False,223,False,223,False,197,False,2865.42,False,223,False,0
431410005180010,360,False,150,False,181,False,24,False,22,False,47,False,30,False,,True,81,False,135,False,134,False,47,False,3492.49,False,135,False,0
431410005180011,905,False,390,False,483,False,57,False,77,False,83,False,42,False,0,False,251,False,368,False,365,False,138,False,3509.7,False,368,False,0
431410005180012,841,False,356,False,450,False,37,False,54,False,96,False,103,False,0,False,138,False,312,False,312,False,298,False,2661.74,False,312,False,0
431410005180013,1114,False,414,False,555,False,89,False,99,False,89,False,48,False,0,False,622,False,361,False,357,False,211,False,2711.79,False,361,False,0
431410005190001,199,False,98,False,106,False,15,False,9,False,9,False,10,False,0,False,28,False,86,False,83,False,74,False,9387.2,False,86,False,0
431410005190002,870,False,502,False,474,False,42,False,48,False,93,False,94,False,0,False,53,False,354,False,330,False,333,False,9419.38,False,354,False,0
431410005190003,69,False,36,False,36,False,,True,,True,11,False,,True,0,False,16,False,30,False,30,False,26,False,6186.67,False,30,False,0
431410005190004,83,False,40,False,40,False,0,False,,True,13,False,16,False,0,False,,True,35,False,32,False,35,False,4562.86,False,35,False,0
431410005190005,505,False,226,False,266,False,29,False,37,False,74,False,43,False,0,False,149,False,193,False,192,False,171,False,3546.26,False,193,False,0
431410005190007,219,False,102,False,115,False,,True,8,False,42,False,32,False,0,False,40,False,88,False,87,False,82,False,3907.15,False,88,False,0
431410005190008,153,False,75,False,84,False,,True,6,False,24,False,21,False,0,False,,True,68,False,68,False,67,False,5192.84,False,68,False,0
431410005190009,97,False,43,False,55,False,,True,,True,16,False,19,False,0,False,,True,38,False,38,False,35,False,7620.39,False,38,False,0
431410005190010,174,False,86,False,92,False,6,False,8,False,23,False,22,False,0,False,,True,72,False,70,False,72,False,5428.2,False,72,False,0
431410005190011,374,False,226,False,212,False,22,False,16,False,33,False,41,False,0,False,34,False,159,False,131,False,140,False,7596.13,False,159,False,0
431410005190012,493,False,277,False,269,False,20,False,25,False,42,False,59,False,0,False,41,False,207,False,207,False,203,False,6945.8,False,207,False,0
431410005190013,537,False,244,False,289,False,32,False,21,False,70,False,65,False,0,False,111,False,214,False,214,False,185,False,3931.2,False,214,False,0
431410005190014,583,False,299,False,318,False,30,False,23,False,79,False,82,False,,True,31,False,243,False,191,False,235,False,7335.32,False,243,False,0
431410005190015,189,False,80,False,105,False,8,False,12,False,21,False,17,False,0,False,50,False,65,False,65,False,59,False,3323.68,False,65,False,0
431410005190016,272,False,103,False,133,False,16,False,18,False,15,False,10,False,0,False,102,False,94,False,93,False,50,False,1522.21,False,94,False,0
431410005200001,55,False,30,False,30,False,,True,,True,9,False,6,False,0,False,,True,24,False,24,False,24,False,2302.67,False,24,False,0
431410005200002,805,False,361,False,445,False,43,False,41,False,108,False,83,False,0,False,86,False,317,False,317,False,247,False,2443.67,False,317,False,0
431410005200003,48,False,24,False,26,False,,True,0,False,10,False,,True,0,False,7,False,20,False,20,False,20,False,2396.1,False,20,False,0
431410005200004,967,False,366,False,524,False,54,False,57,False,108,False,111,False,0,False,165,False,352,False,351,False,285,False,2568.52,False,352,False,0
431410005200005,1143,False,516,False,599,False,68,False,74,False,113,False,96,False,4,False,167,False,457,False,456,False,394,False,5376.56,False,457,False,0
431410005200006,635,False,273,False,350,False,21,False,28,False,81,False,86,False,,True,87,False,257,False,257,False,243,False,3804.18,False,257,False,0
431410005200007,132,False,56,False,73,False,,True,,True,16,False,22,False,0,False,31,False,48,False,48,False,46,False,3092.98,False,48,False,0
431410005200008,776,False,304,False,387,False,52,False,58,False,66,False,64,False,0,False,176,False,283,False,283,False,274,False,2315.95,False,283,False,0
431410005210001,403,False,185,False,212,False,13,False,19,False,55,False,57,False,6,False,70,False,155,False,151,False,20,False,4026.58,False,155,False,0
431410005210002,853,False,397,False,454,False,28,False,41,False,91,False,114,False,12,False,124,False,352,False,350,False,172,False,3601.97,False,352,False,0
431410005210003,813,False,353,False,450,False,50,False,54,False,55,False,67,False,0,False,148,False,312,False,149,False,80,False,2338.76,False,312,False,0
431410005210004,195,False,71,False,121,False,10,False,18,False,11,False,59,False,0,False,51,False,56,False,55,False,21,False,2387.55,False,56,False,0
431410005210005,1101,False,511,False,574,False,56,False,66,False,111,False,88,False,0,False,185,False,457,False,435,False,83,False,2546.84,False,457,False,0
431410005210006,851,False,327,False,425,False,52,False,56,False,83,False,60,False,4,False,207,False,314,False,302,False,92,False,2512.3,False,314,False,0
431410005210007,1206,False,432,False,600,False,102,False,106,False,79,False,43,False,0,False,533,False,406,False,404,False,210,False,1791.18,False,406,False,0
431410005210008,1286,False,510,False,668,False,79,False,104,False,152,False,104,False,0,False,252,False,480,False,475,False,224,False,2656.13,False,480,False,0
431410005210009,432,False,183,False,236,False,20,False,33,False,44,False,51,False,0,False,49,False,172,False,172,False,19,False,3080.69,False,172,False,0
431410005220001,1521,False,576,False,825,False,105,False,124,False,142,False,88,False,0,False,366,False,528,False,524,False,6,False,2535.07,False,528,False,0
431410005220002,1628,False,602,False,833,False,139,False,135,False,125,False,66,False,0,False,163,False,571,False,569,False,71,False,3276.57,False,571,False,0
431410005220003,997,False,378,False,501,False,54,False,65,False,113,False,58,False,0,False,117,False,363,False,363,False,30,False,2988.2,False,363,False,0
431410005220004,844,False,312,False,437,False,42,False,60,False,104,False,59,False,,True,202,False,299,False,297,False,123,False,2412.62,False,299,False,0
431410010000001,84,False,61,False,40,False,,True,,True,26,False,17,False,0,False,13,False,40,False,0,False,,True,3600.25,False,40,False,0
431410010000002,305,False,175,False,151,False,20,False,16,False,35,False,43,False,0,False,38,False,121,False,0,False,0,False,5875.68,False,121,False,0
431410010000003,192,False,102,False,96,False,20,False,17,False,14,False,16,False,0,False,,True,60,False,0,False,0,False,4577.72,False,60,False,0
431410017000001,352,False,163,False,188,False,33,False,22,False,34,False,27,False,0,False,,True,128,False,,True,0,False,3105.79,False,128,False,0
431410017000002,753,False,337,False,345,False,40,False,45,False,93,False,60,False,0,False,271,False,259,False,8,False,,True,3238.02,False,259,False,0
431410035000001,114,False,73,False,58,False,7,False,,True,13,False,17,False,0,False,14,False,47,False,47,False,5,False,2825.66,False,47,False,0
431410035000002,269,False,189,False,122,False,20,False,14,False,33,False,31,False,0,False,62,False,102,False,41,False,0,False,4515.34,False,102,False,0
431410040000001,10,False,11,False,,True,,True,,True,,True,,True,,True,,True,,True,,True,,True,,True,,True,0
431410040000002,145,False,64,False,69,False,9,False,,True,24,False,19,False,0,False,,True,55,False,0,False,0,False,4106.33,False,55,False,0
431410040000003,462,False,217,False,209,False,24,False,22,False,81,False,49,False,0,False,54,False,151,False,17,False,0,False,3665.23,False,151,False,0
431410040000006,294,False,129,False,155,False,21,False,18,False,26,False,39,False,0,False,44,False,91,False,15,False,0,False,3463.57,False,91,False,0
431410040000007,464,False,279,False,249,False,26,False,33,False,41,False,30,False,0,False,45,False,179,False,11,False,,True,5349.84,False,179,False,0
431410045000001,112,False,63,False,58,False,,True,8,False,17,False,19,False,0,False,,True,47,False,40,False,,True,2456.67,False,47,False,1
431410045000002,280,False,156,False,135,False,11,False,14,False,52,False,43,False,0,False,34,False,113,False,9,False,0,False,3142.48,False,113,False,0
431410050000001,0,False,4,False,0,False,0,False,0,False,0,False,0,False,0,False,0,False,0,False,0,False,0,False,0.0,False,0,False,0
431410050000002,433,False,326,False,197,False,18,False,17,False,73,False,53,False,0,False,49,False,158,False,23,False,0,False,1627.38,False,158,False,0
431415905000001,754,False,395,False,400,False,44,False,55,False,95,False,91,False,,True,49,False,325,False,319,False,,True,2359.63,False,325,False,1
431415905000002,489,False,241,False,253,False,26,False,35,False,60,False,52,False,,True,28,False,195,False,171,False,0,False,2519.1,False,195,False,1
431415905000003,539,False,252,False,268,False,19,False,30,False,59,False,51,False,0,False,75,False,215,False,214,False,11,False,1888.76,False,215,False,1
431415905000004,605,False,244,False,303,False,36,False,33,False,64,False,100,False,0,False,33,False,224,False,219,False,0,False,3124.35,False,224,False,1
431415905000006,276,False,143,False,127,False,31,False,19,False,32,False,23,False,0,False,19,False,106,False,38,False,0,False,2021.08,False,106,False,1
431415905000007,128,False,75,False,55,False,0,False,,True,16,False,33,False,0,False,0,False,51,False,13,False,0,False,2429.1,False,51,False,1
431415905000008,331,False,161,False,154,False,15,False,17,False,47,False,49,False,0,False,10,False,133,False,98,False,0,False,3347.05,False,133,False,1
431415905000009,104,False,66,False,47,False,,True,,True,21,False,18,False,0,False,0,False,44,False,27,False,0,False,1568.82,False,44,False,1
431415905000010,273,False,144,False,137,False,15,False,12,False,44,False,28,False,0,False,15,False,102,False,91,False,0,False,1804.87,False,102,False,1
431415905000011,212,False,137,False,100,False,10,False,11,False,28,False,29,False,0,False,35,False,87,False,66,False,0,False,1601.85,False,87,False,1
431415905000012,162,False,111,False,71,False,9,False,,True,30,False,13,False,0,False,6,False,66,False,25,False,0,False,1848.17,False,66,False,1
431415905000013,115,False,96,False,58,False,,True,,True,28,False,15,False,0,False,0,False,50,False,27,False,0,False,1594.28,False,50,False,1
431415905000014,286,False,135,False,151,False,20,False,20,False,33,False,21,False,0,False,29,False,109,False,99,False,,True,1828.87,False,109,False,1
431415905000015,242,False,141,False,120,False,14,False,7,False,42,False,35,False,0,False,,True,100,False,82,False,,True,2265.69,False,100,False,1
431415905000016,234,False,121,False,111,False,13,False,11,False,31,False,32,False,0,False,,True,93,False,67,False,0,False,1800.78,False,93,False,1
431415905000017,147,False,101,False,76,False,,True,11,False,21,False,16,False,0,False,,True,59,False,55,False,0,False,1624.28,False,59,False,1
431415905000018,327,False,188,False,164,False,10,False,28,False,36,False,41,False,0,False,89,False,135,False,102,False,4,False,2563.37,False,135,False,1
431415905000019,95,False,51,False,44,False,,True,,True,15,False,12,False,0,False,,True,32,False,21,False,0,False,1605.38,False,32,False,1
431415905000020,176,False,120,False,80,False,8,False,12,False,33,False,18,False,0,False,,True,70,False,26,False,0,False,1549.43,False,70,False,1
431415905000021,256,False,134,False,119,False,8,False,11,False,43,False,29,False,0,False,0,False,100,False,98,False,0,False,1857.43,False,100,False,1
431415905000022,355,False,168,False,188,False,16,False,24,False,34,False,19,False,0,False,28,False,148,False,147,False,0,False,1693.59,False,148,False,1
431415905000023,551,False,239,False,274,False,31,False,43,False,53,False,42,False,0,False,34,False,202,False,200,False,,True,1628.03,False,202,False,1
431415915000001,671,False,300,False,348,False,58,False,54,False,65,False,36,False,4,False,211,False,241,False,238,False,3,False,1578.56,False,241,False,1
431415915000002,589,False,277,False,293,False,37,False,43,False,55,False,46,False,,True,96,False,235,False,233,False,0,False,1754.09,False,235,False,1
431415920000001,61,False,38,False,31,False,,True,,True,9,False,8,False,0,False,,True,27,False,21,False,0,False,2117.26,False,27,False,1
431454805000001,827,False,395,False,422,False,50,False,39,False,129,False,126,False,0,False,75,False,328,False,317,False,5,False,3827.36,False,328,False,1
431454805000002,365,False,183,False,168,False,14,False,12,False,52,False,68,False,0,False,,True,113,False,16,False,0,False,3607.72,False,113,False,1
431454805000003,288,False,133,False,139,False,12,False,16,False,46,False,38,False,0,False,41,False,91,False,,True,0,False,4160.88,False,91,False,1
431454805000005,279,False,97,False,132,False,15,False,19,False,29,False,37,False,13,False,,True,82,False,20,False,0,False,3614.6,False,82,False,1
431454805000006,26,False,19,False,11,False,0,False,0,False,7,False,8,False,0,False,0,False,11,False,0,False,0,False,2957.82,False,11,False,1
431454805000007,44,False,15,False,24,False,,True,,True,5,False,,True,0,False,8,False,14,False,0,False,0,False,3251.71,False,14,False,1
431454805000008,37,False,19,False,18,False,,True,,True,8,False,,True,0,False,0,False,13,False,,True,0,False,4835.31,False,13,False,1
431454805000009,341,False,173,False,177,False,20,False,18,False,51,False,41,False,0,False,,True,112,False,38,False,0,False,3449.0,False,112,False,1
431454805000010,290,False,121,False,151,False,12,False,13,False,46,False,44,False,0,False,34,False,80,False,,True,0,False,3590.73,False,80,False,1
431454805000012,226,False,112,False,108,False,13,False,10,False,26,False,28,False,8,False,,True,75,False,0,False,0,False,4196.73,False,75,False,1
431475305000003,147,False,72,False,79,False,,True,,True,21,False,29,False,0,False,,True,61,False,58,False,0,False,2651.93,False,61,False,1
431475305000004,208,False,121,False,106,False,13,False,7,False,22,False,57,False,0,False,,True,85,False,74,False,0,False,2484.53,False,85,False,1
431475305000006,11,False,5,False,5,False,,True,,True,0,False,,True,0,False,0,False,5,False,5,False,0,False,2740.0,False,5,False,1
431475305000011,120,False,49,False,57,False,10,False,8,False,8,False,15,False,0,False,15,False,44,False,43,False,0,False,2165.07,False,44,False,1
431475305000013,140,False,62,False,68,False,,True,9,False,27,False,22,False,0,False,,True,53,False,41,False,0,False,3269.28,False,53,False,1
431475305000014,919,False,402,False,464,False,50,False,64,False,102,False,94,False,,True,136,False,347,False,339,False,,True,3076.28,False,347,False,1
431475305000015,362,False,176,False,178,False,16,False,18,False,53,False,50,False,0,False,8,False,137,False,124,False,0,False,2492.41,False,137,False,1
431475305000016,264,False,156,False,107,False,11,False,,True,46,False,36,False,0,False,,True,110,False,100,False,0,False,1993.93,False,110,False,1
431513105000001,703,False,326,False,351,False,39,False,34,False,87,False,104,False,0,False,152,False,282,False,280,False,10,False,2882.7,False,282,False,1
431513105000002,180,False,77,False,89,False,15,False,,True,19,False,35,False,0,False,,True,61,False,25,False,0,False,2479.67,False,61,False,1
431513105000003,362,False,157,False,176,False,25,False,20,False,58,False,48,False,0,False,,True,130,False,36,False,0,False,2050.34,False,130,False,1
431513105000004,180,False,91,False,80,False,8,False,7,False,38,False,33,False,0,False,51,False,73,False,18,False,0,False,1717.62,False,73,False,1
431513105000005,267,False,130,False,121,False,8,False,14,False,31,False,46,False,0,False,,True,101,False,28,False,0,False,2820.64,False,101,False,1
431513105000006,1,False,1,False,,True,,True,,True,,True,,True,,True,,True,,True,,True,,True,,True,,True,1
431513105000007,46,False,19,False,24,False,,True,,True,,True,,True,0,False,10,False,17,False,17,False,0,False,2435.76,False,17,False,1
431513105000008,0,False,0,False,0,False,0,False,0,False,0,False,0,False,0,False,0,False,0,False,0,False,0,False,0.0,False,0,False,1
431515605000001,512,False,243,False,277,False,33,False,23,False,61,False,61,False,0,False,76,False,201,False,199,False,31,False,2169.91,False,201,False,1
431515605000002,419,False,220,False,222,False,15,False,23,False,58,False,62,False,0,False,34,False,183,False,176,False,3,False,2096.5,False,183,False,1
431515605000003,437,False,221,False,196,False,24,False,29,False,51,False,44,False,0,False,49,False,161,False,95,False,0,False,1692.0,False,161,False,1
431515605000004,108,False,58,False,46,False,,True,,True,28,False,9,False,0,False,,True,47,False,29,False,0,False,2694.02,False,47,False,1
431515605000005,105,False,59,False,53,False,7,False,5,False,14,False,15,False,0,False,,True,42,False,28,False,0,False,3452.26,False,42,False,1
431515605000006,15,False,5,False,,True,,True,,True,,True,,True,,True,,True,,True,,True,,True,,True,,True,1
431515605000009,405,False,202,False,222,False,20,False,19,False,53,False,59,False,0,False,35,False,174,False,168,False,,True,2495.03,False,174,False,1
431515605000011,346,False,154,False,158,False,16,False,14,False,45,False,40,False,0,False,48,False,129,False,78,False,0,False,1786.41,False,129,False,1
431515605000012,370,False,190,False,188,False,20,False,17,False,49,False,41,False,0,False,,True,145,False,144,False,0,False,2274.42,False,145,False,1
431515605000013,86,False,39,False,51,False,,True,,True,14,False,15,False,0,False,0,False,35,False,31,False,,True,3440.48,False,35,False,1
431515607000003,234,False,128,False,112,False,17,False,,True,37,False,39,False,0,False,8,False,94,False,17,False,0,False,2046.4,False,94,False,1
431515607000004,112,False,60,False,55,False,,True,,True,13,False,16,False,0,False,,True,49,False,38,False,0,False,1425.37,False,49,False,1
431515607000005,16,False,9,False,5,False,,True,,True,0,False,0,False,0,False,,True,5,False,5,False,0,False,3077.8,False,5,False,1
431515610000001,151,False,76,False,76,False,8,False,4,False,18,False,18,False,0,False,30,False,60,False,53,False,0,False,2074.34,False,60,False,1
431515610000002,347,False,163,False,156,False,18,False,15,False,45,False,24,False,0,False,28,False,130,False,30,False,0,False,1743.8,False,130,False,1
431515610000003,270,False,126,False,132,False,15,False,15,False,27,False,12,False,0,False,8,False,102,False,42,False,0,False,2048.98,False,102,False,1
431515610000004,405,False,237,False,189,False,15,False,11,False,63,False,29,False,0,False,52,False,166,False,120,False,,True,2270.82,False,166,False,1
431515610000005,109,False,62,False,49,False,,True,8,False,12,False,13,False,0,False,14,False,43,False,21,False,0,False,1912.95,False,43,False,1
431515612000001,16,False,14,False,8,False,,True,0,False,,True,,True,0,False,0,False,7,False,,True,0,False,2001.0,False,7,False,1
431515612000002,344,False,186,False,153,False,13,False,,True,53,False,47,False,0,False,9,False,134,False,8,False,0,False,1561.07,False,134,False,1
431515612000003,107,False,69,False,51,False,,True,3,False,22,False,11,False,0,False,0,False,42,False,8,False,0,False,2213.8,False,42,False,1
431515620000001,42,False,22,False,21,False,0,False,0,False,23,False,,True,0,False,0,False,20,False,20,False,0,False,1871.6,False,20,False,1
431515620000002,255,False,115,False,129,False,,True,16,False,38,False,26,False,0,False,22,False,86,False,56,False,0,False,2647.06,False,86,False,1
431515620000007,129,False,65,False,59,False,,True,6,False,20,False,17,False,0,False,0,False,50,False,34,False,0,False,3810.92,False,50,False,1
431517205000001,321,False,147,False,170,False,14,False,18,False,40,False,35,False,0,False,,True,125,False,125,False,,True,4101.9,False,125,False,1
431517205000003,281,False,139,False,129,False,11,False,18,False,28,False,39,False,0,False,45,False,102,False,70,False,,True,4446.35,False,102,False,1
431517205000005,386,False,177,False,185,False,12,False,23,False,74,False,55,False,0,False,60,False,140,False,105,False,0,False,3912.35,False,140,False,1
431517205000006,487,False,211,False,221,False,19,False,27,False,55,False,62,False,0,False,74,False,178,False,163,False,0,False,3757.63,False,178,False,1
431517205000009,333,False,182,False,160,False,13,False,16,False,59,False,53,False,0,False,,True,122,False,103,False,0,False,3810.32,False,122,False,1
431517205000010,217,False,94,False,106,False,15,False,17,False,24,False,27,False,0,False,,True,85,False,85,False,0,False,4140.38,False,85,False,1
431520605000001,717,False,329,False,375,False,37,False,32,False,91,False,112,False,0,False,57,False,295,False,289,False,21,False,2594.98,False,295,False,1
431520605000002,895,False,391,False,477,False,42,False,48,False,116,False,149,False,0,False,126,False,343,False,329,False,0,False,2339.21,False,343,False,1
431520605000003,270,False,111,False,126,False,10,False,11,False,39,False,49,False,0,False,10,False,89,False,11,False,0,False,1797.15,False,89,False,1
431520605000004,329,False,170,False,160,False,10,False,14,False,64,False,51,False,0,False,29,False,122,False,16,False,0,False,4179.8,False,122,False,1
431520605000006,90,False,53,False,41,False,,True,,True,16,False,22,False,0,False,,True,39,False,0,False,0,False,2113.03,False,39,False,1
431520605000007,177,False,117,False,82,False,,True,10,False,35,False,20,False,0,False,10,False,63,False,0,False,0,False,2270.16,False,63,False,1
431520605000008,160,False,77,False,75,False,7,False,10,False,29,False,18,False,0,False,,True,58,False,12,False,0,False,2711.55,False,58,False,1
431520605000009,419,False,188,False,200,False,25,False,16,False,73,False,57,False,0,False,,True,149,False,16,False,0,False,2392.76,False,149,False,1
431520605000011,2,False,2,False,,True,,True,,True,,True,,True,,True,,True,,True,,True,,True,,True,,True,1
431520605000012,161,False,88,False,73,False,,True,,True,32,False,27,False,0,False,,True,51,False,0,False,0,False,3062.78,False,51,False,1
431520605000013,48,False,18,False,23,False,,True,3,False,11,False,8,False,0,False,,True,16,False,10,False,0,False,2021.5,False,16,False,1
431520605000014,17,False,6,False,9,False,,True,,True,,True,,True,0,False,0,False,6,False,4,False,0,False,1856.0,False,6,False,1
431520605000015,32,False,11,False,17,False,,True,,True,,True,9,False,0,False,0,False,10,False,5,False,0,False,1938.4,False,10,False,1
431520615000001,93,False,37,False,48,False,7,False,,True,7,False,12,False,0,False,,True,28,False,0,False,0,False,4151.18,False,28,False,1
431520615000002,205,False,77,False,102,False,10,False,14,False,33,False,28,False,0,False,12,False,57,False,0,False,0,False,5008.08,False,57,False,1
431520615000003,132,False,70,False,61,False,,True,7,False,21,False,14,False,0,False,,True,39,False,0,False,0,False,4204.54,False,39,False,1
431545305000001,515,False,273,False,272,False,23,False,7,False,90,False,129,False,0,False,20,False,213,False,213,False,6,False,2535.66,False,213,False,1
431545305000005,159,False,97,False,86,False,,True,8,False,33,False,23,False,0,False,,True,59,False,47,False,0,False,2150.77,False,59,False,1
431545305000007,147,False,59,False,67,False,,True,9,False,24,False,15,False,0,False,10,False,50,False,36,False,0,False,2046.24,False,50,False,1
431545305000011,50,False,27,False,31,False,,True,,True,9,False,13,False,0,False,0,False,25,False,22,False,,True,1994.56,False,25,False,1
431545305000015,43,False,21,False,23,False,,True,,True,6,False,7,False,0,False,7,False,19,False,19,False,0,False,1859.05,False,19,False,1
431545305000018,169,False,83,False,89,False,,True,,True,31,False,32,False,0,False,,True,63,False,47,False,,True,2248.68,False,63,False,1
431545305000019,280,False,124,False,133,False,12,False,9,False,46,False,45,False,0,False,41,False,100,False,73,False,0,False,1888.36,False,100,False,1
431545305000020,235,False,111,False,116,False,10,False,9,False,33,False,43,False,0,False,,True,94,False,93,False,3,False,2864.18,False,94,False,1
431545305000021,198,False,74,False,95,False,,True,13,False,39,False,26,False,0,False,33,False,72,False,58,False,0,False,1700.67,False,72,False,1
431580005000001,514,False,253,False,270,False,25,False,21,False,81,False,75,False,0,False,53,False,216,False,215,False,,True,3584.34,False,216,False,1
431580005000002,888,False,360,False,468,False,60,False,48,False,95,False,70,False,0,False,166,False,333,False,332,False,10,False,2426.01,False,333,False,1
431580005000005,527,False,263,False,291,False,26,False,33,False,85,False,57,False,0,False,68,False,219,False,218,False,,True,3357.32,False,219,False,1
431580005000006,676,False,349,False,345,False,41,False,34,False,65,False,62,False,0,False,90,False,300,False,300,False,32,False,2909.33,False,300,False,1
431580005000007,965,False,371,False,507,False,60,False,69,False,89,False,61,False,0,False,158,False,353,False,214,False,,True,1875.8,False,353,False,1
431580005000009,491,False,202,False,243,False,32,False,41,False,60,False,39,False,0,False,72,False,177,False,144,False,,True,2133.16,False,177,False,1
431580005000010,311,False,162,False,152,False,14,False,13,False,46,False,60,False,0,False,,True,125,False,111,False,0,False,2709.69,False,125,False,1
431580005000011,319,False,161,False,173,False,17,False,14,False,44,False,38,False,0,False,67,False,131,False,63,False,4,False,2213.06,False,131,False,1
431580005000012,137,False,97,False,62,False,7,False,7,False,27,False,17,False,0,False,26,False,56,False,11,False,0,False,2034.47,False,56,False,1
431580005000013,255,False,158,False,125,False,14,False,10,False,60,False,48,False,0,False,,True,107,False,3,False,0,False,2524.58,False,107,False,1
431580005000014,350,False,171,False,179,False,12,False,13,False,51,False,82,False,0,False,,True,139,False,0,False,0,False,1869.03,False,139,False,1
431580005000015,326,False,154,False,159,False,15,False,10,False,63,False,59,False,0,False,20,False,127,False,7,False,,True,1776.57,False,127,False,1
431580005000016,346,False,152,False,177,False,9,False,13,False,64,False,106,False,0,False,,True,120,False,,True,0,False,1787.25,False,120,False,1
431580005000017,133,False,79,False,66,False,,True,,True,31,False,26,False,0,False,,True,48,False,0,False,0,False,1803.4,False,48,False,1
431580005000018,362,False,155,False,175,False,13,False,18,False,72,False,59,False,0,False,,True,130,False,99,False,0,False,3401.7,False,130,False,1
431580005000019,168,False,86,False,80,False,6,False,10,False,28,False,35,False,0,False,27,False,68,False,60,False,0,False,2443.85,False,68,False,1
431580005000022,725,False,277,False,378,False,58,False,57,False,43,False,32,False,0,False,112,False,260,False,259,False,,True,2506.79,False,260,False,1
431580005000023,478,False,265,False,254,False,22,False,24,False,52,False,51,False,0,False,92,False,209,False,209,False,5,False,1949.4,False,209,False,1
431580005000024,988,False,425,False,504,False,48,False,55,False,102,False,84,False,7,False,119,False,403,False,402,False,175,False,3195.38,False,403,False,1
431580005000025,1106,False,409,False,546,False,88,False,90,False,87,False,51,False,0,False,389,False,380,False,360,False,48,False,2123.12,False,380,False,1
431580010000001,72,False,73,False,37,False,3,False,3,False,17,False,23,False,0,False,5,False,32,False,30,False,0,False,2365.13,False,32,False,1
431580010000002,64,False,57,False,29,False,0,False,,True,13,False,10,False,0,False,7,False,29,False,5,False,0,False,3021.38,False,29,False,1
431580010000003,217,False,181,False,118,False,,True,,True,36,False,52,False,0,False,,True,87,False,86,False,0,False,4617.09,False,87,False,1
431650105000001,401,False,189,False,202,False,23,False,23,False,38,False,39,False,0,False,30,False,172,False,172,False,,True,3627.78,False,172,False,0
431650105000002,393,False,167,False,197,False,25,False,20,False,43,False,24,False,,True,62,False,157,False,153,False,3,False,3357.13,False,157,False,0
431650105000003,469,False,187,False,229,False,23,False,23,False,61,False,31,False,0,False,43,False,182,False,182,False,0,False,2498.75,False,182,False,0
431650105000004,316,False,140,False,162,False,17,False,18,False,27,False,26,False,0,False,54,False,127,False,126,False,0,False,2748.73,False,127,False,0
431650105000005,263,False,112,False,134,False,13,False,17,False,24,False,26,False,0,False,30,False,97,False,97,False,0,False,2460.05,False,97,False,0
431650105000006,768,False,331,False,394,False,47,False,45,False,82,False,31,False,0,False,61,False,300,False,300,False,4,False,2777.24,False,300,False,0
431650105000007,449,False,213,False,230,False,17,False,29,False,50,False,32,False,0,False,44,False,187,False,185,False,6,False,3650.62,False,187,False,0
431650105000008,645,False,332,False,358,False,30,False,32,False,57,False,87,False,0,False,59,False,268,False,266,False,32,False,3464.43,False,268,False,0
431650105000009,318,False,166,False,148,False,20,False,22,False,33,False,39,False,0,False,24,False,126,False,98,False,15,False,2063.73,False,126,False,0
431650105000010,490,False,208,False,235,False,24,False,33,False,50,False,44,False,0,False,45,False,180,False,180,False,,True,2033.24,False,180,False,0
431650105000011,343,False,143,False,176,False,18,False,17,False,39,False,18,False,0,False,49,False,129,False,127,False,13,False,3200.29,False,129,False,0
431650105000012,239,False,124,False,116,False,,True,11,False,24,False,34,False,0,False,28,False,98,False,92,False,,True,2127.49,False,98,False,0
431650105000013,143,False,62,False,70,False,23,False,9,False,9,False,,True,,True,29,False,53,False,53,False,42,False,2725.02,False,53,False,0
431650105000014,80,False,28,False,45,False,,True,,True,,True,7,False,0,False,,True,27,False,27,False,0,False,3748.15,False,27,False,0
431650109000001,63,False,35,False,34,False,,True,,True,6,False,,True,0,False,,True,25,False,25,False,0,False,3527.5,False,25,False,1
431650109000002,417,False,190,False,213,False,14,False,24,False,57,False,50,False,0,False,9,False,155,False,140,False,,True,2077.26,False,155,False,1
431650109000003,389,False,161,False,182,False,24,False,19,False,47,False,33,False,6,False,40,False,129,False,58,False,,True,2506.97,False,129,False,0
431650120000003,158,False,79,False,76,False,10,False,,True,27,False,27,False,0,False,,True,57,False,52,False,3,False,2492.31,False,57,False,0
431650120000004,259,False,108,False,132,False,15,False,,True,37,False,29,False,0,False,,True,95,False,46,False,4,False,2688.53,False,95,False,0
431650125000001,21,False,15,False,10,False,0,False,,True,,True,3,False,0,False,3,False,9,False,9,False,0,False,2300.89,False,9,False,1
431650125000002,255,False,144,False,116,False,16,False,11,False,40,False,32,False,0,False,21,False,96,False,59,False,0,False,2257.01,False,96,False,1
431675805000001,1040,False,393,False,551,False,78,False,80,False,60,False,54,False,0,False,91,False,366,False,361,False,11,False,2871.06,False,366,False,1
431675805000002,415,False,160,False,213,False,36,False,29,False,20,False,13,False,0,False,28,False,148,False,148,False,,True,2243.03,False,148,False,1
431675805000003,105,False,46,False,51,False,,True,7,False,10,False,16,False,0,False,11,False,42,False,42,False,4,False,2665.76,False,42,False,1
431675805000004,1083,False,475,False,571,False,74,False,65,False,88,False,128,False,,True,106,False,413,False,411,False,9,False,3354.81,False,413,False,1
431675805000005,123,False,51,False,63,False,10,False,9,False,11,False,12,False,0,False,8,False,48,False,48,False,0,False,2087.98,False,48,False,1
431675805000006,715,False,323,False,369,False,30,False,39,False,89,False,61,False,0,False,37,False,270,False,259,False,10,False,3083.32,False,270,False,1
431675805000007,156,False,75,False,77,False,6,False,,True,27,False,15,False,0,False,,True,56,False,50,False,0,False,3121.02,False,56,False,1
431675805000008,251,False,120,False,118,False,10,False,11,False,45,False,45,False,0,False,6,False,101,False,93,False,0,False,2540.94,False,101,False,1
431675805000009,348,False,168,False,175,False,18,False,15,False,59,False,54,False,0,False,,True,127,False,115,False,0,False,2329.8,False,127,False,1
431675805000010,267,False,123,False,117,False,,True,10,False,36,False,30,False,0,False,9,False,95,False,75,False,0,False,1999.6,False,95,False,1
431675805000011,371,False,175,False,175,False,19,False,12,False,59,False,56,False,0,False,7,False,143,False,128,False,0,False,2131.38,False,143,False,1
431675805000012,273,False,123,False,135,False,,True,13,False,60,False,50,False,0,False,,True,102,False,100,False,0,False,2111.86,False,102,False,1
431675805000013,248,False,118,False,122,False,11,False,7,False,59,False,37,False,0,False,,True,100,False,95,False,0,False,2417.88,False,100,False,1
431675805000014,650,False,271,False,322,False,30,False,46,False,68,False,58,False,,True,78,False,251,False,251,False,8,False,2868.73,False,251,False,1
431675805000015,258,False,105,False,139,False,17,False,20,False,19,False,14,False,0,False,9,False,95,False,95,False,0,False,2304.94,False,95,False,1
431675805000016,123,False,52,False,54,False,10,False,9,False,8,False,12,False,0,False,12,False,49,False,48,False,,True,2305.22,False,49,False,1
431675805000017,113,False,58,False,52,False,9,False,8,False,15,False,8,False,0,False,11,False,45,False,45,False,0,False,2579.64,False,45,False,1
431675805000018,214,False,94,False,105,False,,True,17,False,31,False,21,False,0,False,,True,77,False,75,False,0,False,2663.68,False,77,False,1
431675805000019,134,False,66,False,58,False,,True,,True,19,False,21,False,0,False,11,False,52,False,51,False,0,False,2977.98,False,52,False,1
431680805000001,404,False,260,False,236,False,11,False,12,False,39,False,59,False,0,False,28,False,231,False,231,False,230,False,5109.76,False,231,False,0
431680805000002,787,False,489,False,472,False,33,False,31,False,110,False,181,False,0,False,,True,394,False,389,False,392,False,8422.91,False,394,False,0
431680805000003,389,False,213,False,213,False,12,False,20,False,58,False,67,False,0,False,,True,177,False,176,False,155,False,8434.99,False,177,False,0
431680805000004,499,False,271,False,291,False,13,False,20,False,75,False,113,False,0,False,49,False,217,False,215,False,154,False,6327.08,False,217,False,0
431680805000005,793,False,464,False,477,False,24,False,,True,106,False,204,False,0,False,30,False,356,False,324,False,175,False,5641.1,False,356,False,0
431680805000006,550,False,340,False,296,False,15,False,27,False,63,False,78,False,,True,58,False,245,False,245,False,199,False,3695.66,False,245,False,0
431680805000007,726,False,597,False,415,False,28,False,35,False,85,False,86,False,0,False,86,False,335,False,326,False,199,False,5196.66,False,335,False,0
431680805000008,807,False,484,False,438,False,35,False,27,False,77,False,110,False,0,False,86,False,401,False,398,False,87,False,5902.28,False,401,False,0
431680805000009,256,False,179,False,139,False,8,False,,True,27,False,35,False,0,False,11,False,146,False,146,False,94,False,4166.18,False,146,False,0
431680805000010,645,False,390,False,367,False,23,False,28,False,90,False,81,False,0,False,32,False,307,False,307,False,241,False,6179.16,False,307,False,0
431680805000011,570,False,362,False,318,False,15,False,22,False,72,False,90,False,0,False,33,False,299,False,299,False,11,False,4680.88,False,299,False,0
431680805000012,625,False,275,False,319,False,23,False,25,False,117,False,84,False,0,False,16,False,236,False,210,False,128,False,12464.49,False,236,False,0
431680805000013,922,False,378,False,486,False,22,False,47,False,129,False,194,False,0,False,44,False,333,False,333,False,192,False,7795.93,False,333,False,0
431680805000015,908,False,369,False,468,False,48,False,61,False,96,False,76,False,0,False,273,False,333,False,326,False,188,False,2028.76,False,333,False,0
431680805000016,751,False,417,False,413,False,20,False,34,False,89,False,71,False,0,False,107,False,388,False,387,False,119,False,3276.34,False,388,False,0
431680805000017,774,False,382,False,430,False,36,False,45,False,100,False,54,False,0,False,125,False,343,False,333,False,168,False,3372.33,False,343,False,0
431680805000018,706,False,309,False,378,False,39,False,36,False,91,False,75,False,0,False,236,False,280,False,279,False,212,False,2190.82,False,280,False,0
431680805000019,0,False,1,False,0,False,0,False,0,False,0,False,0,False,0,False,0,False,0,False,0,False,0,False,0.0,False,0,False,0
431680805000020,737,False,340,False,394,False,27,False,14,False,109,False,118,False,0,False,68,False,301,False,300,False,293,False,3401.17,False,301,False,0
431680805000021,627,False,336,False,343,False,26,False,36,False,62,False,46,False,0,False,108,False,292,False,292,False,3,False,2476.36,False,292,False,0
431680805000022,646,False,264,False,350,False,56,False,32,False,72,False,44,False,0,False,273,False,218,False,217,False,129,False,1894.85,False,218,False,0
431680805000024,597,False,272,False,310,False,32,False,30,False,77,False,71,False,0,False,197,False,241,False,241,False,67,False,2111.21,False,241,False,0
431680805000025,587,False,262,False,313,False,30,False,24,False,97,False,64,False,0,False,118,False,236,False,236,False,52,False,2354.79,False,236,False,0
431680805000026,779,False,354,False,433,False,31,False,27,False,108,False,125,False,0,False,105,False,326,False,325,False,180,False,3346.25,False,326,False,0
431680805000027,614,False,310,False,344,False,33,False,37,False,86,False,87,False,0,False,102,False,267,False,266,False,236,False,3560.73,False,267,False,0
431680805000028,737,False,470,False,406,False,32,False,29,False,78,False,90,False,0,False,72,False,330,False,330,False,302,False,3861.11,False,330,False,0
431680805000029,469,False,217,False,244,False,19,False,12,False,77,False,67,False,0,False,32,False,188,False,188,False,161,False,3982.16,False,188,False,0
431680805000030,714,False,324,False,392,False,19,False,20,False,105,False,159,False,0,False,65,False,284,False,283,False,213,False,4823.95,False,284,False,0
431680805000031,425,False,214,False,225,False,12,False,26,False,49,False,79,False,0,False,43,False,183,False,183,False,76,False,4200.97,False,183,False,0
431680805000033,663,False,351,False,347,False,38,False,34,False,67,False,32,False,,True,93,False,310,False,310,False,40,False,3611.33,False,310,False,0
431680805000034,769,False,432,False,429,False,36,False,30,False,107,False,112,False,0,False,87,False,341,False,339,False,75,False,3668.89,False,341,False,0
431680805000035,885,False,498,False,476,False,20,False,26,False,105,False,60,False,,True,55,False,429,False,423,False,235,False,6296.24,False,429,False,0
431680805000036,685,False,489,False,376,False,23,False,22,False,66,False,49,False,0,False,47,False,393,False,393,False,357,False,3864.02,False,393,False,0
431680805000037,876,False,482,False,487,False,35,False,35,False,101,False,112,False,0,False,91,False,415,False,415,False,393,False,17855.76,False,415,False,0
431680805000038,860,False,534,False,468,False,27,False,33,False,114,False,112,False,0,False,37,False,430,False,429,False,60,False,8006.9,False,430,False,0
431680805000039,1080,False,502,False,566,False,48,False,57,False,140,False,72,False,0,False,52,False,430,False,428,False,20,False,6531.58,False,430,False,0
431680805000040,1054,False,577,False,605,False,46,False,45,False,167,False,135,False,0,False,63,False,498,False,498,False,61,False,5885.05,False,498,False,0
431680805000041,640,False,290,False,317,False,18,False,33,False,102,False,73,False,,True,80,False,258,False,253,False,21,False,5007.74,False,258,False,0
431680805000042,1295,False,490,False,649,False,110,False,96,False,101,False,75,False,0,False,398,False,451,False,449,False,186,False,3166.54,False,451,False,0
431680805000043,947,False,394,False,491,False,33,False,49,False,107,False,73,False,,True,114,False,372,False,135,False,92,False,4426.56,False,372,False,0
431680805000044,658,False,276,False,347,False,33,False,31,False,89,False,53,False,,True,38,False,259,False,259,False,3,False,2987.47,False,259,False,0
431680805000045,729,False,314,False,385,False,25,False,34,False,127,False,74,False,0,False,65,False,286,False,286,False,70,False,3778.6,False,286,False,0
431680805000046,777,False,359,False,420,False,41,False,38,False,117,False,84,False,0,False,180,False,336,False,336,False,7,False,2757.01,False,336,False,0
431680805000047,722,False,333,False,408,False,32,False,37,False,94,False,119,False,0,False,94,False,295,False,295,False,286,False,3021.28,False,295,False,0
431680805000049,935,False,436,False,492,False,46,False,56,False,113,False,81,False,0,False,143,False,391,False,389,False,77,False,3706.62,False,391,False,0
431680805000050,1150,False,437,False,573,False,71,False,94,False,86,False,41,False,4,False,449,False,405,False,405,False,219,False,1628.49,False,405,False,0
431680805000051,819,False,312,False,411,False,63,False,66,False,82,False,41,False,0,False,418,False,301,False,300,False,269,False,1478.86,False,301,False,0
431680805000052,1355,False,499,False,722,False,79,False,96,False,135,False,69,False,4,False,483,False,474,False,471,False,307,False,2098.76,False,474,False,0
431680805000053,188,False,1,False,,True,,True,,True,,True,,True,,True,,True,,True,,True,,True,,True,,True,0
431680805000054,650,False,268,False,321,False,45,False,37,False,61,False,56,False,0,False,234,False,246,False,246,False,241,False,1890.85,False,246,False,0
431680805000056,716,False,323,False,391,False,30,False,42,False,69,False,67,False,0,False,74,False,303,False,302,False,302,False,2630.13,False,303,False,0
431680805000057,919,False,348,False,455,False,58,False,60,False,73,False,45,False,0,False,264,False,324,False,317,False,303,False,2203.89,False,324,False,0
431680805000058,1321,False,553,False,699,False,102,False,121,False,68,False,40,False,0,False,339,False,516,False,515,False,372,False,2713.71,False,516,False,0
431680805000059,927,False,363,False,464,False,44,False,60,False,97,False,70,False,0,False,245,False,342,False,342,False,69,False,1866.15,False,342,False,0
431680805000060,660,False,219,False,346,False,47,False,61,False,57,False,33,False,0,False,358,False,215,False,215,False,207,False,1390.26,False,215,False,0
431680805000061,510,False,217,False,255,False,27,False,33,False,74,False,45,False,0,False,144,False,195,False,195,False,195,False,1991.72,False,195,False,0
431680805000062,808,False,369,False,436,False,35,False,39,False,93,False,110,False,0,False,222,False,329,False,329,False,248,False,2139.71,False,329,False,0
431680805000063,746,False,289,False,389,False,44,False,40,False,78,False,62,False,0,False,234,False,266,False,266,False,173,False,2138.67,False,266,False,0
431680805000064,1065,False,376,False,558,False,73,False,78,False,117,False,109,False,0,False,426,False,335,False,335,False,330,False,1634.68,False,335,False,0
431680805000065,823,False,345,False,425,False,29,False,33,False,114,False,102,False,0,False,159,False,322,False,322,False,308,False,2683.07,False,322,False,0
431680805000066,532,False,243,False,279,False,21,False,27,False,69,False,56,False,3,False,113,False,211,False,209,False,180,False,2471.01,False,211,False,0
431680805000067,749,False,365,False,399,False,27,False,30,False,101,False,106,False,0,False,154,False,325,False,323,False,213,False,2409.51,False,325,False,0
431680805000068,870,False,376,False,464,False,43,False,57,False,102,False,85,False,0,False,126,False,341,False,340,False,26,False,2166.03,False,341,False,0
431680805000069,953,False,501,False,531,False,23,False,44,False,127,False,108,False,0,False,178,False,439,False,417,False,132,False,3612.01,False,439,False,0
431680805000071,870,False,340,False,462,False,35,False,53,False,91,False,54,False,0,False,116,False,319,False,316,False,83,False,3467.68,False,319,False,0
431680805000072,353,False,166,False,186,False,17,False,14,False,39,False,31,False,0,False,72,False,137,False,91,False,27,False,2490.76,False,137,False,0
431680805000073,1524,False,653,False,765,False,120,False,116,False,103,False,78,False,0,False,118,False,606,False,599,False,82,False,3312.62,False,606,False,0
431680805000074,1555,False,633,False,779,False,97,False,96,False,125,False,128,False,0,False,134,False,583,False,493,False,,True,2917.36,False,583,False,1
431680805000075,1514,False,655,False,763,False,94,False,144,False,120,False,72,False,0,False,63,False,553,False,506,False,319,False,11837.94,False,553,False,0
431680805000078,240,False,124,False,121,False,15,False,17,False,23,False,12,False,0,False,124,False,101,False,92,False,79,False,1401.61,False,101,False,0
431680805000080,812,False,324,False,449,False,41,False,62,False,80,False,50,False,,True,143,False,313,False,285,False,,True,2349.43,False,313,False,0
431680805000081,1257,False,499,False,629,False,52,False,67,False,133,False,75,False,0,False,120,False,481,False,481,False,5,False,2651.89,False,481,False,0
431680805000083,856,False,351,False,441,False,38,False,42,False,111,False,46,False,0,False,88,False,327,False,326,False,96,False,3071.88,False,327,False,0
431680805000084,1575,False,650,False,829,False,82,False,102,False,141,False,127,False,,True,268,False,622,False,622,False,71,False,2702.83,False,622,False,0
431680805000085,1171,False,523,False,607,False,53,False,69,False,171,False,76,False,,True,200,False,467,False,467,False,62,False,2431.31,False,467,False,0
431680805000086,1103,False,442,False,560,False,57,False,88,False,103,False,30,False,0,False,208,False,417,False,405,False,183,False,2147.31,False,417,False,0
431680805000087,732,False,334,False,391,False,35,False,38,False,107,False,73,False,0,False,111,False,291,False,291,False,221,False,2145.29,False,291,False,0
431680805000088,956,False,394,False,488,False,47,False,60,False,80,False,43,False,,True,210,False,361,False,357,False,28,False,2341.87,False,361,False,0
431680805000089,276,False,120,False,131,False,16,False,,True,44,False,18,False,0,False,20,False,102,False,73,False,12,False,2181.28,False,102,False,0
431680805000090,1441,False,643,False,770,False,115,False,121,False,102,False,61,False,0,False,455,False,540,False,539,False,534,False,1759.21,False,540,False,0
431680805000091,715,False,244,False,379,False,55,False,69,False,52,False,22,False,0,False,223,False,228,False,193,False,134,False,1724.87,False,228,False,0
431680805000092,510,False,202,False,253,False,32,False,32,False,51,False,33,False,0,False,54,False,186,False,184,False,180,False,2025.19,False,186,False,0
431680805000093,364,False,155,False,186,False,28,False,34,False,18,False,13,False,0,False,53,False,139,False,139,False,119,False,2708.51,False,139,False,0
431680805000095,491,False,191,False,255,False,48,False,37,False,32,False,19,False,0,False,163,False,183,False,179,False,151,False,1552.05,False,183,False,0
431680805000096,528,False,182,False,270,False,38,False,50,False,38,False,29,False,0,False,274,False,179,False,179,False,12,False,1482.22,False,179,False,0
431680805000097,705,False,268,False,355,False,59,False,49,False,50,False,35,False,,True,311,False,253,False,253,False,246,False,1453.3,False,253,False,0
431680805000098,585,False,205,False,304,False,49,False,50,False,30,False,17,False,0,False,331,False,197,False,195,False,171,False,1464.09,False,197,False,0
431680805000099,1027,False,395,False,520,False,54,False,66,False,92,False,46,False,0,False,386,False,381,False,381,False,14,False,1658.46,False,381,False,0
431680805000100,568,False,245,False,296,False,22,False,32,False,111,False,28,False,0,False,174,False,228,False,227,False,9,False,2072.43,False,228,False,0
431680805000101,106,False,42,False,55,False,,True,8,False,9,False,3,False,0,False,21,False,36,False,23,False,0,False,3014.59,False,36,False,0
431680805000102,188,False,73,False,95,False,19,False,15,False,12,False,7,False,0,False,76,False,66,False,63,False,8,False,1463.15,False,66,False,0
431680805000103,296,False,122,False,152,False,24,False,30,False,28,False,11,False,0,False,70,False,106,False,105,False,,True,1995.66,False,106,False,0
431680805000104,648,False,290,False,348,False,29,False,35,False,93,False,91,False,0,False,108,False,262,False,261,False,248,False,2812.07,False,262,False,0
431680805000106,679,False,448,False,387,False,23,False,21,False,73,False,81,False,0,False,63,False,348,False,348,False,276,False,3877.9,False,348,False,0
431680805000107,811,False,444,False,446,False,34,False,36,False,96,False,86,False,0,False,35,False,399,False,303,False,116,False,6654.76,False,399,False,0
431680805000108,794,False,392,False,412,False,22,False,39,False,110,False,70,False,0,False,55,False,353,False,353,False,20,False,4557.87,False,353,False,0
431680805000109,574,False,291,False,309,False,18,False,26,False,78,False,102,False,0,False,38,False,258,False,258,False,10,False,4998.33,False,258,False,0
431680805000111,1133,False,484,False,584,False,63,False,61,False,118,False,65,False,0,False,160,False,452,False,448,False,120,False,3613.81,False,452,False,0
431680805000112,1496,False,631,False,786,False,85,False,110,False,144,False,74,False,,True,143,False,562,False,506,False,15,False,3332.76,False,562,False,1
431680805000113,565,False,234,False,289,False,25,False,24,False,87,False,63,False,0,False,48,False,213,False,202,False,199,False,2224.95,False,213,False,0
431680805000114,1259,False,488,False,651,False,73,False,71,False,82,False,46,False,7,False,226,False,456,False,456,False,68,False,2584.71,False,456,False,0
431680805000117,737,False,282,False,360,False,35,False,74,False,44,False,42,False,0,False,273,False,269,False,261,False,175,False,1349.34,False,269,False,0
431680805000118,244,False,99,False,127,False,17,False,9,False,28,False,17,False,0,False,28,False,90,False,89,False,60,False,2511.17,False,90,False,0
431680805000119,281,False,118,False,154,False,16,False,,True,41,False,10,False,0,False,37,False,107,False,105,False,,True,2562.8,False,107,False,0
431680805000120,723,False,330,False,369,False,49,False,49,False,71,False,14,False,0,False,78,False,296,False,289,False,218,False,3212.02,False,296,False,0
431680805000121,583,False,268,False,299,False,31,False,33,False,109,False,55,False,,True,67,False,224,False,214,False,,True,2451.6,False,224,False,1
431680805000122,686,False,328,False,351,False,47,False,45,False,78,False,70,False,0,False,108,False,251,False,203,False,5,False,2757.54,False,251,False,1
431680805000123,814,False,371,False,400,False,27,False,45,False,114,False,87,False,0,False,60,False,305,False,204,False,0,False,2531.83,False,305,False,1
431680805000124,670,False,291,False,340,False,31,False,40,False,102,False,87,False,0,False,7,False,257,False,229,False,13,False,2411.81,False,257,False,1
431680805000125,787,False,408,False,400,False,31,False,33,False,112,False,98,False,0,False,21,False,314,False,272,False,10,False,2512.34,False,314,False,0
431680805000126,804,False,388,False,411,False,37,False,45,False,106,False,85,False,0,False,60,False,329,False,229,False,6,False,1995.1,False,329,False,0
431680805000127,169,False,74,False,88,False,6,False,15,False,16,False,20,False,0,False,,True,66,False,66,False,24,False,2960.89,False,66,False,0
431680805000128,93,False,40,False,38,False,6,False,,True,11,False,,True,0,False,,True,31,False,6,False,0,False,1910.71,False,31,False,0
431680805000129,377,False,286,False,226,False,12,False,10,False,43,False,41,False,0,False,18,False,236,False,236,False,230,False,4552.39,False,236,False,0
431680805000130,627,False,366,False,354,False,31,False,24,False,76,False,97,False,0,False,48,False,315,False,315,False,86,False,5095.52,False,315,False,0
431680805000131,434,False,256,False,247,False,16,False,26,False,52,False,71,False,0,False,26,False,198,False,198,False,156,False,7913.93,False,198,False,0
431680805000132,329,False,207,False,190,False,,True,,True,40,False,29,False,0,False,49,False,184,False,184,False,130,False,3571.84,False,184,False,0
431680805000133,273,False,181,False,164,False,14,False,,True,27,False,39,False,0,False,21,False,155,False,154,False,61,False,4775.0,False,155,False,0
431680805000134,449,False,288,False,254,False,21,False,15,False,53,False,52,False,0,False,19,False,217,False,217,False,99,False,6363.76,False,217,False,0
431680805000135,714,False,330,False,385,False,29,False,42,False,90,False,74,False,0,False,,True,302,False,294,False,166,False,8670.87,False,302,False,0
431680805000136,564,False,322,False,289,False,27,False,22,False,76,False,61,False,0,False,59,False,263,False,263,False,11,False,3435.41,False,263,False,0
431680805000137,720,False,314,False,385,False,33,False,40,False,94,False,97,False,0,False,120,False,280,False,279,False,271,False,3088.04,False,280,False,0
431680805000138,300,False,167,False,157,False,,True,12,False,33,False,45,False,0,False,35,False,140,False,140,False,20,False,2942.43,False,140,False,0
431680805000139,838,False,463,False,457,False,46,False,32,False,63,False,37,False,0,False,123,False,416,False,416,False,15,False,3960.25,False,416,False,0
431680805000140,421,False,213,False,228,False,11,False,18,False,63,False,59,False,0,False,46,False,183,False,183,False,170,False,2763.44,False,183,False,0
431680805000141,854,False,512,False,491,False,28,False,27,False,84,False,72,False,0,False,103,False,440,False,439,False,414,False,3839.14,False,440,False,0
431680805000143,582,False,281,False,327,False,27,False,25,False,64,False,31,False,0,False,77,False,258,False,191,False,249,False,3739.35,False,258,False,0
431680805000144,574,False,298,False,310,False,11,False,21,False,86,False,82,False,0,False,77,False,265,False,265,False,195,False,2735.73,False,265,False,0
431680805000145,1150,False,521,False,593,False,63,False,81,False,92,False,36,False,0,False,227,False,473,False,471,False,145,False,2885.49,False,473,False,0
431680805000146,582,False,244,False,324,False,29,False,36,False,67,False,52,False,0,False,113,False,226,False,225,False,30,False,2719.8,False,226,False,0
431680805000147,840,False,301,False,439,False,45,False,73,False,89,False,30,False,7,False,248,False,286,False,286,False,198,False,1535.58,False,286,False,0
431680805000148,445,False,239,False,235,False,31,False,33,False,22,False,14,False,0,False,93,False,200,False,199,False,104,False,2679.67,False,200,False,0
431680805000149,616,False,253,False,325,False,32,False,26,False,90,False,44,False,0,False,115,False,242,False,242,False,85,False,2712.75,False,242,False,0
431680805000150,154,False,78,False,78,False,8,False,,True,23,False,19,False,0,False,,True,61,False,31,False,0,False,2231.67,False,61,False,0
431680805000151,38,False,42,False,16,False,0,False,,True,8,False,8,False,0,False,,True,18,False,8,False,0,False,2211.94,False,18,False,0
431680805000152,479,False,242,False,230,False,17,False,23,False,81,False,55,False,0,False,8,False,192,False,151,False,6,False,2847.34,False,192,False,1
431680805000153,67,False,30,False,32,False,,True,,True,9,False,,True,0,False,11,False,24,False,23,False,0,False,3617.17,False,24,False,0
431680805000154,160,False,105,False,70,False,11,False,,True,22,False,15,False,0,False,,True,64,False,48,False,0,False,2302.41,False,64,False,0
431680805000155,233,False,96,False,111,False,9,False,14,False,31,False,29,False,0,False,24,False,77,False,70,False,21,False,10361.43,False,77,False,0
431680805000156,1,False,2,False,,True,,True,,True,,True,,True,,True,,True,,True,,True,,True,,True,,True,0
431680805000157,152,False,89,False,83,False,,True,,True,25,False,38,False,0,False,5,False,75,False,74,False,69,False,8130.89,False,75,False,0
431680805000158,737,False,315,False,386,False,23,False,33,False,70,False,67,False,0,False,42,False,292,False,291,False,40,False,5261.07,False,292,False,0
431680805000159,300,False,128,False,157,False,11,False,14,False,45,False,35,False,0,False,53,False,119,False,119,False,57,False,2444.88,False,119,False,0
431680805000160,233,False,102,False,133,False,12,False,11,False,31,False,26,False,0,False,,True,88,False,88,False,84,False,3925.59,False,88,False,0
431680805000161,339,False,123,False,173,False,17,False,25,False,34,False,15,False,0,False,96,False,117,False,117,False,113,False,2170.68,False,117,False,0
431680805000162,2059,False,659,False,1027,False,215,False,243,False,83,False,40,False,,True,1030,False,650,False,646,False,130,False,1366.94,False,650,False,0
431680805000163,281,False,146,False,159,False,8,False,13,False,37,False,33,False,0,False,43,False,134,False,134,False,101,False,2927.65,False,134,False,0
431680805000164,180,False,95,False,85,False,3,False,,True,28,False,20,False,0,False,17,False,83,False,83,False,6,False,3294.67,False,83,False,0
431680805000165,226,False,107,False,118,False,13,False,11,False,31,False,29,False,0,False,19,False,100,False,99,False,96,False,4029.66,False,100,False,0
431680805000166,298,False,178,False,172,False,13,False,9,False,40,False,34,False,0,False,21,False,143,False,143,False,90,False,3481.4,False,143,False,0
431680805000167,557,False,281,False,285,False,12,False,30,False,60,False,36,False,0,False,46,False,252,False,252,False,24,False,4497.68,False,252,False,0
431680805000168,481,False,243,False,240,False,22,False,15,False,38,False,24,False,0,False,31,False,206,False,205,False,8,False,4287.87,False,206,False,0
431680805000169,137,False,60,False,66,False,9,False,,True,18,False,7,False,0,False,37,False,59,False,59,False,3,False,2389.09,False,59,False,0
431680805000170,1027,False,456,False,529,False,55,False,59,False,107,False,80,False,0,False,124,False,410,False,410,False,378,False,2620.39,False,410,False,0
431680805000171,82,False,35,False,40,False,6,False,9,False,10,False,,True,0,False,15,False,31,False,28,False,12,False,2741.55,False,31,False,0
431680805000172,485,False,223,False,252,False,27,False,32,False,59,False,45,False,0,False,174,False,196,False,196,False,64,False,1879.35,False,196,False,0
431680805000173,998,False,381,False,496,False,105,False,90,False,70,False,47,False,0,False,,True,341,False,269,False,229,False,9067.22,False,341,False,1
431680805000175,681,False,289,False,352,False,55,False,48,False,40,False,45,False,0,False,37,False,272,False,269,False,20,False,4937.09,False,272,False,0
431680805000176,701,False,292,False,347,False,32,False,29,False,94,False,61,False,,True,80,False,279,False,279,False,41,False,3458.83,False,279,False,0
431680805000177,312,False,131,False,175,False,20,False,22,False,26,False,9,False,0,False,26,False,121,False,121,False,9,False,2955.1,False,121,False,0
431680805000178,823,False,397,False,445,False,59,False,60,False,49,False,29,False,,True,125,False,366,False,366,False,19,False,3229.59,False,366,False,0
431680805000179,823,False,289,False,455,False,65,False,73,False,28,False,31,False,0,False,357,False,271,False,254,False,189,False,1455.6,False,271,False,0
431680805000180,515,False,211,False,262,False,30,False,35,False,51,False,15,False,0,False,93,False,198,False,194,False,136,False,1763.72,False,198,False,0
431680805000181,1012,False,399,False,517,False,72,False,92,False,54,False,18,False,0,False,143,False,386,False,386,False,,True,3070.82,False,386,False,0
431680805000182,1017,False,430,False,544,False,81,False,76,False,47,False,32,False,0,False,103,False,406,False,406,False,79,False,3615.97,False,406,False,0
431680805000183,707,False,341,False,402,False,44,False,38,False,35,False,24,False,0,False,100,False,325,False,324,False,134,False,2593.29,False,325,False,0
431680805000184,728,False,294,False,382,False,32,False,39,False,59,False,35,False,0,False,147,False,278,False,278,False,27,False,2668.49,False,278,False,0
431680805000185,597,False,352,False,297,False,24,False,33,False,33,False,23,False,0,False,69,False,301,False,301,False,159,False,3661.25,False,301,False,0
431680805000186,778,False,294,False,412,False,53,False,63,False,72,False,30,False,0,False,39,False,266,False,259,False,81,False,13297.67,False,266,False,0
431680805000187,788,False,397,False,412,False,73,False,59,False,24,False,14,False,0,False,94,False,333,False,330,False,319,False,3742.22,False,333,False,0
431680805000188,1199,False,534,False,613,False,142,False,84,False,38,False,18,False,,True,133,False,483,False,482,False,453,False,3409.19,False,483,False,0
431680805000189,617,False,275,False,323,False,66,False,43,False,25,False,10,False,0,False,79,False,250,False,249,False,164,False,3459.82,False,250,False,0
431680805000190,805,False,257,False,432,False,75,False,86,False,21,False,14,False,4,False,373,False,249,False,248,False,233,False,1336.43,False,249,False,0
431680805000191,649,False,222,False,354,False,57,False,69,False,29,False,10,False,0,False,286,False,219,False,219,False,16,False,1272.11,False,219,False,0
431680805000192,1376,False,469,False,722,False,142,False,152,False,64,False,32,False,0,False,688,False,464,False,460,False,152,False,1213.59,False,464,False,0
431680805000193,215,False,99,False,121,False,12,False,8,False,26,False,,True,0,False,51,False,92,False,92,False,0,False,2042.18,False,92,False,0
431680805000194,819,False,392,False,435,False,39,False,40,False,82,False,74,False,,True,107,False,336,False,336,False,131,False,3026.32,False,336,False,0
431680805000195,529,False,273,False,284,False,55,False,23,False,19,False,8,False,0,False,88,False,256,False,256,False,101,False,3597.77,False,256,False,0
431680805000196,965,False,410,False,479,False,114,False,88,False,33,False,18,False,0,False,46,False,348,False,337,False,335,False,6891.66,False,348,False,0
431680807000001,336,False,188,False,160,False,10,False,17,False,65,False,54,False,,True,56,False,155,False,154,False,0,False,1399.81,False,155,False,0
431680807000002,315,False,157,False,155,False,12,False,23,False,39,False,29,False,0,False,79,False,119,False,51,False,0,False,1306.48,False,119,False,1
431680807000003,272,False,123,False,120,False,10,False,13,False,36,False,16,False,0,False,68,False,104,False,31,False,0,False,1254.74,False,104,False,1
431680807000004,280,False,132,False,127,False,14,False,14,False,27,False,19,False,0,False,62,False,108,False,51,False,0,False,1401.97,False,108,False,0
431680810000001,112,False,61,False,55,False,,True,4,False,33,False,14,False,0,False,,True,48,False,48,False,0,False,1881.96,False,48,False,1
431680810000002,690,False,297,False,331,False,28,False,33,False,111,False,102,False,0,False,27,False,242,False,114,False,0,False,1909.07,False,242,False,1
431680810000003,791,False,359,False,389,False,25,False,44,False,96,False,93,False,0,False,68,False,316,False,270,False,0,False,2276.54,False,316,False,1
431680810000004,557,False,241,False,269,False,16,False,20,False,102,False,76,False,0,False,,True,189,False,100,False,0,False,1709.09,False,189,False,0
431680830000001,851,False,431,False,460,False,45,False,40,False,120,False,172,False,0,False,23,False,365,False,328,False,,True,2487.29,False,365,False,1
431680830000002,390,False,204,False,187,False,16,False,9,False,61,False,68,False,0,False,21,False,152,False,110,False,,True,2227.84,False,152,False,1
431680830000003,557,False,285,False,277,False,27,False,20,False,92,False,65,False,0,False,50,False,208,False,116,False,0,False,1722.9,False,208,False,1
431680830000004,501,False,240,False,243,False,17,False,23,False,82,False,65,False,0,False,24,False,191,False,90,False,,True,1720.49,False,191,False,1
431680830000005,369,False,182,False,181,False,13,False,17,False,57,False,64,False,0,False,19,False,142,False,36,False,0,False,1734.46,False,142,False,1
431680835000001,782,False,347,False,398,False,29,False,42,False,93,False,89,False,0,False,162,False,301,False,288,False,4,False,2077.88,False,301,False,0
431680835000002,565,False,282,False,281,False,31,False,24,False,76,False,73,False,0,False,23,False,213,False,113,False,,True,2220.97,False,213,False,0
431680835000003,542,False,348,False,264,False,20,False,24,False,77,False,83,False,0,False,67,False,220,False,137,False,,True,2482.82,False,220,False,0
431680835000004,636,False,332,False,323,False,29,False,19,False,71,False,101,False,0,False,54,False,248,False,155,False,0,False,2343.29,False,248,False,0
431680838000001,136,False,61,False,66,False,,True,,True,26,False,27,False,0,False,,True,54,False,51,False,0,False,2169.48,False,54,False,1
431680838000002,513,False,254,False,241,False,21,False,23,False,72,False,51,False,0,False,34,False,199,False,10,False,0,False,1345.81,False,199,False,1
431680838000003,325,False,128,False,164,False,15,False,22,False,43,False,48,False,0,False,20,False,119,False,52,False,0,False,1301.82,False,119,False,1
431680841000001,652,False,349,False,303,False,32,False,29,False,102,False,79,False,0,False,35,False,260,False,105,False,0,False,2494.83,False,260,False,0
431680841000002,121,False,72,False,67,False,,True,4,False,23,False,10,False,0,False,,True,47,False,0,False,0,False,2565.23,False,47,False,0
431680842000001,50,False,22,False,26,False,,True,,True,,True,7,False,0,False,3,False,18,False,11,False,,True,1756.67,False,18,False,1
431680842000002,426,False,195,False,206,False,17,False,22,False,46,False,61,False,0,False,28,False,146,False,11,False,0,False,1538.68,False,146,False,1
431680842000003,164,False,82,False,69,False,,True,,True,31,False,32,False,0,False,,True,61,False,15,False,0,False,1394.46,False,61,False,1
431725105000003,182,False,84,False,96,False,,True,14,False,27,False,22,False,0,False,11,False,72,False,72,False,,True,3156.67,False,72,False,1
431725105000004,247,False,184,False,113,False,,True,6,False,47,False,67,False,0,False,5,False,99,False,88,False,0,False,3340.74,False,99,False,1
431725105000006,167,False,93,False,78,False,,True,,True,26,False,33,False,0,False,,True,59,False,56,False,0,False,2998.1,False,59,False,1
431725105000007,161,False,80,False,78,False,9,False,11,False,25,False,17,False,0,False,40,False,54,False,29,False,0,False,2451.92,False,54,False,1
431725105000009,53,False,51,False,29,False,,True,,True,12,False,11,False,0,False,0,False,22,False,22,False,0,False,2544.0,False,22,False,1
431725105000013,138,False,80,False,63,False,11,False,3,False,21,False,28,False,0,False,6,False,52,False,47,False,0,False,2627.53,False,52,False,1
431725105000014,174,False,102,False,79,False,,True,,True,32,False,32,False,0,False,,True,67,False,61,False,0,False,4377.06,False,67,False,1
431725105000015,383,False,220,False,203,False,13,False,11,False,61,False,92,False,0,False,,True,167,False,166,False,,True,2609.68,False,167,False,1
431755805000001,786,False,333,False,406,False,44,False,49,False,84,False,80,False,0,False,121,False,297,False,296,False,7,False,2870.89,False,297,False,1
431755805000002,366,False,145,False,183,False,26,False,23,False,46,False,45,False,0,False,22,False,116,False,72,False,0,False,7264.37,False,116,False,1
431755805000003,419,False,193,False,196,False,23,False,18,False,63,False,43,False,0,False,57,False,143,False,115,False,0,False,3972.66,False,143,False,1
431755820000003,149,False,64,False,66,False,,True,,True,19,False,27,False,0,False,,True,52,False,41,False,0,False,5187.58,False,52,False,1
431755825000001,32,False,13,False,17,False,,True,0,False,,True,,True,0,False,,True,12,False,8,False,0,False,2762.18,False,12,False,1
431755825000002,161,False,81,False,78,False,7,False,9,False,29,False,13,False,0,False,,True,64,False,55,False,0,False,3685.31,False,64,False,1
431755830000001,53,False,25,False,27,False,,True,,True,9,False,6,False,0,False,13,False,21,False,21,False,0,False,4864.95,False,21,False,1
431755830000002,125,False,51,False,55,False,,True,,True,21,False,16,False,0,False,,True,43,False,35,False,0,False,2676.0,False,43,False,1
431805105000001,537,False,251,False,283,False,25,False,21,False,98,False,80,False,0,False,44,False,219,False,217,False,,True,3378.44,False,219,False,1
431805105000002,226,False,123,False,111,False,,True,,True,41,False,42,False,0,False,22,False,87,False,62,False,0,False,5416.48,False,87,False,1
431805105000003,59,False,34,False,27,False,,True,0,False,11,False,11,False,0,False,5,False,19,False,10,False,0,False,4712.89,False,19,False,1
431805105000004,217,False,112,False,96,False,,True,7,False,29,False,33,False,0,False,,True,81,False,68,False,,True,5442.78,False,81,False,1
431805105000005,799,False,346,False,411,False,47,False,30,False,111,False,114,False,0,False,58,False,307,False,303,False,5,False,3352.16,False,307,False,1
431805105000006,18,False,9,False,9,False,0,False,0,False,,True,,True,0,False,,True,7,False,6,False,0,False,4647.14,False,7,False,1
431805105000007,0,False,0,False,0,False,0,False,0,False,0,False,0,False,0,False,0,False,0,False,0,False,0,False,0.0,False,0,False,1
431805115000001,529,False,215,False,260,False,20,False,32,False,75,False,51,False,0,False,,True,204,False,204,False,7,False,2647.8,False,204,False,1
431805115000003,74,False,30,False,37,False,,True,,True,14,False,,True,0,False,6,False,29,False,29,False,0,False,2133.21,False,29,False,1
431805115000004,62,False,23,False,34,False,,True,6,False,8,False,,True,0,False,18,False,19,False,19,False,0,False,2219.16,False,19,False,1
431805115000005,233,False,111,False,111,False,10,False,,True,37,False,39,False,0,False,,True,85,False,73,False,0,False,2709.58,False,85,False,1
431820005000001,890,False,487,False,513,False,37,False,34,False,104,False,156,False,0,False,131,False,406,False,402,False,198,False,3754.09,False,406,False,0
431820005000002,438,False,255,False,248,False,13,False,13,False,64,False,77,False,0,False,40,False,209,False,209,False,117,False,4080.17,False,209,False,0
431820005000003,804,False,371,False,429,False,45,False,61,False,77,False,83,False,6,False,129,False,316,False,315,False,122,False,2926.2,False,316,False,0
431820005000004,699,False,325,False,389,False,50,False,33,False,86,False,78,False,,True,134,False,274,False,272,False,145,False,2393.17,False,274,False,0
431820005000005,1084,False,428,False,566,False,94,False,82,False,75,False,47,False,0,False,277,False,367,False,362,False,62,False,2459.05,False,367,False,0
431820005000006,854,False,346,False,433,False,49,False,48,False,96,False,77,False,0,False,216,False,323,False,323,False,212,False,2267.73,False,323,False,0
431820005000007,697,False,298,False,351,False,56,False,49,False,56,False,52,False,,True,223,False,245,False,243,False,137,False,1668.17,False,245,False,0
431820005000008,830,False,376,False,430,False,58,False,57,False,59,False,44,False,0,False,268,False,299,False,298,False,103,False,2675.75,False,299,False,0
431820005000010,970,False,409,False,489,False,73,False,67,False,69,False,51,False,0,False,386,False,344,False,335,False,182,False,1650.92,False,344,False,0
431820005000011,793,False,381,False,418,False,55,False,43,False,90,False,62,False,,True,190,False,293,False,293,False,138,False,2442.33,False,293,False,0
431820005000012,963,False,414,False,525,False,64,False,69,False,83,False,100,False,0,False,250,False,367,False,366,False,84,False,2802.57,False,367,False,0
431820005000014,80,False,54,False,33,False,,True,,True,8,False,11,False,0,False,4,False,30,False,0,False,0,False,2340.4,False,30,False,0
431820005000016,190,False,207,False,92,False,15,False,8,False,29,False,31,False,0,False,42,False,78,False,45,False,0,False,2133.95,False,78,False,0
431820005000017,229,False,287,False,95,False,7,False,8,False,42,False,38,False,0,False,,True,110,False,0,False,0,False,1819.92,False,110,False,0
431820005000020,576,False,291,False,293,False,26,False,25,False,87,False,70,False,0,False,100,False,243,False,242,False,135,False,3466.91,False,243,False,0
431820005000021,1096,False,389,False,525,False,77,False,83,False,78,False,53,False,0,False,355,False,362,False,360,False,223,False,1644.28,False,362,False,0
431820005000022,780,False,379,False,419,False,52,False,64,False,75,False,41,False,,True,239,False,281,False,279,False,37,False,2432.58,False,281,False,0
431820005000023,644,False,270,False,333,False,40,False,42,False,55,False,48,False,,True,162,False,233,False,232,False,91,False,2544.17,False,233,False,0
431820005000025,173,False,166,False,89,False,8,False,8,False,20,False,17,False,0,False,31,False,78,False,76,False,7,False,4630.58,False,78,False,0
431820005000026,263,False,195,False,136,False,13,False,14,False,37,False,23,False,0,False,49,False,110,False,35,False,0,False,2149.98,False,110,False,0
431820005000027,212,False,309,False,103,False,14,False,9,False,30,False,20,False,0,False,,True,84,False,67,False,7,False,4528.03,False,84,False,0
431820005000028,89,False,65,False,42,False,,True,8,False,7,False,7,False,0,False,30,False,40,False,16,False,,True,1628.72,False,40,False,0
431820005000029,857,False,318,False,433,False,91,False,80,False,35,False,30,False,0,False,278,False,278,False,274,False,170,False,1795.58,False,278,False,0
431820005000030,72,False,49,False,31,False,,True,,True,,True,,True,0,False,7,False,26,False,4,False,0,False,2514.0,False,26,False,0
431820005000031,560,False,216,False,288,False,39,False,53,False,54,False,26,False,0,False,182,False,196,False,188,False,20,False,2578.34,False,196,False,0
431820005000032,330,False,195,False,138,False,27,False,,True,23,False,21,False,0,False,72,False,118,False,32,False,4,False,3324.2,False,118,False,0
431820005000033,398,False,329,False,218,False,17,False,17,False,53,False,46,False,0,False,49,False,172,False,172,False,27,False,5314.39,False,172,False,0
431820005000034,63,False,1,False,,True,,True,,True,,True,,True,,True,,True,,True,,True,,True,,True,,True,0
431820005000035,109,False,119,False,53,False,,True,,True,24,False,16,False,0,False,15,False,48,False,6,False,0,False,1879.13,False,48,False,0
431820005000036,214,False,119,False,104,False,16,False,11,False,31,False,36,False,0,False,43,False,85,False,70,False,0,False,1753.81,False,85,False,0
431820010000001,269,False,185,False,135,False,24,False,24,False,33,False,28,False,0,False,90,False,95,False,,True,,True,1513.68,False,95,False,1
431820010000002,136,False,120,False,66,False,,True,10,False,28,False,13,False,0,False,54,False,49,False,3,False,0,False,1868.75,False,49,False,1
431820010000003,132,False,120,False,61,False,9,False,6,False,24,False,17,False,0,False,58,False,53,False,,True,0,False,1968.9,False,53,False,1
431820010000005,134,False,131,False,66,False,6,False,,True,25,False,20,False,0,False,35,False,57,False,,True,0,False,2229.36,False,57,False,1
431820010000006,150,False,162,False,68,False,7,False,,True,25,False,20,False,0,False,,True,60,False,0,False,0,False,1803.12,False,60,False,1
431820010000007,91,False,76,False,36,False,,True,8,False,15,False,9,False,0,False,37,False,37,False,0,False,0,False,1373.08,False,37,False,1
431820010000008,123,False,108,False,55,False,,True,,True,22,False,27,False,0,False,,True,55,False,0,False,0,False,3005.19,False,55,False,1
431820020000001,69,False,110,False,34,False,,True,,True,9,False,,True,0,False,23,False,33,False,,True,,True,3080.61,False,33,False,0
431820020000003,145,False,127,False,60,False,,True,,True,32,False,22,False,0,False,9,False,65,False,7,False,0,False,1893.61,False,65,False,0
431820020000004,295,False,259,False,148,False,32,False,22,False,36,False,20,False,,True,111,False,104,False,,True,0,False,2222.27,False,104,False,0
431820020000005,226,False,246,False,108,False,14,False,17,False,19,False,19,False,,True,33,False,83,False,,True,0,False,2222.37,False,83,False,0
431820020000006,78,False,86,False,35,False,,True,3,False,12,False,,True,0,False,20,False,34,False,5,False,0,False,2013.48,False,34,False,0
431820030000001,23,False,34,False,7,False,,True,,True,,True,,True,0,False,,True,13,False,0,False,0,False,1829.08,False,13,False,0
431820030000002,167,False,138,False,81,False,,True,,True,25,False,15,False,0,False,,True,62,False,9,False,0,False,2884.41,False,62,False,0
431820030000003,113,False,136,False,50,False,,True,,True,14,False,20,False,0,False,39,False,44,False,,True,0,False,1862.56,False,44,False,0
431820030000005,708,False,3,False,,True,,True,,True,,True,,True,,True,,True,,True,,True,,True,,True,,True,1
431820030000006,118,False,112,False,64,False,,True,11,False,18,False,11,False,0,False,33,False,45,False,0,False,0,False,1979.16,False,45,False,1
431820030000007,288,False,377,False,128,False,14,False,19,False,45,False,41,False,0,False,41,False,123,False,,True,0,False,2332.88,False,123,False,0
431820035000001,275,False,227,False,145,False,12,False,25,False,46,False,18,False,,True,77,False,112,False,109,False,0,False,2468.6,False,112,False,1
431820035000003,199,False,154,False,99,False,16,False,9,False,29,False,11,False,0,False,32,False,73,False,7,False,0,False,1879.29,False,73,False,1
431820035000004,393,False,271,False,192,False,28,False,37,False,45,False,27,False,,True,111,False,143,False,18,False,0,False,2137.23,False,143,False,1
431820035000005,96,False,75,False,47,False,8,False,,True,10,False,10,False,0,False,41,False,37,False,0,False,0,False,2037.33,False,37,False,1
431820035000006,117,False,97,False,56,False,6,False,,True,25,False,9,False,0,False,16,False,39,False,0,False,0,False,2927.69,False,39,False,1
431820040000001,87,False,76,False,37,False,,True,,True,7,False,,True,,True,23,False,35,False,0,False,0,False,1751.94,False,35,False,0
431820040000002,213,False,143,False,104,False,12,False,14,False,37,False,25,False,0,False,30,False,85,False,0,False,0,False,1531.05,False,85,False,0
431820040000003,96,False,61,False,43,False,7,False,7,False,7,False,,True,0,False,25,False,34,False,,True,0,False,2069.06,False,34,False,0
431820040000005,69,False,43,False,36,False,,True,,True,11,False,13,False,0,False,20,False,24,False,0,False,0,False,3245.0,False,24,False,0
431820040000006,0,False,13,False,0,False,0,False,0,False,0,False,0,False,0,False,0,False,0,False,0,False,0,False,0.0,False,0,False,0
431820040000007,41,False,1,False,,True,,True,,True,,True,,True,,True,,True,,True,,True,,True,,True,,True,0
431820045000001,302,False,167,False,150,False,25,False,15,False,24,False,11,False,0,False,79,False,119,False,109,False,8,False,1918.24,False,119,False,1
431820045000002,164,False,108,False,73,False,15,False,9,False,25,False,15,False,0,False,19,False,62,False,7,False,0,False,2101.19,False,62,False,1
431820045000003,135,False,111,False,68,False,,True,7,False,19,False,13,False,0,False,22,False,54,False,6,False,0,False,2157.58,False,54,False,0
431820045000004,344,False,186,False,166,False,28,False,25,False,29,False,27,False,0,False,90,False,113,False,0,False,0,False,1588.64,False,113,False,0
431820045000005,136,False,92,False,52,False,9,False,,True,12,False,13,False,0,False,41,False,52,False,10,False,0,False,2555.22,False,52,False,1
431820045000006,4,False,4,False,,True,,True,,True,,True,,True,,True,,True,,True,,True,,True,,True,,True,1
431820045000007,0,False,1,False,0,False,0,False,0,False,0,False,0,False,0,False,0,False,0,False,0,False,0,False,0.0,False,0,False,1
431844005000001,716,False,327,False,364,False,33,False,28,False,116,False,79,False,,True,101,False,295,False,291,False,,True,2826.75,False,295,False,1
431844005000002,815,False,361,False,425,False,46,False,39,False,104,False,109,False,,True,107,False,319,False,319,False,0,False,3087.36,False,319,False,1
431844005000003,348,False,155,False,170,False,13,False,22,False,60,False,61,False,0,False,,True,116,False,78,False,0,False,11189.26,False,116,False,1
431844005000004,498,False,208,False,241,False,20,False,20,False,83,False,86,False,0,False,80,False,167,False,126,False,0,False,2959.88,False,167,False,1
431844005000006,11,False,5,False,5,False,0,False,0,False,,True,,True,0,False,0,False,5,False,3,False,0,False,3280.0,False,5,False,1
431844005000007,37,False,14,False,21,False,3,False,,True,,True,,True,0,False,4,False,13,False,10,False,0,False,3408.62,False,13,False,1
431844005000010,78,False,32,False,35,False,,True,,True,14,False,15,False,0,False,4,False,25,False,10,False,0,False,2924.0,False,25,False,1
431844005000011,409,False,206,False,191,False,18,False,25,False,56,False,63,False,7,False,72,False,143,False,107,False,0,False,6239.53,False,143,False,1
431846505000001,746,False,364,False,361,False,40,False,39,False,90,False,89,False,0,False,,True,302,False,284,False,23,False,2683.75,False,302,False,1
431846505000002,429,False,250,False,207,False,18,False,32,False,64,False,55,False,0,False,103,False,170,False,33,False,0,False,1589.3,False,170,False,1
431846505000003,306,False,150,False,147,False,16,False,15,False,34,False,39,False,0,False,92,False,119,False,12,False,,True,2062.07,False,119,False,1
431846505000004,339,False,191,False,159,False,23,False,17,False,52,False,36,False,0,False,,True,130,False,5,False,0,False,2263.16,False,130,False,1
431846505000005,29,False,11,False,12,False,,True,,True,,True,,True,0,False,,True,11,False,11,False,0,False,2412.36,False,11,False,1
431846505000006,23,False,11,False,14,False,,True,,True,,True,,True,0,False,6,False,8,False,6,False,0,False,1857.5,False,8,False,1
431846505000007,6,False,3,False,,True,,True,,True,,True,,True,,True,,True,,True,,True,,True,,True,,True,1
431846505000008,24,False,6,False,12,False,,True,,True,0,False,,True,0,False,5,False,6,False,4,False,,True,2916.67,False,6,False,1
431862205000001,1135,False,459,False,554,False,100,False,109,False,69,False,53,False,0,False,434,False,401,False,394,False,372,False,1578.24,False,401,False,1
431862205000002,675,False,296,False,364,False,56,False,52,False,58,False,53,False,0,False,171,False,248,False,235,False,186,False,2757.32,False,248,False,1
431862205000003,353,False,195,False,172,False,29,False,35,False,33,False,17,False,0,False,16,False,120,False,24,False,18,False,1969.95,False,120,False,1
431862205000004,472,False,184,False,223,False,49,False,45,False,27,False,33,False,0,False,88,False,146,False,54,False,43,False,1447.46,False,146,False,0
431862205000005,11,False,4,False,,True,,True,,True,,True,,True,,True,,True,,True,,True,,True,,True,,True,1
431862205000006,104,False,49,False,53,False,7,False,,True,13,False,,True,0,False,,True,40,False,27,False,12,False,2620.56,False,40,False,1
431862210000001,26,False,20,False,10,False,,True,,True,,True,,True,0,False,9,False,14,False,0,False,0,False,1425.0,False,14,False,0
431862210000003,143,False,88,False,57,False,,True,11,False,21,False,16,False,0,False,12,False,52,False,0,False,0,False,3138.38,False,52,False,0
431862210000004,255,False,142,False,110,False,18,False,17,False,23,False,16,False,0,False,,True,93,False,0,False,0,False,1814.65,False,93,False,0
431862215000001,30,False,33,False,16,False,0,False,0,False,,True,6,False,0,False,10,False,11,False,5,False,4,False,1209.0,False,11,False,1
431862215000002,44,False,37,False,16,False,,True,,True,13,False,,True,0,False,8,False,19,False,6,False,10,False,1840.0,False,19,False,1
431862220000001,478,False,195,False,226,False,41,False,31,False,43,False,15,False,0,False,156,False,160,False,154,False,106,False,2639.94,False,160,False,0
431862220000002,81,False,64,False,37,False,9,False,,True,7,False,,True,0,False,,True,27,False,0,False,0,False,2289.81,False,27,False,0
431862220000003,170,False,73,False,78,False,12,False,25,False,19,False,,True,0,False,31,False,49,False,0,False,0,False,1779.41,False,49,False,0
431862225000001,19,False,15,False,6,False,0,False,,True,,True,,True,0,False,0,False,10,False,,True,0,False,1322.0,False,10,False,0
431862225000002,176,False,108,False,77,False,11,False,,True,15,False,10,False,0,False,27,False,66,False,0,False,0,False,2137.28,False,66,False,0
431900005000001,420,False,225,False,242,False,13,False,9,False,64,False,75,False,0,False,38,False,182,False,181,False,158,False,5182.09,False,182,False,1
431900005000002,401,False,216,False,230,False,12,False,12,False,60,False,65,False,,True,32,False,175,False,171,False,122,False,5318.69,False,175,False,1
431900005000003,683,False,327,False,375,False,23,False,33,False,104,False,102,False,0,False,58,False,288,False,284,False,,True,2916.89,False,288,False,1
431900005000004,458,False,234,False,240,False,19,False,23,False,64,False,63,False,0,False,41,False,201,False,192,False,193,False,3849.05,False,201,False,1
431900005000005,831,False,354,False,463,False,42,False,50,False,101,False,107,False,4,False,114,False,334,False,318,False,148,False,4489.11,False,334,False,1
431900005000006,335,False,168,False,185,False,15,False,20,False,42,False,40,False,,True,55,False,142,False,142,False,142,False,2953.37,False,142,False,1
431900005000007,336,False,157,False,184,False,8,False,16,False,57,False,43,False,0,False,41,False,141,False,140,False,123,False,3258.89,False,141,False,1
431900005000008,912,False,359,False,463,False,58,False,52,False,74,False,42,False,0,False,89,False,333,False,331,False,332,False,2559.98,False,333,False,1
431900005000009,753,False,315,False,398,False,44,False,31,False,99,False,109,False,0,False,70,False,300,False,300,False,160,False,3372.42,False,300,False,1
431900005000010,921,False,408,False,472,False,35,False,37,False,129,False,91,False,0,False,101,False,373,False,371,False,335,False,3410.12,False,373,False,1
431900005000011,1076,False,443,False,579,False,59,False,63,False,108,False,69,False,,True,248,False,402,False,384,False,199,False,3296.69,False,402,False,1
431900005000012,695,False,298,False,373,False,29,False,40,False,64,False,92,False,5,False,121,False,270,False,268,False,204,False,3062.83,False,270,False,1
431900005000013,788,False,341,False,425,False,45,False,36,False,105,False,36,False,0,False,81,False,313,False,308,False,280,False,2000.86,False,313,False,1
431900005000014,351,False,165,False,168,False,18,False,23,False,30,False,28,False,0,False,69,False,147,False,147,False,146,False,2023.32,False,147,False,1
431900005000015,763,False,329,False,408,False,26,False,40,False,99,False,71,False,0,False,119,False,292,False,290,False,191,False,3065.14,False,292,False,1
431900005000016,100,False,54,False,46,False,,True,,True,,True,,True,0,False,12,False,41,False,41,False,30,False,3531.97,False,41,False,1
431900005000017,97,False,41,False,57,False,3,False,,True,15,False,16,False,0,False,,True,37,False,37,False,33,False,2768.57,False,37,False,1
431900005000019,563,False,232,False,284,False,33,False,38,False,50,False,32,False,0,False,130,False,202,False,195,False,139,False,2677.72,False,202,False,1
431900005000020,36,False,15,False,20,False,,True,,True,9,False,,True,0,False,5,False,13,False,13,False,13,False,3535.33,False,13,False,1
431900005000021,105,False,48,False,58,False,7,False,6,False,14,False,9,False,0,False,,True,41,False,40,False,23,False,3639.02,False,41,False,1
431900005000022,102,False,48,False,52,False,,True,,True,10,False,9,False,0,False,,True,38,False,37,False,38,False,2306.47,False,38,False,1
431900005000023,61,False,29,False,33,False,,True,,True,,True,8,False,0,False,5,False,24,False,24,False,21,False,1945.27,False,24,False,1
431900005000024,739,False,267,False,356,False,36,False,41,False,55,False,29,False,0,False,162,False,251,False,251,False,251,False,2060.08,False,251,False,1
431900005000027,704,False,275,False,356,False,47,False,42,False,71,False,32,False,0,False,158,False,250,False,242,False,237,False,2394.54,False,250,False,1
431900005000028,142,False,52,False,74,False,10,False,11,False,6,False,8,False,0,False,34,False,51,False,49,False,28,False,2683.86,False,51,False,1
431900005000030,284,False,133,False,137,False,,True,12,False,41,False,41,False,0,False,19,False,104,False,104,False,104,False,2278.61,False,104,False,1
431900005000031,121,False,83,False,59,False,,True,8,False,20,False,24,False,0,False,,True,48,False,5,False,3,False,2451.32,False,48,False,1
431900005000032,269,False,202,False,125,False,15,False,15,False,39,False,31,False,0,False,40,False,109,False,0,False,0,False,2762.61,False,109,False,1
431900005000033,221,False,158,False,109,False,10,False,18,False,19,False,25,False,0,False,22,False,87,False,5,False,23,False,2691.11,False,87,False,1
431900005000034,172,False,123,False,82,False,,True,9,False,28,False,34,False,0,False,8,False,68,False,8,False,,True,3014.0,False,68,False,1
431900005000035,140,False,98,False,64,False,,True,,True,16,False,17,False,0,False,16,False,54,False,,True,3,False,3328.53,False,54,False,1
431900005000036,336,False,195,False,157,False,19,False,20,False,40,False,23,False,,True,,True,120,False,,True,,True,3412.52,False,120,False,1
431900005000037,282,False,182,False,139,False,12,False,14,False,44,False,32,False,7,False,,True,108,False,0,False,0,False,3169.91,False,108,False,1
431900005000038,327,False,184,False,163,False,14,False,16,False,56,False,18,False,0,False,54,False,124,False,5,False,0,False,1931.69,False,124,False,1
431900005000040,11,False,5,False,4,False,,True,0,False,0,False,,True,0,False,0,False,5,False,0,False,,True,2480.0,False,5,False,1
431900005000041,118,False,50,False,58,False,8,False,9,False,16,False,13,False,0,False,,True,47,False,29,False,10,False,4061.7,False,47,False,1
431900005000042,135,False,64,False,73,False,8,False,8,False,14,False,16,False,0,False,8,False,54,False,54,False,54,False,3019.46,False,54,False,1
431900005000043,300,False,139,False,147,False,14,False,15,False,46,False,26,False,0,False,,True,116,False,115,False,116,False,2975.03,False,116,False,1
431900005000044,100,False,44,False,49,False,9,False,7,False,9,False,,True,0,False,,True,39,False,39,False,39,False,2580.76,False,39,False,1
431900005000045,174,False,76,False,94,False,,True,7,False,33,False,15,False,0,False,,True,67,False,67,False,67,False,3620.57,False,67,False,1
431900005000046,251,False,123,False,136,False,14,False,,True,34,False,33,False,0,False,,True,108,False,108,False,108,False,3722.88,False,108,False,1
431900005000049,95,False,40,False,50,False,,True,,True,18,False,11,False,0,False,4,False,38,False,38,False,22,False,2816.58,False,38,False,1
431900005000050,663,False,269,False,333,False,43,False,31,False,76,False,23,False,0,False,68,False,249,False,236,False,214,False,1896.27,False,249,False,1
431900005000051,556,False,235,False,286,False,19,False,26,False,70,False,50,False,,True,90,False,217,False,217,False,216,False,2727.66,False,217,False,1
431900005000052,127,False,48,False,63,False,,True,13,False,16,False,10,False,0,False,6,False,44,False,44,False,43,False,2881.9,False,44,False,1
431900005000055,18,False,11,False,9,False,0,False,0,False,,True,,True,0,False,3,False,8,False,8,False,8,False,3742.86,False,8,False,1
431900005000056,200,False,95,False,100,False,11,False,,True,18,False,10,False,0,False,,True,82,False,82,False,82,False,2501.08,False,82,False,1
431900005000060,723,False,297,False,369,False,35,False,36,False,57,False,60,False,0,False,183,False,270,False,265,False,155,False,3028.57,False,270,False,1
431900005000061,115,False,51,False,56,False,,True,,True,8,False,,True,0,False,6,False,46,False,46,False,46,False,4823.6,False,46,False,1
431900005000062,155,False,74,False,85,False,,True,,True,28,False,21,False,0,False,25,False,69,False,66,False,69,False,2919.7,False,69,False,1
431900005000064,644,False,320,False,326,False,32,False,27,False,56,False,45,False,0,False,86,False,264,False,247,False,8,False,3358.67,False,264,False,1
431900005000065,9,False,7,False,6,False,0,False,,True,,True,,True,0,False,,True,5,False,5,False,,True,4225.0,False,5,False,1
431900005000067,76,False,32,False,40,False,,True,4,False,12,False,,True,0,False,,True,28,False,12,False,0,False,1880.95,False,28,False,1
431900005000069,368,False,160,False,191,False,19,False,31,False,28,False,16,False,0,False,102,False,143,False,129,False,75,False,2895.07,False,143,False,1
431900005000070,344,False,146,False,167,False,16,False,18,False,35,False,24,False,4,False,19,False,127,False,119,False,106,False,3405.86,False,127,False,1
431900005000071,38,False,17,False,17,False,0,False,4,False,,True,,True,0,False,4,False,16,False,12,False,0,False,4679.43,False,16,False,1
431900005000072,179,False,85,False,88,False,7,False,9,False,18,False,11,False,0,False,24,False,73,False,72,False,61,False,3445.25,False,73,False,1
431900020000001,437,False,189,False,217,False,17,False,12,False,67,False,36,False,0,False,24,False,167,False,164,False,162,False,3022.09,False,167,False,1
431900020000002,296,False,185,False,144,False,12,False,13,False,43,False,33,False,0,False,28,False,114,False,,True,0,False,3013.64,False,114,False,1
431900020000003,428,False,257,False,212,False,22,False,20,False,56,False,52,False,0,False,75,False,166,False,8,False,0,False,2864.58,False,166,False,1
431935605000001,614,False,265,False,306,False,34,False,37,False,63,False,46,False,0,False,66,False,234,False,225,False,4,False,2604.39,False,234,False,0
431935605000002,537,False,234,False,272,False,40,False,35,False,41,False,27,False,0,False,40,False,204,False,202,False,10,False,2871.41,False,204,False,0
431935605000003,464,False,211,False,234,False,18,False,33,False,51,False,54,False,0,False,,True,167,False,141,False,0,False,2353.95,False,167,False,0
431935605000004,351,False,146,False,162,False,23,False,29,False,40,False,23,False,0,False,57,False,121,False,110,False,,True,2255.93,False,121,False,1
431935605000005,256,False,113,False,128,False,22,False,19,False,14,False,20,False,0,False,13,False,90,False,72,False,0,False,2505.02,False,90,False,0
431935605000006,194,False,80,False,101,False,10,False,14,False,19,False,18,False,0,False,,True,72,False,68,False,6,False,3034.81,False,72,False,0
431935605000007,252,False,93,False,121,False,12,False,14,False,19,False,11,False,,True,32,False,92,False,92,False,65,False,3078.11,False,92,False,0
431935605000008,76,False,33,False,32,False,,True,,True,,True,6,False,0,False,3,False,28,False,23,False,0,False,3037.43,False,28,False,0
431935605000009,228,False,94,False,120,False,,True,18,False,32,False,19,False,0,False,21,False,84,False,82,False,20,False,2588.54,False,84,False,0
431935605000010,114,False,47,False,54,False,,True,,True,12,False,,True,0,False,5,False,43,False,42,False,0,False,2202.43,False,43,False,1
431935605000011,159,False,75,False,76,False,11,False,9,False,23,False,25,False,0,False,,True,55,False,50,False,,True,6507.41,False,55,False,1
431935605000012,132,False,59,False,64,False,8,False,9,False,6,False,17,False,0,False,9,False,51,False,45,False,,True,2170.47,False,51,False,0
431935605000013,79,False,37,False,36,False,,True,,True,17,False,7,False,0,False,,True,32,False,27,False,3,False,2639.0,False,32,False,0
431935605000014,92,False,37,False,47,False,,True,,True,9,False,,True,0,False,4,False,36,False,35,False,0,False,2176.89,False,36,False,0
431971105000003,185,False,121,False,84,False,,True,9,False,46,False,32,False,0,False,8,False,71,False,45,False,44,False,2551.73,False,71,False,1
431971105000004,158,False,86,False,83,False,7,False,12,False,26,False,23,False,0,False,24,False,59,False,4,False,0,False,1796.2,False,59,False,1
431971105000005,348,False,146,False,159,False,13,False,19,False,61,False,60,False,0,False,33,False,125,False,86,False,,True,2771.49,False,125,False,1
431971105000006,196,False,105,False,95,False,9,False,9,False,22,False,28,False,0,False,,True,69,False,36,False,29,False,1580.72,False,69,False,1
431971105000011,146,False,66,False,69,False,6,False,,True,7,False,7,False,0,False,35,False,56,False,52,False,,True,2519.7,False,56,False,1
431971105000012,603,False,278,False,319,False,33,False,27,False,83,False,81,False,0,False,56,False,241,False,104,False,3,False,3375.08,False,241,False,1
431971110000001,41,False,30,False,24,False,0,False,,True,,True,,True,0,False,0,False,17,False,7,False,0,False,1569.41,False,17,False,1
431971110000002,123,False,60,False,58,False,,True,7,False,18,False,20,False,0,False,4,False,44,False,0,False,0,False,1641.0,False,44,False,1
431971120000001,177,False,139,False,85,False,6,False,10,False,35,False,35,False,0,False,,True,69,False,59,False,,True,2328.78,False,69,False,1
431971120000002,125,False,165,False,59,False,0,False,,True,29,False,29,False,0,False,8,False,54,False,18,False,16,False,1662.12,False,54,False,1
431971120000003,105,False,117,False,48,False,,True,,True,17,False,26,False,0,False,,True,41,False,0,False,0,False,1726.73,False,41,False,1
432040405000001,507,False,263,False,259,False,19,False,21,False,63,False,58,False,0,False,66,False,223,False,223,False,,True,3864.24,False,223,False,1
432040405000002,611,False,264,False,342,False,39,False,25,False,63,False,56,False,0,False,119,False,242,False,242,False,,True,3313.13,False,242,False,1
432040405000003,60,False,26,False,26,False,,True,,True,7,False,,True,0,False,6,False,23,False,20,False,0,False,4582.61,False,23,False,1
432040405000004,38,False,16,False,24,False,,True,,True,,True,,True,0,False,10,False,14,False,14,False,0,False,3236.57,False,14,False,1
432040405000006,402,False,145,False,204,False,26,False,32,False,24,False,12,False,0,False,112,False,134,False,134,False,0,False,2552.18,False,134,False,1
432040405000008,34,False,13,False,17,False,,True,,True,,True,,True,0,False,,True,13,False,0,False,0,False,1984.62,False,13,False,1
432040405000009,24,False,10,False,12,False,4,False,0,False,,True,,True,0,False,,True,8,False,0,False,0,False,2267.0,False,8,False,1
432040405000010,1478,False,539,False,733,False,90,False,104,False,106,False,102,False,,True,156,False,511,False,507,False,30,False,2545.68,False,511,False,1
432040405000011,585,False,215,False,290,False,30,False,40,False,57,False,47,False,0,False,87,False,200,False,200,False,0,False,2494.45,False,200,False,1
432040405000012,163,False,52,False,79,False,12,False,15,False,7,False,8,False,0,False,43,False,51,False,49,False,6,False,2326.06,False,51,False,1
432040405000015,345,False,147,False,167,False,26,False,23,False,30,False,10,False,0,False,62,False,128,False,125,False,0,False,2699.27,False,128,False,1
432040405000018,68,False,23,False,33,False,,True,,True,,True,,True,0,False,13,False,22,False,22,False,0,False,2959.45,False,22,False,1
432040405000019,69,False,27,False,31,False,,True,,True,10,False,,True,0,False,,True,27,False,27,False,0,False,3513.04,False,27,False,1
432040405000022,154,False,69,False,76,False,,True,,True,13,False,32,False,0,False,13,False,60,False,53,False,0,False,2481.8,False,60,False,1
432040405000023,21,False,7,False,10,False,0,False,,True,,True,6,False,0,False,0,False,7,False,5,False,0,False,2364.0,False,7,False,1
432040405000024,696,False,274,False,355,False,29,False,42,False,67,False,71,False,0,False,86,False,256,False,255,False,,True,2569.71,False,256,False,1
432040405000025,499,False,225,False,265,False,31,False,39,False,29,False,16,False,0,False,87,False,204,False,204,False,,True,3492.25,False,204,False,1
432040405000026,348,False,157,False,184,False,18,False,20,False,51,False,31,False,4,False,59,False,128,False,128,False,,True,3219.48,False,128,False,1
432040405000027,119,False,50,False,64,False,,True,,True,14,False,11,False,0,False,14,False,42,False,42,False,,True,4125.22,False,42,False,1
432040405000028,117,False,48,False,61,False,9,False,,True,6,False,6,False,0,False,15,False,42,False,42,False,,True,5017.5,False,42,False,1
432040405000029,221,False,95,False,120,False,14,False,10,False,27,False,22,False,0,False,26,False,88,False,88,False,3,False,3756.37,False,88,False,1
432040405000030,267,False,109,False,129,False,13,False,12,False,37,False,28,False,0,False,43,False,99,False,99,False,0,False,3619.6,False,99,False,1
432040405000031,379,False,159,False,190,False,23,False,23,False,37,False,43,False,0,False,60,False,150,False,150,False,0,False,2619.39,False,150,False,1
432040405000032,122,False,58,False,61,False,,True,,True,9,False,14,False,0,False,,True,50,False,50,False,0,False,4358.74,False,50,False,1
432040405000033,85,False,36,False,48,False,,True,3,False,19,False,,True,0,False,,True,34,False,34,False,0,False,2637.39,False,34,False,1
432040405000034,504,False,222,False,265,False,31,False,48,False,45,False,27,False,0,False,65,False,186,False,185,False,,True,3807.44,False,186,False,1
432040405000035,193,False,79,False,106,False,10,False,15,False,16,False,21,False,0,False,41,False,77,False,77,False,0,False,4056.59,False,77,False,1
432040405000038,137,False,55,False,64,False,,True,12,False,20,False,14,False,0,False,26,False,48,False,48,False,0,False,2525.83,False,48,False,1
432040405000040,162,False,58,False,79,False,11,False,18,False,,True,,True,3,False,49,False,58,False,58,False,,True,2714.91,False,58,False,1
432040405000041,76,False,31,False,42,False,,True,,True,9,False,,True,0,False,,True,29,False,29,False,0,False,3352.57,False,29,False,1
432040405000042,698,False,265,False,344,False,35,False,25,False,74,False,40,False,0,False,134,False,256,False,256,False,,True,2389.65,False,256,False,1
432040405000043,550,False,218,False,295,False,40,False,35,False,44,False,24,False,0,False,121,False,202,False,202,False,0,False,2460.45,False,202,False,1
432040405000044,546,False,228,False,262,False,33,False,23,False,79,False,41,False,,True,162,False,215,False,215,False,0,False,2260.75,False,215,False,1
432040405000048,173,False,71,False,87,False,11,False,,True,24,False,21,False,0,False,22,False,60,False,57,False,0,False,2726.2,False,60,False,1
432040405000049,10,False,6,False,,True,,True,,True,,True,,True,,True,,True,,True,,True,,True,,True,,True,1
432040405000051,326,False,129,False,160,False,12,False,11,False,53,False,63,False,0,False,33,False,110,False,16,False,0,False,5256.68,False,110,False,1
432040405000052,280,False,125,False,132,False,8,False,18,False,39,False,47,False,0,False,17,False,93,False,43,False,0,False,5457.22,False,93,False,1
432040405000054,122,False,70,False,53,False,,True,,True,19,False,28,False,0,False,21,False,41,False,36,False,0,False,1635.37,False,41,False,1
432040405000055,339,False,138,False,160,False,10,False,17,False,52,False,57,False,0,False,23,False,103,False,0,False,0,False,5996.16,False,103,False,1
432040405000056,820,False,354,False,459,False,39,False,38,False,96,False,81,False,0,False,122,False,333,False,331,False,6,False,4081.85,False,333,False,1
432040405000057,452,False,210,False,236,False,26,False,16,False,53,False,48,False,0,False,72,False,189,False,189,False,4,False,4062.87,False,189,False,1
432040405000058,339,False,119,False,182,False,19,False,23,False,34,False,30,False,0,False,45,False,113,False,113,False,,True,2477.84,False,113,False,1
432040405000059,3,False,3,False,,True,,True,,True,,True,,True,,True,,True,,True,,True,,True,,True,,True,1
432040405000060,53,False,23,False,24,False,,True,,True,,True,7,False,0,False,,True,21,False,0,False,0,False,2484.5,False,21,False,1
432040405000062,33,False,11,False,19,False,,True,,True,,True,,True,0,False,0,False,9,False,9,False,0,False,2383.11,False,9,False,1
432040405000063,70,False,32,False,38,False,,True,,True,,True,15,False,0,False,,True,29,False,18,False,0,False,2074.41,False,29,False,1
432040405000064,77,False,27,False,41,False,9,False,,True,,True,,True,0,False,30,False,26,False,22,False,0,False,2461.0,False,26,False,1
432040405000065,414,False,186,False,212,False,22,False,26,False,41,False,32,False,0,False,75,False,161,False,161,False,5,False,3137.4,False,161,False,1
432040405000066,629,False,238,False,321,False,29,False,25,False,67,False,56,False,0,False,47,False,226,False,226,False,,True,2705.99,False,226,False,1
432040405000067,109,False,39,False,51,False,8,False,,True,9,False,11,False,0,False,12,False,37,False,21,False,0,False,2571.51,False,37,False,1
432040405000068,516,False,186,False,258,False,50,False,49,False,12,False,,True,0,False,80,False,178,False,177,False,6,False,2887.08,False,178,False,1
432040405000069,658,False,234,False,328,False,60,False,59,False,41,False,28,False,,True,158,False,224,False,224,False,0,False,3604.6,False,224,False,1
432040405000070,582,False,289,False,281,False,26,False,27,False,67,False,63,False,0,False,142,False,212,False,162,False,,True,2172.6,False,212,False,1
432040405000071,277,False,95,False,148,False,26,False,24,False,6,False,12,False,0,False,122,False,89,False,82,False,,True,1769.95,False,89,False,1
432040405000072,44,False,32,False,21,False,,True,0,False,4,False,,True,0,False,12,False,20,False,0,False,0,False,2212.35,False,20,False,1
432040415000001,99,False,46,False,51,False,,True,3,False,17,False,18,False,0,False,,True,38,False,,True,0,False,3032.74,False,38,False,1
432040415000002,258,False,93,False,126,False,6,False,7,False,54,False,60,False,0,False,4,False,87,False,,True,0,False,3586.4,False,87,False,1
432045305000001,629,False,287,False,326,False,27,False,34,False,60,False,101,False,0,False,44,False,261,False,249,False,0,False,2398.94,False,261,False,1
432045305000002,170,False,95,False,81,False,,True,,True,32,False,24,False,0,False,18,False,70,False,45,False,0,False,3116.17,False,70,False,1
432045305000003,125,False,72,False,55,False,,True,10,False,18,False,11,False,0,False,7,False,50,False,24,False,0,False,3554.34,False,50,False,1
432045305000004,101,False,54,False,51,False,,True,,True,16,False,14,False,0,False,,True,39,False,12,False,0,False,3000.51,False,39,False,1
432045305000005,142,False,89,False,68,False,,True,,True,24,False,30,False,0,False,,True,55,False,34,False,0,False,1750.04,False,55,False,1
432045305000006,363,False,186,False,172,False,12,False,9,False,54,False,54,False,0,False,14,False,149,False,76,False,0,False,1699.27,False,149,False,1
432045305000007,142,False,62,False,57,False,,True,9,False,,True,16,False,0,False,,True,49,False,17,False,0,False,1681.96,False,49,False,1
432045305000008,140,False,68,False,72,False,9,False,8,False,21,False,22,False,0,False,7,False,51,False,44,False,0,False,2326.49,False,51,False,1
432045305000009,129,False,71,False,59,False,,True,6,False,27,False,20,False,0,False,,True,56,False,25,False,0,False,1806.82,False,56,False,1
432067705000001,635,False,289,False,332,False,25,False,28,False,85,False,118,False,0,False,74,False,246,False,234,False,3,False,2602.17,False,246,False,0
432067705000002,705,False,339,False,359,False,38,False,32,False,90,False,93,False,0,False,76,False,281,False,278,False,5,False,2805.32,False,281,False,0
432067705000003,514,False,235,False,253,False,28,False,27,False,62,False,64,False,0,False,154,False,190,False,141,False,,True,1773.31,False,190,False,0
432067705000004,506,False,258,False,227,False,15,False,28,False,53,False,71,False,0,False,115,False,197,False,10,False,0,False,1699.24,False,197,False,0
432067705000005,488,False,237,False,227,False,33,False,28,False,41,False,41,False,0,False,48,False,182,False,11,False,0,False,1522.86,False,182,False,0
432067705000006,406,False,186,False,183,False,15,False,17,False,47,False,49,False,0,False,70,False,153,False,58,False,0,False,1550.39,False,153,False,0
432067705000007,461,False,216,False,209,False,18,False,20,False,53,False,51,False,0,False,,True,168,False,54,False,0,False,1588.91,False,168,False,0
432067705000008,480,False,215,False,219,False,24,False,27,False,71,False,51,False,0,False,77,False,173,False,73,False,0,False,1601.17,False,173,False,0
432067705000009,494,False,244,False,235,False,22,False,21,False,73,False,73,False,0,False,43,False,187,False,85,False,0,False,1964.26,False,187,False,1
432067705000011,613,False,274,False,294,False,37,False,31,False,82,False,61,False,0,False,,True,215,False,86,False,0,False,1441.88,False,215,False,0
432067705000012,527,False,265,False,244,False,24,False,20,False,87,False,61,False,0,False,58,False,206,False,71,False,0,False,1905.23,False,206,False,0
432067705000013,515,False,242,False,234,False,16,False,26,False,70,False,54,False,0,False,105,False,196,False,,True,0,False,1071.26,False,196,False,0
432067705000014,466,False,232,False,215,False,24,False,27,False,45,False,29,False,0,False,,True,176,False,20,False,0,False,1225.0,False,176,False,0
432067705000015,142,False,79,False,59,False,10,False,11,False,14,False,11,False,0,False,53,False,54,False,29,False,0,False,1232.79,False,54,False,0
432067705000016,217,False,107,False,109,False,9,False,11,False,38,False,23,False,0,False,50,False,90,False,73,False,0,False,1982.22,False,90,False,0
432067705000017,375,False,197,False,182,False,10,False,19,False,45,False,57,False,0,False,55,False,132,False,35,False,,True,1975.29,False,132,False,0
432067705000018,467,False,197,False,242,False,22,False,26,False,61,False,54,False,0,False,34,False,166,False,96,False,,True,2209.19,False,166,False,0
432067705000019,567,False,231,False,263,False,25,False,27,False,79,False,64,False,0,False,100,False,194,False,64,False,0,False,2049.49,False,194,False,0
432080005000001,924,False,471,False,519,False,45,False,48,False,92,False,103,False,,True,82,False,425,False,423,False,409,False,4704.84,False,425,False,1
432080005000002,589,False,284,False,341,False,25,False,21,False,81,False,83,False,0,False,62,False,260,False,260,False,256,False,5211.68,False,260,False,1
432080005000003,482,False,302,False,260,False,23,False,29,False,71,False,79,False,,True,,True,212,False,212,False,163,False,5496.27,False,212,False,1
432080005000004,489,False,281,False,274,False,20,False,23,False,70,False,67,False,0,False,30,False,226,False,226,False,192,False,8390.37,False,226,False,1
432080005000005,677,False,348,False,384,False,32,False,20,False,76,False,101,False,0,False,52,False,297,False,297,False,293,False,4033.97,False,297,False,1
432080005000006,803,False,359,False,429,False,33,False,41,False,77,False,95,False,,True,103,False,318,False,317,False,199,False,2874.54,False,318,False,1
432080005000007,555,False,245,False,272,False,20,False,30,False,86,False,65,False,0,False,89,False,228,False,227,False,171,False,2858.45,False,228,False,1
432080005000008,797,False,319,False,419,False,45,False,65,False,79,False,44,False,0,False,213,False,290,False,289,False,135,False,2087.97,False,290,False,1
432080005000009,382,False,172,False,203,False,22,False,22,False,52,False,33,False,0,False,44,False,157,False,156,False,140,False,3027.1,False,157,False,1
432080005000010,523,False,231,False,267,False,48,False,36,False,40,False,31,False,0,False,187,False,206,False,205,False,112,False,1679.15,False,206,False,1
432080005000011,930,False,337,False,469,False,96,False,80,False,62,False,37,False,0,False,382,False,312,False,309,False,249,False,1725.69,False,312,False,0
432080005000012,604,False,248,False,305,False,44,False,38,False,51,False,40,False,0,False,104,False,228,False,227,False,141,False,1800.7,False,228,False,0
432080005000013,594,False,256,False,306,False,42,False,46,False,55,False,33,False,0,False,90,False,232,False,232,False,101,False,1872.09,False,232,False,1
432080005000014,584,False,261,False,296,False,38,False,41,False,66,False,51,False,0,False,126,False,240,False,240,False,239,False,2105.71,False,240,False,1
432080005000015,573,False,254,False,301,False,44,False,49,False,50,False,26,False,0,False,158,False,225,False,219,False,186,False,1804.93,False,225,False,1
432080005000016,724,False,282,False,354,False,52,False,62,False,51,False,50,False,0,False,232,False,264,False,262,False,185,False,2023.92,False,264,False,1
432080005000017,750,False,333,False,401,False,56,False,54,False,65,False,58,False,0,False,125,False,304,False,302,False,287,False,3439.33,False,304,False,1
432080005000018,486,False,203,False,263,False,28,False,35,False,60,False,38,False,0,False,85,False,183,False,183,False,98,False,2951.16,False,183,False,1
432080005000019,863,False,374,False,433,False,54,False,50,False,77,False,71,False,0,False,173,False,333,False,333,False,198,False,1816.11,False,333,False,1
432080005000020,729,False,307,False,388,False,22,False,47,False,81,False,89,False,0,False,143,False,284,False,284,False,277,False,3021.18,False,284,False,0
432080005000021,587,False,238,False,310,False,57,False,45,False,36,False,29,False,0,False,197,False,213,False,210,False,181,False,1709.22,False,213,False,0
432080005000022,551,False,258,False,290,False,28,False,24,False,65,False,60,False,0,False,123,False,226,False,226,False,131,False,2835.49,False,226,False,0
432080005000023,587,False,296,False,303,False,33,False,26,False,74,False,58,False,0,False,69,False,264,False,264,False,50,False,4634.33,False,264,False,0
432080005000024,896,False,425,False,486,False,45,False,45,False,95,False,83,False,0,False,74,False,368,False,364,False,323,False,4041.07,False,368,False,0
432080005000025,707,False,302,False,376,False,30,False,47,False,75,False,52,False,0,False,131,False,281,False,281,False,275,False,3152.86,False,281,False,0
432080005000026,432,False,219,False,232,False,12,False,22,False,57,False,55,False,0,False,75,False,176,False,175,False,135,False,2561.67,False,176,False,0
432080005000027,181,False,114,False,86,False,13,False,9,False,20,False,16,False,0,False,,True,67,False,,True,0,False,2890.72,False,67,False,0
432080005000028,58,False,54,False,20,False,,True,,True,15,False,,True,0,False,,True,26,False,0,False,0,False,2774.68,False,26,False,1
432080005000029,219,False,126,False,106,False,10,False,10,False,25,False,24,False,0,False,56,False,83,False,48,False,0,False,2546.55,False,83,False,0
432080005000030,255,False,181,False,118,False,12,False,13,False,38,False,32,False,0,False,,True,99,False,72,False,0,False,1896.65,False,99,False,0
432080005000031,259,False,159,False,118,False,12,False,12,False,34,False,42,False,0,False,,True,106,False,0,False,0,False,1683.54,False,106,False,0
432080005000032,176,False,117,False,92,False,8,False,6,False,37,False,24,False,0,False,22,False,64,False,14,False,54,False,1910.17,False,64,False,0
432080005000033,15,False,10,False,7,False,0,False,,True,4,False,0,False,0,False,,True,6,False,0,False,0,False,1789.33,False,6,False,0
432080005000034,192,False,122,False,88,False,,True,8,False,20,False,29,False,0,False,27,False,73,False,0,False,0,False,1987.64,False,73,False,0
432080005000035,12,False,7,False,3,False,,True,0,False,,True,0,False,0,False,,True,5,False,0,False,0,False,1400.0,False,5,False,1
432080005000036,41,False,32,False,16,False,,True,,True,,True,,True,0,False,11,False,19,False,0,False,0,False,1696.74,False,19,False,0
432080005000037,546,False,242,False,286,False,30,False,34,False,77,False,49,False,0,False,70,False,228,False,228,False,63,False,3220.59,False,228,False,1
432080005000038,731,False,294,False,372,False,36,False,53,False,62,False,48,False,0,False,38,False,273,False,272,False,75,False,2136.78,False,273,False,1
432080005000039,377,False,183,False,214,False,18,False,17,False,47,False,56,False,0,False,47,False,158,False,158,False,55,False,4350.75,False,158,False,1
432080005000040,1044,False,388,False,486,False,112,False,69,False,50,False,44,False,,True,370,False,356,False,345,False,309,False,2039.85,False,356,False,0
432080005000041,598,False,254,False,296,False,45,False,57,False,30,False,27,False,0,False,249,False,221,False,215,False,177,False,1316.87,False,221,False,0
432080005000042,491,False,202,False,239,False,31,False,30,False,61,False,25,False,0,False,114,False,187,False,185,False,178,False,2282.73,False,187,False,0
432080005000043,720,False,258,False,385,False,53,False,43,False,76,False,96,False,0,False,108,False,235,False,233,False,46,False,1917.84,False,235,False,1
432080005000044,798,False,397,False,418,False,45,False,49,False,78,False,49,False,0,False,76,False,333,False,331,False,162,False,2420.35,False,333,False,1
432080005000045,509,False,201,False,268,False,36,False,33,False,47,False,29,False,0,False,158,False,183,False,182,False,158,False,2365.02,False,183,False,0
432080005000046,860,False,370,False,439,False,62,False,52,False,72,False,58,False,0,False,205,False,332,False,324,False,228,False,2971.71,False,332,False,0
432080005000047,975,False,406,False,491,False,72,False,73,False,86,False,43,False,0,False,214,False,365,False,362,False,203,False,3357.83,False,365,False,0
432080005000048,180,False,23,False,33,False,,True,,True,6,False,,True,,True,46,False,21,False,21,False,9,False,2070.57,False,21,False,1
432080005000049,158,False,121,False,71,False,,True,8,False,26,False,15,False,0,False,,True,65,False,24,False,0,False,1651.41,False,65,False,1
432080005000050,258,False,167,False,124,False,13,False,10,False,40,False,22,False,0,False,,True,104,False,0,False,0,False,1857.33,False,104,False,0
432080005000051,216,False,100,False,103,False,15,False,22,False,15,False,9,False,0,False,73,False,84,False,81,False,78,False,1969.11,False,84,False,0
432080005000052,472,False,219,False,254,False,45,False,25,False,32,False,18,False,0,False,108,False,176,False,158,False,90,False,1791.6,False,176,False,1
432080005000053,49,False,28,False,23,False,0,False,0,False,,True,,True,0,False,11,False,23,False,19,False,15,False,2144.52,False,23,False,1
432080005000054,115,False,48,False,53,False,,True,14,False,6,False,8,False,0,False,39,False,40,False,33,False,,True,1764.44,False,40,False,0
432080005000055,6,False,3,False,,True,,True,,True,,True,,True,,True,,True,,True,,True,,True,,True,,True,0
432080005000056,24,False,12,False,12,False,,True,,True,,True,,True,0,False,0,False,8,False,4,False,6,False,1465.0,False,8,False,0
432080005000057,324,False,127,False,164,False,25,False,27,False,19,False,11,False,0,False,82,False,115,False,113,False,68,False,2533.49,False,115,False,0
432080005000058,92,False,53,False,48,False,13,False,,True,,True,,True,0,False,9,False,36,False,21,False,3,False,1770.67,False,36,False,0
432080012000001,69,False,34,False,31,False,,True,,True,15,False,14,False,0,False,,True,27,False,9,False,0,False,2805.22,False,27,False,0
432080012000002,142,False,74,False,71,False,,True,9,False,23,False,19,False,0,False,23,False,51,False,,True,0,False,1798.04,False,51,False,0
432080012000003,62,False,31,False,30,False,,True,,True,10,False,9,False,0,False,21,False,26,False,16,False,0,False,2781.62,False,26,False,0
432080012000004,153,False,81,False,85,False,17,False,,True,21,False,20,False,0,False,,True,56,False,,True,0,False,2293.59,False,56,False,0
432080012000005,79,False,37,False,41,False,,True,,True,16,False,8,False,0,False,,True,32,False,,True,0,False,1973.5,False,32,False,0
432080027000001,106,False,54,False,54,False,,True,6,False,21,False,14,False,0,False,11,False,42,False,42,False,,True,2105.7,False,42,False,1
432080027000002,496,False,253,False,228,False,22,False,26,False,63,False,60,False,0,False,28,False,186,False,49,False,180,False,3669.25,False,186,False,1
432080035000001,32,False,21,False,14,False,0,False,,True,8,False,,True,0,False,5,False,12,False,11,False,0,False,3308.33,False,12,False,0
432080035000002,269,False,179,False,134,False,15,False,11,False,36,False,32,False,0,False,55,False,118,False,81,False,0,False,2575.79,False,118,False,0
432080035000003,551,False,293,False,255,False,22,False,22,False,86,False,66,False,0,False,,True,223,False,181,False,0,False,2343.57,False,223,False,0
432080035000004,263,False,151,False,131,False,13,False,15,False,40,False,36,False,0,False,,True,99,False,73,False,0,False,2772.2,False,99,False,0
432085905000002,495,False,249,False,269,False,32,False,27,False,51,False,61,False,0,False,,True,206,False,151,False,,True,2311.21,False,206,False,1
432085905000003,167,False,99,False,85,False,9,False,13,False,15,False,16,False,0,False,,True,65,False,11,False,0,False,2546.47,False,65,False,1
432085905000006,124,False,63,False,60,False,10,False,13,False,17,False,13,False,0,False,5,False,50,False,19,False,0,False,2195.26,False,50,False,1
432085905000007,174,False,114,False,81,False,,True,,True,22,False,33,False,0,False,9,False,81,False,9,False,0,False,1968.57,False,81,False,1
432085905000008,239,False,118,False,117,False,12,False,,True,27,False,39,False,0,False,,True,98,False,62,False,0,False,2686.15,False,98,False,1
432085905000009,125,False,60,False,64,False,6,False,6,False,14,False,16,False,0,False,3,False,47,False,4,False,0,False,2322.62,False,47,False,1
432085905000010,301,False,138,False,152,False,34,False,23,False,24,False,14,False,0,False,27,False,106,False,9,False,0,False,1938.58,False,106,False,1
432085905000011,144,False,85,False,71,False,,True,9,False,27,False,28,False,0,False,0,False,60,False,,True,0,False,2299.05,False,60,False,1
432085905000012,238,False,117,False,121,False,19,False,20,False,20,False,18,False,0,False,20,False,90,False,6,False,0,False,2086.33,False,90,False,1
432085905000013,424,False,232,False,208,False,20,False,23,False,56,False,40,False,0,False,39,False,173,False,0,False,0,False,2164.94,False,173,False,1
432085905000014,30,False,10,False,16,False,,True,,True,,True,0,False,30,False,0,False,8,False,0,False,0,False,860.0,False,8,False,1
432085905000015,107,False,67,False,44,False,,True,,True,18,False,10,False,0,False,,True,47,False,0,False,0,False,1977.06,False,47,False,1
432085905000016,238,False,116,False,126,False,14,False,20,False,18,False,21,False,0,False,16,False,93,False,28,False,,True,2473.07,False,93,False,1
432085905000017,593,False,292,False,305,False,50,False,41,False,81,False,42,False,0,False,94,False,227,False,17,False,3,False,2099.84,False,227,False,1
432085905000018,647,False,294,False,314,False,46,False,50,False,45,False,46,False,0,False,126,False,234,False,190,False,,True,2086.43,False,234,False,1
432085905000019,415,False,183,False,211,False,30,False,32,False,47,False,30,False,0,False,58,False,159,False,131,False,7,False,2494.24,False,159,False,1
432130305000001,344,False,186,False,200,False,,True,17,False,58,False,51,False,0,False,25,False,143,False,142,False,8,False,4644.92,False,143,False,1
432130305000002,385,False,195,False,218,False,12,False,10,False,49,False,73,False,0,False,23,False,165,False,165,False,21,False,3716.17,False,165,False,1
432130305000003,572,False,279,False,309,False,20,False,23,False,89,False,99,False,0,False,15,False,246,False,245,False,3,False,4054.47,False,246,False,1
432130305000004,750,False,388,False,405,False,25,False,34,False,95,False,73,False,0,False,30,False,337,False,335,False,4,False,4879.49,False,337,False,1
432130305000005,379,False,179,False,204,False,18,False,28,False,45,False,51,False,0,False,55,False,161,False,161,False,11,False,3040.57,False,161,False,1
432130305000006,740,False,371,False,387,False,43,False,56,False,74,False,54,False,0,False,85,False,309,False,304,False,6,False,1973.17,False,309,False,1
432130305000007,533,False,251,False,285,False,26,False,43,False,68,False,40,False,0,False,47,False,223,False,223,False,9,False,2595.8,False,223,False,1
432130305000008,1005,False,425,False,519,False,61,False,71,False,87,False,62,False,0,False,92,False,390,False,384,False,,True,3349.11,False,390,False,1
432130305000009,312,False,145,False,164,False,11,False,21,False,43,False,36,False,0,False,25,False,124,False,120,False,,True,2056.58,False,124,False,1
432130305000010,482,False,185,False,209,False,33,False,35,False,49,False,24,False,0,False,88,False,171,False,169,False,11,False,1749.03,False,171,False,1
432130305000011,1058,False,446,False,552,False,78,False,98,False,102,False,58,False,0,False,139,False,418,False,412,False,67,False,1737.7,False,418,False,1
432130305000012,757,False,345,False,379,False,50,False,43,False,93,False,61,False,0,False,55,False,307,False,292,False,3,False,2957.86,False,307,False,1
432130305000014,641,False,295,False,334,False,38,False,46,False,88,False,60,False,0,False,62,False,262,False,261,False,8,False,2409.34,False,262,False,1
432130305000015,1631,False,714,False,847,False,106,False,124,False,144,False,82,False,0,False,67,False,631,False,628,False,7,False,2571.19,False,631,False,1
432130305000016,444,False,202,False,233,False,30,False,38,False,38,False,46,False,0,False,51,False,165,False,163,False,31,False,2089.38,False,165,False,1
432130305000017,680,False,301,False,350,False,40,False,43,False,81,False,56,False,,True,63,False,263,False,260,False,40,False,2621.35,False,263,False,1
432130305000018,727,False,343,False,391,False,49,False,58,False,77,False,52,False,,True,77,False,296,False,295,False,21,False,3350.22,False,296,False,1
432130305000019,367,False,162,False,194,False,19,False,20,False,53,False,42,False,0,False,11,False,144,False,143,False,3,False,6534.83,False,144,False,1
432130305000020,644,False,275,False,338,False,26,False,43,False,76,False,77,False,0,False,89,False,245,False,244,False,5,False,2240.77,False,245,False,1
432130305000021,256,False,129,False,132,False,12,False,,True,33,False,31,False,0,False,65,False,106,False,105,False,0,False,2467.36,False,106,False,1
432130305000022,534,False,277,False,280,False,24,False,21,False,87,False,64,False,0,False,81,False,232,False,228,False,43,False,2352.11,False,232,False,1
432130305000023,402,False,193,False,211,False,19,False,22,False,65,False,37,False,0,False,36,False,159,False,157,False,32,False,2709.5,False,159,False,1
432130305000025,917,False,431,False,482,False,43,False,61,False,108,False,101,False,0,False,70,False,377,False,339,False,,True,2292.44,False,377,False,1
432130305000027,154,False,120,False,87,False,,True,,True,25,False,26,False,0,False,18,False,77,False,77,False,23,False,4630.32,False,77,False,1
432130305000028,523,False,273,False,284,False,35,False,37,False,75,False,65,False,0,False,71,False,233,False,233,False,149,False,4628.8,False,233,False,1
432130305000029,305,False,195,False,167,False,8,False,16,False,39,False,62,False,0,False,,True,143,False,143,False,31,False,3537.33,False,143,False,1
432130305000030,845,False,368,False,446,False,44,False,60,False,82,False,85,False,0,False,64,False,340,False,335,False,15,False,2644.76,False,340,False,1
432130305000031,371,False,186,False,202,False,14,False,20,False,53,False,42,False,0,False,24,False,157,False,156,False,6,False,2910.67,False,157,False,1
432130305000032,350,False,150,False,182,False,22,False,23,False,36,False,29,False,0,False,34,False,137,False,135,False,5,False,2550.0,False,137,False,1
432130305000033,378,False,183,False,191,False,17,False,21,False,52,False,52,False,0,False,38,False,166,False,163,False,6,False,1825.88,False,166,False,1
432130305000034,586,False,279,False,312,False,23,False,23,False,81,False,68,False,,True,52,False,243,False,238,False,4,False,2370.82,False,243,False,1
432130305000036,75,False,81,False,32,False,0,False,,True,15,False,23,False,0,False,14,False,31,False,12,False,0,False,2059.48,False,31,False,1
432130305000037,335,False,191,False,153,False,16,False,20,False,48,False,26,False,0,False,42,False,144,False,87,False,0,False,2009.1,False,144,False,1
432130305000039,325,False,187,False,151,False,19,False,20,False,44,False,25,False,0,False,66,False,129,False,42,False,0,False,1807.42,False,129,False,1
432130305000040,131,False,78,False,64,False,7,False,14,False,12,False,23,False,0,False,15,False,51,False,0,False,0,False,2148.69,False,51,False,1
432130305000041,258,False,181,False,122,False,12,False,15,False,38,False,26,False,0,False,43,False,110,False,20,False,0,False,1985.85,False,110,False,1
432130305000042,276,False,133,False,137,False,,True,7,False,52,False,67,False,0,False,22,False,66,False,19,False,0,False,2623.05,False,66,False,1
432130305000043,57,False,49,False,26,False,,True,,True,,True,,True,0,False,7,False,21,False,19,False,0,False,2047.11,False,21,False,1
432130305000044,64,False,31,False,29,False,,True,,True,8,False,,True,0,False,5,False,27,False,3,False,0,False,2089.26,False,27,False,1
432130305000045,545,False,212,False,275,False,32,False,48,False,36,False,30,False,,True,54,False,197,False,196,False,44,False,2201.91,False,197,False,1
432130305000046,598,False,255,False,314,False,43,False,50,False,56,False,47,False,0,False,36,False,223,False,223,False,,True,1979.63,False,223,False,1
432130305000047,590,False,276,False,298,False,24,False,51,False,52,False,42,False,0,False,31,False,228,False,225,False,,True,2137.33,False,228,False,1
432130305000048,307,False,147,False,159,False,13,False,23,False,42,False,21,False,,True,35,False,123,False,108,False,0,False,2225.46,False,123,False,1
432130305000049,471,False,213,False,250,False,35,False,37,False,61,False,43,False,0,False,69,False,188,False,173,False,4,False,1751.57,False,188,False,1
432130305000050,662,False,261,False,325,False,50,False,73,False,59,False,22,False,0,False,226,False,224,False,208,False,13,False,1914.94,False,224,False,1
432130305000051,104,False,76,False,49,False,,True,,True,12,False,9,False,0,False,8,False,41,False,0,False,0,False,2195.95,False,41,False,1
432130305000052,296,False,131,False,139,False,22,False,29,False,17,False,,True,,True,65,False,106,False,103,False,,True,1676.32,False,106,False,1
432130305000053,83,False,60,False,37,False,,True,,True,11,False,9,False,0,False,,True,34,False,16,False,0,False,2094.76,False,34,False,1
432130305000054,318,False,148,False,166,False,10,False,35,False,39,False,26,False,0,False,,True,120,False,92,False,,True,2094.51,False,120,False,1
432130305000055,120,False,71,False,60,False,,True,,True,19,False,14,False,0,False,,True,55,False,45,False,0,False,2237.41,False,55,False,1
432130307000001,30,False,23,False,11,False,,True,,True,,True,,True,0,False,,True,15,False,15,False,0,False,1900.0,False,15,False,1
432130307000002,400,False,225,False,175,False,20,False,21,False,65,False,40,False,0,False,17,False,166,False,61,False,0,False,1692.8,False,166,False,1
432130307000003,110,False,93,False,53,False,,True,6,False,13,False,16,False,0,False,12,False,43,False,3,False,0,False,1794.05,False,43,False,1
432130307000004,130,False,113,False,55,False,,True,,True,23,False,20,False,0,False,,True,61,False,,True,0,False,1949.93,False,61,False,1
432130307000005,156,False,116,False,78,False,9,False,,True,15,False,24,False,0,False,26,False,68,False,,True,0,False,1843.85,False,68,False,1
432130307000006,320,False,161,False,162,False,24,False,22,False,42,False,20,False,0,False,20,False,114,False,0,False,0,False,1651.26,False,114,False,1
432130307000007,162,False,87,False,81,False,14,False,9,False,24,False,10,False,0,False,20,False,65,False,12,False,0,False,2343.02,False,65,False,1
432130307000008,203,False,119,False,94,False,10,False,11,False,27,False,29,False,0,False,22,False,79,False,16,False,,True,1916.59,False,79,False,1
432145105000001,332,False,141,False,174,False,27,False,20,False,26,False,13,False,0,False,57,False,129,False,125,False,9,False,2875.3,False,129,False,1
432145105000002,1002,False,427,False,530,False,69,False,60,False,94,False,52,False,,True,147,False,395,False,395,False,9,False,2310.26,False,395,False,1
432145105000005,1174,False,482,False,575,False,90,False,67,False,132,False,68,False,0,False,273,False,456,False,455,False,13,False,1956.12,False,456,False,1
432145105000006,668,False,283,False,328,False,39,False,37,False,79,False,51,False,0,False,77,False,265,False,264,False,3,False,2102.77,False,265,False,1
432145105000008,397,False,186,False,213,False,21,False,23,False,63,False,33,False,0,False,49,False,171,False,171,False,6,False,1953.8,False,171,False,1
432145105000009,715,False,273,False,342,False,51,False,41,False,45,False,43,False,0,False,170,False,253,False,250,False,0,False,1902.77,False,253,False,1
432145105000012,899,False,373,False,448,False,64,False,50,False,68,False,82,False,0,False,59,False,330,False,325,False,,True,4268.35,False,330,False,1
432145105000013,691,False,286,False,361,False,36,False,35,False,81,False,82,False,0,False,99,False,253,False,251,False,,True,2647.96,False,253,False,1
432145105000014,729,False,392,False,399,False,28,False,33,False,77,False,107,False,0,False,90,False,309,False,309,False,4,False,3177.01,False,309,False,1
432145105000016,626,False,316,False,360,False,35,False,31,False,70,False,71,False,,True,89,False,266,False,266,False,4,False,3956.17,False,266,False,1
432145105000017,645,False,292,False,336,False,44,False,46,False,67,False,36,False,0,False,68,False,256,False,254,False,,True,4193.34,False,256,False,1
432145105000018,830,False,340,False,427,False,61,False,57,False,76,False,40,False,0,False,126,False,313,False,313,False,,True,2729.24,False,313,False,1
432145105000019,562,False,238,False,294,False,31,False,37,False,65,False,55,False,0,False,55,False,225,False,224,False,7,False,2286.62,False,225,False,1
432145105000020,584,False,247,False,300,False,36,False,21,False,61,False,62,False,0,False,59,False,229,False,225,False,16,False,2527.72,False,229,False,1
432145105000021,885,False,395,False,440,False,35,False,61,False,101,False,76,False,,True,135,False,368,False,368,False,14,False,2189.84,False,368,False,1
432145105000022,439,False,183,False,218,False,18,False,24,False,76,False,44,False,0,False,67,False,166,False,165,False,,True,2333.17,False,166,False,1
432145105000023,438,False,220,False,250,False,19,False,29,False,53,False,53,False,0,False,33,False,189,False,188,False,,True,2785.55,False,189,False,1
432145105000024,524,False,232,False,263,False,21,False,17,False,51,False,54,False,0,False,137,False,212,False,212,False,,True,1956.57,False,212,False,1
432145105000025,609,False,245,False,308,False,35,False,38,False,45,False,27,False,0,False,63,False,235,False,235,False,5,False,2690.11,False,235,False,1
432145105000026,355,False,188,False,198,False,12,False,15,False,58,False,41,False,0,False,31,False,143,False,143,False,,True,3710.16,False,143,False,1
432145105000027,898,False,391,False,467,False,67,False,49,False,96,False,91,False,,True,73,False,340,False,337,False,,True,3222.03,False,340,False,1
432145105000028,696,False,359,False,377,False,30,False,39,False,82,False,66,False,,True,69,False,322,False,320,False,7,False,5283.31,False,322,False,1
432145105000029,698,False,284,False,350,False,56,False,46,False,44,False,37,False,,True,71,False,265,False,264,False,,True,3019.69,False,265,False,1
432145105000030,971,False,378,False,493,False,64,False,64,False,85,False,41,False,0,False,105,False,362,False,362,False,8,False,2026.33,False,362,False,1
432145105000032,648,False,276,False,336,False,45,False,44,False,44,False,59,False,0,False,28,False,241,False,241,False,,True,2534.05,False,241,False,1
432145105000033,115,False,53,False,61,False,8,False,6,False,12,False,13,False,0,False,7,False,44,False,40,False,0,False,2518.82,False,44,False,1
432145105000034,197,False,99,False,90,False,13,False,11,False,19,False,23,False,0,False,,True,74,False,32,False,0,False,2826.25,False,74,False,1
432145105000035,416,False,201,False,204,False,21,False,22,False,57,False,64,False,0,False,20,False,155,False,132,False,,True,2912.36,False,155,False,1
432145105000036,173,False,88,False,83,False,,True,,True,28,False,34,False,0,False,,True,65,False,55,False,0,False,2217.29,False,65,False,1
432145105000038,558,False,264,False,287,False,22,False,37,False,74,False,83,False,,True,27,False,212,False,192,False,0,False,3351.86,False,212,False,1
432145105000039,330,False,157,False,166,False,13,False,18,False,49,False,62,False,0,False,,True,122,False,97,False,0,False,3621.67,False,122,False,1
432145105000041,205,False,115,False,99,False,9,False,15,False,30,False,27,False,0,False,9,False,76,False,27,False,0,False,2799.83,False,76,False,1
432145105000043,498,False,222,False,269,False,18,False,25,False,72,False,53,False,0,False,48,False,202,False,202,False,,True,2312.37,False,202,False,1
432145105000044,527,False,251,False,277,False,27,False,23,False,78,False,59,False,0,False,58,False,216,False,214,False,0,False,2620.56,False,216,False,1
432145105000045,798,False,372,False,409,False,45,False,49,False,57,False,27,False,0,False,46,False,337,False,330,False,9,False,4094.67,False,337,False,1
432145105000046,824,False,350,False,411,False,49,False,52,False,66,False,43,False,,True,135,False,311,False,310,False,,True,2440.1,False,311,False,1
432145105000047,547,False,240,False,284,False,30,False,30,False,61,False,44,False,0,False,59,False,226,False,226,False,4,False,2425.1,False,226,False,1
432145105000051,160,False,74,False,86,False,14,False,,True,,True,,True,0,False,,True,67,False,67,False,,True,2538.64,False,67,False,1
432145105000052,384,False,161,False,196,False,32,False,34,False,29,False,7,False,0,False,73,False,145,False,143,False,0,False,2347.95,False,145,False,1
432145105000053,146,False,61,False,70,False,14,False,11,False,17,False,,True,0,False,33,False,58,False,57,False,,True,2274.84,False,58,False,1
432145105000054,127,False,55,False,61,False,11,False,11,False,,True,,True,0,False,15,False,48,False,48,False,0,False,2368.85,False,48,False,1
432145105000055,91,False,48,False,45,False,,True,,True,10,False,13,False,0,False,,True,34,False,30,False,,True,1848.88,False,34,False,1
432145105000056,860,False,352,False,429,False,71,False,60,False,50,False,30,False,0,False,92,False,334,False,334,False,20,False,2106.65,False,334,False,1
432145105000057,889,False,351,False,457,False,70,False,58,False,60,False,37,False,0,False,146,False,332,False,332,False,,True,2603.4,False,332,False,1
432145105000058,876,False,319,False,450,False,63,False,69,False,49,False,41,False,4,False,206,False,309,False,309,False,12,False,2193.61,False,309,False,1
432145105000059,766,False,298,False,391,False,63,False,62,False,56,False,17,False,0,False,236,False,271,False,270,False,5,False,1643.1,False,271,False,1
432145105000060,708,False,304,False,389,False,34,False,53,False,97,False,44,False,0,False,83,False,274,False,273,False,0,False,2280.62,False,274,False,1
432145105000061,773,False,299,False,401,False,71,False,59,False,49,False,34,False,,True,89,False,281,False,281,False,5,False,2095.35,False,281,False,1
432145105000062,50,False,22,False,24,False,0,False,3,False,,True,7,False,0,False,,True,20,False,20,False,0,False,1566.5,False,20,False,1
432145105000063,1124,False,484,False,554,False,81,False,69,False,80,False,53,False,0,False,137,False,460,False,457,False,3,False,2294.02,False,460,False,1
432145105000064,529,False,229,False,263,False,30,False,30,False,51,False,33,False,0,False,99,False,211,False,210,False,,True,2831.1,False,211,False,1
432145105000065,516,False,247,False,253,False,23,False,29,False,57,False,58,False,0,False,47,False,205,False,204,False,9,False,2940.57,False,205,False,1
432145105000066,287,False,108,False,147,False,19,False,24,False,24,False,9,False,0,False,40,False,101,False,101,False,,True,2453.78,False,101,False,1
432145105000067,705,False,287,False,366,False,45,False,53,False,91,False,50,False,,True,89,False,263,False,263,False,,True,2180.97,False,263,False,1
432145105000068,159,False,77,False,79,False,7,False,10,False,17,False,11,False,0,False,,True,67,False,67,False,0,False,4515.15,False,67,False,1
432145105000069,399,False,191,False,192,False,19,False,22,False,46,False,51,False,0,False,10,False,150,False,116,False,0,False,3983.27,False,150,False,1
432145110000001,128,False,75,False,70,False,,True,10,False,22,False,19,False,0,False,12,False,60,False,60,False,0,False,1814.67,False,60,False,1
432145110000002,280,False,111,False,135,False,12,False,12,False,59,False,46,False,0,False,,True,90,False,65,False,0,False,2217.9,False,90,False,1
432145110000003,259,False,146,False,119,False,8,False,,True,47,False,56,False,0,False,,True,113,False,96,False,0,False,1789.03,False,113,False,1
432145110000004,378,False,165,False,175,False,17,False,19,False,66,False,91,False,0,False,,True,150,False,114,False,0,False,1629.05,False,150,False,1
432162605000001,422,False,207,False,217,False,20,False,18,False,62,False,75,False,0,False,35,False,165,False,158,False,,True,2455.37,False,165,False,1
432162605000002,377,False,181,False,181,False,21,False,20,False,44,False,64,False,0,False,33,False,133,False,117,False,0,False,2863.37,False,133,False,1
432162605000005,236,False,132,False,117,False,,True,3,False,50,False,37,False,0,False,3,False,98,False,81,False,,True,2102.63,False,98,False,1
432162605000006,468,False,220,False,240,False,22,False,16,False,73,False,73,False,0,False,,True,184,False,181,False,,True,1898.87,False,184,False,1
432162605000007,391,False,208,False,182,False,11,False,20,False,59,False,73,False,0,False,15,False,147,False,116,False,,True,3223.83,False,147,False,1
432162605000008,0,False,0,False,0,False,0,False,0,False,0,False,0,False,0,False,0,False,0,False,0,False,0,False,0.0,False,0,False,1
432162605000011,258,False,142,False,132,False,8,False,10,False,50,False,40,False,0,False,12,False,103,False,99,False,,True,1502.41,False,103,False,1
432200405000001,423,False,217,False,230,False,18,False,14,False,52,False,55,False,0,False,75,False,184,False,184,False,23,False,3828.19,False,184,False,0
432200405000002,374,False,155,False,209,False,18,False,23,False,49,False,51,False,0,False,64,False,142,False,134,False,,True,3419.41,False,142,False,1
432200405000003,574,False,248,False,309,False,27,False,23,False,54,False,60,False,0,False,83,False,227,False,227,False,7,False,2780.85,False,227,False,1
432200405000005,908,False,342,False,454,False,75,False,72,False,71,False,28,False,0,False,299,False,318,False,297,False,61,False,1844.8,False,318,False,1
432200405000006,957,False,433,False,498,False,47,False,53,False,107,False,76,False,0,False,132,False,390,False,388,False,35,False,3641.71,False,390,False,0
432200405000007,748,False,312,False,384,False,50,False,40,False,67,False,61,False,0,False,80,False,283,False,276,False,148,False,2778.42,False,283,False,0
432200405000008,827,False,370,False,432,False,53,False,56,False,76,False,59,False,,True,105,False,329,False,325,False,76,False,3186.7,False,329,False,0
432200405000009,536,False,246,False,281,False,33,False,40,False,56,False,37,False,0,False,121,False,201,False,184,False,69,False,2341.14,False,201,False,0
432200405000010,803,False,381,False,425,False,39,False,49,False,101,False,71,False,0,False,96,False,331,False,319,False,146,False,3833.58,False,331,False,0
432200405000011,395,False,190,False,204,False,21,False,11,False,42,False,39,False,0,False,58,False,160,False,160,False,144,False,3545.47,False,160,False,0
432200405000012,324,False,166,False,185,False,15,False,10,False,42,False,62,False,0,False,30,False,149,False,149,False,6,False,3830.32,False,149,False,0
432200405000013,1198,False,486,False,602,False,94,False,90,False,103,False,62,False,0,False,271,False,429,False,371,False,5,False,2016.72,False,429,False,1
432200405000014,689,False,260,False,344,False,47,False,57,False,65,False,31,False,0,False,163,False,240,False,235,False,13,False,1784.92,False,240,False,1
432200405000015,426,False,208,False,217,False,32,False,22,False,51,False,29,False,0,False,102,False,175,False,173,False,14,False,1983.28,False,175,False,1
432200405000016,530,False,244,False,269,False,34,False,40,False,53,False,39,False,,True,95,False,199,False,191,False,13,False,2075.69,False,199,False,1
432200405000017,632,False,321,False,329,False,31,False,44,False,67,False,75,False,0,False,128,False,263,False,260,False,23,False,2046.95,False,263,False,1
432200405000018,441,False,192,False,225,False,20,False,28,False,51,False,28,False,,True,137,False,176,False,168,False,10,False,2043.95,False,176,False,1
432200405000019,362,False,153,False,168,False,41,False,40,False,22,False,19,False,0,False,114,False,113,False,65,False,,True,1787.45,False,113,False,1
432200405000020,346,False,229,False,158,False,17,False,17,False,39,False,39,False,0,False,49,False,158,False,49,False,21,False,1593.61,False,158,False,1
432200405000021,153,False,98,False,78,False,12,False,15,False,20,False,11,False,0,False,46,False,56,False,0,False,0,False,1330.87,False,56,False,0
432200405000023,16,False,18,False,6,False,,True,,True,,True,0,False,0,False,0,False,7,False,0,False,0,False,1352.29,False,7,False,0
432200405000024,213,False,84,False,103,False,19,False,17,False,17,False,0,False,8,False,72,False,76,False,58,False,39,False,1931.7,False,76,False,0
432200405000025,805,False,296,False,388,False,80,False,84,False,44,False,26,False,3,False,426,False,268,False,14,False,112,False,1129.9,False,268,False,1
432200405000026,370,False,179,False,190,False,24,False,19,False,43,False,36,False,0,False,29,False,148,False,147,False,66,False,2736.93,False,148,False,1
432200405000027,700,False,268,False,363,False,35,False,57,False,76,False,31,False,0,False,168,False,253,False,253,False,70,False,3261.89,False,253,False,1
432200405000028,492,False,246,False,235,False,30,False,32,False,63,False,88,False,0,False,55,False,157,False,0,False,,True,1933.39,False,157,False,0
432200405000029,496,False,236,False,236,False,37,False,27,False,75,False,35,False,0,False,29,False,189,False,0,False,0,False,1810.72,False,189,False,0
432200410000001,927,False,431,False,467,False,60,False,82,False,83,False,63,False,0,False,72,False,341,False,0,False,0,False,2465.61,False,341,False,1
432200410000002,568,False,313,False,287,False,17,False,36,False,79,False,81,False,0,False,31,False,241,False,0,False,0,False,2480.34,False,241,False,1
432200410000003,504,False,266,False,246,False,29,False,28,False,79,False,60,False,0,False,41,False,201,False,,True,0,False,2435.36,False,201,False,0
432200410000004,242,False,136,False,125,False,13,False,13,False,43,False,19,False,0,False,17,False,101,False,0,False,0,False,2735.64,False,101,False,1
432200410000005,382,False,202,False,188,False,24,False,28,False,43,False,42,False,0,False,27,False,149,False,4,False,0,False,1482.77,False,149,False,0
432200410000006,58,False,31,False,29,False,7,False,,True,12,False,,True,0,False,0,False,22,False,0,False,0,False,1684.36,False,22,False,0
432200410000007,20,False,8,False,10,False,,True,0,False,,True,3,False,0,False,4,False,8,False,5,False,0,False,1501.29,False,8,False,0
432200410000008,457,False,228,False,202,False,25,False,38,False,54,False,42,False,,True,45,False,182,False,0,False,0,False,2034.54,False,182,False,1
432200410000009,371,False,201,False,182,False,19,False,22,False,50,False,25,False,0,False,18,False,137,False,0,False,0,False,1729.84,False,137,False,0
432200415000001,338,False,155,False,159,False,27,False,26,False,21,False,27,False,0,False,77,False,120,False,16,False,0,False,1906.87,False,120,False,0
432200415000004,0,False,0,False,0,False,0,False,0,False,0,False,0,False,0,False,0,False,0,False,0,False,0,False,0.0,False,0,False,0
432200415000005,69,False,72,False,30,False,,True,,True,8,False,,True,0,False,,True,29,False,0,False,0,False,1261.64,False,29,False,0
432200415000006,138,False,146,False,60,False,,True,,True,15,False,12,False,0,False,20,False,59,False,0,False,0,False,1797.98,False,59,False,0
432200415000007,315,False,161,False,155,False,22,False,19,False,34,False,28,False,,True,46,False,117,False,4,False,0,False,1954.9,False,117,False,0
432200415000009,169,False,68,False,87,False,12,False,15,False,18,False,,True,0,False,66,False,60,False,57,False,0,False,1385.6,False,60,False,0
432200415000011,343,False,158,False,161,False,17,False,26,False,40,False,28,False,0,False,41,False,120,False,,True,,True,1836.39,False,120,False,0
432200415000014,336,False,151,False,165,False,28,False,21,False,31,False,25,False,0,False,74,False,130,False,0,False,0,False,2053.97,False,130,False,0
432200415000015,131,False,49,False,66,False,9,False,,True,24,False,11,False,0,False,12,False,45,False,,True,0,False,2275.07,False,45,False,0
432200415000016,249,False,120,False,136,False,14,False,10,False,25,False,20,False,0,False,33,False,89,False,3,False,0,False,2473.74,False,89,False,0
432200415000017,55,False,1,False,,True,,True,,True,,True,,True,,True,,True,,True,,True,,True,,True,,True,0
432200415000018,51,False,33,False,25,False,,True,9,False,,True,,True,0,False,21,False,20,False,0,False,0,False,2390.0,False,20,False,0
432200415000019,732,False,350,False,355,False,48,False,44,False,82,False,47,False,0,False,195,False,285,False,129,False,5,False,2016.48,False,285,False,0
432200420000001,777,False,515,False,397,False,41,False,46,False,83,False,80,False,7,False,118,False,311,False,265,False,6,False,2436.88,False,311,False,0
432200420000002,1030,False,534,False,517,False,70,False,58,False,113,False,107,False,0,False,111,False,417,False,369,False,11,False,2447.38,False,417,False,0
432200420000004,551,False,334,False,254,False,30,False,34,False,78,False,53,False,0,False,22,False,232,False,,True,0,False,1749.91,False,232,False,0
432200420000005,238,False,149,False,112,False,9,False,14,False,39,False,29,False,,True,14,False,96,False,,True,0,False,1790.93,False,96,False,0
432200420000006,194,False,156,False,80,False,,True,12,False,40,False,20,False,0,False,35,False,92,False,0,False,0,False,2833.98,False,92,False,0
432200420000007,633,False,369,False,299,False,31,False,42,False,79,False,65,False,0,False,102,False,257,False,0,False,0,False,2209.9,False,257,False,0
432200420000010,604,False,324,False,283,False,48,False,45,False,76,False,57,False,0,False,97,False,216,False,,True,0,False,2373.86,False,216,False,0
432200420000011,419,False,198,False,208,False,26,False,30,False,30,False,35,False,0,False,50,False,155,False,0,False,0,False,2517.74,False,155,False,0
432200420000012,239,False,114,False,124,False,,True,18,False,24,False,22,False,0,False,27,False,90,False,11,False,0,False,2641.58,False,90,False,0
432200420000013,406,False,203,False,207,False,22,False,23,False,75,False,34,False,0,False,75,False,152,False,,True,0,False,2056.24,False,152,False,0
432200420000014,26,False,8,False,,True,,True,,True,,True,,True,,True,,True,,True,,True,,True,,True,,True,0
432200420000015,567,False,258,False,293,False,35,False,36,False,49,False,38,False,0,False,49,False,224,False,11,False,0,False,2150.0,False,224,False,0
432200420000016,342,False,158,False,183,False,18,False,17,False,29,False,34,False,0,False,38,False,138,False,0,False,,True,2058.77,False,138,False,0
432200420000017,122,False,71,False,58,False,11,False,,True,23,False,,True,0,False,25,False,49,False,0,False,0,False,2064.38,False,49,False,0
432200420000018,157,False,69,False,76,False,14,False,15,False,17,False,9,False,0,False,27,False,60,False,0,False,0,False,1962.95,False,60,False,0
432235005000001,37,False,15,False,16,False,,True,6,False,6,False,,True,0,False,,True,14,False,0,False,0,False,2432.0,False,14,False,1
432235020000001,154,False,78,False,74,False,,True,11,False,21,False,18,False,0,False,,True,59,False,59,False,0,False,3212.0,False,59,False,1
432235020000002,149,False,69,False,68,False,7,False,,True,26,False,23,False,0,False,,True,52,False,35,False,0,False,7238.6,False,52,False,1
432235020000003,91,False,51,False,41,False,,True,,True,25,False,18,False,0,False,,True,36,False,22,False,0,False,5381.11,False,36,False,1
432235020000004,139,False,55,False,66,False,,True,,True,27,False,20,False,0,False,12,False,47,False,22,False,0,False,5821.96,False,47,False,1
432235025000001,122,False,56,False,57,False,,True,,True,22,False,27,False,0,False,,True,48,False,6,False,0,False,2681.16,False,48,False,1
432235025000002,249,False,134,False,116,False,,True,,True,60,False,57,False,0,False,,True,95,False,57,False,0,False,4077.91,False,95,False,1
432235025000003,229,False,120,False,109,False,9,False,,True,54,False,41,False,0,False,33,False,85,False,36,False,0,False,4829.34,False,85,False,1
432250905000002,646,False,306,False,336,False,28,False,36,False,74,False,91,False,0,False,83,False,257,False,257,False,148,False,4624.67,False,257,False,0
432250905000003,659,False,330,False,349,False,35,False,46,False,73,False,88,False,0,False,90,False,278,False,278,False,278,False,4995.04,False,278,False,0
432250905000004,661,False,290,False,344,False,27,False,22,False,80,False,102,False,0,False,99,False,253,False,253,False,218,False,3592.66,False,253,False,0
432250905000007,187,False,117,False,111,False,,True,9,False,31,False,29,False,0,False,,True,82,False,82,False,82,False,4619.59,False,82,False,0
432250905000008,223,False,107,False,127,False,11,False,17,False,26,False,42,False,0,False,,True,85,False,85,False,85,False,4464.71,False,85,False,0
432250905000009,306,False,193,False,174,False,9,False,9,False,37,False,56,False,0,False,10,False,152,False,152,False,139,False,5360.55,False,152,False,0
432250905000011,401,False,214,False,228,False,15,False,20,False,65,False,69,False,0,False,39,False,176,False,176,False,175,False,5463.29,False,176,False,0
432250905000012,800,False,426,False,441,False,38,False,49,False,80,False,87,False,0,False,88,False,334,False,334,False,240,False,4416.0,False,334,False,0
432250905000013,633,False,248,False,317,False,42,False,43,False,53,False,37,False,,True,256,False,214,False,212,False,146,False,2027.66,False,214,False,0
432250905000015,700,False,279,False,370,False,49,False,52,False,63,False,53,False,0,False,195,False,255,False,255,False,165,False,3217.56,False,255,False,0
432250905000017,786,False,286,False,381,False,64,False,79,False,64,False,27,False,0,False,329,False,258,False,254,False,103,False,1918.18,False,258,False,0
432250905000018,667,False,251,False,339,False,47,False,62,False,46,False,35,False,0,False,146,False,237,False,235,False,34,False,5924.51,False,237,False,0
432250905000019,958,False,375,False,474,False,63,False,81,False,89,False,61,False,3,False,383,False,341,False,338,False,208,False,2012.29,False,341,False,0
432250905000020,847,False,346,False,453,False,44,False,69,False,82,False,48,False,5,False,397,False,315,False,314,False,247,False,2017.51,False,315,False,0
432250905000021,481,False,226,False,251,False,28,False,34,False,41,False,42,False,,True,96,False,205,False,205,False,183,False,2920.04,False,205,False,0
432250905000022,318,False,126,False,169,False,16,False,18,False,39,False,28,False,0,False,43,False,117,False,117,False,117,False,3439.38,False,117,False,0
432250905000024,185,False,81,False,97,False,6,False,10,False,27,False,29,False,0,False,,True,73,False,73,False,73,False,2884.93,False,73,False,0
432250905000026,563,False,243,False,316,False,21,False,52,False,66,False,45,False,3,False,188,False,214,False,214,False,214,False,2838.13,False,214,False,0
432250905000029,953,False,349,False,480,False,62,False,68,False,70,False,74,False,3,False,352,False,310,False,309,False,309,False,1682.17,False,310,False,1
432250905000030,365,False,138,False,189,False,22,False,28,False,30,False,35,False,0,False,81,False,127,False,126,False,127,False,2308.15,False,127,False,0
432250905000031,238,False,123,False,129,False,,True,15,False,35,False,24,False,0,False,,True,103,False,101,False,90,False,3360.43,False,103,False,0
432250905000032,320,False,172,False,172,False,9,False,14,False,47,False,48,False,0,False,30,False,147,False,147,False,113,False,3686.16,False,147,False,0
432250905000033,137,False,70,False,71,False,,True,,True,14,False,23,False,0,False,9,False,61,False,61,False,51,False,6527.5,False,61,False,0
432250905000034,543,False,232,False,288,False,28,False,29,False,78,False,68,False,0,False,127,False,213,False,213,False,119,False,2968.46,False,213,False,0
432250905000035,196,False,83,False,106,False,11,False,,True,32,False,17,False,7,False,,True,72,False,71,False,69,False,2640.16,False,72,False,0
432250905000036,444,False,188,False,222,False,43,False,36,False,14,False,,True,0,False,98,False,172,False,172,False,50,False,3758.14,False,172,False,1
432250905000038,818,False,312,False,413,False,59,False,65,False,79,False,39,False,0,False,135,False,285,False,285,False,285,False,2793.64,False,285,False,1
432250905000039,382,False,155,False,197,False,15,False,29,False,50,False,29,False,0,False,134,False,141,False,141,False,140,False,2411.54,False,141,False,1
432250905000040,622,False,272,False,318,False,35,False,44,False,93,False,54,False,0,False,164,False,237,False,236,False,216,False,2762.86,False,237,False,0
432250905000041,601,False,253,False,328,False,32,False,39,False,77,False,80,False,0,False,59,False,230,False,230,False,225,False,3102.16,False,230,False,0
432250905000042,653,False,307,False,349,False,29,False,27,False,93,False,76,False,0,False,142,False,269,False,269,False,232,False,2884.72,False,269,False,0
432250905000043,434,False,230,False,233,False,20,False,20,False,65,False,58,False,0,False,58,False,189,False,189,False,187,False,4281.81,False,189,False,0
432250905000046,594,False,280,False,313,False,23,False,41,False,74,False,95,False,0,False,129,False,245,False,245,False,242,False,2971.56,False,245,False,0
432250905000048,587,False,260,False,309,False,28,False,31,False,63,False,60,False,0,False,134,False,233,False,233,False,233,False,3063.47,False,233,False,0
432250905000050,268,False,121,False,137,False,13,False,21,False,22,False,21,False,0,False,70,False,104,False,103,False,73,False,1942.64,False,104,False,1
432250905000051,734,False,272,False,377,False,70,False,59,False,54,False,33,False,0,False,329,False,249,False,244,False,247,False,1528.78,False,249,False,1
432250905000052,649,False,284,False,338,False,28,False,39,False,79,False,59,False,0,False,164,False,237,False,236,False,234,False,3151.24,False,237,False,0
432250905000053,1003,False,375,False,512,False,99,False,81,False,70,False,29,False,0,False,345,False,346,False,344,False,209,False,2187.1,False,346,False,0
432250905000054,754,False,304,False,372,False,38,False,47,False,94,False,70,False,0,False,193,False,274,False,271,False,248,False,2593.02,False,274,False,0
432250905000055,801,False,281,False,398,False,73,False,65,False,63,False,36,False,0,False,390,False,256,False,256,False,254,False,2179.03,False,256,False,0
432250905000056,981,False,340,False,504,False,91,False,77,False,60,False,36,False,0,False,591,False,313,False,309,False,252,False,1460.52,False,313,False,0
432250905000057,1424,False,519,False,689,False,132,False,139,False,62,False,39,False,0,False,864,False,453,False,449,False,365,False,1579.36,False,453,False,0
432250905000058,366,False,151,False,170,False,34,False,26,False,20,False,19,False,0,False,187,False,124,False,121,False,113,False,1686.2,False,124,False,0
432250905000059,194,False,67,False,82,False,21,False,15,False,14,False,,True,0,False,,True,62,False,61,False,54,False,1893.11,False,62,False,0
432250905000060,503,False,190,False,268,False,35,False,38,False,40,False,28,False,0,False,113,False,175,False,174,False,49,False,3895.58,False,175,False,0
432250905000061,472,False,199,False,254,False,27,False,29,False,46,False,30,False,0,False,155,False,180,False,180,False,132,False,1956.11,False,180,False,0
432250905000062,883,False,355,False,432,False,64,False,65,False,94,False,62,False,0,False,203,False,322,False,321,False,317,False,2618.0,False,322,False,1
432250905000063,41,False,20,False,18,False,0,False,,True,,True,,True,0,False,20,False,15,False,9,False,3,False,3042.4,False,15,False,0
432250905000064,0,False,0,False,0,False,0,False,0,False,0,False,0,False,0,False,0,False,0,False,0,False,0,False,0.0,False,0,False,1
432250905000065,765,False,291,False,377,False,59,False,61,False,64,False,34,False,0,False,370,False,260,False,243,False,227,False,2000.48,False,260,False,1
432250905000066,160,False,75,False,80,False,10,False,11,False,15,False,9,False,0,False,52,False,63,False,62,False,63,False,1685.93,False,63,False,1
432250905000067,54,False,25,False,20,False,,True,5,False,,True,,True,0,False,5,False,22,False,16,False,5,False,2548.6,False,22,False,1
432250905000068,43,False,22,False,20,False,0,False,,True,6,False,,True,0,False,4,False,17,False,0,False,,True,3400.0,False,17,False,0
432250905000069,3,False,2,False,,True,,True,,True,,True,,True,,True,,True,,True,,True,,True,,True,,True,1
432250905000072,719,False,379,False,337,False,63,False,60,False,44,False,27,False,13,False,256,False,253,False,52,False,34,False,3272.53,False,253,False,1
432250905000073,338,False,176,False,155,False,30,False,33,False,33,False,19,False,3,False,107,False,121,False,8,False,,True,2709.69,False,121,False,1
432250905000074,81,False,65,False,40,False,,True,,True,10,False,,True,0,False,26,False,32,False,0,False,0,False,2295.86,False,32,False,1
432250905000075,418,False,232,False,240,False,21,False,15,False,64,False,67,False,0,False,50,False,173,False,173,False,118,False,5232.76,False,173,False,0
432250905000076,44,False,28,False,26,False,,True,,True,,True,,True,0,False,,True,23,False,23,False,9,False,4072.7,False,23,False,0
432250905000077,165,False,81,False,106,False,,True,,True,32,False,63,False,0,False,11,False,69,False,69,False,64,False,5114.88,False,69,False,0
432250905000078,187,False,99,False,103,False,8,False,8,False,26,False,37,False,0,False,,True,82,False,82,False,82,False,3727.3,False,82,False,0
432250905000079,279,False,175,False,155,False,,True,,True,50,False,48,False,0,False,,True,127,False,127,False,98,False,6370.4,False,127,False,0
432250905000080,53,False,30,False,25,False,,True,3,False,14,False,,True,0,False,6,False,22,False,22,False,12,False,7141.73,False,22,False,0
432250905000081,427,False,211,False,227,False,18,False,16,False,50,False,69,False,0,False,30,False,185,False,185,False,184,False,3896.86,False,185,False,0
432250905000082,424,False,207,False,243,False,24,False,22,False,56,False,72,False,0,False,38,False,182,False,182,False,182,False,4066.64,False,182,False,0
432250905000083,67,False,34,False,35,False,,True,,True,7,False,11,False,0,False,,True,28,False,28,False,27,False,3268.48,False,28,False,0
432250905000084,577,False,227,False,296,False,39,False,42,False,45,False,42,False,0,False,266,False,188,False,188,False,99,False,2130.15,False,188,False,0
432250905000085,72,False,24,False,42,False,,True,,True,12,False,,True,0,False,,True,24,False,24,False,7,False,7460.83,False,24,False,0
432250905000086,125,False,47,False,64,False,,True,11,False,17,False,14,False,0,False,44,False,40,False,40,False,40,False,3201.74,False,40,False,0
432250905000088,418,False,159,False,223,False,22,False,35,False,34,False,26,False,0,False,147,False,151,False,151,False,90,False,1994.19,False,151,False,0
432250905000089,315,False,114,False,157,False,31,False,31,False,17,False,14,False,0,False,102,False,109,False,109,False,10,False,2312.44,False,109,False,0
432250905000090,327,False,139,False,167,False,20,False,18,False,27,False,26,False,0,False,124,False,117,False,117,False,117,False,1898.24,False,117,False,0
432250905000091,76,False,44,False,46,False,0,False,,True,19,False,21,False,0,False,,True,38,False,38,False,38,False,2851.46,False,38,False,0
432250905000092,400,False,171,False,214,False,14,False,23,False,35,False,57,False,0,False,52,False,149,False,149,False,149,False,3903.39,False,149,False,0
432250905000093,450,False,169,False,230,False,22,False,23,False,50,False,39,False,0,False,143,False,153,False,153,False,153,False,1826.32,False,153,False,0
432250905000094,215,False,70,False,98,False,17,False,21,False,12,False,8,False,11,False,109,False,62,False,57,False,33,False,1575.15,False,62,False,0
432250905000095,922,False,332,False,449,False,98,False,101,False,49,False,24,False,23,False,443,False,292,False,291,False,248,False,1495.99,False,292,False,0
432250905000096,278,False,120,False,140,False,16,False,19,False,26,False,30,False,0,False,77,False,103,False,103,False,103,False,2540.25,False,103,False,0
432250905000097,498,False,200,False,242,False,29,False,30,False,49,False,63,False,0,False,97,False,181,False,181,False,180,False,2369.36,False,181,False,0
432250905000098,349,False,141,False,168,False,25,False,19,False,34,False,31,False,0,False,,True,127,False,126,False,110,False,2858.26,False,127,False,0
432250905000099,1136,False,375,False,561,False,101,False,95,False,56,False,33,False,11,False,575,False,343,False,343,False,343,False,1542.08,False,343,False,0
432250905000100,247,False,108,False,129,False,26,False,18,False,24,False,9,False,0,False,51,False,91,False,90,False,90,False,1647.33,False,91,False,0
432250905000101,397,False,155,False,215,False,27,False,25,False,40,False,24,False,0,False,117,False,141,False,141,False,141,False,2225.2,False,141,False,0
432250905000102,589,False,233,False,298,False,32,False,52,False,51,False,40,False,0,False,133,False,213,False,212,False,213,False,1929.47,False,213,False,0
432250905000103,167,False,75,False,86,False,12,False,16,False,16,False,14,False,5,False,53,False,64,False,64,False,64,False,1881.82,False,64,False,1
432250905000105,779,False,317,False,396,False,39,False,43,False,81,False,57,False,0,False,189,False,283,False,283,False,282,False,2537.34,False,283,False,1
432250905000106,150,False,69,False,74,False,,True,8,False,16,False,17,False,0,False,,True,61,False,61,False,38,False,4852.78,False,61,False,0
432250905000107,115,False,45,False,57,False,12,False,,True,9,False,6,False,0,False,,True,43,False,43,False,35,False,4004.19,False,43,False,0
432250905000108,139,False,66,False,73,False,,True,,True,17,False,13,False,0,False,,True,56,False,56,False,56,False,4108.36,False,56,False,0
432250905000109,110,False,58,False,53,False,,True,,True,9,False,25,False,0,False,,True,52,False,51,False,26,False,3096.15,False,52,False,0
432250905000110,253,False,124,False,130,False,10,False,9,False,34,False,46,False,0,False,41,False,112,False,111,False,111,False,3615.23,False,112,False,0
432250905000111,43,False,19,False,24,False,,True,0,False,9,False,,True,0,False,,True,16,False,16,False,16,False,6944.5,False,16,False,0
432250905000112,118,False,49,False,69,False,,True,8,False,15,False,23,False,0,False,21,False,46,False,46,False,44,False,2577.07,False,46,False,0
432250905000113,483,False,235,False,257,False,22,False,36,False,61,False,62,False,0,False,70,False,200,False,197,False,150,False,2647.15,False,200,False,0
432250905000114,49,False,27,False,25,False,,True,,True,,True,10,False,0,False,4,False,25,False,25,False,25,False,5647.62,False,25,False,0
432250905000115,622,False,246,False,321,False,36,False,42,False,56,False,49,False,0,False,175,False,231,False,231,False,222,False,1984.96,False,231,False,1
432250905000116,401,False,176,False,205,False,12,False,16,False,55,False,55,False,0,False,91,False,161,False,161,False,102,False,2878.61,False,161,False,0
432250905000117,117,False,44,False,57,False,,True,,True,9,False,7,False,0,False,,True,41,False,41,False,12,False,4093.03,False,41,False,1
432250905000118,52,False,29,False,25,False,,True,,True,9,False,,True,0,False,,True,22,False,20,False,22,False,2294.14,False,22,False,0
432250905000119,571,False,215,False,274,False,39,False,47,False,36,False,29,False,6,False,242,False,199,False,199,False,196,False,1507.82,False,199,False,1
432250905000120,435,False,161,False,220,False,35,False,48,False,36,False,13,False,0,False,171,False,144,False,144,False,143,False,1823.43,False,144,False,1
432250905000122,394,False,154,False,189,False,30,False,29,False,41,False,16,False,0,False,192,False,137,False,137,False,133,False,1673.93,False,137,False,1
432250905000123,154,False,59,False,82,False,15,False,14,False,15,False,12,False,5,False,44,False,55,False,55,False,54,False,2587.58,False,55,False,0
432250905000124,359,False,143,False,184,False,17,False,25,False,37,False,33,False,0,False,92,False,135,False,131,False,114,False,2081.17,False,135,False,0
432250905000125,202,False,92,False,102,False,10,False,12,False,18,False,22,False,0,False,15,False,78,False,78,False,78,False,4839.87,False,78,False,0
432250905000126,191,False,95,False,104,False,11,False,,True,27,False,15,False,0,False,21,False,83,False,83,False,83,False,6857.73,False,83,False,0
432250905000127,202,False,85,False,113,False,8,False,10,False,18,False,32,False,0,False,,True,79,False,79,False,79,False,2439.9,False,79,False,0
432250905000128,65,False,39,False,36,False,,True,,True,8,False,,True,0,False,16,False,31,False,31,False,31,False,2119.46,False,31,False,0
432250905000129,233,False,100,False,141,False,13,False,19,False,23,False,30,False,0,False,68,False,92,False,92,False,92,False,2556.52,False,92,False,0
432250905000130,53,False,20,False,29,False,,True,,True,,True,,True,0,False,,True,18,False,18,False,18,False,2356.59,False,18,False,0
432250905000131,249,False,106,False,124,False,10,False,,True,37,False,21,False,0,False,87,False,94,False,94,False,94,False,3099.16,False,94,False,0
432250905000132,15,False,6,False,7,False,,True,,True,,True,,True,0,False,3,False,6,False,6,False,6,False,4916.67,False,6,False,0
432250905000133,692,False,276,False,339,False,52,False,59,False,61,False,53,False,0,False,270,False,248,False,247,False,244,False,1601.91,False,248,False,1
432250905000134,223,False,87,False,112,False,25,False,17,False,12,False,8,False,0,False,59,False,78,False,78,False,78,False,1910.16,False,78,False,1
432250905000135,0,False,0,False,0,False,0,False,0,False,0,False,0,False,0,False,0,False,0,False,0,False,0,False,0.0,False,0,False,0
432250905000136,640,False,244,False,321,False,57,False,51,False,40,False,32,False,0,False,209,False,218,False,215,False,216,False,1632.59,False,218,False,1
432250905000137,54,False,21,False,27,False,,True,,True,4,False,,True,0,False,28,False,21,False,21,False,21,False,2130.53,False,21,False,1
432250905000138,796,False,308,False,417,False,54,False,62,False,63,False,48,False,0,False,322,False,283,False,283,False,241,False,2221.45,False,283,False,0
432250905000139,66,False,25,False,42,False,,True,4,False,7,False,8,False,0,False,,True,23,False,23,False,23,False,2585.71,False,23,False,0
432250905000140,227,False,81,False,113,False,16,False,24,False,20,False,,True,,True,124,False,76,False,76,False,73,False,1911.47,False,76,False,0
432250905000141,485,False,190,False,247,False,42,False,46,False,35,False,35,False,0,False,203,False,174,False,173,False,171,False,2366.6,False,174,False,0
432250905000142,39,False,13,False,20,False,,True,,True,,True,0,False,0,False,18,False,8,False,8,False,8,False,3089.0,False,8,False,0
432250905000143,442,False,170,False,224,False,27,False,33,False,46,False,28,False,,True,197,False,150,False,150,False,146,False,2103.07,False,150,False,0
432250905000144,6,False,3,False,,True,,True,,True,,True,,True,,True,,True,,True,,True,,True,,True,,True,0
432250905000145,185,False,77,False,96,False,17,False,21,False,20,False,15,False,0,False,56,False,72,False,72,False,72,False,2104.42,False,72,False,0
432250905000146,433,False,144,False,203,False,52,False,32,False,32,False,13,False,0,False,232,False,130,False,128,False,109,False,1410.65,False,130,False,0
432250905000147,116,False,41,False,59,False,10,False,6,False,,True,,True,0,False,45,False,38,False,38,False,27,False,1848.95,False,38,False,0
432250905000149,270,False,108,False,142,False,23,False,18,False,12,False,,True,0,False,108,False,91,False,91,False,22,False,2465.12,False,91,False,1
432250905000150,0,False,0,False,0,False,0,False,0,False,0,False,0,False,0,False,0,False,0,False,0,False,0,False,0.0,False,0,False,0
432250905000151,1005,False,371,False,510,False,90,False,78,False,60,False,50,False,0,False,457,False,341,False,329,False,338,False,1742.81,False,341,False,1
432250905000152,731,False,274,False,355,False,58,False,48,False,45,False,20,False,0,False,423,False,237,False,235,False,236,False,1579.58,False,237,False,1
432250905000153,608,False,223,False,311,False,43,False,53,False,45,False,20,False,0,False,293,False,206,False,206,False,206,False,1613.64,False,206,False,0
432250905000154,943,False,385,False,461,False,71,False,77,False,52,False,46,False,0,False,204,False,362,False,351,False,352,False,2689.7,False,362,False,1
432250905000155,591,False,216,False,303,False,35,False,41,False,67,False,49,False,0,False,79,False,199,False,199,False,199,False,3235.23,False,199,False,0
432250905000156,482,False,201,False,253,False,29,False,30,False,66,False,47,False,0,False,107,False,180,False,180,False,179,False,2878.65,False,180,False,0
432250905000157,502,False,212,False,243,False,31,False,31,False,41,False,32,False,0,False,96,False,195,False,195,False,194,False,2749.23,False,195,False,0
432250905000158,619,False,257,False,338,False,23,False,31,False,96,False,85,False,0,False,107,False,241,False,241,False,241,False,2859.09,False,241,False,0
432250905000159,340,False,209,False,190,False,11,False,12,False,38,False,58,False,0,False,37,False,155,False,155,False,155,False,4693.46,False,155,False,0
432250905000161,130,False,80,False,73,False,,True,7,False,17,False,22,False,0,False,,True,58,False,58,False,53,False,5834.93,False,58,False,0
432250905000162,311,False,194,False,171,False,13,False,,True,50,False,51,False,0,False,53,False,142,False,142,False,140,False,4045.18,False,142,False,0
432250905000163,317,False,225,False,180,False,,True,,True,43,False,57,False,0,False,29,False,165,False,165,False,152,False,4137.2,False,165,False,0
432250905000164,464,False,180,False,231,False,34,False,36,False,29,False,25,False,,True,176,False,160,False,160,False,159,False,2354.15,False,160,False,0
432250905000165,610,False,321,False,326,False,44,False,30,False,54,False,41,False,0,False,212,False,269,False,269,False,269,False,2741.79,False,269,False,0
432250905000166,681,False,259,False,344,False,66,False,54,False,51,False,31,False,,True,279,False,223,False,222,False,223,False,1777.2,False,223,False,0
432250905000167,547,False,193,False,282,False,45,False,39,False,39,False,31,False,7,False,240,False,185,False,184,False,140,False,2079.82,False,185,False,0
432250905000168,189,False,96,False,79,False,16,False,16,False,8,False,,True,0,False,93,False,68,False,0,False,0,False,2791.94,False,68,False,1
432250905000170,363,False,146,False,191,False,29,False,22,False,34,False,26,False,0,False,79,False,133,False,132,False,110,False,3747.08,False,133,False,0
432250905000171,629,False,266,False,341,False,43,False,42,False,64,False,59,False,0,False,98,False,247,False,240,False,201,False,3562.14,False,247,False,0
432250905000172,97,False,31,False,52,False,,True,,True,17,False,41,False,0,False,15,False,24,False,24,False,24,False,4872.25,False,24,False,0
432250905000173,165,False,143,False,100,False,,True,,True,30,False,31,False,0,False,11,False,85,False,85,False,82,False,4968.24,False,85,False,0
432250905000174,92,False,80,False,59,False,,True,,True,,True,18,False,0,False,,True,41,False,41,False,41,False,3551.33,False,41,False,0
432250905000175,573,False,222,False,216,False,20,False,16,False,53,False,30,False,0,False,69,False,170,False,170,False,148,False,5105.63,False,170,False,0
432250905000176,0,False,0,False,0,False,0,False,0,False,0,False,0,False,0,False,0,False,0,False,0,False,0,False,0.0,False,0,False,0
432250905000177,38,False,11,False,16,False,,True,,True,4,False,,True,0,False,19,False,10,False,0,False,0,False,2290.0,False,10,False,0
432250905000178,121,False,49,False,63,False,,True,6,False,21,False,13,False,0,False,29,False,48,False,47,False,29,False,2308.54,False,48,False,0
432250905000179,902,False,404,False,416,False,85,False,88,False,42,False,21,False,10,False,389,False,313,False,29,False,24,False,2675.35,False,313,False,0
432250907000002,6,False,2,False,,True,,True,,True,,True,,True,,True,,True,,True,,True,,True,,True,,True,0
432250907000004,5,False,3,False,,True,,True,,True,,True,,True,,True,,True,,True,,True,,True,,True,,True,0
432250907000005,547,False,262,False,243,False,41,False,60,False,46,False,14,False,0,False,229,False,184,False,,True,7,False,2614.82,False,184,False,0
432250908000001,16,False,6,False,8,False,,True,,True,,True,0,False,0,False,,True,6,False,0,False,0,False,1752.0,False,6,False,0
432250908000002,141,False,78,False,68,False,18,False,13,False,,True,8,False,0,False,48,False,49,False,,True,0,False,4999.65,False,49,False,0
432250908000003,71,False,52,False,30,False,,True,3,False,14,False,,True,,True,23,False,31,False,0,False,0,False,3069.87,False,31,False,1
432250910000001,121,False,78,False,53,False,,True,,True,15,False,19,False,0,False,54,False,51,False,0,False,0,False,3337.4,False,51,False,0
432250910000002,128,False,103,False,51,False,,True,,True,36,False,21,False,0,False,24,False,58,False,0,False,0,False,3381.66,False,58,False,0
432250910000003,70,False,75,False,26,False,,True,,True,10,False,,True,0,False,42,False,32,False,0,False,0,False,1847.55,False,32,False,0
432250910000004,65,False,57,False,29,False,,True,,True,,True,,True,0,False,33,False,29,False,0,False,0,False,2970.62,False,29,False,0
432250910000005,40,False,29,False,16,False,3,False,,True,7,False,0,False,0,False,,True,16,False,0,False,0,False,2472.5,False,16,False,0
432250920000001,16,False,13,False,9,False,0,False,,True,,True,,True,0,False,0,False,7,False,0,False,0,False,3144.57,False,7,False,0
432250920000002,128,False,95,False,55,False,10,False,,True,24,False,11,False,0,False,26,False,51,False,0,False,0,False,1958.2,False,51,False,0
432250920000003,215,False,109,False,95,False,23,False,14,False,26,False,14,False,0,False,94,False,72,False,0,False,0,False,1763.77,False,72,False,0
432250920000004,179,False,135,False,83,False,10,False,,True,31,False,20,False,0,False,52,False,70,False,5,False,0,False,1725.82,False,70,False,0
432250940000003,99,False,92,False,45,False,,True,,True,22,False,17,False,0,False,,True,49,False,9,False,0,False,2024.71,False,49,False,1
432250940000004,155,False,179,False,69,False,3,False,,True,37,False,23,False,0,False,70,False,74,False,6,False,0,False,2213.25,False,74,False,1
432250940000005,151,False,137,False,59,False,12,False,,True,13,False,13,False,0,False,,True,60,False,,True,0,False,2618.71,False,60,False,1
432252505000002,262,False,141,False,129,False,15,False,13,False,31,False,29,False,0,False,20,False,104,False,49,False,,True,1684.63,False,104,False,1
432252505000003,387,False,186,False,191,False,21,False,25,False,56,False,39,False,0,False,,True,158,False,81,False,,True,1516.81,False,158,False,1
432252505000004,111,False,64,False,48,False,,True,,True,12,False,15,False,0,False,12,False,42,False,6,False,0,False,2198.83,False,42,False,1
432252505000005,392,False,189,False,186,False,19,False,21,False,48,False,43,False,0,False,57,False,151,False,80,False,0,False,1816.25,False,151,False,0
432252505000006,112,False,71,False,54,False,,True,,True,10,False,19,False,0,False,,True,49,False,32,False,0,False,1653.81,False,49,False,0
432252505000007,159,False,120,False,69,False,,True,12,False,22,False,14,False,0,False,24,False,63,False,46,False,0,False,2011.52,False,63,False,0
432252505000009,23,False,256,False,9,False,0,False,0,False,10,False,,True,0,False,,True,11,False,0,False,0,False,1782.55,False,11,False,0
432252505000010,135,False,83,False,67,False,,True,10,False,20,False,16,False,0,False,,True,56,False,48,False,5,False,1815.23,False,56,False,0
432252505000011,209,False,240,False,100,False,11,False,10,False,32,False,31,False,0,False,44,False,87,False,51,False,0,False,2600.24,False,87,False,0
432252505000012,532,False,283,False,278,False,23,False,32,False,67,False,74,False,0,False,50,False,226,False,223,False,44,False,2405.39,False,226,False,1
432252505000013,414,False,195,False,216,False,19,False,22,False,44,False,40,False,0,False,59,False,175,False,163,False,,True,1892.17,False,175,False,1
432252505000014,381,False,216,False,182,False,14,False,19,False,56,False,43,False,0,False,43,False,158,False,88,False,0,False,1671.06,False,158,False,0
432252505000015,33,False,15,False,16,False,0,False,,True,,True,,True,0,False,28,False,14,False,14,False,0,False,1122.17,False,14,False,0
432255805000001,1047,False,482,False,547,False,51,False,51,False,151,False,133,False,0,False,129,False,433,False,433,False,6,False,2401.91,False,433,False,1
432255805000002,432,False,205,False,209,False,13,False,19,False,76,False,67,False,0,False,38,False,171,False,141,False,0,False,3121.02,False,171,False,1
432255805000003,259,False,112,False,128,False,11,False,,True,45,False,42,False,0,False,42,False,87,False,72,False,,True,4255.8,False,87,False,1
432255805000004,266,False,114,False,120,False,19,False,15,False,21,False,12,False,0,False,118,False,97,False,96,False,0,False,2112.23,False,97,False,1
432260805000001,854,False,499,False,502,False,22,False,49,False,116,False,136,False,0,False,62,False,412,False,411,False,230,False,6797.15,False,412,False,1
432260805000002,604,False,388,False,341,False,18,False,21,False,67,False,87,False,0,False,60,False,290,False,287,False,118,False,3560.18,False,290,False,1
432260805000003,872,False,430,False,470,False,40,False,38,False,139,False,103,False,0,False,60,False,382,False,380,False,,True,3803.17,False,382,False,1
432260805000004,919,False,523,False,526,False,29,False,38,False,107,False,115,False,0,False,81,False,443,False,442,False,82,False,4313.51,False,443,False,1
432260805000005,760,False,441,False,441,False,38,False,36,False,112,False,117,False,0,False,72,False,344,False,324,False,331,False,4579.21,False,344,False,1
432260805000006,10,False,7,False,6,False,0,False,0,False,,True,,True,0,False,0,False,7,False,7,False,7,False,1484.0,False,7,False,1
432260805000007,565,False,306,False,297,False,19,False,36,False,70,False,88,False,0,False,53,False,267,False,256,False,134,False,4719.9,False,267,False,1
432260805000008,354,False,200,False,187,False,15,False,21,False,35,False,44,False,0,False,21,False,175,False,174,False,162,False,4609.33,False,175,False,1
432260805000009,30,False,19,False,17,False,0,False,,True,6,False,7,False,0,False,,True,14,False,14,False,14,False,4015.71,False,14,False,1
432260805000010,530,False,276,False,284,False,19,False,20,False,67,False,49,False,0,False,63,False,243,False,242,False,164,False,3524.7,False,243,False,1
432260805000011,316,False,125,False,156,False,12,False,15,False,44,False,44,False,0,False,52,False,114,False,113,False,10,False,3018.66,False,114,False,1
432260805000012,403,False,191,False,216,False,28,False,25,False,39,False,28,False,0,False,58,False,166,False,157,False,6,False,2411.75,False,166,False,1
432260805000013,784,False,385,False,418,False,40,False,33,False,107,False,89,False,,True,123,False,351,False,348,False,22,False,2859.6,False,351,False,1
432260805000014,250,False,157,False,135,False,9,False,12,False,34,False,23,False,0,False,33,False,127,False,127,False,123,False,2904.33,False,127,False,1
432260805000015,610,False,272,False,315,False,27,False,31,False,78,False,55,False,3,False,99,False,249,False,246,False,78,False,3192.52,False,249,False,1
432260805000016,6,False,3,False,,True,,True,,True,,True,,True,,True,,True,,True,,True,,True,,True,,True,1
432260805000017,956,False,396,False,469,False,59,False,62,False,77,False,75,False,,True,236,False,366,False,362,False,205,False,1932.26,False,366,False,1
432260805000018,486,False,211,False,253,False,28,False,28,False,40,False,42,False,0,False,125,False,195,False,195,False,186,False,1606.34,False,195,False,1
432260805000019,659,False,294,False,352,False,45,False,37,False,75,False,47,False,0,False,76,False,257,False,253,False,45,False,4415.72,False,257,False,1
432260805000020,496,False,258,False,259,False,22,False,24,False,74,False,61,False,0,False,56,False,214,False,205,False,68,False,3984.18,False,214,False,1
432260805000021,112,False,58,False,59,False,8,False,,True,6,False,11,False,0,False,10,False,49,False,49,False,49,False,3259.88,False,49,False,1
432260805000023,747,False,328,False,381,False,34,False,48,False,76,False,48,False,0,False,95,False,306,False,303,False,279,False,3163.86,False,306,False,1
432260805000024,73,False,37,False,46,False,,True,,True,14,False,,True,0,False,10,False,34,False,34,False,33,False,2450.71,False,34,False,1
432260805000025,277,False,140,False,144,False,15,False,11,False,39,False,34,False,0,False,57,False,128,False,127,False,126,False,1798.39,False,128,False,1
432260805000026,959,False,384,False,497,False,46,False,58,False,87,False,50,False,0,False,212,False,358,False,358,False,338,False,2539.17,False,358,False,1
432260805000027,155,False,70,False,78,False,,True,,True,21,False,13,False,0,False,29,False,62,False,62,False,3,False,2524.31,False,62,False,1
432260805000028,33,False,14,False,18,False,,True,,True,,True,,True,0,False,,True,12,False,12,False,11,False,2348.0,False,12,False,1
432260805000029,293,False,135,False,138,False,17,False,17,False,40,False,20,False,0,False,75,False,113,False,110,False,6,False,1448.9,False,113,False,1
432260805000030,706,False,311,False,375,False,39,False,38,False,80,False,49,False,0,False,103,False,288,False,278,False,219,False,2160.2,False,288,False,1
432260805000031,699,False,318,False,376,False,32,False,39,False,100,False,61,False,0,False,119,False,303,False,296,False,298,False,2205.13,False,303,False,1
432260805000032,138,False,69,False,73,False,,True,15,False,15,False,,True,0,False,18,False,62,False,62,False,61,False,3142.13,False,62,False,1
432260805000033,662,False,283,False,354,False,39,False,47,False,66,False,50,False,0,False,143,False,264,False,261,False,219,False,1929.53,False,264,False,1
432260805000034,921,False,477,False,505,False,68,False,61,False,55,False,49,False,0,False,204,False,389,False,385,False,16,False,1995.77,False,389,False,1
432260805000035,990,False,492,False,528,False,54,False,54,False,135,False,94,False,,True,143,False,423,False,410,False,57,False,2180.0,False,423,False,1
432260805000036,233,False,119,False,131,False,,True,,True,31,False,31,False,0,False,,True,102,False,101,False,100,False,4193.15,False,102,False,1
432260805000037,487,False,242,False,271,False,28,False,28,False,56,False,83,False,0,False,26,False,215,False,214,False,62,False,3402.77,False,215,False,1
432260805000038,1538,False,734,False,845,False,98,False,78,False,122,False,121,False,0,False,144,False,667,False,664,False,12,False,2668.57,False,667,False,1
432260805000039,398,False,194,False,201,False,21,False,24,False,38,False,37,False,0,False,46,False,171,False,170,False,,True,2469.84,False,171,False,1
432260805000040,28,False,13,False,12,False,,True,,True,3,False,,True,0,False,,True,12,False,12,False,0,False,2083.0,False,12,False,1
432260805000041,688,False,323,False,363,False,22,False,28,False,97,False,118,False,0,False,47,False,291,False,285,False,44,False,5023.86,False,291,False,1
432260805000042,457,False,213,False,245,False,23,False,25,False,42,False,37,False,0,False,73,False,186,False,181,False,,True,2428.11,False,186,False,1
432260805000043,481,False,253,False,262,False,24,False,19,False,53,False,35,False,,True,46,False,225,False,221,False,4,False,2710.33,False,225,False,1
432260805000044,59,False,30,False,27,False,,True,,True,9,False,7,False,0,False,,True,27,False,27,False,0,False,3119.67,False,27,False,1
432260805000045,755,False,364,False,393,False,33,False,38,False,130,False,97,False,0,False,37,False,316,False,305,False,284,False,3232.42,False,316,False,1
432260805000046,839,False,419,False,460,False,32,False,41,False,114,False,79,False,,True,105,False,372,False,370,False,6,False,2630.21,False,372,False,1
432260805000047,72,False,47,False,38,False,5,False,,True,9,False,,True,0,False,,True,39,False,38,False,,True,3878.97,False,39,False,1
432260805000048,23,False,8,False,13,False,,True,,True,,True,,True,0,False,,True,8,False,8,False,0,False,2051.88,False,8,False,1
432260805000049,553,False,239,False,305,False,25,False,24,False,77,False,51,False,0,False,70,False,215,False,213,False,157,False,2921.36,False,215,False,1
432260805000050,785,False,371,False,402,False,39,False,34,False,89,False,71,False,0,False,100,False,321,False,311,False,92,False,2824.2,False,321,False,1
432260805000052,658,False,265,False,316,False,49,False,43,False,85,False,37,False,0,False,288,False,249,False,231,False,23,False,1645.73,False,249,False,1
432260805000053,999,False,358,False,502,False,97,False,95,False,56,False,29,False,0,False,528,False,326,False,310,False,44,False,1481.74,False,326,False,1
432260805000054,1265,False,548,False,639,False,82,False,91,False,137,False,68,False,0,False,334,False,485,False,441,False,38,False,1970.54,False,485,False,1
432260805000055,595,False,241,False,314,False,47,False,47,False,46,False,30,False,0,False,115,False,233,False,220,False,225,False,1875.63,False,233,False,1
432260805000056,157,False,64,False,75,False,6,False,14,False,20,False,11,False,,True,59,False,59,False,58,False,24,False,1532.52,False,59,False,1
432260805000057,859,False,379,False,453,False,55,False,59,False,101,False,60,False,0,False,148,False,343,False,338,False,66,False,1852.65,False,343,False,1
432260805000058,585,False,246,False,314,False,45,False,49,False,20,False,,True,0,False,145,False,226,False,220,False,5,False,2017.63,False,226,False,1
432260805000059,634,False,254,False,327,False,52,False,52,False,28,False,13,False,0,False,246,False,233,False,233,False,68,False,1851.04,False,233,False,1
432260805000060,273,False,106,False,142,False,28,False,35,False,8,False,,True,0,False,65,False,103,False,103,False,17,False,2086.28,False,103,False,1
432260805000062,196,False,86,False,95,False,17,False,10,False,15,False,12,False,0,False,38,False,74,False,53,False,12,False,1700.47,False,74,False,1
432260805000063,343,False,161,False,166,False,32,False,18,False,22,False,11,False,0,False,62,False,143,False,143,False,142,False,1917.74,False,143,False,1
432260805000064,381,False,161,False,197,False,16,False,29,False,40,False,22,False,0,False,34,False,146,False,119,False,0,False,2743.31,False,146,False,1
432260805000065,301,False,127,False,157,False,15,False,17,False,20,False,15,False,0,False,65,False,111,False,93,False,,True,2482.85,False,111,False,1
432260805000066,134,False,62,False,65,False,14,False,11,False,9,False,,True,0,False,8,False,53,False,47,False,0,False,4667.4,False,53,False,1
432260805000067,539,False,230,False,260,False,43,False,45,False,40,False,23,False,0,False,64,False,213,False,207,False,48,False,3883.04,False,213,False,1
432260805000068,225,False,85,False,113,False,18,False,,True,25,False,13,False,0,False,55,False,83,False,78,False,80,False,1895.12,False,83,False,1
432260805000069,252,False,84,False,140,False,15,False,14,False,19,False,50,False,0,False,51,False,77,False,74,False,0,False,1686.47,False,77,False,1
432260805000070,675,False,327,False,399,False,46,False,51,False,42,False,40,False,0,False,177,False,277,False,271,False,4,False,1617.69,False,277,False,1
432260805000071,215,False,87,False,107,False,15,False,12,False,10,False,13,False,0,False,35,False,81,False,78,False,,True,2493.36,False,81,False,1
432260805000072,140,False,71,False,81,False,,True,16,False,14,False,7,False,0,False,,True,60,False,60,False,0,False,2615.55,False,60,False,1
432260805000074,405,False,170,False,214,False,29,False,27,False,26,False,15,False,0,False,27,False,160,False,159,False,0,False,3066.18,False,160,False,1
432260805000075,250,False,123,False,131,False,,True,14,False,38,False,17,False,0,False,11,False,111,False,84,False,74,False,3090.78,False,111,False,1
432260805000076,148,False,59,False,76,False,14,False,9,False,17,False,10,False,0,False,25,False,56,False,56,False,55,False,1907.34,False,56,False,1
432260805000077,817,False,345,False,423,False,59,False,43,False,89,False,60,False,0,False,141,False,327,False,315,False,5,False,2181.25,False,327,False,1
432260805000081,769,False,335,False,390,False,72,False,60,False,29,False,25,False,0,False,143,False,298,False,260,False,0,False,2655.78,False,298,False,1
432260805000082,724,False,358,False,351,False,38,False,38,False,112,False,61,False,0,False,137,False,287,False,144,False,,True,1622.15,False,287,False,1
432260805000083,289,False,133,False,143,False,12,False,9,False,36,False,35,False,0,False,27,False,114,False,29,False,0,False,1913.13,False,114,False,1
432260805000085,50,False,32,False,25,False,,True,,True,,True,7,False,0,False,3,False,20,False,11,False,0,False,2973.4,False,20,False,1
432260805000087,139,False,62,False,61,False,,True,8,False,17,False,10,False,0,False,31,False,54,False,17,False,0,False,1764.72,False,54,False,1
432260805000088,76,False,35,False,43,False,,True,3,False,11,False,10,False,0,False,,True,29,False,0,False,0,False,2383.17,False,29,False,1
432260805000090,1135,False,490,False,585,False,72,False,75,False,126,False,83,False,,True,136,False,432,False,418,False,233,False,4776.46,False,432,False,1
432260805000091,798,False,316,False,393,False,50,False,44,False,70,False,60,False,0,False,203,False,288,False,281,False,94,False,2077.68,False,288,False,1
432260805000092,818,False,354,False,408,False,41,False,43,False,87,False,56,False,,True,170,False,336,False,332,False,74,False,2150.88,False,336,False,1
432260805000094,320,False,155,False,160,False,20,False,18,False,30,False,25,False,0,False,43,False,124,False,6,False,0,False,1815.71,False,124,False,1
432260805000096,782,False,341,False,406,False,42,False,48,False,63,False,43,False,0,False,177,False,305,False,304,False,301,False,1662.03,False,305,False,1
432260805000097,39,False,28,False,15,False,,True,,True,8,False,,True,0,False,,True,18,False,6,False,0,False,2503.5,False,18,False,1
432260805000098,1135,False,471,False,604,False,95,False,81,False,50,False,34,False,0,False,173,False,440,False,429,False,416,False,2018.37,False,440,False,1
432260805000099,1133,False,452,False,580,False,96,False,90,False,82,False,19,False,0,False,192,False,424,False,407,False,221,False,2226.3,False,424,False,1
432260805000100,195,False,81,False,92,False,21,False,20,False,,True,,True,0,False,19,False,73,False,72,False,0,False,2641.17,False,73,False,1
432260805000101,208,False,85,False,102,False,19,False,10,False,,True,,True,0,False,20,False,81,False,77,False,,True,3653.22,False,81,False,1
432260805000102,301,False,156,False,150,False,15,False,25,False,41,False,25,False,0,False,25,False,126,False,84,False,0,False,2505.21,False,126,False,1
432260805000103,281,False,131,False,143,False,21,False,14,False,25,False,25,False,0,False,30,False,105,False,,True,0,False,2006.53,False,105,False,1
432260805000104,99,False,54,False,49,False,,True,,True,13,False,11,False,0,False,12,False,40,False,5,False,0,False,2001.3,False,40,False,1
432260805000105,240,False,116,False,113,False,19,False,10,False,32,False,16,False,0,False,37,False,99,False,,True,,True,1702.56,False,99,False,1
432260805000106,515,False,235,False,268,False,24,False,33,False,56,False,34,False,0,False,85,False,214,False,192,False,33,False,2387.26,False,214,False,1
432260805000107,987,False,408,False,519,False,59,False,64,False,64,False,48,False,0,False,156,False,390,False,385,False,375,False,2342.39,False,390,False,1
432260805000108,25,False,16,False,11,False,,True,6,False,,True,,True,0,False,,True,8,False,4,False,0,False,1765.5,False,8,False,1
432260807000001,116,False,57,False,64,False,,True,,True,13,False,15,False,0,False,54,False,43,False,26,False,0,False,1811.3,False,43,False,1
432260807000002,480,False,224,False,230,False,19,False,21,False,68,False,64,False,0,False,24,False,183,False,38,False,3,False,1938.45,False,183,False,1
432260807000003,371,False,216,False,196,False,15,False,11,False,66,False,43,False,0,False,26,False,161,False,54,False,0,False,1686.41,False,161,False,1
432260807000005,407,False,192,False,202,False,18,False,15,False,57,False,43,False,0,False,19,False,170,False,0,False,0,False,1661.41,False,170,False,1
432260807000007,807,False,391,False,389,False,35,False,34,False,101,False,85,False,0,False,60,False,320,False,114,False,0,False,1680.61,False,320,False,1
432260807000008,526,False,257,False,274,False,20,False,22,False,82,False,64,False,0,False,34,False,197,False,117,False,0,False,1716.14,False,197,False,1
432260807000009,243,False,112,False,115,False,14,False,11,False,35,False,30,False,0,False,14,False,97,False,0,False,0,False,1698.47,False,97,False,1
432260807000010,552,False,253,False,280,False,28,False,25,False,82,False,56,False,0,False,40,False,209,False,25,False,0,False,1766.25,False,209,False,1
432260807000011,257,False,135,False,131,False,,True,19,False,32,False,29,False,0,False,42,False,105,False,3,False,0,False,1772.47,False,105,False,1
432260807000012,524,False,254,False,254,False,34,False,27,False,67,False,44,False,0,False,87,False,191,False,12,False,0,False,1702.1,False,191,False,1
432260810000001,60,False,32,False,26,False,,True,,True,13,False,13,False,0,False,3,False,24,False,22,False,0,False,2567.33,False,24,False,1
432260810000002,498,False,236,False,253,False,15,False,20,False,73,False,83,False,0,False,21,False,191,False,59,False,0,False,1673.02,False,191,False,1
432260810000003,515,False,296,False,261,False,17,False,25,False,86,False,72,False,,True,66,False,210,False,65,False,0,False,1974.46,False,210,False,1
432260810000004,442,False,215,False,213,False,23,False,20,False,78,False,63,False,0,False,16,False,159,False,58,False,0,False,1480.92,False,159,False,1
432260810000005,402,False,181,False,194,False,15,False,20,False,64,False,65,False,0,False,18,False,152,False,42,False,3,False,1501.35,False,152,False,1
432260810000006,385,False,216,False,176,False,,True,,True,73,False,76,False,0,False,,True,169,False,66,False,0,False,1707.94,False,169,False,1
432260815000001,101,False,62,False,55,False,,True,,True,18,False,33,False,0,False,0,False,50,False,41,False,0,False,1765.56,False,50,False,1
432260815000002,302,False,160,False,144,False,,True,16,False,44,False,47,False,0,False,,True,122,False,43,False,0,False,1503.62,False,122,False,1
432260815000003,238,False,100,False,108,False,,True,,True,43,False,34,False,0,False,,True,90,False,35,False,0,False,1422.44,False,90,False,1
432260815000005,194,False,107,False,89,False,,True,7,False,32,False,25,False,0,False,,True,81,False,,True,0,False,1508.17,False,81,False,1
432260815000006,480,False,221,False,221,False,24,False,33,False,49,False,22,False,5,False,148,False,176,False,27,False,0,False,1489.72,False,176,False,1
432260815000007,371,False,157,False,181,False,20,False,25,False,35,False,35,False,0,False,,True,131,False,12,False,0,False,1286.17,False,131,False,1
432260815000008,252,False,136,False,119,False,,True,8,False,28,False,45,False,0,False,,True,97,False,9,False,0,False,1325.79,False,97,False,1
432260817000003,703,False,351,False,329,False,39,False,36,False,85,False,58,False,0,False,115,False,286,False,110,False,0,False,1834.19,False,286,False,1
432260817000004,188,False,101,False,85,False,11,False,13,False,19,False,14,False,0,False,7,False,75,False,14,False,0,False,1713.99,False,75,False,1
432260817000005,509,False,247,False,238,False,26,False,30,False,57,False,46,False,,True,81,False,196,False,45,False,0,False,1893.71,False,196,False,1
432260817000006,519,False,249,False,255,False,25,False,27,False,72,False,56,False,0,False,,True,208,False,107,False,0,False,1570.41,False,208,False,1
432260817000007,338,False,202,False,164,False,16,False,13,False,56,False,43,False,0,False,29,False,146,False,22,False,0,False,1921.79,False,146,False,1
432260817000008,528,False,251,False,261,False,27,False,34,False,56,False,65,False,,True,72,False,209,False,97,False,0,False,1917.9,False,209,False,1
432260817000009,525,False,263,False,264,False,27,False,18,False,80,False,56,False,0,False,,True,222,False,149,False,0,False,1636.08,False,222,False,1
432260817000010,217,False,120,False,101,False,15,False,12,False,33,False,16,False,0,False,12,False,93,False,53,False,0,False,1664.0,False,93,False,1
432260817000011,874,False,165,False,181,False,16,False,28,False,38,False,43,False,0,False,250,False,141,False,118,False,,True,1863.19,False,141,False,1
432260820000001,398,False,237,False,188,False,15,False,23,False,54,False,46,False,0,False,64,False,165,False,155,False,0,False,2319.8,False,165,False,1
432260820000002,723,False,441,False,356,False,33,False,42,False,103,False,72,False,0,False,41,False,289,False,204,False,0,False,2012.4,False,289,False,1
432260820000003,375,False,307,False,172,False,19,False,22,False,84,False,50,False,0,False,,True,164,False,61,False,0,False,1681.13,False,164,False,1
432260822000001,402,False,199,False,206,False,21,False,17,False,44,False,62,False,0,False,18,False,170,False,167,False,0,False,2092.91,False,170,False,1
432260822000003,532,False,301,False,254,False,28,False,21,False,77,False,50,False,0,False,46,False,223,False,145,False,0,False,1702.12,False,223,False,1
432260822000004,389,False,219,False,181,False,16,False,30,False,61,False,38,False,0,False,46,False,159,False,124,False,,True,1672.1,False,159,False,1
432260822000005,321,False,211,False,151,False,14,False,17,False,67,False,41,False,0,False,22,False,133,False,110,False,0,False,1710.83,False,133,False,1
432260822000006,53,False,35,False,23,False,,True,,True,,True,9,False,0,False,0,False,23,False,14,False,0,False,1746.52,False,23,False,1
432260822000007,985,False,504,False,482,False,58,False,58,False,116,False,93,False,0,False,112,False,390,False,339,False,6,False,1771.48,False,390,False,1
432260822000008,160,False,115,False,70,False,,True,,True,33,False,11,False,0,False,8,False,73,False,55,False,0,False,1816.68,False,73,False,1
432260830000001,66,False,37,False,33,False,0,False,3,False,11,False,19,False,0,False,0,False,29,False,23,False,0,False,3185.34,False,29,False,1
432260830000003,788,False,350,False,401,False,38,False,49,False,101,False,97,False,0,False,65,False,317,False,273,False,,True,2215.16,False,317,False,1
432260830000005,530,False,240,False,246,False,27,False,26,False,71,False,95,False,0,False,32,False,206,False,157,False,0,False,2001.4,False,206,False,1
432260830000006,610,False,312,False,297,False,25,False,18,False,100,False,117,False,0,False,25,False,241,False,104,False,0,False,2071.77,False,241,False,1
432260830000007,520,False,260,False,242,False,22,False,30,False,87,False,84,False,0,False,55,False,202,False,107,False,,True,1958.14,False,202,False,1
432260830000008,261,False,133,False,125,False,9,False,16,False,42,False,44,False,0,False,15,False,104,False,61,False,0,False,2185.57,False,104,False,1
432260830000009,517,False,253,False,252,False,30,False,27,False,62,False,56,False,0,False,62,False,198,False,160,False,47,False,1830.59,False,198,False,1
432260830000010,370,False,178,False,180,False,16,False,11,False,29,False,62,False,0,False,20,False,141,False,125,False,0,False,1914.74,False,141,False,1
432260830000011,484,False,238,False,246,False,19,False,33,False,64,False,68,False,0,False,58,False,194,False,170,False,0,False,2270.56,False,194,False,1
432260845000001,57,False,36,False,26,False,,True,,True,11,False,9,False,0,False,,True,25,False,25,False,0,False,2058.56,False,25,False,1
432260845000002,569,False,255,False,281,False,21,False,26,False,102,False,101,False,0,False,,True,214,False,179,False,,True,1698.16,False,214,False,1
432280605000001,495,False,291,False,277,False,20,False,26,False,47,False,50,False,,True,47,False,228,False,228,False,26,False,4405.47,False,228,False,1
432280605000004,566,False,264,False,307,False,22,False,35,False,84,False,85,False,0,False,62,False,236,False,234,False,52,False,4015.66,False,236,False,1
432280605000005,167,False,76,False,79,False,,True,13,False,15,False,23,False,0,False,,True,68,False,68,False,11,False,2518.46,False,68,False,1
432280605000006,170,False,73,False,91,False,7,False,,True,28,False,33,False,0,False,5,False,67,False,67,False,3,False,3349.42,False,67,False,1
432280605000007,0,False,0,False,0,False,0,False,0,False,0,False,0,False,0,False,0,False,0,False,0,False,0,False,0.0,False,0,False,1
432280605000008,38,False,20,False,20,False,,True,,True,,True,,True,0,False,,True,18,False,18,False,15,False,1453.78,False,18,False,1
432280605000009,776,False,306,False,381,False,30,False,33,False,89,False,73,False,0,False,150,False,281,False,281,False,243,False,2431.63,False,281,False,1
432280605000011,58,False,25,False,27,False,,True,,True,13,False,8,False,0,False,,True,21,False,21,False,9,False,2959.43,False,21,False,1
432280605000012,532,False,244,False,283,False,26,False,24,False,72,False,59,False,0,False,29,False,209,False,209,False,118,False,2832.98,False,209,False,1
432280605000015,446,False,198,False,222,False,19,False,31,False,51,False,39,False,0,False,73,False,169,False,168,False,5,False,2333.95,False,169,False,1
432280605000016,109,False,45,False,54,False,,True,,True,16,False,11,False,0,False,14,False,43,False,43,False,9,False,2887.49,False,43,False,1
432280605000018,25,False,10,False,12,False,0,False,,True,,True,,True,0,False,0,False,10,False,10,False,0,False,3452.4,False,10,False,1
432280605000020,0,False,0,False,0,False,0,False,0,False,0,False,0,False,0,False,0,False,0,False,0,False,0,False,0.0,False,0,False,1
432280605000022,442,False,215,False,230,False,21,False,21,False,58,False,56,False,0,False,23,False,189,False,189,False,121,False,1757.4,False,189,False,1
432280605000024,490,False,204,False,242,False,31,False,32,False,66,False,35,False,0,False,156,False,170,False,170,False,135,False,2122.58,False,170,False,1
432280605000025,734,False,315,False,378,False,34,False,39,False,74,False,63,False,0,False,218,False,298,False,298,False,277,False,2040.85,False,298,False,1
432280605000027,213,False,89,False,110,False,7,False,15,False,26,False,17,False,0,False,15,False,70,False,68,False,64,False,1406.74,False,70,False,1
432280605000028,117,False,46,False,57,False,,True,11,False,17,False,8,False,0,False,5,False,40,False,37,False,29,False,1599.7,False,40,False,1
432280605000029,61,False,19,False,31,False,,True,,True,10,False,0,False,0,False,4,False,18,False,17,False,4,False,3542.59,False,18,False,1
432280605000033,53,False,22,False,23,False,,True,,True,,True,11,False,0,False,10,False,16,False,16,False,5,False,2422.5,False,16,False,1
432280605000034,188,False,100,False,92,False,10,False,13,False,25,False,34,False,0,False,,True,80,False,80,False,45,False,2958.85,False,80,False,1
432280605000035,115,False,65,False,67,False,,True,,True,13,False,29,False,0,False,,True,53,False,53,False,34,False,2848.23,False,53,False,1
432280605000036,115,False,59,False,64,False,,True,,True,11,False,,True,0,False,,True,52,False,52,False,8,False,3952.43,False,52,False,1
432280605000037,291,False,168,False,151,False,9,False,,True,43,False,43,False,0,False,33,False,131,False,131,False,68,False,2292.58,False,131,False,1
432280605000038,356,False,184,False,191,False,14,False,15,False,58,False,43,False,0,False,36,False,164,False,164,False,96,False,1892.4,False,164,False,1
432280605000039,652,False,273,False,340,False,31,False,36,False,77,False,37,False,0,False,76,False,258,False,258,False,63,False,3297.88,False,258,False,1
432280605000040,282,False,135,False,145,False,13,False,15,False,36,False,31,False,0,False,29,False,117,False,114,False,6,False,3349.44,False,117,False,1
432280605000041,197,False,80,False,96,False,11,False,,True,23,False,23,False,0,False,19,False,72,False,72,False,0,False,2545.07,False,72,False,1
432280605000043,619,False,255,False,300,False,24,False,31,False,83,False,90,False,0,False,68,False,206,False,35,False,5,False,3434.92,False,206,False,1
432280605000044,188,False,150,False,81,False,5,False,7,False,46,False,28,False,0,False,19,False,86,False,18,False,0,False,1737.64,False,86,False,1
432280605000045,553,False,231,False,267,False,21,False,35,False,65,False,54,False,,True,71,False,188,False,128,False,53,False,2267.24,False,188,False,1
432280605000046,342,False,216,False,171,False,7,False,,True,61,False,71,False,0,False,,True,131,False,10,False,3,False,2985.05,False,131,False,1
432280605000047,360,False,203,False,186,False,12,False,,True,58,False,65,False,0,False,4,False,142,False,54,False,13,False,1989.97,False,142,False,1
432280605000048,253,False,140,False,133,False,10,False,12,False,46,False,44,False,0,False,27,False,92,False,75,False,,True,2891.15,False,92,False,1
432280605000049,345,False,175,False,159,False,13,False,8,False,73,False,62,False,0,False,36,False,130,False,33,False,,True,2198.31,False,130,False,1
432280605000050,660,False,313,False,352,False,26,False,38,False,70,False,60,False,,True,71,False,285,False,285,False,238,False,5045.51,False,285,False,1
432280605000052,610,False,258,False,305,False,29,False,48,False,86,False,87,False,4,False,80,False,238,False,238,False,5,False,2242.29,False,238,False,1
432280605000053,524,False,224,False,276,False,21,False,28,False,74,False,81,False,0,False,54,False,205,False,204,False,12,False,2489.14,False,205,False,1
432280605000055,424,False,219,False,215,False,20,False,22,False,42,False,35,False,0,False,100,False,177,False,177,False,156,False,1966.2,False,177,False,1
432280605000057,110,False,41,False,52,False,,True,7,False,14,False,8,False,0,False,26,False,38,False,37,False,35,False,2371.34,False,38,False,1
432280605000063,366,False,211,False,205,False,12,False,10,False,34,False,42,False,0,False,33,False,191,False,191,False,3,False,3824.87,False,191,False,1
432280605000064,512,False,234,False,256,False,28,False,23,False,56,False,38,False,0,False,85,False,191,False,191,False,187,False,2380.46,False,191,False,1
432280605000066,583,False,275,False,307,False,27,False,28,False,87,False,61,False,0,False,66,False,240,False,239,False,154,False,2679.79,False,240,False,1
432280605000067,160,False,152,False,75,False,12,False,,True,31,False,39,False,0,False,,True,61,False,9,False,,True,1692.46,False,61,False,1
432280605000068,743,False,336,False,401,False,46,False,46,False,64,False,68,False,0,False,66,False,302,False,302,False,12,False,4145.48,False,302,False,1
432280605000069,560,False,263,False,305,False,28,False,16,False,69,False,68,False,0,False,52,False,244,False,244,False,77,False,3912.31,False,244,False,1
432280605000070,310,False,179,False,168,False,19,False,17,False,35,False,55,False,0,False,27,False,127,False,127,False,123,False,7773.97,False,127,False,1
432280605000071,483,False,208,False,264,False,17,False,34,False,51,False,39,False,,True,47,False,188,False,187,False,134,False,4985.03,False,188,False,1
432280605000072,807,False,357,False,411,False,34,False,42,False,97,False,68,False,,True,87,False,308,False,308,False,247,False,2578.74,False,308,False,1
432280605000073,468,False,197,False,239,False,15,False,19,False,64,False,56,False,0,False,42,False,178,False,174,False,,True,2702.8,False,178,False,1
432280605000074,986,False,393,False,495,False,54,False,58,False,85,False,47,False,5,False,206,False,361,False,361,False,201,False,2664.93,False,361,False,1
432280605000075,468,False,197,False,233,False,12,False,27,False,76,False,41,False,0,False,57,False,176,False,174,False,,True,2811.29,False,176,False,1
432280605000076,504,False,181,False,247,False,31,False,42,False,39,False,30,False,0,False,162,False,175,False,167,False,52,False,2322.3,False,175,False,1
432280605000077,615,False,278,False,316,False,50,False,39,False,32,False,31,False,0,False,133,False,247,False,246,False,85,False,3646.52,False,247,False,1
432280605000078,695,False,296,False,349,False,51,False,43,False,69,False,51,False,0,False,164,False,274,False,274,False,116,False,2710.94,False,274,False,1
432280605000079,405,False,185,False,203,False,,True,22,False,43,False,40,False,0,False,102,False,158,False,158,False,153,False,1724.13,False,158,False,1
432280605000080,458,False,210,False,238,False,15,False,25,False,74,False,42,False,0,False,35,False,189,False,189,False,58,False,5848.52,False,189,False,1
432280605000081,546,False,281,False,291,False,29,False,22,False,38,False,55,False,0,False,85,False,252,False,251,False,176,False,3890.25,False,252,False,1
432280605000082,220,False,97,False,111,False,12,False,20,False,9,False,17,False,0,False,,True,83,False,83,False,6,False,5007.22,False,83,False,1
432280605000083,387,False,213,False,178,False,21,False,24,False,61,False,48,False,0,False,38,False,138,False,58,False,,True,4286.08,False,138,False,1
432280605000084,475,False,245,False,259,False,26,False,20,False,71,False,60,False,,True,39,False,203,False,203,False,195,False,5861.13,False,203,False,1
432280605000085,299,False,166,False,167,False,9,False,7,False,40,False,39,False,0,False,40,False,143,False,143,False,62,False,5350.2,False,143,False,1
432280605000086,295,False,120,False,152,False,17,False,15,False,27,False,16,False,0,False,,True,106,False,106,False,,True,2522.12,False,106,False,1
432285505000001,522,False,251,False,269,False,30,False,32,False,47,False,87,False,0,False,,True,217,False,216,False,3,False,3047.9,False,217,False,1
432285505000002,253,False,118,False,115,False,9,False,,True,33,False,54,False,0,False,15,False,88,False,65,False,,True,4862.81,False,88,False,1
432285505000003,224,False,82,False,110,False,,True,,True,36,False,38,False,0,False,,True,68,False,58,False,0,False,8199.61,False,68,False,1
432285505000004,376,False,165,False,171,False,14,False,12,False,62,False,73,False,0,False,,True,127,False,109,False,,True,5558.46,False,127,False,1
432285505000005,163,False,92,False,83,False,,True,8,False,21,False,35,False,0,False,8,False,56,False,49,False,,True,10147.45,False,56,False,1
432285505000006,280,False,107,False,132,False,18,False,9,False,54,False,35,False,0,False,,True,86,False,79,False,,True,17798.26,False,86,False,1
432330905000001,680,False,352,False,361,False,35,False,46,False,86,False,71,False,4,False,29,False,279,False,278,False,109,False,2140.94,False,279,False,1
432330905000002,647,False,266,False,331,False,33,False,43,False,94,False,75,False,0,False,138,False,236,False,231,False,7,False,3116.78,False,236,False,1
432330905000004,161,False,67,False,70,False,7,False,14,False,9,False,,True,0,False,37,False,58,False,58,False,0,False,2244.3,False,58,False,1
432330905000006,217,False,104,False,110,False,15,False,11,False,29,False,30,False,0,False,25,False,66,False,60,False,0,False,3146.83,False,66,False,1
432330905000008,301,False,164,False,154,False,7,False,14,False,46,False,49,False,0,False,42,False,108,False,45,False,,True,2763.15,False,108,False,1
432330905000009,64,False,39,False,31,False,9,False,,True,,True,,True,0,False,0,False,23,False,,True,,True,6571.13,False,23,False,1
432330905000010,59,False,28,False,36,False,,True,4,False,,True,,True,0,False,,True,23,False,23,False,,True,4696.7,False,23,False,1
432330905000011,166,False,73,False,83,False,14,False,18,False,,True,,True,0,False,38,False,61,False,61,False,16,False,2954.66,False,61,False,1
432330905000012,3,False,1,False,,True,,True,,True,,True,,True,,True,,True,,True,,True,,True,,True,,True,1
432330905000013,10,False,5,False,,True,,True,,True,,True,,True,,True,,True,,True,,True,,True,,True,,True,1
432330905000014,504,False,210,False,247,False,27,False,27,False,82,False,67,False,0,False,75,False,184,False,180,False,0,False,2468.05,False,184,False,1
432330905000015,11,False,4,False,,True,,True,,True,,True,,True,,True,,True,,True,,True,,True,,True,,True,1
432330905000016,496,False,212,False,235,False,24,False,23,False,73,False,72,False,,True,47,False,169,False,24,False,0,False,3125.75,False,169,False,1
432330905000017,39,False,14,False,21,False,,True,,True,,True,,True,0,False,12,False,13,False,7,False,0,False,2771.08,False,13,False,1
432330905000018,288,False,129,False,152,False,8,False,14,False,57,False,44,False,0,False,,True,96,False,83,False,0,False,3841.64,False,96,False,1
432340805000001,718,False,321,False,368,False,34,False,41,False,89,False,71,False,0,False,140,False,289,False,167,False,28,False,2599.31,False,289,False,1
432340805000002,6,False,7,False,,True,,True,,True,,True,,True,,True,,True,,True,,True,,True,,True,,True,1
432340805000003,381,False,184,False,187,False,15,False,15,False,85,False,54,False,0,False,,True,136,False,,True,0,False,6498.75,False,136,False,1
432340805000004,305,False,136,False,153,False,23,False,10,False,41,False,47,False,0,False,31,False,105,False,0,False,0,False,3953.89,False,105,False,1
432340805000005,302,False,168,False,143,False,12,False,7,False,67,False,48,False,,True,23,False,112,False,0,False,0,False,9025.8,False,112,False,1
432340805000006,108,False,47,False,55,False,,True,7,False,18,False,24,False,0,False,0,False,38,False,0,False,0,False,4452.63,False,38,False,1
432340805000007,337,False,161,False,156,False,19,False,12,False,69,False,42,False,0,False,,True,123,False,0,False,0,False,4291.07,False,123,False,1
432340805000008,185,False,91,False,93,False,7,False,,True,31,False,33,False,0,False,17,False,66,False,7,False,0,False,5020.35,False,66,False,1
432340805000009,439,False,198,False,221,False,16,False,27,False,60,False,53,False,0,False,46,False,173,False,167,False,7,False,2687.15,False,173,False,1
432340805000010,1024,False,440,False,510,False,56,False,63,False,103,False,97,False,0,False,174,False,389,False,386,False,26,False,2523.59,False,389,False,1
432340805000011,8,False,4,False,,True,,True,,True,,True,,True,,True,,True,,True,,True,,True,,True,,True,1
432340805000012,11,False,4,False,,True,,True,,True,,True,,True,,True,,True,,True,,True,,True,,True,,True,1
432340805000013,0,False,2,False,0,False,0,False,0,False,0,False,0,False,0,False,0,False,0,False,0,False,0,False,0.0,False,0,False,1
432340805000014,6,False,4,False,,True,,True,,True,,True,,True,,True,,True,,True,,True,,True,,True,,True,1
432340805000015,263,False,101,False,135,False,19,False,12,False,32,False,16,False,0,False,,True,95,False,95,False,,True,2247.05,False,95,False,1
432340805000016,231,False,97,False,110,False,14,False,17,False,18,False,10,False,0,False,76,False,85,False,85,False,0,False,2111.37,False,85,False,1
432340805000017,89,False,37,False,40,False,,True,5,False,7,False,,True,0,False,9,False,35,False,34,False,,True,2280.29,False,35,False,1
432360605000001,486,False,219,False,242,False,16,False,21,False,65,False,62,False,0,False,38,False,184,False,184,False,,True,2681.11,False,184,False,1
432360605000002,211,False,104,False,100,False,8,False,,True,35,False,38,False,0,False,26,False,74,False,13,False,0,False,7252.11,False,74,False,1
432360605000003,174,False,105,False,88,False,13,False,7,False,20,False,38,False,0,False,14,False,65,False,48,False,0,False,3051.56,False,65,False,1
432360605000004,240,False,125,False,109,False,,True,10,False,41,False,41,False,0,False,,True,85,False,9,False,0,False,5329.38,False,85,False,1
432360605000009,422,False,194,False,201,False,20,False,25,False,67,False,57,False,0,False,46,False,144,False,124,False,,True,3674.6,False,144,False,1
432360605000010,57,False,25,False,23,False,,True,7,False,,True,,True,0,False,12,False,21,False,21,False,7,False,2257.14,False,21,False,1
432377005000002,356,False,140,False,186,False,28,False,29,False,20,False,25,False,0,False,37,False,130,False,125,False,8,False,2933.25,False,130,False,1
432377005000005,154,False,60,False,72,False,9,False,7,False,22,False,23,False,0,False,,True,53,False,29,False,0,False,3683.77,False,53,False,1
432377005000006,455,False,190,False,214,False,14,False,25,False,65,False,77,False,0,False,18,False,156,False,63,False,0,False,3829.53,False,156,False,1
432377005000007,319,False,117,False,156,False,14,False,,True,44,False,56,False,0,False,,True,104,False,57,False,0,False,4708.88,False,104,False,1
432377005000008,188,False,79,False,88,False,11,False,15,False,28,False,25,False,0,False,3,False,68,False,55,False,,True,4689.28,False,68,False,1
432377005000009,239,False,101,False,127,False,12,False,13,False,23,False,25,False,0,False,18,False,81,False,66,False,0,False,2785.79,False,81,False,1
432377005000010,425,False,160,False,210,False,20,False,39,False,36,False,23,False,0,False,38,False,152,False,152,False,3,False,2848.52,False,152,False,1
432377005000011,261,False,113,False,124,False,21,False,22,False,19,False,8,False,0,False,,True,102,False,102,False,7,False,2642.34,False,102,False,1
432377005000012,40,False,13,False,17,False,0,False,0,False,7,False,6,False,0,False,0,False,12,False,6,False,0,False,4875.0,False,12,False,1
432377005000013,65,False,23,False,35,False,6,False,,True,6,False,,True,0,False,16,False,20,False,18,False,,True,2505.9,False,20,False,1
432377005000014,596,False,281,False,309,False,28,False,37,False,63,False,62,False,0,False,40,False,234,False,234,False,16,False,3302.72,False,234,False,1
