time_utc,BUF_R00_C10,BUF_R00_C11,BUF_R00_C12,BUF_R00_C13,BUF_R00_C14,BUF_R00_C15,BUF_R00_C16,BUF_R00_C17,BUF_R00_C18,BUF_R01_C07,BUF_R01_C08,BUF_R01_C09,BUF_R01_C10,BUF_R01_C11,BUF_R01_C12,BUF_R01_C13,BUF_R01_C14,BUF_R01_C15,BUF_R01_C16,BUF_R01_C17,BUF_R01_C18,BUF_R01_C19,BUF_R02_C05,BUF_R02_C06,BUF_R02_C07,BUF_R02_C08,BUF_R02_C09,BUF_R02_C10,BUF_R02_C11,BUF_R02_C12,BUF_R02_C13,BUF_R02_C14,BUF_R02_C15,BUF_R02_C16,BUF_R02_C17,BUF_R02_C18,BUF_R02_C19,BUF_R03_C04,BUF_R03_C05,BUF_R03_C06,BUF_R03_C07,BUF_R03_C08,BUF_R03_C09,BUF_R03_C10,BUF_R03_C11,BUF_R03_C12,BUF_R03_C13,BUF_R03_C14,BUF_R03_C15,BUF_R03_C16,BUF_R03_C17,BUF_R03_C18,BUF_R03_C19,BUF_R03_C20,BUF_R04_C03,BUF_R04_C04,BUF_R04_C05,BUF_R04_C06,BUF_R04_C07,BUF_R04_C08,BUF_R04_C09,BUF_R04_C10,BUF_R04_C11,BUF_R04_C12,BUF_R04_C13,BUF_R04_C14,BUF_R04_C15,BUF_R04_C16,BUF_R04_C17,BUF_R04_C18,BUF_R04_C19,BUF_R04_C20,BUF_R05_C02,BUF_R05_C03,BUF_R05_C04,BUF_R05_C05,BUF_R05_C06,BUF_R05_C07,BUF_R05_C08,BUF_R05_C09,BUF_R05_C10,BUF_R05_C11,BUF_R05_C12,BUF_R05_C13,BUF_R05_C14,BUF_R05_C15,BUF_R05_C16,BUF_R05_C17,BUF_R05_C18,BUF_R05_C19,BUF_R05_C20,BUF_R05_C25,BUF_R05_C26,BUF_R05_C27,BUF_R05_C28,BUF_R05_C29,BUF_R05_C30,BUF_R05_C31,BUF_R05_C32,BUF_R06_C02,BUF_R06_C03,BUF_R06_C04,BUF_R06_C05,BUF_R06_C06,BUF_R06_C07,BUF_R06_C08,BUF_R06_C09,BUF_R06_C10,BUF_R06_C11,BUF_R06_C12,BUF_R06_C13,BUF_R06_C14,BUF_R06_C15,BUF_R06_C16,BUF_R06_C17,BUF_R06_C18,BUF_R06_C19,BUF_R06_C20,BUF_R06_C21,BUF_R06_C24,BUF_R06_C25,BUF_R06_C26,BUF_R06_C27,BUF_R06_C28,BUF_R06_C29,BUF_R06_C30,BUF_R06_C31,BUF_R06_C32,BUF_R06_C33,BUF_R07_C02,BUF_R07_C03,BUF_R07_C04,BUF_R07_C05,BUF_R07_C06,BUF_R07_C07,BUF_R07_C08,BUF_R07_C09,BUF_R07_C10,BUF_R07_C11,BUF_R07_C12,BUF_R07_C13,BUF_R07_C14,BUF_R07_C15,BUF_R07_C16,BUF_R07_C17,BUF_R07_C18,BUF_R07_C19,BUF_R07_C20,BUF_R07_C21,BUF_R07_C23,BUF_R07_C24,BUF_R07_C25,BUF_R07_C26,BUF_R07_C27,BUF_R07_C28,BUF_R07_C29,BUF_R07_C30,BUF_R07_C31,BUF_R07_C32,BUF_R07_C33,BUF_R07_C34,BUF_R08_C02,BUF_R08_C03,BUF_R08_C04,BUF_R08_C05,BUF_R08_C06,BUF_R08_C07,BUF_R08_C08,BUF_R08_C09,BUF_R08_C10,BUF_R08_C11,BUF_R08_C12,BUF_R08_C13,BUF_R08_C14,BUF_R08_C15,BUF_R08_C16,BUF_R08_C17,BUF_R08_C18,BUF_R08_C19,BUF_R08_C20,BUF_R08_C21,BUF_R08_C22,BUF_R08_C23,BUF_R08_C24,BUF_R08_C25,BUF_R08_C26,BUF_R08_C27,BUF_R08_C28,BUF_R08_C29,BUF_R08_C30,BUF_R08_C31,BUF_R08_C32,BUF_R08_C33,BUF_R08_C34,BUF_R08_C35,BUF_R09_C01,BUF_R09_C02,BUF_R09_C03,BUF_R09_C04,BUF_R09_C05,BUF_R09_C06,BUF_R09_C07,BUF_R09_C08,BUF_R09_C09,BUF_R09_C10,BUF_R09_C11,BUF_R09_C12,BUF_R09_C13,BUF_R09_C14,BUF_R09_C15,BUF_R09_C16,BUF_R09_C17,BUF_R09_C18,BUF_R09_C19,BUF_R09_C20,BUF_R09_C21,BUF_R09_C22,BUF_R09_C23,BUF_R09_C24,BUF_R09_C25,BUF_R09_C26,BUF_R09_C27,BUF_R09_C28,BUF_R09_C29,BUF_R09_C30,BUF_R09_C31,BUF_R09_C32,BUF_R09_C33,BUF_R09_C34,BUF_R09_C35,BUF_R10_C01,BUF_R10_C02,BUF_R10_C03,BUF_R10_C04,BUF_R10_C05,BUF_R10_C06,BUF_R10_C07,BUF_R10_C08,BUF_R10_C09,BUF_R10_C10,BUF_R10_C11,BUF_R10_C12,BUF_R10_C13,BUF_R10_C14,BUF_R10_C15,BUF_R10_C16,BUF_R10_C17,BUF_R10_C18,BUF_R10_C19,BUF_R10_C20,BUF_R10_C21,BUF_R10_C22,BUF_R10_C23,BUF_R10_C24,BUF_R10_C25,BUF_R10_C26,BUF_R10_C27,BUF_R10_C28,BUF_R10_C29,BUF_R10_C30,BUF_R10_C31,BUF_R10_C32,BUF_R10_C33,BUF_R10_C34,BUF_R10_C35,BUF_R10_C36,BUF_R11_C00,BUF_R11_C01,BUF_R11_C02,BUF_R11_C03,BUF_R11_C04,BUF_R11_C05,BUF_R11_C06,BUF_R11_C07,BUF_R11_C08,BUF_R11_C09,BUF_R11_C10,BUF_R11_C11,BUF_R11_C12,BUF_R11_C13,BUF_R11_C14,BUF_R11_C15,BUF_R11_C16,BUF_R11_C17,BUF_R11_C18,BUF_R11_C19,BUF_R11_C20,BUF_R11_C21,BUF_R11_C22,BUF_R11_C23,BUF_R11_C24,BUF_R11_C25,BUF_R11_C26,BUF_R11_C27,BUF_R11_C28,BUF_R11_C29,BUF_R11_C30,BUF_R11_C31,BUF_R11_C32,BUF_R11_C33,BUF_R11_C34,BUF_R11_C35,BUF_R11_C36,BUF_R11_C37,BUF_R12_C00,BUF_R12_C01,BUF_R12_C02,BUF_R12_C03,BUF_R12_C04,BUF_R12_C05,BUF_R12_C06,BUF_R12_C07,BUF_R12_C08,BUF_R12_C09,BUF_R12_C10,BUF_R12_C11,BUF_R12_C12,BUF_R12_C13,BUF_R12_C14,BUF_R12_C15,BUF_R12_C16,BUF_R12_C17,BUF_R12_C18,BUF_R12_C19,BUF_R12_C20,BUF_R12_C21,BUF_R12_C22,BUF_R12_C23,BUF_R12_C24,BUF_R12_C25,BUF_R12_C26,BUF_R12_C27,BUF_R12_C28,BUF_R12_C29,BUF_R12_C30,BUF_R12_C31,BUF_R12_C32,BUF_R12_C33,BUF_R12_C34,BUF_R12_C35,BUF_R12_C36,BUF_R12_C37,BUF_R13_C00,BUF_R13_C01,BUF_R13_C02,BUF_R13_C03,BUF_R13_C04,BUF_R13_C05,BUF_R13_C06,BUF_R13_C07,BUF_R13_C08,BUF_R13_C09,BUF_R13_C10,BUF_R13_C11,BUF_R13_C12,BUF_R13_C13,BUF_R13_C14,BUF_R13_C15,BUF_R13_C16,BUF_R13_C17,BUF_R13_C18,BUF_R13_C19,BUF_R13_C20,BUF_R13_C21,BUF_R13_C22,BUF_R13_C23,BUF_R13_C24,BUF_R13_C25,BUF_R13_C26,BUF_R13_C27,BUF_R13_C28,BUF_R13_C29,BUF_R13_C30,BUF_R13_C31,BUF_R13_C32,BUF_R13_C33,BUF_R13_C34,BUF_R13_C35,BUF_R13_C36,BUF_R13_C37,BUF_R14_C00,BUF_R14_C01,BUF_R14_C02,BUF_R14_C03,BUF_R14_C04,BUF_R14_C05,BUF_R14_C06,BUF_R14_C07,BUF_R14_C08,BUF_R14_C09,BUF_R14_C10,BUF_R14_C11,BUF_R14_C12,BUF_R14_C13,BUF_R14_C14,BUF_R14_C15,BUF_R14_C16,BUF_R14_C17,BUF_R14_C18,BUF_R14_C19,BUF_R14_C20,BUF_R14_C21,BUF_R14_C22,BUF_R14_C23,BUF_R14_C24,BUF_R14_C25,BUF_R14_C26,BUF_R14_C27,BUF_R14_C28,BUF_R14_C29,BUF_R14_C30,BUF_R14_C31,BUF_R14_C32,BUF_R14_C33,BUF_R14_C34,BUF_R14_C35,BUF_R14_C36,BUF_R14_C37,BUF_R15_C00,BUF_R15_C01,BUF_R15_C02,BUF_R15_C03,BUF_R15_C04,BUF_R15_C05,BUF_R15_C06,BUF_R15_C07,BUF_R15_C08,BUF_R15_C09,BUF_R15_C10,BUF_R15_C11,BUF_R15_C12,BUF_R15_C13,BUF_R15_C14,BUF_R15_C15,BUF_R15_C16,BUF_R15_C17,BUF_R15_C18,BUF_R15_C19,BUF_R15_C20,BUF_R15_C21,BUF_R15_C22,BUF_R15_C23,BUF_R15_C24,BUF_R15_C25,BUF_R15_C26,BUF_R15_C27,BUF_R15_C28,BUF_R15_C29,BUF_R15_C30,BUF_R15_C31,BUF_R15_C32,BUF_R15_C33,BUF_R15_C34,BUF_R15_C35,BUF_R15_C36,BUF_R15_C37,BUF_R16_C00,BUF_R16_C01,BUF_R16_C02,BUF_R16_C03,BUF_R16_C04,BUF_R16_C05,BUF_R16_C06,BUF_R16_C07,BUF_R16_C08,BUF_R16_C09,BUF_R16_C10,BUF_R16_C11,BUF_R16_C12,BUF_R16_C13,BUF_R16_C14,BUF_R16_C15,BUF_R16_C16,BUF_R16_C17,BUF_R16_C18,BUF_R16_C19,BUF_R16_C20,BUF_R16_C21,BUF_R16_C22,BUF_R16_C23,BUF_R16_C24,BUF_R16_C25,BUF_R16_C26,BUF_R16_C27,BUF_R16_C28,BUF_R16_C29,BUF_R16_C30,BUF_R16_C31,BUF_R16_C32,BUF_R16_C33,BUF_R16_C34,BUF_R16_C35,BUF_R16_C36,BUF_R16_C37,BUF_R17_C01,BUF_R17_C02,BUF_R17_C03,BUF_R17_C04,BUF_R17_C05,BUF_R17_C06,BUF_R17_C07,BUF_R17_C08,BUF_R17_C09,BUF_R17_C10,BUF_R17_C11,BUF_R17_C12,BUF_R17_C13,BUF_R17_C14,BUF_R17_C15,BUF_R17_C16,BUF_R17_C17,BUF_R17_C18,BUF_R17_C19,BUF_R17_C20,BUF_R17_C21,BUF_R17_C22,BUF_R17_C23,BUF_R17_C24,BUF_R17_C25,BUF_R17_C26,BUF_R17_C27,BUF_R17_C28,BUF_R17_C29,BUF_R17_C30,BUF_R17_C31,BUF_R17_C32,BUF_R17_C33,BUF_R17_C34,BUF_R17_C35,BUF_R17_C36,BUF_R17_C37,BUF_R18_C02,BUF_R18_C03,BUF_R18_C04,BUF_R18_C05,BUF_R18_C06,BUF_R18_C07,BUF_R18_C08,BUF_R18_C09,BUF_R18_C10,BUF_R18_C11,BUF_R18_C12,BUF_R18_C13,BUF_R18_C14,BUF_R18_C15,BUF_R18_C16,BUF_R18_C17,BUF_R18_C18,BUF_R18_C19,BUF_R18_C20,BUF_R18_C21,BUF_R18_C22,BUF_R18_C23,BUF_R18_C24,BUF_R18_C25,BUF_R18_C26,BUF_R18_C27,BUF_R18_C28,BUF_R18_C29,BUF_R18_C30,BUF_R18_C31,BUF_R18_C32,BUF_R18_C33,BUF_R18_C34,BUF_R18_C35,BUF_R18_C36,BUF_R18_C37,BUF_R19_C03,BUF_R19_C04,BUF_R19_C05,BUF_R19_C06,BUF_R19_C07,BUF_R19_C08,BUF_R19_C09,BUF_R19_C10,BUF_R19_C11,BUF_R19_C12,BUF_R19_C13,BUF_R19_C14,BUF_R19_C15,BUF_R19_C16,BUF_R19_C17,BUF_R19_C18,BUF_R19_C19,BUF_R19_C20,BUF_R19_C21,BUF_R19_C22,BUF_R19_C23,BUF_R19_C24,BUF_R19_C25,BUF_R19_C26,BUF_R19_C27,BUF_R19_C28,BUF_R19_C29,BUF_R19_C30,BUF_R19_C31,BUF_R19_C32,BUF_R19_C33,BUF_R19_C34,BUF_R19_C35,BUF_R19_C36,BUF_R20_C03,BUF_R20_C04,BUF_R20_C05,BUF_R20_C06,BUF_R20_C07,BUF_R20_C08,BUF_R20_C09,BUF_R20_C10,BUF_R20_C11,BUF_R20_C12,BUF_R20_C13,BUF_R20_C14,BUF_R20_C15,BUF_R20_C16,BUF_R20_C17,BUF_R20_C18,BUF_R20_C19,BUF_R20_C20,BUF_R20_C21,BUF_R20_C22,BUF_R20_C23,BUF_R20_C24,BUF_R20_C25,BUF_R20_C26,BUF_R20_C27,BUF_R20_C28,BUF_R20_C29,BUF_R20_C30,BUF_R20_C31,BUF_R20_C32,BUF_R20_C33,BUF_R20_C34,BUF_R20_C35,BUF_R21_C04,BUF_R21_C05,BUF_R21_C06,BUF_R21_C07,BUF_R21_C08,BUF_R21_C09,BUF_R21_C10,BUF_R21_C11,BUF_R21_C12,BUF_R21_C13,BUF_R21_C14,BUF_R21_C15,BUF_R21_C16,BUF_R21_C17,BUF_R21_C18,BUF_R21_C19,BUF_R21_C20,BUF_R21_C21,BUF_R21_C22,BUF_R21_C23,BUF_R21_C24,BUF_R21_C25,BUF_R21_C26,BUF_R21_C27,BUF_R21_C28,BUF_R21_C29,BUF_R21_C30,BUF_R21_C31,BUF_R21_C32,BUF_R22_C04,BUF_R22_C05,BUF_R22_C06,BUF_R22_C07,BUF_R22_C08,BUF_R22_C09,BUF_R22_C10,BUF_R22_C11,BUF_R22_C12,BUF_R22_C13,BUF_R22_C14,BUF_R22_C15,BUF_R22_C16,BUF_R22_C17,BUF_R22_C18,BUF_R22_C19,BUF_R22_C20,BUF_R22_C21,BUF_R22_C22,BUF_R22_C23,BUF_R22_C24,BUF_R22_C25,BUF_R22_C26,BUF_R22_C27,BUF_R22_C28,BUF_R22_C29,BUF_R23_C04,BUF_R23_C05,BUF_R23_C06,BUF_R23_C07,BUF_R23_C08,BUF_R23_C09,BUF_R23_C10,BUF_R23_C11,BUF_R23_C12,BUF_R23_C13,BUF_R23_C14,BUF_R23_C15,BUF_R23_C16,BUF_R23_C17,BUF_R23_C18,BUF_R23_C19,BUF_R23_C20,BUF_R23_C21,BUF_R23_C22,BUF_R23_C23,BUF_R23_C24,BUF_R23_C25,BUF_R23_C26,BUF_R24_C05,BUF_R24_C06,BUF_R24_C07,BUF_R24_C08,BUF_R24_C09,BUF_R24_C10,BUF_R24_C11,BUF_R24_C12,BUF_R24_C13,BUF_R24_C14,BUF_R24_C15,BUF_R24_C16,BUF_R24_C17,BUF_R24_C18,BUF_R24_C19,BUF_R24_C20,BUF_R24_C21,BUF_R24_C22,BUF_R24_C23,BUF_R24_C24,BUF_R24_C25,BUF_R24_C26,BUF_R25_C06,BUF_R25_C07,BUF_R25_C08,BUF_R25_C09,BUF_R25_C10,BUF_R25_C11,BUF_R25_C12,BUF_R25_C13,BUF_R25_C14,BUF_R25_C15,BUF_R25_C16,BUF_R25_C17,BUF_R25_C18,BUF_R25_C19,BUF_R25_C20,BUF_R25_C21,BUF_R25_C22,BUF_R25_C23,BUF_R25_C24,BUF_R26_C08,BUF_R26_C09,BUF_R26_C16,BUF_R26_C17,BUF_R26_C18,BUF_R26_C19,BUF_R26_C20,BUF_R26_C21,BUF_R26_C22,BUF_R26_C23
2026-10-05T14:00:00Z,0.0,0.0,0.0,0.0,0.0,0.0,0.0,0.0,0.0,0.0,0.0,0.0,0.0,0.0,0.0,0.0,0.0,0.0,0.0,0.0,0.0,0.0,0.0,0.0,0.0,0.0,0.0,0.0,0.0,0.0,0.0,0.0,0.0,0.0,0.0,0.0,0.0,0.0,0.0,0.0,0.0,0.0,0.0,0.0,0.0,0.0,0.0,0.0,0.0,0.0,0.0,0.0,0.0,0.0,0.0,0.0,0.0,0.0,0.0,0.0,0.0,0.0,0.0,0.0,0.0,0.0,0.0,0.0,0.0,0.0,0.0,0.0,0.0,0.0,0.0,0.0,0.0,0.0,0.0,0.0,0.0,0.0,0.0,0.0,0.0,0.0,0.0,0.0,0.0,0.0,0.0,0.0,0.0,0.0,0.0,0.0,0.0,0.0,0.0,0.0,0.0,0.0,0.0,0.0,0.0,0.0,0.0,0.0,0.0,0.0,0.0,0.0,0.0,0.0,0.0,0.0,0.0,0.0,0.0,0.0,0.0,0.0,0.0,0.0,0.0,0.0,0.0,0.0,0.0,0.0,0.0,0.0,0.0,0.0,0.0,0.0,0.0,0.0,0.0,0.0,0.0,0.0,0.0,0.0,0.0,0.0,0.0,0.0,0.0,0.0,0.0,0.0,0.0,0.0,0.0,0.0,0.0,0.0,0.0,0.0,0.0,0.0,0.0,0.0,0.0,0.0,0.0,0.0,0.0,0.0,0.0,0.0,0.0,0.0,0.0,0.0,0.0,0.0,0.0,0.0,0.0,0.0,0.0,0.0,0.0,0.0,0.0,0.0,0.0,0.0,0.0,0.0,0.0,0.0,0.0,0.0,0.0,0.0,0.0,0.0,0.0,0.0,0.0,0.0,0.0,0.0,0.0,0.0,0.0,0.0,0.0,0.0,0.0,0.0,0.0,0.0,0.0,0.0,0.0,0.0,0.0,0.0,0.0,0.0,0.0,0.0,0.0,0.0,0.0,0.0,0.0,0.0,0.0,0.0,0.0,0.0,0.0,0.0,0.0,0.0,0.0,0.0,0.0,0.0,0.0,0.0,0.0,0.0,0.0,0.0,0.0,0.0,0.0,0.0,0.0,0.0,0.0,0.0,0.0,0.0,0.0,0.0,0.0,0.0,0.0,0.0,0.0,0.0,0.0,0.0,0.0,0.0,0.0,0.0,0.0,0.0,0.0,0.0,0.0,0.0,0.0,0.0,0.0,0.0,0.0,0.0,0.0,0.0,0.0,0.0,0.0,0.0,0.0,0.0,0.0,0.0,0.0,0.0,0.0,0.0,0.0,0.0,0.0,0.0,0.0,0.0,0.0,0.0,0.0,0.0,0.0,0.0,0.0,0.0,0.0,0.0,0.0,0.0,0.0,0.0,0.0,0.0,0.0,0.0,0.0,0.0,0.0,0.0,0.0,0.0,0.0,0.0,0.0,0.0,0.0,0.0,0.0,0.0,0.0,0.0,0.0,0.0,0.0,0.0,0.0,0.0,0.0,0.0,0.0,0.0,0.0,0.0,0.0,0.0,0.0,0.0,0.0,0.0,0.0,0.0,0.0,0.0,0.0,0.0,0.0,0.0,0.0,0.0,0.0,0.0,0.0,0.0,0.0,0.0,0.0,0.0,0.0,0.0,0.0,0.0,0.0,0.0,0.0,0.0,0.0,0.0,0.0,0.0,0.0,0.0,0.0,0.0,0.0,0.0,0.0,0.0,0.0,0.0,0.0,0.0,0.0,0.0,0.0,0.0,0.0,0.0,0.0,0.0,0.0,0.0,0.0,0.0,0.0,0.0,0.0,0.0,0.0,0.0,0.0,0.0,0.0,0.0,0.0,0.0,0.0,0.0,0.0,0.0,0.0,0.0,0.0,0.0,0.0,0.0,0.0,0.0,0.0,0.0,0.0,0.0,0.0,0.0,0.0,0.0,0.0,0.0,0.0,0.0,0.0,0.0,0.0,0.0,0.0,0.0,0.0,0.0,0.0,0.0,0.0,0.0,0.0,0.0,0.0,0.0,0.0,0.0,0.0,0.0,0.0,0.0,0.0,0.0,0.0,0.0,0.0,0.0,0.0,0.0,0.0,0.0,0.0,0.0,0.0,0.0,0.0,0.0,0.0,0.0,0.0,0.0,0.0,0.0,0.0,0.0,0.0,0.0,0.0,0.0,0.0,0.0,0.0,0.0,0.0,0.0,0.0,0.0,0.0,0.0,0.0,0.0,0.0,0.0,0.0,0.0,0.0,0.0,0.0,0.0,0.0,0.0,0.0,0.0,0.0,0.0,0.0,0.0,0.0,0.0,0.0,0.0,0.0,0.0,0.0,0.0,0.0,0.0,0.0,0.0,0.0,0.0,0.0,0.0,0.0,0.0,0.0,0.0,0.0,0.0,0.0,0.0,0.0,0.0,0.0,0.0,0.0,0.0,0.0,0.0,0.0,0.0,0.0,0.0,0.0,0.0,0.0,0.0,0.0,0.0,0.0,0.0,0.0,0.0,0.0,0.0,0.0,0.0,0.0,0.0,0.0,0.0,0.0,0.0,0.0,0.0,0.0,0.0,0.0,0.0,0.0,0.0,0.0,0.0,0.0,0.0,0.0,0.0,0.0,0.0,0.0,0.0,0.0,0.0,0.0,0.0,0.0,0.0,0.0,0.0,0.0,0.0,0.0,0.0,0.0,0.0,0.0,0.0,0.0,0.0,0.0,0.0,0.0,0.0,0.0,0.0,0.0,0.0,0.0,0.0,0.0,0.0,0.0,0.0,0.0,0.0,0.0,0.0,0.0,0.0,0.0,0.0,0.0,0.0,0.0,0.0,0.0,0.0,0.0,0.0,0.0,0.0,0.0,0.0,0.0,0.0,0.0,0.0,0.0,0.0,0.0,0.0,0.0,0.0,0.0,0.0,0.0,0.0,0.0,0.0,0.0,0.0,0.0,0.0,0.0,0.0,0.0,0.0,0.0,0.0,0.0,0.0,0.0,0.0,0.0,0.0,0.0,0.0,0.0,0.0,0.0,0.0,0.0,0.0,0.0,0.0,0.0,0.0,0.0,0.0,0.0,0.0,0.0,0.0,0.0,0.0,0.0,0.0,0.0,0.0,0.0,0.0,0.0,0.0,0.0,0.0,0.0,0.0,0.0,0.0,0.0,0.0,0.0,0.0,0.0,0.0,0.0,0.0,0.0,0.0,0.0,0.0,0.0,0.0,0.0,0.0,0.0,0.0,0.0,0.0,0.0,0.0,0.0,0.0,0.0,0.0,0.0,0.0,0.0,0.0,0.0,0.0,0.0,0.0,0.0,0.0,0.0,0.0,0.0,0.0,0.0,0.0,0.0,0.0,0.0
2026-10-05T15:00:00Z,0.0,0.0,0.0,0.0,0.0,0.0,0.0,0.0,0.0,0.0,0.0,0.0,0.0,0.0,0.0,0.0,0.0,0.0,0.0,0.0,0.0,0.0,0.0,0.0,0.0,0.0,0.0,0.0,0.0,0.0,0.0,0.0,0.0,0.0,0.0,0.0,0.0,0.0,0.0,0.0,0.0,0.0,0.0,0.0,0.0,0.0,0.0,0.0,0.0,0.0,0.0,0.0,0.0,0.0,0.0,0.0,0.0,0.0,0.0,0.0,0.0,0.0,0.0,0.0,0.0,0.0,0.0,0.0,0.0,0.0,0.0,0.0,0.0,0.0,0.0,0.0,0.0,0.0,0.0,0.0,0.0,0.0,0.0,0.0,0.0,0.0,0.0,0.0,0.0,0.0,0.0,0.0,0.0,0.0,0.0,0.0,0.0,0.0,0.0,0.0,0.0,0.0,0.0,0.0,0.0,0.0,0.0,0.0,0.0,0.0,0.0,0.0,0.0,0.0,0.0,0.0,0.0,0.0,0.0,0.0,0.0,0.0,0.0,0.0,0.0,0.0,0.0,0.0,0.0,0.0,0.0,0.0,0.0,0.0,0.0,0.0,0.0,0.0,0.0,0.0,0.0,0.0,0.0,0.0,0.0,0.0,0.0,0.0,0.0,0.0,0.0,0.0,0.0,0.0,0.0,0.0,0.0,0.0,0.0,0.0,0.0,0.0,0.0,0.0,0.0,0.0,0.0,0.0,0.0,0.0,0.0,0.0,0.0,0.0,0.0,0.0,0.0,0.0,0.0,0.0,0.0,0.0,0.0,0.0,0.0,0.0,0.0,0.0,0.0,0.0,0.0,0.0,0.0,0.0,0.0,0.0,0.0,0.0,0.0,0.0,0.0,0.0,0.0,0.0,0.0,0.0,0.0,0.0,0.0,0.0,0.0,0.0,0.0,0.0,0.0,0.0,0.0,0.0,0.0,0.0,0.0,0.0,0.0,0.0,0.0,0.0,0.0,0.0,0.0,0.0,0.0,0.0,0.0,0.0,0.0,0.0,0.0,0.0,0.0,0.0,0.0,0.0,0.0,0.0,0.0,0.0,0.0,0.0,0.0,0.0,0.0,0.0,0.0,0.0,0.0,0.0,0.0,0.0,0.0,0.0,0.0,0.0,0.0,0.0,0.0,0.0,0.0,0.0,0.0,0.0,0.0,0.0,0.0,0.0,0.0,0.0,0.0,0.0,0.0,0.0,0.0,0.0,0.0,0.0,0.0,0.0,0.0,0.0,0.0,0.0,0.0,0.0,0.0,0.0,0.0,0.0,0.0,0.0,0.0,0.0,0.0,0.0,0.0,0.0,0.0,0.0,0.0,0.0,0.0,0.0,0.0,0.0,0.0,0.0,0.0,0.0,0.0,0.0,0.0,0.0,0.0,0.0,0.0,0.0,0.0,0.0,0.0,0.0,0.0,0.0,0.0,0.0,0.0,0.0,0.0,0.0,0.0,0.0,0.0,0.0,0.0,0.0,0.0,0.0,0.0,0.0,0.0,0.0,0.0,0.0,0.0,0.0,0.0,0.0,0.0,0.0,0.0,0.0,0.0,0.0,0.0,0.0,0.0,0.0,0.0,0.0,0.0,0.0,0.0,0.0,0.0,0.0,0.0,0.0,0.0,0.0,0.0,0.0,0.0,0.0,0.0,0.0,0.0,0.0,0.0,0.0,0.0,0.0,0.0,0.0,0.0,0.0,0.0,0.0,0.0,0.0,0.0,0.0,0.0,0.0,0.0,0.0,0.0,0.0,0.0,0.0,0.0,0.0,0.0,0.0,0.0,0.0,0.0,0.0,0.0,0.0,0.0,0.0,0.0,0.0,0.0,0.0,0.0,0.0,0.0,0.0,0.0,0.0,0.0,0.0,0.0,0.0,0.0,0.0,0.0,0.0,0.0,0.0,0.0,0.0,0.0,0.0,0.0,0.0,0.0,0.0,0.0,0.0,0.0,0.0,0.0,0.0,0.0,0.0,0.0,0.0,0.0,0.0,0.0,0.0,0.0,0.0,0.0,0.0,0.0,0.0,0.0,0.0,0.0,0.0,0.0,0.0,0.0,0.0,0.0,0.0,0.0,0.0,0.0,0.0,0.0,0.0,0.0,0.0,0.0,0.0,0.0,0.0,0.0,0.0,0.0,0.0,0.0,0.0,0.0,0.0,0.0,0.0,0.0,0.0,0.0,0.0,0.0,0.0,0.0,0.0,0.0,0.0,0.0,0.0,0.0,0.0,0.0,0.0,0.0,0.0,0.0,0.0,0.0,0.0,0.0,0.0,0.0,0.0,0.0,0.0,0.0,0.0,0.0,0.0,0.0,0.0,0.0,0.0,0.0,0.0,0.0,0.0,0.0,0.0,0.0,0.0,0.0,0.0,0.0,0.0,0.0,0.0,0.0,0.0,0.0,0.0,0.0,0.0,0.0,0.0,0.0,0.0,0.0,0.0,0.0,0.0,0.0,0.0,0.0,0.0,0.0,0.0,0.0,0.0,0.0,0.0,0.0,0.0,0.0,0.0,0.0,0.0,0.0,0.0,0.0,0.0,0.0,0.0,0.0,0.0,0.0,0.0,0.0,0.0,0.0,0.0,0.0,0.0,0.0,0.0,0.0,0.0,0.0,0.0,0.0,0.0,0.0,0.0,0.0,0.0,0.0,0.0,0.0,0.0,0.0,0.0,0.0,0.0,0.0,0.0,0.0,0.0,0.0,0.0,0.0,0.0,0.0,0.0,0.0,0.0,0.0,0.0,0.0,0.0,0.0,0.0,0.0,0.0,0.0,0.0,0.0,0.0,0.0,0.0,0.0,0.0,0.0,0.0,0.0,0.0,0.0,0.0,0.0,0.0,0.0,0.0,0.0,0.0,0.0,0.0,0.0,0.0,0.0,0.0,0.0,0.0,0.0,0.0,0.0,0.0,0.0,0.0,0.0,0.0,0.0,0.0,0.0,0.0,0.0,0.0,0.0,0.0,0.0,0.0,0.0,0.0,0.0,0.0,0.0,0.0,0.0,0.0,0.0,0.0,0.0,0.0,0.0,0.0,0.0,0.0,0.0,0.0,0.0,0.0,0.0,0.0,0.0,0.0,0.0,0.0,0.0,0.0,0.0,0.0,0.0,0.0,0.0,0.0,0.0,0.0,0.0,0.0,0.0,0.0,0.0,0.0,0.0,0.0,0.0,0.0,0.0,0.0,0.0,0.0,0.0,0.0,0.0,0.0,0.0,0.0,0.0,0.0,0.0,0.0,0.0,0.0,0.0,0.0,0.0,0.0,0.0,0.0,0.0,0.0,0.0,0.0,0.0,0.0,0.0,0.0,0.0,0.0,0.0,0.0,0.0,0.0,0.0
2026-10-05T16:00:00Z,0.0,0.0,0.0,0.0,0.0,0.0,0.0,0.0,0.0,0.0,0.0,0.0,0.0,0.0,0.0,0.0,0.0,0.0,0.0,0.0,0.0,0.0,0.0,0.0,0.0,0.0,0.0,0.0,0.0,0.0,0.0,0.0,0.0,0.0,0.0,0.0,0.0,0.0,0.0,0.0,0.0,0.0,0.0,0.0,0.0,0.0,0.0,0.0,0.0,0.0,0.0,0.0,0.0,0.0,0.0,0.0,0.0,0.0,0.0,0.0,0.0,0.0,0.0,0.0,0.0,0.0,0.0,0.0,0.0,0.0,0.0,0.0,0.1,0.0,0.0,0.0,0.0,0.0,0.0,0.0,0.0,0.0,0.0,0.0,0.0,0.0,0.0,0.0,0.0,0.0,0.0,0.0,0.0,0.0,0.0,0.0,0.0,0.0,0.0,0.1,0.0,0.0,0.0,0.0,0.0,0.0,0.0,0.0,0.0,0.0,0.0,0.0,0.0,0.0,0.0,0.0,0.0,0.0,0.0,0.0,0.0,0.0,0.0,0.0,0.0,0.0,0.0,0.0,0.0,0.1,0.0,0.0,0.0,0.0,0.0,0.0,0.0,0.0,0.0,0.0,0.0,0.0,0.0,0.0,0.0,0.0,0.0,0.0,0.0,0.0,0.0,0.0,0.0,0.0,0.0,0.0,0.0,0.0,0.0,0.0,0.0,0.0,0.0,0.0,0.0,0.0,0.0,0.0,0.0,0.0,0.0,0.0,0.0,0.0,0.0,0.0,0.0,0.0,0.0,0.0,0.0,0.0,0.0,0.0,0.0,0.0,0.0,0.0,0.0,0.0,0.0,0.0,0.0,0.0,0.0,0.0,0.0,0.0,0.0,0.0,0.0,0.0,0.0,0.0,0.0,0.0,0.0,0.0,0.0,0.0,0.0,0.0,0.0,0.0,0.0,0.0,0.0,0.0,0.0,0.0,0.0,0.0,0.0,0.0,0.0,0.0,0.0,0.0,0.0,0.0,0.0,0.0,0.0,0.0,0.0,0.0,0.0,0.0,0.0,0.0,0.0,0.0,0.0,0.0,0.0,0.0,0.0,0.0,0.0,0.0,0.0,0.0,0.0,0.0,0.0,0.0,0.0,0.0,0.0,0.0,0.0,0.0,0.0,0.0,0.0,0.0,0.0,0.0,0.0,0.0,0.0,0.0,0.0,0.0,0.0,0.0,0.0,0.0,0.0,0.0,0.0,0.0,0.0,0.0,0.0,0.0,0.0,0.0,0.0,0.0,0.0,0.0,0.0,0.0,0.0,0.0,0.0,0.0,0.0,0.0,0.0,0.0,0.0,0.0,0.0,0.0,0.0,0.0,0.0,0.0,0.0,0.0,0.0,0.0,0.0,0.0,0.0,0.0,0.0,0.0,0.0,0.0,0.0,0.0,0.0,0.0,0.0,0.0,0.0,0.0,0.0,0.0,0.0,0.0,0.0,0.0,0.0,0.0,0.0,0.0,0.0,0.0,0.0,0.0,0.0,0.0,0.0,0.0,0.0,0.0,0.0,0.0,0.0,0.0,0.0,0.0,0.0,0.0,0.0,0.0,0.0,0.0,0.0,0.0,0.0,0.0,0.0,0.0,0.0,0.0,0.0,0.0,0.0,0.0,0.0,0.0,0.0,0.0,0.0,0.0,0.0,0.0,0.0,0.0,0.0,0.0,0.0,0.0,0.0,0.0,0.0,0.0,0.0,0.0,0.0,0.0,0.0,0.0,0.0,0.0,0.0,0.0,0.0,0.0,0.0,0.0,0.0,0.0,0.0,0.0,0.0,0.0,0.0,0.0,0.0,0.0,0.0,0.0,0.2,0.2,0.2,0.3,0.3,0.3,0.1,0.1,0.1,0.1,0.1,0.1,0.1,0.2,0.2,0.2,0.1,0.1,0.1,0.1,0.1,0.0,0.0,0.2,0.2,0.2,0.1,0.1,0.0,0.0,0.0,0.0,0.0,0.0,0.0,0.0,0.0,0.0,0.2,0.2,0.2,0.3,0.3,0.3,0.1,0.1,0.1,0.1,0.1,0.1,0.1,0.2,0.2,0.2,0.1,0.1,0.1,0.1,0.1,0.0,0.0,0.2,0.2,0.2,0.1,0.1,0.0,0.0,0.0,0.0,0.0,0.0,0.0,0.0,0.0,0.0,0.2,0.2,0.3,0.3,0.3,0.1,0.1,0.1,0.1,0.1,0.1,0.1,0.2,0.2,0.2,0.1,0.1,0.1,0.1,0.1,0.0,0.0,0.2,0.2,0.2,0.1,0.1,0.0,0.0,0.0,0.0,0.0,0.0,0.0,0.0,0.0,0.0,0.6,0.8,0.8,0.8,0.7,0.7,0.1,0.1,0.1,0.4,0.4,0.4,0.4,0.4,0.8,0.8,0.5,0.5,0.5,0.3,0.3,0.1,0.1,0.1,0.1,0.1,0.1,0.1,0.1,0.1,0.1,0.0,0.0,0.0,0.0,0.0,0.8,0.8,0.8,0.7,0.7,0.1,0.1,0.1,0.4,0.4,0.4,0.4,0.4,0.8,0.8,0.5,0.5,0.5,0.3,0.3,0.1,0.1,0.1,0.1,0.1,0.1,0.1,0.1,0.1,0.1,0.0,0.0,0.0,0.0,1.0,1.0,1.0,0.2,0.2,0.4,0.4,0.4,1.0,1.0,1.2,1.2,1.2,0.6,0.6,0.3,0.3,0.3,0.0,0.0,0.0,0.0,0.0,0.0,0.0,0.0,0.0,0.0,0.1,0.1,0.0,0.0,0.0,1.0,1.0,0.2,0.2,0.4,0.4,0.4,1.0,1.0,1.2,1.2,1.2,0.6,0.6,0.3,0.3,0.3,0.0,0.0,0.0,0.0,0.0,0.0,0.0,0.0,0.0,0.0,0.1,0.1,1.0,1.0,0.2,0.2,0.4,0.4,0.4,1.0,1.0,1.2,1.2,1.2,0.6,0.6,0.3,0.3,0.3,0.0,0.0,0.0,0.0,0.0,0.0,0.0,0.0,0.0,1.6,1.6,0.8,0.8,0.3,0.3,0.3,0.1,0.1,0.2,0.2,0.2,0.5,0.5,0.3,0.3,0.3,0.0,0.0,0.1,0.1,0.1,0.0,1.6,0.8,0.8,0.3,0.3,0.3,0.1,0.1,0.2,0.2,0.2,0.5,0.5,0.3,0.3,0.3,0.0,0.0,0.1,0.1,0.1,0.0,1.5,1.5,0.9,0.9,0.9,0.5,0.5,0.3,0.3,0.3,0.1,0.1,0.2,0.2,0.2,0.0,0.0,0.4,0.4,0.9,0.9,0.1,0.1,0.2,0.2,0.2,0.0,0.0,0.4
2026-10-05T17:00:00Z,0.0,0.0,0.0,0.0,0.0,0.0,0.0,0.0,0.0,0.0,0.0,0.0,0.0,0.0,0.0,0.0,0.0,0.0,0.0,0.0,0.0,0.0,0.0,0.0,0.0,0.0,0.0,0.0,0.0,0.0,0.0,0.0,0.0,0.0,0.0,0.0,0.0,0.0,0.0,0.0,0.0,0.0,0.0,0.0,0.0,0.0,0.0,0.0,0.0,0.0,0.0,0.0,0.0,0.0,0.0,0.0,0.0,0.0,0.0,0.0,0.0,0.0,0.0,0.0,0.0,0.0,0.0,0.0,0.0,0.0,0.0,0.0,0.1,0.0,0.0,0.0,0.0,0.0,0.0,0.0,0.0,0.0,0.0,0.0,0.0,0.0,0.0,0.0,0.0,0.0,0.0,0.0,0.0,0.0,0.0,0.0,0.0,0.0,0.0,0.1,0.0,0.0,0.0,0.0,0.0,0.0,0.0,0.0,0.0,0.0,0.0,0.0,0.0,0.0,0.0,0.0,0.0,0.0,0.0,0.0,0.0,0.0,0.0,0.0,0.0,0.0,0.0,0.0,0.0,0.1,0.0,0.0,0.0,0.0,0.0,0.0,0.0,0.0,0.0,0.0,0.0,0.0,0.0,0.0,0.0,0.0,0.0,0.0,0.0,0.0,0.0,0.0,0.0,0.0,0.0,0.0,0.0,0.0,0.0,0.0,0.0,0.0,0.0,0.0,0.0,0.0,0.0,0.0,0.0,0.0,0.0,0.0,0.0,0.0,0.0,0.0,0.0,0.0,0.0,0.0,0.0,0.0,0.0,0.0,0.0,0.0,0.0,0.0,0.0,0.0,0.0,0.0,0.0,0.0,0.0,0.0,0.0,0.0,0.0,0.0,0.0,0.0,0.0,0.0,0.0,0.0,0.0,0.0,0.0,0.0,0.0,0.0,0.0,0.0,0.0,0.0,0.0,0.0,0.0,0.0,0.0,0.0,0.0,0.0,0.0,0.0,0.0,0.0,0.0,0.0,0.0,0.0,0.0,0.0,0.0,0.0,0.0,0.0,0.0,0.0,0.0,0.0,0.0,0.0,0.0,0.0,0.0,0.0,0.0,0.0,0.0,0.0,0.0,0.0,0.0,0.0,0.0,0.0,0.0,0.0,0.0,0.0,0.0,0.0,0.0,0.0,0.0,0.0,0.0,0.0,0.0,0.0,0.0,0.0,0.0,0.0,0.0,0.0,0.0,0.0,0.0,0.0,0.0,0.0,0.0,0.0,0.0,0.0,0.0,0.0,0.0,0.0,0.0,0.0,0.0,0.0,0.0,0.0,0.0,0.0,0.0,0.0,0.0,0.0,0.0,0.0,0.0,0.0,0.0,0.0,0.0,0.0,0.0,0.0,0.0,0.0,0.0,0.0,0.0,0.0,0.0,0.0,0.0,0.0,0.0,0.0,0.0,0.0,0.0,0.0,0.0,0.0,0.0,0.0,0.0,0.0,0.0,0.0,0.0,0.0,0.0,0.0,0.0,0.0,0.0,0.0,0.0,0.0,0.0,0.0,0.0,0.0,0.0,0.0,0.0,0.0,0.0,0.0,0.0,0.0,0.0,0.0,0.0,0.0,0.0,0.0,0.0,0.0,0.0,0.0,0.0,0.0,0.0,0.0,0.0,0.0,0.0,0.0,0.0,0.0,0.0,0.0,0.0,0.0,0.0,0.0,0.0,0.0,0.0,0.0,0.0,0.0,0.0,0.0,0.0,0.0,0.0,0.0,0.0,0.0,0.0,0.0,0.0,0.0,0.0,0.0,0.0,0.0,0.0,0.0,0.0,0.0,0.0,0.0,0.0,0.0,0.0,0.0,0.2,0.2,0.2,0.3,0.3,0.3,0.1,0.1,0.1,0.1,0.1,0.1,0.1,0.2,0.2,0.2,0.1,0.1,0.1,0.1,0.1,0.0,0.0,0.2,0.2,0.2,0.1,0.1,0.0,0.0,0.0,0.0,0.0,0.0,0.0,0.0,0.0,0.0,0.2,0.2,0.2,0.3,0.3,0.3,0.1,0.1,0.1,0.1,0.1,0.1,0.1,0.2,0.2,0.2,0.1,0.1,0.1,0.1,0.1,0.0,0.0,0.2,0.2,0.2,0.1,0.1,0.0,0.0,0.0,0.0,0.0,0.0,0.0,0.0,0.0,0.0,0.2,0.2,0.3,0.3,0.3,0.1,0.1,0.1,0.1,0.1,0.1,0.1,0.2,0.2,0.2,0.1,0.1,0.1,0.1,0.1,0.0,0.0,0.2,0.2,0.2,0.1,0.1,0.0,0.0,0.0,0.0,0.0,0.0,0.0,0.0,0.0,0.0,0.6,0.8,0.8,0.8,0.7,0.7,0.1,0.1,0.1,0.4,0.4,0.4,0.4,0.4,0.8,0.8,0.5,0.5,0.5,0.3,0.3,0.1,0.1,0.1,0.1,0.1,0.1,0.1,0.1,0.1,0.1,0.0,0.0,0.0,0.0,0.0,0.8,0.8,0.8,0.7,0.7,0.1,0.1,0.1,0.4,0.4,0.4,0.4,0.4,0.8,0.8,0.5,0.5,0.5,0.3,0.3,0.1,0.1,0.1,0.1,0.1,0.1,0.1,0.1,0.1,0.1,0.0,0.0,0.0,0.0,1.0,1.0,1.0,0.2,0.2,0.4,0.4,0.4,1.0,1.0,1.2,1.2,1.2,0.6,0.6,0.3,0.3,0.3,0.0,0.0,0.0,0.0,0.0,0.0,0.0,0.0,0.0,0.0,0.1,0.1,0.0,0.0,0.0,1.0,1.0,0.2,0.2,0.4,0.4,0.4,1.0,1.0,1.2,1.2,1.2,0.6,0.6,0.3,0.3,0.3,0.0,0.0,0.0,0.0,0.0,0.0,0.0,0.0,0.0,0.0,0.1,0.1,1.0,1.0,0.2,0.2,0.4,0.4,0.4,1.0,1.0,1.2,1.2,1.2,0.6,0.6,0.3,0.3,0.3,0.0,0.0,0.0,0.0,0.0,0.0,0.0,0.0,0.0,1.6,1.6,0.8,0.8,0.3,0.3,0.3,0.1,0.1,0.2,0.2,0.2,0.5,0.5,0.3,0.3,0.3,0.0,0.0,0.1,0.1,0.1,0.0,1.6,0.8,0.8,0.3,0.3,0.3,0.1,0.1,0.2,0.2,0.2,0.5,0.5,0.3,0.3,0.3,0.0,0.0,0.1,0.1,0.1,0.0,1.5,1.5,0.9,0.9,0.9,0.5,0.5,0.3,0.3,0.3,0.1,0.1,0.2,0.2,0.2,0.0,0.0,0.4,0.4,0.9,0.9,0.1,0.1,0.2,0.2,0.2,0.0,0.0,0.4
2026-10-05T18:00:00Z,0.0,0.0,0.0,0.0,0.0,0.0,0.0,0.0,0.0,0.0,0.0,0.0,0.0,0.0,0.0,0.0,0.0,0.0,0.0,0.0,0.0,0.0,0.0,0.0,0.0,0.0,0.0,0.0,0.0,0.0,0.0,0.0,0.0,0.0,0.0,0.0,0.0,0.0,0.0,0.0,0.0,0.0,0.0,0.0,0.0,0.0,0.0,0.0,0.0,0.0,0.0,0.0,0.0,0.0,0.0,0.0,0.0,0.0,0.0,0.0,0.0,0.0,0.0,0.0,0.0,0.0,0.0,0.0,0.0,0.0,0.0,0.0,0.1,0.0,0.0,0.0,0.0,0.0,0.0,0.0,0.0,0.0,0.0,0.0,0.0,0.0,0.0,0.0,0.0,0.0,0.0,0.0,0.0,0.0,0.0,0.0,0.0,0.0,0.0,0.1,0.0,0.0,0.0,0.0,0.0,0.0,0.0,0.0,0.0,0.0,0.0,0.0,0.0,0.0,0.0,0.0,0.0,0.0,0.0,0.0,0.0,0.0,0.0,0.0,0.0,0.0,0.0,0.0,0.0,0.1,0.0,0.0,0.0,0.0,0.0,0.0,0.0,0.0,0.0,0.0,0.0,0.0,0.0,0.0,0.0,0.0,0.0,0.0,0.0,0.0,0.0,0.0,0.0,0.0,0.0,0.0,0.0,0.0,0.0,0.0,0.0,0.0,0.0,0.0,0.0,0.0,0.0,0.0,0.0,0.0,0.0,0.0,0.0,0.0,0.0,0.0,0.0,0.0,0.0,0.0,0.0,0.0,0.0,0.0,0.0,0.0,0.0,0.0,0.0,0.0,0.0,0.0,0.0,0.0,0.0,0.0,0.0,0.0,0.0,0.0,0.0,0.0,0.0,0.0,0.0,0.0,0.0,0.0,0.0,0.0,0.0,0.0,0.0,0.0,0.0,0.0,0.0,0.0,0.0,0.0,0.0,0.0,0.0,0.0,0.0,0.0,0.0,0.0,0.0,0.0,0.0,0.0,0.0,0.0,0.0,0.0,0.0,0.0,0.0,0.0,0.0,0.0,0.0,0.0,0.0,0.0,0.0,0.0,0.0,0.0,0.0,0.0,0.0,0.0,0.0,0.0,0.0,0.0,0.0,0.0,0.0,0.0,0.0,0.0,0.0,0.0,0.0,0.0,0.0,0.0,0.0,0.0,0.0,0.0,0.0,0.0,0.0,0.0,0.0,0.0,0.0,0.0,0.0,0.0,0.0,0.0,0.0,0.0,0.0,0.0,0.0,0.0,0.0,0.0,0.0,0.0,0.0,0.0,0.0,0.0,0.0,0.0,0.0,0.0,0.0,0.0,0.0,0.0,0.0,0.0,0.0,0.0,0.0,0.0,0.0,0.0,0.0,0.0,0.0,0.0,0.0,0.0,0.0,0.0,0.0,0.0,0.0,0.0,0.0,0.0,0.0,0.0,0.0,0.0,0.0,0.0,0.0,0.0,0.0,0.0,0.0,0.0,0.0,0.0,0.0,0.0,0.0,0.0,0.0,0.0,0.0,0.0,0.0,0.0,0.0,0.0,0.0,0.0,0.0,0.0,0.0,0.0,0.0,0.0,0.0,0.0,0.0,0.0,0.0,0.0,0.0,0.0,0.0,0.0,0.0,0.0,0.0,0.0,0.0,0.0,0.0,0.0,0.0,0.0,0.0,0.0,0.0,0.0,0.0,0.0,0.0,0.0,0.0,0.0,0.0,0.0,0.0,0.0,0.0,0.0,0.0,0.0,0.0,0.0,0.0,0.0,0.0,0.0,0.0,0.0,0.0,0.0,0.0,0.0,0.0,0.0,0.0,0.0,0.2,0.2,0.2,0.3,0.3,0.3,0.1,0.1,0.1,0.1,0.1,0.1,0.1,0.2,0.2,0.2,0.1,0.1,0.1,0.1,0.1,0.0,0.0,0.2,0.2,0.2,0.1,0.1,0.0,0.0,0.0,0.0,0.0,0.0,0.0,0.0,0.0,0.0,0.2,0.2,0.2,0.3,0.3,0.3,0.1,0.1,0.1,0.1,0.1,0.1,0.1,0.2,0.2,0.2,0.1,0.1,0.1,0.1,0.1,0.0,0.0,0.2,0.2,0.2,0.1,0.1,0.0,0.0,0.0,0.0,0.0,0.0,0.0,0.0,0.0,0.0,0.2,0.2,0.3,0.3,0.3,0.1,0.1,0.1,0.1,0.1,0.1,0.1,0.2,0.2,0.2,0.1,0.1,0.1,0.1,0.1,0.0,0.0,0.2,0.2,0.2,0.1,0.1,0.0,0.0,0.0,0.0,0.0,0.0,0.0,0.0,0.0,0.0,0.6,0.8,0.8,0.8,0.7,0.7,0.1,0.1,0.1,0.4,0.4,0.4,0.4,0.4,0.8,0.8,0.5,0.5,0.5,0.3,0.3,0.1,0.1,0.1,0.1,0.1,0.1,0.1,0.1,0.1,0.1,0.0,0.0,0.0,0.0,0.0,0.8,0.8,0.8,0.7,0.7,0.1,0.1,0.1,0.4,0.4,0.4,0.4,0.4,0.8,0.8,0.5,0.5,0.5,0.3,0.3,0.1,0.1,0.1,0.1,0.1,0.1,0.1,0.1,0.1,0.1,0.0,0.0,0.0,0.0,1.0,1.0,1.0,0.2,0.2,0.4,0.4,0.4,1.0,1.0,1.2,1.2,1.2,0.6,0.6,0.3,0.3,0.3,0.0,0.0,0.0,0.0,0.0,0.0,0.0,0.0,0.0,0.0,0.1,0.1,0.0,0.0,0.0,1.0,1.0,0.2,0.2,0.4,0.4,0.4,1.0,1.0,1.2,1.2,1.2,0.6,0.6,0.3,0.3,0.3,0.0,0.0,0.0,0.0,0.0,0.0,0.0,0.0,0.0,0.0,0.1,0.1,1.0,1.0,0.2,0.2,0.4,0.4,0.4,1.0,1.0,1.2,1.2,1.2,0.6,0.6,0.3,0.3,0.3,0.0,0.0,0.0,0.0,0.0,0.0,0.0,0.0,0.0,1.6,1.6,0.8,0.8,0.3,0.3,0.3,0.1,0.1,0.2,0.2,0.2,0.5,0.5,0.3,0.3,0.3,0.0,0.0,0.1,0.1,0.1,0.0,1.6,0.8,0.8,0.3,0.3,0.3,0.1,0.1,0.2,0.2,0.2,0.5,0.5,0.3,0.3,0.3,0.0,0.0,0.1,0.1,0.1,0.0,1.5,1.5,0.9,0.9,0.9,0.5,0.5,0.3,0.3,0.3,0.1,0.1,0.2,0.2,0.2,0.0,0.0,0.4,0.4,0.9,0.9,0.1,0.1,0.2,0.2,0.2,0.0,0.0,0.4
2026-10-05T19:00:00Z,0.1,0.1,0.1,0.1,0.1,0.1,0.0,0.0,0.0,0.3,0.1,0.1,0.1,0.1,0.1,0.1,0.1,0.1,0.0,0.0,0.0,0.0,0.2,0.3,0.3,0.1,0.1,0.1,0.1,0.1,0.1,0.1,0.1,0.0,0.0,0.0,0.0,0.4,0.4,0.3,0.3,0.2,0.2,0.2,0.3,0.3,0.1,0.1,0.1,0.0,0.0,0.0,0.0,0.0,0.4,0.4,0.4,0.3,0.3,0.2,0.2,0.2,0.3,0.3,0.1,0.1,0.1,0.0,0.0,0.0,0.0,0.0,2.0,0.5,0.5,0.5,0.4,0.4,0.7,0.7,0.7,0.2,0.2,0.3,0.3,0.3,0.2,0.2,0.1,0.1,0.1,0.0,0.0,0.0,0.0,0.0,0.0,0.0,0.0,2.0,0.5,0.5,0.5,0.4,0.4,0.7,0.7,0.7,0.2,0.2,0.3,0.3,0.3,0.2,0.2,0.1,0.1,0.1,0.0,0.0,0.0,0.0,0.0,0.0,0.0,0.0,0.0,0.0,0.0,2.0,0.5,0.5,0.5,0.4,0.4,0.7,0.7,0.7,0.2,0.2,0.3,0.3,0.3,0.2,0.2,0.1,0.1,0.1,0.0,0.0,0.0,0.0,0.0,0.0,0.0,0.0,0.0,0.0,0.0,0.0,0.0,2.5,2.9,2.9,2.9,1.8,1.8,1.9,1.9,1.9,0.6,0.6,0.8,0.8,0.8,0.7,0.7,0.2,0.2,0.2,0.2,0.2,0.2,0.2,0.2,0.1,0.1,0.0,0.0,0.0,0.0,0.0,0.0,0.0,0.0,2.5,2.5,2.9,2.9,2.9,1.8,1.8,1.9,1.9,1.9,0.6,0.6,0.8,0.8,0.8,0.7,0.7,0.2,0.2,0.2,0.2,0.2,0.2,0.2,0.2,0.1,0.1,0.0,0.0,0.0,0.0,0.0,0.0,0.0,0.0,2.4,2.4,1.9,1.9,1.9,1.2,1.2,0.9,0.9,0.9,1.7,1.7,0.8,0.8,0.8,0.5,0.5,0.1,0.1,0.1,0.0,0.0,0.2,0.2,0.2,0.0,0.0,0.0,0.0,0.0,0.0,0.0,0.0,0.0,0.0,0.0,2.0,2.4,2.4,1.9,1.9,1.9,1.2,1.2,0.9,0.9,0.9,1.7,1.7,0.8,0.8,0.8,0.5,0.5,0.1,0.1,0.1,0.0,0.0,0.2,0.2,0.2,0.0,0.0,0.0,0.0,0.0,0.0,0.0,0.0,0.0,0.0,0.0,0.0,2.0,2.4,2.4,1.9,1.9,1.9,1.2,1.2,0.9,0.9,0.9,1.7,1.7,0.8,0.8,0.8,0.5,0.5,0.1,0.1,0.1,0.0,0.0,0.2,0.2,0.2,0.0,0.0,0.0,0.0,0.0,0.0,0.0,0.0,0.0,0.0,0.0,0.0,1.9,0.9,0.9,0.5,0.5,0.5,1.1,1.1,2.0,2.0,2.0,1.5,1.5,1.7,1.7,1.7,1.7,1.7,0.6,0.6,0.6,0.3,0.3,0.4,0.4,0.4,0.0,0.0,0.0,0.0,0.0,0.0,0.0,0.0,0.0,0.0,0.0,0.0,1.9,0.9,0.9,0.5,0.5,0.5,1.1,1.1,2.0,2.0,2.0,1.5,1.5,1.7,1.7,1.7,1.7,1.7,0.6,0.6,0.6,0.3,0.3,0.4,0.4,0.4,0.0,0.0,0.0,0.0,0.0,0.0,0.0,0.0,0.0,0.0,0.0,0.0,1.3,1.7,1.7,2.4,2.4,2.4,2.8,2.8,2.0,2.0,2.0,2.2,2.2,1.5,1.5,1.5,0.9,0.9,1.9,1.9,1.9,3.1,3.1,1.8,1.8,1.8,0.3,0.3,0.0,0.0,0.0,0.0,0.0,0.0,0.0,0.0,0.0,0.0,1.3,1.7,1.7,2.4,2.4,2.4,2.8,2.8,2.0,2.0,2.0,2.2,2.2,1.5,1.5,1.5,0.9,0.9,1.9,1.9,1.9,3.1,3.1,1.8,1.8,1.8,0.3,0.3,0.0,0.0,0.0,0.0,0.0,0.0,0.0,0.0,0.0,0.0,1.7,1.7,2.4,2.4,2.4,2.8,2.8,2.0,2.0,2.0,2.2,2.2,1.5,1.5,1.5,0.9,0.9,1.9,1.9,1.9,3.1,3.1,1.8,1.8,1.8,0.3,0.3,0.0,0.0,0.0,0.0,0.0,0.6,0.0,0.0,0.0,0.0,4.0,4.5,4.5,4.5,3.4,3.4,3.0,3.0,3.0,2.2,2.2,1.6,1.6,1.6,1.3,1.3,1.8,1.8,1.8,0.0,0.0,0.2,0.2,0.2,0.2,0.2,0.2,0.2,0.2,0.3,0.3,0.6,0.6,0.6,0.2,0.2,4.5,4.5,4.5,3.4,3.4,3.0,3.0,3.0,2.2,2.2,1.6,1.6,1.6,1.3,1.3,1.8,1.8,1.8,0.0,0.0,0.2,0.2,0.2,0.2,0.2,0.2,0.2,0.2,0.3,0.3,0.6,0.6,0.6,0.6,4.1,4.1,4.1,3.7,3.7,2.6,2.6,2.6,1.7,1.7,0.3,0.3,0.3,0.2,0.2,0.2,0.2,0.2,0.1,0.1,0.1,0.1,0.1,0.4,0.4,0.1,0.1,0.1,0.2,0.2,0.1,0.1,0.1,4.1,4.1,3.7,3.7,2.6,2.6,2.6,1.7,1.7,0.3,0.3,0.3,0.2,0.2,0.2,0.2,0.2,0.1,0.1,0.1,0.1,0.1,0.4,0.4,0.1,0.1,0.1,0.2,0.2,4.1,4.1,3.7,3.7,2.6,2.6,2.6,1.7,1.7,0.3,0.3,0.3,0.2,0.2,0.2,0.2,0.2,0.1,0.1,0.1,0.1,0.1,0.4,0.4,0.1,0.1,3.2,3.2,3.2,3.2,1.4,1.4,1.4,1.4,1.4,0.5,0.5,0.5,0.3,0.3,0.2,0.2,0.2,0.2,0.2,0.1,0.1,0.1,0.5,3.2,3.2,3.2,1.4,1.4,1.4,1.4,1.4,0.5,0.5,0.5,0.3,0.3,0.2,0.2,0.2,0.2,0.2,0.1,0.1,0.1,0.5,1.3,1.3,2.2,2.2,2.2,1.4,1.4,0.4,0.4,0.4,0.6,0.6,0.4,0.4,0.4,0.3,0.3,0.3,0.3,2.2,2.2,0.6,0.6,0.4,0.4,0.4,0.3,0.3,0.3
2026-10-05T20:00:00Z,0.1,0.1,0.1,0.1,0.1,0.1,0.0,0.0,0.0,0.3,0.1,0.1,0.1,0.1,0.1,0.1,0.1,0.1,0.0,0.0,0.0,0.0,0.2,0.3,0.3,0.1,0.1,0.1,0.1,0.1,0.1,0.1,0.1,0.0,0.0,0.0,0.0,0.4,0.4,0.3,0.3,0.2,0.2,0.2,0.3,0.3,0.1,0.1,0.1,0.0,0.0,0.0,0.0,0.0,0.4,0.4,0.4,0.3,0.3,0.2,0.2,0.2,0.3,0.3,0.1,0.1,0.1,0.0,0.0,0.0,0.0,0.0,2.0,0.5,0.5,0.5,0.4,0.4,0.7,0.7,0.7,0.2,0.2,0.3,0.3,0.3,0.2,0.2,0.1,0.1,0.1,0.0,0.0,0.0,0.0,0.0,0.0,0.0,0.0,2.0,0.5,0.5,0.5,0.4,0.4,0.7,0.7,0.7,0.2,0.2,0.3,0.3,0.3,0.2,0.2,0.1,0.1,0.1,0.0,0.0,0.0,0.0,0.0,0.0,0.0,0.0,0.0,0.0,0.0,2.0,0.5,0.5,0.5,0.4,0.4,0.7,0.7,0.7,0.2,0.2,0.3,0.3,0.3,0.2,0.2,0.1,0.1,0.1,0.0,0.0,0.0,0.0,0.0,0.0,0.0,0.0,0.0,0.0,0.0,0.0,0.0,2.5,2.9,2.9,2.9,1.8,1.8,1.9,1.9,1.9,0.6,0.6,0.8,0.8,0.8,0.7,0.7,0.2,0.2,0.2,0.2,0.2,0.2,0.2,0.2,0.1,0.1,0.0,0.0,0.0,0.0,0.0,0.0,0.0,0.0,2.5,2.5,2.9,2.9,2.9,1.8,1.8,1.9,1.9,1.9,0.6,0.6,0.8,0.8,0.8,0.7,0.7,0.2,0.2,0.2,0.2,0.2,0.2,0.2,0.2,0.1,0.1,0.0,0.0,0.0,0.0,0.0,0.0,0.0,0.0,2.4,2.4,1.9,1.9,1.9,1.2,1.2,0.9,0.9,0.9,1.7,1.7,0.8,0.8,0.8,0.5,0.5,0.1,0.1,0.1,0.0,0.0,0.2,0.2,0.2,0.0,0.0,0.0,0.0,0.0,0.0,0.0,0.0,0.0,0.0,0.0,2.0,2.4,2.4,1.9,1.9,1.9,1.2,1.2,0.9,0.9,0.9,1.7,1.7,0.8,0.8,0.8,0.5,0.5,0.1,0.1,0.1,0.0,0.0,0.2,0.2,0.2,0.0,0.0,0.0,0.0,0.0,0.0,0.0,0.0,0.0,0.0,0.0,0.0,2.0,2.4,2.4,1.9,1.9,1.9,1.2,1.2,0.9,0.9,0.9,1.7,1.7,0.8,0.8,0.8,0.5,0.5,0.1,0.1,0.1,0.0,0.0,0.2,0.2,0.2,0.0,0.0,0.0,0.0,0.0,0.0,0.0,0.0,0.0,0.0,0.0,0.0,1.9,0.9,0.9,0.5,0.5,0.5,1.1,1.1,2.0,2.0,2.0,1.5,1.5,1.7,1.7,1.7,1.7,1.7,0.6,0.6,0.6,0.3,0.3,0.4,0.4,0.4,0.0,0.0,0.0,0.0,0.0,0.0,0.0,0.0,0.0,0.0,0.0,0.0,1.9,0.9,0.9,0.5,0.5,0.5,1.1,1.1,2.0,2.0,2.0,1.5,1.5,1.7,1.7,1.7,1.7,1.7,0.6,0.6,0.6,0.3,0.3,0.4,0.4,0.4,0.0,0.0,0.0,0.0,0.0,0.0,0.0,0.0,0.0,0.0,0.0,0.0,1.3,1.7,1.7,2.4,2.4,2.4,2.8,2.8,2.0,2.0,2.0,2.2,2.2,1.5,1.5,1.5,0.9,0.9,1.9,1.9,1.9,3.1,3.1,1.8,1.8,1.8,0.3,0.3,0.0,0.0,0.0,0.0,0.0,0.0,0.0,0.0,0.0,0.0,1.3,1.7,1.7,2.4,2.4,2.4,2.8,2.8,2.0,2.0,2.0,2.2,2.2,1.5,1.5,1.5,0.9,0.9,1.9,1.9,1.9,3.1,3.1,1.8,1.8,1.8,0.3,0.3,0.0,0.0,0.0,0.0,0.0,0.0,0.0,0.0,0.0,0.0,1.7,1.7,2.4,2.4,2.4,2.8,2.8,2.0,2.0,2.0,2.2,2.2,1.5,1.5,1.5,0.9,0.9,1.9,1.9,1.9,3.1,3.1,1.8,1.8,1.8,0.3,0.3,0.0,0.0,0.0,0.0,0.0,0.6,0.0,0.0,0.0,0.0,4.0,4.5,4.5,4.5,3.4,3.4,3.0,3.0,3.0,2.2,2.2,1.6,1.6,1.6,1.3,1.3,1.8,1.8,1.8,0.0,0.0,0.2,0.2,0.2,0.2,0.2,0.2,0.2,0.2,0.3,0.3,0.6,0.6,0.6,0.2,0.2,4.5,4.5,4.5,3.4,3.4,3.0,3.0,3.0,2.2,2.2,1.6,1.6,1.6,1.3,1.3,1.8,1.8,1.8,0.0,0.0,0.2,0.2,0.2,0.2,0.2,0.2,0.2,0.2,0.3,0.3,0.6,0.6,0.6,0.6,4.1,4.1,4.1,3.7,3.7,2.6,2.6,2.6,1.7,1.7,0.3,0.3,0.3,0.2,0.2,0.2,0.2,0.2,0.1,0.1,0.1,0.1,0.1,0.4,0.4,0.1,0.1,0.1,0.2,0.2,0.1,0.1,0.1,4.1,4.1,3.7,3.7,2.6,2.6,2.6,1.7,1.7,0.3,0.3,0.3,0.2,0.2,0.2,0.2,0.2,0.1,0.1,0.1,0.1,0.1,0.4,0.4,0.1,0.1,0.1,0.2,0.2,4.1,4.1,3.7,3.7,2.6,2.6,2.6,1.7,1.7,0.3,0.3,0.3,0.2,0.2,0.2,0.2,0.2,0.1,0.1,0.1,0.1,0.1,0.4,0.4,0.1,0.1,3.2,3.2,3.2,3.2,1.4,1.4,1.4,1.4,1.4,0.5,0.5,0.5,0.3,0.3,0.2,0.2,0.2,0.2,0.2,0.1,0.1,0.1,0.5,3.2,3.2,3.2,1.4,1.4,1.4,1.4,1.4,0.5,0.5,0.5,0.3,0.3,0.2,0.2,0.2,0.2,0.2,0.1,0.1,0.1,0.5,1.3,1.3,2.2,2.2,2.2,1.4,1.4,0.4,0.4,0.4,0.6,0.6,0.4,0.4,0.4,0.3,0.3,0.3,0.3,2.2,2.2,0.6,0.6,0.4,0.4,0.4,0.3,0.3,0.3
2026-10-05T21:00:00Z,0.1,0.1,0.1,0.1,0.1,0.1,0.0,0.0,0.0,0.3,0.1,0.1,0.1,0.1,0.1,0.1,0.1,0.1,0.0,0.0,0.0,0.0,0.2,0.3,0.3,0.1,0.1,0.1,0.1,0.1,0.1,0.1,0.1,0.0,0.0,0.0,0.0,0.4,0.4,0.3,0.3,0.2,0.2,0.2,0.3,0.3,0.1,0.1,0.1,0.0,0.0,0.0,0.0,0.0,0.4,0.4,0.4,0.3,0.3,0.2,0.2,0.2,0.3,0.3,0.1,0.1,0.1,0.0,0.0,0.0,0.0,0.0,2.0,0.5,0.5,0.5,0.4,0.4,0.7,0.7,0.7,0.2,0.2,0.3,0.3,0.3,0.2,0.2,0.1,0.1,0.1,0.0,0.0,0.0,0.0,0.0,0.0,0.0,0.0,2.0,0.5,0.5,0.5,0.4,0.4,0.7,0.7,0.7,0.2,0.2,0.3,0.3,0.3,0.2,0.2,0.1,0.1,0.1,0.0,0.0,0.0,0.0,0.0,0.0,0.0,0.0,0.0,0.0,0.0,2.0,0.5,0.5,0.5,0.4,0.4,0.7,0.7,0.7,0.2,0.2,0.3,0.3,0.3,0.2,0.2,0.1,0.1,0.1,0.0,0.0,0.0,0.0,0.0,0.0,0.0,0.0,0.0,0.0,0.0,0.0,0.0,2.5,2.9,2.9,2.9,1.8,1.8,1.9,1.9,1.9,0.6,0.6,0.8,0.8,0.8,0.7,0.7,0.2,0.2,0.2,0.2,0.2,0.2,0.2,0.2,0.1,0.1,0.0,0.0,0.0,0.0,0.0,0.0,0.0,0.0,2.5,2.5,2.9,2.9,2.9,1.8,1.8,1.9,1.9,1.9,0.6,0.6,0.8,0.8,0.8,0.7,0.7,0.2,0.2,0.2,0.2,0.2,0.2,0.2,0.2,0.1,0.1,0.0,0.0,0.0,0.0,0.0,0.0,0.0,0.0,2.4,2.4,1.9,1.9,1.9,1.2,1.2,0.9,0.9,0.9,1.7,1.7,0.8,0.8,0.8,0.5,0.5,0.1,0.1,0.1,0.0,0.0,0.2,0.2,0.2,0.0,0.0,0.0,0.0,0.0,0.0,0.0,0.0,0.0,0.0,0.0,2.0,2.4,2.4,1.9,1.9,1.9,1.2,1.2,0.9,0.9,0.9,1.7,1.7,0.8,0.8,0.8,0.5,0.5,0.1,0.1,0.1,0.0,0.0,0.2,0.2,0.2,0.0,0.0,0.0,0.0,0.0,0.0,0.0,0.0,0.0,0.0,0.0,0.0,2.0,2.4,2.4,1.9,1.9,1.9,1.2,1.2,0.9,0.9,0.9,1.7,1.7,0.8,0.8,0.8,0.5,0.5,0.1,0.1,0.1,0.0,0.0,0.2,0.2,0.2,0.0,0.0,0.0,0.0,0.0,0.0,0.0,0.0,0.0,0.0,0.0,0.0,1.9,0.9,0.9,0.5,0.5,0.5,1.1,1.1,2.0,2.0,2.0,1.5,1.5,1.7,1.7,1.7,1.7,1.7,0.6,0.6,0.6,0.3,0.3,0.4,0.4,0.4,0.0,0.0,0.0,0.0,0.0,0.0,0.0,0.0,0.0,0.0,0.0,0.0,1.9,0.9,0.9,0.5,0.5,0.5,1.1,1.1,2.0,2.0,2.0,1.5,1.5,1.7,1.7,1.7,1.7,1.7,0.6,0.6,0.6,0.3,0.3,0.4,0.4,0.4,0.0,0.0,0.0,0.0,0.0,0.0,0.0,0.0,0.0,0.0,0.0,0.0,1.3,1.7,1.7,2.4,2.4,2.4,2.8,2.8,2.0,2.0,2.0,2.2,2.2,1.5,1.5,1.5,0.9,0.9,1.9,1.9,1.9,3.1,3.1,1.8,1.8,1.8,0.3,0.3,0.0,0.0,0.0,0.0,0.0,0.0,0.0,0.0,0.0,0.0,1.3,1.7,1.7,2.4,2.4,2.4,2.8,2.8,2.0,2.0,2.0,2.2,2.2,1.5,1.5,1.5,0.9,0.9,1.9,1.9,1.9,3.1,3.1,1.8,1.8,1.8,0.3,0.3,0.0,0.0,0.0,0.0,0.0,0.0,0.0,0.0,0.0,0.0,1.7,1.7,2.4,2.4,2.4,2.8,2.8,2.0,2.0,2.0,2.2,2.2,1.5,1.5,1.5,0.9,0.9,1.9,1.9,1.9,3.1,3.1,1.8,1.8,1.8,0.3,0.3,0.0,0.0,0.0,0.0,0.0,0.6,0.0,0.0,0.0,0.0,4.0,4.5,4.5,4.5,3.4,3.4,3.0,3.0,3.0,2.2,2.2,1.6,1.6,1.6,1.3,1.3,1.8,1.8,1.8,0.0,0.0,0.2,0.2,0.2,0.2,0.2,0.2,0.2,0.2,0.3,0.3,0.6,0.6,0.6,0.2,0.2,4.5,4.5,4.5,3.4,3.4,3.0,3.0,3.0,2.2,2.2,1.6,1.6,1.6,1.3,1.3,1.8,1.8,1.8,0.0,0.0,0.2,0.2,0.2,0.2,0.2,0.2,0.2,0.2,0.3,0.3,0.6,0.6,0.6,0.6,4.1,4.1,4.1,3.7,3.7,2.6,2.6,2.6,1.7,1.7,0.3,0.3,0.3,0.2,0.2,0.2,0.2,0.2,0.1,0.1,0.1,0.1,0.1,0.4,0.4,0.1,0.1,0.1,0.2,0.2,0.1,0.1,0.1,4.1,4.1,3.7,3.7,2.6,2.6,2.6,1.7,1.7,0.3,0.3,0.3,0.2,0.2,0.2,0.2,0.2,0.1,0.1,0.1,0.1,0.1,0.4,0.4,0.1,0.1,0.1,0.2,0.2,4.1,4.1,3.7,3.7,2.6,2.6,2.6,1.7,1.7,0.3,0.3,0.3,0.2,0.2,0.2,0.2,0.2,0.1,0.1,0.1,0.1,0.1,0.4,0.4,0.1,0.1,3.2,3.2,3.2,3.2,1.4,1.4,1.4,1.4,1.4,0.5,0.5,0.5,0.3,0.3,0.2,0.2,0.2,0.2,0.2,0.1,0.1,0.1,0.5,3.2,3.2,3.2,1.4,1.4,1.4,1.4,1.4,0.5,0.5,0.5,0.3,0.3,0.2,0.2,0.2,0.2,0.2,0.1,0.1,0.1,0.5,1.3,1.3,2.2,2.2,2.2,1.4,1.4,0.4,0.4,0.4,0.6,0.6,0.4,0.4,0.4,0.3,0.3,0.3,0.3,2.2,2.2,0.6,0.6,0.4,0.4,0.4,0.3,0.3,0.3
2026-10-05T22:00:00Z,0.3,0.2,0.2,0.4,0.4,0.4,1.6,1.6,1.6,0.4,0.3,0.3,0.3,0.2,0.2,0.4,0.4,0.4,1.6,1.6,1.6,1.2,0.3,0.4,0.4,0.3,0.3,0.3,0.2,0.2,0.4,0.4,0.4,1.6,1.6,1.2,1.2,0.5,0.5,0.2,0.2,0.1,0.1,0.1,1.5,1.5,0.6,0.6,0.6,1.2,1.2,1.2,1.2,1.2,0.5,0.5,0.5,0.2,0.2,0.1,0.1,0.1,1.5,1.5,0.6,0.6,0.6,1.2,1.2,1.2,1.2,1.2,0.3,0.7,0.7,0.7,0.8,0.8,1.2,1.2,1.2,0.6,0.6,0.6,0.6,0.6,1.4,1.4,1.3,1.3,1.3,1.2,1.1,1.1,1.7,1.7,1.7,0.6,0.2,0.3,0.7,0.7,0.7,0.8,0.8,1.2,1.2,1.2,0.6,0.6,0.6,0.6,0.6,1.4,1.4,1.3,1.3,1.3,1.8,1.2,1.2,1.1,1.1,1.7,1.7,1.7,1.7,0.2,0.0,0.3,0.7,0.7,0.7,0.8,0.8,1.2,1.2,1.2,0.6,0.6,0.6,0.6,0.6,1.4,1.4,1.3,1.3,1.3,1.8,1.2,1.2,1.2,1.1,1.1,1.7,1.7,1.7,0.0,0.0,0.0,0.0,0.6,1.0,1.0,1.0,1.8,1.8,1.6,1.6,1.6,1.1,1.1,2.8,2.8,2.8,2.8,2.8,3.0,3.0,3.0,2.1,2.1,0.2,0.2,0.2,0.2,0.2,0.1,0.1,0.1,0.0,0.0,0.0,0.0,0.0,0.6,0.6,1.0,1.0,1.0,1.8,1.8,1.6,1.6,1.6,1.1,1.1,2.8,2.8,2.8,2.8,2.8,3.0,3.0,3.0,2.1,2.1,0.2,0.2,0.2,0.2,0.2,0.1,0.1,0.1,0.0,0.0,0.0,0.0,0.0,0.2,0.2,0.7,0.7,0.7,3.6,3.6,5.2,5.2,5.2,3.4,3.4,4.3,4.3,4.3,2.4,2.4,1.5,1.5,1.5,0.3,0.3,0.6,0.6,0.6,0.4,0.4,0.2,0.2,0.2,0.0,0.0,0.0,0.0,0.0,0.0,0.1,0.2,0.2,0.7,0.7,0.7,3.6,3.6,5.2,5.2,5.2,3.4,3.4,4.3,4.3,4.3,2.4,2.4,1.5,1.5,1.5,0.3,0.3,0.6,0.6,0.6,0.4,0.4,0.2,0.2,0.2,0.0,0.0,0.0,0.0,0.0,0.0,0.2,0.1,0.2,0.2,0.7,0.7,0.7,3.6,3.6,5.2,5.2,5.2,3.4,3.4,4.3,4.3,4.3,2.4,2.4,1.5,1.5,1.5,0.3,0.3,0.6,0.6,0.6,0.4,0.4,0.2,0.2,0.2,0.0,0.0,0.0,0.0,0.0,0.2,0.2,0.4,0.7,0.7,2.7,2.7,2.7,2.0,2.0,3.7,3.7,3.7,3.5,3.5,2.3,2.3,2.3,1.0,1.0,1.2,1.2,1.2,0.3,0.3,0.2,0.2,0.2,0.2,0.2,0.1,0.1,0.1,0.2,0.2,0.0,0.0,0.0,0.2,0.2,0.4,0.7,0.7,2.7,2.7,2.7,2.0,2.0,3.7,3.7,3.7,3.5,3.5,2.3,2.3,2.3,1.0,1.0,1.2,1.2,1.2,0.3,0.3,0.2,0.2,0.2,0.2,0.2,0.1,0.1,0.1,0.2,0.2,0.0,0.0,0.0,0.2,0.2,2.1,0.9,0.9,0.5,0.5,0.5,2.1,2.1,1.5,1.5,1.5,1.5,1.5,1.7,1.7,1.7,1.8,1.8,0.6,0.6,0.6,0.3,0.3,0.2,0.2,0.2,0.1,0.1,0.3,0.3,0.3,0.0,0.0,0.0,0.0,0.0,0.0,0.0,2.1,0.9,0.9,0.5,0.5,0.5,2.1,2.1,1.5,1.5,1.5,1.5,1.5,1.7,1.7,1.7,1.8,1.8,0.6,0.6,0.6,0.3,0.3,0.2,0.2,0.2,0.1,0.1,0.3,0.3,0.3,0.0,0.0,0.0,0.0,0.0,0.0,0.0,0.9,0.9,0.5,0.5,0.5,2.1,2.1,1.5,1.5,1.5,1.5,1.5,1.7,1.7,1.7,1.8,1.8,0.6,0.6,0.6,0.3,0.3,0.2,0.2,0.2,0.1,0.1,0.3,0.3,0.3,0.0,0.0,0.5,0.0,0.0,0.0,0.0,3.2,1.0,1.0,1.0,1.4,1.4,1.0,1.0,1.0,1.5,1.5,1.9,1.9,1.9,1.4,1.4,0.4,0.4,0.4,0.3,0.3,0.4,0.4,0.4,0.3,0.3,0.2,0.2,0.2,0.2,0.2,0.5,0.5,0.5,0.5,0.5,1.0,1.0,1.0,1.4,1.4,1.0,1.0,1.0,1.5,1.5,1.9,1.9,1.9,1.4,1.4,0.4,0.4,0.4,0.3,0.3,0.4,0.4,0.4,0.3,0.3,0.2,0.2,0.2,0.2,0.2,0.5,0.5,0.5,0.5,1.4,1.4,1.4,1.9,1.9,3.5,3.5,3.5,2.7,2.7,2.0,2.0,2.0,0.9,0.9,1.0,1.0,1.0,0.7,0.7,0.6,0.6,0.6,0.5,0.5,0.5,0.5,0.5,0.4,0.4,0.2,0.2,0.2,1.4,1.4,1.9,1.9,3.5,3.5,3.5,2.7,2.7,2.0,2.0,2.0,0.9,0.9,1.0,1.0,1.0,0.7,0.7,0.6,0.6,0.6,0.5,0.5,0.5,0.5,0.5,0.4,0.4,1.4,1.4,1.9,1.9,3.5,3.5,3.5,2.7,2.7,2.0,2.0,2.0,0.9,0.9,1.0,1.0,1.0,0.7,0.7,0.6,0.6,0.6,0.5,0.5,0.5,0.5,1.3,1.3,2.2,2.2,2.6,2.6,2.6,2.7,2.7,1.8,1.8,1.8,1.5,1.5,1.3,1.3,1.3,1.0,1.0,0.8,0.8,0.8,0.7,1.3,2.2,2.2,2.6,2.6,2.6,2.7,2.7,1.8,1.8,1.8,1.5,1.5,1.3,1.3,1.3,1.0,1.0,0.8,0.8,0.8,0.7,1.4,1.4,2.1,2.1,2.1,3.0,3.0,3.0,3.0,3.0,1.6,1.6,1.6,1.6,1.6,1.7,1.7,1.3,1.3,2.1,2.1,1.6,1.6,1.6,1.6,1.6,1.7,1.7,1.3
2026-10-05T23:00:00Z,0.3,0.2,0.2,0.4,0.4,0.4,1.6,1.6,1.6,0.4,0.3,0.3,0.3,0.2,0.2,0.4,0.4,0.4,1.6,1.6,1.6,1.2,0.3,0.4,0.4,0.3,0.3,0.3,0.2,0.2,0.4,0.4,0.4,1.6,1.6,1.2,1.2,0.5,0.5,0.2,0.2,0.1,0.1,0.1,1.5,1.5,0.6,0.6,0.6,1.2,1.2,1.2,1.2,1.2,0.5,0.5,0.5,0.2,0.2,0.1,0.1,0.1,1.5,1.5,0.6,0.6,0.6,1.2,1.2,1.2,1.2,1.2,0.3,0.7,0.7,0.7,0.8,0.8,1.2,1.2,1.2,0.6,0.6,0.6,0.6,0.6,1.4,1.4,1.3,1.3,1.3,1.2,1.1,1.1,1.7,1.7,1.7,0.6,0.2,0.3,0.7,0.7,0.7,0.8,0.8,1.2,1.2,1.2,0.6,0.6,0.6,0.6,0.6,1.4,1.4,1.3,1.3,1.3,1.8,1.2,1.2,1.1,1.1,1.7,1.7,1.7,1.7,0.2,0.0,0.3,0.7,0.7,0.7,0.8,0.8,1.2,1.2,1.2,0.6,0.6,0.6,0.6,0.6,1.4,1.4,1.3,1.3,1.3,1.8,1.2,1.2,1.2,1.1,1.1,1.7,1.7,1.7,0.0,0.0,0.0,0.0,0.6,1.0,1.0,1.0,1.8,1.8,1.6,1.6,1.6,1.1,1.1,2.8,2.8,2.8,2.8,2.8,3.0,3.0,3.0,2.1,2.1,0.2,0.2,0.2,0.2,0.2,0.1,0.1,0.1,0.0,0.0,0.0,0.0,0.0,0.6,0.6,1.0,1.0,1.0,1.8,1.8,1.6,1.6,1.6,1.1,1.1,2.8,2.8,2.8,2.8,2.8,3.0,3.0,3.0,2.1,2.1,0.2,0.2,0.2,0.2,0.2,0.1,0.1,0.1,0.0,0.0,0.0,0.0,0.0,0.2,0.2,0.7,0.7,0.7,3.6,3.6,5.2,5.2,5.2,3.4,3.4,4.3,4.3,4.3,2.4,2.4,1.5,1.5,1.5,0.3,0.3,0.6,0.6,0.6,0.4,0.4,0.2,0.2,0.2,0.0,0.0,0.0,0.0,0.0,0.0,0.1,0.2,0.2,0.7,0.7,0.7,3.6,3.6,5.2,5.2,5.2,3.4,3.4,4.3,4.3,4.3,2.4,2.4,1.5,1.5,1.5,0.3,0.3,0.6,0.6,0.6,0.4,0.4,0.2,0.2,0.2,0.0,0.0,0.0,0.0,0.0,0.0,0.2,0.1,0.2,0.2,0.7,0.7,0.7,3.6,3.6,5.2,5.2,5.2,3.4,3.4,4.3,4.3,4.3,2.4,2.4,1.5,1.5,1.5,0.3,0.3,0.6,0.6,0.6,0.4,0.4,0.2,0.2,0.2,0.0,0.0,0.0,0.0,0.0,0.2,0.2,0.4,0.7,0.7,2.7,2.7,2.7,2.0,2.0,3.7,3.7,3.7,3.5,3.5,2.3,2.3,2.3,1.0,1.0,1.2,1.2,1.2,0.3,0.3,0.2,0.2,0.2,0.2,0.2,0.1,0.1,0.1,0.2,0.2,0.0,0.0,0.0,0.2,0.2,0.4,0.7,0.7,2.7,2.7,2.7,2.0,2.0,3.7,3.7,3.7,3.5,3.5,2.3,2.3,2.3,1.0,1.0,1.2,1.2,1.2,0.3,0.3,0.2,0.2,0.2,0.2,0.2,0.1,0.1,0.1,0.2,0.2,0.0,0.0,0.0,0.2,0.2,2.1,0.9,0.9,0.5,0.5,0.5,2.1,2.1,1.5,1.5,1.5,1.5,1.5,1.7,1.7,1.7,1.8,1.8,0.6,0.6,0.6,0.3,0.3,0.2,0.2,0.2,0.1,0.1,0.3,0.3,0.3,0.0,0.0,0.0,0.0,0.0,0.0,0.0,2.1,0.9,0.9,0.5,0.5,0.5,2.1,2.1,1.5,1.5,1.5,1.5,1.5,1.7,1.7,1.7,1.8,1.8,0.6,0.6,0.6,0.3,0.3,0.2,0.2,0.2,0.1,0.1,0.3,0.3,0.3,0.0,0.0,0.0,0.0,0.0,0.0,0.0,0.9,0.9,0.5,0.5,0.5,2.1,2.1,1.5,1.5,1.5,1.5,1.5,1.7,1.7,1.7,1.8,1.8,0.6,0.6,0.6,0.3,0.3,0.2,0.2,0.2,0.1,0.1,0.3,0.3,0.3,0.0,0.0,0.5,0.0,0.0,0.0,0.0,3.2,1.0,1.0,1.0,1.4,1.4,1.0,1.0,1.0,1.5,1.5,1.9,1.9,1.9,1.4,1.4,0.4,0.4,0.4,0.3,0.3,0.4,0.4,0.4,0.3,0.3,0.2,0.2,0.2,0.2,0.2,0.5,0.5,0.5,0.5,0.5,1.0,1.0,1.0,1.4,1.4,1.0,1.0,1.0,1.5,1.5,1.9,1.9,1.9,1.4,1.4,0.4,0.4,0.4,0.3,0.3,0.4,0.4,0.4,0.3,0.3,0.2,0.2,0.2,0.2,0.2,0.5,0.5,0.5,0.5,1.4,1.4,1.4,1.9,1.9,3.5,3.5,3.5,2.7,2.7,2.0,2.0,2.0,0.9,0.9,1.0,1.0,1.0,0.7,0.7,0.6,0.6,0.6,0.5,0.5,0.5,0.5,0.5,0.4,0.4,0.2,0.2,0.2,1.4,1.4,1.9,1.9,3.5,3.5,3.5,2.7,2.7,2.0,2.0,2.0,0.9,0.9,1.0,1.0,1.0,0.7,0.7,0.6,0.6,0.6,0.5,0.5,0.5,0.5,0.5,0.4,0.4,1.4,1.4,1.9,1.9,3.5,3.5,3.5,2.7,2.7,2.0,2.0,2.0,0.9,0.9,1.0,1.0,1.0,0.7,0.7,0.6,0.6,0.6,0.5,0.5,0.5,0.5,1.3,1.3,2.2,2.2,2.6,2.6,2.6,2.7,2.7,1.8,1.8,1.8,1.5,1.5,1.3,1.3,1.3,1.0,1.0,0.8,0.8,0.8,0.7,1.3,2.2,2.2,2.6,2.6,2.6,2.7,2.7,1.8,1.8,1.8,1.5,1.5,1.3,1.3,1.3,1.0,1.0,0.8,0.8,0.8,0.7,1.4,1.4,2.1,2.1,2.1,3.0,3.0,3.0,3.0,3.0,1.6,1.6,1.6,1.6,1.6,1.7,1.7,1.3,1.3,2.1,2.1,1.6,1.6,1.6,1.6,1.6,1.7,1.7,1.3
2026-10-06T00:00:00Z,0.3,0.2,0.2,0.4,0.4,0.4,1.6,1.6,1.6,0.4,0.3,0.3,0.3,0.2,0.2,0.4,0.4,0.4,1.6,1.6,1.6,1.2,0.3,0.4,0.4,0.3,0.3,0.3,0.2,0.2,0.4,0.4,0.4,1.6,1.6,1.2,1.2,0.5,0.5,0.2,0.2,0.1,0.1,0.1,1.5,1.5,0.6,0.6,0.6,1.2,1.2,1.2,1.2,1.2,0.5,0.5,0.5,0.2,0.2,0.1,0.1,0.1,1.5,1.5,0.6,0.6,0.6,1.2,1.2,1.2,1.2,1.2,0.3,0.7,0.7,0.7,0.8,0.8,1.2,1.2,1.2,0.6,0.6,0.6,0.6,0.6,1.4,1.4,1.3,1.3,1.3,1.2,1.1,1.1,1.7,1.7,1.7,0.6,0.2,0.3,0.7,0.7,0.7,0.8,0.8,1.2,1.2,1.2,0.6,0.6,0.6,0.6,0.6,1.4,1.4,1.3,1.3,1.3,1.8,1.2,1.2,1.1,1.1,1.7,1.7,1.7,1.7,0.2,0.0,0.3,0.7,0.7,0.7,0.8,0.8,1.2,1.2,1.2,0.6,0.6,0.6,0.6,0.6,1.4,1.4,1.3,1.3,1.3,1.8,1.2,1.2,1.2,1.1,1.1,1.7,1.7,1.7,0.0,0.0,0.0,0.0,0.6,1.0,1.0,1.0,1.8,1.8,1.6,1.6,1.6,1.1,1.1,2.8,2.8,2.8,2.8,2.8,3.0,3.0,3.0,2.1,2.1,0.2,0.2,0.2,0.2,0.2,0.1,0.1,0.1,0.0,0.0,0.0,0.0,0.0,0.6,0.6,1.0,1.0,1.0,1.8,1.8,1.6,1.6,1.6,1.1,1.1,2.8,2.8,2.8,2.8,2.8,3.0,3.0,3.0,2.1,2.1,0.2,0.2,0.2,0.2,0.2,0.1,0.1,0.1,0.0,0.0,0.0,0.0,0.0,0.2,0.2,0.7,0.7,0.7,3.6,3.6,5.2,5.2,5.2,3.4,3.4,4.3,4.3,4.3,2.4,2.4,1.5,1.5,1.5,0.3,0.3,0.6,0.6,0.6,0.4,0.4,0.2,0.2,0.2,0.0,0.0,0.0,0.0,0.0,0.0,0.1,0.2,0.2,0.7,0.7,0.7,3.6,3.6,5.2,5.2,5.2,3.4,3.4,4.3,4.3,4.3,2.4,2.4,1.5,1.5,1.5,0.3,0.3,0.6,0.6,0.6,0.4,0.4,0.2,0.2,0.2,0.0,0.0,0.0,0.0,0.0,0.0,0.2,0.1,0.2,0.2,0.7,0.7,0.7,3.6,3.6,5.2,5.2,5.2,3.4,3.4,4.3,4.3,4.3,2.4,2.4,1.5,1.5,1.5,0.3,0.3,0.6,0.6,0.6,0.4,0.4,0.2,0.2,0.2,0.0,0.0,0.0,0.0,0.0,0.2,0.2,0.4,0.7,0.7,2.7,2.7,2.7,2.0,2.0,3.7,3.7,3.7,3.5,3.5,2.3,2.3,2.3,1.0,1.0,1.2,1.2,1.2,0.3,0.3,0.2,0.2,0.2,0.2,0.2,0.1,0.1,0.1,0.2,0.2,0.0,0.0,0.0,0.2,0.2,0.4,0.7,0.7,2.7,2.7,2.7,2.0,2.0,3.7,3.7,3.7,3.5,3.5,2.3,2.3,2.3,1.0,1.0,1.2,1.2,1.2,0.3,0.3,0.2,0.2,0.2,0.2,0.2,0.1,0.1,0.1,0.2,0.2,0.0,0.0,0.0,0.2,0.2,2.1,0.9,0.9,0.5,0.5,0.5,2.1,2.1,1.5,1.5,1.5,1.5,1.5,1.7,1.7,1.7,1.8,1.8,0.6,0.6,0.6,0.3,0.3,0.2,0.2,0.2,0.1,0.1,0.3,0.3,0.3,0.0,0.0,0.0,0.0,0.0,0.0,0.0,2.1,0.9,0.9,0.5,0.5,0.5,2.1,2.1,1.5,1.5,1.5,1.5,1.5,1.7,1.7,1.7,1.8,1.8,0.6,0.6,0.6,0.3,0.3,0.2,0.2,0.2,0.1,0.1,0.3,0.3,0.3,0.0,0.0,0.0,0.0,0.0,0.0,0.0,0.9,0.9,0.5,0.5,0.5,2.1,2.1,1.5,1.5,1.5,1.5,1.5,1.7,1.7,1.7,1.8,1.8,0.6,0.6,0.6,0.3,0.3,0.2,0.2,0.2,0.1,0.1,0.3,0.3,0.3,0.0,0.0,0.5,0.0,0.0,0.0,0.0,3.2,1.0,1.0,1.0,1.4,1.4,1.0,1.0,1.0,1.5,1.5,1.9,1.9,1.9,1.4,1.4,0.4,0.4,0.4,0.3,0.3,0.4,0.4,0.4,0.3,0.3,0.2,0.2,0.2,0.2,0.2,0.5,0.5,0.5,0.5,0.5,1.0,1.0,1.0,1.4,1.4,1.0,1.0,1.0,1.5,1.5,1.9,1.9,1.9,1.4,1.4,0.4,0.4,0.4,0.3,0.3,0.4,0.4,0.4,0.3,0.3,0.2,0.2,0.2,0.2,0.2,0.5,0.5,0.5,0.5,1.4,1.4,1.4,1.9,1.9,3.5,3.5,3.5,2.7,2.7,2.0,2.0,2.0,0.9,0.9,1.0,1.0,1.0,0.7,0.7,0.6,0.6,0.6,0.5,0.5,0.5,0.5,0.5,0.4,0.4,0.2,0.2,0.2,1.4,1.4,1.9,1.9,3.5,3.5,3.5,2.7,2.7,2.0,2.0,2.0,0.9,0.9,1.0,1.0,1.0,0.7,0.7,0.6,0.6,0.6,0.5,0.5,0.5,0.5,0.5,0.4,0.4,1.4,1.4,1.9,1.9,3.5,3.5,3.5,2.7,2.7,2.0,2.0,2.0,0.9,0.9,1.0,1.0,1.0,0.7,0.7,0.6,0.6,0.6,0.5,0.5,0.5,0.5,1.3,1.3,2.2,2.2,2.6,2.6,2.6,2.7,2.7,1.8,1.8,1.8,1.5,1.5,1.3,1.3,1.3,1.0,1.0,0.8,0.8,0.8,0.7,1.3,2.2,2.2,2.6,2.6,2.6,2.7,2.7,1.8,1.8,1.8,1.5,1.5,1.3,1.3,1.3,1.0,1.0,0.8,0.8,0.8,0.7,1.4,1.4,2.1,2.1,2.1,3.0,3.0,3.0,3.0,3.0,1.6,1.6,1.6,1.6,1.6,1.7,1.7,1.3,1.3,2.1,2.1,1.6,1.6,1.6,1.6,1.6,1.7,1.7,1.3
2026-10-06T01:00:00Z,0.3,0.4,0.4,0.5,0.5,0.5,0.1,0.1,0.1,0.0,0.3,0.3,0.3,0.4,0.4,0.5,0.5,0.5,0.1,0.1,0.1,0.4,0.0,0.0,0.0,0.3,0.3,0.3,0.4,0.4,0.5,0.5,0.5,0.1,0.1,0.4,0.4,0.0,0.0,0.2,0.2,0.1,0.1,0.1,0.5,0.5,0.7,0.7,0.7,0.4,0.4,0.4,0.4,0.4,0.0,0.0,0.0,0.2,0.2,0.1,0.1,0.1,0.5,0.5,0.7,0.7,0.7,0.4,0.4,0.4,0.4,0.4,0.0,0.0,0.0,0.0,0.0,0.0,0.0,0.0,0.0,0.0,0.0,0.1,0.1,0.1,0.9,0.9,1.4,1.4,1.4,1.0,0.8,0.8,0.6,0.6,0.6,0.9,0.2,0.0,0.0,0.0,0.0,0.0,0.0,0.0,0.0,0.0,0.0,0.0,0.1,0.1,0.1,0.9,0.9,1.4,1.4,1.4,1.4,1.0,1.0,0.8,0.8,0.6,0.6,0.6,0.6,0.2,0.0,0.0,0.0,0.0,0.0,0.0,0.0,0.0,0.0,0.0,0.0,0.0,0.1,0.1,0.1,0.9,0.9,1.4,1.4,1.4,1.4,1.0,1.0,1.0,0.8,0.8,0.6,0.6,0.6,0.0,0.0,0.0,0.0,0.0,0.0,0.0,0.0,0.1,0.1,0.4,0.4,0.4,0.4,0.4,1.1,1.1,1.1,1.9,1.9,1.4,1.4,1.4,0.5,0.5,0.2,0.2,0.2,0.4,0.4,0.4,0.4,0.4,0.0,0.0,0.0,0.0,0.0,0.0,0.0,0.0,0.0,0.0,0.1,0.1,0.4,0.4,0.4,0.4,0.4,1.1,1.1,1.1,1.9,1.9,1.4,1.4,1.4,0.5,0.5,0.2,0.2,0.2,0.4,0.4,0.4,0.4,0.4,0.0,0.0,0.0,0.0,0.0,0.0,0.0,0.1,0.1,0.1,2.1,2.1,2.5,2.5,2.5,1.3,1.3,1.4,1.4,1.4,0.9,0.9,0.2,0.2,0.2,0.1,0.1,0.1,0.1,0.1,0.0,0.0,0.0,0.0,0.0,0.0,0.0,0.0,0.0,0.0,0.0,0.0,0.0,0.0,0.1,0.1,0.1,2.1,2.1,2.5,2.5,2.5,1.3,1.3,1.4,1.4,1.4,0.9,0.9,0.2,0.2,0.2,0.1,0.1,0.1,0.1,0.1,0.0,0.0,0.0,0.0,0.0,0.0,0.0,0.0,0.0,0.0,0.0,0.4,0.0,0.0,0.0,0.1,0.1,0.1,2.1,2.1,2.5,2.5,2.5,1.3,1.3,1.4,1.4,1.4,0.9,0.9,0.2,0.2,0.2,0.1,0.1,0.1,0.1,0.1,0.0,0.0,0.0,0.0,0.0,0.0,0.0,0.0,0.0,0.0,0.4,0.4,0.0,0.0,0.0,0.1,0.1,0.1,0.2,0.2,0.3,0.3,0.3,0.3,0.3,0.3,0.3,0.3,0.1,0.1,0.1,0.1,0.1,0.5,0.5,0.4,0.4,0.4,0.1,0.1,0.1,0.1,0.1,0.3,0.3,0.1,0.1,0.1,0.4,0.4,0.0,0.0,0.0,0.1,0.1,0.1,0.2,0.2,0.3,0.3,0.3,0.3,0.3,0.3,0.3,0.3,0.1,0.1,0.1,0.1,0.1,0.5,0.5,0.4,0.4,0.4,0.1,0.1,0.1,0.1,0.1,0.3,0.3,0.1,0.1,0.1,0.4,0.4,0.1,0.1,0.1,0.2,0.2,0.2,0.1,0.1,0.1,0.1,0.1,0.1,0.1,0.1,0.1,0.1,0.4,0.4,1.5,1.5,1.5,2.5,2.5,3.6,3.6,3.6,0.5,0.5,0.4,0.4,0.4,0.6,0.6,0.8,0.8,0.8,0.9,0.9,0.1,0.1,0.1,0.2,0.2,0.2,0.1,0.1,0.1,0.1,0.1,0.1,0.1,0.1,0.1,0.1,0.4,0.4,1.5,1.5,1.5,2.5,2.5,3.6,3.6,3.6,0.5,0.5,0.4,0.4,0.4,0.6,0.6,0.8,0.8,0.8,0.9,0.9,0.1,0.1,0.2,0.2,0.2,0.1,0.1,0.1,0.1,0.1,0.1,0.1,0.1,0.1,0.1,0.4,0.4,1.5,1.5,1.5,2.5,2.5,3.6,3.6,3.6,0.5,0.5,0.4,0.4,0.4,0.6,0.6,1.1,0.8,0.8,0.9,0.9,4.4,0.8,0.8,0.8,0.5,0.5,0.3,0.3,0.3,0.2,0.2,0.3,0.3,0.3,2.4,2.4,1.1,1.1,1.1,1.9,1.9,0.4,0.4,0.4,1.0,1.0,2.6,2.6,2.6,0.9,0.9,1.1,1.1,1.1,1.1,1.1,0.8,0.8,0.8,0.5,0.5,0.3,0.3,0.3,0.2,0.2,0.3,0.3,0.3,2.4,2.4,1.1,1.1,1.1,1.9,1.9,0.4,0.4,0.4,1.0,1.0,2.6,2.6,2.6,0.9,0.9,1.1,1.1,1.1,1.1,0.8,0.8,0.8,0.3,0.3,0.6,0.6,0.6,0.4,0.4,0.4,0.4,0.4,0.3,0.3,0.2,0.2,0.2,0.3,0.3,1.9,1.9,1.9,1.1,1.1,1.2,1.2,1.2,1.3,1.3,1.3,1.3,1.3,0.8,0.8,0.3,0.3,0.6,0.6,0.6,0.4,0.4,0.4,0.4,0.4,0.3,0.3,0.2,0.2,0.2,0.3,0.3,1.9,1.9,1.9,1.1,1.1,1.2,1.2,1.2,1.3,1.3,0.8,0.8,0.3,0.3,0.6,0.6,0.6,0.4,0.4,0.4,0.4,0.4,0.3,0.3,0.2,0.2,0.2,0.3,0.3,1.9,1.9,1.9,1.1,1.1,1.2,1.2,0.2,0.2,0.9,0.9,0.8,0.8,0.8,0.8,0.8,1.0,1.0,1.0,0.3,0.3,0.3,0.3,0.3,1.2,1.2,1.5,1.5,1.5,1.3,0.2,0.9,0.9,0.8,0.8,0.8,0.8,0.8,1.0,1.0,1.0,0.3,0.3,0.3,0.3,0.3,1.2,1.2,1.5,1.5,1.5,1.3,0.1,0.1,0.8,0.8,0.8,0.9,0.9,0.5,0.5,0.5,0.4,0.4,0.6,0.6,0.6,1.9,1.9,1.7,1.7,0.8,0.8,0.4,0.4,0.6,0.6,0.6,1.9,1.9,1.7
2026-10-06T02:00:00Z,0.3,0.4,0.4,0.5,0.5,0.5,0.1,0.1,0.1,0.0,0.3,0.3,0.3,0.4,0.4,0.5,0.5,0.5,0.1,0.1,0.1,0.4,0.0,0.0,0.0,0.3,0.3,0.3,0.4,0.4,0.5,0.5,0.5,0.1,0.1,0.4,0.4,0.0,0.0,0.2,0.2,0.1,0.1,0.1,0.5,0.5,0.7,0.7,0.7,0.4,0.4,0.4,0.4,0.4,0.0,0.0,0.0,0.2,0.2,0.1,0.1,0.1,0.5,0.5,0.7,0.7,0.7,0.4,0.4,0.4,0.4,0.4,0.0,0.0,0.0,0.0,0.0,0.0,0.0,0.0,0.0,0.0,0.0,0.1,0.1,0.1,0.9,0.9,1.4,1.4,1.4,1.0,0.8,0.8,0.6,0.6,0.6,0.9,0.2,0.0,0.0,0.0,0.0,0.0,0.0,0.0,0.0,0.0,0.0,0.0,0.1,0.1,0.1,0.9,0.9,1.4,1.4,1.4,1.4,1.0,1.0,0.8,0.8,0.6,0.6,0.6,0.6,0.2,0.0,0.0,0.0,0.0,0.0,0.0,0.0,0.0,0.0,0.0,0.0,0.0,0.1,0.1,0.1,0.9,0.9,1.4,1.4,1.4,1.4,1.0,1.0,1.0,0.8,0.8,0.6,0.6,0.6,0.0,0.0,0.0,0.0,0.0,0.0,0.0,0.0,0.1,0.1,0.4,0.4,0.4,0.4,0.4,1.1,1.1,1.1,1.9,1.9,1.4,1.4,1.4,0.5,0.5,0.2,0.2,0.2,0.4,0.4,0.4,0.4,0.4,0.0,0.0,0.0,0.0,0.0,0.0,0.0,0.0,0.0,0.0,0.1,0.1,0.4,0.4,0.4,0.4,0.4,1.1,1.1,1.1,1.9,1.9,1.4,1.4,1.4,0.5,0.5,0.2,0.2,0.2,0.4,0.4,0.4,0.4,0.4,0.0,0.0,0.0,0.0,0.0,0.0,0.0,0.1,0.1,0.1,2.1,2.1,2.5,2.5,2.5,1.3,1.3,1.4,1.4,1.4,0.9,0.9,0.2,0.2,0.2,0.1,0.1,0.1,0.1,0.1,0.0,0.0,0.0,0.0,0.0,0.0,0.0,0.0,0.0,0.0,0.0,0.0,0.0,0.0,0.1,0.1,0.1,2.1,2.1,2.5,2.5,2.5,1.3,1.3,1.4,1.4,1.4,0.9,0.9,0.2,0.2,0.2,0.1,0.1,0.1,0.1,0.1,0.0,0.0,0.0,0.0,0.0,0.0,0.0,0.0,0.0,0.0,0.0,0.4,0.0,0.0,0.0,0.1,0.1,0.1,2.1,2.1,2.5,2.5,2.5,1.3,1.3,1.4,1.4,1.4,0.9,0.9,0.2,0.2,0.2,0.1,0.1,0.1,0.1,0.1,0.0,0.0,0.0,0.0,0.0,0.0,0.0,0.0,0.0,0.0,0.4,0.4,0.0,0.0,0.0,0.1,0.1,0.1,0.2,0.2,0.3,0.3,0.3,0.3,0.3,0.3,0.3,0.3,0.1,0.1,0.1,0.1,0.1,0.5,0.5,0.4,0.4,0.4,0.1,0.1,0.1,0.1,0.1,0.3,0.3,0.1,0.1,0.1,0.4,0.4,0.0,0.0,0.0,0.1,0.1,0.1,0.2,0.2,0.3,0.3,0.3,0.3,0.3,0.3,0.3,0.3,0.1,0.1,0.1,0.1,0.1,0.5,0.5,0.4,0.4,0.4,0.1,0.1,0.1,0.1,0.1,0.3,0.3,0.1,0.1,0.1,0.4,0.4,0.1,0.1,0.1,0.2,0.2,0.2,0.1,0.1,0.1,0.1,0.1,0.1,0.1,0.1,0.1,0.1,0.4,0.4,1.5,1.5,1.5,2.5,2.5,3.6,3.6,3.6,0.5,0.5,0.4,0.4,0.4,0.6,0.6,0.8,0.8,0.8,0.9,0.9,0.1,0.1,0.1,0.2,0.2,0.2,0.1,0.1,0.1,0.1,0.1,0.1,0.1,0.1,0.1,0.1,0.4,0.4,1.5,1.5,1.5,2.5,2.5,3.6,3.6,3.6,0.5,0.5,0.4,0.4,0.4,0.6,0.6,0.8,0.8,0.8,0.9,0.9,0.1,0.1,0.2,0.2,0.2,0.1,0.1,0.1,0.1,0.1,0.1,0.1,0.1,0.1,0.1,0.4,0.4,1.5,1.5,1.5,2.5,2.5,3.6,3.6,3.6,0.5,0.5,0.4,0.4,0.4,0.6,0.6,1.1,0.8,0.8,0.9,0.9,4.4,0.8,0.8,0.8,0.5,0.5,0.3,0.3,0.3,0.2,0.2,0.3,0.3,0.3,2.4,2.4,1.1,1.1,1.1,1.9,1.9,0.4,0.4,0.4,1.0,1.0,2.6,2.6,2.6,0.9,0.9,1.1,1.1,1.1,1.1,1.1,0.8,0.8,0.8,0.5,0.5,0.3,0.3,0.3,0.2,0.2,0.3,0.3,0.3,2.4,2.4,1.1,1.1,1.1,1.9,1.9,0.4,0.4,0.4,1.0,1.0,2.6,2.6,2.6,0.9,0.9,1.1,1.1,1.1,1.1,0.8,0.8,0.8,0.3,0.3,0.6,0.6,0.6,0.4,0.4,0.4,0.4,0.4,0.3,0.3,0.2,0.2,0.2,0.3,0.3,1.9,1.9,1.9,1.1,1.1,1.2,1.2,1.2,1.3,1.3,1.3,1.3,1.3,0.8,0.8,0.3,0.3,0.6,0.6,0.6,0.4,0.4,0.4,0.4,0.4,0.3,0.3,0.2,0.2,0.2,0.3,0.3,1.9,1.9,1.9,1.1,1.1,1.2,1.2,1.2,1.3,1.3,0.8,0.8,0.3,0.3,0.6,0.6,0.6,0.4,0.4,0.4,0.4,0.4,0.3,0.3,0.2,0.2,0.2,0.3,0.3,1.9,1.9,1.9,1.1,1.1,1.2,1.2,0.2,0.2,0.9,0.9,0.8,0.8,0.8,0.8,0.8,1.0,1.0,1.0,0.3,0.3,0.3,0.3,0.3,1.2,1.2,1.5,1.5,1.5,1.3,0.2,0.9,0.9,0.8,0.8,0.8,0.8,0.8,1.0,1.0,1.0,0.3,0.3,0.3,0.3,0.3,1.2,1.2,1.5,1.5,1.5,1.3,0.1,0.1,0.8,0.8,0.8,0.9,0.9,0.5,0.5,0.5,0.4,0.4,0.6,0.6,0.6,1.9,1.9,1.7,1.7,0.8,0.8,0.4,0.4,0.6,0.6,0.6,1.9,1.9,1.7
2026-10-06T03:00:00Z,0.3,0.4,0.4,0.5,0.5,0.5,0.1,0.1,0.1,0.0,0.3,0.3,0.3,0.4,0.4,0.5,0.5,0.5,0.1,0.1,0.1,0.4,0.0,0.0,0.0,0.3,0.3,0.3,0.4,0.4,0.5,0.5,0.5,0.1,0.1,0.4,0.4,0.0,0.0,0.2,0.2,0.1,0.1,0.1,0.5,0.5,0.7,0.7,0.7,0.4,0.4,0.4,0.4,0.4,0.0,0.0,0.0,0.2,0.2,0.1,0.1,0.1,0.5,0.5,0.7,0.7,0.7,0.4,0.4,0.4,0.4,0.4,0.0,0.0,0.0,0.0,0.0,0.0,0.0,0.0,0.0,0.0,0.0,0.1,0.1,0.1,0.9,0.9,1.4,1.4,1.4,1.0,0.8,0.8,0.6,0.6,0.6,0.9,0.2,0.0,0.0,0.0,0.0,0.0,0.0,0.0,0.0,0.0,0.0,0.0,0.1,0.1,0.1,0.9,0.9,1.4,1.4,1.4,1.4,1.0,1.0,0.8,0.8,0.6,0.6,0.6,0.6,0.2,0.0,0.0,0.0,0.0,0.0,0.0,0.0,0.0,0.0,0.0,0.0,0.0,0.1,0.1,0.1,0.9,0.9,1.4,1.4,1.4,1.4,1.0,1.0,1.0,0.8,0.8,0.6,0.6,0.6,0.0,0.0,0.0,0.0,0.0,0.0,0.0,0.0,0.1,0.1,0.4,0.4,0.4,0.4,0.4,1.1,1.1,1.1,1.9,1.9,1.4,1.4,1.4,0.5,0.5,0.2,0.2,0.2,0.4,0.4,0.4,0.4,0.4,0.0,0.0,0.0,0.0,0.0,0.0,0.0,0.0,0.0,0.0,0.1,0.1,0.4,0.4,0.4,0.4,0.4,1.1,1.1,1.1,1.9,1.9,1.4,1.4,1.4,0.5,0.5,0.2,0.2,0.2,0.4,0.4,0.4,0.4,0.4,0.0,0.0,0.0,0.0,0.0,0.0,0.0,0.1,0.1,0.1,2.1,2.1,2.5,2.5,2.5,1.3,1.3,1.4,1.4,1.4,0.9,0.9,0.2,0.2,0.2,0.1,0.1,0.1,0.1,0.1,0.0,0.0,0.0,0.0,0.0,0.0,0.0,0.0,0.0,0.0,0.0,0.0,0.0,0.0,0.1,0.1,0.1,2.1,2.1,2.5,2.5,2.5,1.3,1.3,1.4,1.4,1.4,0.9,0.9,0.2,0.2,0.2,0.1,0.1,0.1,0.1,0.1,0.0,0.0,0.0,0.0,0.0,0.0,0.0,0.0,0.0,0.0,0.0,0.4,0.0,0.0,0.0,0.1,0.1,0.1,2.1,2.1,2.5,2.5,2.5,1.3,1.3,1.4,1.4,1.4,0.9,0.9,0.2,0.2,0.2,0.1,0.1,0.1,0.1,0.1,0.0,0.0,0.0,0.0,0.0,0.0,0.0,0.0,0.0,0.0,0.4,0.4,0.0,0.0,0.0,0.1,0.1,0.1,0.2,0.2,0.3,0.3,0.3,0.3,0.3,0.3,0.3,0.3,0.1,0.1,0.1,0.1,0.1,0.5,0.5,0.4,0.4,0.4,0.1,0.1,0.1,0.1,0.1,0.3,0.3,0.1,0.1,0.1,0.4,0.4,0.0,0.0,0.0,0.1,0.1,0.1,0.2,0.2,0.3,0.3,0.3,0.3,0.3,0.3,0.3,0.3,0.1,0.1,0.1,0.1,0.1,0.5,0.5,0.4,0.4,0.4,0.1,0.1,0.1,0.1,0.1,0.3,0.3,0.1,0.1,0.1,0.4,0.4,0.1,0.1,0.1,0.2,0.2,0.2,0.1,0.1,0.1,0.1,0.1,0.1,0.1,0.1,0.1,0.1,0.4,0.4,1.5,1.5,1.5,2.5,2.5,3.6,3.6,3.6,0.5,0.5,0.4,0.4,0.4,0.6,0.6,0.8,0.8,0.8,0.9,0.9,0.1,0.1,0.1,0.2,0.2,0.2,0.1,0.1,0.1,0.1,0.1,0.1,0.1,0.1,0.1,0.1,0.4,0.4,1.5,1.5,1.5,2.5,2.5,3.6,3.6,3.6,0.5,0.5,0.4,0.4,0.4,0.6,0.6,0.8,0.8,0.8,0.9,0.9,0.1,0.1,0.2,0.2,0.2,0.1,0.1,0.1,0.1,0.1,0.1,0.1,0.1,0.1,0.1,0.4,0.4,1.5,1.5,1.5,2.5,2.5,3.6,3.6,3.6,0.5,0.5,0.4,0.4,0.4,0.6,0.6,1.1,0.8,0.8,0.9,0.9,4.4,0.8,0.8,0.8,0.5,0.5,0.3,0.3,0.3,0.2,0.2,0.3,0.3,0.3,2.4,2.4,1.1,1.1,1.1,1.9,1.9,0.4,0.4,0.4,1.0,1.0,2.6,2.6,2.6,0.9,0.9,1.1,1.1,1.1,1.1,1.1,0.8,0.8,0.8,0.5,0.5,0.3,0.3,0.3,0.2,0.2,0.3,0.3,0.3,2.4,2.4,1.1,1.1,1.1,1.9,1.9,0.4,0.4,0.4,1.0,1.0,2.6,2.6,2.6,0.9,0.9,1.1,1.1,1.1,1.1,0.8,0.8,0.8,0.3,0.3,0.6,0.6,0.6,0.4,0.4,0.4,0.4,0.4,0.3,0.3,0.2,0.2,0.2,0.3,0.3,1.9,1.9,1.9,1.1,1.1,1.2,1.2,1.2,1.3,1.3,1.3,1.3,1.3,0.8,0.8,0.3,0.3,0.6,0.6,0.6,0.4,0.4,0.4,0.4,0.4,0.3,0.3,0.2,0.2,0.2,0.3,0.3,1.9,1.9,1.9,1.1,1.1,1.2,1.2,1.2,1.3,1.3,0.8,0.8,0.3,0.3,0.6,0.6,0.6,0.4,0.4,0.4,0.4,0.4,0.3,0.3,0.2,0.2,0.2,0.3,0.3,1.9,1.9,1.9,1.1,1.1,1.2,1.2,0.2,0.2,0.9,0.9,0.8,0.8,0.8,0.8,0.8,1.0,1.0,1.0,0.3,0.3,0.3,0.3,0.3,1.2,1.2,1.5,1.5,1.5,1.3,0.2,0.9,0.9,0.8,0.8,0.8,0.8,0.8,1.0,1.0,1.0,0.3,0.3,0.3,0.3,0.3,1.2,1.2,1.5,1.5,1.5,1.3,0.1,0.1,0.8,0.8,0.8,0.9,0.9,0.5,0.5,0.5,0.4,0.4,0.6,0.6,0.6,1.9,1.9,1.7,1.7,0.8,0.8,0.4,0.4,0.6,0.6,0.6,1.9,1.9,1.7
2026-10-06T04:00:00Z,0.0,0.0,0.0,0.0,0.0,0.0,0.1,0.1,0.1,0.0,0.0,0.0,0.0,0.0,0.0,0.0,0.0,0.0,0.1,0.1,0.1,0.5,0.0,0.0,0.0,0.0,0.0,0.0,0.0,0.0,0.0,0.0,0.0,0.1,0.1,0.5,0.5,0.0,0.0,0.0,0.0,0.0,0.0,0.0,0.0,0.0,0.1,0.1,0.1,0.2,0.2,0.5,0.5,0.5,0.0,0.0,0.0,0.0,0.0,0.0,0.0,0.0,0.0,0.0,0.1,0.1,0.1,0.2,0.2,0.5,0.5,0.5,0.0,0.0,0.0,0.0,0.0,0.0,0.0,0.0,0.0,0.1,0.1,0.2,0.2,0.2,0.4,0.4,0.7,0.7,0.7,1.3,0.8,0.8,2.2,2.2,2.2,1.1,1.4,0.0,0.0,0.0,0.0,0.0,0.0,0.0,0.0,0.0,0.1,0.1,0.2,0.2,0.2,0.4,0.4,0.7,0.7,0.7,1.8,1.3,1.3,0.8,0.8,2.2,2.2,2.2,2.2,1.4,0.8,0.0,0.0,0.0,0.0,0.0,0.0,0.0,0.0,0.0,0.1,0.1,0.2,0.2,0.2,0.4,0.4,0.7,0.7,0.7,1.8,1.3,1.3,1.3,0.8,0.8,2.2,2.2,2.2,6.2,6.2,6.2,0.8,0.0,0.1,0.1,0.1,0.0,0.0,0.0,0.0,0.0,0.0,0.0,0.0,0.0,0.0,0.8,0.8,1.0,1.0,1.0,1.2,1.2,1.4,1.4,1.4,1.5,1.5,2.7,2.7,2.7,6.2,6.2,6.2,0.6,0.6,0.0,0.0,0.1,0.1,0.1,0.0,0.0,0.0,0.0,0.0,0.0,0.0,0.0,0.0,0.0,0.8,0.8,1.0,1.0,1.0,1.2,1.2,1.4,1.4,1.4,1.5,1.5,2.7,2.7,2.7,6.2,6.2,6.2,0.3,0.3,0.0,0.0,0.0,0.0,0.0,0.0,0.0,0.0,0.0,0.0,0.0,0.0,0.4,0.4,0.4,0.2,0.2,0.0,0.0,0.0,0.0,0.0,0.2,0.2,0.2,0.1,0.1,0.1,0.1,0.1,0.4,0.4,0.3,0.3,0.3,0.3,0.0,0.0,0.0,0.0,0.0,0.0,0.0,0.0,0.0,0.0,0.0,0.0,0.0,0.4,0.4,0.4,0.2,0.2,0.0,0.0,0.0,0.0,0.0,0.2,0.2,0.2,0.1,0.1,0.1,0.1,0.1,0.4,0.4,0.3,0.3,0.3,0.3,0.1,0.0,0.0,0.0,0.0,0.0,0.0,0.0,0.0,0.0,0.0,0.0,0.0,0.0,0.4,0.4,0.4,0.2,0.2,0.0,0.0,0.0,0.0,0.0,0.2,0.2,0.2,0.1,0.1,0.1,0.1,0.1,0.4,0.4,0.3,0.3,0.3,0.1,0.1,0.0,0.0,0.0,0.0,0.0,0.0,0.0,0.0,0.0,0.0,0.0,0.0,0.0,0.0,0.0,0.0,0.0,0.0,0.0,0.0,0.0,0.0,0.0,0.2,0.2,0.2,0.3,0.3,0.2,0.2,0.2,0.3,0.3,0.5,0.5,0.5,0.1,0.1,0.0,0.0,0.0,0.0,0.0,0.0,0.0,0.0,0.0,0.0,0.0,0.0,0.0,0.0,0.0,0.0,0.0,0.0,0.0,0.0,0.0,0.0,0.0,0.2,0.2,0.2,0.3,0.3,0.2,0.2,0.2,0.3,0.3,0.5,0.5,0.5,0.1,0.1,0.0,0.0,0.0,0.0,0.0,0.0,0.0,0.0,0.1,0.1,0.1,0.0,0.0,0.0,0.0,0.0,0.0,0.0,0.0,0.0,0.0,0.1,0.1,1.3,1.3,1.3,0.3,0.3,0.4,0.4,0.4,0.4,0.4,0.2,0.2,0.2,0.1,0.1,0.0,0.0,0.0,0.0,0.0,0.0,0.0,0.0,0.1,0.1,0.1,0.0,0.0,0.0,0.0,0.0,0.0,0.0,0.0,0.0,0.0,0.1,0.1,1.3,1.3,1.3,0.3,0.3,0.4,0.4,0.4,0.4,0.4,0.2,0.2,0.2,0.1,0.1,0.0,0.0,0.0,0.0,0.0,0.0,0.0,0.1,0.1,0.1,0.0,0.0,0.0,0.0,0.0,0.0,0.0,0.0,0.0,0.0,0.1,0.1,1.3,1.3,1.3,0.3,0.3,0.4,0.4,0.4,0.4,0.4,0.1,0.2,0.2,0.1,0.1,0.0,0.1,0.1,0.1,0.1,0.1,0.1,0.1,0.1,0.0,0.0,0.0,0.0,0.0,0.0,0.0,0.0,0.0,0.0,0.1,0.1,0.0,0.0,0.0,0.0,0.0,0.6,0.6,0.6,0.2,0.2,0.1,0.1,0.1,0.2,0.2,0.1,0.1,0.1,0.1,0.1,0.1,0.1,0.1,0.0,0.0,0.0,0.0,0.0,0.0,0.0,0.0,0.0,0.0,0.1,0.1,0.0,0.0,0.0,0.0,0.0,0.6,0.6,0.6,0.2,0.2,0.1,0.1,0.1,0.1,0.0,0.0,0.0,0.0,0.0,0.0,0.0,0.0,0.0,0.0,0.0,0.0,0.0,0.0,0.0,0.0,0.0,0.0,0.0,0.0,0.0,0.0,0.0,0.0,0.0,0.0,0.0,0.0,0.2,0.2,0.2,0.2,0.2,0.0,0.0,0.0,0.0,0.0,0.0,0.0,0.0,0.0,0.0,0.0,0.0,0.0,0.0,0.0,0.0,0.0,0.0,0.0,0.0,0.0,0.0,0.0,0.0,0.0,0.0,0.0,0.2,0.2,0.0,0.0,0.0,0.0,0.0,0.0,0.0,0.0,0.0,0.0,0.0,0.0,0.0,0.0,0.0,0.0,0.0,0.0,0.0,0.0,0.0,0.0,0.0,0.0,0.0,0.0,0.0,0.0,0.0,0.0,0.0,0.0,0.0,0.0,0.0,0.0,0.0,0.0,0.0,0.0,0.1,0.1,0.1,0.1,0.1,0.0,0.0,0.0,0.0,0.0,0.0,0.0,0.0,0.0,0.0,0.0,0.0,0.0,0.0,0.0,0.0,0.0,0.1,0.1,0.1,0.1,0.1,0.0,0.0,0.0,0.0,0.0,0.0,0.0,0.0,0.0,0.0,0.0,0.0,0.0,0.0,0.2,0.2,0.3,0.3,0.3,0.1,0.1,0.1,0.1,0.0,0.0,0.2,0.2,0.3,0.3,0.3,0.1,0.1,0.1
2026-10-06T05:00:00Z,0.0,0.0,0.0,0.0,0.0,0.0,0.1,0.1,0.1,0.0,0.0,0.0,0.0,0.0,0.0,0.0,0.0,0.0,0.1,0.1,0.1,0.5,0.0,0.0,0.0,0.0,0.0,0.0,0.0,0.0,0.0,0.0,0.0,0.1,0.1,0.5,0.5,0.0,0.0,0.0,0.0,0.0,0.0,0.0,0.0,0.0,0.1,0.1,0.1,0.2,0.2,0.5,0.5,0.5,0.0,0.0,0.0,0.0,0.0,0.0,0.0,0.0,0.0,0.0,0.1,0.1,0.1,0.2,0.2,0.5,0.5,0.5,0.0,0.0,0.0,0.0,0.0,0.0,0.0,0.0,0.0,0.1,0.1,0.2,0.2,0.2,0.4,0.4,0.7,0.7,0.7,1.3,0.8,0.8,2.2,2.2,2.2,1.1,1.4,0.0,0.0,0.0,0.0,0.0,0.0,0.0,0.0,0.0,0.1,0.1,0.2,0.2,0.2,0.4,0.4,0.7,0.7,0.7,1.8,1.3,1.3,0.8,0.8,2.2,2.2,2.2,2.2,1.4,0.8,0.0,0.0,0.0,0.0,0.0,0.0,0.0,0.0,0.0,0.1,0.1,0.2,0.2,0.2,0.4,0.4,0.7,0.7,0.7,1.8,1.3,1.3,1.3,0.8,0.8,2.2,2.2,2.2,6.2,6.2,6.2,0.8,0.0,0.1,0.1,0.1,0.0,0.0,0.0,0.0,0.0,0.0,0.0,0.0,0.0,0.0,0.8,0.8,1.0,1.0,1.0,1.2,1.2,1.4,1.4,1.4,1.5,1.5,2.7,2.7,2.7,6.2,6.2,6.2,0.6,0.6,0.0,0.0,0.1,0.1,0.1,0.0,0.0,0.0,0.0,0.0,0.0,0.0,0.0,0.0,0.0,0.8,0.8,1.0,1.0,1.0,1.2,1.2,1.4,1.4,1.4,1.5,1.5,2.7,2.7,2.7,6.2,6.2,6.2,0.3,0.3,0.0,0.0,0.0,0.0,0.0,0.0,0.0,0.0,0.0,0.0,0.0,0.0,0.4,0.4,0.4,0.2,0.2,0.0,0.0,0.0,0.0,0.0,0.2,0.2,0.2,0.1,0.1,0.1,0.1,0.1,0.4,0.4,0.3,0.3,0.3,0.3,0.0,0.0,0.0,0.0,0.0,0.0,0.0,0.0,0.0,0.0,0.0,0.0,0.0,0.4,0.4,0.4,0.2,0.2,0.0,0.0,0.0,0.0,0.0,0.2,0.2,0.2,0.1,0.1,0.1,0.1,0.1,0.4,0.4,0.3,0.3,0.3,0.3,0.1,0.0,0.0,0.0,0.0,0.0,0.0,0.0,0.0,0.0,0.0,0.0,0.0,0.0,0.4,0.4,0.4,0.2,0.2,0.0,0.0,0.0,0.0,0.0,0.2,0.2,0.2,0.1,0.1,0.1,0.1,0.1,0.4,0.4,0.3,0.3,0.3,0.1,0.1,0.0,0.0,0.0,0.0,0.0,0.0,0.0,0.0,0.0,0.0,0.0,0.0,0.0,0.0,0.0,0.0,0.0,0.0,0.0,0.0,0.0,0.0,0.0,0.2,0.2,0.2,0.3,0.3,0.2,0.2,0.2,0.3,0.3,0.5,0.5,0.5,0.1,0.1,0.0,0.0,0.0,0.0,0.0,0.0,0.0,0.0,0.0,0.0,0.0,0.0,0.0,0.0,0.0,0.0,0.0,0.0,0.0,0.0,0.0,0.0,0.0,0.2,0.2,0.2,0.3,0.3,0.2,0.2,0.2,0.3,0.3,0.5,0.5,0.5,0.1,0.1,0.0,0.0,0.0,0.0,0.0,0.0,0.0,0.0,0.1,0.1,0.1,0.0,0.0,0.0,0.0,0.0,0.0,0.0,0.0,0.0,0.0,0.1,0.1,1.3,1.3,1.3,0.3,0.3,0.4,0.4,0.4,0.4,0.4,0.2,0.2,0.2,0.1,0.1,0.0,0.0,0.0,0.0,0.0,0.0,0.0,0.0,0.1,0.1,0.1,0.0,0.0,0.0,0.0,0.0,0.0,0.0,0.0,0.0,0.0,0.1,0.1,1.3,1.3,1.3,0.3,0.3,0.4,0.4,0.4,0.4,0.4,0.2,0.2,0.2,0.1,0.1,0.0,0.0,0.0,0.0,0.0,0.0,0.0,0.1,0.1,0.1,0.0,0.0,0.0,0.0,0.0,0.0,0.0,0.0,0.0,0.0,0.1,0.1,1.3,1.3,1.3,0.3,0.3,0.4,0.4,0.4,0.4,0.4,0.1,0.2,0.2,0.1,0.1,0.0,0.1,0.1,0.1,0.1,0.1,0.1,0.1,0.1,0.0,0.0,0.0,0.0,0.0,0.0,0.0,0.0,0.0,0.0,0.1,0.1,0.0,0.0,0.0,0.0,0.0,0.6,0.6,0.6,0.2,0.2,0.1,0.1,0.1,0.2,0.2,0.1,0.1,0.1,0.1,0.1,0.1,0.1,0.1,0.0,0.0,0.0,0.0,0.0,0.0,0.0,0.0,0.0,0.0,0.1,0.1,0.0,0.0,0.0,0.0,0.0,0.6,0.6,0.6,0.2,0.2,0.1,0.1,0.1,0.1,0.0,0.0,0.0,0.0,0.0,0.0,0.0,0.0,0.0,0.0,0.0,0.0,0.0,0.0,0.0,0.0,0.0,0.0,0.0,0.0,0.0,0.0,0.0,0.0,0.0,0.0,0.0,0.0,0.2,0.2,0.2,0.2,0.2,0.0,0.0,0.0,0.0,0.0,0.0,0.0,0.0,0.0,0.0,0.0,0.0,0.0,0.0,0.0,0.0,0.0,0.0,0.0,0.0,0.0,0.0,0.0,0.0,0.0,0.0,0.0,0.2,0.2,0.0,0.0,0.0,0.0,0.0,0.0,0.0,0.0,0.0,0.0,0.0,0.0,0.0,0.0,0.0,0.0,0.0,0.0,0.0,0.0,0.0,0.0,0.0,0.0,0.0,0.0,0.0,0.0,0.0,0.0,0.0,0.0,0.0,0.0,0.0,0.0,0.0,0.0,0.0,0.0,0.1,0.1,0.1,0.1,0.1,0.0,0.0,0.0,0.0,0.0,0.0,0.0,0.0,0.0,0.0,0.0,0.0,0.0,0.0,0.0,0.0,0.0,0.1,0.1,0.1,0.1,0.1,0.0,0.0,0.0,0.0,0.0,0.0,0.0,0.0,0.0,0.0,0.0,0.0,0.0,0.0,0.2,0.2,0.3,0.3,0.3,0.1,0.1,0.1,0.1,0.0,0.0,0.2,0.2,0.3,0.3,0.3,0.1,0.1,0.1
2026-10-06T06:00:00Z,0.0,0.0,0.0,0.0,0.0,0.0,0.1,0.1,0.1,0.0,0.0,0.0,0.0,0.0,0.0,0.0,0.0,0.0,0.1,0.1,0.1,0.5,0.0,0.0,0.0,0.0,0.0,0.0,0.0,0.0,0.0,0.0,0.0,0.1,0.1,0.5,0.5,0.0,0.0,0.0,0.0,0.0,0.0,0.0,0.0,0.0,0.1,0.1,0.1,0.2,0.2,0.5,0.5,0.5,0.0,0.0,0.0,0.0,0.0,0.0,0.0,0.0,0.0,0.0,0.1,0.1,0.1,0.2,0.2,0.5,0.5,0.5,0.0,0.0,0.0,0.0,0.0,0.0,0.0,0.0,0.0,0.1,0.1,0.2,0.2,0.2,0.4,0.4,0.7,0.7,0.7,1.3,0.8,0.8,2.2,2.2,2.2,1.1,1.4,0.0,0.0,0.0,0.0,0.0,0.0,0.0,0.0,0.0,0.1,0.1,0.2,0.2,0.2,0.4,0.4,0.7,0.7,0.7,1.8,1.3,1.3,0.8,0.8,2.2,2.2,2.2,2.2,1.4,0.8,0.0,0.0,0.0,0.0,0.0,0.0,0.0,0.0,0.0,0.1,0.1,0.2,0.2,0.2,0.4,0.4,0.7,0.7,0.7,1.8,1.3,1.3,1.3,0.8,0.8,2.2,2.2,2.2,6.2,6.2,6.2,0.8,0.0,0.1,0.1,0.1,0.0,0.0,0.0,0.0,0.0,0.0,0.0,0.0,0.0,0.0,0.8,0.8,1.0,1.0,1.0,1.2,1.2,1.4,1.4,1.4,1.5,1.5,2.7,2.7,2.7,6.2,6.2,6.2,0.6,0.6,0.0,0.0,0.1,0.1,0.1,0.0,0.0,0.0,0.0,0.0,0.0,0.0,0.0,0.0,0.0,0.8,0.8,1.0,1.0,1.0,1.2,1.2,1.4,1.4,1.4,1.5,1.5,2.7,2.7,2.7,6.2,6.2,6.2,0.3,0.3,0.0,0.0,0.0,0.0,0.0,0.0,0.0,0.0,0.0,0.0,0.0,0.0,0.4,0.4,0.4,0.2,0.2,0.0,0.0,0.0,0.0,0.0,0.2,0.2,0.2,0.1,0.1,0.1,0.1,0.1,0.4,0.4,0.3,0.3,0.3,0.3,0.0,0.0,0.0,0.0,0.0,0.0,0.0,0.0,0.0,0.0,0.0,0.0,0.0,0.4,0.4,0.4,0.2,0.2,0.0,0.0,0.0,0.0,0.0,0.2,0.2,0.2,0.1,0.1,0.1,0.1,0.1,0.4,0.4,0.3,0.3,0.3,0.3,0.1,0.0,0.0,0.0,0.0,0.0,0.0,0.0,0.0,0.0,0.0,0.0,0.0,0.0,0.4,0.4,0.4,0.2,0.2,0.0,0.0,0.0,0.0,0.0,0.2,0.2,0.2,0.1,0.1,0.1,0.1,0.1,0.4,0.4,0.3,0.3,0.3,0.1,0.1,0.0,0.0,0.0,0.0,0.0,0.0,0.0,0.0,0.0,0.0,0.0,0.0,0.0,0.0,0.0,0.0,0.0,0.0,0.0,0.0,0.0,0.0,0.0,0.2,0.2,0.2,0.3,0.3,0.2,0.2,0.2,0.3,0.3,0.5,0.5,0.5,0.1,0.1,0.0,0.0,0.0,0.0,0.0,0.0,0.0,0.0,0.0,0.0,0.0,0.0,0.0,0.0,0.0,0.0,0.0,0.0,0.0,0.0,0.0,0.0,0.0,0.2,0.2,0.2,0.3,0.3,0.2,0.2,0.2,0.3,0.3,0.5,0.5,0.5,0.1,0.1,0.0,0.0,0.0,0.0,0.0,0.0,0.0,0.0,0.1,0.1,0.1,0.0,0.0,0.0,0.0,0.0,0.0,0.0,0.0,0.0,0.0,0.1,0.1,1.3,1.3,1.3,0.3,0.3,0.4,0.4,0.4,0.4,0.4,0.2,0.2,0.2,0.1,0.1,0.0,0.0,0.0,0.0,0.0,0.0,0.0,0.0,0.1,0.1,0.1,0.0,0.0,0.0,0.0,0.0,0.0,0.0,0.0,0.0,0.0,0.1,0.1,1.3,1.3,1.3,0.3,0.3,0.4,0.4,0.4,0.4,0.4,0.2,0.2,0.2,0.1,0.1,0.0,0.0,0.0,0.0,0.0,0.0,0.0,0.1,0.1,0.1,0.0,0.0,0.0,0.0,0.0,0.0,0.0,0.0,0.0,0.0,0.1,0.1,1.3,1.3,1.3,0.3,0.3,0.4,0.4,0.4,0.4,0.4,0.1,0.2,0.2,0.1,0.1,0.0,0.1,0.1,0.1,0.1,0.1,0.1,0.1,0.1,0.0,0.0,0.0,0.0,0.0,0.0,0.0,0.0,0.0,0.0,0.1,0.1,0.0,0.0,0.0,0.0,0.0,0.6,0.6,0.6,0.2,0.2,0.1,0.1,0.1,0.2,0.2,0.1,0.1,0.1,0.1,0.1,0.1,0.1,0.1,0.0,0.0,0.0,0.0,0.0,0.0,0.0,0.0,0.0,0.0,0.1,0.1,0.0,0.0,0.0,0.0,0.0,0.6,0.6,0.6,0.2,0.2,0.1,0.1,0.1,0.1,0.0,0.0,0.0,0.0,0.0,0.0,0.0,0.0,0.0,0.0,0.0,0.0,0.0,0.0,0.0,0.0,0.0,0.0,0.0,0.0,0.0,0.0,0.0,0.0,0.0,0.0,0.0,0.0,0.2,0.2,0.2,0.2,0.2,0.0,0.0,0.0,0.0,0.0,0.0,0.0,0.0,0.0,0.0,0.0,0.0,0.0,0.0,0.0,0.0,0.0,0.0,0.0,0.0,0.0,0.0,0.0,0.0,0.0,0.0,0.0,0.2,0.2,0.0,0.0,0.0,0.0,0.0,0.0,0.0,0.0,0.0,0.0,0.0,0.0,0.0,0.0,0.0,0.0,0.0,0.0,0.0,0.0,0.0,0.0,0.0,0.0,0.0,0.0,0.0,0.0,0.0,0.0,0.0,0.0,0.0,0.0,0.0,0.0,0.0,0.0,0.0,0.0,0.1,0.1,0.1,0.1,0.1,0.0,0.0,0.0,0.0,0.0,0.0,0.0,0.0,0.0,0.0,0.0,0.0,0.0,0.0,0.0,0.0,0.0,0.1,0.1,0.1,0.1,0.1,0.0,0.0,0.0,0.0,0.0,0.0,0.0,0.0,0.0,0.0,0.0,0.0,0.0,0.0,0.2,0.2,0.3,0.3,0.3,0.1,0.1,0.1,0.1,0.0,0.0,0.2,0.2,0.3,0.3,0.3,0.1,0.1,0.1
2026-10-06T07:00:00Z,0.0,0.0,0.0,0.0,0.0,0.0,0.1,0.1,0.1,0.0,0.0,0.0,0.0,0.0,0.0,0.0,0.0,0.0,0.1,0.1,0.1,0.1,0.0,0.0,0.0,0.0,0.0,0.0,0.0,0.0,0.0,0.0,0.0,0.1,0.1,0.1,0.1,0.0,0.0,0.0,0.0,0.0,0.0,0.0,0.0,0.0,0.0,0.0,0.0,0.1,0.1,0.1,0.1,0.1,0.0,0.0,0.0,0.0,0.0,0.0,0.0,0.0,0.0,0.0,0.0,0.0,0.0,0.1,0.1,0.1,0.1,0.1,0.0,0.0,0.0,0.0,0.0,0.0,0.0,0.0,0.0,0.0,0.0,0.0,0.0,0.0,0.1,0.1,0.1,0.1,0.1,2.2,2.4,2.4,4.8,4.8,4.8,0.9,4.1,0.0,0.0,0.0,0.0,0.0,0.0,0.0,0.0,0.0,0.0,0.0,0.0,0.0,0.0,0.1,0.1,0.1,0.1,0.1,0.5,2.2,2.2,2.4,2.4,4.8,4.8,4.8,4.8,4.1,0.6,0.0,0.0,0.0,0.0,0.0,0.0,0.0,0.0,0.0,0.0,0.0,0.0,0.0,0.0,0.1,0.1,0.1,0.1,0.1,0.5,2.2,2.2,2.2,2.4,2.4,4.8,4.8,4.8,6.1,6.1,6.1,0.6,0.0,0.0,0.0,0.0,0.0,0.0,0.0,0.0,0.0,0.1,0.1,0.0,0.0,0.0,0.1,0.1,3.3,3.3,3.3,0.6,0.6,0.5,0.5,0.5,0.0,0.0,0.2,0.2,0.2,6.1,6.1,6.1,0.4,0.4,0.0,0.0,0.0,0.0,0.0,0.0,0.0,0.0,0.0,0.0,0.1,0.1,0.0,0.0,0.0,0.1,0.1,3.3,3.3,3.3,0.6,0.6,0.5,0.5,0.5,0.0,0.0,0.2,0.2,0.2,6.1,6.1,6.1,0.0,0.0,0.0,0.0,0.0,0.0,0.0,0.0,0.0,0.0,0.0,0.0,0.1,0.1,1.0,1.0,1.0,1.0,1.0,0.2,0.2,0.2,0.0,0.0,0.0,0.0,0.0,0.0,0.0,0.0,0.0,0.0,0.1,0.1,0.0,0.0,0.0,0.0,0.0,0.0,0.0,0.0,0.0,0.0,0.0,0.0,0.0,0.0,0.0,0.1,0.1,1.0,1.0,1.0,1.0,1.0,0.2,0.2,0.2,0.0,0.0,0.0,0.0,0.0,0.0,0.0,0.0,0.0,0.0,0.1,0.1,0.0,0.0,0.0,0.0,0.0,0.0,0.0,0.0,0.0,0.0,0.0,0.0,0.0,0.0,0.0,0.0,0.1,0.1,1.0,1.0,1.0,1.0,1.0,0.2,0.2,0.2,0.0,0.0,0.0,0.0,0.0,0.0,0.0,0.0,0.0,0.0,0.1,0.1,0.0,0.0,0.0,0.0,0.0,0.0,0.0,0.0,0.0,0.0,0.0,0.0,0.0,0.1,0.1,0.1,0.1,0.1,0.7,0.7,0.7,0.0,0.0,0.0,0.0,0.0,0.0,0.0,0.0,0.0,0.0,0.0,0.0,0.1,0.1,0.1,0.7,0.7,0.0,0.0,0.0,0.0,0.0,0.0,0.0,0.0,0.0,0.0,0.0,0.0,0.0,0.1,0.1,0.1,0.1,0.1,0.7,0.7,0.7,0.0,0.0,0.0,0.0,0.0,0.0,0.0,0.0,0.0,0.0,0.0,0.0,0.1,0.1,0.1,0.7,0.7,0.0,0.0,0.0,0.0,0.0,0.0,0.0,0.0,0.0,0.0,0.0,0.1,0.1,0.1,0.1,0.1,0.0,0.0,0.0,0.0,0.0,0.0,0.0,0.0,0.0,0.0,0.0,0.0,0.2,0.2,0.2,1.2,1.2,0.1,0.1,0.1,0.0,0.0,0.0,0.0,0.0,0.3,0.3,0.0,0.0,0.0,0.0,0.0,0.0,0.1,0.1,0.1,0.1,0.1,0.0,0.0,0.0,0.0,0.0,0.0,0.0,0.0,0.0,0.0,0.0,0.0,0.2,0.2,0.2,1.2,1.2,0.1,0.1,0.1,0.0,0.0,0.0,0.0,0.0,0.3,0.3,0.0,0.0,0.0,0.0,0.0,0.1,0.1,0.1,0.1,0.1,0.0,0.0,0.0,0.0,0.0,0.0,0.0,0.0,0.0,0.0,0.0,0.0,0.2,0.2,0.2,1.2,1.2,0.1,0.1,0.1,0.0,0.0,0.1,0.0,0.0,0.3,0.3,0.0,0.0,0.0,0.0,0.1,0.1,0.1,0.1,0.1,0.0,0.0,0.0,0.0,0.0,0.0,0.0,0.0,0.0,0.0,0.0,0.0,0.0,0.0,0.0,0.0,0.0,0.2,0.2,0.2,0.4,0.4,0.1,0.1,0.1,0.5,0.5,0.0,0.0,0.0,0.1,0.1,0.1,0.1,0.1,0.0,0.0,0.0,0.0,0.0,0.0,0.0,0.0,0.0,0.0,0.0,0.0,0.0,0.0,0.0,0.0,0.0,0.2,0.2,0.2,0.4,0.4,0.1,0.1,0.1,0.1,0.1,0.1,0.1,0.1,0.1,0.0,0.0,0.0,0.0,0.0,0.0,0.0,0.0,0.0,0.0,0.0,0.0,0.0,0.0,0.0,0.0,0.0,0.0,0.0,0.0,0.1,0.1,0.1,0.0,0.0,0.0,0.0,0.0,0.1,0.1,0.1,0.1,0.0,0.0,0.0,0.0,0.0,0.0,0.0,0.0,0.0,0.0,0.0,0.0,0.0,0.0,0.0,0.0,0.0,0.0,0.0,0.0,0.1,0.1,0.1,0.0,0.0,0.1,0.1,0.1,0.1,0.0,0.0,0.0,0.0,0.0,0.0,0.0,0.0,0.0,0.0,0.0,0.0,0.0,0.0,0.0,0.0,0.0,0.0,0.0,0.0,0.1,0.1,0.0,0.0,0.1,0.1,0.0,0.0,0.0,0.0,0.0,0.0,0.0,0.0,0.0,0.0,0.0,0.0,0.0,0.1,0.1,0.0,0.0,0.0,0.0,0.0,0.1,0.1,0.0,0.0,0.0,0.0,0.0,0.0,0.0,0.0,0.0,0.0,0.0,0.0,0.0,0.1,0.1,0.0,0.0,0.0,0.0,0.1,0.1,0.0,0.0,0.0,0.0,0.0,0.0,0.0,0.0,0.0,0.0,0.0,0.0,0.0,0.1,0.1,0.1,0.1,0.0,0.0,0.0,0.0,0.0,0.0,0.0,0.1,0.1,0.1
2026-10-06T08:00:00Z,0.0,0.0,0.0,0.0,0.0,0.0,0.1,0.1,0.1,0.0,0.0,0.0,0.0,0.0,0.0,0.0,0.0,0.0,0.1,0.1,0.1,0.1,0.0,0.0,0.0,0.0,0.0,0.0,0.0,0.0,0.0,0.0,0.0,0.1,0.1,0.1,0.1,0.0,0.0,0.0,0.0,0.0,0.0,0.0,0.0,0.0,0.0,0.0,0.0,0.1,0.1,0.1,0.1,0.1,0.0,0.0,0.0,0.0,0.0,0.0,0.0,0.0,0.0,0.0,0.0,0.0,0.0,0.1,0.1,0.1,0.1,0.1,0.0,0.0,0.0,0.0,0.0,0.0,0.0,0.0,0.0,0.0,0.0,0.0,0.0,0.0,0.1,0.1,0.1,0.1,0.1,2.2,2.4,2.4,4.8,4.8,4.8,0.9,4.1,0.0,0.0,0.0,0.0,0.0,0.0,0.0,0.0,0.0,0.0,0.0,0.0,0.0,0.0,0.1,0.1,0.1,0.1,0.1,0.5,2.2,2.2,2.4,2.4,4.8,4.8,4.8,4.8,4.1,0.6,0.0,0.0,0.0,0.0,0.0,0.0,0.0,0.0,0.0,0.0,0.0,0.0,0.0,0.0,0.1,0.1,0.1,0.1,0.1,0.5,2.2,2.2,2.2,2.4,2.4,4.8,4.8,4.8,6.1,6.1,6.1,0.6,0.0,0.0,0.0,0.0,0.0,0.0,0.0,0.0,0.0,0.1,0.1,0.0,0.0,0.0,0.1,0.1,3.3,3.3,3.3,0.6,0.6,0.5,0.5,0.5,0.0,0.0,0.2,0.2,0.2,6.1,6.1,6.1,0.4,0.4,0.0,0.0,0.0,0.0,0.0,0.0,0.0,0.0,0.0,0.0,0.1,0.1,0.0,0.0,0.0,0.1,0.1,3.3,3.3,3.3,0.6,0.6,0.5,0.5,0.5,0.0,0.0,0.2,0.2,0.2,6.1,6.1,6.1,0.0,0.0,0.0,0.0,0.0,0.0,0.0,0.0,0.0,0.0,0.0,0.0,0.1,0.1,1.0,1.0,1.0,1.0,1.0,0.2,0.2,0.2,0.0,0.0,0.0,0.0,0.0,0.0,0.0,0.0,0.0,0.0,0.1,0.1,0.0,0.0,0.0,0.0,0.0,0.0,0.0,0.0,0.0,0.0,0.0,0.0,0.0,0.0,0.0,0.1,0.1,1.0,1.0,1.0,1.0,1.0,0.2,0.2,0.2,0.0,0.0,0.0,0.0,0.0,0.0,0.0,0.0,0.0,0.0,0.1,0.1,0.0,0.0,0.0,0.0,0.0,0.0,0.0,0.0,0.0,0.0,0.0,0.0,0.0,0.0,0.0,0.0,0.1,0.1,1.0,1.0,1.0,1.0,1.0,0.2,0.2,0.2,0.0,0.0,0.0,0.0,0.0,0.0,0.0,0.0,0.0,0.0,0.1,0.1,0.0,0.0,0.0,0.0,0.0,0.0,0.0,0.0,0.0,0.0,0.0,0.0,0.0,0.1,0.1,0.1,0.1,0.1,0.7,0.7,0.7,0.0,0.0,0.0,0.0,0.0,0.0,0.0,0.0,0.0,0.0,0.0,0.0,0.1,0.1,0.1,0.7,0.7,0.0,0.0,0.0,0.0,0.0,0.0,0.0,0.0,0.0,0.0,0.0,0.0,0.0,0.1,0.1,0.1,0.1,0.1,0.7,0.7,0.7,0.0,0.0,0.0,0.0,0.0,0.0,0.0,0.0,0.0,0.0,0.0,0.0,0.1,0.1,0.1,0.7,0.7,0.0,0.0,0.0,0.0,0.0,0.0,0.0,0.0,0.0,0.0,0.0,0.1,0.1,0.1,0.1,0.1,0.0,0.0,0.0,0.0,0.0,0.0,0.0,0.0,0.0,0.0,0.0,0.0,0.2,0.2,0.2,1.2,1.2,0.1,0.1,0.1,0.0,0.0,0.0,0.0,0.0,0.3,0.3,0.0,0.0,0.0,0.0,0.0,0.0,0.1,0.1,0.1,0.1,0.1,0.0,0.0,0.0,0.0,0.0,0.0,0.0,0.0,0.0,0.0,0.0,0.0,0.2,0.2,0.2,1.2,1.2,0.1,0.1,0.1,0.0,0.0,0.0,0.0,0.0,0.3,0.3,0.0,0.0,0.0,0.0,0.0,0.1,0.1,0.1,0.1,0.1,0.0,0.0,0.0,0.0,0.0,0.0,0.0,0.0,0.0,0.0,0.0,0.0,0.2,0.2,0.2,1.2,1.2,0.1,0.1,0.1,0.0,0.0,0.1,0.0,0.0,0.3,0.3,0.0,0.0,0.0,0.0,0.1,0.1,0.1,0.1,0.1,0.0,0.0,0.0,0.0,0.0,0.0,0.0,0.0,0.0,0.0,0.0,0.0,0.0,0.0,0.0,0.0,0.0,0.2,0.2,0.2,0.4,0.4,0.1,0.1,0.1,0.5,0.5,0.0,0.0,0.0,0.1,0.1,0.1,0.1,0.1,0.0,0.0,0.0,0.0,0.0,0.0,0.0,0.0,0.0,0.0,0.0,0.0,0.0,0.0,0.0,0.0,0.0,0.2,0.2,0.2,0.4,0.4,0.1,0.1,0.1,0.1,0.1,0.1,0.1,0.1,0.1,0.0,0.0,0.0,0.0,0.0,0.0,0.0,0.0,0.0,0.0,0.0,0.0,0.0,0.0,0.0,0.0,0.0,0.0,0.0,0.0,0.1,0.1,0.1,0.0,0.0,0.0,0.0,0.0,0.1,0.1,0.1,0.1,0.0,0.0,0.0,0.0,0.0,0.0,0.0,0.0,0.0,0.0,0.0,0.0,0.0,0.0,0.0,0.0,0.0,0.0,0.0,0.0,0.1,0.1,0.1,0.0,0.0,0.1,0.1,0.1,0.1,0.0,0.0,0.0,0.0,0.0,0.0,0.0,0.0,0.0,0.0,0.0,0.0,0.0,0.0,0.0,0.0,0.0,0.0,0.0,0.0,0.1,0.1,0.0,0.0,0.1,0.1,0.0,0.0,0.0,0.0,0.0,0.0,0.0,0.0,0.0,0.0,0.0,0.0,0.0,0.1,0.1,0.0,0.0,0.0,0.0,0.0,0.1,0.1,0.0,0.0,0.0,0.0,0.0,0.0,0.0,0.0,0.0,0.0,0.0,0.0,0.0,0.1,0.1,0.0,0.0,0.0,0.0,0.1,0.1,0.0,0.0,0.0,0.0,0.0,0.0,0.0,0.0,0.0,0.0,0.0,0.0,0.0,0.1,0.1,0.1,0.1,0.0,0.0,0.0,0.0,0.0,0.0,0.0,0.1,0.1,0.1
2026-10-06T09:00:00Z,0.0,0.0,0.0,0.0,0.0,0.0,0.1,0.1,0.1,0.0,0.0,0.0,0.0,0.0,0.0,0.0,0.0,0.0,0.1,0.1,0.1,0.1,0.0,0.0,0.0,0.0,0.0,0.0,0.0,0.0,0.0,0.0,0.0,0.1,0.1,0.1,0.1,0.0,0.0,0.0,0.0,0.0,0.0,0.0,0.0,0.0,0.0,0.0,0.0,0.1,0.1,0.1,0.1,0.1,0.0,0.0,0.0,0.0,0.0,0.0,0.0,0.0,0.0,0.0,0.0,0.0,0.0,0.1,0.1,0.1,0.1,0.1,0.0,0.0,0.0,0.0,0.0,0.0,0.0,0.0,0.0,0.0,0.0,0.0,0.0,0.0,0.1,0.1,0.1,0.1,0.1,2.2,2.4,2.4,4.8,4.8,4.8,0.9,4.1,0.0,0.0,0.0,0.0,0.0,0.0,0.0,0.0,0.0,0.0,0.0,0.0,0.0,0.0,0.1,0.1,0.1,0.1,0.1,0.5,2.2,2.2,2.4,2.4,4.8,4.8,4.8,4.8,4.1,0.6,0.0,0.0,0.0,0.0,0.0,0.0,0.0,0.0,0.0,0.0,0.0,0.0,0.0,0.0,0.1,0.1,0.1,0.1,0.1,0.5,2.2,2.2,2.2,2.4,2.4,4.8,4.8,4.8,6.1,6.1,6.1,0.6,0.0,0.0,0.0,0.0,0.0,0.0,0.0,0.0,0.0,0.1,0.1,0.0,0.0,0.0,0.1,0.1,3.3,3.3,3.3,0.6,0.6,0.5,0.5,0.5,0.0,0.0,0.2,0.2,0.2,6.1,6.1,6.1,0.4,0.4,0.0,0.0,0.0,0.0,0.0,0.0,0.0,0.0,0.0,0.0,0.1,0.1,0.0,0.0,0.0,0.1,0.1,3.3,3.3,3.3,0.6,0.6,0.5,0.5,0.5,0.0,0.0,0.2,0.2,0.2,6.1,6.1,6.1,0.0,0.0,0.0,0.0,0.0,0.0,0.0,0.0,0.0,0.0,0.0,0.0,0.1,0.1,1.0,1.0,1.0,1.0,1.0,0.2,0.2,0.2,0.0,0.0,0.0,0.0,0.0,0.0,0.0,0.0,0.0,0.0,0.1,0.1,0.0,0.0,0.0,0.0,0.0,0.0,0.0,0.0,0.0,0.0,0.0,0.0,0.0,0.0,0.0,0.1,0.1,1.0,1.0,1.0,1.0,1.0,0.2,0.2,0.2,0.0,0.0,0.0,0.0,0.0,0.0,0.0,0.0,0.0,0.0,0.1,0.1,0.0,0.0,0.0,0.0,0.0,0.0,0.0,0.0,0.0,0.0,0.0,0.0,0.0,0.0,0.0,0.0,0.1,0.1,1.0,1.0,1.0,1.0,1.0,0.2,0.2,0.2,0.0,0.0,0.0,0.0,0.0,0.0,0.0,0.0,0.0,0.0,0.1,0.1,0.0,0.0,0.0,0.0,0.0,0.0,0.0,0.0,0.0,0.0,0.0,0.0,0.0,0.1,0.1,0.1,0.1,0.1,0.7,0.7,0.7,0.0,0.0,0.0,0.0,0.0,0.0,0.0,0.0,0.0,0.0,0.0,0.0,0.1,0.1,0.1,0.7,0.7,0.0,0.0,0.0,0.0,0.0,0.0,0.0,0.0,0.0,0.0,0.0,0.0,0.0,0.1,0.1,0.1,0.1,0.1,0.7,0.7,0.7,0.0,0.0,0.0,0.0,0.0,0.0,0.0,0.0,0.0,0.0,0.0,0.0,0.1,0.1,0.1,0.7,0.7,0.0,0.0,0.0,0.0,0.0,0.0,0.0,0.0,0.0,0.0,0.0,0.1,0.1,0.1,0.1,0.1,0.0,0.0,0.0,0.0,0.0,0.0,0.0,0.0,0.0,0.0,0.0,0.0,0.2,0.2,0.2,1.2,1.2,0.1,0.1,0.1,0.0,0.0,0.0,0.0,0.0,0.3,0.3,0.0,0.0,0.0,0.0,0.0,0.0,0.1,0.1,0.1,0.1,0.1,0.0,0.0,0.0,0.0,0.0,0.0,0.0,0.0,0.0,0.0,0.0,0.0,0.2,0.2,0.2,1.2,1.2,0.1,0.1,0.1,0.0,0.0,0.0,0.0,0.0,0.3,0.3,0.0,0.0,0.0,0.0,0.0,0.1,0.1,0.1,0.1,0.1,0.0,0.0,0.0,0.0,0.0,0.0,0.0,0.0,0.0,0.0,0.0,0.0,0.2,0.2,0.2,1.2,1.2,0.1,0.1,0.1,0.0,0.0,0.1,0.0,0.0,0.3,0.3,0.0,0.0,0.0,0.0,0.1,0.1,0.1,0.1,0.1,0.0,0.0,0.0,0.0,0.0,0.0,0.0,0.0,0.0,0.0,0.0,0.0,0.0,0.0,0.0,0.0,0.0,0.2,0.2,0.2,0.4,0.4,0.1,0.1,0.1,0.5,0.5,0.0,0.0,0.0,0.1,0.1,0.1,0.1,0.1,0.0,0.0,0.0,0.0,0.0,0.0,0.0,0.0,0.0,0.0,0.0,0.0,0.0,0.0,0.0,0.0,0.0,0.2,0.2,0.2,0.4,0.4,0.1,0.1,0.1,0.1,0.1,0.1,0.1,0.1,0.1,0.0,0.0,0.0,0.0,0.0,0.0,0.0,0.0,0.0,0.0,0.0,0.0,0.0,0.0,0.0,0.0,0.0,0.0,0.0,0.0,0.1,0.1,0.1,0.0,0.0,0.0,0.0,0.0,0.1,0.1,0.1,0.1,0.0,0.0,0.0,0.0,0.0,0.0,0.0,0.0,0.0,0.0,0.0,0.0,0.0,0.0,0.0,0.0,0.0,0.0,0.0,0.0,0.1,0.1,0.1,0.0,0.0,0.1,0.1,0.1,0.1,0.0,0.0,0.0,0.0,0.0,0.0,0.0,0.0,0.0,0.0,0.0,0.0,0.0,0.0,0.0,0.0,0.0,0.0,0.0,0.0,0.1,0.1,0.0,0.0,0.1,0.1,0.0,0.0,0.0,0.0,0.0,0.0,0.0,0.0,0.0,0.0,0.0,0.0,0.0,0.1,0.1,0.0,0.0,0.0,0.0,0.0,0.1,0.1,0.0,0.0,0.0,0.0,0.0,0.0,0.0,0.0,0.0,0.0,0.0,0.0,0.0,0.1,0.1,0.0,0.0,0.0,0.0,0.1,0.1,0.0,0.0,0.0,0.0,0.0,0.0,0.0,0.0,0.0,0.0,0.0,0.0,0.0,0.1,0.1,0.1,0.1,0.0,0.0,0.0,0.0,0.0,0.0,0.0,0.1,0.1,0.1
2026-10-06T10:00:00Z,0.0,0.0,0.0,0.0,0.0,0.0,0.1,0.1,0.1,0.0,0.0,0.0,0.0,0.0,0.0,0.0,0.0,0.0,0.1,0.1,0.1,0.1,0.0,0.0,0.0,0.0,0.0,0.0,0.0,0.0,0.0,0.0,0.0,0.1,0.1,0.1,0.1,0.0,0.0,0.0,0.0,0.0,0.0,0.0,0.0,0.0,0.0,0.0,0.0,0.1,0.1,0.1,0.1,0.1,0.0,0.0,0.0,0.0,0.0,0.0,0.0,0.0,0.0,0.0,0.0,0.0,0.0,0.1,0.1,0.1,0.1,0.1,0.0,0.0,0.0,0.0,0.0,0.0,0.0,0.0,0.0,0.0,0.0,0.0,0.0,0.0,0.0,0.0,0.0,0.0,0.0,0.3,0.3,0.3,0.6,0.6,0.6,0.5,1.7,0.0,0.0,0.0,0.0,0.0,0.0,0.0,0.0,0.0,0.0,0.0,0.0,0.0,0.0,0.0,0.0,0.0,0.0,0.0,0.1,0.3,0.3,0.3,0.3,0.6,0.6,0.6,0.6,1.7,0.5,0.0,0.0,0.0,0.0,0.0,0.0,0.0,0.0,0.0,0.0,0.0,0.0,0.0,0.0,0.0,0.0,0.0,0.0,0.0,0.1,0.3,0.3,0.3,0.3,0.3,0.6,0.6,0.6,1.0,1.0,1.0,0.5,0.0,0.0,0.0,0.0,0.0,0.0,0.0,0.0,0.0,0.0,0.0,0.0,0.0,0.0,0.1,0.1,0.0,0.0,0.0,0.0,0.0,0.0,0.0,0.0,0.6,0.6,0.2,0.2,0.2,1.0,1.0,1.0,0.3,0.3,0.0,0.0,0.0,0.0,0.0,0.0,0.0,0.0,0.0,0.0,0.0,0.0,0.0,0.0,0.0,0.1,0.1,0.0,0.0,0.0,0.0,0.0,0.0,0.0,0.0,0.6,0.6,0.2,0.2,0.2,1.0,1.0,1.0,0.3,0.3,0.0,0.0,0.0,0.0,0.0,0.0,0.0,0.0,0.0,0.0,0.0,0.0,0.0,0.0,0.0,0.0,0.0,0.0,0.0,0.0,0.7,0.7,0.1,0.1,0.1,0.0,0.0,0.0,0.0,0.0,0.2,0.2,0.3,0.3,0.3,0.3,0.0,0.0,0.0,0.0,0.0,0.0,0.0,0.0,0.0,0.0,0.0,0.0,0.0,0.0,0.0,0.0,0.0,0.0,0.0,0.0,0.0,0.7,0.7,0.1,0.1,0.1,0.0,0.0,0.0,0.0,0.0,0.2,0.2,0.3,0.3,0.3,0.3,0.2,0.0,0.0,0.0,0.0,0.0,0.0,0.0,0.0,0.0,0.0,0.0,0.0,0.0,0.0,0.0,0.0,0.0,0.0,0.0,0.0,0.0,0.7,0.7,0.1,0.1,0.1,0.0,0.0,0.0,0.0,0.0,0.2,0.2,0.3,0.3,0.3,0.2,0.2,0.0,0.0,0.0,0.0,0.0,0.0,0.0,0.0,0.0,0.0,0.0,0.1,0.1,0.2,0.2,0.2,0.2,0.2,0.2,0.2,0.2,0.0,0.0,0.0,0.0,0.0,0.1,0.1,0.1,0.1,0.1,0.3,0.3,0.1,0.1,0.1,0.2,0.2,0.0,0.0,0.0,0.0,0.0,0.0,0.0,0.0,0.0,0.0,0.0,0.1,0.1,0.2,0.2,0.2,0.2,0.2,0.2,0.2,0.2,0.0,0.0,0.0,0.0,0.0,0.1,0.1,0.1,0.1,0.1,0.3,0.3,0.1,0.1,0.1,0.2,0.2,0.0,0.0,0.0,0.0,0.0,0.0,0.0,0.0,0.2,0.2,0.2,0.3,0.3,0.1,0.1,0.1,0.0,0.0,0.0,0.0,0.0,0.0,0.0,0.1,0.1,0.1,0.1,0.1,0.0,0.0,0.0,0.0,0.0,0.1,0.1,0.1,0.5,0.5,0.0,0.0,0.0,0.0,0.0,0.0,0.0,0.0,0.2,0.2,0.2,0.3,0.3,0.1,0.1,0.1,0.0,0.0,0.0,0.0,0.0,0.0,0.0,0.1,0.1,0.1,0.1,0.1,0.0,0.0,0.0,0.0,0.0,0.1,0.1,0.1,0.5,0.5,0.0,0.0,0.0,0.0,0.0,0.0,0.0,0.2,0.2,0.2,0.3,0.3,0.1,0.1,0.1,0.0,0.0,0.0,0.0,0.0,0.0,0.0,0.1,0.1,0.1,0.1,0.1,0.0,0.0,0.0,0.0,0.0,1.5,0.1,0.1,0.5,0.5,0.0,0.0,0.0,0.0,0.2,0.2,0.3,0.3,0.3,0.1,0.1,0.0,0.0,0.0,0.0,0.0,0.0,0.0,0.0,0.0,0.0,0.0,0.0,0.0,0.0,0.0,0.0,0.0,0.0,0.0,0.0,1.5,1.5,1.5,1.1,1.1,0.0,0.0,0.0,0.2,0.2,0.3,0.3,0.3,0.1,0.1,0.0,0.0,0.0,0.0,0.0,0.0,0.0,0.0,0.0,0.0,0.0,0.0,0.0,0.0,0.0,0.0,0.0,0.0,0.0,0.0,1.5,1.5,1.5,1.5,0.2,0.2,0.2,0.4,0.4,0.2,0.2,0.2,0.0,0.0,0.0,0.0,0.0,0.0,0.0,0.0,0.0,0.0,0.0,0.0,0.0,0.0,0.0,0.0,0.0,0.0,0.0,0.0,0.0,0.0,0.0,0.0,0.0,0.2,0.2,0.4,0.4,0.2,0.2,0.2,0.0,0.0,0.0,0.0,0.0,0.0,0.0,0.0,0.0,0.0,0.0,0.0,0.0,0.0,0.0,0.0,0.0,0.0,0.0,0.0,0.0,0.0,0.2,0.2,0.4,0.4,0.2,0.2,0.2,0.0,0.0,0.0,0.0,0.0,0.0,0.0,0.0,0.0,0.0,0.0,0.0,0.0,0.0,0.0,0.0,0.0,0.0,0.0,0.3,0.3,0.3,0.3,0.0,0.0,0.0,0.0,0.0,0.0,0.0,0.0,0.0,0.0,0.0,0.0,0.0,0.0,0.0,0.0,0.0,0.0,0.0,0.3,0.3,0.3,0.0,0.0,0.0,0.0,0.0,0.0,0.0,0.0,0.0,0.0,0.0,0.0,0.0,0.0,0.0,0.0,0.0,0.0,0.0,0.0,0.0,0.0,0.0,0.0,0.0,0.0,0.0,0.0,0.0,0.0,0.0,0.0,0.0,0.0,0.0,0.0,0.0,0.0,0.0,0.0,0.0,0.0,0.0,0.0,0.0,0.0,0.0,0.0
2026-10-06T11:00:00Z,0.0,0.0,0.0,0.0,0.0,0.0,0.1,0.1,0.1,0.0,0.0,0.0,0.0,0.0,0.0,0.0,0.0,0.0,0.1,0.1,0.1,0.1,0.0,0.0,0.0,0.0,0.0,0.0,0.0,0.0,0.0,0.0,0.0,0.1,0.1,0.1,0.1,0.0,0.0,0.0,0.0,0.0,0.0,0.0,0.0,0.0,0.0,0.0,0.0,0.1,0.1,0.1,0.1,0.1,0.0,0.0,0.0,0.0,0.0,0.0,0.0,0.0,0.0,0.0,0.0,0.0,0.0,0.1,0.1,0.1,0.1,0.1,0.0,0.0,0.0,0.0,0.0,0.0,0.0,0.0,0.0,0.0,0.0,0.0,0.0,0.0,0.0,0.0,0.0,0.0,0.0,0.3,0.3,0.3,0.6,0.6,0.6,0.5,1.7,0.0,0.0,0.0,0.0,0.0,0.0,0.0,0.0,0.0,0.0,0.0,0.0,0.0,0.0,0.0,0.0,0.0,0.0,0.0,0.1,0.3,0.3,0.3,0.3,0.6,0.6,0.6,0.6,1.7,0.5,0.0,0.0,0.0,0.0,0.0,0.0,0.0,0.0,0.0,0.0,0.0,0.0,0.0,0.0,0.0,0.0,0.0,0.0,0.0,0.1,0.3,0.3,0.3,0.3,0.3,0.6,0.6,0.6,1.0,1.0,1.0,0.5,0.0,0.0,0.0,0.0,0.0,0.0,0.0,0.0,0.0,0.0,0.0,0.0,0.0,0.0,0.1,0.1,0.0,0.0,0.0,0.0,0.0,0.0,0.0,0.0,0.6,0.6,0.2,0.2,0.2,1.0,1.0,1.0,0.3,0.3,0.0,0.0,0.0,0.0,0.0,0.0,0.0,0.0,0.0,0.0,0.0,0.0,0.0,0.0,0.0,0.1,0.1,0.0,0.0,0.0,0.0,0.0,0.0,0.0,0.0,0.6,0.6,0.2,0.2,0.2,1.0,1.0,1.0,0.3,0.3,0.0,0.0,0.0,0.0,0.0,0.0,0.0,0.0,0.0,0.0,0.0,0.0,0.0,0.0,0.0,0.0,0.0,0.0,0.0,0.0,0.7,0.7,0.1,0.1,0.1,0.0,0.0,0.0,0.0,0.0,0.2,0.2,0.3,0.3,0.3,0.3,0.0,0.0,0.0,0.0,0.0,0.0,0.0,0.0,0.0,0.0,0.0,0.0,0.0,0.0,0.0,0.0,0.0,0.0,0.0,0.0,0.0,0.7,0.7,0.1,0.1,0.1,0.0,0.0,0.0,0.0,0.0,0.2,0.2,0.3,0.3,0.3,0.3,0.2,0.0,0.0,0.0,0.0,0.0,0.0,0.0,0.0,0.0,0.0,0.0,0.0,0.0,0.0,0.0,0.0,0.0,0.0,0.0,0.0,0.0,0.7,0.7,0.1,0.1,0.1,0.0,0.0,0.0,0.0,0.0,0.2,0.2,0.3,0.3,0.3,0.2,0.2,0.0,0.0,0.0,0.0,0.0,0.0,0.0,0.0,0.0,0.0,0.0,0.1,0.1,0.2,0.2,0.2,0.2,0.2,0.2,0.2,0.2,0.0,0.0,0.0,0.0,0.0,0.1,0.1,0.1,0.1,0.1,0.3,0.3,0.1,0.1,0.1,0.2,0.2,0.0,0.0,0.0,0.0,0.0,0.0,0.0,0.0,0.0,0.0,0.0,0.1,0.1,0.2,0.2,0.2,0.2,0.2,0.2,0.2,0.2,0.0,0.0,0.0,0.0,0.0,0.1,0.1,0.1,0.1,0.1,0.3,0.3,0.1,0.1,0.1,0.2,0.2,0.0,0.0,0.0,0.0,0.0,0.0,0.0,0.0,0.2,0.2,0.2,0.3,0.3,0.1,0.1,0.1,0.0,0.0,0.0,0.0,0.0,0.0,0.0,0.1,0.1,0.1,0.1,0.1,0.0,0.0,0.0,0.0,0.0,0.1,0.1,0.1,0.5,0.5,0.0,0.0,0.0,0.0,0.0,0.0,0.0,0.0,0.2,0.2,0.2,0.3,0.3,0.1,0.1,0.1,0.0,0.0,0.0,0.0,0.0,0.0,0.0,0.1,0.1,0.1,0.1,0.1,0.0,0.0,0.0,0.0,0.0,0.1,0.1,0.1,0.5,0.5,0.0,0.0,0.0,0.0,0.0,0.0,0.0,0.2,0.2,0.2,0.3,0.3,0.1,0.1,0.1,0.0,0.0,0.0,0.0,0.0,0.0,0.0,0.1,0.1,0.1,0.1,0.1,0.0,0.0,0.0,0.0,0.0,1.5,0.1,0.1,0.5,0.5,0.0,0.0,0.0,0.0,0.2,0.2,0.3,0.3,0.3,0.1,0.1,0.0,0.0,0.0,0.0,0.0,0.0,0.0,0.0,0.0,0.0,0.0,0.0,0.0,0.0,0.0,0.0,0.0,0.0,0.0,0.0,1.5,1.5,1.5,1.1,1.1,0.0,0.0,0.0,0.2,0.2,0.3,0.3,0.3,0.1,0.1,0.0,0.0,0.0,0.0,0.0,0.0,0.0,0.0,0.0,0.0,0.0,0.0,0.0,0.0,0.0,0.0,0.0,0.0,0.0,0.0,1.5,1.5,1.5,1.5,0.2,0.2,0.2,0.4,0.4,0.2,0.2,0.2,0.0,0.0,0.0,0.0,0.0,0.0,0.0,0.0,0.0,0.0,0.0,0.0,0.0,0.0,0.0,0.0,0.0,0.0,0.0,0.0,0.0,0.0,0.0,0.0,0.0,0.2,0.2,0.4,0.4,0.2,0.2,0.2,0.0,0.0,0.0,0.0,0.0,0.0,0.0,0.0,0.0,0.0,0.0,0.0,0.0,0.0,0.0,0.0,0.0,0.0,0.0,0.0,0.0,0.0,0.2,0.2,0.4,0.4,0.2,0.2,0.2,0.0,0.0,0.0,0.0,0.0,0.0,0.0,0.0,0.0,0.0,0.0,0.0,0.0,0.0,0.0,0.0,0.0,0.0,0.0,0.3,0.3,0.3,0.3,0.0,0.0,0.0,0.0,0.0,0.0,0.0,0.0,0.0,0.0,0.0,0.0,0.0,0.0,0.0,0.0,0.0,0.0,0.0,0.3,0.3,0.3,0.0,0.0,0.0,0.0,0.0,0.0,0.0,0.0,0.0,0.0,0.0,0.0,0.0,0.0,0.0,0.0,0.0,0.0,0.0,0.0,0.0,0.0,0.0,0.0,0.0,0.0,0.0,0.0,0.0,0.0,0.0,0.0,0.0,0.0,0.0,0.0,0.0,0.0,0.0,0.0,0.0,0.0,0.0,0.0,0.0,0.0,0.0,0.0
2026-10-06T12:00:00Z,0.0,0.0,0.0,0.0,0.0,0.0,0.1,0.1,0.1,0.0,0.0,0.0,0.0,0.0,0.0,0.0,0.0,0.0,0.1,0.1,0.1,0.1,0.0,0.0,0.0,0.0,0.0,0.0,0.0,0.0,0.0,0.0,0.0,0.1,0.1,0.1,0.1,0.0,0.0,0.0,0.0,0.0,0.0,0.0,0.0,0.0,0.0,0.0,0.0,0.1,0.1,0.1,0.1,0.1,0.0,0.0,0.0,0.0,0.0,0.0,0.0,0.0,0.0,0.0,0.0,0.0,0.0,0.1,0.1,0.1,0.1,0.1,0.0,0.0,0.0,0.0,0.0,0.0,0.0,0.0,0.0,0.0,0.0,0.0,0.0,0.0,0.0,0.0,0.0,0.0,0.0,0.3,0.3,0.3,0.6,0.6,0.6,0.5,1.7,0.0,0.0,0.0,0.0,0.0,0.0,0.0,0.0,0.0,0.0,0.0,0.0,0.0,0.0,0.0,0.0,0.0,0.0,0.0,0.1,0.3,0.3,0.3,0.3,0.6,0.6,0.6,0.6,1.7,0.5,0.0,0.0,0.0,0.0,0.0,0.0,0.0,0.0,0.0,0.0,0.0,0.0,0.0,0.0,0.0,0.0,0.0,0.0,0.0,0.1,0.3,0.3,0.3,0.3,0.3,0.6,0.6,0.6,1.0,1.0,1.0,0.5,0.0,0.0,0.0,0.0,0.0,0.0,0.0,0.0,0.0,0.0,0.0,0.0,0.0,0.0,0.1,0.1,0.0,0.0,0.0,0.0,0.0,0.0,0.0,0.0,0.6,0.6,0.2,0.2,0.2,1.0,1.0,1.0,0.3,0.3,0.0,0.0,0.0,0.0,0.0,0.0,0.0,0.0,0.0,0.0,0.0,0.0,0.0,0.0,0.0,0.1,0.1,0.0,0.0,0.0,0.0,0.0,0.0,0.0,0.0,0.6,0.6,0.2,0.2,0.2,1.0,1.0,1.0,0.3,0.3,0.0,0.0,0.0,0.0,0.0,0.0,0.0,0.0,0.0,0.0,0.0,0.0,0.0,0.0,0.0,0.0,0.0,0.0,0.0,0.0,0.7,0.7,0.1,0.1,0.1,0.0,0.0,0.0,0.0,0.0,0.2,0.2,0.3,0.3,0.3,0.3,0.0,0.0,0.0,0.0,0.0,0.0,0.0,0.0,0.0,0.0,0.0,0.0,0.0,0.0,0.0,0.0,0.0,0.0,0.0,0.0,0.0,0.7,0.7,0.1,0.1,0.1,0.0,0.0,0.0,0.0,0.0,0.2,0.2,0.3,0.3,0.3,0.3,0.2,0.0,0.0,0.0,0.0,0.0,0.0,0.0,0.0,0.0,0.0,0.0,0.0,0.0,0.0,0.0,0.0,0.0,0.0,0.0,0.0,0.0,0.7,0.7,0.1,0.1,0.1,0.0,0.0,0.0,0.0,0.0,0.2,0.2,0.3,0.3,0.3,0.2,0.2,0.0,0.0,0.0,0.0,0.0,0.0,0.0,0.0,0.0,0.0,0.0,0.1,0.1,0.2,0.2,0.2,0.2,0.2,0.2,0.2,0.2,0.0,0.0,0.0,0.0,0.0,0.1,0.1,0.1,0.1,0.1,0.3,0.3,0.1,0.1,0.1,0.2,0.2,0.0,0.0,0.0,0.0,0.0,0.0,0.0,0.0,0.0,0.0,0.0,0.1,0.1,0.2,0.2,0.2,0.2,0.2,0.2,0.2,0.2,0.0,0.0,0.0,0.0,0.0,0.1,0.1,0.1,0.1,0.1,0.3,0.3,0.1,0.1,0.1,0.2,0.2,0.0,0.0,0.0,0.0,0.0,0.0,0.0,0.0,0.2,0.2,0.2,0.3,0.3,0.1,0.1,0.1,0.0,0.0,0.0,0.0,0.0,0.0,0.0,0.1,0.1,0.1,0.1,0.1,0.0,0.0,0.0,0.0,0.0,0.1,0.1,0.1,0.5,0.5,0.0,0.0,0.0,0.0,0.0,0.0,0.0,0.0,0.2,0.2,0.2,0.3,0.3,0.1,0.1,0.1,0.0,0.0,0.0,0.0,0.0,0.0,0.0,0.1,0.1,0.1,0.1,0.1,0.0,0.0,0.0,0.0,0.0,0.1,0.1,0.1,0.5,0.5,0.0,0.0,0.0,0.0,0.0,0.0,0.0,0.2,0.2,0.2,0.3,0.3,0.1,0.1,0.1,0.0,0.0,0.0,0.0,0.0,0.0,0.0,0.1,0.1,0.1,0.1,0.1,0.0,0.0,0.0,0.0,0.0,1.5,0.1,0.1,0.5,0.5,0.0,0.0,0.0,0.0,0.2,0.2,0.3,0.3,0.3,0.1,0.1,0.0,0.0,0.0,0.0,0.0,0.0,0.0,0.0,0.0,0.0,0.0,0.0,0.0,0.0,0.0,0.0,0.0,0.0,0.0,0.0,1.5,1.5,1.5,1.1,1.1,0.0,0.0,0.0,0.2,0.2,0.3,0.3,0.3,0.1,0.1,0.0,0.0,0.0,0.0,0.0,0.0,0.0,0.0,0.0,0.0,0.0,0.0,0.0,0.0,0.0,0.0,0.0,0.0,0.0,0.0,1.5,1.5,1.5,1.5,0.2,0.2,0.2,0.4,0.4,0.2,0.2,0.2,0.0,0.0,0.0,0.0,0.0,0.0,0.0,0.0,0.0,0.0,0.0,0.0,0.0,0.0,0.0,0.0,0.0,0.0,0.0,0.0,0.0,0.0,0.0,0.0,0.0,0.2,0.2,0.4,0.4,0.2,0.2,0.2,0.0,0.0,0.0,0.0,0.0,0.0,0.0,0.0,0.0,0.0,0.0,0.0,0.0,0.0,0.0,0.0,0.0,0.0,0.0,0.0,0.0,0.0,0.2,0.2,0.4,0.4,0.2,0.2,0.2,0.0,0.0,0.0,0.0,0.0,0.0,0.0,0.0,0.0,0.0,0.0,0.0,0.0,0.0,0.0,0.0,0.0,0.0,0.0,0.3,0.3,0.3,0.3,0.0,0.0,0.0,0.0,0.0,0.0,0.0,0.0,0.0,0.0,0.0,0.0,0.0,0.0,0.0,0.0,0.0,0.0,0.0,0.3,0.3,0.3,0.0,0.0,0.0,0.0,0.0,0.0,0.0,0.0,0.0,0.0,0.0,0.0,0.0,0.0,0.0,0.0,0.0,0.0,0.0,0.0,0.0,0.0,0.0,0.0,0.0,0.0,0.0,0.0,0.0,0.0,0.0,0.0,0.0,0.0,0.0,0.0,0.0,0.0,0.0,0.0,0.0,0.0,0.0,0.0,0.0,0.0,0.0,0.0
2026-10-06T13:00:00Z,0.0,0.0,0.0,0.0,0.0,0.0,0.0,0.0,0.0,0.0,0.0,0.0,0.0,0.0,0.0,0.0,0.0,0.0,0.0,0.0,0.0,0.2,0.0,0.0,0.0,0.0,0.0,0.0,0.0,0.0,0.0,0.0,0.0,0.0,0.0,0.2,0.2,0.0,0.0,0.0,0.0,0.0,0.0,0.0,0.0,0.0,0.0,0.0,0.0,0.2,0.2,0.2,0.2,0.2,0.0,0.0,0.0,0.0,0.0,0.0,0.0,0.0,0.0,0.0,0.0,0.0,0.0,0.2,0.2,0.2,0.2,0.2,0.0,0.0,0.0,0.0,0.0,0.0,0.0,0.0,0.0,0.1,0.1,0.2,0.2,0.2,0.1,0.1,0.0,0.0,0.0,0.0,0.0,0.0,0.0,0.0,0.0,0.1,0.0,0.0,0.0,0.0,0.0,0.0,0.0,0.0,0.0,0.0,0.1,0.1,0.2,0.2,0.2,0.1,0.1,0.0,0.0,0.0,0.0,0.0,0.0,0.0,0.0,0.0,0.0,0.0,0.0,0.0,0.0,0.0,0.0,0.0,0.0,0.0,0.0,0.0,0.0,0.0,0.1,0.1,0.2,0.2,0.2,0.1,0.1,0.0,0.0,0.0,0.0,0.0,0.0,0.0,0.0,0.0,0.0,0.0,0.0,0.0,0.0,0.0,0.0,0.0,0.0,0.0,0.0,0.0,0.0,0.1,0.1,0.1,0.0,0.0,0.0,0.0,0.0,0.0,0.0,0.0,0.0,0.0,0.0,0.0,0.1,0.1,0.1,0.1,0.1,0.0,0.0,0.0,0.0,0.0,0.0,0.1,0.1,0.0,0.0,0.0,0.0,0.0,0.0,0.0,0.1,0.1,0.1,0.0,0.0,0.0,0.0,0.0,0.0,0.0,0.0,0.0,0.0,0.0,0.0,0.1,0.1,0.1,0.1,0.1,0.0,0.0,0.0,0.0,0.0,0.0,0.1,0.1,0.0,0.0,0.0,0.0,0.0,0.0,0.0,0.0,0.0,0.0,0.0,0.0,0.0,0.0,0.0,0.0,0.0,0.1,0.1,0.1,0.3,0.3,0.2,0.2,0.2,0.0,0.0,0.0,0.0,0.0,0.1,0.1,0.1,0.1,0.1,0.1,0.0,0.0,0.0,0.0,0.0,0.0,0.0,0.0,0.0,0.0,0.0,0.0,0.0,0.0,0.0,0.0,0.0,0.0,0.1,0.1,0.1,0.3,0.3,0.2,0.2,0.2,0.0,0.0,0.0,0.0,0.0,0.1,0.1,0.1,0.1,0.1,0.1,0.1,0.0,0.0,0.0,0.0,0.0,0.0,0.0,0.0,0.0,0.0,0.0,0.0,0.0,0.0,0.0,0.0,0.0,0.0,0.1,0.1,0.1,0.3,0.3,0.2,0.2,0.2,0.0,0.0,0.0,0.0,0.0,0.1,0.1,0.1,0.1,0.1,0.1,0.1,0.0,0.1,0.1,0.2,0.2,0.2,0.1,0.1,0.1,0.1,0.1,0.0,0.0,0.0,0.0,0.0,0.1,0.1,0.0,0.0,0.0,0.0,0.0,0.0,0.0,0.0,0.0,0.0,0.0,0.0,0.0,0.0,0.0,0.1,0.1,0.1,0.1,0.1,0.0,0.1,0.1,0.2,0.2,0.2,0.1,0.1,0.1,0.1,0.1,0.0,0.0,0.0,0.0,0.0,0.1,0.1,0.0,0.0,0.0,0.0,0.0,0.0,0.0,0.0,0.0,0.0,0.0,0.0,0.0,0.0,0.0,0.1,0.1,0.1,0.1,0.1,0.0,0.1,0.1,0.1,0.1,0.1,0.0,0.0,0.0,0.0,0.0,0.0,0.0,0.0,0.0,0.0,0.0,0.0,0.0,0.0,0.0,0.0,0.0,0.1,0.1,0.1,0.1,0.1,0.0,0.0,0.0,0.0,0.0,0.1,0.1,0.1,0.5,0.5,0.0,0.1,0.1,0.1,0.1,0.1,0.0,0.0,0.0,0.0,0.0,0.0,0.0,0.0,0.0,0.0,0.0,0.0,0.0,0.0,0.0,0.0,0.0,0.1,0.1,0.1,0.1,0.1,0.0,0.0,0.0,0.0,0.0,0.1,0.1,0.1,0.5,0.5,0.1,0.1,0.1,0.1,0.1,0.0,0.0,0.0,0.0,0.0,0.0,0.0,0.0,0.0,0.0,0.0,0.0,0.0,0.0,0.0,0.0,0.0,0.1,0.1,0.1,0.1,0.1,0.0,0.0,0.0,0.0,0.0,1.0,0.1,0.1,0.5,0.5,0.1,0.1,0.1,0.1,0.1,0.1,0.1,0.1,0.1,0.1,0.1,0.1,0.1,0.1,0.1,0.1,0.0,0.0,0.0,0.0,0.0,0.1,0.1,0.1,0.1,0.1,0.0,0.0,0.0,0.1,0.1,1.0,1.0,1.0,1.1,1.1,0.1,0.1,0.1,0.1,0.1,0.1,0.1,0.1,0.1,0.1,0.1,0.1,0.1,0.1,0.1,0.0,0.0,0.0,0.0,0.0,0.1,0.1,0.1,0.1,0.1,0.0,0.0,0.0,0.1,0.1,1.0,1.0,1.0,1.0,0.1,0.1,0.1,0.5,0.5,0.1,0.1,0.1,0.0,0.0,0.1,0.1,0.1,0.2,0.2,0.1,0.1,0.1,0.1,0.1,0.0,0.0,0.0,0.1,0.1,1.5,1.5,1.5,0.8,0.8,0.7,0.7,0.7,0.1,0.1,0.5,0.5,0.1,0.1,0.1,0.0,0.0,0.1,0.1,0.1,0.2,0.2,0.1,0.1,0.1,0.1,0.1,0.0,0.0,0.0,0.1,0.1,1.5,1.5,1.5,0.8,0.8,0.1,0.1,0.5,0.5,0.1,0.1,0.1,0.0,0.0,0.1,0.1,0.1,0.2,0.2,0.1,0.1,0.1,0.1,0.1,0.0,0.0,0.0,0.1,0.1,1.5,1.5,0.3,0.3,0.5,0.5,0.1,0.1,0.1,0.0,0.0,0.3,0.3,0.3,0.2,0.2,0.1,0.1,0.1,0.1,0.1,0.1,0.1,0.1,0.0,0.3,0.5,0.5,0.1,0.1,0.1,0.0,0.0,0.3,0.3,0.3,0.2,0.2,0.1,0.1,0.1,0.1,0.1,0.1,0.1,0.1,0.0,0.1,0.1,0.0,0.0,0.0,0.1,0.1,0.1,0.1,0.1,0.1,0.1,0.1,0.1,0.1,0.0,0.0,0.2,0.2,0.0,0.0,0.1,0.1,0.1,0.1,0.1,0.0,0.0,0.2
2026-10-06T14:00:00Z,0.0,0.0,0.0,0.0,0.0,0.0,0.0,0.0,0.0,0.0,0.0,0.0,0.0,0.0,0.0,0.0,0.0,0.0,0.0,0.0,0.0,0.2,0.0,0.0,0.0,0.0,0.0,0.0,0.0,0.0,0.0,0.0,0.0,0.0,0.0,0.2,0.2,0.0,0.0,0.0,0.0,0.0,0.0,0.0,0.0,0.0,0.0,0.0,0.0,0.2,0.2,0.2,0.2,0.2,0.0,0.0,0.0,0.0,0.0,0.0,0.0,0.0,0.0,0.0,0.0,0.0,0.0,0.2,0.2,0.2,0.2,0.2,0.0,0.0,0.0,0.0,0.0,0.0,0.0,0.0,0.0,0.1,0.1,0.2,0.2,0.2,0.1,0.1,0.0,0.0,0.0,0.0,0.0,0.0,0.0,0.0,0.0,0.1,0.0,0.0,0.0,0.0,0.0,0.0,0.0,0.0,0.0,0.0,0.1,0.1,0.2,0.2,0.2,0.1,0.1,0.0,0.0,0.0,0.0,0.0,0.0,0.0,0.0,0.0,0.0,0.0,0.0,0.0,0.0,0.0,0.0,0.0,0.0,0.0,0.0,0.0,0.0,0.0,0.1,0.1,0.2,0.2,0.2,0.1,0.1,0.0,0.0,0.0,0.0,0.0,0.0,0.0,0.0,0.0,0.0,0.0,0.0,0.0,0.0,0.0,0.0,0.0,0.0,0.0,0.0,0.0,0.0,0.1,0.1,0.1,0.0,0.0,0.0,0.0,0.0,0.0,0.0,0.0,0.0,0.0,0.0,0.0,0.1,0.1,0.1,0.1,0.1,0.0,0.0,0.0,0.0,0.0,0.0,0.1,0.1,0.0,0.0,0.0,0.0,0.0,0.0,0.0,0.1,0.1,0.1,0.0,0.0,0.0,0.0,0.0,0.0,0.0,0.0,0.0,0.0,0.0,0.0,0.1,0.1,0.1,0.1,0.1,0.0,0.0,0.0,0.0,0.0,0.0,0.1,0.1,0.0,0.0,0.0,0.0,0.0,0.0,0.0,0.0,0.0,0.0,0.0,0.0,0.0,0.0,0.0,0.0,0.0,0.1,0.1,0.1,0.3,0.3,0.2,0.2,0.2,0.0,0.0,0.0,0.0,0.0,0.1,0.1,0.1,0.1,0.1,0.1,0.0,0.0,0.0,0.0,0.0,0.0,0.0,0.0,0.0,0.0,0.0,0.0,0.0,0.0,0.0,0.0,0.0,0.0,0.1,0.1,0.1,0.3,0.3,0.2,0.2,0.2,0.0,0.0,0.0,0.0,0.0,0.1,0.1,0.1,0.1,0.1,0.1,0.1,0.0,0.0,0.0,0.0,0.0,0.0,0.0,0.0,0.0,0.0,0.0,0.0,0.0,0.0,0.0,0.0,0.0,0.0,0.1,0.1,0.1,0.3,0.3,0.2,0.2,0.2,0.0,0.0,0.0,0.0,0.0,0.1,0.1,0.1,0.1,0.1,0.1,0.1,0.0,0.1,0.1,0.2,0.2,0.2,0.1,0.1,0.1,0.1,0.1,0.0,0.0,0.0,0.0,0.0,0.1,0.1,0.0,0.0,0.0,0.0,0.0,0.0,0.0,0.0,0.0,0.0,0.0,0.0,0.0,0.0,0.0,0.1,0.1,0.1,0.1,0.1,0.0,0.1,0.1,0.2,0.2,0.2,0.1,0.1,0.1,0.1,0.1,0.0,0.0,0.0,0.0,0.0,0.1,0.1,0.0,0.0,0.0,0.0,0.0,0.0,0.0,0.0,0.0,0.0,0.0,0.0,0.0,0.0,0.0,0.1,0.1,0.1,0.1,0.1,0.0,0.1,0.1,0.1,0.1,0.1,0.0,0.0,0.0,0.0,0.0,0.0,0.0,0.0,0.0,0.0,0.0,0.0,0.0,0.0,0.0,0.0,0.0,0.1,0.1,0.1,0.1,0.1,0.0,0.0,0.0,0.0,0.0,0.1,0.1,0.1,0.5,0.5,0.0,0.1,0.1,0.1,0.1,0.1,0.0,0.0,0.0,0.0,0.0,0.0,0.0,0.0,0.0,0.0,0.0,0.0,0.0,0.0,0.0,0.0,0.0,0.1,0.1,0.1,0.1,0.1,0.0,0.0,0.0,0.0,0.0,0.1,0.1,0.1,0.5,0.5,0.1,0.1,0.1,0.1,0.1,0.0,0.0,0.0,0.0,0.0,0.0,0.0,0.0,0.0,0.0,0.0,0.0,0.0,0.0,0.0,0.0,0.0,0.1,0.1,0.1,0.1,0.1,0.0,0.0,0.0,0.0,0.0,1.0,0.1,0.1,0.5,0.5,0.1,0.1,0.1,0.1,0.1,0.1,0.1,0.1,0.1,0.1,0.1,0.1,0.1,0.1,0.1,0.1,0.0,0.0,0.0,0.0,0.0,0.1,0.1,0.1,0.1,0.1,0.0,0.0,0.0,0.1,0.1,1.0,1.0,1.0,1.1,1.1,0.1,0.1,0.1,0.1,0.1,0.1,0.1,0.1,0.1,0.1,0.1,0.1,0.1,0.1,0.1,0.0,0.0,0.0,0.0,0.0,0.1,0.1,0.1,0.1,0.1,0.0,0.0,0.0,0.1,0.1,1.0,1.0,1.0,1.0,0.1,0.1,0.1,0.5,0.5,0.1,0.1,0.1,0.0,0.0,0.1,0.1,0.1,0.2,0.2,0.1,0.1,0.1,0.1,0.1,0.0,0.0,0.0,0.1,0.1,1.5,1.5,1.5,0.8,0.8,0.7,0.7,0.7,0.1,0.1,0.5,0.5,0.1,0.1,0.1,0.0,0.0,0.1,0.1,0.1,0.2,0.2,0.1,0.1,0.1,0.1,0.1,0.0,0.0,0.0,0.1,0.1,1.5,1.5,1.5,0.8,0.8,0.1,0.1,0.5,0.5,0.1,0.1,0.1,0.0,0.0,0.1,0.1,0.1,0.2,0.2,0.1,0.1,0.1,0.1,0.1,0.0,0.0,0.0,0.1,0.1,1.5,1.5,0.3,0.3,0.5,0.5,0.1,0.1,0.1,0.0,0.0,0.3,0.3,0.3,0.2,0.2,0.1,0.1,0.1,0.1,0.1,0.1,0.1,0.1,0.0,0.3,0.5,0.5,0.1,0.1,0.1,0.0,0.0,0.3,0.3,0.3,0.2,0.2,0.1,0.1,0.1,0.1,0.1,0.1,0.1,0.1,0.0,0.1,0.1,0.0,0.0,0.0,0.1,0.1,0.1,0.1,0.1,0.1,0.1,0.1,0.1,0.1,0.0,0.0,0.2,0.2,0.0,0.0,0.1,0.1,0.1,0.1,0.1,0.0,0.0,0.2
2026-10-06T15:00:00Z,0.0,0.0,0.0,0.0,0.0,0.0,0.0,0.0,0.0,0.0,0.0,0.0,0.0,0.0,0.0,0.0,0.0,0.0,0.0,0.0,0.0,0.2,0.0,0.0,0.0,0.0,0.0,0.0,0.0,0.0,0.0,0.0,0.0,0.0,0.0,0.2,0.2,0.0,0.0,0.0,0.0,0.0,0.0,0.0,0.0,0.0,0.0,0.0,0.0,0.2,0.2,0.2,0.2,0.2,0.0,0.0,0.0,0.0,0.0,0.0,0.0,0.0,0.0,0.0,0.0,0.0,0.0,0.2,0.2,0.2,0.2,0.2,0.0,0.0,0.0,0.0,0.0,0.0,0.0,0.0,0.0,0.1,0.1,0.2,0.2,0.2,0.1,0.1,0.0,0.0,0.0,0.0,0.0,0.0,0.0,0.0,0.0,0.1,0.0,0.0,0.0,0.0,0.0,0.0,0.0,0.0,0.0,0.0,0.1,0.1,0.2,0.2,0.2,0.1,0.1,0.0,0.0,0.0,0.0,0.0,0.0,0.0,0.0,0.0,0.0,0.0,0.0,0.0,0.0,0.0,0.0,0.0,0.0,0.0,0.0,0.0,0.0,0.0,0.1,0.1,0.2,0.2,0.2,0.1,0.1,0.0,0.0,0.0,0.0,0.0,0.0,0.0,0.0,0.0,0.0,0.0,0.0,0.0,0.0,0.0,0.0,0.0,0.0,0.0,0.0,0.0,0.0,0.1,0.1,0.1,0.0,0.0,0.0,0.0,0.0,0.0,0.0,0.0,0.0,0.0,0.0,0.0,0.1,0.1,0.1,0.1,0.1,0.0,0.0,0.0,0.0,0.0,0.0,0.1,0.1,0.0,0.0,0.0,0.0,0.0,0.0,0.0,0.1,0.1,0.1,0.0,0.0,0.0,0.0,0.0,0.0,0.0,0.0,0.0,0.0,0.0,0.0,0.1,0.1,0.1,0.1,0.1,0.0,0.0,0.0,0.0,0.0,0.0,0.1,0.1,0.0,0.0,0.0,0.0,0.0,0.0,0.0,0.0,0.0,0.0,0.0,0.0,0.0,0.0,0.0,0.0,0.0,0.1,0.1,0.1,0.3,0.3,0.2,0.2,0.2,0.0,0.0,0.0,0.0,0.0,0.1,0.1,0.1,0.1,0.1,0.1,0.0,0.0,0.0,0.0,0.0,0.0,0.0,0.0,0.0,0.0,0.0,0.0,0.0,0.0,0.0,0.0,0.0,0.0,0.1,0.1,0.1,0.3,0.3,0.2,0.2,0.2,0.0,0.0,0.0,0.0,0.0,0.1,0.1,0.1,0.1,0.1,0.1,0.1,0.0,0.0,0.0,0.0,0.0,0.0,0.0,0.0,0.0,0.0,0.0,0.0,0.0,0.0,0.0,0.0,0.0,0.0,0.1,0.1,0.1,0.3,0.3,0.2,0.2,0.2,0.0,0.0,0.0,0.0,0.0,0.1,0.1,0.1,0.1,0.1,0.1,0.1,0.0,0.1,0.1,0.2,0.2,0.2,0.1,0.1,0.1,0.1,0.1,0.0,0.0,0.0,0.0,0.0,0.1,0.1,0.0,0.0,0.0,0.0,0.0,0.0,0.0,0.0,0.0,0.0,0.0,0.0,0.0,0.0,0.0,0.1,0.1,0.1,0.1,0.1,0.0,0.1,0.1,0.2,0.2,0.2,0.1,0.1,0.1,0.1,0.1,0.0,0.0,0.0,0.0,0.0,0.1,0.1,0.0,0.0,0.0,0.0,0.0,0.0,0.0,0.0,0.0,0.0,0.0,0.0,0.0,0.0,0.0,0.1,0.1,0.1,0.1,0.1,0.0,0.1,0.1,0.1,0.1,0.1,0.0,0.0,0.0,0.0,0.0,0.0,0.0,0.0,0.0,0.0,0.0,0.0,0.0,0.0,0.0,0.0,0.0,0.1,0.1,0.1,0.1,0.1,0.0,0.0,0.0,0.0,0.0,0.1,0.1,0.1,0.5,0.5,0.0,0.1,0.1,0.1,0.1,0.1,0.0,0.0,0.0,0.0,0.0,0.0,0.0,0.0,0.0,0.0,0.0,0.0,0.0,0.0,0.0,0.0,0.0,0.1,0.1,0.1,0.1,0.1,0.0,0.0,0.0,0.0,0.0,0.1,0.1,0.1,0.5,0.5,0.1,0.1,0.1,0.1,0.1,0.0,0.0,0.0,0.0,0.0,0.0,0.0,0.0,0.0,0.0,0.0,0.0,0.0,0.0,0.0,0.0,0.0,0.1,0.1,0.1,0.1,0.1,0.0,0.0,0.0,0.0,0.0,1.0,0.1,0.1,0.5,0.5,0.1,0.1,0.1,0.1,0.1,0.1,0.1,0.1,0.1,0.1,0.1,0.1,0.1,0.1,0.1,0.1,0.0,0.0,0.0,0.0,0.0,0.1,0.1,0.1,0.1,0.1,0.0,0.0,0.0,0.1,0.1,1.0,1.0,1.0,1.1,1.1,0.1,0.1,0.1,0.1,0.1,0.1,0.1,0.1,0.1,0.1,0.1,0.1,0.1,0.1,0.1,0.0,0.0,0.0,0.0,0.0,0.1,0.1,0.1,0.1,0.1,0.0,0.0,0.0,0.1,0.1,1.0,1.0,1.0,1.0,0.1,0.1,0.1,0.5,0.5,0.1,0.1,0.1,0.0,0.0,0.1,0.1,0.1,0.2,0.2,0.1,0.1,0.1,0.1,0.1,0.0,0.0,0.0,0.1,0.1,1.5,1.5,1.5,0.8,0.8,0.7,0.7,0.7,0.1,0.1,0.5,0.5,0.1,0.1,0.1,0.0,0.0,0.1,0.1,0.1,0.2,0.2,0.1,0.1,0.1,0.1,0.1,0.0,0.0,0.0,0.1,0.1,1.5,1.5,1.5,0.8,0.8,0.1,0.1,0.5,0.5,0.1,0.1,0.1,0.0,0.0,0.1,0.1,0.1,0.2,0.2,0.1,0.1,0.1,0.1,0.1,0.0,0.0,0.0,0.1,0.1,1.5,1.5,0.3,0.3,0.5,0.5,0.1,0.1,0.1,0.0,0.0,0.3,0.3,0.3,0.2,0.2,0.1,0.1,0.1,0.1,0.1,0.1,0.1,0.1,0.0,0.3,0.5,0.5,0.1,0.1,0.1,0.0,0.0,0.3,0.3,0.3,0.2,0.2,0.1,0.1,0.1,0.1,0.1,0.1,0.1,0.1,0.0,0.1,0.1,0.0,0.0,0.0,0.1,0.1,0.1,0.1,0.1,0.1,0.1,0.1,0.1,0.1,0.0,0.0,0.2,0.2,0.0,0.0,0.1,0.1,0.1,0.1,0.1,0.0,0.0,0.2
2026-10-06T16:00:00Z,0.0,0.0,0.0,0.0,0.0,0.0,0.0,0.0,0.0,0.0,0.0,0.0,0.0,0.0,0.0,0.0,0.0,0.0,0.0,0.0,0.0,0.0,0.0,0.0,0.0,0.0,0.0,0.0,0.0,0.0,0.0,0.0,0.0,0.0,0.0,0.0,0.0,0.0,0.0,0.0,0.0,0.0,0.0,0.0,0.0,0.0,0.0,0.0,0.0,0.0,0.0,0.0,0.0,0.0,0.0,0.0,0.0,0.0,0.0,0.0,0.0,0.0,0.0,0.0,0.0,0.0,0.0,0.0,0.0,0.0,0.0,0.0,0.0,0.0,0.0,0.0,0.0,0.0,0.0,0.0,0.0,0.0,0.0,0.0,0.0,0.0,0.0,0.0,0.0,0.0,0.0,0.0,0.0,0.0,0.1,0.1,0.1,0.0,0.1,0.0,0.0,0.0,0.0,0.0,0.0,0.0,0.0,0.0,0.0,0.0,0.0,0.0,0.0,0.0,0.0,0.0,0.0,0.0,0.0,0.0,0.0,0.0,0.0,0.1,0.1,0.1,0.1,0.1,0.1,0.0,0.0,0.0,0.0,0.0,0.0,0.0,0.0,0.0,0.0,0.0,0.0,0.0,0.0,0.0,0.0,0.0,0.0,0.0,0.0,0.0,0.0,0.0,0.0,0.0,0.1,0.1,0.1,0.0,0.0,0.0,0.1,0.0,0.0,0.0,0.0,0.0,0.0,0.0,0.0,0.0,0.0,0.0,0.0,0.0,0.0,0.0,0.0,0.0,0.0,0.0,0.0,0.0,0.3,0.3,0.3,0.3,0.3,0.1,0.1,0.1,0.0,0.0,0.0,0.0,0.0,0.0,0.0,0.0,0.0,0.0,0.0,0.0,0.0,0.0,0.0,0.0,0.0,0.0,0.0,0.0,0.0,0.0,0.0,0.0,0.0,0.0,0.0,0.3,0.3,0.3,0.3,0.3,0.1,0.1,0.1,0.0,0.0,0.0,0.1,0.1,0.0,0.0,0.1,0.1,0.1,0.0,0.0,0.0,0.0,0.0,0.0,0.0,0.0,0.0,0.0,0.3,0.3,0.5,0.5,0.5,0.2,0.2,0.3,0.3,0.3,0.3,0.3,0.0,0.0,0.0,0.0,0.0,0.1,0.1,0.1,0.1,0.0,0.0,0.0,0.1,0.1,0.1,0.0,0.0,0.0,0.0,0.0,0.0,0.0,0.0,0.0,0.0,0.3,0.3,0.5,0.5,0.5,0.2,0.2,0.3,0.3,0.3,0.3,0.3,0.0,0.0,0.0,0.0,0.0,0.1,0.1,0.1,0.1,0.1,0.0,0.0,0.0,0.1,0.1,0.1,0.0,0.0,0.0,0.0,0.0,0.0,0.0,0.0,0.0,0.0,0.3,0.3,0.5,0.5,0.5,0.2,0.2,0.3,0.3,0.3,0.3,0.3,0.0,0.0,0.0,0.0,0.0,0.1,0.1,0.1,0.1,0.1,0.0,0.1,0.1,0.6,0.6,0.6,0.5,0.5,0.8,0.8,0.8,0.4,0.4,0.3,0.3,0.3,0.5,0.5,0.0,0.0,0.0,0.0,0.0,0.0,0.0,0.0,0.0,0.0,0.0,0.0,0.0,0.0,0.0,0.0,0.0,0.0,0.1,0.1,0.0,0.1,0.1,0.6,0.6,0.6,0.5,0.5,0.8,0.8,0.8,0.4,0.4,0.3,0.3,0.3,0.5,0.5,0.0,0.0,0.0,0.0,0.0,0.0,0.0,0.0,0.0,0.0,0.0,0.0,0.0,0.0,0.0,0.0,0.0,0.0,0.1,0.1,0.4,0.3,0.3,0.3,0.3,0.3,0.6,0.6,0.4,0.4,0.4,0.2,0.2,0.0,0.0,0.0,0.1,0.1,0.0,0.0,0.0,0.0,0.0,0.0,0.0,0.0,0.0,0.0,0.0,0.0,0.0,0.1,0.1,0.0,0.0,0.0,0.1,0.1,0.4,0.3,0.3,0.3,0.3,0.3,0.6,0.6,0.4,0.4,0.4,0.2,0.2,0.0,0.0,0.0,0.1,0.1,0.0,0.0,0.0,0.0,0.0,0.0,0.0,0.0,0.0,0.0,0.0,0.0,0.0,0.1,0.1,0.0,0.0,0.0,0.1,0.1,0.3,0.3,0.3,0.3,0.3,0.6,0.6,0.4,0.4,0.4,0.2,0.2,0.0,0.0,0.0,0.1,0.1,0.0,0.0,0.0,0.0,0.0,0.0,0.0,0.0,0.0,0.0,0.0,0.0,0.0,0.1,0.1,0.3,0.0,0.0,0.1,0.1,0.5,0.5,0.5,0.5,0.4,0.4,0.3,0.3,0.3,0.2,0.2,0.1,0.1,0.1,0.1,0.1,0.0,0.0,0.0,0.1,0.1,0.1,0.1,0.1,0.2,0.2,0.2,0.2,0.2,0.1,0.1,0.3,0.3,0.3,0.1,0.1,0.5,0.5,0.5,0.4,0.4,0.3,0.3,0.3,0.2,0.2,0.1,0.1,0.1,0.1,0.1,0.0,0.0,0.0,0.1,0.1,0.1,0.1,0.1,0.2,0.2,0.2,0.2,0.2,0.1,0.1,0.3,0.3,0.3,0.3,0.1,0.1,0.1,0.2,0.2,0.3,0.3,0.3,0.1,0.1,0.0,0.0,0.0,0.1,0.1,0.1,0.1,0.1,0.1,0.1,0.1,0.1,0.1,0.1,0.1,0.7,0.7,0.7,0.2,0.2,0.0,0.0,0.0,0.1,0.1,0.2,0.2,0.3,0.3,0.3,0.1,0.1,0.0,0.0,0.0,0.1,0.1,0.1,0.1,0.1,0.1,0.1,0.1,0.1,0.1,0.1,0.1,0.7,0.7,0.7,0.2,0.2,0.1,0.1,0.2,0.2,0.3,0.3,0.3,0.1,0.1,0.0,0.0,0.0,0.1,0.1,0.1,0.1,0.1,0.1,0.1,0.1,0.1,0.1,0.1,0.1,0.7,0.7,0.2,0.2,0.4,0.4,0.4,0.4,0.4,0.1,0.1,0.1,0.1,0.1,0.0,0.0,0.2,0.2,0.2,0.1,0.1,0.0,0.0,0.0,0.0,0.2,0.4,0.4,0.4,0.4,0.4,0.1,0.1,0.1,0.1,0.1,0.0,0.0,0.2,0.2,0.2,0.1,0.1,0.0,0.0,0.0,0.0,0.7,0.7,0.5,0.5,0.5,0.2,0.2,0.2,0.2,0.2,0.3,0.3,0.4,0.4,0.4,0.2,0.2,0.4,0.4,0.5,0.5,0.3,0.3,0.4,0.4,0.4,0.2,0.2,0.4
2026-10-06T17:00:00Z,0.0,0.0,0.0,0.0,0.0,0.0,0.0,0.0,0.0,0.0,0.0,0.0,0.0,0.0,0.0,0.0,0.0,0.0,0.0,0.0,0.0,0.0,0.0,0.0,0.0,0.0,0.0,0.0,0.0,0.0,0.0,0.0,0.0,0.0,0.0,0.0,0.0,0.0,0.0,0.0,0.0,0.0,0.0,0.0,0.0,0.0,0.0,0.0,0.0,0.0,0.0,0.0,0.0,0.0,0.0,0.0,0.0,0.0,0.0,0.0,0.0,0.0,0.0,0.0,0.0,0.0,0.0,0.0,0.0,0.0,0.0,0.0,0.0,0.0,0.0,0.0,0.0,0.0,0.0,0.0,0.0,0.0,0.0,0.0,0.0,0.0,0.0,0.0,0.0,0.0,0.0,0.0,0.0,0.0,0.1,0.1,0.1,0.0,0.1,0.0,0.0,0.0,0.0,0.0,0.0,0.0,0.0,0.0,0.0,0.0,0.0,0.0,0.0,0.0,0.0,0.0,0.0,0.0,0.0,0.0,0.0,0.0,0.0,0.1,0.1,0.1,0.1,0.1,0.1,0.0,0.0,0.0,0.0,0.0,0.0,0.0,0.0,0.0,0.0,0.0,0.0,0.0,0.0,0.0,0.0,0.0,0.0,0.0,0.0,0.0,0.0,0.0,0.0,0.0,0.1,0.1,0.1,0.0,0.0,0.0,0.1,0.0,0.0,0.0,0.0,0.0,0.0,0.0,0.0,0.0,0.0,0.0,0.0,0.0,0.0,0.0,0.0,0.0,0.0,0.0,0.0,0.0,0.3,0.3,0.3,0.3,0.3,0.1,0.1,0.1,0.0,0.0,0.0,0.0,0.0,0.0,0.0,0.0,0.0,0.0,0.0,0.0,0.0,0.0,0.0,0.0,0.0,0.0,0.0,0.0,0.0,0.0,0.0,0.0,0.0,0.0,0.0,0.3,0.3,0.3,0.3,0.3,0.1,0.1,0.1,0.0,0.0,0.0,0.1,0.1,0.0,0.0,0.1,0.1,0.1,0.0,0.0,0.0,0.0,0.0,0.0,0.0,0.0,0.0,0.0,0.3,0.3,0.5,0.5,0.5,0.2,0.2,0.3,0.3,0.3,0.3,0.3,0.0,0.0,0.0,0.0,0.0,0.1,0.1,0.1,0.1,0.0,0.0,0.0,0.1,0.1,0.1,0.0,0.0,0.0,0.0,0.0,0.0,0.0,0.0,0.0,0.0,0.3,0.3,0.5,0.5,0.5,0.2,0.2,0.3,0.3,0.3,0.3,0.3,0.0,0.0,0.0,0.0,0.0,0.1,0.1,0.1,0.1,0.1,0.0,0.0,0.0,0.1,0.1,0.1,0.0,0.0,0.0,0.0,0.0,0.0,0.0,0.0,0.0,0.0,0.3,0.3,0.5,0.5,0.5,0.2,0.2,0.3,0.3,0.3,0.3,0.3,0.0,0.0,0.0,0.0,0.0,0.1,0.1,0.1,0.1,0.1,0.0,0.1,0.1,0.6,0.6,0.6,0.5,0.5,0.8,0.8,0.8,0.4,0.4,0.3,0.3,0.3,0.5,0.5,0.0,0.0,0.0,0.0,0.0,0.0,0.0,0.0,0.0,0.0,0.0,0.0,0.0,0.0,0.0,0.0,0.0,0.0,0.1,0.1,0.0,0.1,0.1,0.6,0.6,0.6,0.5,0.5,0.8,0.8,0.8,0.4,0.4,0.3,0.3,0.3,0.5,0.5,0.0,0.0,0.0,0.0,0.0,0.0,0.0,0.0,0.0,0.0,0.0,0.0,0.0,0.0,0.0,0.0,0.0,0.0,0.1,0.1,0.4,0.3,0.3,0.3,0.3,0.3,0.6,0.6,0.4,0.4,0.4,0.2,0.2,0.0,0.0,0.0,0.1,0.1,0.0,0.0,0.0,0.0,0.0,0.0,0.0,0.0,0.0,0.0,0.0,0.0,0.0,0.1,0.1,0.0,0.0,0.0,0.1,0.1,0.4,0.3,0.3,0.3,0.3,0.3,0.6,0.6,0.4,0.4,0.4,0.2,0.2,0.0,0.0,0.0,0.1,0.1,0.0,0.0,0.0,0.0,0.0,0.0,0.0,0.0,0.0,0.0,0.0,0.0,0.0,0.1,0.1,0.0,0.0,0.0,0.1,0.1,0.3,0.3,0.3,0.3,0.3,0.6,0.6,0.4,0.4,0.4,0.2,0.2,0.0,0.0,0.0,0.1,0.1,0.0,0.0,0.0,0.0,0.0,0.0,0.0,0.0,0.0,0.0,0.0,0.0,0.0,0.1,0.1,0.3,0.0,0.0,0.1,0.1,0.5,0.5,0.5,0.5,0.4,0.4,0.3,0.3,0.3,0.2,0.2,0.1,0.1,0.1,0.1,0.1,0.0,0.0,0.0,0.1,0.1,0.1,0.1,0.1,0.2,0.2,0.2,0.2,0.2,0.1,0.1,0.3,0.3,0.3,0.1,0.1,0.5,0.5,0.5,0.4,0.4,0.3,0.3,0.3,0.2,0.2,0.1,0.1,0.1,0.1,0.1,0.0,0.0,0.0,0.1,0.1,0.1,0.1,0.1,0.2,0.2,0.2,0.2,0.2,0.1,0.1,0.3,0.3,0.3,0.3,0.1,0.1,0.1,0.2,0.2,0.3,0.3,0.3,0.1,0.1,0.0,0.0,0.0,0.1,0.1,0.1,0.1,0.1,0.1,0.1,0.1,0.1,0.1,0.1,0.1,0.7,0.7,0.7,0.2,0.2,0.0,0.0,0.0,0.1,0.1,0.2,0.2,0.3,0.3,0.3,0.1,0.1,0.0,0.0,0.0,0.1,0.1,0.1,0.1,0.1,0.1,0.1,0.1,0.1,0.1,0.1,0.1,0.7,0.7,0.7,0.2,0.2,0.1,0.1,0.2,0.2,0.3,0.3,0.3,0.1,0.1,0.0,0.0,0.0,0.1,0.1,0.1,0.1,0.1,0.1,0.1,0.1,0.1,0.1,0.1,0.1,0.7,0.7,0.2,0.2,0.4,0.4,0.4,0.4,0.4,0.1,0.1,0.1,0.1,0.1,0.0,0.0,0.2,0.2,0.2,0.1,0.1,0.0,0.0,0.0,0.0,0.2,0.4,0.4,0.4,0.4,0.4,0.1,0.1,0.1,0.1,0.1,0.0,0.0,0.2,0.2,0.2,0.1,0.1,0.0,0.0,0.0,0.0,0.7,0.7,0.5,0.5,0.5,0.2,0.2,0.2,0.2,0.2,0.3,0.3,0.4,0.4,0.4,0.2,0.2,0.4,0.4,0.5,0.5,0.3,0.3,0.4,0.4,0.4,0.2,0.2,0.4
2026-10-06T18:00:00Z,0.0,0.0,0.0,0.0,0.0,0.0,0.0,0.0,0.0,0.0,0.0,0.0,0.0,0.0,0.0,0.0,0.0,0.0,0.0,0.0,0.0,0.0,0.0,0.0,0.0,0.0,0.0,0.0,0.0,0.0,0.0,0.0,0.0,0.0,0.0,0.0,0.0,0.0,0.0,0.0,0.0,0.0,0.0,0.0,0.0,0.0,0.0,0.0,0.0,0.0,0.0,0.0,0.0,0.0,0.0,0.0,0.0,0.0,0.0,0.0,0.0,0.0,0.0,0.0,0.0,0.0,0.0,0.0,0.0,0.0,0.0,0.0,0.0,0.0,0.0,0.0,0.0,0.0,0.0,0.0,0.0,0.0,0.0,0.0,0.0,0.0,0.0,0.0,0.0,0.0,0.0,0.0,0.0,0.0,0.1,0.1,0.1,0.0,0.1,0.0,0.0,0.0,0.0,0.0,0.0,0.0,0.0,0.0,0.0,0.0,0.0,0.0,0.0,0.0,0.0,0.0,0.0,0.0,0.0,0.0,0.0,0.0,0.0,0.1,0.1,0.1,0.1,0.1,0.1,0.0,0.0,0.0,0.0,0.0,0.0,0.0,0.0,0.0,0.0,0.0,0.0,0.0,0.0,0.0,0.0,0.0,0.0,0.0,0.0,0.0,0.0,0.0,0.0,0.0,0.1,0.1,0.1,0.0,0.0,0.0,0.1,0.0,0.0,0.0,0.0,0.0,0.0,0.0,0.0,0.0,0.0,0.0,0.0,0.0,0.0,0.0,0.0,0.0,0.0,0.0,0.0,0.0,0.3,0.3,0.3,0.3,0.3,0.1,0.1,0.1,0.0,0.0,0.0,0.0,0.0,0.0,0.0,0.0,0.0,0.0,0.0,0.0,0.0,0.0,0.0,0.0,0.0,0.0,0.0,0.0,0.0,0.0,0.0,0.0,0.0,0.0,0.0,0.3,0.3,0.3,0.3,0.3,0.1,0.1,0.1,0.0,0.0,0.0,0.1,0.1,0.0,0.0,0.1,0.1,0.1,0.0,0.0,0.0,0.0,0.0,0.0,0.0,0.0,0.0,0.0,0.3,0.3,0.5,0.5,0.5,0.2,0.2,0.3,0.3,0.3,0.3,0.3,0.0,0.0,0.0,0.0,0.0,0.1,0.1,0.1,0.1,0.0,0.0,0.0,0.1,0.1,0.1,0.0,0.0,0.0,0.0,0.0,0.0,0.0,0.0,0.0,0.0,0.3,0.3,0.5,0.5,0.5,0.2,0.2,0.3,0.3,0.3,0.3,0.3,0.0,0.0,0.0,0.0,0.0,0.1,0.1,0.1,0.1,0.1,0.0,0.0,0.0,0.1,0.1,0.1,0.0,0.0,0.0,0.0,0.0,0.0,0.0,0.0,0.0,0.0,0.3,0.3,0.5,0.5,0.5,0.2,0.2,0.3,0.3,0.3,0.3,0.3,0.0,0.0,0.0,0.0,0.0,0.1,0.1,0.1,0.1,0.1,0.0,0.1,0.1,0.6,0.6,0.6,0.5,0.5,0.8,0.8,0.8,0.4,0.4,0.3,0.3,0.3,0.5,0.5,0.0,0.0,0.0,0.0,0.0,0.0,0.0,0.0,0.0,0.0,0.0,0.0,0.0,0.0,0.0,0.0,0.0,0.0,0.1,0.1,0.0,0.1,0.1,0.6,0.6,0.6,0.5,0.5,0.8,0.8,0.8,0.4,0.4,0.3,0.3,0.3,0.5,0.5,0.0,0.0,0.0,0.0,0.0,0.0,0.0,0.0,0.0,0.0,0.0,0.0,0.0,0.0,0.0,0.0,0.0,0.0,0.1,0.1,0.4,0.3,0.3,0.3,0.3,0.3,0.6,0.6,0.4,0.4,0.4,0.2,0.2,0.0,0.0,0.0,0.1,0.1,0.0,0.0,0.0,0.0,0.0,0.0,0.0,0.0,0.0,0.0,0.0,0.0,0.0,0.1,0.1,0.0,0.0,0.0,0.1,0.1,0.4,0.3,0.3,0.3,0.3,0.3,0.6,0.6,0.4,0.4,0.4,0.2,0.2,0.0,0.0,0.0,0.1,0.1,0.0,0.0,0.0,0.0,0.0,0.0,0.0,0.0,0.0,0.0,0.0,0.0,0.0,0.1,0.1,0.0,0.0,0.0,0.1,0.1,0.3,0.3,0.3,0.3,0.3,0.6,0.6,0.4,0.4,0.4,0.2,0.2,0.0,0.0,0.0,0.1,0.1,0.0,0.0,0.0,0.0,0.0,0.0,0.0,0.0,0.0,0.0,0.0,0.0,0.0,0.1,0.1,0.3,0.0,0.0,0.1,0.1,0.5,0.5,0.5,0.5,0.4,0.4,0.3,0.3,0.3,0.2,0.2,0.1,0.1,0.1,0.1,0.1,0.0,0.0,0.0,0.1,0.1,0.1,0.1,0.1,0.2,0.2,0.2,0.2,0.2,0.1,0.1,0.3,0.3,0.3,0.1,0.1,0.5,0.5,0.5,0.4,0.4,0.3,0.3,0.3,0.2,0.2,0.1,0.1,0.1,0.1,0.1,0.0,0.0,0.0,0.1,0.1,0.1,0.1,0.1,0.2,0.2,0.2,0.2,0.2,0.1,0.1,0.3,0.3,0.3,0.3,0.1,0.1,0.1,0.2,0.2,0.3,0.3,0.3,0.1,0.1,0.0,0.0,0.0,0.1,0.1,0.1,0.1,0.1,0.1,0.1,0.1,0.1,0.1,0.1,0.1,0.7,0.7,0.7,0.2,0.2,0.0,0.0,0.0,0.1,0.1,0.2,0.2,0.3,0.3,0.3,0.1,0.1,0.0,0.0,0.0,0.1,0.1,0.1,0.1,0.1,0.1,0.1,0.1,0.1,0.1,0.1,0.1,0.7,0.7,0.7,0.2,0.2,0.1,0.1,0.2,0.2,0.3,0.3,0.3,0.1,0.1,0.0,0.0,0.0,0.1,0.1,0.1,0.1,0.1,0.1,0.1,0.1,0.1,0.1,0.1,0.1,0.7,0.7,0.2,0.2,0.4,0.4,0.4,0.4,0.4,0.1,0.1,0.1,0.1,0.1,0.0,0.0,0.2,0.2,0.2,0.1,0.1,0.0,0.0,0.0,0.0,0.2,0.4,0.4,0.4,0.4,0.4,0.1,0.1,0.1,0.1,0.1,0.0,0.0,0.2,0.2,0.2,0.1,0.1,0.0,0.0,0.0,0.0,0.7,0.7,0.5,0.5,0.5,0.2,0.2,0.2,0.2,0.2,0.3,0.3,0.4,0.4,0.4,0.2,0.2,0.4,0.4,0.5,0.5,0.3,0.3,0.4,0.4,0.4,0.2,0.2,0.4
2026-10-06T19:00:00Z,0.0,0.0,0.0,0.0,0.0,0.0,0.0,0.0,0.0,0.0,0.0,0.0,0.0,0.0,0.0,0.0,0.0,0.0,0.0,0.0,0.0,0.0,0.0,0.0,0.0,0.0,0.0,0.0,0.0,0.0,0.0,0.0,0.0,0.0,0.0,0.0,0.0,0.0,0.0,0.0,0.0,0.0,0.0,0.0,0.0,0.0,0.0,0.0,0.0,0.0,0.0,0.0,0.0,0.0,0.0,0.0,0.0,0.0,0.0,0.0,0.0,0.0,0.0,0.0,0.0,0.0,0.0,0.0,0.0,0.0,0.0,0.0,0.0,0.0,0.0,0.0,0.0,0.0,0.0,0.0,0.0,0.0,0.0,0.0,0.0,0.0,0.0,0.0,0.0,0.0,0.0,0.0,0.0,0.0,0.0,0.0,0.0,0.0,0.0,0.0,0.0,0.0,0.0,0.0,0.0,0.0,0.0,0.0,0.0,0.0,0.0,0.0,0.0,0.0,0.0,0.0,0.0,0.0,0.0,0.0,0.0,0.0,0.0,0.0,0.0,0.0,0.0,0.0,0.0,0.0,0.0,0.0,0.0,0.0,0.0,0.0,0.0,0.0,0.0,0.0,0.0,0.0,0.0,0.0,0.0,0.0,0.0,0.0,0.0,0.0,0.0,0.0,0.0,0.0,0.0,0.0,0.0,0.0,0.0,0.0,0.0,0.0,0.0,0.0,0.0,0.0,0.0,0.0,0.0,0.0,0.0,0.0,0.0,0.0,0.0,0.0,0.0,0.0,0.0,0.0,0.0,0.0,0.0,0.0,0.0,0.1,0.1,0.0,0.0,0.0,0.0,0.0,0.0,0.0,0.0,0.0,0.0,0.0,0.0,0.0,0.0,0.0,0.0,0.0,0.0,0.0,0.0,0.0,0.0,0.0,0.0,0.0,0.0,0.0,0.0,0.0,0.0,0.0,0.0,0.0,0.1,0.1,0.0,0.0,0.0,0.0,0.0,0.0,0.1,0.1,0.0,0.0,0.2,0.2,0.2,0.1,0.1,0.0,0.0,0.0,0.1,0.1,0.0,0.0,0.0,0.3,0.3,0.2,0.2,0.2,0.2,0.2,0.2,0.2,0.2,0.3,0.3,0.1,0.1,0.1,0.0,0.0,0.1,0.1,0.1,0.1,0.0,0.0,0.0,0.2,0.2,0.2,0.1,0.1,0.0,0.0,0.0,0.1,0.1,0.0,0.0,0.0,0.3,0.3,0.2,0.2,0.2,0.2,0.2,0.2,0.2,0.2,0.3,0.3,0.1,0.1,0.1,0.0,0.0,0.1,0.1,0.1,0.1,0.0,0.0,0.0,0.0,0.2,0.2,0.2,0.1,0.1,0.0,0.0,0.0,0.1,0.1,0.0,0.0,0.0,0.3,0.3,0.2,0.2,0.2,0.2,0.2,0.2,0.2,0.2,0.3,0.3,0.1,0.1,0.1,0.0,0.0,0.1,0.1,0.1,0.0,0.0,0.0,0.2,0.2,0.7,0.7,0.7,0.5,0.5,0.5,0.5,0.5,0.6,0.6,0.3,0.3,0.3,0.1,0.1,0.0,0.0,0.0,0.0,0.0,0.0,0.0,0.0,0.0,0.0,0.0,0.0,0.0,0.1,0.1,0.0,0.0,0.0,0.0,0.0,0.0,0.2,0.2,0.7,0.7,0.7,0.5,0.5,0.5,0.5,0.5,0.6,0.6,0.3,0.3,0.3,0.1,0.1,0.0,0.0,0.0,0.0,0.0,0.0,0.0,0.0,0.0,0.0,0.0,0.0,0.0,0.1,0.1,0.0,0.0,0.0,0.0,0.0,0.5,0.4,0.4,0.5,0.5,0.5,0.3,0.3,0.1,0.1,0.1,0.1,0.1,0.4,0.4,0.4,0.1,0.1,0.1,0.1,0.1,0.0,0.0,0.0,0.0,0.0,0.0,0.0,0.0,0.0,0.0,0.1,0.1,0.0,0.0,0.0,0.0,0.0,0.5,0.4,0.4,0.5,0.5,0.5,0.3,0.3,0.1,0.1,0.1,0.1,0.1,0.4,0.4,0.4,0.1,0.1,0.1,0.1,0.1,0.0,0.0,0.0,0.0,0.0,0.0,0.0,0.0,0.0,0.0,0.1,0.1,0.0,0.0,0.0,0.0,0.0,0.4,0.4,0.5,0.5,0.5,0.3,0.3,0.1,0.1,0.1,0.1,0.1,0.4,0.4,0.4,0.1,0.1,0.1,0.1,0.1,0.0,0.0,0.0,0.0,0.0,0.0,0.0,0.0,0.0,0.0,0.1,0.1,0.1,0.0,0.0,0.0,0.0,0.2,0.3,0.3,0.3,0.1,0.1,0.1,0.1,0.1,0.2,0.2,0.2,0.2,0.2,0.2,0.2,0.1,0.1,0.1,0.0,0.0,0.0,0.0,0.0,0.0,0.0,0.0,0.0,0.0,0.0,0.0,0.1,0.1,0.1,0.0,0.0,0.3,0.3,0.3,0.1,0.1,0.1,0.1,0.1,0.2,0.2,0.2,0.2,0.2,0.2,0.2,0.1,0.1,0.1,0.0,0.0,0.0,0.0,0.0,0.0,0.0,0.0,0.0,0.0,0.0,0.0,0.1,0.1,0.1,0.1,0.1,0.1,0.1,0.1,0.1,0.0,0.0,0.0,0.1,0.1,0.0,0.0,0.0,0.1,0.1,0.0,0.0,0.0,0.0,0.0,0.0,0.0,0.0,0.0,0.0,0.0,0.0,0.0,0.0,0.0,0.0,0.0,0.0,0.1,0.1,0.1,0.1,0.0,0.0,0.0,0.1,0.1,0.0,0.0,0.0,0.1,0.1,0.0,0.0,0.0,0.0,0.0,0.0,0.0,0.0,0.0,0.0,0.0,0.0,0.0,0.0,0.0,0.1,0.1,0.1,0.1,0.0,0.0,0.0,0.1,0.1,0.0,0.0,0.0,0.1,0.1,0.0,0.0,0.0,0.0,0.0,0.0,0.0,0.0,0.0,0.0,0.0,0.0,0.1,0.1,0.0,0.0,0.0,0.0,0.0,0.1,0.1,0.0,0.0,0.0,0.0,0.0,0.1,0.1,0.1,0.1,0.1,0.0,0.0,0.0,0.0,0.1,0.0,0.0,0.0,0.0,0.0,0.1,0.1,0.0,0.0,0.0,0.0,0.0,0.1,0.1,0.1,0.1,0.1,0.0,0.0,0.0,0.0,0.1,0.1,0.0,0.0,0.0,0.0,0.0,0.1,0.1,0.1,0.1,0.1,0.0,0.0,0.0,0.1,0.1,0.1,0.1,0.0,0.0,0.1,0.1,0.0,0.0,0.0,0.1,0.1,0.1
2026-10-06T20:00:00Z,0.0,0.0,0.0,0.0,0.0,0.0,0.0,0.0,0.0,0.0,0.0,0.0,0.0,0.0,0.0,0.0,0.0,0.0,0.0,0.0,0.0,0.0,0.0,0.0,0.0,0.0,0.0,0.0,0.0,0.0,0.0,0.0,0.0,0.0,0.0,0.0,0.0,0.0,0.0,0.0,0.0,0.0,0.0,0.0,0.0,0.0,0.0,0.0,0.0,0.0,0.0,0.0,0.0,0.0,0.0,0.0,0.0,0.0,0.0,0.0,0.0,0.0,0.0,0.0,0.0,0.0,0.0,0.0,0.0,0.0,0.0,0.0,0.0,0.0,0.0,0.0,0.0,0.0,0.0,0.0,0.0,0.0,0.0,0.0,0.0,0.0,0.0,0.0,0.0,0.0,0.0,0.0,0.0,0.0,0.0,0.0,0.0,0.0,0.0,0.0,0.0,0.0,0.0,0.0,0.0,0.0,0.0,0.0,0.0,0.0,0.0,0.0,0.0,0.0,0.0,0.0,0.0,0.0,0.0,0.0,0.0,0.0,0.0,0.0,0.0,0.0,0.0,0.0,0.0,0.0,0.0,0.0,0.0,0.0,0.0,0.0,0.0,0.0,0.0,0.0,0.0,0.0,0.0,0.0,0.0,0.0,0.0,0.0,0.0,0.0,0.0,0.0,0.0,0.0,0.0,0.0,0.0,0.0,0.0,0.0,0.0,0.0,0.0,0.0,0.0,0.0,0.0,0.0,0.0,0.0,0.0,0.0,0.0,0.0,0.0,0.0,0.0,0.0,0.0,0.0,0.0,0.0,0.0,0.0,0.0,0.1,0.1,0.0,0.0,0.0,0.0,0.0,0.0,0.0,0.0,0.0,0.0,0.0,0.0,0.0,0.0,0.0,0.0,0.0,0.0,0.0,0.0,0.0,0.0,0.0,0.0,0.0,0.0,0.0,0.0,0.0,0.0,0.0,0.0,0.0,0.1,0.1,0.0,0.0,0.0,0.0,0.0,0.0,0.1,0.1,0.0,0.0,0.2,0.2,0.2,0.1,0.1,0.0,0.0,0.0,0.1,0.1,0.0,0.0,0.0,0.3,0.3,0.2,0.2,0.2,0.2,0.2,0.2,0.2,0.2,0.3,0.3,0.1,0.1,0.1,0.0,0.0,0.1,0.1,0.1,0.1,0.0,0.0,0.0,0.2,0.2,0.2,0.1,0.1,0.0,0.0,0.0,0.1,0.1,0.0,0.0,0.0,0.3,0.3,0.2,0.2,0.2,0.2,0.2,0.2,0.2,0.2,0.3,0.3,0.1,0.1,0.1,0.0,0.0,0.1,0.1,0.1,0.1,0.0,0.0,0.0,0.0,0.2,0.2,0.2,0.1,0.1,0.0,0.0,0.0,0.1,0.1,0.0,0.0,0.0,0.3,0.3,0.2,0.2,0.2,0.2,0.2,0.2,0.2,0.2,0.3,0.3,0.1,0.1,0.1,0.0,0.0,0.1,0.1,0.1,0.0,0.0,0.0,0.2,0.2,0.7,0.7,0.7,0.5,0.5,0.5,0.5,0.5,0.6,0.6,0.3,0.3,0.3,0.1,0.1,0.0,0.0,0.0,0.0,0.0,0.0,0.0,0.0,0.0,0.0,0.0,0.0,0.0,0.1,0.1,0.0,0.0,0.0,0.0,0.0,0.0,0.2,0.2,0.7,0.7,0.7,0.5,0.5,0.5,0.5,0.5,0.6,0.6,0.3,0.3,0.3,0.1,0.1,0.0,0.0,0.0,0.0,0.0,0.0,0.0,0.0,0.0,0.0,0.0,0.0,0.0,0.1,0.1,0.0,0.0,0.0,0.0,0.0,0.5,0.4,0.4,0.5,0.5,0.5,0.3,0.3,0.1,0.1,0.1,0.1,0.1,0.4,0.4,0.4,0.1,0.1,0.1,0.1,0.1,0.0,0.0,0.0,0.0,0.0,0.0,0.0,0.0,0.0,0.0,0.1,0.1,0.0,0.0,0.0,0.0,0.0,0.5,0.4,0.4,0.5,0.5,0.5,0.3,0.3,0.1,0.1,0.1,0.1,0.1,0.4,0.4,0.4,0.1,0.1,0.1,0.1,0.1,0.0,0.0,0.0,0.0,0.0,0.0,0.0,0.0,0.0,0.0,0.1,0.1,0.0,0.0,0.0,0.0,0.0,0.4,0.4,0.5,0.5,0.5,0.3,0.3,0.1,0.1,0.1,0.1,0.1,0.4,0.4,0.4,0.1,0.1,0.1,0.1,0.1,0.0,0.0,0.0,0.0,0.0,0.0,0.0,0.0,0.0,0.0,0.1,0.1,0.1,0.0,0.0,0.0,0.0,0.2,0.3,0.3,0.3,0.1,0.1,0.1,0.1,0.1,0.2,0.2,0.2,0.2,0.2,0.2,0.2,0.1,0.1,0.1,0.0,0.0,0.0,0.0,0.0,0.0,0.0,0.0,0.0,0.0,0.0,0.0,0.1,0.1,0.1,0.0,0.0,0.3,0.3,0.3,0.1,0.1,0.1,0.1,0.1,0.2,0.2,0.2,0.2,0.2,0.2,0.2,0.1,0.1,0.1,0.0,0.0,0.0,0.0,0.0,0.0,0.0,0.0,0.0,0.0,0.0,0.0,0.1,0.1,0.1,0.1,0.1,0.1,0.1,0.1,0.1,0.0,0.0,0.0,0.1,0.1,0.0,0.0,0.0,0.1,0.1,0.0,0.0,0.0,0.0,0.0,0.0,0.0,0.0,0.0,0.0,0.0,0.0,0.0,0.0,0.0,0.0,0.0,0.0,0.1,0.1,0.1,0.1,0.0,0.0,0.0,0.1,0.1,0.0,0.0,0.0,0.1,0.1,0.0,0.0,0.0,0.0,0.0,0.0,0.0,0.0,0.0,0.0,0.0,0.0,0.0,0.0,0.0,0.1,0.1,0.1,0.1,0.0,0.0,0.0,0.1,0.1,0.0,0.0,0.0,0.1,0.1,0.0,0.0,0.0,0.0,0.0,0.0,0.0,0.0,0.0,0.0,0.0,0.0,0.1,0.1,0.0,0.0,0.0,0.0,0.0,0.1,0.1,0.0,0.0,0.0,0.0,0.0,0.1,0.1,0.1,0.1,0.1,0.0,0.0,0.0,0.0,0.1,0.0,0.0,0.0,0.0,0.0,0.1,0.1,0.0,0.0,0.0,0.0,0.0,0.1,0.1,0.1,0.1,0.1,0.0,0.0,0.0,0.0,0.1,0.1,0.0,0.0,0.0,0.0,0.0,0.1,0.1,0.1,0.1,0.1,0.0,0.0,0.0,0.1,0.1,0.1,0.1,0.0,0.0,0.1,0.1,0.0,0.0,0.0,0.1,0.1,0.1
2026-10-06T21:00:00Z,0.0,0.0,0.0,0.0,0.0,0.0,0.0,0.0,0.0,0.0,0.0,0.0,0.0,0.0,0.0,0.0,0.0,0.0,0.0,0.0,0.0,0.0,0.0,0.0,0.0,0.0,0.0,0.0,0.0,0.0,0.0,0.0,0.0,0.0,0.0,0.0,0.0,0.0,0.0,0.0,0.0,0.0,0.0,0.0,0.0,0.0,0.0,0.0,0.0,0.0,0.0,0.0,0.0,0.0,0.0,0.0,0.0,0.0,0.0,0.0,0.0,0.0,0.0,0.0,0.0,0.0,0.0,0.0,0.0,0.0,0.0,0.0,0.0,0.0,0.0,0.0,0.0,0.0,0.0,0.0,0.0,0.0,0.0,0.0,0.0,0.0,0.0,0.0,0.0,0.0,0.0,0.0,0.0,0.0,0.0,0.0,0.0,0.0,0.0,0.0,0.0,0.0,0.0,0.0,0.0,0.0,0.0,0.0,0.0,0.0,0.0,0.0,0.0,0.0,0.0,0.0,0.0,0.0,0.0,0.0,0.0,0.0,0.0,0.0,0.0,0.0,0.0,0.0,0.0,0.0,0.0,0.0,0.0,0.0,0.0,0.0,0.0,0.0,0.0,0.0,0.0,0.0,0.0,0.0,0.0,0.0,0.0,0.0,0.0,0.0,0.0,0.0,0.0,0.0,0.0,0.0,0.0,0.0,0.0,0.0,0.0,0.0,0.0,0.0,0.0,0.0,0.0,0.0,0.0,0.0,0.0,0.0,0.0,0.0,0.0,0.0,0.0,0.0,0.0,0.0,0.0,0.0,0.0,0.0,0.0,0.1,0.1,0.0,0.0,0.0,0.0,0.0,0.0,0.0,0.0,0.0,0.0,0.0,0.0,0.0,0.0,0.0,0.0,0.0,0.0,0.0,0.0,0.0,0.0,0.0,0.0,0.0,0.0,0.0,0.0,0.0,0.0,0.0,0.0,0.0,0.1,0.1,0.0,0.0,0.0,0.0,0.0,0.0,0.1,0.1,0.0,0.0,0.2,0.2,0.2,0.1,0.1,0.0,0.0,0.0,0.1,0.1,0.0,0.0,0.0,0.3,0.3,0.2,0.2,0.2,0.2,0.2,0.2,0.2,0.2,0.3,0.3,0.1,0.1,0.1,0.0,0.0,0.1,0.1,0.1,0.1,0.0,0.0,0.0,0.2,0.2,0.2,0.1,0.1,0.0,0.0,0.0,0.1,0.1,0.0,0.0,0.0,0.3,0.3,0.2,0.2,0.2,0.2,0.2,0.2,0.2,0.2,0.3,0.3,0.1,0.1,0.1,0.0,0.0,0.1,0.1,0.1,0.1,0.0,0.0,0.0,0.0,0.2,0.2,0.2,0.1,0.1,0.0,0.0,0.0,0.1,0.1,0.0,0.0,0.0,0.3,0.3,0.2,0.2,0.2,0.2,0.2,0.2,0.2,0.2,0.3,0.3,0.1,0.1,0.1,0.0,0.0,0.1,0.1,0.1,0.0,0.0,0.0,0.2,0.2,0.7,0.7,0.7,0.5,0.5,0.5,0.5,0.5,0.6,0.6,0.3,0.3,0.3,0.1,0.1,0.0,0.0,0.0,0.0,0.0,0.0,0.0,0.0,0.0,0.0,0.0,0.0,0.0,0.1,0.1,0.0,0.0,0.0,0.0,0.0,0.0,0.2,0.2,0.7,0.7,0.7,0.5,0.5,0.5,0.5,0.5,0.6,0.6,0.3,0.3,0.3,0.1,0.1,0.0,0.0,0.0,0.0,0.0,0.0,0.0,0.0,0.0,0.0,0.0,0.0,0.0,0.1,0.1,0.0,0.0,0.0,0.0,0.0,0.5,0.4,0.4,0.5,0.5,0.5,0.3,0.3,0.1,0.1,0.1,0.1,0.1,0.4,0.4,0.4,0.1,0.1,0.1,0.1,0.1,0.0,0.0,0.0,0.0,0.0,0.0,0.0,0.0,0.0,0.0,0.1,0.1,0.0,0.0,0.0,0.0,0.0,0.5,0.4,0.4,0.5,0.5,0.5,0.3,0.3,0.1,0.1,0.1,0.1,0.1,0.4,0.4,0.4,0.1,0.1,0.1,0.1,0.1,0.0,0.0,0.0,0.0,0.0,0.0,0.0,0.0,0.0,0.0,0.1,0.1,0.0,0.0,0.0,0.0,0.0,0.4,0.4,0.5,0.5,0.5,0.3,0.3,0.1,0.1,0.1,0.1,0.1,0.4,0.4,0.4,0.1,0.1,0.1,0.1,0.1,0.0,0.0,0.0,0.0,0.0,0.0,0.0,0.0,0.0,0.0,0.1,0.1,0.1,0.0,0.0,0.0,0.0,0.2,0.3,0.3,0.3,0.1,0.1,0.1,0.1,0.1,0.2,0.2,0.2,0.2,0.2,0.2,0.2,0.1,0.1,0.1,0.0,0.0,0.0,0.0,0.0,0.0,0.0,0.0,0.0,0.0,0.0,0.0,0.1,0.1,0.1,0.0,0.0,0.3,0.3,0.3,0.1,0.1,0.1,0.1,0.1,0.2,0.2,0.2,0.2,0.2,0.2,0.2,0.1,0.1,0.1,0.0,0.0,0.0,0.0,0.0,0.0,0.0,0.0,0.0,0.0,0.0,0.0,0.1,0.1,0.1,0.1,0.1,0.1,0.1,0.1,0.1,0.0,0.0,0.0,0.1,0.1,0.0,0.0,0.0,0.1,0.1,0.0,0.0,0.0,0.0,0.0,0.0,0.0,0.0,0.0,0.0,0.0,0.0,0.0,0.0,0.0,0.0,0.0,0.0,0.1,0.1,0.1,0.1,0.0,0.0,0.0,0.1,0.1,0.0,0.0,0.0,0.1,0.1,0.0,0.0,0.0,0.0,0.0,0.0,0.0,0.0,0.0,0.0,0.0,0.0,0.0,0.0,0.0,0.1,0.1,0.1,0.1,0.0,0.0,0.0,0.1,0.1,0.0,0.0,0.0,0.1,0.1,0.0,0.0,0.0,0.0,0.0,0.0,0.0,0.0,0.0,0.0,0.0,0.0,0.1,0.1,0.0,0.0,0.0,0.0,0.0,0.1,0.1,0.0,0.0,0.0,0.0,0.0,0.1,0.1,0.1,0.1,0.1,0.0,0.0,0.0,0.0,0.1,0.0,0.0,0.0,0.0,0.0,0.1,0.1,0.0,0.0,0.0,0.0,0.0,0.1,0.1,0.1,0.1,0.1,0.0,0.0,0.0,0.0,0.1,0.1,0.0,0.0,0.0,0.0,0.0,0.1,0.1,0.1,0.1,0.1,0.0,0.0,0.0,0.1,0.1,0.1,0.1,0.0,0.0,0.1,0.1,0.0,0.0,0.0,0.1,0.1,0.1
2026-10-06T22:00:00Z,0.0,0.0,0.0,0.0,0.0,0.0,0.0,0.0,0.0,0.0,0.0,0.0,0.0,0.0,0.0,0.0,0.0,0.0,0.0,0.0,0.0,0.0,0.0,0.0,0.0,0.0,0.0,0.0,0.0,0.0,0.0,0.0,0.0,0.0,0.0,0.0,0.0,0.0,0.0,0.0,0.0,0.0,0.0,0.0,0.0,0.0,0.0,0.0,0.0,0.0,0.0,0.0,0.0,0.0,0.0,0.0,0.0,0.0,0.0,0.0,0.0,0.0,0.0,0.0,0.0,0.0,0.0,0.0,0.0,0.0,0.0,0.0,0.0,0.0,0.0,0.0,0.0,0.0,0.0,0.0,0.0,0.0,0.0,0.0,0.0,0.0,0.0,0.0,0.0,0.0,0.0,0.0,0.0,0.0,0.0,0.0,0.0,0.0,0.0,0.0,0.0,0.0,0.0,0.0,0.0,0.0,0.0,0.0,0.0,0.0,0.0,0.0,0.0,0.0,0.0,0.0,0.0,0.0,0.0,0.0,0.0,0.0,0.0,0.0,0.0,0.0,0.0,0.0,0.0,0.0,0.0,0.0,0.0,0.0,0.0,0.0,0.0,0.0,0.0,0.0,0.0,0.0,0.0,0.0,0.0,0.0,0.0,0.0,0.0,0.0,0.0,0.0,0.0,0.0,0.0,0.0,0.0,0.0,0.0,0.0,0.0,0.0,0.0,0.0,0.0,0.0,0.0,0.0,0.0,0.0,0.0,0.0,0.0,0.0,0.0,0.0,0.0,0.0,0.0,0.0,0.0,0.0,0.0,0.0,0.0,0.0,0.0,0.0,0.0,0.0,0.0,0.0,0.0,0.0,0.0,0.0,0.0,0.0,0.0,0.0,0.0,0.0,0.0,0.0,0.0,0.0,0.0,0.0,0.0,0.0,0.0,0.0,0.0,0.0,0.0,0.0,0.0,0.0,0.0,0.0,0.0,0.0,0.0,0.0,0.0,0.0,0.0,0.0,0.0,0.0,0.0,0.0,0.0,0.0,0.0,0.0,0.0,0.0,0.0,0.0,0.0,0.0,0.0,0.0,0.0,0.0,0.0,0.0,0.0,0.0,0.0,0.0,0.0,0.0,0.0,0.0,0.0,0.0,0.0,0.0,0.0,0.0,0.0,0.0,0.0,0.0,0.0,0.0,0.0,0.0,0.0,0.0,0.0,0.0,0.0,0.0,0.0,0.0,0.0,0.0,0.0,0.0,0.0,0.0,0.0,0.0,0.0,0.0,0.0,0.0,0.0,0.0,0.0,0.0,0.0,0.0,0.0,0.0,0.0,0.0,0.0,0.0,0.0,0.0,0.0,0.0,0.0,0.0,0.0,0.0,0.0,0.0,0.0,0.0,0.0,0.0,0.0,0.0,0.0,0.0,0.0,0.0,0.0,0.0,0.0,0.0,0.0,0.0,0.0,0.0,0.0,0.0,0.0,0.0,0.0,0.0,0.0,0.0,0.0,0.0,0.0,0.0,0.0,0.0,0.0,0.0,0.0,0.0,0.0,0.0,0.0,0.0,0.0,0.0,0.0,0.0,0.0,0.0,0.0,0.0,0.0,0.0,0.0,0.0,0.0,0.0,0.0,0.0,0.0,0.0,0.0,0.0,0.0,0.0,0.0,0.0,0.0,0.0,0.0,0.0,0.0,0.0,0.0,0.0,0.0,0.0,0.0,0.0,0.0,0.0,0.0,0.0,0.0,0.0,0.0,0.0,0.0,0.0,0.0,0.0,0.0,0.0,0.0,0.0,0.0,0.0,0.0,0.0,0.0,0.0,0.0,0.0,0.0,0.0,0.0,0.0,0.0,0.0,0.0,0.0,0.0,0.0,0.0,0.0,0.0,0.0,0.3,0.3,0.3,0.1,0.1,0.1,0.1,0.1,0.0,0.0,0.0,0.0,0.0,0.0,0.0,0.0,0.0,0.0,0.0,0.0,0.0,0.0,0.0,0.0,0.0,0.0,0.0,0.0,0.0,0.0,0.0,0.0,0.0,0.0,0.0,0.0,0.0,0.0,0.3,0.3,0.3,0.1,0.1,0.1,0.1,0.1,0.0,0.0,0.0,0.0,0.0,0.0,0.0,0.0,0.0,0.0,0.0,0.0,0.0,0.0,0.0,0.0,0.0,0.0,0.0,0.0,0.0,0.0,0.0,0.0,0.0,0.0,0.0,0.0,0.0,0.3,0.3,0.3,0.1,0.1,0.1,0.1,0.1,0.0,0.0,0.0,0.0,0.0,0.0,0.0,0.0,0.0,0.0,0.0,0.0,0.0,0.0,0.0,0.0,0.0,0.0,0.0,0.0,0.0,0.0,0.0,0.0,0.0,0.0,0.0,0.0,0.0,0.0,0.0,0.0,0.0,0.0,0.0,0.0,0.0,0.0,0.0,0.0,0.0,0.0,0.0,0.0,0.0,0.0,0.0,0.0,0.0,0.0,0.0,0.0,0.0,0.0,0.0,0.0,0.0,0.0,0.0,0.0,0.0,0.0,0.0,0.0,0.0,0.0,0.0,0.0,0.0,0.0,0.0,0.0,0.0,0.0,0.0,0.0,0.0,0.0,0.0,0.0,0.0,0.0,0.0,0.0,0.0,0.0,0.0,0.0,0.0,0.0,0.0,0.0,0.0,0.0,0.0,0.0,0.0,0.0,0.0,0.0,0.0,0.0,0.0,0.0,0.0,0.0,0.0,0.0,0.0,0.0,0.0,0.0,0.0,0.0,0.0,0.0,0.0,0.0,0.0,0.0,0.0,0.0,0.0,0.0,0.0,0.0,0.0,0.0,0.0,0.0,0.0,0.0,0.0,0.0,0.0,0.0,0.0,0.0,0.0,0.0,0.0,0.0,0.0,0.0,0.0,0.0,0.0,0.0,0.0,0.0,0.0,0.0,0.0,0.0,0.0,0.0,0.0,0.0,0.0,0.0,0.0,0.0,0.0,0.0,0.0,0.0,0.0,0.0,0.0,0.0,0.0,0.0,0.0,0.0,0.0,0.0,0.0,0.0,0.0,0.0,0.0,0.0,0.0,0.0,0.0,0.0,0.0,0.0,0.0,0.0,0.0,0.0,0.0,0.0,0.0,0.0,0.0,0.0,0.0,0.0,0.0,0.0,0.0,0.0,0.0,0.0,0.0,0.0,0.0,0.0,0.0,0.0,0.0,0.0,0.0,0.0,0.0,0.0,0.0,0.0,0.0,0.0,0.0,0.0,0.0,0.0,0.0,0.0,0.0,0.0,0.0,0.0,0.0,0.0,0.0,0.0,0.0,0.0,0.0,0.0,0.0,0.0,0.0,0.0,0.0,0.0,0.0,0.0,0.0,0.0,0.0,0.0,0.0,0.0
2026-10-06T23:00:00Z,0.0,0.0,0.0,0.0,0.0,0.0,0.0,0.0,0.0,0.0,0.0,0.0,0.0,0.0,0.0,0.0,0.0,0.0,0.0,0.0,0.0,0.0,0.0,0.0,0.0,0.0,0.0,0.0,0.0,0.0,0.0,0.0,0.0,0.0,0.0,0.0,0.0,0.0,0.0,0.0,0.0,0.0,0.0,0.0,0.0,0.0,0.0,0.0,0.0,0.0,0.0,0.0,0.0,0.0,0.0,0.0,0.0,0.0,0.0,0.0,0.0,0.0,0.0,0.0,0.0,0.0,0.0,0.0,0.0,0.0,0.0,0.0,0.0,0.0,0.0,0.0,0.0,0.0,0.0,0.0,0.0,0.0,0.0,0.0,0.0,0.0,0.0,0.0,0.0,0.0,0.0,0.0,0.0,0.0,0.0,0.0,0.0,0.0,0.0,0.0,0.0,0.0,0.0,0.0,0.0,0.0,0.0,0.0,0.0,0.0,0.0,0.0,0.0,0.0,0.0,0.0,0.0,0.0,0.0,0.0,0.0,0.0,0.0,0.0,0.0,0.0,0.0,0.0,0.0,0.0,0.0,0.0,0.0,0.0,0.0,0.0,0.0,0.0,0.0,0.0,0.0,0.0,0.0,0.0,0.0,0.0,0.0,0.0,0.0,0.0,0.0,0.0,0.0,0.0,0.0,0.0,0.0,0.0,0.0,0.0,0.0,0.0,0.0,0.0,0.0,0.0,0.0,0.0,0.0,0.0,0.0,0.0,0.0,0.0,0.0,0.0,0.0,0.0,0.0,0.0,0.0,0.0,0.0,0.0,0.0,0.0,0.0,0.0,0.0,0.0,0.0,0.0,0.0,0.0,0.0,0.0,0.0,0.0,0.0,0.0,0.0,0.0,0.0,0.0,0.0,0.0,0.0,0.0,0.0,0.0,0.0,0.0,0.0,0.0,0.0,0.0,0.0,0.0,0.0,0.0,0.0,0.0,0.0,0.0,0.0,0.0,0.0,0.0,0.0,0.0,0.0,0.0,0.0,0.0,0.0,0.0,0.0,0.0,0.0,0.0,0.0,0.0,0.0,0.0,0.0,0.0,0.0,0.0,0.0,0.0,0.0,0.0,0.0,0.0,0.0,0.0,0.0,0.0,0.0,0.0,0.0,0.0,0.0,0.0,0.0,0.0,0.0,0.0,0.0,0.0,0.0,0.0,0.0,0.0,0.0,0.0,0.0,0.0,0.0,0.0,0.0,0.0,0.0,0.0,0.0,0.0,0.0,0.0,0.0,0.0,0.0,0.0,0.0,0.0,0.0,0.0,0.0,0.0,0.0,0.0,0.0,0.0,0.0,0.0,0.0,0.0,0.0,0.0,0.0,0.0,0.0,0.0,0.0,0.0,0.0,0.0,0.0,0.0,0.0,0.0,0.0,0.0,0.0,0.0,0.0,0.0,0.0,0.0,0.0,0.0,0.0,0.0,0.0,0.0,0.0,0.0,0.0,0.0,0.0,0.0,0.0,0.0,0.0,0.0,0.0,0.0,0.0,0.0,0.0,0.0,0.0,0.0,0.0,0.0,0.0,0.0,0.0,0.0,0.0,0.0,0.0,0.0,0.0,0.0,0.0,0.0,0.0,0.0,0.0,0.0,0.0,0.0,0.0,0.0,0.0,0.0,0.0,0.0,0.0,0.0,0.0,0.0,0.0,0.0,0.0,0.0,0.0,0.0,0.0,0.0,0.0,0.0,0.0,0.0,0.0,0.0,0.0,0.0,0.0,0.0,0.0,0.0,0.0,0.0,0.0,0.0,0.0,0.0,0.0,0.0,0.0,0.0,0.0,0.0,0.0,0.0,0.0,0.0,0.0,0.0,0.0,0.0,0.0,0.0,0.0,0.0,0.3,0.3,0.3,0.1,0.1,0.1,0.1,0.1,0.0,0.0,0.0,0.0,0.0,0.0,0.0,0.0,0.0,0.0,0.0,0.0,0.0,0.0,0.0,0.0,0.0,0.0,0.0,0.0,0.0,0.0,0.0,0.0,0.0,0.0,0.0,0.0,0.0,0.0,0.3,0.3,0.3,0.1,0.1,0.1,0.1,0.1,0.0,0.0,0.0,0.0,0.0,0.0,0.0,0.0,0.0,0.0,0.0,0.0,0.0,0.0,0.0,0.0,0.0,0.0,0.0,0.0,0.0,0.0,0.0,0.0,0.0,0.0,0.0,0.0,0.0,0.3,0.3,0.3,0.1,0.1,0.1,0.1,0.1,0.0,0.0,0.0,0.0,0.0,0.0,0.0,0.0,0.0,0.0,0.0,0.0,0.0,0.0,0.0,0.0,0.0,0.0,0.0,0.0,0.0,0.0,0.0,0.0,0.0,0.0,0.0,0.0,0.0,0.0,0.0,0.0,0.0,0.0,0.0,0.0,0.0,0.0,0.0,0.0,0.0,0.0,0.0,0.0,0.0,0.0,0.0,0.0,0.0,0.0,0.0,0.0,0.0,0.0,0.0,0.0,0.0,0.0,0.0,0.0,0.0,0.0,0.0,0.0,0.0,0.0,0.0,0.0,0.0,0.0,0.0,0.0,0.0,0.0,0.0,0.0,0.0,0.0,0.0,0.0,0.0,0.0,0.0,0.0,0.0,0.0,0.0,0.0,0.0,0.0,0.0,0.0,0.0,0.0,0.0,0.0,0.0,0.0,0.0,0.0,0.0,0.0,0.0,0.0,0.0,0.0,0.0,0.0,0.0,0.0,0.0,0.0,0.0,0.0,0.0,0.0,0.0,0.0,0.0,0.0,0.0,0.0,0.0,0.0,0.0,0.0,0.0,0.0,0.0,0.0,0.0,0.0,0.0,0.0,0.0,0.0,0.0,0.0,0.0,0.0,0.0,0.0,0.0,0.0,0.0,0.0,0.0,0.0,0.0,0.0,0.0,0.0,0.0,0.0,0.0,0.0,0.0,0.0,0.0,0.0,0.0,0.0,0.0,0.0,0.0,0.0,0.0,0.0,0.0,0.0,0.0,0.0,0.0,0.0,0.0,0.0,0.0,0.0,0.0,0.0,0.0,0.0,0.0,0.0,0.0,0.0,0.0,0.0,0.0,0.0,0.0,0.0,0.0,0.0,0.0,0.0,0.0,0.0,0.0,0.0,0.0,0.0,0.0,0.0,0.0,0.0,0.0,0.0,0.0,0.0,0.0,0.0,0.0,0.0,0.0,0.0,0.0,0.0,0.0,0.0,0.0,0.0,0.0,0.0,0.0,0.0,0.0,0.0,0.0,0.0,0.0,0.0,0.0,0.0,0.0,0.0,0.0,0.0,0.0,0.0,0.0,0.0,0.0,0.0,0.0,0.0,0.0,0.0,0.0,0.0,0.0,0.0,0.0,0.0
2026-10-07T00:00:00Z,0.0,0.0,0.0,0.0,0.0,0.0,0.0,0.0,0.0,0.0,0.0,0.0,0.0,0.0,0.0,0.0,0.0,0.0,0.0,0.0,0.0,0.0,0.0,0.0,0.0,0.0,0.0,0.0,0.0,0.0,0.0,0.0,0.0,0.0,0.0,0.0,0.0,0.0,0.0,0.0,0.0,0.0,0.0,0.0,0.0,0.0,0.0,0.0,0.0,0.0,0.0,0.0,0.0,0.0,0.0,0.0,0.0,0.0,0.0,0.0,0.0,0.0,0.0,0.0,0.0,0.0,0.0,0.0,0.0,0.0,0.0,0.0,0.0,0.0,0.0,0.0,0.0,0.0,0.0,0.0,0.0,0.0,0.0,0.0,0.0,0.0,0.0,0.0,0.0,0.0,0.0,0.0,0.0,0.0,0.0,0.0,0.0,0.0,0.0,0.0,0.0,0.0,0.0,0.0,0.0,0.0,0.0,0.0,0.0,0.0,0.0,0.0,0.0,0.0,0.0,0.0,0.0,0.0,0.0,0.0,0.0,0.0,0.0,0.0,0.0,0.0,0.0,0.0,0.0,0.0,0.0,0.0,0.0,0.0,0.0,0.0,0.0,0.0,0.0,0.0,0.0,0.0,0.0,0.0,0.0,0.0,0.0,0.0,0.0,0.0,0.0,0.0,0.0,0.0,0.0,0.0,0.0,0.0,0.0,0.0,0.0,0.0,0.0,0.0,0.0,0.0,0.0,0.0,0.0,0.0,0.0,0.0,0.0,0.0,0.0,0.0,0.0,0.0,0.0,0.0,0.0,0.0,0.0,0.0,0.0,0.0,0.0,0.0,0.0,0.0,0.0,0.0,0.0,0.0,0.0,0.0,0.0,0.0,0.0,0.0,0.0,0.0,0.0,0.0,0.0,0.0,0.0,0.0,0.0,0.0,0.0,0.0,0.0,0.0,0.0,0.0,0.0,0.0,0.0,0.0,0.0,0.0,0.0,0.0,0.0,0.0,0.0,0.0,0.0,0.0,0.0,0.0,0.0,0.0,0.0,0.0,0.0,0.0,0.0,0.0,0.0,0.0,0.0,0.0,0.0,0.0,0.0,0.0,0.0,0.0,0.0,0.0,0.0,0.0,0.0,0.0,0.0,0.0,0.0,0.0,0.0,0.0,0.0,0.0,0.0,0.0,0.0,0.0,0.0,0.0,0.0,0.0,0.0,0.0,0.0,0.0,0.0,0.0,0.0,0.0,0.0,0.0,0.0,0.0,0.0,0.0,0.0,0.0,0.0,0.0,0.0,0.0,0.0,0.0,0.0,0.0,0.0,0.0,0.0,0.0,0.0,0.0,0.0,0.0,0.0,0.0,0.0,0.0,0.0,0.0,0.0,0.0,0.0,0.0,0.0,0.0,0.0,0.0,0.0,0.0,0.0,0.0,0.0,0.0,0.0,0.0,0.0,0.0,0.0,0.0,0.0,0.0,0.0,0.0,0.0,0.0,0.0,0.0,0.0,0.0,0.0,0.0,0.0,0.0,0.0,0.0,0.0,0.0,0.0,0.0,0.0,0.0,0.0,0.0,0.0,0.0,0.0,0.0,0.0,0.0,0.0,0.0,0.0,0.0,0.0,0.0,0.0,0.0,0.0,0.0,0.0,0.0,0.0,0.0,0.0,0.0,0.0,0.0,0.0,0.0,0.0,0.0,0.0,0.0,0.0,0.0,0.0,0.0,0.0,0.0,0.0,0.0,0.0,0.0,0.0,0.0,0.0,0.0,0.0,0.0,0.0,0.0,0.0,0.0,0.0,0.0,0.0,0.0,0.0,0.0,0.0,0.0,0.0,0.0,0.0,0.0,0.0,0.0,0.0,0.0,0.0,0.0,0.0,0.0,0.0,0.0,0.3,0.3,0.3,0.1,0.1,0.1,0.1,0.1,0.0,0.0,0.0,0.0,0.0,0.0,0.0,0.0,0.0,0.0,0.0,0.0,0.0,0.0,0.0,0.0,0.0,0.0,0.0,0.0,0.0,0.0,0.0,0.0,0.0,0.0,0.0,0.0,0.0,0.0,0.3,0.3,0.3,0.1,0.1,0.1,0.1,0.1,0.0,0.0,0.0,0.0,0.0,0.0,0.0,0.0,0.0,0.0,0.0,0.0,0.0,0.0,0.0,0.0,0.0,0.0,0.0,0.0,0.0,0.0,0.0,0.0,0.0,0.0,0.0,0.0,0.0,0.3,0.3,0.3,0.1,0.1,0.1,0.1,0.1,0.0,0.0,0.0,0.0,0.0,0.0,0.0,0.0,0.0,0.0,0.0,0.0,0.0,0.0,0.0,0.0,0.0,0.0,0.0,0.0,0.0,0.0,0.0,0.0,0.0,0.0,0.0,0.0,0.0,0.0,0.0,0.0,0.0,0.0,0.0,0.0,0.0,0.0,0.0,0.0,0.0,0.0,0.0,0.0,0.0,0.0,0.0,0.0,0.0,0.0,0.0,0.0,0.0,0.0,0.0,0.0,0.0,0.0,0.0,0.0,0.0,0.0,0.0,0.0,0.0,0.0,0.0,0.0,0.0,0.0,0.0,0.0,0.0,0.0,0.0,0.0,0.0,0.0,0.0,0.0,0.0,0.0,0.0,0.0,0.0,0.0,0.0,0.0,0.0,0.0,0.0,0.0,0.0,0.0,0.0,0.0,0.0,0.0,0.0,0.0,0.0,0.0,0.0,0.0,0.0,0.0,0.0,0.0,0.0,0.0,0.0,0.0,0.0,0.0,0.0,0.0,0.0,0.0,0.0,0.0,0.0,0.0,0.0,0.0,0.0,0.0,0.0,0.0,0.0,0.0,0.0,0.0,0.0,0.0,0.0,0.0,0.0,0.0,0.0,0.0,0.0,0.0,0.0,0.0,0.0,0.0,0.0,0.0,0.0,0.0,0.0,0.0,0.0,0.0,0.0,0.0,0.0,0.0,0.0,0.0,0.0,0.0,0.0,0.0,0.0,0.0,0.0,0.0,0.0,0.0,0.0,0.0,0.0,0.0,0.0,0.0,0.0,0.0,0.0,0.0,0.0,0.0,0.0,0.0,0.0,0.0,0.0,0.0,0.0,0.0,0.0,0.0,0.0,0.0,0.0,0.0,0.0,0.0,0.0,0.0,0.0,0.0,0.0,0.0,0.0,0.0,0.0,0.0,0.0,0.0,0.0,0.0,0.0,0.0,0.0,0.0,0.0,0.0,0.0,0.0,0.0,0.0,0.0,0.0,0.0,0.0,0.0,0.0,0.0,0.0,0.0,0.0,0.0,0.0,0.0,0.0,0.0,0.0,0.0,0.0,0.0,0.0,0.0,0.0,0.0,0.0,0.0,0.0,0.0,0.0,0.0,0.0,0.0,0.0
2026-10-07T01:00:00Z,0.0,0.0,0.0,0.0,0.0,0.0,0.0,0.0,0.0,0.0,0.0,0.0,0.0,0.0,0.0,0.0,0.0,0.0,0.0,0.0,0.0,0.0,0.0,0.0,0.0,0.0,0.0,0.0,0.0,0.0,0.0,0.0,0.0,0.0,0.0,0.0,0.0,0.0,0.0,0.0,0.0,0.0,0.0,0.0,0.0,0.0,0.0,0.0,0.0,0.0,0.0,0.0,0.0,0.0,0.0,0.0,0.0,0.0,0.0,0.0,0.0,0.0,0.0,0.0,0.0,0.0,0.0,0.0,0.0,0.0,0.0,0.0,0.0,0.0,0.0,0.0,0.0,0.0,0.0,0.0,0.0,0.0,0.0,0.0,0.0,0.0,0.0,0.0,0.0,0.0,0.0,0.0,0.0,0.0,0.0,0.0,0.0,0.0,0.0,0.0,0.0,0.0,0.0,0.0,0.0,0.0,0.0,0.0,0.0,0.0,0.0,0.0,0.0,0.0,0.0,0.0,0.0,0.0,0.0,0.0,0.0,0.0,0.0,0.0,0.0,0.0,0.0,0.0,0.0,0.0,0.0,0.0,0.0,0.0,0.0,0.0,0.0,0.0,0.0,0.0,0.0,0.0,0.0,0.0,0.0,0.0,0.0,0.0,0.0,0.0,0.0,0.0,0.0,0.0,0.0,0.0,0.0,0.0,0.0,0.0,0.0,0.0,0.0,0.0,0.0,0.0,0.0,0.0,0.0,0.0,0.0,0.0,0.0,0.0,0.0,0.0,0.0,0.0,0.0,0.0,0.0,0.0,0.0,0.0,0.0,0.0,0.0,0.0,0.0,0.0,0.0,0.0,0.0,0.0,0.0,0.0,0.0,0.0,0.0,0.0,0.0,0.0,0.0,0.0,0.0,0.0,0.0,0.0,0.0,0.0,0.0,0.0,0.0,0.0,0.0,0.0,0.0,0.0,0.0,0.0,0.0,0.0,0.0,0.0,0.0,0.0,0.0,0.0,0.0,0.0,0.0,0.0,0.0,0.0,0.0,0.0,0.0,0.0,0.0,0.0,0.0,0.0,0.0,0.0,0.0,0.0,0.0,0.0,0.0,0.0,0.0,0.0,0.0,0.0,0.0,0.0,0.0,0.0,0.0,0.0,0.0,0.0,0.0,0.0,0.0,0.0,0.0,0.0,0.0,0.0,0.0,0.0,0.0,0.0,0.0,0.0,0.0,0.0,0.0,0.0,0.0,0.0,0.0,0.0,0.0,0.0,0.0,0.0,0.0,0.0,0.0,0.0,0.0,0.0,0.0,0.0,0.0,0.0,0.0,0.0,0.0,0.0,0.0,0.0,0.0,0.0,0.0,0.0,0.0,0.0,0.0,0.0,0.0,0.0,0.0,0.0,0.0,0.0,0.0,0.0,0.0,0.0,0.0,0.0,0.0,0.0,0.0,0.0,0.0,0.0,0.0,0.0,0.0,0.0,0.0,0.0,0.0,0.0,0.0,0.0,0.0,0.0,0.0,0.0,0.0,0.0,0.0,0.0,0.0,0.0,0.0,0.0,0.0,0.0,0.0,0.0,0.0,0.0,0.0,0.0,0.0,0.0,0.0,0.0,0.0,0.0,0.0,0.0,0.0,0.0,0.0,0.0,0.0,0.0,0.0,0.0,0.0,0.0,0.0,0.0,0.0,0.0,0.0,0.0,0.0,0.0,0.0,0.0,0.0,0.0,0.0,0.0,0.0,0.0,0.0,0.0,0.0,0.0,0.0,0.0,0.0,0.0,0.0,0.0,0.0,0.0,0.0,0.0,0.0,0.0,0.0,0.0,0.0,0.0,0.0,0.0,0.0,0.0,0.0,0.0,0.0,0.0,0.0,0.0,0.0,0.0,0.0,0.0,0.0,0.0,0.0,0.0,0.0,0.0,0.0,0.0,0.0,0.0,0.0,0.0,0.0,0.0,0.0,0.0,0.0,0.0,0.0,0.0,0.0,0.0,0.0,0.0,0.0,0.0,0.0,0.0,0.0,0.0,0.0,0.0,0.0,0.0,0.0,0.0,0.0,0.0,0.0,0.0,0.0,0.0,0.0,0.0,0.0,0.0,0.0,0.0,0.0,0.0,0.0,0.0,0.0,0.0,0.0,0.0,0.0,0.0,0.0,0.0,0.0,0.0,0.0,0.0,0.0,0.0,0.0,0.0,0.0,0.0,0.0,0.0,0.0,0.0,0.0,0.0,0.0,0.0,0.0,0.0,0.0,0.0,0.0,0.0,0.0,0.0,0.0,0.0,0.0,0.0,0.0,0.0,0.0,0.0,0.0,0.0,0.0,0.0,0.0,0.0,0.0,0.0,0.0,0.0,0.0,0.0,0.0,0.0,0.0,0.0,0.0,0.0,0.0,0.0,0.0,0.0,0.0,0.0,0.0,0.0,0.0,0.0,0.0,0.0,0.0,0.0,0.0,0.0,0.0,0.0,0.0,0.0,0.0,0.0,0.0,0.0,0.0,0.0,0.0,0.0,0.0,0.0,0.0,0.0,0.0,0.0,0.0,0.0,0.0,0.0,0.0,0.0,0.0,0.0,0.0,0.0,0.0,0.0,0.0,0.0,0.0,0.0,0.0,0.0,0.0,0.0,0.0,0.0,0.0,0.0,0.0,0.0,0.0,0.0,0.0,0.0,0.0,0.0,0.0,0.0,0.0,0.0,0.0,0.0,0.0,0.0,0.0,0.0,0.0,0.0,0.0,0.0,0.0,0.0,0.0,0.0,0.0,0.0,0.0,0.0,0.0,0.0,0.0,0.0,0.0,0.0,0.0,0.0,0.0,0.0,0.0,0.0,0.0,0.0,0.0,0.0,0.0,0.0,0.0,0.0,0.0,0.0,0.0,0.0,0.0,0.0,0.0,0.0,0.0,0.0,0.0,0.0,0.0,0.0,0.0,0.0,0.0,0.0,0.0,0.0,0.0,0.0,0.0,0.0,0.0,0.0,0.0,0.0,0.0,0.0,0.0,0.0,0.0,0.0,0.0,0.0,0.0,0.0,0.0,0.0,0.0,0.0,0.0,0.0,0.0,0.0,0.0,0.0,0.0,0.0,0.0,0.0,0.0,0.0,0.0,0.0,0.0,0.0,0.0,0.0,0.0,0.0,0.0,0.0,0.0,0.0,0.0,0.0,0.0,0.0,0.0,0.0,0.0,0.0,0.0,0.0,0.0,0.0,0.0,0.0,0.0,0.0,0.0,0.0,0.0,0.0,0.0,0.0,0.0,0.0,0.0,0.0,0.0,0.0,0.0,0.0,0.0,0.0,0.0,0.0,0.0,0.0,0.0,0.0,0.0,0.0,0.0,0.0,0.0,0.0,0.0,0.0,0.0,0.0,0.0
2026-10-07T02:00:00Z,0.0,0.0,0.0,0.0,0.0,0.0,0.0,0.0,0.0,0.0,0.0,0.0,0.0,0.0,0.0,0.0,0.0,0.0,0.0,0.0,0.0,0.0,0.0,0.0,0.0,0.0,0.0,0.0,0.0,0.0,0.0,0.0,0.0,0.0,0.0,0.0,0.0,0.0,0.0,0.0,0.0,0.0,0.0,0.0,0.0,0.0,0.0,0.0,0.0,0.0,0.0,0.0,0.0,0.0,0.0,0.0,0.0,0.0,0.0,0.0,0.0,0.0,0.0,0.0,0.0,0.0,0.0,0.0,0.0,0.0,0.0,0.0,0.0,0.0,0.0,0.0,0.0,0.0,0.0,0.0,0.0,0.0,0.0,0.0,0.0,0.0,0.0,0.0,0.0,0.0,0.0,0.0,0.0,0.0,0.0,0.0,0.0,0.0,0.0,0.0,0.0,0.0,0.0,0.0,0.0,0.0,0.0,0.0,0.0,0.0,0.0,0.0,0.0,0.0,0.0,0.0,0.0,0.0,0.0,0.0,0.0,0.0,0.0,0.0,0.0,0.0,0.0,0.0,0.0,0.0,0.0,0.0,0.0,0.0,0.0,0.0,0.0,0.0,0.0,0.0,0.0,0.0,0.0,0.0,0.0,0.0,0.0,0.0,0.0,0.0,0.0,0.0,0.0,0.0,0.0,0.0,0.0,0.0,0.0,0.0,0.0,0.0,0.0,0.0,0.0,0.0,0.0,0.0,0.0,0.0,0.0,0.0,0.0,0.0,0.0,0.0,0.0,0.0,0.0,0.0,0.0,0.0,0.0,0.0,0.0,0.0,0.0,0.0,0.0,0.0,0.0,0.0,0.0,0.0,0.0,0.0,0.0,0.0,0.0,0.0,0.0,0.0,0.0,0.0,0.0,0.0,0.0,0.0,0.0,0.0,0.0,0.0,0.0,0.0,0.0,0.0,0.0,0.0,0.0,0.0,0.0,0.0,0.0,0.0,0.0,0.0,0.0,0.0,0.0,0.0,0.0,0.0,0.0,0.0,0.0,0.0,0.0,0.0,0.0,0.0,0.0,0.0,0.0,0.0,0.0,0.0,0.0,0.0,0.0,0.0,0.0,0.0,0.0,0.0,0.0,0.0,0.0,0.0,0.0,0.0,0.0,0.0,0.0,0.0,0.0,0.0,0.0,0.0,0.0,0.0,0.0,0.0,0.0,0.0,0.0,0.0,0.0,0.0,0.0,0.0,0.0,0.0,0.0,0.0,0.0,0.0,0.0,0.0,0.0,0.0,0.0,0.0,0.0,0.0,0.0,0.0,0.0,0.0,0.0,0.0,0.0,0.0,0.0,0.0,0.0,0.0,0.0,0.0,0.0,0.0,0.0,0.0,0.0,0.0,0.0,0.0,0.0,0.0,0.0,0.0,0.0,0.0,0.0,0.0,0.0,0.0,0.0,0.0,0.0,0.0,0.0,0.0,0.0,0.0,0.0,0.0,0.0,0.0,0.0,0.0,0.0,0.0,0.0,0.0,0.0,0.0,0.0,0.0,0.0,0.0,0.0,0.0,0.0,0.0,0.0,0.0,0.0,0.0,0.0,0.0,0.0,0.0,0.0,0.0,0.0,0.0,0.0,0.0,0.0,0.0,0.0,0.0,0.0,0.0,0.0,0.0,0.0,0.0,0.0,0.0,0.0,0.0,0.0,0.0,0.0,0.0,0.0,0.0,0.0,0.0,0.0,0.0,0.0,0.0,0.0,0.0,0.0,0.0,0.0,0.0,0.0,0.0,0.0,0.0,0.0,0.0,0.0,0.0,0.0,0.0,0.0,0.0,0.0,0.0,0.0,0.0,0.0,0.0,0.0,0.0,0.0,0.0,0.0,0.0,0.0,0.0,0.0,0.0,0.0,0.0,0.0,0.0,0.0,0.0,0.0,0.0,0.0,0.0,0.0,0.0,0.0,0.0,0.0,0.0,0.0,0.0,0.0,0.0,0.0,0.0,0.0,0.0,0.0,0.0,0.0,0.0,0.0,0.0,0.0,0.0,0.0,0.0,0.0,0.0,0.0,0.0,0.0,0.0,0.0,0.0,0.0,0.0,0.0,0.0,0.0,0.0,0.0,0.0,0.0,0.0,0.0,0.0,0.0,0.0,0.0,0.0,0.0,0.0,0.0,0.0,0.0,0.0,0.0,0.0,0.0,0.0,0.0,0.0,0.0,0.0,0.0,0.0,0.0,0.0,0.0,0.0,0.0,0.0,0.0,0.0,0.0,0.0,0.0,0.0,0.0,0.0,0.0,0.0,0.0,0.0,0.0,0.0,0.0,0.0,0.0,0.0,0.0,0.0,0.0,0.0,0.0,0.0,0.0,0.0,0.0,0.0,0.0,0.0,0.0,0.0,0.0,0.0,0.0,0.0,0.0,0.0,0.0,0.0,0.0,0.0,0.0,0.0,0.0,0.0,0.0,0.0,0.0,0.0,0.0,0.0,0.0,0.0,0.0,0.0,0.0,0.0,0.0,0.0,0.0,0.0,0.0,0.0,0.0,0.0,0.0,0.0,0.0,0.0,0.0,0.0,0.0,0.0,0.0,0.0,0.0,0.0,0.0,0.0,0.0,0.0,0.0,0.0,0.0,0.0,0.0,0.0,0.0,0.0,0.0,0.0,0.0,0.0,0.0,0.0,0.0,0.0,0.0,0.0,0.0,0.0,0.0,0.0,0.0,0.0,0.0,0.0,0.0,0.0,0.0,0.0,0.0,0.0,0.0,0.0,0.0,0.0,0.0,0.0,0.0,0.0,0.0,0.0,0.0,0.0,0.0,0.0,0.0,0.0,0.0,0.0,0.0,0.0,0.0,0.0,0.0,0.0,0.0,0.0,0.0,0.0,0.0,0.0,0.0,0.0,0.0,0.0,0.0,0.0,0.0,0.0,0.0,0.0,0.0,0.0,0.0,0.0,0.0,0.0,0.0,0.0,0.0,0.0,0.0,0.0,0.0,0.0,0.0,0.0,0.0,0.0,0.0,0.0,0.0,0.0,0.0,0.0,0.0,0.0,0.0,0.0,0.0,0.0,0.0,0.0,0.0,0.0,0.0,0.0,0.0,0.0,0.0,0.0,0.0,0.0,0.0,0.0,0.0,0.0,0.0,0.0,0.0,0.0,0.0,0.0,0.0,0.0,0.0,0.0,0.0,0.0,0.0,0.0,0.0,0.0,0.0,0.0,0.0,0.0,0.0,0.0,0.0,0.0,0.0,0.0,0.0,0.0,0.0,0.0,0.0,0.0,0.0,0.0,0.0,0.0,0.0,0.0,0.0,0.0,0.0,0.0,0.0,0.0,0.0,0.0,0.0,0.0,0.0,0.0,0.0,0.0,0.0,0.0,0.0
2026-10-07T03:00:00Z,0.0,0.0,0.0,0.0,0.0,0.0,0.0,0.0,0.0,0.0,0.0,0.0,0.0,0.0,0.0,0.0,0.0,0.0,0.0,0.0,0.0,0.0,0.0,0.0,0.0,0.0,0.0,0.0,0.0,0.0,0.0,0.0,0.0,0.0,0.0,0.0,0.0,0.0,0.0,0.0,0.0,0.0,0.0,0.0,0.0,0.0,0.0,0.0,0.0,0.0,0.0,0.0,0.0,0.0,0.0,0.0,0.0,0.0,0.0,0.0,0.0,0.0,0.0,0.0,0.0,0.0,0.0,0.0,0.0,0.0,0.0,0.0,0.0,0.0,0.0,0.0,0.0,0.0,0.0,0.0,0.0,0.0,0.0,0.0,0.0,0.0,0.0,0.0,0.0,0.0,0.0,0.0,0.0,0.0,0.0,0.0,0.0,0.0,0.0,0.0,0.0,0.0,0.0,0.0,0.0,0.0,0.0,0.0,0.0,0.0,0.0,0.0,0.0,0.0,0.0,0.0,0.0,0.0,0.0,0.0,0.0,0.0,0.0,0.0,0.0,0.0,0.0,0.0,0.0,0.0,0.0,0.0,0.0,0.0,0.0,0.0,0.0,0.0,0.0,0.0,0.0,0.0,0.0,0.0,0.0,0.0,0.0,0.0,0.0,0.0,0.0,0.0,0.0,0.0,0.0,0.0,0.0,0.0,0.0,0.0,0.0,0.0,0.0,0.0,0.0,0.0,0.0,0.0,0.0,0.0,0.0,0.0,0.0,0.0,0.0,0.0,0.0,0.0,0.0,0.0,0.0,0.0,0.0,0.0,0.0,0.0,0.0,0.0,0.0,0.0,0.0,0.0,0.0,0.0,0.0,0.0,0.0,0.0,0.0,0.0,0.0,0.0,0.0,0.0,0.0,0.0,0.0,0.0,0.0,0.0,0.0,0.0,0.0,0.0,0.0,0.0,0.0,0.0,0.0,0.0,0.0,0.0,0.0,0.0,0.0,0.0,0.0,0.0,0.0,0.0,0.0,0.0,0.0,0.0,0.0,0.0,0.0,0.0,0.0,0.0,0.0,0.0,0.0,0.0,0.0,0.0,0.0,0.0,0.0,0.0,0.0,0.0,0.0,0.0,0.0,0.0,0.0,0.0,0.0,0.0,0.0,0.0,0.0,0.0,0.0,0.0,0.0,0.0,0.0,0.0,0.0,0.0,0.0,0.0,0.0,0.0,0.0,0.0,0.0,0.0,0.0,0.0,0.0,0.0,0.0,0.0,0.0,0.0,0.0,0.0,0.0,0.0,0.0,0.0,0.0,0.0,0.0,0.0,0.0,0.0,0.0,0.0,0.0,0.0,0.0,0.0,0.0,0.0,0.0,0.0,0.0,0.0,0.0,0.0,0.0,0.0,0.0,0.0,0.0,0.0,0.0,0.0,0.0,0.0,0.0,0.0,0.0,0.0,0.0,0.0,0.0,0.0,0.0,0.0,0.0,0.0,0.0,0.0,0.0,0.0,0.0,0.0,0.0,0.0,0.0,0.0,0.0,0.0,0.0,0.0,0.0,0.0,0.0,0.0,0.0,0.0,0.0,0.0,0.0,0.0,0.0,0.0,0.0,0.0,0.0,0.0,0.0,0.0,0.0,0.0,0.0,0.0,0.0,0.0,0.0,0.0,0.0,0.0,0.0,0.0,0.0,0.0,0.0,0.0,0.0,0.0,0.0,0.0,0.0,0.0,0.0,0.0,0.0,0.0,0.0,0.0,0.0,0.0,0.0,0.0,0.0,0.0,0.0,0.0,0.0,0.0,0.0,0.0,0.0,0.0,0.0,0.0,0.0,0.0,0.0,0.0,0.0,0.0,0.0,0.0,0.0,0.0,0.0,0.0,0.0,0.0,0.0,0.0,0.0,0.0,0.0,0.0,0.0,0.0,0.0,0.0,0.0,0.0,0.0,0.0,0.0,0.0,0.0,0.0,0.0,0.0,0.0,0.0,0.0,0.0,0.0,0.0,0.0,0.0,0.0,0.0,0.0,0.0,0.0,0.0,0.0,0.0,0.0,0.0,0.0,0.0,0.0,0.0,0.0,0.0,0.0,0.0,0.0,0.0,0.0,0.0,0.0,0.0,0.0,0.0,0.0,0.0,0.0,0.0,0.0,0.0,0.0,0.0,0.0,0.0,0.0,0.0,0.0,0.0,0.0,0.0,0.0,0.0,0.0,0.0,0.0,0.0,0.0,0.0,0.0,0.0,0.0,0.0,0.0,0.0,0.0,0.0,0.0,0.0,0.0,0.0,0.0,0.0,0.0,0.0,0.0,0.0,0.0,0.0,0.0,0.0,0.0,0.0,0.0,0.0,0.0,0.0,0.0,0.0,0.0,0.0,0.0,0.0,0.0,0.0,0.0,0.0,0.0,0.0,0.0,0.0,0.0,0.0,0.0,0.0,0.0,0.0,0.0,0.0,0.0,0.0,0.0,0.0,0.0,0.0,0.0,0.0,0.0,0.0,0.0,0.0,0.0,0.0,0.0,0.0,0.0,0.0,0.0,0.0,0.0,0.0,0.0,0.0,0.0,0.0,0.0,0.0,0.0,0.0,0.0,0.0,0.0,0.0,0.0,0.0,0.0,0.0,0.0,0.0,0.0,0.0,0.0,0.0,0.0,0.0,0.0,0.0,0.0,0.0,0.0,0.0,0.0,0.0,0.0,0.0,0.0,0.0,0.0,0.0,0.0,0.0,0.0,0.0,0.0,0.0,0.0,0.0,0.0,0.0,0.0,0.0,0.0,0.0,0.0,0.0,0.0,0.0,0.0,0.0,0.0,0.0,0.0,0.0,0.0,0.0,0.0,0.0,0.0,0.0,0.0,0.0,0.0,0.0,0.0,0.0,0.0,0.0,0.0,0.0,0.0,0.0,0.0,0.0,0.0,0.0,0.0,0.0,0.0,0.0,0.0,0.0,0.0,0.0,0.0,0.0,0.0,0.0,0.0,0.0,0.0,0.0,0.0,0.0,0.0,0.0,0.0,0.0,0.0,0.0,0.0,0.0,0.0,0.0,0.0,0.0,0.0,0.0,0.0,0.0,0.0,0.0,0.0,0.0,0.0,0.0,0.0,0.0,0.0,0.0,0.0,0.0,0.0,0.0,0.0,0.0,0.0,0.0,0.0,0.0,0.0,0.0,0.0,0.0,0.0,0.0,0.0,0.0,0.0,0.0,0.0,0.0,0.0,0.0,0.0,0.0,0.0,0.0,0.0,0.0,0.0,0.0,0.0,0.0,0.0,0.0,0.0,0.0,0.0,0.0,0.0,0.0,0.0,0.0,0.0,0.0,0.0,0.0,0.0,0.0,0.0,0.0,0.0,0.0,0.0,0.0,0.0,0.0,0.0
2026-10-07T04:00:00Z,0.0,0.0,0.0,0.0,0.0,0.0,0.0,0.0,0.0,0.0,0.0,0.0,0.0,0.0,0.0,0.0,0.0,0.0,0.0,0.0,0.0,0.0,0.0,0.0,0.0,0.0,0.0,0.0,0.0,0.0,0.0,0.0,0.0,0.0,0.0,0.0,0.0,0.0,0.0,0.0,0.0,0.0,0.0,0.0,0.0,0.0,0.0,0.0,0.0,0.0,0.0,0.0,0.0,0.0,0.0,0.0,0.0,0.0,0.0,0.0,0.0,0.0,0.0,0.0,0.0,0.0,0.0,0.0,0.0,0.0,0.0,0.0,0.0,0.0,0.0,0.0,0.0,0.0,0.0,0.0,0.0,0.0,0.0,0.0,0.0,0.0,0.0,0.0,0.0,0.0,0.0,0.0,0.0,0.0,0.0,0.0,0.0,0.0,0.0,0.0,0.0,0.0,0.0,0.0,0.0,0.0,0.0,0.0,0.0,0.0,0.0,0.0,0.0,0.0,0.0,0.0,0.0,0.0,0.0,0.0,0.0,0.0,0.0,0.0,0.0,0.0,0.0,0.0,0.0,0.0,0.0,0.0,0.0,0.0,0.0,0.0,0.0,0.0,0.0,0.0,0.0,0.0,0.0,0.0,0.0,0.0,0.0,0.0,0.0,0.0,0.0,0.0,0.0,0.0,0.0,0.0,0.0,0.0,0.0,0.0,0.0,0.0,0.0,0.0,0.0,0.0,0.0,0.0,0.0,0.0,0.0,0.0,0.0,0.0,0.0,0.0,0.0,0.0,0.0,0.0,0.0,0.0,0.0,0.0,0.0,0.0,0.0,0.0,0.0,0.0,0.0,0.0,0.0,0.0,0.0,0.0,0.0,0.0,0.0,0.0,0.0,0.0,0.0,0.0,0.0,0.0,0.0,0.0,0.0,0.0,0.0,0.0,0.0,0.0,0.0,0.0,0.0,0.0,0.0,0.0,0.0,0.0,0.0,0.0,0.0,0.0,0.0,0.0,0.0,0.0,0.0,0.0,0.0,0.0,0.0,0.0,0.0,0.0,0.0,0.0,0.0,0.0,0.0,0.0,0.0,0.0,0.0,0.0,0.0,0.0,0.0,0.0,0.0,0.0,0.0,0.0,0.0,0.0,0.0,0.0,0.0,0.0,0.0,0.0,0.0,0.0,0.0,0.0,0.0,0.0,0.0,0.0,0.0,0.0,0.0,0.0,0.0,0.0,0.0,0.0,0.0,0.0,0.0,0.0,0.0,0.0,0.0,0.0,0.0,0.0,0.0,0.0,0.0,0.0,0.0,0.0,0.0,0.0,0.0,0.0,0.0,0.0,0.0,0.0,0.0,0.0,0.0,0.0,0.0,0.0,0.0,0.0,0.0,0.0,0.0,0.0,0.0,0.0,0.0,0.0,0.0,0.0,0.0,0.0,0.0,0.0,0.0,0.0,0.0,0.0,0.0,0.0,0.0,0.0,0.0,0.0,0.0,0.0,0.0,0.0,0.0,0.0,0.0,0.0,0.0,0.0,0.0,0.0,0.0,0.0,0.0,0.0,0.0,0.0,0.0,0.0,0.0,0.0,0.0,0.0,0.0,0.0,0.0,0.0,0.0,0.0,0.0,0.0,0.0,0.0,0.0,0.0,0.0,0.0,0.0,0.0,0.0,0.0,0.0,0.0,0.0,0.0,0.0,0.0,0.0,0.0,0.0,0.0,0.0,0.0,0.0,0.0,0.0,0.0,0.0,0.0,0.0,0.0,0.0,0.0,0.0,0.0,0.0,0.0,0.0,0.0,0.0,0.0,0.0,0.0,0.0,0.0,0.0,0.0,0.0,0.0,0.0,0.0,0.0,0.0,0.0,0.0,0.0,0.0,0.0,0.0,0.0,0.0,0.0,0.0,0.0,0.0,0.0,0.0,0.0,0.0,0.0,0.0,0.0,0.0,0.0,0.0,0.0,0.0,0.0,0.0,0.0,0.0,0.0,0.0,0.0,0.0,0.0,0.0,0.0,0.0,0.0,0.0,0.0,0.0,0.0,0.0,0.0,0.0,0.0,0.0,0.0,0.0,0.0,0.0,0.0,0.0,0.0,0.0,0.0,0.0,0.0,0.0,0.0,0.0,0.0,0.0,0.0,0.0,0.0,0.0,0.0,0.0,0.0,0.0,0.0,0.0,0.0,0.0,0.0,0.0,0.0,0.0,0.0,0.0,0.0,0.0,0.0,0.0,0.0,0.0,0.0,0.0,0.0,0.0,0.0,0.0,0.0,0.0,0.0,0.0,0.0,0.0,0.0,0.0,0.0,0.0,0.0,0.0,0.0,0.0,0.0,0.0,0.0,0.0,0.0,0.0,0.0,0.0,0.0,0.0,0.0,0.0,0.0,0.0,0.0,0.0,0.0,0.0,0.0,0.0,0.0,0.0,0.0,0.0,0.0,0.0,0.0,0.0,0.0,0.0,0.0,0.0,0.0,0.0,0.0,0.0,0.0,0.0,0.0,0.0,0.0,0.0,0.0,0.0,0.0,0.0,0.0,0.0,0.0,0.0,0.0,0.0,0.0,0.0,0.0,0.0,0.0,0.0,0.0,0.0,0.0,0.0,0.0,0.0,0.0,0.0,0.0,0.0,0.0,0.0,0.0,0.0,0.0,0.0,0.0,0.0,0.0,0.0,0.0,0.0,0.0,0.0,0.0,0.0,0.0,0.0,0.0,0.0,0.0,0.0,0.0,0.0,0.0,0.0,0.0,0.0,0.0,0.0,0.0,0.0,0.0,0.0,0.0,0.0,0.0,0.0,0.0,0.0,0.0,0.0,0.0,0.0,0.0,0.0,0.0,0.0,0.0,0.0,0.0,0.0,0.0,0.0,0.0,0.0,0.0,0.0,0.0,0.0,0.0,0.0,0.0,0.0,0.0,0.0,0.0,0.0,0.0,0.0,0.0,0.0,0.0,0.0,0.0,0.0,0.0,0.0,0.0,0.0,0.0,0.0,0.0,0.0,0.0,0.0,0.0,0.0,0.0,0.0,0.0,0.0,0.0,0.0,0.0,0.0,0.0,0.0,0.0,0.0,0.0,0.0,0.0,0.0,0.0,0.0,0.0,0.0,0.0,0.0,0.0,0.0,0.0,0.0,0.0,0.0,0.0,0.0,0.0,0.0,0.0,0.0,0.0,0.0,0.0,0.0,0.0,0.0,0.0,0.0,0.0,0.0,0.0,0.0,0.0,0.0,0.0,0.0,0.0,0.0,0.0,0.0,0.0,0.0,0.0,0.0,0.0,0.0,0.0,0.0,0.0,0.0,0.0,0.0,0.0,0.0,0.0,0.0,0.0,0.0,0.0,0.0,0.0,0.0,0.0,0.0,0.0,0.0,0.0
2026-10-07T05:00:00Z,0.0,0.0,0.0,0.0,0.0,0.0,0.0,0.0,0.0,0.0,0.0,0.0,0.0,0.0,0.0,0.0,0.0,0.0,0.0,0.0,0.0,0.0,0.0,0.0,0.0,0.0,0.0,0.0,0.0,0.0,0.0,0.0,0.0,0.0,0.0,0.0,0.0,0.0,0.0,0.0,0.0,0.0,0.0,0.0,0.0,0.0,0.0,0.0,0.0,0.0,0.0,0.0,0.0,0.0,0.0,0.0,0.0,0.0,0.0,0.0,0.0,0.0,0.0,0.0,0.0,0.0,0.0,0.0,0.0,0.0,0.0,0.0,0.0,0.0,0.0,0.0,0.0,0.0,0.0,0.0,0.0,0.0,0.0,0.0,0.0,0.0,0.0,0.0,0.0,0.0,0.0,0.0,0.0,0.0,0.0,0.0,0.0,0.0,0.0,0.0,0.0,0.0,0.0,0.0,0.0,0.0,0.0,0.0,0.0,0.0,0.0,0.0,0.0,0.0,0.0,0.0,0.0,0.0,0.0,0.0,0.0,0.0,0.0,0.0,0.0,0.0,0.0,0.0,0.0,0.0,0.0,0.0,0.0,0.0,0.0,0.0,0.0,0.0,0.0,0.0,0.0,0.0,0.0,0.0,0.0,0.0,0.0,0.0,0.0,0.0,0.0,0.0,0.0,0.0,0.0,0.0,0.0,0.0,0.0,0.0,0.0,0.0,0.0,0.0,0.0,0.0,0.0,0.0,0.0,0.0,0.0,0.0,0.0,0.0,0.0,0.0,0.0,0.0,0.0,0.0,0.0,0.0,0.0,0.0,0.0,0.0,0.0,0.0,0.0,0.0,0.0,0.0,0.0,0.0,0.0,0.0,0.0,0.0,0.0,0.0,0.0,0.0,0.0,0.0,0.0,0.0,0.0,0.0,0.0,0.0,0.0,0.0,0.0,0.0,0.0,0.0,0.0,0.0,0.0,0.0,0.0,0.0,0.0,0.0,0.0,0.0,0.0,0.0,0.0,0.0,0.0,0.0,0.0,0.0,0.0,0.0,0.0,0.0,0.0,0.0,0.0,0.0,0.0,0.0,0.0,0.0,0.0,0.0,0.0,0.0,0.0,0.0,0.0,0.0,0.0,0.0,0.0,0.0,0.0,0.0,0.0,0.0,0.0,0.0,0.0,0.0,0.0,0.0,0.0,0.0,0.0,0.0,0.0,0.0,0.0,0.0,0.0,0.0,0.0,0.0,0.0,0.0,0.0,0.0,0.0,0.0,0.0,0.0,0.0,0.0,0.0,0.0,0.0,0.0,0.0,0.0,0.0,0.0,0.0,0.0,0.0,0.0,0.0,0.0,0.0,0.0,0.0,0.0,0.0,0.0,0.0,0.0,0.0,0.0,0.0,0.0,0.0,0.0,0.0,0.0,0.0,0.0,0.0,0.0,0.0,0.0,0.0,0.0,0.0,0.0,0.0,0.0,0.0,0.0,0.0,0.0,0.0,0.0,0.0,0.0,0.0,0.0,0.0,0.0,0.0,0.0,0.0,0.0,0.0,0.0,0.0,0.0,0.0,0.0,0.0,0.0,0.0,0.0,0.0,0.0,0.0,0.0,0.0,0.0,0.0,0.0,0.0,0.0,0.0,0.0,0.0,0.0,0.0,0.0,0.0,0.0,0.0,0.0,0.0,0.0,0.0,0.0,0.0,0.0,0.0,0.0,0.0,0.0,0.0,0.0,0.0,0.0,0.0,0.0,0.0,0.0,0.0,0.0,0.0,0.0,0.0,0.0,0.0,0.0,0.0,0.0,0.0,0.0,0.0,0.0,0.0,0.0,0.0,0.0,0.0,0.0,0.0,0.0,0.0,0.0,0.0,0.0,0.0,0.0,0.0,0.0,0.0,0.0,0.0,0.0,0.0,0.0,0.0,0.0,0.0,0.0,0.0,0.0,0.0,0.0,0.0,0.0,0.0,0.0,0.0,0.0,0.0,0.0,0.0,0.0,0.0,0.0,0.0,0.0,0.0,0.0,0.0,0.0,0.0,0.0,0.0,0.0,0.0,0.0,0.0,0.0,0.0,0.0,0.0,0.0,0.0,0.0,0.0,0.0,0.0,0.0,0.0,0.0,0.0,0.0,0.0,0.0,0.0,0.0,0.0,0.0,0.0,0.0,0.0,0.0,0.0,0.0,0.0,0.0,0.0,0.0,0.0,0.0,0.0,0.0,0.0,0.0,0.0,0.0,0.0,0.0,0.0,0.0,0.0,0.0,0.0,0.0,0.0,0.0,0.0,0.0,0.0,0.0,0.0,0.0,0.0,0.0,0.0,0.0,0.0,0.0,0.0,0.0,0.0,0.0,0.0,0.0,0.0,0.0,0.0,0.0,0.0,0.0,0.0,0.0,0.0,0.0,0.0,0.0,0.0,0.0,0.0,0.0,0.0,0.0,0.0,0.0,0.0,0.0,0.0,0.0,0.0,0.0,0.0,0.0,0.0,0.0,0.0,0.0,0.0,0.0,0.0,0.0,0.0,0.0,0.0,0.0,0.0,0.0,0.0,0.0,0.0,0.0,0.0,0.0,0.0,0.0,0.0,0.0,0.0,0.0,0.0,0.0,0.0,0.0,0.0,0.0,0.0,0.0,0.0,0.0,0.0,0.0,0.0,0.0,0.0,0.0,0.0,0.0,0.0,0.0,0.0,0.0,0.0,0.0,0.0,0.0,0.0,0.0,0.0,0.0,0.0,0.0,0.0,0.0,0.0,0.0,0.0,0.0,0.0,0.0,0.0,0.0,0.0,0.0,0.0,0.0,0.0,0.0,0.0,0.0,0.0,0.0,0.0,0.0,0.0,0.0,0.0,0.0,0.0,0.0,0.0,0.0,0.0,0.0,0.0,0.0,0.0,0.0,0.0,0.0,0.0,0.0,0.0,0.0,0.0,0.0,0.0,0.0,0.0,0.0,0.0,0.0,0.0,0.0,0.0,0.0,0.0,0.0,0.0,0.0,0.0,0.0,0.0,0.0,0.0,0.0,0.0,0.0,0.0,0.0,0.0,0.0,0.0,0.0,0.0,0.0,0.0,0.0,0.0,0.0,0.0,0.0,0.0,0.0,0.0,0.0,0.0,0.0,0.0,0.0,0.0,0.0,0.0,0.0,0.0,0.0,0.0,0.0,0.0,0.0,0.0,0.0,0.0,0.0,0.0,0.0,0.0,0.0,0.0,0.0,0.0,0.0,0.0,0.0,0.0,0.0,0.0,0.0,0.0,0.0,0.0,0.0,0.0,0.0,0.0,0.0,0.0,0.0,0.0,0.0,0.0,0.0,0.0,0.0,0.0,0.0,0.0,0.0,0.0,0.0,0.0,0.0,0.0,0.0,0.0,0.0,0.0
2026-10-07T06:00:00Z,0.0,0.0,0.0,0.0,0.0,0.0,0.0,0.0,0.0,0.0,0.0,0.0,0.0,0.0,0.0,0.0,0.0,0.0,0.0,0.0,0.0,0.0,0.0,0.0,0.0,0.0,0.0,0.0,0.0,0.0,0.0,0.0,0.0,0.0,0.0,0.0,0.0,0.0,0.0,0.0,0.0,0.0,0.0,0.0,0.0,0.0,0.0,0.0,0.0,0.0,0.0,0.0,0.0,0.0,0.0,0.0,0.0,0.0,0.0,0.0,0.0,0.0,0.0,0.0,0.0,0.0,0.0,0.0,0.0,0.0,0.0,0.0,0.0,0.0,0.0,0.0,0.0,0.0,0.0,0.0,0.0,0.0,0.0,0.0,0.0,0.0,0.0,0.0,0.0,0.0,0.0,0.0,0.0,0.0,0.0,0.0,0.0,0.0,0.0,0.0,0.0,0.0,0.0,0.0,0.0,0.0,0.0,0.0,0.0,0.0,0.0,0.0,0.0,0.0,0.0,0.0,0.0,0.0,0.0,0.0,0.0,0.0,0.0,0.0,0.0,0.0,0.0,0.0,0.0,0.0,0.0,0.0,0.0,0.0,0.0,0.0,0.0,0.0,0.0,0.0,0.0,0.0,0.0,0.0,0.0,0.0,0.0,0.0,0.0,0.0,0.0,0.0,0.0,0.0,0.0,0.0,0.0,0.0,0.0,0.0,0.0,0.0,0.0,0.0,0.0,0.0,0.0,0.0,0.0,0.0,0.0,0.0,0.0,0.0,0.0,0.0,0.0,0.0,0.0,0.0,0.0,0.0,0.0,0.0,0.0,0.0,0.0,0.0,0.0,0.0,0.0,0.0,0.0,0.0,0.0,0.0,0.0,0.0,0.0,0.0,0.0,0.0,0.0,0.0,0.0,0.0,0.0,0.0,0.0,0.0,0.0,0.0,0.0,0.0,0.0,0.0,0.0,0.0,0.0,0.0,0.0,0.0,0.0,0.0,0.0,0.0,0.0,0.0,0.0,0.0,0.0,0.0,0.0,0.0,0.0,0.0,0.0,0.0,0.0,0.0,0.0,0.0,0.0,0.0,0.0,0.0,0.0,0.0,0.0,0.0,0.0,0.0,0.0,0.0,0.0,0.0,0.0,0.0,0.0,0.0,0.0,0.0,0.0,0.0,0.0,0.0,0.0,0.0,0.0,0.0,0.0,0.0,0.0,0.0,0.0,0.0,0.0,0.0,0.0,0.0,0.0,0.0,0.0,0.0,0.0,0.0,0.0,0.0,0.0,0.0,0.0,0.0,0.0,0.0,0.0,0.0,0.0,0.0,0.0,0.0,0.0,0.0,0.0,0.0,0.0,0.0,0.0,0.0,0.0,0.0,0.0,0.0,0.0,0.0,0.0,0.0,0.0,0.0,0.0,0.0,0.0,0.0,0.0,0.0,0.0,0.0,0.0,0.0,0.0,0.0,0.0,0.0,0.0,0.0,0.0,0.0,0.0,0.0,0.0,0.0,0.0,0.0,0.0,0.0,0.0,0.0,0.0,0.0,0.0,0.0,0.0,0.0,0.0,0.0,0.0,0.0,0.0,0.0,0.0,0.0,0.0,0.0,0.0,0.0,0.0,0.0,0.0,0.0,0.0,0.0,0.0,0.0,0.0,0.0,0.0,0.0,0.0,0.0,0.0,0.0,0.0,0.0,0.0,0.0,0.0,0.0,0.0,0.0,0.0,0.0,0.0,0.0,0.0,0.0,0.0,0.0,0.0,0.0,0.0,0.0,0.0,0.0,0.0,0.0,0.0,0.0,0.0,0.0,0.0,0.0,0.0,0.0,0.0,0.0,0.0,0.0,0.0,0.0,0.0,0.0,0.0,0.0,0.0,0.0,0.0,0.0,0.0,0.0,0.0,0.0,0.0,0.0,0.0,0.0,0.0,0.0,0.0,0.0,0.0,0.0,0.0,0.0,0.0,0.0,0.0,0.0,0.0,0.0,0.0,0.0,0.0,0.0,0.0,0.0,0.0,0.0,0.0,0.0,0.0,0.0,0.0,0.0,0.0,0.0,0.0,0.0,0.0,0.0,0.0,0.0,0.0,0.0,0.0,0.0,0.0,0.0,0.0,0.0,0.0,0.0,0.0,0.0,0.0,0.0,0.0,0.0,0.0,0.0,0.0,0.0,0.0,0.0,0.0,0.0,0.0,0.0,0.0,0.0,0.0,0.0,0.0,0.0,0.0,0.0,0.0,0.0,0.0,0.0,0.0,0.0,0.0,0.0,0.0,0.0,0.0,0.0,0.0,0.0,0.0,0.0,0.0,0.0,0.0,0.0,0.0,0.0,0.0,0.0,0.0,0.0,0.0,0.0,0.0,0.0,0.0,0.0,0.0,0.0,0.0,0.0,0.0,0.0,0.0,0.0,0.0,0.0,0.0,0.0,0.0,0.0,0.0,0.0,0.0,0.0,0.0,0.0,0.0,0.0,0.0,0.0,0.0,0.0,0.0,0.0,0.0,0.0,0.0,0.0,0.0,0.0,0.0,0.0,0.0,0.0,0.0,0.0,0.0,0.0,0.0,0.0,0.0,0.0,0.0,0.0,0.0,0.0,0.0,0.0,0.0,0.0,0.0,0.0,0.0,0.0,0.0,0.0,0.0,0.0,0.0,0.0,0.0,0.0,0.0,0.0,0.0,0.0,0.0,0.0,0.0,0.0,0.0,0.0,0.0,0.0,0.0,0.0,0.0,0.0,0.0,0.0,0.0,0.0,0.0,0.0,0.0,0.0,0.0,0.0,0.0,0.0,0.0,0.0,0.0,0.0,0.0,0.0,0.0,0.0,0.0,0.0,0.0,0.0,0.0,0.0,0.0,0.0,0.0,0.0,0.0,0.0,0.0,0.0,0.0,0.0,0.0,0.0,0.0,0.0,0.0,0.0,0.0,0.0,0.0,0.0,0.0,0.0,0.0,0.0,0.0,0.0,0.0,0.0,0.0,0.0,0.0,0.0,0.0,0.0,0.0,0.0,0.0,0.0,0.0,0.0,0.0,0.0,0.0,0.0,0.0,0.0,0.0,0.0,0.0,0.0,0.0,0.0,0.0,0.0,0.0,0.0,0.0,0.0,0.0,0.0,0.0,0.0,0.0,0.0,0.0,0.0,0.0,0.0,0.0,0.0,0.0,0.0,0.0,0.0,0.0,0.0,0.0,0.0,0.0,0.0,0.0,0.0,0.0,0.0,0.0,0.0,0.0,0.0,0.0,0.0,0.0,0.0,0.0,0.0,0.0,0.0,0.0,0.0,0.0,0.0,0.0,0.0,0.0,0.0,0.0,0.0,0.0,0.0,0.0,0.0,0.0,0.0,0.0,0.0,0.0,0.0,0.0,0.0,0.0
2026-10-07T07:00:00Z,0.0,0.0,0.0,0.0,0.0,0.0,0.0,0.0,0.0,0.0,0.0,0.0,0.0,0.0,0.0,0.0,0.0,0.0,0.0,0.0,0.0,0.0,0.0,0.0,0.0,0.0,0.0,0.0,0.0,0.0,0.0,0.0,0.0,0.0,0.0,0.0,0.0,0.0,0.0,0.0,0.0,0.0,0.0,0.0,0.0,0.0,0.0,0.0,0.0,0.0,0.0,0.0,0.0,0.0,0.0,0.0,0.0,0.0,0.0,0.0,0.0,0.0,0.0,0.0,0.0,0.0,0.0,0.0,0.0,0.0,0.0,0.0,0.0,0.0,0.0,0.0,0.0,0.0,0.0,0.0,0.0,0.0,0.0,0.0,0.0,0.0,0.0,0.0,0.0,0.0,0.0,0.0,0.0,0.0,0.0,0.0,0.0,0.0,0.0,0.0,0.0,0.0,0.0,0.0,0.0,0.0,0.0,0.0,0.0,0.0,0.0,0.0,0.0,0.0,0.0,0.0,0.0,0.0,0.0,0.0,0.0,0.0,0.0,0.0,0.0,0.0,0.0,0.0,0.0,0.0,0.0,0.0,0.0,0.0,0.0,0.0,0.0,0.0,0.0,0.0,0.0,0.0,0.0,0.0,0.0,0.0,0.0,0.0,0.0,0.0,0.0,0.0,0.0,0.0,0.0,0.0,0.0,0.0,0.0,0.0,0.0,0.0,0.0,0.0,0.0,0.0,0.0,0.0,0.0,0.0,0.0,0.0,0.0,0.0,0.0,0.0,0.0,0.0,0.0,0.0,0.0,0.0,0.0,0.0,0.0,0.0,0.0,0.0,0.0,0.0,0.0,0.0,0.0,0.0,0.0,0.0,0.0,0.0,0.0,0.0,0.0,0.0,0.0,0.0,0.0,0.0,0.0,0.0,0.0,0.0,0.0,0.0,0.0,0.0,0.0,0.0,0.0,0.0,0.0,0.0,0.0,0.0,0.0,0.0,0.0,0.0,0.0,0.0,0.0,0.0,0.0,0.0,0.0,0.0,0.0,0.0,0.0,0.0,0.0,0.0,0.0,0.0,0.0,0.0,0.0,0.0,0.0,0.0,0.0,0.0,0.0,0.0,0.0,0.0,0.0,0.0,0.0,0.0,0.0,0.0,0.0,0.0,0.0,0.0,0.0,0.0,0.0,0.0,0.0,0.0,0.0,0.0,0.0,0.0,0.0,0.0,0.0,0.0,0.0,0.0,0.0,0.0,0.0,0.0,0.0,0.0,0.0,0.0,0.0,0.0,0.0,0.0,0.0,0.0,0.0,0.0,0.0,0.0,0.0,0.0,0.0,0.0,0.0,0.0,0.0,0.0,0.0,0.0,0.0,0.0,0.0,0.0,0.0,0.0,0.0,0.0,0.0,0.0,0.0,0.0,0.0,0.0,0.0,0.0,0.0,0.0,0.0,0.0,0.0,0.0,0.0,0.0,0.0,0.0,0.0,0.0,0.0,0.0,0.0,0.0,0.0,0.0,0.0,0.0,0.0,0.0,0.0,0.0,0.0,0.0,0.0,0.0,0.0,0.0,0.0,0.0,0.0,0.0,0.0,0.0,0.0,0.0,0.0,0.0,0.0,0.0,0.0,0.0,0.0,0.0,0.0,0.0,0.0,0.0,0.0,0.0,0.0,0.0,0.0,0.0,0.0,0.0,0.0,0.0,0.0,0.0,0.0,0.0,0.0,0.0,0.0,0.0,0.0,0.0,0.0,0.0,0.0,0.0,0.0,0.0,0.0,0.0,0.0,0.0,0.0,0.0,0.0,0.0,0.0,0.0,0.0,0.0,0.0,0.0,0.0,0.0,0.0,0.0,0.0,0.0,0.0,0.0,0.0,0.0,0.0,0.0,0.0,0.0,0.0,0.0,0.0,0.0,0.0,0.0,0.0,0.0,0.0,0.0,0.0,0.0,0.0,0.0,0.0,0.0,0.0,0.0,0.0,0.0,0.0,0.0,0.0,0.0,0.0,0.0,0.0,0.0,0.0,0.0,0.0,0.0,0.0,0.0,0.0,0.0,0.0,0.0,0.0,0.0,0.0,0.0,0.0,0.0,0.0,0.0,0.0,0.0,0.0,0.0,0.0,0.0,0.0,0.0,0.0,0.0,0.0,0.0,0.0,0.0,0.0,0.0,0.0,0.0,0.0,0.0,0.0,0.0,0.0,0.0,0.0,0.0,0.0,0.0,0.0,0.0,0.0,0.0,0.0,0.0,0.0,0.0,0.0,0.0,0.0,0.0,0.0,0.0,0.0,0.0,0.0,0.0,0.0,0.0,0.0,0.0,0.0,0.0,0.0,0.0,0.0,0.0,0.0,0.0,0.0,0.0,0.0,0.0,0.0,0.0,0.0,0.0,0.0,0.0,0.0,0.0,0.0,0.0,0.0,0.0,0.0,0.0,0.0,0.0,0.0,0.0,0.0,0.0,0.0,0.0,0.0,0.0,0.0,0.0,0.0,0.0,0.0,0.0,0.0,0.0,0.0,0.0,0.0,0.0,0.0,0.0,0.0,0.0,0.0,0.0,0.0,0.0,0.0,0.0,0.0,0.0,0.0,0.0,0.0,0.0,0.0,0.0,0.0,0.0,0.0,0.0,0.0,0.0,0.0,0.0,0.0,0.0,0.0,0.0,0.0,0.0,0.0,0.0,0.0,0.0,0.0,0.0,0.0,0.0,0.0,0.0,0.0,0.0,0.0,0.0,0.0,0.0,0.0,0.0,0.0,0.0,0.0,0.0,0.0,0.0,0.0,0.0,0.0,0.0,0.0,0.0,0.0,0.0,0.0,0.0,0.0,0.0,0.0,0.0,0.0,0.0,0.0,0.0,0.0,0.0,0.0,0.0,0.0,0.0,0.0,0.0,0.0,0.0,0.0,0.0,0.0,0.0,0.0,0.0,0.0,0.0,0.0,0.0,0.0,0.0,0.0,0.0,0.0,0.0,0.0,0.0,0.0,0.0,0.0,0.0,0.0,0.0,0.0,0.0,0.0,0.0,0.0,0.0,0.0,0.0,0.0,0.0,0.0,0.0,0.0,0.0,0.0,0.0,0.0,0.0,0.0,0.0,0.0,0.0,0.0,0.0,0.0,0.0,0.0,0.0,0.0,0.0,0.0,0.0,0.0,0.0,0.0,0.0,0.0,0.0,0.0,0.0,0.0,0.0,0.0,0.0,0.0,0.0,0.0,0.0,0.0,0.0,0.0,0.0,0.0,0.0,0.0,0.0,0.0,0.0,0.0,0.0,0.0,0.0,0.0,0.0,0.0,0.0,0.0,0.0,0.0,0.0,0.0,0.0,0.0,0.0,0.0,0.0,0.0,0.0,0.0,0.0,0.0,0.0,0.0
2026-10-07T08:00:00Z,0.0,0.0,0.0,0.0,0.0,0.0,0.0,0.0,0.0,0.0,0.0,0.0,0.0,0.0,0.0,0.0,0.0,0.0,0.0,0.0,0.0,0.0,0.0,0.0,0.0,0.0,0.0,0.0,0.0,0.0,0.0,0.0,0.0,0.0,0.0,0.0,0.0,0.0,0.0,0.0,0.0,0.0,0.0,0.0,0.0,0.0,0.0,0.0,0.0,0.0,0.0,0.0,0.0,0.0,0.0,0.0,0.0,0.0,0.0,0.0,0.0,0.0,0.0,0.0,0.0,0.0,0.0,0.0,0.0,0.0,0.0,0.0,0.0,0.0,0.0,0.0,0.0,0.0,0.0,0.0,0.0,0.0,0.0,0.0,0.0,0.0,0.0,0.0,0.0,0.0,0.0,0.0,0.0,0.0,0.0,0.0,0.0,0.0,0.0,0.0,0.0,0.0,0.0,0.0,0.0,0.0,0.0,0.0,0.0,0.0,0.0,0.0,0.0,0.0,0.0,0.0,0.0,0.0,0.0,0.0,0.0,0.0,0.0,0.0,0.0,0.0,0.0,0.0,0.0,0.0,0.0,0.0,0.0,0.0,0.0,0.0,0.0,0.0,0.0,0.0,0.0,0.0,0.0,0.0,0.0,0.0,0.0,0.0,0.0,0.0,0.0,0.0,0.0,0.0,0.0,0.0,0.0,0.0,0.0,0.0,0.0,0.0,0.0,0.0,0.0,0.0,0.0,0.0,0.0,0.0,0.0,0.0,0.0,0.0,0.0,0.0,0.0,0.0,0.0,0.0,0.0,0.0,0.0,0.0,0.0,0.0,0.0,0.0,0.0,0.0,0.0,0.0,0.0,0.0,0.0,0.0,0.0,0.0,0.0,0.0,0.0,0.0,0.0,0.0,0.0,0.0,0.0,0.0,0.0,0.0,0.0,0.0,0.0,0.0,0.0,0.0,0.0,0.0,0.0,0.0,0.0,0.0,0.0,0.0,0.0,0.0,0.0,0.0,0.0,0.0,0.0,0.0,0.0,0.0,0.0,0.0,0.0,0.0,0.0,0.0,0.0,0.0,0.0,0.0,0.0,0.0,0.0,0.0,0.0,0.0,0.0,0.0,0.0,0.0,0.0,0.0,0.0,0.0,0.0,0.0,0.0,0.0,0.0,0.0,0.0,0.0,0.0,0.0,0.0,0.0,0.0,0.0,0.0,0.0,0.0,0.0,0.0,0.0,0.0,0.0,0.0,0.0,0.0,0.0,0.0,0.0,0.0,0.0,0.0,0.0,0.0,0.0,0.0,0.0,0.0,0.0,0.0,0.0,0.0,0.0,0.0,0.0,0.0,0.0,0.0,0.0,0.0,0.0,0.0,0.0,0.0,0.0,0.0,0.0,0.0,0.0,0.0,0.0,0.0,0.0,0.0,0.0,0.0,0.0,0.0,0.0,0.0,0.0,0.0,0.0,0.0,0.0,0.0,0.0,0.0,0.0,0.0,0.0,0.0,0.0,0.0,0.0,0.0,0.0,0.0,0.0,0.0,0.0,0.0,0.0,0.0,0.0,0.0,0.0,0.0,0.0,0.0,0.0,0.0,0.0,0.0,0.0,0.0,0.0,0.0,0.0,0.0,0.0,0.0,0.0,0.0,0.0,0.0,0.0,0.0,0.0,0.0,0.0,0.0,0.0,0.0,0.0,0.0,0.0,0.0,0.0,0.0,0.0,0.0,0.0,0.0,0.0,0.0,0.0,0.0,0.0,0.0,0.0,0.0,0.0,0.0,0.0,0.0,0.0,0.0,0.0,0.0,0.0,0.0,0.0,0.0,0.0,0.0,0.0,0.0,0.0,0.0,0.0,0.0,0.0,0.0,0.0,0.0,0.0,0.0,0.0,0.0,0.0,0.0,0.0,0.0,0.0,0.0,0.0,0.0,0.0,0.0,0.0,0.0,0.0,0.0,0.0,0.0,0.0,0.0,0.0,0.0,0.0,0.0,0.0,0.0,0.0,0.0,0.0,0.0,0.0,0.0,0.0,0.0,0.0,0.0,0.0,0.0,0.0,0.0,0.0,0.0,0.0,0.0,0.0,0.0,0.0,0.0,0.0,0.0,0.0,0.0,0.0,0.0,0.0,0.0,0.0,0.0,0.0,0.0,0.0,0.0,0.0,0.0,0.0,0.0,0.0,0.0,0.0,0.0,0.0,0.0,0.0,0.0,0.0,0.0,0.0,0.0,0.0,0.0,0.0,0.0,0.0,0.0,0.0,0.0,0.0,0.0,0.0,0.0,0.0,0.0,0.0,0.0,0.0,0.0,0.0,0.0,0.0,0.0,0.0,0.0,0.0,0.0,0.0,0.0,0.0,0.0,0.0,0.0,0.0,0.0,0.0,0.0,0.0,0.0,0.0,0.0,0.0,0.0,0.0,0.0,0.0,0.0,0.0,0.0,0.0,0.0,0.0,0.0,0.0,0.0,0.0,0.0,0.0,0.0,0.0,0.0,0.0,0.0,0.0,0.0,0.0,0.0,0.0,0.0,0.0,0.0,0.0,0.0,0.0,0.0,0.0,0.0,0.0,0.0,0.0,0.0,0.0,0.0,0.0,0.0,0.0,0.0,0.0,0.0,0.0,0.0,0.0,0.0,0.0,0.0,0.0,0.0,0.0,0.0,0.0,0.0,0.0,0.0,0.0,0.0,0.0,0.0,0.0,0.0,0.0,0.0,0.0,0.0,0.0,0.0,0.0,0.0,0.0,0.0,0.0,0.0,0.0,0.0,0.0,0.0,0.0,0.0,0.0,0.0,0.0,0.0,0.0,0.0,0.0,0.0,0.0,0.0,0.0,0.0,0.0,0.0,0.0,0.0,0.0,0.0,0.0,0.0,0.0,0.0,0.0,0.0,0.0,0.0,0.0,0.0,0.0,0.0,0.0,0.0,0.0,0.0,0.0,0.0,0.0,0.0,0.0,0.0,0.0,0.0,0.0,0.0,0.0,0.0,0.0,0.0,0.0,0.0,0.0,0.0,0.0,0.0,0.0,0.0,0.0,0.0,0.0,0.0,0.0,0.0,0.0,0.0,0.0,0.0,0.0,0.0,0.0,0.0,0.0,0.0,0.0,0.0,0.0,0.0,0.0,0.0,0.0,0.0,0.0,0.0,0.0,0.0,0.0,0.0,0.0,0.0,0.0,0.0,0.0,0.0,0.0,0.0,0.0,0.0,0.0,0.0,0.0,0.0,0.0,0.0,0.0,0.0,0.0,0.0,0.0,0.0,0.0,0.0,0.0,0.0,0.0,0.0,0.0,0.0,0.0,0.0,0.0,0.0,0.0,0.0,0.0,0.0,0.0,0.0,0.0,0.0,0.0,0.0,0.0,0.0,0.0,0.0
2026-10-07T09:00:00Z,0.0,0.0,0.0,0.0,0.0,0.0,0.0,0.0,0.0,0.0,0.0,0.0,0.0,0.0,0.0,0.0,0.0,0.0,0.0,0.0,0.0,0.0,0.0,0.0,0.0,0.0,0.0,0.0,0.0,0.0,0.0,0.0,0.0,0.0,0.0,0.0,0.0,0.0,0.0,0.0,0.0,0.0,0.0,0.0,0.0,0.0,0.0,0.0,0.0,0.0,0.0,0.0,0.0,0.0,0.0,0.0,0.0,0.0,0.0,0.0,0.0,0.0,0.0,0.0,0.0,0.0,0.0,0.0,0.0,0.0,0.0,0.0,0.0,0.0,0.0,0.0,0.0,0.0,0.0,0.0,0.0,0.0,0.0,0.0,0.0,0.0,0.0,0.0,0.0,0.0,0.0,0.0,0.0,0.0,0.0,0.0,0.0,0.0,0.0,0.0,0.0,0.0,0.0,0.0,0.0,0.0,0.0,0.0,0.0,0.0,0.0,0.0,0.0,0.0,0.0,0.0,0.0,0.0,0.0,0.0,0.0,0.0,0.0,0.0,0.0,0.0,0.0,0.0,0.0,0.0,0.0,0.0,0.0,0.0,0.0,0.0,0.0,0.0,0.0,0.0,0.0,0.0,0.0,0.0,0.0,0.0,0.0,0.0,0.0,0.0,0.0,0.0,0.0,0.0,0.0,0.0,0.0,0.0,0.0,0.0,0.0,0.0,0.0,0.0,0.0,0.0,0.0,0.0,0.0,0.0,0.0,0.0,0.0,0.0,0.0,0.0,0.0,0.0,0.0,0.0,0.0,0.0,0.0,0.0,0.0,0.0,0.0,0.0,0.0,0.0,0.0,0.0,0.0,0.0,0.0,0.0,0.0,0.0,0.0,0.0,0.0,0.0,0.0,0.0,0.0,0.0,0.0,0.0,0.0,0.0,0.0,0.0,0.0,0.0,0.0,0.0,0.0,0.0,0.0,0.0,0.0,0.0,0.0,0.0,0.0,0.0,0.0,0.0,0.0,0.0,0.0,0.0,0.0,0.0,0.0,0.0,0.0,0.0,0.0,0.0,0.0,0.0,0.0,0.0,0.0,0.0,0.0,0.0,0.0,0.0,0.0,0.0,0.0,0.0,0.0,0.0,0.0,0.0,0.0,0.0,0.0,0.0,0.0,0.0,0.0,0.0,0.0,0.0,0.0,0.0,0.0,0.0,0.0,0.0,0.0,0.0,0.0,0.0,0.0,0.0,0.0,0.0,0.0,0.0,0.0,0.0,0.0,0.0,0.0,0.0,0.0,0.0,0.0,0.0,0.0,0.0,0.0,0.0,0.0,0.0,0.0,0.0,0.0,0.0,0.0,0.0,0.0,0.0,0.0,0.0,0.0,0.0,0.0,0.0,0.0,0.0,0.0,0.0,0.0,0.0,0.0,0.0,0.0,0.0,0.0,0.0,0.0,0.0,0.0,0.0,0.0,0.0,0.0,0.0,0.0,0.0,0.0,0.0,0.0,0.0,0.0,0.0,0.0,0.0,0.0,0.0,0.0,0.0,0.0,0.0,0.0,0.0,0.0,0.0,0.0,0.0,0.0,0.0,0.0,0.0,0.0,0.0,0.0,0.0,0.0,0.0,0.0,0.0,0.0,0.0,0.0,0.0,0.0,0.0,0.0,0.0,0.0,0.0,0.0,0.0,0.0,0.0,0.0,0.0,0.0,0.0,0.0,0.0,0.0,0.0,0.0,0.0,0.0,0.0,0.0,0.0,0.0,0.0,0.0,0.0,0.0,0.0,0.0,0.0,0.0,0.0,0.0,0.0,0.0,0.0,0.0,0.0,0.0,0.0,0.0,0.0,0.0,0.0,0.0,0.0,0.0,0.0,0.0,0.0,0.0,0.0,0.0,0.0,0.0,0.0,0.0,0.0,0.0,0.0,0.0,0.0,0.0,0.0,0.0,0.0,0.0,0.0,0.0,0.0,0.0,0.0,0.0,0.0,0.0,0.0,0.0,0.0,0.0,0.0,0.0,0.0,0.0,0.0,0.0,0.0,0.0,0.0,0.0,0.0,0.0,0.0,0.0,0.0,0.0,0.0,0.0,0.0,0.0,0.0,0.0,0.0,0.0,0.0,0.0,0.0,0.0,0.0,0.0,0.0,0.0,0.0,0.0,0.0,0.0,0.0,0.0,0.0,0.0,0.0,0.0,0.0,0.0,0.0,0.0,0.0,0.0,0.0,0.0,0.0,0.0,0.0,0.0,0.0,0.0,0.0,0.0,0.0,0.0,0.0,0.0,0.0,0.0,0.0,0.0,0.0,0.0,0.0,0.0,0.0,0.0,0.0,0.0,0.0,0.0,0.0,0.0,0.0,0.0,0.0,0.0,0.0,0.0,0.0,0.0,0.0,0.0,0.0,0.0,0.0,0.0,0.0,0.0,0.0,0.0,0.0,0.0,0.0,0.0,0.0,0.0,0.0,0.0,0.0,0.0,0.0,0.0,0.0,0.0,0.0,0.0,0.0,0.0,0.0,0.0,0.0,0.0,0.0,0.0,0.0,0.0,0.0,0.0,0.0,0.0,0.0,0.0,0.0,0.0,0.0,0.0,0.0,0.0,0.0,0.0,0.0,0.0,0.0,0.0,0.0,0.0,0.0,0.0,0.0,0.0,0.0,0.0,0.0,0.0,0.0,0.0,0.0,0.0,0.0,0.0,0.0,0.0,0.0,0.0,0.0,0.0,0.0,0.0,0.0,0.0,0.0,0.0,0.0,0.0,0.0,0.0,0.0,0.0,0.0,0.0,0.0,0.0,0.0,0.0,0.0,0.0,0.0,0.0,0.0,0.0,0.0,0.0,0.0,0.0,0.0,0.0,0.0,0.0,0.0,0.0,0.0,0.0,0.0,0.0,0.0,0.0,0.0,0.0,0.0,0.0,0.0,0.0,0.0,0.0,0.0,0.0,0.0,0.0,0.0,0.0,0.0,0.0,0.0,0.0,0.0,0.0,0.0,0.0,0.0,0.0,0.0,0.0,0.0,0.0,0.0,0.0,0.0,0.0,0.0,0.0,0.0,0.0,0.0,0.0,0.0,0.0,0.0,0.0,0.0,0.0,0.0,0.0,0.0,0.0,0.0,0.0,0.0,0.0,0.0,0.0,0.0,0.0,0.0,0.0,0.0,0.0,0.0,0.0,0.0,0.0,0.0,0.0,0.0,0.0,0.0,0.0,0.0,0.0,0.0,0.0,0.0,0.0,0.0,0.0,0.0,0.0,0.0,0.0,0.0,0.0,0.0,0.0,0.0,0.0,0.0,0.0,0.0,0.0,0.0,0.0,0.0,0.0,0.0,0.0,0.0,0.0,0.0,0.0,0.0,0.0,0.0,0.0,0.0,0.0
2026-10-07T10:00:00Z,0.0,0.0,0.0,0.0,0.0,0.0,0.0,0.0,0.0,0.0,0.0,0.0,0.0,0.0,0.0,0.0,0.0,0.0,0.0,0.0,0.0,0.0,0.0,0.0,0.0,0.0,0.0,0.0,0.0,0.0,0.0,0.0,0.0,0.0,0.0,0.0,0.0,0.0,0.0,0.0,0.0,0.0,0.0,0.0,0.0,0.0,0.0,0.0,0.0,0.0,0.0,0.0,0.0,0.0,0.0,0.0,0.0,0.0,0.0,0.0,0.0,0.0,0.0,0.0,0.0,0.0,0.0,0.0,0.0,0.0,0.0,0.0,0.0,0.0,0.0,0.0,0.0,0.0,0.0,0.0,0.0,0.0,0.0,0.0,0.0,0.0,0.0,0.0,0.0,0.0,0.0,0.0,0.0,0.0,0.0,0.0,0.0,0.0,0.0,0.0,0.0,0.0,0.0,0.0,0.0,0.0,0.0,0.0,0.0,0.0,0.0,0.0,0.0,0.0,0.0,0.0,0.0,0.0,0.0,0.0,0.0,0.0,0.0,0.0,0.0,0.0,0.0,0.0,0.1,0.0,0.0,0.0,0.0,0.0,0.0,0.0,0.0,0.0,0.0,0.0,0.0,0.0,0.0,0.0,0.0,0.0,0.0,0.0,0.0,0.0,0.0,0.0,0.0,0.0,0.0,0.0,0.0,0.0,0.0,0.0,0.1,0.0,0.0,0.0,0.0,0.0,0.0,0.0,0.0,0.0,0.0,0.0,0.0,0.0,0.0,0.0,0.0,0.0,0.0,0.0,0.0,0.0,0.0,0.0,0.0,0.0,0.0,0.0,0.0,0.0,0.0,0.0,0.0,0.0,0.0,0.0,0.0,0.0,0.0,0.0,0.0,0.0,0.0,0.0,0.0,0.0,0.0,0.0,0.0,0.0,0.0,0.0,0.0,0.0,0.0,0.0,0.0,0.0,0.0,0.0,0.0,0.0,0.0,0.0,0.0,0.0,0.0,0.0,0.0,0.0,0.0,0.0,0.0,0.0,0.0,0.0,0.0,0.0,0.0,0.0,0.0,0.0,0.0,0.0,0.0,0.0,0.0,0.0,0.0,0.0,0.0,0.0,0.0,0.0,0.0,0.0,0.0,0.0,0.0,0.0,0.0,0.0,0.0,0.0,0.0,0.0,0.0,0.0,0.0,0.0,0.0,0.0,0.0,0.0,0.0,0.0,0.0,0.0,0.0,0.0,0.0,0.0,0.0,0.0,0.0,0.0,0.0,0.0,0.0,0.0,0.0,0.0,0.0,0.0,0.0,0.0,0.0,0.0,0.0,0.0,0.0,0.0,0.0,0.0,0.0,0.0,0.0,0.0,0.0,0.0,0.0,0.0,0.0,0.0,0.0,0.0,0.0,0.0,0.0,0.0,0.0,0.0,0.0,0.0,0.0,0.0,0.0,0.0,0.0,0.0,0.0,0.0,0.0,0.0,0.0,0.0,0.0,0.0,0.0,0.0,0.0,0.0,0.0,0.0,0.0,0.0,0.0,0.0,0.0,0.0,0.0,0.0,0.0,0.0,0.0,0.0,0.0,0.0,0.0,0.0,0.0,0.0,0.0,0.0,0.0,0.0,0.0,0.0,0.0,0.0,0.0,0.0,0.0,0.0,0.0,0.0,0.0,0.0,0.0,0.0,0.0,0.0,0.0,0.0,0.0,0.0,0.0,0.0,0.0,0.0,0.0,0.0,0.0,0.0,0.0,0.0,0.0,0.0,0.0,0.0,0.0,0.0,0.0,0.0,0.0,0.0,0.0,0.0,0.0,0.0,0.0,0.0,0.0,0.0,0.0,0.0,0.0,0.0,0.0,0.0,0.0,0.0,0.0,0.0,0.0,0.0,0.0,0.0,0.0,0.0,0.0,0.0,0.0,0.0,0.0,0.0,0.0,0.0,0.0,0.0,0.0,0.0,0.0,0.0,0.0,0.0,0.0,0.0,0.0,0.0,0.0,0.0,0.0,0.0,0.0,0.0,0.0,0.0,0.0,0.0,0.0,0.0,0.0,0.0,0.0,0.0,0.0,0.0,0.0,0.0,0.0,0.0,0.0,0.0,0.0,0.0,0.0,0.0,0.0,0.0,0.0,0.0,0.0,0.0,0.0,0.0,0.0,0.0,0.0,0.0,0.0,0.0,0.0,0.0,0.0,0.0,0.0,0.0,0.0,0.0,0.0,0.0,0.0,0.0,0.0,0.0,0.0,0.0,0.0,0.0,0.0,0.0,0.0,0.0,0.0,0.0,0.0,0.0,0.0,0.0,0.0,0.0,0.0,0.0,0.0,0.0,0.0,0.0,0.0,0.0,0.0,0.0,0.0,0.0,0.0,0.0,0.0,0.0,0.0,0.0,0.0,0.0,0.0,0.0,0.0,0.0,0.0,0.0,0.0,0.0,0.0,0.0,0.0,0.0,0.0,0.0,0.0,0.0,0.0,0.0,0.0,0.0,0.0,0.0,0.0,0.0,0.0,0.0,0.0,0.0,0.0,0.0,0.0,0.0,0.0,0.0,0.0,0.0,0.0,0.0,0.0,0.0,0.0,0.0,0.0,0.0,0.0,0.0,0.0,0.0,0.0,0.0,0.0,0.0,0.0,0.0,0.0,0.0,0.0,0.0,0.0,0.0,0.0,0.0,0.0,0.0,0.0,0.0,0.0,0.0,0.0,0.0,0.0,0.0,0.0,0.0,0.0,0.0,0.0,0.0,0.0,0.0,0.0,0.0,0.0,0.0,0.0,0.0,0.0,0.0,0.0,0.0,0.0,0.0,0.0,0.0,0.0,0.0,0.0,0.0,0.0,0.0,0.0,0.0,0.0,0.0,0.0,0.0,0.0,0.0,0.0,0.0,0.0,0.0,0.0,0.0,0.0,0.0,0.0,0.0,0.0,0.0,0.0,0.0,0.0,0.0,0.0,0.0,0.0,0.0,0.0,0.0,0.0,0.0,0.0,0.0,0.0,0.0,0.0,0.0,0.0,0.0,0.0,0.0,0.0,0.0,0.0,0.0,0.0,0.0,0.0,0.0,0.0,0.0,0.0,0.0,0.0,0.0,0.0,0.0,0.0,0.0,0.0,0.0,0.0,0.0,0.0,0.0,0.0,0.0,0.0,0.0,0.0,0.0,0.0,0.0,0.0,0.0,0.0,0.0,0.0,0.0,0.0,0.0,0.0,0.0,0.0,0.0,0.0,0.0,0.0,0.0,0.0,0.0,0.0,0.0,0.0,0.0,0.0,0.0,0.0,0.0,0.0,0.0,0.0,0.0,0.0,0.0,0.0,0.0,0.0,0.0,0.0,0.0,0.0,0.0,0.0,0.0,0.0,0.0,0.0,0.0,0.0
2026-10-07T11:00:00Z,0.0,0.0,0.0,0.0,0.0,0.0,0.0,0.0,0.0,0.0,0.0,0.0,0.0,0.0,0.0,0.0,0.0,0.0,0.0,0.0,0.0,0.0,0.0,0.0,0.0,0.0,0.0,0.0,0.0,0.0,0.0,0.0,0.0,0.0,0.0,0.0,0.0,0.0,0.0,0.0,0.0,0.0,0.0,0.0,0.0,0.0,0.0,0.0,0.0,0.0,0.0,0.0,0.0,0.0,0.0,0.0,0.0,0.0,0.0,0.0,0.0,0.0,0.0,0.0,0.0,0.0,0.0,0.0,0.0,0.0,0.0,0.0,0.0,0.0,0.0,0.0,0.0,0.0,0.0,0.0,0.0,0.0,0.0,0.0,0.0,0.0,0.0,0.0,0.0,0.0,0.0,0.0,0.0,0.0,0.0,0.0,0.0,0.0,0.0,0.0,0.0,0.0,0.0,0.0,0.0,0.0,0.0,0.0,0.0,0.0,0.0,0.0,0.0,0.0,0.0,0.0,0.0,0.0,0.0,0.0,0.0,0.0,0.0,0.0,0.0,0.0,0.0,0.0,0.1,0.0,0.0,0.0,0.0,0.0,0.0,0.0,0.0,0.0,0.0,0.0,0.0,0.0,0.0,0.0,0.0,0.0,0.0,0.0,0.0,0.0,0.0,0.0,0.0,0.0,0.0,0.0,0.0,0.0,0.0,0.0,0.1,0.0,0.0,0.0,0.0,0.0,0.0,0.0,0.0,0.0,0.0,0.0,0.0,0.0,0.0,0.0,0.0,0.0,0.0,0.0,0.0,0.0,0.0,0.0,0.0,0.0,0.0,0.0,0.0,0.0,0.0,0.0,0.0,0.0,0.0,0.0,0.0,0.0,0.0,0.0,0.0,0.0,0.0,0.0,0.0,0.0,0.0,0.0,0.0,0.0,0.0,0.0,0.0,0.0,0.0,0.0,0.0,0.0,0.0,0.0,0.0,0.0,0.0,0.0,0.0,0.0,0.0,0.0,0.0,0.0,0.0,0.0,0.0,0.0,0.0,0.0,0.0,0.0,0.0,0.0,0.0,0.0,0.0,0.0,0.0,0.0,0.0,0.0,0.0,0.0,0.0,0.0,0.0,0.0,0.0,0.0,0.0,0.0,0.0,0.0,0.0,0.0,0.0,0.0,0.0,0.0,0.0,0.0,0.0,0.0,0.0,0.0,0.0,0.0,0.0,0.0,0.0,0.0,0.0,0.0,0.0,0.0,0.0,0.0,0.0,0.0,0.0,0.0,0.0,0.0,0.0,0.0,0.0,0.0,0.0,0.0,0.0,0.0,0.0,0.0,0.0,0.0,0.0,0.0,0.0,0.0,0.0,0.0,0.0,0.0,0.0,0.0,0.0,0.0,0.0,0.0,0.0,0.0,0.0,0.0,0.0,0.0,0.0,0.0,0.0,0.0,0.0,0.0,0.0,0.0,0.0,0.0,0.0,0.0,0.0,0.0,0.0,0.0,0.0,0.0,0.0,0.0,0.0,0.0,0.0,0.0,0.0,0.0,0.0,0.0,0.0,0.0,0.0,0.0,0.0,0.0,0.0,0.0,0.0,0.0,0.0,0.0,0.0,0.0,0.0,0.0,0.0,0.0,0.0,0.0,0.0,0.0,0.0,0.0,0.0,0.0,0.0,0.0,0.0,0.0,0.0,0.0,0.0,0.0,0.0,0.0,0.0,0.0,0.0,0.0,0.0,0.0,0.0,0.0,0.0,0.0,0.0,0.0,0.0,0.0,0.0,0.0,0.0,0.0,0.0,0.0,0.0,0.0,0.0,0.0,0.0,0.0,0.0,0.0,0.0,0.0,0.0,0.0,0.0,0.0,0.0,0.0,0.0,0.0,0.0,0.0,0.0,0.0,0.0,0.0,0.0,0.0,0.0,0.0,0.0,0.0,0.0,0.0,0.0,0.0,0.0,0.0,0.0,0.0,0.0,0.0,0.0,0.0,0.0,0.0,0.0,0.0,0.0,0.0,0.0,0.0,0.0,0.0,0.0,0.0,0.0,0.0,0.0,0.0,0.0,0.0,0.0,0.0,0.0,0.0,0.0,0.0,0.0,0.0,0.0,0.0,0.0,0.0,0.0,0.0,0.0,0.0,0.0,0.0,0.0,0.0,0.0,0.0,0.0,0.0,0.0,0.0,0.0,0.0,0.0,0.0,0.0,0.0,0.0,0.0,0.0,0.0,0.0,0.0,0.0,0.0,0.0,0.0,0.0,0.0,0.0,0.0,0.0,0.0,0.0,0.0,0.0,0.0,0.0,0.0,0.0,0.0,0.0,0.0,0.0,0.0,0.0,0.0,0.0,0.0,0.0,0.0,0.0,0.0,0.0,0.0,0.0,0.0,0.0,0.0,0.0,0.0,0.0,0.0,0.0,0.0,0.0,0.0,0.0,0.0,0.0,0.0,0.0,0.0,0.0,0.0,0.0,0.0,0.0,0.0,0.0,0.0,0.0,0.0,0.0,0.0,0.0,0.0,0.0,0.0,0.0,0.0,0.0,0.0,0.0,0.0,0.0,0.0,0.0,0.0,0.0,0.0,0.0,0.0,0.0,0.0,0.0,0.0,0.0,0.0,0.0,0.0,0.0,0.0,0.0,0.0,0.0,0.0,0.0,0.0,0.0,0.0,0.0,0.0,0.0,0.0,0.0,0.0,0.0,0.0,0.0,0.0,0.0,0.0,0.0,0.0,0.0,0.0,0.0,0.0,0.0,0.0,0.0,0.0,0.0,0.0,0.0,0.0,0.0,0.0,0.0,0.0,0.0,0.0,0.0,0.0,0.0,0.0,0.0,0.0,0.0,0.0,0.0,0.0,0.0,0.0,0.0,0.0,0.0,0.0,0.0,0.0,0.0,0.0,0.0,0.0,0.0,0.0,0.0,0.0,0.0,0.0,0.0,0.0,0.0,0.0,0.0,0.0,0.0,0.0,0.0,0.0,0.0,0.0,0.0,0.0,0.0,0.0,0.0,0.0,0.0,0.0,0.0,0.0,0.0,0.0,0.0,0.0,0.0,0.0,0.0,0.0,0.0,0.0,0.0,0.0,0.0,0.0,0.0,0.0,0.0,0.0,0.0,0.0,0.0,0.0,0.0,0.0,0.0,0.0,0.0,0.0,0.0,0.0,0.0,0.0,0.0,0.0,0.0,0.0,0.0,0.0,0.0,0.0,0.0,0.0,0.0,0.0,0.0,0.0,0.0,0.0,0.0,0.0,0.0,0.0,0.0,0.0,0.0,0.0,0.0,0.0,0.0,0.0,0.0,0.0,0.0,0.0,0.0,0.0,0.0,0.0,0.0,0.0,0.0,0.0,0.0,0.0,0.0,0.0,0.0,0.0,0.0
2026-10-07T12:00:00Z,0.0,0.0,0.0,0.0,0.0,0.0,0.0,0.0,0.0,0.0,0.0,0.0,0.0,0.0,0.0,0.0,0.0,0.0,0.0,0.0,0.0,0.0,0.0,0.0,0.0,0.0,0.0,0.0,0.0,0.0,0.0,0.0,0.0,0.0,0.0,0.0,0.0,0.0,0.0,0.0,0.0,0.0,0.0,0.0,0.0,0.0,0.0,0.0,0.0,0.0,0.0,0.0,0.0,0.0,0.0,0.0,0.0,0.0,0.0,0.0,0.0,0.0,0.0,0.0,0.0,0.0,0.0,0.0,0.0,0.0,0.0,0.0,0.0,0.0,0.0,0.0,0.0,0.0,0.0,0.0,0.0,0.0,0.0,0.0,0.0,0.0,0.0,0.0,0.0,0.0,0.0,0.0,0.0,0.0,0.0,0.0,0.0,0.0,0.0,0.0,0.0,0.0,0.0,0.0,0.0,0.0,0.0,0.0,0.0,0.0,0.0,0.0,0.0,0.0,0.0,0.0,0.0,0.0,0.0,0.0,0.0,0.0,0.0,0.0,0.0,0.0,0.0,0.0,0.1,0.0,0.0,0.0,0.0,0.0,0.0,0.0,0.0,0.0,0.0,0.0,0.0,0.0,0.0,0.0,0.0,0.0,0.0,0.0,0.0,0.0,0.0,0.0,0.0,0.0,0.0,0.0,0.0,0.0,0.0,0.0,0.1,0.0,0.0,0.0,0.0,0.0,0.0,0.0,0.0,0.0,0.0,0.0,0.0,0.0,0.0,0.0,0.0,0.0,0.0,0.0,0.0,0.0,0.0,0.0,0.0,0.0,0.0,0.0,0.0,0.0,0.0,0.0,0.0,0.0,0.0,0.0,0.0,0.0,0.0,0.0,0.0,0.0,0.0,0.0,0.0,0.0,0.0,0.0,0.0,0.0,0.0,0.0,0.0,0.0,0.0,0.0,0.0,0.0,0.0,0.0,0.0,0.0,0.0,0.0,0.0,0.0,0.0,0.0,0.0,0.0,0.0,0.0,0.0,0.0,0.0,0.0,0.0,0.0,0.0,0.0,0.0,0.0,0.0,0.0,0.0,0.0,0.0,0.0,0.0,0.0,0.0,0.0,0.0,0.0,0.0,0.0,0.0,0.0,0.0,0.0,0.0,0.0,0.0,0.0,0.0,0.0,0.0,0.0,0.0,0.0,0.0,0.0,0.0,0.0,0.0,0.0,0.0,0.0,0.0,0.0,0.0,0.0,0.0,0.0,0.0,0.0,0.0,0.0,0.0,0.0,0.0,0.0,0.0,0.0,0.0,0.0,0.0,0.0,0.0,0.0,0.0,0.0,0.0,0.0,0.0,0.0,0.0,0.0,0.0,0.0,0.0,0.0,0.0,0.0,0.0,0.0,0.0,0.0,0.0,0.0,0.0,0.0,0.0,0.0,0.0,0.0,0.0,0.0,0.0,0.0,0.0,0.0,0.0,0.0,0.0,0.0,0.0,0.0,0.0,0.0,0.0,0.0,0.0,0.0,0.0,0.0,0.0,0.0,0.0,0.0,0.0,0.0,0.0,0.0,0.0,0.0,0.0,0.0,0.0,0.0,0.0,0.0,0.0,0.0,0.0,0.0,0.0,0.0,0.0,0.0,0.0,0.0,0.0,0.0,0.0,0.0,0.0,0.0,0.0,0.0,0.0,0.0,0.0,0.0,0.0,0.0,0.0,0.0,0.0,0.0,0.0,0.0,0.0,0.0,0.0,0.0,0.0,0.0,0.0,0.0,0.0,0.0,0.0,0.0,0.0,0.0,0.0,0.0,0.0,0.0,0.0,0.0,0.0,0.0,0.0,0.0,0.0,0.0,0.0,0.0,0.0,0.0,0.0,0.0,0.0,0.0,0.0,0.0,0.0,0.0,0.0,0.0,0.0,0.0,0.0,0.0,0.0,0.0,0.0,0.0,0.0,0.0,0.0,0.0,0.0,0.0,0.0,0.0,0.0,0.0,0.0,0.0,0.0,0.0,0.0,0.0,0.0,0.0,0.0,0.0,0.0,0.0,0.0,0.0,0.0,0.0,0.0,0.0,0.0,0.0,0.0,0.0,0.0,0.0,0.0,0.0,0.0,0.0,0.0,0.0,0.0,0.0,0.0,0.0,0.0,0.0,0.0,0.0,0.0,0.0,0.0,0.0,0.0,0.0,0.0,0.0,0.0,0.0,0.0,0.0,0.0,0.0,0.0,0.0,0.0,0.0,0.0,0.0,0.0,0.0,0.0,0.0,0.0,0.0,0.0,0.0,0.0,0.0,0.0,0.0,0.0,0.0,0.0,0.0,0.0,0.0,0.0,0.0,0.0,0.0,0.0,0.0,0.0,0.0,0.0,0.0,0.0,0.0,0.0,0.0,0.0,0.0,0.0,0.0,0.0,0.0,0.0,0.0,0.0,0.0,0.0,0.0,0.0,0.0,0.0,0.0,0.0,0.0,0.0,0.0,0.0,0.0,0.0,0.0,0.0,0.0,0.0,0.0,0.0,0.0,0.0,0.0,0.0,0.0,0.0,0.0,0.0,0.0,0.0,0.0,0.0,0.0,0.0,0.0,0.0,0.0,0.0,0.0,0.0,0.0,0.0,0.0,0.0,0.0,0.0,0.0,0.0,0.0,0.0,0.0,0.0,0.0,0.0,0.0,0.0,0.0,0.0,0.0,0.0,0.0,0.0,0.0,0.0,0.0,0.0,0.0,0.0,0.0,0.0,0.0,0.0,0.0,0.0,0.0,0.0,0.0,0.0,0.0,0.0,0.0,0.0,0.0,0.0,0.0,0.0,0.0,0.0,0.0,0.0,0.0,0.0,0.0,0.0,0.0,0.0,0.0,0.0,0.0,0.0,0.0,0.0,0.0,0.0,0.0,0.0,0.0,0.0,0.0,0.0,0.0,0.0,0.0,0.0,0.0,0.0,0.0,0.0,0.0,0.0,0.0,0.0,0.0,0.0,0.0,0.0,0.0,0.0,0.0,0.0,0.0,0.0,0.0,0.0,0.0,0.0,0.0,0.0,0.0,0.0,0.0,0.0,0.0,0.0,0.0,0.0,0.0,0.0,0.0,0.0,0.0,0.0,0.0,0.0,0.0,0.0,0.0,0.0,0.0,0.0,0.0,0.0,0.0,0.0,0.0,0.0,0.0,0.0,0.0,0.0,0.0,0.0,0.0,0.0,0.0,0.0,0.0,0.0,0.0,0.0,0.0,0.0,0.0,0.0,0.0,0.0,0.0,0.0,0.0,0.0,0.0,0.0,0.0,0.0,0.0,0.0,0.0,0.0,0.0,0.0,0.0,0.0,0.0,0.0,0.0,0.0,0.0,0.0,0.0,0.0,0.0,0.0,0.0,0.0
2026-10-07T13:00:00Z,0.0,0.0,0.0,0.0,0.0,0.0,0.0,0.0,0.0,0.0,0.0,0.0,0.0,0.0,0.0,0.0,0.0,0.0,0.0,0.0,0.0,0.0,0.0,0.0,0.0,0.0,0.0,0.0,0.0,0.0,0.0,0.0,0.0,0.0,0.0,0.0,0.0,0.0,0.0,0.0,0.0,0.0,0.0,0.0,0.0,0.0,0.0,0.0,0.0,0.0,0.0,0.0,0.0,0.0,0.0,0.0,0.0,0.0,0.0,0.0,0.0,0.0,0.0,0.0,0.0,0.0,0.0,0.0,0.0,0.0,0.0,0.0,0.0,0.0,0.0,0.0,0.0,0.0,0.0,0.0,0.0,0.0,0.0,0.0,0.0,0.0,0.0,0.0,0.0,0.0,0.0,0.0,0.0,0.0,0.0,0.0,0.0,0.0,0.0,0.0,0.0,0.0,0.0,0.0,0.0,0.0,0.0,0.0,0.0,0.0,0.0,0.0,0.0,0.0,0.0,0.0,0.0,0.0,0.0,0.0,0.0,0.0,0.0,0.0,0.0,0.0,0.0,0.0,0.0,0.0,0.0,0.0,0.0,0.0,0.0,0.0,0.0,0.0,0.0,0.0,0.0,0.0,0.0,0.0,0.0,0.0,0.0,0.0,0.0,0.0,0.0,0.0,0.0,0.0,0.0,0.0,0.0,0.0,0.0,0.0,0.0,0.0,0.0,0.0,0.0,0.0,0.0,0.0,0.0,0.0,0.0,0.0,0.0,0.0,0.0,0.0,0.0,0.0,0.0,0.0,0.1,0.1,0.0,0.0,0.0,0.2,0.2,0.1,0.1,0.1,0.0,0.0,0.0,0.0,0.0,0.0,0.0,0.0,0.0,0.0,0.0,0.0,0.0,0.0,0.0,0.0,0.0,0.0,0.0,0.0,0.0,0.0,0.0,0.0,0.0,0.1,0.1,0.0,0.0,0.0,0.2,0.2,0.1,0.1,0.1,0.0,0.0,0.0,0.0,0.0,0.0,0.0,0.0,0.0,0.0,0.0,0.0,0.0,0.0,0.0,0.0,0.0,0.0,0.0,0.0,0.0,0.0,0.1,0.1,0.1,0.1,0.1,0.1,0.1,0.1,0.0,0.0,0.1,0.1,0.1,0.0,0.0,0.0,0.0,0.0,0.0,0.0,0.0,0.0,0.0,0.0,0.0,0.0,0.0,0.0,0.0,0.0,0.0,0.0,0.0,0.0,0.0,0.0,0.0,0.1,0.1,0.1,0.1,0.1,0.1,0.1,0.1,0.0,0.0,0.1,0.1,0.1,0.0,0.0,0.0,0.0,0.0,0.0,0.1,0.0,0.0,0.0,0.0,0.0,0.0,0.0,0.0,0.0,0.0,0.0,0.0,0.0,0.0,0.0,0.0,0.0,0.0,0.1,0.1,0.1,0.1,0.1,0.1,0.1,0.1,0.0,0.0,0.1,0.1,0.1,0.0,0.0,0.0,0.0,0.0,0.1,0.1,0.0,0.0,0.0,0.0,0.0,0.0,0.0,0.0,0.0,0.0,0.0,0.0,0.0,0.0,0.0,0.0,0.0,0.0,0.0,0.0,0.0,0.0,0.0,0.0,0.0,0.0,0.0,0.0,0.0,0.0,0.0,0.1,0.1,0.0,0.0,0.0,0.1,0.1,0.0,0.0,0.0,0.0,0.0,0.0,0.0,0.0,0.0,0.0,0.0,0.0,0.0,0.0,0.0,0.0,0.0,0.0,0.0,0.0,0.0,0.0,0.0,0.0,0.0,0.0,0.0,0.0,0.0,0.0,0.0,0.1,0.1,0.0,0.0,0.0,0.1,0.1,0.0,0.0,0.0,0.0,0.0,0.0,0.0,0.0,0.0,0.0,0.0,0.0,0.0,0.0,0.0,0.0,0.0,0.0,0.0,0.0,0.0,0.0,0.0,0.0,0.0,0.0,0.0,0.0,0.0,0.0,0.0,0.1,0.1,0.0,0.0,0.0,0.1,0.1,0.0,0.0,0.0,0.0,0.0,0.0,0.0,0.0,0.0,0.0,0.0,0.0,0.0,0.0,0.0,0.0,0.0,0.0,0.0,0.0,0.0,0.0,0.0,0.0,0.0,0.0,0.0,0.0,0.0,0.0,0.0,0.1,0.1,0.0,0.0,0.0,0.1,0.1,0.0,0.0,0.0,0.0,0.0,0.0,0.0,0.0,0.0,0.0,0.0,0.0,0.0,0.0,0.0,0.0,0.0,0.0,0.0,0.0,0.0,0.0,0.0,0.0,0.0,0.0,0.0,0.0,0.0,0.0,0.1,0.1,0.4,0.0,0.0,0.1,0.1,0.0,0.0,0.0,0.0,0.0,0.0,0.0,0.0,0.0,0.0,0.0,0.0,0.0,0.0,0.0,0.0,0.0,0.0,0.0,0.0,0.0,0.0,0.0,0.0,0.0,0.0,0.0,0.0,0.0,0.0,0.0,0.4,0.4,0.4,0.0,0.0,0.0,0.0,0.0,0.0,0.0,0.0,0.0,0.0,0.0,0.0,0.0,0.0,0.0,0.0,0.0,0.0,0.0,0.0,0.0,0.0,0.0,0.0,0.0,0.0,0.0,0.0,0.0,0.0,0.0,0.0,0.4,0.4,0.4,0.4,0.0,0.0,0.0,0.0,0.0,0.0,0.0,0.0,0.0,0.0,0.0,0.0,0.0,0.0,0.0,0.0,0.0,0.0,0.0,0.0,0.0,0.0,0.0,0.0,0.0,0.0,0.0,0.0,0.0,0.0,0.0,0.0,0.0,0.0,0.0,0.0,0.0,0.0,0.0,0.0,0.0,0.0,0.0,0.0,0.0,0.0,0.0,0.0,0.0,0.0,0.0,0.0,0.0,0.0,0.0,0.0,0.0,0.0,0.0,0.0,0.0,0.0,0.0,0.0,0.0,0.0,0.0,0.0,0.0,0.0,0.0,0.0,0.0,0.0,0.0,0.0,0.0,0.0,0.0,0.0,0.0,0.0,0.0,0.0,0.0,0.0,0.0,0.0,0.0,0.0,0.0,0.0,0.0,0.0,0.0,0.0,0.0,0.0,0.0,0.0,0.0,0.0,0.0,0.0,0.0,0.0,0.0,0.0,0.0,0.0,0.0,0.0,0.0,0.0,0.0,0.0,0.0,0.0,0.0,0.0,0.0,0.0,0.0,0.0,0.0,0.0,0.0,0.0,0.0,0.0,0.0,0.0,0.0,0.0,0.0,0.0,0.0,0.0,0.0,0.0,0.0,0.0,0.0,0.0,0.0,0.0,0.0,0.0,0.0,0.0,0.0,0.0,0.0,0.0,0.0,0.0,0.0,0.0,0.0,0.0,0.0,0.0
2026-10-07T14:00:00Z,0.0,0.0,0.0,0.0,0.0,0.0,0.0,0.0,0.0,0.0,0.0,0.0,0.0,0.0,0.0,0.0,0.0,0.0,0.0,0.0,0.0,0.0,0.0,0.0,0.0,0.0,0.0,0.0,0.0,0.0,0.0,0.0,0.0,0.0,0.0,0.0,0.0,0.0,0.0,0.0,0.0,0.0,0.0,0.0,0.0,0.0,0.0,0.0,0.0,0.0,0.0,0.0,0.0,0.0,0.0,0.0,0.0,0.0,0.0,0.0,0.0,0.0,0.0,0.0,0.0,0.0,0.0,0.0,0.0,0.0,0.0,0.0,0.0,0.0,0.0,0.0,0.0,0.0,0.0,0.0,0.0,0.0,0.0,0.0,0.0,0.0,0.0,0.0,0.0,0.0,0.0,0.0,0.0,0.0,0.0,0.0,0.0,0.0,0.0,0.0,0.0,0.0,0.0,0.0,0.0,0.0,0.0,0.0,0.0,0.0,0.0,0.0,0.0,0.0,0.0,0.0,0.0,0.0,0.0,0.0,0.0,0.0,0.0,0.0,0.0,0.0,0.0,0.0,0.0,0.0,0.0,0.0,0.0,0.0,0.0,0.0,0.0,0.0,0.0,0.0,0.0,0.0,0.0,0.0,0.0,0.0,0.0,0.0,0.0,0.0,0.0,0.0,0.0,0.0,0.0,0.0,0.0,0.0,0.0,0.0,0.0,0.0,0.0,0.0,0.0,0.0,0.0,0.0,0.0,0.0,0.0,0.0,0.0,0.0,0.0,0.0,0.0,0.0,0.0,0.0,0.1,0.1,0.0,0.0,0.0,0.2,0.2,0.1,0.1,0.1,0.0,0.0,0.0,0.0,0.0,0.0,0.0,0.0,0.0,0.0,0.0,0.0,0.0,0.0,0.0,0.0,0.0,0.0,0.0,0.0,0.0,0.0,0.0,0.0,0.0,0.1,0.1,0.0,0.0,0.0,0.2,0.2,0.1,0.1,0.1,0.0,0.0,0.0,0.0,0.0,0.0,0.0,0.0,0.0,0.0,0.0,0.0,0.0,0.0,0.0,0.0,0.0,0.0,0.0,0.0,0.0,0.0,0.1,0.1,0.1,0.1,0.1,0.1,0.1,0.1,0.0,0.0,0.1,0.1,0.1,0.0,0.0,0.0,0.0,0.0,0.0,0.0,0.0,0.0,0.0,0.0,0.0,0.0,0.0,0.0,0.0,0.0,0.0,0.0,0.0,0.0,0.0,0.0,0.0,0.1,0.1,0.1,0.1,0.1,0.1,0.1,0.1,0.0,0.0,0.1,0.1,0.1,0.0,0.0,0.0,0.0,0.0,0.0,0.1,0.0,0.0,0.0,0.0,0.0,0.0,0.0,0.0,0.0,0.0,0.0,0.0,0.0,0.0,0.0,0.0,0.0,0.0,0.1,0.1,0.1,0.1,0.1,0.1,0.1,0.1,0.0,0.0,0.1,0.1,0.1,0.0,0.0,0.0,0.0,0.0,0.1,0.1,0.0,0.0,0.0,0.0,0.0,0.0,0.0,0.0,0.0,0.0,0.0,0.0,0.0,0.0,0.0,0.0,0.0,0.0,0.0,0.0,0.0,0.0,0.0,0.0,0.0,0.0,0.0,0.0,0.0,0.0,0.0,0.1,0.1,0.0,0.0,0.0,0.1,0.1,0.0,0.0,0.0,0.0,0.0,0.0,0.0,0.0,0.0,0.0,0.0,0.0,0.0,0.0,0.0,0.0,0.0,0.0,0.0,0.0,0.0,0.0,0.0,0.0,0.0,0.0,0.0,0.0,0.0,0.0,0.0,0.1,0.1,0.0,0.0,0.0,0.1,0.1,0.0,0.0,0.0,0.0,0.0,0.0,0.0,0.0,0.0,0.0,0.0,0.0,0.0,0.0,0.0,0.0,0.0,0.0,0.0,0.0,0.0,0.0,0.0,0.0,0.0,0.0,0.0,0.0,0.0,0.0,0.0,0.1,0.1,0.0,0.0,0.0,0.1,0.1,0.0,0.0,0.0,0.0,0.0,0.0,0.0,0.0,0.0,0.0,0.0,0.0,0.0,0.0,0.0,0.0,0.0,0.0,0.0,0.0,0.0,0.0,0.0,0.0,0.0,0.0,0.0,0.0,0.0,0.0,0.0,0.1,0.1,0.0,0.0,0.0,0.1,0.1,0.0,0.0,0.0,0.0,0.0,0.0,0.0,0.0,0.0,0.0,0.0,0.0,0.0,0.0,0.0,0.0,0.0,0.0,0.0,0.0,0.0,0.0,0.0,0.0,0.0,0.0,0.0,0.0,0.0,0.0,0.1,0.1,0.4,0.0,0.0,0.1,0.1,0.0,0.0,0.0,0.0,0.0,0.0,0.0,0.0,0.0,0.0,0.0,0.0,0.0,0.0,0.0,0.0,0.0,0.0,0.0,0.0,0.0,0.0,0.0,0.0,0.0,0.0,0.0,0.0,0.0,0.0,0.0,0.4,0.4,0.4,0.0,0.0,0.0,0.0,0.0,0.0,0.0,0.0,0.0,0.0,0.0,0.0,0.0,0.0,0.0,0.0,0.0,0.0,0.0,0.0,0.0,0.0,0.0,0.0,0.0,0.0,0.0,0.0,0.0,0.0,0.0,0.0,0.4,0.4,0.4,0.4,0.0,0.0,0.0,0.0,0.0,0.0,0.0,0.0,0.0,0.0,0.0,0.0,0.0,0.0,0.0,0.0,0.0,0.0,0.0,0.0,0.0,0.0,0.0,0.0,0.0,0.0,0.0,0.0,0.0,0.0,0.0,0.0,0.0,0.0,0.0,0.0,0.0,0.0,0.0,0.0,0.0,0.0,0.0,0.0,0.0,0.0,0.0,0.0,0.0,0.0,0.0,0.0,0.0,0.0,0.0,0.0,0.0,0.0,0.0,0.0,0.0,0.0,0.0,0.0,0.0,0.0,0.0,0.0,0.0,0.0,0.0,0.0,0.0,0.0,0.0,0.0,0.0,0.0,0.0,0.0,0.0,0.0,0.0,0.0,0.0,0.0,0.0,0.0,0.0,0.0,0.0,0.0,0.0,0.0,0.0,0.0,0.0,0.0,0.0,0.0,0.0,0.0,0.0,0.0,0.0,0.0,0.0,0.0,0.0,0.0,0.0,0.0,0.0,0.0,0.0,0.0,0.0,0.0,0.0,0.0,0.0,0.0,0.0,0.0,0.0,0.0,0.0,0.0,0.0,0.0,0.0,0.0,0.0,0.0,0.0,0.0,0.0,0.0,0.0,0.0,0.0,0.0,0.0,0.0,0.0,0.0,0.0,0.0,0.0,0.0,0.0,0.0,0.0,0.0,0.0,0.0,0.0,0.0,0.0,0.0,0.0,0.0
2026-10-07T15:00:00Z,0.0,0.0,0.0,0.0,0.0,0.0,0.0,0.0,0.0,0.0,0.0,0.0,0.0,0.0,0.0,0.0,0.0,0.0,0.0,0.0,0.0,0.0,0.0,0.0,0.0,0.0,0.0,0.0,0.0,0.0,0.0,0.0,0.0,0.0,0.0,0.0,0.0,0.0,0.0,0.0,0.0,0.0,0.0,0.0,0.0,0.0,0.0,0.0,0.0,0.0,0.0,0.0,0.0,0.0,0.0,0.0,0.0,0.0,0.0,0.0,0.0,0.0,0.0,0.0,0.0,0.0,0.0,0.0,0.0,0.0,0.0,0.0,0.0,0.0,0.0,0.0,0.0,0.0,0.0,0.0,0.0,0.0,0.0,0.0,0.0,0.0,0.0,0.0,0.0,0.0,0.0,0.0,0.0,0.0,0.0,0.0,0.0,0.0,0.0,0.0,0.0,0.0,0.0,0.0,0.0,0.0,0.0,0.0,0.0,0.0,0.0,0.0,0.0,0.0,0.0,0.0,0.0,0.0,0.0,0.0,0.0,0.0,0.0,0.0,0.0,0.0,0.0,0.0,0.0,0.0,0.0,0.0,0.0,0.0,0.0,0.0,0.0,0.0,0.0,0.0,0.0,0.0,0.0,0.0,0.0,0.0,0.0,0.0,0.0,0.0,0.0,0.0,0.0,0.0,0.0,0.0,0.0,0.0,0.0,0.0,0.0,0.0,0.0,0.0,0.0,0.0,0.0,0.0,0.0,0.0,0.0,0.0,0.0,0.0,0.0,0.0,0.0,0.0,0.0,0.0,0.1,0.1,0.0,0.0,0.0,0.2,0.2,0.1,0.1,0.1,0.0,0.0,0.0,0.0,0.0,0.0,0.0,0.0,0.0,0.0,0.0,0.0,0.0,0.0,0.0,0.0,0.0,0.0,0.0,0.0,0.0,0.0,0.0,0.0,0.0,0.1,0.1,0.0,0.0,0.0,0.2,0.2,0.1,0.1,0.1,0.0,0.0,0.0,0.0,0.0,0.0,0.0,0.0,0.0,0.0,0.0,0.0,0.0,0.0,0.0,0.0,0.0,0.0,0.0,0.0,0.0,0.0,0.1,0.1,0.1,0.1,0.1,0.1,0.1,0.1,0.0,0.0,0.1,0.1,0.1,0.0,0.0,0.0,0.0,0.0,0.0,0.0,0.0,0.0,0.0,0.0,0.0,0.0,0.0,0.0,0.0,0.0,0.0,0.0,0.0,0.0,0.0,0.0,0.0,0.1,0.1,0.1,0.1,0.1,0.1,0.1,0.1,0.0,0.0,0.1,0.1,0.1,0.0,0.0,0.0,0.0,0.0,0.0,0.1,0.0,0.0,0.0,0.0,0.0,0.0,0.0,0.0,0.0,0.0,0.0,0.0,0.0,0.0,0.0,0.0,0.0,0.0,0.1,0.1,0.1,0.1,0.1,0.1,0.1,0.1,0.0,0.0,0.1,0.1,0.1,0.0,0.0,0.0,0.0,0.0,0.1,0.1,0.0,0.0,0.0,0.0,0.0,0.0,0.0,0.0,0.0,0.0,0.0,0.0,0.0,0.0,0.0,0.0,0.0,0.0,0.0,0.0,0.0,0.0,0.0,0.0,0.0,0.0,0.0,0.0,0.0,0.0,0.0,0.1,0.1,0.0,0.0,0.0,0.1,0.1,0.0,0.0,0.0,0.0,0.0,0.0,0.0,0.0,0.0,0.0,0.0,0.0,0.0,0.0,0.0,0.0,0.0,0.0,0.0,0.0,0.0,0.0,0.0,0.0,0.0,0.0,0.0,0.0,0.0,0.0,0.0,0.1,0.1,0.0,0.0,0.0,0.1,0.1,0.0,0.0,0.0,0.0,0.0,0.0,0.0,0.0,0.0,0.0,0.0,0.0,0.0,0.0,0.0,0.0,0.0,0.0,0.0,0.0,0.0,0.0,0.0,0.0,0.0,0.0,0.0,0.0,0.0,0.0,0.0,0.1,0.1,0.0,0.0,0.0,0.1,0.1,0.0,0.0,0.0,0.0,0.0,0.0,0.0,0.0,0.0,0.0,0.0,0.0,0.0,0.0,0.0,0.0,0.0,0.0,0.0,0.0,0.0,0.0,0.0,0.0,0.0,0.0,0.0,0.0,0.0,0.0,0.0,0.1,0.1,0.0,0.0,0.0,0.1,0.1,0.0,0.0,0.0,0.0,0.0,0.0,0.0,0.0,0.0,0.0,0.0,0.0,0.0,0.0,0.0,0.0,0.0,0.0,0.0,0.0,0.0,0.0,0.0,0.0,0.0,0.0,0.0,0.0,0.0,0.0,0.1,0.1,0.4,0.0,0.0,0.1,0.1,0.0,0.0,0.0,0.0,0.0,0.0,0.0,0.0,0.0,0.0,0.0,0.0,0.0,0.0,0.0,0.0,0.0,0.0,0.0,0.0,0.0,0.0,0.0,0.0,0.0,0.0,0.0,0.0,0.0,0.0,0.0,0.4,0.4,0.4,0.0,0.0,0.0,0.0,0.0,0.0,0.0,0.0,0.0,0.0,0.0,0.0,0.0,0.0,0.0,0.0,0.0,0.0,0.0,0.0,0.0,0.0,0.0,0.0,0.0,0.0,0.0,0.0,0.0,0.0,0.0,0.0,0.4,0.4,0.4,0.4,0.0,0.0,0.0,0.0,0.0,0.0,0.0,0.0,0.0,0.0,0.0,0.0,0.0,0.0,0.0,0.0,0.0,0.0,0.0,0.0,0.0,0.0,0.0,0.0,0.0,0.0,0.0,0.0,0.0,0.0,0.0,0.0,0.0,0.0,0.0,0.0,0.0,0.0,0.0,0.0,0.0,0.0,0.0,0.0,0.0,0.0,0.0,0.0,0.0,0.0,0.0,0.0,0.0,0.0,0.0,0.0,0.0,0.0,0.0,0.0,0.0,0.0,0.0,0.0,0.0,0.0,0.0,0.0,0.0,0.0,0.0,0.0,0.0,0.0,0.0,0.0,0.0,0.0,0.0,0.0,0.0,0.0,0.0,0.0,0.0,0.0,0.0,0.0,0.0,0.0,0.0,0.0,0.0,0.0,0.0,0.0,0.0,0.0,0.0,0.0,0.0,0.0,0.0,0.0,0.0,0.0,0.0,0.0,0.0,0.0,0.0,0.0,0.0,0.0,0.0,0.0,0.0,0.0,0.0,0.0,0.0,0.0,0.0,0.0,0.0,0.0,0.0,0.0,0.0,0.0,0.0,0.0,0.0,0.0,0.0,0.0,0.0,0.0,0.0,0.0,0.0,0.0,0.0,0.0,0.0,0.0,0.0,0.0,0.0,0.0,0.0,0.0,0.0,0.0,0.0,0.0,0.0,0.0,0.0,0.0,0.0,0.0
2026-10-07T16:00:00Z,0.0,0.0,0.0,0.0,0.0,0.0,0.0,0.0,0.0,0.0,0.0,0.0,0.0,0.0,0.0,0.0,0.0,0.0,0.0,0.0,0.0,0.0,0.0,0.0,0.0,0.0,0.0,0.0,0.0,0.0,0.0,0.0,0.0,0.0,0.0,0.0,0.0,0.0,0.0,0.0,0.0,0.0,0.0,0.0,0.0,0.0,0.0,0.0,0.0,0.0,0.0,0.0,0.0,0.0,0.0,0.0,0.0,0.0,0.0,0.0,0.0,0.0,0.0,0.0,0.0,0.0,0.0,0.0,0.0,0.0,0.0,0.0,0.0,0.0,0.0,0.0,0.0,0.0,0.0,0.0,0.0,0.0,0.0,0.0,0.0,0.0,0.0,0.0,0.0,0.0,0.0,0.0,0.0,0.0,0.0,0.0,0.0,0.0,0.0,0.0,0.0,0.0,0.0,0.0,0.0,0.0,0.0,0.0,0.0,0.0,0.0,0.0,0.0,0.0,0.0,0.0,0.0,0.0,0.0,0.0,0.0,0.0,0.0,0.0,0.0,0.0,0.0,0.0,0.0,0.0,0.0,0.0,0.0,0.0,0.0,0.0,0.0,0.0,0.0,0.0,0.0,0.0,0.0,0.0,0.0,0.0,0.0,0.0,0.0,0.0,0.0,0.0,0.0,0.0,0.0,0.0,0.0,0.0,0.0,0.0,0.0,0.0,0.0,0.0,0.0,0.2,0.2,0.1,0.1,0.1,0.0,0.0,0.0,0.0,0.0,0.1,0.1,0.2,0.2,0.2,0.4,0.4,0.1,0.1,0.1,0.3,0.3,0.3,0.3,0.3,0.0,0.0,0.0,0.0,0.0,0.0,0.0,0.0,0.0,0.0,0.2,0.2,0.1,0.1,0.1,0.0,0.0,0.0,0.0,0.0,0.1,0.1,0.2,0.2,0.2,0.4,0.4,0.1,0.1,0.1,0.3,0.3,0.3,0.3,0.3,0.0,0.0,0.0,0.0,0.0,0.0,0.0,0.0,0.0,0.0,0.0,0.0,0.0,0.0,0.0,0.1,0.1,0.0,0.0,0.0,0.0,0.0,0.4,0.4,0.4,0.5,0.5,0.2,0.2,0.2,0.2,0.2,0.2,0.2,0.2,0.1,0.1,0.0,0.0,0.0,0.0,0.0,0.0,0.0,0.0,0.0,0.0,0.0,0.0,0.0,0.0,0.0,0.1,0.1,0.0,0.0,0.0,0.0,0.0,0.4,0.4,0.4,0.5,0.5,0.2,0.2,0.2,0.2,0.2,0.2,0.2,0.2,0.1,0.1,0.0,0.0,0.0,0.0,0.0,0.0,0.0,0.0,0.0,0.0,0.0,0.0,0.0,0.0,0.0,0.0,0.1,0.1,0.0,0.0,0.0,0.0,0.0,0.4,0.4,0.4,0.5,0.5,0.2,0.2,0.2,0.2,0.2,0.2,0.2,0.2,0.1,0.1,0.0,0.0,0.0,0.0,0.0,0.0,0.0,0.0,0.0,0.0,0.0,0.0,0.0,0.0,0.0,0.0,0.0,0.0,0.1,0.1,0.1,0.1,0.1,0.2,0.2,0.2,0.2,0.2,0.1,0.1,0.1,0.1,0.1,0.1,0.1,0.1,0.1,0.1,0.1,0.1,0.1,0.0,0.0,0.0,0.0,0.0,0.0,0.0,0.0,0.0,0.0,0.0,0.0,0.0,0.0,0.0,0.1,0.1,0.1,0.1,0.1,0.2,0.2,0.2,0.2,0.2,0.1,0.1,0.1,0.1,0.1,0.1,0.1,0.1,0.1,0.1,0.1,0.1,0.1,0.0,0.0,0.0,0.0,0.0,0.0,0.0,0.0,0.0,0.0,0.0,0.0,0.0,0.0,0.0,0.1,0.1,0.1,0.0,0.0,0.3,0.3,0.3,0.2,0.2,0.1,0.1,0.1,0.1,0.1,0.1,0.1,0.1,0.3,0.3,0.0,0.0,0.0,0.0,0.0,0.0,0.0,0.0,0.0,0.0,0.0,0.0,0.0,0.0,0.0,0.0,0.0,0.0,0.1,0.1,0.1,0.0,0.0,0.3,0.3,0.3,0.2,0.2,0.1,0.1,0.1,0.1,0.1,0.1,0.1,0.1,0.3,0.3,0.0,0.0,0.0,0.0,0.0,0.0,0.0,0.0,0.0,0.0,0.0,0.0,0.0,0.0,0.0,0.0,0.0,0.1,0.1,0.1,0.0,0.0,0.3,0.3,0.3,0.2,0.2,0.1,0.1,0.1,0.1,0.1,0.1,0.1,0.1,0.3,0.3,0.3,0.0,0.0,0.0,0.0,0.0,0.0,0.0,0.0,0.0,0.0,0.0,0.0,0.0,0.0,0.0,0.0,0.0,0.0,0.0,0.0,0.0,0.0,0.0,0.0,0.0,0.0,0.0,0.0,0.2,0.2,0.1,0.1,0.1,0.2,0.2,0.3,0.3,0.3,0.0,0.0,0.0,0.0,0.0,0.0,0.0,0.0,0.0,0.0,0.0,0.0,0.0,0.0,0.0,0.0,0.0,0.0,0.0,0.0,0.0,0.0,0.0,0.0,0.0,0.2,0.2,0.1,0.1,0.1,0.2,0.2,0.3,0.3,0.3,0.3,0.0,0.0,0.0,0.0,0.0,0.0,0.0,0.0,0.0,0.0,0.0,0.0,0.0,0.0,0.0,0.0,0.0,0.0,0.0,0.0,0.1,0.1,0.1,0.1,0.1,0.2,0.2,0.2,0.1,0.1,0.1,0.1,0.1,0.0,0.0,0.0,0.0,0.0,0.0,0.0,0.0,0.0,0.0,0.0,0.0,0.0,0.0,0.0,0.0,0.0,0.0,0.0,0.1,0.1,0.1,0.1,0.1,0.2,0.2,0.2,0.1,0.1,0.0,0.0,0.0,0.0,0.0,0.0,0.0,0.0,0.0,0.0,0.0,0.0,0.0,0.0,0.0,0.0,0.0,0.0,0.0,0.1,0.1,0.1,0.1,0.1,0.2,0.2,0.0,0.0,0.0,0.0,0.0,0.0,0.0,0.0,0.0,0.0,0.0,0.0,0.0,0.0,0.0,0.0,0.0,0.0,0.0,0.1,0.1,0.1,0.0,0.0,0.0,0.0,0.0,0.0,0.0,0.0,0.0,0.0,0.0,0.0,0.0,0.0,0.0,0.0,0.0,0.0,0.0,0.1,0.1,0.1,0.0,0.0,0.0,0.0,0.0,0.0,0.0,0.0,0.0,0.0,0.0,0.0,0.0,0.0,0.0,0.0,0.0,0.0,0.0,0.0,0.0,0.0,0.0,0.0,0.0,0.0,0.0,0.0,0.0,0.0
2026-10-07T17:00:00Z,0.0,0.0,0.0,0.0,0.0,0.0,0.0,0.0,0.0,0.0,0.0,0.0,0.0,0.0,0.0,0.0,0.0,0.0,0.0,0.0,0.0,0.0,0.0,0.0,0.0,0.0,0.0,0.0,0.0,0.0,0.0,0.0,0.0,0.0,0.0,0.0,0.0,0.0,0.0,0.0,0.0,0.0,0.0,0.0,0.0,0.0,0.0,0.0,0.0,0.0,0.0,0.0,0.0,0.0,0.0,0.0,0.0,0.0,0.0,0.0,0.0,0.0,0.0,0.0,0.0,0.0,0.0,0.0,0.0,0.0,0.0,0.0,0.0,0.0,0.0,0.0,0.0,0.0,0.0,0.0,0.0,0.0,0.0,0.0,0.0,0.0,0.0,0.0,0.0,0.0,0.0,0.0,0.0,0.0,0.0,0.0,0.0,0.0,0.0,0.0,0.0,0.0,0.0,0.0,0.0,0.0,0.0,0.0,0.0,0.0,0.0,0.0,0.0,0.0,0.0,0.0,0.0,0.0,0.0,0.0,0.0,0.0,0.0,0.0,0.0,0.0,0.0,0.0,0.0,0.0,0.0,0.0,0.0,0.0,0.0,0.0,0.0,0.0,0.0,0.0,0.0,0.0,0.0,0.0,0.0,0.0,0.0,0.0,0.0,0.0,0.0,0.0,0.0,0.0,0.0,0.0,0.0,0.0,0.0,0.0,0.0,0.0,0.0,0.0,0.0,0.2,0.2,0.1,0.1,0.1,0.0,0.0,0.0,0.0,0.0,0.1,0.1,0.2,0.2,0.2,0.4,0.4,0.1,0.1,0.1,0.3,0.3,0.3,0.3,0.3,0.0,0.0,0.0,0.0,0.0,0.0,0.0,0.0,0.0,0.0,0.2,0.2,0.1,0.1,0.1,0.0,0.0,0.0,0.0,0.0,0.1,0.1,0.2,0.2,0.2,0.4,0.4,0.1,0.1,0.1,0.3,0.3,0.3,0.3,0.3,0.0,0.0,0.0,0.0,0.0,0.0,0.0,0.0,0.0,0.0,0.0,0.0,0.0,0.0,0.0,0.1,0.1,0.0,0.0,0.0,0.0,0.0,0.4,0.4,0.4,0.5,0.5,0.2,0.2,0.2,0.2,0.2,0.2,0.2,0.2,0.1,0.1,0.0,0.0,0.0,0.0,0.0,0.0,0.0,0.0,0.0,0.0,0.0,0.0,0.0,0.0,0.0,0.1,0.1,0.0,0.0,0.0,0.0,0.0,0.4,0.4,0.4,0.5,0.5,0.2,0.2,0.2,0.2,0.2,0.2,0.2,0.2,0.1,0.1,0.0,0.0,0.0,0.0,0.0,0.0,0.0,0.0,0.0,0.0,0.0,0.0,0.0,0.0,0.0,0.0,0.1,0.1,0.0,0.0,0.0,0.0,0.0,0.4,0.4,0.4,0.5,0.5,0.2,0.2,0.2,0.2,0.2,0.2,0.2,0.2,0.1,0.1,0.0,0.0,0.0,0.0,0.0,0.0,0.0,0.0,0.0,0.0,0.0,0.0,0.0,0.0,0.0,0.0,0.0,0.0,0.1,0.1,0.1,0.1,0.1,0.2,0.2,0.2,0.2,0.2,0.1,0.1,0.1,0.1,0.1,0.1,0.1,0.1,0.1,0.1,0.1,0.1,0.1,0.0,0.0,0.0,0.0,0.0,0.0,0.0,0.0,0.0,0.0,0.0,0.0,0.0,0.0,0.0,0.1,0.1,0.1,0.1,0.1,0.2,0.2,0.2,0.2,0.2,0.1,0.1,0.1,0.1,0.1,0.1,0.1,0.1,0.1,0.1,0.1,0.1,0.1,0.0,0.0,0.0,0.0,0.0,0.0,0.0,0.0,0.0,0.0,0.0,0.0,0.0,0.0,0.0,0.1,0.1,0.1,0.0,0.0,0.3,0.3,0.3,0.2,0.2,0.1,0.1,0.1,0.1,0.1,0.1,0.1,0.1,0.3,0.3,0.0,0.0,0.0,0.0,0.0,0.0,0.0,0.0,0.0,0.0,0.0,0.0,0.0,0.0,0.0,0.0,0.0,0.0,0.1,0.1,0.1,0.0,0.0,0.3,0.3,0.3,0.2,0.2,0.1,0.1,0.1,0.1,0.1,0.1,0.1,0.1,0.3,0.3,0.0,0.0,0.0,0.0,0.0,0.0,0.0,0.0,0.0,0.0,0.0,0.0,0.0,0.0,0.0,0.0,0.0,0.1,0.1,0.1,0.0,0.0,0.3,0.3,0.3,0.2,0.2,0.1,0.1,0.1,0.1,0.1,0.1,0.1,0.1,0.3,0.3,0.3,0.0,0.0,0.0,0.0,0.0,0.0,0.0,0.0,0.0,0.0,0.0,0.0,0.0,0.0,0.0,0.0,0.0,0.0,0.0,0.0,0.0,0.0,0.0,0.0,0.0,0.0,0.0,0.0,0.2,0.2,0.1,0.1,0.1,0.2,0.2,0.3,0.3,0.3,0.0,0.0,0.0,0.0,0.0,0.0,0.0,0.0,0.0,0.0,0.0,0.0,0.0,0.0,0.0,0.0,0.0,0.0,0.0,0.0,0.0,0.0,0.0,0.0,0.0,0.2,0.2,0.1,0.1,0.1,0.2,0.2,0.3,0.3,0.3,0.3,0.0,0.0,0.0,0.0,0.0,0.0,0.0,0.0,0.0,0.0,0.0,0.0,0.0,0.0,0.0,0.0,0.0,0.0,0.0,0.0,0.1,0.1,0.1,0.1,0.1,0.2,0.2,0.2,0.1,0.1,0.1,0.1,0.1,0.0,0.0,0.0,0.0,0.0,0.0,0.0,0.0,0.0,0.0,0.0,0.0,0.0,0.0,0.0,0.0,0.0,0.0,0.0,0.1,0.1,0.1,0.1,0.1,0.2,0.2,0.2,0.1,0.1,0.0,0.0,0.0,0.0,0.0,0.0,0.0,0.0,0.0,0.0,0.0,0.0,0.0,0.0,0.0,0.0,0.0,0.0,0.0,0.1,0.1,0.1,0.1,0.1,0.2,0.2,0.0,0.0,0.0,0.0,0.0,0.0,0.0,0.0,0.0,0.0,0.0,0.0,0.0,0.0,0.0,0.0,0.0,0.0,0.0,0.1,0.1,0.1,0.0,0.0,0.0,0.0,0.0,0.0,0.0,0.0,0.0,0.0,0.0,0.0,0.0,0.0,0.0,0.0,0.0,0.0,0.0,0.1,0.1,0.1,0.0,0.0,0.0,0.0,0.0,0.0,0.0,0.0,0.0,0.0,0.0,0.0,0.0,0.0,0.0,0.0,0.0,0.0,0.0,0.0,0.0,0.0,0.0,0.0,0.0,0.0,0.0,0.0,0.0,0.0
2026-10-07T18:00:00Z,0.0,0.0,0.0,0.0,0.0,0.0,0.0,0.0,0.0,0.0,0.0,0.0,0.0,0.0,0.0,0.0,0.0,0.0,0.0,0.0,0.0,0.0,0.0,0.0,0.0,0.0,0.0,0.0,0.0,0.0,0.0,0.0,0.0,0.0,0.0,0.0,0.0,0.0,0.0,0.0,0.0,0.0,0.0,0.0,0.0,0.0,0.0,0.0,0.0,0.0,0.0,0.0,0.0,0.0,0.0,0.0,0.0,0.0,0.0,0.0,0.0,0.0,0.0,0.0,0.0,0.0,0.0,0.0,0.0,0.0,0.0,0.0,0.0,0.0,0.0,0.0,0.0,0.0,0.0,0.0,0.0,0.0,0.0,0.0,0.0,0.0,0.0,0.0,0.0,0.0,0.0,0.0,0.0,0.0,0.0,0.0,0.0,0.0,0.0,0.0,0.0,0.0,0.0,0.0,0.0,0.0,0.0,0.0,0.0,0.0,0.0,0.0,0.0,0.0,0.0,0.0,0.0,0.0,0.0,0.0,0.0,0.0,0.0,0.0,0.0,0.0,0.0,0.0,0.0,0.0,0.0,0.0,0.0,0.0,0.0,0.0,0.0,0.0,0.0,0.0,0.0,0.0,0.0,0.0,0.0,0.0,0.0,0.0,0.0,0.0,0.0,0.0,0.0,0.0,0.0,0.0,0.0,0.0,0.0,0.0,0.0,0.0,0.0,0.0,0.0,0.2,0.2,0.1,0.1,0.1,0.0,0.0,0.0,0.0,0.0,0.1,0.1,0.2,0.2,0.2,0.4,0.4,0.1,0.1,0.1,0.3,0.3,0.3,0.3,0.3,0.0,0.0,0.0,0.0,0.0,0.0,0.0,0.0,0.0,0.0,0.2,0.2,0.1,0.1,0.1,0.0,0.0,0.0,0.0,0.0,0.1,0.1,0.2,0.2,0.2,0.4,0.4,0.1,0.1,0.1,0.3,0.3,0.3,0.3,0.3,0.0,0.0,0.0,0.0,0.0,0.0,0.0,0.0,0.0,0.0,0.0,0.0,0.0,0.0,0.0,0.1,0.1,0.0,0.0,0.0,0.0,0.0,0.4,0.4,0.4,0.5,0.5,0.2,0.2,0.2,0.2,0.2,0.2,0.2,0.2,0.1,0.1,0.0,0.0,0.0,0.0,0.0,0.0,0.0,0.0,0.0,0.0,0.0,0.0,0.0,0.0,0.0,0.1,0.1,0.0,0.0,0.0,0.0,0.0,0.4,0.4,0.4,0.5,0.5,0.2,0.2,0.2,0.2,0.2,0.2,0.2,0.2,0.1,0.1,0.0,0.0,0.0,0.0,0.0,0.0,0.0,0.0,0.0,0.0,0.0,0.0,0.0,0.0,0.0,0.0,0.1,0.1,0.0,0.0,0.0,0.0,0.0,0.4,0.4,0.4,0.5,0.5,0.2,0.2,0.2,0.2,0.2,0.2,0.2,0.2,0.1,0.1,0.0,0.0,0.0,0.0,0.0,0.0,0.0,0.0,0.0,0.0,0.0,0.0,0.0,0.0,0.0,0.0,0.0,0.0,0.1,0.1,0.1,0.1,0.1,0.2,0.2,0.2,0.2,0.2,0.1,0.1,0.1,0.1,0.1,0.1,0.1,0.1,0.1,0.1,0.1,0.1,0.1,0.0,0.0,0.0,0.0,0.0,0.0,0.0,0.0,0.0,0.0,0.0,0.0,0.0,0.0,0.0,0.1,0.1,0.1,0.1,0.1,0.2,0.2,0.2,0.2,0.2,0.1,0.1,0.1,0.1,0.1,0.1,0.1,0.1,0.1,0.1,0.1,0.1,0.1,0.0,0.0,0.0,0.0,0.0,0.0,0.0,0.0,0.0,0.0,0.0,0.0,0.0,0.0,0.0,0.1,0.1,0.1,0.0,0.0,0.3,0.3,0.3,0.2,0.2,0.1,0.1,0.1,0.1,0.1,0.1,0.1,0.1,0.3,0.3,0.0,0.0,0.0,0.0,0.0,0.0,0.0,0.0,0.0,0.0,0.0,0.0,0.0,0.0,0.0,0.0,0.0,0.0,0.1,0.1,0.1,0.0,0.0,0.3,0.3,0.3,0.2,0.2,0.1,0.1,0.1,0.1,0.1,0.1,0.1,0.1,0.3,0.3,0.0,0.0,0.0,0.0,0.0,0.0,0.0,0.0,0.0,0.0,0.0,0.0,0.0,0.0,0.0,0.0,0.0,0.1,0.1,0.1,0.0,0.0,0.3,0.3,0.3,0.2,0.2,0.1,0.1,0.1,0.1,0.1,0.1,0.1,0.1,0.3,0.3,0.3,0.0,0.0,0.0,0.0,0.0,0.0,0.0,0.0,0.0,0.0,0.0,0.0,0.0,0.0,0.0,0.0,0.0,0.0,0.0,0.0,0.0,0.0,0.0,0.0,0.0,0.0,0.0,0.0,0.2,0.2,0.1,0.1,0.1,0.2,0.2,0.3,0.3,0.3,0.0,0.0,0.0,0.0,0.0,0.0,0.0,0.0,0.0,0.0,0.0,0.0,0.0,0.0,0.0,0.0,0.0,0.0,0.0,0.0,0.0,0.0,0.0,0.0,0.0,0.2,0.2,0.1,0.1,0.1,0.2,0.2,0.3,0.3,0.3,0.3,0.0,0.0,0.0,0.0,0.0,0.0,0.0,0.0,0.0,0.0,0.0,0.0,0.0,0.0,0.0,0.0,0.0,0.0,0.0,0.0,0.1,0.1,0.1,0.1,0.1,0.2,0.2,0.2,0.1,0.1,0.1,0.1,0.1,0.0,0.0,0.0,0.0,0.0,0.0,0.0,0.0,0.0,0.0,0.0,0.0,0.0,0.0,0.0,0.0,0.0,0.0,0.0,0.1,0.1,0.1,0.1,0.1,0.2,0.2,0.2,0.1,0.1,0.0,0.0,0.0,0.0,0.0,0.0,0.0,0.0,0.0,0.0,0.0,0.0,0.0,0.0,0.0,0.0,0.0,0.0,0.0,0.1,0.1,0.1,0.1,0.1,0.2,0.2,0.0,0.0,0.0,0.0,0.0,0.0,0.0,0.0,0.0,0.0,0.0,0.0,0.0,0.0,0.0,0.0,0.0,0.0,0.0,0.1,0.1,0.1,0.0,0.0,0.0,0.0,0.0,0.0,0.0,0.0,0.0,0.0,0.0,0.0,0.0,0.0,0.0,0.0,0.0,0.0,0.0,0.1,0.1,0.1,0.0,0.0,0.0,0.0,0.0,0.0,0.0,0.0,0.0,0.0,0.0,0.0,0.0,0.0,0.0,0.0,0.0,0.0,0.0,0.0,0.0,0.0,0.0,0.0,0.0,0.0,0.0,0.0,0.0,0.0
2026-10-07T19:00:00Z,0.0,0.0,0.0,0.0,0.0,0.0,0.0,0.0,0.0,0.0,0.0,0.0,0.0,0.0,0.0,0.0,0.0,0.0,0.0,0.0,0.0,0.0,0.0,0.0,0.0,0.0,0.0,0.0,0.0,0.0,0.0,0.0,0.0,0.0,0.0,0.0,0.0,0.0,0.0,0.0,0.0,0.0,0.0,0.0,0.0,0.0,0.0,0.0,0.0,0.0,0.0,0.0,0.0,0.0,0.0,0.0,0.0,0.0,0.0,0.0,0.0,0.0,0.0,0.0,0.0,0.0,0.0,0.0,0.0,0.0,0.0,0.0,0.0,0.0,0.0,0.0,0.0,0.0,0.0,0.0,0.0,0.0,0.0,0.0,0.0,0.0,0.0,0.0,0.0,0.0,0.0,0.0,0.0,0.0,0.0,0.0,0.0,0.0,0.0,0.0,0.0,0.0,0.0,0.0,0.0,0.0,0.0,0.0,0.0,0.0,0.0,0.0,0.0,0.0,0.0,0.0,0.0,0.0,0.0,0.0,0.0,0.0,0.0,0.0,0.0,0.0,0.0,0.0,0.0,0.0,0.0,0.0,0.0,0.0,0.0,0.0,0.0,0.0,0.0,0.0,0.0,0.0,0.0,0.0,0.0,0.0,0.0,0.0,0.0,0.0,0.0,0.0,0.0,0.0,0.0,0.0,0.0,0.0,0.0,0.0,0.0,0.0,0.1,0.1,0.1,0.1,0.1,0.0,0.0,0.0,0.0,0.0,0.0,0.0,0.0,0.0,0.0,0.0,0.0,0.0,0.0,0.0,0.0,0.0,0.0,0.0,0.0,0.0,0.0,0.0,0.0,0.0,0.0,0.0,0.0,0.0,0.0,0.1,0.1,0.1,0.1,0.1,0.0,0.0,0.0,0.0,0.0,0.0,0.0,0.0,0.0,0.0,0.0,0.0,0.0,0.0,0.0,0.0,0.0,0.0,0.0,0.0,0.0,0.0,0.0,0.0,0.0,0.0,0.0,0.0,0.0,0.0,0.0,0.0,0.0,0.0,0.0,0.1,0.1,0.1,0.0,0.0,0.0,0.0,0.0,0.0,0.0,0.0,0.0,0.0,0.1,0.1,0.1,0.1,0.1,0.0,0.0,0.0,0.0,0.0,0.4,0.4,0.0,0.0,0.0,0.0,0.0,0.0,0.0,0.0,0.0,0.0,0.0,0.0,0.1,0.1,0.1,0.0,0.0,0.0,0.0,0.0,0.0,0.0,0.0,0.0,0.0,0.1,0.1,0.1,0.1,0.1,0.0,0.0,0.0,0.0,0.0,0.4,0.4,0.0,0.0,0.0,0.0,0.0,0.0,0.0,0.0,0.0,0.0,0.0,0.0,0.0,0.1,0.1,0.1,0.0,0.0,0.0,0.0,0.0,0.0,0.0,0.0,0.0,0.0,0.1,0.1,0.1,0.1,0.1,0.0,0.0,0.0,0.0,0.0,0.4,0.4,0.0,0.0,0.0,0.0,0.0,0.0,0.0,0.0,0.0,0.0,0.0,0.0,0.0,0.0,0.0,0.0,0.1,0.1,0.0,0.0,0.0,0.0,0.0,0.0,0.0,0.0,0.0,0.0,0.0,0.0,0.0,0.0,0.0,0.1,0.1,0.1,0.1,0.1,0.1,0.1,0.1,0.0,0.0,0.0,0.0,0.0,0.0,0.0,0.0,0.0,0.0,0.0,0.0,0.0,0.1,0.1,0.0,0.0,0.0,0.0,0.0,0.0,0.0,0.0,0.0,0.0,0.0,0.0,0.0,0.0,0.0,0.1,0.1,0.1,0.1,0.1,0.1,0.1,0.1,0.0,0.0,0.0,0.0,0.0,0.0,0.0,0.0,0.0,0.0,0.0,0.0,0.0,0.0,0.0,0.0,0.0,0.0,0.0,0.0,0.0,0.0,0.0,0.0,0.0,0.0,0.0,0.0,0.0,0.0,0.1,0.1,0.1,0.1,0.1,0.1,0.1,0.1,0.0,0.0,0.0,0.0,0.0,0.0,0.0,0.0,0.0,0.0,0.0,0.0,0.0,0.0,0.0,0.0,0.0,0.0,0.0,0.0,0.0,0.0,0.0,0.0,0.0,0.0,0.0,0.0,0.0,0.0,0.1,0.1,0.1,0.1,0.1,0.1,0.1,0.1,0.0,0.0,0.0,0.0,0.0,0.0,0.0,0.0,0.0,0.0,0.0,0.0,0.0,0.0,0.0,0.0,0.0,0.0,0.0,0.0,0.0,0.0,0.0,0.0,0.0,0.0,0.0,0.0,0.0,0.1,0.1,0.1,0.1,0.1,0.0,0.1,0.1,0.0,0.0,0.0,0.0,0.0,0.0,0.1,0.1,0.0,0.0,0.0,0.0,0.0,0.0,0.0,0.0,0.0,0.0,0.0,0.0,0.0,0.0,0.0,0.0,0.0,0.0,0.0,0.0,0.1,0.1,0.1,0.1,0.1,0.0,0.0,0.0,0.2,0.2,0.0,0.0,0.0,0.1,0.1,0.0,0.0,0.0,0.0,0.0,0.0,0.0,0.0,0.0,0.0,0.0,0.0,0.0,0.0,0.0,0.0,0.0,0.0,0.0,0.0,0.1,0.1,0.1,0.1,0.1,0.0,0.0,0.0,0.0,0.0,0.0,0.0,0.1,0.1,0.0,0.0,0.0,0.0,0.0,0.0,0.0,0.0,0.0,0.0,0.0,0.0,0.0,0.0,0.0,0.0,0.0,0.0,0.0,0.0,0.1,0.1,0.1,0.1,0.1,0.0,0.0,0.0,0.0,0.0,0.1,0.1,0.0,0.0,0.0,0.0,0.0,0.0,0.0,0.0,0.0,0.0,0.0,0.0,0.0,0.0,0.0,0.0,0.0,0.0,0.0,0.0,0.1,0.1,0.1,0.1,0.1,0.0,0.0,0.1,0.1,0.0,0.0,0.0,0.0,0.0,0.0,0.0,0.0,0.0,0.0,0.0,0.0,0.0,0.0,0.0,0.0,0.0,0.0,0.0,0.0,0.1,0.1,0.0,0.0,0.1,0.1,0.1,0.1,0.1,0.1,0.1,0.0,0.0,0.0,0.0,0.0,0.0,0.0,0.0,0.0,0.0,0.0,0.0,0.0,0.0,0.0,0.1,0.1,0.1,0.1,0.1,0.1,0.1,0.0,0.0,0.0,0.0,0.0,0.0,0.0,0.0,0.0,0.0,0.0,0.0,0.0,0.0,0.0,0.0,0.0,0.0,0.0,0.0,0.0,0.0,0.0,0.0,0.0,0.0,0.0,0.0,0.0,0.0,0.0,0.0,0.0,0.0,0.0,0.0,0.0,0.0,0.0,0.0,0.0,0.0,0.0
2026-10-07T20:00:00Z,0.0,0.0,0.0,0.0,0.0,0.0,0.0,0.0,0.0,0.0,0.0,0.0,0.0,0.0,0.0,0.0,0.0,0.0,0.0,0.0,0.0,0.0,0.0,0.0,0.0,0.0,0.0,0.0,0.0,0.0,0.0,0.0,0.0,0.0,0.0,0.0,0.0,0.0,0.0,0.0,0.0,0.0,0.0,0.0,0.0,0.0,0.0,0.0,0.0,0.0,0.0,0.0,0.0,0.0,0.0,0.0,0.0,0.0,0.0,0.0,0.0,0.0,0.0,0.0,0.0,0.0,0.0,0.0,0.0,0.0,0.0,0.0,0.0,0.0,0.0,0.0,0.0,0.0,0.0,0.0,0.0,0.0,0.0,0.0,0.0,0.0,0.0,0.0,0.0,0.0,0.0,0.0,0.0,0.0,0.0,0.0,0.0,0.0,0.0,0.0,0.0,0.0,0.0,0.0,0.0,0.0,0.0,0.0,0.0,0.0,0.0,0.0,0.0,0.0,0.0,0.0,0.0,0.0,0.0,0.0,0.0,0.0,0.0,0.0,0.0,0.0,0.0,0.0,0.0,0.0,0.0,0.0,0.0,0.0,0.0,0.0,0.0,0.0,0.0,0.0,0.0,0.0,0.0,0.0,0.0,0.0,0.0,0.0,0.0,0.0,0.0,0.0,0.0,0.0,0.0,0.0,0.0,0.0,0.0,0.0,0.0,0.0,0.1,0.1,0.1,0.1,0.1,0.0,0.0,0.0,0.0,0.0,0.0,0.0,0.0,0.0,0.0,0.0,0.0,0.0,0.0,0.0,0.0,0.0,0.0,0.0,0.0,0.0,0.0,0.0,0.0,0.0,0.0,0.0,0.0,0.0,0.0,0.1,0.1,0.1,0.1,0.1,0.0,0.0,0.0,0.0,0.0,0.0,0.0,0.0,0.0,0.0,0.0,0.0,0.0,0.0,0.0,0.0,0.0,0.0,0.0,0.0,0.0,0.0,0.0,0.0,0.0,0.0,0.0,0.0,0.0,0.0,0.0,0.0,0.0,0.0,0.0,0.1,0.1,0.1,0.0,0.0,0.0,0.0,0.0,0.0,0.0,0.0,0.0,0.0,0.1,0.1,0.1,0.1,0.1,0.0,0.0,0.0,0.0,0.0,0.4,0.4,0.0,0.0,0.0,0.0,0.0,0.0,0.0,0.0,0.0,0.0,0.0,0.0,0.1,0.1,0.1,0.0,0.0,0.0,0.0,0.0,0.0,0.0,0.0,0.0,0.0,0.1,0.1,0.1,0.1,0.1,0.0,0.0,0.0,0.0,0.0,0.4,0.4,0.0,0.0,0.0,0.0,0.0,0.0,0.0,0.0,0.0,0.0,0.0,0.0,0.0,0.1,0.1,0.1,0.0,0.0,0.0,0.0,0.0,0.0,0.0,0.0,0.0,0.0,0.1,0.1,0.1,0.1,0.1,0.0,0.0,0.0,0.0,0.0,0.4,0.4,0.0,0.0,0.0,0.0,0.0,0.0,0.0,0.0,0.0,0.0,0.0,0.0,0.0,0.0,0.0,0.0,0.1,0.1,0.0,0.0,0.0,0.0,0.0,0.0,0.0,0.0,0.0,0.0,0.0,0.0,0.0,0.0,0.0,0.1,0.1,0.1,0.1,0.1,0.1,0.1,0.1,0.0,0.0,0.0,0.0,0.0,0.0,0.0,0.0,0.0,0.0,0.0,0.0,0.0,0.1,0.1,0.0,0.0,0.0,0.0,0.0,0.0,0.0,0.0,0.0,0.0,0.0,0.0,0.0,0.0,0.0,0.1,0.1,0.1,0.1,0.1,0.1,0.1,0.1,0.0,0.0,0.0,0.0,0.0,0.0,0.0,0.0,0.0,0.0,0.0,0.0,0.0,0.0,0.0,0.0,0.0,0.0,0.0,0.0,0.0,0.0,0.0,0.0,0.0,0.0,0.0,0.0,0.0,0.0,0.1,0.1,0.1,0.1,0.1,0.1,0.1,0.1,0.0,0.0,0.0,0.0,0.0,0.0,0.0,0.0,0.0,0.0,0.0,0.0,0.0,0.0,0.0,0.0,0.0,0.0,0.0,0.0,0.0,0.0,0.0,0.0,0.0,0.0,0.0,0.0,0.0,0.0,0.1,0.1,0.1,0.1,0.1,0.1,0.1,0.1,0.0,0.0,0.0,0.0,0.0,0.0,0.0,0.0,0.0,0.0,0.0,0.0,0.0,0.0,0.0,0.0,0.0,0.0,0.0,0.0,0.0,0.0,0.0,0.0,0.0,0.0,0.0,0.0,0.0,0.1,0.1,0.1,0.1,0.1,0.0,0.1,0.1,0.0,0.0,0.0,0.0,0.0,0.0,0.1,0.1,0.0,0.0,0.0,0.0,0.0,0.0,0.0,0.0,0.0,0.0,0.0,0.0,0.0,0.0,0.0,0.0,0.0,0.0,0.0,0.0,0.1,0.1,0.1,0.1,0.1,0.0,0.0,0.0,0.2,0.2,0.0,0.0,0.0,0.1,0.1,0.0,0.0,0.0,0.0,0.0,0.0,0.0,0.0,0.0,0.0,0.0,0.0,0.0,0.0,0.0,0.0,0.0,0.0,0.0,0.0,0.1,0.1,0.1,0.1,0.1,0.0,0.0,0.0,0.0,0.0,0.0,0.0,0.1,0.1,0.0,0.0,0.0,0.0,0.0,0.0,0.0,0.0,0.0,0.0,0.0,0.0,0.0,0.0,0.0,0.0,0.0,0.0,0.0,0.0,0.1,0.1,0.1,0.1,0.1,0.0,0.0,0.0,0.0,0.0,0.1,0.1,0.0,0.0,0.0,0.0,0.0,0.0,0.0,0.0,0.0,0.0,0.0,0.0,0.0,0.0,0.0,0.0,0.0,0.0,0.0,0.0,0.1,0.1,0.1,0.1,0.1,0.0,0.0,0.1,0.1,0.0,0.0,0.0,0.0,0.0,0.0,0.0,0.0,0.0,0.0,0.0,0.0,0.0,0.0,0.0,0.0,0.0,0.0,0.0,0.0,0.1,0.1,0.0,0.0,0.1,0.1,0.1,0.1,0.1,0.1,0.1,0.0,0.0,0.0,0.0,0.0,0.0,0.0,0.0,0.0,0.0,0.0,0.0,0.0,0.0,0.0,0.1,0.1,0.1,0.1,0.1,0.1,0.1,0.0,0.0,0.0,0.0,0.0,0.0,0.0,0.0,0.0,0.0,0.0,0.0,0.0,0.0,0.0,0.0,0.0,0.0,0.0,0.0,0.0,0.0,0.0,0.0,0.0,0.0,0.0,0.0,0.0,0.0,0.0,0.0,0.0,0.0,0.0,0.0,0.0,0.0,0.0,0.0,0.0,0.0,0.0
2026-10-07T21:00:00Z,0.0,0.0,0.0,0.0,0.0,0.0,0.0,0.0,0.0,0.0,0.0,0.0,0.0,0.0,0.0,0.0,0.0,0.0,0.0,0.0,0.0,0.0,0.0,0.0,0.0,0.0,0.0,0.0,0.0,0.0,0.0,0.0,0.0,0.0,0.0,0.0,0.0,0.0,0.0,0.0,0.0,0.0,0.0,0.0,0.0,0.0,0.0,0.0,0.0,0.0,0.0,0.0,0.0,0.0,0.0,0.0,0.0,0.0,0.0,0.0,0.0,0.0,0.0,0.0,0.0,0.0,0.0,0.0,0.0,0.0,0.0,0.0,0.0,0.0,0.0,0.0,0.0,0.0,0.0,0.0,0.0,0.0,0.0,0.0,0.0,0.0,0.0,0.0,0.0,0.0,0.0,0.0,0.0,0.0,0.0,0.0,0.0,0.0,0.0,0.0,0.0,0.0,0.0,0.0,0.0,0.0,0.0,0.0,0.0,0.0,0.0,0.0,0.0,0.0,0.0,0.0,0.0,0.0,0.0,0.0,0.0,0.0,0.0,0.0,0.0,0.0,0.0,0.0,0.0,0.0,0.0,0.0,0.0,0.0,0.0,0.0,0.0,0.0,0.0,0.0,0.0,0.0,0.0,0.0,0.0,0.0,0.0,0.0,0.0,0.0,0.0,0.0,0.0,0.0,0.0,0.0,0.0,0.0,0.0,0.0,0.0,0.0,0.1,0.1,0.1,0.1,0.1,0.0,0.0,0.0,0.0,0.0,0.0,0.0,0.0,0.0,0.0,0.0,0.0,0.0,0.0,0.0,0.0,0.0,0.0,0.0,0.0,0.0,0.0,0.0,0.0,0.0,0.0,0.0,0.0,0.0,0.0,0.1,0.1,0.1,0.1,0.1,0.0,0.0,0.0,0.0,0.0,0.0,0.0,0.0,0.0,0.0,0.0,0.0,0.0,0.0,0.0,0.0,0.0,0.0,0.0,0.0,0.0,0.0,0.0,0.0,0.0,0.0,0.0,0.0,0.0,0.0,0.0,0.0,0.0,0.0,0.0,0.1,0.1,0.1,0.0,0.0,0.0,0.0,0.0,0.0,0.0,0.0,0.0,0.0,0.1,0.1,0.1,0.1,0.1,0.0,0.0,0.0,0.0,0.0,0.4,0.4,0.0,0.0,0.0,0.0,0.0,0.0,0.0,0.0,0.0,0.0,0.0,0.0,0.1,0.1,0.1,0.0,0.0,0.0,0.0,0.0,0.0,0.0,0.0,0.0,0.0,0.1,0.1,0.1,0.1,0.1,0.0,0.0,0.0,0.0,0.0,0.4,0.4,0.0,0.0,0.0,0.0,0.0,0.0,0.0,0.0,0.0,0.0,0.0,0.0,0.0,0.1,0.1,0.1,0.0,0.0,0.0,0.0,0.0,0.0,0.0,0.0,0.0,0.0,0.1,0.1,0.1,0.1,0.1,0.0,0.0,0.0,0.0,0.0,0.4,0.4,0.0,0.0,0.0,0.0,0.0,0.0,0.0,0.0,0.0,0.0,0.0,0.0,0.0,0.0,0.0,0.0,0.1,0.1,0.0,0.0,0.0,0.0,0.0,0.0,0.0,0.0,0.0,0.0,0.0,0.0,0.0,0.0,0.0,0.1,0.1,0.1,0.1,0.1,0.1,0.1,0.1,0.0,0.0,0.0,0.0,0.0,0.0,0.0,0.0,0.0,0.0,0.0,0.0,0.0,0.1,0.1,0.0,0.0,0.0,0.0,0.0,0.0,0.0,0.0,0.0,0.0,0.0,0.0,0.0,0.0,0.0,0.1,0.1,0.1,0.1,0.1,0.1,0.1,0.1,0.0,0.0,0.0,0.0,0.0,0.0,0.0,0.0,0.0,0.0,0.0,0.0,0.0,0.0,0.0,0.0,0.0,0.0,0.0,0.0,0.0,0.0,0.0,0.0,0.0,0.0,0.0,0.0,0.0,0.0,0.1,0.1,0.1,0.1,0.1,0.1,0.1,0.1,0.0,0.0,0.0,0.0,0.0,0.0,0.0,0.0,0.0,0.0,0.0,0.0,0.0,0.0,0.0,0.0,0.0,0.0,0.0,0.0,0.0,0.0,0.0,0.0,0.0,0.0,0.0,0.0,0.0,0.0,0.1,0.1,0.1,0.1,0.1,0.1,0.1,0.1,0.0,0.0,0.0,0.0,0.0,0.0,0.0,0.0,0.0,0.0,0.0,0.0,0.0,0.0,0.0,0.0,0.0,0.0,0.0,0.0,0.0,0.0,0.0,0.0,0.0,0.0,0.0,0.0,0.0,0.1,0.1,0.1,0.1,0.1,0.0,0.1,0.1,0.0,0.0,0.0,0.0,0.0,0.0,0.1,0.1,0.0,0.0,0.0,0.0,0.0,0.0,0.0,0.0,0.0,0.0,0.0,0.0,0.0,0.0,0.0,0.0,0.0,0.0,0.0,0.0,0.1,0.1,0.1,0.1,0.1,0.0,0.0,0.0,0.2,0.2,0.0,0.0,0.0,0.1,0.1,0.0,0.0,0.0,0.0,0.0,0.0,0.0,0.0,0.0,0.0,0.0,0.0,0.0,0.0,0.0,0.0,0.0,0.0,0.0,0.0,0.1,0.1,0.1,0.1,0.1,0.0,0.0,0.0,0.0,0.0,0.0,0.0,0.1,0.1,0.0,0.0,0.0,0.0,0.0,0.0,0.0,0.0,0.0,0.0,0.0,0.0,0.0,0.0,0.0,0.0,0.0,0.0,0.0,0.0,0.1,0.1,0.1,0.1,0.1,0.0,0.0,0.0,0.0,0.0,0.1,0.1,0.0,0.0,0.0,0.0,0.0,0.0,0.0,0.0,0.0,0.0,0.0,0.0,0.0,0.0,0.0,0.0,0.0,0.0,0.0,0.0,0.1,0.1,0.1,0.1,0.1,0.0,0.0,0.1,0.1,0.0,0.0,0.0,0.0,0.0,0.0,0.0,0.0,0.0,0.0,0.0,0.0,0.0,0.0,0.0,0.0,0.0,0.0,0.0,0.0,0.1,0.1,0.0,0.0,0.1,0.1,0.1,0.1,0.1,0.1,0.1,0.0,0.0,0.0,0.0,0.0,0.0,0.0,0.0,0.0,0.0,0.0,0.0,0.0,0.0,0.0,0.1,0.1,0.1,0.1,0.1,0.1,0.1,0.0,0.0,0.0,0.0,0.0,0.0,0.0,0.0,0.0,0.0,0.0,0.0,0.0,0.0,0.0,0.0,0.0,0.0,0.0,0.0,0.0,0.0,0.0,0.0,0.0,0.0,0.0,0.0,0.0,0.0,0.0,0.0,0.0,0.0,0.0,0.0,0.0,0.0,0.0,0.0,0.0,0.0,0.0
2026-10-07T22:00:00Z,0.0,0.0,0.0,0.0,0.0,0.0,0.0,0.0,0.0,0.0,0.0,0.0,0.0,0.0,0.0,0.0,0.0,0.0,0.0,0.0,0.0,0.0,0.0,0.0,0.0,0.0,0.0,0.0,0.0,0.0,0.0,0.0,0.0,0.0,0.0,0.0,0.0,0.0,0.0,0.0,0.0,0.0,0.0,0.0,0.0,0.0,0.0,0.0,0.0,0.0,0.0,0.0,0.0,0.0,0.0,0.0,0.0,0.0,0.0,0.0,0.0,0.0,0.0,0.0,0.0,0.0,0.0,0.0,0.0,0.0,0.0,0.0,0.0,0.0,0.0,0.0,0.0,0.0,0.0,0.0,0.0,0.0,0.0,0.0,0.0,0.0,0.0,0.0,0.0,0.0,0.0,0.0,0.0,0.0,0.0,0.0,0.0,0.0,0.0,0.0,0.0,0.0,0.0,0.0,0.0,0.0,0.0,0.0,0.0,0.0,0.0,0.0,0.0,0.0,0.0,0.0,0.0,0.0,0.0,0.0,0.0,0.0,0.0,0.0,0.0,0.0,0.0,0.0,0.0,0.0,0.0,0.0,0.0,0.0,0.0,0.0,0.0,0.0,0.0,0.0,0.0,0.0,0.0,0.0,0.0,0.0,0.0,0.0,0.0,0.0,0.0,0.0,0.0,0.0,0.0,0.0,0.0,0.1,0.1,0.1,0.0,0.0,0.0,0.0,0.0,0.0,0.0,0.0,0.0,0.0,0.0,0.0,0.0,0.0,0.0,0.0,0.0,0.0,0.0,0.0,0.0,0.0,0.0,0.0,0.0,0.0,0.0,0.0,0.0,0.0,0.1,0.1,0.1,0.0,0.0,0.0,0.0,0.0,0.0,0.0,0.0,0.0,0.0,0.0,0.0,0.0,0.0,0.0,0.0,0.0,0.0,0.0,0.0,0.0,0.0,0.0,0.0,0.0,0.0,0.0,0.0,0.0,0.0,0.0,0.0,0.1,0.1,0.1,0.0,0.0,0.0,0.0,0.0,0.0,0.0,0.0,0.0,0.0,0.0,0.0,0.0,0.0,0.0,0.0,0.0,0.0,0.0,0.0,0.0,0.0,0.0,0.0,0.0,0.0,0.0,0.0,0.0,0.0,0.0,0.0,0.3,0.3,0.0,0.0,0.0,0.0,0.0,0.0,0.0,0.0,0.0,0.0,0.0,0.0,0.0,0.0,0.0,0.0,0.0,0.0,0.0,0.0,0.0,0.0,0.0,0.0,0.0,0.0,0.0,0.0,0.0,0.0,0.0,0.0,0.0,0.0,0.0,0.3,0.3,0.0,0.0,0.0,0.0,0.0,0.0,0.0,0.0,0.0,0.0,0.0,0.0,0.0,0.0,0.0,0.0,0.0,0.0,0.0,0.0,0.0,0.0,0.0,0.0,0.0,0.0,0.0,0.0,0.0,0.0,0.0,0.0,0.0,0.0,0.0,0.0,0.3,0.3,0.0,0.0,0.0,0.0,0.0,0.0,0.0,0.0,0.0,0.0,0.0,0.0,0.0,0.0,0.0,0.0,0.0,0.0,0.0,0.0,0.0,0.0,0.0,0.0,0.0,0.0,0.0,0.0,0.0,0.0,0.0,0.0,0.0,0.0,0.0,0.0,0.1,0.1,0.0,0.0,0.0,0.0,0.0,0.0,0.0,0.0,0.0,0.0,0.0,0.0,0.0,0.0,0.0,0.0,0.0,0.0,0.0,0.0,0.0,0.0,0.0,0.0,0.0,0.0,0.0,0.0,0.0,0.0,0.0,0.0,0.0,0.0,0.0,0.0,0.1,0.1,0.0,0.0,0.0,0.0,0.0,0.0,0.0,0.0,0.0,0.0,0.0,0.0,0.0,0.0,0.0,0.0,0.0,0.0,0.0,0.0,0.0,0.0,0.0,0.0,0.0,0.0,0.0,0.0,0.0,0.0,0.0,0.0,0.0,0.0,0.0,0.0,0.1,0.1,0.0,0.0,0.0,0.0,0.0,0.0,0.0,0.0,0.0,0.0,0.0,0.0,0.0,0.0,0.0,0.0,0.0,0.0,0.0,0.0,0.0,0.0,0.0,0.0,0.0,0.0,0.0,0.0,0.0,0.0,0.0,0.0,0.0,0.0,0.0,0.0,0.1,0.1,0.0,0.0,0.0,0.0,0.0,0.0,0.0,0.0,0.0,0.0,0.0,0.0,0.0,0.0,0.0,0.0,0.0,0.0,0.0,0.0,0.0,0.0,0.0,0.0,0.0,0.0,0.0,0.0,0.0,0.0,0.0,0.0,0.0,0.0,0.0,0.1,0.1,0.0,0.0,0.0,0.0,0.0,0.0,0.0,0.0,0.0,0.0,0.0,0.0,0.0,0.0,0.0,0.0,0.0,0.0,0.0,0.0,0.0,0.0,0.0,0.0,0.0,0.0,0.0,0.0,0.0,0.0,0.0,0.0,0.0,0.0,0.0,0.0,0.0,0.0,0.0,0.1,0.1,0.0,0.0,0.0,0.0,0.0,0.0,0.0,0.0,0.0,0.0,0.0,0.0,0.0,0.0,0.0,0.0,0.0,0.0,0.0,0.0,0.0,0.0,0.0,0.0,0.0,0.0,0.0,0.0,0.0,0.0,0.0,0.0,0.0,0.0,0.0,0.0,0.0,0.0,0.0,0.0,0.0,0.0,0.1,0.1,0.2,0.2,0.2,0.1,0.1,0.0,0.0,0.0,0.0,0.0,0.0,0.0,0.0,0.0,0.0,0.0,0.0,0.0,0.0,0.0,0.0,0.0,0.0,0.0,0.0,0.0,0.0,0.0,0.0,0.0,0.1,0.1,0.2,0.2,0.2,0.1,0.1,0.0,0.0,0.0,0.0,0.0,0.0,0.0,0.0,0.0,0.0,0.0,0.0,0.0,0.0,0.0,0.0,0.0,0.0,0.0,0.0,0.0,0.0,0.1,0.1,0.2,0.2,0.2,0.1,0.1,0.0,0.0,0.0,0.0,0.0,0.0,0.0,0.0,0.0,0.0,0.0,0.0,0.0,0.0,0.0,0.0,0.0,0.0,0.0,0.4,0.4,0.2,0.2,0.2,0.1,0.1,0.0,0.0,0.0,0.0,0.0,0.0,0.0,0.0,0.0,0.0,0.0,0.0,0.0,0.0,0.0,0.4,0.4,0.2,0.2,0.2,0.1,0.1,0.0,0.0,0.0,0.0,0.0,0.0,0.0,0.0,0.0,0.0,0.0,0.0,0.0,0.0,0.3,0.3,0.0,0.0,0.0,0.0,0.0,0.0,0.0,0.0,0.0,0.0,0.0,0.0,0.0,0.0,0.0,0.0,0.0,0.0,0.0,0.0,0.0,0.0
2026-10-07T23:00:00Z,0.0,0.0,0.0,0.0,0.0,0.0,0.0,0.0,0.0,0.0,0.0,0.0,0.0,0.0,0.0,0.0,0.0,0.0,0.0,0.0,0.0,0.0,0.0,0.0,0.0,0.0,0.0,0.0,0.0,0.0,0.0,0.0,0.0,0.0,0.0,0.0,0.0,0.0,0.0,0.0,0.0,0.0,0.0,0.0,0.0,0.0,0.0,0.0,0.0,0.0,0.0,0.0,0.0,0.0,0.0,0.0,0.0,0.0,0.0,0.0,0.0,0.0,0.0,0.0,0.0,0.0,0.0,0.0,0.0,0.0,0.0,0.0,0.0,0.0,0.0,0.0,0.0,0.0,0.0,0.0,0.0,0.0,0.0,0.0,0.0,0.0,0.0,0.0,0.0,0.0,0.0,0.0,0.0,0.0,0.0,0.0,0.0,0.0,0.0,0.0,0.0,0.0,0.0,0.0,0.0,0.0,0.0,0.0,0.0,0.0,0.0,0.0,0.0,0.0,0.0,0.0,0.0,0.0,0.0,0.0,0.0,0.0,0.0,0.0,0.0,0.0,0.0,0.0,0.0,0.0,0.0,0.0,0.0,0.0,0.0,0.0,0.0,0.0,0.0,0.0,0.0,0.0,0.0,0.0,0.0,0.0,0.0,0.0,0.0,0.0,0.0,0.0,0.0,0.0,0.0,0.0,0.0,0.1,0.1,0.1,0.0,0.0,0.0,0.0,0.0,0.0,0.0,0.0,0.0,0.0,0.0,0.0,0.0,0.0,0.0,0.0,0.0,0.0,0.0,0.0,0.0,0.0,0.0,0.0,0.0,0.0,0.0,0.0,0.0,0.0,0.1,0.1,0.1,0.0,0.0,0.0,0.0,0.0,0.0,0.0,0.0,0.0,0.0,0.0,0.0,0.0,0.0,0.0,0.0,0.0,0.0,0.0,0.0,0.0,0.0,0.0,0.0,0.0,0.0,0.0,0.0,0.0,0.0,0.0,0.0,0.1,0.1,0.1,0.0,0.0,0.0,0.0,0.0,0.0,0.0,0.0,0.0,0.0,0.0,0.0,0.0,0.0,0.0,0.0,0.0,0.0,0.0,0.0,0.0,0.0,0.0,0.0,0.0,0.0,0.0,0.0,0.0,0.0,0.0,0.0,0.3,0.3,0.0,0.0,0.0,0.0,0.0,0.0,0.0,0.0,0.0,0.0,0.0,0.0,0.0,0.0,0.0,0.0,0.0,0.0,0.0,0.0,0.0,0.0,0.0,0.0,0.0,0.0,0.0,0.0,0.0,0.0,0.0,0.0,0.0,0.0,0.0,0.3,0.3,0.0,0.0,0.0,0.0,0.0,0.0,0.0,0.0,0.0,0.0,0.0,0.0,0.0,0.0,0.0,0.0,0.0,0.0,0.0,0.0,0.0,0.0,0.0,0.0,0.0,0.0,0.0,0.0,0.0,0.0,0.0,0.0,0.0,0.0,0.0,0.0,0.3,0.3,0.0,0.0,0.0,0.0,0.0,0.0,0.0,0.0,0.0,0.0,0.0,0.0,0.0,0.0,0.0,0.0,0.0,0.0,0.0,0.0,0.0,0.0,0.0,0.0,0.0,0.0,0.0,0.0,0.0,0.0,0.0,0.0,0.0,0.0,0.0,0.0,0.1,0.1,0.0,0.0,0.0,0.0,0.0,0.0,0.0,0.0,0.0,0.0,0.0,0.0,0.0,0.0,0.0,0.0,0.0,0.0,0.0,0.0,0.0,0.0,0.0,0.0,0.0,0.0,0.0,0.0,0.0,0.0,0.0,0.0,0.0,0.0,0.0,0.0,0.1,0.1,0.0,0.0,0.0,0.0,0.0,0.0,0.0,0.0,0.0,0.0,0.0,0.0,0.0,0.0,0.0,0.0,0.0,0.0,0.0,0.0,0.0,0.0,0.0,0.0,0.0,0.0,0.0,0.0,0.0,0.0,0.0,0.0,0.0,0.0,0.0,0.0,0.1,0.1,0.0,0.0,0.0,0.0,0.0,0.0,0.0,0.0,0.0,0.0,0.0,0.0,0.0,0.0,0.0,0.0,0.0,0.0,0.0,0.0,0.0,0.0,0.0,0.0,0.0,0.0,0.0,0.0,0.0,0.0,0.0,0.0,0.0,0.0,0.0,0.0,0.1,0.1,0.0,0.0,0.0,0.0,0.0,0.0,0.0,0.0,0.0,0.0,0.0,0.0,0.0,0.0,0.0,0.0,0.0,0.0,0.0,0.0,0.0,0.0,0.0,0.0,0.0,0.0,0.0,0.0,0.0,0.0,0.0,0.0,0.0,0.0,0.0,0.1,0.1,0.0,0.0,0.0,0.0,0.0,0.0,0.0,0.0,0.0,0.0,0.0,0.0,0.0,0.0,0.0,0.0,0.0,0.0,0.0,0.0,0.0,0.0,0.0,0.0,0.0,0.0,0.0,0.0,0.0,0.0,0.0,0.0,0.0,0.0,0.0,0.0,0.0,0.0,0.0,0.1,0.1,0.0,0.0,0.0,0.0,0.0,0.0,0.0,0.0,0.0,0.0,0.0,0.0,0.0,0.0,0.0,0.0,0.0,0.0,0.0,0.0,0.0,0.0,0.0,0.0,0.0,0.0,0.0,0.0,0.0,0.0,0.0,0.0,0.0,0.0,0.0,0.0,0.0,0.0,0.0,0.0,0.0,0.0,0.1,0.1,0.2,0.2,0.2,0.1,0.1,0.0,0.0,0.0,0.0,0.0,0.0,0.0,0.0,0.0,0.0,0.0,0.0,0.0,0.0,0.0,0.0,0.0,0.0,0.0,0.0,0.0,0.0,0.0,0.0,0.0,0.1,0.1,0.2,0.2,0.2,0.1,0.1,0.0,0.0,0.0,0.0,0.0,0.0,0.0,0.0,0.0,0.0,0.0,0.0,0.0,0.0,0.0,0.0,0.0,0.0,0.0,0.0,0.0,0.0,0.1,0.1,0.2,0.2,0.2,0.1,0.1,0.0,0.0,0.0,0.0,0.0,0.0,0.0,0.0,0.0,0.0,0.0,0.0,0.0,0.0,0.0,0.0,0.0,0.0,0.0,0.4,0.4,0.2,0.2,0.2,0.1,0.1,0.0,0.0,0.0,0.0,0.0,0.0,0.0,0.0,0.0,0.0,0.0,0.0,0.0,0.0,0.0,0.4,0.4,0.2,0.2,0.2,0.1,0.1,0.0,0.0,0.0,0.0,0.0,0.0,0.0,0.0,0.0,0.0,0.0,0.0,0.0,0.0,0.3,0.3,0.0,0.0,0.0,0.0,0.0,0.0,0.0,0.0,0.0,0.0,0.0,0.0,0.0,0.0,0.0,0.0,0.0,0.0,0.0,0.0,0.0,0.0
2026-10-08T00:00:00Z,0.0,0.0,0.0,0.0,0.0,0.0,0.0,0.0,0.0,0.0,0.0,0.0,0.0,0.0,0.0,0.0,0.0,0.0,0.0,0.0,0.0,0.0,0.0,0.0,0.0,0.0,0.0,0.0,0.0,0.0,0.0,0.0,0.0,0.0,0.0,0.0,0.0,0.0,0.0,0.0,0.0,0.0,0.0,0.0,0.0,0.0,0.0,0.0,0.0,0.0,0.0,0.0,0.0,0.0,0.0,0.0,0.0,0.0,0.0,0.0,0.0,0.0,0.0,0.0,0.0,0.0,0.0,0.0,0.0,0.0,0.0,0.0,0.0,0.0,0.0,0.0,0.0,0.0,0.0,0.0,0.0,0.0,0.0,0.0,0.0,0.0,0.0,0.0,0.0,0.0,0.0,0.0,0.0,0.0,0.0,0.0,0.0,0.0,0.0,0.0,0.0,0.0,0.0,0.0,0.0,0.0,0.0,0.0,0.0,0.0,0.0,0.0,0.0,0.0,0.0,0.0,0.0,0.0,0.0,0.0,0.0,0.0,0.0,0.0,0.0,0.0,0.0,0.0,0.0,0.0,0.0,0.0,0.0,0.0,0.0,0.0,0.0,0.0,0.0,0.0,0.0,0.0,0.0,0.0,0.0,0.0,0.0,0.0,0.0,0.0,0.0,0.0,0.0,0.0,0.0,0.0,0.0,0.1,0.1,0.1,0.0,0.0,0.0,0.0,0.0,0.0,0.0,0.0,0.0,0.0,0.0,0.0,0.0,0.0,0.0,0.0,0.0,0.0,0.0,0.0,0.0,0.0,0.0,0.0,0.0,0.0,0.0,0.0,0.0,0.0,0.1,0.1,0.1,0.0,0.0,0.0,0.0,0.0,0.0,0.0,0.0,0.0,0.0,0.0,0.0,0.0,0.0,0.0,0.0,0.0,0.0,0.0,0.0,0.0,0.0,0.0,0.0,0.0,0.0,0.0,0.0,0.0,0.0,0.0,0.0,0.1,0.1,0.1,0.0,0.0,0.0,0.0,0.0,0.0,0.0,0.0,0.0,0.0,0.0,0.0,0.0,0.0,0.0,0.0,0.0,0.0,0.0,0.0,0.0,0.0,0.0,0.0,0.0,0.0,0.0,0.0,0.0,0.0,0.0,0.0,0.3,0.3,0.0,0.0,0.0,0.0,0.0,0.0,0.0,0.0,0.0,0.0,0.0,0.0,0.0,0.0,0.0,0.0,0.0,0.0,0.0,0.0,0.0,0.0,0.0,0.0,0.0,0.0,0.0,0.0,0.0,0.0,0.0,0.0,0.0,0.0,0.0,0.3,0.3,0.0,0.0,0.0,0.0,0.0,0.0,0.0,0.0,0.0,0.0,0.0,0.0,0.0,0.0,0.0,0.0,0.0,0.0,0.0,0.0,0.0,0.0,0.0,0.0,0.0,0.0,0.0,0.0,0.0,0.0,0.0,0.0,0.0,0.0,0.0,0.0,0.3,0.3,0.0,0.0,0.0,0.0,0.0,0.0,0.0,0.0,0.0,0.0,0.0,0.0,0.0,0.0,0.0,0.0,0.0,0.0,0.0,0.0,0.0,0.0,0.0,0.0,0.0,0.0,0.0,0.0,0.0,0.0,0.0,0.0,0.0,0.0,0.0,0.0,0.1,0.1,0.0,0.0,0.0,0.0,0.0,0.0,0.0,0.0,0.0,0.0,0.0,0.0,0.0,0.0,0.0,0.0,0.0,0.0,0.0,0.0,0.0,0.0,0.0,0.0,0.0,0.0,0.0,0.0,0.0,0.0,0.0,0.0,0.0,0.0,0.0,0.0,0.1,0.1,0.0,0.0,0.0,0.0,0.0,0.0,0.0,0.0,0.0,0.0,0.0,0.0,0.0,0.0,0.0,0.0,0.0,0.0,0.0,0.0,0.0,0.0,0.0,0.0,0.0,0.0,0.0,0.0,0.0,0.0,0.0,0.0,0.0,0.0,0.0,0.0,0.1,0.1,0.0,0.0,0.0,0.0,0.0,0.0,0.0,0.0,0.0,0.0,0.0,0.0,0.0,0.0,0.0,0.0,0.0,0.0,0.0,0.0,0.0,0.0,0.0,0.0,0.0,0.0,0.0,0.0,0.0,0.0,0.0,0.0,0.0,0.0,0.0,0.0,0.1,0.1,0.0,0.0,0.0,0.0,0.0,0.0,0.0,0.0,0.0,0.0,0.0,0.0,0.0,0.0,0.0,0.0,0.0,0.0,0.0,0.0,0.0,0.0,0.0,0.0,0.0,0.0,0.0,0.0,0.0,0.0,0.0,0.0,0.0,0.0,0.0,0.1,0.1,0.0,0.0,0.0,0.0,0.0,0.0,0.0,0.0,0.0,0.0,0.0,0.0,0.0,0.0,0.0,0.0,0.0,0.0,0.0,0.0,0.0,0.0,0.0,0.0,0.0,0.0,0.0,0.0,0.0,0.0,0.0,0.0,0.0,0.0,0.0,0.0,0.0,0.0,0.0,0.1,0.1,0.0,0.0,0.0,0.0,0.0,0.0,0.0,0.0,0.0,0.0,0.0,0.0,0.0,0.0,0.0,0.0,0.0,0.0,0.0,0.0,0.0,0.0,0.0,0.0,0.0,0.0,0.0,0.0,0.0,0.0,0.0,0.0,0.0,0.0,0.0,0.0,0.0,0.0,0.0,0.0,0.0,0.0,0.1,0.1,0.2,0.2,0.2,0.1,0.1,0.0,0.0,0.0,0.0,0.0,0.0,0.0,0.0,0.0,0.0,0.0,0.0,0.0,0.0,0.0,0.0,0.0,0.0,0.0,0.0,0.0,0.0,0.0,0.0,0.0,0.1,0.1,0.2,0.2,0.2,0.1,0.1,0.0,0.0,0.0,0.0,0.0,0.0,0.0,0.0,0.0,0.0,0.0,0.0,0.0,0.0,0.0,0.0,0.0,0.0,0.0,0.0,0.0,0.0,0.1,0.1,0.2,0.2,0.2,0.1,0.1,0.0,0.0,0.0,0.0,0.0,0.0,0.0,0.0,0.0,0.0,0.0,0.0,0.0,0.0,0.0,0.0,0.0,0.0,0.0,0.4,0.4,0.2,0.2,0.2,0.1,0.1,0.0,0.0,0.0,0.0,0.0,0.0,0.0,0.0,0.0,0.0,0.0,0.0,0.0,0.0,0.0,0.4,0.4,0.2,0.2,0.2,0.1,0.1,0.0,0.0,0.0,0.0,0.0,0.0,0.0,0.0,0.0,0.0,0.0,0.0,0.0,0.0,0.3,0.3,0.0,0.0,0.0,0.0,0.0,0.0,0.0,0.0,0.0,0.0,0.0,0.0,0.0,0.0,0.0,0.0,0.0,0.0,0.0,0.0,0.0,0.0
2026-10-08T01:00:00Z,0.0,0.0,0.0,0.0,0.0,0.0,0.0,0.0,0.0,0.0,0.0,0.0,0.0,0.0,0.0,0.0,0.0,0.0,0.0,0.0,0.0,0.0,0.0,0.0,0.0,0.0,0.0,0.0,0.0,0.0,0.0,0.0,0.0,0.0,0.0,0.0,0.0,0.0,0.0,0.0,0.0,0.0,0.0,0.0,0.0,0.0,0.0,0.0,0.0,0.0,0.0,0.0,0.0,0.0,0.0,0.0,0.0,0.0,0.0,0.0,0.0,0.0,0.0,0.0,0.0,0.0,0.0,0.0,0.0,0.0,0.0,0.0,0.0,0.0,0.0,0.0,0.0,0.0,0.0,0.0,0.0,0.0,0.0,0.0,0.0,0.0,0.0,0.0,0.0,0.0,0.0,0.0,0.0,0.0,0.0,0.0,0.0,0.0,0.0,0.0,0.0,0.0,0.0,0.0,0.0,0.0,0.0,0.0,0.0,0.0,0.0,0.0,0.0,0.0,0.0,0.0,0.0,0.0,0.0,0.0,0.0,0.0,0.0,0.0,0.0,0.0,0.0,0.0,0.0,0.0,0.0,0.0,0.0,0.0,0.0,0.0,0.0,0.0,0.0,0.0,0.0,0.0,0.0,0.0,0.0,0.0,0.0,0.0,0.0,0.0,0.0,0.0,0.0,0.0,0.0,0.0,0.0,0.0,0.0,0.0,0.0,0.0,0.0,0.0,0.0,0.0,0.0,0.0,0.0,0.0,0.0,0.0,0.0,0.0,0.0,0.0,0.0,0.0,0.0,0.0,0.0,0.0,0.0,0.0,0.0,0.0,0.0,0.0,0.0,0.0,0.0,0.0,0.0,0.0,0.0,0.0,0.0,0.0,0.0,0.0,0.0,0.0,0.0,0.0,0.0,0.0,0.0,0.0,0.0,0.0,0.0,0.0,0.0,0.0,0.0,0.0,0.0,0.0,0.0,0.0,0.0,0.0,0.0,0.0,0.0,0.0,0.0,0.0,0.0,0.0,0.0,0.0,0.0,0.0,0.0,0.0,0.0,0.0,0.0,0.0,0.0,0.0,0.0,0.0,0.0,0.0,0.0,0.0,0.0,0.0,0.0,0.0,0.0,0.0,0.0,0.0,0.0,0.0,0.0,0.0,0.1,0.1,0.0,0.0,0.0,0.0,0.1,0.0,0.0,0.0,0.0,0.0,0.0,0.0,0.0,0.0,0.0,0.0,0.0,0.0,0.0,0.0,0.0,0.0,0.0,0.0,0.0,0.0,0.0,0.0,0.0,0.0,0.0,0.0,0.0,0.0,0.0,0.1,0.1,0.0,0.0,0.0,0.0,0.0,0.1,0.0,0.0,0.0,0.0,0.0,0.0,0.0,0.0,0.0,0.0,0.0,0.0,0.0,0.0,0.0,0.0,0.0,0.0,0.0,0.0,0.0,0.0,0.0,0.0,0.0,0.0,0.0,0.0,0.0,0.0,0.1,0.1,0.0,0.0,0.0,0.0,0.0,0.1,0.0,0.0,0.0,0.0,0.0,0.0,0.0,0.0,0.0,0.0,0.0,0.0,0.0,0.0,0.0,0.0,0.0,0.0,0.0,0.0,0.0,0.0,0.0,0.0,0.0,0.0,0.0,0.0,0.0,0.0,0.0,0.0,0.0,0.0,0.0,0.0,0.0,0.1,0.0,0.0,0.0,0.0,0.0,0.0,0.0,0.0,0.0,0.0,0.0,0.0,0.0,0.0,0.0,0.0,0.0,0.0,0.0,0.0,0.0,0.0,0.0,0.0,0.0,0.0,0.0,0.0,0.0,0.0,0.0,0.0,0.0,0.0,0.0,0.0,0.0,0.0,0.0,0.0,0.0,0.0,0.0,0.0,0.0,0.0,0.0,0.0,0.0,0.0,0.0,0.0,0.0,0.0,0.0,0.0,0.0,0.0,0.0,0.0,0.0,0.0,0.0,0.0,0.0,0.0,0.0,0.0,0.0,0.0,0.0,0.0,0.0,0.0,0.0,0.0,0.0,0.0,0.0,0.0,0.0,0.0,0.0,0.0,0.0,0.0,0.0,0.0,0.0,0.0,0.0,0.0,0.0,0.0,0.0,0.0,0.0,0.0,0.0,0.0,0.0,0.0,0.0,0.0,0.0,0.0,0.0,0.0,0.0,0.0,0.0,0.0,0.0,0.0,0.0,0.0,0.0,0.0,0.0,0.0,0.0,0.0,0.0,0.0,0.0,0.0,0.0,0.0,0.0,0.0,0.0,0.0,0.0,0.0,0.0,0.0,0.0,0.0,0.0,0.0,0.0,0.0,0.0,0.0,0.0,0.0,0.0,0.0,0.0,0.0,0.0,0.0,0.0,0.0,0.0,0.0,0.0,0.0,0.0,0.0,0.0,0.0,0.0,0.0,0.0,0.0,0.0,0.0,0.0,0.0,0.0,0.0,0.0,0.0,0.0,0.0,0.0,0.0,0.0,0.0,0.0,0.0,0.0,0.0,0.0,0.0,0.0,0.0,0.0,0.0,0.0,0.0,0.0,0.0,0.0,0.0,0.0,0.0,0.0,0.0,0.0,0.0,0.0,0.0,0.0,0.0,0.0,0.0,0.0,0.0,0.0,0.0,0.0,0.0,0.0,0.0,0.0,0.0,0.0,0.0,0.0,0.0,0.0,0.0,0.0,0.0,0.0,0.0,0.0,0.0,0.0,0.0,0.0,0.0,0.0,0.0,0.0,0.0,0.0,0.0,0.0,0.0,0.0,0.0,0.0,0.0,0.0,0.0,0.0,0.0,0.0,0.0,0.0,0.0,0.0,0.0,0.0,0.0,0.0,0.0,0.0,0.0,0.0,0.0,0.0,0.0,0.0,0.0,0.0,0.0,0.0,0.0,0.0,0.0,0.0,0.0,0.0,0.0,0.0,0.0,0.0,0.0,0.0,0.0,0.0,0.0,0.0,0.0,0.0,0.0,0.0,0.0,0.0,0.0,0.0,0.0,0.0,0.0,0.0,0.0,0.0,0.0,0.0,0.0,0.0,0.0,0.0,0.0,0.0,0.0,0.0,0.0,0.0,0.0,0.0,0.0,0.0,0.0,0.0,0.0,0.0,0.0,0.0,0.0,0.0,0.0,0.0,0.0,0.0,0.0,0.0,0.0,0.0,0.0,0.0,0.0,0.0,0.0,0.0,0.0,0.0,0.0,0.0,0.0,0.0,0.0,0.0,0.0,0.0,0.0,0.0,0.0,0.0,0.0,0.0,0.0,0.0,0.0,0.0,0.0,0.0,0.0,0.0,0.0,0.0,0.0,0.0,0.0,0.0,0.0,0.0,0.0,0.0,0.0,0.0,0.0,0.0,0.0,0.0,0.0,0.0,0.0
2026-10-08T02:00:00Z,0.0,0.0,0.0,0.0,0.0,0.0,0.0,0.0,0.0,0.0,0.0,0.0,0.0,0.0,0.0,0.0,0.0,0.0,0.0,0.0,0.0,0.0,0.0,0.0,0.0,0.0,0.0,0.0,0.0,0.0,0.0,0.0,0.0,0.0,0.0,0.0,0.0,0.0,0.0,0.0,0.0,0.0,0.0,0.0,0.0,0.0,0.0,0.0,0.0,0.0,0.0,0.0,0.0,0.0,0.0,0.0,0.0,0.0,0.0,0.0,0.0,0.0,0.0,0.0,0.0,0.0,0.0,0.0,0.0,0.0,0.0,0.0,0.0,0.0,0.0,0.0,0.0,0.0,0.0,0.0,0.0,0.0,0.0,0.0,0.0,0.0,0.0,0.0,0.0,0.0,0.0,0.0,0.0,0.0,0.0,0.0,0.0,0.0,0.0,0.0,0.0,0.0,0.0,0.0,0.0,0.0,0.0,0.0,0.0,0.0,0.0,0.0,0.0,0.0,0.0,0.0,0.0,0.0,0.0,0.0,0.0,0.0,0.0,0.0,0.0,0.0,0.0,0.0,0.0,0.0,0.0,0.0,0.0,0.0,0.0,0.0,0.0,0.0,0.0,0.0,0.0,0.0,0.0,0.0,0.0,0.0,0.0,0.0,0.0,0.0,0.0,0.0,0.0,0.0,0.0,0.0,0.0,0.0,0.0,0.0,0.0,0.0,0.0,0.0,0.0,0.0,0.0,0.0,0.0,0.0,0.0,0.0,0.0,0.0,0.0,0.0,0.0,0.0,0.0,0.0,0.0,0.0,0.0,0.0,0.0,0.0,0.0,0.0,0.0,0.0,0.0,0.0,0.0,0.0,0.0,0.0,0.0,0.0,0.0,0.0,0.0,0.0,0.0,0.0,0.0,0.0,0.0,0.0,0.0,0.0,0.0,0.0,0.0,0.0,0.0,0.0,0.0,0.0,0.0,0.0,0.0,0.0,0.0,0.0,0.0,0.0,0.0,0.0,0.0,0.0,0.0,0.0,0.0,0.0,0.0,0.0,0.0,0.0,0.0,0.0,0.0,0.0,0.0,0.0,0.0,0.0,0.0,0.0,0.0,0.0,0.0,0.0,0.0,0.0,0.0,0.0,0.0,0.0,0.0,0.0,0.1,0.1,0.0,0.0,0.0,0.0,0.1,0.0,0.0,0.0,0.0,0.0,0.0,0.0,0.0,0.0,0.0,0.0,0.0,0.0,0.0,0.0,0.0,0.0,0.0,0.0,0.0,0.0,0.0,0.0,0.0,0.0,0.0,0.0,0.0,0.0,0.0,0.1,0.1,0.0,0.0,0.0,0.0,0.0,0.1,0.0,0.0,0.0,0.0,0.0,0.0,0.0,0.0,0.0,0.0,0.0,0.0,0.0,0.0,0.0,0.0,0.0,0.0,0.0,0.0,0.0,0.0,0.0,0.0,0.0,0.0,0.0,0.0,0.0,0.0,0.1,0.1,0.0,0.0,0.0,0.0,0.0,0.1,0.0,0.0,0.0,0.0,0.0,0.0,0.0,0.0,0.0,0.0,0.0,0.0,0.0,0.0,0.0,0.0,0.0,0.0,0.0,0.0,0.0,0.0,0.0,0.0,0.0,0.0,0.0,0.0,0.0,0.0,0.0,0.0,0.0,0.0,0.0,0.0,0.0,0.1,0.0,0.0,0.0,0.0,0.0,0.0,0.0,0.0,0.0,0.0,0.0,0.0,0.0,0.0,0.0,0.0,0.0,0.0,0.0,0.0,0.0,0.0,0.0,0.0,0.0,0.0,0.0,0.0,0.0,0.0,0.0,0.0,0.0,0.0,0.0,0.0,0.0,0.0,0.0,0.0,0.0,0.0,0.0,0.0,0.0,0.0,0.0,0.0,0.0,0.0,0.0,0.0,0.0,0.0,0.0,0.0,0.0,0.0,0.0,0.0,0.0,0.0,0.0,0.0,0.0,0.0,0.0,0.0,0.0,0.0,0.0,0.0,0.0,0.0,0.0,0.0,0.0,0.0,0.0,0.0,0.0,0.0,0.0,0.0,0.0,0.0,0.0,0.0,0.0,0.0,0.0,0.0,0.0,0.0,0.0,0.0,0.0,0.0,0.0,0.0,0.0,0.0,0.0,0.0,0.0,0.0,0.0,0.0,0.0,0.0,0.0,0.0,0.0,0.0,0.0,0.0,0.0,0.0,0.0,0.0,0.0,0.0,0.0,0.0,0.0,0.0,0.0,0.0,0.0,0.0,0.0,0.0,0.0,0.0,0.0,0.0,0.0,0.0,0.0,0.0,0.0,0.0,0.0,0.0,0.0,0.0,0.0,0.0,0.0,0.0,0.0,0.0,0.0,0.0,0.0,0.0,0.0,0.0,0.0,0.0,0.0,0.0,0.0,0.0,0.0,0.0,0.0,0.0,0.0,0.0,0.0,0.0,0.0,0.0,0.0,0.0,0.0,0.0,0.0,0.0,0.0,0.0,0.0,0.0,0.0,0.0,0.0,0.0,0.0,0.0,0.0,0.0,0.0,0.0,0.0,0.0,0.0,0.0,0.0,0.0,0.0,0.0,0.0,0.0,0.0,0.0,0.0,0.0,0.0,0.0,0.0,0.0,0.0,0.0,0.0,0.0,0.0,0.0,0.0,0.0,0.0,0.0,0.0,0.0,0.0,0.0,0.0,0.0,0.0,0.0,0.0,0.0,0.0,0.0,0.0,0.0,0.0,0.0,0.0,0.0,0.0,0.0,0.0,0.0,0.0,0.0,0.0,0.0,0.0,0.0,0.0,0.0,0.0,0.0,0.0,0.0,0.0,0.0,0.0,0.0,0.0,0.0,0.0,0.0,0.0,0.0,0.0,0.0,0.0,0.0,0.0,0.0,0.0,0.0,0.0,0.0,0.0,0.0,0.0,0.0,0.0,0.0,0.0,0.0,0.0,0.0,0.0,0.0,0.0,0.0,0.0,0.0,0.0,0.0,0.0,0.0,0.0,0.0,0.0,0.0,0.0,0.0,0.0,0.0,0.0,0.0,0.0,0.0,0.0,0.0,0.0,0.0,0.0,0.0,0.0,0.0,0.0,0.0,0.0,0.0,0.0,0.0,0.0,0.0,0.0,0.0,0.0,0.0,0.0,0.0,0.0,0.0,0.0,0.0,0.0,0.0,0.0,0.0,0.0,0.0,0.0,0.0,0.0,0.0,0.0,0.0,0.0,0.0,0.0,0.0,0.0,0.0,0.0,0.0,0.0,0.0,0.0,0.0,0.0,0.0,0.0,0.0,0.0,0.0,0.0,0.0,0.0,0.0,0.0,0.0,0.0,0.0,0.0,0.0,0.0,0.0,0.0,0.0,0.0,0.0,0.0,0.0
2026-10-08T03:00:00Z,0.0,0.0,0.0,0.0,0.0,0.0,0.0,0.0,0.0,0.0,0.0,0.0,0.0,0.0,0.0,0.0,0.0,0.0,0.0,0.0,0.0,0.0,0.0,0.0,0.0,0.0,0.0,0.0,0.0,0.0,0.0,0.0,0.0,0.0,0.0,0.0,0.0,0.0,0.0,0.0,0.0,0.0,0.0,0.0,0.0,0.0,0.0,0.0,0.0,0.0,0.0,0.0,0.0,0.0,0.0,0.0,0.0,0.0,0.0,0.0,0.0,0.0,0.0,0.0,0.0,0.0,0.0,0.0,0.0,0.0,0.0,0.0,0.0,0.0,0.0,0.0,0.0,0.0,0.0,0.0,0.0,0.0,0.0,0.0,0.0,0.0,0.0,0.0,0.0,0.0,0.0,0.0,0.0,0.0,0.0,0.0,0.0,0.0,0.0,0.0,0.0,0.0,0.0,0.0,0.0,0.0,0.0,0.0,0.0,0.0,0.0,0.0,0.0,0.0,0.0,0.0,0.0,0.0,0.0,0.0,0.0,0.0,0.0,0.0,0.0,0.0,0.0,0.0,0.0,0.0,0.0,0.0,0.0,0.0,0.0,0.0,0.0,0.0,0.0,0.0,0.0,0.0,0.0,0.0,0.0,0.0,0.0,0.0,0.0,0.0,0.0,0.0,0.0,0.0,0.0,0.0,0.0,0.0,0.0,0.0,0.0,0.0,0.0,0.0,0.0,0.0,0.0,0.0,0.0,0.0,0.0,0.0,0.0,0.0,0.0,0.0,0.0,0.0,0.0,0.0,0.0,0.0,0.0,0.0,0.0,0.0,0.0,0.0,0.0,0.0,0.0,0.0,0.0,0.0,0.0,0.0,0.0,0.0,0.0,0.0,0.0,0.0,0.0,0.0,0.0,0.0,0.0,0.0,0.0,0.0,0.0,0.0,0.0,0.0,0.0,0.0,0.0,0.0,0.0,0.0,0.0,0.0,0.0,0.0,0.0,0.0,0.0,0.0,0.0,0.0,0.0,0.0,0.0,0.0,0.0,0.0,0.0,0.0,0.0,0.0,0.0,0.0,0.0,0.0,0.0,0.0,0.0,0.0,0.0,0.0,0.0,0.0,0.0,0.0,0.0,0.0,0.0,0.0,0.0,0.0,0.1,0.1,0.0,0.0,0.0,0.0,0.1,0.0,0.0,0.0,0.0,0.0,0.0,0.0,0.0,0.0,0.0,0.0,0.0,0.0,0.0,0.0,0.0,0.0,0.0,0.0,0.0,0.0,0.0,0.0,0.0,0.0,0.0,0.0,0.0,0.0,0.0,0.1,0.1,0.0,0.0,0.0,0.0,0.0,0.1,0.0,0.0,0.0,0.0,0.0,0.0,0.0,0.0,0.0,0.0,0.0,0.0,0.0,0.0,0.0,0.0,0.0,0.0,0.0,0.0,0.0,0.0,0.0,0.0,0.0,0.0,0.0,0.0,0.0,0.0,0.1,0.1,0.0,0.0,0.0,0.0,0.0,0.1,0.0,0.0,0.0,0.0,0.0,0.0,0.0,0.0,0.0,0.0,0.0,0.0,0.0,0.0,0.0,0.0,0.0,0.0,0.0,0.0,0.0,0.0,0.0,0.0,0.0,0.0,0.0,0.0,0.0,0.0,0.0,0.0,0.0,0.0,0.0,0.0,0.0,0.1,0.0,0.0,0.0,0.0,0.0,0.0,0.0,0.0,0.0,0.0,0.0,0.0,0.0,0.0,0.0,0.0,0.0,0.0,0.0,0.0,0.0,0.0,0.0,0.0,0.0,0.0,0.0,0.0,0.0,0.0,0.0,0.0,0.0,0.0,0.0,0.0,0.0,0.0,0.0,0.0,0.0,0.0,0.0,0.0,0.0,0.0,0.0,0.0,0.0,0.0,0.0,0.0,0.0,0.0,0.0,0.0,0.0,0.0,0.0,0.0,0.0,0.0,0.0,0.0,0.0,0.0,0.0,0.0,0.0,0.0,0.0,0.0,0.0,0.0,0.0,0.0,0.0,0.0,0.0,0.0,0.0,0.0,0.0,0.0,0.0,0.0,0.0,0.0,0.0,0.0,0.0,0.0,0.0,0.0,0.0,0.0,0.0,0.0,0.0,0.0,0.0,0.0,0.0,0.0,0.0,0.0,0.0,0.0,0.0,0.0,0.0,0.0,0.0,0.0,0.0,0.0,0.0,0.0,0.0,0.0,0.0,0.0,0.0,0.0,0.0,0.0,0.0,0.0,0.0,0.0,0.0,0.0,0.0,0.0,0.0,0.0,0.0,0.0,0.0,0.0,0.0,0.0,0.0,0.0,0.0,0.0,0.0,0.0,0.0,0.0,0.0,0.0,0.0,0.0,0.0,0.0,0.0,0.0,0.0,0.0,0.0,0.0,0.0,0.0,0.0,0.0,0.0,0.0,0.0,0.0,0.0,0.0,0.0,0.0,0.0,0.0,0.0,0.0,0.0,0.0,0.0,0.0,0.0,0.0,0.0,0.0,0.0,0.0,0.0,0.0,0.0,0.0,0.0,0.0,0.0,0.0,0.0,0.0,0.0,0.0,0.0,0.0,0.0,0.0,0.0,0.0,0.0,0.0,0.0,0.0,0.0,0.0,0.0,0.0,0.0,0.0,0.0,0.0,0.0,0.0,0.0,0.0,0.0,0.0,0.0,0.0,0.0,0.0,0.0,0.0,0.0,0.0,0.0,0.0,0.0,0.0,0.0,0.0,0.0,0.0,0.0,0.0,0.0,0.0,0.0,0.0,0.0,0.0,0.0,0.0,0.0,0.0,0.0,0.0,0.0,0.0,0.0,0.0,0.0,0.0,0.0,0.0,0.0,0.0,0.0,0.0,0.0,0.0,0.0,0.0,0.0,0.0,0.0,0.0,0.0,0.0,0.0,0.0,0.0,0.0,0.0,0.0,0.0,0.0,0.0,0.0,0.0,0.0,0.0,0.0,0.0,0.0,0.0,0.0,0.0,0.0,0.0,0.0,0.0,0.0,0.0,0.0,0.0,0.0,0.0,0.0,0.0,0.0,0.0,0.0,0.0,0.0,0.0,0.0,0.0,0.0,0.0,0.0,0.0,0.0,0.0,0.0,0.0,0.0,0.0,0.0,0.0,0.0,0.0,0.0,0.0,0.0,0.0,0.0,0.0,0.0,0.0,0.0,0.0,0.0,0.0,0.0,0.0,0.0,0.0,0.0,0.0,0.0,0.0,0.0,0.0,0.0,0.0,0.0,0.0,0.0,0.0,0.0,0.0,0.0,0.0,0.0,0.0,0.0,0.0,0.0,0.0,0.0,0.0,0.0,0.0,0.0,0.0,0.0,0.0,0.0,0.0,0.0,0.0,0.0,0.0,0.0
2026-10-08T04:00:00Z,1.2,0.8,0.8,0.2,0.2,0.2,0.0,0.0,0.0,1.6,1.2,1.2,1.2,0.8,0.8,0.2,0.2,0.2,0.0,0.0,0.0,0.0,2.3,1.6,1.6,1.2,1.2,1.2,0.8,0.8,0.2,0.2,0.2,0.0,0.0,0.0,0.0,1.7,1.7,1.2,1.2,0.6,0.6,0.6,0.2,0.2,0.1,0.1,0.1,0.0,0.0,0.0,0.0,0.0,1.7,1.7,1.7,1.2,1.2,0.6,0.6,0.6,0.2,0.2,0.1,0.1,0.1,0.0,0.0,0.0,0.0,0.0,0.9,0.7,0.7,0.7,0.5,0.5,0.6,0.6,0.6,0.5,0.5,0.1,0.1,0.1,0.0,0.0,0.0,0.0,0.0,0.0,0.0,0.0,0.0,0.0,0.0,0.0,0.0,0.9,0.7,0.7,0.7,0.5,0.5,0.6,0.6,0.6,0.5,0.5,0.1,0.1,0.1,0.0,0.0,0.0,0.0,0.0,0.0,0.0,0.0,0.0,0.0,0.0,0.0,0.0,0.0,0.0,0.0,0.9,0.7,0.7,0.7,0.5,0.5,0.6,0.6,0.6,0.5,0.5,0.1,0.1,0.1,0.0,0.0,0.0,0.0,0.0,0.0,0.0,0.0,0.0,0.0,0.0,0.0,0.0,0.0,0.0,0.0,0.0,0.0,0.8,0.5,0.5,0.5,0.3,0.3,0.8,0.8,0.8,0.0,0.0,0.0,0.0,0.0,0.0,0.0,0.0,0.0,0.0,0.0,0.0,0.0,0.0,0.0,0.0,0.0,0.0,0.0,0.0,0.0,0.0,0.0,0.0,0.0,0.8,0.8,0.5,0.5,0.5,0.3,0.3,0.8,0.8,0.8,0.0,0.0,0.0,0.0,0.0,0.0,0.0,0.0,0.0,0.0,0.0,0.0,0.0,0.0,0.0,0.0,0.0,0.0,0.0,0.0,0.0,0.0,0.0,0.0,0.0,0.9,0.9,1.1,1.1,1.1,0.4,0.4,0.1,0.1,0.1,0.0,0.0,0.0,0.0,0.0,0.0,0.0,0.0,0.0,0.0,0.0,0.0,0.0,0.0,0.0,0.0,0.0,0.0,0.0,0.0,0.0,0.0,0.0,0.0,0.0,0.0,1.0,0.9,0.9,1.1,1.1,1.1,0.4,0.4,0.1,0.1,0.1,0.0,0.0,0.0,0.0,0.0,0.0,0.0,0.0,0.0,0.0,0.0,0.0,0.0,0.0,0.0,0.0,0.0,0.0,0.0,0.0,0.0,0.0,0.0,0.0,0.0,0.0,0.0,1.0,0.9,0.9,1.1,1.1,1.1,0.4,0.4,0.1,0.1,0.1,0.0,0.0,0.0,0.0,0.0,0.0,0.0,0.0,0.0,0.0,0.0,0.0,0.0,0.0,0.0,0.0,0.0,0.0,0.0,0.0,0.0,0.0,0.0,0.0,0.0,0.0,0.0,1.6,2.2,2.2,1.1,1.1,1.1,0.3,0.3,0.1,0.1,0.1,0.0,0.0,0.0,0.0,0.0,0.0,0.0,0.0,0.0,0.0,0.0,0.0,0.0,0.0,0.0,0.0,0.0,0.0,0.0,0.0,0.0,0.0,0.0,0.0,0.0,0.0,0.0,1.6,2.2,2.2,1.1,1.1,1.1,0.3,0.3,0.1,0.1,0.1,0.0,0.0,0.0,0.0,0.0,0.0,0.0,0.0,0.0,0.0,0.0,0.0,0.0,0.0,0.0,0.0,0.0,0.0,0.0,0.0,0.0,0.0,0.0,0.0,0.0,0.0,0.0,1.7,1.4,1.4,1.2,1.2,1.2,0.4,0.4,0.0,0.0,0.0,0.0,0.0,0.0,0.0,0.0,0.0,0.0,0.0,0.0,0.0,0.0,0.0,0.0,0.0,0.0,0.0,0.0,0.0,0.0,0.0,0.0,0.0,0.0,0.0,0.0,0.0,0.0,1.7,1.4,1.4,1.2,1.2,1.2,0.4,0.4,0.0,0.0,0.0,0.0,0.0,0.0,0.0,0.0,0.0,0.0,0.0,0.0,0.0,0.0,0.0,0.0,0.0,0.0,0.0,0.0,0.0,0.0,0.0,0.0,0.0,0.0,0.0,0.0,0.0,0.0,1.4,1.4,1.2,1.2,1.2,0.4,0.4,0.0,0.0,0.0,0.0,0.0,0.0,0.0,0.0,0.0,0.0,0.0,0.0,0.0,0.0,0.0,0.0,0.0,0.0,0.0,0.0,0.0,0.0,0.0,0.0,0.0,0.0,0.0,0.0,0.0,0.0,0.8,0.7,0.7,0.7,0.2,0.2,0.0,0.0,0.0,0.0,0.0,0.0,0.0,0.0,0.0,0.0,0.0,0.0,0.0,0.0,0.0,0.0,0.0,0.0,0.0,0.0,0.0,0.0,0.0,0.0,0.0,0.0,0.0,0.0,0.0,0.0,0.7,0.7,0.7,0.2,0.2,0.0,0.0,0.0,0.0,0.0,0.0,0.0,0.0,0.0,0.0,0.0,0.0,0.0,0.0,0.0,0.0,0.0,0.0,0.0,0.0,0.0,0.0,0.0,0.0,0.0,0.0,0.0,0.0,0.0,0.4,0.4,0.4,0.1,0.1,0.0,0.0,0.0,0.0,0.0,0.0,0.0,0.0,0.0,0.0,0.0,0.0,0.0,0.0,0.0,0.0,0.0,0.0,0.0,0.0,0.0,0.0,0.0,0.0,0.0,0.0,0.0,0.0,0.4,0.4,0.1,0.1,0.0,0.0,0.0,0.0,0.0,0.0,0.0,0.0,0.0,0.0,0.0,0.0,0.0,0.0,0.0,0.0,0.0,0.0,0.0,0.0,0.0,0.0,0.0,0.0,0.0,0.4,0.4,0.1,0.1,0.0,0.0,0.0,0.0,0.0,0.0,0.0,0.0,0.0,0.0,0.0,0.0,0.0,0.0,0.0,0.0,0.0,0.0,0.0,0.0,0.0,0.0,0.0,0.0,0.1,0.1,0.0,0.0,0.0,0.0,0.0,0.0,0.0,0.0,0.0,0.0,0.0,0.0,0.0,0.0,0.0,0.0,0.0,0.0,0.1,0.0,0.1,0.1,0.0,0.0,0.0,0.0,0.0,0.0,0.0,0.0,0.0,0.0,0.0,0.0,0.0,0.0,0.0,0.0,0.0,0.0,0.1,0.0,0.0,0.0,0.0,0.0,0.0,0.0,0.0,0.0,0.0,0.0,0.0,0.0,0.0,0.0,0.0,0.0,0.0,0.0,0.0,0.0,0.0,0.0,0.0,0.0,0.0,0.0,0.0,0.0
2026-10-08T05:00:00Z,1.2,0.8,0.8,0.2,0.2,0.2,0.0,0.0,0.0,1.6,1.2,1.2,1.2,0.8,0.8,0.2,0.2,0.2,0.0,0.0,0.0,0.0,2.3,1.6,1.6,1.2,1.2,1.2,0.8,0.8,0.2,0.2,0.2,0.0,0.0,0.0,0.0,1.7,1.7,1.2,1.2,0.6,0.6,0.6,0.2,0.2,0.1,0.1,0.1,0.0,0.0,0.0,0.0,0.0,1.7,1.7,1.7,1.2,1.2,0.6,0.6,0.6,0.2,0.2,0.1,0.1,0.1,0.0,0.0,0.0,0.0,0.0,0.9,0.7,0.7,0.7,0.5,0.5,0.6,0.6,0.6,0.5,0.5,0.1,0.1,0.1,0.0,0.0,0.0,0.0,0.0,0.0,0.0,0.0,0.0,0.0,0.0,0.0,0.0,0.9,0.7,0.7,0.7,0.5,0.5,0.6,0.6,0.6,0.5,0.5,0.1,0.1,0.1,0.0,0.0,0.0,0.0,0.0,0.0,0.0,0.0,0.0,0.0,0.0,0.0,0.0,0.0,0.0,0.0,0.9,0.7,0.7,0.7,0.5,0.5,0.6,0.6,0.6,0.5,0.5,0.1,0.1,0.1,0.0,0.0,0.0,0.0,0.0,0.0,0.0,0.0,0.0,0.0,0.0,0.0,0.0,0.0,0.0,0.0,0.0,0.0,0.8,0.5,0.5,0.5,0.3,0.3,0.8,0.8,0.8,0.0,0.0,0.0,0.0,0.0,0.0,0.0,0.0,0.0,0.0,0.0,0.0,0.0,0.0,0.0,0.0,0.0,0.0,0.0,0.0,0.0,0.0,0.0,0.0,0.0,0.8,0.8,0.5,0.5,0.5,0.3,0.3,0.8,0.8,0.8,0.0,0.0,0.0,0.0,0.0,0.0,0.0,0.0,0.0,0.0,0.0,0.0,0.0,0.0,0.0,0.0,0.0,0.0,0.0,0.0,0.0,0.0,0.0,0.0,0.0,0.9,0.9,1.1,1.1,1.1,0.4,0.4,0.1,0.1,0.1,0.0,0.0,0.0,0.0,0.0,0.0,0.0,0.0,0.0,0.0,0.0,0.0,0.0,0.0,0.0,0.0,0.0,0.0,0.0,0.0,0.0,0.0,0.0,0.0,0.0,0.0,1.0,0.9,0.9,1.1,1.1,1.1,0.4,0.4,0.1,0.1,0.1,0.0,0.0,0.0,0.0,0.0,0.0,0.0,0.0,0.0,0.0,0.0,0.0,0.0,0.0,0.0,0.0,0.0,0.0,0.0,0.0,0.0,0.0,0.0,0.0,0.0,0.0,0.0,1.0,0.9,0.9,1.1,1.1,1.1,0.4,0.4,0.1,0.1,0.1,0.0,0.0,0.0,0.0,0.0,0.0,0.0,0.0,0.0,0.0,0.0,0.0,0.0,0.0,0.0,0.0,0.0,0.0,0.0,0.0,0.0,0.0,0.0,0.0,0.0,0.0,0.0,1.6,2.2,2.2,1.1,1.1,1.1,0.3,0.3,0.1,0.1,0.1,0.0,0.0,0.0,0.0,0.0,0.0,0.0,0.0,0.0,0.0,0.0,0.0,0.0,0.0,0.0,0.0,0.0,0.0,0.0,0.0,0.0,0.0,0.0,0.0,0.0,0.0,0.0,1.6,2.2,2.2,1.1,1.1,1.1,0.3,0.3,0.1,0.1,0.1,0.0,0.0,0.0,0.0,0.0,0.0,0.0,0.0,0.0,0.0,0.0,0.0,0.0,0.0,0.0,0.0,0.0,0.0,0.0,0.0,0.0,0.0,0.0,0.0,0.0,0.0,0.0,1.7,1.4,1.4,1.2,1.2,1.2,0.4,0.4,0.0,0.0,0.0,0.0,0.0,0.0,0.0,0.0,0.0,0.0,0.0,0.0,0.0,0.0,0.0,0.0,0.0,0.0,0.0,0.0,0.0,0.0,0.0,0.0,0.0,0.0,0.0,0.0,0.0,0.0,1.7,1.4,1.4,1.2,1.2,1.2,0.4,0.4,0.0,0.0,0.0,0.0,0.0,0.0,0.0,0.0,0.0,0.0,0.0,0.0,0.0,0.0,0.0,0.0,0.0,0.0,0.0,0.0,0.0,0.0,0.0,0.0,0.0,0.0,0.0,0.0,0.0,0.0,1.4,1.4,1.2,1.2,1.2,0.4,0.4,0.0,0.0,0.0,0.0,0.0,0.0,0.0,0.0,0.0,0.0,0.0,0.0,0.0,0.0,0.0,0.0,0.0,0.0,0.0,0.0,0.0,0.0,0.0,0.0,0.0,0.0,0.0,0.0,0.0,0.0,0.8,0.7,0.7,0.7,0.2,0.2,0.0,0.0,0.0,0.0,0.0,0.0,0.0,0.0,0.0,0.0,0.0,0.0,0.0,0.0,0.0,0.0,0.0,0.0,0.0,0.0,0.0,0.0,0.0,0.0,0.0,0.0,0.0,0.0,0.0,0.0,0.7,0.7,0.7,0.2,0.2,0.0,0.0,0.0,0.0,0.0,0.0,0.0,0.0,0.0,0.0,0.0,0.0,0.0,0.0,0.0,0.0,0.0,0.0,0.0,0.0,0.0,0.0,0.0,0.0,0.0,0.0,0.0,0.0,0.0,0.4,0.4,0.4,0.1,0.1,0.0,0.0,0.0,0.0,0.0,0.0,0.0,0.0,0.0,0.0,0.0,0.0,0.0,0.0,0.0,0.0,0.0,0.0,0.0,0.0,0.0,0.0,0.0,0.0,0.0,0.0,0.0,0.0,0.4,0.4,0.1,0.1,0.0,0.0,0.0,0.0,0.0,0.0,0.0,0.0,0.0,0.0,0.0,0.0,0.0,0.0,0.0,0.0,0.0,0.0,0.0,0.0,0.0,0.0,0.0,0.0,0.0,0.4,0.4,0.1,0.1,0.0,0.0,0.0,0.0,0.0,0.0,0.0,0.0,0.0,0.0,0.0,0.0,0.0,0.0,0.0,0.0,0.0,0.0,0.0,0.0,0.0,0.0,0.0,0.0,0.1,0.1,0.0,0.0,0.0,0.0,0.0,0.0,0.0,0.0,0.0,0.0,0.0,0.0,0.0,0.0,0.0,0.0,0.0,0.0,0.1,0.0,0.1,0.1,0.0,0.0,0.0,0.0,0.0,0.0,0.0,0.0,0.0,0.0,0.0,0.0,0.0,0.0,0.0,0.0,0.0,0.0,0.1,0.0,0.0,0.0,0.0,0.0,0.0,0.0,0.0,0.0,0.0,0.0,0.0,0.0,0.0,0.0,0.0,0.0,0.0,0.0,0.0,0.0,0.0,0.0,0.0,0.0,0.0,0.0,0.0,0.0
2026-10-08T06:00:00Z,1.2,0.8,0.8,0.2,0.2,0.2,0.0,0.0,0.0,1.6,1.2,1.2,1.2,0.8,0.8,0.2,0.2,0.2,0.0,0.0,0.0,0.0,2.3,1.6,1.6,1.2,1.2,1.2,0.8,0.8,0.2,0.2,0.2,0.0,0.0,0.0,0.0,1.7,1.7,1.2,1.2,0.6,0.6,0.6,0.2,0.2,0.1,0.1,0.1,0.0,0.0,0.0,0.0,0.0,1.7,1.7,1.7,1.2,1.2,0.6,0.6,0.6,0.2,0.2,0.1,0.1,0.1,0.0,0.0,0.0,0.0,0.0,0.9,0.7,0.7,0.7,0.5,0.5,0.6,0.6,0.6,0.5,0.5,0.1,0.1,0.1,0.0,0.0,0.0,0.0,0.0,0.0,0.0,0.0,0.0,0.0,0.0,0.0,0.0,0.9,0.7,0.7,0.7,0.5,0.5,0.6,0.6,0.6,0.5,0.5,0.1,0.1,0.1,0.0,0.0,0.0,0.0,0.0,0.0,0.0,0.0,0.0,0.0,0.0,0.0,0.0,0.0,0.0,0.0,0.9,0.7,0.7,0.7,0.5,0.5,0.6,0.6,0.6,0.5,0.5,0.1,0.1,0.1,0.0,0.0,0.0,0.0,0.0,0.0,0.0,0.0,0.0,0.0,0.0,0.0,0.0,0.0,0.0,0.0,0.0,0.0,0.8,0.5,0.5,0.5,0.3,0.3,0.8,0.8,0.8,0.0,0.0,0.0,0.0,0.0,0.0,0.0,0.0,0.0,0.0,0.0,0.0,0.0,0.0,0.0,0.0,0.0,0.0,0.0,0.0,0.0,0.0,0.0,0.0,0.0,0.8,0.8,0.5,0.5,0.5,0.3,0.3,0.8,0.8,0.8,0.0,0.0,0.0,0.0,0.0,0.0,0.0,0.0,0.0,0.0,0.0,0.0,0.0,0.0,0.0,0.0,0.0,0.0,0.0,0.0,0.0,0.0,0.0,0.0,0.0,0.9,0.9,1.1,1.1,1.1,0.4,0.4,0.1,0.1,0.1,0.0,0.0,0.0,0.0,0.0,0.0,0.0,0.0,0.0,0.0,0.0,0.0,0.0,0.0,0.0,0.0,0.0,0.0,0.0,0.0,0.0,0.0,0.0,0.0,0.0,0.0,1.0,0.9,0.9,1.1,1.1,1.1,0.4,0.4,0.1,0.1,0.1,0.0,0.0,0.0,0.0,0.0,0.0,0.0,0.0,0.0,0.0,0.0,0.0,0.0,0.0,0.0,0.0,0.0,0.0,0.0,0.0,0.0,0.0,0.0,0.0,0.0,0.0,0.0,1.0,0.9,0.9,1.1,1.1,1.1,0.4,0.4,0.1,0.1,0.1,0.0,0.0,0.0,0.0,0.0,0.0,0.0,0.0,0.0,0.0,0.0,0.0,0.0,0.0,0.0,0.0,0.0,0.0,0.0,0.0,0.0,0.0,0.0,0.0,0.0,0.0,0.0,1.6,2.2,2.2,1.1,1.1,1.1,0.3,0.3,0.1,0.1,0.1,0.0,0.0,0.0,0.0,0.0,0.0,0.0,0.0,0.0,0.0,0.0,0.0,0.0,0.0,0.0,0.0,0.0,0.0,0.0,0.0,0.0,0.0,0.0,0.0,0.0,0.0,0.0,1.6,2.2,2.2,1.1,1.1,1.1,0.3,0.3,0.1,0.1,0.1,0.0,0.0,0.0,0.0,0.0,0.0,0.0,0.0,0.0,0.0,0.0,0.0,0.0,0.0,0.0,0.0,0.0,0.0,0.0,0.0,0.0,0.0,0.0,0.0,0.0,0.0,0.0,1.7,1.4,1.4,1.2,1.2,1.2,0.4,0.4,0.0,0.0,0.0,0.0,0.0,0.0,0.0,0.0,0.0,0.0,0.0,0.0,0.0,0.0,0.0,0.0,0.0,0.0,0.0,0.0,0.0,0.0,0.0,0.0,0.0,0.0,0.0,0.0,0.0,0.0,1.7,1.4,1.4,1.2,1.2,1.2,0.4,0.4,0.0,0.0,0.0,0.0,0.0,0.0,0.0,0.0,0.0,0.0,0.0,0.0,0.0,0.0,0.0,0.0,0.0,0.0,0.0,0.0,0.0,0.0,0.0,0.0,0.0,0.0,0.0,0.0,0.0,0.0,1.4,1.4,1.2,1.2,1.2,0.4,0.4,0.0,0.0,0.0,0.0,0.0,0.0,0.0,0.0,0.0,0.0,0.0,0.0,0.0,0.0,0.0,0.0,0.0,0.0,0.0,0.0,0.0,0.0,0.0,0.0,0.0,0.0,0.0,0.0,0.0,0.0,0.8,0.7,0.7,0.7,0.2,0.2,0.0,0.0,0.0,0.0,0.0,0.0,0.0,0.0,0.0,0.0,0.0,0.0,0.0,0.0,0.0,0.0,0.0,0.0,0.0,0.0,0.0,0.0,0.0,0.0,0.0,0.0,0.0,0.0,0.0,0.0,0.7,0.7,0.7,0.2,0.2,0.0,0.0,0.0,0.0,0.0,0.0,0.0,0.0,0.0,0.0,0.0,0.0,0.0,0.0,0.0,0.0,0.0,0.0,0.0,0.0,0.0,0.0,0.0,0.0,0.0,0.0,0.0,0.0,0.0,0.4,0.4,0.4,0.1,0.1,0.0,0.0,0.0,0.0,0.0,0.0,0.0,0.0,0.0,0.0,0.0,0.0,0.0,0.0,0.0,0.0,0.0,0.0,0.0,0.0,0.0,0.0,0.0,0.0,0.0,0.0,0.0,0.0,0.4,0.4,0.1,0.1,0.0,0.0,0.0,0.0,0.0,0.0,0.0,0.0,0.0,0.0,0.0,0.0,0.0,0.0,0.0,0.0,0.0,0.0,0.0,0.0,0.0,0.0,0.0,0.0,0.0,0.4,0.4,0.1,0.1,0.0,0.0,0.0,0.0,0.0,0.0,0.0,0.0,0.0,0.0,0.0,0.0,0.0,0.0,0.0,0.0,0.0,0.0,0.0,0.0,0.0,0.0,0.0,0.0,0.1,0.1,0.0,0.0,0.0,0.0,0.0,0.0,0.0,0.0,0.0,0.0,0.0,0.0,0.0,0.0,0.0,0.0,0.0,0.0,0.1,0.0,0.1,0.1,0.0,0.0,0.0,0.0,0.0,0.0,0.0,0.0,0.0,0.0,0.0,0.0,0.0,0.0,0.0,0.0,0.0,0.0,0.1,0.0,0.0,0.0,0.0,0.0,0.0,0.0,0.0,0.0,0.0,0.0,0.0,0.0,0.0,0.0,0.0,0.0,0.0,0.0,0.0,0.0,0.0,0.0,0.0,0.0,0.0,0.0,0.0,0.0
2026-10-08T07:00:00Z,2.5,2.7,2.7,0.9,0.9,0.9,0.8,0.8,0.8,2.1,2.5,2.5,2.5,2.7,2.7,0.9,0.9,0.9,0.8,0.8,0.8,0.5,2.7,2.1,2.1,2.5,2.5,2.5,2.7,2.7,0.9,0.9,0.9,0.8,0.8,0.5,0.5,1.9,1.9,1.5,1.5,1.5,1.5,1.5,1.0,1.0,0.8,0.8,0.8,0.6,0.6,0.5,0.5,0.5,1.9,1.9,1.9,1.5,1.5,1.5,1.5,1.5,1.0,1.0,0.8,0.8,0.8,0.6,0.6,0.5,0.5,0.5,2.6,2.2,2.2,2.2,1.6,1.6,1.1,1.1,1.1,1.0,1.0,0.6,0.6,0.6,0.3,0.3,0.2,0.2,0.2,0.0,0.0,0.0,0.0,0.0,0.0,0.1,0.0,2.6,2.2,2.2,2.2,1.6,1.6,1.1,1.1,1.1,1.0,1.0,0.6,0.6,0.6,0.3,0.3,0.2,0.2,0.2,0.1,0.0,0.0,0.0,0.0,0.0,0.0,0.0,0.0,0.0,0.0,2.6,2.2,2.2,2.2,1.6,1.6,1.1,1.1,1.1,1.0,1.0,0.6,0.6,0.6,0.3,0.3,0.2,0.2,0.2,0.1,0.0,0.0,0.0,0.0,0.0,0.0,0.0,0.0,0.0,0.0,0.0,0.0,3.0,1.8,1.8,1.8,1.4,1.4,1.6,1.6,1.6,0.7,0.7,0.4,0.4,0.4,0.2,0.2,0.1,0.1,0.1,0.1,0.1,0.0,0.0,0.0,0.0,0.0,0.0,0.0,0.0,0.0,0.0,0.0,0.0,0.0,3.0,3.0,1.8,1.8,1.8,1.4,1.4,1.6,1.6,1.6,0.7,0.7,0.4,0.4,0.4,0.2,0.2,0.1,0.1,0.1,0.1,0.1,0.0,0.0,0.0,0.0,0.0,0.0,0.0,0.0,0.0,0.0,0.0,0.0,0.0,2.4,2.4,1.8,1.8,1.8,1.8,1.8,1.2,1.2,1.2,0.6,0.6,0.4,0.4,0.4,0.3,0.3,0.1,0.1,0.1,0.0,0.0,0.0,0.0,0.0,0.0,0.0,0.0,0.0,0.0,0.0,0.0,0.0,0.0,0.0,0.0,3.6,2.4,2.4,1.8,1.8,1.8,1.8,1.8,1.2,1.2,1.2,0.6,0.6,0.4,0.4,0.4,0.3,0.3,0.1,0.1,0.1,0.0,0.0,0.0,0.0,0.0,0.0,0.0,0.0,0.0,0.0,0.0,0.0,0.0,0.0,0.0,0.0,0.0,3.6,2.4,2.4,1.8,1.8,1.8,1.8,1.8,1.2,1.2,1.2,0.6,0.6,0.4,0.4,0.4,0.3,0.3,0.1,0.1,0.1,0.0,0.0,0.0,0.0,0.0,0.0,0.0,0.0,0.0,0.0,0.0,0.0,0.0,0.0,0.0,0.0,0.0,3.7,3.0,3.0,1.9,1.9,1.9,1.4,1.4,1.1,1.1,1.1,0.8,0.8,0.4,0.4,0.4,0.3,0.3,0.2,0.2,0.2,0.1,0.1,0.0,0.0,0.0,0.0,0.0,0.0,0.0,0.0,0.0,0.0,0.0,0.0,0.0,0.0,0.0,3.7,3.0,3.0,1.9,1.9,1.9,1.4,1.4,1.1,1.1,1.1,0.8,0.8,0.4,0.4,0.4,0.3,0.3,0.2,0.2,0.2,0.1,0.1,0.0,0.0,0.0,0.0,0.0,0.0,0.0,0.0,0.0,0.0,0.0,0.0,0.0,0.0,0.0,4.3,2.8,2.8,2.3,2.3,2.3,2.0,2.0,1.6,1.6,1.6,1.3,1.3,0.8,0.8,0.8,0.4,0.4,0.2,0.2,0.2,0.1,0.1,0.0,0.0,0.0,0.0,0.0,0.0,0.0,0.0,0.0,0.0,0.0,0.0,0.0,0.0,0.0,4.3,2.8,2.8,2.3,2.3,2.3,2.0,2.0,1.6,1.6,1.6,1.3,1.3,0.8,0.8,0.8,0.4,0.4,0.2,0.2,0.2,0.1,0.1,0.0,0.0,0.0,0.0,0.0,0.0,0.0,0.0,0.0,0.0,0.0,0.0,0.0,0.0,0.0,2.8,2.8,2.3,2.3,2.3,2.0,2.0,1.6,1.6,1.6,1.3,1.3,0.8,0.8,0.8,0.4,0.4,0.2,0.2,0.2,0.1,0.1,0.0,0.0,0.0,0.0,0.0,0.0,0.0,0.0,0.0,0.0,0.0,0.0,0.0,0.0,0.0,3.1,2.9,2.9,2.9,2.3,2.3,2.5,2.5,2.5,2.4,2.4,0.9,0.9,0.9,0.4,0.4,0.1,0.1,0.1,0.0,0.0,0.0,0.0,0.0,0.0,0.0,0.0,0.0,0.0,0.0,0.0,0.0,0.0,0.0,0.0,0.0,2.9,2.9,2.9,2.3,2.3,2.5,2.5,2.5,2.4,2.4,0.9,0.9,0.9,0.4,0.4,0.1,0.1,0.1,0.0,0.0,0.0,0.0,0.0,0.0,0.0,0.0,0.0,0.0,0.0,0.0,0.0,0.0,0.0,0.0,3.1,3.1,3.1,3.1,3.1,2.0,2.0,2.0,0.6,0.6,0.1,0.1,0.1,0.0,0.0,0.2,0.2,0.2,0.3,0.3,0.0,0.0,0.0,0.0,0.0,0.0,0.0,0.0,0.0,0.0,0.0,0.0,0.0,3.1,3.1,3.1,3.1,2.0,2.0,2.0,0.6,0.6,0.1,0.1,0.1,0.0,0.0,0.2,0.2,0.2,0.3,0.3,0.0,0.0,0.0,0.0,0.0,0.0,0.0,0.0,0.0,0.0,3.1,3.1,3.1,3.1,2.0,2.0,2.0,0.6,0.6,0.1,0.1,0.1,0.0,0.0,0.2,0.2,0.2,0.3,0.3,0.0,0.0,0.0,0.0,0.0,0.0,0.0,2.0,2.0,1.3,1.3,0.7,0.7,0.7,0.1,0.1,0.0,0.0,0.0,0.0,0.0,0.0,0.0,0.0,0.0,0.0,0.0,0.0,0.0,0.0,2.0,1.3,1.3,0.7,0.7,0.7,0.1,0.1,0.0,0.0,0.0,0.0,0.0,0.0,0.0,0.0,0.0,0.0,0.0,0.0,0.0,0.0,1.1,1.1,0.7,0.7,0.7,0.3,0.3,0.0,0.0,0.0,0.0,0.0,0.0,0.0,0.0,0.0,0.0,0.0,0.0,0.7,0.7,0.0,0.0,0.0,0.0,0.0,0.0,0.0,0.0
2026-10-08T08:00:00Z,2.5,2.7,2.7,0.9,0.9,0.9,0.8,0.8,0.8,2.1,2.5,2.5,2.5,2.7,2.7,0.9,0.9,0.9,0.8,0.8,0.8,0.5,2.7,2.1,2.1,2.5,2.5,2.5,2.7,2.7,0.9,0.9,0.9,0.8,0.8,0.5,0.5,1.9,1.9,1.5,1.5,1.5,1.5,1.5,1.0,1.0,0.8,0.8,0.8,0.6,0.6,0.5,0.5,0.5,1.9,1.9,1.9,1.5,1.5,1.5,1.5,1.5,1.0,1.0,0.8,0.8,0.8,0.6,0.6,0.5,0.5,0.5,2.6,2.2,2.2,2.2,1.6,1.6,1.1,1.1,1.1,1.0,1.0,0.6,0.6,0.6,0.3,0.3,0.2,0.2,0.2,0.0,0.0,0.0,0.0,0.0,0.0,0.1,0.0,2.6,2.2,2.2,2.2,1.6,1.6,1.1,1.1,1.1,1.0,1.0,0.6,0.6,0.6,0.3,0.3,0.2,0.2,0.2,0.1,0.0,0.0,0.0,0.0,0.0,0.0,0.0,0.0,0.0,0.0,2.6,2.2,2.2,2.2,1.6,1.6,1.1,1.1,1.1,1.0,1.0,0.6,0.6,0.6,0.3,0.3,0.2,0.2,0.2,0.1,0.0,0.0,0.0,0.0,0.0,0.0,0.0,0.0,0.0,0.0,0.0,0.0,3.0,1.8,1.8,1.8,1.4,1.4,1.6,1.6,1.6,0.7,0.7,0.4,0.4,0.4,0.2,0.2,0.1,0.1,0.1,0.1,0.1,0.0,0.0,0.0,0.0,0.0,0.0,0.0,0.0,0.0,0.0,0.0,0.0,0.0,3.0,3.0,1.8,1.8,1.8,1.4,1.4,1.6,1.6,1.6,0.7,0.7,0.4,0.4,0.4,0.2,0.2,0.1,0.1,0.1,0.1,0.1,0.0,0.0,0.0,0.0,0.0,0.0,0.0,0.0,0.0,0.0,0.0,0.0,0.0,2.4,2.4,1.8,1.8,1.8,1.8,1.8,1.2,1.2,1.2,0.6,0.6,0.4,0.4,0.4,0.3,0.3,0.1,0.1,0.1,0.0,0.0,0.0,0.0,0.0,0.0,0.0,0.0,0.0,0.0,0.0,0.0,0.0,0.0,0.0,0.0,3.6,2.4,2.4,1.8,1.8,1.8,1.8,1.8,1.2,1.2,1.2,0.6,0.6,0.4,0.4,0.4,0.3,0.3,0.1,0.1,0.1,0.0,0.0,0.0,0.0,0.0,0.0,0.0,0.0,0.0,0.0,0.0,0.0,0.0,0.0,0.0,0.0,0.0,3.6,2.4,2.4,1.8,1.8,1.8,1.8,1.8,1.2,1.2,1.2,0.6,0.6,0.4,0.4,0.4,0.3,0.3,0.1,0.1,0.1,0.0,0.0,0.0,0.0,0.0,0.0,0.0,0.0,0.0,0.0,0.0,0.0,0.0,0.0,0.0,0.0,0.0,3.7,3.0,3.0,1.9,1.9,1.9,1.4,1.4,1.1,1.1,1.1,0.8,0.8,0.4,0.4,0.4,0.3,0.3,0.2,0.2,0.2,0.1,0.1,0.0,0.0,0.0,0.0,0.0,0.0,0.0,0.0,0.0,0.0,0.0,0.0,0.0,0.0,0.0,3.7,3.0,3.0,1.9,1.9,1.9,1.4,1.4,1.1,1.1,1.1,0.8,0.8,0.4,0.4,0.4,0.3,0.3,0.2,0.2,0.2,0.1,0.1,0.0,0.0,0.0,0.0,0.0,0.0,0.0,0.0,0.0,0.0,0.0,0.0,0.0,0.0,0.0,4.3,2.8,2.8,2.3,2.3,2.3,2.0,2.0,1.6,1.6,1.6,1.3,1.3,0.8,0.8,0.8,0.4,0.4,0.2,0.2,0.2,0.1,0.1,0.0,0.0,0.0,0.0,0.0,0.0,0.0,0.0,0.0,0.0,0.0,0.0,0.0,0.0,0.0,4.3,2.8,2.8,2.3,2.3,2.3,2.0,2.0,1.6,1.6,1.6,1.3,1.3,0.8,0.8,0.8,0.4,0.4,0.2,0.2,0.2,0.1,0.1,0.0,0.0,0.0,0.0,0.0,0.0,0.0,0.0,0.0,0.0,0.0,0.0,0.0,0.0,0.0,2.8,2.8,2.3,2.3,2.3,2.0,2.0,1.6,1.6,1.6,1.3,1.3,0.8,0.8,0.8,0.4,0.4,0.2,0.2,0.2,0.1,0.1,0.0,0.0,0.0,0.0,0.0,0.0,0.0,0.0,0.0,0.0,0.0,0.0,0.0,0.0,0.0,3.1,2.9,2.9,2.9,2.3,2.3,2.5,2.5,2.5,2.4,2.4,0.9,0.9,0.9,0.4,0.4,0.1,0.1,0.1,0.0,0.0,0.0,0.0,0.0,0.0,0.0,0.0,0.0,0.0,0.0,0.0,0.0,0.0,0.0,0.0,0.0,2.9,2.9,2.9,2.3,2.3,2.5,2.5,2.5,2.4,2.4,0.9,0.9,0.9,0.4,0.4,0.1,0.1,0.1,0.0,0.0,0.0,0.0,0.0,0.0,0.0,0.0,0.0,0.0,0.0,0.0,0.0,0.0,0.0,0.0,3.1,3.1,3.1,3.1,3.1,2.0,2.0,2.0,0.6,0.6,0.1,0.1,0.1,0.0,0.0,0.2,0.2,0.2,0.3,0.3,0.0,0.0,0.0,0.0,0.0,0.0,0.0,0.0,0.0,0.0,0.0,0.0,0.0,3.1,3.1,3.1,3.1,2.0,2.0,2.0,0.6,0.6,0.1,0.1,0.1,0.0,0.0,0.2,0.2,0.2,0.3,0.3,0.0,0.0,0.0,0.0,0.0,0.0,0.0,0.0,0.0,0.0,3.1,3.1,3.1,3.1,2.0,2.0,2.0,0.6,0.6,0.1,0.1,0.1,0.0,0.0,0.2,0.2,0.2,0.3,0.3,0.0,0.0,0.0,0.0,0.0,0.0,0.0,2.0,2.0,1.3,1.3,0.7,0.7,0.7,0.1,0.1,0.0,0.0,0.0,0.0,0.0,0.0,0.0,0.0,0.0,0.0,0.0,0.0,0.0,0.0,2.0,1.3,1.3,0.7,0.7,0.7,0.1,0.1,0.0,0.0,0.0,0.0,0.0,0.0,0.0,0.0,0.0,0.0,0.0,0.0,0.0,0.0,1.1,1.1,0.7,0.7,0.7,0.3,0.3,0.0,0.0,0.0,0.0,0.0,0.0,0.0,0.0,0.0,0.0,0.0,0.0,0.7,0.7,0.0,0.0,0.0,0.0,0.0,0.0,0.0,0.0
2026-10-08T09:00:00Z,2.5,2.7,2.7,0.9,0.9,0.9,0.8,0.8,0.8,2.1,2.5,2.5,2.5,2.7,2.7,0.9,0.9,0.9,0.8,0.8,0.8,0.5,2.7,2.1,2.1,2.5,2.5,2.5,2.7,2.7,0.9,0.9,0.9,0.8,0.8,0.5,0.5,1.9,1.9,1.5,1.5,1.5,1.5,1.5,1.0,1.0,0.8,0.8,0.8,0.6,0.6,0.5,0.5,0.5,1.9,1.9,1.9,1.5,1.5,1.5,1.5,1.5,1.0,1.0,0.8,0.8,0.8,0.6,0.6,0.5,0.5,0.5,2.6,2.2,2.2,2.2,1.6,1.6,1.1,1.1,1.1,1.0,1.0,0.6,0.6,0.6,0.3,0.3,0.2,0.2,0.2,0.0,0.0,0.0,0.0,0.0,0.0,0.1,0.0,2.6,2.2,2.2,2.2,1.6,1.6,1.1,1.1,1.1,1.0,1.0,0.6,0.6,0.6,0.3,0.3,0.2,0.2,0.2,0.1,0.0,0.0,0.0,0.0,0.0,0.0,0.0,0.0,0.0,0.0,2.6,2.2,2.2,2.2,1.6,1.6,1.1,1.1,1.1,1.0,1.0,0.6,0.6,0.6,0.3,0.3,0.2,0.2,0.2,0.1,0.0,0.0,0.0,0.0,0.0,0.0,0.0,0.0,0.0,0.0,0.0,0.0,3.0,1.8,1.8,1.8,1.4,1.4,1.6,1.6,1.6,0.7,0.7,0.4,0.4,0.4,0.2,0.2,0.1,0.1,0.1,0.1,0.1,0.0,0.0,0.0,0.0,0.0,0.0,0.0,0.0,0.0,0.0,0.0,0.0,0.0,3.0,3.0,1.8,1.8,1.8,1.4,1.4,1.6,1.6,1.6,0.7,0.7,0.4,0.4,0.4,0.2,0.2,0.1,0.1,0.1,0.1,0.1,0.0,0.0,0.0,0.0,0.0,0.0,0.0,0.0,0.0,0.0,0.0,0.0,0.0,2.4,2.4,1.8,1.8,1.8,1.8,1.8,1.2,1.2,1.2,0.6,0.6,0.4,0.4,0.4,0.3,0.3,0.1,0.1,0.1,0.0,0.0,0.0,0.0,0.0,0.0,0.0,0.0,0.0,0.0,0.0,0.0,0.0,0.0,0.0,0.0,3.6,2.4,2.4,1.8,1.8,1.8,1.8,1.8,1.2,1.2,1.2,0.6,0.6,0.4,0.4,0.4,0.3,0.3,0.1,0.1,0.1,0.0,0.0,0.0,0.0,0.0,0.0,0.0,0.0,0.0,0.0,0.0,0.0,0.0,0.0,0.0,0.0,0.0,3.6,2.4,2.4,1.8,1.8,1.8,1.8,1.8,1.2,1.2,1.2,0.6,0.6,0.4,0.4,0.4,0.3,0.3,0.1,0.1,0.1,0.0,0.0,0.0,0.0,0.0,0.0,0.0,0.0,0.0,0.0,0.0,0.0,0.0,0.0,0.0,0.0,0.0,3.7,3.0,3.0,1.9,1.9,1.9,1.4,1.4,1.1,1.1,1.1,0.8,0.8,0.4,0.4,0.4,0.3,0.3,0.2,0.2,0.2,0.1,0.1,0.0,0.0,0.0,0.0,0.0,0.0,0.0,0.0,0.0,0.0,0.0,0.0,0.0,0.0,0.0,3.7,3.0,3.0,1.9,1.9,1.9,1.4,1.4,1.1,1.1,1.1,0.8,0.8,0.4,0.4,0.4,0.3,0.3,0.2,0.2,0.2,0.1,0.1,0.0,0.0,0.0,0.0,0.0,0.0,0.0,0.0,0.0,0.0,0.0,0.0,0.0,0.0,0.0,4.3,2.8,2.8,2.3,2.3,2.3,2.0,2.0,1.6,1.6,1.6,1.3,1.3,0.8,0.8,0.8,0.4,0.4,0.2,0.2,0.2,0.1,0.1,0.0,0.0,0.0,0.0,0.0,0.0,0.0,0.0,0.0,0.0,0.0,0.0,0.0,0.0,0.0,4.3,2.8,2.8,2.3,2.3,2.3,2.0,2.0,1.6,1.6,1.6,1.3,1.3,0.8,0.8,0.8,0.4,0.4,0.2,0.2,0.2,0.1,0.1,0.0,0.0,0.0,0.0,0.0,0.0,0.0,0.0,0.0,0.0,0.0,0.0,0.0,0.0,0.0,2.8,2.8,2.3,2.3,2.3,2.0,2.0,1.6,1.6,1.6,1.3,1.3,0.8,0.8,0.8,0.4,0.4,0.2,0.2,0.2,0.1,0.1,0.0,0.0,0.0,0.0,0.0,0.0,0.0,0.0,0.0,0.0,0.0,0.0,0.0,0.0,0.0,3.1,2.9,2.9,2.9,2.3,2.3,2.5,2.5,2.5,2.4,2.4,0.9,0.9,0.9,0.4,0.4,0.1,0.1,0.1,0.0,0.0,0.0,0.0,0.0,0.0,0.0,0.0,0.0,0.0,0.0,0.0,0.0,0.0,0.0,0.0,0.0,2.9,2.9,2.9,2.3,2.3,2.5,2.5,2.5,2.4,2.4,0.9,0.9,0.9,0.4,0.4,0.1,0.1,0.1,0.0,0.0,0.0,0.0,0.0,0.0,0.0,0.0,0.0,0.0,0.0,0.0,0.0,0.0,0.0,0.0,3.1,3.1,3.1,3.1,3.1,2.0,2.0,2.0,0.6,0.6,0.1,0.1,0.1,0.0,0.0,0.2,0.2,0.2,0.3,0.3,0.0,0.0,0.0,0.0,0.0,0.0,0.0,0.0,0.0,0.0,0.0,0.0,0.0,3.1,3.1,3.1,3.1,2.0,2.0,2.0,0.6,0.6,0.1,0.1,0.1,0.0,0.0,0.2,0.2,0.2,0.3,0.3,0.0,0.0,0.0,0.0,0.0,0.0,0.0,0.0,0.0,0.0,3.1,3.1,3.1,3.1,2.0,2.0,2.0,0.6,0.6,0.1,0.1,0.1,0.0,0.0,0.2,0.2,0.2,0.3,0.3,0.0,0.0,0.0,0.0,0.0,0.0,0.0,2.0,2.0,1.3,1.3,0.7,0.7,0.7,0.1,0.1,0.0,0.0,0.0,0.0,0.0,0.0,0.0,0.0,0.0,0.0,0.0,0.0,0.0,0.0,2.0,1.3,1.3,0.7,0.7,0.7,0.1,0.1,0.0,0.0,0.0,0.0,0.0,0.0,0.0,0.0,0.0,0.0,0.0,0.0,0.0,0.0,1.1,1.1,0.7,0.7,0.7,0.3,0.3,0.0,0.0,0.0,0.0,0.0,0.0,0.0,0.0,0.0,0.0,0.0,0.0,0.7,0.7,0.0,0.0,0.0,0.0,0.0,0.0,0.0,0.0
2026-10-08T10:00:00Z,0.0,0.1,0.1,0.3,0.3,0.3,0.4,0.4,0.4,0.0,0.0,0.0,0.0,0.1,0.1,0.3,0.3,0.3,0.4,0.4,0.4,1.3,0.0,0.0,0.0,0.0,0.0,0.0,0.1,0.1,0.3,0.3,0.3,0.4,0.4,1.3,1.3,0.0,0.0,0.1,0.1,0.4,0.4,0.4,0.9,0.9,1.2,1.2,1.2,1.3,1.3,1.3,1.3,1.3,0.0,0.0,0.0,0.1,0.1,0.4,0.4,0.4,0.9,0.9,1.2,1.2,1.2,1.3,1.3,1.3,1.3,1.3,0.1,0.4,0.4,0.4,1.0,1.0,1.5,1.5,1.5,1.6,1.6,1.6,1.6,1.6,1.3,1.3,1.1,1.1,1.1,0.5,0.2,0.2,0.1,0.1,0.1,0.1,0.0,0.1,0.4,0.4,0.4,1.0,1.0,1.5,1.5,1.5,1.6,1.6,1.6,1.6,1.6,1.3,1.3,1.1,1.1,1.1,0.7,0.5,0.5,0.2,0.2,0.1,0.1,0.1,0.1,0.0,0.0,0.1,0.4,0.4,0.4,1.0,1.0,1.5,1.5,1.5,1.6,1.6,1.6,1.6,1.6,1.3,1.3,1.1,1.1,1.1,0.7,0.5,0.5,0.5,0.2,0.2,0.1,0.1,0.1,0.1,0.1,0.1,0.0,0.7,1.2,1.2,1.2,1.4,1.4,1.9,1.9,1.9,1.5,1.5,1.6,1.6,1.6,1.1,1.1,1.0,1.0,1.0,0.7,0.7,0.3,0.3,0.3,0.2,0.2,0.1,0.1,0.1,0.1,0.1,0.1,0.0,0.0,0.7,0.7,1.2,1.2,1.2,1.4,1.4,1.9,1.9,1.9,1.5,1.5,1.6,1.6,1.6,1.1,1.1,1.0,1.0,1.0,0.7,0.7,0.3,0.3,0.3,0.2,0.2,0.1,0.1,0.1,0.1,0.1,0.1,0.0,0.0,3.2,3.2,3.1,3.1,3.1,2.9,2.9,2.6,2.6,2.6,2.4,2.4,2.2,2.2,2.2,1.9,1.9,1.2,1.2,1.2,0.6,0.6,0.4,0.4,0.4,0.4,0.4,0.4,0.4,0.4,0.1,0.1,0.0,0.0,0.0,0.0,2.2,3.2,3.2,3.1,3.1,3.1,2.9,2.9,2.6,2.6,2.6,2.4,2.4,2.2,2.2,2.2,1.9,1.9,1.2,1.2,1.2,0.6,0.6,0.4,0.4,0.4,0.4,0.4,0.4,0.4,0.4,0.1,0.1,0.0,0.0,0.0,0.0,0.0,2.2,3.2,3.2,3.1,3.1,3.1,2.9,2.9,2.6,2.6,2.6,2.4,2.4,2.2,2.2,2.2,1.9,1.9,1.2,1.2,1.2,0.6,0.6,0.4,0.4,0.4,0.4,0.4,0.4,0.4,0.4,0.1,0.1,0.0,0.0,0.0,0.0,0.0,4.6,4.0,4.0,3.7,3.7,3.7,4.0,4.0,3.5,3.5,3.5,2.5,2.5,2.5,2.5,2.5,2.1,2.1,1.3,1.3,1.3,0.8,0.8,0.8,0.8,0.8,0.7,0.7,0.5,0.5,0.5,0.2,0.2,0.0,0.0,0.0,0.0,0.0,4.6,4.0,4.0,3.7,3.7,3.7,4.0,4.0,3.5,3.5,3.5,2.5,2.5,2.5,2.5,2.5,2.1,2.1,1.3,1.3,1.3,0.8,0.8,0.8,0.8,0.8,0.7,0.7,0.5,0.5,0.5,0.2,0.2,0.0,0.0,0.0,0.0,0.0,4.4,5.0,5.0,5.5,5.5,5.5,4.9,4.9,4.1,4.1,4.1,3.1,3.1,3.1,3.1,3.1,2.3,2.3,1.3,1.3,1.3,1.4,1.4,1.2,1.2,1.2,1.0,1.0,1.1,1.1,1.1,0.5,0.5,0.0,0.0,0.0,0.0,0.0,4.4,5.0,5.0,5.5,5.5,5.5,4.9,4.9,4.1,4.1,4.1,3.1,3.1,3.1,3.1,3.1,2.3,2.3,1.3,1.3,1.3,1.4,1.4,1.2,1.2,1.2,1.0,1.0,1.1,1.1,1.1,0.5,0.5,0.0,0.0,0.0,0.0,0.0,5.0,5.0,5.5,5.5,5.5,4.9,4.9,4.1,4.1,4.1,3.1,3.1,3.1,3.1,3.1,2.3,2.3,1.3,1.3,1.3,1.4,1.4,1.2,1.2,1.2,1.0,1.0,1.1,1.1,1.1,0.5,0.5,0.0,0.0,0.0,0.0,0.0,6.2,6.3,6.3,6.3,5.4,5.4,4.6,4.6,4.6,3.6,3.6,3.0,3.0,3.0,1.7,1.7,1.6,1.6,1.6,1.4,1.4,1.4,1.4,1.4,1.4,1.4,1.7,1.7,1.7,0.5,0.5,0.0,0.0,0.0,0.0,0.0,6.3,6.3,6.3,5.4,5.4,4.6,4.6,4.6,3.6,3.6,3.0,3.0,3.0,1.7,1.7,1.6,1.6,1.6,1.4,1.4,1.4,1.4,1.4,1.4,1.4,1.7,1.7,1.7,0.5,0.5,0.0,0.0,0.0,0.0,5.9,5.9,5.9,5.1,5.1,3.9,3.9,3.9,2.5,2.5,2.1,2.1,2.1,1.6,1.6,0.6,0.6,0.6,0.6,0.6,1.2,1.2,1.2,2.5,2.5,1.6,1.6,1.6,0.8,0.8,0.0,0.0,0.0,5.9,5.9,5.1,5.1,3.9,3.9,3.9,2.5,2.5,2.1,2.1,2.1,1.6,1.6,0.6,0.6,0.6,0.6,0.6,1.2,1.2,1.2,2.5,2.5,1.6,1.6,1.6,0.8,0.8,5.9,5.9,5.1,5.1,3.9,3.9,3.9,2.5,2.5,2.1,2.1,2.1,1.6,1.6,0.6,0.6,0.6,0.6,0.6,1.2,1.2,1.2,2.5,2.5,1.6,1.6,4.8,4.8,4.3,4.3,3.7,3.7,3.7,2.8,2.8,2.2,2.2,2.2,1.2,1.2,1.7,1.7,1.7,1.2,1.2,1.0,1.0,1.0,1.3,4.8,4.3,4.3,3.7,3.7,3.7,2.8,2.8,2.2,2.2,2.2,1.2,1.2,1.7,1.7,1.7,1.2,1.2,1.0,1.0,1.0,1.3,3.9,3.9,2.8,2.8,2.8,2.2,2.2,1.7,1.7,1.7,1.7,1.7,1.1,1.1,1.1,0.7,0.7,0.7,0.7,2.8,2.8,1.7,1.7,1.1,1.1,1.1,0.7,0.7,0.7
2026-10-08T11:00:00Z,0.0,0.1,0.1,0.3,0.3,0.3,0.4,0.4,0.4,0.0,0.0,0.0,0.0,0.1,0.1,0.3,0.3,0.3,0.4,0.4,0.4,1.3,0.0,0.0,0.0,0.0,0.0,0.0,0.1,0.1,0.3,0.3,0.3,0.4,0.4,1.3,1.3,0.0,0.0,0.1,0.1,0.4,0.4,0.4,0.9,0.9,1.2,1.2,1.2,1.3,1.3,1.3,1.3,1.3,0.0,0.0,0.0,0.1,0.1,0.4,0.4,0.4,0.9,0.9,1.2,1.2,1.2,1.3,1.3,1.3,1.3,1.3,0.1,0.4,0.4,0.4,1.0,1.0,1.5,1.5,1.5,1.6,1.6,1.6,1.6,1.6,1.3,1.3,1.1,1.1,1.1,0.5,0.2,0.2,0.1,0.1,0.1,0.1,0.0,0.1,0.4,0.4,0.4,1.0,1.0,1.5,1.5,1.5,1.6,1.6,1.6,1.6,1.6,1.3,1.3,1.1,1.1,1.1,0.7,0.5,0.5,0.2,0.2,0.1,0.1,0.1,0.1,0.0,0.0,0.1,0.4,0.4,0.4,1.0,1.0,1.5,1.5,1.5,1.6,1.6,1.6,1.6,1.6,1.3,1.3,1.1,1.1,1.1,0.7,0.5,0.5,0.5,0.2,0.2,0.1,0.1,0.1,0.1,0.1,0.1,0.0,0.7,1.2,1.2,1.2,1.4,1.4,1.9,1.9,1.9,1.5,1.5,1.6,1.6,1.6,1.1,1.1,1.0,1.0,1.0,0.7,0.7,0.3,0.3,0.3,0.2,0.2,0.1,0.1,0.1,0.1,0.1,0.1,0.0,0.0,0.7,0.7,1.2,1.2,1.2,1.4,1.4,1.9,1.9,1.9,1.5,1.5,1.6,1.6,1.6,1.1,1.1,1.0,1.0,1.0,0.7,0.7,0.3,0.3,0.3,0.2,0.2,0.1,0.1,0.1,0.1,0.1,0.1,0.0,0.0,3.2,3.2,3.1,3.1,3.1,2.9,2.9,2.6,2.6,2.6,2.4,2.4,2.2,2.2,2.2,1.9,1.9,1.2,1.2,1.2,0.6,0.6,0.4,0.4,0.4,0.4,0.4,0.4,0.4,0.4,0.1,0.1,0.0,0.0,0.0,0.0,2.2,3.2,3.2,3.1,3.1,3.1,2.9,2.9,2.6,2.6,2.6,2.4,2.4,2.2,2.2,2.2,1.9,1.9,1.2,1.2,1.2,0.6,0.6,0.4,0.4,0.4,0.4,0.4,0.4,0.4,0.4,0.1,0.1,0.0,0.0,0.0,0.0,0.0,2.2,3.2,3.2,3.1,3.1,3.1,2.9,2.9,2.6,2.6,2.6,2.4,2.4,2.2,2.2,2.2,1.9,1.9,1.2,1.2,1.2,0.6,0.6,0.4,0.4,0.4,0.4,0.4,0.4,0.4,0.4,0.1,0.1,0.0,0.0,0.0,0.0,0.0,4.6,4.0,4.0,3.7,3.7,3.7,4.0,4.0,3.5,3.5,3.5,2.5,2.5,2.5,2.5,2.5,2.1,2.1,1.3,1.3,1.3,0.8,0.8,0.8,0.8,0.8,0.7,0.7,0.5,0.5,0.5,0.2,0.2,0.0,0.0,0.0,0.0,0.0,4.6,4.0,4.0,3.7,3.7,3.7,4.0,4.0,3.5,3.5,3.5,2.5,2.5,2.5,2.5,2.5,2.1,2.1,1.3,1.3,1.3,0.8,0.8,0.8,0.8,0.8,0.7,0.7,0.5,0.5,0.5,0.2,0.2,0.0,0.0,0.0,0.0,0.0,4.4,5.0,5.0,5.5,5.5,5.5,4.9,4.9,4.1,4.1,4.1,3.1,3.1,3.1,3.1,3.1,2.3,2.3,1.3,1.3,1.3,1.4,1.4,1.2,1.2,1.2,1.0,1.0,1.1,1.1,1.1,0.5,0.5,0.0,0.0,0.0,0.0,0.0,4.4,5.0,5.0,5.5,5.5,5.5,4.9,4.9,4.1,4.1,4.1,3.1,3.1,3.1,3.1,3.1,2.3,2.3,1.3,1.3,1.3,1.4,1.4,1.2,1.2,1.2,1.0,1.0,1.1,1.1,1.1,0.5,0.5,0.0,0.0,0.0,0.0,0.0,5.0,5.0,5.5,5.5,5.5,4.9,4.9,4.1,4.1,4.1,3.1,3.1,3.1,3.1,3.1,2.3,2.3,1.3,1.3,1.3,1.4,1.4,1.2,1.2,1.2,1.0,1.0,1.1,1.1,1.1,0.5,0.5,0.0,0.0,0.0,0.0,0.0,6.2,6.3,6.3,6.3,5.4,5.4,4.6,4.6,4.6,3.6,3.6,3.0,3.0,3.0,1.7,1.7,1.6,1.6,1.6,1.4,1.4,1.4,1.4,1.4,1.4,1.4,1.7,1.7,1.7,0.5,0.5,0.0,0.0,0.0,0.0,0.0,6.3,6.3,6.3,5.4,5.4,4.6,4.6,4.6,3.6,3.6,3.0,3.0,3.0,1.7,1.7,1.6,1.6,1.6,1.4,1.4,1.4,1.4,1.4,1.4,1.4,1.7,1.7,1.7,0.5,0.5,0.0,0.0,0.0,0.0,5.9,5.9,5.9,5.1,5.1,3.9,3.9,3.9,2.5,2.5,2.1,2.1,2.1,1.6,1.6,0.6,0.6,0.6,0.6,0.6,1.2,1.2,1.2,2.5,2.5,1.6,1.6,1.6,0.8,0.8,0.0,0.0,0.0,5.9,5.9,5.1,5.1,3.9,3.9,3.9,2.5,2.5,2.1,2.1,2.1,1.6,1.6,0.6,0.6,0.6,0.6,0.6,1.2,1.2,1.2,2.5,2.5,1.6,1.6,1.6,0.8,0.8,5.9,5.9,5.1,5.1,3.9,3.9,3.9,2.5,2.5,2.1,2.1,2.1,1.6,1.6,0.6,0.6,0.6,0.6,0.6,1.2,1.2,1.2,2.5,2.5,1.6,1.6,4.8,4.8,4.3,4.3,3.7,3.7,3.7,2.8,2.8,2.2,2.2,2.2,1.2,1.2,1.7,1.7,1.7,1.2,1.2,1.0,1.0,1.0,1.3,4.8,4.3,4.3,3.7,3.7,3.7,2.8,2.8,2.2,2.2,2.2,1.2,1.2,1.7,1.7,1.7,1.2,1.2,1.0,1.0,1.0,1.3,3.9,3.9,2.8,2.8,2.8,2.2,2.2,1.7,1.7,1.7,1.7,1.7,1.1,1.1,1.1,0.7,0.7,0.7,0.7,2.8,2.8,1.7,1.7,1.1,1.1,1.1,0.7,0.7,0.7
2026-10-08T12:00:00Z,0.0,0.1,0.1,0.3,0.3,0.3,0.4,0.4,0.4,0.0,0.0,0.0,0.0,0.1,0.1,0.3,0.3,0.3,0.4,0.4,0.4,1.3,0.0,0.0,0.0,0.0,0.0,0.0,0.1,0.1,0.3,0.3,0.3,0.4,0.4,1.3,1.3,0.0,0.0,0.1,0.1,0.4,0.4,0.4,0.9,0.9,1.2,1.2,1.2,1.3,1.3,1.3,1.3,1.3,0.0,0.0,0.0,0.1,0.1,0.4,0.4,0.4,0.9,0.9,1.2,1.2,1.2,1.3,1.3,1.3,1.3,1.3,0.1,0.4,0.4,0.4,1.0,1.0,1.5,1.5,1.5,1.6,1.6,1.6,1.6,1.6,1.3,1.3,1.1,1.1,1.1,0.5,0.2,0.2,0.1,0.1,0.1,0.1,0.0,0.1,0.4,0.4,0.4,1.0,1.0,1.5,1.5,1.5,1.6,1.6,1.6,1.6,1.6,1.3,1.3,1.1,1.1,1.1,0.7,0.5,0.5,0.2,0.2,0.1,0.1,0.1,0.1,0.0,0.0,0.1,0.4,0.4,0.4,1.0,1.0,1.5,1.5,1.5,1.6,1.6,1.6,1.6,1.6,1.3,1.3,1.1,1.1,1.1,0.7,0.5,0.5,0.5,0.2,0.2,0.1,0.1,0.1,0.1,0.1,0.1,0.0,0.7,1.2,1.2,1.2,1.4,1.4,1.9,1.9,1.9,1.5,1.5,1.6,1.6,1.6,1.1,1.1,1.0,1.0,1.0,0.7,0.7,0.3,0.3,0.3,0.2,0.2,0.1,0.1,0.1,0.1,0.1,0.1,0.0,0.0,0.7,0.7,1.2,1.2,1.2,1.4,1.4,1.9,1.9,1.9,1.5,1.5,1.6,1.6,1.6,1.1,1.1,1.0,1.0,1.0,0.7,0.7,0.3,0.3,0.3,0.2,0.2,0.1,0.1,0.1,0.1,0.1,0.1,0.0,0.0,3.2,3.2,3.1,3.1,3.1,2.9,2.9,2.6,2.6,2.6,2.4,2.4,2.2,2.2,2.2,1.9,1.9,1.2,1.2,1.2,0.6,0.6,0.4,0.4,0.4,0.4,0.4,0.4,0.4,0.4,0.1,0.1,0.0,0.0,0.0,0.0,2.2,3.2,3.2,3.1,3.1,3.1,2.9,2.9,2.6,2.6,2.6,2.4,2.4,2.2,2.2,2.2,1.9,1.9,1.2,1.2,1.2,0.6,0.6,0.4,0.4,0.4,0.4,0.4,0.4,0.4,0.4,0.1,0.1,0.0,0.0,0.0,0.0,0.0,2.2,3.2,3.2,3.1,3.1,3.1,2.9,2.9,2.6,2.6,2.6,2.4,2.4,2.2,2.2,2.2,1.9,1.9,1.2,1.2,1.2,0.6,0.6,0.4,0.4,0.4,0.4,0.4,0.4,0.4,0.4,0.1,0.1,0.0,0.0,0.0,0.0,0.0,4.6,4.0,4.0,3.7,3.7,3.7,4.0,4.0,3.5,3.5,3.5,2.5,2.5,2.5,2.5,2.5,2.1,2.1,1.3,1.3,1.3,0.8,0.8,0.8,0.8,0.8,0.7,0.7,0.5,0.5,0.5,0.2,0.2,0.0,0.0,0.0,0.0,0.0,4.6,4.0,4.0,3.7,3.7,3.7,4.0,4.0,3.5,3.5,3.5,2.5,2.5,2.5,2.5,2.5,2.1,2.1,1.3,1.3,1.3,0.8,0.8,0.8,0.8,0.8,0.7,0.7,0.5,0.5,0.5,0.2,0.2,0.0,0.0,0.0,0.0,0.0,4.4,5.0,5.0,5.5,5.5,5.5,4.9,4.9,4.1,4.1,4.1,3.1,3.1,3.1,3.1,3.1,2.3,2.3,1.3,1.3,1.3,1.4,1.4,1.2,1.2,1.2,1.0,1.0,1.1,1.1,1.1,0.5,0.5,0.0,0.0,0.0,0.0,0.0,4.4,5.0,5.0,5.5,5.5,5.5,4.9,4.9,4.1,4.1,4.1,3.1,3.1,3.1,3.1,3.1,2.3,2.3,1.3,1.3,1.3,1.4,1.4,1.2,1.2,1.2,1.0,1.0,1.1,1.1,1.1,0.5,0.5,0.0,0.0,0.0,0.0,0.0,5.0,5.0,5.5,5.5,5.5,4.9,4.9,4.1,4.1,4.1,3.1,3.1,3.1,3.1,3.1,2.3,2.3,1.3,1.3,1.3,1.4,1.4,1.2,1.2,1.2,1.0,1.0,1.1,1.1,1.1,0.5,0.5,0.0,0.0,0.0,0.0,0.0,6.2,6.3,6.3,6.3,5.4,5.4,4.6,4.6,4.6,3.6,3.6,3.0,3.0,3.0,1.7,1.7,1.6,1.6,1.6,1.4,1.4,1.4,1.4,1.4,1.4,1.4,1.7,1.7,1.7,0.5,0.5,0.0,0.0,0.0,0.0,0.0,6.3,6.3,6.3,5.4,5.4,4.6,4.6,4.6,3.6,3.6,3.0,3.0,3.0,1.7,1.7,1.6,1.6,1.6,1.4,1.4,1.4,1.4,1.4,1.4,1.4,1.7,1.7,1.7,0.5,0.5,0.0,0.0,0.0,0.0,5.9,5.9,5.9,5.1,5.1,3.9,3.9,3.9,2.5,2.5,2.1,2.1,2.1,1.6,1.6,0.6,0.6,0.6,0.6,0.6,1.2,1.2,1.2,2.5,2.5,1.6,1.6,1.6,0.8,0.8,0.0,0.0,0.0,5.9,5.9,5.1,5.1,3.9,3.9,3.9,2.5,2.5,2.1,2.1,2.1,1.6,1.6,0.6,0.6,0.6,0.6,0.6,1.2,1.2,1.2,2.5,2.5,1.6,1.6,1.6,0.8,0.8,5.9,5.9,5.1,5.1,3.9,3.9,3.9,2.5,2.5,2.1,2.1,2.1,1.6,1.6,0.6,0.6,0.6,0.6,0.6,1.2,1.2,1.2,2.5,2.5,1.6,1.6,4.8,4.8,4.3,4.3,3.7,3.7,3.7,2.8,2.8,2.2,2.2,2.2,1.2,1.2,1.7,1.7,1.7,1.2,1.2,1.0,1.0,1.0,1.3,4.8,4.3,4.3,3.7,3.7,3.7,2.8,2.8,2.2,2.2,2.2,1.2,1.2,1.7,1.7,1.7,1.2,1.2,1.0,1.0,1.0,1.3,3.9,3.9,2.8,2.8,2.8,2.2,2.2,1.7,1.7,1.7,1.7,1.7,1.1,1.1,1.1,0.7,0.7,0.7,0.7,2.8,2.8,1.7,1.7,1.1,1.1,1.1,0.7,0.7,0.7
2026-10-08T13:00:00Z,0.0,0.0,0.0,0.0,0.0,0.0,0.0,0.0,0.0,0.0,0.0,0.0,0.0,0.0,0.0,0.0,0.0,0.0,0.0,0.0,0.0,0.1,0.0,0.0,0.0,0.0,0.0,0.0,0.0,0.0,0.0,0.0,0.0,0.0,0.0,0.1,0.1,0.0,0.0,0.0,0.0,0.0,0.0,0.0,0.0,0.0,0.0,0.0,0.0,0.0,0.0,0.1,0.1,0.1,0.0,0.0,0.0,0.0,0.0,0.0,0.0,0.0,0.0,0.0,0.0,0.0,0.0,0.0,0.0,0.1,0.1,0.1,0.0,0.0,0.0,0.0,0.0,0.0,0.0,0.0,0.0,0.0,0.0,0.1,0.1,0.1,0.1,0.1,0.4,0.4,0.4,0.8,0.7,0.7,0.7,0.7,0.7,0.6,0.4,0.0,0.0,0.0,0.0,0.0,0.0,0.0,0.0,0.0,0.0,0.0,0.1,0.1,0.1,0.1,0.1,0.4,0.4,0.4,0.7,0.8,0.8,0.7,0.7,0.7,0.7,0.7,0.7,0.4,0.2,0.0,0.0,0.0,0.0,0.0,0.0,0.0,0.0,0.0,0.0,0.0,0.1,0.1,0.1,0.1,0.1,0.4,0.4,0.4,0.7,0.8,0.8,0.8,0.7,0.7,0.7,0.7,0.7,0.3,0.3,0.3,0.2,0.0,0.0,0.0,0.0,0.1,0.1,0.1,0.1,0.1,0.2,0.2,0.4,0.4,0.4,0.7,0.7,1.1,1.1,1.1,1.3,1.3,1.2,1.2,1.2,1.1,1.1,0.9,0.9,0.9,0.3,0.3,0.3,0.1,0.1,0.0,0.0,0.0,0.0,0.0,0.1,0.1,0.1,0.1,0.1,0.2,0.2,0.4,0.4,0.4,0.7,0.7,1.1,1.1,1.1,1.3,1.3,1.2,1.2,1.2,1.1,1.1,0.9,0.9,0.9,0.3,0.3,0.3,0.2,0.2,0.1,0.1,0.1,0.1,0.1,0.3,0.3,0.5,0.5,0.5,1.0,1.0,1.7,1.7,1.7,2.1,2.1,2.7,2.7,2.7,2.4,2.4,1.9,1.9,1.9,1.4,1.4,0.8,0.8,0.8,0.4,0.4,0.2,0.2,0.2,0.2,0.1,0.1,0.1,0.1,0.1,0.1,0.3,0.3,0.5,0.5,0.5,1.0,1.0,1.7,1.7,1.7,2.1,2.1,2.7,2.7,2.7,2.4,2.4,1.9,1.9,1.9,1.4,1.4,0.8,0.8,0.8,0.4,0.4,0.2,0.2,0.2,0.2,0.2,0.1,0.1,0.1,0.1,0.1,0.1,0.3,0.3,0.5,0.5,0.5,1.0,1.0,1.7,1.7,1.7,2.1,2.1,2.7,2.7,2.7,2.4,2.4,1.9,1.9,1.9,1.4,1.4,0.8,0.8,0.8,0.4,0.4,0.2,0.2,0.2,0.2,0.2,0.1,0.1,0.1,0.2,0.2,0.2,0.4,0.4,0.7,0.7,0.7,1.4,1.4,1.9,1.9,1.9,2.3,2.3,2.2,2.2,2.2,2.1,2.1,1.6,1.6,1.6,0.9,0.9,0.5,0.5,0.5,0.5,0.5,0.3,0.3,0.3,0.2,0.2,0.1,0.1,0.1,0.2,0.2,0.2,0.4,0.4,0.7,0.7,0.7,1.4,1.4,1.9,1.9,1.9,2.3,2.3,2.2,2.2,2.2,2.1,2.1,1.6,1.6,1.6,0.9,0.9,0.5,0.5,0.5,0.5,0.5,0.3,0.3,0.3,0.2,0.2,0.1,0.2,0.2,0.3,0.3,0.3,0.5,0.5,1.1,1.1,1.1,1.6,1.6,1.7,1.7,1.7,1.5,1.5,1.7,1.7,1.7,1.7,1.7,1.0,1.0,1.0,0.6,0.6,0.4,0.4,0.4,0.6,0.6,0.4,0.4,0.4,0.2,0.2,0.1,0.2,0.2,0.3,0.3,0.3,0.5,0.5,1.1,1.1,1.1,1.6,1.6,1.7,1.7,1.7,1.5,1.5,1.7,1.7,1.7,1.7,1.7,1.0,1.0,1.0,0.6,0.6,0.4,0.4,0.4,0.6,0.6,0.4,0.4,0.4,0.2,0.2,0.2,0.2,0.3,0.3,0.3,0.5,0.5,1.1,1.1,1.1,1.6,1.6,1.7,1.7,1.7,1.5,1.5,1.7,1.7,1.7,1.7,1.7,1.0,1.0,1.0,0.6,0.6,0.4,0.4,0.4,0.6,0.6,0.5,0.4,0.4,0.2,0.2,0.4,0.5,0.5,0.5,0.9,0.9,1.0,1.0,1.0,1.3,1.3,1.3,1.3,1.3,1.3,1.3,1.4,1.4,1.4,1.2,1.2,0.9,0.9,0.9,0.6,0.6,0.4,0.4,0.4,0.7,0.7,0.5,0.5,0.5,0.2,0.2,0.5,0.5,0.5,0.9,0.9,1.0,1.0,1.0,1.3,1.3,1.3,1.3,1.3,1.3,1.3,1.4,1.4,1.4,1.2,1.2,0.9,0.9,0.9,0.6,0.6,0.4,0.4,0.4,0.7,0.7,0.5,0.5,0.5,0.5,1.4,1.4,1.4,1.4,1.4,1.5,1.5,1.5,1.7,1.7,1.7,1.7,1.7,1.9,1.9,1.6,1.6,1.6,1.1,1.1,0.8,0.8,0.8,0.7,0.7,0.5,0.5,0.5,1.0,1.0,0.5,0.5,0.5,1.4,1.4,1.4,1.4,1.5,1.5,1.5,1.7,1.7,1.7,1.7,1.7,1.9,1.9,1.6,1.6,1.6,1.1,1.1,0.8,0.8,0.8,0.7,0.7,0.5,0.5,0.5,1.0,1.0,1.4,1.4,1.4,1.4,1.5,1.5,1.5,1.7,1.7,1.7,1.7,1.7,1.9,1.9,1.6,1.6,1.6,1.1,1.1,0.8,0.8,0.8,0.7,0.7,0.5,0.5,3.2,3.2,2.6,2.6,2.5,2.5,2.5,2.6,2.6,2.6,2.6,2.6,2.0,2.0,1.6,1.6,1.6,1.3,1.3,1.0,1.0,1.0,0.7,3.2,2.6,2.6,2.5,2.5,2.5,2.6,2.6,2.6,2.6,2.6,2.0,2.0,1.6,1.6,1.6,1.3,1.3,1.0,1.0,1.0,0.7,4.9,4.9,4.4,4.4,4.4,4.0,4.0,3.3,3.3,3.3,2.6,2.6,2.0,2.0,2.0,1.5,1.5,1.1,1.1,4.4,4.4,2.6,2.6,2.0,2.0,2.0,1.5,1.5,1.1
2026-10-08T14:00:00Z,0.0,0.0,0.0,0.0,0.0,0.0,0.0,0.0,0.0,0.0,0.0,0.0,0.0,0.0,0.0,0.0,0.0,0.0,0.0,0.0,0.0,0.1,0.0,0.0,0.0,0.0,0.0,0.0,0.0,0.0,0.0,0.0,0.0,0.0,0.0,0.1,0.1,0.0,0.0,0.0,0.0,0.0,0.0,0.0,0.0,0.0,0.0,0.0,0.0,0.0,0.0,0.1,0.1,0.1,0.0,0.0,0.0,0.0,0.0,0.0,0.0,0.0,0.0,0.0,0.0,0.0,0.0,0.0,0.0,0.1,0.1,0.1,0.0,0.0,0.0,0.0,0.0,0.0,0.0,0.0,0.0,0.0,0.0,0.1,0.1,0.1,0.1,0.1,0.4,0.4,0.4,0.8,0.7,0.7,0.7,0.7,0.7,0.6,0.4,0.0,0.0,0.0,0.0,0.0,0.0,0.0,0.0,0.0,0.0,0.0,0.1,0.1,0.1,0.1,0.1,0.4,0.4,0.4,0.7,0.8,0.8,0.7,0.7,0.7,0.7,0.7,0.7,0.4,0.2,0.0,0.0,0.0,0.0,0.0,0.0,0.0,0.0,0.0,0.0,0.0,0.1,0.1,0.1,0.1,0.1,0.4,0.4,0.4,0.7,0.8,0.8,0.8,0.7,0.7,0.7,0.7,0.7,0.3,0.3,0.3,0.2,0.0,0.0,0.0,0.0,0.1,0.1,0.1,0.1,0.1,0.2,0.2,0.4,0.4,0.4,0.7,0.7,1.1,1.1,1.1,1.3,1.3,1.2,1.2,1.2,1.1,1.1,0.9,0.9,0.9,0.3,0.3,0.3,0.1,0.1,0.0,0.0,0.0,0.0,0.0,0.1,0.1,0.1,0.1,0.1,0.2,0.2,0.4,0.4,0.4,0.7,0.7,1.1,1.1,1.1,1.3,1.3,1.2,1.2,1.2,1.1,1.1,0.9,0.9,0.9,0.3,0.3,0.3,0.2,0.2,0.1,0.1,0.1,0.1,0.1,0.3,0.3,0.5,0.5,0.5,1.0,1.0,1.7,1.7,1.7,2.1,2.1,2.7,2.7,2.7,2.4,2.4,1.9,1.9,1.9,1.4,1.4,0.8,0.8,0.8,0.4,0.4,0.2,0.2,0.2,0.2,0.1,0.1,0.1,0.1,0.1,0.1,0.3,0.3,0.5,0.5,0.5,1.0,1.0,1.7,1.7,1.7,2.1,2.1,2.7,2.7,2.7,2.4,2.4,1.9,1.9,1.9,1.4,1.4,0.8,0.8,0.8,0.4,0.4,0.2,0.2,0.2,0.2,0.2,0.1,0.1,0.1,0.1,0.1,0.1,0.3,0.3,0.5,0.5,0.5,1.0,1.0,1.7,1.7,1.7,2.1,2.1,2.7,2.7,2.7,2.4,2.4,1.9,1.9,1.9,1.4,1.4,0.8,0.8,0.8,0.4,0.4,0.2,0.2,0.2,0.2,0.2,0.1,0.1,0.1,0.2,0.2,0.2,0.4,0.4,0.7,0.7,0.7,1.4,1.4,1.9,1.9,1.9,2.3,2.3,2.2,2.2,2.2,2.1,2.1,1.6,1.6,1.6,0.9,0.9,0.5,0.5,0.5,0.5,0.5,0.3,0.3,0.3,0.2,0.2,0.1,0.1,0.1,0.2,0.2,0.2,0.4,0.4,0.7,0.7,0.7,1.4,1.4,1.9,1.9,1.9,2.3,2.3,2.2,2.2,2.2,2.1,2.1,1.6,1.6,1.6,0.9,0.9,0.5,0.5,0.5,0.5,0.5,0.3,0.3,0.3,0.2,0.2,0.1,0.2,0.2,0.3,0.3,0.3,0.5,0.5,1.1,1.1,1.1,1.6,1.6,1.7,1.7,1.7,1.5,1.5,1.7,1.7,1.7,1.7,1.7,1.0,1.0,1.0,0.6,0.6,0.4,0.4,0.4,0.6,0.6,0.4,0.4,0.4,0.2,0.2,0.1,0.2,0.2,0.3,0.3,0.3,0.5,0.5,1.1,1.1,1.1,1.6,1.6,1.7,1.7,1.7,1.5,1.5,1.7,1.7,1.7,1.7,1.7,1.0,1.0,1.0,0.6,0.6,0.4,0.4,0.4,0.6,0.6,0.4,0.4,0.4,0.2,0.2,0.2,0.2,0.3,0.3,0.3,0.5,0.5,1.1,1.1,1.1,1.6,1.6,1.7,1.7,1.7,1.5,1.5,1.7,1.7,1.7,1.7,1.7,1.0,1.0,1.0,0.6,0.6,0.4,0.4,0.4,0.6,0.6,0.5,0.4,0.4,0.2,0.2,0.4,0.5,0.5,0.5,0.9,0.9,1.0,1.0,1.0,1.3,1.3,1.3,1.3,1.3,1.3,1.3,1.4,1.4,1.4,1.2,1.2,0.9,0.9,0.9,0.6,0.6,0.4,0.4,0.4,0.7,0.7,0.5,0.5,0.5,0.2,0.2,0.5,0.5,0.5,0.9,0.9,1.0,1.0,1.0,1.3,1.3,1.3,1.3,1.3,1.3,1.3,1.4,1.4,1.4,1.2,1.2,0.9,0.9,0.9,0.6,0.6,0.4,0.4,0.4,0.7,0.7,0.5,0.5,0.5,0.5,1.4,1.4,1.4,1.4,1.4,1.5,1.5,1.5,1.7,1.7,1.7,1.7,1.7,1.9,1.9,1.6,1.6,1.6,1.1,1.1,0.8,0.8,0.8,0.7,0.7,0.5,0.5,0.5,1.0,1.0,0.5,0.5,0.5,1.4,1.4,1.4,1.4,1.5,1.5,1.5,1.7,1.7,1.7,1.7,1.7,1.9,1.9,1.6,1.6,1.6,1.1,1.1,0.8,0.8,0.8,0.7,0.7,0.5,0.5,0.5,1.0,1.0,1.4,1.4,1.4,1.4,1.5,1.5,1.5,1.7,1.7,1.7,1.7,1.7,1.9,1.9,1.6,1.6,1.6,1.1,1.1,0.8,0.8,0.8,0.7,0.7,0.5,0.5,3.2,3.2,2.6,2.6,2.5,2.5,2.5,2.6,2.6,2.6,2.6,2.6,2.0,2.0,1.6,1.6,1.6,1.3,1.3,1.0,1.0,1.0,0.7,3.2,2.6,2.6,2.5,2.5,2.5,2.6,2.6,2.6,2.6,2.6,2.0,2.0,1.6,1.6,1.6,1.3,1.3,1.0,1.0,1.0,0.7,4.9,4.9,4.4,4.4,4.4,4.0,4.0,3.3,3.3,3.3,2.6,2.6,2.0,2.0,2.0,1.5,1.5,1.1,1.1,4.4,4.4,2.6,2.6,2.0,2.0,2.0,1.5,1.5,1.1
2026-10-08T15:00:00Z,0.0,0.0,0.0,0.0,0.0,0.0,0.0,0.0,0.0,0.0,0.0,0.0,0.0,0.0,0.0,0.0,0.0,0.0,0.0,0.0,0.0,0.1,0.0,0.0,0.0,0.0,0.0,0.0,0.0,0.0,0.0,0.0,0.0,0.0,0.0,0.1,0.1,0.0,0.0,0.0,0.0,0.0,0.0,0.0,0.0,0.0,0.0,0.0,0.0,0.0,0.0,0.1,0.1,0.1,0.0,0.0,0.0,0.0,0.0,0.0,0.0,0.0,0.0,0.0,0.0,0.0,0.0,0.0,0.0,0.1,0.1,0.1,0.0,0.0,0.0,0.0,0.0,0.0,0.0,0.0,0.0,0.0,0.0,0.1,0.1,0.1,0.1,0.1,0.4,0.4,0.4,0.8,0.7,0.7,0.7,0.7,0.7,0.6,0.4,0.0,0.0,0.0,0.0,0.0,0.0,0.0,0.0,0.0,0.0,0.0,0.1,0.1,0.1,0.1,0.1,0.4,0.4,0.4,0.7,0.8,0.8,0.7,0.7,0.7,0.7,0.7,0.7,0.4,0.2,0.0,0.0,0.0,0.0,0.0,0.0,0.0,0.0,0.0,0.0,0.0,0.1,0.1,0.1,0.1,0.1,0.4,0.4,0.4,0.7,0.8,0.8,0.8,0.7,0.7,0.7,0.7,0.7,0.3,0.3,0.3,0.2,0.0,0.0,0.0,0.0,0.1,0.1,0.1,0.1,0.1,0.2,0.2,0.4,0.4,0.4,0.7,0.7,1.1,1.1,1.1,1.3,1.3,1.2,1.2,1.2,1.1,1.1,0.9,0.9,0.9,0.3,0.3,0.3,0.1,0.1,0.0,0.0,0.0,0.0,0.0,0.1,0.1,0.1,0.1,0.1,0.2,0.2,0.4,0.4,0.4,0.7,0.7,1.1,1.1,1.1,1.3,1.3,1.2,1.2,1.2,1.1,1.1,0.9,0.9,0.9,0.3,0.3,0.3,0.2,0.2,0.1,0.1,0.1,0.1,0.1,0.3,0.3,0.5,0.5,0.5,1.0,1.0,1.7,1.7,1.7,2.1,2.1,2.7,2.7,2.7,2.4,2.4,1.9,1.9,1.9,1.4,1.4,0.8,0.8,0.8,0.4,0.4,0.2,0.2,0.2,0.2,0.1,0.1,0.1,0.1,0.1,0.1,0.3,0.3,0.5,0.5,0.5,1.0,1.0,1.7,1.7,1.7,2.1,2.1,2.7,2.7,2.7,2.4,2.4,1.9,1.9,1.9,1.4,1.4,0.8,0.8,0.8,0.4,0.4,0.2,0.2,0.2,0.2,0.2,0.1,0.1,0.1,0.1,0.1,0.1,0.3,0.3,0.5,0.5,0.5,1.0,1.0,1.7,1.7,1.7,2.1,2.1,2.7,2.7,2.7,2.4,2.4,1.9,1.9,1.9,1.4,1.4,0.8,0.8,0.8,0.4,0.4,0.2,0.2,0.2,0.2,0.2,0.1,0.1,0.1,0.2,0.2,0.2,0.4,0.4,0.7,0.7,0.7,1.4,1.4,1.9,1.9,1.9,2.3,2.3,2.2,2.2,2.2,2.1,2.1,1.6,1.6,1.6,0.9,0.9,0.5,0.5,0.5,0.5,0.5,0.3,0.3,0.3,0.2,0.2,0.1,0.1,0.1,0.2,0.2,0.2,0.4,0.4,0.7,0.7,0.7,1.4,1.4,1.9,1.9,1.9,2.3,2.3,2.2,2.2,2.2,2.1,2.1,1.6,1.6,1.6,0.9,0.9,0.5,0.5,0.5,0.5,0.5,0.3,0.3,0.3,0.2,0.2,0.1,0.2,0.2,0.3,0.3,0.3,0.5,0.5,1.1,1.1,1.1,1.6,1.6,1.7,1.7,1.7,1.5,1.5,1.7,1.7,1.7,1.7,1.7,1.0,1.0,1.0,0.6,0.6,0.4,0.4,0.4,0.6,0.6,0.4,0.4,0.4,0.2,0.2,0.1,0.2,0.2,0.3,0.3,0.3,0.5,0.5,1.1,1.1,1.1,1.6,1.6,1.7,1.7,1.7,1.5,1.5,1.7,1.7,1.7,1.7,1.7,1.0,1.0,1.0,0.6,0.6,0.4,0.4,0.4,0.6,0.6,0.4,0.4,0.4,0.2,0.2,0.2,0.2,0.3,0.3,0.3,0.5,0.5,1.1,1.1,1.1,1.6,1.6,1.7,1.7,1.7,1.5,1.5,1.7,1.7,1.7,1.7,1.7,1.0,1.0,1.0,0.6,0.6,0.4,0.4,0.4,0.6,0.6,0.5,0.4,0.4,0.2,0.2,0.4,0.5,0.5,0.5,0.9,0.9,1.0,1.0,1.0,1.3,1.3,1.3,1.3,1.3,1.3,1.3,1.4,1.4,1.4,1.2,1.2,0.9,0.9,0.9,0.6,0.6,0.4,0.4,0.4,0.7,0.7,0.5,0.5,0.5,0.2,0.2,0.5,0.5,0.5,0.9,0.9,1.0,1.0,1.0,1.3,1.3,1.3,1.3,1.3,1.3,1.3,1.4,1.4,1.4,1.2,1.2,0.9,0.9,0.9,0.6,0.6,0.4,0.4,0.4,0.7,0.7,0.5,0.5,0.5,0.5,1.4,1.4,1.4,1.4,1.4,1.5,1.5,1.5,1.7,1.7,1.7,1.7,1.7,1.9,1.9,1.6,1.6,1.6,1.1,1.1,0.8,0.8,0.8,0.7,0.7,0.5,0.5,0.5,1.0,1.0,0.5,0.5,0.5,1.4,1.4,1.4,1.4,1.5,1.5,1.5,1.7,1.7,1.7,1.7,1.7,1.9,1.9,1.6,1.6,1.6,1.1,1.1,0.8,0.8,0.8,0.7,0.7,0.5,0.5,0.5,1.0,1.0,1.4,1.4,1.4,1.4,1.5,1.5,1.5,1.7,1.7,1.7,1.7,1.7,1.9,1.9,1.6,1.6,1.6,1.1,1.1,0.8,0.8,0.8,0.7,0.7,0.5,0.5,3.2,3.2,2.6,2.6,2.5,2.5,2.5,2.6,2.6,2.6,2.6,2.6,2.0,2.0,1.6,1.6,1.6,1.3,1.3,1.0,1.0,1.0,0.7,3.2,2.6,2.6,2.5,2.5,2.5,2.6,2.6,2.6,2.6,2.6,2.0,2.0,1.6,1.6,1.6,1.3,1.3,1.0,1.0,1.0,0.7,4.9,4.9,4.4,4.4,4.4,4.0,4.0,3.3,3.3,3.3,2.6,2.6,2.0,2.0,2.0,1.5,1.5,1.1,1.1,4.4,4.4,2.6,2.6,2.0,2.0,2.0,1.5,1.5,1.1
2026-10-08T16:00:00Z,0.1,0.1,0.1,0.0,0.0,0.0,0.0,0.0,0.0,0.0,0.1,0.1,0.1,0.1,0.1,0.0,0.0,0.0,0.0,0.0,0.0,0.0,0.0,0.0,0.0,0.1,0.1,0.1,0.1,0.1,0.0,0.0,0.0,0.0,0.0,0.0,0.0,0.3,0.3,0.3,0.3,0.5,0.5,0.5,0.1,0.1,0.1,0.1,0.1,0.0,0.0,0.0,0.0,0.0,0.3,0.3,0.3,0.3,0.3,0.5,0.5,0.5,0.1,0.1,0.1,0.1,0.1,0.0,0.0,0.0,0.0,0.0,0.6,0.6,0.6,0.6,0.6,0.6,0.5,0.5,0.5,0.6,0.6,0.3,0.3,0.3,0.2,0.2,0.1,0.1,0.1,0.9,1.0,1.0,0.9,0.9,0.9,1.8,1.8,0.6,0.6,0.6,0.6,0.6,0.6,0.5,0.5,0.5,0.6,0.6,0.3,0.3,0.3,0.2,0.2,0.1,0.1,0.1,0.2,0.9,0.9,1.0,1.0,0.9,0.9,0.9,0.9,1.8,0.7,0.6,0.6,0.6,0.6,0.6,0.6,0.5,0.5,0.5,0.6,0.6,0.3,0.3,0.3,0.2,0.2,0.1,0.1,0.1,0.2,0.9,0.9,0.9,1.0,1.0,0.9,0.9,0.9,0.3,0.3,0.3,0.7,0.7,0.3,0.3,0.3,0.2,0.2,0.8,0.8,0.8,0.5,0.5,0.4,0.4,0.4,0.1,0.1,0.0,0.0,0.0,0.3,0.3,0.5,0.5,0.5,0.4,0.4,0.3,0.3,0.3,0.3,0.3,0.3,0.2,0.2,0.7,0.7,0.3,0.3,0.3,0.2,0.2,0.8,0.8,0.8,0.5,0.5,0.4,0.4,0.4,0.1,0.1,0.0,0.0,0.0,0.3,0.3,0.5,0.5,0.5,0.4,0.4,0.3,0.3,0.3,0.3,0.3,0.3,0.1,0.1,0.5,0.5,0.4,0.4,0.4,0.2,0.2,0.2,0.2,0.2,0.5,0.5,0.3,0.3,0.3,0.0,0.0,0.2,0.2,0.2,0.1,0.1,0.1,0.1,0.1,0.1,0.1,0.2,0.2,0.2,0.3,0.3,0.1,0.1,0.1,0.1,0.5,0.5,0.5,0.4,0.4,0.4,0.2,0.2,0.2,0.2,0.2,0.5,0.5,0.3,0.3,0.3,0.0,0.0,0.2,0.2,0.2,0.1,0.1,0.1,0.1,0.1,0.1,0.1,0.2,0.2,0.2,0.3,0.3,0.1,0.1,0.1,0.1,0.0,0.5,0.5,0.5,0.4,0.4,0.4,0.2,0.2,0.2,0.2,0.2,0.5,0.5,0.3,0.3,0.3,0.0,0.0,0.2,0.2,0.2,0.1,0.1,0.1,0.1,0.1,0.1,0.1,0.2,0.2,0.2,0.3,0.3,0.1,0.1,0.1,0.0,0.0,0.6,0.9,0.9,0.7,0.7,0.7,0.2,0.2,0.2,0.2,0.2,0.0,0.0,0.0,0.0,0.0,0.1,0.1,0.0,0.0,0.0,0.0,0.0,0.0,0.0,0.0,0.2,0.2,0.3,0.3,0.3,0.3,0.3,0.1,0.1,0.1,0.0,0.0,0.6,0.9,0.9,0.7,0.7,0.7,0.2,0.2,0.2,0.2,0.2,0.0,0.0,0.0,0.0,0.0,0.1,0.1,0.0,0.0,0.0,0.0,0.0,0.0,0.0,0.0,0.2,0.2,0.3,0.3,0.3,0.3,0.3,0.1,0.1,0.1,0.0,0.0,0.1,0.1,0.1,0.2,0.2,0.2,0.2,0.2,0.0,0.0,0.0,0.0,0.0,0.0,0.0,0.0,0.0,0.0,0.0,0.0,0.0,0.0,0.0,0.1,0.1,0.1,0.2,0.2,0.2,0.2,0.2,0.2,0.2,0.3,0.3,0.3,0.1,0.1,0.1,0.1,0.1,0.2,0.2,0.2,0.2,0.2,0.0,0.0,0.0,0.0,0.0,0.0,0.0,0.0,0.0,0.0,0.0,0.0,0.0,0.0,0.0,0.1,0.1,0.1,0.2,0.2,0.2,0.2,0.2,0.2,0.2,0.3,0.3,0.3,0.1,0.1,0.1,0.1,0.2,0.2,0.2,0.2,0.2,0.0,0.0,0.0,0.0,0.0,0.0,0.0,0.0,0.0,0.0,0.0,0.0,0.0,0.0,0.0,0.1,0.1,0.1,0.2,0.2,0.2,0.2,0.2,0.2,0.2,0.5,0.3,0.3,0.1,0.1,0.1,0.1,0.1,0.1,0.0,0.0,0.0,0.0,0.0,0.0,0.0,0.0,0.0,0.0,0.0,0.0,0.0,0.0,0.0,0.0,0.0,0.0,0.0,0.0,0.1,0.1,0.2,0.2,0.2,0.3,0.3,0.5,0.5,0.5,0.2,0.2,0.1,0.1,0.1,0.0,0.0,0.0,0.0,0.0,0.0,0.0,0.0,0.0,0.0,0.0,0.0,0.0,0.0,0.0,0.0,0.0,0.0,0.0,0.0,0.1,0.1,0.2,0.2,0.2,0.3,0.3,0.5,0.5,0.5,0.5,0.3,0.3,0.3,0.2,0.2,0.2,0.2,0.2,0.2,0.2,0.1,0.1,0.1,0.1,0.1,0.1,0.1,0.1,0.1,0.1,0.1,0.1,0.1,0.3,0.3,0.4,0.4,0.4,0.3,0.3,0.3,0.3,0.3,0.3,0.3,0.2,0.2,0.2,0.2,0.2,0.2,0.2,0.1,0.1,0.1,0.1,0.1,0.1,0.1,0.1,0.1,0.1,0.1,0.1,0.1,0.3,0.3,0.4,0.4,0.4,0.3,0.3,0.3,0.3,0.2,0.2,0.2,0.2,0.2,0.2,0.2,0.1,0.1,0.1,0.1,0.1,0.1,0.1,0.1,0.1,0.1,0.1,0.1,0.1,0.3,0.3,0.4,0.4,0.8,0.8,0.9,0.9,0.8,0.8,0.8,0.6,0.6,0.6,0.6,0.6,0.5,0.5,0.5,0.5,0.5,0.4,0.4,0.4,0.4,0.4,0.5,0.8,0.9,0.9,0.8,0.8,0.8,0.6,0.6,0.6,0.6,0.6,0.5,0.5,0.5,0.5,0.5,0.4,0.4,0.4,0.4,0.4,0.5,3.3,3.3,3.1,3.1,3.1,2.7,2.7,2.8,2.8,2.8,2.7,2.7,2.5,2.5,2.5,2.1,2.1,1.8,1.8,3.1,3.1,2.7,2.7,2.5,2.5,2.5,2.1,2.1,1.8
2026-10-08T17:00:00Z,0.1,0.1,0.1,0.0,0.0,0.0,0.0,0.0,0.0,0.0,0.1,0.1,0.1,0.1,0.1,0.0,0.0,0.0,0.0,0.0,0.0,0.0,0.0,0.0,0.0,0.1,0.1,0.1,0.1,0.1,0.0,0.0,0.0,0.0,0.0,0.0,0.0,0.3,0.3,0.3,0.3,0.5,0.5,0.5,0.1,0.1,0.1,0.1,0.1,0.0,0.0,0.0,0.0,0.0,0.3,0.3,0.3,0.3,0.3,0.5,0.5,0.5,0.1,0.1,0.1,0.1,0.1,0.0,0.0,0.0,0.0,0.0,0.6,0.6,0.6,0.6,0.6,0.6,0.5,0.5,0.5,0.6,0.6,0.3,0.3,0.3,0.2,0.2,0.1,0.1,0.1,0.9,1.0,1.0,0.9,0.9,0.9,1.8,1.8,0.6,0.6,0.6,0.6,0.6,0.6,0.5,0.5,0.5,0.6,0.6,0.3,0.3,0.3,0.2,0.2,0.1,0.1,0.1,0.2,0.9,0.9,1.0,1.0,0.9,0.9,0.9,0.9,1.8,0.7,0.6,0.6,0.6,0.6,0.6,0.6,0.5,0.5,0.5,0.6,0.6,0.3,0.3,0.3,0.2,0.2,0.1,0.1,0.1,0.2,0.9,0.9,0.9,1.0,1.0,0.9,0.9,0.9,0.3,0.3,0.3,0.7,0.7,0.3,0.3,0.3,0.2,0.2,0.8,0.8,0.8,0.5,0.5,0.4,0.4,0.4,0.1,0.1,0.0,0.0,0.0,0.3,0.3,0.5,0.5,0.5,0.4,0.4,0.3,0.3,0.3,0.3,0.3,0.3,0.2,0.2,0.7,0.7,0.3,0.3,0.3,0.2,0.2,0.8,0.8,0.8,0.5,0.5,0.4,0.4,0.4,0.1,0.1,0.0,0.0,0.0,0.3,0.3,0.5,0.5,0.5,0.4,0.4,0.3,0.3,0.3,0.3,0.3,0.3,0.1,0.1,0.5,0.5,0.4,0.4,0.4,0.2,0.2,0.2,0.2,0.2,0.5,0.5,0.3,0.3,0.3,0.0,0.0,0.2,0.2,0.2,0.1,0.1,0.1,0.1,0.1,0.1,0.1,0.2,0.2,0.2,0.3,0.3,0.1,0.1,0.1,0.1,0.5,0.5,0.5,0.4,0.4,0.4,0.2,0.2,0.2,0.2,0.2,0.5,0.5,0.3,0.3,0.3,0.0,0.0,0.2,0.2,0.2,0.1,0.1,0.1,0.1,0.1,0.1,0.1,0.2,0.2,0.2,0.3,0.3,0.1,0.1,0.1,0.1,0.0,0.5,0.5,0.5,0.4,0.4,0.4,0.2,0.2,0.2,0.2,0.2,0.5,0.5,0.3,0.3,0.3,0.0,0.0,0.2,0.2,0.2,0.1,0.1,0.1,0.1,0.1,0.1,0.1,0.2,0.2,0.2,0.3,0.3,0.1,0.1,0.1,0.0,0.0,0.6,0.9,0.9,0.7,0.7,0.7,0.2,0.2,0.2,0.2,0.2,0.0,0.0,0.0,0.0,0.0,0.1,0.1,0.0,0.0,0.0,0.0,0.0,0.0,0.0,0.0,0.2,0.2,0.3,0.3,0.3,0.3,0.3,0.1,0.1,0.1,0.0,0.0,0.6,0.9,0.9,0.7,0.7,0.7,0.2,0.2,0.2,0.2,0.2,0.0,0.0,0.0,0.0,0.0,0.1,0.1,0.0,0.0,0.0,0.0,0.0,0.0,0.0,0.0,0.2,0.2,0.3,0.3,0.3,0.3,0.3,0.1,0.1,0.1,0.0,0.0,0.1,0.1,0.1,0.2,0.2,0.2,0.2,0.2,0.0,0.0,0.0,0.0,0.0,0.0,0.0,0.0,0.0,0.0,0.0,0.0,0.0,0.0,0.0,0.1,0.1,0.1,0.2,0.2,0.2,0.2,0.2,0.2,0.2,0.3,0.3,0.3,0.1,0.1,0.1,0.1,0.1,0.2,0.2,0.2,0.2,0.2,0.0,0.0,0.0,0.0,0.0,0.0,0.0,0.0,0.0,0.0,0.0,0.0,0.0,0.0,0.0,0.1,0.1,0.1,0.2,0.2,0.2,0.2,0.2,0.2,0.2,0.3,0.3,0.3,0.1,0.1,0.1,0.1,0.2,0.2,0.2,0.2,0.2,0.0,0.0,0.0,0.0,0.0,0.0,0.0,0.0,0.0,0.0,0.0,0.0,0.0,0.0,0.0,0.1,0.1,0.1,0.2,0.2,0.2,0.2,0.2,0.2,0.2,0.5,0.3,0.3,0.1,0.1,0.1,0.1,0.1,0.1,0.0,0.0,0.0,0.0,0.0,0.0,0.0,0.0,0.0,0.0,0.0,0.0,0.0,0.0,0.0,0.0,0.0,0.0,0.0,0.0,0.1,0.1,0.2,0.2,0.2,0.3,0.3,0.5,0.5,0.5,0.2,0.2,0.1,0.1,0.1,0.0,0.0,0.0,0.0,0.0,0.0,0.0,0.0,0.0,0.0,0.0,0.0,0.0,0.0,0.0,0.0,0.0,0.0,0.0,0.0,0.1,0.1,0.2,0.2,0.2,0.3,0.3,0.5,0.5,0.5,0.5,0.3,0.3,0.3,0.2,0.2,0.2,0.2,0.2,0.2,0.2,0.1,0.1,0.1,0.1,0.1,0.1,0.1,0.1,0.1,0.1,0.1,0.1,0.1,0.3,0.3,0.4,0.4,0.4,0.3,0.3,0.3,0.3,0.3,0.3,0.3,0.2,0.2,0.2,0.2,0.2,0.2,0.2,0.1,0.1,0.1,0.1,0.1,0.1,0.1,0.1,0.1,0.1,0.1,0.1,0.1,0.3,0.3,0.4,0.4,0.4,0.3,0.3,0.3,0.3,0.2,0.2,0.2,0.2,0.2,0.2,0.2,0.1,0.1,0.1,0.1,0.1,0.1,0.1,0.1,0.1,0.1,0.1,0.1,0.1,0.3,0.3,0.4,0.4,0.8,0.8,0.9,0.9,0.8,0.8,0.8,0.6,0.6,0.6,0.6,0.6,0.5,0.5,0.5,0.5,0.5,0.4,0.4,0.4,0.4,0.4,0.5,0.8,0.9,0.9,0.8,0.8,0.8,0.6,0.6,0.6,0.6,0.6,0.5,0.5,0.5,0.5,0.5,0.4,0.4,0.4,0.4,0.4,0.5,3.3,3.3,3.1,3.1,3.1,2.7,2.7,2.8,2.8,2.8,2.7,2.7,2.5,2.5,2.5,2.1,2.1,1.8,1.8,3.1,3.1,2.7,2.7,2.5,2.5,2.5,2.1,2.1,1.8
2026-10-08T18:00:00Z,0.1,0.1,0.1,0.0,0.0,0.0,0.0,0.0,0.0,0.0,0.1,0.1,0.1,0.1,0.1,0.0,0.0,0.0,0.0,0.0,0.0,0.0,0.0,0.0,0.0,0.1,0.1,0.1,0.1,0.1,0.0,0.0,0.0,0.0,0.0,0.0,0.0,0.3,0.3,0.3,0.3,0.5,0.5,0.5,0.1,0.1,0.1,0.1,0.1,0.0,0.0,0.0,0.0,0.0,0.3,0.3,0.3,0.3,0.3,0.5,0.5,0.5,0.1,0.1,0.1,0.1,0.1,0.0,0.0,0.0,0.0,0.0,0.6,0.6,0.6,0.6,0.6,0.6,0.5,0.5,0.5,0.6,0.6,0.3,0.3,0.3,0.2,0.2,0.1,0.1,0.1,0.9,1.0,1.0,0.9,0.9,0.9,1.8,1.8,0.6,0.6,0.6,0.6,0.6,0.6,0.5,0.5,0.5,0.6,0.6,0.3,0.3,0.3,0.2,0.2,0.1,0.1,0.1,0.2,0.9,0.9,1.0,1.0,0.9,0.9,0.9,0.9,1.8,0.7,0.6,0.6,0.6,0.6,0.6,0.6,0.5,0.5,0.5,0.6,0.6,0.3,0.3,0.3,0.2,0.2,0.1,0.1,0.1,0.2,0.9,0.9,0.9,1.0,1.0,0.9,0.9,0.9,0.3,0.3,0.3,0.7,0.7,0.3,0.3,0.3,0.2,0.2,0.8,0.8,0.8,0.5,0.5,0.4,0.4,0.4,0.1,0.1,0.0,0.0,0.0,0.3,0.3,0.5,0.5,0.5,0.4,0.4,0.3,0.3,0.3,0.3,0.3,0.3,0.2,0.2,0.7,0.7,0.3,0.3,0.3,0.2,0.2,0.8,0.8,0.8,0.5,0.5,0.4,0.4,0.4,0.1,0.1,0.0,0.0,0.0,0.3,0.3,0.5,0.5,0.5,0.4,0.4,0.3,0.3,0.3,0.3,0.3,0.3,0.1,0.1,0.5,0.5,0.4,0.4,0.4,0.2,0.2,0.2,0.2,0.2,0.5,0.5,0.3,0.3,0.3,0.0,0.0,0.2,0.2,0.2,0.1,0.1,0.1,0.1,0.1,0.1,0.1,0.2,0.2,0.2,0.3,0.3,0.1,0.1,0.1,0.1,0.5,0.5,0.5,0.4,0.4,0.4,0.2,0.2,0.2,0.2,0.2,0.5,0.5,0.3,0.3,0.3,0.0,0.0,0.2,0.2,0.2,0.1,0.1,0.1,0.1,0.1,0.1,0.1,0.2,0.2,0.2,0.3,0.3,0.1,0.1,0.1,0.1,0.0,0.5,0.5,0.5,0.4,0.4,0.4,0.2,0.2,0.2,0.2,0.2,0.5,0.5,0.3,0.3,0.3,0.0,0.0,0.2,0.2,0.2,0.1,0.1,0.1,0.1,0.1,0.1,0.1,0.2,0.2,0.2,0.3,0.3,0.1,0.1,0.1,0.0,0.0,0.6,0.9,0.9,0.7,0.7,0.7,0.2,0.2,0.2,0.2,0.2,0.0,0.0,0.0,0.0,0.0,0.1,0.1,0.0,0.0,0.0,0.0,0.0,0.0,0.0,0.0,0.2,0.2,0.3,0.3,0.3,0.3,0.3,0.1,0.1,0.1,0.0,0.0,0.6,0.9,0.9,0.7,0.7,0.7,0.2,0.2,0.2,0.2,0.2,0.0,0.0,0.0,0.0,0.0,0.1,0.1,0.0,0.0,0.0,0.0,0.0,0.0,0.0,0.0,0.2,0.2,0.3,0.3,0.3,0.3,0.3,0.1,0.1,0.1,0.0,0.0,0.1,0.1,0.1,0.2,0.2,0.2,0.2,0.2,0.0,0.0,0.0,0.0,0.0,0.0,0.0,0.0,0.0,0.0,0.0,0.0,0.0,0.0,0.0,0.1,0.1,0.1,0.2,0.2,0.2,0.2,0.2,0.2,0.2,0.3,0.3,0.3,0.1,0.1,0.1,0.1,0.1,0.2,0.2,0.2,0.2,0.2,0.0,0.0,0.0,0.0,0.0,0.0,0.0,0.0,0.0,0.0,0.0,0.0,0.0,0.0,0.0,0.1,0.1,0.1,0.2,0.2,0.2,0.2,0.2,0.2,0.2,0.3,0.3,0.3,0.1,0.1,0.1,0.1,0.2,0.2,0.2,0.2,0.2,0.0,0.0,0.0,0.0,0.0,0.0,0.0,0.0,0.0,0.0,0.0,0.0,0.0,0.0,0.0,0.1,0.1,0.1,0.2,0.2,0.2,0.2,0.2,0.2,0.2,0.5,0.3,0.3,0.1,0.1,0.1,0.1,0.1,0.1,0.0,0.0,0.0,0.0,0.0,0.0,0.0,0.0,0.0,0.0,0.0,0.0,0.0,0.0,0.0,0.0,0.0,0.0,0.0,0.0,0.1,0.1,0.2,0.2,0.2,0.3,0.3,0.5,0.5,0.5,0.2,0.2,0.1,0.1,0.1,0.0,0.0,0.0,0.0,0.0,0.0,0.0,0.0,0.0,0.0,0.0,0.0,0.0,0.0,0.0,0.0,0.0,0.0,0.0,0.0,0.1,0.1,0.2,0.2,0.2,0.3,0.3,0.5,0.5,0.5,0.5,0.3,0.3,0.3,0.2,0.2,0.2,0.2,0.2,0.2,0.2,0.1,0.1,0.1,0.1,0.1,0.1,0.1,0.1,0.1,0.1,0.1,0.1,0.1,0.3,0.3,0.4,0.4,0.4,0.3,0.3,0.3,0.3,0.3,0.3,0.3,0.2,0.2,0.2,0.2,0.2,0.2,0.2,0.1,0.1,0.1,0.1,0.1,0.1,0.1,0.1,0.1,0.1,0.1,0.1,0.1,0.3,0.3,0.4,0.4,0.4,0.3,0.3,0.3,0.3,0.2,0.2,0.2,0.2,0.2,0.2,0.2,0.1,0.1,0.1,0.1,0.1,0.1,0.1,0.1,0.1,0.1,0.1,0.1,0.1,0.3,0.3,0.4,0.4,0.8,0.8,0.9,0.9,0.8,0.8,0.8,0.6,0.6,0.6,0.6,0.6,0.5,0.5,0.5,0.5,0.5,0.4,0.4,0.4,0.4,0.4,0.5,0.8,0.9,0.9,0.8,0.8,0.8,0.6,0.6,0.6,0.6,0.6,0.5,0.5,0.5,0.5,0.5,0.4,0.4,0.4,0.4,0.4,0.5,3.3,3.3,3.1,3.1,3.1,2.7,2.7,2.8,2.8,2.8,2.7,2.7,2.5,2.5,2.5,2.1,2.1,1.8,1.8,3.1,3.1,2.7,2.7,2.5,2.5,2.5,2.1,2.1,1.8
2026-10-08T19:00:00Z,0.2,0.2,0.2,0.2,0.2,0.2,0.2,0.2,0.2,0.2,0.2,0.2,0.2,0.2,0.2,0.2,0.2,0.2,0.2,0.2,0.2,0.2,0.2,0.2,0.2,0.2,0.2,0.2,0.2,0.2,0.2,0.2,0.2,0.2,0.2,0.2,0.2,0.2,0.2,0.3,0.3,0.4,0.4,0.4,0.4,0.4,0.3,0.3,0.3,0.3,0.3,0.2,0.2,0.2,0.2,0.2,0.2,0.3,0.3,0.4,0.4,0.4,0.4,0.4,0.3,0.3,0.3,0.3,0.3,0.2,0.2,0.2,0.1,0.1,0.1,0.1,0.1,0.1,0.2,0.2,0.2,0.5,0.5,0.6,0.6,0.6,0.7,0.7,0.6,0.6,0.6,0.7,0.6,0.6,0.7,0.7,0.7,0.1,0.4,0.1,0.1,0.1,0.1,0.1,0.1,0.2,0.2,0.2,0.5,0.5,0.6,0.6,0.6,0.7,0.7,0.6,0.6,0.6,0.7,0.7,0.7,0.6,0.6,0.7,0.7,0.7,0.7,0.4,0.2,0.1,0.1,0.1,0.1,0.1,0.1,0.2,0.2,0.2,0.5,0.5,0.6,0.6,0.6,0.7,0.7,0.6,0.6,0.6,0.7,0.7,0.7,0.7,0.6,0.6,0.7,0.7,0.7,0.3,0.3,0.3,0.2,0.1,0.1,0.1,0.1,0.0,0.0,0.2,0.2,0.2,0.7,0.7,0.6,0.6,0.6,0.5,0.5,0.7,0.7,0.7,0.8,0.8,0.7,0.7,0.7,0.6,0.6,0.5,0.5,0.5,0.3,0.3,0.3,0.6,0.6,0.1,0.1,0.1,0.1,0.1,0.0,0.0,0.2,0.2,0.2,0.7,0.7,0.6,0.6,0.6,0.5,0.5,0.7,0.7,0.7,0.8,0.8,0.7,0.7,0.7,0.6,0.6,0.5,0.5,0.5,0.3,0.3,0.3,0.0,0.0,0.4,0.4,0.2,0.2,0.2,0.2,0.2,0.2,0.2,0.2,0.8,0.8,1.9,1.9,1.9,1.0,1.0,0.9,0.9,0.9,0.6,0.6,0.3,0.3,0.3,0.2,0.2,0.2,0.2,0.2,0.3,0.3,0.0,0.0,0.0,0.0,0.2,0.4,0.4,0.2,0.2,0.2,0.2,0.2,0.2,0.2,0.2,0.8,0.8,1.9,1.9,1.9,1.0,1.0,0.9,0.9,0.9,0.6,0.6,0.3,0.3,0.3,0.2,0.2,0.2,0.2,0.2,0.3,0.3,0.0,0.0,0.0,0.0,0.0,0.2,0.4,0.4,0.2,0.2,0.2,0.2,0.2,0.2,0.2,0.2,0.8,0.8,1.9,1.9,1.9,1.0,1.0,0.9,0.9,0.9,0.6,0.6,0.3,0.3,0.3,0.2,0.2,0.2,0.2,0.2,0.3,0.3,0.0,0.0,0.0,0.0,0.0,0.1,0.2,0.2,0.3,0.3,0.3,0.2,0.2,0.1,0.1,0.1,0.6,0.6,0.9,0.9,0.9,0.9,0.9,0.4,0.4,0.4,0.2,0.2,0.1,0.1,0.1,0.0,0.0,0.0,0.0,0.0,0.0,0.0,0.0,0.0,0.0,0.0,0.0,0.1,0.2,0.2,0.3,0.3,0.3,0.2,0.2,0.1,0.1,0.1,0.6,0.6,0.9,0.9,0.9,0.9,0.9,0.4,0.4,0.4,0.2,0.2,0.1,0.1,0.1,0.0,0.0,0.0,0.0,0.0,0.0,0.0,0.0,0.0,0.0,0.0,0.0,0.1,0.1,0.1,0.3,0.3,0.3,0.3,0.3,0.2,0.2,0.2,0.3,0.3,0.8,0.8,0.8,0.5,0.5,0.1,0.1,0.1,0.0,0.0,0.0,0.0,0.0,0.0,0.0,0.0,0.0,0.0,0.0,0.0,0.0,0.0,0.0,0.0,0.0,0.1,0.1,0.1,0.3,0.3,0.3,0.3,0.3,0.2,0.2,0.2,0.3,0.3,0.8,0.8,0.8,0.5,0.5,0.1,0.1,0.1,0.0,0.0,0.0,0.0,0.0,0.0,0.0,0.0,0.0,0.0,0.0,0.0,0.0,0.0,0.0,0.0,0.0,0.1,0.1,0.3,0.3,0.3,0.3,0.3,0.2,0.2,0.2,0.3,0.3,0.8,0.8,0.8,0.5,0.5,0.1,0.1,0.1,0.0,0.0,0.0,0.0,0.0,0.0,0.0,0.0,0.0,0.0,0.0,0.0,0.0,0.0,0.0,0.0,0.0,0.1,0.2,0.2,0.2,0.1,0.1,0.1,0.1,0.1,0.0,0.0,0.0,0.0,0.0,0.0,0.0,0.0,0.0,0.0,0.0,0.0,0.0,0.0,0.0,0.0,0.0,0.0,0.0,0.0,0.0,0.0,0.0,0.0,0.0,0.0,0.0,0.2,0.2,0.2,0.1,0.1,0.1,0.1,0.1,0.0,0.0,0.0,0.0,0.0,0.0,0.0,0.0,0.0,0.0,0.0,0.0,0.0,0.0,0.0,0.0,0.0,0.0,0.0,0.0,0.0,0.0,0.0,0.0,0.0,0.0,0.1,0.1,0.1,0.0,0.0,0.0,0.0,0.0,0.0,0.0,0.0,0.0,0.0,0.0,0.0,0.0,0.0,0.0,0.0,0.0,0.0,0.0,0.0,0.0,0.0,0.0,0.0,0.0,0.0,0.0,0.0,0.0,0.0,0.1,0.1,0.0,0.0,0.0,0.0,0.0,0.0,0.0,0.0,0.0,0.0,0.0,0.0,0.0,0.0,0.0,0.0,0.0,0.0,0.0,0.0,0.0,0.0,0.0,0.0,0.0,0.0,0.0,0.1,0.1,0.0,0.0,0.0,0.0,0.0,0.0,0.0,0.0,0.0,0.0,0.0,0.0,0.0,0.0,0.0,0.0,0.0,0.0,0.0,0.0,0.0,0.0,0.0,0.0,0.0,0.0,0.0,0.0,0.0,0.0,0.0,0.0,0.0,0.0,0.0,0.0,0.0,0.0,0.0,0.0,0.0,0.0,0.0,0.0,0.0,0.0,0.0,0.0,0.0,0.0,0.0,0.0,0.0,0.0,0.0,0.0,0.0,0.0,0.0,0.0,0.0,0.0,0.0,0.0,0.0,0.0,0.0,0.0,0.0,0.1,0.1,0.1,0.1,0.1,0.1,0.1,0.1,0.1,0.1,0.1,0.1,0.0,0.0,0.0,0.2,0.2,0.3,0.3,0.1,0.1,0.1,0.1,0.0,0.0,0.0,0.2,0.2,0.3
2026-10-08T20:00:00Z,0.2,0.2,0.2,0.2,0.2,0.2,0.2,0.2,0.2,0.2,0.2,0.2,0.2,0.2,0.2,0.2,0.2,0.2,0.2,0.2,0.2,0.2,0.2,0.2,0.2,0.2,0.2,0.2,0.2,0.2,0.2,0.2,0.2,0.2,0.2,0.2,0.2,0.2,0.2,0.3,0.3,0.4,0.4,0.4,0.4,0.4,0.3,0.3,0.3,0.3,0.3,0.2,0.2,0.2,0.2,0.2,0.2,0.3,0.3,0.4,0.4,0.4,0.4,0.4,0.3,0.3,0.3,0.3,0.3,0.2,0.2,0.2,0.1,0.1,0.1,0.1,0.1,0.1,0.2,0.2,0.2,0.5,0.5,0.6,0.6,0.6,0.7,0.7,0.6,0.6,0.6,0.7,0.6,0.6,0.7,0.7,0.7,0.1,0.4,0.1,0.1,0.1,0.1,0.1,0.1,0.2,0.2,0.2,0.5,0.5,0.6,0.6,0.6,0.7,0.7,0.6,0.6,0.6,0.7,0.7,0.7,0.6,0.6,0.7,0.7,0.7,0.7,0.4,0.2,0.1,0.1,0.1,0.1,0.1,0.1,0.2,0.2,0.2,0.5,0.5,0.6,0.6,0.6,0.7,0.7,0.6,0.6,0.6,0.7,0.7,0.7,0.7,0.6,0.6,0.7,0.7,0.7,0.3,0.3,0.3,0.2,0.1,0.1,0.1,0.1,0.0,0.0,0.2,0.2,0.2,0.7,0.7,0.6,0.6,0.6,0.5,0.5,0.7,0.7,0.7,0.8,0.8,0.7,0.7,0.7,0.6,0.6,0.5,0.5,0.5,0.3,0.3,0.3,0.6,0.6,0.1,0.1,0.1,0.1,0.1,0.0,0.0,0.2,0.2,0.2,0.7,0.7,0.6,0.6,0.6,0.5,0.5,0.7,0.7,0.7,0.8,0.8,0.7,0.7,0.7,0.6,0.6,0.5,0.5,0.5,0.3,0.3,0.3,0.0,0.0,0.4,0.4,0.2,0.2,0.2,0.2,0.2,0.2,0.2,0.2,0.8,0.8,1.9,1.9,1.9,1.0,1.0,0.9,0.9,0.9,0.6,0.6,0.3,0.3,0.3,0.2,0.2,0.2,0.2,0.2,0.3,0.3,0.0,0.0,0.0,0.0,0.2,0.4,0.4,0.2,0.2,0.2,0.2,0.2,0.2,0.2,0.2,0.8,0.8,1.9,1.9,1.9,1.0,1.0,0.9,0.9,0.9,0.6,0.6,0.3,0.3,0.3,0.2,0.2,0.2,0.2,0.2,0.3,0.3,0.0,0.0,0.0,0.0,0.0,0.2,0.4,0.4,0.2,0.2,0.2,0.2,0.2,0.2,0.2,0.2,0.8,0.8,1.9,1.9,1.9,1.0,1.0,0.9,0.9,0.9,0.6,0.6,0.3,0.3,0.3,0.2,0.2,0.2,0.2,0.2,0.3,0.3,0.0,0.0,0.0,0.0,0.0,0.1,0.2,0.2,0.3,0.3,0.3,0.2,0.2,0.1,0.1,0.1,0.6,0.6,0.9,0.9,0.9,0.9,0.9,0.4,0.4,0.4,0.2,0.2,0.1,0.1,0.1,0.0,0.0,0.0,0.0,0.0,0.0,0.0,0.0,0.0,0.0,0.0,0.0,0.1,0.2,0.2,0.3,0.3,0.3,0.2,0.2,0.1,0.1,0.1,0.6,0.6,0.9,0.9,0.9,0.9,0.9,0.4,0.4,0.4,0.2,0.2,0.1,0.1,0.1,0.0,0.0,0.0,0.0,0.0,0.0,0.0,0.0,0.0,0.0,0.0,0.0,0.1,0.1,0.1,0.3,0.3,0.3,0.3,0.3,0.2,0.2,0.2,0.3,0.3,0.8,0.8,0.8,0.5,0.5,0.1,0.1,0.1,0.0,0.0,0.0,0.0,0.0,0.0,0.0,0.0,0.0,0.0,0.0,0.0,0.0,0.0,0.0,0.0,0.0,0.1,0.1,0.1,0.3,0.3,0.3,0.3,0.3,0.2,0.2,0.2,0.3,0.3,0.8,0.8,0.8,0.5,0.5,0.1,0.1,0.1,0.0,0.0,0.0,0.0,0.0,0.0,0.0,0.0,0.0,0.0,0.0,0.0,0.0,0.0,0.0,0.0,0.0,0.1,0.1,0.3,0.3,0.3,0.3,0.3,0.2,0.2,0.2,0.3,0.3,0.8,0.8,0.8,0.5,0.5,0.1,0.1,0.1,0.0,0.0,0.0,0.0,0.0,0.0,0.0,0.0,0.0,0.0,0.0,0.0,0.0,0.0,0.0,0.0,0.0,0.1,0.2,0.2,0.2,0.1,0.1,0.1,0.1,0.1,0.0,0.0,0.0,0.0,0.0,0.0,0.0,0.0,0.0,0.0,0.0,0.0,0.0,0.0,0.0,0.0,0.0,0.0,0.0,0.0,0.0,0.0,0.0,0.0,0.0,0.0,0.0,0.2,0.2,0.2,0.1,0.1,0.1,0.1,0.1,0.0,0.0,0.0,0.0,0.0,0.0,0.0,0.0,0.0,0.0,0.0,0.0,0.0,0.0,0.0,0.0,0.0,0.0,0.0,0.0,0.0,0.0,0.0,0.0,0.0,0.0,0.1,0.1,0.1,0.0,0.0,0.0,0.0,0.0,0.0,0.0,0.0,0.0,0.0,0.0,0.0,0.0,0.0,0.0,0.0,0.0,0.0,0.0,0.0,0.0,0.0,0.0,0.0,0.0,0.0,0.0,0.0,0.0,0.0,0.1,0.1,0.0,0.0,0.0,0.0,0.0,0.0,0.0,0.0,0.0,0.0,0.0,0.0,0.0,0.0,0.0,0.0,0.0,0.0,0.0,0.0,0.0,0.0,0.0,0.0,0.0,0.0,0.0,0.1,0.1,0.0,0.0,0.0,0.0,0.0,0.0,0.0,0.0,0.0,0.0,0.0,0.0,0.0,0.0,0.0,0.0,0.0,0.0,0.0,0.0,0.0,0.0,0.0,0.0,0.0,0.0,0.0,0.0,0.0,0.0,0.0,0.0,0.0,0.0,0.0,0.0,0.0,0.0,0.0,0.0,0.0,0.0,0.0,0.0,0.0,0.0,0.0,0.0,0.0,0.0,0.0,0.0,0.0,0.0,0.0,0.0,0.0,0.0,0.0,0.0,0.0,0.0,0.0,0.0,0.0,0.0,0.0,0.0,0.0,0.1,0.1,0.1,0.1,0.1,0.1,0.1,0.1,0.1,0.1,0.1,0.1,0.0,0.0,0.0,0.2,0.2,0.3,0.3,0.1,0.1,0.1,0.1,0.0,0.0,0.0,0.2,0.2,0.3
2026-10-08T21:00:00Z,0.2,0.2,0.2,0.2,0.2,0.2,0.2,0.2,0.2,0.2,0.2,0.2,0.2,0.2,0.2,0.2,0.2,0.2,0.2,0.2,0.2,0.2,0.2,0.2,0.2,0.2,0.2,0.2,0.2,0.2,0.2,0.2,0.2,0.2,0.2,0.2,0.2,0.2,0.2,0.3,0.3,0.4,0.4,0.4,0.4,0.4,0.3,0.3,0.3,0.3,0.3,0.2,0.2,0.2,0.2,0.2,0.2,0.3,0.3,0.4,0.4,0.4,0.4,0.4,0.3,0.3,0.3,0.3,0.3,0.2,0.2,0.2,0.1,0.1,0.1,0.1,0.1,0.1,0.2,0.2,0.2,0.5,0.5,0.6,0.6,0.6,0.7,0.7,0.6,0.6,0.6,0.7,0.6,0.6,0.7,0.7,0.7,0.1,0.4,0.1,0.1,0.1,0.1,0.1,0.1,0.2,0.2,0.2,0.5,0.5,0.6,0.6,0.6,0.7,0.7,0.6,0.6,0.6,0.7,0.7,0.7,0.6,0.6,0.7,0.7,0.7,0.7,0.4,0.2,0.1,0.1,0.1,0.1,0.1,0.1,0.2,0.2,0.2,0.5,0.5,0.6,0.6,0.6,0.7,0.7,0.6,0.6,0.6,0.7,0.7,0.7,0.7,0.6,0.6,0.7,0.7,0.7,0.3,0.3,0.3,0.2,0.1,0.1,0.1,0.1,0.0,0.0,0.2,0.2,0.2,0.7,0.7,0.6,0.6,0.6,0.5,0.5,0.7,0.7,0.7,0.8,0.8,0.7,0.7,0.7,0.6,0.6,0.5,0.5,0.5,0.3,0.3,0.3,0.6,0.6,0.1,0.1,0.1,0.1,0.1,0.0,0.0,0.2,0.2,0.2,0.7,0.7,0.6,0.6,0.6,0.5,0.5,0.7,0.7,0.7,0.8,0.8,0.7,0.7,0.7,0.6,0.6,0.5,0.5,0.5,0.3,0.3,0.3,0.0,0.0,0.4,0.4,0.2,0.2,0.2,0.2,0.2,0.2,0.2,0.2,0.8,0.8,1.9,1.9,1.9,1.0,1.0,0.9,0.9,0.9,0.6,0.6,0.3,0.3,0.3,0.2,0.2,0.2,0.2,0.2,0.3,0.3,0.0,0.0,0.0,0.0,0.2,0.4,0.4,0.2,0.2,0.2,0.2,0.2,0.2,0.2,0.2,0.8,0.8,1.9,1.9,1.9,1.0,1.0,0.9,0.9,0.9,0.6,0.6,0.3,0.3,0.3,0.2,0.2,0.2,0.2,0.2,0.3,0.3,0.0,0.0,0.0,0.0,0.0,0.2,0.4,0.4,0.2,0.2,0.2,0.2,0.2,0.2,0.2,0.2,0.8,0.8,1.9,1.9,1.9,1.0,1.0,0.9,0.9,0.9,0.6,0.6,0.3,0.3,0.3,0.2,0.2,0.2,0.2,0.2,0.3,0.3,0.0,0.0,0.0,0.0,0.0,0.1,0.2,0.2,0.3,0.3,0.3,0.2,0.2,0.1,0.1,0.1,0.6,0.6,0.9,0.9,0.9,0.9,0.9,0.4,0.4,0.4,0.2,0.2,0.1,0.1,0.1,0.0,0.0,0.0,0.0,0.0,0.0,0.0,0.0,0.0,0.0,0.0,0.0,0.1,0.2,0.2,0.3,0.3,0.3,0.2,0.2,0.1,0.1,0.1,0.6,0.6,0.9,0.9,0.9,0.9,0.9,0.4,0.4,0.4,0.2,0.2,0.1,0.1,0.1,0.0,0.0,0.0,0.0,0.0,0.0,0.0,0.0,0.0,0.0,0.0,0.0,0.1,0.1,0.1,0.3,0.3,0.3,0.3,0.3,0.2,0.2,0.2,0.3,0.3,0.8,0.8,0.8,0.5,0.5,0.1,0.1,0.1,0.0,0.0,0.0,0.0,0.0,0.0,0.0,0.0,0.0,0.0,0.0,0.0,0.0,0.0,0.0,0.0,0.0,0.1,0.1,0.1,0.3,0.3,0.3,0.3,0.3,0.2,0.2,0.2,0.3,0.3,0.8,0.8,0.8,0.5,0.5,0.1,0.1,0.1,0.0,0.0,0.0,0.0,0.0,0.0,0.0,0.0,0.0,0.0,0.0,0.0,0.0,0.0,0.0,0.0,0.0,0.1,0.1,0.3,0.3,0.3,0.3,0.3,0.2,0.2,0.2,0.3,0.3,0.8,0.8,0.8,0.5,0.5,0.1,0.1,0.1,0.0,0.0,0.0,0.0,0.0,0.0,0.0,0.0,0.0,0.0,0.0,0.0,0.0,0.0,0.0,0.0,0.0,0.1,0.2,0.2,0.2,0.1,0.1,0.1,0.1,0.1,0.0,0.0,0.0,0.0,0.0,0.0,0.0,0.0,0.0,0.0,0.0,0.0,0.0,0.0,0.0,0.0,0.0,0.0,0.0,0.0,0.0,0.0,0.0,0.0,0.0,0.0,0.0,0.2,0.2,0.2,0.1,0.1,0.1,0.1,0.1,0.0,0.0,0.0,0.0,0.0,0.0,0.0,0.0,0.0,0.0,0.0,0.0,0.0,0.0,0.0,0.0,0.0,0.0,0.0,0.0,0.0,0.0,0.0,0.0,0.0,0.0,0.1,0.1,0.1,0.0,0.0,0.0,0.0,0.0,0.0,0.0,0.0,0.0,0.0,0.0,0.0,0.0,0.0,0.0,0.0,0.0,0.0,0.0,0.0,0.0,0.0,0.0,0.0,0.0,0.0,0.0,0.0,0.0,0.0,0.1,0.1,0.0,0.0,0.0,0.0,0.0,0.0,0.0,0.0,0.0,0.0,0.0,0.0,0.0,0.0,0.0,0.0,0.0,0.0,0.0,0.0,0.0,0.0,0.0,0.0,0.0,0.0,0.0,0.1,0.1,0.0,0.0,0.0,0.0,0.0,0.0,0.0,0.0,0.0,0.0,0.0,0.0,0.0,0.0,0.0,0.0,0.0,0.0,0.0,0.0,0.0,0.0,0.0,0.0,0.0,0.0,0.0,0.0,0.0,0.0,0.0,0.0,0.0,0.0,0.0,0.0,0.0,0.0,0.0,0.0,0.0,0.0,0.0,0.0,0.0,0.0,0.0,0.0,0.0,0.0,0.0,0.0,0.0,0.0,0.0,0.0,0.0,0.0,0.0,0.0,0.0,0.0,0.0,0.0,0.0,0.0,0.0,0.0,0.0,0.1,0.1,0.1,0.1,0.1,0.1,0.1,0.1,0.1,0.1,0.1,0.1,0.0,0.0,0.0,0.2,0.2,0.3,0.3,0.1,0.1,0.1,0.1,0.0,0.0,0.0,0.2,0.2,0.3
2026-10-08T22:00:00Z,0.0,0.0,0.0,0.0,0.0,0.0,0.0,0.0,0.0,0.0,0.0,0.0,0.0,0.0,0.0,0.0,0.0,0.0,0.0,0.0,0.0,0.0,0.0,0.0,0.0,0.0,0.0,0.0,0.0,0.0,0.0,0.0,0.0,0.0,0.0,0.0,0.0,0.0,0.0,0.0,0.0,0.0,0.0,0.0,0.0,0.0,0.0,0.0,0.0,0.0,0.0,0.0,0.0,0.0,0.0,0.0,0.0,0.0,0.0,0.0,0.0,0.0,0.0,0.0,0.0,0.0,0.0,0.0,0.0,0.0,0.0,0.0,0.0,0.0,0.0,0.0,0.0,0.0,0.0,0.0,0.0,0.0,0.0,0.0,0.0,0.0,0.0,0.0,0.0,0.0,0.0,0.0,0.0,0.0,0.0,0.0,0.0,0.0,0.0,0.0,0.0,0.0,0.0,0.0,0.0,0.0,0.0,0.0,0.0,0.0,0.0,0.0,0.0,0.0,0.0,0.0,0.0,0.0,0.0,0.0,0.0,0.0,0.0,0.0,0.0,0.0,0.0,0.0,0.1,0.0,0.0,0.0,0.0,0.0,0.0,0.0,0.0,0.0,0.0,0.0,0.0,0.0,0.0,0.0,0.0,0.0,0.0,0.0,0.0,0.0,0.0,0.0,0.0,0.0,0.0,0.0,0.0,0.1,0.1,0.1,0.1,0.0,0.0,0.0,0.0,0.0,0.0,0.0,0.0,0.0,0.0,0.0,0.0,0.0,0.0,0.0,0.0,0.0,0.0,0.0,0.3,0.3,0.1,0.1,0.1,0.2,0.2,0.1,0.1,0.1,0.1,0.1,0.1,1.8,1.8,0.0,0.0,0.0,0.0,0.0,0.0,0.0,0.0,0.0,0.0,0.0,0.0,0.0,0.0,0.0,0.0,0.0,0.0,0.0,0.0,0.3,0.3,0.1,0.1,0.1,0.2,0.2,0.1,0.1,0.1,0.1,0.1,0.1,0.1,0.1,0.0,0.0,0.0,0.0,0.0,0.0,0.0,0.0,0.0,0.0,0.0,0.0,0.0,0.0,0.0,0.1,0.1,0.0,0.0,0.0,0.0,0.0,0.0,0.0,0.0,0.1,0.1,0.1,0.1,0.1,0.2,0.2,0.1,0.1,0.1,0.1,0.0,0.0,0.0,0.0,0.0,0.0,0.0,0.0,0.0,0.0,0.0,0.0,0.0,0.0,0.0,0.0,0.1,0.1,0.0,0.0,0.0,0.0,0.0,0.0,0.0,0.0,0.1,0.1,0.1,0.1,0.1,0.2,0.2,0.1,0.1,0.1,0.1,0.1,0.0,0.0,0.0,0.0,0.0,0.0,0.0,0.0,0.0,0.0,0.0,0.0,0.0,0.0,0.0,0.0,0.1,0.1,0.0,0.0,0.0,0.0,0.0,0.0,0.0,0.0,0.1,0.1,0.1,0.1,0.1,0.2,0.2,0.1,0.1,0.1,0.1,0.1,0.1,0.0,0.0,0.0,0.0,0.0,0.0,0.0,0.1,0.1,0.1,0.1,0.1,0.2,0.2,0.2,0.1,0.1,0.0,0.0,0.0,0.0,0.0,0.0,0.0,0.0,0.1,0.1,0.2,0.2,0.2,0.1,0.1,0.1,0.1,0.1,0.1,0.1,0.1,0.0,0.0,0.0,0.0,0.0,0.0,0.0,0.1,0.1,0.1,0.1,0.1,0.2,0.2,0.2,0.1,0.1,0.0,0.0,0.0,0.0,0.0,0.0,0.0,0.0,0.1,0.1,0.2,0.2,0.2,0.1,0.1,0.1,0.1,0.1,0.1,0.1,0.1,0.0,0.0,0.0,0.0,0.0,0.0,0.0,0.1,0.1,0.1,1.1,1.1,0.4,0.4,0.4,0.1,0.1,0.1,0.1,0.1,0.1,0.1,0.1,0.1,0.1,0.0,0.0,0.0,0.0,0.0,0.1,0.1,0.1,0.1,0.1,0.1,0.1,0.1,0.0,0.0,0.0,0.0,0.0,0.0,0.0,0.1,0.1,0.1,1.1,1.1,0.4,0.4,0.4,0.1,0.1,0.1,0.1,0.1,0.1,0.1,0.1,0.1,0.1,0.0,0.0,0.0,0.0,0.0,0.1,0.1,0.1,0.1,0.1,0.1,0.1,0.0,0.0,0.0,0.0,0.0,0.0,0.0,0.1,0.1,0.1,1.1,1.1,0.4,0.4,0.4,0.1,0.1,0.1,0.1,0.1,0.1,0.1,0.1,0.1,0.1,0.0,0.0,0.0,0.0,0.0,0.1,0.1,0.0,0.1,0.1,0.1,0.1,0.0,0.0,0.0,0.0,0.0,0.0,0.1,0.1,0.1,0.3,0.3,0.2,0.2,0.2,0.0,0.0,0.0,0.0,0.0,0.0,0.0,0.0,0.0,0.0,0.0,0.0,0.0,0.0,0.0,0.0,0.0,0.0,0.0,0.0,0.0,0.0,0.0,0.0,0.0,0.0,0.0,0.1,0.1,0.1,0.3,0.3,0.2,0.2,0.2,0.0,0.0,0.0,0.0,0.0,0.0,0.0,0.0,0.0,0.0,0.0,0.0,0.0,0.0,0.0,0.0,0.0,0.0,0.0,0.0,0.0,0.0,0.0,0.0,0.0,0.0,0.0,0.0,0.0,0.0,0.0,0.0,0.0,0.0,0.0,0.0,0.0,0.0,0.0,0.0,0.0,0.0,0.0,0.0,0.0,0.0,0.0,0.0,0.0,0.0,0.0,0.0,0.0,0.0,0.0,0.0,0.0,0.0,0.0,0.0,0.0,0.0,0.0,0.0,0.0,0.0,0.0,0.0,0.0,0.0,0.0,0.0,0.0,0.0,0.0,0.0,0.0,0.0,0.0,0.0,0.0,0.0,0.0,0.0,0.0,0.0,0.0,0.0,0.0,0.0,0.0,0.0,0.0,0.0,0.0,0.0,0.0,0.0,0.0,0.0,0.0,0.0,0.0,0.0,0.0,0.0,0.0,0.0,0.0,0.0,0.0,0.0,0.0,0.0,0.0,0.0,0.0,0.0,0.0,0.0,0.0,0.0,0.0,0.0,0.0,0.0,0.0,0.0,0.0,0.0,0.0,0.0,0.0,0.0,0.0,0.0,0.0,0.0,0.0,0.0,0.0,0.0,0.0,0.0,0.0,0.0,0.0,0.0,0.0,0.0,0.0,0.0,0.0,0.0,0.0,0.0,0.0,0.0,0.0,0.0,0.0,0.0,0.0,0.0,0.0,0.0,0.0,0.0,0.0,0.0,0.0,0.0,0.0,0.0,0.0,0.0,0.0,0.0,0.0,0.0,0.0,0.0,0.0
2026-10-08T23:00:00Z,0.0,0.0,0.0,0.0,0.0,0.0,0.0,0.0,0.0,0.0,0.0,0.0,0.0,0.0,0.0,0.0,0.0,0.0,0.0,0.0,0.0,0.0,0.0,0.0,0.0,0.0,0.0,0.0,0.0,0.0,0.0,0.0,0.0,0.0,0.0,0.0,0.0,0.0,0.0,0.0,0.0,0.0,0.0,0.0,0.0,0.0,0.0,0.0,0.0,0.0,0.0,0.0,0.0,0.0,0.0,0.0,0.0,0.0,0.0,0.0,0.0,0.0,0.0,0.0,0.0,0.0,0.0,0.0,0.0,0.0,0.0,0.0,0.0,0.0,0.0,0.0,0.0,0.0,0.0,0.0,0.0,0.0,0.0,0.0,0.0,0.0,0.0,0.0,0.0,0.0,0.0,0.0,0.0,0.0,0.0,0.0,0.0,0.0,0.0,0.0,0.0,0.0,0.0,0.0,0.0,0.0,0.0,0.0,0.0,0.0,0.0,0.0,0.0,0.0,0.0,0.0,0.0,0.0,0.0,0.0,0.0,0.0,0.0,0.0,0.0,0.0,0.0,0.0,0.1,0.0,0.0,0.0,0.0,0.0,0.0,0.0,0.0,0.0,0.0,0.0,0.0,0.0,0.0,0.0,0.0,0.0,0.0,0.0,0.0,0.0,0.0,0.0,0.0,0.0,0.0,0.0,0.0,0.1,0.1,0.1,0.1,0.0,0.0,0.0,0.0,0.0,0.0,0.0,0.0,0.0,0.0,0.0,0.0,0.0,0.0,0.0,0.0,0.0,0.0,0.0,0.3,0.3,0.1,0.1,0.1,0.2,0.2,0.1,0.1,0.1,0.1,0.1,0.1,1.8,1.8,0.0,0.0,0.0,0.0,0.0,0.0,0.0,0.0,0.0,0.0,0.0,0.0,0.0,0.0,0.0,0.0,0.0,0.0,0.0,0.0,0.3,0.3,0.1,0.1,0.1,0.2,0.2,0.1,0.1,0.1,0.1,0.1,0.1,0.1,0.1,0.0,0.0,0.0,0.0,0.0,0.0,0.0,0.0,0.0,0.0,0.0,0.0,0.0,0.0,0.0,0.1,0.1,0.0,0.0,0.0,0.0,0.0,0.0,0.0,0.0,0.1,0.1,0.1,0.1,0.1,0.2,0.2,0.1,0.1,0.1,0.1,0.0,0.0,0.0,0.0,0.0,0.0,0.0,0.0,0.0,0.0,0.0,0.0,0.0,0.0,0.0,0.0,0.1,0.1,0.0,0.0,0.0,0.0,0.0,0.0,0.0,0.0,0.1,0.1,0.1,0.1,0.1,0.2,0.2,0.1,0.1,0.1,0.1,0.1,0.0,0.0,0.0,0.0,0.0,0.0,0.0,0.0,0.0,0.0,0.0,0.0,0.0,0.0,0.0,0.0,0.1,0.1,0.0,0.0,0.0,0.0,0.0,0.0,0.0,0.0,0.1,0.1,0.1,0.1,0.1,0.2,0.2,0.1,0.1,0.1,0.1,0.1,0.1,0.0,0.0,0.0,0.0,0.0,0.0,0.0,0.1,0.1,0.1,0.1,0.1,0.2,0.2,0.2,0.1,0.1,0.0,0.0,0.0,0.0,0.0,0.0,0.0,0.0,0.1,0.1,0.2,0.2,0.2,0.1,0.1,0.1,0.1,0.1,0.1,0.1,0.1,0.0,0.0,0.0,0.0,0.0,0.0,0.0,0.1,0.1,0.1,0.1,0.1,0.2,0.2,0.2,0.1,0.1,0.0,0.0,0.0,0.0,0.0,0.0,0.0,0.0,0.1,0.1,0.2,0.2,0.2,0.1,0.1,0.1,0.1,0.1,0.1,0.1,0.1,0.0,0.0,0.0,0.0,0.0,0.0,0.0,0.1,0.1,0.1,1.1,1.1,0.4,0.4,0.4,0.1,0.1,0.1,0.1,0.1,0.1,0.1,0.1,0.1,0.1,0.0,0.0,0.0,0.0,0.0,0.1,0.1,0.1,0.1,0.1,0.1,0.1,0.1,0.0,0.0,0.0,0.0,0.0,0.0,0.0,0.1,0.1,0.1,1.1,1.1,0.4,0.4,0.4,0.1,0.1,0.1,0.1,0.1,0.1,0.1,0.1,0.1,0.1,0.0,0.0,0.0,0.0,0.0,0.1,0.1,0.1,0.1,0.1,0.1,0.1,0.0,0.0,0.0,0.0,0.0,0.0,0.0,0.1,0.1,0.1,1.1,1.1,0.4,0.4,0.4,0.1,0.1,0.1,0.1,0.1,0.1,0.1,0.1,0.1,0.1,0.0,0.0,0.0,0.0,0.0,0.1,0.1,0.0,0.1,0.1,0.1,0.1,0.0,0.0,0.0,0.0,0.0,0.0,0.1,0.1,0.1,0.3,0.3,0.2,0.2,0.2,0.0,0.0,0.0,0.0,0.0,0.0,0.0,0.0,0.0,0.0,0.0,0.0,0.0,0.0,0.0,0.0,0.0,0.0,0.0,0.0,0.0,0.0,0.0,0.0,0.0,0.0,0.0,0.1,0.1,0.1,0.3,0.3,0.2,0.2,0.2,0.0,0.0,0.0,0.0,0.0,0.0,0.0,0.0,0.0,0.0,0.0,0.0,0.0,0.0,0.0,0.0,0.0,0.0,0.0,0.0,0.0,0.0,0.0,0.0,0.0,0.0,0.0,0.0,0.0,0.0,0.0,0.0,0.0,0.0,0.0,0.0,0.0,0.0,0.0,0.0,0.0,0.0,0.0,0.0,0.0,0.0,0.0,0.0,0.0,0.0,0.0,0.0,0.0,0.0,0.0,0.0,0.0,0.0,0.0,0.0,0.0,0.0,0.0,0.0,0.0,0.0,0.0,0.0,0.0,0.0,0.0,0.0,0.0,0.0,0.0,0.0,0.0,0.0,0.0,0.0,0.0,0.0,0.0,0.0,0.0,0.0,0.0,0.0,0.0,0.0,0.0,0.0,0.0,0.0,0.0,0.0,0.0,0.0,0.0,0.0,0.0,0.0,0.0,0.0,0.0,0.0,0.0,0.0,0.0,0.0,0.0,0.0,0.0,0.0,0.0,0.0,0.0,0.0,0.0,0.0,0.0,0.0,0.0,0.0,0.0,0.0,0.0,0.0,0.0,0.0,0.0,0.0,0.0,0.0,0.0,0.0,0.0,0.0,0.0,0.0,0.0,0.0,0.0,0.0,0.0,0.0,0.0,0.0,0.0,0.0,0.0,0.0,0.0,0.0,0.0,0.0,0.0,0.0,0.0,0.0,0.0,0.0,0.0,0.0,0.0,0.0,0.0,0.0,0.0,0.0,0.0,0.0,0.0,0.0,0.0,0.0,0.0,0.0,0.0,0.0,0.0,0.0,0.0
2026-10-09T00:00:00Z,0.0,0.0,0.0,0.0,0.0,0.0,0.0,0.0,0.0,0.0,0.0,0.0,0.0,0.0,0.0,0.0,0.0,0.0,0.0,0.0,0.0,0.0,0.0,0.0,0.0,0.0,0.0,0.0,0.0,0.0,0.0,0.0,0.0,0.0,0.0,0.0,0.0,0.0,0.0,0.0,0.0,0.0,0.0,0.0,0.0,0.0,0.0,0.0,0.0,0.0,0.0,0.0,0.0,0.0,0.0,0.0,0.0,0.0,0.0,0.0,0.0,0.0,0.0,0.0,0.0,0.0,0.0,0.0,0.0,0.0,0.0,0.0,0.0,0.0,0.0,0.0,0.0,0.0,0.0,0.0,0.0,0.0,0.0,0.0,0.0,0.0,0.0,0.0,0.0,0.0,0.0,0.0,0.0,0.0,0.0,0.0,0.0,0.0,0.0,0.0,0.0,0.0,0.0,0.0,0.0,0.0,0.0,0.0,0.0,0.0,0.0,0.0,0.0,0.0,0.0,0.0,0.0,0.0,0.0,0.0,0.0,0.0,0.0,0.0,0.0,0.0,0.0,0.0,0.1,0.0,0.0,0.0,0.0,0.0,0.0,0.0,0.0,0.0,0.0,0.0,0.0,0.0,0.0,0.0,0.0,0.0,0.0,0.0,0.0,0.0,0.0,0.0,0.0,0.0,0.0,0.0,0.0,0.1,0.1,0.1,0.1,0.0,0.0,0.0,0.0,0.0,0.0,0.0,0.0,0.0,0.0,0.0,0.0,0.0,0.0,0.0,0.0,0.0,0.0,0.0,0.3,0.3,0.1,0.1,0.1,0.2,0.2,0.1,0.1,0.1,0.1,0.1,0.1,1.8,1.8,0.0,0.0,0.0,0.0,0.0,0.0,0.0,0.0,0.0,0.0,0.0,0.0,0.0,0.0,0.0,0.0,0.0,0.0,0.0,0.0,0.3,0.3,0.1,0.1,0.1,0.2,0.2,0.1,0.1,0.1,0.1,0.1,0.1,0.1,0.1,0.0,0.0,0.0,0.0,0.0,0.0,0.0,0.0,0.0,0.0,0.0,0.0,0.0,0.0,0.0,0.1,0.1,0.0,0.0,0.0,0.0,0.0,0.0,0.0,0.0,0.1,0.1,0.1,0.1,0.1,0.2,0.2,0.1,0.1,0.1,0.1,0.0,0.0,0.0,0.0,0.0,0.0,0.0,0.0,0.0,0.0,0.0,0.0,0.0,0.0,0.0,0.0,0.1,0.1,0.0,0.0,0.0,0.0,0.0,0.0,0.0,0.0,0.1,0.1,0.1,0.1,0.1,0.2,0.2,0.1,0.1,0.1,0.1,0.1,0.0,0.0,0.0,0.0,0.0,0.0,0.0,0.0,0.0,0.0,0.0,0.0,0.0,0.0,0.0,0.0,0.1,0.1,0.0,0.0,0.0,0.0,0.0,0.0,0.0,0.0,0.1,0.1,0.1,0.1,0.1,0.2,0.2,0.1,0.1,0.1,0.1,0.1,0.1,0.0,0.0,0.0,0.0,0.0,0.0,0.0,0.1,0.1,0.1,0.1,0.1,0.2,0.2,0.2,0.1,0.1,0.0,0.0,0.0,0.0,0.0,0.0,0.0,0.0,0.1,0.1,0.2,0.2,0.2,0.1,0.1,0.1,0.1,0.1,0.1,0.1,0.1,0.0,0.0,0.0,0.0,0.0,0.0,0.0,0.1,0.1,0.1,0.1,0.1,0.2,0.2,0.2,0.1,0.1,0.0,0.0,0.0,0.0,0.0,0.0,0.0,0.0,0.1,0.1,0.2,0.2,0.2,0.1,0.1,0.1,0.1,0.1,0.1,0.1,0.1,0.0,0.0,0.0,0.0,0.0,0.0,0.0,0.1,0.1,0.1,1.1,1.1,0.4,0.4,0.4,0.1,0.1,0.1,0.1,0.1,0.1,0.1,0.1,0.1,0.1,0.0,0.0,0.0,0.0,0.0,0.1,0.1,0.1,0.1,0.1,0.1,0.1,0.1,0.0,0.0,0.0,0.0,0.0,0.0,0.0,0.1,0.1,0.1,1.1,1.1,0.4,0.4,0.4,0.1,0.1,0.1,0.1,0.1,0.1,0.1,0.1,0.1,0.1,0.0,0.0,0.0,0.0,0.0,0.1,0.1,0.1,0.1,0.1,0.1,0.1,0.0,0.0,0.0,0.0,0.0,0.0,0.0,0.1,0.1,0.1,1.1,1.1,0.4,0.4,0.4,0.1,0.1,0.1,0.1,0.1,0.1,0.1,0.1,0.1,0.1,0.0,0.0,0.0,0.0,0.0,0.1,0.1,0.0,0.1,0.1,0.1,0.1,0.0,0.0,0.0,0.0,0.0,0.0,0.1,0.1,0.1,0.3,0.3,0.2,0.2,0.2,0.0,0.0,0.0,0.0,0.0,0.0,0.0,0.0,0.0,0.0,0.0,0.0,0.0,0.0,0.0,0.0,0.0,0.0,0.0,0.0,0.0,0.0,0.0,0.0,0.0,0.0,0.0,0.1,0.1,0.1,0.3,0.3,0.2,0.2,0.2,0.0,0.0,0.0,0.0,0.0,0.0,0.0,0.0,0.0,0.0,0.0,0.0,0.0,0.0,0.0,0.0,0.0,0.0,0.0,0.0,0.0,0.0,0.0,0.0,0.0,0.0,0.0,0.0,0.0,0.0,0.0,0.0,0.0,0.0,0.0,0.0,0.0,0.0,0.0,0.0,0.0,0.0,0.0,0.0,0.0,0.0,0.0,0.0,0.0,0.0,0.0,0.0,0.0,0.0,0.0,0.0,0.0,0.0,0.0,0.0,0.0,0.0,0.0,0.0,0.0,0.0,0.0,0.0,0.0,0.0,0.0,0.0,0.0,0.0,0.0,0.0,0.0,0.0,0.0,0.0,0.0,0.0,0.0,0.0,0.0,0.0,0.0,0.0,0.0,0.0,0.0,0.0,0.0,0.0,0.0,0.0,0.0,0.0,0.0,0.0,0.0,0.0,0.0,0.0,0.0,0.0,0.0,0.0,0.0,0.0,0.0,0.0,0.0,0.0,0.0,0.0,0.0,0.0,0.0,0.0,0.0,0.0,0.0,0.0,0.0,0.0,0.0,0.0,0.0,0.0,0.0,0.0,0.0,0.0,0.0,0.0,0.0,0.0,0.0,0.0,0.0,0.0,0.0,0.0,0.0,0.0,0.0,0.0,0.0,0.0,0.0,0.0,0.0,0.0,0.0,0.0,0.0,0.0,0.0,0.0,0.0,0.0,0.0,0.0,0.0,0.0,0.0,0.0,0.0,0.0,0.0,0.0,0.0,0.0,0.0,0.0,0.0,0.0,0.0,0.0,0.0,0.0,0.0
2026-10-09T01:00:00Z,0.0,0.0,0.0,0.0,0.0,0.0,0.0,0.0,0.0,0.0,0.0,0.0,0.0,0.0,0.0,0.0,0.0,0.0,0.0,0.0,0.0,0.0,0.0,0.0,0.0,0.0,0.0,0.0,0.0,0.0,0.0,0.0,0.0,0.0,0.0,0.0,0.0,0.0,0.0,0.0,0.0,0.0,0.0,0.0,0.0,0.0,0.0,0.0,0.0,0.0,0.0,0.0,0.0,0.0,0.0,0.0,0.0,0.0,0.0,0.0,0.0,0.0,0.0,0.0,0.0,0.0,0.0,0.0,0.0,0.0,0.0,0.0,0.0,0.0,0.0,0.0,0.0,0.0,0.0,0.0,0.0,0.0,0.0,0.0,0.0,0.0,0.0,0.0,0.0,0.0,0.0,0.0,0.0,0.0,0.0,0.0,0.0,0.0,0.0,0.0,0.0,0.0,0.0,0.0,0.0,0.0,0.0,0.0,0.0,0.0,0.0,0.0,0.0,0.0,0.0,0.0,0.0,0.0,0.0,0.0,0.0,0.0,0.0,0.0,0.0,0.0,0.0,0.0,0.0,0.0,0.0,0.0,0.0,0.0,0.0,0.0,0.0,0.0,0.0,0.0,0.0,0.0,0.0,0.0,0.0,0.0,0.0,0.0,0.0,0.0,0.0,0.0,0.0,0.0,0.0,0.0,0.0,0.0,0.0,0.0,0.0,0.2,0.1,0.1,0.1,0.1,0.1,0.1,0.1,0.1,0.2,0.2,0.1,0.1,0.1,0.0,0.0,0.0,0.0,0.0,0.0,0.0,0.0,0.0,0.0,0.0,0.0,0.0,0.0,0.0,0.0,0.0,0.0,0.0,0.0,0.2,0.2,0.1,0.1,0.1,0.1,0.1,0.1,0.1,0.1,0.2,0.2,0.1,0.1,0.1,0.0,0.0,0.0,0.0,0.0,0.0,0.0,0.0,0.0,0.0,0.0,0.0,0.0,0.0,0.0,0.0,0.0,0.0,0.0,0.0,0.2,0.2,0.2,0.2,0.2,0.3,0.3,0.2,0.2,0.2,0.1,0.1,0.2,0.2,0.2,0.1,0.1,0.0,0.0,0.0,0.0,0.0,0.0,0.0,0.0,0.0,0.0,0.0,0.0,0.0,0.0,0.0,0.0,0.0,0.0,0.0,0.4,0.2,0.2,0.2,0.2,0.2,0.3,0.3,0.2,0.2,0.2,0.1,0.1,0.2,0.2,0.2,0.1,0.1,0.0,0.0,0.0,0.0,0.0,0.0,0.0,0.0,0.0,0.0,0.0,0.0,0.0,0.0,0.0,0.0,0.0,0.0,0.0,0.0,0.4,0.2,0.2,0.2,0.2,0.2,0.3,0.3,0.2,0.2,0.2,0.1,0.1,0.2,0.2,0.2,0.1,0.1,0.0,0.0,0.0,0.0,0.0,0.0,0.0,0.0,0.0,0.0,0.0,0.0,0.0,0.0,0.0,0.0,0.0,0.0,0.0,0.0,0.5,0.3,0.3,0.4,0.4,0.4,0.3,0.3,0.3,0.3,0.3,0.3,0.3,0.3,0.3,0.3,0.2,0.2,0.0,0.0,0.0,0.0,0.0,0.0,0.0,0.0,0.1,0.1,0.1,0.1,0.1,0.1,0.1,0.0,0.0,0.0,0.0,0.0,0.5,0.3,0.3,0.4,0.4,0.4,0.3,0.3,0.3,0.3,0.3,0.3,0.3,0.3,0.3,0.3,0.2,0.2,0.0,0.0,0.0,0.0,0.0,0.0,0.0,0.0,0.1,0.1,0.1,0.1,0.1,0.1,0.1,0.0,0.0,0.0,0.0,0.0,0.6,0.4,0.4,0.4,0.4,0.4,0.3,0.3,0.4,0.4,0.4,0.2,0.2,0.1,0.1,0.1,0.1,0.1,0.1,0.1,0.1,0.1,0.1,0.1,0.1,0.1,0.0,0.0,0.0,0.0,0.0,0.1,0.1,0.0,0.0,0.0,0.0,0.0,0.6,0.4,0.4,0.4,0.4,0.4,0.3,0.3,0.4,0.4,0.4,0.2,0.2,0.1,0.1,0.1,0.1,0.1,0.1,0.1,0.1,0.1,0.1,0.1,0.1,0.1,0.0,0.0,0.0,0.0,0.0,0.1,0.1,0.0,0.0,0.0,0.0,0.0,0.4,0.4,0.4,0.4,0.4,0.3,0.3,0.4,0.4,0.4,0.2,0.2,0.1,0.1,0.1,0.1,0.1,0.1,0.1,0.1,0.1,0.1,0.1,0.1,0.1,0.0,0.0,0.0,0.0,0.0,0.1,0.1,0.0,0.0,0.0,0.0,0.0,0.4,0.2,0.2,0.2,0.2,0.2,0.1,0.1,0.1,0.0,0.0,0.0,0.0,0.0,0.0,0.0,0.0,0.0,0.0,0.0,0.0,0.0,0.0,0.0,0.0,0.0,0.0,0.0,0.0,0.0,0.0,0.0,0.0,0.0,0.0,0.0,0.2,0.2,0.2,0.2,0.2,0.1,0.1,0.1,0.0,0.0,0.0,0.0,0.0,0.0,0.0,0.0,0.0,0.0,0.0,0.0,0.0,0.0,0.0,0.0,0.0,0.0,0.0,0.0,0.0,0.0,0.0,0.0,0.0,0.0,0.8,0.8,0.8,0.5,0.5,0.2,0.2,0.2,0.1,0.1,0.0,0.0,0.0,0.0,0.0,0.1,0.1,0.1,0.0,0.0,0.0,0.0,0.0,0.0,0.0,0.0,0.0,0.0,0.0,0.0,0.0,0.0,0.0,0.8,0.8,0.5,0.5,0.2,0.2,0.2,0.1,0.1,0.0,0.0,0.0,0.0,0.0,0.1,0.1,0.1,0.0,0.0,0.0,0.0,0.0,0.0,0.0,0.0,0.0,0.0,0.0,0.0,0.8,0.8,0.5,0.5,0.2,0.2,0.2,0.1,0.1,0.0,0.0,0.0,0.0,0.0,0.1,0.1,0.1,0.0,0.0,0.0,0.0,0.0,0.0,0.0,0.0,0.0,0.2,0.2,0.0,0.0,0.0,0.0,0.0,0.0,0.0,0.0,0.0,0.0,0.0,0.0,0.0,0.0,0.0,0.0,0.0,0.0,0.0,0.0,0.0,0.2,0.0,0.0,0.0,0.0,0.0,0.0,0.0,0.0,0.0,0.0,0.0,0.0,0.0,0.0,0.0,0.0,0.0,0.0,0.0,0.0,0.0,0.0,0.0,0.0,0.0,0.0,0.0,0.0,0.0,0.0,0.0,0.0,0.0,0.0,0.0,0.0,0.0,0.0,0.0,0.0,0.0,0.0,0.0,0.0,0.0,0.0,0.0,0.0,0.0,0.0
2026-10-09T02:00:00Z,0.0,0.0,0.0,0.0,0.0,0.0,0.0,0.0,0.0,0.0,0.0,0.0,0.0,0.0,0.0,0.0,0.0,0.0,0.0,0.0,0.0,0.0,0.0,0.0,0.0,0.0,0.0,0.0,0.0,0.0,0.0,0.0,0.0,0.0,0.0,0.0,0.0,0.0,0.0,0.0,0.0,0.0,0.0,0.0,0.0,0.0,0.0,0.0,0.0,0.0,0.0,0.0,0.0,0.0,0.0,0.0,0.0,0.0,0.0,0.0,0.0,0.0,0.0,0.0,0.0,0.0,0.0,0.0,0.0,0.0,0.0,0.0,0.0,0.0,0.0,0.0,0.0,0.0,0.0,0.0,0.0,0.0,0.0,0.0,0.0,0.0,0.0,0.0,0.0,0.0,0.0,0.0,0.0,0.0,0.0,0.0,0.0,0.0,0.0,0.0,0.0,0.0,0.0,0.0,0.0,0.0,0.0,0.0,0.0,0.0,0.0,0.0,0.0,0.0,0.0,0.0,0.0,0.0,0.0,0.0,0.0,0.0,0.0,0.0,0.0,0.0,0.0,0.0,0.0,0.0,0.0,0.0,0.0,0.0,0.0,0.0,0.0,0.0,0.0,0.0,0.0,0.0,0.0,0.0,0.0,0.0,0.0,0.0,0.0,0.0,0.0,0.0,0.0,0.0,0.0,0.0,0.0,0.0,0.0,0.0,0.0,0.2,0.1,0.1,0.1,0.1,0.1,0.1,0.1,0.1,0.2,0.2,0.1,0.1,0.1,0.0,0.0,0.0,0.0,0.0,0.0,0.0,0.0,0.0,0.0,0.0,0.0,0.0,0.0,0.0,0.0,0.0,0.0,0.0,0.0,0.2,0.2,0.1,0.1,0.1,0.1,0.1,0.1,0.1,0.1,0.2,0.2,0.1,0.1,0.1,0.0,0.0,0.0,0.0,0.0,0.0,0.0,0.0,0.0,0.0,0.0,0.0,0.0,0.0,0.0,0.0,0.0,0.0,0.0,0.0,0.2,0.2,0.2,0.2,0.2,0.3,0.3,0.2,0.2,0.2,0.1,0.1,0.2,0.2,0.2,0.1,0.1,0.0,0.0,0.0,0.0,0.0,0.0,0.0,0.0,0.0,0.0,0.0,0.0,0.0,0.0,0.0,0.0,0.0,0.0,0.0,0.4,0.2,0.2,0.2,0.2,0.2,0.3,0.3,0.2,0.2,0.2,0.1,0.1,0.2,0.2,0.2,0.1,0.1,0.0,0.0,0.0,0.0,0.0,0.0,0.0,0.0,0.0,0.0,0.0,0.0,0.0,0.0,0.0,0.0,0.0,0.0,0.0,0.0,0.4,0.2,0.2,0.2,0.2,0.2,0.3,0.3,0.2,0.2,0.2,0.1,0.1,0.2,0.2,0.2,0.1,0.1,0.0,0.0,0.0,0.0,0.0,0.0,0.0,0.0,0.0,0.0,0.0,0.0,0.0,0.0,0.0,0.0,0.0,0.0,0.0,0.0,0.5,0.3,0.3,0.4,0.4,0.4,0.3,0.3,0.3,0.3,0.3,0.3,0.3,0.3,0.3,0.3,0.2,0.2,0.0,0.0,0.0,0.0,0.0,0.0,0.0,0.0,0.1,0.1,0.1,0.1,0.1,0.1,0.1,0.0,0.0,0.0,0.0,0.0,0.5,0.3,0.3,0.4,0.4,0.4,0.3,0.3,0.3,0.3,0.3,0.3,0.3,0.3,0.3,0.3,0.2,0.2,0.0,0.0,0.0,0.0,0.0,0.0,0.0,0.0,0.1,0.1,0.1,0.1,0.1,0.1,0.1,0.0,0.0,0.0,0.0,0.0,0.6,0.4,0.4,0.4,0.4,0.4,0.3,0.3,0.4,0.4,0.4,0.2,0.2,0.1,0.1,0.1,0.1,0.1,0.1,0.1,0.1,0.1,0.1,0.1,0.1,0.1,0.0,0.0,0.0,0.0,0.0,0.1,0.1,0.0,0.0,0.0,0.0,0.0,0.6,0.4,0.4,0.4,0.4,0.4,0.3,0.3,0.4,0.4,0.4,0.2,0.2,0.1,0.1,0.1,0.1,0.1,0.1,0.1,0.1,0.1,0.1,0.1,0.1,0.1,0.0,0.0,0.0,0.0,0.0,0.1,0.1,0.0,0.0,0.0,0.0,0.0,0.4,0.4,0.4,0.4,0.4,0.3,0.3,0.4,0.4,0.4,0.2,0.2,0.1,0.1,0.1,0.1,0.1,0.1,0.1,0.1,0.1,0.1,0.1,0.1,0.1,0.0,0.0,0.0,0.0,0.0,0.1,0.1,0.0,0.0,0.0,0.0,0.0,0.4,0.2,0.2,0.2,0.2,0.2,0.1,0.1,0.1,0.0,0.0,0.0,0.0,0.0,0.0,0.0,0.0,0.0,0.0,0.0,0.0,0.0,0.0,0.0,0.0,0.0,0.0,0.0,0.0,0.0,0.0,0.0,0.0,0.0,0.0,0.0,0.2,0.2,0.2,0.2,0.2,0.1,0.1,0.1,0.0,0.0,0.0,0.0,0.0,0.0,0.0,0.0,0.0,0.0,0.0,0.0,0.0,0.0,0.0,0.0,0.0,0.0,0.0,0.0,0.0,0.0,0.0,0.0,0.0,0.0,0.8,0.8,0.8,0.5,0.5,0.2,0.2,0.2,0.1,0.1,0.0,0.0,0.0,0.0,0.0,0.1,0.1,0.1,0.0,0.0,0.0,0.0,0.0,0.0,0.0,0.0,0.0,0.0,0.0,0.0,0.0,0.0,0.0,0.8,0.8,0.5,0.5,0.2,0.2,0.2,0.1,0.1,0.0,0.0,0.0,0.0,0.0,0.1,0.1,0.1,0.0,0.0,0.0,0.0,0.0,0.0,0.0,0.0,0.0,0.0,0.0,0.0,0.8,0.8,0.5,0.5,0.2,0.2,0.2,0.1,0.1,0.0,0.0,0.0,0.0,0.0,0.1,0.1,0.1,0.0,0.0,0.0,0.0,0.0,0.0,0.0,0.0,0.0,0.2,0.2,0.0,0.0,0.0,0.0,0.0,0.0,0.0,0.0,0.0,0.0,0.0,0.0,0.0,0.0,0.0,0.0,0.0,0.0,0.0,0.0,0.0,0.2,0.0,0.0,0.0,0.0,0.0,0.0,0.0,0.0,0.0,0.0,0.0,0.0,0.0,0.0,0.0,0.0,0.0,0.0,0.0,0.0,0.0,0.0,0.0,0.0,0.0,0.0,0.0,0.0,0.0,0.0,0.0,0.0,0.0,0.0,0.0,0.0,0.0,0.0,0.0,0.0,0.0,0.0,0.0,0.0,0.0,0.0,0.0,0.0,0.0,0.0
2026-10-09T03:00:00Z,0.0,0.0,0.0,0.0,0.0,0.0,0.0,0.0,0.0,0.0,0.0,0.0,0.0,0.0,0.0,0.0,0.0,0.0,0.0,0.0,0.0,0.0,0.0,0.0,0.0,0.0,0.0,0.0,0.0,0.0,0.0,0.0,0.0,0.0,0.0,0.0,0.0,0.0,0.0,0.0,0.0,0.0,0.0,0.0,0.0,0.0,0.0,0.0,0.0,0.0,0.0,0.0,0.0,0.0,0.0,0.0,0.0,0.0,0.0,0.0,0.0,0.0,0.0,0.0,0.0,0.0,0.0,0.0,0.0,0.0,0.0,0.0,0.0,0.0,0.0,0.0,0.0,0.0,0.0,0.0,0.0,0.0,0.0,0.0,0.0,0.0,0.0,0.0,0.0,0.0,0.0,0.0,0.0,0.0,0.0,0.0,0.0,0.0,0.0,0.0,0.0,0.0,0.0,0.0,0.0,0.0,0.0,0.0,0.0,0.0,0.0,0.0,0.0,0.0,0.0,0.0,0.0,0.0,0.0,0.0,0.0,0.0,0.0,0.0,0.0,0.0,0.0,0.0,0.0,0.0,0.0,0.0,0.0,0.0,0.0,0.0,0.0,0.0,0.0,0.0,0.0,0.0,0.0,0.0,0.0,0.0,0.0,0.0,0.0,0.0,0.0,0.0,0.0,0.0,0.0,0.0,0.0,0.0,0.0,0.0,0.0,0.2,0.1,0.1,0.1,0.1,0.1,0.1,0.1,0.1,0.2,0.2,0.1,0.1,0.1,0.0,0.0,0.0,0.0,0.0,0.0,0.0,0.0,0.0,0.0,0.0,0.0,0.0,0.0,0.0,0.0,0.0,0.0,0.0,0.0,0.2,0.2,0.1,0.1,0.1,0.1,0.1,0.1,0.1,0.1,0.2,0.2,0.1,0.1,0.1,0.0,0.0,0.0,0.0,0.0,0.0,0.0,0.0,0.0,0.0,0.0,0.0,0.0,0.0,0.0,0.0,0.0,0.0,0.0,0.0,0.2,0.2,0.2,0.2,0.2,0.3,0.3,0.2,0.2,0.2,0.1,0.1,0.2,0.2,0.2,0.1,0.1,0.0,0.0,0.0,0.0,0.0,0.0,0.0,0.0,0.0,0.0,0.0,0.0,0.0,0.0,0.0,0.0,0.0,0.0,0.0,0.4,0.2,0.2,0.2,0.2,0.2,0.3,0.3,0.2,0.2,0.2,0.1,0.1,0.2,0.2,0.2,0.1,0.1,0.0,0.0,0.0,0.0,0.0,0.0,0.0,0.0,0.0,0.0,0.0,0.0,0.0,0.0,0.0,0.0,0.0,0.0,0.0,0.0,0.4,0.2,0.2,0.2,0.2,0.2,0.3,0.3,0.2,0.2,0.2,0.1,0.1,0.2,0.2,0.2,0.1,0.1,0.0,0.0,0.0,0.0,0.0,0.0,0.0,0.0,0.0,0.0,0.0,0.0,0.0,0.0,0.0,0.0,0.0,0.0,0.0,0.0,0.5,0.3,0.3,0.4,0.4,0.4,0.3,0.3,0.3,0.3,0.3,0.3,0.3,0.3,0.3,0.3,0.2,0.2,0.0,0.0,0.0,0.0,0.0,0.0,0.0,0.0,0.1,0.1,0.1,0.1,0.1,0.1,0.1,0.0,0.0,0.0,0.0,0.0,0.5,0.3,0.3,0.4,0.4,0.4,0.3,0.3,0.3,0.3,0.3,0.3,0.3,0.3,0.3,0.3,0.2,0.2,0.0,0.0,0.0,0.0,0.0,0.0,0.0,0.0,0.1,0.1,0.1,0.1,0.1,0.1,0.1,0.0,0.0,0.0,0.0,0.0,0.6,0.4,0.4,0.4,0.4,0.4,0.3,0.3,0.4,0.4,0.4,0.2,0.2,0.1,0.1,0.1,0.1,0.1,0.1,0.1,0.1,0.1,0.1,0.1,0.1,0.1,0.0,0.0,0.0,0.0,0.0,0.1,0.1,0.0,0.0,0.0,0.0,0.0,0.6,0.4,0.4,0.4,0.4,0.4,0.3,0.3,0.4,0.4,0.4,0.2,0.2,0.1,0.1,0.1,0.1,0.1,0.1,0.1,0.1,0.1,0.1,0.1,0.1,0.1,0.0,0.0,0.0,0.0,0.0,0.1,0.1,0.0,0.0,0.0,0.0,0.0,0.4,0.4,0.4,0.4,0.4,0.3,0.3,0.4,0.4,0.4,0.2,0.2,0.1,0.1,0.1,0.1,0.1,0.1,0.1,0.1,0.1,0.1,0.1,0.1,0.1,0.0,0.0,0.0,0.0,0.0,0.1,0.1,0.0,0.0,0.0,0.0,0.0,0.4,0.2,0.2,0.2,0.2,0.2,0.1,0.1,0.1,0.0,0.0,0.0,0.0,0.0,0.0,0.0,0.0,0.0,0.0,0.0,0.0,0.0,0.0,0.0,0.0,0.0,0.0,0.0,0.0,0.0,0.0,0.0,0.0,0.0,0.0,0.0,0.2,0.2,0.2,0.2,0.2,0.1,0.1,0.1,0.0,0.0,0.0,0.0,0.0,0.0,0.0,0.0,0.0,0.0,0.0,0.0,0.0,0.0,0.0,0.0,0.0,0.0,0.0,0.0,0.0,0.0,0.0,0.0,0.0,0.0,0.8,0.8,0.8,0.5,0.5,0.2,0.2,0.2,0.1,0.1,0.0,0.0,0.0,0.0,0.0,0.1,0.1,0.1,0.0,0.0,0.0,0.0,0.0,0.0,0.0,0.0,0.0,0.0,0.0,0.0,0.0,0.0,0.0,0.8,0.8,0.5,0.5,0.2,0.2,0.2,0.1,0.1,0.0,0.0,0.0,0.0,0.0,0.1,0.1,0.1,0.0,0.0,0.0,0.0,0.0,0.0,0.0,0.0,0.0,0.0,0.0,0.0,0.8,0.8,0.5,0.5,0.2,0.2,0.2,0.1,0.1,0.0,0.0,0.0,0.0,0.0,0.1,0.1,0.1,0.0,0.0,0.0,0.0,0.0,0.0,0.0,0.0,0.0,0.2,0.2,0.0,0.0,0.0,0.0,0.0,0.0,0.0,0.0,0.0,0.0,0.0,0.0,0.0,0.0,0.0,0.0,0.0,0.0,0.0,0.0,0.0,0.2,0.0,0.0,0.0,0.0,0.0,0.0,0.0,0.0,0.0,0.0,0.0,0.0,0.0,0.0,0.0,0.0,0.0,0.0,0.0,0.0,0.0,0.0,0.0,0.0,0.0,0.0,0.0,0.0,0.0,0.0,0.0,0.0,0.0,0.0,0.0,0.0,0.0,0.0,0.0,0.0,0.0,0.0,0.0,0.0,0.0,0.0,0.0,0.0,0.0,0.0
2026-10-09T04:00:00Z,0.4,0.2,0.2,0.2,0.2,0.2,0.2,0.2,0.2,1.0,0.4,0.4,0.4,0.2,0.2,0.2,0.2,0.2,0.2,0.2,0.2,0.2,0.5,1.0,1.0,0.4,0.4,0.4,0.2,0.2,0.2,0.2,0.2,0.2,0.2,0.2,0.2,0.8,0.8,0.3,0.3,0.4,0.4,0.4,0.2,0.2,0.2,0.2,0.2,0.4,0.4,0.2,0.2,0.2,0.8,0.8,0.8,0.3,0.3,0.4,0.4,0.4,0.2,0.2,0.2,0.2,0.2,0.4,0.4,0.2,0.2,0.2,0.9,0.7,0.7,0.7,0.6,0.6,0.9,0.9,0.9,1.5,1.5,0.5,0.5,0.5,1.0,1.0,0.5,0.5,0.5,0.2,0.2,0.2,0.0,0.0,0.0,0.0,0.0,0.9,0.7,0.7,0.7,0.6,0.6,0.9,0.9,0.9,1.5,1.5,0.5,0.5,0.5,1.0,1.0,0.5,0.5,0.5,0.3,0.2,0.2,0.2,0.2,0.0,0.0,0.0,0.0,0.0,0.0,0.9,0.7,0.7,0.7,0.6,0.6,0.9,0.9,0.9,1.5,1.5,0.5,0.5,0.5,1.0,1.0,0.5,0.5,0.5,0.3,0.2,0.2,0.2,0.2,0.2,0.0,0.0,0.0,0.0,0.0,0.0,0.0,0.9,0.7,0.7,0.7,0.7,0.7,0.9,0.9,0.9,0.5,0.5,0.5,0.5,0.5,0.5,0.5,0.4,0.4,0.4,0.3,0.3,0.2,0.2,0.2,0.1,0.1,0.0,0.0,0.0,0.0,0.0,0.0,0.0,0.0,0.9,0.9,0.7,0.7,0.7,0.7,0.7,0.9,0.9,0.9,0.5,0.5,0.5,0.5,0.5,0.5,0.5,0.4,0.4,0.4,0.3,0.3,0.2,0.2,0.2,0.1,0.1,0.0,0.0,0.0,0.0,0.0,0.0,0.0,0.0,1.4,1.4,1.5,1.5,1.5,1.7,1.7,0.7,0.7,0.7,0.7,0.7,0.9,0.9,0.9,0.6,0.6,0.5,0.5,0.5,0.4,0.4,0.3,0.3,0.3,0.1,0.1,0.0,0.0,0.0,0.0,0.0,0.0,0.0,0.0,0.0,1.0,1.4,1.4,1.5,1.5,1.5,1.7,1.7,0.7,0.7,0.7,0.7,0.7,0.9,0.9,0.9,0.6,0.6,0.5,0.5,0.5,0.4,0.4,0.3,0.3,0.3,0.1,0.1,0.0,0.0,0.0,0.0,0.0,0.0,0.0,0.0,0.0,0.0,1.0,1.4,1.4,1.5,1.5,1.5,1.7,1.7,0.7,0.7,0.7,0.7,0.7,0.9,0.9,0.9,0.6,0.6,0.5,0.5,0.5,0.4,0.4,0.3,0.3,0.3,0.1,0.1,0.0,0.0,0.0,0.0,0.0,0.0,0.0,0.0,0.0,0.0,1.0,1.2,1.2,1.8,1.8,1.8,1.0,1.0,1.0,1.0,1.0,1.6,1.6,0.7,0.7,0.7,0.5,0.5,0.5,0.5,0.5,0.6,0.6,0.4,0.4,0.4,0.2,0.2,0.2,0.2,0.2,0.0,0.0,0.0,0.0,0.0,0.0,0.0,1.0,1.2,1.2,1.8,1.8,1.8,1.0,1.0,1.0,1.0,1.0,1.6,1.6,0.7,0.7,0.7,0.5,0.5,0.5,0.5,0.5,0.6,0.6,0.4,0.4,0.4,0.2,0.2,0.2,0.2,0.2,0.0,0.0,0.0,0.0,0.0,0.0,0.0,0.8,0.7,0.7,0.6,0.6,0.6,1.1,1.1,0.6,0.6,0.6,0.4,0.4,1.2,1.2,1.2,1.3,1.3,0.9,0.9,0.9,0.6,0.6,0.4,0.4,0.4,0.1,0.1,0.1,0.1,0.1,0.0,0.0,0.0,0.0,0.0,0.0,0.0,0.8,0.7,0.7,0.6,0.6,0.6,1.1,1.1,0.6,0.6,0.6,0.4,0.4,1.2,1.2,1.2,1.3,1.3,0.9,0.9,0.9,0.6,0.6,0.4,0.4,0.4,0.1,0.1,0.1,0.1,0.1,0.0,0.0,0.0,0.0,0.0,0.0,0.0,0.7,0.7,0.6,0.6,0.6,1.1,1.1,0.6,0.6,0.6,0.4,0.4,1.2,1.2,1.2,1.3,1.3,0.9,0.9,0.9,0.6,0.6,0.4,0.4,0.4,0.1,0.1,0.1,0.1,0.1,0.0,0.0,0.0,0.0,0.0,0.0,0.0,0.6,0.8,0.8,0.8,0.6,0.6,0.5,0.5,0.5,1.0,1.0,1.9,1.9,1.9,0.5,0.5,0.2,0.2,0.2,0.1,0.1,0.0,0.0,0.0,0.0,0.0,0.0,0.0,0.0,0.1,0.1,0.0,0.0,0.0,0.0,0.0,0.8,0.8,0.8,0.6,0.6,0.5,0.5,0.5,1.0,1.0,1.9,1.9,1.9,0.5,0.5,0.2,0.2,0.2,0.1,0.1,0.0,0.0,0.0,0.0,0.0,0.0,0.0,0.0,0.1,0.1,0.0,0.0,0.0,0.0,0.6,0.6,0.6,0.6,0.6,0.2,0.2,0.2,0.1,0.1,0.0,0.0,0.0,0.0,0.0,0.0,0.0,0.0,0.0,0.0,0.0,0.0,0.0,0.0,0.0,0.0,0.0,0.0,0.0,0.0,0.0,0.0,0.0,0.6,0.6,0.6,0.6,0.2,0.2,0.2,0.1,0.1,0.0,0.0,0.0,0.0,0.0,0.0,0.0,0.0,0.0,0.0,0.0,0.0,0.0,0.0,0.0,0.0,0.0,0.0,0.0,0.0,0.6,0.6,0.6,0.6,0.2,0.2,0.2,0.1,0.1,0.0,0.0,0.0,0.0,0.0,0.0,0.0,0.0,0.0,0.0,0.0,0.0,0.0,0.0,0.0,0.0,0.0,0.8,0.8,0.0,0.0,0.0,0.0,0.0,0.0,0.0,0.0,0.0,0.0,0.0,0.0,0.0,0.0,0.0,0.0,0.0,0.0,0.0,0.0,0.0,0.8,0.0,0.0,0.0,0.0,0.0,0.0,0.0,0.0,0.0,0.0,0.0,0.0,0.0,0.0,0.0,0.0,0.0,0.0,0.0,0.0,0.0,0.0,0.0,0.0,0.0,0.0,0.0,0.0,0.0,0.0,0.0,0.0,0.0,0.0,0.0,0.0,0.0,0.0,0.0,0.0,0.0,0.0,0.0,0.0,0.0,0.0,0.0,0.0,0.0,0.0
2026-10-09T05:00:00Z,0.4,0.2,0.2,0.2,0.2,0.2,0.2,0.2,0.2,1.0,0.4,0.4,0.4,0.2,0.2,0.2,0.2,0.2,0.2,0.2,0.2,0.2,0.5,1.0,1.0,0.4,0.4,0.4,0.2,0.2,0.2,0.2,0.2,0.2,0.2,0.2,0.2,0.8,0.8,0.3,0.3,0.4,0.4,0.4,0.2,0.2,0.2,0.2,0.2,0.4,0.4,0.2,0.2,0.2,0.8,0.8,0.8,0.3,0.3,0.4,0.4,0.4,0.2,0.2,0.2,0.2,0.2,0.4,0.4,0.2,0.2,0.2,0.9,0.7,0.7,0.7,0.6,0.6,0.9,0.9,0.9,1.5,1.5,0.5,0.5,0.5,1.0,1.0,0.5,0.5,0.5,0.2,0.2,0.2,0.0,0.0,0.0,0.0,0.0,0.9,0.7,0.7,0.7,0.6,0.6,0.9,0.9,0.9,1.5,1.5,0.5,0.5,0.5,1.0,1.0,0.5,0.5,0.5,0.3,0.2,0.2,0.2,0.2,0.0,0.0,0.0,0.0,0.0,0.0,0.9,0.7,0.7,0.7,0.6,0.6,0.9,0.9,0.9,1.5,1.5,0.5,0.5,0.5,1.0,1.0,0.5,0.5,0.5,0.3,0.2,0.2,0.2,0.2,0.2,0.0,0.0,0.0,0.0,0.0,0.0,0.0,0.9,0.7,0.7,0.7,0.7,0.7,0.9,0.9,0.9,0.5,0.5,0.5,0.5,0.5,0.5,0.5,0.4,0.4,0.4,0.3,0.3,0.2,0.2,0.2,0.1,0.1,0.0,0.0,0.0,0.0,0.0,0.0,0.0,0.0,0.9,0.9,0.7,0.7,0.7,0.7,0.7,0.9,0.9,0.9,0.5,0.5,0.5,0.5,0.5,0.5,0.5,0.4,0.4,0.4,0.3,0.3,0.2,0.2,0.2,0.1,0.1,0.0,0.0,0.0,0.0,0.0,0.0,0.0,0.0,1.4,1.4,1.5,1.5,1.5,1.7,1.7,0.7,0.7,0.7,0.7,0.7,0.9,0.9,0.9,0.6,0.6,0.5,0.5,0.5,0.4,0.4,0.3,0.3,0.3,0.1,0.1,0.0,0.0,0.0,0.0,0.0,0.0,0.0,0.0,0.0,1.0,1.4,1.4,1.5,1.5,1.5,1.7,1.7,0.7,0.7,0.7,0.7,0.7,0.9,0.9,0.9,0.6,0.6,0.5,0.5,0.5,0.4,0.4,0.3,0.3,0.3,0.1,0.1,0.0,0.0,0.0,0.0,0.0,0.0,0.0,0.0,0.0,0.0,1.0,1.4,1.4,1.5,1.5,1.5,1.7,1.7,0.7,0.7,0.7,0.7,0.7,0.9,0.9,0.9,0.6,0.6,0.5,0.5,0.5,0.4,0.4,0.3,0.3,0.3,0.1,0.1,0.0,0.0,0.0,0.0,0.0,0.0,0.0,0.0,0.0,0.0,1.0,1.2,1.2,1.8,1.8,1.8,1.0,1.0,1.0,1.0,1.0,1.6,1.6,0.7,0.7,0.7,0.5,0.5,0.5,0.5,0.5,0.6,0.6,0.4,0.4,0.4,0.2,0.2,0.2,0.2,0.2,0.0,0.0,0.0,0.0,0.0,0.0,0.0,1.0,1.2,1.2,1.8,1.8,1.8,1.0,1.0,1.0,1.0,1.0,1.6,1.6,0.7,0.7,0.7,0.5,0.5,0.5,0.5,0.5,0.6,0.6,0.4,0.4,0.4,0.2,0.2,0.2,0.2,0.2,0.0,0.0,0.0,0.0,0.0,0.0,0.0,0.8,0.7,0.7,0.6,0.6,0.6,1.1,1.1,0.6,0.6,0.6,0.4,0.4,1.2,1.2,1.2,1.3,1.3,0.9,0.9,0.9,0.6,0.6,0.4,0.4,0.4,0.1,0.1,0.1,0.1,0.1,0.0,0.0,0.0,0.0,0.0,0.0,0.0,0.8,0.7,0.7,0.6,0.6,0.6,1.1,1.1,0.6,0.6,0.6,0.4,0.4,1.2,1.2,1.2,1.3,1.3,0.9,0.9,0.9,0.6,0.6,0.4,0.4,0.4,0.1,0.1,0.1,0.1,0.1,0.0,0.0,0.0,0.0,0.0,0.0,0.0,0.7,0.7,0.6,0.6,0.6,1.1,1.1,0.6,0.6,0.6,0.4,0.4,1.2,1.2,1.2,1.3,1.3,0.9,0.9,0.9,0.6,0.6,0.4,0.4,0.4,0.1,0.1,0.1,0.1,0.1,0.0,0.0,0.0,0.0,0.0,0.0,0.0,0.6,0.8,0.8,0.8,0.6,0.6,0.5,0.5,0.5,1.0,1.0,1.9,1.9,1.9,0.5,0.5,0.2,0.2,0.2,0.1,0.1,0.0,0.0,0.0,0.0,0.0,0.0,0.0,0.0,0.1,0.1,0.0,0.0,0.0,0.0,0.0,0.8,0.8,0.8,0.6,0.6,0.5,0.5,0.5,1.0,1.0,1.9,1.9,1.9,0.5,0.5,0.2,0.2,0.2,0.1,0.1,0.0,0.0,0.0,0.0,0.0,0.0,0.0,0.0,0.1,0.1,0.0,0.0,0.0,0.0,0.6,0.6,0.6,0.6,0.6,0.2,0.2,0.2,0.1,0.1,0.0,0.0,0.0,0.0,0.0,0.0,0.0,0.0,0.0,0.0,0.0,0.0,0.0,0.0,0.0,0.0,0.0,0.0,0.0,0.0,0.0,0.0,0.0,0.6,0.6,0.6,0.6,0.2,0.2,0.2,0.1,0.1,0.0,0.0,0.0,0.0,0.0,0.0,0.0,0.0,0.0,0.0,0.0,0.0,0.0,0.0,0.0,0.0,0.0,0.0,0.0,0.0,0.6,0.6,0.6,0.6,0.2,0.2,0.2,0.1,0.1,0.0,0.0,0.0,0.0,0.0,0.0,0.0,0.0,0.0,0.0,0.0,0.0,0.0,0.0,0.0,0.0,0.0,0.8,0.8,0.0,0.0,0.0,0.0,0.0,0.0,0.0,0.0,0.0,0.0,0.0,0.0,0.0,0.0,0.0,0.0,0.0,0.0,0.0,0.0,0.0,0.8,0.0,0.0,0.0,0.0,0.0,0.0,0.0,0.0,0.0,0.0,0.0,0.0,0.0,0.0,0.0,0.0,0.0,0.0,0.0,0.0,0.0,0.0,0.0,0.0,0.0,0.0,0.0,0.0,0.0,0.0,0.0,0.0,0.0,0.0,0.0,0.0,0.0,0.0,0.0,0.0,0.0,0.0,0.0,0.0,0.0,0.0,0.0,0.0,0.0,0.0
2026-10-09T06:00:00Z,0.4,0.2,0.2,0.2,0.2,0.2,0.2,0.2,0.2,1.0,0.4,0.4,0.4,0.2,0.2,0.2,0.2,0.2,0.2,0.2,0.2,0.2,0.5,1.0,1.0,0.4,0.4,0.4,0.2,0.2,0.2,0.2,0.2,0.2,0.2,0.2,0.2,0.8,0.8,0.3,0.3,0.4,0.4,0.4,0.2,0.2,0.2,0.2,0.2,0.4,0.4,0.2,0.2,0.2,0.8,0.8,0.8,0.3,0.3,0.4,0.4,0.4,0.2,0.2,0.2,0.2,0.2,0.4,0.4,0.2,0.2,0.2,0.9,0.7,0.7,0.7,0.6,0.6,0.9,0.9,0.9,1.5,1.5,0.5,0.5,0.5,1.0,1.0,0.5,0.5,0.5,0.2,0.2,0.2,0.0,0.0,0.0,0.0,0.0,0.9,0.7,0.7,0.7,0.6,0.6,0.9,0.9,0.9,1.5,1.5,0.5,0.5,0.5,1.0,1.0,0.5,0.5,0.5,0.3,0.2,0.2,0.2,0.2,0.0,0.0,0.0,0.0,0.0,0.0,0.9,0.7,0.7,0.7,0.6,0.6,0.9,0.9,0.9,1.5,1.5,0.5,0.5,0.5,1.0,1.0,0.5,0.5,0.5,0.3,0.2,0.2,0.2,0.2,0.2,0.0,0.0,0.0,0.0,0.0,0.0,0.0,0.9,0.7,0.7,0.7,0.7,0.7,0.9,0.9,0.9,0.5,0.5,0.5,0.5,0.5,0.5,0.5,0.4,0.4,0.4,0.3,0.3,0.2,0.2,0.2,0.1,0.1,0.0,0.0,0.0,0.0,0.0,0.0,0.0,0.0,0.9,0.9,0.7,0.7,0.7,0.7,0.7,0.9,0.9,0.9,0.5,0.5,0.5,0.5,0.5,0.5,0.5,0.4,0.4,0.4,0.3,0.3,0.2,0.2,0.2,0.1,0.1,0.0,0.0,0.0,0.0,0.0,0.0,0.0,0.0,1.4,1.4,1.5,1.5,1.5,1.7,1.7,0.7,0.7,0.7,0.7,0.7,0.9,0.9,0.9,0.6,0.6,0.5,0.5,0.5,0.4,0.4,0.3,0.3,0.3,0.1,0.1,0.0,0.0,0.0,0.0,0.0,0.0,0.0,0.0,0.0,1.0,1.4,1.4,1.5,1.5,1.5,1.7,1.7,0.7,0.7,0.7,0.7,0.7,0.9,0.9,0.9,0.6,0.6,0.5,0.5,0.5,0.4,0.4,0.3,0.3,0.3,0.1,0.1,0.0,0.0,0.0,0.0,0.0,0.0,0.0,0.0,0.0,0.0,1.0,1.4,1.4,1.5,1.5,1.5,1.7,1.7,0.7,0.7,0.7,0.7,0.7,0.9,0.9,0.9,0.6,0.6,0.5,0.5,0.5,0.4,0.4,0.3,0.3,0.3,0.1,0.1,0.0,0.0,0.0,0.0,0.0,0.0,0.0,0.0,0.0,0.0,1.0,1.2,1.2,1.8,1.8,1.8,1.0,1.0,1.0,1.0,1.0,1.6,1.6,0.7,0.7,0.7,0.5,0.5,0.5,0.5,0.5,0.6,0.6,0.4,0.4,0.4,0.2,0.2,0.2,0.2,0.2,0.0,0.0,0.0,0.0,0.0,0.0,0.0,1.0,1.2,1.2,1.8,1.8,1.8,1.0,1.0,1.0,1.0,1.0,1.6,1.6,0.7,0.7,0.7,0.5,0.5,0.5,0.5,0.5,0.6,0.6,0.4,0.4,0.4,0.2,0.2,0.2,0.2,0.2,0.0,0.0,0.0,0.0,0.0,0.0,0.0,0.8,0.7,0.7,0.6,0.6,0.6,1.1,1.1,0.6,0.6,0.6,0.4,0.4,1.2,1.2,1.2,1.3,1.3,0.9,0.9,0.9,0.6,0.6,0.4,0.4,0.4,0.1,0.1,0.1,0.1,0.1,0.0,0.0,0.0,0.0,0.0,0.0,0.0,0.8,0.7,0.7,0.6,0.6,0.6,1.1,1.1,0.6,0.6,0.6,0.4,0.4,1.2,1.2,1.2,1.3,1.3,0.9,0.9,0.9,0.6,0.6,0.4,0.4,0.4,0.1,0.1,0.1,0.1,0.1,0.0,0.0,0.0,0.0,0.0,0.0,0.0,0.7,0.7,0.6,0.6,0.6,1.1,1.1,0.6,0.6,0.6,0.4,0.4,1.2,1.2,1.2,1.3,1.3,0.9,0.9,0.9,0.6,0.6,0.4,0.4,0.4,0.1,0.1,0.1,0.1,0.1,0.0,0.0,0.0,0.0,0.0,0.0,0.0,0.6,0.8,0.8,0.8,0.6,0.6,0.5,0.5,0.5,1.0,1.0,1.9,1.9,1.9,0.5,0.5,0.2,0.2,0.2,0.1,0.1,0.0,0.0,0.0,0.0,0.0,0.0,0.0,0.0,0.1,0.1,0.0,0.0,0.0,0.0,0.0,0.8,0.8,0.8,0.6,0.6,0.5,0.5,0.5,1.0,1.0,1.9,1.9,1.9,0.5,0.5,0.2,0.2,0.2,0.1,0.1,0.0,0.0,0.0,0.0,0.0,0.0,0.0,0.0,0.1,0.1,0.0,0.0,0.0,0.0,0.6,0.6,0.6,0.6,0.6,0.2,0.2,0.2,0.1,0.1,0.0,0.0,0.0,0.0,0.0,0.0,0.0,0.0,0.0,0.0,0.0,0.0,0.0,0.0,0.0,0.0,0.0,0.0,0.0,0.0,0.0,0.0,0.0,0.6,0.6,0.6,0.6,0.2,0.2,0.2,0.1,0.1,0.0,0.0,0.0,0.0,0.0,0.0,0.0,0.0,0.0,0.0,0.0,0.0,0.0,0.0,0.0,0.0,0.0,0.0,0.0,0.0,0.6,0.6,0.6,0.6,0.2,0.2,0.2,0.1,0.1,0.0,0.0,0.0,0.0,0.0,0.0,0.0,0.0,0.0,0.0,0.0,0.0,0.0,0.0,0.0,0.0,0.0,0.8,0.8,0.0,0.0,0.0,0.0,0.0,0.0,0.0,0.0,0.0,0.0,0.0,0.0,0.0,0.0,0.0,0.0,0.0,0.0,0.0,0.0,0.0,0.8,0.0,0.0,0.0,0.0,0.0,0.0,0.0,0.0,0.0,0.0,0.0,0.0,0.0,0.0,0.0,0.0,0.0,0.0,0.0,0.0,0.0,0.0,0.0,0.0,0.0,0.0,0.0,0.0,0.0,0.0,0.0,0.0,0.0,0.0,0.0,0.0,0.0,0.0,0.0,0.0,0.0,0.0,0.0,0.0,0.0,0.0,0.0,0.0,0.0,0.0
2026-10-09T07:00:00Z,0.3,0.2,0.2,0.1,0.1,0.1,0.0,0.0,0.0,0.2,0.3,0.3,0.3,0.2,0.2,0.1,0.1,0.1,0.0,0.0,0.0,0.1,0.1,0.2,0.2,0.3,0.3,0.3,0.2,0.2,0.1,0.1,0.1,0.0,0.0,0.1,0.1,0.3,0.3,0.7,0.7,1.0,1.0,1.0,0.5,0.5,0.3,0.3,0.3,0.2,0.2,0.1,0.1,0.1,0.3,0.3,0.3,0.7,0.7,1.0,1.0,1.0,0.5,0.5,0.3,0.3,0.3,0.2,0.2,0.1,0.1,0.1,0.6,1.8,1.8,1.8,1.7,1.7,0.9,0.9,0.9,0.6,0.6,0.4,0.4,0.4,0.2,0.2,0.2,0.2,0.2,0.2,0.3,0.3,0.3,0.3,0.3,0.2,0.4,0.6,1.8,1.8,1.8,1.7,1.7,0.9,0.9,0.9,0.6,0.6,0.4,0.4,0.4,0.2,0.2,0.2,0.2,0.2,0.1,0.2,0.2,0.3,0.3,0.3,0.3,0.3,0.3,0.4,0.5,0.6,1.8,1.8,1.8,1.7,1.7,0.9,0.9,0.9,0.6,0.6,0.4,0.4,0.4,0.2,0.2,0.2,0.2,0.2,0.1,0.2,0.2,0.2,0.3,0.3,0.3,0.3,0.3,1.2,1.2,1.2,0.5,1.0,2.9,2.9,2.9,2.4,2.4,1.7,1.7,1.7,0.3,0.3,0.2,0.2,0.2,0.2,0.2,0.1,0.1,0.1,0.1,0.1,0.2,0.2,0.2,0.4,0.4,0.8,0.8,0.8,1.2,1.2,1.2,1.4,1.4,1.0,1.0,2.9,2.9,2.9,2.4,2.4,1.7,1.7,1.7,0.3,0.3,0.2,0.2,0.2,0.2,0.2,0.1,0.1,0.1,0.1,0.1,0.2,0.2,0.2,0.4,0.4,0.8,0.8,0.8,1.2,1.2,1.2,1.6,1.6,0.3,0.3,0.2,0.2,0.2,1.3,1.3,0.7,0.7,0.7,0.8,0.8,0.1,0.1,0.1,0.1,0.1,0.1,0.1,0.1,0.2,0.2,0.3,0.3,0.3,0.4,0.4,0.4,0.4,0.4,0.9,0.9,1.6,1.6,1.6,1.6,0.7,0.3,0.3,0.2,0.2,0.2,1.3,1.3,0.7,0.7,0.7,0.8,0.8,0.1,0.1,0.1,0.1,0.1,0.1,0.1,0.1,0.2,0.2,0.3,0.3,0.3,0.4,0.4,0.4,0.4,0.4,0.9,0.9,1.6,1.6,1.6,1.6,0.3,0.7,0.3,0.3,0.2,0.2,0.2,1.3,1.3,0.7,0.7,0.7,0.8,0.8,0.1,0.1,0.1,0.1,0.1,0.1,0.1,0.1,0.2,0.2,0.3,0.3,0.3,0.4,0.4,0.4,0.4,0.4,0.9,0.9,1.6,1.6,1.6,0.3,0.3,0.4,0.3,0.3,0.2,0.2,0.2,0.1,0.1,0.0,0.0,0.0,0.0,0.0,0.0,0.0,0.0,0.0,0.0,0.1,0.1,0.1,0.2,0.2,0.2,0.2,0.2,0.3,0.3,0.2,0.2,0.2,0.1,0.1,0.0,0.0,0.0,0.3,0.3,0.4,0.3,0.3,0.2,0.2,0.2,0.1,0.1,0.0,0.0,0.0,0.0,0.0,0.0,0.0,0.0,0.0,0.0,0.1,0.1,0.1,0.2,0.2,0.2,0.2,0.2,0.3,0.3,0.2,0.2,0.2,0.1,0.1,0.0,0.0,0.0,0.3,0.3,0.5,0.3,0.3,0.2,0.2,0.2,0.1,0.1,0.0,0.0,0.0,0.0,0.0,0.0,0.0,0.0,0.0,0.0,0.1,0.1,0.1,0.1,0.1,0.2,0.2,0.2,0.3,0.3,0.2,0.2,0.2,0.0,0.0,0.0,0.0,0.0,0.3,0.3,0.5,0.3,0.3,0.2,0.2,0.2,0.1,0.1,0.0,0.0,0.0,0.0,0.0,0.0,0.0,0.0,0.0,0.0,0.1,0.1,0.1,0.1,0.1,0.2,0.2,0.2,0.3,0.3,0.2,0.2,0.2,0.0,0.0,0.0,0.0,0.0,0.3,0.3,0.3,0.3,0.2,0.2,0.2,0.1,0.1,0.0,0.0,0.0,0.0,0.0,0.0,0.0,0.0,0.0,0.0,0.1,0.1,0.1,0.1,0.1,0.2,0.2,0.2,0.3,0.3,0.2,0.2,0.2,0.0,0.0,0.0,0.0,0.0,0.3,0.3,0.3,0.1,0.1,0.1,0.0,0.0,0.0,0.0,0.0,0.0,0.0,0.0,0.0,0.0,0.0,0.0,0.0,0.0,0.0,0.3,0.3,0.1,0.1,0.1,0.2,0.2,0.0,0.0,0.0,0.0,0.0,0.0,0.0,0.0,0.0,0.0,0.1,0.1,0.1,0.0,0.0,0.0,0.0,0.0,0.0,0.0,0.0,0.0,0.0,0.0,0.0,0.0,0.0,0.0,0.3,0.3,0.1,0.1,0.1,0.2,0.2,0.0,0.0,0.0,0.0,0.0,0.0,0.0,0.0,0.0,0.1,0.1,0.1,0.0,0.0,0.0,0.0,0.0,0.0,0.0,0.0,0.0,0.0,0.0,0.0,0.0,0.0,0.0,0.0,0.0,0.0,0.0,0.0,0.0,0.0,0.0,0.0,0.0,0.0,0.0,0.0,0.0,0.0,0.1,0.1,0.0,0.0,0.0,0.0,0.0,0.0,0.0,0.0,0.0,0.0,0.0,0.0,0.0,0.0,0.0,0.0,0.0,0.0,0.0,0.0,0.0,0.0,0.0,0.0,0.0,0.0,0.0,0.1,0.1,0.0,0.0,0.0,0.0,0.0,0.0,0.0,0.0,0.0,0.0,0.0,0.0,0.0,0.0,0.0,0.0,0.0,0.0,0.0,0.0,0.0,0.0,0.0,0.0,0.0,0.0,0.0,0.0,0.0,0.0,0.0,0.0,0.0,0.0,0.0,0.0,0.0,0.0,0.1,0.1,0.1,0.0,0.0,0.0,0.0,0.0,0.0,0.0,0.0,0.0,0.0,0.0,0.0,0.0,0.0,0.0,0.0,0.0,0.0,0.0,0.1,0.1,0.1,0.0,0.0,0.0,0.0,0.0,0.0,0.0,0.0,0.0,0.0,0.0,0.0,0.0,0.0,0.0,0.0,0.0,0.0,0.0,0.0,0.0,0.0,0.0,0.0,0.0,0.0,0.0,0.0,0.0,0.0,0.0,0.0,0.0,0.0,0.0
2026-10-09T08:00:00Z,0.3,0.2,0.2,0.1,0.1,0.1,0.0,0.0,0.0,0.2,0.3,0.3,0.3,0.2,0.2,0.1,0.1,0.1,0.0,0.0,0.0,0.1,0.1,0.2,0.2,0.3,0.3,0.3,0.2,0.2,0.1,0.1,0.1,0.0,0.0,0.1,0.1,0.3,0.3,0.7,0.7,1.0,1.0,1.0,0.5,0.5,0.3,0.3,0.3,0.2,0.2,0.1,0.1,0.1,0.3,0.3,0.3,0.7,0.7,1.0,1.0,1.0,0.5,0.5,0.3,0.3,0.3,0.2,0.2,0.1,0.1,0.1,0.6,1.8,1.8,1.8,1.7,1.7,0.9,0.9,0.9,0.6,0.6,0.4,0.4,0.4,0.2,0.2,0.2,0.2,0.2,0.2,0.3,0.3,0.3,0.3,0.3,0.2,0.4,0.6,1.8,1.8,1.8,1.7,1.7,0.9,0.9,0.9,0.6,0.6,0.4,0.4,0.4,0.2,0.2,0.2,0.2,0.2,0.1,0.2,0.2,0.3,0.3,0.3,0.3,0.3,0.3,0.4,0.5,0.6,1.8,1.8,1.8,1.7,1.7,0.9,0.9,0.9,0.6,0.6,0.4,0.4,0.4,0.2,0.2,0.2,0.2,0.2,0.1,0.2,0.2,0.2,0.3,0.3,0.3,0.3,0.3,1.2,1.2,1.2,0.5,1.0,2.9,2.9,2.9,2.4,2.4,1.7,1.7,1.7,0.3,0.3,0.2,0.2,0.2,0.2,0.2,0.1,0.1,0.1,0.1,0.1,0.2,0.2,0.2,0.4,0.4,0.8,0.8,0.8,1.2,1.2,1.2,1.4,1.4,1.0,1.0,2.9,2.9,2.9,2.4,2.4,1.7,1.7,1.7,0.3,0.3,0.2,0.2,0.2,0.2,0.2,0.1,0.1,0.1,0.1,0.1,0.2,0.2,0.2,0.4,0.4,0.8,0.8,0.8,1.2,1.2,1.2,1.6,1.6,0.3,0.3,0.2,0.2,0.2,1.3,1.3,0.7,0.7,0.7,0.8,0.8,0.1,0.1,0.1,0.1,0.1,0.1,0.1,0.1,0.2,0.2,0.3,0.3,0.3,0.4,0.4,0.4,0.4,0.4,0.9,0.9,1.6,1.6,1.6,1.6,0.7,0.3,0.3,0.2,0.2,0.2,1.3,1.3,0.7,0.7,0.7,0.8,0.8,0.1,0.1,0.1,0.1,0.1,0.1,0.1,0.1,0.2,0.2,0.3,0.3,0.3,0.4,0.4,0.4,0.4,0.4,0.9,0.9,1.6,1.6,1.6,1.6,0.3,0.7,0.3,0.3,0.2,0.2,0.2,1.3,1.3,0.7,0.7,0.7,0.8,0.8,0.1,0.1,0.1,0.1,0.1,0.1,0.1,0.1,0.2,0.2,0.3,0.3,0.3,0.4,0.4,0.4,0.4,0.4,0.9,0.9,1.6,1.6,1.6,0.3,0.3,0.4,0.3,0.3,0.2,0.2,0.2,0.1,0.1,0.0,0.0,0.0,0.0,0.0,0.0,0.0,0.0,0.0,0.0,0.1,0.1,0.1,0.2,0.2,0.2,0.2,0.2,0.3,0.3,0.2,0.2,0.2,0.1,0.1,0.0,0.0,0.0,0.3,0.3,0.4,0.3,0.3,0.2,0.2,0.2,0.1,0.1,0.0,0.0,0.0,0.0,0.0,0.0,0.0,0.0,0.0,0.0,0.1,0.1,0.1,0.2,0.2,0.2,0.2,0.2,0.3,0.3,0.2,0.2,0.2,0.1,0.1,0.0,0.0,0.0,0.3,0.3,0.5,0.3,0.3,0.2,0.2,0.2,0.1,0.1,0.0,0.0,0.0,0.0,0.0,0.0,0.0,0.0,0.0,0.0,0.1,0.1,0.1,0.1,0.1,0.2,0.2,0.2,0.3,0.3,0.2,0.2,0.2,0.0,0.0,0.0,0.0,0.0,0.3,0.3,0.5,0.3,0.3,0.2,0.2,0.2,0.1,0.1,0.0,0.0,0.0,0.0,0.0,0.0,0.0,0.0,0.0,0.0,0.1,0.1,0.1,0.1,0.1,0.2,0.2,0.2,0.3,0.3,0.2,0.2,0.2,0.0,0.0,0.0,0.0,0.0,0.3,0.3,0.3,0.3,0.2,0.2,0.2,0.1,0.1,0.0,0.0,0.0,0.0,0.0,0.0,0.0,0.0,0.0,0.0,0.1,0.1,0.1,0.1,0.1,0.2,0.2,0.2,0.3,0.3,0.2,0.2,0.2,0.0,0.0,0.0,0.0,0.0,0.3,0.3,0.3,0.1,0.1,0.1,0.0,0.0,0.0,0.0,0.0,0.0,0.0,0.0,0.0,0.0,0.0,0.0,0.0,0.0,0.0,0.3,0.3,0.1,0.1,0.1,0.2,0.2,0.0,0.0,0.0,0.0,0.0,0.0,0.0,0.0,0.0,0.0,0.1,0.1,0.1,0.0,0.0,0.0,0.0,0.0,0.0,0.0,0.0,0.0,0.0,0.0,0.0,0.0,0.0,0.0,0.3,0.3,0.1,0.1,0.1,0.2,0.2,0.0,0.0,0.0,0.0,0.0,0.0,0.0,0.0,0.0,0.1,0.1,0.1,0.0,0.0,0.0,0.0,0.0,0.0,0.0,0.0,0.0,0.0,0.0,0.0,0.0,0.0,0.0,0.0,0.0,0.0,0.0,0.0,0.0,0.0,0.0,0.0,0.0,0.0,0.0,0.0,0.0,0.0,0.1,0.1,0.0,0.0,0.0,0.0,0.0,0.0,0.0,0.0,0.0,0.0,0.0,0.0,0.0,0.0,0.0,0.0,0.0,0.0,0.0,0.0,0.0,0.0,0.0,0.0,0.0,0.0,0.0,0.1,0.1,0.0,0.0,0.0,0.0,0.0,0.0,0.0,0.0,0.0,0.0,0.0,0.0,0.0,0.0,0.0,0.0,0.0,0.0,0.0,0.0,0.0,0.0,0.0,0.0,0.0,0.0,0.0,0.0,0.0,0.0,0.0,0.0,0.0,0.0,0.0,0.0,0.0,0.0,0.1,0.1,0.1,0.0,0.0,0.0,0.0,0.0,0.0,0.0,0.0,0.0,0.0,0.0,0.0,0.0,0.0,0.0,0.0,0.0,0.0,0.0,0.1,0.1,0.1,0.0,0.0,0.0,0.0,0.0,0.0,0.0,0.0,0.0,0.0,0.0,0.0,0.0,0.0,0.0,0.0,0.0,0.0,0.0,0.0,0.0,0.0,0.0,0.0,0.0,0.0,0.0,0.0,0.0,0.0,0.0,0.0,0.0,0.0,0.0
2026-10-09T09:00:00Z,0.3,0.2,0.2,0.1,0.1,0.1,0.0,0.0,0.0,0.2,0.3,0.3,0.3,0.2,0.2,0.1,0.1,0.1,0.0,0.0,0.0,0.1,0.1,0.2,0.2,0.3,0.3,0.3,0.2,0.2,0.1,0.1,0.1,0.0,0.0,0.1,0.1,0.3,0.3,0.7,0.7,1.0,1.0,1.0,0.5,0.5,0.3,0.3,0.3,0.2,0.2,0.1,0.1,0.1,0.3,0.3,0.3,0.7,0.7,1.0,1.0,1.0,0.5,0.5,0.3,0.3,0.3,0.2,0.2,0.1,0.1,0.1,0.6,1.8,1.8,1.8,1.7,1.7,0.9,0.9,0.9,0.6,0.6,0.4,0.4,0.4,0.2,0.2,0.2,0.2,0.2,0.2,0.3,0.3,0.3,0.3,0.3,0.2,0.4,0.6,1.8,1.8,1.8,1.7,1.7,0.9,0.9,0.9,0.6,0.6,0.4,0.4,0.4,0.2,0.2,0.2,0.2,0.2,0.1,0.2,0.2,0.3,0.3,0.3,0.3,0.3,0.3,0.4,0.5,0.6,1.8,1.8,1.8,1.7,1.7,0.9,0.9,0.9,0.6,0.6,0.4,0.4,0.4,0.2,0.2,0.2,0.2,0.2,0.1,0.2,0.2,0.2,0.3,0.3,0.3,0.3,0.3,1.2,1.2,1.2,0.5,1.0,2.9,2.9,2.9,2.4,2.4,1.7,1.7,1.7,0.3,0.3,0.2,0.2,0.2,0.2,0.2,0.1,0.1,0.1,0.1,0.1,0.2,0.2,0.2,0.4,0.4,0.8,0.8,0.8,1.2,1.2,1.2,1.4,1.4,1.0,1.0,2.9,2.9,2.9,2.4,2.4,1.7,1.7,1.7,0.3,0.3,0.2,0.2,0.2,0.2,0.2,0.1,0.1,0.1,0.1,0.1,0.2,0.2,0.2,0.4,0.4,0.8,0.8,0.8,1.2,1.2,1.2,1.6,1.6,0.3,0.3,0.2,0.2,0.2,1.3,1.3,0.7,0.7,0.7,0.8,0.8,0.1,0.1,0.1,0.1,0.1,0.1,0.1,0.1,0.2,0.2,0.3,0.3,0.3,0.4,0.4,0.4,0.4,0.4,0.9,0.9,1.6,1.6,1.6,1.6,0.7,0.3,0.3,0.2,0.2,0.2,1.3,1.3,0.7,0.7,0.7,0.8,0.8,0.1,0.1,0.1,0.1,0.1,0.1,0.1,0.1,0.2,0.2,0.3,0.3,0.3,0.4,0.4,0.4,0.4,0.4,0.9,0.9,1.6,1.6,1.6,1.6,0.3,0.7,0.3,0.3,0.2,0.2,0.2,1.3,1.3,0.7,0.7,0.7,0.8,0.8,0.1,0.1,0.1,0.1,0.1,0.1,0.1,0.1,0.2,0.2,0.3,0.3,0.3,0.4,0.4,0.4,0.4,0.4,0.9,0.9,1.6,1.6,1.6,0.3,0.3,0.4,0.3,0.3,0.2,0.2,0.2,0.1,0.1,0.0,0.0,0.0,0.0,0.0,0.0,0.0,0.0,0.0,0.0,0.1,0.1,0.1,0.2,0.2,0.2,0.2,0.2,0.3,0.3,0.2,0.2,0.2,0.1,0.1,0.0,0.0,0.0,0.3,0.3,0.4,0.3,0.3,0.2,0.2,0.2,0.1,0.1,0.0,0.0,0.0,0.0,0.0,0.0,0.0,0.0,0.0,0.0,0.1,0.1,0.1,0.2,0.2,0.2,0.2,0.2,0.3,0.3,0.2,0.2,0.2,0.1,0.1,0.0,0.0,0.0,0.3,0.3,0.5,0.3,0.3,0.2,0.2,0.2,0.1,0.1,0.0,0.0,0.0,0.0,0.0,0.0,0.0,0.0,0.0,0.0,0.1,0.1,0.1,0.1,0.1,0.2,0.2,0.2,0.3,0.3,0.2,0.2,0.2,0.0,0.0,0.0,0.0,0.0,0.3,0.3,0.5,0.3,0.3,0.2,0.2,0.2,0.1,0.1,0.0,0.0,0.0,0.0,0.0,0.0,0.0,0.0,0.0,0.0,0.1,0.1,0.1,0.1,0.1,0.2,0.2,0.2,0.3,0.3,0.2,0.2,0.2,0.0,0.0,0.0,0.0,0.0,0.3,0.3,0.3,0.3,0.2,0.2,0.2,0.1,0.1,0.0,0.0,0.0,0.0,0.0,0.0,0.0,0.0,0.0,0.0,0.1,0.1,0.1,0.1,0.1,0.2,0.2,0.2,0.3,0.3,0.2,0.2,0.2,0.0,0.0,0.0,0.0,0.0,0.3,0.3,0.3,0.1,0.1,0.1,0.0,0.0,0.0,0.0,0.0,0.0,0.0,0.0,0.0,0.0,0.0,0.0,0.0,0.0,0.0,0.3,0.3,0.1,0.1,0.1,0.2,0.2,0.0,0.0,0.0,0.0,0.0,0.0,0.0,0.0,0.0,0.0,0.1,0.1,0.1,0.0,0.0,0.0,0.0,0.0,0.0,0.0,0.0,0.0,0.0,0.0,0.0,0.0,0.0,0.0,0.3,0.3,0.1,0.1,0.1,0.2,0.2,0.0,0.0,0.0,0.0,0.0,0.0,0.0,0.0,0.0,0.1,0.1,0.1,0.0,0.0,0.0,0.0,0.0,0.0,0.0,0.0,0.0,0.0,0.0,0.0,0.0,0.0,0.0,0.0,0.0,0.0,0.0,0.0,0.0,0.0,0.0,0.0,0.0,0.0,0.0,0.0,0.0,0.0,0.1,0.1,0.0,0.0,0.0,0.0,0.0,0.0,0.0,0.0,0.0,0.0,0.0,0.0,0.0,0.0,0.0,0.0,0.0,0.0,0.0,0.0,0.0,0.0,0.0,0.0,0.0,0.0,0.0,0.1,0.1,0.0,0.0,0.0,0.0,0.0,0.0,0.0,0.0,0.0,0.0,0.0,0.0,0.0,0.0,0.0,0.0,0.0,0.0,0.0,0.0,0.0,0.0,0.0,0.0,0.0,0.0,0.0,0.0,0.0,0.0,0.0,0.0,0.0,0.0,0.0,0.0,0.0,0.0,0.1,0.1,0.1,0.0,0.0,0.0,0.0,0.0,0.0,0.0,0.0,0.0,0.0,0.0,0.0,0.0,0.0,0.0,0.0,0.0,0.0,0.0,0.1,0.1,0.1,0.0,0.0,0.0,0.0,0.0,0.0,0.0,0.0,0.0,0.0,0.0,0.0,0.0,0.0,0.0,0.0,0.0,0.0,0.0,0.0,0.0,0.0,0.0,0.0,0.0,0.0,0.0,0.0,0.0,0.0,0.0,0.0,0.0,0.0,0.0
2026-10-09T10:00:00Z,0.2,0.1,0.1,0.1,0.1,0.1,0.2,0.2,0.2,0.3,0.2,0.2,0.2,0.1,0.1,0.1,0.1,0.1,0.2,0.2,0.2,0.4,0.6,0.3,0.3,0.2,0.2,0.2,0.1,0.1,0.1,0.1,0.1,0.2,0.2,0.4,0.4,6.5,6.5,1.1,1.1,0.9,0.9,0.9,0.6,0.6,0.6,0.6,0.6,0.6,0.6,0.4,0.4,0.4,6.5,6.5,6.5,1.1,1.1,0.9,0.9,0.9,0.6,0.6,0.6,0.6,0.6,0.6,0.6,0.4,0.4,0.4,1.9,6.8,6.8,6.8,9.1,9.1,2.1,2.1,2.1,1.3,1.3,1.1,1.1,1.1,0.6,0.6,0.4,0.4,0.4,0.1,0.0,0.0,0.0,0.0,0.0,0.0,0.0,1.9,6.8,6.8,6.8,9.1,9.1,2.1,2.1,2.1,1.3,1.3,1.1,1.1,1.1,0.6,0.6,0.4,0.4,0.4,0.2,0.1,0.1,0.0,0.0,0.0,0.0,0.0,0.0,0.0,0.0,1.9,6.8,6.8,6.8,9.1,9.1,2.1,2.1,2.1,1.3,1.3,1.1,1.1,1.1,0.6,0.6,0.4,0.4,0.4,0.2,0.1,0.1,0.1,0.0,0.0,0.0,0.0,0.0,0.0,0.0,0.0,0.0,0.2,0.4,0.4,0.4,4.2,4.2,4.5,4.5,4.5,2.1,2.1,1.4,1.4,1.4,0.5,0.5,0.2,0.2,0.2,0.1,0.1,0.0,0.0,0.0,0.0,0.0,0.0,0.0,0.0,0.0,0.0,0.0,0.0,0.0,0.2,0.2,0.4,0.4,0.4,4.2,4.2,4.5,4.5,4.5,2.1,2.1,1.4,1.4,1.4,0.5,0.5,0.2,0.2,0.2,0.1,0.1,0.0,0.0,0.0,0.0,0.0,0.0,0.0,0.0,0.0,0.0,0.0,0.0,0.0,0.2,0.2,0.1,0.1,0.1,0.8,0.8,0.4,0.4,0.4,0.8,0.8,0.3,0.3,0.3,0.2,0.2,0.0,0.0,0.0,0.1,0.1,0.1,0.1,0.1,0.1,0.1,0.0,0.0,0.0,0.0,0.0,0.0,0.0,0.0,0.0,0.3,0.2,0.2,0.1,0.1,0.1,0.8,0.8,0.4,0.4,0.4,0.8,0.8,0.3,0.3,0.3,0.2,0.2,0.0,0.0,0.0,0.1,0.1,0.1,0.1,0.1,0.1,0.1,0.0,0.0,0.0,0.0,0.0,0.0,0.0,0.0,0.0,0.1,0.3,0.2,0.2,0.1,0.1,0.1,0.8,0.8,0.4,0.4,0.4,0.8,0.8,0.3,0.3,0.3,0.2,0.2,0.0,0.0,0.0,0.1,0.1,0.1,0.1,0.1,0.1,0.1,0.0,0.0,0.0,0.0,0.0,0.0,0.0,0.0,0.1,0.1,0.4,0.3,0.3,0.2,0.2,0.2,0.2,0.2,0.1,0.1,0.1,0.1,0.1,0.0,0.0,0.0,0.1,0.1,0.3,0.3,0.3,0.1,0.1,0.2,0.2,0.2,0.2,0.2,0.1,0.1,0.1,0.2,0.2,0.1,0.1,0.1,0.1,0.1,0.4,0.3,0.3,0.2,0.2,0.2,0.2,0.2,0.1,0.1,0.1,0.1,0.1,0.0,0.0,0.0,0.1,0.1,0.3,0.3,0.3,0.1,0.1,0.2,0.2,0.2,0.2,0.2,0.1,0.1,0.1,0.2,0.2,0.1,0.1,0.1,0.1,0.1,0.5,0.3,0.3,0.2,0.2,0.2,0.1,0.1,0.0,0.0,0.0,0.0,0.0,0.0,0.0,0.0,0.0,0.0,0.0,0.0,0.0,0.0,0.0,0.0,0.0,0.0,0.1,0.1,0.1,0.1,0.1,0.2,0.2,0.0,0.0,0.0,0.0,0.0,0.5,0.3,0.3,0.2,0.2,0.2,0.1,0.1,0.0,0.0,0.0,0.0,0.0,0.0,0.0,0.0,0.0,0.0,0.0,0.0,0.0,0.0,0.0,0.0,0.0,0.0,0.1,0.1,0.1,0.1,0.1,0.2,0.2,0.0,0.0,0.0,0.0,0.0,0.3,0.3,0.2,0.2,0.2,0.1,0.1,0.0,0.0,0.0,0.0,0.0,0.0,0.0,0.0,0.0,0.0,0.0,0.0,0.0,0.0,0.0,0.0,0.0,0.0,0.1,0.1,0.1,0.1,0.1,0.2,0.2,0.0,0.0,0.0,0.0,0.0,0.3,0.1,0.1,0.1,0.0,0.0,0.0,0.0,0.0,0.0,0.0,0.0,0.0,0.0,0.0,0.0,0.0,0.0,0.0,0.0,0.0,0.0,0.0,0.0,0.0,0.0,0.0,0.0,0.0,0.0,0.0,0.0,0.0,0.0,0.1,0.1,0.1,0.1,0.1,0.0,0.0,0.0,0.0,0.0,0.0,0.0,0.0,0.0,0.0,0.0,0.0,0.0,0.0,0.0,0.0,0.0,0.0,0.0,0.0,0.0,0.0,0.0,0.0,0.0,0.0,0.0,0.0,0.0,0.0,0.0,0.2,0.2,0.2,0.1,0.1,0.0,0.0,0.0,0.0,0.0,0.0,0.0,0.0,0.0,0.0,0.0,0.0,0.0,0.0,0.0,0.0,0.0,0.0,0.0,0.0,0.0,0.0,0.0,0.0,0.0,0.0,0.0,0.0,0.2,0.2,0.1,0.1,0.0,0.0,0.0,0.0,0.0,0.0,0.0,0.0,0.0,0.0,0.0,0.0,0.0,0.0,0.0,0.0,0.0,0.0,0.0,0.0,0.0,0.0,0.0,0.0,0.0,0.2,0.2,0.1,0.1,0.0,0.0,0.0,0.0,0.0,0.0,0.0,0.0,0.0,0.0,0.0,0.0,0.0,0.0,0.0,0.0,0.0,0.0,0.0,0.0,0.0,0.0,0.5,0.5,0.6,0.6,0.1,0.1,0.1,0.0,0.0,0.0,0.0,0.0,0.0,0.0,0.0,0.0,0.0,0.0,0.0,0.0,0.0,0.0,0.0,0.5,0.6,0.6,0.1,0.1,0.1,0.0,0.0,0.0,0.0,0.0,0.0,0.0,0.0,0.0,0.0,0.0,0.0,0.0,0.0,0.0,0.0,0.2,0.2,0.2,0.2,0.2,0.3,0.3,0.0,0.0,0.0,0.0,0.0,0.0,0.0,0.0,0.0,0.0,0.0,0.0,0.2,0.2,0.0,0.0,0.0,0.0,0.0,0.0,0.0,0.0
2026-10-09T11:00:00Z,0.2,0.1,0.1,0.1,0.1,0.1,0.2,0.2,0.2,0.3,0.2,0.2,0.2,0.1,0.1,0.1,0.1,0.1,0.2,0.2,0.2,0.4,0.6,0.3,0.3,0.2,0.2,0.2,0.1,0.1,0.1,0.1,0.1,0.2,0.2,0.4,0.4,6.5,6.5,1.1,1.1,0.9,0.9,0.9,0.6,0.6,0.6,0.6,0.6,0.6,0.6,0.4,0.4,0.4,6.5,6.5,6.5,1.1,1.1,0.9,0.9,0.9,0.6,0.6,0.6,0.6,0.6,0.6,0.6,0.4,0.4,0.4,1.9,6.8,6.8,6.8,9.1,9.1,2.1,2.1,2.1,1.3,1.3,1.1,1.1,1.1,0.6,0.6,0.4,0.4,0.4,0.1,0.0,0.0,0.0,0.0,0.0,0.0,0.0,1.9,6.8,6.8,6.8,9.1,9.1,2.1,2.1,2.1,1.3,1.3,1.1,1.1,1.1,0.6,0.6,0.4,0.4,0.4,0.2,0.1,0.1,0.0,0.0,0.0,0.0,0.0,0.0,0.0,0.0,1.9,6.8,6.8,6.8,9.1,9.1,2.1,2.1,2.1,1.3,1.3,1.1,1.1,1.1,0.6,0.6,0.4,0.4,0.4,0.2,0.1,0.1,0.1,0.0,0.0,0.0,0.0,0.0,0.0,0.0,0.0,0.0,0.2,0.4,0.4,0.4,4.2,4.2,4.5,4.5,4.5,2.1,2.1,1.4,1.4,1.4,0.5,0.5,0.2,0.2,0.2,0.1,0.1,0.0,0.0,0.0,0.0,0.0,0.0,0.0,0.0,0.0,0.0,0.0,0.0,0.0,0.2,0.2,0.4,0.4,0.4,4.2,4.2,4.5,4.5,4.5,2.1,2.1,1.4,1.4,1.4,0.5,0.5,0.2,0.2,0.2,0.1,0.1,0.0,0.0,0.0,0.0,0.0,0.0,0.0,0.0,0.0,0.0,0.0,0.0,0.0,0.2,0.2,0.1,0.1,0.1,0.8,0.8,0.4,0.4,0.4,0.8,0.8,0.3,0.3,0.3,0.2,0.2,0.0,0.0,0.0,0.1,0.1,0.1,0.1,0.1,0.1,0.1,0.0,0.0,0.0,0.0,0.0,0.0,0.0,0.0,0.0,0.3,0.2,0.2,0.1,0.1,0.1,0.8,0.8,0.4,0.4,0.4,0.8,0.8,0.3,0.3,0.3,0.2,0.2,0.0,0.0,0.0,0.1,0.1,0.1,0.1,0.1,0.1,0.1,0.0,0.0,0.0,0.0,0.0,0.0,0.0,0.0,0.0,0.1,0.3,0.2,0.2,0.1,0.1,0.1,0.8,0.8,0.4,0.4,0.4,0.8,0.8,0.3,0.3,0.3,0.2,0.2,0.0,0.0,0.0,0.1,0.1,0.1,0.1,0.1,0.1,0.1,0.0,0.0,0.0,0.0,0.0,0.0,0.0,0.0,0.1,0.1,0.4,0.3,0.3,0.2,0.2,0.2,0.2,0.2,0.1,0.1,0.1,0.1,0.1,0.0,0.0,0.0,0.1,0.1,0.3,0.3,0.3,0.1,0.1,0.2,0.2,0.2,0.2,0.2,0.1,0.1,0.1,0.2,0.2,0.1,0.1,0.1,0.1,0.1,0.4,0.3,0.3,0.2,0.2,0.2,0.2,0.2,0.1,0.1,0.1,0.1,0.1,0.0,0.0,0.0,0.1,0.1,0.3,0.3,0.3,0.1,0.1,0.2,0.2,0.2,0.2,0.2,0.1,0.1,0.1,0.2,0.2,0.1,0.1,0.1,0.1,0.1,0.5,0.3,0.3,0.2,0.2,0.2,0.1,0.1,0.0,0.0,0.0,0.0,0.0,0.0,0.0,0.0,0.0,0.0,0.0,0.0,0.0,0.0,0.0,0.0,0.0,0.0,0.1,0.1,0.1,0.1,0.1,0.2,0.2,0.0,0.0,0.0,0.0,0.0,0.5,0.3,0.3,0.2,0.2,0.2,0.1,0.1,0.0,0.0,0.0,0.0,0.0,0.0,0.0,0.0,0.0,0.0,0.0,0.0,0.0,0.0,0.0,0.0,0.0,0.0,0.1,0.1,0.1,0.1,0.1,0.2,0.2,0.0,0.0,0.0,0.0,0.0,0.3,0.3,0.2,0.2,0.2,0.1,0.1,0.0,0.0,0.0,0.0,0.0,0.0,0.0,0.0,0.0,0.0,0.0,0.0,0.0,0.0,0.0,0.0,0.0,0.0,0.1,0.1,0.1,0.1,0.1,0.2,0.2,0.0,0.0,0.0,0.0,0.0,0.3,0.1,0.1,0.1,0.0,0.0,0.0,0.0,0.0,0.0,0.0,0.0,0.0,0.0,0.0,0.0,0.0,0.0,0.0,0.0,0.0,0.0,0.0,0.0,0.0,0.0,0.0,0.0,0.0,0.0,0.0,0.0,0.0,0.0,0.1,0.1,0.1,0.1,0.1,0.0,0.0,0.0,0.0,0.0,0.0,0.0,0.0,0.0,0.0,0.0,0.0,0.0,0.0,0.0,0.0,0.0,0.0,0.0,0.0,0.0,0.0,0.0,0.0,0.0,0.0,0.0,0.0,0.0,0.0,0.0,0.2,0.2,0.2,0.1,0.1,0.0,0.0,0.0,0.0,0.0,0.0,0.0,0.0,0.0,0.0,0.0,0.0,0.0,0.0,0.0,0.0,0.0,0.0,0.0,0.0,0.0,0.0,0.0,0.0,0.0,0.0,0.0,0.0,0.2,0.2,0.1,0.1,0.0,0.0,0.0,0.0,0.0,0.0,0.0,0.0,0.0,0.0,0.0,0.0,0.0,0.0,0.0,0.0,0.0,0.0,0.0,0.0,0.0,0.0,0.0,0.0,0.0,0.2,0.2,0.1,0.1,0.0,0.0,0.0,0.0,0.0,0.0,0.0,0.0,0.0,0.0,0.0,0.0,0.0,0.0,0.0,0.0,0.0,0.0,0.0,0.0,0.0,0.0,0.5,0.5,0.6,0.6,0.1,0.1,0.1,0.0,0.0,0.0,0.0,0.0,0.0,0.0,0.0,0.0,0.0,0.0,0.0,0.0,0.0,0.0,0.0,0.5,0.6,0.6,0.1,0.1,0.1,0.0,0.0,0.0,0.0,0.0,0.0,0.0,0.0,0.0,0.0,0.0,0.0,0.0,0.0,0.0,0.0,0.2,0.2,0.2,0.2,0.2,0.3,0.3,0.0,0.0,0.0,0.0,0.0,0.0,0.0,0.0,0.0,0.0,0.0,0.0,0.2,0.2,0.0,0.0,0.0,0.0,0.0,0.0,0.0,0.0
2026-10-09T12:00:00Z,0.2,0.1,0.1,0.1,0.1,0.1,0.2,0.2,0.2,0.3,0.2,0.2,0.2,0.1,0.1,0.1,0.1,0.1,0.2,0.2,0.2,0.4,0.6,0.3,0.3,0.2,0.2,0.2,0.1,0.1,0.1,0.1,0.1,0.2,0.2,0.4,0.4,6.5,6.5,1.1,1.1,0.9,0.9,0.9,0.6,0.6,0.6,0.6,0.6,0.6,0.6,0.4,0.4,0.4,6.5,6.5,6.5,1.1,1.1,0.9,0.9,0.9,0.6,0.6,0.6,0.6,0.6,0.6,0.6,0.4,0.4,0.4,1.9,6.8,6.8,6.8,9.1,9.1,2.1,2.1,2.1,1.3,1.3,1.1,1.1,1.1,0.6,0.6,0.4,0.4,0.4,0.1,0.0,0.0,0.0,0.0,0.0,0.0,0.0,1.9,6.8,6.8,6.8,9.1,9.1,2.1,2.1,2.1,1.3,1.3,1.1,1.1,1.1,0.6,0.6,0.4,0.4,0.4,0.2,0.1,0.1,0.0,0.0,0.0,0.0,0.0,0.0,0.0,0.0,1.9,6.8,6.8,6.8,9.1,9.1,2.1,2.1,2.1,1.3,1.3,1.1,1.1,1.1,0.6,0.6,0.4,0.4,0.4,0.2,0.1,0.1,0.1,0.0,0.0,0.0,0.0,0.0,0.0,0.0,0.0,0.0,0.2,0.4,0.4,0.4,4.2,4.2,4.5,4.5,4.5,2.1,2.1,1.4,1.4,1.4,0.5,0.5,0.2,0.2,0.2,0.1,0.1,0.0,0.0,0.0,0.0,0.0,0.0,0.0,0.0,0.0,0.0,0.0,0.0,0.0,0.2,0.2,0.4,0.4,0.4,4.2,4.2,4.5,4.5,4.5,2.1,2.1,1.4,1.4,1.4,0.5,0.5,0.2,0.2,0.2,0.1,0.1,0.0,0.0,0.0,0.0,0.0,0.0,0.0,0.0,0.0,0.0,0.0,0.0,0.0,0.2,0.2,0.1,0.1,0.1,0.8,0.8,0.4,0.4,0.4,0.8,0.8,0.3,0.3,0.3,0.2,0.2,0.0,0.0,0.0,0.1,0.1,0.1,0.1,0.1,0.1,0.1,0.0,0.0,0.0,0.0,0.0,0.0,0.0,0.0,0.0,0.3,0.2,0.2,0.1,0.1,0.1,0.8,0.8,0.4,0.4,0.4,0.8,0.8,0.3,0.3,0.3,0.2,0.2,0.0,0.0,0.0,0.1,0.1,0.1,0.1,0.1,0.1,0.1,0.0,0.0,0.0,0.0,0.0,0.0,0.0,0.0,0.0,0.1,0.3,0.2,0.2,0.1,0.1,0.1,0.8,0.8,0.4,0.4,0.4,0.8,0.8,0.3,0.3,0.3,0.2,0.2,0.0,0.0,0.0,0.1,0.1,0.1,0.1,0.1,0.1,0.1,0.0,0.0,0.0,0.0,0.0,0.0,0.0,0.0,0.1,0.1,0.4,0.3,0.3,0.2,0.2,0.2,0.2,0.2,0.1,0.1,0.1,0.1,0.1,0.0,0.0,0.0,0.1,0.1,0.3,0.3,0.3,0.1,0.1,0.2,0.2,0.2,0.2,0.2,0.1,0.1,0.1,0.2,0.2,0.1,0.1,0.1,0.1,0.1,0.4,0.3,0.3,0.2,0.2,0.2,0.2,0.2,0.1,0.1,0.1,0.1,0.1,0.0,0.0,0.0,0.1,0.1,0.3,0.3,0.3,0.1,0.1,0.2,0.2,0.2,0.2,0.2,0.1,0.1,0.1,0.2,0.2,0.1,0.1,0.1,0.1,0.1,0.5,0.3,0.3,0.2,0.2,0.2,0.1,0.1,0.0,0.0,0.0,0.0,0.0,0.0,0.0,0.0,0.0,0.0,0.0,0.0,0.0,0.0,0.0,0.0,0.0,0.0,0.1,0.1,0.1,0.1,0.1,0.2,0.2,0.0,0.0,0.0,0.0,0.0,0.5,0.3,0.3,0.2,0.2,0.2,0.1,0.1,0.0,0.0,0.0,0.0,0.0,0.0,0.0,0.0,0.0,0.0,0.0,0.0,0.0,0.0,0.0,0.0,0.0,0.0,0.1,0.1,0.1,0.1,0.1,0.2,0.2,0.0,0.0,0.0,0.0,0.0,0.3,0.3,0.2,0.2,0.2,0.1,0.1,0.0,0.0,0.0,0.0,0.0,0.0,0.0,0.0,0.0,0.0,0.0,0.0,0.0,0.0,0.0,0.0,0.0,0.0,0.1,0.1,0.1,0.1,0.1,0.2,0.2,0.0,0.0,0.0,0.0,0.0,0.3,0.1,0.1,0.1,0.0,0.0,0.0,0.0,0.0,0.0,0.0,0.0,0.0,0.0,0.0,0.0,0.0,0.0,0.0,0.0,0.0,0.0,0.0,0.0,0.0,0.0,0.0,0.0,0.0,0.0,0.0,0.0,0.0,0.0,0.1,0.1,0.1,0.1,0.1,0.0,0.0,0.0,0.0,0.0,0.0,0.0,0.0,0.0,0.0,0.0,0.0,0.0,0.0,0.0,0.0,0.0,0.0,0.0,0.0,0.0,0.0,0.0,0.0,0.0,0.0,0.0,0.0,0.0,0.0,0.0,0.2,0.2,0.2,0.1,0.1,0.0,0.0,0.0,0.0,0.0,0.0,0.0,0.0,0.0,0.0,0.0,0.0,0.0,0.0,0.0,0.0,0.0,0.0,0.0,0.0,0.0,0.0,0.0,0.0,0.0,0.0,0.0,0.0,0.2,0.2,0.1,0.1,0.0,0.0,0.0,0.0,0.0,0.0,0.0,0.0,0.0,0.0,0.0,0.0,0.0,0.0,0.0,0.0,0.0,0.0,0.0,0.0,0.0,0.0,0.0,0.0,0.0,0.2,0.2,0.1,0.1,0.0,0.0,0.0,0.0,0.0,0.0,0.0,0.0,0.0,0.0,0.0,0.0,0.0,0.0,0.0,0.0,0.0,0.0,0.0,0.0,0.0,0.0,0.5,0.5,0.6,0.6,0.1,0.1,0.1,0.0,0.0,0.0,0.0,0.0,0.0,0.0,0.0,0.0,0.0,0.0,0.0,0.0,0.0,0.0,0.0,0.5,0.6,0.6,0.1,0.1,0.1,0.0,0.0,0.0,0.0,0.0,0.0,0.0,0.0,0.0,0.0,0.0,0.0,0.0,0.0,0.0,0.0,0.2,0.2,0.2,0.2,0.2,0.3,0.3,0.0,0.0,0.0,0.0,0.0,0.0,0.0,0.0,0.0,0.0,0.0,0.0,0.2,0.2,0.0,0.0,0.0,0.0,0.0,0.0,0.0,0.0
2026-10-09T13:00:00Z,3.4,2.5,2.5,1.8,1.8,1.8,1.3,1.3,1.3,2.8,3.4,3.4,3.4,2.5,2.5,1.8,1.8,1.8,1.3,1.3,1.3,1.1,1.7,2.8,2.8,3.4,3.4,3.4,2.5,2.5,1.8,1.8,1.8,1.3,1.3,1.1,1.1,5.9,5.9,3.7,3.7,3.7,3.7,3.7,2.3,2.3,1.6,1.6,1.6,1.2,1.2,1.1,1.1,1.1,5.9,5.9,5.9,3.7,3.7,3.7,3.7,3.7,2.3,2.3,1.6,1.6,1.6,1.2,1.2,1.1,1.1,1.1,3.7,4.4,4.4,4.4,7.7,7.7,2.1,2.1,2.1,1.6,1.6,2.1,2.1,2.1,2.1,2.1,1.7,1.7,1.7,1.0,0.6,0.6,0.7,0.7,0.7,0.2,0.3,3.7,4.4,4.4,4.4,7.7,7.7,2.1,2.1,2.1,1.6,1.6,2.1,2.1,2.1,2.1,2.1,1.7,1.7,1.7,1.1,1.0,1.0,0.6,0.6,0.7,0.7,0.7,0.7,0.3,0.1,3.7,4.4,4.4,4.4,7.7,7.7,2.1,2.1,2.1,1.6,1.6,2.1,2.1,2.1,2.1,2.1,1.7,1.7,1.7,1.1,1.0,1.0,1.0,0.6,0.6,0.7,0.7,0.7,0.4,0.4,0.4,0.1,1.7,3.1,3.1,3.1,4.4,4.4,3.5,3.5,3.5,2.1,2.1,2.0,2.0,2.0,2.3,2.3,1.6,1.6,1.6,0.6,0.6,0.3,0.3,0.3,0.7,0.7,2.5,2.5,2.5,0.4,0.4,0.4,0.1,0.1,1.7,1.7,3.1,3.1,3.1,4.4,4.4,3.5,3.5,3.5,2.1,2.1,2.0,2.0,2.0,2.3,2.3,1.6,1.6,1.6,0.6,0.6,0.3,0.3,0.3,0.7,0.7,2.5,2.5,2.5,0.4,0.4,0.4,0.0,0.0,1.2,1.2,1.8,1.8,1.8,2.6,2.6,5.0,5.0,5.0,3.2,3.2,2.5,2.5,2.5,2.4,2.4,2.1,2.1,2.1,2.6,2.6,1.4,1.4,1.4,0.2,0.2,0.1,0.1,0.1,0.2,0.2,0.0,0.0,0.0,0.0,0.3,1.2,1.2,1.8,1.8,1.8,2.6,2.6,5.0,5.0,5.0,3.2,3.2,2.5,2.5,2.5,2.4,2.4,2.1,2.1,2.1,2.6,2.6,1.4,1.4,1.4,0.2,0.2,0.1,0.1,0.1,0.2,0.2,0.0,0.0,0.0,0.0,0.0,0.3,1.2,1.2,1.8,1.8,1.8,2.6,2.6,5.0,5.0,5.0,3.2,3.2,2.5,2.5,2.5,2.4,2.4,2.1,2.1,2.1,2.6,2.6,1.4,1.4,1.4,0.2,0.2,0.1,0.1,0.1,0.2,0.2,0.0,0.0,0.0,0.0,0.0,0.4,0.2,0.2,0.3,0.3,0.3,1.6,1.6,0.4,0.4,0.4,1.6,1.6,2.6,2.6,2.6,2.7,2.7,2.1,2.1,2.1,1.7,1.7,1.4,1.4,1.4,0.7,0.7,0.2,0.2,0.2,0.3,0.3,0.0,0.0,0.0,0.0,0.0,0.4,0.2,0.2,0.3,0.3,0.3,1.6,1.6,0.4,0.4,0.4,1.6,1.6,2.6,2.6,2.6,2.7,2.7,2.1,2.1,2.1,1.7,1.7,1.4,1.4,1.4,0.7,0.7,0.2,0.2,0.2,0.3,0.3,0.0,0.0,0.0,0.0,0.0,0.4,0.2,0.2,0.3,0.3,0.3,0.8,0.8,0.6,0.6,0.6,0.5,0.5,1.1,1.1,1.1,1.8,1.8,2.5,2.5,2.5,1.5,1.5,1.1,1.1,1.1,1.1,1.1,1.0,1.0,1.0,0.4,0.4,0.0,0.0,0.0,0.0,0.0,0.4,0.2,0.2,0.3,0.3,0.3,0.8,0.8,0.6,0.6,0.6,0.5,0.5,1.1,1.1,1.1,1.8,1.8,2.5,2.5,2.5,1.5,1.5,1.1,1.1,1.1,1.1,1.1,1.0,1.0,1.0,0.4,0.4,0.0,0.0,0.0,0.0,0.0,0.2,0.2,0.3,0.3,0.3,0.8,0.8,0.6,0.6,0.6,0.5,0.5,1.1,1.1,1.1,1.8,1.8,2.5,2.5,2.5,1.5,1.5,1.1,1.1,1.1,1.1,1.1,1.0,1.0,1.0,0.4,0.4,0.1,0.0,0.0,0.0,0.0,0.5,0.7,0.7,0.7,1.1,1.1,1.1,1.1,1.1,1.4,1.4,1.2,1.2,1.2,1.2,1.2,1.8,1.8,1.8,1.2,1.2,1.1,1.1,1.1,1.7,1.7,1.3,1.3,1.3,0.9,0.9,0.1,0.1,0.1,0.4,0.4,0.7,0.7,0.7,1.1,1.1,1.1,1.1,1.1,1.4,1.4,1.2,1.2,1.2,1.2,1.2,1.8,1.8,1.8,1.2,1.2,1.1,1.1,1.1,1.7,1.7,1.3,1.3,1.3,0.9,0.9,0.1,0.1,0.1,0.1,1.0,1.0,1.0,0.8,0.8,0.7,0.7,0.7,0.5,0.5,0.3,0.3,0.3,0.8,0.8,1.4,1.4,1.4,1.1,1.1,1.5,1.5,1.5,1.3,1.3,0.8,0.8,0.8,1.0,1.0,0.2,0.2,0.2,1.0,1.0,0.8,0.8,0.7,0.7,0.7,0.5,0.5,0.3,0.3,0.3,0.8,0.8,1.4,1.4,1.4,1.1,1.1,1.5,1.5,1.5,1.3,1.3,0.8,0.8,0.8,1.0,1.0,1.0,1.0,0.8,0.8,0.7,0.7,0.7,0.5,0.5,0.3,0.3,0.3,0.8,0.8,1.4,1.4,1.4,1.1,1.1,1.5,1.5,1.5,1.3,1.3,0.8,0.8,0.6,0.6,0.7,0.7,0.6,0.6,0.6,0.2,0.2,0.5,0.5,0.5,1.1,1.1,1.3,1.3,1.3,1.0,1.0,1.2,1.2,1.2,1.1,0.6,0.7,0.7,0.6,0.6,0.6,0.2,0.2,0.5,0.5,0.5,1.1,1.1,1.3,1.3,1.3,1.0,1.0,1.2,1.2,1.2,1.1,0.0,0.0,0.0,0.0,0.0,0.1,0.1,0.7,0.7,0.7,1.1,1.1,1.0,1.0,1.0,1.1,1.1,1.2,1.2,0.0,0.0,1.1,1.1,1.0,1.0,1.0,1.1,1.1,1.2
2026-10-09T14:00:00Z,3.4,2.5,2.5,1.8,1.8,1.8,1.3,1.3,1.3,2.8,3.4,3.4,3.4,2.5,2.5,1.8,1.8,1.8,1.3,1.3,1.3,1.1,1.7,2.8,2.8,3.4,3.4,3.4,2.5,2.5,1.8,1.8,1.8,1.3,1.3,1.1,1.1,5.9,5.9,3.7,3.7,3.7,3.7,3.7,2.3,2.3,1.6,1.6,1.6,1.2,1.2,1.1,1.1,1.1,5.9,5.9,5.9,3.7,3.7,3.7,3.7,3.7,2.3,2.3,1.6,1.6,1.6,1.2,1.2,1.1,1.1,1.1,3.7,4.4,4.4,4.4,7.7,7.7,2.1,2.1,2.1,1.6,1.6,2.1,2.1,2.1,2.1,2.1,1.7,1.7,1.7,1.0,0.6,0.6,0.7,0.7,0.7,0.2,0.3,3.7,4.4,4.4,4.4,7.7,7.7,2.1,2.1,2.1,1.6,1.6,2.1,2.1,2.1,2.1,2.1,1.7,1.7,1.7,1.1,1.0,1.0,0.6,0.6,0.7,0.7,0.7,0.7,0.3,0.1,3.7,4.4,4.4,4.4,7.7,7.7,2.1,2.1,2.1,1.6,1.6,2.1,2.1,2.1,2.1,2.1,1.7,1.7,1.7,1.1,1.0,1.0,1.0,0.6,0.6,0.7,0.7,0.7,0.4,0.4,0.4,0.1,1.7,3.1,3.1,3.1,4.4,4.4,3.5,3.5,3.5,2.1,2.1,2.0,2.0,2.0,2.3,2.3,1.6,1.6,1.6,0.6,0.6,0.3,0.3,0.3,0.7,0.7,2.5,2.5,2.5,0.4,0.4,0.4,0.1,0.1,1.7,1.7,3.1,3.1,3.1,4.4,4.4,3.5,3.5,3.5,2.1,2.1,2.0,2.0,2.0,2.3,2.3,1.6,1.6,1.6,0.6,0.6,0.3,0.3,0.3,0.7,0.7,2.5,2.5,2.5,0.4,0.4,0.4,0.0,0.0,1.2,1.2,1.8,1.8,1.8,2.6,2.6,5.0,5.0,5.0,3.2,3.2,2.5,2.5,2.5,2.4,2.4,2.1,2.1,2.1,2.6,2.6,1.4,1.4,1.4,0.2,0.2,0.1,0.1,0.1,0.2,0.2,0.0,0.0,0.0,0.0,0.3,1.2,1.2,1.8,1.8,1.8,2.6,2.6,5.0,5.0,5.0,3.2,3.2,2.5,2.5,2.5,2.4,2.4,2.1,2.1,2.1,2.6,2.6,1.4,1.4,1.4,0.2,0.2,0.1,0.1,0.1,0.2,0.2,0.0,0.0,0.0,0.0,0.0,0.3,1.2,1.2,1.8,1.8,1.8,2.6,2.6,5.0,5.0,5.0,3.2,3.2,2.5,2.5,2.5,2.4,2.4,2.1,2.1,2.1,2.6,2.6,1.4,1.4,1.4,0.2,0.2,0.1,0.1,0.1,0.2,0.2,0.0,0.0,0.0,0.0,0.0,0.4,0.2,0.2,0.3,0.3,0.3,1.6,1.6,0.4,0.4,0.4,1.6,1.6,2.6,2.6,2.6,2.7,2.7,2.1,2.1,2.1,1.7,1.7,1.4,1.4,1.4,0.7,0.7,0.2,0.2,0.2,0.3,0.3,0.0,0.0,0.0,0.0,0.0,0.4,0.2,0.2,0.3,0.3,0.3,1.6,1.6,0.4,0.4,0.4,1.6,1.6,2.6,2.6,2.6,2.7,2.7,2.1,2.1,2.1,1.7,1.7,1.4,1.4,1.4,0.7,0.7,0.2,0.2,0.2,0.3,0.3,0.0,0.0,0.0,0.0,0.0,0.4,0.2,0.2,0.3,0.3,0.3,0.8,0.8,0.6,0.6,0.6,0.5,0.5,1.1,1.1,1.1,1.8,1.8,2.5,2.5,2.5,1.5,1.5,1.1,1.1,1.1,1.1,1.1,1.0,1.0,1.0,0.4,0.4,0.0,0.0,0.0,0.0,0.0,0.4,0.2,0.2,0.3,0.3,0.3,0.8,0.8,0.6,0.6,0.6,0.5,0.5,1.1,1.1,1.1,1.8,1.8,2.5,2.5,2.5,1.5,1.5,1.1,1.1,1.1,1.1,1.1,1.0,1.0,1.0,0.4,0.4,0.0,0.0,0.0,0.0,0.0,0.2,0.2,0.3,0.3,0.3,0.8,0.8,0.6,0.6,0.6,0.5,0.5,1.1,1.1,1.1,1.8,1.8,2.5,2.5,2.5,1.5,1.5,1.1,1.1,1.1,1.1,1.1,1.0,1.0,1.0,0.4,0.4,0.1,0.0,0.0,0.0,0.0,0.5,0.7,0.7,0.7,1.1,1.1,1.1,1.1,1.1,1.4,1.4,1.2,1.2,1.2,1.2,1.2,1.8,1.8,1.8,1.2,1.2,1.1,1.1,1.1,1.7,1.7,1.3,1.3,1.3,0.9,0.9,0.1,0.1,0.1,0.4,0.4,0.7,0.7,0.7,1.1,1.1,1.1,1.1,1.1,1.4,1.4,1.2,1.2,1.2,1.2,1.2,1.8,1.8,1.8,1.2,1.2,1.1,1.1,1.1,1.7,1.7,1.3,1.3,1.3,0.9,0.9,0.1,0.1,0.1,0.1,1.0,1.0,1.0,0.8,0.8,0.7,0.7,0.7,0.5,0.5,0.3,0.3,0.3,0.8,0.8,1.4,1.4,1.4,1.1,1.1,1.5,1.5,1.5,1.3,1.3,0.8,0.8,0.8,1.0,1.0,0.2,0.2,0.2,1.0,1.0,0.8,0.8,0.7,0.7,0.7,0.5,0.5,0.3,0.3,0.3,0.8,0.8,1.4,1.4,1.4,1.1,1.1,1.5,1.5,1.5,1.3,1.3,0.8,0.8,0.8,1.0,1.0,1.0,1.0,0.8,0.8,0.7,0.7,0.7,0.5,0.5,0.3,0.3,0.3,0.8,0.8,1.4,1.4,1.4,1.1,1.1,1.5,1.5,1.5,1.3,1.3,0.8,0.8,0.6,0.6,0.7,0.7,0.6,0.6,0.6,0.2,0.2,0.5,0.5,0.5,1.1,1.1,1.3,1.3,1.3,1.0,1.0,1.2,1.2,1.2,1.1,0.6,0.7,0.7,0.6,0.6,0.6,0.2,0.2,0.5,0.5,0.5,1.1,1.1,1.3,1.3,1.3,1.0,1.0,1.2,1.2,1.2,1.1,0.0,0.0,0.0,0.0,0.0,0.1,0.1,0.7,0.7,0.7,1.1,1.1,1.0,1.0,1.0,1.1,1.1,1.2,1.2,0.0,0.0,1.1,1.1,1.0,1.0,1.0,1.1,1.1,1.2
2026-10-09T15:00:00Z,3.4,2.5,2.5,1.8,1.8,1.8,1.3,1.3,1.3,2.8,3.4,3.4,3.4,2.5,2.5,1.8,1.8,1.8,1.3,1.3,1.3,1.1,1.7,2.8,2.8,3.4,3.4,3.4,2.5,2.5,1.8,1.8,1.8,1.3,1.3,1.1,1.1,5.9,5.9,3.7,3.7,3.7,3.7,3.7,2.3,2.3,1.6,1.6,1.6,1.2,1.2,1.1,1.1,1.1,5.9,5.9,5.9,3.7,3.7,3.7,3.7,3.7,2.3,2.3,1.6,1.6,1.6,1.2,1.2,1.1,1.1,1.1,3.7,4.4,4.4,4.4,7.7,7.7,2.1,2.1,2.1,1.6,1.6,2.1,2.1,2.1,2.1,2.1,1.7,1.7,1.7,1.0,0.6,0.6,0.7,0.7,0.7,0.2,0.3,3.7,4.4,4.4,4.4,7.7,7.7,2.1,2.1,2.1,1.6,1.6,2.1,2.1,2.1,2.1,2.1,1.7,1.7,1.7,1.1,1.0,1.0,0.6,0.6,0.7,0.7,0.7,0.7,0.3,0.1,3.7,4.4,4.4,4.4,7.7,7.7,2.1,2.1,2.1,1.6,1.6,2.1,2.1,2.1,2.1,2.1,1.7,1.7,1.7,1.1,1.0,1.0,1.0,0.6,0.6,0.7,0.7,0.7,0.4,0.4,0.4,0.1,1.7,3.1,3.1,3.1,4.4,4.4,3.5,3.5,3.5,2.1,2.1,2.0,2.0,2.0,2.3,2.3,1.6,1.6,1.6,0.6,0.6,0.3,0.3,0.3,0.7,0.7,2.5,2.5,2.5,0.4,0.4,0.4,0.1,0.1,1.7,1.7,3.1,3.1,3.1,4.4,4.4,3.5,3.5,3.5,2.1,2.1,2.0,2.0,2.0,2.3,2.3,1.6,1.6,1.6,0.6,0.6,0.3,0.3,0.3,0.7,0.7,2.5,2.5,2.5,0.4,0.4,0.4,0.0,0.0,1.2,1.2,1.8,1.8,1.8,2.6,2.6,5.0,5.0,5.0,3.2,3.2,2.5,2.5,2.5,2.4,2.4,2.1,2.1,2.1,2.6,2.6,1.4,1.4,1.4,0.2,0.2,0.1,0.1,0.1,0.2,0.2,0.0,0.0,0.0,0.0,0.3,1.2,1.2,1.8,1.8,1.8,2.6,2.6,5.0,5.0,5.0,3.2,3.2,2.5,2.5,2.5,2.4,2.4,2.1,2.1,2.1,2.6,2.6,1.4,1.4,1.4,0.2,0.2,0.1,0.1,0.1,0.2,0.2,0.0,0.0,0.0,0.0,0.0,0.3,1.2,1.2,1.8,1.8,1.8,2.6,2.6,5.0,5.0,5.0,3.2,3.2,2.5,2.5,2.5,2.4,2.4,2.1,2.1,2.1,2.6,2.6,1.4,1.4,1.4,0.2,0.2,0.1,0.1,0.1,0.2,0.2,0.0,0.0,0.0,0.0,0.0,0.4,0.2,0.2,0.3,0.3,0.3,1.6,1.6,0.4,0.4,0.4,1.6,1.6,2.6,2.6,2.6,2.7,2.7,2.1,2.1,2.1,1.7,1.7,1.4,1.4,1.4,0.7,0.7,0.2,0.2,0.2,0.3,0.3,0.0,0.0,0.0,0.0,0.0,0.4,0.2,0.2,0.3,0.3,0.3,1.6,1.6,0.4,0.4,0.4,1.6,1.6,2.6,2.6,2.6,2.7,2.7,2.1,2.1,2.1,1.7,1.7,1.4,1.4,1.4,0.7,0.7,0.2,0.2,0.2,0.3,0.3,0.0,0.0,0.0,0.0,0.0,0.4,0.2,0.2,0.3,0.3,0.3,0.8,0.8,0.6,0.6,0.6,0.5,0.5,1.1,1.1,1.1,1.8,1.8,2.5,2.5,2.5,1.5,1.5,1.1,1.1,1.1,1.1,1.1,1.0,1.0,1.0,0.4,0.4,0.0,0.0,0.0,0.0,0.0,0.4,0.2,0.2,0.3,0.3,0.3,0.8,0.8,0.6,0.6,0.6,0.5,0.5,1.1,1.1,1.1,1.8,1.8,2.5,2.5,2.5,1.5,1.5,1.1,1.1,1.1,1.1,1.1,1.0,1.0,1.0,0.4,0.4,0.0,0.0,0.0,0.0,0.0,0.2,0.2,0.3,0.3,0.3,0.8,0.8,0.6,0.6,0.6,0.5,0.5,1.1,1.1,1.1,1.8,1.8,2.5,2.5,2.5,1.5,1.5,1.1,1.1,1.1,1.1,1.1,1.0,1.0,1.0,0.4,0.4,0.1,0.0,0.0,0.0,0.0,0.5,0.7,0.7,0.7,1.1,1.1,1.1,1.1,1.1,1.4,1.4,1.2,1.2,1.2,1.2,1.2,1.8,1.8,1.8,1.2,1.2,1.1,1.1,1.1,1.7,1.7,1.3,1.3,1.3,0.9,0.9,0.1,0.1,0.1,0.4,0.4,0.7,0.7,0.7,1.1,1.1,1.1,1.1,1.1,1.4,1.4,1.2,1.2,1.2,1.2,1.2,1.8,1.8,1.8,1.2,1.2,1.1,1.1,1.1,1.7,1.7,1.3,1.3,1.3,0.9,0.9,0.1,0.1,0.1,0.1,1.0,1.0,1.0,0.8,0.8,0.7,0.7,0.7,0.5,0.5,0.3,0.3,0.3,0.8,0.8,1.4,1.4,1.4,1.1,1.1,1.5,1.5,1.5,1.3,1.3,0.8,0.8,0.8,1.0,1.0,0.2,0.2,0.2,1.0,1.0,0.8,0.8,0.7,0.7,0.7,0.5,0.5,0.3,0.3,0.3,0.8,0.8,1.4,1.4,1.4,1.1,1.1,1.5,1.5,1.5,1.3,1.3,0.8,0.8,0.8,1.0,1.0,1.0,1.0,0.8,0.8,0.7,0.7,0.7,0.5,0.5,0.3,0.3,0.3,0.8,0.8,1.4,1.4,1.4,1.1,1.1,1.5,1.5,1.5,1.3,1.3,0.8,0.8,0.6,0.6,0.7,0.7,0.6,0.6,0.6,0.2,0.2,0.5,0.5,0.5,1.1,1.1,1.3,1.3,1.3,1.0,1.0,1.2,1.2,1.2,1.1,0.6,0.7,0.7,0.6,0.6,0.6,0.2,0.2,0.5,0.5,0.5,1.1,1.1,1.3,1.3,1.3,1.0,1.0,1.2,1.2,1.2,1.1,0.0,0.0,0.0,0.0,0.0,0.1,0.1,0.7,0.7,0.7,1.1,1.1,1.0,1.0,1.0,1.1,1.1,1.2,1.2,0.0,0.0,1.1,1.1,1.0,1.0,1.0,1.1,1.1,1.2
2026-10-09T16:00:00Z,0.6,1.1,1.1,1.4,1.4,1.4,1.1,1.1,1.1,0.7,0.6,0.6,0.6,1.1,1.1,1.4,1.4,1.4,1.1,1.1,1.1,1.3,1.1,0.7,0.7,0.6,0.6,0.6,1.1,1.1,1.4,1.4,1.4,1.1,1.1,1.3,1.3,3.3,3.3,3.5,3.5,1.9,1.9,1.9,1.7,1.7,1.1,1.1,1.1,1.2,1.2,1.3,1.3,1.3,3.3,3.3,3.3,3.5,3.5,1.9,1.9,1.9,1.7,1.7,1.1,1.1,1.1,1.2,1.2,1.3,1.3,1.3,2.9,2.0,2.0,2.0,2.7,2.7,3.8,3.8,3.8,2.0,2.0,2.2,2.2,2.2,1.7,1.7,1.2,1.2,1.2,2.2,2.6,2.6,2.4,2.4,2.4,1.2,2.4,2.9,2.0,2.0,2.0,2.7,2.7,3.8,3.8,3.8,2.0,2.0,2.2,2.2,2.2,1.7,1.7,1.2,1.2,1.2,1.8,2.2,2.2,2.6,2.6,2.4,2.4,2.4,2.4,2.4,2.0,2.9,2.0,2.0,2.0,2.7,2.7,3.8,3.8,3.8,2.0,2.0,2.2,2.2,2.2,1.7,1.7,1.2,1.2,1.2,1.8,2.2,2.2,2.2,2.6,2.6,2.4,2.4,2.4,2.0,2.0,2.0,2.0,2.5,1.7,1.7,1.7,1.4,1.4,2.6,2.6,2.6,2.7,2.7,2.2,2.2,2.2,2.2,2.2,2.0,2.0,2.0,2.7,2.7,3.1,3.1,3.1,3.1,3.1,2.3,2.3,2.3,2.0,2.0,2.0,1.5,1.5,2.5,2.5,1.7,1.7,1.7,1.4,1.4,2.6,2.6,2.6,2.7,2.7,2.2,2.2,2.2,2.2,2.2,2.0,2.0,2.0,2.7,2.7,3.1,3.1,3.1,3.1,3.1,2.3,2.3,2.3,2.0,2.0,2.0,1.1,1.1,2.5,2.5,2.5,2.5,2.5,2.2,2.2,2.6,2.6,2.6,1.9,1.9,1.6,1.6,1.6,1.5,1.5,2.3,2.3,2.3,3.0,3.0,3.1,3.1,3.1,3.3,3.3,3.2,3.2,3.2,2.6,2.6,1.1,1.1,1.1,1.1,1.1,2.5,2.5,2.5,2.5,2.5,2.2,2.2,2.6,2.6,2.6,1.9,1.9,1.6,1.6,1.6,1.5,1.5,2.3,2.3,2.3,3.0,3.0,3.1,3.1,3.1,3.3,3.3,3.2,3.2,3.2,2.6,2.6,1.1,1.1,1.1,1.1,1.0,1.1,2.5,2.5,2.5,2.5,2.5,2.2,2.2,2.6,2.6,2.6,1.9,1.9,1.6,1.6,1.6,1.5,1.5,2.3,2.3,2.3,3.0,3.0,3.1,3.1,3.1,3.3,3.3,3.2,3.2,3.2,2.6,2.6,1.1,1.1,1.1,1.0,1.0,1.0,2.1,2.1,3.9,3.9,3.9,2.7,2.7,3.7,3.7,3.7,3.7,3.7,3.4,3.4,3.4,3.7,3.7,3.0,3.0,3.0,1.7,1.7,1.6,1.6,1.6,1.6,1.6,2.1,2.1,2.1,3.0,3.0,1.3,1.3,1.3,1.0,1.0,1.0,2.1,2.1,3.9,3.9,3.9,2.7,2.7,3.7,3.7,3.7,3.7,3.7,3.4,3.4,3.4,3.7,3.7,3.0,3.0,3.0,1.7,1.7,1.6,1.6,1.6,1.6,1.6,2.1,2.1,2.1,3.0,3.0,1.3,1.3,1.3,1.0,1.0,0.4,0.6,0.6,1.6,1.6,1.6,2.0,2.0,2.3,2.3,2.3,2.9,2.9,3.6,3.6,3.6,3.9,3.9,2.7,2.7,2.7,2.5,2.5,1.4,1.4,1.4,2.4,2.4,1.2,1.2,1.2,1.4,1.4,2.5,2.5,2.5,1.3,1.3,0.4,0.6,0.6,1.6,1.6,1.6,2.0,2.0,2.3,2.3,2.3,2.9,2.9,3.6,3.6,3.6,3.9,3.9,2.7,2.7,2.7,2.5,2.5,1.4,1.4,1.4,2.4,2.4,1.2,1.2,1.2,1.4,1.4,2.5,2.5,2.5,1.3,1.3,0.6,0.6,1.6,1.6,1.6,2.0,2.0,2.3,2.3,2.3,2.9,2.9,3.6,3.6,3.6,3.9,3.9,2.7,2.7,2.7,2.5,2.5,1.4,1.4,1.4,2.4,2.4,1.2,1.2,1.2,1.4,1.4,0.8,2.5,2.5,1.3,1.3,0.8,2.4,2.4,2.4,2.0,2.0,1.6,1.6,1.6,1.0,1.0,1.5,1.5,1.5,1.9,1.9,2.4,2.4,2.4,0.5,0.5,0.0,0.0,0.0,0.1,0.1,0.2,0.2,0.2,0.4,0.4,0.8,0.8,0.8,2.1,2.1,2.4,2.4,2.4,2.0,2.0,1.6,1.6,1.6,1.0,1.0,1.5,1.5,1.5,1.9,1.9,2.4,2.4,2.4,0.5,0.5,0.0,0.0,0.0,0.1,0.1,0.2,0.2,0.2,0.4,0.4,0.8,0.8,0.8,0.8,1.4,1.4,1.4,1.5,1.5,0.9,0.9,0.9,0.9,0.9,0.9,0.9,0.9,0.9,0.9,0.9,0.9,0.9,0.6,0.6,0.1,0.1,0.1,0.0,0.0,0.1,0.1,0.1,0.4,0.4,0.9,0.9,0.9,1.4,1.4,1.5,1.5,0.9,0.9,0.9,0.9,0.9,0.9,0.9,0.9,0.9,0.9,0.9,0.9,0.9,0.6,0.6,0.1,0.1,0.1,0.0,0.0,0.1,0.1,0.1,0.4,0.4,1.4,1.4,1.5,1.5,0.9,0.9,0.9,0.9,0.9,0.9,0.9,0.9,0.9,0.9,0.9,0.9,0.9,0.6,0.6,0.1,0.1,0.1,0.0,0.0,0.1,0.1,1.7,1.7,0.8,0.8,0.6,0.6,0.6,0.5,0.5,0.6,0.6,0.6,0.1,0.1,0.1,0.1,0.1,0.1,0.1,0.0,0.0,0.0,0.0,1.7,0.8,0.8,0.6,0.6,0.6,0.5,0.5,0.6,0.6,0.6,0.1,0.1,0.1,0.1,0.1,0.1,0.1,0.0,0.0,0.0,0.0,0.7,0.7,0.4,0.4,0.4,0.4,0.4,0.4,0.4,0.4,0.7,0.7,0.4,0.4,0.4,0.1,0.1,0.0,0.0,0.4,0.4,0.7,0.7,0.4,0.4,0.4,0.1,0.1,0.0
2026-10-09T17:00:00Z,0.6,1.1,1.1,1.4,1.4,1.4,1.1,1.1,1.1,0.7,0.6,0.6,0.6,1.1,1.1,1.4,1.4,1.4,1.1,1.1,1.1,1.3,1.1,0.7,0.7,0.6,0.6,0.6,1.1,1.1,1.4,1.4,1.4,1.1,1.1,1.3,1.3,3.3,3.3,3.5,3.5,1.9,1.9,1.9,1.7,1.7,1.1,1.1,1.1,1.2,1.2,1.3,1.3,1.3,3.3,3.3,3.3,3.5,3.5,1.9,1.9,1.9,1.7,1.7,1.1,1.1,1.1,1.2,1.2,1.3,1.3,1.3,2.9,2.0,2.0,2.0,2.7,2.7,3.8,3.8,3.8,2.0,2.0,2.2,2.2,2.2,1.7,1.7,1.2,1.2,1.2,2.2,2.6,2.6,2.4,2.4,2.4,1.2,2.4,2.9,2.0,2.0,2.0,2.7,2.7,3.8,3.8,3.8,2.0,2.0,2.2,2.2,2.2,1.7,1.7,1.2,1.2,1.2,1.8,2.2,2.2,2.6,2.6,2.4,2.4,2.4,2.4,2.4,2.0,2.9,2.0,2.0,2.0,2.7,2.7,3.8,3.8,3.8,2.0,2.0,2.2,2.2,2.2,1.7,1.7,1.2,1.2,1.2,1.8,2.2,2.2,2.2,2.6,2.6,2.4,2.4,2.4,2.0,2.0,2.0,2.0,2.5,1.7,1.7,1.7,1.4,1.4,2.6,2.6,2.6,2.7,2.7,2.2,2.2,2.2,2.2,2.2,2.0,2.0,2.0,2.7,2.7,3.1,3.1,3.1,3.1,3.1,2.3,2.3,2.3,2.0,2.0,2.0,1.5,1.5,2.5,2.5,1.7,1.7,1.7,1.4,1.4,2.6,2.6,2.6,2.7,2.7,2.2,2.2,2.2,2.2,2.2,2.0,2.0,2.0,2.7,2.7,3.1,3.1,3.1,3.1,3.1,2.3,2.3,2.3,2.0,2.0,2.0,1.1,1.1,2.5,2.5,2.5,2.5,2.5,2.2,2.2,2.6,2.6,2.6,1.9,1.9,1.6,1.6,1.6,1.5,1.5,2.3,2.3,2.3,3.0,3.0,3.1,3.1,3.1,3.3,3.3,3.2,3.2,3.2,2.6,2.6,1.1,1.1,1.1,1.1,1.1,2.5,2.5,2.5,2.5,2.5,2.2,2.2,2.6,2.6,2.6,1.9,1.9,1.6,1.6,1.6,1.5,1.5,2.3,2.3,2.3,3.0,3.0,3.1,3.1,3.1,3.3,3.3,3.2,3.2,3.2,2.6,2.6,1.1,1.1,1.1,1.1,1.0,1.1,2.5,2.5,2.5,2.5,2.5,2.2,2.2,2.6,2.6,2.6,1.9,1.9,1.6,1.6,1.6,1.5,1.5,2.3,2.3,2.3,3.0,3.0,3.1,3.1,3.1,3.3,3.3,3.2,3.2,3.2,2.6,2.6,1.1,1.1,1.1,1.0,1.0,1.0,2.1,2.1,3.9,3.9,3.9,2.7,2.7,3.7,3.7,3.7,3.7,3.7,3.4,3.4,3.4,3.7,3.7,3.0,3.0,3.0,1.7,1.7,1.6,1.6,1.6,1.6,1.6,2.1,2.1,2.1,3.0,3.0,1.3,1.3,1.3,1.0,1.0,1.0,2.1,2.1,3.9,3.9,3.9,2.7,2.7,3.7,3.7,3.7,3.7,3.7,3.4,3.4,3.4,3.7,3.7,3.0,3.0,3.0,1.7,1.7,1.6,1.6,1.6,1.6,1.6,2.1,2.1,2.1,3.0,3.0,1.3,1.3,1.3,1.0,1.0,0.4,0.6,0.6,1.6,1.6,1.6,2.0,2.0,2.3,2.3,2.3,2.9,2.9,3.6,3.6,3.6,3.9,3.9,2.7,2.7,2.7,2.5,2.5,1.4,1.4,1.4,2.4,2.4,1.2,1.2,1.2,1.4,1.4,2.5,2.5,2.5,1.3,1.3,0.4,0.6,0.6,1.6,1.6,1.6,2.0,2.0,2.3,2.3,2.3,2.9,2.9,3.6,3.6,3.6,3.9,3.9,2.7,2.7,2.7,2.5,2.5,1.4,1.4,1.4,2.4,2.4,1.2,1.2,1.2,1.4,1.4,2.5,2.5,2.5,1.3,1.3,0.6,0.6,1.6,1.6,1.6,2.0,2.0,2.3,2.3,2.3,2.9,2.9,3.6,3.6,3.6,3.9,3.9,2.7,2.7,2.7,2.5,2.5,1.4,1.4,1.4,2.4,2.4,1.2,1.2,1.2,1.4,1.4,0.8,2.5,2.5,1.3,1.3,0.8,2.4,2.4,2.4,2.0,2.0,1.6,1.6,1.6,1.0,1.0,1.5,1.5,1.5,1.9,1.9,2.4,2.4,2.4,0.5,0.5,0.0,0.0,0.0,0.1,0.1,0.2,0.2,0.2,0.4,0.4,0.8,0.8,0.8,2.1,2.1,2.4,2.4,2.4,2.0,2.0,1.6,1.6,1.6,1.0,1.0,1.5,1.5,1.5,1.9,1.9,2.4,2.4,2.4,0.5,0.5,0.0,0.0,0.0,0.1,0.1,0.2,0.2,0.2,0.4,0.4,0.8,0.8,0.8,0.8,1.4,1.4,1.4,1.5,1.5,0.9,0.9,0.9,0.9,0.9,0.9,0.9,0.9,0.9,0.9,0.9,0.9,0.9,0.6,0.6,0.1,0.1,0.1,0.0,0.0,0.1,0.1,0.1,0.4,0.4,0.9,0.9,0.9,1.4,1.4,1.5,1.5,0.9,0.9,0.9,0.9,0.9,0.9,0.9,0.9,0.9,0.9,0.9,0.9,0.9,0.6,0.6,0.1,0.1,0.1,0.0,0.0,0.1,0.1,0.1,0.4,0.4,1.4,1.4,1.5,1.5,0.9,0.9,0.9,0.9,0.9,0.9,0.9,0.9,0.9,0.9,0.9,0.9,0.9,0.6,0.6,0.1,0.1,0.1,0.0,0.0,0.1,0.1,1.7,1.7,0.8,0.8,0.6,0.6,0.6,0.5,0.5,0.6,0.6,0.6,0.1,0.1,0.1,0.1,0.1,0.1,0.1,0.0,0.0,0.0,0.0,1.7,0.8,0.8,0.6,0.6,0.6,0.5,0.5,0.6,0.6,0.6,0.1,0.1,0.1,0.1,0.1,0.1,0.1,0.0,0.0,0.0,0.0,0.7,0.7,0.4,0.4,0.4,0.4,0.4,0.4,0.4,0.4,0.7,0.7,0.4,0.4,0.4,0.1,0.1,0.0,0.0,0.4,0.4,0.7,0.7,0.4,0.4,0.4,0.1,0.1,0.0
2026-10-09T18:00:00Z,0.6,1.1,1.1,1.4,1.4,1.4,1.1,1.1,1.1,0.7,0.6,0.6,0.6,1.1,1.1,1.4,1.4,1.4,1.1,1.1,1.1,1.3,1.1,0.7,0.7,0.6,0.6,0.6,1.1,1.1,1.4,1.4,1.4,1.1,1.1,1.3,1.3,3.3,3.3,3.5,3.5,1.9,1.9,1.9,1.7,1.7,1.1,1.1,1.1,1.2,1.2,1.3,1.3,1.3,3.3,3.3,3.3,3.5,3.5,1.9,1.9,1.9,1.7,1.7,1.1,1.1,1.1,1.2,1.2,1.3,1.3,1.3,2.9,2.0,2.0,2.0,2.7,2.7,3.8,3.8,3.8,2.0,2.0,2.2,2.2,2.2,1.7,1.7,1.2,1.2,1.2,2.2,2.6,2.6,2.4,2.4,2.4,1.2,2.4,2.9,2.0,2.0,2.0,2.7,2.7,3.8,3.8,3.8,2.0,2.0,2.2,2.2,2.2,1.7,1.7,1.2,1.2,1.2,1.8,2.2,2.2,2.6,2.6,2.4,2.4,2.4,2.4,2.4,2.0,2.9,2.0,2.0,2.0,2.7,2.7,3.8,3.8,3.8,2.0,2.0,2.2,2.2,2.2,1.7,1.7,1.2,1.2,1.2,1.8,2.2,2.2,2.2,2.6,2.6,2.4,2.4,2.4,2.0,2.0,2.0,2.0,2.5,1.7,1.7,1.7,1.4,1.4,2.6,2.6,2.6,2.7,2.7,2.2,2.2,2.2,2.2,2.2,2.0,2.0,2.0,2.7,2.7,3.1,3.1,3.1,3.1,3.1,2.3,2.3,2.3,2.0,2.0,2.0,1.5,1.5,2.5,2.5,1.7,1.7,1.7,1.4,1.4,2.6,2.6,2.6,2.7,2.7,2.2,2.2,2.2,2.2,2.2,2.0,2.0,2.0,2.7,2.7,3.1,3.1,3.1,3.1,3.1,2.3,2.3,2.3,2.0,2.0,2.0,1.1,1.1,2.5,2.5,2.5,2.5,2.5,2.2,2.2,2.6,2.6,2.6,1.9,1.9,1.6,1.6,1.6,1.5,1.5,2.3,2.3,2.3,3.0,3.0,3.1,3.1,3.1,3.3,3.3,3.2,3.2,3.2,2.6,2.6,1.1,1.1,1.1,1.1,1.1,2.5,2.5,2.5,2.5,2.5,2.2,2.2,2.6,2.6,2.6,1.9,1.9,1.6,1.6,1.6,1.5,1.5,2.3,2.3,2.3,3.0,3.0,3.1,3.1,3.1,3.3,3.3,3.2,3.2,3.2,2.6,2.6,1.1,1.1,1.1,1.1,1.0,1.1,2.5,2.5,2.5,2.5,2.5,2.2,2.2,2.6,2.6,2.6,1.9,1.9,1.6,1.6,1.6,1.5,1.5,2.3,2.3,2.3,3.0,3.0,3.1,3.1,3.1,3.3,3.3,3.2,3.2,3.2,2.6,2.6,1.1,1.1,1.1,1.0,1.0,1.0,2.1,2.1,3.9,3.9,3.9,2.7,2.7,3.7,3.7,3.7,3.7,3.7,3.4,3.4,3.4,3.7,3.7,3.0,3.0,3.0,1.7,1.7,1.6,1.6,1.6,1.6,1.6,2.1,2.1,2.1,3.0,3.0,1.3,1.3,1.3,1.0,1.0,1.0,2.1,2.1,3.9,3.9,3.9,2.7,2.7,3.7,3.7,3.7,3.7,3.7,3.4,3.4,3.4,3.7,3.7,3.0,3.0,3.0,1.7,1.7,1.6,1.6,1.6,1.6,1.6,2.1,2.1,2.1,3.0,3.0,1.3,1.3,1.3,1.0,1.0,0.4,0.6,0.6,1.6,1.6,1.6,2.0,2.0,2.3,2.3,2.3,2.9,2.9,3.6,3.6,3.6,3.9,3.9,2.7,2.7,2.7,2.5,2.5,1.4,1.4,1.4,2.4,2.4,1.2,1.2,1.2,1.4,1.4,2.5,2.5,2.5,1.3,1.3,0.4,0.6,0.6,1.6,1.6,1.6,2.0,2.0,2.3,2.3,2.3,2.9,2.9,3.6,3.6,3.6,3.9,3.9,2.7,2.7,2.7,2.5,2.5,1.4,1.4,1.4,2.4,2.4,1.2,1.2,1.2,1.4,1.4,2.5,2.5,2.5,1.3,1.3,0.6,0.6,1.6,1.6,1.6,2.0,2.0,2.3,2.3,2.3,2.9,2.9,3.6,3.6,3.6,3.9,3.9,2.7,2.7,2.7,2.5,2.5,1.4,1.4,1.4,2.4,2.4,1.2,1.2,1.2,1.4,1.4,0.8,2.5,2.5,1.3,1.3,0.8,2.4,2.4,2.4,2.0,2.0,1.6,1.6,1.6,1.0,1.0,1.5,1.5,1.5,1.9,1.9,2.4,2.4,2.4,0.5,0.5,0.0,0.0,0.0,0.1,0.1,0.2,0.2,0.2,0.4,0.4,0.8,0.8,0.8,2.1,2.1,2.4,2.4,2.4,2.0,2.0,1.6,1.6,1.6,1.0,1.0,1.5,1.5,1.5,1.9,1.9,2.4,2.4,2.4,0.5,0.5,0.0,0.0,0.0,0.1,0.1,0.2,0.2,0.2,0.4,0.4,0.8,0.8,0.8,0.8,1.4,1.4,1.4,1.5,1.5,0.9,0.9,0.9,0.9,0.9,0.9,0.9,0.9,0.9,0.9,0.9,0.9,0.9,0.6,0.6,0.1,0.1,0.1,0.0,0.0,0.1,0.1,0.1,0.4,0.4,0.9,0.9,0.9,1.4,1.4,1.5,1.5,0.9,0.9,0.9,0.9,0.9,0.9,0.9,0.9,0.9,0.9,0.9,0.9,0.9,0.6,0.6,0.1,0.1,0.1,0.0,0.0,0.1,0.1,0.1,0.4,0.4,1.4,1.4,1.5,1.5,0.9,0.9,0.9,0.9,0.9,0.9,0.9,0.9,0.9,0.9,0.9,0.9,0.9,0.6,0.6,0.1,0.1,0.1,0.0,0.0,0.1,0.1,1.7,1.7,0.8,0.8,0.6,0.6,0.6,0.5,0.5,0.6,0.6,0.6,0.1,0.1,0.1,0.1,0.1,0.1,0.1,0.0,0.0,0.0,0.0,1.7,0.8,0.8,0.6,0.6,0.6,0.5,0.5,0.6,0.6,0.6,0.1,0.1,0.1,0.1,0.1,0.1,0.1,0.0,0.0,0.0,0.0,0.7,0.7,0.4,0.4,0.4,0.4,0.4,0.4,0.4,0.4,0.7,0.7,0.4,0.4,0.4,0.1,0.1,0.0,0.0,0.4,0.4,0.7,0.7,0.4,0.4,0.4,0.1,0.1,0.0
2026-10-09T19:00:00Z,1.0,0.7,0.7,0.5,0.5,0.5,0.6,0.6,0.6,1.4,1.0,1.0,1.0,0.7,0.7,0.5,0.5,0.5,0.6,0.6,0.6,1.2,1.9,1.4,1.4,1.0,1.0,1.0,0.7,0.7,0.5,0.5,0.5,0.6,0.6,1.2,1.2,1.4,1.4,0.9,0.9,1.0,1.0,1.0,0.7,0.7,0.7,0.7,0.7,0.9,0.9,1.2,1.2,1.2,1.4,1.4,1.4,0.9,0.9,1.0,1.0,1.0,0.7,0.7,0.7,0.7,0.7,0.9,0.9,1.2,1.2,1.2,2.5,3.4,3.4,3.4,2.0,2.0,1.0,1.0,1.0,1.7,1.7,2.1,2.1,2.1,2.6,2.6,2.0,2.0,2.0,1.6,1.3,1.3,1.2,1.2,1.2,0.6,1.2,2.5,3.4,3.4,3.4,2.0,2.0,1.0,1.0,1.0,1.7,1.7,2.1,2.1,2.1,2.6,2.6,2.0,2.0,2.0,1.7,1.6,1.6,1.3,1.3,1.2,1.2,1.2,1.2,1.2,1.1,2.5,3.4,3.4,3.4,2.0,2.0,1.0,1.0,1.0,1.7,1.7,2.1,2.1,2.1,2.6,2.6,2.0,2.0,2.0,1.7,1.6,1.6,1.6,1.3,1.3,1.2,1.2,1.2,1.3,1.3,1.3,1.1,2.0,3.1,3.1,3.1,3.0,3.0,2.1,2.1,2.1,1.6,1.6,2.3,2.3,2.3,2.4,2.4,2.2,2.2,2.2,2.1,2.1,1.8,1.8,1.8,1.5,1.5,1.5,1.5,1.5,1.3,1.3,1.3,1.1,1.1,2.0,2.0,3.1,3.1,3.1,3.0,3.0,2.1,2.1,2.1,1.6,1.6,2.3,2.3,2.3,2.4,2.4,2.2,2.2,2.2,2.1,2.1,1.8,1.8,1.8,1.5,1.5,1.5,1.5,1.5,1.3,1.3,1.3,1.1,1.1,2.5,2.5,2.1,2.1,2.1,3.3,3.3,3.7,3.7,3.7,3.5,3.5,2.2,2.2,2.2,4.4,4.4,2.9,2.9,2.9,1.7,1.7,1.5,1.5,1.5,1.5,1.5,1.1,1.1,1.1,1.2,1.2,1.1,1.1,1.1,1.1,2.0,2.5,2.5,2.1,2.1,2.1,3.3,3.3,3.7,3.7,3.7,3.5,3.5,2.2,2.2,2.2,4.4,4.4,2.9,2.9,2.9,1.7,1.7,1.5,1.5,1.5,1.5,1.5,1.1,1.1,1.1,1.2,1.2,1.1,1.1,1.1,1.1,0.9,2.0,2.5,2.5,2.1,2.1,2.1,3.3,3.3,3.7,3.7,3.7,3.5,3.5,2.2,2.2,2.2,4.4,4.4,2.9,2.9,2.9,1.7,1.7,1.5,1.5,1.5,1.5,1.5,1.1,1.1,1.1,1.2,1.2,1.1,1.1,1.1,0.9,0.9,1.2,1.4,1.4,1.8,1.8,1.8,2.4,2.4,2.2,2.2,2.2,2.7,2.7,3.5,3.5,3.5,3.7,3.7,3.1,3.1,3.1,2.3,2.3,2.1,2.1,2.1,1.9,1.9,1.4,1.4,1.4,1.1,1.1,1.1,1.1,1.1,0.9,0.9,1.2,1.4,1.4,1.8,1.8,1.8,2.4,2.4,2.2,2.2,2.2,2.7,2.7,3.5,3.5,3.5,3.7,3.7,3.1,3.1,3.1,2.3,2.3,2.1,2.1,2.1,1.9,1.9,1.4,1.4,1.4,1.1,1.1,1.1,1.1,1.1,0.9,0.9,0.5,0.8,0.8,1.3,1.3,1.3,1.9,1.9,2.6,2.6,2.6,2.5,2.5,2.1,2.1,2.1,2.3,2.3,3.5,3.5,3.5,3.4,3.4,2.4,2.4,2.4,1.9,1.9,1.2,1.2,1.2,1.4,1.4,1.3,1.3,1.3,0.6,0.6,0.5,0.8,0.8,1.3,1.3,1.3,1.9,1.9,2.6,2.6,2.6,2.5,2.5,2.1,2.1,2.1,2.3,2.3,3.5,3.5,3.5,3.4,3.4,2.4,2.4,2.4,1.9,1.9,1.2,1.2,1.2,1.4,1.4,1.3,1.3,1.3,0.6,0.6,0.8,0.8,1.3,1.3,1.3,1.9,1.9,2.6,2.6,2.6,2.5,2.5,2.1,2.1,2.1,2.3,2.3,3.5,3.5,3.5,3.4,3.4,2.4,2.4,2.4,1.9,1.9,1.2,1.2,1.2,1.4,1.4,1.2,1.3,1.3,0.6,0.6,0.4,1.8,1.8,1.8,3.7,3.7,4.5,4.5,4.5,3.9,3.9,2.4,2.4,2.4,2.7,2.7,3.3,3.3,3.3,3.9,3.9,3.8,3.8,3.8,2.4,2.4,1.9,1.9,1.9,1.1,1.1,1.2,1.2,1.2,1.8,1.8,1.8,1.8,1.8,3.7,3.7,4.5,4.5,4.5,3.9,3.9,2.4,2.4,2.4,2.7,2.7,3.3,3.3,3.3,3.9,3.9,3.8,3.8,3.8,2.4,2.4,1.9,1.9,1.9,1.1,1.1,1.2,1.2,1.2,1.2,1.5,1.5,1.5,2.5,2.5,3.6,3.6,3.6,4.6,4.6,1.9,1.9,1.9,1.8,1.8,1.5,1.5,1.5,2.0,2.0,3.3,3.3,3.3,2.7,2.7,1.8,1.8,1.8,1.8,1.8,1.2,1.2,1.2,1.5,1.5,2.5,2.5,3.6,3.6,3.6,4.6,4.6,1.9,1.9,1.9,1.8,1.8,1.5,1.5,1.5,2.0,2.0,3.3,3.3,3.3,2.7,2.7,1.8,1.8,1.8,1.8,1.8,1.5,1.5,2.5,2.5,3.6,3.6,3.6,4.6,4.6,1.9,1.9,1.9,1.8,1.8,1.5,1.5,1.5,2.0,2.0,3.3,3.3,3.3,2.7,2.7,1.8,1.8,2.4,2.4,1.8,1.8,1.1,1.1,1.1,2.3,2.3,1.5,1.5,1.5,1.7,1.7,3.5,3.5,3.5,2.4,2.4,2.6,2.6,2.6,3.2,2.4,1.8,1.8,1.1,1.1,1.1,2.3,2.3,1.5,1.5,1.5,1.7,1.7,3.5,3.5,3.5,2.4,2.4,2.6,2.6,2.6,3.2,2.3,2.3,0.8,0.8,0.8,1.2,1.2,0.8,0.8,0.8,0.5,0.5,0.7,0.7,0.7,1.6,1.6,1.3,1.3,0.8,0.8,0.5,0.5,0.7,0.7,0.7,1.6,1.6,1.3
2026-10-09T20:00:00Z,1.0,0.7,0.7,0.5,0.5,0.5,0.6,0.6,0.6,1.4,1.0,1.0,1.0,0.7,0.7,0.5,0.5,0.5,0.6,0.6,0.6,1.2,1.9,1.4,1.4,1.0,1.0,1.0,0.7,0.7,0.5,0.5,0.5,0.6,0.6,1.2,1.2,1.4,1.4,0.9,0.9,1.0,1.0,1.0,0.7,0.7,0.7,0.7,0.7,0.9,0.9,1.2,1.2,1.2,1.4,1.4,1.4,0.9,0.9,1.0,1.0,1.0,0.7,0.7,0.7,0.7,0.7,0.9,0.9,1.2,1.2,1.2,2.5,3.4,3.4,3.4,2.0,2.0,1.0,1.0,1.0,1.7,1.7,2.1,2.1,2.1,2.6,2.6,2.0,2.0,2.0,1.6,1.3,1.3,1.2,1.2,1.2,0.6,1.2,2.5,3.4,3.4,3.4,2.0,2.0,1.0,1.0,1.0,1.7,1.7,2.1,2.1,2.1,2.6,2.6,2.0,2.0,2.0,1.7,1.6,1.6,1.3,1.3,1.2,1.2,1.2,1.2,1.2,1.1,2.5,3.4,3.4,3.4,2.0,2.0,1.0,1.0,1.0,1.7,1.7,2.1,2.1,2.1,2.6,2.6,2.0,2.0,2.0,1.7,1.6,1.6,1.6,1.3,1.3,1.2,1.2,1.2,1.3,1.3,1.3,1.1,2.0,3.1,3.1,3.1,3.0,3.0,2.1,2.1,2.1,1.6,1.6,2.3,2.3,2.3,2.4,2.4,2.2,2.2,2.2,2.1,2.1,1.8,1.8,1.8,1.5,1.5,1.5,1.5,1.5,1.3,1.3,1.3,1.1,1.1,2.0,2.0,3.1,3.1,3.1,3.0,3.0,2.1,2.1,2.1,1.6,1.6,2.3,2.3,2.3,2.4,2.4,2.2,2.2,2.2,2.1,2.1,1.8,1.8,1.8,1.5,1.5,1.5,1.5,1.5,1.3,1.3,1.3,1.1,1.1,2.5,2.5,2.1,2.1,2.1,3.3,3.3,3.7,3.7,3.7,3.5,3.5,2.2,2.2,2.2,4.4,4.4,2.9,2.9,2.9,1.7,1.7,1.5,1.5,1.5,1.5,1.5,1.1,1.1,1.1,1.2,1.2,1.1,1.1,1.1,1.1,2.0,2.5,2.5,2.1,2.1,2.1,3.3,3.3,3.7,3.7,3.7,3.5,3.5,2.2,2.2,2.2,4.4,4.4,2.9,2.9,2.9,1.7,1.7,1.5,1.5,1.5,1.5,1.5,1.1,1.1,1.1,1.2,1.2,1.1,1.1,1.1,1.1,0.9,2.0,2.5,2.5,2.1,2.1,2.1,3.3,3.3,3.7,3.7,3.7,3.5,3.5,2.2,2.2,2.2,4.4,4.4,2.9,2.9,2.9,1.7,1.7,1.5,1.5,1.5,1.5,1.5,1.1,1.1,1.1,1.2,1.2,1.1,1.1,1.1,0.9,0.9,1.2,1.4,1.4,1.8,1.8,1.8,2.4,2.4,2.2,2.2,2.2,2.7,2.7,3.5,3.5,3.5,3.7,3.7,3.1,3.1,3.1,2.3,2.3,2.1,2.1,2.1,1.9,1.9,1.4,1.4,1.4,1.1,1.1,1.1,1.1,1.1,0.9,0.9,1.2,1.4,1.4,1.8,1.8,1.8,2.4,2.4,2.2,2.2,2.2,2.7,2.7,3.5,3.5,3.5,3.7,3.7,3.1,3.1,3.1,2.3,2.3,2.1,2.1,2.1,1.9,1.9,1.4,1.4,1.4,1.1,1.1,1.1,1.1,1.1,0.9,0.9,0.5,0.8,0.8,1.3,1.3,1.3,1.9,1.9,2.6,2.6,2.6,2.5,2.5,2.1,2.1,2.1,2.3,2.3,3.5,3.5,3.5,3.4,3.4,2.4,2.4,2.4,1.9,1.9,1.2,1.2,1.2,1.4,1.4,1.3,1.3,1.3,0.6,0.6,0.5,0.8,0.8,1.3,1.3,1.3,1.9,1.9,2.6,2.6,2.6,2.5,2.5,2.1,2.1,2.1,2.3,2.3,3.5,3.5,3.5,3.4,3.4,2.4,2.4,2.4,1.9,1.9,1.2,1.2,1.2,1.4,1.4,1.3,1.3,1.3,0.6,0.6,0.8,0.8,1.3,1.3,1.3,1.9,1.9,2.6,2.6,2.6,2.5,2.5,2.1,2.1,2.1,2.3,2.3,3.5,3.5,3.5,3.4,3.4,2.4,2.4,2.4,1.9,1.9,1.2,1.2,1.2,1.4,1.4,1.2,1.3,1.3,0.6,0.6,0.4,1.8,1.8,1.8,3.7,3.7,4.5,4.5,4.5,3.9,3.9,2.4,2.4,2.4,2.7,2.7,3.3,3.3,3.3,3.9,3.9,3.8,3.8,3.8,2.4,2.4,1.9,1.9,1.9,1.1,1.1,1.2,1.2,1.2,1.8,1.8,1.8,1.8,1.8,3.7,3.7,4.5,4.5,4.5,3.9,3.9,2.4,2.4,2.4,2.7,2.7,3.3,3.3,3.3,3.9,3.9,3.8,3.8,3.8,2.4,2.4,1.9,1.9,1.9,1.1,1.1,1.2,1.2,1.2,1.2,1.5,1.5,1.5,2.5,2.5,3.6,3.6,3.6,4.6,4.6,1.9,1.9,1.9,1.8,1.8,1.5,1.5,1.5,2.0,2.0,3.3,3.3,3.3,2.7,2.7,1.8,1.8,1.8,1.8,1.8,1.2,1.2,1.2,1.5,1.5,2.5,2.5,3.6,3.6,3.6,4.6,4.6,1.9,1.9,1.9,1.8,1.8,1.5,1.5,1.5,2.0,2.0,3.3,3.3,3.3,2.7,2.7,1.8,1.8,1.8,1.8,1.8,1.5,1.5,2.5,2.5,3.6,3.6,3.6,4.6,4.6,1.9,1.9,1.9,1.8,1.8,1.5,1.5,1.5,2.0,2.0,3.3,3.3,3.3,2.7,2.7,1.8,1.8,2.4,2.4,1.8,1.8,1.1,1.1,1.1,2.3,2.3,1.5,1.5,1.5,1.7,1.7,3.5,3.5,3.5,2.4,2.4,2.6,2.6,2.6,3.2,2.4,1.8,1.8,1.1,1.1,1.1,2.3,2.3,1.5,1.5,1.5,1.7,1.7,3.5,3.5,3.5,2.4,2.4,2.6,2.6,2.6,3.2,2.3,2.3,0.8,0.8,0.8,1.2,1.2,0.8,0.8,0.8,0.5,0.5,0.7,0.7,0.7,1.6,1.6,1.3,1.3,0.8,0.8,0.5,0.5,0.7,0.7,0.7,1.6,1.6,1.3
2026-10-09T21:00:00Z,1.0,0.7,0.7,0.5,0.5,0.5,0.6,0.6,0.6,1.4,1.0,1.0,1.0,0.7,0.7,0.5,0.5,0.5,0.6,0.6,0.6,1.2,1.9,1.4,1.4,1.0,1.0,1.0,0.7,0.7,0.5,0.5,0.5,0.6,0.6,1.2,1.2,1.4,1.4,0.9,0.9,1.0,1.0,1.0,0.7,0.7,0.7,0.7,0.7,0.9,0.9,1.2,1.2,1.2,1.4,1.4,1.4,0.9,0.9,1.0,1.0,1.0,0.7,0.7,0.7,0.7,0.7,0.9,0.9,1.2,1.2,1.2,2.5,3.4,3.4,3.4,2.0,2.0,1.0,1.0,1.0,1.7,1.7,2.1,2.1,2.1,2.6,2.6,2.0,2.0,2.0,1.6,1.3,1.3,1.2,1.2,1.2,0.6,1.2,2.5,3.4,3.4,3.4,2.0,2.0,1.0,1.0,1.0,1.7,1.7,2.1,2.1,2.1,2.6,2.6,2.0,2.0,2.0,1.7,1.6,1.6,1.3,1.3,1.2,1.2,1.2,1.2,1.2,1.1,2.5,3.4,3.4,3.4,2.0,2.0,1.0,1.0,1.0,1.7,1.7,2.1,2.1,2.1,2.6,2.6,2.0,2.0,2.0,1.7,1.6,1.6,1.6,1.3,1.3,1.2,1.2,1.2,1.3,1.3,1.3,1.1,2.0,3.1,3.1,3.1,3.0,3.0,2.1,2.1,2.1,1.6,1.6,2.3,2.3,2.3,2.4,2.4,2.2,2.2,2.2,2.1,2.1,1.8,1.8,1.8,1.5,1.5,1.5,1.5,1.5,1.3,1.3,1.3,1.1,1.1,2.0,2.0,3.1,3.1,3.1,3.0,3.0,2.1,2.1,2.1,1.6,1.6,2.3,2.3,2.3,2.4,2.4,2.2,2.2,2.2,2.1,2.1,1.8,1.8,1.8,1.5,1.5,1.5,1.5,1.5,1.3,1.3,1.3,1.1,1.1,2.5,2.5,2.1,2.1,2.1,3.3,3.3,3.7,3.7,3.7,3.5,3.5,2.2,2.2,2.2,4.4,4.4,2.9,2.9,2.9,1.7,1.7,1.5,1.5,1.5,1.5,1.5,1.1,1.1,1.1,1.2,1.2,1.1,1.1,1.1,1.1,2.0,2.5,2.5,2.1,2.1,2.1,3.3,3.3,3.7,3.7,3.7,3.5,3.5,2.2,2.2,2.2,4.4,4.4,2.9,2.9,2.9,1.7,1.7,1.5,1.5,1.5,1.5,1.5,1.1,1.1,1.1,1.2,1.2,1.1,1.1,1.1,1.1,0.9,2.0,2.5,2.5,2.1,2.1,2.1,3.3,3.3,3.7,3.7,3.7,3.5,3.5,2.2,2.2,2.2,4.4,4.4,2.9,2.9,2.9,1.7,1.7,1.5,1.5,1.5,1.5,1.5,1.1,1.1,1.1,1.2,1.2,1.1,1.1,1.1,0.9,0.9,1.2,1.4,1.4,1.8,1.8,1.8,2.4,2.4,2.2,2.2,2.2,2.7,2.7,3.5,3.5,3.5,3.7,3.7,3.1,3.1,3.1,2.3,2.3,2.1,2.1,2.1,1.9,1.9,1.4,1.4,1.4,1.1,1.1,1.1,1.1,1.1,0.9,0.9,1.2,1.4,1.4,1.8,1.8,1.8,2.4,2.4,2.2,2.2,2.2,2.7,2.7,3.5,3.5,3.5,3.7,3.7,3.1,3.1,3.1,2.3,2.3,2.1,2.1,2.1,1.9,1.9,1.4,1.4,1.4,1.1,1.1,1.1,1.1,1.1,0.9,0.9,0.5,0.8,0.8,1.3,1.3,1.3,1.9,1.9,2.6,2.6,2.6,2.5,2.5,2.1,2.1,2.1,2.3,2.3,3.5,3.5,3.5,3.4,3.4,2.4,2.4,2.4,1.9,1.9,1.2,1.2,1.2,1.4,1.4,1.3,1.3,1.3,0.6,0.6,0.5,0.8,0.8,1.3,1.3,1.3,1.9,1.9,2.6,2.6,2.6,2.5,2.5,2.1,2.1,2.1,2.3,2.3,3.5,3.5,3.5,3.4,3.4,2.4,2.4,2.4,1.9,1.9,1.2,1.2,1.2,1.4,1.4,1.3,1.3,1.3,0.6,0.6,0.8,0.8,1.3,1.3,1.3,1.9,1.9,2.6,2.6,2.6,2.5,2.5,2.1,2.1,2.1,2.3,2.3,3.5,3.5,3.5,3.4,3.4,2.4,2.4,2.4,1.9,1.9,1.2,1.2,1.2,1.4,1.4,1.2,1.3,1.3,0.6,0.6,0.4,1.8,1.8,1.8,3.7,3.7,4.5,4.5,4.5,3.9,3.9,2.4,2.4,2.4,2.7,2.7,3.3,3.3,3.3,3.9,3.9,3.8,3.8,3.8,2.4,2.4,1.9,1.9,1.9,1.1,1.1,1.2,1.2,1.2,1.8,1.8,1.8,1.8,1.8,3.7,3.7,4.5,4.5,4.5,3.9,3.9,2.4,2.4,2.4,2.7,2.7,3.3,3.3,3.3,3.9,3.9,3.8,3.8,3.8,2.4,2.4,1.9,1.9,1.9,1.1,1.1,1.2,1.2,1.2,1.2,1.5,1.5,1.5,2.5,2.5,3.6,3.6,3.6,4.6,4.6,1.9,1.9,1.9,1.8,1.8,1.5,1.5,1.5,2.0,2.0,3.3,3.3,3.3,2.7,2.7,1.8,1.8,1.8,1.8,1.8,1.2,1.2,1.2,1.5,1.5,2.5,2.5,3.6,3.6,3.6,4.6,4.6,1.9,1.9,1.9,1.8,1.8,1.5,1.5,1.5,2.0,2.0,3.3,3.3,3.3,2.7,2.7,1.8,1.8,1.8,1.8,1.8,1.5,1.5,2.5,2.5,3.6,3.6,3.6,4.6,4.6,1.9,1.9,1.9,1.8,1.8,1.5,1.5,1.5,2.0,2.0,3.3,3.3,3.3,2.7,2.7,1.8,1.8,2.4,2.4,1.8,1.8,1.1,1.1,1.1,2.3,2.3,1.5,1.5,1.5,1.7,1.7,3.5,3.5,3.5,2.4,2.4,2.6,2.6,2.6,3.2,2.4,1.8,1.8,1.1,1.1,1.1,2.3,2.3,1.5,1.5,1.5,1.7,1.7,3.5,3.5,3.5,2.4,2.4,2.6,2.6,2.6,3.2,2.3,2.3,0.8,0.8,0.8,1.2,1.2,0.8,0.8,0.8,0.5,0.5,0.7,0.7,0.7,1.6,1.6,1.3,1.3,0.8,0.8,0.5,0.5,0.7,0.7,0.7,1.6,1.6,1.3
2026-10-09T22:00:00Z,0.5,0.5,0.5,0.5,0.5,0.5,1.2,1.2,1.2,0.7,0.5,0.5,0.5,0.5,0.5,0.5,0.5,0.5,1.2,1.2,1.2,0.6,1.1,0.7,0.7,0.5,0.5,0.5,0.5,0.5,0.5,0.5,0.5,1.2,1.2,0.6,0.6,1.0,1.0,1.0,1.0,0.9,0.9,0.9,0.8,0.8,0.7,0.7,0.7,0.7,0.7,0.6,0.6,0.6,1.0,1.0,1.0,1.0,1.0,0.9,0.9,0.9,0.8,0.8,0.7,0.7,0.7,0.7,0.7,0.6,0.6,0.6,6.7,3.3,3.3,3.3,3.3,3.3,3.4,3.4,3.4,1.7,1.7,1.4,1.4,1.4,1.1,1.1,0.9,0.9,0.9,0.7,0.7,0.7,1.2,1.2,1.2,1.0,0.9,6.7,3.3,3.3,3.3,3.3,3.3,3.4,3.4,3.4,1.7,1.7,1.4,1.4,1.4,1.1,1.1,0.9,0.9,0.9,0.8,0.7,0.7,0.7,0.7,1.2,1.2,1.2,1.2,0.9,0.7,6.7,3.3,3.3,3.3,3.3,3.3,3.4,3.4,3.4,1.7,1.7,1.4,1.4,1.4,1.1,1.1,0.9,0.9,0.9,0.8,0.7,0.7,0.7,0.7,0.7,1.2,1.2,1.2,0.8,0.8,0.8,0.7,8.7,7.0,7.0,7.0,4.7,4.7,5.2,5.2,5.2,3.3,3.3,2.6,2.6,2.6,1.5,1.5,1.5,1.5,1.5,1.4,1.4,1.2,1.2,1.2,1.0,1.0,0.9,0.9,0.9,0.8,0.8,0.8,0.6,0.6,8.7,8.7,7.0,7.0,7.0,4.7,4.7,5.2,5.2,5.2,3.3,3.3,2.6,2.6,2.6,1.5,1.5,1.5,1.5,1.5,1.4,1.4,1.2,1.2,1.2,1.0,1.0,0.9,0.9,0.9,0.8,0.8,0.8,1.2,1.2,8.6,8.6,5.8,5.8,5.8,4.1,4.1,2.6,2.6,2.6,2.2,2.2,1.7,1.7,1.7,2.1,2.1,2.6,2.6,2.6,3.8,3.8,3.1,3.1,3.1,2.3,2.3,2.3,2.3,2.3,1.8,1.8,1.2,1.2,1.2,1.2,6.2,8.6,8.6,5.8,5.8,5.8,4.1,4.1,2.6,2.6,2.6,2.2,2.2,1.7,1.7,1.7,2.1,2.1,2.6,2.6,2.6,3.8,3.8,3.1,3.1,3.1,2.3,2.3,2.3,2.3,2.3,1.8,1.8,1.2,1.2,1.2,1.2,0.9,6.2,8.6,8.6,5.8,5.8,5.8,4.1,4.1,2.6,2.6,2.6,2.2,2.2,1.7,1.7,1.7,2.1,2.1,2.6,2.6,2.6,3.8,3.8,3.1,3.1,3.1,2.3,2.3,2.3,2.3,2.3,1.8,1.8,1.2,1.2,1.2,0.9,0.9,0.9,6.1,6.1,7.2,7.2,7.2,3.9,3.9,2.5,2.5,2.5,2.7,2.7,1.6,1.6,1.6,2.0,2.0,2.3,2.3,2.3,2.7,2.7,3.0,3.0,3.0,3.0,3.0,2.5,2.5,2.5,2.2,2.2,1.4,1.4,1.4,0.9,0.9,0.9,6.1,6.1,7.2,7.2,7.2,3.9,3.9,2.5,2.5,2.5,2.7,2.7,1.6,1.6,1.6,2.0,2.0,2.3,2.3,2.3,2.7,2.7,3.0,3.0,3.0,3.0,3.0,2.5,2.5,2.5,2.2,2.2,1.4,1.4,1.4,0.9,0.9,0.7,2.4,2.4,3.8,3.8,3.8,2.9,2.9,3.2,3.2,3.2,3.7,3.7,3.9,3.9,3.9,2.8,2.8,3.3,3.3,3.3,4.1,4.1,3.6,3.6,3.6,3.3,3.3,2.8,2.8,2.8,2.2,2.2,1.8,1.8,1.8,1.0,1.0,0.7,2.4,2.4,3.8,3.8,3.8,2.9,2.9,3.2,3.2,3.2,3.7,3.7,3.9,3.9,3.9,2.8,2.8,3.3,3.3,3.3,4.1,4.1,3.6,3.6,3.6,3.3,3.3,2.8,2.8,2.8,2.2,2.2,1.8,1.8,1.8,1.0,1.0,2.4,2.4,3.8,3.8,3.8,2.9,2.9,3.2,3.2,3.2,3.7,3.7,3.9,3.9,3.9,2.8,2.8,3.3,3.3,3.3,4.1,4.1,3.6,3.6,3.6,3.3,3.3,2.8,2.8,2.8,2.2,2.2,1.6,1.8,1.8,1.0,1.0,1.0,0.8,0.8,0.8,1.2,1.2,3.0,3.0,3.0,4.1,4.1,2.7,2.7,2.7,3.0,3.0,3.0,3.0,3.0,3.2,3.2,3.4,3.4,3.4,2.2,2.2,1.7,1.7,1.7,1.0,1.0,1.6,1.6,1.6,1.3,1.3,0.8,0.8,0.8,1.2,1.2,3.0,3.0,3.0,4.1,4.1,2.7,2.7,2.7,3.0,3.0,3.0,3.0,3.0,3.2,3.2,3.4,3.4,3.4,2.2,2.2,1.7,1.7,1.7,1.0,1.0,1.6,1.6,1.6,1.6,1.0,1.0,1.0,0.7,0.7,0.6,0.6,0.6,0.8,0.8,1.9,1.9,1.9,1.6,1.6,2.0,2.0,2.0,2.8,2.8,2.5,2.5,2.5,1.8,1.8,1.8,1.8,1.8,2.0,2.0,1.5,1.5,1.5,1.0,1.0,0.7,0.7,0.6,0.6,0.6,0.8,0.8,1.9,1.9,1.9,1.6,1.6,2.0,2.0,2.0,2.8,2.8,2.5,2.5,2.5,1.8,1.8,1.8,1.8,1.8,2.0,2.0,1.0,1.0,0.7,0.7,0.6,0.6,0.6,0.8,0.8,1.9,1.9,1.9,1.6,1.6,2.0,2.0,2.0,2.8,2.8,2.5,2.5,2.5,1.8,1.8,1.8,1.8,1.1,1.1,0.4,0.4,0.4,0.4,0.4,1.5,1.5,2.8,2.8,2.8,2.7,2.7,2.5,2.5,2.5,2.2,2.2,2.9,2.9,2.9,3.1,1.1,0.4,0.4,0.4,0.4,0.4,1.5,1.5,2.8,2.8,2.8,2.7,2.7,2.5,2.5,2.5,2.2,2.2,2.9,2.9,2.9,3.1,0.4,0.4,0.6,0.6,0.6,2.3,2.3,4.0,4.0,4.0,3.3,3.3,2.4,2.4,2.4,2.3,2.3,2.9,2.9,0.6,0.6,3.3,3.3,2.4,2.4,2.4,2.3,2.3,2.9
2026-10-09T23:00:00Z,0.5,0.5,0.5,0.5,0.5,0.5,1.2,1.2,1.2,0.7,0.5,0.5,0.5,0.5,0.5,0.5,0.5,0.5,1.2,1.2,1.2,0.6,1.1,0.7,0.7,0.5,0.5,0.5,0.5,0.5,0.5,0.5,0.5,1.2,1.2,0.6,0.6,1.0,1.0,1.0,1.0,0.9,0.9,0.9,0.8,0.8,0.7,0.7,0.7,0.7,0.7,0.6,0.6,0.6,1.0,1.0,1.0,1.0,1.0,0.9,0.9,0.9,0.8,0.8,0.7,0.7,0.7,0.7,0.7,0.6,0.6,0.6,6.7,3.3,3.3,3.3,3.3,3.3,3.4,3.4,3.4,1.7,1.7,1.4,1.4,1.4,1.1,1.1,0.9,0.9,0.9,0.7,0.7,0.7,1.2,1.2,1.2,1.0,0.9,6.7,3.3,3.3,3.3,3.3,3.3,3.4,3.4,3.4,1.7,1.7,1.4,1.4,1.4,1.1,1.1,0.9,0.9,0.9,0.8,0.7,0.7,0.7,0.7,1.2,1.2,1.2,1.2,0.9,0.7,6.7,3.3,3.3,3.3,3.3,3.3,3.4,3.4,3.4,1.7,1.7,1.4,1.4,1.4,1.1,1.1,0.9,0.9,0.9,0.8,0.7,0.7,0.7,0.7,0.7,1.2,1.2,1.2,0.8,0.8,0.8,0.7,8.7,7.0,7.0,7.0,4.7,4.7,5.2,5.2,5.2,3.3,3.3,2.6,2.6,2.6,1.5,1.5,1.5,1.5,1.5,1.4,1.4,1.2,1.2,1.2,1.0,1.0,0.9,0.9,0.9,0.8,0.8,0.8,0.6,0.6,8.7,8.7,7.0,7.0,7.0,4.7,4.7,5.2,5.2,5.2,3.3,3.3,2.6,2.6,2.6,1.5,1.5,1.5,1.5,1.5,1.4,1.4,1.2,1.2,1.2,1.0,1.0,0.9,0.9,0.9,0.8,0.8,0.8,1.2,1.2,8.6,8.6,5.8,5.8,5.8,4.1,4.1,2.6,2.6,2.6,2.2,2.2,1.7,1.7,1.7,2.1,2.1,2.6,2.6,2.6,3.8,3.8,3.1,3.1,3.1,2.3,2.3,2.3,2.3,2.3,1.8,1.8,1.2,1.2,1.2,1.2,6.2,8.6,8.6,5.8,5.8,5.8,4.1,4.1,2.6,2.6,2.6,2.2,2.2,1.7,1.7,1.7,2.1,2.1,2.6,2.6,2.6,3.8,3.8,3.1,3.1,3.1,2.3,2.3,2.3,2.3,2.3,1.8,1.8,1.2,1.2,1.2,1.2,0.9,6.2,8.6,8.6,5.8,5.8,5.8,4.1,4.1,2.6,2.6,2.6,2.2,2.2,1.7,1.7,1.7,2.1,2.1,2.6,2.6,2.6,3.8,3.8,3.1,3.1,3.1,2.3,2.3,2.3,2.3,2.3,1.8,1.8,1.2,1.2,1.2,0.9,0.9,0.9,6.1,6.1,7.2,7.2,7.2,3.9,3.9,2.5,2.5,2.5,2.7,2.7,1.6,1.6,1.6,2.0,2.0,2.3,2.3,2.3,2.7,2.7,3.0,3.0,3.0,3.0,3.0,2.5,2.5,2.5,2.2,2.2,1.4,1.4,1.4,0.9,0.9,0.9,6.1,6.1,7.2,7.2,7.2,3.9,3.9,2.5,2.5,2.5,2.7,2.7,1.6,1.6,1.6,2.0,2.0,2.3,2.3,2.3,2.7,2.7,3.0,3.0,3.0,3.0,3.0,2.5,2.5,2.5,2.2,2.2,1.4,1.4,1.4,0.9,0.9,0.7,2.4,2.4,3.8,3.8,3.8,2.9,2.9,3.2,3.2,3.2,3.7,3.7,3.9,3.9,3.9,2.8,2.8,3.3,3.3,3.3,4.1,4.1,3.6,3.6,3.6,3.3,3.3,2.8,2.8,2.8,2.2,2.2,1.8,1.8,1.8,1.0,1.0,0.7,2.4,2.4,3.8,3.8,3.8,2.9,2.9,3.2,3.2,3.2,3.7,3.7,3.9,3.9,3.9,2.8,2.8,3.3,3.3,3.3,4.1,4.1,3.6,3.6,3.6,3.3,3.3,2.8,2.8,2.8,2.2,2.2,1.8,1.8,1.8,1.0,1.0,2.4,2.4,3.8,3.8,3.8,2.9,2.9,3.2,3.2,3.2,3.7,3.7,3.9,3.9,3.9,2.8,2.8,3.3,3.3,3.3,4.1,4.1,3.6,3.6,3.6,3.3,3.3,2.8,2.8,2.8,2.2,2.2,1.6,1.8,1.8,1.0,1.0,1.0,0.8,0.8,0.8,1.2,1.2,3.0,3.0,3.0,4.1,4.1,2.7,2.7,2.7,3.0,3.0,3.0,3.0,3.0,3.2,3.2,3.4,3.4,3.4,2.2,2.2,1.7,1.7,1.7,1.0,1.0,1.6,1.6,1.6,1.3,1.3,0.8,0.8,0.8,1.2,1.2,3.0,3.0,3.0,4.1,4.1,2.7,2.7,2.7,3.0,3.0,3.0,3.0,3.0,3.2,3.2,3.4,3.4,3.4,2.2,2.2,1.7,1.7,1.7,1.0,1.0,1.6,1.6,1.6,1.6,1.0,1.0,1.0,0.7,0.7,0.6,0.6,0.6,0.8,0.8,1.9,1.9,1.9,1.6,1.6,2.0,2.0,2.0,2.8,2.8,2.5,2.5,2.5,1.8,1.8,1.8,1.8,1.8,2.0,2.0,1.5,1.5,1.5,1.0,1.0,0.7,0.7,0.6,0.6,0.6,0.8,0.8,1.9,1.9,1.9,1.6,1.6,2.0,2.0,2.0,2.8,2.8,2.5,2.5,2.5,1.8,1.8,1.8,1.8,1.8,2.0,2.0,1.0,1.0,0.7,0.7,0.6,0.6,0.6,0.8,0.8,1.9,1.9,1.9,1.6,1.6,2.0,2.0,2.0,2.8,2.8,2.5,2.5,2.5,1.8,1.8,1.8,1.8,1.1,1.1,0.4,0.4,0.4,0.4,0.4,1.5,1.5,2.8,2.8,2.8,2.7,2.7,2.5,2.5,2.5,2.2,2.2,2.9,2.9,2.9,3.1,1.1,0.4,0.4,0.4,0.4,0.4,1.5,1.5,2.8,2.8,2.8,2.7,2.7,2.5,2.5,2.5,2.2,2.2,2.9,2.9,2.9,3.1,0.4,0.4,0.6,0.6,0.6,2.3,2.3,4.0,4.0,4.0,3.3,3.3,2.4,2.4,2.4,2.3,2.3,2.9,2.9,0.6,0.6,3.3,3.3,2.4,2.4,2.4,2.3,2.3,2.9
2026-10-10T00:00:00Z,0.5,0.5,0.5,0.5,0.5,0.5,1.2,1.2,1.2,0.7,0.5,0.5,0.5,0.5,0.5,0.5,0.5,0.5,1.2,1.2,1.2,0.6,1.1,0.7,0.7,0.5,0.5,0.5,0.5,0.5,0.5,0.5,0.5,1.2,1.2,0.6,0.6,1.0,1.0,1.0,1.0,0.9,0.9,0.9,0.8,0.8,0.7,0.7,0.7,0.7,0.7,0.6,0.6,0.6,1.0,1.0,1.0,1.0,1.0,0.9,0.9,0.9,0.8,0.8,0.7,0.7,0.7,0.7,0.7,0.6,0.6,0.6,6.7,3.3,3.3,3.3,3.3,3.3,3.4,3.4,3.4,1.7,1.7,1.4,1.4,1.4,1.1,1.1,0.9,0.9,0.9,0.7,0.7,0.7,1.2,1.2,1.2,1.0,0.9,6.7,3.3,3.3,3.3,3.3,3.3,3.4,3.4,3.4,1.7,1.7,1.4,1.4,1.4,1.1,1.1,0.9,0.9,0.9,0.8,0.7,0.7,0.7,0.7,1.2,1.2,1.2,1.2,0.9,0.7,6.7,3.3,3.3,3.3,3.3,3.3,3.4,3.4,3.4,1.7,1.7,1.4,1.4,1.4,1.1,1.1,0.9,0.9,0.9,0.8,0.7,0.7,0.7,0.7,0.7,1.2,1.2,1.2,0.8,0.8,0.8,0.7,8.7,7.0,7.0,7.0,4.7,4.7,5.2,5.2,5.2,3.3,3.3,2.6,2.6,2.6,1.5,1.5,1.5,1.5,1.5,1.4,1.4,1.2,1.2,1.2,1.0,1.0,0.9,0.9,0.9,0.8,0.8,0.8,0.6,0.6,8.7,8.7,7.0,7.0,7.0,4.7,4.7,5.2,5.2,5.2,3.3,3.3,2.6,2.6,2.6,1.5,1.5,1.5,1.5,1.5,1.4,1.4,1.2,1.2,1.2,1.0,1.0,0.9,0.9,0.9,0.8,0.8,0.8,1.2,1.2,8.6,8.6,5.8,5.8,5.8,4.1,4.1,2.6,2.6,2.6,2.2,2.2,1.7,1.7,1.7,2.1,2.1,2.6,2.6,2.6,3.8,3.8,3.1,3.1,3.1,2.3,2.3,2.3,2.3,2.3,1.8,1.8,1.2,1.2,1.2,1.2,6.2,8.6,8.6,5.8,5.8,5.8,4.1,4.1,2.6,2.6,2.6,2.2,2.2,1.7,1.7,1.7,2.1,2.1,2.6,2.6,2.6,3.8,3.8,3.1,3.1,3.1,2.3,2.3,2.3,2.3,2.3,1.8,1.8,1.2,1.2,1.2,1.2,0.9,6.2,8.6,8.6,5.8,5.8,5.8,4.1,4.1,2.6,2.6,2.6,2.2,2.2,1.7,1.7,1.7,2.1,2.1,2.6,2.6,2.6,3.8,3.8,3.1,3.1,3.1,2.3,2.3,2.3,2.3,2.3,1.8,1.8,1.2,1.2,1.2,0.9,0.9,0.9,6.1,6.1,7.2,7.2,7.2,3.9,3.9,2.5,2.5,2.5,2.7,2.7,1.6,1.6,1.6,2.0,2.0,2.3,2.3,2.3,2.7,2.7,3.0,3.0,3.0,3.0,3.0,2.5,2.5,2.5,2.2,2.2,1.4,1.4,1.4,0.9,0.9,0.9,6.1,6.1,7.2,7.2,7.2,3.9,3.9,2.5,2.5,2.5,2.7,2.7,1.6,1.6,1.6,2.0,2.0,2.3,2.3,2.3,2.7,2.7,3.0,3.0,3.0,3.0,3.0,2.5,2.5,2.5,2.2,2.2,1.4,1.4,1.4,0.9,0.9,0.7,2.4,2.4,3.8,3.8,3.8,2.9,2.9,3.2,3.2,3.2,3.7,3.7,3.9,3.9,3.9,2.8,2.8,3.3,3.3,3.3,4.1,4.1,3.6,3.6,3.6,3.3,3.3,2.8,2.8,2.8,2.2,2.2,1.8,1.8,1.8,1.0,1.0,0.7,2.4,2.4,3.8,3.8,3.8,2.9,2.9,3.2,3.2,3.2,3.7,3.7,3.9,3.9,3.9,2.8,2.8,3.3,3.3,3.3,4.1,4.1,3.6,3.6,3.6,3.3,3.3,2.8,2.8,2.8,2.2,2.2,1.8,1.8,1.8,1.0,1.0,2.4,2.4,3.8,3.8,3.8,2.9,2.9,3.2,3.2,3.2,3.7,3.7,3.9,3.9,3.9,2.8,2.8,3.3,3.3,3.3,4.1,4.1,3.6,3.6,3.6,3.3,3.3,2.8,2.8,2.8,2.2,2.2,1.6,1.8,1.8,1.0,1.0,1.0,0.8,0.8,0.8,1.2,1.2,3.0,3.0,3.0,4.1,4.1,2.7,2.7,2.7,3.0,3.0,3.0,3.0,3.0,3.2,3.2,3.4,3.4,3.4,2.2,2.2,1.7,1.7,1.7,1.0,1.0,1.6,1.6,1.6,1.3,1.3,0.8,0.8,0.8,1.2,1.2,3.0,3.0,3.0,4.1,4.1,2.7,2.7,2.7,3.0,3.0,3.0,3.0,3.0,3.2,3.2,3.4,3.4,3.4,2.2,2.2,1.7,1.7,1.7,1.0,1.0,1.6,1.6,1.6,1.6,1.0,1.0,1.0,0.7,0.7,0.6,0.6,0.6,0.8,0.8,1.9,1.9,1.9,1.6,1.6,2.0,2.0,2.0,2.8,2.8,2.5,2.5,2.5,1.8,1.8,1.8,1.8,1.8,2.0,2.0,1.5,1.5,1.5,1.0,1.0,0.7,0.7,0.6,0.6,0.6,0.8,0.8,1.9,1.9,1.9,1.6,1.6,2.0,2.0,2.0,2.8,2.8,2.5,2.5,2.5,1.8,1.8,1.8,1.8,1.8,2.0,2.0,1.0,1.0,0.7,0.7,0.6,0.6,0.6,0.8,0.8,1.9,1.9,1.9,1.6,1.6,2.0,2.0,2.0,2.8,2.8,2.5,2.5,2.5,1.8,1.8,1.8,1.8,1.1,1.1,0.4,0.4,0.4,0.4,0.4,1.5,1.5,2.8,2.8,2.8,2.7,2.7,2.5,2.5,2.5,2.2,2.2,2.9,2.9,2.9,3.1,1.1,0.4,0.4,0.4,0.4,0.4,1.5,1.5,2.8,2.8,2.8,2.7,2.7,2.5,2.5,2.5,2.2,2.2,2.9,2.9,2.9,3.1,0.4,0.4,0.6,0.6,0.6,2.3,2.3,4.0,4.0,4.0,3.3,3.3,2.4,2.4,2.4,2.3,2.3,2.9,2.9,0.6,0.6,3.3,3.3,2.4,2.4,2.4,2.3,2.3,2.9
2026-10-10T01:00:00Z,0.9,0.6,0.6,0.6,0.6,0.6,0.6,0.6,0.6,0.7,0.9,0.9,0.9,0.6,0.6,0.6,0.6,0.6,0.6,0.6,0.6,0.8,0.9,0.7,0.7,0.9,0.9,0.9,0.6,0.6,0.6,0.6,0.6,0.6,0.6,0.8,0.8,0.8,0.8,0.7,0.7,0.8,0.8,0.8,0.9,0.9,1.1,1.1,1.1,1.0,1.0,0.8,0.8,0.8,0.8,0.8,0.8,0.7,0.7,0.8,0.8,0.8,0.9,0.9,1.1,1.1,1.1,1.0,1.0,0.8,0.8,0.8,4.9,1.5,1.5,1.5,1.5,1.5,2.4,2.4,2.4,2.0,2.0,1.9,1.9,1.9,1.5,1.5,1.1,1.1,1.1,0.6,0.6,0.6,0.6,0.6,0.6,0.3,0.6,4.9,1.5,1.5,1.5,1.5,1.5,2.4,2.4,2.4,2.0,2.0,1.9,1.9,1.9,1.5,1.5,1.1,1.1,1.1,0.7,0.6,0.6,0.6,0.6,0.6,0.6,0.6,0.6,0.6,0.7,4.9,1.5,1.5,1.5,1.5,1.5,2.4,2.4,2.4,2.0,2.0,1.9,1.9,1.9,1.5,1.5,1.1,1.1,1.1,0.7,0.6,0.6,0.6,0.6,0.6,0.6,0.6,0.6,1.2,1.2,1.2,0.7,3.5,1.3,1.3,1.3,0.9,0.9,1.4,1.4,1.4,1.1,1.1,1.1,1.1,1.1,1.9,1.9,1.1,1.1,1.1,0.4,0.4,0.6,0.6,0.6,0.8,0.8,1.1,1.1,1.1,1.2,1.2,1.2,1.5,1.5,3.5,3.5,1.3,1.3,1.3,0.9,0.9,1.4,1.4,1.4,1.1,1.1,1.1,1.1,1.1,1.9,1.9,1.1,1.1,1.1,0.4,0.4,0.6,0.6,0.6,0.8,0.8,1.1,1.1,1.1,1.2,1.2,1.2,3.0,3.0,3.0,3.0,1.1,1.1,1.1,0.7,0.7,0.7,0.7,0.7,0.5,0.5,0.4,0.4,0.4,0.5,0.5,0.5,0.5,0.5,0.5,0.5,0.9,0.9,0.9,1.8,1.8,1.9,1.9,1.9,2.1,2.1,3.0,3.0,3.0,3.0,3.6,3.0,3.0,1.1,1.1,1.1,0.7,0.7,0.7,0.7,0.7,0.5,0.5,0.4,0.4,0.4,0.5,0.5,0.5,0.5,0.5,0.5,0.5,0.9,0.9,0.9,1.8,1.8,1.9,1.9,1.9,2.1,2.1,3.0,3.0,3.0,3.0,3.6,3.6,3.0,3.0,1.1,1.1,1.1,0.7,0.7,0.7,0.7,0.7,0.5,0.5,0.4,0.4,0.4,0.5,0.5,0.5,0.5,0.5,0.5,0.5,0.9,0.9,0.9,1.8,1.8,1.9,1.9,1.9,2.1,2.1,3.0,3.0,3.0,3.6,3.6,1.6,3.7,3.7,4.1,4.1,4.1,1.9,1.9,0.7,0.7,0.7,0.8,0.8,0.7,0.7,0.7,1.3,1.3,1.7,1.7,1.7,1.3,1.3,1.2,1.2,1.2,1.7,1.7,2.6,2.6,2.6,3.0,3.0,3.1,3.1,3.1,3.6,3.6,1.6,3.7,3.7,4.1,4.1,4.1,1.9,1.9,0.7,0.7,0.7,0.8,0.8,0.7,0.7,0.7,1.3,1.3,1.7,1.7,1.7,1.3,1.3,1.2,1.2,1.2,1.7,1.7,2.6,2.6,2.6,3.0,3.0,3.1,3.1,3.1,3.6,3.6,1.1,1.7,1.7,2.5,2.5,2.5,2.1,2.1,1.3,1.3,1.3,0.5,0.5,0.3,0.3,0.3,0.4,0.4,0.6,0.6,0.6,1.4,1.4,2.2,2.2,2.2,2.0,2.0,2.6,2.6,2.6,2.9,2.9,2.6,2.6,2.6,3.1,3.1,1.1,1.7,1.7,2.5,2.5,2.5,2.1,2.1,1.3,1.3,1.3,0.5,0.5,0.3,0.3,0.3,0.4,0.4,0.6,0.6,0.6,1.4,1.4,2.2,2.2,2.2,2.0,2.0,2.6,2.6,2.6,2.9,2.9,2.6,2.6,2.6,3.1,3.1,1.7,1.7,2.5,2.5,2.5,2.1,2.1,1.3,1.3,1.3,0.5,0.5,0.3,0.3,0.3,0.4,0.4,0.6,0.6,0.6,1.4,1.4,2.2,2.2,2.2,2.0,2.0,2.6,2.6,2.6,2.9,2.9,3.1,2.6,2.6,3.1,3.1,0.2,0.3,0.3,0.3,0.4,0.4,0.5,0.5,0.5,1.0,1.0,1.0,1.0,1.0,1.1,1.1,2.5,2.5,2.5,2.8,2.8,2.3,2.3,2.3,2.6,2.6,2.8,2.8,2.8,3.4,3.4,3.1,3.1,3.1,2.5,2.5,0.3,0.3,0.3,0.4,0.4,0.5,0.5,0.5,1.0,1.0,1.0,1.0,1.0,1.1,1.1,2.5,2.5,2.5,2.8,2.8,2.3,2.3,2.3,2.6,2.6,2.8,2.8,2.8,3.4,3.4,3.1,3.1,3.1,3.1,0.4,0.4,0.4,0.4,0.4,0.6,0.6,0.6,1.8,1.8,2.8,2.8,2.8,2.9,2.9,1.5,1.5,1.5,1.5,1.5,1.8,1.8,1.8,2.1,2.1,2.9,2.9,2.9,3.6,3.6,2.7,2.7,2.7,0.4,0.4,0.4,0.4,0.6,0.6,0.6,1.8,1.8,2.8,2.8,2.8,2.9,2.9,1.5,1.5,1.5,1.5,1.5,1.8,1.8,1.8,2.1,2.1,2.9,2.9,2.9,3.6,3.6,0.4,0.4,0.4,0.4,0.6,0.6,0.6,1.8,1.8,2.8,2.8,2.8,2.9,2.9,1.5,1.5,1.5,1.5,1.5,1.8,1.8,1.8,2.1,2.1,2.9,2.9,0.6,0.6,0.8,0.8,1.0,1.0,1.0,1.8,1.8,1.5,1.5,1.5,1.1,1.1,1.0,1.0,1.0,1.0,1.0,1.0,1.0,1.0,1.2,0.6,0.8,0.8,1.0,1.0,1.0,1.8,1.8,1.5,1.5,1.5,1.1,1.1,1.0,1.0,1.0,1.0,1.0,1.0,1.0,1.0,1.2,1.3,1.3,1.2,1.2,1.2,1.1,1.1,1.2,1.2,1.2,0.9,0.9,0.9,0.9,0.9,0.9,0.9,0.9,0.9,1.2,1.2,0.9,0.9,0.9,0.9,0.9,0.9,0.9,0.9
2026-10-10T02:00:00Z,0.9,0.6,0.6,0.6,0.6,0.6,0.6,0.6,0.6,0.7,0.9,0.9,0.9,0.6,0.6,0.6,0.6,0.6,0.6,0.6,0.6,0.8,0.9,0.7,0.7,0.9,0.9,0.9,0.6,0.6,0.6,0.6,0.6,0.6,0.6,0.8,0.8,0.8,0.8,0.7,0.7,0.8,0.8,0.8,0.9,0.9,1.1,1.1,1.1,1.0,1.0,0.8,0.8,0.8,0.8,0.8,0.8,0.7,0.7,0.8,0.8,0.8,0.9,0.9,1.1,1.1,1.1,1.0,1.0,0.8,0.8,0.8,4.9,1.5,1.5,1.5,1.5,1.5,2.4,2.4,2.4,2.0,2.0,1.9,1.9,1.9,1.5,1.5,1.1,1.1,1.1,0.6,0.6,0.6,0.6,0.6,0.6,0.3,0.6,4.9,1.5,1.5,1.5,1.5,1.5,2.4,2.4,2.4,2.0,2.0,1.9,1.9,1.9,1.5,1.5,1.1,1.1,1.1,0.7,0.6,0.6,0.6,0.6,0.6,0.6,0.6,0.6,0.6,0.7,4.9,1.5,1.5,1.5,1.5,1.5,2.4,2.4,2.4,2.0,2.0,1.9,1.9,1.9,1.5,1.5,1.1,1.1,1.1,0.7,0.6,0.6,0.6,0.6,0.6,0.6,0.6,0.6,1.2,1.2,1.2,0.7,3.5,1.3,1.3,1.3,0.9,0.9,1.4,1.4,1.4,1.1,1.1,1.1,1.1,1.1,1.9,1.9,1.1,1.1,1.1,0.4,0.4,0.6,0.6,0.6,0.8,0.8,1.1,1.1,1.1,1.2,1.2,1.2,1.5,1.5,3.5,3.5,1.3,1.3,1.3,0.9,0.9,1.4,1.4,1.4,1.1,1.1,1.1,1.1,1.1,1.9,1.9,1.1,1.1,1.1,0.4,0.4,0.6,0.6,0.6,0.8,0.8,1.1,1.1,1.1,1.2,1.2,1.2,3.0,3.0,3.0,3.0,1.1,1.1,1.1,0.7,0.7,0.7,0.7,0.7,0.5,0.5,0.4,0.4,0.4,0.5,0.5,0.5,0.5,0.5,0.5,0.5,0.9,0.9,0.9,1.8,1.8,1.9,1.9,1.9,2.1,2.1,3.0,3.0,3.0,3.0,3.6,3.0,3.0,1.1,1.1,1.1,0.7,0.7,0.7,0.7,0.7,0.5,0.5,0.4,0.4,0.4,0.5,0.5,0.5,0.5,0.5,0.5,0.5,0.9,0.9,0.9,1.8,1.8,1.9,1.9,1.9,2.1,2.1,3.0,3.0,3.0,3.0,3.6,3.6,3.0,3.0,1.1,1.1,1.1,0.7,0.7,0.7,0.7,0.7,0.5,0.5,0.4,0.4,0.4,0.5,0.5,0.5,0.5,0.5,0.5,0.5,0.9,0.9,0.9,1.8,1.8,1.9,1.9,1.9,2.1,2.1,3.0,3.0,3.0,3.6,3.6,1.6,3.7,3.7,4.1,4.1,4.1,1.9,1.9,0.7,0.7,0.7,0.8,0.8,0.7,0.7,0.7,1.3,1.3,1.7,1.7,1.7,1.3,1.3,1.2,1.2,1.2,1.7,1.7,2.6,2.6,2.6,3.0,3.0,3.1,3.1,3.1,3.6,3.6,1.6,3.7,3.7,4.1,4.1,4.1,1.9,1.9,0.7,0.7,0.7,0.8,0.8,0.7,0.7,0.7,1.3,1.3,1.7,1.7,1.7,1.3,1.3,1.2,1.2,1.2,1.7,1.7,2.6,2.6,2.6,3.0,3.0,3.1,3.1,3.1,3.6,3.6,1.1,1.7,1.7,2.5,2.5,2.5,2.1,2.1,1.3,1.3,1.3,0.5,0.5,0.3,0.3,0.3,0.4,0.4,0.6,0.6,0.6,1.4,1.4,2.2,2.2,2.2,2.0,2.0,2.6,2.6,2.6,2.9,2.9,2.6,2.6,2.6,3.1,3.1,1.1,1.7,1.7,2.5,2.5,2.5,2.1,2.1,1.3,1.3,1.3,0.5,0.5,0.3,0.3,0.3,0.4,0.4,0.6,0.6,0.6,1.4,1.4,2.2,2.2,2.2,2.0,2.0,2.6,2.6,2.6,2.9,2.9,2.6,2.6,2.6,3.1,3.1,1.7,1.7,2.5,2.5,2.5,2.1,2.1,1.3,1.3,1.3,0.5,0.5,0.3,0.3,0.3,0.4,0.4,0.6,0.6,0.6,1.4,1.4,2.2,2.2,2.2,2.0,2.0,2.6,2.6,2.6,2.9,2.9,3.1,2.6,2.6,3.1,3.1,0.2,0.3,0.3,0.3,0.4,0.4,0.5,0.5,0.5,1.0,1.0,1.0,1.0,1.0,1.1,1.1,2.5,2.5,2.5,2.8,2.8,2.3,2.3,2.3,2.6,2.6,2.8,2.8,2.8,3.4,3.4,3.1,3.1,3.1,2.5,2.5,0.3,0.3,0.3,0.4,0.4,0.5,0.5,0.5,1.0,1.0,1.0,1.0,1.0,1.1,1.1,2.5,2.5,2.5,2.8,2.8,2.3,2.3,2.3,2.6,2.6,2.8,2.8,2.8,3.4,3.4,3.1,3.1,3.1,3.1,0.4,0.4,0.4,0.4,0.4,0.6,0.6,0.6,1.8,1.8,2.8,2.8,2.8,2.9,2.9,1.5,1.5,1.5,1.5,1.5,1.8,1.8,1.8,2.1,2.1,2.9,2.9,2.9,3.6,3.6,2.7,2.7,2.7,0.4,0.4,0.4,0.4,0.6,0.6,0.6,1.8,1.8,2.8,2.8,2.8,2.9,2.9,1.5,1.5,1.5,1.5,1.5,1.8,1.8,1.8,2.1,2.1,2.9,2.9,2.9,3.6,3.6,0.4,0.4,0.4,0.4,0.6,0.6,0.6,1.8,1.8,2.8,2.8,2.8,2.9,2.9,1.5,1.5,1.5,1.5,1.5,1.8,1.8,1.8,2.1,2.1,2.9,2.9,0.6,0.6,0.8,0.8,1.0,1.0,1.0,1.8,1.8,1.5,1.5,1.5,1.1,1.1,1.0,1.0,1.0,1.0,1.0,1.0,1.0,1.0,1.2,0.6,0.8,0.8,1.0,1.0,1.0,1.8,1.8,1.5,1.5,1.5,1.1,1.1,1.0,1.0,1.0,1.0,1.0,1.0,1.0,1.0,1.2,1.3,1.3,1.2,1.2,1.2,1.1,1.1,1.2,1.2,1.2,0.9,0.9,0.9,0.9,0.9,0.9,0.9,0.9,0.9,1.2,1.2,0.9,0.9,0.9,0.9,0.9,0.9,0.9,0.9
2026-10-10T03:00:00Z,0.9,0.6,0.6,0.6,0.6,0.6,0.6,0.6,0.6,0.7,0.9,0.9,0.9,0.6,0.6,0.6,0.6,0.6,0.6,0.6,0.6,0.8,0.9,0.7,0.7,0.9,0.9,0.9,0.6,0.6,0.6,0.6,0.6,0.6,0.6,0.8,0.8,0.8,0.8,0.7,0.7,0.8,0.8,0.8,0.9,0.9,1.1,1.1,1.1,1.0,1.0,0.8,0.8,0.8,0.8,0.8,0.8,0.7,0.7,0.8,0.8,0.8,0.9,0.9,1.1,1.1,1.1,1.0,1.0,0.8,0.8,0.8,4.9,1.5,1.5,1.5,1.5,1.5,2.4,2.4,2.4,2.0,2.0,1.9,1.9,1.9,1.5,1.5,1.1,1.1,1.1,0.6,0.6,0.6,0.6,0.6,0.6,0.3,0.6,4.9,1.5,1.5,1.5,1.5,1.5,2.4,2.4,2.4,2.0,2.0,1.9,1.9,1.9,1.5,1.5,1.1,1.1,1.1,0.7,0.6,0.6,0.6,0.6,0.6,0.6,0.6,0.6,0.6,0.7,4.9,1.5,1.5,1.5,1.5,1.5,2.4,2.4,2.4,2.0,2.0,1.9,1.9,1.9,1.5,1.5,1.1,1.1,1.1,0.7,0.6,0.6,0.6,0.6,0.6,0.6,0.6,0.6,1.2,1.2,1.2,0.7,3.5,1.3,1.3,1.3,0.9,0.9,1.4,1.4,1.4,1.1,1.1,1.1,1.1,1.1,1.9,1.9,1.1,1.1,1.1,0.4,0.4,0.6,0.6,0.6,0.8,0.8,1.1,1.1,1.1,1.2,1.2,1.2,1.5,1.5,3.5,3.5,1.3,1.3,1.3,0.9,0.9,1.4,1.4,1.4,1.1,1.1,1.1,1.1,1.1,1.9,1.9,1.1,1.1,1.1,0.4,0.4,0.6,0.6,0.6,0.8,0.8,1.1,1.1,1.1,1.2,1.2,1.2,3.0,3.0,3.0,3.0,1.1,1.1,1.1,0.7,0.7,0.7,0.7,0.7,0.5,0.5,0.4,0.4,0.4,0.5,0.5,0.5,0.5,0.5,0.5,0.5,0.9,0.9,0.9,1.8,1.8,1.9,1.9,1.9,2.1,2.1,3.0,3.0,3.0,3.0,3.6,3.0,3.0,1.1,1.1,1.1,0.7,0.7,0.7,0.7,0.7,0.5,0.5,0.4,0.4,0.4,0.5,0.5,0.5,0.5,0.5,0.5,0.5,0.9,0.9,0.9,1.8,1.8,1.9,1.9,1.9,2.1,2.1,3.0,3.0,3.0,3.0,3.6,3.6,3.0,3.0,1.1,1.1,1.1,0.7,0.7,0.7,0.7,0.7,0.5,0.5,0.4,0.4,0.4,0.5,0.5,0.5,0.5,0.5,0.5,0.5,0.9,0.9,0.9,1.8,1.8,1.9,1.9,1.9,2.1,2.1,3.0,3.0,3.0,3.6,3.6,1.6,3.7,3.7,4.1,4.1,4.1,1.9,1.9,0.7,0.7,0.7,0.8,0.8,0.7,0.7,0.7,1.3,1.3,1.7,1.7,1.7,1.3,1.3,1.2,1.2,1.2,1.7,1.7,2.6,2.6,2.6,3.0,3.0,3.1,3.1,3.1,3.6,3.6,1.6,3.7,3.7,4.1,4.1,4.1,1.9,1.9,0.7,0.7,0.7,0.8,0.8,0.7,0.7,0.7,1.3,1.3,1.7,1.7,1.7,1.3,1.3,1.2,1.2,1.2,1.7,1.7,2.6,2.6,2.6,3.0,3.0,3.1,3.1,3.1,3.6,3.6,1.1,1.7,1.7,2.5,2.5,2.5,2.1,2.1,1.3,1.3,1.3,0.5,0.5,0.3,0.3,0.3,0.4,0.4,0.6,0.6,0.6,1.4,1.4,2.2,2.2,2.2,2.0,2.0,2.6,2.6,2.6,2.9,2.9,2.6,2.6,2.6,3.1,3.1,1.1,1.7,1.7,2.5,2.5,2.5,2.1,2.1,1.3,1.3,1.3,0.5,0.5,0.3,0.3,0.3,0.4,0.4,0.6,0.6,0.6,1.4,1.4,2.2,2.2,2.2,2.0,2.0,2.6,2.6,2.6,2.9,2.9,2.6,2.6,2.6,3.1,3.1,1.7,1.7,2.5,2.5,2.5,2.1,2.1,1.3,1.3,1.3,0.5,0.5,0.3,0.3,0.3,0.4,0.4,0.6,0.6,0.6,1.4,1.4,2.2,2.2,2.2,2.0,2.0,2.6,2.6,2.6,2.9,2.9,3.1,2.6,2.6,3.1,3.1,0.2,0.3,0.3,0.3,0.4,0.4,0.5,0.5,0.5,1.0,1.0,1.0,1.0,1.0,1.1,1.1,2.5,2.5,2.5,2.8,2.8,2.3,2.3,2.3,2.6,2.6,2.8,2.8,2.8,3.4,3.4,3.1,3.1,3.1,2.5,2.5,0.3,0.3,0.3,0.4,0.4,0.5,0.5,0.5,1.0,1.0,1.0,1.0,1.0,1.1,1.1,2.5,2.5,2.5,2.8,2.8,2.3,2.3,2.3,2.6,2.6,2.8,2.8,2.8,3.4,3.4,3.1,3.1,3.1,3.1,0.4,0.4,0.4,0.4,0.4,0.6,0.6,0.6,1.8,1.8,2.8,2.8,2.8,2.9,2.9,1.5,1.5,1.5,1.5,1.5,1.8,1.8,1.8,2.1,2.1,2.9,2.9,2.9,3.6,3.6,2.7,2.7,2.7,0.4,0.4,0.4,0.4,0.6,0.6,0.6,1.8,1.8,2.8,2.8,2.8,2.9,2.9,1.5,1.5,1.5,1.5,1.5,1.8,1.8,1.8,2.1,2.1,2.9,2.9,2.9,3.6,3.6,0.4,0.4,0.4,0.4,0.6,0.6,0.6,1.8,1.8,2.8,2.8,2.8,2.9,2.9,1.5,1.5,1.5,1.5,1.5,1.8,1.8,1.8,2.1,2.1,2.9,2.9,0.6,0.6,0.8,0.8,1.0,1.0,1.0,1.8,1.8,1.5,1.5,1.5,1.1,1.1,1.0,1.0,1.0,1.0,1.0,1.0,1.0,1.0,1.2,0.6,0.8,0.8,1.0,1.0,1.0,1.8,1.8,1.5,1.5,1.5,1.1,1.1,1.0,1.0,1.0,1.0,1.0,1.0,1.0,1.0,1.2,1.3,1.3,1.2,1.2,1.2,1.1,1.1,1.2,1.2,1.2,0.9,0.9,0.9,0.9,0.9,0.9,0.9,0.9,0.9,1.2,1.2,0.9,0.9,0.9,0.9,0.9,0.9,0.9,0.9
2026-10-10T04:00:00Z,2.0,1.2,1.2,1.5,1.5,1.5,0.6,0.6,0.6,2.9,2.0,2.0,2.0,1.2,1.2,1.5,1.5,1.5,0.6,0.6,0.6,0.4,3.5,2.9,2.9,2.0,2.0,2.0,1.2,1.2,1.5,1.5,1.5,0.6,0.6,0.4,0.4,4.1,4.1,3.1,3.1,2.5,2.5,2.5,2.0,2.0,1.3,1.3,1.3,0.8,0.8,0.4,0.4,0.4,4.1,4.1,4.1,3.1,3.1,2.5,2.5,2.5,2.0,2.0,1.3,1.3,1.3,0.8,0.8,0.4,0.4,0.4,8.0,3.3,3.3,3.3,2.3,2.3,2.1,2.1,2.1,2.0,2.0,0.9,0.9,0.9,0.8,0.8,0.4,0.4,0.4,0.6,0.4,0.4,0.2,0.2,0.2,0.5,0.2,8.0,3.3,3.3,3.3,2.3,2.3,2.1,2.1,2.1,2.0,2.0,0.9,0.9,0.9,0.8,0.8,0.4,0.4,0.4,0.6,0.6,0.6,0.4,0.4,0.2,0.2,0.2,0.2,0.2,0.4,8.0,3.3,3.3,3.3,2.3,2.3,2.1,2.1,2.1,2.0,2.0,0.9,0.9,0.9,0.8,0.8,0.4,0.4,0.4,0.6,0.6,0.6,0.6,0.4,0.4,0.2,0.2,0.2,0.3,0.3,0.3,0.4,3.0,1.5,1.5,1.5,1.3,1.3,1.4,1.4,1.4,0.9,0.9,0.4,0.4,0.4,0.6,0.6,0.7,0.7,0.7,1.0,1.0,0.6,0.6,0.6,0.1,0.1,0.1,0.1,0.1,0.3,0.3,0.3,0.6,0.6,3.0,3.0,1.5,1.5,1.5,1.3,1.3,1.4,1.4,1.4,0.9,0.9,0.4,0.4,0.4,0.6,0.6,0.7,0.7,0.7,1.0,1.0,0.6,0.6,0.6,0.1,0.1,0.1,0.1,0.1,0.3,0.3,0.3,0.6,0.6,2.2,2.2,0.8,0.8,0.8,0.6,0.6,0.6,0.6,0.6,0.7,0.7,0.3,0.3,0.3,0.1,0.1,0.1,0.1,0.1,0.1,0.1,0.2,0.2,0.2,0.3,0.3,0.4,0.4,0.4,0.4,0.4,0.6,0.6,0.6,0.6,5.4,2.2,2.2,0.8,0.8,0.8,0.6,0.6,0.6,0.6,0.6,0.7,0.7,0.3,0.3,0.3,0.1,0.1,0.1,0.1,0.1,0.1,0.1,0.2,0.2,0.2,0.3,0.3,0.4,0.4,0.4,0.4,0.4,0.6,0.6,0.6,0.6,0.5,5.4,2.2,2.2,0.8,0.8,0.8,0.6,0.6,0.6,0.6,0.6,0.7,0.7,0.3,0.3,0.3,0.1,0.1,0.1,0.1,0.1,0.1,0.1,0.2,0.2,0.2,0.3,0.3,0.4,0.4,0.4,0.4,0.4,0.6,0.6,0.6,0.5,0.5,5.6,1.5,1.5,0.8,0.8,0.8,0.6,0.6,0.3,0.3,0.3,0.3,0.3,0.1,0.1,0.1,0.0,0.0,0.0,0.0,0.0,0.1,0.1,0.3,0.3,0.3,0.5,0.5,0.6,0.6,0.6,0.4,0.4,0.6,0.6,0.6,0.5,0.5,5.6,1.5,1.5,0.8,0.8,0.8,0.6,0.6,0.3,0.3,0.3,0.3,0.3,0.1,0.1,0.1,0.0,0.0,0.0,0.0,0.0,0.1,0.1,0.3,0.3,0.3,0.5,0.5,0.6,0.6,0.6,0.4,0.4,0.6,0.6,0.6,0.5,0.5,2.6,3.4,3.4,2.4,2.4,2.4,0.5,0.5,0.2,0.2,0.2,0.0,0.0,0.0,0.0,0.0,0.0,0.0,0.0,0.0,0.0,0.1,0.1,0.2,0.2,0.2,0.3,0.3,0.4,0.4,0.4,0.5,0.5,0.7,0.7,0.7,0.9,0.9,2.6,3.4,3.4,2.4,2.4,2.4,0.5,0.5,0.2,0.2,0.2,0.0,0.0,0.0,0.0,0.0,0.0,0.0,0.0,0.0,0.0,0.1,0.1,0.2,0.2,0.2,0.3,0.3,0.4,0.4,0.4,0.5,0.5,0.7,0.7,0.7,0.9,0.9,3.4,3.4,2.4,2.4,2.4,0.5,0.5,0.2,0.2,0.2,0.0,0.0,0.0,0.0,0.0,0.0,0.0,0.0,0.0,0.0,0.1,0.1,0.2,0.2,0.2,0.3,0.3,0.4,0.4,0.4,0.5,0.5,0.9,0.7,0.7,0.9,0.9,0.8,0.3,0.3,0.3,0.1,0.1,0.1,0.1,0.1,0.0,0.0,0.0,0.0,0.0,0.0,0.0,0.1,0.1,0.1,0.4,0.4,0.6,0.6,0.6,0.6,0.6,0.6,0.6,0.6,0.6,0.6,0.9,0.9,0.9,0.8,0.8,0.3,0.3,0.3,0.1,0.1,0.1,0.1,0.1,0.0,0.0,0.0,0.0,0.0,0.0,0.0,0.1,0.1,0.1,0.4,0.4,0.6,0.6,0.6,0.6,0.6,0.6,0.6,0.6,0.6,0.6,0.9,0.9,0.9,0.9,0.3,0.3,0.3,0.1,0.1,0.1,0.1,0.1,0.1,0.1,0.2,0.2,0.2,0.2,0.2,0.4,0.4,0.4,0.6,0.6,0.5,0.5,0.5,0.3,0.3,0.3,0.3,0.3,0.4,0.4,0.6,0.6,0.6,0.3,0.3,0.1,0.1,0.1,0.1,0.1,0.1,0.1,0.2,0.2,0.2,0.2,0.2,0.4,0.4,0.4,0.6,0.6,0.5,0.5,0.5,0.3,0.3,0.3,0.3,0.3,0.4,0.4,0.3,0.3,0.1,0.1,0.1,0.1,0.1,0.1,0.1,0.2,0.2,0.2,0.2,0.2,0.4,0.4,0.4,0.6,0.6,0.5,0.5,0.5,0.3,0.3,0.3,0.3,0.2,0.2,0.2,0.2,0.2,0.2,0.2,0.3,0.3,0.3,0.3,0.3,0.7,0.7,0.8,0.8,0.8,0.5,0.5,0.4,0.4,0.4,0.3,0.2,0.2,0.2,0.2,0.2,0.2,0.3,0.3,0.3,0.3,0.3,0.7,0.7,0.8,0.8,0.8,0.5,0.5,0.4,0.4,0.4,0.3,0.4,0.4,0.4,0.4,0.4,0.3,0.3,0.3,0.3,0.3,0.7,0.7,0.8,0.8,0.8,0.6,0.6,0.5,0.5,0.4,0.4,0.7,0.7,0.8,0.8,0.8,0.6,0.6,0.5
2026-10-10T05:00:00Z,2.0,1.2,1.2,1.5,1.5,1.5,0.6,0.6,0.6,2.9,2.0,2.0,2.0,1.2,1.2,1.5,1.5,1.5,0.6,0.6,0.6,0.4,3.5,2.9,2.9,2.0,2.0,2.0,1.2,1.2,1.5,1.5,1.5,0.6,0.6,0.4,0.4,4.1,4.1,3.1,3.1,2.5,2.5,2.5,2.0,2.0,1.3,1.3,1.3,0.8,0.8,0.4,0.4,0.4,4.1,4.1,4.1,3.1,3.1,2.5,2.5,2.5,2.0,2.0,1.3,1.3,1.3,0.8,0.8,0.4,0.4,0.4,8.0,3.3,3.3,3.3,2.3,2.3,2.1,2.1,2.1,2.0,2.0,0.9,0.9,0.9,0.8,0.8,0.4,0.4,0.4,0.6,0.4,0.4,0.2,0.2,0.2,0.5,0.2,8.0,3.3,3.3,3.3,2.3,2.3,2.1,2.1,2.1,2.0,2.0,0.9,0.9,0.9,0.8,0.8,0.4,0.4,0.4,0.6,0.6,0.6,0.4,0.4,0.2,0.2,0.2,0.2,0.2,0.4,8.0,3.3,3.3,3.3,2.3,2.3,2.1,2.1,2.1,2.0,2.0,0.9,0.9,0.9,0.8,0.8,0.4,0.4,0.4,0.6,0.6,0.6,0.6,0.4,0.4,0.2,0.2,0.2,0.3,0.3,0.3,0.4,3.0,1.5,1.5,1.5,1.3,1.3,1.4,1.4,1.4,0.9,0.9,0.4,0.4,0.4,0.6,0.6,0.7,0.7,0.7,1.0,1.0,0.6,0.6,0.6,0.1,0.1,0.1,0.1,0.1,0.3,0.3,0.3,0.6,0.6,3.0,3.0,1.5,1.5,1.5,1.3,1.3,1.4,1.4,1.4,0.9,0.9,0.4,0.4,0.4,0.6,0.6,0.7,0.7,0.7,1.0,1.0,0.6,0.6,0.6,0.1,0.1,0.1,0.1,0.1,0.3,0.3,0.3,0.6,0.6,2.2,2.2,0.8,0.8,0.8,0.6,0.6,0.6,0.6,0.6,0.7,0.7,0.3,0.3,0.3,0.1,0.1,0.1,0.1,0.1,0.1,0.1,0.2,0.2,0.2,0.3,0.3,0.4,0.4,0.4,0.4,0.4,0.6,0.6,0.6,0.6,5.4,2.2,2.2,0.8,0.8,0.8,0.6,0.6,0.6,0.6,0.6,0.7,0.7,0.3,0.3,0.3,0.1,0.1,0.1,0.1,0.1,0.1,0.1,0.2,0.2,0.2,0.3,0.3,0.4,0.4,0.4,0.4,0.4,0.6,0.6,0.6,0.6,0.5,5.4,2.2,2.2,0.8,0.8,0.8,0.6,0.6,0.6,0.6,0.6,0.7,0.7,0.3,0.3,0.3,0.1,0.1,0.1,0.1,0.1,0.1,0.1,0.2,0.2,0.2,0.3,0.3,0.4,0.4,0.4,0.4,0.4,0.6,0.6,0.6,0.5,0.5,5.6,1.5,1.5,0.8,0.8,0.8,0.6,0.6,0.3,0.3,0.3,0.3,0.3,0.1,0.1,0.1,0.0,0.0,0.0,0.0,0.0,0.1,0.1,0.3,0.3,0.3,0.5,0.5,0.6,0.6,0.6,0.4,0.4,0.6,0.6,0.6,0.5,0.5,5.6,1.5,1.5,0.8,0.8,0.8,0.6,0.6,0.3,0.3,0.3,0.3,0.3,0.1,0.1,0.1,0.0,0.0,0.0,0.0,0.0,0.1,0.1,0.3,0.3,0.3,0.5,0.5,0.6,0.6,0.6,0.4,0.4,0.6,0.6,0.6,0.5,0.5,2.6,3.4,3.4,2.4,2.4,2.4,0.5,0.5,0.2,0.2,0.2,0.0,0.0,0.0,0.0,0.0,0.0,0.0,0.0,0.0,0.0,0.1,0.1,0.2,0.2,0.2,0.3,0.3,0.4,0.4,0.4,0.5,0.5,0.7,0.7,0.7,0.9,0.9,2.6,3.4,3.4,2.4,2.4,2.4,0.5,0.5,0.2,0.2,0.2,0.0,0.0,0.0,0.0,0.0,0.0,0.0,0.0,0.0,0.0,0.1,0.1,0.2,0.2,0.2,0.3,0.3,0.4,0.4,0.4,0.5,0.5,0.7,0.7,0.7,0.9,0.9,3.4,3.4,2.4,2.4,2.4,0.5,0.5,0.2,0.2,0.2,0.0,0.0,0.0,0.0,0.0,0.0,0.0,0.0,0.0,0.0,0.1,0.1,0.2,0.2,0.2,0.3,0.3,0.4,0.4,0.4,0.5,0.5,0.9,0.7,0.7,0.9,0.9,0.8,0.3,0.3,0.3,0.1,0.1,0.1,0.1,0.1,0.0,0.0,0.0,0.0,0.0,0.0,0.0,0.1,0.1,0.1,0.4,0.4,0.6,0.6,0.6,0.6,0.6,0.6,0.6,0.6,0.6,0.6,0.9,0.9,0.9,0.8,0.8,0.3,0.3,0.3,0.1,0.1,0.1,0.1,0.1,0.0,0.0,0.0,0.0,0.0,0.0,0.0,0.1,0.1,0.1,0.4,0.4,0.6,0.6,0.6,0.6,0.6,0.6,0.6,0.6,0.6,0.6,0.9,0.9,0.9,0.9,0.3,0.3,0.3,0.1,0.1,0.1,0.1,0.1,0.1,0.1,0.2,0.2,0.2,0.2,0.2,0.4,0.4,0.4,0.6,0.6,0.5,0.5,0.5,0.3,0.3,0.3,0.3,0.3,0.4,0.4,0.6,0.6,0.6,0.3,0.3,0.1,0.1,0.1,0.1,0.1,0.1,0.1,0.2,0.2,0.2,0.2,0.2,0.4,0.4,0.4,0.6,0.6,0.5,0.5,0.5,0.3,0.3,0.3,0.3,0.3,0.4,0.4,0.3,0.3,0.1,0.1,0.1,0.1,0.1,0.1,0.1,0.2,0.2,0.2,0.2,0.2,0.4,0.4,0.4,0.6,0.6,0.5,0.5,0.5,0.3,0.3,0.3,0.3,0.2,0.2,0.2,0.2,0.2,0.2,0.2,0.3,0.3,0.3,0.3,0.3,0.7,0.7,0.8,0.8,0.8,0.5,0.5,0.4,0.4,0.4,0.3,0.2,0.2,0.2,0.2,0.2,0.2,0.3,0.3,0.3,0.3,0.3,0.7,0.7,0.8,0.8,0.8,0.5,0.5,0.4,0.4,0.4,0.3,0.4,0.4,0.4,0.4,0.4,0.3,0.3,0.3,0.3,0.3,0.7,0.7,0.8,0.8,0.8,0.6,0.6,0.5,0.5,0.4,0.4,0.7,0.7,0.8,0.8,0.8,0.6,0.6,0.5
2026-10-10T06:00:00Z,2.0,1.2,1.2,1.5,1.5,1.5,0.6,0.6,0.6,2.9,2.0,2.0,2.0,1.2,1.2,1.5,1.5,1.5,0.6,0.6,0.6,0.4,3.5,2.9,2.9,2.0,2.0,2.0,1.2,1.2,1.5,1.5,1.5,0.6,0.6,0.4,0.4,4.1,4.1,3.1,3.1,2.5,2.5,2.5,2.0,2.0,1.3,1.3,1.3,0.8,0.8,0.4,0.4,0.4,4.1,4.1,4.1,3.1,3.1,2.5,2.5,2.5,2.0,2.0,1.3,1.3,1.3,0.8,0.8,0.4,0.4,0.4,8.0,3.3,3.3,3.3,2.3,2.3,2.1,2.1,2.1,2.0,2.0,0.9,0.9,0.9,0.8,0.8,0.4,0.4,0.4,0.6,0.4,0.4,0.2,0.2,0.2,0.5,0.2,8.0,3.3,3.3,3.3,2.3,2.3,2.1,2.1,2.1,2.0,2.0,0.9,0.9,0.9,0.8,0.8,0.4,0.4,0.4,0.6,0.6,0.6,0.4,0.4,0.2,0.2,0.2,0.2,0.2,0.4,8.0,3.3,3.3,3.3,2.3,2.3,2.1,2.1,2.1,2.0,2.0,0.9,0.9,0.9,0.8,0.8,0.4,0.4,0.4,0.6,0.6,0.6,0.6,0.4,0.4,0.2,0.2,0.2,0.3,0.3,0.3,0.4,3.0,1.5,1.5,1.5,1.3,1.3,1.4,1.4,1.4,0.9,0.9,0.4,0.4,0.4,0.6,0.6,0.7,0.7,0.7,1.0,1.0,0.6,0.6,0.6,0.1,0.1,0.1,0.1,0.1,0.3,0.3,0.3,0.6,0.6,3.0,3.0,1.5,1.5,1.5,1.3,1.3,1.4,1.4,1.4,0.9,0.9,0.4,0.4,0.4,0.6,0.6,0.7,0.7,0.7,1.0,1.0,0.6,0.6,0.6,0.1,0.1,0.1,0.1,0.1,0.3,0.3,0.3,0.6,0.6,2.2,2.2,0.8,0.8,0.8,0.6,0.6,0.6,0.6,0.6,0.7,0.7,0.3,0.3,0.3,0.1,0.1,0.1,0.1,0.1,0.1,0.1,0.2,0.2,0.2,0.3,0.3,0.4,0.4,0.4,0.4,0.4,0.6,0.6,0.6,0.6,5.4,2.2,2.2,0.8,0.8,0.8,0.6,0.6,0.6,0.6,0.6,0.7,0.7,0.3,0.3,0.3,0.1,0.1,0.1,0.1,0.1,0.1,0.1,0.2,0.2,0.2,0.3,0.3,0.4,0.4,0.4,0.4,0.4,0.6,0.6,0.6,0.6,0.5,5.4,2.2,2.2,0.8,0.8,0.8,0.6,0.6,0.6,0.6,0.6,0.7,0.7,0.3,0.3,0.3,0.1,0.1,0.1,0.1,0.1,0.1,0.1,0.2,0.2,0.2,0.3,0.3,0.4,0.4,0.4,0.4,0.4,0.6,0.6,0.6,0.5,0.5,5.6,1.5,1.5,0.8,0.8,0.8,0.6,0.6,0.3,0.3,0.3,0.3,0.3,0.1,0.1,0.1,0.0,0.0,0.0,0.0,0.0,0.1,0.1,0.3,0.3,0.3,0.5,0.5,0.6,0.6,0.6,0.4,0.4,0.6,0.6,0.6,0.5,0.5,5.6,1.5,1.5,0.8,0.8,0.8,0.6,0.6,0.3,0.3,0.3,0.3,0.3,0.1,0.1,0.1,0.0,0.0,0.0,0.0,0.0,0.1,0.1,0.3,0.3,0.3,0.5,0.5,0.6,0.6,0.6,0.4,0.4,0.6,0.6,0.6,0.5,0.5,2.6,3.4,3.4,2.4,2.4,2.4,0.5,0.5,0.2,0.2,0.2,0.0,0.0,0.0,0.0,0.0,0.0,0.0,0.0,0.0,0.0,0.1,0.1,0.2,0.2,0.2,0.3,0.3,0.4,0.4,0.4,0.5,0.5,0.7,0.7,0.7,0.9,0.9,2.6,3.4,3.4,2.4,2.4,2.4,0.5,0.5,0.2,0.2,0.2,0.0,0.0,0.0,0.0,0.0,0.0,0.0,0.0,0.0,0.0,0.1,0.1,0.2,0.2,0.2,0.3,0.3,0.4,0.4,0.4,0.5,0.5,0.7,0.7,0.7,0.9,0.9,3.4,3.4,2.4,2.4,2.4,0.5,0.5,0.2,0.2,0.2,0.0,0.0,0.0,0.0,0.0,0.0,0.0,0.0,0.0,0.0,0.1,0.1,0.2,0.2,0.2,0.3,0.3,0.4,0.4,0.4,0.5,0.5,0.9,0.7,0.7,0.9,0.9,0.8,0.3,0.3,0.3,0.1,0.1,0.1,0.1,0.1,0.0,0.0,0.0,0.0,0.0,0.0,0.0,0.1,0.1,0.1,0.4,0.4,0.6,0.6,0.6,0.6,0.6,0.6,0.6,0.6,0.6,0.6,0.9,0.9,0.9,0.8,0.8,0.3,0.3,0.3,0.1,0.1,0.1,0.1,0.1,0.0,0.0,0.0,0.0,0.0,0.0,0.0,0.1,0.1,0.1,0.4,0.4,0.6,0.6,0.6,0.6,0.6,0.6,0.6,0.6,0.6,0.6,0.9,0.9,0.9,0.9,0.3,0.3,0.3,0.1,0.1,0.1,0.1,0.1,0.1,0.1,0.2,0.2,0.2,0.2,0.2,0.4,0.4,0.4,0.6,0.6,0.5,0.5,0.5,0.3,0.3,0.3,0.3,0.3,0.4,0.4,0.6,0.6,0.6,0.3,0.3,0.1,0.1,0.1,0.1,0.1,0.1,0.1,0.2,0.2,0.2,0.2,0.2,0.4,0.4,0.4,0.6,0.6,0.5,0.5,0.5,0.3,0.3,0.3,0.3,0.3,0.4,0.4,0.3,0.3,0.1,0.1,0.1,0.1,0.1,0.1,0.1,0.2,0.2,0.2,0.2,0.2,0.4,0.4,0.4,0.6,0.6,0.5,0.5,0.5,0.3,0.3,0.3,0.3,0.2,0.2,0.2,0.2,0.2,0.2,0.2,0.3,0.3,0.3,0.3,0.3,0.7,0.7,0.8,0.8,0.8,0.5,0.5,0.4,0.4,0.4,0.3,0.2,0.2,0.2,0.2,0.2,0.2,0.3,0.3,0.3,0.3,0.3,0.7,0.7,0.8,0.8,0.8,0.5,0.5,0.4,0.4,0.4,0.3,0.4,0.4,0.4,0.4,0.4,0.3,0.3,0.3,0.3,0.3,0.7,0.7,0.8,0.8,0.8,0.6,0.6,0.5,0.5,0.4,0.4,0.7,0.7,0.8,0.8,0.8,0.6,0.6,0.5
2026-10-10T07:00:00Z,3.5,5.9,5.9,6.5,6.5,6.5,5.5,5.5,5.5,4.5,3.5,3.5,3.5,5.9,5.9,6.5,6.5,6.5,5.5,5.5,5.5,2.2,4.5,4.5,4.5,3.5,3.5,3.5,5.9,5.9,6.5,6.5,6.5,5.5,5.5,2.2,2.2,3.9,3.9,4.1,4.1,4.5,4.5,4.5,5.0,5.0,3.1,3.1,3.1,3.4,3.4,2.2,2.2,2.2,3.9,3.9,3.9,4.1,4.1,4.5,4.5,4.5,5.0,5.0,3.1,3.1,3.1,3.4,3.4,2.2,2.2,2.2,4.9,5.4,5.4,5.4,5.7,5.7,3.8,3.8,3.8,3.0,3.0,1.1,1.1,1.1,1.0,1.0,1.8,1.8,1.8,0.3,0.0,0.0,0.0,0.0,0.0,0.1,0.0,4.9,5.4,5.4,5.4,5.7,5.7,3.8,3.8,3.8,3.0,3.0,1.1,1.1,1.1,1.0,1.0,1.8,1.8,1.8,0.7,0.3,0.3,0.0,0.0,0.0,0.0,0.0,0.0,0.0,0.0,4.9,5.4,5.4,5.4,5.7,5.7,3.8,3.8,3.8,3.0,3.0,1.1,1.1,1.1,1.0,1.0,1.8,1.8,1.8,0.7,0.3,0.3,0.3,0.0,0.0,0.0,0.0,0.0,0.0,0.0,0.0,0.0,5.6,5.7,5.7,5.7,4.4,4.4,2.2,2.2,2.2,1.1,1.1,0.8,0.8,0.8,0.4,0.4,0.1,0.1,0.1,0.0,0.0,0.0,0.0,0.0,0.0,0.0,0.0,0.0,0.0,0.0,0.0,0.0,0.0,0.0,5.6,5.6,5.7,5.7,5.7,4.4,4.4,2.2,2.2,2.2,1.1,1.1,0.8,0.8,0.8,0.4,0.4,0.1,0.1,0.1,0.0,0.0,0.0,0.0,0.0,0.0,0.0,0.0,0.0,0.0,0.0,0.0,0.0,0.0,0.0,10.7,10.7,7.5,7.5,7.5,2.9,2.9,1.6,1.6,1.6,0.7,0.7,0.3,0.3,0.3,0.1,0.1,0.0,0.0,0.0,0.0,0.0,0.0,0.0,0.0,0.0,0.0,0.0,0.0,0.0,0.0,0.0,0.0,0.0,0.0,0.0,7.5,10.7,10.7,7.5,7.5,7.5,2.9,2.9,1.6,1.6,1.6,0.7,0.7,0.3,0.3,0.3,0.1,0.1,0.0,0.0,0.0,0.0,0.0,0.0,0.0,0.0,0.0,0.0,0.0,0.0,0.0,0.0,0.0,0.0,0.0,0.0,0.0,0.0,7.5,10.7,10.7,7.5,7.5,7.5,2.9,2.9,1.6,1.6,1.6,0.7,0.7,0.3,0.3,0.3,0.1,0.1,0.0,0.0,0.0,0.0,0.0,0.0,0.0,0.0,0.0,0.0,0.0,0.0,0.0,0.0,0.0,0.0,0.0,0.0,0.0,0.0,8.3,2.6,2.6,2.8,2.8,2.8,2.0,2.0,1.0,1.0,1.0,0.2,0.2,0.1,0.1,0.1,0.0,0.0,0.0,0.0,0.0,0.0,0.0,0.0,0.0,0.0,0.1,0.1,0.1,0.1,0.1,0.1,0.1,0.0,0.0,0.0,0.0,0.0,8.3,2.6,2.6,2.8,2.8,2.8,2.0,2.0,1.0,1.0,1.0,0.2,0.2,0.1,0.1,0.1,0.0,0.0,0.0,0.0,0.0,0.0,0.0,0.0,0.0,0.0,0.1,0.1,0.1,0.1,0.1,0.1,0.1,0.0,0.0,0.0,0.0,0.0,2.4,2.4,2.4,2.4,2.4,2.4,1.6,1.6,0.9,0.9,0.9,0.2,0.2,0.0,0.0,0.0,0.0,0.0,0.0,0.0,0.0,0.0,0.0,0.1,0.1,0.1,0.2,0.2,0.4,0.4,0.4,0.7,0.7,0.0,0.0,0.0,0.1,0.1,2.4,2.4,2.4,2.4,2.4,2.4,1.6,1.6,0.9,0.9,0.9,0.2,0.2,0.0,0.0,0.0,0.0,0.0,0.0,0.0,0.0,0.0,0.0,0.1,0.1,0.1,0.2,0.2,0.4,0.4,0.4,0.7,0.7,0.0,0.0,0.0,0.1,0.1,2.4,2.4,2.4,2.4,2.4,1.6,1.6,0.9,0.9,0.9,0.2,0.2,0.0,0.0,0.0,0.0,0.0,0.0,0.0,0.0,0.0,0.0,0.1,0.1,0.1,0.2,0.2,0.4,0.4,0.4,0.7,0.7,0.3,0.0,0.0,0.1,0.1,2.0,1.5,1.5,1.5,1.4,1.4,0.5,0.5,0.5,0.2,0.2,0.1,0.1,0.1,0.0,0.0,0.1,0.1,0.1,0.2,0.2,0.5,0.5,0.5,1.0,1.0,1.1,1.1,1.1,0.5,0.5,0.3,0.3,0.3,0.1,0.1,1.5,1.5,1.5,1.4,1.4,0.5,0.5,0.5,0.2,0.2,0.1,0.1,0.1,0.0,0.0,0.1,0.1,0.1,0.2,0.2,0.5,0.5,0.5,1.0,1.0,1.1,1.1,1.1,0.5,0.5,0.3,0.3,0.3,0.3,1.5,1.5,1.5,1.1,1.1,0.6,0.6,0.6,0.3,0.3,0.1,0.1,0.1,0.2,0.2,0.4,0.4,0.4,0.5,0.5,0.7,0.7,0.7,0.6,0.6,0.5,0.5,0.5,0.5,0.5,0.3,0.3,0.3,1.5,1.5,1.1,1.1,0.6,0.6,0.6,0.3,0.3,0.1,0.1,0.1,0.2,0.2,0.4,0.4,0.4,0.5,0.5,0.7,0.7,0.7,0.6,0.6,0.5,0.5,0.5,0.5,0.5,1.5,1.5,1.1,1.1,0.6,0.6,0.6,0.3,0.3,0.1,0.1,0.1,0.2,0.2,0.4,0.4,0.4,0.5,0.5,0.7,0.7,0.7,0.6,0.6,0.5,0.5,1.6,1.6,1.0,1.0,0.5,0.5,0.5,0.3,0.3,0.2,0.2,0.2,0.1,0.1,0.4,0.4,0.4,0.5,0.5,0.5,0.5,0.5,0.5,1.6,1.0,1.0,0.5,0.5,0.5,0.3,0.3,0.2,0.2,0.2,0.1,0.1,0.4,0.4,0.4,0.5,0.5,0.5,0.5,0.5,0.5,1.3,1.3,0.8,0.8,0.8,0.5,0.5,0.3,0.3,0.3,0.4,0.4,0.4,0.4,0.4,0.4,0.4,0.2,0.2,0.8,0.8,0.4,0.4,0.4,0.4,0.4,0.4,0.4,0.2
2026-10-10T08:00:00Z,3.5,5.9,5.9,6.5,6.5,6.5,5.5,5.5,5.5,4.5,3.5,3.5,3.5,5.9,5.9,6.5,6.5,6.5,5.5,5.5,5.5,2.2,4.5,4.5,4.5,3.5,3.5,3.5,5.9,5.9,6.5,6.5,6.5,5.5,5.5,2.2,2.2,3.9,3.9,4.1,4.1,4.5,4.5,4.5,5.0,5.0,3.1,3.1,3.1,3.4,3.4,2.2,2.2,2.2,3.9,3.9,3.9,4.1,4.1,4.5,4.5,4.5,5.0,5.0,3.1,3.1,3.1,3.4,3.4,2.2,2.2,2.2,4.9,5.4,5.4,5.4,5.7,5.7,3.8,3.8,3.8,3.0,3.0,1.1,1.1,1.1,1.0,1.0,1.8,1.8,1.8,0.3,0.0,0.0,0.0,0.0,0.0,0.1,0.0,4.9,5.4,5.4,5.4,5.7,5.7,3.8,3.8,3.8,3.0,3.0,1.1,1.1,1.1,1.0,1.0,1.8,1.8,1.8,0.7,0.3,0.3,0.0,0.0,0.0,0.0,0.0,0.0,0.0,0.0,4.9,5.4,5.4,5.4,5.7,5.7,3.8,3.8,3.8,3.0,3.0,1.1,1.1,1.1,1.0,1.0,1.8,1.8,1.8,0.7,0.3,0.3,0.3,0.0,0.0,0.0,0.0,0.0,0.0,0.0,0.0,0.0,5.6,5.7,5.7,5.7,4.4,4.4,2.2,2.2,2.2,1.1,1.1,0.8,0.8,0.8,0.4,0.4,0.1,0.1,0.1,0.0,0.0,0.0,0.0,0.0,0.0,0.0,0.0,0.0,0.0,0.0,0.0,0.0,0.0,0.0,5.6,5.6,5.7,5.7,5.7,4.4,4.4,2.2,2.2,2.2,1.1,1.1,0.8,0.8,0.8,0.4,0.4,0.1,0.1,0.1,0.0,0.0,0.0,0.0,0.0,0.0,0.0,0.0,0.0,0.0,0.0,0.0,0.0,0.0,0.0,10.7,10.7,7.5,7.5,7.5,2.9,2.9,1.6,1.6,1.6,0.7,0.7,0.3,0.3,0.3,0.1,0.1,0.0,0.0,0.0,0.0,0.0,0.0,0.0,0.0,0.0,0.0,0.0,0.0,0.0,0.0,0.0,0.0,0.0,0.0,0.0,7.5,10.7,10.7,7.5,7.5,7.5,2.9,2.9,1.6,1.6,1.6,0.7,0.7,0.3,0.3,0.3,0.1,0.1,0.0,0.0,0.0,0.0,0.0,0.0,0.0,0.0,0.0,0.0,0.0,0.0,0.0,0.0,0.0,0.0,0.0,0.0,0.0,0.0,7.5,10.7,10.7,7.5,7.5,7.5,2.9,2.9,1.6,1.6,1.6,0.7,0.7,0.3,0.3,0.3,0.1,0.1,0.0,0.0,0.0,0.0,0.0,0.0,0.0,0.0,0.0,0.0,0.0,0.0,0.0,0.0,0.0,0.0,0.0,0.0,0.0,0.0,8.3,2.6,2.6,2.8,2.8,2.8,2.0,2.0,1.0,1.0,1.0,0.2,0.2,0.1,0.1,0.1,0.0,0.0,0.0,0.0,0.0,0.0,0.0,0.0,0.0,0.0,0.1,0.1,0.1,0.1,0.1,0.1,0.1,0.0,0.0,0.0,0.0,0.0,8.3,2.6,2.6,2.8,2.8,2.8,2.0,2.0,1.0,1.0,1.0,0.2,0.2,0.1,0.1,0.1,0.0,0.0,0.0,0.0,0.0,0.0,0.0,0.0,0.0,0.0,0.1,0.1,0.1,0.1,0.1,0.1,0.1,0.0,0.0,0.0,0.0,0.0,2.4,2.4,2.4,2.4,2.4,2.4,1.6,1.6,0.9,0.9,0.9,0.2,0.2,0.0,0.0,0.0,0.0,0.0,0.0,0.0,0.0,0.0,0.0,0.1,0.1,0.1,0.2,0.2,0.4,0.4,0.4,0.7,0.7,0.0,0.0,0.0,0.1,0.1,2.4,2.4,2.4,2.4,2.4,2.4,1.6,1.6,0.9,0.9,0.9,0.2,0.2,0.0,0.0,0.0,0.0,0.0,0.0,0.0,0.0,0.0,0.0,0.1,0.1,0.1,0.2,0.2,0.4,0.4,0.4,0.7,0.7,0.0,0.0,0.0,0.1,0.1,2.4,2.4,2.4,2.4,2.4,1.6,1.6,0.9,0.9,0.9,0.2,0.2,0.0,0.0,0.0,0.0,0.0,0.0,0.0,0.0,0.0,0.0,0.1,0.1,0.1,0.2,0.2,0.4,0.4,0.4,0.7,0.7,0.3,0.0,0.0,0.1,0.1,2.0,1.5,1.5,1.5,1.4,1.4,0.5,0.5,0.5,0.2,0.2,0.1,0.1,0.1,0.0,0.0,0.1,0.1,0.1,0.2,0.2,0.5,0.5,0.5,1.0,1.0,1.1,1.1,1.1,0.5,0.5,0.3,0.3,0.3,0.1,0.1,1.5,1.5,1.5,1.4,1.4,0.5,0.5,0.5,0.2,0.2,0.1,0.1,0.1,0.0,0.0,0.1,0.1,0.1,0.2,0.2,0.5,0.5,0.5,1.0,1.0,1.1,1.1,1.1,0.5,0.5,0.3,0.3,0.3,0.3,1.5,1.5,1.5,1.1,1.1,0.6,0.6,0.6,0.3,0.3,0.1,0.1,0.1,0.2,0.2,0.4,0.4,0.4,0.5,0.5,0.7,0.7,0.7,0.6,0.6,0.5,0.5,0.5,0.5,0.5,0.3,0.3,0.3,1.5,1.5,1.1,1.1,0.6,0.6,0.6,0.3,0.3,0.1,0.1,0.1,0.2,0.2,0.4,0.4,0.4,0.5,0.5,0.7,0.7,0.7,0.6,0.6,0.5,0.5,0.5,0.5,0.5,1.5,1.5,1.1,1.1,0.6,0.6,0.6,0.3,0.3,0.1,0.1,0.1,0.2,0.2,0.4,0.4,0.4,0.5,0.5,0.7,0.7,0.7,0.6,0.6,0.5,0.5,1.6,1.6,1.0,1.0,0.5,0.5,0.5,0.3,0.3,0.2,0.2,0.2,0.1,0.1,0.4,0.4,0.4,0.5,0.5,0.5,0.5,0.5,0.5,1.6,1.0,1.0,0.5,0.5,0.5,0.3,0.3,0.2,0.2,0.2,0.1,0.1,0.4,0.4,0.4,0.5,0.5,0.5,0.5,0.5,0.5,1.3,1.3,0.8,0.8,0.8,0.5,0.5,0.3,0.3,0.3,0.4,0.4,0.4,0.4,0.4,0.4,0.4,0.2,0.2,0.8,0.8,0.4,0.4,0.4,0.4,0.4,0.4,0.4,0.2
2026-10-10T09:00:00Z,3.5,5.9,5.9,6.5,6.5,6.5,5.5,5.5,5.5,4.5,3.5,3.5,3.5,5.9,5.9,6.5,6.5,6.5,5.5,5.5,5.5,2.2,4.5,4.5,4.5,3.5,3.5,3.5,5.9,5.9,6.5,6.5,6.5,5.5,5.5,2.2,2.2,3.9,3.9,4.1,4.1,4.5,4.5,4.5,5.0,5.0,3.1,3.1,3.1,3.4,3.4,2.2,2.2,2.2,3.9,3.9,3.9,4.1,4.1,4.5,4.5,4.5,5.0,5.0,3.1,3.1,3.1,3.4,3.4,2.2,2.2,2.2,4.9,5.4,5.4,5.4,5.7,5.7,3.8,3.8,3.8,3.0,3.0,1.1,1.1,1.1,1.0,1.0,1.8,1.8,1.8,0.3,0.0,0.0,0.0,0.0,0.0,0.1,0.0,4.9,5.4,5.4,5.4,5.7,5.7,3.8,3.8,3.8,3.0,3.0,1.1,1.1,1.1,1.0,1.0,1.8,1.8,1.8,0.7,0.3,0.3,0.0,0.0,0.0,0.0,0.0,0.0,0.0,0.0,4.9,5.4,5.4,5.4,5.7,5.7,3.8,3.8,3.8,3.0,3.0,1.1,1.1,1.1,1.0,1.0,1.8,1.8,1.8,0.7,0.3,0.3,0.3,0.0,0.0,0.0,0.0,0.0,0.0,0.0,0.0,0.0,5.6,5.7,5.7,5.7,4.4,4.4,2.2,2.2,2.2,1.1,1.1,0.8,0.8,0.8,0.4,0.4,0.1,0.1,0.1,0.0,0.0,0.0,0.0,0.0,0.0,0.0,0.0,0.0,0.0,0.0,0.0,0.0,0.0,0.0,5.6,5.6,5.7,5.7,5.7,4.4,4.4,2.2,2.2,2.2,1.1,1.1,0.8,0.8,0.8,0.4,0.4,0.1,0.1,0.1,0.0,0.0,0.0,0.0,0.0,0.0,0.0,0.0,0.0,0.0,0.0,0.0,0.0,0.0,0.0,10.7,10.7,7.5,7.5,7.5,2.9,2.9,1.6,1.6,1.6,0.7,0.7,0.3,0.3,0.3,0.1,0.1,0.0,0.0,0.0,0.0,0.0,0.0,0.0,0.0,0.0,0.0,0.0,0.0,0.0,0.0,0.0,0.0,0.0,0.0,0.0,7.5,10.7,10.7,7.5,7.5,7.5,2.9,2.9,1.6,1.6,1.6,0.7,0.7,0.3,0.3,0.3,0.1,0.1,0.0,0.0,0.0,0.0,0.0,0.0,0.0,0.0,0.0,0.0,0.0,0.0,0.0,0.0,0.0,0.0,0.0,0.0,0.0,0.0,7.5,10.7,10.7,7.5,7.5,7.5,2.9,2.9,1.6,1.6,1.6,0.7,0.7,0.3,0.3,0.3,0.1,0.1,0.0,0.0,0.0,0.0,0.0,0.0,0.0,0.0,0.0,0.0,0.0,0.0,0.0,0.0,0.0,0.0,0.0,0.0,0.0,0.0,8.3,2.6,2.6,2.8,2.8,2.8,2.0,2.0,1.0,1.0,1.0,0.2,0.2,0.1,0.1,0.1,0.0,0.0,0.0,0.0,0.0,0.0,0.0,0.0,0.0,0.0,0.1,0.1,0.1,0.1,0.1,0.1,0.1,0.0,0.0,0.0,0.0,0.0,8.3,2.6,2.6,2.8,2.8,2.8,2.0,2.0,1.0,1.0,1.0,0.2,0.2,0.1,0.1,0.1,0.0,0.0,0.0,0.0,0.0,0.0,0.0,0.0,0.0,0.0,0.1,0.1,0.1,0.1,0.1,0.1,0.1,0.0,0.0,0.0,0.0,0.0,2.4,2.4,2.4,2.4,2.4,2.4,1.6,1.6,0.9,0.9,0.9,0.2,0.2,0.0,0.0,0.0,0.0,0.0,0.0,0.0,0.0,0.0,0.0,0.1,0.1,0.1,0.2,0.2,0.4,0.4,0.4,0.7,0.7,0.0,0.0,0.0,0.1,0.1,2.4,2.4,2.4,2.4,2.4,2.4,1.6,1.6,0.9,0.9,0.9,0.2,0.2,0.0,0.0,0.0,0.0,0.0,0.0,0.0,0.0,0.0,0.0,0.1,0.1,0.1,0.2,0.2,0.4,0.4,0.4,0.7,0.7,0.0,0.0,0.0,0.1,0.1,2.4,2.4,2.4,2.4,2.4,1.6,1.6,0.9,0.9,0.9,0.2,0.2,0.0,0.0,0.0,0.0,0.0,0.0,0.0,0.0,0.0,0.0,0.1,0.1,0.1,0.2,0.2,0.4,0.4,0.4,0.7,0.7,0.3,0.0,0.0,0.1,0.1,2.0,1.5,1.5,1.5,1.4,1.4,0.5,0.5,0.5,0.2,0.2,0.1,0.1,0.1,0.0,0.0,0.1,0.1,0.1,0.2,0.2,0.5,0.5,0.5,1.0,1.0,1.1,1.1,1.1,0.5,0.5,0.3,0.3,0.3,0.1,0.1,1.5,1.5,1.5,1.4,1.4,0.5,0.5,0.5,0.2,0.2,0.1,0.1,0.1,0.0,0.0,0.1,0.1,0.1,0.2,0.2,0.5,0.5,0.5,1.0,1.0,1.1,1.1,1.1,0.5,0.5,0.3,0.3,0.3,0.3,1.5,1.5,1.5,1.1,1.1,0.6,0.6,0.6,0.3,0.3,0.1,0.1,0.1,0.2,0.2,0.4,0.4,0.4,0.5,0.5,0.7,0.7,0.7,0.6,0.6,0.5,0.5,0.5,0.5,0.5,0.3,0.3,0.3,1.5,1.5,1.1,1.1,0.6,0.6,0.6,0.3,0.3,0.1,0.1,0.1,0.2,0.2,0.4,0.4,0.4,0.5,0.5,0.7,0.7,0.7,0.6,0.6,0.5,0.5,0.5,0.5,0.5,1.5,1.5,1.1,1.1,0.6,0.6,0.6,0.3,0.3,0.1,0.1,0.1,0.2,0.2,0.4,0.4,0.4,0.5,0.5,0.7,0.7,0.7,0.6,0.6,0.5,0.5,1.6,1.6,1.0,1.0,0.5,0.5,0.5,0.3,0.3,0.2,0.2,0.2,0.1,0.1,0.4,0.4,0.4,0.5,0.5,0.5,0.5,0.5,0.5,1.6,1.0,1.0,0.5,0.5,0.5,0.3,0.3,0.2,0.2,0.2,0.1,0.1,0.4,0.4,0.4,0.5,0.5,0.5,0.5,0.5,0.5,1.3,1.3,0.8,0.8,0.8,0.5,0.5,0.3,0.3,0.3,0.4,0.4,0.4,0.4,0.4,0.4,0.4,0.2,0.2,0.8,0.8,0.4,0.4,0.4,0.4,0.4,0.4,0.4,0.2
2026-10-10T10:00:00Z,2.6,4.1,4.1,5.0,5.0,5.0,4.5,4.5,4.5,1.6,2.6,2.6,2.6,4.1,4.1,5.0,5.0,5.0,4.5,4.5,4.5,3.4,0.9,1.6,1.6,2.6,2.6,2.6,4.1,4.1,5.0,5.0,5.0,4.5,4.5,3.4,3.4,0.3,0.3,0.9,0.9,2.4,2.4,2.4,3.4,3.4,3.3,3.3,3.3,3.5,3.5,3.4,3.4,3.4,0.3,0.3,0.3,0.9,0.9,2.4,2.4,2.4,3.4,3.4,3.3,3.3,3.3,3.5,3.5,3.4,3.4,3.4,0.4,0.3,0.3,0.3,0.5,0.5,1.4,1.4,1.4,3.3,3.3,3.4,3.4,3.4,4.9,4.9,5.9,5.9,5.9,1.2,0.3,0.3,1.2,1.2,1.2,1.4,1.6,0.4,0.3,0.3,0.3,0.5,0.5,1.4,1.4,1.4,3.3,3.3,3.4,3.4,3.4,4.9,4.9,5.9,5.9,5.9,3.1,1.2,1.2,0.3,0.3,1.2,1.2,1.2,1.2,1.6,0.7,0.4,0.3,0.3,0.3,0.5,0.5,1.4,1.4,1.4,3.3,3.3,3.4,3.4,3.4,4.9,4.9,5.9,5.9,5.9,3.1,1.2,1.2,1.2,0.3,0.3,1.2,1.2,1.2,0.1,0.1,0.1,0.7,1.1,0.5,0.5,0.5,0.8,0.8,2.8,2.8,2.8,7.6,7.6,11.9,11.9,11.9,7.0,7.0,1.2,1.2,1.2,0.5,0.5,0.1,0.1,0.1,0.3,0.3,0.2,0.2,0.2,0.1,0.1,0.1,0.5,0.5,1.1,1.1,0.5,0.5,0.5,0.8,0.8,2.8,2.8,2.8,7.6,7.6,11.9,11.9,11.9,7.0,7.0,1.2,1.2,1.2,0.5,0.5,0.1,0.1,0.1,0.3,0.3,0.2,0.2,0.2,0.1,0.1,0.1,0.1,0.1,0.7,0.7,3.0,3.0,3.0,8.3,8.3,6.3,6.3,6.3,1.8,1.8,1.4,1.4,1.4,1.5,1.5,0.6,0.6,0.6,0.1,0.1,0.0,0.0,0.0,0.0,0.0,0.0,0.0,0.0,0.1,0.1,0.1,0.1,0.1,0.1,0.5,0.7,0.7,3.0,3.0,3.0,8.3,8.3,6.3,6.3,6.3,1.8,1.8,1.4,1.4,1.4,1.5,1.5,0.6,0.6,0.6,0.1,0.1,0.0,0.0,0.0,0.0,0.0,0.0,0.0,0.0,0.1,0.1,0.1,0.1,0.1,0.1,0.1,0.5,0.7,0.7,3.0,3.0,3.0,8.3,8.3,6.3,6.3,6.3,1.8,1.8,1.4,1.4,1.4,1.5,1.5,0.6,0.6,0.6,0.1,0.1,0.0,0.0,0.0,0.0,0.0,0.0,0.0,0.0,0.1,0.1,0.1,0.1,0.1,0.1,0.1,0.4,0.8,0.8,3.7,3.7,3.7,2.8,2.8,2.1,2.1,2.1,1.4,1.4,0.9,0.9,0.9,0.4,0.4,0.1,0.1,0.1,0.1,0.1,0.1,0.1,0.1,0.0,0.0,0.0,0.0,0.0,0.1,0.1,0.1,0.1,0.1,0.1,0.1,0.4,0.8,0.8,3.7,3.7,3.7,2.8,2.8,2.1,2.1,2.1,1.4,1.4,0.9,0.9,0.9,0.4,0.4,0.1,0.1,0.1,0.1,0.1,0.1,0.1,0.1,0.0,0.0,0.0,0.0,0.0,0.1,0.1,0.1,0.1,0.1,0.1,0.1,0.4,0.4,0.4,1.5,1.5,1.5,3.4,3.4,3.0,3.0,3.0,2.1,2.1,0.9,0.9,0.9,0.4,0.4,0.3,0.3,0.3,0.2,0.2,0.1,0.1,0.1,0.1,0.1,0.0,0.0,0.0,0.1,0.1,0.0,0.0,0.0,0.1,0.1,0.4,0.4,0.4,1.5,1.5,1.5,3.4,3.4,3.0,3.0,3.0,2.1,2.1,0.9,0.9,0.9,0.4,0.4,0.3,0.3,0.3,0.2,0.2,0.1,0.1,0.1,0.1,0.1,0.0,0.0,0.0,0.1,0.1,0.0,0.0,0.0,0.1,0.1,0.4,0.4,1.5,1.5,1.5,3.4,3.4,3.0,3.0,3.0,2.1,2.1,0.9,0.9,0.9,0.4,0.4,0.3,0.3,0.3,0.2,0.2,0.1,0.1,0.1,0.1,0.1,0.0,0.0,0.0,0.1,0.1,0.0,0.0,0.0,0.1,0.1,0.8,0.9,0.9,0.9,1.4,1.4,1.4,1.4,1.4,1.2,1.2,0.7,0.7,0.7,0.5,0.5,0.4,0.4,0.4,0.3,0.3,0.2,0.2,0.2,0.1,0.1,0.1,0.1,0.1,0.1,0.1,0.0,0.0,0.0,1.9,1.9,0.9,0.9,0.9,1.4,1.4,1.4,1.4,1.4,1.2,1.2,0.7,0.7,0.7,0.5,0.5,0.4,0.4,0.4,0.3,0.3,0.2,0.2,0.2,0.1,0.1,0.1,0.1,0.1,0.1,0.1,0.0,0.0,0.0,0.0,2.7,2.7,2.7,1.8,1.8,1.1,1.1,1.1,1.2,1.2,1.0,1.0,1.0,1.0,1.0,0.8,0.8,0.8,0.5,0.5,0.4,0.4,0.4,0.3,0.3,0.2,0.2,0.2,0.1,0.1,0.1,0.1,0.1,2.7,2.7,1.8,1.8,1.1,1.1,1.1,1.2,1.2,1.0,1.0,1.0,1.0,1.0,0.8,0.8,0.8,0.5,0.5,0.4,0.4,0.4,0.3,0.3,0.2,0.2,0.2,0.1,0.1,2.7,2.7,1.8,1.8,1.1,1.1,1.1,1.2,1.2,1.0,1.0,1.0,1.0,1.0,0.8,0.8,0.8,0.5,0.5,0.4,0.4,0.4,0.3,0.3,0.2,0.2,1.2,1.2,1.4,1.4,1.3,1.3,1.3,1.4,1.4,1.5,1.5,1.5,1.2,1.2,1.0,1.0,1.0,0.7,0.7,0.5,0.5,0.5,0.5,1.2,1.4,1.4,1.3,1.3,1.3,1.4,1.4,1.5,1.5,1.5,1.2,1.2,1.0,1.0,1.0,0.7,0.7,0.5,0.5,0.5,0.5,2.4,2.4,2.1,2.1,2.1,1.4,1.4,1.4,1.4,1.4,1.3,1.3,0.9,0.9,0.9,0.9,0.9,0.5,0.5,2.1,2.1,1.3,1.3,0.9,0.9,0.9,0.9,0.9,0.5
2026-10-10T11:00:00Z,2.6,4.1,4.1,5.0,5.0,5.0,4.5,4.5,4.5,1.6,2.6,2.6,2.6,4.1,4.1,5.0,5.0,5.0,4.5,4.5,4.5,3.4,0.9,1.6,1.6,2.6,2.6,2.6,4.1,4.1,5.0,5.0,5.0,4.5,4.5,3.4,3.4,0.3,0.3,0.9,0.9,2.4,2.4,2.4,3.4,3.4,3.3,3.3,3.3,3.5,3.5,3.4,3.4,3.4,0.3,0.3,0.3,0.9,0.9,2.4,2.4,2.4,3.4,3.4,3.3,3.3,3.3,3.5,3.5,3.4,3.4,3.4,0.4,0.3,0.3,0.3,0.5,0.5,1.4,1.4,1.4,3.3,3.3,3.4,3.4,3.4,4.9,4.9,5.9,5.9,5.9,1.2,0.3,0.3,1.2,1.2,1.2,1.4,1.6,0.4,0.3,0.3,0.3,0.5,0.5,1.4,1.4,1.4,3.3,3.3,3.4,3.4,3.4,4.9,4.9,5.9,5.9,5.9,3.1,1.2,1.2,0.3,0.3,1.2,1.2,1.2,1.2,1.6,0.7,0.4,0.3,0.3,0.3,0.5,0.5,1.4,1.4,1.4,3.3,3.3,3.4,3.4,3.4,4.9,4.9,5.9,5.9,5.9,3.1,1.2,1.2,1.2,0.3,0.3,1.2,1.2,1.2,0.1,0.1,0.1,0.7,1.1,0.5,0.5,0.5,0.8,0.8,2.8,2.8,2.8,7.6,7.6,11.9,11.9,11.9,7.0,7.0,1.2,1.2,1.2,0.5,0.5,0.1,0.1,0.1,0.3,0.3,0.2,0.2,0.2,0.1,0.1,0.1,0.5,0.5,1.1,1.1,0.5,0.5,0.5,0.8,0.8,2.8,2.8,2.8,7.6,7.6,11.9,11.9,11.9,7.0,7.0,1.2,1.2,1.2,0.5,0.5,0.1,0.1,0.1,0.3,0.3,0.2,0.2,0.2,0.1,0.1,0.1,0.1,0.1,0.7,0.7,3.0,3.0,3.0,8.3,8.3,6.3,6.3,6.3,1.8,1.8,1.4,1.4,1.4,1.5,1.5,0.6,0.6,0.6,0.1,0.1,0.0,0.0,0.0,0.0,0.0,0.0,0.0,0.0,0.1,0.1,0.1,0.1,0.1,0.1,0.5,0.7,0.7,3.0,3.0,3.0,8.3,8.3,6.3,6.3,6.3,1.8,1.8,1.4,1.4,1.4,1.5,1.5,0.6,0.6,0.6,0.1,0.1,0.0,0.0,0.0,0.0,0.0,0.0,0.0,0.0,0.1,0.1,0.1,0.1,0.1,0.1,0.1,0.5,0.7,0.7,3.0,3.0,3.0,8.3,8.3,6.3,6.3,6.3,1.8,1.8,1.4,1.4,1.4,1.5,1.5,0.6,0.6,0.6,0.1,0.1,0.0,0.0,0.0,0.0,0.0,0.0,0.0,0.0,0.1,0.1,0.1,0.1,0.1,0.1,0.1,0.4,0.8,0.8,3.7,3.7,3.7,2.8,2.8,2.1,2.1,2.1,1.4,1.4,0.9,0.9,0.9,0.4,0.4,0.1,0.1,0.1,0.1,0.1,0.1,0.1,0.1,0.0,0.0,0.0,0.0,0.0,0.1,0.1,0.1,0.1,0.1,0.1,0.1,0.4,0.8,0.8,3.7,3.7,3.7,2.8,2.8,2.1,2.1,2.1,1.4,1.4,0.9,0.9,0.9,0.4,0.4,0.1,0.1,0.1,0.1,0.1,0.1,0.1,0.1,0.0,0.0,0.0,0.0,0.0,0.1,0.1,0.1,0.1,0.1,0.1,0.1,0.4,0.4,0.4,1.5,1.5,1.5,3.4,3.4,3.0,3.0,3.0,2.1,2.1,0.9,0.9,0.9,0.4,0.4,0.3,0.3,0.3,0.2,0.2,0.1,0.1,0.1,0.1,0.1,0.0,0.0,0.0,0.1,0.1,0.0,0.0,0.0,0.1,0.1,0.4,0.4,0.4,1.5,1.5,1.5,3.4,3.4,3.0,3.0,3.0,2.1,2.1,0.9,0.9,0.9,0.4,0.4,0.3,0.3,0.3,0.2,0.2,0.1,0.1,0.1,0.1,0.1,0.0,0.0,0.0,0.1,0.1,0.0,0.0,0.0,0.1,0.1,0.4,0.4,1.5,1.5,1.5,3.4,3.4,3.0,3.0,3.0,2.1,2.1,0.9,0.9,0.9,0.4,0.4,0.3,0.3,0.3,0.2,0.2,0.1,0.1,0.1,0.1,0.1,0.0,0.0,0.0,0.1,0.1,0.0,0.0,0.0,0.1,0.1,0.8,0.9,0.9,0.9,1.4,1.4,1.4,1.4,1.4,1.2,1.2,0.7,0.7,0.7,0.5,0.5,0.4,0.4,0.4,0.3,0.3,0.2,0.2,0.2,0.1,0.1,0.1,0.1,0.1,0.1,0.1,0.0,0.0,0.0,1.9,1.9,0.9,0.9,0.9,1.4,1.4,1.4,1.4,1.4,1.2,1.2,0.7,0.7,0.7,0.5,0.5,0.4,0.4,0.4,0.3,0.3,0.2,0.2,0.2,0.1,0.1,0.1,0.1,0.1,0.1,0.1,0.0,0.0,0.0,0.0,2.7,2.7,2.7,1.8,1.8,1.1,1.1,1.1,1.2,1.2,1.0,1.0,1.0,1.0,1.0,0.8,0.8,0.8,0.5,0.5,0.4,0.4,0.4,0.3,0.3,0.2,0.2,0.2,0.1,0.1,0.1,0.1,0.1,2.7,2.7,1.8,1.8,1.1,1.1,1.1,1.2,1.2,1.0,1.0,1.0,1.0,1.0,0.8,0.8,0.8,0.5,0.5,0.4,0.4,0.4,0.3,0.3,0.2,0.2,0.2,0.1,0.1,2.7,2.7,1.8,1.8,1.1,1.1,1.1,1.2,1.2,1.0,1.0,1.0,1.0,1.0,0.8,0.8,0.8,0.5,0.5,0.4,0.4,0.4,0.3,0.3,0.2,0.2,1.2,1.2,1.4,1.4,1.3,1.3,1.3,1.4,1.4,1.5,1.5,1.5,1.2,1.2,1.0,1.0,1.0,0.7,0.7,0.5,0.5,0.5,0.5,1.2,1.4,1.4,1.3,1.3,1.3,1.4,1.4,1.5,1.5,1.5,1.2,1.2,1.0,1.0,1.0,0.7,0.7,0.5,0.5,0.5,0.5,2.4,2.4,2.1,2.1,2.1,1.4,1.4,1.4,1.4,1.4,1.3,1.3,0.9,0.9,0.9,0.9,0.9,0.5,0.5,2.1,2.1,1.3,1.3,0.9,0.9,0.9,0.9,0.9,0.5
2026-10-10T12:00:00Z,2.6,4.1,4.1,5.0,5.0,5.0,4.5,4.5,4.5,1.6,2.6,2.6,2.6,4.1,4.1,5.0,5.0,5.0,4.5,4.5,4.5,3.4,0.9,1.6,1.6,2.6,2.6,2.6,4.1,4.1,5.0,5.0,5.0,4.5,4.5,3.4,3.4,0.3,0.3,0.9,0.9,2.4,2.4,2.4,3.4,3.4,3.3,3.3,3.3,3.5,3.5,3.4,3.4,3.4,0.3,0.3,0.3,0.9,0.9,2.4,2.4,2.4,3.4,3.4,3.3,3.3,3.3,3.5,3.5,3.4,3.4,3.4,0.4,0.3,0.3,0.3,0.5,0.5,1.4,1.4,1.4,3.3,3.3,3.4,3.4,3.4,4.9,4.9,5.9,5.9,5.9,1.2,0.3,0.3,1.2,1.2,1.2,1.4,1.6,0.4,0.3,0.3,0.3,0.5,0.5,1.4,1.4,1.4,3.3,3.3,3.4,3.4,3.4,4.9,4.9,5.9,5.9,5.9,3.1,1.2,1.2,0.3,0.3,1.2,1.2,1.2,1.2,1.6,0.7,0.4,0.3,0.3,0.3,0.5,0.5,1.4,1.4,1.4,3.3,3.3,3.4,3.4,3.4,4.9,4.9,5.9,5.9,5.9,3.1,1.2,1.2,1.2,0.3,0.3,1.2,1.2,1.2,0.1,0.1,0.1,0.7,1.1,0.5,0.5,0.5,0.8,0.8,2.8,2.8,2.8,7.6,7.6,11.9,11.9,11.9,7.0,7.0,1.2,1.2,1.2,0.5,0.5,0.1,0.1,0.1,0.3,0.3,0.2,0.2,0.2,0.1,0.1,0.1,0.5,0.5,1.1,1.1,0.5,0.5,0.5,0.8,0.8,2.8,2.8,2.8,7.6,7.6,11.9,11.9,11.9,7.0,7.0,1.2,1.2,1.2,0.5,0.5,0.1,0.1,0.1,0.3,0.3,0.2,0.2,0.2,0.1,0.1,0.1,0.1,0.1,0.7,0.7,3.0,3.0,3.0,8.3,8.3,6.3,6.3,6.3,1.8,1.8,1.4,1.4,1.4,1.5,1.5,0.6,0.6,0.6,0.1,0.1,0.0,0.0,0.0,0.0,0.0,0.0,0.0,0.0,0.1,0.1,0.1,0.1,0.1,0.1,0.5,0.7,0.7,3.0,3.0,3.0,8.3,8.3,6.3,6.3,6.3,1.8,1.8,1.4,1.4,1.4,1.5,1.5,0.6,0.6,0.6,0.1,0.1,0.0,0.0,0.0,0.0,0.0,0.0,0.0,0.0,0.1,0.1,0.1,0.1,0.1,0.1,0.1,0.5,0.7,0.7,3.0,3.0,3.0,8.3,8.3,6.3,6.3,6.3,1.8,1.8,1.4,1.4,1.4,1.5,1.5,0.6,0.6,0.6,0.1,0.1,0.0,0.0,0.0,0.0,0.0,0.0,0.0,0.0,0.1,0.1,0.1,0.1,0.1,0.1,0.1,0.4,0.8,0.8,3.7,3.7,3.7,2.8,2.8,2.1,2.1,2.1,1.4,1.4,0.9,0.9,0.9,0.4,0.4,0.1,0.1,0.1,0.1,0.1,0.1,0.1,0.1,0.0,0.0,0.0,0.0,0.0,0.1,0.1,0.1,0.1,0.1,0.1,0.1,0.4,0.8,0.8,3.7,3.7,3.7,2.8,2.8,2.1,2.1,2.1,1.4,1.4,0.9,0.9,0.9,0.4,0.4,0.1,0.1,0.1,0.1,0.1,0.1,0.1,0.1,0.0,0.0,0.0,0.0,0.0,0.1,0.1,0.1,0.1,0.1,0.1,0.1,0.4,0.4,0.4,1.5,1.5,1.5,3.4,3.4,3.0,3.0,3.0,2.1,2.1,0.9,0.9,0.9,0.4,0.4,0.3,0.3,0.3,0.2,0.2,0.1,0.1,0.1,0.1,0.1,0.0,0.0,0.0,0.1,0.1,0.0,0.0,0.0,0.1,0.1,0.4,0.4,0.4,1.5,1.5,1.5,3.4,3.4,3.0,3.0,3.0,2.1,2.1,0.9,0.9,0.9,0.4,0.4,0.3,0.3,0.3,0.2,0.2,0.1,0.1,0.1,0.1,0.1,0.0,0.0,0.0,0.1,0.1,0.0,0.0,0.0,0.1,0.1,0.4,0.4,1.5,1.5,1.5,3.4,3.4,3.0,3.0,3.0,2.1,2.1,0.9,0.9,0.9,0.4,0.4,0.3,0.3,0.3,0.2,0.2,0.1,0.1,0.1,0.1,0.1,0.0,0.0,0.0,0.1,0.1,0.0,0.0,0.0,0.1,0.1,0.8,0.9,0.9,0.9,1.4,1.4,1.4,1.4,1.4,1.2,1.2,0.7,0.7,0.7,0.5,0.5,0.4,0.4,0.4,0.3,0.3,0.2,0.2,0.2,0.1,0.1,0.1,0.1,0.1,0.1,0.1,0.0,0.0,0.0,1.9,1.9,0.9,0.9,0.9,1.4,1.4,1.4,1.4,1.4,1.2,1.2,0.7,0.7,0.7,0.5,0.5,0.4,0.4,0.4,0.3,0.3,0.2,0.2,0.2,0.1,0.1,0.1,0.1,0.1,0.1,0.1,0.0,0.0,0.0,0.0,2.7,2.7,2.7,1.8,1.8,1.1,1.1,1.1,1.2,1.2,1.0,1.0,1.0,1.0,1.0,0.8,0.8,0.8,0.5,0.5,0.4,0.4,0.4,0.3,0.3,0.2,0.2,0.2,0.1,0.1,0.1,0.1,0.1,2.7,2.7,1.8,1.8,1.1,1.1,1.1,1.2,1.2,1.0,1.0,1.0,1.0,1.0,0.8,0.8,0.8,0.5,0.5,0.4,0.4,0.4,0.3,0.3,0.2,0.2,0.2,0.1,0.1,2.7,2.7,1.8,1.8,1.1,1.1,1.1,1.2,1.2,1.0,1.0,1.0,1.0,1.0,0.8,0.8,0.8,0.5,0.5,0.4,0.4,0.4,0.3,0.3,0.2,0.2,1.2,1.2,1.4,1.4,1.3,1.3,1.3,1.4,1.4,1.5,1.5,1.5,1.2,1.2,1.0,1.0,1.0,0.7,0.7,0.5,0.5,0.5,0.5,1.2,1.4,1.4,1.3,1.3,1.3,1.4,1.4,1.5,1.5,1.5,1.2,1.2,1.0,1.0,1.0,0.7,0.7,0.5,0.5,0.5,0.5,2.4,2.4,2.1,2.1,2.1,1.4,1.4,1.4,1.4,1.4,1.3,1.3,0.9,0.9,0.9,0.9,0.9,0.5,0.5,2.1,2.1,1.3,1.3,0.9,0.9,0.9,0.9,0.9,0.5
2026-10-10T13:00:00Z,0.1,0.5,0.5,0.5,0.5,0.5,0.4,0.4,0.4,0.1,0.1,0.1,0.1,0.5,0.5,0.5,0.5,0.5,0.4,0.4,0.4,0.5,0.1,0.1,0.1,0.1,0.1,0.1,0.5,0.5,0.5,0.5,0.5,0.4,0.4,0.5,0.5,0.0,0.0,0.0,0.0,0.2,0.2,0.2,0.6,0.6,0.7,0.7,0.7,0.5,0.5,0.5,0.5,0.5,0.0,0.0,0.0,0.0,0.0,0.2,0.2,0.2,0.6,0.6,0.7,0.7,0.7,0.5,0.5,0.5,0.5,0.5,0.0,0.0,0.0,0.0,0.3,0.3,0.4,0.4,0.4,0.4,0.4,0.5,0.5,0.5,0.4,0.4,1.8,1.8,1.8,2.5,2.5,2.5,2.0,2.0,2.0,2.5,0.5,0.0,0.0,0.0,0.0,0.3,0.3,0.4,0.4,0.4,0.4,0.4,0.5,0.5,0.5,0.4,0.4,1.8,1.8,1.8,3.8,2.5,2.5,2.5,2.5,2.0,2.0,2.0,2.0,0.5,0.1,0.0,0.0,0.0,0.0,0.3,0.3,0.4,0.4,0.4,0.4,0.4,0.5,0.5,0.5,0.4,0.4,1.8,1.8,1.8,3.8,2.5,2.5,2.5,2.5,2.5,2.0,2.0,2.0,0.1,0.1,0.1,0.1,0.2,0.2,0.2,0.2,0.2,0.2,0.0,0.0,0.0,0.0,0.0,0.6,0.6,0.6,1.2,1.2,1.9,1.9,1.9,1.6,1.6,2.0,2.0,2.0,2.3,2.3,0.6,0.6,0.6,0.1,0.1,0.1,0.0,0.0,0.2,0.2,0.2,0.2,0.2,0.2,0.2,0.0,0.0,0.0,0.0,0.0,0.6,0.6,0.6,1.2,1.2,1.9,1.9,1.9,1.6,1.6,2.0,2.0,2.0,2.3,2.3,0.6,0.6,0.6,0.1,0.1,0.1,0.0,0.0,1.1,1.1,0.8,0.8,0.8,0.2,0.2,0.2,0.2,0.2,0.3,0.3,0.6,0.6,0.6,1.4,1.4,1.9,1.9,1.9,2.4,2.4,1.5,1.5,1.5,0.8,0.8,0.6,0.6,0.6,0.3,0.3,0.0,0.0,0.0,0.0,0.1,1.1,1.1,0.8,0.8,0.8,0.2,0.2,0.2,0.2,0.2,0.3,0.3,0.6,0.6,0.6,1.4,1.4,1.9,1.9,1.9,2.4,2.4,1.5,1.5,1.5,0.8,0.8,0.6,0.6,0.6,0.3,0.3,0.0,0.0,0.0,0.0,0.0,0.1,1.1,1.1,0.8,0.8,0.8,0.2,0.2,0.2,0.2,0.2,0.3,0.3,0.6,0.6,0.6,1.4,1.4,1.9,1.9,1.9,2.4,2.4,1.5,1.5,1.5,0.8,0.8,0.6,0.6,0.6,0.3,0.3,0.0,0.0,0.0,0.0,0.0,0.3,0.4,0.4,0.5,0.5,0.5,0.6,0.6,0.4,0.4,0.4,0.3,0.3,1.0,1.0,1.0,1.4,1.4,2.8,2.8,2.8,1.6,1.6,2.3,2.3,2.3,1.2,1.2,1.0,1.0,1.0,0.4,0.4,0.0,0.0,0.0,0.0,0.0,0.3,0.4,0.4,0.5,0.5,0.5,0.6,0.6,0.4,0.4,0.4,0.3,0.3,1.0,1.0,1.0,1.4,1.4,2.8,2.8,2.8,1.6,1.6,2.3,2.3,2.3,1.2,1.2,1.0,1.0,1.0,0.4,0.4,0.0,0.0,0.0,0.0,0.0,0.3,0.3,0.3,0.5,0.5,0.5,1.0,1.0,0.9,0.9,0.9,0.7,0.7,1.3,1.3,1.3,1.1,1.1,1.5,1.5,1.5,1.3,1.3,1.0,1.0,1.0,0.8,0.8,0.3,0.3,0.3,0.4,0.4,0.1,0.1,0.1,0.0,0.0,0.3,0.3,0.3,0.5,0.5,0.5,1.0,1.0,0.9,0.9,0.9,0.7,0.7,1.3,1.3,1.3,1.1,1.1,1.5,1.5,1.5,1.3,1.3,1.0,1.0,1.0,0.8,0.8,0.3,0.3,0.3,0.4,0.4,0.1,0.1,0.1,0.0,0.0,0.3,0.3,0.5,0.5,0.5,1.0,1.0,0.9,0.9,0.9,0.7,0.7,1.3,1.3,1.3,1.1,1.1,1.5,1.5,1.5,1.3,1.3,1.0,1.0,1.0,0.8,0.8,0.3,0.3,0.3,0.4,0.4,0.2,0.1,0.1,0.0,0.0,0.2,0.2,0.2,0.2,0.6,0.6,1.0,1.0,1.0,0.9,0.9,1.3,1.3,1.3,1.3,1.3,1.3,1.3,1.3,1.2,1.2,1.3,1.3,1.3,1.2,1.2,0.3,0.3,0.3,0.2,0.2,0.2,0.2,0.2,0.3,0.3,0.2,0.2,0.2,0.6,0.6,1.0,1.0,1.0,0.9,0.9,1.3,1.3,1.3,1.3,1.3,1.3,1.3,1.3,1.2,1.2,1.3,1.3,1.3,1.2,1.2,0.3,0.3,0.3,0.2,0.2,0.2,0.2,0.2,0.2,0.6,0.6,0.6,0.8,0.8,0.8,0.8,0.8,1.1,1.1,2.5,2.5,2.5,1.8,1.8,1.6,1.6,1.6,1.2,1.2,0.7,0.7,0.7,0.5,0.5,0.2,0.2,0.2,0.2,0.2,0.2,0.2,0.2,0.6,0.6,0.8,0.8,0.8,0.8,0.8,1.1,1.1,2.5,2.5,2.5,1.8,1.8,1.6,1.6,1.6,1.2,1.2,0.7,0.7,0.7,0.5,0.5,0.2,0.2,0.2,0.2,0.2,0.6,0.6,0.8,0.8,0.8,0.8,0.8,1.1,1.1,2.5,2.5,2.5,1.8,1.8,1.6,1.6,1.6,1.2,1.2,0.7,0.7,0.7,0.5,0.5,0.2,0.2,1.1,1.1,1.3,1.3,1.9,1.9,1.9,3.2,3.2,2.9,2.9,2.9,2.1,2.1,1.5,1.5,1.5,1.0,1.0,0.8,0.8,0.8,0.3,1.1,1.3,1.3,1.9,1.9,1.9,3.2,3.2,2.9,2.9,2.9,2.1,2.1,1.5,1.5,1.5,1.0,1.0,0.8,0.8,0.8,0.3,2.1,2.1,2.5,2.5,2.5,2.1,2.1,2.1,2.1,2.1,1.7,1.7,1.9,1.9,1.9,1.4,1.4,0.5,0.5,2.5,2.5,1.7,1.7,1.9,1.9,1.9,1.4,1.4,0.5
