modelo;horizonte_h;evento;conjunto;timestamp;cod_sequencial;nivel_atual_cm;nivel_futuro_cm;rna_final_cm;erro_assinado_cm;erro_abs_cm;pers_referencia_cm
001_MUC_H02_CONTROLE_15INPUTS_NH32_S01;2;4;Treino;2018-07-25 22:00;201807252200;392.0;443.0;417.6553223728748;-25.34467762712518;25.34467762712518;392.0
001_MUC_H02_CONTROLE_15INPUTS_NH32_S01;2;4;Treino;2018-07-25 23:00;201807252300;420.0;461.0;446.5543041917831;-14.445695808216897;14.445695808216897;420.0
001_MUC_H02_CONTROLE_15INPUTS_NH32_S01;2;4;Treino;2018-07-26 00:00;201807260000;443.0;474.0;457.98939743222115;-16.010602567778847;16.010602567778847;443.0
001_MUC_H02_CONTROLE_15INPUTS_NH32_S01;2;4;Treino;2018-07-26 01:00;201807260100;461.0;487.0;467.99502907263195;-19.00497092736805;19.00497092736805;461.0
001_MUC_H02_CONTROLE_15INPUTS_NH32_S01;2;4;Treino;2018-07-26 02:00;201807260200;474.0;500.0;484.5349990915728;-15.465000908427214;15.465000908427214;474.0
001_MUC_H02_CONTROLE_15INPUTS_NH32_S01;2;4;Treino;2018-07-26 03:00;201807260300;487.0;534.0;535.0170160176851;1.0170160176851368;1.0170160176851368;487.0
001_MUC_H02_CONTROLE_15INPUTS_NH32_S01;2;4;Treino;2018-07-26 04:00;201807260400;500.0;588.0;575.7595061592741;-12.24049384072589;12.24049384072589;500.0
001_MUC_H02_CONTROLE_15INPUTS_NH32_S01;2;4;Treino;2018-07-26 05:00;201807260500;534.0;642.0;644.0799615886316;2.0799615886315905;2.0799615886315905;534.0
001_MUC_H02_CONTROLE_15INPUTS_NH32_S01;2;4;Treino;2018-07-26 06:00;201807260600;588.0;690.0;713.3165713764181;23.316571376418096;23.316571376418096;588.0
001_MUC_H02_CONTROLE_15INPUTS_NH32_S01;2;4;Treino;2018-07-26 07:00;201807260700;642.0;723.0;742.1013542701465;19.101354270146544;19.101354270146544;642.0
001_MUC_H02_CONTROLE_15INPUTS_NH32_S01;2;4;Treino;2018-07-26 08:00;201807260800;690.0;757.0;764.5659110509172;7.56591105091718;7.56591105091718;690.0
001_MUC_H02_CONTROLE_15INPUTS_NH32_S01;2;4;Treino;2018-07-26 09:00;201807260900;723.0;781.0;775.1757799924942;-5.824220007505801;5.824220007505801;723.0
001_MUC_H02_CONTROLE_15INPUTS_NH32_S01;2;4;Treino;2018-07-26 10:00;201807261000;757.0;806.0;815.4128392721107;9.41283927211066;9.41283927211066;757.0
001_MUC_H02_CONTROLE_15INPUTS_NH32_S01;2;4;Treino;2018-07-26 11:00;201807261100;781.0;834.0;825.3056031719075;-8.694396828092522;8.694396828092522;781.0
001_MUC_H02_CONTROLE_15INPUTS_NH32_S01;2;4;Treino;2018-07-26 12:00;201807261200;806.0;857.0;861.9682158203983;4.9682158203983136;4.9682158203983136;806.0
001_MUC_H02_CONTROLE_15INPUTS_NH32_S01;2;4;Treino;2018-07-26 13:00;201807261300;834.0;871.0;889.5933723197973;18.593372319797254;18.593372319797254;834.0
001_MUC_H02_CONTROLE_15INPUTS_NH32_S01;2;4;Treino;2018-07-26 14:00;201807261400;857.0;882.0;893.8734652524175;11.873465252417532;11.873465252417532;857.0
001_MUC_H02_CONTROLE_15INPUTS_NH32_S01;2;4;Treino;2018-07-26 15:00;201807261500;871.0;889.0;889.7199686388402;0.7199686388402142;0.7199686388402142;871.0
001_MUC_H02_CONTROLE_15INPUTS_NH32_S01;2;4;Treino;2018-07-26 16:00;201807261600;882.0;886.0;887.6157914931085;1.6157914931085315;1.6157914931085315;882.0
001_MUC_H02_CONTROLE_15INPUTS_NH32_S01;2;4;Treino;2018-07-26 17:00;201807261700;889.0;885.0;892.2703873964234;7.270387396423416;7.270387396423416;889.0
001_MUC_H02_CONTROLE_15INPUTS_NH32_S01;2;4;Treino;2018-07-26 18:00;201807261800;886.0;889.0;880.7728184260853;-8.227181573914663;8.227181573914663;886.0
001_MUC_H02_CONTROLE_15INPUTS_NH32_S01;2;4;Treino;2018-07-26 19:00;201807261900;885.0;898.0;891.1408604567907;-6.859139543209267;6.859139543209267;885.0
001_MUC_H02_CONTROLE_15INPUTS_NH32_S01;2;4;Treino;2018-07-26 20:00;201807262000;889.0;900.0;904.7093466668229;4.709346666822853;4.709346666822853;889.0
001_MUC_H02_CONTROLE_15INPUTS_NH32_S01;2;4;Treino;2018-07-26 21:00;201807262100;898.0;902.0;912.6817389763052;10.681738976305155;10.681738976305155;898.0
001_MUC_H02_CONTROLE_15INPUTS_NH32_S01;2;4;Treino;2018-07-26 22:00;201807262200;900.0;894.0;895.3543849311013;1.3543849311013219;1.3543849311013219;900.0
001_MUC_H02_CONTROLE_15INPUTS_NH32_S01;2;4;Treino;2018-07-26 23:00;201807262300;902.0;885.0;889.2353619738155;4.235361973815543;4.235361973815543;902.0
001_MUC_H02_CONTROLE_15INPUTS_NH32_S01;2;4;Treino;2018-07-27 00:00;201807270000;894.0;873.0;866.7192333237199;-6.280766676280109;6.280766676280109;894.0
001_MUC_H02_CONTROLE_15INPUTS_NH32_S01;2;4;Treino;2018-07-27 01:00;201807270100;885.0;855.0;856.3289970417059;1.3289970417058612;1.3289970417058612;885.0
001_MUC_H02_CONTROLE_15INPUTS_NH32_S01;2;4;Treino;2018-07-27 02:00;201807270200;873.0;843.0;842.6815907799191;-0.31840922008086636;0.31840922008086636;873.0
001_MUC_H02_CONTROLE_15INPUTS_NH32_S01;2;4;Treino;2018-07-27 03:00;201807270300;855.0;825.0;819.4313542292022;-5.568645770797843;5.568645770797843;855.0
001_MUC_H02_CONTROLE_15INPUTS_NH32_S01;2;4;Treino;2018-07-27 04:00;201807270400;843.0;808.0;808.8729461916148;0.8729461916148011;0.8729461916148011;843.0
001_MUC_H02_CONTROLE_15INPUTS_NH32_S01;2;4;Treino;2018-07-27 05:00;201807270500;825.0;794.0;786.1393620214069;-7.860637978593104;7.860637978593104;825.0
001_MUC_H02_CONTROLE_15INPUTS_NH32_S01;2;4;Treino;2018-07-27 06:00;201807270600;808.0;780.0;775.1527485534644;-4.847251446535552;4.847251446535552;808.0
001_MUC_H02_CONTROLE_15INPUTS_NH32_S01;2;4;Treino;2018-07-27 07:00;201807270700;794.0;768.0;765.405586975414;-2.594413024585947;2.594413024585947;794.0
001_MUC_H02_CONTROLE_15INPUTS_NH32_S01;2;4;Treino;2018-07-27 08:00;201807270800;780.0;759.0;753.4499876436001;-5.550012356399861;5.550012356399861;780.0
001_MUC_H02_CONTROLE_15INPUTS_NH32_S01;2;4;Treino;2018-07-27 09:00;201807270900;768.0;747.0;741.9280924130892;-5.071907586910811;5.071907586910811;768.0
001_MUC_H02_CONTROLE_15INPUTS_NH32_S01;2;4;Treino;2018-07-27 10:00;201807271000;759.0;736.0;734.8479243413902;-1.1520756586097605;1.1520756586097605;759.0
001_MUC_H02_CONTROLE_15INPUTS_NH32_S01;2;4;Treino;2018-07-27 11:00;201807271100;747.0;727.0;720.4096456767211;-6.590354323278916;6.590354323278916;747.0
001_MUC_H02_CONTROLE_15INPUTS_NH32_S01;2;4;Treino;2018-07-27 12:00;201807271200;736.0;719.0;709.9614465034184;-9.038553496581585;9.038553496581585;736.0
001_MUC_H02_CONTROLE_15INPUTS_NH32_S01;2;4;Treino;2018-07-27 13:00;201807271300;727.0;705.0;703.9452777035071;-1.054722296492855;1.054722296492855;727.0
001_MUC_H02_CONTROLE_15INPUTS_NH32_S01;2;4;Treino;2018-07-27 14:00;201807271400;719.0;696.0;695.0437231589029;-0.9562768410970648;0.9562768410970648;719.0
001_MUC_H02_CONTROLE_15INPUTS_NH32_S01;2;4;Treino;2018-07-27 15:00;201807271500;705.0;684.0;674.7891924358441;-9.210807564155857;9.210807564155857;705.0
001_MUC_H02_CONTROLE_15INPUTS_NH32_S01;2;4;Treino;2018-07-27 16:00;201807271600;696.0;676.0;672.1076878300737;-3.8923121699262992;3.8923121699262992;696.0
001_MUC_H02_CONTROLE_15INPUTS_NH32_S01;2;4;Treino;2018-07-27 17:00;201807271700;684.0;665.0;657.7033772508192;-7.296622749180756;7.296622749180756;684.0
001_MUC_H02_CONTROLE_15INPUTS_NH32_S01;2;4;Treino;2018-07-27 18:00;201807271800;676.0;655.0;653.8673491240979;-1.1326508759020726;1.1326508759020726;676.0
001_MUC_H02_CONTROLE_15INPUTS_NH32_S01;2;4;Treino;2018-07-27 19:00;201807271900;665.0;646.0;641.184736840205;-4.815263159794995;4.815263159794995;665.0
001_MUC_H02_CONTROLE_15INPUTS_NH32_S01;2;4;Treino;2018-07-27 20:00;201807272000;655.0;638.0;632.8970933209201;-5.102906679079865;5.102906679079865;655.0
001_MUC_H02_CONTROLE_15INPUTS_NH32_S01;2;4;Treino;2018-07-27 21:00;201807272100;646.0;629.0;624.496565078297;-4.503434921703047;4.503434921703047;646.0
001_MUC_H02_CONTROLE_15INPUTS_NH32_S01;2;4;Treino;2018-07-27 22:00;201807272200;638.0;622.0;619.4176774793259;-2.582322520674097;2.582322520674097;638.0
001_MUC_H02_CONTROLE_15INPUTS_NH32_S01;2;4;Treino;2018-07-27 23:00;201807272300;629.0;614.0;609.1263255012545;-4.8736744987454585;4.8736744987454585;629.0
001_MUC_H02_CONTROLE_15INPUTS_NH32_S01;2;4;Treino;2018-07-28 00:00;201807280000;622.0;606.0;604.2510168899274;-1.7489831100725723;1.7489831100725723;622.0
001_MUC_H02_CONTROLE_15INPUTS_NH32_S01;2;4;Treino;2018-07-28 01:00;201807280100;614.0;599.0;594.6991464865546;-4.300853513445418;4.300853513445418;614.0
001_MUC_H02_CONTROLE_15INPUTS_NH32_S01;2;4;Treino;2018-07-28 02:00;201807280200;606.0;590.0;587.4101862682809;-2.5898137317191186;2.5898137317191186;606.0
001_MUC_H02_CONTROLE_15INPUTS_NH32_S01;2;4;Treino;2018-07-28 03:00;201807280300;599.0;585.0;581.4599506034504;-3.540049396549648;3.540049396549648;599.0
001_MUC_H02_CONTROLE_15INPUTS_NH32_S01;2;4;Treino;2018-07-28 04:00;201807280400;590.0;579.0;570.6408021645814;-8.359197835418627;8.359197835418627;590.0
001_MUC_H02_CONTROLE_15INPUTS_NH32_S01;2;4;Treino;2018-07-28 05:00;201807280500;585.0;573.0;570.0532648691307;-2.9467351308693424;2.9467351308693424;585.0
001_MUC_H02_CONTROLE_15INPUTS_NH32_S01;2;4;Treino;2018-07-28 06:00;201807280600;579.0;563.0;562.0435585964198;-0.9564414035802429;0.9564414035802429;579.0
001_MUC_H02_CONTROLE_15INPUTS_NH32_S01;2;4;Treino;2018-07-28 07:00;201807280700;573.0;555.0;556.9901103935147;1.9901103935146693;1.9901103935146693;573.0
001_MUC_H02_CONTROLE_15INPUTS_NH32_S01;2;4;Treino;2018-07-28 08:00;201807280800;563.0;549.0;542.287102661017;-6.712897338982998;6.712897338982998;563.0
001_MUC_H02_CONTROLE_15INPUTS_NH32_S01;2;4;Treino;2018-07-28 09:00;201807280900;555.0;544.0;538.0939993715009;-5.9060006284991005;5.9060006284991005;555.0
001_MUC_H02_CONTROLE_15INPUTS_NH32_S01;2;4;Treino;2018-07-28 10:00;201807281000;549.0;537.0;534.1418044741625;-2.858195525837459;2.858195525837459;549.0
001_MUC_H02_CONTROLE_15INPUTS_NH32_S01;2;4;Treino;2018-07-28 11:00;201807281100;544.0;530.0;530.7348137210008;0.734813721000819;0.734813721000819;544.0
001_MUC_H02_CONTROLE_15INPUTS_NH32_S01;2;4;Treino;2018-07-28 12:00;201807281200;537.0;525.0;521.0844281235296;-3.9155718764703806;3.9155718764703806;537.0
001_MUC_H02_CONTROLE_15INPUTS_NH32_S01;2;4;Treino;2018-07-28 13:00;201807281300;530.0;522.0;513.4489691547687;-8.551030845231253;8.551030845231253;530.0
001_MUC_H02_CONTROLE_15INPUTS_NH32_S01;2;4;Treino;2018-07-28 14:00;201807281400;525.0;514.0;511.13995159208275;-2.8600484079172475;2.8600484079172475;525.0
001_MUC_H02_CONTROLE_15INPUTS_NH32_S01;2;4;Treino;2018-07-28 15:00;201807281500;522.0;508.0;509.7930604358043;1.793060435804307;1.793060435804307;522.0
001_MUC_H02_CONTROLE_15INPUTS_NH32_S01;2;4;Treino;2018-07-28 16:00;201807281600;514.0;504.0;496.38852413211714;-7.611475867882859;7.611475867882859;514.0
001_MUC_H02_CONTROLE_15INPUTS_NH32_S01;2;4;Treino;2018-07-28 17:00;201807281700;508.0;497.0;494.02410795227706;-2.9758920477229367;2.9758920477229367;508.0
001_MUC_H02_CONTROLE_15INPUTS_NH32_S01;2;4;Treino;2018-07-28 18:00;201807281800;504.0;493.0;491.7557048216827;-1.2442951783173157;1.2442951783173157;504.0
001_MUC_H02_CONTROLE_15INPUTS_NH32_S01;2;5;Treino;2018-10-02 16:00;201810021600;340.0;381.0;345.0510084741604;-35.948991525839574;35.948991525839574;340.0
001_MUC_H02_CONTROLE_15INPUTS_NH32_S01;2;5;Treino;2018-10-02 17:00;201810021700;349.0;447.0;356.8308320112733;-90.16916798872671;90.16916798872671;349.0
001_MUC_H02_CONTROLE_15INPUTS_NH32_S01;2;5;Treino;2018-10-02 18:00;201810021800;381.0;483.0;419.85876498230107;-63.14123501769893;63.14123501769893;381.0
001_MUC_H02_CONTROLE_15INPUTS_NH32_S01;2;5;Treino;2018-10-02 19:00;201810021900;447.0;493.0;538.9334837282721;45.93348372827211;45.93348372827211;447.0
001_MUC_H02_CONTROLE_15INPUTS_NH32_S01;2;5;Treino;2018-10-02 20:00;201810022000;483.0;504.0;532.4693964954658;28.469396495465844;28.469396495465844;483.0
001_MUC_H02_CONTROLE_15INPUTS_NH32_S01;2;5;Treino;2018-10-02 21:00;201810022100;493.0;522.0;513.0382788274834;-8.961721172516604;8.961721172516604;493.0
001_MUC_H02_CONTROLE_15INPUTS_NH32_S01;2;5;Treino;2018-10-02 22:00;201810022200;504.0;542.0;527.7571958306959;-14.242804169304122;14.242804169304122;504.0
001_MUC_H02_CONTROLE_15INPUTS_NH32_S01;2;5;Treino;2018-10-02 23:00;201810022300;522.0;555.0;553.141341841255;-1.8586581587450155;1.8586581587450155;522.0
001_MUC_H02_CONTROLE_15INPUTS_NH32_S01;2;5;Treino;2018-10-03 00:00;201810030000;542.0;571.0;567.1146168795334;-3.8853831204665994;3.8853831204665994;542.0
001_MUC_H02_CONTROLE_15INPUTS_NH32_S01;2;5;Treino;2018-10-03 01:00;201810030100;555.0;590.0;564.1427678816215;-25.857232118378533;25.857232118378533;555.0
001_MUC_H02_CONTROLE_15INPUTS_NH32_S01;2;5;Treino;2018-10-03 02:00;201810030200;571.0;608.0;588.7750061960385;-19.224993803961524;19.224993803961524;571.0
001_MUC_H02_CONTROLE_15INPUTS_NH32_S01;2;5;Treino;2018-10-03 03:00;201810030300;590.0;628.0;621.8823701793075;-6.117629820692514;6.117629820692514;590.0
001_MUC_H02_CONTROLE_15INPUTS_NH32_S01;2;5;Treino;2018-10-03 04:00;201810030400;608.0;653.0;652.2868597654556;-0.7131402345444258;0.7131402345444258;608.0
001_MUC_H02_CONTROLE_15INPUTS_NH32_S01;2;5;Treino;2018-10-03 05:00;201810030500;628.0;679.0;682.2408859763012;3.2408859763012288;3.2408859763012288;628.0
001_MUC_H02_CONTROLE_15INPUTS_NH32_S01;2;5;Treino;2018-10-03 06:00;201810030600;653.0;709.0;711.0853509492734;2.0853509492734474;2.0853509492734474;653.0
001_MUC_H02_CONTROLE_15INPUTS_NH32_S01;2;5;Treino;2018-10-03 07:00;201810030700;679.0;733.0;737.8632342377255;4.8632342377254645;4.8632342377254645;679.0
001_MUC_H02_CONTROLE_15INPUTS_NH32_S01;2;5;Treino;2018-10-03 08:00;201810030800;709.0;764.0;776.8033225071237;12.803322507123653;12.803322507123653;709.0
001_MUC_H02_CONTROLE_15INPUTS_NH32_S01;2;5;Treino;2018-10-03 09:00;201810030900;733.0;802.0;803.90532872222;1.9053287222200197;1.9053287222200197;733.0
001_MUC_H02_CONTROLE_15INPUTS_NH32_S01;2;5;Treino;2018-10-03 10:00;201810031000;764.0;847.0;852.9690919213078;5.969091921307836;5.969091921307836;764.0
001_MUC_H02_CONTROLE_15INPUTS_NH32_S01;2;5;Treino;2018-10-03 11:00;201810031100;802.0;898.0;917.3907108353554;19.390710835355435;19.390710835355435;802.0
001_MUC_H02_CONTROLE_15INPUTS_NH32_S01;2;5;Treino;2018-10-03 12:00;201810031200;847.0;939.0;966.2656032521694;27.2656032521694;27.2656032521694;847.0
001_MUC_H02_CONTROLE_15INPUTS_NH32_S01;2;5;Treino;2018-10-03 13:00;201810031300;898.0;968.0;996.5937691541426;28.593769154142592;28.593769154142592;898.0
001_MUC_H02_CONTROLE_15INPUTS_NH32_S01;2;5;Treino;2018-10-03 14:00;201810031400;939.0;987.0;1002.3165763185232;15.316576318523175;15.316576318523175;939.0
001_MUC_H02_CONTROLE_15INPUTS_NH32_S01;2;5;Treino;2018-10-03 15:00;201810031500;968.0;1010.0;1005.2252718567837;-4.774728143216294;4.774728143216294;968.0
001_MUC_H02_CONTROLE_15INPUTS_NH32_S01;2;5;Treino;2018-10-03 16:00;201810031600;987.0;1034.0;1022.473522681327;-11.52647731867296;11.52647731867296;987.0
001_MUC_H02_CONTROLE_15INPUTS_NH32_S01;2;5;Treino;2018-10-03 17:00;201810031700;1010.0;1059.0;1065.3706523660499;6.370652366049853;6.370652366049853;1010.0
001_MUC_H02_CONTROLE_15INPUTS_NH32_S01;2;5;Treino;2018-10-03 18:00;201810031800;1034.0;1083.0;1087.4958582355341;4.495858235534115;4.495858235534115;1034.0
001_MUC_H02_CONTROLE_15INPUTS_NH32_S01;2;5;Treino;2018-10-03 19:00;201810031900;1059.0;1103.0;1114.1427487374815;11.142748737481497;11.142748737481497;1059.0
001_MUC_H02_CONTROLE_15INPUTS_NH32_S01;2;5;Treino;2018-10-03 20:00;201810032000;1083.0;1126.0;1132.7715873678728;6.771587367872826;6.771587367872826;1083.0
001_MUC_H02_CONTROLE_15INPUTS_NH32_S01;2;5;Treino;2018-10-03 21:00;201810032100;1103.0;1141.0;1144.6964725714445;3.696472571444474;3.696472571444474;1103.0
001_MUC_H02_CONTROLE_15INPUTS_NH32_S01;2;5;Treino;2018-10-03 22:00;201810032200;1126.0;1159.0;1167.95171677121;8.95171677120993;8.95171677120993;1126.0
001_MUC_H02_CONTROLE_15INPUTS_NH32_S01;2;5;Treino;2018-10-03 23:00;201810032300;1141.0;1165.0;1166.7623115166089;1.762311516608861;1.762311516608861;1141.0
001_MUC_H02_CONTROLE_15INPUTS_NH32_S01;2;5;Treino;2018-10-04 00:00;201810040000;1159.0;1166.0;1183.250756043749;17.250756043749107;17.250756043749107;1159.0
001_MUC_H02_CONTROLE_15INPUTS_NH32_S01;2;5;Treino;2018-10-04 01:00;201810040100;1165.0;1166.0;1160.6069700027472;-5.393029997252825;5.393029997252825;1165.0
001_MUC_H02_CONTROLE_15INPUTS_NH32_S01;2;5;Treino;2018-10-04 02:00;201810040200;1166.0;1155.0;1154.6976212365396;-0.3023787634604105;0.3023787634604105;1166.0
001_MUC_H02_CONTROLE_15INPUTS_NH32_S01;2;5;Treino;2018-10-04 03:00;201810040300;1166.0;1144.0;1146.7582256816415;2.758225681641534;2.758225681641534;1166.0
001_MUC_H02_CONTROLE_15INPUTS_NH32_S01;2;5;Treino;2018-10-04 04:00;201810040400;1155.0;1129.0;1119.8755974810913;-9.12440251890871;9.12440251890871;1155.0
001_MUC_H02_CONTROLE_15INPUTS_NH32_S01;2;5;Treino;2018-10-04 05:00;201810040500;1144.0;1104.0;1107.1928216909203;3.1928216909202547;3.1928216909202547;1144.0
001_MUC_H02_CONTROLE_15INPUTS_NH32_S01;2;5;Treino;2018-10-04 06:00;201810040600;1129.0;1083.0;1085.892477491067;2.892477491066984;2.892477491066984;1129.0
001_MUC_H02_CONTROLE_15INPUTS_NH32_S01;2;5;Treino;2018-10-04 07:00;201810040700;1104.0;1057.0;1053.4700862587579;-3.529913741242126;3.529913741242126;1104.0
001_MUC_H02_CONTROLE_15INPUTS_NH32_S01;2;5;Treino;2018-10-04 08:00;201810040800;1083.0;1037.0;1034.1033851459138;-2.8966148540862378;2.8966148540862378;1083.0
001_MUC_H02_CONTROLE_15INPUTS_NH32_S01;2;5;Treino;2018-10-04 09:00;201810040900;1057.0;1014.0;1005.5746091086187;-8.425390891381312;8.425390891381312;1057.0
001_MUC_H02_CONTROLE_15INPUTS_NH32_S01;2;5;Treino;2018-10-04 10:00;201810041000;1037.0;988.0;991.5506727669589;3.5506727669588827;3.5506727669588827;1037.0
001_MUC_H02_CONTROLE_15INPUTS_NH32_S01;2;5;Treino;2018-10-04 11:00;201810041100;1014.0;965.0;963.9506310006121;-1.049368999387866;1.049368999387866;1014.0
001_MUC_H02_CONTROLE_15INPUTS_NH32_S01;2;5;Treino;2018-10-04 12:00;201810041200;988.0;940.0;936.7198826896988;-3.2801173103011934;3.2801173103011934;988.0
001_MUC_H02_CONTROLE_15INPUTS_NH32_S01;2;5;Treino;2018-10-04 13:00;201810041300;965.0;907.0;916.3624154487036;9.362415448703587;9.362415448703587;965.0
001_MUC_H02_CONTROLE_15INPUTS_NH32_S01;2;5;Treino;2018-10-04 14:00;201810041400;940.0;860.0;874.819068718881;14.819068718880999;14.819068718880999;940.0
001_MUC_H02_CONTROLE_15INPUTS_NH32_S01;2;5;Treino;2018-10-04 15:00;201810041500;907.0;822.0;833.5220158352079;11.522015835207867;11.522015835207867;907.0
001_MUC_H02_CONTROLE_15INPUTS_NH32_S01;2;5;Treino;2018-10-04 16:00;201810041600;860.0;791.0;790.9271474313894;-0.07285256861064227;0.07285256861064227;860.0
001_MUC_H02_CONTROLE_15INPUTS_NH32_S01;2;5;Treino;2018-10-04 17:00;201810041700;822.0;776.0;769.5567147971129;-6.443285202887068;6.443285202887068;822.0
001_MUC_H02_CONTROLE_15INPUTS_NH32_S01;2;5;Treino;2018-10-04 18:00;201810041800;791.0;761.0;752.1720609411866;-8.8279390588134;8.8279390588134;791.0
001_MUC_H02_CONTROLE_15INPUTS_NH32_S01;2;5;Treino;2018-10-04 19:00;201810041900;776.0;754.0;755.3016337451157;1.301633745115737;1.301633745115737;776.0
001_MUC_H02_CONTROLE_15INPUTS_NH32_S01;2;5;Treino;2018-10-04 20:00;201810042000;761.0;745.0;732.2145263719275;-12.78547362807251;12.78547362807251;761.0
001_MUC_H02_CONTROLE_15INPUTS_NH32_S01;2;5;Treino;2018-10-04 21:00;201810042100;754.0;728.0;729.1598744253869;1.1598744253868745;1.1598744253868745;754.0
001_MUC_H02_CONTROLE_15INPUTS_NH32_S01;2;5;Treino;2018-10-04 22:00;201810042200;745.0;715.0;713.5340394660299;-1.465960533970133;1.465960533970133;745.0
001_MUC_H02_CONTROLE_15INPUTS_NH32_S01;2;5;Treino;2018-10-04 23:00;201810042300;728.0;703.0;690.3492765934407;-12.650723406559337;12.650723406559337;728.0
001_MUC_H02_CONTROLE_15INPUTS_NH32_S01;2;5;Treino;2018-10-05 00:00;201810050000;715.0;688.0;682.6079476964887;-5.392052303511264;5.392052303511264;715.0
001_MUC_H02_CONTROLE_15INPUTS_NH32_S01;2;5;Treino;2018-10-05 01:00;201810050100;703.0;678.0;672.9963187618921;-5.003681238107902;5.003681238107902;703.0
001_MUC_H02_CONTROLE_15INPUTS_NH32_S01;2;5;Treino;2018-10-05 02:00;201810050200;688.0;666.0;656.081883140266;-9.918116859734027;9.918116859734027;688.0
001_MUC_H02_CONTROLE_15INPUTS_NH32_S01;2;5;Treino;2018-10-05 03:00;201810050300;678.0;656.0;651.2609507117988;-4.739049288201159;4.739049288201159;678.0
001_MUC_H02_CONTROLE_15INPUTS_NH32_S01;2;5;Treino;2018-10-05 04:00;201810050400;666.0;645.0;639.5202888148141;-5.47971118518592;5.47971118518592;666.0
001_MUC_H02_CONTROLE_15INPUTS_NH32_S01;2;5;Treino;2018-10-05 05:00;201810050500;656.0;634.0;633.0381619310635;-0.9618380689364585;0.9618380689364585;656.0
001_MUC_H02_CONTROLE_15INPUTS_NH32_S01;2;5;Treino;2018-10-05 06:00;201810050600;645.0;626.0;621.530088577487;-4.469911422512951;4.469911422512951;645.0
001_MUC_H02_CONTROLE_15INPUTS_NH32_S01;2;5;Treino;2018-10-05 07:00;201810050700;634.0;617.0;611.951247669514;-5.048752330485968;5.048752330485968;634.0
001_MUC_H02_CONTROLE_15INPUTS_NH32_S01;2;5;Treino;2018-10-05 08:00;201810050800;626.0;607.0;606.3580010931421;-0.6419989068579071;0.6419989068579071;626.0
001_MUC_H02_CONTROLE_15INPUTS_NH32_S01;2;5;Treino;2018-10-05 09:00;201810050900;617.0;600.0;596.3265729320138;-3.673427067986154;3.673427067986154;617.0
001_MUC_H02_CONTROLE_15INPUTS_NH32_S01;2;5;Treino;2018-10-05 10:00;201810051000;607.0;591.0;586.2762817594088;-4.723718240591211;4.723718240591211;607.0
001_MUC_H02_CONTROLE_15INPUTS_NH32_S01;2;5;Treino;2018-10-05 11:00;201810051100;600.0;584.0;582.722163727164;-1.277836272835998;1.277836272835998;600.0
001_MUC_H02_CONTROLE_15INPUTS_NH32_S01;2;5;Treino;2018-10-05 12:00;201810051200;591.0;574.0;571.6005604204624;-2.3994395795375567;2.3994395795375567;591.0
001_MUC_H02_CONTROLE_15INPUTS_NH32_S01;2;5;Treino;2018-10-05 13:00;201810051300;584.0;567.0;566.0641779525796;-0.9358220474204018;0.9358220474204018;584.0
001_MUC_H02_CONTROLE_15INPUTS_NH32_S01;2;5;Treino;2018-10-05 14:00;201810051400;574.0;560.0;553.9185902529275;-6.081409747072485;6.081409747072485;574.0
001_MUC_H02_CONTROLE_15INPUTS_NH32_S01;2;5;Treino;2018-10-05 15:00;201810051500;567.0;552.0;550.936862728633;-1.0631372713670544;1.0631372713670544;567.0
001_MUC_H02_CONTROLE_15INPUTS_NH32_S01;2;5;Treino;2018-10-05 16:00;201810051600;560.0;543.0;543.4354443283377;0.4354443283376668;0.4354443283376668;560.0
001_MUC_H02_CONTROLE_15INPUTS_NH32_S01;2;5;Treino;2018-10-05 17:00;201810051700;552.0;535.0;532.1630135384281;-2.8369864615718825;2.8369864615718825;552.0
001_MUC_H02_CONTROLE_15INPUTS_NH32_S01;2;5;Treino;2018-10-05 18:00;201810051800;543.0;526.0;521.7269850783413;-4.273014921658728;4.273014921658728;543.0
001_MUC_H02_CONTROLE_15INPUTS_NH32_S01;2;5;Treino;2018-10-05 19:00;201810051900;535.0;518.0;516.8879671119453;-1.1120328880547277;1.1120328880547277;535.0
001_MUC_H02_CONTROLE_15INPUTS_NH32_S01;2;5;Treino;2018-10-05 20:00;201810052000;526.0;511.0;507.9993795314455;-3.000620468554473;3.000620468554473;526.0
001_MUC_H02_CONTROLE_15INPUTS_NH32_S01;2;5;Treino;2018-10-05 21:00;201810052100;518.0;506.0;501.68836378355365;-4.311636216446345;4.311636216446345;518.0
001_MUC_H02_CONTROLE_15INPUTS_NH32_S01;2;5;Treino;2018-10-05 22:00;201810052200;511.0;500.0;496.44760300379244;-3.5523969962075626;3.5523969962075626;511.0
001_MUC_H02_CONTROLE_15INPUTS_NH32_S01;2;5;Treino;2018-10-05 23:00;201810052300;506.0;494.0;492.90348653484085;-1.0965134651591484;1.0965134651591484;506.0
001_MUC_H02_CONTROLE_15INPUTS_NH32_S01;2;5;Treino;2018-10-06 00:00;201810060000;500.0;487.0;485.5987393326782;-1.4012606673218215;1.4012606673218215;500.0
001_MUC_H02_CONTROLE_15INPUTS_NH32_S01;2;6;Treino;2018-10-31 17:00;201810311700;369.0;386.0;394.0696417340636;8.069641734063623;8.069641734063623;369.0
001_MUC_H02_CONTROLE_15INPUTS_NH32_S01;2;6;Treino;2018-10-31 18:00;201810311800;375.0;404.0;417.19066521305854;13.190665213058537;13.190665213058537;375.0
001_MUC_H02_CONTROLE_15INPUTS_NH32_S01;2;6;Treino;2018-10-31 19:00;201810311900;386.0;433.0;444.0151450689476;11.015145068947618;11.015145068947618;386.0
001_MUC_H02_CONTROLE_15INPUTS_NH32_S01;2;6;Treino;2018-10-31 20:00;201810312000;404.0;468.0;473.69963827994866;5.699638279948658;5.699638279948658;404.0
001_MUC_H02_CONTROLE_15INPUTS_NH32_S01;2;6;Treino;2018-10-31 21:00;201810312100;433.0;509.0;521.4430580956414;12.44305809564139;12.44305809564139;433.0
001_MUC_H02_CONTROLE_15INPUTS_NH32_S01;2;6;Treino;2018-10-31 22:00;201810312200;468.0;550.0;568.7142694652309;18.714269465230927;18.714269465230927;468.0
001_MUC_H02_CONTROLE_15INPUTS_NH32_S01;2;6;Treino;2018-10-31 23:00;201810312300;509.0;602.0;631.7086944318911;29.708694431891104;29.708694431891104;509.0
001_MUC_H02_CONTROLE_15INPUTS_NH32_S01;2;6;Treino;2018-11-01 00:00;201811010000;550.0;676.0;692.5075645539021;16.507564553902057;16.507564553902057;550.0
001_MUC_H02_CONTROLE_15INPUTS_NH32_S01;2;6;Treino;2018-11-01 01:00;201811010100;602.0;752.0;754.1661383414523;2.1661383414523243;2.1661383414523243;602.0
001_MUC_H02_CONTROLE_15INPUTS_NH32_S01;2;6;Treino;2018-11-01 02:00;201811010200;676.0;819.0;832.4496721168101;13.44967211681012;13.44967211681012;676.0
001_MUC_H02_CONTROLE_15INPUTS_NH32_S01;2;6;Treino;2018-11-01 03:00;201811010300;752.0;866.0;880.9825458555614;14.982545855561398;14.982545855561398;752.0
001_MUC_H02_CONTROLE_15INPUTS_NH32_S01;2;6;Treino;2018-11-01 04:00;201811010400;819.0;901.0;908.2007727993611;7.2007727993610615;7.2007727993610615;819.0
001_MUC_H02_CONTROLE_15INPUTS_NH32_S01;2;6;Treino;2018-11-01 05:00;201811010500;866.0;932.0;933.4979233916474;1.4979233916474186;1.4979233916474186;866.0
001_MUC_H02_CONTROLE_15INPUTS_NH32_S01;2;6;Treino;2018-11-01 06:00;201811010600;901.0;957.0;956.5162708115151;-0.48372918848485824;0.48372918848485824;901.0
001_MUC_H02_CONTROLE_15INPUTS_NH32_S01;2;6;Treino;2018-11-01 07:00;201811010700;932.0;965.0;968.8807286031455;3.880728603145485;3.880728603145485;932.0
001_MUC_H02_CONTROLE_15INPUTS_NH32_S01;2;6;Treino;2018-11-01 08:00;201811010800;957.0;966.0;978.4646974370967;12.464697437096675;12.464697437096675;957.0
001_MUC_H02_CONTROLE_15INPUTS_NH32_S01;2;6;Treino;2018-11-01 09:00;201811010900;965.0;950.0;943.0526746485418;-6.947325351458176;6.947325351458176;965.0
001_MUC_H02_CONTROLE_15INPUTS_NH32_S01;2;6;Treino;2018-11-01 10:00;201811011000;966.0;925.0;929.0582341566892;4.0582341566891955;4.0582341566891955;966.0
001_MUC_H02_CONTROLE_15INPUTS_NH32_S01;2;6;Treino;2018-11-01 11:00;201811011100;950.0;901.0;907.6437374040718;6.643737404071771;6.643737404071771;950.0
001_MUC_H02_CONTROLE_15INPUTS_NH32_S01;2;6;Treino;2018-11-01 12:00;201811011200;925.0;870.0;885.0738881395635;15.07388813956345;15.07388813956345;925.0
001_MUC_H02_CONTROLE_15INPUTS_NH32_S01;2;6;Treino;2018-11-01 13:00;201811011300;901.0;853.0;868.0639400562825;15.06394005628249;15.06394005628249;901.0
001_MUC_H02_CONTROLE_15INPUTS_NH32_S01;2;6;Treino;2018-11-01 14:00;201811011400;870.0;831.0;832.7304848515431;1.7304848515431104;1.7304848515431104;870.0
001_MUC_H02_CONTROLE_15INPUTS_NH32_S01;2;6;Treino;2018-11-01 15:00;201811011500;853.0;809.0;829.3116763395565;20.31167633955647;20.31167633955647;853.0
001_MUC_H02_CONTROLE_15INPUTS_NH32_S01;2;6;Treino;2018-11-01 16:00;201811011600;831.0;791.0;794.2023236265943;3.202323626594307;3.202323626594307;831.0
001_MUC_H02_CONTROLE_15INPUTS_NH32_S01;2;6;Treino;2018-11-01 17:00;201811011700;809.0;774.0;771.5443387426521;-2.455661257347856;2.455661257347856;809.0
001_MUC_H02_CONTROLE_15INPUTS_NH32_S01;2;6;Treino;2018-11-01 18:00;201811011800;791.0;754.0;758.975255819373;4.9752558193730465;4.9752558193730465;791.0
001_MUC_H02_CONTROLE_15INPUTS_NH32_S01;2;6;Treino;2018-11-01 19:00;201811011900;774.0;737.0;741.442893220543;4.442893220543056;4.442893220543056;774.0
001_MUC_H02_CONTROLE_15INPUTS_NH32_S01;2;6;Treino;2018-11-01 20:00;201811012000;754.0;727.0;718.177335070054;-8.822664929945972;8.822664929945972;754.0
001_MUC_H02_CONTROLE_15INPUTS_NH32_S01;2;6;Treino;2018-11-01 21:00;201811012100;737.0;712.0;703.1028660168644;-8.897133983135632;8.897133983135632;737.0
001_MUC_H02_CONTROLE_15INPUTS_NH32_S01;2;6;Treino;2018-11-01 22:00;201811012200;727.0;700.0;695.7420565099949;-4.257943490005118;4.257943490005118;727.0
001_MUC_H02_CONTROLE_15INPUTS_NH32_S01;2;6;Treino;2018-11-01 23:00;201811012300;712.0;686.0;674.3425122426478;-11.657487757352214;11.657487757352214;712.0
001_MUC_H02_CONTROLE_15INPUTS_NH32_S01;2;6;Treino;2018-11-02 00:00;201811020000;700.0;675.0;664.1351787365595;-10.86482126344049;10.86482126344049;700.0
001_MUC_H02_CONTROLE_15INPUTS_NH32_S01;2;6;Treino;2018-11-02 01:00;201811020100;686.0;664.0;649.4711085610428;-14.528891438957203;14.528891438957203;686.0
001_MUC_H02_CONTROLE_15INPUTS_NH32_S01;2;6;Treino;2018-11-02 02:00;201811020200;675.0;650.0;643.4999347170251;-6.5000652829749015;6.5000652829749015;675.0
001_MUC_H02_CONTROLE_15INPUTS_NH32_S01;2;6;Treino;2018-11-02 03:00;201811020300;664.0;639.0;632.7731939401995;-6.226806059800538;6.226806059800538;664.0
001_MUC_H02_CONTROLE_15INPUTS_NH32_S01;2;6;Treino;2018-11-02 04:00;201811020400;650.0;629.0;617.9995027901426;-11.000497209857372;11.000497209857372;650.0
001_MUC_H02_CONTROLE_15INPUTS_NH32_S01;2;6;Treino;2018-11-02 05:00;201811020500;639.0;618.0;610.691024187789;-7.308975812210974;7.308975812210974;639.0
001_MUC_H02_CONTROLE_15INPUTS_NH32_S01;2;6;Treino;2018-11-02 06:00;201811020600;629.0;607.0;602.1373782132176;-4.86262178678237;4.86262178678237;629.0
001_MUC_H02_CONTROLE_15INPUTS_NH32_S01;2;6;Treino;2018-11-02 07:00;201811020700;618.0;596.0;592.6567745705181;-3.3432254294818904;3.3432254294818904;618.0
001_MUC_H02_CONTROLE_15INPUTS_NH32_S01;2;6;Treino;2018-11-02 08:00;201811020800;607.0;587.0;581.4171246815858;-5.582875318414153;5.582875318414153;607.0
001_MUC_H02_CONTROLE_15INPUTS_NH32_S01;2;6;Treino;2018-11-02 09:00;201811020900;596.0;578.0;570.9919473086844;-7.008052691315584;7.008052691315584;596.0
001_MUC_H02_CONTROLE_15INPUTS_NH32_S01;2;6;Treino;2018-11-02 10:00;201811021000;587.0;568.0;565.6963717701626;-2.3036282298373862;2.3036282298373862;587.0
001_MUC_H02_CONTROLE_15INPUTS_NH32_S01;2;6;Treino;2018-11-02 11:00;201811021100;578.0;559.0;556.2610325404409;-2.7389674595591487;2.7389674595591487;578.0
001_MUC_H02_CONTROLE_15INPUTS_NH32_S01;2;6;Treino;2018-11-02 12:00;201811021200;568.0;550.0;545.6203126633969;-4.3796873366030695;4.3796873366030695;568.0
001_MUC_H02_CONTROLE_15INPUTS_NH32_S01;2;6;Treino;2018-11-02 13:00;201811021300;559.0;541.0;537.3883296061858;-3.6116703938141654;3.6116703938141654;559.0
001_MUC_H02_CONTROLE_15INPUTS_NH32_S01;2;6;Treino;2018-11-02 14:00;201811021400;550.0;531.0;528.7630882343334;-2.236911765666605;2.236911765666605;550.0
001_MUC_H02_CONTROLE_15INPUTS_NH32_S01;2;6;Treino;2018-11-02 15:00;201811021500;541.0;523.0;520.2339397082193;-2.766060291780718;2.766060291780718;541.0
001_MUC_H02_CONTROLE_15INPUTS_NH32_S01;2;6;Treino;2018-11-02 16:00;201811021600;531.0;515.0;509.84412278662643;-5.1558772133735715;5.1558772133735715;531.0
001_MUC_H02_CONTROLE_15INPUTS_NH32_S01;2;6;Treino;2018-11-02 17:00;201811021700;523.0;508.0;506.3397263297374;-1.6602736702625975;1.6602736702625975;523.0
001_MUC_H02_CONTROLE_15INPUTS_NH32_S01;2;6;Treino;2018-11-02 18:00;201811021800;515.0;499.0;498.96197775668554;-0.03802224331445814;0.03802224331445814;515.0
001_MUC_H02_CONTROLE_15INPUTS_NH32_S01;2;6;Treino;2018-11-02 19:00;201811021900;508.0;495.0;493.4329066813821;-1.5670933186178786;1.5670933186178786;508.0
001_MUC_H02_CONTROLE_15INPUTS_NH32_S01;2;7;Treino;2018-11-30 16:00;201811301600;380.0;408.0;381.22542494912625;-26.77457505087375;26.77457505087375;380.0
001_MUC_H02_CONTROLE_15INPUTS_NH32_S01;2;7;Treino;2018-11-30 17:00;201811301700;384.0;436.0;405.1769418427332;-30.823058157266814;30.823058157266814;384.0
001_MUC_H02_CONTROLE_15INPUTS_NH32_S01;2;7;Treino;2018-11-30 18:00;201811301800;408.0;457.0;457.3676352656644;0.36763526566437577;0.36763526566437577;408.0
001_MUC_H02_CONTROLE_15INPUTS_NH32_S01;2;7;Treino;2018-11-30 19:00;201811301900;436.0;483.0;469.8877857322401;-13.112214267759896;13.112214267759896;436.0
001_MUC_H02_CONTROLE_15INPUTS_NH32_S01;2;7;Treino;2018-11-30 20:00;201811302000;457.0;500.0;468.7161057211308;-31.283894278869184;31.283894278869184;457.0
001_MUC_H02_CONTROLE_15INPUTS_NH32_S01;2;7;Treino;2018-11-30 21:00;201811302100;483.0;505.0;502.16602499170745;-2.8339750082925548;2.8339750082925548;483.0
001_MUC_H02_CONTROLE_15INPUTS_NH32_S01;2;7;Treino;2018-11-30 22:00;201811302200;500.0;503.0;522.9902171665326;19.990217166532602;19.990217166532602;500.0
001_MUC_H02_CONTROLE_15INPUTS_NH32_S01;2;7;Treino;2018-11-30 23:00;201811302300;505.0;510.0;540.7902080900778;30.79020809007784;30.79020809007784;505.0
001_MUC_H02_CONTROLE_15INPUTS_NH32_S01;2;7;Treino;2018-12-01 00:00;201812010000;503.0;541.0;548.8572291639673;7.857229163967304;7.857229163967304;503.0
001_MUC_H02_CONTROLE_15INPUTS_NH32_S01;2;7;Treino;2018-12-01 01:00;201812010100;510.0;587.0;572.3654871890235;-14.634512810976503;14.634512810976503;510.0
001_MUC_H02_CONTROLE_15INPUTS_NH32_S01;2;7;Treino;2018-12-01 02:00;201812010200;541.0;630.0;623.7692574685519;-6.230742531448072;6.230742531448072;541.0
001_MUC_H02_CONTROLE_15INPUTS_NH32_S01;2;7;Treino;2018-12-01 03:00;201812010300;587.0;661.0;663.9011257760291;2.901125776029062;2.901125776029062;587.0
001_MUC_H02_CONTROLE_15INPUTS_NH32_S01;2;7;Treino;2018-12-01 04:00;201812010400;630.0;679.0;679.4469824692394;0.4469824692394013;0.4469824692394013;630.0
001_MUC_H02_CONTROLE_15INPUTS_NH32_S01;2;7;Treino;2018-12-01 05:00;201812010500;661.0;686.0;681.431094563695;-4.5689054363050445;4.5689054363050445;661.0
001_MUC_H02_CONTROLE_15INPUTS_NH32_S01;2;7;Treino;2018-12-01 06:00;201812010600;679.0;685.0;679.1035265649903;-5.896473435009739;5.896473435009739;679.0
001_MUC_H02_CONTROLE_15INPUTS_NH32_S01;2;7;Treino;2018-12-01 07:00;201812010700;686.0;679.0;672.6477423791858;-6.352257620814157;6.352257620814157;686.0
001_MUC_H02_CONTROLE_15INPUTS_NH32_S01;2;7;Treino;2018-12-01 08:00;201812010800;685.0;677.0;665.2057647869767;-11.794235213023285;11.794235213023285;685.0
001_MUC_H02_CONTROLE_15INPUTS_NH32_S01;2;7;Treino;2018-12-01 09:00;201812010900;679.0;665.0;658.9590680492905;-6.040931950709478;6.040931950709478;679.0
001_MUC_H02_CONTROLE_15INPUTS_NH32_S01;2;7;Treino;2018-12-01 10:00;201812011000;677.0;657.0;665.049600380079;8.049600380079028;8.049600380079028;677.0
001_MUC_H02_CONTROLE_15INPUTS_NH32_S01;2;7;Treino;2018-12-01 11:00;201812011100;665.0;650.0;645.0136404480232;-4.986359551976761;4.986359551976761;665.0
001_MUC_H02_CONTROLE_15INPUTS_NH32_S01;2;7;Treino;2018-12-01 12:00;201812011200;657.0;646.0;644.717384352775;-1.2826156472250432;1.2826156472250432;657.0
001_MUC_H02_CONTROLE_15INPUTS_NH32_S01;2;7;Treino;2018-12-01 13:00;201812011300;650.0;642.0;638.1345337149919;-3.8654662850080967;3.8654662850080967;650.0
001_MUC_H02_CONTROLE_15INPUTS_NH32_S01;2;7;Treino;2018-12-01 14:00;201812011400;646.0;631.0;635.719032235456;4.719032235455984;4.719032235455984;646.0
001_MUC_H02_CONTROLE_15INPUTS_NH32_S01;2;7;Treino;2018-12-01 15:00;201812011500;642.0;622.0;629.1678574712865;7.167857471286538;7.167857471286538;642.0
001_MUC_H02_CONTROLE_15INPUTS_NH32_S01;2;7;Treino;2018-12-01 16:00;201812011600;631.0;617.0;610.5552927545051;-6.444707245494897;6.444707245494897;631.0
001_MUC_H02_CONTROLE_15INPUTS_NH32_S01;2;7;Treino;2018-12-01 17:00;201812011700;622.0;606.0;603.5613891664256;-2.438610833574444;2.438610833574444;622.0
001_MUC_H02_CONTROLE_15INPUTS_NH32_S01;2;7;Treino;2018-12-01 18:00;201812011800;617.0;598.0;601.76965935926;3.769659359260004;3.769659359260004;617.0
001_MUC_H02_CONTROLE_15INPUTS_NH32_S01;2;7;Treino;2018-12-01 19:00;201812011900;606.0;592.0;584.7641238978638;-7.235876102136217;7.235876102136217;606.0
001_MUC_H02_CONTROLE_15INPUTS_NH32_S01;2;7;Treino;2018-12-01 20:00;201812012000;598.0;586.0;580.6960727642088;-5.303927235791207;5.303927235791207;598.0
001_MUC_H02_CONTROLE_15INPUTS_NH32_S01;2;7;Treino;2018-12-01 21:00;201812012100;592.0;580.0;577.0271347913023;-2.9728652086977263;2.9728652086977263;592.0
001_MUC_H02_CONTROLE_15INPUTS_NH32_S01;2;7;Treino;2018-12-01 22:00;201812012200;586.0;575.0;570.9361478582371;-4.063852141762936;4.063852141762936;586.0
001_MUC_H02_CONTROLE_15INPUTS_NH32_S01;2;7;Treino;2018-12-01 23:00;201812012300;580.0;570.0;564.712054102764;-5.287945897236;5.287945897236;580.0
001_MUC_H02_CONTROLE_15INPUTS_NH32_S01;2;7;Treino;2018-12-02 00:00;201812020000;575.0;567.0;560.4704207500272;-6.529579249972812;6.529579249972812;575.0
001_MUC_H02_CONTROLE_15INPUTS_NH32_S01;2;7;Treino;2018-12-02 01:00;201812020100;570.0;565.0;554.7484604410097;-10.251539558990316;10.251539558990316;570.0
001_MUC_H02_CONTROLE_15INPUTS_NH32_S01;2;7;Treino;2018-12-02 02:00;201812020200;567.0;563.0;553.295607059766;-9.704392940234015;9.704392940234015;567.0
001_MUC_H02_CONTROLE_15INPUTS_NH32_S01;2;7;Treino;2018-12-02 03:00;201812020300;565.0;557.0;550.2866146683563;-6.713385331643735;6.713385331643735;565.0
001_MUC_H02_CONTROLE_15INPUTS_NH32_S01;2;7;Treino;2018-12-02 04:00;201812020400;563.0;551.0;547.6160753164633;-3.3839246835367476;3.3839246835367476;563.0
001_MUC_H02_CONTROLE_15INPUTS_NH32_S01;2;7;Treino;2018-12-02 05:00;201812020500;557.0;547.0;537.7545900400422;-9.245409959957783;9.245409959957783;557.0
001_MUC_H02_CONTROLE_15INPUTS_NH32_S01;2;7;Treino;2018-12-02 06:00;201812020600;551.0;540.0;532.4595117190981;-7.5404882809018545;7.5404882809018545;551.0
001_MUC_H02_CONTROLE_15INPUTS_NH32_S01;2;7;Treino;2018-12-02 07:00;201812020700;547.0;534.0;531.6728252272867;-2.327174772713306;2.327174772713306;547.0
001_MUC_H02_CONTROLE_15INPUTS_NH32_S01;2;7;Treino;2018-12-02 08:00;201812020800;540.0;530.0;521.6848926512976;-8.31510734870244;8.31510734870244;540.0
001_MUC_H02_CONTROLE_15INPUTS_NH32_S01;2;7;Treino;2018-12-02 09:00;201812020900;534.0;520.0;516.5905143581211;-3.4094856418788595;3.4094856418788595;534.0
001_MUC_H02_CONTROLE_15INPUTS_NH32_S01;2;7;Treino;2018-12-02 10:00;201812021000;530.0;516.0;513.7665057594262;-2.2334942405738047;2.2334942405738047;530.0
001_MUC_H02_CONTROLE_15INPUTS_NH32_S01;2;7;Treino;2018-12-02 11:00;201812021100;520.0;508.0;497.9035268941446;-10.09647310585541;10.09647310585541;520.0
001_MUC_H02_CONTROLE_15INPUTS_NH32_S01;2;7;Treino;2018-12-02 12:00;201812021200;516.0;499.0;500.75528148756075;1.755281487560751;1.755281487560751;516.0
001_MUC_H02_CONTROLE_15INPUTS_NH32_S01;2;7;Treino;2018-12-02 13:00;201812021300;508.0;491.0;488.1228335443836;-2.8771664556164183;2.8771664556164183;508.0
001_MUC_H02_CONTROLE_15INPUTS_NH32_S01;2;11;Treino;2019-11-03 21:00;201911032100;398.0;391.0;388.9191922391641;-2.08080776083591;2.08080776083591;398.0
001_MUC_H02_CONTROLE_15INPUTS_NH32_S01;2;11;Treino;2019-11-03 23:00;201911032300;391.0;384.0;385.43475475962657;1.4347547596265713;1.4347547596265713;391.0
001_MUC_H02_CONTROLE_15INPUTS_NH32_S01;2;11;Treino;2019-11-04 01:00;201911040100;384.0;382.0;376.154747489969;-5.845252510031003;5.845252510031003;384.0
001_MUC_H02_CONTROLE_15INPUTS_NH32_S01;2;11;Treino;2019-11-04 02:00;201911040200;383.0;380.0;376.9125908773406;-3.0874091226593805;3.0874091226593805;383.0
001_MUC_H02_CONTROLE_15INPUTS_NH32_S01;2;11;Treino;2019-11-04 03:00;201911040300;382.0;377.0;375.00229241876247;-1.9977075812375347;1.9977075812375347;382.0
001_MUC_H02_CONTROLE_15INPUTS_NH32_S01;2;11;Treino;2019-11-04 04:00;201911040400;380.0;377.0;371.7827618475418;-5.217238152458208;5.217238152458208;380.0
001_MUC_H02_CONTROLE_15INPUTS_NH32_S01;2;11;Treino;2019-11-04 05:00;201911040500;377.0;374.0;367.09219912590726;-6.907800874092743;6.907800874092743;377.0
001_MUC_H02_CONTROLE_15INPUTS_NH32_S01;2;11;Treino;2019-11-04 06:00;201911040600;377.0;375.0;370.9613568408229;-4.038643159177127;4.038643159177127;377.0
001_MUC_H02_CONTROLE_15INPUTS_NH32_S01;2;11;Treino;2019-11-04 07:00;201911040700;374.0;374.0;364.5210416748832;-9.478958325116821;9.478958325116821;374.0
001_MUC_H02_CONTROLE_15INPUTS_NH32_S01;2;11;Treino;2019-11-04 08:00;201911040800;375.0;373.0;369.3258454338727;-3.6741545661272994;3.6741545661272994;375.0
001_MUC_H02_CONTROLE_15INPUTS_NH32_S01;2;11;Treino;2019-11-04 09:00;201911040900;374.0;372.0;366.17875693611006;-5.821243063889938;5.821243063889938;374.0
001_MUC_H02_CONTROLE_15INPUTS_NH32_S01;2;11;Treino;2019-11-04 10:00;201911041000;373.0;371.0;366.26948473400995;-4.73051526599005;4.73051526599005;373.0
001_MUC_H02_CONTROLE_15INPUTS_NH32_S01;2;11;Treino;2019-11-04 11:00;201911041100;372.0;370.0;365.4775354947998;-4.522464505200219;4.522464505200219;372.0
001_MUC_H02_CONTROLE_15INPUTS_NH32_S01;2;11;Treino;2019-11-04 12:00;201911041200;371.0;373.0;365.10181695892254;-7.898183041077459;7.898183041077459;371.0
001_MUC_H02_CONTROLE_15INPUTS_NH32_S01;2;11;Treino;2019-11-04 13:00;201911041300;370.0;377.0;363.9610958559235;-13.038904144076525;13.038904144076525;370.0
001_MUC_H02_CONTROLE_15INPUTS_NH32_S01;2;11;Treino;2019-11-04 15:00;201911041500;377.0;383.0;377.00762887620846;-5.992371123791543;5.992371123791543;377.0
001_MUC_H02_CONTROLE_15INPUTS_NH32_S01;2;11;Treino;2019-11-04 17:00;201911041700;383.0;395.0;386.8979303162853;-8.102069683714717;8.102069683714717;383.0
001_MUC_H02_CONTROLE_15INPUTS_NH32_S01;2;11;Treino;2019-11-04 18:00;201911041800;387.0;405.0;402.2380223199036;-2.761977680096379;2.761977680096379;387.0
001_MUC_H02_CONTROLE_15INPUTS_NH32_S01;2;11;Treino;2019-11-04 19:00;201911041900;395.0;421.0;432.92078306460996;11.920783064609964;11.920783064609964;395.0
001_MUC_H02_CONTROLE_15INPUTS_NH32_S01;2;11;Treino;2019-11-04 20:00;201911042000;405.0;469.0;459.9547418372395;-9.04525816276049;9.04525816276049;405.0
001_MUC_H02_CONTROLE_15INPUTS_NH32_S01;2;11;Treino;2019-11-04 21:00;201911042100;421.0;532.0;489.4370876806913;-42.56291231930868;42.56291231930868;421.0
001_MUC_H02_CONTROLE_15INPUTS_NH32_S01;2;11;Treino;2019-11-04 22:00;201911042200;469.0;600.0;585.0594286602295;-14.940571339770486;14.940571339770486;469.0
001_MUC_H02_CONTROLE_15INPUTS_NH32_S01;2;11;Treino;2019-11-04 23:00;201911042300;532.0;667.0;662.0825158037976;-4.917484196202395;4.917484196202395;532.0
001_MUC_H02_CONTROLE_15INPUTS_NH32_S01;2;11;Treino;2019-11-05 00:00;201911050000;600.0;736.0;726.5226773137088;-9.477322686291245;9.477322686291245;600.0
001_MUC_H02_CONTROLE_15INPUTS_NH32_S01;2;11;Treino;2019-11-05 01:00;201911050100;667.0;806.0;787.4530230297098;-18.54697697029019;18.54697697029019;667.0
001_MUC_H02_CONTROLE_15INPUTS_NH32_S01;2;11;Treino;2019-11-05 02:00;201911050200;736.0;890.0;897.7548270976885;7.754827097688462;7.754827097688462;736.0
001_MUC_H02_CONTROLE_15INPUTS_NH32_S01;2;11;Treino;2019-11-05 03:00;201911050300;806.0;997.0;1013.8092653277681;16.809265327768117;16.809265327768117;806.0
001_MUC_H02_CONTROLE_15INPUTS_NH32_S01;2;11;Treino;2019-11-05 04:00;201911050400;890.0;1120.0;1109.9270882125184;-10.072911787481644;10.072911787481644;890.0
001_MUC_H02_CONTROLE_15INPUTS_NH32_S01;2;11;Treino;2019-11-05 05:00;201911050500;997.0;1236.0;1217.6314814600084;-18.368518539991555;18.368518539991555;997.0
001_MUC_H02_CONTROLE_15INPUTS_NH32_S01;2;11;Treino;2019-11-05 06:00;201911050600;1120.0;1323.0;1341.2084014644597;18.208401464459712;18.208401464459712;1120.0
001_MUC_H02_CONTROLE_15INPUTS_NH32_S01;2;11;Treino;2019-11-06 22:00;201911062200;816.0;786.0;779.8476187831245;-6.152381216875483;6.152381216875483;816.0
001_MUC_H02_CONTROLE_15INPUTS_NH32_S01;2;11;Treino;2019-11-06 23:00;201911062300;808.0;767.0;771.3476388022286;4.34763880222863;4.34763880222863;808.0
001_MUC_H02_CONTROLE_15INPUTS_NH32_S01;2;11;Treino;2019-11-07 00:00;201911070000;786.0;748.0;740.0982997700642;-7.901700229935841;7.901700229935841;786.0
001_MUC_H02_CONTROLE_15INPUTS_NH32_S01;2;11;Treino;2019-11-07 01:00;201911070100;767.0;729.0;728.6633332950968;-0.33666670490322304;0.33666670490322304;767.0
001_MUC_H02_CONTROLE_15INPUTS_NH32_S01;2;11;Treino;2019-11-07 02:00;201911070200;748.0;712.0;710.0485306650233;-1.9514693349766503;1.9514693349766503;748.0
001_MUC_H02_CONTROLE_15INPUTS_NH32_S01;2;11;Treino;2019-11-07 03:00;201911070300;729.0;696.0;688.2411532586573;-7.7588467413427225;7.7588467413427225;729.0
001_MUC_H02_CONTROLE_15INPUTS_NH32_S01;2;11;Treino;2019-11-07 04:00;201911070400;712.0;674.0;675.1490708946758;1.1490708946757877;1.1490708946757877;712.0
001_MUC_H02_CONTROLE_15INPUTS_NH32_S01;2;11;Treino;2019-11-07 05:00;201911070500;696.0;652.0;667.2552383156502;15.255238315650217;15.255238315650217;696.0
001_MUC_H02_CONTROLE_15INPUTS_NH32_S01;2;11;Treino;2019-11-07 06:00;201911070600;674.0;639.0;644.5537618388477;5.553761838847663;5.553761838847663;674.0
001_MUC_H02_CONTROLE_15INPUTS_NH32_S01;2;11;Treino;2019-11-07 07:00;201911070700;652.0;637.0;626.1324960435498;-10.86750395645015;10.86750395645015;652.0
001_MUC_H02_CONTROLE_15INPUTS_NH32_S01;2;11;Treino;2019-11-07 08:00;201911070800;639.0;636.0;623.8996692080573;-12.100330791942724;12.100330791942724;639.0
001_MUC_H02_CONTROLE_15INPUTS_NH32_S01;2;11;Treino;2019-11-07 09:00;201911070900;637.0;640.0;630.0907116211936;-9.909288378806423;9.909288378806423;637.0
001_MUC_H02_CONTROLE_15INPUTS_NH32_S01;2;11;Treino;2019-11-07 10:00;201911071000;636.0;636.0;627.7642681453974;-8.23573185460259;8.23573185460259;636.0
001_MUC_H02_CONTROLE_15INPUTS_NH32_S01;2;11;Treino;2019-11-07 11:00;201911071100;640.0;636.0;635.151000664428;-0.8489993355719889;0.8489993355719889;640.0
001_MUC_H02_CONTROLE_15INPUTS_NH32_S01;2;11;Treino;2019-11-07 12:00;201911071200;636.0;634.0;621.404756653684;-12.59524334631601;12.59524334631601;636.0
001_MUC_H02_CONTROLE_15INPUTS_NH32_S01;2;11;Treino;2019-11-07 13:00;201911071300;636.0;632.0;633.5939630949553;1.5939630949552566;1.5939630949552566;636.0
001_MUC_H02_CONTROLE_15INPUTS_NH32_S01;2;11;Treino;2019-11-07 14:00;201911071400;634.0;637.0;632.9419867306924;-4.058013269307594;4.058013269307594;634.0
001_MUC_H02_CONTROLE_15INPUTS_NH32_S01;2;11;Treino;2019-11-07 15:00;201911071500;632.0;641.0;630.3500131899823;-10.649986810017708;10.649986810017708;632.0
001_MUC_H02_CONTROLE_15INPUTS_NH32_S01;2;11;Treino;2019-11-07 16:00;201911071600;637.0;652.0;643.4644937688124;-8.535506231187583;8.535506231187583;637.0
001_MUC_H02_CONTROLE_15INPUTS_NH32_S01;2;11;Treino;2019-11-07 17:00;201911071700;641.0;666.0;644.0414964408833;-21.958503559116707;21.958503559116707;641.0
001_MUC_H02_CONTROLE_15INPUTS_NH32_S01;2;11;Treino;2019-11-07 18:00;201911071800;652.0;685.0;664.9934109435101;-20.00658905648993;20.00658905648993;652.0
001_MUC_H02_CONTROLE_15INPUTS_NH32_S01;2;11;Treino;2019-11-07 19:00;201911071900;666.0;708.0;683.4653051026022;-24.5346948973978;24.5346948973978;666.0
001_MUC_H02_CONTROLE_15INPUTS_NH32_S01;2;11;Treino;2019-11-07 20:00;201911072000;685.0;731.0;710.3361909605565;-20.66380903944355;20.66380903944355;685.0
001_MUC_H02_CONTROLE_15INPUTS_NH32_S01;2;11;Treino;2019-11-07 21:00;201911072100;708.0;747.0;734.6433765333854;-12.356623466614565;12.356623466614565;708.0
001_MUC_H02_CONTROLE_15INPUTS_NH32_S01;2;11;Treino;2019-11-07 22:00;201911072200;731.0;758.0;756.3533659506652;-1.646634049334807;1.646634049334807;731.0
001_MUC_H02_CONTROLE_15INPUTS_NH32_S01;2;11;Treino;2019-11-07 23:00;201911072300;747.0;767.0;764.8611276510239;-2.138872348976065;2.138872348976065;747.0
001_MUC_H02_CONTROLE_15INPUTS_NH32_S01;2;11;Treino;2019-11-08 00:00;201911080000;758.0;778.0;772.8657222857573;-5.134277714242671;5.134277714242671;758.0
001_MUC_H02_CONTROLE_15INPUTS_NH32_S01;2;11;Treino;2019-11-08 01:00;201911080100;767.0;792.0;782.6149523621317;-9.385047637868297;9.385047637868297;767.0
001_MUC_H02_CONTROLE_15INPUTS_NH32_S01;2;11;Treino;2019-11-08 02:00;201911080200;778.0;803.0;797.8972445123533;-5.102755487646732;5.102755487646732;778.0
001_MUC_H02_CONTROLE_15INPUTS_NH32_S01;2;11;Treino;2019-11-08 03:00;201911080300;792.0;814.0;815.7983909736686;1.7983909736685746;1.7983909736685746;792.0
001_MUC_H02_CONTROLE_15INPUTS_NH32_S01;2;11;Treino;2019-11-08 04:00;201911080400;803.0;825.0;820.4728905645286;-4.527109435471402;4.527109435471402;803.0
001_MUC_H02_CONTROLE_15INPUTS_NH32_S01;2;11;Treino;2019-11-08 05:00;201911080500;814.0;835.0;830.9876753427326;-4.012324657267413;4.012324657267413;814.0
001_MUC_H02_CONTROLE_15INPUTS_NH32_S01;2;11;Treino;2019-11-08 06:00;201911080600;825.0;844.0;838.7453656727151;-5.254634327284862;5.254634327284862;825.0
001_MUC_H02_CONTROLE_15INPUTS_NH32_S01;2;11;Treino;2019-11-08 07:00;201911080700;835.0;847.0;842.9216384088934;-4.078361591106614;4.078361591106614;835.0
001_MUC_H02_CONTROLE_15INPUTS_NH32_S01;2;11;Treino;2019-11-08 08:00;201911080800;844.0;848.0;846.5459914315159;-1.4540085684841415;1.4540085684841415;844.0
001_MUC_H02_CONTROLE_15INPUTS_NH32_S01;2;11;Treino;2019-11-08 09:00;201911080900;847.0;848.0;839.448105239539;-8.551894760460982;8.551894760460982;847.0
001_MUC_H02_CONTROLE_15INPUTS_NH32_S01;2;11;Treino;2019-11-08 10:00;201911081000;848.0;841.0;835.2633838096338;-5.736616190366249;5.736616190366249;848.0
001_MUC_H02_CONTROLE_15INPUTS_NH32_S01;2;11;Treino;2019-11-08 11:00;201911081100;848.0;832.0;832.3765072093797;0.3765072093797244;0.3765072093797244;848.0
001_MUC_H02_CONTROLE_15INPUTS_NH32_S01;2;11;Treino;2019-11-08 12:00;201911081200;841.0;822.0;817.2781608663261;-4.721839133673939;4.721839133673939;841.0
001_MUC_H02_CONTROLE_15INPUTS_NH32_S01;2;11;Treino;2019-11-08 13:00;201911081300;832.0;812.0;807.4891754655947;-4.5108245344052875;4.5108245344052875;832.0
001_MUC_H02_CONTROLE_15INPUTS_NH32_S01;2;11;Treino;2019-11-08 14:00;201911081400;822.0;800.0;791.8056996783603;-8.19430032163973;8.19430032163973;822.0
001_MUC_H02_CONTROLE_15INPUTS_NH32_S01;2;11;Treino;2019-11-08 15:00;201911081500;812.0;778.0;781.4065992966661;3.4065992966660588;3.4065992966660588;812.0
001_MUC_H02_CONTROLE_15INPUTS_NH32_S01;2;11;Treino;2019-11-08 16:00;201911081600;800.0;767.0;777.0821425611239;10.082142561123874;10.082142561123874;800.0
001_MUC_H02_CONTROLE_15INPUTS_NH32_S01;2;11;Treino;2019-11-08 17:00;201911081700;778.0;760.0;751.998024267564;-8.001975732435994;8.001975732435994;778.0
001_MUC_H02_CONTROLE_15INPUTS_NH32_S01;2;11;Treino;2019-11-08 18:00;201911081800;767.0;754.0;750.589665380137;-3.410334619862965;3.410334619862965;767.0
001_MUC_H02_CONTROLE_15INPUTS_NH32_S01;2;11;Treino;2019-11-08 19:00;201911081900;760.0;745.0;742.2460775229106;-2.753922477089418;2.753922477089418;760.0
001_MUC_H02_CONTROLE_15INPUTS_NH32_S01;2;11;Treino;2019-11-08 20:00;201911082000;754.0;737.0;734.1647929886534;-2.835207011346597;2.835207011346597;754.0
001_MUC_H02_CONTROLE_15INPUTS_NH32_S01;2;11;Treino;2019-11-08 21:00;201911082100;745.0;726.0;718.596174495037;-7.403825504963038;7.403825504963038;745.0
001_MUC_H02_CONTROLE_15INPUTS_NH32_S01;2;11;Treino;2019-11-08 22:00;201911082200;737.0;715.0;710.286032248049;-4.7139677519510315;4.7139677519510315;737.0
001_MUC_H02_CONTROLE_15INPUTS_NH32_S01;2;11;Treino;2019-11-08 23:00;201911082300;726.0;703.0;696.598931397351;-6.4010686026490475;6.4010686026490475;726.0
001_MUC_H02_CONTROLE_15INPUTS_NH32_S01;2;11;Treino;2019-11-09 00:00;201911090000;715.0;693.0;688.595234802571;-4.404765197429015;4.404765197429015;715.0
001_MUC_H02_CONTROLE_15INPUTS_NH32_S01;2;11;Treino;2019-11-09 01:00;201911090100;703.0;681.0;677.1232214891471;-3.876778510852887;3.876778510852887;703.0
001_MUC_H02_CONTROLE_15INPUTS_NH32_S01;2;11;Treino;2019-11-09 02:00;201911090200;693.0;670.0;669.4469629890953;-0.5530370109047453;0.5530370109047453;693.0
001_MUC_H02_CONTROLE_15INPUTS_NH32_S01;2;11;Treino;2019-11-09 03:00;201911090300;681.0;664.0;655.431577399255;-8.568422600744952;8.568422600744952;681.0
001_MUC_H02_CONTROLE_15INPUTS_NH32_S01;2;11;Treino;2019-11-09 04:00;201911090400;670.0;655.0;645.8869865040745;-9.113013495925543;9.113013495925543;670.0
001_MUC_H02_CONTROLE_15INPUTS_NH32_S01;2;11;Treino;2019-11-09 05:00;201911090500;664.0;649.0;645.7570672563779;-3.2429327436220774;3.2429327436220774;664.0
001_MUC_H02_CONTROLE_15INPUTS_NH32_S01;2;11;Treino;2019-11-09 06:00;201911090600;655.0;638.0;632.591758853323;-5.408241146677028;5.408241146677028;655.0
001_MUC_H02_CONTROLE_15INPUTS_NH32_S01;2;11;Treino;2019-11-09 07:00;201911090700;649.0;630.0;629.627755797218;-0.3722442027819852;0.3722442027819852;649.0
001_MUC_H02_CONTROLE_15INPUTS_NH32_S01;2;11;Treino;2019-11-09 08:00;201911090800;638.0;622.0;612.7208029838537;-9.279197016146327;9.279197016146327;638.0
001_MUC_H02_CONTROLE_15INPUTS_NH32_S01;2;11;Treino;2019-11-09 09:00;201911090900;630.0;613.0;607.4096323828431;-5.590367617156858;5.590367617156858;630.0
001_MUC_H02_CONTROLE_15INPUTS_NH32_S01;2;11;Treino;2019-11-09 10:00;201911091000;622.0;605.0;600.1968096739945;-4.803190326005506;4.803190326005506;622.0
001_MUC_H02_CONTROLE_15INPUTS_NH32_S01;2;11;Treino;2019-11-09 11:00;201911091100;613.0;594.0;591.4653751995188;-2.534624800481197;2.534624800481197;613.0
001_MUC_H02_CONTROLE_15INPUTS_NH32_S01;2;11;Treino;2019-11-09 12:00;201911091200;605.0;586.0;583.3571274727542;-2.6428725272457996;2.6428725272457996;605.0
001_MUC_H02_CONTROLE_15INPUTS_NH32_S01;2;11;Treino;2019-11-09 13:00;201911091300;594.0;577.0;570.3184832498287;-6.68151675017134;6.68151675017134;594.0
001_MUC_H02_CONTROLE_15INPUTS_NH32_S01;2;11;Treino;2019-11-09 14:00;201911091400;586.0;567.0;567.3129878901832;0.3129878901831944;0.3129878901831944;586.0
001_MUC_H02_CONTROLE_15INPUTS_NH32_S01;2;11;Treino;2019-11-09 15:00;201911091500;577.0;560.0;557.9077249876057;-2.0922750123943388;2.0922750123943388;577.0
001_MUC_H02_CONTROLE_15INPUTS_NH32_S01;2;11;Treino;2019-11-09 16:00;201911091600;567.0;555.0;548.4148308135831;-6.58516918641692;6.58516918641692;567.0
001_MUC_H02_CONTROLE_15INPUTS_NH32_S01;2;11;Treino;2019-11-09 17:00;201911091700;560.0;553.0;543.9054869911782;-9.094513008821764;9.094513008821764;560.0
001_MUC_H02_CONTROLE_15INPUTS_NH32_S01;2;11;Treino;2019-11-09 18:00;201911091800;555.0;548.0;539.2653130787286;-8.734686921271418;8.734686921271418;555.0
001_MUC_H02_CONTROLE_15INPUTS_NH32_S01;2;11;Treino;2019-11-09 19:00;201911091900;553.0;542.0;539.870473491394;-2.129526508605977;2.129526508605977;553.0
001_MUC_H02_CONTROLE_15INPUTS_NH32_S01;2;11;Treino;2019-11-09 20:00;201911092000;548.0;535.0;530.6777843494036;-4.322215650596377;4.322215650596377;548.0
001_MUC_H02_CONTROLE_15INPUTS_NH32_S01;2;11;Treino;2019-11-09 21:00;201911092100;542.0;527.0;523.5957162044006;-3.40428379559944;3.40428379559944;542.0
001_MUC_H02_CONTROLE_15INPUTS_NH32_S01;2;11;Treino;2019-11-09 22:00;201911092200;535.0;521.0;516.0555969175118;-4.944403082488179;4.944403082488179;535.0
001_MUC_H02_CONTROLE_15INPUTS_NH32_S01;2;11;Treino;2019-11-09 23:00;201911092300;527.0;514.0;507.9783270096109;-6.021672990389106;6.021672990389106;527.0
001_MUC_H02_CONTROLE_15INPUTS_NH32_S01;2;11;Treino;2019-11-10 00:00;201911100000;521.0;506.0;504.1030335459253;-1.8969664540746862;1.8969664540746862;521.0
001_MUC_H02_CONTROLE_15INPUTS_NH32_S01;2;11;Treino;2019-11-10 01:00;201911100100;514.0;502.0;496.1500685839257;-5.849931416074298;5.849931416074298;514.0
001_MUC_H02_CONTROLE_15INPUTS_NH32_S01;2;11;Treino;2019-11-10 02:00;201911100200;506.0;494.0;488.1106345333129;-5.889365466687082;5.889365466687082;506.0
001_MUC_H02_CONTROLE_15INPUTS_NH32_S01;2;11;Treino;2019-11-10 03:00;201911100300;502.0;490.0;489.15444628146275;-0.8455537185372464;0.8455537185372464;502.0
001_MUC_H02_CONTROLE_15INPUTS_NH32_S01;2;12;Treino;2020-07-07 07:00;202007070700;696.0;679.0;675.5416693551956;-3.4583306448043913;3.4583306448043913;696.0
001_MUC_H02_CONTROLE_15INPUTS_NH32_S01;2;12;Treino;2020-07-07 08:00;202007070800;687.0;673.0;665.0100442209341;-7.989955779065895;7.989955779065895;687.0
001_MUC_H02_CONTROLE_15INPUTS_NH32_S01;2;12;Treino;2020-07-07 09:00;202007070900;679.0;669.0;657.3876727335888;-11.612327266411171;11.612327266411171;679.0
001_MUC_H02_CONTROLE_15INPUTS_NH32_S01;2;12;Treino;2020-07-07 10:00;202007071000;673.0;669.0;653.1878089492512;-15.812191050748766;15.812191050748766;673.0
001_MUC_H02_CONTROLE_15INPUTS_NH32_S01;2;12;Treino;2020-07-07 11:00;202007071100;669.0;668.0;652.2133131964176;-15.78668680358237;15.78668680358237;669.0
001_MUC_H02_CONTROLE_15INPUTS_NH32_S01;2;12;Treino;2020-07-07 12:00;202007071200;669.0;672.0;658.8428679030251;-13.15713209697492;13.15713209697492;669.0
001_MUC_H02_CONTROLE_15INPUTS_NH32_S01;2;12;Treino;2020-07-07 13:00;202007071300;668.0;680.0;659.7023729310029;-20.297627068997144;20.297627068997144;668.0
001_MUC_H02_CONTROLE_15INPUTS_NH32_S01;2;12;Treino;2020-07-07 14:00;202007071400;672.0;699.0;674.9489546103421;-24.05104538965793;24.05104538965793;672.0
001_MUC_H02_CONTROLE_15INPUTS_NH32_S01;2;12;Treino;2020-07-07 15:00;202007071500;680.0;730.0;698.2013643293994;-31.79863567060056;31.79863567060056;680.0
001_MUC_H02_CONTROLE_15INPUTS_NH32_S01;2;12;Treino;2020-07-07 16:00;202007071600;699.0;786.0;745.3616272821048;-40.63837271789521;40.63837271789521;699.0
001_MUC_H02_CONTROLE_15INPUTS_NH32_S01;2;12;Treino;2020-07-07 17:00;202007071700;730.0;875.0;819.1910272422017;-55.8089727577983;55.8089727577983;730.0
001_MUC_H02_CONTROLE_15INPUTS_NH32_S01;2;12;Treino;2020-07-07 18:00;202007071800;786.0;991.0;946.0589472025639;-44.9410527974361;44.9410527974361;786.0
001_MUC_H02_CONTROLE_15INPUTS_NH32_S01;2;12;Treino;2020-07-07 19:00;202007071900;875.0;1121.0;1085.0593463504997;-35.94065364950029;35.94065364950029;875.0
001_MUC_H02_CONTROLE_15INPUTS_NH32_S01;2;12;Treino;2020-07-07 20:00;202007072000;991.0;1262.0;1236.3247756484404;-25.675224351559564;25.675224351559564;991.0
001_MUC_H02_CONTROLE_15INPUTS_NH32_S01;2;12;Treino;2020-07-07 21:00;202007072100;1121.0;1383.0;1366.5766342771267;-16.423365722873314;16.423365722873314;1121.0
001_MUC_H02_CONTROLE_15INPUTS_NH32_S01;2;12;Treino;2020-07-07 22:00;202007072200;1262.0;1500.0;1486.2865558386422;-13.713444161357756;13.713444161357756;1262.0
001_MUC_H02_CONTROLE_15INPUTS_NH32_S01;2;12;Treino;2020-07-07 23:00;202007072300;1383.0;1607.0;1558.4077717623154;-48.592228237684594;48.592228237684594;1383.0
001_MUC_H02_CONTROLE_15INPUTS_NH32_S01;2;12;Treino;2020-07-08 00:00;202007080000;1500.0;1697.0;1671.4540043993088;-25.545995600691185;25.545995600691185;1500.0
001_MUC_H02_CONTROLE_15INPUTS_NH32_S01;2;12;Treino;2020-07-08 02:00;202007080200;1697.0;1846.0;1840.1583249641544;-5.841675035845583;5.841675035845583;1697.0
001_MUC_H02_CONTROLE_15INPUTS_NH32_S01;2;12;Treino;2020-07-08 08:00;202007080800;2051.0;2117.0;2088.7038784270735;-28.296121572926495;28.296121572926495;2051.0
001_MUC_H02_CONTROLE_15INPUTS_NH32_S01;2;12;Treino;2020-07-08 10:00;202007081000;2117.0;2136.0;2145.9442152621864;9.94421526218639;9.94421526218639;2117.0
001_MUC_H02_CONTROLE_15INPUTS_NH32_S01;2;12;Treino;2020-07-08 12:00;202007081200;2136.0;2179.0;2144.710366044804;-34.28963395519622;34.28963395519622;2136.0
001_MUC_H02_CONTROLE_15INPUTS_NH32_S01;2;12;Treino;2020-07-08 14:00;202007081400;2179.0;2182.0;2171.8385991605446;-10.161400839455382;10.161400839455382;2179.0
001_MUC_H02_CONTROLE_15INPUTS_NH32_S01;2;12;Treino;2020-07-08 16:00;202007081600;2182.0;2197.0;2153.757940901025;-43.242059098975005;43.242059098975005;2182.0
001_MUC_H02_CONTROLE_15INPUTS_NH32_S01;2;12;Treino;2020-07-08 18:00;202007081800;2197.0;2198.0;2177.2706839316256;-20.729316068374374;20.729316068374374;2197.0
001_MUC_H02_CONTROLE_15INPUTS_NH32_S01;2;12;Treino;2020-07-08 20:00;202007082000;2198.0;2164.0;2148.0338508323625;-15.966149167637468;15.966149167637468;2198.0
001_MUC_H02_CONTROLE_15INPUTS_NH32_S01;2;12;Treino;2020-07-08 22:00;202007082200;2164.0;2102.0;2104.585615788684;2.5856157886842084;2.5856157886842084;2164.0
001_MUC_H02_CONTROLE_15INPUTS_NH32_S01;2;12;Treino;2020-07-08 23:00;202007082300;2135.0;2064.0;2073.3819547408107;9.38195474081067;9.38195474081067;2135.0
001_MUC_H02_CONTROLE_15INPUTS_NH32_S01;2;12;Treino;2020-07-09 00:00;202007090000;2102.0;2026.0;2036.294056882703;10.29405688270299;10.29405688270299;2102.0
001_MUC_H02_CONTROLE_15INPUTS_NH32_S01;2;12;Treino;2020-07-09 01:00;202007090100;2064.0;1980.0;1986.7511229580336;6.751122958033648;6.751122958033648;2064.0
001_MUC_H02_CONTROLE_15INPUTS_NH32_S01;2;12;Treino;2020-07-09 02:00;202007090200;2026.0;1935.0;1946.6782956602608;11.678295660260801;11.678295660260801;2026.0
001_MUC_H02_CONTROLE_15INPUTS_NH32_S01;2;12;Treino;2020-07-09 04:00;202007090400;1935.0;1840.0;1854.5182231281728;14.518223128172849;14.518223128172849;1935.0
001_MUC_H02_CONTROLE_15INPUTS_NH32_S01;2;12;Treino;2020-07-09 06:00;202007090600;1840.0;1731.0;1767.0887831632074;36.08878316320738;36.08878316320738;1840.0
001_MUC_H02_CONTROLE_15INPUTS_NH32_S01;2;12;Treino;2020-07-09 07:00;202007090700;1787.0;1681.0;1707.8516794717523;26.851679471752277;26.851679471752277;1787.0
001_MUC_H02_CONTROLE_15INPUTS_NH32_S01;2;12;Treino;2020-07-09 08:00;202007090800;1731.0;1637.0;1650.99648439652;13.996484396519918;13.996484396519918;1731.0
001_MUC_H02_CONTROLE_15INPUTS_NH32_S01;2;12;Treino;2020-07-09 09:00;202007090900;1681.0;1587.0;1603.0578308524266;16.057830852426605;16.057830852426605;1681.0
001_MUC_H02_CONTROLE_15INPUTS_NH32_S01;2;12;Treino;2020-07-09 10:00;202007091000;1637.0;1536.0;1566.4079431287953;30.407943128795296;30.407943128795296;1637.0
001_MUC_H02_CONTROLE_15INPUTS_NH32_S01;2;12;Treino;2020-07-09 11:00;202007091100;1587.0;1495.0;1513.7117022561922;18.71170225619221;18.71170225619221;1587.0
001_MUC_H02_CONTROLE_15INPUTS_NH32_S01;2;12;Treino;2020-07-09 12:00;202007091200;1536.0;1451.0;1460.3233234223012;9.3233234223012;9.3233234223012;1536.0
001_MUC_H02_CONTROLE_15INPUTS_NH32_S01;2;12;Treino;2020-07-09 13:00;202007091300;1495.0;1408.0;1421.6276577192953;13.627657719295257;13.627657719295257;1495.0
001_MUC_H02_CONTROLE_15INPUTS_NH32_S01;2;12;Treino;2020-07-09 14:00;202007091400;1451.0;1365.0;1374.7890421490442;9.789042149044235;9.789042149044235;1451.0
001_MUC_H02_CONTROLE_15INPUTS_NH32_S01;2;12;Treino;2020-07-09 15:00;202007091500;1408.0;1324.0;1378.091906090499;54.091906090498924;54.091906090498924;1408.0
001_MUC_H02_CONTROLE_15INPUTS_NH32_S01;2;12;Treino;2020-07-09 16:00;202007091600;1365.0;1282.0;1286.4162991899361;4.416299189936126;4.416299189936126;1365.0
001_MUC_H02_CONTROLE_15INPUTS_NH32_S01;2;12;Treino;2020-07-09 17:00;202007091700;1324.0;1249.0;1239.0960848983323;-9.903915101667735;9.903915101667735;1324.0
001_MUC_H02_CONTROLE_15INPUTS_NH32_S01;2;12;Treino;2020-07-09 18:00;202007091800;1282.0;1208.0;1212.1162653779159;4.116265377915852;4.116265377915852;1282.0
001_MUC_H02_CONTROLE_15INPUTS_NH32_S01;2;12;Treino;2020-07-09 19:00;202007091900;1249.0;1175.0;1175.5684967041311;0.5684967041311211;0.5684967041311211;1249.0
001_MUC_H02_CONTROLE_15INPUTS_NH32_S01;2;12;Treino;2020-07-09 20:00;202007092000;1208.0;1141.0;1142.6786374319558;1.678637431955849;1.678637431955849;1208.0
001_MUC_H02_CONTROLE_15INPUTS_NH32_S01;2;12;Treino;2020-07-09 21:00;202007092100;1175.0;1116.0;1116.2227416019018;0.22274160190181647;0.22274160190181647;1175.0
001_MUC_H02_CONTROLE_15INPUTS_NH32_S01;2;12;Treino;2020-07-09 22:00;202007092200;1141.0;1087.0;1081.2656992781683;-5.734300721831687;5.734300721831687;1141.0
001_MUC_H02_CONTROLE_15INPUTS_NH32_S01;2;12;Treino;2020-07-09 23:00;202007092300;1116.0;1059.0;1063.1361793480537;4.136179348053702;4.136179348053702;1116.0
001_MUC_H02_CONTROLE_15INPUTS_NH32_S01;2;12;Treino;2020-07-10 00:00;202007100000;1087.0;1028.0;1028.8825607899864;0.8825607899864281;0.8825607899864281;1087.0
001_MUC_H02_CONTROLE_15INPUTS_NH32_S01;2;12;Treino;2020-07-10 01:00;202007100100;1059.0;998.0;1003.0568920029186;5.05689200291863;5.05689200291863;1059.0
001_MUC_H02_CONTROLE_15INPUTS_NH32_S01;2;12;Treino;2020-07-10 02:00;202007100200;1028.0;980.0;978.4314536925301;-1.5685463074698873;1.5685463074698873;1028.0
001_MUC_H02_CONTROLE_15INPUTS_NH32_S01;2;12;Treino;2020-07-10 03:00;202007100300;998.0;960.0;957.3448427180399;-2.6551572819601006;2.6551572819601006;998.0
001_MUC_H02_CONTROLE_15INPUTS_NH32_S01;2;12;Treino;2020-07-10 04:00;202007100400;980.0;944.0;938.2504934918829;-5.749506508117065;5.749506508117065;980.0
001_MUC_H02_CONTROLE_15INPUTS_NH32_S01;2;12;Treino;2020-07-10 05:00;202007100500;960.0;915.0;911.9311155616866;-3.0688844383133755;3.0688844383133755;960.0
001_MUC_H02_CONTROLE_15INPUTS_NH32_S01;2;12;Treino;2020-07-10 06:00;202007100600;944.0;886.0;897.3066599276725;11.306659927672513;11.306659927672513;944.0
001_MUC_H02_CONTROLE_15INPUTS_NH32_S01;2;12;Treino;2020-07-10 07:00;202007100700;915.0;861.0;856.7283970974561;-4.271602902543918;4.271602902543918;915.0
001_MUC_H02_CONTROLE_15INPUTS_NH32_S01;2;12;Treino;2020-07-10 08:00;202007100800;886.0;837.0;838.8567237060533;1.8567237060533444;1.8567237060533444;886.0
001_MUC_H02_CONTROLE_15INPUTS_NH32_S01;2;12;Treino;2020-07-10 09:00;202007100900;861.0;820.0;826.251848192363;6.251848192363013;6.251848192363013;861.0
001_MUC_H02_CONTROLE_15INPUTS_NH32_S01;2;12;Treino;2020-07-10 10:00;202007101000;837.0;811.0;807.2113318326378;-3.788668167362175;3.788668167362175;837.0
001_MUC_H02_CONTROLE_15INPUTS_NH32_S01;2;12;Treino;2020-07-10 11:00;202007101100;820.0;804.0;800.2582124706228;-3.741787529377234;3.741787529377234;820.0
001_MUC_H02_CONTROLE_15INPUTS_NH32_S01;2;12;Treino;2020-07-10 12:00;202007101200;811.0;800.0;795.6911896857953;-4.30881031420472;4.30881031420472;811.0
001_MUC_H02_CONTROLE_15INPUTS_NH32_S01;2;12;Treino;2020-07-10 13:00;202007101300;804.0;793.0;785.1286996230828;-7.871300376917247;7.871300376917247;804.0
001_MUC_H02_CONTROLE_15INPUTS_NH32_S01;2;12;Treino;2020-07-10 14:00;202007101400;800.0;786.0;781.8115554760257;-4.18844452397434;4.18844452397434;800.0
001_MUC_H02_CONTROLE_15INPUTS_NH32_S01;2;12;Treino;2020-07-10 15:00;202007101500;793.0;776.0;767.241767644028;-8.75823235597204;8.75823235597204;793.0
001_MUC_H02_CONTROLE_15INPUTS_NH32_S01;2;12;Treino;2020-07-10 16:00;202007101600;786.0;764.0;762.4919674860313;-1.5080325139687147;1.5080325139687147;786.0
001_MUC_H02_CONTROLE_15INPUTS_NH32_S01;2;12;Treino;2020-07-10 17:00;202007101700;776.0;755.0;748.2115659978405;-6.7884340021595335;6.7884340021595335;776.0
001_MUC_H02_CONTROLE_15INPUTS_NH32_S01;2;12;Treino;2020-07-10 18:00;202007101800;764.0;742.0;734.0176497764701;-7.98235022352992;7.98235022352992;764.0
001_MUC_H02_CONTROLE_15INPUTS_NH32_S01;2;12;Treino;2020-07-10 19:00;202007101900;755.0;733.0;730.06998375226;-2.9300162477400136;2.9300162477400136;755.0
001_MUC_H02_CONTROLE_15INPUTS_NH32_S01;2;12;Treino;2020-07-10 20:00;202007102000;742.0;724.0;717.0605935413812;-6.939406458618805;6.939406458618805;742.0
001_MUC_H02_CONTROLE_15INPUTS_NH32_S01;2;12;Treino;2020-07-10 21:00;202007102100;733.0;716.0;711.6187000378831;-4.381299962116941;4.381299962116941;733.0
001_MUC_H02_CONTROLE_15INPUTS_NH32_S01;2;12;Treino;2020-07-10 22:00;202007102200;724.0;707.0;700.8683262956645;-6.131673704335526;6.131673704335526;724.0
001_MUC_H02_CONTROLE_15INPUTS_NH32_S01;2;12;Treino;2020-07-10 23:00;202007102300;716.0;700.0;694.89602640662;-5.103973593380033;5.103973593380033;716.0
001_MUC_H02_CONTROLE_15INPUTS_NH32_S01;2;12;Treino;2020-07-11 00:00;202007110000;707.0;690.0;685.1323170879768;-4.867682912023156;4.867682912023156;707.0
001_MUC_H02_CONTROLE_15INPUTS_NH32_S01;2;12;Treino;2020-07-11 01:00;202007110100;700.0;684.0;681.0896810304357;-2.910318969564287;2.910318969564287;700.0
001_MUC_H02_CONTROLE_15INPUTS_NH32_S01;2;12;Treino;2020-07-11 02:00;202007110200;690.0;677.0;665.8019053414959;-11.198094658504147;11.198094658504147;690.0
001_MUC_H02_CONTROLE_15INPUTS_NH32_S01;2;12;Treino;2020-07-11 03:00;202007110300;684.0;668.0;663.6141216967442;-4.385878303255822;4.385878303255822;684.0
001_MUC_H02_CONTROLE_15INPUTS_NH32_S01;2;12;Treino;2020-07-11 04:00;202007110400;677.0;661.0;655.0464549152547;-5.953545084745315;5.953545084745315;677.0
001_MUC_H02_CONTROLE_15INPUTS_NH32_S01;2;12;Treino;2020-07-11 05:00;202007110500;668.0;651.0;644.9083208288118;-6.0916791711881615;6.0916791711881615;668.0
001_MUC_H02_CONTROLE_15INPUTS_NH32_S01;2;12;Treino;2020-07-11 06:00;202007110600;661.0;645.0;642.1758888139263;-2.824111186073651;2.824111186073651;661.0
001_MUC_H02_CONTROLE_15INPUTS_NH32_S01;2;12;Treino;2020-07-11 07:00;202007110700;651.0;639.0;630.3398028832503;-8.660197116749714;8.660197116749714;651.0
001_MUC_H02_CONTROLE_15INPUTS_NH32_S01;2;12;Treino;2020-07-11 08:00;202007110800;645.0;632.0;627.8720975047684;-4.127902495231638;4.127902495231638;645.0
001_MUC_H02_CONTROLE_15INPUTS_NH32_S01;2;12;Treino;2020-07-11 09:00;202007110900;639.0;625.0;620.4262832794136;-4.57371672058639;4.57371672058639;639.0
001_MUC_H02_CONTROLE_15INPUTS_NH32_S01;2;12;Treino;2020-07-11 10:00;202007111000;632.0;620.0;612.8229977793737;-7.177002220626264;7.177002220626264;632.0
001_MUC_H02_CONTROLE_15INPUTS_NH32_S01;2;12;Treino;2020-07-11 11:00;202007111100;625.0;614.0;606.8100793068589;-7.189920693141062;7.189920693141062;625.0
001_MUC_H02_CONTROLE_15INPUTS_NH32_S01;2;12;Treino;2020-07-11 12:00;202007111200;620.0;610.0;603.7066036272133;-6.293396372786674;6.293396372786674;620.0
001_MUC_H02_CONTROLE_15INPUTS_NH32_S01;2;12;Treino;2020-07-11 13:00;202007111300;614.0;606.0;595.1582863081954;-10.841713691804557;10.841713691804557;614.0
001_MUC_H02_CONTROLE_15INPUTS_NH32_S01;2;12;Treino;2020-07-11 14:00;202007111400;610.0;601.0;592.8472309182407;-8.152769081759288;8.152769081759288;610.0
001_MUC_H02_CONTROLE_15INPUTS_NH32_S01;2;12;Treino;2020-07-11 15:00;202007111500;606.0;596.0;588.4903642207978;-7.509635779202199;7.509635779202199;606.0
001_MUC_H02_CONTROLE_15INPUTS_NH32_S01;2;12;Treino;2020-07-11 16:00;202007111600;601.0;591.0;583.7767658200651;-7.223234179934934;7.223234179934934;601.0
001_MUC_H02_CONTROLE_15INPUTS_NH32_S01;2;12;Treino;2020-07-11 17:00;202007111700;596.0;587.0;580.2080046649385;-6.791995335061529;6.791995335061529;596.0
001_MUC_H02_CONTROLE_15INPUTS_NH32_S01;2;12;Treino;2020-07-11 18:00;202007111800;591.0;581.0;575.0665284645702;-5.933471535429817;5.933471535429817;591.0
001_MUC_H02_CONTROLE_15INPUTS_NH32_S01;2;12;Treino;2020-07-11 19:00;202007111900;587.0;579.0;572.0281055000125;-6.971894499987457;6.971894499987457;587.0
001_MUC_H02_CONTROLE_15INPUTS_NH32_S01;2;12;Treino;2020-07-11 20:00;202007112000;581.0;575.0;564.6510050806198;-10.348994919380175;10.348994919380175;581.0
001_MUC_H02_CONTROLE_15INPUTS_NH32_S01;2;12;Treino;2020-07-11 21:00;202007112100;579.0;575.0;569.7695868196444;-5.23041318035564;5.23041318035564;579.0
001_MUC_H02_CONTROLE_15INPUTS_NH32_S01;2;12;Treino;2020-07-11 22:00;202007112200;575.0;575.0;563.5586131672455;-11.44138683275446;11.44138683275446;575.0
001_MUC_H02_CONTROLE_15INPUTS_NH32_S01;2;12;Treino;2020-07-11 23:00;202007112300;575.0;577.0;565.834414530599;-11.16558546940098;11.16558546940098;575.0
001_MUC_H02_CONTROLE_15INPUTS_NH32_S01;2;12;Treino;2020-07-12 00:00;202007120000;575.0;578.0;561.388450913628;-16.61154908637195;16.61154908637195;575.0
001_MUC_H02_CONTROLE_15INPUTS_NH32_S01;2;12;Treino;2020-07-12 01:00;202007120100;577.0;576.0;566.3331590563275;-9.666840943672469;9.666840943672469;577.0
001_MUC_H02_CONTROLE_15INPUTS_NH32_S01;2;12;Treino;2020-07-12 02:00;202007120200;578.0;578.0;569.8500779606939;-8.149922039306148;8.149922039306148;578.0
001_MUC_H02_CONTROLE_15INPUTS_NH32_S01;2;12;Treino;2020-07-12 03:00;202007120300;576.0;585.0;571.3007794004504;-13.699220599549562;13.699220599549562;576.0
001_MUC_H02_CONTROLE_15INPUTS_NH32_S01;2;12;Treino;2020-07-12 04:00;202007120400;578.0;600.0;587.6056312193207;-12.394368780679315;12.394368780679315;578.0
001_MUC_H02_CONTROLE_15INPUTS_NH32_S01;2;12;Treino;2020-07-12 05:00;202007120500;585.0;666.0;630.1392537027164;-35.86074629728364;35.86074629728364;585.0
001_MUC_H02_CONTROLE_15INPUTS_NH32_S01;2;12;Treino;2020-07-12 06:00;202007120600;600.0;790.0;715.7132289278172;-74.28677107218277;74.28677107218277;600.0
001_MUC_H02_CONTROLE_15INPUTS_NH32_S01;2;12;Treino;2020-07-12 07:00;202007120700;666.0;915.0;891.8454679410659;-23.154532058934137;23.154532058934137;666.0
001_MUC_H02_CONTROLE_15INPUTS_NH32_S01;2;12;Treino;2020-07-12 08:00;202007120800;790.0;1052.0;1084.7868157874602;32.78681578746023;32.78681578746023;790.0
001_MUC_H02_CONTROLE_15INPUTS_NH32_S01;2;12;Treino;2020-07-12 09:00;202007120900;915.0;1168.0;1165.9161091674537;-2.083890832546331;2.083890832546331;915.0
001_MUC_H02_CONTROLE_15INPUTS_NH32_S01;2;12;Treino;2020-07-12 10:00;202007121000;1052.0;1247.0;1258.957980084519;11.957980084519022;11.957980084519022;1052.0
001_MUC_H02_CONTROLE_15INPUTS_NH32_S01;2;12;Treino;2020-07-12 11:00;202007121100;1168.0;1299.0;1304.6153173554628;5.615317355462821;5.615317355462821;1168.0
001_MUC_H02_CONTROLE_15INPUTS_NH32_S01;2;12;Treino;2020-07-12 12:00;202007121200;1247.0;1335.0;1321.9158257467966;-13.0841742532034;13.0841742532034;1247.0
001_MUC_H02_CONTROLE_15INPUTS_NH32_S01;2;12;Treino;2020-07-12 13:00;202007121300;1299.0;1373.0;1353.9465939127922;-19.053406087207804;19.053406087207804;1299.0
001_MUC_H02_CONTROLE_15INPUTS_NH32_S01;2;12;Treino;2020-07-12 14:00;202007121400;1335.0;1410.0;1383.2797049625785;-26.720295037421465;26.720295037421465;1335.0
001_MUC_H02_CONTROLE_15INPUTS_NH32_S01;2;12;Treino;2020-07-12 15:00;202007121500;1373.0;1438.0;1440.4791360373417;2.479136037341732;2.479136037341732;1373.0
001_MUC_H02_CONTROLE_15INPUTS_NH32_S01;2;12;Treino;2020-07-12 16:00;202007121600;1410.0;1454.0;1468.469556396336;14.469556396335975;14.469556396335975;1410.0
001_MUC_H02_CONTROLE_15INPUTS_NH32_S01;2;12;Treino;2020-07-12 22:00;202007122200;1550.0;1578.0;1570.6588321262716;-7.341167873728409;7.341167873728409;1550.0
001_MUC_H02_CONTROLE_15INPUTS_NH32_S01;2;12;Treino;2020-07-13 00:00;202007130000;1578.0;1595.0;1574.092694438699;-20.907305561300973;20.907305561300973;1578.0
001_MUC_H02_CONTROLE_15INPUTS_NH32_S01;2;12;Treino;2020-07-13 01:00;202007130100;1598.0;1598.0;1600.7384025143967;2.738402514396739;2.738402514396739;1598.0
001_MUC_H02_CONTROLE_15INPUTS_NH32_S01;2;12;Treino;2020-07-13 02:00;202007130200;1595.0;1592.0;1564.789624977168;-27.210375022832068;27.210375022832068;1595.0
001_MUC_H02_CONTROLE_15INPUTS_NH32_S01;2;12;Treino;2020-07-13 03:00;202007130300;1598.0;1581.0;1573.001509609952;-7.998490390047891;7.998490390047891;1598.0
001_MUC_H02_CONTROLE_15INPUTS_NH32_S01;2;12;Treino;2020-07-13 04:00;202007130400;1592.0;1567.0;1546.5963551384764;-20.403644861523617;20.403644861523617;1592.0
001_MUC_H02_CONTROLE_15INPUTS_NH32_S01;2;12;Treino;2020-07-13 06:00;202007130600;1567.0;1526.0;1519.2865402690677;-6.7134597309323;6.7134597309323;1567.0
001_MUC_H02_CONTROLE_15INPUTS_NH32_S01;2;12;Treino;2020-07-13 08:00;202007130800;1526.0;1482.0;1473.2603069108845;-8.739693089115462;8.739693089115462;1526.0
001_MUC_H02_CONTROLE_15INPUTS_NH32_S01;2;12;Treino;2020-07-13 09:00;202007130900;1504.0;1458.0;1446.6714655310493;-11.328534468950693;11.328534468950693;1504.0
001_MUC_H02_CONTROLE_15INPUTS_NH32_S01;2;12;Treino;2020-07-13 10:00;202007131000;1482.0;1427.0;1424.567934907121;-2.432065092878929;2.432065092878929;1482.0
001_MUC_H02_CONTROLE_15INPUTS_NH32_S01;2;12;Treino;2020-07-13 16:00;202007131600;1318.0;1255.0;1251.5289421681364;-3.471057831863618;3.471057831863618;1318.0
001_MUC_H02_CONTROLE_15INPUTS_NH32_S01;2;12;Treino;2020-07-13 18:00;202007131800;1255.0;1192.0;1189.8783103679257;-2.1216896320743217;2.1216896320743217;1255.0
001_MUC_H02_CONTROLE_15INPUTS_NH32_S01;2;12;Treino;2020-07-13 20:00;202007132000;1192.0;1139.0;1133.1346711210135;-5.865328878986475;5.865328878986475;1192.0
001_MUC_H02_CONTROLE_15INPUTS_NH32_S01;2;12;Treino;2020-07-13 21:00;202007132100;1165.0;1108.0;1107.8580943710317;-0.1419056289682885;0.1419056289682885;1165.0
001_MUC_H02_CONTROLE_15INPUTS_NH32_S01;2;12;Treino;2020-07-13 22:00;202007132200;1139.0;1085.0;1083.4521448762018;-1.547855123798172;1.547855123798172;1139.0
001_MUC_H02_CONTROLE_15INPUTS_NH32_S01;2;12;Treino;2020-07-14 00:00;202007140000;1085.0;1037.0;1033.1753743593276;-3.824625640672366;3.824625640672366;1085.0
001_MUC_H02_CONTROLE_15INPUTS_NH32_S01;2;12;Treino;2020-07-14 02:00;202007140200;1037.0;998.0;986.8040020125356;-11.195997987464352;11.195997987464352;1037.0
001_MUC_H02_CONTROLE_15INPUTS_NH32_S01;2;12;Treino;2020-07-14 03:00;202007140300;1021.0;976.0;976.0670710958645;0.06707109586454862;0.06707109586454862;1021.0
001_MUC_H02_CONTROLE_15INPUTS_NH32_S01;2;12;Treino;2020-07-14 04:00;202007140400;998.0;949.0;940.4616676315828;-8.538332368417173;8.538332368417173;998.0
001_MUC_H02_CONTROLE_15INPUTS_NH32_S01;2;12;Treino;2020-07-14 05:00;202007140500;976.0;921.0;917.4990044909322;-3.5009955090678204;3.5009955090678204;976.0
001_MUC_H02_CONTROLE_15INPUTS_NH32_S01;2;12;Treino;2020-07-14 06:00;202007140600;949.0;890.0;888.10789944493;-1.8921005550699874;1.8921005550699874;949.0
001_MUC_H02_CONTROLE_15INPUTS_NH32_S01;2;12;Treino;2020-07-14 08:00;202007140800;890.0;847.0;845.2936553400666;-1.706344659933393;1.706344659933393;890.0
001_MUC_H02_CONTROLE_15INPUTS_NH32_S01;2;12;Treino;2020-07-14 10:00;202007141000;847.0;811.0;807.2346344506294;-3.7653655493705855;3.7653655493705855;847.0
001_MUC_H02_CONTROLE_15INPUTS_NH32_S01;2;12;Treino;2020-07-14 12:00;202007141200;811.0;783.0;778.735836066866;-4.264163933134;4.264163933134;811.0
001_MUC_H02_CONTROLE_15INPUTS_NH32_S01;2;12;Treino;2020-07-14 14:00;202007141400;783.0;768.0;762.7346737997804;-5.265326200219647;5.265326200219647;783.0
001_MUC_H02_CONTROLE_15INPUTS_NH32_S01;2;12;Treino;2020-07-14 15:00;202007141500;772.0;758.0;748.7205124042283;-9.279487595771684;9.279487595771684;772.0
001_MUC_H02_CONTROLE_15INPUTS_NH32_S01;2;12;Treino;2020-07-14 16:00;202007141600;768.0;750.0;750.2875963513145;0.2875963513145052;0.2875963513145052;768.0
001_MUC_H02_CONTROLE_15INPUTS_NH32_S01;2;12;Treino;2020-07-14 17:00;202007141700;758.0;741.0;731.2058728772614;-9.794127122738587;9.794127122738587;758.0
001_MUC_H02_CONTROLE_15INPUTS_NH32_S01;2;12;Treino;2020-07-14 18:00;202007141800;750.0;734.0;725.1692005087924;-8.830799491207586;8.830799491207586;750.0
001_MUC_H02_CONTROLE_15INPUTS_NH32_S01;2;12;Treino;2020-07-14 19:00;202007141900;741.0;724.0;713.2991312199501;-10.70086878004986;10.70086878004986;741.0
001_MUC_H02_CONTROLE_15INPUTS_NH32_S01;2;12;Treino;2020-07-14 20:00;202007142000;734.0;714.0;709.4572865681486;-4.542713431851439;4.542713431851439;734.0
001_MUC_H02_CONTROLE_15INPUTS_NH32_S01;2;12;Treino;2020-07-14 21:00;202007142100;724.0;704.0;698.5372338474493;-5.462766152550671;5.462766152550671;724.0
001_MUC_H02_CONTROLE_15INPUTS_NH32_S01;2;12;Treino;2020-07-14 22:00;202007142200;714.0;695.0;689.2796958838431;-5.7203041161568535;5.7203041161568535;714.0
001_MUC_H02_CONTROLE_15INPUTS_NH32_S01;2;12;Treino;2020-07-14 23:00;202007142300;704.0;686.0;681.1023315335543;-4.89766846644568;4.89766846644568;704.0
001_MUC_H02_CONTROLE_15INPUTS_NH32_S01;2;12;Treino;2020-07-15 00:00;202007150000;695.0;679.0;673.127684224862;-5.872315775137963;5.872315775137963;695.0
001_MUC_H02_CONTROLE_15INPUTS_NH32_S01;2;12;Treino;2020-07-15 01:00;202007150100;686.0;673.0;664.454289895921;-8.545710104079035;8.545710104079035;686.0
001_MUC_H02_CONTROLE_15INPUTS_NH32_S01;2;12;Treino;2020-07-15 02:00;202007150200;679.0;666.0;660.4326848051714;-5.567315194828552;5.567315194828552;679.0
001_MUC_H02_CONTROLE_15INPUTS_NH32_S01;2;12;Treino;2020-07-15 04:00;202007150400;666.0;652.0;647.2408310110455;-4.759168988954457;4.759168988954457;666.0
001_MUC_H02_CONTROLE_15INPUTS_NH32_S01;2;12;Treino;2020-07-15 06:00;202007150600;652.0;642.0;634.6166677367617;-7.383332263238344;7.383332263238344;652.0
001_MUC_H02_CONTROLE_15INPUTS_NH32_S01;2;12;Treino;2020-07-15 07:00;202007150700;645.0;634.0;626.0559578344869;-7.94404216551311;7.94404216551311;645.0
001_MUC_H02_CONTROLE_15INPUTS_NH32_S01;2;12;Treino;2020-07-15 08:00;202007150800;642.0;629.0;625.2472824637572;-3.7527175362428125;3.7527175362428125;642.0
001_MUC_H02_CONTROLE_15INPUTS_NH32_S01;2;12;Treino;2020-07-15 09:00;202007150900;634.0;620.0;611.6448032746615;-8.355196725338487;8.355196725338487;634.0
001_MUC_H02_CONTROLE_15INPUTS_NH32_S01;2;12;Treino;2020-07-15 10:00;202007151000;629.0;577.0;612.8012145700674;35.80121457006737;35.80121457006737;629.0
001_MUC_H02_CONTROLE_15INPUTS_NH32_S01;2;12;Treino;2020-07-15 11:00;202007151100;620.0;573.0;600.5302173568823;27.530217356882304;27.530217356882304;620.0
001_MUC_H02_CONTROLE_15INPUTS_NH32_S01;2;12;Treino;2020-07-15 12:00;202007151200;577.0;565.0;529.3688626472976;-35.63113735270235;35.63113735270235;577.0
001_MUC_H02_CONTROLE_15INPUTS_NH32_S01;2;12;Treino;2020-07-15 13:00;202007151300;573.0;560.0;565.3491805258344;5.349180525834413;5.349180525834413;573.0
001_MUC_H02_CONTROLE_15INPUTS_NH32_S01;2;12;Treino;2020-07-15 14:00;202007151400;565.0;556.0;547.1802554532017;-8.819744546798347;8.819744546798347;565.0
001_MUC_H02_CONTROLE_15INPUTS_NH32_S01;2;12;Treino;2020-07-15 15:00;202007151500;560.0;549.0;553.2525460401383;4.252546040138327;4.252546040138327;560.0
001_MUC_H02_CONTROLE_15INPUTS_NH32_S01;2;12;Treino;2020-07-15 16:00;202007151600;556.0;543.0;546.8945729450305;3.894572945030518;3.894572945030518;556.0
001_MUC_H02_CONTROLE_15INPUTS_NH32_S01;2;12;Treino;2020-07-15 17:00;202007151700;549.0;537.0;534.0908193768412;-2.909180623158818;2.909180623158818;549.0
001_MUC_H02_CONTROLE_15INPUTS_NH32_S01;2;12;Treino;2020-07-15 18:00;202007151800;543.0;532.0;527.4217075525853;-4.578292447414697;4.578292447414697;543.0
001_MUC_H02_CONTROLE_15INPUTS_NH32_S01;2;12;Treino;2020-07-15 19:00;202007151900;537.0;526.0;518.8985249142127;-7.101475085787342;7.101475085787342;537.0
001_MUC_H02_CONTROLE_15INPUTS_NH32_S01;2;12;Treino;2020-07-15 20:00;202007152000;532.0;517.0;516.620478439952;-0.3795215600480333;0.3795215600480333;532.0
001_MUC_H02_CONTROLE_15INPUTS_NH32_S01;2;12;Treino;2020-07-15 21:00;202007152100;526.0;513.0;511.5190659571942;-1.4809340428058135;1.4809340428058135;526.0
001_MUC_H02_CONTROLE_15INPUTS_NH32_S01;2;12;Treino;2020-07-15 22:00;202007152200;517.0;510.0;501.079790395159;-8.920209604840977;8.920209604840977;517.0
001_MUC_H02_CONTROLE_15INPUTS_NH32_S01;2;12;Treino;2020-07-15 23:00;202007152300;513.0;508.0;502.77366990785083;-5.226330092149169;5.226330092149169;513.0
001_MUC_H02_CONTROLE_15INPUTS_NH32_S01;2;12;Treino;2020-07-16 00:00;202007160000;510.0;505.0;500.4165131231547;-4.583486876845313;4.583486876845313;510.0
001_MUC_H02_CONTROLE_15INPUTS_NH32_S01;2;12;Treino;2020-07-16 01:00;202007160100;508.0;502.0;499.11769768027034;-2.8823023197296607;2.8823023197296607;508.0
001_MUC_H02_CONTROLE_15INPUTS_NH32_S01;2;12;Treino;2020-07-16 02:00;202007160200;505.0;499.0;493.8140374304137;-5.185962569586309;5.185962569586309;505.0
001_MUC_H02_CONTROLE_15INPUTS_NH32_S01;2;12;Treino;2020-07-16 03:00;202007160300;502.0;496.0;490.8809191415503;-5.119080858449706;5.119080858449706;502.0
001_MUC_H02_CONTROLE_15INPUTS_NH32_S01;2;13;Treino;2020-08-15 02:00;202008150200;429.0;451.0;440.4668796221839;-10.53312037781609;10.53312037781609;429.0
001_MUC_H02_CONTROLE_15INPUTS_NH32_S01;2;13;Treino;2020-08-15 03:00;202008150300;440.0;464.0;457.1092612624758;-6.890738737524202;6.890738737524202;440.0
001_MUC_H02_CONTROLE_15INPUTS_NH32_S01;2;13;Treino;2020-08-15 04:00;202008150400;451.0;480.0;468.5821772463803;-11.417822753619703;11.417822753619703;451.0
001_MUC_H02_CONTROLE_15INPUTS_NH32_S01;2;13;Treino;2020-08-15 05:00;202008150500;464.0;498.0;486.46586414564945;-11.534135854350552;11.534135854350552;464.0
001_MUC_H02_CONTROLE_15INPUTS_NH32_S01;2;13;Treino;2020-08-15 06:00;202008150600;480.0;518.0;509.26913204363746;-8.730867956362545;8.730867956362545;480.0
001_MUC_H02_CONTROLE_15INPUTS_NH32_S01;2;13;Treino;2020-08-15 07:00;202008150700;498.0;541.0;531.040290732634;-9.959709267365952;9.959709267365952;498.0
001_MUC_H02_CONTROLE_15INPUTS_NH32_S01;2;13;Treino;2020-08-15 08:00;202008150800;518.0;561.0;552.3601677542733;-8.639832245726666;8.639832245726666;518.0
001_MUC_H02_CONTROLE_15INPUTS_NH32_S01;2;13;Treino;2020-08-15 09:00;202008150900;541.0;580.0;573.6675874579294;-6.332412542070642;6.332412542070642;541.0
001_MUC_H02_CONTROLE_15INPUTS_NH32_S01;2;13;Treino;2020-08-15 10:00;202008151000;561.0;593.0;586.2790008844585;-6.720999115541531;6.720999115541531;561.0
001_MUC_H02_CONTROLE_15INPUTS_NH32_S01;2;13;Treino;2020-08-15 11:00;202008151100;580.0;604.0;603.4526450689651;-0.5473549310348744;0.5473549310348744;580.0
001_MUC_H02_CONTROLE_15INPUTS_NH32_S01;2;13;Treino;2020-08-15 12:00;202008151200;593.0;616.0;610.7511962239128;-5.248803776087243;5.248803776087243;593.0
001_MUC_H02_CONTROLE_15INPUTS_NH32_S01;2;13;Treino;2020-08-15 13:00;202008151300;604.0;626.0;621.9602508150716;-4.039749184928382;4.039749184928382;604.0
001_MUC_H02_CONTROLE_15INPUTS_NH32_S01;2;13;Treino;2020-08-15 14:00;202008151400;616.0;637.0;633.5495307095651;-3.450469290434853;3.450469290434853;616.0
001_MUC_H02_CONTROLE_15INPUTS_NH32_S01;2;13;Treino;2020-08-15 15:00;202008151500;626.0;647.0;641.0844193410043;-5.9155806589957365;5.9155806589957365;626.0
001_MUC_H02_CONTROLE_15INPUTS_NH32_S01;2;13;Treino;2020-08-15 16:00;202008151600;637.0;654.0;653.2551267873697;-0.7448732126302957;0.7448732126302957;637.0
001_MUC_H02_CONTROLE_15INPUTS_NH32_S01;2;13;Treino;2020-08-15 17:00;202008151700;647.0;665.0;664.480851760967;-0.5191482390330293;0.5191482390330293;647.0
001_MUC_H02_CONTROLE_15INPUTS_NH32_S01;2;13;Treino;2020-08-15 18:00;202008151800;654.0;679.0;669.9562455313928;-9.043754468607176;9.043754468607176;654.0
001_MUC_H02_CONTROLE_15INPUTS_NH32_S01;2;13;Treino;2020-08-15 19:00;202008151900;665.0;687.0;684.0520965144668;-2.9479034855331747;2.9479034855331747;665.0
001_MUC_H02_CONTROLE_15INPUTS_NH32_S01;2;13;Treino;2020-08-15 20:00;202008152000;679.0;696.0;692.9360715707166;-3.063928429283351;3.063928429283351;679.0
001_MUC_H02_CONTROLE_15INPUTS_NH32_S01;2;13;Treino;2020-08-15 21:00;202008152100;687.0;698.0;689.1147001082245;-8.885299891775503;8.885299891775503;687.0
001_MUC_H02_CONTROLE_15INPUTS_NH32_S01;2;13;Treino;2020-08-15 22:00;202008152200;696.0;700.0;705.5641346376393;5.564134637639313;5.564134637639313;696.0
001_MUC_H02_CONTROLE_15INPUTS_NH32_S01;2;13;Treino;2020-08-15 23:00;202008152300;698.0;704.0;700.1143726719572;-3.8856273280428013;3.8856273280428013;698.0
001_MUC_H02_CONTROLE_15INPUTS_NH32_S01;2;13;Treino;2020-08-16 00:00;202008160000;700.0;709.0;704.302143207867;-4.697856792133052;4.697856792133052;700.0
001_MUC_H02_CONTROLE_15INPUTS_NH32_S01;2;13;Treino;2020-08-16 01:00;202008160100;704.0;712.0;709.6211227034573;-2.3788772965426688;2.3788772965426688;704.0
001_MUC_H02_CONTROLE_15INPUTS_NH32_S01;2;13;Treino;2020-08-16 02:00;202008160200;709.0;714.0;708.3349179106673;-5.665082089332714;5.665082089332714;709.0
001_MUC_H02_CONTROLE_15INPUTS_NH32_S01;2;13;Treino;2020-08-16 03:00;202008160300;712.0;710.0;705.3453266601095;-4.654673339890451;4.654673339890451;712.0
001_MUC_H02_CONTROLE_15INPUTS_NH32_S01;2;13;Treino;2020-08-16 04:00;202008160400;714.0;708.0;704.8300907920586;-3.169909207941373;3.169909207941373;714.0
001_MUC_H02_CONTROLE_15INPUTS_NH32_S01;2;13;Treino;2020-08-16 05:00;202008160500;710.0;705.0;695.2161014569756;-9.783898543024407;9.783898543024407;710.0
001_MUC_H02_CONTROLE_15INPUTS_NH32_S01;2;13;Treino;2020-08-16 06:00;202008160600;708.0;699.0;696.5339645618644;-2.4660354381355774;2.4660354381355774;708.0
001_MUC_H02_CONTROLE_15INPUTS_NH32_S01;2;13;Treino;2020-08-16 07:00;202008160700;705.0;695.0;692.5747894696871;-2.4252105303129383;2.4252105303129383;705.0
001_MUC_H02_CONTROLE_15INPUTS_NH32_S01;2;13;Treino;2020-08-16 08:00;202008160800;699.0;691.0;683.6117574137933;-7.388242586206729;7.388242586206729;699.0
001_MUC_H02_CONTROLE_15INPUTS_NH32_S01;2;13;Treino;2020-08-16 09:00;202008160900;695.0;683.0;679.869989138679;-3.1300108613210114;3.1300108613210114;695.0
001_MUC_H02_CONTROLE_15INPUTS_NH32_S01;2;13;Treino;2020-08-16 10:00;202008161000;691.0;679.0;678.6161361024838;-0.3838638975162212;0.3838638975162212;691.0
001_MUC_H02_CONTROLE_15INPUTS_NH32_S01;2;13;Treino;2020-08-16 11:00;202008161100;683.0;676.0;666.2633551080116;-9.736644891988362;9.736644891988362;683.0
001_MUC_H02_CONTROLE_15INPUTS_NH32_S01;2;13;Treino;2020-08-16 12:00;202008161200;679.0;670.0;667.1692805881252;-2.8307194118748384;2.8307194118748384;679.0
001_MUC_H02_CONTROLE_15INPUTS_NH32_S01;2;13;Treino;2020-08-16 13:00;202008161300;676.0;665.0;662.5465931526696;-2.4534068473303705;2.4534068473303705;676.0
001_MUC_H02_CONTROLE_15INPUTS_NH32_S01;2;13;Treino;2020-08-16 14:00;202008161400;670.0;654.0;636.8632037334;-17.13679626659996;17.13679626659996;670.0
001_MUC_H02_CONTROLE_15INPUTS_NH32_S01;2;13;Treino;2020-08-16 15:00;202008161500;665.0;639.0;629.1258200774154;-9.87417992258463;9.87417992258463;665.0
001_MUC_H02_CONTROLE_15INPUTS_NH32_S01;2;13;Treino;2020-08-16 16:00;202008161600;654.0;624.0;641.8664630269253;17.866463026925317;17.866463026925317;654.0
001_MUC_H02_CONTROLE_15INPUTS_NH32_S01;2;13;Treino;2020-08-16 17:00;202008161700;639.0;626.0;632.1565311895799;6.156531189579937;6.156531189579937;639.0
001_MUC_H02_CONTROLE_15INPUTS_NH32_S01;2;13;Treino;2020-08-16 18:00;202008161800;624.0;630.0;606.3597960683971;-23.640203931602855;23.640203931602855;624.0
001_MUC_H02_CONTROLE_15INPUTS_NH32_S01;2;13;Treino;2020-08-16 19:00;202008161900;626.0;630.0;620.7514180198514;-9.248581980148629;9.248581980148629;626.0
001_MUC_H02_CONTROLE_15INPUTS_NH32_S01;2;13;Treino;2020-08-16 20:00;202008162000;630.0;623.0;615.9631152475539;-7.036884752446099;7.036884752446099;630.0
001_MUC_H02_CONTROLE_15INPUTS_NH32_S01;2;13;Treino;2020-08-16 21:00;202008162100;630.0;610.0;610.8125471486215;0.8125471486215474;0.8125471486215474;630.0
001_MUC_H02_CONTROLE_15INPUTS_NH32_S01;2;13;Treino;2020-08-16 22:00;202008162200;623.0;602.0;595.8172245266319;-6.18277547336811;6.18277547336811;623.0
001_MUC_H02_CONTROLE_15INPUTS_NH32_S01;2;13;Treino;2020-08-16 23:00;202008162300;610.0;587.0;576.8760379408548;-10.123962059145242;10.123962059145242;610.0
001_MUC_H02_CONTROLE_15INPUTS_NH32_S01;2;13;Treino;2020-08-17 00:00;202008170000;602.0;576.0;581.4141842986156;5.4141842986156234;5.4141842986156234;602.0
001_MUC_H02_CONTROLE_15INPUTS_NH32_S01;2;13;Treino;2020-08-17 01:00;202008170100;587.0;569.0;565.4234689145743;-3.5765310854256995;3.5765310854256995;587.0
001_MUC_H02_CONTROLE_15INPUTS_NH32_S01;2;13;Treino;2020-08-17 02:00;202008170200;576.0;565.0;560.0517981170303;-4.94820188296967;4.94820188296967;576.0
001_MUC_H02_CONTROLE_15INPUTS_NH32_S01;2;13;Treino;2020-08-17 03:00;202008170300;569.0;562.0;551.4153837277587;-10.584616272241306;10.584616272241306;569.0
001_MUC_H02_CONTROLE_15INPUTS_NH32_S01;2;13;Treino;2020-08-17 04:00;202008170400;565.0;559.0;548.0031756499646;-10.996824350035354;10.996824350035354;565.0
001_MUC_H02_CONTROLE_15INPUTS_NH32_S01;2;13;Treino;2020-08-17 05:00;202008170500;562.0;549.0;544.7571473396083;-4.242852660391691;4.242852660391691;562.0
001_MUC_H02_CONTROLE_15INPUTS_NH32_S01;2;13;Treino;2020-08-17 06:00;202008170600;559.0;541.0;541.9698000820997;0.9698000820997095;0.9698000820997095;559.0
001_MUC_H02_CONTROLE_15INPUTS_NH32_S01;2;13;Treino;2020-08-17 07:00;202008170700;549.0;532.0;526.029794549948;-5.970205450052049;5.970205450052049;549.0
001_MUC_H02_CONTROLE_15INPUTS_NH32_S01;2;13;Treino;2020-08-17 08:00;202008170800;541.0;527.0;520.591637395478;-6.40836260452204;6.40836260452204;541.0
001_MUC_H02_CONTROLE_15INPUTS_NH32_S01;2;13;Treino;2020-08-17 09:00;202008170900;532.0;519.0;509.3464887943485;-9.653511205651512;9.653511205651512;532.0
001_MUC_H02_CONTROLE_15INPUTS_NH32_S01;2;13;Treino;2020-08-17 10:00;202008171000;527.0;510.0;508.6437297402994;-1.3562702597005796;1.3562702597005796;527.0
001_MUC_H02_CONTROLE_15INPUTS_NH32_S01;2;13;Treino;2020-08-17 11:00;202008171100;519.0;504.0;497.9067189419859;-6.0932810580140995;6.0932810580140995;519.0
001_MUC_H02_CONTROLE_15INPUTS_NH32_S01;2;13;Treino;2020-08-17 12:00;202008171200;510.0;496.0;490.6406235333533;-5.359376466646722;5.359376466646722;510.0
001_MUC_H02_CONTROLE_15INPUTS_NH32_S01;2;13;Treino;2020-08-17 13:00;202008171300;504.0;492.0;490.802499113047;-1.1975008869529802;1.1975008869529802;504.0
001_MUC_H02_CONTROLE_15INPUTS_NH32_S01;2;18;Validação;2022-05-01 13:00;202205011300;203.0;225.0;342.50243915322335;117.50243915322335;117.50243915322335;203.0
001_MUC_H02_CONTROLE_15INPUTS_NH32_S01;2;18;Validação;2022-05-01 14:00;202205011400;209.0;298.0;308.14917293266035;10.149172932660349;10.149172932660349;209.0
001_MUC_H02_CONTROLE_15INPUTS_NH32_S01;2;18;Validação;2022-05-01 15:00;202205011500;225.0;395.0;318.94340431644866;-76.05659568355134;76.05659568355134;225.0
001_MUC_H02_CONTROLE_15INPUTS_NH32_S01;2;18;Validação;2022-05-01 16:00;202205011600;298.0;472.0;428.3111836782839;-43.688816321716104;43.688816321716104;298.0
001_MUC_H02_CONTROLE_15INPUTS_NH32_S01;2;18;Validação;2022-05-01 17:00;202205011700;395.0;520.0;521.2327832928348;1.2327832928348244;1.2327832928348244;395.0
001_MUC_H02_CONTROLE_15INPUTS_NH32_S01;2;18;Validação;2022-05-01 18:00;202205011800;472.0;547.0;570.4398877914314;23.439887791431374;23.439887791431374;472.0
001_MUC_H02_CONTROLE_15INPUTS_NH32_S01;2;18;Validação;2022-05-01 19:00;202205011900;520.0;574.0;592.0207809957105;18.02078099571054;18.02078099571054;520.0
001_MUC_H02_CONTROLE_15INPUTS_NH32_S01;2;18;Validação;2022-05-01 20:00;202205012000;547.0;608.0;588.7058933004919;-19.29410669950812;19.29410669950812;547.0
001_MUC_H02_CONTROLE_15INPUTS_NH32_S01;2;18;Validação;2022-05-01 21:00;202205012100;574.0;635.0;619.6697486619331;-15.330251338066887;15.330251338066887;574.0
001_MUC_H02_CONTROLE_15INPUTS_NH32_S01;2;18;Validação;2022-05-01 22:00;202205012200;608.0;655.0;653.0469489693523;-1.9530510306476572;1.9530510306476572;608.0
001_MUC_H02_CONTROLE_15INPUTS_NH32_S01;2;18;Validação;2022-05-01 23:00;202205012300;635.0;667.0;661.4246334461275;-5.575366553872527;5.575366553872527;635.0
001_MUC_H02_CONTROLE_15INPUTS_NH32_S01;2;18;Validação;2022-05-02 00:00;202205020000;655.0;674.0;677.5016001032916;3.5016001032915938;3.5016001032915938;655.0
001_MUC_H02_CONTROLE_15INPUTS_NH32_S01;2;18;Validação;2022-05-02 01:00;202205020100;667.0;675.0;678.697976895533;3.6979768955329746;3.6979768955329746;667.0
001_MUC_H02_CONTROLE_15INPUTS_NH32_S01;2;18;Validação;2022-05-02 02:00;202205020200;674.0;674.0;682.8488579185679;8.848857918567887;8.848857918567887;674.0
001_MUC_H02_CONTROLE_15INPUTS_NH32_S01;2;18;Validação;2022-05-02 03:00;202205020300;675.0;671.0;687.839748929728;16.83974892972799;16.83974892972799;675.0
001_MUC_H02_CONTROLE_15INPUTS_NH32_S01;2;18;Validação;2022-05-02 04:00;202205020400;674.0;671.0;698.8101298176651;27.810129817665143;27.810129817665143;674.0
001_MUC_H02_CONTROLE_15INPUTS_NH32_S01;2;18;Validação;2022-05-02 05:00;202205020500;671.0;677.0;703.4512440627726;26.451244062772616;26.451244062772616;671.0
001_MUC_H02_CONTROLE_15INPUTS_NH32_S01;2;18;Validação;2022-05-02 06:00;202205020600;671.0;690.0;715.2727698100379;25.272769810037857;25.272769810037857;671.0
001_MUC_H02_CONTROLE_15INPUTS_NH32_S01;2;18;Validação;2022-05-02 07:00;202205020700;677.0;704.0;724.7550835251011;20.7550835251011;20.7550835251011;677.0
001_MUC_H02_CONTROLE_15INPUTS_NH32_S01;2;18;Validação;2022-05-02 08:00;202205020800;690.0;714.0;736.4187109670928;22.418710967092807;22.418710967092807;690.0
001_MUC_H02_CONTROLE_15INPUTS_NH32_S01;2;18;Validação;2022-05-02 09:00;202205020900;704.0;723.0;741.469311936456;18.46931193645605;18.46931193645605;704.0
001_MUC_H02_CONTROLE_15INPUTS_NH32_S01;2;18;Validação;2022-05-02 10:00;202205021000;714.0;731.0;741.9725277791177;10.97252777911774;10.97252777911774;714.0
001_MUC_H02_CONTROLE_15INPUTS_NH32_S01;2;18;Validação;2022-05-02 11:00;202205021100;723.0;738.0;753.567977342427;15.567977342426957;15.567977342426957;723.0
001_MUC_H02_CONTROLE_15INPUTS_NH32_S01;2;18;Validação;2022-05-02 12:00;202205021200;731.0;751.0;756.6963535995525;5.696353599552481;5.696353599552481;731.0
001_MUC_H02_CONTROLE_15INPUTS_NH32_S01;2;18;Validação;2022-05-02 13:00;202205021300;738.0;765.0;760.1586390488505;-4.841360951149454;4.841360951149454;738.0
001_MUC_H02_CONTROLE_15INPUTS_NH32_S01;2;18;Validação;2022-05-02 14:00;202205021400;751.0;779.0;779.2932204510744;0.2932204510743759;0.2932204510743759;751.0
001_MUC_H02_CONTROLE_15INPUTS_NH32_S01;2;18;Validação;2022-05-02 15:00;202205021500;765.0;797.0;788.983113639441;-8.016886360559056;8.016886360559056;765.0
001_MUC_H02_CONTROLE_15INPUTS_NH32_S01;2;18;Validação;2022-05-02 16:00;202205021600;779.0;812.0;799.308836438356;-12.691163561643975;12.691163561643975;779.0
001_MUC_H02_CONTROLE_15INPUTS_NH32_S01;2;18;Validação;2022-05-02 17:00;202205021700;797.0;825.0;823.1195581139169;-1.8804418860830765;1.8804418860830765;797.0
001_MUC_H02_CONTROLE_15INPUTS_NH32_S01;2;18;Validação;2022-05-02 18:00;202205021800;812.0;842.0;834.0212409693295;-7.978759030670517;7.978759030670517;812.0
001_MUC_H02_CONTROLE_15INPUTS_NH32_S01;2;18;Validação;2022-05-02 19:00;202205021900;825.0;858.0;839.7509986225028;-18.249001377497166;18.249001377497166;825.0
001_MUC_H02_CONTROLE_15INPUTS_NH32_S01;2;18;Validação;2022-05-02 20:00;202205022000;842.0;868.0;861.5943818716762;-6.405618128323795;6.405618128323795;842.0
001_MUC_H02_CONTROLE_15INPUTS_NH32_S01;2;18;Validação;2022-05-02 21:00;202205022100;858.0;882.0;887.3670897823168;5.367089782316839;5.367089782316839;858.0
001_MUC_H02_CONTROLE_15INPUTS_NH32_S01;2;18;Validação;2022-05-02 22:00;202205022200;868.0;899.0;903.8274232901899;4.827423290189927;4.827423290189927;868.0
001_MUC_H02_CONTROLE_15INPUTS_NH32_S01;2;18;Validação;2022-05-02 23:00;202205022300;882.0;926.0;941.1877572788712;15.187757278871231;15.187757278871231;882.0
001_MUC_H02_CONTROLE_15INPUTS_NH32_S01;2;18;Validação;2022-05-03 00:00;202205030000;899.0;958.0;968.3724494966731;10.372449496673084;10.372449496673084;899.0
001_MUC_H02_CONTROLE_15INPUTS_NH32_S01;2;18;Validação;2022-05-03 01:00;202205030100;926.0;993.0;997.9937687662302;4.993768766230232;4.993768766230232;926.0
001_MUC_H02_CONTROLE_15INPUTS_NH32_S01;2;18;Validação;2022-05-03 02:00;202205030200;958.0;1024.0;1037.5688915803164;13.568891580316404;13.568891580316404;958.0
001_MUC_H02_CONTROLE_15INPUTS_NH32_S01;2;18;Validação;2022-05-03 03:00;202205030300;993.0;1048.0;1066.7666925258163;18.766692525816325;18.766692525816325;993.0
001_MUC_H02_CONTROLE_15INPUTS_NH32_S01;2;18;Validação;2022-05-03 04:00;202205030400;1024.0;1064.0;1059.2237092637413;-4.776290736258716;4.776290736258716;1024.0
001_MUC_H02_CONTROLE_15INPUTS_NH32_S01;2;18;Validação;2022-05-03 05:00;202205030500;1048.0;1065.0;1052.1717346591;-12.828265340900089;12.828265340900089;1048.0
001_MUC_H02_CONTROLE_15INPUTS_NH32_S01;2;18;Validação;2022-05-03 06:00;202205030600;1064.0;1061.0;1052.8233488457183;-8.176651154281672;8.176651154281672;1064.0
001_MUC_H02_CONTROLE_15INPUTS_NH32_S01;2;18;Validação;2022-05-03 07:00;202205030700;1065.0;1055.0;1045.1748582840246;-9.825141715975406;9.825141715975406;1065.0
001_MUC_H02_CONTROLE_15INPUTS_NH32_S01;2;18;Validação;2022-05-03 08:00;202205030800;1061.0;1049.0;1053.5965392390706;4.59653923907058;4.59653923907058;1061.0
001_MUC_H02_CONTROLE_15INPUTS_NH32_S01;2;18;Validação;2022-05-03 09:00;202205030900;1055.0;1056.0;1059.236825143475;3.2368251434750164;3.2368251434750164;1055.0
001_MUC_H02_CONTROLE_15INPUTS_NH32_S01;2;18;Validação;2022-05-03 10:00;202205031000;1049.0;1063.0;1069.5509955908203;6.550995590820321;6.550995590820321;1049.0
001_MUC_H02_CONTROLE_15INPUTS_NH32_S01;2;18;Validação;2022-05-03 11:00;202205031100;1056.0;1083.0;1102.3603143244063;19.360314324406318;19.360314324406318;1056.0
001_MUC_H02_CONTROLE_15INPUTS_NH32_S01;2;18;Validação;2022-05-03 12:00;202205031200;1063.0;1103.0;1110.43507591495;7.435075914949948;7.435075914949948;1063.0
001_MUC_H02_CONTROLE_15INPUTS_NH32_S01;2;18;Validação;2022-05-03 13:00;202205031300;1083.0;1122.0;1152.5658129557994;30.5658129557994;30.5658129557994;1083.0
001_MUC_H02_CONTROLE_15INPUTS_NH32_S01;2;18;Validação;2022-05-03 14:00;202205031400;1103.0;1146.0;1160.9636343289687;14.963634328968737;14.963634328968737;1103.0
001_MUC_H02_CONTROLE_15INPUTS_NH32_S01;2;18;Validação;2022-05-03 15:00;202205031500;1122.0;1163.0;1172.1601610891917;9.16016108919166;9.16016108919166;1122.0
001_MUC_H02_CONTROLE_15INPUTS_NH32_S01;2;18;Validação;2022-05-03 16:00;202205031600;1146.0;1181.0;1198.0485630873206;17.048563087320645;17.048563087320645;1146.0
001_MUC_H02_CONTROLE_15INPUTS_NH32_S01;2;18;Validação;2022-05-03 17:00;202205031700;1163.0;1203.0;1200.6656795474664;-2.334320452533575;2.334320452533575;1163.0
001_MUC_H02_CONTROLE_15INPUTS_NH32_S01;2;18;Validação;2022-05-03 18:00;202205031800;1181.0;1219.0;1223.2389861479314;4.238986147931428;4.238986147931428;1181.0
001_MUC_H02_CONTROLE_15INPUTS_NH32_S01;2;18;Validação;2022-05-03 19:00;202205031900;1203.0;1240.0;1251.897336363971;11.897336363970908;11.897336363970908;1203.0
001_MUC_H02_CONTROLE_15INPUTS_NH32_S01;2;18;Validação;2022-05-03 20:00;202205032000;1219.0;1260.0;1261.963889655814;1.9638896558140004;1.9638896558140004;1219.0
001_MUC_H02_CONTROLE_15INPUTS_NH32_S01;2;18;Validação;2022-05-03 21:00;202205032100;1240.0;1277.0;1286.9786062905155;9.978606290515472;9.978606290515472;1240.0
001_MUC_H02_CONTROLE_15INPUTS_NH32_S01;2;18;Validação;2022-05-03 22:00;202205032200;1260.0;1293.0;1302.7371142525174;9.737114252517358;9.737114252517358;1260.0
001_MUC_H02_CONTROLE_15INPUTS_NH32_S01;2;18;Validação;2022-05-03 23:00;202205032300;1277.0;1310.0;1312.9167461053585;2.9167461053584702;2.9167461053584702;1277.0
001_MUC_H02_CONTROLE_15INPUTS_NH32_S01;2;18;Validação;2022-05-04 00:00;202205040000;1293.0;1315.0;1322.679608972491;7.679608972490996;7.679608972490996;1293.0
001_MUC_H02_CONTROLE_15INPUTS_NH32_S01;2;18;Validação;2022-05-04 01:00;202205040100;1310.0;1327.0;1338.335806825107;11.335806825107056;11.335806825107056;1310.0
001_MUC_H02_CONTROLE_15INPUTS_NH32_S01;2;18;Validação;2022-05-04 02:00;202205040200;1315.0;1330.0;1328.3480001457547;-1.6519998542453322;1.6519998542453322;1315.0
001_MUC_H02_CONTROLE_15INPUTS_NH32_S01;2;18;Validação;2022-05-04 03:00;202205040300;1327.0;1332.0;1343.3749710346192;11.374971034619193;11.374971034619193;1327.0
001_MUC_H02_CONTROLE_15INPUTS_NH32_S01;2;18;Validação;2022-05-04 04:00;202205040400;1330.0;1337.0;1332.927867024776;-4.072132975223894;4.072132975223894;1330.0
001_MUC_H02_CONTROLE_15INPUTS_NH32_S01;2;18;Validação;2022-05-04 05:00;202205040500;1332.0;1329.0;1332.2991631985478;3.2991631985478307;3.2991631985478307;1332.0
001_MUC_H02_CONTROLE_15INPUTS_NH32_S01;2;18;Validação;2022-05-04 06:00;202205040600;1337.0;1319.0;1333.2815459879148;14.281545987914797;14.281545987914797;1337.0
001_MUC_H02_CONTROLE_15INPUTS_NH32_S01;2;18;Validação;2022-05-04 07:00;202205040700;1329.0;1304.0;1310.156101782592;6.156101782592032;6.156101782592032;1329.0
001_MUC_H02_CONTROLE_15INPUTS_NH32_S01;2;18;Validação;2022-05-04 08:00;202205040800;1319.0;1287.0;1297.8164518841672;10.816451884167236;10.816451884167236;1319.0
001_MUC_H02_CONTROLE_15INPUTS_NH32_S01;2;18;Validação;2022-05-04 09:00;202205040900;1304.0;1278.0;1281.3722320423708;3.372232042370797;3.372232042370797;1304.0
001_MUC_H02_CONTROLE_15INPUTS_NH32_S01;2;18;Validação;2022-05-04 10:00;202205041000;1287.0;1264.0;1264.567580820186;0.5675808201860946;0.5675808201860946;1287.0
001_MUC_H02_CONTROLE_15INPUTS_NH32_S01;2;18;Validação;2022-05-04 11:00;202205041100;1278.0;1254.0;1262.7161067343386;8.71610673433861;8.71610673433861;1278.0
001_MUC_H02_CONTROLE_15INPUTS_NH32_S01;2;18;Validação;2022-05-04 12:00;202205041200;1264.0;1241.0;1241.129736689711;0.12973668971108054;0.12973668971108054;1264.0
001_MUC_H02_CONTROLE_15INPUTS_NH32_S01;2;18;Validação;2022-05-04 13:00;202205041300;1254.0;1227.0;1232.315740202137;5.315740202137022;5.315740202137022;1254.0
001_MUC_H02_CONTROLE_15INPUTS_NH32_S01;2;18;Validação;2022-05-04 14:00;202205041400;1241.0;1211.0;1219.3103444766784;8.310344476678438;8.310344476678438;1241.0
001_MUC_H02_CONTROLE_15INPUTS_NH32_S01;2;18;Validação;2022-05-04 15:00;202205041500;1227.0;1202.0;1201.6706445933742;-0.3293554066258366;0.3293554066258366;1227.0
001_MUC_H02_CONTROLE_15INPUTS_NH32_S01;2;18;Validação;2022-05-04 16:00;202205041600;1211.0;1187.0;1185.0676608238505;-1.9323391761495259;1.9323391761495259;1211.0
001_MUC_H02_CONTROLE_15INPUTS_NH32_S01;2;18;Validação;2022-05-04 17:00;202205041700;1202.0;1177.0;1183.4708173171862;6.4708173171861745;6.4708173171861745;1202.0
001_MUC_H02_CONTROLE_15INPUTS_NH32_S01;2;18;Validação;2022-05-04 18:00;202205041800;1187.0;1165.0;1162.0493533305676;-2.9506466694324445;2.9506466694324445;1187.0
001_MUC_H02_CONTROLE_15INPUTS_NH32_S01;2;18;Validação;2022-05-04 19:00;202205041900;1177.0;1156.0;1156.0503061985899;0.05030619858985119;0.05030619858985119;1177.0
001_MUC_H02_CONTROLE_15INPUTS_NH32_S01;2;18;Validação;2022-05-04 20:00;202205042000;1165.0;1143.0;1138.0807907383303;-4.919209261669721;4.919209261669721;1165.0
001_MUC_H02_CONTROLE_15INPUTS_NH32_S01;2;18;Validação;2022-05-04 21:00;202205042100;1156.0;1131.0;1131.0770239061726;0.0770239061725988;0.0770239061725988;1156.0
001_MUC_H02_CONTROLE_15INPUTS_NH32_S01;2;18;Validação;2022-05-04 22:00;202205042200;1143.0;1110.0;1110.7103262540104;0.710326254010397;0.710326254010397;1143.0
001_MUC_H02_CONTROLE_15INPUTS_NH32_S01;2;18;Validação;2022-05-04 23:00;202205042300;1131.0;1096.0;1095.4548418297227;-0.5451581702773183;0.5451581702773183;1131.0
001_MUC_H02_CONTROLE_15INPUTS_NH32_S01;2;18;Validação;2022-05-05 00:00;202205050000;1110.0;1084.0;1069.8962484035906;-14.103751596409438;14.103751596409438;1110.0
001_MUC_H02_CONTROLE_15INPUTS_NH32_S01;2;18;Validação;2022-05-05 01:00;202205050100;1096.0;1061.0;1058.151208237327;-2.848791762673045;2.848791762673045;1096.0
001_MUC_H02_CONTROLE_15INPUTS_NH32_S01;2;18;Validação;2022-05-05 02:00;202205050200;1084.0;1034.0;1038.5446138222105;4.544613822210522;4.544613822210522;1084.0
001_MUC_H02_CONTROLE_15INPUTS_NH32_S01;2;18;Validação;2022-05-05 03:00;202205050300;1061.0;1010.0;1009.9325881376282;-0.06741186237184138;0.06741186237184138;1061.0
001_MUC_H02_CONTROLE_15INPUTS_NH32_S01;2;18;Validação;2022-05-05 04:00;202205050400;1034.0;987.0;988.2617865483303;1.2617865483302921;1.2617865483302921;1034.0
001_MUC_H02_CONTROLE_15INPUTS_NH32_S01;2;18;Validação;2022-05-05 05:00;202205050500;1010.0;967.0;974.6417478964099;7.641747896409925;7.641747896409925;1010.0
001_MUC_H02_CONTROLE_15INPUTS_NH32_S01;2;18;Validação;2022-05-05 06:00;202205050600;987.0;949.0;953.7702205170315;4.7702205170314755;4.7702205170314755;987.0
001_MUC_H02_CONTROLE_15INPUTS_NH32_S01;2;18;Validação;2022-05-05 07:00;202205050700;967.0;932.0;930.0138046916109;-1.9861953083891422;1.9861953083891422;967.0
001_MUC_H02_CONTROLE_15INPUTS_NH32_S01;2;18;Validação;2022-05-05 08:00;202205050800;949.0;914.0;914.5530415066855;0.5530415066855312;0.5530415066855312;949.0
001_MUC_H02_CONTROLE_15INPUTS_NH32_S01;2;18;Validação;2022-05-05 09:00;202205050900;932.0;894.0;904.8390973429301;10.839097342930131;10.839097342930131;932.0
001_MUC_H02_CONTROLE_15INPUTS_NH32_S01;2;18;Validação;2022-05-05 10:00;202205051000;914.0;884.0;889.4007194092059;5.400719409205863;5.400719409205863;914.0
001_MUC_H02_CONTROLE_15INPUTS_NH32_S01;2;18;Validação;2022-05-05 11:00;202205051100;894.0;872.0;871.3803732327955;-0.6196267672045224;0.6196267672045224;894.0
001_MUC_H02_CONTROLE_15INPUTS_NH32_S01;2;18;Validação;2022-05-05 12:00;202205051200;884.0;862.0;870.7692562985665;8.76925629856646;8.76925629856646;884.0
001_MUC_H02_CONTROLE_15INPUTS_NH32_S01;2;18;Validação;2022-05-05 13:00;202205051300;872.0;853.0;852.5356042251332;-0.4643957748668299;0.4643957748668299;872.0
001_MUC_H02_CONTROLE_15INPUTS_NH32_S01;2;18;Validação;2022-05-05 14:00;202205051400;862.0;842.0;843.4885769521218;1.4885769521217753;1.4885769521217753;862.0
001_MUC_H02_CONTROLE_15INPUTS_NH32_S01;2;18;Validação;2022-05-05 15:00;202205051500;853.0;832.0;833.0731320111917;1.0731320111916602;1.0731320111916602;853.0
001_MUC_H02_CONTROLE_15INPUTS_NH32_S01;2;18;Validação;2022-05-05 16:00;202205051600;842.0;820.0;820.2649534362878;0.264953436287783;0.264953436287783;842.0
001_MUC_H02_CONTROLE_15INPUTS_NH32_S01;2;18;Validação;2022-05-05 17:00;202205051700;832.0;807.0;810.5292316419353;3.5292316419353256;3.5292316419353256;832.0
001_MUC_H02_CONTROLE_15INPUTS_NH32_S01;2;18;Validação;2022-05-05 18:00;202205051800;820.0;794.0;798.8162660936088;4.8162660936087605;4.8162660936087605;820.0
001_MUC_H02_CONTROLE_15INPUTS_NH32_S01;2;18;Validação;2022-05-05 19:00;202205051900;807.0;783.0;787.8560363848204;4.856036384820413;4.856036384820413;807.0
001_MUC_H02_CONTROLE_15INPUTS_NH32_S01;2;18;Validação;2022-05-05 20:00;202205052000;794.0;777.0;777.8386790401097;0.838679040109696;0.838679040109696;794.0
001_MUC_H02_CONTROLE_15INPUTS_NH32_S01;2;18;Validação;2022-05-05 21:00;202205052100;783.0;767.0;770.6903516828303;3.6903516828302827;3.6903516828302827;783.0
001_MUC_H02_CONTROLE_15INPUTS_NH32_S01;2;18;Validação;2022-05-05 22:00;202205052200;777.0;759.0;773.3271330739072;14.327133073907248;14.327133073907248;777.0
001_MUC_H02_CONTROLE_15INPUTS_NH32_S01;2;18;Validação;2022-05-05 23:00;202205052300;767.0;755.0;759.4853191591345;4.485319159134519;4.485319159134519;767.0
001_MUC_H02_CONTROLE_15INPUTS_NH32_S01;2;18;Validação;2022-05-06 00:00;202205060000;759.0;750.0;749.4645585427335;-0.5354414572665291;0.5354414572665291;759.0
001_MUC_H02_CONTROLE_15INPUTS_NH32_S01;2;18;Validação;2022-05-06 01:00;202205060100;755.0;742.0;749.2972732092874;7.2972732092873684;7.2972732092873684;755.0
001_MUC_H02_CONTROLE_15INPUTS_NH32_S01;2;18;Validação;2022-05-06 02:00;202205060200;750.0;730.0;735.0582024407797;5.0582024407797235;5.0582024407797235;750.0
001_MUC_H02_CONTROLE_15INPUTS_NH32_S01;2;18;Validação;2022-05-06 03:00;202205060300;742.0;718.0;724.4793183046334;6.4793183046333525;6.4793183046333525;742.0
001_MUC_H02_CONTROLE_15INPUTS_NH32_S01;2;18;Validação;2022-05-06 04:00;202205060400;730.0;709.0;714.2856546175186;5.285654617518617;5.285654617518617;730.0
001_MUC_H02_CONTROLE_15INPUTS_NH32_S01;2;18;Validação;2022-05-06 05:00;202205060500;718.0;699.0;704.593964911556;5.593964911555986;5.593964911555986;718.0
001_MUC_H02_CONTROLE_15INPUTS_NH32_S01;2;18;Validação;2022-05-06 06:00;202205060600;709.0;692.0;703.0523260436186;11.052326043618564;11.052326043618564;709.0
001_MUC_H02_CONTROLE_15INPUTS_NH32_S01;2;18;Validação;2022-05-06 07:00;202205060700;699.0;687.0;689.3616024320861;2.3616024320861015;2.3616024320861015;699.0
001_MUC_H02_CONTROLE_15INPUTS_NH32_S01;2;18;Validação;2022-05-06 08:00;202205060800;692.0;679.0;683.8507843311104;4.85078433111039;4.85078433111039;692.0
001_MUC_H02_CONTROLE_15INPUTS_NH32_S01;2;18;Validação;2022-05-06 09:00;202205060900;687.0;668.0;678.81155535742;10.811555357420048;10.811555357420048;687.0
001_MUC_H02_CONTROLE_15INPUTS_NH32_S01;2;18;Validação;2022-05-06 10:00;202205061000;679.0;661.0;665.4061280832736;4.406128083273643;4.406128083273643;679.0
001_MUC_H02_CONTROLE_15INPUTS_NH32_S01;2;18;Validação;2022-05-06 11:00;202205061100;668.0;652.0;653.1840093007202;1.184009300720163;1.184009300720163;668.0
001_MUC_H02_CONTROLE_15INPUTS_NH32_S01;2;18;Validação;2022-05-06 12:00;202205061200;661.0;644.0;652.035389858229;8.035389858228996;8.035389858228996;661.0
001_MUC_H02_CONTROLE_15INPUTS_NH32_S01;2;18;Validação;2022-05-06 13:00;202205061300;652.0;638.0;639.1282991255113;1.128299125511262;1.128299125511262;652.0
001_MUC_H02_CONTROLE_15INPUTS_NH32_S01;2;18;Validação;2022-05-06 14:00;202205061400;644.0;629.0;632.2472246993225;3.247224699322487;3.247224699322487;644.0
001_MUC_H02_CONTROLE_15INPUTS_NH32_S01;2;18;Validação;2022-05-06 15:00;202205061500;638.0;621.0;628.9024541790529;7.902454179052938;7.902454179052938;638.0
001_MUC_H02_CONTROLE_15INPUTS_NH32_S01;2;18;Validação;2022-05-06 16:00;202205061600;629.0;614.0;615.9561036104291;1.9561036104290679;1.9561036104290679;629.0
001_MUC_H02_CONTROLE_15INPUTS_NH32_S01;2;18;Validação;2022-05-06 17:00;202205061700;621.0;607.0;610.3221951887956;3.322195188795604;3.322195188795604;621.0
001_MUC_H02_CONTROLE_15INPUTS_NH32_S01;2;18;Validação;2022-05-06 18:00;202205061800;614.0;601.0;605.7460555423622;4.746055542362228;4.746055542362228;614.0
001_MUC_H02_CONTROLE_15INPUTS_NH32_S01;2;18;Validação;2022-05-06 19:00;202205061900;607.0;596.0;598.8008387046941;2.8008387046941152;2.8008387046941152;607.0
001_MUC_H02_CONTROLE_15INPUTS_NH32_S01;2;18;Validação;2022-05-06 20:00;202205062000;601.0;587.0;593.2145668305461;6.214566830546119;6.214566830546119;601.0
001_MUC_H02_CONTROLE_15INPUTS_NH32_S01;2;18;Validação;2022-05-06 21:00;202205062100;596.0;581.0;589.4379232542219;8.437923254221914;8.437923254221914;596.0
001_MUC_H02_CONTROLE_15INPUTS_NH32_S01;2;18;Validação;2022-05-06 22:00;202205062200;587.0;575.0;575.2989739072093;0.2989739072093016;0.2989739072093016;587.0
001_MUC_H02_CONTROLE_15INPUTS_NH32_S01;2;18;Validação;2022-05-06 23:00;202205062300;581.0;570.0;573.5053651430995;3.5053651430995387;3.5053651430995387;581.0
001_MUC_H02_CONTROLE_15INPUTS_NH32_S01;2;18;Validação;2022-05-07 00:00;202205070000;575.0;564.0;566.8963788443558;2.8963788443558087;2.8963788443558087;575.0
001_MUC_H02_CONTROLE_15INPUTS_NH32_S01;2;18;Validação;2022-05-07 01:00;202205070100;570.0;558.0;562.7469445014555;4.746944501455459;4.746944501455459;570.0
001_MUC_H02_CONTROLE_15INPUTS_NH32_S01;2;18;Validação;2022-05-07 02:00;202205070200;564.0;553.0;556.308233668937;3.308233668936964;3.308233668936964;564.0
001_MUC_H02_CONTROLE_15INPUTS_NH32_S01;2;18;Validação;2022-05-07 03:00;202205070300;558.0;547.0;550.2016942866662;3.201694286666225;3.201694286666225;558.0
001_MUC_H02_CONTROLE_15INPUTS_NH32_S01;2;18;Validação;2022-05-07 04:00;202205070400;553.0;543.0;546.0034136798143;3.0034136798143436;3.0034136798143436;553.0
001_MUC_H02_CONTROLE_15INPUTS_NH32_S01;2;18;Validação;2022-05-07 05:00;202205070500;547.0;536.0;539.115857435226;3.115857435225962;3.115857435225962;547.0
001_MUC_H02_CONTROLE_15INPUTS_NH32_S01;2;18;Validação;2022-05-07 06:00;202205070600;543.0;530.0;537.5792713680157;7.579271368015725;7.579271368015725;543.0
001_MUC_H02_CONTROLE_15INPUTS_NH32_S01;2;18;Validação;2022-05-07 07:00;202205070700;536.0;525.0;527.5430924060662;2.5430924060661937;2.5430924060661937;536.0
001_MUC_H02_CONTROLE_15INPUTS_NH32_S01;2;18;Validação;2022-05-07 08:00;202205070800;530.0;519.0;522.7449755806678;3.744975580667756;3.744975580667756;530.0
001_MUC_H02_CONTROLE_15INPUTS_NH32_S01;2;18;Validação;2022-05-07 09:00;202205070900;525.0;514.0;518.6581064941408;4.6581064941408385;4.6581064941408385;525.0
001_MUC_H02_CONTROLE_15INPUTS_NH32_S01;2;18;Validação;2022-05-07 10:00;202205071000;519.0;510.0;511.36607090555754;1.3660709055575353;1.3660709055575353;519.0
001_MUC_H02_CONTROLE_15INPUTS_NH32_S01;2;18;Validação;2022-05-07 11:00;202205071100;514.0;505.0;507.90836193314476;2.9083619331447608;2.9083619331447608;514.0
001_MUC_H02_CONTROLE_15INPUTS_NH32_S01;2;18;Validação;2022-05-07 12:00;202205071200;510.0;499.0;504.9672192541717;5.9672192541717095;5.9672192541717095;510.0
001_MUC_H02_CONTROLE_15INPUTS_NH32_S01;2;18;Validação;2022-05-07 13:00;202205071300;505.0;494.0;497.4850785271845;3.4850785271844984;3.4850785271844984;505.0
001_MUC_H02_CONTROLE_15INPUTS_NH32_S01;2;21;Validação;2023-07-11 18:00;202307111800;394.0;388.0;385.1167372787519;-2.8832627212481157;2.8832627212481157;394.0
001_MUC_H02_CONTROLE_15INPUTS_NH32_S01;2;21;Validação;2023-07-11 19:00;202307111900;391.0;385.0;382.1992578859962;-2.8007421140038105;2.8007421140038105;391.0
001_MUC_H02_CONTROLE_15INPUTS_NH32_S01;2;21;Validação;2023-07-11 20:00;202307112000;388.0;382.0;378.55856162148734;-3.4414383785126574;3.4414383785126574;388.0
001_MUC_H02_CONTROLE_15INPUTS_NH32_S01;2;21;Validação;2023-07-11 21:00;202307112100;385.0;380.0;376.086259701553;-3.91374029844701;3.91374029844701;385.0
001_MUC_H02_CONTROLE_15INPUTS_NH32_S01;2;21;Validação;2023-07-11 22:00;202307112200;382.0;378.0;373.6735816492265;-4.326418350773508;4.326418350773508;382.0
001_MUC_H02_CONTROLE_15INPUTS_NH32_S01;2;21;Validação;2023-07-11 23:00;202307112300;380.0;375.0;372.80703756534285;-2.1929624346571472;2.1929624346571472;380.0
001_MUC_H02_CONTROLE_15INPUTS_NH32_S01;2;21;Validação;2023-07-12 00:00;202307120000;378.0;373.0;370.526251003115;-2.4737489968849786;2.4737489968849786;378.0
001_MUC_H02_CONTROLE_15INPUTS_NH32_S01;2;21;Validação;2023-07-12 01:00;202307120100;375.0;371.0;365.9299432163648;-5.070056783635209;5.070056783635209;375.0
001_MUC_H02_CONTROLE_15INPUTS_NH32_S01;2;21;Validação;2023-07-12 02:00;202307120200;373.0;368.0;366.0551610805419;-1.9448389194581068;1.9448389194581068;373.0
001_MUC_H02_CONTROLE_15INPUTS_NH32_S01;2;21;Validação;2023-07-12 03:00;202307120300;371.0;367.0;363.5318101930528;-3.46818980694718;3.46818980694718;371.0
001_MUC_H02_CONTROLE_15INPUTS_NH32_S01;2;21;Validação;2023-07-12 04:00;202307120400;368.0;367.0;359.7041546358565;-7.295845364143474;7.295845364143474;368.0
001_MUC_H02_CONTROLE_15INPUTS_NH32_S01;2;21;Validação;2023-07-12 05:00;202307120500;367.0;365.0;361.2450851120804;-3.754914887919597;3.754914887919597;367.0
001_MUC_H02_CONTROLE_15INPUTS_NH32_S01;2;21;Validação;2023-07-12 06:00;202307120600;367.0;365.0;362.445208018696;-2.5547919813039925;2.5547919813039925;367.0
001_MUC_H02_CONTROLE_15INPUTS_NH32_S01;2;21;Validação;2023-07-12 07:00;202307120700;365.0;365.0;358.32811120178803;-6.671888798211967;6.671888798211967;365.0
001_MUC_H02_CONTROLE_15INPUTS_NH32_S01;2;21;Validação;2023-07-12 08:00;202307120800;365.0;367.0;361.02579792624226;-5.974202073757738;5.974202073757738;365.0
001_MUC_H02_CONTROLE_15INPUTS_NH32_S01;2;21;Validação;2023-07-12 09:00;202307120900;365.0;368.0;361.5999478981063;-6.400052101893721;6.400052101893721;365.0
001_MUC_H02_CONTROLE_15INPUTS_NH32_S01;2;21;Validação;2023-07-12 10:00;202307121000;367.0;374.0;366.27430943512763;-7.725690564872366;7.725690564872366;367.0
001_MUC_H02_CONTROLE_15INPUTS_NH32_S01;2;21;Validação;2023-07-12 11:00;202307121100;368.0;384.0;367.16480206672816;-16.835197933271843;16.835197933271843;368.0
001_MUC_H02_CONTROLE_15INPUTS_NH32_S01;2;21;Validação;2023-07-12 12:00;202307121200;374.0;395.0;381.2798437284215;-13.720156271578503;13.720156271578503;374.0
001_MUC_H02_CONTROLE_15INPUTS_NH32_S01;2;21;Validação;2023-07-12 13:00;202307121300;384.0;413.0;398.13843709959895;-14.861562900401054;14.861562900401054;384.0
001_MUC_H02_CONTROLE_15INPUTS_NH32_S01;2;21;Validação;2023-07-12 14:00;202307121400;395.0;432.0;414.1859312634326;-17.81406873656738;17.81406873656738;395.0
001_MUC_H02_CONTROLE_15INPUTS_NH32_S01;2;21;Validação;2023-07-12 15:00;202307121500;413.0;455.0;447.4743204430311;-7.525679556968896;7.525679556968896;413.0
001_MUC_H02_CONTROLE_15INPUTS_NH32_S01;2;21;Validação;2023-07-12 16:00;202307121600;432.0;489.0;476.6976124511253;-12.30238754887472;12.30238754887472;432.0
001_MUC_H02_CONTROLE_15INPUTS_NH32_S01;2;21;Validação;2023-07-12 17:00;202307121700;455.0;544.0;514.6010874978244;-29.398912502175563;29.398912502175563;455.0
001_MUC_H02_CONTROLE_15INPUTS_NH32_S01;2;21;Validação;2023-07-12 18:00;202307121800;489.0;631.0;570.288145988474;-60.71185401152604;60.71185401152604;489.0
001_MUC_H02_CONTROLE_15INPUTS_NH32_S01;2;21;Validação;2023-07-12 19:00;202307121900;544.0;727.0;665.3460675343654;-61.653932465634625;61.653932465634625;544.0
001_MUC_H02_CONTROLE_15INPUTS_NH32_S01;2;21;Validação;2023-07-12 20:00;202307122000;631.0;823.0;806.5368576118378;-16.46314238816217;16.46314238816217;631.0
001_MUC_H02_CONTROLE_15INPUTS_NH32_S01;2;21;Validação;2023-07-12 21:00;202307122100;727.0;922.0;921.5326396200727;-0.4673603799272996;0.4673603799272996;727.0
001_MUC_H02_CONTROLE_15INPUTS_NH32_S01;2;21;Validação;2023-07-12 22:00;202307122200;823.0;1037.0;1058.840717769553;21.840717769553066;21.840717769553066;823.0
001_MUC_H02_CONTROLE_15INPUTS_NH32_S01;2;21;Validação;2023-07-12 23:00;202307122300;922.0;1148.0;1153.8083295205747;5.808329520574716;5.808329520574716;922.0
001_MUC_H02_CONTROLE_15INPUTS_NH32_S01;2;21;Validação;2023-07-13 00:00;202307130000;1037.0;1237.0;1250.2448418964918;13.244841896491835;13.244841896491835;1037.0
001_MUC_H02_CONTROLE_15INPUTS_NH32_S01;2;21;Validação;2023-07-13 01:00;202307130100;1148.0;1295.0;1324.0223587889457;29.022358788945667;29.022358788945667;1148.0
001_MUC_H02_CONTROLE_15INPUTS_NH32_S01;2;21;Validação;2023-07-13 02:00;202307130200;1237.0;1343.0;1355.9791520196704;12.979152019670437;12.979152019670437;1237.0
001_MUC_H02_CONTROLE_15INPUTS_NH32_S01;2;21;Validação;2023-07-13 03:00;202307130300;1295.0;1382.0;1368.7849101512643;-13.215089848735715;13.215089848735715;1295.0
001_MUC_H02_CONTROLE_15INPUTS_NH32_S01;2;21;Validação;2023-07-13 04:00;202307130400;1343.0;1418.0;1407.4702110503915;-10.529788949608474;10.529788949608474;1343.0
001_MUC_H02_CONTROLE_15INPUTS_NH32_S01;2;21;Validação;2023-07-13 05:00;202307130500;1382.0;1436.0;1434.605588713594;-1.3944112864060116;1.3944112864060116;1382.0
001_MUC_H02_CONTROLE_15INPUTS_NH32_S01;2;21;Validação;2023-07-13 06:00;202307130600;1418.0;1454.0;1462.751798651289;8.751798651288937;8.751798651288937;1418.0
001_MUC_H02_CONTROLE_15INPUTS_NH32_S01;2;21;Validação;2023-07-13 07:00;202307130700;1436.0;1458.0;1450.6155004240468;-7.384499575953214;7.384499575953214;1436.0
001_MUC_H02_CONTROLE_15INPUTS_NH32_S01;2;21;Validação;2023-07-13 08:00;202307130800;1454.0;1455.0;1465.5430651202585;10.543065120258461;10.543065120258461;1454.0
001_MUC_H02_CONTROLE_15INPUTS_NH32_S01;2;21;Validação;2023-07-13 09:00;202307130900;1458.0;1453.0;1448.8261260430397;-4.1738739569602785;4.1738739569602785;1458.0
001_MUC_H02_CONTROLE_15INPUTS_NH32_S01;2;21;Validação;2023-07-13 10:00;202307131000;1455.0;1450.0;1443.619241499896;-6.380758500104093;6.380758500104093;1455.0
001_MUC_H02_CONTROLE_15INPUTS_NH32_S01;2;21;Validação;2023-07-13 11:00;202307131100;1453.0;1440.0;1442.3392137549345;2.3392137549344625;2.3392137549344625;1453.0
001_MUC_H02_CONTROLE_15INPUTS_NH32_S01;2;21;Validação;2023-07-13 12:00;202307131200;1450.0;1432.0;1429.5430274832581;-2.456972516741871;2.456972516741871;1450.0
001_MUC_H02_CONTROLE_15INPUTS_NH32_S01;2;21;Validação;2023-07-13 13:00;202307131300;1440.0;1417.0;1410.1799068960695;-6.820093103930503;6.820093103930503;1440.0
001_MUC_H02_CONTROLE_15INPUTS_NH32_S01;2;21;Validação;2023-07-13 14:00;202307131400;1432.0;1402.0;1397.8486839326183;-4.151316067381686;4.151316067381686;1432.0
001_MUC_H02_CONTROLE_15INPUTS_NH32_S01;2;21;Validação;2023-07-13 15:00;202307131500;1417.0;1380.0;1370.6939649251042;-9.306035074895817;9.306035074895817;1417.0
001_MUC_H02_CONTROLE_15INPUTS_NH32_S01;2;21;Validação;2023-07-13 16:00;202307131600;1402.0;1359.0;1353.4666447584373;-5.533355241562731;5.533355241562731;1402.0
001_MUC_H02_CONTROLE_15INPUTS_NH32_S01;2;21;Validação;2023-07-13 17:00;202307131700;1380.0;1332.0;1322.7246567974805;-9.27534320251948;9.27534320251948;1380.0
001_MUC_H02_CONTROLE_15INPUTS_NH32_S01;2;21;Validação;2023-07-13 18:00;202307131800;1359.0;1307.0;1300.7842726770925;-6.215727322907469;6.215727322907469;1359.0
001_MUC_H02_CONTROLE_15INPUTS_NH32_S01;2;21;Validação;2023-07-13 19:00;202307131900;1332.0;1277.0;1268.9203516405232;-8.079648359476778;8.079648359476778;1332.0
001_MUC_H02_CONTROLE_15INPUTS_NH32_S01;2;21;Validação;2023-07-13 20:00;202307132000;1307.0;1250.0;1245.48285970343;-4.517140296570005;4.517140296570005;1307.0
001_MUC_H02_CONTROLE_15INPUTS_NH32_S01;2;21;Validação;2023-07-13 21:00;202307132100;1277.0;1226.0;1212.3737606070792;-13.626239392920752;13.626239392920752;1277.0
001_MUC_H02_CONTROLE_15INPUTS_NH32_S01;2;21;Validação;2023-07-13 22:00;202307132200;1250.0;1191.0;1188.43574231586;-2.5642576841401024;2.5642576841401024;1250.0
001_MUC_H02_CONTROLE_15INPUTS_NH32_S01;2;21;Validação;2023-07-13 23:00;202307132300;1226.0;1171.0;1170.9003233285027;-0.09967667149726367;0.09967667149726367;1226.0
001_MUC_H02_CONTROLE_15INPUTS_NH32_S01;2;21;Validação;2023-07-14 00:00;202307140000;1191.0;1147.0;1133.525732508993;-13.474267491006913;13.474267491006913;1191.0
001_MUC_H02_CONTROLE_15INPUTS_NH32_S01;2;21;Validação;2023-07-14 01:00;202307140100;1171.0;1123.0;1126.2628879553288;3.262887955328779;3.262887955328779;1171.0
001_MUC_H02_CONTROLE_15INPUTS_NH32_S01;2;21;Validação;2023-07-14 02:00;202307140200;1147.0;1101.0;1094.9627372857988;-6.037262714201233;6.037262714201233;1147.0
001_MUC_H02_CONTROLE_15INPUTS_NH32_S01;2;21;Validação;2023-07-14 03:00;202307140300;1123.0;1078.0;1068.6134454201738;-9.386554579826225;9.386554579826225;1123.0
001_MUC_H02_CONTROLE_15INPUTS_NH32_S01;2;21;Validação;2023-07-14 04:00;202307140400;1101.0;1054.0;1048.1180704530468;-5.881929546953188;5.881929546953188;1101.0
001_MUC_H02_CONTROLE_15INPUTS_NH32_S01;2;21;Validação;2023-07-14 05:00;202307140500;1078.0;1025.0;1024.172523221132;-0.8274767788680037;0.8274767788680037;1078.0
001_MUC_H02_CONTROLE_15INPUTS_NH32_S01;2;21;Validação;2023-07-14 06:00;202307140600;1054.0;997.0;995.7479459672948;-1.2520540327052458;1.2520540327052458;1054.0
001_MUC_H02_CONTROLE_15INPUTS_NH32_S01;2;21;Validação;2023-07-14 07:00;202307140700;1025.0;972.0;966.69925441742;-5.300745582580021;5.300745582580021;1025.0
001_MUC_H02_CONTROLE_15INPUTS_NH32_S01;2;21;Validação;2023-07-14 08:00;202307140800;997.0;947.0;947.2319091555612;0.23190915556119762;0.23190915556119762;997.0
001_MUC_H02_CONTROLE_15INPUTS_NH32_S01;2;21;Validação;2023-07-14 09:00;202307140900;972.0;922.0;921.9989867698566;-0.001013230143371402;0.001013230143371402;972.0
001_MUC_H02_CONTROLE_15INPUTS_NH32_S01;2;21;Validação;2023-07-14 10:00;202307141000;947.0;898.0;896.0006765951014;-1.9993234048986324;1.9993234048986324;947.0
001_MUC_H02_CONTROLE_15INPUTS_NH32_S01;2;21;Validação;2023-07-14 11:00;202307141100;922.0;880.0;878.8633137489054;-1.136686251094602;1.136686251094602;922.0
001_MUC_H02_CONTROLE_15INPUTS_NH32_S01;2;21;Validação;2023-07-14 12:00;202307141200;898.0;864.0;860.9172615811424;-3.082738418857616;3.082738418857616;898.0
001_MUC_H02_CONTROLE_15INPUTS_NH32_S01;2;21;Validação;2023-07-14 13:00;202307141300;880.0;859.0;858.1069720654641;-0.893027934535894;0.893027934535894;880.0
001_MUC_H02_CONTROLE_15INPUTS_NH32_S01;2;21;Validação;2023-07-14 14:00;202307141400;864.0;857.0;851.5656073701595;-5.434392629840545;5.434392629840545;864.0
001_MUC_H02_CONTROLE_15INPUTS_NH32_S01;2;21;Validação;2023-07-14 15:00;202307141500;859.0;851.0;848.175780572493;-2.824219427507046;2.824219427507046;859.0
001_MUC_H02_CONTROLE_15INPUTS_NH32_S01;2;21;Validação;2023-07-14 16:00;202307141600;857.0;842.0;837.4491409072027;-4.550859092797282;4.550859092797282;857.0
001_MUC_H02_CONTROLE_15INPUTS_NH32_S01;2;21;Validação;2023-07-14 17:00;202307141700;851.0;826.0;819.0506614899112;-6.949338510088751;6.949338510088751;851.0
001_MUC_H02_CONTROLE_15INPUTS_NH32_S01;2;21;Validação;2023-07-14 18:00;202307141800;842.0;805.0;796.3163019162724;-8.683698083727563;8.683698083727563;842.0
001_MUC_H02_CONTROLE_15INPUTS_NH32_S01;2;21;Validação;2023-07-14 19:00;202307141900;826.0;778.0;777.8749948386463;-0.1250051613536698;0.1250051613536698;826.0
001_MUC_H02_CONTROLE_15INPUTS_NH32_S01;2;21;Validação;2023-07-14 20:00;202307142000;805.0;750.0;758.5254297277363;8.52542972773631;8.52542972773631;805.0
001_MUC_H02_CONTROLE_15INPUTS_NH32_S01;2;21;Validação;2023-07-14 21:00;202307142100;778.0;731.0;734.3912446291148;3.3912446291147944;3.3912446291147944;778.0
001_MUC_H02_CONTROLE_15INPUTS_NH32_S01;2;21;Validação;2023-07-14 22:00;202307142200;750.0;716.0;715.5857350906424;-0.4142649093575983;0.4142649093575983;750.0
001_MUC_H02_CONTROLE_15INPUTS_NH32_S01;2;21;Validação;2023-07-14 23:00;202307142300;731.0;708.0;708.7921506818092;0.7921506818091757;0.7921506818091757;731.0
001_MUC_H02_CONTROLE_15INPUTS_NH32_S01;2;21;Validação;2023-07-15 00:00;202307150000;716.0;697.0;692.4135328200977;-4.586467179902343;4.586467179902343;716.0
001_MUC_H02_CONTROLE_15INPUTS_NH32_S01;2;21;Validação;2023-07-15 01:00;202307150100;708.0;686.0;685.0005986080273;-0.9994013919726967;0.9994013919726967;708.0
001_MUC_H02_CONTROLE_15INPUTS_NH32_S01;2;21;Validação;2023-07-15 02:00;202307150200;697.0;674.0;675.2448355713019;1.2448355713019055;1.2448355713019055;697.0
001_MUC_H02_CONTROLE_15INPUTS_NH32_S01;2;21;Validação;2023-07-15 03:00;202307150300;686.0;667.0;673.2968222108519;6.2968222108519285;6.2968222108519285;686.0
001_MUC_H02_CONTROLE_15INPUTS_NH32_S01;2;21;Validação;2023-07-15 04:00;202307150400;674.0;663.0;659.1796836326911;-3.8203163673089193;3.8203163673089193;674.0
001_MUC_H02_CONTROLE_15INPUTS_NH32_S01;2;21;Validação;2023-07-15 05:00;202307150500;667.0;659.0;654.9679743230013;-4.032025676998728;4.032025676998728;667.0
001_MUC_H02_CONTROLE_15INPUTS_NH32_S01;2;21;Validação;2023-07-15 06:00;202307150600;663.0;655.0;651.3932041889636;-3.6067958110363634;3.6067958110363634;663.0
001_MUC_H02_CONTROLE_15INPUTS_NH32_S01;2;21;Validação;2023-07-15 07:00;202307150700;659.0;649.0;643.0404144760478;-5.959585523952228;5.959585523952228;659.0
001_MUC_H02_CONTROLE_15INPUTS_NH32_S01;2;21;Validação;2023-07-15 08:00;202307150800;655.0;641.0;637.2559160625563;-3.7440839374437473;3.7440839374437473;655.0
001_MUC_H02_CONTROLE_15INPUTS_NH32_S01;2;21;Validação;2023-07-15 09:00;202307150900;649.0;634.0;630.5401418120568;-3.459858187943155;3.459858187943155;649.0
001_MUC_H02_CONTROLE_15INPUTS_NH32_S01;2;21;Validação;2023-07-15 10:00;202307151000;641.0;626.0;622.0472375938149;-3.9527624061851157;3.9527624061851157;641.0
001_MUC_H02_CONTROLE_15INPUTS_NH32_S01;2;21;Validação;2023-07-15 11:00;202307151100;634.0;623.0;617.0943239630604;-5.905676036939553;5.905676036939553;634.0
001_MUC_H02_CONTROLE_15INPUTS_NH32_S01;2;21;Validação;2023-07-15 12:00;202307151200;626.0;611.0;607.6744491459726;-3.3255508540273695;3.3255508540273695;626.0
001_MUC_H02_CONTROLE_15INPUTS_NH32_S01;2;21;Validação;2023-07-15 13:00;202307151300;623.0;604.0;607.945925054372;3.945925054371969;3.945925054371969;623.0
001_MUC_H02_CONTROLE_15INPUTS_NH32_S01;2;21;Validação;2023-07-15 14:00;202307151400;611.0;597.0;583.9361054642739;-13.06389453572615;13.06389453572615;611.0
001_MUC_H02_CONTROLE_15INPUTS_NH32_S01;2;21;Validação;2023-07-15 15:00;202307151500;604.0;589.0;584.674653944556;-4.325346055444015;4.325346055444015;604.0
001_MUC_H02_CONTROLE_15INPUTS_NH32_S01;2;21;Validação;2023-07-15 16:00;202307151600;597.0;580.0;581.6954931651446;1.695493165144626;1.695493165144626;597.0
001_MUC_H02_CONTROLE_15INPUTS_NH32_S01;2;21;Validação;2023-07-15 17:00;202307151700;589.0;572.0;575.9511723711882;3.9511723711882496;3.9511723711882496;589.0
001_MUC_H02_CONTROLE_15INPUTS_NH32_S01;2;21;Validação;2023-07-15 18:00;202307151800;580.0;569.0;568.0698150736634;-0.9301849263365511;0.9301849263365511;580.0
001_MUC_H02_CONTROLE_15INPUTS_NH32_S01;2;21;Validação;2023-07-15 19:00;202307151900;572.0;568.0;560.1458966871794;-7.854103312820598;7.854103312820598;572.0
001_MUC_H02_CONTROLE_15INPUTS_NH32_S01;2;21;Validação;2023-07-15 20:00;202307152000;569.0;564.0;562.0987891969326;-1.9012108030674426;1.9012108030674426;569.0
001_MUC_H02_CONTROLE_15INPUTS_NH32_S01;2;21;Validação;2023-07-15 21:00;202307152100;568.0;561.0;559.0163469216278;-1.9836530783721855;1.9836530783721855;568.0
001_MUC_H02_CONTROLE_15INPUTS_NH32_S01;2;21;Validação;2023-07-15 22:00;202307152200;564.0;557.0;550.1582413663843;-6.841758633615655;6.841758633615655;564.0
001_MUC_H02_CONTROLE_15INPUTS_NH32_S01;2;21;Validação;2023-07-15 23:00;202307152300;561.0;549.0;548.6259243108784;-0.3740756891215824;0.3740756891215824;561.0
001_MUC_H02_CONTROLE_15INPUTS_NH32_S01;2;21;Validação;2023-07-16 00:00;202307160000;557.0;544.0;542.9231714740897;-1.0768285259102868;1.0768285259102868;557.0
001_MUC_H02_CONTROLE_15INPUTS_NH32_S01;2;21;Validação;2023-07-16 01:00;202307160100;549.0;540.0;531.6494360461899;-8.350563953810138;8.350563953810138;549.0
001_MUC_H02_CONTROLE_15INPUTS_NH32_S01;2;21;Validação;2023-07-16 02:00;202307160200;544.0;533.0;529.7263087479398;-3.273691252060189;3.273691252060189;544.0
001_MUC_H02_CONTROLE_15INPUTS_NH32_S01;2;21;Validação;2023-07-16 03:00;202307160300;540.0;529.0;527.1318072250781;-1.8681927749219085;1.8681927749219085;540.0
001_MUC_H02_CONTROLE_15INPUTS_NH32_S01;2;21;Validação;2023-07-16 04:00;202307160400;533.0;522.0;517.0578871907767;-4.9421128092233175;4.9421128092233175;533.0
001_MUC_H02_CONTROLE_15INPUTS_NH32_S01;2;21;Validação;2023-07-16 05:00;202307160500;529.0;518.0;516.7448612063843;-1.2551387936157425;1.2551387936157425;529.0
001_MUC_H02_CONTROLE_15INPUTS_NH32_S01;2;21;Validação;2023-07-16 06:00;202307160600;522.0;513.0;506.5816240168691;-6.418375983130886;6.418375983130886;522.0
001_MUC_H02_CONTROLE_15INPUTS_NH32_S01;2;21;Validação;2023-07-16 07:00;202307160700;518.0;509.0;506.88039728488684;-2.1196027151131602;2.1196027151131602;518.0
001_MUC_H02_CONTROLE_15INPUTS_NH32_S01;2;21;Validação;2023-07-16 08:00;202307160800;513.0;504.0;500.9675238819674;-3.032476118032605;3.032476118032605;513.0
001_MUC_H02_CONTROLE_15INPUTS_NH32_S01;2;21;Validação;2023-07-16 09:00;202307160900;509.0;499.0;496.80083093394666;-2.1991690660533436;2.1991690660533436;509.0
001_MUC_H02_CONTROLE_15INPUTS_NH32_S01;2;21;Validação;2023-07-16 10:00;202307161000;504.0;494.0;484.1355714721;-9.864428527899975;9.864428527899975;504.0
001_MUC_H02_CONTROLE_15INPUTS_NH32_S01;2;22;Treino;2023-09-04 00:00;202309040000;411.0;429.0;409.62367430145605;-19.37632569854395;19.37632569854395;411.0
001_MUC_H02_CONTROLE_15INPUTS_NH32_S01;2;22;Treino;2023-09-04 01:00;202309040100;417.0;441.0;416.521172246705;-24.47882775329498;24.47882775329498;417.0
001_MUC_H02_CONTROLE_15INPUTS_NH32_S01;2;22;Treino;2023-09-04 02:00;202309040200;429.0;458.0;449.3518334535768;-8.648166546423226;8.648166546423226;429.0
001_MUC_H02_CONTROLE_15INPUTS_NH32_S01;2;22;Treino;2023-09-04 03:00;202309040300;441.0;484.0;468.312667579983;-15.687332420017015;15.687332420017015;441.0
001_MUC_H02_CONTROLE_15INPUTS_NH32_S01;2;22;Treino;2023-09-04 04:00;202309040400;458.0;520.0;501.5718597298322;-18.428140270167773;18.428140270167773;458.0
001_MUC_H02_CONTROLE_15INPUTS_NH32_S01;2;22;Treino;2023-09-04 05:00;202309040500;484.0;569.0;547.5904263931515;-21.40957360684854;21.40957360684854;484.0
001_MUC_H02_CONTROLE_15INPUTS_NH32_S01;2;22;Treino;2023-09-04 06:00;202309040600;520.0;623.0;599.101346523332;-23.89865347666796;23.89865347666796;520.0
001_MUC_H02_CONTROLE_15INPUTS_NH32_S01;2;22;Treino;2023-09-04 07:00;202309040700;569.0;677.0;660.8722043436298;-16.127795656370154;16.127795656370154;569.0
001_MUC_H02_CONTROLE_15INPUTS_NH32_S01;2;22;Treino;2023-09-04 08:00;202309040800;623.0;736.0;719.3414978655512;-16.65850213444878;16.65850213444878;623.0
001_MUC_H02_CONTROLE_15INPUTS_NH32_S01;2;22;Treino;2023-09-04 09:00;202309040900;677.0;807.0;789.3116018319051;-17.688398168094864;17.688398168094864;677.0
001_MUC_H02_CONTROLE_15INPUTS_NH32_S01;2;22;Treino;2023-09-04 10:00;202309041000;736.0;918.0;900.424238823758;-17.575761176242054;17.575761176242054;736.0
001_MUC_H02_CONTROLE_15INPUTS_NH32_S01;2;22;Treino;2023-09-04 11:00;202309041100;807.0;1103.0;1080.6824425297505;-22.31755747024954;22.31755747024954;807.0
001_MUC_H02_CONTROLE_15INPUTS_NH32_S01;2;22;Treino;2023-09-04 12:00;202309041200;918.0;1314.0;1258.7324103052858;-55.26758969471416;55.26758969471416;918.0
001_MUC_H02_CONTROLE_15INPUTS_NH32_S01;2;22;Treino;2023-09-04 13:00;202309041300;1103.0;1521.0;1482.6397665562577;-38.360233443742345;38.360233443742345;1103.0
001_MUC_H02_CONTROLE_15INPUTS_NH32_S01;2;22;Treino;2023-09-04 14:00;202309041400;1314.0;1712.0;1699.4542024898076;-12.545797510192415;12.545797510192415;1314.0
001_MUC_H02_CONTROLE_15INPUTS_NH32_S01;2;22;Treino;2023-09-04 15:00;202309041500;1521.0;1866.0;1879.3859353150206;13.38593531502056;13.38593531502056;1521.0
001_MUC_H02_CONTROLE_15INPUTS_NH32_S01;2;22;Treino;2023-09-04 16:00;202309041600;1712.0;1990.0;2015.3801163037126;25.38011630371261;25.38011630371261;1712.0
001_MUC_H02_CONTROLE_15INPUTS_NH32_S01;2;22;Treino;2023-09-04 17:00;202309041700;1866.0;2118.0;2091.601026289781;-26.398973710218797;26.398973710218797;1866.0
001_MUC_H02_CONTROLE_15INPUTS_NH32_S01;2;22;Treino;2023-09-08 15:00;202309081500;682.0;723.0;553.136666926048;-169.86333307395205;169.86333307395205;682.0
001_MUC_H02_CONTROLE_15INPUTS_NH32_S01;2;22;Treino;2023-09-08 16:00;202309081600;709.0;741.0;725.7944279602004;-15.205572039799563;15.205572039799563;709.0
001_MUC_H02_CONTROLE_15INPUTS_NH32_S01;2;22;Treino;2023-09-08 17:00;202309081700;723.0;754.0;722.9601974194727;-31.039802580527294;31.039802580527294;723.0
001_MUC_H02_CONTROLE_15INPUTS_NH32_S01;2;22;Treino;2023-09-08 18:00;202309081800;741.0;768.0;758.9360274822109;-9.063972517789125;9.063972517789125;741.0
001_MUC_H02_CONTROLE_15INPUTS_NH32_S01;2;22;Treino;2023-09-08 19:00;202309081900;754.0;782.0;769.2760028610656;-12.723997138934351;12.723997138934351;754.0
001_MUC_H02_CONTROLE_15INPUTS_NH32_S01;2;22;Treino;2023-09-08 20:00;202309082000;768.0;793.0;778.8281087379553;-14.17189126204471;14.17189126204471;768.0
001_MUC_H02_CONTROLE_15INPUTS_NH32_S01;2;22;Treino;2023-09-08 21:00;202309082100;782.0;802.0;787.2791995973117;-14.720800402688269;14.720800402688269;782.0
001_MUC_H02_CONTROLE_15INPUTS_NH32_S01;2;22;Treino;2023-09-08 22:00;202309082200;793.0;808.0;786.87416123425;-21.125838765750018;21.125838765750018;793.0
001_MUC_H02_CONTROLE_15INPUTS_NH32_S01;2;22;Treino;2023-09-08 23:00;202309082300;802.0;810.0;806.3928620312613;-3.607137968738698;3.607137968738698;802.0
001_MUC_H02_CONTROLE_15INPUTS_NH32_S01;2;22;Treino;2023-09-09 00:00;202309090000;808.0;807.0;802.5530316020014;-4.446968397998603;4.446968397998603;808.0
001_MUC_H02_CONTROLE_15INPUTS_NH32_S01;2;22;Treino;2023-09-09 01:00;202309090100;810.0;805.0;795.4371540177045;-9.562845982295471;9.562845982295471;810.0
001_MUC_H02_CONTROLE_15INPUTS_NH32_S01;2;22;Treino;2023-09-09 02:00;202309090200;807.0;799.0;779.9473204081575;-19.052679591842548;19.052679591842548;807.0
001_MUC_H02_CONTROLE_15INPUTS_NH32_S01;2;22;Treino;2023-09-09 03:00;202309090300;805.0;792.0;786.7254508121844;-5.274549187815637;5.274549187815637;805.0
001_MUC_H02_CONTROLE_15INPUTS_NH32_S01;2;22;Treino;2023-09-09 04:00;202309090400;799.0;782.0;775.0360383193457;-6.963961680654279;6.963961680654279;799.0
001_MUC_H02_CONTROLE_15INPUTS_NH32_S01;2;22;Treino;2023-09-09 05:00;202309090500;792.0;775.0;767.2169753648672;-7.783024635132847;7.783024635132847;792.0
001_MUC_H02_CONTROLE_15INPUTS_NH32_S01;2;22;Treino;2023-09-09 06:00;202309090600;782.0;766.0;753.1783212550886;-12.821678744911424;12.821678744911424;782.0
001_MUC_H02_CONTROLE_15INPUTS_NH32_S01;2;22;Treino;2023-09-09 07:00;202309090700;775.0;757.0;748.2664714733309;-8.733528526669147;8.733528526669147;775.0
001_MUC_H02_CONTROLE_15INPUTS_NH32_S01;2;22;Treino;2023-09-09 08:00;202309090800;766.0;748.0;737.8162277422468;-10.183772257753162;10.183772257753162;766.0
001_MUC_H02_CONTROLE_15INPUTS_NH32_S01;2;22;Treino;2023-09-09 09:00;202309090900;757.0;739.0;729.4570967008548;-9.542903299145223;9.542903299145223;757.0
001_MUC_H02_CONTROLE_15INPUTS_NH32_S01;2;22;Treino;2023-09-09 10:00;202309091000;748.0;732.0;724.1062543347376;-7.893745665262372;7.893745665262372;748.0
001_MUC_H02_CONTROLE_15INPUTS_NH32_S01;2;22;Treino;2023-09-09 11:00;202309091100;739.0;726.0;713.3545898721187;-12.645410127881291;12.645410127881291;739.0
001_MUC_H02_CONTROLE_15INPUTS_NH32_S01;2;22;Treino;2023-09-09 12:00;202309091200;732.0;720.0;709.7345360969258;-10.265463903074192;10.265463903074192;732.0
001_MUC_H02_CONTROLE_15INPUTS_NH32_S01;2;22;Treino;2023-09-09 13:00;202309091300;726.0;718.0;704.8869500057772;-13.11304999422282;13.11304999422282;726.0
001_MUC_H02_CONTROLE_15INPUTS_NH32_S01;2;22;Treino;2023-09-09 14:00;202309091400;720.0;715.0;698.3360929869978;-16.663907013002245;16.663907013002245;720.0
001_MUC_H02_CONTROLE_15INPUTS_NH32_S01;2;22;Treino;2023-09-09 15:00;202309091500;718.0;710.0;705.2858910802279;-4.714108919772116;4.714108919772116;718.0
001_MUC_H02_CONTROLE_15INPUTS_NH32_S01;2;22;Treino;2023-09-09 16:00;202309091600;715.0;706.0;701.2495199738522;-4.750480026147784;4.750480026147784;715.0
001_MUC_H02_CONTROLE_15INPUTS_NH32_S01;2;22;Treino;2023-09-09 17:00;202309091700;710.0;703.0;694.201058993563;-8.798941006436962;8.798941006436962;710.0
001_MUC_H02_CONTROLE_15INPUTS_NH32_S01;2;22;Treino;2023-09-09 18:00;202309091800;706.0;700.0;692.1986329832953;-7.801367016704717;7.801367016704717;706.0
001_MUC_H02_CONTROLE_15INPUTS_NH32_S01;2;22;Treino;2023-09-09 19:00;202309091900;703.0;695.0;690.8081855792528;-4.191814420747164;4.191814420747164;703.0
001_MUC_H02_CONTROLE_15INPUTS_NH32_S01;2;22;Treino;2023-09-09 20:00;202309092000;700.0;692.0;686.8320258616114;-5.1679741383885585;5.1679741383885585;700.0
001_MUC_H02_CONTROLE_15INPUTS_NH32_S01;2;22;Treino;2023-09-09 21:00;202309092100;695.0;689.0;680.2110603161362;-8.78893968386376;8.78893968386376;695.0
001_MUC_H02_CONTROLE_15INPUTS_NH32_S01;2;22;Treino;2023-09-09 22:00;202309092200;692.0;685.0;680.376676160688;-4.623323839311979;4.623323839311979;692.0
001_MUC_H02_CONTROLE_15INPUTS_NH32_S01;2;22;Treino;2023-09-09 23:00;202309092300;689.0;681.0;678.8751347009727;-2.124865299027306;2.124865299027306;689.0
001_MUC_H02_CONTROLE_15INPUTS_NH32_S01;2;22;Treino;2023-09-10 00:00;202309100000;685.0;678.0;673.5711331518554;-4.428866848144594;4.428866848144594;685.0
001_MUC_H02_CONTROLE_15INPUTS_NH32_S01;2;22;Treino;2023-09-10 01:00;202309100100;681.0;675.0;671.4560794008179;-3.5439205991821154;3.5439205991821154;681.0
001_MUC_H02_CONTROLE_15INPUTS_NH32_S01;2;22;Treino;2023-09-10 02:00;202309100200;678.0;672.0;670.1369337491836;-1.8630662508163596;1.8630662508163596;678.0
001_MUC_H02_CONTROLE_15INPUTS_NH32_S01;2;22;Treino;2023-09-10 03:00;202309100300;675.0;669.0;667.3034404736534;-1.6965595263466184;1.6965595263466184;675.0
001_MUC_H02_CONTROLE_15INPUTS_NH32_S01;2;22;Treino;2023-09-10 04:00;202309100400;672.0;665.0;664.4323712896704;-0.5676287103295863;0.5676287103295863;672.0
001_MUC_H02_CONTROLE_15INPUTS_NH32_S01;2;22;Treino;2023-09-10 05:00;202309100500;669.0;661.0;661.7071649018742;0.7071649018741937;0.7071649018741937;669.0
001_MUC_H02_CONTROLE_15INPUTS_NH32_S01;2;22;Treino;2023-09-10 06:00;202309100600;665.0;657.0;656.8958646936521;-0.10413530634787094;0.10413530634787094;665.0
001_MUC_H02_CONTROLE_15INPUTS_NH32_S01;2;22;Treino;2023-09-10 07:00;202309100700;661.0;652.0;646.7671587823276;-5.232841217672444;5.232841217672444;661.0
001_MUC_H02_CONTROLE_15INPUTS_NH32_S01;2;22;Treino;2023-09-10 08:00;202309100800;657.0;643.0;622.5359941733363;-20.46400582666365;20.46400582666365;657.0
001_MUC_H02_CONTROLE_15INPUTS_NH32_S01;2;22;Treino;2023-09-10 09:00;202309100900;652.0;626.0;615.7330925913111;-10.266907408688894;10.266907408688894;652.0
001_MUC_H02_CONTROLE_15INPUTS_NH32_S01;2;22;Treino;2023-09-10 10:00;202309101000;643.0;602.0;610.2998399689452;8.299839968945207;8.299839968945207;643.0
001_MUC_H02_CONTROLE_15INPUTS_NH32_S01;2;22;Treino;2023-09-10 11:00;202309101100;626.0;583.0;589.544483121221;6.544483121220992;6.544483121220992;626.0
001_MUC_H02_CONTROLE_15INPUTS_NH32_S01;2;22;Treino;2023-09-10 12:00;202309101200;602.0;569.0;569.8350460906469;0.8350460906468697;0.8350460906468697;602.0
001_MUC_H02_CONTROLE_15INPUTS_NH32_S01;2;22;Treino;2023-09-10 13:00;202309101300;583.0;583.0;562.268296202412;-20.73170379758801;20.73170379758801;583.0
001_MUC_H02_CONTROLE_15INPUTS_NH32_S01;2;22;Treino;2023-09-10 14:00;202309101400;569.0;574.0;559.4562026268285;-14.543797373171515;14.543797373171515;569.0
001_MUC_H02_CONTROLE_15INPUTS_NH32_S01;2;22;Treino;2023-09-10 15:00;202309101500;583.0;572.0;612.4891679202517;40.4891679202517;40.4891679202517;583.0
001_MUC_H02_CONTROLE_15INPUTS_NH32_S01;2;22;Treino;2023-09-10 16:00;202309101600;574.0;574.0;569.533301518323;-4.4666984816769855;4.4666984816769855;574.0
001_MUC_H02_CONTROLE_15INPUTS_NH32_S01;2;22;Treino;2023-09-10 17:00;202309101700;572.0;582.0;602.1982058656466;20.198205865646628;20.198205865646628;572.0
001_MUC_H02_CONTROLE_15INPUTS_NH32_S01;2;22;Treino;2023-09-10 18:00;202309101800;574.0;599.0;604.0468332357148;5.046833235714757;5.046833235714757;574.0
001_MUC_H02_CONTROLE_15INPUTS_NH32_S01;2;22;Treino;2023-09-10 19:00;202309101900;582.0;622.0;603.9609281083563;-18.039071891643744;18.039071891643744;582.0
001_MUC_H02_CONTROLE_15INPUTS_NH32_S01;2;22;Treino;2023-09-10 20:00;202309102000;599.0;635.0;618.9633895539952;-16.03661044600483;16.03661044600483;599.0
001_MUC_H02_CONTROLE_15INPUTS_NH32_S01;2;22;Treino;2023-09-10 21:00;202309102100;622.0;635.0;628.4911894459898;-6.508810554010211;6.508810554010211;622.0
001_MUC_H02_CONTROLE_15INPUTS_NH32_S01;2;22;Treino;2023-09-10 22:00;202309102200;635.0;628.0;618.7103571376102;-9.289642862389769;9.289642862389769;635.0
001_MUC_H02_CONTROLE_15INPUTS_NH32_S01;2;22;Treino;2023-09-10 23:00;202309102300;635.0;615.0;604.5731034975532;-10.426896502446766;10.426896502446766;635.0
001_MUC_H02_CONTROLE_15INPUTS_NH32_S01;2;22;Treino;2023-09-11 00:00;202309110000;628.0;603.0;596.1723762388312;-6.827623761168752;6.827623761168752;628.0
001_MUC_H02_CONTROLE_15INPUTS_NH32_S01;2;22;Treino;2023-09-11 01:00;202309110100;615.0;591.0;583.506401747361;-7.4935982526390035;7.4935982526390035;615.0
001_MUC_H02_CONTROLE_15INPUTS_NH32_S01;2;22;Treino;2023-09-11 02:00;202309110200;603.0;581.0;578.6722964646174;-2.327703535382625;2.327703535382625;603.0
001_MUC_H02_CONTROLE_15INPUTS_NH32_S01;2;22;Treino;2023-09-11 03:00;202309110300;591.0;572.0;568.8208314540353;-3.1791685459646715;3.1791685459646715;591.0
001_MUC_H02_CONTROLE_15INPUTS_NH32_S01;2;22;Treino;2023-09-11 04:00;202309110400;581.0;565.0;562.7702414614719;-2.229758538528131;2.229758538528131;581.0
001_MUC_H02_CONTROLE_15INPUTS_NH32_S01;2;22;Treino;2023-09-11 05:00;202309110500;572.0;558.0;557.3109004407621;-0.6890995592378886;0.6890995592378886;572.0
001_MUC_H02_CONTROLE_15INPUTS_NH32_S01;2;22;Treino;2023-09-11 06:00;202309110600;565.0;551.0;552.3146048604649;1.3146048604648968;1.3146048604648968;565.0
001_MUC_H02_CONTROLE_15INPUTS_NH32_S01;2;22;Treino;2023-09-11 07:00;202309110700;558.0;544.0;545.3854682991694;1.3854682991693608;1.3854682991693608;558.0
001_MUC_H02_CONTROLE_15INPUTS_NH32_S01;2;22;Treino;2023-09-11 08:00;202309110800;551.0;538.0;538.5891716660424;0.5891716660423754;0.5891716660423754;551.0
001_MUC_H02_CONTROLE_15INPUTS_NH32_S01;2;22;Treino;2023-09-11 09:00;202309110900;544.0;532.0;529.85303106139;-2.14696893861003;2.14696893861003;544.0
001_MUC_H02_CONTROLE_15INPUTS_NH32_S01;2;22;Treino;2023-09-11 10:00;202309111000;538.0;528.0;524.0590047623125;-3.9409952376875026;3.9409952376875026;538.0
001_MUC_H02_CONTROLE_15INPUTS_NH32_S01;2;22;Treino;2023-09-11 11:00;202309111100;532.0;523.0;517.6275017159179;-5.3724982840820985;5.3724982840820985;532.0
001_MUC_H02_CONTROLE_15INPUTS_NH32_S01;2;22;Treino;2023-09-11 12:00;202309111200;528.0;520.0;516.234359410667;-3.7656405893329747;3.7656405893329747;528.0
001_MUC_H02_CONTROLE_15INPUTS_NH32_S01;2;22;Treino;2023-09-11 13:00;202309111300;523.0;516.0;507.9969858572508;-8.00301414274918;8.00301414274918;523.0
001_MUC_H02_CONTROLE_15INPUTS_NH32_S01;2;22;Treino;2023-09-11 14:00;202309111400;520.0;511.0;507.25353210902654;-3.746467890973463;3.746467890973463;520.0
001_MUC_H02_CONTROLE_15INPUTS_NH32_S01;2;22;Treino;2023-09-11 15:00;202309111500;516.0;507.0;501.92646336445927;-5.073536635540734;5.073536635540734;516.0
001_MUC_H02_CONTROLE_15INPUTS_NH32_S01;2;22;Treino;2023-09-11 16:00;202309111600;511.0;504.0;495.60404796123;-8.39595203877002;8.39595203877002;511.0
001_MUC_H02_CONTROLE_15INPUTS_NH32_S01;2;22;Treino;2023-09-11 17:00;202309111700;507.0;500.0;492.6979628706056;-7.302037129394421;7.302037129394421;507.0
001_MUC_H02_CONTROLE_15INPUTS_NH32_S01;2;22;Treino;2023-09-11 18:00;202309111800;504.0;496.0;490.09646988348425;-5.903530116515753;5.903530116515753;504.0
001_MUC_H02_CONTROLE_15INPUTS_NH32_S01;2;22;Treino;2023-09-11 19:00;202309111900;500.0;493.0;485.37710832386813;-7.6228916761318715;7.6228916761318715;500.0
001_MUC_H02_CONTROLE_15INPUTS_NH32_S01;2;23;Validação;2023-09-19 19:00;202309191900;464.0;464.0;472.47965877381915;8.479658773819153;8.479658773819153;464.0
001_MUC_H02_CONTROLE_15INPUTS_NH32_S01;2;23;Validação;2023-09-19 20:00;202309192000;464.0;464.0;478.3888173282829;14.388817328282926;14.388817328282926;464.0
001_MUC_H02_CONTROLE_15INPUTS_NH32_S01;2;23;Validação;2023-09-19 21:00;202309192100;464.0;464.0;486.6970242371509;22.697024237150913;22.697024237150913;464.0
001_MUC_H02_CONTROLE_15INPUTS_NH32_S01;2;23;Validação;2023-09-19 22:00;202309192200;464.0;479.0;501.9016085483004;22.901608548300374;22.901608548300374;464.0
001_MUC_H02_CONTROLE_15INPUTS_NH32_S01;2;23;Validação;2023-09-19 23:00;202309192300;464.0;513.0;532.8613454912404;19.8613454912404;19.8613454912404;464.0
001_MUC_H02_CONTROLE_15INPUTS_NH32_S01;2;23;Validação;2023-09-20 00:00;202309200000;479.0;567.0;588.6689027826203;21.668902782620307;21.668902782620307;479.0
001_MUC_H02_CONTROLE_15INPUTS_NH32_S01;2;23;Validação;2023-09-20 01:00;202309200100;513.0;655.0;651.0703485560582;-3.9296514439417933;3.9296514439417933;513.0
001_MUC_H02_CONTROLE_15INPUTS_NH32_S01;2;23;Validação;2023-09-20 02:00;202309200200;567.0;728.0;712.143092377408;-15.856907622591962;15.856907622591962;567.0
001_MUC_H02_CONTROLE_15INPUTS_NH32_S01;2;23;Validação;2023-09-20 03:00;202309200300;655.0;776.0;803.7875617543823;27.787561754382295;27.787561754382295;655.0
001_MUC_H02_CONTROLE_15INPUTS_NH32_S01;2;23;Validação;2023-09-20 04:00;202309200400;728.0;805.0;812.5618961178195;7.561896117819515;7.561896117819515;728.0
001_MUC_H02_CONTROLE_15INPUTS_NH32_S01;2;23;Validação;2023-09-20 05:00;202309200500;776.0;818.0;813.0491751187961;-4.950824881203857;4.950824881203857;776.0
001_MUC_H02_CONTROLE_15INPUTS_NH32_S01;2;23;Validação;2023-09-20 06:00;202309200600;805.0;822.0;816.0011499209485;-5.998850079051522;5.998850079051522;805.0
001_MUC_H02_CONTROLE_15INPUTS_NH32_S01;2;23;Validação;2023-09-20 07:00;202309200700;818.0;821.0;812.4262620594288;-8.573737940571164;8.573737940571164;818.0
001_MUC_H02_CONTROLE_15INPUTS_NH32_S01;2;23;Validação;2023-09-20 08:00;202309200800;822.0;812.0;807.5270053940227;-4.472994605977306;4.472994605977306;822.0
001_MUC_H02_CONTROLE_15INPUTS_NH32_S01;2;23;Validação;2023-09-20 09:00;202309200900;821.0;803.0;806.4960086862109;3.496008686210871;3.496008686210871;821.0
001_MUC_H02_CONTROLE_15INPUTS_NH32_S01;2;23;Validação;2023-09-20 10:00;202309201000;812.0;793.0;794.591876684198;1.5918766841980414;1.5918766841980414;812.0
001_MUC_H02_CONTROLE_15INPUTS_NH32_S01;2;23;Validação;2023-09-20 11:00;202309201100;803.0;786.0;791.0993236123119;5.099323612311878;5.099323612311878;803.0
001_MUC_H02_CONTROLE_15INPUTS_NH32_S01;2;23;Validação;2023-09-20 12:00;202309201200;793.0;778.0;783.1163667654731;5.116366765473117;5.116366765473117;793.0
001_MUC_H02_CONTROLE_15INPUTS_NH32_S01;2;23;Validação;2023-09-20 13:00;202309201300;786.0;769.0;777.3783252846664;8.378325284666403;8.378325284666403;786.0
001_MUC_H02_CONTROLE_15INPUTS_NH32_S01;2;23;Validação;2023-09-20 14:00;202309201400;778.0;757.0;762.0361574418148;5.036157441814794;5.036157441814794;778.0
001_MUC_H02_CONTROLE_15INPUTS_NH32_S01;2;23;Validação;2023-09-20 15:00;202309201500;769.0;744.0;751.5303811657172;7.530381165717245;7.530381165717245;769.0
001_MUC_H02_CONTROLE_15INPUTS_NH32_S01;2;23;Validação;2023-09-20 16:00;202309201600;757.0;733.0;739.7704365820426;6.770436582042635;6.770436582042635;757.0
001_MUC_H02_CONTROLE_15INPUTS_NH32_S01;2;23;Validação;2023-09-20 17:00;202309201700;744.0;726.0;725.6364908755442;-0.36350912445584527;0.36350912445584527;744.0
001_MUC_H02_CONTROLE_15INPUTS_NH32_S01;2;23;Validação;2023-09-20 18:00;202309201800;733.0;717.0;715.1978586694984;-1.8021413305016267;1.8021413305016267;733.0
001_MUC_H02_CONTROLE_15INPUTS_NH32_S01;2;23;Validação;2023-09-20 19:00;202309201900;726.0;710.0;711.0771830845922;1.0771830845922068;1.0771830845922068;726.0
001_MUC_H02_CONTROLE_15INPUTS_NH32_S01;2;23;Validação;2023-09-20 20:00;202309202000;717.0;703.0;697.7032474466341;-5.296752553365877;5.296752553365877;717.0
001_MUC_H02_CONTROLE_15INPUTS_NH32_S01;2;23;Validação;2023-09-20 21:00;202309202100;710.0;699.0;690.0360274861335;-8.963972513866452;8.963972513866452;710.0
001_MUC_H02_CONTROLE_15INPUTS_NH32_S01;2;23;Validação;2023-09-20 22:00;202309202200;703.0;692.0;681.544203843252;-10.455796156747965;10.455796156747965;703.0
001_MUC_H02_CONTROLE_15INPUTS_NH32_S01;2;23;Validação;2023-09-20 23:00;202309202300;699.0;683.0;678.6943802039315;-4.305619796068527;4.305619796068527;699.0
001_MUC_H02_CONTROLE_15INPUTS_NH32_S01;2;23;Validação;2023-09-21 00:00;202309210000;692.0;674.0;666.6697382203076;-7.330261779692364;7.330261779692364;692.0
001_MUC_H02_CONTROLE_15INPUTS_NH32_S01;2;23;Validação;2023-09-21 01:00;202309210100;683.0;667.0;657.2613168220432;-9.738683177956773;9.738683177956773;683.0
001_MUC_H02_CONTROLE_15INPUTS_NH32_S01;2;23;Validação;2023-09-21 02:00;202309210200;674.0;660.0;646.6291113101042;-13.370888689895764;13.370888689895764;674.0
001_MUC_H02_CONTROLE_15INPUTS_NH32_S01;2;23;Validação;2023-09-21 03:00;202309210300;667.0;651.0;642.3036813146572;-8.696318685342817;8.696318685342817;667.0
001_MUC_H02_CONTROLE_15INPUTS_NH32_S01;2;23;Validação;2023-09-21 04:00;202309210400;660.0;643.0;637.4470050358315;-5.552994964168533;5.552994964168533;660.0
001_MUC_H02_CONTROLE_15INPUTS_NH32_S01;2;23;Validação;2023-09-21 05:00;202309210500;651.0;634.0;626.7737291837074;-7.22627081629264;7.22627081629264;651.0
001_MUC_H02_CONTROLE_15INPUTS_NH32_S01;2;23;Validação;2023-09-21 06:00;202309210600;643.0;625.0;622.3588844614669;-2.641115538533086;2.641115538533086;643.0
001_MUC_H02_CONTROLE_15INPUTS_NH32_S01;2;23;Validação;2023-09-21 07:00;202309210700;634.0;617.0;613.6431517122784;-3.3568482877216184;3.3568482877216184;634.0
001_MUC_H02_CONTROLE_15INPUTS_NH32_S01;2;23;Validação;2023-09-21 08:00;202309210800;625.0;610.0;605.0441415587854;-4.955858441214559;4.955858441214559;625.0
001_MUC_H02_CONTROLE_15INPUTS_NH32_S01;2;23;Validação;2023-09-21 09:00;202309210900;617.0;604.0;596.9094318166775;-7.090568183322489;7.090568183322489;617.0
001_MUC_H02_CONTROLE_15INPUTS_NH32_S01;2;23;Validação;2023-09-21 10:00;202309211000;610.0;594.0;579.7578200556857;-14.24217994431433;14.24217994431433;610.0
001_MUC_H02_CONTROLE_15INPUTS_NH32_S01;2;23;Validação;2023-09-21 11:00;202309211100;604.0;580.0;577.3390160849834;-2.6609839150165726;2.6609839150165726;604.0
001_MUC_H02_CONTROLE_15INPUTS_NH32_S01;2;23;Validação;2023-09-21 12:00;202309211200;594.0;565.0;572.5893586125195;7.589358612519504;7.589358612519504;594.0
001_MUC_H02_CONTROLE_15INPUTS_NH32_S01;2;23;Validação;2023-09-21 13:00;202309211300;580.0;556.0;566.8947087762865;10.894708776286507;10.894708776286507;580.0
001_MUC_H02_CONTROLE_15INPUTS_NH32_S01;2;23;Validação;2023-09-21 14:00;202309211400;565.0;557.0;558.7151679457917;1.715167945791677;1.715167945791677;565.0
001_MUC_H02_CONTROLE_15INPUTS_NH32_S01;2;23;Validação;2023-09-21 15:00;202309211500;556.0;564.0;548.8458276612805;-15.15417233871949;15.15417233871949;556.0
001_MUC_H02_CONTROLE_15INPUTS_NH32_S01;2;23;Validação;2023-09-21 16:00;202309211600;557.0;567.0;552.3161797595217;-14.683820240478326;14.683820240478326;557.0
001_MUC_H02_CONTROLE_15INPUTS_NH32_S01;2;23;Validação;2023-09-21 17:00;202309211700;564.0;564.0;558.344635277529;-5.655364722470949;5.655364722470949;564.0
001_MUC_H02_CONTROLE_15INPUTS_NH32_S01;2;23;Validação;2023-09-21 18:00;202309211800;567.0;556.0;552.9221813109575;-3.0778186890424877;3.0778186890424877;567.0
001_MUC_H02_CONTROLE_15INPUTS_NH32_S01;2;23;Validação;2023-09-21 19:00;202309211900;564.0;548.0;544.9059799781279;-3.0940200218720975;3.0940200218720975;564.0
001_MUC_H02_CONTROLE_15INPUTS_NH32_S01;2;23;Validação;2023-09-21 20:00;202309212000;556.0;540.0;534.2077642483893;-5.792235751610747;5.792235751610747;556.0
001_MUC_H02_CONTROLE_15INPUTS_NH32_S01;2;23;Validação;2023-09-21 21:00;202309212100;548.0;533.0;527.96485237701;-5.035147622990053;5.035147622990053;548.0
001_MUC_H02_CONTROLE_15INPUTS_NH32_S01;2;23;Validação;2023-09-21 22:00;202309212200;540.0;526.0;520.7882928330528;-5.211707166947235;5.211707166947235;540.0
001_MUC_H02_CONTROLE_15INPUTS_NH32_S01;2;23;Validação;2023-09-21 23:00;202309212300;533.0;520.0;515.7844453336036;-4.215554666396429;4.215554666396429;533.0
001_MUC_H02_CONTROLE_15INPUTS_NH32_S01;2;23;Validação;2023-09-22 00:00;202309220000;526.0;514.0;509.5642692550009;-4.435730744999091;4.435730744999091;526.0
001_MUC_H02_CONTROLE_15INPUTS_NH32_S01;2;23;Validação;2023-09-22 01:00;202309220100;520.0;509.0;506.0566083079693;-2.943391692030673;2.943391692030673;520.0
001_MUC_H02_CONTROLE_15INPUTS_NH32_S01;2;23;Validação;2023-09-22 02:00;202309220200;514.0;504.0;500.28851579321247;-3.7114842067875315;3.7114842067875315;514.0
001_MUC_H02_CONTROLE_15INPUTS_NH32_S01;2;23;Validação;2023-09-22 03:00;202309220300;509.0;499.0;496.1009184838992;-2.899081516100807;2.899081516100807;509.0
001_MUC_H02_CONTROLE_15INPUTS_NH32_S01;2;23;Validação;2023-09-22 04:00;202309220400;504.0;494.0;490.7832703672007;-3.216729632799286;3.216729632799286;504.0
001_MUC_H02_CONTROLE_15INPUTS_NH32_S01;2;24;Teste;2023-11-16 00:00;202311160000;607.0;592.0;590.2825920840546;-1.7174079159453868;1.7174079159453868;607.0
001_MUC_H02_CONTROLE_15INPUTS_NH32_S01;2;24;Teste;2023-11-16 01:00;202311160100;602.0;586.0;583.2459703741491;-2.754029625850876;2.754029625850876;602.0
001_MUC_H02_CONTROLE_15INPUTS_NH32_S01;2;24;Teste;2023-11-16 02:00;202311160200;592.0;580.0;574.380412624196;-5.619587375804031;5.619587375804031;592.0
001_MUC_H02_CONTROLE_15INPUTS_NH32_S01;2;24;Teste;2023-11-16 03:00;202311160300;586.0;579.0;577.4898242528657;-1.5101757471343262;1.5101757471343262;586.0
001_MUC_H02_CONTROLE_15INPUTS_NH32_S01;2;24;Teste;2023-11-16 04:00;202311160400;580.0;579.0;578.6389970017946;-0.3610029982054357;0.3610029982054357;580.0
001_MUC_H02_CONTROLE_15INPUTS_NH32_S01;2;24;Teste;2023-11-16 05:00;202311160500;579.0;581.0;591.2161431311317;10.21614313113173;10.21614313113173;579.0
001_MUC_H02_CONTROLE_15INPUTS_NH32_S01;2;24;Teste;2023-11-16 06:00;202311160600;579.0;588.0;603.1969230695569;15.196923069556874;15.196923069556874;579.0
001_MUC_H02_CONTROLE_15INPUTS_NH32_S01;2;24;Teste;2023-11-16 07:00;202311160700;581.0;606.0;613.8099239184278;7.809923918427785;7.809923918427785;581.0
001_MUC_H02_CONTROLE_15INPUTS_NH32_S01;2;24;Teste;2023-11-16 08:00;202311160800;588.0;639.0;618.9355589943528;-20.064441005647154;20.064441005647154;588.0
001_MUC_H02_CONTROLE_15INPUTS_NH32_S01;2;24;Teste;2023-11-16 09:00;202311160900;606.0;665.0;640.1475005810678;-24.85249941893221;24.85249941893221;606.0
001_MUC_H02_CONTROLE_15INPUTS_NH32_S01;2;24;Teste;2023-11-16 10:00;202311161000;639.0;683.0;680.3805235854164;-2.6194764145835734;2.6194764145835734;639.0
001_MUC_H02_CONTROLE_15INPUTS_NH32_S01;2;24;Teste;2023-11-16 11:00;202311161100;665.0;693.0;694.1219830815885;1.1219830815884961;1.1219830815884961;665.0
001_MUC_H02_CONTROLE_15INPUTS_NH32_S01;2;24;Teste;2023-11-16 12:00;202311161200;683.0;699.0;705.1552423227248;6.155242322724803;6.155242322724803;683.0
001_MUC_H02_CONTROLE_15INPUTS_NH32_S01;2;24;Teste;2023-11-16 13:00;202311161300;693.0;704.0;709.9945798322299;5.994579832229874;5.994579832229874;693.0
001_MUC_H02_CONTROLE_15INPUTS_NH32_S01;2;24;Teste;2023-11-16 14:00;202311161400;699.0;712.0;713.6851532175665;1.6851532175664943;1.6851532175664943;699.0
001_MUC_H02_CONTROLE_15INPUTS_NH32_S01;2;24;Teste;2023-11-16 15:00;202311161500;704.0;720.0;707.6975358060771;-12.302464193922901;12.302464193922901;704.0
001_MUC_H02_CONTROLE_15INPUTS_NH32_S01;2;24;Teste;2023-11-16 16:00;202311161600;712.0;730.0;721.7342652938687;-8.265734706131298;8.265734706131298;712.0
001_MUC_H02_CONTROLE_15INPUTS_NH32_S01;2;24;Teste;2023-11-16 17:00;202311161700;720.0;737.0;736.5495965130095;-0.4504034869904672;0.4504034869904672;720.0
001_MUC_H02_CONTROLE_15INPUTS_NH32_S01;2;24;Teste;2023-11-16 18:00;202311161800;730.0;745.0;756.9535791363722;11.953579136372241;11.953579136372241;730.0
001_MUC_H02_CONTROLE_15INPUTS_NH32_S01;2;24;Teste;2023-11-16 19:00;202311161900;737.0;762.0;767.579985641695;5.579985641694975;5.579985641694975;737.0
001_MUC_H02_CONTROLE_15INPUTS_NH32_S01;2;24;Teste;2023-11-16 20:00;202311162000;745.0;784.0;773.3319747560909;-10.668025243909142;10.668025243909142;745.0
001_MUC_H02_CONTROLE_15INPUTS_NH32_S01;2;24;Teste;2023-11-16 21:00;202311162100;762.0;806.0;814.8761143292938;8.876114329293841;8.876114329293841;762.0
001_MUC_H02_CONTROLE_15INPUTS_NH32_S01;2;24;Teste;2023-11-16 22:00;202311162200;784.0;830.0;848.434076779431;18.434076779431052;18.434076779431052;784.0
001_MUC_H02_CONTROLE_15INPUTS_NH32_S01;2;24;Teste;2023-11-16 23:00;202311162300;806.0;858.0;854.9855518796635;-3.0144481203365103;3.0144481203365103;806.0
001_MUC_H02_CONTROLE_15INPUTS_NH32_S01;2;24;Teste;2023-11-17 00:00;202311170000;830.0;885.0;873.3315127133278;-11.668487286672189;11.668487286672189;830.0
001_MUC_H02_CONTROLE_15INPUTS_NH32_S01;2;24;Teste;2023-11-17 01:00;202311170100;858.0;908.0;903.0719008297258;-4.9280991702742085;4.9280991702742085;858.0
001_MUC_H02_CONTROLE_15INPUTS_NH32_S01;2;24;Teste;2023-11-17 02:00;202311170200;885.0;924.0;927.3818024795228;3.3818024795227757;3.3818024795227757;885.0
001_MUC_H02_CONTROLE_15INPUTS_NH32_S01;2;24;Teste;2023-11-17 03:00;202311170300;908.0;941.0;942.4444268527529;1.4444268527529402;1.4444268527529402;908.0
001_MUC_H02_CONTROLE_15INPUTS_NH32_S01;2;24;Teste;2023-11-17 04:00;202311170400;924.0;958.0;943.0154632615854;-14.98453673841459;14.98453673841459;924.0
001_MUC_H02_CONTROLE_15INPUTS_NH32_S01;2;24;Teste;2023-11-17 05:00;202311170500;941.0;966.0;957.2296336815994;-8.770366318400647;8.770366318400647;941.0
001_MUC_H02_CONTROLE_15INPUTS_NH32_S01;2;24;Teste;2023-11-17 06:00;202311170600;958.0;975.0;972.7543760328472;-2.2456239671528238;2.2456239671528238;958.0
001_MUC_H02_CONTROLE_15INPUTS_NH32_S01;2;24;Teste;2023-11-17 07:00;202311170700;966.0;977.0;973.9925206827612;-3.00747931723879;3.00747931723879;966.0
001_MUC_H02_CONTROLE_15INPUTS_NH32_S01;2;24;Teste;2023-11-17 08:00;202311170800;975.0;980.0;981.7607480478562;1.7607480478561683;1.7607480478561683;975.0
001_MUC_H02_CONTROLE_15INPUTS_NH32_S01;2;24;Teste;2023-11-17 09:00;202311170900;977.0;982.0;970.6333214408;-11.366678559199954;11.366678559199954;977.0
001_MUC_H02_CONTROLE_15INPUTS_NH32_S01;2;24;Teste;2023-11-17 10:00;202311171000;980.0;979.0;973.8304236665906;-5.169576333409395;5.169576333409395;980.0
001_MUC_H02_CONTROLE_15INPUTS_NH32_S01;2;24;Teste;2023-11-17 11:00;202311171100;982.0;976.0;970.7278633521489;-5.2721366478510845;5.2721366478510845;982.0
001_MUC_H02_CONTROLE_15INPUTS_NH32_S01;2;24;Teste;2023-11-17 12:00;202311171200;979.0;970.0;962.3430528356702;-7.656947164329836;7.656947164329836;979.0
001_MUC_H02_CONTROLE_15INPUTS_NH32_S01;2;24;Teste;2023-11-17 13:00;202311171300;976.0;964.0;958.8899396089869;-5.110060391013121;5.110060391013121;976.0
001_MUC_H02_CONTROLE_15INPUTS_NH32_S01;2;24;Teste;2023-11-17 14:00;202311171400;970.0;957.0;955.2140377342516;-1.785962265748367;1.785962265748367;970.0
001_MUC_H02_CONTROLE_15INPUTS_NH32_S01;2;24;Teste;2023-11-17 15:00;202311171500;964.0;955.0;954.0223418420684;-0.9776581579316144;0.9776581579316144;964.0
001_MUC_H02_CONTROLE_15INPUTS_NH32_S01;2;24;Teste;2023-11-17 16:00;202311171600;957.0;960.0;948.5594956392995;-11.440504360700515;11.440504360700515;957.0
001_MUC_H02_CONTROLE_15INPUTS_NH32_S01;2;24;Teste;2023-11-17 17:00;202311171700;955.0;969.0;952.7818110807905;-16.218188919209524;16.218188919209524;955.0
001_MUC_H02_CONTROLE_15INPUTS_NH32_S01;2;24;Teste;2023-11-17 18:00;202311171800;960.0;988.0;966.3936218557442;-21.606378144255814;21.606378144255814;960.0
001_MUC_H02_CONTROLE_15INPUTS_NH32_S01;2;24;Teste;2023-11-17 19:00;202311171900;969.0;1007.0;982.8117399394168;-24.18826006058316;24.18826006058316;969.0
001_MUC_H02_CONTROLE_15INPUTS_NH32_S01;2;24;Teste;2023-11-17 20:00;202311172000;988.0;1033.0;1024.7053065599148;-8.294693440085211;8.294693440085211;988.0
001_MUC_H02_CONTROLE_15INPUTS_NH32_S01;2;24;Teste;2023-11-17 21:00;202311172100;1007.0;1067.0;1051.2118519434239;-15.78814805657612;15.78814805657612;1007.0
001_MUC_H02_CONTROLE_15INPUTS_NH32_S01;2;24;Teste;2023-11-17 22:00;202311172200;1033.0;1122.0;1095.5359500514812;-26.464049948518777;26.464049948518777;1033.0
001_MUC_H02_CONTROLE_15INPUTS_NH32_S01;2;24;Teste;2023-11-17 23:00;202311172300;1067.0;1190.0;1149.2097857756705;-40.790214224329475;40.790214224329475;1067.0
001_MUC_H02_CONTROLE_15INPUTS_NH32_S01;2;24;Teste;2023-11-18 00:00;202311180000;1122.0;1256.0;1235.4898218214737;-20.510178178526303;20.510178178526303;1122.0
001_MUC_H02_CONTROLE_15INPUTS_NH32_S01;2;24;Teste;2023-11-18 01:00;202311180100;1190.0;1336.0;1334.5366354443709;-1.4633645556291413;1.4633645556291413;1190.0
001_MUC_H02_CONTROLE_15INPUTS_NH32_S01;2;24;Teste;2023-11-18 02:00;202311180200;1256.0;1418.0;1403.5070386811599;-14.492961318840116;14.492961318840116;1256.0
001_MUC_H02_CONTROLE_15INPUTS_NH32_S01;2;24;Teste;2023-11-18 03:00;202311180300;1336.0;1500.0;1509.4119244822093;9.411924482209315;9.411924482209315;1336.0
001_MUC_H02_CONTROLE_15INPUTS_NH32_S01;2;24;Teste;2023-11-18 04:00;202311180400;1418.0;1580.0;1565.161133288762;-14.838866711238097;14.838866711238097;1418.0
001_MUC_H02_CONTROLE_15INPUTS_NH32_S01;2;24;Teste;2023-11-18 05:00;202311180500;1500.0;1650.0;1605.965393045281;-44.03460695471904;44.03460695471904;1500.0
001_MUC_H02_CONTROLE_15INPUTS_NH32_S01;2;24;Teste;2023-11-18 06:00;202311180600;1580.0;1722.0;1672.0570569760553;-49.942943023944736;49.942943023944736;1580.0
001_MUC_H02_CONTROLE_15INPUTS_NH32_S01;2;24;Teste;2023-11-18 07:00;202311180700;1650.0;1796.0;1712.3433776105724;-83.65662238942764;83.65662238942764;1650.0
001_MUC_H02_CONTROLE_15INPUTS_NH32_S01;2;24;Teste;2023-11-18 08:00;202311180800;1722.0;1855.0;1778.982518600865;-76.01748139913502;76.01748139913502;1722.0
001_MUC_H02_CONTROLE_15INPUTS_NH32_S01;2;24;Teste;2023-11-18 09:00;202311180900;1796.0;1904.0;1851.3586761721122;-52.641323827887845;52.641323827887845;1796.0
001_MUC_H02_CONTROLE_15INPUTS_NH32_S01;2;24;Teste;2023-11-18 10:00;202311181000;1855.0;1939.0;1888.913570371802;-50.08642962819795;50.08642962819795;1855.0
001_MUC_H02_CONTROLE_15INPUTS_NH32_S01;2;24;Teste;2023-11-18 11:00;202311181100;1904.0;1970.0;1943.267464613161;-26.73253538683889;26.73253538683889;1904.0
001_MUC_H02_CONTROLE_15INPUTS_NH32_S01;2;24;Teste;2023-11-18 12:00;202311181200;1939.0;2000.0;1989.170116917474;-10.829883082526067;10.829883082526067;1939.0
001_MUC_H02_CONTROLE_15INPUTS_NH32_S01;2;24;Teste;2023-11-18 13:00;202311181300;1970.0;2038.0;2040.156082158264;2.1560821582640983;2.1560821582640983;1970.0
001_MUC_H02_CONTROLE_15INPUTS_NH32_S01;2;24;Teste;2023-11-18 14:00;202311181400;2000.0;2081.0;2080.3698534288246;-0.6301465711753735;0.6301465711753735;2000.0
001_MUC_H02_CONTROLE_15INPUTS_NH32_S01;2;24;Teste;2023-11-18 15:00;202311181500;2038.0;2130.0;2124.134137816721;-5.865862183279205;5.865862183279205;2038.0
001_MUC_H02_CONTROLE_15INPUTS_NH32_S01;2;24;Teste;2023-11-18 16:00;202311181600;2081.0;2171.0;2155.033707347022;-15.966292652978154;15.966292652978154;2081.0
001_MUC_H02_CONTROLE_15INPUTS_NH32_S01;2;24;Teste;2023-11-18 17:00;202311181700;2130.0;2212.0;2188.8629343537027;-23.137065646297287;23.137065646297287;2130.0
001_MUC_H02_CONTROLE_15INPUTS_NH32_S01;2;24;Teste;2023-11-18 18:00;202311181800;2171.0;2242.0;2199.091475879772;-42.90852412022787;42.90852412022787;2171.0
001_MUC_H02_CONTROLE_15INPUTS_NH32_S01;2;24;Teste;2023-11-18 19:00;202311181900;2212.0;2266.0;2228.4360478983876;-37.56395210161236;37.56395210161236;2212.0
001_MUC_H02_CONTROLE_15INPUTS_NH32_S01;2;24;Teste;2023-11-18 20:00;202311182000;2242.0;2286.0;2243.823532762365;-42.176467237634824;42.176467237634824;2242.0
001_MUC_H02_CONTROLE_15INPUTS_NH32_S01;2;24;Teste;2023-11-18 21:00;202311182100;2266.0;2294.0;2257.804510329998;-36.19548967000219;36.19548967000219;2266.0
001_MUC_H02_CONTROLE_15INPUTS_NH32_S01;2;24;Teste;2023-11-18 22:00;202311182200;2286.0;2299.0;2270.878205771032;-28.121794228968156;28.121794228968156;2286.0
001_MUC_H02_CONTROLE_15INPUTS_NH32_S01;2;24;Teste;2023-11-18 23:00;202311182300;2294.0;2292.0;2273.4563335239363;-18.543666476063663;18.543666476063663;2294.0
001_MUC_H02_CONTROLE_15INPUTS_NH32_S01;2;24;Teste;2023-11-19 00:00;202311190000;2299.0;2284.0;2274.6970865075114;-9.302913492488642;9.302913492488642;2299.0
001_MUC_H02_CONTROLE_15INPUTS_NH32_S01;2;24;Teste;2023-11-19 01:00;202311190100;2292.0;2269.0;2258.25442720903;-10.745572790970073;10.745572790970073;2292.0
001_MUC_H02_CONTROLE_15INPUTS_NH32_S01;2;24;Teste;2023-11-19 02:00;202311190200;2284.0;2244.0;2249.1459371930587;5.145937193058671;5.145937193058671;2284.0
001_MUC_H02_CONTROLE_15INPUTS_NH32_S01;2;24;Teste;2023-11-19 03:00;202311190300;2269.0;2229.0;2222.4607702832695;-6.5392297167304605;6.5392297167304605;2269.0
001_MUC_H02_CONTROLE_15INPUTS_NH32_S01;2;24;Teste;2023-11-19 04:00;202311190400;2244.0;2193.0;2187.019335940537;-5.980664059462924;5.980664059462924;2244.0
001_MUC_H02_CONTROLE_15INPUTS_NH32_S01;2;24;Teste;2023-11-19 05:00;202311190500;2229.0;2165.0;2175.8092959700434;10.809295970043422;10.809295970043422;2229.0
001_MUC_H02_CONTROLE_15INPUTS_NH32_S01;2;24;Teste;2023-11-19 06:00;202311190600;2193.0;2138.0;2125.5106373323833;-12.48936266761666;12.48936266761666;2193.0
001_MUC_H02_CONTROLE_15INPUTS_NH32_S01;2;24;Teste;2023-11-19 07:00;202311190700;2165.0;2096.0;2097.0160718950287;1.0160718950287446;1.0160718950287446;2165.0
001_MUC_H02_CONTROLE_15INPUTS_NH32_S01;2;24;Teste;2023-11-19 08:00;202311190800;2138.0;2055.0;2070.828547848841;15.828547848841026;15.828547848841026;2138.0
001_MUC_H02_CONTROLE_15INPUTS_NH32_S01;2;24;Teste;2023-11-19 09:00;202311190900;2096.0;2013.0;2022.01540611579;9.015406115790029;9.015406115790029;2096.0
001_MUC_H02_CONTROLE_15INPUTS_NH32_S01;2;24;Teste;2023-11-19 10:00;202311191000;2055.0;1967.0;1978.2469350240626;11.246935024062623;11.246935024062623;2055.0
001_MUC_H02_CONTROLE_15INPUTS_NH32_S01;2;24;Teste;2023-11-19 11:00;202311191100;2013.0;1916.0;1935.9453563723873;19.945356372387323;19.945356372387323;2013.0
001_MUC_H02_CONTROLE_15INPUTS_NH32_S01;2;24;Teste;2023-11-19 12:00;202311191200;1967.0;1868.0;1885.4637623363296;17.463762336329637;17.463762336329637;1967.0
001_MUC_H02_CONTROLE_15INPUTS_NH32_S01;2;24;Teste;2023-11-19 13:00;202311191300;1916.0;1817.0;1834.7847422266311;17.784742226631124;17.784742226631124;1916.0
001_MUC_H02_CONTROLE_15INPUTS_NH32_S01;2;24;Teste;2023-11-19 14:00;202311191400;1868.0;1763.0;1788.8141373766052;25.81413737660523;25.81413737660523;1868.0
001_MUC_H02_CONTROLE_15INPUTS_NH32_S01;2;24;Teste;2023-11-19 15:00;202311191500;1817.0;1707.0;1738.0430214204605;31.04302142046049;31.04302142046049;1817.0
001_MUC_H02_CONTROLE_15INPUTS_NH32_S01;2;24;Teste;2023-11-19 16:00;202311191600;1763.0;1655.0;1685.1008688167913;30.100868816791262;30.100868816791262;1763.0
001_MUC_H02_CONTROLE_15INPUTS_NH32_S01;2;24;Teste;2023-11-19 17:00;202311191700;1707.0;1602.0;1625.5999852954826;23.59998529548261;23.59998529548261;1707.0
001_MUC_H02_CONTROLE_15INPUTS_NH32_S01;2;24;Teste;2023-11-19 18:00;202311191800;1655.0;1556.0;1579.204325216189;23.20432521618909;23.20432521618909;1655.0
001_MUC_H02_CONTROLE_15INPUTS_NH32_S01;2;24;Teste;2023-11-19 19:00;202311191900;1602.0;1506.0;1526.9582914711814;20.958291471181383;20.958291471181383;1602.0
001_MUC_H02_CONTROLE_15INPUTS_NH32_S01;2;24;Teste;2023-11-19 20:00;202311192000;1556.0;1464.0;1479.8138677039638;15.813867703963751;15.813867703963751;1556.0
001_MUC_H02_CONTROLE_15INPUTS_NH32_S01;2;24;Teste;2023-11-19 21:00;202311192100;1506.0;1416.0;1427.2851783949156;11.285178394915647;11.285178394915647;1506.0
001_MUC_H02_CONTROLE_15INPUTS_NH32_S01;2;24;Teste;2023-11-19 22:00;202311192200;1464.0;1372.0;1393.4914571647944;21.491457164794383;21.491457164794383;1464.0
001_MUC_H02_CONTROLE_15INPUTS_NH32_S01;2;24;Teste;2023-11-19 23:00;202311192300;1416.0;1332.0;1343.3238793602104;11.323879360210412;11.323879360210412;1416.0
001_MUC_H02_CONTROLE_15INPUTS_NH32_S01;2;24;Teste;2023-11-20 00:00;202311200000;1372.0;1295.0;1302.5116645721223;7.511664572122299;7.511664572122299;1372.0
001_MUC_H02_CONTROLE_15INPUTS_NH32_S01;2;24;Teste;2023-11-20 01:00;202311200100;1332.0;1259.0;1267.305891180435;8.305891180435083;8.305891180435083;1332.0
001_MUC_H02_CONTROLE_15INPUTS_NH32_S01;2;24;Teste;2023-11-20 02:00;202311200200;1295.0;1226.0;1234.277151074657;8.277151074657013;8.277151074657013;1295.0
001_MUC_H02_CONTROLE_15INPUTS_NH32_S01;2;24;Teste;2023-11-20 03:00;202311200300;1259.0;1195.0;1199.273092565305;4.273092565304978;4.273092565304978;1259.0
001_MUC_H02_CONTROLE_15INPUTS_NH32_S01;2;24;Teste;2023-11-20 04:00;202311200400;1226.0;1165.0;1167.832386645412;2.8323866454120434;2.8323866454120434;1226.0
001_MUC_H02_CONTROLE_15INPUTS_NH32_S01;2;24;Teste;2023-11-20 05:00;202311200500;1195.0;1138.0;1135.1316033351634;-2.8683966648366095;2.8683966648366095;1195.0
001_MUC_H02_CONTROLE_15INPUTS_NH32_S01;2;24;Teste;2023-11-20 06:00;202311200600;1165.0;1107.0;1106.9675472150304;-0.032452784969564163;0.032452784969564163;1165.0
001_MUC_H02_CONTROLE_15INPUTS_NH32_S01;2;24;Teste;2023-11-20 07:00;202311200700;1138.0;1078.0;1087.7410847827043;9.74108478270432;9.74108478270432;1138.0
001_MUC_H02_CONTROLE_15INPUTS_NH32_S01;2;24;Teste;2023-11-20 08:00;202311200800;1107.0;1051.0;1054.1704019807219;3.170401980721863;3.170401980721863;1107.0
001_MUC_H02_CONTROLE_15INPUTS_NH32_S01;2;24;Teste;2023-11-20 09:00;202311200900;1078.0;1026.0;1029.0507021139215;3.0507021139214885;3.0507021139214885;1078.0
001_MUC_H02_CONTROLE_15INPUTS_NH32_S01;2;24;Teste;2023-11-20 10:00;202311201000;1051.0;1002.0;1008.2375988698021;6.237598869802127;6.237598869802127;1051.0
001_MUC_H02_CONTROLE_15INPUTS_NH32_S01;2;24;Teste;2023-11-20 11:00;202311201100;1026.0;981.0;987.6309028401442;6.630902840144245;6.630902840144245;1026.0
001_MUC_H02_CONTROLE_15INPUTS_NH32_S01;2;24;Teste;2023-11-20 12:00;202311201200;1002.0;964.0;966.1413360864979;2.1413360864978586;2.1413360864978586;1002.0
001_MUC_H02_CONTROLE_15INPUTS_NH32_S01;2;24;Teste;2023-11-20 13:00;202311201300;981.0;949.0;943.8559705996304;-5.144029400369618;5.144029400369618;981.0
001_MUC_H02_CONTROLE_15INPUTS_NH32_S01;2;24;Teste;2023-11-20 14:00;202311201400;964.0;933.0;920.2951983227497;-12.704801677250316;12.704801677250316;964.0
001_MUC_H02_CONTROLE_15INPUTS_NH32_S01;2;24;Teste;2023-11-20 15:00;202311201500;949.0;908.0;910.1509820043383;2.150982004338289;2.150982004338289;949.0
001_MUC_H02_CONTROLE_15INPUTS_NH32_S01;2;24;Teste;2023-11-20 16:00;202311201600;933.0;885.0;902.1363747665282;17.136374766528206;17.136374766528206;933.0
001_MUC_H02_CONTROLE_15INPUTS_NH32_S01;2;24;Teste;2023-11-20 17:00;202311201700;908.0;864.0;872.1439739833506;8.143973983350634;8.143973983350634;908.0
001_MUC_H02_CONTROLE_15INPUTS_NH32_S01;2;24;Teste;2023-11-20 18:00;202311201800;885.0;848.0;855.9132293690152;7.913229369015198;7.913229369015198;885.0
001_MUC_H02_CONTROLE_15INPUTS_NH32_S01;2;24;Teste;2023-11-20 19:00;202311201900;864.0;838.0;836.7576722628729;-1.2423277371270842;1.2423277371270842;864.0
001_MUC_H02_CONTROLE_15INPUTS_NH32_S01;2;24;Teste;2023-11-20 20:00;202311202000;848.0;829.0;826.8540075186216;-2.1459924813783573;2.1459924813783573;848.0
001_MUC_H02_CONTROLE_15INPUTS_NH32_S01;2;24;Teste;2023-11-20 21:00;202311202100;838.0;820.0;819.1377627835683;-0.8622372164317085;0.8622372164317085;838.0
001_MUC_H02_CONTROLE_15INPUTS_NH32_S01;2;24;Teste;2023-11-20 22:00;202311202200;829.0;810.0;802.933642344708;-7.066357655291995;7.066357655291995;829.0
001_MUC_H02_CONTROLE_15INPUTS_NH32_S01;2;24;Teste;2023-11-20 23:00;202311202300;820.0;797.0;782.6559826130762;-14.344017386923838;14.344017386923838;820.0
001_MUC_H02_CONTROLE_15INPUTS_NH32_S01;2;24;Teste;2023-11-21 00:00;202311210000;810.0;779.0;775.9209743266838;-3.0790256733162096;3.0790256733162096;810.0
001_MUC_H02_CONTROLE_15INPUTS_NH32_S01;2;24;Teste;2023-11-21 01:00;202311210100;797.0;757.0;772.201802324218;15.201802324217965;15.201802324217965;797.0
001_MUC_H02_CONTROLE_15INPUTS_NH32_S01;2;24;Teste;2023-11-21 02:00;202311210200;779.0;740.0;753.9147964844234;13.914796484423391;13.914796484423391;779.0
001_MUC_H02_CONTROLE_15INPUTS_NH32_S01;2;24;Teste;2023-11-21 03:00;202311210300;757.0;730.0;733.4522809101327;3.4522809101326857;3.4522809101326857;757.0
001_MUC_H02_CONTROLE_15INPUTS_NH32_S01;2;24;Teste;2023-11-21 04:00;202311210400;740.0;726.0;723.8223265771358;-2.1776734228642454;2.1776734228642454;740.0
001_MUC_H02_CONTROLE_15INPUTS_NH32_S01;2;24;Teste;2023-11-21 05:00;202311210500;730.0;722.0;712.2476596805205;-9.752340319479458;9.752340319479458;730.0
001_MUC_H02_CONTROLE_15INPUTS_NH32_S01;2;24;Teste;2023-11-21 06:00;202311210600;726.0;719.0;700.4241072801196;-18.575892719880358;18.575892719880358;726.0
001_MUC_H02_CONTROLE_15INPUTS_NH32_S01;2;24;Teste;2023-11-21 07:00;202311210700;722.0;709.0;694.7043666462433;-14.29563335375667;14.29563335375667;722.0
001_MUC_H02_CONTROLE_15INPUTS_NH32_S01;2;24;Teste;2023-11-21 08:00;202311210800;719.0;691.0;700.5048625680845;9.50486256808449;9.50486256808449;719.0
001_MUC_H02_CONTROLE_15INPUTS_NH32_S01;2;24;Teste;2023-11-21 09:00;202311210900;709.0;676.0;690.5606368917782;14.560636891778245;14.560636891778245;709.0
001_MUC_H02_CONTROLE_15INPUTS_NH32_S01;2;24;Teste;2023-11-21 10:00;202311211000;691.0;665.0;670.0808686190295;5.080868619029502;5.080868619029502;691.0
001_MUC_H02_CONTROLE_15INPUTS_NH32_S01;2;24;Teste;2023-11-21 11:00;202311211100;676.0;659.0;658.2121528343971;-0.7878471656028978;0.7878471656028978;676.0
001_MUC_H02_CONTROLE_15INPUTS_NH32_S01;2;24;Teste;2023-11-21 12:00;202311211200;665.0;657.0;650.4681007009443;-6.531899299055681;6.531899299055681;665.0
001_MUC_H02_CONTROLE_15INPUTS_NH32_S01;2;24;Teste;2023-11-21 13:00;202311211300;659.0;655.0;647.4146898241702;-7.585310175829818;7.585310175829818;659.0
001_MUC_H02_CONTROLE_15INPUTS_NH32_S01;2;24;Teste;2023-11-21 14:00;202311211400;657.0;652.0;647.5615615047973;-4.438438495202718;4.438438495202718;657.0
001_MUC_H02_CONTROLE_15INPUTS_NH32_S01;2;24;Teste;2023-11-21 15:00;202311211500;655.0;647.0;645.0690313568462;-1.9309686431538466;1.9309686431538466;655.0
001_MUC_H02_CONTROLE_15INPUTS_NH32_S01;2;24;Teste;2023-11-21 16:00;202311211600;652.0;644.0;641.4379750242653;-2.5620249757347437;2.5620249757347437;652.0
001_MUC_H02_CONTROLE_15INPUTS_NH32_S01;2;24;Teste;2023-11-21 17:00;202311211700;647.0;638.0;633.738018173613;-4.261981826387;4.261981826387;647.0
001_MUC_H02_CONTROLE_15INPUTS_NH32_S01;2;24;Teste;2023-11-21 18:00;202311211800;644.0;631.0;630.9378890692443;-0.062110930755693516;0.062110930755693516;644.0
001_MUC_H02_CONTROLE_15INPUTS_NH32_S01;2;24;Teste;2023-11-21 19:00;202311211900;638.0;626.0;621.4935905421613;-4.506409457838686;4.506409457838686;638.0
001_MUC_H02_CONTROLE_15INPUTS_NH32_S01;2;24;Teste;2023-11-21 20:00;202311212000;631.0;621.0;613.3355593477787;-7.664440652221288;7.664440652221288;631.0
001_MUC_H02_CONTROLE_15INPUTS_NH32_S01;2;24;Teste;2023-11-21 21:00;202311212100;626.0;615.0;612.5720252328971;-2.42797476710291;2.42797476710291;626.0
001_MUC_H02_CONTROLE_15INPUTS_NH32_S01;2;24;Teste;2023-11-21 22:00;202311212200;621.0;609.0;607.6478963172816;-1.3521036827183934;1.3521036827183934;621.0
001_MUC_H02_CONTROLE_15INPUTS_NH32_S01;2;24;Teste;2023-11-21 23:00;202311212300;615.0;604.0;597.3964401035078;-6.603559896492243;6.603559896492243;615.0
001_MUC_H02_CONTROLE_15INPUTS_NH32_S01;2;24;Teste;2023-11-22 00:00;202311220000;609.0;599.0;589.4678372201456;-9.532162779854389;9.532162779854389;609.0
001_MUC_H02_CONTROLE_15INPUTS_NH32_S01;2;24;Teste;2023-11-22 01:00;202311220100;604.0;590.0;587.0997369190816;-2.900263080918421;2.900263080918421;604.0
001_MUC_H02_CONTROLE_15INPUTS_NH32_S01;2;24;Teste;2023-11-22 02:00;202311220200;599.0;582.0;584.761434968115;2.7614349681150543;2.7614349681150543;599.0
001_MUC_H02_CONTROLE_15INPUTS_NH32_S01;2;24;Teste;2023-11-22 03:00;202311220300;590.0;574.0;572.8487893383183;-1.1512106616817164;1.1512106616817164;590.0
001_MUC_H02_CONTROLE_15INPUTS_NH32_S01;2;24;Teste;2023-11-22 04:00;202311220400;582.0;569.0;568.3049673395705;-0.6950326604295469;0.6950326604295469;582.0
001_MUC_H02_CONTROLE_15INPUTS_NH32_S01;2;24;Teste;2023-11-22 05:00;202311220500;574.0;564.0;561.1208740022802;-2.879125997719825;2.879125997719825;574.0
001_MUC_H02_CONTROLE_15INPUTS_NH32_S01;2;24;Teste;2023-11-22 06:00;202311220600;569.0;561.0;558.3127585200847;-2.687241479915315;2.687241479915315;569.0
001_MUC_H02_CONTROLE_15INPUTS_NH32_S01;2;24;Teste;2023-11-22 07:00;202311220700;564.0;557.0;552.8608514414543;-4.139148558545685;4.139148558545685;564.0
001_MUC_H02_CONTROLE_15INPUTS_NH32_S01;2;24;Teste;2023-11-22 08:00;202311220800;561.0;555.0;552.3482595844182;-2.6517404155817985;2.6517404155817985;561.0
001_MUC_H02_CONTROLE_15INPUTS_NH32_S01;2;24;Teste;2023-11-22 09:00;202311220900;557.0;552.0;545.8757187976986;-6.124281202301404;6.124281202301404;557.0
001_MUC_H02_CONTROLE_15INPUTS_NH32_S01;2;24;Teste;2023-11-22 10:00;202311221000;555.0;550.0;544.8732685992582;-5.126731400741846;5.126731400741846;555.0
001_MUC_H02_CONTROLE_15INPUTS_NH32_S01;2;24;Teste;2023-11-22 11:00;202311221100;552.0;544.0;539.8874688777092;-4.112531122290761;4.112531122290761;552.0
001_MUC_H02_CONTROLE_15INPUTS_NH32_S01;2;24;Teste;2023-11-22 12:00;202311221200;550.0;542.0;538.639643178812;-3.36035682118802;3.36035682118802;550.0
001_MUC_H02_CONTROLE_15INPUTS_NH32_S01;2;24;Teste;2023-11-22 13:00;202311221300;544.0;542.0;530.0192738661779;-11.980726133822145;11.980726133822145;544.0
001_MUC_H02_CONTROLE_15INPUTS_NH32_S01;2;24;Teste;2023-11-22 14:00;202311221400;542.0;543.0;534.7397078597836;-8.260292140216393;8.260292140216393;542.0
001_MUC_H02_CONTROLE_15INPUTS_NH32_S01;2;24;Teste;2023-11-22 15:00;202311221500;542.0;545.0;538.0295113372208;-6.970488662779189;6.970488662779189;542.0
001_MUC_H02_CONTROLE_15INPUTS_NH32_S01;2;24;Teste;2023-11-22 16:00;202311221600;543.0;551.0;543.2692823490122;-7.730717650987799;7.730717650987799;543.0
001_MUC_H02_CONTROLE_15INPUTS_NH32_S01;2;24;Teste;2023-11-22 17:00;202311221700;545.0;555.0;550.5290201058982;-4.470979894101788;4.470979894101788;545.0
001_MUC_H02_CONTROLE_15INPUTS_NH32_S01;2;24;Teste;2023-11-22 18:00;202311221800;551.0;563.0;563.0697707301844;0.06977073018435931;0.06977073018435931;551.0
001_MUC_H02_CONTROLE_15INPUTS_NH32_S01;2;24;Teste;2023-11-22 19:00;202311221900;555.0;572.0;563.5041534564135;-8.495846543586481;8.495846543586481;555.0
001_MUC_H02_CONTROLE_15INPUTS_NH32_S01;2;24;Teste;2023-11-22 20:00;202311222000;563.0;595.0;574.7360068491691;-20.263993150830856;20.263993150830856;563.0
001_MUC_H02_CONTROLE_15INPUTS_NH32_S01;2;24;Teste;2023-11-22 21:00;202311222100;572.0;611.0;580.5664583956144;-30.433541604385596;30.433541604385596;572.0
001_MUC_H02_CONTROLE_15INPUTS_NH32_S01;2;24;Teste;2023-11-22 22:00;202311222200;595.0;624.0;617.585800004475;-6.414199995524996;6.414199995524996;595.0
001_MUC_H02_CONTROLE_15INPUTS_NH32_S01;2;24;Teste;2023-11-22 23:00;202311222300;611.0;631.0;620.6678793725532;-10.332120627446784;10.332120627446784;611.0
001_MUC_H02_CONTROLE_15INPUTS_NH32_S01;2;24;Teste;2023-11-23 00:00;202311230000;624.0;634.0;630.8434950300394;-3.156504969960565;3.156504969960565;624.0
001_MUC_H02_CONTROLE_15INPUTS_NH32_S01;2;24;Teste;2023-11-23 01:00;202311230100;631.0;634.0;633.5804895122768;-0.419510487723187;0.419510487723187;631.0
001_MUC_H02_CONTROLE_15INPUTS_NH32_S01;2;24;Teste;2023-11-23 02:00;202311230200;634.0;636.0;634.9314995620213;-1.0685004379787415;1.0685004379787415;634.0
001_MUC_H02_CONTROLE_15INPUTS_NH32_S01;2;24;Teste;2023-11-23 03:00;202311230300;634.0;641.0;637.6834633789753;-3.3165366210247385;3.3165366210247385;634.0
001_MUC_H02_CONTROLE_15INPUTS_NH32_S01;2;24;Teste;2023-11-23 04:00;202311230400;636.0;650.0;649.4028471796912;-0.5971528203087928;0.5971528203087928;636.0
001_MUC_H02_CONTROLE_15INPUTS_NH32_S01;2;24;Teste;2023-11-23 05:00;202311230500;641.0;662.0;657.5110175880186;-4.488982411981397;4.488982411981397;641.0
001_MUC_H02_CONTROLE_15INPUTS_NH32_S01;2;24;Teste;2023-11-23 06:00;202311230600;650.0;677.0;666.8670223801814;-10.132977619818575;10.132977619818575;650.0
001_MUC_H02_CONTROLE_15INPUTS_NH32_S01;2;24;Teste;2023-11-23 07:00;202311230700;662.0;691.0;679.3413195020548;-11.65868049794517;11.65868049794517;662.0
001_MUC_H02_CONTROLE_15INPUTS_NH32_S01;2;24;Teste;2023-11-23 08:00;202311230800;677.0;701.0;692.0778714935482;-8.922128506451827;8.922128506451827;677.0
001_MUC_H02_CONTROLE_15INPUTS_NH32_S01;2;24;Teste;2023-11-23 09:00;202311230900;691.0;706.0;700.563289538344;-5.436710461656048;5.436710461656048;691.0
001_MUC_H02_CONTROLE_15INPUTS_NH32_S01;2;24;Teste;2023-11-23 10:00;202311231000;701.0;707.0;704.3354160529992;-2.6645839470007786;2.6645839470007786;701.0
001_MUC_H02_CONTROLE_15INPUTS_NH32_S01;2;24;Teste;2023-11-23 11:00;202311231100;706.0;710.0;703.0116847231778;-6.9883152768221635;6.9883152768221635;706.0
001_MUC_H02_CONTROLE_15INPUTS_NH32_S01;2;24;Teste;2023-11-23 12:00;202311231200;707.0;709.0;693.5840294197055;-15.41597058029447;15.41597058029447;707.0
001_MUC_H02_CONTROLE_15INPUTS_NH32_S01;2;24;Teste;2023-11-23 13:00;202311231300;710.0;707.0;693.921113291021;-13.078886708978985;13.078886708978985;710.0
001_MUC_H02_CONTROLE_15INPUTS_NH32_S01;2;24;Teste;2023-11-23 14:00;202311231400;709.0;701.0;694.2313552939307;-6.768644706069267;6.768644706069267;709.0
001_MUC_H02_CONTROLE_15INPUTS_NH32_S01;2;24;Teste;2023-11-23 15:00;202311231500;707.0;688.0;701.1299977382097;13.129997738209681;13.129997738209681;707.0
001_MUC_H02_CONTROLE_15INPUTS_NH32_S01;2;24;Teste;2023-11-23 16:00;202311231600;701.0;683.0;702.1485081473031;19.14850814730312;19.14850814730312;701.0
001_MUC_H02_CONTROLE_15INPUTS_NH32_S01;2;24;Teste;2023-11-23 17:00;202311231700;688.0;684.0;692.6484448094802;8.648444809480225;8.648444809480225;688.0
001_MUC_H02_CONTROLE_15INPUTS_NH32_S01;2;24;Teste;2023-11-23 23:00;202311232300;725.0;724.0;717.9336812626659;-6.066318737334086;6.066318737334086;725.0
001_MUC_H02_CONTROLE_15INPUTS_NH32_S01;2;24;Teste;2023-11-24 01:00;202311240100;724.0;713.0;705.0844428083369;-7.915557191663083;7.915557191663083;724.0
001_MUC_H02_CONTROLE_15INPUTS_NH32_S01;2;24;Teste;2023-11-24 02:00;202311240200;719.0;707.0;700.7061964855877;-6.293803514412275;6.293803514412275;719.0
001_MUC_H02_CONTROLE_15INPUTS_NH32_S01;2;24;Teste;2023-11-24 03:00;202311240300;713.0;701.0;694.3256236907662;-6.674376309233821;6.674376309233821;713.0
001_MUC_H02_CONTROLE_15INPUTS_NH32_S01;2;24;Teste;2023-11-24 04:00;202311240400;707.0;693.0;688.1767521508162;-4.823247849183758;4.823247849183758;707.0
001_MUC_H02_CONTROLE_15INPUTS_NH32_S01;2;24;Teste;2023-11-24 05:00;202311240500;701.0;685.0;682.3721349051999;-2.627865094800086;2.627865094800086;701.0
001_MUC_H02_CONTROLE_15INPUTS_NH32_S01;2;24;Teste;2023-11-24 07:00;202311240700;685.0;668.0;666.5286280307857;-1.4713719692142604;1.4713719692142604;685.0
001_MUC_H02_CONTROLE_15INPUTS_NH32_S01;2;24;Teste;2023-11-24 09:00;202311240900;668.0;651.0;647.6422469153688;-3.357753084631213;3.357753084631213;668.0
001_MUC_H02_CONTROLE_15INPUTS_NH32_S01;2;24;Teste;2023-11-24 10:00;202311241000;659.0;638.0;638.1492915275736;0.14929152757360953;0.14929152757360953;659.0
001_MUC_H02_CONTROLE_15INPUTS_NH32_S01;2;24;Teste;2023-11-24 11:00;202311241100;651.0;632.0;631.42175286564;-0.5782471343600264;0.5782471343600264;651.0
001_MUC_H02_CONTROLE_15INPUTS_NH32_S01;2;24;Teste;2023-11-24 12:00;202311241200;638.0;626.0;613.9866802098339;-12.013319790166065;12.013319790166065;638.0
001_MUC_H02_CONTROLE_15INPUTS_NH32_S01;2;24;Teste;2023-11-24 13:00;202311241300;632.0;614.0;616.5064882966539;2.506488296653856;2.506488296653856;632.0
001_MUC_H02_CONTROLE_15INPUTS_NH32_S01;2;24;Teste;2023-11-24 15:00;202311241500;614.0;599.0;586.542726008991;-12.457273991008947;12.457273991008947;614.0
001_MUC_H02_CONTROLE_15INPUTS_NH32_S01;2;30;Treino;2024-10-11 20:00;202410112000;411.0;456.0;410.67920821749374;-45.32079178250626;45.32079178250626;411.0
001_MUC_H02_CONTROLE_15INPUTS_NH32_S01;2;30;Treino;2024-10-11 21:00;202410112100;423.0;480.0;437.32733141349684;-42.672668586503164;42.672668586503164;423.0
001_MUC_H02_CONTROLE_15INPUTS_NH32_S01;2;30;Treino;2024-10-11 22:00;202410112200;456.0;483.0;519.7780116166946;36.778011616694585;36.778011616694585;456.0
001_MUC_H02_CONTROLE_15INPUTS_NH32_S01;2;30;Treino;2024-10-11 23:00;202410112300;480.0;486.0;528.6025898375469;42.60258983754693;42.60258983754693;480.0
001_MUC_H02_CONTROLE_15INPUTS_NH32_S01;2;30;Treino;2024-10-12 00:00;202410120000;483.0;500.0;507.1442052265631;7.144205226563088;7.144205226563088;483.0
001_MUC_H02_CONTROLE_15INPUTS_NH32_S01;2;30;Treino;2024-10-12 01:00;202410120100;486.0;520.0;542.892537458201;22.89253745820099;22.89253745820099;486.0
001_MUC_H02_CONTROLE_15INPUTS_NH32_S01;2;30;Treino;2024-10-12 02:00;202410120200;500.0;549.0;557.3014666347125;8.301466634712483;8.301466634712483;500.0
001_MUC_H02_CONTROLE_15INPUTS_NH32_S01;2;30;Treino;2024-10-12 03:00;202410120300;520.0;583.0;573.5550684720024;-9.444931527997596;9.444931527997596;520.0
001_MUC_H02_CONTROLE_15INPUTS_NH32_S01;2;30;Treino;2024-10-12 04:00;202410120400;549.0;609.0;608.1744779948361;-0.8255220051638616;0.8255220051638616;549.0
001_MUC_H02_CONTROLE_15INPUTS_NH32_S01;2;30;Treino;2024-10-12 05:00;202410120500;583.0;627.0;632.7208031968203;5.72080319682027;5.72080319682027;583.0
001_MUC_H02_CONTROLE_15INPUTS_NH32_S01;2;30;Treino;2024-10-12 06:00;202410120600;609.0;638.0;654.2936389090023;16.29363890900231;16.29363890900231;609.0
001_MUC_H02_CONTROLE_15INPUTS_NH32_S01;2;30;Treino;2024-10-12 07:00;202410120700;627.0;649.0;670.8663477526754;21.866347752675438;21.866347752675438;627.0
001_MUC_H02_CONTROLE_15INPUTS_NH32_S01;2;30;Treino;2024-10-12 08:00;202410120800;638.0;664.0;679.2098050654664;15.209805065466412;15.209805065466412;638.0
001_MUC_H02_CONTROLE_15INPUTS_NH32_S01;2;30;Treino;2024-10-12 09:00;202410120900;649.0;682.0;690.9158348485357;8.915834848535724;8.915834848535724;649.0
001_MUC_H02_CONTROLE_15INPUTS_NH32_S01;2;30;Treino;2024-10-12 10:00;202410121000;664.0;705.0;706.0217588225553;1.0217588225552845;1.0217588225552845;664.0
001_MUC_H02_CONTROLE_15INPUTS_NH32_S01;2;30;Treino;2024-10-12 11:00;202410121100;682.0;722.0;719.0615005324327;-2.9384994675673397;2.9384994675673397;682.0
001_MUC_H02_CONTROLE_15INPUTS_NH32_S01;2;30;Treino;2024-10-12 12:00;202410121200;705.0;732.0;740.2871988130537;8.287198813053692;8.287198813053692;705.0
001_MUC_H02_CONTROLE_15INPUTS_NH32_S01;2;30;Treino;2024-10-12 13:00;202410121300;722.0;737.0;743.9934281531099;6.993428153109903;6.993428153109903;722.0
001_MUC_H02_CONTROLE_15INPUTS_NH32_S01;2;30;Treino;2024-10-12 14:00;202410121400;732.0;738.0;739.7584782085437;1.7584782085436927;1.7584782085436927;732.0
001_MUC_H02_CONTROLE_15INPUTS_NH32_S01;2;30;Treino;2024-10-12 15:00;202410121500;737.0;742.0;733.8559588284936;-8.144041171506387;8.144041171506387;737.0
001_MUC_H02_CONTROLE_15INPUTS_NH32_S01;2;30;Treino;2024-10-12 16:00;202410121600;738.0;736.0;727.7230773472071;-8.276922652792905;8.276922652792905;738.0
001_MUC_H02_CONTROLE_15INPUTS_NH32_S01;2;30;Treino;2024-10-12 17:00;202410121700;742.0;727.0;744.0939113918641;17.09391139186414;17.09391139186414;742.0
001_MUC_H02_CONTROLE_15INPUTS_NH32_S01;2;30;Treino;2024-10-12 18:00;202410121800;736.0;721.0;728.4650963764504;7.465096376450447;7.465096376450447;736.0
001_MUC_H02_CONTROLE_15INPUTS_NH32_S01;2;30;Treino;2024-10-12 19:00;202410121900;727.0;719.0;715.4589283701549;-3.541071629845078;3.541071629845078;727.0
001_MUC_H02_CONTROLE_15INPUTS_NH32_S01;2;30;Treino;2024-10-12 20:00;202410122000;721.0;716.0;713.7853861836857;-2.2146138163143405;2.2146138163143405;721.0
001_MUC_H02_CONTROLE_15INPUTS_NH32_S01;2;30;Treino;2024-10-12 21:00;202410122100;719.0;714.0;716.9192154269808;2.919215426980827;2.919215426980827;719.0
001_MUC_H02_CONTROLE_15INPUTS_NH32_S01;2;30;Treino;2024-10-12 22:00;202410122200;716.0;709.0;711.2678039123213;2.2678039123212557;2.2678039123212557;716.0
001_MUC_H02_CONTROLE_15INPUTS_NH32_S01;2;30;Treino;2024-10-12 23:00;202410122300;714.0;704.0;707.5090231466347;3.5090231466347177;3.5090231466347177;714.0
001_MUC_H02_CONTROLE_15INPUTS_NH32_S01;2;30;Treino;2024-10-13 00:00;202410130000;709.0;701.0;689.2171087229019;-11.782891277098088;11.782891277098088;709.0
001_MUC_H02_CONTROLE_15INPUTS_NH32_S01;2;30;Treino;2024-10-13 01:00;202410130100;704.0;691.0;677.3282030289529;-13.671796971047115;13.671796971047115;704.0
001_MUC_H02_CONTROLE_15INPUTS_NH32_S01;2;30;Treino;2024-10-13 02:00;202410130200;701.0;678.0;680.1624612429707;2.1624612429707213;2.1624612429707213;701.0
001_MUC_H02_CONTROLE_15INPUTS_NH32_S01;2;30;Treino;2024-10-13 03:00;202410130300;691.0;664.0;667.5440566207005;3.5440566207005304;3.5440566207005304;691.0
001_MUC_H02_CONTROLE_15INPUTS_NH32_S01;2;30;Treino;2024-10-13 04:00;202410130400;678.0;652.0;657.1637822510571;5.163782251057114;5.163782251057114;678.0
001_MUC_H02_CONTROLE_15INPUTS_NH32_S01;2;30;Treino;2024-10-13 05:00;202410130500;664.0;645.0;645.7982977691155;0.7982977691154929;0.7982977691154929;664.0
001_MUC_H02_CONTROLE_15INPUTS_NH32_S01;2;30;Treino;2024-10-13 06:00;202410130600;652.0;640.0;637.8162310984048;-2.1837689015951582;2.1837689015951582;652.0
001_MUC_H02_CONTROLE_15INPUTS_NH32_S01;2;30;Treino;2024-10-13 07:00;202410130700;645.0;639.0;630.7555754130459;-8.244424586954096;8.244424586954096;645.0
001_MUC_H02_CONTROLE_15INPUTS_NH32_S01;2;30;Treino;2024-10-13 08:00;202410130800;640.0;634.0;617.8083725894963;-16.191627410503656;16.191627410503656;640.0
001_MUC_H02_CONTROLE_15INPUTS_NH32_S01;2;30;Treino;2024-10-13 09:00;202410130900;639.0;623.0;617.310333284388;-5.68966671561202;5.68966671561202;639.0
001_MUC_H02_CONTROLE_15INPUTS_NH32_S01;2;30;Treino;2024-10-13 10:00;202410131000;634.0;612.0;599.6823791778;-12.317620822199956;12.317620822199956;634.0
001_MUC_H02_CONTROLE_15INPUTS_NH32_S01;2;30;Treino;2024-10-13 11:00;202410131100;623.0;596.0;590.909103062176;-5.090896937824027;5.090896937824027;623.0
001_MUC_H02_CONTROLE_15INPUTS_NH32_S01;2;30;Treino;2024-10-13 12:00;202410131200;612.0;574.0;595.0260545752493;21.026054575249304;21.026054575249304;612.0
001_MUC_H02_CONTROLE_15INPUTS_NH32_S01;2;30;Treino;2024-10-13 13:00;202410131300;596.0;565.0;586.8033682518585;21.8033682518585;21.8033682518585;596.0
001_MUC_H02_CONTROLE_15INPUTS_NH32_S01;2;30;Treino;2024-10-13 14:00;202410131400;574.0;563.0;549.2238075178728;-13.776192482127158;13.776192482127158;574.0
001_MUC_H02_CONTROLE_15INPUTS_NH32_S01;2;30;Treino;2024-10-13 15:00;202410131500;565.0;569.0;535.882883088643;-33.117116911357016;33.117116911357016;565.0
001_MUC_H02_CONTROLE_15INPUTS_NH32_S01;2;30;Treino;2024-10-13 16:00;202410131600;563.0;562.0;535.6230792913886;-26.37692070861135;26.37692070861135;563.0
001_MUC_H02_CONTROLE_15INPUTS_NH32_S01;2;30;Treino;2024-10-13 17:00;202410131700;569.0;544.0;552.5843673082388;8.584367308238825;8.584367308238825;569.0
001_MUC_H02_CONTROLE_15INPUTS_NH32_S01;2;30;Treino;2024-10-13 18:00;202410131800;562.0;525.0;547.6715184244993;22.671518424499254;22.671518424499254;562.0
001_MUC_H02_CONTROLE_15INPUTS_NH32_S01;2;30;Treino;2024-10-13 19:00;202410131900;544.0;511.0;535.815947636856;24.81594763685598;24.81594763685598;544.0
001_MUC_H02_CONTROLE_15INPUTS_NH32_S01;2;30;Treino;2024-10-13 20:00;202410132000;525.0;509.0;518.6183096149769;9.618309614976852;9.618309614976852;525.0
001_MUC_H02_CONTROLE_15INPUTS_NH32_S01;2;30;Treino;2024-10-13 21:00;202410132100;511.0;518.0;507.1338093642971;-10.866190635702878;10.866190635702878;511.0
001_MUC_H02_CONTROLE_15INPUTS_NH32_S01;2;30;Treino;2024-10-13 22:00;202410132200;509.0;528.0;509.91164362193746;-18.088356378062542;18.088356378062542;509.0
001_MUC_H02_CONTROLE_15INPUTS_NH32_S01;2;30;Treino;2024-10-13 23:00;202410132300;518.0;534.0;520.2733309589372;-13.726669041062792;13.726669041062792;518.0
001_MUC_H02_CONTROLE_15INPUTS_NH32_S01;2;30;Treino;2024-10-14 00:00;202410140000;528.0;534.0;521.5251376999848;-12.474862300015161;12.474862300015161;528.0
001_MUC_H02_CONTROLE_15INPUTS_NH32_S01;2;30;Treino;2024-10-14 01:00;202410140100;534.0;530.0;518.9600094394599;-11.039990560540105;11.039990560540105;534.0
001_MUC_H02_CONTROLE_15INPUTS_NH32_S01;2;30;Treino;2024-10-14 02:00;202410140200;534.0;520.0;514.995336744405;-5.0046632555950055;5.0046632555950055;534.0
001_MUC_H02_CONTROLE_15INPUTS_NH32_S01;2;30;Treino;2024-10-14 03:00;202410140300;530.0;508.0;512.2861815307842;4.2861815307842335;4.2861815307842335;530.0
001_MUC_H02_CONTROLE_15INPUTS_NH32_S01;2;30;Treino;2024-10-14 04:00;202410140400;520.0;497.0;503.91137334144094;6.911373341440935;6.911373341440935;520.0
001_MUC_H02_CONTROLE_15INPUTS_NH32_S01;2;30;Treino;2024-10-14 05:00;202410140500;508.0;491.0;495.0457356896908;4.045735689690787;4.045735689690787;508.0
001_MUC_H02_CONTROLE_15INPUTS_NH32_S01;2;31;Teste;2025-06-28 19:00;202506281900;466.0;459.0;457.2478841614752;-1.7521158385247873;1.7521158385247873;466.0
001_MUC_H02_CONTROLE_15INPUTS_NH32_S01;2;31;Teste;2025-06-28 20:00;202506282000;462.0;458.0;459.4578853437698;1.4578853437698172;1.4578853437698172;462.0
001_MUC_H02_CONTROLE_15INPUTS_NH32_S01;2;31;Teste;2025-06-28 21:00;202506282100;459.0;463.0;463.80224674216186;0.8022467421618558;0.8022467421618558;459.0
001_MUC_H02_CONTROLE_15INPUTS_NH32_S01;2;31;Teste;2025-06-28 22:00;202506282200;458.0;477.0;468.9934057757672;-8.0065942242328;8.0065942242328;458.0
001_MUC_H02_CONTROLE_15INPUTS_NH32_S01;2;31;Teste;2025-06-28 23:00;202506282300;463.0;501.0;485.1390725609808;-15.860927439019179;15.860927439019179;463.0
001_MUC_H02_CONTROLE_15INPUTS_NH32_S01;2;31;Teste;2025-06-29 00:00;202506290000;477.0;529.0;521.8697036592653;-7.130296340734731;7.130296340734731;477.0
001_MUC_H02_CONTROLE_15INPUTS_NH32_S01;2;31;Teste;2025-06-29 01:00;202506290100;501.0;572.0;581.4269977249947;9.426997724994749;9.426997724994749;501.0
001_MUC_H02_CONTROLE_15INPUTS_NH32_S01;2;31;Teste;2025-06-29 02:00;202506290200;529.0;646.0;619.7546560332798;-26.245343966720156;26.245343966720156;529.0
001_MUC_H02_CONTROLE_15INPUTS_NH32_S01;2;31;Teste;2025-06-29 03:00;202506290300;572.0;719.0;692.5890310802092;-26.410968919790776;26.410968919790776;572.0
001_MUC_H02_CONTROLE_15INPUTS_NH32_S01;2;31;Teste;2025-06-29 04:00;202506290400;646.0;805.0;825.0724097270322;20.07240972703221;20.07240972703221;646.0
001_MUC_H02_CONTROLE_15INPUTS_NH32_S01;2;31;Teste;2025-06-29 05:00;202506290500;719.0;899.0;880.4740143862937;-18.525985613706325;18.525985613706325;719.0
001_MUC_H02_CONTROLE_15INPUTS_NH32_S01;2;31;Teste;2025-06-29 06:00;202506290600;805.0;987.0;972.7157571712262;-14.284242828773813;14.284242828773813;805.0
001_MUC_H02_CONTROLE_15INPUTS_NH32_S01;2;31;Teste;2025-06-29 07:00;202506290700;899.0;1083.0;1092.8167100097821;9.816710009782128;9.816710009782128;899.0
001_MUC_H02_CONTROLE_15INPUTS_NH32_S01;2;31;Teste;2025-06-29 08:00;202506290800;987.0;1167.0;1167.2040645493084;0.2040645493084412;0.2040645493084412;987.0
001_MUC_H02_CONTROLE_15INPUTS_NH32_S01;2;31;Teste;2025-06-29 09:00;202506290900;1083.0;1231.0;1243.908937729773;12.908937729773015;12.908937729773015;1083.0
001_MUC_H02_CONTROLE_15INPUTS_NH32_S01;2;31;Teste;2025-06-29 10:00;202506291000;1167.0;1270.0;1284.9230519544583;14.923051954458288;14.923051954458288;1167.0
001_MUC_H02_CONTROLE_15INPUTS_NH32_S01;2;31;Teste;2025-06-29 11:00;202506291100;1231.0;1302.0;1306.0133260725318;4.013326072531754;4.013326072531754;1231.0
001_MUC_H02_CONTROLE_15INPUTS_NH32_S01;2;31;Teste;2025-06-29 12:00;202506291200;1270.0;1332.0;1318.7180410458345;-13.281958954165475;13.281958954165475;1270.0
001_MUC_H02_CONTROLE_15INPUTS_NH32_S01;2;31;Teste;2025-06-29 13:00;202506291300;1302.0;1363.0;1362.829262428667;-0.1707375713328929;0.1707375713328929;1302.0
001_MUC_H02_CONTROLE_15INPUTS_NH32_S01;2;31;Teste;2025-06-29 14:00;202506291400;1332.0;1392.0;1402.1900906374349;10.190090637434878;10.190090637434878;1332.0
001_MUC_H02_CONTROLE_15INPUTS_NH32_S01;2;31;Teste;2025-06-29 15:00;202506291500;1363.0;1421.0;1436.6213953924125;15.621395392412524;15.621395392412524;1363.0
001_MUC_H02_CONTROLE_15INPUTS_NH32_S01;2;31;Teste;2025-06-29 16:00;202506291600;1392.0;1444.0;1454.5798816550775;10.579881655077543;10.579881655077543;1392.0
001_MUC_H02_CONTROLE_15INPUTS_NH32_S01;2;31;Teste;2025-06-29 17:00;202506291700;1421.0;1461.0;1471.998573204875;10.998573204874901;10.998573204874901;1421.0
001_MUC_H02_CONTROLE_15INPUTS_NH32_S01;2;31;Teste;2025-06-29 18:00;202506291800;1444.0;1474.0;1476.4279051626704;2.427905162670413;2.427905162670413;1444.0
001_MUC_H02_CONTROLE_15INPUTS_NH32_S01;2;31;Teste;2025-06-29 19:00;202506291900;1461.0;1484.0;1481.015299252939;-2.9847007470609697;2.9847007470609697;1461.0
001_MUC_H02_CONTROLE_15INPUTS_NH32_S01;2;31;Teste;2025-06-29 20:00;202506292000;1474.0;1499.0;1483.2864795576575;-15.713520442342542;15.713520442342542;1474.0
001_MUC_H02_CONTROLE_15INPUTS_NH32_S01;2;31;Teste;2025-06-29 21:00;202506292100;1484.0;1495.0;1482.3605766124724;-12.639423387527586;12.639423387527586;1484.0
001_MUC_H02_CONTROLE_15INPUTS_NH32_S01;2;31;Teste;2025-06-29 22:00;202506292200;1499.0;1494.0;1493.8246959374535;-0.17530406254650188;0.17530406254650188;1499.0
001_MUC_H02_CONTROLE_15INPUTS_NH32_S01;2;31;Teste;2025-06-29 23:00;202506292300;1495.0;1483.0;1464.3429476406727;-18.65705235932728;18.65705235932728;1495.0
001_MUC_H02_CONTROLE_15INPUTS_NH32_S01;2;31;Teste;2025-06-30 00:00;202506300000;1494.0;1474.0;1462.8429039833857;-11.157096016614332;11.157096016614332;1494.0
001_MUC_H02_CONTROLE_15INPUTS_NH32_S01;2;31;Teste;2025-06-30 01:00;202506300100;1483.0;1452.0;1439.0954363047026;-12.904563695297384;12.904563695297384;1483.0
001_MUC_H02_CONTROLE_15INPUTS_NH32_S01;2;31;Teste;2025-06-30 02:00;202506300200;1474.0;1431.0;1429.9252866757363;-1.074713324263712;1.074713324263712;1474.0
001_MUC_H02_CONTROLE_15INPUTS_NH32_S01;2;31;Teste;2025-06-30 03:00;202506300300;1452.0;1404.0;1395.6625914474773;-8.337408552522675;8.337408552522675;1452.0
001_MUC_H02_CONTROLE_15INPUTS_NH32_S01;2;31;Teste;2025-06-30 04:00;202506300400;1431.0;1378.0;1375.4405416038012;-2.5594583961988064;2.5594583961988064;1431.0
001_MUC_H02_CONTROLE_15INPUTS_NH32_S01;2;31;Teste;2025-06-30 05:00;202506300500;1404.0;1353.0;1343.4340737689872;-9.565926231012781;9.565926231012781;1404.0
001_MUC_H02_CONTROLE_15INPUTS_NH32_S01;2;31;Teste;2025-06-30 06:00;202506300600;1378.0;1323.0;1319.1373610861103;-3.8626389138896684;3.8626389138896684;1378.0
001_MUC_H02_CONTROLE_15INPUTS_NH32_S01;2;31;Teste;2025-06-30 07:00;202506300700;1353.0;1295.0;1295.616778386739;0.6167783867390426;0.6167783867390426;1353.0
001_MUC_H02_CONTROLE_15INPUTS_NH32_S01;2;31;Teste;2025-06-30 08:00;202506300800;1323.0;1262.0;1262.8847187429863;0.8847187429862515;0.8847187429862515;1323.0
001_MUC_H02_CONTROLE_15INPUTS_NH32_S01;2;31;Teste;2025-06-30 09:00;202506300900;1295.0;1238.0;1237.111153144432;-0.8888468555680902;0.8888468555680902;1295.0
001_MUC_H02_CONTROLE_15INPUTS_NH32_S01;2;31;Teste;2025-06-30 10:00;202506301000;1262.0;1210.0;1202.5296478700525;-7.470352129947514;7.470352129947514;1262.0
001_MUC_H02_CONTROLE_15INPUTS_NH32_S01;2;31;Teste;2025-06-30 11:00;202506301100;1238.0;1184.0;1186.1294217616046;2.12942176160459;2.12942176160459;1238.0
001_MUC_H02_CONTROLE_15INPUTS_NH32_S01;2;31;Teste;2025-06-30 12:00;202506301200;1210.0;1157.0;1155.5757982885157;-1.4242017114843293;1.4242017114843293;1210.0
001_MUC_H02_CONTROLE_15INPUTS_NH32_S01;2;31;Teste;2025-06-30 13:00;202506301300;1184.0;1134.0;1131.0466111031951;-2.9533888968048814;2.9533888968048814;1184.0
001_MUC_H02_CONTROLE_15INPUTS_NH32_S01;2;31;Teste;2025-06-30 14:00;202506301400;1157.0;1110.0;1101.5451743937374;-8.454825606262602;8.454825606262602;1157.0
001_MUC_H02_CONTROLE_15INPUTS_NH32_S01;2;31;Teste;2025-06-30 15:00;202506301500;1134.0;1089.0;1081.9679232391168;-7.032076760883228;7.032076760883228;1134.0
001_MUC_H02_CONTROLE_15INPUTS_NH32_S01;2;31;Teste;2025-06-30 16:00;202506301600;1110.0;1072.0;1061.5480909781709;-10.451909021829124;10.451909021829124;1110.0
001_MUC_H02_CONTROLE_15INPUTS_NH32_S01;2;31;Teste;2025-06-30 17:00;202506301700;1089.0;1053.0;1050.3677670912582;-2.6322329087417984;2.6322329087417984;1089.0
001_MUC_H02_CONTROLE_15INPUTS_NH32_S01;2;31;Teste;2025-06-30 18:00;202506301800;1072.0;1040.0;1034.7055742184907;-5.29442578150929;5.29442578150929;1072.0
001_MUC_H02_CONTROLE_15INPUTS_NH32_S01;2;31;Teste;2025-06-30 19:00;202506301900;1053.0;1010.0;997.6872891929007;-12.312710807099279;12.312710807099279;1053.0
001_MUC_H02_CONTROLE_15INPUTS_NH32_S01;2;31;Teste;2025-06-30 20:00;202506302000;1040.0;979.0;986.6746554490385;7.674655449038482;7.674655449038482;1040.0
001_MUC_H02_CONTROLE_15INPUTS_NH32_S01;2;31;Teste;2025-06-30 21:00;202506302100;1010.0;955.0;954.0850097464836;-0.9149902535164074;0.9149902535164074;1010.0
001_MUC_H02_CONTROLE_15INPUTS_NH32_S01;2;31;Teste;2025-06-30 22:00;202506302200;979.0;940.0;931.9824952248832;-8.017504775116777;8.017504775116777;979.0
001_MUC_H02_CONTROLE_15INPUTS_NH32_S01;2;31;Teste;2025-06-30 23:00;202506302300;955.0;928.0;919.4851581733082;-8.51484182669185;8.51484182669185;955.0
001_MUC_H02_CONTROLE_15INPUTS_NH32_S01;2;31;Teste;2025-07-01 00:00;202507010000;940.0;916.0;913.5226053999817;-2.4773946000183287;2.4773946000183287;940.0
001_MUC_H02_CONTROLE_15INPUTS_NH32_S01;2;31;Teste;2025-07-01 01:00;202507010100;928.0;903.0;900.4514795515418;-2.548520448458248;2.548520448458248;928.0
001_MUC_H02_CONTROLE_15INPUTS_NH32_S01;2;31;Teste;2025-07-01 02:00;202507010200;916.0;890.0;886.3935017121194;-3.6064982878806404;3.6064982878806404;916.0
001_MUC_H02_CONTROLE_15INPUTS_NH32_S01;2;31;Teste;2025-07-01 03:00;202507010300;903.0;875.0;871.7002495708485;-3.2997504291514588;3.2997504291514588;903.0
001_MUC_H02_CONTROLE_15INPUTS_NH32_S01;2;31;Teste;2025-07-01 04:00;202507010400;890.0;861.0;859.3578047581279;-1.6421952418720593;1.6421952418720593;890.0
001_MUC_H02_CONTROLE_15INPUTS_NH32_S01;2;31;Teste;2025-07-01 05:00;202507010500;875.0;849.0;844.3385011307465;-4.661498869253478;4.661498869253478;875.0
001_MUC_H02_CONTROLE_15INPUTS_NH32_S01;2;31;Teste;2025-07-01 06:00;202507010600;861.0;834.0;833.016931549711;-0.9830684502890108;0.9830684502890108;861.0
001_MUC_H02_CONTROLE_15INPUTS_NH32_S01;2;31;Teste;2025-07-01 07:00;202507010700;849.0;816.0;813.2407014512113;-2.7592985487887063;2.7592985487887063;849.0
001_MUC_H02_CONTROLE_15INPUTS_NH32_S01;2;31;Teste;2025-07-01 08:00;202507010800;834.0;795.0;793.5686020008391;-1.4313979991609358;1.4313979991609358;834.0
001_MUC_H02_CONTROLE_15INPUTS_NH32_S01;2;31;Teste;2025-07-01 09:00;202507010900;816.0;778.0;781.2276399346752;3.227639934675153;3.227639934675153;816.0
001_MUC_H02_CONTROLE_15INPUTS_NH32_S01;2;31;Teste;2025-07-01 10:00;202507011000;795.0;762.0;759.6427300845094;-2.357269915490633;2.357269915490633;795.0
001_MUC_H02_CONTROLE_15INPUTS_NH32_S01;2;31;Teste;2025-07-01 11:00;202507011100;778.0;749.0;748.4532644779756;-0.5467355220243917;0.5467355220243917;778.0
001_MUC_H02_CONTROLE_15INPUTS_NH32_S01;2;31;Teste;2025-07-01 12:00;202507011200;762.0;737.0;736.9823857219171;-0.01761427808287408;0.01761427808287408;762.0
001_MUC_H02_CONTROLE_15INPUTS_NH32_S01;2;31;Teste;2025-07-01 13:00;202507011300;749.0;731.0;726.968500100764;-4.031499899235996;4.031499899235996;749.0
001_MUC_H02_CONTROLE_15INPUTS_NH32_S01;2;31;Teste;2025-07-01 14:00;202507011400;737.0;716.0;709.0909528267769;-6.9090471732231435;6.9090471732231435;737.0
001_MUC_H02_CONTROLE_15INPUTS_NH32_S01;2;31;Teste;2025-07-01 15:00;202507011500;731.0;705.0;711.797809723128;6.797809723128012;6.797809723128012;731.0
001_MUC_H02_CONTROLE_15INPUTS_NH32_S01;2;31;Teste;2025-07-01 16:00;202507011600;716.0;697.0;692.6765624974865;-4.323437502513457;4.323437502513457;716.0
001_MUC_H02_CONTROLE_15INPUTS_NH32_S01;2;31;Teste;2025-07-01 17:00;202507011700;705.0;691.0;687.2604284353897;-3.739571564610287;3.739571564610287;705.0
001_MUC_H02_CONTROLE_15INPUTS_NH32_S01;2;31;Teste;2025-07-01 18:00;202507011800;697.0;682.0;675.7619076434256;-6.238092356574384;6.238092356574384;697.0
001_MUC_H02_CONTROLE_15INPUTS_NH32_S01;2;31;Teste;2025-07-01 19:00;202507011900;691.0;673.0;671.8952604304969;-1.1047395695030673;1.1047395695030673;691.0
001_MUC_H02_CONTROLE_15INPUTS_NH32_S01;2;31;Teste;2025-07-01 20:00;202507012000;682.0;665.0;664.4356831037926;-0.5643168962074014;0.5643168962074014;682.0
001_MUC_H02_CONTROLE_15INPUTS_NH32_S01;2;31;Teste;2025-07-01 21:00;202507012100;673.0;660.0;657.0417937864775;-2.958206213522544;2.958206213522544;673.0
001_MUC_H02_CONTROLE_15INPUTS_NH32_S01;2;31;Teste;2025-07-01 22:00;202507012200;665.0;656.0;648.5877525321238;-7.412247467876227;7.412247467876227;665.0
001_MUC_H02_CONTROLE_15INPUTS_NH32_S01;2;31;Teste;2025-07-01 23:00;202507012300;660.0;651.0;646.7111985054385;-4.28880149456154;4.28880149456154;660.0
001_MUC_H02_CONTROLE_15INPUTS_NH32_S01;2;31;Teste;2025-07-02 00:00;202507020000;656.0;644.0;639.3852150825132;-4.614784917486759;4.614784917486759;656.0
001_MUC_H02_CONTROLE_15INPUTS_NH32_S01;2;31;Teste;2025-07-02 01:00;202507020100;651.0;635.0;630.2573588412356;-4.7426411587644;4.7426411587644;651.0
001_MUC_H02_CONTROLE_15INPUTS_NH32_S01;2;31;Teste;2025-07-02 02:00;202507020200;644.0;626.0;624.5751625756488;-1.4248374243511535;1.4248374243511535;644.0
001_MUC_H02_CONTROLE_15INPUTS_NH32_S01;2;31;Teste;2025-07-02 03:00;202507020300;635.0;620.0;616.9939974827803;-3.006002517219713;3.006002517219713;635.0
001_MUC_H02_CONTROLE_15INPUTS_NH32_S01;2;31;Teste;2025-07-02 04:00;202507020400;626.0;614.0;610.8092838907702;-3.190716109229811;3.190716109229811;626.0
001_MUC_H02_CONTROLE_15INPUTS_NH32_S01;2;31;Teste;2025-07-02 05:00;202507020500;620.0;613.0;609.0972020736308;-3.902797926369203;3.902797926369203;620.0
001_MUC_H02_CONTROLE_15INPUTS_NH32_S01;2;31;Teste;2025-07-02 06:00;202507020600;614.0;610.0;602.1010022366004;-7.8989977633996205;7.8989977633996205;614.0
001_MUC_H02_CONTROLE_15INPUTS_NH32_S01;2;31;Teste;2025-07-02 07:00;202507020700;613.0;607.0;606.3629568559836;-0.6370431440163884;0.6370431440163884;613.0
001_MUC_H02_CONTROLE_15INPUTS_NH32_S01;2;31;Teste;2025-07-02 08:00;202507020800;610.0;603.0;599.3464434685869;-3.6535565314130736;3.6535565314130736;610.0
001_MUC_H02_CONTROLE_15INPUTS_NH32_S01;2;31;Teste;2025-07-02 09:00;202507020900;607.0;599.0;595.7274352733198;-3.27256472668023;3.27256472668023;607.0
001_MUC_H02_CONTROLE_15INPUTS_NH32_S01;2;31;Teste;2025-07-02 10:00;202507021000;603.0;594.0;590.5205721869428;-3.479427813057214;3.479427813057214;603.0
001_MUC_H02_CONTROLE_15INPUTS_NH32_S01;2;31;Teste;2025-07-02 11:00;202507021100;599.0;591.0;586.8154221845568;-4.184577815443163;4.184577815443163;599.0
001_MUC_H02_CONTROLE_15INPUTS_NH32_S01;2;31;Teste;2025-07-02 12:00;202507021200;594.0;587.0;580.0059388906582;-6.994061109341828;6.994061109341828;594.0
001_MUC_H02_CONTROLE_15INPUTS_NH32_S01;2;31;Teste;2025-07-02 13:00;202507021300;591.0;582.0;579.2464697872558;-2.753530212744181;2.753530212744181;591.0
001_MUC_H02_CONTROLE_15INPUTS_NH32_S01;2;31;Teste;2025-07-02 14:00;202507021400;587.0;578.0;574.416989350473;-3.5830106495269547;3.5830106495269547;587.0
001_MUC_H02_CONTROLE_15INPUTS_NH32_S01;2;31;Teste;2025-07-02 15:00;202507021500;582.0;574.0;568.6905540073843;-5.309445992615679;5.309445992615679;582.0
001_MUC_H02_CONTROLE_15INPUTS_NH32_S01;2;31;Teste;2025-07-02 16:00;202507021600;578.0;569.0;566.3432982006545;-2.6567017993454556;2.6567017993454556;578.0
001_MUC_H02_CONTROLE_15INPUTS_NH32_S01;2;31;Teste;2025-07-02 17:00;202507021700;574.0;566.0;561.6524079103297;-4.347592089670343;4.347592089670343;574.0
001_MUC_H02_CONTROLE_15INPUTS_NH32_S01;2;31;Teste;2025-07-02 18:00;202507021800;569.0;562.0;555.797395912813;-6.202604087186955;6.202604087186955;569.0
001_MUC_H02_CONTROLE_15INPUTS_NH32_S01;2;31;Teste;2025-07-02 19:00;202507021900;566.0;558.0;555.1232305874877;-2.876769412512317;2.876769412512317;566.0
001_MUC_H02_CONTROLE_15INPUTS_NH32_S01;2;31;Teste;2025-07-02 20:00;202507022000;562.0;554.0;549.86482760773;-4.135172392269965;4.135172392269965;562.0
001_MUC_H02_CONTROLE_15INPUTS_NH32_S01;2;31;Teste;2025-07-02 21:00;202507022100;558.0;551.0;545.8285433280672;-5.171456671932788;5.171456671932788;558.0
001_MUC_H02_CONTROLE_15INPUTS_NH32_S01;2;31;Teste;2025-07-02 22:00;202507022200;554.0;546.0;542.442363739422;-3.557636260577965;3.557636260577965;554.0
001_MUC_H02_CONTROLE_15INPUTS_NH32_S01;2;31;Teste;2025-07-02 23:00;202507022300;551.0;541.0;539.8015439584174;-1.1984560415826309;1.1984560415826309;551.0
001_MUC_H02_CONTROLE_15INPUTS_NH32_S01;2;31;Teste;2025-07-03 00:00;202507030000;546.0;538.0;532.6310775271995;-5.368922472800477;5.368922472800477;546.0
001_MUC_H02_CONTROLE_15INPUTS_NH32_S01;2;31;Teste;2025-07-03 01:00;202507030100;541.0;535.0;529.0456291472699;-5.954370852730108;5.954370852730108;541.0
001_MUC_H02_CONTROLE_15INPUTS_NH32_S01;2;31;Teste;2025-07-03 02:00;202507030200;538.0;533.0;527.955717657208;-5.04428234279203;5.04428234279203;538.0
001_MUC_H02_CONTROLE_15INPUTS_NH32_S01;2;31;Teste;2025-07-03 03:00;202507030300;535.0;530.0;524.596922153887;-5.4030778461129785;5.4030778461129785;535.0
001_MUC_H02_CONTROLE_15INPUTS_NH32_S01;2;31;Teste;2025-07-03 04:00;202507030400;533.0;526.0;523.4172518787026;-2.5827481212974135;2.5827481212974135;533.0
001_MUC_H02_CONTROLE_15INPUTS_NH32_S01;2;31;Teste;2025-07-03 05:00;202507030500;530.0;523.0;518.7881282126586;-4.211871787341352;4.211871787341352;530.0
001_MUC_H02_CONTROLE_15INPUTS_NH32_S01;2;31;Teste;2025-07-03 06:00;202507030600;526.0;519.0;513.3801947604338;-5.619805239566176;5.619805239566176;526.0
001_MUC_H02_CONTROLE_15INPUTS_NH32_S01;2;31;Teste;2025-07-03 07:00;202507030700;523.0;518.0;512.1698331025475;-5.8301668974525;5.8301668974525;523.0
001_MUC_H02_CONTROLE_15INPUTS_NH32_S01;2;31;Teste;2025-07-03 08:00;202507030800;519.0;514.0;507.26546413296626;-6.734535867033742;6.734535867033742;519.0
001_MUC_H02_CONTROLE_15INPUTS_NH32_S01;2;31;Teste;2025-07-03 09:00;202507030900;518.0;512.0;509.4595745898413;-2.5404254101587185;2.5404254101587185;518.0
001_MUC_H02_CONTROLE_15INPUTS_NH32_S01;2;31;Teste;2025-07-03 10:00;202507031000;514.0;508.0;501.79982812343565;-6.2001718765643545;6.2001718765643545;514.0
001_MUC_H02_CONTROLE_15INPUTS_NH32_S01;2;31;Teste;2025-07-03 11:00;202507031100;512.0;505.0;502.63016037105626;-2.369839628943737;2.369839628943737;512.0
001_MUC_H02_CONTROLE_15INPUTS_NH32_S01;2;31;Teste;2025-07-03 12:00;202507031200;508.0;501.0;496.07726726875876;-4.92273273124124;4.92273273124124;508.0
001_MUC_H02_CONTROLE_15INPUTS_NH32_S01;2;31;Teste;2025-07-03 13:00;202507031300;505.0;498.0;483.9628620072959;-14.037137992704118;14.037137992704118;505.0
001_MUC_H02_CONTROLE_15INPUTS_NH32_S01;2;31;Teste;2025-07-03 14:00;202507031400;501.0;489.0;468.55095713867536;-20.449042861324642;20.449042861324642;501.0
001_MUC_H02_CONTROLE_15INPUTS_NH32_S01;2;34;Teste;2026-07-02 07:00;202607020700;374.0;354.0;420.1310507121225;66.13105071212249;66.13105071212249;374.0
001_MUC_H02_CONTROLE_15INPUTS_NH32_S01;2;34;Teste;2026-07-02 08:00;202607020800;358.0;378.0;422.0263343938019;44.0263343938019;44.0263343938019;358.0
001_MUC_H02_CONTROLE_15INPUTS_NH32_S01;2;34;Teste;2026-07-02 09:00;202607020900;354.0;438.0;395.82678495025345;-42.173215049746545;42.173215049746545;354.0
001_MUC_H02_CONTROLE_15INPUTS_NH32_S01;2;34;Teste;2026-07-02 10:00;202607021000;378.0;483.0;428.9583036884343;-54.041696311565715;54.041696311565715;378.0
001_MUC_H02_CONTROLE_15INPUTS_NH32_S01;2;34;Teste;2026-07-02 11:00;202607021100;438.0;500.0;522.7733312016021;22.773331201602105;22.773331201602105;438.0
001_MUC_H02_CONTROLE_15INPUTS_NH32_S01;2;34;Teste;2026-07-02 12:00;202607021200;483.0;507.0;530.791645258913;23.791645258913036;23.791645258913036;483.0
001_MUC_H02_CONTROLE_15INPUTS_NH32_S01;2;34;Teste;2026-07-02 13:00;202607021300;500.0;516.0;521.1269412015106;5.12694120151059;5.12694120151059;500.0
001_MUC_H02_CONTROLE_15INPUTS_NH32_S01;2;34;Teste;2026-07-02 14:00;202607021400;507.0;534.0;544.2184095919836;10.218409591983573;10.218409591983573;507.0
001_MUC_H02_CONTROLE_15INPUTS_NH32_S01;2;34;Teste;2026-07-02 15:00;202607021500;516.0;568.0;571.6294966658818;3.6294966658817884;3.6294966658817884;516.0
001_MUC_H02_CONTROLE_15INPUTS_NH32_S01;2;34;Teste;2026-07-02 16:00;202607021600;534.0;623.0;613.3346278336162;-9.665372166383804;9.665372166383804;534.0
001_MUC_H02_CONTROLE_15INPUTS_NH32_S01;2;34;Teste;2026-07-02 17:00;202607021700;568.0;660.0;652.8265025110849;-7.173497488915132;7.173497488915132;568.0
001_MUC_H02_CONTROLE_15INPUTS_NH32_S01;2;34;Teste;2026-07-02 18:00;202607021800;623.0;690.0;715.0521531296042;25.05215312960422;25.05215312960422;623.0
001_MUC_H02_CONTROLE_15INPUTS_NH32_S01;2;34;Teste;2026-07-02 19:00;202607021900;660.0;710.0;715.9667833770959;5.966783377095908;5.966783377095908;660.0
001_MUC_H02_CONTROLE_15INPUTS_NH32_S01;2;34;Teste;2026-07-02 20:00;202607022000;690.0;730.0;731.0350222731108;1.035022273110826;1.035022273110826;690.0
001_MUC_H02_CONTROLE_15INPUTS_NH32_S01;2;34;Teste;2026-07-02 21:00;202607022100;710.0;748.0;745.4702234070057;-2.529776592994267;2.529776592994267;710.0
001_MUC_H02_CONTROLE_15INPUTS_NH32_S01;2;34;Teste;2026-07-02 22:00;202607022200;730.0;769.0;781.9563330107201;12.956333010720073;12.956333010720073;730.0
001_MUC_H02_CONTROLE_15INPUTS_NH32_S01;2;34;Teste;2026-07-02 23:00;202607022300;748.0;795.0;802.6733187088942;7.673318708894158;7.673318708894158;748.0
001_MUC_H02_CONTROLE_15INPUTS_NH32_S01;2;34;Teste;2026-07-03 00:00;202607030000;769.0;819.0;819.085079360464;0.0850793604639648;0.0850793604639648;769.0
001_MUC_H02_CONTROLE_15INPUTS_NH32_S01;2;34;Teste;2026-07-03 01:00;202607030100;795.0;832.0;836.9327052953702;4.9327052953701696;4.9327052953701696;795.0
001_MUC_H02_CONTROLE_15INPUTS_NH32_S01;2;34;Teste;2026-07-03 02:00;202607030200;819.0;835.0;842.87241735103;7.872417351029981;7.872417351029981;819.0
001_MUC_H02_CONTROLE_15INPUTS_NH32_S01;2;34;Teste;2026-07-03 03:00;202607030300;832.0;839.0;851.2897150692596;12.289715069259614;12.289715069259614;832.0
001_MUC_H02_CONTROLE_15INPUTS_NH32_S01;2;34;Teste;2026-07-03 04:00;202607030400;835.0;853.0;856.3557314675543;3.3557314675542784;3.3557314675542784;835.0
001_MUC_H02_CONTROLE_15INPUTS_NH32_S01;2;34;Teste;2026-07-03 05:00;202607030500;839.0;862.0;858.6454706152251;-3.354529384774878;3.354529384774878;839.0
001_MUC_H02_CONTROLE_15INPUTS_NH32_S01;2;34;Teste;2026-07-03 06:00;202607030600;853.0;873.0;885.7809723336686;12.780972333668615;12.780972333668615;853.0
001_MUC_H02_CONTROLE_15INPUTS_NH32_S01;2;34;Teste;2026-07-03 07:00;202607030700;862.0;882.0;886.8927879339719;4.892787933971931;4.892787933971931;862.0
001_MUC_H02_CONTROLE_15INPUTS_NH32_S01;2;34;Teste;2026-07-03 08:00;202607030800;873.0;882.0;878.5741043968344;-3.4258956031656;3.4258956031656;873.0
001_MUC_H02_CONTROLE_15INPUTS_NH32_S01;2;34;Teste;2026-07-03 09:00;202607030900;882.0;870.0;866.1609808785131;-3.839019121486899;3.839019121486899;882.0
001_MUC_H02_CONTROLE_15INPUTS_NH32_S01;2;34;Teste;2026-07-03 10:00;202607031000;882.0;858.0;860.2898956125258;2.289895612525811;2.289895612525811;882.0
001_MUC_H02_CONTROLE_15INPUTS_NH32_S01;2;34;Teste;2026-07-03 11:00;202607031100;870.0;844.0;845.0144882125741;1.014488212574065;1.014488212574065;870.0
001_MUC_H02_CONTROLE_15INPUTS_NH32_S01;2;34;Teste;2026-07-03 12:00;202607031200;858.0;840.0;839.6594194245732;-0.34058057542677034;0.34058057542677034;858.0
001_MUC_H02_CONTROLE_15INPUTS_NH32_S01;2;34;Teste;2026-07-03 13:00;202607031300;844.0;834.0;827.3359443132991;-6.664055686700863;6.664055686700863;844.0
001_MUC_H02_CONTROLE_15INPUTS_NH32_S01;2;34;Teste;2026-07-03 14:00;202607031400;840.0;832.0;833.6387232984929;1.6387232984928914;1.6387232984928914;840.0
001_MUC_H02_CONTROLE_15INPUTS_NH32_S01;2;34;Teste;2026-07-03 15:00;202607031500;834.0;827.0;820.902902240272;-6.097097759727944;6.097097759727944;834.0
001_MUC_H02_CONTROLE_15INPUTS_NH32_S01;2;34;Teste;2026-07-03 16:00;202607031600;832.0;822.0;821.905770736344;-0.0942292636559614;0.0942292636559614;832.0
001_MUC_H02_CONTROLE_15INPUTS_NH32_S01;2;34;Teste;2026-07-03 17:00;202607031700;827.0;817.0;811.9441623655352;-5.055837634464751;5.055837634464751;827.0
001_MUC_H02_CONTROLE_15INPUTS_NH32_S01;2;34;Teste;2026-07-03 18:00;202607031800;822.0;813.0;810.8631135184673;-2.136886481532656;2.136886481532656;822.0
001_MUC_H02_CONTROLE_15INPUTS_NH32_S01;2;34;Teste;2026-07-03 19:00;202607031900;817.0;813.0;810.1152645824448;-2.884735417555248;2.884735417555248;817.0
001_MUC_H02_CONTROLE_15INPUTS_NH32_S01;2;34;Teste;2026-07-03 20:00;202607032000;813.0;811.0;802.1542234789697;-8.845776521030302;8.845776521030302;813.0
001_MUC_H02_CONTROLE_15INPUTS_NH32_S01;2;34;Teste;2026-07-03 21:00;202607032100;813.0;802.0;797.4138504276701;-4.586149572329873;4.586149572329873;813.0
001_MUC_H02_CONTROLE_15INPUTS_NH32_S01;2;34;Teste;2026-07-03 22:00;202607032200;811.0;791.0;788.8136512502551;-2.186348749744866;2.186348749744866;811.0
001_MUC_H02_CONTROLE_15INPUTS_NH32_S01;2;34;Teste;2026-07-03 23:00;202607032300;802.0;774.0;766.8092722922923;-7.1907277077076515;7.1907277077076515;802.0
001_MUC_H02_CONTROLE_15INPUTS_NH32_S01;2;34;Teste;2026-07-04 00:00;202607040000;791.0;752.0;751.6823961295053;-0.31760387049473593;0.31760387049473593;791.0
001_MUC_H02_CONTROLE_15INPUTS_NH32_S01;2;34;Teste;2026-07-04 01:00;202607040100;774.0;734.0;739.0736549654815;5.0736549654815235;5.0736549654815235;774.0
001_MUC_H02_CONTROLE_15INPUTS_NH32_S01;2;34;Teste;2026-07-04 02:00;202607040200;752.0;722.0;722.4383701427739;0.4383701427739197;0.4383701427739197;752.0
001_MUC_H02_CONTROLE_15INPUTS_NH32_S01;2;34;Teste;2026-07-04 03:00;202607040300;734.0;717.0;712.6768107083994;-4.323189291600556;4.323189291600556;734.0
001_MUC_H02_CONTROLE_15INPUTS_NH32_S01;2;34;Teste;2026-07-04 04:00;202607040400;722.0;711.0;707.5680020318814;-3.431997968118594;3.431997968118594;722.0
001_MUC_H02_CONTROLE_15INPUTS_NH32_S01;2;34;Teste;2026-07-04 05:00;202607040500;717.0;706.0;707.9353157860807;1.9353157860806505;1.9353157860806505;717.0
001_MUC_H02_CONTROLE_15INPUTS_NH32_S01;2;34;Teste;2026-07-04 06:00;202607040600;711.0;699.0;697.5282628583531;-1.4717371416469405;1.4717371416469405;711.0
001_MUC_H02_CONTROLE_15INPUTS_NH32_S01;2;34;Teste;2026-07-04 07:00;202607040700;706.0;692.0;690.3449671150897;-1.6550328849102698;1.6550328849102698;706.0
001_MUC_H02_CONTROLE_15INPUTS_NH32_S01;2;34;Teste;2026-07-04 08:00;202607040800;699.0;684.0;679.6037793971926;-4.396220602807375;4.396220602807375;699.0
001_MUC_H02_CONTROLE_15INPUTS_NH32_S01;2;34;Teste;2026-07-04 09:00;202607040900;692.0;674.0;672.7265687119349;-1.273431288065126;1.273431288065126;692.0
001_MUC_H02_CONTROLE_15INPUTS_NH32_S01;2;34;Teste;2026-07-04 10:00;202607041000;684.0;664.0;660.9241645597463;-3.0758354402537407;3.0758354402537407;684.0
001_MUC_H02_CONTROLE_15INPUTS_NH32_S01;2;34;Teste;2026-07-04 11:00;202607041100;674.0;651.0;644.5190897985296;-6.480910201470351;6.480910201470351;674.0
001_MUC_H02_CONTROLE_15INPUTS_NH32_S01;2;34;Teste;2026-07-04 12:00;202607041200;664.0;634.0;634.4302721787751;0.4302721787751125;0.4302721787751125;664.0
001_MUC_H02_CONTROLE_15INPUTS_NH32_S01;2;34;Teste;2026-07-04 13:00;202607041300;651.0;621.0;623.5190778113741;2.5190778113741317;2.5190778113741317;651.0
001_MUC_H02_CONTROLE_15INPUTS_NH32_S01;2;34;Teste;2026-07-04 14:00;202607041400;634.0;612.0;608.9525438223185;-3.047456177681511;3.047456177681511;634.0
001_MUC_H02_CONTROLE_15INPUTS_NH32_S01;2;34;Teste;2026-07-04 15:00;202607041500;621.0;605.0;604.2777901166803;-0.7222098833196924;0.7222098833196924;621.0
001_MUC_H02_CONTROLE_15INPUTS_NH32_S01;2;34;Teste;2026-07-04 16:00;202607041600;612.0;602.0;600.9427950085278;-1.0572049914721902;1.0572049914721902;612.0
001_MUC_H02_CONTROLE_15INPUTS_NH32_S01;2;34;Teste;2026-07-04 17:00;202607041700;605.0;598.0;593.5696358895063;-4.430364110493656;4.430364110493656;605.0
001_MUC_H02_CONTROLE_15INPUTS_NH32_S01;2;34;Teste;2026-07-04 18:00;202607041800;602.0;593.0;592.7494829967455;-0.25051700325445836;0.25051700325445836;602.0
001_MUC_H02_CONTROLE_15INPUTS_NH32_S01;2;34;Teste;2026-07-04 19:00;202607041900;598.0;589.0;589.0679000663547;0.06790006635469581;0.06790006635469581;598.0
001_MUC_H02_CONTROLE_15INPUTS_NH32_S01;2;34;Teste;2026-07-04 20:00;202607042000;593.0;587.0;587.6114707266926;0.6114707266925734;0.6114707266925734;593.0
001_MUC_H02_CONTROLE_15INPUTS_NH32_S01;2;34;Teste;2026-07-04 21:00;202607042100;589.0;587.0;584.6333189727445;-2.3666810272554812;2.3666810272554812;589.0
001_MUC_H02_CONTROLE_15INPUTS_NH32_S01;2;34;Teste;2026-07-04 22:00;202607042200;587.0;586.0;577.4584023108123;-8.54159768918771;8.54159768918771;587.0
001_MUC_H02_CONTROLE_15INPUTS_NH32_S01;2;34;Teste;2026-07-04 23:00;202607042300;587.0;581.0;573.2641760008725;-7.735823999127547;7.735823999127547;587.0
001_MUC_H02_CONTROLE_15INPUTS_NH32_S01;2;34;Teste;2026-07-05 00:00;202607050000;586.0;572.0;569.2739678342178;-2.726032165782158;2.726032165782158;586.0
001_MUC_H02_CONTROLE_15INPUTS_NH32_S01;2;34;Teste;2026-07-05 01:00;202607050100;581.0;562.0;561.8643235934833;-0.13567640651672264;0.13567640651672264;581.0
001_MUC_H02_CONTROLE_15INPUTS_NH32_S01;2;34;Teste;2026-07-05 02:00;202607050200;572.0;553.0;551.142539859771;-1.8574601402290227;1.8574601402290227;572.0
001_MUC_H02_CONTROLE_15INPUTS_NH32_S01;2;34;Teste;2026-07-05 03:00;202607050300;562.0;545.0;543.0332988985767;-1.9667011014232685;1.9667011014232685;562.0
001_MUC_H02_CONTROLE_15INPUTS_NH32_S01;2;34;Teste;2026-07-05 04:00;202607050400;553.0;538.0;537.4973306073392;-0.5026693926607777;0.5026693926607777;553.0
001_MUC_H02_CONTROLE_15INPUTS_NH32_S01;2;34;Teste;2026-07-05 05:00;202607050500;545.0;533.0;530.3649865243178;-2.6350134756821717;2.6350134756821717;545.0
001_MUC_H02_CONTROLE_15INPUTS_NH32_S01;2;34;Teste;2026-07-05 06:00;202607050600;538.0;528.0;524.3655744603248;-3.6344255396752487;3.6344255396752487;538.0
001_MUC_H02_CONTROLE_15INPUTS_NH32_S01;2;34;Teste;2026-07-05 07:00;202607050700;533.0;523.0;521.6005074656333;-1.3994925343666864;1.3994925343666864;533.0
001_MUC_H02_CONTROLE_15INPUTS_NH32_S01;2;34;Teste;2026-07-05 08:00;202607050800;528.0;517.0;507.9008844933807;-9.099115506619285;9.099115506619285;528.0
001_MUC_H02_CONTROLE_15INPUTS_NH32_S01;2;34;Teste;2026-07-05 09:00;202607050900;523.0;505.0;490.71126588569547;-14.288734114304532;14.288734114304532;523.0
001_MUC_H02_CONTROLE_15INPUTS_NH32_S01;2;34;Teste;2026-07-05 10:00;202607051000;517.0;486.0;486.91868114215015;0.9186811421501488;0.9186811421501488;517.0
001_MUC_H02_CONTROLE_15INPUTS_NH32_S01;2;34;Teste;2026-07-05 11:00;202607051100;505.0;466.0;475.45400936263013;9.454009362630131;9.454009362630131;505.0
001_MUC_H02_CONTROLE_15INPUTS_NH32_S01;2;35;Teste;2026-07-21 15:00;202607211500;337.0;321.0;334.4235374310671;13.423537431067075;13.423537431067075;337.0
001_MUC_H02_CONTROLE_15INPUTS_NH32_S01;2;35;Teste;2026-07-21 16:00;202607211600;325.0;328.0;336.1884817340755;8.18848173407548;8.18848173407548;325.0
001_MUC_H02_CONTROLE_15INPUTS_NH32_S01;2;35;Teste;2026-07-21 17:00;202607211700;321.0;349.0;370.1073601922458;21.10736019224578;21.10736019224578;321.0
001_MUC_H02_CONTROLE_15INPUTS_NH32_S01;2;35;Teste;2026-07-21 18:00;202607211800;328.0;409.0;446.48211191109203;37.48211191109203;37.48211191109203;328.0
001_MUC_H02_CONTROLE_15INPUTS_NH32_S01;2;35;Teste;2026-07-21 19:00;202607211900;349.0;540.0;494.3867031061029;-45.613296893897086;45.613296893897086;349.0
001_MUC_H02_CONTROLE_15INPUTS_NH32_S01;2;35;Teste;2026-07-21 20:00;202607212000;409.0;738.0;610.6830829645883;-127.31691703541173;127.31691703541173;409.0
001_MUC_H02_CONTROLE_15INPUTS_NH32_S01;2;35;Teste;2026-07-21 21:00;202607212100;540.0;921.0;831.4521695802434;-89.54783041975656;89.54783041975656;540.0
001_MUC_H02_CONTROLE_15INPUTS_NH32_S01;2;35;Teste;2026-07-21 22:00;202607212200;738.0;1077.0;1067.3975225179988;-9.602477482001177;9.602477482001177;738.0
001_MUC_H02_CONTROLE_15INPUTS_NH32_S01;2;35;Teste;2026-07-21 23:00;202607212300;921.0;1199.0;1194.93305674465;-4.066943255349997;4.066943255349997;921.0
001_MUC_H02_CONTROLE_15INPUTS_NH32_S01;2;35;Teste;2026-07-22 00:00;202607220000;1077.0;1297.0;1296.4782679007433;-0.5217320992567238;0.5217320992567238;1077.0
001_MUC_H02_CONTROLE_15INPUTS_NH32_S01;2;35;Teste;2026-07-22 01:00;202607220100;1199.0;1377.0;1365.3605259153649;-11.63947408463514;11.63947408463514;1199.0
001_MUC_H02_CONTROLE_15INPUTS_NH32_S01;2;35;Teste;2026-07-22 02:00;202607220200;1297.0;1449.0;1435.2406653746186;-13.75933462538137;13.75933462538137;1297.0
001_MUC_H02_CONTROLE_15INPUTS_NH32_S01;2;35;Teste;2026-07-22 03:00;202607220300;1377.0;1516.0;1507.022930520923;-8.977069479077045;8.977069479077045;1377.0
001_MUC_H02_CONTROLE_15INPUTS_NH32_S01;2;35;Teste;2026-07-22 04:00;202607220400;1449.0;1581.0;1579.7804110772518;-1.219588922748244;1.219588922748244;1449.0
001_MUC_H02_CONTROLE_15INPUTS_NH32_S01;2;35;Teste;2026-07-22 05:00;202607220500;1516.0;1650.0;1645.0465324429551;-4.95346755704486;4.95346755704486;1516.0
001_MUC_H02_CONTROLE_15INPUTS_NH32_S01;2;35;Teste;2026-07-22 06:00;202607220600;1581.0;1716.0;1722.7296733894252;6.729673389425216;6.729673389425216;1581.0
001_MUC_H02_CONTROLE_15INPUTS_NH32_S01;2;35;Teste;2026-07-22 07:00;202607220700;1650.0;1778.0;1800.3080283491865;22.308028349186543;22.308028349186543;1650.0
001_MUC_H02_CONTROLE_15INPUTS_NH32_S01;2;35;Teste;2026-07-22 08:00;202607220800;1716.0;1837.0;1846.0893053219042;9.089305321904249;9.089305321904249;1716.0
001_MUC_H02_CONTROLE_15INPUTS_NH32_S01;2;35;Teste;2026-07-22 09:00;202607220900;1778.0;1879.0;1879.7588312298271;0.7588312298271376;0.7588312298271376;1778.0
001_MUC_H02_CONTROLE_15INPUTS_NH32_S01;2;35;Teste;2026-07-22 10:00;202607221000;1837.0;1902.0;1912.925934875987;10.925934875986968;10.925934875986968;1837.0
001_MUC_H02_CONTROLE_15INPUTS_NH32_S01;2;35;Teste;2026-07-22 11:00;202607221100;1879.0;1924.0;1914.8677649739573;-9.132235026042736;9.132235026042736;1879.0
001_MUC_H02_CONTROLE_15INPUTS_NH32_S01;2;35;Teste;2026-07-22 13:00;202607221300;1924.0;1986.0;1920.7035207181489;-65.29647928185113;65.29647928185113;1924.0
001_MUC_H02_CONTROLE_15INPUTS_NH32_S01;2;35;Teste;2026-07-22 19:00;202607221900;1843.0;1779.0;1782.859034120912;3.8590341209119288;3.8590341209119288;1843.0
001_MUC_H02_CONTROLE_15INPUTS_NH32_S01;2;35;Teste;2026-07-22 21:00;202607222100;1779.0;1704.0;1710.0645742890988;6.0645742890988;6.0645742890988;1779.0
001_MUC_H02_CONTROLE_15INPUTS_NH32_S01;2;35;Teste;2026-07-22 23:00;202607222300;1704.0;1607.0;1625.9653013043205;18.96530130432052;18.96530130432052;1704.0
001_MUC_H02_CONTROLE_15INPUTS_NH32_S01;2;35;Teste;2026-07-23 01:00;202607230100;1607.0;1498.0;1521.104404543357;23.104404543357077;23.104404543357077;1607.0
001_MUC_H02_CONTROLE_15INPUTS_NH32_S01;2;35;Teste;2026-07-23 03:00;202607230300;1498.0;1407.0;1418.1673944825422;11.16739448254225;11.16739448254225;1498.0
001_MUC_H02_CONTROLE_15INPUTS_NH32_S01;2;35;Teste;2026-07-23 05:00;202607230500;1407.0;1332.0;1345.1081518582964;13.108151858296424;13.108151858296424;1407.0
001_MUC_H02_CONTROLE_15INPUTS_NH32_S01;2;35;Teste;2026-07-23 07:00;202607230700;1332.0;1258.0;1269.5339826484287;11.533982648428719;11.533982648428719;1332.0
001_MUC_H02_CONTROLE_15INPUTS_NH32_S01;2;35;Teste;2026-07-23 09:00;202607230900;1258.0;1186.0;1189.59041494628;3.590414946279907;3.590414946279907;1258.0
001_MUC_H02_CONTROLE_15INPUTS_NH32_S01;2;35;Teste;2026-07-23 10:00;202607231000;1223.0;1153.0;1157.877895073037;4.8778950730370525;4.8778950730370525;1223.0
001_MUC_H02_CONTROLE_15INPUTS_NH32_S01;2;35;Teste;2026-07-23 11:00;202607231100;1186.0;1120.0;1122.3006035890417;2.300603589041657;2.300603589041657;1186.0
001_MUC_H02_CONTROLE_15INPUTS_NH32_S01;2;35;Teste;2026-07-23 12:00;202607231200;1153.0;1089.0;1092.3231751813007;3.323175181300712;3.323175181300712;1153.0
001_MUC_H02_CONTROLE_15INPUTS_NH32_S01;2;35;Teste;2026-07-23 13:00;202607231300;1120.0;1055.0;1057.9636387877044;2.96363878770444;2.96363878770444;1120.0
001_MUC_H02_CONTROLE_15INPUTS_NH32_S01;2;35;Teste;2026-07-23 15:00;202607231500;1055.0;986.0;991.1469027702295;5.146902770229531;5.146902770229531;1055.0
001_MUC_H02_CONTROLE_15INPUTS_NH32_S01;2;35;Teste;2026-07-23 17:00;202607231700;986.0;960.0;950.3162631707943;-9.683736829205714;9.683736829205714;986.0
001_MUC_H02_CONTROLE_15INPUTS_NH32_S01;2;35;Teste;2026-07-23 18:00;202607231800;971.0;945.0;946.3750363176059;1.3750363176059182;1.3750363176059182;971.0
001_MUC_H02_CONTROLE_15INPUTS_NH32_S01;2;35;Teste;2026-07-23 19:00;202607231900;960.0;929.0;932.4991352748956;3.4991352748955933;3.4991352748955933;960.0
001_MUC_H02_CONTROLE_15INPUTS_NH32_S01;2;35;Teste;2026-07-23 20:00;202607232000;945.0;908.0;907.9263981987456;-0.07360180125442639;0.07360180125442639;945.0
001_MUC_H02_CONTROLE_15INPUTS_NH32_S01;2;35;Teste;2026-07-23 21:00;202607232100;929.0;884.0;884.4455844280731;0.44558442807306164;0.44558442807306164;929.0
001_MUC_H02_CONTROLE_15INPUTS_NH32_S01;2;37;Teste;2026-07-28 02:00;202607280200;467.0;450.0;447.8796825422127;-2.12031745778728;2.12031745778728;467.0
001_MUC_H02_CONTROLE_15INPUTS_NH32_S01;2;37;Teste;2026-07-28 03:00;202607280300;458.0;445.0;442.306217774467;-2.6937822255330275;2.6937822255330275;458.0
001_MUC_H02_CONTROLE_15INPUTS_NH32_S01;2;37;Teste;2026-07-28 04:00;202607280400;450.0;441.0;438.03351086153225;-2.9664891384677503;2.9664891384677503;450.0
001_MUC_H02_CONTROLE_15INPUTS_NH32_S01;2;37;Teste;2026-07-28 05:00;202607280500;445.0;440.0;439.1892851829593;-0.8107148170407186;0.8107148170407186;445.0
001_MUC_H02_CONTROLE_15INPUTS_NH32_S01;2;37;Teste;2026-07-28 06:00;202607280600;441.0;445.0;439.29558866658624;-5.704411333413759;5.704411333413759;441.0
001_MUC_H02_CONTROLE_15INPUTS_NH32_S01;2;37;Teste;2026-07-28 07:00;202607280700;440.0;458.0;443.21991963889405;-14.780080361105945;14.780080361105945;440.0
001_MUC_H02_CONTROLE_15INPUTS_NH32_S01;2;37;Teste;2026-07-28 08:00;202607280800;445.0;476.0;456.97736790653255;-19.02263209346745;19.02263209346745;445.0
001_MUC_H02_CONTROLE_15INPUTS_NH32_S01;2;37;Teste;2026-07-28 09:00;202607280900;458.0;491.0;480.3778088395409;-10.622191160459124;10.622191160459124;458.0
001_MUC_H02_CONTROLE_15INPUTS_NH32_S01;2;37;Teste;2026-07-28 10:00;202607281000;476.0;506.0;506.26369630102977;0.2636963010297677;0.2636963010297677;476.0
001_MUC_H02_CONTROLE_15INPUTS_NH32_S01;2;37;Teste;2026-07-28 11:00;202607281100;491.0;529.0;512.3802462189906;-16.619753781009422;16.619753781009422;491.0
001_MUC_H02_CONTROLE_15INPUTS_NH32_S01;2;37;Teste;2026-07-28 12:00;202607281200;506.0;562.0;540.6893583577912;-21.310641642208793;21.310641642208793;506.0
001_MUC_H02_CONTROLE_15INPUTS_NH32_S01;2;37;Teste;2026-07-28 13:00;202607281300;529.0;617.0;586.8788942841189;-30.12110571588107;30.12110571588107;529.0
001_MUC_H02_CONTROLE_15INPUTS_NH32_S01;2;37;Teste;2026-07-28 14:00;202607281400;562.0;671.0;634.7177819639254;-36.282218036074596;36.282218036074596;562.0
001_MUC_H02_CONTROLE_15INPUTS_NH32_S01;2;37;Teste;2026-07-28 15:00;202607281500;617.0;744.0;743.0224429073041;-0.9775570926958608;0.9775570926958608;617.0
001_MUC_H02_CONTROLE_15INPUTS_NH32_S01;2;37;Teste;2026-07-28 16:00;202607281600;671.0;847.0;818.7324938860321;-28.267506113967897;28.267506113967897;671.0
001_MUC_H02_CONTROLE_15INPUTS_NH32_S01;2;37;Teste;2026-07-28 17:00;202607281700;744.0;947.0;934.1045062250308;-12.895493774969168;12.895493774969168;744.0
001_MUC_H02_CONTROLE_15INPUTS_NH32_S01;2;37;Teste;2026-07-28 18:00;202607281800;847.0;1031.0;1047.1467747471413;16.146774747141308;16.146774747141308;847.0
001_MUC_H02_CONTROLE_15INPUTS_NH32_S01;2;37;Teste;2026-07-28 19:00;202607281900;947.0;1086.0;1095.9721750913125;9.972175091312465;9.972175091312465;947.0
001_MUC_H02_CONTROLE_15INPUTS_NH32_S01;2;37;Teste;2026-07-28 20:00;202607282000;1031.0;1124.0;1124.771112413148;0.7711124131481029;0.7711124131481029;1031.0
001_MUC_H02_CONTROLE_15INPUTS_NH32_S01;2;37;Teste;2026-07-28 21:00;202607282100;1086.0;1147.0;1126.7083008987695;-20.291699101230506;20.291699101230506;1086.0
001_MUC_H02_CONTROLE_15INPUTS_NH32_S01;2;37;Teste;2026-07-28 22:00;202607282200;1124.0;1160.0;1153.9429822742345;-6.0570177257654905;6.0570177257654905;1124.0
001_MUC_H02_CONTROLE_15INPUTS_NH32_S01;2;37;Teste;2026-07-28 23:00;202607282300;1147.0;1188.0;1172.22630058145;-15.773699418549995;15.773699418549995;1147.0
001_MUC_H02_CONTROLE_15INPUTS_NH32_S01;2;37;Teste;2026-07-29 00:00;202607290000;1160.0;1226.0;1196.4622380127576;-29.537761987242448;29.537761987242448;1160.0
001_MUC_H02_CONTROLE_15INPUTS_NH32_S01;2;37;Teste;2026-07-29 01:00;202607290100;1188.0;1272.0;1247.7298307254741;-24.27016927452587;24.27016927452587;1188.0
001_MUC_H02_CONTROLE_15INPUTS_NH32_S01;2;37;Teste;2026-07-29 02:00;202607290200;1226.0;1318.0;1298.109938698984;-19.890061301015976;19.890061301015976;1226.0
001_MUC_H02_CONTROLE_15INPUTS_NH32_S01;2;37;Teste;2026-07-29 03:00;202607290300;1272.0;1347.0;1353.8658246871587;6.8658246871586925;6.8658246871586925;1272.0
001_MUC_H02_CONTROLE_15INPUTS_NH32_S01;2;37;Teste;2026-07-29 04:00;202607290400;1318.0;1382.0;1387.2086474397634;5.208647439763354;5.208647439763354;1318.0
001_MUC_H02_CONTROLE_15INPUTS_NH32_S01;2;37;Teste;2026-07-29 05:00;202607290500;1347.0;1407.0;1400.1866404295295;-6.8133595704705385;6.8133595704705385;1347.0
001_MUC_H02_CONTROLE_15INPUTS_NH32_S01;2;37;Teste;2026-07-29 06:00;202607290600;1382.0;1430.0;1436.3969353131442;6.39693531314424;6.39693531314424;1382.0
001_MUC_H02_CONTROLE_15INPUTS_NH32_S01;2;37;Teste;2026-07-29 07:00;202607290700;1407.0;1446.0;1437.2607740753192;-8.739225924680795;8.739225924680795;1407.0
001_MUC_H02_CONTROLE_15INPUTS_NH32_S01;2;37;Teste;2026-07-29 08:00;202607290800;1430.0;1455.0;1451.9109361774015;-3.0890638225985185;3.0890638225985185;1430.0
001_MUC_H02_CONTROLE_15INPUTS_NH32_S01;2;37;Teste;2026-07-29 09:00;202607290900;1446.0;1471.0;1456.140388892982;-14.859611107018054;14.859611107018054;1446.0
001_MUC_H02_CONTROLE_15INPUTS_NH32_S01;2;37;Teste;2026-07-29 10:00;202607291000;1455.0;1481.0;1466.2466705989787;-14.753329401021347;14.753329401021347;1455.0
001_MUC_H02_CONTROLE_15INPUTS_NH32_S01;2;37;Teste;2026-07-29 11:00;202607291100;1471.0;1495.0;1493.7685770510238;-1.2314229489761601;1.2314229489761601;1471.0
001_MUC_H02_CONTROLE_15INPUTS_NH32_S01;2;37;Teste;2026-07-29 12:00;202607291200;1481.0;1509.0;1492.9582951523191;-16.041704847680876;16.041704847680876;1481.0
001_MUC_H02_CONTROLE_15INPUTS_NH32_S01;2;37;Teste;2026-07-29 13:00;202607291300;1495.0;1516.0;1508.3256698357611;-7.6743301642388815;7.6743301642388815;1495.0
001_MUC_H02_CONTROLE_15INPUTS_NH32_S01;2;37;Teste;2026-07-29 14:00;202607291400;1509.0;1522.0;1516.5091653369288;-5.490834663071155;5.490834663071155;1509.0
001_MUC_H02_CONTROLE_15INPUTS_NH32_S01;2;37;Teste;2026-07-29 15:00;202607291500;1516.0;1526.0;1509.108919376339;-16.891080623661082;16.891080623661082;1516.0
001_MUC_H02_CONTROLE_15INPUTS_NH32_S01;2;37;Teste;2026-07-29 16:00;202607291600;1522.0;1528.0;1511.5613395206556;-16.438660479344435;16.438660479344435;1522.0
001_MUC_H02_CONTROLE_15INPUTS_NH32_S01;2;37;Teste;2026-07-29 17:00;202607291700;1526.0;1531.0;1511.2855493248178;-19.714450675182206;19.714450675182206;1526.0
001_MUC_H02_CONTROLE_15INPUTS_NH32_S01;2;37;Teste;2026-07-29 18:00;202607291800;1528.0;1526.0;1509.1870794585725;-16.812920541427502;16.812920541427502;1528.0
001_MUC_H02_CONTROLE_15INPUTS_NH32_S01;2;37;Teste;2026-07-29 19:00;202607291900;1531.0;1521.0;1512.3097831565963;-8.690216843403732;8.690216843403732;1531.0
001_MUC_H02_CONTROLE_15INPUTS_NH32_S01;2;37;Teste;2026-07-29 20:00;202607292000;1526.0;1512.0;1497.2484882108427;-14.751511789157348;14.751511789157348;1526.0
001_MUC_H02_CONTROLE_15INPUTS_NH32_S01;2;37;Teste;2026-07-29 21:00;202607292100;1521.0;1503.0;1492.996090527202;-10.003909472797886;10.003909472797886;1521.0
001_MUC_H02_CONTROLE_15INPUTS_NH32_S01;2;37;Teste;2026-07-29 22:00;202607292200;1512.0;1488.0;1479.749868705451;-8.250131294548964;8.250131294548964;1512.0
001_MUC_H02_CONTROLE_15INPUTS_NH32_S01;2;37;Teste;2026-07-29 23:00;202607292300;1503.0;1473.0;1469.7441632947769;-3.255836705223146;3.255836705223146;1503.0
001_MUC_H02_CONTROLE_15INPUTS_NH32_S01;2;37;Teste;2026-07-30 00:00;202607300000;1488.0;1453.0;1447.8252516967787;-5.1747483032213495;5.1747483032213495;1488.0
001_MUC_H02_CONTROLE_15INPUTS_NH32_S01;2;37;Teste;2026-07-30 01:00;202607300100;1473.0;1431.0;1430.6367048400973;-0.363295159902691;0.363295159902691;1473.0
001_MUC_H02_CONTROLE_15INPUTS_NH32_S01;2;37;Teste;2026-07-30 02:00;202607300200;1453.0;1406.0;1404.8702514626036;-1.129748537396381;1.129748537396381;1453.0
001_MUC_H02_CONTROLE_15INPUTS_NH32_S01;2;37;Teste;2026-07-30 03:00;202607300300;1431.0;1380.0;1380.7783652394935;0.7783652394934961;0.7783652394934961;1431.0
001_MUC_H02_CONTROLE_15INPUTS_NH32_S01;2;37;Teste;2026-07-30 04:00;202607300400;1406.0;1349.0;1351.743495191312;2.743495191311922;2.743495191311922;1406.0
001_MUC_H02_CONTROLE_15INPUTS_NH32_S01;2;37;Teste;2026-07-30 05:00;202607300500;1380.0;1321.0;1324.1240966479138;3.1240966479138024;3.1240966479138024;1380.0
001_MUC_H02_CONTROLE_15INPUTS_NH32_S01;2;37;Teste;2026-07-30 06:00;202607300600;1349.0;1291.0;1291.5421431714205;0.5421431714205482;0.5421431714205482;1349.0
001_MUC_H02_CONTROLE_15INPUTS_NH32_S01;2;37;Teste;2026-07-30 07:00;202607300700;1321.0;1260.0;1265.200416650772;5.200416650772013;5.200416650772013;1321.0
001_MUC_H02_CONTROLE_15INPUTS_NH32_S01;2;37;Teste;2026-07-30 08:00;202607300800;1291.0;1229.0;1234.0907945711322;5.0907945711321645;5.0907945711321645;1291.0
001_MUC_H02_CONTROLE_15INPUTS_NH32_S01;2;37;Teste;2026-07-30 09:00;202607300900;1260.0;1201.0;1204.4955262174074;3.4955262174073596;3.4955262174073596;1260.0
001_MUC_H02_CONTROLE_15INPUTS_NH32_S01;2;37;Teste;2026-07-30 10:00;202607301000;1229.0;1174.0;1173.5752407671428;-0.42475923285724093;0.42475923285724093;1229.0
001_MUC_H02_CONTROLE_15INPUTS_NH32_S01;2;37;Teste;2026-07-30 11:00;202607301100;1201.0;1145.0;1148.1125901222454;3.112590122245365;3.112590122245365;1201.0
001_MUC_H02_CONTROLE_15INPUTS_NH32_S01;2;37;Teste;2026-07-30 12:00;202607301200;1174.0;1115.0;1121.3400224849074;6.340022484907422;6.340022484907422;1174.0
001_MUC_H02_CONTROLE_15INPUTS_NH32_S01;2;37;Teste;2026-07-30 13:00;202607301300;1145.0;1081.0;1086.4716809789256;5.471680978925633;5.471680978925633;1145.0
001_MUC_H02_CONTROLE_15INPUTS_NH32_S01;2;37;Teste;2026-07-30 14:00;202607301400;1115.0;1047.0;1051.653910147104;4.653910147103943;4.653910147103943;1115.0
001_MUC_H02_CONTROLE_15INPUTS_NH32_S01;2;37;Teste;2026-07-30 15:00;202607301500;1081.0;1016.0;1015.0759299850254;-0.9240700149746317;0.9240700149746317;1081.0
001_MUC_H02_CONTROLE_15INPUTS_NH32_S01;2;37;Teste;2026-07-30 16:00;202607301600;1047.0;999.0;996.1614149948912;-2.8385850051088255;2.8385850051088255;1047.0
001_MUC_H02_CONTROLE_15INPUTS_NH32_S01;2;37;Teste;2026-07-30 17:00;202607301700;1016.0;990.0;977.9302070848022;-12.069792915197809;12.069792915197809;1016.0
001_MUC_H02_CONTROLE_15INPUTS_NH32_S01;2;37;Teste;2026-07-30 18:00;202607301800;999.0;981.0;975.0613424094252;-5.938657590574849;5.938657590574849;999.0
001_MUC_H02_CONTROLE_15INPUTS_NH32_S01;2;37;Teste;2026-07-30 19:00;202607301900;990.0;969.0;969.073962643183;0.07396264318299473;0.07396264318299473;990.0
001_MUC_H02_CONTROLE_15INPUTS_NH32_S01;2;37;Teste;2026-07-30 20:00;202607302000;981.0;951.0;949.9542153763749;-1.0457846236250816;1.0457846236250816;981.0
001_MUC_H02_CONTROLE_15INPUTS_NH32_S01;2;37;Teste;2026-07-30 21:00;202607302100;969.0;920.0;922.5236995010129;2.5236995010128567;2.5236995010128567;969.0
001_MUC_H02_CONTROLE_15INPUTS_NH32_S01;2;37;Teste;2026-07-30 22:00;202607302200;951.0;889.0;892.9830506774497;3.9830506774496826;3.9830506774496826;951.0
019_MUC_H12_CHUVA_JANELAS_NH64_S19;12;18;Validação;2022-05-01 15:00;202205011500;225.0;675.0;643.6557484840674;-31.34425151593257;31.34425151593257;225.0
019_MUC_H12_CHUVA_JANELAS_NH64_S19;12;18;Validação;2022-05-01 16:00;202205011600;298.0;674.0;668.8813645070494;-5.118635492950602;5.118635492950602;298.0
019_MUC_H12_CHUVA_JANELAS_NH64_S19;12;18;Validação;2022-05-01 17:00;202205011700;395.0;671.0;728.0381435034442;57.03814350344419;57.03814350344419;395.0
019_MUC_H12_CHUVA_JANELAS_NH64_S19;12;18;Validação;2022-05-01 18:00;202205011800;472.0;671.0;834.0001857244646;163.0001857244646;163.0001857244646;472.0
019_MUC_H12_CHUVA_JANELAS_NH64_S19;12;18;Validação;2022-05-01 19:00;202205011900;520.0;677.0;884.5206154718727;207.5206154718727;207.5206154718727;520.0
019_MUC_H12_CHUVA_JANELAS_NH64_S19;12;18;Validação;2022-05-02 03:00;202205020300;675.0;765.0;793.6138501431677;28.613850143167724;28.613850143167724;675.0
019_MUC_H12_CHUVA_JANELAS_NH64_S19;12;18;Validação;2022-05-02 07:00;202205020700;677.0;825.0;815.7282591695351;-9.271740830464864;9.271740830464864;677.0
019_MUC_H12_CHUVA_JANELAS_NH64_S19;12;18;Validação;2022-05-02 19:00;202205021900;825.0;1065.0;987.1779459430774;-77.82205405692264;77.82205405692264;825.0
019_MUC_H12_CHUVA_JANELAS_NH64_S19;12;18;Validação;2022-05-04 04:00;202205040400;1330.0;1211.0;1206.6257677083076;-4.374232291692351;4.374232291692351;1330.0
019_MUC_H12_CHUVA_JANELAS_NH64_S19;12;18;Validação;2022-05-04 05:00;202205040500;1332.0;1202.0;1161.9600396880426;-40.03996031195743;40.03996031195743;1332.0
019_MUC_H12_CHUVA_JANELAS_NH64_S19;12;18;Validação;2022-05-04 08:00;202205040800;1319.0;1165.0;1050.922948108937;-114.07705189106309;114.07705189106309;1319.0
019_MUC_H12_CHUVA_JANELAS_NH64_S19;12;18;Validação;2022-05-04 09:00;202205040900;1304.0;1156.0;1039.9147681073293;-116.08523189267066;116.08523189267066;1304.0
019_MUC_H12_CHUVA_JANELAS_NH64_S19;12;18;Validação;2022-05-04 16:00;202205041600;1211.0;1034.0;972.5414192536546;-61.45858074634543;61.45858074634543;1211.0
019_MUC_H12_CHUVA_JANELAS_NH64_S19;12;18;Validação;2022-05-04 17:00;202205041700;1202.0;1010.0;979.8316592217194;-30.168340778280594;30.168340778280594;1202.0
019_MUC_H12_CHUVA_JANELAS_NH64_S19;12;18;Validação;2022-05-04 20:00;202205042000;1165.0;949.0;946.5233245618388;-2.4766754381612373;2.4766754381612373;1165.0
019_MUC_H12_CHUVA_JANELAS_NH64_S19;12;18;Validação;2022-05-04 21:00;202205042100;1156.0;932.0;940.7479692577776;8.74796925777764;8.74796925777764;1156.0
019_MUC_H12_CHUVA_JANELAS_NH64_S19;12;18;Validação;2022-05-05 00:00;202205050000;1110.0;884.0;868.5499358447603;-15.450064155239716;15.450064155239716;1110.0
019_MUC_H12_CHUVA_JANELAS_NH64_S19;12;18;Validação;2022-05-05 01:00;202205050100;1096.0;872.0;833.741366917991;-38.258633082009055;38.258633082009055;1096.0
019_MUC_H12_CHUVA_JANELAS_NH64_S19;12;18;Validação;2022-05-05 04:00;202205050400;1034.0;842.0;798.5721398459061;-43.42786015409388;43.42786015409388;1034.0
019_MUC_H12_CHUVA_JANELAS_NH64_S19;12;18;Validação;2022-05-05 05:00;202205050500;1010.0;832.0;809.1783095833161;-22.82169041668385;22.82169041668385;1010.0
019_MUC_H12_CHUVA_JANELAS_NH64_S19;12;18;Validação;2022-05-05 06:00;202205050600;987.0;820.0;783.2293743542432;-36.77062564575681;36.77062564575681;987.0
019_MUC_H12_CHUVA_JANELAS_NH64_S19;12;18;Validação;2022-05-05 07:00;202205050700;967.0;807.0;736.8445576388979;-70.15544236110213;70.15544236110213;967.0
019_MUC_H12_CHUVA_JANELAS_NH64_S19;12;18;Validação;2022-05-05 08:00;202205050800;949.0;794.0;736.4002047547565;-57.59979524524351;57.59979524524351;949.0
019_MUC_H12_CHUVA_JANELAS_NH64_S19;12;18;Validação;2022-05-05 09:00;202205050900;932.0;783.0;762.3271852631368;-20.672814736863188;20.672814736863188;932.0
019_MUC_H12_CHUVA_JANELAS_NH64_S19;12;18;Validação;2022-05-05 10:00;202205051000;914.0;777.0;758.6055123869319;-18.394487613068122;18.394487613068122;914.0
019_MUC_H12_CHUVA_JANELAS_NH64_S19;12;18;Validação;2022-05-05 11:00;202205051100;894.0;767.0;752.1474592393216;-14.85254076067838;14.85254076067838;894.0
019_MUC_H12_CHUVA_JANELAS_NH64_S19;12;18;Validação;2022-05-05 12:00;202205051200;884.0;759.0;748.3824695730958;-10.617530426904182;10.617530426904182;884.0
019_MUC_H12_CHUVA_JANELAS_NH64_S19;12;18;Validação;2022-05-05 13:00;202205051300;872.0;755.0;733.2828914100943;-21.717108589905706;21.717108589905706;872.0
019_MUC_H12_CHUVA_JANELAS_NH64_S19;12;18;Validação;2022-05-05 16:00;202205051600;842.0;730.0;703.846394496802;-26.153605503198037;26.153605503198037;842.0
019_MUC_H12_CHUVA_JANELAS_NH64_S19;12;18;Validação;2022-05-05 17:00;202205051700;832.0;718.0;686.1270568819887;-31.872943118011335;31.872943118011335;832.0
019_MUC_H12_CHUVA_JANELAS_NH64_S19;12;18;Validação;2022-05-05 18:00;202205051800;820.0;709.0;690.9328685477103;-18.067131452289686;18.067131452289686;820.0
019_MUC_H12_CHUVA_JANELAS_NH64_S19;12;18;Validação;2022-05-05 19:00;202205051900;807.0;699.0;688.6788949683372;-10.321105031662796;10.321105031662796;807.0
019_MUC_H12_CHUVA_JANELAS_NH64_S19;12;18;Validação;2022-05-05 20:00;202205052000;794.0;692.0;691.4689218875942;-0.531078112405794;0.531078112405794;794.0
019_MUC_H12_CHUVA_JANELAS_NH64_S19;12;18;Validação;2022-05-05 21:00;202205052100;783.0;687.0;685.5022870857814;-1.4977129142185959;1.4977129142185959;783.0
019_MUC_H12_CHUVA_JANELAS_NH64_S19;12;18;Validação;2022-05-05 22:00;202205052200;777.0;679.0;713.2059582078216;34.205958207821595;34.205958207821595;777.0
019_MUC_H12_CHUVA_JANELAS_NH64_S19;12;18;Validação;2022-05-05 23:00;202205052300;767.0;668.0;697.4222191987814;29.422219198781363;29.422219198781363;767.0
019_MUC_H12_CHUVA_JANELAS_NH64_S19;12;18;Validação;2022-05-06 00:00;202205060000;759.0;661.0;663.0378472521274;2.037847252127449;2.037847252127449;759.0
019_MUC_H12_CHUVA_JANELAS_NH64_S19;12;18;Validação;2022-05-06 01:00;202205060100;755.0;652.0;672.4139469111675;20.4139469111675;20.4139469111675;755.0
019_MUC_H12_CHUVA_JANELAS_NH64_S19;12;18;Validação;2022-05-06 02:00;202205060200;750.0;644.0;617.4212431950707;-26.5787568049293;26.5787568049293;750.0
019_MUC_H12_CHUVA_JANELAS_NH64_S19;12;18;Validação;2022-05-06 03:00;202205060300;742.0;638.0;622.3480508358484;-15.651949164151574;15.651949164151574;742.0
019_MUC_H12_CHUVA_JANELAS_NH64_S19;12;18;Validação;2022-05-06 04:00;202205060400;730.0;629.0;636.2709903581878;7.27099035818776;7.27099035818776;730.0
019_MUC_H12_CHUVA_JANELAS_NH64_S19;12;18;Validação;2022-05-06 05:00;202205060500;718.0;621.0;631.2667661159505;10.266766115950531;10.266766115950531;718.0
019_MUC_H12_CHUVA_JANELAS_NH64_S19;12;18;Validação;2022-05-06 06:00;202205060600;709.0;614.0;650.7877013769975;36.78770137699746;36.78770137699746;709.0
019_MUC_H12_CHUVA_JANELAS_NH64_S19;12;18;Validação;2022-05-06 08:00;202205060800;692.0;601.0;612.0669243283221;11.066924328322102;11.066924328322102;692.0
019_MUC_H12_CHUVA_JANELAS_NH64_S19;12;18;Validação;2022-05-06 10:00;202205061000;679.0;587.0;588.5146615256423;1.514661525642282;1.514661525642282;679.0
019_MUC_H12_CHUVA_JANELAS_NH64_S19;12;18;Validação;2022-05-06 12:00;202205061200;661.0;575.0;590.0313744704547;15.031374470454693;15.031374470454693;661.0
019_MUC_H12_CHUVA_JANELAS_NH64_S19;12;18;Validação;2022-05-06 13:00;202205061300;652.0;570.0;571.3948223257944;1.3948223257943937;1.3948223257943937;652.0
019_MUC_H12_CHUVA_JANELAS_NH64_S19;12;18;Validação;2022-05-06 14:00;202205061400;644.0;564.0;571.8830130035049;7.883013003504857;7.883013003504857;644.0
019_MUC_H12_CHUVA_JANELAS_NH64_S19;12;18;Validação;2022-05-06 15:00;202205061500;638.0;558.0;579.0550486021906;21.055048602190595;21.055048602190595;638.0
019_MUC_H12_CHUVA_JANELAS_NH64_S19;12;18;Validação;2022-05-06 16:00;202205061600;629.0;553.0;561.4207189705074;8.420718970507437;8.420718970507437;629.0
019_MUC_H12_CHUVA_JANELAS_NH64_S19;12;18;Validação;2022-05-06 17:00;202205061700;621.0;547.0;559.9021858158397;12.902185815839744;12.902185815839744;621.0
019_MUC_H12_CHUVA_JANELAS_NH64_S19;12;18;Validação;2022-05-06 18:00;202205061800;614.0;543.0;566.8113114556542;23.811311455654163;23.811311455654163;614.0
019_MUC_H12_CHUVA_JANELAS_NH64_S19;12;18;Validação;2022-05-06 20:00;202205062000;601.0;530.0;558.1344551782466;28.13445517824664;28.13445517824664;601.0
019_MUC_H12_CHUVA_JANELAS_NH64_S19;12;18;Validação;2022-05-06 22:00;202205062200;587.0;519.0;542.0499723002192;23.049972300219224;23.049972300219224;587.0
019_MUC_H12_CHUVA_JANELAS_NH64_S19;12;18;Validação;2022-05-07 00:00;202205070000;575.0;510.0;538.9073028891531;28.90730288915313;28.90730288915313;575.0
019_MUC_H12_CHUVA_JANELAS_NH64_S19;12;18;Validação;2022-05-07 01:00;202205070100;570.0;505.0;536.9212204835886;31.921220483588627;31.921220483588627;570.0
019_MUC_H12_CHUVA_JANELAS_NH64_S19;12;18;Validação;2022-05-07 02:00;202205070200;564.0;499.0;535.754967948113;36.75496794811295;36.75496794811295;564.0
019_MUC_H12_CHUVA_JANELAS_NH64_S19;12;18;Validação;2022-05-07 04:00;202205070400;553.0;491.0;525.371189109879;34.37118910987897;34.37118910987897;553.0
019_MUC_H12_CHUVA_JANELAS_NH64_S19;12;18;Validação;2022-05-07 05:00;202205070500;547.0;485.0;522.0632150313875;37.06321503138747;37.06321503138747;547.0
019_MUC_H12_CHUVA_JANELAS_NH64_S19;12;18;Validação;2022-05-07 06:00;202205070600;543.0;483.0;524.1008832986913;41.100883298691315;41.100883298691315;543.0
019_MUC_H12_CHUVA_JANELAS_NH64_S19;12;18;Validação;2022-05-07 08:00;202205070800;530.0;475.0;506.73425051268146;31.734250512681456;31.734250512681456;530.0
019_MUC_H12_CHUVA_JANELAS_NH64_S19;12;18;Validação;2022-05-07 09:00;202205070900;525.0;474.0;506.16289149571105;32.16289149571105;32.16289149571105;525.0
019_MUC_H12_CHUVA_JANELAS_NH64_S19;12;18;Validação;2022-05-07 10:00;202205071000;519.0;472.0;497.0497054829798;25.04970548297979;25.04970548297979;519.0
019_MUC_H12_CHUVA_JANELAS_NH64_S19;12;18;Validação;2022-05-07 11:00;202205071100;514.0;471.0;499.03281796633144;28.032817966331436;28.032817966331436;514.0
019_MUC_H12_CHUVA_JANELAS_NH64_S19;12;18;Validação;2022-05-07 12:00;202205071200;510.0;468.0;499.52010454704407;31.52010454704407;31.52010454704407;510.0
019_MUC_H12_CHUVA_JANELAS_NH64_S19;12;18;Validação;2022-05-07 13:00;202205071300;505.0;464.0;485.39318636477594;21.393186364775943;21.393186364775943;505.0
019_MUC_H12_CHUVA_JANELAS_NH64_S19;12;21;Validação;2023-07-11 18:00;202307111800;394.0;367.0;437.83855912974786;70.83855912974786;70.83855912974786;394.0
019_MUC_H12_CHUVA_JANELAS_NH64_S19;12;21;Validação;2023-07-11 19:00;202307111900;391.0;365.0;437.64938771224604;72.64938771224604;72.64938771224604;391.0
019_MUC_H12_CHUVA_JANELAS_NH64_S19;12;21;Validação;2023-07-11 20:00;202307112000;388.0;365.0;431.9282004058331;66.92820040583308;66.92820040583308;388.0
019_MUC_H12_CHUVA_JANELAS_NH64_S19;12;21;Validação;2023-07-11 21:00;202307112100;385.0;365.0;433.70216463098916;68.70216463098916;68.70216463098916;385.0
019_MUC_H12_CHUVA_JANELAS_NH64_S19;12;21;Validação;2023-07-11 23:00;202307112300;380.0;368.0;436.57160945836256;68.57160945836256;68.57160945836256;380.0
019_MUC_H12_CHUVA_JANELAS_NH64_S19;12;21;Validação;2023-07-12 00:00;202307120000;378.0;374.0;435.8291111179767;61.82911111797671;61.82911111797671;378.0
019_MUC_H12_CHUVA_JANELAS_NH64_S19;12;21;Validação;2023-07-12 01:00;202307120100;375.0;384.0;427.4467288245203;43.44672882452028;43.44672882452028;375.0
019_MUC_H12_CHUVA_JANELAS_NH64_S19;12;21;Validação;2023-07-12 03:00;202307120300;371.0;413.0;429.96005715283263;16.960057152832633;16.960057152832633;371.0
019_MUC_H12_CHUVA_JANELAS_NH64_S19;12;21;Validação;2023-07-12 05:00;202307120500;367.0;455.0;434.88227135174077;-20.11772864825923;20.11772864825923;367.0
019_MUC_H12_CHUVA_JANELAS_NH64_S19;12;21;Validação;2023-07-12 07:00;202307120700;365.0;544.0;509.63135559740385;-34.368644402596146;34.368644402596146;365.0
019_MUC_H12_CHUVA_JANELAS_NH64_S19;12;21;Validação;2023-07-12 09:00;202307120900;365.0;727.0;567.2795925727808;-159.72040742721924;159.72040742721924;365.0
019_MUC_H12_CHUVA_JANELAS_NH64_S19;12;21;Validação;2023-07-12 10:00;202307121000;367.0;823.0;599.3628523596443;-223.6371476403557;223.6371476403557;367.0
019_MUC_H12_CHUVA_JANELAS_NH64_S19;12;21;Validação;2023-07-12 11:00;202307121100;368.0;922.0;626.79256361518;-295.20743638481997;295.20743638481997;368.0
019_MUC_H12_CHUVA_JANELAS_NH64_S19;12;21;Validação;2023-07-12 12:00;202307121200;374.0;1037.0;661.7755081700896;-375.22449182991045;375.22449182991045;374.0
019_MUC_H12_CHUVA_JANELAS_NH64_S19;12;21;Validação;2023-07-12 13:00;202307121300;384.0;1148.0;697.3006419865735;-450.6993580134265;450.6993580134265;384.0
019_MUC_H12_CHUVA_JANELAS_NH64_S19;12;21;Validação;2023-07-12 14:00;202307121400;395.0;1237.0;729.4684655186486;-507.5315344813514;507.5315344813514;395.0
019_MUC_H12_CHUVA_JANELAS_NH64_S19;12;21;Validação;2023-07-12 15:00;202307121500;413.0;1295.0;773.214934350408;-521.785065649592;521.785065649592;413.0
019_MUC_H12_CHUVA_JANELAS_NH64_S19;12;21;Validação;2023-07-12 17:00;202307121700;455.0;1382.0;854.1045484184657;-527.8954515815343;527.8954515815343;455.0
019_MUC_H12_CHUVA_JANELAS_NH64_S19;12;21;Validação;2023-07-12 19:00;202307121900;544.0;1436.0;967.8766943774584;-468.1233056225416;468.1233056225416;544.0
019_MUC_H12_CHUVA_JANELAS_NH64_S19;12;21;Validação;2023-07-12 22:00;202307122200;823.0;1455.0;1282.4840889387424;-172.5159110612576;172.5159110612576;823.0
019_MUC_H12_CHUVA_JANELAS_NH64_S19;12;21;Validação;2023-07-13 02:00;202307130200;1237.0;1432.0;1487.921528781258;55.921528781258075;55.921528781258075;1237.0
019_MUC_H12_CHUVA_JANELAS_NH64_S19;12;21;Validação;2023-07-13 03:00;202307130300;1295.0;1417.0;1530.627636213926;113.62763621392605;113.62763621392605;1295.0
019_MUC_H12_CHUVA_JANELAS_NH64_S19;12;21;Validação;2023-07-13 05:00;202307130500;1382.0;1380.0;1575.680966618192;195.6809666181921;195.6809666181921;1382.0
019_MUC_H12_CHUVA_JANELAS_NH64_S19;12;21;Validação;2023-07-13 06:00;202307130600;1418.0;1359.0;1580.9322703833636;221.93227038336363;221.93227038336363;1418.0
019_MUC_H12_CHUVA_JANELAS_NH64_S19;12;21;Validação;2023-07-13 07:00;202307130700;1436.0;1332.0;1542.504334339235;210.5043343392349;210.5043343392349;1436.0
019_MUC_H12_CHUVA_JANELAS_NH64_S19;12;21;Validação;2023-07-13 08:00;202307130800;1454.0;1307.0;1521.0870262314659;214.08702623146587;214.08702623146587;1454.0
019_MUC_H12_CHUVA_JANELAS_NH64_S19;12;21;Validação;2023-07-13 10:00;202307131000;1455.0;1250.0;1410.8786909714604;160.8786909714604;160.8786909714604;1455.0
019_MUC_H12_CHUVA_JANELAS_NH64_S19;12;21;Validação;2023-07-13 14:00;202307131400;1432.0;1147.0;1176.1402324006297;29.140232400629657;29.140232400629657;1432.0
019_MUC_H12_CHUVA_JANELAS_NH64_S19;12;21;Validação;2023-07-13 15:00;202307131500;1417.0;1123.0;1134.793987782718;11.793987782717977;11.793987782717977;1417.0
019_MUC_H12_CHUVA_JANELAS_NH64_S19;12;21;Validação;2023-07-13 18:00;202307131800;1359.0;1054.0;1051.1850300110727;-2.8149699889272597;2.8149699889272597;1359.0
019_MUC_H12_CHUVA_JANELAS_NH64_S19;12;21;Validação;2023-07-13 19:00;202307131900;1332.0;1025.0;1020.6811989986227;-4.318801001377324;4.318801001377324;1332.0
019_MUC_H12_CHUVA_JANELAS_NH64_S19;12;21;Validação;2023-07-13 22:00;202307132200;1250.0;947.0;945.7304620215812;-1.269537978418839;1.269537978418839;1250.0
019_MUC_H12_CHUVA_JANELAS_NH64_S19;12;21;Validação;2023-07-14 00:00;202307140000;1191.0;898.0;918.2725230581468;20.272523058146817;20.272523058146817;1191.0
019_MUC_H12_CHUVA_JANELAS_NH64_S19;12;21;Validação;2023-07-14 02:00;202307140200;1147.0;864.0;865.8824997404424;1.8824997404424266;1.8824997404424266;1147.0
019_MUC_H12_CHUVA_JANELAS_NH64_S19;12;21;Validação;2023-07-14 04:00;202307140400;1101.0;857.0;814.0293777583145;-42.97062224168553;42.97062224168553;1101.0
019_MUC_H12_CHUVA_JANELAS_NH64_S19;12;21;Validação;2023-07-14 06:00;202307140600;1054.0;842.0;752.911464153703;-89.08853584629696;89.08853584629696;1054.0
019_MUC_H12_CHUVA_JANELAS_NH64_S19;12;21;Validação;2023-07-14 07:00;202307140700;1025.0;826.0;739.5367655798728;-86.46323442012715;86.46323442012715;1025.0
019_MUC_H12_CHUVA_JANELAS_NH64_S19;12;21;Validação;2023-07-14 10:00;202307141000;947.0;750.0;686.4611061828437;-63.53889381715635;63.53889381715635;947.0
019_MUC_H12_CHUVA_JANELAS_NH64_S19;12;21;Validação;2023-07-14 12:00;202307141200;898.0;716.0;713.5713603251406;-2.428639674859369;2.428639674859369;898.0
019_MUC_H12_CHUVA_JANELAS_NH64_S19;12;21;Validação;2023-07-14 14:00;202307141400;864.0;697.0;796.4575057061656;99.45750570616565;99.45750570616565;864.0
019_MUC_H12_CHUVA_JANELAS_NH64_S19;12;21;Validação;2023-07-14 16:00;202307141600;857.0;674.0;702.9023277287066;28.90232772870661;28.90232772870661;857.0
019_MUC_H12_CHUVA_JANELAS_NH64_S19;12;21;Validação;2023-07-14 17:00;202307141700;851.0;667.0;661.5608317656421;-5.439168234357908;5.439168234357908;851.0
019_MUC_H12_CHUVA_JANELAS_NH64_S19;12;21;Validação;2023-07-14 18:00;202307141800;842.0;663.0;605.3969198564721;-57.603080143527905;57.603080143527905;842.0
019_MUC_H12_CHUVA_JANELAS_NH64_S19;12;21;Validação;2023-07-14 20:00;202307142000;805.0;655.0;607.1732472643246;-47.82675273567543;47.82675273567543;805.0
019_MUC_H12_CHUVA_JANELAS_NH64_S19;12;21;Validação;2023-07-14 21:00;202307142100;778.0;649.0;615.9385425564249;-33.06145744357514;33.06145744357514;778.0
019_MUC_H12_CHUVA_JANELAS_NH64_S19;12;21;Validação;2023-07-14 22:00;202307142200;750.0;641.0;628.6525386264229;-12.347461373577062;12.347461373577062;750.0
019_MUC_H12_CHUVA_JANELAS_NH64_S19;12;21;Validação;2023-07-15 00:00;202307150000;716.0;626.0;601.0178251713635;-24.982174828636516;24.982174828636516;716.0
019_MUC_H12_CHUVA_JANELAS_NH64_S19;12;21;Validação;2023-07-15 02:00;202307150200;697.0;611.0;616.5580675684433;5.5580675684433345;5.5580675684433345;697.0
019_MUC_H12_CHUVA_JANELAS_NH64_S19;12;21;Validação;2023-07-15 03:00;202307150300;686.0;604.0;667.0775606871963;63.077560687196296;63.077560687196296;686.0
019_MUC_H12_CHUVA_JANELAS_NH64_S19;12;21;Validação;2023-07-15 04:00;202307150400;674.0;597.0;634.5251909822271;37.52519098222706;37.52519098222706;674.0
019_MUC_H12_CHUVA_JANELAS_NH64_S19;12;21;Validação;2023-07-15 05:00;202307150500;667.0;589.0;621.1299390796254;32.12993907962539;32.12993907962539;667.0
019_MUC_H12_CHUVA_JANELAS_NH64_S19;12;21;Validação;2023-07-15 06:00;202307150600;663.0;580.0;624.7034315245019;44.703431524501866;44.703431524501866;663.0
019_MUC_H12_CHUVA_JANELAS_NH64_S19;12;21;Validação;2023-07-15 08:00;202307150800;655.0;569.0;598.4109364034376;29.41093640343763;29.41093640343763;655.0
019_MUC_H12_CHUVA_JANELAS_NH64_S19;12;21;Validação;2023-07-15 09:00;202307150900;649.0;568.0;597.0992365457344;29.099236545734357;29.099236545734357;649.0
019_MUC_H12_CHUVA_JANELAS_NH64_S19;12;21;Validação;2023-07-15 10:00;202307151000;641.0;564.0;586.7904888414979;22.790488841497904;22.790488841497904;641.0
019_MUC_H12_CHUVA_JANELAS_NH64_S19;12;21;Validação;2023-07-15 12:00;202307151200;626.0;557.0;573.7663355762575;16.76633557625746;16.76633557625746;626.0
019_MUC_H12_CHUVA_JANELAS_NH64_S19;12;21;Validação;2023-07-15 13:00;202307151300;623.0;549.0;573.7762062483579;24.77620624835788;24.77620624835788;623.0
019_MUC_H12_CHUVA_JANELAS_NH64_S19;12;21;Validação;2023-07-15 14:00;202307151400;611.0;544.0;530.3286442142065;-13.67135578579348;13.67135578579348;611.0
019_MUC_H12_CHUVA_JANELAS_NH64_S19;12;21;Validação;2023-07-15 16:00;202307151600;597.0;533.0;568.1578298811647;35.15782988116473;35.15782988116473;597.0
019_MUC_H12_CHUVA_JANELAS_NH64_S19;12;21;Validação;2023-07-15 17:00;202307151700;589.0;529.0;573.0078675976908;44.00786759769085;44.00786759769085;589.0
019_MUC_H12_CHUVA_JANELAS_NH64_S19;12;21;Validação;2023-07-15 18:00;202307151800;580.0;522.0;570.929887630099;48.92988763009896;48.92988763009896;580.0
019_MUC_H12_CHUVA_JANELAS_NH64_S19;12;21;Validação;2023-07-15 19:00;202307151900;572.0;518.0;553.0312423219381;35.031242321938066;35.031242321938066;572.0
019_MUC_H12_CHUVA_JANELAS_NH64_S19;12;21;Validação;2023-07-15 20:00;202307152000;569.0;513.0;565.8180256627884;52.818025662788386;52.818025662788386;569.0
019_MUC_H12_CHUVA_JANELAS_NH64_S19;12;21;Validação;2023-07-15 21:00;202307152100;568.0;509.0;553.6540137338865;44.65401373388647;44.65401373388647;568.0
019_MUC_H12_CHUVA_JANELAS_NH64_S19;12;21;Validação;2023-07-15 22:00;202307152200;564.0;504.0;548.7964264878598;44.796426487859776;44.796426487859776;564.0
019_MUC_H12_CHUVA_JANELAS_NH64_S19;12;21;Validação;2023-07-15 23:00;202307152300;561.0;499.0;550.3398246028177;51.33982460281766;51.33982460281766;561.0
019_MUC_H12_CHUVA_JANELAS_NH64_S19;12;23;Treino;2023-09-19 19:00;202309191900;464.0;818.0;760.6103534064205;-57.38964659357953;57.38964659357953;464.0
019_MUC_H12_CHUVA_JANELAS_NH64_S19;12;23;Treino;2023-09-19 20:00;202309192000;464.0;822.0;774.8063162896211;-47.19368371037888;47.19368371037888;464.0
019_MUC_H12_CHUVA_JANELAS_NH64_S19;12;23;Treino;2023-09-19 21:00;202309192100;464.0;821.0;795.5868240121406;-25.413175987859404;25.413175987859404;464.0
019_MUC_H12_CHUVA_JANELAS_NH64_S19;12;23;Treino;2023-09-19 22:00;202309192200;464.0;812.0;828.7442211741378;16.744221174137806;16.744221174137806;464.0
019_MUC_H12_CHUVA_JANELAS_NH64_S19;12;23;Treino;2023-09-19 23:00;202309192300;464.0;803.0;877.3335150522727;74.33351505227267;74.33351505227267;464.0
019_MUC_H12_CHUVA_JANELAS_NH64_S19;12;23;Treino;2023-09-20 00:00;202309200000;479.0;793.0;897.8013994474817;104.80139944748169;104.80139944748169;479.0
019_MUC_H12_CHUVA_JANELAS_NH64_S19;12;23;Treino;2023-09-20 01:00;202309200100;513.0;786.0;917.6000543910496;131.60005439104964;131.60005439104964;513.0
019_MUC_H12_CHUVA_JANELAS_NH64_S19;12;23;Treino;2023-09-20 02:00;202309200200;567.0;778.0;934.8172357575655;156.81723575756553;156.81723575756553;567.0
019_MUC_H12_CHUVA_JANELAS_NH64_S19;12;23;Treino;2023-09-20 03:00;202309200300;655.0;769.0;922.0860570797989;153.08605707979893;153.08605707979893;655.0
019_MUC_H12_CHUVA_JANELAS_NH64_S19;12;23;Treino;2023-09-20 04:00;202309200400;728.0;757.0;922.479379459021;165.47937945902095;165.47937945902095;728.0
019_MUC_H12_CHUVA_JANELAS_NH64_S19;12;23;Treino;2023-09-20 05:00;202309200500;776.0;744.0;905.3639498863556;161.3639498863556;161.3639498863556;776.0
019_MUC_H12_CHUVA_JANELAS_NH64_S19;12;23;Treino;2023-09-20 06:00;202309200600;805.0;733.0;856.705569774064;123.70556977406397;123.70556977406397;805.0
019_MUC_H12_CHUVA_JANELAS_NH64_S19;12;23;Treino;2023-09-20 07:00;202309200700;818.0;726.0;779.6175759683479;53.617575968347865;53.617575968347865;818.0
019_MUC_H12_CHUVA_JANELAS_NH64_S19;12;23;Treino;2023-09-20 08:00;202309200800;822.0;717.0;702.6623623852789;-14.337637614721075;14.337637614721075;822.0
019_MUC_H12_CHUVA_JANELAS_NH64_S19;12;23;Treino;2023-09-20 09:00;202309200900;821.0;710.0;687.9333171664414;-22.066682833558616;22.066682833558616;821.0
019_MUC_H12_CHUVA_JANELAS_NH64_S19;12;23;Treino;2023-09-20 10:00;202309201000;812.0;703.0;663.7298713912467;-39.27012860875334;39.27012860875334;812.0
019_MUC_H12_CHUVA_JANELAS_NH64_S19;12;23;Treino;2023-09-20 11:00;202309201100;803.0;699.0;655.7591797276442;-43.24082027235579;43.24082027235579;803.0
019_MUC_H12_CHUVA_JANELAS_NH64_S19;12;23;Treino;2023-09-20 12:00;202309201200;793.0;692.0;646.3929842710248;-45.60701572897517;45.60701572897517;793.0
019_MUC_H12_CHUVA_JANELAS_NH64_S19;12;23;Treino;2023-09-20 13:00;202309201300;786.0;683.0;624.1202112751114;-58.87978872488861;58.87978872488861;786.0
019_MUC_H12_CHUVA_JANELAS_NH64_S19;12;23;Treino;2023-09-20 14:00;202309201400;778.0;674.0;592.2465872414023;-81.75341275859773;81.75341275859773;778.0
019_MUC_H12_CHUVA_JANELAS_NH64_S19;12;23;Treino;2023-09-20 15:00;202309201500;769.0;667.0;603.7886008039036;-63.21139919609641;63.21139919609641;769.0
019_MUC_H12_CHUVA_JANELAS_NH64_S19;12;23;Treino;2023-09-20 16:00;202309201600;757.0;660.0;627.8443286244152;-32.1556713755848;32.1556713755848;757.0
019_MUC_H12_CHUVA_JANELAS_NH64_S19;12;23;Treino;2023-09-20 17:00;202309201700;744.0;651.0;612.0227842231548;-38.97721577684524;38.97721577684524;744.0
019_MUC_H12_CHUVA_JANELAS_NH64_S19;12;23;Treino;2023-09-20 18:00;202309201800;733.0;643.0;601.3195484976216;-41.680451502378446;41.680451502378446;733.0
019_MUC_H12_CHUVA_JANELAS_NH64_S19;12;23;Treino;2023-09-20 19:00;202309201900;726.0;634.0;611.6183392056804;-22.3816607943196;22.3816607943196;726.0
019_MUC_H12_CHUVA_JANELAS_NH64_S19;12;23;Treino;2023-09-20 20:00;202309202000;717.0;625.0;603.7819695573593;-21.218030442640725;21.218030442640725;717.0
019_MUC_H12_CHUVA_JANELAS_NH64_S19;12;23;Treino;2023-09-20 21:00;202309202100;710.0;617.0;590.1266213805202;-26.87337861947981;26.87337861947981;710.0
019_MUC_H12_CHUVA_JANELAS_NH64_S19;12;23;Treino;2023-09-20 22:00;202309202200;703.0;610.0;587.9081632625495;-22.091836737450535;22.091836737450535;703.0
019_MUC_H12_CHUVA_JANELAS_NH64_S19;12;23;Treino;2023-09-20 23:00;202309202300;699.0;604.0;590.8339598364203;-13.166040163579737;13.166040163579737;699.0
019_MUC_H12_CHUVA_JANELAS_NH64_S19;12;23;Treino;2023-09-21 00:00;202309210000;692.0;594.0;576.4149474576418;-17.5850525423582;17.5850525423582;692.0
019_MUC_H12_CHUVA_JANELAS_NH64_S19;12;23;Treino;2023-09-21 01:00;202309210100;683.0;580.0;574.5923348865691;-5.40766511343088;5.40766511343088;683.0
019_MUC_H12_CHUVA_JANELAS_NH64_S19;12;23;Treino;2023-09-21 02:00;202309210200;674.0;565.0;546.448945868827;-18.551054131173032;18.551054131173032;674.0
019_MUC_H12_CHUVA_JANELAS_NH64_S19;12;23;Treino;2023-09-21 03:00;202309210300;667.0;556.0;542.5702786981485;-13.429721301851487;13.429721301851487;667.0
019_MUC_H12_CHUVA_JANELAS_NH64_S19;12;23;Treino;2023-09-21 04:00;202309210400;660.0;557.0;544.0160179643973;-12.983982035602708;12.983982035602708;660.0
019_MUC_H12_CHUVA_JANELAS_NH64_S19;12;23;Treino;2023-09-21 05:00;202309210500;651.0;564.0;528.4580760169061;-35.54192398309385;35.54192398309385;651.0
019_MUC_H12_CHUVA_JANELAS_NH64_S19;12;23;Treino;2023-09-21 06:00;202309210600;643.0;567.0;543.2866403226047;-23.71335967739526;23.71335967739526;643.0
019_MUC_H12_CHUVA_JANELAS_NH64_S19;12;23;Treino;2023-09-21 07:00;202309210700;634.0;564.0;550.1181219239022;-13.881878076097792;13.881878076097792;634.0
019_MUC_H12_CHUVA_JANELAS_NH64_S19;12;23;Treino;2023-09-21 08:00;202309210800;625.0;556.0;539.9896136622235;-16.01038633777648;16.01038633777648;625.0
019_MUC_H12_CHUVA_JANELAS_NH64_S19;12;23;Treino;2023-09-21 09:00;202309210900;617.0;548.0;536.6175659939454;-11.38243400605461;11.38243400605461;617.0
019_MUC_H12_CHUVA_JANELAS_NH64_S19;12;23;Treino;2023-09-21 10:00;202309211000;610.0;540.0;463.8170594475961;-76.18294055240392;76.18294055240392;610.0
019_MUC_H12_CHUVA_JANELAS_NH64_S19;12;23;Treino;2023-09-21 11:00;202309211100;604.0;533.0;511.7295254501305;-21.270474549869505;21.270474549869505;604.0
019_MUC_H12_CHUVA_JANELAS_NH64_S19;12;23;Treino;2023-09-21 12:00;202309211200;594.0;526.0;565.2931879650814;39.293187965081415;39.293187965081415;594.0
019_MUC_H12_CHUVA_JANELAS_NH64_S19;12;23;Treino;2023-09-21 13:00;202309211300;580.0;520.0;620.0869574505678;100.08695745056775;100.08695745056775;580.0
019_MUC_H12_CHUVA_JANELAS_NH64_S19;12;23;Treino;2023-09-21 14:00;202309211400;565.0;514.0;619.9123001602873;105.91230016028726;105.91230016028726;565.0
019_MUC_H12_CHUVA_JANELAS_NH64_S19;12;23;Treino;2023-09-21 15:00;202309211500;556.0;509.0;558.3297199996564;49.32971999965639;49.32971999965639;556.0
019_MUC_H12_CHUVA_JANELAS_NH64_S19;12;23;Treino;2023-09-21 16:00;202309211600;557.0;504.0;546.3532565409546;42.35325654095459;42.35325654095459;557.0
019_MUC_H12_CHUVA_JANELAS_NH64_S19;12;23;Treino;2023-09-21 17:00;202309211700;564.0;499.0;555.1025369391589;56.10253693915888;56.10253693915888;564.0
019_MUC_H12_CHUVA_JANELAS_NH64_S19;12;23;Treino;2023-09-21 18:00;202309211800;567.0;494.0;549.3266818246308;55.32668182463078;55.32668182463078;567.0
019_MUC_H12_CHUVA_JANELAS_NH64_S19;12;23;Treino;2023-09-21 19:00;202309211900;564.0;490.0;544.5267431989764;54.52674319897642;54.52674319897642;564.0
019_MUC_H12_CHUVA_JANELAS_NH64_S19;12;23;Treino;2023-09-21 20:00;202309212000;556.0;488.0;530.5269299982336;42.52692999823364;42.52692999823364;556.0
019_MUC_H12_CHUVA_JANELAS_NH64_S19;12;23;Treino;2023-09-21 21:00;202309212100;548.0;485.0;518.1703506088746;33.17035060887463;33.17035060887463;548.0
019_MUC_H12_CHUVA_JANELAS_NH64_S19;12;23;Treino;2023-09-21 22:00;202309212200;540.0;483.0;517.404750654789;34.40475065478904;34.40475065478904;540.0
019_MUC_H12_CHUVA_JANELAS_NH64_S19;12;23;Treino;2023-09-21 23:00;202309212300;533.0;481.0;516.5957216061175;35.595721606117536;35.595721606117536;533.0
019_MUC_H12_CHUVA_JANELAS_NH64_S19;12;23;Treino;2023-09-22 00:00;202309220000;526.0;480.0;515.5867274159616;35.586727415961604;35.586727415961604;526.0
019_MUC_H12_CHUVA_JANELAS_NH64_S19;12;23;Treino;2023-09-22 01:00;202309220100;520.0;478.0;516.2931385381168;38.29313853811675;38.29313853811675;520.0
019_MUC_H12_CHUVA_JANELAS_NH64_S19;12;23;Treino;2023-09-22 02:00;202309220200;514.0;476.0;509.2621926533852;33.26219265338523;33.26219265338523;514.0
019_MUC_H12_CHUVA_JANELAS_NH64_S19;12;23;Treino;2023-09-22 03:00;202309220300;509.0;477.0;506.4128936446226;29.412893644622613;29.412893644622613;509.0
019_MUC_H12_CHUVA_JANELAS_NH64_S19;12;23;Treino;2023-09-22 04:00;202309220400;504.0;477.0;506.06039035562355;29.060390355623554;29.060390355623554;504.0
019_MUC_H12_CHUVA_JANELAS_NH64_S19;12;24;Treino;2023-11-16 00:00;202311160000;607.0;683.0;679.8681656981397;-3.1318343018602945;3.1318343018602945;607.0
019_MUC_H12_CHUVA_JANELAS_NH64_S19;12;24;Treino;2023-11-16 01:00;202311160100;602.0;693.0;674.3778715504765;-18.62212844952353;18.62212844952353;602.0
019_MUC_H12_CHUVA_JANELAS_NH64_S19;12;24;Treino;2023-11-16 03:00;202311160300;586.0;704.0;707.8988336179199;3.898833617919877;3.898833617919877;586.0
019_MUC_H12_CHUVA_JANELAS_NH64_S19;12;24;Treino;2023-11-16 04:00;202311160400;580.0;712.0;746.8654254420132;34.86542544201325;34.86542544201325;580.0
019_MUC_H12_CHUVA_JANELAS_NH64_S19;12;24;Treino;2023-11-16 05:00;202311160500;579.0;720.0;781.2487928149854;61.24879281498545;61.24879281498545;579.0
019_MUC_H12_CHUVA_JANELAS_NH64_S19;12;24;Treino;2023-11-16 06:00;202311160600;579.0;730.0;829.4295468920449;99.42954689204487;99.42954689204487;579.0
019_MUC_H12_CHUVA_JANELAS_NH64_S19;12;24;Treino;2023-11-16 07:00;202311160700;581.0;737.0;842.7081869620196;105.70818696201957;105.70818696201957;581.0
019_MUC_H12_CHUVA_JANELAS_NH64_S19;12;24;Treino;2023-11-16 08:00;202311160800;588.0;745.0;816.8427952024042;71.8427952024042;71.8427952024042;588.0
019_MUC_H12_CHUVA_JANELAS_NH64_S19;12;24;Treino;2023-11-16 09:00;202311160900;606.0;762.0;801.6491115849719;39.649111584971934;39.649111584971934;606.0
019_MUC_H12_CHUVA_JANELAS_NH64_S19;12;24;Treino;2023-11-16 11:00;202311161100;665.0;806.0;862.994708502003;56.99470850200305;56.99470850200305;665.0
019_MUC_H12_CHUVA_JANELAS_NH64_S19;12;24;Treino;2023-11-16 12:00;202311161200;683.0;830.0;882.007477109852;52.00747710985195;52.00747710985195;683.0
019_MUC_H12_CHUVA_JANELAS_NH64_S19;12;24;Treino;2023-11-16 13:00;202311161300;693.0;858.0;895.5426805052007;37.54268050520068;37.54268050520068;693.0
019_MUC_H12_CHUVA_JANELAS_NH64_S19;12;24;Treino;2023-11-16 15:00;202311161500;704.0;908.0;819.9093627782482;-88.09063722175176;88.09063722175176;704.0
019_MUC_H12_CHUVA_JANELAS_NH64_S19;12;24;Treino;2023-11-16 16:00;202311161600;712.0;924.0;854.1916619727155;-69.80833802728455;69.80833802728455;712.0
019_MUC_H12_CHUVA_JANELAS_NH64_S19;12;24;Treino;2023-11-16 17:00;202311161700;720.0;941.0;900.1723807572258;-40.827619242774176;40.827619242774176;720.0
019_MUC_H12_CHUVA_JANELAS_NH64_S19;12;24;Treino;2023-11-16 19:00;202311161900;737.0;966.0;945.9752424120252;-20.02475758797482;20.02475758797482;737.0
019_MUC_H12_CHUVA_JANELAS_NH64_S19;12;24;Treino;2023-11-16 20:00;202311162000;745.0;975.0;905.9850883339233;-69.01491166607673;69.01491166607673;745.0
019_MUC_H12_CHUVA_JANELAS_NH64_S19;12;24;Treino;2023-11-16 21:00;202311162100;762.0;977.0;985.3303600348165;8.330360034816522;8.330360034816522;762.0
019_MUC_H12_CHUVA_JANELAS_NH64_S19;12;24;Treino;2023-11-16 22:00;202311162200;784.0;980.0;1031.5691930107548;51.569193010754816;51.569193010754816;784.0
019_MUC_H12_CHUVA_JANELAS_NH64_S19;12;24;Treino;2023-11-16 23:00;202311162300;806.0;982.0;994.2224118621103;12.222411862110334;12.222411862110334;806.0
019_MUC_H12_CHUVA_JANELAS_NH64_S19;12;24;Treino;2023-11-17 00:00;202311170000;830.0;979.0;996.1611992807207;17.161199280720666;17.161199280720666;830.0
019_MUC_H12_CHUVA_JANELAS_NH64_S19;12;24;Treino;2023-11-17 01:00;202311170100;858.0;976.0;1025.2524503671602;49.252450367160236;49.252450367160236;858.0
019_MUC_H12_CHUVA_JANELAS_NH64_S19;12;24;Treino;2023-11-17 02:00;202311170200;885.0;970.0;1059.442617678928;89.44261767892795;89.44261767892795;885.0
019_MUC_H12_CHUVA_JANELAS_NH64_S19;12;24;Treino;2023-11-17 03:00;202311170300;908.0;964.0;1058.6187119599595;94.61871195995946;94.61871195995946;908.0
019_MUC_H12_CHUVA_JANELAS_NH64_S19;12;24;Treino;2023-11-17 04:00;202311170400;924.0;957.0;1014.4296794345343;57.42967943453425;57.42967943453425;924.0
019_MUC_H12_CHUVA_JANELAS_NH64_S19;12;24;Treino;2023-11-17 12:00;202311171200;979.0;1122.0;906.6909812656079;-215.3090187343921;215.3090187343921;979.0
019_MUC_H12_CHUVA_JANELAS_NH64_S19;12;24;Treino;2023-11-17 13:00;202311171300;976.0;1190.0;911.9304156048465;-278.06958439515347;278.06958439515347;976.0
019_MUC_H12_CHUVA_JANELAS_NH64_S19;12;24;Treino;2023-11-17 14:00;202311171400;970.0;1256.0;963.2531424897221;-292.7468575102779;292.7468575102779;970.0
019_MUC_H12_CHUVA_JANELAS_NH64_S19;12;24;Treino;2023-11-17 15:00;202311171500;964.0;1336.0;996.5261096686237;-339.4738903313763;339.4738903313763;964.0
019_MUC_H12_CHUVA_JANELAS_NH64_S19;12;24;Treino;2023-11-17 16:00;202311171600;957.0;1418.0;1024.977995328114;-393.02200467188595;393.02200467188595;957.0
019_MUC_H12_CHUVA_JANELAS_NH64_S19;12;24;Treino;2023-11-18 00:00;202311180000;1122.0;1939.0;1513.818545030047;-425.18145496995294;425.18145496995294;1122.0
019_MUC_H12_CHUVA_JANELAS_NH64_S19;12;24;Treino;2023-11-18 04:00;202311180400;1418.0;2081.0;1771.3384272308779;-309.66157276912213;309.66157276912213;1418.0
019_MUC_H12_CHUVA_JANELAS_NH64_S19;12;24;Treino;2023-11-18 08:00;202311180800;1722.0;2242.0;1965.2271019142204;-276.7728980857796;276.7728980857796;1722.0
019_MUC_H12_CHUVA_JANELAS_NH64_S19;12;24;Treino;2023-11-18 09:00;202311180900;1796.0;2266.0;2037.6700991269277;-228.32990087307235;228.32990087307235;1796.0
019_MUC_H12_CHUVA_JANELAS_NH64_S19;12;24;Treino;2023-11-18 10:00;202311181000;1855.0;2286.0;2098.071798293965;-187.928201706035;187.928201706035;1855.0
019_MUC_H12_CHUVA_JANELAS_NH64_S19;12;24;Treino;2023-11-18 11:00;202311181100;1904.0;2294.0;2161.462093122628;-132.53790687737182;132.53790687737182;1904.0
019_MUC_H12_CHUVA_JANELAS_NH64_S19;12;24;Treino;2023-11-18 12:00;202311181200;1939.0;2299.0;2235.4364538157015;-63.5635461842985;63.5635461842985;1939.0
019_MUC_H12_CHUVA_JANELAS_NH64_S19;12;24;Treino;2023-11-18 16:00;202311181600;2081.0;2244.0;2339.8227306816325;95.82273068163249;95.82273068163249;2081.0
019_MUC_H12_CHUVA_JANELAS_NH64_S19;12;24;Treino;2023-11-18 20:00;202311182000;2242.0;2138.0;2392.2122723444877;254.2122723444877;254.2122723444877;2242.0
019_MUC_H12_CHUVA_JANELAS_NH64_S19;12;24;Treino;2023-11-19 00:00;202311190000;2299.0;1967.0;2185.781823649698;218.7818236496978;218.7818236496978;2299.0
019_MUC_H12_CHUVA_JANELAS_NH64_S19;12;24;Treino;2023-11-19 01:00;202311190100;2292.0;1916.0;2042.1062543899793;126.10625438997931;126.10625438997931;2292.0
019_MUC_H12_CHUVA_JANELAS_NH64_S19;12;24;Treino;2023-11-19 02:00;202311190200;2284.0;1868.0;1984.9701126297582;116.9701126297582;116.9701126297582;2284.0
019_MUC_H12_CHUVA_JANELAS_NH64_S19;12;24;Treino;2023-11-19 03:00;202311190300;2269.0;1817.0;1929.0260613034795;112.02606130347954;112.02606130347954;2269.0
019_MUC_H12_CHUVA_JANELAS_NH64_S19;12;24;Treino;2023-11-19 04:00;202311190400;2244.0;1763.0;1887.161523431422;124.16152343142198;124.16152343142198;2244.0
019_MUC_H12_CHUVA_JANELAS_NH64_S19;12;24;Treino;2023-11-19 05:00;202311190500;2229.0;1707.0;1869.1905315561603;162.1905315561603;162.1905315561603;2229.0
019_MUC_H12_CHUVA_JANELAS_NH64_S19;12;24;Treino;2023-11-19 06:00;202311190600;2193.0;1655.0;1826.4285847866984;171.42858478669837;171.42858478669837;2193.0
019_MUC_H12_CHUVA_JANELAS_NH64_S19;12;24;Treino;2023-11-19 07:00;202311190700;2165.0;1602.0;1789.842079254274;187.84207925427404;187.84207925427404;2165.0
019_MUC_H12_CHUVA_JANELAS_NH64_S19;12;24;Treino;2023-11-19 08:00;202311190800;2138.0;1556.0;1764.0044707793418;208.00447077934177;208.00447077934177;2138.0
019_MUC_H12_CHUVA_JANELAS_NH64_S19;12;24;Treino;2023-11-19 12:00;202311191200;1967.0;1372.0;1585.2863904483725;213.28639044837246;213.28639044837246;1967.0
019_MUC_H12_CHUVA_JANELAS_NH64_S19;12;24;Treino;2023-11-19 13:00;202311191300;1916.0;1332.0;1536.3395031323723;204.33950313237233;204.33950313237233;1916.0
019_MUC_H12_CHUVA_JANELAS_NH64_S19;12;24;Treino;2023-11-19 14:00;202311191400;1868.0;1295.0;1489.569280346013;194.5692803460131;194.5692803460131;1868.0
019_MUC_H12_CHUVA_JANELAS_NH64_S19;12;24;Treino;2023-11-19 15:00;202311191500;1817.0;1259.0;1441.567073528234;182.567073528234;182.567073528234;1817.0
019_MUC_H12_CHUVA_JANELAS_NH64_S19;12;24;Treino;2023-11-19 16:00;202311191600;1763.0;1226.0;1389.762456475494;163.762456475494;163.762456475494;1763.0
019_MUC_H12_CHUVA_JANELAS_NH64_S19;12;24;Treino;2023-11-19 17:00;202311191700;1707.0;1195.0;1332.4570910735183;137.4570910735183;137.4570910735183;1707.0
019_MUC_H12_CHUVA_JANELAS_NH64_S19;12;24;Treino;2023-11-19 18:00;202311191800;1655.0;1165.0;1287.260330119014;122.26033011901404;122.26033011901404;1655.0
019_MUC_H12_CHUVA_JANELAS_NH64_S19;12;24;Treino;2023-11-19 19:00;202311191900;1602.0;1138.0;1240.9091870414104;102.9091870414104;102.9091870414104;1602.0
019_MUC_H12_CHUVA_JANELAS_NH64_S19;12;24;Treino;2023-11-19 20:00;202311192000;1556.0;1107.0;1189.9309259447482;82.9309259447482;82.9309259447482;1556.0
019_MUC_H12_CHUVA_JANELAS_NH64_S19;12;24;Treino;2023-11-19 21:00;202311192100;1506.0;1078.0;1142.301034478992;64.30103447899205;64.30103447899205;1506.0
019_MUC_H12_CHUVA_JANELAS_NH64_S19;12;24;Treino;2023-11-19 22:00;202311192200;1464.0;1051.0;1113.1336504900291;62.13365049002914;62.13365049002914;1464.0
019_MUC_H12_CHUVA_JANELAS_NH64_S19;12;24;Treino;2023-11-19 23:00;202311192300;1416.0;1026.0;1072.7192554601063;46.7192554601063;46.7192554601063;1416.0
019_MUC_H12_CHUVA_JANELAS_NH64_S19;12;24;Treino;2023-11-20 00:00;202311200000;1372.0;1002.0;1035.9379440593077;33.93794405930771;33.93794405930771;1372.0
019_MUC_H12_CHUVA_JANELAS_NH64_S19;12;24;Treino;2023-11-20 01:00;202311200100;1332.0;981.0;1011.0210257584921;30.0210257584921;30.0210257584921;1332.0
019_MUC_H12_CHUVA_JANELAS_NH64_S19;12;24;Treino;2023-11-20 02:00;202311200200;1295.0;964.0;986.9729485768421;22.9729485768421;22.9729485768421;1295.0
019_MUC_H12_CHUVA_JANELAS_NH64_S19;12;24;Treino;2023-11-20 03:00;202311200300;1259.0;949.0;951.8123273763757;2.8123273763757197;2.8123273763757197;1259.0
019_MUC_H12_CHUVA_JANELAS_NH64_S19;12;24;Treino;2023-11-20 04:00;202311200400;1226.0;933.0;920.345995342193;-12.654004657807036;12.654004657807036;1226.0
019_MUC_H12_CHUVA_JANELAS_NH64_S19;12;24;Treino;2023-11-20 05:00;202311200500;1195.0;908.0;884.758351017452;-23.241648982547986;23.241648982547986;1195.0
019_MUC_H12_CHUVA_JANELAS_NH64_S19;12;24;Treino;2023-11-20 06:00;202311200600;1165.0;885.0;867.6622150207693;-17.33778497923072;17.33778497923072;1165.0
019_MUC_H12_CHUVA_JANELAS_NH64_S19;12;24;Treino;2023-11-20 07:00;202311200700;1138.0;864.0;877.4093954730836;13.409395473083578;13.409395473083578;1138.0
019_MUC_H12_CHUVA_JANELAS_NH64_S19;12;24;Treino;2023-11-20 08:00;202311200800;1107.0;848.0;852.2034403176467;4.2034403176467094;4.2034403176467094;1107.0
019_MUC_H12_CHUVA_JANELAS_NH64_S19;12;24;Treino;2023-11-20 09:00;202311200900;1078.0;838.0;841.407559949452;3.4075599494519793;3.4075599494519793;1078.0
019_MUC_H12_CHUVA_JANELAS_NH64_S19;12;24;Treino;2023-11-20 10:00;202311201000;1051.0;829.0;842.6667167101982;13.666716710198216;13.666716710198216;1051.0
019_MUC_H12_CHUVA_JANELAS_NH64_S19;12;24;Treino;2023-11-20 11:00;202311201100;1026.0;820.0;833.5381882933748;13.538188293374787;13.538188293374787;1026.0
019_MUC_H12_CHUVA_JANELAS_NH64_S19;12;24;Treino;2023-11-20 12:00;202311201200;1002.0;810.0;819.1774383858045;9.177438385804521;9.177438385804521;1002.0
019_MUC_H12_CHUVA_JANELAS_NH64_S19;12;24;Treino;2023-11-20 13:00;202311201300;981.0;797.0;781.7900742888273;-15.209925711172673;15.209925711172673;981.0
019_MUC_H12_CHUVA_JANELAS_NH64_S19;12;24;Treino;2023-11-20 14:00;202311201400;964.0;779.0;726.208129736831;-52.79187026316902;52.79187026316902;964.0
019_MUC_H12_CHUVA_JANELAS_NH64_S19;12;24;Treino;2023-11-20 15:00;202311201500;949.0;757.0;751.7771304571238;-5.222869542876197;5.222869542876197;949.0
019_MUC_H12_CHUVA_JANELAS_NH64_S19;12;24;Treino;2023-11-20 16:00;202311201600;933.0;740.0;790.9897262652845;50.9897262652845;50.9897262652845;933.0
019_MUC_H12_CHUVA_JANELAS_NH64_S19;12;24;Treino;2023-11-20 17:00;202311201700;908.0;730.0;763.5427403681861;33.54274036818606;33.54274036818606;908.0
019_MUC_H12_CHUVA_JANELAS_NH64_S19;12;24;Treino;2023-11-20 18:00;202311201800;885.0;726.0;755.8462049827546;29.846204982754557;29.846204982754557;885.0
019_MUC_H12_CHUVA_JANELAS_NH64_S19;12;24;Treino;2023-11-20 19:00;202311201900;864.0;722.0;735.6747502905462;13.674750290546172;13.674750290546172;864.0
019_MUC_H12_CHUVA_JANELAS_NH64_S19;12;24;Treino;2023-11-20 20:00;202311202000;848.0;719.0;739.7787335483047;20.778733548304672;20.778733548304672;848.0
019_MUC_H12_CHUVA_JANELAS_NH64_S19;12;24;Treino;2023-11-20 21:00;202311202100;838.0;709.0;724.6579152369875;15.657915236987492;15.657915236987492;838.0
019_MUC_H12_CHUVA_JANELAS_NH64_S19;12;24;Treino;2023-11-20 22:00;202311202200;829.0;691.0;683.8041608514777;-7.195839148522282;7.195839148522282;829.0
019_MUC_H12_CHUVA_JANELAS_NH64_S19;12;24;Treino;2023-11-20 23:00;202311202300;820.0;676.0;618.686333009882;-57.31366699011801;57.31366699011801;820.0
019_MUC_H12_CHUVA_JANELAS_NH64_S19;12;24;Treino;2023-11-21 00:00;202311210000;810.0;665.0;655.1273384886931;-9.872661511306887;9.872661511306887;810.0
019_MUC_H12_CHUVA_JANELAS_NH64_S19;12;24;Treino;2023-11-21 01:00;202311210100;797.0;659.0;715.909624423965;56.909624423965056;56.909624423965056;797.0
019_MUC_H12_CHUVA_JANELAS_NH64_S19;12;24;Treino;2023-11-21 02:00;202311210200;779.0;657.0;706.9193275881544;49.919327588154374;49.919327588154374;779.0
019_MUC_H12_CHUVA_JANELAS_NH64_S19;12;24;Treino;2023-11-21 03:00;202311210300;757.0;655.0;692.4463100849676;37.44631008496765;37.44631008496765;757.0
019_MUC_H12_CHUVA_JANELAS_NH64_S19;12;24;Treino;2023-11-21 04:00;202311210400;740.0;652.0;685.6342681775197;33.63426817751974;33.63426817751974;740.0
019_MUC_H12_CHUVA_JANELAS_NH64_S19;12;24;Treino;2023-11-21 05:00;202311210500;730.0;647.0;632.1187155640353;-14.881284435964744;14.881284435964744;730.0
019_MUC_H12_CHUVA_JANELAS_NH64_S19;12;24;Treino;2023-11-21 06:00;202311210600;726.0;644.0;573.3862670795993;-70.61373292040071;70.61373292040071;726.0
019_MUC_H12_CHUVA_JANELAS_NH64_S19;12;24;Treino;2023-11-21 07:00;202311210700;722.0;638.0;592.875690144138;-45.12430985586195;45.12430985586195;722.0
019_MUC_H12_CHUVA_JANELAS_NH64_S19;12;24;Treino;2023-11-21 08:00;202311210800;719.0;631.0;657.8528311253419;26.852831125341936;26.852831125341936;719.0
019_MUC_H12_CHUVA_JANELAS_NH64_S19;12;24;Treino;2023-11-21 09:00;202311210900;709.0;626.0;681.292431413721;55.29243141372103;55.29243141372103;709.0
019_MUC_H12_CHUVA_JANELAS_NH64_S19;12;24;Treino;2023-11-21 10:00;202311211000;691.0;621.0;659.5065663779768;38.50656637797681;38.50656637797681;691.0
019_MUC_H12_CHUVA_JANELAS_NH64_S19;12;24;Treino;2023-11-21 11:00;202311211100;676.0;615.0;633.3914809511117;18.391480951111703;18.391480951111703;676.0
019_MUC_H12_CHUVA_JANELAS_NH64_S19;12;24;Treino;2023-11-21 12:00;202311211200;665.0;609.0;627.8992171388575;18.899217138857466;18.899217138857466;665.0
019_MUC_H12_CHUVA_JANELAS_NH64_S19;12;24;Treino;2023-11-21 13:00;202311211300;659.0;604.0;620.5847043885215;16.58470438852146;16.58470438852146;659.0
019_MUC_H12_CHUVA_JANELAS_NH64_S19;12;24;Treino;2023-11-21 14:00;202311211400;657.0;599.0;626.4504429353246;27.450442935324645;27.450442935324645;657.0
019_MUC_H12_CHUVA_JANELAS_NH64_S19;12;24;Treino;2023-11-21 15:00;202311211500;655.0;590.0;632.6307439444985;42.63074394449848;42.63074394449848;655.0
019_MUC_H12_CHUVA_JANELAS_NH64_S19;12;24;Treino;2023-11-21 16:00;202311211600;652.0;582.0;635.3090416058603;53.30904160586033;53.30904160586033;652.0
019_MUC_H12_CHUVA_JANELAS_NH64_S19;12;24;Treino;2023-11-21 17:00;202311211700;647.0;574.0;623.3707459702362;49.37074597023616;49.37074597023616;647.0
019_MUC_H12_CHUVA_JANELAS_NH64_S19;12;24;Treino;2023-11-21 18:00;202311211800;644.0;569.0;615.1310863899533;46.13108638995334;46.13108638995334;644.0
019_MUC_H12_CHUVA_JANELAS_NH64_S19;12;24;Treino;2023-11-21 19:00;202311211900;638.0;564.0;607.3319968866032;43.33199688660318;43.33199688660318;638.0
019_MUC_H12_CHUVA_JANELAS_NH64_S19;12;24;Treino;2023-11-21 20:00;202311212000;631.0;561.0;590.4617695077558;29.461769507755776;29.461769507755776;631.0
019_MUC_H12_CHUVA_JANELAS_NH64_S19;12;24;Treino;2023-11-21 21:00;202311212100;626.0;557.0;603.7518083365425;46.75180833654247;46.75180833654247;626.0
019_MUC_H12_CHUVA_JANELAS_NH64_S19;12;24;Treino;2023-11-21 22:00;202311212200;621.0;555.0;593.033894257014;38.033894257014026;38.033894257014026;621.0
019_MUC_H12_CHUVA_JANELAS_NH64_S19;12;24;Treino;2023-11-21 23:00;202311212300;615.0;552.0;557.8852993644945;5.885299364494472;5.885299364494472;615.0
019_MUC_H12_CHUVA_JANELAS_NH64_S19;12;24;Treino;2023-11-22 00:00;202311220000;609.0;550.0;541.5105600538642;-8.489439946135803;8.489439946135803;609.0
019_MUC_H12_CHUVA_JANELAS_NH64_S19;12;24;Treino;2023-11-22 01:00;202311220100;604.0;544.0;559.4110583719439;15.41105837194391;15.41105837194391;604.0
019_MUC_H12_CHUVA_JANELAS_NH64_S19;12;24;Treino;2023-11-22 03:00;202311220300;590.0;542.0;567.0087624229866;25.008762422986592;25.008762422986592;590.0
019_MUC_H12_CHUVA_JANELAS_NH64_S19;12;24;Treino;2023-11-22 05:00;202311220500;574.0;545.0;566.3204651764572;21.32046517645722;21.32046517645722;574.0
019_MUC_H12_CHUVA_JANELAS_NH64_S19;12;24;Treino;2023-11-22 07:00;202311220700;564.0;555.0;558.1658771086898;3.165877108689756;3.165877108689756;564.0
019_MUC_H12_CHUVA_JANELAS_NH64_S19;12;24;Treino;2023-11-22 08:00;202311220800;561.0;563.0;565.9068979316958;2.9068979316957666;2.9068979316957666;561.0
019_MUC_H12_CHUVA_JANELAS_NH64_S19;12;24;Treino;2023-11-22 09:00;202311220900;557.0;572.0;556.0756911909277;-15.924308809072272;15.924308809072272;557.0
019_MUC_H12_CHUVA_JANELAS_NH64_S19;12;24;Treino;2023-11-22 10:00;202311221000;555.0;595.0;553.440506164879;-41.559493835120975;41.559493835120975;555.0
019_MUC_H12_CHUVA_JANELAS_NH64_S19;12;24;Treino;2023-11-22 11:00;202311221100;552.0;611.0;569.3480926532021;-41.651907346797884;41.651907346797884;552.0
019_MUC_H12_CHUVA_JANELAS_NH64_S19;12;24;Treino;2023-11-22 12:00;202311221200;550.0;624.0;582.5753547805524;-41.4246452194476;41.4246452194476;550.0
019_MUC_H12_CHUVA_JANELAS_NH64_S19;12;24;Treino;2023-11-22 13:00;202311221300;544.0;631.0;634.0599173656151;3.0599173656150924;3.0599173656150924;544.0
019_MUC_H12_CHUVA_JANELAS_NH64_S19;12;24;Treino;2023-11-22 15:00;202311221500;542.0;634.0;723.1579025063716;89.15790250637156;89.15790250637156;542.0
019_MUC_H12_CHUVA_JANELAS_NH64_S19;12;24;Treino;2023-11-22 17:00;202311221700;545.0;641.0;801.0163346147431;160.01633461474307;160.01633461474307;545.0
019_MUC_H12_CHUVA_JANELAS_NH64_S19;12;24;Treino;2023-11-22 19:00;202311221900;555.0;662.0;826.1247352312155;164.12473523121548;164.12473523121548;555.0
019_MUC_H12_CHUVA_JANELAS_NH64_S19;12;24;Treino;2023-11-22 20:00;202311222000;563.0;677.0;829.2966797339446;152.29667973394464;152.29667973394464;563.0
019_MUC_H12_CHUVA_JANELAS_NH64_S19;12;24;Treino;2023-11-22 21:00;202311222100;572.0;691.0;827.4098347050756;136.40983470507558;136.40983470507558;572.0
019_MUC_H12_CHUVA_JANELAS_NH64_S19;12;24;Treino;2023-11-22 23:00;202311222300;611.0;706.0;869.4272663798687;163.42726637986868;163.42726637986868;611.0
019_MUC_H12_CHUVA_JANELAS_NH64_S19;12;24;Treino;2023-11-23 00:00;202311230000;624.0;707.0;877.0752195142004;170.0752195142004;170.0752195142004;624.0
019_MUC_H12_CHUVA_JANELAS_NH64_S19;12;24;Treino;2023-11-23 01:00;202311230100;631.0;710.0;885.4591247416137;175.45912474161366;175.45912474161366;631.0
019_MUC_H12_CHUVA_JANELAS_NH64_S19;12;24;Treino;2023-11-23 03:00;202311230300;634.0;707.0;898.4232473101868;191.42324731018675;191.42324731018675;634.0
019_MUC_H12_CHUVA_JANELAS_NH64_S19;12;24;Treino;2023-11-23 04:00;202311230400;636.0;701.0;920.7664715229312;219.76647152293117;219.76647152293117;636.0
019_MUC_H12_CHUVA_JANELAS_NH64_S19;12;24;Treino;2023-11-23 05:00;202311230500;641.0;688.0;903.5995808662783;215.5995808662783;215.5995808662783;641.0
019_MUC_H12_CHUVA_JANELAS_NH64_S19;12;24;Treino;2023-11-23 06:00;202311230600;650.0;683.0;886.492335215935;203.492335215935;203.492335215935;650.0
019_MUC_H12_CHUVA_JANELAS_NH64_S19;12;24;Treino;2023-11-23 07:00;202311230700;662.0;684.0;843.3917417392594;159.39174173925937;159.39174173925937;662.0
019_MUC_H12_CHUVA_JANELAS_NH64_S19;12;24;Treino;2023-11-23 11:00;202311231100;706.0;725.0;705.5357796513638;-19.464220348636218;19.464220348636218;706.0
019_MUC_H12_CHUVA_JANELAS_NH64_S19;12;24;Treino;2023-11-23 13:00;202311231300;710.0;724.0;592.3578486652137;-131.64215133478626;131.64215133478626;710.0
019_MUC_H12_CHUVA_JANELAS_NH64_S19;12;24;Treino;2023-11-23 15:00;202311231500;707.0;713.0;684.8711107882906;-28.128889211709406;28.128889211709406;707.0
019_MUC_H12_CHUVA_JANELAS_NH64_S19;12;24;Treino;2023-11-23 17:00;202311231700;688.0;701.0;751.3468057077647;50.3468057077647;50.3468057077647;688.0
019_MUC_H12_CHUVA_JANELAS_NH64_S19;12;24;Treino;2023-11-23 19:00;202311231900;684.0;685.0;728.9173763345506;43.91737633455057;43.91737633455057;684.0
019_MUC_H12_CHUVA_JANELAS_NH64_S19;12;24;Treino;2023-11-23 23:00;202311232300;725.0;651.0;667.9941756651876;16.99417566518764;16.99417566518764;725.0
019_MUC_H12_CHUVA_JANELAS_NH64_S19;12;24;Treino;2023-11-24 01:00;202311240100;724.0;632.0;628.356811111985;-3.6431888880149472;3.6431888880149472;724.0
019_MUC_H12_CHUVA_JANELAS_NH64_S19;12;24;Treino;2023-11-24 02:00;202311240200;719.0;626.0;613.4332084083037;-12.566791591696301;12.566791591696301;719.0
019_MUC_H12_CHUVA_JANELAS_NH64_S19;12;24;Treino;2023-11-24 03:00;202311240300;713.0;614.0;601.5137884160266;-12.486211583973386;12.486211583973386;713.0
019_MUC_H12_CHUVA_JANELAS_NH64_S19;12;24;Treino;2023-11-24 05:00;202311240500;701.0;599.0;577.759449495427;-21.24055050457298;21.24055050457298;701.0
019_MUC_H12_CHUVA_JANELAS_NH64_S19;12;24;Treino;2023-11-24 07:00;202311240700;685.0;585.0;566.313867075098;-18.68613292490204;18.68613292490204;685.0
019_MUC_H12_CHUVA_JANELAS_NH64_S19;12;30;Treino;2024-10-11 21:00;202410112100;423.0;649.0;577.6130853760276;-71.38691462397242;71.38691462397242;423.0
019_MUC_H12_CHUVA_JANELAS_NH64_S19;12;30;Treino;2024-10-12 01:00;202410120100;486.0;722.0;818.4144116104525;96.41441161045248;96.41441161045248;486.0
019_MUC_H12_CHUVA_JANELAS_NH64_S19;12;30;Treino;2024-10-12 02:00;202410120200;500.0;732.0;764.7236308041918;32.72363080419177;32.72363080419177;500.0
019_MUC_H12_CHUVA_JANELAS_NH64_S19;12;30;Treino;2024-10-12 03:00;202410120300;520.0;737.0;771.1805607993086;34.18056079930864;34.18056079930864;520.0
019_MUC_H12_CHUVA_JANELAS_NH64_S19;12;30;Treino;2024-10-12 04:00;202410120400;549.0;738.0;796.1420820583081;58.14208205830812;58.14208205830812;549.0
019_MUC_H12_CHUVA_JANELAS_NH64_S19;12;30;Treino;2024-10-12 05:00;202410120500;583.0;742.0;797.6256825614795;55.62568256147949;55.62568256147949;583.0
019_MUC_H12_CHUVA_JANELAS_NH64_S19;12;30;Treino;2024-10-12 06:00;202410120600;609.0;736.0;848.9684694755351;112.96846947553513;112.96846947553513;609.0
019_MUC_H12_CHUVA_JANELAS_NH64_S19;12;30;Treino;2024-10-12 07:00;202410120700;627.0;727.0;884.4026171688215;157.4026171688215;157.4026171688215;627.0
019_MUC_H12_CHUVA_JANELAS_NH64_S19;12;30;Treino;2024-10-12 09:00;202410120900;649.0;719.0;884.542027028793;165.54202702879297;165.54202702879297;649.0
019_MUC_H12_CHUVA_JANELAS_NH64_S19;12;30;Treino;2024-10-12 10:00;202410121000;664.0;716.0;849.6965116747425;133.6965116747425;133.6965116747425;664.0
019_MUC_H12_CHUVA_JANELAS_NH64_S19;12;30;Treino;2024-10-12 11:00;202410121100;682.0;714.0;834.2597759924741;120.25977599247415;120.25977599247415;682.0
019_MUC_H12_CHUVA_JANELAS_NH64_S19;12;30;Treino;2024-10-12 12:00;202410121200;705.0;709.0;834.6763707804205;125.67637078042048;125.67637078042048;705.0
019_MUC_H12_CHUVA_JANELAS_NH64_S19;12;30;Treino;2024-10-12 13:00;202410121300;722.0;704.0;818.012219836245;114.01221983624498;114.01221983624498;722.0
019_MUC_H12_CHUVA_JANELAS_NH64_S19;12;30;Treino;2024-10-12 14:00;202410121400;732.0;701.0;776.022026731236;75.022026731236;75.022026731236;732.0
019_MUC_H12_CHUVA_JANELAS_NH64_S19;12;30;Treino;2024-10-12 15:00;202410121500;737.0;691.0;710.4061318414197;19.406131841419665;19.406131841419665;737.0
019_MUC_H12_CHUVA_JANELAS_NH64_S19;12;30;Treino;2024-10-12 16:00;202410121600;738.0;678.0;669.742375203147;-8.257624796852951;8.257624796852951;738.0
019_MUC_H12_CHUVA_JANELAS_NH64_S19;12;30;Treino;2024-10-12 17:00;202410121700;742.0;664.0;731.6342798125258;67.63427981252585;67.63427981252585;742.0
019_MUC_H12_CHUVA_JANELAS_NH64_S19;12;30;Treino;2024-10-12 18:00;202410121800;736.0;652.0;704.126211940757;52.126211940757;52.126211940757;736.0
019_MUC_H12_CHUVA_JANELAS_NH64_S19;12;30;Treino;2024-10-12 19:00;202410121900;727.0;645.0;653.1182690650493;8.118269065049276;8.118269065049276;727.0
019_MUC_H12_CHUVA_JANELAS_NH64_S19;12;30;Treino;2024-10-12 20:00;202410122000;721.0;640.0;648.9704833773991;8.970483377399091;8.970483377399091;721.0
019_MUC_H12_CHUVA_JANELAS_NH64_S19;12;30;Treino;2024-10-12 21:00;202410122100;719.0;639.0;669.9157175495743;30.91571754957431;30.91571754957431;719.0
019_MUC_H12_CHUVA_JANELAS_NH64_S19;12;30;Treino;2024-10-12 22:00;202410122200;716.0;634.0;657.6110181188664;23.611018118866355;23.611018118866355;716.0
019_MUC_H12_CHUVA_JANELAS_NH64_S19;12;30;Treino;2024-10-12 23:00;202410122300;714.0;623.0;642.4936275029826;19.493627502982577;19.493627502982577;714.0
019_MUC_H12_CHUVA_JANELAS_NH64_S19;12;30;Treino;2024-10-13 00:00;202410130000;709.0;612.0;573.0722535269512;-38.92774647304884;38.92774647304884;709.0
019_MUC_H12_CHUVA_JANELAS_NH64_S19;12;30;Treino;2024-10-13 01:00;202410130100;704.0;596.0;542.4635697024592;-53.536430297540846;53.536430297540846;704.0
019_MUC_H12_CHUVA_JANELAS_NH64_S19;12;30;Treino;2024-10-13 02:00;202410130200;701.0;574.0;586.4679691238575;12.467969123857529;12.467969123857529;701.0
019_MUC_H12_CHUVA_JANELAS_NH64_S19;12;30;Treino;2024-10-13 03:00;202410130300;691.0;565.0;598.9492111010222;33.94921110102223;33.94921110102223;691.0
019_MUC_H12_CHUVA_JANELAS_NH64_S19;12;30;Treino;2024-10-13 04:00;202410130400;678.0;563.0;604.5278013387532;41.52780133875319;41.52780133875319;678.0
019_MUC_H12_CHUVA_JANELAS_NH64_S19;12;30;Treino;2024-10-13 05:00;202410130500;664.0;569.0;595.4109709675585;26.410970967558455;26.410970967558455;664.0
019_MUC_H12_CHUVA_JANELAS_NH64_S19;12;30;Treino;2024-10-13 06:00;202410130600;652.0;562.0;593.176660895686;31.17666089568604;31.17666089568604;652.0
019_MUC_H12_CHUVA_JANELAS_NH64_S19;12;30;Treino;2024-10-13 07:00;202410130700;645.0;544.0;560.5455030892924;16.545503089292424;16.545503089292424;645.0
019_MUC_H12_CHUVA_JANELAS_NH64_S19;12;30;Treino;2024-10-13 08:00;202410130800;640.0;525.0;512.3371539544686;-12.66284604553141;12.66284604553141;640.0
019_MUC_H12_CHUVA_JANELAS_NH64_S19;12;30;Treino;2024-10-13 09:00;202410130900;639.0;511.0;516.6489405673098;5.648940567309751;5.648940567309751;639.0
019_MUC_H12_CHUVA_JANELAS_NH64_S19;12;30;Treino;2024-10-13 10:00;202410131000;634.0;509.0;458.35956418849656;-50.64043581150344;50.64043581150344;634.0
019_MUC_H12_CHUVA_JANELAS_NH64_S19;12;30;Treino;2024-10-13 11:00;202410131100;623.0;518.0;503.8942759483598;-14.105724051640209;14.105724051640209;623.0
019_MUC_H12_CHUVA_JANELAS_NH64_S19;12;30;Treino;2024-10-13 12:00;202410131200;612.0;528.0;583.9276582606375;55.927658260637486;55.927658260637486;612.0
019_MUC_H12_CHUVA_JANELAS_NH64_S19;12;30;Treino;2024-10-13 13:00;202410131300;596.0;534.0;633.7603559831472;99.76035598314718;99.76035598314718;596.0
019_MUC_H12_CHUVA_JANELAS_NH64_S19;12;30;Treino;2024-10-13 14:00;202410131400;574.0;534.0;476.9502997612574;-57.049700238742616;57.049700238742616;574.0
019_MUC_H12_CHUVA_JANELAS_NH64_S19;12;30;Treino;2024-10-13 15:00;202410131500;565.0;530.0;385.42796632681456;-144.57203367318544;144.57203367318544;565.0
019_MUC_H12_CHUVA_JANELAS_NH64_S19;12;30;Treino;2024-10-13 16:00;202410131600;563.0;520.0;409.95183448004127;-110.04816551995873;110.04816551995873;563.0
019_MUC_H12_CHUVA_JANELAS_NH64_S19;12;30;Treino;2024-10-13 17:00;202410131700;569.0;508.0;488.2459051240677;-19.75409487593231;19.75409487593231;569.0
019_MUC_H12_CHUVA_JANELAS_NH64_S19;12;30;Treino;2024-10-13 18:00;202410131800;562.0;497.0;590.3769391471258;93.37693914712577;93.37693914712577;562.0
019_MUC_H12_CHUVA_JANELAS_NH64_S19;12;30;Treino;2024-10-13 19:00;202410131900;544.0;491.0;624.8347053577414;133.83470535774143;133.83470535774143;544.0
019_MUC_H12_CHUVA_JANELAS_NH64_S19;12;30;Treino;2024-10-13 20:00;202410132000;525.0;489.0;571.0142281149076;82.01422811490761;82.01422811490761;525.0
019_MUC_H12_CHUVA_JANELAS_NH64_S19;12;30;Treino;2024-10-13 21:00;202410132100;511.0;490.0;532.638072919118;42.63807291911803;42.63807291911803;511.0
019_MUC_H12_CHUVA_JANELAS_NH64_S19;12;30;Treino;2024-10-13 22:00;202410132200;509.0;490.0;517.5877096077844;27.587709607784404;27.587709607784404;509.0
019_MUC_H12_CHUVA_JANELAS_NH64_S19;12;30;Treino;2024-10-13 23:00;202410132300;518.0;487.0;522.4503813129184;35.45038131291835;35.45038131291835;518.0
019_MUC_H12_CHUVA_JANELAS_NH64_S19;12;30;Treino;2024-10-14 00:00;202410140000;528.0;480.0;504.5057954533406;24.505795453340625;24.505795453340625;528.0
019_MUC_H12_CHUVA_JANELAS_NH64_S19;12;30;Treino;2024-10-14 01:00;202410140100;534.0;468.0;486.2290886836737;18.229088683673695;18.229088683673695;534.0
019_MUC_H12_CHUVA_JANELAS_NH64_S19;12;30;Treino;2024-10-14 02:00;202410140200;534.0;454.0;495.4414231764805;41.4414231764805;41.4414231764805;534.0
019_MUC_H12_CHUVA_JANELAS_NH64_S19;12;30;Treino;2024-10-14 03:00;202410140300;530.0;444.0;515.925724871627;71.92572487162704;71.92572487162704;530.0
019_MUC_H12_CHUVA_JANELAS_NH64_S19;12;30;Treino;2024-10-14 04:00;202410140400;520.0;440.0;537.3349748412681;97.33497484126815;97.33497484126815;520.0
019_MUC_H12_CHUVA_JANELAS_NH64_S19;12;30;Treino;2024-10-14 05:00;202410140500;508.0;444.0;530.4908990435176;86.49089904351763;86.49089904351763;508.0
019_MUC_H12_CHUVA_JANELAS_NH64_S19;12;31;Teste;2025-06-28 19:00;202506281900;466.0;899.0;610.7864759436532;-288.21352405634684;288.21352405634684;466.0
019_MUC_H12_CHUVA_JANELAS_NH64_S19;12;31;Teste;2025-06-28 20:00;202506282000;462.0;987.0;657.7812844745101;-329.21871552548987;329.21871552548987;462.0
019_MUC_H12_CHUVA_JANELAS_NH64_S19;12;31;Teste;2025-06-28 21:00;202506282100;459.0;1083.0;701.6580927233174;-381.3419072766826;381.3419072766826;459.0
019_MUC_H12_CHUVA_JANELAS_NH64_S19;12;31;Teste;2025-06-28 22:00;202506282200;458.0;1167.0;738.1532554138765;-428.84674458612346;428.84674458612346;458.0
019_MUC_H12_CHUVA_JANELAS_NH64_S19;12;31;Teste;2025-06-28 23:00;202506282300;463.0;1231.0;778.3963482831207;-452.6036517168793;452.6036517168793;463.0
019_MUC_H12_CHUVA_JANELAS_NH64_S19;12;31;Teste;2025-06-29 00:00;202506290000;477.0;1270.0;845.0087461568936;-424.9912538431064;424.9912538431064;477.0
019_MUC_H12_CHUVA_JANELAS_NH64_S19;12;31;Teste;2025-06-29 01:00;202506290100;501.0;1302.0;914.971829547981;-387.028170452019;387.028170452019;501.0
019_MUC_H12_CHUVA_JANELAS_NH64_S19;12;31;Teste;2025-06-29 02:00;202506290200;529.0;1332.0;947.9745479335883;-384.02545206641173;384.02545206641173;529.0
019_MUC_H12_CHUVA_JANELAS_NH64_S19;12;31;Teste;2025-06-29 03:00;202506290300;572.0;1363.0;997.6334600094286;-365.36653999057137;365.36653999057137;572.0
019_MUC_H12_CHUVA_JANELAS_NH64_S19;12;31;Teste;2025-06-29 04:00;202506290400;646.0;1392.0;1080.5641352487387;-311.4358647512613;311.4358647512613;646.0
019_MUC_H12_CHUVA_JANELAS_NH64_S19;12;31;Teste;2025-06-29 05:00;202506290500;719.0;1421.0;1136.8580408579996;-284.14195914200036;284.14195914200036;719.0
019_MUC_H12_CHUVA_JANELAS_NH64_S19;12;31;Teste;2025-06-29 06:00;202506290600;805.0;1444.0;1192.063572981176;-251.9364270188239;251.9364270188239;805.0
019_MUC_H12_CHUVA_JANELAS_NH64_S19;12;31;Teste;2025-06-29 07:00;202506290700;899.0;1461.0;1302.8786179811332;-158.12138201886683;158.12138201886683;899.0
019_MUC_H12_CHUVA_JANELAS_NH64_S19;12;31;Teste;2025-06-29 08:00;202506290800;987.0;1474.0;1370.3868349800846;-103.61316501991541;103.61316501991541;987.0
019_MUC_H12_CHUVA_JANELAS_NH64_S19;12;31;Teste;2025-06-29 09:00;202506290900;1083.0;1484.0;1386.727272697897;-97.27272730210302;97.27272730210302;1083.0
019_MUC_H12_CHUVA_JANELAS_NH64_S19;12;31;Teste;2025-06-29 10:00;202506291000;1167.0;1499.0;1430.2715489175598;-68.72845108244019;68.72845108244019;1167.0
019_MUC_H12_CHUVA_JANELAS_NH64_S19;12;31;Teste;2025-06-29 11:00;202506291100;1231.0;1495.0;1469.1012834207881;-25.89871657921185;25.89871657921185;1231.0
019_MUC_H12_CHUVA_JANELAS_NH64_S19;12;31;Teste;2025-06-29 12:00;202506291200;1270.0;1494.0;1510.7506374227057;16.750637422705722;16.750637422705722;1270.0
019_MUC_H12_CHUVA_JANELAS_NH64_S19;12;31;Teste;2025-06-29 13:00;202506291300;1302.0;1483.0;1556.5433574944911;73.54335749449115;73.54335749449115;1302.0
019_MUC_H12_CHUVA_JANELAS_NH64_S19;12;31;Teste;2025-06-29 14:00;202506291400;1332.0;1474.0;1590.9652500727002;116.9652500727002;116.9652500727002;1332.0
019_MUC_H12_CHUVA_JANELAS_NH64_S19;12;31;Teste;2025-06-29 15:00;202506291500;1363.0;1452.0;1604.1293661447808;152.12936614478076;152.12936614478076;1363.0
019_MUC_H12_CHUVA_JANELAS_NH64_S19;12;31;Teste;2025-06-29 16:00;202506291600;1392.0;1431.0;1592.9760112058411;161.97601120584113;161.97601120584113;1392.0
019_MUC_H12_CHUVA_JANELAS_NH64_S19;12;31;Teste;2025-06-29 17:00;202506291700;1421.0;1404.0;1581.0129198329969;177.0129198329969;177.0129198329969;1421.0
019_MUC_H12_CHUVA_JANELAS_NH64_S19;12;31;Teste;2025-06-29 18:00;202506291800;1444.0;1378.0;1552.2707941799304;174.27079417993036;174.27079417993036;1444.0
019_MUC_H12_CHUVA_JANELAS_NH64_S19;12;31;Teste;2025-06-29 19:00;202506291900;1461.0;1353.0;1514.1888406601502;161.18884066015016;161.18884066015016;1461.0
019_MUC_H12_CHUVA_JANELAS_NH64_S19;12;31;Teste;2025-06-29 20:00;202506292000;1474.0;1323.0;1464.3343248599738;141.33432485997378;141.33432485997378;1474.0
019_MUC_H12_CHUVA_JANELAS_NH64_S19;12;31;Teste;2025-06-29 21:00;202506292100;1484.0;1295.0;1411.3490484701356;116.34904847013559;116.34904847013559;1484.0
019_MUC_H12_CHUVA_JANELAS_NH64_S19;12;31;Teste;2025-06-29 22:00;202506292200;1499.0;1262.0;1388.4455207739054;126.4455207739054;126.4455207739054;1499.0
019_MUC_H12_CHUVA_JANELAS_NH64_S19;12;31;Teste;2025-06-29 23:00;202506292300;1495.0;1238.0;1299.4111236109916;61.41112361099158;61.41112361099158;1495.0
019_MUC_H12_CHUVA_JANELAS_NH64_S19;12;31;Teste;2025-06-30 00:00;202506300000;1494.0;1210.0;1263.099646054851;53.099646054851064;53.099646054851064;1494.0
019_MUC_H12_CHUVA_JANELAS_NH64_S19;12;31;Teste;2025-06-30 01:00;202506300100;1483.0;1184.0;1214.1943972653683;30.194397265368252;30.194397265368252;1483.0
019_MUC_H12_CHUVA_JANELAS_NH64_S19;12;31;Teste;2025-06-30 02:00;202506300200;1474.0;1157.0;1188.7159621077367;31.715962107736686;31.715962107736686;1474.0
019_MUC_H12_CHUVA_JANELAS_NH64_S19;12;31;Teste;2025-06-30 03:00;202506300300;1452.0;1134.0;1146.4751107538573;12.47511075385728;12.47511075385728;1452.0
019_MUC_H12_CHUVA_JANELAS_NH64_S19;12;31;Teste;2025-06-30 04:00;202506300400;1431.0;1110.0;1119.776182715903;9.776182715902905;9.776182715902905;1431.0
019_MUC_H12_CHUVA_JANELAS_NH64_S19;12;31;Teste;2025-06-30 05:00;202506300500;1404.0;1089.0;1087.7308769422566;-1.2691230577433998;1.2691230577433998;1404.0
019_MUC_H12_CHUVA_JANELAS_NH64_S19;12;31;Teste;2025-06-30 06:00;202506300600;1378.0;1072.0;1063.8179702447105;-8.182029755289477;8.182029755289477;1378.0
019_MUC_H12_CHUVA_JANELAS_NH64_S19;12;31;Teste;2025-06-30 07:00;202506300700;1353.0;1053.0;1044.91795790825;-8.082042091750054;8.082042091750054;1353.0
019_MUC_H12_CHUVA_JANELAS_NH64_S19;12;31;Teste;2025-06-30 08:00;202506300800;1323.0;1040.0;1014.6857122170879;-25.31428778291206;25.31428778291206;1323.0
019_MUC_H12_CHUVA_JANELAS_NH64_S19;12;31;Teste;2025-06-30 09:00;202506300900;1295.0;1010.0;987.470806842013;-22.529193157987038;22.529193157987038;1295.0
019_MUC_H12_CHUVA_JANELAS_NH64_S19;12;31;Teste;2025-06-30 10:00;202506301000;1262.0;979.0;959.0866878556653;-19.913312144334668;19.913312144334668;1262.0
019_MUC_H12_CHUVA_JANELAS_NH64_S19;12;31;Teste;2025-06-30 11:00;202506301100;1238.0;955.0;941.273729499075;-13.726270500925011;13.726270500925011;1238.0
019_MUC_H12_CHUVA_JANELAS_NH64_S19;12;31;Teste;2025-06-30 12:00;202506301200;1210.0;940.0;920.0609968044147;-19.939003195585315;19.939003195585315;1210.0
019_MUC_H12_CHUVA_JANELAS_NH64_S19;12;31;Teste;2025-06-30 13:00;202506301300;1184.0;928.0;893.6459493774887;-34.354050622511295;34.354050622511295;1184.0
019_MUC_H12_CHUVA_JANELAS_NH64_S19;12;31;Teste;2025-06-30 14:00;202506301400;1157.0;916.0;864.1660224472716;-51.833977552728356;51.833977552728356;1157.0
019_MUC_H12_CHUVA_JANELAS_NH64_S19;12;31;Teste;2025-06-30 15:00;202506301500;1134.0;903.0;850.6183063498215;-52.38169365017848;52.38169365017848;1134.0
019_MUC_H12_CHUVA_JANELAS_NH64_S19;12;31;Teste;2025-06-30 16:00;202506301600;1110.0;890.0;852.3134938216153;-37.68650617838466;37.68650617838466;1110.0
019_MUC_H12_CHUVA_JANELAS_NH64_S19;12;31;Teste;2025-06-30 17:00;202506301700;1089.0;875.0;867.672173853162;-7.327826146837992;7.327826146837992;1089.0
019_MUC_H12_CHUVA_JANELAS_NH64_S19;12;31;Teste;2025-06-30 18:00;202506301800;1072.0;861.0;838.2629276332982;-22.737072366701796;22.737072366701796;1072.0
019_MUC_H12_CHUVA_JANELAS_NH64_S19;12;31;Teste;2025-06-30 19:00;202506301900;1053.0;849.0;750.7180151169878;-98.28198488301223;98.28198488301223;1053.0
019_MUC_H12_CHUVA_JANELAS_NH64_S19;12;31;Teste;2025-06-30 20:00;202506302000;1040.0;834.0;747.8311791774604;-86.1688208225396;86.1688208225396;1040.0
019_MUC_H12_CHUVA_JANELAS_NH64_S19;12;31;Teste;2025-06-30 21:00;202506302100;1010.0;816.0;760.3789281888432;-55.62107181115675;55.62107181115675;1010.0
019_MUC_H12_CHUVA_JANELAS_NH64_S19;12;31;Teste;2025-06-30 22:00;202506302200;979.0;795.0;759.0705236118313;-35.92947638816872;35.92947638816872;979.0
019_MUC_H12_CHUVA_JANELAS_NH64_S19;12;31;Teste;2025-06-30 23:00;202506302300;955.0;778.0;760.8077695700189;-17.192230429981123;17.192230429981123;955.0
019_MUC_H12_CHUVA_JANELAS_NH64_S19;12;31;Teste;2025-07-01 00:00;202507010000;940.0;762.0;767.9673535881416;5.967353588141577;5.967353588141577;940.0
019_MUC_H12_CHUVA_JANELAS_NH64_S19;12;31;Teste;2025-07-01 01:00;202507010100;928.0;749.0;760.240272307223;11.240272307222995;11.240272307222995;928.0
019_MUC_H12_CHUVA_JANELAS_NH64_S19;12;31;Teste;2025-07-01 02:00;202507010200;916.0;737.0;753.4660270699853;16.46602706998533;16.46602706998533;916.0
019_MUC_H12_CHUVA_JANELAS_NH64_S19;12;31;Teste;2025-07-01 03:00;202507010300;903.0;731.0;743.3524295319487;12.352429531948701;12.352429531948701;903.0
019_MUC_H12_CHUVA_JANELAS_NH64_S19;12;31;Teste;2025-07-01 04:00;202507010400;890.0;716.0;735.7104425411477;19.7104425411477;19.7104425411477;890.0
019_MUC_H12_CHUVA_JANELAS_NH64_S19;12;31;Teste;2025-07-01 05:00;202507010500;875.0;705.0;727.9462894128209;22.946289412820875;22.946289412820875;875.0
019_MUC_H12_CHUVA_JANELAS_NH64_S19;12;31;Teste;2025-07-01 06:00;202507010600;861.0;697.0;723.6788118552719;26.678811855271874;26.678811855271874;861.0
019_MUC_H12_CHUVA_JANELAS_NH64_S19;12;31;Teste;2025-07-01 07:00;202507010700;849.0;691.0;661.5910828638876;-29.40891713611245;29.40891713611245;849.0
019_MUC_H12_CHUVA_JANELAS_NH64_S19;12;31;Teste;2025-07-01 08:00;202507010800;834.0;682.0;651.4525950399129;-30.54740496008708;30.54740496008708;834.0
019_MUC_H12_CHUVA_JANELAS_NH64_S19;12;31;Teste;2025-07-01 09:00;202507010900;816.0;673.0;679.6655536156682;6.665553615668159;6.665553615668159;816.0
019_MUC_H12_CHUVA_JANELAS_NH64_S19;12;31;Teste;2025-07-01 10:00;202507011000;795.0;665.0;652.7429311819808;-12.257068818019206;12.257068818019206;795.0
019_MUC_H12_CHUVA_JANELAS_NH64_S19;12;31;Teste;2025-07-01 11:00;202507011100;778.0;660.0;645.4838346800675;-14.516165319932497;14.516165319932497;778.0
019_MUC_H12_CHUVA_JANELAS_NH64_S19;12;31;Teste;2025-07-01 12:00;202507011200;762.0;656.0;661.7805956564218;5.780595656421838;5.780595656421838;762.0
019_MUC_H12_CHUVA_JANELAS_NH64_S19;12;31;Teste;2025-07-01 13:00;202507011300;749.0;651.0;656.5297579057609;5.529757905760903;5.529757905760903;749.0
019_MUC_H12_CHUVA_JANELAS_NH64_S19;12;31;Teste;2025-07-01 14:00;202507011400;737.0;644.0;607.1181509576138;-36.88184904238619;36.88184904238619;737.0
019_MUC_H12_CHUVA_JANELAS_NH64_S19;12;31;Teste;2025-07-01 15:00;202507011500;731.0;635.0;648.2813283864863;13.28132838648628;13.28132838648628;731.0
019_MUC_H12_CHUVA_JANELAS_NH64_S19;12;31;Teste;2025-07-01 16:00;202507011600;716.0;626.0;659.1273418680954;33.127341868095414;33.127341868095414;716.0
019_MUC_H12_CHUVA_JANELAS_NH64_S19;12;31;Teste;2025-07-01 17:00;202507011700;705.0;620.0;649.509094946213;29.509094946213054;29.509094946213054;705.0
019_MUC_H12_CHUVA_JANELAS_NH64_S19;12;31;Teste;2025-07-01 18:00;202507011800;697.0;614.0;602.4724986369196;-11.527501363080432;11.527501363080432;697.0
019_MUC_H12_CHUVA_JANELAS_NH64_S19;12;31;Teste;2025-07-01 19:00;202507011900;691.0;613.0;620.8867524206712;7.8867524206712005;7.8867524206712005;691.0
019_MUC_H12_CHUVA_JANELAS_NH64_S19;12;31;Teste;2025-07-01 20:00;202507012000;682.0;610.0;645.1211958237307;35.12119582373066;35.12119582373066;682.0
019_MUC_H12_CHUVA_JANELAS_NH64_S19;12;31;Teste;2025-07-01 21:00;202507012100;673.0;607.0;639.0704110205162;32.07041102051619;32.07041102051619;673.0
019_MUC_H12_CHUVA_JANELAS_NH64_S19;12;31;Teste;2025-07-01 22:00;202507012200;665.0;603.0;617.445570690768;14.445570690768022;14.445570690768022;665.0
019_MUC_H12_CHUVA_JANELAS_NH64_S19;12;31;Teste;2025-07-01 23:00;202507012300;660.0;599.0;626.9261441888431;27.926144188843068;27.926144188843068;660.0
019_MUC_H12_CHUVA_JANELAS_NH64_S19;12;31;Teste;2025-07-02 00:00;202507020000;656.0;594.0;597.863407442307;3.8634074423069933;3.8634074423069933;656.0
019_MUC_H12_CHUVA_JANELAS_NH64_S19;12;31;Teste;2025-07-02 01:00;202507020100;651.0;591.0;579.5356405379108;-11.464359462089192;11.464359462089192;651.0
019_MUC_H12_CHUVA_JANELAS_NH64_S19;12;31;Teste;2025-07-02 02:00;202507020200;644.0;587.0;599.2499573626393;12.249957362639293;12.249957362639293;644.0
019_MUC_H12_CHUVA_JANELAS_NH64_S19;12;31;Teste;2025-07-02 03:00;202507020300;635.0;582.0;603.5081008281105;21.508100828110514;21.508100828110514;635.0
019_MUC_H12_CHUVA_JANELAS_NH64_S19;12;31;Teste;2025-07-02 04:00;202507020400;626.0;578.0;601.1163476092883;23.116347609288255;23.116347609288255;626.0
019_MUC_H12_CHUVA_JANELAS_NH64_S19;12;31;Teste;2025-07-02 05:00;202507020500;620.0;574.0;604.9376411025283;30.937641102528346;30.937641102528346;620.0
019_MUC_H12_CHUVA_JANELAS_NH64_S19;12;31;Teste;2025-07-02 06:00;202507020600;614.0;569.0;601.073644228217;32.07364422821695;32.07364422821695;614.0
019_MUC_H12_CHUVA_JANELAS_NH64_S19;12;31;Teste;2025-07-02 07:00;202507020700;613.0;566.0;612.2135585232623;46.21355852326235;46.21355852326235;613.0
019_MUC_H12_CHUVA_JANELAS_NH64_S19;12;31;Teste;2025-07-02 08:00;202507020800;610.0;562.0;601.5527224352561;39.5527224352561;39.5527224352561;610.0
019_MUC_H12_CHUVA_JANELAS_NH64_S19;12;31;Teste;2025-07-02 09:00;202507020900;607.0;558.0;593.6809193885523;35.6809193885523;35.6809193885523;607.0
019_MUC_H12_CHUVA_JANELAS_NH64_S19;12;31;Teste;2025-07-02 10:00;202507021000;603.0;554.0;590.1917542359155;36.19175423591548;36.19175423591548;603.0
019_MUC_H12_CHUVA_JANELAS_NH64_S19;12;31;Teste;2025-07-02 11:00;202507021100;599.0;551.0;586.3935892977571;35.3935892977571;35.3935892977571;599.0
019_MUC_H12_CHUVA_JANELAS_NH64_S19;12;31;Teste;2025-07-02 12:00;202507021200;594.0;546.0;576.6667444306764;30.66674443067643;30.66674443067643;594.0
019_MUC_H12_CHUVA_JANELAS_NH64_S19;12;31;Teste;2025-07-02 13:00;202507021300;591.0;541.0;580.5926109339755;39.59261093397549;39.59261093397549;591.0
019_MUC_H12_CHUVA_JANELAS_NH64_S19;12;31;Teste;2025-07-02 14:00;202507021400;587.0;538.0;577.6761586359486;39.67615863594858;39.67615863594858;587.0
019_MUC_H12_CHUVA_JANELAS_NH64_S19;12;31;Teste;2025-07-02 15:00;202507021500;582.0;535.0;569.935279134374;34.935279134374014;34.935279134374014;582.0
019_MUC_H12_CHUVA_JANELAS_NH64_S19;12;31;Teste;2025-07-02 16:00;202507021600;578.0;533.0;572.4875873544439;39.48758735444392;39.48758735444392;578.0
019_MUC_H12_CHUVA_JANELAS_NH64_S19;12;31;Teste;2025-07-02 17:00;202507021700;574.0;530.0;564.6482222779446;34.64822227794457;34.64822227794457;574.0
019_MUC_H12_CHUVA_JANELAS_NH64_S19;12;31;Teste;2025-07-02 18:00;202507021800;569.0;526.0;558.1285809817743;32.12858098177435;32.12858098177435;569.0
019_MUC_H12_CHUVA_JANELAS_NH64_S19;12;31;Teste;2025-07-02 19:00;202507021900;566.0;523.0;561.2238785281082;38.22387852810823;38.22387852810823;566.0
019_MUC_H12_CHUVA_JANELAS_NH64_S19;12;31;Teste;2025-07-02 20:00;202507022000;562.0;519.0;559.9133484032301;40.91334840323009;40.91334840323009;562.0
019_MUC_H12_CHUVA_JANELAS_NH64_S19;12;31;Teste;2025-07-02 21:00;202507022100;558.0;518.0;554.6597976844829;36.659797684482896;36.659797684482896;558.0
019_MUC_H12_CHUVA_JANELAS_NH64_S19;12;31;Teste;2025-07-02 22:00;202507022200;554.0;514.0;557.2157122846563;43.21571228465632;43.21571228465632;554.0
019_MUC_H12_CHUVA_JANELAS_NH64_S19;12;31;Teste;2025-07-02 23:00;202507022300;551.0;512.0;550.3383319053871;38.33833190538712;38.33833190538712;551.0
019_MUC_H12_CHUVA_JANELAS_NH64_S19;12;31;Teste;2025-07-03 00:00;202507030000;546.0;508.0;543.7277113281843;35.72771132818434;35.72771132818434;546.0
019_MUC_H12_CHUVA_JANELAS_NH64_S19;12;31;Teste;2025-07-03 01:00;202507030100;541.0;505.0;544.3752272123176;39.375227212317554;39.375227212317554;541.0
019_MUC_H12_CHUVA_JANELAS_NH64_S19;12;31;Teste;2025-07-03 02:00;202507030200;538.0;501.0;544.6888249453349;43.688824945334886;43.688824945334886;538.0
019_MUC_H12_CHUVA_JANELAS_NH64_S19;12;31;Teste;2025-07-03 03:00;202507030300;535.0;498.0;543.9489698086104;45.9489698086104;45.9489698086104;535.0
019_MUC_H12_CHUVA_JANELAS_NH64_S19;12;31;Teste;2025-07-03 04:00;202507030400;533.0;489.0;545.1434135750991;56.14341357509909;56.14341357509909;533.0
019_MUC_H12_CHUVA_JANELAS_NH64_S19;12;31;Teste;2025-07-03 05:00;202507030500;530.0;472.0;540.3832969619573;68.38329696195729;68.38329696195729;530.0
019_MUC_H12_CHUVA_JANELAS_NH64_S19;12;31;Teste;2025-07-03 06:00;202507030600;526.0;453.0;529.7992300197989;76.79923001979887;76.79923001979887;526.0
019_MUC_H12_CHUVA_JANELAS_NH64_S19;12;31;Teste;2025-07-03 07:00;202507030700;523.0;446.0;534.2087361503241;88.20873615032406;88.20873615032406;523.0
019_MUC_H12_CHUVA_JANELAS_NH64_S19;12;31;Teste;2025-07-03 08:00;202507030800;519.0;455.0;528.4924397152361;73.49243971523606;73.49243971523606;519.0
019_MUC_H12_CHUVA_JANELAS_NH64_S19;12;31;Teste;2025-07-03 09:00;202507030900;518.0;466.0;533.4920290040295;67.49202900402952;67.49202900402952;518.0
019_MUC_H12_CHUVA_JANELAS_NH64_S19;12;31;Teste;2025-07-03 10:00;202507031000;514.0;476.0;525.5958967649071;49.59589676490714;49.59589676490714;514.0
019_MUC_H12_CHUVA_JANELAS_NH64_S19;12;31;Teste;2025-07-03 11:00;202507031100;512.0;483.0;529.5091381418046;46.509138141804556;46.509138141804556;512.0
019_MUC_H12_CHUVA_JANELAS_NH64_S19;12;31;Teste;2025-07-03 12:00;202507031200;508.0;488.0;520.952600856787;32.952600856786944;32.952600856786944;508.0
019_MUC_H12_CHUVA_JANELAS_NH64_S19;12;31;Teste;2025-07-03 13:00;202507031300;505.0;488.0;432.3731456070634;-55.62685439293659;55.62685439293659;505.0
019_MUC_H12_CHUVA_JANELAS_NH64_S19;12;31;Teste;2025-07-03 14:00;202507031400;501.0;486.0;365.3625948446893;-120.63740515531072;120.63740515531072;501.0
019_MUC_H12_CHUVA_JANELAS_NH64_S19;12;34;Teste;2026-07-02 07:00;202607020700;374.0;660.0;740.4252119988658;80.42521199886585;80.42521199886585;374.0
019_MUC_H12_CHUVA_JANELAS_NH64_S19;12;34;Teste;2026-07-02 08:00;202607020800;358.0;690.0;706.6697540358623;16.669754035862297;16.669754035862297;358.0
019_MUC_H12_CHUVA_JANELAS_NH64_S19;12;34;Teste;2026-07-02 09:00;202607020900;354.0;710.0;563.3406322725285;-146.65936772747148;146.65936772747148;354.0
019_MUC_H12_CHUVA_JANELAS_NH64_S19;12;34;Teste;2026-07-02 10:00;202607021000;378.0;730.0;546.4490962555217;-183.55090374447832;183.55090374447832;378.0
019_MUC_H12_CHUVA_JANELAS_NH64_S19;12;34;Teste;2026-07-02 11:00;202607021100;438.0;748.0;657.06057683422;-90.93942316578;90.93942316578;438.0
019_MUC_H12_CHUVA_JANELAS_NH64_S19;12;34;Teste;2026-07-02 12:00;202607021200;483.0;769.0;702.5169407844197;-66.48305921558028;66.48305921558028;483.0
019_MUC_H12_CHUVA_JANELAS_NH64_S19;12;34;Teste;2026-07-02 13:00;202607021300;500.0;795.0;721.1108280368762;-73.88917196312377;73.88917196312377;500.0
019_MUC_H12_CHUVA_JANELAS_NH64_S19;12;34;Teste;2026-07-02 14:00;202607021400;507.0;819.0;792.1519286688692;-26.848071331130768;26.848071331130768;507.0
019_MUC_H12_CHUVA_JANELAS_NH64_S19;12;34;Teste;2026-07-02 15:00;202607021500;516.0;832.0;816.8483862615216;-15.151613738478432;15.151613738478432;516.0
019_MUC_H12_CHUVA_JANELAS_NH64_S19;12;34;Teste;2026-07-02 16:00;202607021600;534.0;835.0;861.2973985532044;26.297398553204403;26.297398553204403;534.0
019_MUC_H12_CHUVA_JANELAS_NH64_S19;12;34;Teste;2026-07-02 17:00;202607021700;568.0;839.0;853.103905920769;14.103905920768966;14.103905920768966;568.0
019_MUC_H12_CHUVA_JANELAS_NH64_S19;12;34;Teste;2026-07-02 18:00;202607021800;623.0;853.0;878.6240061292115;25.624006129211466;25.624006129211466;623.0
019_MUC_H12_CHUVA_JANELAS_NH64_S19;12;34;Teste;2026-07-02 19:00;202607021900;660.0;862.0;892.1715405566672;30.171540556667196;30.171540556667196;660.0
019_MUC_H12_CHUVA_JANELAS_NH64_S19;12;34;Teste;2026-07-02 20:00;202607022000;690.0;873.0;874.35451587274;1.3545158727399667;1.3545158727399667;690.0
019_MUC_H12_CHUVA_JANELAS_NH64_S19;12;34;Teste;2026-07-02 21:00;202607022100;710.0;882.0;904.3188271687006;22.318827168700636;22.318827168700636;710.0
019_MUC_H12_CHUVA_JANELAS_NH64_S19;12;34;Teste;2026-07-02 22:00;202607022200;730.0;882.0;962.668953750894;80.66895375089405;80.66895375089405;730.0
019_MUC_H12_CHUVA_JANELAS_NH64_S19;12;34;Teste;2026-07-02 23:00;202607022300;748.0;870.0;985.5068089190493;115.50680891904926;115.50680891904926;748.0
019_MUC_H12_CHUVA_JANELAS_NH64_S19;12;34;Teste;2026-07-03 00:00;202607030000;769.0;858.0;959.5402989129195;101.54029891291952;101.54029891291952;769.0
019_MUC_H12_CHUVA_JANELAS_NH64_S19;12;34;Teste;2026-07-03 01:00;202607030100;795.0;844.0;933.568909936444;89.56890993644402;89.56890993644402;795.0
019_MUC_H12_CHUVA_JANELAS_NH64_S19;12;34;Teste;2026-07-03 02:00;202607030200;819.0;840.0;883.0115305486013;43.011530548601286;43.011530548601286;819.0
019_MUC_H12_CHUVA_JANELAS_NH64_S19;12;34;Teste;2026-07-03 03:00;202607030300;832.0;834.0;940.232211068213;106.23221106821302;106.23221106821302;832.0
019_MUC_H12_CHUVA_JANELAS_NH64_S19;12;34;Teste;2026-07-03 04:00;202607030400;835.0;832.0;963.3106509135415;131.3106509135415;131.3106509135415;835.0
019_MUC_H12_CHUVA_JANELAS_NH64_S19;12;34;Teste;2026-07-03 05:00;202607030500;839.0;827.0;911.0469591095183;84.0469591095183;84.0469591095183;839.0
019_MUC_H12_CHUVA_JANELAS_NH64_S19;12;34;Teste;2026-07-03 06:00;202607030600;853.0;822.0;950.4094519969167;128.4094519969167;128.4094519969167;853.0
019_MUC_H12_CHUVA_JANELAS_NH64_S19;12;34;Teste;2026-07-03 07:00;202607030700;862.0;817.0;967.3895624592799;150.3895624592799;150.3895624592799;862.0
019_MUC_H12_CHUVA_JANELAS_NH64_S19;12;34;Teste;2026-07-03 08:00;202607030800;873.0;813.0;834.3311155964578;21.331115596457835;21.331115596457835;873.0
019_MUC_H12_CHUVA_JANELAS_NH64_S19;12;34;Teste;2026-07-03 09:00;202607030900;882.0;813.0;737.8902474264829;-75.10975257351708;75.10975257351708;882.0
019_MUC_H12_CHUVA_JANELAS_NH64_S19;12;34;Teste;2026-07-03 10:00;202607031000;882.0;811.0;754.1337156598604;-56.8662843401396;56.8662843401396;882.0
019_MUC_H12_CHUVA_JANELAS_NH64_S19;12;34;Teste;2026-07-03 11:00;202607031100;870.0;802.0;749.7797996295001;-52.220200370499924;52.220200370499924;870.0
019_MUC_H12_CHUVA_JANELAS_NH64_S19;12;34;Teste;2026-07-03 12:00;202607031200;858.0;791.0;743.8727792383276;-47.12722076167245;47.12722076167245;858.0
019_MUC_H12_CHUVA_JANELAS_NH64_S19;12;34;Teste;2026-07-03 13:00;202607031300;844.0;774.0;741.9512343162933;-32.04876568370673;32.04876568370673;844.0
019_MUC_H12_CHUVA_JANELAS_NH64_S19;12;34;Teste;2026-07-03 14:00;202607031400;840.0;752.0;767.0686487040895;15.068648704089469;15.068648704089469;840.0
019_MUC_H12_CHUVA_JANELAS_NH64_S19;12;34;Teste;2026-07-03 15:00;202607031500;834.0;734.0;753.5140503275477;19.514050327547693;19.514050327547693;834.0
019_MUC_H12_CHUVA_JANELAS_NH64_S19;12;34;Teste;2026-07-03 16:00;202607031600;832.0;722.0;758.5129573890678;36.512957389067765;36.512957389067765;832.0
019_MUC_H12_CHUVA_JANELAS_NH64_S19;12;34;Teste;2026-07-03 17:00;202607031700;827.0;717.0;750.4377331755874;33.43773317558737;33.43773317558737;827.0
019_MUC_H12_CHUVA_JANELAS_NH64_S19;12;34;Teste;2026-07-03 18:00;202607031800;822.0;711.0;772.5001055076907;61.500105507690705;61.500105507690705;822.0
019_MUC_H12_CHUVA_JANELAS_NH64_S19;12;34;Teste;2026-07-03 19:00;202607031900;817.0;706.0;791.773615544609;85.77361554460902;85.77361554460902;817.0
019_MUC_H12_CHUVA_JANELAS_NH64_S19;12;34;Teste;2026-07-03 20:00;202607032000;813.0;699.0;749.4810989877989;50.48109898779887;50.48109898779887;813.0
019_MUC_H12_CHUVA_JANELAS_NH64_S19;12;34;Teste;2026-07-03 21:00;202607032100;813.0;692.0;710.943383726689;18.943383726689035;18.943383726689035;813.0
019_MUC_H12_CHUVA_JANELAS_NH64_S19;12;34;Teste;2026-07-03 22:00;202607032200;811.0;684.0;695.0933249720973;11.09332497209732;11.09332497209732;811.0
019_MUC_H12_CHUVA_JANELAS_NH64_S19;12;34;Teste;2026-07-03 23:00;202607032300;802.0;674.0;628.1101040617632;-45.889895938236805;45.889895938236805;802.0
019_MUC_H12_CHUVA_JANELAS_NH64_S19;12;34;Teste;2026-07-04 00:00;202607040000;791.0;664.0;596.332796678257;-67.66720332174305;67.66720332174305;791.0
019_MUC_H12_CHUVA_JANELAS_NH64_S19;12;34;Teste;2026-07-04 01:00;202607040100;774.0;651.0;631.6632742725482;-19.336725727451835;19.336725727451835;774.0
019_MUC_H12_CHUVA_JANELAS_NH64_S19;12;34;Teste;2026-07-04 02:00;202607040200;752.0;634.0;643.9422153016042;9.942215301604165;9.942215301604165;752.0
019_MUC_H12_CHUVA_JANELAS_NH64_S19;12;34;Teste;2026-07-04 03:00;202607040300;734.0;621.0;642.1633537856059;21.163353785605864;21.163353785605864;734.0
019_MUC_H12_CHUVA_JANELAS_NH64_S19;12;34;Teste;2026-07-04 04:00;202607040400;722.0;612.0;647.3310486179195;35.331048617919464;35.331048617919464;722.0
019_MUC_H12_CHUVA_JANELAS_NH64_S19;12;34;Teste;2026-07-04 05:00;202607040500;717.0;605.0;658.7614480910217;53.76144809102175;53.76144809102175;717.0
019_MUC_H12_CHUVA_JANELAS_NH64_S19;12;34;Teste;2026-07-04 06:00;202607040600;711.0;602.0;647.345807115548;45.34580711554804;45.34580711554804;711.0
019_MUC_H12_CHUVA_JANELAS_NH64_S19;12;34;Teste;2026-07-04 07:00;202607040700;706.0;598.0;626.694784947816;28.694784947815947;28.694784947815947;706.0
019_MUC_H12_CHUVA_JANELAS_NH64_S19;12;34;Teste;2026-07-04 08:00;202607040800;699.0;593.0;609.7523218658249;16.75232186582491;16.75232186582491;699.0
019_MUC_H12_CHUVA_JANELAS_NH64_S19;12;34;Teste;2026-07-04 09:00;202607040900;692.0;589.0;603.3066418527902;14.306641852790221;14.306641852790221;692.0
019_MUC_H12_CHUVA_JANELAS_NH64_S19;12;34;Teste;2026-07-04 10:00;202607041000;684.0;587.0;576.131724234005;-10.868275765995008;10.868275765995008;684.0
019_MUC_H12_CHUVA_JANELAS_NH64_S19;12;34;Teste;2026-07-04 11:00;202607041100;674.0;587.0;538.6278828493603;-48.372117150639724;48.372117150639724;674.0
019_MUC_H12_CHUVA_JANELAS_NH64_S19;12;34;Teste;2026-07-04 12:00;202607041200;664.0;586.0;538.9019358771247;-47.09806412287526;47.09806412287526;664.0
019_MUC_H12_CHUVA_JANELAS_NH64_S19;12;34;Teste;2026-07-04 13:00;202607041300;651.0;581.0;558.500550447382;-22.49944955261799;22.49944955261799;651.0
019_MUC_H12_CHUVA_JANELAS_NH64_S19;12;34;Teste;2026-07-04 14:00;202607041400;634.0;572.0;563.4253163824679;-8.57468361753206;8.57468361753206;634.0
019_MUC_H12_CHUVA_JANELAS_NH64_S19;12;34;Teste;2026-07-04 15:00;202607041500;621.0;562.0;571.976954876302;9.976954876301988;9.976954876301988;621.0
019_MUC_H12_CHUVA_JANELAS_NH64_S19;12;34;Teste;2026-07-04 16:00;202607041600;612.0;553.0;584.009460542781;31.00946054278097;31.00946054278097;612.0
019_MUC_H12_CHUVA_JANELAS_NH64_S19;12;34;Teste;2026-07-04 17:00;202607041700;605.0;545.0;572.2615535118871;27.261553511887087;27.261553511887087;605.0
019_MUC_H12_CHUVA_JANELAS_NH64_S19;12;34;Teste;2026-07-04 18:00;202607041800;602.0;538.0;579.4213337325648;41.42133373256479;41.42133373256479;602.0
019_MUC_H12_CHUVA_JANELAS_NH64_S19;12;34;Teste;2026-07-04 19:00;202607041900;598.0;533.0;599.6222644927274;66.62226449272737;66.62226449272737;598.0
019_MUC_H12_CHUVA_JANELAS_NH64_S19;12;34;Teste;2026-07-04 20:00;202607042000;593.0;528.0;623.9055005097148;95.90550050971478;95.90550050971478;593.0
019_MUC_H12_CHUVA_JANELAS_NH64_S19;12;34;Teste;2026-07-04 21:00;202607042100;589.0;523.0;610.9854953530164;87.9854953530164;87.9854953530164;589.0
019_MUC_H12_CHUVA_JANELAS_NH64_S19;12;34;Teste;2026-07-04 22:00;202607042200;587.0;517.0;561.0419762123254;44.04197621232538;44.04197621232538;587.0
019_MUC_H12_CHUVA_JANELAS_NH64_S19;12;34;Teste;2026-07-04 23:00;202607042300;587.0;505.0;535.6361696144079;30.63616961440789;30.63616961440789;587.0
019_MUC_H12_CHUVA_JANELAS_NH64_S19;12;34;Teste;2026-07-05 00:00;202607050000;586.0;486.0;534.7715756445169;48.77157564451693;48.77157564451693;586.0
019_MUC_H12_CHUVA_JANELAS_NH64_S19;12;34;Teste;2026-07-05 01:00;202607050100;581.0;466.0;537.4420680974918;71.44206809749176;71.44206809749176;581.0
019_MUC_H12_CHUVA_JANELAS_NH64_S19;12;34;Teste;2026-07-05 02:00;202607050200;572.0;449.0;524.4777264032415;75.47772640324149;75.47772640324149;572.0
019_MUC_H12_CHUVA_JANELAS_NH64_S19;12;34;Teste;2026-07-05 03:00;202607050300;562.0;438.0;520.7595602063751;82.75956020637511;82.75956020637511;562.0
019_MUC_H12_CHUVA_JANELAS_NH64_S19;12;34;Teste;2026-07-05 04:00;202607050400;553.0;430.0;523.4621186028988;93.46211860289884;93.46211860289884;553.0
019_MUC_H12_CHUVA_JANELAS_NH64_S19;12;34;Teste;2026-07-05 05:00;202607050500;545.0;427.0;515.1716469943583;88.1716469943583;88.1716469943583;545.0
019_MUC_H12_CHUVA_JANELAS_NH64_S19;12;34;Teste;2026-07-05 06:00;202607050600;538.0;428.0;514.0778953686029;86.07789536860287;86.07789536860287;538.0
019_MUC_H12_CHUVA_JANELAS_NH64_S19;12;34;Teste;2026-07-05 07:00;202607050700;533.0;433.0;517.1242085975167;84.12420859751671;84.12420859751671;533.0
019_MUC_H12_CHUVA_JANELAS_NH64_S19;12;34;Teste;2026-07-05 08:00;202607050800;528.0;438.0;448.21003879652335;10.21003879652335;10.21003879652335;528.0
019_MUC_H12_CHUVA_JANELAS_NH64_S19;12;34;Teste;2026-07-05 09:00;202607050900;523.0;442.0;367.74904418191795;-74.25095581808205;74.25095581808205;523.0
019_MUC_H12_CHUVA_JANELAS_NH64_S19;12;34;Teste;2026-07-05 10:00;202607051000;517.0;445.0;409.3332467510413;-35.666753248958685;35.666753248958685;517.0
019_MUC_H12_CHUVA_JANELAS_NH64_S19;12;34;Teste;2026-07-05 11:00;202607051100;505.0;450.0;428.24365987271915;-21.75634012728085;21.75634012728085;505.0
019_MUC_H12_CHUVA_JANELAS_NH64_S19;12;37;Teste;2026-07-28 02:00;202607280200;467.0;562.0;519.5397337873925;-42.46026621260751;42.46026621260751;467.0
019_MUC_H12_CHUVA_JANELAS_NH64_S19;12;37;Teste;2026-07-28 03:00;202607280300;458.0;617.0;519.5453679046564;-97.45463209534364;97.45463209534364;458.0
019_MUC_H12_CHUVA_JANELAS_NH64_S19;12;37;Teste;2026-07-28 04:00;202607280400;450.0;671.0;569.6090484483954;-101.39095155160464;101.39095155160464;450.0
019_MUC_H12_CHUVA_JANELAS_NH64_S19;12;37;Teste;2026-07-28 05:00;202607280500;445.0;744.0;606.4891722596874;-137.5108277403126;137.5108277403126;445.0
019_MUC_H12_CHUVA_JANELAS_NH64_S19;12;37;Teste;2026-07-28 06:00;202607280600;441.0;847.0;646.7800335064526;-200.21996649354742;200.21996649354742;441.0
019_MUC_H12_CHUVA_JANELAS_NH64_S19;12;37;Teste;2026-07-28 07:00;202607280700;440.0;947.0;697.4100410735022;-249.58995892649784;249.58995892649784;440.0
019_MUC_H12_CHUVA_JANELAS_NH64_S19;12;37;Teste;2026-07-28 08:00;202607280800;445.0;1031.0;744.0589532870757;-286.9410467129243;286.9410467129243;445.0
019_MUC_H12_CHUVA_JANELAS_NH64_S19;12;37;Teste;2026-07-28 09:00;202607280900;458.0;1086.0;790.0528293095803;-295.94717069041974;295.94717069041974;458.0
019_MUC_H12_CHUVA_JANELAS_NH64_S19;12;37;Teste;2026-07-28 10:00;202607281000;476.0;1124.0;834.7659268892018;-289.23407311079825;289.23407311079825;476.0
019_MUC_H12_CHUVA_JANELAS_NH64_S19;12;37;Teste;2026-07-28 11:00;202607281100;491.0;1147.0;845.5664242306302;-301.4335757693698;301.4335757693698;491.0
019_MUC_H12_CHUVA_JANELAS_NH64_S19;12;37;Teste;2026-07-28 12:00;202607281200;506.0;1160.0;885.0918273763463;-274.90817262365374;274.90817262365374;506.0
019_MUC_H12_CHUVA_JANELAS_NH64_S19;12;37;Teste;2026-07-28 13:00;202607281300;529.0;1188.0;905.6477808210465;-282.35221917895353;282.35221917895353;529.0
019_MUC_H12_CHUVA_JANELAS_NH64_S19;12;37;Teste;2026-07-28 14:00;202607281400;562.0;1226.0;936.2517143425868;-289.74828565741325;289.74828565741325;562.0
019_MUC_H12_CHUVA_JANELAS_NH64_S19;12;37;Teste;2026-07-28 15:00;202607281500;617.0;1272.0;1018.1170143008229;-253.88298569917708;253.88298569917708;617.0
019_MUC_H12_CHUVA_JANELAS_NH64_S19;12;37;Teste;2026-07-28 16:00;202607281600;671.0;1318.0;1101.0833998026837;-216.91660019731626;216.91660019731626;671.0
019_MUC_H12_CHUVA_JANELAS_NH64_S19;12;37;Teste;2026-07-28 17:00;202607281700;744.0;1347.0;1175.155702535208;-171.8442974647919;171.8442974647919;744.0
019_MUC_H12_CHUVA_JANELAS_NH64_S19;12;37;Teste;2026-07-28 18:00;202607281800;847.0;1382.0;1218.8172957176735;-163.18270428232654;163.18270428232654;847.0
019_MUC_H12_CHUVA_JANELAS_NH64_S19;12;37;Teste;2026-07-28 19:00;202607281900;947.0;1407.0;1254.8338521909725;-152.1661478090275;152.1661478090275;947.0
019_MUC_H12_CHUVA_JANELAS_NH64_S19;12;37;Teste;2026-07-28 20:00;202607282000;1031.0;1430.0;1293.0623566734255;-136.93764332657452;136.93764332657452;1031.0
019_MUC_H12_CHUVA_JANELAS_NH64_S19;12;37;Teste;2026-07-28 21:00;202607282100;1086.0;1446.0;1327.2789009916028;-118.72109900839723;118.72109900839723;1086.0
019_MUC_H12_CHUVA_JANELAS_NH64_S19;12;37;Teste;2026-07-28 22:00;202607282200;1124.0;1455.0;1349.6078559462721;-105.39214405372786;105.39214405372786;1124.0
019_MUC_H12_CHUVA_JANELAS_NH64_S19;12;37;Teste;2026-07-28 23:00;202607282300;1147.0;1471.0;1377.3856856852494;-93.61431431475057;93.61431431475057;1147.0
019_MUC_H12_CHUVA_JANELAS_NH64_S19;12;37;Teste;2026-07-29 00:00;202607290000;1160.0;1481.0;1432.546051251831;-48.45394874816907;48.45394874816907;1160.0
019_MUC_H12_CHUVA_JANELAS_NH64_S19;12;37;Teste;2026-07-29 01:00;202607290100;1188.0;1495.0;1437.4364770025002;-57.56352299749983;57.56352299749983;1188.0
019_MUC_H12_CHUVA_JANELAS_NH64_S19;12;37;Teste;2026-07-29 02:00;202607290200;1226.0;1509.0;1481.8316912542903;-27.168308745709737;27.168308745709737;1226.0
019_MUC_H12_CHUVA_JANELAS_NH64_S19;12;37;Teste;2026-07-29 03:00;202607290300;1272.0;1516.0;1529.1349905051452;13.134990505145197;13.134990505145197;1272.0
019_MUC_H12_CHUVA_JANELAS_NH64_S19;12;37;Teste;2026-07-29 04:00;202607290400;1318.0;1522.0;1557.0111132008874;35.011113200887394;35.011113200887394;1318.0
019_MUC_H12_CHUVA_JANELAS_NH64_S19;12;37;Teste;2026-07-29 05:00;202607290500;1347.0;1526.0;1592.3247500532302;66.32475005323022;66.32475005323022;1347.0
019_MUC_H12_CHUVA_JANELAS_NH64_S19;12;37;Teste;2026-07-29 06:00;202607290600;1382.0;1528.0;1604.1120209984156;76.11202099841557;76.11202099841557;1382.0
019_MUC_H12_CHUVA_JANELAS_NH64_S19;12;37;Teste;2026-07-29 07:00;202607290700;1407.0;1531.0;1617.0620798853906;86.06207988539063;86.06207988539063;1407.0
019_MUC_H12_CHUVA_JANELAS_NH64_S19;12;37;Teste;2026-07-29 08:00;202607290800;1430.0;1526.0;1622.0043522275846;96.0043522275846;96.0043522275846;1430.0
019_MUC_H12_CHUVA_JANELAS_NH64_S19;12;37;Teste;2026-07-29 09:00;202607290900;1446.0;1521.0;1632.2757532382598;111.27575323825977;111.27575323825977;1446.0
019_MUC_H12_CHUVA_JANELAS_NH64_S19;12;37;Teste;2026-07-29 10:00;202607291000;1455.0;1512.0;1652.8293492259713;140.82934922597133;140.82934922597133;1455.0
019_MUC_H12_CHUVA_JANELAS_NH64_S19;12;37;Teste;2026-07-29 11:00;202607291100;1471.0;1503.0;1674.6496053089586;171.6496053089586;171.6496053089586;1471.0
019_MUC_H12_CHUVA_JANELAS_NH64_S19;12;37;Teste;2026-07-29 12:00;202607291200;1481.0;1488.0;1657.6849592789274;169.6849592789274;169.6849592789274;1481.0
019_MUC_H12_CHUVA_JANELAS_NH64_S19;12;37;Teste;2026-07-29 13:00;202607291300;1495.0;1473.0;1663.8168282803358;190.8168282803358;190.8168282803358;1495.0
019_MUC_H12_CHUVA_JANELAS_NH64_S19;12;37;Teste;2026-07-29 14:00;202607291400;1509.0;1453.0;1660.62287326926;207.62287326926003;207.62287326926003;1509.0
019_MUC_H12_CHUVA_JANELAS_NH64_S19;12;37;Teste;2026-07-29 15:00;202607291500;1516.0;1431.0;1626.310472272803;195.31047227280305;195.31047227280305;1516.0
019_MUC_H12_CHUVA_JANELAS_NH64_S19;12;37;Teste;2026-07-29 16:00;202607291600;1522.0;1406.0;1615.861988123079;209.86198812307907;209.86198812307907;1522.0
019_MUC_H12_CHUVA_JANELAS_NH64_S19;12;37;Teste;2026-07-29 17:00;202607291700;1526.0;1380.0;1580.6196699707489;200.61966997074887;200.61966997074887;1526.0
019_MUC_H12_CHUVA_JANELAS_NH64_S19;12;37;Teste;2026-07-29 18:00;202607291800;1528.0;1349.0;1494.91712009306;145.91712009306002;145.91712009306002;1528.0
019_MUC_H12_CHUVA_JANELAS_NH64_S19;12;37;Teste;2026-07-29 19:00;202607291900;1531.0;1321.0;1437.4112373755847;116.41123737558473;116.41123737558473;1531.0
019_MUC_H12_CHUVA_JANELAS_NH64_S19;12;37;Teste;2026-07-29 20:00;202607292000;1526.0;1291.0;1352.2327009363294;61.232700936329366;61.232700936329366;1526.0
019_MUC_H12_CHUVA_JANELAS_NH64_S19;12;37;Teste;2026-07-29 21:00;202607292100;1521.0;1260.0;1300.6585501313461;40.658550131346146;40.658550131346146;1521.0
019_MUC_H12_CHUVA_JANELAS_NH64_S19;12;37;Teste;2026-07-29 22:00;202607292200;1512.0;1229.0;1252.9804641843857;23.98046418438571;23.98046418438571;1512.0
019_MUC_H12_CHUVA_JANELAS_NH64_S19;12;37;Teste;2026-07-29 23:00;202607292300;1503.0;1201.0;1226.6358910595554;25.635891059555433;25.635891059555433;1503.0
019_MUC_H12_CHUVA_JANELAS_NH64_S19;12;37;Teste;2026-07-30 00:00;202607300000;1488.0;1174.0;1186.9155626947263;12.915562694726304;12.915562694726304;1488.0
019_MUC_H12_CHUVA_JANELAS_NH64_S19;12;37;Teste;2026-07-30 01:00;202607300100;1473.0;1145.0;1156.5338616815902;11.533861681590224;11.533861681590224;1473.0
019_MUC_H12_CHUVA_JANELAS_NH64_S19;12;37;Teste;2026-07-30 02:00;202607300200;1453.0;1115.0;1126.6252094324932;11.625209432493193;11.625209432493193;1453.0
019_MUC_H12_CHUVA_JANELAS_NH64_S19;12;37;Teste;2026-07-30 03:00;202607300300;1431.0;1081.0;1099.6119285331415;18.61192853314151;18.61192853314151;1431.0
019_MUC_H12_CHUVA_JANELAS_NH64_S19;12;37;Teste;2026-07-30 04:00;202607300400;1406.0;1047.0;1070.859173909934;23.859173909934043;23.859173909934043;1406.0
019_MUC_H12_CHUVA_JANELAS_NH64_S19;12;37;Teste;2026-07-30 05:00;202607300500;1380.0;1016.0;1045.0110157583129;29.01101575831285;29.01101575831285;1380.0
019_MUC_H12_CHUVA_JANELAS_NH64_S19;12;37;Teste;2026-07-30 06:00;202607300600;1349.0;999.0;1018.6146822420415;19.614682242041454;19.614682242041454;1349.0
019_MUC_H12_CHUVA_JANELAS_NH64_S19;12;37;Teste;2026-07-30 07:00;202607300700;1321.0;990.0;994.0322643959784;4.032264395978359;4.032264395978359;1321.0
019_MUC_H12_CHUVA_JANELAS_NH64_S19;12;37;Teste;2026-07-30 08:00;202607300800;1291.0;981.0;969.2095695960589;-11.790430403941059;11.790430403941059;1291.0
019_MUC_H12_CHUVA_JANELAS_NH64_S19;12;37;Teste;2026-07-30 09:00;202607300900;1260.0;969.0;946.9678956155574;-22.03210438444262;22.03210438444262;1260.0
019_MUC_H12_CHUVA_JANELAS_NH64_S19;12;37;Teste;2026-07-30 10:00;202607301000;1229.0;951.0;920.4235723612214;-30.57642763877857;30.57642763877857;1229.0
019_MUC_H12_CHUVA_JANELAS_NH64_S19;12;37;Teste;2026-07-30 11:00;202607301100;1201.0;920.0;900.0536133315934;-19.946386668406603;19.946386668406603;1201.0
019_MUC_H12_CHUVA_JANELAS_NH64_S19;12;37;Teste;2026-07-30 12:00;202607301200;1174.0;889.0;876.8026720457186;-12.197327954281377;12.197327954281377;1174.0
