time_utc,cell_id,latitude,longitude,overlap_km2,precip_mm
2026-10-08T02:00:00Z,IFS_-029.50_-050.25,-29.5,-50.25,29.9015,0.0
2026-10-08T03:00:00Z,IFS_-029.50_-050.25,-29.5,-50.25,29.9015,0.0
2026-10-08T04:00:00Z,IFS_-029.50_-050.25,-29.5,-50.25,29.9015,0.0
2026-10-08T05:00:00Z,IFS_-029.50_-050.25,-29.5,-50.25,29.9015,0.0
2026-10-08T06:00:00Z,IFS_-029.50_-050.25,-29.5,-50.25,29.9015,0.0
2026-10-08T07:00:00Z,IFS_-029.50_-050.25,-29.5,-50.25,29.9015,0.0
2026-10-08T08:00:00Z,IFS_-029.50_-050.25,-29.5,-50.25,29.9015,0.0
2026-10-08T09:00:00Z,IFS_-029.50_-050.25,-29.5,-50.25,29.9015,0.0
2026-10-08T10:00:00Z,IFS_-029.50_-050.25,-29.5,-50.25,29.9015,0.0
2026-10-08T11:00:00Z,IFS_-029.50_-050.25,-29.5,-50.25,29.9015,0.0
2026-10-08T12:00:00Z,IFS_-029.50_-050.25,-29.5,-50.25,29.9015,0.0
2026-10-08T13:00:00Z,IFS_-029.50_-050.25,-29.5,-50.25,29.9015,0.0
2026-10-08T14:00:00Z,IFS_-029.50_-050.25,-29.5,-50.25,29.9015,0.0
2026-10-08T15:00:00Z,IFS_-029.50_-050.25,-29.5,-50.25,29.9015,0.0
2026-10-08T16:00:00Z,IFS_-029.50_-050.25,-29.5,-50.25,29.9015,0.1
2026-10-08T17:00:00Z,IFS_-029.50_-050.25,-29.5,-50.25,29.9015,0.1
2026-10-08T18:00:00Z,IFS_-029.50_-050.25,-29.5,-50.25,29.9015,0.1
2026-10-08T19:00:00Z,IFS_-029.50_-050.25,-29.5,-50.25,29.9015,0.0
2026-10-08T20:00:00Z,IFS_-029.50_-050.25,-29.5,-50.25,29.9015,0.0
2026-10-08T21:00:00Z,IFS_-029.50_-050.25,-29.5,-50.25,29.9015,0.0
2026-10-08T22:00:00Z,IFS_-029.50_-050.25,-29.5,-50.25,29.9015,0.0
2026-10-08T23:00:00Z,IFS_-029.50_-050.25,-29.5,-50.25,29.9015,0.0
2026-10-09T00:00:00Z,IFS_-029.50_-050.25,-29.5,-50.25,29.9015,0.0
2026-10-09T01:00:00Z,IFS_-029.50_-050.25,-29.5,-50.25,29.9015,0.3
2026-10-09T02:00:00Z,IFS_-029.50_-050.25,-29.5,-50.25,29.9015,0.3
2026-10-09T03:00:00Z,IFS_-029.50_-050.25,-29.5,-50.25,29.9015,0.3
2026-10-09T04:00:00Z,IFS_-029.50_-050.25,-29.5,-50.25,29.9015,2.0
2026-10-09T05:00:00Z,IFS_-029.50_-050.25,-29.5,-50.25,29.9015,2.0
2026-10-09T06:00:00Z,IFS_-029.50_-050.25,-29.5,-50.25,29.9015,2.0
2026-10-09T07:00:00Z,IFS_-029.50_-050.25,-29.5,-50.25,29.9015,0.4
2026-10-09T08:00:00Z,IFS_-029.50_-050.25,-29.5,-50.25,29.9015,0.4
2026-10-09T09:00:00Z,IFS_-029.50_-050.25,-29.5,-50.25,29.9015,0.4
2026-10-09T10:00:00Z,IFS_-029.50_-050.25,-29.5,-50.25,29.9015,0.4
2026-10-09T11:00:00Z,IFS_-029.50_-050.25,-29.5,-50.25,29.9015,0.4
2026-10-09T12:00:00Z,IFS_-029.50_-050.25,-29.5,-50.25,29.9015,0.4
2026-10-09T13:00:00Z,IFS_-029.50_-050.25,-29.5,-50.25,29.9015,0.1
2026-10-09T14:00:00Z,IFS_-029.50_-050.25,-29.5,-50.25,29.9015,0.1
2026-10-09T15:00:00Z,IFS_-029.50_-050.25,-29.5,-50.25,29.9015,0.1
2026-10-09T16:00:00Z,IFS_-029.50_-050.25,-29.5,-50.25,29.9015,1.2
2026-10-09T17:00:00Z,IFS_-029.50_-050.25,-29.5,-50.25,29.9015,1.2
2026-10-09T18:00:00Z,IFS_-029.50_-050.25,-29.5,-50.25,29.9015,1.2
2026-10-09T19:00:00Z,IFS_-029.50_-050.25,-29.5,-50.25,29.9015,0.6
2026-10-09T20:00:00Z,IFS_-029.50_-050.25,-29.5,-50.25,29.9015,0.6
2026-10-09T21:00:00Z,IFS_-029.50_-050.25,-29.5,-50.25,29.9015,0.6
2026-10-09T22:00:00Z,IFS_-029.50_-050.25,-29.5,-50.25,29.9015,0.6
2026-10-09T23:00:00Z,IFS_-029.50_-050.25,-29.5,-50.25,29.9015,0.6
2026-10-10T00:00:00Z,IFS_-029.50_-050.25,-29.5,-50.25,29.9015,0.6
2026-10-10T01:00:00Z,IFS_-029.50_-050.25,-29.5,-50.25,29.9015,0.7
2026-10-10T02:00:00Z,IFS_-029.50_-050.25,-29.5,-50.25,29.9015,0.7
2026-10-10T03:00:00Z,IFS_-029.50_-050.25,-29.5,-50.25,29.9015,0.7
2026-10-10T04:00:00Z,IFS_-029.50_-050.25,-29.5,-50.25,29.9015,0.4
2026-10-10T05:00:00Z,IFS_-029.50_-050.25,-29.5,-50.25,29.9015,0.4
2026-10-10T06:00:00Z,IFS_-029.50_-050.25,-29.5,-50.25,29.9015,0.4
2026-10-10T07:00:00Z,IFS_-029.50_-050.25,-29.5,-50.25,29.9015,0.2
2026-10-10T08:00:00Z,IFS_-029.50_-050.25,-29.5,-50.25,29.9015,0.2
2026-10-10T09:00:00Z,IFS_-029.50_-050.25,-29.5,-50.25,29.9015,0.2
2026-10-10T10:00:00Z,IFS_-029.50_-050.25,-29.5,-50.25,29.9015,0.0
2026-10-10T11:00:00Z,IFS_-029.50_-050.25,-29.5,-50.25,29.9015,0.0
2026-10-10T12:00:00Z,IFS_-029.50_-050.25,-29.5,-50.25,29.9015,0.0
2026-10-10T13:00:00Z,IFS_-029.50_-050.25,-29.5,-50.25,29.9015,0.0
2026-10-10T14:00:00Z,IFS_-029.50_-050.25,-29.5,-50.25,29.9015,0.0
2026-10-10T15:00:00Z,IFS_-029.50_-050.25,-29.5,-50.25,29.9015,0.0
2026-10-10T16:00:00Z,IFS_-029.50_-050.25,-29.5,-50.25,29.9015,0.4
2026-10-10T17:00:00Z,IFS_-029.50_-050.25,-29.5,-50.25,29.9015,0.4
2026-10-10T18:00:00Z,IFS_-029.50_-050.25,-29.5,-50.25,29.9015,0.4
2026-10-10T19:00:00Z,IFS_-029.50_-050.25,-29.5,-50.25,29.9015,0.0
2026-10-10T20:00:00Z,IFS_-029.50_-050.25,-29.5,-50.25,29.9015,0.0
2026-10-10T21:00:00Z,IFS_-029.50_-050.25,-29.5,-50.25,29.9015,0.0
2026-10-10T22:00:00Z,IFS_-029.50_-050.25,-29.5,-50.25,29.9015,0.0
2026-10-10T23:00:00Z,IFS_-029.50_-050.25,-29.5,-50.25,29.9015,0.0
2026-10-11T00:00:00Z,IFS_-029.50_-050.25,-29.5,-50.25,29.9015,0.0
2026-10-11T01:00:00Z,IFS_-029.50_-050.25,-29.5,-50.25,29.9015,0.0
2026-10-11T02:00:00Z,IFS_-029.50_-050.25,-29.5,-50.25,29.9015,0.0
2026-10-11T03:00:00Z,IFS_-029.50_-050.25,-29.5,-50.25,29.9015,0.0
2026-10-11T04:00:00Z,IFS_-029.50_-050.25,-29.5,-50.25,29.9015,0.0
2026-10-11T05:00:00Z,IFS_-029.50_-050.25,-29.5,-50.25,29.9015,0.0
2026-10-11T06:00:00Z,IFS_-029.50_-050.25,-29.5,-50.25,29.9015,0.0
2026-10-11T07:00:00Z,IFS_-029.50_-050.25,-29.5,-50.25,29.9015,0.0
2026-10-11T08:00:00Z,IFS_-029.50_-050.25,-29.5,-50.25,29.9015,0.0
2026-10-11T09:00:00Z,IFS_-029.50_-050.25,-29.5,-50.25,29.9015,0.0
2026-10-11T10:00:00Z,IFS_-029.50_-050.25,-29.5,-50.25,29.9015,0.0
2026-10-11T11:00:00Z,IFS_-029.50_-050.25,-29.5,-50.25,29.9015,0.0
2026-10-11T12:00:00Z,IFS_-029.50_-050.25,-29.5,-50.25,29.9015,0.0
2026-10-11T13:00:00Z,IFS_-029.50_-050.25,-29.5,-50.25,29.9015,0.0
2026-10-11T14:00:00Z,IFS_-029.50_-050.25,-29.5,-50.25,29.9015,0.0
2026-10-11T15:00:00Z,IFS_-029.50_-050.25,-29.5,-50.25,29.9015,0.0
2026-10-11T16:00:00Z,IFS_-029.50_-050.25,-29.5,-50.25,29.9015,1.1
2026-10-11T17:00:00Z,IFS_-029.50_-050.25,-29.5,-50.25,29.9015,1.1
2026-10-11T18:00:00Z,IFS_-029.50_-050.25,-29.5,-50.25,29.9015,1.1
2026-10-11T19:00:00Z,IFS_-029.50_-050.25,-29.5,-50.25,29.9015,0.0
2026-10-11T20:00:00Z,IFS_-029.50_-050.25,-29.5,-50.25,29.9015,0.0
2026-10-11T21:00:00Z,IFS_-029.50_-050.25,-29.5,-50.25,29.9015,0.0
2026-10-11T22:00:00Z,IFS_-029.50_-050.25,-29.5,-50.25,29.9015,0.0
2026-10-11T23:00:00Z,IFS_-029.50_-050.25,-29.5,-50.25,29.9015,0.0
2026-10-12T00:00:00Z,IFS_-029.50_-050.25,-29.5,-50.25,29.9015,0.0
2026-10-12T01:00:00Z,IFS_-029.50_-050.25,-29.5,-50.25,29.9015,0.1
2026-10-12T02:00:00Z,IFS_-029.50_-050.25,-29.5,-50.25,29.9015,0.1
2026-10-12T03:00:00Z,IFS_-029.50_-050.25,-29.5,-50.25,29.9015,0.1
2026-10-12T04:00:00Z,IFS_-029.50_-050.25,-29.5,-50.25,29.9015,0.1
2026-10-12T05:00:00Z,IFS_-029.50_-050.25,-29.5,-50.25,29.9015,0.1
2026-10-12T06:00:00Z,IFS_-029.50_-050.25,-29.5,-50.25,29.9015,0.1
2026-10-12T07:00:00Z,IFS_-029.50_-050.25,-29.5,-50.25,29.9015,0.0
2026-10-12T08:00:00Z,IFS_-029.50_-050.25,-29.5,-50.25,29.9015,0.0
2026-10-12T09:00:00Z,IFS_-029.50_-050.25,-29.5,-50.25,29.9015,0.0
2026-10-12T10:00:00Z,IFS_-029.50_-050.25,-29.5,-50.25,29.9015,0.0
2026-10-12T11:00:00Z,IFS_-029.50_-050.25,-29.5,-50.25,29.9015,0.0
2026-10-12T12:00:00Z,IFS_-029.50_-050.25,-29.5,-50.25,29.9015,0.0
2026-10-12T13:00:00Z,IFS_-029.50_-050.25,-29.5,-50.25,29.9015,1.2
2026-10-12T14:00:00Z,IFS_-029.50_-050.25,-29.5,-50.25,29.9015,1.2
2026-10-12T15:00:00Z,IFS_-029.50_-050.25,-29.5,-50.25,29.9015,1.2
2026-10-12T16:00:00Z,IFS_-029.50_-050.25,-29.5,-50.25,29.9015,0.6
2026-10-12T17:00:00Z,IFS_-029.50_-050.25,-29.5,-50.25,29.9015,0.6
2026-10-12T18:00:00Z,IFS_-029.50_-050.25,-29.5,-50.25,29.9015,0.6
2026-10-12T19:00:00Z,IFS_-029.50_-050.25,-29.5,-50.25,29.9015,6.1
2026-10-12T20:00:00Z,IFS_-029.50_-050.25,-29.5,-50.25,29.9015,6.1
2026-10-12T21:00:00Z,IFS_-029.50_-050.25,-29.5,-50.25,29.9015,6.1
2026-10-12T22:00:00Z,IFS_-029.50_-050.25,-29.5,-50.25,29.9015,0.5
2026-10-12T23:00:00Z,IFS_-029.50_-050.25,-29.5,-50.25,29.9015,0.5
2026-10-13T00:00:00Z,IFS_-029.50_-050.25,-29.5,-50.25,29.9015,0.5
2026-10-13T01:00:00Z,IFS_-029.50_-050.25,-29.5,-50.25,29.9015,1.4
2026-10-08T02:00:00Z,IFS_-029.25_-052.00,-29.25,-52.0,0.9956,0.0
2026-10-08T03:00:00Z,IFS_-029.25_-052.00,-29.25,-52.0,0.9956,0.0
2026-10-08T04:00:00Z,IFS_-029.25_-052.00,-29.25,-52.0,0.9956,0.1
2026-10-08T05:00:00Z,IFS_-029.25_-052.00,-29.25,-52.0,0.9956,0.1
2026-10-08T06:00:00Z,IFS_-029.25_-052.00,-29.25,-52.0,0.9956,0.1
2026-10-08T07:00:00Z,IFS_-029.25_-052.00,-29.25,-52.0,0.9956,0.0
2026-10-08T08:00:00Z,IFS_-029.25_-052.00,-29.25,-52.0,0.9956,0.0
2026-10-08T09:00:00Z,IFS_-029.25_-052.00,-29.25,-52.0,0.9956,0.0
2026-10-08T10:00:00Z,IFS_-029.25_-052.00,-29.25,-52.0,0.9956,0.4
2026-10-08T11:00:00Z,IFS_-029.25_-052.00,-29.25,-52.0,0.9956,0.4
2026-10-08T12:00:00Z,IFS_-029.25_-052.00,-29.25,-52.0,0.9956,0.4
2026-10-08T13:00:00Z,IFS_-029.25_-052.00,-29.25,-52.0,0.9956,1.8
2026-10-08T14:00:00Z,IFS_-029.25_-052.00,-29.25,-52.0,0.9956,1.8
2026-10-08T15:00:00Z,IFS_-029.25_-052.00,-29.25,-52.0,0.9956,1.8
2026-10-08T16:00:00Z,IFS_-029.25_-052.00,-29.25,-52.0,0.9956,0.1
2026-10-08T17:00:00Z,IFS_-029.25_-052.00,-29.25,-52.0,0.9956,0.1
2026-10-08T18:00:00Z,IFS_-029.25_-052.00,-29.25,-52.0,0.9956,0.1
2026-10-08T19:00:00Z,IFS_-029.25_-052.00,-29.25,-52.0,0.9956,0.1
2026-10-08T20:00:00Z,IFS_-029.25_-052.00,-29.25,-52.0,0.9956,0.1
2026-10-08T21:00:00Z,IFS_-029.25_-052.00,-29.25,-52.0,0.9956,0.1
2026-10-08T22:00:00Z,IFS_-029.25_-052.00,-29.25,-52.0,0.9956,0.0
2026-10-08T23:00:00Z,IFS_-029.25_-052.00,-29.25,-52.0,0.9956,0.0
2026-10-09T00:00:00Z,IFS_-029.25_-052.00,-29.25,-52.0,0.9956,0.0
2026-10-09T01:00:00Z,IFS_-029.25_-052.00,-29.25,-52.0,0.9956,0.6
2026-10-09T02:00:00Z,IFS_-029.25_-052.00,-29.25,-52.0,0.9956,0.6
2026-10-09T03:00:00Z,IFS_-029.25_-052.00,-29.25,-52.0,0.9956,0.6
2026-10-09T04:00:00Z,IFS_-029.25_-052.00,-29.25,-52.0,0.9956,1.1
2026-10-09T05:00:00Z,IFS_-029.25_-052.00,-29.25,-52.0,0.9956,1.1
2026-10-09T06:00:00Z,IFS_-029.25_-052.00,-29.25,-52.0,0.9956,1.1
2026-10-09T07:00:00Z,IFS_-029.25_-052.00,-29.25,-52.0,0.9956,0.2
2026-10-09T08:00:00Z,IFS_-029.25_-052.00,-29.25,-52.0,0.9956,0.2
2026-10-09T09:00:00Z,IFS_-029.25_-052.00,-29.25,-52.0,0.9956,0.2
2026-10-09T10:00:00Z,IFS_-029.25_-052.00,-29.25,-52.0,0.9956,0.2
2026-10-09T11:00:00Z,IFS_-029.25_-052.00,-29.25,-52.0,0.9956,0.2
2026-10-09T12:00:00Z,IFS_-029.25_-052.00,-29.25,-52.0,0.9956,0.2
2026-10-09T13:00:00Z,IFS_-029.25_-052.00,-29.25,-52.0,0.9956,2.0
2026-10-09T14:00:00Z,IFS_-029.25_-052.00,-29.25,-52.0,0.9956,2.0
2026-10-09T15:00:00Z,IFS_-029.25_-052.00,-29.25,-52.0,0.9956,2.0
2026-10-09T16:00:00Z,IFS_-029.25_-052.00,-29.25,-52.0,0.9956,2.4
2026-10-09T17:00:00Z,IFS_-029.25_-052.00,-29.25,-52.0,0.9956,2.4
2026-10-09T18:00:00Z,IFS_-029.25_-052.00,-29.25,-52.0,0.9956,2.4
2026-10-09T19:00:00Z,IFS_-029.25_-052.00,-29.25,-52.0,0.9956,1.2
2026-10-09T20:00:00Z,IFS_-029.25_-052.00,-29.25,-52.0,0.9956,1.2
2026-10-09T21:00:00Z,IFS_-029.25_-052.00,-29.25,-52.0,0.9956,1.2
2026-10-09T22:00:00Z,IFS_-029.25_-052.00,-29.25,-52.0,0.9956,3.1
2026-10-09T23:00:00Z,IFS_-029.25_-052.00,-29.25,-52.0,0.9956,3.1
2026-10-10T00:00:00Z,IFS_-029.25_-052.00,-29.25,-52.0,0.9956,3.1
2026-10-10T01:00:00Z,IFS_-029.25_-052.00,-29.25,-52.0,0.9956,2.7
2026-10-10T02:00:00Z,IFS_-029.25_-052.00,-29.25,-52.0,0.9956,2.7
2026-10-10T03:00:00Z,IFS_-029.25_-052.00,-29.25,-52.0,0.9956,2.7
2026-10-10T04:00:00Z,IFS_-029.25_-052.00,-29.25,-52.0,0.9956,0.4
2026-10-10T05:00:00Z,IFS_-029.25_-052.00,-29.25,-52.0,0.9956,0.4
2026-10-10T06:00:00Z,IFS_-029.25_-052.00,-29.25,-52.0,0.9956,0.4
2026-10-10T07:00:00Z,IFS_-029.25_-052.00,-29.25,-52.0,0.9956,0.2
2026-10-10T08:00:00Z,IFS_-029.25_-052.00,-29.25,-52.0,0.9956,0.2
2026-10-10T09:00:00Z,IFS_-029.25_-052.00,-29.25,-52.0,0.9956,0.2
2026-10-10T10:00:00Z,IFS_-029.25_-052.00,-29.25,-52.0,0.9956,0.0
2026-10-10T11:00:00Z,IFS_-029.25_-052.00,-29.25,-52.0,0.9956,0.0
2026-10-10T12:00:00Z,IFS_-029.25_-052.00,-29.25,-52.0,0.9956,0.0
2026-10-10T13:00:00Z,IFS_-029.25_-052.00,-29.25,-52.0,0.9956,0.1
2026-10-10T14:00:00Z,IFS_-029.25_-052.00,-29.25,-52.0,0.9956,0.1
2026-10-10T15:00:00Z,IFS_-029.25_-052.00,-29.25,-52.0,0.9956,0.1
2026-10-10T16:00:00Z,IFS_-029.25_-052.00,-29.25,-52.0,0.9956,0.0
2026-10-10T17:00:00Z,IFS_-029.25_-052.00,-29.25,-52.0,0.9956,0.0
2026-10-10T18:00:00Z,IFS_-029.25_-052.00,-29.25,-52.0,0.9956,0.0
2026-10-10T19:00:00Z,IFS_-029.25_-052.00,-29.25,-52.0,0.9956,0.1
2026-10-10T20:00:00Z,IFS_-029.25_-052.00,-29.25,-52.0,0.9956,0.1
2026-10-10T21:00:00Z,IFS_-029.25_-052.00,-29.25,-52.0,0.9956,0.1
2026-10-10T22:00:00Z,IFS_-029.25_-052.00,-29.25,-52.0,0.9956,0.0
2026-10-10T23:00:00Z,IFS_-029.25_-052.00,-29.25,-52.0,0.9956,0.0
2026-10-11T00:00:00Z,IFS_-029.25_-052.00,-29.25,-52.0,0.9956,0.0
2026-10-11T01:00:00Z,IFS_-029.25_-052.00,-29.25,-52.0,0.9956,0.0
2026-10-11T02:00:00Z,IFS_-029.25_-052.00,-29.25,-52.0,0.9956,0.0
2026-10-11T03:00:00Z,IFS_-029.25_-052.00,-29.25,-52.0,0.9956,0.0
2026-10-11T04:00:00Z,IFS_-029.25_-052.00,-29.25,-52.0,0.9956,0.0
2026-10-11T05:00:00Z,IFS_-029.25_-052.00,-29.25,-52.0,0.9956,0.0
2026-10-11T06:00:00Z,IFS_-029.25_-052.00,-29.25,-52.0,0.9956,0.0
2026-10-11T07:00:00Z,IFS_-029.25_-052.00,-29.25,-52.0,0.9956,0.0
2026-10-11T08:00:00Z,IFS_-029.25_-052.00,-29.25,-52.0,0.9956,0.0
2026-10-11T09:00:00Z,IFS_-029.25_-052.00,-29.25,-52.0,0.9956,0.0
2026-10-11T10:00:00Z,IFS_-029.25_-052.00,-29.25,-52.0,0.9956,0.0
2026-10-11T11:00:00Z,IFS_-029.25_-052.00,-29.25,-52.0,0.9956,0.0
2026-10-11T12:00:00Z,IFS_-029.25_-052.00,-29.25,-52.0,0.9956,0.0
2026-10-11T13:00:00Z,IFS_-029.25_-052.00,-29.25,-52.0,0.9956,0.5
2026-10-11T14:00:00Z,IFS_-029.25_-052.00,-29.25,-52.0,0.9956,0.5
2026-10-11T15:00:00Z,IFS_-029.25_-052.00,-29.25,-52.0,0.9956,0.5
2026-10-11T16:00:00Z,IFS_-029.25_-052.00,-29.25,-52.0,0.9956,0.0
2026-10-11T17:00:00Z,IFS_-029.25_-052.00,-29.25,-52.0,0.9956,0.0
2026-10-11T18:00:00Z,IFS_-029.25_-052.00,-29.25,-52.0,0.9956,0.0
2026-10-11T19:00:00Z,IFS_-029.25_-052.00,-29.25,-52.0,0.9956,0.0
2026-10-11T20:00:00Z,IFS_-029.25_-052.00,-29.25,-52.0,0.9956,0.0
2026-10-11T21:00:00Z,IFS_-029.25_-052.00,-29.25,-52.0,0.9956,0.0
2026-10-11T22:00:00Z,IFS_-029.25_-052.00,-29.25,-52.0,0.9956,0.0
2026-10-11T23:00:00Z,IFS_-029.25_-052.00,-29.25,-52.0,0.9956,0.0
2026-10-12T00:00:00Z,IFS_-029.25_-052.00,-29.25,-52.0,0.9956,0.0
2026-10-12T01:00:00Z,IFS_-029.25_-052.00,-29.25,-52.0,0.9956,0.0
2026-10-12T02:00:00Z,IFS_-029.25_-052.00,-29.25,-52.0,0.9956,0.0
2026-10-12T03:00:00Z,IFS_-029.25_-052.00,-29.25,-52.0,0.9956,0.0
2026-10-12T04:00:00Z,IFS_-029.25_-052.00,-29.25,-52.0,0.9956,0.0
2026-10-12T05:00:00Z,IFS_-029.25_-052.00,-29.25,-52.0,0.9956,0.0
2026-10-12T06:00:00Z,IFS_-029.25_-052.00,-29.25,-52.0,0.9956,0.0
2026-10-12T07:00:00Z,IFS_-029.25_-052.00,-29.25,-52.0,0.9956,0.0
2026-10-12T08:00:00Z,IFS_-029.25_-052.00,-29.25,-52.0,0.9956,0.0
2026-10-12T09:00:00Z,IFS_-029.25_-052.00,-29.25,-52.0,0.9956,0.0
2026-10-12T10:00:00Z,IFS_-029.25_-052.00,-29.25,-52.0,0.9956,0.0
2026-10-12T11:00:00Z,IFS_-029.25_-052.00,-29.25,-52.0,0.9956,0.0
2026-10-12T12:00:00Z,IFS_-029.25_-052.00,-29.25,-52.0,0.9956,0.0
2026-10-12T13:00:00Z,IFS_-029.25_-052.00,-29.25,-52.0,0.9956,0.0
2026-10-12T14:00:00Z,IFS_-029.25_-052.00,-29.25,-52.0,0.9956,0.0
2026-10-12T15:00:00Z,IFS_-029.25_-052.00,-29.25,-52.0,0.9956,0.0
2026-10-12T16:00:00Z,IFS_-029.25_-052.00,-29.25,-52.0,0.9956,0.0
2026-10-12T17:00:00Z,IFS_-029.25_-052.00,-29.25,-52.0,0.9956,0.0
2026-10-12T18:00:00Z,IFS_-029.25_-052.00,-29.25,-52.0,0.9956,0.0
2026-10-12T19:00:00Z,IFS_-029.25_-052.00,-29.25,-52.0,0.9956,0.0
2026-10-12T20:00:00Z,IFS_-029.25_-052.00,-29.25,-52.0,0.9956,0.0
2026-10-12T21:00:00Z,IFS_-029.25_-052.00,-29.25,-52.0,0.9956,0.0
2026-10-12T22:00:00Z,IFS_-029.25_-052.00,-29.25,-52.0,0.9956,0.0
2026-10-12T23:00:00Z,IFS_-029.25_-052.00,-29.25,-52.0,0.9956,0.0
2026-10-13T00:00:00Z,IFS_-029.25_-052.00,-29.25,-52.0,0.9956,0.0
2026-10-13T01:00:00Z,IFS_-029.25_-052.00,-29.25,-52.0,0.9956,0.0
2026-10-08T02:00:00Z,IFS_-029.25_-051.75,-29.25,-51.75,289.8052,0.0
2026-10-08T03:00:00Z,IFS_-029.25_-051.75,-29.25,-51.75,289.8052,0.0
2026-10-08T04:00:00Z,IFS_-029.25_-051.75,-29.25,-51.75,289.8052,0.0
2026-10-08T05:00:00Z,IFS_-029.25_-051.75,-29.25,-51.75,289.8052,0.0
2026-10-08T06:00:00Z,IFS_-029.25_-051.75,-29.25,-51.75,289.8052,0.0
2026-10-08T07:00:00Z,IFS_-029.25_-051.75,-29.25,-51.75,289.8052,0.0
2026-10-08T08:00:00Z,IFS_-029.25_-051.75,-29.25,-51.75,289.8052,0.0
2026-10-08T09:00:00Z,IFS_-029.25_-051.75,-29.25,-51.75,289.8052,0.0
2026-10-08T10:00:00Z,IFS_-029.25_-051.75,-29.25,-51.75,289.8052,0.2
2026-10-08T11:00:00Z,IFS_-029.25_-051.75,-29.25,-51.75,289.8052,0.2
2026-10-08T12:00:00Z,IFS_-029.25_-051.75,-29.25,-51.75,289.8052,0.2
2026-10-08T13:00:00Z,IFS_-029.25_-051.75,-29.25,-51.75,289.8052,1.4
2026-10-08T14:00:00Z,IFS_-029.25_-051.75,-29.25,-51.75,289.8052,1.4
2026-10-08T15:00:00Z,IFS_-029.25_-051.75,-29.25,-51.75,289.8052,1.4
2026-10-08T16:00:00Z,IFS_-029.25_-051.75,-29.25,-51.75,289.8052,0.2
2026-10-08T17:00:00Z,IFS_-029.25_-051.75,-29.25,-51.75,289.8052,0.2
2026-10-08T18:00:00Z,IFS_-029.25_-051.75,-29.25,-51.75,289.8052,0.2
2026-10-08T19:00:00Z,IFS_-029.25_-051.75,-29.25,-51.75,289.8052,0.0
2026-10-08T20:00:00Z,IFS_-029.25_-051.75,-29.25,-51.75,289.8052,0.0
2026-10-08T21:00:00Z,IFS_-029.25_-051.75,-29.25,-51.75,289.8052,0.0
2026-10-08T22:00:00Z,IFS_-029.25_-051.75,-29.25,-51.75,289.8052,0.1
2026-10-08T23:00:00Z,IFS_-029.25_-051.75,-29.25,-51.75,289.8052,0.1
2026-10-09T00:00:00Z,IFS_-029.25_-051.75,-29.25,-51.75,289.8052,0.1
2026-10-09T01:00:00Z,IFS_-029.25_-051.75,-29.25,-51.75,289.8052,0.4
2026-10-09T02:00:00Z,IFS_-029.25_-051.75,-29.25,-51.75,289.8052,0.4
2026-10-09T03:00:00Z,IFS_-029.25_-051.75,-29.25,-51.75,289.8052,0.4
2026-10-09T04:00:00Z,IFS_-029.25_-051.75,-29.25,-51.75,289.8052,2.0
2026-10-09T05:00:00Z,IFS_-029.25_-051.75,-29.25,-51.75,289.8052,2.0
2026-10-09T06:00:00Z,IFS_-029.25_-051.75,-29.25,-51.75,289.8052,2.0
2026-10-09T07:00:00Z,IFS_-029.25_-051.75,-29.25,-51.75,289.8052,0.1
2026-10-09T08:00:00Z,IFS_-029.25_-051.75,-29.25,-51.75,289.8052,0.1
2026-10-09T09:00:00Z,IFS_-029.25_-051.75,-29.25,-51.75,289.8052,0.1
2026-10-09T10:00:00Z,IFS_-029.25_-051.75,-29.25,-51.75,289.8052,0.2
2026-10-09T11:00:00Z,IFS_-029.25_-051.75,-29.25,-51.75,289.8052,0.2
2026-10-09T12:00:00Z,IFS_-029.25_-051.75,-29.25,-51.75,289.8052,0.2
2026-10-09T13:00:00Z,IFS_-029.25_-051.75,-29.25,-51.75,289.8052,1.9
2026-10-09T14:00:00Z,IFS_-029.25_-051.75,-29.25,-51.75,289.8052,1.9
2026-10-09T15:00:00Z,IFS_-029.25_-051.75,-29.25,-51.75,289.8052,1.9
2026-10-09T16:00:00Z,IFS_-029.25_-051.75,-29.25,-51.75,289.8052,1.9
2026-10-09T17:00:00Z,IFS_-029.25_-051.75,-29.25,-51.75,289.8052,1.9
2026-10-09T18:00:00Z,IFS_-029.25_-051.75,-29.25,-51.75,289.8052,1.9
2026-10-09T19:00:00Z,IFS_-029.25_-051.75,-29.25,-51.75,289.8052,1.1
2026-10-09T20:00:00Z,IFS_-029.25_-051.75,-29.25,-51.75,289.8052,1.1
2026-10-09T21:00:00Z,IFS_-029.25_-051.75,-29.25,-51.75,289.8052,1.1
2026-10-09T22:00:00Z,IFS_-029.25_-051.75,-29.25,-51.75,289.8052,1.9
2026-10-09T23:00:00Z,IFS_-029.25_-051.75,-29.25,-51.75,289.8052,1.9
2026-10-10T00:00:00Z,IFS_-029.25_-051.75,-29.25,-51.75,289.8052,1.9
2026-10-10T01:00:00Z,IFS_-029.25_-051.75,-29.25,-51.75,289.8052,2.5
2026-10-10T02:00:00Z,IFS_-029.25_-051.75,-29.25,-51.75,289.8052,2.5
2026-10-10T03:00:00Z,IFS_-029.25_-051.75,-29.25,-51.75,289.8052,2.5
2026-10-10T04:00:00Z,IFS_-029.25_-051.75,-29.25,-51.75,289.8052,0.7
2026-10-10T05:00:00Z,IFS_-029.25_-051.75,-29.25,-51.75,289.8052,0.7
2026-10-10T06:00:00Z,IFS_-029.25_-051.75,-29.25,-51.75,289.8052,0.7
2026-10-10T07:00:00Z,IFS_-029.25_-051.75,-29.25,-51.75,289.8052,1.1
2026-10-10T08:00:00Z,IFS_-029.25_-051.75,-29.25,-51.75,289.8052,1.1
2026-10-10T09:00:00Z,IFS_-029.25_-051.75,-29.25,-51.75,289.8052,1.1
2026-10-10T10:00:00Z,IFS_-029.25_-051.75,-29.25,-51.75,289.8052,0.1
2026-10-10T11:00:00Z,IFS_-029.25_-051.75,-29.25,-51.75,289.8052,0.1
2026-10-10T12:00:00Z,IFS_-029.25_-051.75,-29.25,-51.75,289.8052,0.1
2026-10-10T13:00:00Z,IFS_-029.25_-051.75,-29.25,-51.75,289.8052,0.5
2026-10-10T14:00:00Z,IFS_-029.25_-051.75,-29.25,-51.75,289.8052,0.5
2026-10-10T15:00:00Z,IFS_-029.25_-051.75,-29.25,-51.75,289.8052,0.5
2026-10-10T16:00:00Z,IFS_-029.25_-051.75,-29.25,-51.75,289.8052,0.1
2026-10-10T17:00:00Z,IFS_-029.25_-051.75,-29.25,-51.75,289.8052,0.1
2026-10-10T18:00:00Z,IFS_-029.25_-051.75,-29.25,-51.75,289.8052,0.1
2026-10-10T19:00:00Z,IFS_-029.25_-051.75,-29.25,-51.75,289.8052,0.0
2026-10-10T20:00:00Z,IFS_-029.25_-051.75,-29.25,-51.75,289.8052,0.0
2026-10-10T21:00:00Z,IFS_-029.25_-051.75,-29.25,-51.75,289.8052,0.0
2026-10-10T22:00:00Z,IFS_-029.25_-051.75,-29.25,-51.75,289.8052,0.0
2026-10-10T23:00:00Z,IFS_-029.25_-051.75,-29.25,-51.75,289.8052,0.0
2026-10-11T00:00:00Z,IFS_-029.25_-051.75,-29.25,-51.75,289.8052,0.0
2026-10-11T01:00:00Z,IFS_-029.25_-051.75,-29.25,-51.75,289.8052,0.0
2026-10-11T02:00:00Z,IFS_-029.25_-051.75,-29.25,-51.75,289.8052,0.0
2026-10-11T03:00:00Z,IFS_-029.25_-051.75,-29.25,-51.75,289.8052,0.0
2026-10-11T04:00:00Z,IFS_-029.25_-051.75,-29.25,-51.75,289.8052,0.0
2026-10-11T05:00:00Z,IFS_-029.25_-051.75,-29.25,-51.75,289.8052,0.0
2026-10-11T06:00:00Z,IFS_-029.25_-051.75,-29.25,-51.75,289.8052,0.0
2026-10-11T07:00:00Z,IFS_-029.25_-051.75,-29.25,-51.75,289.8052,0.0
2026-10-11T08:00:00Z,IFS_-029.25_-051.75,-29.25,-51.75,289.8052,0.0
2026-10-11T09:00:00Z,IFS_-029.25_-051.75,-29.25,-51.75,289.8052,0.0
2026-10-11T10:00:00Z,IFS_-029.25_-051.75,-29.25,-51.75,289.8052,0.0
2026-10-11T11:00:00Z,IFS_-029.25_-051.75,-29.25,-51.75,289.8052,0.0
2026-10-11T12:00:00Z,IFS_-029.25_-051.75,-29.25,-51.75,289.8052,0.0
2026-10-11T13:00:00Z,IFS_-029.25_-051.75,-29.25,-51.75,289.8052,0.2
2026-10-11T14:00:00Z,IFS_-029.25_-051.75,-29.25,-51.75,289.8052,0.2
2026-10-11T15:00:00Z,IFS_-029.25_-051.75,-29.25,-51.75,289.8052,0.2
2026-10-11T16:00:00Z,IFS_-029.25_-051.75,-29.25,-51.75,289.8052,0.0
2026-10-11T17:00:00Z,IFS_-029.25_-051.75,-29.25,-51.75,289.8052,0.0
2026-10-11T18:00:00Z,IFS_-029.25_-051.75,-29.25,-51.75,289.8052,0.0
2026-10-11T19:00:00Z,IFS_-029.25_-051.75,-29.25,-51.75,289.8052,0.0
2026-10-11T20:00:00Z,IFS_-029.25_-051.75,-29.25,-51.75,289.8052,0.0
2026-10-11T21:00:00Z,IFS_-029.25_-051.75,-29.25,-51.75,289.8052,0.0
2026-10-11T22:00:00Z,IFS_-029.25_-051.75,-29.25,-51.75,289.8052,0.0
2026-10-11T23:00:00Z,IFS_-029.25_-051.75,-29.25,-51.75,289.8052,0.0
2026-10-12T00:00:00Z,IFS_-029.25_-051.75,-29.25,-51.75,289.8052,0.0
2026-10-12T01:00:00Z,IFS_-029.25_-051.75,-29.25,-51.75,289.8052,0.0
2026-10-12T02:00:00Z,IFS_-029.25_-051.75,-29.25,-51.75,289.8052,0.0
2026-10-12T03:00:00Z,IFS_-029.25_-051.75,-29.25,-51.75,289.8052,0.0
2026-10-12T04:00:00Z,IFS_-029.25_-051.75,-29.25,-51.75,289.8052,0.0
2026-10-12T05:00:00Z,IFS_-029.25_-051.75,-29.25,-51.75,289.8052,0.0
2026-10-12T06:00:00Z,IFS_-029.25_-051.75,-29.25,-51.75,289.8052,0.0
2026-10-12T07:00:00Z,IFS_-029.25_-051.75,-29.25,-51.75,289.8052,0.0
2026-10-12T08:00:00Z,IFS_-029.25_-051.75,-29.25,-51.75,289.8052,0.0
2026-10-12T09:00:00Z,IFS_-029.25_-051.75,-29.25,-51.75,289.8052,0.0
2026-10-12T10:00:00Z,IFS_-029.25_-051.75,-29.25,-51.75,289.8052,0.0
2026-10-12T11:00:00Z,IFS_-029.25_-051.75,-29.25,-51.75,289.8052,0.0
2026-10-12T12:00:00Z,IFS_-029.25_-051.75,-29.25,-51.75,289.8052,0.0
2026-10-12T13:00:00Z,IFS_-029.25_-051.75,-29.25,-51.75,289.8052,0.7
2026-10-12T14:00:00Z,IFS_-029.25_-051.75,-29.25,-51.75,289.8052,0.7
2026-10-12T15:00:00Z,IFS_-029.25_-051.75,-29.25,-51.75,289.8052,0.7
2026-10-12T16:00:00Z,IFS_-029.25_-051.75,-29.25,-51.75,289.8052,0.1
2026-10-12T17:00:00Z,IFS_-029.25_-051.75,-29.25,-51.75,289.8052,0.1
2026-10-12T18:00:00Z,IFS_-029.25_-051.75,-29.25,-51.75,289.8052,0.1
2026-10-12T19:00:00Z,IFS_-029.25_-051.75,-29.25,-51.75,289.8052,0.0
2026-10-12T20:00:00Z,IFS_-029.25_-051.75,-29.25,-51.75,289.8052,0.0
2026-10-12T21:00:00Z,IFS_-029.25_-051.75,-29.25,-51.75,289.8052,0.0
2026-10-12T22:00:00Z,IFS_-029.25_-051.75,-29.25,-51.75,289.8052,0.0
2026-10-12T23:00:00Z,IFS_-029.25_-051.75,-29.25,-51.75,289.8052,0.0
2026-10-13T00:00:00Z,IFS_-029.25_-051.75,-29.25,-51.75,289.8052,0.0
2026-10-13T01:00:00Z,IFS_-029.25_-051.75,-29.25,-51.75,289.8052,0.0
2026-10-08T02:00:00Z,IFS_-029.25_-051.50,-29.25,-51.5,385.086,0.0
2026-10-08T03:00:00Z,IFS_-029.25_-051.50,-29.25,-51.5,385.086,0.0
2026-10-08T04:00:00Z,IFS_-029.25_-051.50,-29.25,-51.5,385.086,0.0
2026-10-08T05:00:00Z,IFS_-029.25_-051.50,-29.25,-51.5,385.086,0.0
2026-10-08T06:00:00Z,IFS_-029.25_-051.50,-29.25,-51.5,385.086,0.0
2026-10-08T07:00:00Z,IFS_-029.25_-051.50,-29.25,-51.5,385.086,0.0
2026-10-08T08:00:00Z,IFS_-029.25_-051.50,-29.25,-51.5,385.086,0.0
2026-10-08T09:00:00Z,IFS_-029.25_-051.50,-29.25,-51.5,385.086,0.0
2026-10-08T10:00:00Z,IFS_-029.25_-051.50,-29.25,-51.5,385.086,0.1
2026-10-08T11:00:00Z,IFS_-029.25_-051.50,-29.25,-51.5,385.086,0.1
2026-10-08T12:00:00Z,IFS_-029.25_-051.50,-29.25,-51.5,385.086,0.1
2026-10-08T13:00:00Z,IFS_-029.25_-051.50,-29.25,-51.5,385.086,1.0
2026-10-08T14:00:00Z,IFS_-029.25_-051.50,-29.25,-51.5,385.086,1.0
2026-10-08T15:00:00Z,IFS_-029.25_-051.50,-29.25,-51.5,385.086,1.0
2026-10-08T16:00:00Z,IFS_-029.25_-051.50,-29.25,-51.5,385.086,0.3
2026-10-08T17:00:00Z,IFS_-029.25_-051.50,-29.25,-51.5,385.086,0.3
2026-10-08T18:00:00Z,IFS_-029.25_-051.50,-29.25,-51.5,385.086,0.3
2026-10-08T19:00:00Z,IFS_-029.25_-051.50,-29.25,-51.5,385.086,0.0
2026-10-08T20:00:00Z,IFS_-029.25_-051.50,-29.25,-51.5,385.086,0.0
2026-10-08T21:00:00Z,IFS_-029.25_-051.50,-29.25,-51.5,385.086,0.0
2026-10-08T22:00:00Z,IFS_-029.25_-051.50,-29.25,-51.5,385.086,0.1
2026-10-08T23:00:00Z,IFS_-029.25_-051.50,-29.25,-51.5,385.086,0.1
2026-10-09T00:00:00Z,IFS_-029.25_-051.50,-29.25,-51.5,385.086,0.1
2026-10-09T01:00:00Z,IFS_-029.25_-051.50,-29.25,-51.5,385.086,0.3
2026-10-09T02:00:00Z,IFS_-029.25_-051.50,-29.25,-51.5,385.086,0.3
2026-10-09T03:00:00Z,IFS_-029.25_-051.50,-29.25,-51.5,385.086,0.3
2026-10-09T04:00:00Z,IFS_-029.25_-051.50,-29.25,-51.5,385.086,2.3
2026-10-09T05:00:00Z,IFS_-029.25_-051.50,-29.25,-51.5,385.086,2.3
2026-10-09T06:00:00Z,IFS_-029.25_-051.50,-29.25,-51.5,385.086,2.3
2026-10-09T07:00:00Z,IFS_-029.25_-051.50,-29.25,-51.5,385.086,0.0
2026-10-09T08:00:00Z,IFS_-029.25_-051.50,-29.25,-51.5,385.086,0.0
2026-10-09T09:00:00Z,IFS_-029.25_-051.50,-29.25,-51.5,385.086,0.0
2026-10-09T10:00:00Z,IFS_-029.25_-051.50,-29.25,-51.5,385.086,0.4
2026-10-09T11:00:00Z,IFS_-029.25_-051.50,-29.25,-51.5,385.086,0.4
2026-10-09T12:00:00Z,IFS_-029.25_-051.50,-29.25,-51.5,385.086,0.4
2026-10-09T13:00:00Z,IFS_-029.25_-051.50,-29.25,-51.5,385.086,1.9
2026-10-09T14:00:00Z,IFS_-029.25_-051.50,-29.25,-51.5,385.086,1.9
2026-10-09T15:00:00Z,IFS_-029.25_-051.50,-29.25,-51.5,385.086,1.9
2026-10-09T16:00:00Z,IFS_-029.25_-051.50,-29.25,-51.5,385.086,1.3
2026-10-09T17:00:00Z,IFS_-029.25_-051.50,-29.25,-51.5,385.086,1.3
2026-10-09T18:00:00Z,IFS_-029.25_-051.50,-29.25,-51.5,385.086,1.3
2026-10-09T19:00:00Z,IFS_-029.25_-051.50,-29.25,-51.5,385.086,1.3
2026-10-09T20:00:00Z,IFS_-029.25_-051.50,-29.25,-51.5,385.086,1.3
2026-10-09T21:00:00Z,IFS_-029.25_-051.50,-29.25,-51.5,385.086,1.3
2026-10-09T22:00:00Z,IFS_-029.25_-051.50,-29.25,-51.5,385.086,1.4
2026-10-09T23:00:00Z,IFS_-029.25_-051.50,-29.25,-51.5,385.086,1.4
2026-10-10T00:00:00Z,IFS_-029.25_-051.50,-29.25,-51.5,385.086,1.4
2026-10-10T01:00:00Z,IFS_-029.25_-051.50,-29.25,-51.5,385.086,1.9
2026-10-10T02:00:00Z,IFS_-029.25_-051.50,-29.25,-51.5,385.086,1.9
2026-10-10T03:00:00Z,IFS_-029.25_-051.50,-29.25,-51.5,385.086,1.9
2026-10-10T04:00:00Z,IFS_-029.25_-051.50,-29.25,-51.5,385.086,1.5
2026-10-10T05:00:00Z,IFS_-029.25_-051.50,-29.25,-51.5,385.086,1.5
2026-10-10T06:00:00Z,IFS_-029.25_-051.50,-29.25,-51.5,385.086,1.5
2026-10-10T07:00:00Z,IFS_-029.25_-051.50,-29.25,-51.5,385.086,1.1
2026-10-10T08:00:00Z,IFS_-029.25_-051.50,-29.25,-51.5,385.086,1.1
2026-10-10T09:00:00Z,IFS_-029.25_-051.50,-29.25,-51.5,385.086,1.1
2026-10-10T10:00:00Z,IFS_-029.25_-051.50,-29.25,-51.5,385.086,0.1
2026-10-10T11:00:00Z,IFS_-029.25_-051.50,-29.25,-51.5,385.086,0.1
2026-10-10T12:00:00Z,IFS_-029.25_-051.50,-29.25,-51.5,385.086,0.1
2026-10-10T13:00:00Z,IFS_-029.25_-051.50,-29.25,-51.5,385.086,0.5
2026-10-10T14:00:00Z,IFS_-029.25_-051.50,-29.25,-51.5,385.086,0.5
2026-10-10T15:00:00Z,IFS_-029.25_-051.50,-29.25,-51.5,385.086,0.5
2026-10-10T16:00:00Z,IFS_-029.25_-051.50,-29.25,-51.5,385.086,0.2
2026-10-10T17:00:00Z,IFS_-029.25_-051.50,-29.25,-51.5,385.086,0.2
2026-10-10T18:00:00Z,IFS_-029.25_-051.50,-29.25,-51.5,385.086,0.2
2026-10-10T19:00:00Z,IFS_-029.25_-051.50,-29.25,-51.5,385.086,0.0
2026-10-10T20:00:00Z,IFS_-029.25_-051.50,-29.25,-51.5,385.086,0.0
2026-10-10T21:00:00Z,IFS_-029.25_-051.50,-29.25,-51.5,385.086,0.0
2026-10-10T22:00:00Z,IFS_-029.25_-051.50,-29.25,-51.5,385.086,0.0
2026-10-10T23:00:00Z,IFS_-029.25_-051.50,-29.25,-51.5,385.086,0.0
2026-10-11T00:00:00Z,IFS_-029.25_-051.50,-29.25,-51.5,385.086,0.0
2026-10-11T01:00:00Z,IFS_-029.25_-051.50,-29.25,-51.5,385.086,0.0
2026-10-11T02:00:00Z,IFS_-029.25_-051.50,-29.25,-51.5,385.086,0.0
2026-10-11T03:00:00Z,IFS_-029.25_-051.50,-29.25,-51.5,385.086,0.0
2026-10-11T04:00:00Z,IFS_-029.25_-051.50,-29.25,-51.5,385.086,0.0
2026-10-11T05:00:00Z,IFS_-029.25_-051.50,-29.25,-51.5,385.086,0.0
2026-10-11T06:00:00Z,IFS_-029.25_-051.50,-29.25,-51.5,385.086,0.0
2026-10-11T07:00:00Z,IFS_-029.25_-051.50,-29.25,-51.5,385.086,0.0
2026-10-11T08:00:00Z,IFS_-029.25_-051.50,-29.25,-51.5,385.086,0.0
2026-10-11T09:00:00Z,IFS_-029.25_-051.50,-29.25,-51.5,385.086,0.0
2026-10-11T10:00:00Z,IFS_-029.25_-051.50,-29.25,-51.5,385.086,0.0
2026-10-11T11:00:00Z,IFS_-029.25_-051.50,-29.25,-51.5,385.086,0.0
2026-10-11T12:00:00Z,IFS_-029.25_-051.50,-29.25,-51.5,385.086,0.0
2026-10-11T13:00:00Z,IFS_-029.25_-051.50,-29.25,-51.5,385.086,0.2
2026-10-11T14:00:00Z,IFS_-029.25_-051.50,-29.25,-51.5,385.086,0.2
2026-10-11T15:00:00Z,IFS_-029.25_-051.50,-29.25,-51.5,385.086,0.2
2026-10-11T16:00:00Z,IFS_-029.25_-051.50,-29.25,-51.5,385.086,0.1
2026-10-11T17:00:00Z,IFS_-029.25_-051.50,-29.25,-51.5,385.086,0.1
2026-10-11T18:00:00Z,IFS_-029.25_-051.50,-29.25,-51.5,385.086,0.1
2026-10-11T19:00:00Z,IFS_-029.25_-051.50,-29.25,-51.5,385.086,0.0
2026-10-11T20:00:00Z,IFS_-029.25_-051.50,-29.25,-51.5,385.086,0.0
2026-10-11T21:00:00Z,IFS_-029.25_-051.50,-29.25,-51.5,385.086,0.0
2026-10-11T22:00:00Z,IFS_-029.25_-051.50,-29.25,-51.5,385.086,0.0
2026-10-11T23:00:00Z,IFS_-029.25_-051.50,-29.25,-51.5,385.086,0.0
2026-10-12T00:00:00Z,IFS_-029.25_-051.50,-29.25,-51.5,385.086,0.0
2026-10-12T01:00:00Z,IFS_-029.25_-051.50,-29.25,-51.5,385.086,0.0
2026-10-12T02:00:00Z,IFS_-029.25_-051.50,-29.25,-51.5,385.086,0.0
2026-10-12T03:00:00Z,IFS_-029.25_-051.50,-29.25,-51.5,385.086,0.0
2026-10-12T04:00:00Z,IFS_-029.25_-051.50,-29.25,-51.5,385.086,0.0
2026-10-12T05:00:00Z,IFS_-029.25_-051.50,-29.25,-51.5,385.086,0.0
2026-10-12T06:00:00Z,IFS_-029.25_-051.50,-29.25,-51.5,385.086,0.0
2026-10-12T07:00:00Z,IFS_-029.25_-051.50,-29.25,-51.5,385.086,0.0
2026-10-12T08:00:00Z,IFS_-029.25_-051.50,-29.25,-51.5,385.086,0.0
2026-10-12T09:00:00Z,IFS_-029.25_-051.50,-29.25,-51.5,385.086,0.0
2026-10-12T10:00:00Z,IFS_-029.25_-051.50,-29.25,-51.5,385.086,0.0
2026-10-12T11:00:00Z,IFS_-029.25_-051.50,-29.25,-51.5,385.086,0.0
2026-10-12T12:00:00Z,IFS_-029.25_-051.50,-29.25,-51.5,385.086,0.0
2026-10-12T13:00:00Z,IFS_-029.25_-051.50,-29.25,-51.5,385.086,0.6
2026-10-12T14:00:00Z,IFS_-029.25_-051.50,-29.25,-51.5,385.086,0.6
2026-10-12T15:00:00Z,IFS_-029.25_-051.50,-29.25,-51.5,385.086,0.6
2026-10-12T16:00:00Z,IFS_-029.25_-051.50,-29.25,-51.5,385.086,0.2
2026-10-12T17:00:00Z,IFS_-029.25_-051.50,-29.25,-51.5,385.086,0.2
2026-10-12T18:00:00Z,IFS_-029.25_-051.50,-29.25,-51.5,385.086,0.2
2026-10-12T19:00:00Z,IFS_-029.25_-051.50,-29.25,-51.5,385.086,0.2
2026-10-12T20:00:00Z,IFS_-029.25_-051.50,-29.25,-51.5,385.086,0.2
2026-10-12T21:00:00Z,IFS_-029.25_-051.50,-29.25,-51.5,385.086,0.2
2026-10-12T22:00:00Z,IFS_-029.25_-051.50,-29.25,-51.5,385.086,0.0
2026-10-12T23:00:00Z,IFS_-029.25_-051.50,-29.25,-51.5,385.086,0.0
2026-10-13T00:00:00Z,IFS_-029.25_-051.50,-29.25,-51.5,385.086,0.0
2026-10-13T01:00:00Z,IFS_-029.25_-051.50,-29.25,-51.5,385.086,0.0
2026-10-08T02:00:00Z,IFS_-029.25_-051.25,-29.25,-51.25,189.2639,0.0
2026-10-08T03:00:00Z,IFS_-029.25_-051.25,-29.25,-51.25,189.2639,0.0
2026-10-08T04:00:00Z,IFS_-029.25_-051.25,-29.25,-51.25,189.2639,0.0
2026-10-08T05:00:00Z,IFS_-029.25_-051.25,-29.25,-51.25,189.2639,0.0
2026-10-08T06:00:00Z,IFS_-029.25_-051.25,-29.25,-51.25,189.2639,0.0
2026-10-08T07:00:00Z,IFS_-029.25_-051.25,-29.25,-51.25,189.2639,0.0
2026-10-08T08:00:00Z,IFS_-029.25_-051.25,-29.25,-51.25,189.2639,0.0
2026-10-08T09:00:00Z,IFS_-029.25_-051.25,-29.25,-51.25,189.2639,0.0
2026-10-08T10:00:00Z,IFS_-029.25_-051.25,-29.25,-51.25,189.2639,0.1
2026-10-08T11:00:00Z,IFS_-029.25_-051.25,-29.25,-51.25,189.2639,0.1
2026-10-08T12:00:00Z,IFS_-029.25_-051.25,-29.25,-51.25,189.2639,0.1
2026-10-08T13:00:00Z,IFS_-029.25_-051.25,-29.25,-51.25,189.2639,0.5
2026-10-08T14:00:00Z,IFS_-029.25_-051.25,-29.25,-51.25,189.2639,0.5
2026-10-08T15:00:00Z,IFS_-029.25_-051.25,-29.25,-51.25,189.2639,0.5
2026-10-08T16:00:00Z,IFS_-029.25_-051.25,-29.25,-51.25,189.2639,0.3
2026-10-08T17:00:00Z,IFS_-029.25_-051.25,-29.25,-51.25,189.2639,0.3
2026-10-08T18:00:00Z,IFS_-029.25_-051.25,-29.25,-51.25,189.2639,0.3
2026-10-08T19:00:00Z,IFS_-029.25_-051.25,-29.25,-51.25,189.2639,0.0
2026-10-08T20:00:00Z,IFS_-029.25_-051.25,-29.25,-51.25,189.2639,0.0
2026-10-08T21:00:00Z,IFS_-029.25_-051.25,-29.25,-51.25,189.2639,0.0
2026-10-08T22:00:00Z,IFS_-029.25_-051.25,-29.25,-51.25,189.2639,0.0
2026-10-08T23:00:00Z,IFS_-029.25_-051.25,-29.25,-51.25,189.2639,0.0
2026-10-09T00:00:00Z,IFS_-029.25_-051.25,-29.25,-51.25,189.2639,0.0
2026-10-09T01:00:00Z,IFS_-029.25_-051.25,-29.25,-51.25,189.2639,0.4
2026-10-09T02:00:00Z,IFS_-029.25_-051.25,-29.25,-51.25,189.2639,0.4
2026-10-09T03:00:00Z,IFS_-029.25_-051.25,-29.25,-51.25,189.2639,0.4
2026-10-09T04:00:00Z,IFS_-029.25_-051.25,-29.25,-51.25,189.2639,3.0
2026-10-09T05:00:00Z,IFS_-029.25_-051.25,-29.25,-51.25,189.2639,3.0
2026-10-09T06:00:00Z,IFS_-029.25_-051.25,-29.25,-51.25,189.2639,3.0
2026-10-09T07:00:00Z,IFS_-029.25_-051.25,-29.25,-51.25,189.2639,0.0
2026-10-09T08:00:00Z,IFS_-029.25_-051.25,-29.25,-51.25,189.2639,0.0
2026-10-09T09:00:00Z,IFS_-029.25_-051.25,-29.25,-51.25,189.2639,0.0
2026-10-09T10:00:00Z,IFS_-029.25_-051.25,-29.25,-51.25,189.2639,0.3
2026-10-09T11:00:00Z,IFS_-029.25_-051.25,-29.25,-51.25,189.2639,0.3
2026-10-09T12:00:00Z,IFS_-029.25_-051.25,-29.25,-51.25,189.2639,0.3
2026-10-09T13:00:00Z,IFS_-029.25_-051.25,-29.25,-51.25,189.2639,1.2
2026-10-09T14:00:00Z,IFS_-029.25_-051.25,-29.25,-51.25,189.2639,1.2
2026-10-09T15:00:00Z,IFS_-029.25_-051.25,-29.25,-51.25,189.2639,1.2
2026-10-09T16:00:00Z,IFS_-029.25_-051.25,-29.25,-51.25,189.2639,1.5
2026-10-09T17:00:00Z,IFS_-029.25_-051.25,-29.25,-51.25,189.2639,1.5
2026-10-09T18:00:00Z,IFS_-029.25_-051.25,-29.25,-51.25,189.2639,1.5
2026-10-09T19:00:00Z,IFS_-029.25_-051.25,-29.25,-51.25,189.2639,1.1
2026-10-09T20:00:00Z,IFS_-029.25_-051.25,-29.25,-51.25,189.2639,1.1
2026-10-09T21:00:00Z,IFS_-029.25_-051.25,-29.25,-51.25,189.2639,1.1
2026-10-09T22:00:00Z,IFS_-029.25_-051.25,-29.25,-51.25,189.2639,1.3
2026-10-09T23:00:00Z,IFS_-029.25_-051.25,-29.25,-51.25,189.2639,1.3
2026-10-10T00:00:00Z,IFS_-029.25_-051.25,-29.25,-51.25,189.2639,1.3
2026-10-10T01:00:00Z,IFS_-029.25_-051.25,-29.25,-51.25,189.2639,1.0
2026-10-10T02:00:00Z,IFS_-029.25_-051.25,-29.25,-51.25,189.2639,1.0
2026-10-10T03:00:00Z,IFS_-029.25_-051.25,-29.25,-51.25,189.2639,1.0
2026-10-10T04:00:00Z,IFS_-029.25_-051.25,-29.25,-51.25,189.2639,1.8
2026-10-10T05:00:00Z,IFS_-029.25_-051.25,-29.25,-51.25,189.2639,1.8
2026-10-10T06:00:00Z,IFS_-029.25_-051.25,-29.25,-51.25,189.2639,1.8
2026-10-10T07:00:00Z,IFS_-029.25_-051.25,-29.25,-51.25,189.2639,0.3
2026-10-10T08:00:00Z,IFS_-029.25_-051.25,-29.25,-51.25,189.2639,0.3
2026-10-10T09:00:00Z,IFS_-029.25_-051.25,-29.25,-51.25,189.2639,0.3
2026-10-10T10:00:00Z,IFS_-029.25_-051.25,-29.25,-51.25,189.2639,0.1
2026-10-10T11:00:00Z,IFS_-029.25_-051.25,-29.25,-51.25,189.2639,0.1
2026-10-10T12:00:00Z,IFS_-029.25_-051.25,-29.25,-51.25,189.2639,0.1
2026-10-10T13:00:00Z,IFS_-029.25_-051.25,-29.25,-51.25,189.2639,0.1
2026-10-10T14:00:00Z,IFS_-029.25_-051.25,-29.25,-51.25,189.2639,0.1
2026-10-10T15:00:00Z,IFS_-029.25_-051.25,-29.25,-51.25,189.2639,0.1
2026-10-10T16:00:00Z,IFS_-029.25_-051.25,-29.25,-51.25,189.2639,0.2
2026-10-10T17:00:00Z,IFS_-029.25_-051.25,-29.25,-51.25,189.2639,0.2
2026-10-10T18:00:00Z,IFS_-029.25_-051.25,-29.25,-51.25,189.2639,0.2
2026-10-10T19:00:00Z,IFS_-029.25_-051.25,-29.25,-51.25,189.2639,0.1
2026-10-10T20:00:00Z,IFS_-029.25_-051.25,-29.25,-51.25,189.2639,0.1
2026-10-10T21:00:00Z,IFS_-029.25_-051.25,-29.25,-51.25,189.2639,0.1
2026-10-10T22:00:00Z,IFS_-029.25_-051.25,-29.25,-51.25,189.2639,0.0
2026-10-10T23:00:00Z,IFS_-029.25_-051.25,-29.25,-51.25,189.2639,0.0
2026-10-11T00:00:00Z,IFS_-029.25_-051.25,-29.25,-51.25,189.2639,0.0
2026-10-11T01:00:00Z,IFS_-029.25_-051.25,-29.25,-51.25,189.2639,0.0
2026-10-11T02:00:00Z,IFS_-029.25_-051.25,-29.25,-51.25,189.2639,0.0
2026-10-11T03:00:00Z,IFS_-029.25_-051.25,-29.25,-51.25,189.2639,0.0
2026-10-11T04:00:00Z,IFS_-029.25_-051.25,-29.25,-51.25,189.2639,0.0
2026-10-11T05:00:00Z,IFS_-029.25_-051.25,-29.25,-51.25,189.2639,0.0
2026-10-11T06:00:00Z,IFS_-029.25_-051.25,-29.25,-51.25,189.2639,0.0
2026-10-11T07:00:00Z,IFS_-029.25_-051.25,-29.25,-51.25,189.2639,0.0
2026-10-11T08:00:00Z,IFS_-029.25_-051.25,-29.25,-51.25,189.2639,0.0
2026-10-11T09:00:00Z,IFS_-029.25_-051.25,-29.25,-51.25,189.2639,0.0
2026-10-11T10:00:00Z,IFS_-029.25_-051.25,-29.25,-51.25,189.2639,0.0
2026-10-11T11:00:00Z,IFS_-029.25_-051.25,-29.25,-51.25,189.2639,0.0
2026-10-11T12:00:00Z,IFS_-029.25_-051.25,-29.25,-51.25,189.2639,0.0
2026-10-11T13:00:00Z,IFS_-029.25_-051.25,-29.25,-51.25,189.2639,0.2
2026-10-11T14:00:00Z,IFS_-029.25_-051.25,-29.25,-51.25,189.2639,0.2
2026-10-11T15:00:00Z,IFS_-029.25_-051.25,-29.25,-51.25,189.2639,0.2
2026-10-11T16:00:00Z,IFS_-029.25_-051.25,-29.25,-51.25,189.2639,0.3
2026-10-11T17:00:00Z,IFS_-029.25_-051.25,-29.25,-51.25,189.2639,0.3
2026-10-11T18:00:00Z,IFS_-029.25_-051.25,-29.25,-51.25,189.2639,0.3
2026-10-11T19:00:00Z,IFS_-029.25_-051.25,-29.25,-51.25,189.2639,0.0
2026-10-11T20:00:00Z,IFS_-029.25_-051.25,-29.25,-51.25,189.2639,0.0
2026-10-11T21:00:00Z,IFS_-029.25_-051.25,-29.25,-51.25,189.2639,0.0
2026-10-11T22:00:00Z,IFS_-029.25_-051.25,-29.25,-51.25,189.2639,0.0
2026-10-11T23:00:00Z,IFS_-029.25_-051.25,-29.25,-51.25,189.2639,0.0
2026-10-12T00:00:00Z,IFS_-029.25_-051.25,-29.25,-51.25,189.2639,0.0
2026-10-12T01:00:00Z,IFS_-029.25_-051.25,-29.25,-51.25,189.2639,0.0
2026-10-12T02:00:00Z,IFS_-029.25_-051.25,-29.25,-51.25,189.2639,0.0
2026-10-12T03:00:00Z,IFS_-029.25_-051.25,-29.25,-51.25,189.2639,0.0
2026-10-12T04:00:00Z,IFS_-029.25_-051.25,-29.25,-51.25,189.2639,0.0
2026-10-12T05:00:00Z,IFS_-029.25_-051.25,-29.25,-51.25,189.2639,0.0
2026-10-12T06:00:00Z,IFS_-029.25_-051.25,-29.25,-51.25,189.2639,0.0
2026-10-12T07:00:00Z,IFS_-029.25_-051.25,-29.25,-51.25,189.2639,0.0
2026-10-12T08:00:00Z,IFS_-029.25_-051.25,-29.25,-51.25,189.2639,0.0
2026-10-12T09:00:00Z,IFS_-029.25_-051.25,-29.25,-51.25,189.2639,0.0
2026-10-12T10:00:00Z,IFS_-029.25_-051.25,-29.25,-51.25,189.2639,0.5
2026-10-12T11:00:00Z,IFS_-029.25_-051.25,-29.25,-51.25,189.2639,0.5
2026-10-12T12:00:00Z,IFS_-029.25_-051.25,-29.25,-51.25,189.2639,0.5
2026-10-12T13:00:00Z,IFS_-029.25_-051.25,-29.25,-51.25,189.2639,0.5
2026-10-12T14:00:00Z,IFS_-029.25_-051.25,-29.25,-51.25,189.2639,0.5
2026-10-12T15:00:00Z,IFS_-029.25_-051.25,-29.25,-51.25,189.2639,0.5
2026-10-12T16:00:00Z,IFS_-029.25_-051.25,-29.25,-51.25,189.2639,0.1
2026-10-12T17:00:00Z,IFS_-029.25_-051.25,-29.25,-51.25,189.2639,0.1
2026-10-12T18:00:00Z,IFS_-029.25_-051.25,-29.25,-51.25,189.2639,0.1
2026-10-12T19:00:00Z,IFS_-029.25_-051.25,-29.25,-51.25,189.2639,0.1
2026-10-12T20:00:00Z,IFS_-029.25_-051.25,-29.25,-51.25,189.2639,0.1
2026-10-12T21:00:00Z,IFS_-029.25_-051.25,-29.25,-51.25,189.2639,0.1
2026-10-12T22:00:00Z,IFS_-029.25_-051.25,-29.25,-51.25,189.2639,0.1
2026-10-12T23:00:00Z,IFS_-029.25_-051.25,-29.25,-51.25,189.2639,0.1
2026-10-13T00:00:00Z,IFS_-029.25_-051.25,-29.25,-51.25,189.2639,0.1
2026-10-13T01:00:00Z,IFS_-029.25_-051.25,-29.25,-51.25,189.2639,0.3
2026-10-08T02:00:00Z,IFS_-029.25_-051.00,-29.25,-51.0,1.6129,0.0
2026-10-08T03:00:00Z,IFS_-029.25_-051.00,-29.25,-51.0,1.6129,0.0
2026-10-08T04:00:00Z,IFS_-029.25_-051.00,-29.25,-51.0,1.6129,0.0
2026-10-08T05:00:00Z,IFS_-029.25_-051.00,-29.25,-51.0,1.6129,0.0
2026-10-08T06:00:00Z,IFS_-029.25_-051.00,-29.25,-51.0,1.6129,0.0
2026-10-08T07:00:00Z,IFS_-029.25_-051.00,-29.25,-51.0,1.6129,0.0
2026-10-08T08:00:00Z,IFS_-029.25_-051.00,-29.25,-51.0,1.6129,0.0
2026-10-08T09:00:00Z,IFS_-029.25_-051.00,-29.25,-51.0,1.6129,0.0
2026-10-08T10:00:00Z,IFS_-029.25_-051.00,-29.25,-51.0,1.6129,0.0
2026-10-08T11:00:00Z,IFS_-029.25_-051.00,-29.25,-51.0,1.6129,0.0
2026-10-08T12:00:00Z,IFS_-029.25_-051.00,-29.25,-51.0,1.6129,0.0
2026-10-08T13:00:00Z,IFS_-029.25_-051.00,-29.25,-51.0,1.6129,0.2
2026-10-08T14:00:00Z,IFS_-029.25_-051.00,-29.25,-51.0,1.6129,0.2
2026-10-08T15:00:00Z,IFS_-029.25_-051.00,-29.25,-51.0,1.6129,0.2
2026-10-08T16:00:00Z,IFS_-029.25_-051.00,-29.25,-51.0,1.6129,0.2
2026-10-08T17:00:00Z,IFS_-029.25_-051.00,-29.25,-51.0,1.6129,0.2
2026-10-08T18:00:00Z,IFS_-029.25_-051.00,-29.25,-51.0,1.6129,0.2
2026-10-08T19:00:00Z,IFS_-029.25_-051.00,-29.25,-51.0,1.6129,0.0
2026-10-08T20:00:00Z,IFS_-029.25_-051.00,-29.25,-51.0,1.6129,0.0
2026-10-08T21:00:00Z,IFS_-029.25_-051.00,-29.25,-51.0,1.6129,0.0
2026-10-08T22:00:00Z,IFS_-029.25_-051.00,-29.25,-51.0,1.6129,0.0
2026-10-08T23:00:00Z,IFS_-029.25_-051.00,-29.25,-51.0,1.6129,0.0
2026-10-09T00:00:00Z,IFS_-029.25_-051.00,-29.25,-51.0,1.6129,0.0
2026-10-09T01:00:00Z,IFS_-029.25_-051.00,-29.25,-51.0,1.6129,0.0
2026-10-09T02:00:00Z,IFS_-029.25_-051.00,-29.25,-51.0,1.6129,0.0
2026-10-09T03:00:00Z,IFS_-029.25_-051.00,-29.25,-51.0,1.6129,0.0
2026-10-09T04:00:00Z,IFS_-029.25_-051.00,-29.25,-51.0,1.6129,2.3
2026-10-09T05:00:00Z,IFS_-029.25_-051.00,-29.25,-51.0,1.6129,2.3
2026-10-09T06:00:00Z,IFS_-029.25_-051.00,-29.25,-51.0,1.6129,2.3
2026-10-09T07:00:00Z,IFS_-029.25_-051.00,-29.25,-51.0,1.6129,0.0
2026-10-09T08:00:00Z,IFS_-029.25_-051.00,-29.25,-51.0,1.6129,0.0
2026-10-09T09:00:00Z,IFS_-029.25_-051.00,-29.25,-51.0,1.6129,0.0
2026-10-09T10:00:00Z,IFS_-029.25_-051.00,-29.25,-51.0,1.6129,0.8
2026-10-09T11:00:00Z,IFS_-029.25_-051.00,-29.25,-51.0,1.6129,0.8
2026-10-09T12:00:00Z,IFS_-029.25_-051.00,-29.25,-51.0,1.6129,0.8
2026-10-09T13:00:00Z,IFS_-029.25_-051.00,-29.25,-51.0,1.6129,0.7
2026-10-09T14:00:00Z,IFS_-029.25_-051.00,-29.25,-51.0,1.6129,0.7
2026-10-09T15:00:00Z,IFS_-029.25_-051.00,-29.25,-51.0,1.6129,0.7
2026-10-09T16:00:00Z,IFS_-029.25_-051.00,-29.25,-51.0,1.6129,1.5
2026-10-09T17:00:00Z,IFS_-029.25_-051.00,-29.25,-51.0,1.6129,1.5
2026-10-09T18:00:00Z,IFS_-029.25_-051.00,-29.25,-51.0,1.6129,1.5
2026-10-09T19:00:00Z,IFS_-029.25_-051.00,-29.25,-51.0,1.6129,0.9
2026-10-09T20:00:00Z,IFS_-029.25_-051.00,-29.25,-51.0,1.6129,0.9
2026-10-09T21:00:00Z,IFS_-029.25_-051.00,-29.25,-51.0,1.6129,0.9
2026-10-09T22:00:00Z,IFS_-029.25_-051.00,-29.25,-51.0,1.6129,1.4
2026-10-09T23:00:00Z,IFS_-029.25_-051.00,-29.25,-51.0,1.6129,1.4
2026-10-10T00:00:00Z,IFS_-029.25_-051.00,-29.25,-51.0,1.6129,1.4
2026-10-10T01:00:00Z,IFS_-029.25_-051.00,-29.25,-51.0,1.6129,0.7
2026-10-10T02:00:00Z,IFS_-029.25_-051.00,-29.25,-51.0,1.6129,0.7
2026-10-10T03:00:00Z,IFS_-029.25_-051.00,-29.25,-51.0,1.6129,0.7
2026-10-10T04:00:00Z,IFS_-029.25_-051.00,-29.25,-51.0,1.6129,1.1
2026-10-10T05:00:00Z,IFS_-029.25_-051.00,-29.25,-51.0,1.6129,1.1
2026-10-10T06:00:00Z,IFS_-029.25_-051.00,-29.25,-51.0,1.6129,1.1
2026-10-10T07:00:00Z,IFS_-029.25_-051.00,-29.25,-51.0,1.6129,0.2
2026-10-10T08:00:00Z,IFS_-029.25_-051.00,-29.25,-51.0,1.6129,0.2
2026-10-10T09:00:00Z,IFS_-029.25_-051.00,-29.25,-51.0,1.6129,0.2
2026-10-10T10:00:00Z,IFS_-029.25_-051.00,-29.25,-51.0,1.6129,0.1
2026-10-10T11:00:00Z,IFS_-029.25_-051.00,-29.25,-51.0,1.6129,0.1
2026-10-10T12:00:00Z,IFS_-029.25_-051.00,-29.25,-51.0,1.6129,0.1
2026-10-10T13:00:00Z,IFS_-029.25_-051.00,-29.25,-51.0,1.6129,0.2
2026-10-10T14:00:00Z,IFS_-029.25_-051.00,-29.25,-51.0,1.6129,0.2
2026-10-10T15:00:00Z,IFS_-029.25_-051.00,-29.25,-51.0,1.6129,0.2
2026-10-10T16:00:00Z,IFS_-029.25_-051.00,-29.25,-51.0,1.6129,0.4
2026-10-10T17:00:00Z,IFS_-029.25_-051.00,-29.25,-51.0,1.6129,0.4
2026-10-10T18:00:00Z,IFS_-029.25_-051.00,-29.25,-51.0,1.6129,0.4
2026-10-10T19:00:00Z,IFS_-029.25_-051.00,-29.25,-51.0,1.6129,0.1
2026-10-10T20:00:00Z,IFS_-029.25_-051.00,-29.25,-51.0,1.6129,0.1
2026-10-10T21:00:00Z,IFS_-029.25_-051.00,-29.25,-51.0,1.6129,0.1
2026-10-10T22:00:00Z,IFS_-029.25_-051.00,-29.25,-51.0,1.6129,0.0
2026-10-10T23:00:00Z,IFS_-029.25_-051.00,-29.25,-51.0,1.6129,0.0
2026-10-11T00:00:00Z,IFS_-029.25_-051.00,-29.25,-51.0,1.6129,0.0
2026-10-11T01:00:00Z,IFS_-029.25_-051.00,-29.25,-51.0,1.6129,0.0
2026-10-11T02:00:00Z,IFS_-029.25_-051.00,-29.25,-51.0,1.6129,0.0
2026-10-11T03:00:00Z,IFS_-029.25_-051.00,-29.25,-51.0,1.6129,0.0
2026-10-11T04:00:00Z,IFS_-029.25_-051.00,-29.25,-51.0,1.6129,0.0
2026-10-11T05:00:00Z,IFS_-029.25_-051.00,-29.25,-51.0,1.6129,0.0
2026-10-11T06:00:00Z,IFS_-029.25_-051.00,-29.25,-51.0,1.6129,0.0
2026-10-11T07:00:00Z,IFS_-029.25_-051.00,-29.25,-51.0,1.6129,0.0
2026-10-11T08:00:00Z,IFS_-029.25_-051.00,-29.25,-51.0,1.6129,0.0
2026-10-11T09:00:00Z,IFS_-029.25_-051.00,-29.25,-51.0,1.6129,0.0
2026-10-11T10:00:00Z,IFS_-029.25_-051.00,-29.25,-51.0,1.6129,0.0
2026-10-11T11:00:00Z,IFS_-029.25_-051.00,-29.25,-51.0,1.6129,0.0
2026-10-11T12:00:00Z,IFS_-029.25_-051.00,-29.25,-51.0,1.6129,0.0
2026-10-11T13:00:00Z,IFS_-029.25_-051.00,-29.25,-51.0,1.6129,0.0
2026-10-11T14:00:00Z,IFS_-029.25_-051.00,-29.25,-51.0,1.6129,0.0
2026-10-11T15:00:00Z,IFS_-029.25_-051.00,-29.25,-51.0,1.6129,0.0
2026-10-11T16:00:00Z,IFS_-029.25_-051.00,-29.25,-51.0,1.6129,0.8
2026-10-11T17:00:00Z,IFS_-029.25_-051.00,-29.25,-51.0,1.6129,0.8
2026-10-11T18:00:00Z,IFS_-029.25_-051.00,-29.25,-51.0,1.6129,0.8
2026-10-11T19:00:00Z,IFS_-029.25_-051.00,-29.25,-51.0,1.6129,0.0
2026-10-11T20:00:00Z,IFS_-029.25_-051.00,-29.25,-51.0,1.6129,0.0
2026-10-11T21:00:00Z,IFS_-029.25_-051.00,-29.25,-51.0,1.6129,0.0
2026-10-11T22:00:00Z,IFS_-029.25_-051.00,-29.25,-51.0,1.6129,0.0
2026-10-11T23:00:00Z,IFS_-029.25_-051.00,-29.25,-51.0,1.6129,0.0
2026-10-12T00:00:00Z,IFS_-029.25_-051.00,-29.25,-51.0,1.6129,0.0
2026-10-12T01:00:00Z,IFS_-029.25_-051.00,-29.25,-51.0,1.6129,0.0
2026-10-12T02:00:00Z,IFS_-029.25_-051.00,-29.25,-51.0,1.6129,0.0
2026-10-12T03:00:00Z,IFS_-029.25_-051.00,-29.25,-51.0,1.6129,0.0
2026-10-12T04:00:00Z,IFS_-029.25_-051.00,-29.25,-51.0,1.6129,0.0
2026-10-12T05:00:00Z,IFS_-029.25_-051.00,-29.25,-51.0,1.6129,0.0
2026-10-12T06:00:00Z,IFS_-029.25_-051.00,-29.25,-51.0,1.6129,0.0
2026-10-12T07:00:00Z,IFS_-029.25_-051.00,-29.25,-51.0,1.6129,0.0
2026-10-12T08:00:00Z,IFS_-029.25_-051.00,-29.25,-51.0,1.6129,0.0
2026-10-12T09:00:00Z,IFS_-029.25_-051.00,-29.25,-51.0,1.6129,0.0
2026-10-12T10:00:00Z,IFS_-029.25_-051.00,-29.25,-51.0,1.6129,0.2
2026-10-12T11:00:00Z,IFS_-029.25_-051.00,-29.25,-51.0,1.6129,0.2
2026-10-12T12:00:00Z,IFS_-029.25_-051.00,-29.25,-51.0,1.6129,0.2
2026-10-12T13:00:00Z,IFS_-029.25_-051.00,-29.25,-51.0,1.6129,0.2
2026-10-12T14:00:00Z,IFS_-029.25_-051.00,-29.25,-51.0,1.6129,0.2
2026-10-12T15:00:00Z,IFS_-029.25_-051.00,-29.25,-51.0,1.6129,0.2
2026-10-12T16:00:00Z,IFS_-029.25_-051.00,-29.25,-51.0,1.6129,0.4
2026-10-12T17:00:00Z,IFS_-029.25_-051.00,-29.25,-51.0,1.6129,0.4
2026-10-12T18:00:00Z,IFS_-029.25_-051.00,-29.25,-51.0,1.6129,0.4
2026-10-12T19:00:00Z,IFS_-029.25_-051.00,-29.25,-51.0,1.6129,0.1
2026-10-12T20:00:00Z,IFS_-029.25_-051.00,-29.25,-51.0,1.6129,0.1
2026-10-12T21:00:00Z,IFS_-029.25_-051.00,-29.25,-51.0,1.6129,0.1
2026-10-12T22:00:00Z,IFS_-029.25_-051.00,-29.25,-51.0,1.6129,0.0
2026-10-12T23:00:00Z,IFS_-029.25_-051.00,-29.25,-51.0,1.6129,0.0
2026-10-13T00:00:00Z,IFS_-029.25_-051.00,-29.25,-51.0,1.6129,0.0
2026-10-13T01:00:00Z,IFS_-029.25_-051.00,-29.25,-51.0,1.6129,0.1
2026-10-08T02:00:00Z,IFS_-029.25_-050.75,-29.25,-50.75,44.0393,0.0
2026-10-08T03:00:00Z,IFS_-029.25_-050.75,-29.25,-50.75,44.0393,0.0
2026-10-08T04:00:00Z,IFS_-029.25_-050.75,-29.25,-50.75,44.0393,0.0
2026-10-08T05:00:00Z,IFS_-029.25_-050.75,-29.25,-50.75,44.0393,0.0
2026-10-08T06:00:00Z,IFS_-029.25_-050.75,-29.25,-50.75,44.0393,0.0
2026-10-08T07:00:00Z,IFS_-029.25_-050.75,-29.25,-50.75,44.0393,0.0
2026-10-08T08:00:00Z,IFS_-029.25_-050.75,-29.25,-50.75,44.0393,0.0
2026-10-08T09:00:00Z,IFS_-029.25_-050.75,-29.25,-50.75,44.0393,0.0
2026-10-08T10:00:00Z,IFS_-029.25_-050.75,-29.25,-50.75,44.0393,0.0
2026-10-08T11:00:00Z,IFS_-029.25_-050.75,-29.25,-50.75,44.0393,0.0
2026-10-08T12:00:00Z,IFS_-029.25_-050.75,-29.25,-50.75,44.0393,0.0
2026-10-08T13:00:00Z,IFS_-029.25_-050.75,-29.25,-50.75,44.0393,0.1
2026-10-08T14:00:00Z,IFS_-029.25_-050.75,-29.25,-50.75,44.0393,0.1
2026-10-08T15:00:00Z,IFS_-029.25_-050.75,-29.25,-50.75,44.0393,0.1
2026-10-08T16:00:00Z,IFS_-029.25_-050.75,-29.25,-50.75,44.0393,0.2
2026-10-08T17:00:00Z,IFS_-029.25_-050.75,-29.25,-50.75,44.0393,0.2
2026-10-08T18:00:00Z,IFS_-029.25_-050.75,-29.25,-50.75,44.0393,0.2
2026-10-08T19:00:00Z,IFS_-029.25_-050.75,-29.25,-50.75,44.0393,0.0
2026-10-08T20:00:00Z,IFS_-029.25_-050.75,-29.25,-50.75,44.0393,0.0
2026-10-08T21:00:00Z,IFS_-029.25_-050.75,-29.25,-50.75,44.0393,0.0
2026-10-08T22:00:00Z,IFS_-029.25_-050.75,-29.25,-50.75,44.0393,0.0
2026-10-08T23:00:00Z,IFS_-029.25_-050.75,-29.25,-50.75,44.0393,0.0
2026-10-09T00:00:00Z,IFS_-029.25_-050.75,-29.25,-50.75,44.0393,0.0
2026-10-09T01:00:00Z,IFS_-029.25_-050.75,-29.25,-50.75,44.0393,0.0
2026-10-09T02:00:00Z,IFS_-029.25_-050.75,-29.25,-50.75,44.0393,0.0
2026-10-09T03:00:00Z,IFS_-029.25_-050.75,-29.25,-50.75,44.0393,0.0
2026-10-09T04:00:00Z,IFS_-029.25_-050.75,-29.25,-50.75,44.0393,1.6
2026-10-09T05:00:00Z,IFS_-029.25_-050.75,-29.25,-50.75,44.0393,1.6
2026-10-09T06:00:00Z,IFS_-029.25_-050.75,-29.25,-50.75,44.0393,1.6
2026-10-09T07:00:00Z,IFS_-029.25_-050.75,-29.25,-50.75,44.0393,0.1
2026-10-09T08:00:00Z,IFS_-029.25_-050.75,-29.25,-50.75,44.0393,0.1
2026-10-09T09:00:00Z,IFS_-029.25_-050.75,-29.25,-50.75,44.0393,0.1
2026-10-09T10:00:00Z,IFS_-029.25_-050.75,-29.25,-50.75,44.0393,1.4
2026-10-09T11:00:00Z,IFS_-029.25_-050.75,-29.25,-50.75,44.0393,1.4
2026-10-09T12:00:00Z,IFS_-029.25_-050.75,-29.25,-50.75,44.0393,1.4
2026-10-09T13:00:00Z,IFS_-029.25_-050.75,-29.25,-50.75,44.0393,0.5
2026-10-09T14:00:00Z,IFS_-029.25_-050.75,-29.25,-50.75,44.0393,0.5
2026-10-09T15:00:00Z,IFS_-029.25_-050.75,-29.25,-50.75,44.0393,0.5
2026-10-09T16:00:00Z,IFS_-029.25_-050.75,-29.25,-50.75,44.0393,1.7
2026-10-09T17:00:00Z,IFS_-029.25_-050.75,-29.25,-50.75,44.0393,1.7
2026-10-09T18:00:00Z,IFS_-029.25_-050.75,-29.25,-50.75,44.0393,1.7
2026-10-09T19:00:00Z,IFS_-029.25_-050.75,-29.25,-50.75,44.0393,1.0
2026-10-09T20:00:00Z,IFS_-029.25_-050.75,-29.25,-50.75,44.0393,1.0
2026-10-09T21:00:00Z,IFS_-029.25_-050.75,-29.25,-50.75,44.0393,1.0
2026-10-09T22:00:00Z,IFS_-029.25_-050.75,-29.25,-50.75,44.0393,1.1
2026-10-09T23:00:00Z,IFS_-029.25_-050.75,-29.25,-50.75,44.0393,1.1
2026-10-10T00:00:00Z,IFS_-029.25_-050.75,-29.25,-50.75,44.0393,1.1
2026-10-10T01:00:00Z,IFS_-029.25_-050.75,-29.25,-50.75,44.0393,1.0
2026-10-10T02:00:00Z,IFS_-029.25_-050.75,-29.25,-50.75,44.0393,1.0
2026-10-10T03:00:00Z,IFS_-029.25_-050.75,-29.25,-50.75,44.0393,1.0
2026-10-10T04:00:00Z,IFS_-029.25_-050.75,-29.25,-50.75,44.0393,0.9
2026-10-10T05:00:00Z,IFS_-029.25_-050.75,-29.25,-50.75,44.0393,0.9
2026-10-10T06:00:00Z,IFS_-029.25_-050.75,-29.25,-50.75,44.0393,0.9
2026-10-10T07:00:00Z,IFS_-029.25_-050.75,-29.25,-50.75,44.0393,0.2
2026-10-10T08:00:00Z,IFS_-029.25_-050.75,-29.25,-50.75,44.0393,0.2
2026-10-10T09:00:00Z,IFS_-029.25_-050.75,-29.25,-50.75,44.0393,0.2
2026-10-10T10:00:00Z,IFS_-029.25_-050.75,-29.25,-50.75,44.0393,0.2
2026-10-10T11:00:00Z,IFS_-029.25_-050.75,-29.25,-50.75,44.0393,0.2
2026-10-10T12:00:00Z,IFS_-029.25_-050.75,-29.25,-50.75,44.0393,0.2
2026-10-10T13:00:00Z,IFS_-029.25_-050.75,-29.25,-50.75,44.0393,0.2
2026-10-10T14:00:00Z,IFS_-029.25_-050.75,-29.25,-50.75,44.0393,0.2
2026-10-10T15:00:00Z,IFS_-029.25_-050.75,-29.25,-50.75,44.0393,0.2
2026-10-10T16:00:00Z,IFS_-029.25_-050.75,-29.25,-50.75,44.0393,0.5
2026-10-10T17:00:00Z,IFS_-029.25_-050.75,-29.25,-50.75,44.0393,0.5
2026-10-10T18:00:00Z,IFS_-029.25_-050.75,-29.25,-50.75,44.0393,0.5
2026-10-10T19:00:00Z,IFS_-029.25_-050.75,-29.25,-50.75,44.0393,0.1
2026-10-10T20:00:00Z,IFS_-029.25_-050.75,-29.25,-50.75,44.0393,0.1
2026-10-10T21:00:00Z,IFS_-029.25_-050.75,-29.25,-50.75,44.0393,0.1
2026-10-10T22:00:00Z,IFS_-029.25_-050.75,-29.25,-50.75,44.0393,0.0
2026-10-10T23:00:00Z,IFS_-029.25_-050.75,-29.25,-50.75,44.0393,0.0
2026-10-11T00:00:00Z,IFS_-029.25_-050.75,-29.25,-50.75,44.0393,0.0
2026-10-11T01:00:00Z,IFS_-029.25_-050.75,-29.25,-50.75,44.0393,0.0
2026-10-11T02:00:00Z,IFS_-029.25_-050.75,-29.25,-50.75,44.0393,0.0
2026-10-11T03:00:00Z,IFS_-029.25_-050.75,-29.25,-50.75,44.0393,0.0
2026-10-11T04:00:00Z,IFS_-029.25_-050.75,-29.25,-50.75,44.0393,0.0
2026-10-11T05:00:00Z,IFS_-029.25_-050.75,-29.25,-50.75,44.0393,0.0
2026-10-11T06:00:00Z,IFS_-029.25_-050.75,-29.25,-50.75,44.0393,0.0
2026-10-11T07:00:00Z,IFS_-029.25_-050.75,-29.25,-50.75,44.0393,0.0
2026-10-11T08:00:00Z,IFS_-029.25_-050.75,-29.25,-50.75,44.0393,0.0
2026-10-11T09:00:00Z,IFS_-029.25_-050.75,-29.25,-50.75,44.0393,0.0
2026-10-11T10:00:00Z,IFS_-029.25_-050.75,-29.25,-50.75,44.0393,0.0
2026-10-11T11:00:00Z,IFS_-029.25_-050.75,-29.25,-50.75,44.0393,0.0
2026-10-11T12:00:00Z,IFS_-029.25_-050.75,-29.25,-50.75,44.0393,0.0
2026-10-11T13:00:00Z,IFS_-029.25_-050.75,-29.25,-50.75,44.0393,0.0
2026-10-11T14:00:00Z,IFS_-029.25_-050.75,-29.25,-50.75,44.0393,0.0
2026-10-11T15:00:00Z,IFS_-029.25_-050.75,-29.25,-50.75,44.0393,0.0
2026-10-11T16:00:00Z,IFS_-029.25_-050.75,-29.25,-50.75,44.0393,0.9
2026-10-11T17:00:00Z,IFS_-029.25_-050.75,-29.25,-50.75,44.0393,0.9
2026-10-11T18:00:00Z,IFS_-029.25_-050.75,-29.25,-50.75,44.0393,0.9
2026-10-11T19:00:00Z,IFS_-029.25_-050.75,-29.25,-50.75,44.0393,0.0
2026-10-11T20:00:00Z,IFS_-029.25_-050.75,-29.25,-50.75,44.0393,0.0
2026-10-11T21:00:00Z,IFS_-029.25_-050.75,-29.25,-50.75,44.0393,0.0
2026-10-11T22:00:00Z,IFS_-029.25_-050.75,-29.25,-50.75,44.0393,0.0
2026-10-11T23:00:00Z,IFS_-029.25_-050.75,-29.25,-50.75,44.0393,0.0
2026-10-12T00:00:00Z,IFS_-029.25_-050.75,-29.25,-50.75,44.0393,0.0
2026-10-12T01:00:00Z,IFS_-029.25_-050.75,-29.25,-50.75,44.0393,0.0
2026-10-12T02:00:00Z,IFS_-029.25_-050.75,-29.25,-50.75,44.0393,0.0
2026-10-12T03:00:00Z,IFS_-029.25_-050.75,-29.25,-50.75,44.0393,0.0
2026-10-12T04:00:00Z,IFS_-029.25_-050.75,-29.25,-50.75,44.0393,0.0
2026-10-12T05:00:00Z,IFS_-029.25_-050.75,-29.25,-50.75,44.0393,0.0
2026-10-12T06:00:00Z,IFS_-029.25_-050.75,-29.25,-50.75,44.0393,0.0
2026-10-12T07:00:00Z,IFS_-029.25_-050.75,-29.25,-50.75,44.0393,0.0
2026-10-12T08:00:00Z,IFS_-029.25_-050.75,-29.25,-50.75,44.0393,0.0
2026-10-12T09:00:00Z,IFS_-029.25_-050.75,-29.25,-50.75,44.0393,0.0
2026-10-12T10:00:00Z,IFS_-029.25_-050.75,-29.25,-50.75,44.0393,0.0
2026-10-12T11:00:00Z,IFS_-029.25_-050.75,-29.25,-50.75,44.0393,0.0
2026-10-12T12:00:00Z,IFS_-029.25_-050.75,-29.25,-50.75,44.0393,0.0
2026-10-12T13:00:00Z,IFS_-029.25_-050.75,-29.25,-50.75,44.0393,0.1
2026-10-12T14:00:00Z,IFS_-029.25_-050.75,-29.25,-50.75,44.0393,0.1
2026-10-12T15:00:00Z,IFS_-029.25_-050.75,-29.25,-50.75,44.0393,0.1
2026-10-12T16:00:00Z,IFS_-029.25_-050.75,-29.25,-50.75,44.0393,0.4
2026-10-12T17:00:00Z,IFS_-029.25_-050.75,-29.25,-50.75,44.0393,0.4
2026-10-12T18:00:00Z,IFS_-029.25_-050.75,-29.25,-50.75,44.0393,0.4
2026-10-12T19:00:00Z,IFS_-029.25_-050.75,-29.25,-50.75,44.0393,0.4
2026-10-12T20:00:00Z,IFS_-029.25_-050.75,-29.25,-50.75,44.0393,0.4
2026-10-12T21:00:00Z,IFS_-029.25_-050.75,-29.25,-50.75,44.0393,0.4
2026-10-12T22:00:00Z,IFS_-029.25_-050.75,-29.25,-50.75,44.0393,0.0
2026-10-12T23:00:00Z,IFS_-029.25_-050.75,-29.25,-50.75,44.0393,0.0
2026-10-13T00:00:00Z,IFS_-029.25_-050.75,-29.25,-50.75,44.0393,0.0
2026-10-13T01:00:00Z,IFS_-029.25_-050.75,-29.25,-50.75,44.0393,1.4
2026-10-08T02:00:00Z,IFS_-029.25_-050.50,-29.25,-50.5,332.9755,0.0
2026-10-08T03:00:00Z,IFS_-029.25_-050.50,-29.25,-50.5,332.9755,0.0
2026-10-08T04:00:00Z,IFS_-029.25_-050.50,-29.25,-50.5,332.9755,0.0
2026-10-08T05:00:00Z,IFS_-029.25_-050.50,-29.25,-50.5,332.9755,0.0
2026-10-08T06:00:00Z,IFS_-029.25_-050.50,-29.25,-50.5,332.9755,0.0
2026-10-08T07:00:00Z,IFS_-029.25_-050.50,-29.25,-50.5,332.9755,0.0
2026-10-08T08:00:00Z,IFS_-029.25_-050.50,-29.25,-50.5,332.9755,0.0
2026-10-08T09:00:00Z,IFS_-029.25_-050.50,-29.25,-50.5,332.9755,0.0
2026-10-08T10:00:00Z,IFS_-029.25_-050.50,-29.25,-50.5,332.9755,0.0
2026-10-08T11:00:00Z,IFS_-029.25_-050.50,-29.25,-50.5,332.9755,0.0
2026-10-08T12:00:00Z,IFS_-029.25_-050.50,-29.25,-50.5,332.9755,0.0
2026-10-08T13:00:00Z,IFS_-029.25_-050.50,-29.25,-50.5,332.9755,0.0
2026-10-08T14:00:00Z,IFS_-029.25_-050.50,-29.25,-50.5,332.9755,0.0
2026-10-08T15:00:00Z,IFS_-029.25_-050.50,-29.25,-50.5,332.9755,0.0
2026-10-08T16:00:00Z,IFS_-029.25_-050.50,-29.25,-50.5,332.9755,0.2
2026-10-08T17:00:00Z,IFS_-029.25_-050.50,-29.25,-50.5,332.9755,0.2
2026-10-08T18:00:00Z,IFS_-029.25_-050.50,-29.25,-50.5,332.9755,0.2
2026-10-08T19:00:00Z,IFS_-029.25_-050.50,-29.25,-50.5,332.9755,0.0
2026-10-08T20:00:00Z,IFS_-029.25_-050.50,-29.25,-50.5,332.9755,0.0
2026-10-08T21:00:00Z,IFS_-029.25_-050.50,-29.25,-50.5,332.9755,0.0
2026-10-08T22:00:00Z,IFS_-029.25_-050.50,-29.25,-50.5,332.9755,0.0
2026-10-08T23:00:00Z,IFS_-029.25_-050.50,-29.25,-50.5,332.9755,0.0
2026-10-09T00:00:00Z,IFS_-029.25_-050.50,-29.25,-50.5,332.9755,0.0
2026-10-09T01:00:00Z,IFS_-029.25_-050.50,-29.25,-50.5,332.9755,0.0
2026-10-09T02:00:00Z,IFS_-029.25_-050.50,-29.25,-50.5,332.9755,0.0
2026-10-09T03:00:00Z,IFS_-029.25_-050.50,-29.25,-50.5,332.9755,0.0
2026-10-09T04:00:00Z,IFS_-029.25_-050.50,-29.25,-50.5,332.9755,1.6
2026-10-09T05:00:00Z,IFS_-029.25_-050.50,-29.25,-50.5,332.9755,1.6
2026-10-09T06:00:00Z,IFS_-029.25_-050.50,-29.25,-50.5,332.9755,1.6
2026-10-09T07:00:00Z,IFS_-029.25_-050.50,-29.25,-50.5,332.9755,0.5
2026-10-09T08:00:00Z,IFS_-029.25_-050.50,-29.25,-50.5,332.9755,0.5
2026-10-09T09:00:00Z,IFS_-029.25_-050.50,-29.25,-50.5,332.9755,0.5
2026-10-09T10:00:00Z,IFS_-029.25_-050.50,-29.25,-50.5,332.9755,1.1
2026-10-09T11:00:00Z,IFS_-029.25_-050.50,-29.25,-50.5,332.9755,1.1
2026-10-09T12:00:00Z,IFS_-029.25_-050.50,-29.25,-50.5,332.9755,1.1
2026-10-09T13:00:00Z,IFS_-029.25_-050.50,-29.25,-50.5,332.9755,0.4
2026-10-09T14:00:00Z,IFS_-029.25_-050.50,-29.25,-50.5,332.9755,0.4
2026-10-09T15:00:00Z,IFS_-029.25_-050.50,-29.25,-50.5,332.9755,0.4
2026-10-09T16:00:00Z,IFS_-029.25_-050.50,-29.25,-50.5,332.9755,1.9
2026-10-09T17:00:00Z,IFS_-029.25_-050.50,-29.25,-50.5,332.9755,1.9
2026-10-09T18:00:00Z,IFS_-029.25_-050.50,-29.25,-50.5,332.9755,1.9
2026-10-09T19:00:00Z,IFS_-029.25_-050.50,-29.25,-50.5,332.9755,1.1
2026-10-09T20:00:00Z,IFS_-029.25_-050.50,-29.25,-50.5,332.9755,1.1
2026-10-09T21:00:00Z,IFS_-029.25_-050.50,-29.25,-50.5,332.9755,1.1
2026-10-09T22:00:00Z,IFS_-029.25_-050.50,-29.25,-50.5,332.9755,0.5
2026-10-09T23:00:00Z,IFS_-029.25_-050.50,-29.25,-50.5,332.9755,0.5
2026-10-10T00:00:00Z,IFS_-029.25_-050.50,-29.25,-50.5,332.9755,0.5
2026-10-10T01:00:00Z,IFS_-029.25_-050.50,-29.25,-50.5,332.9755,1.4
2026-10-10T02:00:00Z,IFS_-029.25_-050.50,-29.25,-50.5,332.9755,1.4
2026-10-10T03:00:00Z,IFS_-029.25_-050.50,-29.25,-50.5,332.9755,1.4
2026-10-10T04:00:00Z,IFS_-029.25_-050.50,-29.25,-50.5,332.9755,0.9
2026-10-10T05:00:00Z,IFS_-029.25_-050.50,-29.25,-50.5,332.9755,0.9
2026-10-10T06:00:00Z,IFS_-029.25_-050.50,-29.25,-50.5,332.9755,0.9
2026-10-10T07:00:00Z,IFS_-029.25_-050.50,-29.25,-50.5,332.9755,0.3
2026-10-10T08:00:00Z,IFS_-029.25_-050.50,-29.25,-50.5,332.9755,0.3
2026-10-10T09:00:00Z,IFS_-029.25_-050.50,-29.25,-50.5,332.9755,0.3
2026-10-10T10:00:00Z,IFS_-029.25_-050.50,-29.25,-50.5,332.9755,0.1
2026-10-10T11:00:00Z,IFS_-029.25_-050.50,-29.25,-50.5,332.9755,0.1
2026-10-10T12:00:00Z,IFS_-029.25_-050.50,-29.25,-50.5,332.9755,0.1
2026-10-10T13:00:00Z,IFS_-029.25_-050.50,-29.25,-50.5,332.9755,0.2
2026-10-10T14:00:00Z,IFS_-029.25_-050.50,-29.25,-50.5,332.9755,0.2
2026-10-10T15:00:00Z,IFS_-029.25_-050.50,-29.25,-50.5,332.9755,0.2
2026-10-10T16:00:00Z,IFS_-029.25_-050.50,-29.25,-50.5,332.9755,0.5
2026-10-10T17:00:00Z,IFS_-029.25_-050.50,-29.25,-50.5,332.9755,0.5
2026-10-10T18:00:00Z,IFS_-029.25_-050.50,-29.25,-50.5,332.9755,0.5
2026-10-10T19:00:00Z,IFS_-029.25_-050.50,-29.25,-50.5,332.9755,0.1
2026-10-10T20:00:00Z,IFS_-029.25_-050.50,-29.25,-50.5,332.9755,0.1
2026-10-10T21:00:00Z,IFS_-029.25_-050.50,-29.25,-50.5,332.9755,0.1
2026-10-10T22:00:00Z,IFS_-029.25_-050.50,-29.25,-50.5,332.9755,0.1
2026-10-10T23:00:00Z,IFS_-029.25_-050.50,-29.25,-50.5,332.9755,0.1
2026-10-11T00:00:00Z,IFS_-029.25_-050.50,-29.25,-50.5,332.9755,0.1
2026-10-11T01:00:00Z,IFS_-029.25_-050.50,-29.25,-50.5,332.9755,0.1
2026-10-11T02:00:00Z,IFS_-029.25_-050.50,-29.25,-50.5,332.9755,0.1
2026-10-11T03:00:00Z,IFS_-029.25_-050.50,-29.25,-50.5,332.9755,0.1
2026-10-11T04:00:00Z,IFS_-029.25_-050.50,-29.25,-50.5,332.9755,0.0
2026-10-11T05:00:00Z,IFS_-029.25_-050.50,-29.25,-50.5,332.9755,0.0
2026-10-11T06:00:00Z,IFS_-029.25_-050.50,-29.25,-50.5,332.9755,0.0
2026-10-11T07:00:00Z,IFS_-029.25_-050.50,-29.25,-50.5,332.9755,0.0
2026-10-11T08:00:00Z,IFS_-029.25_-050.50,-29.25,-50.5,332.9755,0.0
2026-10-11T09:00:00Z,IFS_-029.25_-050.50,-29.25,-50.5,332.9755,0.0
2026-10-11T10:00:00Z,IFS_-029.25_-050.50,-29.25,-50.5,332.9755,0.0
2026-10-11T11:00:00Z,IFS_-029.25_-050.50,-29.25,-50.5,332.9755,0.0
2026-10-11T12:00:00Z,IFS_-029.25_-050.50,-29.25,-50.5,332.9755,0.0
2026-10-11T13:00:00Z,IFS_-029.25_-050.50,-29.25,-50.5,332.9755,0.1
2026-10-11T14:00:00Z,IFS_-029.25_-050.50,-29.25,-50.5,332.9755,0.1
2026-10-11T15:00:00Z,IFS_-029.25_-050.50,-29.25,-50.5,332.9755,0.1
2026-10-11T16:00:00Z,IFS_-029.25_-050.50,-29.25,-50.5,332.9755,1.6
2026-10-11T17:00:00Z,IFS_-029.25_-050.50,-29.25,-50.5,332.9755,1.6
2026-10-11T18:00:00Z,IFS_-029.25_-050.50,-29.25,-50.5,332.9755,1.6
2026-10-11T19:00:00Z,IFS_-029.25_-050.50,-29.25,-50.5,332.9755,0.0
2026-10-11T20:00:00Z,IFS_-029.25_-050.50,-29.25,-50.5,332.9755,0.0
2026-10-11T21:00:00Z,IFS_-029.25_-050.50,-29.25,-50.5,332.9755,0.0
2026-10-11T22:00:00Z,IFS_-029.25_-050.50,-29.25,-50.5,332.9755,0.0
2026-10-11T23:00:00Z,IFS_-029.25_-050.50,-29.25,-50.5,332.9755,0.0
2026-10-12T00:00:00Z,IFS_-029.25_-050.50,-29.25,-50.5,332.9755,0.0
2026-10-12T01:00:00Z,IFS_-029.25_-050.50,-29.25,-50.5,332.9755,0.0
2026-10-12T02:00:00Z,IFS_-029.25_-050.50,-29.25,-50.5,332.9755,0.0
2026-10-12T03:00:00Z,IFS_-029.25_-050.50,-29.25,-50.5,332.9755,0.0
2026-10-12T04:00:00Z,IFS_-029.25_-050.50,-29.25,-50.5,332.9755,0.0
2026-10-12T05:00:00Z,IFS_-029.25_-050.50,-29.25,-50.5,332.9755,0.0
2026-10-12T06:00:00Z,IFS_-029.25_-050.50,-29.25,-50.5,332.9755,0.0
2026-10-12T07:00:00Z,IFS_-029.25_-050.50,-29.25,-50.5,332.9755,0.0
2026-10-12T08:00:00Z,IFS_-029.25_-050.50,-29.25,-50.5,332.9755,0.0
2026-10-12T09:00:00Z,IFS_-029.25_-050.50,-29.25,-50.5,332.9755,0.0
2026-10-12T10:00:00Z,IFS_-029.25_-050.50,-29.25,-50.5,332.9755,0.0
2026-10-12T11:00:00Z,IFS_-029.25_-050.50,-29.25,-50.5,332.9755,0.0
2026-10-12T12:00:00Z,IFS_-029.25_-050.50,-29.25,-50.5,332.9755,0.0
2026-10-12T13:00:00Z,IFS_-029.25_-050.50,-29.25,-50.5,332.9755,0.1
2026-10-12T14:00:00Z,IFS_-029.25_-050.50,-29.25,-50.5,332.9755,0.1
2026-10-12T15:00:00Z,IFS_-029.25_-050.50,-29.25,-50.5,332.9755,0.1
2026-10-12T16:00:00Z,IFS_-029.25_-050.50,-29.25,-50.5,332.9755,0.3
2026-10-12T17:00:00Z,IFS_-029.25_-050.50,-29.25,-50.5,332.9755,0.3
2026-10-12T18:00:00Z,IFS_-029.25_-050.50,-29.25,-50.5,332.9755,0.3
2026-10-12T19:00:00Z,IFS_-029.25_-050.50,-29.25,-50.5,332.9755,0.1
2026-10-12T20:00:00Z,IFS_-029.25_-050.50,-29.25,-50.5,332.9755,0.1
2026-10-12T21:00:00Z,IFS_-029.25_-050.50,-29.25,-50.5,332.9755,0.1
2026-10-12T22:00:00Z,IFS_-029.25_-050.50,-29.25,-50.5,332.9755,0.1
2026-10-12T23:00:00Z,IFS_-029.25_-050.50,-29.25,-50.5,332.9755,0.1
2026-10-13T00:00:00Z,IFS_-029.25_-050.50,-29.25,-50.5,332.9755,0.1
2026-10-13T01:00:00Z,IFS_-029.25_-050.50,-29.25,-50.5,332.9755,0.2
2026-10-08T02:00:00Z,IFS_-029.25_-050.25,-29.25,-50.25,493.955,0.0
2026-10-08T03:00:00Z,IFS_-029.25_-050.25,-29.25,-50.25,493.955,0.0
2026-10-08T04:00:00Z,IFS_-029.25_-050.25,-29.25,-50.25,493.955,0.0
2026-10-08T05:00:00Z,IFS_-029.25_-050.25,-29.25,-50.25,493.955,0.0
2026-10-08T06:00:00Z,IFS_-029.25_-050.25,-29.25,-50.25,493.955,0.0
2026-10-08T07:00:00Z,IFS_-029.25_-050.25,-29.25,-50.25,493.955,0.0
2026-10-08T08:00:00Z,IFS_-029.25_-050.25,-29.25,-50.25,493.955,0.0
2026-10-08T09:00:00Z,IFS_-029.25_-050.25,-29.25,-50.25,493.955,0.0
2026-10-08T10:00:00Z,IFS_-029.25_-050.25,-29.25,-50.25,493.955,0.0
2026-10-08T11:00:00Z,IFS_-029.25_-050.25,-29.25,-50.25,493.955,0.0
2026-10-08T12:00:00Z,IFS_-029.25_-050.25,-29.25,-50.25,493.955,0.0
2026-10-08T13:00:00Z,IFS_-029.25_-050.25,-29.25,-50.25,493.955,0.0
2026-10-08T14:00:00Z,IFS_-029.25_-050.25,-29.25,-50.25,493.955,0.0
2026-10-08T15:00:00Z,IFS_-029.25_-050.25,-29.25,-50.25,493.955,0.0
2026-10-08T16:00:00Z,IFS_-029.25_-050.25,-29.25,-50.25,493.955,0.1
2026-10-08T17:00:00Z,IFS_-029.25_-050.25,-29.25,-50.25,493.955,0.1
2026-10-08T18:00:00Z,IFS_-029.25_-050.25,-29.25,-50.25,493.955,0.1
2026-10-08T19:00:00Z,IFS_-029.25_-050.25,-29.25,-50.25,493.955,0.0
2026-10-08T20:00:00Z,IFS_-029.25_-050.25,-29.25,-50.25,493.955,0.0
2026-10-08T21:00:00Z,IFS_-029.25_-050.25,-29.25,-50.25,493.955,0.0
2026-10-08T22:00:00Z,IFS_-029.25_-050.25,-29.25,-50.25,493.955,0.0
2026-10-08T23:00:00Z,IFS_-029.25_-050.25,-29.25,-50.25,493.955,0.0
2026-10-09T00:00:00Z,IFS_-029.25_-050.25,-29.25,-50.25,493.955,0.0
2026-10-09T01:00:00Z,IFS_-029.25_-050.25,-29.25,-50.25,493.955,0.0
2026-10-09T02:00:00Z,IFS_-029.25_-050.25,-29.25,-50.25,493.955,0.0
2026-10-09T03:00:00Z,IFS_-029.25_-050.25,-29.25,-50.25,493.955,0.0
2026-10-09T04:00:00Z,IFS_-029.25_-050.25,-29.25,-50.25,493.955,1.9
2026-10-09T05:00:00Z,IFS_-029.25_-050.25,-29.25,-50.25,493.955,1.9
2026-10-09T06:00:00Z,IFS_-029.25_-050.25,-29.25,-50.25,493.955,1.9
2026-10-09T07:00:00Z,IFS_-029.25_-050.25,-29.25,-50.25,493.955,0.6
2026-10-09T08:00:00Z,IFS_-029.25_-050.25,-29.25,-50.25,493.955,0.6
2026-10-09T09:00:00Z,IFS_-029.25_-050.25,-29.25,-50.25,493.955,0.6
2026-10-09T10:00:00Z,IFS_-029.25_-050.25,-29.25,-50.25,493.955,0.9
2026-10-09T11:00:00Z,IFS_-029.25_-050.25,-29.25,-50.25,493.955,0.9
2026-10-09T12:00:00Z,IFS_-029.25_-050.25,-29.25,-50.25,493.955,0.9
2026-10-09T13:00:00Z,IFS_-029.25_-050.25,-29.25,-50.25,493.955,0.3
2026-10-09T14:00:00Z,IFS_-029.25_-050.25,-29.25,-50.25,493.955,0.3
2026-10-09T15:00:00Z,IFS_-029.25_-050.25,-29.25,-50.25,493.955,0.3
2026-10-09T16:00:00Z,IFS_-029.25_-050.25,-29.25,-50.25,493.955,1.7
2026-10-09T17:00:00Z,IFS_-029.25_-050.25,-29.25,-50.25,493.955,1.7
2026-10-09T18:00:00Z,IFS_-029.25_-050.25,-29.25,-50.25,493.955,1.7
2026-10-09T19:00:00Z,IFS_-029.25_-050.25,-29.25,-50.25,493.955,1.1
2026-10-09T20:00:00Z,IFS_-029.25_-050.25,-29.25,-50.25,493.955,1.1
2026-10-09T21:00:00Z,IFS_-029.25_-050.25,-29.25,-50.25,493.955,1.1
2026-10-09T22:00:00Z,IFS_-029.25_-050.25,-29.25,-50.25,493.955,0.1
2026-10-09T23:00:00Z,IFS_-029.25_-050.25,-29.25,-50.25,493.955,0.1
2026-10-10T00:00:00Z,IFS_-029.25_-050.25,-29.25,-50.25,493.955,0.1
2026-10-10T01:00:00Z,IFS_-029.25_-050.25,-29.25,-50.25,493.955,1.1
2026-10-10T02:00:00Z,IFS_-029.25_-050.25,-29.25,-50.25,493.955,1.1
2026-10-10T03:00:00Z,IFS_-029.25_-050.25,-29.25,-50.25,493.955,1.1
2026-10-10T04:00:00Z,IFS_-029.25_-050.25,-29.25,-50.25,493.955,0.8
2026-10-10T05:00:00Z,IFS_-029.25_-050.25,-29.25,-50.25,493.955,0.8
2026-10-10T06:00:00Z,IFS_-029.25_-050.25,-29.25,-50.25,493.955,0.8
2026-10-10T07:00:00Z,IFS_-029.25_-050.25,-29.25,-50.25,493.955,0.4
2026-10-10T08:00:00Z,IFS_-029.25_-050.25,-29.25,-50.25,493.955,0.4
2026-10-10T09:00:00Z,IFS_-029.25_-050.25,-29.25,-50.25,493.955,0.4
2026-10-10T10:00:00Z,IFS_-029.25_-050.25,-29.25,-50.25,493.955,0.0
2026-10-10T11:00:00Z,IFS_-029.25_-050.25,-29.25,-50.25,493.955,0.0
2026-10-10T12:00:00Z,IFS_-029.25_-050.25,-29.25,-50.25,493.955,0.0
2026-10-10T13:00:00Z,IFS_-029.25_-050.25,-29.25,-50.25,493.955,0.1
2026-10-10T14:00:00Z,IFS_-029.25_-050.25,-29.25,-50.25,493.955,0.1
2026-10-10T15:00:00Z,IFS_-029.25_-050.25,-29.25,-50.25,493.955,0.1
2026-10-10T16:00:00Z,IFS_-029.25_-050.25,-29.25,-50.25,493.955,0.5
2026-10-10T17:00:00Z,IFS_-029.25_-050.25,-29.25,-50.25,493.955,0.5
2026-10-10T18:00:00Z,IFS_-029.25_-050.25,-29.25,-50.25,493.955,0.5
2026-10-10T19:00:00Z,IFS_-029.25_-050.25,-29.25,-50.25,493.955,0.0
2026-10-10T20:00:00Z,IFS_-029.25_-050.25,-29.25,-50.25,493.955,0.0
2026-10-10T21:00:00Z,IFS_-029.25_-050.25,-29.25,-50.25,493.955,0.0
2026-10-10T22:00:00Z,IFS_-029.25_-050.25,-29.25,-50.25,493.955,0.0
2026-10-10T23:00:00Z,IFS_-029.25_-050.25,-29.25,-50.25,493.955,0.0
2026-10-11T00:00:00Z,IFS_-029.25_-050.25,-29.25,-50.25,493.955,0.0
2026-10-11T01:00:00Z,IFS_-029.25_-050.25,-29.25,-50.25,493.955,0.0
2026-10-11T02:00:00Z,IFS_-029.25_-050.25,-29.25,-50.25,493.955,0.0
2026-10-11T03:00:00Z,IFS_-029.25_-050.25,-29.25,-50.25,493.955,0.0
2026-10-11T04:00:00Z,IFS_-029.25_-050.25,-29.25,-50.25,493.955,0.0
2026-10-11T05:00:00Z,IFS_-029.25_-050.25,-29.25,-50.25,493.955,0.0
2026-10-11T06:00:00Z,IFS_-029.25_-050.25,-29.25,-50.25,493.955,0.0
2026-10-11T07:00:00Z,IFS_-029.25_-050.25,-29.25,-50.25,493.955,0.0
2026-10-11T08:00:00Z,IFS_-029.25_-050.25,-29.25,-50.25,493.955,0.0
2026-10-11T09:00:00Z,IFS_-029.25_-050.25,-29.25,-50.25,493.955,0.0
2026-10-11T10:00:00Z,IFS_-029.25_-050.25,-29.25,-50.25,493.955,0.0
2026-10-11T11:00:00Z,IFS_-029.25_-050.25,-29.25,-50.25,493.955,0.0
2026-10-11T12:00:00Z,IFS_-029.25_-050.25,-29.25,-50.25,493.955,0.0
2026-10-11T13:00:00Z,IFS_-029.25_-050.25,-29.25,-50.25,493.955,0.2
2026-10-11T14:00:00Z,IFS_-029.25_-050.25,-29.25,-50.25,493.955,0.2
2026-10-11T15:00:00Z,IFS_-029.25_-050.25,-29.25,-50.25,493.955,0.2
2026-10-11T16:00:00Z,IFS_-029.25_-050.25,-29.25,-50.25,493.955,1.7
2026-10-11T17:00:00Z,IFS_-029.25_-050.25,-29.25,-50.25,493.955,1.7
2026-10-11T18:00:00Z,IFS_-029.25_-050.25,-29.25,-50.25,493.955,1.7
2026-10-11T19:00:00Z,IFS_-029.25_-050.25,-29.25,-50.25,493.955,0.0
2026-10-11T20:00:00Z,IFS_-029.25_-050.25,-29.25,-50.25,493.955,0.0
2026-10-11T21:00:00Z,IFS_-029.25_-050.25,-29.25,-50.25,493.955,0.0
2026-10-11T22:00:00Z,IFS_-029.25_-050.25,-29.25,-50.25,493.955,0.0
2026-10-11T23:00:00Z,IFS_-029.25_-050.25,-29.25,-50.25,493.955,0.0
2026-10-12T00:00:00Z,IFS_-029.25_-050.25,-29.25,-50.25,493.955,0.0
2026-10-12T01:00:00Z,IFS_-029.25_-050.25,-29.25,-50.25,493.955,0.1
2026-10-12T02:00:00Z,IFS_-029.25_-050.25,-29.25,-50.25,493.955,0.1
2026-10-12T03:00:00Z,IFS_-029.25_-050.25,-29.25,-50.25,493.955,0.1
2026-10-12T04:00:00Z,IFS_-029.25_-050.25,-29.25,-50.25,493.955,0.0
2026-10-12T05:00:00Z,IFS_-029.25_-050.25,-29.25,-50.25,493.955,0.0
2026-10-12T06:00:00Z,IFS_-029.25_-050.25,-29.25,-50.25,493.955,0.0
2026-10-12T07:00:00Z,IFS_-029.25_-050.25,-29.25,-50.25,493.955,0.1
2026-10-12T08:00:00Z,IFS_-029.25_-050.25,-29.25,-50.25,493.955,0.1
2026-10-12T09:00:00Z,IFS_-029.25_-050.25,-29.25,-50.25,493.955,0.1
2026-10-12T10:00:00Z,IFS_-029.25_-050.25,-29.25,-50.25,493.955,0.1
2026-10-12T11:00:00Z,IFS_-029.25_-050.25,-29.25,-50.25,493.955,0.1
2026-10-12T12:00:00Z,IFS_-029.25_-050.25,-29.25,-50.25,493.955,0.1
2026-10-12T13:00:00Z,IFS_-029.25_-050.25,-29.25,-50.25,493.955,0.1
2026-10-12T14:00:00Z,IFS_-029.25_-050.25,-29.25,-50.25,493.955,0.1
2026-10-12T15:00:00Z,IFS_-029.25_-050.25,-29.25,-50.25,493.955,0.1
2026-10-12T16:00:00Z,IFS_-029.25_-050.25,-29.25,-50.25,493.955,0.4
2026-10-12T17:00:00Z,IFS_-029.25_-050.25,-29.25,-50.25,493.955,0.4
2026-10-12T18:00:00Z,IFS_-029.25_-050.25,-29.25,-50.25,493.955,0.4
2026-10-12T19:00:00Z,IFS_-029.25_-050.25,-29.25,-50.25,493.955,2.0
2026-10-12T20:00:00Z,IFS_-029.25_-050.25,-29.25,-50.25,493.955,2.0
2026-10-12T21:00:00Z,IFS_-029.25_-050.25,-29.25,-50.25,493.955,2.0
2026-10-12T22:00:00Z,IFS_-029.25_-050.25,-29.25,-50.25,493.955,0.1
2026-10-12T23:00:00Z,IFS_-029.25_-050.25,-29.25,-50.25,493.955,0.1
2026-10-13T00:00:00Z,IFS_-029.25_-050.25,-29.25,-50.25,493.955,0.1
2026-10-13T01:00:00Z,IFS_-029.25_-050.25,-29.25,-50.25,493.955,0.1
2026-10-08T02:00:00Z,IFS_-029.25_-050.00,-29.25,-50.0,6.1573,0.0
2026-10-08T03:00:00Z,IFS_-029.25_-050.00,-29.25,-50.0,6.1573,0.0
2026-10-08T04:00:00Z,IFS_-029.25_-050.00,-29.25,-50.0,6.1573,0.0
2026-10-08T05:00:00Z,IFS_-029.25_-050.00,-29.25,-50.0,6.1573,0.0
2026-10-08T06:00:00Z,IFS_-029.25_-050.00,-29.25,-50.0,6.1573,0.0
2026-10-08T07:00:00Z,IFS_-029.25_-050.00,-29.25,-50.0,6.1573,0.0
2026-10-08T08:00:00Z,IFS_-029.25_-050.00,-29.25,-50.0,6.1573,0.0
2026-10-08T09:00:00Z,IFS_-029.25_-050.00,-29.25,-50.0,6.1573,0.0
2026-10-08T10:00:00Z,IFS_-029.25_-050.00,-29.25,-50.0,6.1573,0.0
2026-10-08T11:00:00Z,IFS_-029.25_-050.00,-29.25,-50.0,6.1573,0.0
2026-10-08T12:00:00Z,IFS_-029.25_-050.00,-29.25,-50.0,6.1573,0.0
2026-10-08T13:00:00Z,IFS_-029.25_-050.00,-29.25,-50.0,6.1573,0.0
2026-10-08T14:00:00Z,IFS_-029.25_-050.00,-29.25,-50.0,6.1573,0.0
2026-10-08T15:00:00Z,IFS_-029.25_-050.00,-29.25,-50.0,6.1573,0.0
2026-10-08T16:00:00Z,IFS_-029.25_-050.00,-29.25,-50.0,6.1573,0.2
2026-10-08T17:00:00Z,IFS_-029.25_-050.00,-29.25,-50.0,6.1573,0.2
2026-10-08T18:00:00Z,IFS_-029.25_-050.00,-29.25,-50.0,6.1573,0.2
2026-10-08T19:00:00Z,IFS_-029.25_-050.00,-29.25,-50.0,6.1573,0.0
2026-10-08T20:00:00Z,IFS_-029.25_-050.00,-29.25,-50.0,6.1573,0.0
2026-10-08T21:00:00Z,IFS_-029.25_-050.00,-29.25,-50.0,6.1573,0.0
2026-10-08T22:00:00Z,IFS_-029.25_-050.00,-29.25,-50.0,6.1573,0.0
2026-10-08T23:00:00Z,IFS_-029.25_-050.00,-29.25,-50.0,6.1573,0.0
2026-10-09T00:00:00Z,IFS_-029.25_-050.00,-29.25,-50.0,6.1573,0.0
2026-10-09T01:00:00Z,IFS_-029.25_-050.00,-29.25,-50.0,6.1573,0.0
2026-10-09T02:00:00Z,IFS_-029.25_-050.00,-29.25,-50.0,6.1573,0.0
2026-10-09T03:00:00Z,IFS_-029.25_-050.00,-29.25,-50.0,6.1573,0.0
2026-10-09T04:00:00Z,IFS_-029.25_-050.00,-29.25,-50.0,6.1573,2.2
2026-10-09T05:00:00Z,IFS_-029.25_-050.00,-29.25,-50.0,6.1573,2.2
2026-10-09T06:00:00Z,IFS_-029.25_-050.00,-29.25,-50.0,6.1573,2.2
2026-10-09T07:00:00Z,IFS_-029.25_-050.00,-29.25,-50.0,6.1573,0.6
2026-10-09T08:00:00Z,IFS_-029.25_-050.00,-29.25,-50.0,6.1573,0.6
2026-10-09T09:00:00Z,IFS_-029.25_-050.00,-29.25,-50.0,6.1573,0.6
2026-10-09T10:00:00Z,IFS_-029.25_-050.00,-29.25,-50.0,6.1573,0.5
2026-10-09T11:00:00Z,IFS_-029.25_-050.00,-29.25,-50.0,6.1573,0.5
2026-10-09T12:00:00Z,IFS_-029.25_-050.00,-29.25,-50.0,6.1573,0.5
2026-10-09T13:00:00Z,IFS_-029.25_-050.00,-29.25,-50.0,6.1573,0.2
2026-10-09T14:00:00Z,IFS_-029.25_-050.00,-29.25,-50.0,6.1573,0.2
2026-10-09T15:00:00Z,IFS_-029.25_-050.00,-29.25,-50.0,6.1573,0.2
2026-10-09T16:00:00Z,IFS_-029.25_-050.00,-29.25,-50.0,6.1573,1.1
2026-10-09T17:00:00Z,IFS_-029.25_-050.00,-29.25,-50.0,6.1573,1.1
2026-10-09T18:00:00Z,IFS_-029.25_-050.00,-29.25,-50.0,6.1573,1.1
2026-10-09T19:00:00Z,IFS_-029.25_-050.00,-29.25,-50.0,6.1573,1.5
2026-10-09T20:00:00Z,IFS_-029.25_-050.00,-29.25,-50.0,6.1573,1.5
2026-10-09T21:00:00Z,IFS_-029.25_-050.00,-29.25,-50.0,6.1573,1.5
2026-10-09T22:00:00Z,IFS_-029.25_-050.00,-29.25,-50.0,6.1573,0.0
2026-10-09T23:00:00Z,IFS_-029.25_-050.00,-29.25,-50.0,6.1573,0.0
2026-10-10T00:00:00Z,IFS_-029.25_-050.00,-29.25,-50.0,6.1573,0.0
2026-10-10T01:00:00Z,IFS_-029.25_-050.00,-29.25,-50.0,6.1573,0.9
2026-10-10T02:00:00Z,IFS_-029.25_-050.00,-29.25,-50.0,6.1573,0.9
2026-10-10T03:00:00Z,IFS_-029.25_-050.00,-29.25,-50.0,6.1573,0.9
2026-10-10T04:00:00Z,IFS_-029.25_-050.00,-29.25,-50.0,6.1573,0.5
2026-10-10T05:00:00Z,IFS_-029.25_-050.00,-29.25,-50.0,6.1573,0.5
2026-10-10T06:00:00Z,IFS_-029.25_-050.00,-29.25,-50.0,6.1573,0.5
2026-10-10T07:00:00Z,IFS_-029.25_-050.00,-29.25,-50.0,6.1573,0.1
2026-10-10T08:00:00Z,IFS_-029.25_-050.00,-29.25,-50.0,6.1573,0.1
2026-10-10T09:00:00Z,IFS_-029.25_-050.00,-29.25,-50.0,6.1573,0.1
2026-10-10T10:00:00Z,IFS_-029.25_-050.00,-29.25,-50.0,6.1573,0.0
2026-10-10T11:00:00Z,IFS_-029.25_-050.00,-29.25,-50.0,6.1573,0.0
2026-10-10T12:00:00Z,IFS_-029.25_-050.00,-29.25,-50.0,6.1573,0.0
2026-10-10T13:00:00Z,IFS_-029.25_-050.00,-29.25,-50.0,6.1573,0.0
2026-10-10T14:00:00Z,IFS_-029.25_-050.00,-29.25,-50.0,6.1573,0.0
2026-10-10T15:00:00Z,IFS_-029.25_-050.00,-29.25,-50.0,6.1573,0.0
2026-10-10T16:00:00Z,IFS_-029.25_-050.00,-29.25,-50.0,6.1573,0.2
2026-10-10T17:00:00Z,IFS_-029.25_-050.00,-29.25,-50.0,6.1573,0.2
2026-10-10T18:00:00Z,IFS_-029.25_-050.00,-29.25,-50.0,6.1573,0.2
2026-10-10T19:00:00Z,IFS_-029.25_-050.00,-29.25,-50.0,6.1573,0.2
2026-10-10T20:00:00Z,IFS_-029.25_-050.00,-29.25,-50.0,6.1573,0.2
2026-10-10T21:00:00Z,IFS_-029.25_-050.00,-29.25,-50.0,6.1573,0.2
2026-10-10T22:00:00Z,IFS_-029.25_-050.00,-29.25,-50.0,6.1573,0.1
2026-10-10T23:00:00Z,IFS_-029.25_-050.00,-29.25,-50.0,6.1573,0.1
2026-10-11T00:00:00Z,IFS_-029.25_-050.00,-29.25,-50.0,6.1573,0.1
2026-10-11T01:00:00Z,IFS_-029.25_-050.00,-29.25,-50.0,6.1573,0.0
2026-10-11T02:00:00Z,IFS_-029.25_-050.00,-29.25,-50.0,6.1573,0.0
2026-10-11T03:00:00Z,IFS_-029.25_-050.00,-29.25,-50.0,6.1573,0.0
2026-10-11T04:00:00Z,IFS_-029.25_-050.00,-29.25,-50.0,6.1573,0.0
2026-10-11T05:00:00Z,IFS_-029.25_-050.00,-29.25,-50.0,6.1573,0.0
2026-10-11T06:00:00Z,IFS_-029.25_-050.00,-29.25,-50.0,6.1573,0.0
2026-10-11T07:00:00Z,IFS_-029.25_-050.00,-29.25,-50.0,6.1573,0.0
2026-10-11T08:00:00Z,IFS_-029.25_-050.00,-29.25,-50.0,6.1573,0.0
2026-10-11T09:00:00Z,IFS_-029.25_-050.00,-29.25,-50.0,6.1573,0.0
2026-10-11T10:00:00Z,IFS_-029.25_-050.00,-29.25,-50.0,6.1573,0.0
2026-10-11T11:00:00Z,IFS_-029.25_-050.00,-29.25,-50.0,6.1573,0.0
2026-10-11T12:00:00Z,IFS_-029.25_-050.00,-29.25,-50.0,6.1573,0.0
2026-10-11T13:00:00Z,IFS_-029.25_-050.00,-29.25,-50.0,6.1573,0.0
2026-10-11T14:00:00Z,IFS_-029.25_-050.00,-29.25,-50.0,6.1573,0.0
2026-10-11T15:00:00Z,IFS_-029.25_-050.00,-29.25,-50.0,6.1573,0.0
2026-10-11T16:00:00Z,IFS_-029.25_-050.00,-29.25,-50.0,6.1573,0.5
2026-10-11T17:00:00Z,IFS_-029.25_-050.00,-29.25,-50.0,6.1573,0.5
2026-10-11T18:00:00Z,IFS_-029.25_-050.00,-29.25,-50.0,6.1573,0.5
2026-10-11T19:00:00Z,IFS_-029.25_-050.00,-29.25,-50.0,6.1573,0.2
2026-10-11T20:00:00Z,IFS_-029.25_-050.00,-29.25,-50.0,6.1573,0.2
2026-10-11T21:00:00Z,IFS_-029.25_-050.00,-29.25,-50.0,6.1573,0.2
2026-10-11T22:00:00Z,IFS_-029.25_-050.00,-29.25,-50.0,6.1573,0.2
2026-10-11T23:00:00Z,IFS_-029.25_-050.00,-29.25,-50.0,6.1573,0.2
2026-10-12T00:00:00Z,IFS_-029.25_-050.00,-29.25,-50.0,6.1573,0.2
2026-10-12T01:00:00Z,IFS_-029.25_-050.00,-29.25,-50.0,6.1573,0.3
2026-10-12T02:00:00Z,IFS_-029.25_-050.00,-29.25,-50.0,6.1573,0.3
2026-10-12T03:00:00Z,IFS_-029.25_-050.00,-29.25,-50.0,6.1573,0.3
2026-10-12T04:00:00Z,IFS_-029.25_-050.00,-29.25,-50.0,6.1573,0.3
2026-10-12T05:00:00Z,IFS_-029.25_-050.00,-29.25,-50.0,6.1573,0.3
2026-10-12T06:00:00Z,IFS_-029.25_-050.00,-29.25,-50.0,6.1573,0.3
2026-10-12T07:00:00Z,IFS_-029.25_-050.00,-29.25,-50.0,6.1573,0.2
2026-10-12T08:00:00Z,IFS_-029.25_-050.00,-29.25,-50.0,6.1573,0.2
2026-10-12T09:00:00Z,IFS_-029.25_-050.00,-29.25,-50.0,6.1573,0.2
2026-10-12T10:00:00Z,IFS_-029.25_-050.00,-29.25,-50.0,6.1573,0.1
2026-10-12T11:00:00Z,IFS_-029.25_-050.00,-29.25,-50.0,6.1573,0.1
2026-10-12T12:00:00Z,IFS_-029.25_-050.00,-29.25,-50.0,6.1573,0.1
2026-10-12T13:00:00Z,IFS_-029.25_-050.00,-29.25,-50.0,6.1573,0.1
2026-10-12T14:00:00Z,IFS_-029.25_-050.00,-29.25,-50.0,6.1573,0.1
2026-10-12T15:00:00Z,IFS_-029.25_-050.00,-29.25,-50.0,6.1573,0.1
2026-10-12T16:00:00Z,IFS_-029.25_-050.00,-29.25,-50.0,6.1573,0.4
2026-10-12T17:00:00Z,IFS_-029.25_-050.00,-29.25,-50.0,6.1573,0.4
2026-10-12T18:00:00Z,IFS_-029.25_-050.00,-29.25,-50.0,6.1573,0.4
2026-10-12T19:00:00Z,IFS_-029.25_-050.00,-29.25,-50.0,6.1573,0.8
2026-10-12T20:00:00Z,IFS_-029.25_-050.00,-29.25,-50.0,6.1573,0.8
2026-10-12T21:00:00Z,IFS_-029.25_-050.00,-29.25,-50.0,6.1573,0.8
2026-10-12T22:00:00Z,IFS_-029.25_-050.00,-29.25,-50.0,6.1573,0.2
2026-10-12T23:00:00Z,IFS_-029.25_-050.00,-29.25,-50.0,6.1573,0.2
2026-10-13T00:00:00Z,IFS_-029.25_-050.00,-29.25,-50.0,6.1573,0.2
2026-10-13T01:00:00Z,IFS_-029.25_-050.00,-29.25,-50.0,6.1573,0.3
2026-10-08T02:00:00Z,IFS_-029.00_-052.00,-29.0,-52.0,4.9442,0.0
2026-10-08T03:00:00Z,IFS_-029.00_-052.00,-29.0,-52.0,4.9442,0.0
2026-10-08T04:00:00Z,IFS_-029.00_-052.00,-29.0,-52.0,4.9442,0.0
2026-10-08T05:00:00Z,IFS_-029.00_-052.00,-29.0,-52.0,4.9442,0.0
2026-10-08T06:00:00Z,IFS_-029.00_-052.00,-29.0,-52.0,4.9442,0.0
2026-10-08T07:00:00Z,IFS_-029.00_-052.00,-29.0,-52.0,4.9442,0.0
2026-10-08T08:00:00Z,IFS_-029.00_-052.00,-29.0,-52.0,4.9442,0.0
2026-10-08T09:00:00Z,IFS_-029.00_-052.00,-29.0,-52.0,4.9442,0.0
2026-10-08T10:00:00Z,IFS_-029.00_-052.00,-29.0,-52.0,4.9442,0.3
2026-10-08T11:00:00Z,IFS_-029.00_-052.00,-29.0,-52.0,4.9442,0.3
2026-10-08T12:00:00Z,IFS_-029.00_-052.00,-29.0,-52.0,4.9442,0.3
2026-10-08T13:00:00Z,IFS_-029.00_-052.00,-29.0,-52.0,4.9442,1.4
2026-10-08T14:00:00Z,IFS_-029.00_-052.00,-29.0,-52.0,4.9442,1.4
2026-10-08T15:00:00Z,IFS_-029.00_-052.00,-29.0,-52.0,4.9442,1.4
2026-10-08T16:00:00Z,IFS_-029.00_-052.00,-29.0,-52.0,4.9442,0.6
2026-10-08T17:00:00Z,IFS_-029.00_-052.00,-29.0,-52.0,4.9442,0.6
2026-10-08T18:00:00Z,IFS_-029.00_-052.00,-29.0,-52.0,4.9442,0.6
2026-10-08T19:00:00Z,IFS_-029.00_-052.00,-29.0,-52.0,4.9442,0.0
2026-10-08T20:00:00Z,IFS_-029.00_-052.00,-29.0,-52.0,4.9442,0.0
2026-10-08T21:00:00Z,IFS_-029.00_-052.00,-29.0,-52.0,4.9442,0.0
2026-10-08T22:00:00Z,IFS_-029.00_-052.00,-29.0,-52.0,4.9442,0.0
2026-10-08T23:00:00Z,IFS_-029.00_-052.00,-29.0,-52.0,4.9442,0.0
2026-10-09T00:00:00Z,IFS_-029.00_-052.00,-29.0,-52.0,4.9442,0.0
2026-10-09T01:00:00Z,IFS_-029.00_-052.00,-29.0,-52.0,4.9442,0.1
2026-10-09T02:00:00Z,IFS_-029.00_-052.00,-29.0,-52.0,4.9442,0.1
2026-10-09T03:00:00Z,IFS_-029.00_-052.00,-29.0,-52.0,4.9442,0.1
2026-10-09T04:00:00Z,IFS_-029.00_-052.00,-29.0,-52.0,4.9442,1.4
2026-10-09T05:00:00Z,IFS_-029.00_-052.00,-29.0,-52.0,4.9442,1.4
2026-10-09T06:00:00Z,IFS_-029.00_-052.00,-29.0,-52.0,4.9442,1.4
2026-10-09T07:00:00Z,IFS_-029.00_-052.00,-29.0,-52.0,4.9442,0.3
2026-10-09T08:00:00Z,IFS_-029.00_-052.00,-29.0,-52.0,4.9442,0.3
2026-10-09T09:00:00Z,IFS_-029.00_-052.00,-29.0,-52.0,4.9442,0.3
2026-10-09T10:00:00Z,IFS_-029.00_-052.00,-29.0,-52.0,4.9442,1.4
2026-10-09T11:00:00Z,IFS_-029.00_-052.00,-29.0,-52.0,4.9442,1.4
2026-10-09T12:00:00Z,IFS_-029.00_-052.00,-29.0,-52.0,4.9442,1.4
2026-10-09T13:00:00Z,IFS_-029.00_-052.00,-29.0,-52.0,4.9442,3.3
2026-10-09T14:00:00Z,IFS_-029.00_-052.00,-29.0,-52.0,4.9442,3.3
2026-10-09T15:00:00Z,IFS_-029.00_-052.00,-29.0,-52.0,4.9442,3.3
2026-10-09T16:00:00Z,IFS_-029.00_-052.00,-29.0,-52.0,4.9442,1.5
2026-10-09T17:00:00Z,IFS_-029.00_-052.00,-29.0,-52.0,4.9442,1.5
2026-10-09T18:00:00Z,IFS_-029.00_-052.00,-29.0,-52.0,4.9442,1.5
2026-10-09T19:00:00Z,IFS_-029.00_-052.00,-29.0,-52.0,4.9442,0.8
2026-10-09T20:00:00Z,IFS_-029.00_-052.00,-29.0,-52.0,4.9442,0.8
2026-10-09T21:00:00Z,IFS_-029.00_-052.00,-29.0,-52.0,4.9442,0.8
2026-10-09T22:00:00Z,IFS_-029.00_-052.00,-29.0,-52.0,4.9442,1.8
2026-10-09T23:00:00Z,IFS_-029.00_-052.00,-29.0,-52.0,4.9442,1.8
2026-10-10T00:00:00Z,IFS_-029.00_-052.00,-29.0,-52.0,4.9442,1.8
2026-10-10T01:00:00Z,IFS_-029.00_-052.00,-29.0,-52.0,4.9442,1.5
2026-10-10T02:00:00Z,IFS_-029.00_-052.00,-29.0,-52.0,4.9442,1.5
2026-10-10T03:00:00Z,IFS_-029.00_-052.00,-29.0,-52.0,4.9442,1.5
2026-10-10T04:00:00Z,IFS_-029.00_-052.00,-29.0,-52.0,4.9442,1.1
2026-10-10T05:00:00Z,IFS_-029.00_-052.00,-29.0,-52.0,4.9442,1.1
2026-10-10T06:00:00Z,IFS_-029.00_-052.00,-29.0,-52.0,4.9442,1.1
2026-10-10T07:00:00Z,IFS_-029.00_-052.00,-29.0,-52.0,4.9442,0.5
2026-10-10T08:00:00Z,IFS_-029.00_-052.00,-29.0,-52.0,4.9442,0.5
2026-10-10T09:00:00Z,IFS_-029.00_-052.00,-29.0,-52.0,4.9442,0.5
2026-10-10T10:00:00Z,IFS_-029.00_-052.00,-29.0,-52.0,4.9442,0.1
2026-10-10T11:00:00Z,IFS_-029.00_-052.00,-29.0,-52.0,4.9442,0.1
2026-10-10T12:00:00Z,IFS_-029.00_-052.00,-29.0,-52.0,4.9442,0.1
2026-10-10T13:00:00Z,IFS_-029.00_-052.00,-29.0,-52.0,4.9442,0.1
2026-10-10T14:00:00Z,IFS_-029.00_-052.00,-29.0,-52.0,4.9442,0.1
2026-10-10T15:00:00Z,IFS_-029.00_-052.00,-29.0,-52.0,4.9442,0.1
2026-10-10T16:00:00Z,IFS_-029.00_-052.00,-29.0,-52.0,4.9442,0.0
2026-10-10T17:00:00Z,IFS_-029.00_-052.00,-29.0,-52.0,4.9442,0.0
2026-10-10T18:00:00Z,IFS_-029.00_-052.00,-29.0,-52.0,4.9442,0.0
2026-10-10T19:00:00Z,IFS_-029.00_-052.00,-29.0,-52.0,4.9442,0.0
2026-10-10T20:00:00Z,IFS_-029.00_-052.00,-29.0,-52.0,4.9442,0.0
2026-10-10T21:00:00Z,IFS_-029.00_-052.00,-29.0,-52.0,4.9442,0.0
2026-10-10T22:00:00Z,IFS_-029.00_-052.00,-29.0,-52.0,4.9442,0.1
2026-10-10T23:00:00Z,IFS_-029.00_-052.00,-29.0,-52.0,4.9442,0.1
2026-10-11T00:00:00Z,IFS_-029.00_-052.00,-29.0,-52.0,4.9442,0.1
2026-10-11T01:00:00Z,IFS_-029.00_-052.00,-29.0,-52.0,4.9442,0.0
2026-10-11T02:00:00Z,IFS_-029.00_-052.00,-29.0,-52.0,4.9442,0.0
2026-10-11T03:00:00Z,IFS_-029.00_-052.00,-29.0,-52.0,4.9442,0.0
2026-10-11T04:00:00Z,IFS_-029.00_-052.00,-29.0,-52.0,4.9442,0.0
2026-10-11T05:00:00Z,IFS_-029.00_-052.00,-29.0,-52.0,4.9442,0.0
2026-10-11T06:00:00Z,IFS_-029.00_-052.00,-29.0,-52.0,4.9442,0.0
2026-10-11T07:00:00Z,IFS_-029.00_-052.00,-29.0,-52.0,4.9442,0.0
2026-10-11T08:00:00Z,IFS_-029.00_-052.00,-29.0,-52.0,4.9442,0.0
2026-10-11T09:00:00Z,IFS_-029.00_-052.00,-29.0,-52.0,4.9442,0.0
2026-10-11T10:00:00Z,IFS_-029.00_-052.00,-29.0,-52.0,4.9442,0.0
2026-10-11T11:00:00Z,IFS_-029.00_-052.00,-29.0,-52.0,4.9442,0.0
2026-10-11T12:00:00Z,IFS_-029.00_-052.00,-29.0,-52.0,4.9442,0.0
2026-10-11T13:00:00Z,IFS_-029.00_-052.00,-29.0,-52.0,4.9442,0.5
2026-10-11T14:00:00Z,IFS_-029.00_-052.00,-29.0,-52.0,4.9442,0.5
2026-10-11T15:00:00Z,IFS_-029.00_-052.00,-29.0,-52.0,4.9442,0.5
2026-10-11T16:00:00Z,IFS_-029.00_-052.00,-29.0,-52.0,4.9442,0.0
2026-10-11T17:00:00Z,IFS_-029.00_-052.00,-29.0,-52.0,4.9442,0.0
2026-10-11T18:00:00Z,IFS_-029.00_-052.00,-29.0,-52.0,4.9442,0.0
2026-10-11T19:00:00Z,IFS_-029.00_-052.00,-29.0,-52.0,4.9442,0.0
2026-10-11T20:00:00Z,IFS_-029.00_-052.00,-29.0,-52.0,4.9442,0.0
2026-10-11T21:00:00Z,IFS_-029.00_-052.00,-29.0,-52.0,4.9442,0.0
2026-10-11T22:00:00Z,IFS_-029.00_-052.00,-29.0,-52.0,4.9442,0.0
2026-10-11T23:00:00Z,IFS_-029.00_-052.00,-29.0,-52.0,4.9442,0.0
2026-10-12T00:00:00Z,IFS_-029.00_-052.00,-29.0,-52.0,4.9442,0.0
2026-10-12T01:00:00Z,IFS_-029.00_-052.00,-29.0,-52.0,4.9442,0.0
2026-10-12T02:00:00Z,IFS_-029.00_-052.00,-29.0,-52.0,4.9442,0.0
2026-10-12T03:00:00Z,IFS_-029.00_-052.00,-29.0,-52.0,4.9442,0.0
2026-10-12T04:00:00Z,IFS_-029.00_-052.00,-29.0,-52.0,4.9442,0.0
2026-10-12T05:00:00Z,IFS_-029.00_-052.00,-29.0,-52.0,4.9442,0.0
2026-10-12T06:00:00Z,IFS_-029.00_-052.00,-29.0,-52.0,4.9442,0.0
2026-10-12T07:00:00Z,IFS_-029.00_-052.00,-29.0,-52.0,4.9442,0.0
2026-10-12T08:00:00Z,IFS_-029.00_-052.00,-29.0,-52.0,4.9442,0.0
2026-10-12T09:00:00Z,IFS_-029.00_-052.00,-29.0,-52.0,4.9442,0.0
2026-10-12T10:00:00Z,IFS_-029.00_-052.00,-29.0,-52.0,4.9442,0.0
2026-10-12T11:00:00Z,IFS_-029.00_-052.00,-29.0,-52.0,4.9442,0.0
2026-10-12T12:00:00Z,IFS_-029.00_-052.00,-29.0,-52.0,4.9442,0.0
2026-10-12T13:00:00Z,IFS_-029.00_-052.00,-29.0,-52.0,4.9442,0.1
2026-10-12T14:00:00Z,IFS_-029.00_-052.00,-29.0,-52.0,4.9442,0.1
2026-10-12T15:00:00Z,IFS_-029.00_-052.00,-29.0,-52.0,4.9442,0.1
2026-10-12T16:00:00Z,IFS_-029.00_-052.00,-29.0,-52.0,4.9442,0.0
2026-10-12T17:00:00Z,IFS_-029.00_-052.00,-29.0,-52.0,4.9442,0.0
2026-10-12T18:00:00Z,IFS_-029.00_-052.00,-29.0,-52.0,4.9442,0.0
2026-10-12T19:00:00Z,IFS_-029.00_-052.00,-29.0,-52.0,4.9442,0.0
2026-10-12T20:00:00Z,IFS_-029.00_-052.00,-29.0,-52.0,4.9442,0.0
2026-10-12T21:00:00Z,IFS_-029.00_-052.00,-29.0,-52.0,4.9442,0.0
2026-10-12T22:00:00Z,IFS_-029.00_-052.00,-29.0,-52.0,4.9442,0.0
2026-10-12T23:00:00Z,IFS_-029.00_-052.00,-29.0,-52.0,4.9442,0.0
2026-10-13T00:00:00Z,IFS_-029.00_-052.00,-29.0,-52.0,4.9442,0.0
2026-10-13T01:00:00Z,IFS_-029.00_-052.00,-29.0,-52.0,4.9442,0.0
2026-10-08T02:00:00Z,IFS_-029.00_-051.75,-29.0,-51.75,612.0259,0.0
2026-10-08T03:00:00Z,IFS_-029.00_-051.75,-29.0,-51.75,612.0259,0.0
2026-10-08T04:00:00Z,IFS_-029.00_-051.75,-29.0,-51.75,612.0259,0.0
2026-10-08T05:00:00Z,IFS_-029.00_-051.75,-29.0,-51.75,612.0259,0.0
2026-10-08T06:00:00Z,IFS_-029.00_-051.75,-29.0,-51.75,612.0259,0.0
2026-10-08T07:00:00Z,IFS_-029.00_-051.75,-29.0,-51.75,612.0259,0.1
2026-10-08T08:00:00Z,IFS_-029.00_-051.75,-29.0,-51.75,612.0259,0.1
2026-10-08T09:00:00Z,IFS_-029.00_-051.75,-29.0,-51.75,612.0259,0.1
2026-10-08T10:00:00Z,IFS_-029.00_-051.75,-29.0,-51.75,612.0259,0.1
2026-10-08T11:00:00Z,IFS_-029.00_-051.75,-29.0,-51.75,612.0259,0.1
2026-10-08T12:00:00Z,IFS_-029.00_-051.75,-29.0,-51.75,612.0259,0.1
2026-10-08T13:00:00Z,IFS_-029.00_-051.75,-29.0,-51.75,612.0259,0.8
2026-10-08T14:00:00Z,IFS_-029.00_-051.75,-29.0,-51.75,612.0259,0.8
2026-10-08T15:00:00Z,IFS_-029.00_-051.75,-29.0,-51.75,612.0259,0.8
2026-10-08T16:00:00Z,IFS_-029.00_-051.75,-29.0,-51.75,612.0259,0.7
2026-10-08T17:00:00Z,IFS_-029.00_-051.75,-29.0,-51.75,612.0259,0.7
2026-10-08T18:00:00Z,IFS_-029.00_-051.75,-29.0,-51.75,612.0259,0.7
2026-10-08T19:00:00Z,IFS_-029.00_-051.75,-29.0,-51.75,612.0259,0.0
2026-10-08T20:00:00Z,IFS_-029.00_-051.75,-29.0,-51.75,612.0259,0.0
2026-10-08T21:00:00Z,IFS_-029.00_-051.75,-29.0,-51.75,612.0259,0.0
2026-10-08T22:00:00Z,IFS_-029.00_-051.75,-29.0,-51.75,612.0259,0.0
2026-10-08T23:00:00Z,IFS_-029.00_-051.75,-29.0,-51.75,612.0259,0.0
2026-10-09T00:00:00Z,IFS_-029.00_-051.75,-29.0,-51.75,612.0259,0.0
2026-10-09T01:00:00Z,IFS_-029.00_-051.75,-29.0,-51.75,612.0259,0.1
2026-10-09T02:00:00Z,IFS_-029.00_-051.75,-29.0,-51.75,612.0259,0.1
2026-10-09T03:00:00Z,IFS_-029.00_-051.75,-29.0,-51.75,612.0259,0.1
2026-10-09T04:00:00Z,IFS_-029.00_-051.75,-29.0,-51.75,612.0259,2.6
2026-10-09T05:00:00Z,IFS_-029.00_-051.75,-29.0,-51.75,612.0259,2.6
2026-10-09T06:00:00Z,IFS_-029.00_-051.75,-29.0,-51.75,612.0259,2.6
2026-10-09T07:00:00Z,IFS_-029.00_-051.75,-29.0,-51.75,612.0259,0.2
2026-10-09T08:00:00Z,IFS_-029.00_-051.75,-29.0,-51.75,612.0259,0.2
2026-10-09T09:00:00Z,IFS_-029.00_-051.75,-29.0,-51.75,612.0259,0.2
2026-10-09T10:00:00Z,IFS_-029.00_-051.75,-29.0,-51.75,612.0259,1.7
2026-10-09T11:00:00Z,IFS_-029.00_-051.75,-29.0,-51.75,612.0259,1.7
2026-10-09T12:00:00Z,IFS_-029.00_-051.75,-29.0,-51.75,612.0259,1.7
2026-10-09T13:00:00Z,IFS_-029.00_-051.75,-29.0,-51.75,612.0259,3.4
2026-10-09T14:00:00Z,IFS_-029.00_-051.75,-29.0,-51.75,612.0259,3.4
2026-10-09T15:00:00Z,IFS_-029.00_-051.75,-29.0,-51.75,612.0259,3.4
2026-10-09T16:00:00Z,IFS_-029.00_-051.75,-29.0,-51.75,612.0259,1.2
2026-10-09T17:00:00Z,IFS_-029.00_-051.75,-29.0,-51.75,612.0259,1.2
2026-10-09T18:00:00Z,IFS_-029.00_-051.75,-29.0,-51.75,612.0259,1.2
2026-10-09T19:00:00Z,IFS_-029.00_-051.75,-29.0,-51.75,612.0259,0.9
2026-10-09T20:00:00Z,IFS_-029.00_-051.75,-29.0,-51.75,612.0259,0.9
2026-10-09T21:00:00Z,IFS_-029.00_-051.75,-29.0,-51.75,612.0259,0.9
2026-10-09T22:00:00Z,IFS_-029.00_-051.75,-29.0,-51.75,612.0259,2.1
2026-10-09T23:00:00Z,IFS_-029.00_-051.75,-29.0,-51.75,612.0259,2.1
2026-10-10T00:00:00Z,IFS_-029.00_-051.75,-29.0,-51.75,612.0259,2.1
2026-10-10T01:00:00Z,IFS_-029.00_-051.75,-29.0,-51.75,612.0259,1.3
2026-10-10T02:00:00Z,IFS_-029.00_-051.75,-29.0,-51.75,612.0259,1.3
2026-10-10T03:00:00Z,IFS_-029.00_-051.75,-29.0,-51.75,612.0259,1.3
2026-10-10T04:00:00Z,IFS_-029.00_-051.75,-29.0,-51.75,612.0259,1.2
2026-10-10T05:00:00Z,IFS_-029.00_-051.75,-29.0,-51.75,612.0259,1.2
2026-10-10T06:00:00Z,IFS_-029.00_-051.75,-29.0,-51.75,612.0259,1.2
2026-10-10T07:00:00Z,IFS_-029.00_-051.75,-29.0,-51.75,612.0259,1.0
2026-10-10T08:00:00Z,IFS_-029.00_-051.75,-29.0,-51.75,612.0259,1.0
2026-10-10T09:00:00Z,IFS_-029.00_-051.75,-29.0,-51.75,612.0259,1.0
2026-10-10T10:00:00Z,IFS_-029.00_-051.75,-29.0,-51.75,612.0259,0.0
2026-10-10T11:00:00Z,IFS_-029.00_-051.75,-29.0,-51.75,612.0259,0.0
2026-10-10T12:00:00Z,IFS_-029.00_-051.75,-29.0,-51.75,612.0259,0.0
2026-10-10T13:00:00Z,IFS_-029.00_-051.75,-29.0,-51.75,612.0259,0.4
2026-10-10T14:00:00Z,IFS_-029.00_-051.75,-29.0,-51.75,612.0259,0.4
2026-10-10T15:00:00Z,IFS_-029.00_-051.75,-29.0,-51.75,612.0259,0.4
2026-10-10T16:00:00Z,IFS_-029.00_-051.75,-29.0,-51.75,612.0259,0.1
2026-10-10T17:00:00Z,IFS_-029.00_-051.75,-29.0,-51.75,612.0259,0.1
2026-10-10T18:00:00Z,IFS_-029.00_-051.75,-29.0,-51.75,612.0259,0.1
2026-10-10T19:00:00Z,IFS_-029.00_-051.75,-29.0,-51.75,612.0259,0.0
2026-10-10T20:00:00Z,IFS_-029.00_-051.75,-29.0,-51.75,612.0259,0.0
2026-10-10T21:00:00Z,IFS_-029.00_-051.75,-29.0,-51.75,612.0259,0.0
2026-10-10T22:00:00Z,IFS_-029.00_-051.75,-29.0,-51.75,612.0259,0.0
2026-10-10T23:00:00Z,IFS_-029.00_-051.75,-29.0,-51.75,612.0259,0.0
2026-10-11T00:00:00Z,IFS_-029.00_-051.75,-29.0,-51.75,612.0259,0.0
2026-10-11T01:00:00Z,IFS_-029.00_-051.75,-29.0,-51.75,612.0259,0.0
2026-10-11T02:00:00Z,IFS_-029.00_-051.75,-29.0,-51.75,612.0259,0.0
2026-10-11T03:00:00Z,IFS_-029.00_-051.75,-29.0,-51.75,612.0259,0.0
2026-10-11T04:00:00Z,IFS_-029.00_-051.75,-29.0,-51.75,612.0259,0.0
2026-10-11T05:00:00Z,IFS_-029.00_-051.75,-29.0,-51.75,612.0259,0.0
2026-10-11T06:00:00Z,IFS_-029.00_-051.75,-29.0,-51.75,612.0259,0.0
2026-10-11T07:00:00Z,IFS_-029.00_-051.75,-29.0,-51.75,612.0259,0.0
2026-10-11T08:00:00Z,IFS_-029.00_-051.75,-29.0,-51.75,612.0259,0.0
2026-10-11T09:00:00Z,IFS_-029.00_-051.75,-29.0,-51.75,612.0259,0.0
2026-10-11T10:00:00Z,IFS_-029.00_-051.75,-29.0,-51.75,612.0259,0.0
2026-10-11T11:00:00Z,IFS_-029.00_-051.75,-29.0,-51.75,612.0259,0.0
2026-10-11T12:00:00Z,IFS_-029.00_-051.75,-29.0,-51.75,612.0259,0.0
2026-10-11T13:00:00Z,IFS_-029.00_-051.75,-29.0,-51.75,612.0259,0.8
2026-10-11T14:00:00Z,IFS_-029.00_-051.75,-29.0,-51.75,612.0259,0.8
2026-10-11T15:00:00Z,IFS_-029.00_-051.75,-29.0,-51.75,612.0259,0.8
2026-10-11T16:00:00Z,IFS_-029.00_-051.75,-29.0,-51.75,612.0259,0.0
2026-10-11T17:00:00Z,IFS_-029.00_-051.75,-29.0,-51.75,612.0259,0.0
2026-10-11T18:00:00Z,IFS_-029.00_-051.75,-29.0,-51.75,612.0259,0.0
2026-10-11T19:00:00Z,IFS_-029.00_-051.75,-29.0,-51.75,612.0259,0.0
2026-10-11T20:00:00Z,IFS_-029.00_-051.75,-29.0,-51.75,612.0259,0.0
2026-10-11T21:00:00Z,IFS_-029.00_-051.75,-29.0,-51.75,612.0259,0.0
2026-10-11T22:00:00Z,IFS_-029.00_-051.75,-29.0,-51.75,612.0259,0.0
2026-10-11T23:00:00Z,IFS_-029.00_-051.75,-29.0,-51.75,612.0259,0.0
2026-10-12T00:00:00Z,IFS_-029.00_-051.75,-29.0,-51.75,612.0259,0.0
2026-10-12T01:00:00Z,IFS_-029.00_-051.75,-29.0,-51.75,612.0259,0.0
2026-10-12T02:00:00Z,IFS_-029.00_-051.75,-29.0,-51.75,612.0259,0.0
2026-10-12T03:00:00Z,IFS_-029.00_-051.75,-29.0,-51.75,612.0259,0.0
2026-10-12T04:00:00Z,IFS_-029.00_-051.75,-29.0,-51.75,612.0259,0.0
2026-10-12T05:00:00Z,IFS_-029.00_-051.75,-29.0,-51.75,612.0259,0.0
2026-10-12T06:00:00Z,IFS_-029.00_-051.75,-29.0,-51.75,612.0259,0.0
2026-10-12T07:00:00Z,IFS_-029.00_-051.75,-29.0,-51.75,612.0259,0.0
2026-10-12T08:00:00Z,IFS_-029.00_-051.75,-29.0,-51.75,612.0259,0.0
2026-10-12T09:00:00Z,IFS_-029.00_-051.75,-29.0,-51.75,612.0259,0.0
2026-10-12T10:00:00Z,IFS_-029.00_-051.75,-29.0,-51.75,612.0259,0.0
2026-10-12T11:00:00Z,IFS_-029.00_-051.75,-29.0,-51.75,612.0259,0.0
2026-10-12T12:00:00Z,IFS_-029.00_-051.75,-29.0,-51.75,612.0259,0.0
2026-10-12T13:00:00Z,IFS_-029.00_-051.75,-29.0,-51.75,612.0259,0.6
2026-10-12T14:00:00Z,IFS_-029.00_-051.75,-29.0,-51.75,612.0259,0.6
2026-10-12T15:00:00Z,IFS_-029.00_-051.75,-29.0,-51.75,612.0259,0.6
2026-10-12T16:00:00Z,IFS_-029.00_-051.75,-29.0,-51.75,612.0259,0.1
2026-10-12T17:00:00Z,IFS_-029.00_-051.75,-29.0,-51.75,612.0259,0.1
2026-10-12T18:00:00Z,IFS_-029.00_-051.75,-29.0,-51.75,612.0259,0.1
2026-10-12T19:00:00Z,IFS_-029.00_-051.75,-29.0,-51.75,612.0259,0.0
2026-10-12T20:00:00Z,IFS_-029.00_-051.75,-29.0,-51.75,612.0259,0.0
2026-10-12T21:00:00Z,IFS_-029.00_-051.75,-29.0,-51.75,612.0259,0.0
2026-10-12T22:00:00Z,IFS_-029.00_-051.75,-29.0,-51.75,612.0259,0.0
2026-10-12T23:00:00Z,IFS_-029.00_-051.75,-29.0,-51.75,612.0259,0.0
2026-10-13T00:00:00Z,IFS_-029.00_-051.75,-29.0,-51.75,612.0259,0.0
2026-10-13T01:00:00Z,IFS_-029.00_-051.75,-29.0,-51.75,612.0259,0.0
2026-10-08T02:00:00Z,IFS_-029.00_-051.50,-29.0,-51.5,674.4814,0.0
2026-10-08T03:00:00Z,IFS_-029.00_-051.50,-29.0,-51.5,674.4814,0.0
2026-10-08T04:00:00Z,IFS_-029.00_-051.50,-29.0,-51.5,674.4814,0.0
2026-10-08T05:00:00Z,IFS_-029.00_-051.50,-29.0,-51.5,674.4814,0.0
2026-10-08T06:00:00Z,IFS_-029.00_-051.50,-29.0,-51.5,674.4814,0.0
2026-10-08T07:00:00Z,IFS_-029.00_-051.50,-29.0,-51.5,674.4814,0.0
2026-10-08T08:00:00Z,IFS_-029.00_-051.50,-29.0,-51.5,674.4814,0.0
2026-10-08T09:00:00Z,IFS_-029.00_-051.50,-29.0,-51.5,674.4814,0.0
2026-10-08T10:00:00Z,IFS_-029.00_-051.50,-29.0,-51.5,674.4814,0.1
2026-10-08T11:00:00Z,IFS_-029.00_-051.50,-29.0,-51.5,674.4814,0.1
2026-10-08T12:00:00Z,IFS_-029.00_-051.50,-29.0,-51.5,674.4814,0.1
2026-10-08T13:00:00Z,IFS_-029.00_-051.50,-29.0,-51.5,674.4814,0.5
2026-10-08T14:00:00Z,IFS_-029.00_-051.50,-29.0,-51.5,674.4814,0.5
2026-10-08T15:00:00Z,IFS_-029.00_-051.50,-29.0,-51.5,674.4814,0.5
2026-10-08T16:00:00Z,IFS_-029.00_-051.50,-29.0,-51.5,674.4814,0.6
2026-10-08T17:00:00Z,IFS_-029.00_-051.50,-29.0,-51.5,674.4814,0.6
2026-10-08T18:00:00Z,IFS_-029.00_-051.50,-29.0,-51.5,674.4814,0.6
2026-10-08T19:00:00Z,IFS_-029.00_-051.50,-29.0,-51.5,674.4814,0.0
2026-10-08T20:00:00Z,IFS_-029.00_-051.50,-29.0,-51.5,674.4814,0.0
2026-10-08T21:00:00Z,IFS_-029.00_-051.50,-29.0,-51.5,674.4814,0.0
2026-10-08T22:00:00Z,IFS_-029.00_-051.50,-29.0,-51.5,674.4814,0.0
2026-10-08T23:00:00Z,IFS_-029.00_-051.50,-29.0,-51.5,674.4814,0.0
2026-10-09T00:00:00Z,IFS_-029.00_-051.50,-29.0,-51.5,674.4814,0.0
2026-10-09T01:00:00Z,IFS_-029.00_-051.50,-29.0,-51.5,674.4814,0.1
2026-10-09T02:00:00Z,IFS_-029.00_-051.50,-29.0,-51.5,674.4814,0.1
2026-10-09T03:00:00Z,IFS_-029.00_-051.50,-29.0,-51.5,674.4814,0.1
2026-10-09T04:00:00Z,IFS_-029.00_-051.50,-29.0,-51.5,674.4814,3.4
2026-10-09T05:00:00Z,IFS_-029.00_-051.50,-29.0,-51.5,674.4814,3.4
2026-10-09T06:00:00Z,IFS_-029.00_-051.50,-29.0,-51.5,674.4814,3.4
2026-10-09T07:00:00Z,IFS_-029.00_-051.50,-29.0,-51.5,674.4814,0.1
2026-10-09T08:00:00Z,IFS_-029.00_-051.50,-29.0,-51.5,674.4814,0.1
2026-10-09T09:00:00Z,IFS_-029.00_-051.50,-29.0,-51.5,674.4814,0.1
2026-10-09T10:00:00Z,IFS_-029.00_-051.50,-29.0,-51.5,674.4814,2.6
2026-10-09T11:00:00Z,IFS_-029.00_-051.50,-29.0,-51.5,674.4814,2.6
2026-10-09T12:00:00Z,IFS_-029.00_-051.50,-29.0,-51.5,674.4814,2.6
2026-10-09T13:00:00Z,IFS_-029.00_-051.50,-29.0,-51.5,674.4814,2.6
2026-10-09T14:00:00Z,IFS_-029.00_-051.50,-29.0,-51.5,674.4814,2.6
2026-10-09T15:00:00Z,IFS_-029.00_-051.50,-29.0,-51.5,674.4814,2.6
2026-10-09T16:00:00Z,IFS_-029.00_-051.50,-29.0,-51.5,674.4814,1.7
2026-10-09T17:00:00Z,IFS_-029.00_-051.50,-29.0,-51.5,674.4814,1.7
2026-10-09T18:00:00Z,IFS_-029.00_-051.50,-29.0,-51.5,674.4814,1.7
2026-10-09T19:00:00Z,IFS_-029.00_-051.50,-29.0,-51.5,674.4814,1.3
2026-10-09T20:00:00Z,IFS_-029.00_-051.50,-29.0,-51.5,674.4814,1.3
2026-10-09T21:00:00Z,IFS_-029.00_-051.50,-29.0,-51.5,674.4814,1.3
2026-10-09T22:00:00Z,IFS_-029.00_-051.50,-29.0,-51.5,674.4814,2.6
2026-10-09T23:00:00Z,IFS_-029.00_-051.50,-29.0,-51.5,674.4814,2.6
2026-10-10T00:00:00Z,IFS_-029.00_-051.50,-29.0,-51.5,674.4814,2.6
2026-10-10T01:00:00Z,IFS_-029.00_-051.50,-29.0,-51.5,674.4814,1.0
2026-10-10T02:00:00Z,IFS_-029.00_-051.50,-29.0,-51.5,674.4814,1.0
2026-10-10T03:00:00Z,IFS_-029.00_-051.50,-29.0,-51.5,674.4814,1.0
2026-10-10T04:00:00Z,IFS_-029.00_-051.50,-29.0,-51.5,674.4814,1.5
2026-10-10T05:00:00Z,IFS_-029.00_-051.50,-29.0,-51.5,674.4814,1.5
2026-10-10T06:00:00Z,IFS_-029.00_-051.50,-29.0,-51.5,674.4814,1.5
2026-10-10T07:00:00Z,IFS_-029.00_-051.50,-29.0,-51.5,674.4814,0.8
2026-10-10T08:00:00Z,IFS_-029.00_-051.50,-29.0,-51.5,674.4814,0.8
2026-10-10T09:00:00Z,IFS_-029.00_-051.50,-29.0,-51.5,674.4814,0.8
2026-10-10T10:00:00Z,IFS_-029.00_-051.50,-29.0,-51.5,674.4814,0.0
2026-10-10T11:00:00Z,IFS_-029.00_-051.50,-29.0,-51.5,674.4814,0.0
2026-10-10T12:00:00Z,IFS_-029.00_-051.50,-29.0,-51.5,674.4814,0.0
2026-10-10T13:00:00Z,IFS_-029.00_-051.50,-29.0,-51.5,674.4814,0.2
2026-10-10T14:00:00Z,IFS_-029.00_-051.50,-29.0,-51.5,674.4814,0.2
2026-10-10T15:00:00Z,IFS_-029.00_-051.50,-29.0,-51.5,674.4814,0.2
2026-10-10T16:00:00Z,IFS_-029.00_-051.50,-29.0,-51.5,674.4814,0.5
2026-10-10T17:00:00Z,IFS_-029.00_-051.50,-29.0,-51.5,674.4814,0.5
2026-10-10T18:00:00Z,IFS_-029.00_-051.50,-29.0,-51.5,674.4814,0.5
2026-10-10T19:00:00Z,IFS_-029.00_-051.50,-29.0,-51.5,674.4814,0.0
2026-10-10T20:00:00Z,IFS_-029.00_-051.50,-29.0,-51.5,674.4814,0.0
2026-10-10T21:00:00Z,IFS_-029.00_-051.50,-29.0,-51.5,674.4814,0.0
2026-10-10T22:00:00Z,IFS_-029.00_-051.50,-29.0,-51.5,674.4814,0.0
2026-10-10T23:00:00Z,IFS_-029.00_-051.50,-29.0,-51.5,674.4814,0.0
2026-10-11T00:00:00Z,IFS_-029.00_-051.50,-29.0,-51.5,674.4814,0.0
2026-10-11T01:00:00Z,IFS_-029.00_-051.50,-29.0,-51.5,674.4814,0.0
2026-10-11T02:00:00Z,IFS_-029.00_-051.50,-29.0,-51.5,674.4814,0.0
2026-10-11T03:00:00Z,IFS_-029.00_-051.50,-29.0,-51.5,674.4814,0.0
2026-10-11T04:00:00Z,IFS_-029.00_-051.50,-29.0,-51.5,674.4814,0.0
2026-10-11T05:00:00Z,IFS_-029.00_-051.50,-29.0,-51.5,674.4814,0.0
2026-10-11T06:00:00Z,IFS_-029.00_-051.50,-29.0,-51.5,674.4814,0.0
2026-10-11T07:00:00Z,IFS_-029.00_-051.50,-29.0,-51.5,674.4814,0.0
2026-10-11T08:00:00Z,IFS_-029.00_-051.50,-29.0,-51.5,674.4814,0.0
2026-10-11T09:00:00Z,IFS_-029.00_-051.50,-29.0,-51.5,674.4814,0.0
2026-10-11T10:00:00Z,IFS_-029.00_-051.50,-29.0,-51.5,674.4814,0.0
2026-10-11T11:00:00Z,IFS_-029.00_-051.50,-29.0,-51.5,674.4814,0.0
2026-10-11T12:00:00Z,IFS_-029.00_-051.50,-29.0,-51.5,674.4814,0.0
2026-10-11T13:00:00Z,IFS_-029.00_-051.50,-29.0,-51.5,674.4814,0.6
2026-10-11T14:00:00Z,IFS_-029.00_-051.50,-29.0,-51.5,674.4814,0.6
2026-10-11T15:00:00Z,IFS_-029.00_-051.50,-29.0,-51.5,674.4814,0.6
2026-10-11T16:00:00Z,IFS_-029.00_-051.50,-29.0,-51.5,674.4814,0.1
2026-10-11T17:00:00Z,IFS_-029.00_-051.50,-29.0,-51.5,674.4814,0.1
2026-10-11T18:00:00Z,IFS_-029.00_-051.50,-29.0,-51.5,674.4814,0.1
2026-10-11T19:00:00Z,IFS_-029.00_-051.50,-29.0,-51.5,674.4814,0.0
2026-10-11T20:00:00Z,IFS_-029.00_-051.50,-29.0,-51.5,674.4814,0.0
2026-10-11T21:00:00Z,IFS_-029.00_-051.50,-29.0,-51.5,674.4814,0.0
2026-10-11T22:00:00Z,IFS_-029.00_-051.50,-29.0,-51.5,674.4814,0.0
2026-10-11T23:00:00Z,IFS_-029.00_-051.50,-29.0,-51.5,674.4814,0.0
2026-10-12T00:00:00Z,IFS_-029.00_-051.50,-29.0,-51.5,674.4814,0.0
2026-10-12T01:00:00Z,IFS_-029.00_-051.50,-29.0,-51.5,674.4814,0.0
2026-10-12T02:00:00Z,IFS_-029.00_-051.50,-29.0,-51.5,674.4814,0.0
2026-10-12T03:00:00Z,IFS_-029.00_-051.50,-29.0,-51.5,674.4814,0.0
2026-10-12T04:00:00Z,IFS_-029.00_-051.50,-29.0,-51.5,674.4814,0.0
2026-10-12T05:00:00Z,IFS_-029.00_-051.50,-29.0,-51.5,674.4814,0.0
2026-10-12T06:00:00Z,IFS_-029.00_-051.50,-29.0,-51.5,674.4814,0.0
2026-10-12T07:00:00Z,IFS_-029.00_-051.50,-29.0,-51.5,674.4814,0.0
2026-10-12T08:00:00Z,IFS_-029.00_-051.50,-29.0,-51.5,674.4814,0.0
2026-10-12T09:00:00Z,IFS_-029.00_-051.50,-29.0,-51.5,674.4814,0.0
2026-10-12T10:00:00Z,IFS_-029.00_-051.50,-29.0,-51.5,674.4814,0.2
2026-10-12T11:00:00Z,IFS_-029.00_-051.50,-29.0,-51.5,674.4814,0.2
2026-10-12T12:00:00Z,IFS_-029.00_-051.50,-29.0,-51.5,674.4814,0.2
2026-10-12T13:00:00Z,IFS_-029.00_-051.50,-29.0,-51.5,674.4814,0.1
2026-10-12T14:00:00Z,IFS_-029.00_-051.50,-29.0,-51.5,674.4814,0.1
2026-10-12T15:00:00Z,IFS_-029.00_-051.50,-29.0,-51.5,674.4814,0.1
2026-10-12T16:00:00Z,IFS_-029.00_-051.50,-29.0,-51.5,674.4814,0.0
2026-10-12T17:00:00Z,IFS_-029.00_-051.50,-29.0,-51.5,674.4814,0.0
2026-10-12T18:00:00Z,IFS_-029.00_-051.50,-29.0,-51.5,674.4814,0.0
2026-10-12T19:00:00Z,IFS_-029.00_-051.50,-29.0,-51.5,674.4814,0.0
2026-10-12T20:00:00Z,IFS_-029.00_-051.50,-29.0,-51.5,674.4814,0.0
2026-10-12T21:00:00Z,IFS_-029.00_-051.50,-29.0,-51.5,674.4814,0.0
2026-10-12T22:00:00Z,IFS_-029.00_-051.50,-29.0,-51.5,674.4814,0.0
2026-10-12T23:00:00Z,IFS_-029.00_-051.50,-29.0,-51.5,674.4814,0.0
2026-10-13T00:00:00Z,IFS_-029.00_-051.50,-29.0,-51.5,674.4814,0.0
2026-10-13T01:00:00Z,IFS_-029.00_-051.50,-29.0,-51.5,674.4814,0.0
2026-10-08T02:00:00Z,IFS_-029.00_-051.25,-29.0,-51.25,674.3889,0.0
2026-10-08T03:00:00Z,IFS_-029.00_-051.25,-29.0,-51.25,674.3889,0.0
2026-10-08T04:00:00Z,IFS_-029.00_-051.25,-29.0,-51.25,674.3889,0.0
2026-10-08T05:00:00Z,IFS_-029.00_-051.25,-29.0,-51.25,674.3889,0.0
2026-10-08T06:00:00Z,IFS_-029.00_-051.25,-29.0,-51.25,674.3889,0.0
2026-10-08T07:00:00Z,IFS_-029.00_-051.25,-29.0,-51.25,674.3889,0.0
2026-10-08T08:00:00Z,IFS_-029.00_-051.25,-29.0,-51.25,674.3889,0.0
2026-10-08T09:00:00Z,IFS_-029.00_-051.25,-29.0,-51.25,674.3889,0.0
2026-10-08T10:00:00Z,IFS_-029.00_-051.25,-29.0,-51.25,674.3889,0.5
2026-10-08T11:00:00Z,IFS_-029.00_-051.25,-29.0,-51.25,674.3889,0.5
2026-10-08T12:00:00Z,IFS_-029.00_-051.25,-29.0,-51.25,674.3889,0.5
2026-10-08T13:00:00Z,IFS_-029.00_-051.25,-29.0,-51.25,674.3889,0.3
2026-10-08T14:00:00Z,IFS_-029.00_-051.25,-29.0,-51.25,674.3889,0.3
2026-10-08T15:00:00Z,IFS_-029.00_-051.25,-29.0,-51.25,674.3889,0.3
2026-10-08T16:00:00Z,IFS_-029.00_-051.25,-29.0,-51.25,674.3889,0.5
2026-10-08T17:00:00Z,IFS_-029.00_-051.25,-29.0,-51.25,674.3889,0.5
2026-10-08T18:00:00Z,IFS_-029.00_-051.25,-29.0,-51.25,674.3889,0.5
2026-10-08T19:00:00Z,IFS_-029.00_-051.25,-29.0,-51.25,674.3889,0.0
2026-10-08T20:00:00Z,IFS_-029.00_-051.25,-29.0,-51.25,674.3889,0.0
2026-10-08T21:00:00Z,IFS_-029.00_-051.25,-29.0,-51.25,674.3889,0.0
2026-10-08T22:00:00Z,IFS_-029.00_-051.25,-29.0,-51.25,674.3889,0.0
2026-10-08T23:00:00Z,IFS_-029.00_-051.25,-29.0,-51.25,674.3889,0.0
2026-10-09T00:00:00Z,IFS_-029.00_-051.25,-29.0,-51.25,674.3889,0.0
2026-10-09T01:00:00Z,IFS_-029.00_-051.25,-29.0,-51.25,674.3889,0.1
2026-10-09T02:00:00Z,IFS_-029.00_-051.25,-29.0,-51.25,674.3889,0.1
2026-10-09T03:00:00Z,IFS_-029.00_-051.25,-29.0,-51.25,674.3889,0.1
2026-10-09T04:00:00Z,IFS_-029.00_-051.25,-29.0,-51.25,674.3889,4.6
2026-10-09T05:00:00Z,IFS_-029.00_-051.25,-29.0,-51.25,674.3889,4.6
2026-10-09T06:00:00Z,IFS_-029.00_-051.25,-29.0,-51.25,674.3889,4.6
2026-10-09T07:00:00Z,IFS_-029.00_-051.25,-29.0,-51.25,674.3889,0.1
2026-10-09T08:00:00Z,IFS_-029.00_-051.25,-29.0,-51.25,674.3889,0.1
2026-10-09T09:00:00Z,IFS_-029.00_-051.25,-29.0,-51.25,674.3889,0.1
2026-10-09T10:00:00Z,IFS_-029.00_-051.25,-29.0,-51.25,674.3889,2.3
2026-10-09T11:00:00Z,IFS_-029.00_-051.25,-29.0,-51.25,674.3889,2.3
2026-10-09T12:00:00Z,IFS_-029.00_-051.25,-29.0,-51.25,674.3889,2.3
2026-10-09T13:00:00Z,IFS_-029.00_-051.25,-29.0,-51.25,674.3889,1.8
2026-10-09T14:00:00Z,IFS_-029.00_-051.25,-29.0,-51.25,674.3889,1.8
2026-10-09T15:00:00Z,IFS_-029.00_-051.25,-29.0,-51.25,674.3889,1.8
2026-10-09T16:00:00Z,IFS_-029.00_-051.25,-29.0,-51.25,674.3889,2.2
2026-10-09T17:00:00Z,IFS_-029.00_-051.25,-29.0,-51.25,674.3889,2.2
2026-10-09T18:00:00Z,IFS_-029.00_-051.25,-29.0,-51.25,674.3889,2.2
2026-10-09T19:00:00Z,IFS_-029.00_-051.25,-29.0,-51.25,674.3889,1.7
2026-10-09T20:00:00Z,IFS_-029.00_-051.25,-29.0,-51.25,674.3889,1.7
2026-10-09T21:00:00Z,IFS_-029.00_-051.25,-29.0,-51.25,674.3889,1.7
2026-10-09T22:00:00Z,IFS_-029.00_-051.25,-29.0,-51.25,674.3889,1.8
2026-10-09T23:00:00Z,IFS_-029.00_-051.25,-29.0,-51.25,674.3889,1.8
2026-10-10T00:00:00Z,IFS_-029.00_-051.25,-29.0,-51.25,674.3889,1.8
2026-10-10T01:00:00Z,IFS_-029.00_-051.25,-29.0,-51.25,674.3889,1.2
2026-10-10T02:00:00Z,IFS_-029.00_-051.25,-29.0,-51.25,674.3889,1.2
2026-10-10T03:00:00Z,IFS_-029.00_-051.25,-29.0,-51.25,674.3889,1.2
2026-10-10T04:00:00Z,IFS_-029.00_-051.25,-29.0,-51.25,674.3889,1.5
2026-10-10T05:00:00Z,IFS_-029.00_-051.25,-29.0,-51.25,674.3889,1.5
2026-10-10T06:00:00Z,IFS_-029.00_-051.25,-29.0,-51.25,674.3889,1.5
2026-10-10T07:00:00Z,IFS_-029.00_-051.25,-29.0,-51.25,674.3889,0.4
2026-10-10T08:00:00Z,IFS_-029.00_-051.25,-29.0,-51.25,674.3889,0.4
2026-10-10T09:00:00Z,IFS_-029.00_-051.25,-29.0,-51.25,674.3889,0.4
2026-10-10T10:00:00Z,IFS_-029.00_-051.25,-29.0,-51.25,674.3889,0.1
2026-10-10T11:00:00Z,IFS_-029.00_-051.25,-29.0,-51.25,674.3889,0.1
2026-10-10T12:00:00Z,IFS_-029.00_-051.25,-29.0,-51.25,674.3889,0.1
2026-10-10T13:00:00Z,IFS_-029.00_-051.25,-29.0,-51.25,674.3889,0.1
2026-10-10T14:00:00Z,IFS_-029.00_-051.25,-29.0,-51.25,674.3889,0.1
2026-10-10T15:00:00Z,IFS_-029.00_-051.25,-29.0,-51.25,674.3889,0.1
2026-10-10T16:00:00Z,IFS_-029.00_-051.25,-29.0,-51.25,674.3889,0.3
2026-10-10T17:00:00Z,IFS_-029.00_-051.25,-29.0,-51.25,674.3889,0.3
2026-10-10T18:00:00Z,IFS_-029.00_-051.25,-29.0,-51.25,674.3889,0.3
2026-10-10T19:00:00Z,IFS_-029.00_-051.25,-29.0,-51.25,674.3889,0.0
2026-10-10T20:00:00Z,IFS_-029.00_-051.25,-29.0,-51.25,674.3889,0.0
2026-10-10T21:00:00Z,IFS_-029.00_-051.25,-29.0,-51.25,674.3889,0.0
2026-10-10T22:00:00Z,IFS_-029.00_-051.25,-29.0,-51.25,674.3889,0.0
2026-10-10T23:00:00Z,IFS_-029.00_-051.25,-29.0,-51.25,674.3889,0.0
2026-10-11T00:00:00Z,IFS_-029.00_-051.25,-29.0,-51.25,674.3889,0.0
2026-10-11T01:00:00Z,IFS_-029.00_-051.25,-29.0,-51.25,674.3889,0.0
2026-10-11T02:00:00Z,IFS_-029.00_-051.25,-29.0,-51.25,674.3889,0.0
2026-10-11T03:00:00Z,IFS_-029.00_-051.25,-29.0,-51.25,674.3889,0.0
2026-10-11T04:00:00Z,IFS_-029.00_-051.25,-29.0,-51.25,674.3889,0.0
2026-10-11T05:00:00Z,IFS_-029.00_-051.25,-29.0,-51.25,674.3889,0.0
2026-10-11T06:00:00Z,IFS_-029.00_-051.25,-29.0,-51.25,674.3889,0.0
2026-10-11T07:00:00Z,IFS_-029.00_-051.25,-29.0,-51.25,674.3889,0.0
2026-10-11T08:00:00Z,IFS_-029.00_-051.25,-29.0,-51.25,674.3889,0.0
2026-10-11T09:00:00Z,IFS_-029.00_-051.25,-29.0,-51.25,674.3889,0.0
2026-10-11T10:00:00Z,IFS_-029.00_-051.25,-29.0,-51.25,674.3889,0.0
2026-10-11T11:00:00Z,IFS_-029.00_-051.25,-29.0,-51.25,674.3889,0.0
2026-10-11T12:00:00Z,IFS_-029.00_-051.25,-29.0,-51.25,674.3889,0.0
2026-10-11T13:00:00Z,IFS_-029.00_-051.25,-29.0,-51.25,674.3889,0.4
2026-10-11T14:00:00Z,IFS_-029.00_-051.25,-29.0,-51.25,674.3889,0.4
2026-10-11T15:00:00Z,IFS_-029.00_-051.25,-29.0,-51.25,674.3889,0.4
2026-10-11T16:00:00Z,IFS_-029.00_-051.25,-29.0,-51.25,674.3889,0.4
2026-10-11T17:00:00Z,IFS_-029.00_-051.25,-29.0,-51.25,674.3889,0.4
2026-10-11T18:00:00Z,IFS_-029.00_-051.25,-29.0,-51.25,674.3889,0.4
2026-10-11T19:00:00Z,IFS_-029.00_-051.25,-29.0,-51.25,674.3889,0.0
2026-10-11T20:00:00Z,IFS_-029.00_-051.25,-29.0,-51.25,674.3889,0.0
2026-10-11T21:00:00Z,IFS_-029.00_-051.25,-29.0,-51.25,674.3889,0.0
2026-10-11T22:00:00Z,IFS_-029.00_-051.25,-29.0,-51.25,674.3889,0.0
2026-10-11T23:00:00Z,IFS_-029.00_-051.25,-29.0,-51.25,674.3889,0.0
2026-10-12T00:00:00Z,IFS_-029.00_-051.25,-29.0,-51.25,674.3889,0.0
2026-10-12T01:00:00Z,IFS_-029.00_-051.25,-29.0,-51.25,674.3889,0.0
2026-10-12T02:00:00Z,IFS_-029.00_-051.25,-29.0,-51.25,674.3889,0.0
2026-10-12T03:00:00Z,IFS_-029.00_-051.25,-29.0,-51.25,674.3889,0.0
2026-10-12T04:00:00Z,IFS_-029.00_-051.25,-29.0,-51.25,674.3889,0.0
2026-10-12T05:00:00Z,IFS_-029.00_-051.25,-29.0,-51.25,674.3889,0.0
2026-10-12T06:00:00Z,IFS_-029.00_-051.25,-29.0,-51.25,674.3889,0.0
2026-10-12T07:00:00Z,IFS_-029.00_-051.25,-29.0,-51.25,674.3889,0.0
2026-10-12T08:00:00Z,IFS_-029.00_-051.25,-29.0,-51.25,674.3889,0.0
2026-10-12T09:00:00Z,IFS_-029.00_-051.25,-29.0,-51.25,674.3889,0.0
2026-10-12T10:00:00Z,IFS_-029.00_-051.25,-29.0,-51.25,674.3889,0.4
2026-10-12T11:00:00Z,IFS_-029.00_-051.25,-29.0,-51.25,674.3889,0.4
2026-10-12T12:00:00Z,IFS_-029.00_-051.25,-29.0,-51.25,674.3889,0.4
2026-10-12T13:00:00Z,IFS_-029.00_-051.25,-29.0,-51.25,674.3889,0.1
2026-10-12T14:00:00Z,IFS_-029.00_-051.25,-29.0,-51.25,674.3889,0.1
2026-10-12T15:00:00Z,IFS_-029.00_-051.25,-29.0,-51.25,674.3889,0.1
2026-10-12T16:00:00Z,IFS_-029.00_-051.25,-29.0,-51.25,674.3889,0.1
2026-10-12T17:00:00Z,IFS_-029.00_-051.25,-29.0,-51.25,674.3889,0.1
2026-10-12T18:00:00Z,IFS_-029.00_-051.25,-29.0,-51.25,674.3889,0.1
2026-10-12T19:00:00Z,IFS_-029.00_-051.25,-29.0,-51.25,674.3889,0.0
2026-10-12T20:00:00Z,IFS_-029.00_-051.25,-29.0,-51.25,674.3889,0.0
2026-10-12T21:00:00Z,IFS_-029.00_-051.25,-29.0,-51.25,674.3889,0.0
2026-10-12T22:00:00Z,IFS_-029.00_-051.25,-29.0,-51.25,674.3889,0.0
2026-10-12T23:00:00Z,IFS_-029.00_-051.25,-29.0,-51.25,674.3889,0.0
2026-10-13T00:00:00Z,IFS_-029.00_-051.25,-29.0,-51.25,674.3889,0.0
2026-10-13T01:00:00Z,IFS_-029.00_-051.25,-29.0,-51.25,674.3889,0.0
2026-10-08T02:00:00Z,IFS_-029.00_-051.00,-29.0,-51.0,641.4711,0.0
2026-10-08T03:00:00Z,IFS_-029.00_-051.00,-29.0,-51.0,641.4711,0.0
2026-10-08T04:00:00Z,IFS_-029.00_-051.00,-29.0,-51.0,641.4711,0.0
2026-10-08T05:00:00Z,IFS_-029.00_-051.00,-29.0,-51.0,641.4711,0.0
2026-10-08T06:00:00Z,IFS_-029.00_-051.00,-29.0,-51.0,641.4711,0.0
2026-10-08T07:00:00Z,IFS_-029.00_-051.00,-29.0,-51.0,641.4711,0.0
2026-10-08T08:00:00Z,IFS_-029.00_-051.00,-29.0,-51.0,641.4711,0.0
2026-10-08T09:00:00Z,IFS_-029.00_-051.00,-29.0,-51.0,641.4711,0.0
2026-10-08T10:00:00Z,IFS_-029.00_-051.00,-29.0,-51.0,641.4711,0.3
2026-10-08T11:00:00Z,IFS_-029.00_-051.00,-29.0,-51.0,641.4711,0.3
2026-10-08T12:00:00Z,IFS_-029.00_-051.00,-29.0,-51.0,641.4711,0.3
2026-10-08T13:00:00Z,IFS_-029.00_-051.00,-29.0,-51.0,641.4711,0.2
2026-10-08T14:00:00Z,IFS_-029.00_-051.00,-29.0,-51.0,641.4711,0.2
2026-10-08T15:00:00Z,IFS_-029.00_-051.00,-29.0,-51.0,641.4711,0.2
2026-10-08T16:00:00Z,IFS_-029.00_-051.00,-29.0,-51.0,641.4711,0.5
2026-10-08T17:00:00Z,IFS_-029.00_-051.00,-29.0,-51.0,641.4711,0.5
2026-10-08T18:00:00Z,IFS_-029.00_-051.00,-29.0,-51.0,641.4711,0.5
2026-10-08T19:00:00Z,IFS_-029.00_-051.00,-29.0,-51.0,641.4711,0.0
2026-10-08T20:00:00Z,IFS_-029.00_-051.00,-29.0,-51.0,641.4711,0.0
2026-10-08T21:00:00Z,IFS_-029.00_-051.00,-29.0,-51.0,641.4711,0.0
2026-10-08T22:00:00Z,IFS_-029.00_-051.00,-29.0,-51.0,641.4711,0.0
2026-10-08T23:00:00Z,IFS_-029.00_-051.00,-29.0,-51.0,641.4711,0.0
2026-10-09T00:00:00Z,IFS_-029.00_-051.00,-29.0,-51.0,641.4711,0.0
2026-10-09T01:00:00Z,IFS_-029.00_-051.00,-29.0,-51.0,641.4711,0.0
2026-10-09T02:00:00Z,IFS_-029.00_-051.00,-29.0,-51.0,641.4711,0.0
2026-10-09T03:00:00Z,IFS_-029.00_-051.00,-29.0,-51.0,641.4711,0.0
2026-10-09T04:00:00Z,IFS_-029.00_-051.00,-29.0,-51.0,641.4711,3.5
2026-10-09T05:00:00Z,IFS_-029.00_-051.00,-29.0,-51.0,641.4711,3.5
2026-10-09T06:00:00Z,IFS_-029.00_-051.00,-29.0,-51.0,641.4711,3.5
2026-10-09T07:00:00Z,IFS_-029.00_-051.00,-29.0,-51.0,641.4711,0.6
2026-10-09T08:00:00Z,IFS_-029.00_-051.00,-29.0,-51.0,641.4711,0.6
2026-10-09T09:00:00Z,IFS_-029.00_-051.00,-29.0,-51.0,641.4711,0.6
2026-10-09T10:00:00Z,IFS_-029.00_-051.00,-29.0,-51.0,641.4711,1.8
2026-10-09T11:00:00Z,IFS_-029.00_-051.00,-29.0,-51.0,641.4711,1.8
2026-10-09T12:00:00Z,IFS_-029.00_-051.00,-29.0,-51.0,641.4711,1.8
2026-10-09T13:00:00Z,IFS_-029.00_-051.00,-29.0,-51.0,641.4711,1.8
2026-10-09T14:00:00Z,IFS_-029.00_-051.00,-29.0,-51.0,641.4711,1.8
2026-10-09T15:00:00Z,IFS_-029.00_-051.00,-29.0,-51.0,641.4711,1.8
2026-10-09T16:00:00Z,IFS_-029.00_-051.00,-29.0,-51.0,641.4711,2.7
2026-10-09T17:00:00Z,IFS_-029.00_-051.00,-29.0,-51.0,641.4711,2.7
2026-10-09T18:00:00Z,IFS_-029.00_-051.00,-29.0,-51.0,641.4711,2.7
2026-10-09T19:00:00Z,IFS_-029.00_-051.00,-29.0,-51.0,641.4711,1.3
2026-10-09T20:00:00Z,IFS_-029.00_-051.00,-29.0,-51.0,641.4711,1.3
2026-10-09T21:00:00Z,IFS_-029.00_-051.00,-29.0,-51.0,641.4711,1.3
2026-10-09T22:00:00Z,IFS_-029.00_-051.00,-29.0,-51.0,641.4711,1.5
2026-10-09T23:00:00Z,IFS_-029.00_-051.00,-29.0,-51.0,641.4711,1.5
2026-10-10T00:00:00Z,IFS_-029.00_-051.00,-29.0,-51.0,641.4711,1.5
2026-10-10T01:00:00Z,IFS_-029.00_-051.00,-29.0,-51.0,641.4711,2.4
2026-10-10T02:00:00Z,IFS_-029.00_-051.00,-29.0,-51.0,641.4711,2.4
2026-10-10T03:00:00Z,IFS_-029.00_-051.00,-29.0,-51.0,641.4711,2.4
2026-10-10T04:00:00Z,IFS_-029.00_-051.00,-29.0,-51.0,641.4711,1.5
2026-10-10T05:00:00Z,IFS_-029.00_-051.00,-29.0,-51.0,641.4711,1.5
2026-10-10T06:00:00Z,IFS_-029.00_-051.00,-29.0,-51.0,641.4711,1.5
2026-10-10T07:00:00Z,IFS_-029.00_-051.00,-29.0,-51.0,641.4711,0.4
2026-10-10T08:00:00Z,IFS_-029.00_-051.00,-29.0,-51.0,641.4711,0.4
2026-10-10T09:00:00Z,IFS_-029.00_-051.00,-29.0,-51.0,641.4711,0.4
2026-10-10T10:00:00Z,IFS_-029.00_-051.00,-29.0,-51.0,641.4711,0.2
2026-10-10T11:00:00Z,IFS_-029.00_-051.00,-29.0,-51.0,641.4711,0.2
2026-10-10T12:00:00Z,IFS_-029.00_-051.00,-29.0,-51.0,641.4711,0.2
2026-10-10T13:00:00Z,IFS_-029.00_-051.00,-29.0,-51.0,641.4711,0.3
2026-10-10T14:00:00Z,IFS_-029.00_-051.00,-29.0,-51.0,641.4711,0.3
2026-10-10T15:00:00Z,IFS_-029.00_-051.00,-29.0,-51.0,641.4711,0.3
2026-10-10T16:00:00Z,IFS_-029.00_-051.00,-29.0,-51.0,641.4711,0.2
2026-10-10T17:00:00Z,IFS_-029.00_-051.00,-29.0,-51.0,641.4711,0.2
2026-10-10T18:00:00Z,IFS_-029.00_-051.00,-29.0,-51.0,641.4711,0.2
2026-10-10T19:00:00Z,IFS_-029.00_-051.00,-29.0,-51.0,641.4711,0.0
2026-10-10T20:00:00Z,IFS_-029.00_-051.00,-29.0,-51.0,641.4711,0.0
2026-10-10T21:00:00Z,IFS_-029.00_-051.00,-29.0,-51.0,641.4711,0.0
2026-10-10T22:00:00Z,IFS_-029.00_-051.00,-29.0,-51.0,641.4711,0.0
2026-10-10T23:00:00Z,IFS_-029.00_-051.00,-29.0,-51.0,641.4711,0.0
2026-10-11T00:00:00Z,IFS_-029.00_-051.00,-29.0,-51.0,641.4711,0.0
2026-10-11T01:00:00Z,IFS_-029.00_-051.00,-29.0,-51.0,641.4711,0.0
2026-10-11T02:00:00Z,IFS_-029.00_-051.00,-29.0,-51.0,641.4711,0.0
2026-10-11T03:00:00Z,IFS_-029.00_-051.00,-29.0,-51.0,641.4711,0.0
2026-10-11T04:00:00Z,IFS_-029.00_-051.00,-29.0,-51.0,641.4711,0.0
2026-10-11T05:00:00Z,IFS_-029.00_-051.00,-29.0,-51.0,641.4711,0.0
2026-10-11T06:00:00Z,IFS_-029.00_-051.00,-29.0,-51.0,641.4711,0.0
2026-10-11T07:00:00Z,IFS_-029.00_-051.00,-29.0,-51.0,641.4711,0.0
2026-10-11T08:00:00Z,IFS_-029.00_-051.00,-29.0,-51.0,641.4711,0.0
2026-10-11T09:00:00Z,IFS_-029.00_-051.00,-29.0,-51.0,641.4711,0.0
2026-10-11T10:00:00Z,IFS_-029.00_-051.00,-29.0,-51.0,641.4711,0.0
2026-10-11T11:00:00Z,IFS_-029.00_-051.00,-29.0,-51.0,641.4711,0.0
2026-10-11T12:00:00Z,IFS_-029.00_-051.00,-29.0,-51.0,641.4711,0.0
2026-10-11T13:00:00Z,IFS_-029.00_-051.00,-29.0,-51.0,641.4711,1.1
2026-10-11T14:00:00Z,IFS_-029.00_-051.00,-29.0,-51.0,641.4711,1.1
2026-10-11T15:00:00Z,IFS_-029.00_-051.00,-29.0,-51.0,641.4711,1.1
2026-10-11T16:00:00Z,IFS_-029.00_-051.00,-29.0,-51.0,641.4711,1.2
2026-10-11T17:00:00Z,IFS_-029.00_-051.00,-29.0,-51.0,641.4711,1.2
2026-10-11T18:00:00Z,IFS_-029.00_-051.00,-29.0,-51.0,641.4711,1.2
2026-10-11T19:00:00Z,IFS_-029.00_-051.00,-29.0,-51.0,641.4711,0.0
2026-10-11T20:00:00Z,IFS_-029.00_-051.00,-29.0,-51.0,641.4711,0.0
2026-10-11T21:00:00Z,IFS_-029.00_-051.00,-29.0,-51.0,641.4711,0.0
2026-10-11T22:00:00Z,IFS_-029.00_-051.00,-29.0,-51.0,641.4711,0.0
2026-10-11T23:00:00Z,IFS_-029.00_-051.00,-29.0,-51.0,641.4711,0.0
2026-10-12T00:00:00Z,IFS_-029.00_-051.00,-29.0,-51.0,641.4711,0.0
2026-10-12T01:00:00Z,IFS_-029.00_-051.00,-29.0,-51.0,641.4711,0.0
2026-10-12T02:00:00Z,IFS_-029.00_-051.00,-29.0,-51.0,641.4711,0.0
2026-10-12T03:00:00Z,IFS_-029.00_-051.00,-29.0,-51.0,641.4711,0.0
2026-10-12T04:00:00Z,IFS_-029.00_-051.00,-29.0,-51.0,641.4711,0.0
2026-10-12T05:00:00Z,IFS_-029.00_-051.00,-29.0,-51.0,641.4711,0.0
2026-10-12T06:00:00Z,IFS_-029.00_-051.00,-29.0,-51.0,641.4711,0.0
2026-10-12T07:00:00Z,IFS_-029.00_-051.00,-29.0,-51.0,641.4711,0.0
2026-10-12T08:00:00Z,IFS_-029.00_-051.00,-29.0,-51.0,641.4711,0.0
2026-10-12T09:00:00Z,IFS_-029.00_-051.00,-29.0,-51.0,641.4711,0.0
2026-10-12T10:00:00Z,IFS_-029.00_-051.00,-29.0,-51.0,641.4711,0.1
2026-10-12T11:00:00Z,IFS_-029.00_-051.00,-29.0,-51.0,641.4711,0.1
2026-10-12T12:00:00Z,IFS_-029.00_-051.00,-29.0,-51.0,641.4711,0.1
2026-10-12T13:00:00Z,IFS_-029.00_-051.00,-29.0,-51.0,641.4711,0.3
2026-10-12T14:00:00Z,IFS_-029.00_-051.00,-29.0,-51.0,641.4711,0.3
2026-10-12T15:00:00Z,IFS_-029.00_-051.00,-29.0,-51.0,641.4711,0.3
2026-10-12T16:00:00Z,IFS_-029.00_-051.00,-29.0,-51.0,641.4711,1.0
2026-10-12T17:00:00Z,IFS_-029.00_-051.00,-29.0,-51.0,641.4711,1.0
2026-10-12T18:00:00Z,IFS_-029.00_-051.00,-29.0,-51.0,641.4711,1.0
2026-10-12T19:00:00Z,IFS_-029.00_-051.00,-29.0,-51.0,641.4711,0.0
2026-10-12T20:00:00Z,IFS_-029.00_-051.00,-29.0,-51.0,641.4711,0.0
2026-10-12T21:00:00Z,IFS_-029.00_-051.00,-29.0,-51.0,641.4711,0.0
2026-10-12T22:00:00Z,IFS_-029.00_-051.00,-29.0,-51.0,641.4711,0.1
2026-10-12T23:00:00Z,IFS_-029.00_-051.00,-29.0,-51.0,641.4711,0.1
2026-10-13T00:00:00Z,IFS_-029.00_-051.00,-29.0,-51.0,641.4711,0.1
2026-10-13T01:00:00Z,IFS_-029.00_-051.00,-29.0,-51.0,641.4711,0.3
2026-10-08T02:00:00Z,IFS_-029.00_-050.75,-29.0,-50.75,663.7638,0.0
2026-10-08T03:00:00Z,IFS_-029.00_-050.75,-29.0,-50.75,663.7638,0.0
2026-10-08T04:00:00Z,IFS_-029.00_-050.75,-29.0,-50.75,663.7638,0.0
2026-10-08T05:00:00Z,IFS_-029.00_-050.75,-29.0,-50.75,663.7638,0.0
2026-10-08T06:00:00Z,IFS_-029.00_-050.75,-29.0,-50.75,663.7638,0.0
2026-10-08T07:00:00Z,IFS_-029.00_-050.75,-29.0,-50.75,663.7638,0.0
2026-10-08T08:00:00Z,IFS_-029.00_-050.75,-29.0,-50.75,663.7638,0.0
2026-10-08T09:00:00Z,IFS_-029.00_-050.75,-29.0,-50.75,663.7638,0.0
2026-10-08T10:00:00Z,IFS_-029.00_-050.75,-29.0,-50.75,663.7638,0.6
2026-10-08T11:00:00Z,IFS_-029.00_-050.75,-29.0,-50.75,663.7638,0.6
2026-10-08T12:00:00Z,IFS_-029.00_-050.75,-29.0,-50.75,663.7638,0.6
2026-10-08T13:00:00Z,IFS_-029.00_-050.75,-29.0,-50.75,663.7638,0.1
2026-10-08T14:00:00Z,IFS_-029.00_-050.75,-29.0,-50.75,663.7638,0.1
2026-10-08T15:00:00Z,IFS_-029.00_-050.75,-29.0,-50.75,663.7638,0.1
2026-10-08T16:00:00Z,IFS_-029.00_-050.75,-29.0,-50.75,663.7638,0.6
2026-10-08T17:00:00Z,IFS_-029.00_-050.75,-29.0,-50.75,663.7638,0.6
2026-10-08T18:00:00Z,IFS_-029.00_-050.75,-29.0,-50.75,663.7638,0.6
2026-10-08T19:00:00Z,IFS_-029.00_-050.75,-29.0,-50.75,663.7638,0.0
2026-10-08T20:00:00Z,IFS_-029.00_-050.75,-29.0,-50.75,663.7638,0.0
2026-10-08T21:00:00Z,IFS_-029.00_-050.75,-29.0,-50.75,663.7638,0.0
2026-10-08T22:00:00Z,IFS_-029.00_-050.75,-29.0,-50.75,663.7638,0.0
2026-10-08T23:00:00Z,IFS_-029.00_-050.75,-29.0,-50.75,663.7638,0.0
2026-10-09T00:00:00Z,IFS_-029.00_-050.75,-29.0,-50.75,663.7638,0.0
2026-10-09T01:00:00Z,IFS_-029.00_-050.75,-29.0,-50.75,663.7638,0.0
2026-10-09T02:00:00Z,IFS_-029.00_-050.75,-29.0,-50.75,663.7638,0.0
2026-10-09T03:00:00Z,IFS_-029.00_-050.75,-29.0,-50.75,663.7638,0.0
2026-10-09T04:00:00Z,IFS_-029.00_-050.75,-29.0,-50.75,663.7638,3.0
2026-10-09T05:00:00Z,IFS_-029.00_-050.75,-29.0,-50.75,663.7638,3.0
2026-10-09T06:00:00Z,IFS_-029.00_-050.75,-29.0,-50.75,663.7638,3.0
2026-10-09T07:00:00Z,IFS_-029.00_-050.75,-29.0,-50.75,663.7638,0.4
2026-10-09T08:00:00Z,IFS_-029.00_-050.75,-29.0,-50.75,663.7638,0.4
2026-10-09T09:00:00Z,IFS_-029.00_-050.75,-29.0,-50.75,663.7638,0.4
2026-10-09T10:00:00Z,IFS_-029.00_-050.75,-29.0,-50.75,663.7638,1.3
2026-10-09T11:00:00Z,IFS_-029.00_-050.75,-29.0,-50.75,663.7638,1.3
2026-10-09T12:00:00Z,IFS_-029.00_-050.75,-29.0,-50.75,663.7638,1.3
2026-10-09T13:00:00Z,IFS_-029.00_-050.75,-29.0,-50.75,663.7638,1.2
2026-10-09T14:00:00Z,IFS_-029.00_-050.75,-29.0,-50.75,663.7638,1.2
2026-10-09T15:00:00Z,IFS_-029.00_-050.75,-29.0,-50.75,663.7638,1.2
2026-10-09T16:00:00Z,IFS_-029.00_-050.75,-29.0,-50.75,663.7638,3.0
2026-10-09T17:00:00Z,IFS_-029.00_-050.75,-29.0,-50.75,663.7638,3.0
2026-10-09T18:00:00Z,IFS_-029.00_-050.75,-29.0,-50.75,663.7638,3.0
2026-10-09T19:00:00Z,IFS_-029.00_-050.75,-29.0,-50.75,663.7638,1.4
2026-10-09T20:00:00Z,IFS_-029.00_-050.75,-29.0,-50.75,663.7638,1.4
2026-10-09T21:00:00Z,IFS_-029.00_-050.75,-29.0,-50.75,663.7638,1.4
2026-10-09T22:00:00Z,IFS_-029.00_-050.75,-29.0,-50.75,663.7638,0.8
2026-10-09T23:00:00Z,IFS_-029.00_-050.75,-29.0,-50.75,663.7638,0.8
2026-10-10T00:00:00Z,IFS_-029.00_-050.75,-29.0,-50.75,663.7638,0.8
2026-10-10T01:00:00Z,IFS_-029.00_-050.75,-29.0,-50.75,663.7638,1.6
2026-10-10T02:00:00Z,IFS_-029.00_-050.75,-29.0,-50.75,663.7638,1.6
2026-10-10T03:00:00Z,IFS_-029.00_-050.75,-29.0,-50.75,663.7638,1.6
2026-10-10T04:00:00Z,IFS_-029.00_-050.75,-29.0,-50.75,663.7638,1.2
2026-10-10T05:00:00Z,IFS_-029.00_-050.75,-29.0,-50.75,663.7638,1.2
2026-10-10T06:00:00Z,IFS_-029.00_-050.75,-29.0,-50.75,663.7638,1.2
2026-10-10T07:00:00Z,IFS_-029.00_-050.75,-29.0,-50.75,663.7638,0.6
2026-10-10T08:00:00Z,IFS_-029.00_-050.75,-29.0,-50.75,663.7638,0.6
2026-10-10T09:00:00Z,IFS_-029.00_-050.75,-29.0,-50.75,663.7638,0.6
2026-10-10T10:00:00Z,IFS_-029.00_-050.75,-29.0,-50.75,663.7638,0.2
2026-10-10T11:00:00Z,IFS_-029.00_-050.75,-29.0,-50.75,663.7638,0.2
2026-10-10T12:00:00Z,IFS_-029.00_-050.75,-29.0,-50.75,663.7638,0.2
2026-10-10T13:00:00Z,IFS_-029.00_-050.75,-29.0,-50.75,663.7638,0.4
2026-10-10T14:00:00Z,IFS_-029.00_-050.75,-29.0,-50.75,663.7638,0.4
2026-10-10T15:00:00Z,IFS_-029.00_-050.75,-29.0,-50.75,663.7638,0.4
2026-10-10T16:00:00Z,IFS_-029.00_-050.75,-29.0,-50.75,663.7638,0.5
2026-10-10T17:00:00Z,IFS_-029.00_-050.75,-29.0,-50.75,663.7638,0.5
2026-10-10T18:00:00Z,IFS_-029.00_-050.75,-29.0,-50.75,663.7638,0.5
2026-10-10T19:00:00Z,IFS_-029.00_-050.75,-29.0,-50.75,663.7638,0.0
2026-10-10T20:00:00Z,IFS_-029.00_-050.75,-29.0,-50.75,663.7638,0.0
2026-10-10T21:00:00Z,IFS_-029.00_-050.75,-29.0,-50.75,663.7638,0.0
2026-10-10T22:00:00Z,IFS_-029.00_-050.75,-29.0,-50.75,663.7638,0.0
2026-10-10T23:00:00Z,IFS_-029.00_-050.75,-29.0,-50.75,663.7638,0.0
2026-10-11T00:00:00Z,IFS_-029.00_-050.75,-29.0,-50.75,663.7638,0.0
2026-10-11T01:00:00Z,IFS_-029.00_-050.75,-29.0,-50.75,663.7638,0.0
2026-10-11T02:00:00Z,IFS_-029.00_-050.75,-29.0,-50.75,663.7638,0.0
2026-10-11T03:00:00Z,IFS_-029.00_-050.75,-29.0,-50.75,663.7638,0.0
2026-10-11T04:00:00Z,IFS_-029.00_-050.75,-29.0,-50.75,663.7638,0.0
2026-10-11T05:00:00Z,IFS_-029.00_-050.75,-29.0,-50.75,663.7638,0.0
2026-10-11T06:00:00Z,IFS_-029.00_-050.75,-29.0,-50.75,663.7638,0.0
2026-10-11T07:00:00Z,IFS_-029.00_-050.75,-29.0,-50.75,663.7638,0.0
2026-10-11T08:00:00Z,IFS_-029.00_-050.75,-29.0,-50.75,663.7638,0.0
2026-10-11T09:00:00Z,IFS_-029.00_-050.75,-29.0,-50.75,663.7638,0.0
2026-10-11T10:00:00Z,IFS_-029.00_-050.75,-29.0,-50.75,663.7638,0.0
2026-10-11T11:00:00Z,IFS_-029.00_-050.75,-29.0,-50.75,663.7638,0.0
2026-10-11T12:00:00Z,IFS_-029.00_-050.75,-29.0,-50.75,663.7638,0.0
2026-10-11T13:00:00Z,IFS_-029.00_-050.75,-29.0,-50.75,663.7638,0.7
2026-10-11T14:00:00Z,IFS_-029.00_-050.75,-29.0,-50.75,663.7638,0.7
2026-10-11T15:00:00Z,IFS_-029.00_-050.75,-29.0,-50.75,663.7638,0.7
2026-10-11T16:00:00Z,IFS_-029.00_-050.75,-29.0,-50.75,663.7638,0.9
2026-10-11T17:00:00Z,IFS_-029.00_-050.75,-29.0,-50.75,663.7638,0.9
2026-10-11T18:00:00Z,IFS_-029.00_-050.75,-29.0,-50.75,663.7638,0.9
2026-10-11T19:00:00Z,IFS_-029.00_-050.75,-29.0,-50.75,663.7638,0.0
2026-10-11T20:00:00Z,IFS_-029.00_-050.75,-29.0,-50.75,663.7638,0.0
2026-10-11T21:00:00Z,IFS_-029.00_-050.75,-29.0,-50.75,663.7638,0.0
2026-10-11T22:00:00Z,IFS_-029.00_-050.75,-29.0,-50.75,663.7638,0.0
2026-10-11T23:00:00Z,IFS_-029.00_-050.75,-29.0,-50.75,663.7638,0.0
2026-10-12T00:00:00Z,IFS_-029.00_-050.75,-29.0,-50.75,663.7638,0.0
2026-10-12T01:00:00Z,IFS_-029.00_-050.75,-29.0,-50.75,663.7638,0.0
2026-10-12T02:00:00Z,IFS_-029.00_-050.75,-29.0,-50.75,663.7638,0.0
2026-10-12T03:00:00Z,IFS_-029.00_-050.75,-29.0,-50.75,663.7638,0.0
2026-10-12T04:00:00Z,IFS_-029.00_-050.75,-29.0,-50.75,663.7638,0.0
2026-10-12T05:00:00Z,IFS_-029.00_-050.75,-29.0,-50.75,663.7638,0.0
2026-10-12T06:00:00Z,IFS_-029.00_-050.75,-29.0,-50.75,663.7638,0.0
2026-10-12T07:00:00Z,IFS_-029.00_-050.75,-29.0,-50.75,663.7638,0.1
2026-10-12T08:00:00Z,IFS_-029.00_-050.75,-29.0,-50.75,663.7638,0.1
2026-10-12T09:00:00Z,IFS_-029.00_-050.75,-29.0,-50.75,663.7638,0.1
2026-10-12T10:00:00Z,IFS_-029.00_-050.75,-29.0,-50.75,663.7638,0.1
2026-10-12T11:00:00Z,IFS_-029.00_-050.75,-29.0,-50.75,663.7638,0.1
2026-10-12T12:00:00Z,IFS_-029.00_-050.75,-29.0,-50.75,663.7638,0.1
2026-10-12T13:00:00Z,IFS_-029.00_-050.75,-29.0,-50.75,663.7638,0.5
2026-10-12T14:00:00Z,IFS_-029.00_-050.75,-29.0,-50.75,663.7638,0.5
2026-10-12T15:00:00Z,IFS_-029.00_-050.75,-29.0,-50.75,663.7638,0.5
2026-10-12T16:00:00Z,IFS_-029.00_-050.75,-29.0,-50.75,663.7638,1.8
2026-10-12T17:00:00Z,IFS_-029.00_-050.75,-29.0,-50.75,663.7638,1.8
2026-10-12T18:00:00Z,IFS_-029.00_-050.75,-29.0,-50.75,663.7638,1.8
2026-10-12T19:00:00Z,IFS_-029.00_-050.75,-29.0,-50.75,663.7638,0.3
2026-10-12T20:00:00Z,IFS_-029.00_-050.75,-29.0,-50.75,663.7638,0.3
2026-10-12T21:00:00Z,IFS_-029.00_-050.75,-29.0,-50.75,663.7638,0.3
2026-10-12T22:00:00Z,IFS_-029.00_-050.75,-29.0,-50.75,663.7638,0.1
2026-10-12T23:00:00Z,IFS_-029.00_-050.75,-29.0,-50.75,663.7638,0.1
2026-10-13T00:00:00Z,IFS_-029.00_-050.75,-29.0,-50.75,663.7638,0.1
2026-10-13T01:00:00Z,IFS_-029.00_-050.75,-29.0,-50.75,663.7638,0.4
2026-10-08T02:00:00Z,IFS_-029.00_-050.50,-29.0,-50.5,674.4814,0.0
2026-10-08T03:00:00Z,IFS_-029.00_-050.50,-29.0,-50.5,674.4814,0.0
2026-10-08T04:00:00Z,IFS_-029.00_-050.50,-29.0,-50.5,674.4814,0.0
2026-10-08T05:00:00Z,IFS_-029.00_-050.50,-29.0,-50.5,674.4814,0.0
2026-10-08T06:00:00Z,IFS_-029.00_-050.50,-29.0,-50.5,674.4814,0.0
2026-10-08T07:00:00Z,IFS_-029.00_-050.50,-29.0,-50.5,674.4814,0.0
2026-10-08T08:00:00Z,IFS_-029.00_-050.50,-29.0,-50.5,674.4814,0.0
2026-10-08T09:00:00Z,IFS_-029.00_-050.50,-29.0,-50.5,674.4814,0.0
2026-10-08T10:00:00Z,IFS_-029.00_-050.50,-29.0,-50.5,674.4814,0.0
2026-10-08T11:00:00Z,IFS_-029.00_-050.50,-29.0,-50.5,674.4814,0.0
2026-10-08T12:00:00Z,IFS_-029.00_-050.50,-29.0,-50.5,674.4814,0.0
2026-10-08T13:00:00Z,IFS_-029.00_-050.50,-29.0,-50.5,674.4814,0.0
2026-10-08T14:00:00Z,IFS_-029.00_-050.50,-29.0,-50.5,674.4814,0.0
2026-10-08T15:00:00Z,IFS_-029.00_-050.50,-29.0,-50.5,674.4814,0.0
2026-10-08T16:00:00Z,IFS_-029.00_-050.50,-29.0,-50.5,674.4814,0.7
2026-10-08T17:00:00Z,IFS_-029.00_-050.50,-29.0,-50.5,674.4814,0.7
2026-10-08T18:00:00Z,IFS_-029.00_-050.50,-29.0,-50.5,674.4814,0.7
2026-10-08T19:00:00Z,IFS_-029.00_-050.50,-29.0,-50.5,674.4814,0.0
2026-10-08T20:00:00Z,IFS_-029.00_-050.50,-29.0,-50.5,674.4814,0.0
2026-10-08T21:00:00Z,IFS_-029.00_-050.50,-29.0,-50.5,674.4814,0.0
2026-10-08T22:00:00Z,IFS_-029.00_-050.50,-29.0,-50.5,674.4814,0.0
2026-10-08T23:00:00Z,IFS_-029.00_-050.50,-29.0,-50.5,674.4814,0.0
2026-10-09T00:00:00Z,IFS_-029.00_-050.50,-29.0,-50.5,674.4814,0.0
2026-10-09T01:00:00Z,IFS_-029.00_-050.50,-29.0,-50.5,674.4814,0.0
2026-10-09T02:00:00Z,IFS_-029.00_-050.50,-29.0,-50.5,674.4814,0.0
2026-10-09T03:00:00Z,IFS_-029.00_-050.50,-29.0,-50.5,674.4814,0.0
2026-10-09T04:00:00Z,IFS_-029.00_-050.50,-29.0,-50.5,674.4814,1.6
2026-10-09T05:00:00Z,IFS_-029.00_-050.50,-29.0,-50.5,674.4814,1.6
2026-10-09T06:00:00Z,IFS_-029.00_-050.50,-29.0,-50.5,674.4814,1.6
2026-10-09T07:00:00Z,IFS_-029.00_-050.50,-29.0,-50.5,674.4814,0.5
2026-10-09T08:00:00Z,IFS_-029.00_-050.50,-29.0,-50.5,674.4814,0.5
2026-10-09T09:00:00Z,IFS_-029.00_-050.50,-29.0,-50.5,674.4814,0.5
2026-10-09T10:00:00Z,IFS_-029.00_-050.50,-29.0,-50.5,674.4814,1.1
2026-10-09T11:00:00Z,IFS_-029.00_-050.50,-29.0,-50.5,674.4814,1.1
2026-10-09T12:00:00Z,IFS_-029.00_-050.50,-29.0,-50.5,674.4814,1.1
2026-10-09T13:00:00Z,IFS_-029.00_-050.50,-29.0,-50.5,674.4814,0.8
2026-10-09T14:00:00Z,IFS_-029.00_-050.50,-29.0,-50.5,674.4814,0.8
2026-10-09T15:00:00Z,IFS_-029.00_-050.50,-29.0,-50.5,674.4814,0.8
2026-10-09T16:00:00Z,IFS_-029.00_-050.50,-29.0,-50.5,674.4814,2.3
2026-10-09T17:00:00Z,IFS_-029.00_-050.50,-29.0,-50.5,674.4814,2.3
2026-10-09T18:00:00Z,IFS_-029.00_-050.50,-29.0,-50.5,674.4814,2.3
2026-10-09T19:00:00Z,IFS_-029.00_-050.50,-29.0,-50.5,674.4814,1.4
2026-10-09T20:00:00Z,IFS_-029.00_-050.50,-29.0,-50.5,674.4814,1.4
2026-10-09T21:00:00Z,IFS_-029.00_-050.50,-29.0,-50.5,674.4814,1.4
2026-10-09T22:00:00Z,IFS_-029.00_-050.50,-29.0,-50.5,674.4814,0.3
2026-10-09T23:00:00Z,IFS_-029.00_-050.50,-29.0,-50.5,674.4814,0.3
2026-10-10T00:00:00Z,IFS_-029.00_-050.50,-29.0,-50.5,674.4814,0.3
2026-10-10T01:00:00Z,IFS_-029.00_-050.50,-29.0,-50.5,674.4814,1.9
2026-10-10T02:00:00Z,IFS_-029.00_-050.50,-29.0,-50.5,674.4814,1.9
2026-10-10T03:00:00Z,IFS_-029.00_-050.50,-29.0,-50.5,674.4814,1.9
2026-10-10T04:00:00Z,IFS_-029.00_-050.50,-29.0,-50.5,674.4814,1.0
2026-10-10T05:00:00Z,IFS_-029.00_-050.50,-29.0,-50.5,674.4814,1.0
2026-10-10T06:00:00Z,IFS_-029.00_-050.50,-29.0,-50.5,674.4814,1.0
2026-10-10T07:00:00Z,IFS_-029.00_-050.50,-29.0,-50.5,674.4814,0.6
2026-10-10T08:00:00Z,IFS_-029.00_-050.50,-29.0,-50.5,674.4814,0.6
2026-10-10T09:00:00Z,IFS_-029.00_-050.50,-29.0,-50.5,674.4814,0.6
2026-10-10T10:00:00Z,IFS_-029.00_-050.50,-29.0,-50.5,674.4814,0.2
2026-10-10T11:00:00Z,IFS_-029.00_-050.50,-29.0,-50.5,674.4814,0.2
2026-10-10T12:00:00Z,IFS_-029.00_-050.50,-29.0,-50.5,674.4814,0.2
2026-10-10T13:00:00Z,IFS_-029.00_-050.50,-29.0,-50.5,674.4814,0.2
2026-10-10T14:00:00Z,IFS_-029.00_-050.50,-29.0,-50.5,674.4814,0.2
2026-10-10T15:00:00Z,IFS_-029.00_-050.50,-29.0,-50.5,674.4814,0.2
2026-10-10T16:00:00Z,IFS_-029.00_-050.50,-29.0,-50.5,674.4814,0.4
2026-10-10T17:00:00Z,IFS_-029.00_-050.50,-29.0,-50.5,674.4814,0.4
2026-10-10T18:00:00Z,IFS_-029.00_-050.50,-29.0,-50.5,674.4814,0.4
2026-10-10T19:00:00Z,IFS_-029.00_-050.50,-29.0,-50.5,674.4814,0.0
2026-10-10T20:00:00Z,IFS_-029.00_-050.50,-29.0,-50.5,674.4814,0.0
2026-10-10T21:00:00Z,IFS_-029.00_-050.50,-29.0,-50.5,674.4814,0.0
2026-10-10T22:00:00Z,IFS_-029.00_-050.50,-29.0,-50.5,674.4814,0.0
2026-10-10T23:00:00Z,IFS_-029.00_-050.50,-29.0,-50.5,674.4814,0.0
2026-10-11T00:00:00Z,IFS_-029.00_-050.50,-29.0,-50.5,674.4814,0.0
2026-10-11T01:00:00Z,IFS_-029.00_-050.50,-29.0,-50.5,674.4814,0.0
2026-10-11T02:00:00Z,IFS_-029.00_-050.50,-29.0,-50.5,674.4814,0.0
2026-10-11T03:00:00Z,IFS_-029.00_-050.50,-29.0,-50.5,674.4814,0.0
2026-10-11T04:00:00Z,IFS_-029.00_-050.50,-29.0,-50.5,674.4814,0.0
2026-10-11T05:00:00Z,IFS_-029.00_-050.50,-29.0,-50.5,674.4814,0.0
2026-10-11T06:00:00Z,IFS_-029.00_-050.50,-29.0,-50.5,674.4814,0.0
2026-10-11T07:00:00Z,IFS_-029.00_-050.50,-29.0,-50.5,674.4814,0.0
2026-10-11T08:00:00Z,IFS_-029.00_-050.50,-29.0,-50.5,674.4814,0.0
2026-10-11T09:00:00Z,IFS_-029.00_-050.50,-29.0,-50.5,674.4814,0.0
2026-10-11T10:00:00Z,IFS_-029.00_-050.50,-29.0,-50.5,674.4814,0.0
2026-10-11T11:00:00Z,IFS_-029.00_-050.50,-29.0,-50.5,674.4814,0.0
2026-10-11T12:00:00Z,IFS_-029.00_-050.50,-29.0,-50.5,674.4814,0.0
2026-10-11T13:00:00Z,IFS_-029.00_-050.50,-29.0,-50.5,674.4814,0.6
2026-10-11T14:00:00Z,IFS_-029.00_-050.50,-29.0,-50.5,674.4814,0.6
2026-10-11T15:00:00Z,IFS_-029.00_-050.50,-29.0,-50.5,674.4814,0.6
2026-10-11T16:00:00Z,IFS_-029.00_-050.50,-29.0,-50.5,674.4814,0.8
2026-10-11T17:00:00Z,IFS_-029.00_-050.50,-29.0,-50.5,674.4814,0.8
2026-10-11T18:00:00Z,IFS_-029.00_-050.50,-29.0,-50.5,674.4814,0.8
2026-10-11T19:00:00Z,IFS_-029.00_-050.50,-29.0,-50.5,674.4814,0.0
2026-10-11T20:00:00Z,IFS_-029.00_-050.50,-29.0,-50.5,674.4814,0.0
2026-10-11T21:00:00Z,IFS_-029.00_-050.50,-29.0,-50.5,674.4814,0.0
2026-10-11T22:00:00Z,IFS_-029.00_-050.50,-29.0,-50.5,674.4814,0.0
2026-10-11T23:00:00Z,IFS_-029.00_-050.50,-29.0,-50.5,674.4814,0.0
2026-10-12T00:00:00Z,IFS_-029.00_-050.50,-29.0,-50.5,674.4814,0.0
2026-10-12T01:00:00Z,IFS_-029.00_-050.50,-29.0,-50.5,674.4814,0.0
2026-10-12T02:00:00Z,IFS_-029.00_-050.50,-29.0,-50.5,674.4814,0.0
2026-10-12T03:00:00Z,IFS_-029.00_-050.50,-29.0,-50.5,674.4814,0.0
2026-10-12T04:00:00Z,IFS_-029.00_-050.50,-29.0,-50.5,674.4814,0.0
2026-10-12T05:00:00Z,IFS_-029.00_-050.50,-29.0,-50.5,674.4814,0.0
2026-10-12T06:00:00Z,IFS_-029.00_-050.50,-29.0,-50.5,674.4814,0.0
2026-10-12T07:00:00Z,IFS_-029.00_-050.50,-29.0,-50.5,674.4814,0.3
2026-10-12T08:00:00Z,IFS_-029.00_-050.50,-29.0,-50.5,674.4814,0.3
2026-10-12T09:00:00Z,IFS_-029.00_-050.50,-29.0,-50.5,674.4814,0.3
2026-10-12T10:00:00Z,IFS_-029.00_-050.50,-29.0,-50.5,674.4814,0.1
2026-10-12T11:00:00Z,IFS_-029.00_-050.50,-29.0,-50.5,674.4814,0.1
2026-10-12T12:00:00Z,IFS_-029.00_-050.50,-29.0,-50.5,674.4814,0.1
2026-10-12T13:00:00Z,IFS_-029.00_-050.50,-29.0,-50.5,674.4814,0.2
2026-10-12T14:00:00Z,IFS_-029.00_-050.50,-29.0,-50.5,674.4814,0.2
2026-10-12T15:00:00Z,IFS_-029.00_-050.50,-29.0,-50.5,674.4814,0.2
2026-10-12T16:00:00Z,IFS_-029.00_-050.50,-29.0,-50.5,674.4814,3.3
2026-10-12T17:00:00Z,IFS_-029.00_-050.50,-29.0,-50.5,674.4814,3.3
2026-10-12T18:00:00Z,IFS_-029.00_-050.50,-29.0,-50.5,674.4814,3.3
2026-10-12T19:00:00Z,IFS_-029.00_-050.50,-29.0,-50.5,674.4814,0.4
2026-10-12T20:00:00Z,IFS_-029.00_-050.50,-29.0,-50.5,674.4814,0.4
2026-10-12T21:00:00Z,IFS_-029.00_-050.50,-29.0,-50.5,674.4814,0.4
2026-10-12T22:00:00Z,IFS_-029.00_-050.50,-29.0,-50.5,674.4814,0.2
2026-10-12T23:00:00Z,IFS_-029.00_-050.50,-29.0,-50.5,674.4814,0.2
2026-10-13T00:00:00Z,IFS_-029.00_-050.50,-29.0,-50.5,674.4814,0.2
2026-10-13T01:00:00Z,IFS_-029.00_-050.50,-29.0,-50.5,674.4814,0.1
2026-10-08T02:00:00Z,IFS_-029.00_-050.25,-29.0,-50.25,674.5308,0.0
2026-10-08T03:00:00Z,IFS_-029.00_-050.25,-29.0,-50.25,674.5308,0.0
2026-10-08T04:00:00Z,IFS_-029.00_-050.25,-29.0,-50.25,674.5308,0.0
2026-10-08T05:00:00Z,IFS_-029.00_-050.25,-29.0,-50.25,674.5308,0.0
2026-10-08T06:00:00Z,IFS_-029.00_-050.25,-29.0,-50.25,674.5308,0.0
2026-10-08T07:00:00Z,IFS_-029.00_-050.25,-29.0,-50.25,674.5308,0.0
2026-10-08T08:00:00Z,IFS_-029.00_-050.25,-29.0,-50.25,674.5308,0.0
2026-10-08T09:00:00Z,IFS_-029.00_-050.25,-29.0,-50.25,674.5308,0.0
2026-10-08T10:00:00Z,IFS_-029.00_-050.25,-29.0,-50.25,674.5308,0.0
2026-10-08T11:00:00Z,IFS_-029.00_-050.25,-29.0,-50.25,674.5308,0.0
2026-10-08T12:00:00Z,IFS_-029.00_-050.25,-29.0,-50.25,674.5308,0.0
2026-10-08T13:00:00Z,IFS_-029.00_-050.25,-29.0,-50.25,674.5308,0.0
2026-10-08T14:00:00Z,IFS_-029.00_-050.25,-29.0,-50.25,674.5308,0.0
2026-10-08T15:00:00Z,IFS_-029.00_-050.25,-29.0,-50.25,674.5308,0.0
2026-10-08T16:00:00Z,IFS_-029.00_-050.25,-29.0,-50.25,674.5308,0.5
2026-10-08T17:00:00Z,IFS_-029.00_-050.25,-29.0,-50.25,674.5308,0.5
2026-10-08T18:00:00Z,IFS_-029.00_-050.25,-29.0,-50.25,674.5308,0.5
2026-10-08T19:00:00Z,IFS_-029.00_-050.25,-29.0,-50.25,674.5308,0.2
2026-10-08T20:00:00Z,IFS_-029.00_-050.25,-29.0,-50.25,674.5308,0.2
2026-10-08T21:00:00Z,IFS_-029.00_-050.25,-29.0,-50.25,674.5308,0.2
2026-10-08T22:00:00Z,IFS_-029.00_-050.25,-29.0,-50.25,674.5308,0.0
2026-10-08T23:00:00Z,IFS_-029.00_-050.25,-29.0,-50.25,674.5308,0.0
2026-10-09T00:00:00Z,IFS_-029.00_-050.25,-29.0,-50.25,674.5308,0.0
2026-10-09T01:00:00Z,IFS_-029.00_-050.25,-29.0,-50.25,674.5308,0.0
2026-10-09T02:00:00Z,IFS_-029.00_-050.25,-29.0,-50.25,674.5308,0.0
2026-10-09T03:00:00Z,IFS_-029.00_-050.25,-29.0,-50.25,674.5308,0.0
2026-10-09T04:00:00Z,IFS_-029.00_-050.25,-29.0,-50.25,674.5308,0.9
2026-10-09T05:00:00Z,IFS_-029.00_-050.25,-29.0,-50.25,674.5308,0.9
2026-10-09T06:00:00Z,IFS_-029.00_-050.25,-29.0,-50.25,674.5308,0.9
2026-10-09T07:00:00Z,IFS_-029.00_-050.25,-29.0,-50.25,674.5308,0.7
2026-10-09T08:00:00Z,IFS_-029.00_-050.25,-29.0,-50.25,674.5308,0.7
2026-10-09T09:00:00Z,IFS_-029.00_-050.25,-29.0,-50.25,674.5308,0.7
2026-10-09T10:00:00Z,IFS_-029.00_-050.25,-29.0,-50.25,674.5308,0.8
2026-10-09T11:00:00Z,IFS_-029.00_-050.25,-29.0,-50.25,674.5308,0.8
2026-10-09T12:00:00Z,IFS_-029.00_-050.25,-29.0,-50.25,674.5308,0.8
2026-10-09T13:00:00Z,IFS_-029.00_-050.25,-29.0,-50.25,674.5308,0.6
2026-10-09T14:00:00Z,IFS_-029.00_-050.25,-29.0,-50.25,674.5308,0.6
2026-10-09T15:00:00Z,IFS_-029.00_-050.25,-29.0,-50.25,674.5308,0.6
2026-10-09T16:00:00Z,IFS_-029.00_-050.25,-29.0,-50.25,674.5308,1.9
2026-10-09T17:00:00Z,IFS_-029.00_-050.25,-29.0,-50.25,674.5308,1.9
2026-10-09T18:00:00Z,IFS_-029.00_-050.25,-29.0,-50.25,674.5308,1.9
2026-10-09T19:00:00Z,IFS_-029.00_-050.25,-29.0,-50.25,674.5308,0.9
2026-10-09T20:00:00Z,IFS_-029.00_-050.25,-29.0,-50.25,674.5308,0.9
2026-10-09T21:00:00Z,IFS_-029.00_-050.25,-29.0,-50.25,674.5308,0.9
2026-10-09T22:00:00Z,IFS_-029.00_-050.25,-29.0,-50.25,674.5308,0.1
2026-10-09T23:00:00Z,IFS_-029.00_-050.25,-29.0,-50.25,674.5308,0.1
2026-10-10T00:00:00Z,IFS_-029.00_-050.25,-29.0,-50.25,674.5308,0.1
2026-10-10T01:00:00Z,IFS_-029.00_-050.25,-29.0,-50.25,674.5308,1.7
2026-10-10T02:00:00Z,IFS_-029.00_-050.25,-29.0,-50.25,674.5308,1.7
2026-10-10T03:00:00Z,IFS_-029.00_-050.25,-29.0,-50.25,674.5308,1.7
2026-10-10T04:00:00Z,IFS_-029.00_-050.25,-29.0,-50.25,674.5308,1.1
2026-10-10T05:00:00Z,IFS_-029.00_-050.25,-29.0,-50.25,674.5308,1.1
2026-10-10T06:00:00Z,IFS_-029.00_-050.25,-29.0,-50.25,674.5308,1.1
2026-10-10T07:00:00Z,IFS_-029.00_-050.25,-29.0,-50.25,674.5308,0.3
2026-10-10T08:00:00Z,IFS_-029.00_-050.25,-29.0,-50.25,674.5308,0.3
2026-10-10T09:00:00Z,IFS_-029.00_-050.25,-29.0,-50.25,674.5308,0.3
2026-10-10T10:00:00Z,IFS_-029.00_-050.25,-29.0,-50.25,674.5308,0.1
2026-10-10T11:00:00Z,IFS_-029.00_-050.25,-29.0,-50.25,674.5308,0.1
2026-10-10T12:00:00Z,IFS_-029.00_-050.25,-29.0,-50.25,674.5308,0.1
2026-10-10T13:00:00Z,IFS_-029.00_-050.25,-29.0,-50.25,674.5308,0.3
2026-10-10T14:00:00Z,IFS_-029.00_-050.25,-29.0,-50.25,674.5308,0.3
2026-10-10T15:00:00Z,IFS_-029.00_-050.25,-29.0,-50.25,674.5308,0.3
2026-10-10T16:00:00Z,IFS_-029.00_-050.25,-29.0,-50.25,674.5308,0.3
2026-10-10T17:00:00Z,IFS_-029.00_-050.25,-29.0,-50.25,674.5308,0.3
2026-10-10T18:00:00Z,IFS_-029.00_-050.25,-29.0,-50.25,674.5308,0.3
2026-10-10T19:00:00Z,IFS_-029.00_-050.25,-29.0,-50.25,674.5308,0.1
2026-10-10T20:00:00Z,IFS_-029.00_-050.25,-29.0,-50.25,674.5308,0.1
2026-10-10T21:00:00Z,IFS_-029.00_-050.25,-29.0,-50.25,674.5308,0.1
2026-10-10T22:00:00Z,IFS_-029.00_-050.25,-29.0,-50.25,674.5308,0.0
2026-10-10T23:00:00Z,IFS_-029.00_-050.25,-29.0,-50.25,674.5308,0.0
2026-10-11T00:00:00Z,IFS_-029.00_-050.25,-29.0,-50.25,674.5308,0.0
2026-10-11T01:00:00Z,IFS_-029.00_-050.25,-29.0,-50.25,674.5308,0.0
2026-10-11T02:00:00Z,IFS_-029.00_-050.25,-29.0,-50.25,674.5308,0.0
2026-10-11T03:00:00Z,IFS_-029.00_-050.25,-29.0,-50.25,674.5308,0.0
2026-10-11T04:00:00Z,IFS_-029.00_-050.25,-29.0,-50.25,674.5308,0.0
2026-10-11T05:00:00Z,IFS_-029.00_-050.25,-29.0,-50.25,674.5308,0.0
2026-10-11T06:00:00Z,IFS_-029.00_-050.25,-29.0,-50.25,674.5308,0.0
2026-10-11T07:00:00Z,IFS_-029.00_-050.25,-29.0,-50.25,674.5308,0.0
2026-10-11T08:00:00Z,IFS_-029.00_-050.25,-29.0,-50.25,674.5308,0.0
2026-10-11T09:00:00Z,IFS_-029.00_-050.25,-29.0,-50.25,674.5308,0.0
2026-10-11T10:00:00Z,IFS_-029.00_-050.25,-29.0,-50.25,674.5308,0.0
2026-10-11T11:00:00Z,IFS_-029.00_-050.25,-29.0,-50.25,674.5308,0.0
2026-10-11T12:00:00Z,IFS_-029.00_-050.25,-29.0,-50.25,674.5308,0.0
2026-10-11T13:00:00Z,IFS_-029.00_-050.25,-29.0,-50.25,674.5308,0.1
2026-10-11T14:00:00Z,IFS_-029.00_-050.25,-29.0,-50.25,674.5308,0.1
2026-10-11T15:00:00Z,IFS_-029.00_-050.25,-29.0,-50.25,674.5308,0.1
2026-10-11T16:00:00Z,IFS_-029.00_-050.25,-29.0,-50.25,674.5308,0.7
2026-10-11T17:00:00Z,IFS_-029.00_-050.25,-29.0,-50.25,674.5308,0.7
2026-10-11T18:00:00Z,IFS_-029.00_-050.25,-29.0,-50.25,674.5308,0.7
2026-10-11T19:00:00Z,IFS_-029.00_-050.25,-29.0,-50.25,674.5308,0.0
2026-10-11T20:00:00Z,IFS_-029.00_-050.25,-29.0,-50.25,674.5308,0.0
2026-10-11T21:00:00Z,IFS_-029.00_-050.25,-29.0,-50.25,674.5308,0.0
2026-10-11T22:00:00Z,IFS_-029.00_-050.25,-29.0,-50.25,674.5308,0.0
2026-10-11T23:00:00Z,IFS_-029.00_-050.25,-29.0,-50.25,674.5308,0.0
2026-10-12T00:00:00Z,IFS_-029.00_-050.25,-29.0,-50.25,674.5308,0.0
2026-10-12T01:00:00Z,IFS_-029.00_-050.25,-29.0,-50.25,674.5308,0.0
2026-10-12T02:00:00Z,IFS_-029.00_-050.25,-29.0,-50.25,674.5308,0.0
2026-10-12T03:00:00Z,IFS_-029.00_-050.25,-29.0,-50.25,674.5308,0.0
2026-10-12T04:00:00Z,IFS_-029.00_-050.25,-29.0,-50.25,674.5308,0.0
2026-10-12T05:00:00Z,IFS_-029.00_-050.25,-29.0,-50.25,674.5308,0.0
2026-10-12T06:00:00Z,IFS_-029.00_-050.25,-29.0,-50.25,674.5308,0.0
2026-10-12T07:00:00Z,IFS_-029.00_-050.25,-29.0,-50.25,674.5308,0.2
2026-10-12T08:00:00Z,IFS_-029.00_-050.25,-29.0,-50.25,674.5308,0.2
2026-10-12T09:00:00Z,IFS_-029.00_-050.25,-29.0,-50.25,674.5308,0.2
2026-10-12T10:00:00Z,IFS_-029.00_-050.25,-29.0,-50.25,674.5308,0.1
2026-10-12T11:00:00Z,IFS_-029.00_-050.25,-29.0,-50.25,674.5308,0.1
2026-10-12T12:00:00Z,IFS_-029.00_-050.25,-29.0,-50.25,674.5308,0.1
2026-10-12T13:00:00Z,IFS_-029.00_-050.25,-29.0,-50.25,674.5308,0.1
2026-10-12T14:00:00Z,IFS_-029.00_-050.25,-29.0,-50.25,674.5308,0.1
2026-10-12T15:00:00Z,IFS_-029.00_-050.25,-29.0,-50.25,674.5308,0.1
2026-10-12T16:00:00Z,IFS_-029.00_-050.25,-29.0,-50.25,674.5308,4.8
2026-10-12T17:00:00Z,IFS_-029.00_-050.25,-29.0,-50.25,674.5308,4.8
2026-10-12T18:00:00Z,IFS_-029.00_-050.25,-29.0,-50.25,674.5308,4.8
2026-10-12T19:00:00Z,IFS_-029.00_-050.25,-29.0,-50.25,674.5308,0.6
2026-10-12T20:00:00Z,IFS_-029.00_-050.25,-29.0,-50.25,674.5308,0.6
2026-10-12T21:00:00Z,IFS_-029.00_-050.25,-29.0,-50.25,674.5308,0.6
2026-10-12T22:00:00Z,IFS_-029.00_-050.25,-29.0,-50.25,674.5308,0.3
2026-10-12T23:00:00Z,IFS_-029.00_-050.25,-29.0,-50.25,674.5308,0.3
2026-10-13T00:00:00Z,IFS_-029.00_-050.25,-29.0,-50.25,674.5308,0.3
2026-10-13T01:00:00Z,IFS_-029.00_-050.25,-29.0,-50.25,674.5308,0.1
2026-10-08T02:00:00Z,IFS_-029.00_-050.00,-29.0,-50.0,313.838,0.0
2026-10-08T03:00:00Z,IFS_-029.00_-050.00,-29.0,-50.0,313.838,0.0
2026-10-08T04:00:00Z,IFS_-029.00_-050.00,-29.0,-50.0,313.838,0.0
2026-10-08T05:00:00Z,IFS_-029.00_-050.00,-29.0,-50.0,313.838,0.0
2026-10-08T06:00:00Z,IFS_-029.00_-050.00,-29.0,-50.0,313.838,0.0
2026-10-08T07:00:00Z,IFS_-029.00_-050.00,-29.0,-50.0,313.838,0.0
2026-10-08T08:00:00Z,IFS_-029.00_-050.00,-29.0,-50.0,313.838,0.0
2026-10-08T09:00:00Z,IFS_-029.00_-050.00,-29.0,-50.0,313.838,0.0
2026-10-08T10:00:00Z,IFS_-029.00_-050.00,-29.0,-50.0,313.838,0.0
2026-10-08T11:00:00Z,IFS_-029.00_-050.00,-29.0,-50.0,313.838,0.0
2026-10-08T12:00:00Z,IFS_-029.00_-050.00,-29.0,-50.0,313.838,0.0
2026-10-08T13:00:00Z,IFS_-029.00_-050.00,-29.0,-50.0,313.838,0.0
2026-10-08T14:00:00Z,IFS_-029.00_-050.00,-29.0,-50.0,313.838,0.0
2026-10-08T15:00:00Z,IFS_-029.00_-050.00,-29.0,-50.0,313.838,0.0
2026-10-08T16:00:00Z,IFS_-029.00_-050.00,-29.0,-50.0,313.838,0.3
2026-10-08T17:00:00Z,IFS_-029.00_-050.00,-29.0,-50.0,313.838,0.3
2026-10-08T18:00:00Z,IFS_-029.00_-050.00,-29.0,-50.0,313.838,0.3
2026-10-08T19:00:00Z,IFS_-029.00_-050.00,-29.0,-50.0,313.838,0.3
2026-10-08T20:00:00Z,IFS_-029.00_-050.00,-29.0,-50.0,313.838,0.3
2026-10-08T21:00:00Z,IFS_-029.00_-050.00,-29.0,-50.0,313.838,0.3
2026-10-08T22:00:00Z,IFS_-029.00_-050.00,-29.0,-50.0,313.838,0.0
2026-10-08T23:00:00Z,IFS_-029.00_-050.00,-29.0,-50.0,313.838,0.0
2026-10-09T00:00:00Z,IFS_-029.00_-050.00,-29.0,-50.0,313.838,0.0
2026-10-09T01:00:00Z,IFS_-029.00_-050.00,-29.0,-50.0,313.838,0.0
2026-10-09T02:00:00Z,IFS_-029.00_-050.00,-29.0,-50.0,313.838,0.0
2026-10-09T03:00:00Z,IFS_-029.00_-050.00,-29.0,-50.0,313.838,0.0
2026-10-09T04:00:00Z,IFS_-029.00_-050.00,-29.0,-50.0,313.838,1.3
2026-10-09T05:00:00Z,IFS_-029.00_-050.00,-29.0,-50.0,313.838,1.3
2026-10-09T06:00:00Z,IFS_-029.00_-050.00,-29.0,-50.0,313.838,1.3
2026-10-09T07:00:00Z,IFS_-029.00_-050.00,-29.0,-50.0,313.838,0.6
2026-10-09T08:00:00Z,IFS_-029.00_-050.00,-29.0,-50.0,313.838,0.6
2026-10-09T09:00:00Z,IFS_-029.00_-050.00,-29.0,-50.0,313.838,0.6
2026-10-09T10:00:00Z,IFS_-029.00_-050.00,-29.0,-50.0,313.838,0.3
2026-10-09T11:00:00Z,IFS_-029.00_-050.00,-29.0,-50.0,313.838,0.3
2026-10-09T12:00:00Z,IFS_-029.00_-050.00,-29.0,-50.0,313.838,0.3
2026-10-09T13:00:00Z,IFS_-029.00_-050.00,-29.0,-50.0,313.838,0.4
2026-10-09T14:00:00Z,IFS_-029.00_-050.00,-29.0,-50.0,313.838,0.4
2026-10-09T15:00:00Z,IFS_-029.00_-050.00,-29.0,-50.0,313.838,0.4
2026-10-09T16:00:00Z,IFS_-029.00_-050.00,-29.0,-50.0,313.838,1.5
2026-10-09T17:00:00Z,IFS_-029.00_-050.00,-29.0,-50.0,313.838,1.5
2026-10-09T18:00:00Z,IFS_-029.00_-050.00,-29.0,-50.0,313.838,1.5
2026-10-09T19:00:00Z,IFS_-029.00_-050.00,-29.0,-50.0,313.838,0.7
2026-10-09T20:00:00Z,IFS_-029.00_-050.00,-29.0,-50.0,313.838,0.7
2026-10-09T21:00:00Z,IFS_-029.00_-050.00,-29.0,-50.0,313.838,0.7
2026-10-09T22:00:00Z,IFS_-029.00_-050.00,-29.0,-50.0,313.838,0.4
2026-10-09T23:00:00Z,IFS_-029.00_-050.00,-29.0,-50.0,313.838,0.4
2026-10-10T00:00:00Z,IFS_-029.00_-050.00,-29.0,-50.0,313.838,0.4
2026-10-10T01:00:00Z,IFS_-029.00_-050.00,-29.0,-50.0,313.838,0.7
2026-10-10T02:00:00Z,IFS_-029.00_-050.00,-29.0,-50.0,313.838,0.7
2026-10-10T03:00:00Z,IFS_-029.00_-050.00,-29.0,-50.0,313.838,0.7
2026-10-10T04:00:00Z,IFS_-029.00_-050.00,-29.0,-50.0,313.838,0.9
2026-10-10T05:00:00Z,IFS_-029.00_-050.00,-29.0,-50.0,313.838,0.9
2026-10-10T06:00:00Z,IFS_-029.00_-050.00,-29.0,-50.0,313.838,0.9
2026-10-10T07:00:00Z,IFS_-029.00_-050.00,-29.0,-50.0,313.838,0.1
2026-10-10T08:00:00Z,IFS_-029.00_-050.00,-29.0,-50.0,313.838,0.1
2026-10-10T09:00:00Z,IFS_-029.00_-050.00,-29.0,-50.0,313.838,0.1
2026-10-10T10:00:00Z,IFS_-029.00_-050.00,-29.0,-50.0,313.838,0.0
2026-10-10T11:00:00Z,IFS_-029.00_-050.00,-29.0,-50.0,313.838,0.0
2026-10-10T12:00:00Z,IFS_-029.00_-050.00,-29.0,-50.0,313.838,0.0
2026-10-10T13:00:00Z,IFS_-029.00_-050.00,-29.0,-50.0,313.838,0.1
2026-10-10T14:00:00Z,IFS_-029.00_-050.00,-29.0,-50.0,313.838,0.1
2026-10-10T15:00:00Z,IFS_-029.00_-050.00,-29.0,-50.0,313.838,0.1
2026-10-10T16:00:00Z,IFS_-029.00_-050.00,-29.0,-50.0,313.838,0.1
2026-10-10T17:00:00Z,IFS_-029.00_-050.00,-29.0,-50.0,313.838,0.1
2026-10-10T18:00:00Z,IFS_-029.00_-050.00,-29.0,-50.0,313.838,0.1
2026-10-10T19:00:00Z,IFS_-029.00_-050.00,-29.0,-50.0,313.838,0.2
2026-10-10T20:00:00Z,IFS_-029.00_-050.00,-29.0,-50.0,313.838,0.2
2026-10-10T21:00:00Z,IFS_-029.00_-050.00,-29.0,-50.0,313.838,0.2
2026-10-10T22:00:00Z,IFS_-029.00_-050.00,-29.0,-50.0,313.838,0.0
2026-10-10T23:00:00Z,IFS_-029.00_-050.00,-29.0,-50.0,313.838,0.0
2026-10-11T00:00:00Z,IFS_-029.00_-050.00,-29.0,-50.0,313.838,0.0
2026-10-11T01:00:00Z,IFS_-029.00_-050.00,-29.0,-50.0,313.838,0.0
2026-10-11T02:00:00Z,IFS_-029.00_-050.00,-29.0,-50.0,313.838,0.0
2026-10-11T03:00:00Z,IFS_-029.00_-050.00,-29.0,-50.0,313.838,0.0
2026-10-11T04:00:00Z,IFS_-029.00_-050.00,-29.0,-50.0,313.838,0.0
2026-10-11T05:00:00Z,IFS_-029.00_-050.00,-29.0,-50.0,313.838,0.0
2026-10-11T06:00:00Z,IFS_-029.00_-050.00,-29.0,-50.0,313.838,0.0
2026-10-11T07:00:00Z,IFS_-029.00_-050.00,-29.0,-50.0,313.838,0.0
2026-10-11T08:00:00Z,IFS_-029.00_-050.00,-29.0,-50.0,313.838,0.0
2026-10-11T09:00:00Z,IFS_-029.00_-050.00,-29.0,-50.0,313.838,0.0
2026-10-11T10:00:00Z,IFS_-029.00_-050.00,-29.0,-50.0,313.838,0.0
2026-10-11T11:00:00Z,IFS_-029.00_-050.00,-29.0,-50.0,313.838,0.0
2026-10-11T12:00:00Z,IFS_-029.00_-050.00,-29.0,-50.0,313.838,0.0
2026-10-11T13:00:00Z,IFS_-029.00_-050.00,-29.0,-50.0,313.838,1.0
2026-10-11T14:00:00Z,IFS_-029.00_-050.00,-29.0,-50.0,313.838,1.0
2026-10-11T15:00:00Z,IFS_-029.00_-050.00,-29.0,-50.0,313.838,1.0
2026-10-11T16:00:00Z,IFS_-029.00_-050.00,-29.0,-50.0,313.838,2.4
2026-10-11T17:00:00Z,IFS_-029.00_-050.00,-29.0,-50.0,313.838,2.4
2026-10-11T18:00:00Z,IFS_-029.00_-050.00,-29.0,-50.0,313.838,2.4
2026-10-11T19:00:00Z,IFS_-029.00_-050.00,-29.0,-50.0,313.838,0.0
2026-10-11T20:00:00Z,IFS_-029.00_-050.00,-29.0,-50.0,313.838,0.0
2026-10-11T21:00:00Z,IFS_-029.00_-050.00,-29.0,-50.0,313.838,0.0
2026-10-11T22:00:00Z,IFS_-029.00_-050.00,-29.0,-50.0,313.838,0.2
2026-10-11T23:00:00Z,IFS_-029.00_-050.00,-29.0,-50.0,313.838,0.2
2026-10-12T00:00:00Z,IFS_-029.00_-050.00,-29.0,-50.0,313.838,0.2
2026-10-12T01:00:00Z,IFS_-029.00_-050.00,-29.0,-50.0,313.838,0.1
2026-10-12T02:00:00Z,IFS_-029.00_-050.00,-29.0,-50.0,313.838,0.1
2026-10-12T03:00:00Z,IFS_-029.00_-050.00,-29.0,-50.0,313.838,0.1
2026-10-12T04:00:00Z,IFS_-029.00_-050.00,-29.0,-50.0,313.838,0.3
2026-10-12T05:00:00Z,IFS_-029.00_-050.00,-29.0,-50.0,313.838,0.3
2026-10-12T06:00:00Z,IFS_-029.00_-050.00,-29.0,-50.0,313.838,0.3
2026-10-12T07:00:00Z,IFS_-029.00_-050.00,-29.0,-50.0,313.838,0.5
2026-10-12T08:00:00Z,IFS_-029.00_-050.00,-29.0,-50.0,313.838,0.5
2026-10-12T09:00:00Z,IFS_-029.00_-050.00,-29.0,-50.0,313.838,0.5
2026-10-12T10:00:00Z,IFS_-029.00_-050.00,-29.0,-50.0,313.838,0.1
2026-10-12T11:00:00Z,IFS_-029.00_-050.00,-29.0,-50.0,313.838,0.1
2026-10-12T12:00:00Z,IFS_-029.00_-050.00,-29.0,-50.0,313.838,0.1
2026-10-12T13:00:00Z,IFS_-029.00_-050.00,-29.0,-50.0,313.838,0.1
2026-10-12T14:00:00Z,IFS_-029.00_-050.00,-29.0,-50.0,313.838,0.1
2026-10-12T15:00:00Z,IFS_-029.00_-050.00,-29.0,-50.0,313.838,0.1
2026-10-12T16:00:00Z,IFS_-029.00_-050.00,-29.0,-50.0,313.838,2.1
2026-10-12T17:00:00Z,IFS_-029.00_-050.00,-29.0,-50.0,313.838,2.1
2026-10-12T18:00:00Z,IFS_-029.00_-050.00,-29.0,-50.0,313.838,2.1
2026-10-12T19:00:00Z,IFS_-029.00_-050.00,-29.0,-50.0,313.838,0.5
2026-10-12T20:00:00Z,IFS_-029.00_-050.00,-29.0,-50.0,313.838,0.5
2026-10-12T21:00:00Z,IFS_-029.00_-050.00,-29.0,-50.0,313.838,0.5
2026-10-12T22:00:00Z,IFS_-029.00_-050.00,-29.0,-50.0,313.838,0.5
2026-10-12T23:00:00Z,IFS_-029.00_-050.00,-29.0,-50.0,313.838,0.5
2026-10-13T00:00:00Z,IFS_-029.00_-050.00,-29.0,-50.0,313.838,0.5
2026-10-13T01:00:00Z,IFS_-029.00_-050.00,-29.0,-50.0,313.838,0.2
2026-10-08T02:00:00Z,IFS_-028.75_-052.00,-28.75,-52.0,193.8973,0.0
2026-10-08T03:00:00Z,IFS_-028.75_-052.00,-28.75,-52.0,193.8973,0.0
2026-10-08T04:00:00Z,IFS_-028.75_-052.00,-28.75,-52.0,193.8973,0.1
2026-10-08T05:00:00Z,IFS_-028.75_-052.00,-28.75,-52.0,193.8973,0.1
2026-10-08T06:00:00Z,IFS_-028.75_-052.00,-28.75,-52.0,193.8973,0.1
2026-10-08T07:00:00Z,IFS_-028.75_-052.00,-28.75,-52.0,193.8973,0.1
2026-10-08T08:00:00Z,IFS_-028.75_-052.00,-28.75,-52.0,193.8973,0.1
2026-10-08T09:00:00Z,IFS_-028.75_-052.00,-28.75,-52.0,193.8973,0.1
2026-10-08T10:00:00Z,IFS_-028.75_-052.00,-28.75,-52.0,193.8973,0.1
2026-10-08T11:00:00Z,IFS_-028.75_-052.00,-28.75,-52.0,193.8973,0.1
2026-10-08T12:00:00Z,IFS_-028.75_-052.00,-28.75,-52.0,193.8973,0.1
2026-10-08T13:00:00Z,IFS_-028.75_-052.00,-28.75,-52.0,193.8973,1.0
2026-10-08T14:00:00Z,IFS_-028.75_-052.00,-28.75,-52.0,193.8973,1.0
2026-10-08T15:00:00Z,IFS_-028.75_-052.00,-28.75,-52.0,193.8973,1.0
2026-10-08T16:00:00Z,IFS_-028.75_-052.00,-28.75,-52.0,193.8973,1.1
2026-10-08T17:00:00Z,IFS_-028.75_-052.00,-28.75,-52.0,193.8973,1.1
2026-10-08T18:00:00Z,IFS_-028.75_-052.00,-28.75,-52.0,193.8973,1.1
2026-10-08T19:00:00Z,IFS_-028.75_-052.00,-28.75,-52.0,193.8973,0.3
2026-10-08T20:00:00Z,IFS_-028.75_-052.00,-28.75,-52.0,193.8973,0.3
2026-10-08T21:00:00Z,IFS_-028.75_-052.00,-28.75,-52.0,193.8973,0.3
2026-10-08T22:00:00Z,IFS_-028.75_-052.00,-28.75,-52.0,193.8973,0.0
2026-10-08T23:00:00Z,IFS_-028.75_-052.00,-28.75,-52.0,193.8973,0.0
2026-10-09T00:00:00Z,IFS_-028.75_-052.00,-28.75,-52.0,193.8973,0.0
2026-10-09T01:00:00Z,IFS_-028.75_-052.00,-28.75,-52.0,193.8973,0.2
2026-10-09T02:00:00Z,IFS_-028.75_-052.00,-28.75,-52.0,193.8973,0.2
2026-10-09T03:00:00Z,IFS_-028.75_-052.00,-28.75,-52.0,193.8973,0.2
2026-10-09T04:00:00Z,IFS_-028.75_-052.00,-28.75,-52.0,193.8973,0.4
2026-10-09T05:00:00Z,IFS_-028.75_-052.00,-28.75,-52.0,193.8973,0.4
2026-10-09T06:00:00Z,IFS_-028.75_-052.00,-28.75,-52.0,193.8973,0.4
2026-10-09T07:00:00Z,IFS_-028.75_-052.00,-28.75,-52.0,193.8973,0.5
2026-10-09T08:00:00Z,IFS_-028.75_-052.00,-28.75,-52.0,193.8973,0.5
2026-10-09T09:00:00Z,IFS_-028.75_-052.00,-28.75,-52.0,193.8973,0.5
2026-10-09T10:00:00Z,IFS_-028.75_-052.00,-28.75,-52.0,193.8973,3.6
2026-10-09T11:00:00Z,IFS_-028.75_-052.00,-28.75,-52.0,193.8973,3.6
2026-10-09T12:00:00Z,IFS_-028.75_-052.00,-28.75,-52.0,193.8973,3.6
2026-10-09T13:00:00Z,IFS_-028.75_-052.00,-28.75,-52.0,193.8973,4.0
2026-10-09T14:00:00Z,IFS_-028.75_-052.00,-28.75,-52.0,193.8973,4.0
2026-10-09T15:00:00Z,IFS_-028.75_-052.00,-28.75,-52.0,193.8973,4.0
2026-10-09T16:00:00Z,IFS_-028.75_-052.00,-28.75,-52.0,193.8973,1.4
2026-10-09T17:00:00Z,IFS_-028.75_-052.00,-28.75,-52.0,193.8973,1.4
2026-10-09T18:00:00Z,IFS_-028.75_-052.00,-28.75,-52.0,193.8973,1.4
2026-10-09T19:00:00Z,IFS_-028.75_-052.00,-28.75,-52.0,193.8973,0.4
2026-10-09T20:00:00Z,IFS_-028.75_-052.00,-28.75,-52.0,193.8973,0.4
2026-10-09T21:00:00Z,IFS_-028.75_-052.00,-28.75,-52.0,193.8973,0.4
2026-10-09T22:00:00Z,IFS_-028.75_-052.00,-28.75,-52.0,193.8973,0.8
2026-10-09T23:00:00Z,IFS_-028.75_-052.00,-28.75,-52.0,193.8973,0.8
2026-10-10T00:00:00Z,IFS_-028.75_-052.00,-28.75,-52.0,193.8973,0.8
2026-10-10T01:00:00Z,IFS_-028.75_-052.00,-28.75,-52.0,193.8973,1.3
2026-10-10T02:00:00Z,IFS_-028.75_-052.00,-28.75,-52.0,193.8973,1.3
2026-10-10T03:00:00Z,IFS_-028.75_-052.00,-28.75,-52.0,193.8973,1.3
2026-10-10T04:00:00Z,IFS_-028.75_-052.00,-28.75,-52.0,193.8973,2.3
2026-10-10T05:00:00Z,IFS_-028.75_-052.00,-28.75,-52.0,193.8973,2.3
2026-10-10T06:00:00Z,IFS_-028.75_-052.00,-28.75,-52.0,193.8973,2.3
2026-10-10T07:00:00Z,IFS_-028.75_-052.00,-28.75,-52.0,193.8973,0.3
2026-10-10T08:00:00Z,IFS_-028.75_-052.00,-28.75,-52.0,193.8973,0.3
2026-10-10T09:00:00Z,IFS_-028.75_-052.00,-28.75,-52.0,193.8973,0.3
2026-10-10T10:00:00Z,IFS_-028.75_-052.00,-28.75,-52.0,193.8973,0.1
2026-10-10T11:00:00Z,IFS_-028.75_-052.00,-28.75,-52.0,193.8973,0.1
2026-10-10T12:00:00Z,IFS_-028.75_-052.00,-28.75,-52.0,193.8973,0.1
2026-10-10T13:00:00Z,IFS_-028.75_-052.00,-28.75,-52.0,193.8973,0.1
2026-10-10T14:00:00Z,IFS_-028.75_-052.00,-28.75,-52.0,193.8973,0.1
2026-10-10T15:00:00Z,IFS_-028.75_-052.00,-28.75,-52.0,193.8973,0.1
2026-10-10T16:00:00Z,IFS_-028.75_-052.00,-28.75,-52.0,193.8973,0.0
2026-10-10T17:00:00Z,IFS_-028.75_-052.00,-28.75,-52.0,193.8973,0.0
2026-10-10T18:00:00Z,IFS_-028.75_-052.00,-28.75,-52.0,193.8973,0.0
2026-10-10T19:00:00Z,IFS_-028.75_-052.00,-28.75,-52.0,193.8973,0.0
2026-10-10T20:00:00Z,IFS_-028.75_-052.00,-28.75,-52.0,193.8973,0.0
2026-10-10T21:00:00Z,IFS_-028.75_-052.00,-28.75,-52.0,193.8973,0.0
2026-10-10T22:00:00Z,IFS_-028.75_-052.00,-28.75,-52.0,193.8973,0.0
2026-10-10T23:00:00Z,IFS_-028.75_-052.00,-28.75,-52.0,193.8973,0.0
2026-10-11T00:00:00Z,IFS_-028.75_-052.00,-28.75,-52.0,193.8973,0.0
2026-10-11T01:00:00Z,IFS_-028.75_-052.00,-28.75,-52.0,193.8973,0.0
2026-10-11T02:00:00Z,IFS_-028.75_-052.00,-28.75,-52.0,193.8973,0.0
2026-10-11T03:00:00Z,IFS_-028.75_-052.00,-28.75,-52.0,193.8973,0.0
2026-10-11T04:00:00Z,IFS_-028.75_-052.00,-28.75,-52.0,193.8973,0.0
2026-10-11T05:00:00Z,IFS_-028.75_-052.00,-28.75,-52.0,193.8973,0.0
2026-10-11T06:00:00Z,IFS_-028.75_-052.00,-28.75,-52.0,193.8973,0.0
2026-10-11T07:00:00Z,IFS_-028.75_-052.00,-28.75,-52.0,193.8973,0.0
2026-10-11T08:00:00Z,IFS_-028.75_-052.00,-28.75,-52.0,193.8973,0.0
2026-10-11T09:00:00Z,IFS_-028.75_-052.00,-28.75,-52.0,193.8973,0.0
2026-10-11T10:00:00Z,IFS_-028.75_-052.00,-28.75,-52.0,193.8973,0.0
2026-10-11T11:00:00Z,IFS_-028.75_-052.00,-28.75,-52.0,193.8973,0.0
2026-10-11T12:00:00Z,IFS_-028.75_-052.00,-28.75,-52.0,193.8973,0.0
2026-10-11T13:00:00Z,IFS_-028.75_-052.00,-28.75,-52.0,193.8973,1.0
2026-10-11T14:00:00Z,IFS_-028.75_-052.00,-28.75,-52.0,193.8973,1.0
2026-10-11T15:00:00Z,IFS_-028.75_-052.00,-28.75,-52.0,193.8973,1.0
2026-10-11T16:00:00Z,IFS_-028.75_-052.00,-28.75,-52.0,193.8973,0.0
2026-10-11T17:00:00Z,IFS_-028.75_-052.00,-28.75,-52.0,193.8973,0.0
2026-10-11T18:00:00Z,IFS_-028.75_-052.00,-28.75,-52.0,193.8973,0.0
2026-10-11T19:00:00Z,IFS_-028.75_-052.00,-28.75,-52.0,193.8973,0.0
2026-10-11T20:00:00Z,IFS_-028.75_-052.00,-28.75,-52.0,193.8973,0.0
2026-10-11T21:00:00Z,IFS_-028.75_-052.00,-28.75,-52.0,193.8973,0.0
2026-10-11T22:00:00Z,IFS_-028.75_-052.00,-28.75,-52.0,193.8973,0.0
2026-10-11T23:00:00Z,IFS_-028.75_-052.00,-28.75,-52.0,193.8973,0.0
2026-10-12T00:00:00Z,IFS_-028.75_-052.00,-28.75,-52.0,193.8973,0.0
2026-10-12T01:00:00Z,IFS_-028.75_-052.00,-28.75,-52.0,193.8973,0.0
2026-10-12T02:00:00Z,IFS_-028.75_-052.00,-28.75,-52.0,193.8973,0.0
2026-10-12T03:00:00Z,IFS_-028.75_-052.00,-28.75,-52.0,193.8973,0.0
2026-10-12T04:00:00Z,IFS_-028.75_-052.00,-28.75,-52.0,193.8973,0.0
2026-10-12T05:00:00Z,IFS_-028.75_-052.00,-28.75,-52.0,193.8973,0.0
2026-10-12T06:00:00Z,IFS_-028.75_-052.00,-28.75,-52.0,193.8973,0.0
2026-10-12T07:00:00Z,IFS_-028.75_-052.00,-28.75,-52.0,193.8973,0.1
2026-10-12T08:00:00Z,IFS_-028.75_-052.00,-28.75,-52.0,193.8973,0.1
2026-10-12T09:00:00Z,IFS_-028.75_-052.00,-28.75,-52.0,193.8973,0.1
2026-10-12T10:00:00Z,IFS_-028.75_-052.00,-28.75,-52.0,193.8973,1.5
2026-10-12T11:00:00Z,IFS_-028.75_-052.00,-28.75,-52.0,193.8973,1.5
2026-10-12T12:00:00Z,IFS_-028.75_-052.00,-28.75,-52.0,193.8973,1.5
2026-10-12T13:00:00Z,IFS_-028.75_-052.00,-28.75,-52.0,193.8973,0.1
2026-10-12T14:00:00Z,IFS_-028.75_-052.00,-28.75,-52.0,193.8973,0.1
2026-10-12T15:00:00Z,IFS_-028.75_-052.00,-28.75,-52.0,193.8973,0.1
2026-10-12T16:00:00Z,IFS_-028.75_-052.00,-28.75,-52.0,193.8973,0.0
2026-10-12T17:00:00Z,IFS_-028.75_-052.00,-28.75,-52.0,193.8973,0.0
2026-10-12T18:00:00Z,IFS_-028.75_-052.00,-28.75,-52.0,193.8973,0.0
2026-10-12T19:00:00Z,IFS_-028.75_-052.00,-28.75,-52.0,193.8973,0.0
2026-10-12T20:00:00Z,IFS_-028.75_-052.00,-28.75,-52.0,193.8973,0.0
2026-10-12T21:00:00Z,IFS_-028.75_-052.00,-28.75,-52.0,193.8973,0.0
2026-10-12T22:00:00Z,IFS_-028.75_-052.00,-28.75,-52.0,193.8973,0.0
2026-10-12T23:00:00Z,IFS_-028.75_-052.00,-28.75,-52.0,193.8973,0.0
2026-10-13T00:00:00Z,IFS_-028.75_-052.00,-28.75,-52.0,193.8973,0.0
2026-10-13T01:00:00Z,IFS_-028.75_-052.00,-28.75,-52.0,193.8973,0.2
2026-10-08T02:00:00Z,IFS_-028.75_-051.75,-28.75,-51.75,676.1228,0.0
2026-10-08T03:00:00Z,IFS_-028.75_-051.75,-28.75,-51.75,676.1228,0.0
2026-10-08T04:00:00Z,IFS_-028.75_-051.75,-28.75,-51.75,676.1228,0.0
2026-10-08T05:00:00Z,IFS_-028.75_-051.75,-28.75,-51.75,676.1228,0.0
2026-10-08T06:00:00Z,IFS_-028.75_-051.75,-28.75,-51.75,676.1228,0.0
2026-10-08T07:00:00Z,IFS_-028.75_-051.75,-28.75,-51.75,676.1228,0.0
2026-10-08T08:00:00Z,IFS_-028.75_-051.75,-28.75,-51.75,676.1228,0.0
2026-10-08T09:00:00Z,IFS_-028.75_-051.75,-28.75,-51.75,676.1228,0.0
2026-10-08T10:00:00Z,IFS_-028.75_-051.75,-28.75,-51.75,676.1228,0.0
2026-10-08T11:00:00Z,IFS_-028.75_-051.75,-28.75,-51.75,676.1228,0.0
2026-10-08T12:00:00Z,IFS_-028.75_-051.75,-28.75,-51.75,676.1228,0.0
2026-10-08T13:00:00Z,IFS_-028.75_-051.75,-28.75,-51.75,676.1228,0.6
2026-10-08T14:00:00Z,IFS_-028.75_-051.75,-28.75,-51.75,676.1228,0.6
2026-10-08T15:00:00Z,IFS_-028.75_-051.75,-28.75,-51.75,676.1228,0.6
2026-10-08T16:00:00Z,IFS_-028.75_-051.75,-28.75,-51.75,676.1228,1.0
2026-10-08T17:00:00Z,IFS_-028.75_-051.75,-28.75,-51.75,676.1228,1.0
2026-10-08T18:00:00Z,IFS_-028.75_-051.75,-28.75,-51.75,676.1228,1.0
2026-10-08T19:00:00Z,IFS_-028.75_-051.75,-28.75,-51.75,676.1228,0.3
2026-10-08T20:00:00Z,IFS_-028.75_-051.75,-28.75,-51.75,676.1228,0.3
2026-10-08T21:00:00Z,IFS_-028.75_-051.75,-28.75,-51.75,676.1228,0.3
2026-10-08T22:00:00Z,IFS_-028.75_-051.75,-28.75,-51.75,676.1228,0.0
2026-10-08T23:00:00Z,IFS_-028.75_-051.75,-28.75,-51.75,676.1228,0.0
2026-10-09T00:00:00Z,IFS_-028.75_-051.75,-28.75,-51.75,676.1228,0.0
2026-10-09T01:00:00Z,IFS_-028.75_-051.75,-28.75,-51.75,676.1228,0.0
2026-10-09T02:00:00Z,IFS_-028.75_-051.75,-28.75,-51.75,676.1228,0.0
2026-10-09T03:00:00Z,IFS_-028.75_-051.75,-28.75,-51.75,676.1228,0.0
2026-10-09T04:00:00Z,IFS_-028.75_-051.75,-28.75,-51.75,676.1228,1.2
2026-10-09T05:00:00Z,IFS_-028.75_-051.75,-28.75,-51.75,676.1228,1.2
2026-10-09T06:00:00Z,IFS_-028.75_-051.75,-28.75,-51.75,676.1228,1.2
2026-10-09T07:00:00Z,IFS_-028.75_-051.75,-28.75,-51.75,676.1228,0.2
2026-10-09T08:00:00Z,IFS_-028.75_-051.75,-28.75,-51.75,676.1228,0.2
2026-10-09T09:00:00Z,IFS_-028.75_-051.75,-28.75,-51.75,676.1228,0.2
2026-10-09T10:00:00Z,IFS_-028.75_-051.75,-28.75,-51.75,676.1228,3.1
2026-10-09T11:00:00Z,IFS_-028.75_-051.75,-28.75,-51.75,676.1228,3.1
2026-10-09T12:00:00Z,IFS_-028.75_-051.75,-28.75,-51.75,676.1228,3.1
2026-10-09T13:00:00Z,IFS_-028.75_-051.75,-28.75,-51.75,676.1228,4.2
2026-10-09T14:00:00Z,IFS_-028.75_-051.75,-28.75,-51.75,676.1228,4.2
2026-10-09T15:00:00Z,IFS_-028.75_-051.75,-28.75,-51.75,676.1228,4.2
2026-10-09T16:00:00Z,IFS_-028.75_-051.75,-28.75,-51.75,676.1228,1.7
2026-10-09T17:00:00Z,IFS_-028.75_-051.75,-28.75,-51.75,676.1228,1.7
2026-10-09T18:00:00Z,IFS_-028.75_-051.75,-28.75,-51.75,676.1228,1.7
2026-10-09T19:00:00Z,IFS_-028.75_-051.75,-28.75,-51.75,676.1228,0.5
2026-10-09T20:00:00Z,IFS_-028.75_-051.75,-28.75,-51.75,676.1228,0.5
2026-10-09T21:00:00Z,IFS_-028.75_-051.75,-28.75,-51.75,676.1228,0.5
2026-10-09T22:00:00Z,IFS_-028.75_-051.75,-28.75,-51.75,676.1228,0.7
2026-10-09T23:00:00Z,IFS_-028.75_-051.75,-28.75,-51.75,676.1228,0.7
2026-10-10T00:00:00Z,IFS_-028.75_-051.75,-28.75,-51.75,676.1228,0.7
2026-10-10T01:00:00Z,IFS_-028.75_-051.75,-28.75,-51.75,676.1228,1.5
2026-10-10T02:00:00Z,IFS_-028.75_-051.75,-28.75,-51.75,676.1228,1.5
2026-10-10T03:00:00Z,IFS_-028.75_-051.75,-28.75,-51.75,676.1228,1.5
2026-10-10T04:00:00Z,IFS_-028.75_-051.75,-28.75,-51.75,676.1228,2.0
2026-10-10T05:00:00Z,IFS_-028.75_-051.75,-28.75,-51.75,676.1228,2.0
2026-10-10T06:00:00Z,IFS_-028.75_-051.75,-28.75,-51.75,676.1228,2.0
2026-10-10T07:00:00Z,IFS_-028.75_-051.75,-28.75,-51.75,676.1228,0.3
2026-10-10T08:00:00Z,IFS_-028.75_-051.75,-28.75,-51.75,676.1228,0.3
2026-10-10T09:00:00Z,IFS_-028.75_-051.75,-28.75,-51.75,676.1228,0.3
2026-10-10T10:00:00Z,IFS_-028.75_-051.75,-28.75,-51.75,676.1228,0.0
2026-10-10T11:00:00Z,IFS_-028.75_-051.75,-28.75,-51.75,676.1228,0.0
2026-10-10T12:00:00Z,IFS_-028.75_-051.75,-28.75,-51.75,676.1228,0.0
2026-10-10T13:00:00Z,IFS_-028.75_-051.75,-28.75,-51.75,676.1228,0.1
2026-10-10T14:00:00Z,IFS_-028.75_-051.75,-28.75,-51.75,676.1228,0.1
2026-10-10T15:00:00Z,IFS_-028.75_-051.75,-28.75,-51.75,676.1228,0.1
2026-10-10T16:00:00Z,IFS_-028.75_-051.75,-28.75,-51.75,676.1228,0.2
2026-10-10T17:00:00Z,IFS_-028.75_-051.75,-28.75,-51.75,676.1228,0.2
2026-10-10T18:00:00Z,IFS_-028.75_-051.75,-28.75,-51.75,676.1228,0.2
2026-10-10T19:00:00Z,IFS_-028.75_-051.75,-28.75,-51.75,676.1228,0.0
2026-10-10T20:00:00Z,IFS_-028.75_-051.75,-28.75,-51.75,676.1228,0.0
2026-10-10T21:00:00Z,IFS_-028.75_-051.75,-28.75,-51.75,676.1228,0.0
2026-10-10T22:00:00Z,IFS_-028.75_-051.75,-28.75,-51.75,676.1228,0.0
2026-10-10T23:00:00Z,IFS_-028.75_-051.75,-28.75,-51.75,676.1228,0.0
2026-10-11T00:00:00Z,IFS_-028.75_-051.75,-28.75,-51.75,676.1228,0.0
2026-10-11T01:00:00Z,IFS_-028.75_-051.75,-28.75,-51.75,676.1228,0.0
2026-10-11T02:00:00Z,IFS_-028.75_-051.75,-28.75,-51.75,676.1228,0.0
2026-10-11T03:00:00Z,IFS_-028.75_-051.75,-28.75,-51.75,676.1228,0.0
2026-10-11T04:00:00Z,IFS_-028.75_-051.75,-28.75,-51.75,676.1228,0.0
2026-10-11T05:00:00Z,IFS_-028.75_-051.75,-28.75,-51.75,676.1228,0.0
2026-10-11T06:00:00Z,IFS_-028.75_-051.75,-28.75,-51.75,676.1228,0.0
2026-10-11T07:00:00Z,IFS_-028.75_-051.75,-28.75,-51.75,676.1228,0.0
2026-10-11T08:00:00Z,IFS_-028.75_-051.75,-28.75,-51.75,676.1228,0.0
2026-10-11T09:00:00Z,IFS_-028.75_-051.75,-28.75,-51.75,676.1228,0.0
2026-10-11T10:00:00Z,IFS_-028.75_-051.75,-28.75,-51.75,676.1228,0.0
2026-10-11T11:00:00Z,IFS_-028.75_-051.75,-28.75,-51.75,676.1228,0.0
2026-10-11T12:00:00Z,IFS_-028.75_-051.75,-28.75,-51.75,676.1228,0.0
2026-10-11T13:00:00Z,IFS_-028.75_-051.75,-28.75,-51.75,676.1228,1.1
2026-10-11T14:00:00Z,IFS_-028.75_-051.75,-28.75,-51.75,676.1228,1.1
2026-10-11T15:00:00Z,IFS_-028.75_-051.75,-28.75,-51.75,676.1228,1.1
2026-10-11T16:00:00Z,IFS_-028.75_-051.75,-28.75,-51.75,676.1228,0.0
2026-10-11T17:00:00Z,IFS_-028.75_-051.75,-28.75,-51.75,676.1228,0.0
2026-10-11T18:00:00Z,IFS_-028.75_-051.75,-28.75,-51.75,676.1228,0.0
2026-10-11T19:00:00Z,IFS_-028.75_-051.75,-28.75,-51.75,676.1228,0.0
2026-10-11T20:00:00Z,IFS_-028.75_-051.75,-28.75,-51.75,676.1228,0.0
2026-10-11T21:00:00Z,IFS_-028.75_-051.75,-28.75,-51.75,676.1228,0.0
2026-10-11T22:00:00Z,IFS_-028.75_-051.75,-28.75,-51.75,676.1228,0.0
2026-10-11T23:00:00Z,IFS_-028.75_-051.75,-28.75,-51.75,676.1228,0.0
2026-10-12T00:00:00Z,IFS_-028.75_-051.75,-28.75,-51.75,676.1228,0.0
2026-10-12T01:00:00Z,IFS_-028.75_-051.75,-28.75,-51.75,676.1228,0.0
2026-10-12T02:00:00Z,IFS_-028.75_-051.75,-28.75,-51.75,676.1228,0.0
2026-10-12T03:00:00Z,IFS_-028.75_-051.75,-28.75,-51.75,676.1228,0.0
2026-10-12T04:00:00Z,IFS_-028.75_-051.75,-28.75,-51.75,676.1228,0.2
2026-10-12T05:00:00Z,IFS_-028.75_-051.75,-28.75,-51.75,676.1228,0.2
2026-10-12T06:00:00Z,IFS_-028.75_-051.75,-28.75,-51.75,676.1228,0.2
2026-10-12T07:00:00Z,IFS_-028.75_-051.75,-28.75,-51.75,676.1228,0.4
2026-10-12T08:00:00Z,IFS_-028.75_-051.75,-28.75,-51.75,676.1228,0.4
2026-10-12T09:00:00Z,IFS_-028.75_-051.75,-28.75,-51.75,676.1228,0.4
2026-10-12T10:00:00Z,IFS_-028.75_-051.75,-28.75,-51.75,676.1228,1.8
2026-10-12T11:00:00Z,IFS_-028.75_-051.75,-28.75,-51.75,676.1228,1.8
2026-10-12T12:00:00Z,IFS_-028.75_-051.75,-28.75,-51.75,676.1228,1.8
2026-10-12T13:00:00Z,IFS_-028.75_-051.75,-28.75,-51.75,676.1228,0.5
2026-10-12T14:00:00Z,IFS_-028.75_-051.75,-28.75,-51.75,676.1228,0.5
2026-10-12T15:00:00Z,IFS_-028.75_-051.75,-28.75,-51.75,676.1228,0.5
2026-10-12T16:00:00Z,IFS_-028.75_-051.75,-28.75,-51.75,676.1228,0.0
2026-10-12T17:00:00Z,IFS_-028.75_-051.75,-28.75,-51.75,676.1228,0.0
2026-10-12T18:00:00Z,IFS_-028.75_-051.75,-28.75,-51.75,676.1228,0.0
2026-10-12T19:00:00Z,IFS_-028.75_-051.75,-28.75,-51.75,676.1228,0.0
2026-10-12T20:00:00Z,IFS_-028.75_-051.75,-28.75,-51.75,676.1228,0.0
2026-10-12T21:00:00Z,IFS_-028.75_-051.75,-28.75,-51.75,676.1228,0.0
2026-10-12T22:00:00Z,IFS_-028.75_-051.75,-28.75,-51.75,676.1228,0.0
2026-10-12T23:00:00Z,IFS_-028.75_-051.75,-28.75,-51.75,676.1228,0.0
2026-10-13T00:00:00Z,IFS_-028.75_-051.75,-28.75,-51.75,676.1228,0.0
2026-10-13T01:00:00Z,IFS_-028.75_-051.75,-28.75,-51.75,676.1228,0.0
2026-10-08T02:00:00Z,IFS_-028.75_-051.50,-28.75,-51.5,676.0731,0.0
2026-10-08T03:00:00Z,IFS_-028.75_-051.50,-28.75,-51.5,676.0731,0.0
2026-10-08T04:00:00Z,IFS_-028.75_-051.50,-28.75,-51.5,676.0731,0.0
2026-10-08T05:00:00Z,IFS_-028.75_-051.50,-28.75,-51.5,676.0731,0.0
2026-10-08T06:00:00Z,IFS_-028.75_-051.50,-28.75,-51.5,676.0731,0.0
2026-10-08T07:00:00Z,IFS_-028.75_-051.50,-28.75,-51.5,676.0731,0.0
2026-10-08T08:00:00Z,IFS_-028.75_-051.50,-28.75,-51.5,676.0731,0.0
2026-10-08T09:00:00Z,IFS_-028.75_-051.50,-28.75,-51.5,676.0731,0.0
2026-10-08T10:00:00Z,IFS_-028.75_-051.50,-28.75,-51.5,676.0731,0.0
2026-10-08T11:00:00Z,IFS_-028.75_-051.50,-28.75,-51.5,676.0731,0.0
2026-10-08T12:00:00Z,IFS_-028.75_-051.50,-28.75,-51.5,676.0731,0.0
2026-10-08T13:00:00Z,IFS_-028.75_-051.50,-28.75,-51.5,676.0731,0.4
2026-10-08T14:00:00Z,IFS_-028.75_-051.50,-28.75,-51.5,676.0731,0.4
2026-10-08T15:00:00Z,IFS_-028.75_-051.50,-28.75,-51.5,676.0731,0.4
2026-10-08T16:00:00Z,IFS_-028.75_-051.50,-28.75,-51.5,676.0731,0.8
2026-10-08T17:00:00Z,IFS_-028.75_-051.50,-28.75,-51.5,676.0731,0.8
2026-10-08T18:00:00Z,IFS_-028.75_-051.50,-28.75,-51.5,676.0731,0.8
2026-10-08T19:00:00Z,IFS_-028.75_-051.50,-28.75,-51.5,676.0731,0.2
2026-10-08T20:00:00Z,IFS_-028.75_-051.50,-28.75,-51.5,676.0731,0.2
2026-10-08T21:00:00Z,IFS_-028.75_-051.50,-28.75,-51.5,676.0731,0.2
2026-10-08T22:00:00Z,IFS_-028.75_-051.50,-28.75,-51.5,676.0731,0.1
2026-10-08T23:00:00Z,IFS_-028.75_-051.50,-28.75,-51.5,676.0731,0.1
2026-10-09T00:00:00Z,IFS_-028.75_-051.50,-28.75,-51.5,676.0731,0.1
2026-10-09T01:00:00Z,IFS_-028.75_-051.50,-28.75,-51.5,676.0731,0.0
2026-10-09T02:00:00Z,IFS_-028.75_-051.50,-28.75,-51.5,676.0731,0.0
2026-10-09T03:00:00Z,IFS_-028.75_-051.50,-28.75,-51.5,676.0731,0.0
2026-10-09T04:00:00Z,IFS_-028.75_-051.50,-28.75,-51.5,676.0731,2.9
2026-10-09T05:00:00Z,IFS_-028.75_-051.50,-28.75,-51.5,676.0731,2.9
2026-10-09T06:00:00Z,IFS_-028.75_-051.50,-28.75,-51.5,676.0731,2.9
2026-10-09T07:00:00Z,IFS_-028.75_-051.50,-28.75,-51.5,676.0731,0.8
2026-10-09T08:00:00Z,IFS_-028.75_-051.50,-28.75,-51.5,676.0731,0.8
2026-10-09T09:00:00Z,IFS_-028.75_-051.50,-28.75,-51.5,676.0731,0.8
2026-10-09T10:00:00Z,IFS_-028.75_-051.50,-28.75,-51.5,676.0731,3.6
2026-10-09T11:00:00Z,IFS_-028.75_-051.50,-28.75,-51.5,676.0731,3.6
2026-10-09T12:00:00Z,IFS_-028.75_-051.50,-28.75,-51.5,676.0731,3.6
2026-10-09T13:00:00Z,IFS_-028.75_-051.50,-28.75,-51.5,676.0731,3.7
2026-10-09T14:00:00Z,IFS_-028.75_-051.50,-28.75,-51.5,676.0731,3.7
2026-10-09T15:00:00Z,IFS_-028.75_-051.50,-28.75,-51.5,676.0731,3.7
2026-10-09T16:00:00Z,IFS_-028.75_-051.50,-28.75,-51.5,676.0731,2.2
2026-10-09T17:00:00Z,IFS_-028.75_-051.50,-28.75,-51.5,676.0731,2.2
2026-10-09T18:00:00Z,IFS_-028.75_-051.50,-28.75,-51.5,676.0731,2.2
2026-10-09T19:00:00Z,IFS_-028.75_-051.50,-28.75,-51.5,676.0731,0.7
2026-10-09T20:00:00Z,IFS_-028.75_-051.50,-28.75,-51.5,676.0731,0.7
2026-10-09T21:00:00Z,IFS_-028.75_-051.50,-28.75,-51.5,676.0731,0.7
2026-10-09T22:00:00Z,IFS_-028.75_-051.50,-28.75,-51.5,676.0731,1.3
2026-10-09T23:00:00Z,IFS_-028.75_-051.50,-28.75,-51.5,676.0731,1.3
2026-10-10T00:00:00Z,IFS_-028.75_-051.50,-28.75,-51.5,676.0731,1.3
2026-10-10T01:00:00Z,IFS_-028.75_-051.50,-28.75,-51.5,676.0731,1.7
2026-10-10T02:00:00Z,IFS_-028.75_-051.50,-28.75,-51.5,676.0731,1.7
2026-10-10T03:00:00Z,IFS_-028.75_-051.50,-28.75,-51.5,676.0731,1.7
2026-10-10T04:00:00Z,IFS_-028.75_-051.50,-28.75,-51.5,676.0731,1.5
2026-10-10T05:00:00Z,IFS_-028.75_-051.50,-28.75,-51.5,676.0731,1.5
2026-10-10T06:00:00Z,IFS_-028.75_-051.50,-28.75,-51.5,676.0731,1.5
2026-10-10T07:00:00Z,IFS_-028.75_-051.50,-28.75,-51.5,676.0731,0.5
2026-10-10T08:00:00Z,IFS_-028.75_-051.50,-28.75,-51.5,676.0731,0.5
2026-10-10T09:00:00Z,IFS_-028.75_-051.50,-28.75,-51.5,676.0731,0.5
2026-10-10T10:00:00Z,IFS_-028.75_-051.50,-28.75,-51.5,676.0731,0.2
2026-10-10T11:00:00Z,IFS_-028.75_-051.50,-28.75,-51.5,676.0731,0.2
2026-10-10T12:00:00Z,IFS_-028.75_-051.50,-28.75,-51.5,676.0731,0.2
2026-10-10T13:00:00Z,IFS_-028.75_-051.50,-28.75,-51.5,676.0731,0.3
2026-10-10T14:00:00Z,IFS_-028.75_-051.50,-28.75,-51.5,676.0731,0.3
2026-10-10T15:00:00Z,IFS_-028.75_-051.50,-28.75,-51.5,676.0731,0.3
2026-10-10T16:00:00Z,IFS_-028.75_-051.50,-28.75,-51.5,676.0731,0.2
2026-10-10T17:00:00Z,IFS_-028.75_-051.50,-28.75,-51.5,676.0731,0.2
2026-10-10T18:00:00Z,IFS_-028.75_-051.50,-28.75,-51.5,676.0731,0.2
2026-10-10T19:00:00Z,IFS_-028.75_-051.50,-28.75,-51.5,676.0731,0.0
2026-10-10T20:00:00Z,IFS_-028.75_-051.50,-28.75,-51.5,676.0731,0.0
2026-10-10T21:00:00Z,IFS_-028.75_-051.50,-28.75,-51.5,676.0731,0.0
2026-10-10T22:00:00Z,IFS_-028.75_-051.50,-28.75,-51.5,676.0731,0.0
2026-10-10T23:00:00Z,IFS_-028.75_-051.50,-28.75,-51.5,676.0731,0.0
2026-10-11T00:00:00Z,IFS_-028.75_-051.50,-28.75,-51.5,676.0731,0.0
2026-10-11T01:00:00Z,IFS_-028.75_-051.50,-28.75,-51.5,676.0731,0.0
2026-10-11T02:00:00Z,IFS_-028.75_-051.50,-28.75,-51.5,676.0731,0.0
2026-10-11T03:00:00Z,IFS_-028.75_-051.50,-28.75,-51.5,676.0731,0.0
2026-10-11T04:00:00Z,IFS_-028.75_-051.50,-28.75,-51.5,676.0731,0.0
2026-10-11T05:00:00Z,IFS_-028.75_-051.50,-28.75,-51.5,676.0731,0.0
2026-10-11T06:00:00Z,IFS_-028.75_-051.50,-28.75,-51.5,676.0731,0.0
2026-10-11T07:00:00Z,IFS_-028.75_-051.50,-28.75,-51.5,676.0731,0.0
2026-10-11T08:00:00Z,IFS_-028.75_-051.50,-28.75,-51.5,676.0731,0.0
2026-10-11T09:00:00Z,IFS_-028.75_-051.50,-28.75,-51.5,676.0731,0.0
2026-10-11T10:00:00Z,IFS_-028.75_-051.50,-28.75,-51.5,676.0731,0.0
2026-10-11T11:00:00Z,IFS_-028.75_-051.50,-28.75,-51.5,676.0731,0.0
2026-10-11T12:00:00Z,IFS_-028.75_-051.50,-28.75,-51.5,676.0731,0.0
2026-10-11T13:00:00Z,IFS_-028.75_-051.50,-28.75,-51.5,676.0731,1.3
2026-10-11T14:00:00Z,IFS_-028.75_-051.50,-28.75,-51.5,676.0731,1.3
2026-10-11T15:00:00Z,IFS_-028.75_-051.50,-28.75,-51.5,676.0731,1.3
2026-10-11T16:00:00Z,IFS_-028.75_-051.50,-28.75,-51.5,676.0731,0.4
2026-10-11T17:00:00Z,IFS_-028.75_-051.50,-28.75,-51.5,676.0731,0.4
2026-10-11T18:00:00Z,IFS_-028.75_-051.50,-28.75,-51.5,676.0731,0.4
2026-10-11T19:00:00Z,IFS_-028.75_-051.50,-28.75,-51.5,676.0731,0.0
2026-10-11T20:00:00Z,IFS_-028.75_-051.50,-28.75,-51.5,676.0731,0.0
2026-10-11T21:00:00Z,IFS_-028.75_-051.50,-28.75,-51.5,676.0731,0.0
2026-10-11T22:00:00Z,IFS_-028.75_-051.50,-28.75,-51.5,676.0731,0.0
2026-10-11T23:00:00Z,IFS_-028.75_-051.50,-28.75,-51.5,676.0731,0.0
2026-10-12T00:00:00Z,IFS_-028.75_-051.50,-28.75,-51.5,676.0731,0.0
2026-10-12T01:00:00Z,IFS_-028.75_-051.50,-28.75,-51.5,676.0731,0.0
2026-10-12T02:00:00Z,IFS_-028.75_-051.50,-28.75,-51.5,676.0731,0.0
2026-10-12T03:00:00Z,IFS_-028.75_-051.50,-28.75,-51.5,676.0731,0.0
2026-10-12T04:00:00Z,IFS_-028.75_-051.50,-28.75,-51.5,676.0731,0.2
2026-10-12T05:00:00Z,IFS_-028.75_-051.50,-28.75,-51.5,676.0731,0.2
2026-10-12T06:00:00Z,IFS_-028.75_-051.50,-28.75,-51.5,676.0731,0.2
2026-10-12T07:00:00Z,IFS_-028.75_-051.50,-28.75,-51.5,676.0731,0.1
2026-10-12T08:00:00Z,IFS_-028.75_-051.50,-28.75,-51.5,676.0731,0.1
2026-10-12T09:00:00Z,IFS_-028.75_-051.50,-28.75,-51.5,676.0731,0.1
2026-10-12T10:00:00Z,IFS_-028.75_-051.50,-28.75,-51.5,676.0731,0.5
2026-10-12T11:00:00Z,IFS_-028.75_-051.50,-28.75,-51.5,676.0731,0.5
2026-10-12T12:00:00Z,IFS_-028.75_-051.50,-28.75,-51.5,676.0731,0.5
2026-10-12T13:00:00Z,IFS_-028.75_-051.50,-28.75,-51.5,676.0731,0.8
2026-10-12T14:00:00Z,IFS_-028.75_-051.50,-28.75,-51.5,676.0731,0.8
2026-10-12T15:00:00Z,IFS_-028.75_-051.50,-28.75,-51.5,676.0731,0.8
2026-10-12T16:00:00Z,IFS_-028.75_-051.50,-28.75,-51.5,676.0731,0.0
2026-10-12T17:00:00Z,IFS_-028.75_-051.50,-28.75,-51.5,676.0731,0.0
2026-10-12T18:00:00Z,IFS_-028.75_-051.50,-28.75,-51.5,676.0731,0.0
2026-10-12T19:00:00Z,IFS_-028.75_-051.50,-28.75,-51.5,676.0731,0.0
2026-10-12T20:00:00Z,IFS_-028.75_-051.50,-28.75,-51.5,676.0731,0.0
2026-10-12T21:00:00Z,IFS_-028.75_-051.50,-28.75,-51.5,676.0731,0.0
2026-10-12T22:00:00Z,IFS_-028.75_-051.50,-28.75,-51.5,676.0731,0.1
2026-10-12T23:00:00Z,IFS_-028.75_-051.50,-28.75,-51.5,676.0731,0.1
2026-10-13T00:00:00Z,IFS_-028.75_-051.50,-28.75,-51.5,676.0731,0.1
2026-10-13T01:00:00Z,IFS_-028.75_-051.50,-28.75,-51.5,676.0731,0.0
2026-10-08T02:00:00Z,IFS_-028.75_-051.25,-28.75,-51.25,676.0432,0.0
2026-10-08T03:00:00Z,IFS_-028.75_-051.25,-28.75,-51.25,676.0432,0.0
2026-10-08T04:00:00Z,IFS_-028.75_-051.25,-28.75,-51.25,676.0432,0.0
2026-10-08T05:00:00Z,IFS_-028.75_-051.25,-28.75,-51.25,676.0432,0.0
2026-10-08T06:00:00Z,IFS_-028.75_-051.25,-28.75,-51.25,676.0432,0.0
2026-10-08T07:00:00Z,IFS_-028.75_-051.25,-28.75,-51.25,676.0432,0.0
2026-10-08T08:00:00Z,IFS_-028.75_-051.25,-28.75,-51.25,676.0432,0.0
2026-10-08T09:00:00Z,IFS_-028.75_-051.25,-28.75,-51.25,676.0432,0.0
2026-10-08T10:00:00Z,IFS_-028.75_-051.25,-28.75,-51.25,676.0432,0.3
2026-10-08T11:00:00Z,IFS_-028.75_-051.25,-28.75,-51.25,676.0432,0.3
2026-10-08T12:00:00Z,IFS_-028.75_-051.25,-28.75,-51.25,676.0432,0.3
2026-10-08T13:00:00Z,IFS_-028.75_-051.25,-28.75,-51.25,676.0432,0.2
2026-10-08T14:00:00Z,IFS_-028.75_-051.25,-28.75,-51.25,676.0432,0.2
2026-10-08T15:00:00Z,IFS_-028.75_-051.25,-28.75,-51.25,676.0432,0.2
2026-10-08T16:00:00Z,IFS_-028.75_-051.25,-28.75,-51.25,676.0432,0.8
2026-10-08T17:00:00Z,IFS_-028.75_-051.25,-28.75,-51.25,676.0432,0.8
2026-10-08T18:00:00Z,IFS_-028.75_-051.25,-28.75,-51.25,676.0432,0.8
2026-10-08T19:00:00Z,IFS_-028.75_-051.25,-28.75,-51.25,676.0432,0.1
2026-10-08T20:00:00Z,IFS_-028.75_-051.25,-28.75,-51.25,676.0432,0.1
2026-10-08T21:00:00Z,IFS_-028.75_-051.25,-28.75,-51.25,676.0432,0.1
2026-10-08T22:00:00Z,IFS_-028.75_-051.25,-28.75,-51.25,676.0432,0.2
2026-10-08T23:00:00Z,IFS_-028.75_-051.25,-28.75,-51.25,676.0432,0.2
2026-10-09T00:00:00Z,IFS_-028.75_-051.25,-28.75,-51.25,676.0432,0.2
2026-10-09T01:00:00Z,IFS_-028.75_-051.25,-28.75,-51.25,676.0432,0.0
2026-10-09T02:00:00Z,IFS_-028.75_-051.25,-28.75,-51.25,676.0432,0.0
2026-10-09T03:00:00Z,IFS_-028.75_-051.25,-28.75,-51.25,676.0432,0.0
2026-10-09T04:00:00Z,IFS_-028.75_-051.25,-28.75,-51.25,676.0432,4.5
2026-10-09T05:00:00Z,IFS_-028.75_-051.25,-28.75,-51.25,676.0432,4.5
2026-10-09T06:00:00Z,IFS_-028.75_-051.25,-28.75,-51.25,676.0432,4.5
2026-10-09T07:00:00Z,IFS_-028.75_-051.25,-28.75,-51.25,676.0432,0.2
2026-10-09T08:00:00Z,IFS_-028.75_-051.25,-28.75,-51.25,676.0432,0.2
2026-10-09T09:00:00Z,IFS_-028.75_-051.25,-28.75,-51.25,676.0432,0.2
2026-10-09T10:00:00Z,IFS_-028.75_-051.25,-28.75,-51.25,676.0432,3.0
2026-10-09T11:00:00Z,IFS_-028.75_-051.25,-28.75,-51.25,676.0432,3.0
2026-10-09T12:00:00Z,IFS_-028.75_-051.25,-28.75,-51.25,676.0432,3.0
2026-10-09T13:00:00Z,IFS_-028.75_-051.25,-28.75,-51.25,676.0432,3.2
2026-10-09T14:00:00Z,IFS_-028.75_-051.25,-28.75,-51.25,676.0432,3.2
2026-10-09T15:00:00Z,IFS_-028.75_-051.25,-28.75,-51.25,676.0432,3.2
2026-10-09T16:00:00Z,IFS_-028.75_-051.25,-28.75,-51.25,676.0432,3.0
2026-10-09T17:00:00Z,IFS_-028.75_-051.25,-28.75,-51.25,676.0432,3.0
2026-10-09T18:00:00Z,IFS_-028.75_-051.25,-28.75,-51.25,676.0432,3.0
2026-10-09T19:00:00Z,IFS_-028.75_-051.25,-28.75,-51.25,676.0432,0.7
2026-10-09T20:00:00Z,IFS_-028.75_-051.25,-28.75,-51.25,676.0432,0.7
2026-10-09T21:00:00Z,IFS_-028.75_-051.25,-28.75,-51.25,676.0432,0.7
2026-10-09T22:00:00Z,IFS_-028.75_-051.25,-28.75,-51.25,676.0432,1.3
2026-10-09T23:00:00Z,IFS_-028.75_-051.25,-28.75,-51.25,676.0432,1.3
2026-10-10T00:00:00Z,IFS_-028.75_-051.25,-28.75,-51.25,676.0432,1.3
2026-10-10T01:00:00Z,IFS_-028.75_-051.25,-28.75,-51.25,676.0432,1.3
2026-10-10T02:00:00Z,IFS_-028.75_-051.25,-28.75,-51.25,676.0432,1.3
2026-10-10T03:00:00Z,IFS_-028.75_-051.25,-28.75,-51.25,676.0432,1.3
2026-10-10T04:00:00Z,IFS_-028.75_-051.25,-28.75,-51.25,676.0432,1.0
2026-10-10T05:00:00Z,IFS_-028.75_-051.25,-28.75,-51.25,676.0432,1.0
2026-10-10T06:00:00Z,IFS_-028.75_-051.25,-28.75,-51.25,676.0432,1.0
2026-10-10T07:00:00Z,IFS_-028.75_-051.25,-28.75,-51.25,676.0432,0.8
2026-10-10T08:00:00Z,IFS_-028.75_-051.25,-28.75,-51.25,676.0432,0.8
2026-10-10T09:00:00Z,IFS_-028.75_-051.25,-28.75,-51.25,676.0432,0.8
2026-10-10T10:00:00Z,IFS_-028.75_-051.25,-28.75,-51.25,676.0432,0.9
2026-10-10T11:00:00Z,IFS_-028.75_-051.25,-28.75,-51.25,676.0432,0.9
2026-10-10T12:00:00Z,IFS_-028.75_-051.25,-28.75,-51.25,676.0432,0.9
2026-10-10T13:00:00Z,IFS_-028.75_-051.25,-28.75,-51.25,676.0432,0.2
2026-10-10T14:00:00Z,IFS_-028.75_-051.25,-28.75,-51.25,676.0432,0.2
2026-10-10T15:00:00Z,IFS_-028.75_-051.25,-28.75,-51.25,676.0432,0.2
2026-10-10T16:00:00Z,IFS_-028.75_-051.25,-28.75,-51.25,676.0432,0.5
2026-10-10T17:00:00Z,IFS_-028.75_-051.25,-28.75,-51.25,676.0432,0.5
2026-10-10T18:00:00Z,IFS_-028.75_-051.25,-28.75,-51.25,676.0432,0.5
2026-10-10T19:00:00Z,IFS_-028.75_-051.25,-28.75,-51.25,676.0432,0.0
2026-10-10T20:00:00Z,IFS_-028.75_-051.25,-28.75,-51.25,676.0432,0.0
2026-10-10T21:00:00Z,IFS_-028.75_-051.25,-28.75,-51.25,676.0432,0.0
2026-10-10T22:00:00Z,IFS_-028.75_-051.25,-28.75,-51.25,676.0432,0.1
2026-10-10T23:00:00Z,IFS_-028.75_-051.25,-28.75,-51.25,676.0432,0.1
2026-10-11T00:00:00Z,IFS_-028.75_-051.25,-28.75,-51.25,676.0432,0.1
2026-10-11T01:00:00Z,IFS_-028.75_-051.25,-28.75,-51.25,676.0432,0.0
2026-10-11T02:00:00Z,IFS_-028.75_-051.25,-28.75,-51.25,676.0432,0.0
2026-10-11T03:00:00Z,IFS_-028.75_-051.25,-28.75,-51.25,676.0432,0.0
2026-10-11T04:00:00Z,IFS_-028.75_-051.25,-28.75,-51.25,676.0432,0.0
2026-10-11T05:00:00Z,IFS_-028.75_-051.25,-28.75,-51.25,676.0432,0.0
2026-10-11T06:00:00Z,IFS_-028.75_-051.25,-28.75,-51.25,676.0432,0.0
2026-10-11T07:00:00Z,IFS_-028.75_-051.25,-28.75,-51.25,676.0432,0.0
2026-10-11T08:00:00Z,IFS_-028.75_-051.25,-28.75,-51.25,676.0432,0.0
2026-10-11T09:00:00Z,IFS_-028.75_-051.25,-28.75,-51.25,676.0432,0.0
2026-10-11T10:00:00Z,IFS_-028.75_-051.25,-28.75,-51.25,676.0432,0.0
2026-10-11T11:00:00Z,IFS_-028.75_-051.25,-28.75,-51.25,676.0432,0.0
2026-10-11T12:00:00Z,IFS_-028.75_-051.25,-28.75,-51.25,676.0432,0.0
2026-10-11T13:00:00Z,IFS_-028.75_-051.25,-28.75,-51.25,676.0432,0.7
2026-10-11T14:00:00Z,IFS_-028.75_-051.25,-28.75,-51.25,676.0432,0.7
2026-10-11T15:00:00Z,IFS_-028.75_-051.25,-28.75,-51.25,676.0432,0.7
2026-10-11T16:00:00Z,IFS_-028.75_-051.25,-28.75,-51.25,676.0432,1.1
2026-10-11T17:00:00Z,IFS_-028.75_-051.25,-28.75,-51.25,676.0432,1.1
2026-10-11T18:00:00Z,IFS_-028.75_-051.25,-28.75,-51.25,676.0432,1.1
2026-10-11T19:00:00Z,IFS_-028.75_-051.25,-28.75,-51.25,676.0432,0.0
2026-10-11T20:00:00Z,IFS_-028.75_-051.25,-28.75,-51.25,676.0432,0.0
2026-10-11T21:00:00Z,IFS_-028.75_-051.25,-28.75,-51.25,676.0432,0.0
2026-10-11T22:00:00Z,IFS_-028.75_-051.25,-28.75,-51.25,676.0432,0.0
2026-10-11T23:00:00Z,IFS_-028.75_-051.25,-28.75,-51.25,676.0432,0.0
2026-10-12T00:00:00Z,IFS_-028.75_-051.25,-28.75,-51.25,676.0432,0.0
2026-10-12T01:00:00Z,IFS_-028.75_-051.25,-28.75,-51.25,676.0432,0.0
2026-10-12T02:00:00Z,IFS_-028.75_-051.25,-28.75,-51.25,676.0432,0.0
2026-10-12T03:00:00Z,IFS_-028.75_-051.25,-28.75,-51.25,676.0432,0.0
2026-10-12T04:00:00Z,IFS_-028.75_-051.25,-28.75,-51.25,676.0432,0.2
2026-10-12T05:00:00Z,IFS_-028.75_-051.25,-28.75,-51.25,676.0432,0.2
2026-10-12T06:00:00Z,IFS_-028.75_-051.25,-28.75,-51.25,676.0432,0.2
2026-10-12T07:00:00Z,IFS_-028.75_-051.25,-28.75,-51.25,676.0432,0.1
2026-10-12T08:00:00Z,IFS_-028.75_-051.25,-28.75,-51.25,676.0432,0.1
2026-10-12T09:00:00Z,IFS_-028.75_-051.25,-28.75,-51.25,676.0432,0.1
2026-10-12T10:00:00Z,IFS_-028.75_-051.25,-28.75,-51.25,676.0432,0.4
2026-10-12T11:00:00Z,IFS_-028.75_-051.25,-28.75,-51.25,676.0432,0.4
2026-10-12T12:00:00Z,IFS_-028.75_-051.25,-28.75,-51.25,676.0432,0.4
2026-10-12T13:00:00Z,IFS_-028.75_-051.25,-28.75,-51.25,676.0432,1.1
2026-10-12T14:00:00Z,IFS_-028.75_-051.25,-28.75,-51.25,676.0432,1.1
2026-10-12T15:00:00Z,IFS_-028.75_-051.25,-28.75,-51.25,676.0432,1.1
2026-10-12T16:00:00Z,IFS_-028.75_-051.25,-28.75,-51.25,676.0432,0.4
2026-10-12T17:00:00Z,IFS_-028.75_-051.25,-28.75,-51.25,676.0432,0.4
2026-10-12T18:00:00Z,IFS_-028.75_-051.25,-28.75,-51.25,676.0432,0.4
2026-10-12T19:00:00Z,IFS_-028.75_-051.25,-28.75,-51.25,676.0432,0.1
2026-10-12T20:00:00Z,IFS_-028.75_-051.25,-28.75,-51.25,676.0432,0.1
2026-10-12T21:00:00Z,IFS_-028.75_-051.25,-28.75,-51.25,676.0432,0.1
2026-10-12T22:00:00Z,IFS_-028.75_-051.25,-28.75,-51.25,676.0432,0.2
2026-10-12T23:00:00Z,IFS_-028.75_-051.25,-28.75,-51.25,676.0432,0.2
2026-10-13T00:00:00Z,IFS_-028.75_-051.25,-28.75,-51.25,676.0432,0.2
2026-10-13T01:00:00Z,IFS_-028.75_-051.25,-28.75,-51.25,676.0432,0.1
2026-10-08T02:00:00Z,IFS_-028.75_-051.00,-28.75,-51.0,676.0333,0.0
2026-10-08T03:00:00Z,IFS_-028.75_-051.00,-28.75,-51.0,676.0333,0.0
2026-10-08T04:00:00Z,IFS_-028.75_-051.00,-28.75,-51.0,676.0333,0.0
2026-10-08T05:00:00Z,IFS_-028.75_-051.00,-28.75,-51.0,676.0333,0.0
2026-10-08T06:00:00Z,IFS_-028.75_-051.00,-28.75,-51.0,676.0333,0.0
2026-10-08T07:00:00Z,IFS_-028.75_-051.00,-28.75,-51.0,676.0333,0.0
2026-10-08T08:00:00Z,IFS_-028.75_-051.00,-28.75,-51.0,676.0333,0.0
2026-10-08T09:00:00Z,IFS_-028.75_-051.00,-28.75,-51.0,676.0333,0.0
2026-10-08T10:00:00Z,IFS_-028.75_-051.00,-28.75,-51.0,676.0333,0.1
2026-10-08T11:00:00Z,IFS_-028.75_-051.00,-28.75,-51.0,676.0333,0.1
2026-10-08T12:00:00Z,IFS_-028.75_-051.00,-28.75,-51.0,676.0333,0.1
2026-10-08T13:00:00Z,IFS_-028.75_-051.00,-28.75,-51.0,676.0333,0.1
2026-10-08T14:00:00Z,IFS_-028.75_-051.00,-28.75,-51.0,676.0333,0.1
2026-10-08T15:00:00Z,IFS_-028.75_-051.00,-28.75,-51.0,676.0333,0.1
2026-10-08T16:00:00Z,IFS_-028.75_-051.00,-28.75,-51.0,676.0333,1.1
2026-10-08T17:00:00Z,IFS_-028.75_-051.00,-28.75,-51.0,676.0333,1.1
2026-10-08T18:00:00Z,IFS_-028.75_-051.00,-28.75,-51.0,676.0333,1.1
2026-10-08T19:00:00Z,IFS_-028.75_-051.00,-28.75,-51.0,676.0333,0.1
2026-10-08T20:00:00Z,IFS_-028.75_-051.00,-28.75,-51.0,676.0333,0.1
2026-10-08T21:00:00Z,IFS_-028.75_-051.00,-28.75,-51.0,676.0333,0.1
2026-10-08T22:00:00Z,IFS_-028.75_-051.00,-28.75,-51.0,676.0333,0.2
2026-10-08T23:00:00Z,IFS_-028.75_-051.00,-28.75,-51.0,676.0333,0.2
2026-10-09T00:00:00Z,IFS_-028.75_-051.00,-28.75,-51.0,676.0333,0.2
2026-10-09T01:00:00Z,IFS_-028.75_-051.00,-28.75,-51.0,676.0333,0.0
2026-10-09T02:00:00Z,IFS_-028.75_-051.00,-28.75,-51.0,676.0333,0.0
2026-10-09T03:00:00Z,IFS_-028.75_-051.00,-28.75,-51.0,676.0333,0.0
2026-10-09T04:00:00Z,IFS_-028.75_-051.00,-28.75,-51.0,676.0333,3.1
2026-10-09T05:00:00Z,IFS_-028.75_-051.00,-28.75,-51.0,676.0333,3.1
2026-10-09T06:00:00Z,IFS_-028.75_-051.00,-28.75,-51.0,676.0333,3.1
2026-10-09T07:00:00Z,IFS_-028.75_-051.00,-28.75,-51.0,676.0333,0.0
2026-10-09T08:00:00Z,IFS_-028.75_-051.00,-28.75,-51.0,676.0333,0.0
2026-10-09T09:00:00Z,IFS_-028.75_-051.00,-28.75,-51.0,676.0333,0.0
2026-10-09T10:00:00Z,IFS_-028.75_-051.00,-28.75,-51.0,676.0333,2.4
2026-10-09T11:00:00Z,IFS_-028.75_-051.00,-28.75,-51.0,676.0333,2.4
2026-10-09T12:00:00Z,IFS_-028.75_-051.00,-28.75,-51.0,676.0333,2.4
2026-10-09T13:00:00Z,IFS_-028.75_-051.00,-28.75,-51.0,676.0333,1.7
2026-10-09T14:00:00Z,IFS_-028.75_-051.00,-28.75,-51.0,676.0333,1.7
2026-10-09T15:00:00Z,IFS_-028.75_-051.00,-28.75,-51.0,676.0333,1.7
2026-10-09T16:00:00Z,IFS_-028.75_-051.00,-28.75,-51.0,676.0333,3.0
2026-10-09T17:00:00Z,IFS_-028.75_-051.00,-28.75,-51.0,676.0333,3.0
2026-10-09T18:00:00Z,IFS_-028.75_-051.00,-28.75,-51.0,676.0333,3.0
2026-10-09T19:00:00Z,IFS_-028.75_-051.00,-28.75,-51.0,676.0333,0.5
2026-10-09T20:00:00Z,IFS_-028.75_-051.00,-28.75,-51.0,676.0333,0.5
2026-10-09T21:00:00Z,IFS_-028.75_-051.00,-28.75,-51.0,676.0333,0.5
2026-10-09T22:00:00Z,IFS_-028.75_-051.00,-28.75,-51.0,676.0333,1.2
2026-10-09T23:00:00Z,IFS_-028.75_-051.00,-28.75,-51.0,676.0333,1.2
2026-10-10T00:00:00Z,IFS_-028.75_-051.00,-28.75,-51.0,676.0333,1.2
2026-10-10T01:00:00Z,IFS_-028.75_-051.00,-28.75,-51.0,676.0333,1.3
2026-10-10T02:00:00Z,IFS_-028.75_-051.00,-28.75,-51.0,676.0333,1.3
2026-10-10T03:00:00Z,IFS_-028.75_-051.00,-28.75,-51.0,676.0333,1.3
2026-10-10T04:00:00Z,IFS_-028.75_-051.00,-28.75,-51.0,676.0333,0.7
2026-10-10T05:00:00Z,IFS_-028.75_-051.00,-28.75,-51.0,676.0333,0.7
2026-10-10T06:00:00Z,IFS_-028.75_-051.00,-28.75,-51.0,676.0333,0.7
2026-10-10T07:00:00Z,IFS_-028.75_-051.00,-28.75,-51.0,676.0333,0.8
2026-10-10T08:00:00Z,IFS_-028.75_-051.00,-28.75,-51.0,676.0333,0.8
2026-10-10T09:00:00Z,IFS_-028.75_-051.00,-28.75,-51.0,676.0333,0.8
2026-10-10T10:00:00Z,IFS_-028.75_-051.00,-28.75,-51.0,676.0333,0.5
2026-10-10T11:00:00Z,IFS_-028.75_-051.00,-28.75,-51.0,676.0333,0.5
2026-10-10T12:00:00Z,IFS_-028.75_-051.00,-28.75,-51.0,676.0333,0.5
2026-10-10T13:00:00Z,IFS_-028.75_-051.00,-28.75,-51.0,676.0333,0.1
2026-10-10T14:00:00Z,IFS_-028.75_-051.00,-28.75,-51.0,676.0333,0.1
2026-10-10T15:00:00Z,IFS_-028.75_-051.00,-28.75,-51.0,676.0333,0.1
2026-10-10T16:00:00Z,IFS_-028.75_-051.00,-28.75,-51.0,676.0333,0.4
2026-10-10T17:00:00Z,IFS_-028.75_-051.00,-28.75,-51.0,676.0333,0.4
2026-10-10T18:00:00Z,IFS_-028.75_-051.00,-28.75,-51.0,676.0333,0.4
2026-10-10T19:00:00Z,IFS_-028.75_-051.00,-28.75,-51.0,676.0333,0.1
2026-10-10T20:00:00Z,IFS_-028.75_-051.00,-28.75,-51.0,676.0333,0.1
2026-10-10T21:00:00Z,IFS_-028.75_-051.00,-28.75,-51.0,676.0333,0.1
2026-10-10T22:00:00Z,IFS_-028.75_-051.00,-28.75,-51.0,676.0333,0.1
2026-10-10T23:00:00Z,IFS_-028.75_-051.00,-28.75,-51.0,676.0333,0.1
2026-10-11T00:00:00Z,IFS_-028.75_-051.00,-28.75,-51.0,676.0333,0.1
2026-10-11T01:00:00Z,IFS_-028.75_-051.00,-28.75,-51.0,676.0333,0.0
2026-10-11T02:00:00Z,IFS_-028.75_-051.00,-28.75,-51.0,676.0333,0.0
2026-10-11T03:00:00Z,IFS_-028.75_-051.00,-28.75,-51.0,676.0333,0.0
2026-10-11T04:00:00Z,IFS_-028.75_-051.00,-28.75,-51.0,676.0333,0.0
2026-10-11T05:00:00Z,IFS_-028.75_-051.00,-28.75,-51.0,676.0333,0.0
2026-10-11T06:00:00Z,IFS_-028.75_-051.00,-28.75,-51.0,676.0333,0.0
2026-10-11T07:00:00Z,IFS_-028.75_-051.00,-28.75,-51.0,676.0333,0.0
2026-10-11T08:00:00Z,IFS_-028.75_-051.00,-28.75,-51.0,676.0333,0.0
2026-10-11T09:00:00Z,IFS_-028.75_-051.00,-28.75,-51.0,676.0333,0.0
2026-10-11T10:00:00Z,IFS_-028.75_-051.00,-28.75,-51.0,676.0333,0.0
2026-10-11T11:00:00Z,IFS_-028.75_-051.00,-28.75,-51.0,676.0333,0.0
2026-10-11T12:00:00Z,IFS_-028.75_-051.00,-28.75,-51.0,676.0333,0.0
2026-10-11T13:00:00Z,IFS_-028.75_-051.00,-28.75,-51.0,676.0333,1.0
2026-10-11T14:00:00Z,IFS_-028.75_-051.00,-28.75,-51.0,676.0333,1.0
2026-10-11T15:00:00Z,IFS_-028.75_-051.00,-28.75,-51.0,676.0333,1.0
2026-10-11T16:00:00Z,IFS_-028.75_-051.00,-28.75,-51.0,676.0333,1.5
2026-10-11T17:00:00Z,IFS_-028.75_-051.00,-28.75,-51.0,676.0333,1.5
2026-10-11T18:00:00Z,IFS_-028.75_-051.00,-28.75,-51.0,676.0333,1.5
2026-10-11T19:00:00Z,IFS_-028.75_-051.00,-28.75,-51.0,676.0333,0.0
2026-10-11T20:00:00Z,IFS_-028.75_-051.00,-28.75,-51.0,676.0333,0.0
2026-10-11T21:00:00Z,IFS_-028.75_-051.00,-28.75,-51.0,676.0333,0.0
2026-10-11T22:00:00Z,IFS_-028.75_-051.00,-28.75,-51.0,676.0333,0.0
2026-10-11T23:00:00Z,IFS_-028.75_-051.00,-28.75,-51.0,676.0333,0.0
2026-10-12T00:00:00Z,IFS_-028.75_-051.00,-28.75,-51.0,676.0333,0.0
2026-10-12T01:00:00Z,IFS_-028.75_-051.00,-28.75,-51.0,676.0333,0.0
2026-10-12T02:00:00Z,IFS_-028.75_-051.00,-28.75,-51.0,676.0333,0.0
2026-10-12T03:00:00Z,IFS_-028.75_-051.00,-28.75,-51.0,676.0333,0.0
2026-10-12T04:00:00Z,IFS_-028.75_-051.00,-28.75,-51.0,676.0333,0.0
2026-10-12T05:00:00Z,IFS_-028.75_-051.00,-28.75,-51.0,676.0333,0.0
2026-10-12T06:00:00Z,IFS_-028.75_-051.00,-28.75,-51.0,676.0333,0.0
2026-10-12T07:00:00Z,IFS_-028.75_-051.00,-28.75,-51.0,676.0333,0.2
2026-10-12T08:00:00Z,IFS_-028.75_-051.00,-28.75,-51.0,676.0333,0.2
2026-10-12T09:00:00Z,IFS_-028.75_-051.00,-28.75,-51.0,676.0333,0.2
2026-10-12T10:00:00Z,IFS_-028.75_-051.00,-28.75,-51.0,676.0333,0.3
2026-10-12T11:00:00Z,IFS_-028.75_-051.00,-28.75,-51.0,676.0333,0.3
2026-10-12T12:00:00Z,IFS_-028.75_-051.00,-28.75,-51.0,676.0333,0.3
2026-10-12T13:00:00Z,IFS_-028.75_-051.00,-28.75,-51.0,676.0333,0.9
2026-10-12T14:00:00Z,IFS_-028.75_-051.00,-28.75,-51.0,676.0333,0.9
2026-10-12T15:00:00Z,IFS_-028.75_-051.00,-28.75,-51.0,676.0333,0.9
2026-10-12T16:00:00Z,IFS_-028.75_-051.00,-28.75,-51.0,676.0333,1.8
2026-10-12T17:00:00Z,IFS_-028.75_-051.00,-28.75,-51.0,676.0333,1.8
2026-10-12T18:00:00Z,IFS_-028.75_-051.00,-28.75,-51.0,676.0333,1.8
2026-10-12T19:00:00Z,IFS_-028.75_-051.00,-28.75,-51.0,676.0333,0.9
2026-10-12T20:00:00Z,IFS_-028.75_-051.00,-28.75,-51.0,676.0333,0.9
2026-10-12T21:00:00Z,IFS_-028.75_-051.00,-28.75,-51.0,676.0333,0.9
2026-10-12T22:00:00Z,IFS_-028.75_-051.00,-28.75,-51.0,676.0333,0.2
2026-10-12T23:00:00Z,IFS_-028.75_-051.00,-28.75,-51.0,676.0333,0.2
2026-10-13T00:00:00Z,IFS_-028.75_-051.00,-28.75,-51.0,676.0333,0.2
2026-10-13T01:00:00Z,IFS_-028.75_-051.00,-28.75,-51.0,676.0333,0.1
2026-10-08T02:00:00Z,IFS_-028.75_-050.75,-28.75,-50.75,658.3063,0.0
2026-10-08T03:00:00Z,IFS_-028.75_-050.75,-28.75,-50.75,658.3063,0.0
2026-10-08T04:00:00Z,IFS_-028.75_-050.75,-28.75,-50.75,658.3063,0.0
2026-10-08T05:00:00Z,IFS_-028.75_-050.75,-28.75,-50.75,658.3063,0.0
2026-10-08T06:00:00Z,IFS_-028.75_-050.75,-28.75,-50.75,658.3063,0.0
2026-10-08T07:00:00Z,IFS_-028.75_-050.75,-28.75,-50.75,658.3063,0.0
2026-10-08T08:00:00Z,IFS_-028.75_-050.75,-28.75,-50.75,658.3063,0.0
2026-10-08T09:00:00Z,IFS_-028.75_-050.75,-28.75,-50.75,658.3063,0.0
2026-10-08T10:00:00Z,IFS_-028.75_-050.75,-28.75,-50.75,658.3063,0.0
2026-10-08T11:00:00Z,IFS_-028.75_-050.75,-28.75,-50.75,658.3063,0.0
2026-10-08T12:00:00Z,IFS_-028.75_-050.75,-28.75,-50.75,658.3063,0.0
2026-10-08T13:00:00Z,IFS_-028.75_-050.75,-28.75,-50.75,658.3063,0.0
2026-10-08T14:00:00Z,IFS_-028.75_-050.75,-28.75,-50.75,658.3063,0.0
2026-10-08T15:00:00Z,IFS_-028.75_-050.75,-28.75,-50.75,658.3063,0.0
2026-10-08T16:00:00Z,IFS_-028.75_-050.75,-28.75,-50.75,658.3063,1.1
2026-10-08T17:00:00Z,IFS_-028.75_-050.75,-28.75,-50.75,658.3063,1.1
2026-10-08T18:00:00Z,IFS_-028.75_-050.75,-28.75,-50.75,658.3063,1.1
2026-10-08T19:00:00Z,IFS_-028.75_-050.75,-28.75,-50.75,658.3063,0.1
2026-10-08T20:00:00Z,IFS_-028.75_-050.75,-28.75,-50.75,658.3063,0.1
2026-10-08T21:00:00Z,IFS_-028.75_-050.75,-28.75,-50.75,658.3063,0.1
2026-10-08T22:00:00Z,IFS_-028.75_-050.75,-28.75,-50.75,658.3063,0.2
2026-10-08T23:00:00Z,IFS_-028.75_-050.75,-28.75,-50.75,658.3063,0.2
2026-10-09T00:00:00Z,IFS_-028.75_-050.75,-28.75,-50.75,658.3063,0.2
2026-10-09T01:00:00Z,IFS_-028.75_-050.75,-28.75,-50.75,658.3063,0.0
2026-10-09T02:00:00Z,IFS_-028.75_-050.75,-28.75,-50.75,658.3063,0.0
2026-10-09T03:00:00Z,IFS_-028.75_-050.75,-28.75,-50.75,658.3063,0.0
2026-10-09T04:00:00Z,IFS_-028.75_-050.75,-28.75,-50.75,658.3063,2.2
2026-10-09T05:00:00Z,IFS_-028.75_-050.75,-28.75,-50.75,658.3063,2.2
2026-10-09T06:00:00Z,IFS_-028.75_-050.75,-28.75,-50.75,658.3063,2.2
2026-10-09T07:00:00Z,IFS_-028.75_-050.75,-28.75,-50.75,658.3063,0.1
2026-10-09T08:00:00Z,IFS_-028.75_-050.75,-28.75,-50.75,658.3063,0.1
2026-10-09T09:00:00Z,IFS_-028.75_-050.75,-28.75,-50.75,658.3063,0.1
2026-10-09T10:00:00Z,IFS_-028.75_-050.75,-28.75,-50.75,658.3063,2.3
2026-10-09T11:00:00Z,IFS_-028.75_-050.75,-28.75,-50.75,658.3063,2.3
2026-10-09T12:00:00Z,IFS_-028.75_-050.75,-28.75,-50.75,658.3063,2.3
2026-10-09T13:00:00Z,IFS_-028.75_-050.75,-28.75,-50.75,658.3063,1.1
2026-10-09T14:00:00Z,IFS_-028.75_-050.75,-28.75,-50.75,658.3063,1.1
2026-10-09T15:00:00Z,IFS_-028.75_-050.75,-28.75,-50.75,658.3063,1.1
2026-10-09T16:00:00Z,IFS_-028.75_-050.75,-28.75,-50.75,658.3063,2.4
2026-10-09T17:00:00Z,IFS_-028.75_-050.75,-28.75,-50.75,658.3063,2.4
2026-10-09T18:00:00Z,IFS_-028.75_-050.75,-28.75,-50.75,658.3063,2.4
2026-10-09T19:00:00Z,IFS_-028.75_-050.75,-28.75,-50.75,658.3063,0.5
2026-10-09T20:00:00Z,IFS_-028.75_-050.75,-28.75,-50.75,658.3063,0.5
2026-10-09T21:00:00Z,IFS_-028.75_-050.75,-28.75,-50.75,658.3063,0.5
2026-10-09T22:00:00Z,IFS_-028.75_-050.75,-28.75,-50.75,658.3063,0.8
2026-10-09T23:00:00Z,IFS_-028.75_-050.75,-28.75,-50.75,658.3063,0.8
2026-10-10T00:00:00Z,IFS_-028.75_-050.75,-28.75,-50.75,658.3063,0.8
2026-10-10T01:00:00Z,IFS_-028.75_-050.75,-28.75,-50.75,658.3063,1.1
2026-10-10T02:00:00Z,IFS_-028.75_-050.75,-28.75,-50.75,658.3063,1.1
2026-10-10T03:00:00Z,IFS_-028.75_-050.75,-28.75,-50.75,658.3063,1.1
2026-10-10T04:00:00Z,IFS_-028.75_-050.75,-28.75,-50.75,658.3063,1.0
2026-10-10T05:00:00Z,IFS_-028.75_-050.75,-28.75,-50.75,658.3063,1.0
2026-10-10T06:00:00Z,IFS_-028.75_-050.75,-28.75,-50.75,658.3063,1.0
2026-10-10T07:00:00Z,IFS_-028.75_-050.75,-28.75,-50.75,658.3063,0.6
2026-10-10T08:00:00Z,IFS_-028.75_-050.75,-28.75,-50.75,658.3063,0.6
2026-10-10T09:00:00Z,IFS_-028.75_-050.75,-28.75,-50.75,658.3063,0.6
2026-10-10T10:00:00Z,IFS_-028.75_-050.75,-28.75,-50.75,658.3063,0.6
2026-10-10T11:00:00Z,IFS_-028.75_-050.75,-28.75,-50.75,658.3063,0.6
2026-10-10T12:00:00Z,IFS_-028.75_-050.75,-28.75,-50.75,658.3063,0.6
2026-10-10T13:00:00Z,IFS_-028.75_-050.75,-28.75,-50.75,658.3063,0.2
2026-10-10T14:00:00Z,IFS_-028.75_-050.75,-28.75,-50.75,658.3063,0.2
2026-10-10T15:00:00Z,IFS_-028.75_-050.75,-28.75,-50.75,658.3063,0.2
2026-10-10T16:00:00Z,IFS_-028.75_-050.75,-28.75,-50.75,658.3063,0.6
2026-10-10T17:00:00Z,IFS_-028.75_-050.75,-28.75,-50.75,658.3063,0.6
2026-10-10T18:00:00Z,IFS_-028.75_-050.75,-28.75,-50.75,658.3063,0.6
2026-10-10T19:00:00Z,IFS_-028.75_-050.75,-28.75,-50.75,658.3063,0.1
2026-10-10T20:00:00Z,IFS_-028.75_-050.75,-28.75,-50.75,658.3063,0.1
2026-10-10T21:00:00Z,IFS_-028.75_-050.75,-28.75,-50.75,658.3063,0.1
2026-10-10T22:00:00Z,IFS_-028.75_-050.75,-28.75,-50.75,658.3063,0.0
2026-10-10T23:00:00Z,IFS_-028.75_-050.75,-28.75,-50.75,658.3063,0.0
2026-10-11T00:00:00Z,IFS_-028.75_-050.75,-28.75,-50.75,658.3063,0.0
2026-10-11T01:00:00Z,IFS_-028.75_-050.75,-28.75,-50.75,658.3063,0.0
2026-10-11T02:00:00Z,IFS_-028.75_-050.75,-28.75,-50.75,658.3063,0.0
2026-10-11T03:00:00Z,IFS_-028.75_-050.75,-28.75,-50.75,658.3063,0.0
2026-10-11T04:00:00Z,IFS_-028.75_-050.75,-28.75,-50.75,658.3063,0.0
2026-10-11T05:00:00Z,IFS_-028.75_-050.75,-28.75,-50.75,658.3063,0.0
2026-10-11T06:00:00Z,IFS_-028.75_-050.75,-28.75,-50.75,658.3063,0.0
2026-10-11T07:00:00Z,IFS_-028.75_-050.75,-28.75,-50.75,658.3063,0.0
2026-10-11T08:00:00Z,IFS_-028.75_-050.75,-28.75,-50.75,658.3063,0.0
2026-10-11T09:00:00Z,IFS_-028.75_-050.75,-28.75,-50.75,658.3063,0.0
2026-10-11T10:00:00Z,IFS_-028.75_-050.75,-28.75,-50.75,658.3063,0.0
2026-10-11T11:00:00Z,IFS_-028.75_-050.75,-28.75,-50.75,658.3063,0.0
2026-10-11T12:00:00Z,IFS_-028.75_-050.75,-28.75,-50.75,658.3063,0.0
2026-10-11T13:00:00Z,IFS_-028.75_-050.75,-28.75,-50.75,658.3063,0.8
2026-10-11T14:00:00Z,IFS_-028.75_-050.75,-28.75,-50.75,658.3063,0.8
2026-10-11T15:00:00Z,IFS_-028.75_-050.75,-28.75,-50.75,658.3063,0.8
2026-10-11T16:00:00Z,IFS_-028.75_-050.75,-28.75,-50.75,658.3063,1.3
2026-10-11T17:00:00Z,IFS_-028.75_-050.75,-28.75,-50.75,658.3063,1.3
2026-10-11T18:00:00Z,IFS_-028.75_-050.75,-28.75,-50.75,658.3063,1.3
2026-10-11T19:00:00Z,IFS_-028.75_-050.75,-28.75,-50.75,658.3063,0.0
2026-10-11T20:00:00Z,IFS_-028.75_-050.75,-28.75,-50.75,658.3063,0.0
2026-10-11T21:00:00Z,IFS_-028.75_-050.75,-28.75,-50.75,658.3063,0.0
2026-10-11T22:00:00Z,IFS_-028.75_-050.75,-28.75,-50.75,658.3063,0.0
2026-10-11T23:00:00Z,IFS_-028.75_-050.75,-28.75,-50.75,658.3063,0.0
2026-10-12T00:00:00Z,IFS_-028.75_-050.75,-28.75,-50.75,658.3063,0.0
2026-10-12T01:00:00Z,IFS_-028.75_-050.75,-28.75,-50.75,658.3063,0.0
2026-10-12T02:00:00Z,IFS_-028.75_-050.75,-28.75,-50.75,658.3063,0.0
2026-10-12T03:00:00Z,IFS_-028.75_-050.75,-28.75,-50.75,658.3063,0.0
2026-10-12T04:00:00Z,IFS_-028.75_-050.75,-28.75,-50.75,658.3063,0.4
2026-10-12T05:00:00Z,IFS_-028.75_-050.75,-28.75,-50.75,658.3063,0.4
2026-10-12T06:00:00Z,IFS_-028.75_-050.75,-28.75,-50.75,658.3063,0.4
2026-10-12T07:00:00Z,IFS_-028.75_-050.75,-28.75,-50.75,658.3063,0.7
2026-10-12T08:00:00Z,IFS_-028.75_-050.75,-28.75,-50.75,658.3063,0.7
2026-10-12T09:00:00Z,IFS_-028.75_-050.75,-28.75,-50.75,658.3063,0.7
2026-10-12T10:00:00Z,IFS_-028.75_-050.75,-28.75,-50.75,658.3063,0.2
2026-10-12T11:00:00Z,IFS_-028.75_-050.75,-28.75,-50.75,658.3063,0.2
2026-10-12T12:00:00Z,IFS_-028.75_-050.75,-28.75,-50.75,658.3063,0.2
2026-10-12T13:00:00Z,IFS_-028.75_-050.75,-28.75,-50.75,658.3063,0.7
2026-10-12T14:00:00Z,IFS_-028.75_-050.75,-28.75,-50.75,658.3063,0.7
2026-10-12T15:00:00Z,IFS_-028.75_-050.75,-28.75,-50.75,658.3063,0.7
2026-10-12T16:00:00Z,IFS_-028.75_-050.75,-28.75,-50.75,658.3063,1.2
2026-10-12T17:00:00Z,IFS_-028.75_-050.75,-28.75,-50.75,658.3063,1.2
2026-10-12T18:00:00Z,IFS_-028.75_-050.75,-28.75,-50.75,658.3063,1.2
2026-10-12T19:00:00Z,IFS_-028.75_-050.75,-28.75,-50.75,658.3063,1.5
2026-10-12T20:00:00Z,IFS_-028.75_-050.75,-28.75,-50.75,658.3063,1.5
2026-10-12T21:00:00Z,IFS_-028.75_-050.75,-28.75,-50.75,658.3063,1.5
2026-10-12T22:00:00Z,IFS_-028.75_-050.75,-28.75,-50.75,658.3063,0.2
2026-10-12T23:00:00Z,IFS_-028.75_-050.75,-28.75,-50.75,658.3063,0.2
2026-10-13T00:00:00Z,IFS_-028.75_-050.75,-28.75,-50.75,658.3063,0.2
2026-10-13T01:00:00Z,IFS_-028.75_-050.75,-28.75,-50.75,658.3063,0.1
2026-10-08T02:00:00Z,IFS_-028.75_-050.50,-28.75,-50.5,625.3706,0.0
2026-10-08T03:00:00Z,IFS_-028.75_-050.50,-28.75,-50.5,625.3706,0.0
2026-10-08T04:00:00Z,IFS_-028.75_-050.50,-28.75,-50.5,625.3706,0.0
2026-10-08T05:00:00Z,IFS_-028.75_-050.50,-28.75,-50.5,625.3706,0.0
2026-10-08T06:00:00Z,IFS_-028.75_-050.50,-28.75,-50.5,625.3706,0.0
2026-10-08T07:00:00Z,IFS_-028.75_-050.50,-28.75,-50.5,625.3706,0.0
2026-10-08T08:00:00Z,IFS_-028.75_-050.50,-28.75,-50.5,625.3706,0.0
2026-10-08T09:00:00Z,IFS_-028.75_-050.50,-28.75,-50.5,625.3706,0.0
2026-10-08T10:00:00Z,IFS_-028.75_-050.50,-28.75,-50.5,625.3706,0.0
2026-10-08T11:00:00Z,IFS_-028.75_-050.50,-28.75,-50.5,625.3706,0.0
2026-10-08T12:00:00Z,IFS_-028.75_-050.50,-28.75,-50.5,625.3706,0.0
2026-10-08T13:00:00Z,IFS_-028.75_-050.50,-28.75,-50.5,625.3706,0.0
2026-10-08T14:00:00Z,IFS_-028.75_-050.50,-28.75,-50.5,625.3706,0.0
2026-10-08T15:00:00Z,IFS_-028.75_-050.50,-28.75,-50.5,625.3706,0.0
2026-10-08T16:00:00Z,IFS_-028.75_-050.50,-28.75,-50.5,625.3706,0.8
2026-10-08T17:00:00Z,IFS_-028.75_-050.50,-28.75,-50.5,625.3706,0.8
2026-10-08T18:00:00Z,IFS_-028.75_-050.50,-28.75,-50.5,625.3706,0.8
2026-10-08T19:00:00Z,IFS_-028.75_-050.50,-28.75,-50.5,625.3706,0.1
2026-10-08T20:00:00Z,IFS_-028.75_-050.50,-28.75,-50.5,625.3706,0.1
2026-10-08T21:00:00Z,IFS_-028.75_-050.50,-28.75,-50.5,625.3706,0.1
2026-10-08T22:00:00Z,IFS_-028.75_-050.50,-28.75,-50.5,625.3706,0.1
2026-10-08T23:00:00Z,IFS_-028.75_-050.50,-28.75,-50.5,625.3706,0.1
2026-10-09T00:00:00Z,IFS_-028.75_-050.50,-28.75,-50.5,625.3706,0.1
2026-10-09T01:00:00Z,IFS_-028.75_-050.50,-28.75,-50.5,625.3706,0.0
2026-10-09T02:00:00Z,IFS_-028.75_-050.50,-28.75,-50.5,625.3706,0.0
2026-10-09T03:00:00Z,IFS_-028.75_-050.50,-28.75,-50.5,625.3706,0.0
2026-10-09T04:00:00Z,IFS_-028.75_-050.50,-28.75,-50.5,625.3706,1.2
2026-10-09T05:00:00Z,IFS_-028.75_-050.50,-28.75,-50.5,625.3706,1.2
2026-10-09T06:00:00Z,IFS_-028.75_-050.50,-28.75,-50.5,625.3706,1.2
2026-10-09T07:00:00Z,IFS_-028.75_-050.50,-28.75,-50.5,625.3706,0.3
2026-10-09T08:00:00Z,IFS_-028.75_-050.50,-28.75,-50.5,625.3706,0.3
2026-10-09T09:00:00Z,IFS_-028.75_-050.50,-28.75,-50.5,625.3706,0.3
2026-10-09T10:00:00Z,IFS_-028.75_-050.50,-28.75,-50.5,625.3706,1.8
2026-10-09T11:00:00Z,IFS_-028.75_-050.50,-28.75,-50.5,625.3706,1.8
2026-10-09T12:00:00Z,IFS_-028.75_-050.50,-28.75,-50.5,625.3706,1.8
2026-10-09T13:00:00Z,IFS_-028.75_-050.50,-28.75,-50.5,625.3706,0.9
2026-10-09T14:00:00Z,IFS_-028.75_-050.50,-28.75,-50.5,625.3706,0.9
2026-10-09T15:00:00Z,IFS_-028.75_-050.50,-28.75,-50.5,625.3706,0.9
2026-10-09T16:00:00Z,IFS_-028.75_-050.50,-28.75,-50.5,625.3706,2.6
2026-10-09T17:00:00Z,IFS_-028.75_-050.50,-28.75,-50.5,625.3706,2.6
2026-10-09T18:00:00Z,IFS_-028.75_-050.50,-28.75,-50.5,625.3706,2.6
2026-10-09T19:00:00Z,IFS_-028.75_-050.50,-28.75,-50.5,625.3706,0.6
2026-10-09T20:00:00Z,IFS_-028.75_-050.50,-28.75,-50.5,625.3706,0.6
2026-10-09T21:00:00Z,IFS_-028.75_-050.50,-28.75,-50.5,625.3706,0.6
2026-10-09T22:00:00Z,IFS_-028.75_-050.50,-28.75,-50.5,625.3706,0.7
2026-10-09T23:00:00Z,IFS_-028.75_-050.50,-28.75,-50.5,625.3706,0.7
2026-10-10T00:00:00Z,IFS_-028.75_-050.50,-28.75,-50.5,625.3706,0.7
2026-10-10T01:00:00Z,IFS_-028.75_-050.50,-28.75,-50.5,625.3706,1.0
2026-10-10T02:00:00Z,IFS_-028.75_-050.50,-28.75,-50.5,625.3706,1.0
2026-10-10T03:00:00Z,IFS_-028.75_-050.50,-28.75,-50.5,625.3706,1.0
2026-10-10T04:00:00Z,IFS_-028.75_-050.50,-28.75,-50.5,625.3706,1.4
2026-10-10T05:00:00Z,IFS_-028.75_-050.50,-28.75,-50.5,625.3706,1.4
2026-10-10T06:00:00Z,IFS_-028.75_-050.50,-28.75,-50.5,625.3706,1.4
2026-10-10T07:00:00Z,IFS_-028.75_-050.50,-28.75,-50.5,625.3706,0.3
2026-10-10T08:00:00Z,IFS_-028.75_-050.50,-28.75,-50.5,625.3706,0.3
2026-10-10T09:00:00Z,IFS_-028.75_-050.50,-28.75,-50.5,625.3706,0.3
2026-10-10T10:00:00Z,IFS_-028.75_-050.50,-28.75,-50.5,625.3706,0.4
2026-10-10T11:00:00Z,IFS_-028.75_-050.50,-28.75,-50.5,625.3706,0.4
2026-10-10T12:00:00Z,IFS_-028.75_-050.50,-28.75,-50.5,625.3706,0.4
2026-10-10T13:00:00Z,IFS_-028.75_-050.50,-28.75,-50.5,625.3706,0.2
2026-10-10T14:00:00Z,IFS_-028.75_-050.50,-28.75,-50.5,625.3706,0.2
2026-10-10T15:00:00Z,IFS_-028.75_-050.50,-28.75,-50.5,625.3706,0.2
2026-10-10T16:00:00Z,IFS_-028.75_-050.50,-28.75,-50.5,625.3706,0.3
2026-10-10T17:00:00Z,IFS_-028.75_-050.50,-28.75,-50.5,625.3706,0.3
2026-10-10T18:00:00Z,IFS_-028.75_-050.50,-28.75,-50.5,625.3706,0.3
2026-10-10T19:00:00Z,IFS_-028.75_-050.50,-28.75,-50.5,625.3706,0.2
2026-10-10T20:00:00Z,IFS_-028.75_-050.50,-28.75,-50.5,625.3706,0.2
2026-10-10T21:00:00Z,IFS_-028.75_-050.50,-28.75,-50.5,625.3706,0.2
2026-10-10T22:00:00Z,IFS_-028.75_-050.50,-28.75,-50.5,625.3706,0.0
2026-10-10T23:00:00Z,IFS_-028.75_-050.50,-28.75,-50.5,625.3706,0.0
2026-10-11T00:00:00Z,IFS_-028.75_-050.50,-28.75,-50.5,625.3706,0.0
2026-10-11T01:00:00Z,IFS_-028.75_-050.50,-28.75,-50.5,625.3706,0.1
2026-10-11T02:00:00Z,IFS_-028.75_-050.50,-28.75,-50.5,625.3706,0.1
2026-10-11T03:00:00Z,IFS_-028.75_-050.50,-28.75,-50.5,625.3706,0.1
2026-10-11T04:00:00Z,IFS_-028.75_-050.50,-28.75,-50.5,625.3706,0.1
2026-10-11T05:00:00Z,IFS_-028.75_-050.50,-28.75,-50.5,625.3706,0.1
2026-10-11T06:00:00Z,IFS_-028.75_-050.50,-28.75,-50.5,625.3706,0.1
2026-10-11T07:00:00Z,IFS_-028.75_-050.50,-28.75,-50.5,625.3706,0.1
2026-10-11T08:00:00Z,IFS_-028.75_-050.50,-28.75,-50.5,625.3706,0.1
2026-10-11T09:00:00Z,IFS_-028.75_-050.50,-28.75,-50.5,625.3706,0.1
2026-10-11T10:00:00Z,IFS_-028.75_-050.50,-28.75,-50.5,625.3706,0.0
2026-10-11T11:00:00Z,IFS_-028.75_-050.50,-28.75,-50.5,625.3706,0.0
2026-10-11T12:00:00Z,IFS_-028.75_-050.50,-28.75,-50.5,625.3706,0.0
2026-10-11T13:00:00Z,IFS_-028.75_-050.50,-28.75,-50.5,625.3706,0.9
2026-10-11T14:00:00Z,IFS_-028.75_-050.50,-28.75,-50.5,625.3706,0.9
2026-10-11T15:00:00Z,IFS_-028.75_-050.50,-28.75,-50.5,625.3706,0.9
2026-10-11T16:00:00Z,IFS_-028.75_-050.50,-28.75,-50.5,625.3706,2.3
2026-10-11T17:00:00Z,IFS_-028.75_-050.50,-28.75,-50.5,625.3706,2.3
2026-10-11T18:00:00Z,IFS_-028.75_-050.50,-28.75,-50.5,625.3706,2.3
2026-10-11T19:00:00Z,IFS_-028.75_-050.50,-28.75,-50.5,625.3706,0.0
2026-10-11T20:00:00Z,IFS_-028.75_-050.50,-28.75,-50.5,625.3706,0.0
2026-10-11T21:00:00Z,IFS_-028.75_-050.50,-28.75,-50.5,625.3706,0.0
2026-10-11T22:00:00Z,IFS_-028.75_-050.50,-28.75,-50.5,625.3706,0.0
2026-10-11T23:00:00Z,IFS_-028.75_-050.50,-28.75,-50.5,625.3706,0.0
2026-10-12T00:00:00Z,IFS_-028.75_-050.50,-28.75,-50.5,625.3706,0.0
2026-10-12T01:00:00Z,IFS_-028.75_-050.50,-28.75,-50.5,625.3706,0.0
2026-10-12T02:00:00Z,IFS_-028.75_-050.50,-28.75,-50.5,625.3706,0.0
2026-10-12T03:00:00Z,IFS_-028.75_-050.50,-28.75,-50.5,625.3706,0.0
2026-10-12T04:00:00Z,IFS_-028.75_-050.50,-28.75,-50.5,625.3706,0.0
2026-10-12T05:00:00Z,IFS_-028.75_-050.50,-28.75,-50.5,625.3706,0.0
2026-10-12T06:00:00Z,IFS_-028.75_-050.50,-28.75,-50.5,625.3706,0.0
2026-10-12T07:00:00Z,IFS_-028.75_-050.50,-28.75,-50.5,625.3706,1.3
2026-10-12T08:00:00Z,IFS_-028.75_-050.50,-28.75,-50.5,625.3706,1.3
2026-10-12T09:00:00Z,IFS_-028.75_-050.50,-28.75,-50.5,625.3706,1.3
2026-10-12T10:00:00Z,IFS_-028.75_-050.50,-28.75,-50.5,625.3706,0.3
2026-10-12T11:00:00Z,IFS_-028.75_-050.50,-28.75,-50.5,625.3706,0.3
2026-10-12T12:00:00Z,IFS_-028.75_-050.50,-28.75,-50.5,625.3706,0.3
2026-10-12T13:00:00Z,IFS_-028.75_-050.50,-28.75,-50.5,625.3706,0.7
2026-10-12T14:00:00Z,IFS_-028.75_-050.50,-28.75,-50.5,625.3706,0.7
2026-10-12T15:00:00Z,IFS_-028.75_-050.50,-28.75,-50.5,625.3706,0.7
2026-10-12T16:00:00Z,IFS_-028.75_-050.50,-28.75,-50.5,625.3706,1.3
2026-10-12T17:00:00Z,IFS_-028.75_-050.50,-28.75,-50.5,625.3706,1.3
2026-10-12T18:00:00Z,IFS_-028.75_-050.50,-28.75,-50.5,625.3706,1.3
2026-10-12T19:00:00Z,IFS_-028.75_-050.50,-28.75,-50.5,625.3706,1.0
2026-10-12T20:00:00Z,IFS_-028.75_-050.50,-28.75,-50.5,625.3706,1.0
2026-10-12T21:00:00Z,IFS_-028.75_-050.50,-28.75,-50.5,625.3706,1.0
2026-10-12T22:00:00Z,IFS_-028.75_-050.50,-28.75,-50.5,625.3706,0.6
2026-10-12T23:00:00Z,IFS_-028.75_-050.50,-28.75,-50.5,625.3706,0.6
2026-10-13T00:00:00Z,IFS_-028.75_-050.50,-28.75,-50.5,625.3706,0.6
2026-10-13T01:00:00Z,IFS_-028.75_-050.50,-28.75,-50.5,625.3706,0.2
2026-10-08T02:00:00Z,IFS_-028.75_-050.25,-28.75,-50.25,469.0617,0.0
2026-10-08T03:00:00Z,IFS_-028.75_-050.25,-28.75,-50.25,469.0617,0.0
2026-10-08T04:00:00Z,IFS_-028.75_-050.25,-28.75,-50.25,469.0617,0.0
2026-10-08T05:00:00Z,IFS_-028.75_-050.25,-28.75,-50.25,469.0617,0.0
2026-10-08T06:00:00Z,IFS_-028.75_-050.25,-28.75,-50.25,469.0617,0.0
2026-10-08T07:00:00Z,IFS_-028.75_-050.25,-28.75,-50.25,469.0617,0.0
2026-10-08T08:00:00Z,IFS_-028.75_-050.25,-28.75,-50.25,469.0617,0.0
2026-10-08T09:00:00Z,IFS_-028.75_-050.25,-28.75,-50.25,469.0617,0.0
2026-10-08T10:00:00Z,IFS_-028.75_-050.25,-28.75,-50.25,469.0617,0.0
2026-10-08T11:00:00Z,IFS_-028.75_-050.25,-28.75,-50.25,469.0617,0.0
2026-10-08T12:00:00Z,IFS_-028.75_-050.25,-28.75,-50.25,469.0617,0.0
2026-10-08T13:00:00Z,IFS_-028.75_-050.25,-28.75,-50.25,469.0617,0.0
2026-10-08T14:00:00Z,IFS_-028.75_-050.25,-28.75,-50.25,469.0617,0.0
2026-10-08T15:00:00Z,IFS_-028.75_-050.25,-28.75,-50.25,469.0617,0.0
2026-10-08T16:00:00Z,IFS_-028.75_-050.25,-28.75,-50.25,469.0617,0.9
2026-10-08T17:00:00Z,IFS_-028.75_-050.25,-28.75,-50.25,469.0617,0.9
2026-10-08T18:00:00Z,IFS_-028.75_-050.25,-28.75,-50.25,469.0617,0.9
2026-10-08T19:00:00Z,IFS_-028.75_-050.25,-28.75,-50.25,469.0617,0.3
2026-10-08T20:00:00Z,IFS_-028.75_-050.25,-28.75,-50.25,469.0617,0.3
2026-10-08T21:00:00Z,IFS_-028.75_-050.25,-28.75,-50.25,469.0617,0.3
2026-10-08T22:00:00Z,IFS_-028.75_-050.25,-28.75,-50.25,469.0617,0.1
2026-10-08T23:00:00Z,IFS_-028.75_-050.25,-28.75,-50.25,469.0617,0.1
2026-10-09T00:00:00Z,IFS_-028.75_-050.25,-28.75,-50.25,469.0617,0.1
2026-10-09T01:00:00Z,IFS_-028.75_-050.25,-28.75,-50.25,469.0617,0.0
2026-10-09T02:00:00Z,IFS_-028.75_-050.25,-28.75,-50.25,469.0617,0.0
2026-10-09T03:00:00Z,IFS_-028.75_-050.25,-28.75,-50.25,469.0617,0.0
2026-10-09T04:00:00Z,IFS_-028.75_-050.25,-28.75,-50.25,469.0617,0.4
2026-10-09T05:00:00Z,IFS_-028.75_-050.25,-28.75,-50.25,469.0617,0.4
2026-10-09T06:00:00Z,IFS_-028.75_-050.25,-28.75,-50.25,469.0617,0.4
2026-10-09T07:00:00Z,IFS_-028.75_-050.25,-28.75,-50.25,469.0617,0.3
2026-10-09T08:00:00Z,IFS_-028.75_-050.25,-28.75,-50.25,469.0617,0.3
2026-10-09T09:00:00Z,IFS_-028.75_-050.25,-28.75,-50.25,469.0617,0.3
2026-10-09T10:00:00Z,IFS_-028.75_-050.25,-28.75,-50.25,469.0617,0.8
2026-10-09T11:00:00Z,IFS_-028.75_-050.25,-28.75,-50.25,469.0617,0.8
2026-10-09T12:00:00Z,IFS_-028.75_-050.25,-28.75,-50.25,469.0617,0.8
2026-10-09T13:00:00Z,IFS_-028.75_-050.25,-28.75,-50.25,469.0617,1.1
2026-10-09T14:00:00Z,IFS_-028.75_-050.25,-28.75,-50.25,469.0617,1.1
2026-10-09T15:00:00Z,IFS_-028.75_-050.25,-28.75,-50.25,469.0617,1.1
2026-10-09T16:00:00Z,IFS_-028.75_-050.25,-28.75,-50.25,469.0617,2.4
2026-10-09T17:00:00Z,IFS_-028.75_-050.25,-28.75,-50.25,469.0617,2.4
2026-10-09T18:00:00Z,IFS_-028.75_-050.25,-28.75,-50.25,469.0617,2.4
2026-10-09T19:00:00Z,IFS_-028.75_-050.25,-28.75,-50.25,469.0617,0.6
2026-10-09T20:00:00Z,IFS_-028.75_-050.25,-28.75,-50.25,469.0617,0.6
2026-10-09T21:00:00Z,IFS_-028.75_-050.25,-28.75,-50.25,469.0617,0.6
2026-10-09T22:00:00Z,IFS_-028.75_-050.25,-28.75,-50.25,469.0617,0.5
2026-10-09T23:00:00Z,IFS_-028.75_-050.25,-28.75,-50.25,469.0617,0.5
2026-10-10T00:00:00Z,IFS_-028.75_-050.25,-28.75,-50.25,469.0617,0.5
2026-10-10T01:00:00Z,IFS_-028.75_-050.25,-28.75,-50.25,469.0617,1.1
2026-10-10T02:00:00Z,IFS_-028.75_-050.25,-28.75,-50.25,469.0617,1.1
2026-10-10T03:00:00Z,IFS_-028.75_-050.25,-28.75,-50.25,469.0617,1.1
2026-10-10T04:00:00Z,IFS_-028.75_-050.25,-28.75,-50.25,469.0617,0.9
2026-10-10T05:00:00Z,IFS_-028.75_-050.25,-28.75,-50.25,469.0617,0.9
2026-10-10T06:00:00Z,IFS_-028.75_-050.25,-28.75,-50.25,469.0617,0.9
2026-10-10T07:00:00Z,IFS_-028.75_-050.25,-28.75,-50.25,469.0617,0.2
2026-10-10T08:00:00Z,IFS_-028.75_-050.25,-28.75,-50.25,469.0617,0.2
2026-10-10T09:00:00Z,IFS_-028.75_-050.25,-28.75,-50.25,469.0617,0.2
2026-10-10T10:00:00Z,IFS_-028.75_-050.25,-28.75,-50.25,469.0617,0.2
2026-10-10T11:00:00Z,IFS_-028.75_-050.25,-28.75,-50.25,469.0617,0.2
2026-10-10T12:00:00Z,IFS_-028.75_-050.25,-28.75,-50.25,469.0617,0.2
2026-10-10T13:00:00Z,IFS_-028.75_-050.25,-28.75,-50.25,469.0617,0.4
2026-10-10T14:00:00Z,IFS_-028.75_-050.25,-28.75,-50.25,469.0617,0.4
2026-10-10T15:00:00Z,IFS_-028.75_-050.25,-28.75,-50.25,469.0617,0.4
2026-10-10T16:00:00Z,IFS_-028.75_-050.25,-28.75,-50.25,469.0617,0.4
2026-10-10T17:00:00Z,IFS_-028.75_-050.25,-28.75,-50.25,469.0617,0.4
2026-10-10T18:00:00Z,IFS_-028.75_-050.25,-28.75,-50.25,469.0617,0.4
2026-10-10T19:00:00Z,IFS_-028.75_-050.25,-28.75,-50.25,469.0617,0.2
2026-10-10T20:00:00Z,IFS_-028.75_-050.25,-28.75,-50.25,469.0617,0.2
2026-10-10T21:00:00Z,IFS_-028.75_-050.25,-28.75,-50.25,469.0617,0.2
2026-10-10T22:00:00Z,IFS_-028.75_-050.25,-28.75,-50.25,469.0617,0.0
2026-10-10T23:00:00Z,IFS_-028.75_-050.25,-28.75,-50.25,469.0617,0.0
2026-10-11T00:00:00Z,IFS_-028.75_-050.25,-28.75,-50.25,469.0617,0.0
2026-10-11T01:00:00Z,IFS_-028.75_-050.25,-28.75,-50.25,469.0617,0.1
2026-10-11T02:00:00Z,IFS_-028.75_-050.25,-28.75,-50.25,469.0617,0.1
2026-10-11T03:00:00Z,IFS_-028.75_-050.25,-28.75,-50.25,469.0617,0.1
2026-10-11T04:00:00Z,IFS_-028.75_-050.25,-28.75,-50.25,469.0617,0.1
2026-10-11T05:00:00Z,IFS_-028.75_-050.25,-28.75,-50.25,469.0617,0.1
2026-10-11T06:00:00Z,IFS_-028.75_-050.25,-28.75,-50.25,469.0617,0.1
2026-10-11T07:00:00Z,IFS_-028.75_-050.25,-28.75,-50.25,469.0617,0.1
2026-10-11T08:00:00Z,IFS_-028.75_-050.25,-28.75,-50.25,469.0617,0.1
2026-10-11T09:00:00Z,IFS_-028.75_-050.25,-28.75,-50.25,469.0617,0.1
2026-10-11T10:00:00Z,IFS_-028.75_-050.25,-28.75,-50.25,469.0617,0.0
2026-10-11T11:00:00Z,IFS_-028.75_-050.25,-28.75,-50.25,469.0617,0.0
2026-10-11T12:00:00Z,IFS_-028.75_-050.25,-28.75,-50.25,469.0617,0.0
2026-10-11T13:00:00Z,IFS_-028.75_-050.25,-28.75,-50.25,469.0617,1.6
2026-10-11T14:00:00Z,IFS_-028.75_-050.25,-28.75,-50.25,469.0617,1.6
2026-10-11T15:00:00Z,IFS_-028.75_-050.25,-28.75,-50.25,469.0617,1.6
2026-10-11T16:00:00Z,IFS_-028.75_-050.25,-28.75,-50.25,469.0617,2.1
2026-10-11T17:00:00Z,IFS_-028.75_-050.25,-28.75,-50.25,469.0617,2.1
2026-10-11T18:00:00Z,IFS_-028.75_-050.25,-28.75,-50.25,469.0617,2.1
2026-10-11T19:00:00Z,IFS_-028.75_-050.25,-28.75,-50.25,469.0617,0.2
2026-10-11T20:00:00Z,IFS_-028.75_-050.25,-28.75,-50.25,469.0617,0.2
2026-10-11T21:00:00Z,IFS_-028.75_-050.25,-28.75,-50.25,469.0617,0.2
2026-10-11T22:00:00Z,IFS_-028.75_-050.25,-28.75,-50.25,469.0617,0.0
2026-10-11T23:00:00Z,IFS_-028.75_-050.25,-28.75,-50.25,469.0617,0.0
2026-10-12T00:00:00Z,IFS_-028.75_-050.25,-28.75,-50.25,469.0617,0.0
2026-10-12T01:00:00Z,IFS_-028.75_-050.25,-28.75,-50.25,469.0617,0.0
2026-10-12T02:00:00Z,IFS_-028.75_-050.25,-28.75,-50.25,469.0617,0.0
2026-10-12T03:00:00Z,IFS_-028.75_-050.25,-28.75,-50.25,469.0617,0.0
2026-10-12T04:00:00Z,IFS_-028.75_-050.25,-28.75,-50.25,469.0617,0.1
2026-10-12T05:00:00Z,IFS_-028.75_-050.25,-28.75,-50.25,469.0617,0.1
2026-10-12T06:00:00Z,IFS_-028.75_-050.25,-28.75,-50.25,469.0617,0.1
2026-10-12T07:00:00Z,IFS_-028.75_-050.25,-28.75,-50.25,469.0617,1.2
2026-10-12T08:00:00Z,IFS_-028.75_-050.25,-28.75,-50.25,469.0617,1.2
2026-10-12T09:00:00Z,IFS_-028.75_-050.25,-28.75,-50.25,469.0617,1.2
2026-10-12T10:00:00Z,IFS_-028.75_-050.25,-28.75,-50.25,469.0617,0.1
2026-10-12T11:00:00Z,IFS_-028.75_-050.25,-28.75,-50.25,469.0617,0.1
2026-10-12T12:00:00Z,IFS_-028.75_-050.25,-28.75,-50.25,469.0617,0.1
2026-10-12T13:00:00Z,IFS_-028.75_-050.25,-28.75,-50.25,469.0617,0.4
2026-10-12T14:00:00Z,IFS_-028.75_-050.25,-28.75,-50.25,469.0617,0.4
2026-10-12T15:00:00Z,IFS_-028.75_-050.25,-28.75,-50.25,469.0617,0.4
2026-10-12T16:00:00Z,IFS_-028.75_-050.25,-28.75,-50.25,469.0617,1.5
2026-10-12T17:00:00Z,IFS_-028.75_-050.25,-28.75,-50.25,469.0617,1.5
2026-10-12T18:00:00Z,IFS_-028.75_-050.25,-28.75,-50.25,469.0617,1.5
2026-10-12T19:00:00Z,IFS_-028.75_-050.25,-28.75,-50.25,469.0617,0.6
2026-10-12T20:00:00Z,IFS_-028.75_-050.25,-28.75,-50.25,469.0617,0.6
2026-10-12T21:00:00Z,IFS_-028.75_-050.25,-28.75,-50.25,469.0617,0.6
2026-10-12T22:00:00Z,IFS_-028.75_-050.25,-28.75,-50.25,469.0617,0.4
2026-10-12T23:00:00Z,IFS_-028.75_-050.25,-28.75,-50.25,469.0617,0.4
2026-10-13T00:00:00Z,IFS_-028.75_-050.25,-28.75,-50.25,469.0617,0.4
2026-10-13T01:00:00Z,IFS_-028.75_-050.25,-28.75,-50.25,469.0617,0.1
2026-10-08T02:00:00Z,IFS_-028.75_-050.00,-28.75,-50.0,172.9456,0.0
2026-10-08T03:00:00Z,IFS_-028.75_-050.00,-28.75,-50.0,172.9456,0.0
2026-10-08T04:00:00Z,IFS_-028.75_-050.00,-28.75,-50.0,172.9456,0.0
2026-10-08T05:00:00Z,IFS_-028.75_-050.00,-28.75,-50.0,172.9456,0.0
2026-10-08T06:00:00Z,IFS_-028.75_-050.00,-28.75,-50.0,172.9456,0.0
2026-10-08T07:00:00Z,IFS_-028.75_-050.00,-28.75,-50.0,172.9456,0.0
2026-10-08T08:00:00Z,IFS_-028.75_-050.00,-28.75,-50.0,172.9456,0.0
2026-10-08T09:00:00Z,IFS_-028.75_-050.00,-28.75,-50.0,172.9456,0.0
2026-10-08T10:00:00Z,IFS_-028.75_-050.00,-28.75,-50.0,172.9456,0.0
2026-10-08T11:00:00Z,IFS_-028.75_-050.00,-28.75,-50.0,172.9456,0.0
2026-10-08T12:00:00Z,IFS_-028.75_-050.00,-28.75,-50.0,172.9456,0.0
2026-10-08T13:00:00Z,IFS_-028.75_-050.00,-28.75,-50.0,172.9456,0.0
2026-10-08T14:00:00Z,IFS_-028.75_-050.00,-28.75,-50.0,172.9456,0.0
2026-10-08T15:00:00Z,IFS_-028.75_-050.00,-28.75,-50.0,172.9456,0.0
2026-10-08T16:00:00Z,IFS_-028.75_-050.00,-28.75,-50.0,172.9456,0.3
2026-10-08T17:00:00Z,IFS_-028.75_-050.00,-28.75,-50.0,172.9456,0.3
2026-10-08T18:00:00Z,IFS_-028.75_-050.00,-28.75,-50.0,172.9456,0.3
2026-10-08T19:00:00Z,IFS_-028.75_-050.00,-28.75,-50.0,172.9456,0.3
2026-10-08T20:00:00Z,IFS_-028.75_-050.00,-28.75,-50.0,172.9456,0.3
2026-10-08T21:00:00Z,IFS_-028.75_-050.00,-28.75,-50.0,172.9456,0.3
2026-10-08T22:00:00Z,IFS_-028.75_-050.00,-28.75,-50.0,172.9456,0.0
2026-10-08T23:00:00Z,IFS_-028.75_-050.00,-28.75,-50.0,172.9456,0.0
2026-10-09T00:00:00Z,IFS_-028.75_-050.00,-28.75,-50.0,172.9456,0.0
2026-10-09T01:00:00Z,IFS_-028.75_-050.00,-28.75,-50.0,172.9456,0.2
2026-10-09T02:00:00Z,IFS_-028.75_-050.00,-28.75,-50.0,172.9456,0.2
2026-10-09T03:00:00Z,IFS_-028.75_-050.00,-28.75,-50.0,172.9456,0.2
2026-10-09T04:00:00Z,IFS_-028.75_-050.00,-28.75,-50.0,172.9456,0.0
2026-10-09T05:00:00Z,IFS_-028.75_-050.00,-28.75,-50.0,172.9456,0.0
2026-10-09T06:00:00Z,IFS_-028.75_-050.00,-28.75,-50.0,172.9456,0.0
2026-10-09T07:00:00Z,IFS_-028.75_-050.00,-28.75,-50.0,172.9456,0.1
2026-10-09T08:00:00Z,IFS_-028.75_-050.00,-28.75,-50.0,172.9456,0.1
2026-10-09T09:00:00Z,IFS_-028.75_-050.00,-28.75,-50.0,172.9456,0.1
2026-10-09T10:00:00Z,IFS_-028.75_-050.00,-28.75,-50.0,172.9456,0.3
2026-10-09T11:00:00Z,IFS_-028.75_-050.00,-28.75,-50.0,172.9456,0.3
2026-10-09T12:00:00Z,IFS_-028.75_-050.00,-28.75,-50.0,172.9456,0.3
2026-10-09T13:00:00Z,IFS_-028.75_-050.00,-28.75,-50.0,172.9456,1.3
2026-10-09T14:00:00Z,IFS_-028.75_-050.00,-28.75,-50.0,172.9456,1.3
2026-10-09T15:00:00Z,IFS_-028.75_-050.00,-28.75,-50.0,172.9456,1.3
2026-10-09T16:00:00Z,IFS_-028.75_-050.00,-28.75,-50.0,172.9456,1.3
2026-10-09T17:00:00Z,IFS_-028.75_-050.00,-28.75,-50.0,172.9456,1.3
2026-10-09T18:00:00Z,IFS_-028.75_-050.00,-28.75,-50.0,172.9456,1.3
2026-10-09T19:00:00Z,IFS_-028.75_-050.00,-28.75,-50.0,172.9456,0.7
2026-10-09T20:00:00Z,IFS_-028.75_-050.00,-28.75,-50.0,172.9456,0.7
2026-10-09T21:00:00Z,IFS_-028.75_-050.00,-28.75,-50.0,172.9456,0.7
2026-10-09T22:00:00Z,IFS_-028.75_-050.00,-28.75,-50.0,172.9456,0.6
2026-10-09T23:00:00Z,IFS_-028.75_-050.00,-28.75,-50.0,172.9456,0.6
2026-10-10T00:00:00Z,IFS_-028.75_-050.00,-28.75,-50.0,172.9456,0.6
2026-10-10T01:00:00Z,IFS_-028.75_-050.00,-28.75,-50.0,172.9456,0.8
2026-10-10T02:00:00Z,IFS_-028.75_-050.00,-28.75,-50.0,172.9456,0.8
2026-10-10T03:00:00Z,IFS_-028.75_-050.00,-28.75,-50.0,172.9456,0.8
2026-10-10T04:00:00Z,IFS_-028.75_-050.00,-28.75,-50.0,172.9456,0.3
2026-10-10T05:00:00Z,IFS_-028.75_-050.00,-28.75,-50.0,172.9456,0.3
2026-10-10T06:00:00Z,IFS_-028.75_-050.00,-28.75,-50.0,172.9456,0.3
2026-10-10T07:00:00Z,IFS_-028.75_-050.00,-28.75,-50.0,172.9456,0.1
2026-10-10T08:00:00Z,IFS_-028.75_-050.00,-28.75,-50.0,172.9456,0.1
2026-10-10T09:00:00Z,IFS_-028.75_-050.00,-28.75,-50.0,172.9456,0.1
2026-10-10T10:00:00Z,IFS_-028.75_-050.00,-28.75,-50.0,172.9456,0.1
2026-10-10T11:00:00Z,IFS_-028.75_-050.00,-28.75,-50.0,172.9456,0.1
2026-10-10T12:00:00Z,IFS_-028.75_-050.00,-28.75,-50.0,172.9456,0.1
2026-10-10T13:00:00Z,IFS_-028.75_-050.00,-28.75,-50.0,172.9456,0.2
2026-10-10T14:00:00Z,IFS_-028.75_-050.00,-28.75,-50.0,172.9456,0.2
2026-10-10T15:00:00Z,IFS_-028.75_-050.00,-28.75,-50.0,172.9456,0.2
2026-10-10T16:00:00Z,IFS_-028.75_-050.00,-28.75,-50.0,172.9456,0.2
2026-10-10T17:00:00Z,IFS_-028.75_-050.00,-28.75,-50.0,172.9456,0.2
2026-10-10T18:00:00Z,IFS_-028.75_-050.00,-28.75,-50.0,172.9456,0.2
2026-10-10T19:00:00Z,IFS_-028.75_-050.00,-28.75,-50.0,172.9456,0.3
2026-10-10T20:00:00Z,IFS_-028.75_-050.00,-28.75,-50.0,172.9456,0.3
2026-10-10T21:00:00Z,IFS_-028.75_-050.00,-28.75,-50.0,172.9456,0.3
2026-10-10T22:00:00Z,IFS_-028.75_-050.00,-28.75,-50.0,172.9456,0.0
2026-10-10T23:00:00Z,IFS_-028.75_-050.00,-28.75,-50.0,172.9456,0.0
2026-10-11T00:00:00Z,IFS_-028.75_-050.00,-28.75,-50.0,172.9456,0.0
2026-10-11T01:00:00Z,IFS_-028.75_-050.00,-28.75,-50.0,172.9456,0.0
2026-10-11T02:00:00Z,IFS_-028.75_-050.00,-28.75,-50.0,172.9456,0.0
2026-10-11T03:00:00Z,IFS_-028.75_-050.00,-28.75,-50.0,172.9456,0.0
2026-10-11T04:00:00Z,IFS_-028.75_-050.00,-28.75,-50.0,172.9456,0.0
2026-10-11T05:00:00Z,IFS_-028.75_-050.00,-28.75,-50.0,172.9456,0.0
2026-10-11T06:00:00Z,IFS_-028.75_-050.00,-28.75,-50.0,172.9456,0.0
2026-10-11T07:00:00Z,IFS_-028.75_-050.00,-28.75,-50.0,172.9456,0.0
2026-10-11T08:00:00Z,IFS_-028.75_-050.00,-28.75,-50.0,172.9456,0.0
2026-10-11T09:00:00Z,IFS_-028.75_-050.00,-28.75,-50.0,172.9456,0.0
2026-10-11T10:00:00Z,IFS_-028.75_-050.00,-28.75,-50.0,172.9456,0.0
2026-10-11T11:00:00Z,IFS_-028.75_-050.00,-28.75,-50.0,172.9456,0.0
2026-10-11T12:00:00Z,IFS_-028.75_-050.00,-28.75,-50.0,172.9456,0.0
2026-10-11T13:00:00Z,IFS_-028.75_-050.00,-28.75,-50.0,172.9456,3.0
2026-10-11T14:00:00Z,IFS_-028.75_-050.00,-28.75,-50.0,172.9456,3.0
2026-10-11T15:00:00Z,IFS_-028.75_-050.00,-28.75,-50.0,172.9456,3.0
2026-10-11T16:00:00Z,IFS_-028.75_-050.00,-28.75,-50.0,172.9456,0.8
2026-10-11T17:00:00Z,IFS_-028.75_-050.00,-28.75,-50.0,172.9456,0.8
2026-10-11T18:00:00Z,IFS_-028.75_-050.00,-28.75,-50.0,172.9456,0.8
2026-10-11T19:00:00Z,IFS_-028.75_-050.00,-28.75,-50.0,172.9456,0.6
2026-10-11T20:00:00Z,IFS_-028.75_-050.00,-28.75,-50.0,172.9456,0.6
2026-10-11T21:00:00Z,IFS_-028.75_-050.00,-28.75,-50.0,172.9456,0.6
2026-10-11T22:00:00Z,IFS_-028.75_-050.00,-28.75,-50.0,172.9456,0.0
2026-10-11T23:00:00Z,IFS_-028.75_-050.00,-28.75,-50.0,172.9456,0.0
2026-10-12T00:00:00Z,IFS_-028.75_-050.00,-28.75,-50.0,172.9456,0.0
2026-10-12T01:00:00Z,IFS_-028.75_-050.00,-28.75,-50.0,172.9456,0.0
2026-10-12T02:00:00Z,IFS_-028.75_-050.00,-28.75,-50.0,172.9456,0.0
2026-10-12T03:00:00Z,IFS_-028.75_-050.00,-28.75,-50.0,172.9456,0.0
2026-10-12T04:00:00Z,IFS_-028.75_-050.00,-28.75,-50.0,172.9456,0.3
2026-10-12T05:00:00Z,IFS_-028.75_-050.00,-28.75,-50.0,172.9456,0.3
2026-10-12T06:00:00Z,IFS_-028.75_-050.00,-28.75,-50.0,172.9456,0.3
2026-10-12T07:00:00Z,IFS_-028.75_-050.00,-28.75,-50.0,172.9456,0.9
2026-10-12T08:00:00Z,IFS_-028.75_-050.00,-28.75,-50.0,172.9456,0.9
2026-10-12T09:00:00Z,IFS_-028.75_-050.00,-28.75,-50.0,172.9456,0.9
2026-10-12T10:00:00Z,IFS_-028.75_-050.00,-28.75,-50.0,172.9456,0.1
2026-10-12T11:00:00Z,IFS_-028.75_-050.00,-28.75,-50.0,172.9456,0.1
2026-10-12T12:00:00Z,IFS_-028.75_-050.00,-28.75,-50.0,172.9456,0.1
2026-10-12T13:00:00Z,IFS_-028.75_-050.00,-28.75,-50.0,172.9456,0.1
2026-10-12T14:00:00Z,IFS_-028.75_-050.00,-28.75,-50.0,172.9456,0.1
2026-10-12T15:00:00Z,IFS_-028.75_-050.00,-28.75,-50.0,172.9456,0.1
2026-10-12T16:00:00Z,IFS_-028.75_-050.00,-28.75,-50.0,172.9456,2.2
2026-10-12T17:00:00Z,IFS_-028.75_-050.00,-28.75,-50.0,172.9456,2.2
2026-10-12T18:00:00Z,IFS_-028.75_-050.00,-28.75,-50.0,172.9456,2.2
2026-10-12T19:00:00Z,IFS_-028.75_-050.00,-28.75,-50.0,172.9456,0.7
2026-10-12T20:00:00Z,IFS_-028.75_-050.00,-28.75,-50.0,172.9456,0.7
2026-10-12T21:00:00Z,IFS_-028.75_-050.00,-28.75,-50.0,172.9456,0.7
2026-10-12T22:00:00Z,IFS_-028.75_-050.00,-28.75,-50.0,172.9456,0.4
2026-10-12T23:00:00Z,IFS_-028.75_-050.00,-28.75,-50.0,172.9456,0.4
2026-10-13T00:00:00Z,IFS_-028.75_-050.00,-28.75,-50.0,172.9456,0.4
2026-10-13T01:00:00Z,IFS_-028.75_-050.00,-28.75,-50.0,172.9456,0.1
2026-10-08T02:00:00Z,IFS_-028.50_-052.00,-28.5,-52.0,325.1473,0.0
2026-10-08T03:00:00Z,IFS_-028.50_-052.00,-28.5,-52.0,325.1473,0.0
2026-10-08T04:00:00Z,IFS_-028.50_-052.00,-28.5,-52.0,325.1473,0.0
2026-10-08T05:00:00Z,IFS_-028.50_-052.00,-28.5,-52.0,325.1473,0.0
2026-10-08T06:00:00Z,IFS_-028.50_-052.00,-28.5,-52.0,325.1473,0.0
2026-10-08T07:00:00Z,IFS_-028.50_-052.00,-28.5,-52.0,325.1473,0.2
2026-10-08T08:00:00Z,IFS_-028.50_-052.00,-28.5,-52.0,325.1473,0.2
2026-10-08T09:00:00Z,IFS_-028.50_-052.00,-28.5,-52.0,325.1473,0.2
2026-10-08T10:00:00Z,IFS_-028.50_-052.00,-28.5,-52.0,325.1473,0.1
2026-10-08T11:00:00Z,IFS_-028.50_-052.00,-28.5,-52.0,325.1473,0.1
2026-10-08T12:00:00Z,IFS_-028.50_-052.00,-28.5,-52.0,325.1473,0.1
2026-10-08T13:00:00Z,IFS_-028.50_-052.00,-28.5,-52.0,325.1473,0.8
2026-10-08T14:00:00Z,IFS_-028.50_-052.00,-28.5,-52.0,325.1473,0.8
2026-10-08T15:00:00Z,IFS_-028.50_-052.00,-28.5,-52.0,325.1473,0.8
2026-10-08T16:00:00Z,IFS_-028.50_-052.00,-28.5,-52.0,325.1473,1.0
2026-10-08T17:00:00Z,IFS_-028.50_-052.00,-28.5,-52.0,325.1473,1.0
2026-10-08T18:00:00Z,IFS_-028.50_-052.00,-28.5,-52.0,325.1473,1.0
2026-10-08T19:00:00Z,IFS_-028.50_-052.00,-28.5,-52.0,325.1473,1.1
2026-10-08T20:00:00Z,IFS_-028.50_-052.00,-28.5,-52.0,325.1473,1.1
2026-10-08T21:00:00Z,IFS_-028.50_-052.00,-28.5,-52.0,325.1473,1.1
2026-10-08T22:00:00Z,IFS_-028.50_-052.00,-28.5,-52.0,325.1473,0.0
2026-10-08T23:00:00Z,IFS_-028.50_-052.00,-28.5,-52.0,325.1473,0.0
2026-10-09T00:00:00Z,IFS_-028.50_-052.00,-28.5,-52.0,325.1473,0.0
2026-10-09T01:00:00Z,IFS_-028.50_-052.00,-28.5,-52.0,325.1473,0.0
2026-10-09T02:00:00Z,IFS_-028.50_-052.00,-28.5,-52.0,325.1473,0.0
2026-10-09T03:00:00Z,IFS_-028.50_-052.00,-28.5,-52.0,325.1473,0.0
2026-10-09T04:00:00Z,IFS_-028.50_-052.00,-28.5,-52.0,325.1473,0.1
2026-10-09T05:00:00Z,IFS_-028.50_-052.00,-28.5,-52.0,325.1473,0.1
2026-10-09T06:00:00Z,IFS_-028.50_-052.00,-28.5,-52.0,325.1473,0.1
2026-10-09T07:00:00Z,IFS_-028.50_-052.00,-28.5,-52.0,325.1473,0.9
2026-10-09T08:00:00Z,IFS_-028.50_-052.00,-28.5,-52.0,325.1473,0.9
2026-10-09T09:00:00Z,IFS_-028.50_-052.00,-28.5,-52.0,325.1473,0.9
2026-10-09T10:00:00Z,IFS_-028.50_-052.00,-28.5,-52.0,325.1473,4.2
2026-10-09T11:00:00Z,IFS_-028.50_-052.00,-28.5,-52.0,325.1473,4.2
2026-10-09T12:00:00Z,IFS_-028.50_-052.00,-28.5,-52.0,325.1473,4.2
2026-10-09T13:00:00Z,IFS_-028.50_-052.00,-28.5,-52.0,325.1473,3.9
2026-10-09T14:00:00Z,IFS_-028.50_-052.00,-28.5,-52.0,325.1473,3.9
2026-10-09T15:00:00Z,IFS_-028.50_-052.00,-28.5,-52.0,325.1473,3.9
2026-10-09T16:00:00Z,IFS_-028.50_-052.00,-28.5,-52.0,325.1473,1.9
2026-10-09T17:00:00Z,IFS_-028.50_-052.00,-28.5,-52.0,325.1473,1.9
2026-10-09T18:00:00Z,IFS_-028.50_-052.00,-28.5,-52.0,325.1473,1.9
2026-10-09T19:00:00Z,IFS_-028.50_-052.00,-28.5,-52.0,325.1473,1.3
2026-10-09T20:00:00Z,IFS_-028.50_-052.00,-28.5,-52.0,325.1473,1.3
2026-10-09T21:00:00Z,IFS_-028.50_-052.00,-28.5,-52.0,325.1473,1.3
2026-10-09T22:00:00Z,IFS_-028.50_-052.00,-28.5,-52.0,325.1473,0.9
2026-10-09T23:00:00Z,IFS_-028.50_-052.00,-28.5,-52.0,325.1473,0.9
2026-10-10T00:00:00Z,IFS_-028.50_-052.00,-28.5,-52.0,325.1473,0.9
2026-10-10T01:00:00Z,IFS_-028.50_-052.00,-28.5,-52.0,325.1473,1.7
2026-10-10T02:00:00Z,IFS_-028.50_-052.00,-28.5,-52.0,325.1473,1.7
2026-10-10T03:00:00Z,IFS_-028.50_-052.00,-28.5,-52.0,325.1473,1.7
2026-10-10T04:00:00Z,IFS_-028.50_-052.00,-28.5,-52.0,325.1473,2.2
2026-10-10T05:00:00Z,IFS_-028.50_-052.00,-28.5,-52.0,325.1473,2.2
2026-10-10T06:00:00Z,IFS_-028.50_-052.00,-28.5,-52.0,325.1473,2.2
2026-10-10T07:00:00Z,IFS_-028.50_-052.00,-28.5,-52.0,325.1473,0.8
2026-10-10T08:00:00Z,IFS_-028.50_-052.00,-28.5,-52.0,325.1473,0.8
2026-10-10T09:00:00Z,IFS_-028.50_-052.00,-28.5,-52.0,325.1473,0.8
2026-10-10T10:00:00Z,IFS_-028.50_-052.00,-28.5,-52.0,325.1473,0.5
2026-10-10T11:00:00Z,IFS_-028.50_-052.00,-28.5,-52.0,325.1473,0.5
2026-10-10T12:00:00Z,IFS_-028.50_-052.00,-28.5,-52.0,325.1473,0.5
2026-10-10T13:00:00Z,IFS_-028.50_-052.00,-28.5,-52.0,325.1473,0.1
2026-10-10T14:00:00Z,IFS_-028.50_-052.00,-28.5,-52.0,325.1473,0.1
2026-10-10T15:00:00Z,IFS_-028.50_-052.00,-28.5,-52.0,325.1473,0.1
2026-10-10T16:00:00Z,IFS_-028.50_-052.00,-28.5,-52.0,325.1473,0.1
2026-10-10T17:00:00Z,IFS_-028.50_-052.00,-28.5,-52.0,325.1473,0.1
2026-10-10T18:00:00Z,IFS_-028.50_-052.00,-28.5,-52.0,325.1473,0.1
2026-10-10T19:00:00Z,IFS_-028.50_-052.00,-28.5,-52.0,325.1473,0.0
2026-10-10T20:00:00Z,IFS_-028.50_-052.00,-28.5,-52.0,325.1473,0.0
2026-10-10T21:00:00Z,IFS_-028.50_-052.00,-28.5,-52.0,325.1473,0.0
2026-10-10T22:00:00Z,IFS_-028.50_-052.00,-28.5,-52.0,325.1473,0.0
2026-10-10T23:00:00Z,IFS_-028.50_-052.00,-28.5,-52.0,325.1473,0.0
2026-10-11T00:00:00Z,IFS_-028.50_-052.00,-28.5,-52.0,325.1473,0.0
2026-10-11T01:00:00Z,IFS_-028.50_-052.00,-28.5,-52.0,325.1473,0.0
2026-10-11T02:00:00Z,IFS_-028.50_-052.00,-28.5,-52.0,325.1473,0.0
2026-10-11T03:00:00Z,IFS_-028.50_-052.00,-28.5,-52.0,325.1473,0.0
2026-10-11T04:00:00Z,IFS_-028.50_-052.00,-28.5,-52.0,325.1473,0.0
2026-10-11T05:00:00Z,IFS_-028.50_-052.00,-28.5,-52.0,325.1473,0.0
2026-10-11T06:00:00Z,IFS_-028.50_-052.00,-28.5,-52.0,325.1473,0.0
2026-10-11T07:00:00Z,IFS_-028.50_-052.00,-28.5,-52.0,325.1473,0.0
2026-10-11T08:00:00Z,IFS_-028.50_-052.00,-28.5,-52.0,325.1473,0.0
2026-10-11T09:00:00Z,IFS_-028.50_-052.00,-28.5,-52.0,325.1473,0.0
2026-10-11T10:00:00Z,IFS_-028.50_-052.00,-28.5,-52.0,325.1473,0.0
2026-10-11T11:00:00Z,IFS_-028.50_-052.00,-28.5,-52.0,325.1473,0.0
2026-10-11T12:00:00Z,IFS_-028.50_-052.00,-28.5,-52.0,325.1473,0.0
2026-10-11T13:00:00Z,IFS_-028.50_-052.00,-28.5,-52.0,325.1473,2.2
2026-10-11T14:00:00Z,IFS_-028.50_-052.00,-28.5,-52.0,325.1473,2.2
2026-10-11T15:00:00Z,IFS_-028.50_-052.00,-28.5,-52.0,325.1473,2.2
2026-10-11T16:00:00Z,IFS_-028.50_-052.00,-28.5,-52.0,325.1473,0.1
2026-10-11T17:00:00Z,IFS_-028.50_-052.00,-28.5,-52.0,325.1473,0.1
2026-10-11T18:00:00Z,IFS_-028.50_-052.00,-28.5,-52.0,325.1473,0.1
2026-10-11T19:00:00Z,IFS_-028.50_-052.00,-28.5,-52.0,325.1473,0.0
2026-10-11T20:00:00Z,IFS_-028.50_-052.00,-28.5,-52.0,325.1473,0.0
2026-10-11T21:00:00Z,IFS_-028.50_-052.00,-28.5,-52.0,325.1473,0.0
2026-10-11T22:00:00Z,IFS_-028.50_-052.00,-28.5,-52.0,325.1473,0.0
2026-10-11T23:00:00Z,IFS_-028.50_-052.00,-28.5,-52.0,325.1473,0.0
2026-10-12T00:00:00Z,IFS_-028.50_-052.00,-28.5,-52.0,325.1473,0.0
2026-10-12T01:00:00Z,IFS_-028.50_-052.00,-28.5,-52.0,325.1473,0.0
2026-10-12T02:00:00Z,IFS_-028.50_-052.00,-28.5,-52.0,325.1473,0.0
2026-10-12T03:00:00Z,IFS_-028.50_-052.00,-28.5,-52.0,325.1473,0.0
2026-10-12T04:00:00Z,IFS_-028.50_-052.00,-28.5,-52.0,325.1473,0.0
2026-10-12T05:00:00Z,IFS_-028.50_-052.00,-28.5,-52.0,325.1473,0.0
2026-10-12T06:00:00Z,IFS_-028.50_-052.00,-28.5,-52.0,325.1473,0.0
2026-10-12T07:00:00Z,IFS_-028.50_-052.00,-28.5,-52.0,325.1473,0.2
2026-10-12T08:00:00Z,IFS_-028.50_-052.00,-28.5,-52.0,325.1473,0.2
2026-10-12T09:00:00Z,IFS_-028.50_-052.00,-28.5,-52.0,325.1473,0.2
2026-10-12T10:00:00Z,IFS_-028.50_-052.00,-28.5,-52.0,325.1473,8.0
2026-10-12T11:00:00Z,IFS_-028.50_-052.00,-28.5,-52.0,325.1473,8.0
2026-10-12T12:00:00Z,IFS_-028.50_-052.00,-28.5,-52.0,325.1473,8.0
2026-10-12T13:00:00Z,IFS_-028.50_-052.00,-28.5,-52.0,325.1473,0.4
2026-10-12T14:00:00Z,IFS_-028.50_-052.00,-28.5,-52.0,325.1473,0.4
2026-10-12T15:00:00Z,IFS_-028.50_-052.00,-28.5,-52.0,325.1473,0.4
2026-10-12T16:00:00Z,IFS_-028.50_-052.00,-28.5,-52.0,325.1473,0.0
2026-10-12T17:00:00Z,IFS_-028.50_-052.00,-28.5,-52.0,325.1473,0.0
2026-10-12T18:00:00Z,IFS_-028.50_-052.00,-28.5,-52.0,325.1473,0.0
2026-10-12T19:00:00Z,IFS_-028.50_-052.00,-28.5,-52.0,325.1473,0.1
2026-10-12T20:00:00Z,IFS_-028.50_-052.00,-28.5,-52.0,325.1473,0.1
2026-10-12T21:00:00Z,IFS_-028.50_-052.00,-28.5,-52.0,325.1473,0.1
2026-10-12T22:00:00Z,IFS_-028.50_-052.00,-28.5,-52.0,325.1473,0.0
2026-10-12T23:00:00Z,IFS_-028.50_-052.00,-28.5,-52.0,325.1473,0.0
2026-10-13T00:00:00Z,IFS_-028.50_-052.00,-28.5,-52.0,325.1473,0.0
2026-10-13T01:00:00Z,IFS_-028.50_-052.00,-28.5,-52.0,325.1473,0.1
2026-10-08T02:00:00Z,IFS_-028.50_-051.75,-28.5,-51.75,677.7019,0.0
2026-10-08T03:00:00Z,IFS_-028.50_-051.75,-28.5,-51.75,677.7019,0.0
2026-10-08T04:00:00Z,IFS_-028.50_-051.75,-28.5,-51.75,677.7019,0.0
2026-10-08T05:00:00Z,IFS_-028.50_-051.75,-28.5,-51.75,677.7019,0.0
2026-10-08T06:00:00Z,IFS_-028.50_-051.75,-28.5,-51.75,677.7019,0.0
2026-10-08T07:00:00Z,IFS_-028.50_-051.75,-28.5,-51.75,677.7019,0.1
2026-10-08T08:00:00Z,IFS_-028.50_-051.75,-28.5,-51.75,677.7019,0.1
2026-10-08T09:00:00Z,IFS_-028.50_-051.75,-28.5,-51.75,677.7019,0.1
2026-10-08T10:00:00Z,IFS_-028.50_-051.75,-28.5,-51.75,677.7019,0.0
2026-10-08T11:00:00Z,IFS_-028.50_-051.75,-28.5,-51.75,677.7019,0.0
2026-10-08T12:00:00Z,IFS_-028.50_-051.75,-28.5,-51.75,677.7019,0.0
2026-10-08T13:00:00Z,IFS_-028.50_-051.75,-28.5,-51.75,677.7019,0.6
2026-10-08T14:00:00Z,IFS_-028.50_-051.75,-28.5,-51.75,677.7019,0.6
2026-10-08T15:00:00Z,IFS_-028.50_-051.75,-28.5,-51.75,677.7019,0.6
2026-10-08T16:00:00Z,IFS_-028.50_-051.75,-28.5,-51.75,677.7019,0.9
2026-10-08T17:00:00Z,IFS_-028.50_-051.75,-28.5,-51.75,677.7019,0.9
2026-10-08T18:00:00Z,IFS_-028.50_-051.75,-28.5,-51.75,677.7019,0.9
2026-10-08T19:00:00Z,IFS_-028.50_-051.75,-28.5,-51.75,677.7019,0.7
2026-10-08T20:00:00Z,IFS_-028.50_-051.75,-28.5,-51.75,677.7019,0.7
2026-10-08T21:00:00Z,IFS_-028.50_-051.75,-28.5,-51.75,677.7019,0.7
2026-10-08T22:00:00Z,IFS_-028.50_-051.75,-28.5,-51.75,677.7019,0.0
2026-10-08T23:00:00Z,IFS_-028.50_-051.75,-28.5,-51.75,677.7019,0.0
2026-10-09T00:00:00Z,IFS_-028.50_-051.75,-28.5,-51.75,677.7019,0.0
2026-10-09T01:00:00Z,IFS_-028.50_-051.75,-28.5,-51.75,677.7019,0.0
2026-10-09T02:00:00Z,IFS_-028.50_-051.75,-28.5,-51.75,677.7019,0.0
2026-10-09T03:00:00Z,IFS_-028.50_-051.75,-28.5,-51.75,677.7019,0.0
2026-10-09T04:00:00Z,IFS_-028.50_-051.75,-28.5,-51.75,677.7019,0.0
2026-10-09T05:00:00Z,IFS_-028.50_-051.75,-28.5,-51.75,677.7019,0.0
2026-10-09T06:00:00Z,IFS_-028.50_-051.75,-28.5,-51.75,677.7019,0.0
2026-10-09T07:00:00Z,IFS_-028.50_-051.75,-28.5,-51.75,677.7019,0.8
2026-10-09T08:00:00Z,IFS_-028.50_-051.75,-28.5,-51.75,677.7019,0.8
2026-10-09T09:00:00Z,IFS_-028.50_-051.75,-28.5,-51.75,677.7019,0.8
2026-10-09T10:00:00Z,IFS_-028.50_-051.75,-28.5,-51.75,677.7019,3.9
2026-10-09T11:00:00Z,IFS_-028.50_-051.75,-28.5,-51.75,677.7019,3.9
2026-10-09T12:00:00Z,IFS_-028.50_-051.75,-28.5,-51.75,677.7019,3.9
2026-10-09T13:00:00Z,IFS_-028.50_-051.75,-28.5,-51.75,677.7019,4.0
2026-10-09T14:00:00Z,IFS_-028.50_-051.75,-28.5,-51.75,677.7019,4.0
2026-10-09T15:00:00Z,IFS_-028.50_-051.75,-28.5,-51.75,677.7019,4.0
2026-10-09T16:00:00Z,IFS_-028.50_-051.75,-28.5,-51.75,677.7019,2.0
2026-10-09T17:00:00Z,IFS_-028.50_-051.75,-28.5,-51.75,677.7019,2.0
2026-10-09T18:00:00Z,IFS_-028.50_-051.75,-28.5,-51.75,677.7019,2.0
2026-10-09T19:00:00Z,IFS_-028.50_-051.75,-28.5,-51.75,677.7019,0.9
2026-10-09T20:00:00Z,IFS_-028.50_-051.75,-28.5,-51.75,677.7019,0.9
2026-10-09T21:00:00Z,IFS_-028.50_-051.75,-28.5,-51.75,677.7019,0.9
2026-10-09T22:00:00Z,IFS_-028.50_-051.75,-28.5,-51.75,677.7019,1.3
2026-10-09T23:00:00Z,IFS_-028.50_-051.75,-28.5,-51.75,677.7019,1.3
2026-10-10T00:00:00Z,IFS_-028.50_-051.75,-28.5,-51.75,677.7019,1.3
2026-10-10T01:00:00Z,IFS_-028.50_-051.75,-28.5,-51.75,677.7019,0.6
2026-10-10T02:00:00Z,IFS_-028.50_-051.75,-28.5,-51.75,677.7019,0.6
2026-10-10T03:00:00Z,IFS_-028.50_-051.75,-28.5,-51.75,677.7019,0.6
2026-10-10T04:00:00Z,IFS_-028.50_-051.75,-28.5,-51.75,677.7019,1.9
2026-10-10T05:00:00Z,IFS_-028.50_-051.75,-28.5,-51.75,677.7019,1.9
2026-10-10T06:00:00Z,IFS_-028.50_-051.75,-28.5,-51.75,677.7019,1.9
2026-10-10T07:00:00Z,IFS_-028.50_-051.75,-28.5,-51.75,677.7019,0.8
2026-10-10T08:00:00Z,IFS_-028.50_-051.75,-28.5,-51.75,677.7019,0.8
2026-10-10T09:00:00Z,IFS_-028.50_-051.75,-28.5,-51.75,677.7019,0.8
2026-10-10T10:00:00Z,IFS_-028.50_-051.75,-28.5,-51.75,677.7019,0.3
2026-10-10T11:00:00Z,IFS_-028.50_-051.75,-28.5,-51.75,677.7019,0.3
2026-10-10T12:00:00Z,IFS_-028.50_-051.75,-28.5,-51.75,677.7019,0.3
2026-10-10T13:00:00Z,IFS_-028.50_-051.75,-28.5,-51.75,677.7019,0.2
2026-10-10T14:00:00Z,IFS_-028.50_-051.75,-28.5,-51.75,677.7019,0.2
2026-10-10T15:00:00Z,IFS_-028.50_-051.75,-28.5,-51.75,677.7019,0.2
2026-10-10T16:00:00Z,IFS_-028.50_-051.75,-28.5,-51.75,677.7019,0.1
2026-10-10T17:00:00Z,IFS_-028.50_-051.75,-28.5,-51.75,677.7019,0.1
2026-10-10T18:00:00Z,IFS_-028.50_-051.75,-28.5,-51.75,677.7019,0.1
2026-10-10T19:00:00Z,IFS_-028.50_-051.75,-28.5,-51.75,677.7019,0.0
2026-10-10T20:00:00Z,IFS_-028.50_-051.75,-28.5,-51.75,677.7019,0.0
2026-10-10T21:00:00Z,IFS_-028.50_-051.75,-28.5,-51.75,677.7019,0.0
2026-10-10T22:00:00Z,IFS_-028.50_-051.75,-28.5,-51.75,677.7019,0.0
2026-10-10T23:00:00Z,IFS_-028.50_-051.75,-28.5,-51.75,677.7019,0.0
2026-10-11T00:00:00Z,IFS_-028.50_-051.75,-28.5,-51.75,677.7019,0.0
2026-10-11T01:00:00Z,IFS_-028.50_-051.75,-28.5,-51.75,677.7019,0.0
2026-10-11T02:00:00Z,IFS_-028.50_-051.75,-28.5,-51.75,677.7019,0.0
2026-10-11T03:00:00Z,IFS_-028.50_-051.75,-28.5,-51.75,677.7019,0.0
2026-10-11T04:00:00Z,IFS_-028.50_-051.75,-28.5,-51.75,677.7019,0.0
2026-10-11T05:00:00Z,IFS_-028.50_-051.75,-28.5,-51.75,677.7019,0.0
2026-10-11T06:00:00Z,IFS_-028.50_-051.75,-28.5,-51.75,677.7019,0.0
2026-10-11T07:00:00Z,IFS_-028.50_-051.75,-28.5,-51.75,677.7019,0.0
2026-10-11T08:00:00Z,IFS_-028.50_-051.75,-28.5,-51.75,677.7019,0.0
2026-10-11T09:00:00Z,IFS_-028.50_-051.75,-28.5,-51.75,677.7019,0.0
2026-10-11T10:00:00Z,IFS_-028.50_-051.75,-28.5,-51.75,677.7019,0.0
2026-10-11T11:00:00Z,IFS_-028.50_-051.75,-28.5,-51.75,677.7019,0.0
2026-10-11T12:00:00Z,IFS_-028.50_-051.75,-28.5,-51.75,677.7019,0.0
2026-10-11T13:00:00Z,IFS_-028.50_-051.75,-28.5,-51.75,677.7019,2.4
2026-10-11T14:00:00Z,IFS_-028.50_-051.75,-28.5,-51.75,677.7019,2.4
2026-10-11T15:00:00Z,IFS_-028.50_-051.75,-28.5,-51.75,677.7019,2.4
2026-10-11T16:00:00Z,IFS_-028.50_-051.75,-28.5,-51.75,677.7019,0.4
2026-10-11T17:00:00Z,IFS_-028.50_-051.75,-28.5,-51.75,677.7019,0.4
2026-10-11T18:00:00Z,IFS_-028.50_-051.75,-28.5,-51.75,677.7019,0.4
2026-10-11T19:00:00Z,IFS_-028.50_-051.75,-28.5,-51.75,677.7019,0.0
2026-10-11T20:00:00Z,IFS_-028.50_-051.75,-28.5,-51.75,677.7019,0.0
2026-10-11T21:00:00Z,IFS_-028.50_-051.75,-28.5,-51.75,677.7019,0.0
2026-10-11T22:00:00Z,IFS_-028.50_-051.75,-28.5,-51.75,677.7019,0.0
2026-10-11T23:00:00Z,IFS_-028.50_-051.75,-28.5,-51.75,677.7019,0.0
2026-10-12T00:00:00Z,IFS_-028.50_-051.75,-28.5,-51.75,677.7019,0.0
2026-10-12T01:00:00Z,IFS_-028.50_-051.75,-28.5,-51.75,677.7019,0.0
2026-10-12T02:00:00Z,IFS_-028.50_-051.75,-28.5,-51.75,677.7019,0.0
2026-10-12T03:00:00Z,IFS_-028.50_-051.75,-28.5,-51.75,677.7019,0.0
2026-10-12T04:00:00Z,IFS_-028.50_-051.75,-28.5,-51.75,677.7019,0.0
2026-10-12T05:00:00Z,IFS_-028.50_-051.75,-28.5,-51.75,677.7019,0.0
2026-10-12T06:00:00Z,IFS_-028.50_-051.75,-28.5,-51.75,677.7019,0.0
2026-10-12T07:00:00Z,IFS_-028.50_-051.75,-28.5,-51.75,677.7019,2.5
2026-10-12T08:00:00Z,IFS_-028.50_-051.75,-28.5,-51.75,677.7019,2.5
2026-10-12T09:00:00Z,IFS_-028.50_-051.75,-28.5,-51.75,677.7019,2.5
2026-10-12T10:00:00Z,IFS_-028.50_-051.75,-28.5,-51.75,677.7019,9.3
2026-10-12T11:00:00Z,IFS_-028.50_-051.75,-28.5,-51.75,677.7019,9.3
2026-10-12T12:00:00Z,IFS_-028.50_-051.75,-28.5,-51.75,677.7019,9.3
2026-10-12T13:00:00Z,IFS_-028.50_-051.75,-28.5,-51.75,677.7019,1.8
2026-10-12T14:00:00Z,IFS_-028.50_-051.75,-28.5,-51.75,677.7019,1.8
2026-10-12T15:00:00Z,IFS_-028.50_-051.75,-28.5,-51.75,677.7019,1.8
2026-10-12T16:00:00Z,IFS_-028.50_-051.75,-28.5,-51.75,677.7019,0.0
2026-10-12T17:00:00Z,IFS_-028.50_-051.75,-28.5,-51.75,677.7019,0.0
2026-10-12T18:00:00Z,IFS_-028.50_-051.75,-28.5,-51.75,677.7019,0.0
2026-10-12T19:00:00Z,IFS_-028.50_-051.75,-28.5,-51.75,677.7019,0.6
2026-10-12T20:00:00Z,IFS_-028.50_-051.75,-28.5,-51.75,677.7019,0.6
2026-10-12T21:00:00Z,IFS_-028.50_-051.75,-28.5,-51.75,677.7019,0.6
2026-10-12T22:00:00Z,IFS_-028.50_-051.75,-28.5,-51.75,677.7019,0.0
2026-10-12T23:00:00Z,IFS_-028.50_-051.75,-28.5,-51.75,677.7019,0.0
2026-10-13T00:00:00Z,IFS_-028.50_-051.75,-28.5,-51.75,677.7019,0.0
2026-10-13T01:00:00Z,IFS_-028.50_-051.75,-28.5,-51.75,677.7019,0.1
2026-10-08T02:00:00Z,IFS_-028.50_-051.50,-28.5,-51.5,677.6519,0.0
2026-10-08T03:00:00Z,IFS_-028.50_-051.50,-28.5,-51.5,677.6519,0.0
2026-10-08T04:00:00Z,IFS_-028.50_-051.50,-28.5,-51.5,677.6519,0.0
2026-10-08T05:00:00Z,IFS_-028.50_-051.50,-28.5,-51.5,677.6519,0.0
2026-10-08T06:00:00Z,IFS_-028.50_-051.50,-28.5,-51.5,677.6519,0.0
2026-10-08T07:00:00Z,IFS_-028.50_-051.50,-28.5,-51.5,677.6519,0.1
2026-10-08T08:00:00Z,IFS_-028.50_-051.50,-28.5,-51.5,677.6519,0.1
2026-10-08T09:00:00Z,IFS_-028.50_-051.50,-28.5,-51.5,677.6519,0.1
2026-10-08T10:00:00Z,IFS_-028.50_-051.50,-28.5,-51.5,677.6519,0.1
2026-10-08T11:00:00Z,IFS_-028.50_-051.50,-28.5,-51.5,677.6519,0.1
2026-10-08T12:00:00Z,IFS_-028.50_-051.50,-28.5,-51.5,677.6519,0.1
2026-10-08T13:00:00Z,IFS_-028.50_-051.50,-28.5,-51.5,677.6519,1.0
2026-10-08T14:00:00Z,IFS_-028.50_-051.50,-28.5,-51.5,677.6519,1.0
2026-10-08T15:00:00Z,IFS_-028.50_-051.50,-28.5,-51.5,677.6519,1.0
2026-10-08T16:00:00Z,IFS_-028.50_-051.50,-28.5,-51.5,677.6519,1.0
2026-10-08T17:00:00Z,IFS_-028.50_-051.50,-28.5,-51.5,677.6519,1.0
2026-10-08T18:00:00Z,IFS_-028.50_-051.50,-28.5,-51.5,677.6519,1.0
2026-10-08T19:00:00Z,IFS_-028.50_-051.50,-28.5,-51.5,677.6519,0.6
2026-10-08T20:00:00Z,IFS_-028.50_-051.50,-28.5,-51.5,677.6519,0.6
2026-10-08T21:00:00Z,IFS_-028.50_-051.50,-28.5,-51.5,677.6519,0.6
2026-10-08T22:00:00Z,IFS_-028.50_-051.50,-28.5,-51.5,677.6519,0.0
2026-10-08T23:00:00Z,IFS_-028.50_-051.50,-28.5,-51.5,677.6519,0.0
2026-10-09T00:00:00Z,IFS_-028.50_-051.50,-28.5,-51.5,677.6519,0.0
2026-10-09T01:00:00Z,IFS_-028.50_-051.50,-28.5,-51.5,677.6519,0.0
2026-10-09T02:00:00Z,IFS_-028.50_-051.50,-28.5,-51.5,677.6519,0.0
2026-10-09T03:00:00Z,IFS_-028.50_-051.50,-28.5,-51.5,677.6519,0.0
2026-10-09T04:00:00Z,IFS_-028.50_-051.50,-28.5,-51.5,677.6519,0.0
2026-10-09T05:00:00Z,IFS_-028.50_-051.50,-28.5,-51.5,677.6519,0.0
2026-10-09T06:00:00Z,IFS_-028.50_-051.50,-28.5,-51.5,677.6519,0.0
2026-10-09T07:00:00Z,IFS_-028.50_-051.50,-28.5,-51.5,677.6519,0.2
2026-10-09T08:00:00Z,IFS_-028.50_-051.50,-28.5,-51.5,677.6519,0.2
2026-10-09T09:00:00Z,IFS_-028.50_-051.50,-28.5,-51.5,677.6519,0.2
2026-10-09T10:00:00Z,IFS_-028.50_-051.50,-28.5,-51.5,677.6519,3.6
2026-10-09T11:00:00Z,IFS_-028.50_-051.50,-28.5,-51.5,677.6519,3.6
2026-10-09T12:00:00Z,IFS_-028.50_-051.50,-28.5,-51.5,677.6519,3.6
2026-10-09T13:00:00Z,IFS_-028.50_-051.50,-28.5,-51.5,677.6519,2.5
2026-10-09T14:00:00Z,IFS_-028.50_-051.50,-28.5,-51.5,677.6519,2.5
2026-10-09T15:00:00Z,IFS_-028.50_-051.50,-28.5,-51.5,677.6519,2.5
2026-10-09T16:00:00Z,IFS_-028.50_-051.50,-28.5,-51.5,677.6519,1.4
2026-10-09T17:00:00Z,IFS_-028.50_-051.50,-28.5,-51.5,677.6519,1.4
2026-10-09T18:00:00Z,IFS_-028.50_-051.50,-28.5,-51.5,677.6519,1.4
2026-10-09T19:00:00Z,IFS_-028.50_-051.50,-28.5,-51.5,677.6519,0.7
2026-10-09T20:00:00Z,IFS_-028.50_-051.50,-28.5,-51.5,677.6519,0.7
2026-10-09T21:00:00Z,IFS_-028.50_-051.50,-28.5,-51.5,677.6519,0.7
2026-10-09T22:00:00Z,IFS_-028.50_-051.50,-28.5,-51.5,677.6519,1.7
2026-10-09T23:00:00Z,IFS_-028.50_-051.50,-28.5,-51.5,677.6519,1.7
2026-10-10T00:00:00Z,IFS_-028.50_-051.50,-28.5,-51.5,677.6519,1.7
2026-10-10T01:00:00Z,IFS_-028.50_-051.50,-28.5,-51.5,677.6519,0.4
2026-10-10T02:00:00Z,IFS_-028.50_-051.50,-28.5,-51.5,677.6519,0.4
2026-10-10T03:00:00Z,IFS_-028.50_-051.50,-28.5,-51.5,677.6519,0.4
2026-10-10T04:00:00Z,IFS_-028.50_-051.50,-28.5,-51.5,677.6519,1.1
2026-10-10T05:00:00Z,IFS_-028.50_-051.50,-28.5,-51.5,677.6519,1.1
2026-10-10T06:00:00Z,IFS_-028.50_-051.50,-28.5,-51.5,677.6519,1.1
2026-10-10T07:00:00Z,IFS_-028.50_-051.50,-28.5,-51.5,677.6519,1.0
2026-10-10T08:00:00Z,IFS_-028.50_-051.50,-28.5,-51.5,677.6519,1.0
2026-10-10T09:00:00Z,IFS_-028.50_-051.50,-28.5,-51.5,677.6519,1.0
2026-10-10T10:00:00Z,IFS_-028.50_-051.50,-28.5,-51.5,677.6519,0.3
2026-10-10T11:00:00Z,IFS_-028.50_-051.50,-28.5,-51.5,677.6519,0.3
2026-10-10T12:00:00Z,IFS_-028.50_-051.50,-28.5,-51.5,677.6519,0.3
2026-10-10T13:00:00Z,IFS_-028.50_-051.50,-28.5,-51.5,677.6519,0.3
2026-10-10T14:00:00Z,IFS_-028.50_-051.50,-28.5,-51.5,677.6519,0.3
2026-10-10T15:00:00Z,IFS_-028.50_-051.50,-28.5,-51.5,677.6519,0.3
2026-10-10T16:00:00Z,IFS_-028.50_-051.50,-28.5,-51.5,677.6519,0.2
2026-10-10T17:00:00Z,IFS_-028.50_-051.50,-28.5,-51.5,677.6519,0.2
2026-10-10T18:00:00Z,IFS_-028.50_-051.50,-28.5,-51.5,677.6519,0.2
2026-10-10T19:00:00Z,IFS_-028.50_-051.50,-28.5,-51.5,677.6519,0.0
2026-10-10T20:00:00Z,IFS_-028.50_-051.50,-28.5,-51.5,677.6519,0.0
2026-10-10T21:00:00Z,IFS_-028.50_-051.50,-28.5,-51.5,677.6519,0.0
2026-10-10T22:00:00Z,IFS_-028.50_-051.50,-28.5,-51.5,677.6519,0.0
2026-10-10T23:00:00Z,IFS_-028.50_-051.50,-28.5,-51.5,677.6519,0.0
2026-10-11T00:00:00Z,IFS_-028.50_-051.50,-28.5,-51.5,677.6519,0.0
2026-10-11T01:00:00Z,IFS_-028.50_-051.50,-28.5,-51.5,677.6519,0.0
2026-10-11T02:00:00Z,IFS_-028.50_-051.50,-28.5,-51.5,677.6519,0.0
2026-10-11T03:00:00Z,IFS_-028.50_-051.50,-28.5,-51.5,677.6519,0.0
2026-10-11T04:00:00Z,IFS_-028.50_-051.50,-28.5,-51.5,677.6519,0.0
2026-10-11T05:00:00Z,IFS_-028.50_-051.50,-28.5,-51.5,677.6519,0.0
2026-10-11T06:00:00Z,IFS_-028.50_-051.50,-28.5,-51.5,677.6519,0.0
2026-10-11T07:00:00Z,IFS_-028.50_-051.50,-28.5,-51.5,677.6519,0.0
2026-10-11T08:00:00Z,IFS_-028.50_-051.50,-28.5,-51.5,677.6519,0.0
2026-10-11T09:00:00Z,IFS_-028.50_-051.50,-28.5,-51.5,677.6519,0.0
2026-10-11T10:00:00Z,IFS_-028.50_-051.50,-28.5,-51.5,677.6519,0.1
2026-10-11T11:00:00Z,IFS_-028.50_-051.50,-28.5,-51.5,677.6519,0.1
2026-10-11T12:00:00Z,IFS_-028.50_-051.50,-28.5,-51.5,677.6519,0.1
2026-10-11T13:00:00Z,IFS_-028.50_-051.50,-28.5,-51.5,677.6519,2.0
2026-10-11T14:00:00Z,IFS_-028.50_-051.50,-28.5,-51.5,677.6519,2.0
2026-10-11T15:00:00Z,IFS_-028.50_-051.50,-28.5,-51.5,677.6519,2.0
2026-10-11T16:00:00Z,IFS_-028.50_-051.50,-28.5,-51.5,677.6519,1.7
2026-10-11T17:00:00Z,IFS_-028.50_-051.50,-28.5,-51.5,677.6519,1.7
2026-10-11T18:00:00Z,IFS_-028.50_-051.50,-28.5,-51.5,677.6519,1.7
2026-10-11T19:00:00Z,IFS_-028.50_-051.50,-28.5,-51.5,677.6519,0.0
2026-10-11T20:00:00Z,IFS_-028.50_-051.50,-28.5,-51.5,677.6519,0.0
2026-10-11T21:00:00Z,IFS_-028.50_-051.50,-28.5,-51.5,677.6519,0.0
2026-10-11T22:00:00Z,IFS_-028.50_-051.50,-28.5,-51.5,677.6519,0.0
2026-10-11T23:00:00Z,IFS_-028.50_-051.50,-28.5,-51.5,677.6519,0.0
2026-10-12T00:00:00Z,IFS_-028.50_-051.50,-28.5,-51.5,677.6519,0.0
2026-10-12T01:00:00Z,IFS_-028.50_-051.50,-28.5,-51.5,677.6519,0.0
2026-10-12T02:00:00Z,IFS_-028.50_-051.50,-28.5,-51.5,677.6519,0.0
2026-10-12T03:00:00Z,IFS_-028.50_-051.50,-28.5,-51.5,677.6519,0.0
2026-10-12T04:00:00Z,IFS_-028.50_-051.50,-28.5,-51.5,677.6519,0.5
2026-10-12T05:00:00Z,IFS_-028.50_-051.50,-28.5,-51.5,677.6519,0.5
2026-10-12T06:00:00Z,IFS_-028.50_-051.50,-28.5,-51.5,677.6519,0.5
2026-10-12T07:00:00Z,IFS_-028.50_-051.50,-28.5,-51.5,677.6519,3.6
2026-10-12T08:00:00Z,IFS_-028.50_-051.50,-28.5,-51.5,677.6519,3.6
2026-10-12T09:00:00Z,IFS_-028.50_-051.50,-28.5,-51.5,677.6519,3.6
2026-10-12T10:00:00Z,IFS_-028.50_-051.50,-28.5,-51.5,677.6519,3.1
2026-10-12T11:00:00Z,IFS_-028.50_-051.50,-28.5,-51.5,677.6519,3.1
2026-10-12T12:00:00Z,IFS_-028.50_-051.50,-28.5,-51.5,677.6519,3.1
2026-10-12T13:00:00Z,IFS_-028.50_-051.50,-28.5,-51.5,677.6519,2.1
2026-10-12T14:00:00Z,IFS_-028.50_-051.50,-28.5,-51.5,677.6519,2.1
2026-10-12T15:00:00Z,IFS_-028.50_-051.50,-28.5,-51.5,677.6519,2.1
2026-10-12T16:00:00Z,IFS_-028.50_-051.50,-28.5,-51.5,677.6519,0.0
2026-10-12T17:00:00Z,IFS_-028.50_-051.50,-28.5,-51.5,677.6519,0.0
2026-10-12T18:00:00Z,IFS_-028.50_-051.50,-28.5,-51.5,677.6519,0.0
2026-10-12T19:00:00Z,IFS_-028.50_-051.50,-28.5,-51.5,677.6519,2.1
2026-10-12T20:00:00Z,IFS_-028.50_-051.50,-28.5,-51.5,677.6519,2.1
2026-10-12T21:00:00Z,IFS_-028.50_-051.50,-28.5,-51.5,677.6519,2.1
2026-10-12T22:00:00Z,IFS_-028.50_-051.50,-28.5,-51.5,677.6519,0.1
2026-10-12T23:00:00Z,IFS_-028.50_-051.50,-28.5,-51.5,677.6519,0.1
2026-10-13T00:00:00Z,IFS_-028.50_-051.50,-28.5,-51.5,677.6519,0.1
2026-10-13T01:00:00Z,IFS_-028.50_-051.50,-28.5,-51.5,677.6519,0.1
2026-10-08T02:00:00Z,IFS_-028.50_-051.25,-28.5,-51.25,677.6218,0.0
2026-10-08T03:00:00Z,IFS_-028.50_-051.25,-28.5,-51.25,677.6218,0.0
2026-10-08T04:00:00Z,IFS_-028.50_-051.25,-28.5,-51.25,677.6218,0.0
2026-10-08T05:00:00Z,IFS_-028.50_-051.25,-28.5,-51.25,677.6218,0.0
2026-10-08T06:00:00Z,IFS_-028.50_-051.25,-28.5,-51.25,677.6218,0.0
2026-10-08T07:00:00Z,IFS_-028.50_-051.25,-28.5,-51.25,677.6218,0.0
2026-10-08T08:00:00Z,IFS_-028.50_-051.25,-28.5,-51.25,677.6218,0.0
2026-10-08T09:00:00Z,IFS_-028.50_-051.25,-28.5,-51.25,677.6218,0.0
2026-10-08T10:00:00Z,IFS_-028.50_-051.25,-28.5,-51.25,677.6218,0.3
2026-10-08T11:00:00Z,IFS_-028.50_-051.25,-28.5,-51.25,677.6218,0.3
2026-10-08T12:00:00Z,IFS_-028.50_-051.25,-28.5,-51.25,677.6218,0.3
2026-10-08T13:00:00Z,IFS_-028.50_-051.25,-28.5,-51.25,677.6218,0.6
2026-10-08T14:00:00Z,IFS_-028.50_-051.25,-28.5,-51.25,677.6218,0.6
2026-10-08T15:00:00Z,IFS_-028.50_-051.25,-28.5,-51.25,677.6218,0.6
2026-10-08T16:00:00Z,IFS_-028.50_-051.25,-28.5,-51.25,677.6218,1.2
2026-10-08T17:00:00Z,IFS_-028.50_-051.25,-28.5,-51.25,677.6218,1.2
2026-10-08T18:00:00Z,IFS_-028.50_-051.25,-28.5,-51.25,677.6218,1.2
2026-10-08T19:00:00Z,IFS_-028.50_-051.25,-28.5,-51.25,677.6218,0.5
2026-10-08T20:00:00Z,IFS_-028.50_-051.25,-28.5,-51.25,677.6218,0.5
2026-10-08T21:00:00Z,IFS_-028.50_-051.25,-28.5,-51.25,677.6218,0.5
2026-10-08T22:00:00Z,IFS_-028.50_-051.25,-28.5,-51.25,677.6218,0.0
2026-10-08T23:00:00Z,IFS_-028.50_-051.25,-28.5,-51.25,677.6218,0.0
2026-10-09T00:00:00Z,IFS_-028.50_-051.25,-28.5,-51.25,677.6218,0.0
2026-10-09T01:00:00Z,IFS_-028.50_-051.25,-28.5,-51.25,677.6218,0.0
2026-10-09T02:00:00Z,IFS_-028.50_-051.25,-28.5,-51.25,677.6218,0.0
2026-10-09T03:00:00Z,IFS_-028.50_-051.25,-28.5,-51.25,677.6218,0.0
2026-10-09T04:00:00Z,IFS_-028.50_-051.25,-28.5,-51.25,677.6218,0.2
2026-10-09T05:00:00Z,IFS_-028.50_-051.25,-28.5,-51.25,677.6218,0.2
2026-10-09T06:00:00Z,IFS_-028.50_-051.25,-28.5,-51.25,677.6218,0.2
2026-10-09T07:00:00Z,IFS_-028.50_-051.25,-28.5,-51.25,677.6218,0.0
2026-10-09T08:00:00Z,IFS_-028.50_-051.25,-28.5,-51.25,677.6218,0.0
2026-10-09T09:00:00Z,IFS_-028.50_-051.25,-28.5,-51.25,677.6218,0.0
2026-10-09T10:00:00Z,IFS_-028.50_-051.25,-28.5,-51.25,677.6218,3.7
2026-10-09T11:00:00Z,IFS_-028.50_-051.25,-28.5,-51.25,677.6218,3.7
2026-10-09T12:00:00Z,IFS_-028.50_-051.25,-28.5,-51.25,677.6218,3.7
2026-10-09T13:00:00Z,IFS_-028.50_-051.25,-28.5,-51.25,677.6218,2.1
2026-10-09T14:00:00Z,IFS_-028.50_-051.25,-28.5,-51.25,677.6218,2.1
2026-10-09T15:00:00Z,IFS_-028.50_-051.25,-28.5,-51.25,677.6218,2.1
2026-10-09T16:00:00Z,IFS_-028.50_-051.25,-28.5,-51.25,677.6218,2.3
2026-10-09T17:00:00Z,IFS_-028.50_-051.25,-28.5,-51.25,677.6218,2.3
2026-10-09T18:00:00Z,IFS_-028.50_-051.25,-28.5,-51.25,677.6218,2.3
2026-10-09T19:00:00Z,IFS_-028.50_-051.25,-28.5,-51.25,677.6218,0.9
2026-10-09T20:00:00Z,IFS_-028.50_-051.25,-28.5,-51.25,677.6218,0.9
2026-10-09T21:00:00Z,IFS_-028.50_-051.25,-28.5,-51.25,677.6218,0.9
2026-10-09T22:00:00Z,IFS_-028.50_-051.25,-28.5,-51.25,677.6218,1.1
2026-10-09T23:00:00Z,IFS_-028.50_-051.25,-28.5,-51.25,677.6218,1.1
2026-10-10T00:00:00Z,IFS_-028.50_-051.25,-28.5,-51.25,677.6218,1.1
2026-10-10T01:00:00Z,IFS_-028.50_-051.25,-28.5,-51.25,677.6218,0.6
2026-10-10T02:00:00Z,IFS_-028.50_-051.25,-28.5,-51.25,677.6218,0.6
2026-10-10T03:00:00Z,IFS_-028.50_-051.25,-28.5,-51.25,677.6218,0.6
2026-10-10T04:00:00Z,IFS_-028.50_-051.25,-28.5,-51.25,677.6218,0.5
2026-10-10T05:00:00Z,IFS_-028.50_-051.25,-28.5,-51.25,677.6218,0.5
2026-10-10T06:00:00Z,IFS_-028.50_-051.25,-28.5,-51.25,677.6218,0.5
2026-10-10T07:00:00Z,IFS_-028.50_-051.25,-28.5,-51.25,677.6218,1.0
2026-10-10T08:00:00Z,IFS_-028.50_-051.25,-28.5,-51.25,677.6218,1.0
2026-10-10T09:00:00Z,IFS_-028.50_-051.25,-28.5,-51.25,677.6218,1.0
2026-10-10T10:00:00Z,IFS_-028.50_-051.25,-28.5,-51.25,677.6218,1.0
2026-10-10T11:00:00Z,IFS_-028.50_-051.25,-28.5,-51.25,677.6218,1.0
2026-10-10T12:00:00Z,IFS_-028.50_-051.25,-28.5,-51.25,677.6218,1.0
2026-10-10T13:00:00Z,IFS_-028.50_-051.25,-28.5,-51.25,677.6218,0.2
2026-10-10T14:00:00Z,IFS_-028.50_-051.25,-28.5,-51.25,677.6218,0.2
2026-10-10T15:00:00Z,IFS_-028.50_-051.25,-28.5,-51.25,677.6218,0.2
2026-10-10T16:00:00Z,IFS_-028.50_-051.25,-28.5,-51.25,677.6218,0.7
2026-10-10T17:00:00Z,IFS_-028.50_-051.25,-28.5,-51.25,677.6218,0.7
2026-10-10T18:00:00Z,IFS_-028.50_-051.25,-28.5,-51.25,677.6218,0.7
2026-10-10T19:00:00Z,IFS_-028.50_-051.25,-28.5,-51.25,677.6218,0.0
2026-10-10T20:00:00Z,IFS_-028.50_-051.25,-28.5,-51.25,677.6218,0.0
2026-10-10T21:00:00Z,IFS_-028.50_-051.25,-28.5,-51.25,677.6218,0.0
2026-10-10T22:00:00Z,IFS_-028.50_-051.25,-28.5,-51.25,677.6218,0.0
2026-10-10T23:00:00Z,IFS_-028.50_-051.25,-28.5,-51.25,677.6218,0.0
2026-10-11T00:00:00Z,IFS_-028.50_-051.25,-28.5,-51.25,677.6218,0.0
2026-10-11T01:00:00Z,IFS_-028.50_-051.25,-28.5,-51.25,677.6218,0.0
2026-10-11T02:00:00Z,IFS_-028.50_-051.25,-28.5,-51.25,677.6218,0.0
2026-10-11T03:00:00Z,IFS_-028.50_-051.25,-28.5,-51.25,677.6218,0.0
2026-10-11T04:00:00Z,IFS_-028.50_-051.25,-28.5,-51.25,677.6218,0.0
2026-10-11T05:00:00Z,IFS_-028.50_-051.25,-28.5,-51.25,677.6218,0.0
2026-10-11T06:00:00Z,IFS_-028.50_-051.25,-28.5,-51.25,677.6218,0.0
2026-10-11T07:00:00Z,IFS_-028.50_-051.25,-28.5,-51.25,677.6218,0.0
2026-10-11T08:00:00Z,IFS_-028.50_-051.25,-28.5,-51.25,677.6218,0.0
2026-10-11T09:00:00Z,IFS_-028.50_-051.25,-28.5,-51.25,677.6218,0.0
2026-10-11T10:00:00Z,IFS_-028.50_-051.25,-28.5,-51.25,677.6218,0.2
2026-10-11T11:00:00Z,IFS_-028.50_-051.25,-28.5,-51.25,677.6218,0.2
2026-10-11T12:00:00Z,IFS_-028.50_-051.25,-28.5,-51.25,677.6218,0.2
2026-10-11T13:00:00Z,IFS_-028.50_-051.25,-28.5,-51.25,677.6218,2.2
2026-10-11T14:00:00Z,IFS_-028.50_-051.25,-28.5,-51.25,677.6218,2.2
2026-10-11T15:00:00Z,IFS_-028.50_-051.25,-28.5,-51.25,677.6218,2.2
2026-10-11T16:00:00Z,IFS_-028.50_-051.25,-28.5,-51.25,677.6218,3.2
2026-10-11T17:00:00Z,IFS_-028.50_-051.25,-28.5,-51.25,677.6218,3.2
2026-10-11T18:00:00Z,IFS_-028.50_-051.25,-28.5,-51.25,677.6218,3.2
2026-10-11T19:00:00Z,IFS_-028.50_-051.25,-28.5,-51.25,677.6218,0.0
2026-10-11T20:00:00Z,IFS_-028.50_-051.25,-28.5,-51.25,677.6218,0.0
2026-10-11T21:00:00Z,IFS_-028.50_-051.25,-28.5,-51.25,677.6218,0.0
2026-10-11T22:00:00Z,IFS_-028.50_-051.25,-28.5,-51.25,677.6218,0.0
2026-10-11T23:00:00Z,IFS_-028.50_-051.25,-28.5,-51.25,677.6218,0.0
2026-10-12T00:00:00Z,IFS_-028.50_-051.25,-28.5,-51.25,677.6218,0.0
2026-10-12T01:00:00Z,IFS_-028.50_-051.25,-28.5,-51.25,677.6218,0.0
2026-10-12T02:00:00Z,IFS_-028.50_-051.25,-28.5,-51.25,677.6218,0.0
2026-10-12T03:00:00Z,IFS_-028.50_-051.25,-28.5,-51.25,677.6218,0.0
2026-10-12T04:00:00Z,IFS_-028.50_-051.25,-28.5,-51.25,677.6218,0.7
2026-10-12T05:00:00Z,IFS_-028.50_-051.25,-28.5,-51.25,677.6218,0.7
2026-10-12T06:00:00Z,IFS_-028.50_-051.25,-28.5,-51.25,677.6218,0.7
2026-10-12T07:00:00Z,IFS_-028.50_-051.25,-28.5,-51.25,677.6218,2.7
2026-10-12T08:00:00Z,IFS_-028.50_-051.25,-28.5,-51.25,677.6218,2.7
2026-10-12T09:00:00Z,IFS_-028.50_-051.25,-28.5,-51.25,677.6218,2.7
2026-10-12T10:00:00Z,IFS_-028.50_-051.25,-28.5,-51.25,677.6218,1.4
2026-10-12T11:00:00Z,IFS_-028.50_-051.25,-28.5,-51.25,677.6218,1.4
2026-10-12T12:00:00Z,IFS_-028.50_-051.25,-28.5,-51.25,677.6218,1.4
2026-10-12T13:00:00Z,IFS_-028.50_-051.25,-28.5,-51.25,677.6218,1.3
2026-10-12T14:00:00Z,IFS_-028.50_-051.25,-28.5,-51.25,677.6218,1.3
2026-10-12T15:00:00Z,IFS_-028.50_-051.25,-28.5,-51.25,677.6218,1.3
2026-10-12T16:00:00Z,IFS_-028.50_-051.25,-28.5,-51.25,677.6218,0.6
2026-10-12T17:00:00Z,IFS_-028.50_-051.25,-28.5,-51.25,677.6218,0.6
2026-10-12T18:00:00Z,IFS_-028.50_-051.25,-28.5,-51.25,677.6218,0.6
2026-10-12T19:00:00Z,IFS_-028.50_-051.25,-28.5,-51.25,677.6218,2.2
2026-10-12T20:00:00Z,IFS_-028.50_-051.25,-28.5,-51.25,677.6218,2.2
2026-10-12T21:00:00Z,IFS_-028.50_-051.25,-28.5,-51.25,677.6218,2.2
2026-10-12T22:00:00Z,IFS_-028.50_-051.25,-28.5,-51.25,677.6218,0.1
2026-10-12T23:00:00Z,IFS_-028.50_-051.25,-28.5,-51.25,677.6218,0.1
2026-10-13T00:00:00Z,IFS_-028.50_-051.25,-28.5,-51.25,677.6218,0.1
2026-10-13T01:00:00Z,IFS_-028.50_-051.25,-28.5,-51.25,677.6218,0.2
2026-10-08T02:00:00Z,IFS_-028.50_-051.00,-28.5,-51.0,516.6686,0.0
2026-10-08T03:00:00Z,IFS_-028.50_-051.00,-28.5,-51.0,516.6686,0.0
2026-10-08T04:00:00Z,IFS_-028.50_-051.00,-28.5,-51.0,516.6686,0.0
2026-10-08T05:00:00Z,IFS_-028.50_-051.00,-28.5,-51.0,516.6686,0.0
2026-10-08T06:00:00Z,IFS_-028.50_-051.00,-28.5,-51.0,516.6686,0.0
2026-10-08T07:00:00Z,IFS_-028.50_-051.00,-28.5,-51.0,516.6686,0.0
2026-10-08T08:00:00Z,IFS_-028.50_-051.00,-28.5,-51.0,516.6686,0.0
2026-10-08T09:00:00Z,IFS_-028.50_-051.00,-28.5,-51.0,516.6686,0.0
2026-10-08T10:00:00Z,IFS_-028.50_-051.00,-28.5,-51.0,516.6686,0.1
2026-10-08T11:00:00Z,IFS_-028.50_-051.00,-28.5,-51.0,516.6686,0.1
2026-10-08T12:00:00Z,IFS_-028.50_-051.00,-28.5,-51.0,516.6686,0.1
2026-10-08T13:00:00Z,IFS_-028.50_-051.00,-28.5,-51.0,516.6686,0.1
2026-10-08T14:00:00Z,IFS_-028.50_-051.00,-28.5,-51.0,516.6686,0.1
2026-10-08T15:00:00Z,IFS_-028.50_-051.00,-28.5,-51.0,516.6686,0.1
2026-10-08T16:00:00Z,IFS_-028.50_-051.00,-28.5,-51.0,516.6686,1.1
2026-10-08T17:00:00Z,IFS_-028.50_-051.00,-28.5,-51.0,516.6686,1.1
2026-10-08T18:00:00Z,IFS_-028.50_-051.00,-28.5,-51.0,516.6686,1.1
2026-10-08T19:00:00Z,IFS_-028.50_-051.00,-28.5,-51.0,516.6686,0.5
2026-10-08T20:00:00Z,IFS_-028.50_-051.00,-28.5,-51.0,516.6686,0.5
2026-10-08T21:00:00Z,IFS_-028.50_-051.00,-28.5,-51.0,516.6686,0.5
2026-10-08T22:00:00Z,IFS_-028.50_-051.00,-28.5,-51.0,516.6686,0.1
2026-10-08T23:00:00Z,IFS_-028.50_-051.00,-28.5,-51.0,516.6686,0.1
2026-10-09T00:00:00Z,IFS_-028.50_-051.00,-28.5,-51.0,516.6686,0.1
2026-10-09T01:00:00Z,IFS_-028.50_-051.00,-28.5,-51.0,516.6686,0.0
2026-10-09T02:00:00Z,IFS_-028.50_-051.00,-28.5,-51.0,516.6686,0.0
2026-10-09T03:00:00Z,IFS_-028.50_-051.00,-28.5,-51.0,516.6686,0.0
2026-10-09T04:00:00Z,IFS_-028.50_-051.00,-28.5,-51.0,516.6686,1.4
2026-10-09T05:00:00Z,IFS_-028.50_-051.00,-28.5,-51.0,516.6686,1.4
2026-10-09T06:00:00Z,IFS_-028.50_-051.00,-28.5,-51.0,516.6686,1.4
2026-10-09T07:00:00Z,IFS_-028.50_-051.00,-28.5,-51.0,516.6686,0.1
2026-10-09T08:00:00Z,IFS_-028.50_-051.00,-28.5,-51.0,516.6686,0.1
2026-10-09T09:00:00Z,IFS_-028.50_-051.00,-28.5,-51.0,516.6686,0.1
2026-10-09T10:00:00Z,IFS_-028.50_-051.00,-28.5,-51.0,516.6686,2.7
2026-10-09T11:00:00Z,IFS_-028.50_-051.00,-28.5,-51.0,516.6686,2.7
2026-10-09T12:00:00Z,IFS_-028.50_-051.00,-28.5,-51.0,516.6686,2.7
2026-10-09T13:00:00Z,IFS_-028.50_-051.00,-28.5,-51.0,516.6686,2.2
2026-10-09T14:00:00Z,IFS_-028.50_-051.00,-28.5,-51.0,516.6686,2.2
2026-10-09T15:00:00Z,IFS_-028.50_-051.00,-28.5,-51.0,516.6686,2.2
2026-10-09T16:00:00Z,IFS_-028.50_-051.00,-28.5,-51.0,516.6686,2.0
2026-10-09T17:00:00Z,IFS_-028.50_-051.00,-28.5,-51.0,516.6686,2.0
2026-10-09T18:00:00Z,IFS_-028.50_-051.00,-28.5,-51.0,516.6686,2.0
2026-10-09T19:00:00Z,IFS_-028.50_-051.00,-28.5,-51.0,516.6686,0.8
2026-10-09T20:00:00Z,IFS_-028.50_-051.00,-28.5,-51.0,516.6686,0.8
2026-10-09T21:00:00Z,IFS_-028.50_-051.00,-28.5,-51.0,516.6686,0.8
2026-10-09T22:00:00Z,IFS_-028.50_-051.00,-28.5,-51.0,516.6686,0.7
2026-10-09T23:00:00Z,IFS_-028.50_-051.00,-28.5,-51.0,516.6686,0.7
2026-10-10T00:00:00Z,IFS_-028.50_-051.00,-28.5,-51.0,516.6686,0.7
2026-10-10T01:00:00Z,IFS_-028.50_-051.00,-28.5,-51.0,516.6686,0.4
2026-10-10T02:00:00Z,IFS_-028.50_-051.00,-28.5,-51.0,516.6686,0.4
2026-10-10T03:00:00Z,IFS_-028.50_-051.00,-28.5,-51.0,516.6686,0.4
2026-10-10T04:00:00Z,IFS_-028.50_-051.00,-28.5,-51.0,516.6686,0.6
2026-10-10T05:00:00Z,IFS_-028.50_-051.00,-28.5,-51.0,516.6686,0.6
2026-10-10T06:00:00Z,IFS_-028.50_-051.00,-28.5,-51.0,516.6686,0.6
2026-10-10T07:00:00Z,IFS_-028.50_-051.00,-28.5,-51.0,516.6686,0.9
2026-10-10T08:00:00Z,IFS_-028.50_-051.00,-28.5,-51.0,516.6686,0.9
2026-10-10T09:00:00Z,IFS_-028.50_-051.00,-28.5,-51.0,516.6686,0.9
2026-10-10T10:00:00Z,IFS_-028.50_-051.00,-28.5,-51.0,516.6686,0.6
2026-10-10T11:00:00Z,IFS_-028.50_-051.00,-28.5,-51.0,516.6686,0.6
2026-10-10T12:00:00Z,IFS_-028.50_-051.00,-28.5,-51.0,516.6686,0.6
2026-10-10T13:00:00Z,IFS_-028.50_-051.00,-28.5,-51.0,516.6686,0.1
2026-10-10T14:00:00Z,IFS_-028.50_-051.00,-28.5,-51.0,516.6686,0.1
2026-10-10T15:00:00Z,IFS_-028.50_-051.00,-28.5,-51.0,516.6686,0.1
2026-10-10T16:00:00Z,IFS_-028.50_-051.00,-28.5,-51.0,516.6686,0.4
2026-10-10T17:00:00Z,IFS_-028.50_-051.00,-28.5,-51.0,516.6686,0.4
2026-10-10T18:00:00Z,IFS_-028.50_-051.00,-28.5,-51.0,516.6686,0.4
2026-10-10T19:00:00Z,IFS_-028.50_-051.00,-28.5,-51.0,516.6686,0.1
2026-10-10T20:00:00Z,IFS_-028.50_-051.00,-28.5,-51.0,516.6686,0.1
2026-10-10T21:00:00Z,IFS_-028.50_-051.00,-28.5,-51.0,516.6686,0.1
2026-10-10T22:00:00Z,IFS_-028.50_-051.00,-28.5,-51.0,516.6686,0.0
2026-10-10T23:00:00Z,IFS_-028.50_-051.00,-28.5,-51.0,516.6686,0.0
2026-10-11T00:00:00Z,IFS_-028.50_-051.00,-28.5,-51.0,516.6686,0.0
2026-10-11T01:00:00Z,IFS_-028.50_-051.00,-28.5,-51.0,516.6686,0.0
2026-10-11T02:00:00Z,IFS_-028.50_-051.00,-28.5,-51.0,516.6686,0.0
2026-10-11T03:00:00Z,IFS_-028.50_-051.00,-28.5,-51.0,516.6686,0.0
2026-10-11T04:00:00Z,IFS_-028.50_-051.00,-28.5,-51.0,516.6686,0.0
2026-10-11T05:00:00Z,IFS_-028.50_-051.00,-28.5,-51.0,516.6686,0.0
2026-10-11T06:00:00Z,IFS_-028.50_-051.00,-28.5,-51.0,516.6686,0.0
2026-10-11T07:00:00Z,IFS_-028.50_-051.00,-28.5,-51.0,516.6686,0.0
2026-10-11T08:00:00Z,IFS_-028.50_-051.00,-28.5,-51.0,516.6686,0.0
2026-10-11T09:00:00Z,IFS_-028.50_-051.00,-28.5,-51.0,516.6686,0.0
2026-10-11T10:00:00Z,IFS_-028.50_-051.00,-28.5,-51.0,516.6686,0.0
2026-10-11T11:00:00Z,IFS_-028.50_-051.00,-28.5,-51.0,516.6686,0.0
2026-10-11T12:00:00Z,IFS_-028.50_-051.00,-28.5,-51.0,516.6686,0.0
2026-10-11T13:00:00Z,IFS_-028.50_-051.00,-28.5,-51.0,516.6686,0.9
2026-10-11T14:00:00Z,IFS_-028.50_-051.00,-28.5,-51.0,516.6686,0.9
2026-10-11T15:00:00Z,IFS_-028.50_-051.00,-28.5,-51.0,516.6686,0.9
2026-10-11T16:00:00Z,IFS_-028.50_-051.00,-28.5,-51.0,516.6686,3.1
2026-10-11T17:00:00Z,IFS_-028.50_-051.00,-28.5,-51.0,516.6686,3.1
2026-10-11T18:00:00Z,IFS_-028.50_-051.00,-28.5,-51.0,516.6686,3.1
2026-10-11T19:00:00Z,IFS_-028.50_-051.00,-28.5,-51.0,516.6686,0.0
2026-10-11T20:00:00Z,IFS_-028.50_-051.00,-28.5,-51.0,516.6686,0.0
2026-10-11T21:00:00Z,IFS_-028.50_-051.00,-28.5,-51.0,516.6686,0.0
2026-10-11T22:00:00Z,IFS_-028.50_-051.00,-28.5,-51.0,516.6686,0.0
2026-10-11T23:00:00Z,IFS_-028.50_-051.00,-28.5,-51.0,516.6686,0.0
2026-10-12T00:00:00Z,IFS_-028.50_-051.00,-28.5,-51.0,516.6686,0.0
2026-10-12T01:00:00Z,IFS_-028.50_-051.00,-28.5,-51.0,516.6686,0.0
2026-10-12T02:00:00Z,IFS_-028.50_-051.00,-28.5,-51.0,516.6686,0.0
2026-10-12T03:00:00Z,IFS_-028.50_-051.00,-28.5,-51.0,516.6686,0.0
2026-10-12T04:00:00Z,IFS_-028.50_-051.00,-28.5,-51.0,516.6686,0.8
2026-10-12T05:00:00Z,IFS_-028.50_-051.00,-28.5,-51.0,516.6686,0.8
2026-10-12T06:00:00Z,IFS_-028.50_-051.00,-28.5,-51.0,516.6686,0.8
2026-10-12T07:00:00Z,IFS_-028.50_-051.00,-28.5,-51.0,516.6686,1.7
2026-10-12T08:00:00Z,IFS_-028.50_-051.00,-28.5,-51.0,516.6686,1.7
2026-10-12T09:00:00Z,IFS_-028.50_-051.00,-28.5,-51.0,516.6686,1.7
2026-10-12T10:00:00Z,IFS_-028.50_-051.00,-28.5,-51.0,516.6686,0.7
2026-10-12T11:00:00Z,IFS_-028.50_-051.00,-28.5,-51.0,516.6686,0.7
2026-10-12T12:00:00Z,IFS_-028.50_-051.00,-28.5,-51.0,516.6686,0.7
2026-10-12T13:00:00Z,IFS_-028.50_-051.00,-28.5,-51.0,516.6686,3.0
2026-10-12T14:00:00Z,IFS_-028.50_-051.00,-28.5,-51.0,516.6686,3.0
2026-10-12T15:00:00Z,IFS_-028.50_-051.00,-28.5,-51.0,516.6686,3.0
2026-10-12T16:00:00Z,IFS_-028.50_-051.00,-28.5,-51.0,516.6686,0.9
2026-10-12T17:00:00Z,IFS_-028.50_-051.00,-28.5,-51.0,516.6686,0.9
2026-10-12T18:00:00Z,IFS_-028.50_-051.00,-28.5,-51.0,516.6686,0.9
2026-10-12T19:00:00Z,IFS_-028.50_-051.00,-28.5,-51.0,516.6686,0.8
2026-10-12T20:00:00Z,IFS_-028.50_-051.00,-28.5,-51.0,516.6686,0.8
2026-10-12T21:00:00Z,IFS_-028.50_-051.00,-28.5,-51.0,516.6686,0.8
2026-10-12T22:00:00Z,IFS_-028.50_-051.00,-28.5,-51.0,516.6686,0.2
2026-10-12T23:00:00Z,IFS_-028.50_-051.00,-28.5,-51.0,516.6686,0.2
2026-10-13T00:00:00Z,IFS_-028.50_-051.00,-28.5,-51.0,516.6686,0.2
2026-10-13T01:00:00Z,IFS_-028.50_-051.00,-28.5,-51.0,516.6686,0.1
2026-10-08T02:00:00Z,IFS_-028.50_-050.75,-28.5,-50.75,124.3942,0.0
2026-10-08T03:00:00Z,IFS_-028.50_-050.75,-28.5,-50.75,124.3942,0.0
2026-10-08T04:00:00Z,IFS_-028.50_-050.75,-28.5,-50.75,124.3942,0.0
2026-10-08T05:00:00Z,IFS_-028.50_-050.75,-28.5,-50.75,124.3942,0.0
2026-10-08T06:00:00Z,IFS_-028.50_-050.75,-28.5,-50.75,124.3942,0.0
2026-10-08T07:00:00Z,IFS_-028.50_-050.75,-28.5,-50.75,124.3942,0.0
2026-10-08T08:00:00Z,IFS_-028.50_-050.75,-28.5,-50.75,124.3942,0.0
2026-10-08T09:00:00Z,IFS_-028.50_-050.75,-28.5,-50.75,124.3942,0.0
2026-10-08T10:00:00Z,IFS_-028.50_-050.75,-28.5,-50.75,124.3942,0.1
2026-10-08T11:00:00Z,IFS_-028.50_-050.75,-28.5,-50.75,124.3942,0.1
2026-10-08T12:00:00Z,IFS_-028.50_-050.75,-28.5,-50.75,124.3942,0.1
2026-10-08T13:00:00Z,IFS_-028.50_-050.75,-28.5,-50.75,124.3942,0.0
2026-10-08T14:00:00Z,IFS_-028.50_-050.75,-28.5,-50.75,124.3942,0.0
2026-10-08T15:00:00Z,IFS_-028.50_-050.75,-28.5,-50.75,124.3942,0.0
2026-10-08T16:00:00Z,IFS_-028.50_-050.75,-28.5,-50.75,124.3942,0.8
2026-10-08T17:00:00Z,IFS_-028.50_-050.75,-28.5,-50.75,124.3942,0.8
2026-10-08T18:00:00Z,IFS_-028.50_-050.75,-28.5,-50.75,124.3942,0.8
2026-10-08T19:00:00Z,IFS_-028.50_-050.75,-28.5,-50.75,124.3942,0.3
2026-10-08T20:00:00Z,IFS_-028.50_-050.75,-28.5,-50.75,124.3942,0.3
2026-10-08T21:00:00Z,IFS_-028.50_-050.75,-28.5,-50.75,124.3942,0.3
2026-10-08T22:00:00Z,IFS_-028.50_-050.75,-28.5,-50.75,124.3942,0.1
2026-10-08T23:00:00Z,IFS_-028.50_-050.75,-28.5,-50.75,124.3942,0.1
2026-10-09T00:00:00Z,IFS_-028.50_-050.75,-28.5,-50.75,124.3942,0.1
2026-10-09T01:00:00Z,IFS_-028.50_-050.75,-28.5,-50.75,124.3942,0.0
2026-10-09T02:00:00Z,IFS_-028.50_-050.75,-28.5,-50.75,124.3942,0.0
2026-10-09T03:00:00Z,IFS_-028.50_-050.75,-28.5,-50.75,124.3942,0.0
2026-10-09T04:00:00Z,IFS_-028.50_-050.75,-28.5,-50.75,124.3942,0.9
2026-10-09T05:00:00Z,IFS_-028.50_-050.75,-28.5,-50.75,124.3942,0.9
2026-10-09T06:00:00Z,IFS_-028.50_-050.75,-28.5,-50.75,124.3942,0.9
2026-10-09T07:00:00Z,IFS_-028.50_-050.75,-28.5,-50.75,124.3942,0.4
2026-10-09T08:00:00Z,IFS_-028.50_-050.75,-28.5,-50.75,124.3942,0.4
2026-10-09T09:00:00Z,IFS_-028.50_-050.75,-28.5,-50.75,124.3942,0.4
2026-10-09T10:00:00Z,IFS_-028.50_-050.75,-28.5,-50.75,124.3942,2.7
2026-10-09T11:00:00Z,IFS_-028.50_-050.75,-28.5,-50.75,124.3942,2.7
2026-10-09T12:00:00Z,IFS_-028.50_-050.75,-28.5,-50.75,124.3942,2.7
2026-10-09T13:00:00Z,IFS_-028.50_-050.75,-28.5,-50.75,124.3942,2.0
2026-10-09T14:00:00Z,IFS_-028.50_-050.75,-28.5,-50.75,124.3942,2.0
2026-10-09T15:00:00Z,IFS_-028.50_-050.75,-28.5,-50.75,124.3942,2.0
2026-10-09T16:00:00Z,IFS_-028.50_-050.75,-28.5,-50.75,124.3942,1.3
2026-10-09T17:00:00Z,IFS_-028.50_-050.75,-28.5,-50.75,124.3942,1.3
2026-10-09T18:00:00Z,IFS_-028.50_-050.75,-28.5,-50.75,124.3942,1.3
2026-10-09T19:00:00Z,IFS_-028.50_-050.75,-28.5,-50.75,124.3942,0.9
2026-10-09T20:00:00Z,IFS_-028.50_-050.75,-28.5,-50.75,124.3942,0.9
2026-10-09T21:00:00Z,IFS_-028.50_-050.75,-28.5,-50.75,124.3942,0.9
2026-10-09T22:00:00Z,IFS_-028.50_-050.75,-28.5,-50.75,124.3942,0.7
2026-10-09T23:00:00Z,IFS_-028.50_-050.75,-28.5,-50.75,124.3942,0.7
2026-10-10T00:00:00Z,IFS_-028.50_-050.75,-28.5,-50.75,124.3942,0.7
2026-10-10T01:00:00Z,IFS_-028.50_-050.75,-28.5,-50.75,124.3942,0.8
2026-10-10T02:00:00Z,IFS_-028.50_-050.75,-28.5,-50.75,124.3942,0.8
2026-10-10T03:00:00Z,IFS_-028.50_-050.75,-28.5,-50.75,124.3942,0.8
2026-10-10T04:00:00Z,IFS_-028.50_-050.75,-28.5,-50.75,124.3942,0.8
2026-10-10T05:00:00Z,IFS_-028.50_-050.75,-28.5,-50.75,124.3942,0.8
2026-10-10T06:00:00Z,IFS_-028.50_-050.75,-28.5,-50.75,124.3942,0.8
2026-10-10T07:00:00Z,IFS_-028.50_-050.75,-28.5,-50.75,124.3942,0.7
2026-10-10T08:00:00Z,IFS_-028.50_-050.75,-28.5,-50.75,124.3942,0.7
2026-10-10T09:00:00Z,IFS_-028.50_-050.75,-28.5,-50.75,124.3942,0.7
2026-10-10T10:00:00Z,IFS_-028.50_-050.75,-28.5,-50.75,124.3942,0.5
2026-10-10T11:00:00Z,IFS_-028.50_-050.75,-28.5,-50.75,124.3942,0.5
2026-10-10T12:00:00Z,IFS_-028.50_-050.75,-28.5,-50.75,124.3942,0.5
2026-10-10T13:00:00Z,IFS_-028.50_-050.75,-28.5,-50.75,124.3942,0.2
2026-10-10T14:00:00Z,IFS_-028.50_-050.75,-28.5,-50.75,124.3942,0.2
2026-10-10T15:00:00Z,IFS_-028.50_-050.75,-28.5,-50.75,124.3942,0.2
2026-10-10T16:00:00Z,IFS_-028.50_-050.75,-28.5,-50.75,124.3942,0.2
2026-10-10T17:00:00Z,IFS_-028.50_-050.75,-28.5,-50.75,124.3942,0.2
2026-10-10T18:00:00Z,IFS_-028.50_-050.75,-28.5,-50.75,124.3942,0.2
2026-10-10T19:00:00Z,IFS_-028.50_-050.75,-28.5,-50.75,124.3942,0.0
2026-10-10T20:00:00Z,IFS_-028.50_-050.75,-28.5,-50.75,124.3942,0.0
2026-10-10T21:00:00Z,IFS_-028.50_-050.75,-28.5,-50.75,124.3942,0.0
2026-10-10T22:00:00Z,IFS_-028.50_-050.75,-28.5,-50.75,124.3942,0.0
2026-10-10T23:00:00Z,IFS_-028.50_-050.75,-28.5,-50.75,124.3942,0.0
2026-10-11T00:00:00Z,IFS_-028.50_-050.75,-28.5,-50.75,124.3942,0.0
2026-10-11T01:00:00Z,IFS_-028.50_-050.75,-28.5,-50.75,124.3942,0.0
2026-10-11T02:00:00Z,IFS_-028.50_-050.75,-28.5,-50.75,124.3942,0.0
2026-10-11T03:00:00Z,IFS_-028.50_-050.75,-28.5,-50.75,124.3942,0.0
2026-10-11T04:00:00Z,IFS_-028.50_-050.75,-28.5,-50.75,124.3942,0.0
2026-10-11T05:00:00Z,IFS_-028.50_-050.75,-28.5,-50.75,124.3942,0.0
2026-10-11T06:00:00Z,IFS_-028.50_-050.75,-28.5,-50.75,124.3942,0.0
2026-10-11T07:00:00Z,IFS_-028.50_-050.75,-28.5,-50.75,124.3942,0.0
2026-10-11T08:00:00Z,IFS_-028.50_-050.75,-28.5,-50.75,124.3942,0.0
2026-10-11T09:00:00Z,IFS_-028.50_-050.75,-28.5,-50.75,124.3942,0.0
2026-10-11T10:00:00Z,IFS_-028.50_-050.75,-28.5,-50.75,124.3942,0.0
2026-10-11T11:00:00Z,IFS_-028.50_-050.75,-28.5,-50.75,124.3942,0.0
2026-10-11T12:00:00Z,IFS_-028.50_-050.75,-28.5,-50.75,124.3942,0.0
2026-10-11T13:00:00Z,IFS_-028.50_-050.75,-28.5,-50.75,124.3942,0.7
2026-10-11T14:00:00Z,IFS_-028.50_-050.75,-28.5,-50.75,124.3942,0.7
2026-10-11T15:00:00Z,IFS_-028.50_-050.75,-28.5,-50.75,124.3942,0.7
2026-10-11T16:00:00Z,IFS_-028.50_-050.75,-28.5,-50.75,124.3942,3.1
2026-10-11T17:00:00Z,IFS_-028.50_-050.75,-28.5,-50.75,124.3942,3.1
2026-10-11T18:00:00Z,IFS_-028.50_-050.75,-28.5,-50.75,124.3942,3.1
2026-10-11T19:00:00Z,IFS_-028.50_-050.75,-28.5,-50.75,124.3942,0.0
2026-10-11T20:00:00Z,IFS_-028.50_-050.75,-28.5,-50.75,124.3942,0.0
2026-10-11T21:00:00Z,IFS_-028.50_-050.75,-28.5,-50.75,124.3942,0.0
2026-10-11T22:00:00Z,IFS_-028.50_-050.75,-28.5,-50.75,124.3942,0.0
2026-10-11T23:00:00Z,IFS_-028.50_-050.75,-28.5,-50.75,124.3942,0.0
2026-10-12T00:00:00Z,IFS_-028.50_-050.75,-28.5,-50.75,124.3942,0.0
2026-10-12T01:00:00Z,IFS_-028.50_-050.75,-28.5,-50.75,124.3942,0.0
2026-10-12T02:00:00Z,IFS_-028.50_-050.75,-28.5,-50.75,124.3942,0.0
2026-10-12T03:00:00Z,IFS_-028.50_-050.75,-28.5,-50.75,124.3942,0.0
2026-10-12T04:00:00Z,IFS_-028.50_-050.75,-28.5,-50.75,124.3942,0.7
2026-10-12T05:00:00Z,IFS_-028.50_-050.75,-28.5,-50.75,124.3942,0.7
2026-10-12T06:00:00Z,IFS_-028.50_-050.75,-28.5,-50.75,124.3942,0.7
2026-10-12T07:00:00Z,IFS_-028.50_-050.75,-28.5,-50.75,124.3942,1.8
2026-10-12T08:00:00Z,IFS_-028.50_-050.75,-28.5,-50.75,124.3942,1.8
2026-10-12T09:00:00Z,IFS_-028.50_-050.75,-28.5,-50.75,124.3942,1.8
2026-10-12T10:00:00Z,IFS_-028.50_-050.75,-28.5,-50.75,124.3942,0.5
2026-10-12T11:00:00Z,IFS_-028.50_-050.75,-28.5,-50.75,124.3942,0.5
2026-10-12T12:00:00Z,IFS_-028.50_-050.75,-28.5,-50.75,124.3942,0.5
2026-10-12T13:00:00Z,IFS_-028.50_-050.75,-28.5,-50.75,124.3942,0.9
2026-10-12T14:00:00Z,IFS_-028.50_-050.75,-28.5,-50.75,124.3942,0.9
2026-10-12T15:00:00Z,IFS_-028.50_-050.75,-28.5,-50.75,124.3942,0.9
2026-10-12T16:00:00Z,IFS_-028.50_-050.75,-28.5,-50.75,124.3942,0.6
2026-10-12T17:00:00Z,IFS_-028.50_-050.75,-28.5,-50.75,124.3942,0.6
2026-10-12T18:00:00Z,IFS_-028.50_-050.75,-28.5,-50.75,124.3942,0.6
2026-10-12T19:00:00Z,IFS_-028.50_-050.75,-28.5,-50.75,124.3942,0.9
2026-10-12T20:00:00Z,IFS_-028.50_-050.75,-28.5,-50.75,124.3942,0.9
2026-10-12T21:00:00Z,IFS_-028.50_-050.75,-28.5,-50.75,124.3942,0.9
2026-10-12T22:00:00Z,IFS_-028.50_-050.75,-28.5,-50.75,124.3942,0.3
2026-10-12T23:00:00Z,IFS_-028.50_-050.75,-28.5,-50.75,124.3942,0.3
2026-10-13T00:00:00Z,IFS_-028.50_-050.75,-28.5,-50.75,124.3942,0.3
2026-10-13T01:00:00Z,IFS_-028.50_-050.75,-28.5,-50.75,124.3942,0.1
2026-10-08T02:00:00Z,IFS_-028.50_-050.50,-28.5,-50.5,4.1897,0.0
2026-10-08T03:00:00Z,IFS_-028.50_-050.50,-28.5,-50.5,4.1897,0.0
2026-10-08T04:00:00Z,IFS_-028.50_-050.50,-28.5,-50.5,4.1897,0.0
2026-10-08T05:00:00Z,IFS_-028.50_-050.50,-28.5,-50.5,4.1897,0.0
2026-10-08T06:00:00Z,IFS_-028.50_-050.50,-28.5,-50.5,4.1897,0.0
2026-10-08T07:00:00Z,IFS_-028.50_-050.50,-28.5,-50.5,4.1897,0.0
2026-10-08T08:00:00Z,IFS_-028.50_-050.50,-28.5,-50.5,4.1897,0.0
2026-10-08T09:00:00Z,IFS_-028.50_-050.50,-28.5,-50.5,4.1897,0.0
2026-10-08T10:00:00Z,IFS_-028.50_-050.50,-28.5,-50.5,4.1897,0.0
2026-10-08T11:00:00Z,IFS_-028.50_-050.50,-28.5,-50.5,4.1897,0.0
2026-10-08T12:00:00Z,IFS_-028.50_-050.50,-28.5,-50.5,4.1897,0.0
2026-10-08T13:00:00Z,IFS_-028.50_-050.50,-28.5,-50.5,4.1897,0.0
2026-10-08T14:00:00Z,IFS_-028.50_-050.50,-28.5,-50.5,4.1897,0.0
2026-10-08T15:00:00Z,IFS_-028.50_-050.50,-28.5,-50.5,4.1897,0.0
2026-10-08T16:00:00Z,IFS_-028.50_-050.50,-28.5,-50.5,4.1897,0.7
2026-10-08T17:00:00Z,IFS_-028.50_-050.50,-28.5,-50.5,4.1897,0.7
2026-10-08T18:00:00Z,IFS_-028.50_-050.50,-28.5,-50.5,4.1897,0.7
2026-10-08T19:00:00Z,IFS_-028.50_-050.50,-28.5,-50.5,4.1897,0.3
2026-10-08T20:00:00Z,IFS_-028.50_-050.50,-28.5,-50.5,4.1897,0.3
2026-10-08T21:00:00Z,IFS_-028.50_-050.50,-28.5,-50.5,4.1897,0.3
2026-10-08T22:00:00Z,IFS_-028.50_-050.50,-28.5,-50.5,4.1897,0.1
2026-10-08T23:00:00Z,IFS_-028.50_-050.50,-28.5,-50.5,4.1897,0.1
2026-10-09T00:00:00Z,IFS_-028.50_-050.50,-28.5,-50.5,4.1897,0.1
2026-10-09T01:00:00Z,IFS_-028.50_-050.50,-28.5,-50.5,4.1897,0.0
2026-10-09T02:00:00Z,IFS_-028.50_-050.50,-28.5,-50.5,4.1897,0.0
2026-10-09T03:00:00Z,IFS_-028.50_-050.50,-28.5,-50.5,4.1897,0.0
2026-10-09T04:00:00Z,IFS_-028.50_-050.50,-28.5,-50.5,4.1897,0.1
2026-10-09T05:00:00Z,IFS_-028.50_-050.50,-28.5,-50.5,4.1897,0.1
2026-10-09T06:00:00Z,IFS_-028.50_-050.50,-28.5,-50.5,4.1897,0.1
2026-10-09T07:00:00Z,IFS_-028.50_-050.50,-28.5,-50.5,4.1897,0.1
2026-10-09T08:00:00Z,IFS_-028.50_-050.50,-28.5,-50.5,4.1897,0.1
2026-10-09T09:00:00Z,IFS_-028.50_-050.50,-28.5,-50.5,4.1897,0.1
2026-10-09T10:00:00Z,IFS_-028.50_-050.50,-28.5,-50.5,4.1897,1.8
2026-10-09T11:00:00Z,IFS_-028.50_-050.50,-28.5,-50.5,4.1897,1.8
2026-10-09T12:00:00Z,IFS_-028.50_-050.50,-28.5,-50.5,4.1897,1.8
2026-10-09T13:00:00Z,IFS_-028.50_-050.50,-28.5,-50.5,4.1897,1.7
2026-10-09T14:00:00Z,IFS_-028.50_-050.50,-28.5,-50.5,4.1897,1.7
2026-10-09T15:00:00Z,IFS_-028.50_-050.50,-28.5,-50.5,4.1897,1.7
2026-10-09T16:00:00Z,IFS_-028.50_-050.50,-28.5,-50.5,4.1897,1.6
2026-10-09T17:00:00Z,IFS_-028.50_-050.50,-28.5,-50.5,4.1897,1.6
2026-10-09T18:00:00Z,IFS_-028.50_-050.50,-28.5,-50.5,4.1897,1.6
2026-10-09T19:00:00Z,IFS_-028.50_-050.50,-28.5,-50.5,4.1897,1.0
2026-10-09T20:00:00Z,IFS_-028.50_-050.50,-28.5,-50.5,4.1897,1.0
2026-10-09T21:00:00Z,IFS_-028.50_-050.50,-28.5,-50.5,4.1897,1.0
2026-10-09T22:00:00Z,IFS_-028.50_-050.50,-28.5,-50.5,4.1897,0.6
2026-10-09T23:00:00Z,IFS_-028.50_-050.50,-28.5,-50.5,4.1897,0.6
2026-10-10T00:00:00Z,IFS_-028.50_-050.50,-28.5,-50.5,4.1897,0.6
2026-10-10T01:00:00Z,IFS_-028.50_-050.50,-28.5,-50.5,4.1897,1.2
2026-10-10T02:00:00Z,IFS_-028.50_-050.50,-28.5,-50.5,4.1897,1.2
2026-10-10T03:00:00Z,IFS_-028.50_-050.50,-28.5,-50.5,4.1897,1.2
2026-10-10T04:00:00Z,IFS_-028.50_-050.50,-28.5,-50.5,4.1897,0.4
2026-10-10T05:00:00Z,IFS_-028.50_-050.50,-28.5,-50.5,4.1897,0.4
2026-10-10T06:00:00Z,IFS_-028.50_-050.50,-28.5,-50.5,4.1897,0.4
2026-10-10T07:00:00Z,IFS_-028.50_-050.50,-28.5,-50.5,4.1897,0.5
2026-10-10T08:00:00Z,IFS_-028.50_-050.50,-28.5,-50.5,4.1897,0.5
2026-10-10T09:00:00Z,IFS_-028.50_-050.50,-28.5,-50.5,4.1897,0.5
2026-10-10T10:00:00Z,IFS_-028.50_-050.50,-28.5,-50.5,4.1897,0.5
2026-10-10T11:00:00Z,IFS_-028.50_-050.50,-28.5,-50.5,4.1897,0.5
2026-10-10T12:00:00Z,IFS_-028.50_-050.50,-28.5,-50.5,4.1897,0.5
2026-10-10T13:00:00Z,IFS_-028.50_-050.50,-28.5,-50.5,4.1897,0.2
2026-10-10T14:00:00Z,IFS_-028.50_-050.50,-28.5,-50.5,4.1897,0.2
2026-10-10T15:00:00Z,IFS_-028.50_-050.50,-28.5,-50.5,4.1897,0.2
2026-10-10T16:00:00Z,IFS_-028.50_-050.50,-28.5,-50.5,4.1897,0.2
2026-10-10T17:00:00Z,IFS_-028.50_-050.50,-28.5,-50.5,4.1897,0.2
2026-10-10T18:00:00Z,IFS_-028.50_-050.50,-28.5,-50.5,4.1897,0.2
2026-10-10T19:00:00Z,IFS_-028.50_-050.50,-28.5,-50.5,4.1897,0.1
2026-10-10T20:00:00Z,IFS_-028.50_-050.50,-28.5,-50.5,4.1897,0.1
2026-10-10T21:00:00Z,IFS_-028.50_-050.50,-28.5,-50.5,4.1897,0.1
2026-10-10T22:00:00Z,IFS_-028.50_-050.50,-28.5,-50.5,4.1897,0.0
2026-10-10T23:00:00Z,IFS_-028.50_-050.50,-28.5,-50.5,4.1897,0.0
2026-10-11T00:00:00Z,IFS_-028.50_-050.50,-28.5,-50.5,4.1897,0.0
2026-10-11T01:00:00Z,IFS_-028.50_-050.50,-28.5,-50.5,4.1897,0.0
2026-10-11T02:00:00Z,IFS_-028.50_-050.50,-28.5,-50.5,4.1897,0.0
2026-10-11T03:00:00Z,IFS_-028.50_-050.50,-28.5,-50.5,4.1897,0.0
2026-10-11T04:00:00Z,IFS_-028.50_-050.50,-28.5,-50.5,4.1897,0.0
2026-10-11T05:00:00Z,IFS_-028.50_-050.50,-28.5,-50.5,4.1897,0.0
2026-10-11T06:00:00Z,IFS_-028.50_-050.50,-28.5,-50.5,4.1897,0.0
2026-10-11T07:00:00Z,IFS_-028.50_-050.50,-28.5,-50.5,4.1897,0.0
2026-10-11T08:00:00Z,IFS_-028.50_-050.50,-28.5,-50.5,4.1897,0.0
2026-10-11T09:00:00Z,IFS_-028.50_-050.50,-28.5,-50.5,4.1897,0.0
2026-10-11T10:00:00Z,IFS_-028.50_-050.50,-28.5,-50.5,4.1897,0.1
2026-10-11T11:00:00Z,IFS_-028.50_-050.50,-28.5,-50.5,4.1897,0.1
2026-10-11T12:00:00Z,IFS_-028.50_-050.50,-28.5,-50.5,4.1897,0.1
2026-10-11T13:00:00Z,IFS_-028.50_-050.50,-28.5,-50.5,4.1897,3.0
2026-10-11T14:00:00Z,IFS_-028.50_-050.50,-28.5,-50.5,4.1897,3.0
2026-10-11T15:00:00Z,IFS_-028.50_-050.50,-28.5,-50.5,4.1897,3.0
2026-10-11T16:00:00Z,IFS_-028.50_-050.50,-28.5,-50.5,4.1897,0.6
2026-10-11T17:00:00Z,IFS_-028.50_-050.50,-28.5,-50.5,4.1897,0.6
2026-10-11T18:00:00Z,IFS_-028.50_-050.50,-28.5,-50.5,4.1897,0.6
2026-10-11T19:00:00Z,IFS_-028.50_-050.50,-28.5,-50.5,4.1897,0.0
2026-10-11T20:00:00Z,IFS_-028.50_-050.50,-28.5,-50.5,4.1897,0.0
2026-10-11T21:00:00Z,IFS_-028.50_-050.50,-28.5,-50.5,4.1897,0.0
2026-10-11T22:00:00Z,IFS_-028.50_-050.50,-28.5,-50.5,4.1897,0.0
2026-10-11T23:00:00Z,IFS_-028.50_-050.50,-28.5,-50.5,4.1897,0.0
2026-10-12T00:00:00Z,IFS_-028.50_-050.50,-28.5,-50.5,4.1897,0.0
2026-10-12T01:00:00Z,IFS_-028.50_-050.50,-28.5,-50.5,4.1897,0.0
2026-10-12T02:00:00Z,IFS_-028.50_-050.50,-28.5,-50.5,4.1897,0.0
2026-10-12T03:00:00Z,IFS_-028.50_-050.50,-28.5,-50.5,4.1897,0.0
2026-10-12T04:00:00Z,IFS_-028.50_-050.50,-28.5,-50.5,4.1897,0.4
2026-10-12T05:00:00Z,IFS_-028.50_-050.50,-28.5,-50.5,4.1897,0.4
2026-10-12T06:00:00Z,IFS_-028.50_-050.50,-28.5,-50.5,4.1897,0.4
2026-10-12T07:00:00Z,IFS_-028.50_-050.50,-28.5,-50.5,4.1897,1.7
2026-10-12T08:00:00Z,IFS_-028.50_-050.50,-28.5,-50.5,4.1897,1.7
2026-10-12T09:00:00Z,IFS_-028.50_-050.50,-28.5,-50.5,4.1897,1.7
2026-10-12T10:00:00Z,IFS_-028.50_-050.50,-28.5,-50.5,4.1897,0.7
2026-10-12T11:00:00Z,IFS_-028.50_-050.50,-28.5,-50.5,4.1897,0.7
2026-10-12T12:00:00Z,IFS_-028.50_-050.50,-28.5,-50.5,4.1897,0.7
2026-10-12T13:00:00Z,IFS_-028.50_-050.50,-28.5,-50.5,4.1897,0.4
2026-10-12T14:00:00Z,IFS_-028.50_-050.50,-28.5,-50.5,4.1897,0.4
2026-10-12T15:00:00Z,IFS_-028.50_-050.50,-28.5,-50.5,4.1897,0.4
2026-10-12T16:00:00Z,IFS_-028.50_-050.50,-28.5,-50.5,4.1897,0.3
2026-10-12T17:00:00Z,IFS_-028.50_-050.50,-28.5,-50.5,4.1897,0.3
2026-10-12T18:00:00Z,IFS_-028.50_-050.50,-28.5,-50.5,4.1897,0.3
2026-10-12T19:00:00Z,IFS_-028.50_-050.50,-28.5,-50.5,4.1897,0.2
2026-10-12T20:00:00Z,IFS_-028.50_-050.50,-28.5,-50.5,4.1897,0.2
2026-10-12T21:00:00Z,IFS_-028.50_-050.50,-28.5,-50.5,4.1897,0.2
2026-10-12T22:00:00Z,IFS_-028.50_-050.50,-28.5,-50.5,4.1897,0.1
2026-10-12T23:00:00Z,IFS_-028.50_-050.50,-28.5,-50.5,4.1897,0.1
2026-10-13T00:00:00Z,IFS_-028.50_-050.50,-28.5,-50.5,4.1897,0.1
2026-10-13T01:00:00Z,IFS_-028.50_-050.50,-28.5,-50.5,4.1897,0.2
2026-10-08T02:00:00Z,IFS_-028.25_-052.00,-28.25,-52.0,65.657,0.0
2026-10-08T03:00:00Z,IFS_-028.25_-052.00,-28.25,-52.0,65.657,0.0
2026-10-08T04:00:00Z,IFS_-028.25_-052.00,-28.25,-52.0,65.657,0.0
2026-10-08T05:00:00Z,IFS_-028.25_-052.00,-28.25,-52.0,65.657,0.0
2026-10-08T06:00:00Z,IFS_-028.25_-052.00,-28.25,-52.0,65.657,0.0
2026-10-08T07:00:00Z,IFS_-028.25_-052.00,-28.25,-52.0,65.657,0.2
2026-10-08T08:00:00Z,IFS_-028.25_-052.00,-28.25,-52.0,65.657,0.2
2026-10-08T09:00:00Z,IFS_-028.25_-052.00,-28.25,-52.0,65.657,0.2
2026-10-08T10:00:00Z,IFS_-028.25_-052.00,-28.25,-52.0,65.657,0.1
2026-10-08T11:00:00Z,IFS_-028.25_-052.00,-28.25,-52.0,65.657,0.1
2026-10-08T12:00:00Z,IFS_-028.25_-052.00,-28.25,-52.0,65.657,0.1
2026-10-08T13:00:00Z,IFS_-028.25_-052.00,-28.25,-52.0,65.657,1.2
2026-10-08T14:00:00Z,IFS_-028.25_-052.00,-28.25,-52.0,65.657,1.2
2026-10-08T15:00:00Z,IFS_-028.25_-052.00,-28.25,-52.0,65.657,1.2
2026-10-08T16:00:00Z,IFS_-028.25_-052.00,-28.25,-52.0,65.657,1.3
2026-10-08T17:00:00Z,IFS_-028.25_-052.00,-28.25,-52.0,65.657,1.3
2026-10-08T18:00:00Z,IFS_-028.25_-052.00,-28.25,-52.0,65.657,1.3
2026-10-08T19:00:00Z,IFS_-028.25_-052.00,-28.25,-52.0,65.657,0.2
2026-10-08T20:00:00Z,IFS_-028.25_-052.00,-28.25,-52.0,65.657,0.2
2026-10-08T21:00:00Z,IFS_-028.25_-052.00,-28.25,-52.0,65.657,0.2
2026-10-08T22:00:00Z,IFS_-028.25_-052.00,-28.25,-52.0,65.657,0.0
2026-10-08T23:00:00Z,IFS_-028.25_-052.00,-28.25,-52.0,65.657,0.0
2026-10-09T00:00:00Z,IFS_-028.25_-052.00,-28.25,-52.0,65.657,0.0
2026-10-09T01:00:00Z,IFS_-028.25_-052.00,-28.25,-52.0,65.657,0.1
2026-10-09T02:00:00Z,IFS_-028.25_-052.00,-28.25,-52.0,65.657,0.1
2026-10-09T03:00:00Z,IFS_-028.25_-052.00,-28.25,-52.0,65.657,0.1
2026-10-09T04:00:00Z,IFS_-028.25_-052.00,-28.25,-52.0,65.657,0.1
2026-10-09T05:00:00Z,IFS_-028.25_-052.00,-28.25,-52.0,65.657,0.1
2026-10-09T06:00:00Z,IFS_-028.25_-052.00,-28.25,-52.0,65.657,0.1
2026-10-09T07:00:00Z,IFS_-028.25_-052.00,-28.25,-52.0,65.657,3.1
2026-10-09T08:00:00Z,IFS_-028.25_-052.00,-28.25,-52.0,65.657,3.1
2026-10-09T09:00:00Z,IFS_-028.25_-052.00,-28.25,-52.0,65.657,3.1
2026-10-09T10:00:00Z,IFS_-028.25_-052.00,-28.25,-52.0,65.657,4.9
2026-10-09T11:00:00Z,IFS_-028.25_-052.00,-28.25,-52.0,65.657,4.9
2026-10-09T12:00:00Z,IFS_-028.25_-052.00,-28.25,-52.0,65.657,4.9
2026-10-09T13:00:00Z,IFS_-028.25_-052.00,-28.25,-52.0,65.657,2.8
2026-10-09T14:00:00Z,IFS_-028.25_-052.00,-28.25,-52.0,65.657,2.8
2026-10-09T15:00:00Z,IFS_-028.25_-052.00,-28.25,-52.0,65.657,2.8
2026-10-09T16:00:00Z,IFS_-028.25_-052.00,-28.25,-52.0,65.657,0.7
2026-10-09T17:00:00Z,IFS_-028.25_-052.00,-28.25,-52.0,65.657,0.7
2026-10-09T18:00:00Z,IFS_-028.25_-052.00,-28.25,-52.0,65.657,0.7
2026-10-09T19:00:00Z,IFS_-028.25_-052.00,-28.25,-52.0,65.657,0.8
2026-10-09T20:00:00Z,IFS_-028.25_-052.00,-28.25,-52.0,65.657,0.8
2026-10-09T21:00:00Z,IFS_-028.25_-052.00,-28.25,-52.0,65.657,0.8
2026-10-09T22:00:00Z,IFS_-028.25_-052.00,-28.25,-52.0,65.657,1.5
2026-10-09T23:00:00Z,IFS_-028.25_-052.00,-28.25,-52.0,65.657,1.5
2026-10-10T00:00:00Z,IFS_-028.25_-052.00,-28.25,-52.0,65.657,1.5
2026-10-10T01:00:00Z,IFS_-028.25_-052.00,-28.25,-52.0,65.657,0.0
2026-10-10T02:00:00Z,IFS_-028.25_-052.00,-28.25,-52.0,65.657,0.0
2026-10-10T03:00:00Z,IFS_-028.25_-052.00,-28.25,-52.0,65.657,0.0
2026-10-10T04:00:00Z,IFS_-028.25_-052.00,-28.25,-52.0,65.657,1.8
2026-10-10T05:00:00Z,IFS_-028.25_-052.00,-28.25,-52.0,65.657,1.8
2026-10-10T06:00:00Z,IFS_-028.25_-052.00,-28.25,-52.0,65.657,1.8
2026-10-10T07:00:00Z,IFS_-028.25_-052.00,-28.25,-52.0,65.657,1.9
2026-10-10T08:00:00Z,IFS_-028.25_-052.00,-28.25,-52.0,65.657,1.9
2026-10-10T09:00:00Z,IFS_-028.25_-052.00,-28.25,-52.0,65.657,1.9
2026-10-10T10:00:00Z,IFS_-028.25_-052.00,-28.25,-52.0,65.657,4.3
2026-10-10T11:00:00Z,IFS_-028.25_-052.00,-28.25,-52.0,65.657,4.3
2026-10-10T12:00:00Z,IFS_-028.25_-052.00,-28.25,-52.0,65.657,4.3
2026-10-10T13:00:00Z,IFS_-028.25_-052.00,-28.25,-52.0,65.657,0.2
2026-10-10T14:00:00Z,IFS_-028.25_-052.00,-28.25,-52.0,65.657,0.2
2026-10-10T15:00:00Z,IFS_-028.25_-052.00,-28.25,-52.0,65.657,0.2
2026-10-10T16:00:00Z,IFS_-028.25_-052.00,-28.25,-52.0,65.657,0.2
2026-10-10T17:00:00Z,IFS_-028.25_-052.00,-28.25,-52.0,65.657,0.2
2026-10-10T18:00:00Z,IFS_-028.25_-052.00,-28.25,-52.0,65.657,0.2
2026-10-10T19:00:00Z,IFS_-028.25_-052.00,-28.25,-52.0,65.657,0.0
2026-10-10T20:00:00Z,IFS_-028.25_-052.00,-28.25,-52.0,65.657,0.0
2026-10-10T21:00:00Z,IFS_-028.25_-052.00,-28.25,-52.0,65.657,0.0
2026-10-10T22:00:00Z,IFS_-028.25_-052.00,-28.25,-52.0,65.657,0.0
2026-10-10T23:00:00Z,IFS_-028.25_-052.00,-28.25,-52.0,65.657,0.0
2026-10-11T00:00:00Z,IFS_-028.25_-052.00,-28.25,-52.0,65.657,0.0
2026-10-11T01:00:00Z,IFS_-028.25_-052.00,-28.25,-52.0,65.657,0.0
2026-10-11T02:00:00Z,IFS_-028.25_-052.00,-28.25,-52.0,65.657,0.0
2026-10-11T03:00:00Z,IFS_-028.25_-052.00,-28.25,-52.0,65.657,0.0
2026-10-11T04:00:00Z,IFS_-028.25_-052.00,-28.25,-52.0,65.657,0.0
2026-10-11T05:00:00Z,IFS_-028.25_-052.00,-28.25,-52.0,65.657,0.0
2026-10-11T06:00:00Z,IFS_-028.25_-052.00,-28.25,-52.0,65.657,0.0
2026-10-11T07:00:00Z,IFS_-028.25_-052.00,-28.25,-52.0,65.657,0.0
2026-10-11T08:00:00Z,IFS_-028.25_-052.00,-28.25,-52.0,65.657,0.0
2026-10-11T09:00:00Z,IFS_-028.25_-052.00,-28.25,-52.0,65.657,0.0
2026-10-11T10:00:00Z,IFS_-028.25_-052.00,-28.25,-52.0,65.657,0.3
2026-10-11T11:00:00Z,IFS_-028.25_-052.00,-28.25,-52.0,65.657,0.3
2026-10-11T12:00:00Z,IFS_-028.25_-052.00,-28.25,-52.0,65.657,0.3
2026-10-11T13:00:00Z,IFS_-028.25_-052.00,-28.25,-52.0,65.657,2.5
2026-10-11T14:00:00Z,IFS_-028.25_-052.00,-28.25,-52.0,65.657,2.5
2026-10-11T15:00:00Z,IFS_-028.25_-052.00,-28.25,-52.0,65.657,2.5
2026-10-11T16:00:00Z,IFS_-028.25_-052.00,-28.25,-52.0,65.657,0.4
2026-10-11T17:00:00Z,IFS_-028.25_-052.00,-28.25,-52.0,65.657,0.4
2026-10-11T18:00:00Z,IFS_-028.25_-052.00,-28.25,-52.0,65.657,0.4
2026-10-11T19:00:00Z,IFS_-028.25_-052.00,-28.25,-52.0,65.657,0.0
2026-10-11T20:00:00Z,IFS_-028.25_-052.00,-28.25,-52.0,65.657,0.0
2026-10-11T21:00:00Z,IFS_-028.25_-052.00,-28.25,-52.0,65.657,0.0
2026-10-11T22:00:00Z,IFS_-028.25_-052.00,-28.25,-52.0,65.657,0.0
2026-10-11T23:00:00Z,IFS_-028.25_-052.00,-28.25,-52.0,65.657,0.0
2026-10-12T00:00:00Z,IFS_-028.25_-052.00,-28.25,-52.0,65.657,0.0
2026-10-12T01:00:00Z,IFS_-028.25_-052.00,-28.25,-52.0,65.657,0.0
2026-10-12T02:00:00Z,IFS_-028.25_-052.00,-28.25,-52.0,65.657,0.0
2026-10-12T03:00:00Z,IFS_-028.25_-052.00,-28.25,-52.0,65.657,0.0
2026-10-12T04:00:00Z,IFS_-028.25_-052.00,-28.25,-52.0,65.657,1.6
2026-10-12T05:00:00Z,IFS_-028.25_-052.00,-28.25,-52.0,65.657,1.6
2026-10-12T06:00:00Z,IFS_-028.25_-052.00,-28.25,-52.0,65.657,1.6
2026-10-12T07:00:00Z,IFS_-028.25_-052.00,-28.25,-52.0,65.657,0.4
2026-10-12T08:00:00Z,IFS_-028.25_-052.00,-28.25,-52.0,65.657,0.4
2026-10-12T09:00:00Z,IFS_-028.25_-052.00,-28.25,-52.0,65.657,0.4
2026-10-12T10:00:00Z,IFS_-028.25_-052.00,-28.25,-52.0,65.657,0.7
2026-10-12T11:00:00Z,IFS_-028.25_-052.00,-28.25,-52.0,65.657,0.7
2026-10-12T12:00:00Z,IFS_-028.25_-052.00,-28.25,-52.0,65.657,0.7
2026-10-12T13:00:00Z,IFS_-028.25_-052.00,-28.25,-52.0,65.657,0.2
2026-10-12T14:00:00Z,IFS_-028.25_-052.00,-28.25,-52.0,65.657,0.2
2026-10-12T15:00:00Z,IFS_-028.25_-052.00,-28.25,-52.0,65.657,0.2
2026-10-12T16:00:00Z,IFS_-028.25_-052.00,-28.25,-52.0,65.657,0.0
2026-10-12T17:00:00Z,IFS_-028.25_-052.00,-28.25,-52.0,65.657,0.0
2026-10-12T18:00:00Z,IFS_-028.25_-052.00,-28.25,-52.0,65.657,0.0
2026-10-12T19:00:00Z,IFS_-028.25_-052.00,-28.25,-52.0,65.657,1.5
2026-10-12T20:00:00Z,IFS_-028.25_-052.00,-28.25,-52.0,65.657,1.5
2026-10-12T21:00:00Z,IFS_-028.25_-052.00,-28.25,-52.0,65.657,1.5
2026-10-12T22:00:00Z,IFS_-028.25_-052.00,-28.25,-52.0,65.657,0.1
2026-10-12T23:00:00Z,IFS_-028.25_-052.00,-28.25,-52.0,65.657,0.1
2026-10-13T00:00:00Z,IFS_-028.25_-052.00,-28.25,-52.0,65.657,0.1
2026-10-13T01:00:00Z,IFS_-028.25_-052.00,-28.25,-52.0,65.657,0.3
2026-10-08T02:00:00Z,IFS_-028.25_-051.75,-28.25,-51.75,226.1135,0.0
2026-10-08T03:00:00Z,IFS_-028.25_-051.75,-28.25,-51.75,226.1135,0.0
2026-10-08T04:00:00Z,IFS_-028.25_-051.75,-28.25,-51.75,226.1135,0.0
2026-10-08T05:00:00Z,IFS_-028.25_-051.75,-28.25,-51.75,226.1135,0.0
2026-10-08T06:00:00Z,IFS_-028.25_-051.75,-28.25,-51.75,226.1135,0.0
2026-10-08T07:00:00Z,IFS_-028.25_-051.75,-28.25,-51.75,226.1135,0.2
2026-10-08T08:00:00Z,IFS_-028.25_-051.75,-28.25,-51.75,226.1135,0.2
2026-10-08T09:00:00Z,IFS_-028.25_-051.75,-28.25,-51.75,226.1135,0.2
2026-10-08T10:00:00Z,IFS_-028.25_-051.75,-28.25,-51.75,226.1135,0.1
2026-10-08T11:00:00Z,IFS_-028.25_-051.75,-28.25,-51.75,226.1135,0.1
2026-10-08T12:00:00Z,IFS_-028.25_-051.75,-28.25,-51.75,226.1135,0.1
2026-10-08T13:00:00Z,IFS_-028.25_-051.75,-28.25,-51.75,226.1135,1.0
2026-10-08T14:00:00Z,IFS_-028.25_-051.75,-28.25,-51.75,226.1135,1.0
2026-10-08T15:00:00Z,IFS_-028.25_-051.75,-28.25,-51.75,226.1135,1.0
2026-10-08T16:00:00Z,IFS_-028.25_-051.75,-28.25,-51.75,226.1135,0.9
2026-10-08T17:00:00Z,IFS_-028.25_-051.75,-28.25,-51.75,226.1135,0.9
2026-10-08T18:00:00Z,IFS_-028.25_-051.75,-28.25,-51.75,226.1135,0.9
2026-10-08T19:00:00Z,IFS_-028.25_-051.75,-28.25,-51.75,226.1135,0.2
2026-10-08T20:00:00Z,IFS_-028.25_-051.75,-28.25,-51.75,226.1135,0.2
2026-10-08T21:00:00Z,IFS_-028.25_-051.75,-28.25,-51.75,226.1135,0.2
2026-10-08T22:00:00Z,IFS_-028.25_-051.75,-28.25,-51.75,226.1135,0.0
2026-10-08T23:00:00Z,IFS_-028.25_-051.75,-28.25,-51.75,226.1135,0.0
2026-10-09T00:00:00Z,IFS_-028.25_-051.75,-28.25,-51.75,226.1135,0.0
2026-10-09T01:00:00Z,IFS_-028.25_-051.75,-28.25,-51.75,226.1135,0.0
2026-10-09T02:00:00Z,IFS_-028.25_-051.75,-28.25,-51.75,226.1135,0.0
2026-10-09T03:00:00Z,IFS_-028.25_-051.75,-28.25,-51.75,226.1135,0.0
2026-10-09T04:00:00Z,IFS_-028.25_-051.75,-28.25,-51.75,226.1135,0.1
2026-10-09T05:00:00Z,IFS_-028.25_-051.75,-28.25,-51.75,226.1135,0.1
2026-10-09T06:00:00Z,IFS_-028.25_-051.75,-28.25,-51.75,226.1135,0.1
2026-10-09T07:00:00Z,IFS_-028.25_-051.75,-28.25,-51.75,226.1135,0.8
2026-10-09T08:00:00Z,IFS_-028.25_-051.75,-28.25,-51.75,226.1135,0.8
2026-10-09T09:00:00Z,IFS_-028.25_-051.75,-28.25,-51.75,226.1135,0.8
2026-10-09T10:00:00Z,IFS_-028.25_-051.75,-28.25,-51.75,226.1135,4.5
2026-10-09T11:00:00Z,IFS_-028.25_-051.75,-28.25,-51.75,226.1135,4.5
2026-10-09T12:00:00Z,IFS_-028.25_-051.75,-28.25,-51.75,226.1135,4.5
2026-10-09T13:00:00Z,IFS_-028.25_-051.75,-28.25,-51.75,226.1135,3.1
2026-10-09T14:00:00Z,IFS_-028.25_-051.75,-28.25,-51.75,226.1135,3.1
2026-10-09T15:00:00Z,IFS_-028.25_-051.75,-28.25,-51.75,226.1135,3.1
2026-10-09T16:00:00Z,IFS_-028.25_-051.75,-28.25,-51.75,226.1135,1.0
2026-10-09T17:00:00Z,IFS_-028.25_-051.75,-28.25,-51.75,226.1135,1.0
2026-10-09T18:00:00Z,IFS_-028.25_-051.75,-28.25,-51.75,226.1135,1.0
2026-10-09T19:00:00Z,IFS_-028.25_-051.75,-28.25,-51.75,226.1135,1.2
2026-10-09T20:00:00Z,IFS_-028.25_-051.75,-28.25,-51.75,226.1135,1.2
2026-10-09T21:00:00Z,IFS_-028.25_-051.75,-28.25,-51.75,226.1135,1.2
2026-10-09T22:00:00Z,IFS_-028.25_-051.75,-28.25,-51.75,226.1135,2.0
2026-10-09T23:00:00Z,IFS_-028.25_-051.75,-28.25,-51.75,226.1135,2.0
2026-10-10T00:00:00Z,IFS_-028.25_-051.75,-28.25,-51.75,226.1135,2.0
2026-10-10T01:00:00Z,IFS_-028.25_-051.75,-28.25,-51.75,226.1135,0.1
2026-10-10T02:00:00Z,IFS_-028.25_-051.75,-28.25,-51.75,226.1135,0.1
2026-10-10T03:00:00Z,IFS_-028.25_-051.75,-28.25,-51.75,226.1135,0.1
2026-10-10T04:00:00Z,IFS_-028.25_-051.75,-28.25,-51.75,226.1135,1.2
2026-10-10T05:00:00Z,IFS_-028.25_-051.75,-28.25,-51.75,226.1135,1.2
2026-10-10T06:00:00Z,IFS_-028.25_-051.75,-28.25,-51.75,226.1135,1.2
2026-10-10T07:00:00Z,IFS_-028.25_-051.75,-28.25,-51.75,226.1135,1.6
2026-10-10T08:00:00Z,IFS_-028.25_-051.75,-28.25,-51.75,226.1135,1.6
2026-10-10T09:00:00Z,IFS_-028.25_-051.75,-28.25,-51.75,226.1135,1.6
2026-10-10T10:00:00Z,IFS_-028.25_-051.75,-28.25,-51.75,226.1135,2.0
2026-10-10T11:00:00Z,IFS_-028.25_-051.75,-28.25,-51.75,226.1135,2.0
2026-10-10T12:00:00Z,IFS_-028.25_-051.75,-28.25,-51.75,226.1135,2.0
2026-10-10T13:00:00Z,IFS_-028.25_-051.75,-28.25,-51.75,226.1135,0.2
2026-10-10T14:00:00Z,IFS_-028.25_-051.75,-28.25,-51.75,226.1135,0.2
2026-10-10T15:00:00Z,IFS_-028.25_-051.75,-28.25,-51.75,226.1135,0.2
2026-10-10T16:00:00Z,IFS_-028.25_-051.75,-28.25,-51.75,226.1135,0.2
2026-10-10T17:00:00Z,IFS_-028.25_-051.75,-28.25,-51.75,226.1135,0.2
2026-10-10T18:00:00Z,IFS_-028.25_-051.75,-28.25,-51.75,226.1135,0.2
2026-10-10T19:00:00Z,IFS_-028.25_-051.75,-28.25,-51.75,226.1135,0.0
2026-10-10T20:00:00Z,IFS_-028.25_-051.75,-28.25,-51.75,226.1135,0.0
2026-10-10T21:00:00Z,IFS_-028.25_-051.75,-28.25,-51.75,226.1135,0.0
2026-10-10T22:00:00Z,IFS_-028.25_-051.75,-28.25,-51.75,226.1135,0.0
2026-10-10T23:00:00Z,IFS_-028.25_-051.75,-28.25,-51.75,226.1135,0.0
2026-10-11T00:00:00Z,IFS_-028.25_-051.75,-28.25,-51.75,226.1135,0.0
2026-10-11T01:00:00Z,IFS_-028.25_-051.75,-28.25,-51.75,226.1135,0.0
2026-10-11T02:00:00Z,IFS_-028.25_-051.75,-28.25,-51.75,226.1135,0.0
2026-10-11T03:00:00Z,IFS_-028.25_-051.75,-28.25,-51.75,226.1135,0.0
2026-10-11T04:00:00Z,IFS_-028.25_-051.75,-28.25,-51.75,226.1135,0.0
2026-10-11T05:00:00Z,IFS_-028.25_-051.75,-28.25,-51.75,226.1135,0.0
2026-10-11T06:00:00Z,IFS_-028.25_-051.75,-28.25,-51.75,226.1135,0.0
2026-10-11T07:00:00Z,IFS_-028.25_-051.75,-28.25,-51.75,226.1135,0.0
2026-10-11T08:00:00Z,IFS_-028.25_-051.75,-28.25,-51.75,226.1135,0.0
2026-10-11T09:00:00Z,IFS_-028.25_-051.75,-28.25,-51.75,226.1135,0.0
2026-10-11T10:00:00Z,IFS_-028.25_-051.75,-28.25,-51.75,226.1135,0.1
2026-10-11T11:00:00Z,IFS_-028.25_-051.75,-28.25,-51.75,226.1135,0.1
2026-10-11T12:00:00Z,IFS_-028.25_-051.75,-28.25,-51.75,226.1135,0.1
2026-10-11T13:00:00Z,IFS_-028.25_-051.75,-28.25,-51.75,226.1135,5.7
2026-10-11T14:00:00Z,IFS_-028.25_-051.75,-28.25,-51.75,226.1135,5.7
2026-10-11T15:00:00Z,IFS_-028.25_-051.75,-28.25,-51.75,226.1135,5.7
2026-10-11T16:00:00Z,IFS_-028.25_-051.75,-28.25,-51.75,226.1135,2.2
2026-10-11T17:00:00Z,IFS_-028.25_-051.75,-28.25,-51.75,226.1135,2.2
2026-10-11T18:00:00Z,IFS_-028.25_-051.75,-28.25,-51.75,226.1135,2.2
2026-10-11T19:00:00Z,IFS_-028.25_-051.75,-28.25,-51.75,226.1135,0.0
2026-10-11T20:00:00Z,IFS_-028.25_-051.75,-28.25,-51.75,226.1135,0.0
2026-10-11T21:00:00Z,IFS_-028.25_-051.75,-28.25,-51.75,226.1135,0.0
2026-10-11T22:00:00Z,IFS_-028.25_-051.75,-28.25,-51.75,226.1135,0.0
2026-10-11T23:00:00Z,IFS_-028.25_-051.75,-28.25,-51.75,226.1135,0.0
2026-10-12T00:00:00Z,IFS_-028.25_-051.75,-28.25,-51.75,226.1135,0.0
2026-10-12T01:00:00Z,IFS_-028.25_-051.75,-28.25,-51.75,226.1135,0.0
2026-10-12T02:00:00Z,IFS_-028.25_-051.75,-28.25,-51.75,226.1135,0.0
2026-10-12T03:00:00Z,IFS_-028.25_-051.75,-28.25,-51.75,226.1135,0.0
2026-10-12T04:00:00Z,IFS_-028.25_-051.75,-28.25,-51.75,226.1135,1.0
2026-10-12T05:00:00Z,IFS_-028.25_-051.75,-28.25,-51.75,226.1135,1.0
2026-10-12T06:00:00Z,IFS_-028.25_-051.75,-28.25,-51.75,226.1135,1.0
2026-10-12T07:00:00Z,IFS_-028.25_-051.75,-28.25,-51.75,226.1135,5.9
2026-10-12T08:00:00Z,IFS_-028.25_-051.75,-28.25,-51.75,226.1135,5.9
2026-10-12T09:00:00Z,IFS_-028.25_-051.75,-28.25,-51.75,226.1135,5.9
2026-10-12T10:00:00Z,IFS_-028.25_-051.75,-28.25,-51.75,226.1135,6.8
2026-10-12T11:00:00Z,IFS_-028.25_-051.75,-28.25,-51.75,226.1135,6.8
2026-10-12T12:00:00Z,IFS_-028.25_-051.75,-28.25,-51.75,226.1135,6.8
2026-10-12T13:00:00Z,IFS_-028.25_-051.75,-28.25,-51.75,226.1135,0.2
2026-10-12T14:00:00Z,IFS_-028.25_-051.75,-28.25,-51.75,226.1135,0.2
2026-10-12T15:00:00Z,IFS_-028.25_-051.75,-28.25,-51.75,226.1135,0.2
2026-10-12T16:00:00Z,IFS_-028.25_-051.75,-28.25,-51.75,226.1135,0.1
2026-10-12T17:00:00Z,IFS_-028.25_-051.75,-28.25,-51.75,226.1135,0.1
2026-10-12T18:00:00Z,IFS_-028.25_-051.75,-28.25,-51.75,226.1135,0.1
2026-10-12T19:00:00Z,IFS_-028.25_-051.75,-28.25,-51.75,226.1135,1.9
2026-10-12T20:00:00Z,IFS_-028.25_-051.75,-28.25,-51.75,226.1135,1.9
2026-10-12T21:00:00Z,IFS_-028.25_-051.75,-28.25,-51.75,226.1135,1.9
2026-10-12T22:00:00Z,IFS_-028.25_-051.75,-28.25,-51.75,226.1135,0.1
2026-10-12T23:00:00Z,IFS_-028.25_-051.75,-28.25,-51.75,226.1135,0.1
2026-10-13T00:00:00Z,IFS_-028.25_-051.75,-28.25,-51.75,226.1135,0.1
2026-10-13T01:00:00Z,IFS_-028.25_-051.75,-28.25,-51.75,226.1135,0.1
2026-10-08T02:00:00Z,IFS_-028.25_-051.50,-28.25,-51.5,219.7838,0.0
2026-10-08T03:00:00Z,IFS_-028.25_-051.50,-28.25,-51.5,219.7838,0.0
2026-10-08T04:00:00Z,IFS_-028.25_-051.50,-28.25,-51.5,219.7838,0.0
2026-10-08T05:00:00Z,IFS_-028.25_-051.50,-28.25,-51.5,219.7838,0.0
2026-10-08T06:00:00Z,IFS_-028.25_-051.50,-28.25,-51.5,219.7838,0.0
2026-10-08T07:00:00Z,IFS_-028.25_-051.50,-28.25,-51.5,219.7838,0.0
2026-10-08T08:00:00Z,IFS_-028.25_-051.50,-28.25,-51.5,219.7838,0.0
2026-10-08T09:00:00Z,IFS_-028.25_-051.50,-28.25,-51.5,219.7838,0.0
2026-10-08T10:00:00Z,IFS_-028.25_-051.50,-28.25,-51.5,219.7838,0.1
2026-10-08T11:00:00Z,IFS_-028.25_-051.50,-28.25,-51.5,219.7838,0.1
2026-10-08T12:00:00Z,IFS_-028.25_-051.50,-28.25,-51.5,219.7838,0.1
2026-10-08T13:00:00Z,IFS_-028.25_-051.50,-28.25,-51.5,219.7838,0.5
2026-10-08T14:00:00Z,IFS_-028.25_-051.50,-28.25,-51.5,219.7838,0.5
2026-10-08T15:00:00Z,IFS_-028.25_-051.50,-28.25,-51.5,219.7838,0.5
2026-10-08T16:00:00Z,IFS_-028.25_-051.50,-28.25,-51.5,219.7838,1.3
2026-10-08T17:00:00Z,IFS_-028.25_-051.50,-28.25,-51.5,219.7838,1.3
2026-10-08T18:00:00Z,IFS_-028.25_-051.50,-28.25,-51.5,219.7838,1.3
2026-10-08T19:00:00Z,IFS_-028.25_-051.50,-28.25,-51.5,219.7838,0.3
2026-10-08T20:00:00Z,IFS_-028.25_-051.50,-28.25,-51.5,219.7838,0.3
2026-10-08T21:00:00Z,IFS_-028.25_-051.50,-28.25,-51.5,219.7838,0.3
2026-10-08T22:00:00Z,IFS_-028.25_-051.50,-28.25,-51.5,219.7838,0.0
2026-10-08T23:00:00Z,IFS_-028.25_-051.50,-28.25,-51.5,219.7838,0.0
2026-10-09T00:00:00Z,IFS_-028.25_-051.50,-28.25,-51.5,219.7838,0.0
2026-10-09T01:00:00Z,IFS_-028.25_-051.50,-28.25,-51.5,219.7838,0.0
2026-10-09T02:00:00Z,IFS_-028.25_-051.50,-28.25,-51.5,219.7838,0.0
2026-10-09T03:00:00Z,IFS_-028.25_-051.50,-28.25,-51.5,219.7838,0.0
2026-10-09T04:00:00Z,IFS_-028.25_-051.50,-28.25,-51.5,219.7838,0.0
2026-10-09T05:00:00Z,IFS_-028.25_-051.50,-28.25,-51.5,219.7838,0.0
2026-10-09T06:00:00Z,IFS_-028.25_-051.50,-28.25,-51.5,219.7838,0.0
2026-10-09T07:00:00Z,IFS_-028.25_-051.50,-28.25,-51.5,219.7838,0.0
2026-10-09T08:00:00Z,IFS_-028.25_-051.50,-28.25,-51.5,219.7838,0.0
2026-10-09T09:00:00Z,IFS_-028.25_-051.50,-28.25,-51.5,219.7838,0.0
2026-10-09T10:00:00Z,IFS_-028.25_-051.50,-28.25,-51.5,219.7838,3.3
2026-10-09T11:00:00Z,IFS_-028.25_-051.50,-28.25,-51.5,219.7838,3.3
2026-10-09T12:00:00Z,IFS_-028.25_-051.50,-28.25,-51.5,219.7838,3.3
2026-10-09T13:00:00Z,IFS_-028.25_-051.50,-28.25,-51.5,219.7838,2.5
2026-10-09T14:00:00Z,IFS_-028.25_-051.50,-28.25,-51.5,219.7838,2.5
2026-10-09T15:00:00Z,IFS_-028.25_-051.50,-28.25,-51.5,219.7838,2.5
2026-10-09T16:00:00Z,IFS_-028.25_-051.50,-28.25,-51.5,219.7838,1.5
2026-10-09T17:00:00Z,IFS_-028.25_-051.50,-28.25,-51.5,219.7838,1.5
2026-10-09T18:00:00Z,IFS_-028.25_-051.50,-28.25,-51.5,219.7838,1.5
2026-10-09T19:00:00Z,IFS_-028.25_-051.50,-28.25,-51.5,219.7838,1.6
2026-10-09T20:00:00Z,IFS_-028.25_-051.50,-28.25,-51.5,219.7838,1.6
2026-10-09T21:00:00Z,IFS_-028.25_-051.50,-28.25,-51.5,219.7838,1.6
2026-10-09T22:00:00Z,IFS_-028.25_-051.50,-28.25,-51.5,219.7838,1.5
2026-10-09T23:00:00Z,IFS_-028.25_-051.50,-28.25,-51.5,219.7838,1.5
2026-10-10T00:00:00Z,IFS_-028.25_-051.50,-28.25,-51.5,219.7838,1.5
2026-10-10T01:00:00Z,IFS_-028.25_-051.50,-28.25,-51.5,219.7838,0.2
2026-10-10T02:00:00Z,IFS_-028.25_-051.50,-28.25,-51.5,219.7838,0.2
2026-10-10T03:00:00Z,IFS_-028.25_-051.50,-28.25,-51.5,219.7838,0.2
2026-10-10T04:00:00Z,IFS_-028.25_-051.50,-28.25,-51.5,219.7838,0.5
2026-10-10T05:00:00Z,IFS_-028.25_-051.50,-28.25,-51.5,219.7838,0.5
2026-10-10T06:00:00Z,IFS_-028.25_-051.50,-28.25,-51.5,219.7838,0.5
2026-10-10T07:00:00Z,IFS_-028.25_-051.50,-28.25,-51.5,219.7838,1.7
2026-10-10T08:00:00Z,IFS_-028.25_-051.50,-28.25,-51.5,219.7838,1.7
2026-10-10T09:00:00Z,IFS_-028.25_-051.50,-28.25,-51.5,219.7838,1.7
2026-10-10T10:00:00Z,IFS_-028.25_-051.50,-28.25,-51.5,219.7838,0.8
2026-10-10T11:00:00Z,IFS_-028.25_-051.50,-28.25,-51.5,219.7838,0.8
2026-10-10T12:00:00Z,IFS_-028.25_-051.50,-28.25,-51.5,219.7838,0.8
2026-10-10T13:00:00Z,IFS_-028.25_-051.50,-28.25,-51.5,219.7838,0.2
2026-10-10T14:00:00Z,IFS_-028.25_-051.50,-28.25,-51.5,219.7838,0.2
2026-10-10T15:00:00Z,IFS_-028.25_-051.50,-28.25,-51.5,219.7838,0.2
2026-10-10T16:00:00Z,IFS_-028.25_-051.50,-28.25,-51.5,219.7838,0.3
2026-10-10T17:00:00Z,IFS_-028.25_-051.50,-28.25,-51.5,219.7838,0.3
2026-10-10T18:00:00Z,IFS_-028.25_-051.50,-28.25,-51.5,219.7838,0.3
2026-10-10T19:00:00Z,IFS_-028.25_-051.50,-28.25,-51.5,219.7838,0.1
2026-10-10T20:00:00Z,IFS_-028.25_-051.50,-28.25,-51.5,219.7838,0.1
2026-10-10T21:00:00Z,IFS_-028.25_-051.50,-28.25,-51.5,219.7838,0.1
2026-10-10T22:00:00Z,IFS_-028.25_-051.50,-28.25,-51.5,219.7838,0.0
2026-10-10T23:00:00Z,IFS_-028.25_-051.50,-28.25,-51.5,219.7838,0.0
2026-10-11T00:00:00Z,IFS_-028.25_-051.50,-28.25,-51.5,219.7838,0.0
2026-10-11T01:00:00Z,IFS_-028.25_-051.50,-28.25,-51.5,219.7838,0.0
2026-10-11T02:00:00Z,IFS_-028.25_-051.50,-28.25,-51.5,219.7838,0.0
2026-10-11T03:00:00Z,IFS_-028.25_-051.50,-28.25,-51.5,219.7838,0.0
2026-10-11T04:00:00Z,IFS_-028.25_-051.50,-28.25,-51.5,219.7838,0.0
2026-10-11T05:00:00Z,IFS_-028.25_-051.50,-28.25,-51.5,219.7838,0.0
2026-10-11T06:00:00Z,IFS_-028.25_-051.50,-28.25,-51.5,219.7838,0.0
2026-10-11T07:00:00Z,IFS_-028.25_-051.50,-28.25,-51.5,219.7838,0.0
2026-10-11T08:00:00Z,IFS_-028.25_-051.50,-28.25,-51.5,219.7838,0.0
2026-10-11T09:00:00Z,IFS_-028.25_-051.50,-28.25,-51.5,219.7838,0.0
2026-10-11T10:00:00Z,IFS_-028.25_-051.50,-28.25,-51.5,219.7838,1.1
2026-10-11T11:00:00Z,IFS_-028.25_-051.50,-28.25,-51.5,219.7838,1.1
2026-10-11T12:00:00Z,IFS_-028.25_-051.50,-28.25,-51.5,219.7838,1.1
2026-10-11T13:00:00Z,IFS_-028.25_-051.50,-28.25,-51.5,219.7838,2.3
2026-10-11T14:00:00Z,IFS_-028.25_-051.50,-28.25,-51.5,219.7838,2.3
2026-10-11T15:00:00Z,IFS_-028.25_-051.50,-28.25,-51.5,219.7838,2.3
2026-10-11T16:00:00Z,IFS_-028.25_-051.50,-28.25,-51.5,219.7838,2.4
2026-10-11T17:00:00Z,IFS_-028.25_-051.50,-28.25,-51.5,219.7838,2.4
2026-10-11T18:00:00Z,IFS_-028.25_-051.50,-28.25,-51.5,219.7838,2.4
2026-10-11T19:00:00Z,IFS_-028.25_-051.50,-28.25,-51.5,219.7838,0.0
2026-10-11T20:00:00Z,IFS_-028.25_-051.50,-28.25,-51.5,219.7838,0.0
2026-10-11T21:00:00Z,IFS_-028.25_-051.50,-28.25,-51.5,219.7838,0.0
2026-10-11T22:00:00Z,IFS_-028.25_-051.50,-28.25,-51.5,219.7838,0.0
2026-10-11T23:00:00Z,IFS_-028.25_-051.50,-28.25,-51.5,219.7838,0.0
2026-10-12T00:00:00Z,IFS_-028.25_-051.50,-28.25,-51.5,219.7838,0.0
2026-10-12T01:00:00Z,IFS_-028.25_-051.50,-28.25,-51.5,219.7838,0.0
2026-10-12T02:00:00Z,IFS_-028.25_-051.50,-28.25,-51.5,219.7838,0.0
2026-10-12T03:00:00Z,IFS_-028.25_-051.50,-28.25,-51.5,219.7838,0.0
2026-10-12T04:00:00Z,IFS_-028.25_-051.50,-28.25,-51.5,219.7838,3.0
2026-10-12T05:00:00Z,IFS_-028.25_-051.50,-28.25,-51.5,219.7838,3.0
2026-10-12T06:00:00Z,IFS_-028.25_-051.50,-28.25,-51.5,219.7838,3.0
2026-10-12T07:00:00Z,IFS_-028.25_-051.50,-28.25,-51.5,219.7838,2.0
2026-10-12T08:00:00Z,IFS_-028.25_-051.50,-28.25,-51.5,219.7838,2.0
2026-10-12T09:00:00Z,IFS_-028.25_-051.50,-28.25,-51.5,219.7838,2.0
2026-10-12T10:00:00Z,IFS_-028.25_-051.50,-28.25,-51.5,219.7838,7.2
2026-10-12T11:00:00Z,IFS_-028.25_-051.50,-28.25,-51.5,219.7838,7.2
2026-10-12T12:00:00Z,IFS_-028.25_-051.50,-28.25,-51.5,219.7838,7.2
2026-10-12T13:00:00Z,IFS_-028.25_-051.50,-28.25,-51.5,219.7838,1.8
2026-10-12T14:00:00Z,IFS_-028.25_-051.50,-28.25,-51.5,219.7838,1.8
2026-10-12T15:00:00Z,IFS_-028.25_-051.50,-28.25,-51.5,219.7838,1.8
2026-10-12T16:00:00Z,IFS_-028.25_-051.50,-28.25,-51.5,219.7838,0.2
2026-10-12T17:00:00Z,IFS_-028.25_-051.50,-28.25,-51.5,219.7838,0.2
2026-10-12T18:00:00Z,IFS_-028.25_-051.50,-28.25,-51.5,219.7838,0.2
2026-10-12T19:00:00Z,IFS_-028.25_-051.50,-28.25,-51.5,219.7838,1.3
2026-10-12T20:00:00Z,IFS_-028.25_-051.50,-28.25,-51.5,219.7838,1.3
2026-10-12T21:00:00Z,IFS_-028.25_-051.50,-28.25,-51.5,219.7838,1.3
2026-10-12T22:00:00Z,IFS_-028.25_-051.50,-28.25,-51.5,219.7838,0.1
2026-10-12T23:00:00Z,IFS_-028.25_-051.50,-28.25,-51.5,219.7838,0.1
2026-10-13T00:00:00Z,IFS_-028.25_-051.50,-28.25,-51.5,219.7838,0.1
2026-10-13T01:00:00Z,IFS_-028.25_-051.50,-28.25,-51.5,219.7838,0.1
2026-10-08T02:00:00Z,IFS_-028.25_-051.25,-28.25,-51.25,467.338,0.0
2026-10-08T03:00:00Z,IFS_-028.25_-051.25,-28.25,-51.25,467.338,0.0
2026-10-08T04:00:00Z,IFS_-028.25_-051.25,-28.25,-51.25,467.338,0.0
2026-10-08T05:00:00Z,IFS_-028.25_-051.25,-28.25,-51.25,467.338,0.0
2026-10-08T06:00:00Z,IFS_-028.25_-051.25,-28.25,-51.25,467.338,0.0
2026-10-08T07:00:00Z,IFS_-028.25_-051.25,-28.25,-51.25,467.338,0.0
2026-10-08T08:00:00Z,IFS_-028.25_-051.25,-28.25,-51.25,467.338,0.0
2026-10-08T09:00:00Z,IFS_-028.25_-051.25,-28.25,-51.25,467.338,0.0
2026-10-08T10:00:00Z,IFS_-028.25_-051.25,-28.25,-51.25,467.338,0.0
2026-10-08T11:00:00Z,IFS_-028.25_-051.25,-28.25,-51.25,467.338,0.0
2026-10-08T12:00:00Z,IFS_-028.25_-051.25,-28.25,-51.25,467.338,0.0
2026-10-08T13:00:00Z,IFS_-028.25_-051.25,-28.25,-51.25,467.338,0.1
2026-10-08T14:00:00Z,IFS_-028.25_-051.25,-28.25,-51.25,467.338,0.1
2026-10-08T15:00:00Z,IFS_-028.25_-051.25,-28.25,-51.25,467.338,0.1
2026-10-08T16:00:00Z,IFS_-028.25_-051.25,-28.25,-51.25,467.338,1.2
2026-10-08T17:00:00Z,IFS_-028.25_-051.25,-28.25,-51.25,467.338,1.2
2026-10-08T18:00:00Z,IFS_-028.25_-051.25,-28.25,-51.25,467.338,1.2
2026-10-08T19:00:00Z,IFS_-028.25_-051.25,-28.25,-51.25,467.338,0.5
2026-10-08T20:00:00Z,IFS_-028.25_-051.25,-28.25,-51.25,467.338,0.5
2026-10-08T21:00:00Z,IFS_-028.25_-051.25,-28.25,-51.25,467.338,0.5
2026-10-08T22:00:00Z,IFS_-028.25_-051.25,-28.25,-51.25,467.338,0.0
2026-10-08T23:00:00Z,IFS_-028.25_-051.25,-28.25,-51.25,467.338,0.0
2026-10-09T00:00:00Z,IFS_-028.25_-051.25,-28.25,-51.25,467.338,0.0
2026-10-09T01:00:00Z,IFS_-028.25_-051.25,-28.25,-51.25,467.338,0.0
2026-10-09T02:00:00Z,IFS_-028.25_-051.25,-28.25,-51.25,467.338,0.0
2026-10-09T03:00:00Z,IFS_-028.25_-051.25,-28.25,-51.25,467.338,0.0
2026-10-09T04:00:00Z,IFS_-028.25_-051.25,-28.25,-51.25,467.338,0.0
2026-10-09T05:00:00Z,IFS_-028.25_-051.25,-28.25,-51.25,467.338,0.0
2026-10-09T06:00:00Z,IFS_-028.25_-051.25,-28.25,-51.25,467.338,0.0
2026-10-09T07:00:00Z,IFS_-028.25_-051.25,-28.25,-51.25,467.338,0.0
2026-10-09T08:00:00Z,IFS_-028.25_-051.25,-28.25,-51.25,467.338,0.0
2026-10-09T09:00:00Z,IFS_-028.25_-051.25,-28.25,-51.25,467.338,0.0
2026-10-09T10:00:00Z,IFS_-028.25_-051.25,-28.25,-51.25,467.338,2.8
2026-10-09T11:00:00Z,IFS_-028.25_-051.25,-28.25,-51.25,467.338,2.8
2026-10-09T12:00:00Z,IFS_-028.25_-051.25,-28.25,-51.25,467.338,2.8
2026-10-09T13:00:00Z,IFS_-028.25_-051.25,-28.25,-51.25,467.338,3.6
2026-10-09T14:00:00Z,IFS_-028.25_-051.25,-28.25,-51.25,467.338,3.6
2026-10-09T15:00:00Z,IFS_-028.25_-051.25,-28.25,-51.25,467.338,3.6
2026-10-09T16:00:00Z,IFS_-028.25_-051.25,-28.25,-51.25,467.338,1.4
2026-10-09T17:00:00Z,IFS_-028.25_-051.25,-28.25,-51.25,467.338,1.4
2026-10-09T18:00:00Z,IFS_-028.25_-051.25,-28.25,-51.25,467.338,1.4
2026-10-09T19:00:00Z,IFS_-028.25_-051.25,-28.25,-51.25,467.338,1.2
2026-10-09T20:00:00Z,IFS_-028.25_-051.25,-28.25,-51.25,467.338,1.2
2026-10-09T21:00:00Z,IFS_-028.25_-051.25,-28.25,-51.25,467.338,1.2
2026-10-09T22:00:00Z,IFS_-028.25_-051.25,-28.25,-51.25,467.338,1.7
2026-10-09T23:00:00Z,IFS_-028.25_-051.25,-28.25,-51.25,467.338,1.7
2026-10-10T00:00:00Z,IFS_-028.25_-051.25,-28.25,-51.25,467.338,1.7
2026-10-10T01:00:00Z,IFS_-028.25_-051.25,-28.25,-51.25,467.338,0.4
2026-10-10T02:00:00Z,IFS_-028.25_-051.25,-28.25,-51.25,467.338,0.4
2026-10-10T03:00:00Z,IFS_-028.25_-051.25,-28.25,-51.25,467.338,0.4
2026-10-10T04:00:00Z,IFS_-028.25_-051.25,-28.25,-51.25,467.338,0.2
2026-10-10T05:00:00Z,IFS_-028.25_-051.25,-28.25,-51.25,467.338,0.2
2026-10-10T06:00:00Z,IFS_-028.25_-051.25,-28.25,-51.25,467.338,0.2
2026-10-10T07:00:00Z,IFS_-028.25_-051.25,-28.25,-51.25,467.338,1.6
2026-10-10T08:00:00Z,IFS_-028.25_-051.25,-28.25,-51.25,467.338,1.6
2026-10-10T09:00:00Z,IFS_-028.25_-051.25,-28.25,-51.25,467.338,1.6
2026-10-10T10:00:00Z,IFS_-028.25_-051.25,-28.25,-51.25,467.338,0.8
2026-10-10T11:00:00Z,IFS_-028.25_-051.25,-28.25,-51.25,467.338,0.8
2026-10-10T12:00:00Z,IFS_-028.25_-051.25,-28.25,-51.25,467.338,0.8
2026-10-10T13:00:00Z,IFS_-028.25_-051.25,-28.25,-51.25,467.338,0.2
2026-10-10T14:00:00Z,IFS_-028.25_-051.25,-28.25,-51.25,467.338,0.2
2026-10-10T15:00:00Z,IFS_-028.25_-051.25,-28.25,-51.25,467.338,0.2
2026-10-10T16:00:00Z,IFS_-028.25_-051.25,-28.25,-51.25,467.338,0.3
2026-10-10T17:00:00Z,IFS_-028.25_-051.25,-28.25,-51.25,467.338,0.3
2026-10-10T18:00:00Z,IFS_-028.25_-051.25,-28.25,-51.25,467.338,0.3
2026-10-10T19:00:00Z,IFS_-028.25_-051.25,-28.25,-51.25,467.338,0.1
2026-10-10T20:00:00Z,IFS_-028.25_-051.25,-28.25,-51.25,467.338,0.1
2026-10-10T21:00:00Z,IFS_-028.25_-051.25,-28.25,-51.25,467.338,0.1
2026-10-10T22:00:00Z,IFS_-028.25_-051.25,-28.25,-51.25,467.338,0.0
2026-10-10T23:00:00Z,IFS_-028.25_-051.25,-28.25,-51.25,467.338,0.0
2026-10-11T00:00:00Z,IFS_-028.25_-051.25,-28.25,-51.25,467.338,0.0
2026-10-11T01:00:00Z,IFS_-028.25_-051.25,-28.25,-51.25,467.338,0.0
2026-10-11T02:00:00Z,IFS_-028.25_-051.25,-28.25,-51.25,467.338,0.0
2026-10-11T03:00:00Z,IFS_-028.25_-051.25,-28.25,-51.25,467.338,0.0
2026-10-11T04:00:00Z,IFS_-028.25_-051.25,-28.25,-51.25,467.338,0.0
2026-10-11T05:00:00Z,IFS_-028.25_-051.25,-28.25,-51.25,467.338,0.0
2026-10-11T06:00:00Z,IFS_-028.25_-051.25,-28.25,-51.25,467.338,0.0
2026-10-11T07:00:00Z,IFS_-028.25_-051.25,-28.25,-51.25,467.338,0.0
2026-10-11T08:00:00Z,IFS_-028.25_-051.25,-28.25,-51.25,467.338,0.0
2026-10-11T09:00:00Z,IFS_-028.25_-051.25,-28.25,-51.25,467.338,0.0
2026-10-11T10:00:00Z,IFS_-028.25_-051.25,-28.25,-51.25,467.338,0.6
2026-10-11T11:00:00Z,IFS_-028.25_-051.25,-28.25,-51.25,467.338,0.6
2026-10-11T12:00:00Z,IFS_-028.25_-051.25,-28.25,-51.25,467.338,0.6
2026-10-11T13:00:00Z,IFS_-028.25_-051.25,-28.25,-51.25,467.338,1.9
2026-10-11T14:00:00Z,IFS_-028.25_-051.25,-28.25,-51.25,467.338,1.9
2026-10-11T15:00:00Z,IFS_-028.25_-051.25,-28.25,-51.25,467.338,1.9
2026-10-11T16:00:00Z,IFS_-028.25_-051.25,-28.25,-51.25,467.338,1.0
2026-10-11T17:00:00Z,IFS_-028.25_-051.25,-28.25,-51.25,467.338,1.0
2026-10-11T18:00:00Z,IFS_-028.25_-051.25,-28.25,-51.25,467.338,1.0
2026-10-11T19:00:00Z,IFS_-028.25_-051.25,-28.25,-51.25,467.338,0.0
2026-10-11T20:00:00Z,IFS_-028.25_-051.25,-28.25,-51.25,467.338,0.0
2026-10-11T21:00:00Z,IFS_-028.25_-051.25,-28.25,-51.25,467.338,0.0
2026-10-11T22:00:00Z,IFS_-028.25_-051.25,-28.25,-51.25,467.338,0.0
2026-10-11T23:00:00Z,IFS_-028.25_-051.25,-28.25,-51.25,467.338,0.0
2026-10-12T00:00:00Z,IFS_-028.25_-051.25,-28.25,-51.25,467.338,0.0
2026-10-12T01:00:00Z,IFS_-028.25_-051.25,-28.25,-51.25,467.338,0.0
2026-10-12T02:00:00Z,IFS_-028.25_-051.25,-28.25,-51.25,467.338,0.0
2026-10-12T03:00:00Z,IFS_-028.25_-051.25,-28.25,-51.25,467.338,0.0
2026-10-12T04:00:00Z,IFS_-028.25_-051.25,-28.25,-51.25,467.338,4.0
2026-10-12T05:00:00Z,IFS_-028.25_-051.25,-28.25,-51.25,467.338,4.0
2026-10-12T06:00:00Z,IFS_-028.25_-051.25,-28.25,-51.25,467.338,4.0
2026-10-12T07:00:00Z,IFS_-028.25_-051.25,-28.25,-51.25,467.338,1.1
2026-10-12T08:00:00Z,IFS_-028.25_-051.25,-28.25,-51.25,467.338,1.1
2026-10-12T09:00:00Z,IFS_-028.25_-051.25,-28.25,-51.25,467.338,1.1
2026-10-12T10:00:00Z,IFS_-028.25_-051.25,-28.25,-51.25,467.338,1.2
2026-10-12T11:00:00Z,IFS_-028.25_-051.25,-28.25,-51.25,467.338,1.2
2026-10-12T12:00:00Z,IFS_-028.25_-051.25,-28.25,-51.25,467.338,1.2
2026-10-12T13:00:00Z,IFS_-028.25_-051.25,-28.25,-51.25,467.338,1.3
2026-10-12T14:00:00Z,IFS_-028.25_-051.25,-28.25,-51.25,467.338,1.3
2026-10-12T15:00:00Z,IFS_-028.25_-051.25,-28.25,-51.25,467.338,1.3
2026-10-12T16:00:00Z,IFS_-028.25_-051.25,-28.25,-51.25,467.338,0.6
2026-10-12T17:00:00Z,IFS_-028.25_-051.25,-28.25,-51.25,467.338,0.6
2026-10-12T18:00:00Z,IFS_-028.25_-051.25,-28.25,-51.25,467.338,0.6
2026-10-12T19:00:00Z,IFS_-028.25_-051.25,-28.25,-51.25,467.338,1.0
2026-10-12T20:00:00Z,IFS_-028.25_-051.25,-28.25,-51.25,467.338,1.0
2026-10-12T21:00:00Z,IFS_-028.25_-051.25,-28.25,-51.25,467.338,1.0
2026-10-12T22:00:00Z,IFS_-028.25_-051.25,-28.25,-51.25,467.338,0.3
2026-10-12T23:00:00Z,IFS_-028.25_-051.25,-28.25,-51.25,467.338,0.3
2026-10-13T00:00:00Z,IFS_-028.25_-051.25,-28.25,-51.25,467.338,0.3
2026-10-13T01:00:00Z,IFS_-028.25_-051.25,-28.25,-51.25,467.338,0.2
2026-10-08T02:00:00Z,IFS_-028.25_-051.00,-28.25,-51.0,176.883,0.0
2026-10-08T03:00:00Z,IFS_-028.25_-051.00,-28.25,-51.0,176.883,0.0
2026-10-08T04:00:00Z,IFS_-028.25_-051.00,-28.25,-51.0,176.883,0.0
2026-10-08T05:00:00Z,IFS_-028.25_-051.00,-28.25,-51.0,176.883,0.0
2026-10-08T06:00:00Z,IFS_-028.25_-051.00,-28.25,-51.0,176.883,0.0
2026-10-08T07:00:00Z,IFS_-028.25_-051.00,-28.25,-51.0,176.883,0.0
2026-10-08T08:00:00Z,IFS_-028.25_-051.00,-28.25,-51.0,176.883,0.0
2026-10-08T09:00:00Z,IFS_-028.25_-051.00,-28.25,-51.0,176.883,0.0
2026-10-08T10:00:00Z,IFS_-028.25_-051.00,-28.25,-51.0,176.883,0.0
2026-10-08T11:00:00Z,IFS_-028.25_-051.00,-28.25,-51.0,176.883,0.0
2026-10-08T12:00:00Z,IFS_-028.25_-051.00,-28.25,-51.0,176.883,0.0
2026-10-08T13:00:00Z,IFS_-028.25_-051.00,-28.25,-51.0,176.883,0.0
2026-10-08T14:00:00Z,IFS_-028.25_-051.00,-28.25,-51.0,176.883,0.0
2026-10-08T15:00:00Z,IFS_-028.25_-051.00,-28.25,-51.0,176.883,0.0
2026-10-08T16:00:00Z,IFS_-028.25_-051.00,-28.25,-51.0,176.883,0.7
2026-10-08T17:00:00Z,IFS_-028.25_-051.00,-28.25,-51.0,176.883,0.7
2026-10-08T18:00:00Z,IFS_-028.25_-051.00,-28.25,-51.0,176.883,0.7
2026-10-08T19:00:00Z,IFS_-028.25_-051.00,-28.25,-51.0,176.883,0.5
2026-10-08T20:00:00Z,IFS_-028.25_-051.00,-28.25,-51.0,176.883,0.5
2026-10-08T21:00:00Z,IFS_-028.25_-051.00,-28.25,-51.0,176.883,0.5
2026-10-08T22:00:00Z,IFS_-028.25_-051.00,-28.25,-51.0,176.883,0.0
2026-10-08T23:00:00Z,IFS_-028.25_-051.00,-28.25,-51.0,176.883,0.0
2026-10-09T00:00:00Z,IFS_-028.25_-051.00,-28.25,-51.0,176.883,0.0
2026-10-09T01:00:00Z,IFS_-028.25_-051.00,-28.25,-51.0,176.883,0.0
2026-10-09T02:00:00Z,IFS_-028.25_-051.00,-28.25,-51.0,176.883,0.0
2026-10-09T03:00:00Z,IFS_-028.25_-051.00,-28.25,-51.0,176.883,0.0
2026-10-09T04:00:00Z,IFS_-028.25_-051.00,-28.25,-51.0,176.883,0.0
2026-10-09T05:00:00Z,IFS_-028.25_-051.00,-28.25,-51.0,176.883,0.0
2026-10-09T06:00:00Z,IFS_-028.25_-051.00,-28.25,-51.0,176.883,0.0
2026-10-09T07:00:00Z,IFS_-028.25_-051.00,-28.25,-51.0,176.883,0.2
2026-10-09T08:00:00Z,IFS_-028.25_-051.00,-28.25,-51.0,176.883,0.2
2026-10-09T09:00:00Z,IFS_-028.25_-051.00,-28.25,-51.0,176.883,0.2
2026-10-09T10:00:00Z,IFS_-028.25_-051.00,-28.25,-51.0,176.883,2.0
2026-10-09T11:00:00Z,IFS_-028.25_-051.00,-28.25,-51.0,176.883,2.0
2026-10-09T12:00:00Z,IFS_-028.25_-051.00,-28.25,-51.0,176.883,2.0
2026-10-09T13:00:00Z,IFS_-028.25_-051.00,-28.25,-51.0,176.883,2.7
2026-10-09T14:00:00Z,IFS_-028.25_-051.00,-28.25,-51.0,176.883,2.7
2026-10-09T15:00:00Z,IFS_-028.25_-051.00,-28.25,-51.0,176.883,2.7
2026-10-09T16:00:00Z,IFS_-028.25_-051.00,-28.25,-51.0,176.883,1.4
2026-10-09T17:00:00Z,IFS_-028.25_-051.00,-28.25,-51.0,176.883,1.4
2026-10-09T18:00:00Z,IFS_-028.25_-051.00,-28.25,-51.0,176.883,1.4
2026-10-09T19:00:00Z,IFS_-028.25_-051.00,-28.25,-51.0,176.883,1.3
2026-10-09T20:00:00Z,IFS_-028.25_-051.00,-28.25,-51.0,176.883,1.3
2026-10-09T21:00:00Z,IFS_-028.25_-051.00,-28.25,-51.0,176.883,1.3
2026-10-09T22:00:00Z,IFS_-028.25_-051.00,-28.25,-51.0,176.883,2.0
2026-10-09T23:00:00Z,IFS_-028.25_-051.00,-28.25,-51.0,176.883,2.0
2026-10-10T00:00:00Z,IFS_-028.25_-051.00,-28.25,-51.0,176.883,2.0
2026-10-10T01:00:00Z,IFS_-028.25_-051.00,-28.25,-51.0,176.883,0.8
2026-10-10T02:00:00Z,IFS_-028.25_-051.00,-28.25,-51.0,176.883,0.8
2026-10-10T03:00:00Z,IFS_-028.25_-051.00,-28.25,-51.0,176.883,0.8
2026-10-10T04:00:00Z,IFS_-028.25_-051.00,-28.25,-51.0,176.883,0.1
2026-10-10T05:00:00Z,IFS_-028.25_-051.00,-28.25,-51.0,176.883,0.1
2026-10-10T06:00:00Z,IFS_-028.25_-051.00,-28.25,-51.0,176.883,0.1
2026-10-10T07:00:00Z,IFS_-028.25_-051.00,-28.25,-51.0,176.883,1.3
2026-10-10T08:00:00Z,IFS_-028.25_-051.00,-28.25,-51.0,176.883,1.3
2026-10-10T09:00:00Z,IFS_-028.25_-051.00,-28.25,-51.0,176.883,1.3
2026-10-10T10:00:00Z,IFS_-028.25_-051.00,-28.25,-51.0,176.883,0.7
2026-10-10T11:00:00Z,IFS_-028.25_-051.00,-28.25,-51.0,176.883,0.7
2026-10-10T12:00:00Z,IFS_-028.25_-051.00,-28.25,-51.0,176.883,0.7
2026-10-10T13:00:00Z,IFS_-028.25_-051.00,-28.25,-51.0,176.883,0.1
2026-10-10T14:00:00Z,IFS_-028.25_-051.00,-28.25,-51.0,176.883,0.1
2026-10-10T15:00:00Z,IFS_-028.25_-051.00,-28.25,-51.0,176.883,0.1
2026-10-10T16:00:00Z,IFS_-028.25_-051.00,-28.25,-51.0,176.883,0.2
2026-10-10T17:00:00Z,IFS_-028.25_-051.00,-28.25,-51.0,176.883,0.2
2026-10-10T18:00:00Z,IFS_-028.25_-051.00,-28.25,-51.0,176.883,0.2
2026-10-10T19:00:00Z,IFS_-028.25_-051.00,-28.25,-51.0,176.883,0.2
2026-10-10T20:00:00Z,IFS_-028.25_-051.00,-28.25,-51.0,176.883,0.2
2026-10-10T21:00:00Z,IFS_-028.25_-051.00,-28.25,-51.0,176.883,0.2
2026-10-10T22:00:00Z,IFS_-028.25_-051.00,-28.25,-51.0,176.883,0.0
2026-10-10T23:00:00Z,IFS_-028.25_-051.00,-28.25,-51.0,176.883,0.0
2026-10-11T00:00:00Z,IFS_-028.25_-051.00,-28.25,-51.0,176.883,0.0
2026-10-11T01:00:00Z,IFS_-028.25_-051.00,-28.25,-51.0,176.883,0.0
2026-10-11T02:00:00Z,IFS_-028.25_-051.00,-28.25,-51.0,176.883,0.0
2026-10-11T03:00:00Z,IFS_-028.25_-051.00,-28.25,-51.0,176.883,0.0
2026-10-11T04:00:00Z,IFS_-028.25_-051.00,-28.25,-51.0,176.883,0.0
2026-10-11T05:00:00Z,IFS_-028.25_-051.00,-28.25,-51.0,176.883,0.0
2026-10-11T06:00:00Z,IFS_-028.25_-051.00,-28.25,-51.0,176.883,0.0
2026-10-11T07:00:00Z,IFS_-028.25_-051.00,-28.25,-51.0,176.883,0.0
2026-10-11T08:00:00Z,IFS_-028.25_-051.00,-28.25,-51.0,176.883,0.0
2026-10-11T09:00:00Z,IFS_-028.25_-051.00,-28.25,-51.0,176.883,0.0
2026-10-11T10:00:00Z,IFS_-028.25_-051.00,-28.25,-51.0,176.883,0.1
2026-10-11T11:00:00Z,IFS_-028.25_-051.00,-28.25,-51.0,176.883,0.1
2026-10-11T12:00:00Z,IFS_-028.25_-051.00,-28.25,-51.0,176.883,0.1
2026-10-11T13:00:00Z,IFS_-028.25_-051.00,-28.25,-51.0,176.883,1.6
2026-10-11T14:00:00Z,IFS_-028.25_-051.00,-28.25,-51.0,176.883,1.6
2026-10-11T15:00:00Z,IFS_-028.25_-051.00,-28.25,-51.0,176.883,1.6
2026-10-11T16:00:00Z,IFS_-028.25_-051.00,-28.25,-51.0,176.883,0.4
2026-10-11T17:00:00Z,IFS_-028.25_-051.00,-28.25,-51.0,176.883,0.4
2026-10-11T18:00:00Z,IFS_-028.25_-051.00,-28.25,-51.0,176.883,0.4
2026-10-11T19:00:00Z,IFS_-028.25_-051.00,-28.25,-51.0,176.883,0.0
2026-10-11T20:00:00Z,IFS_-028.25_-051.00,-28.25,-51.0,176.883,0.0
2026-10-11T21:00:00Z,IFS_-028.25_-051.00,-28.25,-51.0,176.883,0.0
2026-10-11T22:00:00Z,IFS_-028.25_-051.00,-28.25,-51.0,176.883,0.0
2026-10-11T23:00:00Z,IFS_-028.25_-051.00,-28.25,-51.0,176.883,0.0
2026-10-12T00:00:00Z,IFS_-028.25_-051.00,-28.25,-51.0,176.883,0.0
2026-10-12T01:00:00Z,IFS_-028.25_-051.00,-28.25,-51.0,176.883,0.0
2026-10-12T02:00:00Z,IFS_-028.25_-051.00,-28.25,-51.0,176.883,0.0
2026-10-12T03:00:00Z,IFS_-028.25_-051.00,-28.25,-51.0,176.883,0.0
2026-10-12T04:00:00Z,IFS_-028.25_-051.00,-28.25,-51.0,176.883,2.7
2026-10-12T05:00:00Z,IFS_-028.25_-051.00,-28.25,-51.0,176.883,2.7
2026-10-12T06:00:00Z,IFS_-028.25_-051.00,-28.25,-51.0,176.883,2.7
2026-10-12T07:00:00Z,IFS_-028.25_-051.00,-28.25,-51.0,176.883,1.2
2026-10-12T08:00:00Z,IFS_-028.25_-051.00,-28.25,-51.0,176.883,1.2
2026-10-12T09:00:00Z,IFS_-028.25_-051.00,-28.25,-51.0,176.883,1.2
2026-10-12T10:00:00Z,IFS_-028.25_-051.00,-28.25,-51.0,176.883,0.9
2026-10-12T11:00:00Z,IFS_-028.25_-051.00,-28.25,-51.0,176.883,0.9
2026-10-12T12:00:00Z,IFS_-028.25_-051.00,-28.25,-51.0,176.883,0.9
2026-10-12T13:00:00Z,IFS_-028.25_-051.00,-28.25,-51.0,176.883,0.4
2026-10-12T14:00:00Z,IFS_-028.25_-051.00,-28.25,-51.0,176.883,0.4
2026-10-12T15:00:00Z,IFS_-028.25_-051.00,-28.25,-51.0,176.883,0.4
2026-10-12T16:00:00Z,IFS_-028.25_-051.00,-28.25,-51.0,176.883,0.8
2026-10-12T17:00:00Z,IFS_-028.25_-051.00,-28.25,-51.0,176.883,0.8
2026-10-12T18:00:00Z,IFS_-028.25_-051.00,-28.25,-51.0,176.883,0.8
2026-10-12T19:00:00Z,IFS_-028.25_-051.00,-28.25,-51.0,176.883,0.8
2026-10-12T20:00:00Z,IFS_-028.25_-051.00,-28.25,-51.0,176.883,0.8
2026-10-12T21:00:00Z,IFS_-028.25_-051.00,-28.25,-51.0,176.883,0.8
2026-10-12T22:00:00Z,IFS_-028.25_-051.00,-28.25,-51.0,176.883,0.3
2026-10-12T23:00:00Z,IFS_-028.25_-051.00,-28.25,-51.0,176.883,0.3
2026-10-13T00:00:00Z,IFS_-028.25_-051.00,-28.25,-51.0,176.883,0.3
2026-10-13T01:00:00Z,IFS_-028.25_-051.00,-28.25,-51.0,176.883,0.8
