element,time_value,q_m3s,pathname
LJJ_SOURCE,66665700,1525.9625244140625,//LJJ_SOURCE/FLOW/01Oct2026/1Hour/RUN:Forecast/
LJJ_SOURCE,66665760,1499.5574951171875,//LJJ_SOURCE/FLOW/01Oct2026/1Hour/RUN:Forecast/
LJJ_SOURCE,66665820,1405.175048828125,//LJJ_SOURCE/FLOW/01Oct2026/1Hour/RUN:Forecast/
LJJ_SOURCE,66665880,1165.5274658203125,//LJJ_SOURCE/FLOW/01Oct2026/1Hour/RUN:Forecast/
LJJ_SOURCE,66665940,1056.5133056640625,//LJJ_SOURCE/FLOW/01Oct2026/1Hour/RUN:Forecast/
LJJ_SOURCE,66666000,1012.1127319335938,//LJJ_SOURCE/FLOW/01Oct2026/1Hour/RUN:Forecast/
LJJ_SOURCE,66666060,976.5224609375,//LJJ_SOURCE/FLOW/01Oct2026/1Hour/RUN:Forecast/
LJJ_SOURCE,66666120,950.624267578125,//LJJ_SOURCE/FLOW/01Oct2026/1Hour/RUN:Forecast/
LJJ_SOURCE,66666180,933.1890869140625,//LJJ_SOURCE/FLOW/01Oct2026/1Hour/RUN:Forecast/
LJJ_SOURCE,66666240,920.1519775390625,//LJJ_SOURCE/FLOW/01Oct2026/1Hour/RUN:Forecast/
LJJ_SOURCE,66666300,909.1112060546875,//LJJ_SOURCE/FLOW/01Oct2026/1Hour/RUN:Forecast/
LJJ_SOURCE,66666360,898.7145385742188,//LJJ_SOURCE/FLOW/01Oct2026/1Hour/RUN:Forecast/
LJJ_SOURCE,66666420,888.25341796875,//LJJ_SOURCE/FLOW/01Oct2026/1Hour/RUN:Forecast/
LJJ_SOURCE,66666480,877.4073486328125,//LJJ_SOURCE/FLOW/01Oct2026/1Hour/RUN:Forecast/
LJJ_SOURCE,66666540,866.0785522460938,//LJJ_SOURCE/FLOW/01Oct2026/1Hour/RUN:Forecast/
LJJ_SOURCE,66666600,854.2899169921875,//LJJ_SOURCE/FLOW/01Oct2026/1Hour/RUN:Forecast/
LJJ_SOURCE,66666660,842.1249389648438,//LJJ_SOURCE/FLOW/01Oct2026/1Hour/RUN:Forecast/
LJJ_SOURCE,66666720,829.6883544921875,//LJJ_SOURCE/FLOW/01Oct2026/1Hour/RUN:Forecast/
LJJ_SOURCE,66666780,817.0885009765625,//LJJ_SOURCE/FLOW/01Oct2026/1Hour/RUN:Forecast/
LJJ_SOURCE,66666840,804.4234619140625,//LJJ_SOURCE/FLOW/01Oct2026/1Hour/RUN:Forecast/
LJJ_SOURCE,66666900,791.7786254882812,//LJJ_SOURCE/FLOW/01Oct2026/1Hour/RUN:Forecast/
LJJ_SOURCE,66666960,779.2261352539062,//LJJ_SOURCE/FLOW/01Oct2026/1Hour/RUN:Forecast/
LJJ_SOURCE,66667020,766.822509765625,//LJJ_SOURCE/FLOW/01Oct2026/1Hour/RUN:Forecast/
LJJ_SOURCE,66667080,754.6112060546875,//LJJ_SOURCE/FLOW/01Oct2026/1Hour/RUN:Forecast/
LJJ_SOURCE,66667140,742.6251220703125,//LJJ_SOURCE/FLOW/01Oct2026/1Hour/RUN:Forecast/
LJJ_SOURCE,66667200,730.888671875,//LJJ_SOURCE/FLOW/01Oct2026/1Hour/RUN:Forecast/
LJJ_SOURCE,66667260,719.4185791015625,//LJJ_SOURCE/FLOW/01Oct2026/1Hour/RUN:Forecast/
LJJ_SOURCE,66667320,708.2250366210938,//LJJ_SOURCE/FLOW/01Oct2026/1Hour/RUN:Forecast/
LJJ_SOURCE,66667380,697.3143920898438,//LJJ_SOURCE/FLOW/01Oct2026/1Hour/RUN:Forecast/
LJJ_SOURCE,66667440,686.6889038085938,//LJJ_SOURCE/FLOW/01Oct2026/1Hour/RUN:Forecast/
LJJ_SOURCE,66667500,676.3478393554688,//LJJ_SOURCE/FLOW/01Oct2026/1Hour/RUN:Forecast/
LJJ_SOURCE,66667560,666.288818359375,//LJJ_SOURCE/FLOW/01Oct2026/1Hour/RUN:Forecast/
LJJ_SOURCE,66667620,656.5088500976562,//LJJ_SOURCE/FLOW/01Oct2026/1Hour/RUN:Forecast/
LJJ_SOURCE,66667680,647.00244140625,//LJJ_SOURCE/FLOW/01Oct2026/1Hour/RUN:Forecast/
LJJ_SOURCE,66667740,637.7619018554688,//LJJ_SOURCE/FLOW/01Oct2026/1Hour/RUN:Forecast/
LJJ_SOURCE,66667800,628.7838134765625,//LJJ_SOURCE/FLOW/01Oct2026/1Hour/RUN:Forecast/
LJJ_SOURCE,66667860,620.05908203125,//LJJ_SOURCE/FLOW/01Oct2026/1Hour/RUN:Forecast/
LJJ_SOURCE,66667920,611.5821533203125,//LJJ_SOURCE/FLOW/01Oct2026/1Hour/RUN:Forecast/
LJJ_SOURCE,66667980,603.3450927734375,//LJJ_SOURCE/FLOW/01Oct2026/1Hour/RUN:Forecast/
LJJ_SOURCE,66668040,595.3416748046875,//LJJ_SOURCE/FLOW/01Oct2026/1Hour/RUN:Forecast/
LJJ_SOURCE,66668100,587.5645751953125,//LJJ_SOURCE/FLOW/01Oct2026/1Hour/RUN:Forecast/
LJJ_SOURCE,66668160,580.0072021484375,//LJJ_SOURCE/FLOW/01Oct2026/1Hour/RUN:Forecast/
LJJ_SOURCE,66668220,572.661865234375,//LJJ_SOURCE/FLOW/01Oct2026/1Hour/RUN:Forecast/
LJJ_SOURCE,66668280,565.5228271484375,//LJJ_SOURCE/FLOW/01Oct2026/1Hour/RUN:Forecast/
LJJ_SOURCE,66668340,558.5833129882812,//LJJ_SOURCE/FLOW/01Oct2026/1Hour/RUN:Forecast/
LJJ_SOURCE,66668400,551.8373413085938,//LJJ_SOURCE/FLOW/01Oct2026/1Hour/RUN:Forecast/
LJJ_SOURCE,66668460,545.2791137695312,//LJJ_SOURCE/FLOW/01Oct2026/1Hour/RUN:Forecast/
LJJ_SOURCE,66668520,538.9017333984375,//LJJ_SOURCE/FLOW/01Oct2026/1Hour/RUN:Forecast/
LJJ_SOURCE,66668580,532.6991577148438,//LJJ_SOURCE/FLOW/01Oct2026/1Hour/RUN:Forecast/
LJJ_SOURCE,66668640,526.6674194335938,//LJJ_SOURCE/FLOW/01Oct2026/1Hour/RUN:Forecast/
LJJ_SOURCE,66668700,520.8006591796875,//LJJ_SOURCE/FLOW/01Oct2026/1Hour/RUN:Forecast/
LJJ_SOURCE,66668760,515.0918579101562,//LJJ_SOURCE/FLOW/01Oct2026/1Hour/RUN:Forecast/
LJJ_SOURCE,66668820,509.5389709472656,//LJJ_SOURCE/FLOW/01Oct2026/1Hour/RUN:Forecast/
LJJ_SOURCE,66668880,504.1340637207031,//LJJ_SOURCE/FLOW/01Oct2026/1Hour/RUN:Forecast/
LJJ_SOURCE,66668940,498.8751220703125,//LJJ_SOURCE/FLOW/01Oct2026/1Hour/RUN:Forecast/
LJJ_SOURCE,66669000,493.7551574707031,//LJJ_SOURCE/FLOW/01Oct2026/1Hour/RUN:Forecast/
LJJ_SOURCE,66669060,488.7712097167969,//LJJ_SOURCE/FLOW/01Oct2026/1Hour/RUN:Forecast/
LJJ_SOURCE,66669120,483.9182434082031,//LJJ_SOURCE/FLOW/01Oct2026/1Hour/RUN:Forecast/
LJJ_SOURCE,66669180,479.77825927734375,//LJJ_SOURCE/FLOW/01Oct2026/1Hour/RUN:Forecast/
LJJ_SOURCE,66669240,477.3992614746094,//LJJ_SOURCE/FLOW/01Oct2026/1Hour/RUN:Forecast/
LJJ_SOURCE,66669300,477.5242614746094,//LJJ_SOURCE/FLOW/01Oct2026/1Hour/RUN:Forecast/
LJJ_SOURCE,66669360,480.0572814941406,//LJJ_SOURCE/FLOW/01Oct2026/1Hour/RUN:Forecast/
LJJ_SOURCE,66669420,484.32427978515625,//LJJ_SOURCE/FLOW/01Oct2026/1Hour/RUN:Forecast/
LJJ_SOURCE,66669480,489.8852844238281,//LJJ_SOURCE/FLOW/01Oct2026/1Hour/RUN:Forecast/
LJJ_SOURCE,66669540,496.5022888183594,//LJJ_SOURCE/FLOW/01Oct2026/1Hour/RUN:Forecast/
LJJ_SOURCE,66669600,504.0122985839844,//LJJ_SOURCE/FLOW/01Oct2026/1Hour/RUN:Forecast/
LJJ_SOURCE,66669660,512.2882690429688,//LJJ_SOURCE/FLOW/01Oct2026/1Hour/RUN:Forecast/
LJJ_SOURCE,66669720,521.2322998046875,//LJJ_SOURCE/FLOW/01Oct2026/1Hour/RUN:Forecast/
LJJ_SOURCE,66669780,530.7622680664062,//LJJ_SOURCE/FLOW/01Oct2026/1Hour/RUN:Forecast/
LJJ_SOURCE,66669840,540.67626953125,//LJJ_SOURCE/FLOW/01Oct2026/1Hour/RUN:Forecast/
LJJ_SOURCE,66669900,550.519287109375,//LJJ_SOURCE/FLOW/01Oct2026/1Hour/RUN:Forecast/
LJJ_SOURCE,66669960,559.7243041992188,//LJJ_SOURCE/FLOW/01Oct2026/1Hour/RUN:Forecast/
LJJ_SOURCE,66670020,567.8712768554688,//LJJ_SOURCE/FLOW/01Oct2026/1Hour/RUN:Forecast/
LJJ_SOURCE,66670080,574.811279296875,//LJJ_SOURCE/FLOW/01Oct2026/1Hour/RUN:Forecast/
LJJ_SOURCE,66670140,580.5242919921875,//LJJ_SOURCE/FLOW/01Oct2026/1Hour/RUN:Forecast/
LJJ_SOURCE,66670200,584.976318359375,//LJJ_SOURCE/FLOW/01Oct2026/1Hour/RUN:Forecast/
LJJ_SOURCE,66670260,588.11328125,//LJJ_SOURCE/FLOW/01Oct2026/1Hour/RUN:Forecast/
LJJ_SOURCE,66670320,589.8472900390625,//LJJ_SOURCE/FLOW/01Oct2026/1Hour/RUN:Forecast/
LJJ_SOURCE,66670380,590.0302734375,//LJJ_SOURCE/FLOW/01Oct2026/1Hour/RUN:Forecast/
LJJ_SOURCE,66670440,588.3292846679688,//LJJ_SOURCE/FLOW/01Oct2026/1Hour/RUN:Forecast/
LJJ_SOURCE,66670500,584.2122802734375,//LJJ_SOURCE/FLOW/01Oct2026/1Hour/RUN:Forecast/
LJJ_SOURCE,66670560,577.7432861328125,//LJJ_SOURCE/FLOW/01Oct2026/1Hour/RUN:Forecast/
LJJ_SOURCE,66670620,569.80029296875,//LJJ_SOURCE/FLOW/01Oct2026/1Hour/RUN:Forecast/
LJJ_SOURCE,66670680,561.5042724609375,//LJJ_SOURCE/FLOW/01Oct2026/1Hour/RUN:Forecast/
LJJ_SOURCE,66670740,553.4512939453125,//LJJ_SOURCE/FLOW/01Oct2026/1Hour/RUN:Forecast/
LJJ_SOURCE,66670800,544.7022705078125,//LJJ_SOURCE/FLOW/01Oct2026/1Hour/RUN:Forecast/
LJJ_SOURCE,66670860,536.789306640625,//LJJ_SOURCE/FLOW/01Oct2026/1Hour/RUN:Forecast/
LJJ_SOURCE,66670920,529.4613037109375,//LJJ_SOURCE/FLOW/01Oct2026/1Hour/RUN:Forecast/
LJJ_SOURCE,66670980,522.3463134765625,//LJJ_SOURCE/FLOW/01Oct2026/1Hour/RUN:Forecast/
LJJ_SOURCE,66671040,512.4093017578125,//LJJ_SOURCE/FLOW/01Oct2026/1Hour/RUN:Forecast/
LJJ_SOURCE,66671100,502.71630859375,//LJJ_SOURCE/FLOW/01Oct2026/1Hour/RUN:Forecast/
LJJ_SOURCE,66671160,495.3373107910156,//LJJ_SOURCE/FLOW/01Oct2026/1Hour/RUN:Forecast/
LJJ_SOURCE,66671220,487.7153015136719,//LJJ_SOURCE/FLOW/01Oct2026/1Hour/RUN:Forecast/
LJJ_SOURCE,66671280,480.4363098144531,//LJJ_SOURCE/FLOW/01Oct2026/1Hour/RUN:Forecast/
LJJ_SOURCE,66671340,473.1133117675781,//LJJ_SOURCE/FLOW/01Oct2026/1Hour/RUN:Forecast/
LJJ_SOURCE,66671400,466.47430419921875,//LJJ_SOURCE/FLOW/01Oct2026/1Hour/RUN:Forecast/
LJJ_SOURCE,66671460,461.6402893066406,//LJJ_SOURCE/FLOW/01Oct2026/1Hour/RUN:Forecast/
LJJ_SOURCE,66671520,457.6163024902344,//LJJ_SOURCE/FLOW/01Oct2026/1Hour/RUN:Forecast/
LJJ_SOURCE,66671580,455.9493103027344,//LJJ_SOURCE/FLOW/01Oct2026/1Hour/RUN:Forecast/
LJJ_SOURCE,66671640,457.3822937011719,//LJJ_SOURCE/FLOW/01Oct2026/1Hour/RUN:Forecast/
LJJ_SOURCE,66671700,461.79229736328125,//LJJ_SOURCE/FLOW/01Oct2026/1Hour/RUN:Forecast/
LJJ_SOURCE,66671760,468.3472900390625,//LJJ_SOURCE/FLOW/01Oct2026/1Hour/RUN:Forecast/
LJJ_SOURCE,66671820,476.497314453125,//LJJ_SOURCE/FLOW/01Oct2026/1Hour/RUN:Forecast/
LJJ_SOURCE,66671880,485.9292907714844,//LJJ_SOURCE/FLOW/01Oct2026/1Hour/RUN:Forecast/
LJJ_SOURCE,66671940,496.414306640625,//LJJ_SOURCE/FLOW/01Oct2026/1Hour/RUN:Forecast/
LJJ_SOURCE,66672000,507.779296875,//LJJ_SOURCE/FLOW/01Oct2026/1Hour/RUN:Forecast/
LJJ_SOURCE,66672060,519.8963012695312,//LJJ_SOURCE/FLOW/01Oct2026/1Hour/RUN:Forecast/
LJJ_SOURCE,66672120,532.6613159179688,//LJJ_SOURCE/FLOW/01Oct2026/1Hour/RUN:Forecast/
LJJ_SOURCE,66672180,545.8272705078125,//LJJ_SOURCE/FLOW/01Oct2026/1Hour/RUN:Forecast/
LJJ_SOURCE,66672240,558.832275390625,//LJJ_SOURCE/FLOW/01Oct2026/1Hour/RUN:Forecast/
LJJ_SOURCE,66672300,570.9752807617188,//LJJ_SOURCE/FLOW/01Oct2026/1Hour/RUN:Forecast/
LJJ_SOURCE,66672360,581.59130859375,//LJJ_SOURCE/FLOW/01Oct2026/1Hour/RUN:Forecast/
LJJ_SOURCE,66672420,590.1992797851562,//LJJ_SOURCE/FLOW/01Oct2026/1Hour/RUN:Forecast/
LJJ_SOURCE,66672480,596.726318359375,//LJJ_SOURCE/FLOW/01Oct2026/1Hour/RUN:Forecast/
LJJ_SOURCE,66672540,601.310302734375,//LJJ_SOURCE/FLOW/01Oct2026/1Hour/RUN:Forecast/
LJJ_SOURCE,66672600,604.2122802734375,//LJJ_SOURCE/FLOW/01Oct2026/1Hour/RUN:Forecast/
LJJ_SOURCE,66672660,605.455322265625,//LJJ_SOURCE/FLOW/01Oct2026/1Hour/RUN:Forecast/
LJJ_SOURCE,66672720,605.2722778320312,//LJJ_SOURCE/FLOW/01Oct2026/1Hour/RUN:Forecast/
LJJ_SOURCE,66672780,602.7783203125,//LJJ_SOURCE/FLOW/01Oct2026/1Hour/RUN:Forecast/
LJJ_SOURCE,66672840,597.247314453125,//LJJ_SOURCE/FLOW/01Oct2026/1Hour/RUN:Forecast/
LJJ_SOURCE,66672900,589.6602783203125,//LJJ_SOURCE/FLOW/01Oct2026/1Hour/RUN:Forecast/
LJJ_SOURCE,66672960,580.4323120117188,//LJJ_SOURCE/FLOW/01Oct2026/1Hour/RUN:Forecast/
LJJ_SOURCE,66673020,570.7633056640625,//LJJ_SOURCE/FLOW/01Oct2026/1Hour/RUN:Forecast/
LJJ_SOURCE,66673080,561.3862915039062,//LJJ_SOURCE/FLOW/01Oct2026/1Hour/RUN:Forecast/
LJJ_SOURCE,66673140,552.2932739257812,//LJJ_SOURCE/FLOW/01Oct2026/1Hour/RUN:Forecast/
R_LJJ_CARR,66665700,1525.9625244140625,//R_LJJ_CARR/FLOW/01Oct2026/1Hour/RUN:Forecast/
R_LJJ_CARR,66665760,1523.8041515309847,//R_LJJ_CARR/FLOW/01Oct2026/1Hour/RUN:Forecast/
R_LJJ_CARR,66665820,1503.2194630265724,//R_LJJ_CARR/FLOW/01Oct2026/1Hour/RUN:Forecast/
R_LJJ_CARR,66665880,1431.58987598748,//R_LJJ_CARR/FLOW/01Oct2026/1Hour/RUN:Forecast/
R_LJJ_CARR,66665940,1281.4568659921351,//R_LJJ_CARR/FLOW/01Oct2026/1Hour/RUN:Forecast/
R_LJJ_CARR,66666000,1158.430725502451,//R_LJJ_CARR/FLOW/01Oct2026/1Hour/RUN:Forecast/
R_LJJ_CARR,66666060,1077.8580634524214,//R_LJJ_CARR/FLOW/01Oct2026/1Hour/RUN:Forecast/
R_LJJ_CARR,66666120,1021.953645038268,//R_LJJ_CARR/FLOW/01Oct2026/1Hour/RUN:Forecast/
R_LJJ_CARR,66666180,982.6678725953759,//R_LJJ_CARR/FLOW/01Oct2026/1Hour/RUN:Forecast/
R_LJJ_CARR,66666240,955.3395814461915,//R_LJJ_CARR/FLOW/01Oct2026/1Hour/RUN:Forecast/
R_LJJ_CARR,66666300,935.7600258645977,//R_LJJ_CARR/FLOW/01Oct2026/1Hour/RUN:Forecast/
R_LJJ_CARR,66666360,920.7653832945857,//R_LJJ_CARR/FLOW/01Oct2026/1Hour/RUN:Forecast/
R_LJJ_CARR,66666420,908.2060110580628,//R_LJJ_CARR/FLOW/01Oct2026/1Hour/RUN:Forecast/
R_LJJ_CARR,66666480,896.7288944088871,//R_LJJ_CARR/FLOW/01Oct2026/1Hour/RUN:Forecast/
R_LJJ_CARR,66666540,885.5472699823323,//R_LJJ_CARR/FLOW/01Oct2026/1Hour/RUN:Forecast/
R_LJJ_CARR,66666600,874.2499411259946,//R_LJJ_CARR/FLOW/01Oct2026/1Hour/RUN:Forecast/
R_LJJ_CARR,66666660,862.6610713011443,//R_LJJ_CARR/FLOW/01Oct2026/1Hour/RUN:Forecast/
R_LJJ_CARR,66666720,850.744210183793,//R_LJJ_CARR/FLOW/01Oct2026/1Hour/RUN:Forecast/
R_LJJ_CARR,66666780,838.5381416418547,//R_LJJ_CARR/FLOW/01Oct2026/1Hour/RUN:Forecast/
R_LJJ_CARR,66666840,826.117729390837,//R_LJJ_CARR/FLOW/01Oct2026/1Hour/RUN:Forecast/
R_LJJ_CARR,66666900,813.5691241433078,//R_LJJ_CARR/FLOW/01Oct2026/1Hour/RUN:Forecast/
R_LJJ_CARR,66666960,800.9769892435625,//R_LJJ_CARR/FLOW/01Oct2026/1Hour/RUN:Forecast/
R_LJJ_CARR,66667020,788.4180655095648,//R_LJJ_CARR/FLOW/01Oct2026/1Hour/RUN:Forecast/
R_LJJ_CARR,66667080,775.9572924122059,//R_LJJ_CARR/FLOW/01Oct2026/1Hour/RUN:Forecast/
R_LJJ_CARR,66667140,763.6473437438874,//R_LJJ_CARR/FLOW/01Oct2026/1Hour/RUN:Forecast/
R_LJJ_CARR,66667200,751.5297030837744,//R_LJJ_CARR/FLOW/01Oct2026/1Hour/RUN:Forecast/
R_LJJ_CARR,66667260,739.6361651347916,//R_LJJ_CARR/FLOW/01Oct2026/1Hour/RUN:Forecast/
R_LJJ_CARR,66667320,727.9899912625934,//R_LJJ_CARR/FLOW/01Oct2026/1Hour/RUN:Forecast/
R_LJJ_CARR,66667380,716.6071919529797,//R_LJJ_CARR/FLOW/01Oct2026/1Hour/RUN:Forecast/
R_LJJ_CARR,66667440,705.4983145334211,//R_LJJ_CARR/FLOW/01Oct2026/1Hour/RUN:Forecast/
R_LJJ_CARR,66667500,694.6692621711023,//R_LJJ_CARR/FLOW/01Oct2026/1Hour/RUN:Forecast/
R_LJJ_CARR,66667560,684.1222812533572,//R_LJJ_CARR/FLOW/01Oct2026/1Hour/RUN:Forecast/
R_LJJ_CARR,66667620,673.8571124602113,//R_LJJ_CARR/FLOW/01Oct2026/1Hour/RUN:Forecast/
R_LJJ_CARR,66667680,663.8718421305766,//R_LJJ_CARR/FLOW/01Oct2026/1Hour/RUN:Forecast/
R_LJJ_CARR,66667740,654.1624770482268,//R_LJJ_CARR/FLOW/01Oct2026/1Hour/RUN:Forecast/
R_LJJ_CARR,66667800,644.723410804538,//R_LJJ_CARR/FLOW/01Oct2026/1Hour/RUN:Forecast/
R_LJJ_CARR,66667860,635.5497345993609,//R_LJJ_CARR/FLOW/01Oct2026/1Hour/RUN:Forecast/
R_LJJ_CARR,66667920,626.6346074286628,//R_LJJ_CARR/FLOW/01Oct2026/1Hour/RUN:Forecast/
R_LJJ_CARR,66667980,617.9716767319701,//R_LJJ_CARR/FLOW/01Oct2026/1Hour/RUN:Forecast/
R_LJJ_CARR,66668040,609.5538899348787,//R_LJJ_CARR/FLOW/01Oct2026/1Hour/RUN:Forecast/
R_LJJ_CARR,66668100,601.3745436132041,//R_LJJ_CARR/FLOW/01Oct2026/1Hour/RUN:Forecast/
R_LJJ_CARR,66668160,593.4266647028483,//R_LJJ_CARR/FLOW/01Oct2026/1Hour/RUN:Forecast/
R_LJJ_CARR,66668220,585.7033927075317,//R_LJJ_CARR/FLOW/01Oct2026/1Hour/RUN:Forecast/
R_LJJ_CARR,66668280,578.197586264649,//R_LJJ_CARR/FLOW/01Oct2026/1Hour/RUN:Forecast/
R_LJJ_CARR,66668340,570.9027644510209,//R_LJJ_CARR/FLOW/01Oct2026/1Hour/RUN:Forecast/
R_LJJ_CARR,66668400,563.8123551615242,//R_LJJ_CARR/FLOW/01Oct2026/1Hour/RUN:Forecast/
R_LJJ_CARR,66668460,556.9201147719562,//R_LJJ_CARR/FLOW/01Oct2026/1Hour/RUN:Forecast/
R_LJJ_CARR,66668520,550.2199462053036,//R_LJJ_CARR/FLOW/01Oct2026/1Hour/RUN:Forecast/
R_LJJ_CARR,66668580,543.7053976585204,//R_LJJ_CARR/FLOW/01Oct2026/1Hour/RUN:Forecast/
R_LJJ_CARR,66668640,537.3704042195665,//R_LJJ_CARR/FLOW/01Oct2026/1Hour/RUN:Forecast/
R_LJJ_CARR,66668700,531.2098597051959,//R_LJJ_CARR/FLOW/01Oct2026/1Hour/RUN:Forecast/
R_LJJ_CARR,66668760,525.2181633564611,//R_LJJ_CARR/FLOW/01Oct2026/1Hour/RUN:Forecast/
R_LJJ_CARR,66668820,519.3893682192053,//R_LJJ_CARR/FLOW/01Oct2026/1Hour/RUN:Forecast/
R_LJJ_CARR,66668880,513.719117165686,//R_LJJ_CARR/FLOW/01Oct2026/1Hour/RUN:Forecast/
R_LJJ_CARR,66668940,508.201638153402,//R_LJJ_CARR/FLOW/01Oct2026/1Hour/RUN:Forecast/
R_LJJ_CARR,66669000,502.8327471600743,//R_LJJ_CARR/FLOW/01Oct2026/1Hour/RUN:Forecast/
R_LJJ_CARR,66669060,497.60710085249855,//R_LJJ_CARR/FLOW/01Oct2026/1Hour/RUN:Forecast/
R_LJJ_CARR,66669120,492.5204511989821,//R_LJJ_CARR/FLOW/01Oct2026/1Hour/RUN:Forecast/
R_LJJ_CARR,66669180,487.61611715071706,//R_LJJ_CARR/FLOW/01Oct2026/1Hour/RUN:Forecast/
R_LJJ_CARR,66669240,483.26143374573064,//R_LJJ_CARR/FLOW/01Oct2026/1Hour/RUN:Forecast/
R_LJJ_CARR,66669300,480.1600949606344,//R_LJJ_CARR/FLOW/01Oct2026/1Hour/RUN:Forecast/
R_LJJ_CARR,66669360,478.96808413100746,//R_LJJ_CARR/FLOW/01Oct2026/1Hour/RUN:Forecast/
R_LJJ_CARR,66669420,479.89500297386815,//R_LJJ_CARR/FLOW/01Oct2026/1Hour/RUN:Forecast/
R_LJJ_CARR,66669480,482.70056110849845,//R_LJJ_CARR/FLOW/01Oct2026/1Hour/RUN:Forecast/
R_LJJ_CARR,66669540,487.0549889174621,//R_LJJ_CARR/FLOW/01Oct2026/1Hour/RUN:Forecast/
R_LJJ_CARR,66669600,492.6833548435786,//R_LJJ_CARR/FLOW/01Oct2026/1Hour/RUN:Forecast/
R_LJJ_CARR,66669660,499.3730805288702,//R_LJJ_CARR/FLOW/01Oct2026/1Hour/RUN:Forecast/
R_LJJ_CARR,66669720,506.959369940443,//R_LJJ_CARR/FLOW/01Oct2026/1Hour/RUN:Forecast/
R_LJJ_CARR,66669780,515.3142239619659,//R_LJJ_CARR/FLOW/01Oct2026/1Hour/RUN:Forecast/
R_LJJ_CARR,66669840,524.3242029057166,//R_LJJ_CARR/FLOW/01Oct2026/1Hour/RUN:Forecast/
R_LJJ_CARR,66669900,533.8082216597318,//R_LJJ_CARR/FLOW/01Oct2026/1Hour/RUN:Forecast/
R_LJJ_CARR,66669960,543.4306410235743,//R_LJJ_CARR/FLOW/01Oct2026/1Hour/RUN:Forecast/
R_LJJ_CARR,66670020,552.745023701232,//R_LJJ_CARR/FLOW/01Oct2026/1Hour/RUN:Forecast/
R_LJJ_CARR,66670080,561.3411030697105,//R_LJJ_CARR/FLOW/01Oct2026/1Hour/RUN:Forecast/
R_LJJ_CARR,66670140,568.9578653745102,//R_LJJ_CARR/FLOW/01Oct2026/1Hour/RUN:Forecast/
R_LJJ_CARR,66670200,575.461070617729,//R_LJJ_CARR/FLOW/01Oct2026/1Hour/RUN:Forecast/
R_LJJ_CARR,66670260,580.7680451542483,//R_LJJ_CARR/FLOW/01Oct2026/1Hour/RUN:Forecast/
R_LJJ_CARR,66670320,584.8085299999316,//R_LJJ_CARR/FLOW/01Oct2026/1Hour/RUN:Forecast/
R_LJJ_CARR,66670380,587.497988323971,//R_LJJ_CARR/FLOW/01Oct2026/1Hour/RUN:Forecast/
R_LJJ_CARR,66670440,588.7030482194175,//R_LJJ_CARR/FLOW/01Oct2026/1Hour/RUN:Forecast/
R_LJJ_CARR,66670500,588.1681319624076,//R_LJJ_CARR/FLOW/01Oct2026/1Hour/RUN:Forecast/
R_LJJ_CARR,66670560,585.5396410990179,//R_LJJ_CARR/FLOW/01Oct2026/1Hour/RUN:Forecast/
R_LJJ_CARR,66670620,580.7521804230778,//R_LJJ_CARR/FLOW/01Oct2026/1Hour/RUN:Forecast/
R_LJJ_CARR,66670680,574.2609518601632,//R_LJJ_CARR/FLOW/01Oct2026/1Hour/RUN:Forecast/
R_LJJ_CARR,66670740,566.8316322791484,//R_LJJ_CARR/FLOW/01Oct2026/1Hour/RUN:Forecast/
R_LJJ_CARR,66670800,559.0143881479324,//R_LJJ_CARR/FLOW/01Oct2026/1Hour/RUN:Forecast/
R_LJJ_CARR,66670860,550.770909339192,//R_LJJ_CARR/FLOW/01Oct2026/1Hour/RUN:Forecast/
R_LJJ_CARR,66670920,542.750678367993,//R_LJJ_CARR/FLOW/01Oct2026/1Hour/RUN:Forecast/
R_LJJ_CARR,66670980,535.1152839130306,//R_LJJ_CARR/FLOW/01Oct2026/1Hour/RUN:Forecast/
R_LJJ_CARR,66671040,527.5254377128418,//R_LJJ_CARR/FLOW/01Oct2026/1Hour/RUN:Forecast/
R_LJJ_CARR,66671100,518.7096962572713,//R_LJJ_CARR/FLOW/01Oct2026/1Hour/RUN:Forecast/
R_LJJ_CARR,66671160,509.61747050082624,//R_LJJ_CARR/FLOW/01Oct2026/1Hour/RUN:Forecast/
R_LJJ_CARR,66671220,501.41473741243897,//R_LJJ_CARR/FLOW/01Oct2026/1Hour/RUN:Forecast/
R_LJJ_CARR,66671280,493.5482827306732,//R_LJJ_CARR/FLOW/01Oct2026/1Hour/RUN:Forecast/
R_LJJ_CARR,66671340,485.9900477967884,//R_LJJ_CARR/FLOW/01Oct2026/1Hour/RUN:Forecast/
R_LJJ_CARR,66671400,478.6125832560572,//R_LJJ_CARR/FLOW/01Oct2026/1Hour/RUN:Forecast/
R_LJJ_CARR,66671460,471.7746228790426,//R_LJJ_CARR/FLOW/01Oct2026/1Hour/RUN:Forecast/
R_LJJ_CARR,66671520,466.06654031952644,//R_LJJ_CARR/FLOW/01Oct2026/1Hour/RUN:Forecast/
R_LJJ_CARR,66671580,461.44501450945904,//R_LJJ_CARR/FLOW/01Oct2026/1Hour/RUN:Forecast/
R_LJJ_CARR,66671640,458.6451075225348,//R_LJJ_CARR/FLOW/01Oct2026/1Hour/RUN:Forecast/
R_LJJ_CARR,66671700,458.3353021842131,//R_LJJ_CARR/FLOW/01Oct2026/1Hour/RUN:Forecast/
R_LJJ_CARR,66671760,460.70603681857534,//R_LJJ_CARR/FLOW/01Oct2026/1Hour/RUN:Forecast/
R_LJJ_CARR,66671820,465.4280946637201,//R_LJJ_CARR/FLOW/01Oct2026/1Hour/RUN:Forecast/
R_LJJ_CARR,66671880,472.0744556735037,//R_LJJ_CARR/FLOW/01Oct2026/1Hour/RUN:Forecast/
R_LJJ_CARR,66671940,480.28545755345505,//R_LJJ_CARR/FLOW/01Oct2026/1Hour/RUN:Forecast/
R_LJJ_CARR,66672000,489.77540319213006,//R_LJJ_CARR/FLOW/01Oct2026/1Hour/RUN:Forecast/
R_LJJ_CARR,66672060,500.32206580339744,//R_LJJ_CARR/FLOW/01Oct2026/1Hour/RUN:Forecast/
R_LJJ_CARR,66672120,511.75521215265076,//R_LJJ_CARR/FLOW/01Oct2026/1Hour/RUN:Forecast/
R_LJJ_CARR,66672180,523.9280681888258,//R_LJJ_CARR/FLOW/01Oct2026/1Hour/RUN:Forecast/
R_LJJ_CARR,66672240,536.6148904133162,//R_LJJ_CARR/FLOW/01Oct2026/1Hour/RUN:Forecast/
R_LJJ_CARR,66672300,549.4001387171683,//R_LJJ_CARR/FLOW/01Oct2026/1Hour/RUN:Forecast/
R_LJJ_CARR,66672360,561.7196771092508,//R_LJJ_CARR/FLOW/01Oct2026/1Hour/RUN:Forecast/
R_LJJ_CARR,66672420,572.9708761793017,//R_LJJ_CARR/FLOW/01Oct2026/1Hour/RUN:Forecast/
R_LJJ_CARR,66672480,582.6489905881574,//R_LJJ_CARR/FLOW/01Oct2026/1Hour/RUN:Forecast/
R_LJJ_CARR,66672540,590.495732289308,//R_LJJ_CARR/FLOW/01Oct2026/1Hour/RUN:Forecast/
R_LJJ_CARR,66672600,596.4731606258699,//R_LJJ_CARR/FLOW/01Oct2026/1Hour/RUN:Forecast/
R_LJJ_CARR,66672660,600.6825810687385,//R_LJJ_CARR/FLOW/01Oct2026/1Hour/RUN:Forecast/
R_LJJ_CARR,66672720,603.2009209594567,//R_LJJ_CARR/FLOW/01Oct2026/1Hour/RUN:Forecast/
R_LJJ_CARR,66672780,604.0965087591205,//R_LJJ_CARR/FLOW/01Oct2026/1Hour/RUN:Forecast/
R_LJJ_CARR,66672840,602.9447235420482,//R_LJJ_CARR/FLOW/01Oct2026/1Hour/RUN:Forecast/
R_LJJ_CARR,66672900,599.3004493098952,//R_LJJ_CARR/FLOW/01Oct2026/1Hour/RUN:Forecast/
R_LJJ_CARR,66672960,593.4292827487984,//R_LJJ_CARR/FLOW/01Oct2026/1Hour/RUN:Forecast/
R_LJJ_CARR,66673020,585.7403243015485,//R_LJJ_CARR/FLOW/01Oct2026/1Hour/RUN:Forecast/
R_LJJ_CARR,66673080,577.0242527420208,//R_LJJ_CARR/FLOW/01Oct2026/1Hour/RUN:Forecast/
R_LJJ_CARR,66673140,567.9805765503299,//R_LJJ_CARR/FLOW/01Oct2026/1Hour/RUN:Forecast/
CARR_SOURCE,66665700,207.63250732421875,//CARR_SOURCE/FLOW/01Oct2026/1Hour/RUN:Forecast/
CARR_SOURCE,66665760,202.69000244140625,//CARR_SOURCE/FLOW/01Oct2026/1Hour/RUN:Forecast/
CARR_SOURCE,66665820,198.3125,//CARR_SOURCE/FLOW/01Oct2026/1Hour/RUN:Forecast/
CARR_SOURCE,66665880,194.21749877929688,//CARR_SOURCE/FLOW/01Oct2026/1Hour/RUN:Forecast/
CARR_SOURCE,66665940,191.05999755859375,//CARR_SOURCE/FLOW/01Oct2026/1Hour/RUN:Forecast/
CARR_SOURCE,66666000,188.87744140625,//CARR_SOURCE/FLOW/01Oct2026/1Hour/RUN:Forecast/
CARR_SOURCE,66666060,186.97695922851562,//CARR_SOURCE/FLOW/01Oct2026/1Hour/RUN:Forecast/
CARR_SOURCE,66666120,185.79249572753906,//CARR_SOURCE/FLOW/01Oct2026/1Hour/RUN:Forecast/
CARR_SOURCE,66666180,184.99673461914062,//CARR_SOURCE/FLOW/01Oct2026/1Hour/RUN:Forecast/
CARR_SOURCE,66666240,184.3907928466797,//CARR_SOURCE/FLOW/01Oct2026/1Hour/RUN:Forecast/
CARR_SOURCE,66666300,183.85763549804688,//CARR_SOURCE/FLOW/01Oct2026/1Hour/RUN:Forecast/
CARR_SOURCE,66666360,183.3317413330078,//CARR_SOURCE/FLOW/01Oct2026/1Hour/RUN:Forecast/
CARR_SOURCE,66666420,182.77920532226562,//CARR_SOURCE/FLOW/01Oct2026/1Hour/RUN:Forecast/
CARR_SOURCE,66666480,182.18515014648438,//CARR_SOURCE/FLOW/01Oct2026/1Hour/RUN:Forecast/
CARR_SOURCE,66666540,181.54563903808594,//CARR_SOURCE/FLOW/01Oct2026/1Hour/RUN:Forecast/
CARR_SOURCE,66666600,180.86264038085938,//CARR_SOURCE/FLOW/01Oct2026/1Hour/RUN:Forecast/
CARR_SOURCE,66666660,180.1410369873047,//CARR_SOURCE/FLOW/01Oct2026/1Hour/RUN:Forecast/
CARR_SOURCE,66666720,179.38677978515625,//CARR_SOURCE/FLOW/01Oct2026/1Hour/RUN:Forecast/
CARR_SOURCE,66666780,178.6059112548828,//CARR_SOURCE/FLOW/01Oct2026/1Hour/RUN:Forecast/
CARR_SOURCE,66666840,177.8040313720703,//CARR_SOURCE/FLOW/01Oct2026/1Hour/RUN:Forecast/
CARR_SOURCE,66666900,176.9860382080078,//CARR_SOURCE/FLOW/01Oct2026/1Hour/RUN:Forecast/
CARR_SOURCE,66666960,176.1560821533203,//CARR_SOURCE/FLOW/01Oct2026/1Hour/RUN:Forecast/
CARR_SOURCE,66667020,175.31764221191406,//CARR_SOURCE/FLOW/01Oct2026/1Hour/RUN:Forecast/
CARR_SOURCE,66667080,174.47348022460938,//CARR_SOURCE/FLOW/01Oct2026/1Hour/RUN:Forecast/
CARR_SOURCE,66667140,173.62586975097656,//CARR_SOURCE/FLOW/01Oct2026/1Hour/RUN:Forecast/
CARR_SOURCE,66667200,172.77655029296875,//CARR_SOURCE/FLOW/01Oct2026/1Hour/RUN:Forecast/
CARR_SOURCE,66667260,171.9269256591797,//CARR_SOURCE/FLOW/01Oct2026/1Hour/RUN:Forecast/
CARR_SOURCE,66667320,171.0780487060547,//CARR_SOURCE/FLOW/01Oct2026/1Hour/RUN:Forecast/
CARR_SOURCE,66667380,170.23077392578125,//CARR_SOURCE/FLOW/01Oct2026/1Hour/RUN:Forecast/
CARR_SOURCE,66667440,169.38571166992188,//CARR_SOURCE/FLOW/01Oct2026/1Hour/RUN:Forecast/
CARR_SOURCE,66667500,168.54336547851562,//CARR_SOURCE/FLOW/01Oct2026/1Hour/RUN:Forecast/
CARR_SOURCE,66667560,167.70407104492188,//CARR_SOURCE/FLOW/01Oct2026/1Hour/RUN:Forecast/
CARR_SOURCE,66667620,166.86810302734375,//CARR_SOURCE/FLOW/01Oct2026/1Hour/RUN:Forecast/
CARR_SOURCE,66667680,166.03567504882812,//CARR_SOURCE/FLOW/01Oct2026/1Hour/RUN:Forecast/
CARR_SOURCE,66667740,165.2069091796875,//CARR_SOURCE/FLOW/01Oct2026/1Hour/RUN:Forecast/
CARR_SOURCE,66667800,164.38192749023438,//CARR_SOURCE/FLOW/01Oct2026/1Hour/RUN:Forecast/
CARR_SOURCE,66667860,163.56080627441406,//CARR_SOURCE/FLOW/01Oct2026/1Hour/RUN:Forecast/
CARR_SOURCE,66667920,162.74359130859375,//CARR_SOURCE/FLOW/01Oct2026/1Hour/RUN:Forecast/
CARR_SOURCE,66667980,161.9302978515625,//CARR_SOURCE/FLOW/01Oct2026/1Hour/RUN:Forecast/
CARR_SOURCE,66668040,161.1209716796875,//CARR_SOURCE/FLOW/01Oct2026/1Hour/RUN:Forecast/
CARR_SOURCE,66668100,160.3155975341797,//CARR_SOURCE/FLOW/01Oct2026/1Hour/RUN:Forecast/
CARR_SOURCE,66668160,159.51419067382812,//CARR_SOURCE/FLOW/01Oct2026/1Hour/RUN:Forecast/
CARR_SOURCE,66668220,158.7167510986328,//CARR_SOURCE/FLOW/01Oct2026/1Hour/RUN:Forecast/
CARR_SOURCE,66668280,157.9232635498047,//CARR_SOURCE/FLOW/01Oct2026/1Hour/RUN:Forecast/
CARR_SOURCE,66668340,157.1337127685547,//CARR_SOURCE/FLOW/01Oct2026/1Hour/RUN:Forecast/
CARR_SOURCE,66668400,156.3480987548828,//CARR_SOURCE/FLOW/01Oct2026/1Hour/RUN:Forecast/
CARR_SOURCE,66668460,155.56639099121094,//CARR_SOURCE/FLOW/01Oct2026/1Hour/RUN:Forecast/
CARR_SOURCE,66668520,154.78858947753906,//CARR_SOURCE/FLOW/01Oct2026/1Hour/RUN:Forecast/
CARR_SOURCE,66668580,154.01466369628906,//CARR_SOURCE/FLOW/01Oct2026/1Hour/RUN:Forecast/
CARR_SOURCE,66668640,153.24461364746094,//CARR_SOURCE/FLOW/01Oct2026/1Hour/RUN:Forecast/
CARR_SOURCE,66668700,152.4783935546875,//CARR_SOURCE/FLOW/01Oct2026/1Hour/RUN:Forecast/
CARR_SOURCE,66668760,151.7160186767578,//CARR_SOURCE/FLOW/01Oct2026/1Hour/RUN:Forecast/
CARR_SOURCE,66668820,150.9574432373047,//CARR_SOURCE/FLOW/01Oct2026/1Hour/RUN:Forecast/
CARR_SOURCE,66668880,150.20265197753906,//CARR_SOURCE/FLOW/01Oct2026/1Hour/RUN:Forecast/
CARR_SOURCE,66668940,149.45164489746094,//CARR_SOURCE/FLOW/01Oct2026/1Hour/RUN:Forecast/
CARR_SOURCE,66669000,148.7043914794922,//CARR_SOURCE/FLOW/01Oct2026/1Hour/RUN:Forecast/
CARR_SOURCE,66669060,147.96087646484375,//CARR_SOURCE/FLOW/01Oct2026/1Hour/RUN:Forecast/
CARR_SOURCE,66669120,147.2210693359375,//CARR_SOURCE/FLOW/01Oct2026/1Hour/RUN:Forecast/
CARR_SOURCE,66669180,146.5883026123047,//CARR_SOURCE/FLOW/01Oct2026/1Hour/RUN:Forecast/
CARR_SOURCE,66669240,146.05848693847656,//CARR_SOURCE/FLOW/01Oct2026/1Hour/RUN:Forecast/
CARR_SOURCE,66669300,145.6277313232422,//CARR_SOURCE/FLOW/01Oct2026/1Hour/RUN:Forecast/
CARR_SOURCE,66669360,145.18893432617188,//CARR_SOURCE/FLOW/01Oct2026/1Hour/RUN:Forecast/
CARR_SOURCE,66669420,144.74253845214844,//CARR_SOURCE/FLOW/01Oct2026/1Hour/RUN:Forecast/
CARR_SOURCE,66669480,144.28895568847656,//CARR_SOURCE/FLOW/01Oct2026/1Hour/RUN:Forecast/
CARR_SOURCE,66669540,143.82859802246094,//CARR_SOURCE/FLOW/01Oct2026/1Hour/RUN:Forecast/
CARR_SOURCE,66669600,143.3618621826172,//CARR_SOURCE/FLOW/01Oct2026/1Hour/RUN:Forecast/
CARR_SOURCE,66669660,142.8891143798828,//CARR_SOURCE/FLOW/01Oct2026/1Hour/RUN:Forecast/
CARR_SOURCE,66669720,142.41070556640625,//CARR_SOURCE/FLOW/01Oct2026/1Hour/RUN:Forecast/
CARR_SOURCE,66669780,141.92698669433594,//CARR_SOURCE/FLOW/01Oct2026/1Hour/RUN:Forecast/
CARR_SOURCE,66669840,141.4382781982422,//CARR_SOURCE/FLOW/01Oct2026/1Hour/RUN:Forecast/
CARR_SOURCE,66669900,140.9449005126953,//CARR_SOURCE/FLOW/01Oct2026/1Hour/RUN:Forecast/
CARR_SOURCE,66669960,140.44715881347656,//CARR_SOURCE/FLOW/01Oct2026/1Hour/RUN:Forecast/
CARR_SOURCE,66670020,139.94534301757812,//CARR_SOURCE/FLOW/01Oct2026/1Hour/RUN:Forecast/
CARR_SOURCE,66670080,139.43972778320312,//CARR_SOURCE/FLOW/01Oct2026/1Hour/RUN:Forecast/
CARR_SOURCE,66670140,138.93057250976562,//CARR_SOURCE/FLOW/01Oct2026/1Hour/RUN:Forecast/
CARR_SOURCE,66670200,138.4181365966797,//CARR_SOURCE/FLOW/01Oct2026/1Hour/RUN:Forecast/
CARR_SOURCE,66670260,137.90267944335938,//CARR_SOURCE/FLOW/01Oct2026/1Hour/RUN:Forecast/
CARR_SOURCE,66670320,137.38441467285156,//CARR_SOURCE/FLOW/01Oct2026/1Hour/RUN:Forecast/
CARR_SOURCE,66670380,136.76025390625,//CARR_SOURCE/FLOW/01Oct2026/1Hour/RUN:Forecast/
CARR_SOURCE,66670440,136.03443908691406,//CARR_SOURCE/FLOW/01Oct2026/1Hour/RUN:Forecast/
CARR_SOURCE,66670500,135.21109008789062,//CARR_SOURCE/FLOW/01Oct2026/1Hour/RUN:Forecast/
CARR_SOURCE,66670560,134.39747619628906,//CARR_SOURCE/FLOW/01Oct2026/1Hour/RUN:Forecast/
CARR_SOURCE,66670620,133.59332275390625,//CARR_SOURCE/FLOW/01Oct2026/1Hour/RUN:Forecast/
CARR_SOURCE,66670680,132.79837036132812,//CARR_SOURCE/FLOW/01Oct2026/1Hour/RUN:Forecast/
CARR_SOURCE,66670740,132.0123748779297,//CARR_SOURCE/FLOW/01Oct2026/1Hour/RUN:Forecast/
CARR_SOURCE,66670800,131.23507690429688,//CARR_SOURCE/FLOW/01Oct2026/1Hour/RUN:Forecast/
CARR_SOURCE,66670860,130.46627807617188,//CARR_SOURCE/FLOW/01Oct2026/1Hour/RUN:Forecast/
CARR_SOURCE,66670920,129.7057342529297,//CARR_SOURCE/FLOW/01Oct2026/1Hour/RUN:Forecast/
CARR_SOURCE,66670980,128.9532470703125,//CARR_SOURCE/FLOW/01Oct2026/1Hour/RUN:Forecast/
CARR_SOURCE,66671040,128.20858764648438,//CARR_SOURCE/FLOW/01Oct2026/1Hour/RUN:Forecast/
CARR_SOURCE,66671100,127.47156524658203,//CARR_SOURCE/FLOW/01Oct2026/1Hour/RUN:Forecast/
CARR_SOURCE,66671160,126.74199676513672,//CARR_SOURCE/FLOW/01Oct2026/1Hour/RUN:Forecast/
CARR_SOURCE,66671220,126.01969146728516,//CARR_SOURCE/FLOW/01Oct2026/1Hour/RUN:Forecast/
CARR_SOURCE,66671280,125.30447387695312,//CARR_SOURCE/FLOW/01Oct2026/1Hour/RUN:Forecast/
CARR_SOURCE,66671340,126.13888549804688,//CARR_SOURCE/FLOW/01Oct2026/1Hour/RUN:Forecast/
CARR_SOURCE,66671400,128.46226501464844,//CARR_SOURCE/FLOW/01Oct2026/1Hour/RUN:Forecast/
CARR_SOURCE,66671460,132.2163543701172,//CARR_SOURCE/FLOW/01Oct2026/1Hour/RUN:Forecast/
CARR_SOURCE,66671520,139.93296813964844,//CARR_SOURCE/FLOW/01Oct2026/1Hour/RUN:Forecast/
CARR_SOURCE,66671580,151.4568634033203,//CARR_SOURCE/FLOW/01Oct2026/1Hour/RUN:Forecast/
CARR_SOURCE,66671640,166.63882446289062,//CARR_SOURCE/FLOW/01Oct2026/1Hour/RUN:Forecast/
CARR_SOURCE,66671700,181.29165649414062,//CARR_SOURCE/FLOW/01Oct2026/1Hour/RUN:Forecast/
CARR_SOURCE,66671760,195.43618774414062,//CARR_SOURCE/FLOW/01Oct2026/1Hour/RUN:Forecast/
CARR_SOURCE,66671820,209.09243774414062,//CARR_SOURCE/FLOW/01Oct2026/1Hour/RUN:Forecast/
CARR_SOURCE,66671880,222.1930389404297,//CARR_SOURCE/FLOW/01Oct2026/1Hour/RUN:Forecast/
CARR_SOURCE,66671940,234.7598419189453,//CARR_SOURCE/FLOW/01Oct2026/1Hour/RUN:Forecast/
CARR_SOURCE,66672000,246.81390380859375,//CARR_SOURCE/FLOW/01Oct2026/1Hour/RUN:Forecast/
CARR_SOURCE,66672060,258.37542724609375,//CARR_SOURCE/FLOW/01Oct2026/1Hour/RUN:Forecast/
CARR_SOURCE,66672120,269.4638366699219,//CARR_SOURCE/FLOW/01Oct2026/1Hour/RUN:Forecast/
CARR_SOURCE,66672180,280.09771728515625,//CARR_SOURCE/FLOW/01Oct2026/1Hour/RUN:Forecast/
CARR_SOURCE,66672240,290.2950744628906,//CARR_SOURCE/FLOW/01Oct2026/1Hour/RUN:Forecast/
CARR_SOURCE,66672300,300.0730895996094,//CARR_SOURCE/FLOW/01Oct2026/1Hour/RUN:Forecast/
CARR_SOURCE,66672360,309.4482727050781,//CARR_SOURCE/FLOW/01Oct2026/1Hour/RUN:Forecast/
CARR_SOURCE,66672420,318.4365539550781,//CARR_SOURCE/FLOW/01Oct2026/1Hour/RUN:Forecast/
CARR_SOURCE,66672480,327.0531921386719,//CARR_SOURCE/FLOW/01Oct2026/1Hour/RUN:Forecast/
CARR_SOURCE,66672540,333.7701416015625,//CARR_SOURCE/FLOW/01Oct2026/1Hour/RUN:Forecast/
CARR_SOURCE,66672600,338.6619567871094,//CARR_SOURCE/FLOW/01Oct2026/1Hour/RUN:Forecast/
CARR_SOURCE,66672660,341.80035400390625,//CARR_SOURCE/FLOW/01Oct2026/1Hour/RUN:Forecast/
CARR_SOURCE,66672720,340.6662902832031,//CARR_SOURCE/FLOW/01Oct2026/1Hour/RUN:Forecast/
CARR_SOURCE,66672780,335.4273986816406,//CARR_SOURCE/FLOW/01Oct2026/1Hour/RUN:Forecast/
CARR_SOURCE,66672840,326.2447509765625,//CARR_SOURCE/FLOW/01Oct2026/1Hour/RUN:Forecast/
CARR_SOURCE,66672900,317.31695556640625,//CARR_SOURCE/FLOW/01Oct2026/1Hour/RUN:Forecast/
CARR_SOURCE,66672960,308.6341247558594,//CARR_SOURCE/FLOW/01Oct2026/1Hour/RUN:Forecast/
CARR_SOURCE,66673020,300.1867370605469,//CARR_SOURCE/FLOW/01Oct2026/1Hour/RUN:Forecast/
CARR_SOURCE,66673080,292.0522766113281,//CARR_SOURCE/FLOW/01Oct2026/1Hour/RUN:Forecast/
CARR_SOURCE,66673140,284.2186279296875,//CARR_SOURCE/FLOW/01Oct2026/1Hour/RUN:Forecast/
J_CARR,66665700,1733.5950317382812,//J_CARR/FLOW/01Oct2026/1Hour/RUN:Forecast/
J_CARR,66665760,1726.494153972391,//J_CARR/FLOW/01Oct2026/1Hour/RUN:Forecast/
J_CARR,66665820,1701.5319630265724,//J_CARR/FLOW/01Oct2026/1Hour/RUN:Forecast/
J_CARR,66665880,1625.8073747667768,//J_CARR/FLOW/01Oct2026/1Hour/RUN:Forecast/
J_CARR,66665940,1472.5168635507289,//J_CARR/FLOW/01Oct2026/1Hour/RUN:Forecast/
J_CARR,66666000,1347.308166908701,//J_CARR/FLOW/01Oct2026/1Hour/RUN:Forecast/
J_CARR,66666060,1264.835022680937,//J_CARR/FLOW/01Oct2026/1Hour/RUN:Forecast/
J_CARR,66666120,1207.746140765807,//J_CARR/FLOW/01Oct2026/1Hour/RUN:Forecast/
J_CARR,66666180,1167.6646072145165,//J_CARR/FLOW/01Oct2026/1Hour/RUN:Forecast/
J_CARR,66666240,1139.7303742928711,//J_CARR/FLOW/01Oct2026/1Hour/RUN:Forecast/
J_CARR,66666300,1119.6176613626444,//J_CARR/FLOW/01Oct2026/1Hour/RUN:Forecast/
J_CARR,66666360,1104.0971246275935,//J_CARR/FLOW/01Oct2026/1Hour/RUN:Forecast/
J_CARR,66666420,1090.9852163803284,//J_CARR/FLOW/01Oct2026/1Hour/RUN:Forecast/
J_CARR,66666480,1078.9140445553714,//J_CARR/FLOW/01Oct2026/1Hour/RUN:Forecast/
J_CARR,66666540,1067.0929090204181,//J_CARR/FLOW/01Oct2026/1Hour/RUN:Forecast/
J_CARR,66666600,1055.112581506854,//J_CARR/FLOW/01Oct2026/1Hour/RUN:Forecast/
J_CARR,66666660,1042.8021082884488,//J_CARR/FLOW/01Oct2026/1Hour/RUN:Forecast/
J_CARR,66666720,1030.1309899689493,//J_CARR/FLOW/01Oct2026/1Hour/RUN:Forecast/
J_CARR,66666780,1017.1440528967375,//J_CARR/FLOW/01Oct2026/1Hour/RUN:Forecast/
J_CARR,66666840,1003.9217607629073,//J_CARR/FLOW/01Oct2026/1Hour/RUN:Forecast/
J_CARR,66666900,990.5551623513156,//J_CARR/FLOW/01Oct2026/1Hour/RUN:Forecast/
J_CARR,66666960,977.1330713968828,//J_CARR/FLOW/01Oct2026/1Hour/RUN:Forecast/
J_CARR,66667020,963.7357077214789,//J_CARR/FLOW/01Oct2026/1Hour/RUN:Forecast/
J_CARR,66667080,950.4307726368153,//J_CARR/FLOW/01Oct2026/1Hour/RUN:Forecast/
J_CARR,66667140,937.273213494864,//J_CARR/FLOW/01Oct2026/1Hour/RUN:Forecast/
J_CARR,66667200,924.3062533767431,//J_CARR/FLOW/01Oct2026/1Hour/RUN:Forecast/
J_CARR,66667260,911.5630907939712,//J_CARR/FLOW/01Oct2026/1Hour/RUN:Forecast/
J_CARR,66667320,899.0680399686481,//J_CARR/FLOW/01Oct2026/1Hour/RUN:Forecast/
J_CARR,66667380,886.837965878761,//J_CARR/FLOW/01Oct2026/1Hour/RUN:Forecast/
J_CARR,66667440,874.884026203343,//J_CARR/FLOW/01Oct2026/1Hour/RUN:Forecast/
J_CARR,66667500,863.212627649618,//J_CARR/FLOW/01Oct2026/1Hour/RUN:Forecast/
J_CARR,66667560,851.8263522982791,//J_CARR/FLOW/01Oct2026/1Hour/RUN:Forecast/
J_CARR,66667620,840.725215487555,//J_CARR/FLOW/01Oct2026/1Hour/RUN:Forecast/
J_CARR,66667680,829.9075171794047,//J_CARR/FLOW/01Oct2026/1Hour/RUN:Forecast/
J_CARR,66667740,819.3693862279143,//J_CARR/FLOW/01Oct2026/1Hour/RUN:Forecast/
J_CARR,66667800,809.1053382947724,//J_CARR/FLOW/01Oct2026/1Hour/RUN:Forecast/
J_CARR,66667860,799.110540873775,//J_CARR/FLOW/01Oct2026/1Hour/RUN:Forecast/
J_CARR,66667920,789.3781987372565,//J_CARR/FLOW/01Oct2026/1Hour/RUN:Forecast/
J_CARR,66667980,779.9019745835326,//J_CARR/FLOW/01Oct2026/1Hour/RUN:Forecast/
J_CARR,66668040,770.6748616145662,//J_CARR/FLOW/01Oct2026/1Hour/RUN:Forecast/
J_CARR,66668100,761.6901411473838,//J_CARR/FLOW/01Oct2026/1Hour/RUN:Forecast/
J_CARR,66668160,752.9408553766764,//J_CARR/FLOW/01Oct2026/1Hour/RUN:Forecast/
J_CARR,66668220,744.4201438061646,//J_CARR/FLOW/01Oct2026/1Hour/RUN:Forecast/
J_CARR,66668280,736.1208498144537,//J_CARR/FLOW/01Oct2026/1Hour/RUN:Forecast/
J_CARR,66668340,728.0364772195755,//J_CARR/FLOW/01Oct2026/1Hour/RUN:Forecast/
J_CARR,66668400,720.160453916407,//J_CARR/FLOW/01Oct2026/1Hour/RUN:Forecast/
J_CARR,66668460,712.4865057631671,//J_CARR/FLOW/01Oct2026/1Hour/RUN:Forecast/
J_CARR,66668520,705.0085356828426,//J_CARR/FLOW/01Oct2026/1Hour/RUN:Forecast/
J_CARR,66668580,697.7200613548094,//J_CARR/FLOW/01Oct2026/1Hour/RUN:Forecast/
J_CARR,66668640,690.6150178670274,//J_CARR/FLOW/01Oct2026/1Hour/RUN:Forecast/
J_CARR,66668700,683.6882532598834,//J_CARR/FLOW/01Oct2026/1Hour/RUN:Forecast/
J_CARR,66668760,676.9341820332189,//J_CARR/FLOW/01Oct2026/1Hour/RUN:Forecast/
J_CARR,66668820,670.34681145651,//J_CARR/FLOW/01Oct2026/1Hour/RUN:Forecast/
J_CARR,66668880,663.9217691432251,//J_CARR/FLOW/01Oct2026/1Hour/RUN:Forecast/
J_CARR,66668940,657.6532830508629,//J_CARR/FLOW/01Oct2026/1Hour/RUN:Forecast/
J_CARR,66669000,651.5371386395665,//J_CARR/FLOW/01Oct2026/1Hour/RUN:Forecast/
J_CARR,66669060,645.5679773173423,//J_CARR/FLOW/01Oct2026/1Hour/RUN:Forecast/
J_CARR,66669120,639.7415205349196,//J_CARR/FLOW/01Oct2026/1Hour/RUN:Forecast/
J_CARR,66669180,634.2044197630217,//J_CARR/FLOW/01Oct2026/1Hour/RUN:Forecast/
J_CARR,66669240,629.3199206842072,//J_CARR/FLOW/01Oct2026/1Hour/RUN:Forecast/
J_CARR,66669300,625.7878262838766,//J_CARR/FLOW/01Oct2026/1Hour/RUN:Forecast/
J_CARR,66669360,624.1570184571793,//J_CARR/FLOW/01Oct2026/1Hour/RUN:Forecast/
J_CARR,66669420,624.6375414260166,//J_CARR/FLOW/01Oct2026/1Hour/RUN:Forecast/
J_CARR,66669480,626.9895167969751,//J_CARR/FLOW/01Oct2026/1Hour/RUN:Forecast/
J_CARR,66669540,630.883586939923,//J_CARR/FLOW/01Oct2026/1Hour/RUN:Forecast/
J_CARR,66669600,636.0452170261958,//J_CARR/FLOW/01Oct2026/1Hour/RUN:Forecast/
J_CARR,66669660,642.262194908753,//J_CARR/FLOW/01Oct2026/1Hour/RUN:Forecast/
J_CARR,66669720,649.3700755068493,//J_CARR/FLOW/01Oct2026/1Hour/RUN:Forecast/
J_CARR,66669780,657.2412106563019,//J_CARR/FLOW/01Oct2026/1Hour/RUN:Forecast/
J_CARR,66669840,665.7624811039587,//J_CARR/FLOW/01Oct2026/1Hour/RUN:Forecast/
J_CARR,66669900,674.7531221724271,//J_CARR/FLOW/01Oct2026/1Hour/RUN:Forecast/
J_CARR,66669960,683.8777998370508,//J_CARR/FLOW/01Oct2026/1Hour/RUN:Forecast/
J_CARR,66670020,692.6903667188101,//J_CARR/FLOW/01Oct2026/1Hour/RUN:Forecast/
J_CARR,66670080,700.7808308529136,//J_CARR/FLOW/01Oct2026/1Hour/RUN:Forecast/
J_CARR,66670140,707.8884378842758,//J_CARR/FLOW/01Oct2026/1Hour/RUN:Forecast/
J_CARR,66670200,713.8792072144087,//J_CARR/FLOW/01Oct2026/1Hour/RUN:Forecast/
J_CARR,66670260,718.6707245976077,//J_CARR/FLOW/01Oct2026/1Hour/RUN:Forecast/
J_CARR,66670320,722.1929446727831,//J_CARR/FLOW/01Oct2026/1Hour/RUN:Forecast/
J_CARR,66670380,724.258242230221,//J_CARR/FLOW/01Oct2026/1Hour/RUN:Forecast/
J_CARR,66670440,724.7374873063316,//J_CARR/FLOW/01Oct2026/1Hour/RUN:Forecast/
J_CARR,66670500,723.3792220502983,//J_CARR/FLOW/01Oct2026/1Hour/RUN:Forecast/
J_CARR,66670560,719.937117295307,//J_CARR/FLOW/01Oct2026/1Hour/RUN:Forecast/
J_CARR,66670620,714.345503176984,//J_CARR/FLOW/01Oct2026/1Hour/RUN:Forecast/
J_CARR,66670680,707.0593222214914,//J_CARR/FLOW/01Oct2026/1Hour/RUN:Forecast/
J_CARR,66670740,698.8440071570781,//J_CARR/FLOW/01Oct2026/1Hour/RUN:Forecast/
J_CARR,66670800,690.2494650522293,//J_CARR/FLOW/01Oct2026/1Hour/RUN:Forecast/
J_CARR,66670860,681.2371874153639,//J_CARR/FLOW/01Oct2026/1Hour/RUN:Forecast/
J_CARR,66670920,672.4564126209227,//J_CARR/FLOW/01Oct2026/1Hour/RUN:Forecast/
J_CARR,66670980,664.0685309833431,//J_CARR/FLOW/01Oct2026/1Hour/RUN:Forecast/
J_CARR,66671040,655.7340253593262,//J_CARR/FLOW/01Oct2026/1Hour/RUN:Forecast/
J_CARR,66671100,646.1812615038533,//J_CARR/FLOW/01Oct2026/1Hour/RUN:Forecast/
J_CARR,66671160,636.359467265963,//J_CARR/FLOW/01Oct2026/1Hour/RUN:Forecast/
J_CARR,66671220,627.4344288797241,//J_CARR/FLOW/01Oct2026/1Hour/RUN:Forecast/
J_CARR,66671280,618.8527566076264,//J_CARR/FLOW/01Oct2026/1Hour/RUN:Forecast/
J_CARR,66671340,612.1289332948353,//J_CARR/FLOW/01Oct2026/1Hour/RUN:Forecast/
J_CARR,66671400,607.0748482707056,//J_CARR/FLOW/01Oct2026/1Hour/RUN:Forecast/
J_CARR,66671460,603.9909772491599,//J_CARR/FLOW/01Oct2026/1Hour/RUN:Forecast/
J_CARR,66671520,605.9995084591749,//J_CARR/FLOW/01Oct2026/1Hour/RUN:Forecast/
J_CARR,66671580,612.9018779127794,//J_CARR/FLOW/01Oct2026/1Hour/RUN:Forecast/
J_CARR,66671640,625.2839319854254,//J_CARR/FLOW/01Oct2026/1Hour/RUN:Forecast/
J_CARR,66671700,639.6269586783537,//J_CARR/FLOW/01Oct2026/1Hour/RUN:Forecast/
J_CARR,66671760,656.1422245627159,//J_CARR/FLOW/01Oct2026/1Hour/RUN:Forecast/
J_CARR,66671820,674.5205324078607,//J_CARR/FLOW/01Oct2026/1Hour/RUN:Forecast/
J_CARR,66671880,694.2674946139334,//J_CARR/FLOW/01Oct2026/1Hour/RUN:Forecast/
J_CARR,66671940,715.0452994724003,//J_CARR/FLOW/01Oct2026/1Hour/RUN:Forecast/
J_CARR,66672000,736.5893070007238,//J_CARR/FLOW/01Oct2026/1Hour/RUN:Forecast/
J_CARR,66672060,758.6974930494912,//J_CARR/FLOW/01Oct2026/1Hour/RUN:Forecast/
J_CARR,66672120,781.2190488225726,//J_CARR/FLOW/01Oct2026/1Hour/RUN:Forecast/
J_CARR,66672180,804.0257854739821,//J_CARR/FLOW/01Oct2026/1Hour/RUN:Forecast/
J_CARR,66672240,826.9099648762068,//J_CARR/FLOW/01Oct2026/1Hour/RUN:Forecast/
J_CARR,66672300,849.4732283167776,//J_CARR/FLOW/01Oct2026/1Hour/RUN:Forecast/
J_CARR,66672360,871.167949814329,//J_CARR/FLOW/01Oct2026/1Hour/RUN:Forecast/
J_CARR,66672420,891.4074301343799,//J_CARR/FLOW/01Oct2026/1Hour/RUN:Forecast/
J_CARR,66672480,909.7021827268293,//J_CARR/FLOW/01Oct2026/1Hour/RUN:Forecast/
J_CARR,66672540,924.2658738908705,//J_CARR/FLOW/01Oct2026/1Hour/RUN:Forecast/
J_CARR,66672600,935.1351174129793,//J_CARR/FLOW/01Oct2026/1Hour/RUN:Forecast/
J_CARR,66672660,942.4829350726448,//J_CARR/FLOW/01Oct2026/1Hour/RUN:Forecast/
J_CARR,66672720,943.8672112426598,//J_CARR/FLOW/01Oct2026/1Hour/RUN:Forecast/
J_CARR,66672780,939.5239074407611,//J_CARR/FLOW/01Oct2026/1Hour/RUN:Forecast/
J_CARR,66672840,929.1894745186107,//J_CARR/FLOW/01Oct2026/1Hour/RUN:Forecast/
J_CARR,66672900,916.6174048763014,//J_CARR/FLOW/01Oct2026/1Hour/RUN:Forecast/
J_CARR,66672960,902.0634075046578,//J_CARR/FLOW/01Oct2026/1Hour/RUN:Forecast/
J_CARR,66673020,885.9270613620954,//J_CARR/FLOW/01Oct2026/1Hour/RUN:Forecast/
J_CARR,66673080,869.076529353349,//J_CARR/FLOW/01Oct2026/1Hour/RUN:Forecast/
J_CARR,66673140,852.1992044800174,//J_CARR/FLOW/01Oct2026/1Hour/RUN:Forecast/
R_CARR_STZ,66665700,1733.5950317382812,//R_CARR_STZ/FLOW/01Oct2026/1Hour/RUN:Forecast/
R_CARR_STZ,66665760,1733.0145990546575,//R_CARR_STZ/FLOW/01Oct2026/1Hour/RUN:Forecast/
R_CARR_STZ,66665820,1727.51320707593,//R_CARR_STZ/FLOW/01Oct2026/1Hour/RUN:Forecast/
R_CARR_STZ,66665880,1707.532936034865,//R_CARR_STZ/FLOW/01Oct2026/1Hour/RUN:Forecast/
R_CARR_STZ,66665940,1651.624071918432,//R_CARR_STZ/FLOW/01Oct2026/1Hour/RUN:Forecast/
R_CARR_STZ,66666000,1546.3218704053877,//R_CARR_STZ/FLOW/01Oct2026/1Hour/RUN:Forecast/
R_CARR_STZ,66666060,1433.946834467085,//R_CARR_STZ/FLOW/01Oct2026/1Hour/RUN:Forecast/
R_CARR_STZ,66666120,1339.5182253370012,//R_CARR_STZ/FLOW/01Oct2026/1Hour/RUN:Forecast/
R_CARR_STZ,66666180,1266.2992015906675,//R_CARR_STZ/FLOW/01Oct2026/1Hour/RUN:Forecast/
R_CARR_STZ,66666240,1211.6620114388181,//R_CARR_STZ/FLOW/01Oct2026/1Hour/RUN:Forecast/
R_CARR_STZ,66666300,1171.8377041473095,//R_CARR_STZ/FLOW/01Oct2026/1Hour/RUN:Forecast/
R_CARR_STZ,66666360,1142.8513955263631,//R_CARR_STZ/FLOW/01Oct2026/1Hour/RUN:Forecast/
R_CARR_STZ,66666420,1121.209407857123,//R_CARR_STZ/FLOW/01Oct2026/1Hour/RUN:Forecast/
R_CARR_STZ,66666480,1104.1801340047675,//R_CARR_STZ/FLOW/01Oct2026/1Hour/RUN:Forecast/
R_CARR_STZ,66666540,1089.8029873371565,//R_CARR_STZ/FLOW/01Oct2026/1Hour/RUN:Forecast/
R_CARR_STZ,66666600,1076.769521968883,//R_CARR_STZ/FLOW/01Oct2026/1Hour/RUN:Forecast/
R_CARR_STZ,66666660,1064.2680605370024,//R_CARR_STZ/FLOW/01Oct2026/1Hour/RUN:Forecast/
R_CARR_STZ,66666720,1051.8384934086816,//R_CARR_STZ/FLOW/01Oct2026/1Hour/RUN:Forecast/
R_CARR_STZ,66666780,1039.2548990621567,//R_CARR_STZ/FLOW/01Oct2026/1Hour/RUN:Forecast/
R_CARR_STZ,66666840,1026.4379780674492,//R_CARR_STZ/FLOW/01Oct2026/1Hour/RUN:Forecast/
R_CARR_STZ,66666900,1013.3940961885071,//R_CARR_STZ/FLOW/01Oct2026/1Hour/RUN:Forecast/
R_CARR_STZ,66666960,1000.1743850185633,//R_CARR_STZ/FLOW/01Oct2026/1Hour/RUN:Forecast/
R_CARR_STZ,66667020,986.8492748127815,//R_CARR_STZ/FLOW/01Oct2026/1Hour/RUN:Forecast/
R_CARR_STZ,66667080,973.4933687117514,//R_CARR_STZ/FLOW/01Oct2026/1Hour/RUN:Forecast/
R_CARR_STZ,66667140,960.1765639438127,//R_CARR_STZ/FLOW/01Oct2026/1Hour/RUN:Forecast/
R_CARR_STZ,66667200,946.9598642054159,//R_CARR_STZ/FLOW/01Oct2026/1Hour/RUN:Forecast/
R_CARR_STZ,66667260,933.8940160809893,//R_CARR_STZ/FLOW/01Oct2026/1Hour/RUN:Forecast/
R_CARR_STZ,66667320,921.0197256807144,//R_CARR_STZ/FLOW/01Oct2026/1Hour/RUN:Forecast/
R_CARR_STZ,66667380,908.3683896287457,//R_CARR_STZ/FLOW/01Oct2026/1Hour/RUN:Forecast/
R_CARR_STZ,66667440,895.9632248410604,//R_CARR_STZ/FLOW/01Oct2026/1Hour/RUN:Forecast/
R_CARR_STZ,66667500,883.8206590156936,//R_CARR_STZ/FLOW/01Oct2026/1Hour/RUN:Forecast/
R_CARR_STZ,66667560,871.9514882247266,//R_CARR_STZ/FLOW/01Oct2026/1Hour/RUN:Forecast/
R_CARR_STZ,66667620,860.3619388641645,//R_CARR_STZ/FLOW/01Oct2026/1Hour/RUN:Forecast/
R_CARR_STZ,66667680,849.0548003736843,//R_CARR_STZ/FLOW/01Oct2026/1Hour/RUN:Forecast/
R_CARR_STZ,66667740,838.0303017745289,//R_CARR_STZ/FLOW/01Oct2026/1Hour/RUN:Forecast/
R_CARR_STZ,66667800,827.2863639144873,//R_CARR_STZ/FLOW/01Oct2026/1Hour/RUN:Forecast/
R_CARR_STZ,66667860,816.8191534991219,//R_CARR_STZ/FLOW/01Oct2026/1Hour/RUN:Forecast/
R_CARR_STZ,66667920,806.624146432046,//R_CARR_STZ/FLOW/01Oct2026/1Hour/RUN:Forecast/
R_CARR_STZ,66667980,796.6956505644966,//R_CARR_STZ/FLOW/01Oct2026/1Hour/RUN:Forecast/
R_CARR_STZ,66668040,787.0275765845684,//R_CARR_STZ/FLOW/01Oct2026/1Hour/RUN:Forecast/
R_CARR_STZ,66668100,777.6133717427699,//R_CARR_STZ/FLOW/01Oct2026/1Hour/RUN:Forecast/
R_CARR_STZ,66668160,768.44637566842,//R_CARR_STZ/FLOW/01Oct2026/1Hour/RUN:Forecast/
R_CARR_STZ,66668220,759.5197780709665,//R_CARR_STZ/FLOW/01Oct2026/1Hour/RUN:Forecast/
R_CARR_STZ,66668280,750.8267178058256,//R_CARR_STZ/FLOW/01Oct2026/1Hour/RUN:Forecast/
R_CARR_STZ,66668340,742.3602308785521,//R_CARR_STZ/FLOW/01Oct2026/1Hour/RUN:Forecast/
R_CARR_STZ,66668400,734.1135953967769,//R_CARR_STZ/FLOW/01Oct2026/1Hour/RUN:Forecast/
R_CARR_STZ,66668460,726.0801933288529,//R_CARR_STZ/FLOW/01Oct2026/1Hour/RUN:Forecast/
R_CARR_STZ,66668520,718.2536036483563,//R_CARR_STZ/FLOW/01Oct2026/1Hour/RUN:Forecast/
R_CARR_STZ,66668580,710.6275457863442,//R_CARR_STZ/FLOW/01Oct2026/1Hour/RUN:Forecast/
R_CARR_STZ,66668640,703.1956662063797,//R_CARR_STZ/FLOW/01Oct2026/1Hour/RUN:Forecast/
R_CARR_STZ,66668700,695.9518391953115,//R_CARR_STZ/FLOW/01Oct2026/1Hour/RUN:Forecast/
R_CARR_STZ,66668760,688.8904204562805,//R_CARR_STZ/FLOW/01Oct2026/1Hour/RUN:Forecast/
R_CARR_STZ,66668820,682.0057636134595,//R_CARR_STZ/FLOW/01Oct2026/1Hour/RUN:Forecast/
R_CARR_STZ,66668880,675.2921708994493,//R_CARR_STZ/FLOW/01Oct2026/1Hour/RUN:Forecast/
R_CARR_STZ,66668940,668.7445336306341,//R_CARR_STZ/FLOW/01Oct2026/1Hour/RUN:Forecast/
R_CARR_STZ,66669000,662.3575183338662,//R_CARR_STZ/FLOW/01Oct2026/1Hour/RUN:Forecast/
R_CARR_STZ,66669060,656.1262919336951,//R_CARR_STZ/FLOW/01Oct2026/1Hour/RUN:Forecast/
R_CARR_STZ,66669120,650.0458307018237,//R_CARR_STZ/FLOW/01Oct2026/1Hour/RUN:Forecast/
R_CARR_STZ,66669180,644.1238436074625,//R_CARR_STZ/FLOW/01Oct2026/1Hour/RUN:Forecast/
R_CARR_STZ,66669240,638.4594929160728,//R_CARR_STZ/FLOW/01Oct2026/1Hour/RUN:Forecast/
R_CARR_STZ,66669300,633.3196230808729,//R_CARR_STZ/FLOW/01Oct2026/1Hour/RUN:Forecast/
R_CARR_STZ,66669360,629.1885502558688,//R_CARR_STZ/FLOW/01Oct2026/1Hour/RUN:Forecast/
R_CARR_STZ,66669420,626.5571642359705,//R_CARR_STZ/FLOW/01Oct2026/1Hour/RUN:Forecast/
R_CARR_STZ,66669480,625.7305089266147,//R_CARR_STZ/FLOW/01Oct2026/1Hour/RUN:Forecast/
R_CARR_STZ,66669540,626.7170772240534,//R_CARR_STZ/FLOW/01Oct2026/1Hour/RUN:Forecast/
R_CARR_STZ,66669600,629.3505171121402,//R_CARR_STZ/FLOW/01Oct2026/1Hour/RUN:Forecast/
R_CARR_STZ,66669660,633.4121490165826,//R_CARR_STZ/FLOW/01Oct2026/1Hour/RUN:Forecast/
R_CARR_STZ,66669720,638.690630706751,//R_CARR_STZ/FLOW/01Oct2026/1Hour/RUN:Forecast/
R_CARR_STZ,66669780,645.0025200980006,//R_CARR_STZ/FLOW/01Oct2026/1Hour/RUN:Forecast/
R_CARR_STZ,66669840,652.1951773205274,//R_CARR_STZ/FLOW/01Oct2026/1Hour/RUN:Forecast/
R_CARR_STZ,66669900,660.13141007423,//R_CARR_STZ/FLOW/01Oct2026/1Hour/RUN:Forecast/
R_CARR_STZ,66669960,668.6382638208061,//R_CARR_STZ/FLOW/01Oct2026/1Hour/RUN:Forecast/
R_CARR_STZ,66670020,677.447537343118,//R_CARR_STZ/FLOW/01Oct2026/1Hour/RUN:Forecast/
R_CARR_STZ,66670080,686.1995335492454,//R_CARR_STZ/FLOW/01Oct2026/1Hour/RUN:Forecast/
R_CARR_STZ,66670140,694.520058382843,//R_CARR_STZ/FLOW/01Oct2026/1Hour/RUN:Forecast/
R_CARR_STZ,66670200,702.1054925539011,//R_CARR_STZ/FLOW/01Oct2026/1Hour/RUN:Forecast/
R_CARR_STZ,66670260,708.7464736247716,//R_CARR_STZ/FLOW/01Oct2026/1Hour/RUN:Forecast/
R_CARR_STZ,66670320,714.3020324700014,//R_CARR_STZ/FLOW/01Oct2026/1Hour/RUN:Forecast/
R_CARR_STZ,66670380,718.6592341826486,//R_CARR_STZ/FLOW/01Oct2026/1Hour/RUN:Forecast/
R_CARR_STZ,66670440,721.670280779938,//R_CARR_STZ/FLOW/01Oct2026/1Hour/RUN:Forecast/
R_CARR_STZ,66670500,723.1872837931887,//R_CARR_STZ/FLOW/01Oct2026/1Hour/RUN:Forecast/
R_CARR_STZ,66670560,723.0078008445905,//R_CARR_STZ/FLOW/01Oct2026/1Hour/RUN:Forecast/
R_CARR_STZ,66670620,720.920862350161,//R_CARR_STZ/FLOW/01Oct2026/1Hour/RUN:Forecast/
R_CARR_STZ,66670680,716.8351770845968,//R_CARR_STZ/FLOW/01Oct2026/1Hour/RUN:Forecast/
R_CARR_STZ,66670740,710.9747665840528,//R_CARR_STZ/FLOW/01Oct2026/1Hour/RUN:Forecast/
R_CARR_STZ,66670800,703.8334083509735,//R_CARR_STZ/FLOW/01Oct2026/1Hour/RUN:Forecast/
R_CARR_STZ,66670860,695.8865749885417,//R_CARR_STZ/FLOW/01Oct2026/1Hour/RUN:Forecast/
R_CARR_STZ,66670920,687.3931424558868,//R_CARR_STZ/FLOW/01Oct2026/1Hour/RUN:Forecast/
R_CARR_STZ,66670980,678.7793082695007,//R_CARR_STZ/FLOW/01Oct2026/1Hour/RUN:Forecast/
R_CARR_STZ,66671040,670.2897694413392,//R_CARR_STZ/FLOW/01Oct2026/1Hour/RUN:Forecast/
R_CARR_STZ,66671100,661.7829383820208,//R_CARR_STZ/FLOW/01Oct2026/1Hour/RUN:Forecast/
R_CARR_STZ,66671160,652.6989504888135,//R_CARR_STZ/FLOW/01Oct2026/1Hour/RUN:Forecast/
R_CARR_STZ,66671220,643.2966473389561,//R_CARR_STZ/FLOW/01Oct2026/1Hour/RUN:Forecast/
R_CARR_STZ,66671280,634.1757365166975,//R_CARR_STZ/FLOW/01Oct2026/1Hour/RUN:Forecast/
R_CARR_STZ,66671340,625.4929081200728,//R_CARR_STZ/FLOW/01Oct2026/1Hour/RUN:Forecast/
R_CARR_STZ,66671400,617.9863773775285,//R_CARR_STZ/FLOW/01Oct2026/1Hour/RUN:Forecast/
R_CARR_STZ,66671460,611.9426166322307,//R_CARR_STZ/FLOW/01Oct2026/1Hour/RUN:Forecast/
R_CARR_STZ,66671520,607.8861805511647,//R_CARR_STZ/FLOW/01Oct2026/1Hour/RUN:Forecast/
R_CARR_STZ,66671580,607.4489686636197,//R_CARR_STZ/FLOW/01Oct2026/1Hour/RUN:Forecast/
R_CARR_STZ,66671640,611.3554153601947,//R_CARR_STZ/FLOW/01Oct2026/1Hour/RUN:Forecast/
R_CARR_STZ,66671700,619.9208839036881,//R_CARR_STZ/FLOW/01Oct2026/1Hour/RUN:Forecast/
R_CARR_STZ,66671760,631.7305578531877,//R_CARR_STZ/FLOW/01Oct2026/1Hour/RUN:Forecast/
R_CARR_STZ,66671820,646.1901789347592,//R_CARR_STZ/FLOW/01Oct2026/1Hour/RUN:Forecast/
R_CARR_STZ,66671880,662.8416575190674,//R_CARR_STZ/FLOW/01Oct2026/1Hour/RUN:Forecast/
R_CARR_STZ,66671940,681.2204362043487,//R_CARR_STZ/FLOW/01Oct2026/1Hour/RUN:Forecast/
R_CARR_STZ,66672000,700.9352135012773,//R_CARR_STZ/FLOW/01Oct2026/1Hour/RUN:Forecast/
R_CARR_STZ,66672060,721.6670362990251,//R_CARR_STZ/FLOW/01Oct2026/1Hour/RUN:Forecast/
R_CARR_STZ,66672120,743.1632020843333,//R_CARR_STZ/FLOW/01Oct2026/1Hour/RUN:Forecast/
R_CARR_STZ,66672180,765.2269410347349,//R_CARR_STZ/FLOW/01Oct2026/1Hour/RUN:Forecast/
R_CARR_STZ,66672240,787.6913826839864,//R_CARR_STZ/FLOW/01Oct2026/1Hour/RUN:Forecast/
R_CARR_STZ,66672300,810.3523830884812,//R_CARR_STZ/FLOW/01Oct2026/1Hour/RUN:Forecast/
R_CARR_STZ,66672360,832.8905106569098,//R_CARR_STZ/FLOW/01Oct2026/1Hour/RUN:Forecast/
R_CARR_STZ,66672420,854.8620176243763,//R_CARR_STZ/FLOW/01Oct2026/1Hour/RUN:Forecast/
R_CARR_STZ,66672480,875.755225909536,//R_CARR_STZ/FLOW/01Oct2026/1Hour/RUN:Forecast/
R_CARR_STZ,66672540,894.9642308227822,//R_CARR_STZ/FLOW/01Oct2026/1Hour/RUN:Forecast/
R_CARR_STZ,66672600,911.4055825056341,//R_CARR_STZ/FLOW/01Oct2026/1Hour/RUN:Forecast/
R_CARR_STZ,66672660,924.6014948341551,//R_CARR_STZ/FLOW/01Oct2026/1Hour/RUN:Forecast/
R_CARR_STZ,66672720,934.2058572379088,//R_CARR_STZ/FLOW/01Oct2026/1Hour/RUN:Forecast/
R_CARR_STZ,66672780,938.9789385644792,//R_CARR_STZ/FLOW/01Oct2026/1Hour/RUN:Forecast/
R_CARR_STZ,66672840,938.4234535359606,//R_CARR_STZ/FLOW/01Oct2026/1Hour/RUN:Forecast/
R_CARR_STZ,66672900,932.4945375368811,//R_CARR_STZ/FLOW/01Oct2026/1Hour/RUN:Forecast/
R_CARR_STZ,66672960,922.8775267853882,//R_CARR_STZ/FLOW/01Oct2026/1Hour/RUN:Forecast/
R_CARR_STZ,66673020,910.5106920790798,//R_CARR_STZ/FLOW/01Oct2026/1Hour/RUN:Forecast/
R_CARR_STZ,66673080,896.0846768740207,//R_CARR_STZ/FLOW/01Oct2026/1Hour/RUN:Forecast/
R_CARR_STZ,66673140,880.3695730782856,//R_CARR_STZ/FLOW/01Oct2026/1Hour/RUN:Forecast/
STZ_RES,66665700,1.4617,//STZ_RES/FLOW/01Oct2026/1Hour/RUN:Forecast/
STZ_RES,66665760,1.4613947471953908,//STZ_RES/FLOW/01Oct2026/1Hour/RUN:Forecast/
STZ_RES,66665820,1.4610895581379764,//STZ_RES/FLOW/01Oct2026/1Hour/RUN:Forecast/
STZ_RES,66665880,1.4607844328144444,//STZ_RES/FLOW/01Oct2026/1Hour/RUN:Forecast/
STZ_RES,66665940,1.4604793712114847,//STZ_RES/FLOW/01Oct2026/1Hour/RUN:Forecast/
STZ_RES,66666000,1.4601743733157906,//STZ_RES/FLOW/01Oct2026/1Hour/RUN:Forecast/
STZ_RES,66666060,1.4598694391140576,//STZ_RES/FLOW/01Oct2026/1Hour/RUN:Forecast/
STZ_RES,66666120,1.4595645685929843,//STZ_RES/FLOW/01Oct2026/1Hour/RUN:Forecast/
STZ_RES,66666180,1.4592597617392722,//STZ_RES/FLOW/01Oct2026/1Hour/RUN:Forecast/
STZ_RES,66666240,1.4589550185396252,//STZ_RES/FLOW/01Oct2026/1Hour/RUN:Forecast/
STZ_RES,66666300,1.45865033898075,//STZ_RES/FLOW/01Oct2026/1Hour/RUN:Forecast/
STZ_RES,66666360,1.4583457230493564,//STZ_RES/FLOW/01Oct2026/1Hour/RUN:Forecast/
STZ_RES,66666420,1.4580411707321568,//STZ_RES/FLOW/01Oct2026/1Hour/RUN:Forecast/
STZ_RES,66666480,1.4577366820158664,//STZ_RES/FLOW/01Oct2026/1Hour/RUN:Forecast/
STZ_RES,66666540,1.4574322568872031,//STZ_RES/FLOW/01Oct2026/1Hour/RUN:Forecast/
STZ_RES,66666600,1.457127895332888,//STZ_RES/FLOW/01Oct2026/1Hour/RUN:Forecast/
STZ_RES,66666660,1.456823597339644,//STZ_RES/FLOW/01Oct2026/1Hour/RUN:Forecast/
STZ_RES,66666720,1.4565193628941977,//STZ_RES/FLOW/01Oct2026/1Hour/RUN:Forecast/
STZ_RES,66666780,1.4562151919832782,//STZ_RES/FLOW/01Oct2026/1Hour/RUN:Forecast/
STZ_RES,66666840,1.4559110845936174,//STZ_RES/FLOW/01Oct2026/1Hour/RUN:Forecast/
STZ_RES,66666900,1.4556070407119497,//STZ_RES/FLOW/01Oct2026/1Hour/RUN:Forecast/
STZ_RES,66666960,1.4553030603250126,//STZ_RES/FLOW/01Oct2026/1Hour/RUN:Forecast/
STZ_RES,66667020,1.454999143419546,//STZ_RES/FLOW/01Oct2026/1Hour/RUN:Forecast/
STZ_RES,66667080,1.454695289982293,//STZ_RES/FLOW/01Oct2026/1Hour/RUN:Forecast/
STZ_RES,66667140,1.4543914999999992,//STZ_RES/FLOW/01Oct2026/1Hour/RUN:Forecast/
STZ_RES,66667200,1.454087773459413,//STZ_RES/FLOW/01Oct2026/1Hour/RUN:Forecast/
STZ_RES,66667260,1.453784110347286,//STZ_RES/FLOW/01Oct2026/1Hour/RUN:Forecast/
STZ_RES,66667320,1.4534805106503716,//STZ_RES/FLOW/01Oct2026/1Hour/RUN:Forecast/
STZ_RES,66667380,1.4531769743554268,//STZ_RES/FLOW/01Oct2026/1Hour/RUN:Forecast/
STZ_RES,66667440,1.4528735014492111,//STZ_RES/FLOW/01Oct2026/1Hour/RUN:Forecast/
STZ_RES,66667500,1.4525700919184867,//STZ_RES/FLOW/01Oct2026/1Hour/RUN:Forecast/
STZ_RES,66667560,1.452266745750019,//STZ_RES/FLOW/01Oct2026/1Hour/RUN:Forecast/
STZ_RES,66667620,1.4519634629305753,//STZ_RES/FLOW/01Oct2026/1Hour/RUN:Forecast/
STZ_RES,66667680,1.4516602434469263,//STZ_RES/FLOW/01Oct2026/1Hour/RUN:Forecast/
STZ_RES,66667740,1.4513570872858457,//STZ_RES/FLOW/01Oct2026/1Hour/RUN:Forecast/
STZ_RES,66667800,1.451053994434109,//STZ_RES/FLOW/01Oct2026/1Hour/RUN:Forecast/
STZ_RES,66667860,1.4507509648784955,//STZ_RES/FLOW/01Oct2026/1Hour/RUN:Forecast/
STZ_RES,66667920,1.4504479986057865,//STZ_RES/FLOW/01Oct2026/1Hour/RUN:Forecast/
STZ_RES,66667980,1.4501450956027666,//STZ_RES/FLOW/01Oct2026/1Hour/RUN:Forecast/
STZ_RES,66668040,1.449842255856223,//STZ_RES/FLOW/01Oct2026/1Hour/RUN:Forecast/
STZ_RES,66668100,1.4495394793529452,//STZ_RES/FLOW/01Oct2026/1Hour/RUN:Forecast/
STZ_RES,66668160,1.4492367660797263,//STZ_RES/FLOW/01Oct2026/1Hour/RUN:Forecast/
STZ_RES,66668220,1.4489341160233615,//STZ_RES/FLOW/01Oct2026/1Hour/RUN:Forecast/
STZ_RES,66668280,1.4486315291706489,//STZ_RES/FLOW/01Oct2026/1Hour/RUN:Forecast/
STZ_RES,66668340,1.4483290055083895,//STZ_RES/FLOW/01Oct2026/1Hour/RUN:Forecast/
STZ_RES,66668400,1.448026545023387,//STZ_RES/FLOW/01Oct2026/1Hour/RUN:Forecast/
STZ_RES,66668460,1.4477241477024476,//STZ_RES/FLOW/01Oct2026/1Hour/RUN:Forecast/
STZ_RES,66668520,1.4474218135323809,//STZ_RES/FLOW/01Oct2026/1Hour/RUN:Forecast/
STZ_RES,66668580,1.4471195424999985,//STZ_RES/FLOW/01Oct2026/1Hour/RUN:Forecast/
STZ_RES,66668640,1.4468173345921154,//STZ_RES/FLOW/01Oct2026/1Hour/RUN:Forecast/
STZ_RES,66668700,1.4465151897955488,//STZ_RES/FLOW/01Oct2026/1Hour/RUN:Forecast/
STZ_RES,66668760,1.446213108097119,//STZ_RES/FLOW/01Oct2026/1Hour/RUN:Forecast/
STZ_RES,66668820,1.4459110894836489,//STZ_RES/FLOW/01Oct2026/1Hour/RUN:Forecast/
STZ_RES,66668880,1.4456091339419643,//STZ_RES/FLOW/01Oct2026/1Hour/RUN:Forecast/
STZ_RES,66668940,1.4453072414588937,//STZ_RES/FLOW/01Oct2026/1Hour/RUN:Forecast/
STZ_RES,66669000,1.445005412021268,//STZ_RES/FLOW/01Oct2026/1Hour/RUN:Forecast/
STZ_RES,66669060,1.4447036456159217,//STZ_RES/FLOW/01Oct2026/1Hour/RUN:Forecast/
STZ_RES,66669120,1.444401942229691,//STZ_RES/FLOW/01Oct2026/1Hour/RUN:Forecast/
STZ_RES,66669180,1.4680264604145719,//STZ_RES/FLOW/01Oct2026/1Hour/RUN:Forecast/
STZ_RES,66669240,1.5583861567408714,//STZ_RES/FLOW/01Oct2026/1Hour/RUN:Forecast/
STZ_RES,66669300,1.7455883802088499,//STZ_RES/FLOW/01Oct2026/1Hour/RUN:Forecast/
STZ_RES,66669360,2.02524729296291,//STZ_RES/FLOW/01Oct2026/1Hour/RUN:Forecast/
STZ_RES,66669420,2.369432653148302,//STZ_RES/FLOW/01Oct2026/1Hour/RUN:Forecast/
STZ_RES,66669480,2.7599429951990166,//STZ_RES/FLOW/01Oct2026/1Hour/RUN:Forecast/
STZ_RES,66669540,3.187007652570105,//STZ_RES/FLOW/01Oct2026/1Hour/RUN:Forecast/
STZ_RES,66669600,3.6438801939220484,//STZ_RES/FLOW/01Oct2026/1Hour/RUN:Forecast/
STZ_RES,66669660,4.12548002826809,//STZ_RES/FLOW/01Oct2026/1Hour/RUN:Forecast/
STZ_RES,66669720,4.627790178183119,//STZ_RES/FLOW/01Oct2026/1Hour/RUN:Forecast/
STZ_RES,66669780,5.1418548343303385,//STZ_RES/FLOW/01Oct2026/1Hour/RUN:Forecast/
STZ_RES,66669840,5.648085127421342,//STZ_RES/FLOW/01Oct2026/1Hour/RUN:Forecast/
STZ_RES,66669900,6.122114733857968,//STZ_RES/FLOW/01Oct2026/1Hour/RUN:Forecast/
STZ_RES,66669960,6.546078519944397,//STZ_RES/FLOW/01Oct2026/1Hour/RUN:Forecast/
STZ_RES,66670020,6.91379621362295,//STZ_RES/FLOW/01Oct2026/1Hour/RUN:Forecast/
STZ_RES,66670080,7.224426261804716,//STZ_RES/FLOW/01Oct2026/1Hour/RUN:Forecast/
STZ_RES,66670140,7.476295741321491,//STZ_RES/FLOW/01Oct2026/1Hour/RUN:Forecast/
STZ_RES,66670200,7.6663960594163,//STZ_RES/FLOW/01Oct2026/1Hour/RUN:Forecast/
STZ_RES,66670260,7.789195535549312,//STZ_RES/FLOW/01Oct2026/1Hour/RUN:Forecast/
STZ_RES,66670320,7.831662401770611,//STZ_RES/FLOW/01Oct2026/1Hour/RUN:Forecast/
STZ_RES,66670380,7.772642467166186,//STZ_RES/FLOW/01Oct2026/1Hour/RUN:Forecast/
STZ_RES,66670440,7.615527514575824,//STZ_RES/FLOW/01Oct2026/1Hour/RUN:Forecast/
STZ_RES,66670500,7.396888822249437,//STZ_RES/FLOW/01Oct2026/1Hour/RUN:Forecast/
STZ_RES,66670560,7.1628863256208595,//STZ_RES/FLOW/01Oct2026/1Hour/RUN:Forecast/
STZ_RES,66670620,6.938048687830629,//STZ_RES/FLOW/01Oct2026/1Hour/RUN:Forecast/
STZ_RES,66670680,6.722016505095169,//STZ_RES/FLOW/01Oct2026/1Hour/RUN:Forecast/
STZ_RES,66670740,6.51444446789641,//STZ_RES/FLOW/01Oct2026/1Hour/RUN:Forecast/
STZ_RES,66670800,6.315000808265504,//STZ_RES/FLOW/01Oct2026/1Hour/RUN:Forecast/
STZ_RES,66670860,6.123366768741672,//STZ_RES/FLOW/01Oct2026/1Hour/RUN:Forecast/
STZ_RES,66670920,5.9392360921562055,//STZ_RES/FLOW/01Oct2026/1Hour/RUN:Forecast/
STZ_RES,66670980,5.762314531424934,//STZ_RES/FLOW/01Oct2026/1Hour/RUN:Forecast/
STZ_RES,66671040,5.592319378564516,//STZ_RES/FLOW/01Oct2026/1Hour/RUN:Forecast/
STZ_RES,66671100,5.428979012178683,//STZ_RES/FLOW/01Oct2026/1Hour/RUN:Forecast/
STZ_RES,66671160,5.272032462690114,//STZ_RES/FLOW/01Oct2026/1Hour/RUN:Forecast/
STZ_RES,66671220,5.121228994622055,//STZ_RES/FLOW/01Oct2026/1Hour/RUN:Forecast/
STZ_RES,66671280,4.976327705261033,//STZ_RES/FLOW/01Oct2026/1Hour/RUN:Forecast/
STZ_RES,66671340,4.861073952148682,//STZ_RES/FLOW/01Oct2026/1Hour/RUN:Forecast/
STZ_RES,66671400,4.818144944663338,//STZ_RES/FLOW/01Oct2026/1Hour/RUN:Forecast/
STZ_RES,66671460,4.877498114537536,//STZ_RES/FLOW/01Oct2026/1Hour/RUN:Forecast/
STZ_RES,66671520,5.065214457487627,//STZ_RES/FLOW/01Oct2026/1Hour/RUN:Forecast/
STZ_RES,66671580,5.408002879560996,//STZ_RES/FLOW/01Oct2026/1Hour/RUN:Forecast/
STZ_RES,66671640,5.926041653268245,//STZ_RES/FLOW/01Oct2026/1Hour/RUN:Forecast/
STZ_RES,66671700,6.623639703027944,//STZ_RES/FLOW/01Oct2026/1Hour/RUN:Forecast/
STZ_RES,66671760,7.493662278347596,//STZ_RES/FLOW/01Oct2026/1Hour/RUN:Forecast/
STZ_RES,66671820,8.532558741832224,//STZ_RES/FLOW/01Oct2026/1Hour/RUN:Forecast/
STZ_RES,66671880,9.71996385273022,//STZ_RES/FLOW/01Oct2026/1Hour/RUN:Forecast/
STZ_RES,66671940,11.01485865914027,//STZ_RES/FLOW/01Oct2026/1Hour/RUN:Forecast/
STZ_RES,66672000,12.375805190974798,//STZ_RES/FLOW/01Oct2026/1Hour/RUN:Forecast/
STZ_RES,66672060,13.764962054762563,//STZ_RES/FLOW/01Oct2026/1Hour/RUN:Forecast/
STZ_RES,66672120,15.147191330844318,//STZ_RES/FLOW/01Oct2026/1Hour/RUN:Forecast/
STZ_RES,66672180,16.486820901297975,//STZ_RES/FLOW/01Oct2026/1Hour/RUN:Forecast/
STZ_RES,66672240,17.748292469735464,//STZ_RES/FLOW/01Oct2026/1Hour/RUN:Forecast/
STZ_RES,66672300,18.899447219724266,//STZ_RES/FLOW/01Oct2026/1Hour/RUN:Forecast/
STZ_RES,66672360,19.912929892777644,//STZ_RES/FLOW/01Oct2026/1Hour/RUN:Forecast/
STZ_RES,66672420,20.761732614082888,//STZ_RES/FLOW/01Oct2026/1Hour/RUN:Forecast/
STZ_RES,66672480,21.415678826287127,//STZ_RES/FLOW/01Oct2026/1Hour/RUN:Forecast/
STZ_RES,66672540,21.844465574089952,//STZ_RES/FLOW/01Oct2026/1Hour/RUN:Forecast/
STZ_RES,66672600,22.043598263374857,//STZ_RES/FLOW/01Oct2026/1Hour/RUN:Forecast/
STZ_RES,66672660,22.031526622513905,//STZ_RES/FLOW/01Oct2026/1Hour/RUN:Forecast/
STZ_RES,66672720,21.824786146926066,//STZ_RES/FLOW/01Oct2026/1Hour/RUN:Forecast/
STZ_RES,66672780,21.44761589244899,//STZ_RES/FLOW/01Oct2026/1Hour/RUN:Forecast/
STZ_RES,66672840,20.935624885518656,//STZ_RES/FLOW/01Oct2026/1Hour/RUN:Forecast/
STZ_RES,66672900,20.32997768379161,//STZ_RES/FLOW/01Oct2026/1Hour/RUN:Forecast/
STZ_RES,66672960,19.664539188084245,//STZ_RES/FLOW/01Oct2026/1Hour/RUN:Forecast/
STZ_RES,66673020,18.96888072951762,//STZ_RES/FLOW/01Oct2026/1Hour/RUN:Forecast/
STZ_RES,66673080,18.28058492271084,//STZ_RES/FLOW/01Oct2026/1Hour/RUN:Forecast/
STZ_RES,66673140,17.61926950093828,//STZ_RES/FLOW/01Oct2026/1Hour/RUN:Forecast/
J_STZ,66665700,1735.0567317382813,//J_STZ/FLOW/01Oct2026/1Hour/RUN:Forecast/
J_STZ,66665760,1734.4759938018528,//J_STZ/FLOW/01Oct2026/1Hour/RUN:Forecast/
J_STZ,66665820,1728.974296634068,//J_STZ/FLOW/01Oct2026/1Hour/RUN:Forecast/
J_STZ,66665880,1708.9937204676796,//J_STZ/FLOW/01Oct2026/1Hour/RUN:Forecast/
J_STZ,66665940,1653.0845512896435,//J_STZ/FLOW/01Oct2026/1Hour/RUN:Forecast/
J_STZ,66666000,1547.7820447787035,//J_STZ/FLOW/01Oct2026/1Hour/RUN:Forecast/
J_STZ,66666060,1435.406703906199,//J_STZ/FLOW/01Oct2026/1Hour/RUN:Forecast/
J_STZ,66666120,1340.9777899055941,//J_STZ/FLOW/01Oct2026/1Hour/RUN:Forecast/
J_STZ,66666180,1267.7584613524068,//J_STZ/FLOW/01Oct2026/1Hour/RUN:Forecast/
J_STZ,66666240,1213.1209664573578,//J_STZ/FLOW/01Oct2026/1Hour/RUN:Forecast/
J_STZ,66666300,1173.2963544862903,//J_STZ/FLOW/01Oct2026/1Hour/RUN:Forecast/
J_STZ,66666360,1144.3097412494126,//J_STZ/FLOW/01Oct2026/1Hour/RUN:Forecast/
J_STZ,66666420,1122.6674490278554,//J_STZ/FLOW/01Oct2026/1Hour/RUN:Forecast/
J_STZ,66666480,1105.6378706867833,//J_STZ/FLOW/01Oct2026/1Hour/RUN:Forecast/
J_STZ,66666540,1091.2604195940437,//J_STZ/FLOW/01Oct2026/1Hour/RUN:Forecast/
J_STZ,66666600,1078.226649864216,//J_STZ/FLOW/01Oct2026/1Hour/RUN:Forecast/
J_STZ,66666660,1065.7248841343421,//J_STZ/FLOW/01Oct2026/1Hour/RUN:Forecast/
J_STZ,66666720,1053.2950127715758,//J_STZ/FLOW/01Oct2026/1Hour/RUN:Forecast/
J_STZ,66666780,1040.71111425414,//J_STZ/FLOW/01Oct2026/1Hour/RUN:Forecast/
J_STZ,66666840,1027.893889152043,//J_STZ/FLOW/01Oct2026/1Hour/RUN:Forecast/
J_STZ,66666900,1014.849703229219,//J_STZ/FLOW/01Oct2026/1Hour/RUN:Forecast/
J_STZ,66666960,1001.6296880788883,//J_STZ/FLOW/01Oct2026/1Hour/RUN:Forecast/
J_STZ,66667020,988.304273956201,//J_STZ/FLOW/01Oct2026/1Hour/RUN:Forecast/
J_STZ,66667080,974.9480640017337,//J_STZ/FLOW/01Oct2026/1Hour/RUN:Forecast/
J_STZ,66667140,961.6309554438127,//J_STZ/FLOW/01Oct2026/1Hour/RUN:Forecast/
J_STZ,66667200,948.4139519788753,//J_STZ/FLOW/01Oct2026/1Hour/RUN:Forecast/
J_STZ,66667260,935.3478001913367,//J_STZ/FLOW/01Oct2026/1Hour/RUN:Forecast/
J_STZ,66667320,922.4732061913647,//J_STZ/FLOW/01Oct2026/1Hour/RUN:Forecast/
J_STZ,66667380,909.8215666031011,//J_STZ/FLOW/01Oct2026/1Hour/RUN:Forecast/
J_STZ,66667440,897.4160983425096,//J_STZ/FLOW/01Oct2026/1Hour/RUN:Forecast/
J_STZ,66667500,885.2732291076121,//J_STZ/FLOW/01Oct2026/1Hour/RUN:Forecast/
J_STZ,66667560,873.4037549704766,//J_STZ/FLOW/01Oct2026/1Hour/RUN:Forecast/
J_STZ,66667620,861.8139023270951,//J_STZ/FLOW/01Oct2026/1Hour/RUN:Forecast/
J_STZ,66667680,850.5064606171312,//J_STZ/FLOW/01Oct2026/1Hour/RUN:Forecast/
J_STZ,66667740,839.4816588618147,//J_STZ/FLOW/01Oct2026/1Hour/RUN:Forecast/
J_STZ,66667800,828.7374179089214,//J_STZ/FLOW/01Oct2026/1Hour/RUN:Forecast/
J_STZ,66667860,818.2699044640003,//J_STZ/FLOW/01Oct2026/1Hour/RUN:Forecast/
J_STZ,66667920,808.0745944306518,//J_STZ/FLOW/01Oct2026/1Hour/RUN:Forecast/
J_STZ,66667980,798.1457956600995,//J_STZ/FLOW/01Oct2026/1Hour/RUN:Forecast/
J_STZ,66668040,788.4774188404245,//J_STZ/FLOW/01Oct2026/1Hour/RUN:Forecast/
J_STZ,66668100,779.0629112221228,//J_STZ/FLOW/01Oct2026/1Hour/RUN:Forecast/
J_STZ,66668160,769.8956124344998,//J_STZ/FLOW/01Oct2026/1Hour/RUN:Forecast/
J_STZ,66668220,760.9687121869898,//J_STZ/FLOW/01Oct2026/1Hour/RUN:Forecast/
J_STZ,66668280,752.2753493349962,//J_STZ/FLOW/01Oct2026/1Hour/RUN:Forecast/
J_STZ,66668340,743.8085598840605,//J_STZ/FLOW/01Oct2026/1Hour/RUN:Forecast/
J_STZ,66668400,735.5616219418002,//J_STZ/FLOW/01Oct2026/1Hour/RUN:Forecast/
J_STZ,66668460,727.5279174765554,//J_STZ/FLOW/01Oct2026/1Hour/RUN:Forecast/
J_STZ,66668520,719.7010254618887,//J_STZ/FLOW/01Oct2026/1Hour/RUN:Forecast/
J_STZ,66668580,712.0746653288442,//J_STZ/FLOW/01Oct2026/1Hour/RUN:Forecast/
J_STZ,66668640,704.6424835409717,//J_STZ/FLOW/01Oct2026/1Hour/RUN:Forecast/
J_STZ,66668700,697.3983543851072,//J_STZ/FLOW/01Oct2026/1Hour/RUN:Forecast/
J_STZ,66668760,690.3366335643776,//J_STZ/FLOW/01Oct2026/1Hour/RUN:Forecast/
J_STZ,66668820,683.4516747029431,//J_STZ/FLOW/01Oct2026/1Hour/RUN:Forecast/
J_STZ,66668880,676.7377800333912,//J_STZ/FLOW/01Oct2026/1Hour/RUN:Forecast/
J_STZ,66668940,670.189840872093,//J_STZ/FLOW/01Oct2026/1Hour/RUN:Forecast/
J_STZ,66669000,663.8025237458875,//J_STZ/FLOW/01Oct2026/1Hour/RUN:Forecast/
J_STZ,66669060,657.5709955793111,//J_STZ/FLOW/01Oct2026/1Hour/RUN:Forecast/
J_STZ,66669120,651.4902326440533,//J_STZ/FLOW/01Oct2026/1Hour/RUN:Forecast/
J_STZ,66669180,645.591870067877,//J_STZ/FLOW/01Oct2026/1Hour/RUN:Forecast/
J_STZ,66669240,640.0178790728137,//J_STZ/FLOW/01Oct2026/1Hour/RUN:Forecast/
J_STZ,66669300,635.0652114610817,//J_STZ/FLOW/01Oct2026/1Hour/RUN:Forecast/
J_STZ,66669360,631.2137975488317,//J_STZ/FLOW/01Oct2026/1Hour/RUN:Forecast/
J_STZ,66669420,628.9265968891189,//J_STZ/FLOW/01Oct2026/1Hour/RUN:Forecast/
J_STZ,66669480,628.4904519218137,//J_STZ/FLOW/01Oct2026/1Hour/RUN:Forecast/
J_STZ,66669540,629.9040848766234,//J_STZ/FLOW/01Oct2026/1Hour/RUN:Forecast/
J_STZ,66669600,632.9943973060623,//J_STZ/FLOW/01Oct2026/1Hour/RUN:Forecast/
J_STZ,66669660,637.5376290448506,//J_STZ/FLOW/01Oct2026/1Hour/RUN:Forecast/
J_STZ,66669720,643.3184208849341,//J_STZ/FLOW/01Oct2026/1Hour/RUN:Forecast/
J_STZ,66669780,650.144374932331,//J_STZ/FLOW/01Oct2026/1Hour/RUN:Forecast/
J_STZ,66669840,657.8432624479487,//J_STZ/FLOW/01Oct2026/1Hour/RUN:Forecast/
J_STZ,66669900,666.253524808088,//J_STZ/FLOW/01Oct2026/1Hour/RUN:Forecast/
J_STZ,66669960,675.1843423407505,//J_STZ/FLOW/01Oct2026/1Hour/RUN:Forecast/
J_STZ,66670020,684.361333556741,//J_STZ/FLOW/01Oct2026/1Hour/RUN:Forecast/
J_STZ,66670080,693.4239598110502,//J_STZ/FLOW/01Oct2026/1Hour/RUN:Forecast/
J_STZ,66670140,701.9963541241644,//J_STZ/FLOW/01Oct2026/1Hour/RUN:Forecast/
J_STZ,66670200,709.7718886133174,//J_STZ/FLOW/01Oct2026/1Hour/RUN:Forecast/
J_STZ,66670260,716.5356691603209,//J_STZ/FLOW/01Oct2026/1Hour/RUN:Forecast/
J_STZ,66670320,722.133694871772,//J_STZ/FLOW/01Oct2026/1Hour/RUN:Forecast/
J_STZ,66670380,726.4318766498147,//J_STZ/FLOW/01Oct2026/1Hour/RUN:Forecast/
J_STZ,66670440,729.2858082945138,//J_STZ/FLOW/01Oct2026/1Hour/RUN:Forecast/
J_STZ,66670500,730.5841726154382,//J_STZ/FLOW/01Oct2026/1Hour/RUN:Forecast/
J_STZ,66670560,730.1706871702114,//J_STZ/FLOW/01Oct2026/1Hour/RUN:Forecast/
J_STZ,66670620,727.8589110379916,//J_STZ/FLOW/01Oct2026/1Hour/RUN:Forecast/
J_STZ,66670680,723.557193589692,//J_STZ/FLOW/01Oct2026/1Hour/RUN:Forecast/
J_STZ,66670740,717.4892110519492,//J_STZ/FLOW/01Oct2026/1Hour/RUN:Forecast/
J_STZ,66670800,710.148409159239,//J_STZ/FLOW/01Oct2026/1Hour/RUN:Forecast/
J_STZ,66670860,702.0099417572834,//J_STZ/FLOW/01Oct2026/1Hour/RUN:Forecast/
J_STZ,66670920,693.332378548043,//J_STZ/FLOW/01Oct2026/1Hour/RUN:Forecast/
J_STZ,66670980,684.5416228009257,//J_STZ/FLOW/01Oct2026/1Hour/RUN:Forecast/
J_STZ,66671040,675.8820888199037,//J_STZ/FLOW/01Oct2026/1Hour/RUN:Forecast/
J_STZ,66671100,667.2119173941995,//J_STZ/FLOW/01Oct2026/1Hour/RUN:Forecast/
J_STZ,66671160,657.9709829515036,//J_STZ/FLOW/01Oct2026/1Hour/RUN:Forecast/
J_STZ,66671220,648.4178763335781,//J_STZ/FLOW/01Oct2026/1Hour/RUN:Forecast/
J_STZ,66671280,639.1520642219585,//J_STZ/FLOW/01Oct2026/1Hour/RUN:Forecast/
J_STZ,66671340,630.3539820722215,//J_STZ/FLOW/01Oct2026/1Hour/RUN:Forecast/
J_STZ,66671400,622.8045223221918,//J_STZ/FLOW/01Oct2026/1Hour/RUN:Forecast/
J_STZ,66671460,616.8201147467682,//J_STZ/FLOW/01Oct2026/1Hour/RUN:Forecast/
J_STZ,66671520,612.9513950086523,//J_STZ/FLOW/01Oct2026/1Hour/RUN:Forecast/
J_STZ,66671580,612.8569715431806,//J_STZ/FLOW/01Oct2026/1Hour/RUN:Forecast/
J_STZ,66671640,617.281457013463,//J_STZ/FLOW/01Oct2026/1Hour/RUN:Forecast/
J_STZ,66671700,626.5445236067161,//J_STZ/FLOW/01Oct2026/1Hour/RUN:Forecast/
J_STZ,66671760,639.2242201315354,//J_STZ/FLOW/01Oct2026/1Hour/RUN:Forecast/
J_STZ,66671820,654.7227376765914,//J_STZ/FLOW/01Oct2026/1Hour/RUN:Forecast/
J_STZ,66671880,672.5616213717976,//J_STZ/FLOW/01Oct2026/1Hour/RUN:Forecast/
J_STZ,66671940,692.235294863489,//J_STZ/FLOW/01Oct2026/1Hour/RUN:Forecast/
J_STZ,66672000,713.3110186922521,//J_STZ/FLOW/01Oct2026/1Hour/RUN:Forecast/
J_STZ,66672060,735.4319983537877,//J_STZ/FLOW/01Oct2026/1Hour/RUN:Forecast/
J_STZ,66672120,758.3103934151776,//J_STZ/FLOW/01Oct2026/1Hour/RUN:Forecast/
J_STZ,66672180,781.7137619360328,//J_STZ/FLOW/01Oct2026/1Hour/RUN:Forecast/
J_STZ,66672240,805.4396751537219,//J_STZ/FLOW/01Oct2026/1Hour/RUN:Forecast/
J_STZ,66672300,829.2518303082055,//J_STZ/FLOW/01Oct2026/1Hour/RUN:Forecast/
J_STZ,66672360,852.8034405496875,//J_STZ/FLOW/01Oct2026/1Hour/RUN:Forecast/
J_STZ,66672420,875.6237502384593,//J_STZ/FLOW/01Oct2026/1Hour/RUN:Forecast/
J_STZ,66672480,897.1709047358231,//J_STZ/FLOW/01Oct2026/1Hour/RUN:Forecast/
J_STZ,66672540,916.8086963968722,//J_STZ/FLOW/01Oct2026/1Hour/RUN:Forecast/
J_STZ,66672600,933.449180769009,//J_STZ/FLOW/01Oct2026/1Hour/RUN:Forecast/
J_STZ,66672660,946.633021456669,//J_STZ/FLOW/01Oct2026/1Hour/RUN:Forecast/
J_STZ,66672720,956.0306433848349,//J_STZ/FLOW/01Oct2026/1Hour/RUN:Forecast/
J_STZ,66672780,960.4265544569282,//J_STZ/FLOW/01Oct2026/1Hour/RUN:Forecast/
J_STZ,66672840,959.3590784214792,//J_STZ/FLOW/01Oct2026/1Hour/RUN:Forecast/
J_STZ,66672900,952.8245152206728,//J_STZ/FLOW/01Oct2026/1Hour/RUN:Forecast/
J_STZ,66672960,942.5420659734725,//J_STZ/FLOW/01Oct2026/1Hour/RUN:Forecast/
J_STZ,66673020,929.4795728085975,//J_STZ/FLOW/01Oct2026/1Hour/RUN:Forecast/
J_STZ,66673080,914.3652617967316,//J_STZ/FLOW/01Oct2026/1Hour/RUN:Forecast/
J_STZ,66673140,897.9888425792238,//J_STZ/FLOW/01Oct2026/1Hour/RUN:Forecast/
R_STZ_MUCUM,66665700,1735.0567317382813,//R_STZ_MUCUM/FLOW/01Oct2026/1Hour/RUN:Forecast/
R_STZ_MUCUM,66665760,1734.9573331966014,//R_STZ_MUCUM/FLOW/01Oct2026/1Hour/RUN:Forecast/
R_STZ_MUCUM,66665820,1733.691315356058,//R_STZ_MUCUM/FLOW/01Oct2026/1Hour/RUN:Forecast/
R_STZ_MUCUM,66665880,1727.0928752831114,//R_STZ_MUCUM/FLOW/01Oct2026/1Hour/RUN:Forecast/
R_STZ_MUCUM,66665940,1705.3273201708116,//R_STZ_MUCUM/FLOW/01Oct2026/1Hour/RUN:Forecast/
R_STZ_MUCUM,66666000,1652.0998231796075,//R_STZ_MUCUM/FLOW/01Oct2026/1Hour/RUN:Forecast/
R_STZ_MUCUM,66666060,1562.570769956885,//R_STZ_MUCUM/FLOW/01Oct2026/1Hour/RUN:Forecast/
R_STZ_MUCUM,66666120,1460.71833720295,//R_STZ_MUCUM/FLOW/01Oct2026/1Hour/RUN:Forecast/
R_STZ_MUCUM,66666180,1367.498487641046,//R_STZ_MUCUM/FLOW/01Oct2026/1Hour/RUN:Forecast/
R_STZ_MUCUM,66666240,1290.9365267300072,//R_STZ_MUCUM/FLOW/01Oct2026/1Hour/RUN:Forecast/
R_STZ_MUCUM,66666300,1231.6838234191578,//R_STZ_MUCUM/FLOW/01Oct2026/1Hour/RUN:Forecast/
R_STZ_MUCUM,66666360,1187.3778472095657,//R_STZ_MUCUM/FLOW/01Oct2026/1Hour/RUN:Forecast/
R_STZ_MUCUM,66666420,1154.6519387294925,//R_STZ_MUCUM/FLOW/01Oct2026/1Hour/RUN:Forecast/
R_STZ_MUCUM,66666480,1130.1842819907665,//R_STZ_MUCUM/FLOW/01Oct2026/1Hour/RUN:Forecast/
R_STZ_MUCUM,66666540,1111.182742987034,//R_STZ_MUCUM/FLOW/01Oct2026/1Hour/RUN:Forecast/
R_STZ_MUCUM,66666600,1095.5271493857088,//R_STZ_MUCUM/FLOW/01Oct2026/1Hour/RUN:Forecast/
R_STZ_MUCUM,66666660,1081.7293407489965,//R_STZ_MUCUM/FLOW/01Oct2026/1Hour/RUN:Forecast/
R_STZ_MUCUM,66666720,1068.817181759241,//R_STZ_MUCUM/FLOW/01Oct2026/1Hour/RUN:Forecast/
R_STZ_MUCUM,66666780,1056.2036512935442,//R_STZ_MUCUM/FLOW/01Oct2026/1Hour/RUN:Forecast/
R_STZ_MUCUM,66666840,1043.5701524961473,//R_STZ_MUCUM/FLOW/01Oct2026/1Hour/RUN:Forecast/
R_STZ_MUCUM,66666900,1030.7740025173725,//R_STZ_MUCUM/FLOW/01Oct2026/1Hour/RUN:Forecast/
R_STZ_MUCUM,66666960,1017.7806176546114,//R_STZ_MUCUM/FLOW/01Oct2026/1Hour/RUN:Forecast/
R_STZ_MUCUM,66667020,1004.6164769788124,//R_STZ_MUCUM/FLOW/01Oct2026/1Hour/RUN:Forecast/
R_STZ_MUCUM,66667080,991.3383904888891,//R_STZ_MUCUM/FLOW/01Oct2026/1Hour/RUN:Forecast/
R_STZ_MUCUM,66667140,978.0143527120242,//R_STZ_MUCUM/FLOW/01Oct2026/1Hour/RUN:Forecast/
R_STZ_MUCUM,66667200,964.71211811074,//R_STZ_MUCUM/FLOW/01Oct2026/1Hour/RUN:Forecast/
R_STZ_MUCUM,66667260,951.4931365164681,//R_STZ_MUCUM/FLOW/01Oct2026/1Hour/RUN:Forecast/
R_STZ_MUCUM,66667320,938.4099268122064,//R_STZ_MUCUM/FLOW/01Oct2026/1Hour/RUN:Forecast/
R_STZ_MUCUM,66667380,925.5054543888502,//R_STZ_MUCUM/FLOW/01Oct2026/1Hour/RUN:Forecast/
R_STZ_MUCUM,66667440,912.8134889414517,//R_STZ_MUCUM/FLOW/01Oct2026/1Hour/RUN:Forecast/
R_STZ_MUCUM,66667500,900.3595270919868,//R_STZ_MUCUM/FLOW/01Oct2026/1Hour/RUN:Forecast/
R_STZ_MUCUM,66667560,888.1619904240574,//R_STZ_MUCUM/FLOW/01Oct2026/1Hour/RUN:Forecast/
R_STZ_MUCUM,66667620,876.233379895082,//R_STZ_MUCUM/FLOW/01Oct2026/1Hour/RUN:Forecast/
R_STZ_MUCUM,66667680,864.5813800552453,//R_STZ_MUCUM/FLOW/01Oct2026/1Hour/RUN:Forecast/
R_STZ_MUCUM,66667740,853.2099386240025,//R_STZ_MUCUM/FLOW/01Oct2026/1Hour/RUN:Forecast/
R_STZ_MUCUM,66667800,842.1201023947419,//R_STZ_MUCUM/FLOW/01Oct2026/1Hour/RUN:Forecast/
R_STZ_MUCUM,66667860,831.3105114912173,//R_STZ_MUCUM/FLOW/01Oct2026/1Hour/RUN:Forecast/
R_STZ_MUCUM,66667920,820.7780210763335,//R_STZ_MUCUM/FLOW/01Oct2026/1Hour/RUN:Forecast/
R_STZ_MUCUM,66667980,810.5183569702674,//R_STZ_MUCUM/FLOW/01Oct2026/1Hour/RUN:Forecast/
R_STZ_MUCUM,66668040,800.5262215104524,//R_STZ_MUCUM/FLOW/01Oct2026/1Hour/RUN:Forecast/
R_STZ_MUCUM,66668100,790.7957042563577,//R_STZ_MUCUM/FLOW/01Oct2026/1Hour/RUN:Forecast/
R_STZ_MUCUM,66668160,781.3204435243556,//R_STZ_MUCUM/FLOW/01Oct2026/1Hour/RUN:Forecast/
R_STZ_MUCUM,66668220,772.0938506990703,//R_STZ_MUCUM/FLOW/01Oct2026/1Hour/RUN:Forecast/
R_STZ_MUCUM,66668280,763.109179084187,//R_STZ_MUCUM/FLOW/01Oct2026/1Hour/RUN:Forecast/
R_STZ_MUCUM,66668340,754.3595872582245,//R_STZ_MUCUM/FLOW/01Oct2026/1Hour/RUN:Forecast/
R_STZ_MUCUM,66668400,745.8381926413119,//R_STZ_MUCUM/FLOW/01Oct2026/1Hour/RUN:Forecast/
R_STZ_MUCUM,66668460,737.5382387102582,//R_STZ_MUCUM/FLOW/01Oct2026/1Hour/RUN:Forecast/
R_STZ_MUCUM,66668520,729.4530959842285,//R_STZ_MUCUM/FLOW/01Oct2026/1Hour/RUN:Forecast/
R_STZ_MUCUM,66668580,721.5762994908773,//R_STZ_MUCUM/FLOW/01Oct2026/1Hour/RUN:Forecast/
R_STZ_MUCUM,66668640,713.9014960298579,//R_STZ_MUCUM/FLOW/01Oct2026/1Hour/RUN:Forecast/
R_STZ_MUCUM,66668700,706.4223711683512,//R_STZ_MUCUM/FLOW/01Oct2026/1Hour/RUN:Forecast/
R_STZ_MUCUM,66668760,699.1328200418624,//R_STZ_MUCUM/FLOW/01Oct2026/1Hour/RUN:Forecast/
R_STZ_MUCUM,66668820,692.0270477856028,//R_STZ_MUCUM/FLOW/01Oct2026/1Hour/RUN:Forecast/
R_STZ_MUCUM,66668880,685.0993507985908,//R_STZ_MUCUM/FLOW/01Oct2026/1Hour/RUN:Forecast/
R_STZ_MUCUM,66668940,678.3441302378299,//R_STZ_MUCUM/FLOW/01Oct2026/1Hour/RUN:Forecast/
R_STZ_MUCUM,66669000,671.7560790816351,//R_STZ_MUCUM/FLOW/01Oct2026/1Hour/RUN:Forecast/
R_STZ_MUCUM,66669060,665.3299581314612,//R_STZ_MUCUM/FLOW/01Oct2026/1Hour/RUN:Forecast/
R_STZ_MUCUM,66669120,659.0607692246515,//R_STZ_MUCUM/FLOW/01Oct2026/1Hour/RUN:Forecast/
R_STZ_MUCUM,66669180,652.9497714652532,//R_STZ_MUCUM/FLOW/01Oct2026/1Hour/RUN:Forecast/
R_STZ_MUCUM,66669240,647.0375779948204,//R_STZ_MUCUM/FLOW/01Oct2026/1Hour/RUN:Forecast/
R_STZ_MUCUM,66669300,641.4596288739399,//R_STZ_MUCUM/FLOW/01Oct2026/1Hour/RUN:Forecast/
R_STZ_MUCUM,66669360,636.4915179935022,//R_STZ_MUCUM/FLOW/01Oct2026/1Hour/RUN:Forecast/
R_STZ_MUCUM,66669420,632.543627553989,//R_STZ_MUCUM/FLOW/01Oct2026/1Hour/RUN:Forecast/
R_STZ_MUCUM,66669480,630.0316252045512,//R_STZ_MUCUM/FLOW/01Oct2026/1Hour/RUN:Forecast/
R_STZ_MUCUM,66669540,629.2350547785297,//R_STZ_MUCUM/FLOW/01Oct2026/1Hour/RUN:Forecast/
R_STZ_MUCUM,66669600,630.2148185623378,//R_STZ_MUCUM/FLOW/01Oct2026/1Hour/RUN:Forecast/
R_STZ_MUCUM,66669660,632.8654651966888,//R_STZ_MUCUM/FLOW/01Oct2026/1Hour/RUN:Forecast/
R_STZ_MUCUM,66669720,637.003258306893,//R_STZ_MUCUM/FLOW/01Oct2026/1Hour/RUN:Forecast/
R_STZ_MUCUM,66669780,642.4270823675937,//R_STZ_MUCUM/FLOW/01Oct2026/1Hour/RUN:Forecast/
R_STZ_MUCUM,66669840,648.9451484010871,//R_STZ_MUCUM/FLOW/01Oct2026/1Hour/RUN:Forecast/
R_STZ_MUCUM,66669900,656.3806744700473,//R_STZ_MUCUM/FLOW/01Oct2026/1Hour/RUN:Forecast/
R_STZ_MUCUM,66669960,664.5621286421073,//R_STZ_MUCUM/FLOW/01Oct2026/1Hour/RUN:Forecast/
R_STZ_MUCUM,66670020,673.2906794962211,//R_STZ_MUCUM/FLOW/01Oct2026/1Hour/RUN:Forecast/
R_STZ_MUCUM,66670080,682.3018392867294,//R_STZ_MUCUM/FLOW/01Oct2026/1Hour/RUN:Forecast/
R_STZ_MUCUM,66670140,691.2637723594057,//R_STZ_MUCUM/FLOW/01Oct2026/1Hour/RUN:Forecast/
R_STZ_MUCUM,66670200,699.8268232522652,//R_STZ_MUCUM/FLOW/01Oct2026/1Hour/RUN:Forecast/
R_STZ_MUCUM,66670260,707.6860318910732,//R_STZ_MUCUM/FLOW/01Oct2026/1Hour/RUN:Forecast/
R_STZ_MUCUM,66670320,714.6075519719063,//R_STZ_MUCUM/FLOW/01Oct2026/1Hour/RUN:Forecast/
R_STZ_MUCUM,66670380,720.4147494594322,//R_STZ_MUCUM/FLOW/01Oct2026/1Hour/RUN:Forecast/
R_STZ_MUCUM,66670440,724.9578935484727,//R_STZ_MUCUM/FLOW/01Oct2026/1Hour/RUN:Forecast/
R_STZ_MUCUM,66670500,728.0965049255319,//R_STZ_MUCUM/FLOW/01Oct2026/1Hour/RUN:Forecast/
R_STZ_MUCUM,66670560,729.7020590945472,//R_STZ_MUCUM/FLOW/01Oct2026/1Hour/RUN:Forecast/
R_STZ_MUCUM,66670620,729.6221648479707,//R_STZ_MUCUM/FLOW/01Oct2026/1Hour/RUN:Forecast/
R_STZ_MUCUM,66670680,727.6977106418741,//R_STZ_MUCUM/FLOW/01Oct2026/1Hour/RUN:Forecast/
R_STZ_MUCUM,66670740,723.869014808472,//R_STZ_MUCUM/FLOW/01Oct2026/1Hour/RUN:Forecast/
R_STZ_MUCUM,66670800,718.3135111445425,//R_STZ_MUCUM/FLOW/01Oct2026/1Hour/RUN:Forecast/
R_STZ_MUCUM,66670860,711.4184486745963,//R_STZ_MUCUM/FLOW/01Oct2026/1Hour/RUN:Forecast/
R_STZ_MUCUM,66670920,703.5932411459845,//R_STZ_MUCUM/FLOW/01Oct2026/1Hour/RUN:Forecast/
R_STZ_MUCUM,66670980,695.1742960262343,//R_STZ_MUCUM/FLOW/01Oct2026/1Hour/RUN:Forecast/
R_STZ_MUCUM,66671040,686.5272644517813,//R_STZ_MUCUM/FLOW/01Oct2026/1Hour/RUN:Forecast/
R_STZ_MUCUM,66671100,677.8699873803483,//R_STZ_MUCUM/FLOW/01Oct2026/1Hour/RUN:Forecast/
R_STZ_MUCUM,66671160,669.1063301467947,//R_STZ_MUCUM/FLOW/01Oct2026/1Hour/RUN:Forecast/
R_STZ_MUCUM,66671220,659.9676264566032,//R_STZ_MUCUM/FLOW/01Oct2026/1Hour/RUN:Forecast/
R_STZ_MUCUM,66671280,650.5988485594492,//R_STZ_MUCUM/FLOW/01Oct2026/1Hour/RUN:Forecast/
R_STZ_MUCUM,66671340,641.3795108212255,//R_STZ_MUCUM/FLOW/01Oct2026/1Hour/RUN:Forecast/
R_STZ_MUCUM,66671400,632.6577510331449,//R_STZ_MUCUM/FLOW/01Oct2026/1Hour/RUN:Forecast/
R_STZ_MUCUM,66671460,624.9938236509948,//R_STZ_MUCUM/FLOW/01Oct2026/1Hour/RUN:Forecast/
R_STZ_MUCUM,66671520,618.8237672374448,//R_STZ_MUCUM/FLOW/01Oct2026/1Hour/RUN:Forecast/
R_STZ_MUCUM,66671580,614.8504816653274,//R_STZ_MUCUM/FLOW/01Oct2026/1Hour/RUN:Forecast/
R_STZ_MUCUM,66671640,614.2644366432958,//R_STZ_MUCUM/FLOW/01Oct2026/1Hour/RUN:Forecast/
R_STZ_MUCUM,66671700,617.8829267274289,//R_STZ_MUCUM/FLOW/01Oct2026/1Hour/RUN:Forecast/
R_STZ_MUCUM,66671760,625.8898268599028,//R_STZ_MUCUM/FLOW/01Oct2026/1Hour/RUN:Forecast/
R_STZ_MUCUM,66671820,637.5279782939168,//R_STZ_MUCUM/FLOW/01Oct2026/1Hour/RUN:Forecast/
R_STZ_MUCUM,66671880,652.1680293998851,//R_STZ_MUCUM/FLOW/01Oct2026/1Hour/RUN:Forecast/
R_STZ_MUCUM,66671940,669.2776689139026,//R_STZ_MUCUM/FLOW/01Oct2026/1Hour/RUN:Forecast/
R_STZ_MUCUM,66672000,688.3550677023745,//R_STZ_MUCUM/FLOW/01Oct2026/1Hour/RUN:Forecast/
R_STZ_MUCUM,66672060,708.9579516807489,//R_STZ_MUCUM/FLOW/01Oct2026/1Hour/RUN:Forecast/
R_STZ_MUCUM,66672120,730.7134496717406,//R_STZ_MUCUM/FLOW/01Oct2026/1Hour/RUN:Forecast/
R_STZ_MUCUM,66672180,753.3154707955507,//R_STZ_MUCUM/FLOW/01Oct2026/1Hour/RUN:Forecast/
R_STZ_MUCUM,66672240,776.5126898641323,//R_STZ_MUCUM/FLOW/01Oct2026/1Hour/RUN:Forecast/
R_STZ_MUCUM,66672300,800.080932922642,//R_STZ_MUCUM/FLOW/01Oct2026/1Hour/RUN:Forecast/
R_STZ_MUCUM,66672360,823.7689426173185,//R_STZ_MUCUM/FLOW/01Oct2026/1Hour/RUN:Forecast/
R_STZ_MUCUM,66672420,847.2398702408474,//R_STZ_MUCUM/FLOW/01Oct2026/1Hour/RUN:Forecast/
R_STZ_MUCUM,66672480,870.0544640683017,//R_STZ_MUCUM/FLOW/01Oct2026/1Hour/RUN:Forecast/
R_STZ_MUCUM,66672540,891.6881835760024,//R_STZ_MUCUM/FLOW/01Oct2026/1Hour/RUN:Forecast/
R_STZ_MUCUM,66672600,911.4639220203369,//R_STZ_MUCUM/FLOW/01Oct2026/1Hour/RUN:Forecast/
R_STZ_MUCUM,66672660,928.5353197853892,//R_STZ_MUCUM/FLOW/01Oct2026/1Hour/RUN:Forecast/
R_STZ_MUCUM,66672720,942.3390243952502,//R_STZ_MUCUM/FLOW/01Oct2026/1Hour/RUN:Forecast/
R_STZ_MUCUM,66672780,952.3175826175524,//R_STZ_MUCUM/FLOW/01Oct2026/1Hour/RUN:Forecast/
R_STZ_MUCUM,66672840,957.5991411932746,//R_STZ_MUCUM/FLOW/01Oct2026/1Hour/RUN:Forecast/
R_STZ_MUCUM,66672900,957.6666332250804,//R_STZ_MUCUM/FLOW/01Oct2026/1Hour/RUN:Forecast/
R_STZ_MUCUM,66672960,952.6438164372122,//R_STZ_MUCUM/FLOW/01Oct2026/1Hour/RUN:Forecast/
R_STZ_MUCUM,66673020,943.6009433053941,//R_STZ_MUCUM/FLOW/01Oct2026/1Hour/RUN:Forecast/
R_STZ_MUCUM,66673080,931.4982441855757,//R_STZ_MUCUM/FLOW/01Oct2026/1Hour/RUN:Forecast/
R_STZ_MUCUM,66673140,917.1501357825493,//R_STZ_MUCUM/FLOW/01Oct2026/1Hour/RUN:Forecast/
MUC_INC,66665700,0.950105,//MUC_INC/FLOW/01Oct2026/1Hour/RUN:Forecast/
MUC_INC,66665760,0.949906585677004,//MUC_INC/FLOW/01Oct2026/1Hour/RUN:Forecast/
MUC_INC,66665820,0.9497082127896848,//MUC_INC/FLOW/01Oct2026/1Hour/RUN:Forecast/
MUC_INC,66665880,0.949509881329389,//MUC_INC/FLOW/01Oct2026/1Hour/RUN:Forecast/
MUC_INC,66665940,0.9493115912874652,//MUC_INC/FLOW/01Oct2026/1Hour/RUN:Forecast/
MUC_INC,66666000,0.949113342655264,//MUC_INC/FLOW/01Oct2026/1Hour/RUN:Forecast/
MUC_INC,66666060,0.9489151354241376,//MUC_INC/FLOW/01Oct2026/1Hour/RUN:Forecast/
MUC_INC,66666120,0.94871696958544,//MUC_INC/FLOW/01Oct2026/1Hour/RUN:Forecast/
MUC_INC,66666180,0.9485188451305271,//MUC_INC/FLOW/01Oct2026/1Hour/RUN:Forecast/
MUC_INC,66666240,0.9483207620507564,//MUC_INC/FLOW/01Oct2026/1Hour/RUN:Forecast/
MUC_INC,66666300,0.9481227203374876,//MUC_INC/FLOW/01Oct2026/1Hour/RUN:Forecast/
MUC_INC,66666360,0.9479247199820817,//MUC_INC/FLOW/01Oct2026/1Hour/RUN:Forecast/
MUC_INC,66666420,0.947726760975902,//MUC_INC/FLOW/01Oct2026/1Hour/RUN:Forecast/
MUC_INC,66666480,0.9475288433103133,//MUC_INC/FLOW/01Oct2026/1Hour/RUN:Forecast/
MUC_INC,66666540,0.9473309669766822,//MUC_INC/FLOW/01Oct2026/1Hour/RUN:Forecast/
MUC_INC,66666600,0.9471331319663773,//MUC_INC/FLOW/01Oct2026/1Hour/RUN:Forecast/
MUC_INC,66666660,0.9469353382707687,//MUC_INC/FLOW/01Oct2026/1Hour/RUN:Forecast/
MUC_INC,66666720,0.9467375858812287,//MUC_INC/FLOW/01Oct2026/1Hour/RUN:Forecast/
MUC_INC,66666780,0.946539874789131,//MUC_INC/FLOW/01Oct2026/1Hour/RUN:Forecast/
MUC_INC,66666840,0.9463422049858514,//MUC_INC/FLOW/01Oct2026/1Hour/RUN:Forecast/
MUC_INC,66666900,0.9461445764627674,//MUC_INC/FLOW/01Oct2026/1Hour/RUN:Forecast/
MUC_INC,66666960,0.9459469892112582,//MUC_INC/FLOW/01Oct2026/1Hour/RUN:Forecast/
MUC_INC,66667020,0.9457494432227049,//MUC_INC/FLOW/01Oct2026/1Hour/RUN:Forecast/
MUC_INC,66667080,0.9455519384884905,//MUC_INC/FLOW/01Oct2026/1Hour/RUN:Forecast/
MUC_INC,66667140,0.9453544749999996,//MUC_INC/FLOW/01Oct2026/1Hour/RUN:Forecast/
MUC_INC,66667200,0.9451570527486186,//MUC_INC/FLOW/01Oct2026/1Hour/RUN:Forecast/
MUC_INC,66667260,0.9449596717257359,//MUC_INC/FLOW/01Oct2026/1Hour/RUN:Forecast/
MUC_INC,66667320,0.9447623319227416,//MUC_INC/FLOW/01Oct2026/1Hour/RUN:Forecast/
MUC_INC,66667380,0.9445650333310275,//MUC_INC/FLOW/01Oct2026/1Hour/RUN:Forecast/
MUC_INC,66667440,0.9443677759419873,//MUC_INC/FLOW/01Oct2026/1Hour/RUN:Forecast/
MUC_INC,66667500,0.9441705597470165,//MUC_INC/FLOW/01Oct2026/1Hour/RUN:Forecast/
MUC_INC,66667560,0.9439733847375124,//MUC_INC/FLOW/01Oct2026/1Hour/RUN:Forecast/
MUC_INC,66667620,0.9437762509048739,//MUC_INC/FLOW/01Oct2026/1Hour/RUN:Forecast/
MUC_INC,66667680,0.9435791582405022,//MUC_INC/FLOW/01Oct2026/1Hour/RUN:Forecast/
MUC_INC,66667740,0.9433821067357997,//MUC_INC/FLOW/01Oct2026/1Hour/RUN:Forecast/
MUC_INC,66667800,0.943185096382171,//MUC_INC/FLOW/01Oct2026/1Hour/RUN:Forecast/
MUC_INC,66667860,0.9429881271710222,//MUC_INC/FLOW/01Oct2026/1Hour/RUN:Forecast/
MUC_INC,66667920,0.9427911990937614,//MUC_INC/FLOW/01Oct2026/1Hour/RUN:Forecast/
MUC_INC,66667980,0.9425943121417985,//MUC_INC/FLOW/01Oct2026/1Hour/RUN:Forecast/
MUC_INC,66668040,0.9423974663065451,//MUC_INC/FLOW/01Oct2026/1Hour/RUN:Forecast/
MUC_INC,66668100,0.9422006615794146,//MUC_INC/FLOW/01Oct2026/1Hour/RUN:Forecast/
MUC_INC,66668160,0.9420038979518223,//MUC_INC/FLOW/01Oct2026/1Hour/RUN:Forecast/
MUC_INC,66668220,0.9418071754151851,//MUC_INC/FLOW/01Oct2026/1Hour/RUN:Forecast/
MUC_INC,66668280,0.9416104939609219,//MUC_INC/FLOW/01Oct2026/1Hour/RUN:Forecast/
MUC_INC,66668340,0.9414138535804533,//MUC_INC/FLOW/01Oct2026/1Hour/RUN:Forecast/
MUC_INC,66668400,0.9412172542652016,//MUC_INC/FLOW/01Oct2026/1Hour/RUN:Forecast/
MUC_INC,66668460,0.9410206960065911,//MUC_INC/FLOW/01Oct2026/1Hour/RUN:Forecast/
MUC_INC,66668520,0.9408241787960477,//MUC_INC/FLOW/01Oct2026/1Hour/RUN:Forecast/
MUC_INC,66668580,0.9406277026249993,//MUC_INC/FLOW/01Oct2026/1Hour/RUN:Forecast/
MUC_INC,66668640,0.9404312674848753,//MUC_INC/FLOW/01Oct2026/1Hour/RUN:Forecast/
MUC_INC,66668700,0.940234873367107,//MUC_INC/FLOW/01Oct2026/1Hour/RUN:Forecast/
MUC_INC,66668760,0.9400385202631276,//MUC_INC/FLOW/01Oct2026/1Hour/RUN:Forecast/
MUC_INC,66668820,0.9398422081643721,//MUC_INC/FLOW/01Oct2026/1Hour/RUN:Forecast/
MUC_INC,66668880,0.9396459370622772,//MUC_INC/FLOW/01Oct2026/1Hour/RUN:Forecast/
MUC_INC,66668940,0.9394497069482812,//MUC_INC/FLOW/01Oct2026/1Hour/RUN:Forecast/
MUC_INC,66669000,0.9392535178138246,//MUC_INC/FLOW/01Oct2026/1Hour/RUN:Forecast/
MUC_INC,66669060,0.9390573696503495,//MUC_INC/FLOW/01Oct2026/1Hour/RUN:Forecast/
MUC_INC,66669120,0.9388612624492996,//MUC_INC/FLOW/01Oct2026/1Hour/RUN:Forecast/
MUC_INC,66669180,0.9542171992694722,//MUC_INC/FLOW/01Oct2026/1Hour/RUN:Forecast/
MUC_INC,66669240,1.0129510018815668,//MUC_INC/FLOW/01Oct2026/1Hour/RUN:Forecast/
MUC_INC,66669300,1.134632447135753,//MUC_INC/FLOW/01Oct2026/1Hour/RUN:Forecast/
MUC_INC,66669360,1.3164107404258922,//MUC_INC/FLOW/01Oct2026/1Hour/RUN:Forecast/
MUC_INC,66669420,1.5401312245463967,//MUC_INC/FLOW/01Oct2026/1Hour/RUN:Forecast/
MUC_INC,66669480,1.7939629468793616,//MUC_INC/FLOW/01Oct2026/1Hour/RUN:Forecast/
MUC_INC,66669540,2.071554974170569,//MUC_INC/FLOW/01Oct2026/1Hour/RUN:Forecast/
MUC_INC,66669600,2.3685221260493323,//MUC_INC/FLOW/01Oct2026/1Hour/RUN:Forecast/
MUC_INC,66669660,2.68156201837426,//MUC_INC/FLOW/01Oct2026/1Hour/RUN:Forecast/
MUC_INC,66669720,3.008063615819028,//MUC_INC/FLOW/01Oct2026/1Hour/RUN:Forecast/
MUC_INC,66669780,3.3422056423147213,//MUC_INC/FLOW/01Oct2026/1Hour/RUN:Forecast/
MUC_INC,66669840,3.6712553328238733,//MUC_INC/FLOW/01Oct2026/1Hour/RUN:Forecast/
MUC_INC,66669900,3.9793745770076807,//MUC_INC/FLOW/01Oct2026/1Hour/RUN:Forecast/
MUC_INC,66669960,4.25495103796386,//MUC_INC/FLOW/01Oct2026/1Hour/RUN:Forecast/
MUC_INC,66670020,4.493967538854919,//MUC_INC/FLOW/01Oct2026/1Hour/RUN:Forecast/
MUC_INC,66670080,4.695877070173067,//MUC_INC/FLOW/01Oct2026/1Hour/RUN:Forecast/
MUC_INC,66670140,4.859592231858971,//MUC_INC/FLOW/01Oct2026/1Hour/RUN:Forecast/
MUC_INC,66670200,4.983157438620597,//MUC_INC/FLOW/01Oct2026/1Hour/RUN:Forecast/
MUC_INC,66670260,5.062977098107055,//MUC_INC/FLOW/01Oct2026/1Hour/RUN:Forecast/
MUC_INC,66670320,5.0905805611509,//MUC_INC/FLOW/01Oct2026/1Hour/RUN:Forecast/
MUC_INC,66670380,5.052217603658022,//MUC_INC/FLOW/01Oct2026/1Hour/RUN:Forecast/
MUC_INC,66670440,4.950092884474286,//MUC_INC/FLOW/01Oct2026/1Hour/RUN:Forecast/
MUC_INC,66670500,4.807977734462136,//MUC_INC/FLOW/01Oct2026/1Hour/RUN:Forecast/
MUC_INC,66670560,4.65587611165356,//MUC_INC/FLOW/01Oct2026/1Hour/RUN:Forecast/
MUC_INC,66670620,4.509731647089911,//MUC_INC/FLOW/01Oct2026/1Hour/RUN:Forecast/
MUC_INC,66670680,4.369310728311862,//MUC_INC/FLOW/01Oct2026/1Hour/RUN:Forecast/
MUC_INC,66670740,4.234388904132669,//MUC_INC/FLOW/01Oct2026/1Hour/RUN:Forecast/
MUC_INC,66670800,4.10475052537258,//MUC_INC/FLOW/01Oct2026/1Hour/RUN:Forecast/
MUC_INC,66670860,3.9801883996820893,//MUC_INC/FLOW/01Oct2026/1Hour/RUN:Forecast/
MUC_INC,66670920,3.8605034599015364,//MUC_INC/FLOW/01Oct2026/1Hour/RUN:Forecast/
MUC_INC,66670980,3.7455044454262096,//MUC_INC/FLOW/01Oct2026/1Hour/RUN:Forecast/
MUC_INC,66671040,3.635007596066938,//MUC_INC/FLOW/01Oct2026/1Hour/RUN:Forecast/
MUC_INC,66671100,3.5288363579161452,//MUC_INC/FLOW/01Oct2026/1Hour/RUN:Forecast/
MUC_INC,66671160,3.4268211007485756,//MUC_INC/FLOW/01Oct2026/1Hour/RUN:Forecast/
MUC_INC,66671220,3.328798846504337,//MUC_INC/FLOW/01Oct2026/1Hour/RUN:Forecast/
MUC_INC,66671280,3.2346130084196725,//MUC_INC/FLOW/01Oct2026/1Hour/RUN:Forecast/
MUC_INC,66671340,3.1596980688966445,//MUC_INC/FLOW/01Oct2026/1Hour/RUN:Forecast/
MUC_INC,66671400,3.131794214031171,//MUC_INC/FLOW/01Oct2026/1Hour/RUN:Forecast/
MUC_INC,66671460,3.1703737744494003,//MUC_INC/FLOW/01Oct2026/1Hour/RUN:Forecast/
MUC_INC,66671520,3.29238939736696,//MUC_INC/FLOW/01Oct2026/1Hour/RUN:Forecast/
MUC_INC,66671580,3.5152018717146496,//MUC_INC/FLOW/01Oct2026/1Hour/RUN:Forecast/
MUC_INC,66671640,3.8519270746243612,//MUC_INC/FLOW/01Oct2026/1Hour/RUN:Forecast/
MUC_INC,66671700,4.305365806968166,//MUC_INC/FLOW/01Oct2026/1Hour/RUN:Forecast/
MUC_INC,66671760,4.8708804809259405,//MUC_INC/FLOW/01Oct2026/1Hour/RUN:Forecast/
MUC_INC,66671820,5.546163182190948,//MUC_INC/FLOW/01Oct2026/1Hour/RUN:Forecast/
MUC_INC,66671880,6.317976504274646,//MUC_INC/FLOW/01Oct2026/1Hour/RUN:Forecast/
MUC_INC,66671940,7.159658128441178,//MUC_INC/FLOW/01Oct2026/1Hour/RUN:Forecast/
MUC_INC,66672000,8.04427337413362,//MUC_INC/FLOW/01Oct2026/1Hour/RUN:Forecast/
MUC_INC,66672060,8.947225335595668,//MUC_INC/FLOW/01Oct2026/1Hour/RUN:Forecast/
MUC_INC,66672120,9.845674365048808,//MUC_INC/FLOW/01Oct2026/1Hour/RUN:Forecast/
MUC_INC,66672180,10.716433585843685,//MUC_INC/FLOW/01Oct2026/1Hour/RUN:Forecast/
MUC_INC,66672240,11.536390105328053,//MUC_INC/FLOW/01Oct2026/1Hour/RUN:Forecast/
MUC_INC,66672300,12.284640692820776,//MUC_INC/FLOW/01Oct2026/1Hour/RUN:Forecast/
MUC_INC,66672360,12.943404430305469,//MUC_INC/FLOW/01Oct2026/1Hour/RUN:Forecast/
MUC_INC,66672420,13.495126199153882,//MUC_INC/FLOW/01Oct2026/1Hour/RUN:Forecast/
MUC_INC,66672480,13.920191237086637,//MUC_INC/FLOW/01Oct2026/1Hour/RUN:Forecast/
MUC_INC,66672540,14.198902623158471,//MUC_INC/FLOW/01Oct2026/1Hour/RUN:Forecast/
MUC_INC,66672600,14.32833887119366,//MUC_INC/FLOW/01Oct2026/1Hour/RUN:Forecast/
MUC_INC,66672660,14.320492304634042,//MUC_INC/FLOW/01Oct2026/1Hour/RUN:Forecast/
MUC_INC,66672720,14.186110995501949,//MUC_INC/FLOW/01Oct2026/1Hour/RUN:Forecast/
MUC_INC,66672780,13.940950330091848,//MUC_INC/FLOW/01Oct2026/1Hour/RUN:Forecast/
MUC_INC,66672840,13.60815617558713,//MUC_INC/FLOW/01Oct2026/1Hour/RUN:Forecast/
MUC_INC,66672900,13.21448549446455,//MUC_INC/FLOW/01Oct2026/1Hour/RUN:Forecast/
MUC_INC,66672960,12.78195047225476,//MUC_INC/FLOW/01Oct2026/1Hour/RUN:Forecast/
MUC_INC,66673020,12.32977247418646,//MUC_INC/FLOW/01Oct2026/1Hour/RUN:Forecast/
MUC_INC,66673080,11.882380199762054,//MUC_INC/FLOW/01Oct2026/1Hour/RUN:Forecast/
MUC_INC,66673140,11.452525175609885,//MUC_INC/FLOW/01Oct2026/1Hour/RUN:Forecast/
MUCUM,66665700,1736.0068367382812,//MUCUM/FLOW/01Oct2026/1Hour/RUN:Forecast/
MUCUM,66665760,1735.9072397822783,//MUCUM/FLOW/01Oct2026/1Hour/RUN:Forecast/
MUCUM,66665820,1734.6410235688477,//MUCUM/FLOW/01Oct2026/1Hour/RUN:Forecast/
MUCUM,66665880,1728.0423851644407,//MUCUM/FLOW/01Oct2026/1Hour/RUN:Forecast/
MUCUM,66665940,1706.276631762099,//MUCUM/FLOW/01Oct2026/1Hour/RUN:Forecast/
MUCUM,66666000,1653.0489365222627,//MUCUM/FLOW/01Oct2026/1Hour/RUN:Forecast/
MUCUM,66666060,1563.5196850923091,//MUCUM/FLOW/01Oct2026/1Hour/RUN:Forecast/
MUCUM,66666120,1461.6670541725352,//MUCUM/FLOW/01Oct2026/1Hour/RUN:Forecast/
MUCUM,66666180,1368.4470064861766,//MUCUM/FLOW/01Oct2026/1Hour/RUN:Forecast/
MUCUM,66666240,1291.884847492058,//MUCUM/FLOW/01Oct2026/1Hour/RUN:Forecast/
MUCUM,66666300,1232.6319461394953,//MUCUM/FLOW/01Oct2026/1Hour/RUN:Forecast/
MUCUM,66666360,1188.3257719295477,//MUCUM/FLOW/01Oct2026/1Hour/RUN:Forecast/
MUCUM,66666420,1155.5996654904684,//MUCUM/FLOW/01Oct2026/1Hour/RUN:Forecast/
MUCUM,66666480,1131.1318108340768,//MUCUM/FLOW/01Oct2026/1Hour/RUN:Forecast/
MUCUM,66666540,1112.1300739540109,//MUCUM/FLOW/01Oct2026/1Hour/RUN:Forecast/
MUCUM,66666600,1096.4742825176752,//MUCUM/FLOW/01Oct2026/1Hour/RUN:Forecast/
MUCUM,66666660,1082.6762760872673,//MUCUM/FLOW/01Oct2026/1Hour/RUN:Forecast/
MUCUM,66666720,1069.7639193451223,//MUCUM/FLOW/01Oct2026/1Hour/RUN:Forecast/
MUCUM,66666780,1057.1501911683333,//MUCUM/FLOW/01Oct2026/1Hour/RUN:Forecast/
MUCUM,66666840,1044.516494701133,//MUCUM/FLOW/01Oct2026/1Hour/RUN:Forecast/
MUCUM,66666900,1031.7201470938353,//MUCUM/FLOW/01Oct2026/1Hour/RUN:Forecast/
MUCUM,66666960,1018.7265646438227,//MUCUM/FLOW/01Oct2026/1Hour/RUN:Forecast/
MUCUM,66667020,1005.5622264220351,//MUCUM/FLOW/01Oct2026/1Hour/RUN:Forecast/
MUCUM,66667080,992.2839424273776,//MUCUM/FLOW/01Oct2026/1Hour/RUN:Forecast/
MUCUM,66667140,978.9597071870243,//MUCUM/FLOW/01Oct2026/1Hour/RUN:Forecast/
MUCUM,66667200,965.6572751634886,//MUCUM/FLOW/01Oct2026/1Hour/RUN:Forecast/
MUCUM,66667260,952.4380961881939,//MUCUM/FLOW/01Oct2026/1Hour/RUN:Forecast/
MUCUM,66667320,939.3546891441292,//MUCUM/FLOW/01Oct2026/1Hour/RUN:Forecast/
MUCUM,66667380,926.4500194221813,//MUCUM/FLOW/01Oct2026/1Hour/RUN:Forecast/
MUCUM,66667440,913.7578567173937,//MUCUM/FLOW/01Oct2026/1Hour/RUN:Forecast/
MUCUM,66667500,901.3036976517338,//MUCUM/FLOW/01Oct2026/1Hour/RUN:Forecast/
MUCUM,66667560,889.105963808795,//MUCUM/FLOW/01Oct2026/1Hour/RUN:Forecast/
MUCUM,66667620,877.1771561459868,//MUCUM/FLOW/01Oct2026/1Hour/RUN:Forecast/
MUCUM,66667680,865.5249592134858,//MUCUM/FLOW/01Oct2026/1Hour/RUN:Forecast/
MUCUM,66667740,854.1533207307383,//MUCUM/FLOW/01Oct2026/1Hour/RUN:Forecast/
MUCUM,66667800,843.0632874911241,//MUCUM/FLOW/01Oct2026/1Hour/RUN:Forecast/
MUCUM,66667860,832.2534996183883,//MUCUM/FLOW/01Oct2026/1Hour/RUN:Forecast/
MUCUM,66667920,821.7208122754273,//MUCUM/FLOW/01Oct2026/1Hour/RUN:Forecast/
MUCUM,66667980,811.4609512824092,//MUCUM/FLOW/01Oct2026/1Hour/RUN:Forecast/
MUCUM,66668040,801.468618976759,//MUCUM/FLOW/01Oct2026/1Hour/RUN:Forecast/
MUCUM,66668100,791.737904917937,//MUCUM/FLOW/01Oct2026/1Hour/RUN:Forecast/
MUCUM,66668160,782.2624474223074,//MUCUM/FLOW/01Oct2026/1Hour/RUN:Forecast/
MUCUM,66668220,773.0356578744855,//MUCUM/FLOW/01Oct2026/1Hour/RUN:Forecast/
MUCUM,66668280,764.0507895781478,//MUCUM/FLOW/01Oct2026/1Hour/RUN:Forecast/
MUCUM,66668340,755.3010011118049,//MUCUM/FLOW/01Oct2026/1Hour/RUN:Forecast/
MUCUM,66668400,746.7794098955771,//MUCUM/FLOW/01Oct2026/1Hour/RUN:Forecast/
MUCUM,66668460,738.4792594062648,//MUCUM/FLOW/01Oct2026/1Hour/RUN:Forecast/
MUCUM,66668520,730.3939201630245,//MUCUM/FLOW/01Oct2026/1Hour/RUN:Forecast/
MUCUM,66668580,722.5169271935023,//MUCUM/FLOW/01Oct2026/1Hour/RUN:Forecast/
MUCUM,66668640,714.8419272973427,//MUCUM/FLOW/01Oct2026/1Hour/RUN:Forecast/
MUCUM,66668700,707.3626060417183,//MUCUM/FLOW/01Oct2026/1Hour/RUN:Forecast/
MUCUM,66668760,700.0728585621255,//MUCUM/FLOW/01Oct2026/1Hour/RUN:Forecast/
MUCUM,66668820,692.9668899937672,//MUCUM/FLOW/01Oct2026/1Hour/RUN:Forecast/
MUCUM,66668880,686.0389967356531,//MUCUM/FLOW/01Oct2026/1Hour/RUN:Forecast/
MUCUM,66668940,679.2835799447781,//MUCUM/FLOW/01Oct2026/1Hour/RUN:Forecast/
MUCUM,66669000,672.6953325994489,//MUCUM/FLOW/01Oct2026/1Hour/RUN:Forecast/
MUCUM,66669060,666.2690155011115,//MUCUM/FLOW/01Oct2026/1Hour/RUN:Forecast/
MUCUM,66669120,659.9996304871008,//MUCUM/FLOW/01Oct2026/1Hour/RUN:Forecast/
MUCUM,66669180,653.9039886645227,//MUCUM/FLOW/01Oct2026/1Hour/RUN:Forecast/
MUCUM,66669240,648.0505289967019,//MUCUM/FLOW/01Oct2026/1Hour/RUN:Forecast/
MUCUM,66669300,642.5942613210757,//MUCUM/FLOW/01Oct2026/1Hour/RUN:Forecast/
MUCUM,66669360,637.8079287339281,//MUCUM/FLOW/01Oct2026/1Hour/RUN:Forecast/
MUCUM,66669420,634.0837587785354,//MUCUM/FLOW/01Oct2026/1Hour/RUN:Forecast/
MUCUM,66669480,631.8255881514306,//MUCUM/FLOW/01Oct2026/1Hour/RUN:Forecast/
MUCUM,66669540,631.3066097527003,//MUCUM/FLOW/01Oct2026/1Hour/RUN:Forecast/
MUCUM,66669600,632.5833406883871,//MUCUM/FLOW/01Oct2026/1Hour/RUN:Forecast/
MUCUM,66669660,635.547027215063,//MUCUM/FLOW/01Oct2026/1Hour/RUN:Forecast/
MUCUM,66669720,640.0113219227121,//MUCUM/FLOW/01Oct2026/1Hour/RUN:Forecast/
MUCUM,66669780,645.7692880099085,//MUCUM/FLOW/01Oct2026/1Hour/RUN:Forecast/
MUCUM,66669840,652.6164037339109,//MUCUM/FLOW/01Oct2026/1Hour/RUN:Forecast/
MUCUM,66669900,660.360049047055,//MUCUM/FLOW/01Oct2026/1Hour/RUN:Forecast/
MUCUM,66669960,668.8170796800712,//MUCUM/FLOW/01Oct2026/1Hour/RUN:Forecast/
MUCUM,66670020,677.784647035076,//MUCUM/FLOW/01Oct2026/1Hour/RUN:Forecast/
MUCUM,66670080,686.9977163569025,//MUCUM/FLOW/01Oct2026/1Hour/RUN:Forecast/
MUCUM,66670140,696.1233645912647,//MUCUM/FLOW/01Oct2026/1Hour/RUN:Forecast/
MUCUM,66670200,704.8099806908858,//MUCUM/FLOW/01Oct2026/1Hour/RUN:Forecast/
MUCUM,66670260,712.7490089891802,//MUCUM/FLOW/01Oct2026/1Hour/RUN:Forecast/
MUCUM,66670320,719.6981325330572,//MUCUM/FLOW/01Oct2026/1Hour/RUN:Forecast/
MUCUM,66670380,725.4669670630902,//MUCUM/FLOW/01Oct2026/1Hour/RUN:Forecast/
MUCUM,66670440,729.907986432947,//MUCUM/FLOW/01Oct2026/1Hour/RUN:Forecast/
MUCUM,66670500,732.9044826599941,//MUCUM/FLOW/01Oct2026/1Hour/RUN:Forecast/
MUCUM,66670560,734.3579352062008,//MUCUM/FLOW/01Oct2026/1Hour/RUN:Forecast/
MUCUM,66670620,734.1318964950606,//MUCUM/FLOW/01Oct2026/1Hour/RUN:Forecast/
MUCUM,66670680,732.067021370186,//MUCUM/FLOW/01Oct2026/1Hour/RUN:Forecast/
MUCUM,66670740,728.1034037126046,//MUCUM/FLOW/01Oct2026/1Hour/RUN:Forecast/
MUCUM,66670800,722.4182616699151,//MUCUM/FLOW/01Oct2026/1Hour/RUN:Forecast/
MUCUM,66670860,715.3986370742784,//MUCUM/FLOW/01Oct2026/1Hour/RUN:Forecast/
MUCUM,66670920,707.4537446058861,//MUCUM/FLOW/01Oct2026/1Hour/RUN:Forecast/
MUCUM,66670980,698.9198004716606,//MUCUM/FLOW/01Oct2026/1Hour/RUN:Forecast/
MUCUM,66671040,690.1622720478482,//MUCUM/FLOW/01Oct2026/1Hour/RUN:Forecast/
MUCUM,66671100,681.3988237382645,//MUCUM/FLOW/01Oct2026/1Hour/RUN:Forecast/
MUCUM,66671160,672.5331512475433,//MUCUM/FLOW/01Oct2026/1Hour/RUN:Forecast/
MUCUM,66671220,663.2964253031075,//MUCUM/FLOW/01Oct2026/1Hour/RUN:Forecast/
MUCUM,66671280,653.8334615678689,//MUCUM/FLOW/01Oct2026/1Hour/RUN:Forecast/
MUCUM,66671340,644.5392088901222,//MUCUM/FLOW/01Oct2026/1Hour/RUN:Forecast/
MUCUM,66671400,635.7895452471761,//MUCUM/FLOW/01Oct2026/1Hour/RUN:Forecast/
MUCUM,66671460,628.1641974254443,//MUCUM/FLOW/01Oct2026/1Hour/RUN:Forecast/
MUCUM,66671520,622.1161566348118,//MUCUM/FLOW/01Oct2026/1Hour/RUN:Forecast/
MUCUM,66671580,618.3656835370421,//MUCUM/FLOW/01Oct2026/1Hour/RUN:Forecast/
MUCUM,66671640,618.1163637179201,//MUCUM/FLOW/01Oct2026/1Hour/RUN:Forecast/
MUCUM,66671700,622.1882925343971,//MUCUM/FLOW/01Oct2026/1Hour/RUN:Forecast/
MUCUM,66671760,630.7607073408287,//MUCUM/FLOW/01Oct2026/1Hour/RUN:Forecast/
MUCUM,66671820,643.0741414761078,//MUCUM/FLOW/01Oct2026/1Hour/RUN:Forecast/
MUCUM,66671880,658.4860059041597,//MUCUM/FLOW/01Oct2026/1Hour/RUN:Forecast/
MUCUM,66671940,676.4373270423438,//MUCUM/FLOW/01Oct2026/1Hour/RUN:Forecast/
MUCUM,66672000,696.3993410765081,//MUCUM/FLOW/01Oct2026/1Hour/RUN:Forecast/
MUCUM,66672060,717.9051770163446,//MUCUM/FLOW/01Oct2026/1Hour/RUN:Forecast/
MUCUM,66672120,740.5591240367894,//MUCUM/FLOW/01Oct2026/1Hour/RUN:Forecast/
MUCUM,66672180,764.0319043813944,//MUCUM/FLOW/01Oct2026/1Hour/RUN:Forecast/
MUCUM,66672240,788.0490799694603,//MUCUM/FLOW/01Oct2026/1Hour/RUN:Forecast/
MUCUM,66672300,812.3655736154627,//MUCUM/FLOW/01Oct2026/1Hour/RUN:Forecast/
MUCUM,66672360,836.712347047624,//MUCUM/FLOW/01Oct2026/1Hour/RUN:Forecast/
MUCUM,66672420,860.7349964400013,//MUCUM/FLOW/01Oct2026/1Hour/RUN:Forecast/
MUCUM,66672480,883.9746553053884,//MUCUM/FLOW/01Oct2026/1Hour/RUN:Forecast/
MUCUM,66672540,905.8870861991609,//MUCUM/FLOW/01Oct2026/1Hour/RUN:Forecast/
MUCUM,66672600,925.7922608915305,//MUCUM/FLOW/01Oct2026/1Hour/RUN:Forecast/
MUCUM,66672660,942.8558120900233,//MUCUM/FLOW/01Oct2026/1Hour/RUN:Forecast/
MUCUM,66672720,956.5251353907522,//MUCUM/FLOW/01Oct2026/1Hour/RUN:Forecast/
MUCUM,66672780,966.2585329476442,//MUCUM/FLOW/01Oct2026/1Hour/RUN:Forecast/
MUCUM,66672840,971.2072973688618,//MUCUM/FLOW/01Oct2026/1Hour/RUN:Forecast/
MUCUM,66672900,970.8811187195449,//MUCUM/FLOW/01Oct2026/1Hour/RUN:Forecast/
MUCUM,66672960,965.4257669094669,//MUCUM/FLOW/01Oct2026/1Hour/RUN:Forecast/
MUCUM,66673020,955.9307157795806,//MUCUM/FLOW/01Oct2026/1Hour/RUN:Forecast/
MUCUM,66673080,943.3806243853378,//MUCUM/FLOW/01Oct2026/1Hour/RUN:Forecast/
MUCUM,66673140,928.6026609581593,//MUCUM/FLOW/01Oct2026/1Hour/RUN:Forecast/
