COD_SEQUENCIAL;EVENTO;SERIE;NIVEL_ATUAL_CM;OUT4H DIF;OUT4H NIV
202305052100;1.0;1;381.0;10.0;391.0
202305052200;1.0;1;382.0;12.0;394.0
202305060600;1.0;1;394.0;10.0;404.0
202305061000;1.0;1;404.0;101.0;505.0
202305061400;1.0;1;505.0;21.0;526.0
202305061500;1.0;1;514.0;13.0;527.0
202305061600;1.0;1;520.0;7.0;527.0
202305061700;1.0;1;524.0;2.0;526.0
202305061800;1.0;1;526.0;-2.0;524.0
202305062000;1.0;1;527.0;-8.0;519.0
202305062100;1.0;1;526.0;-9.0;517.0
202305062200;1.0;1;524.0;-7.0;517.0
202305070500;1.0;1;533.0;29.0;562.0
202305070600;1.0;1;543.0;9.0;552.0
202305070900;1.0;1;562.0;-52.0;510.0
202305071300;1.0;1;510.0;8.0;518.0
202305072000;1.0;1;544.0;-19.0;525.0
202305072100;1.0;1;546.0;-27.0;519.0
202305080900;1.0;1;461.0;5.0;466.0
202305081000;1.0;1;461.0;5.0;466.0
202305081300;1.0;1;466.0;-6.0;460.0
202305081400;1.0;1;466.0;-8.0;458.0
202305081700;1.0;1;460.0;-1.0;459.0
202305081800;1.0;1;458.0;2.0;460.0
202305082000;1.0;1;458.0;3.0;461.0
202305082100;1.0;1;459.0;1.0;460.0
202305082200;1.0;1;460.0;-2.0;458.0
202305090500;1.0;1;453.0;-10.0;443.0
202305090600;1.0;1;450.0;-9.0;441.0
202305090900;1.0;1;443.0;-37.0;406.0
202305091000;1.0;1;441.0;-37.0;404.0
202305091300;1.0;1;406.0;9.0;415.0
202305091400;1.0;1;404.0;12.0;416.0
202305091500;1.0;1;408.0;8.0;416.0
202305091600;1.0;1;412.0;9.0;421.0
202305091700;1.0;1;415.0;20.0;435.0
202305091800;1.0;1;416.0;24.0;440.0
202305092000;1.0;1;421.0;6.0;427.0
202305092100;1.0;1;435.0;-15.0;420.0
202305092200;1.0;1;440.0;-26.0;414.0
202305100500;1.0;1;402.0;-10.0;392.0
202305100600;1.0;1;399.0;-9.0;390.0
202306150500;2.0;1;247.0;19.0;266.0
202306150600;2.0;1;247.0;20.0;267.0
202306150900;2.0;1;266.0;4.0;270.0
202306151000;2.0;1;267.0;4.0;271.0
202306151300;2.0;1;270.0;33.0;303.0
202306151400;2.0;1;271.0;65.0;336.0
202306151500;2.0;1;277.0;90.0;367.0
202306151600;2.0;1;285.0;102.0;387.0
202306151700;2.0;1;303.0;97.0;400.0
202306151800;2.0;1;336.0;90.0;426.0
202306151900;2.0;1;367.0;79.60000000000002;446.6
202306152000;2.0;1;387.0;78.0;465.0
202306152100;2.0;1;400.0;83.0;483.0
202306152200;2.0;1;426.0;65.0;491.0
202306152300;2.0;1;446.6;42.39999999999998;489.0
202306160000;2.0;1;465.0;21.0;486.0
202306160100;2.0;1;483.0;6.0;489.0
202306160200;2.0;1;491.0;5.0;496.0
202306160300;2.0;1;489.0;20.0;509.0
202306160400;2.0;1;486.0;59.0;545.0
202306160500;2.0;1;489.0;136.0;625.0
202306160600;2.0;1;496.0;203.0;699.0
202306160700;2.0;1;509.0;261.0;770.0
202306160800;2.0;1;545.0;289.0;834.0
202306160900;2.0;1;625.0;242.0;867.0
202306161000;2.0;1;699.0;181.0;880.0
202306161100;2.0;1;770.0;116.0;886.0
202306161200;2.0;1;834.0;54.0;888.0
202306161300;2.0;1;867.0;21.0;888.0
202306161400;2.0;1;880.0;3.0;883.0
202306161500;2.0;1;886.0;-5.0;881.0
202306161600;2.0;1;888.0;-11.0;877.0
202306161700;2.0;1;888.0;-14.0;874.0
202306161800;2.0;1;883.0;-2.0;881.0
202306161900;2.0;1;881.0;7.0;888.0
202306162000;2.0;1;877.0;16.0;893.0
202306162100;2.0;1;874.0;7.0;881.0
202306162200;2.0;1;881.0;-13.0;868.0
202306162300;2.0;1;888.0;-32.0;856.0
202306170000;2.0;1;893.0;-50.0;843.0
202306170100;2.0;1;881.0;-59.0;822.0
202306170200;2.0;1;868.0;-67.0;801.0
202306170300;2.0;1;856.0;-69.0;787.0
202306170400;2.0;1;843.0;-72.0;771.0
202306170500;2.0;1;822.0;-68.0;754.0
202306170600;2.0;1;801.0;-59.0;742.0
202306170700;2.0;1;787.0;-52.0;735.0
202306170800;2.0;1;771.0;-43.0;728.0
202306170900;2.0;1;754.0;-33.0;721.0
202306171000;2.0;1;742.0;-31.0;711.0
202306171100;2.0;1;735.0;-39.0;696.0
202306171200;2.0;1;728.0;-47.0;681.0
202306171300;2.0;1;721.0;-55.0;666.0
202306171400;2.0;1;711.0;-57.0;654.0
202306171500;2.0;1;696.0;-50.0;646.0
202306171600;2.0;1;681.0;-40.0;641.0
202306171700;2.0;1;666.0;-28.0;638.0
202306171800;2.0;1;654.0;-22.0;632.0
202306171900;2.0;1;646.0;-22.0;624.0
202306172000;2.0;1;641.0;-21.0;620.0
202306172100;2.0;1;638.0;-25.0;613.0
202306172200;2.0;1;632.0;-26.0;606.0
202306172300;2.0;1;624.0;-25.0;599.0
202306180000;2.0;1;620.0;-26.0;594.0
202306180100;2.0;1;613.0;-25.0;588.0
202306180200;2.0;1;606.0;-25.0;581.0
202306180300;2.0;1;599.0;-25.0;574.0
202306180400;2.0;1;594.0;-26.0;568.0
202306180500;2.0;1;588.0;-24.0;564.0
202306180600;2.0;1;581.0;-22.0;559.0
202306180700;2.0;1;574.0;-25.0;549.0
202306180800;2.0;1;568.0;-35.0;533.0
202306180900;2.0;1;564.0;-45.0;519.0
202306181000;2.0;1;559.0;-48.0;511.0
202306181100;2.0;1;549.0;-40.0;509.0
202306181200;2.0;1;533.0;-23.0;510.0
202306181300;2.0;1;519.0;-8.0;511.0
202306181400;2.0;1;511.0;-1.0;510.0
202306181500;2.0;1;509.0;0.0;509.0
202306181600;2.0;1;510.0;3.0;513.0
202306181700;2.0;1;511.0;10.0;521.0
202306181800;2.0;1;510.0;20.0;530.0
202306181900;2.0;1;509.0;17.0;526.0
202306182000;2.0;1;513.0;6.0;519.0
202306182100;2.0;1;521.0;-12.0;509.0
202306182200;2.0;1;530.0;-30.0;500.0
202306182300;2.0;1;526.0;-35.0;491.0
202306190000;2.0;1;519.0;-35.0;484.0
202306190100;2.0;1;509.0;-31.0;478.0
202306190200;2.0;1;500.0;-27.0;473.0
202306190300;2.0;1;491.0;-22.0;469.0
202306190400;2.0;1;484.0;-19.0;465.0
202306190500;2.0;1;478.0;-17.0;461.0
202306190600;2.0;1;473.0;-15.0;458.0
202306190700;2.0;1;469.0;-15.0;454.0
202306190800;2.0;1;465.0;-14.0;451.0
202306190900;2.0;1;461.0;-14.0;447.0
202306191000;2.0;1;458.0;-14.0;444.0
202306191100;2.0;1;454.0;-13.0;441.0
202306191200;2.0;1;451.0;-13.0;438.0
202306191300;2.0;1;447.0;-12.0;435.0
202306191400;2.0;1;444.0;-11.0;433.0
202306191500;2.0;1;441.0;-11.0;430.0
202306191600;2.0;1;438.0;-10.0;428.0
202306191700;2.0;1;435.0;-9.0;426.0
202306191800;2.0;1;433.0;-11.0;422.0
202306191900;2.0;1;430.0;-10.0;420.0
202306192000;2.0;1;428.0;-11.0;417.0
202306192100;2.0;1;426.0;-11.0;415.0
202306192200;2.0;1;422.0;-9.0;413.0
202306192300;2.0;1;420.0;-9.0;411.0
202306200000;2.0;1;417.0;-8.0;409.0
202306200100;2.0;1;415.0;-8.0;407.0
202306200200;2.0;1;413.0;-8.0;405.0
202306200300;2.0;1;411.0;-8.0;403.0
202306200400;2.0;1;409.0;-7.0;402.0
202306200500;2.0;1;407.0;-7.0;400.0
202306200600;2.0;1;405.0;-7.0;398.0
202306200700;2.0;1;403.0;-6.0;397.0
202306200800;2.0;1;402.0;-7.0;395.0
202306200900;2.0;1;400.0;-7.0;393.0
202307061300;3.0;2;164.0;35.0;199.0
202307061400;3.0;2;169.0;34.0;203.0
202307061500;3.0;2;181.0;23.0;204.0
202307061600;3.0;2;193.0;11.0;204.0
202307061700;3.0;2;199.0;3.0;202.0
202307061800;3.0;2;203.0;-3.0;200.0
202307062000;3.0;2;204.0;3.0;207.0
202307062100;3.0;2;202.0;21.0;223.0
202307062200;3.0;2;200.0;36.0;236.0
202307070500;3.0;2;248.0;8.0;256.0
202307070600;3.0;2;250.0;7.0;257.0
202307070900;3.0;2;256.0;4.0;260.0
202307071000;3.0;2;257.0;3.0;260.0
202307071300;3.0;2;260.0;1.0;261.0
202307071400;3.0;2;260.0;1.0;261.0
202307071500;3.0;2;260.0;2.0;262.0
202307071600;3.0;2;261.0;4.0;265.0
202307071700;3.0;2;261.0;7.0;268.0
202307071800;3.0;2;261.0;12.0;273.0
202307071900;3.0;2;262.0;16.0;278.0
202307072000;3.0;2;265.0;16.0;281.0
202307072100;3.0;2;268.0;25.0;293.0
202307072200;3.0;2;273.0;32.0;305.0
202307072300;3.0;2;278.0;41.0;319.0
202307080000;3.0;2;281.0;60.0;341.0
202307080100;3.0;2;293.0;82.0;375.0
202307080200;3.0;2;305.0;93.0;398.0
202307080300;3.0;2;319.0;92.0;411.0
202307080400;3.0;2;341.0;75.0;416.0
202307080500;3.0;2;375.0;42.0;417.0
202307080600;3.0;2;398.0;31.0;429.0
202307080700;3.0;2;411.0;45.0;456.0
202307080800;3.0;2;416.0;59.0;475.0
202307080900;3.0;2;417.0;72.0;489.0
202307081000;3.0;2;429.0;76.0;505.0
202307081100;3.0;2;456.0;62.0;518.0
202307081200;3.0;2;475.0;50.0;525.0
202307081300;3.0;2;489.0;40.0;529.0
202307081400;3.0;2;505.0;34.0;539.0
202307081500;3.0;2;518.0;42.0;560.0
202307081600;3.0;2;525.0;63.0;588.0
202307081700;3.0;2;529.0;80.0;609.0
202307081800;3.0;2;539.0;105.0;644.0
202307081900;3.0;2;560.0;104.0;664.0
202307082000;3.0;2;588.0;90.0;678.0
202307082100;3.0;2;609.0;75.0;684.0
202307082200;3.0;2;644.0;42.0;686.0
202307082300;3.0;2;664.0;23.0;687.0
202307090000;3.0;2;678.0;5.0;683.0
202307090100;3.0;2;684.0;-7.0;677.0
202307090200;3.0;2;686.0;-13.0;673.0
202307090300;3.0;2;687.0;-12.0;675.0
202307090400;3.0;2;683.0;2.0;685.0
202307090500;3.0;2;677.0;22.0;699.0
202307090600;3.0;2;673.0;40.0;713.0
202307090700;3.0;2;675.0;46.0;721.0
202307090800;3.0;2;685.0;49.0;734.0
202307090900;3.0;2;699.0;41.0;740.0
202307091000;3.0;2;713.0;16.0;729.0
202307091100;3.0;2;721.0;-7.0;714.0
202307091200;3.0;2;734.0;-28.0;706.0
202307091300;3.0;2;740.0;-42.0;698.0
202307091400;3.0;2;729.0;-38.0;691.0
202307091500;3.0;2;714.0;-32.0;682.0
202307091600;3.0;2;706.0;-34.0;672.0
202307091700;3.0;2;698.0;-35.0;663.0
202307091800;3.0;2;691.0;-39.0;652.0
202307091900;3.0;2;682.0;-39.0;643.0
202307092000;3.0;2;672.0;-39.0;633.0
202307092100;3.0;2;663.0;-39.0;624.0
202307092200;3.0;2;652.0;-38.0;614.0
202307092300;3.0;2;643.0;-38.0;605.0
202307100000;3.0;2;633.0;-37.0;596.0
202307100100;3.0;2;624.0;-36.0;588.0
202307100200;3.0;2;614.0;-33.0;581.0
202307100300;3.0;2;605.0;-30.0;575.0
202307100400;3.0;2;596.0;-28.0;568.0
202307100500;3.0;2;588.0;-26.0;562.0
202307100600;3.0;2;581.0;-25.0;556.0
202307100700;3.0;2;575.0;-25.0;550.0
202307100800;3.0;2;568.0;-24.0;544.0
202307100900;3.0;2;562.0;-23.0;539.0
202307101000;3.0;2;556.0;-24.0;532.0
202307101100;3.0;2;550.0;-23.0;527.0
202307101200;3.0;2;544.0;-23.0;521.0
202307101300;3.0;2;539.0;-23.0;516.0
202307101400;3.0;2;532.0;-20.0;512.0
202307101500;3.0;2;527.0;-20.0;507.0
202307101600;3.0;2;521.0;-19.0;502.0
202307101700;3.0;2;516.0;-19.0;497.0
202307101800;3.0;2;512.0;-21.0;491.0
202307101900;3.0;2;507.0;-21.0;486.0
202307102000;3.0;2;502.0;-19.0;483.0
202307102100;3.0;2;497.0;-17.0;480.0
202307102200;3.0;2;491.0;-14.0;477.0
202307102300;3.0;2;486.0;-12.0;474.0
202307110000;3.0;2;483.0;-13.0;470.0
202307110100;3.0;2;480.0;-13.0;467.0
202307110200;3.0;2;477.0;-14.0;463.0
202307110300;3.0;2;474.0;-14.0;460.0
202307110400;3.0;2;470.0;-13.0;457.0
202307110500;3.0;2;467.0;-14.0;453.0
202307110600;3.0;2;463.0;-13.0;450.0
202307110700;3.0;2;460.0;-13.0;447.0
202307110800;3.0;2;457.0;-13.0;444.0
202307110900;3.0;2;453.0;-12.0;441.0
202307111000;3.0;2;450.0;-12.0;438.0
202307111100;3.0;2;447.0;-11.0;436.0
202307111200;3.0;2;444.0;-11.0;433.0
202307111300;3.0;2;441.0;-10.0;431.0
202307111400;3.0;2;438.0;-10.0;428.0
202307111500;3.0;2;436.0;-10.0;426.0
202307111600;3.0;2;433.0;-10.0;423.0
202307111700;3.0;2;431.0;-10.0;421.0
202307111800;3.0;2;428.0;-9.0;419.0
202307111900;3.0;2;426.0;-9.0;417.0
202307112000;3.0;2;423.0;-8.0;415.0
202307112100;3.0;2;421.0;-8.0;413.0
202307112200;3.0;2;419.0;-8.0;411.0
202307112300;3.0;2;417.0;-8.0;409.0
202307120000;3.0;2;415.0;-7.0;408.0
202307120100;3.0;2;413.0;-7.0;406.0
202307120200;3.0;2;411.0;-6.0;405.0
202307120300;3.0;2;409.0;-4.0;405.0
202307120400;3.0;2;408.0;-3.0;405.0
202307120500;3.0;2;406.0;-1.0;405.0
202307120600;3.0;2;405.0;1.0;406.0
202307120700;3.0;2;405.0;7.0;412.0
202307120800;3.0;2;405.0;12.0;417.0
202307120900;3.0;2;405.0;20.0;425.0
202307121000;3.0;2;406.0;30.0;436.0
202307121100;3.0;2;412.0;37.0;449.0
202307121200;3.0;2;417.0;47.0;464.0
202307121300;3.0;2;425.0;59.0;484.0
202307121400;3.0;2;436.0;83.0;519.0
202307121500;3.0;2;449.0;101.0;550.0
202307121600;3.0;2;464.0;136.0;600.0
202307121700;3.0;2;484.0;168.0;652.0
202307121800;3.0;2;519.0;233.0;752.0
202307121900;3.0;2;550.0;312.6144999999999;862.6144999999999
202307122000;3.0;2;600.0;382.0;982.0
202307122100;3.0;2;652.0;405.0;1057.0
202307122200;3.0;2;752.0;354.0;1106.0
202307122300;3.0;2;862.6144999999999;282.3855000000001;1145.0
202307130000;3.0;2;982.0;197.0;1179.0
202307130100;3.0;2;1057.0;149.0;1206.0
202307130200;3.0;2;1106.0;120.0;1226.0
202307130300;3.0;2;1145.0;95.0;1240.0
202307130400;3.0;2;1179.0;68.0;1247.0
202307130500;3.0;2;1206.0;44.0;1250.0
202307130600;3.0;2;1226.0;23.0;1249.0
202307130700;3.0;2;1240.0;5.0;1245.0
202307130800;3.0;2;1247.0;-8.0;1239.0
202307130900;3.0;2;1250.0;-20.0;1230.0
202307131000;3.0;2;1249.0;-26.0;1223.0
202307131100;3.0;2;1245.0;-34.0;1211.0
202307131200;3.0;2;1239.0;-41.0;1198.0
202307131300;3.0;2;1230.0;-50.0;1180.0
202307131400;3.0;2;1223.0;-60.0;1163.0
202307131500;3.0;2;1211.0;-71.0;1140.0
202307131600;3.0;2;1198.0;-81.0;1117.0
202307131700;3.0;2;1180.0;-87.0;1093.0
202307131800;3.0;2;1163.0;-95.0;1068.0
202307131900;3.0;2;1140.0;-92.38239999999996;1047.6176
202307132000;3.0;2;1117.0;-86.0;1031.0
202307132100;3.0;2;1093.0;-73.0;1020.0
202307132200;3.0;2;1068.0;-63.0;1005.0
202307132300;3.0;2;1047.6176;-58.61760000000004;989.0
202307140000;3.0;2;1031.0;-63.0;968.0
202307140100;3.0;2;1020.0;-72.0;948.0
202307140200;3.0;2;1005.0;-78.0;927.0
202307140300;3.0;2;989.0;-87.0;902.0
202307140400;3.0;2;968.0;-93.0;875.0
202307140500;3.0;2;948.0;-88.0;860.0
202307140600;3.0;2;927.0;-82.0;845.0
202307140700;3.0;2;902.0;-79.0;823.0
202307140800;3.0;2;875.0;-67.0;808.0
202307140900;3.0;2;860.0;-61.0;799.0
202307141000;3.0;2;845.0;-50.0;795.0
202307141100;3.0;2;823.0;-20.0;803.0
202307141200;3.0;2;808.0;-7.0;801.0
202307141300;3.0;2;799.0;-9.0;790.0
202307141400;3.0;2;795.0;-19.0;776.0
202307141500;3.0;2;803.0;-55.0;748.0
202307141600;3.0;2;801.0;-79.0;722.0
202307141700;3.0;2;790.0;-86.0;704.0
202307141800;3.0;2;776.0;-91.0;685.0
202307141900;3.0;2;748.0;-71.0;677.0
202307142000;3.0;2;722.0;-47.0;675.0
202307142100;3.0;2;704.0;-35.0;669.0
202307142200;3.0;2;685.0;-27.0;658.0
202307142300;3.0;2;677.0;-33.0;644.0
202307150000;3.0;2;675.0;-30.0;645.0
202307150100;3.0;2;669.0;-23.0;646.0
202307150200;3.0;2;658.0;-15.0;643.0
202307150300;3.0;2;644.0;-6.0;638.0
202307150400;3.0;2;645.0;-13.0;632.0
202307150500;3.0;2;646.0;-19.0;627.0
202307150600;3.0;2;643.0;-21.0;622.0
202307150700;3.0;2;638.0;-22.0;616.0
202307150800;3.0;2;632.0;-21.0;611.0
202307150900;3.0;2;627.0;-22.0;605.0
202307151000;3.0;2;622.0;-23.0;599.0
202307151100;3.0;2;616.0;-24.0;592.0
202307151200;3.0;2;611.0;-27.0;584.0
202307151300;3.0;2;605.0;-28.0;577.0
202307151400;3.0;2;599.0;-24.0;575.0
202307151500;3.0;2;592.0;-18.0;574.0
202307151600;3.0;2;584.0;-10.0;574.0
202307151700;3.0;2;577.0;-5.0;572.0
202307151800;3.0;2;575.0;-8.0;567.0
202307151900;3.0;2;574.0;-11.0;563.0
202307152000;3.0;2;574.0;-16.0;558.0
202307152100;3.0;2;572.0;-18.0;554.0
202307152200;3.0;2;567.0;-17.0;550.0
202307152300;3.0;2;563.0;-18.0;545.0
202307160000;3.0;2;558.0;-17.0;541.0
202307160100;3.0;2;554.0;-16.0;538.0
202307160200;3.0;2;550.0;-17.0;533.0
202307160300;3.0;2;545.0;-14.0;531.0
202307160400;3.0;2;541.0;-14.0;527.0
202307160500;3.0;2;538.0;-15.0;523.0
202307160600;3.0;2;533.0;-14.0;519.0
202307160700;3.0;2;531.0;-15.0;516.0
202307160800;3.0;2;527.0;-24.0;503.0
202307160900;3.0;2;523.0;-44.0;479.0
202307161000;3.0;2;519.0;-63.0;456.0
202307161100;3.0;2;516.0;-76.0;440.0
202307161200;3.0;2;503.0;-72.0;431.0
202307161300;3.0;2;479.0;-52.0;427.0
202307161400;3.0;2;456.0;-18.0;438.0
202307161500;3.0;2;440.0;35.0;475.0
202307161600;3.0;2;431.0;66.0;497.0
202307161700;3.0;2;427.0;82.0;509.0
202307161800;3.0;2;438.0;78.0;516.0
202307161900;3.0;2;475.0;43.0;518.0
202307162000;3.0;2;497.0;18.0;515.0
202307162100;3.0;2;509.0;1.0;510.0
202307162200;3.0;2;516.0;-12.0;504.0
202307162300;3.0;2;518.0;-20.0;498.0
202307170000;3.0;2;515.0;-23.0;492.0
202307170100;3.0;2;510.0;-24.0;486.0
202307170200;3.0;2;504.0;-24.0;480.0
202307170300;3.0;2;498.0;-24.0;474.0
202307170400;3.0;2;492.0;-23.0;469.0
202307170500;3.0;2;486.0;-22.0;464.0
202307170600;3.0;2;480.0;-20.0;460.0
202307170700;3.0;2;474.0;-17.0;457.0
202307170800;3.0;2;469.0;-15.0;454.0
202307170900;3.0;2;464.0;-13.0;451.0
202307171000;3.0;2;460.0;-12.0;448.0
202307171100;3.0;2;457.0;-11.0;446.0
202307171200;3.0;2;454.0;-11.0;443.0
202307171300;3.0;2;451.0;-10.0;441.0
202307171400;3.0;2;448.0;-8.0;440.0
202307171500;3.0;2;446.0;-8.0;438.0
202307171600;3.0;2;443.0;-8.0;435.0
202307171700;3.0;2;441.0;-8.0;433.0
202307171800;3.0;2;440.0;-9.0;431.0
202307172000;3.0;2;435.0;-8.0;427.0
202307172100;3.0;2;433.0;-7.0;426.0
202307172200;3.0;2;431.0;-7.0;424.0
202307180500;3.0;2;420.0;-6.0;414.0
202307180600;3.0;2;418.0;-6.0;412.0
202307180900;3.0;2;414.0;-7.0;407.0
202307181000;3.0;2;412.0;-6.0;406.0
202307181300;3.0;2;407.0;-4.0;403.0
202307181400;3.0;2;406.0;-5.0;401.0
202307181500;3.0;2;405.0;-5.0;400.0
202307181600;3.0;2;404.0;-5.0;399.0
202307181700;3.0;2;403.0;-5.0;398.0
202307181800;3.0;2;401.0;-5.0;396.0
202309030700;4.0;1;264.0;17.0;281.0
202309030800;4.0;1;266.0;28.0;294.0
202309030900;4.0;1;267.0;39.0;306.0
202309031000;4.0;1;272.0;48.0;320.0
202309031100;4.0;1;281.0;57.0;338.0
202309031200;4.0;1;294.0;63.0;357.0
202309031300;4.0;1;306.0;77.0;383.0
202309031400;4.0;1;320.0;90.0;410.0
202309031500;4.0;1;338.0;88.0;426.0
202309031600;4.0;1;357.0;75.0;432.0
202309031700;4.0;1;383.0;51.0;434.0
202309031800;4.0;1;410.0;31.0;441.0
202309031900;4.0;1;426.0;24.0;450.0
202309032000;4.0;1;432.0;14.0;446.0
202309032100;4.0;1;434.0;13.0;447.0
202309032200;4.0;1;441.0;9.0;450.0
202309032300;4.0;1;450.0;8.0;458.0
202309040000;4.0;1;446.0;30.0;476.0
202309040100;4.0;1;447.0;54.0;501.0
202309040200;4.0;1;450.0;90.0;540.0
202309040300;4.0;1;458.0;116.0;574.0
202309040400;4.0;1;476.0;129.0;605.0
202309040500;4.0;1;501.0;135.0;636.0
202309040600;4.0;1;540.0;138.0;678.0
202309040700;4.0;1;574.0;182.0;756.0
202309040800;4.0;1;605.0;314.0;919.0
202309040900;4.0;1;636.0;497.0;1133.0
202309041000;4.0;1;678.0;648.0;1326.0
202309041100;4.0;1;756.0;791.0;1547.0
202309041200;4.0;1;919.0;829.0;1748.0
202309041300;4.0;1;1133.0;772.0;1905.0
202309041400;4.0;1;1326.0;707.0;2033.0
202309041500;4.0;1;1547.0;588.0;2135.0
202309041600;4.0;1;1748.0;459.0;2207.0
202309041700;4.0;1;1905.0;372.0;2277.0
202309041800;4.0;1;2033.0;288.0;2321.0
202309041900;4.0;1;2135.0;222.0;2357.0
202309042000;4.0;1;2207.0;158.0;2365.0
202309042100;4.0;1;2277.0;80.0;2357.0
202309042200;4.0;1;2321.0;20.0;2341.0
202309042300;4.0;1;2357.0;-45.0;2312.0
202309050000;4.0;1;2365.0;-83.0;2282.0
202309050100;4.0;1;2357.0;-110.55229999999983;2246.4477
202309050200;4.0;1;2341.0;-132.0;2209.0
202309050300;4.0;1;2312.0;-145.0;2167.0
202309050400;4.0;1;2282.0;-158.0;2124.0
202309050500;4.0;1;2246.4477;-165.44770000000017;2081.0
202309050600;4.0;1;2209.0;-165.0;2044.0
202309050700;4.0;1;2167.0;-168.0;1999.0
202309050800;4.0;1;2124.0;-176.0;1948.0
202309050900;4.0;1;2081.0;-190.0;1891.0
202309051000;4.0;1;2044.0;-215.0;1829.0
202309051100;4.0;1;1999.0;-234.0;1765.0
202309051200;4.0;1;1948.0;-241.0;1707.0
202309051300;4.0;1;1891.0;-239.0;1652.0
202309051400;4.0;1;1829.0;-237.0;1592.0
202309051500;4.0;1;1765.0;-227.0;1538.0
202309051600;4.0;1;1707.0;-226.0;1481.0
202309051700;4.0;1;1652.0;-211.0;1441.0
202309051800;4.0;1;1592.0;-365.0;1227.0
202309051900;4.0;1;1538.0;-346.0;1192.0
202309052000;4.0;1;1481.0;-314.0;1167.0
202309052100;4.0;1;1441.0;-296.0;1145.0
202309052200;4.0;1;1227.0;-111.0;1116.0
202309052300;4.0;1;1192.0;-114.0;1078.0
202309060000;4.0;1;1167.0;-131.0;1036.0
202309060100;4.0;1;1145.0;-140.0;1005.0
202309060200;4.0;1;1116.0;-131.0;985.0
202309060300;4.0;1;1078.0;-109.0;969.0
202309060400;4.0;1;1036.0;-76.0;960.0
202309060500;4.0;1;1005.0;-61.0;944.0
202309060600;4.0;1;985.0;-64.0;921.0
202309060700;4.0;1;969.0;-75.0;894.0
202309060800;4.0;1;960.0;-90.0;870.0
202309060900;4.0;1;944.0;-92.0;852.0
202309061000;4.0;1;921.0;-99.0;822.0
202309061100;4.0;1;894.0;-108.0;786.0
202309061200;4.0;1;870.0;-105.0;765.0
202309061300;4.0;1;852.0;-101.0;751.0
202309061400;4.0;1;822.0;-75.11356675000002;746.88643325
202309061500;4.0;1;786.0;-42.52192310999999;743.47807689
202309061600;4.0;1;765.0;-24.407614190000004;740.59238581
202309061700;4.0;1;751.0;-14.0;737.0
202309061800;4.0;1;746.88643325;-16.886433249999982;730.0
202309061900;4.0;1;743.47807689;-20.47807689000001;723.0
202309062000;4.0;1;740.59238581;-28.592385809999996;712.0
202309062100;4.0;1;737.0;-34.0;703.0
202309062200;4.0;1;730.0;-34.0;696.0
202309062300;4.0;1;723.0;-37.0;686.0
202309070000;4.0;1;712.0;-34.0;678.0
202309070100;4.0;1;703.0;-34.0;669.0
202309070200;4.0;1;696.0;-39.0;657.0
202309070300;4.0;1;686.0;-40.0;646.0
202309070400;4.0;1;678.0;-40.0;638.0
202309070500;4.0;1;669.0;-37.0;632.0
202309070600;4.0;1;657.0;-30.0;627.0
202309070700;4.0;1;646.0;-24.0;622.0
202309070800;4.0;1;638.0;-21.0;617.0
202309070900;4.0;1;632.0;-21.0;611.0
202309071000;4.0;1;627.0;-21.0;606.0
202309071100;4.0;1;622.0;-22.0;600.0
202309071200;4.0;1;617.0;-22.0;595.0
202309071300;4.0;1;611.0;-21.0;590.0
202309071400;4.0;1;606.0;-21.0;585.0
202309071500;4.0;1;600.0;-21.0;579.0
202309071600;4.0;1;595.0;-20.0;575.0
202309071700;4.0;1;590.0;-20.0;570.0
202309071800;4.0;1;585.0;-19.0;566.0
202309071900;4.0;1;579.0;-17.0;562.0
202309072000;4.0;1;575.0;-15.0;560.0
202309072100;4.0;1;570.0;-13.0;557.0
202309072200;4.0;1;566.0;-11.0;555.0
202309072300;4.0;1;562.0;-7.0;555.0
202309080000;4.0;1;560.0;-3.0;557.0
202309080100;4.0;1;557.0;7.0;564.0
202309080200;4.0;1;555.0;17.0;572.0
202309080300;4.0;1;555.0;26.0;581.0
202309080400;4.0;1;557.0;37.0;594.0
202309080500;4.0;1;564.0;45.0;609.0
202309080600;4.0;1;572.0;54.0;626.0
202309080700;4.0;1;581.0;60.0;641.0
202309080800;4.0;1;594.0;62.0;656.0
202309080900;4.0;1;609.0;57.0;666.0
202309081000;4.0;1;626.0;50.0;676.0
202309081100;4.0;1;641.0;45.0;686.0
202309081200;4.0;1;656.0;40.0;696.0
202309081300;4.0;1;666.0;39.53899999999999;705.539
202309081400;4.0;1;676.0;36.634199999999964;712.6342
202309081500;4.0;1;686.0;31.66859999999997;717.6686
202309081600;4.0;1;696.0;24.642200000000003;720.6422
202309081700;4.0;1;705.539;15.461000000000013;721.0
202309081800;4.0;1;712.6342;8.365800000000036;721.0
202309081900;4.0;1;717.6686;-0.6685999999999694;717.0
202309082000;4.0;1;720.6422;-8.642200000000003;712.0
202309082100;4.0;1;721.0;-15.0;706.0
202309082200;4.0;1;721.0;-20.0;701.0
202309082300;4.0;1;717.0;-24.0;693.0
202309090000;4.0;1;712.0;-24.0;688.0
202309090100;4.0;1;706.0;-25.0;681.0
202309090200;4.0;1;701.0;-8.0;693.0
202309090300;4.0;1;693.0;-5.0;688.0
202309090400;4.0;1;688.0;-23.0;665.0
202309090500;4.0;1;681.0;-20.0;661.0
202309090600;4.0;1;693.0;-34.0;659.0
202309090700;4.0;1;688.0;-30.0;658.0
202309090800;4.0;1;665.0;-9.0;656.0
202309090900;4.0;1;661.0;-6.0;655.0
202309091000;4.0;1;659.0;-5.0;654.0
202309091100;4.0;1;658.0;-2.0;656.0
202309091200;4.0;1;656.0;-1.0;655.0
202309091300;4.0;1;655.0;-1.0;654.0
202309091400;4.0;1;654.0;-2.0;652.0
202309091500;4.0;1;656.0;-6.0;650.0
202309091600;4.0;1;655.0;-6.0;649.0
202309091700;4.0;1;654.0;-7.0;647.0
202309091800;4.0;1;652.0;-8.0;644.0
202309091900;4.0;1;650.0;-15.0;635.0
202309092000;4.0;1;649.0;-10.0;639.0
202309092100;4.0;1;647.0;-10.0;637.0
202309092200;4.0;1;644.0;-9.0;635.0
202309092300;4.0;1;635.0;-1.0;634.0
202309100000;4.0;1;639.0;-8.0;631.0
202309100100;4.0;1;637.0;-9.0;628.0
202309100200;4.0;1;635.0;-10.0;625.0
202309100300;4.0;1;634.0;-12.0;622.0
202309100400;4.0;1;631.0;-13.0;618.0
202309100500;4.0;1;628.0;-23.0;605.0
202309100600;4.0;1;625.0;-45.0;580.0
202309100700;4.0;1;622.0;-60.0;562.0
202309100800;4.0;1;618.0;-68.0;550.0
202309100900;4.0;1;605.0;-61.0;544.0
202309101000;4.0;1;580.0;-38.0;542.0
202309101100;4.0;1;562.0;-17.0;545.0
202309101200;4.0;1;550.0;2.0;552.0
202309101300;4.0;1;544.0;18.0;562.0
202309101400;4.0;1;542.0;35.0;577.0
202309101500;4.0;1;545.0;59.0;604.0
202309101600;4.0;1;552.0;66.0;618.0
202309101700;4.0;1;562.0;61.0;623.0
202309101800;4.0;1;577.0;42.0;619.0
202309101900;4.0;1;604.0;3.0;607.0
202309102000;4.0;1;618.0;-25.0;593.0
202309102100;4.0;1;623.0;-44.0;579.0
202309102200;4.0;1;619.0;-51.0;568.0
202309102300;4.0;1;607.0;-47.0;560.0
202309110000;4.0;1;593.0;-39.0;554.0
202309110100;4.0;1;579.0;-30.0;549.0
202309110200;4.0;1;568.0;-24.0;544.0
202309110300;4.0;1;560.0;-20.0;540.0
202309110400;4.0;1;554.0;-17.0;537.0
202309110500;4.0;1;549.0;-16.0;533.0
202309110600;4.0;1;544.0;-15.0;529.0
202309110700;4.0;1;540.0;-14.0;526.0
202309110800;4.0;1;537.0;-15.0;522.0
202309110900;4.0;1;533.0;-14.0;519.0
202309111000;4.0;1;529.0;-12.0;517.0
202309111100;4.0;1;526.0;-13.0;513.0
202309111200;4.0;1;522.0;-13.0;509.0
202309111300;4.0;1;519.0;-12.0;507.0
202309111400;4.0;1;517.0;-13.0;504.0
202309111500;4.0;1;513.0;-12.0;501.0
202309111600;4.0;1;509.0;-11.0;498.0
202309111700;4.0;1;507.0;-12.0;495.0
202309111800;4.0;1;504.0;-12.0;492.0
202309111900;4.0;1;501.0;-12.0;489.0
202309112000;4.0;1;498.0;-12.0;486.0
202309112100;4.0;1;495.0;-12.0;483.0
202309112200;4.0;1;492.0;-11.0;481.0
202309112300;4.0;1;489.0;-11.0;478.0
202309120000;4.0;1;486.0;-11.0;475.0
202309120100;4.0;1;483.0;-11.0;472.0
202309120200;4.0;1;481.0;-12.0;469.0
202309120300;4.0;1;478.0;-11.0;467.0
202309120400;4.0;1;475.0;-11.0;464.0
202309120500;4.0;1;472.0;-10.0;462.0
202309120600;4.0;1;469.0;-9.0;460.0
202309120700;4.0;1;467.0;-10.0;457.0
202309120800;4.0;1;464.0;-10.0;454.0
202309120900;4.0;1;462.0;-10.0;452.0
202309121000;4.0;1;460.0;-10.0;450.0
202309121100;4.0;1;457.0;-9.0;448.0
202309121200;4.0;1;454.0;-9.0;445.0
202309121300;4.0;1;452.0;-8.0;444.0
202309121400;4.0;1;450.0;-8.0;442.0
202309121500;4.0;1;448.0;-8.0;440.0
202309121600;4.0;1;445.0;-6.0;439.0
202309121700;4.0;1;444.0;-7.0;437.0
202309121800;4.0;1;442.0;-7.0;435.0
202309121900;4.0;1;440.0;-6.0;434.0
202309122000;4.0;1;439.0;-7.0;432.0
202309122100;4.0;1;437.0;-7.0;430.0
202309122200;4.0;1;435.0;-7.0;428.0
202309122300;4.0;1;434.0;-7.0;427.0
202309130000;4.0;1;432.0;-7.0;425.0
202309130100;4.0;1;430.0;-5.0;425.0
202309130200;4.0;1;428.0;-4.0;424.0
202309130300;4.0;1;427.0;-4.0;423.0
202309130400;4.0;1;425.0;-3.0;422.0
202309130500;4.0;1;425.0;-4.0;421.0
202309130600;4.0;1;424.0;-3.0;421.0
202309130700;4.0;1;423.0;-2.0;421.0
202309130800;4.0;1;422.0;-2.0;420.0
202309130900;4.0;1;421.0;0.0;421.0
202309131000;4.0;1;421.0;3.0;424.0
202309131100;4.0;1;421.0;8.0;429.0
202309131200;4.0;1;420.0;13.0;433.0
202309131300;4.0;1;421.0;18.0;439.0
202309131400;4.0;1;424.0;19.0;443.0
202309131500;4.0;1;429.0;18.0;447.0
202309131600;4.0;1;433.0;16.0;449.0
202309131700;4.0;1;439.0;13.0;452.0
202309131800;4.0;1;443.0;11.0;454.0
202309131900;4.0;1;447.0;10.0;457.0
202309132000;4.0;1;449.0;11.0;460.0
202309132100;4.0;1;452.0;13.0;465.0
202309132200;4.0;1;454.0;17.0;471.0
202309132300;4.0;1;457.0;21.0;478.0
202309140000;4.0;1;460.0;27.0;487.0
202309140100;4.0;1;465.0;35.0;500.0
202309140200;4.0;1;471.0;44.0;515.0
202309140300;4.0;1;478.0;55.0;533.0
202309140400;4.0;1;487.0;64.0;551.0
202309140500;4.0;1;500.0;70.0;570.0
202309140600;4.0;1;515.0;72.0;587.0
202309140700;4.0;1;533.0;70.0;603.0
202309140800;4.0;1;551.0;65.0;616.0
202309140900;4.0;1;570.0;57.0;627.0
202309141000;4.0;1;587.0;45.0;632.0
202309141100;4.0;1;603.0;33.0;636.0
202309141200;4.0;1;616.0;19.0;635.0
202309141300;4.0;1;627.0;7.0;634.0
202309141400;4.0;1;632.0;-1.0;631.0
202309141500;4.0;1;636.0;-6.0;630.0
202309141600;4.0;1;635.0;-7.0;628.0
202309141700;4.0;1;634.0;-8.0;626.0
202309141800;4.0;1;631.0;-7.0;624.0
202309141900;4.0;1;630.0;-8.0;622.0
202309142000;4.0;1;628.0;-8.0;620.0
202309142100;4.0;1;626.0;-9.0;617.0
202309142200;4.0;1;624.0;-10.0;614.0
202309142300;4.0;1;622.0;-11.0;611.0
202309150000;4.0;1;620.0;-12.0;608.0
202309150100;4.0;1;617.0;-13.0;604.0
202309150200;4.0;1;614.0;-14.0;600.0
202309150300;4.0;1;611.0;-15.0;596.0
202309150400;4.0;1;608.0;-16.0;592.0
202309150500;4.0;1;604.0;-16.0;588.0
202309150600;4.0;1;600.0;-17.0;583.0
202309150700;4.0;1;596.0;-17.0;579.0
202309150800;4.0;1;592.0;-17.0;575.0
202309150900;4.0;1;588.0;-17.0;571.0
202309151000;4.0;1;583.0;-17.0;566.0
202309151100;4.0;1;579.0;-17.0;562.0
202309151200;4.0;1;575.0;-17.0;558.0
202309151300;4.0;1;571.0;-18.0;553.0
202309151400;4.0;1;566.0;-16.0;550.0
202309151500;4.0;1;562.0;-16.0;546.0
202309151600;4.0;1;558.0;-16.0;542.0
202309151700;4.0;1;553.0;-15.0;538.0
202309151800;4.0;1;550.0;-16.0;534.0
202309151900;4.0;1;546.0;-17.0;529.0
202309152000;4.0;1;542.0;-17.0;525.0
202309152100;4.0;1;538.0;-17.0;521.0
202309152200;4.0;1;534.0;-18.0;516.0
202309152300;4.0;1;529.0;-17.0;512.0
202309160000;4.0;1;525.0;-17.0;508.0
202309160100;4.0;1;521.0;-18.0;503.0
202309160200;4.0;1;516.0;-27.0;489.0
202309160300;4.0;1;512.0;-37.0;475.0
202309160400;4.0;1;508.0;-35.0;473.0
202309160500;4.0;1;503.0;-17.0;486.0
202309160600;4.0;1;489.0;4.0;493.0
202309160700;4.0;1;475.0;4.0;479.0
202309160800;4.0;1;473.0;-9.0;464.0
202309160900;4.0;1;486.0;-28.0;458.0
202309161000;4.0;1;493.0;-35.0;458.0
202309161100;4.0;1;479.0;-20.0;459.0
202309161200;4.0;1;464.0;-4.0;460.0
202309161300;4.0;1;458.0;1.0;459.0
202309161400;4.0;1;458.0;0.0;458.0
202309161500;4.0;1;459.0;-2.0;457.0
202309161600;4.0;1;460.0;-5.0;455.0
202309161700;4.0;1;459.0;-6.0;453.0
202309161800;4.0;1;458.0;-8.0;450.0
202309161900;4.0;1;457.0;-8.0;449.0
202309162000;4.0;1;455.0;-2.0;453.0
202309162100;4.0;1;453.0;12.0;465.0
202309162200;4.0;1;450.0;19.0;469.0
202309162300;4.0;1;449.0;15.0;464.0
202309170000;4.0;1;453.0;4.0;457.0
202309170100;4.0;1;465.0;-15.0;450.0
202309170200;4.0;1;469.0;-26.0;443.0
202309170300;4.0;1;464.0;-26.0;438.0
202309170400;4.0;1;457.0;-24.0;433.0
202309170500;4.0;1;450.0;-20.0;430.0
202309170600;4.0;1;443.0;-21.0;422.0
202309170700;4.0;1;438.0;-45.0;393.0
202309170800;4.0;1;433.0;-72.0;361.0
202309170900;4.0;1;430.0;-91.0;339.0
202309171000;4.0;1;422.0;-95.0;327.0
202309171100;4.0;1;393.0;-74.0;319.0
202309190500;5.0;1;365.0;9.0;374.0
202309190600;5.0;1;365.0;13.0;378.0
202309190700;5.0;1;367.0;11.0;378.0
202309190800;5.0;1;370.0;7.0;377.0
202309190900;5.0;1;374.0;7.0;381.0
202309191000;5.0;1;378.0;10.0;388.0
202309191100;5.0;1;378.0;13.0;391.0
202309191200;5.0;1;377.0;14.0;391.0
202309191300;5.0;1;381.0;9.0;390.0
202309191400;5.0;1;388.0;5.0;393.0
202309191500;5.0;1;391.0;9.0;400.0
202309191600;5.0;1;391.0;24.0;415.0
202309191700;5.0;1;390.0;43.0;433.0
202309191800;5.0;1;393.0;60.0;453.0
202309191900;5.0;1;400.0;80.95960000000002;480.9596
202309192000;5.0;1;415.0;106.0;521.0
202309192100;5.0;1;433.0;154.0;587.0
202309192200;5.0;1;453.0;197.0;650.0
202309192300;5.0;1;480.9596;226.04039999999998;707.0
202309200000;5.0;1;521.0;219.0;740.0
202309200100;5.0;1;587.0;169.0;756.0
202309200200;5.0;1;650.0;110.0;760.0
202309200300;5.0;1;707.0;55.0;762.0
202309200400;5.0;1;740.0;18.0;758.0
202309200500;5.0;1;756.0;-6.0;750.0
202309200600;5.0;1;760.0;-21.0;739.0
202309200700;5.0;1;762.0;-30.0;732.0
202309200800;5.0;1;758.0;-31.0;727.0
202309200900;5.0;1;750.0;-28.0;722.0
202309201000;5.0;1;739.0;-24.0;715.0
202309201100;5.0;1;732.0;-28.0;704.0
202309201200;5.0;1;727.0;-36.0;691.0
202309201300;5.0;1;722.0;-36.0;686.0
202309201400;5.0;1;715.0;-34.0;681.0
202309201500;5.0;1;704.0;-28.0;676.0
202309201600;5.0;1;691.0;-19.0;672.0
202309201700;5.0;1;686.0;-17.0;669.0
202309201800;5.0;1;681.0;-18.0;663.0
202309201900;5.0;1;676.0;-17.0;659.0
202309202000;5.0;1;672.0;-19.0;653.0
202309202100;5.0;1;669.0;-24.0;645.0
202309202200;5.0;1;663.0;-23.0;640.0
202309202300;5.0;1;659.0;-25.0;634.0
202309210000;5.0;1;653.0;-25.0;628.0
202309210100;5.0;1;645.0;-25.0;620.0
202309210200;5.0;1;640.0;-27.0;613.0
202309210300;5.0;1;634.0;-27.0;607.0
202309210400;5.0;1;628.0;-27.0;601.0
202309210500;5.0;1;620.0;-24.0;596.0
202309210600;5.0;1;613.0;-22.0;591.0
202309210700;5.0;1;607.0;-27.0;580.0
202309210800;5.0;1;601.0;-38.0;563.0
202309210900;5.0;1;596.0;-42.0;554.0
202309211000;5.0;1;591.0;-37.0;554.0
202309211100;5.0;1;580.0;-15.0;565.0
202309211200;5.0;1;563.0;9.0;572.0
202309211300;5.0;1;554.0;15.0;569.0
202309211400;5.0;1;554.0;8.0;562.0
202309211500;5.0;1;565.0;-11.0;554.0
202309211600;5.0;1;572.0;-25.0;547.0
202309211700;5.0;1;569.0;-27.0;542.0
202309211800;5.0;1;562.0;-27.0;535.0
202309211900;5.0;1;554.0;-24.0;530.0
202309212000;5.0;1;547.0;-22.0;525.0
202309212100;5.0;1;542.0;-21.0;521.0
202309212200;5.0;1;535.0;-19.0;516.0
202309212300;5.0;1;530.0;-18.0;512.0
202309220000;5.0;1;525.0;-17.0;508.0
202309220100;5.0;1;521.0;-17.0;504.0
202309220200;5.0;1;516.0;-16.0;500.0
202309220300;5.0;1;512.0;-17.0;495.0
202309220400;5.0;1;508.0;-16.0;492.0
202309220500;5.0;1;504.0;-13.0;491.0
202309220600;5.0;1;500.0;-11.0;489.0
202309220700;5.0;1;495.0;-7.0;488.0
202309220800;5.0;1;492.0;-4.0;488.0
202309220900;5.0;1;491.0;-4.0;487.0
202309221000;5.0;1;489.0;-3.0;486.0
202309221100;5.0;1;488.0;-3.0;485.0
202309221200;5.0;1;488.0;-2.0;486.0
202309221300;5.0;1;487.0;-1.0;486.0
202309221400;5.0;1;486.0;1.0;487.0
202309221500;5.0;1;485.0;5.0;490.0
202309221600;5.0;1;486.0;8.0;494.0
202309221700;5.0;1;486.0;12.0;498.0
202309221800;5.0;1;487.0;19.0;506.0
202309221900;5.0;1;490.0;21.0;511.0
202309222000;5.0;1;494.0;21.0;515.0
202309222100;5.0;1;498.0;22.0;520.0
202309222200;5.0;1;506.0;20.0;526.0
202309222300;5.0;1;511.0;23.0;534.0
202309230000;5.0;1;515.0;26.0;541.0
202309230100;5.0;1;520.0;30.0;550.0
202309230200;5.0;1;526.0;33.0;559.0
202309230300;5.0;1;534.0;35.0;569.0
202309230400;5.0;1;541.0;38.0;579.0
202309230500;5.0;1;550.0;37.0;587.0
202309230600;5.0;1;559.0;35.0;594.0
202309230700;5.0;1;569.0;31.0;600.0
202309230800;5.0;1;579.0;28.0;607.0
202309230900;5.0;1;587.0;25.0;612.0
202309231000;5.0;1;594.0;21.0;615.0
202309231100;5.0;1;600.0;18.0;618.0
202309231200;5.0;1;607.0;14.0;621.0
202309231300;5.0;1;612.0;14.0;626.0
202309231400;5.0;1;615.0;16.0;631.0
202309231500;5.0;1;618.0;16.0;634.0
202309231600;5.0;1;621.0;18.0;639.0
202309231700;5.0;1;626.0;16.0;642.0
202309231800;5.0;1;631.0;17.0;648.0
202309231900;5.0;1;634.0;18.0;652.0
202309232000;5.0;1;639.0;17.0;656.0
202309232100;5.0;1;642.0;15.0;657.0
202309232200;5.0;1;648.0;10.0;658.0
202309232300;5.0;1;652.0;5.0;657.0
202309240000;5.0;1;656.0;0.0;656.0
202309240100;5.0;1;657.0;-3.0;654.0
202309240200;5.0;1;658.0;-6.0;652.0
202309240300;5.0;1;657.0;-8.0;649.0
202309240400;5.0;1;656.0;-9.0;647.0
202309240500;5.0;1;654.0;-10.0;644.0
202309240600;5.0;1;652.0;-12.0;640.0
202309240700;5.0;1;649.0;-13.0;636.0
202309240800;5.0;1;647.0;-14.0;633.0
202309240900;5.0;1;644.0;-15.0;629.0
202309241000;5.0;1;640.0;-14.0;626.0
202309241100;5.0;1;636.0;-14.0;622.0
202309241200;5.0;1;633.0;-15.0;618.0
202309241300;5.0;1;629.0;-14.0;615.0
202309241400;5.0;1;626.0;-15.0;611.0
202309241500;5.0;1;622.0;-14.0;608.0
202309241600;5.0;1;618.0;-12.0;606.0
202309241700;5.0;1;615.0;-13.0;602.0
202309241800;5.0;1;611.0;-11.0;600.0
202309241900;5.0;1;608.0;-11.0;597.0
202309242000;5.0;1;606.0;-11.0;595.0
202309242100;5.0;1;602.0;-8.0;594.0
202309242200;5.0;1;600.0;-8.0;592.0
202309242300;5.0;1;597.0;-6.0;591.0
202309250000;5.0;1;595.0;-7.0;588.0
202309250100;5.0;1;594.0;-7.0;587.0
202309250200;5.0;1;592.0;-8.0;584.0
202309250300;5.0;1;591.0;-9.0;582.0
202309250400;5.0;1;588.0;-8.0;580.0
202309250500;5.0;1;587.0;-5.0;582.0
202309250600;5.0;1;584.0;-3.0;581.0
202309250700;5.0;1;582.0;2.0;584.0
202309250800;5.0;1;580.0;2.0;582.0
202309250900;5.0;1;582.0;-7.0;575.0
202309251000;5.0;1;581.0;-10.0;571.0
202309251100;5.0;1;584.0;-11.0;573.0
202309251200;5.0;1;582.0;0.0;582.0
202309251300;5.0;1;575.0;21.0;596.0
202309251400;5.0;1;571.0;39.0;610.0
202309251500;5.0;1;573.0;49.0;622.0
202309251600;5.0;1;582.0;50.0;632.0
202309251700;5.0;1;596.0;43.0;639.0
202309251800;5.0;1;610.0;38.0;648.0
202309251900;5.0;1;622.0;39.44939999999997;661.4494
202309252000;5.0;1;632.0;43.0;675.0
202309252100;5.0;1;639.0;49.0;688.0
202309252200;5.0;1;648.0;53.0;701.0
202309252300;5.0;1;661.4494;54.55060000000003;716.0
202310011700;5.0;1;399.0;-4.0;395.0
202310032300;6.0;1;351.0;9.0;360.0
202310040000;6.0;1;351.0;13.0;364.0
202310040100;6.0;1;352.0;14.0;366.0
202310040200;6.0;1;355.0;18.0;373.0
202310040300;6.0;1;360.0;21.0;381.0
202310040400;6.0;1;364.0;26.0;390.0
202310040500;6.0;1;366.0;34.0;400.0
202310040600;6.0;1;373.0;39.0;412.0
202310040700;6.0;1;381.0;47.0;428.0
202310040800;6.0;1;390.0;55.0;445.0
202310040900;6.0;1;400.0;57.0;457.0
202310041000;6.0;1;412.0;53.0;465.0
202310041100;6.0;1;428.0;42.0;470.0
202310041200;6.0;1;445.0;33.0;478.0
202310041300;6.0;1;457.0;37.0;494.0
202310041400;6.0;1;465.0;53.0;518.0
202310041500;6.0;1;470.0;76.0;546.0
202310041600;6.0;1;478.0;101.0;579.0
202310041700;6.0;1;494.0;117.0;611.0
202310041800;6.0;1;518.0;140.0;658.0
202310041900;6.0;1;546.0;137.0;683.0
202310042000;6.0;1;579.0;120.0;699.0
202310042100;6.0;1;611.0;97.0;708.0
202310042200;6.0;1;658.0;59.0;717.0
202310042300;6.0;1;683.0;40.0;723.0
202310050000;6.0;1;699.0;27.0;726.0
202310050100;6.0;1;708.0;19.0;727.0
202310050200;6.0;1;717.0;14.0;731.0
202310050300;6.0;1;723.0;16.0;739.0
202310050400;6.0;1;726.0;20.0;746.0
202310050500;6.0;1;727.0;21.0;748.0
202310050600;6.0;1;731.0;18.0;749.0
202310050700;6.0;1;739.0;7.0;746.0
202310050800;6.0;1;746.0;-4.0;742.0
202310050900;6.0;1;748.0;-10.0;738.0
202310051000;6.0;1;749.0;-16.0;733.0
202310051100;6.0;1;746.0;-30.0;716.0
202310051200;6.0;1;742.0;-26.0;716.0
202310051300;6.0;1;738.0;-21.0;717.0
202310051400;6.0;1;733.0;-15.0;718.0
202310051500;6.0;1;716.0;2.0;718.0
202310051600;6.0;1;716.0;-5.0;711.0
202310051700;6.0;1;717.0;-18.0;699.0
202310051800;6.0;1;718.0;-34.0;684.0
202310051900;6.0;1;718.0;-43.0;675.0
202310052000;6.0;1;711.0;-45.0;666.0
202310052100;6.0;1;699.0;-42.0;657.0
202310052200;6.0;1;684.0;-34.0;650.0
202310052300;6.0;1;675.0;-31.0;644.0
202310060000;6.0;1;666.0;-28.0;638.0
202310060100;6.0;1;657.0;-26.0;631.0
202310060200;6.0;1;650.0;-27.0;623.0
202310060300;6.0;1;644.0;-30.0;614.0
202310060400;6.0;1;638.0;-34.0;604.0
202310060500;6.0;1;631.0;-34.0;597.0
202310060600;6.0;1;623.0;-31.0;592.0
202310060700;6.0;1;614.0;-27.0;587.0
202310060800;6.0;1;604.0;-22.0;582.0
202310060900;6.0;1;597.0;-21.0;576.0
202310061000;6.0;1;592.0;-21.0;571.0
202310061100;6.0;1;587.0;-22.0;565.0
202310061200;6.0;1;582.0;-21.0;561.0
202310061300;6.0;1;576.0;-20.0;556.0
202310061400;6.0;1;571.0;-20.0;551.0
202310061500;6.0;1;565.0;-18.0;547.0
202310061600;6.0;1;561.0;-18.0;543.0
202310061700;6.0;1;556.0;-16.0;540.0
202310061800;6.0;1;551.0;-13.0;538.0
202310061900;6.0;1;547.0;-12.0;535.0
202310062000;6.0;1;543.0;-12.0;531.0
202310062100;6.0;1;540.0;-11.0;529.0
202310081100;7.0;3;1206.0;-104.0;1102.0
202310081200;7.0;3;1182.0;-102.0;1080.0
202310081300;7.0;3;1155.0;-95.0;1060.0
202310081400;7.0;3;1129.0;-87.0;1042.0
202310081500;7.0;3;1102.0;-79.0;1023.0
202310081600;7.0;3;1080.0;-73.0;1007.0
202310081700;7.0;3;1060.0;-64.0;996.0
202310081800;7.0;3;1042.0;-55.0;987.0
202310081900;7.0;3;1023.0;-53.0;970.0
202310082000;7.0;3;1007.0;-61.0;946.0
202310082100;7.0;3;996.0;-76.0;920.0
202310082200;7.0;3;987.0;-91.0;896.0
202310082300;7.0;3;970.0;-97.0;873.0
202310090000;7.0;3;946.0;-101.0;845.0
202310090100;7.0;3;920.0;-96.0;824.0
202310090200;7.0;3;896.0;-88.0;808.0
202310090300;7.0;3;873.0;-86.0;787.0
202310090400;7.0;3;845.0;-74.0;771.0
202310090500;7.0;3;824.0;-64.0;760.0
202310090600;7.0;3;808.0;-55.0;753.0
202310090700;7.0;3;787.0;-39.0;748.0
202310090800;7.0;3;771.0;-26.0;745.0
202310090900;7.0;3;760.0;-20.0;740.0
202310091000;7.0;3;753.0;-23.0;730.0
202310091100;7.0;3;748.0;-34.0;714.0
202310091200;7.0;3;745.0;-43.0;702.0
202310091300;7.0;3;740.0;-44.0;696.0
202310091400;7.0;3;730.0;-37.0;693.0
202310091500;7.0;3;714.0;-26.0;688.0
202310091600;7.0;3;702.0;-19.0;683.0
202310091700;7.0;3;696.0;-18.0;678.0
202310091800;7.0;3;693.0;-21.0;672.0
202310091900;7.0;3;688.0;-19.0;669.0
202310092000;7.0;3;683.0;-21.0;662.0
202310092100;7.0;3;678.0;-21.0;657.0
202310092200;7.0;3;672.0;-20.0;652.0
202310092300;7.0;3;669.0;-22.0;647.0
202310100000;7.0;3;662.0;-19.0;643.0
202310100100;7.0;3;657.0;-21.0;636.0
202310100200;7.0;3;652.0;-23.0;629.0
202310100300;7.0;3;647.0;-25.0;622.0
202310100400;7.0;3;643.0;-25.0;618.0
202310100500;7.0;3;636.0;-22.0;614.0
202310100600;7.0;3;629.0;-19.0;610.0
202310100700;7.0;3;622.0;-16.0;606.0
202310100800;7.0;3;618.0;-17.0;601.0
202310100900;7.0;3;614.0;-17.0;597.0
202310101000;7.0;3;610.0;-17.0;593.0
202310101100;7.0;3;606.0;-16.0;590.0
202310101200;7.0;3;601.0;-16.0;585.0
202310101300;7.0;3;597.0;-16.0;581.0
202310101400;7.0;3;593.0;-16.0;577.0
202310101500;7.0;3;590.0;-15.0;575.0
202310101600;7.0;3;585.0;-13.0;572.0
202310101700;7.0;3;581.0;-13.0;568.0
202310101800;7.0;3;577.0;-13.0;564.0
202310101900;7.0;3;575.0;-14.0;561.0
202310102000;7.0;3;572.0;-15.0;557.0
202310102100;7.0;3;568.0;-15.0;553.0
202310102200;7.0;3;564.0;-15.0;549.0
202310102300;7.0;3;561.0;-15.0;546.0
202310110000;7.0;3;557.0;-14.0;543.0
202310110100;7.0;3;553.0;-12.0;541.0
202310110200;7.0;3;549.0;-11.0;538.0
202310110300;7.0;3;546.0;-11.0;535.0
202310110400;7.0;3;543.0;11.0;554.0
202310110500;7.0;3;541.0;13.0;554.0
202310110600;7.0;3;538.0;16.0;554.0
202310110700;7.0;3;535.0;19.0;554.0
202310110800;7.0;3;554.0;-2.0;552.0
202310110900;7.0;3;554.0;-6.0;548.0
202310111000;7.0;3;554.0;-9.0;545.0
202310111100;7.0;3;554.0;-10.0;544.0
202310111200;7.0;3;552.0;-9.0;543.0
202310111300;7.0;3;548.0;6.0;554.0
202310111400;7.0;3;545.0;9.0;554.0
202310111500;7.0;3;544.0;11.0;555.0
202310111600;7.0;3;543.0;18.0;561.0
202310111700;7.0;3;554.0;12.0;566.0
202310111800;7.0;3;554.0;26.0;580.0
202310111900;7.0;3;555.0;37.0;592.0
202310112000;7.0;3;561.0;47.0;608.0
202310112100;7.0;3;566.0;59.0;625.0
202310112200;7.0;3;580.0;64.0;644.0
202310112300;7.0;3;592.0;72.0;664.0
202310120000;7.0;3;608.0;84.0;692.0
202310120100;7.0;3;625.0;113.0;738.0
202310120200;7.0;3;644.0;157.0;801.0
202310120300;7.0;3;664.0;179.0;843.0
202310120400;7.0;3;692.0;187.0;879.0
202310120500;7.0;3;738.0;182.0;920.0
202310120600;7.0;3;801.0;152.0;953.0
202310120700;7.0;3;843.0;136.0;979.0
202310120800;7.0;3;879.0;123.0;1002.0
202310120900;7.0;3;920.0;105.0;1025.0
202310121000;7.0;3;953.0;96.0;1049.0
202310121100;7.0;3;979.0;94.0;1073.0
202310121200;7.0;3;1002.0;92.0;1094.0
202310121300;7.0;3;1025.0;89.0;1114.0
202310121400;7.0;3;1049.0;85.0;1134.0
202310121500;7.0;3;1073.0;71.0;1144.0
202310121600;7.0;3;1094.0;60.0;1154.0
202310121700;7.0;3;1114.0;43.0;1157.0
202310121800;7.0;3;1134.0;25.0;1159.0
202310121900;7.0;3;1144.0;15.0;1159.0
202310122000;7.0;3;1154.0;-2.0;1152.0
202310122100;7.0;3;1157.0;-12.0;1145.0
202310122200;7.0;3;1159.0;-25.0;1134.0
202310122300;7.0;3;1159.0;-36.0;1123.0
202310130000;7.0;3;1152.0;-41.0;1111.0
202310130100;7.0;3;1145.0;-51.0;1094.0
202310130200;7.0;3;1134.0;-57.0;1077.0
202310130300;7.0;3;1123.0;-61.0;1062.0
202310130400;7.0;3;1111.0;-66.0;1045.0
202310130500;7.0;3;1094.0;-68.0;1026.0
202310130600;7.0;3;1077.0;-66.0;1011.0
202310130700;7.0;3;1062.0;-68.0;994.0
202310130800;7.0;3;1045.0;-68.0;977.0
202310130900;7.0;3;1026.0;-64.0;962.0
202310131000;7.0;3;1011.0;-68.0;943.0
202310131100;7.0;3;994.0;-64.0;930.0
202310131200;7.0;3;977.0;-64.0;913.0
202310131300;7.0;3;962.0;-64.0;898.0
202310131400;7.0;3;943.0;-59.0;884.0
202310131500;7.0;3;930.0;-60.0;870.0
202310131600;7.0;3;913.0;-57.0;856.0
202310131700;7.0;3;898.0;-52.0;846.0
202310131800;7.0;3;884.0;-65.0;819.0
202310131900;7.0;3;870.0;-80.0;790.0
202310132000;7.0;3;856.0;-79.0;777.0
202310132100;7.0;3;846.0;-73.0;773.0
202310132200;7.0;3;819.0;-51.0;768.0
202310132300;7.0;3;790.0;-26.0;764.0
202310140000;7.0;3;777.0;-19.0;758.0
202310140100;7.0;3;773.0;-32.0;741.0
202310140200;7.0;3;768.0;-58.0;710.0
202310140300;7.0;3;764.0;-80.0;684.0
202310140400;7.0;3;758.0;-85.0;673.0
202310140500;7.0;3;741.0;-66.0;675.0
202310140600;7.0;3;710.0;-29.0;681.0
202310140700;7.0;3;684.0;-1.0;683.0
202310140800;7.0;3;673.0;10.0;683.0
202310140900;7.0;3;675.0;6.0;681.0
202310141000;7.0;3;681.0;-4.0;677.0
202310141100;7.0;3;683.0;-11.0;672.0
202310141200;7.0;3;683.0;-17.0;666.0
202310141300;7.0;3;681.0;-21.0;660.0
202310141400;7.0;3;677.0;-21.0;656.0
202310141500;7.0;3;672.0;-22.0;650.0
202310141600;7.0;3;666.0;-22.0;644.0
202310141700;7.0;3;660.0;-20.0;640.0
202310141800;7.0;3;656.0;-22.0;634.0
202310141900;7.0;3;650.0;-21.0;629.0
202310142000;7.0;3;644.0;-20.0;624.0
202310142100;7.0;3;640.0;-22.0;618.0
202310142200;7.0;3;634.0;-20.0;614.0
202310142300;7.0;3;629.0;-19.0;610.0
202310150000;7.0;3;624.0;-19.0;605.0
202310150100;7.0;3;618.0;-17.0;601.0
202310150200;7.0;3;614.0;-18.0;596.0
202310150300;7.0;3;610.0;-17.0;593.0
202310150400;7.0;3;605.0;-16.0;589.0
202310150500;7.0;3;601.0;-16.0;585.0
202310150600;7.0;3;596.0;-15.0;581.0
202310150700;7.0;3;593.0;-16.0;577.0
202310150800;7.0;3;589.0;-15.0;574.0
202310150900;7.0;3;585.0;-15.0;570.0
202310151000;7.0;3;581.0;-16.0;565.0
202310151100;7.0;3;577.0;-22.0;555.0
202310151200;7.0;3;574.0;-26.0;548.0
202310151300;7.0;3;570.0;-26.0;544.0
202310151400;7.0;3;565.0;-23.0;542.0
202310151500;7.0;3;555.0;-13.0;542.0
202310151600;7.0;3;548.0;-7.0;541.0
202310151800;7.0;3;542.0;-3.0;539.0
202310151900;7.0;3;542.0;-5.0;537.0
202310152000;7.0;3;541.0;-6.0;535.0
202310160300;7.0;3;553.0;4.0;557.0
202310160400;7.0;3;553.0;0.0;553.0
202310160700;7.0;3;557.0;-4.0;553.0
202310160800;7.0;3;553.0;0.0;553.0
202310161100;7.0;3;553.0;-3.0;550.0
202310161200;7.0;3;553.0;3.0;556.0
202310161300;7.0;3;553.0;2.0;555.0
202310161400;7.0;3;554.0;-4.0;550.0
202310161500;7.0;3;550.0;-3.0;547.0
202310161600;7.0;3;556.0;-9.0;547.0
202310161800;7.0;3;550.0;4.0;554.0
202310161900;7.0;3;547.0;11.0;558.0
202310162000;7.0;3;547.0;17.0;564.0
202310170300;7.0;3;646.0;261.0;907.0
202310170400;7.0;3;698.0;247.0;945.0
202310170700;7.0;3;907.0;106.0;1013.0
202310170800;7.0;3;945.0;84.0;1029.0
202310171100;7.0;3;1013.0;68.0;1081.0
202310171200;7.0;3;1029.0;67.0;1096.0
202310171300;7.0;3;1045.0;63.0;1108.0
202310171400;7.0;3;1062.0;54.0;1116.0
202310171500;7.0;3;1081.0;37.0;1118.0
202310171600;7.0;3;1096.0;22.0;1118.0
202310171700;7.0;3;1108.0;5.0;1113.0
202310171800;7.0;3;1116.0;-12.0;1104.0
202310171900;7.0;3;1118.0;-26.0;1092.0
202310172000;7.0;3;1118.0;-38.0;1080.0
202310172100;7.0;3;1113.0;-47.0;1066.0
202310172200;7.0;3;1104.0;-50.0;1054.0
202310172300;7.0;3;1092.0;-53.0;1039.0
202310180000;7.0;3;1080.0;-53.0;1027.0
202310180100;7.0;3;1066.0;-53.0;1013.0
202310180200;7.0;3;1054.0;-56.0;998.0
202310180300;7.0;3;1039.0;-55.0;984.0
202310180400;7.0;3;1027.0;-57.0;970.0
202310180500;7.0;3;1013.0;-57.0;956.0
202310180600;7.0;3;998.0;-57.0;941.0
202310180700;7.0;3;984.0;-58.0;926.0
202310180800;7.0;3;970.0;-59.0;911.0
202310180900;7.0;3;956.0;-60.0;896.0
202310181000;7.0;3;941.0;-82.0;859.0
202310181100;7.0;3;926.0;-109.0;817.0
202310181200;7.0;3;911.0;-111.0;800.0
202310181300;7.0;3;896.0;-92.0;804.0
202310181400;7.0;3;859.0;-36.0;823.0
202310181500;7.0;3;817.0;8.0;825.0
202310181600;7.0;3;800.0;8.0;808.0
202310181700;7.0;3;804.0;-13.0;791.0
202310181800;7.0;3;823.0;-54.0;769.0
202310181900;7.0;3;825.0;-71.0;754.0
202310182000;7.0;3;808.0;-72.0;736.0
202310182100;7.0;3;791.0;-71.0;720.0
202310182200;7.0;3;769.0;-56.0;713.0
202310182300;7.0;3;754.0;-42.0;712.0
202310190000;7.0;3;736.0;-24.0;712.0
202310190100;7.0;3;720.0;-16.0;704.0
202310190200;7.0;3;713.0;-21.0;692.0
202310190300;7.0;3;712.0;-22.0;690.0
202310190400;7.0;3;712.0;-21.0;691.0
202310190500;7.0;3;704.0;-14.0;690.0
202310190600;7.0;3;692.0;-7.0;685.0
202310190700;7.0;3;690.0;-11.0;679.0
202310190800;7.0;3;691.0;-19.0;672.0
202310190900;7.0;3;690.0;-26.0;664.0
202310191000;7.0;3;685.0;-34.0;651.0
202310191100;7.0;3;679.0;-47.0;632.0
202310191200;7.0;3;672.0;-56.0;616.0
202310191300;7.0;3;664.0;-55.0;609.0
202310191400;7.0;3;651.0;-42.0;609.0
202310191500;7.0;3;632.0;-22.0;610.0
202310191600;7.0;3;616.0;-4.0;612.0
202310191700;7.0;3;609.0;1.0;610.0
202310191800;7.0;3;609.0;-1.0;608.0
202310191900;7.0;3;610.0;-6.0;604.0
202310192000;7.0;3;612.0;-11.0;601.0
202310192100;7.0;3;610.0;-13.0;597.0
202310192200;7.0;3;608.0;-15.0;593.0
202310192300;7.0;3;604.0;-15.0;589.0
202310200000;7.0;3;601.0;-15.0;586.0
202310200100;7.0;3;597.0;-15.0;582.0
202310200200;7.0;3;593.0;-14.0;579.0
202310200300;7.0;3;589.0;-13.0;576.0
202310200400;7.0;3;586.0;-14.0;572.0
202310200500;7.0;3;582.0;-13.0;569.0
202310200600;7.0;3;579.0;-14.0;565.0
202310200700;7.0;3;576.0;-15.0;561.0
202310200800;7.0;3;572.0;-14.0;558.0
202310200900;7.0;3;569.0;-14.0;555.0
202310201000;7.0;3;565.0;-13.0;552.0
202310201100;7.0;3;561.0;-11.0;550.0
202310201200;7.0;3;558.0;-10.0;548.0
202310201300;7.0;3;555.0;-9.0;546.0
202310201400;7.0;3;552.0;-9.0;543.0
202310201500;7.0;3;550.0;-9.0;541.0
202310201600;7.0;3;548.0;-9.0;539.0
202310201700;7.0;3;546.0;-9.0;537.0
202310310000;8.0;1;553.0;0.0;553.0
202310310100;8.0;1;553.0;0.0;553.0
202310310200;8.0;1;553.0;0.0;553.0
202310310300;8.0;1;553.0;0.0;553.0
202310310400;8.0;1;553.0;0.0;553.0
202310310500;8.0;1;553.0;0.0;553.0
202310310600;8.0;1;553.0;0.0;553.0
202310310700;8.0;1;553.0;0.0;553.0
202310310800;8.0;1;553.0;0.0;553.0
202310310900;8.0;1;553.0;0.0;553.0
202310311000;8.0;1;553.0;0.0;553.0
202310311100;8.0;1;553.0;0.0;553.0
202310311200;8.0;1;553.0;0.0;553.0
202310311300;8.0;1;553.0;0.0;553.0
202310311400;8.0;1;553.0;0.0;553.0
202310311500;8.0;1;553.0;0.0;553.0
202310311600;8.0;1;553.0;0.0;553.0
202310311700;8.0;1;553.0;0.0;553.0
202310311800;8.0;1;553.0;0.0;553.0
202310311900;8.0;1;553.0;0.0;553.0
202310312000;8.0;1;553.0;0.0;553.0
202310312100;8.0;1;553.0;0.0;553.0
202310312200;8.0;1;553.0;0.0;553.0
202310312300;8.0;1;553.0;0.0;553.0
202311010000;8.0;1;553.0;0.0;553.0
202311010100;8.0;1;553.0;0.0;553.0
202311010200;8.0;1;553.0;0.0;553.0
202311010300;8.0;1;553.0;0.0;553.0
202311010400;8.0;1;553.0;0.0;553.0
202311010500;8.0;1;553.0;0.0;553.0
202311010600;8.0;1;553.0;0.0;553.0
202311010700;8.0;1;553.0;0.0;553.0
202311010800;8.0;1;553.0;0.0;553.0
202311010900;8.0;1;553.0;0.0;553.0
202311011000;8.0;1;553.0;0.0;553.0
202311011100;8.0;1;553.0;0.0;553.0
202311011200;8.0;1;553.0;0.0;553.0
202311011300;8.0;1;553.0;0.0;553.0
202311011400;8.0;1;553.0;0.0;553.0
202311011500;8.0;1;553.0;0.0;553.0
202311011600;8.0;1;553.0;0.0;553.0
202311011700;8.0;1;553.0;0.0;553.0
202311011800;8.0;1;553.0;0.0;553.0
202311011900;8.0;1;553.0;0.0;553.0
202311012000;8.0;1;553.0;0.0;553.0
202311012100;8.0;1;553.0;0.0;553.0
202311012200;8.0;1;553.0;0.0;553.0
202311012300;8.0;1;553.0;1.0;554.0
202311020000;8.0;1;553.0;0.0;553.0
202311020100;8.0;1;553.0;0.0;553.0
202311020200;8.0;1;553.0;0.0;553.0
202311020300;8.0;1;554.0;-1.0;553.0
202311020400;8.0;1;553.0;0.0;553.0
202311020500;8.0;1;553.0;0.0;553.0
202311020600;8.0;1;553.0;0.0;553.0
202311020700;8.0;1;553.0;0.0;553.0
202311020800;8.0;1;553.0;0.0;553.0
202311020900;8.0;1;553.0;0.0;553.0
202311021000;8.0;1;553.0;0.0;553.0
202311021100;8.0;1;553.0;0.0;553.0
202311021200;8.0;1;553.0;1.0;554.0
202311021300;8.0;1;553.0;1.0;554.0
202311021400;8.0;1;553.0;0.0;553.0
202311021500;8.0;1;553.0;0.0;553.0
202311021700;8.0;1;554.0;-1.0;553.0
202311021800;8.0;1;553.0;0.0;553.0
202311021900;8.0;1;553.0;0.0;553.0
202311030200;8.0;1;553.0;0.0;553.0
202311030300;8.0;1;553.0;0.0;553.0
202311030600;8.0;1;553.0;8.0;561.0
202311030700;8.0;1;553.0;0.0;553.0
202311031000;8.0;1;561.0;-10.0;551.0
202311031100;8.0;1;553.0;0.0;553.0
202311031200;8.0;1;556.0;-3.0;553.0
202311031300;8.0;1;550.0;8.0;558.0
202311031400;8.0;1;551.0;33.0;584.0
202311031500;8.0;1;553.0;64.0;617.0
202311031600;8.0;1;553.0;84.0;637.0
202311031700;8.0;1;558.0;100.0;658.0
202311031900;8.0;1;617.0;67.0;684.0
202311032000;8.0;1;637.0;55.0;692.0
202311032100;8.0;1;658.0;43.0;701.0
202311040400;8.0;1;715.0;15.0;730.0
202311040500;8.0;1;716.0;17.0;733.0
202311040800;8.0;1;730.0;11.0;741.0
202311040900;8.0;1;733.0;3.0;736.0
202311041200;8.0;1;741.0;-19.0;722.0
202311041300;8.0;1;736.0;-15.0;721.0
202311041400;8.0;1;729.0;-11.0;718.0
202311041500;8.0;1;726.0;-12.0;714.0
202311041600;8.0;1;722.0;-13.0;709.0
202311041700;8.0;1;721.0;-16.0;705.0
202311041800;8.0;1;718.0;-7.0;711.0
202311041900;8.0;1;714.0;10.0;724.0
202311042100;8.0;1;705.0;21.0;726.0
202311042200;8.0;1;711.0;-17.0;694.0
202311042300;8.0;1;724.0;-52.0;672.0
202311050600;8.0;1;641.0;-51.0;590.0
202311050700;8.0;1;633.0;-47.0;586.0
202311051000;8.0;1;590.0;-6.0;584.0
202311051100;8.0;1;586.0;-5.0;581.0
202311051400;8.0;1;584.0;-14.0;570.0
202311051500;8.0;1;581.0;-17.0;564.0
202311051600;8.0;1;577.0;-19.0;558.0
202311051700;8.0;1;574.0;-20.0;554.0
202311051800;8.0;1;570.0;-22.0;548.0
202311051900;8.0;1;564.0;-19.0;545.0
202311052000;8.0;1;558.0;-16.0;542.0
202311121100;10.0;1;318.0;24.0;342.0
202311121200;10.0;1;321.0;25.0;346.0
202311121300;10.0;1;327.0;21.0;348.0
202311121400;10.0;1;335.0;14.0;349.0
202311121500;10.0;1;342.0;8.0;350.0
202311121600;10.0;1;346.0;5.0;351.0
202311121700;10.0;1;348.0;4.0;352.0
202311121800;10.0;1;349.0;5.0;354.0
202311121900;10.0;1;350.0;4.0;354.0
202311122000;10.0;1;351.0;3.0;354.0
202311122100;10.0;1;352.0;3.0;355.0
202311122200;10.0;1;354.0;2.0;356.0
202311122300;10.0;1;354.0;3.0;357.0
202311130000;10.0;1;354.0;9.0;363.0
202311130100;10.0;1;355.0;13.0;368.0
202311130200;10.0;1;356.0;19.0;375.0
202311130300;10.0;1;357.0;41.0;398.0
202311130400;10.0;1;363.0;63.0;426.0
202311130500;10.0;1;368.0;74.0;442.0
202311130600;10.0;1;375.0;83.0;458.0
202311130700;10.0;1;398.0;81.0;479.0
202311130800;10.0;1;426.0;82.0;508.0
202311130900;10.0;1;442.0;89.0;531.0
202311131000;10.0;1;458.0;99.0;557.0
202311131100;10.0;1;479.0;105.0;584.0
202311131200;10.0;1;508.0;96.0;604.0
202311131300;10.0;1;531.0;90.0;621.0
202311131400;10.0;1;557.0;84.0;641.0
202311131500;10.0;1;584.0;78.0;662.0
202311131600;10.0;1;604.0;73.0;677.0
202311131700;10.0;1;621.0;65.0;686.0
202311131800;10.0;1;641.0;47.0;688.0
202311131900;10.0;1;662.0;23.0;685.0
202311132000;10.0;1;677.0;6.0;683.0
202311132100;10.0;1;686.0;-5.0;681.0
202311132200;10.0;1;688.0;-7.0;681.0
202311132300;10.0;1;685.0;0.0;685.0
202311140000;10.0;1;683.0;7.0;690.0
202311140100;10.0;1;681.0;17.0;698.0
202311140200;10.0;1;681.0;44.0;725.0
202311140300;10.0;1;685.0;78.0;763.0
202311140400;10.0;1;690.0;93.0;783.0
202311140500;10.0;1;698.0;94.0;792.0
202311140600;10.0;1;725.0;70.0;795.0
202311140700;10.0;1;763.0;34.0;797.0
202311140800;10.0;1;783.0;14.0;797.0
202311140900;10.0;1;792.0;-2.0;790.0
202311141000;10.0;1;795.0;-12.0;783.0
202311141100;10.0;1;797.0;-10.0;787.0
202311141200;10.0;1;797.0;-16.0;781.0
202311141300;10.0;1;790.0;-17.0;773.0
202311141400;10.0;1;783.0;-15.0;768.0
202311141500;10.0;1;787.0;-32.0;755.0
202311141600;10.0;1;781.0;-46.0;735.0
202311141700;10.0;1;773.0;-51.0;722.0
202311141800;10.0;1;768.0;-54.0;714.0
202311141900;10.0;1;755.0;-48.0;707.0
202311142000;10.0;1;735.0;-33.0;702.0
202311142100;10.0;1;722.0;-27.0;695.0
202311142200;10.0;1;714.0;-33.0;681.0
202311142300;10.0;1;707.0;-35.0;672.0
202311150000;10.0;1;702.0;-35.0;667.0
202311150100;10.0;1;695.0;-35.0;660.0
202311150200;10.0;1;681.0;-38.0;643.0
202311150300;10.0;1;672.0;-49.0;623.0
202311150400;10.0;1;667.0;-57.0;610.0
202311150500;10.0;1;660.0;-52.0;608.0
202311150600;10.0;1;643.0;-33.0;610.0
202311150700;10.0;1;623.0;-12.0;611.0
202311150800;10.0;1;610.0;-2.0;608.0
202311150900;10.0;1;608.0;-22.0;586.0
202311151000;10.0;1;610.0;-42.0;568.0
202311151100;10.0;1;611.0;-44.0;567.0
202311151200;10.0;1;608.0;-35.0;573.0
202311151300;10.0;1;586.0;-9.0;577.0
202311151400;10.0;1;568.0;12.0;580.0
202311151500;10.0;1;567.0;22.0;589.0
202311151600;10.0;1;573.0;37.0;610.0
202311151700;10.0;1;577.0;35.0;612.0
202311151800;10.0;1;580.0;24.0;604.0
202311151900;10.0;1;589.0;4.0;593.0
202311152000;10.0;1;610.0;-26.0;584.0
202311152100;10.0;1;612.0;-35.0;577.0
202311152200;10.0;1;604.0;-31.0;573.0
202311152300;10.0;1;593.0;-21.0;572.0
202311160000;10.0;1;584.0;-11.0;573.0
202311160100;10.0;1;577.0;-2.0;575.0
202311160200;10.0;1;573.0;12.0;585.0
202311160300;10.0;1;572.0;29.0;601.0
202311160400;10.0;1;573.0;54.0;627.0
202311160500;10.0;1;575.0;73.0;648.0
202311160600;10.0;1;585.0;72.0;657.0
202311160700;10.0;1;601.0;58.0;659.0
202311160800;10.0;1;627.0;35.0;662.0
202311160900;10.0;1;648.0;20.0;668.0
202311161000;10.0;1;657.0;22.0;679.0
202311161100;10.0;1;659.0;31.0;690.0
202311161200;10.0;1;662.0;31.0;693.0
202311161300;10.0;1;668.0;25.0;693.0
202311161400;10.0;1;679.0;21.0;700.0
202311161500;10.0;1;690.0;23.0;713.0
202311161600;10.0;1;693.0;38.0;731.0
202311161700;10.0;1;693.0;53.0;746.0
202311161800;10.0;1;700.0;64.0;764.0
202311161900;10.0;1;713.0;80.0;793.0
202311162000;10.0;1;731.0;86.0;817.0
202311162100;10.0;1;746.0;85.0;831.0
202311162200;10.0;1;764.0;77.0;841.0
202311162300;10.0;1;793.0;63.0;856.0
202311170000;10.0;1;817.0;51.0;868.0
202311170100;10.0;1;831.0;45.0;876.0
202311170200;10.0;1;841.0;38.0;879.0
202311170300;10.0;1;856.0;24.0;880.0
202311170400;10.0;1;868.0;15.0;883.0
202311170500;10.0;1;876.0;12.0;888.0
202311170600;10.0;1;879.0;7.0;886.0
202311170700;10.0;1;880.0;-1.0;879.0
202311170800;10.0;1;883.0;-9.0;874.0
202311170900;10.0;1;888.0;-22.0;866.0
202311171000;10.0;1;886.0;-28.0;858.0
202311171100;10.0;1;879.0;-21.0;858.0
202311171200;10.0;1;874.0;-13.0;861.0
202311171300;10.0;1;866.0;0.0;866.0
202311171400;10.0;1;858.0;15.0;873.0
202311171500;10.0;1;858.0;23.0;881.0
202311171600;10.0;1;861.0;33.0;894.0
202311171700;10.0;1;866.0;61.0;927.0
202311171800;10.0;1;873.0;94.0;967.0
202311171900;10.0;1;881.0;131.0;1012.0
202311172000;10.0;1;894.0;177.0;1071.0
202311172100;10.0;1;927.0;215.0;1142.0
202311172200;10.0;1;967.0;262.0;1229.0
202311172300;10.0;1;1012.0;314.0;1326.0
202311180000;10.0;1;1071.0;362.0;1433.0
202311180100;10.0;1;1142.0;369.0;1511.0
202311180200;10.0;1;1229.0;337.0;1566.0
202311180300;10.0;1;1326.0;290.0;1616.0
202311180400;10.0;1;1433.0;230.0;1663.0
202311180500;10.0;1;1511.0;202.0;1713.0
202311180600;10.0;1;1566.0;181.0;1747.0
202311180700;10.0;1;1616.0;147.0;1763.0
202311180800;10.0;1;1663.0;131.0;1794.0
202311180900;10.0;1;1713.0;135.0;1848.0
202311181000;10.0;1;1747.0;172.0;1919.0
202311181100;10.0;1;1763.0;232.0;1995.0
202311181200;10.0;1;1794.0;255.0;2049.0
202311181300;10.0;1;1848.0;240.0;2088.0
202311181400;10.0;1;1919.0;199.0;2118.0
202311181500;10.0;1;1995.0;142.0;2137.0
202311181600;10.0;1;2049.0;94.0;2143.0
202311181700;10.0;1;2088.0;65.0;2153.0
202311181800;10.0;1;2118.0;43.0;2161.0
202311181900;10.0;1;2137.0;7.0;2144.0
202311182000;10.0;1;2143.0;-10.0;2133.0
202311182100;10.0;1;2153.0;-38.0;2115.0
202311182200;10.0;1;2161.0;-69.0;2092.0
202311182300;10.0;1;2144.0;-80.0;2064.0
202311190000;10.0;1;2133.0;-98.0;2035.0
202311190100;10.0;1;2115.0;-118.0;1997.0
202311190200;10.0;1;2092.0;-133.0;1959.0
202311190300;10.0;1;2064.0;-149.0;1915.0
202311190400;10.0;1;2035.0;-174.0;1861.0
202311190500;10.0;1;1997.0;-190.0;1807.0
202311190600;10.0;1;1959.0;-204.0;1755.0
202311190700;10.0;1;1915.0;-214.0;1701.0
202311190800;10.0;1;1861.0;-215.0;1646.0
202311190900;10.0;1;1807.0;-224.0;1583.0
202311191000;10.0;1;1755.0;-226.0;1529.0
202311191100;10.0;1;1701.0;-226.0;1475.0
202311191200;10.0;1;1646.0;-217.0;1429.0
202311191300;10.0;1;1583.0;-193.0;1390.0
202311191400;10.0;1;1529.0;-182.0;1347.0
202311191500;10.0;1;1475.0;-164.0;1311.0
202311191600;10.0;1;1429.0;-152.0;1277.0
202311191700;10.0;1;1390.0;-141.0;1249.0
202311191800;10.0;1;1347.0;-141.0;1206.0
202311191900;10.0;1;1311.0;-134.0;1177.0
202311192000;10.0;1;1277.0;-126.0;1151.0
202311192100;10.0;1;1249.0;-124.0;1125.0
202311192200;10.0;1;1206.0;-105.0;1101.0
202311192300;10.0;1;1177.0;-96.0;1081.0
202311200000;10.0;1;1151.0;-89.0;1062.0
202311200100;10.0;1;1125.0;-86.0;1039.0
202311200200;10.0;1;1101.0;-88.0;1013.0
202311200300;10.0;1;1081.0;-93.0;988.0
202311200400;10.0;1;1062.0;-96.0;966.0
202311200500;10.0;1;1039.0;-92.0;947.0
202311200600;10.0;1;1013.0;-84.0;929.0
202311200700;10.0;1;988.0;-75.0;913.0
202311200800;10.0;1;966.0;-62.0;904.0
202311200900;10.0;1;947.0;-55.0;892.0
202311201000;10.0;1;929.0;-51.0;878.0
202311201100;10.0;1;913.0;-62.0;851.0
202311201200;10.0;1;904.0;-77.0;827.0
202311201300;10.0;1;892.0;-79.0;813.0
202311201400;10.0;1;878.0;-72.0;806.0
202311201500;10.0;1;851.0;-50.0;801.0
202311201600;10.0;1;827.0;-33.0;794.0
202311201700;10.0;1;813.0;-26.0;787.0
202311201800;10.0;1;806.0;-27.0;779.0
202311201900;10.0;1;801.0;-33.0;768.0
202311202000;10.0;1;794.0;-48.0;746.0
202311202100;10.0;1;787.0;-65.0;722.0
202311202200;10.0;1;779.0;-65.0;714.0
202311202300;10.0;1;768.0;-55.0;713.0
202311210000;10.0;1;746.0;-33.0;713.0
202311210100;10.0;1;722.0;-10.0;712.0
202311210200;10.0;1;714.0;-7.0;707.0
202311210300;10.0;1;713.0;-21.0;692.0
202311210400;10.0;1;713.0;-42.0;671.0
202311210500;10.0;1;712.0;-53.0;659.0
202311210600;10.0;1;707.0;-50.0;657.0
202311210700;10.0;1;692.0;-34.0;658.0
202311210800;10.0;1;671.0;-13.0;658.0
202311210900;10.0;1;659.0;-4.0;655.0
202311211000;10.0;1;657.0;-5.0;652.0
202311211100;10.0;1;658.0;-10.0;648.0
202311211200;10.0;1;658.0;-14.0;644.0
202311211300;10.0;1;655.0;-16.0;639.0
202311211400;10.0;1;652.0;-17.0;635.0
202311211500;10.0;1;648.0;-18.0;630.0
202311211600;10.0;1;644.0;-18.0;626.0
202311211700;10.0;1;639.0;-17.0;622.0
202311211800;10.0;1;635.0;-18.0;617.0
202311211900;10.0;1;630.0;-16.0;614.0
202311212000;10.0;1;626.0;-19.0;607.0
202311212100;10.0;1;622.0;-24.0;598.0
202311212200;10.0;1;617.0;-28.0;589.0
202311212300;10.0;1;614.0;-30.0;584.0
202311220000;10.0;1;607.0;-26.0;581.0
202311220100;10.0;1;598.0;-20.0;578.0
202311220200;10.0;1;589.0;-13.0;576.0
202311220300;10.0;1;584.0;-10.0;574.0
202311220400;10.0;1;581.0;-10.0;571.0
202311220500;10.0;1;578.0;-10.0;568.0
202311220600;10.0;1;576.0;-11.0;565.0
202311220700;10.0;1;574.0;-12.0;562.0
202311220800;10.0;1;571.0;-12.0;559.0
202311220900;10.0;1;568.0;-12.0;556.0
202311221000;10.0;1;565.0;-11.0;554.0
202311221100;10.0;1;562.0;-9.0;553.0
202311221200;10.0;1;559.0;-4.0;555.0
202311221300;10.0;1;556.0;4.0;560.0
202311221400;10.0;1;554.0;12.0;566.0
202311221500;10.0;1;553.0;24.0;577.0
202311221600;10.0;1;555.0;31.0;586.0
202311221700;10.0;1;560.0;32.0;592.0
202311221800;10.0;1;566.0;30.0;596.0
202311221900;10.0;1;577.0;20.0;597.0
202311222000;10.0;1;586.0;12.0;598.0
202311222100;10.0;1;592.0;7.0;599.0
202311222200;10.0;1;596.0;5.0;601.0
202311222300;10.0;1;597.0;8.0;605.0
202311230000;10.0;1;598.0;14.0;612.0
202311230100;10.0;1;599.0;26.0;625.0
202311230200;10.0;1;601.0;38.0;639.0
202311230300;10.0;1;605.0;43.0;648.0
202311230400;10.0;1;612.0;41.0;653.0
202311230500;10.0;1;625.0;29.0;654.0
202311230600;10.0;1;639.0;17.0;656.0
202311230700;10.0;1;648.0;7.0;655.0
202311230800;10.0;1;653.0;2.0;655.0
202311230900;10.0;1;654.0;0.0;654.0
202311231000;10.0;1;656.0;-12.0;644.0
202311231100;10.0;1;655.0;-19.0;636.0
202311231200;10.0;1;655.0;-20.0;635.0
202311231300;10.0;1;654.0;-10.0;644.0
202311231400;10.0;1;644.0;15.0;659.0
202311231500;10.0;1;636.0;43.0;679.0
202311231600;10.0;1;635.0;55.0;690.0
202311231700;10.0;1;644.0;51.0;695.0
202311231800;10.0;1;659.0;35.0;694.0
202311231900;10.0;1;679.0;10.0;689.0
202311232000;10.0;1;690.0;-4.0;686.0
202311232100;10.0;1;695.0;-14.0;681.0
202311232200;10.0;1;694.0;-17.0;677.0
202311232300;10.0;1;689.0;-17.0;672.0
202311240000;10.0;1;686.0;-19.0;667.0
202311240100;10.0;1;681.0;-21.0;660.0
202311240200;10.0;1;677.0;-24.0;653.0
202311240300;10.0;1;672.0;-26.0;646.0
202311240400;10.0;1;667.0;-27.0;640.0
202311240500;10.0;1;660.0;-26.0;634.0
202311240600;10.0;1;653.0;-25.0;628.0
202311240700;10.0;1;646.0;-24.0;622.0
202311240800;10.0;1;640.0;-24.0;616.0
202311240900;10.0;1;634.0;-24.0;610.0
202311241000;10.0;1;628.0;-24.0;604.0
202311241100;10.0;1;622.0;-24.0;598.0
202311241200;10.0;1;616.0;-24.0;592.0
202311241300;10.0;1;610.0;-30.0;580.0
202311241400;10.0;1;604.0;-39.0;565.0
202311241500;10.0;1;598.0;-44.0;554.0
202311241700;10.0;1;580.0;-32.0;548.0
202311241800;10.0;1;565.0;-18.0;547.0
202311241900;10.0;1;554.0;-7.0;547.0
202311250200;10.0;1;540.0;-14.0;526.0
202311250300;10.0;1;535.0;-13.0;522.0
202311250600;10.0;1;526.0;-14.0;512.0
202311250700;10.0;1;522.0;-14.0;508.0
202311251000;10.0;1;512.0;-22.0;490.0
202311251100;10.0;1;508.0;-26.0;482.0
202311251200;10.0;1;506.0;-29.0;477.0
202311251300;10.0;1;499.0;-26.0;473.0
202311251400;10.0;1;490.0;-19.0;471.0
202311251500;10.0;1;482.0;-9.0;473.0
202311251600;10.0;1;477.0;0.0;477.0
202311251700;10.0;1;473.0;7.0;480.0
202311251800;10.0;1;471.0;13.0;484.0
202311251900;10.0;1;473.0;13.0;486.0
202311252000;10.0;1;477.0;9.0;486.0
202311252100;10.0;1;480.0;2.0;482.0
202311252200;10.0;1;484.0;-6.0;478.0
202311252300;10.0;1;486.0;-13.0;473.0
202311260000;10.0;1;486.0;-17.0;469.0
202311260100;10.0;1;482.0;-17.0;465.0
202311260200;10.0;1;478.0;-17.0;461.0
202311260300;10.0;1;473.0;-16.0;457.0
202311260400;10.0;1;469.0;-15.0;454.0
202311260500;10.0;1;465.0;-18.0;447.0
202311260600;10.0;1;461.0;-43.0;418.0
202311260700;10.0;1;457.0;-70.0;387.0
202311260800;10.0;1;454.0;-85.0;369.0
202311260900;10.0;1;447.0;-89.0;358.0
202311261000;10.0;1;418.0;-67.0;351.0
202311261100;10.0;1;387.0;-40.0;347.0
202311272300;11.0;1;390.0;5.0;395.0
202311280000;11.0;1;391.0;4.0;395.0
202311280100;11.0;1;393.0;2.0;395.0
202311280200;11.0;1;395.0;0.0;395.0
202311280300;11.0;1;395.0;-2.0;393.0
202311280400;11.0;1;395.0;-3.0;392.0
202311280500;11.0;1;395.0;-1.0;394.0
202311280600;11.0;1;395.0;2.0;397.0
202311280700;11.0;1;393.0;8.0;401.0
202311280800;11.0;1;392.0;16.0;408.0
202311280900;11.0;1;394.0;25.0;419.0
202311281000;11.0;1;397.0;39.0;436.0
202311281100;11.0;1;401.0;51.0;452.0
202311281200;11.0;1;408.0;55.0;463.0
202311281300;11.0;1;419.0;54.0;473.0
202311281400;11.0;1;436.0;47.0;483.0
202311281500;11.0;1;452.0;43.0;495.0
202311281600;11.0;1;463.0;44.0;507.0
202311281700;11.0;1;473.0;56.0;529.0
202311281800;11.0;1;483.0;75.0;558.0
202311281900;11.0;1;495.0;79.0;574.0
202311282000;11.0;1;507.0;80.0;587.0
202311282100;11.0;1;529.0;76.0;605.0
202311282200;11.0;1;558.0;77.0;635.0
202311282300;11.0;1;574.0;90.0;664.0
202311290000;11.0;1;587.0;97.0;684.0
202311290100;11.0;1;605.0;88.0;693.0
202311290200;11.0;1;635.0;63.0;698.0
202311290300;11.0;1;664.0;38.0;702.0
202311290400;11.0;1;684.0;25.0;709.0
202311290500;11.0;1;693.0;25.0;718.0
202311290600;11.0;1;698.0;34.0;732.0
202311290700;11.0;1;702.0;36.0;738.0
202311290800;11.0;1;709.0;34.0;743.0
202311290900;11.0;1;718.0;26.0;744.0
202311291000;11.0;1;732.0;12.0;744.0
202311291100;11.0;1;738.0;11.0;749.0
202311291200;11.0;1;743.0;17.0;760.0
202311291300;11.0;1;744.0;34.0;778.0
202311291400;11.0;1;744.0;42.0;786.0
202311291500;11.0;1;749.0;33.0;782.0
202311291600;11.0;1;760.0;10.0;770.0
202311291800;11.0;1;786.0;-48.0;738.0
202311291900;11.0;1;782.0;-69.0;713.0
202311292000;11.0;1;770.0;-70.0;700.0
202311300300;11.0;1;688.0;-30.0;658.0
202311300400;11.0;1;678.0;-26.0;652.0
202311300700;11.0;1;658.0;-27.0;631.0
202311300800;11.0;1;652.0;-27.0;625.0
202311301100;11.0;1;631.0;-26.0;605.0
202311301200;11.0;1;625.0;-26.0;599.0
202311301300;11.0;1;618.0;-27.0;591.0
202311301400;11.0;1;611.0;-34.0;577.0
202311301500;11.0;1;605.0;-44.0;561.0
202311301600;11.0;1;599.0;-48.0;551.0
202311301700;11.0;1;591.0;-44.0;547.0
202311301800;11.0;1;577.0;-34.0;543.0
202311301900;11.0;1;561.0;-20.0;541.0
202311302000;11.0;1;551.0;-12.0;539.0
202311302100;11.0;1;547.0;-10.0;537.0
202311302200;11.0;1;543.0;-10.0;533.0
202311302300;11.0;1;541.0;-18.0;523.0
202312010000;11.0;1;539.0;-22.0;517.0
202312010100;11.0;1;537.0;-17.0;520.0
202312010200;11.0;1;533.0;-5.0;528.0
202312010300;11.0;1;523.0;7.0;530.0
202312010400;11.0;1;517.0;9.0;526.0
202312010500;11.0;1;520.0;1.0;521.0
202312010600;11.0;1;528.0;-14.0;514.0
202312010700;11.0;1;530.0;-22.0;508.0
202312010800;11.0;1;526.0;-23.0;503.0
202312010900;11.0;1;521.0;-22.0;499.0
202312011000;11.0;1;514.0;-20.0;494.0
202312011100;11.0;1;508.0;-17.0;491.0
202312011200;11.0;1;503.0;-18.0;485.0
202312011300;11.0;1;499.0;-17.0;482.0
202312011400;11.0;1;494.0;-15.0;479.0
202312011500;11.0;1;491.0;-14.0;477.0
202312011600;11.0;1;485.0;-9.0;476.0
202312011700;11.0;1;482.0;-9.0;473.0
202312011800;11.0;1;479.0;-8.0;471.0
202312011900;11.0;1;477.0;-8.0;469.0
202312012000;11.0;1;476.0;-11.0;465.0
202312012100;11.0;1;473.0;-12.0;461.0
202312012200;11.0;1;471.0;-12.0;459.0
202312012300;11.0;1;469.0;-13.0;456.0
202312020000;11.0;1;465.0;-11.0;454.0
202312020100;11.0;1;461.0;-9.0;452.0
202312020200;11.0;1;459.0;-10.0;449.0
202312020300;11.0;1;456.0;-9.0;447.0
202312020400;11.0;1;454.0;-9.0;445.0
202312020500;11.0;1;452.0;-9.0;443.0
202312020600;11.0;1;449.0;-8.0;441.0
202312020700;11.0;1;447.0;-7.0;440.0
202312020800;11.0;1;445.0;-6.0;439.0
202312020900;11.0;1;443.0;-6.0;437.0
202312021000;11.0;1;441.0;-5.0;436.0
202312021100;11.0;1;440.0;-6.0;434.0
202312021200;11.0;1;439.0;-5.0;434.0
202312021300;11.0;1;437.0;-4.0;433.0
202312021400;11.0;1;436.0;-5.0;431.0
202312021500;11.0;1;434.0;-4.0;430.0
202312021600;11.0;1;434.0;-4.0;430.0
202312021700;11.0;1;433.0;-4.0;429.0
202312021800;11.0;1;431.0;-2.0;429.0
202312021900;11.0;1;430.0;-1.0;429.0
202312022000;11.0;1;430.0;-2.0;428.0
202312022100;11.0;1;429.0;-3.0;426.0
202312022200;11.0;1;429.0;-5.0;424.0
202312022300;11.0;1;429.0;-7.0;422.0
202312030000;11.0;1;428.0;-9.0;419.0
202312030100;11.0;1;426.0;-9.0;417.0
202312030200;11.0;1;424.0;-10.0;414.0
202312030300;11.0;1;422.0;-12.0;410.0
202312030400;11.0;1;419.0;-12.0;407.0
202312030500;11.0;1;417.0;-12.0;405.0
202312030600;11.0;1;414.0;-8.0;406.0
202312030700;11.0;1;410.0;-3.0;407.0
202312030800;11.0;1;407.0;2.0;409.0
202312030900;11.0;1;405.0;7.0;412.0
202312031000;11.0;1;406.0;10.0;416.0
202312031100;11.0;1;407.0;11.0;418.0
202312031200;11.0;1;409.0;10.0;419.0
202312031300;11.0;1;412.0;6.0;418.0
202312031400;11.0;1;416.0;1.0;417.0
202312031500;11.0;1;418.0;-3.0;415.0
202312031600;11.0;1;419.0;-6.0;413.0
202312031700;11.0;1;418.0;-6.0;412.0
202312031800;11.0;1;417.0;-8.0;409.0
202312031900;11.0;1;415.0;-10.0;405.0
202312032000;11.0;1;413.0;-12.0;401.0
202312032100;11.0;1;412.0;-10.0;402.0
202312032200;11.0;1;409.0;1.0;410.0
202312032300;11.0;1;405.0;10.0;415.0
202312040000;11.0;1;401.0;16.0;417.0
202312040100;11.0;1;402.0;16.0;418.0
202312040200;11.0;1;410.0;7.0;417.0
202312040300;11.0;1;415.0;0.0;415.0
202312040400;11.0;1;417.0;-4.0;413.0
202312040500;11.0;1;418.0;-5.0;413.0
202312040600;11.0;1;417.0;-1.0;416.0
202312040700;11.0;1;415.0;9.0;424.0
202312040800;11.0;1;413.0;28.0;441.0
202312040900;11.0;1;413.0;47.0;460.0
202312041000;11.0;1;416.0;66.0;482.0
202312041100;11.0;1;424.0;80.0;504.0
202312041200;11.0;1;441.0;80.0;521.0
202312041300;11.0;1;460.0;68.0;528.0
202312041400;11.0;1;482.0;61.0;543.0
202312041500;11.0;1;504.0;65.0;569.0
202312041600;11.0;1;521.0;65.0;586.0
202312041700;11.0;1;528.0;63.0;591.0
202312041800;11.0;1;543.0;47.0;590.0
202312041900;11.0;1;569.0;17.0;586.0
202312042000;11.0;1;586.0;-5.0;581.0
202312042100;11.0;1;591.0;-14.0;577.0
202312042200;11.0;1;590.0;-18.0;572.0
202312042300;11.0;1;586.0;-19.0;567.0
202312050000;11.0;1;581.0;-19.0;562.0
202312050100;11.0;1;577.0;-20.0;557.0
202312050200;11.0;1;572.0;-20.0;552.0
202312050300;11.0;1;567.0;-20.0;547.0
202312050400;11.0;1;562.0;-20.0;542.0
202312050500;11.0;1;557.0;-16.0;541.0
202312050600;11.0;1;552.0;-11.0;541.0
202312050700;11.0;1;547.0;-10.0;537.0
202312050800;11.0;1;542.0;-8.0;534.0
202312050900;11.0;1;541.0;-12.0;529.0
202312051000;11.0;1;541.0;-26.0;515.0
202312051100;11.0;1;537.0;-41.0;496.0
202312051200;11.0;1;534.0;-41.0;493.0
202312051300;11.0;1;529.0;-28.0;501.0
202312051400;11.0;1;515.0;-12.0;503.0
202312051500;11.0;1;496.0;6.0;502.0
202312051600;11.0;1;493.0;6.0;499.0
202312051700;11.0;1;501.0;-4.0;497.0
202312051800;11.0;1;503.0;-10.0;493.0
202312051900;11.0;1;502.0;-12.0;490.0
202312052000;11.0;1;499.0;-12.0;487.0
202312052100;11.0;1;497.0;-12.0;485.0
202312052200;11.0;1;493.0;-10.0;483.0
202312052300;11.0;1;490.0;-9.0;481.0
202312060000;11.0;1;487.0;-7.0;480.0
202312060100;11.0;1;485.0;-6.0;479.0
202312060200;11.0;1;483.0;-6.0;477.0
202312060300;11.0;1;481.0;-5.0;476.0
202312060400;11.0;1;480.0;-4.0;476.0
202312060500;11.0;1;479.0;-3.0;476.0
202312060600;11.0;1;477.0;-6.0;471.0
202312060700;11.0;1;476.0;-11.0;465.0
202312060800;11.0;1;476.0;-14.0;462.0
202312060900;11.0;1;476.0;-12.0;464.0
202312061000;11.0;1;471.0;-3.0;468.0
202312061100;11.0;1;465.0;8.0;473.0
202312061200;11.0;1;462.0;15.0;477.0
202312061300;11.0;1;464.0;16.0;480.0
202312061400;11.0;1;468.0;13.0;481.0
202312061500;11.0;1;473.0;7.0;480.0
202312061600;11.0;1;477.0;1.0;478.0
202312061700;11.0;1;480.0;-3.0;477.0
202312061800;11.0;1;481.0;-7.0;474.0
202312061900;11.0;1;480.0;-9.0;471.0
202312062000;11.0;1;478.0;-9.0;469.0
202312062100;11.0;1;477.0;-11.0;466.0
202312062200;11.0;1;474.0;-10.0;464.0
202312062300;11.0;1;471.0;-8.0;463.0
202312070000;11.0;1;469.0;-8.0;461.0
202312070100;11.0;1;466.0;-6.0;460.0
202312070200;11.0;1;464.0;-6.0;458.0
202312070300;11.0;1;463.0;-7.0;456.0
202312070400;11.0;1;461.0;-8.0;453.0
202312070500;11.0;1;460.0;-9.0;451.0
202312070600;11.0;1;458.0;-9.0;449.0
202312070700;11.0;1;456.0;-13.0;443.0
202312070800;11.0;1;453.0;-22.0;431.0
202312070900;11.0;1;451.0;-35.0;416.0
202312071000;11.0;1;449.0;-45.0;404.0
202312071100;11.0;1;443.0;-43.0;400.0
202312071200;11.0;1;431.0;-28.0;403.0
202312071300;11.0;1;416.0;-6.0;410.0
202312071400;11.0;1;404.0;23.0;427.0
202312071500;11.0;1;400.0;52.0;452.0
202401181000;12.0;1;304.0;8.0;312.0
202401181100;12.0;1;304.0;12.0;316.0
202401181200;12.0;1;305.0;15.0;320.0
202401181300;12.0;1;308.0;66.0;374.0
202401181400;12.0;1;312.0;117.0;429.0
202401181500;12.0;1;316.0;128.0;444.0
202401181600;12.0;1;320.0;127.0;447.0
202401181700;12.0;1;374.0;85.0;459.0
202401181800;12.0;1;429.0;69.0;498.0
202401181900;12.0;1;444.0;83.0;527.0
202401182000;12.0;1;447.0;97.0;544.0
202401182100;12.0;1;459.0;104.0;563.0
202401182200;12.0;1;498.0;82.0;580.0
202401182300;12.0;1;527.0;67.0;594.0
202401190000;12.0;1;544.0;60.0;604.0
202401190100;12.0;1;563.0;48.0;611.0
202401190200;12.0;1;580.0;34.0;614.0
202401190300;12.0;1;594.0;21.0;615.0
202401190400;12.0;1;604.0;9.0;613.0
202401190500;12.0;1;611.0;-2.0;609.0
202401190600;12.0;1;614.0;-5.0;609.0
202401190700;12.0;1;615.0;1.0;616.0
202401190800;12.0;1;613.0;16.0;629.0
202401190900;12.0;1;609.0;30.0;639.0
202401191000;12.0;1;609.0;36.0;645.0
202401191100;12.0;1;616.0;28.0;644.0
202401191200;12.0;1;629.0;15.0;644.0
202401191300;12.0;1;639.0;1.0;640.0
202401191400;12.0;1;645.0;-11.0;634.0
202401191500;12.0;1;644.0;-18.0;626.0
202401191600;12.0;1;644.0;-23.0;621.0
202401191700;12.0;1;640.0;-23.0;617.0
202401191800;12.0;1;634.0;-16.0;618.0
202401191900;12.0;1;626.0;-8.0;618.0
202401192000;12.0;1;621.0;-4.0;617.0
202401192100;12.0;1;617.0;-3.0;614.0
202401192200;12.0;1;618.0;-8.0;610.0
202401192300;12.0;1;618.0;-12.0;606.0
202401200000;12.0;1;617.0;-17.0;600.0
202401200100;12.0;1;614.0;-19.0;595.0
202401200200;12.0;1;610.0;-22.0;588.0
202401200300;12.0;1;606.0;-25.0;581.0
202401200400;12.0;1;600.0;-26.0;574.0
202401200500;12.0;1;595.0;-29.0;566.0
202401200600;12.0;1;588.0;-29.0;559.0
202401200700;12.0;1;581.0;-29.0;552.0
202401200800;12.0;1;574.0;-30.0;544.0
202401200900;12.0;1;566.0;-30.0;536.0
202401201000;12.0;1;559.0;-30.0;529.0
202401201100;12.0;1;552.0;-32.0;520.0
202401201200;12.0;1;544.0;-35.0;509.0
202401201300;12.0;1;536.0;-38.0;498.0
202401201400;12.0;1;529.0;-31.0;498.0
202401201500;12.0;1;520.0;-17.0;503.0
202401201600;12.0;1;509.0;-4.0;505.0
202401201700;12.0;1;498.0;5.0;503.0
202401201800;12.0;1;498.0;0.0;498.0
202401201900;12.0;1;503.0;-12.0;491.0
202401202000;12.0;1;505.0;-20.0;485.0
202401202100;12.0;1;503.0;-24.0;479.0
202401202200;12.0;1;498.0;-24.0;474.0
202401202300;12.0;1;491.0;-21.0;470.0
202401210000;12.0;1;485.0;-20.0;465.0
202401210100;12.0;1;479.0;-19.0;460.0
202401210200;12.0;1;474.0;-19.0;455.0
202401210300;12.0;1;470.0;-20.0;450.0
202401210400;12.0;1;465.0;-20.0;445.0
202401210500;12.0;1;460.0;-21.0;439.0
202401210600;12.0;1;455.0;-21.0;434.0
202401210700;12.0;1;450.0;-20.0;430.0
202401210800;12.0;1;445.0;-19.0;426.0
202401210900;12.0;1;439.0;-17.0;422.0
202401211000;12.0;1;434.0;-15.0;419.0
202401211100;12.0;1;430.0;-14.0;416.0
202401211200;12.0;1;426.0;-13.0;413.0
202401211300;12.0;1;422.0;-11.0;411.0
202401211400;12.0;1;419.0;-10.0;409.0
202401211500;12.0;1;416.0;-8.0;408.0
202401211600;12.0;1;413.0;-7.0;406.0
202401211700;12.0;1;411.0;-6.0;405.0
202401211800;12.0;1;409.0;-5.0;404.0
202401211900;12.0;1;408.0;-6.0;402.0
202401212000;12.0;1;406.0;-6.0;400.0
202401212100;12.0;1;405.0;-8.0;397.0
202401212200;12.0;1;404.0;-9.0;395.0
202401212300;12.0;1;402.0;-9.0;393.0
202401220000;12.0;1;400.0;-10.0;390.0
202404131700;13.0;1;140.0;14.0;154.0
202404131800;13.0;1;141.0;17.0;158.0
202404131900;13.0;1;144.0;16.0;160.0
202404132000;13.0;1;150.0;12.0;162.0
202404132100;13.0;1;154.0;8.0;162.0
202404132200;13.0;1;158.0;5.0;163.0
202404132300;13.0;1;160.0;3.0;163.0
202404140000;13.0;1;162.0;1.0;163.0
202404140100;13.0;1;162.0;2.0;164.0
202404140200;13.0;1;163.0;1.0;164.0
202404140300;13.0;1;163.0;2.0;165.0
202404140400;13.0;1;163.0;5.0;168.0
202404140500;13.0;1;164.0;13.0;177.0
202404140600;13.0;1;164.0;24.0;188.0
202404140700;13.0;1;165.0;31.0;196.0
202404140800;13.0;1;168.0;39.0;207.0
202404140900;13.0;1;177.0;107.0;284.0
202404141000;13.0;1;188.0;273.0;461.0
202404141100;13.0;1;196.0;326.0;522.0
202404141200;13.0;1;207.0;337.0;544.0
202404141300;13.0;1;284.0;260.0;544.0
202404141400;13.0;1;461.0;76.0;537.0
202404141500;13.0;1;522.0;2.0;524.0
202404141600;13.0;1;544.0;-34.0;510.0
202404141700;13.0;1;544.0;-45.0;499.0
202404141800;13.0;1;537.0;-47.0;490.0
202404141900;13.0;1;524.0;-35.0;489.0
202404142000;13.0;1;510.0;-27.0;483.0
202404142100;13.0;1;499.0;-24.0;475.0
202404142200;13.0;1;490.0;-21.0;469.0
202404142300;13.0;1;489.0;-26.0;463.0
202404150000;13.0;1;483.0;-27.0;456.0
202404150100;13.0;1;475.0;-34.0;441.0
202404150200;13.0;1;469.0;-46.0;423.0
202404150300;13.0;1;463.0;-54.0;409.0
202404150400;13.0;1;456.0;-56.0;400.0
202404150500;13.0;1;441.0;-46.0;395.0
202404150600;13.0;1;423.0;-32.0;391.0
202404150700;13.0;1;409.0;-21.0;388.0
202404150800;13.0;1;400.0;-8.0;392.0
202404291400;14.0;2;345.0;92.0;437.0
202404291500;14.0;2;349.0;89.0;438.0
202404291600;14.0;2;370.0;95.0;465.0
202404291700;14.0;2;415.0;92.0;507.0
202404291800;14.0;2;437.0;79.0;516.0
202404291900;14.0;2;438.0;89.0;527.0
202404292000;14.0;2;465.0;69.0;534.0
202404292100;14.0;2;507.0;27.0;534.0
202404292200;14.0;2;516.0;24.0;540.0
202404292300;14.0;2;527.0;34.0;561.0
202404300000;14.0;2;534.0;59.0;593.0
202404300100;14.0;2;534.0;99.0;633.0
202404300200;14.0;2;540.0;139.0;679.0
202404300300;14.0;2;561.0;175.0;736.0
202404300400;14.0;2;593.0;202.0;795.0
202404300500;14.0;2;633.0;160.0;793.0
202404300600;14.0;2;679.0;130.0;809.0
202404300700;14.0;2;736.0;106.0;842.0
202404300800;14.0;2;795.0;80.0;875.0
202404300900;14.0;2;793.0;134.0;927.0
202404301000;14.0;2;809.0;221.0;1030.0
202404301100;14.0;2;842.0;294.0;1136.0
202404301200;14.0;2;875.0;305.0;1180.0
202404301300;14.0;2;927.0;284.0;1211.0
202404301400;14.0;2;1030.0;215.0;1245.0
202404301500;14.0;2;1136.0;135.0;1271.0
202404301600;14.0;2;1180.0;104.0;1284.0
202404301700;14.0;2;1211.0;74.0;1285.0
202404301800;14.0;2;1245.0;35.0;1280.0
202404301900;14.0;2;1271.0;-5.0;1266.0
202404302000;14.0;2;1284.0;-39.0;1245.0
202404302100;14.0;2;1285.0;-66.0;1219.0
202404302200;14.0;2;1280.0;-95.0;1185.0
202404302300;14.0;2;1266.0;-113.0;1153.0
202405010000;14.0;2;1245.0;-120.0;1125.0
202405010100;14.0;2;1219.0;-95.0;1124.0
202405010200;14.0;2;1185.0;-47.0;1138.0
202405010300;14.0;2;1153.0;9.0;1162.0
202405010400;14.0;2;1125.0;80.0;1205.0
202405010500;14.0;2;1124.0;130.0;1254.0
202405010600;14.0;2;1138.0;202.0;1340.0
202405010700;14.0;2;1162.0;314.0;1476.0
202405010800;14.0;2;1205.0;424.0;1629.0
202405010900;14.0;2;1254.0;556.0;1810.0
202405011000;14.0;2;1340.0;628.0;1968.0
202405011100;14.0;2;1476.0;586.0;2062.0
202405011200;14.0;2;1629.0;492.0;2121.0
202405011300;14.0;2;1810.0;349.0;2159.0
202405011400;14.0;2;1968.0;215.0;2183.0
202405011500;14.0;2;2062.0;133.0;2195.0
202405011600;14.0;2;2121.0;64.0;2185.0
202405011700;14.0;2;2159.0;17.0;2176.0
202405011800;14.0;2;2183.0;-25.0;2158.0
202405011900;14.0;2;2195.0;-65.0;2130.0
202405012000;14.0;2;2185.0;-72.0;2113.0
202405012100;14.0;2;2176.0;-59.0;2117.0
202405012200;14.0;2;2158.0;-29.0;2129.0
202405012300;14.0;2;2130.0;11.0;2141.0
202405020000;14.0;2;2113.0;47.0;2160.0
202405020100;14.0;2;2117.0;63.0;2180.0
202405020200;14.0;2;2129.0;70.0;2199.0
202405020300;14.0;2;2141.0;73.0;2214.0
202405020400;14.0;2;2160.0;64.0;2224.0
202405020500;14.0;2;2180.0;46.0;2226.0
202405020600;14.0;2;2199.0;25.0;2224.0
202405020700;14.0;2;2214.0;-8.0;2206.0
202405020800;14.0;2;2224.0;-33.0;2191.0
202405020900;14.0;2;2226.0;-54.0;2172.0
202405021000;14.0;2;2224.0;-63.0;2161.0
202405021100;14.0;2;2206.0;-41.0;2165.0
202405021200;14.0;2;2191.0;21.0;2212.0
202405021300;14.0;2;2172.0;60.0;2232.0
202405021400;14.0;2;2161.0;53.0;2214.0
202405021500;14.0;2;2165.0;15.0;2180.0
202405021600;14.0;2;2212.0;-69.0;2143.0
202405021700;14.0;2;2232.0;-109.0;2123.0
202405021800;14.0;2;2214.0;-122.0;2092.0
202405021900;14.0;2;2180.0;-109.0;2071.0
202405022000;14.0;2;2143.0;-92.0;2051.0
202405022100;14.0;2;2123.0;-98.0;2025.0
202405022200;14.0;2;2092.0;-96.0;1996.0
202405022300;14.0;2;2071.0;-105.0;1966.0
202405030000;14.0;2;2051.0;-118.0;1933.0
202405030100;14.0;2;2025.0;-125.0;1900.0
202405030200;14.0;2;1996.0;-141.0;1855.0
202405030300;14.0;2;1966.0;-147.0;1819.0
202405030400;14.0;2;1933.0;-155.0;1778.0
202405030500;14.0;2;1900.0;-160.0;1740.0
202405030600;14.0;2;1855.0;-158.0;1697.0
202405030700;14.0;2;1819.0;-158.0;1661.0
202405030800;14.0;2;1778.0;-156.0;1622.0
202405030900;14.0;2;1740.0;-162.0;1578.0
202405031000;14.0;2;1697.0;-159.0;1538.0
202405031100;14.0;2;1661.0;-162.0;1499.0
202405031200;14.0;2;1622.0;-161.0;1461.0
202405031300;14.0;2;1578.0;-153.0;1425.0
202405031400;14.0;2;1538.0;-151.0;1387.0
202405031500;14.0;2;1499.0;-148.0;1351.0
202405031600;14.0;2;1461.0;-139.0;1322.0
202405031700;14.0;2;1425.0;-138.0;1287.0
202405031800;14.0;2;1387.0;-131.0;1256.0
202405031900;14.0;2;1351.0;-124.0;1227.0
202405032000;14.0;2;1322.0;-122.0;1200.0
202405032100;14.0;2;1287.0;-112.0;1175.0
202405032200;14.0;2;1256.0;-101.0;1155.0
202405032300;14.0;2;1227.0;-91.0;1136.0
202405040000;14.0;2;1200.0;-80.0;1120.0
202405040100;14.0;2;1175.0;-67.0;1108.0
202405040200;14.0;2;1155.0;-55.0;1100.0
202405040300;14.0;2;1136.0;-44.0;1092.0
202405040400;14.0;2;1120.0;-28.0;1092.0
202405040500;14.0;2;1108.0;-16.0;1092.0
202405040600;14.0;2;1100.0;-3.0;1097.0
202405040700;14.0;2;1092.0;15.0;1107.0
202405040800;14.0;2;1092.0;18.0;1110.0
202405040900;14.0;2;1092.0;24.0;1116.0
202405041000;14.0;2;1097.0;38.0;1135.0
202405041100;14.0;2;1107.0;52.0;1159.0
202405041200;14.0;2;1110.0;70.0;1180.0
202405041300;14.0;2;1116.0;84.0;1200.0
202405041400;14.0;2;1135.0;79.0;1214.0
202405041500;14.0;2;1159.0;64.0;1223.0
202405041600;14.0;2;1180.0;60.0;1240.0
202405041700;14.0;2;1200.0;62.0;1262.0
202405041800;14.0;2;1214.0;96.0;1310.0
202405041900;14.0;2;1223.0;136.0;1359.0
202405042000;14.0;2;1240.0;154.0;1394.0
202405042100;14.0;2;1262.0;163.0;1425.0
202405042200;14.0;2;1310.0;148.0;1458.0
202405042300;14.0;2;1359.0;126.0;1485.0
202405050000;14.0;2;1394.0;107.0;1501.0
202405050100;14.0;2;1425.0;90.0;1515.0
202405050200;14.0;2;1458.0;58.0;1516.0
202405050300;14.0;2;1485.0;23.0;1508.0
202405050400;14.0;2;1501.0;-4.0;1497.0
202405050500;14.0;2;1515.0;-38.0;1477.0
202405050600;14.0;2;1516.0;-59.0;1457.0
202405050700;14.0;2;1508.0;-63.0;1445.0
202405050800;14.0;2;1497.0;-50.0;1447.0
202405050900;14.0;2;1477.0;-29.0;1448.0
202405051000;14.0;2;1457.0;-25.0;1432.0
202405051100;14.0;2;1445.0;-36.0;1409.0
202405051200;14.0;2;1447.0;-71.0;1376.0
202405051300;14.0;2;1448.0;-104.0;1344.0
202405051400;14.0;2;1432.0;-122.0;1310.0
202405051500;14.0;2;1409.0;-135.0;1274.0
202405051600;14.0;2;1376.0;-135.0;1241.0
202405051700;14.0;2;1344.0;-134.0;1210.0
202405051800;14.0;2;1310.0;-134.0;1176.0
202405051900;14.0;2;1274.0;-124.0;1150.0
202405052000;14.0;2;1241.0;-118.0;1123.0
202405052100;14.0;2;1210.0;-112.0;1098.0
202405052200;14.0;2;1176.0;-99.0;1077.0
202405052300;14.0;2;1150.0;-94.0;1056.0
202405060000;14.0;2;1123.0;-87.0;1036.0
202405060100;14.0;2;1098.0;-83.0;1015.0
202405060200;14.0;2;1077.0;-81.0;996.0
202405060300;14.0;2;1056.0;-79.0;977.0
202405060400;14.0;2;1036.0;-75.0;961.0
202405060500;14.0;2;1015.0;-70.0;945.0
202405060600;14.0;2;996.0;-66.0;930.0
202405060700;14.0;2;977.0;-61.0;916.0
202405060800;14.0;2;961.0;-57.0;904.0
202405060900;14.0;2;945.0;-54.0;891.0
202405061000;14.0;2;930.0;-49.0;881.0
202405061100;14.0;2;916.0;-45.0;871.0
202405061200;14.0;2;904.0;-43.0;861.0
202405061300;14.0;2;891.0;-41.0;850.0
202405061400;14.0;2;881.0;-40.0;841.0
202405061500;14.0;2;871.0;-40.0;831.0
202405061600;14.0;2;861.0;-39.0;822.0
202405061700;14.0;2;850.0;-38.0;812.0
202405061800;14.0;2;841.0;-38.0;803.0
202405061900;14.0;2;831.0;-41.0;790.0
202405062000;14.0;2;822.0;-47.0;775.0
202405062100;14.0;2;812.0;-51.0;761.0
202405062200;14.0;2;803.0;-55.0;748.0
202405062300;14.0;2;790.0;-49.0;741.0
202405070000;14.0;2;775.0;-39.0;736.0
202405070100;14.0;2;761.0;-31.0;730.0
202405070200;14.0;2;748.0;-24.0;724.0
202405070300;14.0;2;741.0;-23.0;718.0
202405070400;14.0;2;736.0;-24.0;712.0
202405070500;14.0;2;730.0;-25.0;705.0
202405070600;14.0;2;724.0;-25.0;699.0
202405070700;14.0;2;718.0;-26.0;692.0
202405070800;14.0;2;712.0;-27.0;685.0
202405070900;14.0;2;705.0;-26.0;679.0
202405071000;14.0;2;699.0;-27.0;672.0
202405071100;14.0;2;692.0;-25.0;667.0
202405071200;14.0;2;685.0;-24.0;661.0
202405071300;14.0;2;679.0;-25.0;654.0
202405071400;14.0;2;672.0;-23.0;649.0
202405071500;14.0;2;667.0;-24.0;643.0
202405071600;14.0;2;661.0;-24.0;637.0
202405071700;14.0;2;654.0;-21.0;633.0
202405071800;14.0;2;649.0;-23.0;626.0
202405071900;14.0;2;643.0;-22.0;621.0
202405072000;14.0;2;637.0;-19.0;618.0
202405072100;14.0;2;633.0;-15.0;618.0
202405072200;14.0;2;626.0;-7.0;619.0
202405072300;14.0;2;621.0;-2.0;619.0
202405080000;14.0;2;618.0;-3.0;615.0
202405080100;14.0;2;618.0;-7.0;611.0
202405080200;14.0;2;619.0;-14.0;605.0
202405080300;14.0;2;619.0;-21.0;598.0
202405080400;14.0;2;615.0;-24.0;591.0
202405080500;14.0;2;611.0;-26.0;585.0
202405080600;14.0;2;605.0;-27.0;578.0
202405080700;14.0;2;598.0;-24.0;574.0
202405080800;14.0;2;591.0;-23.0;568.0
202405080900;14.0;2;585.0;-22.0;563.0
202405081000;14.0;2;578.0;-19.0;559.0
202405081100;14.0;2;574.0;-19.0;555.0
202405081200;14.0;2;568.0;-17.0;551.0
202405081300;14.0;2;563.0;-15.0;548.0
202405081400;14.0;2;559.0;-15.0;544.0
202405081500;14.0;2;555.0;-14.0;541.0
202405081600;14.0;2;551.0;-13.0;538.0
202405081700;14.0;2;548.0;-11.0;537.0
202405081800;14.0;2;544.0;-9.0;535.0
202405081900;14.0;2;541.0;-8.0;533.0
202405082000;14.0;2;538.0;-7.0;531.0
202405082100;14.0;2;537.0;-7.0;530.0
202405082200;14.0;2;535.0;-7.0;528.0
202405082300;14.0;2;533.0;-6.0;527.0
202405090000;14.0;2;531.0;-6.0;525.0
202405090100;14.0;2;530.0;-6.0;524.0
202405090200;14.0;2;528.0;-6.0;522.0
202405090300;14.0;2;527.0;-7.0;520.0
202405090400;14.0;2;525.0;-5.0;520.0
202405090500;14.0;2;524.0;-5.0;519.0
202405090600;14.0;2;522.0;-3.0;519.0
202405090700;14.0;2;520.0;-2.0;518.0
202405090800;14.0;2;520.0;-2.0;518.0
202405090900;14.0;2;519.0;-2.0;517.0
202405091000;14.0;2;519.0;-3.0;516.0
202405091100;14.0;2;518.0;-3.0;515.0
202405091200;14.0;2;518.0;-6.0;512.0
202405091300;14.0;2;517.0;-10.0;507.0
202405091400;14.0;2;516.0;-15.0;501.0
202405091600;14.0;2;512.0;-19.0;493.0
202405091700;14.0;2;507.0;-16.0;491.0
202405091800;14.0;2;501.0;-10.0;491.0
202405100100;14.0;2;488.0;-6.0;482.0
202405100200;14.0;2;487.0;-7.0;480.0
202405100500;14.0;2;482.0;-8.0;474.0
202405100600;14.0;2;480.0;-8.0;472.0
202405100900;14.0;2;474.0;0.0;474.0
202405101000;14.0;2;472.0;8.0;480.0
202405101100;14.0;2;473.0;16.0;489.0
202405101200;14.0;2;473.0;32.0;505.0
202405101300;14.0;2;474.0;60.0;534.0
202405101500;14.0;2;489.0;106.0;595.0
202405101600;14.0;2;505.0;120.0;625.0
202405101700;14.0;2;534.0;117.0;651.0
202405110000;14.0;2;781.0;216.0;997.0
202405110100;14.0;2;840.0;191.0;1031.0
202405110400;14.0;2;997.0;78.0;1075.0
202405110500;14.0;2;1031.0;44.0;1075.0
202405110800;14.0;2;1075.0;-8.0;1067.0
202405110900;14.0;2;1075.0;-9.0;1066.0
202405111000;14.0;2;1071.0;-6.0;1065.0
202405111100;14.0;2;1069.0;-3.0;1066.0
202405111200;14.0;2;1067.0;10.0;1077.0
202405111300;14.0;2;1066.0;13.0;1079.0
202405111400;14.0;2;1065.0;13.0;1078.0
202405111500;14.0;2;1066.0;14.0;1080.0
202405111600;14.0;2;1077.0;4.0;1081.0
202405111700;14.0;2;1079.0;9.0;1088.0
202405111800;14.0;2;1078.0;22.0;1100.0
202405111900;14.0;2;1080.0;34.0;1114.0
202405112000;14.0;2;1081.0;40.0;1121.0
202405112100;14.0;2;1088.0;39.0;1127.0
202405112200;14.0;2;1100.0;28.0;1128.0
202405112300;14.0;2;1114.0;19.0;1133.0
202405120000;14.0;2;1121.0;16.0;1137.0
202405120100;14.0;2;1127.0;20.0;1147.0
202405120200;14.0;2;1128.0;33.0;1161.0
202405120300;14.0;2;1133.0;54.0;1187.0
202405120400;14.0;2;1137.0;94.0;1231.0
202405120500;14.0;2;1147.0;142.0;1289.0
202405120600;14.0;2;1161.0;202.0;1363.0
202405120700;14.0;2;1187.0;269.0;1456.0
202405120800;14.0;2;1231.0;332.0;1563.0
202405120900;14.0;2;1289.0;373.0;1662.0
202405121000;14.0;2;1363.0;391.0;1754.0
202405121200;14.0;2;1563.0;291.0;1854.0
202405121300;14.0;2;1662.0;215.0;1877.0
202405121400;14.0;2;1754.0;136.0;1890.0
202405122100;14.0;2;1879.0;-73.0;1806.0
202405122200;14.0;2;1865.0;-85.0;1780.0
202405130100;14.0;2;1806.0;-125.0;1681.0
202405130200;14.0;2;1780.0;-133.0;1647.0
202405130500;14.0;2;1681.0;-123.0;1558.0
202405130600;14.0;2;1647.0;-114.0;1533.0
202405130700;14.0;2;1618.0;-112.0;1506.0
202405130800;14.0;2;1584.0;-106.0;1478.0
202405130900;14.0;2;1558.0;-107.0;1451.0
202405131000;14.0;2;1533.0;-110.0;1423.0
202405131100;14.0;2;1506.0;-112.0;1394.0
202405131200;14.0;2;1478.0;-111.0;1367.0
202405131300;14.0;2;1451.0;-105.0;1346.0
202405131600;14.0;2;1367.0;-79.0;1288.0
202405131700;14.0;2;1346.0;-74.0;1272.0
202405140100;14.0;2;1201.0;-86.0;1115.0
202405140500;14.0;2;1115.0;-80.0;1035.0
202405140900;14.0;2;1035.0;-65.0;970.0
202405141100;14.0;2;1001.0;-58.0;943.0
202405141200;14.0;2;984.0;-53.0;931.0
202405141300;14.0;2;970.0;-50.0;920.0
202405151000;14.0;2;769.0;-29.0;740.0
202405151100;14.0;2;762.0;-29.0;733.0
202405151200;14.0;2;755.0;-29.0;726.0
202405151300;14.0;2;748.0;-31.0;717.0
202405151400;14.0;2;740.0;-33.0;707.0
202405151500;14.0;2;733.0;-35.0;698.0
202405151700;14.0;2;717.0;-32.0;685.0
202405151800;14.0;2;707.0;-27.0;680.0
202405151900;14.0;2;698.0;-21.0;677.0
202405160200;14.0;2;662.0;-19.0;643.0
202405160300;14.0;2;657.0;-20.0;637.0
202405160600;14.0;2;643.0;-21.0;622.0
202405160700;14.0;2;637.0;-19.0;618.0
202405161100;14.0;2;618.0;-17.0;601.0
202405161200;14.0;2;614.0;-17.0;597.0
202405161300;14.0;2;610.0;-16.0;594.0
202405170600;14.0;2;559.0;0.0;559.0
202405171000;14.0;2;559.0;4.0;563.0
202405171100;14.0;2;559.0;5.0;564.0
202405171200;14.0;2;560.0;7.0;567.0
202405171300;14.0;2;562.0;9.0;571.0
202405171400;14.0;2;563.0;11.0;574.0
202405171500;14.0;2;564.0;13.0;577.0
202405171600;14.0;2;567.0;12.0;579.0
202405171700;14.0;2;571.0;10.0;581.0
202405171800;14.0;2;574.0;7.0;581.0
202405171900;14.0;2;577.0;3.0;580.0
202405172000;14.0;2;579.0;-1.0;578.0
202405172100;14.0;2;581.0;-2.0;579.0
202405172200;14.0;2;581.0;1.0;582.0
202405172300;14.0;2;580.0;7.0;587.0
202405180000;14.0;2;578.0;12.0;590.0
202405180100;14.0;2;579.0;15.0;594.0
202405180200;14.0;2;582.0;15.0;597.0
202405180300;14.0;2;587.0;15.0;602.0
202405180400;14.0;2;590.0;17.0;607.0
202405180500;14.0;2;594.0;17.0;611.0
202405180600;14.0;2;597.0;20.0;617.0
202405180700;14.0;2;602.0;22.0;624.0
202405180800;14.0;2;607.0;22.0;629.0
202405180900;14.0;2;611.0;23.0;634.0
202405181000;14.0;2;617.0;22.0;639.0
202405181100;14.0;2;624.0;20.0;644.0
202405181200;14.0;2;629.0;21.0;650.0
202405181300;14.0;2;634.0;21.0;655.0
202405181400;14.0;2;639.0;22.0;661.0
202405181500;14.0;2;644.0;21.0;665.0
202405181700;14.0;2;655.0;15.0;670.0
202405181800;14.0;2;661.0;12.0;673.0
202405181900;14.0;2;665.0;10.0;675.0
202405190200;14.0;2;680.0;-8.0;672.0
202405190300;14.0;2;678.0;-9.0;669.0
202405190600;14.0;2;672.0;-14.0;658.0
202405190700;14.0;2;669.0;-16.0;653.0
202405191000;14.0;2;658.0;-20.0;638.0
202405191100;14.0;2;653.0;-19.0;634.0
202405191200;14.0;2;649.0;-20.0;629.0
202405191300;14.0;2;644.0;-18.0;626.0
202405191400;14.0;2;638.0;-16.0;622.0
202405191500;14.0;2;634.0;-16.0;618.0
202405191600;14.0;2;629.0;-16.0;613.0
202405191700;14.0;2;626.0;-16.0;610.0
202405191800;14.0;2;622.0;-16.0;606.0
202405191900;14.0;2;618.0;-16.0;602.0
202405192000;14.0;2;613.0;-15.0;598.0
202405192100;14.0;2;610.0;-16.0;594.0
202405192200;14.0;2;606.0;-16.0;590.0
202405192300;14.0;2;602.0;-15.0;587.0
202405200000;14.0;2;598.0;-15.0;583.0
202405200100;14.0;2;594.0;-13.0;581.0
202405200200;14.0;2;590.0;-12.0;578.0
202405200300;14.0;2;587.0;-12.0;575.0
202405200400;14.0;2;583.0;-10.0;573.0
202405200500;14.0;2;581.0;-10.0;571.0
202405200600;14.0;2;578.0;-10.0;568.0
202405200800;14.0;2;573.0;-8.0;565.0
202405200900;14.0;2;571.0;-9.0;562.0
202405201000;14.0;2;568.0;-10.0;558.0
202405211000;14.0;2;510.0;-10.0;500.0
202405211100;14.0;2;508.0;-11.0;497.0
202405211200;14.0;2;506.0;-11.0;495.0
202405211600;14.0;2;495.0;-4.0;491.0
202405220900;14.0;2;462.0;-5.0;457.0
202405221000;14.0;2;460.0;-5.0;455.0
202405221100;14.0;2;459.0;-7.0;452.0
202405221200;14.0;2;457.0;-6.0;451.0
202405221300;14.0;2;457.0;-7.0;450.0
202405221400;14.0;2;455.0;-5.0;450.0
202405221600;14.0;2;451.0;-1.0;450.0
202405221700;14.0;2;450.0;0.0;450.0
202405221800;14.0;2;450.0;-3.0;447.0
202405230100;14.0;2;441.0;-7.0;434.0
202405230200;14.0;2;439.0;-6.0;433.0
202405230500;14.0;2;434.0;-6.0;428.0
202405230600;14.0;2;433.0;-5.0;428.0
202405230900;14.0;2;428.0;5.0;433.0
202405231000;14.0;2;428.0;9.0;437.0
202405231100;14.0;2;430.0;13.0;443.0
202405231200;14.0;2;431.0;22.0;453.0
202405231300;14.0;2;433.0;28.0;461.0
202405231400;14.0;2;437.0;29.0;466.0
202405231500;14.0;2;443.0;25.0;468.0
202405231600;14.0;2;453.0;18.0;471.0
202405231700;14.0;2;461.0;10.0;471.0
202405231800;14.0;2;466.0;6.0;472.0
202405231900;14.0;2;468.0;10.0;478.0
202405232000;14.0;2;471.0;15.0;486.0
202405232100;14.0;2;471.0;22.0;493.0
202405232200;14.0;2;472.0;29.0;501.0
202405232300;14.0;2;478.0;30.0;508.0
202405240000;14.0;2;486.0;28.0;514.0
202405240100;14.0;2;493.0;23.0;516.0
202405240200;14.0;2;501.0;18.0;519.0
202405240300;14.0;2;508.0;14.0;522.0
202405240400;14.0;2;514.0;13.0;527.0
202405240500;14.0;2;516.0;16.0;532.0
202405240600;14.0;2;519.0;22.0;541.0
202405240700;14.0;2;522.0;28.0;550.0
202405240800;14.0;2;527.0;32.0;559.0
202405240900;14.0;2;532.0;31.0;563.0
202405241000;14.0;2;541.0;24.0;565.0
202405241100;14.0;2;550.0;16.0;566.0
202405241200;14.0;2;559.0;10.0;569.0
202405241300;14.0;2;563.0;14.0;577.0
202405241400;14.0;2;565.0;21.0;586.0
202405241500;14.0;2;566.0;25.0;591.0
202405241600;14.0;2;569.0;26.0;595.0
202405241700;14.0;2;577.0;19.0;596.0
202405241800;14.0;2;586.0;12.0;598.0
202405241900;14.0;2;591.0;9.0;600.0
202405242000;14.0;2;595.0;6.0;601.0
202405242100;14.0;2;596.0;7.0;603.0
202405242200;14.0;2;598.0;7.0;605.0
202405242300;14.0;2;600.0;9.0;609.0
202405250000;14.0;2;601.0;12.0;613.0
202405250100;14.0;2;603.0;13.0;616.0
202405250200;14.0;2;605.0;15.0;620.0
202405250300;14.0;2;609.0;13.0;622.0
202405250400;14.0;2;613.0;11.0;624.0
202405250500;14.0;2;616.0;8.0;624.0
202405250600;14.0;2;620.0;4.0;624.0
202405250700;14.0;2;622.0;1.0;623.0
202405250800;14.0;2;624.0;-2.0;622.0
202405250900;14.0;2;624.0;-5.0;619.0
202405251000;14.0;2;624.0;-9.0;615.0
202405251100;14.0;2;623.0;-12.0;611.0
202405251200;14.0;2;622.0;-15.0;607.0
202405251300;14.0;2;619.0;-15.0;604.0
202405251400;14.0;2;615.0;-15.0;600.0
202405251600;14.0;2;607.0;-13.0;594.0
202405251700;14.0;2;604.0;-15.0;589.0
202405251800;14.0;2;600.0;-17.0;583.0
202405260100;14.0;2;564.0;-26.0;538.0
202405260200;14.0;2;556.0;-19.0;537.0
202405260500;14.0;2;538.0;-7.0;531.0
202405260600;14.0;2;537.0;-9.0;528.0
202405260900;14.0;2;531.0;-11.0;520.0
202405261000;14.0;2;528.0;-12.0;516.0
202405261100;14.0;2;525.0;-13.0;512.0
202405261200;14.0;2;523.0;-14.0;509.0
202405261300;14.0;2;520.0;-13.0;507.0
202405261400;14.0;2;516.0;-9.0;507.0
202405261500;14.0;2;512.0;-7.0;505.0
202405261600;14.0;2;509.0;-6.0;503.0
202405261700;14.0;2;507.0;-7.0;500.0
202405261800;14.0;2;507.0;-10.0;497.0
202405261900;14.0;2;505.0;-11.0;494.0
202405262000;14.0;2;503.0;-12.0;491.0
202405262100;14.0;2;500.0;-12.0;488.0
202405262200;14.0;2;497.0;-12.0;485.0
202405262300;14.0;2;494.0;-12.0;482.0
202405270000;14.0;2;491.0;-11.0;480.0
202405270100;14.0;2;488.0;-11.0;477.0
202405270200;14.0;2;485.0;-10.0;475.0
202405270400;14.0;2;480.0;-8.0;472.0
202405270500;14.0;2;477.0;-6.0;471.0
202405270600;14.0;2;475.0;-5.0;470.0
202405272300;14.0;2;463.0;-1.0;462.0
202405280000;14.0;2;463.0;-1.0;462.0
202405280300;14.0;2;462.0;5.0;467.0
202405280400;14.0;2;462.0;8.0;470.0
202405280500;14.0;2;463.0;9.0;472.0
202405280600;14.0;2;465.0;7.0;472.0
202405280700;14.0;2;467.0;5.0;472.0
202405280800;14.0;2;470.0;2.0;472.0
202405280900;14.0;2;472.0;1.0;473.0
202405281000;14.0;2;472.0;3.0;475.0
202405281100;14.0;2;472.0;5.0;477.0
202405281200;14.0;2;472.0;9.0;481.0
202405281300;14.0;2;473.0;17.0;490.0
202405281400;14.0;2;475.0;26.0;501.0
202405281500;14.0;2;477.0;32.0;509.0
202405281600;14.0;2;481.0;34.0;515.0
202405281700;14.0;2;490.0;28.0;518.0
202405281800;14.0;2;501.0;21.0;522.0
202405281900;14.0;2;509.0;16.0;525.0
202405282000;14.0;2;515.0;14.0;529.0
202405282100;14.0;2;518.0;13.0;531.0
202405282200;14.0;2;522.0;9.0;531.0
202405282300;14.0;2;525.0;8.0;533.0
202405290000;14.0;2;529.0;7.0;536.0
202405290100;14.0;2;531.0;8.0;539.0
202405290200;14.0;2;531.0;12.0;543.0
202405290300;14.0;2;533.0;12.0;545.0
202405290400;14.0;2;536.0;11.0;547.0
202405290500;14.0;2;539.0;10.0;549.0
202405290600;14.0;2;543.0;6.0;549.0
202405290700;14.0;2;545.0;4.0;549.0
202405290800;14.0;2;547.0;2.0;549.0
202405290900;14.0;2;549.0;-1.0;548.0
202405291000;14.0;2;549.0;-4.0;545.0
202405291100;14.0;2;549.0;-8.0;541.0
202405291200;14.0;2;549.0;-12.0;537.0
202405291500;14.0;2;541.0;-7.0;534.0
202405291600;14.0;2;537.0;-6.0;531.0
202405300000;14.0;2;518.0;-11.0;507.0
202405300400;14.0;2;507.0;-12.0;495.0
202405300800;14.0;2;495.0;-9.0;486.0
202405300900;14.0;2;493.0;-9.0;484.0
202405301000;14.0;2;490.0;-7.0;483.0
202405301100;14.0;2;488.0;-6.0;482.0
202405301200;14.0;2;486.0;-8.0;478.0
202405301300;14.0;2;484.0;-11.0;473.0
202405301700;14.0;2;473.0;-7.0;466.0
202405311000;14.0;2;440.0;1.0;441.0
202405311100;14.0;2;440.0;0.0;440.0
202405311200;14.0;2;441.0;-3.0;438.0
202405311300;14.0;2;441.0;-6.0;435.0
202405311400;14.0;2;441.0;-7.0;434.0
202405311500;14.0;2;440.0;-6.0;434.0
202405311700;14.0;2;435.0;-6.0;429.0
202405311800;14.0;2;434.0;-10.0;424.0
202405311900;14.0;2;434.0;-13.0;421.0
202406010200;14.0;2;418.0;-4.0;414.0
202406010300;14.0;2;418.0;-5.0;413.0
202406010600;14.0;2;414.0;-4.0;410.0
202406010700;14.0;2;413.0;-4.0;409.0
202406011000;14.0;2;410.0;-4.0;406.0
202406011100;14.0;2;409.0;-4.0;405.0
202406011200;14.0;2;408.0;-4.0;404.0
202406011300;14.0;2;407.0;-4.0;403.0
202406011400;14.0;2;406.0;-5.0;401.0
202406011500;14.0;2;405.0;-5.0;400.0
202406011600;14.0;2;404.0;-6.0;398.0
202406011700;14.0;2;403.0;-7.0;396.0
202406011800;14.0;2;401.0;-9.0;392.0
202406011900;14.0;2;400.0;-11.0;389.0
202406150100;15.0;1;152.0;19.0;171.0
202406150200;15.0;1;154.0;23.0;177.0
202406150300;15.0;1;158.0;21.0;179.0
202406150400;15.0;1;164.0;16.0;180.0
202406150500;15.0;1;171.0;9.0;180.0
202406150600;15.0;1;177.0;2.0;179.0
202406150700;15.0;1;179.0;-1.0;178.0
202406150800;15.0;1;180.0;-4.0;176.0
202406150900;15.0;1;180.0;-6.0;174.0
202406151000;15.0;1;179.0;-7.0;172.0
202406151100;15.0;1;178.0;-7.0;171.0
202406151200;15.0;1;176.0;-6.0;170.0
202406151300;15.0;1;174.0;-4.0;170.0
202406151400;15.0;1;172.0;-1.0;171.0
202406151500;15.0;1;171.0;0.0;171.0
202406151600;15.0;1;170.0;2.0;172.0
202406151700;15.0;1;170.0;2.0;172.0
202406151800;15.0;1;171.0;1.0;172.0
202406151900;15.0;1;171.0;4.0;175.0
202406152000;15.0;1;172.0;21.0;193.0
202406152100;15.0;1;172.0;54.0;226.0
202406152200;15.0;1;172.0;87.0;259.0
202406152300;15.0;1;175.0;105.0;280.0
202406160000;15.0;1;193.0;98.0;291.0
202406160100;15.0;1;226.0;72.0;298.0
202406160200;15.0;1;259.0;43.0;302.0
202406160300;15.0;1;280.0;26.0;306.0
202406160400;15.0;1;291.0;23.0;314.0
202406160500;15.0;1;298.0;38.0;336.0
202406160600;15.0;1;302.0;73.0;375.0
202406160700;15.0;1;306.0;106.0;412.0
202406160800;15.0;1;314.0;122.0;436.0
202406160900;15.0;1;336.0;112.0;448.0
202406161000;15.0;1;375.0;91.0;466.0
202406161100;15.0;1;412.0;117.0;529.0
202406161200;15.0;1;436.0;222.0;658.0
202406161300;15.0;1;448.0;346.0;794.0
202406161400;15.0;1;466.0;412.0;878.0
202406161500;15.0;1;529.0;416.0;945.0
202406161600;15.0;1;658.0;336.0;994.0
202406161700;15.0;1;794.0;235.0;1029.0
202406161800;15.0;1;878.0;199.0;1077.0
202406161900;15.0;1;945.0;190.0;1135.0
202406162000;15.0;1;994.0;199.0;1193.0
202406162100;15.0;1;1029.0;213.0;1242.0
202406162200;15.0;1;1077.0;201.0;1278.0
202406162300;15.0;1;1135.0;173.0;1308.0
202406170000;15.0;1;1193.0;156.0;1349.0
202406170100;15.0;1;1242.0;163.0;1405.0
202406170200;15.0;1;1278.0;190.0;1468.0
202406170300;15.0;1;1308.0;218.0;1526.0
202406170400;15.0;1;1349.0;225.0;1574.0
202406170500;15.0;1;1405.0;202.0;1607.0
202406170600;15.0;1;1468.0;162.0;1630.0
202406170700;15.0;1;1526.0;112.0;1638.0
202406170800;15.0;1;1574.0;58.0;1632.0
202406170900;15.0;1;1607.0;12.0;1619.0
202406171000;15.0;1;1630.0;-35.0;1595.0
202406171100;15.0;1;1638.0;-70.0;1568.0
202406171200;15.0;1;1632.0;-88.0;1544.0
202406171300;15.0;1;1619.0;-97.0;1522.0
202406171400;15.0;1;1595.0;-93.0;1502.0
202406171500;15.0;1;1568.0;-92.0;1476.0
202406171600;15.0;1;1544.0;-91.0;1453.0
202406171700;15.0;1;1522.0;-87.0;1435.0
202406171800;15.0;1;1502.0;-95.0;1407.0
202406171900;15.0;1;1476.0;-94.0;1382.0
202406172000;15.0;1;1453.0;-96.0;1357.0
202406172100;15.0;1;1435.0;-106.0;1329.0
202406172200;15.0;1;1407.0;-108.0;1299.0
202406172300;15.0;1;1382.0;-113.0;1269.0
202406180000;15.0;1;1357.0;-119.0;1238.0
202406180100;15.0;1;1329.0;-123.0;1206.0
202406180200;15.0;1;1299.0;-119.0;1180.0
202406180300;15.0;1;1269.0;-116.0;1153.0
202406180400;15.0;1;1238.0;-109.0;1129.0
202406180500;15.0;1;1206.0;-98.0;1108.0
202406180600;15.0;1;1180.0;-90.0;1090.0
202406180700;15.0;1;1153.0;-81.0;1072.0
202406180800;15.0;1;1129.0;-73.0;1056.0
202406180900;15.0;1;1108.0;-67.0;1041.0
202406181000;15.0;1;1090.0;-62.0;1028.0
202406181100;15.0;1;1072.0;-54.0;1018.0
202406181200;15.0;1;1056.0;-46.0;1010.0
202406181300;15.0;1;1041.0;-37.0;1004.0
202406181400;15.0;1;1028.0;-31.0;997.0
202406181500;15.0;1;1018.0;-29.0;989.0
202406181600;15.0;1;1010.0;-24.0;986.0
202406181700;15.0;1;1004.0;-25.0;979.0
202406181800;15.0;1;997.0;-21.0;976.0
202406181900;15.0;1;989.0;-17.0;972.0
202406182000;15.0;1;986.0;-18.0;968.0
202406182100;15.0;1;979.0;-15.0;964.0
202406182200;15.0;1;976.0;-16.0;960.0
202406182300;15.0;1;972.0;-13.0;959.0
202406190000;15.0;1;968.0;-13.0;955.0
202406190100;15.0;1;964.0;-11.0;953.0
202406190200;15.0;1;960.0;-12.0;948.0
202406190300;15.0;1;959.0;-13.0;946.0
202406190400;15.0;1;955.0;-11.0;944.0
202406190500;15.0;1;953.0;-13.0;940.0
202406190600;15.0;1;948.0;-12.0;936.0
202406190700;15.0;1;946.0;-17.0;929.0
202406190800;15.0;1;944.0;-22.0;922.0
202406190900;15.0;1;940.0;-27.0;913.0
202406191000;15.0;1;936.0;-30.0;906.0
202406191100;15.0;1;929.0;-32.0;897.0
202406191200;15.0;1;922.0;-31.0;891.0
202406191300;15.0;1;913.0;-27.0;886.0
202406191400;15.0;1;906.0;-24.0;882.0
202406191500;15.0;1;897.0;-21.0;876.0
202406191600;15.0;1;891.0;-17.0;874.0
202406191700;15.0;1;886.0;-11.0;875.0
202406191800;15.0;1;882.0;-15.0;867.0
202406191900;15.0;1;876.0;-23.0;853.0
202406192000;15.0;1;874.0;-29.0;845.0
202406192100;15.0;1;875.0;-33.0;842.0
202406192200;15.0;1;867.0;-29.0;838.0
202406192300;15.0;1;853.0;-16.0;837.0
202406200000;15.0;1;845.0;-13.0;832.0
202406200100;15.0;1;842.0;-16.0;826.0
202406200200;15.0;1;838.0;-17.0;821.0
202406200300;15.0;1;837.0;-20.0;817.0
202406200400;15.0;1;832.0;-21.0;811.0
202406200500;15.0;1;826.0;-21.0;805.0
202406200600;15.0;1;821.0;-21.0;800.0
202406200700;15.0;1;817.0;-20.0;797.0
202406200800;15.0;1;811.0;-14.0;797.0
202406200900;15.0;1;805.0;-13.0;792.0
202406201000;15.0;1;800.0;-38.0;762.0
202406201100;15.0;1;797.0;-79.0;718.0
202406201200;15.0;1;797.0;-75.0;722.0
202406201300;15.0;1;792.0;-38.0;754.0
202406201400;15.0;1;762.0;11.0;773.0
202406201500;15.0;1;718.0;54.0;772.0
202406201600;15.0;1;722.0;42.0;764.0
202406201700;15.0;1;754.0;5.0;759.0
202406201800;15.0;1;773.0;-14.0;759.0
202406201900;15.0;1;772.0;-13.0;759.0
202406202000;15.0;1;764.0;-7.0;757.0
202406202100;15.0;1;759.0;-1.0;758.0
202406202200;15.0;1;759.0;2.0;761.0
202406202300;15.0;1;759.0;3.0;762.0
202406210000;15.0;1;757.0;4.0;761.0
202406210100;15.0;1;758.0;-2.0;756.0
202406210200;15.0;1;761.0;-12.0;749.0
202406210300;15.0;1;762.0;-17.0;745.0
202406210400;15.0;1;761.0;-17.0;744.0
202406210500;15.0;1;756.0;-11.0;745.0
202406210600;15.0;1;749.0;-4.0;745.0
202406210700;15.0;1;745.0;2.0;747.0
202406210800;15.0;1;744.0;4.0;748.0
202406210900;15.0;1;745.0;-3.0;742.0
202406211000;15.0;1;745.0;-7.0;738.0
202406211100;15.0;1;747.0;-12.0;735.0
202406211200;15.0;1;748.0;-13.0;735.0
202406211300;15.0;1;742.0;-4.0;738.0
202406211400;15.0;1;738.0;11.0;749.0
202406211500;15.0;1;735.0;19.0;754.0
202406211600;15.0;1;735.0;13.0;748.0
202406211700;15.0;1;738.0;0.0;738.0
202406211800;15.0;1;749.0;-22.0;727.0
202406211900;15.0;1;754.0;-31.0;723.0
202406212000;15.0;1;748.0;-30.0;718.0
202406212100;15.0;1;738.0;-22.0;716.0
202406212200;15.0;1;727.0;-16.0;711.0
202406212300;15.0;1;723.0;-20.0;703.0
202406220000;15.0;1;718.0;-23.0;695.0
202406220100;15.0;1;716.0;-26.0;690.0
202406220200;15.0;1;711.0;-24.0;687.0
202406220300;15.0;1;703.0;-18.0;685.0
202406220400;15.0;1;695.0;-15.0;680.0
202406220500;15.0;1;690.0;-20.0;670.0
202406220600;15.0;1;687.0;-28.0;659.0
202406220700;15.0;1;685.0;-33.0;652.0
202406220800;15.0;1;680.0;-31.0;649.0
202406220900;15.0;1;670.0;-23.0;647.0
202406221000;15.0;1;659.0;-11.0;648.0
202406221100;15.0;1;652.0;-2.0;650.0
202406221200;15.0;1;649.0;0.0;649.0
202406221300;15.0;1;647.0;1.0;648.0
202406221400;15.0;1;648.0;-2.0;646.0
202406221500;15.0;1;650.0;-11.0;639.0
202406221600;15.0;1;649.0;-25.0;624.0
202406221700;15.0;1;648.0;-40.0;608.0
202406221800;15.0;1;646.0;-62.0;584.0
202406221900;15.0;1;639.0;-61.0;578.0
202406222000;15.0;1;624.0;-40.0;584.0
202406222100;15.0;1;608.0;-20.0;588.0
202406222200;15.0;1;584.0;5.0;589.0
202406222300;15.0;1;578.0;10.0;588.0
202406230000;15.0;1;584.0;3.0;587.0
202406230100;15.0;1;588.0;-2.0;586.0
202406230200;15.0;1;589.0;-4.0;585.0
202406230300;15.0;1;588.0;-5.0;583.0
202406230400;15.0;1;587.0;-5.0;582.0
202406230500;15.0;1;586.0;-7.0;579.0
202406230600;15.0;1;585.0;-17.0;568.0
202406230700;15.0;1;583.0;-33.0;550.0
202406230800;15.0;1;582.0;-46.0;536.0
202406230900;15.0;1;579.0;-49.0;530.0
202406231000;15.0;1;568.0;-37.0;531.0
202406231100;15.0;1;550.0;-16.0;534.0
202406231200;15.0;1;536.0;-2.0;534.0
202406231300;15.0;1;530.0;6.0;536.0
202406231400;15.0;1;531.0;10.0;541.0
202406231500;15.0;1;534.0;10.0;544.0
202406231600;15.0;1;534.0;10.0;544.0
202406231700;15.0;1;536.0;13.0;549.0
202406231800;15.0;1;541.0;1.0;542.0
202406231900;15.0;1;544.0;-9.0;535.0
202406232000;15.0;1;544.0;-13.0;531.0
202406232100;15.0;1;549.0;-24.0;525.0
202406232200;15.0;1;542.0;-20.0;522.0
202406232300;15.0;1;535.0;-15.0;520.0
202406240000;15.0;1;531.0;-12.0;519.0
202406240100;15.0;1;525.0;-6.0;519.0
202406240200;15.0;1;522.0;7.0;529.0
202406240300;15.0;1;520.0;32.0;552.0
202406240400;15.0;1;519.0;48.0;567.0
202406240500;15.0;1;519.0;54.0;573.0
202406240600;15.0;1;529.0;45.0;574.0
202406240700;15.0;1;552.0;23.0;575.0
202406240800;15.0;1;567.0;8.0;575.0
202406240900;15.0;1;573.0;3.0;576.0
202406241000;15.0;1;574.0;2.0;576.0
202406241100;15.0;1;575.0;2.0;577.0
202406241200;15.0;1;575.0;6.0;581.0
202406241300;15.0;1;576.0;13.0;589.0
202406241400;15.0;1;576.0;20.0;596.0
202406241500;15.0;1;577.0;30.0;607.0
202406241600;15.0;1;581.0;58.0;639.0
202406241700;15.0;1;589.0;79.0;668.0
202406241800;15.0;1;596.0;83.0;679.0
202406241900;15.0;1;607.0;75.0;682.0
202406242000;15.0;1;639.0;60.0;699.0
202406242100;15.0;1;668.0;63.0;731.0
202406242200;15.0;1;679.0;79.0;758.0
202406242300;15.0;1;682.0;92.0;774.0
202406250000;15.0;1;699.0;87.0;786.0
202406250100;15.0;1;731.0;68.0;799.0
202406250200;15.0;1;758.0;48.0;806.0
202406250300;15.0;1;774.0;31.0;805.0
202406250400;15.0;1;786.0;17.0;803.0
202406250500;15.0;1;799.0;2.0;801.0
202406250600;15.0;1;806.0;-8.0;798.0
202406250700;15.0;1;805.0;-9.0;796.0
202406250800;15.0;1;803.0;-11.0;792.0
202406250900;15.0;1;801.0;-13.0;788.0
202406251000;15.0;1;798.0;-12.0;786.0
202406251100;15.0;1;796.0;-12.0;784.0
202406251200;15.0;1;792.0;-11.0;781.0
202406251300;15.0;1;788.0;-11.0;777.0
202406251400;15.0;1;786.0;-17.0;769.0
202406251500;15.0;1;784.0;-27.0;757.0
202406251600;15.0;1;781.0;-33.0;748.0
202406251700;15.0;1;777.0;-35.0;742.0
202406251800;15.0;1;769.0;-38.0;731.0
202406251900;15.0;1;757.0;-30.0;727.0
202406252000;15.0;1;748.0;-32.0;716.0
202406252100;15.0;1;742.0;-47.0;695.0
202406252200;15.0;1;731.0;-46.0;685.0
202406252300;15.0;1;727.0;-37.0;690.0
202406260000;15.0;1;716.0;-21.0;695.0
202406260100;15.0;1;695.0;0.0;695.0
202406260200;15.0;1;685.0;9.0;694.0
202406260300;15.0;1;690.0;3.0;693.0
202406260400;15.0;1;695.0;-6.0;689.0
202406260500;15.0;1;695.0;-5.0;690.0
202406260600;15.0;1;694.0;4.0;698.0
202406260700;15.0;1;693.0;17.0;710.0
202406260800;15.0;1;689.0;37.0;726.0
202406260900;15.0;1;690.0;63.0;753.0
202406261000;15.0;1;698.0;71.0;769.0
202406261100;15.0;1;710.0;65.0;775.0
202406261200;15.0;1;726.0;64.0;790.0
202406261300;15.0;1;753.0;54.0;807.0
202406261400;15.0;1;769.0;53.0;822.0
202406261500;15.0;1;775.0;64.0;839.0
202406261600;15.0;1;790.0;59.0;849.0
202406261700;15.0;1;807.0;48.0;855.0
202406261800;15.0;1;822.0;46.0;868.0
202406261900;15.0;1;839.0;39.0;878.0
202406262000;15.0;1;849.0;37.0;886.0
202406262100;15.0;1;855.0;37.0;892.0
202406262200;15.0;1;868.0;28.0;896.0
202406262300;15.0;1;878.0;26.0;904.0
202406270000;15.0;1;886.0;24.0;910.0
202406270100;15.0;1;892.0;21.0;913.0
202406270200;15.0;1;896.0;20.0;916.0
202406270300;15.0;1;904.0;14.0;918.0
202406270400;15.0;1;910.0;7.0;917.0
202406270500;15.0;1;913.0;1.0;914.0
202406270600;15.0;1;916.0;-6.0;910.0
202406270700;15.0;1;918.0;-16.0;902.0
202406270800;15.0;1;917.0;-22.0;895.0
202406270900;15.0;1;914.0;-28.0;886.0
202406271000;15.0;1;910.0;-31.0;879.0
202406271100;15.0;1;902.0;-32.0;870.0
202406271200;15.0;1;895.0;-35.0;860.0
202406271300;15.0;1;886.0;-36.0;850.0
202406271400;15.0;1;879.0;-43.0;836.0
202406271500;15.0;1;870.0;-56.0;814.0
202406271600;15.0;1;860.0;-67.0;793.0
202406271700;15.0;1;850.0;-69.0;781.0
202406271800;15.0;1;836.0;-63.0;773.0
202406271900;15.0;1;814.0;-43.0;771.0
202406272000;15.0;1;793.0;-24.0;769.0
202406272100;15.0;1;781.0;-11.0;770.0
202406272200;15.0;1;773.0;-6.0;767.0
202406272300;15.0;1;771.0;-18.0;753.0
202406280000;15.0;1;769.0;-38.0;731.0
202406280100;15.0;1;770.0;-58.0;712.0
202406280200;15.0;1;767.0;-66.0;701.0
202406280300;15.0;1;753.0;-58.0;695.0
202406280400;15.0;1;731.0;-42.0;689.0
202406280500;15.0;1;712.0;-33.0;679.0
202406280600;15.0;1;701.0;-34.0;667.0
202406280700;15.0;1;695.0;-31.0;664.0
202406280800;15.0;1;689.0;-23.0;666.0
202406280900;15.0;1;679.0;-16.0;663.0
202406281000;15.0;1;667.0;-6.0;661.0
202406281100;15.0;1;664.0;-16.0;648.0
202406281200;15.0;1;666.0;-41.0;625.0
202406281300;15.0;1;663.0;-62.0;601.0
202406281400;15.0;1;661.0;-81.0;580.0
202406281500;15.0;1;648.0;-80.0;568.0
202406281600;15.0;1;625.0;-39.0;586.0
202406281700;15.0;1;601.0;9.0;610.0
202406281800;15.0;1;580.0;34.0;614.0
202406281900;15.0;1;568.0;36.0;604.0
202406282000;15.0;1;586.0;8.0;594.0
202406282100;15.0;1;610.0;-21.0;589.0
202406282200;15.0;1;614.0;-28.0;586.0
202406282300;15.0;1;604.0;-20.0;584.0
202406290000;15.0;1;594.0;-11.0;583.0
202406290100;15.0;1;589.0;-10.0;579.0
202406290200;15.0;1;586.0;-13.0;573.0
202406290300;15.0;1;584.0;-19.0;565.0
202406290400;15.0;1;583.0;-25.0;558.0
202406290500;15.0;1;579.0;-24.0;555.0
202406290600;15.0;1;573.0;-20.0;553.0
202406290700;15.0;1;565.0;-14.0;551.0
202406290800;15.0;1;558.0;-8.0;550.0
202406290900;15.0;1;555.0;-7.0;548.0
202406291000;15.0;1;553.0;-15.0;538.0
202406291100;15.0;1;551.0;-23.0;528.0
202406291200;15.0;1;550.0;-28.0;522.0
202406291300;15.0;1;548.0;-28.0;520.0
202406291400;15.0;1;538.0;-19.0;519.0
202406291500;15.0;1;528.0;-9.0;519.0
202406291600;15.0;1;522.0;-4.0;518.0
202406291700;15.0;1;520.0;-2.0;518.0
202406291800;15.0;1;519.0;-2.0;517.0
202406291900;15.0;1;519.0;-3.0;516.0
202406292000;15.0;1;518.0;-5.0;513.0
202406292100;15.0;1;518.0;-15.0;503.0
202406292200;15.0;1;517.0;-28.0;489.0
202406292300;15.0;1;516.0;-39.0;477.0
202406300000;15.0;1;513.0;-41.0;472.0
202406300100;15.0;1;503.0;-33.0;470.0
202406300200;15.0;1;489.0;-19.0;470.0
202406300300;15.0;1;477.0;4.0;481.0
202406300400;15.0;1;472.0;25.0;497.0
202406300500;15.0;1;470.0;34.0;504.0
202406300600;15.0;1;470.0;32.0;502.0
202406300700;15.0;1;481.0;16.0;497.0
202406300800;15.0;1;497.0;-9.0;488.0
202406300900;15.0;1;504.0;-25.0;479.0
202406301000;15.0;1;502.0;-29.0;473.0
202406301100;15.0;1;497.0;-27.0;470.0
202406301200;15.0;1;488.0;-19.0;469.0
202406301300;15.0;1;479.0;-11.0;468.0
202406301400;15.0;1;473.0;-6.0;467.0
202406301500;15.0;1;470.0;-4.0;466.0
202406301600;15.0;1;469.0;-8.0;461.0
202406301700;15.0;1;468.0;-14.0;454.0
202406301800;15.0;1;467.0;-25.0;442.0
202406301900;15.0;1;466.0;-29.0;437.0
202406302000;15.0;1;461.0;-17.0;444.0
202406302100;15.0;1;454.0;0.0;454.0
202406302200;15.0;1;442.0;18.0;460.0
202406302300;15.0;1;437.0;25.0;462.0
202407010000;15.0;1;444.0;17.0;461.0
202407010100;15.0;1;454.0;5.0;459.0
202407010200;15.0;1;460.0;-10.0;450.0
202407010300;15.0;1;462.0;-23.0;439.0
202407010400;15.0;1;461.0;-29.0;432.0
202407010500;15.0;1;459.0;-29.0;430.0
202407010600;15.0;1;450.0;-16.0;434.0
202407010700;15.0;1;439.0;-4.0;435.0
202407010800;15.0;1;432.0;0.0;432.0
202407010900;15.0;1;430.0;-2.0;428.0
202407011000;15.0;1;434.0;-5.0;429.0
202407011100;15.0;1;435.0;3.0;438.0
202407011200;15.0;1;432.0;16.0;448.0
202407011300;15.0;1;428.0;21.0;449.0
202407011400;15.0;1;429.0;8.0;437.0
202407011500;15.0;1;438.0;-16.0;422.0
202407011600;15.0;1;448.0;-38.0;410.0
202407011700;15.0;1;449.0;-46.0;403.0
202407011800;15.0;1;437.0;-38.0;399.0
202407011900;15.0;1;422.0;-26.0;396.0
202407012000;15.0;1;410.0;-15.0;395.0
202407012100;15.0;1;403.0;-9.0;394.0
202407012200;15.0;1;399.0;-5.0;394.0
202407141000;16.0;2;387.0;33.0;420.0
202407141100;16.0;2;387.0;41.0;428.0
202407141200;16.0;2;392.0;40.0;432.0
202407141300;16.0;2;406.0;29.0;435.0
202407141400;16.0;2;420.0;19.0;439.0
202407141500;16.0;2;428.0;22.0;450.0
202407141600;16.0;2;432.0;38.0;470.0
202407141700;16.0;2;435.0;45.0;480.0
202407141800;16.0;2;439.0;41.0;480.0
202407141900;16.0;2;450.0;18.0;468.0
202407142000;16.0;2;470.0;-11.0;459.0
202407142100;16.0;2;480.0;-16.0;464.0
202407142200;16.0;2;480.0;-4.0;476.0
202407142300;16.0;2;468.0;15.0;483.0
202407150000;16.0;2;459.0;27.0;486.0
202407150100;16.0;2;464.0;22.0;486.0
202407150200;16.0;2;476.0;12.0;488.0
202407150300;16.0;2;483.0;17.0;500.0
202407150400;16.0;2;486.0;26.0;512.0
202407150500;16.0;2;486.0;33.0;519.0
202407150600;16.0;2;488.0;33.0;521.0
202407150700;16.0;2;500.0;22.0;522.0
202407150800;16.0;2;512.0;15.0;527.0
202407150900;16.0;2;519.0;12.0;531.0
202407151000;16.0;2;521.0;12.0;533.0
202407151100;16.0;2;522.0;11.0;533.0
202407151200;16.0;2;527.0;4.0;531.0
202407151300;16.0;2;531.0;0.0;531.0
202407151400;16.0;2;533.0;6.0;539.0
202407151500;16.0;2;533.0;16.0;549.0
202407151600;16.0;2;531.0;23.0;554.0
202407151700;16.0;2;531.0;28.0;559.0
202407151800;16.0;2;539.0;26.0;565.0
202407151900;16.0;2;549.0;18.0;567.0
202407152000;16.0;2;554.0;18.0;572.0
202407152100;16.0;2;559.0;16.0;575.0
202407152200;16.0;2;565.0;11.0;576.0
202407152300;16.0;2;567.0;9.0;576.0
202407160000;16.0;2;572.0;2.0;574.0
202407160100;16.0;2;575.0;-2.0;573.0
202407160200;16.0;2;576.0;-1.0;575.0
202407160300;16.0;2;576.0;0.0;576.0
202407160400;16.0;2;574.0;-6.0;568.0
202407160500;16.0;2;573.0;-18.0;555.0
202407160600;16.0;2;575.0;-30.0;545.0
202407160700;16.0;2;576.0;-36.0;540.0
202407160800;16.0;2;568.0;-35.0;533.0
202407160900;16.0;2;555.0;-28.0;527.0
202407161000;16.0;2;545.0;-20.0;525.0
202407161100;16.0;2;540.0;-17.0;523.0
202407161200;16.0;2;533.0;-8.0;525.0
202407161300;16.0;2;527.0;3.0;530.0
202407161400;16.0;2;525.0;7.0;532.0
202407161500;16.0;2;523.0;9.0;532.0
202407161600;16.0;2;525.0;-3.0;522.0
202407161700;16.0;2;530.0;-19.0;511.0
202407161800;16.0;2;532.0;-36.0;496.0
202407161900;16.0;2;532.0;-42.0;490.0
202407162000;16.0;2;522.0;-35.0;487.0
202407162100;16.0;2;511.0;-26.0;485.0
202407162200;16.0;2;496.0;-12.0;484.0
202407162300;16.0;2;490.0;-2.0;488.0
202407170000;16.0;2;487.0;6.0;493.0
202407170100;16.0;2;485.0;11.0;496.0
202407170200;16.0;2;484.0;12.0;496.0
202407170300;16.0;2;488.0;8.0;496.0
202407170400;16.0;2;493.0;1.0;494.0
202407170500;16.0;2;496.0;-6.0;490.0
202407170600;16.0;2;496.0;-15.0;481.0
202407170700;16.0;2;496.0;-25.0;471.0
202407170800;16.0;2;494.0;-33.0;461.0
202407170900;16.0;2;490.0;-39.0;451.0
202407171000;16.0;2;481.0;-35.0;446.0
202407171100;16.0;2;471.0;-28.0;443.0
202407171200;16.0;2;461.0;-18.0;443.0
202407171300;16.0;2;451.0;-2.0;449.0
202407171400;16.0;2;446.0;7.0;453.0
202407171500;16.0;2;443.0;10.0;453.0
202407171600;16.0;2;443.0;7.0;450.0
202407171700;16.0;2;449.0;-5.0;444.0
202407171800;16.0;2;453.0;-16.0;437.0
202407171900;16.0;2;453.0;-19.0;434.0
202407172000;16.0;2;450.0;-14.0;436.0
202407172100;16.0;2;444.0;-4.0;440.0
202407172200;16.0;2;437.0;3.0;440.0
202407172300;16.0;2;434.0;4.0;438.0
202407180000;16.0;2;436.0;-1.0;435.0
202407180100;16.0;2;440.0;-7.0;433.0
202407180200;16.0;2;440.0;-8.0;432.0
202407180300;16.0;2;438.0;-7.0;431.0
202407180400;16.0;2;435.0;-4.0;431.0
202407180500;16.0;2;433.0;-3.0;430.0
202407180600;16.0;2;432.0;-5.0;427.0
202407180700;16.0;2;431.0;-11.0;420.0
202407180800;16.0;2;431.0;-17.0;414.0
202407180900;16.0;2;430.0;-19.0;411.0
202407181000;16.0;2;427.0;-17.0;410.0
202407181100;16.0;2;420.0;-11.0;409.0
202407181200;16.0;2;414.0;-3.0;411.0
202407181300;16.0;2;411.0;8.0;419.0
202407181400;16.0;2;410.0;17.0;427.0
202407181500;16.0;2;409.0;20.0;429.0
202407181600;16.0;2;411.0;19.0;430.0
202407181700;16.0;2;419.0;10.0;429.0
202407181800;16.0;2;427.0;-5.0;422.0
202407181900;16.0;2;429.0;-15.0;414.0
202407182000;16.0;2;430.0;-23.0;407.0
202407182100;16.0;2;429.0;-26.0;403.0
202407182200;16.0;2;422.0;-24.0;398.0
202407182300;16.0;2;414.0;-22.0;392.0
202407190000;16.0;2;407.0;-22.0;385.0
202407190100;16.0;2;403.0;-23.0;380.0
202407190200;16.0;2;398.0;-20.0;378.0
202408231000;17.0;1;179.0;44.0;223.0
202408231100;17.0;1;184.0;44.0;228.0
202408231200;17.0;1;198.0;35.0;233.0
202408231300;17.0;1;213.0;25.0;238.0
202408231400;17.0;1;223.0;22.0;245.0
202408231500;17.0;1;228.0;29.0;257.0
202408231600;17.0;1;233.0;43.0;276.0
202408231700;17.0;1;238.0;51.0;289.0
202408231800;17.0;1;245.0;67.0;312.0
202408231900;17.0;1;257.0;90.0;347.0
202408232000;17.0;1;276.0;103.0;379.0
202408232100;17.0;1;289.0;107.0;396.0
202408232200;17.0;1;312.0;90.0;402.0
202408232300;17.0;1;347.0;57.0;404.0
202408240000;17.0;1;379.0;30.0;409.0
202408240100;17.0;1;396.0;24.0;420.0
202408240200;17.0;1;402.0;25.0;427.0
202408240300;17.0;1;404.0;31.0;435.0
202408240400;17.0;1;409.0;42.0;451.0
202408240500;17.0;1;420.0;47.0;467.0
202408240600;17.0;1;427.0;59.0;486.0
202408240700;17.0;1;435.0;77.0;512.0
202408240800;17.0;1;451.0;75.0;526.0
202408240900;17.0;1;467.0;63.0;530.0
202408241000;17.0;1;486.0;44.0;530.0
202408241100;17.0;1;512.0;16.0;528.0
202408241200;17.0;1;526.0;-1.0;525.0
202408241300;17.0;1;530.0;-9.0;521.0
202408241400;17.0;1;530.0;-16.0;514.0
202408241500;17.0;1;528.0;-24.0;504.0
202408241600;17.0;1;525.0;-29.0;496.0
202408241700;17.0;1;521.0;-30.0;491.0
202408241800;17.0;1;514.0;-39.0;475.0
202408241900;17.0;1;504.0;-52.0;452.0
202408242000;17.0;1;496.0;-64.0;432.0
202408242100;17.0;1;491.0;-68.0;423.0
202408242200;17.0;1;475.0;-47.0;428.0
202408242300;17.0;1;452.0;-8.0;444.0
202408250000;17.0;1;432.0;30.0;462.0
202408250100;17.0;1;423.0;49.0;472.0
202408250200;17.0;1;428.0;45.0;473.0
202408250300;17.0;1;444.0;25.0;469.0
202408250400;17.0;1;462.0;2.0;464.0
202408250500;17.0;1;472.0;-13.0;459.0
202408250600;17.0;1;473.0;-22.0;451.0
202408250700;17.0;1;469.0;-24.0;445.0
202408250800;17.0;1;464.0;-23.0;441.0
202408250900;17.0;1;459.0;-20.0;439.0
202408251000;17.0;1;451.0;-10.0;441.0
202408251100;17.0;1;445.0;4.0;449.0
202408251200;17.0;1;441.0;18.0;459.0
202408251300;17.0;1;439.0;26.0;465.0
202408251400;17.0;1;441.0;25.0;466.0
202408251500;17.0;1;449.0;14.0;463.0
202408251600;17.0;1;459.0;-3.0;456.0
202408251700;17.0;1;465.0;-18.0;447.0
202408251800;17.0;1;466.0;-28.0;438.0
202408251900;17.0;1;463.0;-36.0;427.0
202408252000;17.0;1;456.0;-43.0;413.0
202408252100;17.0;1;447.0;-48.0;399.0
202408252200;17.0;1;438.0;-45.0;393.0
202408252300;17.0;1;427.0;-33.0;394.0
202408260000;17.0;1;413.0;-18.0;395.0
202408260100;17.0;1;399.0;-4.0;395.0
202410020800;18.0;1;221.0;7.0;228.0
202410020900;18.0;1;221.0;11.0;232.0
202410021000;18.0;1;222.0;14.0;236.0
202410021100;18.0;1;224.0;16.0;240.0
202410021200;18.0;1;228.0;22.0;250.0
202410021300;18.0;1;232.0;36.0;268.0
202410021400;18.0;1;236.0;45.0;281.0
202410021500;18.0;1;240.0;51.0;291.0
202410021600;18.0;1;250.0;57.0;307.0
202410021700;18.0;1;268.0;52.0;320.0
202410021800;18.0;1;281.0;57.0;338.0
202410021900;18.0;1;291.0;55.0;346.0
202410022000;18.0;1;307.0;43.0;350.0
202410022100;18.0;1;320.0;34.0;354.0
202410022200;18.0;1;338.0;22.0;360.0
202410022300;18.0;1;346.0;22.0;368.0
202410030000;18.0;1;350.0;28.0;378.0
202410030100;18.0;1;354.0;37.0;391.0
202410030200;18.0;1;360.0;67.0;427.0
202410030300;18.0;1;368.0;92.0;460.0
202410030400;18.0;1;378.0;122.0;500.0
202410030500;18.0;1;391.0;163.0;554.0
202410030600;18.0;1;427.0;162.0;589.0
202410030700;18.0;1;460.0;142.0;602.0
202410030800;18.0;1;500.0;105.0;605.0
202410030900;18.0;1;554.0;48.0;602.0
202410031000;18.0;1;589.0;12.0;601.0
202410031100;18.0;1;602.0;2.0;604.0
202410031200;18.0;1;605.0;9.0;614.0
202410031300;18.0;1;602.0;19.0;621.0
202410031400;18.0;1;601.0;22.0;623.0
202410031500;18.0;1;604.0;17.0;621.0
202410031600;18.0;1;614.0;4.0;618.0
202410031700;18.0;1;621.0;-5.0;616.0
202410031800;18.0;1;623.0;-10.0;613.0
202410031900;18.0;1;621.0;-10.0;611.0
202410032100;18.0;1;616.0;-7.0;609.0
202410032200;18.0;1;613.0;-6.0;607.0
202410032300;18.0;1;611.0;-6.0;605.0
202410040600;18.0;1;581.0;-33.0;548.0
202410040700;18.0;1;565.0;-27.0;538.0
202410041000;18.0;1;548.0;-52.0;496.0
202410041100;18.0;1;538.0;-41.0;497.0
202410041400;18.0;1;496.0;2.0;498.0
202410041500;18.0;1;497.0;-3.0;494.0
202410041600;18.0;1;499.0;-10.0;489.0
202410041700;18.0;1;500.0;-21.0;479.0
202410041800;18.0;1;498.0;-35.0;463.0
202410041900;18.0;1;494.0;-42.0;452.0
202410042000;18.0;1;489.0;-43.0;446.0
202410042100;18.0;1;479.0;-36.0;443.0
202410042200;18.0;1;463.0;-21.0;442.0
202410042300;18.0;1;452.0;-11.0;441.0
202410050000;18.0;1;446.0;-7.0;439.0
202410050100;18.0;1;443.0;-5.0;438.0
202410050200;18.0;1;442.0;-8.0;434.0
202410050300;18.0;1;441.0;-14.0;427.0
202410050400;18.0;1;439.0;-17.0;422.0
202410050500;18.0;1;438.0;-19.0;419.0
202410050600;18.0;1;434.0;-20.0;414.0
202410050700;18.0;1;427.0;-20.0;407.0
202410050800;18.0;1;422.0;-20.0;402.0
202410050900;18.0;1;419.0;-19.0;400.0
202410051000;18.0;1;414.0;-14.0;400.0
202410051100;18.0;1;407.0;-7.0;400.0
202410051200;18.0;1;402.0;-3.0;399.0
202410051300;18.0;1;400.0;-1.0;399.0
202410090000;19.0;1;294.0;18.0;312.0
202410090100;19.0;1;294.0;22.0;316.0
202410090200;19.0;1;300.0;23.0;323.0
202410090300;19.0;1;307.0;24.0;331.0
202410090400;19.0;1;312.0;23.0;335.0
202410090500;19.0;1;316.0;21.0;337.0
202410090600;19.0;1;323.0;14.0;337.0
202410090700;19.0;1;331.0;6.0;337.0
202410090800;19.0;1;335.0;1.0;336.0
202410090900;19.0;1;337.0;-1.0;336.0
202410091000;19.0;1;337.0;-2.0;335.0
202410091100;19.0;1;337.0;-3.0;334.0
202410091200;19.0;1;336.0;-3.0;333.0
202410091300;19.0;1;336.0;-4.0;332.0
202410091400;19.0;1;335.0;-3.0;332.0
202410091500;19.0;1;334.0;-2.0;332.0
202410091600;19.0;1;333.0;-2.0;331.0
202410091700;19.0;1;332.0;-1.0;331.0
202410091800;19.0;1;332.0;-2.0;330.0
202410091900;19.0;1;332.0;-2.0;330.0
202410092000;19.0;1;331.0;-1.0;330.0
202410092100;19.0;1;331.0;-1.0;330.0
202410092200;19.0;1;330.0;0.0;330.0
202410092300;19.0;1;330.0;0.0;330.0
202410100000;19.0;1;330.0;3.0;333.0
202410100100;19.0;1;330.0;5.0;335.0
202410100200;19.0;1;330.0;6.0;336.0
202410100300;19.0;1;330.0;7.0;337.0
202410100400;19.0;1;333.0;4.0;337.0
202410100500;19.0;1;335.0;2.0;337.0
202410100600;19.0;1;336.0;1.0;337.0
202410100700;19.0;1;337.0;1.0;338.0
202410100800;19.0;1;337.0;1.0;338.0
202410100900;19.0;1;337.0;1.0;338.0
202410101000;19.0;1;337.0;2.0;339.0
202410101100;19.0;1;338.0;1.0;339.0
202410101200;19.0;1;338.0;3.0;341.0
202410101300;19.0;1;338.0;4.0;342.0
202410101400;19.0;1;339.0;2.0;341.0
202410101500;19.0;1;339.0;0.0;339.0
202410101600;19.0;1;341.0;-3.0;338.0
202410101700;19.0;1;342.0;-3.0;339.0
202410101800;19.0;1;341.0;7.0;348.0
202410101900;19.0;1;339.0;20.0;359.0
202410102000;19.0;1;338.0;28.0;366.0
202410102100;19.0;1;339.0;30.0;369.0
202410102200;19.0;1;348.0;22.0;370.0
202410102300;19.0;1;359.0;11.0;370.0
202410110000;19.0;1;366.0;3.0;369.0
202410110100;19.0;1;369.0;-4.0;365.0
202410110200;19.0;1;370.0;-10.0;360.0
202410110300;19.0;1;370.0;-13.0;357.0
202410110400;19.0;1;369.0;-12.0;357.0
202410110500;19.0;1;365.0;-6.0;359.0
202410110600;19.0;1;360.0;2.0;362.0
202410110700;19.0;1;357.0;11.0;368.0
202410110800;19.0;1;357.0;18.0;375.0
202410110900;19.0;1;359.0;25.0;384.0
202410111000;19.0;1;362.0;40.0;402.0
202410111100;19.0;1;368.0;42.0;410.0
202410111200;19.0;1;375.0;35.0;410.0
202410111300;19.0;1;384.0;25.0;409.0
202410111400;19.0;1;402.0;15.0;417.0
202410111500;19.0;1;410.0;48.0;458.0
202410111600;19.0;1;410.0;81.0;491.0
202410111700;19.0;1;409.0;82.0;491.0
202410111800;19.0;1;417.0;62.0;479.0
202410111900;19.0;1;458.0;34.0;492.0
202410112000;19.0;1;491.0;29.0;520.0
202410112100;19.0;1;491.0;47.0;538.0
202410112200;19.0;1;479.0;101.0;580.0
202410112300;19.0;1;492.0;125.0;617.0
202410120000;19.0;1;520.0;113.0;633.0
202410120100;19.0;1;538.0;107.0;645.0
202410120200;19.0;1;580.0;71.0;651.0
202410120300;19.0;1;617.0;45.0;662.0
202410120400;19.0;1;633.0;49.0;682.0
202410120500;19.0;1;645.0;61.0;706.0
202410120600;19.0;1;651.0;74.0;725.0
202410120700;19.0;1;662.0;77.0;739.0
202410120800;19.0;1;682.0;64.0;746.0
202410120900;19.0;1;706.0;43.0;749.0
202410121000;19.0;1;725.0;24.0;749.0
202410121100;19.0;1;739.0;8.0;747.0
202410121200;19.0;1;746.0;-6.0;740.0
202410121300;19.0;1;749.0;-22.0;727.0
202410121400;19.0;1;749.0;-24.0;725.0
202410121500;19.0;1;747.0;-20.0;727.0
202410121600;19.0;1;740.0;-16.0;724.0
202410121700;19.0;1;727.0;-9.0;718.0
202410121800;19.0;1;725.0;-10.0;715.0
202410121900;19.0;1;727.0;-14.0;713.0
202410122000;19.0;1;724.0;-15.0;709.0
202410122100;19.0;1;718.0;-21.0;697.0
202410122200;19.0;1;715.0;-37.0;678.0
202410122300;19.0;1;713.0;-49.0;664.0
202410130000;19.0;1;709.0;-52.0;657.0
202410130100;19.0;1;697.0;-43.0;654.0
202410130200;19.0;1;678.0;-26.0;652.0
202410130300;19.0;1;664.0;-14.0;650.0
202410130400;19.0;1;657.0;-12.0;645.0
202410130500;19.0;1;654.0;-23.0;631.0
202410130600;19.0;1;652.0;-38.0;614.0
202410130700;19.0;1;650.0;-56.0;594.0
202410130800;19.0;1;645.0;-70.0;575.0
202410130900;19.0;1;631.0;-62.0;569.0
202410131000;19.0;1;614.0;-35.0;579.0
202410131100;19.0;1;594.0;-8.0;586.0
202410131200;19.0;1;575.0;-8.0;567.0
202410131300;19.0;1;569.0;-31.0;538.0
202410131400;19.0;1;579.0;-65.0;514.0
202410131500;19.0;1;586.0;-77.0;509.0
202410131600;19.0;1;567.0;-44.0;523.0
202410131700;19.0;1;538.0;-1.0;537.0
202410131800;19.0;1;514.0;34.0;548.0
202410131900;19.0;1;509.0;40.0;549.0
202410132000;19.0;1;523.0;22.0;545.0
202410132100;19.0;1;537.0;-4.0;533.0
202410132200;19.0;1;548.0;-30.0;518.0
202410132300;19.0;1;549.0;-44.0;505.0
202410140000;19.0;1;545.0;-47.0;498.0
202410140100;19.0;1;533.0;-37.0;496.0
202410140200;19.0;1;518.0;-19.0;499.0
202410140300;19.0;1;505.0;-3.0;502.0
202410140400;19.0;1;498.0;3.0;501.0
202410140500;19.0;1;496.0;-4.0;492.0
202410140600;19.0;1;499.0;-23.0;476.0
202410140700;19.0;1;502.0;-43.0;459.0
202410140800;19.0;1;501.0;-53.0;448.0
202410140900;19.0;1;492.0;-48.0;444.0
202410141000;19.0;1;476.0;-24.0;452.0
202410141100;19.0;1;459.0;2.0;461.0
202410141200;19.0;1;448.0;16.0;464.0
202410141300;19.0;1;444.0;15.0;459.0
202410141400;19.0;1;452.0;-9.0;443.0
202410141500;19.0;1;461.0;-39.0;422.0
202410141600;19.0;1;464.0;-49.0;415.0
202410141700;19.0;1;459.0;-33.0;426.0
202410141800;19.0;1;443.0;4.0;447.0
202410141900;19.0;1;422.0;31.0;453.0
202410142000;19.0;1;415.0;32.0;447.0
202410142100;19.0;1;426.0;10.0;436.0
202410142200;19.0;1;447.0;-21.0;426.0
202410142300;19.0;1;453.0;-32.0;421.0
202410150000;19.0;1;447.0;-29.0;418.0
202410150100;19.0;1;436.0;-19.0;417.0
202410150200;19.0;1;426.0;-9.0;417.0
202410150300;19.0;1;421.0;-5.0;416.0
202410150400;19.0;1;418.0;-2.0;416.0
202410150500;19.0;1;417.0;-2.0;415.0
202410150600;19.0;1;417.0;-3.0;414.0
202410150700;19.0;1;416.0;-3.0;413.0
202410150800;19.0;1;416.0;-8.0;408.0
202410150900;19.0;1;415.0;-17.0;398.0
202410151000;19.0;1;414.0;-25.0;389.0
202410151100;19.0;1;413.0;-26.0;387.0
202410151200;19.0;1;408.0;-18.0;390.0
202410151300;19.0;1;398.0;-5.0;393.0
202506181000;20.0;1;963.0;-30.0;933.0
202506181100;20.0;1;957.0;-26.0;931.0
202506181200;20.0;1;948.0;-11.0;937.0
202506181300;20.0;1;939.0;20.0;959.0
202506181400;20.0;1;933.0;54.0;987.0
202506181500;20.0;1;931.0;81.0;1012.0
202506181600;20.0;1;937.0;103.0;1040.0
202506181700;20.0;1;959.0;110.0;1069.0
202506181800;20.0;1;987.0;99.0;1086.0
202506181900;20.0;1;1012.0;77.0;1089.0
202506182000;20.0;1;1040.0;41.0;1081.0
202506182100;20.0;1;1069.0;-9.0;1060.0
202506182200;20.0;1;1086.0;-45.0;1041.0
202506182300;20.0;1;1089.0;-45.0;1044.0
202506190000;20.0;1;1081.0;-30.0;1051.0
202506190100;20.0;1;1060.0;-7.0;1053.0
202506190200;20.0;1;1041.0;10.0;1051.0
202506190300;20.0;1;1044.0;1.0;1045.0
202506190400;20.0;1;1051.0;-17.0;1034.0
202506190500;20.0;1;1053.0;-34.0;1019.0
202506190600;20.0;1;1051.0;-47.0;1004.0
202506190700;20.0;1;1045.0;-51.0;994.0
202506190800;20.0;1;1034.0;-56.0;978.0
202506190900;20.0;1;1019.0;-57.0;962.0
202506191000;20.0;1;1004.0;-56.0;948.0
202506191100;20.0;1;994.0;-58.0;936.0
202506191200;20.0;1;978.0;-54.0;924.0
202506191300;20.0;1;962.0;-51.0;911.0
202506191400;20.0;1;948.0;-51.0;897.0
202506191500;20.0;1;936.0;-71.0;865.0
202506191600;20.0;1;924.0;-91.0;833.0
202506191700;20.0;1;911.0;-90.0;821.0
202506191800;20.0;1;897.0;-75.0;822.0
202506191900;20.0;1;865.0;-41.0;824.0
202506192000;20.0;1;833.0;-10.0;823.0
202506192100;20.0;1;821.0;0.0;821.0
202506192200;20.0;1;822.0;-4.0;818.0
202506192300;20.0;1;824.0;-10.0;814.0
202506200000;20.0;1;823.0;-11.0;812.0
202506200100;20.0;1;821.0;-11.0;810.0
202506200200;20.0;1;818.0;-9.0;809.0
202506200300;20.0;1;814.0;-2.0;812.0
202506200400;20.0;1;812.0;1.0;813.0
202506200500;20.0;1;810.0;5.0;815.0
202506200600;20.0;1;809.0;7.0;816.0
202506200700;20.0;1;812.0;7.0;819.0
202506200800;20.0;1;813.0;10.0;823.0
202506200900;20.0;1;815.0;10.0;825.0
202506201000;20.0;1;816.0;12.0;828.0
202506201100;20.0;1;819.0;11.0;830.0
202506201200;20.0;1;823.0;7.0;830.0
202506201300;20.0;1;825.0;5.0;830.0
202506201400;20.0;1;828.0;-2.0;826.0
202506201500;20.0;1;830.0;-7.0;823.0
202506201600;20.0;1;830.0;-12.0;818.0
202506201700;20.0;1;830.0;-16.0;814.0
202506201800;20.0;1;826.0;-19.0;807.0
202506201900;20.0;1;823.0;-21.0;802.0
202506202000;20.0;1;818.0;-20.0;798.0
202506202100;20.0;1;814.0;-22.0;792.0
202506202200;20.0;1;807.0;-21.0;786.0
202506202300;20.0;1;802.0;-21.0;781.0
202506210000;20.0;1;798.0;-24.0;774.0
202506210100;20.0;1;792.0;-23.0;769.0
202506210200;20.0;1;786.0;-23.0;763.0
202506210300;20.0;1;781.0;-25.0;756.0
202506210400;20.0;1;774.0;-24.0;750.0
202506210500;20.0;1;769.0;-25.0;744.0
202506210600;20.0;1;763.0;-25.0;738.0
202506210700;20.0;1;756.0;-25.0;731.0
202506210800;20.0;1;750.0;-26.0;724.0
202506210900;20.0;1;744.0;-30.0;714.0
202506211000;20.0;1;738.0;-50.0;688.0
202506211100;20.0;1;731.0;-73.0;658.0
202506211200;20.0;1;724.0;-85.0;639.0
202506211300;20.0;1;714.0;-81.0;633.0
202506211400;20.0;1;688.0;-42.0;646.0
202506211500;20.0;1;658.0;1.0;659.0
202506211600;20.0;1;639.0;27.0;666.0
202506211700;20.0;1;633.0;34.0;667.0
202506211800;20.0;1;646.0;15.0;661.0
202506211900;20.0;1;659.0;-11.0;648.0
202506212000;20.0;1;666.0;-35.0;631.0
202506212100;20.0;1;667.0;-45.0;622.0
202506212200;20.0;1;661.0;-43.0;618.0
202506212300;20.0;1;648.0;-33.0;615.0
202506220000;20.0;1;631.0;-19.0;612.0
202506220100;20.0;1;622.0;-15.0;607.0
202506220200;20.0;1;618.0;-15.0;603.0
202506220300;20.0;1;615.0;-17.0;598.0
202506220400;20.0;1;612.0;-19.0;593.0
202506220500;20.0;1;607.0;-20.0;587.0
202506220600;20.0;1;603.0;-21.0;582.0
202506220700;20.0;1;598.0;-21.0;577.0
202506220800;20.0;1;593.0;-21.0;572.0
202506220900;20.0;1;587.0;-19.0;568.0
202506221000;20.0;1;582.0;-19.0;563.0
202506221100;20.0;1;577.0;-19.0;558.0
202506221200;20.0;1;572.0;-18.0;554.0
202506221300;20.0;1;568.0;-18.0;550.0
202506221400;20.0;1;563.0;-17.0;546.0
202506221500;20.0;1;558.0;-17.0;541.0
202506221600;20.0;1;554.0;-16.0;538.0
202506221700;20.0;1;550.0;-14.0;536.0
202506221800;20.0;1;546.0;-14.0;532.0
202506221900;20.0;1;541.0;-12.0;529.0
202506222000;20.0;1;538.0;-9.0;529.0
202506222100;20.0;1;536.0;-6.0;530.0
202506222200;20.0;1;532.0;4.0;536.0
202506222300;20.0;1;529.0;16.0;545.0
202506230000;20.0;1;529.0;27.0;556.0
202506230100;20.0;1;530.0;41.0;571.0
202506230300;20.0;1;545.0;79.0;624.0
202506230400;20.0;1;556.0;99.0;655.0
202506230500;20.0;1;571.0;117.0;688.0
202506231200;20.0;1;852.0;152.0;1004.0
202506231300;20.0;1;897.0;131.0;1028.0
202506261000;21.0;2;507.0;-15.0;492.0
202506261100;21.0;2;503.0;-13.0;490.0
202506261200;21.0;2;499.0;-12.0;487.0
202506261300;21.0;2;496.0;-11.0;485.0
202506261400;21.0;2;492.0;-9.0;483.0
202506261500;21.0;2;490.0;-10.0;480.0
202506261600;21.0;2;487.0;-9.0;478.0
202506261700;21.0;2;485.0;-8.0;477.0
202506261800;21.0;2;483.0;-7.0;476.0
202506261900;21.0;2;480.0;-5.0;475.0
202506262000;21.0;2;478.0;-4.0;474.0
202506262100;21.0;2;477.0;-4.0;473.0
202506262200;21.0;2;476.0;-3.0;473.0
202506262300;21.0;2;475.0;-3.0;472.0
202506270000;21.0;2;474.0;-2.0;472.0
202506270100;21.0;2;473.0;-1.0;472.0
202506270200;21.0;2;473.0;-1.0;472.0
202506270300;21.0;2;472.0;1.0;473.0
202506270400;21.0;2;472.0;1.0;473.0
202506270500;21.0;2;472.0;1.0;473.0
202506270600;21.0;2;472.0;1.0;473.0
202506270700;21.0;2;473.0;1.0;474.0
202506270800;21.0;2;473.0;2.0;475.0
202506270900;21.0;2;473.0;3.0;476.0
202506271000;21.0;2;473.0;3.0;476.0
202506271100;21.0;2;474.0;-4.0;470.0
202506271200;21.0;2;475.0;-16.0;459.0
202506271300;21.0;2;476.0;-20.0;456.0
202506271400;21.0;2;476.0;-4.0;472.0
202506271500;21.0;2;470.0;20.0;490.0
202506271600;21.0;2;459.0;40.0;499.0
202506271700;21.0;2;456.0;44.0;500.0
202506271800;21.0;2;472.0;26.0;498.0
202506271900;21.0;2;490.0;5.0;495.0
202506272000;21.0;2;499.0;-8.0;491.0
202506272100;21.0;2;500.0;-11.0;489.0
202506272200;21.0;2;498.0;-10.0;488.0
202506272300;21.0;2;495.0;-7.0;488.0
202506280000;21.0;2;491.0;-3.0;488.0
202506280100;21.0;2;489.0;-2.0;487.0
202506280200;21.0;2;488.0;-3.0;485.0
202506280300;21.0;2;488.0;-4.0;484.0
202506280400;21.0;2;488.0;-4.0;484.0
202506280500;21.0;2;487.0;-4.0;483.0
202506280600;21.0;2;485.0;-4.0;481.0
202506280700;21.0;2;484.0;-4.0;480.0
202506280800;21.0;2;484.0;-6.0;478.0
202506280900;21.0;2;483.0;-9.0;474.0
202506281000;21.0;2;481.0;-11.0;470.0
202506281100;21.0;2;480.0;-11.0;469.0
202506281200;21.0;2;478.0;-10.0;468.0
202506281300;21.0;2;474.0;-9.0;465.0
202506281400;21.0;2;470.0;-10.0;460.0
202506281500;21.0;2;469.0;-16.0;453.0
202506281600;21.0;2;468.0;-16.0;452.0
202506281700;21.0;2;465.0;-9.0;456.0
202506281800;21.0;2;460.0;7.0;467.0
202506281900;21.0;2;453.0;29.0;482.0
202506282000;21.0;2;452.0;49.0;501.0
202506282100;21.0;2;456.0;73.0;529.0
202506282200;21.0;2;467.0;105.0;572.0
202506282300;21.0;2;482.0;152.0;634.0
202506290000;21.0;2;501.0;190.0;691.0
202506290100;21.0;2;529.0;237.0;766.0
202506290200;21.0;2;572.0;263.0;835.0
202506290300;21.0;2;634.0;262.0;896.0
202506290400;21.0;2;691.0;289.0;980.0
202506290500;21.0;2;766.0;288.0;1054.0
202506290600;21.0;2;835.0;266.0;1101.0
202506290700;21.0;2;896.0;238.0;1134.0
202506290800;21.0;2;980.0;172.0;1152.0
202506290900;21.0;2;1054.0;122.0;1176.0
202506291000;21.0;2;1101.0;107.0;1208.0
202506291100;21.0;2;1134.0;111.0;1245.0
202506291200;21.0;2;1152.0;123.0;1275.0
202506291300;21.0;2;1176.0;121.0;1297.0
202506291400;21.0;2;1208.0;106.0;1314.0
202506291500;21.0;2;1245.0;78.0;1323.0
202506291600;21.0;2;1275.0;55.0;1330.0
202506291700;21.0;2;1297.0;35.0;1332.0
202506291800;21.0;2;1314.0;17.0;1331.0
202506291900;21.0;2;1323.0;0.0;1323.0
202506292000;21.0;2;1330.0;-16.0;1314.0
202506292100;21.0;2;1332.0;-31.0;1301.0
202506292200;21.0;2;1331.0;-49.0;1282.0
202506292300;21.0;2;1323.0;-62.0;1261.0
202506300000;21.0;2;1314.0;-78.0;1236.0
202506300100;21.0;2;1301.0;-90.0;1211.0
202506300200;21.0;2;1282.0;-95.0;1187.0
202506300300;21.0;2;1261.0;-100.0;1161.0
202506300400;21.0;2;1236.0;-97.0;1139.0
202506300500;21.0;2;1211.0;-94.0;1117.0
202506300600;21.0;2;1187.0;-93.0;1094.0
202506300700;21.0;2;1161.0;-87.0;1074.0
202506300800;21.0;2;1139.0;-85.0;1054.0
202506300900;21.0;2;1117.0;-82.0;1035.0
202506301000;21.0;2;1094.0;-79.0;1015.0
202506301100;21.0;2;1074.0;-79.0;995.0
202506301200;21.0;2;1054.0;-77.0;977.0
202506301300;21.0;2;1035.0;-71.0;964.0
202506301400;21.0;2;1015.0;-56.0;959.0
202507030400;22.0;1;509.0;-12.0;497.0
202507030500;22.0;1;506.0;-11.0;495.0
202507030600;22.0;1;503.0;-11.0;492.0
202507030700;22.0;1;500.0;-11.0;489.0
202507030800;22.0;1;497.0;-10.0;487.0
202507030900;22.0;1;495.0;-11.0;484.0
202507031000;22.0;1;492.0;-13.0;479.0
202507031100;22.0;1;489.0;-32.0;457.0
202507031200;22.0;1;487.0;-55.0;432.0
202507031300;22.0;1;484.0;-62.0;422.0
202507031400;22.0;1;479.0;-40.0;439.0
202507031500;22.0;1;457.0;-3.0;454.0
202507031600;22.0;1;432.0;31.0;463.0
202507031700;22.0;1;422.0;48.0;470.0
202507031800;22.0;1;439.0;35.0;474.0
202507031900;22.0;1;454.0;20.0;474.0
202507032000;22.0;1;463.0;9.0;472.0
202507032100;22.0;1;470.0;0.0;470.0
202507032200;22.0;1;474.0;-6.0;468.0
202507032300;22.0;1;474.0;-8.0;466.0
202507040000;22.0;1;472.0;-9.0;463.0
202507040100;22.0;1;470.0;-10.0;460.0
202507040200;22.0;1;468.0;-12.0;456.0
202507040300;22.0;1;466.0;-14.0;452.0
202507040400;22.0;1;463.0;-14.0;449.0
202507040500;22.0;1;460.0;-14.0;446.0
202507040600;22.0;1;456.0;-13.0;443.0
202507040700;22.0;1;452.0;-11.0;441.0
202507040800;22.0;1;449.0;-11.0;438.0
202507040900;22.0;1;446.0;-10.0;436.0
202507041000;22.0;1;443.0;-19.0;424.0
202507041100;22.0;1;441.0;-38.0;403.0
202507041200;22.0;1;438.0;-50.0;388.0
202507041300;22.0;1;436.0;-44.0;392.0
202507041400;22.0;1;424.0;-16.0;408.0
202507041500;22.0;1;403.0;14.0;417.0
202507041600;22.0;1;388.0;36.0;424.0
202509091600;23.0;1;407.0;157.0;564.0
202509091700;23.0;1;433.0;146.0;579.0
202509091800;23.0;1;471.0;123.0;594.0
202509091900;23.0;1;530.0;72.0;602.0
202509092000;23.0;1;564.0;48.0;612.0
202509092100;23.0;1;579.0;46.0;625.0
202509092200;23.0;1;594.0;36.0;630.0
202509092300;23.0;1;602.0;28.0;630.0
202509100000;23.0;1;612.0;17.0;629.0
202509100100;23.0;1;625.0;2.0;627.0
202509100200;23.0;1;630.0;-4.0;626.0
202509100300;23.0;1;630.0;-4.0;626.0
202509100400;23.0;1;629.0;-4.0;625.0
202509100500;23.0;1;627.0;-2.0;625.0
202509100600;23.0;1;626.0;-16.0;610.0
202509100700;23.0;1;626.0;-36.0;590.0
202509100800;23.0;1;625.0;-36.0;589.0
202509100900;23.0;1;625.0;-24.0;601.0
202509101000;23.0;1;610.0;-8.0;602.0
202509101100;23.0;1;590.0;8.0;598.0
202509101200;23.0;1;589.0;5.0;594.0
202509101300;23.0;1;601.0;-11.0;590.0
202509101400;23.0;1;602.0;-1.0;601.0
202509101500;23.0;1;598.0;18.0;616.0
202509101600;23.0;1;594.0;24.0;618.0
202509101700;23.0;1;590.0;24.0;614.0
202509101800;23.0;1;601.0;8.0;609.0
202509101900;23.0;1;616.0;-13.0;603.0
202509102000;23.0;1;618.0;-20.0;598.0
202509102100;23.0;1;614.0;-23.0;591.0
202509102200;23.0;1;609.0;-27.0;582.0
202509102300;23.0;1;603.0;-31.0;572.0
202509110000;23.0;1;598.0;-35.0;563.0
202509110100;23.0;1;591.0;-37.0;554.0
202509110200;23.0;1;582.0;-36.0;546.0
202509110300;23.0;1;572.0;-33.0;539.0
202509110400;23.0;1;563.0;-32.0;531.0
202509110500;23.0;1;554.0;-30.0;524.0
202509110600;23.0;1;546.0;-43.0;503.0
202509110700;23.0;1;539.0;-69.0;470.0
202509110800;23.0;1;531.0;-81.0;450.0
202509110900;23.0;1;524.0;-80.0;444.0
202509111000;23.0;1;503.0;-58.0;445.0
202509111100;23.0;1;470.0;-25.0;445.0
202509111200;23.0;1;450.0;-6.0;444.0
202509111300;23.0;1;444.0;-3.0;441.0
202509111400;23.0;1;445.0;7.0;452.0
202509111500;23.0;1;445.0;40.0;485.0
202509111600;23.0;1;444.0;54.0;498.0
202509111700;23.0;1;441.0;57.0;498.0
202509111800;23.0;1;452.0;35.0;487.0
202509111900;23.0;1;485.0;-7.0;478.0
202509112000;23.0;1;498.0;-25.0;473.0
202509112100;23.0;1;498.0;-29.0;469.0
202509112200;23.0;1;487.0;-22.0;465.0
202509112300;23.0;1;478.0;-18.0;460.0
202509120000;23.0;1;473.0;-19.0;454.0
202509120100;23.0;1;469.0;-21.0;448.0
202509120200;23.0;1;465.0;-23.0;442.0
202509120300;23.0;1;460.0;-23.0;437.0
202509120400;23.0;1;454.0;-21.0;433.0
202509120500;23.0;1;448.0;-19.0;429.0
202509120600;23.0;1;442.0;-17.0;425.0
202509120700;23.0;1;437.0;-15.0;422.0
202509120800;23.0;1;433.0;-23.0;410.0
202509120900;23.0;1;429.0;-51.0;378.0
202509121000;23.0;1;425.0;-75.0;350.0
202509121100;23.0;1;422.0;-86.0;336.0
202509121200;23.0;1;410.0;-75.0;335.0
202509121300;23.0;1;378.0;-34.0;344.0
202509211500;24.0;1;207.0;13.0;220.0
202509211600;24.0;1;208.0;46.0;254.0
202509211700;24.0;1;212.0;91.0;303.0
202509211800;24.0;1;215.0;136.0;351.0
202509211900;24.0;1;220.0;145.0;365.0
202509212000;24.0;1;254.0;119.0;373.0
202509212100;24.0;1;303.0;81.0;384.0
202509212200;24.0;1;351.0;44.0;395.0
202509212300;24.0;1;365.0;35.0;400.0
202509220000;24.0;1;373.0;29.0;402.0
202509220100;24.0;1;384.0;21.0;405.0
202509220200;24.0;1;395.0;14.0;409.0
202509220300;24.0;1;400.0;18.0;418.0
202509220400;24.0;1;402.0;34.0;436.0
202509220500;24.0;1;405.0;51.0;456.0
202509220600;24.0;1;409.0;79.0;488.0
202509220700;24.0;1;418.0;114.0;532.0
202509220800;24.0;1;436.0;128.0;564.0
202509220900;24.0;1;456.0;146.0;602.0
202509221000;24.0;1;488.0;148.0;636.0
202509221100;24.0;1;532.0;136.0;668.0
202509221200;24.0;1;564.0;130.0;694.0
202509221300;24.0;1;602.0;127.0;729.0
202509221400;24.0;1;636.0;121.0;757.0
202509221500;24.0;1;668.0;104.0;772.0
202509221600;24.0;1;694.0;90.0;784.0
202509221700;24.0;1;729.0;64.0;793.0
202509221800;24.0;1;757.0;42.0;799.0
202509221900;24.0;1;772.0;29.0;801.0
202509222000;24.0;1;784.0;17.0;801.0
202509222100;24.0;1;793.0;4.0;797.0
202509222200;24.0;1;799.0;-8.0;791.0
202509222300;24.0;1;801.0;-16.0;785.0
202509230000;24.0;1;801.0;-21.0;780.0
202509230100;24.0;1;797.0;-19.0;778.0
202509230200;24.0;1;791.0;-7.0;784.0
202509230300;24.0;1;785.0;0.0;785.0
202509230400;24.0;1;780.0;3.0;783.0
202509230500;24.0;1;778.0;1.0;779.0
202509230600;24.0;1;784.0;-10.0;774.0
202509230700;24.0;1;785.0;-14.0;771.0
202509230800;24.0;1;783.0;-18.0;765.0
202509230900;24.0;1;779.0;-22.0;757.0
202509231000;24.0;1;774.0;-27.0;747.0
202509231100;24.0;1;771.0;-35.0;736.0
202509231200;24.0;1;765.0;-39.0;726.0
202509231300;24.0;1;757.0;-38.0;719.0
202509231400;24.0;1;747.0;-29.0;718.0
202509231500;24.0;1;736.0;-15.0;721.0
202509231600;24.0;1;726.0;-5.0;721.0
202509231700;24.0;1;719.0;-3.0;716.0
202509231800;24.0;1;718.0;-19.0;699.0
202509231900;24.0;1;721.0;-42.0;679.0
202509232000;24.0;1;721.0;-57.0;664.0
202509232100;24.0;1;716.0;-64.0;652.0
202509232200;24.0;1;699.0;-55.0;644.0
202509232300;24.0;1;679.0;-42.0;637.0
202509240000;24.0;1;664.0;-35.0;629.0
202509240100;24.0;1;652.0;-34.0;618.0
202509240200;24.0;1;644.0;-33.0;611.0
202509240300;24.0;1;637.0;-32.0;605.0
202509240400;24.0;1;629.0;-33.0;596.0
202509240500;24.0;1;618.0;-31.0;587.0
202509240600;24.0;1;611.0;-39.0;572.0
202509240700;24.0;1;605.0;-67.0;538.0
202509240800;24.0;1;596.0;-79.0;517.0
202509240900;24.0;1;587.0;-81.0;506.0
202509241000;24.0;1;572.0;-69.0;503.0
202509241100;24.0;1;538.0;-32.0;506.0
202509241200;24.0;1;517.0;4.0;521.0
202509241300;24.0;1;506.0;44.0;550.0
202509241400;24.0;1;503.0;63.0;566.0
202509241500;24.0;1;506.0;65.0;571.0
202509241600;24.0;1;521.0;48.0;569.0
202509241700;24.0;1;550.0;13.0;563.0
202509241800;24.0;1;566.0;-19.0;547.0
202509241900;24.0;1;571.0;-37.0;534.0
202509242000;24.0;1;569.0;-48.0;521.0
202509242100;24.0;1;563.0;-52.0;511.0
202509242200;24.0;1;547.0;-44.0;503.0
202509242300;24.0;1;534.0;-38.0;496.0
202509250000;24.0;1;521.0;-31.0;490.0
202509250100;24.0;1;511.0;-27.0;484.0
202509250200;24.0;1;503.0;-24.0;479.0
202509250300;24.0;1;496.0;-22.0;474.0
202509250400;24.0;1;490.0;-23.0;467.0
202509250500;24.0;1;484.0;-23.0;461.0
202509250600;24.0;1;479.0;-21.0;458.0
202509250700;24.0;1;474.0;-29.0;445.0
202509250800;24.0;1;467.0;-52.0;415.0
202509250900;24.0;1;461.0;-70.0;391.0
202509251000;24.0;1;458.0;-84.0;374.0
202509251100;24.0;1;445.0;-80.0;365.0
202509251200;24.0;1;415.0;-55.0;360.0
202509251300;24.0;1;391.0;-15.0;376.0
202510011400;25.0;1;317.0;85.0;402.0
202510011500;25.0;1;317.0;135.0;452.0
202510011600;25.0;1;323.0;162.0;485.0
202510011700;25.0;1;343.0;161.0;504.0
202510011800;25.0;1;402.0;118.0;520.0
202510011900;25.0;1;452.0;68.0;520.0
202510012000;25.0;1;485.0;30.0;515.0
202510012100;25.0;1;504.0;4.0;508.0
202510012200;25.0;1;520.0;-20.0;500.0
202510012300;25.0;1;520.0;-27.0;493.0
202510020000;25.0;1;515.0;-28.0;487.0
202510020100;25.0;1;508.0;-41.0;467.0
202510020200;25.0;1;500.0;-61.0;439.0
202510020300;25.0;1;493.0;-68.0;425.0
202510020400;25.0;1;487.0;-45.0;442.0
202510020500;25.0;1;467.0;17.0;484.0
202510020600;25.0;1;439.0;54.0;493.0
202510020700;25.0;1;425.0;66.0;491.0
202510020800;25.0;1;442.0;51.0;493.0
202510020900;25.0;1;484.0;11.0;495.0
202510021000;25.0;1;493.0;3.0;496.0
202510021100;25.0;1;491.0;-3.0;488.0
202510021200;25.0;1;493.0;-15.0;478.0
202510021300;25.0;1;495.0;-24.0;471.0
202510021400;25.0;1;496.0;-25.0;471.0
202510021500;25.0;1;488.0;-12.0;476.0
202510021600;25.0;1;478.0;22.0;500.0
202510021700;25.0;1;471.0;48.0;519.0
202510021800;25.0;1;471.0;57.0;528.0
202510021900;25.0;1;476.0;50.0;526.0
202510022000;25.0;1;500.0;19.0;519.0
202510022100;25.0;1;519.0;-9.0;510.0
202510022200;25.0;1;528.0;-28.0;500.0
202510022300;25.0;1;526.0;-36.0;490.0
202510030000;25.0;1;519.0;-41.0;478.0
202510030100;25.0;1;510.0;-62.0;448.0
202510030200;25.0;1;500.0;-85.0;415.0
202510030300;25.0;1;490.0;-90.0;400.0
202510030400;25.0;1;478.0;-75.0;403.0
202510030500;25.0;1;448.0;-38.0;410.0
202510030600;25.0;1;415.0;-2.0;413.0
202510030700;25.0;1;400.0;10.0;410.0
202510061400;26.0;1;333.0;83.0;416.0
202510061500;26.0;1;333.0;112.0;445.0
202510061600;26.0;1;336.0;125.0;461.0
202510061700;26.0;1;366.0;107.0;473.0
202510061800;26.0;1;416.0;65.0;481.0
202510061900;26.0;1;445.0;40.0;485.0
202510062000;26.0;1;461.0;26.0;487.0
202510062100;26.0;1;473.0;14.0;487.0
202510062200;26.0;1;481.0;3.0;484.0
202510062300;26.0;1;485.0;-5.0;480.0
202510070000;26.0;1;487.0;-10.0;477.0
202510070100;26.0;1;487.0;-11.0;476.0
202510070200;26.0;1;484.0;-7.0;477.0
202510070300;26.0;1;480.0;0.0;480.0
202510070400;26.0;1;477.0;8.0;485.0
202510070500;26.0;1;476.0;13.0;489.0
202510070600;26.0;1;477.0;17.0;494.0
202510070700;26.0;1;480.0;18.0;498.0
202510070800;26.0;1;485.0;0.0;485.0
202510070900;26.0;1;489.0;-19.0;470.0
202510071000;26.0;1;494.0;-29.0;465.0
202510071100;26.0;1;498.0;-35.0;463.0
202510071200;26.0;1;485.0;-19.0;466.0
202510071300;26.0;1;470.0;1.0;471.0
202510071400;26.0;1;465.0;27.0;492.0
202510071500;26.0;1;463.0;70.0;533.0
202510071600;26.0;1;466.0;89.0;555.0
202510071700;26.0;1;471.0;98.0;569.0
202510071800;26.0;1;492.0;82.0;574.0
202510071900;26.0;1;533.0;38.0;571.0
202510072000;26.0;1;555.0;11.0;566.0
202510072100;26.0;1;569.0;-10.0;559.0
202510072200;26.0;1;574.0;-22.0;552.0
202510072300;26.0;1;571.0;-25.0;546.0
202510080000;26.0;1;566.0;-27.0;539.0
202510080100;26.0;1;559.0;-25.0;534.0
202510080200;26.0;1;552.0;-25.0;527.0
202510080300;26.0;1;546.0;-25.0;521.0
202510080400;26.0;1;539.0;-22.0;517.0
202510080500;26.0;1;534.0;-22.0;512.0
202510080600;26.0;1;527.0;-19.0;508.0
202510080700;26.0;1;521.0;-19.0;502.0
202510080800;26.0;1;517.0;-35.0;482.0
202510080900;26.0;1;512.0;-59.0;453.0
202510081000;26.0;1;508.0;-70.0;438.0
202510081100;26.0;1;502.0;-64.0;438.0
202510081200;26.0;1;482.0;-39.0;443.0
202510081300;26.0;1;453.0;-7.0;446.0
202510081400;26.0;1;438.0;9.0;447.0
202510081500;26.0;1;438.0;26.0;464.0
202510081600;26.0;1;443.0;49.0;492.0
202510081700;26.0;1;446.0;54.0;500.0
202510081800;26.0;1;447.0;45.0;492.0
202510081900;26.0;1;464.0;17.0;481.0
202510082000;26.0;1;492.0;-19.0;473.0
202510082100;26.0;1;500.0;-32.0;468.0
202510082200;26.0;1;492.0;-27.0;465.0
202510082300;26.0;1;481.0;-20.0;461.0
202510090000;26.0;1;473.0;-16.0;457.0
202510090100;26.0;1;468.0;-16.0;452.0
202510090300;26.0;1;461.0;-19.0;442.0
202510090400;26.0;1;457.0;-19.0;438.0
202510090500;26.0;1;452.0;-19.0;433.0
202510091200;26.0;1;409.0;-85.0;324.0
202510091300;26.0;1;376.0;-58.0;318.0
202511071700;27.0;1;197.0;144.0;341.0
202511071800;27.0;1;210.0;207.0;417.0
202511071900;27.0;1;230.0;266.0;496.0
202511072000;27.0;1;267.0;265.0;532.0
202511072100;27.0;1;341.0;197.0;538.0
202511072200;27.0;1;417.0;119.0;536.0
202511072300;27.0;1;496.0;29.0;525.0
202511080000;27.0;1;532.0;-16.0;516.0
202511080100;27.0;1;538.0;-5.0;533.0
202511080200;27.0;1;536.0;55.0;591.0
202511080300;27.0;1;525.0;146.0;671.0
202511080400;27.0;1;516.0;232.0;748.0
202511080500;27.0;1;533.0;250.0;783.0
202511080600;27.0;1;591.0;198.0;789.0
202511080700;27.0;1;671.0;104.0;775.0
202511080800;27.0;1;748.0;20.0;768.0
202511080900;27.0;1;783.0;-18.0;765.0
202511081000;27.0;1;789.0;-23.0;766.0
202511081100;27.0;1;775.0;-6.0;769.0
202511081200;27.0;1;768.0;5.0;773.0
202511081300;27.0;1;765.0;15.0;780.0
202511081400;27.0;1;766.0;25.0;791.0
202511081500;27.0;1;769.0;39.0;808.0
202511081600;27.0;1;773.0;54.0;827.0
202511081700;27.0;1;780.0;61.0;841.0
202511081800;27.0;1;791.0;59.0;850.0
202511081900;27.0;1;808.0;43.0;851.0
202511082000;27.0;1;827.0;21.0;848.0
202511082100;27.0;1;841.0;-2.0;839.0
202511082200;27.0;1;850.0;-24.0;826.0
202511082300;27.0;1;851.0;-39.0;812.0
202511090000;27.0;1;848.0;-50.0;798.0
202511090100;27.0;1;839.0;-54.0;785.0
202511090200;27.0;1;826.0;-53.0;773.0
202511090300;27.0;1;812.0;-53.0;759.0
202511090400;27.0;1;798.0;-69.0;729.0
202511090500;27.0;1;785.0;-103.0;682.0
202511090600;27.0;1;773.0;-121.0;652.0
202511090700;27.0;1;759.0;-118.0;641.0
202511090800;27.0;1;729.0;-92.0;637.0
202511090900;27.0;1;682.0;-47.0;635.0
202511091000;27.0;1;652.0;-18.0;634.0
202511091100;27.0;1;641.0;-9.0;632.0
202511091200;27.0;1;637.0;-8.0;629.0
202511091300;27.0;1;635.0;-10.0;625.0
202511091400;27.0;1;634.0;-11.0;623.0
202511091500;27.0;1;632.0;3.0;635.0
202511091600;27.0;1;629.0;0.0;629.0
202511091700;27.0;1;625.0;-2.0;623.0
202511091800;27.0;1;623.0;-5.0;618.0
202511091900;27.0;1;635.0;-26.0;609.0
202511092000;27.0;1;629.0;-31.0;598.0
202511092100;27.0;1;623.0;-36.0;587.0
202511092200;27.0;1;618.0;-39.0;579.0
202511092300;27.0;1;609.0;-35.0;574.0
202511100000;27.0;1;598.0;-29.0;569.0
202511100100;27.0;1;587.0;-25.0;562.0
202511100200;27.0;1;579.0;-25.0;554.0
202511100300;27.0;1;574.0;-34.0;540.0
202511100400;27.0;1;569.0;-65.0;504.0
202511100500;27.0;1;562.0;-87.0;475.0
202511100600;27.0;1;554.0;-96.0;458.0
202511100700;27.0;1;540.0;-94.0;446.0
202511100800;27.0;1;504.0;-65.0;439.0
202511100900;27.0;1;475.0;-38.0;437.0
202511101000;27.0;1;458.0;-19.0;439.0
202511101100;27.0;1;446.0;-4.0;442.0
202511101200;27.0;1;439.0;7.0;446.0
202511101300;27.0;1;437.0;14.0;451.0
202511101400;27.0;1;439.0;21.0;460.0
202511101500;27.0;1;442.0;22.0;464.0
202511101600;27.0;1;446.0;28.0;474.0
202511101700;27.0;1;451.0;41.0;492.0
202511101800;27.0;1;460.0;52.0;512.0
202511101900;27.0;1;464.0;55.0;519.0
202511102000;27.0;1;474.0;45.0;519.0
202511102100;27.0;1;492.0;20.0;512.0
202511102200;27.0;1;512.0;-11.0;501.0
202511102300;27.0;1;519.0;-29.0;490.0
202511110000;27.0;1;519.0;-40.0;479.0
202511110100;27.0;1;512.0;-44.0;468.0
202511110200;27.0;1;501.0;-42.0;459.0
202511110300;27.0;1;490.0;-39.0;451.0
202511110400;27.0;1;479.0;-35.0;444.0
202511110500;27.0;1;468.0;-31.0;437.0
202511110600;27.0;1;459.0;-43.0;416.0
202511110700;27.0;1;451.0;-70.0;381.0
202511110800;27.0;1;444.0;-90.0;354.0
202511110900;27.0;1;437.0;-99.0;338.0
202511111000;27.0;1;416.0;-87.0;329.0
202511111100;27.0;1;381.0;-56.0;325.0
202512311800;28.0;1;335.0;137.0;472.0
202512311900;28.0;1;350.0;147.0;497.0
202512312000;28.0;1;373.0;134.0;507.0
202601010300;28.0;1;504.0;-38.0;466.0
202601010400;28.0;1;496.0;-38.0;458.0
202601010700;28.0;1;466.0;-52.0;414.0
202601010800;28.0;1;458.0;-76.0;382.0
202601011100;28.0;1;414.0;-69.0;345.0
202601011200;28.0;1;382.0;-34.0;348.0
202606282000;29.0;1;199.0;172.0;371.0
202606282100;29.0;1;206.0;190.0;396.0
202606282200;29.0;1;276.0;130.0;406.0
202606282300;29.0;1;332.0;75.0;407.0
202606290000;29.0;1;371.0;34.0;405.0
202606290100;29.0;1;396.0;7.0;403.0
202606290200;29.0;1;406.0;-3.0;403.0
202606290300;29.0;1;407.0;18.0;425.0
202606290400;29.0;1;405.0;44.0;449.0
202606290500;29.0;1;403.0;61.0;464.0
202606290600;29.0;1;403.0;70.0;473.0
202606290700;29.0;1;425.0;54.0;479.0
202606290800;29.0;1;449.0;26.0;475.0
202606290900;29.0;1;464.0;-4.0;460.0
202606291000;29.0;1;473.0;-27.0;446.0
202606291100;29.0;1;479.0;-39.0;440.0
202606291200;29.0;1;475.0;-37.0;438.0
202606291300;29.0;1;460.0;-16.0;444.0
202606291400;29.0;1;446.0;10.0;456.0
202606291500;29.0;1;440.0;27.0;467.0
202606291600;29.0;1;438.0;51.0;489.0
202606291700;29.0;1;444.0;77.0;521.0
202606291800;29.0;1;456.0;78.0;534.0
202606291900;29.0;1;467.0;71.0;538.0
202606292000;29.0;1;489.0;45.0;534.0
202606292100;29.0;1;521.0;10.0;531.0
202606292200;29.0;1;534.0;-10.0;524.0
202606292300;29.0;1;538.0;-25.0;513.0
202606300000;29.0;1;534.0;-32.0;502.0
202606300100;29.0;1;531.0;-39.0;492.0
202606300200;29.0;1;524.0;-41.0;483.0
202606300300;29.0;1;513.0;-38.0;475.0
202606300400;29.0;1;502.0;-33.0;469.0
202606300500;29.0;1;492.0;-28.0;464.0
202606300600;29.0;1;483.0;-24.0;459.0
202606300700;29.0;1;475.0;-19.0;456.0
202606300800;29.0;1;469.0;-16.0;453.0
202606300900;29.0;1;464.0;-13.0;451.0
202606301000;29.0;1;459.0;-16.0;443.0
202606301100;29.0;1;456.0;-40.0;416.0
202606301200;29.0;1;453.0;-63.0;390.0
202606301300;29.0;1;451.0;-74.0;377.0
202606301400;29.0;1;443.0;-48.0;395.0
202606301500;29.0;1;416.0;14.0;430.0
202606301600;29.0;1;390.0;56.0;446.0
202607020700;30.0;2;360.0;147.0;507.0
202607020800;30.0;2;380.0;125.0;505.0
202607020900;30.0;2;447.0;61.0;508.0
202607021000;30.0;2;499.0;20.0;519.0
202607021100;30.0;2;507.0;42.0;549.0
202607021200;30.0;2;505.0;89.0;594.0
202607021300;30.0;2;508.0;135.0;643.0
202607021400;30.0;2;519.0;156.0;675.0
202607021500;30.0;2;549.0;142.0;691.0
202607021600;30.0;2;594.0;112.0;706.0
202607021700;30.0;2;643.0;73.0;716.0
202607021800;30.0;2;675.0;54.0;729.0
202607021900;30.0;2;691.0;60.0;751.0
202607022000;30.0;2;706.0;71.0;777.0
202607022100;30.0;2;716.0;78.0;794.0
202607022200;30.0;2;729.0;69.0;798.0
202607022300;30.0;2;751.0;44.0;795.0
202607030000;30.0;2;777.0;20.0;797.0
202607030100;30.0;2;794.0;19.0;813.0
202607030200;30.0;2;798.0;23.0;821.0
202607030300;30.0;2;795.0;31.0;826.0
202607030400;30.0;2;797.0;43.0;840.0
202607030500;30.0;2;813.0;22.0;835.0
202607030600;30.0;2;821.0;-6.0;815.0
202607030700;30.0;2;826.0;-25.0;801.0
202607030800;30.0;2;840.0;-45.0;795.0
202607030900;30.0;2;835.0;-42.0;793.0
202607031000;30.0;2;815.0;-23.0;792.0
202607031100;30.0;2;801.0;-10.0;791.0
202607031200;30.0;2;795.0;-8.0;787.0
202607031300;30.0;2;793.0;-9.0;784.0
202607031400;30.0;2;792.0;-15.0;777.0
202607031500;30.0;2;791.0;-13.0;778.0
202607031600;30.0;2;787.0;-6.0;781.0
202607031700;30.0;2;784.0;-6.0;778.0
202607031800;30.0;2;777.0;-9.0;768.0
202607031900;30.0;2;778.0;-21.0;757.0
202607032000;30.0;2;781.0;-42.0;739.0
202607032100;30.0;2;778.0;-62.0;716.0
202607032200;30.0;2;768.0;-65.0;703.0
202607032300;30.0;2;757.0;-57.0;700.0
202607040000;30.0;2;739.0;-40.0;699.0
202607040100;30.0;2;716.0;-21.0;695.0
202607040200;30.0;2;703.0;-12.0;691.0
202607040300;30.0;2;700.0;-15.0;685.0
202607040400;30.0;2;699.0;-21.0;678.0
202607040500;30.0;2;695.0;-26.0;669.0
202607040600;30.0;2;691.0;-31.0;660.0
202607040700;30.0;2;685.0;-36.0;649.0
202607040800;30.0;2;678.0;-44.0;634.0
202607040900;30.0;2;669.0;-52.0;617.0
202607041000;30.0;2;660.0;-54.0;606.0
202607041100;30.0;2;649.0;-48.0;601.0
202607041200;30.0;2;634.0;-36.0;598.0
202607041300;30.0;2;617.0;-22.0;595.0
202607041400;30.0;2;606.0;-15.0;591.0
202607041500;30.0;2;601.0;-14.0;587.0
202607041600;30.0;2;598.0;-15.0;583.0
202607041700;30.0;2;595.0;-12.0;583.0
202607041800;30.0;2;591.0;-4.0;587.0
202607041900;30.0;2;587.0;-3.0;584.0
202607042000;30.0;2;583.0;-10.0;573.0
202607042100;30.0;2;583.0;-21.0;562.0
202607042200;30.0;2;587.0;-35.0;552.0
202607042300;30.0;2;584.0;-40.0;544.0
202607050000;30.0;2;573.0;-34.0;539.0
202607050100;30.0;2;562.0;-28.0;534.0
202607050200;30.0;2;552.0;-21.0;531.0
202607050300;30.0;2;544.0;-17.0;527.0
202607050400;30.0;2;539.0;-16.0;523.0
202607050500;30.0;2;534.0;-16.0;518.0
202607050600;30.0;2;531.0;-26.0;505.0
202607050700;30.0;2;527.0;-48.0;479.0
202607050800;30.0;2;523.0;-65.0;458.0
202607050900;30.0;2;518.0;-72.0;446.0
202607051000;30.0;2;505.0;-67.0;438.0
202607051100;30.0;2;479.0;-46.0;433.0
202607051200;30.0;2;458.0;-26.0;432.0
202607051300;30.0;2;446.0;-10.0;436.0
202607051400;30.0;2;438.0;4.0;442.0
202607051500;30.0;2;433.0;13.0;446.0
202607051600;30.0;2;432.0;17.0;449.0
202607051700;30.0;2;436.0;14.0;450.0
202607051800;30.0;2;442.0;17.0;459.0
202607051900;30.0;2;446.0;25.0;471.0
202607052000;30.0;2;449.0;28.0;477.0
202607052100;30.0;2;450.0;26.0;476.0
202607052200;30.0;2;459.0;13.0;472.0
202607052300;30.0;2;471.0;-5.0;466.0
202607060000;30.0;2;477.0;-18.0;459.0
202607060100;30.0;2;476.0;-24.0;452.0
202607060200;30.0;2;472.0;-25.0;447.0
202607060300;30.0;2;466.0;-24.0;442.0
202607060400;30.0;2;459.0;-21.0;438.0
202607060500;30.0;2;452.0;-17.0;435.0
202607060600;30.0;2;447.0;-15.0;432.0
202607060700;30.0;2;442.0;-18.0;424.0
202607060800;30.0;2;438.0;-39.0;399.0
202607060900;30.0;2;435.0;-65.0;370.0
202607061000;30.0;2;432.0;-82.0;350.0
202607061200;30.0;2;399.0;-65.0;334.0
202607211500;31.0;1;300.0;160.0;460.0
202607211600;31.0;1;305.0;281.0;586.0
202607211700;31.0;1;326.0;394.0;720.0
202607211800;31.0;1;363.0;502.0;865.0
202607211900;31.0;1;460.0;522.0;982.0
202607212000;31.0;1;586.0;478.0;1064.0
202607212100;31.0;1;720.0;426.0;1146.0
202607212200;31.0;1;865.0;351.0;1216.0
202607212300;31.0;1;982.0;295.0;1277.0
202607220000;31.0;1;1064.0;282.0;1346.0
202607220100;31.0;1;1146.0;262.0;1408.0
202607220200;31.0;1;1216.0;262.0;1478.0
202607220300;31.0;1;1277.0;278.0;1555.0
202607220400;31.0;1;1346.0;286.0;1632.0
202607220500;31.0;1;1408.0;278.0;1686.0
202607220600;31.0;1;1478.0;240.0;1718.0
202607220700;31.0;1;1555.0;184.0;1739.0
202607220800;31.0;1;1632.0;114.0;1746.0
202607220900;31.0;1;1686.0;52.0;1738.0
202607221000;31.0;1;1718.0;2.0;1720.0
202607221100;31.0;1;1739.0;-44.0;1695.0
202607221200;31.0;1;1746.0;-80.0;1666.0
202607221300;31.0;1;1738.0;-102.0;1636.0
202607221400;31.0;1;1720.0;-116.0;1604.0
202607221500;31.0;1;1695.0;-125.0;1570.0
202607221600;31.0;1;1666.0;-130.0;1536.0
202607221700;31.0;1;1636.0;-137.0;1499.0
202607221800;31.0;1;1604.0;-142.0;1462.0
202607221900;31.0;1;1570.0;-157.0;1413.0
202607222000;31.0;1;1536.0;-168.0;1368.0
202607222100;31.0;1;1499.0;-183.0;1316.0
202607222200;31.0;1;1462.0;-200.0;1262.0
202607222300;31.0;1;1413.0;-190.0;1223.0
202607230000;31.0;1;1368.0;-170.0;1198.0
202607230100;31.0;1;1316.0;-135.0;1181.0
202607230200;31.0;1;1262.0;-105.0;1157.0
202607230300;31.0;1;1223.0;-93.0;1130.0
202607230400;31.0;1;1198.0;-97.0;1101.0
202607230500;31.0;1;1181.0;-110.0;1071.0
202607230600;31.0;1;1157.0;-116.0;1041.0
202607230700;31.0;1;1130.0;-114.0;1016.0
202607230800;31.0;1;1101.0;-108.0;993.0
202607230900;31.0;1;1071.0;-103.0;968.0
202607231000;31.0;1;1041.0;-99.0;942.0
202607231100;31.0;1;1016.0;-115.0;901.0
202607231200;31.0;1;993.0;-106.0;887.0
202607231300;31.0;1;968.0;-82.0;886.0
202607231400;31.0;1;942.0;-63.0;879.0
202607231500;31.0;1;901.0;-36.0;865.0
202607231600;31.0;1;887.0;-38.0;849.0
202607231700;31.0;1;886.0;-56.0;830.0
202607231800;31.0;1;879.0;-77.0;802.0
202607231900;31.0;1;865.0;-86.0;779.0
202607232000;31.0;1;849.0;-84.0;765.0
202607232100;31.0;1;830.0;-75.0;755.0
202607232200;31.0;1;802.0;-55.0;747.0
202607232300;31.0;1;779.0;-47.0;732.0
202607240000;31.0;1;765.0;-53.0;712.0
202607240100;31.0;1;755.0;-59.0;696.0
202607240200;31.0;1;747.0;-63.0;684.0
202607240300;31.0;1;732.0;-55.0;677.0
202607240400;31.0;1;712.0;-38.0;674.0
202607240500;31.0;1;696.0;-30.0;666.0
202607240600;31.0;1;684.0;-28.0;656.0
202607240700;31.0;1;677.0;-24.0;653.0
202607240800;31.0;1;674.0;-24.0;650.0
202607240900;31.0;1;666.0;-18.0;648.0
202607241000;31.0;1;656.0;-12.0;644.0
202607241100;31.0;1;653.0;-14.0;639.0
202607241200;31.0;1;650.0;-29.0;621.0
202607241300;31.0;1;648.0;-50.0;598.0
202607241400;31.0;1;644.0;-59.0;585.0
202607241500;31.0;1;639.0;-60.0;579.0
202607241600;31.0;1;621.0;-43.0;578.0
202607241700;31.0;1;598.0;-19.0;579.0
202607241800;31.0;1;585.0;-6.0;579.0
202607241900;31.0;1;579.0;0.0;579.0
202607242000;31.0;1;578.0;-1.0;577.0
202607242100;31.0;1;579.0;-6.0;573.0
202607242200;31.0;1;579.0;-10.0;569.0
202607242300;31.0;1;579.0;-15.0;564.0
202607250000;31.0;1;577.0;-18.0;559.0
202607250100;31.0;1;573.0;-17.0;556.0
202607250200;31.0;1;569.0;-17.0;552.0
202607250300;31.0;1;564.0;-16.0;548.0
202607250400;31.0;1;559.0;-16.0;543.0
202607250500;31.0;1;556.0;-19.0;537.0
202607250600;31.0;1;552.0;-37.0;515.0
202607250700;31.0;1;548.0;-61.0;487.0
202607260700;32.0;1;471.0;-72.0;399.0
202607260800;32.0;1;467.0;-82.0;385.0
202607260900;32.0;1;456.0;-76.0;380.0
202607261000;32.0;1;426.0;-43.0;383.0
202607261100;32.0;1;399.0;-6.0;393.0
202607271300;33.0;3;362.0;19.0;381.0
202607271400;33.0;3;365.0;33.0;398.0
202607271500;33.0;3;369.0;67.0;436.0
202607271600;33.0;3;375.0;86.0;461.0
202607271700;33.0;3;381.0;89.0;470.0
202607271800;33.0;3;398.0;71.0;469.0
202607271900;33.0;3;436.0;24.0;460.0
202607272000;33.0;3;461.0;-12.0;449.0
202607272100;33.0;3;470.0;-30.0;440.0
202607272200;33.0;3;469.0;-36.0;433.0
202607272300;33.0;3;460.0;-32.0;428.0
202607280000;33.0;3;449.0;-26.0;423.0
202607280100;33.0;3;440.0;-20.0;420.0
202607280200;33.0;3;433.0;-15.0;418.0
202607280300;33.0;3;428.0;-8.0;420.0
202607280400;33.0;3;423.0;3.0;426.0
202607280500;33.0;3;420.0;18.0;438.0
202607280600;33.0;3;418.0;36.0;454.0
202607280700;33.0;3;420.0;57.0;477.0
202607280800;33.0;3;426.0;73.0;499.0
202607280900;33.0;3;438.0;93.0;531.0
202607281000;33.0;3;454.0;115.0;569.0
202607281100;33.0;3;477.0;129.0;606.0
202607281200;33.0;3;499.0;176.0;675.0
202607281300;33.0;3;531.0;240.0;771.0
202607281400;33.0;3;569.0;282.0;851.0
202607281500;33.0;3;606.0;293.0;899.0
202607281600;33.0;3;675.0;247.0;922.0
202607281700;33.0;3;771.0;160.0;931.0
202607281800;33.0;3;851.0;88.0;939.0
202607281900;33.0;3;899.0;53.0;952.0
202607282000;33.0;3;922.0;51.0;973.0
202607282100;33.0;3;931.0;70.0;1001.0
202607282200;33.0;3;939.0;90.0;1029.0
202607282300;33.0;3;952.0;124.0;1076.0
202607290000;33.0;3;973.0;136.0;1109.0
202607290100;33.0;3;1001.0;142.0;1143.0
202607290200;33.0;3;1029.0;147.0;1176.0
202607290300;33.0;3;1076.0;119.0;1195.0
202607290400;33.0;3;1109.0;99.0;1208.0
202607290500;33.0;3;1143.0;78.0;1221.0
202607290600;33.0;3;1176.0;66.0;1242.0
202607290700;33.0;3;1195.0;67.0;1262.0
202607290800;33.0;3;1208.0;79.0;1287.0
202607290900;33.0;3;1221.0;82.0;1303.0
202607291000;33.0;3;1242.0;74.0;1316.0
202607291100;33.0;3;1262.0;63.0;1325.0
202607291200;33.0;3;1287.0;47.0;1334.0
202607291300;33.0;3;1303.0;37.0;1340.0
202607291400;33.0;3;1316.0;20.0;1336.0
202607291500;33.0;3;1325.0;11.0;1336.0
202607291600;33.0;3;1334.0;-7.0;1327.0
202607291700;33.0;3;1340.0;-22.0;1318.0
202607291800;33.0;3;1336.0;-27.0;1309.0
202607291900;33.0;3;1336.0;-40.0;1296.0
202607292000;33.0;3;1327.0;-45.0;1282.0
202607292100;33.0;3;1318.0;-57.0;1261.0
202607292200;33.0;3;1309.0;-69.0;1240.0
202607292300;33.0;3;1296.0;-77.0;1219.0
202607300000;33.0;3;1282.0;-90.0;1192.0
202607300100;33.0;3;1261.0;-94.0;1167.0
202607300200;33.0;3;1240.0;-99.0;1141.0
202607300300;33.0;3;1219.0;-103.0;1116.0
202607300400;33.0;3;1192.0;-99.0;1093.0
202607300500;33.0;3;1167.0;-96.0;1071.0
202607300600;33.0;3;1141.0;-90.0;1051.0
202607300700;33.0;3;1116.0;-87.0;1029.0
202607300800;33.0;3;1093.0;-83.0;1010.0
202607300900;33.0;3;1071.0;-84.0;987.0
202607301000;33.0;3;1051.0;-95.0;956.0
202607301100;33.0;3;1029.0;-104.0;925.0
202607301200;33.0;3;1010.0;-106.0;904.0
202607301300;33.0;3;987.0;-82.0;905.0
202607301400;33.0;3;956.0;-51.0;905.0
202607301500;33.0;3;925.0;-26.0;899.0
202607301600;33.0;3;904.0;-19.0;885.0
202607301700;33.0;3;905.0;-40.0;865.0
202607301800;33.0;3;905.0;-74.0;831.0
202607301900;33.0;3;899.0;-98.0;801.0
202607302000;33.0;3;885.0;-94.0;791.0
202607302100;33.0;3;865.0;-78.0;787.0
202607302200;33.0;3;831.0;-50.0;781.0
202607302300;33.0;3;801.0;-27.0;774.0
202607310000;33.0;3;791.0;-24.0;767.0
202607310100;33.0;3;787.0;-32.0;755.0
202607310200;33.0;3;781.0;-43.0;738.0
202607310300;33.0;3;774.0;-57.0;717.0
202607310400;33.0;3;767.0;-63.0;704.0
202607310500;33.0;3;755.0;-54.0;701.0
202607310600;33.0;3;738.0;-39.0;699.0
202607310700;33.0;3;717.0;-20.0;697.0
202607310800;33.0;3;704.0;-12.0;692.0
202607310900;33.0;3;701.0;-16.0;685.0
202607311000;33.0;3;699.0;-22.0;677.0
202607311100;33.0;3;697.0;-26.0;671.0
202607311200;33.0;3;692.0;-24.0;668.0
202607311300;33.0;3;685.0;-23.0;662.0
202607311400;33.0;3;677.0;-23.0;654.0
202607311500;33.0;3;671.0;-25.0;646.0
202607311600;33.0;3;668.0;-31.0;637.0
202607311700;33.0;3;662.0;-32.0;630.0
202607311800;33.0;3;654.0;-31.0;623.0
202607311900;33.0;3;646.0;-29.0;617.0
202607312000;33.0;3;637.0;-26.0;611.0
202607312100;33.0;3;630.0;-25.0;605.0
202607312200;33.0;3;623.0;-23.0;600.0
202607312300;33.0;3;617.0;-24.0;593.0
202608010000;33.0;3;611.0;-26.0;585.0
202608010100;33.0;3;605.0;-28.0;577.0
202608010200;33.0;3;600.0;-28.0;572.0
202608010300;33.0;3;593.0;-25.0;568.0
202608010400;33.0;3;585.0;-20.0;565.0
202608010500;33.0;3;577.0;-15.0;562.0
202608010600;33.0;3;572.0;-29.0;543.0
202608010700;33.0;3;568.0;-53.0;515.0
202608010800;33.0;3;565.0;-68.0;497.0
202608010900;33.0;3;562.0;-74.0;488.0
202608011000;33.0;3;543.0;-58.0;485.0
202608011100;33.0;3;515.0;-30.0;485.0
202608011200;33.0;3;497.0;-6.0;491.0
202608011300;33.0;3;488.0;13.0;501.0
202608011400;33.0;3;485.0;25.0;510.0
202608011500;33.0;3;485.0;35.0;520.0
202608011600;33.0;3;491.0;59.0;550.0
202608011700;33.0;3;501.0;66.0;567.0
202608011800;33.0;3;510.0;61.0;571.0
202608011900;33.0;3;520.0;47.0;567.0
202608012000;33.0;3;550.0;7.0;557.0
202608012100;33.0;3;567.0;-24.0;543.0
202608012200;33.0;3;571.0;-41.0;530.0
202608012300;33.0;3;567.0;-48.0;519.0
202608020000;33.0;3;557.0;-47.0;510.0
202608020100;33.0;3;543.0;-40.0;503.0
202608020200;33.0;3;530.0;-33.0;497.0
202608020300;33.0;3;519.0;-27.0;492.0
202608020400;33.0;3;510.0;-24.0;486.0
202608020500;33.0;3;503.0;-42.0;461.0
202608020600;33.0;3;497.0;-66.0;431.0
202608020700;33.0;3;492.0;-80.0;412.0
202608020800;33.0;3;486.0;-83.0;403.0
202608020900;33.0;3;461.0;-62.0;399.0
202608021000;33.0;3;431.0;-31.0;400.0
202608021100;33.0;3;412.0;-9.0;403.0
202608021200;33.0;3;403.0;5.0;408.0
202608021300;33.0;3;399.0;13.0;412.0
202608121700;34.0;2;235.0;235.0;470.0
202608121800;34.0;2;242.0;252.0;494.0
202608121900;34.0;2;295.0;209.0;504.0
202608122000;34.0;2;409.0;100.0;509.0
202608122100;34.0;2;470.0;44.0;514.0
202608122200;34.0;2;494.0;38.0;532.0
202608122300;34.0;2;504.0;85.0;589.0
202608130000;34.0;2;509.0;154.0;663.0
202608130100;34.0;2;514.0;198.0;712.0
202608130200;34.0;2;532.0;208.0;740.0
202608130300;34.0;2;589.0;173.0;762.0
202608130400;34.0;2;663.0;115.0;778.0
202608130500;34.0;2;712.0;72.0;784.0
202608130600;34.0;2;740.0;53.0;793.0
202608130700;34.0;2;762.0;41.0;803.0
202608130800;34.0;2;778.0;18.0;796.0
202608130900;34.0;2;784.0;2.0;786.0
202608131000;34.0;2;793.0;-11.0;782.0
202608131100;34.0;2;803.0;-20.0;783.0
202608131200;34.0;2;796.0;6.0;802.0
202608131300;34.0;2;786.0;35.0;821.0
202608131400;34.0;2;782.0;54.0;836.0
202608131500;34.0;2;783.0;66.0;849.0
202608131600;34.0;2;802.0;53.0;855.0
202608131700;34.0;2;821.0;40.0;861.0
202608131800;34.0;2;836.0;33.0;869.0
202608131900;34.0;2;849.0;29.0;878.0
202608132000;34.0;2;855.0;31.0;886.0
202608132100;34.0;2;861.0;26.0;887.0
202608132200;34.0;2;869.0;18.0;887.0
202608132300;34.0;2;878.0;6.0;884.0
202608140000;34.0;2;886.0;-8.0;878.0
202608140100;34.0;2;887.0;-15.0;872.0
202608140200;34.0;2;887.0;-22.0;865.0
202608140300;34.0;2;884.0;-25.0;859.0
202608140400;34.0;2;878.0;-29.0;849.0
202608140500;34.0;2;872.0;-49.0;823.0
202608140600;34.0;2;865.0;-58.0;807.0
202608140700;34.0;2;859.0;-62.0;797.0
202608140800;34.0;2;849.0;-53.0;796.0
202608140900;34.0;2;823.0;-27.0;796.0
202608141000;34.0;2;807.0;-11.0;796.0
202608141100;34.0;2;797.0;-6.0;791.0
202608141200;34.0;2;796.0;-2.0;794.0
202608141300;34.0;2;796.0;-1.0;795.0
202608141400;34.0;2;796.0;-4.0;792.0
202608141500;34.0;2;791.0;-6.0;785.0
202608141600;34.0;2;794.0;-20.0;774.0
202608141700;34.0;2;795.0;-40.0;755.0
202608141800;34.0;2;792.0;-57.0;735.0
202608141900;34.0;2;785.0;-75.0;710.0
202608142000;34.0;2;774.0;-82.0;692.0
202608142100;34.0;2;755.0;-70.0;685.0
202608142200;34.0;2;735.0;-56.0;679.0
202608142300;34.0;2;710.0;-36.0;674.0
202608150000;34.0;2;692.0;-23.0;669.0
202608150100;34.0;2;685.0;-21.0;664.0
202608150200;34.0;2;679.0;-22.0;657.0
202608150300;34.0;2;674.0;-30.0;644.0
202608150400;34.0;2;669.0;-38.0;631.0
202608150500;34.0;2;664.0;-41.0;623.0
202608150600;34.0;2;657.0;-41.0;616.0
202608150700;34.0;2;644.0;-34.0;610.0
202608150800;34.0;2;631.0;-32.0;599.0
202608150900;34.0;2;623.0;-44.0;579.0
202608151000;34.0;2;616.0;-54.0;562.0
202608151100;34.0;2;610.0;-54.0;556.0
202608151200;34.0;2;599.0;-42.0;557.0
202608151300;34.0;2;579.0;-18.0;561.0
202608151400;34.0;2;562.0;2.0;564.0
202608151500;34.0;2;556.0;8.0;564.0
202608151600;34.0;2;557.0;8.0;565.0
202608151700;34.0;2;561.0;8.0;569.0
202608151800;34.0;2;564.0;13.0;577.0
202608151900;34.0;2;564.0;14.0;578.0
202608152000;34.0;2;565.0;5.0;570.0
202608152100;34.0;2;569.0;-11.0;558.0
202608152200;34.0;2;577.0;-29.0;548.0
202608152300;34.0;2;578.0;-37.0;541.0
202608160000;34.0;2;570.0;-35.0;535.0
202608160100;34.0;2;558.0;-28.0;530.0
202608160200;34.0;2;548.0;-21.0;527.0
202608160300;34.0;2;541.0;-19.0;522.0
202608160400;34.0;2;535.0;-17.0;518.0
202608160500;34.0;2;530.0;-29.0;501.0
202608160600;34.0;2;527.0;-56.0;471.0
202608160700;34.0;2;522.0;-71.0;451.0
202608160800;34.0;2;518.0;-77.0;441.0
202608160900;34.0;2;501.0;-61.0;440.0
202608161000;34.0;2;471.0;-25.0;446.0
202608161100;34.0;2;451.0;6.0;457.0
202608161200;34.0;2;441.0;26.0;467.0
202608161300;34.0;2;440.0;33.0;473.0
202608161400;34.0;2;446.0;30.0;476.0
202608161500;34.0;2;457.0;30.0;487.0
202608161600;34.0;2;467.0;49.0;516.0
202608161700;34.0;2;473.0;57.0;530.0
202608161800;34.0;2;476.0;56.0;532.0
202608161900;34.0;2;487.0;41.0;528.0
202608162000;34.0;2;516.0;2.0;518.0
202608162100;34.0;2;530.0;-24.0;506.0
202608162200;34.0;2;532.0;-39.0;493.0
202608162300;34.0;2;528.0;-45.0;483.0
202608170000;34.0;2;518.0;-44.0;474.0
202608170100;34.0;2;506.0;-39.0;467.0
202608170200;34.0;2;493.0;-42.0;451.0
202608170300;34.0;2;483.0;-50.0;433.0
202608170400;34.0;2;474.0;-37.0;437.0
202608170500;34.0;2;467.0;-21.0;446.0
202608170600;34.0;2;451.0;-17.0;434.0
202608170700;34.0;2;433.0;-27.0;406.0
202608170800;34.0;2;437.0;-51.0;386.0
202608170900;34.0;2;446.0;-70.0;376.0
202608171000;34.0;2;434.0;-62.0;372.0
202608171100;34.0;2;406.0;-36.0;370.0
202608171200;34.0;2;386.0;-11.0;375.0
202608301200;35.0;1;368.0;61.0;429.0
202608301300;35.0;1;369.0;79.0;448.0
202608301400;35.0;1;383.0;82.0;465.0
202608301500;35.0;1;406.0;87.0;493.0
202608301600;35.0;1;429.0;116.0;545.0
202608301700;35.0;1;448.0;128.0;576.0
202608301800;35.0;1;465.0;125.0;590.0
202608301900;35.0;1;493.0;103.0;596.0
202608302000;35.0;1;545.0;59.0;604.0
202608302100;35.0;1;576.0;37.0;613.0
202608302200;35.0;1;590.0;34.0;624.0
202608302300;35.0;1;596.0;59.0;655.0
202608310000;35.0;1;604.0;97.0;701.0
202608310100;35.0;1;613.0;106.0;719.0
202608310200;35.0;1;624.0;93.0;717.0
202608310300;35.0;1;655.0;57.0;712.0
202608310400;35.0;1;701.0;7.0;708.0
202608310500;35.0;1;719.0;-12.0;707.0
202608310600;35.0;1;717.0;-12.0;705.0
202608310700;35.0;1;712.0;-22.0;690.0
202608310800;35.0;1;708.0;-41.0;667.0
202608310900;35.0;1;707.0;-50.0;657.0
202608311000;35.0;1;705.0;-46.0;659.0
202608311100;35.0;1;690.0;-23.0;667.0
202608311200;35.0;1;667.0;24.0;691.0
202608311300;35.0;1;657.0;50.0;707.0
202608311400;35.0;1;659.0;47.0;706.0
202608311500;35.0;1;667.0;31.0;698.0
202608311600;35.0;1;691.0;0.0;691.0
202608311700;35.0;1;707.0;-27.0;680.0
202608311800;35.0;1;706.0;-46.0;660.0
202608311900;35.0;1;698.0;-50.0;648.0
202608312000;35.0;1;691.0;-42.0;649.0
202608312100;35.0;1;680.0;-25.0;655.0
202608312200;35.0;1;660.0;0.0;660.0
202608312300;35.0;1;648.0;17.0;665.0
202609010000;35.0;1;649.0;18.0;667.0
202609010100;35.0;1;655.0;11.0;666.0
202609010200;35.0;1;660.0;5.0;665.0
202609010300;35.0;1;665.0;-3.0;662.0
202609010400;35.0;1;667.0;-9.0;658.0
202609010500;35.0;1;666.0;-12.0;654.0
202609010600;35.0;1;665.0;-15.0;650.0
202609010700;35.0;1;662.0;-21.0;641.0
202609010800;35.0;1;658.0;-44.0;614.0
202609010900;35.0;1;654.0;-56.0;598.0
202609011000;35.0;1;650.0;-52.0;598.0
202609011100;35.0;1;641.0;-41.0;600.0
202609011200;35.0;1;614.0;-15.0;599.0
202609011300;35.0;1;598.0;1.0;599.0
202609011400;35.0;1;598.0;15.0;613.0
202609011500;35.0;1;600.0;40.0;640.0
202609011600;35.0;1;599.0;47.0;646.0
202609011700;35.0;1;599.0;40.0;639.0
202609011800;35.0;1;613.0;14.0;627.0
202609011900;35.0;1;640.0;-23.0;617.0
202609012000;35.0;1;646.0;-42.0;604.0
202609012100;35.0;1;639.0;-58.0;581.0
202609012200;35.0;1;627.0;-73.0;554.0
202609012300;35.0;1;617.0;-73.0;544.0
202609020000;35.0;1;604.0;-55.0;549.0
202609020100;35.0;1;581.0;-26.0;555.0
202609020200;35.0;1;554.0;4.0;558.0
202609020300;35.0;1;544.0;14.0;558.0
202609020400;35.0;1;549.0;8.0;557.0
202609020500;35.0;1;555.0;0.0;555.0
202609020700;35.0;1;558.0;-46.0;512.0
202609020800;35.0;1;557.0;-59.0;498.0
202609020900;35.0;1;555.0;-54.0;501.0
202609021600;35.0;1;519.0;15.0;534.0
202609021700;35.0;1;528.0;-4.0;524.0
202609022000;35.0;1;534.0;-32.0;502.0
202609022100;35.0;1;524.0;-27.0;497.0
202609030000;35.0;1;502.0;-16.0;486.0
202609030100;35.0;1;497.0;-15.0;482.0
202609030200;35.0;1;493.0;-13.0;480.0
202609030300;35.0;1;489.0;-13.0;476.0
202609030400;35.0;1;486.0;-13.0;473.0
202609030500;35.0;1;482.0;-12.0;470.0
202609030600;35.0;1;480.0;-24.0;456.0
202609030700;35.0;1;476.0;-51.0;425.0
202609030800;35.0;1;473.0;-72.0;401.0
202609030900;35.0;1;470.0;-72.0;398.0
202609031000;35.0;1;456.0;-48.0;408.0
202609031100;35.0;1;425.0;-4.0;421.0
202609031200;35.0;1;401.0;29.0;430.0
202609031300;35.0;1;398.0;37.0;435.0
202609111400;36.0;1;241.0;24.0;265.0
202609111500;36.0;1;242.0;81.0;323.0
202609111600;36.0;1;243.0;147.0;390.0
202609111700;36.0;1;249.0;168.0;417.0
202609111800;36.0;1;265.0;160.0;425.0
202609111900;36.0;1;323.0;105.0;428.0
202609112000;36.0;1;390.0;49.0;439.0
202609112100;36.0;1;417.0;43.0;460.0
202609112200;36.0;1;425.0;52.0;477.0
202609112300;36.0;1;428.0;67.0;495.0
202609120000;36.0;1;439.0;79.0;518.0
202609120100;36.0;1;460.0;78.0;538.0
202609120200;36.0;1;477.0;79.0;556.0
202609120300;36.0;1;495.0;77.0;572.0
202609120400;36.0;1;518.0;70.0;588.0
202609120500;36.0;1;538.0;55.0;593.0
202609120600;36.0;1;556.0;54.0;610.0
202609120700;36.0;1;572.0;53.0;625.0
202609120800;36.0;1;588.0;45.0;633.0
202609120900;36.0;1;593.0;43.0;636.0
202609121000;36.0;1;610.0;32.0;642.0
202609121100;36.0;1;625.0;23.0;648.0
202609121200;36.0;1;633.0;12.0;645.0
202609121300;36.0;1;636.0;3.0;639.0
202609121400;36.0;1;642.0;8.0;650.0
202609121500;36.0;1;648.0;12.0;660.0
202609121600;36.0;1;645.0;12.0;657.0
202609121700;36.0;1;639.0;12.0;651.0
202609121800;36.0;1;650.0;-4.0;646.0
202609121900;36.0;1;660.0;-15.0;645.0
202609122000;36.0;1;657.0;-12.0;645.0
202609122100;36.0;1;651.0;-8.0;643.0
202609122200;36.0;1;646.0;-5.0;641.0
202609122300;36.0;1;645.0;-6.0;639.0
202609130000;36.0;1;645.0;-10.0;635.0
202609130100;36.0;1;643.0;-11.0;632.0
202609130200;36.0;1;641.0;-16.0;625.0
202609130300;36.0;1;639.0;-23.0;616.0
202609130400;36.0;1;635.0;-26.0;609.0
202609130500;36.0;1;632.0;-37.0;595.0
202609130600;36.0;1;625.0;-57.0;568.0
202609130700;36.0;1;616.0;-66.0;550.0
202609130800;36.0;1;609.0;-60.0;549.0
202609130900;36.0;1;595.0;-43.0;552.0
202609131000;36.0;1;568.0;-13.0;555.0
202609131100;36.0;1;550.0;4.0;554.0
202609131200;36.0;1;549.0;2.0;551.0
202609131300;36.0;1;552.0;-6.0;546.0
202609131400;36.0;1;555.0;-15.0;540.0
202609131500;36.0;1;554.0;-22.0;532.0
202609131600;36.0;1;551.0;-25.0;526.0
202609131700;36.0;1;546.0;-25.0;521.0
202609131800;36.0;1;540.0;-23.0;517.0
202609131900;36.0;1;532.0;-20.0;512.0
202609132000;36.0;1;526.0;-18.0;508.0
202609132100;36.0;1;521.0;-18.0;503.0
202609132200;36.0;1;517.0;-20.0;497.0
202609132300;36.0;1;512.0;-21.0;491.0
202609140000;36.0;1;508.0;-21.0;487.0
202609140100;36.0;1;503.0;-20.0;483.0
202609140200;36.0;1;497.0;-17.0;480.0
202609140300;36.0;1;491.0;-14.0;477.0
202609140400;36.0;1;487.0;-14.0;473.0
202609140500;36.0;1;483.0;-13.0;470.0
202609140600;36.0;1;480.0;-14.0;466.0
202609140700;36.0;1;477.0;-15.0;462.0
202609140800;36.0;1;473.0;-17.0;456.0
202609140900;36.0;1;470.0;-21.0;449.0
202609141000;36.0;1;466.0;-22.0;444.0
202609141100;36.0;1;462.0;-21.0;441.0
202609141200;36.0;1;456.0;-17.0;439.0
202609141300;36.0;1;449.0;-11.0;438.0
202609141400;36.0;1;444.0;-7.0;437.0
202609141500;36.0;1;441.0;0.0;441.0
202609141600;36.0;1;439.0;7.0;446.0
202609141700;36.0;1;438.0;10.0;448.0
202609141800;36.0;1;437.0;9.0;446.0
202609141900;36.0;1;441.0;0.0;441.0
202609142000;36.0;1;446.0;-10.0;436.0
202609142100;36.0;1;448.0;-18.0;430.0
202609142200;36.0;1;446.0;-21.0;425.0
202609142300;36.0;1;441.0;-20.0;421.0
202609150000;36.0;1;436.0;-19.0;417.0
202609150100;36.0;1;430.0;-22.0;408.0
202609150200;36.0;1;425.0;-35.0;390.0
202609150300;36.0;1;421.0;-44.0;377.0
202609150400;36.0;1;417.0;-43.0;374.0
202609150500;36.0;1;408.0;-30.0;378.0
202609150600;36.0;1;390.0;-7.0;383.0
202609210600;37.0;3;375.0;180.0;555.0
202609210700;37.0;3;381.0;225.0;606.0
202609210800;37.0;3;412.0;227.0;639.0
202609210900;37.0;3;519.0;203.0;722.0
202609211000;37.0;3;555.0;352.0;907.0
202609211100;37.0;3;606.0;434.0;1040.0
202609211200;37.0;3;639.0;482.0;1121.0
202609211300;37.0;3;722.0;463.0;1185.0
202609211400;37.0;3;907.0;335.0;1242.0
202609211500;37.0;3;1040.0;258.0;1298.0
202609211600;37.0;3;1121.0;254.0;1375.0
202609211700;37.0;3;1185.0;271.0;1456.0
202609211800;37.0;3;1242.0;292.0;1534.0
202609211900;37.0;3;1298.0;309.0;1607.0
202609212000;37.0;3;1375.0;292.0;1667.0
202609212100;37.0;3;1456.0;244.0;1700.0
202609212200;37.0;3;1534.0;177.0;1711.0
202609212300;37.0;3;1607.0;93.0;1700.0
202609220000;37.0;3;1667.0;1.0;1668.0
202609220100;37.0;3;1700.0;-75.0;1625.0
202609220200;37.0;3;1711.0;-137.0;1574.0
202609220300;37.0;3;1700.0;-178.0;1522.0
202609220400;37.0;3;1668.0;-194.0;1474.0
202609220500;37.0;3;1625.0;-203.0;1422.0
202609220600;37.0;3;1574.0;-206.0;1368.0
202609220700;37.0;3;1522.0;-228.0;1294.0
202609220800;37.0;3;1474.0;-256.0;1218.0
202609220900;37.0;3;1422.0;-271.0;1151.0
202609221000;37.0;3;1368.0;-250.0;1118.0
202609221100;37.0;3;1294.0;-195.0;1099.0
202609221200;37.0;3;1218.0;-140.0;1078.0
202609221300;37.0;3;1151.0;-102.0;1049.0
202609221400;37.0;3;1118.0;-97.0;1021.0
202609221500;37.0;3;1099.0;-97.0;1002.0
202609221600;37.0;3;1078.0;-100.0;978.0
202609221700;37.0;3;1049.0;-98.0;951.0
202609221800;37.0;3;1021.0;-98.0;923.0
202609221900;37.0;3;1002.0;-99.0;903.0
202609222000;37.0;3;978.0;-97.0;881.0
202609222100;37.0;3;951.0;-97.0;854.0
202609222200;37.0;3;923.0;-86.0;837.0
202609222300;37.0;3;903.0;-76.0;827.0
202609230000;37.0;3;881.0;-66.0;815.0
202609230100;37.0;3;854.0;-46.0;808.0
202609230200;37.0;3;837.0;-44.0;793.0
202609230300;37.0;3;827.0;-59.0;768.0
202609230400;37.0;3;815.0;-64.0;751.0
202609230500;37.0;3;808.0;-83.0;725.0
202609230600;37.0;3;793.0;-88.0;705.0
202609230700;37.0;3;768.0;-73.0;695.0
202609230800;37.0;3;751.0;-59.0;692.0
202609230900;37.0;3;725.0;-35.0;690.0
202609231000;37.0;3;705.0;-17.0;688.0
202609231100;37.0;3;695.0;-10.0;685.0
202609231200;37.0;3;692.0;-15.0;677.0
202609231300;37.0;3;690.0;-24.0;666.0
202609231400;37.0;3;688.0;-37.0;651.0
202609231500;37.0;3;685.0;-38.0;647.0
202609231600;37.0;3;677.0;-28.0;649.0
202609231700;37.0;3;666.0;-19.0;647.0
202609231800;37.0;3;651.0;-9.0;642.0
202609231900;37.0;3;647.0;-14.0;633.0
202609232000;37.0;3;649.0;-25.0;624.0
202609232100;37.0;3;647.0;-36.0;611.0
202609232200;37.0;3;642.0;-51.0;591.0
202609232300;37.0;3;633.0;-58.0;575.0
202609240000;37.0;3;624.0;-65.0;559.0
202609240100;37.0;3;611.0;-62.0;549.0
202609240200;37.0;3;591.0;-41.0;550.0
202609240300;37.0;3;575.0;-21.0;554.0
202609240400;37.0;3;559.0;-3.0;556.0
202609240500;37.0;3;549.0;-2.0;547.0
202609240600;37.0;3;550.0;-19.0;531.0
202609240700;37.0;3;554.0;-37.0;517.0
202609240800;37.0;3;556.0;-51.0;505.0
202609240900;37.0;3;547.0;-45.0;502.0
202609241000;37.0;3;531.0;-26.0;505.0
202609241100;37.0;3;517.0;-8.0;509.0
202609241200;37.0;3;505.0;7.0;512.0
202609241300;37.0;3;502.0;11.0;513.0
202609241400;37.0;3;505.0;10.0;515.0
202609241500;37.0;3;509.0;18.0;527.0
202609241600;37.0;3;512.0;22.0;534.0
202609241700;37.0;3;513.0;22.0;535.0
202609241800;37.0;3;515.0;15.0;530.0
202609241900;37.0;3;527.0;-5.0;522.0
202609242000;37.0;3;534.0;-24.0;510.0
202609242100;37.0;3;535.0;-29.0;506.0
202609242200;37.0;3;530.0;-18.0;512.0
202609242300;37.0;3;522.0;-11.0;511.0
202609250000;37.0;3;510.0;-6.0;504.0
202609250100;37.0;3;506.0;-11.0;495.0
202609250200;37.0;3;512.0;-25.0;487.0
202609250300;37.0;3;511.0;-30.0;481.0
202609250400;37.0;3;504.0;-29.0;475.0
202609250500;37.0;3;495.0;-43.0;452.0
202609250600;37.0;3;487.0;-66.0;421.0
202609250700;37.0;3;481.0;-78.0;403.0
202609250800;37.0;3;475.0;-77.0;398.0
202609250900;37.0;3;452.0;-49.0;403.0
202609251000;37.0;3;421.0;-11.0;410.0
202609251100;37.0;3;403.0;17.0;420.0
202609251200;37.0;3;398.0;31.0;429.0
202609281100;38.0;3;388.0;201.0;589.0
202609281200;38.0;3;404.0;255.0;659.0
202609281300;38.0;3;452.0;296.0;748.0
202609281400;38.0;3;524.0;313.0;837.0
202609281500;38.0;3;589.0;307.0;896.0
202609281600;38.0;3;659.0;262.0;921.0
202609281700;38.0;3;748.0;184.0;932.0
202609281800;38.0;3;837.0;108.0;945.0
202609281900;38.0;3;896.0;59.0;955.0
202609282000;38.0;3;921.0;42.0;963.0
202609282100;38.0;3;932.0;41.0;973.0
202609282200;38.0;3;945.0;37.0;982.0
202609282300;38.0;3;955.0;28.0;983.0
202609290000;38.0;3;963.0;17.0;980.0
202609290100;38.0;3;973.0;2.0;975.0
202609290200;38.0;3;982.0;-15.0;967.0
202609290300;38.0;3;983.0;-18.0;965.0
202609290400;38.0;3;980.0;-17.0;963.0
202609290500;38.0;3;975.0;-18.0;957.0
202609290600;38.0;3;967.0;-4.0;963.0
202609290700;38.0;3;965.0;29.0;994.0
202609290800;38.0;3;963.0;78.0;1041.0
202609290900;38.0;3;957.0;134.0;1091.0
202609291000;38.0;3;963.0;173.0;1136.0
202609291100;38.0;3;994.0;180.0;1174.0
202609291200;38.0;3;1041.0;173.0;1214.0
202609291300;38.0;3;1091.0;165.0;1256.0
202609291400;38.0;3;1136.0;149.0;1285.0
202609291500;38.0;3;1174.0;134.0;1308.0
202609291600;38.0;3;1214.0;107.0;1321.0
202609291700;38.0;3;1256.0;71.0;1327.0
202609291800;38.0;3;1285.0;42.0;1327.0
202609291900;38.0;3;1308.0;17.0;1325.0
202609292000;38.0;3;1321.0;-9.0;1312.0
202609292100;38.0;3;1327.0;-25.0;1302.0
202609292200;38.0;3;1327.0;-35.0;1292.0
202609292300;38.0;3;1325.0;-52.0;1273.0
202609300000;38.0;3;1312.0;-55.0;1257.0
202609300100;38.0;3;1302.0;-69.0;1233.0
202609300200;38.0;3;1292.0;-82.0;1210.0
202609300300;38.0;3;1273.0;-88.0;1185.0
202609300400;38.0;3;1257.0;-99.0;1158.0
202609300500;38.0;3;1233.0;-101.0;1132.0
202609300600;38.0;3;1210.0;-104.0;1106.0
202609300700;38.0;3;1185.0;-106.0;1079.0
202609300800;38.0;3;1158.0;-102.0;1056.0
202609300900;38.0;3;1132.0;-98.0;1034.0
202609301000;38.0;3;1106.0;-99.0;1007.0
202609301100;38.0;3;1079.0;-100.0;979.0
202609301200;38.0;3;1056.0;-96.0;960.0
202609301300;38.0;3;1034.0;-94.0;940.0
202609301400;38.0;3;1007.0;-81.0;926.0
202609301500;38.0;3;979.0;-65.0;914.0
202609301600;38.0;3;960.0;-62.0;898.0
202609301700;38.0;3;940.0;-61.0;879.0
202609301800;38.0;3;926.0;-62.0;864.0
202609301900;38.0;3;914.0;-69.0;845.0
202609302000;38.0;3;898.0;-82.0;816.0
202609302100;38.0;3;879.0;-81.0;798.0
202609302200;38.0;3;864.0;-74.0;790.0
202609302300;38.0;3;845.0;-60.0;785.0
202610010000;38.0;3;816.0;-38.0;778.0
202610010100;38.0;3;798.0;-27.0;771.0
202610010200;38.0;3;790.0;-31.0;759.0
202610010300;38.0;3;785.0;-35.0;750.0
202610010400;38.0;3;778.0;-38.0;740.0
202610010500;38.0;3;771.0;-58.0;713.0
202610010600;38.0;3;759.0;-66.0;693.0
202610010700;38.0;3;750.0;-67.0;683.0
202610010800;38.0;3;740.0;-62.0;678.0
202610010900;38.0;3;713.0;-36.0;677.0
202610011000;38.0;3;693.0;-18.0;675.0
202610011100;38.0;3;683.0;-6.0;677.0
202610011200;38.0;3;678.0;15.0;693.0
202610011300;38.0;3;677.0;19.0;696.0
202610011400;38.0;3;675.0;12.0;687.0
202610011500;38.0;3;677.0;-25.0;652.0
202610011600;38.0;3;693.0;-77.0;616.0
202610011700;38.0;3;696.0;-96.0;600.0
202610011800;38.0;3;687.0;-87.0;600.0
202610011900;38.0;3;652.0;-49.0;603.0
202610012000;38.0;3;616.0;-12.0;604.0
202610012100;38.0;3;600.0;3.0;603.0
202610012200;38.0;3;600.0;-1.0;599.0
202610012300;38.0;3;603.0;-10.0;593.0
202610020000;38.0;3;604.0;-17.0;587.0
202610020100;38.0;3;603.0;-21.0;582.0
202610020200;38.0;3;599.0;-21.0;578.0
202610020300;38.0;3;593.0;-19.0;574.0
202610020400;38.0;3;587.0;-16.0;571.0
202610020500;38.0;3;582.0;-15.0;567.0
202610020600;38.0;3;578.0;-15.0;563.0
202610020700;38.0;3;574.0;-15.0;559.0
202610020800;38.0;3;571.0;-16.0;555.0
202610020900;38.0;3;567.0;-16.0;551.0
202610021000;38.0;3;563.0;-19.0;544.0
202610021100;38.0;3;559.0;-24.0;535.0
202610021200;38.0;3;555.0;-31.0;524.0
202610021300;38.0;3;551.0;-37.0;514.0
202610021400;38.0;3;544.0;-37.0;507.0
202610021500;38.0;3;535.0;-33.0;502.0
202610021600;38.0;3;524.0;-27.0;497.0
202610021700;38.0;3;514.0;-15.0;499.0
202610021800;38.0;3;507.0;-8.0;499.0
202610021900;38.0;3;502.0;1.0;503.0
202610022000;38.0;3;497.0;15.0;512.0
202610022100;38.0;3;499.0;17.0;516.0
202610022200;38.0;3;499.0;17.0;516.0
202610022300;38.0;3;503.0;10.0;513.0
202610030000;38.0;3;512.0;-4.0;508.0
202610030100;38.0;3;516.0;-13.0;503.0
202610030200;38.0;3;516.0;-18.0;498.0
202610030300;38.0;3;513.0;-20.0;493.0
202610030400;38.0;3;508.0;-20.0;488.0
202610030500;38.0;3;503.0;-19.0;484.0
202610030600;38.0;3;498.0;-32.0;466.0
202610030700;38.0;3;493.0;-57.0;436.0
202610030800;38.0;3;488.0;-71.0;417.0
202610030900;38.0;3;484.0;-73.0;411.0
202610031000;38.0;3;466.0;-51.0;415.0
202610031100;38.0;3;436.0;-14.0;422.0
202610031200;38.0;3;417.0;14.0;431.0
202610031300;38.0;3;411.0;27.0;438.0
202610031400;38.0;3;415.0;41.0;456.0
202610031500;38.0;3;422.0;66.0;488.0
202610031600;38.0;3;431.0;70.0;501.0
202610031700;38.0;3;438.0;62.0;500.0
202610031800;38.0;3;456.0;37.0;493.0
202610031900;38.0;3;488.0;-2.0;486.0
202610032000;38.0;3;501.0;-22.0;479.0
202610032100;38.0;3;500.0;-30.0;470.0
202610032200;38.0;3;493.0;-31.0;462.0
202610032300;38.0;3;486.0;-28.0;458.0
202610040000;38.0;3;479.0;-20.0;459.0
202610040100;38.0;3;470.0;-9.0;461.0
202610040200;38.0;3;462.0;2.0;464.0
202610040300;38.0;3;458.0;-7.0;451.0
202610040400;38.0;3;459.0;-27.0;432.0
202610040500;38.0;3;461.0;-26.0;435.0
202610040600;38.0;3;464.0;-11.0;453.0
202610040700;38.0;3;451.0;23.0;474.0
202610040800;38.0;3;432.0;66.0;498.0
202610040900;38.0;3;435.0;83.0;518.0
202610041000;38.0;3;453.0;80.0;533.0
202610041100;38.0;3;474.0;71.0;545.0
202610041200;38.0;3;498.0;56.0;554.0
202610041300;38.0;3;518.0;45.0;563.0
202610041400;38.0;3;533.0;39.0;572.0
202610041500;38.0;3;545.0;48.0;593.0
202610041600;38.0;3;554.0;61.0;615.0
202610041700;38.0;3;563.0;54.0;617.0
202610041800;38.0;3;572.0;35.0;607.0
202610041900;38.0;3;593.0;0.0;593.0
202610042000;38.0;3;615.0;-36.0;579.0
202610042100;38.0;3;617.0;-50.0;567.0
202610042200;38.0;3;607.0;-48.0;559.0
202610042300;38.0;3;593.0;-39.0;554.0
202610050000;38.0;3;579.0;-29.0;550.0
202610050100;38.0;3;567.0;-20.0;547.0
202610050200;38.0;3;559.0;-15.0;544.0
202610050300;38.0;3;554.0;-13.0;541.0
202610050400;38.0;3;550.0;-14.0;536.0
202610050500;38.0;3;547.0;-34.0;513.0
202610050600;38.0;3;544.0;-59.0;485.0
202610050700;38.0;3;541.0;-69.0;472.0
202610050800;38.0;3;536.0;-66.0;470.0
