data_hora;nivel_cm;chuva_mm
2026-09-01 00:00:00;1845.00;0.00
2026-09-01 00:05:00;1846.00;0.00
2026-09-01 00:10:00;1846.00;0.00
2026-09-01 00:15:00;1845.00;0.00
2026-09-01 00:20:00;1845.00;0.00
2026-09-01 00:25:00;1845.00;0.00
2026-09-01 00:30:00;1846.00;0.00
2026-09-01 00:35:00;1845.00;0.00
2026-09-01 00:40:00;1841.00;0.00
2026-09-01 00:45:00;1844.00;0.00
2026-09-01 00:50:00;1844.00;0.00
2026-09-01 00:55:00;1844.00;0.00
2026-09-01 01:00:00;1843.00;0.00
2026-09-01 01:05:00;1844.00;0.00
2026-09-01 01:10:00;1843.00;0.00
2026-09-01 01:15:00;1842.00;0.00
2026-09-01 01:20:00;1842.00;0.00
2026-09-01 01:25:00;1841.00;0.00
2026-09-01 01:30:00;1840.00;0.00
2026-09-01 01:35:00;1840.00;0.00
2026-09-01 01:40:00;1835.00;0.00
2026-09-01 01:45:00;1835.00;0.00
2026-09-01 01:50:00;1835.00;0.00
2026-09-01 01:55:00;1831.00;0.00
2026-09-01 02:00:00;1829.00;0.00
2026-09-01 02:05:00;1831.00;0.00
2026-09-01 02:10:00;1830.00;0.00
2026-09-01 02:15:00;1834.00;0.00
2026-09-01 02:20:00;1824.00;0.00
2026-09-01 02:25:00;1826.00;0.00
2026-09-01 02:30:00;1822.00;0.00
2026-09-01 02:35:00;1816.00;0.00
2026-09-01 02:40:00;1817.00;0.00
2026-09-01 02:45:00;1822.00;0.00
2026-09-01 02:50:00;1812.00;0.00
2026-09-01 02:55:00;1809.00;0.00
2026-09-01 03:00:00;1819.00;0.00
2026-09-01 03:05:00;1826.00;0.00
2026-09-01 03:10:00;1824.00;0.00
2026-09-01 03:15:00;1823.00;0.00
2026-09-01 03:20:00;1825.00;0.00
2026-09-01 03:25:00;1819.00;0.00
2026-09-01 03:30:00;1817.00;0.00
2026-09-01 03:35:00;1818.00;0.00
2026-09-01 03:40:00;1819.00;0.00
2026-09-01 03:45:00;1815.00;0.00
2026-09-01 03:50:00;1818.00;0.00
2026-09-01 03:55:00;1817.00;0.00
2026-09-01 04:00:00;1819.00;0.00
2026-09-01 04:05:00;1818.00;0.00
2026-09-01 04:10:00;1817.00;0.00
2026-09-01 04:15:00;1817.00;0.00
2026-09-01 04:20:00;1817.00;0.00
2026-09-01 04:25:00;1817.00;0.00
2026-09-01 04:30:00;1813.00;0.00
2026-09-01 04:35:00;1813.00;0.00
2026-09-01 04:40:00;1813.00;0.00
2026-09-01 04:45:00;1812.00;0.00
2026-09-01 04:50:00;1810.00;0.00
2026-09-01 04:55:00;1807.00;0.00
2026-09-01 05:00:00;1808.00;0.00
2026-09-01 05:05:00;1808.00;0.00
2026-09-01 05:10:00;1808.00;0.00
2026-09-01 05:15:00;1807.00;0.00
2026-09-01 05:20:00;1806.00;0.00
2026-09-01 05:25:00;1806.00;0.00
2026-09-01 05:30:00;1806.00;0.00
2026-09-01 05:35:00;1805.00;0.00
2026-09-01 05:40:00;1805.00;0.00
2026-09-01 05:45:00;1804.00;0.00
2026-09-01 05:50:00;1804.00;0.00
2026-09-01 05:55:00;1805.00;0.00
2026-09-01 06:00:00;1803.00;0.00
2026-09-01 06:05:00;1803.00;0.00
2026-09-01 06:10:00;1803.00;0.00
2026-09-01 06:15:00;1801.00;0.00
2026-09-01 06:20:00;1802.00;0.00
2026-09-01 06:25:00;1803.00;0.00
2026-09-01 06:30:00;1803.00;0.00
2026-09-01 06:35:00;1803.00;0.00
2026-09-01 06:40:00;1792.00;0.00
2026-09-01 06:45:00;1785.00;0.00
2026-09-01 06:50:00;1791.00;0.00
2026-09-01 06:55:00;1800.00;0.00
2026-09-01 07:00:00;1785.00;0.00
2026-09-01 07:05:00;1798.00;0.00
2026-09-01 07:10:00;1794.00;0.00
2026-09-01 07:15:00;1800.00;0.00
2026-09-01 07:20:00;1799.00;0.00
2026-09-01 07:25:00;1799.00;0.00
2026-09-01 07:30:00;1799.00;0.00
2026-09-01 07:35:00;1799.00;0.00
2026-09-01 07:40:00;1799.00;0.00
2026-09-01 07:45:00;1799.00;0.00
2026-09-01 07:50:00;1798.00;0.00
2026-09-01 07:55:00;1799.00;0.00
2026-09-01 08:00:00;1799.00;0.00
2026-09-01 08:05:00;1798.00;0.00
2026-09-01 08:10:00;1799.00;0.00
2026-09-01 08:15:00;1800.00;0.00
2026-09-01 08:20:00;1799.00;0.00
2026-09-01 08:25:00;1799.00;0.00
2026-09-01 08:30:00;1799.00;0.00
2026-09-01 08:35:00;1795.00;0.00
2026-09-01 08:40:00;1799.00;0.00
2026-09-01 08:45:00;1799.00;0.00
2026-09-01 08:50:00;1798.00;0.00
2026-09-01 08:55:00;1798.00;0.00
2026-09-01 09:00:00;1798.00;0.00
2026-09-01 09:05:00;1798.00;0.00
2026-09-01 09:10:00;1794.00;0.00
2026-09-01 09:15:00;1797.00;0.00
2026-09-01 09:20:00;1795.00;0.00
2026-09-01 09:25:00;1797.00;0.00
2026-09-01 09:30:00;1798.00;0.00
2026-09-01 09:35:00;1797.00;0.00
2026-09-01 09:40:00;1797.00;0.00
2026-09-01 09:45:00;1796.00;0.00
2026-09-01 09:50:00;1797.00;0.00
2026-09-01 09:55:00;1797.00;0.20
2026-09-01 10:00:00;1798.00;0.00
2026-09-01 10:05:00;1797.00;0.00
2026-09-01 10:10:00;1796.00;0.00
2026-09-01 10:15:00;1791.00;0.00
2026-09-01 10:20:00;1797.00;0.00
2026-09-01 10:25:00;1796.00;0.00
2026-09-01 10:30:00;1797.00;0.00
2026-09-01 10:35:00;1798.00;0.00
2026-09-01 10:40:00;1796.00;0.00
2026-09-01 10:45:00;1797.00;0.00
2026-09-01 10:50:00;1798.00;0.00
2026-09-01 10:55:00;1798.00;0.00
2026-09-01 11:00:00;1797.00;0.00
2026-09-01 11:05:00;1797.00;0.00
2026-09-01 11:10:00;1791.00;0.00
2026-09-01 11:15:00;1798.00;0.00
2026-09-01 11:20:00;1796.00;0.00
2026-09-01 11:25:00;1797.00;0.00
2026-09-01 11:30:00;1797.00;0.00
2026-09-01 11:35:00;1784.00;0.40
2026-09-01 11:40:00;1796.00;0.20
2026-09-01 11:45:00;1795.00;0.00
2026-09-01 11:50:00;1796.00;0.20
2026-09-01 11:55:00;1796.00;0.00
2026-09-01 12:00:00;1797.00;0.00
2026-09-01 12:05:00;1797.00;0.00
2026-09-01 12:10:00;1796.00;0.00
2026-09-01 12:15:00;1791.00;0.00
2026-09-01 12:20:00;1788.00;0.00
2026-09-01 12:25:00;1792.00;0.00
2026-09-01 12:30:00;1794.00;0.00
2026-09-01 12:35:00;1794.00;0.00
2026-09-01 12:40:00;1794.00;0.00
2026-09-01 12:45:00;1790.00;0.00
2026-09-01 12:50:00;1794.00;0.00
2026-09-01 12:55:00;1796.00;0.00
2026-09-01 13:00:00;1794.00;0.00
2026-09-01 13:05:00;1791.00;0.00
2026-09-01 13:10:00;1793.00;0.00
2026-09-01 13:15:00;1795.00;0.00
2026-09-01 13:20:00;1795.00;0.00
2026-09-01 13:25:00;1795.00;0.00
2026-09-01 13:30:00;1794.00;
2026-09-01 13:40:00;1791.00;0.00
2026-09-01 13:50:00;;0.00
2026-09-01 13:55:00;1792.00;
2026-09-01 14:00:00;1792.00;0.00
2026-09-01 14:05:00;1792.00;0.00
2026-09-01 14:10:00;1791.00;0.00
2026-09-01 14:20:00;1787.00;0.00
2026-09-01 14:25:00;1786.00;0.00
2026-09-01 14:30:00;1786.00;0.00
2026-09-01 14:35:00;1784.00;0.00
2026-09-01 14:40:00;1785.00;0.00
2026-09-01 14:45:00;1783.00;0.00
2026-09-01 14:50:00;1787.00;0.00
2026-09-01 14:55:00;1785.00;0.00
2026-09-01 15:00:00;1783.00;0.00
2026-09-01 15:05:00;1784.00;0.00
2026-09-01 15:10:00;1783.00;0.00
2026-09-01 15:15:00;1781.00;0.00
2026-09-01 15:20:00;1780.00;0.00
2026-09-01 15:25:00;1782.00;0.00
2026-09-01 15:30:00;1776.00;0.00
2026-09-01 15:35:00;1779.00;0.00
2026-09-01 15:40:00;1779.00;0.00
2026-09-01 15:45:00;1779.00;0.00
2026-09-01 15:50:00;1773.00;0.00
2026-09-01 15:55:00;1769.00;0.00
2026-09-01 16:00:00;1775.00;0.00
2026-09-01 16:05:00;1775.00;0.00
2026-09-01 16:10:00;1779.00;0.00
2026-09-01 16:15:00;1777.00;0.00
2026-09-01 16:20:00;1777.00;0.00
2026-09-01 16:25:00;1774.00;0.00
2026-09-01 16:30:00;1772.00;0.00
2026-09-01 16:35:00;1776.00;0.00
2026-09-01 16:40:00;1765.00;0.00
2026-09-01 16:45:00;1765.00;0.00
2026-09-01 16:50:00;1764.00;0.00
2026-09-01 16:55:00;1775.00;0.00
2026-09-01 17:00:00;1773.00;0.00
2026-09-01 17:05:00;1772.00;0.00
2026-09-01 17:10:00;1770.00;0.00
2026-09-01 17:15:00;1763.00;0.00
2026-09-01 17:20:00;1770.00;0.00
2026-09-01 17:25:00;1769.00;0.00
2026-09-01 17:30:00;1768.00;0.00
2026-09-01 17:35:00;1767.00;0.00
2026-09-01 17:40:00;1767.00;0.00
2026-09-01 17:45:00;1767.00;0.00
2026-09-01 17:50:00;1766.00;0.00
2026-09-01 17:55:00;1765.00;0.00
2026-09-01 18:00:00;1764.00;0.00
2026-09-01 18:05:00;1765.00;0.00
2026-09-01 18:10:00;1764.00;0.00
2026-09-01 18:15:00;1760.00;0.00
2026-09-01 18:20:00;1760.00;0.00
2026-09-01 18:25:00;1755.00;0.00
2026-09-01 18:30:00;1755.00;0.00
2026-09-01 18:35:00;1759.00;0.00
2026-09-01 18:40:00;1756.00;0.00
2026-09-01 18:45:00;1757.00;0.00
2026-09-01 18:50:00;1755.00;0.00
2026-09-01 18:55:00;1756.00;0.00
2026-09-01 19:00:00;1742.00;0.00
2026-09-01 19:05:00;1749.00;0.00
2026-09-01 19:10:00;1750.00;0.00
2026-09-01 19:15:00;1752.00;0.00
2026-09-01 19:20:00;1752.00;0.00
2026-09-01 19:25:00;1750.00;0.00
2026-09-01 19:30:00;1751.00;0.00
2026-09-01 19:35:00;1750.00;0.00
2026-09-01 19:40:00;1750.00;0.00
2026-09-01 19:45:00;1750.00;0.00
2026-09-01 19:50:00;1749.00;0.00
2026-09-01 19:55:00;1749.00;0.00
2026-09-01 20:00:00;1749.00;0.00
2026-09-01 20:05:00;1749.00;0.00
2026-09-01 20:10:00;1746.00;0.00
2026-09-01 20:15:00;1745.00;0.00
2026-09-01 20:20:00;1745.00;0.00
2026-09-01 20:25:00;1745.00;0.00
2026-09-01 20:30:00;1745.00;0.00
2026-09-01 20:35:00;1744.00;0.00
2026-09-01 20:40:00;1743.00;0.00
2026-09-01 20:45:00;1744.00;0.00
2026-09-01 20:50:00;1744.00;0.00
2026-09-01 20:55:00;1744.00;0.00
2026-09-01 21:00:00;1744.00;0.00
2026-09-01 21:05:00;1744.00;0.00
2026-09-01 21:10:00;1744.00;0.00
2026-09-01 21:15:00;1742.00;0.00
2026-09-01 21:20:00;1742.00;0.00
2026-09-01 21:25:00;1740.00;0.00
2026-09-01 21:30:00;1739.00;0.00
2026-09-01 21:35:00;1739.00;0.00
2026-09-01 21:40:00;1739.00;0.00
2026-09-01 21:45:00;1739.00;0.00
2026-09-01 21:50:00;1739.00;0.00
2026-09-01 21:55:00;1738.00;0.00
2026-09-01 22:00:00;1738.00;0.00
2026-09-01 22:05:00;1738.00;0.00
2026-09-01 22:10:00;1738.00;0.00
2026-09-01 22:15:00;1739.00;0.00
2026-09-01 22:20:00;1739.00;0.00
2026-09-01 22:25:00;1739.00;0.00
2026-09-01 22:30:00;1738.00;0.00
2026-09-01 22:35:00;1737.00;0.00
2026-09-01 22:40:00;1735.00;0.00
2026-09-01 22:45:00;1735.00;0.00
2026-09-01 22:50:00;1729.00;0.00
2026-09-01 22:55:00;1739.00;0.00
2026-09-01 23:00:00;1738.00;0.00
2026-09-01 23:05:00;1738.00;0.00
2026-09-01 23:10:00;1739.00;0.00
2026-09-01 23:15:00;1740.00;0.00
2026-09-01 23:20:00;1734.00;0.00
2026-09-01 23:25:00;1735.00;0.00
2026-09-01 23:30:00;1739.00;0.00
2026-09-01 23:35:00;1739.00;0.00
2026-09-01 23:40:00;1741.00;0.00
2026-09-01 23:45:00;1745.00;0.00
2026-09-01 23:50:00;1743.00;0.00
2026-09-01 23:55:00;1745.00;0.00
2026-09-02 00:00:00;1745.00;0.00
2026-09-02 00:05:00;1745.00;0.00
2026-09-02 00:10:00;1746.00;0.00
2026-09-02 00:15:00;1746.00;0.00
2026-09-02 00:20:00;1746.00;0.00
2026-09-02 00:25:00;1746.00;0.00
2026-09-02 00:30:00;1746.00;0.00
2026-09-02 00:35:00;1746.00;0.00
2026-09-02 00:40:00;1748.00;0.00
2026-09-02 00:45:00;1750.00;0.00
2026-09-02 00:50:00;1750.00;0.00
2026-09-02 00:55:00;1752.00;0.00
2026-09-02 01:00:00;1751.00;0.00
2026-09-02 01:05:00;1751.00;0.00
2026-09-02 01:10:00;1752.00;0.00
2026-09-02 01:15:00;1753.00;0.00
2026-09-02 01:20:00;1753.00;0.00
2026-09-02 01:25:00;1753.00;0.00
2026-09-02 01:30:00;1754.00;0.00
2026-09-02 01:35:00;1756.00;0.00
2026-09-02 01:40:00;1755.00;0.00
2026-09-02 01:45:00;1756.00;0.00
2026-09-02 01:50:00;1757.00;0.00
2026-09-02 01:55:00;1756.00;0.00
2026-09-02 02:00:00;1757.00;0.00
2026-09-02 02:05:00;1753.00;0.00
2026-09-02 02:10:00;1758.00;0.00
2026-09-02 02:15:00;1757.00;0.00
2026-09-02 02:20:00;1756.00;0.00
2026-09-02 02:25:00;1756.00;0.00
2026-09-02 02:30:00;1755.00;0.00
2026-09-02 02:35:00;1759.00;0.00
2026-09-02 02:40:00;1759.00;0.00
2026-09-02 02:45:00;1759.00;0.00
2026-09-02 02:50:00;1758.00;0.00
2026-09-02 02:55:00;1758.00;0.00
2026-09-02 03:00:00;1758.00;0.00
2026-09-02 03:05:00;1758.00;0.00
2026-09-02 03:10:00;1758.00;0.00
2026-09-02 03:15:00;1758.00;0.00
2026-09-02 03:20:00;1758.00;0.00
2026-09-02 03:25:00;1758.00;0.00
2026-09-02 03:30:00;1757.00;0.00
2026-09-02 03:35:00;1757.00;0.00
2026-09-02 03:40:00;1756.00;0.00
2026-09-02 03:45:00;1755.00;0.00
2026-09-02 03:50:00;1756.00;0.00
2026-09-02 03:55:00;1756.00;0.00
2026-09-02 04:00:00;1756.00;0.00
2026-09-02 04:05:00;1756.00;0.00
2026-09-02 04:10:00;1756.00;0.00
2026-09-02 04:15:00;1753.00;0.00
2026-09-02 04:20:00;1752.00;0.00
2026-09-02 04:25:00;1752.00;0.00
2026-09-02 04:30:00;1752.00;0.00
2026-09-02 04:35:00;1751.00;0.00
2026-09-02 04:40:00;1751.00;0.00
2026-09-02 04:45:00;1750.00;0.00
2026-09-02 04:50:00;1750.00;0.00
2026-09-02 04:55:00;1748.00;0.00
2026-09-02 05:00:00;1748.00;0.00
2026-09-02 05:05:00;1748.00;0.00
2026-09-02 05:10:00;1747.00;0.00
2026-09-02 05:15:00;1745.00;0.00
2026-09-02 05:20:00;1744.00;0.00
2026-09-02 05:25:00;1744.00;0.00
2026-09-02 05:30:00;1744.00;0.00
2026-09-02 05:35:00;1744.00;0.00
2026-09-02 05:40:00;1744.00;0.00
2026-09-02 05:45:00;1741.00;0.00
2026-09-02 05:50:00;1738.00;0.00
2026-09-02 05:55:00;1738.00;0.00
2026-09-02 06:00:00;1737.00;0.00
2026-09-02 06:05:00;1737.00;0.00
2026-09-02 06:10:00;1737.00;0.00
2026-09-02 06:15:00;1737.00;0.00
2026-09-02 06:20:00;1733.00;0.00
2026-09-02 06:25:00;1731.00;0.00
2026-09-02 06:30:00;1730.00;0.00
2026-09-02 06:35:00;1730.00;0.00
2026-09-02 06:40:00;1730.00;0.00
2026-09-02 06:45:00;1730.00;0.00
2026-09-02 06:50:00;1725.00;0.00
2026-09-02 06:55:00;1725.00;0.00
2026-09-02 07:00:00;1724.00;0.00
2026-09-02 07:05:00;1724.00;0.00
2026-09-02 07:10:00;1723.00;0.00
2026-09-02 07:15:00;1723.00;0.00
2026-09-02 07:20:00;1723.00;0.00
2026-09-02 07:25:00;1721.00;0.00
2026-09-02 07:30:00;1719.00;0.00
2026-09-02 07:35:00;1718.00;0.00
2026-09-02 07:40:00;1716.00;0.00
2026-09-02 07:45:00;1717.00;0.00
2026-09-02 07:50:00;1717.00;0.00
2026-09-02 07:55:00;1717.00;0.00
2026-09-02 08:00:00;1713.00;0.00
2026-09-02 08:05:00;1711.00;0.00
2026-09-02 08:10:00;1712.00;0.00
2026-09-02 08:15:00;1710.00;0.00
2026-09-02 08:20:00;1710.00;0.00
2026-09-02 08:25:00;1710.00;0.00
2026-09-02 08:30:00;1710.00;0.00
2026-09-02 08:35:00;1709.00;0.00
2026-09-02 08:40:00;1706.00;0.00
2026-09-02 08:45:00;1703.00;0.00
2026-09-02 08:50:00;1702.00;0.00
2026-09-02 08:55:00;1701.00;0.00
2026-09-02 09:00:00;1700.00;0.00
2026-09-02 09:05:00;1700.00;0.00
2026-09-02 09:10:00;1698.00;0.00
2026-09-02 09:15:00;1697.00;0.00
2026-09-02 09:20:00;1697.00;0.00
2026-09-02 09:25:00;1698.00;0.00
2026-09-02 09:30:00;1696.00;0.00
2026-09-02 09:35:00;1689.00;0.00
2026-09-02 09:40:00;1687.00;0.00
2026-09-02 09:45:00;1691.00;0.00
2026-09-02 09:50:00;1687.00;0.00
2026-09-02 09:55:00;1692.00;0.00
2026-09-02 10:00:00;1693.00;0.00
2026-09-02 10:05:00;1692.00;0.00
2026-09-02 10:10:00;1689.00;0.00
2026-09-02 10:15:00;1688.00;0.00
2026-09-02 10:20:00;1691.00;0.00
2026-09-02 10:25:00;1691.00;0.00
2026-09-02 10:30:00;1691.00;0.00
2026-09-02 10:35:00;1692.00;0.00
2026-09-02 10:40:00;1692.00;0.00
2026-09-02 10:45:00;1692.00;0.00
2026-09-02 10:50:00;1691.00;0.00
2026-09-02 10:55:00;1688.00;0.00
2026-09-02 11:00:00;1689.00;0.00
2026-09-02 11:05:00;1689.00;0.00
2026-09-02 11:10:00;1685.00;0.00
2026-09-02 11:15:00;1688.00;0.00
2026-09-02 11:20:00;1691.00;0.00
2026-09-02 11:25:00;1690.00;0.00
2026-09-02 11:30:00;1690.00;0.00
2026-09-02 11:35:00;1689.00;0.00
2026-09-02 11:40:00;1690.00;0.00
2026-09-02 11:45:00;1689.00;0.00
2026-09-02 11:50:00;1686.00;0.00
2026-09-02 11:55:00;1686.00;0.00
2026-09-02 12:00:00;1689.00;0.00
2026-09-02 12:05:00;1683.00;0.00
2026-09-02 12:10:00;1685.00;0.00
2026-09-02 12:15:00;1687.00;0.00
2026-09-02 12:20:00;1687.00;0.00
2026-09-02 12:25:00;1682.00;0.00
2026-09-02 12:30:00;1685.00;0.00
2026-09-02 12:35:00;1683.00;0.00
2026-09-02 12:40:00;1688.00;0.00
2026-09-02 12:45:00;1688.00;0.00
2026-09-02 12:50:00;1680.00;0.00
2026-09-02 12:55:00;1684.00;0.00
2026-09-02 13:00:00;1684.00;0.00
2026-09-02 13:05:00;1684.00;0.00
2026-09-02 13:10:00;1681.00;0.00
2026-09-02 13:15:00;1684.00;0.00
2026-09-02 13:20:00;1681.00;0.00
2026-09-02 13:25:00;1681.00;0.00
2026-09-02 13:30:00;1680.00;0.00
2026-09-02 13:35:00;1681.00;0.00
2026-09-02 13:40:00;1683.00;0.00
2026-09-02 13:45:00;1682.00;0.00
2026-09-02 13:50:00;1679.00;0.00
2026-09-02 13:55:00;1679.00;0.00
2026-09-02 14:00:00;1681.00;0.00
2026-09-02 14:05:00;1677.00;0.00
2026-09-02 14:10:00;1680.00;0.00
2026-09-02 14:15:00;1684.00;0.00
2026-09-02 14:20:00;1684.00;0.00
2026-09-02 14:25:00;1680.00;0.00
2026-09-02 14:30:00;1679.00;0.00
2026-09-02 14:35:00;1684.00;0.00
2026-09-02 14:40:00;1682.00;0.00
2026-09-02 14:45:00;1683.00;0.00
2026-09-02 14:50:00;1684.00;0.00
2026-09-02 14:55:00;1682.00;0.00
2026-09-02 15:00:00;1680.00;0.00
2026-09-02 15:05:00;1682.00;0.00
2026-09-02 15:10:00;1681.00;0.00
2026-09-02 15:15:00;1684.00;0.00
2026-09-02 15:20:00;1684.00;0.00
2026-09-02 15:25:00;1684.00;0.00
2026-09-02 15:30:00;1679.00;0.00
2026-09-02 15:35:00;1680.00;0.00
2026-09-02 15:40:00;1678.00;0.00
2026-09-02 15:45:00;1680.00;0.00
2026-09-02 15:50:00;1682.00;0.00
2026-09-02 15:55:00;1682.00;0.00
2026-09-02 16:00:00;1680.00;0.00
2026-09-02 16:05:00;1676.00;0.00
2026-09-02 16:10:00;1676.00;0.00
2026-09-02 16:15:00;1676.00;0.00
2026-09-02 16:20:00;1676.00;0.00
2026-09-02 16:25:00;1676.00;0.00
2026-09-02 16:30:00;1673.00;0.00
2026-09-02 16:35:00;1675.00;0.00
2026-09-02 16:40:00;1675.00;0.00
2026-09-02 16:45:00;1674.00;0.00
2026-09-02 16:50:00;1672.00;0.00
2026-09-02 16:55:00;1670.00;0.00
2026-09-02 17:00:00;1671.00;0.00
2026-09-02 17:05:00;1670.00;0.00
2026-09-02 17:10:00;1670.00;0.00
2026-09-02 17:15:00;1670.00;0.00
2026-09-02 17:20:00;1670.00;0.00
2026-09-02 17:25:00;1669.00;0.00
2026-09-02 17:30:00;1669.00;0.00
2026-09-02 17:35:00;1669.00;0.00
2026-09-02 17:40:00;1668.00;0.00
2026-09-02 17:45:00;1666.00;0.00
2026-09-02 17:50:00;1666.00;0.00
2026-09-02 17:55:00;1665.00;0.00
2026-09-02 18:00:00;1664.00;0.00
2026-09-02 18:05:00;1663.00;0.00
2026-09-02 18:10:00;1663.00;0.00
2026-09-02 18:15:00;1663.00;0.00
2026-09-02 18:20:00;1663.00;0.00
2026-09-02 18:25:00;1663.00;0.00
2026-09-02 18:30:00;1662.00;0.00
2026-09-02 18:35:00;1661.00;0.00
2026-09-02 18:40:00;1659.00;0.00
2026-09-02 18:45:00;1658.00;0.00
2026-09-02 18:50:00;1658.00;0.00
2026-09-02 18:55:00;1658.00;0.00
2026-09-02 19:00:00;1657.00;0.00
2026-09-02 19:05:00;1656.00;0.00
2026-09-02 19:10:00;1655.00;0.00
2026-09-02 19:15:00;1655.00;0.00
2026-09-02 19:20:00;1656.00;0.00
2026-09-02 19:25:00;1656.00;0.00
2026-09-02 19:30:00;1655.00;0.00
2026-09-02 19:35:00;1655.00;0.00
2026-09-02 19:40:00;1655.00;0.00
2026-09-02 19:45:00;1655.00;0.00
2026-09-02 19:50:00;1655.00;0.00
2026-09-02 19:55:00;1655.00;0.00
2026-09-02 20:00:00;1652.00;0.00
2026-09-02 20:05:00;1651.00;0.00
2026-09-02 20:10:00;1651.00;0.00
2026-09-02 20:15:00;1651.00;0.00
2026-09-02 20:20:00;1651.00;0.00
2026-09-02 20:25:00;1652.00;0.00
2026-09-02 20:30:00;1652.00;0.00
2026-09-02 20:35:00;1652.00;0.00
2026-09-02 20:40:00;1652.00;0.00
2026-09-02 20:45:00;1651.00;0.00
2026-09-02 20:50:00;1651.00;0.00
2026-09-02 20:55:00;1652.00;0.00
2026-09-02 21:00:00;1651.00;0.00
2026-09-02 21:05:00;1650.00;0.00
2026-09-02 21:10:00;1651.00;0.00
2026-09-02 21:15:00;1652.00;0.00
2026-09-02 21:20:00;1651.00;0.00
2026-09-02 21:25:00;1651.00;0.00
2026-09-02 21:30:00;1651.00;0.00
2026-09-02 21:35:00;1650.00;0.00
2026-09-02 21:40:00;1651.00;0.00
2026-09-02 21:45:00;1651.00;0.00
2026-09-02 21:50:00;1651.00;0.00
2026-09-02 21:55:00;1651.00;0.00
2026-09-02 22:00:00;1652.00;0.00
2026-09-02 22:05:00;1652.00;0.00
2026-09-02 22:10:00;1652.00;0.00
2026-09-02 22:15:00;1645.00;0.00
2026-09-02 22:20:00;1646.00;0.00
2026-09-02 22:25:00;1646.00;0.00
2026-09-02 22:30:00;1646.00;0.00
2026-09-02 22:35:00;1646.00;0.00
2026-09-02 22:40:00;1648.00;0.00
2026-09-02 22:45:00;1650.00;0.00
2026-09-02 22:50:00;1651.00;0.00
2026-09-02 22:55:00;1651.00;0.00
2026-09-02 23:00:00;1652.00;0.00
2026-09-02 23:05:00;1653.00;0.00
2026-09-02 23:10:00;1653.00;0.00
2026-09-02 23:15:00;1655.00;0.00
2026-09-02 23:20:00;1655.00;0.00
2026-09-02 23:25:00;1654.00;0.00
2026-09-02 23:30:00;1656.00;0.00
2026-09-02 23:35:00;1658.00;0.00
2026-09-02 23:40:00;1658.00;0.00
2026-09-02 23:45:00;1658.00;0.00
2026-09-02 23:50:00;1657.00;0.00
2026-09-02 23:55:00;1653.00;0.00
2026-09-03 00:00:00;1657.00;0.00
2026-09-03 00:05:00;1657.00;0.00
2026-09-03 00:10:00;1657.00;0.00
2026-09-03 00:15:00;1657.00;0.00
2026-09-03 00:20:00;1657.00;0.00
2026-09-03 00:25:00;1657.00;0.00
2026-09-03 00:30:00;1659.00;0.00
2026-09-03 00:35:00;1660.00;0.00
2026-09-03 00:40:00;1660.00;0.00
2026-09-03 00:45:00;1660.00;0.00
2026-09-03 00:50:00;1661.00;0.00
2026-09-03 00:55:00;1662.00;0.00
2026-09-03 01:00:00;1662.00;0.00
2026-09-03 01:05:00;1662.00;0.00
2026-09-03 01:10:00;1662.00;0.00
2026-09-03 01:15:00;1662.00;0.00
2026-09-03 01:20:00;1662.00;0.00
2026-09-03 01:25:00;1662.00;0.00
2026-09-03 01:30:00;1662.00;0.00
2026-09-03 01:35:00;1662.00;0.00
2026-09-03 01:40:00;1662.00;0.00
2026-09-03 01:45:00;1662.00;0.00
2026-09-03 01:50:00;1662.00;0.00
2026-09-03 01:55:00;1663.00;0.20
2026-09-03 02:00:00;1663.00;0.00
2026-09-03 02:05:00;1662.00;0.00
2026-09-03 02:10:00;1662.00;0.00
2026-09-03 02:15:00;1661.00;0.00
2026-09-03 02:20:00;1661.00;0.00
2026-09-03 02:25:00;1661.00;0.00
2026-09-03 02:30:00;1661.00;0.00
2026-09-03 02:35:00;1661.00;0.00
2026-09-03 02:40:00;1662.00;0.00
2026-09-03 02:45:00;1662.00;0.00
2026-09-03 02:50:00;1662.00;0.00
2026-09-03 02:55:00;1662.00;0.00
2026-09-03 03:00:00;1661.00;0.00
2026-09-03 03:05:00;1658.00;0.00
2026-09-03 03:10:00;1658.00;0.00
2026-09-03 03:15:00;1658.00;0.00
2026-09-03 03:20:00;1659.00;0.00
2026-09-03 03:25:00;1657.00;0.00
2026-09-03 03:30:00;1658.00;0.00
2026-09-03 03:35:00;1657.00;0.00
2026-09-03 03:40:00;1657.00;0.00
2026-09-03 03:45:00;1657.00;0.00
2026-09-03 03:50:00;1656.00;0.00
2026-09-03 03:55:00;1656.00;0.00
2026-09-03 04:00:00;1657.00;0.00
2026-09-03 04:05:00;1656.00;0.00
2026-09-03 04:10:00;1656.00;0.00
2026-09-03 04:15:00;1656.00;0.00
2026-09-03 04:20:00;1656.00;0.00
2026-09-03 04:25:00;1655.00;0.00
2026-09-03 04:30:00;1655.00;0.00
2026-09-03 04:35:00;1655.00;0.00
2026-09-03 04:40:00;1654.00;0.00
2026-09-03 04:45:00;1652.00;0.00
2026-09-03 04:50:00;1651.00;0.00
2026-09-03 04:55:00;1651.00;0.00
2026-09-03 05:00:00;1651.00;0.00
2026-09-03 05:05:00;1650.00;0.00
2026-09-03 05:10:00;1650.00;0.00
2026-09-03 05:15:00;1650.00;0.00
2026-09-03 05:20:00;1650.00;0.00
2026-09-03 05:25:00;1649.00;0.00
2026-09-03 05:30:00;1649.00;0.00
2026-09-03 05:35:00;1648.00;0.00
2026-09-03 05:40:00;1642.00;0.00
2026-09-03 05:45:00;1637.00;0.00
2026-09-03 05:50:00;1645.00;0.00
2026-09-03 05:55:00;1645.00;0.00
2026-09-03 06:00:00;1646.00;0.00
2026-09-03 06:05:00;1646.00;0.00
2026-09-03 06:10:00;1644.00;0.00
2026-09-03 06:15:00;1643.00;0.00
2026-09-03 06:20:00;1643.00;0.00
2026-09-03 06:25:00;1644.00;0.00
2026-09-03 06:30:00;1644.00;0.00
2026-09-03 06:35:00;1644.00;0.00
2026-09-03 06:40:00;1642.00;0.00
2026-09-03 06:45:00;1642.00;0.00
2026-09-03 06:50:00;1643.00;0.00
2026-09-03 06:55:00;1643.00;0.00
2026-09-03 07:00:00;1643.00;0.00
2026-09-03 07:05:00;1641.00;0.00
2026-09-03 07:10:00;1641.00;0.00
2026-09-03 07:15:00;1641.00;0.00
2026-09-03 07:20:00;1642.00;0.00
2026-09-03 07:25:00;1642.00;0.20
2026-09-03 07:30:00;1640.00;0.00
2026-09-03 07:35:00;1638.00;0.00
2026-09-03 07:40:00;1638.00;0.00
2026-09-03 07:45:00;1638.00;0.00
2026-09-03 07:50:00;1638.00;0.00
2026-09-03 07:55:00;1638.00;0.00
2026-09-03 08:00:00;1638.00;0.00
2026-09-03 08:05:00;1637.00;0.00
2026-09-03 08:10:00;1637.00;0.00
2026-09-03 08:15:00;1635.00;0.00
2026-09-03 08:20:00;1636.00;0.00
2026-09-03 08:25:00;1635.00;0.00
2026-09-03 08:30:00;1635.00;0.00
2026-09-03 08:35:00;1635.00;0.00
2026-09-03 08:40:00;1633.00;0.00
2026-09-03 08:45:00;1629.00;0.00
2026-09-03 08:50:00;1632.00;0.00
2026-09-03 08:55:00;1632.00;0.00
2026-09-03 09:00:00;1632.00;0.00
2026-09-03 09:05:00;1632.00;0.00
2026-09-03 09:10:00;1632.00;0.00
2026-09-03 09:15:00;1632.00;0.00
2026-09-03 09:20:00;1632.00;0.00
2026-09-03 09:25:00;1625.00;0.00
2026-09-03 09:30:00;1629.00;0.00
2026-09-03 09:35:00;1629.00;0.00
2026-09-03 09:40:00;1630.00;0.00
2026-09-03 09:45:00;1630.00;0.00
2026-09-03 09:50:00;1630.00;0.00
2026-09-03 09:55:00;1630.00;0.00
2026-09-03 10:00:00;1630.00;0.00
2026-09-03 10:05:00;1630.00;0.00
2026-09-03 10:10:00;1630.00;0.00
2026-09-03 10:15:00;1630.00;0.00
2026-09-03 10:20:00;1629.00;0.00
2026-09-03 10:25:00;1626.00;0.00
2026-09-03 10:30:00;1626.00;0.00
2026-09-03 10:35:00;1625.00;0.00
2026-09-03 10:40:00;1624.00;0.00
2026-09-03 10:45:00;1625.00;0.00
2026-09-03 10:50:00;1625.00;0.00
2026-09-03 10:55:00;1618.00;0.00
2026-09-03 11:00:00;1621.00;0.00
2026-09-03 11:05:00;1620.00;0.00
2026-09-03 11:10:00;1620.00;0.00
2026-09-03 11:15:00;1622.00;0.00
2026-09-03 11:20:00;1623.00;0.00
2026-09-03 11:25:00;1619.00;0.00
2026-09-03 11:30:00;1619.00;0.00
2026-09-03 11:35:00;1606.00;0.00
2026-09-03 11:40:00;1603.00;0.00
2026-09-03 11:45:00;1601.00;0.00
2026-09-03 11:50:00;1601.00;0.00
2026-09-03 11:55:00;1611.00;0.00
2026-09-03 12:00:00;1616.00;0.00
2026-09-03 12:05:00;1612.00;0.00
2026-09-03 12:10:00;1610.00;0.00
2026-09-03 12:15:00;1608.00;0.00
2026-09-03 12:20:00;1606.00;0.00
2026-09-03 12:25:00;1611.00;0.00
2026-09-03 12:30:00;1598.00;0.00
2026-09-03 12:35:00;1601.00;0.00
2026-09-03 12:40:00;1598.00;0.00
2026-09-03 12:45:00;1600.00;0.00
2026-09-03 12:50:00;1598.00;0.00
2026-09-03 12:55:00;1599.00;0.00
2026-09-03 13:00:00;1598.00;0.00
2026-09-03 13:05:00;1600.00;0.00
2026-09-03 13:10:00;1594.00;0.00
2026-09-03 13:15:00;1593.00;0.00
2026-09-03 13:20:00;1594.00;0.00
2026-09-03 13:25:00;1596.00;0.00
2026-09-03 13:30:00;1599.00;0.00
2026-09-03 13:35:00;1595.00;0.00
2026-09-03 13:40:00;1594.00;0.00
2026-09-03 13:45:00;1591.00;0.00
2026-09-03 13:50:00;1589.00;0.00
2026-09-03 13:55:00;1592.00;0.00
2026-09-03 14:00:00;1591.00;0.00
2026-09-03 14:05:00;1590.00;0.00
2026-09-03 14:10:00;1591.00;0.00
2026-09-03 14:15:00;1599.00;0.00
2026-09-03 14:20:00;1595.00;0.00
2026-09-03 14:25:00;1594.00;0.00
2026-09-03 14:30:00;1593.00;0.00
2026-09-03 14:35:00;1594.00;0.00
2026-09-03 14:40:00;1593.00;0.00
2026-09-03 14:45:00;1597.00;0.00
2026-09-03 14:50:00;1594.00;0.00
2026-09-03 14:55:00;1594.00;0.00
2026-09-03 15:00:00;1594.00;0.00
2026-09-03 15:05:00;1589.00;0.00
2026-09-03 15:10:00;1593.00;0.00
2026-09-03 15:15:00;1597.00;0.00
2026-09-03 15:20:00;1597.00;0.00
2026-09-03 15:25:00;1598.00;0.00
2026-09-03 15:30:00;1600.00;0.00
2026-09-03 15:35:00;1604.00;0.00
2026-09-03 15:40:00;1605.00;0.00
2026-09-03 15:45:00;1601.00;0.00
2026-09-03 15:50:00;1598.00;0.00
2026-09-03 15:55:00;1590.00;0.00
2026-09-03 16:00:00;1595.00;0.00
2026-09-03 16:05:00;1603.00;0.00
2026-09-03 16:10:00;1608.00;0.00
2026-09-03 16:15:00;1608.00;0.00
2026-09-03 16:20:00;1608.00;0.00
2026-09-03 16:25:00;1608.00;0.00
2026-09-03 16:30:00;1608.00;0.00
2026-09-03 16:35:00;1608.00;0.00
2026-09-03 16:40:00;1608.00;0.00
2026-09-03 16:45:00;1608.00;0.00
2026-09-03 16:50:00;1608.00;0.00
2026-09-03 16:55:00;1608.00;0.00
2026-09-03 17:00:00;1608.00;0.00
2026-09-03 17:05:00;1608.00;0.00
2026-09-03 17:10:00;1598.00;0.00
2026-09-03 17:15:00;1592.00;0.00
2026-09-03 17:20:00;1589.00;0.00
2026-09-03 17:25:00;1581.00;0.00
2026-09-03 17:30:00;1585.00;0.00
2026-09-03 17:35:00;1590.00;0.00
2026-09-03 17:40:00;1593.00;0.00
2026-09-03 17:45:00;1593.00;0.00
2026-09-03 17:50:00;1592.00;0.00
2026-09-03 17:55:00;1592.00;0.00
2026-09-03 18:00:00;1592.00;0.00
2026-09-03 18:05:00;1592.00;0.00
2026-09-03 18:10:00;1592.00;0.00
2026-09-03 18:15:00;1592.00;0.00
2026-09-03 18:20:00;1592.00;0.00
2026-09-03 18:25:00;1592.00;0.00
2026-09-03 18:30:00;1592.00;0.00
2026-09-03 18:35:00;1592.00;0.00
2026-09-03 18:40:00;1592.00;0.00
2026-09-03 18:45:00;1592.00;0.00
2026-09-03 18:50:00;1592.00;0.00
2026-09-03 18:55:00;1592.00;0.00
2026-09-03 19:00:00;1592.00;0.00
2026-09-03 19:05:00;1592.00;0.00
2026-09-03 19:10:00;1592.00;0.00
2026-09-03 19:15:00;1592.00;0.00
2026-09-03 19:20:00;1592.00;0.00
2026-09-03 19:25:00;1592.00;0.00
2026-09-03 19:30:00;1592.00;0.00
2026-09-03 19:35:00;1592.00;0.00
2026-09-03 19:40:00;1592.00;0.00
2026-09-03 19:45:00;1592.00;0.00
2026-09-03 19:50:00;1579.00;0.00
2026-09-03 19:55:00;1566.00;0.00
2026-09-03 20:00:00;1565.00;0.00
2026-09-03 20:05:00;1563.00;0.00
2026-09-03 20:10:00;1556.00;0.00
2026-09-03 20:15:00;1557.00;0.00
2026-09-03 20:20:00;1558.00;0.00
2026-09-03 20:25:00;1557.00;0.00
2026-09-03 20:30:00;1562.00;0.00
2026-09-03 20:35:00;1556.00;0.00
2026-09-03 20:40:00;1561.00;0.00
2026-09-03 20:45:00;1551.00;0.00
2026-09-03 20:50:00;1549.00;0.00
2026-09-03 20:55:00;1558.00;0.00
2026-09-03 21:00:00;1558.00;0.00
2026-09-03 21:05:00;1553.00;0.00
2026-09-03 21:10:00;1553.00;0.00
2026-09-03 21:15:00;1556.00;0.00
2026-09-03 21:20:00;1557.00;0.00
2026-09-03 21:25:00;1556.00;0.00
2026-09-03 21:30:00;1557.00;0.00
2026-09-03 21:35:00;1556.00;0.00
2026-09-03 21:40:00;1559.00;0.00
2026-09-03 21:45:00;1559.00;0.00
2026-09-03 21:50:00;1563.00;0.00
2026-09-03 21:55:00;1558.00;0.00
2026-09-03 22:00:00;1564.00;0.00
2026-09-03 22:05:00;1559.00;0.00
2026-09-03 22:10:00;1565.00;0.00
2026-09-03 22:15:00;1562.00;0.00
2026-09-03 22:20:00;1557.00;0.00
2026-09-03 22:25:00;1562.00;0.00
2026-09-03 22:30:00;1565.00;0.00
2026-09-03 22:35:00;1567.00;0.00
2026-09-03 22:40:00;1568.00;0.00
2026-09-03 22:45:00;1567.00;0.00
2026-09-03 22:50:00;1571.00;0.00
2026-09-03 22:55:00;1570.00;0.00
2026-09-03 23:00:00;1563.00;0.00
2026-09-03 23:05:00;1564.00;0.00
2026-09-03 23:10:00;1573.00;0.00
2026-09-03 23:15:00;1574.00;0.00
2026-09-03 23:20:00;1574.00;0.00
2026-09-03 23:25:00;1574.00;0.00
2026-09-03 23:30:00;1577.00;0.00
2026-09-03 23:35:00;1579.00;0.00
2026-09-03 23:40:00;1579.00;0.00
2026-09-03 23:45:00;1577.00;0.00
2026-09-03 23:50:00;1576.00;0.00
2026-09-03 23:55:00;1580.00;0.00
2026-09-04 00:00:00;1581.00;0.00
2026-09-04 00:05:00;1581.00;0.00
2026-09-04 00:10:00;1581.00;0.00
2026-09-04 00:15:00;1584.00;0.00
2026-09-04 00:20:00;1583.00;0.00
2026-09-04 00:25:00;1586.00;0.00
2026-09-04 00:30:00;1586.00;0.00
2026-09-04 00:35:00;1586.00;0.00
2026-09-04 00:40:00;1586.00;0.00
2026-09-04 00:45:00;1586.00;0.00
2026-09-04 00:50:00;1586.00;0.00
2026-09-04 00:55:00;1588.00;0.00
2026-09-04 01:00:00;1583.00;0.00
2026-09-04 01:05:00;1589.00;0.00
2026-09-04 01:10:00;1591.00;0.00
2026-09-04 01:15:00;1591.00;0.00
2026-09-04 01:20:00;1591.00;0.00
2026-09-04 01:25:00;1591.00;0.00
2026-09-04 01:30:00;1591.00;0.00
2026-09-04 01:35:00;1593.00;0.00
2026-09-04 01:40:00;1596.00;0.00
2026-09-04 01:45:00;1596.00;0.00
2026-09-04 01:50:00;1596.00;0.00
2026-09-04 01:55:00;1596.00;0.00
2026-09-04 02:00:00;1596.00;0.00
2026-09-04 02:05:00;1597.00;0.00
2026-09-04 02:10:00;1597.00;0.00
2026-09-04 02:15:00;1600.00;0.00
2026-09-04 02:20:00;1602.00;0.00
2026-09-04 02:25:00;1602.00;0.00
2026-09-04 02:30:00;1603.00;0.00
2026-09-04 02:35:00;1604.00;0.00
2026-09-04 02:40:00;1603.00;0.00
2026-09-04 02:45:00;1603.00;0.00
2026-09-04 02:50:00;1603.00;0.00
2026-09-04 02:55:00;1605.00;0.00
2026-09-04 03:00:00;1605.00;0.00
2026-09-04 03:05:00;1605.00;0.00
2026-09-04 03:10:00;1606.00;0.00
2026-09-04 03:15:00;1606.00;0.00
2026-09-04 03:20:00;1606.00;0.00
2026-09-04 03:25:00;1607.00;0.00
2026-09-04 03:30:00;1608.00;0.00
2026-09-04 03:35:00;1608.00;0.00
2026-09-04 03:40:00;1608.00;0.00
2026-09-04 03:45:00;1608.00;0.00
2026-09-04 03:50:00;1609.00;0.00
2026-09-04 03:55:00;1609.00;0.00
2026-09-04 04:00:00;1609.00;0.00
2026-09-04 04:05:00;1608.00;0.00
2026-09-04 04:10:00;1607.00;0.00
2026-09-04 04:15:00;1607.00;0.00
2026-09-04 04:20:00;1608.00;0.00
2026-09-04 04:25:00;1609.00;0.00
2026-09-04 04:30:00;1609.00;0.00
2026-09-04 04:35:00;1609.00;0.00
2026-09-04 04:40:00;1609.00;0.00
2026-09-04 04:45:00;1609.00;0.00
2026-09-04 04:50:00;1609.00;0.00
2026-09-04 04:55:00;1609.00;0.00
2026-09-04 05:00:00;1609.00;0.00
2026-09-04 05:05:00;1609.00;0.00
2026-09-04 05:10:00;1609.00;0.00
2026-09-04 05:15:00;1609.00;0.00
2026-09-04 05:20:00;1609.00;0.00
2026-09-04 05:25:00;1609.00;0.00
2026-09-04 05:30:00;1609.00;0.00
2026-09-04 05:35:00;1608.00;0.00
2026-09-04 05:40:00;1607.00;0.00
2026-09-04 05:45:00;1606.00;0.00
2026-09-04 05:50:00;1605.00;0.00
2026-09-04 05:55:00;1604.00;0.00
2026-09-04 06:00:00;1603.00;0.00
2026-09-04 06:05:00;1603.00;0.00
2026-09-04 06:10:00;1603.00;0.00
2026-09-04 06:15:00;1603.00;0.00
2026-09-04 06:20:00;1603.00;0.00
2026-09-04 06:25:00;1603.00;0.00
2026-09-04 06:30:00;1603.00;0.00
2026-09-04 06:35:00;1603.00;0.00
2026-09-04 06:40:00;1603.00;0.00
2026-09-04 06:45:00;1603.00;0.00
2026-09-04 06:50:00;1603.00;0.00
2026-09-04 06:55:00;1603.00;0.00
2026-09-04 07:00:00;1603.00;0.00
2026-09-04 07:05:00;1603.00;0.00
2026-09-04 07:10:00;1603.00;0.00
2026-09-04 07:15:00;1603.00;0.00
2026-09-04 07:20:00;1600.00;0.00
2026-09-04 07:25:00;1600.00;0.00
2026-09-04 07:30:00;1600.00;0.00
2026-09-04 07:35:00;1600.00;0.00
2026-09-04 07:40:00;1600.00;0.00
2026-09-04 07:45:00;1600.00;0.00
2026-09-04 07:50:00;1600.00;0.00
2026-09-04 07:55:00;1600.00;0.00
2026-09-04 08:00:00;1600.00;0.00
2026-09-04 08:05:00;1600.00;0.00
2026-09-04 08:10:00;1600.00;0.00
2026-09-04 08:15:00;1600.00;0.00
2026-09-04 08:20:00;1600.00;0.00
2026-09-04 08:25:00;1600.00;0.00
2026-09-04 08:30:00;1600.00;0.00
2026-09-04 08:35:00;1600.00;0.00
2026-09-04 08:40:00;1592.00;0.00
2026-09-04 08:45:00;1586.00;0.00
2026-09-04 08:50:00;1585.00;0.00
2026-09-04 08:55:00;1585.00;0.00
2026-09-04 09:00:00;1586.00;0.00
2026-09-04 09:05:00;1586.00;0.00
2026-09-04 09:10:00;1586.00;0.00
2026-09-04 09:15:00;1586.00;0.00
2026-09-04 09:20:00;1585.00;0.00
2026-09-04 09:25:00;1585.00;0.00
2026-09-04 09:30:00;1585.00;0.00
2026-09-04 09:35:00;1585.00;0.00
2026-09-04 09:40:00;1583.00;0.00
2026-09-04 09:45:00;1582.00;0.00
2026-09-04 09:50:00;1582.00;0.00
2026-09-04 09:55:00;1572.00;0.00
2026-09-04 10:00:00;1571.00;0.00
2026-09-04 10:05:00;1567.00;0.00
2026-09-04 10:10:00;1568.00;0.00
2026-09-04 10:15:00;1566.00;0.00
2026-09-04 10:20:00;1569.00;0.00
2026-09-04 10:25:00;1567.00;0.00
2026-09-04 10:30:00;1563.00;0.00
2026-09-04 10:35:00;1566.00;0.00
2026-09-04 10:40:00;1571.00;0.00
2026-09-04 10:45:00;1574.00;0.00
2026-09-04 10:50:00;1576.00;0.00
2026-09-04 10:55:00;1568.00;0.00
2026-09-04 11:00:00;1568.00;0.00
2026-09-04 11:05:00;1566.00;0.00
2026-09-04 11:10:00;1567.00;0.00
2026-09-04 11:15:00;1572.00;0.00
2026-09-04 11:20:00;1569.00;0.00
2026-09-04 11:25:00;1569.00;0.00
2026-09-04 11:30:00;1561.00;0.00
2026-09-04 11:35:00;1564.00;0.00
2026-09-04 11:40:00;1567.00;0.00
2026-09-04 11:45:00;1566.00;0.00
2026-09-04 11:50:00;1567.00;0.00
2026-09-04 11:55:00;1564.00;0.00
2026-09-04 12:00:00;1557.00;0.00
2026-09-04 12:05:00;1561.00;0.00
2026-09-04 12:10:00;1566.00;0.00
2026-09-04 12:15:00;1569.00;0.00
2026-09-04 12:20:00;1564.00;0.00
2026-09-04 12:25:00;1569.00;0.00
2026-09-04 12:30:00;1565.00;0.00
2026-09-04 12:35:00;1560.00;0.00
2026-09-04 12:40:00;1569.00;0.00
2026-09-04 12:45:00;1567.00;0.00
2026-09-04 12:50:00;1562.00;0.00
2026-09-04 12:55:00;1563.00;0.00
2026-09-04 13:00:00;1567.00;0.00
2026-09-04 13:05:00;1565.00;0.00
2026-09-04 13:10:00;1565.00;0.00
2026-09-04 13:15:00;1565.00;0.00
2026-09-04 13:20:00;1565.00;0.00
2026-09-04 13:25:00;1565.00;0.00
2026-09-04 13:30:00;1567.00;0.00
2026-09-04 13:35:00;1571.00;0.00
2026-09-04 13:40:00;1571.00;0.00
2026-09-04 13:45:00;1571.00;0.00
2026-09-04 13:50:00;1571.00;0.00
2026-09-04 13:55:00;1562.00;0.00
2026-09-04 14:00:00;1568.00;0.00
2026-09-04 14:05:00;1569.00;0.00
2026-09-04 14:10:00;1567.00;0.00
2026-09-04 14:15:00;1567.00;0.00
2026-09-04 14:20:00;1565.00;0.00
2026-09-04 14:25:00;1567.00;0.00
2026-09-04 14:30:00;1567.00;0.00
2026-09-04 14:35:00;1567.00;0.00
2026-09-04 14:40:00;1567.00;0.00
2026-09-04 14:45:00;1563.00;0.00
2026-09-04 14:50:00;1562.00;0.00
2026-09-04 14:55:00;1566.00;0.00
2026-09-04 15:00:00;1566.00;0.00
2026-09-04 15:05:00;1564.00;0.00
2026-09-04 15:10:00;1563.00;0.00
2026-09-04 15:15:00;1554.00;0.00
2026-09-04 15:20:00;1562.00;0.00
2026-09-04 15:25:00;1565.00;0.00
2026-09-04 15:30:00;1563.00;0.00
2026-09-04 15:35:00;1563.00;0.00
2026-09-04 15:40:00;1559.00;0.00
2026-09-04 15:45:00;1563.00;0.00
2026-09-04 15:50:00;1562.00;0.00
2026-09-04 15:55:00;1563.00;0.00
2026-09-04 16:00:00;1564.00;0.00
2026-09-04 16:05:00;1559.00;0.00
2026-09-04 16:10:00;1555.00;0.00
2026-09-04 16:15:00;1550.00;0.00
2026-09-04 16:20:00;1551.00;0.00
2026-09-04 16:25:00;1559.00;0.00
2026-09-04 16:30:00;1560.00;0.00
2026-09-04 16:35:00;1560.00;0.00
2026-09-04 16:40:00;1561.00;0.00
2026-09-04 16:45:00;1563.00;0.00
2026-09-04 16:50:00;1561.00;0.00
2026-09-04 16:55:00;1562.00;0.00
2026-09-04 17:00:00;1560.00;0.00
2026-09-04 17:05:00;1560.00;0.00
2026-09-04 17:10:00;1561.00;0.00
2026-09-04 17:15:00;1561.00;0.00
2026-09-04 17:20:00;1562.00;0.00
2026-09-04 17:25:00;1562.00;0.00
2026-09-04 17:30:00;1562.00;0.00
2026-09-04 17:35:00;1562.00;0.00
2026-09-04 17:40:00;1562.00;0.00
2026-09-04 17:45:00;1562.00;0.00
2026-09-04 17:50:00;1562.00;0.00
2026-09-04 17:55:00;1562.00;0.00
2026-09-04 18:00:00;1562.00;0.00
2026-09-04 18:05:00;1562.00;0.00
2026-09-04 18:10:00;1562.00;0.00
2026-09-04 18:15:00;1562.00;0.00
2026-09-04 18:20:00;1562.00;0.00
2026-09-04 18:25:00;1562.00;0.00
2026-09-04 18:30:00;1562.00;0.00
2026-09-04 18:35:00;1560.00;0.00
2026-09-04 18:40:00;1557.00;0.00
2026-09-04 18:45:00;1557.00;0.00
2026-09-04 18:50:00;1557.00;0.00
2026-09-04 18:55:00;1557.00;0.00
2026-09-04 19:00:00;1557.00;0.00
2026-09-04 19:05:00;1557.00;0.00
2026-09-04 19:10:00;1557.00;0.00
2026-09-04 19:15:00;1557.00;0.00
2026-09-04 19:20:00;1557.00;0.00
2026-09-04 19:25:00;1557.00;0.00
2026-09-04 19:30:00;1557.00;0.00
2026-09-04 19:35:00;1557.00;0.00
2026-09-04 19:40:00;1557.00;0.00
2026-09-04 19:45:00;1557.00;0.00
2026-09-04 19:50:00;1558.00;0.00
2026-09-04 19:55:00;1558.00;0.00
2026-09-04 20:00:00;1558.00;0.00
2026-09-04 20:05:00;1558.00;0.00
2026-09-04 20:10:00;1558.00;0.00
2026-09-04 20:15:00;1558.00;0.00
2026-09-04 20:20:00;1557.00;0.00
2026-09-04 20:25:00;1557.00;0.00
2026-09-04 20:30:00;1557.00;0.00
2026-09-04 20:35:00;1555.00;0.00
2026-09-04 20:40:00;1555.00;0.00
2026-09-04 20:45:00;1555.00;0.00
2026-09-04 20:50:00;1555.00;0.00
2026-09-04 20:55:00;1555.00;0.00
2026-09-04 21:00:00;1554.00;0.00
2026-09-04 21:05:00;1552.00;0.00
2026-09-04 21:10:00;1552.00;0.00
2026-09-04 21:15:00;1552.00;0.00
2026-09-04 21:20:00;1550.00;0.00
2026-09-04 21:25:00;1544.00;0.00
2026-09-04 21:30:00;1543.00;0.00
2026-09-04 21:35:00;1542.00;0.00
2026-09-04 21:40:00;1542.00;0.00
2026-09-04 21:45:00;1543.00;0.00
2026-09-04 21:50:00;1544.00;0.00
2026-09-04 21:55:00;1544.00;0.00
2026-09-04 22:00:00;1545.00;0.00
2026-09-04 22:05:00;1541.00;0.00
2026-09-04 22:10:00;1534.00;0.00
2026-09-04 22:15:00;1535.00;0.00
2026-09-04 22:20:00;1548.00;0.00
2026-09-04 22:25:00;1548.00;0.00
2026-09-04 22:30:00;1548.00;0.00
2026-09-04 22:35:00;1548.00;0.00
2026-09-04 22:40:00;1548.00;0.00
2026-09-04 22:45:00;1548.00;0.00
2026-09-04 22:50:00;1548.00;0.00
2026-09-04 22:55:00;1548.00;0.00
2026-09-04 23:00:00;1548.00;0.00
2026-09-04 23:05:00;1548.00;0.00
2026-09-04 23:10:00;1548.00;0.00
2026-09-04 23:15:00;1548.00;0.00
2026-09-04 23:20:00;1548.00;0.00
2026-09-04 23:25:00;1548.00;0.00
2026-09-04 23:30:00;1548.00;0.00
2026-09-04 23:35:00;1548.00;0.00
2026-09-04 23:40:00;1548.00;0.00
2026-09-04 23:45:00;1548.00;0.00
2026-09-04 23:50:00;1548.00;0.00
2026-09-04 23:55:00;1548.00;0.00
2026-09-05 00:00:00;1548.00;0.00
2026-09-05 00:05:00;1548.00;0.00
2026-09-05 00:10:00;1549.00;0.00
2026-09-05 00:15:00;1550.00;0.00
2026-09-05 00:20:00;1550.00;0.00
2026-09-05 00:25:00;1550.00;0.00
2026-09-05 00:30:00;1551.00;0.00
2026-09-05 00:35:00;1551.00;0.00
2026-09-05 00:40:00;1551.00;0.00
2026-09-05 00:45:00;1551.00;0.00
2026-09-05 00:50:00;1551.00;0.00
2026-09-05 00:55:00;1551.00;0.00
2026-09-05 01:00:00;1551.00;0.00
2026-09-05 01:05:00;1551.00;0.00
2026-09-05 01:10:00;1551.00;0.00
2026-09-05 01:15:00;1551.00;0.00
2026-09-05 01:20:00;1551.00;0.00
2026-09-05 01:25:00;1551.00;0.00
2026-09-05 01:30:00;1551.00;0.00
2026-09-05 01:35:00;1551.00;0.00
2026-09-05 01:40:00;1551.00;0.00
2026-09-05 01:45:00;1551.00;0.00
2026-09-05 01:50:00;1551.00;0.00
2026-09-05 01:55:00;1551.00;0.00
2026-09-05 02:00:00;1551.00;0.00
2026-09-05 02:05:00;1551.00;0.00
2026-09-05 02:10:00;1551.00;0.00
2026-09-05 02:15:00;1551.00;0.00
2026-09-05 02:20:00;1551.00;0.00
2026-09-05 02:25:00;1551.00;0.00
2026-09-05 02:30:00;1551.00;0.00
2026-09-05 02:35:00;1551.00;0.00
2026-09-05 02:40:00;1551.00;0.00
2026-09-05 02:45:00;1551.00;0.00
2026-09-05 02:50:00;1551.00;0.00
2026-09-05 02:55:00;1550.00;0.00
2026-09-05 03:00:00;1550.00;0.00
2026-09-05 03:05:00;1550.00;0.00
2026-09-05 03:10:00;1549.00;0.00
2026-09-05 03:15:00;1546.00;0.00
2026-09-05 03:20:00;1546.00;0.00
2026-09-05 03:25:00;1546.00;0.00
2026-09-05 03:30:00;1546.00;0.00
2026-09-05 03:35:00;1545.00;0.00
2026-09-05 03:40:00;1545.00;0.00
2026-09-05 03:45:00;1545.00;0.00
2026-09-05 03:50:00;1545.00;0.00
2026-09-05 03:55:00;1545.00;0.00
2026-09-05 04:00:00;1545.00;0.00
2026-09-05 04:05:00;1545.00;0.00
2026-09-05 04:10:00;1545.00;0.00
2026-09-05 04:15:00;1545.00;0.00
2026-09-05 04:20:00;1545.00;0.00
2026-09-05 04:25:00;1545.00;0.00
2026-09-05 04:30:00;1545.00;0.00
2026-09-05 04:35:00;1545.00;0.00
2026-09-05 04:40:00;1545.00;0.00
2026-09-05 04:45:00;1545.00;0.00
2026-09-05 04:50:00;1545.00;0.00
2026-09-05 04:55:00;1545.00;0.00
2026-09-05 05:00:00;1545.00;0.00
2026-09-05 05:05:00;1545.00;0.00
2026-09-05 05:10:00;1545.00;0.00
2026-09-05 05:15:00;1545.00;0.00
2026-09-05 05:20:00;1544.00;0.00
2026-09-05 05:25:00;1544.00;0.00
2026-09-05 05:30:00;1544.00;0.00
2026-09-05 05:35:00;1544.00;0.00
2026-09-05 05:40:00;1543.00;0.00
2026-09-05 05:45:00;1543.00;0.00
2026-09-05 05:50:00;1543.00;0.00
2026-09-05 05:55:00;1542.00;0.00
2026-09-05 06:00:00;1542.00;0.00
2026-09-05 06:05:00;1542.00;0.00
2026-09-05 06:10:00;1542.00;0.00
2026-09-05 06:15:00;1537.00;0.00
2026-09-05 06:20:00;1532.00;0.00
2026-09-05 06:25:00;1531.00;0.00
2026-09-05 06:30:00;1531.00;0.00
2026-09-05 06:35:00;1531.00;0.00
2026-09-05 06:40:00;1531.00;0.00
2026-09-05 06:45:00;1531.00;0.00
2026-09-05 06:50:00;1531.00;0.00
2026-09-05 06:55:00;1531.00;0.00
2026-09-05 07:00:00;1531.00;0.00
2026-09-05 07:05:00;1531.00;0.00
2026-09-05 07:10:00;1531.00;0.00
2026-09-05 07:15:00;1531.00;0.00
2026-09-05 07:20:00;1531.00;0.00
2026-09-05 07:25:00;1531.00;0.00
2026-09-05 07:30:00;1531.00;0.00
2026-09-05 07:35:00;1531.00;0.00
2026-09-05 07:40:00;1531.00;0.00
2026-09-05 07:45:00;1531.00;0.00
2026-09-05 07:50:00;1531.00;0.00
2026-09-05 07:55:00;1531.00;0.00
2026-09-05 08:00:00;1531.00;0.00
2026-09-05 08:05:00;1531.00;0.00
2026-09-05 08:10:00;1533.00;0.00
2026-09-05 08:15:00;1533.00;0.00
2026-09-05 08:20:00;1533.00;0.00
2026-09-05 08:25:00;1533.00;0.00
2026-09-05 08:30:00;1533.00;0.00
2026-09-05 08:35:00;1533.00;0.00
2026-09-05 08:40:00;1533.00;0.00
2026-09-05 08:45:00;1533.00;0.00
2026-09-05 08:50:00;1533.00;0.00
2026-09-05 08:55:00;1533.00;0.00
2026-09-05 09:00:00;1533.00;0.00
2026-09-05 09:05:00;1533.00;0.00
2026-09-05 09:10:00;1533.00;0.00
2026-09-05 09:15:00;1533.00;0.00
2026-09-05 09:20:00;1533.00;0.00
2026-09-05 09:25:00;1533.00;0.00
2026-09-05 09:30:00;1533.00;0.00
2026-09-05 09:35:00;1534.00;0.00
2026-09-05 09:40:00;1531.00;0.00
2026-09-05 09:45:00;1525.00;0.00
2026-09-05 09:50:00;1532.00;0.00
2026-09-05 09:55:00;1524.00;0.00
2026-09-05 10:00:00;1533.00;0.00
2026-09-05 10:05:00;1534.00;0.00
2026-09-05 10:10:00;1531.00;0.00
2026-09-05 10:15:00;1536.00;0.00
2026-09-05 10:20:00;1536.00;0.00
2026-09-05 10:25:00;1536.00;0.00
2026-09-05 10:30:00;1535.00;0.00
2026-09-05 10:35:00;1535.00;0.00
2026-09-05 10:40:00;1535.00;0.00
2026-09-05 10:45:00;1535.00;0.00
2026-09-05 10:50:00;1535.00;0.00
2026-09-05 10:55:00;1523.00;0.00
2026-09-05 11:00:00;1526.00;0.00
2026-09-05 11:05:00;1529.00;0.00
2026-09-05 11:10:00;1527.00;0.00
2026-09-05 11:15:00;1528.00;0.00
2026-09-05 11:20:00;1529.00;0.00
2026-09-05 11:25:00;1526.00;0.00
2026-09-05 11:30:00;1535.00;0.00
2026-09-05 11:35:00;1537.00;0.00
2026-09-05 11:40:00;1534.00;0.00
2026-09-05 11:45:00;1534.00;0.00
2026-09-05 11:50:00;1534.00;0.00
2026-09-05 11:55:00;1536.00;0.00
2026-09-05 12:00:00;1536.00;0.00
2026-09-05 12:05:00;1529.00;0.00
2026-09-05 12:10:00;1526.00;0.00
2026-09-05 12:15:00;1529.00;0.00
2026-09-05 12:20:00;1535.00;0.00
2026-09-05 12:25:00;1536.00;0.00
2026-09-05 12:30:00;1532.00;0.00
2026-09-05 12:35:00;1529.00;0.00
2026-09-05 12:40:00;1530.00;0.00
2026-09-05 12:45:00;1532.00;0.00
2026-09-05 12:50:00;1534.00;0.00
2026-09-05 12:55:00;1536.00;0.00
2026-09-05 13:00:00;1537.00;0.00
2026-09-05 13:05:00;1536.00;0.00
2026-09-05 13:10:00;1535.00;0.00
2026-09-05 13:15:00;1533.00;0.00
2026-09-05 13:20:00;1535.00;0.00
2026-09-05 13:25:00;1532.00;0.00
2026-09-05 13:30:00;1527.00;0.00
2026-09-05 13:35:00;1526.00;0.00
2026-09-05 13:40:00;1531.00;0.00
2026-09-05 13:45:00;1531.00;0.00
2026-09-05 13:50:00;1536.00;0.00
2026-09-05 13:55:00;1530.00;0.00
2026-09-05 14:00:00;1533.00;0.00
2026-09-05 14:05:00;1529.00;0.00
2026-09-05 14:10:00;1536.00;0.00
2026-09-05 14:15:00;1534.00;0.00
2026-09-05 14:20:00;1523.00;0.00
2026-09-05 14:25:00;1529.00;0.00
2026-09-05 14:30:00;1532.00;0.00
2026-09-05 14:35:00;1537.00;0.00
2026-09-05 14:40:00;1526.00;0.00
2026-09-05 14:45:00;1530.00;0.00
2026-09-05 14:50:00;1530.00;0.00
2026-09-05 14:55:00;1534.00;0.00
2026-09-05 15:00:00;1532.00;0.00
2026-09-05 15:05:00;1537.00;0.00
2026-09-05 15:10:00;1537.00;0.00
2026-09-05 15:15:00;1521.00;0.00
2026-09-05 15:20:00;1516.00;0.00
2026-09-05 15:25:00;1523.00;0.00
2026-09-05 15:30:00;1536.00;0.00
2026-09-05 15:35:00;1530.00;0.00
2026-09-05 15:40:00;1525.00;0.00
2026-09-05 15:45:00;1521.00;0.00
2026-09-05 15:50:00;1531.00;0.00
2026-09-05 15:55:00;1530.00;0.00
2026-09-05 16:00:00;1533.00;0.00
2026-09-05 16:05:00;1532.00;0.00
2026-09-05 16:10:00;1525.00;0.00
2026-09-05 16:15:00;1521.00;0.00
2026-09-05 16:20:00;1529.00;0.00
2026-09-05 16:25:00;1523.00;0.00
2026-09-05 16:30:00;1522.00;0.00
2026-09-05 16:35:00;1525.00;0.00
2026-09-05 16:40:00;1530.00;0.00
2026-09-05 16:45:00;1529.00;0.00
2026-09-05 16:50:00;1528.00;0.00
2026-09-05 16:55:00;1531.00;0.00
2026-09-05 17:00:00;1523.00;0.00
2026-09-05 17:05:00;1516.00;0.00
2026-09-05 17:10:00;1519.00;0.00
2026-09-05 17:15:00;1527.00;0.00
2026-09-05 17:20:00;1526.00;0.00
2026-09-05 17:25:00;1526.00;0.00
2026-09-05 17:30:00;1525.00;0.00
2026-09-05 17:35:00;1527.00;0.00
2026-09-05 17:40:00;1527.00;0.00
2026-09-05 17:45:00;1525.00;0.00
2026-09-05 17:50:00;1525.00;0.00
2026-09-05 17:55:00;1524.00;0.00
2026-09-05 18:00:00;1524.00;0.00
2026-09-05 18:05:00;1524.00;0.00
2026-09-05 18:10:00;1524.00;0.00
2026-09-05 18:15:00;1524.00;0.00
2026-09-05 18:20:00;1523.00;0.00
2026-09-05 18:25:00;1517.00;0.00
2026-09-05 18:30:00;1521.00;0.00
2026-09-05 18:35:00;1522.00;0.00
2026-09-05 18:40:00;1520.00;0.00
2026-09-05 18:45:00;1519.00;0.00
2026-09-05 18:50:00;1514.00;0.00
2026-09-05 18:55:00;1514.00;0.00
2026-09-05 19:00:00;1517.00;
2026-09-05 19:05:00;1517.00;0.00
2026-09-05 19:10:00;1517.00;0.00
2026-09-05 19:15:00;1517.00;0.00
2026-09-05 19:20:00;1517.00;0.00
2026-09-05 19:25:00;1517.00;0.00
2026-09-05 19:30:00;1517.00;0.00
2026-09-05 19:35:00;1517.00;0.00
2026-09-05 19:40:00;1517.00;0.00
2026-09-05 19:45:00;1517.00;0.00
2026-09-05 19:50:00;1515.00;0.00
2026-09-05 19:55:00;1509.00;0.00
2026-09-05 20:00:00;1509.00;0.00
2026-09-05 20:05:00;1507.00;0.00
2026-09-05 20:10:00;1507.00;0.00
2026-09-05 20:15:00;1508.00;0.00
2026-09-05 20:20:00;1506.00;0.00
2026-09-05 20:25:00;1496.00;0.00
2026-09-05 20:30:00;1496.00;0.00
2026-09-05 20:35:00;1494.00;0.00
2026-09-05 20:40:00;1489.00;0.00
2026-09-05 20:45:00;1489.00;0.00
2026-09-05 20:50:00;1487.00;0.00
2026-09-05 20:55:00;1494.00;0.00
2026-09-05 21:00:00;1487.00;0.00
2026-09-05 21:05:00;1481.00;0.00
2026-09-05 21:10:00;1485.00;0.00
2026-09-05 21:15:00;1482.00;0.00
2026-09-05 21:20:00;1484.00;0.00
2026-09-05 21:25:00;1486.00;0.00
2026-09-05 21:30:00;1488.00;0.00
2026-09-05 21:35:00;1481.00;0.00
2026-09-05 21:40:00;1491.00;0.00
2026-09-05 21:45:00;1484.00;0.00
2026-09-05 21:50:00;1487.00;0.00
2026-09-05 21:55:00;1485.00;0.00
2026-09-05 22:00:00;1485.00;0.00
2026-09-05 22:05:00;1485.00;0.00
2026-09-05 22:10:00;1491.00;0.00
2026-09-05 22:15:00;1483.00;0.00
2026-09-05 22:20:00;1486.00;0.00
2026-09-05 22:25:00;1488.00;0.00
2026-09-05 22:30:00;1491.00;0.00
2026-09-05 22:35:00;1490.00;0.00
2026-09-05 22:40:00;1487.00;0.00
2026-09-05 22:45:00;1490.00;0.00
2026-09-05 22:50:00;1481.00;0.00
2026-09-05 22:55:00;1493.00;0.00
2026-09-05 23:00:00;1492.00;0.00
2026-09-05 23:05:00;1490.00;0.00
2026-09-05 23:10:00;1486.00;0.00
2026-09-05 23:15:00;1481.00;0.00
2026-09-05 23:20:00;1480.00;0.00
2026-09-05 23:25:00;1483.00;0.00
2026-09-05 23:30:00;1482.00;0.00
2026-09-05 23:35:00;1480.00;0.00
2026-09-05 23:40:00;1480.00;0.00
2026-09-05 23:45:00;1480.00;0.00
2026-09-05 23:50:00;1485.00;0.00
2026-09-05 23:55:00;1483.00;0.00
2026-09-06 00:00:00;1488.00;0.00
2026-09-06 00:05:00;1483.00;0.00
2026-09-06 00:10:00;1492.00;0.00
2026-09-06 00:15:00;1488.00;0.00
2026-09-06 00:20:00;1489.00;0.00
2026-09-06 00:25:00;1491.00;0.00
2026-09-06 00:30:00;1489.00;0.00
2026-09-06 00:35:00;1487.00;0.00
2026-09-06 00:40:00;1487.00;0.00
2026-09-06 00:45:00;1486.00;0.00
2026-09-06 00:50:00;1480.00;0.00
2026-09-06 00:55:00;1480.00;0.00
2026-09-06 01:00:00;1485.00;0.00
2026-09-06 01:05:00;1492.00;0.00
2026-09-06 01:10:00;1493.00;0.00
2026-09-06 01:15:00;1491.00;0.00
2026-09-06 01:20:00;1491.00;0.00
2026-09-06 01:25:00;1497.00;0.00
2026-09-06 01:30:00;1499.00;0.00
2026-09-06 01:35:00;1499.00;0.00
2026-09-06 01:40:00;1499.00;0.00
2026-09-06 01:45:00;1499.00;0.00
2026-09-06 01:50:00;1499.00;0.00
2026-09-06 01:55:00;1501.00;0.00
2026-09-06 02:00:00;1503.00;0.00
2026-09-06 02:05:00;1507.00;0.00
2026-09-06 02:10:00;1511.00;0.00
2026-09-06 02:15:00;1511.00;0.00
2026-09-06 02:20:00;1510.00;0.00
2026-09-06 02:25:00;1507.00;0.00
2026-09-06 02:30:00;1502.00;0.00
2026-09-06 02:35:00;1507.00;0.00
2026-09-06 02:40:00;1503.00;0.00
2026-09-06 02:45:00;1504.00;0.00
2026-09-06 02:50:00;1499.00;0.00
2026-09-06 02:55:00;1509.00;0.00
2026-09-06 03:00:00;1509.00;0.00
2026-09-06 03:05:00;1509.00;0.00
2026-09-06 03:10:00;1515.00;0.00
2026-09-06 03:15:00;1515.00;0.00
2026-09-06 03:20:00;1520.00;0.00
2026-09-06 03:25:00;1521.00;0.00
2026-09-06 03:30:00;1522.00;0.00
2026-09-06 03:35:00;1523.00;0.00
2026-09-06 03:40:00;1524.00;0.00
2026-09-06 03:45:00;1524.00;0.00
2026-09-06 03:50:00;1528.00;0.00
2026-09-06 03:55:00;1529.00;0.00
2026-09-06 04:00:00;1530.00;0.00
2026-09-06 04:05:00;1530.00;0.00
2026-09-06 04:10:00;1531.00;0.00
2026-09-06 04:15:00;1531.00;0.00
2026-09-06 04:20:00;1531.00;0.00
2026-09-06 04:25:00;1531.00;0.00
2026-09-06 04:30:00;1533.00;0.00
2026-09-06 04:35:00;1533.00;0.00
2026-09-06 04:40:00;1532.00;0.00
2026-09-06 04:45:00;1532.00;0.00
2026-09-06 04:50:00;1532.00;0.00
2026-09-06 04:55:00;1524.00;0.00
2026-09-06 05:00:00;1535.00;0.00
2026-09-06 05:05:00;1533.00;0.00
2026-09-06 05:10:00;1537.00;0.00
2026-09-06 05:15:00;1538.00;0.00
2026-09-06 05:20:00;1534.00;0.00
2026-09-06 05:25:00;1530.00;0.00
2026-09-06 05:30:00;1532.00;0.00
2026-09-06 05:35:00;1541.00;0.00
2026-09-06 05:40:00;1544.00;0.00
2026-09-06 05:45:00;1543.00;0.00
2026-09-06 05:50:00;1542.00;0.00
2026-09-06 05:55:00;1542.00;0.00
2026-09-06 06:00:00;1543.00;0.00
2026-09-06 06:05:00;1543.00;0.00
2026-09-06 06:10:00;1543.00;0.00
2026-09-06 06:15:00;1545.00;0.00
2026-09-06 06:20:00;1545.00;0.00
2026-09-06 06:25:00;1545.00;0.00
2026-09-06 06:30:00;1544.00;0.00
2026-09-06 06:35:00;1545.00;0.00
2026-09-06 06:40:00;1545.00;0.00
2026-09-06 06:45:00;1545.00;0.00
2026-09-06 06:50:00;1545.00;0.00
2026-09-06 06:55:00;1545.00;0.00
2026-09-06 07:00:00;1545.00;0.00
2026-09-06 07:05:00;1545.00;0.00
2026-09-06 07:10:00;1545.00;0.00
2026-09-06 07:15:00;1544.00;0.00
2026-09-06 07:20:00;1545.00;0.00
2026-09-06 07:25:00;1544.00;0.00
2026-09-06 07:30:00;1543.00;0.00
2026-09-06 07:35:00;1543.00;0.00
2026-09-06 07:40:00;1543.00;0.00
2026-09-06 07:45:00;1540.00;0.00
2026-09-06 07:50:00;1535.00;0.00
2026-09-06 07:55:00;1535.00;0.00
2026-09-06 08:00:00;1538.00;0.00
2026-09-06 08:05:00;1540.00;0.00
2026-09-06 08:10:00;1529.00;0.00
2026-09-06 08:15:00;1533.00;0.00
2026-09-06 08:20:00;1533.00;0.00
2026-09-06 08:25:00;1527.00;0.00
2026-09-06 08:30:00;1524.00;0.00
2026-09-06 08:35:00;1521.00;0.00
2026-09-06 08:40:00;1525.00;0.00
2026-09-06 08:45:00;1530.00;0.00
2026-09-06 08:50:00;1530.00;0.00
2026-09-06 08:55:00;1526.00;0.00
2026-09-06 09:00:00;1527.00;0.00
2026-09-06 09:05:00;1521.00;0.00
2026-09-06 09:10:00;1522.00;0.00
2026-09-06 09:15:00;1528.00;0.00
2026-09-06 09:20:00;1528.00;0.00
2026-09-06 09:25:00;1528.00;0.00
2026-09-06 09:30:00;1525.00;0.00
2026-09-06 09:35:00;1532.00;0.00
2026-09-06 09:40:00;1525.00;0.00
2026-09-06 09:45:00;1527.00;0.00
2026-09-06 09:50:00;1536.00;0.00
2026-09-06 09:55:00;1531.00;0.00
2026-09-06 10:00:00;1525.00;0.00
2026-09-06 10:05:00;1524.00;0.00
2026-09-06 10:10:00;1531.00;0.00
2026-09-06 10:15:00;1530.00;0.00
2026-09-06 10:20:00;1536.00;0.00
2026-09-06 10:25:00;1534.00;0.00
2026-09-06 10:30:00;1531.00;0.00
2026-09-06 10:35:00;1521.00;0.00
2026-09-06 10:40:00;1531.00;0.00
2026-09-06 10:45:00;1522.00;0.00
2026-09-06 10:50:00;1525.00;0.00
2026-09-06 10:55:00;1522.00;0.00
2026-09-06 11:00:00;1516.00;0.00
2026-09-06 11:05:00;1527.00;0.00
2026-09-06 11:10:00;1516.00;0.00
2026-09-06 11:15:00;1522.00;0.00
2026-09-06 11:20:00;1528.00;0.00
2026-09-06 11:25:00;1528.00;0.00
2026-09-06 11:30:00;1530.00;0.00
2026-09-06 11:35:00;1528.00;0.00
2026-09-06 11:40:00;1526.00;0.00
2026-09-06 11:45:00;1523.00;0.00
2026-09-06 11:50:00;1525.00;0.00
2026-09-06 11:55:00;1523.00;0.00
2026-09-06 12:00:00;1509.00;0.00
2026-09-06 12:05:00;1510.00;0.00
2026-09-06 12:10:00;1516.00;0.00
2026-09-06 12:15:00;1517.00;0.00
2026-09-06 12:20:00;1517.00;0.00
2026-09-06 12:25:00;1524.00;0.00
2026-09-06 12:30:00;1518.00;0.00
2026-09-06 12:35:00;1508.00;0.00
2026-09-06 12:40:00;1511.00;0.00
2026-09-06 12:45:00;1506.00;0.00
2026-09-06 12:50:00;1504.00;0.00
2026-09-06 12:55:00;1505.00;0.00
2026-09-06 13:00:00;1511.00;0.00
2026-09-06 13:05:00;1508.00;0.00
2026-09-06 13:10:00;1519.00;0.00
2026-09-06 13:15:00;1513.00;0.00
2026-09-06 13:20:00;1509.00;0.00
2026-09-06 13:25:00;1520.00;0.00
2026-09-06 13:30:00;1517.00;0.00
2026-09-06 13:35:00;1504.00;0.00
2026-09-06 13:40:00;1506.00;0.00
2026-09-06 13:45:00;1513.00;0.00
2026-09-06 13:50:00;1511.00;0.00
2026-09-06 13:55:00;1516.00;0.00
2026-09-06 14:00:00;1509.00;0.00
2026-09-06 14:05:00;1506.00;0.00
2026-09-06 14:10:00;1514.00;0.00
2026-09-06 14:15:00;1512.00;0.00
2026-09-06 14:20:00;1516.00;0.00
2026-09-06 14:25:00;1512.00;0.00
2026-09-06 14:30:00;1516.00;0.00
2026-09-06 14:35:00;1508.00;0.00
2026-09-06 14:40:00;1511.00;0.00
2026-09-06 14:45:00;1517.00;0.00
2026-09-06 14:50:00;1514.00;0.00
2026-09-06 14:55:00;1510.00;0.00
2026-09-06 15:00:00;1509.00;0.00
2026-09-06 15:05:00;1511.00;0.00
2026-09-06 15:10:00;1509.00;0.00
2026-09-06 15:15:00;1512.00;0.00
2026-09-06 15:20:00;1515.00;0.00
2026-09-06 15:25:00;1511.00;0.00
2026-09-06 15:30:00;1508.00;0.00
2026-09-06 15:35:00;1505.00;0.00
2026-09-06 15:40:00;1510.00;0.00
2026-09-06 15:45:00;1504.00;0.00
2026-09-06 15:50:00;1513.00;0.00
2026-09-06 15:55:00;1515.00;0.00
2026-09-06 16:00:00;1513.00;0.00
2026-09-06 16:05:00;1515.00;0.00
2026-09-06 16:10:00;1503.00;0.00
2026-09-06 16:15:00;1515.00;0.00
2026-09-06 16:20:00;1514.00;0.00
2026-09-06 16:25:00;1510.00;0.00
2026-09-06 16:30:00;1511.00;0.00
2026-09-06 16:35:00;1513.00;0.00
2026-09-06 16:40:00;1510.00;0.00
2026-09-06 16:45:00;1512.00;0.00
2026-09-06 16:50:00;1509.00;0.00
2026-09-06 16:55:00;1510.00;0.00
2026-09-06 17:00:00;1511.00;0.00
2026-09-06 17:05:00;1511.00;0.00
2026-09-06 17:10:00;1511.00;0.00
2026-09-06 17:15:00;1511.00;0.00
2026-09-06 17:20:00;1511.00;0.00
2026-09-06 17:25:00;1511.00;0.00
2026-09-06 17:30:00;1511.00;0.00
2026-09-06 17:35:00;1511.00;0.00
2026-09-06 17:40:00;1511.00;0.00
2026-09-06 17:45:00;1511.00;0.00
2026-09-06 17:50:00;1511.00;0.00
2026-09-06 17:55:00;1511.00;0.00
2026-09-06 18:00:00;1511.00;0.00
2026-09-06 18:05:00;1511.00;0.00
2026-09-06 18:10:00;1511.00;0.00
2026-09-06 18:15:00;1511.00;0.00
2026-09-06 18:20:00;1511.00;0.00
2026-09-06 18:25:00;1510.00;0.00
2026-09-06 18:30:00;1501.00;0.00
2026-09-06 18:35:00;1495.00;0.00
2026-09-06 18:40:00;1484.00;0.00
2026-09-06 18:45:00;1482.00;0.00
2026-09-06 18:50:00;1483.00;0.00
2026-09-06 18:55:00;1487.00;0.00
2026-09-06 19:00:00;1493.00;0.00
2026-09-06 19:05:00;1493.00;0.00
2026-09-06 19:10:00;1491.00;0.00
2026-09-06 19:15:00;1491.00;0.00
2026-09-06 19:20:00;1482.00;0.00
2026-09-06 19:25:00;1482.00;0.00
2026-09-06 19:30:00;1485.00;0.00
2026-09-06 19:35:00;1485.00;0.00
2026-09-06 19:40:00;1488.00;0.00
2026-09-06 19:45:00;1489.00;0.00
2026-09-06 19:50:00;1489.00;0.00
2026-09-06 19:55:00;1488.00;0.00
2026-09-06 20:00:00;1487.00;0.00
2026-09-06 20:05:00;1487.00;0.00
2026-09-06 20:10:00;1484.00;0.00
2026-09-06 20:15:00;1485.00;0.00
2026-09-06 20:20:00;1485.00;0.00
2026-09-06 20:25:00;1481.00;0.00
2026-09-06 20:30:00;1484.00;0.00
2026-09-06 20:35:00;1483.00;0.00
2026-09-06 20:40:00;1482.00;0.00
2026-09-06 20:45:00;1481.00;0.00
2026-09-06 20:50:00;1481.00;0.00
2026-09-06 20:55:00;1481.00;0.00
2026-09-06 21:00:00;1480.00;0.00
2026-09-06 21:05:00;1478.00;0.00
2026-09-06 21:10:00;1478.00;0.00
2026-09-06 21:15:00;1478.00;0.00
2026-09-06 21:20:00;1477.00;0.00
2026-09-06 21:25:00;1476.00;0.00
2026-09-06 21:30:00;1476.00;0.00
2026-09-06 21:35:00;1474.00;0.00
2026-09-06 21:40:00;1476.00;0.00
2026-09-06 21:45:00;1475.00;0.00
2026-09-06 21:50:00;1474.00;0.00
2026-09-06 21:55:00;1473.00;0.00
2026-09-06 22:00:00;1475.00;0.00
2026-09-06 22:05:00;1475.00;0.00
2026-09-06 22:10:00;1475.00;0.00
2026-09-06 22:15:00;1474.00;0.00
2026-09-06 22:20:00;1474.00;0.00
2026-09-06 22:25:00;1473.00;0.00
2026-09-06 22:30:00;1471.00;0.00
2026-09-06 22:35:00;1471.00;0.00
2026-09-06 22:40:00;1471.00;0.00
2026-09-06 22:45:00;1471.00;0.00
2026-09-06 22:50:00;1469.00;0.00
2026-09-06 22:55:00;1470.00;0.00
2026-09-06 23:00:00;1470.00;0.00
2026-09-06 23:05:00;1470.00;0.00
2026-09-06 23:10:00;1468.00;0.00
2026-09-06 23:15:00;1467.00;0.00
2026-09-06 23:20:00;1470.00;0.00
2026-09-06 23:25:00;1470.00;0.00
2026-09-06 23:30:00;1469.00;0.00
2026-09-06 23:35:00;1469.00;0.00
2026-09-06 23:40:00;1469.00;0.00
2026-09-06 23:45:00;1469.00;0.00
2026-09-06 23:50:00;1469.00;0.00
2026-09-06 23:55:00;1468.00;0.00
2026-09-07 00:00:00;1468.00;0.00
2026-09-07 00:05:00;1469.00;0.00
2026-09-07 00:10:00;1469.00;0.00
2026-09-07 00:15:00;1469.00;0.00
2026-09-07 00:20:00;1469.00;0.00
2026-09-07 00:25:00;1470.00;0.00
2026-09-07 00:30:00;1471.00;0.00
2026-09-07 00:35:00;1470.00;0.00
2026-09-07 00:40:00;1469.00;0.00
2026-09-07 00:45:00;1469.00;0.00
2026-09-07 00:50:00;1469.00;0.00
2026-09-07 00:55:00;1469.00;0.00
2026-09-07 01:00:00;1469.00;0.00
2026-09-07 01:05:00;1468.00;0.00
2026-09-07 01:10:00;1467.00;0.00
2026-09-07 01:15:00;1467.00;0.00
2026-09-07 01:20:00;1467.00;0.00
2026-09-07 01:25:00;1467.00;0.00
2026-09-07 01:30:00;1462.00;0.00
2026-09-07 01:35:00;1463.00;0.00
2026-09-07 01:40:00;1474.00;0.00
2026-09-07 01:45:00;1475.00;0.00
2026-09-07 01:50:00;1476.00;0.00
2026-09-07 01:55:00;1477.00;0.00
2026-09-07 02:00:00;1478.00;0.00
2026-09-07 02:05:00;1478.00;0.00
2026-09-07 02:10:00;1478.00;0.00
2026-09-07 02:15:00;1479.00;0.00
2026-09-07 02:20:00;1481.00;0.00
2026-09-07 02:25:00;1481.00;0.00
2026-09-07 02:30:00;1481.00;0.00
2026-09-07 02:35:00;1482.00;0.00
2026-09-07 02:40:00;1483.00;0.00
2026-09-07 02:45:00;1483.00;0.00
2026-09-07 02:50:00;1486.00;0.00
2026-09-07 02:55:00;1486.00;0.00
2026-09-07 03:00:00;1486.00;0.00
2026-09-07 03:05:00;1486.00;0.00
2026-09-07 03:10:00;1490.00;0.00
2026-09-07 03:15:00;1496.00;0.00
2026-09-07 03:20:00;1496.00;0.00
2026-09-07 03:25:00;1496.00;0.00
2026-09-07 03:30:00;1496.00;0.00
2026-09-07 03:35:00;1501.00;0.00
2026-09-07 03:40:00;1502.00;0.00
2026-09-07 03:45:00;1503.00;0.00
2026-09-07 03:50:00;1503.00;0.00
2026-09-07 03:55:00;1506.00;0.00
2026-09-07 04:00:00;1509.00;0.00
2026-09-07 04:05:00;1509.00;0.00
2026-09-07 04:10:00;1509.00;0.00
2026-09-07 04:15:00;1509.00;0.00
2026-09-07 04:20:00;1509.00;0.00
2026-09-07 04:25:00;1509.00;0.00
2026-09-07 04:30:00;1513.00;0.00
2026-09-07 04:35:00;1515.00;0.00
2026-09-07 04:40:00;1514.00;0.00
2026-09-07 04:45:00;1516.00;0.00
2026-09-07 04:50:00;1518.00;0.00
2026-09-07 04:55:00;1517.00;0.00
2026-09-07 05:00:00;1513.00;0.00
2026-09-07 05:05:00;1510.00;0.00
2026-09-07 05:10:00;1513.00;0.00
2026-09-07 05:15:00;1520.00;0.00
2026-09-07 05:20:00;1522.00;0.00
2026-09-07 05:25:00;1524.00;0.00
2026-09-07 05:30:00;1525.00;0.00
2026-09-07 05:35:00;1522.00;0.00
2026-09-07 05:40:00;1520.00;0.00
2026-09-07 05:45:00;1520.00;0.00
2026-09-07 05:50:00;1518.00;0.00
2026-09-07 05:55:00;1524.00;0.00
2026-09-07 06:00:00;1526.00;0.00
2026-09-07 06:05:00;1525.00;0.00
2026-09-07 06:10:00;1523.00;0.00
2026-09-07 06:15:00;1523.00;0.00
2026-09-07 06:20:00;1523.00;0.00
2026-09-07 06:25:00;1523.00;0.00
2026-09-07 06:30:00;1524.00;0.00
2026-09-07 06:35:00;1524.00;0.00
2026-09-07 06:40:00;1525.00;0.00
2026-09-07 06:45:00;1528.00;0.00
2026-09-07 06:50:00;1528.00;0.00
2026-09-07 06:55:00;1528.00;0.00
2026-09-07 07:00:00;1528.00;0.00
2026-09-07 07:05:00;1528.00;0.00
2026-09-07 07:10:00;1528.00;0.00
2026-09-07 07:15:00;1526.00;0.00
2026-09-07 07:20:00;1522.00;0.00
2026-09-07 07:25:00;1520.00;0.00
2026-09-07 07:30:00;1518.00;0.00
2026-09-07 07:35:00;1524.00;0.00
2026-09-07 07:40:00;1524.00;0.00
2026-09-07 07:45:00;1524.00;0.00
2026-09-07 07:50:00;1515.00;0.00
2026-09-07 07:55:00;1517.00;0.00
2026-09-07 08:00:00;1524.00;0.00
2026-09-07 08:05:00;1525.00;0.00
2026-09-07 08:10:00;1525.00;0.00
2026-09-07 08:15:00;1525.00;0.00
2026-09-07 08:20:00;1523.00;0.00
2026-09-07 08:25:00;1518.00;0.00
2026-09-07 08:30:00;1519.00;0.00
2026-09-07 08:35:00;1522.00;0.00
2026-09-07 08:40:00;1522.00;0.00
2026-09-07 08:45:00;1522.00;0.00
2026-09-07 08:50:00;1522.00;0.00
2026-09-07 08:55:00;1522.00;0.00
2026-09-07 09:00:00;1522.00;0.00
2026-09-07 09:05:00;1522.00;0.00
2026-09-07 09:10:00;1522.00;0.00
2026-09-07 09:15:00;1522.00;0.00
2026-09-07 09:20:00;1522.00;0.00
2026-09-07 09:25:00;1522.00;0.00
2026-09-07 09:30:00;1520.00;0.00
2026-09-07 09:35:00;1518.00;0.00
2026-09-07 09:40:00;1518.00;0.00
2026-09-07 09:45:00;1518.00;0.00
2026-09-07 09:50:00;1518.00;0.00
2026-09-07 09:55:00;1517.00;0.00
2026-09-07 10:00:00;1517.00;0.00
2026-09-07 10:05:00;1517.00;0.00
2026-09-07 10:10:00;1517.00;0.00
2026-09-07 10:15:00;1514.00;0.00
2026-09-07 10:20:00;1500.00;0.00
2026-09-07 10:25:00;1502.00;0.00
2026-09-07 10:30:00;1505.00;0.00
2026-09-07 10:35:00;1505.00;0.00
2026-09-07 10:40:00;1509.00;0.00
2026-09-07 10:45:00;1513.00;0.00
2026-09-07 10:50:00;1513.00;0.00
2026-09-07 10:55:00;1509.00;0.00
2026-09-07 11:00:00;1506.00;0.00
2026-09-07 11:05:00;1503.00;0.00
2026-09-07 11:10:00;1508.00;0.00
2026-09-07 11:15:00;1508.00;0.00
2026-09-07 11:20:00;1506.00;0.00
2026-09-07 11:25:00;1511.00;0.00
2026-09-07 11:30:00;1502.00;0.00
2026-09-07 11:35:00;1499.00;0.00
2026-09-07 11:40:00;1499.00;0.00
2026-09-07 11:45:00;1506.00;0.00
2026-09-07 11:50:00;1503.00;0.00
2026-09-07 11:55:00;1503.00;0.00
2026-09-07 12:00:00;1507.00;0.00
2026-09-07 12:05:00;1509.00;0.00
2026-09-07 12:10:00;1503.00;0.00
2026-09-07 12:15:00;1506.00;0.00
2026-09-07 12:20:00;1498.00;0.00
2026-09-07 12:25:00;1499.00;0.00
2026-09-07 12:30:00;1491.00;0.00
2026-09-07 12:35:00;1494.00;0.00
2026-09-07 12:40:00;1494.00;0.00
2026-09-07 12:45:00;1492.00;0.00
2026-09-07 12:50:00;1491.00;0.00
2026-09-07 12:55:00;1493.00;0.00
2026-09-07 13:00:00;1494.00;0.00
2026-09-07 13:05:00;1491.00;0.00
2026-09-07 13:10:00;1493.00;0.00
2026-09-07 13:15:00;1492.00;0.00
2026-09-07 13:20:00;1495.00;0.00
2026-09-07 13:25:00;1494.00;0.00
2026-09-07 13:30:00;1499.00;0.00
2026-09-07 13:35:00;1492.00;0.00
2026-09-07 13:40:00;1497.00;0.00
2026-09-07 13:45:00;1495.00;0.00
2026-09-07 13:50:00;1498.00;0.00
2026-09-07 13:55:00;1499.00;0.00
2026-09-07 14:00:00;1491.00;0.00
2026-09-07 14:05:00;1499.00;0.00
2026-09-07 14:10:00;1484.00;0.00
2026-09-07 14:15:00;1494.00;0.00
2026-09-07 14:20:00;1500.00;0.00
2026-09-07 14:25:00;1495.00;0.00
2026-09-07 14:30:00;1492.00;0.00
2026-09-07 14:35:00;1498.00;0.00
2026-09-07 14:40:00;1500.00;0.00
2026-09-07 14:45:00;1493.00;0.00
2026-09-07 14:50:00;1491.00;0.00
2026-09-07 14:55:00;1499.00;0.00
2026-09-07 15:00:00;1501.00;0.00
2026-09-07 15:05:00;1496.00;0.00
2026-09-07 15:10:00;1499.00;0.00
2026-09-07 15:15:00;1498.00;0.00
2026-09-07 15:20:00;1498.00;0.00
2026-09-07 15:25:00;1487.00;0.00
2026-09-07 15:30:00;1490.00;0.00
2026-09-07 15:35:00;1495.00;0.00
2026-09-07 15:40:00;1489.00;0.00
2026-09-07 15:45:00;1497.00;0.00
2026-09-07 15:50:00;1487.00;0.00
2026-09-07 15:55:00;1486.00;0.00
2026-09-07 16:00:00;1496.00;0.00
2026-09-07 16:05:00;1495.00;0.00
2026-09-07 16:10:00;1496.00;0.00
2026-09-07 16:15:00;1493.00;0.00
2026-09-07 16:20:00;1497.00;0.00
2026-09-07 16:25:00;1496.00;0.00
2026-09-07 16:30:00;1483.00;0.00
2026-09-07 16:35:00;1487.00;0.00
2026-09-07 16:40:00;1487.00;0.00
2026-09-07 16:45:00;1486.00;0.00
2026-09-07 16:50:00;1493.00;0.00
2026-09-07 16:55:00;1493.00;0.00
2026-09-07 17:00:00;1490.00;0.00
2026-09-07 17:05:00;1482.00;0.00
2026-09-07 17:10:00;1484.00;0.00
2026-09-07 17:15:00;1484.00;0.00
2026-09-07 17:20:00;1486.00;0.00
2026-09-07 17:25:00;1491.00;0.00
2026-09-07 17:30:00;1485.00;0.00
2026-09-07 17:35:00;1482.00;0.00
2026-09-07 17:40:00;1483.00;0.00
2026-09-07 17:45:00;1488.00;0.00
2026-09-07 17:50:00;1488.00;0.00
2026-09-07 17:55:00;1488.00;0.00
2026-09-07 18:00:00;1488.00;0.00
2026-09-07 18:05:00;1480.00;0.00
2026-09-07 18:10:00;1486.00;0.00
2026-09-07 18:15:00;1486.00;0.00
2026-09-07 18:20:00;1486.00;0.00
2026-09-07 18:25:00;1486.00;0.00
2026-09-07 18:30:00;1486.00;0.00
2026-09-07 18:35:00;1486.00;0.00
2026-09-07 18:40:00;1486.00;0.00
2026-09-07 18:45:00;1486.00;0.00
2026-09-07 18:50:00;1481.00;0.00
2026-09-07 18:55:00;1479.00;0.00
2026-09-07 19:00:00;1481.00;0.00
2026-09-07 19:05:00;1482.00;0.00
2026-09-07 19:10:00;1481.00;0.00
2026-09-07 19:15:00;1481.00;0.00
2026-09-07 19:20:00;1481.00;0.00
2026-09-07 19:25:00;1477.00;0.00
2026-09-07 19:30:00;1475.00;0.00
2026-09-07 19:35:00;1475.00;0.00
2026-09-07 19:40:00;1474.00;0.00
2026-09-07 19:45:00;1473.00;0.00
2026-09-07 19:50:00;1474.00;0.00
2026-09-07 19:55:00;1475.00;0.00
2026-09-07 20:00:00;1475.00;0.00
2026-09-07 20:05:00;1475.00;0.00
2026-09-07 20:10:00;1473.00;0.00
2026-09-07 20:15:00;1472.00;0.00
2026-09-07 20:20:00;1472.00;0.00
2026-09-07 20:25:00;1472.00;0.00
2026-09-07 20:30:00;1472.00;0.00
2026-09-07 20:35:00;1472.00;0.00
2026-09-07 20:40:00;1472.00;0.00
2026-09-07 20:45:00;1472.00;0.00
2026-09-07 20:50:00;1472.00;0.00
2026-09-07 20:55:00;1472.00;0.00
2026-09-07 21:00:00;1472.00;0.00
2026-09-07 21:05:00;1472.00;0.00
2026-09-07 21:10:00;1471.00;0.00
2026-09-07 21:15:00;1469.00;0.00
2026-09-07 21:20:00;1469.00;0.00
2026-09-07 21:25:00;1462.00;0.00
2026-09-07 21:30:00;1462.00;0.00
2026-09-07 21:35:00;1462.00;0.00
2026-09-07 21:40:00;1462.00;0.00
2026-09-07 21:45:00;1462.00;0.00
2026-09-07 21:50:00;1462.00;0.00
2026-09-07 21:55:00;1458.00;0.00
2026-09-07 22:00:00;1458.00;0.00
2026-09-07 22:05:00;1458.00;0.00
2026-09-07 22:10:00;1458.00;0.00
2026-09-07 22:15:00;1458.00;0.00
2026-09-07 22:20:00;1458.00;0.00
2026-09-07 22:25:00;1457.00;0.00
2026-09-07 22:30:00;1455.00;0.00
2026-09-07 22:35:00;1455.00;0.00
2026-09-07 22:40:00;1455.00;0.00
2026-09-07 22:45:00;1455.00;0.00
2026-09-07 22:50:00;1455.00;0.00
2026-09-07 22:55:00;1455.00;0.00
2026-09-07 23:00:00;1455.00;0.00
2026-09-07 23:05:00;1455.00;0.00
2026-09-07 23:10:00;1455.00;0.00
2026-09-07 23:15:00;1455.00;0.00
2026-09-07 23:20:00;1455.00;0.00
2026-09-07 23:25:00;1453.00;0.00
2026-09-07 23:30:00;1440.00;0.00
2026-09-07 23:35:00;1440.00;0.00
2026-09-07 23:40:00;1439.00;0.00
2026-09-07 23:45:00;1435.00;0.00
2026-09-07 23:50:00;1438.00;0.00
2026-09-07 23:55:00;1439.00;0.00
2026-09-08 00:00:00;1434.00;0.00
2026-09-08 00:05:00;1435.00;0.00
2026-09-08 00:10:00;1428.00;0.00
2026-09-08 00:15:00;1428.00;0.00
2026-09-08 00:20:00;1430.00;0.00
2026-09-08 00:25:00;1431.00;0.00
2026-09-08 00:30:00;1434.00;0.00
2026-09-08 00:35:00;1429.00;0.00
2026-09-08 00:40:00;1431.00;0.00
2026-09-08 00:45:00;1431.00;0.00
2026-09-08 00:50:00;1434.00;0.00
2026-09-08 00:55:00;1434.00;0.00
2026-09-08 01:00:00;1431.00;0.00
2026-09-08 01:05:00;1435.00;0.00
2026-09-08 01:10:00;1432.00;0.00
2026-09-08 01:15:00;1429.00;0.00
2026-09-08 01:20:00;1433.00;0.00
2026-09-08 01:25:00;1439.00;0.00
2026-09-08 01:30:00;1430.00;0.00
2026-09-08 01:35:00;1435.00;0.00
2026-09-08 01:40:00;1430.00;0.00
2026-09-08 01:45:00;1434.00;0.00
2026-09-08 01:50:00;1433.00;0.00
2026-09-08 01:55:00;1441.00;0.00
2026-09-08 02:00:00;1442.00;0.00
2026-09-08 02:05:00;1439.00;0.00
2026-09-08 02:10:00;1436.00;0.00
2026-09-08 02:15:00;1441.00;0.00
2026-09-08 02:20:00;1444.00;0.00
2026-09-08 02:25:00;1444.00;0.00
2026-09-08 02:30:00;1444.00;0.00
2026-09-08 02:35:00;1444.00;0.00
2026-09-08 02:40:00;1444.00;0.00
2026-09-08 02:45:00;1444.00;0.00
2026-09-08 02:50:00;1444.00;0.00
2026-09-08 02:55:00;1444.00;0.00
2026-09-08 03:00:00;1444.00;0.00
2026-09-08 03:05:00;1444.00;0.00
2026-09-08 03:10:00;1444.00;0.00
2026-09-08 03:15:00;1444.00;0.00
2026-09-08 03:20:00;1444.00;0.00
2026-09-08 03:25:00;1446.00;0.00
2026-09-08 03:30:00;1446.00;0.00
2026-09-08 03:35:00;1446.00;0.00
2026-09-08 03:40:00;1446.00;0.00
2026-09-08 03:45:00;1446.00;0.00
2026-09-08 03:50:00;1446.00;0.00
2026-09-08 03:55:00;1446.00;0.00
2026-09-08 04:00:00;1446.00;0.00
2026-09-08 04:05:00;1448.00;0.00
2026-09-08 04:10:00;1448.00;0.00
2026-09-08 04:15:00;1448.00;0.00
2026-09-08 04:20:00;1448.00;0.00
2026-09-08 04:25:00;1448.00;0.00
2026-09-08 04:30:00;1448.00;0.00
2026-09-08 04:35:00;1448.00;0.00
2026-09-08 04:40:00;1448.00;0.00
2026-09-08 04:45:00;1448.00;0.00
2026-09-08 04:50:00;1448.00;0.00
2026-09-08 04:55:00;1448.00;0.00
2026-09-08 05:00:00;1448.00;0.00
2026-09-08 05:05:00;1448.00;0.00
2026-09-08 05:10:00;1448.00;0.00
2026-09-08 05:15:00;1448.00;0.00
2026-09-08 05:20:00;1448.00;0.00
2026-09-08 05:25:00;1448.00;0.00
2026-09-08 05:30:00;1448.00;0.00
2026-09-08 05:35:00;1448.00;0.00
2026-09-08 05:40:00;1448.00;0.00
2026-09-08 05:45:00;1448.00;0.00
2026-09-08 05:50:00;1448.00;0.00
2026-09-08 05:55:00;1448.00;0.00
2026-09-08 06:00:00;1448.00;0.00
2026-09-08 06:05:00;1448.00;0.00
2026-09-08 06:10:00;1460.00;0.00
2026-09-08 06:15:00;1480.00;0.00
2026-09-08 06:20:00;1490.00;0.00
2026-09-08 06:25:00;1504.00;0.00
2026-09-08 06:30:00;1509.00;0.00
2026-09-08 06:35:00;1510.00;0.00
2026-09-08 06:40:00;1509.00;0.00
2026-09-08 06:45:00;1506.00;0.00
2026-09-08 06:50:00;1506.00;0.00
2026-09-08 06:55:00;1506.00;0.00
2026-09-08 07:00:00;1506.00;0.00
2026-09-08 07:05:00;1506.00;0.00
2026-09-08 07:10:00;1506.00;0.00
2026-09-08 07:15:00;1506.00;0.00
2026-09-08 07:20:00;1506.00;0.00
2026-09-08 07:25:00;1506.00;0.00
2026-09-08 07:30:00;1510.00;0.00
2026-09-08 07:35:00;1510.00;0.00
2026-09-08 07:40:00;1511.00;0.00
2026-09-08 07:45:00;1516.00;0.00
2026-09-08 07:50:00;1516.00;0.00
2026-09-08 07:55:00;1516.00;0.00
2026-09-08 08:00:00;1514.00;0.00
2026-09-08 08:05:00;1513.00;0.00
2026-09-08 08:10:00;1511.00;0.00
2026-09-08 08:15:00;1512.00;0.00
2026-09-08 08:20:00;1506.00;0.00
2026-09-08 08:25:00;1506.00;0.00
2026-09-08 08:30:00;1508.00;0.00
2026-09-08 08:35:00;1506.00;0.00
2026-09-08 08:40:00;1506.00;0.00
2026-09-08 08:45:00;1504.00;0.00
2026-09-08 08:50:00;1508.00;0.00
2026-09-08 08:55:00;1508.00;0.00
2026-09-08 09:00:00;1510.00;0.00
2026-09-08 09:05:00;1510.00;0.00
2026-09-08 09:10:00;1514.00;0.00
2026-09-08 09:15:00;1508.00;0.00
2026-09-08 09:20:00;1512.00;0.00
2026-09-08 09:25:00;1511.00;0.00
2026-09-08 09:30:00;1513.00;0.00
2026-09-08 09:35:00;1513.00;0.00
2026-09-08 09:40:00;1513.00;0.00
2026-09-08 09:45:00;1513.00;0.00
2026-09-08 09:50:00;1513.00;0.00
2026-09-08 09:55:00;1513.00;0.00
2026-09-08 10:00:00;1513.00;0.00
2026-09-08 10:05:00;1513.00;0.00
2026-09-08 10:10:00;1513.00;0.00
2026-09-08 10:15:00;1513.00;0.00
2026-09-08 10:20:00;1513.00;0.00
2026-09-08 10:25:00;1511.00;0.00
2026-09-08 10:30:00;1508.00;0.00
2026-09-08 10:35:00;1511.00;0.00
2026-09-08 10:40:00;1511.00;0.00
2026-09-08 10:45:00;1511.00;0.00
2026-09-08 10:50:00;1511.00;0.00
2026-09-08 10:55:00;1510.00;0.00
2026-09-08 11:00:00;1510.00;0.00
2026-09-08 11:05:00;1510.00;0.00
2026-09-08 11:10:00;1508.00;0.00
2026-09-08 11:15:00;1506.00;0.00
2026-09-08 11:20:00;1503.00;0.00
2026-09-08 11:25:00;1503.00;0.00
2026-09-08 11:30:00;1503.00;0.00
2026-09-08 11:35:00;1503.00;0.00
2026-09-08 11:40:00;1497.00;0.00
2026-09-08 11:45:00;1498.00;0.00
2026-09-08 11:50:00;1502.00;0.00
2026-09-08 11:55:00;1505.00;0.00
2026-09-08 12:00:00;1504.00;0.00
2026-09-08 12:05:00;1500.00;0.00
2026-09-08 12:10:00;1499.00;0.00
2026-09-08 12:15:00;1499.00;
2026-09-09 10:10:00;1490.00;0.00
2026-09-09 10:15:00;1490.00;0.00
2026-09-09 10:20:00;1491.00;0.00
2026-09-09 10:25:00;1491.00;0.00
2026-09-09 10:30:00;1491.00;0.00
2026-09-09 10:35:00;1488.00;0.00
2026-09-09 10:55:00;1491.00;0.00
2026-09-09 11:00:00;1488.00;0.00
2026-09-09 11:05:00;1486.00;0.00
2026-09-09 11:10:00;1487.00;0.00
2026-09-09 11:15:00;1482.00;0.00
2026-09-09 11:20:00;1479.00;0.00
2026-09-09 11:25:00;1482.00;0.00
2026-09-09 11:30:00;1485.00;0.00
2026-09-09 11:35:00;1490.00;0.00
2026-09-09 11:40:00;1488.00;0.00
2026-09-09 11:45:00;1489.00;0.00
2026-09-09 11:50:00;1486.00;0.00
2026-09-09 11:55:00;1486.00;0.00
2026-09-09 12:00:00;1481.00;0.00
2026-09-09 12:05:00;1479.00;0.00
2026-09-09 12:10:00;1490.00;0.00
2026-09-09 12:15:00;1484.00;0.00
2026-09-09 12:20:00;1487.00;0.00
2026-09-09 12:25:00;1486.00;0.00
2026-09-09 12:30:00;1484.00;0.00
2026-09-09 12:35:00;1479.00;0.00
2026-09-09 12:40:00;1479.00;0.00
2026-09-09 12:45:00;1483.00;0.00
2026-09-09 12:50:00;1487.00;0.00
2026-09-09 12:55:00;1487.00;0.00
2026-09-09 13:00:00;1482.00;0.00
2026-09-09 13:05:00;1483.00;0.00
2026-09-09 13:10:00;1482.00;0.00
2026-09-09 13:15:00;1481.00;0.00
2026-09-09 13:20:00;1485.00;0.00
2026-09-09 13:25:00;1485.00;0.00
2026-09-09 13:30:00;1472.00;0.00
2026-09-09 13:35:00;1476.00;0.00
2026-09-09 13:40:00;1474.00;0.00
2026-09-09 13:45:00;1473.00;0.00
2026-09-09 13:50:00;1479.00;0.00
2026-09-09 13:55:00;1477.00;0.00
2026-09-09 14:00:00;1465.00;0.00
2026-09-09 14:05:00;1469.00;0.00
2026-09-09 14:10:00;1479.00;0.00
2026-09-09 14:15:00;1477.00;0.00
2026-09-09 14:20:00;1475.00;0.00
2026-09-09 14:25:00;1471.00;0.00
2026-09-09 14:30:00;1467.00;0.00
2026-09-09 14:35:00;1471.00;0.00
2026-09-09 14:40:00;1475.00;0.00
2026-09-09 14:45:00;1465.00;0.00
2026-09-09 14:50:00;1465.00;0.00
2026-09-09 14:55:00;1464.00;0.00
2026-09-09 15:00:00;1472.00;0.00
2026-09-09 15:05:00;1468.00;0.00
2026-09-09 15:10:00;1465.00;0.00
2026-09-09 15:15:00;1469.00;0.00
2026-09-09 15:20:00;1467.00;0.00
2026-09-09 15:25:00;1470.00;0.00
2026-09-09 15:30:00;1466.00;0.00
2026-09-09 15:35:00;1456.00;0.00
2026-09-09 15:40:00;1458.00;0.00
2026-09-09 15:45:00;1458.00;0.00
2026-09-09 15:50:00;1465.00;0.00
2026-09-09 15:55:00;1463.00;0.00
2026-09-09 16:00:00;1459.00;0.00
2026-09-09 16:05:00;1459.00;0.00
2026-09-09 16:10:00;1457.00;0.00
2026-09-09 16:15:00;1456.00;0.00
2026-09-09 16:20:00;1456.00;0.00
2026-09-09 16:25:00;1452.00;0.00
2026-09-09 16:30:00;1452.00;0.00
2026-09-09 16:35:00;1448.00;0.00
2026-09-09 16:40:00;1446.00;0.00
2026-09-09 16:45:00;1447.00;0.00
2026-09-09 16:50:00;1446.00;0.00
2026-09-09 16:55:00;1447.00;0.00
2026-09-09 17:00:00;1444.00;0.00
2026-09-09 17:05:00;1441.00;0.00
2026-09-09 17:10:00;1441.00;0.00
2026-09-09 17:15:00;1447.00;0.00
2026-09-09 17:20:00;1443.00;0.00
2026-09-09 17:25:00;1438.00;0.00
2026-09-09 17:30:00;1439.00;0.00
2026-09-09 17:35:00;1441.00;0.00
2026-09-09 17:40:00;1447.00;0.00
2026-09-09 17:45:00;1446.00;0.00
2026-09-09 17:50:00;1441.00;0.00
2026-09-09 17:55:00;1441.00;0.00
2026-09-09 18:00:00;1439.00;0.00
2026-09-09 18:05:00;1440.00;0.00
2026-09-09 18:10:00;1436.00;0.00
2026-09-09 18:15:00;1436.00;0.00
2026-09-09 18:20:00;1436.00;0.00
2026-09-09 18:25:00;1433.00;0.00
2026-09-09 18:30:00;1436.00;0.00
2026-09-09 18:35:00;1433.00;0.00
2026-09-09 18:40:00;1436.00;0.00
2026-09-09 18:45:00;1437.00;0.00
2026-09-09 18:50:00;1439.00;0.00
2026-09-09 18:55:00;1433.00;0.00
2026-09-09 19:00:00;1433.00;0.00
2026-09-09 19:05:00;1436.00;0.00
2026-09-09 19:15:00;1433.00;0.00
2026-09-09 19:20:00;1434.00;0.00
2026-09-09 19:25:00;1433.00;0.00
2026-09-09 19:30:00;1434.00;0.00
2026-09-09 19:35:00;1433.00;0.00
2026-09-09 19:40:00;1433.00;0.00
2026-09-09 19:45:00;1435.00;0.00
2026-09-09 19:50:00;1432.00;0.00
2026-09-09 19:55:00;1432.00;0.00
2026-09-09 20:00:00;1435.00;0.00
2026-09-09 20:05:00;1433.00;0.00
2026-09-09 20:10:00;1435.00;0.00
2026-09-09 20:15:00;1437.00;0.00
2026-09-09 20:20:00;1437.00;0.00
2026-09-09 20:25:00;1438.00;0.00
2026-09-09 20:30:00;1438.00;0.00
2026-09-09 20:35:00;1437.00;0.00
2026-09-09 20:40:00;1438.00;0.00
2026-09-09 20:45:00;1438.00;0.00
2026-09-09 20:50:00;1440.00;0.00
2026-09-09 20:55:00;1443.00;0.00
2026-09-09 21:00:00;1441.00;0.00
2026-09-09 21:05:00;1442.00;0.00
2026-09-09 21:10:00;1442.00;0.00
2026-09-09 21:15:00;1442.00;0.00
2026-09-09 21:20:00;1442.00;0.00
2026-09-09 21:25:00;1441.00;0.00
2026-09-09 21:30:00;1446.00;0.00
2026-09-09 21:35:00;1445.00;0.00
2026-09-09 21:40:00;1446.00;0.00
2026-09-09 21:45:00;1447.00;0.00
2026-09-09 21:50:00;1449.00;0.00
2026-09-09 21:55:00;1449.00;0.00
2026-09-09 22:00:00;1449.00;0.00
2026-09-09 22:05:00;1449.00;0.00
2026-09-09 22:10:00;1445.00;0.00
2026-09-09 22:15:00;1450.00;0.00
2026-09-09 22:20:00;1451.00;0.00
2026-09-09 22:25:00;1451.00;0.00
2026-09-09 22:30:00;1451.00;0.00
2026-09-09 22:35:00;1451.00;0.00
2026-09-09 22:40:00;1451.00;0.00
2026-09-09 22:45:00;1451.00;0.00
2026-09-09 22:50:00;1451.00;0.00
2026-09-09 22:55:00;1451.00;0.00
2026-09-09 23:00:00;1451.00;0.00
2026-09-09 23:05:00;1451.00;0.00
2026-09-09 23:10:00;1453.00;0.00
2026-09-09 23:15:00;1453.00;0.00
2026-09-09 23:20:00;1453.00;0.00
2026-09-09 23:25:00;1453.00;0.00
2026-09-09 23:30:00;1453.00;0.00
2026-09-09 23:35:00;1450.00;0.00
2026-09-09 23:40:00;1450.00;0.00
2026-09-09 23:45:00;1450.00;0.00
2026-09-09 23:50:00;1450.00;0.00
2026-09-09 23:55:00;1450.00;0.00
2026-09-10 00:00:00;1450.00;0.00
2026-09-10 00:05:00;1450.00;0.00
2026-09-10 00:10:00;1450.00;0.00
2026-09-10 00:15:00;1450.00;0.00
2026-09-10 00:20:00;1450.00;0.00
2026-09-10 00:25:00;1450.00;0.00
2026-09-10 00:30:00;1450.00;0.00
2026-09-10 00:35:00;1450.00;0.00
2026-09-10 00:40:00;1450.00;0.00
2026-09-10 00:45:00;1450.00;0.00
2026-09-10 00:50:00;1450.00;0.00
2026-09-10 00:55:00;1450.00;0.00
2026-09-10 01:00:00;1450.00;0.00
2026-09-10 01:05:00;1450.00;0.00
2026-09-10 01:10:00;1450.00;0.00
2026-09-10 01:15:00;1450.00;0.00
2026-09-10 01:20:00;1450.00;0.00
2026-09-10 01:25:00;1451.00;0.00
2026-09-10 01:30:00;1452.00;0.00
2026-09-10 01:35:00;1452.00;0.00
2026-09-10 01:40:00;1452.00;0.00
2026-09-10 01:45:00;1452.00;0.00
2026-09-10 01:50:00;1452.00;0.00
2026-09-10 01:55:00;1452.00;0.00
2026-09-10 02:00:00;1449.00;0.00
2026-09-10 02:05:00;1452.00;0.00
2026-09-10 02:10:00;1452.00;0.00
2026-09-10 02:15:00;1452.00;0.00
2026-09-10 02:20:00;1452.00;0.00
2026-09-10 02:25:00;1452.00;0.00
2026-09-10 02:30:00;1452.00;0.00
2026-09-10 02:35:00;1451.00;0.00
2026-09-10 02:40:00;1450.00;0.00
2026-09-10 02:45:00;1451.00;0.00
2026-09-10 02:50:00;1451.00;0.00
2026-09-10 02:55:00;1451.00;0.00
2026-09-10 03:00:00;1449.00;0.00
2026-09-10 03:05:00;1449.00;0.00
2026-09-10 03:10:00;1454.00;0.00
2026-09-10 03:15:00;1454.00;0.00
2026-09-10 03:20:00;1455.00;0.00
2026-09-10 03:25:00;1455.00;0.00
2026-09-10 03:30:00;1455.00;0.00
2026-09-10 03:35:00;1458.00;0.00
2026-09-10 03:40:00;1458.00;0.00
2026-09-10 03:45:00;1457.00;0.00
2026-09-10 03:50:00;1458.00;0.00
2026-09-10 03:55:00;1458.00;0.00
2026-09-10 04:00:00;1462.00;0.00
2026-09-10 04:05:00;1462.00;0.00
2026-09-10 04:10:00;1462.00;0.00
2026-09-10 04:15:00;1462.00;0.00
2026-09-10 04:20:00;1462.00;0.00
2026-09-10 04:25:00;1462.00;0.00
2026-09-10 04:30:00;1462.00;0.00
2026-09-10 04:35:00;1462.00;0.00
2026-09-10 04:40:00;1462.00;0.00
2026-09-10 04:45:00;1462.00;0.00
2026-09-10 04:50:00;1462.00;0.00
2026-09-10 04:55:00;1462.00;0.00
2026-09-10 05:00:00;1463.00;0.00
2026-09-10 05:05:00;1463.00;0.00
2026-09-10 05:10:00;1463.00;0.00
2026-09-10 05:15:00;1463.00;0.00
2026-09-10 05:20:00;1463.00;0.00
2026-09-10 05:25:00;1463.00;0.00
2026-09-10 05:30:00;1463.00;0.00
2026-09-10 05:35:00;1463.00;0.00
2026-09-10 05:40:00;1463.00;0.00
2026-09-10 05:45:00;1463.00;0.00
2026-09-10 05:50:00;1464.00;0.00
2026-09-10 05:55:00;1471.00;0.00
2026-09-10 06:00:00;1471.00;0.00
2026-09-10 06:05:00;1471.00;0.00
2026-09-10 06:10:00;1471.00;0.00
2026-09-10 06:15:00;1478.00;0.00
2026-09-10 06:20:00;1487.00;0.00
2026-09-10 06:25:00;1487.00;0.00
2026-09-10 06:30:00;1487.00;0.00
2026-09-10 06:35:00;1487.00;0.00
2026-09-10 06:40:00;1488.00;0.00
2026-09-10 06:45:00;1488.00;0.00
2026-09-10 06:50:00;1488.00;0.00
2026-09-10 06:55:00;1488.00;0.00
2026-09-10 07:00:00;1492.00;0.00
2026-09-10 07:05:00;1494.00;0.00
2026-09-10 07:10:00;1495.00;0.00
2026-09-10 07:15:00;1497.00;0.00
2026-09-10 07:20:00;1498.00;0.00
2026-09-10 07:25:00;1498.00;0.00
2026-09-10 07:30:00;1498.00;0.00
2026-09-10 07:35:00;1498.00;0.00
2026-09-10 07:40:00;1498.00;0.00
2026-09-10 07:45:00;1498.00;0.00
2026-09-10 07:50:00;1498.00;0.00
2026-09-10 07:55:00;1498.00;0.00
2026-09-10 08:00:00;1498.00;0.00
2026-09-10 08:05:00;1498.00;0.00
2026-09-10 08:10:00;1498.00;0.00
2026-09-10 08:15:00;1498.00;0.00
2026-09-10 08:20:00;1498.00;0.00
2026-09-10 08:25:00;1496.00;0.00
2026-09-10 08:30:00;1497.00;0.00
2026-09-10 08:35:00;1493.00;0.00
2026-09-10 08:40:00;1495.00;0.00
2026-09-10 08:45:00;1497.00;0.00
2026-09-10 08:50:00;1497.00;0.00
2026-09-10 08:55:00;1497.00;0.00
2026-09-10 09:00:00;1497.00;0.00
2026-09-10 09:05:00;1494.00;0.00
2026-09-10 09:10:00;1493.00;0.00
2026-09-10 09:15:00;1489.00;0.00
2026-09-10 09:20:00;1488.00;0.00
2026-09-10 09:25:00;1495.00;0.00
2026-09-10 09:30:00;1495.00;0.00
2026-09-10 09:35:00;1495.00;0.00
2026-09-10 09:40:00;1495.00;0.00
2026-09-10 09:45:00;1495.00;0.00
2026-09-10 09:50:00;1495.00;0.00
2026-09-10 09:55:00;1495.00;0.00
2026-09-10 10:00:00;1495.00;0.00
2026-09-10 10:05:00;1495.00;0.00
2026-09-10 10:10:00;1495.00;0.00
2026-09-10 10:15:00;1495.00;0.00
2026-09-10 10:20:00;1495.00;0.00
2026-09-10 10:25:00;1493.00;0.00
2026-09-10 10:30:00;1489.00;0.00
2026-09-10 10:35:00;1491.00;0.00
2026-09-10 10:40:00;1493.00;0.00
2026-09-10 10:45:00;1492.00;0.00
2026-09-10 10:50:00;1494.00;0.00
2026-09-10 10:55:00;1495.00;0.00
2026-09-10 11:00:00;1494.00;0.00
2026-09-10 11:05:00;1481.00;0.00
2026-09-10 11:10:00;1483.00;0.00
2026-09-10 11:15:00;1483.00;0.00
2026-09-10 11:20:00;1487.00;0.00
2026-09-10 11:25:00;1490.00;0.00
2026-09-10 11:30:00;1490.00;0.00
2026-09-10 11:35:00;1485.00;0.00
2026-09-10 11:40:00;1488.00;0.00
2026-09-10 11:45:00;1492.00;0.00
2026-09-10 11:50:00;1492.00;0.00
2026-09-10 11:55:00;1492.00;0.00
2026-09-10 12:00:00;1488.00;0.00
2026-09-10 12:05:00;1490.00;0.00
2026-09-10 12:10:00;1490.00;0.00
2026-09-10 12:15:00;1490.00;0.00
2026-09-10 12:20:00;1491.00;0.00
2026-09-10 12:25:00;1489.00;0.00
2026-09-10 12:30:00;1490.00;0.00
2026-09-10 12:35:00;1491.00;0.00
2026-09-10 12:40:00;1491.00;0.00
2026-09-10 12:45:00;1489.00;0.00
2026-09-10 12:50:00;1488.00;0.00
2026-09-10 12:55:00;1485.00;0.00
2026-09-10 13:00:00;1487.00;0.00
2026-09-10 13:05:00;1486.00;0.00
2026-09-10 13:10:00;1492.00;0.00
2026-09-10 13:15:00;1492.00;0.00
2026-09-10 13:20:00;1487.00;0.00
2026-09-10 13:25:00;1489.00;0.00
2026-09-10 13:30:00;1492.00;0.00
2026-09-10 13:35:00;1492.00;0.00
2026-09-10 13:40:00;1483.00;0.00
2026-09-10 13:45:00;1482.00;0.00
2026-09-10 13:50:00;1478.00;0.00
2026-09-10 13:55:00;1480.00;0.00
2026-09-10 14:00:00;1483.00;0.00
2026-09-10 14:05:00;1483.00;0.00
2026-09-10 14:10:00;1484.00;0.00
2026-09-10 14:15:00;1488.00;0.00
2026-09-10 14:20:00;1487.00;0.00
2026-09-10 14:25:00;1490.00;0.00
2026-09-10 14:30:00;1489.00;0.00
2026-09-10 14:35:00;1489.00;0.00
2026-09-10 14:40:00;1490.00;0.00
2026-09-10 14:45:00;1490.00;0.00
2026-09-10 14:50:00;1490.00;0.00
2026-09-10 14:55:00;1490.00;0.00
2026-09-10 15:00:00;1490.00;0.00
2026-09-10 15:05:00;1490.00;0.00
2026-09-10 15:10:00;1490.00;0.00
2026-09-10 15:15:00;1490.00;0.00
2026-09-10 15:20:00;1490.00;0.00
2026-09-10 15:25:00;1490.00;0.00
2026-09-10 15:30:00;1486.00;0.00
2026-09-10 15:35:00;1488.00;0.00
2026-09-10 15:40:00;1490.00;0.00
2026-09-10 15:45:00;1490.00;0.00
2026-09-10 15:50:00;1489.00;0.00
2026-09-10 15:55:00;1490.00;0.00
2026-09-10 16:00:00;1490.00;0.00
2026-09-10 16:05:00;1490.00;0.00
2026-09-10 16:10:00;1486.00;0.00
2026-09-10 16:15:00;1488.00;0.00
2026-09-10 16:20:00;1488.00;0.00
2026-09-10 16:25:00;1489.00;0.00
2026-09-10 16:30:00;1489.00;0.00
2026-09-10 16:35:00;1489.00;0.00
2026-09-10 16:40:00;1489.00;0.00
2026-09-10 16:45:00;1489.00;0.00
2026-09-10 16:50:00;1489.00;0.00
2026-09-10 16:55:00;1489.00;0.00
2026-09-10 17:00:00;1489.00;0.00
2026-09-10 17:05:00;1489.00;0.00
2026-09-10 17:10:00;1489.00;0.00
2026-09-10 17:15:00;1489.00;0.00
2026-09-10 17:20:00;1489.00;0.00
2026-09-10 17:25:00;1488.00;0.00
2026-09-10 17:30:00;1489.00;0.00
2026-09-10 17:35:00;1489.00;0.00
2026-09-10 17:40:00;1489.00;0.00
2026-09-10 17:45:00;1489.00;0.00
2026-09-10 17:50:00;1489.00;0.00
2026-09-10 17:55:00;1489.00;0.00
2026-09-10 18:00:00;1489.00;0.00
2026-09-10 18:05:00;1489.00;0.00
2026-09-10 18:10:00;1489.00;0.00
2026-09-10 18:15:00;1489.00;0.00
2026-09-10 18:20:00;1480.00;0.00
2026-09-10 18:25:00;1488.00;0.00
2026-09-10 18:30:00;1484.00;0.00
2026-09-10 18:35:00;1480.00;0.00
2026-09-10 18:40:00;1486.00;0.00
2026-09-10 18:45:00;1486.00;0.00
2026-09-10 18:50:00;1486.00;0.00
2026-09-10 18:55:00;1486.00;0.00
2026-09-10 19:00:00;1486.00;0.00
2026-09-10 19:10:00;1485.00;0.00
2026-09-10 19:15:00;1482.00;0.00
2026-09-10 19:20:00;1482.00;0.00
2026-09-10 19:25:00;1484.00;0.00
2026-09-10 19:30:00;1483.00;0.00
2026-09-10 19:35:00;1487.00;0.00
2026-09-10 19:40:00;1488.00;0.00
2026-09-10 19:45:00;1488.00;0.00
2026-09-10 19:50:00;1488.00;0.00
2026-09-10 19:55:00;1488.00;0.00
2026-09-10 20:00:00;1488.00;0.00
2026-09-10 20:05:00;1488.00;0.00
2026-09-10 20:10:00;1488.00;0.00
2026-09-10 20:15:00;1485.00;0.00
2026-09-10 20:20:00;1474.00;0.00
2026-09-10 20:25:00;1483.00;0.00
2026-09-10 20:30:00;1485.00;0.00
2026-09-10 20:35:00;1484.00;0.00
2026-09-10 20:40:00;1489.00;0.00
2026-09-10 20:45:00;1486.00;0.00
2026-09-10 20:50:00;1486.00;0.00
2026-09-10 20:55:00;1489.00;0.00
2026-09-10 21:00:00;1489.00;0.00
2026-09-10 21:05:00;1489.00;0.00
2026-09-10 21:10:00;1489.00;0.00
2026-09-10 21:15:00;1489.00;0.00
2026-09-10 21:20:00;1489.00;0.00
2026-09-10 21:25:00;1489.00;0.00
2026-09-10 21:30:00;1489.00;0.00
2026-09-10 21:35:00;1489.00;0.00
2026-09-10 21:40:00;1489.00;0.00
2026-09-10 21:45:00;1489.00;0.00
2026-09-10 21:50:00;1489.00;0.00
2026-09-10 21:55:00;1489.00;0.00
2026-09-10 22:00:00;1489.00;0.00
2026-09-10 22:05:00;1489.00;0.00
2026-09-10 22:10:00;1489.00;0.00
2026-09-10 22:15:00;1489.00;0.00
2026-09-10 22:20:00;1489.00;0.00
2026-09-10 22:25:00;1489.00;0.00
2026-09-10 22:30:00;1489.00;0.00
2026-09-10 22:35:00;1484.00;0.00
2026-09-10 22:40:00;1486.00;0.00
2026-09-10 22:45:00;1489.00;0.00
2026-09-10 22:50:00;1482.00;0.00
2026-09-10 22:55:00;1485.00;0.00
2026-09-10 23:00:00;1487.00;0.00
2026-09-10 23:05:00;1487.00;0.00
2026-09-10 23:10:00;1487.00;0.00
2026-09-10 23:15:00;1487.00;0.00
2026-09-10 23:20:00;1487.00;0.00
2026-09-10 23:25:00;1487.00;0.00
2026-09-10 23:30:00;1487.00;0.00
2026-09-10 23:35:00;1487.00;0.00
2026-09-10 23:40:00;1487.00;0.00
2026-09-10 23:45:00;1484.00;0.00
2026-09-10 23:50:00;1481.00;0.00
2026-09-10 23:55:00;1481.00;0.00
2026-09-11 00:00:00;1481.00;0.00
2026-09-11 00:05:00;1481.00;0.00
2026-09-11 00:10:00;1481.00;0.00
2026-09-11 00:15:00;1481.00;0.00
2026-09-11 00:20:00;1479.00;0.00
2026-09-11 00:25:00;1482.00;0.00
2026-09-11 00:30:00;1483.00;0.00
2026-09-11 00:35:00;1483.00;0.00
2026-09-11 00:40:00;1483.00;0.00
2026-09-11 00:45:00;1483.00;0.00
2026-09-11 00:50:00;1483.00;0.00
2026-09-11 00:55:00;1483.00;0.00
2026-09-11 01:00:00;1483.00;0.00
2026-09-11 01:05:00;1483.00;0.00
2026-09-11 01:10:00;1483.00;0.00
2026-09-11 01:15:00;1483.00;0.00
2026-09-11 01:20:00;1483.00;0.00
2026-09-11 01:25:00;1483.00;0.00
2026-09-11 01:30:00;1483.00;0.00
2026-09-11 01:35:00;1483.00;0.00
2026-09-11 01:40:00;1483.00;0.00
2026-09-11 01:45:00;1483.00;0.00
2026-09-11 01:50:00;1483.00;0.00
2026-09-11 01:55:00;1483.00;0.00
2026-09-11 02:00:00;1483.00;0.00
2026-09-11 02:05:00;1483.00;0.00
2026-09-11 02:10:00;1483.00;0.00
2026-09-11 02:15:00;1483.00;0.00
2026-09-11 02:20:00;1483.00;0.00
2026-09-11 02:25:00;1476.00;0.00
2026-09-11 02:30:00;1476.00;0.00
2026-09-11 02:35:00;1476.00;0.00
2026-09-11 02:40:00;1476.00;0.00
2026-09-11 02:45:00;1476.00;0.00
2026-09-11 02:50:00;1476.00;0.00
2026-09-11 02:55:00;1476.00;0.00
2026-09-11 03:00:00;1476.00;0.00
2026-09-11 03:05:00;1476.00;0.00
2026-09-11 03:10:00;1476.00;0.00
2026-09-11 03:15:00;1476.00;0.00
2026-09-11 03:20:00;1476.00;0.00
2026-09-11 03:25:00;1476.00;0.00
2026-09-11 03:30:00;1476.00;0.00
2026-09-11 03:35:00;1476.00;0.00
2026-09-11 03:40:00;1476.00;0.00
2026-09-11 03:45:00;1476.00;0.00
2026-09-11 03:50:00;1476.00;0.00
2026-09-11 03:55:00;1474.00;0.00
2026-09-11 04:00:00;1470.00;0.00
2026-09-11 04:05:00;1470.00;0.00
2026-09-11 04:10:00;1470.00;0.00
2026-09-11 04:15:00;1470.00;0.00
2026-09-11 04:20:00;1470.00;0.00
2026-09-11 04:25:00;1468.00;0.00
2026-09-11 04:30:00;1458.00;0.00
2026-09-11 04:35:00;1457.00;0.00
2026-09-11 04:40:00;1449.00;1.00
2026-09-11 04:45:00;1461.00;0.40
2026-09-11 04:50:00;1469.00;0.00
2026-09-11 04:55:00;1473.00;0.20
2026-09-11 05:00:00;1475.00;0.00
2026-09-11 05:05:00;1477.00;0.00
2026-09-11 05:10:00;1476.00;0.00
2026-09-11 05:15:00;1474.00;0.00
2026-09-11 05:20:00;1459.00;0.60
2026-09-11 05:25:00;1467.00;0.20
2026-09-11 05:30:00;1467.00;0.20
2026-09-11 05:35:00;1469.00;0.00
2026-09-11 05:40:00;1473.00;0.00
2026-09-11 05:45:00;1472.00;0.00
2026-09-11 05:50:00;1474.00;0.00
2026-09-11 05:55:00;1470.00;0.60
2026-09-11 06:00:00;1464.00;0.60
2026-09-11 06:05:00;1464.00;2.20
2026-09-11 06:10:00;1460.00;1.00
2026-09-11 06:15:00;1463.00;0.20
2026-09-11 06:20:00;1469.00;0.20
2026-09-11 06:25:00;1470.00;0.00
2026-09-11 06:30:00;1475.00;0.00
2026-09-11 06:35:00;1479.00;0.00
2026-09-11 06:40:00;1478.00;0.00
2026-09-11 06:45:00;1476.00;0.00
2026-09-11 06:50:00;1455.00;1.80
2026-09-11 06:55:00;1460.00;0.80
2026-09-11 07:00:00;1471.00;0.20
2026-09-11 07:05:00;1467.00;0.00
2026-09-11 07:10:00;1459.00;1.00
2026-09-11 07:15:00;1463.00;0.60
2026-09-11 07:20:00;1466.00;0.20
2026-09-11 07:25:00;1459.00;1.00
2026-09-11 07:30:00;1456.00;4.20
2026-09-11 07:35:00;1451.00;5.60
2026-09-11 07:40:00;1453.00;5.40
2026-09-11 07:45:00;1456.00;5.00
2026-09-11 07:50:00;1471.00;1.60
2026-09-11 07:55:00;1478.00;0.20
2026-09-11 08:00:00;1477.00;0.00
2026-09-11 08:05:00;1479.00;0.00
2026-09-11 08:10:00;1486.00;0.20
2026-09-11 08:15:00;1482.00;0.20
2026-09-11 08:20:00;1483.00;0.20
2026-09-11 08:25:00;1487.00;0.20
2026-09-11 08:30:00;1487.00;0.20
2026-09-11 08:35:00;1491.00;0.00
2026-09-11 08:40:00;1494.00;0.00
2026-09-11 08:45:00;1493.00;0.00
2026-09-11 08:50:00;1491.00;0.00
2026-09-11 08:55:00;1493.00;0.00
2026-09-11 09:00:00;1496.00;0.00
2026-09-11 09:05:00;1496.00;0.00
2026-09-11 09:10:00;1497.00;0.00
2026-09-11 09:15:00;1495.00;0.00
2026-09-11 09:20:00;1490.00;0.40
2026-09-11 09:25:00;1492.00;0.60
2026-09-11 09:30:00;1490.00;0.20
2026-09-11 09:35:00;1492.00;0.20
2026-09-11 09:40:00;1493.00;0.20
2026-09-11 09:45:00;1494.00;0.20
2026-09-11 09:50:00;1496.00;0.20
2026-09-11 09:55:00;1494.00;0.00
2026-09-11 10:00:00;1496.00;0.20
2026-09-11 10:05:00;1499.00;0.00
2026-09-11 10:10:00;1498.00;0.20
2026-09-11 10:15:00;1500.00;0.20
2026-09-11 10:20:00;1499.00;0.00
2026-09-11 10:25:00;1497.00;0.20
2026-09-11 10:30:00;1499.00;0.20
2026-09-11 10:35:00;1500.00;0.40
2026-09-11 10:40:00;1498.00;0.20
2026-09-11 10:45:00;1499.00;0.00
2026-09-11 10:50:00;1498.00;0.20
2026-09-11 10:55:00;1499.00;0.20
2026-09-11 11:00:00;1499.00;0.00
2026-09-11 11:05:00;1501.00;0.00
2026-09-11 11:10:00;1501.00;0.20
2026-09-11 11:15:00;1503.00;0.00
2026-09-11 11:20:00;1505.00;0.00
2026-09-11 11:25:00;1505.00;0.00
2026-09-11 11:30:00;1506.00;0.20
2026-09-11 11:35:00;1506.00;0.20
2026-09-11 11:40:00;1506.00;0.40
2026-09-11 11:45:00;1508.00;0.00
2026-09-11 11:50:00;1507.00;0.20
2026-09-11 11:55:00;1506.00;0.00
2026-09-11 12:00:00;1507.00;0.00
2026-09-11 12:05:00;1508.00;0.20
2026-09-11 12:10:00;1505.00;0.00
2026-09-11 12:15:00;1503.00;0.20
2026-09-11 12:20:00;1501.00;0.00
2026-09-11 12:25:00;1498.00;0.20
2026-09-11 12:30:00;1495.00;0.20
2026-09-11 12:35:00;1497.00;0.20
2026-09-11 12:40:00;1496.00;0.20
2026-09-11 12:45:00;1501.00;0.20
2026-09-11 12:50:00;1502.00;0.00
2026-09-11 12:55:00;1504.00;0.00
2026-09-11 13:00:00;1505.00;0.00
2026-09-11 13:05:00;1507.00;0.20
2026-09-11 13:10:00;1506.00;0.00
2026-09-11 13:15:00;1505.00;0.00
2026-09-11 13:20:00;1500.00;0.20
2026-09-11 13:25:00;1499.00;0.20
2026-09-11 13:30:00;1500.00;0.00
2026-09-11 13:35:00;1495.00;0.20
2026-09-11 13:40:00;1498.00;0.20
2026-09-11 13:45:00;1499.00;0.20
2026-09-11 13:50:00;1494.00;0.20
2026-09-11 13:55:00;1498.00;0.00
2026-09-11 14:00:00;1494.00;0.00
2026-09-11 14:05:00;1493.00;0.00
2026-09-11 14:10:00;1497.00;0.00
2026-09-11 14:15:00;1495.00;0.00
2026-09-11 14:20:00;1496.00;0.00
2026-09-11 14:25:00;1494.00;0.00
2026-09-11 14:30:00;1495.00;0.00
2026-09-11 14:35:00;1497.00;0.00
2026-09-11 14:40:00;1496.00;0.00
2026-09-11 14:45:00;1502.00;0.00
2026-09-11 14:50:00;1503.00;0.00
2026-09-11 14:55:00;1506.00;0.00
2026-09-11 15:00:00;1506.00;0.00
2026-09-11 15:05:00;1504.00;0.00
2026-09-11 15:10:00;1508.00;0.20
2026-09-11 15:15:00;1508.00;0.00
2026-09-11 15:20:00;1507.00;0.00
2026-09-11 15:25:00;1509.00;0.00
2026-09-11 15:30:00;1510.00;0.00
2026-09-11 15:35:00;1506.00;0.00
2026-09-11 15:40:00;1508.00;0.00
2026-09-11 15:45:00;1508.00;0.00
2026-09-11 15:50:00;1513.00;0.00
2026-09-11 15:55:00;1513.00;0.00
2026-09-11 16:00:00;1512.00;0.00
2026-09-11 16:05:00;1515.00;0.00
2026-09-11 16:10:00;1514.00;0.00
2026-09-11 16:15:00;1514.00;0.00
2026-09-11 16:20:00;1516.00;0.00
2026-09-11 16:25:00;1518.00;0.00
2026-09-11 16:30:00;1520.00;0.00
2026-09-11 16:35:00;1520.00;0.00
2026-09-11 16:40:00;1519.00;0.00
2026-09-11 16:45:00;1520.00;0.00
2026-09-11 16:50:00;1520.00;0.00
2026-09-11 16:55:00;1521.00;0.00
2026-09-11 17:00:00;1523.00;0.00
2026-09-11 17:05:00;1525.00;0.00
2026-09-11 17:10:00;1525.00;0.00
2026-09-11 17:15:00;1528.00;0.00
2026-09-11 17:20:00;1528.00;0.00
2026-09-11 17:25:00;1531.00;0.00
2026-09-11 17:30:00;1532.00;0.00
2026-09-11 17:35:00;1533.00;0.00
2026-09-11 17:40:00;1533.00;0.00
2026-09-11 17:45:00;1536.00;0.00
2026-09-11 17:50:00;1536.00;0.00
2026-09-11 17:55:00;1538.00;0.00
2026-09-11 18:00:00;1539.00;0.00
2026-09-11 18:05:00;1541.00;0.00
2026-09-11 18:10:00;1540.00;0.00
2026-09-11 18:15:00;1539.00;0.00
2026-09-11 18:20:00;1537.00;0.00
2026-09-11 18:25:00;1535.00;0.00
2026-09-11 18:30:00;1536.00;0.00
2026-09-11 18:35:00;1539.00;0.00
2026-09-11 18:40:00;1542.00;0.00
2026-09-11 18:45:00;1540.00;0.00
2026-09-11 18:50:00;1544.00;0.00
2026-09-11 18:55:00;1545.00;0.00
2026-09-11 19:00:00;1547.00;0.00
2026-09-11 19:05:00;1548.00;0.00
2026-09-11 19:10:00;1552.00;0.00
2026-09-11 19:15:00;1553.00;0.00
2026-09-11 19:20:00;1554.00;0.00
2026-09-11 19:25:00;1558.00;0.00
2026-09-11 19:30:00;1560.00;0.00
2026-09-11 19:35:00;1561.00;0.00
2026-09-11 19:40:00;1560.00;0.00
2026-09-11 19:45:00;1564.00;0.00
2026-09-11 19:50:00;1564.00;0.00
2026-09-11 19:55:00;1559.00;0.00
2026-09-11 20:00:00;1569.00;0.00
2026-09-11 20:05:00;1566.00;0.00
2026-09-11 20:10:00;1571.00;0.00
2026-09-11 20:15:00;1573.00;0.00
2026-09-11 20:20:00;1575.00;0.00
2026-09-11 20:25:00;1575.00;0.00
2026-09-11 20:30:00;1581.00;0.00
2026-09-11 20:35:00;1582.00;0.00
2026-09-11 20:40:00;1584.00;0.00
2026-09-11 20:45:00;1586.00;0.00
2026-09-11 20:50:00;1588.00;0.00
2026-09-11 20:55:00;1589.00;0.00
2026-09-11 21:00:00;1589.00;0.00
2026-09-11 21:05:00;1590.00;0.00
2026-09-11 21:10:00;1592.00;0.00
2026-09-11 21:15:00;1592.00;0.00
2026-09-11 21:20:00;1592.00;0.00
2026-09-11 21:25:00;1596.00;0.00
2026-09-11 21:30:00;1595.00;0.00
2026-09-11 21:35:00;1596.00;0.00
2026-09-11 21:40:00;1597.00;0.00
2026-09-11 21:45:00;1597.00;0.00
2026-09-11 21:50:00;1596.00;0.00
2026-09-11 21:55:00;1598.00;0.00
2026-09-11 22:00:00;1598.00;0.00
2026-09-11 22:05:00;1597.00;0.00
2026-09-11 22:10:00;1601.00;0.00
2026-09-11 22:15:00;1605.00;0.00
2026-09-11 22:20:00;1610.00;0.00
2026-09-11 22:25:00;1611.00;0.00
2026-09-11 22:30:00;1611.00;0.00
2026-09-11 22:35:00;1612.00;0.00
2026-09-11 22:40:00;1617.00;0.00
2026-09-11 22:45:00;1621.00;0.00
2026-09-11 22:50:00;1623.00;0.00
2026-09-11 22:55:00;1625.00;0.00
2026-09-11 23:00:00;1626.00;0.00
2026-09-11 23:05:00;1630.00;0.00
2026-09-11 23:10:00;1627.00;0.20
2026-09-11 23:15:00;1630.00;0.40
2026-09-11 23:20:00;1625.00;0.20
2026-09-11 23:25:00;1624.00;0.00
2026-09-11 23:30:00;1637.00;0.00
2026-09-11 23:35:00;1641.00;0.00
2026-09-11 23:40:00;1649.00;0.20
2026-09-11 23:45:00;1655.00;0.00
2026-09-11 23:50:00;1654.00;0.00
2026-09-11 23:55:00;1660.00;0.00
2026-09-12 00:00:00;1657.00;0.00
2026-09-12 00:05:00;1662.00;0.20
2026-09-12 00:10:00;1662.00;0.00
2026-09-12 00:15:00;1663.00;0.20
2026-09-12 00:20:00;1660.00;0.00
2026-09-12 00:25:00;1663.00;0.00
2026-09-12 00:30:00;1666.00;0.20
2026-09-12 00:35:00;1664.00;0.20
2026-09-12 00:40:00;1664.00;0.00
2026-09-12 00:45:00;1665.00;0.00
2026-09-12 00:50:00;1665.00;0.00
2026-09-12 00:55:00;1671.00;0.00
2026-09-12 01:00:00;1669.00;0.00
2026-09-12 01:05:00;1673.00;0.00
2026-09-12 01:10:00;1674.00;0.00
2026-09-12 01:15:00;1674.00;0.00
2026-09-12 01:20:00;1674.00;0.00
2026-09-12 01:25:00;1675.00;0.00
2026-09-12 01:30:00;1679.00;0.00
2026-09-12 01:35:00;1677.00;0.00
2026-09-12 01:40:00;1680.00;0.00
2026-09-12 01:45:00;1679.00;0.20
2026-09-12 01:50:00;1682.00;0.00
2026-09-12 01:55:00;1681.00;0.00
2026-09-12 02:00:00;1685.00;0.00
2026-09-12 02:05:00;1686.00;0.00
2026-09-12 02:10:00;1684.00;0.00
2026-09-12 02:15:00;1682.00;0.00
2026-09-12 02:20:00;1688.00;0.00
2026-09-12 02:25:00;1689.00;0.00
2026-09-12 02:30:00;1693.00;0.00
2026-09-12 02:35:00;1692.00;0.00
2026-09-12 02:40:00;1693.00;0.00
2026-09-12 02:45:00;1692.00;0.00
2026-09-12 02:50:00;1689.00;0.00
2026-09-12 02:55:00;1699.00;0.00
2026-09-12 03:00:00;1699.00;0.00
2026-09-12 03:05:00;1700.00;0.00
2026-09-12 03:10:00;1703.00;0.00
2026-09-12 03:15:00;1703.00;0.00
2026-09-12 03:20:00;1706.00;0.00
2026-09-12 03:25:00;1706.00;0.00
2026-09-12 03:30:00;1707.00;0.00
2026-09-12 03:35:00;1709.00;0.00
2026-09-12 03:40:00;1709.00;0.00
2026-09-12 03:45:00;1709.00;0.00
2026-09-12 03:50:00;1710.00;0.00
2026-09-12 03:55:00;1709.00;0.00
2026-09-12 04:00:00;1710.00;0.00
2026-09-12 04:05:00;1712.00;0.00
2026-09-12 04:10:00;1709.00;0.00
2026-09-12 04:15:00;1716.00;0.00
2026-09-12 04:20:00;1709.00;0.00
2026-09-12 04:25:00;1713.00;0.00
2026-09-12 04:30:00;1707.00;0.00
2026-09-12 04:35:00;1713.00;0.00
2026-09-12 04:40:00;1713.00;0.00
2026-09-12 04:45:00;1716.00;0.00
2026-09-12 04:50:00;1707.00;0.00
2026-09-12 04:55:00;1712.00;0.00
2026-09-12 05:00:00;1711.00;0.00
2026-09-12 05:05:00;1713.00;0.00
2026-09-12 05:10:00;1715.00;0.00
2026-09-12 05:15:00;1717.00;0.00
2026-09-12 05:20:00;1719.00;0.00
2026-09-12 05:25:00;1716.00;0.00
2026-09-12 05:30:00;1713.00;0.00
2026-09-12 05:35:00;1719.00;0.00
2026-09-12 05:40:00;1715.00;0.00
2026-09-12 05:45:00;1713.00;0.00
2026-09-12 05:50:00;1712.00;0.00
2026-09-12 05:55:00;1714.00;0.00
2026-09-12 06:00:00;;0.20
2026-09-12 06:05:00;1716.00;
2026-09-12 06:10:00;1717.00;0.00
2026-09-12 06:15:00;1717.00;0.00
2026-09-12 06:20:00;1714.00;0.00
2026-09-12 06:25:00;1722.00;0.00
2026-09-12 06:30:00;1718.00;0.00
2026-09-12 06:35:00;1719.00;0.00
2026-09-12 06:40:00;1722.00;0.00
2026-09-12 06:45:00;1728.00;0.00
2026-09-12 06:50:00;1727.00;0.00
2026-09-12 06:55:00;1729.00;0.00
2026-09-12 07:00:00;1732.00;0.00
2026-09-12 07:05:00;1729.00;0.00
2026-09-12 07:10:00;1730.00;0.00
2026-09-12 07:15:00;1729.00;0.00
2026-09-12 07:20:00;1730.00;0.00
2026-09-12 07:25:00;1729.00;0.00
2026-09-12 07:30:00;1726.00;0.00
2026-09-12 07:35:00;1722.00;0.00
2026-09-12 07:40:00;1722.00;0.00
2026-09-12 07:45:00;1724.00;0.00
2026-09-12 07:50:00;1723.00;0.00
2026-09-12 07:55:00;1726.00;0.00
2026-09-12 08:00:00;1726.00;0.00
2026-09-12 08:05:00;1730.00;0.00
2026-09-12 08:10:00;1728.00;0.00
2026-09-12 08:15:00;1732.00;0.00
2026-09-12 08:20:00;1735.00;0.00
2026-09-12 08:25:00;1732.00;0.00
2026-09-12 08:30:00;1733.00;0.00
2026-09-12 08:35:00;1733.00;0.00
2026-09-12 08:40:00;1734.00;0.00
2026-09-12 08:45:00;1730.00;0.00
2026-09-12 08:50:00;1733.00;0.00
2026-09-12 08:55:00;1733.00;0.00
2026-09-12 09:00:00;1736.00;0.00
2026-09-12 09:05:00;1742.00;0.00
2026-09-12 09:10:00;1745.00;0.00
2026-09-12 09:15:00;1737.00;0.00
2026-09-12 09:20:00;1740.00;0.00
2026-09-12 09:25:00;1749.00;0.00
2026-09-12 09:30:00;1752.00;0.00
2026-09-12 09:35:00;1753.00;0.00
2026-09-12 09:40:00;1756.00;0.00
2026-09-12 09:45:00;1755.00;0.00
2026-09-12 09:50:00;1759.00;0.00
2026-09-12 09:55:00;1762.00;0.00
2026-09-12 10:00:00;1767.00;0.00
2026-09-12 10:05:00;1768.00;0.00
2026-09-12 10:10:00;1770.00;0.00
2026-09-12 10:15:00;1772.00;0.00
2026-09-12 10:20:00;1773.00;0.00
2026-09-12 10:25:00;1773.00;0.00
2026-09-12 10:30:00;1775.00;0.00
2026-09-12 10:35:00;1776.00;0.00
2026-09-12 10:40:00;1778.00;0.00
2026-09-12 10:45:00;1780.00;0.00
2026-09-12 10:50:00;1778.00;0.00
2026-09-12 10:55:00;1783.00;0.00
2026-09-12 11:00:00;1783.00;0.00
2026-09-12 11:05:00;1784.00;0.00
2026-09-12 11:10:00;1785.00;0.00
2026-09-12 11:15:00;1786.00;0.00
2026-09-12 11:20:00;1787.00;0.00
2026-09-12 11:25:00;1788.00;0.00
2026-09-12 11:30:00;1791.00;0.00
2026-09-12 11:35:00;1790.00;0.00
2026-09-12 11:40:00;1791.00;0.00
2026-09-12 11:45:00;1793.00;0.00
2026-09-12 11:50:00;1793.00;0.00
2026-09-12 11:55:00;1793.00;0.00
2026-09-12 12:00:00;1793.00;0.00
2026-09-12 12:05:00;1797.00;0.00
2026-09-12 12:10:00;1796.00;0.00
2026-09-12 12:15:00;1798.00;0.00
2026-09-12 12:20:00;1800.00;0.00
2026-09-12 12:25:00;1800.00;0.00
2026-09-12 12:30:00;1801.00;0.00
2026-09-12 12:35:00;1801.00;0.00
2026-09-12 12:40:00;1802.00;0.00
2026-09-12 12:45:00;1804.00;0.00
2026-09-12 12:50:00;1804.00;0.00
2026-09-12 12:55:00;1804.00;0.00
2026-09-12 13:00:00;1805.00;0.00
2026-09-12 13:05:00;1805.00;0.00
2026-09-12 13:10:00;1806.00;0.00
2026-09-12 13:15:00;1807.00;0.00
2026-09-12 13:20:00;1808.00;0.00
2026-09-12 13:25:00;1808.00;0.00
2026-09-12 13:30:00;1810.00;0.00
2026-09-12 13:35:00;1810.00;0.00
2026-09-12 13:40:00;1811.00;0.00
2026-09-12 13:45:00;1809.00;0.00
2026-09-12 13:50:00;1811.00;0.00
2026-09-12 13:55:00;1813.00;0.00
2026-09-12 14:00:00;1812.00;0.00
2026-09-12 14:05:00;1813.00;0.00
2026-09-12 14:10:00;1814.00;0.00
2026-09-12 14:15:00;1814.00;0.00
2026-09-12 14:20:00;1814.00;0.00
2026-09-12 14:25:00;1815.00;0.00
2026-09-12 14:30:00;1815.00;0.00
2026-09-12 14:35:00;1819.00;0.00
2026-09-12 14:40:00;1817.00;0.00
2026-09-12 14:45:00;1817.00;0.00
2026-09-12 14:50:00;1819.00;0.00
2026-09-12 14:55:00;1819.00;0.00
2026-09-12 15:00:00;1814.00;0.00
2026-09-12 15:05:00;1820.00;0.00
2026-09-12 15:10:00;1819.00;0.00
2026-09-12 15:15:00;1819.00;0.00
2026-09-12 15:20:00;1821.00;0.00
2026-09-12 15:25:00;1820.00;0.00
2026-09-12 15:30:00;1822.00;0.00
2026-09-12 15:35:00;1824.00;0.00
2026-09-12 15:40:00;1824.00;0.00
2026-09-12 15:45:00;1824.00;0.00
2026-09-12 15:50:00;1825.00;0.00
2026-09-12 15:55:00;1824.00;0.00
2026-09-12 16:00:00;1825.00;0.00
2026-09-12 16:05:00;1825.00;0.00
2026-09-12 16:10:00;1823.00;0.00
2026-09-12 16:15:00;1813.00;0.00
2026-09-12 16:20:00;1814.00;0.00
2026-09-12 16:25:00;1817.00;0.00
2026-09-12 16:30:00;1811.00;0.00
2026-09-12 16:35:00;1812.00;0.00
2026-09-12 16:40:00;1813.00;0.00
2026-09-12 16:45:00;1816.00;0.00
2026-09-12 16:50:00;1820.00;0.00
2026-09-12 16:55:00;1820.00;0.00
2026-09-12 17:00:00;1818.00;0.00
2026-09-12 17:05:00;1818.00;0.00
2026-09-12 17:10:00;1819.00;0.00
2026-09-12 17:15:00;1815.00;0.00
2026-09-12 17:20:00;1814.00;0.00
2026-09-12 17:25:00;1812.00;0.00
2026-09-12 17:30:00;1808.00;0.00
2026-09-12 17:35:00;1809.00;0.00
2026-09-12 17:40:00;1813.00;0.00
2026-09-12 17:45:00;1811.00;0.00
2026-09-12 17:50:00;1811.00;0.00
2026-09-12 17:55:00;1813.00;0.00
2026-09-12 18:00:00;1812.00;0.00
2026-09-12 18:05:00;1813.00;0.00
2026-09-12 18:10:00;1812.00;0.00
2026-09-12 18:15:00;1811.00;0.00
2026-09-12 18:20:00;1812.00;0.00
2026-09-12 18:25:00;1815.00;0.00
2026-09-12 18:30:00;1815.00;0.00
2026-09-12 18:35:00;1815.00;0.00
2026-09-12 18:40:00;1815.00;0.00
2026-09-12 18:45:00;1815.00;0.00
2026-09-12 18:50:00;1816.00;0.00
2026-09-12 18:55:00;1815.00;0.00
2026-09-12 19:00:00;1813.00;0.00
2026-09-12 19:05:00;1815.00;0.00
2026-09-12 19:10:00;1816.00;0.00
2026-09-12 19:15:00;1815.00;0.00
2026-09-12 19:20:00;1817.00;0.00
2026-09-12 19:25:00;1815.00;0.00
2026-09-12 19:30:00;1816.00;0.00
2026-09-12 19:35:00;1816.00;0.00
2026-09-12 19:40:00;1814.00;0.00
2026-09-12 19:45:00;1819.00;0.00
2026-09-12 19:50:00;1818.00;0.00
2026-09-12 19:55:00;1817.00;0.00
2026-09-12 20:00:00;1819.00;0.00
2026-09-12 20:05:00;1820.00;0.00
2026-09-12 20:10:00;1818.00;0.00
2026-09-12 20:15:00;1816.00;0.00
2026-09-12 20:20:00;1815.00;0.00
2026-09-12 20:25:00;1819.00;0.00
2026-09-12 20:30:00;1818.00;0.00
2026-09-12 20:35:00;1819.00;0.00
2026-09-12 20:40:00;1818.00;0.00
2026-09-12 20:45:00;1817.00;0.00
2026-09-12 20:50:00;1819.00;0.00
2026-09-12 20:55:00;1821.00;0.00
2026-09-12 21:00:00;1819.00;0.00
2026-09-12 21:05:00;1817.00;0.00
2026-09-12 21:10:00;1818.00;0.00
2026-09-12 21:15:00;1818.00;0.00
2026-09-12 21:20:00;1822.00;0.00
2026-09-12 21:25:00;1819.00;0.00
2026-09-12 21:30:00;1820.00;0.00
2026-09-12 21:35:00;1818.00;0.00
2026-09-12 21:40:00;1818.00;0.00
2026-09-12 21:45:00;1819.00;0.00
2026-09-12 21:50:00;1816.00;0.00
2026-09-12 21:55:00;1817.00;0.00
2026-09-12 22:00:00;1815.00;0.00
2026-09-12 22:05:00;1817.00;0.00
2026-09-12 22:10:00;1816.00;0.00
2026-09-12 22:15:00;1818.00;0.00
2026-09-12 22:20:00;1816.00;0.00
2026-09-12 22:25:00;1815.00;0.00
2026-09-12 22:30:00;1815.00;0.00
2026-09-12 22:35:00;1815.00;0.00
2026-09-12 22:40:00;1816.00;0.00
2026-09-12 22:45:00;1818.00;0.00
2026-09-12 22:50:00;1818.00;0.00
2026-09-12 22:55:00;1814.00;0.00
2026-09-12 23:00:00;1815.00;0.00
2026-09-12 23:05:00;1815.00;0.00
2026-09-12 23:10:00;1814.00;0.00
2026-09-12 23:15:00;1815.00;0.00
2026-09-12 23:20:00;1814.00;0.00
2026-09-12 23:25:00;1813.00;0.00
2026-09-12 23:30:00;1813.00;0.00
2026-09-12 23:35:00;1817.00;0.00
2026-09-12 23:40:00;1816.00;0.00
2026-09-12 23:45:00;1816.00;0.00
2026-09-12 23:50:00;1817.00;0.00
2026-09-12 23:55:00;1818.00;0.00
2026-09-13 00:00:00;1816.00;0.00
2026-09-13 00:05:00;1815.00;0.00
2026-09-13 00:10:00;1816.00;0.00
2026-09-13 00:15:00;1819.00;0.00
2026-09-13 00:20:00;1816.00;0.00
2026-09-13 00:25:00;1814.00;0.00
2026-09-13 00:30:00;1811.00;0.00
2026-09-13 00:35:00;1810.00;0.00
2026-09-13 00:40:00;1813.00;0.00
2026-09-13 00:45:00;1812.00;0.00
2026-09-13 00:50:00;1814.00;0.00
2026-09-13 00:55:00;1811.00;0.00
2026-09-13 01:00:00;1812.00;0.00
2026-09-13 01:05:00;1811.00;0.00
2026-09-13 01:10:00;1813.00;0.00
2026-09-13 01:15:00;1811.00;0.00
2026-09-13 01:20:00;1812.00;0.00
2026-09-13 01:25:00;1813.00;0.00
2026-09-13 01:30:00;1811.00;0.00
2026-09-13 01:35:00;1812.00;0.00
2026-09-13 01:40:00;1810.00;0.00
2026-09-13 01:45:00;1810.00;0.00
2026-09-13 01:50:00;1812.00;0.00
2026-09-13 01:55:00;1810.00;0.00
2026-09-13 02:00:00;1806.00;0.00
2026-09-13 02:05:00;1806.00;0.00
2026-09-13 02:10:00;1807.00;0.00
2026-09-13 02:15:00;1805.00;0.00
2026-09-13 02:20:00;1809.00;0.00
2026-09-13 02:25:00;1808.00;0.00
2026-09-13 02:30:00;1808.00;0.00
2026-09-13 02:35:00;1807.00;0.00
2026-09-13 02:40:00;1809.00;0.00
2026-09-13 02:45:00;1807.00;0.00
2026-09-13 02:50:00;1807.00;0.00
2026-09-13 02:55:00;1806.00;0.00
2026-09-13 03:00:00;1808.00;0.00
2026-09-13 03:05:00;1804.00;0.00
2026-09-13 03:10:00;1806.00;0.00
2026-09-13 03:15:00;1806.00;0.00
2026-09-13 03:20:00;1806.00;0.00
2026-09-13 03:25:00;1805.00;0.00
2026-09-13 03:30:00;1801.00;0.00
2026-09-13 03:35:00;1800.00;0.00
2026-09-13 03:40:00;1800.00;0.00
2026-09-13 03:45:00;1802.00;0.00
2026-09-13 03:50:00;1800.00;0.00
2026-09-13 03:55:00;1799.00;0.00
2026-09-13 04:00:00;1799.00;0.00
2026-09-13 04:05:00;1798.00;0.00
2026-09-13 04:10:00;1803.00;0.00
2026-09-13 04:15:00;1800.00;0.00
2026-09-13 04:20:00;1801.00;0.00
2026-09-13 04:25:00;1800.00;0.00
2026-09-13 04:30:00;1799.00;0.00
2026-09-13 04:35:00;1800.00;0.00
2026-09-13 04:40:00;1800.00;0.00
2026-09-13 04:45:00;1797.00;0.00
2026-09-13 04:50:00;1800.00;0.00
2026-09-13 04:55:00;1797.00;0.00
2026-09-13 05:00:00;1798.00;0.00
2026-09-13 05:05:00;1799.00;0.00
2026-09-13 05:10:00;1799.00;0.00
2026-09-13 05:15:00;1795.00;0.00
2026-09-13 05:20:00;1794.00;0.00
2026-09-13 05:25:00;1795.00;0.00
2026-09-13 05:30:00;1795.00;0.00
2026-09-13 05:35:00;1793.00;0.00
2026-09-13 05:40:00;1794.00;0.00
2026-09-13 05:45:00;1791.00;0.00
2026-09-13 05:50:00;1793.00;0.00
2026-09-13 05:55:00;1794.00;0.00
2026-09-13 06:00:00;1793.00;0.00
2026-09-13 06:05:00;1789.00;0.00
2026-09-13 06:10:00;1790.00;0.00
2026-09-13 06:15:00;1794.00;0.00
2026-09-13 06:20:00;1792.00;0.00
2026-09-13 06:25:00;1793.00;0.00
2026-09-13 06:30:00;1786.00;0.00
2026-09-13 06:35:00;1786.00;0.00
2026-09-13 06:40:00;1789.00;0.00
2026-09-13 06:45:00;1787.00;0.00
2026-09-13 06:50:00;1788.00;0.00
2026-09-13 06:55:00;1787.00;0.00
2026-09-13 07:00:00;1786.00;0.00
2026-09-13 07:05:00;1786.00;0.00
2026-09-13 07:10:00;1786.00;0.00
2026-09-13 07:15:00;1787.00;0.00
2026-09-13 07:20:00;1784.00;0.00
2026-09-13 07:25:00;1786.00;0.00
2026-09-13 07:30:00;1784.00;0.00
2026-09-13 07:35:00;1785.00;0.00
2026-09-13 07:40:00;1785.00;0.00
2026-09-13 07:45:00;1783.00;0.00
2026-09-13 07:50:00;1780.00;0.00
2026-09-13 07:55:00;1775.00;0.00
2026-09-13 08:00:00;1776.00;0.00
2026-09-13 08:05:00;1781.00;0.00
2026-09-13 08:10:00;1779.00;0.00
2026-09-13 08:15:00;1774.00;0.00
2026-09-13 08:20:00;1775.00;0.00
2026-09-13 08:25:00;1778.00;0.00
2026-09-13 08:30:00;1780.00;0.00
2026-09-13 08:35:00;1780.00;0.00
2026-09-13 08:40:00;1772.00;0.00
2026-09-13 08:45:00;1780.00;0.00
2026-09-13 08:50:00;1768.00;0.00
2026-09-13 08:55:00;1776.00;0.00
2026-09-13 09:00:00;1775.00;0.00
2026-09-13 09:05:00;1780.00;0.00
2026-09-13 09:10:00;1773.00;0.00
2026-09-13 09:15:00;1773.00;0.00
2026-09-13 09:20:00;1776.00;0.00
2026-09-13 09:25:00;1773.00;0.00
2026-09-13 09:30:00;1777.00;0.00
2026-09-13 09:35:00;1772.00;0.00
2026-09-13 09:40:00;1777.00;0.00
2026-09-13 09:45:00;1775.00;0.00
2026-09-13 09:50:00;1778.00;0.00
2026-09-13 09:55:00;1775.00;0.00
2026-09-13 10:00:00;1777.00;0.00
2026-09-13 10:05:00;1771.00;0.00
2026-09-13 10:10:00;1769.00;0.00
2026-09-13 10:15:00;1772.00;0.00
2026-09-13 10:20:00;1771.00;0.00
2026-09-13 10:25:00;1776.00;0.00
2026-09-13 10:30:00;1767.00;0.00
2026-09-13 10:35:00;1770.00;0.00
2026-09-13 10:40:00;1772.00;0.00
2026-09-13 10:45:00;1773.00;0.00
2026-09-13 10:50:00;1764.00;0.00
2026-09-13 10:55:00;1766.00;0.00
2026-09-13 11:00:00;1764.00;0.00
2026-09-13 11:05:00;1769.00;0.00
2026-09-13 11:10:00;1767.00;0.00
2026-09-13 11:15:00;1763.00;0.00
2026-09-13 11:20:00;1772.00;0.00
2026-09-13 11:25:00;1768.00;0.00
2026-09-13 11:30:00;1768.00;0.00
2026-09-13 11:35:00;1766.00;0.00
2026-09-13 11:40:00;1767.00;0.00
2026-09-13 11:45:00;1764.00;0.00
2026-09-13 11:50:00;1766.00;0.00
2026-09-13 11:55:00;1763.00;0.00
2026-09-13 12:00:00;1766.00;0.00
2026-09-13 12:05:00;1760.00;0.00
2026-09-13 12:10:00;1762.00;0.00
2026-09-13 12:15:00;1762.00;0.00
2026-09-13 12:20:00;1758.00;0.00
2026-09-13 12:25:00;1758.00;0.00
2026-09-13 12:30:00;1762.00;0.00
2026-09-13 12:35:00;1760.00;0.00
2026-09-13 12:40:00;1756.00;0.00
2026-09-13 12:45:00;1756.00;0.00
2026-09-13 12:50:00;1759.00;0.00
2026-09-13 12:55:00;1757.00;0.00
2026-09-13 13:00:00;1755.00;0.00
2026-09-13 13:05:00;1755.00;0.00
2026-09-13 13:10:00;1757.00;0.00
2026-09-13 13:15:00;1753.00;0.00
2026-09-13 13:20:00;1754.00;0.00
2026-09-13 13:25:00;1752.00;0.00
2026-09-13 13:30:00;1750.00;0.00
2026-09-13 13:35:00;1754.00;0.00
2026-09-13 13:40:00;1749.00;0.00
2026-09-13 13:45:00;1746.00;0.00
2026-09-13 13:50:00;1747.00;0.00
2026-09-13 13:55:00;1746.00;0.00
2026-09-13 14:00:00;1748.00;0.00
2026-09-13 14:05:00;1749.00;0.00
2026-09-13 14:10:00;1747.00;0.00
2026-09-13 14:15:00;1744.00;0.00
2026-09-13 14:20:00;1745.00;0.00
2026-09-13 14:25:00;1747.00;0.00
2026-09-13 14:30:00;1743.00;0.00
2026-09-13 14:35:00;1740.00;0.00
2026-09-13 14:40:00;1741.00;0.00
2026-09-13 14:45:00;1741.00;0.00
2026-09-13 14:50:00;1739.00;0.00
2026-09-13 14:55:00;1738.00;0.00
2026-09-13 15:00:00;1737.00;0.00
2026-09-13 15:05:00;1734.00;0.00
2026-09-13 15:10:00;1734.00;0.00
2026-09-13 15:15:00;1734.00;0.00
2026-09-13 15:20:00;1735.00;0.00
2026-09-13 15:25:00;1734.00;0.00
2026-09-13 15:30:00;1731.00;0.00
2026-09-13 15:35:00;1730.00;0.00
2026-09-13 15:40:00;1734.00;0.00
2026-09-13 15:45:00;1730.00;0.00
2026-09-13 15:50:00;1740.00;0.00
2026-09-13 15:55:00;1731.00;0.00
2026-09-13 16:00:00;1729.00;0.00
2026-09-13 16:05:00;1725.00;0.00
2026-09-13 16:10:00;1725.00;0.00
2026-09-13 16:15:00;1723.00;0.00
2026-09-13 16:20:00;1723.00;0.00
2026-09-13 16:25:00;1719.00;0.00
2026-09-13 16:30:00;1718.00;0.00
2026-09-13 16:35:00;1716.00;0.00
2026-09-13 16:40:00;1718.00;0.00
2026-09-13 16:45:00;1713.00;0.00
2026-09-13 16:50:00;1714.00;0.00
2026-09-13 16:55:00;1713.00;0.00
2026-09-13 17:00:00;1712.00;0.00
2026-09-13 17:05:00;1710.00;0.00
2026-09-13 17:10:00;1711.00;0.00
2026-09-13 17:15:00;1711.00;0.00
2026-09-13 17:20:00;1714.00;0.00
2026-09-13 17:25:00;1710.00;0.00
2026-09-13 17:30:00;1710.00;0.00
2026-09-13 17:35:00;1712.00;0.00
2026-09-13 17:40:00;1709.00;0.00
2026-09-13 17:45:00;1709.00;0.00
2026-09-13 17:50:00;1708.00;0.00
2026-09-13 17:55:00;1707.00;0.00
2026-09-13 18:00:00;1703.00;0.00
2026-09-13 18:05:00;1706.00;0.00
2026-09-13 18:10:00;1709.00;0.00
2026-09-13 18:15:00;1709.00;0.00
2026-09-13 18:20:00;1704.00;0.00
2026-09-13 18:25:00;1702.00;0.00
2026-09-13 18:30:00;1702.00;0.00
2026-09-13 18:35:00;1700.00;0.00
2026-09-13 18:40:00;1703.00;0.00
2026-09-13 18:45:00;1697.00;0.00
2026-09-13 18:50:00;1696.00;0.00
2026-09-13 18:55:00;1694.00;0.00
2026-09-13 19:00:00;1695.00;0.00
2026-09-13 19:05:00;1699.00;0.00
2026-09-13 19:10:00;1697.00;0.00
2026-09-13 19:15:00;1695.00;0.00
2026-09-13 19:20:00;1695.00;0.00
2026-09-13 19:25:00;1697.00;0.00
2026-09-13 19:30:00;1699.00;0.00
2026-09-13 19:35:00;1696.00;0.00
2026-09-13 19:40:00;1696.00;0.00
2026-09-13 19:45:00;1695.00;0.00
2026-09-13 19:50:00;1698.00;0.00
2026-09-13 19:55:00;1695.00;0.00
2026-09-13 20:00:00;1696.00;0.00
2026-09-13 20:05:00;1695.00;0.00
2026-09-13 20:10:00;1697.00;0.00
2026-09-13 20:15:00;1699.00;0.00
2026-09-13 20:20:00;1700.00;0.00
2026-09-13 20:25:00;1701.00;0.00
2026-09-13 20:30:00;1699.00;0.00
2026-09-13 20:35:00;1699.00;0.00
2026-09-13 20:40:00;1698.00;0.00
2026-09-13 20:45:00;1699.00;0.00
2026-09-13 20:50:00;1698.00;0.00
2026-09-13 20:55:00;1698.00;0.00
2026-09-13 21:00:00;1696.00;0.00
2026-09-13 21:05:00;1695.00;0.00
2026-09-13 21:10:00;1696.00;0.00
2026-09-13 21:15:00;1698.00;0.00
2026-09-13 21:20:00;1693.00;0.00
2026-09-13 21:25:00;1696.00;0.00
2026-09-13 21:30:00;1697.00;0.00
2026-09-13 21:35:00;1692.00;0.00
2026-09-13 21:40:00;1693.00;0.00
2026-09-13 21:45:00;1693.00;0.00
2026-09-13 21:50:00;1692.00;0.00
2026-09-13 21:55:00;1693.00;0.00
2026-09-13 22:00:00;1694.00;0.00
2026-09-13 22:05:00;1696.00;0.00
2026-09-13 22:10:00;1693.00;0.00
2026-09-13 22:15:00;1695.00;0.00
2026-09-13 22:20:00;1692.00;0.00
2026-09-13 22:25:00;1692.00;0.00
2026-09-13 22:30:00;1692.00;0.00
2026-09-13 22:35:00;1694.00;0.00
2026-09-13 22:40:00;1692.00;0.00
2026-09-13 22:45:00;1695.00;0.00
2026-09-13 22:50:00;1693.00;0.00
2026-09-13 22:55:00;1693.00;0.00
2026-09-13 23:00:00;1692.00;0.00
2026-09-13 23:05:00;1691.00;0.00
2026-09-13 23:10:00;1694.00;0.00
2026-09-13 23:15:00;1694.00;0.00
2026-09-13 23:20:00;1688.00;0.00
2026-09-13 23:25:00;1690.00;0.00
2026-09-13 23:30:00;1695.00;0.00
2026-09-13 23:35:00;1692.00;0.00
2026-09-13 23:40:00;1693.00;0.00
2026-09-13 23:45:00;1693.00;0.00
2026-09-13 23:50:00;1692.00;0.00
2026-09-13 23:55:00;1681.00;0.00
2026-09-14 00:00:00;1687.00;0.00
2026-09-14 00:05:00;1690.00;0.00
2026-09-14 00:10:00;1691.00;0.00
2026-09-14 00:15:00;1690.00;0.00
2026-09-14 00:20:00;1684.00;0.00
2026-09-14 00:25:00;1686.00;0.00
2026-09-14 00:30:00;1686.00;0.00
2026-09-14 00:35:00;1679.00;0.00
2026-09-14 00:40:00;1687.00;0.00
2026-09-14 00:45:00;1686.00;0.00
2026-09-14 00:50:00;1687.00;0.00
2026-09-14 00:55:00;1683.00;0.00
2026-09-14 01:00:00;1682.00;0.00
2026-09-14 01:05:00;1680.00;0.00
2026-09-14 01:10:00;1682.00;0.00
2026-09-14 01:15:00;1682.00;0.00
2026-09-14 01:20:00;1683.00;0.00
2026-09-14 01:25:00;1681.00;0.00
2026-09-14 01:30:00;1677.00;0.00
2026-09-14 01:35:00;1672.00;0.00
2026-09-14 01:40:00;1675.00;0.00
2026-09-14 01:45:00;1676.00;0.00
2026-09-14 01:50:00;1672.00;0.00
2026-09-14 01:55:00;1675.00;0.00
2026-09-14 02:00:00;1682.00;0.00
2026-09-14 02:05:00;1676.00;0.00
2026-09-14 02:10:00;1679.00;0.00
2026-09-14 02:15:00;1676.00;0.00
2026-09-14 02:20:00;1681.00;0.00
2026-09-14 02:25:00;1675.00;0.00
2026-09-14 02:30:00;1683.00;0.00
2026-09-14 02:35:00;1682.00;0.00
2026-09-14 02:40:00;1682.00;0.00
2026-09-14 02:45:00;1665.00;0.00
2026-09-14 02:50:00;1675.00;0.00
2026-09-14 02:55:00;1681.00;0.00
2026-09-14 03:00:00;1679.00;0.00
2026-09-14 03:05:00;1679.00;0.00
2026-09-14 03:10:00;1680.00;0.00
2026-09-14 03:15:00;1677.00;0.00
2026-09-14 03:20:00;1678.00;0.00
2026-09-14 03:25:00;1677.00;0.00
2026-09-14 03:30:00;1678.00;0.00
2026-09-14 03:35:00;1677.00;0.00
2026-09-14 03:40:00;1678.00;0.00
2026-09-14 03:45:00;1677.00;0.00
2026-09-14 03:50:00;1676.00;0.00
2026-09-14 03:55:00;1677.00;0.00
2026-09-14 04:00:00;1676.00;0.00
2026-09-14 04:05:00;1676.00;0.00
2026-09-14 04:10:00;1676.00;0.00
2026-09-14 04:15:00;1676.00;0.00
2026-09-14 04:20:00;1676.00;0.00
2026-09-14 04:25:00;1676.00;0.00
2026-09-14 04:30:00;1676.00;0.00
2026-09-14 04:35:00;1675.00;0.00
2026-09-14 04:40:00;1672.00;0.00
2026-09-14 04:45:00;1672.00;0.00
2026-09-14 04:50:00;1672.00;0.00
2026-09-14 04:55:00;1672.00;0.00
2026-09-14 05:00:00;1671.00;0.00
2026-09-14 05:05:00;1671.00;0.00
2026-09-14 05:10:00;1671.00;0.00
2026-09-14 05:15:00;1671.00;0.00
2026-09-14 05:20:00;1671.00;0.00
2026-09-14 05:25:00;1671.00;0.00
2026-09-14 05:30:00;1671.00;0.00
2026-09-14 05:35:00;1671.00;0.00
2026-09-14 05:40:00;1671.00;0.00
2026-09-14 05:45:00;1671.00;0.00
2026-09-14 05:50:00;1671.00;0.00
2026-09-14 05:55:00;1671.00;0.00
2026-09-14 06:00:00;1669.00;0.00
2026-09-14 06:05:00;1668.00;0.00
2026-09-14 06:10:00;1667.00;0.00
2026-09-14 06:15:00;1666.00;0.00
2026-09-14 06:20:00;1665.00;0.00
2026-09-14 06:25:00;1664.00;0.00
2026-09-14 06:30:00;1663.00;0.00
2026-09-14 06:35:00;1662.00;0.00
2026-09-14 06:40:00;1662.00;0.00
2026-09-14 06:45:00;1662.00;0.00
2026-09-14 06:50:00;1658.00;0.00
2026-09-14 06:55:00;1662.00;0.00
2026-09-14 07:00:00;1663.00;0.00
2026-09-14 07:05:00;1663.00;0.00
2026-09-14 07:10:00;1663.00;0.00
2026-09-14 07:15:00;1663.00;0.00
2026-09-14 07:20:00;1662.00;0.00
2026-09-14 07:25:00;1659.00;0.00
2026-09-14 07:30:00;1657.00;0.00
2026-09-14 07:35:00;1657.00;0.00
2026-09-14 07:40:00;1656.00;0.00
2026-09-14 07:45:00;1657.00;0.00
2026-09-14 07:50:00;1657.00;0.00
2026-09-14 07:55:00;1658.00;0.00
2026-09-14 08:00:00;1659.00;0.00
2026-09-14 08:05:00;1659.00;0.00
2026-09-14 08:10:00;1658.00;0.00
2026-09-14 08:15:00;1658.00;0.00
2026-09-14 08:20:00;1658.00;0.00
2026-09-14 08:25:00;1657.00;0.00
2026-09-14 08:30:00;1657.00;0.00
2026-09-14 08:35:00;1657.00;0.00
2026-09-14 08:40:00;1657.00;0.00
2026-09-14 08:45:00;1655.00;0.00
2026-09-14 08:50:00;1654.00;0.00
2026-09-14 08:55:00;1654.00;0.00
2026-09-14 09:00:00;1654.00;0.00
2026-09-14 09:05:00;1654.00;0.00
2026-09-14 09:10:00;1654.00;0.00
2026-09-14 09:15:00;1654.00;0.00
2026-09-14 09:20:00;1654.00;0.00
2026-09-14 09:25:00;1654.00;0.00
2026-09-14 09:30:00;1653.00;0.00
2026-09-14 09:35:00;1653.00;0.00
2026-09-14 09:40:00;1652.00;0.00
2026-09-14 09:45:00;1647.00;0.00
2026-09-14 09:50:00;1648.00;0.00
2026-09-14 09:55:00;1645.00;0.00
2026-09-14 10:05:00;1641.00;0.00
2026-09-14 10:10:00;1640.00;0.00
2026-09-14 10:15:00;1644.00;0.00
2026-09-14 10:20:00;1639.00;0.00
2026-09-14 10:25:00;1640.00;0.00
2026-09-14 10:30:00;1636.00;0.00
2026-09-14 10:35:00;1642.00;0.00
2026-09-14 10:40:00;1642.00;0.00
2026-09-14 10:45:00;1644.00;0.00
2026-09-14 10:50:00;1641.00;0.00
2026-09-14 10:55:00;1640.00;0.00
2026-09-14 11:00:00;1637.00;0.00
2026-09-14 11:05:00;1638.00;0.00
2026-09-14 11:10:00;1636.00;0.00
2026-09-14 11:15:00;1645.00;0.00
2026-09-14 11:20:00;1645.00;0.00
2026-09-14 11:25:00;1645.00;0.00
2026-09-14 11:30:00;1640.00;0.00
2026-09-14 11:35:00;1638.00;0.00
2026-09-14 11:40:00;1635.00;0.00
2026-09-14 11:45:00;1636.00;0.00
2026-09-14 11:50:00;1639.00;0.00
2026-09-14 11:55:00;1638.00;0.00
2026-09-14 12:00:00;1640.00;0.00
2026-09-14 12:05:00;1642.00;0.00
2026-09-14 12:10:00;1642.00;0.00
2026-09-14 12:15:00;1637.00;0.00
2026-09-14 12:20:00;1640.00;0.00
2026-09-14 12:25:00;1635.00;0.00
2026-09-14 12:30:00;1638.00;0.00
2026-09-14 12:35:00;1633.00;0.00
2026-09-14 12:40:00;1635.00;0.00
2026-09-14 12:45:00;1635.00;0.00
2026-09-14 12:50:00;1634.00;0.00
2026-09-14 12:55:00;1636.00;0.00
2026-09-14 13:00:00;1636.00;0.00
2026-09-14 13:05:00;1636.00;0.00
2026-09-14 13:10:00;1636.00;0.00
2026-09-14 13:15:00;1636.00;0.00
2026-09-14 13:20:00;1636.00;0.00
2026-09-14 13:25:00;1636.00;0.00
2026-09-14 13:30:00;1636.00;0.00
2026-09-14 13:35:00;1637.00;0.00
2026-09-14 13:40:00;1637.00;0.00
2026-09-14 13:45:00;1637.00;0.00
2026-09-14 13:50:00;1634.00;0.00
2026-09-14 13:55:00;1632.00;0.00
2026-09-14 14:00:00;1634.00;0.00
2026-09-14 14:05:00;1634.00;0.00
2026-09-14 14:10:00;1634.00;0.00
2026-09-14 14:15:00;1634.00;0.00
2026-09-14 14:20:00;1631.00;0.00
2026-09-14 14:25:00;1629.00;0.00
2026-09-14 14:30:00;1632.00;0.00
2026-09-14 14:35:00;1633.00;0.00
2026-09-14 14:40:00;1633.00;0.00
2026-09-14 14:45:00;1633.00;0.00
2026-09-14 14:50:00;1634.00;0.00
2026-09-14 14:55:00;1634.00;0.00
2026-09-14 15:00:00;1634.00;0.00
2026-09-14 15:05:00;1634.00;0.00
2026-09-14 15:10:00;1634.00;0.00
2026-09-14 15:15:00;1634.00;0.00
2026-09-14 15:20:00;1634.00;0.00
2026-09-14 15:25:00;1634.00;0.00
2026-09-14 15:30:00;1634.00;0.00
2026-09-14 15:35:00;1631.00;0.00
2026-09-14 15:40:00;1631.00;0.00
2026-09-14 15:45:00;1629.00;0.00
2026-09-14 15:50:00;1630.00;0.00
2026-09-14 15:55:00;1629.00;0.00
2026-09-14 16:00:00;1628.00;0.00
2026-09-14 16:05:00;1629.00;0.00
2026-09-14 16:10:00;1629.00;0.00
2026-09-14 16:15:00;1629.00;0.00
2026-09-14 16:20:00;1630.00;0.00
2026-09-14 16:25:00;1630.00;0.00
2026-09-14 16:30:00;1630.00;0.00
2026-09-14 16:35:00;1629.00;0.00
2026-09-14 16:40:00;1629.00;0.00
2026-09-14 16:45:00;1629.00;0.00
2026-09-14 16:50:00;1629.00;0.00
2026-09-14 16:55:00;1629.00;0.00
2026-09-14 17:00:00;1629.00;0.00
2026-09-14 17:05:00;1629.00;0.00
2026-09-14 17:10:00;1628.00;0.00
2026-09-14 17:15:00;1628.00;0.00
2026-09-14 17:20:00;1628.00;0.00
2026-09-14 17:25:00;1628.00;0.00
2026-09-14 17:30:00;1628.00;0.00
2026-09-14 17:35:00;1626.00;0.00
2026-09-14 17:40:00;1625.00;0.00
2026-09-14 17:45:00;1624.00;0.00
2026-09-14 17:50:00;1623.00;0.00
2026-09-14 17:55:00;1623.00;0.00
2026-09-14 18:00:00;1623.00;0.00
2026-09-14 18:05:00;1623.00;0.00
2026-09-14 18:10:00;1623.00;0.00
2026-09-14 18:15:00;1623.00;0.00
2026-09-14 18:20:00;1623.00;0.00
2026-09-14 18:25:00;1623.00;0.00
2026-09-14 18:30:00;1623.00;0.00
2026-09-14 18:35:00;1623.00;0.00
2026-09-14 18:40:00;1623.00;0.00
2026-09-14 18:45:00;1623.00;0.00
2026-09-14 18:50:00;1622.00;0.00
2026-09-14 18:55:00;1620.00;0.00
2026-09-14 19:00:00;1620.00;0.00
2026-09-14 19:05:00;1619.00;0.00
2026-09-14 19:10:00;1618.00;0.00
2026-09-14 19:15:00;1618.00;0.00
2026-09-14 19:20:00;1616.00;0.00
2026-09-14 19:25:00;1618.00;0.00
2026-09-14 19:30:00;1617.00;0.00
2026-09-14 19:35:00;1617.00;0.00
2026-09-14 19:40:00;1617.00;0.00
2026-09-14 19:45:00;1617.00;0.00
2026-09-14 19:50:00;1617.00;0.00
2026-09-14 19:55:00;1617.00;
2026-09-14 20:00:00;1615.00;0.00
2026-09-14 20:05:00;1615.00;0.00
2026-09-14 20:10:00;1616.00;
2026-09-14 20:15:00;1616.00;0.00
2026-09-14 20:20:00;1614.00;0.00
2026-09-14 20:25:00;1613.00;0.00
2026-09-14 20:30:00;1613.00;0.00
2026-09-14 20:35:00;1613.00;0.00
2026-09-14 20:40:00;1612.00;0.00
2026-09-14 20:45:00;1611.00;0.00
2026-09-14 20:50:00;1611.00;0.00
2026-09-14 20:55:00;1612.00;0.00
2026-09-14 21:00:00;1611.00;0.00
2026-09-14 21:05:00;1610.00;0.00
2026-09-14 21:10:00;1611.00;0.00
2026-09-14 21:15:00;1610.00;0.00
2026-09-14 21:20:00;1611.00;0.00
2026-09-14 21:25:00;1610.00;0.00
2026-09-14 21:30:00;1609.00;0.00
2026-09-14 21:35:00;1601.00;0.00
2026-09-14 21:40:00;1598.00;0.00
2026-09-14 21:45:00;1608.00;0.00
2026-09-14 21:50:00;1608.00;0.00
2026-09-14 21:55:00;1608.00;0.00
2026-09-14 22:00:00;1608.00;0.00
2026-09-14 22:05:00;1607.00;0.00
2026-09-14 22:10:00;1607.00;0.00
2026-09-14 22:15:00;1607.00;0.00
2026-09-14 22:20:00;1607.00;0.00
2026-09-14 22:25:00;1606.00;0.00
2026-09-14 22:30:00;1606.00;0.00
2026-09-14 22:35:00;1606.00;0.00
2026-09-14 22:40:00;1605.00;0.00
2026-09-14 22:45:00;1605.00;0.00
2026-09-14 22:50:00;1604.00;0.00
2026-09-14 22:55:00;1605.00;0.00
2026-09-14 23:00:00;1606.00;0.00
2026-09-14 23:05:00;1605.00;0.00
2026-09-14 23:10:00;1605.00;0.00
2026-09-14 23:15:00;1605.00;0.00
2026-09-14 23:20:00;1605.00;0.00
2026-09-14 23:25:00;1605.00;0.00
2026-09-14 23:30:00;1605.00;0.00
2026-09-14 23:35:00;1605.00;0.00
2026-09-14 23:40:00;1604.00;0.00
2026-09-14 23:45:00;1600.00;0.00
2026-09-14 23:50:00;1601.00;0.00
2026-09-14 23:55:00;1604.00;0.00
2026-09-15 00:00:00;1603.00;0.00
2026-09-15 00:05:00;1603.00;0.00
2026-09-15 00:10:00;1603.00;0.00
2026-09-15 00:15:00;1604.00;0.00
2026-09-15 00:20:00;1604.00;0.00
2026-09-15 00:25:00;1604.00;0.00
2026-09-15 00:30:00;1603.00;0.00
2026-09-15 00:35:00;1603.00;0.00
2026-09-15 00:40:00;1603.00;0.00
2026-09-15 00:45:00;1603.00;0.00
2026-09-15 00:50:00;1602.00;0.00
2026-09-15 00:55:00;1602.00;0.00
2026-09-15 01:00:00;1603.00;0.00
2026-09-15 01:05:00;1602.00;0.00
2026-09-15 01:10:00;1603.00;0.00
2026-09-15 01:15:00;1603.00;0.00
2026-09-15 01:20:00;1602.00;0.00
2026-09-15 01:25:00;1602.00;0.00
2026-09-15 01:30:00;1602.00;0.00
2026-09-15 01:35:00;1602.00;0.00
2026-09-15 01:40:00;1602.00;0.00
2026-09-15 01:45:00;1602.00;0.00
2026-09-15 01:50:00;1602.00;0.00
2026-09-15 01:55:00;1602.00;0.00
2026-09-15 02:00:00;1602.00;0.00
2026-09-15 02:05:00;1602.00;0.00
2026-09-15 02:10:00;1601.00;0.00
2026-09-15 02:15:00;1600.00;0.00
2026-09-15 02:20:00;1600.00;0.00
2026-09-15 02:25:00;1601.00;0.00
2026-09-15 02:30:00;1601.00;0.00
2026-09-15 02:35:00;1602.00;0.00
2026-09-15 02:40:00;1603.00;0.00
2026-09-15 02:45:00;1602.00;0.00
2026-09-15 02:50:00;1601.00;0.00
2026-09-15 02:55:00;1602.00;0.00
2026-09-15 03:00:00;1602.00;0.00
2026-09-15 03:05:00;1603.00;0.00
2026-09-15 03:10:00;1603.00;0.00
2026-09-15 03:15:00;1603.00;0.00
2026-09-15 03:20:00;1602.00;0.00
2026-09-15 03:25:00;1602.00;0.00
2026-09-15 03:30:00;1602.00;0.00
2026-09-15 03:35:00;1602.00;0.00
2026-09-15 03:40:00;1602.00;0.00
2026-09-15 03:45:00;1603.00;0.00
2026-09-15 03:50:00;1602.00;0.00
2026-09-15 03:55:00;1602.00;0.00
2026-09-15 04:00:00;1602.00;0.00
2026-09-15 04:05:00;1602.00;0.00
2026-09-15 04:10:00;1601.00;0.00
2026-09-15 04:15:00;1602.00;0.00
2026-09-15 04:20:00;1602.00;0.00
2026-09-15 04:25:00;1602.00;0.00
2026-09-15 04:30:00;1602.00;0.00
2026-09-15 04:35:00;1601.00;0.00
2026-09-15 04:40:00;1602.00;0.00
2026-09-15 04:45:00;1602.00;0.00
2026-09-15 04:50:00;1601.00;0.00
2026-09-15 04:55:00;1601.00;0.00
2026-09-15 05:00:00;1601.00;0.00
2026-09-15 05:05:00;1601.00;0.00
2026-09-15 05:10:00;1603.00;0.00
2026-09-15 05:15:00;1603.00;0.00
2026-09-15 05:20:00;1603.00;0.00
2026-09-15 05:25:00;1603.00;0.00
2026-09-15 05:30:00;1603.00;0.00
2026-09-15 05:35:00;1603.00;0.00
2026-09-15 05:40:00;1602.00;0.00
2026-09-15 05:45:00;1601.00;0.00
2026-09-15 05:50:00;1601.00;0.00
2026-09-15 05:55:00;1601.00;0.00
2026-09-15 06:00:00;1601.00;0.00
2026-09-15 06:05:00;1601.00;0.00
2026-09-15 06:10:00;1600.00;0.00
2026-09-15 06:15:00;1600.00;0.00
2026-09-15 06:20:00;1600.00;0.00
2026-09-15 06:25:00;1600.00;0.00
2026-09-15 06:30:00;1600.00;0.00
2026-09-15 06:35:00;1599.00;0.00
2026-09-15 06:40:00;1598.00;0.00
2026-09-15 06:45:00;1599.00;0.00
2026-09-15 06:50:00;1598.00;0.00
2026-09-15 06:55:00;1597.00;0.00
2026-09-15 07:00:00;1597.00;0.00
2026-09-15 07:05:00;1597.00;0.00
2026-09-15 07:10:00;1597.00;0.00
2026-09-15 07:15:00;1597.00;0.00
2026-09-15 07:20:00;1597.00;0.00
2026-09-15 07:25:00;1597.00;0.00
2026-09-15 07:30:00;1597.00;0.00
2026-09-15 07:35:00;1597.00;0.00
2026-09-15 07:40:00;1597.00;0.00
2026-09-15 07:45:00;1597.00;0.00
2026-09-15 07:50:00;1597.00;0.00
2026-09-15 07:55:00;1597.00;0.00
2026-09-15 08:00:00;1597.00;0.00
2026-09-15 08:05:00;1597.00;0.00
2026-09-15 08:10:00;1597.00;0.00
2026-09-15 08:15:00;1597.00;0.00
2026-09-15 08:20:00;1596.00;0.00
2026-09-15 08:25:00;1589.00;0.00
2026-09-15 08:30:00;1589.00;0.00
2026-09-15 08:35:00;1589.00;0.00
2026-09-15 08:40:00;1589.00;0.00
2026-09-15 08:45:00;1589.00;0.00
2026-09-15 08:50:00;1589.00;0.00
2026-09-15 08:55:00;1589.00;0.00
2026-09-15 09:00:00;1589.00;0.00
2026-09-15 09:05:00;1589.00;0.00
2026-09-15 09:10:00;1589.00;0.00
2026-09-15 09:15:00;1588.00;0.00
2026-09-15 09:20:00;1588.00;0.00
2026-09-15 09:25:00;1585.00;0.00
2026-09-15 09:30:00;1586.00;0.00
2026-09-15 09:35:00;1585.00;0.00
2026-09-15 09:40:00;1583.00;0.00
2026-09-15 09:45:00;1584.00;0.00
2026-09-15 09:50:00;1585.00;0.00
2026-09-15 09:55:00;1586.00;0.00
2026-09-15 10:00:00;1586.00;0.00
2026-09-15 10:05:00;1586.00;0.00
2026-09-15 10:10:00;1582.00;0.00
2026-09-15 10:15:00;1576.00;0.00
2026-09-15 10:20:00;1584.00;0.00
2026-09-15 10:25:00;1581.00;0.00
2026-09-15 10:30:00;1582.00;0.00
2026-09-15 10:35:00;1584.00;0.00
2026-09-15 10:40:00;1583.00;0.00
2026-09-15 10:45:00;1582.00;0.00
2026-09-15 10:50:00;1585.00;0.00
2026-09-15 10:55:00;1584.00;0.00
2026-09-15 11:00:00;1582.00;0.00
2026-09-15 11:05:00;1582.00;0.00
2026-09-15 11:10:00;1582.00;0.00
2026-09-15 11:15:00;1583.00;0.00
2026-09-15 11:20:00;1579.00;0.00
2026-09-15 11:25:00;1578.00;0.00
2026-09-15 11:30:00;1578.00;0.00
2026-09-15 11:35:00;1580.00;0.00
2026-09-15 11:40:00;1578.00;0.00
2026-09-15 11:45:00;1579.00;0.00
2026-09-15 11:50:00;1578.00;0.00
2026-09-15 11:55:00;1572.00;0.00
2026-09-15 12:00:00;1577.00;0.00
2026-09-15 12:05:00;1574.00;0.00
2026-09-15 12:10:00;1572.00;0.00
2026-09-15 12:15:00;1578.00;0.00
2026-09-15 12:20:00;1578.00;0.00
2026-09-15 12:25:00;1574.00;0.00
2026-09-15 12:30:00;1565.00;0.00
2026-09-15 12:35:00;1572.00;0.00
2026-09-15 12:40:00;1573.00;0.00
2026-09-15 12:45:00;1569.00;0.00
2026-09-15 12:50:00;1569.00;0.00
2026-09-15 12:55:00;1572.00;0.00
2026-09-15 13:00:00;1574.00;0.00
2026-09-15 13:05:00;1571.00;0.00
2026-09-15 13:10:00;1569.00;0.00
2026-09-15 13:15:00;1568.00;0.00
2026-09-15 13:20:00;1565.00;0.00
2026-09-15 13:25:00;1571.00;0.00
2026-09-15 13:30:00;1571.00;0.00
2026-09-15 13:35:00;1571.00;0.00
2026-09-15 13:40:00;1569.00;0.00
2026-09-15 13:45:00;1567.00;0.00
2026-09-15 13:50:00;1563.00;0.00
2026-09-15 13:55:00;1567.00;0.00
2026-09-15 14:00:00;1569.00;0.00
2026-09-15 14:05:00;1569.00;0.00
2026-09-15 14:10:00;1569.00;0.00
2026-09-15 14:15:00;1570.00;0.00
2026-09-15 14:20:00;1568.00;0.00
2026-09-15 14:25:00;1566.00;0.00
2026-09-15 14:30:00;1566.00;0.00
2026-09-15 14:35:00;1562.00;0.00
2026-09-15 14:40:00;1556.00;0.00
2026-09-15 14:45:00;1562.00;0.00
2026-09-15 14:50:00;1557.00;0.00
2026-09-15 14:55:00;1560.00;0.00
2026-09-15 15:00:00;1556.00;0.00
2026-09-15 15:05:00;1562.00;0.00
2026-09-15 15:10:00;1564.00;0.00
2026-09-15 15:15:00;1555.00;0.00
2026-09-15 15:20:00;1557.00;0.00
2026-09-15 15:25:00;1559.00;0.00
2026-09-15 15:30:00;1560.00;0.00
2026-09-15 15:35:00;1551.00;0.00
2026-09-15 15:40:00;1554.00;0.00
2026-09-15 15:45:00;1551.00;0.00
2026-09-15 15:50:00;1546.00;0.00
2026-09-15 15:55:00;1553.00;0.00
2026-09-15 16:00:00;1552.00;0.00
2026-09-15 16:05:00;1545.00;0.00
2026-09-15 16:10:00;1554.00;0.00
2026-09-15 16:15:00;1557.00;0.00
2026-09-15 16:20:00;1550.00;0.00
2026-09-15 16:25:00;1550.00;0.00
2026-09-15 16:30:00;1554.00;0.00
2026-09-15 16:35:00;1551.00;0.00
2026-09-15 16:40:00;1551.00;0.00
2026-09-15 16:45:00;1546.00;0.00
2026-09-15 16:50:00;1550.00;0.00
2026-09-15 16:55:00;1551.00;0.00
2026-09-15 17:00:00;1555.00;0.00
2026-09-15 17:05:00;1555.00;0.00
2026-09-15 17:10:00;1557.00;0.00
2026-09-15 17:15:00;1557.00;0.00
2026-09-15 17:20:00;1550.00;0.00
2026-09-15 17:25:00;1554.00;0.00
2026-09-15 17:30:00;1557.00;0.00
2026-09-15 17:35:00;1557.00;0.00
2026-09-15 17:40:00;1557.00;0.00
2026-09-15 17:45:00;1556.00;0.00
2026-09-15 17:50:00;1556.00;0.00
2026-09-15 17:55:00;1557.00;0.00
2026-09-15 18:00:00;1556.00;0.00
2026-09-15 18:05:00;1556.00;0.00
2026-09-15 18:10:00;1555.00;0.00
2026-09-15 18:15:00;1555.00;0.00
2026-09-15 18:20:00;1557.00;0.00
2026-09-15 18:25:00;1557.00;0.00
2026-09-15 18:30:00;1557.00;0.00
2026-09-15 18:35:00;1558.00;0.00
2026-09-15 18:40:00;1557.00;0.00
2026-09-15 18:45:00;1557.00;0.00
2026-09-15 18:50:00;1554.00;0.00
2026-09-15 18:55:00;1552.00;0.00
2026-09-15 19:00:00;1556.00;0.00
2026-09-15 19:05:00;1556.00;0.00
2026-09-15 19:10:00;1554.00;0.00
2026-09-15 19:15:00;1551.00;0.00
2026-09-15 19:20:00;1550.00;0.00
2026-09-15 19:25:00;1550.00;0.00
2026-09-15 19:30:00;1551.00;0.00
2026-09-15 19:35:00;1549.00;0.00
2026-09-15 19:40:00;1549.00;0.00
2026-09-15 19:45:00;1549.00;0.00
2026-09-15 19:50:00;1548.00;0.00
2026-09-15 19:55:00;1542.00;0.00
2026-09-15 20:00:00;1544.00;0.00
2026-09-15 20:05:00;1542.00;0.00
2026-09-15 20:10:00;1539.00;0.00
2026-09-15 20:15:00;1540.00;0.00
2026-09-15 20:20:00;1547.00;0.00
2026-09-15 20:25:00;1542.00;0.00
2026-09-15 20:30:00;1532.00;0.00
2026-09-15 20:35:00;1531.00;0.00
2026-09-15 20:40:00;1531.00;0.00
2026-09-15 20:45:00;1537.00;0.00
2026-09-15 20:50:00;1533.00;0.00
2026-09-15 20:55:00;1540.00;0.00
2026-09-15 21:00:00;1538.00;0.00
2026-09-15 21:05:00;1543.00;0.00
2026-09-15 21:10:00;1547.00;0.00
2026-09-15 21:15:00;1538.00;0.00
2026-09-15 21:20:00;1542.00;0.00
2026-09-15 21:25:00;1525.00;0.00
2026-09-15 21:30:00;1525.00;0.00
2026-09-15 21:35:00;1521.00;0.00
2026-09-15 21:40:00;1525.00;0.00
2026-09-15 21:45:00;1526.00;0.00
2026-09-15 21:50:00;1533.00;0.00
2026-09-15 21:55:00;1535.00;0.00
2026-09-15 22:00:00;1535.00;0.00
2026-09-15 22:05:00;1522.00;0.00
2026-09-15 22:10:00;1533.00;0.00
2026-09-15 22:15:00;1544.00;0.00
2026-09-15 22:20:00;1538.00;0.00
2026-09-15 22:25:00;1534.00;0.00
2026-09-15 22:30:00;1529.00;0.00
2026-09-15 22:35:00;1531.00;0.00
2026-09-15 22:40:00;1538.00;0.00
2026-09-15 22:45:00;1539.00;0.00
2026-09-15 22:50:00;1532.00;0.00
2026-09-15 22:55:00;1537.00;0.00
2026-09-15 23:00:00;1538.00;0.00
2026-09-15 23:05:00;1536.00;0.00
2026-09-15 23:10:00;1538.00;0.00
2026-09-15 23:15:00;1540.00;0.00
2026-09-15 23:20:00;1538.00;0.00
2026-09-15 23:25:00;1529.00;0.00
2026-09-15 23:30:00;1535.00;0.00
2026-09-15 23:35:00;1534.00;0.00
2026-09-15 23:40:00;1540.00;0.00
2026-09-15 23:45:00;1540.00;0.00
2026-09-15 23:50:00;1537.00;0.00
2026-09-15 23:55:00;1540.00;0.00
2026-09-16 00:00:00;1538.00;0.00
2026-09-16 00:05:00;1532.00;0.00
2026-09-16 00:10:00;1536.00;0.00
2026-09-16 00:15:00;1535.00;0.00
2026-09-16 00:20:00;1539.00;0.00
2026-09-16 00:25:00;1539.00;0.00
2026-09-16 00:30:00;1538.00;0.00
2026-09-16 00:35:00;1537.00;0.00
2026-09-16 00:40:00;1536.00;0.00
2026-09-16 00:45:00;1538.00;0.00
2026-09-16 00:50:00;1533.00;0.00
2026-09-16 00:55:00;1541.00;0.00
2026-09-16 01:00:00;1541.00;0.00
2026-09-16 01:05:00;1540.00;0.00
2026-09-16 01:10:00;1540.00;0.00
2026-09-16 01:15:00;1541.00;0.00
2026-09-16 01:20:00;1541.00;0.00
2026-09-16 01:25:00;1542.00;0.00
2026-09-16 01:30:00;1542.00;0.00
2026-09-16 01:35:00;1536.00;0.00
2026-09-16 01:40:00;1543.00;0.00
2026-09-16 01:45:00;1541.00;0.00
2026-09-16 01:50:00;1541.00;0.00
2026-09-16 01:55:00;1544.00;0.00
2026-09-16 02:00:00;1543.00;0.00
2026-09-16 02:05:00;1539.00;0.00
2026-09-16 02:10:00;1536.00;0.00
2026-09-16 02:15:00;1529.00;0.00
2026-09-16 02:20:00;1522.00;0.00
2026-09-16 02:25:00;1522.00;0.00
2026-09-16 02:30:00;1521.00;0.00
2026-09-16 02:35:00;1521.00;0.00
2026-09-16 02:40:00;1527.00;0.00
2026-09-16 02:45:00;1527.00;0.00
2026-09-16 02:50:00;1527.00;0.00
2026-09-16 02:55:00;1527.00;0.00
2026-09-16 03:00:00;1527.00;0.00
2026-09-16 03:05:00;1527.00;0.00
2026-09-16 03:10:00;1533.00;0.00
2026-09-16 03:15:00;1544.00;0.00
2026-09-16 03:20:00;1557.00;0.00
2026-09-16 03:25:00;1558.00;0.00
2026-09-16 03:30:00;1558.00;0.00
2026-09-16 03:35:00;1558.00;0.00
2026-09-16 03:40:00;1558.00;0.00
2026-09-16 03:45:00;1559.00;0.00
2026-09-16 03:50:00;1560.00;0.00
2026-09-16 03:55:00;1560.00;0.00
2026-09-16 04:00:00;1561.00;0.00
2026-09-16 04:05:00;1561.00;0.00
2026-09-16 04:10:00;1561.00;0.00
2026-09-16 04:15:00;1561.00;0.00
2026-09-16 04:20:00;1561.00;0.00
2026-09-16 04:25:00;1561.00;0.00
2026-09-16 04:30:00;1562.00;0.00
2026-09-16 04:35:00;1564.00;0.00
2026-09-16 04:40:00;1565.00;0.00
2026-09-16 04:45:00;1565.00;0.00
2026-09-16 04:50:00;1565.00;0.00
2026-09-16 04:55:00;1565.00;0.00
2026-09-16 05:00:00;1565.00;0.00
2026-09-16 05:05:00;1565.00;0.00
2026-09-16 05:10:00;1565.00;0.00
2026-09-16 05:15:00;1565.00;0.00
2026-09-16 05:20:00;1566.00;0.00
2026-09-16 05:25:00;1568.00;0.00
2026-09-16 05:30:00;1573.00;0.00
2026-09-16 05:35:00;1576.00;0.00
2026-09-16 05:40:00;1576.00;0.00
2026-09-16 05:45:00;1577.00;0.00
2026-09-16 05:50:00;1578.00;0.00
2026-09-16 05:55:00;1579.00;0.00
2026-09-16 06:00:00;1579.00;0.00
2026-09-16 06:05:00;1579.00;0.00
2026-09-16 06:10:00;1579.00;0.00
2026-09-16 06:15:00;1579.00;0.00
2026-09-16 06:20:00;1579.00;0.00
2026-09-16 06:25:00;1579.00;0.00
2026-09-16 06:30:00;1579.00;0.00
2026-09-16 06:35:00;1579.00;0.00
2026-09-16 06:40:00;1579.00;0.00
2026-09-16 06:45:00;1579.00;0.00
2026-09-16 06:50:00;1579.00;0.00
2026-09-16 06:55:00;1579.00;0.00
2026-09-16 07:00:00;1579.00;0.00
2026-09-16 07:05:00;1579.00;0.00
2026-09-16 07:10:00;1579.00;0.00
2026-09-16 07:15:00;1579.00;0.00
2026-09-16 07:20:00;1579.00;0.00
2026-09-16 07:25:00;1579.00;0.00
2026-09-16 07:30:00;1579.00;0.00
2026-09-16 07:35:00;1579.00;0.00
2026-09-16 07:40:00;1579.00;0.00
2026-09-16 07:45:00;1579.00;0.00
2026-09-16 07:50:00;1579.00;0.00
2026-09-16 07:55:00;1579.00;0.00
2026-09-16 08:00:00;1579.00;0.00
2026-09-16 08:05:00;1579.00;0.00
2026-09-16 08:10:00;1579.00;0.00
2026-09-16 08:15:00;1579.00;0.00
2026-09-16 08:20:00;1579.00;0.00
2026-09-16 08:25:00;1579.00;0.00
2026-09-16 08:30:00;1579.00;0.00
2026-09-16 08:35:00;1579.00;0.00
2026-09-16 08:40:00;1579.00;0.00
2026-09-16 08:45:00;1579.00;0.00
2026-09-16 08:50:00;1569.00;0.00
2026-09-16 08:55:00;1568.00;0.00
2026-09-16 09:00:00;1561.00;0.00
2026-09-16 09:05:00;1563.00;0.00
2026-09-16 09:10:00;1563.00;0.00
2026-09-16 09:15:00;1557.00;0.00
2026-09-16 09:20:00;1556.00;0.00
2026-09-16 09:25:00;1554.00;0.00
2026-09-16 09:30:00;1553.00;0.00
2026-09-16 09:35:00;1554.00;0.00
2026-09-16 09:40:00;1557.00;0.00
2026-09-16 09:45:00;1556.00;0.00
2026-09-16 09:50:00;1555.00;0.00
2026-09-16 09:55:00;1551.00;0.00
2026-09-16 10:00:00;1555.00;0.00
2026-09-16 10:05:00;1557.00;0.00
2026-09-16 10:10:00;1563.00;0.00
2026-09-16 10:15:00;1563.00;0.00
2026-09-16 10:20:00;1558.00;0.00
2026-09-16 10:25:00;1560.00;0.00
2026-09-16 10:30:00;1563.00;0.00
2026-09-16 10:35:00;1559.00;0.00
2026-09-16 10:40:00;1559.00;0.00
2026-09-16 10:45:00;1558.00;0.00
2026-09-16 10:50:00;1561.00;0.00
2026-09-16 10:55:00;1559.00;0.00
2026-09-16 11:00:00;1557.00;0.00
2026-09-16 11:05:00;1561.00;0.00
2026-09-16 11:10:00;1561.00;0.00
2026-09-16 11:15:00;1558.00;0.00
2026-09-16 11:20:00;1558.00;0.00
2026-09-16 11:25:00;1560.00;0.00
2026-09-16 11:30:00;1561.00;0.00
2026-09-16 11:35:00;1562.00;0.00
2026-09-16 11:40:00;1563.00;0.00
2026-09-16 11:45:00;1563.00;0.00
2026-09-16 11:50:00;1563.00;0.00
2026-09-16 11:55:00;1559.00;0.00
2026-09-16 12:00:00;1558.00;0.00
2026-09-16 12:05:00;1558.00;0.00
2026-09-16 12:10:00;1559.00;0.00
2026-09-16 12:15:00;1560.00;0.00
2026-09-16 12:20:00;1560.00;0.00
2026-09-16 12:25:00;1557.00;0.00
2026-09-16 12:30:00;1554.00;0.00
2026-09-16 12:35:00;1549.00;0.00
2026-09-16 12:40:00;1548.00;0.00
2026-09-16 12:45:00;1547.00;0.00
2026-09-16 12:50:00;1548.00;0.00
2026-09-16 12:55:00;1547.00;0.00
2026-09-16 13:00:00;1548.00;0.00
2026-09-16 13:05:00;1549.00;0.00
2026-09-16 13:10:00;1547.00;0.00
2026-09-16 13:15:00;1547.00;0.00
2026-09-16 13:20:00;1542.00;0.00
2026-09-16 13:25:00;1544.00;0.00
2026-09-16 13:30:00;1544.00;0.00
2026-09-16 13:35:00;1550.00;0.00
2026-09-16 13:40:00;1554.00;0.00
2026-09-16 13:45:00;1554.00;0.00
2026-09-16 13:50:00;1554.00;0.00
2026-09-16 13:55:00;1554.00;0.00
2026-09-16 14:00:00;1553.00;0.00
2026-09-16 14:05:00;1554.00;0.00
2026-09-16 14:10:00;1555.00;0.00
2026-09-16 14:15:00;1555.00;0.00
2026-09-16 14:20:00;1555.00;0.00
2026-09-16 14:25:00;1555.00;0.00
2026-09-16 14:30:00;1550.00;0.00
2026-09-16 14:35:00;1547.00;0.00
2026-09-16 14:40:00;1542.00;0.00
2026-09-16 14:45:00;1546.00;0.00
2026-09-16 14:50:00;1548.00;0.00
2026-09-16 14:55:00;1539.00;0.00
2026-09-16 15:00:00;1535.00;0.00
2026-09-16 15:05:00;1538.00;0.00
2026-09-16 15:10:00;1545.00;0.00
2026-09-16 15:15:00;1546.00;0.00
2026-09-16 15:20:00;1543.00;0.00
2026-09-16 15:25:00;1546.00;0.00
2026-09-16 15:30:00;1547.00;0.00
2026-09-16 15:35:00;1546.00;0.00
2026-09-16 15:40:00;1541.00;0.00
2026-09-16 15:45:00;1543.00;0.00
2026-09-16 15:50:00;1541.00;0.00
2026-09-16 15:55:00;1543.00;0.00
2026-09-16 16:00:00;1547.00;0.00
2026-09-16 16:05:00;1549.00;0.00
2026-09-16 16:10:00;1548.00;0.00
2026-09-16 16:15:00;1546.00;0.00
2026-09-16 16:20:00;1546.00;0.00
2026-09-16 16:25:00;1540.00;0.00
2026-09-16 16:30:00;1547.00;0.00
2026-09-16 16:35:00;1548.00;0.00
2026-09-16 16:40:00;1547.00;0.00
2026-09-16 16:45:00;1545.00;0.00
2026-09-16 16:50:00;1543.00;0.00
2026-09-16 16:55:00;1539.00;0.00
2026-09-16 17:00:00;1536.00;0.00
2026-09-16 17:05:00;1540.00;0.00
2026-09-16 17:10:00;1536.00;0.00
2026-09-16 17:15:00;1534.00;0.00
2026-09-16 17:20:00;1530.00;0.00
2026-09-16 17:25:00;1527.00;0.00
2026-09-16 17:30:00;1527.00;0.00
2026-09-16 17:35:00;1527.00;0.00
2026-09-16 17:40:00;1524.00;0.00
2026-09-16 17:45:00;1528.00;0.00
2026-09-16 17:50:00;1531.00;0.00
2026-09-16 17:55:00;1533.00;0.00
2026-09-16 18:00:00;1531.00;0.00
2026-09-16 18:05:00;1530.00;0.00
2026-09-16 18:10:00;1529.00;0.00
2026-09-16 18:15:00;1528.00;0.00
2026-09-16 18:20:00;1526.00;0.00
2026-09-16 18:25:00;1529.00;0.00
2026-09-16 18:30:00;1528.00;0.00
2026-09-16 18:35:00;1527.00;0.00
2026-09-16 18:40:00;1529.00;0.00
2026-09-16 18:45:00;1530.00;0.00
2026-09-16 18:50:00;1526.00;0.00
2026-09-16 18:55:00;1524.00;0.00
2026-09-16 19:00:00;1524.00;0.00
2026-09-16 19:10:00;;0.00
2026-09-16 19:15:00;1520.00;0.00
2026-09-16 19:20:00;1519.00;0.00
2026-09-16 19:25:00;1515.00;0.00
2026-09-16 19:30:00;1514.00;0.00
2026-09-16 19:35:00;1511.00;0.00
2026-09-16 19:40:00;1511.00;0.00
2026-09-16 19:45:00;1509.00;0.00
2026-09-16 19:50:00;1511.00;0.00
2026-09-16 19:55:00;1509.00;0.00
2026-09-16 20:00:00;1507.00;0.00
2026-09-16 20:05:00;1507.00;0.00
2026-09-16 20:10:00;1506.00;0.00
2026-09-16 20:15:00;1503.00;0.00
2026-09-16 20:20:00;1504.00;0.00
2026-09-16 20:25:00;1506.00;0.00
2026-09-16 20:30:00;1511.00;0.00
2026-09-16 20:35:00;1514.00;0.00
2026-09-16 20:40:00;1516.00;0.00
2026-09-16 20:45:00;1512.00;0.00
2026-09-16 20:50:00;1506.00;0.00
2026-09-16 20:55:00;1506.00;0.00
2026-09-16 21:00:00;1505.00;0.00
2026-09-16 21:05:00;1505.00;0.00
2026-09-16 21:10:00;1500.00;0.00
2026-09-16 21:15:00;1506.00;0.00
2026-09-16 21:20:00;1512.00;0.00
2026-09-16 21:25:00;1512.00;0.00
2026-09-16 21:30:00;1512.00;0.00
2026-09-16 21:35:00;1507.00;0.00
2026-09-16 21:40:00;1495.00;0.00
2026-09-16 21:45:00;1493.00;0.00
2026-09-16 21:50:00;1504.00;0.00
2026-09-16 21:55:00;1497.00;0.00
2026-09-16 22:00:00;1501.00;0.00
2026-09-16 22:05:00;1497.00;0.00
2026-09-16 22:10:00;1493.00;0.00
2026-09-16 22:15:00;1491.00;0.00
2026-09-16 22:20:00;1483.00;0.00
2026-09-16 22:25:00;1483.00;0.00
2026-09-16 22:30:00;1479.00;0.00
2026-09-16 22:35:00;1488.00;0.00
2026-09-16 22:40:00;1492.00;0.00
2026-09-16 22:45:00;1490.00;0.00
2026-09-16 22:50:00;1488.00;0.00
2026-09-16 22:55:00;1484.00;0.00
2026-09-16 23:00:00;1485.00;0.00
2026-09-16 23:05:00;1484.00;0.00
2026-09-16 23:10:00;1493.00;0.00
2026-09-16 23:15:00;1490.00;0.00
2026-09-16 23:20:00;1488.00;0.00
2026-09-16 23:25:00;1485.00;0.00
2026-09-16 23:30:00;1480.00;0.00
2026-09-16 23:35:00;1480.00;0.00
2026-09-16 23:40:00;1481.00;0.00
2026-09-16 23:45:00;1478.00;0.00
2026-09-16 23:50:00;1485.00;0.00
2026-09-16 23:55:00;1488.00;0.00
2026-09-17 00:00:00;1486.00;0.00
2026-09-17 00:05:00;1487.00;0.00
2026-09-17 00:10:00;1482.00;0.00
2026-09-17 00:15:00;1482.00;0.00
2026-09-17 00:20:00;1486.00;0.00
2026-09-17 00:25:00;1493.00;0.00
2026-09-17 00:30:00;1491.00;0.00
2026-09-17 00:35:00;1489.00;0.00
2026-09-17 00:40:00;1485.00;0.00
2026-09-17 00:45:00;1486.00;0.00
2026-09-17 00:50:00;1484.00;0.00
2026-09-17 00:55:00;1490.00;0.00
2026-09-17 01:00:00;1484.00;0.00
2026-09-17 01:05:00;1486.00;0.00
2026-09-17 01:10:00;1483.00;0.00
2026-09-17 01:15:00;1485.00;0.00
2026-09-17 01:20:00;1484.00;0.00
2026-09-17 01:25:00;1484.00;0.00
2026-09-17 01:30:00;1485.00;0.00
2026-09-17 01:35:00;1483.00;0.00
2026-09-17 01:40:00;1481.00;0.00
2026-09-17 01:45:00;1481.00;0.00
2026-09-17 01:50:00;1485.00;0.00
2026-09-17 01:55:00;1484.00;0.00
2026-09-17 02:00:00;1486.00;0.00
2026-09-17 02:05:00;1491.00;0.00
2026-09-17 02:10:00;1487.00;0.00
2026-09-17 02:15:00;1481.00;0.00
2026-09-17 02:20:00;1481.00;0.00
2026-09-17 02:25:00;1482.00;0.00
2026-09-17 02:30:00;1482.00;0.00
2026-09-17 02:35:00;1484.00;0.00
2026-09-17 02:40:00;1484.00;0.00
2026-09-17 02:45:00;1483.00;0.00
2026-09-17 02:50:00;1486.00;0.00
2026-09-17 02:55:00;1485.00;0.00
2026-09-17 03:00:00;1486.00;0.00
2026-09-17 03:05:00;1487.00;0.00
2026-09-17 03:10:00;1487.00;0.00
2026-09-17 03:15:00;1492.00;0.00
2026-09-17 03:20:00;1500.00;0.00
2026-09-17 03:25:00;1496.00;0.00
2026-09-17 03:30:00;1496.00;0.00
2026-09-17 03:35:00;1492.00;0.00
2026-09-17 03:40:00;1492.00;0.00
2026-09-17 03:45:00;1495.00;0.00
2026-09-17 03:50:00;1501.00;0.00
2026-09-17 03:55:00;1495.00;0.00
2026-09-17 04:00:00;1494.00;0.00
2026-09-17 04:05:00;1494.00;0.00
2026-09-17 04:10:00;1494.00;0.00
2026-09-17 04:15:00;1497.00;0.00
2026-09-17 04:20:00;1522.00;0.00
2026-09-17 04:25:00;1526.00;0.00
2026-09-17 04:30:00;1526.00;0.00
2026-09-17 04:35:00;1529.00;0.00
2026-09-17 04:40:00;1530.00;0.00
2026-09-17 04:45:00;1531.00;0.00
2026-09-17 04:50:00;1533.00;0.00
2026-09-17 04:55:00;1533.00;0.00
2026-09-17 05:00:00;1531.00;0.00
2026-09-17 05:05:00;1529.00;0.00
2026-09-17 05:10:00;1533.00;0.00
2026-09-17 05:15:00;1532.00;0.00
2026-09-17 05:20:00;1530.00;0.00
2026-09-17 05:25:00;1535.00;0.00
2026-09-17 05:30:00;1538.00;0.00
2026-09-17 05:35:00;1538.00;0.00
2026-09-17 05:40:00;1541.00;0.00
2026-09-17 05:45:00;1540.00;0.00
2026-09-17 05:50:00;1544.00;0.00
2026-09-17 05:55:00;1535.00;0.00
2026-09-17 06:00:00;1536.00;0.00
2026-09-17 06:05:00;1546.00;0.00
2026-09-17 06:10:00;1546.00;0.00
2026-09-17 06:15:00;1545.00;0.00
2026-09-17 06:20:00;1547.00;0.00
2026-09-17 06:25:00;1548.00;0.00
2026-09-17 06:30:00;1549.00;0.00
2026-09-17 06:35:00;1549.00;0.00
2026-09-17 06:40:00;1550.00;0.00
2026-09-17 06:45:00;1550.00;0.00
2026-09-17 06:50:00;1550.00;0.00
2026-09-17 06:55:00;1551.00;0.00
2026-09-17 07:00:00;1551.00;0.00
2026-09-17 07:05:00;1551.00;0.00
2026-09-17 07:10:00;1550.00;0.00
2026-09-17 07:15:00;1549.00;0.00
2026-09-17 07:20:00;1551.00;0.00
2026-09-17 07:25:00;1549.00;0.00
2026-09-17 07:30:00;1544.00;0.00
2026-09-17 07:35:00;1543.00;0.00
2026-09-17 07:40:00;1546.00;0.00
2026-09-17 07:45:00;1547.00;0.00
2026-09-17 07:50:00;1546.00;0.00
2026-09-17 07:55:00;1550.00;0.00
2026-09-17 08:00:00;1549.00;0.00
2026-09-17 08:05:00;1546.00;0.00
2026-09-17 08:10:00;1546.00;0.00
2026-09-17 08:15:00;1548.00;0.00
2026-09-17 08:20:00;1547.00;0.00
2026-09-17 08:25:00;1549.00;0.00
2026-09-17 08:30:00;1550.00;0.00
2026-09-17 08:35:00;1549.00;0.00
2026-09-17 08:40:00;1550.00;0.00
2026-09-17 08:45:00;1550.00;0.00
2026-09-17 08:50:00;1550.00;0.00
2026-09-17 08:55:00;1550.00;0.00
2026-09-17 09:00:00;1550.00;0.00
2026-09-17 09:05:00;1550.00;0.00
2026-09-17 09:10:00;1549.00;0.00
2026-09-17 09:15:00;1550.00;0.00
2026-09-17 09:20:00;1540.00;0.00
2026-09-17 09:25:00;1530.00;0.00
2026-09-17 09:30:00;1527.00;0.00
2026-09-17 09:35:00;1528.00;0.00
2026-09-17 09:40:00;1523.00;0.00
2026-09-17 09:45:00;1526.00;0.00
2026-09-17 09:50:00;1529.00;0.00
2026-09-17 09:55:00;1528.00;0.00
2026-09-17 10:00:00;1530.00;0.00
2026-09-17 10:05:00;1529.00;0.00
2026-09-17 10:10:00;1526.00;0.00
2026-09-17 10:15:00;1525.00;0.00
2026-09-17 10:20:00;1529.00;0.00
2026-09-17 10:25:00;1529.00;0.00
2026-09-17 10:30:00;1524.00;0.00
2026-09-17 10:35:00;1525.00;0.00
2026-09-17 10:40:00;1524.00;0.00
2026-09-17 10:45:00;1525.00;0.00
2026-09-17 10:50:00;1523.00;0.00
2026-09-17 10:55:00;1524.00;0.00
2026-09-17 11:00:00;1524.00;0.00
2026-09-17 11:05:00;1521.00;0.00
2026-09-17 11:10:00;1525.00;0.00
2026-09-17 11:15:00;1526.00;0.00
2026-09-17 11:20:00;1521.00;0.00
2026-09-17 11:25:00;1523.00;0.00
2026-09-17 11:30:00;1520.00;0.00
2026-09-17 11:35:00;1525.00;0.00
2026-09-17 11:40:00;1527.00;0.00
2026-09-17 11:45:00;1528.00;0.00
2026-09-17 11:50:00;1525.00;0.00
2026-09-17 11:55:00;1525.00;0.00
2026-09-17 12:00:00;1526.00;0.00
2026-09-17 12:05:00;1526.00;0.00
2026-09-17 12:10:00;1523.00;0.00
2026-09-17 12:15:00;1526.00;0.00
2026-09-17 12:20:00;1523.00;0.00
2026-09-17 12:25:00;1528.00;0.00
2026-09-17 12:30:00;1521.00;0.00
2026-09-17 12:35:00;1520.00;0.00
2026-09-17 12:40:00;1529.00;0.00
2026-09-17 12:45:00;1530.00;0.00
2026-09-17 12:50:00;1526.00;0.00
2026-09-17 12:55:00;1530.00;0.00
2026-09-17 13:00:00;1527.00;0.00
2026-09-17 13:05:00;1526.00;0.00
2026-09-17 13:10:00;1530.00;0.00
2026-09-17 13:15:00;1530.00;0.00
2026-09-17 13:20:00;1531.00;0.00
2026-09-17 13:25:00;1526.00;0.00
2026-09-17 13:30:00;1527.00;0.00
2026-09-17 13:35:00;1529.00;0.00
2026-09-17 13:40:00;1527.00;0.00
2026-09-17 13:45:00;1526.00;0.00
2026-09-17 13:50:00;1520.00;0.00
2026-09-17 13:55:00;1519.00;0.00
2026-09-17 14:00:00;1518.00;0.00
2026-09-17 14:05:00;1521.00;0.00
2026-09-17 14:10:00;1525.00;0.00
2026-09-17 14:15:00;1520.00;0.00
2026-09-17 14:20:00;1517.00;0.00
2026-09-17 14:25:00;1517.00;0.00
2026-09-17 14:30:00;1523.00;0.00
2026-09-17 14:35:00;1525.00;0.00
2026-09-17 14:40:00;1527.00;0.00
2026-09-17 14:45:00;1527.00;0.00
2026-09-17 14:50:00;1517.00;0.00
2026-09-17 14:55:00;1515.00;0.00
2026-09-17 15:00:00;1523.00;0.00
2026-09-17 15:05:00;1525.00;0.00
2026-09-17 15:10:00;1525.00;0.00
2026-09-17 15:15:00;1525.00;0.00
2026-09-17 15:20:00;1518.00;0.00
2026-09-17 15:25:00;1518.00;0.00
2026-09-17 15:30:00;1524.00;0.00
2026-09-17 15:35:00;1522.00;0.00
2026-09-17 15:40:00;1512.00;0.00
2026-09-17 15:45:00;1513.00;0.00
2026-09-17 15:50:00;1517.00;0.00
2026-09-17 15:55:00;1509.00;0.00
2026-09-17 16:00:00;1519.00;0.00
2026-09-17 16:05:00;1523.00;0.00
2026-09-17 16:10:00;1518.00;0.00
2026-09-17 16:15:00;1512.00;0.00
2026-09-17 16:20:00;1516.00;0.00
2026-09-17 16:25:00;1519.00;0.00
2026-09-17 16:30:00;1520.00;0.00
2026-09-17 16:35:00;1516.00;0.00
2026-09-17 16:40:00;1514.00;0.00
2026-09-17 16:45:00;1517.00;0.00
2026-09-17 16:50:00;1516.00;0.00
2026-09-17 16:55:00;1519.00;0.00
2026-09-17 17:00:00;1515.00;0.00
2026-09-17 17:05:00;1514.00;0.00
2026-09-17 17:10:00;1512.00;0.00
2026-09-17 17:15:00;1515.00;0.00
2026-09-17 17:20:00;1519.00;0.00
2026-09-17 17:25:00;1514.00;0.00
2026-09-17 17:30:00;1513.00;0.00
2026-09-17 17:35:00;1514.00;0.00
2026-09-17 17:40:00;1514.00;0.00
2026-09-17 17:45:00;1514.00;0.00
2026-09-17 17:50:00;1512.00;0.00
2026-09-17 17:55:00;1511.00;0.00
2026-09-17 18:00:00;1513.00;0.00
2026-09-17 18:05:00;1513.00;0.00
2026-09-17 18:10:00;1510.00;0.00
2026-09-17 18:15:00;1509.00;0.00
2026-09-17 18:20:00;1509.00;0.00
2026-09-17 18:25:00;1505.00;0.00
2026-09-17 18:30:00;1509.00;0.00
2026-09-17 18:35:00;1507.00;0.00
2026-09-17 18:40:00;1506.00;0.00
2026-09-17 18:45:00;1499.00;0.00
2026-09-17 18:50:00;1505.00;0.00
2026-09-17 18:55:00;1502.00;0.00
2026-09-17 19:00:00;1510.00;0.00
2026-09-17 19:05:00;1498.00;
2026-09-17 19:10:00;;0.00
2026-09-17 19:15:00;1504.00;0.00
2026-09-17 19:20:00;1505.00;0.00
2026-09-17 19:25:00;1506.00;0.00
2026-09-17 19:30:00;1499.00;0.00
2026-09-17 19:35:00;1500.00;0.00
2026-09-17 19:40:00;1500.00;0.00
2026-09-17 19:45:00;1498.00;0.00
2026-09-17 19:50:00;1498.00;0.00
2026-09-17 19:55:00;1492.00;0.00
2026-09-17 20:00:00;1495.00;0.00
2026-09-17 20:05:00;1495.00;0.00
2026-09-17 20:10:00;1494.00;0.00
2026-09-17 20:15:00;1495.00;0.00
2026-09-17 20:20:00;1491.00;0.00
2026-09-17 20:25:00;1493.00;0.00
2026-09-17 20:30:00;1482.00;0.00
2026-09-17 20:35:00;1488.00;0.00
2026-09-17 20:40:00;1490.00;0.00
2026-09-17 20:45:00;1480.00;0.00
2026-09-17 20:50:00;1480.00;0.00
2026-09-17 20:55:00;1480.00;0.00
2026-09-17 21:00:00;1478.00;0.00
2026-09-17 21:05:00;1477.00;0.00
2026-09-17 21:10:00;1478.00;0.00
2026-09-17 21:15:00;1489.00;0.00
2026-09-17 21:20:00;1489.00;0.00
2026-09-17 21:25:00;1489.00;0.00
2026-09-17 21:30:00;1489.00;0.00
2026-09-17 21:35:00;1489.00;0.00
2026-09-17 21:40:00;1489.00;0.00
2026-09-17 21:45:00;1489.00;0.00
2026-09-17 21:50:00;1489.00;0.00
2026-09-17 21:55:00;1489.00;0.00
2026-09-17 22:00:00;1489.00;0.00
2026-09-17 22:05:00;1489.00;0.00
2026-09-17 22:10:00;1489.00;0.00
2026-09-17 22:15:00;1489.00;0.00
2026-09-17 22:20:00;1489.00;0.00
2026-09-17 22:25:00;1490.00;0.00
2026-09-17 22:30:00;1490.00;0.00
2026-09-17 22:35:00;1490.00;0.00
2026-09-17 22:40:00;1487.00;0.00
2026-09-17 22:45:00;1484.00;0.00
2026-09-17 22:50:00;1482.00;0.00
2026-09-17 22:55:00;1481.00;0.00
2026-09-17 23:00:00;1481.00;0.00
2026-09-17 23:05:00;1481.00;0.00
2026-09-17 23:10:00;1481.00;0.00
2026-09-17 23:15:00;1481.00;0.00
2026-09-17 23:20:00;1479.00;0.00
2026-09-17 23:25:00;1476.00;0.00
2026-09-17 23:30:00;1476.00;0.00
2026-09-17 23:35:00;1476.00;0.00
2026-09-17 23:40:00;1476.00;0.00
2026-09-17 23:45:00;1475.00;0.00
2026-09-17 23:50:00;1473.00;0.00
2026-09-17 23:55:00;1473.00;0.00
2026-09-18 00:00:00;1474.00;0.00
2026-09-18 00:05:00;1473.00;0.00
2026-09-18 00:10:00;1473.00;0.00
2026-09-18 00:15:00;1473.00;0.00
2026-09-18 00:20:00;1473.00;0.00
2026-09-18 00:25:00;1472.00;0.00
2026-09-18 00:30:00;1471.00;0.00
2026-09-18 00:35:00;1471.00;0.00
2026-09-18 00:40:00;1470.00;0.00
2026-09-18 00:45:00;1469.00;0.00
2026-09-18 00:50:00;1469.00;0.00
2026-09-18 00:55:00;1469.00;0.00
2026-09-18 01:00:00;1469.00;0.00
2026-09-18 01:05:00;1468.00;0.00
2026-09-18 01:10:00;1468.00;0.00
2026-09-18 01:15:00;1468.00;0.00
2026-09-18 01:20:00;1468.00;0.00
2026-09-18 01:25:00;1466.00;0.00
2026-09-18 01:30:00;1462.00;0.00
2026-09-18 01:35:00;1448.00;0.00
2026-09-18 01:40:00;1455.00;0.00
2026-09-18 01:45:00;1455.00;0.00
2026-09-18 01:50:00;1452.00;0.00
2026-09-18 01:55:00;1453.00;0.00
2026-09-18 02:00:00;1460.00;0.00
2026-09-18 02:05:00;1460.00;0.00
2026-09-18 02:10:00;1461.00;0.00
2026-09-18 02:15:00;1461.00;0.00
2026-09-18 02:20:00;1461.00;0.00
2026-09-18 02:25:00;1461.00;0.00
2026-09-18 02:30:00;1461.00;0.00
2026-09-18 02:35:00;1461.00;0.00
2026-09-18 02:40:00;1461.00;0.00
2026-09-18 02:45:00;1461.00;0.00
2026-09-18 02:50:00;1461.00;0.00
2026-09-18 02:55:00;1461.00;0.00
2026-09-18 03:00:00;1461.00;0.00
2026-09-18 03:05:00;1461.00;0.00
2026-09-18 03:10:00;1455.00;0.00
2026-09-18 03:15:00;1452.00;0.00
2026-09-18 03:20:00;1452.00;0.00
2026-09-18 03:25:00;1452.00;0.00
2026-09-18 03:30:00;1451.00;0.00
2026-09-18 03:35:00;1449.00;0.00
2026-09-18 03:40:00;1448.00;0.00
2026-09-18 03:45:00;1448.00;0.00
2026-09-18 03:50:00;1446.00;0.00
2026-09-18 03:55:00;1455.00;0.00
2026-09-18 04:00:00;1449.00;0.00
2026-09-18 04:05:00;1447.00;0.00
2026-09-18 04:10:00;1446.00;0.00
2026-09-18 04:15:00;1450.00;0.00
2026-09-18 04:20:00;1451.00;0.00
2026-09-18 04:25:00;1451.00;0.00
2026-09-18 04:30:00;1451.00;0.00
2026-09-18 04:35:00;1451.00;0.00
2026-09-18 04:40:00;1451.00;0.00
2026-09-18 04:45:00;1451.00;0.00
2026-09-18 04:50:00;1451.00;0.00
2026-09-18 04:55:00;1451.00;0.00
2026-09-18 05:00:00;1456.00;0.00
2026-09-18 05:05:00;1464.00;0.00
2026-09-18 05:10:00;1470.00;0.00
2026-09-18 05:15:00;1472.00;0.00
2026-09-18 05:20:00;1472.00;0.00
2026-09-18 05:25:00;1472.00;0.00
2026-09-18 05:30:00;1472.00;0.00
2026-09-18 05:35:00;1472.00;0.00
2026-09-18 05:40:00;1472.00;0.00
2026-09-18 05:45:00;1472.00;0.00
2026-09-18 05:50:00;1482.00;0.00
2026-09-18 05:55:00;1499.00;0.00
2026-09-18 06:00:00;1500.00;0.00
2026-09-18 06:05:00;1501.00;0.00
2026-09-18 06:10:00;1503.00;0.00
2026-09-18 06:15:00;1506.00;0.00
2026-09-18 06:20:00;1506.00;0.00
2026-09-18 06:25:00;1506.00;0.00
2026-09-18 06:30:00;1506.00;0.00
2026-09-18 06:35:00;1506.00;0.00
2026-09-18 06:40:00;1513.00;0.00
2026-09-18 06:45:00;1514.00;0.00
2026-09-18 06:50:00;1518.00;0.00
2026-09-18 06:55:00;1518.00;0.00
2026-09-18 07:00:00;1517.00;0.00
2026-09-18 07:05:00;1517.00;0.00
2026-09-18 07:10:00;1521.00;0.00
2026-09-18 07:15:00;1523.00;0.00
2026-09-18 07:20:00;1523.00;0.00
2026-09-18 07:25:00;1523.00;0.00
2026-09-18 07:30:00;1523.00;0.00
2026-09-18 07:35:00;1523.00;0.00
2026-09-18 07:40:00;1523.00;0.00
2026-09-18 07:45:00;1524.00;0.00
2026-09-18 07:50:00;1525.00;0.00
2026-09-18 07:55:00;1525.00;0.00
2026-09-18 08:00:00;1529.00;0.00
2026-09-18 08:05:00;1529.00;0.00
2026-09-18 08:10:00;1529.00;0.00
2026-09-18 08:15:00;1529.00;0.00
2026-09-18 08:20:00;1529.00;0.00
2026-09-18 08:25:00;1529.00;0.00
2026-09-18 08:30:00;1529.00;0.00
2026-09-18 08:35:00;1531.00;0.00
2026-09-18 08:40:00;1533.00;0.00
2026-09-18 08:45:00;1533.00;0.00
2026-09-18 08:50:00;1532.00;0.00
2026-09-18 08:55:00;1533.00;0.00
2026-09-18 09:00:00;1532.00;0.00
2026-09-18 09:05:00;1531.00;0.00
2026-09-18 09:10:00;1528.00;0.00
2026-09-18 09:15:00;1520.00;0.00
2026-09-18 09:20:00;1525.00;0.00
2026-09-18 09:25:00;1520.00;0.00
2026-09-18 09:30:00;1521.00;0.00
2026-09-18 09:35:00;1524.00;0.00
2026-09-18 09:40:00;1524.00;0.00
2026-09-18 09:45:00;1527.00;0.00
2026-09-18 09:50:00;1529.00;0.00
2026-09-18 09:55:00;1528.00;0.00
2026-09-18 10:00:00;1521.00;0.00
2026-09-18 10:05:00;1520.00;0.00
2026-09-18 10:10:00;1519.00;0.00
2026-09-18 10:15:00;1518.00;0.00
2026-09-18 10:20:00;1526.00;0.00
2026-09-18 10:25:00;1528.00;0.00
2026-09-18 10:30:00;1523.00;0.00
2026-09-18 10:35:00;1525.00;0.00
2026-09-18 10:40:00;1529.00;0.00
2026-09-18 10:45:00;1530.00;0.00
2026-09-18 10:50:00;1527.00;0.00
2026-09-18 10:55:00;1524.00;0.00
2026-09-18 11:00:00;1520.00;0.00
2026-09-18 11:05:00;1526.00;0.00
2026-09-18 11:10:00;1520.00;0.00
2026-09-18 11:15:00;1524.00;0.00
2026-09-18 11:20:00;1527.00;0.00
2026-09-18 11:25:00;1527.00;0.00
2026-09-18 11:30:00;1527.00;0.00
2026-09-18 11:35:00;1525.00;0.00
2026-09-18 11:40:00;1524.00;0.00
2026-09-18 11:45:00;1517.00;0.00
2026-09-18 11:50:00;1520.00;0.00
2026-09-18 11:55:00;1517.00;0.00
2026-09-18 12:00:00;1513.00;0.00
2026-09-18 12:05:00;1517.00;0.00
2026-09-18 12:10:00;1519.00;0.00
2026-09-18 12:15:00;1522.00;0.00
2026-09-18 12:20:00;1524.00;0.00
2026-09-18 12:25:00;1518.00;0.00
2026-09-18 12:30:00;1516.00;0.00
2026-09-18 12:35:00;1513.00;0.00
2026-09-18 12:40:00;1518.00;0.00
2026-09-18 12:45:00;1518.00;0.00
2026-09-18 12:50:00;1522.00;0.00
2026-09-18 12:55:00;1520.00;0.00
2026-09-18 13:00:00;1515.00;0.00
2026-09-18 13:05:00;1510.00;0.00
2026-09-18 13:10:00;1514.00;0.00
2026-09-18 13:15:00;1515.00;0.00
2026-09-18 13:20:00;1519.00;0.00
2026-09-18 13:25:00;1514.00;0.00
2026-09-18 13:30:00;1511.00;0.00
2026-09-18 13:35:00;1512.00;0.00
2026-09-18 13:40:00;1512.00;0.00
2026-09-18 13:45:00;1514.00;0.00
2026-09-18 13:50:00;1511.00;0.00
2026-09-18 13:55:00;1512.00;0.00
2026-09-18 14:00:00;1505.00;0.00
2026-09-18 14:05:00;1505.00;0.00
2026-09-18 14:10:00;1510.00;0.00
2026-09-18 14:15:00;1502.00;0.00
2026-09-18 14:20:00;1503.00;0.00
2026-09-18 14:25:00;1503.00;0.00
2026-09-18 14:30:00;1506.00;0.00
2026-09-18 14:35:00;1505.00;0.00
2026-09-18 14:40:00;1504.00;0.00
2026-09-18 14:45:00;1502.00;0.00
2026-09-18 14:50:00;1505.00;0.00
2026-09-18 14:55:00;1508.00;0.00
2026-09-18 15:00:00;1499.00;0.00
2026-09-18 15:05:00;1498.00;0.00
2026-09-18 15:10:00;1505.00;0.00
2026-09-18 15:15:00;1501.00;0.00
2026-09-18 15:20:00;1508.00;0.00
2026-09-18 15:25:00;1504.00;0.00
2026-09-18 15:30:00;1505.00;0.00
2026-09-18 15:35:00;1500.00;0.00
2026-09-18 15:40:00;1505.00;0.00
2026-09-18 15:45:00;1508.00;0.00
2026-09-18 15:50:00;1511.00;0.00
2026-09-18 15:55:00;1505.00;0.00
2026-09-18 16:00:00;1503.00;0.00
2026-09-18 16:05:00;1501.00;0.00
2026-09-18 16:10:00;1494.00;0.00
2026-09-18 16:15:00;1496.00;0.00
2026-09-18 16:20:00;1494.00;0.00
2026-09-18 16:25:00;1494.00;0.00
2026-09-18 16:30:00;1493.00;0.00
2026-09-18 16:35:00;1491.00;0.00
2026-09-18 16:40:00;1496.00;0.00
2026-09-18 16:45:00;1494.00;0.00
2026-09-18 16:50:00;1490.00;0.00
2026-09-18 16:55:00;1494.00;0.00
2026-09-18 17:00:00;1491.00;0.00
2026-09-18 17:05:00;1489.00;0.00
2026-09-18 17:10:00;1491.00;0.00
2026-09-18 17:15:00;1493.00;0.00
2026-09-18 17:20:00;1493.00;0.00
2026-09-18 17:25:00;1489.00;0.00
2026-09-18 17:30:00;1490.00;0.00
2026-09-18 17:35:00;1494.00;0.00
2026-09-18 17:40:00;1498.00;0.00
2026-09-18 17:45:00;1495.00;0.00
2026-09-18 17:50:00;1495.00;0.00
2026-09-18 17:55:00;1491.00;0.00
2026-09-18 18:00:00;1493.00;0.00
2026-09-18 18:05:00;1500.00;0.00
2026-09-18 18:10:00;1501.00;0.00
2026-09-18 18:15:00;1498.00;0.00
2026-09-18 18:20:00;1492.00;0.00
2026-09-18 18:25:00;1495.00;0.00
2026-09-18 18:30:00;1495.00;0.00
2026-09-18 18:35:00;1495.00;0.00
2026-09-18 18:40:00;1497.00;0.00
2026-09-18 18:45:00;1497.00;0.00
2026-09-18 18:50:00;1497.00;0.00
2026-09-18 18:55:00;1497.00;0.00
2026-09-18 19:00:00;1497.00;0.00
2026-09-18 19:05:00;1497.00;0.00
2026-09-18 19:10:00;;0.00
2026-09-18 19:15:00;1493.00;0.00
2026-09-18 19:20:00;1493.00;0.00
2026-09-18 19:25:00;1493.00;0.00
2026-09-18 19:30:00;1493.00;0.00
2026-09-18 19:35:00;1493.00;0.00
2026-09-18 19:40:00;1493.00;0.00
2026-09-18 19:45:00;1493.00;0.00
2026-09-18 19:50:00;1493.00;0.00
2026-09-18 19:55:00;1493.00;0.00
2026-09-18 20:00:00;1493.00;0.00
2026-09-18 20:05:00;1493.00;0.00
2026-09-18 20:10:00;1493.00;0.00
2026-09-18 20:15:00;1493.00;0.00
2026-09-18 20:20:00;1493.00;0.00
2026-09-18 20:25:00;1493.00;0.00
2026-09-18 20:30:00;1493.00;0.00
2026-09-18 20:35:00;1493.00;0.00
2026-09-18 20:40:00;1493.00;0.00
2026-09-18 20:45:00;1493.00;0.00
2026-09-18 20:50:00;1493.00;0.00
2026-09-18 20:55:00;1493.00;0.00
2026-09-18 21:00:00;1493.00;0.00
2026-09-18 21:05:00;1493.00;0.00
2026-09-18 21:10:00;1493.00;0.00
2026-09-18 21:15:00;1493.00;0.00
2026-09-18 21:20:00;1493.00;0.00
2026-09-18 21:25:00;1493.00;0.00
2026-09-18 21:30:00;1493.00;0.00
2026-09-18 21:35:00;1493.00;0.00
2026-09-18 21:40:00;1493.00;0.00
2026-09-18 21:45:00;1493.00;0.00
2026-09-18 21:50:00;1493.00;0.00
2026-09-18 21:55:00;1493.00;0.00
2026-09-18 22:00:00;1493.00;0.00
2026-09-18 22:05:00;1493.00;0.00
2026-09-18 22:10:00;1493.00;0.00
2026-09-18 22:15:00;1493.00;0.00
2026-09-18 22:20:00;1493.00;0.00
2026-09-18 22:25:00;1493.00;0.00
2026-09-18 22:30:00;1493.00;0.00
2026-09-18 22:35:00;1493.00;0.00
2026-09-18 22:40:00;1493.00;0.00
2026-09-18 22:45:00;1493.00;0.00
2026-09-18 22:50:00;1493.00;0.00
2026-09-18 22:55:00;1487.00;0.00
2026-09-18 23:00:00;1474.00;0.00
2026-09-18 23:05:00;1467.00;0.00
2026-09-18 23:10:00;1467.00;0.00
2026-09-18 23:15:00;1467.00;0.00
2026-09-18 23:20:00;1465.00;0.00
2026-09-18 23:25:00;1465.00;0.00
2026-09-18 23:30:00;1465.00;0.00
2026-09-18 23:35:00;1465.00;0.00
2026-09-18 23:40:00;1465.00;0.00
2026-09-18 23:45:00;1465.00;0.00
2026-09-18 23:50:00;1465.00;0.00
2026-09-18 23:55:00;1465.00;0.00
2026-09-19 00:00:00;1465.00;0.00
2026-09-19 00:05:00;1465.00;0.00
2026-09-19 00:10:00;1465.00;0.00
2026-09-19 00:15:00;1465.00;0.00
2026-09-19 00:20:00;1465.00;0.00
2026-09-19 00:25:00;1464.00;0.00
2026-09-19 00:30:00;1460.00;0.00
2026-09-19 00:35:00;1453.00;0.00
2026-09-19 00:40:00;1451.00;0.00
2026-09-19 00:45:00;1443.00;0.00
2026-09-19 00:50:00;1442.00;0.00
2026-09-19 00:55:00;1442.00;0.00
2026-09-19 01:00:00;1441.00;0.00
2026-09-19 01:05:00;1444.00;0.00
2026-09-19 01:10:00;1443.00;0.00
2026-09-19 01:15:00;1440.00;0.00
2026-09-19 01:20:00;1440.00;0.00
2026-09-19 01:25:00;1442.00;0.00
2026-09-19 01:30:00;1441.00;0.00
2026-09-19 01:35:00;1442.00;0.00
2026-09-19 01:40:00;1442.00;0.00
2026-09-19 01:45:00;1443.00;0.00
2026-09-19 01:50:00;1439.00;0.00
2026-09-19 01:55:00;1438.00;0.00
2026-09-19 02:00:00;1440.00;0.00
2026-09-19 02:05:00;1439.00;0.00
2026-09-19 02:10:00;1435.00;0.00
2026-09-19 02:15:00;1438.00;0.00
2026-09-19 02:20:00;1428.00;0.00
2026-09-19 02:25:00;1434.00;0.00
2026-09-19 02:30:00;1434.00;0.00
2026-09-19 02:35:00;1438.00;0.00
2026-09-19 02:40:00;1436.00;0.00
2026-09-19 02:45:00;1431.00;0.00
2026-09-19 02:50:00;1434.00;0.00
2026-09-19 02:55:00;1436.00;0.00
2026-09-19 03:00:00;1441.00;0.00
2026-09-19 03:05:00;1431.00;0.00
2026-09-19 03:10:00;1433.00;0.00
2026-09-19 03:15:00;1437.00;0.00
2026-09-19 03:20:00;1433.00;0.00
2026-09-19 03:30:00;1434.00;0.00
2026-09-19 03:35:00;1434.00;0.00
2026-09-19 03:40:00;1432.00;0.00
2026-09-19 03:45:00;1427.00;0.00
2026-09-19 03:50:00;1429.00;0.00
2026-09-19 03:55:00;1435.00;0.00
2026-09-19 04:00:00;1435.00;0.00
2026-09-19 04:05:00;1436.00;0.00
2026-09-19 04:10:00;1439.00;0.00
2026-09-19 04:15:00;1435.00;0.00
2026-09-19 04:20:00;1432.00;0.00
2026-09-19 04:25:00;1429.00;0.00
2026-09-19 04:30:00;1427.00;0.00
2026-09-19 04:35:00;1427.00;0.00
2026-09-19 04:40:00;1430.00;0.00
2026-09-19 04:45:00;1430.00;0.00
2026-09-19 04:50:00;1430.00;0.00
2026-09-19 04:55:00;1430.00;0.00
2026-09-19 05:00:00;1430.00;0.00
2026-09-19 05:05:00;1430.00;0.00
2026-09-19 05:10:00;1430.00;0.00
2026-09-19 05:15:00;1430.00;0.00
2026-09-19 05:20:00;1436.00;0.00
2026-09-19 05:25:00;1442.00;0.00
2026-09-19 05:30:00;1442.00;0.00
2026-09-19 05:35:00;1442.00;0.00
2026-09-19 05:40:00;1442.00;0.00
2026-09-19 05:45:00;1461.00;0.00
2026-09-19 05:50:00;1464.00;0.00
2026-09-19 05:55:00;1464.00;0.00
2026-09-19 06:00:00;1464.00;0.00
2026-09-19 06:05:00;1464.00;0.00
2026-09-19 06:10:00;1464.00;0.00
2026-09-19 06:15:00;1464.00;0.00
2026-09-19 06:20:00;1464.00;0.00
2026-09-19 06:25:00;1464.00;0.00
2026-09-19 06:30:00;1466.00;0.00
2026-09-19 06:35:00;1466.00;0.00
2026-09-19 06:40:00;1466.00;0.00
2026-09-19 06:45:00;1466.00;0.00
2026-09-19 06:50:00;1466.00;0.00
2026-09-19 06:55:00;1466.00;0.00
2026-09-19 07:00:00;1466.00;0.00
2026-09-19 07:05:00;1466.00;0.00
2026-09-19 07:10:00;1466.00;0.00
2026-09-19 07:15:00;1466.00;0.00
2026-09-19 07:20:00;1466.00;0.00
2026-09-19 07:25:00;1466.00;0.00
2026-09-19 07:30:00;1466.00;0.00
2026-09-19 07:35:00;1466.00;0.00
2026-09-19 07:40:00;1466.00;0.00
2026-09-19 07:45:00;1466.00;0.00
2026-09-19 07:50:00;1466.00;0.00
2026-09-19 07:55:00;1466.00;0.00
2026-09-19 08:00:00;1466.00;0.00
2026-09-19 08:05:00;1466.00;0.00
2026-09-19 08:10:00;1466.00;0.00
2026-09-19 08:15:00;1474.00;0.00
2026-09-19 08:20:00;1475.00;0.00
2026-09-19 08:25:00;1475.00;0.00
2026-09-19 08:30:00;1477.00;0.00
2026-09-19 08:35:00;1493.00;0.00
2026-09-19 08:40:00;1496.00;0.00
2026-09-19 08:45:00;1507.00;0.00
2026-09-19 08:50:00;1499.00;0.00
2026-09-19 08:55:00;1500.00;0.00
2026-09-19 09:00:00;1497.00;0.00
2026-09-19 09:05:00;1504.00;0.00
2026-09-19 09:10:00;1501.00;0.00
2026-09-19 09:15:00;1498.00;0.00
2026-09-19 09:20:00;1498.00;0.00
2026-09-19 09:25:00;1504.00;0.00
2026-09-19 09:30:00;1504.00;0.00
2026-09-19 09:35:00;1505.00;0.00
2026-09-19 09:40:00;1503.00;0.00
2026-09-19 09:45:00;1505.00;0.00
2026-09-19 09:50:00;1508.00;0.00
2026-09-19 09:55:00;1510.00;0.00
2026-09-19 10:00:00;1513.00;0.00
2026-09-19 10:05:00;1513.00;0.00
2026-09-19 10:10:00;1514.00;0.20
2026-09-19 10:15:00;1513.00;0.00
2026-09-19 10:20:00;1511.00;0.00
2026-09-19 10:25:00;1513.00;0.00
2026-09-19 10:30:00;1514.00;0.00
2026-09-19 10:35:00;1514.00;0.00
2026-09-19 10:40:00;1514.00;0.00
2026-09-19 10:45:00;1513.00;0.00
2026-09-19 10:50:00;1514.00;0.00
2026-09-19 10:55:00;1514.00;0.00
2026-09-19 11:00:00;1513.00;0.00
2026-09-19 11:05:00;1512.00;0.00
2026-09-19 11:10:00;1511.00;0.00
2026-09-19 11:15:00;1514.00;0.00
2026-09-19 11:20:00;1513.00;0.00
2026-09-19 11:25:00;1513.00;0.00
2026-09-19 11:30:00;1513.00;0.00
2026-09-19 11:35:00;1513.00;0.00
2026-09-19 11:40:00;1514.00;0.00
2026-09-19 11:45:00;1510.00;0.00
2026-09-19 11:50:00;1511.00;0.00
2026-09-19 11:55:00;1511.00;0.00
2026-09-19 12:00:00;1510.00;0.00
2026-09-19 12:05:00;1513.00;0.00
2026-09-19 12:10:00;1513.00;0.00
2026-09-19 12:15:00;1513.00;0.00
2026-09-19 12:20:00;1513.00;0.00
2026-09-19 12:25:00;1512.00;0.00
2026-09-19 12:30:00;1513.00;0.00
2026-09-19 12:35:00;1510.00;0.00
2026-09-19 12:40:00;1509.00;0.00
2026-09-19 12:45:00;1509.00;0.00
2026-09-19 12:50:00;1509.00;0.00
2026-09-19 12:55:00;1512.00;0.00
2026-09-19 13:00:00;1512.00;0.00
2026-09-19 13:05:00;1511.00;0.00
2026-09-19 13:10:00;1509.00;0.00
2026-09-19 13:15:00;1507.00;0.00
2026-09-19 13:20:00;1504.00;0.00
2026-09-19 13:25:00;1504.00;0.00
2026-09-19 13:30:00;1504.00;0.00
2026-09-19 13:35:00;1504.00;0.00
2026-09-19 13:40:00;1505.00;0.00
2026-09-19 13:45:00;1503.00;0.00
2026-09-19 13:50:00;1502.00;0.00
2026-09-19 13:55:00;1504.00;0.00
2026-09-19 14:00:00;1509.00;0.00
2026-09-19 14:05:00;1507.00;0.00
2026-09-19 14:10:00;1507.00;0.00
2026-09-19 14:15:00;1503.00;0.00
2026-09-19 14:20:00;1507.00;0.00
2026-09-19 14:25:00;1498.00;0.00
2026-09-19 14:30:00;1501.00;0.00
2026-09-19 14:35:00;1500.00;0.00
2026-09-19 14:40:00;1496.00;0.00
2026-09-19 14:45:00;1500.00;0.00
2026-09-19 14:50:00;1495.00;0.00
2026-09-19 14:55:00;1496.00;0.00
2026-09-19 15:00:00;1497.00;0.00
2026-09-19 15:05:00;1498.00;0.00
2026-09-19 15:10:00;1499.00;0.00
2026-09-19 15:15:00;1493.00;0.00
2026-09-19 15:20:00;1496.00;0.00
2026-09-19 15:25:00;1493.00;0.00
2026-09-19 15:30:00;1497.00;0.00
2026-09-19 15:35:00;1498.00;0.00
2026-09-19 15:40:00;1497.00;0.00
2026-09-19 15:45:00;1492.00;0.00
2026-09-19 15:50:00;1490.00;0.00
2026-09-19 15:55:00;1496.00;0.00
2026-09-19 16:00:00;1492.00;0.00
2026-09-19 16:05:00;1492.00;0.00
2026-09-19 16:10:00;1494.00;0.00
2026-09-19 16:15:00;1500.00;0.00
2026-09-19 16:20:00;1501.00;0.00
2026-09-19 16:25:00;1500.00;0.00
2026-09-19 16:30:00;1501.00;0.00
2026-09-19 16:35:00;1500.00;0.00
2026-09-19 16:40:00;1502.00;0.00
2026-09-19 16:45:00;1502.00;0.00
2026-09-19 16:50:00;1502.00;0.00
2026-09-19 16:55:00;1502.00;0.00
2026-09-19 17:00:00;1502.00;0.00
2026-09-19 17:05:00;1502.00;0.00
2026-09-19 17:10:00;1494.00;0.00
2026-09-19 17:15:00;1492.00;0.00
2026-09-19 17:20:00;1489.00;0.00
2026-09-19 17:25:00;1490.00;0.00
2026-09-19 17:30:00;1491.00;0.00
2026-09-19 17:35:00;1493.00;0.00
2026-09-19 17:40:00;1494.00;0.00
2026-09-19 17:45:00;1492.00;0.00
2026-09-19 17:50:00;1494.00;0.00
2026-09-19 17:55:00;1489.00;0.00
2026-09-19 18:00:00;1480.00;0.00
2026-09-19 18:05:00;1484.00;0.00
2026-09-19 18:10:00;1482.00;0.00
2026-09-19 18:15:00;1481.00;0.00
2026-09-19 18:20:00;1487.00;0.00
2026-09-19 18:25:00;1491.00;0.00
2026-09-19 18:30:00;1489.00;0.00
2026-09-19 18:35:00;1484.00;0.00
2026-09-19 18:40:00;1483.00;0.00
2026-09-19 18:45:00;1485.00;0.00
2026-09-19 18:50:00;1485.00;0.00
2026-09-19 18:55:00;1484.00;0.00
2026-09-19 19:00:00;1482.00;0.00
2026-09-19 19:05:00;1482.00;0.00
2026-09-19 19:10:00;1481.00;0.00
2026-09-19 19:15:00;1482.00;0.00
2026-09-19 19:20:00;1478.00;0.00
2026-09-19 19:25:00;1480.00;0.00
2026-09-19 19:30:00;1481.00;0.00
2026-09-19 19:35:00;1480.00;0.00
2026-09-19 19:40:00;1479.00;0.00
2026-09-19 19:45:00;1476.00;0.00
2026-09-19 19:50:00;1474.00;0.00
2026-09-19 19:55:00;1475.00;0.00
2026-09-19 20:00:00;1473.00;0.00
2026-09-19 20:05:00;1468.00;0.00
2026-09-19 20:10:00;1467.00;0.00
2026-09-19 20:15:00;1468.00;0.00
2026-09-19 20:20:00;1469.00;0.00
2026-09-19 20:25:00;1468.00;0.00
2026-09-19 20:30:00;1468.00;0.00
2026-09-19 20:35:00;1469.00;0.00
2026-09-19 20:40:00;1469.00;0.00
2026-09-19 20:45:00;1466.00;0.00
2026-09-19 20:50:00;1464.00;0.00
2026-09-19 20:55:00;1461.00;0.00
2026-09-19 21:00:00;1462.00;0.00
2026-09-19 21:05:00;1463.00;0.00
2026-09-19 21:10:00;1463.00;0.00
2026-09-19 21:15:00;1464.00;0.00
2026-09-19 21:20:00;1464.00;0.00
2026-09-19 21:25:00;1463.00;0.00
2026-09-19 21:30:00;1463.00;0.00
2026-09-19 21:35:00;1463.00;0.00
2026-09-19 21:40:00;1461.00;0.00
2026-09-19 21:45:00;1461.00;0.00
2026-09-19 21:50:00;1461.00;0.00
2026-09-19 21:55:00;1461.00;0.00
2026-09-19 22:00:00;1460.00;0.00
2026-09-19 22:05:00;1460.00;0.00
2026-09-19 22:10:00;1459.00;0.00
2026-09-19 22:15:00;1459.00;0.00
2026-09-19 22:20:00;1457.00;0.00
2026-09-19 22:25:00;1456.00;0.00
2026-09-19 22:30:00;1451.00;0.00
2026-09-19 22:35:00;1451.00;0.00
2026-09-19 22:40:00;1450.00;0.20
2026-09-19 22:45:00;1444.00;0.00
2026-09-19 22:50:00;1445.00;0.00
2026-09-19 22:55:00;1444.00;0.00
2026-09-19 23:00:00;1443.00;0.00
2026-09-19 23:05:00;1443.00;0.00
2026-09-19 23:10:00;1440.00;0.00
2026-09-19 23:15:00;1440.00;0.00
2026-09-19 23:20:00;1439.00;0.00
2026-09-19 23:25:00;1439.00;0.20
2026-09-19 23:30:00;1438.00;0.00
2026-09-19 23:35:00;1436.00;0.00
2026-09-19 23:40:00;1438.00;0.00
2026-09-19 23:45:00;1441.00;0.00
2026-09-19 23:50:00;1442.00;0.00
2026-09-19 23:55:00;1443.00;0.00
2026-09-20 00:00:00;1444.00;0.00
2026-09-20 00:05:00;1442.00;0.00
2026-09-20 00:10:00;1432.00;0.20
2026-09-20 00:15:00;1429.00;0.00
2026-09-20 00:20:00;1424.00;0.00
2026-09-20 00:25:00;1426.00;0.00
2026-09-20 00:30:00;1429.00;0.00
2026-09-20 00:35:00;1439.00;0.00
2026-09-20 00:40:00;1439.00;0.00
2026-09-20 00:45:00;1441.00;0.00
2026-09-20 00:50:00;1442.00;0.00
2026-09-20 00:55:00;1441.00;0.00
2026-09-20 01:00:00;1440.00;0.00
2026-09-20 01:05:00;1439.00;0.00
2026-09-20 01:10:00;1439.00;0.00
2026-09-20 01:15:00;1438.00;0.00
2026-09-20 01:20:00;1440.00;0.00
2026-09-20 01:25:00;1440.00;0.00
2026-09-20 01:30:00;1439.00;0.00
2026-09-20 01:35:00;1439.00;0.00
2026-09-20 01:40:00;1439.00;0.00
2026-09-20 01:45:00;1438.00;0.00
2026-09-20 01:50:00;1436.00;0.00
2026-09-20 01:55:00;1437.00;0.00
2026-09-20 02:00:00;1437.00;0.00
2026-09-20 02:05:00;1436.00;0.00
2026-09-20 02:10:00;1437.00;0.00
2026-09-20 02:15:00;1436.00;0.00
2026-09-20 02:20:00;1437.00;0.00
2026-09-20 02:25:00;1437.00;0.00
2026-09-20 02:30:00;1436.00;0.00
2026-09-20 02:35:00;1435.00;0.00
2026-09-20 02:40:00;1436.00;0.00
2026-09-20 02:45:00;1436.00;0.00
2026-09-20 02:50:00;1436.00;0.00
2026-09-20 02:55:00;1435.00;0.00
2026-09-20 03:00:00;1435.00;0.00
2026-09-20 03:05:00;1436.00;0.00
2026-09-20 03:10:00;1436.00;0.00
2026-09-20 03:15:00;1436.00;0.00
2026-09-20 03:20:00;1436.00;0.00
2026-09-20 03:25:00;1437.00;0.00
2026-09-20 03:30:00;1437.00;0.00
2026-09-20 03:35:00;1436.00;0.00
2026-09-20 03:40:00;1436.00;0.00
2026-09-20 03:45:00;1436.00;0.00
2026-09-20 03:50:00;1435.00;0.00
2026-09-20 03:55:00;1437.00;0.00
2026-09-20 04:00:00;1438.00;0.00
2026-09-20 04:05:00;1440.00;0.00
2026-09-20 04:10:00;1439.00;0.00
2026-09-20 04:15:00;1440.00;0.00
2026-09-20 04:20:00;1439.00;0.00
2026-09-20 04:25:00;1439.00;0.00
2026-09-20 04:30:00;1440.00;0.00
2026-09-20 04:35:00;1442.00;0.00
2026-09-20 04:40:00;1442.00;0.00
2026-09-20 04:45:00;1443.00;0.00
2026-09-20 04:50:00;1444.00;0.00
2026-09-20 04:55:00;1443.00;0.00
2026-09-20 05:00:00;1446.00;0.00
2026-09-20 05:05:00;1448.00;0.00
2026-09-20 05:10:00;1447.00;0.00
2026-09-20 05:15:00;1449.00;0.00
2026-09-20 05:20:00;1451.00;0.00
2026-09-20 05:25:00;1453.00;0.00
2026-09-20 05:30:00;1455.00;0.00
2026-09-20 05:35:00;1454.00;0.00
2026-09-20 05:40:00;1457.00;0.00
2026-09-20 05:45:00;1460.00;0.00
2026-09-20 05:50:00;1462.00;0.00
2026-09-20 05:55:00;1466.00;0.00
2026-09-20 06:00:00;1467.00;0.00
2026-09-20 06:05:00;1469.00;0.00
2026-09-20 06:10:00;1472.00;0.00
2026-09-20 06:15:00;1473.00;0.00
2026-09-20 06:20:00;1476.00;0.00
2026-09-20 06:25:00;1478.00;0.00
2026-09-20 06:30:00;1480.00;0.00
2026-09-20 06:35:00;1482.00;0.00
2026-09-20 06:40:00;1485.00;0.00
2026-09-20 06:45:00;1486.00;0.00
2026-09-20 06:50:00;1487.00;0.00
2026-09-20 06:55:00;1490.00;0.00
2026-09-20 07:00:00;1492.00;0.00
2026-09-20 07:05:00;1495.00;0.00
2026-09-20 07:10:00;1496.00;0.00
2026-09-20 07:15:00;1496.00;0.00
2026-09-20 07:20:00;1496.00;0.00
2026-09-20 07:25:00;1499.00;0.00
2026-09-20 07:30:00;1499.00;0.00
2026-09-20 07:35:00;1504.00;0.00
2026-09-20 07:40:00;1507.00;0.00
2026-09-20 07:45:00;1509.00;0.00
2026-09-20 07:50:00;1511.00;0.00
2026-09-20 07:55:00;1510.00;0.20
2026-09-20 08:00:00;1510.00;0.00
2026-09-20 08:05:00;1513.00;0.00
2026-09-20 08:10:00;1514.00;0.00
2026-09-20 08:15:00;1514.00;0.00
2026-09-20 08:20:00;1514.00;0.00
2026-09-20 08:25:00;1516.00;0.00
2026-09-20 08:30:00;1517.00;0.00
2026-09-20 08:35:00;1517.00;0.00
2026-09-20 08:40:00;1518.00;0.00
2026-09-20 08:45:00;1518.00;0.00
2026-09-20 08:50:00;1520.00;0.00
2026-09-20 08:55:00;1521.00;0.00
2026-09-20 09:00:00;1522.00;0.00
2026-09-20 09:05:00;1522.00;0.00
2026-09-20 09:10:00;1523.00;0.00
2026-09-20 09:15:00;1523.00;0.00
2026-09-20 09:20:00;1523.00;0.00
2026-09-20 09:25:00;1523.00;0.00
2026-09-20 09:30:00;1523.00;0.00
2026-09-20 09:35:00;1524.00;0.00
2026-09-20 09:40:00;1524.00;0.00
2026-09-20 09:45:00;1522.00;0.00
2026-09-20 09:50:00;1525.00;0.00
2026-09-20 09:55:00;1525.00;0.00
2026-09-20 10:00:00;1525.00;0.00
2026-09-20 10:05:00;1525.00;0.00
2026-09-20 10:10:00;1525.00;0.00
2026-09-20 10:15:00;1524.00;0.00
2026-09-20 10:20:00;1524.00;0.00
2026-09-20 10:25:00;1525.00;0.00
2026-09-20 10:30:00;1525.00;0.00
2026-09-20 10:35:00;1525.00;0.00
2026-09-20 10:40:00;1525.00;0.00
2026-09-20 10:45:00;1525.00;0.00
2026-09-20 10:50:00;1525.00;0.00
2026-09-20 10:55:00;1525.00;0.00
2026-09-20 11:00:00;1524.00;0.00
2026-09-20 11:05:00;1523.00;0.00
2026-09-20 11:10:00;1525.00;0.00
2026-09-20 11:15:00;1525.00;0.00
2026-09-20 11:20:00;1525.00;0.00
2026-09-20 11:25:00;1525.00;0.00
2026-09-20 11:30:00;1525.00;0.00
2026-09-20 11:35:00;1525.00;0.00
2026-09-20 11:40:00;1525.00;0.00
2026-09-20 11:45:00;1526.00;0.00
2026-09-20 11:50:00;1527.00;0.00
2026-09-20 11:55:00;1527.00;0.00
2026-09-20 12:00:00;1527.00;0.00
2026-09-20 12:05:00;1527.00;0.00
2026-09-20 12:10:00;1527.00;0.00
2026-09-20 12:15:00;1517.00;0.00
2026-09-20 12:20:00;1515.00;0.00
2026-09-20 12:25:00;1511.00;0.00
2026-09-20 12:30:00;1510.00;0.00
2026-09-20 12:35:00;1507.00;0.00
2026-09-20 12:40:00;1509.00;0.00
2026-09-20 12:45:00;1509.00;0.00
2026-09-20 12:50:00;1508.00;0.00
2026-09-20 12:55:00;1512.00;0.00
2026-09-20 13:00:00;1519.00;0.00
2026-09-20 13:05:00;1520.00;0.00
2026-09-20 13:10:00;1522.00;0.00
2026-09-20 13:15:00;1523.00;0.00
2026-09-20 13:20:00;1521.00;0.00
2026-09-20 13:25:00;1509.00;0.00
2026-09-20 13:30:00;1505.00;0.00
2026-09-20 13:35:00;1508.00;0.00
2026-09-20 13:40:00;1509.00;0.00
2026-09-20 13:45:00;1504.00;0.00
2026-09-20 13:50:00;1504.00;0.00
2026-09-20 13:55:00;1510.00;0.00
2026-09-20 14:00:00;1510.00;0.00
2026-09-20 14:05:00;1509.00;0.00
2026-09-20 14:10:00;1504.00;0.00
2026-09-20 14:15:00;1507.00;0.00
2026-09-20 14:20:00;1510.00;0.00
2026-09-20 14:25:00;1505.00;0.00
2026-09-20 14:30:00;1508.00;0.00
2026-09-20 14:35:00;1511.00;0.00
2026-09-20 14:40:00;1511.00;0.00
2026-09-20 14:45:00;1509.00;0.00
2026-09-20 14:50:00;1514.00;0.00
2026-09-20 14:55:00;1509.00;0.00
2026-09-20 15:00:00;1514.00;0.00
2026-09-20 15:05:00;1517.00;0.00
2026-09-20 15:10:00;1513.00;0.00
2026-09-20 15:15:00;1514.00;0.00
2026-09-20 15:20:00;1514.00;0.00
2026-09-20 15:25:00;1518.00;0.00
2026-09-20 15:30:00;1518.00;0.00
2026-09-20 15:35:00;1519.00;0.00
2026-09-20 15:40:00;1510.00;0.00
2026-09-20 15:45:00;1514.00;0.00
2026-09-20 15:50:00;1510.00;0.00
2026-09-20 15:55:00;1514.00;0.00
2026-09-20 16:00:00;1516.00;0.00
2026-09-20 16:05:00;1512.00;0.00
2026-09-20 16:10:00;1513.00;0.00
2026-09-20 16:15:00;1514.00;0.00
2026-09-20 16:20:00;1515.00;0.00
2026-09-20 16:25:00;1515.00;0.00
2026-09-20 16:30:00;1513.00;0.00
2026-09-20 16:35:00;1516.00;0.00
2026-09-20 16:40:00;1516.00;0.00
2026-09-20 16:45:00;1517.00;0.00
2026-09-20 16:50:00;1516.00;0.00
2026-09-20 16:55:00;1517.00;0.00
2026-09-20 17:00:00;1517.00;0.00
2026-09-20 17:05:00;1517.00;0.00
2026-09-20 17:10:00;1517.00;0.00
2026-09-20 17:15:00;1517.00;0.00
2026-09-20 17:20:00;1517.00;0.00
2026-09-20 17:25:00;1517.00;0.00
2026-09-20 17:30:00;1517.00;0.00
2026-09-20 17:35:00;1517.00;0.00
2026-09-20 17:40:00;1517.00;0.00
2026-09-20 17:45:00;1517.00;0.00
2026-09-20 17:50:00;1517.00;0.00
2026-09-20 17:55:00;1517.00;0.00
2026-09-20 18:00:00;1517.00;0.00
2026-09-20 18:05:00;1517.00;0.00
2026-09-20 18:10:00;1517.00;0.00
2026-09-20 18:15:00;1517.00;0.00
2026-09-20 18:20:00;1514.00;0.00
2026-09-20 18:25:00;1511.00;0.00
2026-09-20 18:30:00;1511.00;0.00
2026-09-20 18:35:00;1511.00;0.00
2026-09-20 18:40:00;1511.00;0.00
2026-09-20 18:45:00;1511.00;0.00
2026-09-20 18:50:00;1511.00;0.00
2026-09-20 18:55:00;1511.00;0.00
2026-09-20 19:00:00;1511.00;0.00
2026-09-20 19:05:00;1510.00;0.00
2026-09-20 19:10:00;1509.00;0.00
2026-09-20 19:15:00;1509.00;0.00
2026-09-20 19:20:00;1509.00;0.00
2026-09-20 19:25:00;1509.00;0.00
2026-09-20 19:30:00;1509.00;0.00
2026-09-20 19:35:00;1509.00;0.00
2026-09-20 19:40:00;1509.00;0.00
2026-09-20 19:45:00;1509.00;0.00
2026-09-20 19:50:00;1509.00;0.00
2026-09-20 19:55:00;1509.00;0.00
2026-09-20 20:00:00;1501.00;0.00
2026-09-20 20:05:00;1497.00;0.00
2026-09-20 20:10:00;1497.00;0.00
2026-09-20 20:15:00;1497.00;0.00
2026-09-20 20:20:00;1497.00;0.00
2026-09-20 20:25:00;1491.00;0.00
2026-09-20 20:30:00;1489.00;0.00
2026-09-20 20:35:00;1489.00;0.00
2026-09-20 20:40:00;1490.00;0.00
2026-09-20 20:45:00;1490.00;0.00
2026-09-20 20:50:00;1491.00;0.00
2026-09-20 20:55:00;1497.00;0.00
2026-09-20 21:00:00;1501.00;0.00
2026-09-20 21:05:00;1501.00;0.00
2026-09-20 21:10:00;1501.00;0.00
2026-09-20 21:15:00;1501.00;0.00
2026-09-20 21:20:00;1501.00;0.00
2026-09-20 21:25:00;1501.00;0.00
2026-09-20 21:30:00;1501.00;0.00
2026-09-20 21:35:00;1501.00;0.00
2026-09-20 21:40:00;1501.00;0.00
2026-09-20 21:45:00;1501.00;0.00
2026-09-20 21:50:00;1501.00;0.00
2026-09-20 21:55:00;1501.00;0.00
2026-09-20 22:00:00;1501.00;0.00
2026-09-20 22:05:00;1501.00;0.00
2026-09-20 22:10:00;1501.00;0.00
2026-09-20 22:15:00;1501.00;0.00
2026-09-20 22:20:00;1501.00;0.00
2026-09-20 22:25:00;1501.00;0.00
2026-09-20 22:30:00;1501.00;0.00
2026-09-20 22:35:00;1501.00;0.00
2026-09-20 22:40:00;1501.00;0.00
2026-09-20 22:45:00;1501.00;0.00
2026-09-20 22:50:00;1500.00;0.00
2026-09-20 22:55:00;1500.00;0.00
2026-09-20 23:00:00;1500.00;0.00
2026-09-20 23:05:00;1500.00;0.00
2026-09-20 23:10:00;1500.00;0.00
2026-09-20 23:15:00;1500.00;0.00
2026-09-20 23:20:00;1500.00;0.00
2026-09-20 23:25:00;1500.00;0.00
2026-09-20 23:30:00;1500.00;0.00
2026-09-20 23:35:00;1500.00;0.00
2026-09-20 23:40:00;1500.00;0.00
2026-09-20 23:45:00;1500.00;0.00
2026-09-20 23:50:00;1500.00;0.00
2026-09-20 23:55:00;1500.00;0.00
2026-09-21 00:00:00;1500.00;0.00
2026-09-21 00:05:00;1500.00;0.00
2026-09-21 00:10:00;1500.00;0.00
2026-09-21 00:15:00;1500.00;0.00
2026-09-21 00:20:00;1500.00;0.00
2026-09-21 00:25:00;1500.00;0.00
2026-09-21 00:30:00;1500.00;0.00
2026-09-21 00:35:00;1500.00;0.00
2026-09-21 00:40:00;1500.00;0.00
2026-09-21 00:45:00;1500.00;0.00
2026-09-21 00:50:00;1500.00;0.00
2026-09-21 00:55:00;1500.00;0.00
2026-09-21 01:00:00;1500.00;0.00
2026-09-21 01:05:00;1500.00;0.00
2026-09-21 01:10:00;1500.00;0.00
2026-09-21 01:15:00;1495.00;0.00
2026-09-21 01:20:00;1478.00;0.00
2026-09-21 01:25:00;1478.00;0.00
2026-09-21 01:30:00;1478.00;0.00
2026-09-21 01:35:00;1476.00;0.00
2026-09-21 01:40:00;1478.00;0.00
2026-09-21 01:45:00;1477.00;0.00
2026-09-21 01:50:00;1478.00;0.00
2026-09-21 01:55:00;1476.00;0.00
2026-09-21 02:00:00;1478.00;0.00
2026-09-21 02:05:00;1477.00;0.00
2026-09-21 02:10:00;1480.00;0.00
2026-09-21 02:15:00;1482.00;0.00
2026-09-21 02:20:00;1482.00;0.00
2026-09-21 02:25:00;1483.00;0.00
2026-09-21 02:30:00;1483.00;0.00
2026-09-21 02:35:00;1483.00;0.00
2026-09-21 02:40:00;1482.00;0.00
2026-09-21 02:45:00;1476.00;0.00
2026-09-21 02:50:00;1476.00;0.00
2026-09-21 02:55:00;1476.00;0.00
2026-09-21 03:00:00;1478.00;0.00
2026-09-21 03:05:00;1483.00;0.00
2026-09-21 03:10:00;1482.00;0.00
2026-09-21 03:15:00;1477.00;0.00
2026-09-21 03:20:00;1481.00;0.00
2026-09-21 03:25:00;1477.00;0.00
2026-09-21 03:30:00;1486.00;0.00
2026-09-21 03:35:00;1487.00;0.00
2026-09-21 03:40:00;1490.00;0.00
2026-09-21 03:45:00;1492.00;0.00
2026-09-21 03:50:00;1495.00;0.00
2026-09-21 03:55:00;1488.00;0.00
2026-09-21 04:00:00;1493.00;0.00
2026-09-21 04:05:00;1490.00;0.00
2026-09-21 04:10:00;1497.00;0.00
2026-09-21 04:15:00;1502.00;0.00
2026-09-21 04:20:00;1506.00;0.00
2026-09-21 04:25:00;1495.00;0.40
2026-09-21 04:30:00;1497.00;12.60
2026-09-21 04:35:00;1507.00;0.00
2026-09-21 04:40:00;1508.00;0.60
2026-09-21 04:45:00;1515.00;0.20
2026-09-21 04:50:00;1511.00;4.60
2026-09-21 04:55:00;1503.00;7.10
2026-09-21 05:00:00;1500.00;1.40
2026-09-21 05:05:00;1504.00;1.80
2026-09-21 05:10:00;1509.00;3.20
2026-09-21 05:15:00;1511.00;1.60
2026-09-21 05:20:00;1515.00;9.60
2026-09-21 05:25:00;1519.00;8.80
2026-09-21 05:30:00;1528.00;1.40
2026-09-21 05:35:00;1535.00;0.60
2026-09-21 05:40:00;1537.00;0.20
2026-09-21 05:45:00;1540.00;0.60
2026-09-21 05:50:00;1541.00;0.40
2026-09-21 05:55:00;1549.00;0.20
2026-09-21 06:00:00;1548.00;0.20
2026-09-21 06:05:00;1554.00;0.20
2026-09-21 06:10:00;1549.00;0.00
2026-09-21 06:15:00;1553.00;0.20
2026-09-21 06:20:00;1556.00;0.20
2026-09-21 06:25:00;1556.00;0.00
2026-09-21 06:30:00;1557.00;0.20
2026-09-21 06:35:00;1560.00;0.00
2026-09-21 06:40:00;1560.00;0.20
2026-09-21 06:45:00;1562.00;0.20
2026-09-21 06:50:00;1561.00;0.40
2026-09-21 06:55:00;1566.00;0.00
2026-09-21 07:00:00;1566.00;0.20
2026-09-21 07:05:00;1568.00;0.20
2026-09-21 07:10:00;1572.00;0.20
2026-09-21 07:15:00;1575.00;0.00
2026-09-21 07:20:00;1576.00;0.20
2026-09-21 07:25:00;1581.00;0.00
2026-09-21 07:30:00;1585.00;0.20
2026-09-21 07:35:00;1587.00;0.00
2026-09-21 07:40:00;1590.00;0.00
2026-09-21 07:45:00;1594.00;0.20
2026-09-21 07:50:00;1598.00;0.00
2026-09-21 07:55:00;1599.00;0.00
2026-09-21 08:00:00;1600.00;0.20
2026-09-21 08:05:00;1602.00;0.00
2026-09-21 08:10:00;1606.00;0.00
2026-09-21 08:15:00;1607.00;0.20
2026-09-21 08:20:00;1607.00;0.00
2026-09-21 08:25:00;1609.00;0.00
2026-09-21 08:30:00;1612.00;0.00
2026-09-21 08:35:00;1614.00;0.20
2026-09-21 08:40:00;1618.00;0.00
2026-09-21 08:45:00;1623.00;0.20
2026-09-21 08:50:00;1621.00;0.00
2026-09-21 08:55:00;1626.00;0.20
2026-09-21 09:00:00;1632.00;0.20
2026-09-21 09:05:00;1633.00;0.00
2026-09-21 09:10:00;1641.00;0.00
2026-09-21 09:15:00;1644.00;0.20
2026-09-21 09:20:00;1646.00;0.60
2026-09-21 09:25:00;1645.00;0.80
2026-09-21 09:30:00;1650.00;0.20
2026-09-21 09:35:00;1657.00;0.40
2026-09-21 09:40:00;1667.00;0.00
2026-09-21 09:45:00;1673.00;0.00
2026-09-21 09:50:00;1678.00;0.00
2026-09-21 09:55:00;1683.00;0.20
2026-09-21 10:00:00;1686.00;0.00
2026-09-21 10:05:00;1688.00;0.20
2026-09-21 10:10:00;1696.00;0.00
2026-09-21 10:15:00;1699.00;0.00
2026-09-21 10:20:00;1701.00;0.20
2026-09-21 10:25:00;1707.00;0.00
2026-09-21 10:30:00;1711.00;0.00
2026-09-21 10:35:00;1714.00;0.00
2026-09-21 10:40:00;1720.00;0.00
2026-09-21 10:45:00;1732.00;0.20
2026-09-21 10:50:00;1738.00;0.00
2026-09-21 10:55:00;1740.00;0.00
2026-09-21 11:00:00;1752.00;0.00
2026-09-21 11:05:00;1760.00;0.00
2026-09-21 11:10:00;1768.00;0.00
2026-09-21 11:15:00;1777.00;0.00
2026-09-21 11:20:00;1784.00;0.00
2026-09-21 11:25:00;1789.00;0.20
2026-09-21 11:30:00;1792.00;0.00
2026-09-21 11:35:00;1796.00;0.40
2026-09-21 11:40:00;1802.00;0.40
2026-09-21 11:45:00;1815.00;0.20
2026-09-21 11:50:00;1819.00;0.00
2026-09-21 22:30:00;2642.00;
2026-09-21 22:35:00;2652.00;
2026-09-21 22:40:00;2651.00;
2026-09-21 22:45:00;2662.00;
2026-09-21 22:50:00;2659.00;
2026-09-21 22:55:00;2668.00;
2026-09-21 23:00:00;2674.00;
2026-09-21 23:05:00;2679.00;
2026-09-21 23:10:00;2683.00;
2026-09-21 23:15:00;2692.00;
2026-09-21 23:20:00;2693.00;
2026-09-21 23:25:00;2698.00;
2026-09-21 23:30:00;2702.00;
2026-09-21 23:35:00;2706.00;
2026-09-21 23:40:00;2709.00;
2026-09-21 23:45:00;2714.00;
2026-09-21 23:50:00;2720.00;
2026-09-21 23:55:00;2722.00;
2026-09-22 00:00:00;2728.00;
2026-09-22 00:05:00;2734.00;
2026-09-22 00:10:00;2738.00;
2026-09-22 00:15:00;2739.00;
2026-09-22 00:20:00;2743.00;
2026-09-22 00:25:00;2750.00;
2026-09-22 00:30:00;2752.00;
2026-09-22 00:35:00;2756.00;
2026-09-22 00:40:00;2758.00;
2026-09-22 00:45:00;2764.00;
2026-09-22 00:50:00;2769.00;
2026-09-22 00:55:00;2773.00;
2026-09-22 01:00:00;2776.00;
2026-09-22 01:05:00;2778.00;
2026-09-22 01:10:00;2781.00;
2026-09-22 01:15:00;2787.00;
2026-09-22 01:20:00;2789.00;
2026-09-22 01:25:00;2793.00;
2026-09-22 01:30:00;2799.00;
2026-09-22 01:35:00;2798.00;
2026-09-22 01:40:00;2803.00;
2026-09-22 01:45:00;2805.00;
2026-09-22 01:50:00;2808.00;
2026-09-22 01:55:00;2811.00;
2026-09-22 02:00:00;2815.00;
2026-09-22 02:05:00;2818.00;
2026-09-22 02:10:00;2821.00;
2026-09-22 02:15:00;2825.00;
2026-09-22 02:20:00;2828.00;
2026-09-22 02:25:00;2831.00;
2026-09-22 02:30:00;2833.00;
2026-09-22 02:35:00;2837.00;
2026-09-22 02:40:00;2838.00;
2026-09-22 02:45:00;2842.00;
2026-09-22 02:50:00;2844.00;
2026-09-22 02:55:00;2847.00;
2026-09-22 03:00:00;2853.00;
2026-09-22 03:05:00;2854.00;
2026-09-22 03:10:00;2860.00;
2026-09-22 03:15:00;2860.00;
2026-09-22 03:20:00;2862.00;
2026-09-22 03:25:00;2864.00;
2026-09-22 03:30:00;2867.00;
2026-09-22 03:35:00;2868.00;
2026-09-22 03:40:00;2873.00;
2026-09-22 03:45:00;2876.00;
2026-09-22 03:50:00;2879.00;
2026-09-22 03:55:00;2879.00;
2026-09-22 04:00:00;2882.00;
2026-09-22 04:05:00;2886.00;
2026-09-22 04:10:00;2890.00;
2026-09-22 04:15:00;2891.00;
2026-09-22 04:20:00;2889.00;
2026-09-22 04:25:00;2896.00;
2026-09-22 04:30:00;2897.00;
2026-09-22 04:35:00;2902.00;
2026-09-22 04:40:00;2899.00;
2026-09-22 04:45:00;2902.00;
2026-09-22 04:50:00;2907.00;
2026-09-22 04:55:00;2908.00;
2026-09-22 05:00:00;2908.00;
2026-09-22 05:05:00;2911.00;
2026-09-22 05:10:00;2914.00;
2026-09-22 05:15:00;2917.00;
2026-09-22 05:20:00;2918.00;
2026-09-22 05:25:00;2920.00;
2026-09-22 05:30:00;2921.00;
2026-09-22 05:35:00;2923.00;
2026-09-22 05:40:00;2925.00;
2026-09-22 05:45:00;2923.00;
2026-09-22 05:50:00;2929.00;
2026-09-22 05:55:00;2928.00;
2026-09-22 06:00:00;2931.00;
2026-09-22 06:05:00;2936.00;
2026-09-22 06:10:00;2935.00;
2026-09-22 06:15:00;2937.00;
2026-09-22 06:20:00;2939.00;
2026-09-22 06:25:00;2938.00;
2026-09-22 06:30:00;2944.00;
2026-09-22 06:35:00;2944.00;
2026-09-22 06:40:00;2945.00;
2026-09-22 06:45:00;2947.00;
2026-09-22 06:50:00;2947.00;
2026-09-22 06:55:00;2949.00;
2026-09-22 07:00:00;2950.00;
2026-09-22 07:05:00;2950.00;
2026-09-22 07:10:00;2950.00;
2026-09-22 07:15:00;2953.00;
2026-09-22 07:20:00;2942.00;
2026-09-22 07:25:00;2951.00;
2026-09-22 07:30:00;2954.00;
2026-09-22 07:35:00;2959.00;
2026-09-22 07:40:00;2956.00;
2026-09-22 07:45:00;2952.00;
2026-09-22 07:50:00;2962.00;
2026-09-22 07:55:00;2945.00;
2026-09-22 08:00:00;2953.00;
2026-09-22 08:05:00;2956.00;
2026-09-22 08:10:00;2955.00;
2026-09-22 08:15:00;2949.00;
2026-09-22 08:20:00;2953.00;
2026-09-22 08:25:00;2961.00;
2026-09-22 08:30:00;2962.00;
2026-09-22 08:35:00;2957.00;
2026-09-22 08:40:00;2959.00;
2026-09-22 08:45:00;2961.00;
2026-09-22 08:50:00;2961.00;
2026-09-22 08:55:00;2967.00;
2026-09-22 09:00:00;2958.00;
2026-09-22 09:05:00;2960.00;
2026-09-22 09:10:00;2964.00;
2026-09-22 09:15:00;2967.00;
2026-09-22 09:20:00;2971.00;
2026-09-22 12:40:00;2959.00;0.50
2026-09-22 12:45:00;2953.00;0.20
2026-09-22 12:50:00;2955.00;0.30
2026-09-22 12:55:00;2957.00;0.10
2026-09-22 13:00:00;2954.00;0.10
2026-09-22 13:05:00;2951.00;0.20
2026-09-22 13:10:00;2947.00;0.20
2026-09-22 13:15:00;2953.00;0.20
2026-09-22 13:20:00;2943.00;0.10
2026-09-22 13:25:00;2946.00;0.20
2026-09-22 13:30:00;2940.00;0.20
2026-09-22 13:35:00;2944.00;0.30
2026-09-22 13:40:00;2945.00;0.00
2026-09-22 13:45:00;2945.00;0.00
2026-09-22 13:50:00;2946.00;0.00
2026-09-22 13:55:00;2938.00;0.00
2026-09-22 14:00:00;2938.00;0.00
2026-09-22 14:05:00;2932.00;0.00
2026-09-22 14:10:00;2935.00;0.00
2026-09-22 14:15:00;2933.00;0.00
2026-09-22 14:20:00;2933.00;0.00
2026-09-22 14:25:00;2935.00;0.00
2026-09-22 14:30:00;2925.00;0.00
2026-09-22 14:35:00;2927.00;0.00
2026-09-22 14:40:00;2924.00;0.00
2026-09-22 14:45:00;2920.00;0.00
2026-09-22 14:50:00;2915.00;0.00
2026-09-22 14:55:00;2914.00;0.00
2026-09-22 15:00:00;2912.00;0.00
2026-09-22 15:05:00;2911.00;0.00
2026-09-22 15:10:00;2910.00;0.00
2026-09-22 15:15:00;2911.00;0.00
2026-09-22 15:20:00;2901.00;0.00
2026-09-22 15:25:00;2906.00;0.00
2026-09-22 15:30:00;2901.00;0.00
2026-09-22 15:35:00;2900.00;0.00
2026-09-22 15:40:00;2892.00;0.00
2026-09-22 15:45:00;2892.00;0.00
2026-09-22 15:50:00;2891.00;0.00
2026-09-22 15:55:00;2889.00;0.00
2026-09-22 16:00:00;2880.00;0.00
2026-09-22 16:05:00;2878.00;0.00
2026-09-22 16:10:00;2872.00;0.00
2026-09-22 16:15:00;2873.00;0.00
2026-09-22 16:20:00;2871.00;0.00
2026-09-22 16:25:00;2861.00;0.00
2026-09-22 16:30:00;2867.00;0.00
2026-09-22 16:35:00;2858.00;0.00
2026-09-22 16:40:00;2856.00;0.00
2026-09-22 16:45:00;2857.00;0.00
2026-09-22 16:50:00;2852.00;0.00
2026-09-22 16:55:00;2850.00;0.00
2026-09-22 17:00:00;2849.00;0.00
2026-09-22 17:05:00;2845.00;0.00
2026-09-22 17:10:00;2840.00;0.00
2026-09-22 17:15:00;2835.00;0.00
2026-09-22 17:20:00;2831.00;0.00
2026-09-22 17:25:00;2833.00;0.00
2026-09-22 17:30:00;2829.00;0.00
2026-09-22 17:35:00;2828.00;0.00
2026-09-22 17:40:00;2823.00;0.00
2026-09-22 17:45:00;2819.00;0.00
2026-09-22 17:50:00;2817.00;0.00
2026-09-22 17:55:00;2807.00;0.00
2026-09-22 18:00:00;2810.00;0.00
2026-09-22 18:05:00;2804.00;0.00
2026-09-22 18:10:00;2799.00;0.00
2026-09-22 18:15:00;2796.00;0.00
2026-09-22 18:20:00;2790.00;0.00
2026-09-22 18:25:00;2790.00;0.00
2026-09-22 18:30:00;2787.00;0.00
2026-09-22 18:35:00;2782.00;0.00
2026-09-22 18:40:00;2779.00;0.00
2026-09-22 18:45:00;2774.00;0.00
2026-09-22 18:50:00;2771.00;0.00
2026-09-22 18:55:00;2767.00;0.00
2026-09-22 19:00:00;2764.00;0.00
2026-09-22 19:05:00;2760.00;0.00
2026-09-22 19:10:00;2754.00;0.00
2026-09-22 19:15:00;2748.00;0.00
2026-09-22 19:20:00;2747.00;0.00
2026-09-22 19:25:00;2743.00;0.00
2026-09-22 19:30:00;2737.00;0.00
2026-09-22 19:35:00;2733.00;0.00
2026-09-22 19:40:00;2732.00;0.00
2026-09-22 19:45:00;2726.00;0.00
2026-09-22 19:50:00;2721.00;0.00
2026-09-22 19:55:00;2718.00;0.00
2026-09-22 20:00:00;2714.00;0.00
2026-09-22 20:05:00;2711.00;0.00
2026-09-22 20:10:00;2706.00;0.00
2026-09-22 20:15:00;2703.00;0.00
2026-09-22 20:20:00;2699.00;0.00
2026-09-22 20:25:00;2693.00;0.00
2026-09-22 20:30:00;2689.00;0.00
2026-09-22 20:35:00;2685.00;0.00
2026-09-22 20:40:00;2677.00;0.00
2026-09-22 20:45:00;2672.00;0.00
2026-09-22 20:50:00;2673.00;0.00
2026-09-22 20:55:00;2666.00;0.00
2026-09-22 21:00:00;2663.00;0.00
2026-09-22 21:05:00;2655.00;0.00
2026-09-22 21:10:00;2657.00;0.00
2026-09-22 21:15:00;2649.00;0.00
2026-09-22 21:20:00;2646.00;0.00
2026-09-22 21:25:00;2640.00;0.00
2026-09-22 21:30:00;2637.00;0.00
2026-09-22 21:35:00;2631.00;0.00
2026-09-22 21:40:00;2630.00;0.00
2026-09-22 21:45:00;2623.00;0.00
2026-09-22 21:50:00;2619.00;0.00
2026-09-22 21:55:00;2617.00;0.00
2026-09-22 22:00:00;2613.00;0.00
2026-09-22 22:05:00;2605.00;0.00
2026-09-22 22:10:00;2604.00;0.00
2026-09-22 22:15:00;2595.00;0.00
2026-09-22 22:20:00;2591.00;0.00
2026-09-22 22:25:00;2590.00;0.00
2026-09-22 22:30:00;2582.00;0.00
2026-09-22 22:35:00;2583.00;0.00
2026-09-22 22:40:00;2576.00;0.00
2026-09-22 22:45:00;2574.00;0.00
2026-09-22 22:50:00;2572.00;0.00
2026-09-22 22:55:00;2564.00;0.00
2026-09-22 23:00:00;2563.00;0.00
2026-09-22 23:05:00;2558.00;0.00
2026-09-22 23:10:00;2555.00;0.00
2026-09-22 23:15:00;2551.00;0.00
2026-09-22 23:20:00;2545.00;0.00
2026-09-22 23:25:00;2542.00;0.00
2026-09-22 23:30:00;2536.00;0.00
2026-09-22 23:35:00;2531.00;0.00
2026-09-22 23:40:00;2528.00;0.00
2026-09-22 23:45:00;2523.00;0.00
2026-09-22 23:50:00;2521.00;0.00
2026-09-22 23:55:00;2517.00;0.00
2026-09-23 00:00:00;2512.00;0.00
2026-09-23 00:05:00;2504.00;0.00
2026-09-23 00:10:00;2501.00;0.00
2026-09-23 00:15:00;2496.00;0.00
2026-09-23 00:20:00;2493.00;0.00
2026-09-23 00:25:00;2489.00;0.00
2026-09-23 00:30:00;2481.00;0.00
2026-09-23 00:35:00;2478.00;0.00
2026-09-23 00:40:00;2475.00;0.00
2026-09-23 00:45:00;2471.00;0.00
2026-09-23 00:50:00;2468.00;0.00
2026-09-23 00:55:00;2462.00;0.00
2026-09-23 01:00:00;2459.00;0.00
2026-09-23 01:05:00;2454.00;0.00
2026-09-23 01:10:00;2448.00;0.00
2026-09-23 01:15:00;2444.00;0.00
2026-09-23 01:20:00;2440.00;0.00
2026-09-23 01:25:00;2437.00;0.00
2026-09-23 01:30:00;2434.00;0.00
2026-09-23 01:35:00;2430.00;0.00
2026-09-23 01:40:00;2424.00;0.00
2026-09-23 01:45:00;2421.00;0.00
2026-09-23 01:50:00;2417.00;0.00
2026-09-23 01:55:00;2411.00;0.00
2026-09-23 02:00:00;2407.00;0.00
2026-09-23 02:05:00;2404.00;0.00
2026-09-23 02:10:00;2397.00;0.00
2026-09-23 02:15:00;2396.00;0.00
2026-09-23 02:20:00;2393.00;0.00
2026-09-23 02:25:00;2385.00;0.00
2026-09-23 02:30:00;2383.00;0.00
2026-09-23 02:35:00;2375.00;0.00
2026-09-23 02:40:00;2375.00;0.00
2026-09-23 02:45:00;2370.00;0.00
2026-09-23 02:50:00;2368.00;0.00
2026-09-23 02:55:00;2362.00;0.00
2026-09-23 03:00:00;2358.00;0.00
2026-09-23 03:05:00;2354.00;0.00
2026-09-23 03:10:00;2349.00;0.00
2026-09-23 03:15:00;2345.00;0.00
2026-09-23 03:20:00;2340.00;0.00
2026-09-23 03:25:00;2333.00;0.00
2026-09-23 03:30:00;2334.00;0.00
2026-09-23 03:35:00;2332.00;0.00
2026-09-23 03:40:00;2329.00;0.00
2026-09-23 03:45:00;2325.00;0.00
2026-09-23 03:50:00;2320.00;0.00
2026-09-23 03:55:00;2316.00;0.00
2026-09-23 04:00:00;2313.00;0.00
2026-09-23 04:05:00;2309.00;0.00
2026-09-23 04:10:00;2303.00;0.00
2026-09-23 04:15:00;2300.00;0.00
2026-09-23 04:20:00;2296.00;0.00
2026-09-23 04:25:00;2292.00;0.00
2026-09-23 04:30:00;2288.00;0.00
2026-09-23 04:35:00;2284.00;0.00
2026-09-23 04:40:00;2281.00;0.00
2026-09-23 04:45:00;2273.00;0.00
2026-09-23 04:50:00;2272.00;0.00
2026-09-23 04:55:00;2271.00;0.00
2026-09-23 05:00:00;2266.00;0.00
2026-09-23 05:05:00;2262.00;0.00
2026-09-23 05:10:00;2258.00;0.00
2026-09-23 05:15:00;2256.00;0.00
2026-09-23 05:20:00;2250.00;0.00
2026-09-23 05:25:00;2248.00;0.00
2026-09-23 05:30:00;2245.00;0.00
2026-09-23 05:35:00;2240.00;0.00
2026-09-23 05:40:00;2236.00;0.00
2026-09-23 05:45:00;2232.00;0.00
2026-09-23 05:50:00;2228.00;0.00
2026-09-23 05:55:00;2225.00;0.00
2026-09-23 06:00:00;2222.00;0.00
2026-09-23 06:05:00;2217.00;0.00
2026-09-23 06:10:00;2215.00;0.00
2026-09-23 06:15:00;2211.00;0.00
2026-09-23 06:20:00;2207.00;0.00
2026-09-23 06:25:00;2202.00;0.00
2026-09-23 06:30:00;2198.00;0.00
2026-09-23 06:35:00;2195.00;0.00
2026-09-23 06:40:00;2194.00;0.00
2026-09-23 06:45:00;2189.00;0.00
2026-09-23 06:50:00;2184.00;0.00
2026-09-23 06:55:00;2180.00;0.00
2026-09-23 07:00:00;2180.00;0.00
2026-09-23 07:05:00;2176.00;0.00
2026-09-23 07:10:00;2170.00;0.00
2026-09-23 07:15:00;2172.00;0.00
2026-09-23 07:20:00;2168.00;0.00
2026-09-23 07:25:00;2163.00;0.00
2026-09-23 07:30:00;2162.00;0.00
2026-09-23 07:35:00;2158.00;0.00
2026-09-23 07:40:00;2157.00;0.00
2026-09-23 07:45:00;2153.00;0.00
2026-09-23 07:50:00;2148.00;0.00
2026-09-23 07:55:00;2147.00;0.00
2026-09-23 08:00:00;2144.00;0.00
2026-09-23 08:05:00;2140.00;0.00
2026-09-23 08:10:00;2135.00;0.00
2026-09-23 08:15:00;2134.00;0.00
2026-09-23 08:20:00;2132.00;0.00
2026-09-23 08:25:00;2127.00;0.00
2026-09-23 08:30:00;2124.00;0.00
2026-09-23 08:35:00;2123.00;0.00
2026-09-23 08:40:00;2120.00;0.00
2026-09-23 08:45:00;2107.00;0.00
2026-09-23 08:50:00;2111.00;0.00
2026-09-23 08:55:00;2107.00;0.00
2026-09-23 09:00:00;2111.00;0.00
2026-09-23 09:05:00;2110.00;0.00
2026-09-23 09:10:00;2105.00;0.00
2026-09-23 09:15:00;2102.00;0.00
2026-09-23 09:20:00;2101.00;0.00
2026-09-23 09:25:00;2094.00;0.00
2026-09-23 09:30:00;2095.00;0.00
2026-09-23 09:35:00;2090.00;0.00
2026-09-23 09:40:00;2088.00;0.00
2026-09-23 09:45:00;2076.00;0.00
2026-09-23 09:50:00;2078.00;0.00
2026-09-23 09:55:00;2080.00;0.00
2026-09-23 10:00:00;2078.00;0.00
2026-09-23 10:05:00;2068.00;0.00
2026-09-23 10:10:00;2060.00;0.00
2026-09-23 10:15:00;2056.00;0.00
2026-09-23 10:20:00;2057.00;0.00
2026-09-23 10:25:00;2053.00;0.00
2026-09-23 10:30:00;2056.00;0.00
2026-09-23 10:35:00;2060.00;0.00
2026-09-23 10:40:00;2055.00;0.00
2026-09-23 10:45:00;2048.00;0.00
2026-09-23 10:50:00;2044.00;0.00
2026-09-23 10:55:00;2049.00;0.00
2026-09-23 11:00:00;2047.00;0.00
2026-09-23 11:05:00;2047.00;0.00
2026-09-23 11:10:00;2043.00;0.00
2026-09-23 11:15:00;2039.00;0.00
2026-09-23 11:20:00;2036.00;0.00
2026-09-23 11:25:00;2035.00;0.00
2026-09-23 11:30:00;2030.00;0.00
2026-09-23 11:35:00;2021.00;0.00
2026-09-23 11:40:00;2015.00;0.00
2026-09-23 11:45:00;2015.00;0.00
2026-09-23 11:50:00;2016.00;0.00
2026-09-23 11:55:00;2024.00;0.00
2026-09-23 12:00:00;2011.00;0.00
2026-09-23 12:05:00;2002.00;0.00
2026-09-23 12:10:00;2001.00;0.00
2026-09-23 12:15:00;2000.00;0.00
2026-09-23 12:20:00;1996.00;0.00
2026-09-23 12:25:00;1995.00;0.00
2026-09-23 12:30:00;1995.00;0.00
2026-09-23 12:35:00;1992.00;0.00
2026-09-23 12:40:00;1998.00;0.00
2026-09-23 12:45:00;1984.00;0.00
2026-09-23 12:50:00;1988.00;0.00
2026-09-23 12:55:00;1986.00;0.00
2026-09-23 13:00:00;1980.00;0.00
2026-09-23 13:05:00;1977.00;0.00
2026-09-23 13:10:00;1975.00;0.00
2026-09-23 13:15:00;1970.00;0.00
2026-09-23 13:20:00;1970.00;0.00
2026-09-23 13:25:00;1970.00;0.00
2026-09-23 13:30:00;1967.00;0.00
2026-09-23 13:35:00;1969.00;0.00
2026-09-23 13:40:00;1966.00;0.00
2026-09-23 13:45:00;1967.00;0.00
2026-09-23 13:50:00;1959.00;0.00
2026-09-23 13:55:00;1961.00;0.00
2026-09-23 14:00:00;1955.00;0.00
2026-09-23 14:05:00;1954.00;0.00
2026-09-23 14:10:00;1953.00;0.00
2026-09-23 14:15:00;1950.00;0.00
2026-09-23 14:20:00;1955.00;0.00
2026-09-23 14:25:00;1950.00;0.00
2026-09-23 14:30:00;1944.00;0.00
2026-09-23 14:35:00;1940.00;0.00
2026-09-23 14:40:00;1943.00;0.00
2026-09-23 14:45:00;1933.00;0.00
2026-09-23 14:50:00;1931.00;0.00
2026-09-23 14:55:00;1931.00;0.00
2026-09-23 15:00:00;1924.00;0.00
2026-09-23 15:05:00;1922.00;0.00
2026-09-23 15:10:00;1930.00;0.00
2026-09-23 15:15:00;1919.00;0.00
2026-09-23 15:20:00;1916.00;0.00
2026-09-23 15:25:00;1917.00;0.00
2026-09-23 15:30:00;1923.00;0.00
2026-09-23 15:35:00;1915.00;0.00
2026-09-23 15:40:00;1917.00;0.00
2026-09-23 15:45:00;1916.00;0.00
2026-09-23 15:50:00;1912.00;0.00
2026-09-23 15:55:00;1908.00;0.00
2026-09-23 16:00:00;1909.00;0.00
2026-09-23 16:05:00;1903.00;0.00
2026-09-23 16:10:00;1906.00;0.00
2026-09-23 16:15:00;1899.00;0.00
2026-09-23 16:20:00;1897.00;0.00
2026-09-23 16:25:00;1898.00;0.00
2026-09-23 16:30:00;1893.00;0.00
2026-09-23 16:35:00;1888.00;0.00
2026-09-23 16:40:00;1889.00;0.00
2026-09-23 16:45:00;1895.00;0.00
2026-09-23 16:50:00;1892.00;0.00
2026-09-23 16:55:00;1885.00;0.00
2026-09-23 17:00:00;1886.00;0.00
2026-09-23 17:05:00;1885.00;0.00
2026-09-23 17:10:00;1882.00;0.00
2026-09-23 17:15:00;1879.00;0.00
2026-09-23 17:20:00;1875.00;0.00
2026-09-23 17:25:00;1873.00;0.00
2026-09-23 17:30:00;1874.00;0.00
2026-09-23 17:35:00;1871.00;0.00
2026-09-23 17:40:00;1873.00;0.00
2026-09-23 17:45:00;1869.00;0.00
2026-09-23 17:50:00;1872.00;0.00
2026-09-23 17:55:00;1873.00;0.00
2026-09-23 18:00:00;1870.00;0.00
2026-09-23 18:05:00;1871.00;0.00
2026-09-23 18:10:00;1872.00;0.00
2026-09-23 18:15:00;1870.00;0.00
2026-09-23 18:20:00;1869.00;0.00
2026-09-23 18:25:00;1869.00;0.00
2026-09-23 18:30:00;1868.00;0.00
2026-09-23 18:35:00;1867.00;0.00
2026-09-23 18:40:00;1865.00;0.00
2026-09-23 18:45:00;1864.00;0.00
2026-09-23 18:50:00;1863.00;0.00
2026-09-23 18:55:00;1861.00;0.00
2026-09-23 19:00:00;1861.00;0.00
2026-09-23 19:05:00;1862.00;0.00
2026-09-23 19:10:00;1859.00;0.00
2026-09-23 19:15:00;1860.00;0.00
2026-09-23 19:20:00;1856.00;0.00
2026-09-23 19:25:00;1856.00;0.00
2026-09-23 19:30:00;1856.00;0.00
2026-09-23 19:35:00;1849.00;0.00
2026-09-23 19:40:00;1852.00;0.00
2026-09-23 19:45:00;1849.00;0.00
2026-09-23 19:50:00;1852.00;0.00
2026-09-23 19:55:00;1850.00;0.00
2026-09-23 20:00:00;1850.00;0.00
2026-09-23 20:05:00;1848.00;0.00
2026-09-23 20:10:00;1846.00;0.00
2026-09-23 20:15:00;1846.00;0.00
2026-09-23 20:20:00;1844.00;0.00
2026-09-23 20:25:00;1847.00;0.00
2026-09-23 20:30:00;1845.00;0.00
2026-09-23 20:35:00;1842.00;0.00
2026-09-23 20:40:00;1842.00;0.00
2026-09-23 20:45:00;1842.00;0.00
2026-09-23 21:00:00;1839.00;0.00
2026-09-23 21:05:00;1838.00;0.00
2026-09-23 21:10:00;1836.00;0.00
2026-09-23 21:15:00;1835.00;0.00
2026-09-23 21:20:00;1835.00;0.00
2026-09-23 21:25:00;1834.00;0.00
2026-09-23 21:30:00;1832.00;0.00
2026-09-23 21:35:00;1834.00;0.00
2026-09-23 21:40:00;1832.00;0.00
2026-09-23 21:45:00;1830.00;0.00
2026-09-23 21:50:00;1830.00;0.00
2026-09-23 21:55:00;1829.00;0.00
2026-09-23 22:00:00;1829.00;0.00
2026-09-23 22:05:00;1827.00;0.00
2026-09-23 22:10:00;1828.00;0.00
2026-09-23 22:15:00;1825.00;0.00
2026-09-23 22:20:00;1820.00;0.00
2026-09-23 22:25:00;1824.00;0.00
2026-09-23 22:30:00;1822.00;0.00
2026-09-23 22:35:00;1822.00;0.00
2026-09-23 22:40:00;1820.00;0.00
2026-09-23 22:45:00;1820.00;0.00
2026-09-23 22:50:00;1819.00;0.00
2026-09-23 22:55:00;1820.00;0.00
2026-09-23 23:00:00;1818.00;0.00
2026-09-23 23:05:00;1817.00;0.00
2026-09-23 23:10:00;1815.00;0.00
2026-09-23 23:15:00;1818.00;0.00
2026-09-23 23:20:00;1815.00;0.00
2026-09-23 23:25:00;1813.00;0.00
2026-09-23 23:30:00;1814.00;0.00
2026-09-23 23:35:00;1809.00;0.00
2026-09-23 23:40:00;1812.00;0.00
2026-09-23 23:45:00;1810.00;0.00
2026-09-23 23:50:00;1810.00;0.00
2026-09-23 23:55:00;1810.00;0.00
2026-09-24 00:00:00;1808.00;0.00
2026-09-24 00:05:00;1807.00;0.00
2026-09-24 00:10:00;1808.00;0.00
2026-09-24 00:15:00;1805.00;0.00
2026-09-24 00:20:00;1803.00;0.00
2026-09-24 00:25:00;1804.00;0.00
2026-09-24 00:30:00;1801.00;0.00
2026-09-24 00:35:00;1800.00;0.00
2026-09-24 00:40:00;1802.00;0.00
2026-09-24 00:45:00;1799.00;0.00
2026-09-24 00:50:00;1803.00;0.00
2026-09-24 00:55:00;1804.00;0.00
2026-09-24 01:00:00;1802.00;0.00
2026-09-24 01:05:00;1800.00;0.00
2026-09-24 01:10:00;1799.00;0.00
2026-09-24 01:15:00;1797.00;0.00
2026-09-24 01:20:00;1800.00;0.00
2026-09-24 01:25:00;1799.00;0.00
2026-09-24 01:30:00;1798.00;0.00
2026-09-24 01:35:00;1797.00;0.00
2026-09-24 01:40:00;1796.00;0.00
2026-09-24 01:45:00;1797.00;0.00
2026-09-24 01:50:00;1795.00;0.00
2026-09-24 01:55:00;1791.00;0.00
2026-09-24 02:00:00;1792.00;0.00
2026-09-24 02:05:00;1794.00;0.00
2026-09-24 02:10:00;1793.00;0.00
2026-09-24 02:15:00;1793.00;0.00
2026-09-24 02:20:00;1791.00;0.00
2026-09-24 02:25:00;1792.00;0.00
2026-09-24 02:30:00;1791.00;0.00
2026-09-24 02:35:00;1788.00;0.00
2026-09-24 02:40:00;1789.00;0.00
2026-09-24 02:45:00;1788.00;0.00
2026-09-24 02:50:00;1788.00;0.00
2026-09-24 02:55:00;1787.00;0.00
2026-09-24 03:00:00;1788.00;0.00
2026-09-24 03:05:00;1787.00;0.00
2026-09-24 03:10:00;1788.00;0.00
2026-09-24 03:15:00;1788.00;0.00
2026-09-24 03:20:00;1783.00;0.00
2026-09-24 03:25:00;1784.00;0.00
2026-09-24 03:30:00;1772.00;0.00
2026-09-24 03:35:00;1774.00;0.00
2026-09-24 03:40:00;1776.00;0.00
2026-09-24 03:45:00;1769.00;0.00
2026-09-24 03:50:00;1777.00;0.00
2026-09-24 03:55:00;1775.00;0.00
2026-09-24 04:00:00;1778.00;0.00
2026-09-24 04:05:00;1766.00;0.00
2026-09-24 04:10:00;1768.00;0.00
2026-09-24 04:15:00;1774.00;0.00
2026-09-24 04:20:00;1765.00;0.00
2026-09-24 04:25:00;1771.00;0.00
2026-09-24 04:30:00;1770.00;0.00
2026-09-24 04:35:00;1778.00;0.00
2026-09-24 04:40:00;1776.00;0.00
2026-09-24 04:45:00;1777.00;0.00
2026-09-24 04:50:00;1770.00;0.00
2026-09-24 04:55:00;1772.00;0.00
2026-09-24 05:00:00;1768.00;0.00
2026-09-24 05:05:00;1767.00;0.00
2026-09-24 05:10:00;1767.00;0.00
2026-09-24 05:15:00;1767.00;0.00
2026-09-24 05:20:00;1770.00;0.00
2026-09-24 05:25:00;1771.00;0.00
2026-09-24 05:30:00;1768.00;0.00
2026-09-24 05:35:00;1768.00;0.00
2026-09-24 05:40:00;1766.00;0.00
2026-09-24 05:45:00;1764.00;0.00
2026-09-24 05:50:00;1764.00;0.00
2026-09-24 05:55:00;1762.00;0.00
2026-09-24 06:00:00;1763.00;0.00
2026-09-24 06:05:00;1761.00;0.00
2026-09-24 06:10:00;1761.00;0.00
2026-09-24 06:15:00;1762.00;0.00
2026-09-24 06:20:00;1758.00;0.00
2026-09-24 06:25:00;1756.00;0.00
2026-09-24 06:30:00;1757.00;0.00
2026-09-24 06:35:00;1756.00;0.00
2026-09-24 06:40:00;1755.00;0.00
2026-09-24 06:45:00;1756.00;0.00
2026-09-24 06:50:00;1753.00;0.00
2026-09-24 06:55:00;1751.00;0.00
2026-09-24 07:00:00;1750.00;0.00
2026-09-24 07:05:00;1749.00;0.00
2026-09-24 07:10:00;1745.00;0.00
2026-09-24 07:15:00;1741.00;0.00
2026-09-24 07:20:00;1735.00;0.00
2026-09-24 07:25:00;1736.00;0.00
2026-09-24 07:30:00;1734.00;0.00
2026-09-24 07:35:00;1734.00;0.00
2026-09-24 07:40:00;1737.00;0.00
2026-09-24 07:45:00;1736.00;0.00
2026-09-24 07:50:00;1731.00;0.00
2026-09-24 07:55:00;1730.00;0.00
2026-09-24 08:00:00;1731.00;0.00
2026-09-24 08:05:00;1730.00;0.00
2026-09-24 08:10:00;1726.00;0.00
2026-09-24 08:15:00;1728.00;0.00
2026-09-24 08:20:00;1731.00;0.00
2026-09-24 08:25:00;1731.00;0.00
2026-09-24 08:30:00;1728.00;0.00
2026-09-24 08:35:00;1736.00;0.00
2026-09-24 08:40:00;1738.00;0.00
2026-09-24 08:45:00;1738.00;0.00
2026-09-24 08:50:00;1733.00;0.00
2026-09-24 08:55:00;1732.00;0.00
2026-09-24 09:00:00;1731.00;0.00
2026-09-24 09:05:00;1726.00;0.00
2026-09-24 09:10:00;1726.00;0.00
2026-09-24 09:15:00;1724.00;0.00
2026-09-24 09:20:00;1725.00;0.00
2026-09-24 09:25:00;1723.00;0.00
2026-09-24 09:30:00;1724.00;0.00
2026-09-24 09:35:00;1724.00;0.00
2026-09-24 09:40:00;1725.00;0.00
2026-09-24 09:45:00;1724.00;0.00
2026-09-24 09:50:00;1721.00;0.00
2026-09-24 09:55:00;1720.00;0.00
2026-09-24 10:00:00;1720.00;0.00
2026-09-24 10:05:00;1721.00;0.00
2026-09-24 10:10:00;1720.00;0.00
2026-09-24 10:15:00;1717.00;0.00
2026-09-24 10:20:00;1718.00;0.00
2026-09-24 10:25:00;1717.00;0.00
2026-09-24 10:30:00;1719.00;0.00
2026-09-24 10:35:00;1714.00;0.00
2026-09-24 10:40:00;1718.00;0.00
2026-09-24 10:45:00;1710.00;0.00
2026-09-24 10:50:00;1714.00;0.00
2026-09-24 10:55:00;1714.00;0.00
2026-09-24 11:00:00;1713.00;0.00
2026-09-24 11:05:00;1712.00;0.00
2026-09-24 11:10:00;1707.00;0.00
2026-09-24 11:15:00;1711.00;0.00
2026-09-24 11:20:00;1713.00;0.00
2026-09-24 11:25:00;1705.00;0.00
2026-09-24 11:30:00;1710.00;0.00
2026-09-24 11:35:00;1710.00;0.00
2026-09-24 11:40:00;1708.00;0.00
2026-09-24 11:45:00;1707.00;0.00
2026-09-24 11:50:00;1708.00;0.00
2026-09-24 11:55:00;1709.00;0.00
2026-09-24 12:00:00;1708.00;0.00
2026-09-24 12:05:00;1707.00;0.00
2026-09-24 12:10:00;1706.00;0.00
2026-09-24 12:15:00;1707.00;0.00
2026-09-24 12:20:00;1705.00;0.00
2026-09-24 12:25:00;1706.00;0.00
2026-09-24 12:30:00;1704.00;0.00
2026-09-24 12:35:00;1703.00;0.00
2026-09-24 12:40:00;1703.00;0.00
2026-09-24 12:45:00;1705.00;0.00
2026-09-24 12:50:00;1705.00;0.00
2026-09-24 12:55:00;1703.00;0.00
2026-09-24 13:00:00;1702.00;0.00
2026-09-24 13:05:00;1700.00;0.00
2026-09-24 13:10:00;1698.00;0.00
2026-09-24 13:15:00;1697.00;0.00
2026-09-24 13:20:00;1697.00;0.00
2026-09-24 13:25:00;1695.00;0.00
2026-09-24 13:30:00;1698.00;0.00
2026-09-24 13:35:00;1698.00;0.00
2026-09-24 13:40:00;1697.00;0.00
2026-09-24 13:45:00;1698.00;0.00
2026-09-24 13:50:00;1699.00;0.00
2026-09-24 13:55:00;1699.00;0.00
2026-09-24 14:00:00;1698.00;0.00
2026-09-24 14:05:00;1697.00;0.00
2026-09-24 14:10:00;1695.00;0.00
2026-09-24 14:15:00;1697.00;0.00
2026-09-24 14:20:00;1695.00;0.00
2026-09-24 14:25:00;1697.00;0.00
2026-09-24 14:30:00;1696.00;0.00
2026-09-24 14:35:00;1697.00;0.00
2026-09-24 14:40:00;1693.00;0.00
2026-09-24 14:45:00;1695.00;0.00
2026-09-24 14:50:00;1696.00;0.00
2026-09-24 14:55:00;1691.00;0.00
2026-09-24 15:00:00;1693.00;0.00
2026-09-24 15:05:00;1693.00;0.00
2026-09-24 15:10:00;1691.00;0.00
2026-09-24 15:15:00;1692.00;0.00
2026-09-24 15:20:00;1693.00;0.00
2026-09-24 15:25:00;1690.00;0.00
2026-09-24 15:30:00;1688.00;0.00
2026-09-24 15:35:00;1688.00;0.00
2026-09-24 15:40:00;1691.00;0.00
2026-09-24 15:45:00;1689.00;0.00
2026-09-24 15:50:00;1693.00;0.00
2026-09-24 15:55:00;1691.00;0.00
2026-09-24 16:00:00;1690.00;0.00
2026-09-24 16:05:00;1690.00;0.00
2026-09-24 16:10:00;1688.00;0.00
2026-09-24 16:15:00;1689.00;0.00
2026-09-24 16:20:00;1690.00;0.00
2026-09-24 16:25:00;1688.00;0.00
2026-09-24 16:30:00;1687.00;0.00
2026-09-24 16:35:00;1685.00;0.00
2026-09-24 16:40:00;1683.00;0.00
2026-09-24 16:45:00;1679.00;0.00
2026-09-24 16:50:00;1674.00;0.00
2026-09-24 16:55:00;1677.00;0.00
2026-09-24 17:00:00;1677.00;0.00
2026-09-24 17:05:00;1678.00;0.00
2026-09-24 17:10:00;1670.00;0.00
2026-09-24 17:15:00;1672.00;0.00
2026-09-24 17:20:00;1671.00;0.00
2026-09-24 17:25:00;1675.00;0.00
2026-09-24 17:30:00;1673.00;0.00
2026-09-24 17:35:00;1670.00;0.00
2026-09-24 17:40:00;1674.00;0.00
2026-09-24 17:45:00;1667.00;0.00
2026-09-24 17:50:00;1666.00;0.00
2026-09-24 17:55:00;1663.00;0.00
2026-09-24 18:00:00;1669.00;0.00
2026-09-24 18:05:00;1665.00;0.00
2026-09-24 18:25:00;1663.00;0.00
2026-09-24 18:30:00;1668.00;0.00
2026-09-24 18:35:00;1668.00;0.00
2026-09-24 18:40:00;1666.00;0.00
2026-09-24 18:45:00;1668.00;0.00
2026-09-24 18:50:00;1670.00;0.00
2026-09-24 18:55:00;1670.00;0.00
2026-09-24 19:00:00;1671.00;0.00
2026-09-24 19:05:00;1671.00;0.00
2026-09-24 19:10:00;1668.00;0.00
2026-09-24 19:15:00;1670.00;0.00
2026-09-24 19:20:00;1671.00;0.00
2026-09-24 19:25:00;1666.00;0.00
2026-09-24 19:30:00;1663.00;0.00
2026-09-24 19:35:00;1661.00;0.00
2026-09-24 19:40:00;1664.00;0.00
2026-09-24 19:45:00;1668.00;0.00
2026-09-24 19:50:00;1666.00;0.00
2026-09-24 19:55:00;1666.00;0.00
2026-09-24 20:00:00;1669.00;0.00
2026-09-24 20:05:00;1668.00;0.00
2026-09-24 20:10:00;1665.00;0.00
2026-09-24 20:15:00;1666.00;0.00
2026-09-24 20:20:00;1667.00;0.00
2026-09-24 20:25:00;1661.00;0.00
2026-09-24 20:30:00;1665.00;0.00
2026-09-24 20:35:00;1662.00;0.00
2026-09-24 20:40:00;1663.00;0.00
2026-09-24 20:45:00;1661.00;0.00
2026-09-24 20:50:00;1662.00;0.00
2026-09-24 20:55:00;1664.00;0.00
2026-09-24 21:00:00;1663.00;0.00
2026-09-24 21:05:00;1664.00;0.00
2026-09-24 21:10:00;1662.00;0.00
2026-09-24 21:15:00;1657.00;0.00
2026-09-24 21:20:00;1661.00;0.00
2026-09-24 21:25:00;1659.00;0.00
2026-09-24 21:30:00;1661.00;0.00
2026-09-24 21:35:00;1661.00;0.00
2026-09-24 21:40:00;1661.00;0.00
2026-09-24 21:45:00;1661.00;0.00
2026-09-24 21:50:00;1658.00;0.00
2026-09-24 21:55:00;1661.00;0.00
2026-09-24 22:00:00;1657.00;0.00
2026-09-24 22:05:00;1663.00;0.00
2026-09-24 22:10:00;1662.00;0.00
2026-09-24 22:15:00;1661.00;0.00
2026-09-24 22:20:00;1659.00;0.00
2026-09-24 22:25:00;1660.00;0.00
2026-09-24 22:30:00;1661.00;0.00
2026-09-24 22:35:00;1663.00;0.00
2026-09-24 22:40:00;1663.00;0.00
2026-09-24 22:45:00;1661.00;0.00
2026-09-24 22:50:00;1661.00;0.00
2026-09-24 22:55:00;1660.00;0.00
2026-09-24 23:00:00;1660.00;0.00
2026-09-24 23:05:00;1660.00;0.00
2026-09-24 23:10:00;1663.00;0.00
2026-09-24 23:15:00;1664.00;0.00
2026-09-24 23:20:00;1663.00;0.00
2026-09-24 23:25:00;1660.00;0.00
2026-09-24 23:30:00;1659.00;0.00
2026-09-24 23:35:00;1664.00;0.00
2026-09-24 23:40:00;1663.00;0.00
2026-09-24 23:45:00;1661.00;0.00
2026-09-24 23:50:00;1662.00;0.00
2026-09-24 23:55:00;1663.00;0.00
2026-09-25 00:00:00;1664.00;0.00
2026-09-25 00:05:00;1664.00;0.00
2026-09-25 00:10:00;1664.00;0.00
2026-09-25 00:15:00;1662.00;0.00
2026-09-25 00:20:00;1664.00;0.00
2026-09-25 00:25:00;1662.00;0.00
2026-09-25 00:30:00;1662.00;0.00
2026-09-25 00:35:00;1664.00;0.00
2026-09-25 00:40:00;1664.00;0.00
2026-09-25 00:45:00;1664.00;0.00
2026-09-25 00:50:00;1664.00;0.00
2026-09-25 00:55:00;1665.00;0.00
2026-09-25 01:00:00;1664.00;0.00
2026-09-25 01:05:00;1666.00;0.00
2026-09-25 01:10:00;1670.00;0.00
2026-09-25 01:15:00;1670.00;0.00
2026-09-25 01:20:00;1671.00;0.00
2026-09-25 01:25:00;1671.00;0.00
2026-09-25 01:30:00;1668.00;0.00
2026-09-25 01:35:00;1672.00;0.00
2026-09-25 01:40:00;1670.00;0.00
2026-09-25 01:45:00;1671.00;0.00
2026-09-25 01:50:00;1668.00;0.00
2026-09-25 01:55:00;1668.00;0.00
2026-09-25 02:00:00;1667.00;0.00
2026-09-25 02:05:00;1671.00;0.00
2026-09-25 02:10:00;1671.00;0.00
2026-09-25 02:15:00;1672.00;0.00
2026-09-25 02:20:00;1671.00;0.00
2026-09-25 02:25:00;1672.00;0.00
2026-09-25 02:30:00;1669.00;0.00
2026-09-25 02:35:00;1668.00;0.00
2026-09-25 02:40:00;1673.00;0.00
2026-09-25 02:45:00;1671.00;0.00
2026-09-25 02:50:00;1673.00;0.00
2026-09-25 02:55:00;1672.00;0.00
2026-09-25 03:00:00;1674.00;0.00
2026-09-25 03:05:00;1672.00;0.00
2026-09-25 03:10:00;1669.00;0.00
2026-09-25 03:15:00;1669.00;0.00
2026-09-25 03:20:00;1671.00;0.00
2026-09-25 03:25:00;1670.00;0.00
2026-09-25 03:30:00;1671.00;0.00
2026-09-25 03:35:00;1671.00;0.00
2026-09-25 03:40:00;1675.00;0.00
2026-09-25 03:45:00;1672.00;0.00
2026-09-25 03:50:00;1673.00;0.00
2026-09-25 03:55:00;1668.00;0.00
2026-09-25 04:00:00;1668.00;0.00
2026-09-25 04:05:00;1671.00;0.00
2026-09-25 04:10:00;1670.00;0.00
2026-09-25 04:15:00;1670.00;0.00
2026-09-25 04:20:00;1672.00;0.00
2026-09-25 04:25:00;1669.00;0.00
2026-09-25 04:30:00;1668.00;0.00
2026-09-25 04:35:00;1670.00;0.00
2026-09-25 04:40:00;1668.00;0.00
2026-09-25 04:45:00;1670.00;0.00
2026-09-25 04:50:00;1670.00;0.00
2026-09-25 04:55:00;1670.00;0.00
2026-09-25 05:00:00;1669.00;0.00
2026-09-25 05:05:00;1668.00;0.00
2026-09-25 05:10:00;1668.00;0.00
2026-09-25 05:15:00;1669.00;0.00
2026-09-25 05:20:00;1668.00;0.00
2026-09-25 05:25:00;1667.00;0.00
2026-09-25 05:30:00;1665.00;0.00
2026-09-25 05:35:00;1666.00;0.00
2026-09-25 05:40:00;1665.00;0.00
2026-09-25 05:45:00;1666.00;0.00
2026-09-25 05:50:00;1665.00;0.00
2026-09-25 05:55:00;1666.00;0.00
2026-09-25 06:00:00;1667.00;0.00
2026-09-25 06:05:00;1666.00;0.00
2026-09-25 06:10:00;1665.00;0.00
2026-09-25 06:15:00;1660.00;0.00
2026-09-25 06:20:00;1660.00;0.00
2026-09-25 06:25:00;1663.00;0.00
2026-09-25 06:30:00;1662.00;0.00
2026-09-25 06:35:00;1659.00;0.00
2026-09-25 06:40:00;1662.00;0.00
2026-09-25 06:45:00;1661.00;0.00
2026-09-25 06:50:00;1660.00;0.00
2026-09-25 06:55:00;1661.00;0.00
2026-09-25 07:00:00;1662.00;0.00
2026-09-25 07:05:00;1661.00;0.00
2026-09-25 07:10:00;1661.00;0.00
2026-09-25 07:15:00;1659.00;0.00
2026-09-25 07:20:00;1662.00;0.00
2026-09-25 07:25:00;1661.00;0.00
2026-09-25 07:30:00;1659.00;0.00
2026-09-25 07:35:00;1657.00;0.00
2026-09-25 07:40:00;1657.00;0.00
2026-09-25 07:45:00;1659.00;0.00
2026-09-25 07:50:00;1659.00;0.00
2026-09-25 07:55:00;1658.00;0.00
2026-09-25 08:00:00;1656.00;0.00
2026-09-25 08:05:00;1657.00;0.00
2026-09-25 08:10:00;1658.00;0.00
2026-09-25 08:15:00;1658.00;0.00
2026-09-25 08:20:00;1657.00;0.00
2026-09-25 08:25:00;1657.00;0.00
2026-09-25 08:30:00;1658.00;0.00
2026-09-25 08:35:00;1659.00;0.00
2026-09-25 08:40:00;1659.00;0.00
2026-09-25 08:45:00;1657.00;0.00
2026-09-25 08:50:00;1653.00;0.00
2026-09-25 08:55:00;1652.00;0.00
2026-09-25 09:00:00;1651.00;0.00
2026-09-25 09:05:00;1651.00;0.00
2026-09-25 09:10:00;1653.00;0.00
2026-09-25 09:15:00;1653.00;0.00
2026-09-25 09:20:00;1657.00;0.00
2026-09-25 09:25:00;1656.00;0.00
2026-09-25 09:30:00;1653.00;0.00
2026-09-25 09:35:00;1652.00;0.00
2026-09-25 09:40:00;1653.00;0.00
2026-09-25 09:45:00;1654.00;0.00
2026-09-25 09:50:00;1653.00;0.00
2026-09-25 09:55:00;1654.00;0.00
2026-09-25 10:00:00;1654.00;0.00
2026-09-25 10:05:00;1653.00;0.00
2026-09-25 10:10:00;1655.00;0.00
2026-09-25 10:15:00;1656.00;0.00
2026-09-25 10:20:00;1656.00;0.00
2026-09-25 10:25:00;1646.00;0.00
2026-09-25 10:30:00;1647.00;0.00
2026-09-25 10:35:00;1645.00;0.00
2026-09-25 10:40:00;1644.00;0.00
2026-09-25 10:45:00;1643.00;0.00
2026-09-25 10:50:00;1640.00;0.00
2026-09-25 10:55:00;1645.00;0.00
2026-09-25 11:00:00;1646.00;0.00
2026-09-25 11:05:00;1646.00;0.00
2026-09-25 11:10:00;1636.00;0.00
2026-09-25 11:15:00;1642.00;0.00
2026-09-25 11:20:00;1642.00;0.00
2026-09-25 11:25:00;1647.00;0.00
2026-09-25 11:30:00;1646.00;0.00
2026-09-25 11:35:00;1647.00;0.00
2026-09-25 11:40:00;1641.00;0.00
2026-09-25 11:45:00;1646.00;0.00
2026-09-25 11:50:00;1642.00;0.00
2026-09-25 11:55:00;1643.00;0.00
2026-09-25 12:00:00;1644.00;0.00
2026-09-25 12:05:00;1645.00;0.00
2026-09-25 12:10:00;1638.00;0.00
2026-09-25 12:15:00;1640.00;0.00
2026-09-25 12:20:00;1637.00;0.00
2026-09-25 12:25:00;1634.00;0.00
2026-09-25 12:30:00;1635.00;0.00
2026-09-25 12:35:00;1632.00;0.00
2026-09-25 12:40:00;1632.00;0.00
2026-09-25 12:45:00;1634.00;0.00
2026-09-25 12:50:00;1629.00;0.00
2026-09-25 12:55:00;1628.00;0.00
2026-09-25 13:00:00;1632.00;0.00
2026-09-25 13:05:00;1628.00;0.00
2026-09-25 13:10:00;1639.00;0.00
2026-09-25 13:15:00;1631.00;0.00
2026-09-25 13:20:00;1630.00;0.00
2026-09-25 13:25:00;1637.00;0.00
2026-09-25 13:30:00;1637.00;0.00
2026-09-25 13:35:00;1637.00;0.00
2026-09-25 13:40:00;1631.00;0.00
2026-09-25 13:45:00;1634.00;0.00
2026-09-25 13:50:00;1632.00;0.00
2026-09-25 13:55:00;1629.00;0.00
2026-09-25 14:00:00;1624.00;0.00
2026-09-25 14:05:00;1630.00;0.00
2026-09-25 14:10:00;1629.00;0.00
2026-09-25 14:15:00;1622.00;0.00
2026-09-25 14:20:00;1630.00;0.00
2026-09-25 14:25:00;1624.00;0.00
2026-09-25 14:30:00;1632.00;0.00
2026-09-25 14:35:00;1633.00;0.00
2026-09-25 14:40:00;1631.00;0.00
2026-09-25 14:45:00;1630.00;0.00
2026-09-25 14:50:00;1630.00;0.00
2026-09-25 14:55:00;1628.00;0.00
2026-09-25 15:00:00;1626.00;0.00
2026-09-25 15:05:00;1627.00;0.00
2026-09-25 15:10:00;1627.00;0.00
2026-09-25 15:15:00;1627.00;0.00
2026-09-25 15:20:00;1623.00;0.00
2026-09-25 15:25:00;1623.00;0.00
2026-09-25 15:30:00;1622.00;0.00
2026-09-25 15:35:00;1622.00;0.00
2026-09-25 15:40:00;1617.00;0.00
2026-09-25 15:45:00;1617.00;0.00
2026-09-25 15:50:00;1619.00;0.00
2026-09-25 15:55:00;1614.00;0.00
2026-09-25 16:00:00;1613.00;0.00
2026-09-25 16:05:00;1612.00;0.00
2026-09-25 16:10:00;1612.00;0.00
2026-09-25 16:15:00;1618.00;0.00
2026-09-25 16:20:00;1618.00;0.00
2026-09-25 16:25:00;1617.00;0.00
2026-09-25 16:30:00;1614.00;0.00
2026-09-25 16:35:00;1612.00;0.00
2026-09-25 16:40:00;1610.00;0.00
2026-09-25 16:45:00;2485.00;0.00
2026-09-25 16:50:00;4671.00;0.00
2026-09-25 16:55:00;4671.00;0.00
2026-09-25 17:00:00;4671.00;0.00
2026-09-25 17:05:00;4410.00;0.00
2026-09-25 17:10:00;1602.00;0.00
2026-09-25 17:15:00;1602.00;0.00
2026-09-25 17:20:00;1598.00;0.00
2026-09-25 17:25:00;1599.00;0.00
2026-09-25 17:30:00;1600.00;0.00
2026-09-25 17:35:00;1595.00;0.00
2026-09-25 17:40:00;1599.00;0.00
2026-09-25 17:45:00;1600.00;0.00
2026-09-25 17:50:00;1600.00;0.00
2026-09-25 17:55:00;1601.00;0.00
2026-09-25 18:00:00;1601.00;0.00
2026-09-25 18:05:00;1601.00;0.00
2026-09-25 18:10:00;1601.00;0.00
2026-09-25 18:15:00;1601.00;0.00
2026-09-25 18:20:00;1598.00;0.00
2026-09-25 18:25:00;1598.00;0.00
2026-09-25 18:30:00;1598.00;0.00
2026-09-25 18:35:00;1598.00;0.00
2026-09-25 18:40:00;1598.00;0.00
2026-09-25 18:45:00;1598.00;0.00
2026-09-25 18:50:00;1598.00;0.00
2026-09-25 18:55:00;1598.00;0.00
2026-09-25 19:00:00;1598.00;0.00
2026-09-25 19:05:00;1598.00;0.00
2026-09-25 19:10:00;1598.00;0.00
2026-09-25 19:15:00;1593.00;0.00
2026-09-25 19:20:00;1591.00;0.00
2026-09-25 19:25:00;1590.00;0.00
2026-09-25 19:30:00;1590.00;0.00
2026-09-25 19:35:00;1590.00;0.00
2026-09-25 19:40:00;1590.00;0.00
2026-09-25 19:45:00;1590.00;0.00
2026-09-25 19:50:00;1590.00;0.00
2026-09-25 19:55:00;1590.00;0.00
2026-09-25 20:00:00;1590.00;0.00
2026-09-25 20:05:00;1590.00;0.00
2026-09-25 20:10:00;1589.00;0.00
2026-09-25 20:15:00;1584.00;0.00
2026-09-25 20:20:00;1584.00;0.00
2026-09-25 20:25:00;1584.00;0.00
2026-09-25 20:30:00;1584.00;0.00
2026-09-25 20:35:00;1584.00;0.00
2026-09-25 20:40:00;1584.00;0.00
2026-09-25 20:45:00;1584.00;0.00
2026-09-25 20:50:00;1584.00;0.00
2026-09-25 20:55:00;1584.00;0.00
2026-09-25 21:00:00;1584.00;0.00
2026-09-25 21:05:00;1584.00;0.00
2026-09-25 21:10:00;1584.00;0.00
2026-09-25 21:15:00;1584.00;0.00
2026-09-25 21:20:00;1584.00;0.00
2026-09-25 21:25:00;1584.00;0.00
2026-09-25 21:30:00;1585.00;0.00
2026-09-25 21:35:00;1584.00;0.00
2026-09-25 21:40:00;1585.00;0.00
2026-09-25 21:45:00;1587.00;0.00
2026-09-25 21:50:00;1587.00;0.00
2026-09-25 21:55:00;1587.00;0.00
2026-09-25 22:00:00;1587.00;0.00
2026-09-25 22:05:00;1587.00;0.00
2026-09-25 22:10:00;1587.00;0.00
2026-09-25 22:15:00;1587.00;0.00
2026-09-25 22:20:00;1587.00;0.00
2026-09-25 22:25:00;1587.00;0.00
2026-09-25 22:30:00;1587.00;0.00
2026-09-25 22:35:00;1587.00;0.00
2026-09-25 22:40:00;1587.00;0.00
2026-09-25 22:45:00;1587.00;0.00
2026-09-25 22:50:00;1587.00;0.00
2026-09-25 22:55:00;1587.00;0.00
2026-09-25 23:00:00;1587.00;0.00
2026-09-25 23:05:00;1587.00;0.00
2026-09-25 23:10:00;1587.00;0.00
2026-09-25 23:15:00;1587.00;0.00
2026-09-25 23:20:00;1587.00;0.00
2026-09-25 23:25:00;1587.00;0.00
2026-09-25 23:30:00;1587.00;0.00
2026-09-25 23:35:00;1587.00;0.00
2026-09-25 23:40:00;1587.00;0.00
2026-09-25 23:45:00;1587.00;0.00
2026-09-25 23:50:00;1587.00;0.00
2026-09-25 23:55:00;1587.00;0.00
2026-09-26 00:00:00;1596.00;0.00
2026-09-26 00:05:00;1598.00;0.00
2026-09-26 00:10:00;1598.00;0.00
2026-09-26 00:15:00;1598.00;0.00
2026-09-26 00:20:00;1598.00;0.00
2026-09-26 00:25:00;1598.00;0.00
2026-09-26 00:30:00;1598.00;0.00
2026-09-26 00:35:00;1598.00;0.00
2026-09-26 00:40:00;1598.00;0.00
2026-09-26 00:45:00;1600.00;0.00
2026-09-26 00:50:00;1604.00;0.00
2026-09-26 00:55:00;1604.00;0.00
2026-09-26 01:00:00;1604.00;0.00
2026-09-26 01:05:00;1604.00;0.00
2026-09-26 01:10:00;1605.00;0.00
2026-09-26 01:15:00;1611.00;0.00
2026-09-26 01:20:00;1611.00;0.00
2026-09-26 01:25:00;1611.00;0.00
2026-09-26 01:30:00;1603.00;0.00
2026-09-26 01:35:00;1614.00;0.00
2026-09-26 01:40:00;1615.00;0.00
2026-09-26 01:45:00;1613.00;0.00
2026-09-26 01:50:00;1610.00;0.00
2026-09-26 01:55:00;1610.00;0.00
2026-09-26 02:00:00;1612.00;0.00
2026-09-26 02:05:00;1612.00;0.00
2026-09-26 02:10:00;1612.00;0.00
2026-09-26 02:15:00;1612.00;0.00
2026-09-26 02:20:00;1612.00;0.00
2026-09-26 02:25:00;1618.00;0.00
2026-09-26 02:30:00;1622.00;0.00
2026-09-26 02:35:00;1624.00;0.00
2026-09-26 02:40:00;1624.00;0.00
2026-09-26 02:45:00;1624.00;0.00
2026-09-26 02:50:00;1625.00;0.00
2026-09-26 02:55:00;1625.00;0.00
2026-09-26 03:00:00;1624.00;0.00
2026-09-26 03:05:00;1624.00;0.00
2026-09-26 03:10:00;1623.00;0.00
2026-09-26 03:15:00;1621.00;0.00
2026-09-26 03:20:00;1621.00;0.00
2026-09-26 03:25:00;1625.00;0.00
2026-09-26 03:30:00;1625.00;0.00
2026-09-26 03:35:00;1625.00;0.00
2026-09-26 03:40:00;1625.00;0.00
2026-09-26 03:45:00;1625.00;0.00
2026-09-26 03:50:00;1625.00;0.00
2026-09-26 03:55:00;1625.00;0.00
2026-09-26 04:00:00;1620.00;0.00
2026-09-26 04:05:00;1623.00;0.00
2026-09-26 04:10:00;1625.00;0.00
2026-09-26 04:15:00;1623.00;0.00
2026-09-26 04:20:00;1608.00;0.00
2026-09-26 04:25:00;1621.00;0.00
2026-09-26 04:30:00;1612.00;0.00
2026-09-26 04:35:00;1612.00;0.00
2026-09-26 04:40:00;1612.00;0.00
2026-09-26 04:45:00;1608.00;0.00
2026-09-26 04:50:00;1611.00;0.00
2026-09-26 04:55:00;1599.00;0.00
2026-09-26 05:00:00;1598.00;0.00
2026-09-26 05:05:00;1601.00;0.00
2026-09-26 05:10:00;1601.00;0.00
2026-09-26 05:15:00;1595.00;0.00
2026-09-26 05:20:00;1591.00;0.00
2026-09-26 05:25:00;1601.00;0.00
2026-09-26 05:30:00;1605.00;0.00
2026-09-26 05:35:00;1605.00;0.00
2026-09-26 05:40:00;1599.00;0.00
2026-09-26 05:45:00;1595.00;0.00
2026-09-26 05:50:00;1605.00;0.00
2026-09-26 05:55:00;1608.00;0.00
2026-09-26 06:00:00;1602.00;0.00
2026-09-26 06:05:00;1607.00;0.00
2026-09-26 06:10:00;1610.00;0.00
2026-09-26 06:15:00;1610.00;0.00
2026-09-26 06:20:00;1610.00;0.00
2026-09-26 06:25:00;1610.00;0.00
2026-09-26 06:30:00;1610.00;0.00
2026-09-26 06:35:00;1610.00;0.00
2026-09-26 06:40:00;1610.00;0.00
2026-09-26 06:45:00;1610.00;0.00
2026-09-26 06:50:00;1610.00;0.00
2026-09-26 06:55:00;1612.00;0.00
2026-09-26 07:00:00;1613.00;0.00
2026-09-26 07:05:00;1613.00;0.00
2026-09-26 07:10:00;1613.00;0.00
2026-09-26 07:15:00;1613.00;0.00
2026-09-26 07:20:00;1613.00;0.00
2026-09-26 07:25:00;1613.00;0.00
2026-09-26 07:30:00;1613.00;0.00
2026-09-26 07:35:00;1613.00;0.00
2026-09-26 07:40:00;1613.00;0.00
2026-09-26 07:45:00;1613.00;0.00
2026-09-26 07:50:00;1613.00;0.00
2026-09-26 07:55:00;1613.00;0.00
2026-09-26 08:00:00;1613.00;0.00
2026-09-26 08:05:00;1613.00;0.00
2026-09-26 08:10:00;1598.00;0.00
2026-09-26 08:15:00;1598.00;0.00
2026-09-26 08:20:00;1599.00;0.00
2026-09-26 08:25:00;1598.00;0.00
2026-09-26 08:30:00;1598.00;0.00
2026-09-26 08:35:00;1598.00;0.00
2026-09-26 08:40:00;1598.00;0.00
2026-09-26 08:45:00;1598.00;0.00
2026-09-26 08:50:00;1598.00;0.00
2026-09-26 08:55:00;1591.00;0.00
2026-09-26 09:00:00;1591.00;0.00
2026-09-26 09:05:00;1593.00;0.00
2026-09-26 09:10:00;1594.00;0.00
2026-09-26 09:15:00;1594.00;0.00
2026-09-26 09:20:00;1594.00;0.00
2026-09-26 09:25:00;1594.00;0.00
2026-09-26 09:30:00;1594.00;0.00
2026-09-26 09:35:00;1594.00;0.00
2026-09-26 09:40:00;1594.00;0.00
2026-09-26 09:45:00;1594.00;0.00
2026-09-26 09:50:00;1594.00;0.00
2026-09-26 09:55:00;1594.00;0.00
2026-09-26 10:00:00;1594.00;0.00
2026-09-26 10:05:00;1594.00;0.00
2026-09-26 10:10:00;1594.00;0.00
2026-09-26 10:15:00;1594.00;0.00
2026-09-26 10:20:00;1594.00;0.00
2026-09-26 10:25:00;1594.00;0.00
2026-09-26 10:30:00;1594.00;0.00
2026-09-26 10:35:00;1594.00;0.00
2026-09-26 10:40:00;1594.00;0.00
2026-09-26 10:45:00;1594.00;0.00
2026-09-26 10:50:00;1594.00;0.00
2026-09-26 10:55:00;1588.00;0.00
2026-09-26 11:00:00;1584.00;0.00
2026-09-26 11:05:00;1584.00;0.00
2026-09-26 11:10:00;1584.00;0.00
2026-09-26 11:15:00;1584.00;0.00
2026-09-26 11:20:00;1584.00;0.00
2026-09-26 11:25:00;1584.00;0.00
2026-09-26 11:30:00;1584.00;0.00
2026-09-26 11:35:00;1583.00;0.00
2026-09-26 11:40:00;1579.00;0.00
2026-09-26 11:45:00;1583.00;0.00
2026-09-26 11:50:00;1584.00;0.00
2026-09-26 11:55:00;1583.00;0.00
2026-09-26 12:00:00;1583.00;0.00
2026-09-26 12:05:00;1580.00;0.00
2026-09-26 12:10:00;1580.00;0.00
2026-09-26 12:15:00;1581.00;0.00
2026-09-26 12:20:00;1581.00;0.00
2026-09-26 12:25:00;1574.00;0.00
2026-09-26 12:30:00;1579.00;0.00
2026-09-26 12:35:00;1575.00;0.00
2026-09-26 12:40:00;1571.00;0.00
2026-09-26 12:45:00;1575.00;0.00
2026-09-26 12:50:00;1578.00;0.00
2026-09-26 12:55:00;1574.00;0.00
2026-09-26 13:00:00;1573.00;0.00
2026-09-26 13:05:00;1574.00;0.00
2026-09-26 13:10:00;1567.00;0.00
2026-09-26 13:15:00;1575.00;0.00
2026-09-26 13:20:00;1578.00;0.00
2026-09-26 13:25:00;1580.00;0.00
2026-09-26 13:30:00;1578.00;0.00
2026-09-26 13:35:00;1570.00;0.00
2026-09-26 13:40:00;1576.00;0.00
2026-09-26 13:45:00;1576.00;0.00
2026-09-26 13:50:00;1579.00;0.00
2026-09-26 13:55:00;1575.00;0.00
2026-09-26 14:00:00;1572.00;0.00
2026-09-26 14:05:00;1568.00;0.00
2026-09-26 14:10:00;1572.00;0.00
2026-09-26 14:15:00;1566.00;0.00
2026-09-26 14:20:00;1557.00;0.00
2026-09-26 14:25:00;1556.00;0.00
2026-09-26 14:30:00;1555.00;0.00
2026-09-26 14:35:00;1556.00;0.00
2026-09-26 14:40:00;1555.00;0.00
2026-09-26 14:45:00;1554.00;0.00
2026-09-26 14:50:00;1553.00;0.00
2026-09-26 14:55:00;1553.00;0.00
2026-09-26 15:00:00;1551.00;0.00
2026-09-26 15:05:00;1552.00;0.00
2026-09-26 15:10:00;1551.00;0.00
2026-09-26 15:15:00;1549.00;0.00
2026-09-26 15:20:00;1551.00;0.00
2026-09-26 15:25:00;1549.00;0.00
2026-09-26 15:30:00;1553.00;0.00
2026-09-26 15:35:00;1552.00;0.00
2026-09-26 15:40:00;1553.00;0.00
2026-09-26 15:45:00;1551.00;0.00
2026-09-26 15:50:00;1550.00;0.00
2026-09-26 15:55:00;1550.00;0.00
2026-09-26 16:00:00;1551.00;0.00
2026-09-26 16:05:00;1551.00;0.00
2026-09-26 16:10:00;1550.00;0.00
2026-09-26 16:15:00;1550.00;0.00
2026-09-26 16:20:00;1550.00;0.00
2026-09-26 16:25:00;1552.00;0.00
2026-09-26 16:30:00;1549.00;0.00
2026-09-26 16:35:00;1548.00;0.00
2026-09-26 16:40:00;1550.00;0.00
2026-09-26 16:45:00;1549.00;0.00
2026-09-26 16:50:00;1545.00;0.00
2026-09-26 16:55:00;1547.00;0.00
2026-09-26 17:00:00;1547.00;0.00
2026-09-26 17:05:00;1549.00;0.00
2026-09-26 17:10:00;1547.00;0.00
2026-09-26 17:15:00;1548.00;0.00
2026-09-26 17:20:00;1546.00;0.00
2026-09-26 17:25:00;1546.00;0.00
2026-09-26 17:30:00;1546.00;0.00
2026-09-26 17:35:00;1545.00;0.00
2026-09-26 17:40:00;1546.00;0.00
2026-09-26 17:45:00;1542.00;0.00
2026-09-26 17:50:00;1545.00;0.00
2026-09-26 17:55:00;1545.00;0.00
2026-09-26 18:00:00;1546.00;0.00
2026-09-26 18:05:00;1547.00;0.00
2026-09-26 18:10:00;1545.00;0.00
2026-09-26 18:15:00;1545.00;0.00
2026-09-26 18:20:00;1544.00;0.00
2026-09-26 18:25:00;1546.00;0.00
2026-09-26 18:30:00;1547.00;0.00
2026-09-26 18:35:00;1551.00;0.00
2026-09-26 18:40:00;1550.00;0.00
2026-09-26 18:45:00;1549.00;0.00
2026-09-26 18:50:00;1550.00;0.00
2026-09-26 18:55:00;1552.00;0.00
2026-09-26 19:00:00;1550.00;0.00
2026-09-26 19:05:00;1550.00;0.00
2026-09-26 19:10:00;1550.00;0.00
2026-09-26 19:15:00;1548.00;0.00
2026-09-26 19:20:00;1547.00;0.00
2026-09-26 19:25:00;1545.00;0.00
2026-09-26 19:30:00;1543.00;0.00
2026-09-26 19:35:00;1546.00;0.00
2026-09-26 19:40:00;1543.00;0.00
2026-09-26 19:45:00;1544.00;0.00
2026-09-26 19:50:00;1542.00;0.00
2026-09-26 19:55:00;1542.00;0.00
2026-09-26 20:00:00;1541.00;0.00
2026-09-26 20:05:00;1540.00;0.00
2026-09-26 20:10:00;1540.00;0.00
2026-09-26 20:15:00;1540.00;0.00
2026-09-26 20:20:00;1539.00;0.00
2026-09-26 20:25:00;1539.00;0.00
2026-09-26 20:30:00;1537.00;0.00
2026-09-26 20:35:00;1537.00;0.00
2026-09-26 20:40:00;1534.00;0.00
2026-09-26 20:45:00;1534.00;0.00
2026-09-26 20:50:00;1534.00;0.00
2026-09-26 20:55:00;1533.00;0.00
2026-09-26 21:00:00;1532.00;0.00
2026-09-26 21:05:00;1532.00;0.00
2026-09-26 21:10:00;1531.00;0.00
2026-09-26 21:15:00;1533.00;0.00
2026-09-26 21:20:00;1531.00;0.00
2026-09-26 21:25:00;1529.00;0.00
2026-09-26 21:30:00;1532.00;0.00
2026-09-26 21:35:00;1530.00;0.00
2026-09-26 21:40:00;1530.00;0.00
2026-09-26 21:45:00;1530.00;0.00
2026-09-26 21:50:00;1531.00;0.00
2026-09-26 21:55:00;1529.00;0.00
2026-09-26 22:00:00;1528.00;0.00
2026-09-26 22:05:00;1529.00;0.00
2026-09-26 22:10:00;1529.00;0.00
2026-09-26 22:15:00;1529.00;0.00
2026-09-26 22:20:00;1531.00;0.00
2026-09-26 22:25:00;1528.00;0.00
2026-09-26 22:30:00;1528.00;0.00
2026-09-26 22:35:00;1530.00;0.00
2026-09-26 22:40:00;1528.00;0.00
2026-09-26 22:45:00;1529.00;0.00
2026-09-26 22:50:00;1529.00;0.00
2026-09-26 22:55:00;1529.00;0.00
2026-09-26 23:00:00;1528.00;0.00
2026-09-26 23:05:00;1529.00;0.00
2026-09-26 23:10:00;1525.00;0.00
2026-09-26 23:15:00;1527.00;0.00
2026-09-26 23:20:00;1526.00;0.00
2026-09-26 23:25:00;1522.00;0.00
2026-09-26 23:30:00;1527.00;0.00
2026-09-26 23:35:00;1531.00;0.00
2026-09-26 23:40:00;1531.00;0.00
2026-09-26 23:45:00;1532.00;0.00
2026-09-26 23:50:00;1533.00;0.00
2026-09-26 23:55:00;1533.00;0.00
2026-09-27 00:00:00;1533.00;0.00
2026-09-27 00:05:00;1534.00;0.00
2026-09-27 00:10:00;1533.00;0.00
2026-09-27 00:15:00;1528.00;0.00
2026-09-27 00:20:00;1535.00;0.00
2026-09-27 00:25:00;1535.00;0.00
2026-09-27 00:30:00;1537.00;0.00
2026-09-27 00:35:00;1535.00;0.00
2026-09-27 00:40:00;1535.00;0.00
2026-09-27 00:45:00;1538.00;0.00
2026-09-27 00:50:00;1539.00;0.00
2026-09-27 00:55:00;1539.00;0.00
2026-09-27 01:00:00;1535.00;0.00
2026-09-27 01:05:00;1540.00;0.00
2026-09-27 01:10:00;1542.00;0.00
2026-09-27 01:15:00;1542.00;0.00
2026-09-27 01:20:00;1541.00;0.00
2026-09-27 01:25:00;1544.00;0.00
2026-09-27 01:30:00;1545.00;0.00
2026-09-27 01:35:00;1545.00;0.00
2026-09-27 01:40:00;1544.00;0.00
2026-09-27 01:45:00;1545.00;0.00
2026-09-27 01:50:00;1548.00;0.00
2026-09-27 01:55:00;1548.00;0.00
2026-09-27 02:00:00;1548.00;0.00
2026-09-27 02:05:00;1548.00;0.00
2026-09-27 02:10:00;1549.00;0.00
2026-09-27 02:15:00;1549.00;0.00
2026-09-27 02:20:00;1550.00;0.00
2026-09-27 02:25:00;1550.00;0.00
2026-09-27 02:30:00;1551.00;0.00
2026-09-27 02:35:00;1552.00;0.00
2026-09-27 02:40:00;1552.00;0.00
2026-09-27 02:45:00;1552.00;0.00
2026-09-27 02:50:00;1552.00;0.00
2026-09-27 02:55:00;1552.00;0.00
2026-09-27 03:00:00;1552.00;0.00
2026-09-27 03:05:00;1552.00;0.00
2026-09-27 03:10:00;1552.00;0.00
2026-09-27 03:15:00;1552.00;0.00
2026-09-27 03:20:00;1552.00;0.00
2026-09-27 03:25:00;1552.00;0.00
2026-09-27 03:30:00;1552.00;0.00
2026-09-27 03:35:00;1556.00;0.00
2026-09-27 03:40:00;1559.00;0.00
2026-09-27 03:45:00;1559.00;0.00
2026-09-27 03:50:00;1559.00;0.00
2026-09-27 03:55:00;1559.00;0.00
2026-09-27 04:00:00;1560.00;0.00
2026-09-27 04:05:00;1557.00;0.00
2026-09-27 04:10:00;1561.00;0.00
2026-09-27 04:15:00;1564.00;0.00
2026-09-27 04:20:00;1569.00;0.00
2026-09-27 04:25:00;1575.00;0.00
2026-09-27 04:30:00;1574.00;0.00
2026-09-27 04:35:00;1574.00;0.00
2026-09-27 04:40:00;1572.00;0.00
2026-09-27 04:45:00;1561.00;0.20
2026-09-27 04:50:00;1567.00;0.20
2026-09-27 04:55:00;1566.00;0.00
2026-09-27 05:00:00;1569.00;0.00
2026-09-27 05:05:00;1571.00;0.20
2026-09-27 05:10:00;1575.00;0.00
2026-09-27 05:15:00;1578.00;0.00
2026-09-27 05:20:00;1577.00;0.00
2026-09-27 05:25:00;1580.00;0.00
2026-09-27 05:30:00;1581.00;0.00
2026-09-27 05:35:00;1582.00;0.00
2026-09-27 05:40:00;1572.00;0.20
2026-09-27 05:45:00;1567.00;0.00
2026-09-27 05:50:00;1570.00;0.00
2026-09-27 05:55:00;1567.00;0.20
2026-09-27 06:00:00;1567.00;0.40
2026-09-27 06:05:00;1565.00;0.20
2026-09-27 06:10:00;1574.00;0.40
2026-09-27 06:15:00;1577.00;0.20
2026-09-27 06:20:00;1577.00;0.20
2026-09-27 06:25:00;1572.00;0.00
2026-09-27 06:30:00;1572.00;0.20
2026-09-27 06:35:00;1573.00;0.00
2026-09-27 06:40:00;1576.00;0.20
2026-09-27 06:45:00;1575.00;0.00
2026-09-27 06:50:00;1575.00;0.00
2026-09-27 06:55:00;1576.00;0.00
2026-09-27 07:00:00;1576.00;0.00
2026-09-27 07:05:00;1568.00;0.20
2026-09-27 07:10:00;1570.00;0.00
2026-09-27 07:15:00;1577.00;0.00
2026-09-27 07:20:00;1578.00;0.00
2026-09-27 07:25:00;1577.00;0.00
2026-09-27 07:30:00;1577.00;0.00
2026-09-27 07:35:00;1578.00;0.00
2026-09-27 07:40:00;1577.00;0.00
2026-09-27 07:45:00;1576.00;0.00
2026-09-27 07:50:00;1572.00;0.00
2026-09-27 07:55:00;1566.00;0.00
2026-09-27 08:00:00;1568.00;0.00
2026-09-27 08:05:00;1574.00;0.00
2026-09-27 08:10:00;1571.00;0.00
2026-09-27 08:15:00;1573.00;0.00
2026-09-27 08:20:00;1574.00;0.00
2026-09-27 08:25:00;1574.00;0.00
2026-09-27 08:30:00;1574.00;0.00
2026-09-27 08:35:00;1572.00;0.00
2026-09-27 08:40:00;1568.00;0.00
2026-09-27 08:45:00;1572.00;0.00
2026-09-27 08:50:00;1569.00;0.00
2026-09-27 08:55:00;1567.00;0.00
2026-09-27 09:00:00;1571.00;0.00
2026-09-27 09:05:00;1568.00;0.20
2026-09-27 09:10:00;1569.00;0.00
2026-09-27 09:15:00;1569.00;0.00
2026-09-27 09:20:00;1568.00;0.00
2026-09-27 09:25:00;1569.00;0.00
2026-09-27 09:30:00;1561.00;0.00
2026-09-27 09:35:00;1563.00;0.00
2026-09-27 09:40:00;1565.00;0.00
2026-09-27 09:45:00;1567.00;0.00
2026-09-27 09:50:00;1556.00;0.00
2026-09-27 09:55:00;1563.00;0.00
2026-09-27 10:00:00;1564.00;0.00
2026-09-27 10:05:00;1560.00;0.00
2026-09-27 10:10:00;1561.00;0.00
2026-09-27 10:15:00;1559.00;0.00
2026-09-27 10:20:00;1554.00;0.00
2026-09-27 10:25:00;1554.00;0.00
2026-09-27 10:30:00;1556.00;0.00
2026-09-27 10:35:00;1557.00;0.00
2026-09-27 10:40:00;1560.00;0.00
2026-09-27 10:45:00;1562.00;0.00
2026-09-27 10:50:00;1557.00;0.00
2026-09-27 10:55:00;1556.00;0.00
2026-09-27 11:00:00;1558.00;0.00
2026-09-27 11:05:00;1555.00;0.00
2026-09-27 11:10:00;1555.00;0.00
2026-09-27 11:15:00;1553.00;0.20
2026-09-27 11:20:00;1554.00;0.00
2026-09-27 11:25:00;1554.00;0.00
2026-09-27 11:30:00;1549.00;0.00
2026-09-27 11:35:00;1550.00;0.20
2026-09-27 11:40:00;1550.00;0.00
2026-09-27 11:45:00;1549.00;0.00
2026-09-27 11:50:00;1549.00;0.00
2026-09-27 11:55:00;1547.00;0.00
2026-09-27 12:00:00;1543.00;0.20
2026-09-27 12:05:00;1544.00;0.20
2026-09-27 12:10:00;1549.00;0.00
2026-09-27 12:15:00;1549.00;0.00
2026-09-27 12:20:00;1549.00;0.00
2026-09-27 12:25:00;1550.00;0.20
2026-09-27 12:30:00;1549.00;0.00
2026-09-27 12:35:00;1550.00;0.20
2026-09-27 12:40:00;1550.00;0.00
2026-09-27 12:45:00;1550.00;0.00
2026-09-27 12:50:00;1548.00;0.00
2026-09-27 12:55:00;1549.00;0.20
2026-09-27 13:00:00;1548.00;0.00
2026-09-27 13:05:00;1546.00;0.20
2026-09-27 13:10:00;1548.00;0.20
2026-09-27 13:15:00;1542.00;0.40
2026-09-27 13:20:00;1538.00;0.40
2026-09-27 13:25:00;1538.00;0.40
2026-09-27 13:30:00;1536.00;0.40
2026-09-27 13:35:00;1534.00;0.40
2026-09-27 13:40:00;1534.00;0.60
2026-09-27 13:45:00;1537.00;0.20
2026-09-27 13:50:00;1535.00;0.40
2026-09-27 13:55:00;1527.00;0.40
2026-09-27 14:00:00;1528.00;0.20
2026-09-27 14:05:00;1529.00;0.20
2026-09-27 14:10:00;1531.00;0.00
2026-09-27 14:15:00;1533.00;0.00
2026-09-27 14:20:00;1540.00;0.00
2026-09-27 14:25:00;1544.00;0.20
2026-09-27 14:30:00;1544.00;0.00
2026-09-27 14:35:00;1547.00;0.00
2026-09-27 14:40:00;1544.00;0.00
2026-09-27 14:45:00;1544.00;0.20
2026-09-27 14:50:00;1546.00;0.00
2026-09-27 14:55:00;1545.00;0.00
2026-09-27 15:00:00;1543.00;0.00
2026-09-27 15:05:00;1540.00;0.20
2026-09-27 15:10:00;1544.00;0.00
2026-09-27 15:15:00;1543.00;0.20
2026-09-27 15:20:00;1543.00;0.20
2026-09-27 15:25:00;1543.00;0.20
2026-09-27 15:30:00;1540.00;0.20
2026-09-27 15:35:00;1541.00;0.00
2026-09-27 15:40:00;1539.00;0.20
2026-09-27 15:45:00;1537.00;0.40
2026-09-27 15:50:00;1539.00;0.20
2026-09-27 15:55:00;1536.00;0.40
2026-09-27 16:00:00;1538.00;0.40
2026-09-27 16:05:00;1528.00;0.40
2026-09-27 16:10:00;1522.00;0.60
2026-09-27 16:15:00;1522.00;0.40
2026-09-27 16:20:00;1522.00;0.40
2026-09-27 16:25:00;1519.00;0.20
2026-09-27 16:30:00;1523.00;0.20
2026-09-27 16:35:00;1526.00;0.00
2026-09-27 16:40:00;1524.00;0.00
2026-09-27 16:45:00;1524.00;0.00
2026-09-27 16:50:00;1522.00;0.00
2026-09-27 16:55:00;1525.00;0.00
2026-09-27 17:00:00;1530.00;0.00
2026-09-27 17:05:00;1536.00;0.00
2026-09-27 17:10:00;1539.00;0.00
2026-09-27 17:15:00;1540.00;0.00
2026-09-27 17:20:00;1537.00;0.00
2026-09-27 17:25:00;1534.00;0.00
2026-09-27 17:30:00;1539.00;0.00
2026-09-27 17:35:00;1538.00;0.00
2026-09-27 17:40:00;1536.00;0.00
2026-09-27 17:45:00;1537.00;0.00
2026-09-27 17:50:00;1536.00;0.00
2026-09-27 17:55:00;1537.00;0.00
2026-09-27 18:00:00;1536.00;0.20
2026-09-27 18:05:00;1524.00;0.00
2026-09-27 18:10:00;1530.00;0.20
2026-09-27 18:15:00;1531.00;0.00
2026-09-27 18:20:00;1530.00;0.00
2026-09-27 18:25:00;1530.00;0.00
2026-09-27 18:30:00;1528.00;0.00
2026-09-27 18:35:00;1527.00;0.00
2026-09-27 18:40:00;1524.00;0.00
2026-09-27 18:45:00;1527.00;0.00
2026-09-27 18:50:00;1525.00;0.20
2026-09-27 18:55:00;1524.00;0.00
2026-09-27 19:00:00;1525.00;0.20
2026-09-27 19:05:00;1522.00;0.00
2026-09-27 19:10:00;1521.00;0.20
2026-09-27 19:15:00;1522.00;0.00
2026-09-27 19:20:00;1524.00;0.00
2026-09-27 19:25:00;1523.00;0.00
2026-09-27 19:30:00;1522.00;0.00
2026-09-27 19:35:00;1523.00;0.00
2026-09-27 19:40:00;1522.00;0.00
2026-09-27 19:45:00;1522.00;0.00
2026-09-27 19:50:00;1519.00;0.00
2026-09-27 19:55:00;1520.00;0.00
2026-09-27 20:00:00;1520.00;0.00
2026-09-27 20:05:00;1519.00;0.00
2026-09-27 20:10:00;1520.00;0.00
2026-09-27 20:15:00;1518.00;0.00
2026-09-27 20:20:00;1518.00;0.00
2026-09-27 20:25:00;1519.00;0.00
2026-09-27 20:30:00;1516.00;0.00
2026-09-27 20:35:00;1517.00;0.00
2026-09-27 20:40:00;1516.00;0.00
2026-09-27 20:45:00;1516.00;0.00
2026-09-27 20:50:00;1516.00;0.00
2026-09-27 20:55:00;1515.00;0.00
2026-09-27 21:00:00;1515.00;0.00
2026-09-27 21:05:00;1515.00;0.00
2026-09-27 21:10:00;1514.00;0.00
2026-09-27 21:15:00;1514.00;0.00
2026-09-27 21:20:00;1514.00;0.00
2026-09-27 21:25:00;1514.00;0.00
2026-09-27 21:30:00;1514.00;0.00
2026-09-27 21:35:00;1513.00;0.00
2026-09-27 21:40:00;1513.00;0.00
2026-09-27 21:45:00;1513.00;0.00
2026-09-27 21:50:00;1513.00;0.00
2026-09-27 21:55:00;1512.00;0.00
2026-09-27 22:00:00;1512.00;0.00
2026-09-27 22:05:00;1512.00;0.00
2026-09-27 22:10:00;1512.00;0.00
2026-09-27 22:15:00;1512.00;0.00
2026-09-27 22:20:00;1512.00;0.00
2026-09-27 22:25:00;1509.00;0.00
2026-09-27 22:30:00;1512.00;0.00
2026-09-27 22:35:00;1509.00;0.00
2026-09-27 22:40:00;1511.00;0.00
2026-09-27 22:45:00;1510.00;0.00
2026-09-27 22:50:00;1509.00;0.00
2026-09-27 22:55:00;1511.00;0.00
2026-09-27 23:00:00;1510.00;0.20
2026-09-27 23:05:00;1506.00;0.00
2026-09-27 23:10:00;1510.00;0.00
2026-09-27 23:15:00;1511.00;0.00
2026-09-27 23:20:00;1501.00;0.00
2026-09-27 23:25:00;1497.00;0.20
2026-09-27 23:30:00;1490.00;0.80
2026-09-27 23:35:00;1485.00;1.20
2026-09-27 23:40:00;1501.00;0.20
2026-09-27 23:45:00;1500.00;0.20
2026-09-27 23:50:00;1497.00;0.40
2026-09-27 23:55:00;1504.00;0.20
2026-09-28 00:00:00;1501.00;0.00
2026-09-28 00:05:00;1500.00;0.20
2026-09-28 00:10:00;1504.00;0.20
2026-09-28 00:15:00;1507.00;0.20
2026-09-28 00:20:00;1507.00;0.00
2026-09-28 00:25:00;1507.00;0.00
2026-09-28 00:30:00;1509.00;0.20
2026-09-28 00:35:00;1504.00;0.20
2026-09-28 00:40:00;1507.00;0.00
2026-09-28 00:45:00;1508.00;0.20
2026-09-28 00:50:00;1510.00;0.00
2026-09-28 00:55:00;1510.00;0.00
2026-09-28 01:00:00;1512.00;0.00
2026-09-28 01:05:00;1513.00;0.00
2026-09-28 01:10:00;1514.00;0.00
2026-09-28 01:15:00;1514.00;0.00
2026-09-28 01:20:00;1515.00;0.00
2026-09-28 01:25:00;1517.00;0.00
2026-09-28 01:30:00;1515.00;0.00
2026-09-28 01:35:00;1517.00;0.00
2026-09-28 01:40:00;1516.00;0.00
2026-09-28 01:45:00;1518.00;0.00
2026-09-28 01:50:00;1517.00;0.00
2026-09-28 01:55:00;1519.00;0.00
2026-09-28 02:00:00;1520.00;0.00
2026-09-28 02:05:00;1520.00;0.00
2026-09-28 02:10:00;1522.00;0.00
2026-09-28 02:15:00;1521.00;0.00
2026-09-28 02:20:00;1523.00;0.00
2026-09-28 02:25:00;1522.00;0.00
2026-09-28 02:30:00;1522.00;0.00
2026-09-28 02:35:00;1525.00;0.00
2026-09-28 02:40:00;1527.00;0.00
2026-09-28 02:45:00;1528.00;0.00
2026-09-28 02:50:00;1531.00;0.00
2026-09-28 02:55:00;1532.00;0.00
2026-09-28 03:00:00;1533.00;0.00
2026-09-28 03:05:00;1536.00;0.00
2026-09-28 03:10:00;1536.00;0.00
2026-09-28 03:15:00;1538.00;0.20
2026-09-28 03:20:00;1536.00;0.00
2026-09-28 03:25:00;1534.00;0.20
2026-09-28 03:30:00;1534.00;0.40
2026-09-28 03:35:00;1524.00;2.00
2026-09-28 03:40:00;1516.00;4.40
2026-09-28 03:45:00;1519.00;3.60
2026-09-28 03:50:00;1526.00;4.40
2026-09-28 03:55:00;1536.00;0.60
2026-09-28 04:00:00;1538.00;0.40
2026-09-28 04:05:00;1539.00;0.40
2026-09-28 04:10:00;1543.00;0.60
2026-09-28 04:15:00;1540.00;0.60
2026-09-28 04:20:00;1548.00;0.20
2026-09-28 04:25:00;1553.00;0.20
2026-09-28 04:30:00;1552.00;0.40
2026-09-28 04:35:00;1554.00;0.20
2026-09-28 04:40:00;1556.00;0.20
2026-09-28 04:45:00;1556.00;0.00
2026-09-28 04:50:00;1558.00;0.20
2026-09-28 04:55:00;1564.00;0.20
2026-09-28 05:00:00;1563.00;0.20
2026-09-28 05:05:00;1563.00;0.20
2026-09-28 05:10:00;1563.00;0.20
2026-09-28 05:15:00;1568.00;0.20
2026-09-28 05:20:00;1571.00;0.00
2026-09-28 05:25:00;1578.00;0.20
2026-09-28 05:30:00;1576.00;0.00
2026-09-28 05:35:00;1572.00;0.40
2026-09-28 05:40:00;1571.00;0.20
2026-09-28 05:45:00;1572.00;0.40
2026-09-28 05:50:00;1568.00;0.60
2026-09-28 05:55:00;1576.00;0.20
2026-09-28 06:00:00;1578.00;0.20
2026-09-28 06:05:00;1580.00;0.20
2026-09-28 06:10:00;1578.00;0.40
2026-09-28 06:15:00;1576.00;0.40
2026-09-28 06:20:00;1575.00;0.60
2026-09-28 06:25:00;1581.00;0.20
2026-09-28 06:30:00;1584.00;0.20
2026-09-28 06:35:00;1583.00;0.20
2026-09-28 06:40:00;1586.00;0.20
2026-09-28 06:45:00;1585.00;0.20
2026-09-28 06:50:00;1588.00;0.60
2026-09-28 06:55:00;1591.00;0.20
2026-09-28 07:00:00;1591.00;0.20
2026-09-28 07:05:00;1596.00;0.20
2026-09-28 07:10:00;1602.00;0.20
2026-09-28 07:15:00;1602.00;0.00
2026-09-28 07:20:00;1600.00;0.00
2026-09-28 07:25:00;1599.00;0.20
2026-09-28 07:30:00;1603.00;0.20
2026-09-28 07:35:00;1606.00;0.00
2026-09-28 07:40:00;1608.00;0.40
2026-09-28 07:45:00;1609.00;0.20
2026-09-28 07:50:00;1611.00;0.20
2026-09-28 07:55:00;1611.00;0.40
2026-09-28 08:00:00;1616.00;0.20
2026-09-28 08:05:00;1617.00;0.40
2026-09-28 08:10:00;1612.00;0.40
2026-09-28 08:15:00;1617.00;0.80
2026-09-28 08:20:00;1621.00;0.40
2026-09-28 08:25:00;1621.00;0.20
2026-09-28 08:30:00;1624.00;0.40
2026-09-28 08:35:00;1624.00;0.80
2026-09-28 08:40:00;1626.00;0.40
2026-09-28 08:45:00;1632.00;0.40
2026-09-28 08:50:00;1634.00;0.60
2026-09-28 08:55:00;1632.00;0.40
2026-09-28 09:00:00;1636.00;0.80
2026-09-28 09:05:00;1643.00;0.20
2026-09-28 09:10:00;1649.00;0.20
2026-09-28 09:15:00;1652.00;0.20
2026-09-28 09:20:00;1655.00;0.00
2026-09-28 09:25:00;1655.00;0.20
2026-09-28 09:30:00;1659.00;0.00
2026-09-28 09:35:00;1663.00;0.20
2026-09-28 09:40:00;1667.00;0.20
2026-09-28 09:45:00;1669.00;0.20
2026-09-28 09:50:00;1671.00;0.40
2026-09-28 09:55:00;1666.00;0.20
2026-09-28 10:00:00;1666.00;0.20
2026-09-28 10:05:00;1672.00;0.40
2026-09-28 10:10:00;1686.00;0.40
2026-09-28 10:15:00;1692.00;0.40
2026-09-28 10:20:00;1691.00;0.20
2026-09-28 10:25:00;1693.00;0.60
2026-09-28 10:30:00;1695.00;0.20
2026-09-28 10:35:00;1702.00;0.20
2026-09-28 10:40:00;1714.00;0.20
2026-09-28 10:45:00;1728.00;0.20
2026-09-28 10:50:00;1731.00;0.20
2026-09-28 10:55:00;1732.00;0.40
2026-09-28 11:00:00;1740.00;0.00
2026-09-28 11:05:00;1745.00;0.20
2026-09-28 11:10:00;1748.00;0.20
2026-09-28 11:15:00;1752.00;0.00
2026-09-28 11:20:00;1757.00;0.20
2026-09-28 11:25:00;1759.00;0.00
2026-09-28 11:30:00;1760.00;0.40
2026-09-28 11:35:00;1759.00;0.40
2026-09-28 11:40:00;1765.00;0.80
2026-09-28 11:45:00;1765.00;0.60
2026-09-28 11:50:00;1769.00;0.40
2026-09-28 11:55:00;1770.00;0.40
2026-09-28 12:00:00;1774.00;0.20
2026-09-28 12:05:00;1777.00;0.20
2026-09-28 12:10:00;1780.00;0.20
2026-09-28 12:15:00;1784.00;0.00
2026-09-28 12:20:00;1787.00;0.20
2026-09-28 12:25:00;1789.00;0.00
2026-09-28 12:30:00;1794.00;0.00
2026-09-28 12:35:00;1797.00;0.00
2026-09-28 12:40:00;1801.00;0.00
2026-09-28 12:45:00;1803.00;0.00
2026-09-28 12:50:00;1806.00;0.00
2026-09-28 12:55:00;1805.00;0.00
2026-09-28 13:00:00;1811.00;0.00
2026-09-28 13:05:00;1813.00;0.00
2026-09-28 13:10:00;1811.00;0.20
2026-09-28 13:15:00;1819.00;0.00
2026-09-28 13:20:00;1821.00;0.20
2026-09-28 13:25:00;1826.00;0.20
2026-09-28 13:30:00;1829.00;0.00
2026-09-28 13:35:00;1833.00;0.00
2026-09-28 13:40:00;1834.00;0.00
2026-09-28 13:45:00;1840.00;0.20
2026-09-28 13:50:00;1844.00;0.00
2026-09-28 13:55:00;1848.00;0.00
2026-09-28 14:00:00;1854.00;0.00
2026-09-28 14:05:00;1854.00;0.20
2026-09-28 14:10:00;1861.00;0.20
2026-09-28 14:15:00;1863.00;0.20
2026-09-28 14:20:00;1867.00;0.20
2026-09-28 14:25:00;1871.00;0.40
2026-09-28 14:30:00;1874.00;0.20
2026-09-28 14:35:00;1876.00;0.40
2026-09-28 14:40:00;1877.00;0.40
2026-09-28 14:45:00;1882.00;0.40
2026-09-28 14:50:00;1885.00;0.60
2026-09-28 14:55:00;1884.00;0.40
2026-09-28 15:00:00;1892.00;0.60
2026-09-28 15:05:00;1891.00;0.60
2026-09-28 15:10:00;1894.00;0.80
2026-09-28 15:15:00;1900.00;0.60
2026-09-28 15:20:00;1902.00;0.40
2026-09-28 15:25:00;1907.00;0.40
2026-09-28 15:30:00;1910.00;0.40
2026-09-28 15:35:00;1915.00;0.20
2026-09-28 15:40:00;1921.00;0.40
2026-09-28 15:45:00;1919.00;0.40
2026-09-28 15:50:00;1923.00;0.20
2026-09-28 15:55:00;1929.00;0.40
2026-09-28 16:00:00;1933.00;0.40
2026-09-28 16:05:00;1939.00;0.40
2026-09-28 16:10:00;1942.00;0.40
2026-09-28 16:15:00;1944.00;0.40
2026-09-28 16:20:00;1949.00;0.40
2026-09-28 16:25:00;1951.00;0.20
2026-09-28 16:30:00;1957.00;0.00
2026-09-28 16:35:00;1962.00;0.20
2026-09-28 16:40:00;1963.00;0.20
2026-09-28 16:45:00;1969.00;0.00
2026-09-28 16:50:00;1971.00;0.20
2026-09-28 16:55:00;1980.00;0.00
2026-09-28 17:00:00;1981.00;0.00
2026-09-28 17:05:00;1992.00;0.20
2026-09-28 17:10:00;1985.00;0.00
2026-09-28 17:15:00;1995.00;0.20
2026-09-28 17:20:00;2000.00;0.00
2026-09-28 17:25:00;2004.00;0.00
2026-09-28 17:30:00;2008.00;0.20
2026-09-28 17:35:00;2011.00;0.00
2026-09-28 17:40:00;2020.00;0.00
2026-09-28 17:45:00;2019.00;0.00
2026-09-28 17:50:00;2029.00;0.00
2026-09-28 17:55:00;2033.00;0.00
2026-09-28 18:00:00;2037.00;0.00
2026-09-28 18:05:00;2043.00;0.00
2026-09-28 18:10:00;2045.00;0.00
2026-09-28 18:15:00;2051.00;0.20
2026-09-28 18:20:00;2058.00;0.00
2026-09-28 18:25:00;2066.00;0.00
2026-09-28 18:30:00;2065.00;0.00
2026-09-28 18:35:00;2068.00;0.00
2026-09-28 18:40:00;2080.00;0.00
2026-09-28 18:45:00;2089.00;0.00
2026-09-28 18:50:00;2088.00;0.20
2026-09-28 18:55:00;2095.00;0.00
2026-09-28 19:00:00;2095.00;0.00
2026-09-28 19:05:00;2102.00;0.00
2026-09-28 19:10:00;2107.00;0.00
2026-09-28 19:15:00;2108.00;0.00
2026-09-28 19:20:00;2116.00;0.00
2026-09-28 19:25:00;2121.00;0.00
2026-09-28 19:30:00;2128.00;0.00
2026-09-28 19:35:00;2128.00;0.00
2026-09-28 19:40:00;2138.00;0.00
2026-09-28 19:45:00;2140.00;0.00
2026-09-28 19:50:00;2146.00;0.00
2026-09-28 19:55:00;2154.00;0.00
2026-09-28 20:00:00;2154.00;0.20
2026-09-28 20:05:00;2163.00;0.00
2026-09-28 20:10:00;2164.00;0.00
2026-09-28 20:15:00;2175.00;0.00
2026-09-28 20:20:00;2175.00;0.00
2026-09-28 20:25:00;2180.00;0.00
2026-09-28 20:30:00;2186.00;0.00
2026-09-28 20:35:00;2194.00;0.00
2026-09-28 20:40:00;2199.00;0.00
2026-09-28 20:45:00;2205.00;0.00
2026-09-28 20:50:00;2213.00;0.00
2026-09-28 20:55:00;2217.00;0.00
2026-09-28 21:00:00;2226.00;0.00
2026-09-28 21:05:00;2232.00;0.00
2026-09-28 21:10:00;2236.00;0.20
2026-09-28 21:15:00;2245.00;0.00
2026-09-28 21:20:00;2247.00;0.00
2026-09-28 21:25:00;2254.00;0.00
2026-09-28 21:30:00;2264.00;0.00
2026-09-28 21:35:00;2266.00;0.00
2026-09-28 21:40:00;2270.00;0.00
2026-09-28 21:45:00;2276.00;0.00
2026-09-28 21:50:00;2279.00;0.00
2026-09-28 21:55:00;2288.00;0.00
2026-09-28 22:00:00;2292.00;0.00
2026-09-28 22:05:00;2297.00;0.00
2026-09-28 22:10:00;2302.00;0.00
2026-09-28 22:15:00;2306.00;0.00
2026-09-28 22:20:00;2314.00;0.20
2026-09-28 22:25:00;2319.00;0.00
2026-09-28 22:30:00;2324.00;0.00
2026-09-28 22:35:00;2326.00;0.00
2026-09-28 22:40:00;2334.00;0.00
2026-09-28 22:45:00;2336.00;0.00
2026-09-28 22:50:00;2341.00;0.00
2026-09-28 22:55:00;2345.00;0.00
2026-09-28 23:00:00;2347.00;0.00
2026-09-28 23:05:00;2352.00;0.00
2026-09-28 23:10:00;2353.00;0.00
2026-09-28 23:15:00;2354.00;0.00
2026-09-28 23:20:00;2364.00;0.00
2026-09-28 23:25:00;2370.00;0.00
2026-09-28 23:30:00;2366.00;0.20
2026-09-28 23:35:00;2370.00;0.00
2026-09-28 23:40:00;2377.00;0.00
2026-09-28 23:45:00;2374.00;0.00
2026-09-28 23:50:00;2383.00;0.00
2026-09-28 23:55:00;2381.00;0.00
2026-09-29 00:00:00;2386.00;0.00
2026-09-29 00:05:00;2388.00;0.00
2026-09-29 00:10:00;2389.00;0.00
2026-09-29 00:15:00;2393.00;0.00
2026-09-29 00:20:00;2395.00;0.00
2026-09-29 00:25:00;2395.00;0.00
2026-09-29 00:30:00;2396.00;0.00
2026-09-29 00:35:00;2394.00;0.00
2026-09-29 00:40:00;2406.00;0.00
2026-09-29 00:45:00;2408.00;0.00
2026-09-29 00:50:00;2410.00;0.00
2026-09-29 00:55:00;2408.00;0.00
2026-09-29 01:00:00;2413.00;0.00
2026-09-29 01:05:00;2420.00;0.00
2026-09-29 01:10:00;2421.00;0.00
2026-09-29 01:15:00;2418.00;0.00
2026-09-29 01:20:00;2422.00;0.00
2026-09-29 01:25:00;2427.00;0.00
2026-09-29 01:30:00;2427.00;0.00
2026-09-29 01:35:00;2431.00;0.00
2026-09-29 01:40:00;2434.00;0.00
2026-09-29 01:45:00;2432.00;0.00
2026-09-29 01:50:00;2437.00;0.00
2026-09-29 01:55:00;2438.00;0.00
2026-09-29 02:00:00;2437.00;0.00
2026-09-29 02:05:00;2438.00;0.00
2026-09-29 02:10:00;2439.00;0.20
2026-09-29 02:15:00;2441.00;0.00
2026-09-29 02:20:00;2446.00;0.00
2026-09-29 02:25:00;2444.00;0.00
2026-09-29 02:30:00;2448.00;0.00
2026-09-29 02:35:00;2449.00;0.00
2026-09-29 02:40:00;2451.00;0.00
2026-09-29 02:45:00;2452.00;0.00
2026-09-29 02:50:00;2452.00;0.00
2026-09-29 02:55:00;2449.00;0.00
2026-09-29 03:00:00;2451.00;0.00
2026-09-29 03:05:00;2453.00;0.00
2026-09-29 03:10:00;2452.00;0.00
2026-09-29 03:15:00;2452.00;0.00
2026-09-29 03:20:00;2457.00;0.20
2026-09-29 03:25:00;2459.00;0.00
2026-09-29 03:30:00;2459.00;0.00
2026-09-29 03:35:00;2459.00;0.00
2026-09-29 03:40:00;2458.00;0.00
2026-09-29 03:45:00;2457.00;0.00
2026-09-29 03:50:00;2459.00;0.00
2026-09-29 03:55:00;2459.00;0.00
2026-09-29 04:00:00;2459.00;0.20
2026-09-29 04:05:00;2460.00;0.00
2026-09-29 04:10:00;2462.00;0.00
2026-09-29 04:15:00;2462.00;0.00
2026-09-29 04:20:00;2463.00;0.00
2026-09-29 04:25:00;2462.00;0.00
2026-09-29 04:30:00;2464.00;0.00
2026-09-29 04:35:00;2465.00;0.20
2026-09-29 04:40:00;2463.00;0.00
2026-09-29 04:45:00;2465.00;0.00
2026-09-29 04:50:00;2465.00;0.20
2026-09-29 04:55:00;2466.00;0.00
2026-09-29 05:00:00;2464.00;0.00
2026-09-29 05:05:00;2462.00;0.00
2026-09-29 05:10:00;2463.00;0.00
2026-09-29 05:15:00;2466.00;0.00
2026-09-29 05:20:00;2466.00;0.00
2026-09-29 05:25:00;2466.00;0.20
2026-09-29 05:30:00;2466.00;0.00
2026-09-29 05:35:00;2468.00;0.00
2026-09-29 05:40:00;2469.00;0.20
2026-09-29 05:45:00;2469.00;0.00
2026-09-29 05:50:00;2467.00;0.00
2026-09-29 05:55:00;2471.00;0.20
2026-09-29 06:00:00;2471.00;0.20
2026-09-29 06:05:00;2464.00;0.00
2026-09-29 06:10:00;2463.00;0.20
2026-09-29 06:15:00;2464.00;0.20
2026-09-29 06:20:00;2467.00;0.00
2026-09-29 06:25:00;2466.00;0.20
2026-09-29 06:30:00;2469.00;0.00
2026-09-29 06:35:00;2470.00;0.20
2026-09-29 06:40:00;2468.00;0.20
2026-09-29 06:45:00;2467.00;0.00
2026-09-29 06:50:00;2467.00;0.00
2026-09-29 06:55:00;2466.00;0.20
2026-09-29 07:00:00;2468.00;0.00
2026-09-29 07:05:00;2468.00;0.20
2026-09-29 07:10:00;2470.00;0.00
2026-09-29 07:15:00;2470.00;0.20
2026-09-29 07:20:00;2468.00;0.00
2026-09-29 07:25:00;2467.00;0.00
2026-09-29 07:30:00;2467.00;0.20
2026-09-29 07:35:00;2465.00;0.20
2026-09-29 07:40:00;2467.00;0.00
2026-09-29 07:45:00;2467.00;0.00
2026-09-29 07:50:00;2468.00;0.20
2026-09-29 07:55:00;2469.00;0.20
2026-09-29 08:00:00;2467.00;0.00
2026-09-29 08:05:00;2469.00;0.20
2026-09-29 08:10:00;2468.00;0.00
2026-09-29 08:15:00;2469.00;0.20
2026-09-29 08:20:00;2469.00;0.00
2026-09-29 08:25:00;2468.00;0.00
2026-09-29 08:30:00;2464.00;0.20
2026-09-29 08:35:00;2468.00;0.20
2026-09-29 08:40:00;2467.00;0.00
2026-09-29 08:45:00;2470.00;0.20
2026-09-29 08:50:00;2470.00;0.20
2026-09-29 08:55:00;2469.00;0.00
2026-09-29 09:00:00;2467.00;0.20
2026-09-29 09:05:00;2467.00;0.00
2026-09-29 09:10:00;2462.00;0.40
2026-09-29 09:15:00;2466.00;0.20
2026-09-29 09:20:00;2465.00;0.00
2026-09-29 09:25:00;2466.00;0.20
2026-09-29 09:30:00;2466.00;0.20
2026-09-29 09:35:00;2467.00;0.20
2026-09-29 09:40:00;2466.00;0.00
2026-09-29 09:45:00;2468.00;0.00
2026-09-29 09:50:00;2470.00;0.20
2026-09-29 09:55:00;2468.00;0.00
2026-09-29 10:00:00;2471.00;0.00
2026-09-29 10:05:00;2470.00;0.00
2026-09-29 10:10:00;2471.00;0.20
2026-09-29 10:15:00;2471.00;0.00
2026-09-29 10:20:00;2474.00;0.00
2026-09-29 10:25:00;2475.00;0.00
2026-09-29 10:30:00;2474.00;0.00
2026-09-29 10:35:00;2475.00;0.20
2026-09-29 10:40:00;2476.00;0.00
2026-09-29 10:45:00;2480.00;0.00
2026-09-29 10:50:00;2480.00;0.00
2026-09-29 10:55:00;2481.00;0.00
2026-09-29 11:00:00;2478.00;0.00
2026-09-29 11:05:00;2478.00;0.20
2026-09-29 11:10:00;2481.00;0.00
2026-09-29 11:15:00;2483.00;0.00
2026-09-29 11:20:00;2484.00;0.00
2026-09-29 11:25:00;2487.00;0.00
2026-09-29 11:30:00;2488.00;0.00
2026-09-29 11:35:00;2488.00;0.00
2026-09-29 11:40:00;2489.00;0.00
2026-09-29 11:45:00;2486.00;0.00
2026-09-29 11:50:00;2490.00;0.00
2026-09-29 11:55:00;2491.00;0.00
2026-09-29 12:00:00;2490.00;0.00
2026-09-29 12:05:00;2491.00;0.00
2026-09-29 12:10:00;2493.00;0.00
2026-09-29 12:15:00;2496.00;0.00
2026-09-29 12:20:00;2498.00;0.00
2026-09-29 12:25:00;2500.00;0.00
2026-09-29 12:30:00;2501.00;0.20
2026-09-29 12:35:00;2501.00;0.00
2026-09-29 12:40:00;2503.00;0.00
2026-09-29 12:45:00;2504.00;0.00
2026-09-29 12:50:00;2505.00;0.00
2026-09-29 12:55:00;2507.00;0.00
2026-09-29 13:00:00;2508.00;0.00
2026-09-29 13:05:00;2509.00;0.00
2026-09-29 13:10:00;2511.00;0.00
2026-09-29 13:15:00;2512.00;0.00
2026-09-29 13:20:00;2512.00;0.00
2026-09-29 13:25:00;2511.00;0.00
2026-09-29 13:30:00;2513.00;0.00
2026-09-29 13:35:00;2515.00;0.00
2026-09-29 13:40:00;2520.00;0.00
2026-09-29 13:45:00;2522.00;0.00
2026-09-29 13:50:00;2523.00;0.00
2026-09-29 13:55:00;2527.00;0.00
2026-09-29 14:00:00;2528.00;0.00
2026-09-29 14:05:00;2530.00;0.00
2026-09-29 14:10:00;2532.00;0.00
2026-09-29 14:15:00;2534.00;0.00
2026-09-29 14:20:00;2537.00;0.00
2026-09-29 14:25:00;2538.00;0.00
2026-09-29 14:30:00;2537.00;0.00
2026-09-29 14:35:00;2540.00;0.00
2026-09-29 14:40:00;2543.00;0.00
2026-09-29 14:45:00;2544.00;0.00
2026-09-29 14:50:00;2548.00;0.00
2026-09-29 14:55:00;2551.00;0.00
2026-09-29 15:00:00;2552.00;0.00
2026-09-29 15:05:00;2557.00;0.00
2026-09-29 15:10:00;2558.00;0.00
2026-09-29 15:15:00;2561.00;0.00
2026-09-29 15:20:00;2565.00;0.00
2026-09-29 15:25:00;2567.00;0.00
2026-09-29 15:30:00;2568.00;0.00
2026-09-29 15:35:00;2571.00;0.00
2026-09-29 15:40:00;2574.00;0.00
2026-09-29 15:45:00;2577.00;0.00
2026-09-29 15:50:00;2578.00;0.00
2026-09-29 15:55:00;2581.00;0.00
2026-09-29 16:00:00;2583.00;0.00
2026-09-29 16:05:00;2586.00;0.00
2026-09-29 16:10:00;2590.00;0.00
2026-09-29 16:15:00;2592.00;0.00
2026-09-29 16:20:00;2596.00;0.00
2026-09-29 16:25:00;2598.00;0.00
2026-09-29 16:30:00;2600.00;0.00
2026-09-29 16:35:00;2602.00;0.00
2026-09-29 16:40:00;2603.00;0.00
2026-09-29 16:45:00;2608.00;0.00
2026-09-29 16:50:00;2610.00;0.00
2026-09-29 16:55:00;2614.00;0.00
2026-09-29 17:00:00;2617.00;0.00
2026-09-29 17:05:00;2619.00;0.00
2026-09-29 17:10:00;2624.00;0.00
2026-09-29 17:15:00;2626.00;0.00
2026-09-29 17:20:00;2629.00;0.00
2026-09-29 17:25:00;2633.00;0.00
2026-09-29 17:30:00;2635.00;0.00
2026-09-29 17:35:00;2639.00;0.00
2026-09-29 17:40:00;2642.00;0.00
2026-09-29 17:45:00;2643.00;0.00
2026-09-29 17:50:00;2647.00;0.00
2026-09-29 17:55:00;2649.00;0.00
2026-09-29 18:00:00;2652.00;0.00
2026-09-29 18:05:00;2654.00;0.00
2026-09-29 18:10:00;2658.00;0.00
2026-09-29 18:15:00;2664.00;0.00
2026-09-29 18:20:00;2665.00;0.00
2026-09-29 18:25:00;2666.00;0.00
2026-09-29 18:30:00;2670.00;0.00
2026-09-29 18:35:00;2673.00;0.00
2026-09-29 18:40:00;2675.00;0.00
2026-09-29 18:45:00;2677.00;0.00
2026-09-29 18:50:00;2681.00;0.00
2026-09-29 18:55:00;2685.00;0.00
2026-09-29 19:00:00;2686.00;0.00
2026-09-29 19:05:00;2688.00;0.00
2026-09-29 19:10:00;2692.00;0.00
2026-09-29 19:15:00;2692.00;0.00
2026-09-29 19:20:00;2697.00;0.00
2026-09-29 19:25:00;2701.00;0.00
2026-09-29 19:30:00;2702.00;0.00
2026-09-29 19:35:00;2705.00;0.00
2026-09-29 19:40:00;2708.00;0.00
2026-09-29 19:45:00;2710.00;0.00
2026-09-29 19:50:00;2713.00;0.00
2026-09-29 19:55:00;2715.00;0.00
2026-09-29 20:00:00;2719.00;0.00
2026-09-29 20:05:00;2720.00;0.00
2026-09-29 20:10:00;2723.00;0.00
2026-09-29 20:15:00;2725.00;0.00
2026-09-29 20:20:00;2729.00;0.00
2026-09-29 20:25:00;2730.00;0.00
2026-09-29 20:30:00;2732.00;0.00
2026-09-29 20:35:00;2735.00;0.00
2026-09-29 20:40:00;2737.00;0.00
2026-09-29 20:45:00;2738.00;0.00
2026-09-29 20:50:00;2741.00;0.00
2026-09-29 20:55:00;2744.00;0.00
2026-09-29 21:00:00;2745.00;0.00
2026-09-29 21:05:00;2749.00;0.00
2026-09-29 21:10:00;2750.00;0.00
2026-09-29 21:15:00;2753.00;0.00
2026-09-29 21:20:00;2756.00;0.00
2026-09-29 21:40:00;2763.00;0.00
2026-09-29 21:45:00;2764.00;0.00
2026-09-29 21:50:00;2767.00;0.00
2026-09-29 21:55:00;2767.00;0.00
2026-09-29 22:00:00;2768.00;0.00
2026-09-29 22:05:00;2770.00;0.00
2026-09-29 22:10:00;2774.00;0.00
2026-09-29 22:15:00;2775.00;0.00
2026-09-29 22:20:00;2775.00;0.00
2026-09-29 22:25:00;2777.00;0.00
2026-09-29 22:30:00;2778.00;0.00
2026-09-29 22:35:00;2782.00;0.00
2026-09-29 22:40:00;2783.00;0.00
2026-09-29 22:45:00;2784.00;0.00
2026-09-29 22:50:00;2784.00;0.00
2026-09-29 22:55:00;2787.00;0.00
2026-09-29 23:00:00;2790.00;0.00
2026-09-29 23:05:00;2790.00;0.00
2026-09-29 23:10:00;2790.00;0.00
2026-09-29 23:15:00;2792.00;0.00
2026-09-29 23:20:00;2793.00;0.00
2026-09-29 23:25:00;2794.00;0.00
2026-09-29 23:30:00;2796.00;0.00
2026-09-29 23:35:00;2797.00;0.00
2026-09-29 23:40:00;2798.00;0.00
2026-09-29 23:45:00;2799.00;0.00
2026-09-29 23:50:00;2801.00;0.00
2026-09-29 23:55:00;2801.00;0.00
2026-09-30 00:00:00;2803.00;0.00
2026-09-30 00:05:00;2804.00;0.00
2026-09-30 00:10:00;2805.00;0.00
2026-09-30 00:15:00;2805.00;0.00
2026-09-30 00:20:00;2806.00;0.00
2026-09-30 00:25:00;2808.00;0.00
2026-09-30 00:30:00;2808.00;0.00
2026-09-30 00:35:00;2809.00;0.00
2026-09-30 00:40:00;2811.00;0.00
2026-09-30 00:45:00;2811.00;0.00
2026-09-30 00:50:00;2812.00;0.00
2026-09-30 00:55:00;2812.00;0.00
2026-09-30 01:00:00;2812.00;0.00
2026-09-30 01:05:00;2814.00;0.00
2026-09-30 01:10:00;2815.00;0.00
2026-09-30 01:15:00;2815.00;0.00
2026-09-30 01:20:00;2815.00;0.00
2026-09-30 01:25:00;2816.00;0.00
2026-09-30 01:30:00;2817.00;0.00
2026-09-30 01:35:00;2818.00;0.00
2026-09-30 01:40:00;2818.00;0.00
2026-09-30 01:45:00;2819.00;0.00
2026-09-30 01:50:00;2819.00;0.00
2026-09-30 01:55:00;2819.00;0.00
2026-09-30 02:00:00;2820.00;0.00
2026-09-30 02:05:00;2820.00;0.00
2026-09-30 02:10:00;2821.00;0.00
2026-09-30 02:15:00;2820.00;0.00
2026-09-30 02:20:00;2821.00;0.00
2026-09-30 02:25:00;2822.00;0.00
2026-09-30 02:30:00;2821.00;0.00
2026-09-30 02:35:00;2822.00;0.00
2026-09-30 02:45:00;2822.00;0.00
2026-09-30 03:20:00;;0.00
2026-09-30 03:25:00;2821.00;0.00
2026-09-30 03:30:00;2822.00;0.00
2026-09-30 03:35:00;2822.00;0.00
2026-09-30 03:40:00;2822.00;0.00
2026-09-30 03:45:00;2822.00;0.00
2026-09-30 03:50:00;2822.00;0.00
2026-09-30 03:55:00;2822.00;0.00
2026-09-30 04:00:00;2822.00;0.00
2026-09-30 04:05:00;2821.00;0.00
2026-09-30 04:10:00;2821.00;0.00
2026-09-30 04:15:00;2821.00;0.00
2026-09-30 04:20:00;2821.00;0.00
2026-09-30 04:25:00;2821.00;0.00
2026-09-30 04:30:00;2820.00;0.00
2026-09-30 04:35:00;2821.00;0.00
2026-09-30 04:40:00;2820.00;0.00
2026-09-30 04:45:00;2819.00;0.00
2026-09-30 04:50:00;2820.00;0.00
2026-09-30 04:55:00;2817.00;0.00
2026-09-30 05:00:00;2818.00;0.00
2026-09-30 05:05:00;2818.00;0.00
2026-09-30 05:10:00;2818.00;0.00
2026-09-30 05:15:00;2818.00;0.00
2026-09-30 05:20:00;2816.00;0.00
2026-09-30 05:25:00;2817.00;0.00
2026-09-30 05:30:00;2817.00;0.00
2026-09-30 05:35:00;2816.00;0.00
2026-09-30 05:40:00;2815.00;0.00
2026-09-30 05:45:00;2814.00;0.00
2026-09-30 05:50:00;2814.00;0.00
2026-09-30 05:55:00;2813.00;0.00
2026-09-30 06:00:00;2811.00;0.00
2026-09-30 06:05:00;2812.00;0.00
2026-09-30 06:10:00;2812.00;0.00
2026-09-30 06:15:00;2810.00;0.00
2026-09-30 06:20:00;2811.00;0.00
2026-09-30 06:25:00;2811.00;0.00
2026-09-30 06:30:00;2809.00;0.00
2026-09-30 06:35:00;2808.00;0.00
2026-09-30 06:40:00;2807.00;0.00
2026-09-30 06:45:00;2806.00;0.00
2026-09-30 06:50:00;2806.00;0.00
2026-09-30 06:55:00;2805.00;0.00
2026-09-30 07:00:00;2804.00;0.00
2026-09-30 07:05:00;2803.00;0.00
2026-09-30 07:10:00;2802.00;0.00
2026-09-30 07:15:00;2801.00;0.00
2026-09-30 07:20:00;2799.00;0.00
2026-09-30 07:25:00;2797.00;0.00
2026-09-30 07:30:00;2797.00;0.00
2026-09-30 07:35:00;2797.00;0.00
2026-09-30 07:40:00;2796.00;0.00
2026-09-30 07:45:00;2794.00;0.00
2026-09-30 07:50:00;2794.00;0.00
2026-09-30 07:55:00;2793.00;0.00
2026-09-30 08:00:00;2793.00;0.00
2026-09-30 08:05:00;2790.00;0.00
2026-09-30 08:10:00;2790.00;0.00
2026-09-30 08:15:00;2790.00;0.00
2026-09-30 08:20:00;2788.00;0.00
2026-09-30 08:25:00;2787.00;0.00
2026-09-30 08:30:00;2785.00;0.00
2026-09-30 08:35:00;2784.00;0.00
2026-09-30 08:40:00;2783.00;0.00
2026-09-30 08:45:00;2782.00;0.00
2026-09-30 08:50:00;2781.00;0.00
2026-09-30 08:55:00;2779.00;0.00
2026-09-30 09:00:00;2776.00;0.00
2026-09-30 09:05:00;2775.00;0.00
2026-09-30 09:10:00;2775.00;0.00
2026-09-30 09:15:00;2774.00;0.00
2026-09-30 09:20:00;2772.00;0.00
2026-09-30 09:25:00;2767.00;0.00
2026-09-30 09:30:00;2769.00;0.00
2026-09-30 09:35:00;2769.00;0.00
2026-09-30 09:40:00;2767.00;0.00
2026-09-30 09:45:00;2765.00;0.00
2026-09-30 09:50:00;2764.00;0.00
2026-09-30 09:55:00;2764.00;0.00
2026-09-30 10:00:00;2761.00;0.00
2026-09-30 10:05:00;2760.00;0.00
2026-09-30 10:10:00;2759.00;0.00
2026-09-30 10:15:00;2756.00;0.00
2026-09-30 10:20:00;2755.00;0.00
2026-09-30 10:25:00;2753.00;0.00
2026-09-30 10:30:00;2752.00;0.00
2026-09-30 10:35:00;2751.00;0.00
2026-09-30 10:40:00;2749.00;0.00
2026-09-30 10:45:00;2747.00;0.00
2026-09-30 10:50:00;2745.00;0.00
2026-09-30 10:55:00;2744.00;0.00
2026-09-30 11:00:00;2743.00;0.00
2026-09-30 11:05:00;2741.00;0.00
2026-09-30 11:10:00;2739.00;0.00
2026-09-30 11:15:00;2737.00;0.00
2026-09-30 11:20:00;2736.00;0.00
2026-09-30 11:25:00;2734.00;0.00
2026-09-30 11:30:00;2732.00;0.00
2026-09-30 11:35:00;2731.00;0.00
2026-09-30 11:40:00;2728.00;0.00
2026-09-30 11:45:00;2726.00;0.00
2026-09-30 11:50:00;2724.00;0.00
2026-09-30 11:55:00;2722.00;0.00
2026-09-30 12:00:00;2721.00;0.00
2026-09-30 12:05:00;2719.00;0.00
2026-09-30 12:10:00;2716.00;0.00
2026-09-30 12:15:00;2713.00;0.00
2026-09-30 12:20:00;2711.00;0.00
2026-09-30 12:25:00;2711.00;0.00
2026-09-30 12:30:00;2707.00;0.00
2026-09-30 12:35:00;2707.00;0.00
2026-09-30 12:40:00;2703.00;0.00
2026-09-30 12:45:00;2692.00;0.00
2026-09-30 12:50:00;2685.00;0.00
2026-09-30 12:55:00;2682.00;0.00
2026-09-30 13:00:00;2682.00;0.00
2026-09-30 13:05:00;2681.00;0.00
2026-09-30 13:10:00;2681.00;0.00
2026-09-30 13:15:00;2674.00;0.00
2026-09-30 13:20:00;2678.00;0.00
2026-09-30 13:25:00;2673.00;0.00
2026-09-30 13:30:00;2677.00;0.00
2026-09-30 13:35:00;2674.00;0.00
2026-09-30 13:40:00;2674.00;0.00
2026-09-30 13:45:00;2673.00;0.00
2026-09-30 13:50:00;2668.00;0.00
2026-09-30 13:55:00;2663.00;0.00
2026-09-30 14:00:00;2652.00;0.00
2026-09-30 14:05:00;2655.00;0.00
2026-09-30 14:20:00;2641.00;0.00
2026-09-30 14:30:00;2639.00;0.00
2026-09-30 14:35:00;2639.00;0.00
2026-09-30 14:40:00;2636.00;0.00
2026-09-30 14:45:00;2635.00;0.00
2026-09-30 14:50:00;2633.00;0.00
2026-09-30 14:55:00;2628.00;0.00
2026-09-30 15:00:00;2622.00;0.00
2026-09-30 15:05:00;2619.00;0.00
2026-09-30 15:10:00;2617.00;0.00
2026-09-30 15:15:00;2614.00;0.00
2026-09-30 15:20:00;2610.00;0.00
2026-09-30 15:25:00;2608.00;0.00
2026-09-30 15:30:00;2604.00;0.00
2026-09-30 15:35:00;2601.00;0.00
2026-09-30 15:40:00;2599.00;0.00
2026-09-30 15:45:00;2599.00;0.00
2026-09-30 15:50:00;2595.00;0.00
2026-09-30 15:55:00;2594.00;0.00
2026-09-30 16:00:00;2594.00;0.00
2026-09-30 16:05:00;2588.00;0.00
2026-09-30 16:10:00;2586.00;0.00
2026-09-30 16:15:00;2581.00;0.00
2026-09-30 16:20:00;2582.00;0.00
2026-09-30 16:25:00;2577.00;0.00
2026-09-30 16:30:00;2574.00;0.00
2026-09-30 16:35:00;2570.00;0.00
2026-09-30 16:40:00;2564.00;0.00
2026-09-30 16:45:00;2563.00;0.00
2026-09-30 16:50:00;2558.00;0.00
2026-09-30 16:55:00;2553.00;0.00
2026-09-30 17:00:00;2549.00;0.00
2026-09-30 17:05:00;2548.00;0.00
2026-09-30 17:10:00;2546.00;0.00
2026-09-30 17:15:00;2542.00;0.00
2026-09-30 17:20:00;2540.00;0.00
2026-09-30 17:25:00;2540.00;0.00
2026-09-30 17:30:00;2533.00;0.00
2026-09-30 17:35:00;2530.00;0.00
2026-09-30 17:40:00;2527.00;0.00
2026-09-30 17:45:00;2527.00;0.00
2026-09-30 17:50:00;2524.00;0.00
2026-09-30 17:55:00;2521.00;0.00
2026-09-30 18:15:00;2504.00;0.00
2026-09-30 18:20:00;2500.00;0.00
2026-09-30 18:25:00;2500.00;0.00
2026-09-30 18:30:00;2494.00;0.00
2026-09-30 18:35:00;2491.00;0.00
2026-09-30 18:40:00;2489.00;0.00
2026-09-30 18:45:00;2487.00;0.00
2026-09-30 18:50:00;2482.00;0.00
2026-09-30 18:55:00;2481.00;0.00
2026-09-30 19:00:00;2479.00;0.00
2026-09-30 19:05:00;2475.00;0.00
2026-09-30 19:10:00;2471.00;0.00
2026-09-30 19:15:00;2466.00;0.00
2026-09-30 19:20:00;2463.00;0.00
2026-09-30 19:25:00;2464.00;0.00
2026-09-30 19:30:00;2457.00;0.00
2026-09-30 19:35:00;2455.00;0.00
2026-09-30 19:40:00;2450.00;0.00
2026-09-30 19:45:00;2450.00;0.00
2026-09-30 19:50:00;2455.00;0.00
2026-09-30 19:55:00;2444.00;0.00
2026-09-30 20:00:00;2446.00;0.00
2026-09-30 20:05:00;2447.00;0.00
2026-09-30 20:10:00;2439.00;0.00
2026-09-30 20:15:00;2432.00;0.00
2026-09-30 20:20:00;2426.00;0.00
2026-09-30 20:25:00;2426.00;0.00
2026-09-30 20:30:00;2426.00;0.00
2026-09-30 20:35:00;2418.00;0.00
2026-09-30 20:40:00;2411.00;0.00
2026-09-30 20:45:00;2406.00;0.00
2026-09-30 20:50:00;2405.00;0.00
2026-09-30 20:55:00;2402.00;0.00
2026-09-30 21:00:00;2398.00;0.00
2026-09-30 21:05:00;2398.00;0.00
2026-09-30 21:10:00;2394.00;0.00
2026-09-30 21:15:00;2390.00;0.00
2026-09-30 21:20:00;2389.00;0.00
2026-09-30 21:25:00;2387.00;0.00
2026-09-30 21:30:00;2391.00;0.00
2026-09-30 21:35:00;2382.00;0.00
2026-09-30 21:40:00;2386.00;0.00
2026-09-30 21:45:00;2384.00;0.00
2026-09-30 21:50:00;2372.00;0.00
2026-09-30 21:55:00;2364.00;0.00
2026-09-30 22:00:00;2368.00;0.00
2026-09-30 22:05:00;2356.00;0.00
2026-09-30 22:10:00;2356.00;0.00
2026-09-30 22:15:00;2354.00;0.00
2026-09-30 22:20:00;2356.00;0.00
2026-09-30 22:25:00;2349.00;0.00
2026-09-30 22:30:00;2346.00;0.00
2026-09-30 22:35:00;2342.00;0.00
2026-09-30 22:40:00;2337.00;0.00
2026-09-30 22:45:00;2336.00;0.00
2026-09-30 22:50:00;2334.00;0.00
2026-09-30 22:55:00;2340.00;0.00
2026-09-30 23:00:00;2339.00;0.00
2026-09-30 23:05:00;2335.00;0.00
2026-09-30 23:10:00;2334.00;0.00
2026-09-30 23:15:00;2330.00;0.00
2026-09-30 23:20:00;2326.00;0.00
2026-09-30 23:25:00;2324.00;0.00
2026-09-30 23:30:00;2320.00;0.00
2026-09-30 23:35:00;2310.00;0.00
2026-09-30 23:40:00;2311.00;0.00
2026-09-30 23:45:00;2313.00;0.00
2026-09-30 23:50:00;2306.00;0.00
2026-09-30 23:55:00;2306.00;0.00
