dataset,label,horizon_h,protocol,lookback_h,fold_id,validation_event,test_event,train_event_count,train_rows,validation_rows,test_rows,train_end,test_start,seed,common_source_contract,model,backend,fit_seconds,n,mae_cm,rmse_cm,bias_cm,e95_cm,nse,r2,mape_pct,event_count,median_event_mae_cm,worst_event_mae_cm,median_peak_abs_error_cm,worst_peak_abs_error_cm,median_peak_lag_h,median_peak_lag_abs_h,worst_peak_lag_abs_h,warnings,n_train,epochs_run,best_epoch,best_validation_loss_scaled,n_validation,parameter_count,history_tail
stz_2h,Santa Tereza · 2 h,2,strict_common_cohort_causal,4,6_to_7,6,7,5,883,295,214,2023-09-25T22:00:00,2023-11-28T06:00:00,20260919,True,Persistência,baseline,0.0,214,9.07943925233645,13.18789447742374,0.9018691588785047,32.0,0.9411878427370276,0.9411878427370276,1.9117088273246308,1,9.07943925233645,9.07943925233645,16.0,16.0,0.0,0.0,0.0,,,,,,,,
stz_2h,Santa Tereza · 2 h,2,strict_common_cohort_causal,4,6_to_7,6,7,5,883,295,214,2023-09-25T22:00:00,2023-11-28T06:00:00,20260919,True,Ridge,scikit-learn,0.0030809000600129366,214,2.827698955190516,3.6206229014504063,1.4853807077786634,7.600508546829223,0.9955671527012605,0.9955671527012605,0.6187283216349682,1,2.827698955190516,2.827698955190516,0.8417835235595703,0.8417835235595703,0.0,0.0,0.0,[],883.0,,,,,,
stz_2h,Santa Tereza · 2 h,2,strict_common_cohort_causal,4,6_to_7,6,7,5,883,295,214,2023-09-25T22:00:00,2023-11-28T06:00:00,20260919,True,Elastic Net,scikit-learn,0.012545700068585575,214,2.8056024020520325,3.5260305844693987,1.6972577056595097,7.243923091888426,0.9957957519356653,0.9957957519356653,0.6151100413195473,1,2.8056024020520325,2.8056024020520325,0.3335113525390625,0.3335113525390625,0.0,0.0,0.0,[],883.0,,,,,,
stz_2h,Santa Tereza · 2 h,2,strict_common_cohort_causal,4,6_to_7,6,7,5,883,295,214,2023-09-25T22:00:00,2023-11-28T06:00:00,20260919,True,SVR,scikit-learn,0.029346399940550327,214,1.7895350276334887,2.540034652817187,0.2324664436046638,5.548205296469843,0.9978182978176217,0.9978182978176217,0.3774790189130575,1,1.7895350276334887,1.7895350276334887,6.1915507647693175,6.1915507647693175,0.0,0.0,0.0,[],883.0,,,,,,
stz_2h,Santa Tereza · 2 h,2,strict_common_cohort_causal,4,6_to_7,6,7,5,883,295,214,2023-09-25T22:00:00,2023-11-28T06:00:00,20260919,True,MLP,scikit-learn,0.19556299992837012,214,2.750669575461717,3.8266822238637284,-1.26181245825001,7.497427582740783,0.9950482241117735,0.9950482241117735,0.5696613562454053,1,2.750669575461717,2.750669575461717,20.013360500335693,20.013360500335693,0.0,0.0,0.0,[],883.0,,,,,,
stz_2h,Santa Tereza · 2 h,2,strict_common_cohort_causal,4,6_to_7,6,7,5,883,295,214,2023-09-25T22:00:00,2023-11-28T06:00:00,20260919,True,Random Forest,scikit-learn,1.7010682999389246,214,1.8522702956364259,2.6134618297116052,1.0721905122732505,5.210862101190522,0.9976903375918296,0.9976903375918296,0.39872958191196967,1,1.8522702956364259,1.8522702956364259,5.6872967069323295,5.6872967069323295,0.0,0.0,0.0,[],883.0,,,,,,
stz_2h,Santa Tereza · 2 h,2,strict_common_cohort_causal,4,6_to_7,6,7,5,883,295,214,2023-09-25T22:00:00,2023-11-28T06:00:00,20260919,True,Extra Trees,scikit-learn,0.7223944999277592,214,1.61331462848139,2.2792809669193734,0.8770685961158862,4.314860172111872,0.9982432421178623,0.9982432421178623,0.34671448417514655,1,1.61331462848139,1.61331462848139,6.4982918014443385,6.4982918014443385,0.0,0.0,0.0,[],883.0,,,,,,
stz_2h,Santa Tereza · 2 h,2,strict_common_cohort_causal,4,6_to_7,6,7,5,883,295,214,2023-09-25T22:00:00,2023-11-28T06:00:00,20260919,True,HistGradientBoosting,scikit-learn,2.3884362999815494,214,2.2403549590041436,3.3472858253061495,0.6724397401208864,6.538144267076559,0.9962111991361848,0.9962111991361848,0.4717257661322556,1,2.2403549590041436,2.2403549590041436,6.219479934046831,6.219479934046831,0.0,0.0,0.0,[],883.0,,,,,,
stz_2h,Santa Tereza · 2 h,2,strict_common_cohort_causal,4,6_to_7,6,7,5,883,295,214,2023-09-25T22:00:00,2023-11-28T06:00:00,20260919,True,XGBoost,xgboost,1.0021835999796167,214,1.8709903448541587,2.6137529867459786,0.9375429415257177,5.012296676635741,0.9976898229396478,0.9976898229396478,0.40233007298769424,1,1.8709903448541587,1.8709903448541587,3.906247138977051,3.906247138977051,0.0,0.0,0.0,[],883.0,,,,,,
stz_2h,Santa Tereza · 2 h,2,strict_common_cohort_causal,4,6_to_7,6,7,5,883,295,214,2023-09-25T22:00:00,2023-11-28T06:00:00,20260919,True,LightGBM,lightgbm,0.27461760002188385,214,2.070201590707196,3.018208646194404,1.005766198539625,6.507842609681204,0.9969195461934023,0.9969195461934023,0.4391592506485945,1,2.070201590707196,2.070201590707196,6.764008678517484,6.764008678517484,0.0,0.0,0.0,[],883.0,,,,,,
stz_2h,Santa Tereza · 2 h,2,strict_common_cohort_causal,4,6_to_7,6,7,5,883,295,214,2023-09-25T22:00:00,2023-11-28T06:00:00,20260919,True,CatBoost,catboost,3.494556099991314,214,2.066505772074405,2.766690606562167,1.400325041946119,6.03563956734288,0.9974115643416706,0.9974115643416706,0.44116760768747243,1,2.066505772074405,2.066505772074405,10.428671838780247,10.428671838780247,0.0,0.0,0.0,[],883.0,,,,,,
stz_2h,Santa Tereza · 2 h,2,strict_common_cohort_causal,4,6_to_7,6,7,5,883,295,214,2023-09-25T22:00:00,2023-11-28T06:00:00,20260919,True,CNN-1D temporal,pytorch-cpu,0.6199920999351889,214,4.765322096002399,6.814095837507822,1.1096413816991604,14.390274866552604,0.9842988067910434,0.9842988067910434,0.9901239357144398,1,4.765322096002399,4.765322096002399,25.260194916456726,25.260194916456726,0.0,0.0,0.0,,883.0,18.0,18.0,0.11827642470598221,295.0,4609.0,"[{'epoch': 14, 'train_loss': 0.2357180118560791, 'validation_loss': 0.15230266749858856}, {'epoch': 15, 'train_loss': 0.23073531687259674, 'validation_loss': 0.1425188183784485}, {'epoch': 16, 'train_loss': 0.21560204029083252, 'validation_loss': 0.13240671157836914}, {'epoch': 17, 'train_loss': 0.19459585845470428, 'validation_loss': 0.12390090525150299}, {'epoch': 18, 'train_loss': 0.17259280383586884, 'validation_loss': 0.11827642470598221}]"
stz_2h,Santa Tereza · 2 h,2,strict_common_cohort_causal,4,6_to_7,6,7,5,883,295,214,2023-09-25T22:00:00,2023-11-28T06:00:00,20260919,True,LSTM,pytorch-cpu,0.15031040005851537,214,6.719541730492926,8.424378261645758,2.9770624329040234,17.566060065816856,0.9760010688119585,0.9760010688119585,1.4164211301613212,1,6.719541730492926,6.719541730492926,26.910263968933123,26.910263968933123,0.0,0.0,0.0,,883.0,18.0,18.0,0.28372716903686523,295.0,6305.0,"[{'epoch': 14, 'train_loss': 0.5962602496147156, 'validation_loss': 0.38306570053100586}, {'epoch': 15, 'train_loss': 0.5696777701377869, 'validation_loss': 0.3552732765674591}, {'epoch': 16, 'train_loss': 0.5443136096000671, 'validation_loss': 0.32935529947280884}, {'epoch': 17, 'train_loss': 0.5203055143356323, 'validation_loss': 0.3054640293121338}, {'epoch': 18, 'train_loss': 0.49779021739959717, 'validation_loss': 0.28372716903686523}]"
stz_2h,Santa Tereza · 2 h,2,strict_common_cohort_causal,4,6_to_7,6,7,5,883,295,214,2023-09-25T22:00:00,2023-11-28T06:00:00,20260919,True,GRU,pytorch-cpu,0.2655259999446571,214,6.9914029063295295,10.192478456893328,1.3291044378044239,24.011075561282233,0.9648701911044959,0.9648701911044959,1.4398635586541386,1,6.9914029063295295,6.9914029063295295,30.47756904696655,30.47756904696655,0.0,0.0,0.0,,883.0,18.0,18.0,0.14725328981876373,295.0,4737.0,"[{'epoch': 14, 'train_loss': 0.3579464554786682, 'validation_loss': 0.182683065533638}, {'epoch': 15, 'train_loss': 0.34373021125793457, 'validation_loss': 0.1707525998353958}, {'epoch': 16, 'train_loss': 0.33223873376846313, 'validation_loss': 0.16130851209163666}, {'epoch': 17, 'train_loss': 0.3228287398815155, 'validation_loss': 0.15367762744426727}, {'epoch': 18, 'train_loss': 0.3148978352546692, 'validation_loss': 0.14725328981876373}]"
stz_2h,Santa Tereza · 2 h,2,strict_common_cohort_causal,4,6_to_7,6,7,5,883,295,214,2023-09-25T22:00:00,2023-11-28T06:00:00,20260919,True,TCN,pytorch-cpu,0.07378370000515133,214,5.096289343190254,7.118633762178022,1.7255265371922448,16.40646494587596,0.9828639988378965,0.9828639988378965,1.0767896760691362,1,5.096289343190254,5.096289343190254,21.584730850281176,21.584730850281176,0.0,0.0,0.0,,883.0,18.0,17.0,0.11850406229496002,295.0,7713.0,"[{'epoch': 14, 'train_loss': 0.24357526004314423, 'validation_loss': 0.15856806933879852}, {'epoch': 15, 'train_loss': 0.21181143820285797, 'validation_loss': 0.13853240013122559}, {'epoch': 16, 'train_loss': 0.1802307516336441, 'validation_loss': 0.12420104444026947}, {'epoch': 17, 'train_loss': 0.15779291093349457, 'validation_loss': 0.11850406229496002}, {'epoch': 18, 'train_loss': 0.1462356597185135, 'validation_loss': 0.11908993124961853}]"
stz_2h,Santa Tereza · 2 h,2,strict_common_cohort_causal,4,6_to_7,6,7,5,883,295,214,2023-09-25T22:00:00,2023-11-28T06:00:00,20260919,True,Seq2Seq · decoder 1 passo,pytorch-cpu,0.09164269990287721,214,7.095492637136199,9.054710166861524,2.9326885362771016,19.466129869502584,0.9722753999462049,0.9722753999462049,1.5121392247633083,1,7.095492637136199,7.095492637136199,23.249551369691744,23.249551369691744,0.0,0.0,0.0,,883.0,18.0,18.0,0.3722417652606964,295.0,10785.0,"[{'epoch': 14, 'train_loss': 0.6917163133621216, 'validation_loss': 0.48566868901252747}, {'epoch': 15, 'train_loss': 0.6671399474143982, 'validation_loss': 0.45628616213798523}, {'epoch': 16, 'train_loss': 0.6427488327026367, 'validation_loss': 0.42743080854415894}, {'epoch': 17, 'train_loss': 0.6186386346817017, 'validation_loss': 0.39932945370674133}, {'epoch': 18, 'train_loss': 0.5949450135231018, 'validation_loss': 0.3722417652606964}]"
stz_2h,Santa Tereza · 2 h,2,strict_common_cohort_causal,4,6_to_7,6,7,5,883,295,214,2023-09-25T22:00:00,2023-11-28T06:00:00,20260919,True,Transformer temporal,pytorch-cpu,0.13231240003369749,214,3.5383575136436383,5.161862130048734,0.35035594760864824,10.873323405860509,0.9909899130065284,0.9909899130065284,0.7405129541367348,1,3.5383575136436383,3.5383575136436383,13.305170687250666,13.305170687250666,0.0,0.0,0.0,,883.0,18.0,18.0,0.13798990845680237,295.0,9217.0,"[{'epoch': 14, 'train_loss': 0.4014109671115875, 'validation_loss': 0.19139838218688965}, {'epoch': 15, 'train_loss': 0.38853880763053894, 'validation_loss': 0.17970702052116394}, {'epoch': 16, 'train_loss': 0.37697967886924744, 'validation_loss': 0.16709041595458984}, {'epoch': 17, 'train_loss': 0.3643476068973541, 'validation_loss': 0.15296077728271484}, {'epoch': 18, 'train_loss': 0.34947606921195984, 'validation_loss': 0.13798990845680237}]"
stz_2h,Santa Tereza · 2 h,2,strict_common_cohort_causal,4,6_to_7,6,7,5,883,295,214,2023-09-25T22:00:00,2023-11-28T06:00:00,20260919,True,DLinear experimental,pytorch-cpu,0.009800500003620982,214,6.368596302427881,8.777577447400375,1.0589732066063264,19.059489776849308,0.973946533066215,0.973946533066215,1.3317462630471721,1,6.368596302427881,6.368596302427881,15.09711872666287,15.09711872666287,0.0,0.0,0.0,,883.0,18.0,18.0,0.1687646359205246,295.0,32.0,"[{'epoch': 14, 'train_loss': 0.29737603664398193, 'validation_loss': 0.20363231003284454}, {'epoch': 15, 'train_loss': 0.2877238988876343, 'validation_loss': 0.19418589770793915}, {'epoch': 16, 'train_loss': 0.2786131799221039, 'validation_loss': 0.1852383017539978}, {'epoch': 17, 'train_loss': 0.2700149714946747, 'validation_loss': 0.17677077651023865}, {'epoch': 18, 'train_loss': 0.26190072298049927, 'validation_loss': 0.1687646359205246}]"
stz_2h,Santa Tereza · 2 h,2,strict_common_cohort_causal,4,6_to_7,6,7,5,883,295,214,2023-09-25T22:00:00,2023-11-28T06:00:00,20260919,True,NLinear experimental,pytorch-cpu,0.007186900009401143,214,9.082153708712747,12.595160854231466,1.9855280808053986,28.75368078136954,0.9463556954450004,0.9463556954450004,1.892936857152526,1,9.082153708712747,9.082153708712747,24.51358623340252,24.51358623340252,0.0,0.0,0.0,,883.0,18.0,18.0,0.8647086024284363,295.0,61.0,"[{'epoch': 14, 'train_loss': 1.0006822347640991, 'validation_loss': 0.9111044406890869}, {'epoch': 15, 'train_loss': 0.9839613437652588, 'validation_loss': 0.8981895446777344}, {'epoch': 16, 'train_loss': 0.968657374382019, 'validation_loss': 0.8862005472183228}, {'epoch': 17, 'train_loss': 0.9546404480934143, 'validation_loss': 0.8750651478767395}, {'epoch': 18, 'train_loss': 0.9417772889137268, 'validation_loss': 0.8647086024284363}]"
stz_2h,Santa Tereza · 2 h,2,strict_common_cohort_causal,4,6_to_7,6,7,5,883,295,214,2023-09-25T22:00:00,2023-11-28T06:00:00,20260919,True,TSMixer experimental,pytorch-cpu,0.06351689994335175,214,15.20017592722756,17.52281517561047,11.508332951183794,29.192632667182153,0.8961697395803087,0.8961697395803087,3.354389514767422,1,15.20017592722756,15.20017592722756,27.132177403532523,27.132177403532523,0.0,0.0,0.0,,883.0,18.0,18.0,0.6242194175720215,295.0,1619.0,"[{'epoch': 14, 'train_loss': 0.7777454853057861, 'validation_loss': 0.7398078441619873}, {'epoch': 15, 'train_loss': 0.7602759003639221, 'validation_loss': 0.7086173295974731}, {'epoch': 16, 'train_loss': 0.7444463968276978, 'validation_loss': 0.6788531541824341}, {'epoch': 17, 'train_loss': 0.7301626801490784, 'validation_loss': 0.6506727933883667}, {'epoch': 18, 'train_loss': 0.7172923684120178, 'validation_loss': 0.6242194175720215}]"
stz_2h,Santa Tereza · 2 h,2,strict_common_cohort_causal,4,6_to_7,6,7,5,883,295,214,2023-09-25T22:00:00,2023-11-28T06:00:00,20260919,True,N-BEATS experimental,pytorch-cpu,0.028938300092704594,214,4.041638801258688,6.004164802013298,1.0238650208353193,13.310205652107125,0.9878095035780988,0.9878095035780988,0.8339837385051504,1,4.041638801258688,4.041638801258688,15.710955767433688,15.710955767433688,0.0,0.0,0.0,,883.0,17.0,10.0,0.08989366143941879,295.0,20158.0,"[{'epoch': 13, 'train_loss': 0.10728678107261658, 'validation_loss': 0.1276065707206726}, {'epoch': 14, 'train_loss': 0.11322659254074097, 'validation_loss': 0.12990881502628326}, {'epoch': 15, 'train_loss': 0.10992846637964249, 'validation_loss': 0.12248651683330536}, {'epoch': 16, 'train_loss': 0.09919270128011703, 'validation_loss': 0.11189663410186768}, {'epoch': 17, 'train_loss': 0.08941071480512619, 'validation_loss': 0.10386617481708527}]"
stz_2h,Santa Tereza · 2 h,2,strict_common_cohort_causal,4,6_to_7,6,7,5,883,295,214,2023-09-25T22:00:00,2023-11-28T06:00:00,20260919,True,N-HiTS-lite experimental,pytorch-cpu,0.016528000007383525,214,5.469110936405968,8.00069628908538,1.9717180523508284,17.85477035311856,0.9783542941595244,0.9783542941595244,1.1493487343560371,1,5.469110936405968,5.469110936405968,17.16534700967827,17.16534700967827,0.0,0.0,0.0,,883.0,18.0,18.0,0.11545485258102417,295.0,2353.0,"[{'epoch': 14, 'train_loss': 0.2441956102848053, 'validation_loss': 0.14833328127861023}, {'epoch': 15, 'train_loss': 0.2391800731420517, 'validation_loss': 0.14015696942806244}, {'epoch': 16, 'train_loss': 0.2296336442232132, 'validation_loss': 0.1314059942960739}, {'epoch': 17, 'train_loss': 0.21629780530929565, 'validation_loss': 0.12292186915874481}, {'epoch': 18, 'train_loss': 0.20047971606254578, 'validation_loss': 0.11545485258102417}]"
stz_2h,Santa Tereza · 2 h,2,strict_common_cohort_causal,4,6_to_7,6,7,5,883,295,214,2023-09-25T22:00:00,2023-11-28T06:00:00,20260919,True,PatchTST experimental,pytorch-cpu,0.09662680001929402,214,4.523384193775907,6.469381828969988,2.1298639032691584,14.177517018529405,0.985847220135522,0.985847220135522,0.9347380676892136,1,4.523384193775907,4.523384193775907,23.075906843792495,23.075906843792495,0.0,0.0,0.0,,883.0,18.0,18.0,0.18173135817050934,295.0,9089.0,"[{'epoch': 14, 'train_loss': 0.4230382740497589, 'validation_loss': 0.23943303525447845}, {'epoch': 15, 'train_loss': 0.4118005335330963, 'validation_loss': 0.22852447628974915}, {'epoch': 16, 'train_loss': 0.40199562907218933, 'validation_loss': 0.21584029495716095}, {'epoch': 17, 'train_loss': 0.39036503434181213, 'validation_loss': 0.20000970363616943}, {'epoch': 18, 'train_loss': 0.375374436378479, 'validation_loss': 0.18173135817050934}]"
stz_2h,Santa Tereza · 2 h,2,strict_common_cohort_causal,4,6_to_7,6,7,5,883,295,214,2023-09-25T22:00:00,2023-11-28T06:00:00,20260919,True,TFT-lite experimental,pytorch-cpu,0.12473889999091625,214,7.138159448537466,9.013809704676408,3.339721068094169,18.998425354286383,0.9725253003605681,0.9725253003605681,1.516596986195961,1,7.138159448537466,7.138159448537466,19.106346494178297,19.106346494178297,0.0,0.0,0.0,,883.0,18.0,18.0,0.12303163856267929,295.0,11889.0,"[{'epoch': 14, 'train_loss': 0.42045778036117554, 'validation_loss': 0.20321866869926453}, {'epoch': 15, 'train_loss': 0.4069884121417999, 'validation_loss': 0.1824856847524643}, {'epoch': 16, 'train_loss': 0.3847752809524536, 'validation_loss': 0.15488293766975403}, {'epoch': 17, 'train_loss': 0.3535352349281311, 'validation_loss': 0.13181225955486298}, {'epoch': 18, 'train_loss': 0.325224906206131, 'validation_loss': 0.12303163856267929}]"
stz_2h,Santa Tereza · 2 h,2,strict_common_cohort_causal,4,7_to_8,7,8,6,1178,214,37,2023-11-26T10:00:00,2024-04-13T20:00:00,20260919,True,Persistência,baseline,0.0,37,29.35135135135135,62.41621410966692,-13.027027027027026,117.99999999999936,0.8309814698250599,0.8309814698250599,7.346096755705239,1,29.35135135135135,29.35135135135135,0.0,0.0,2.0,2.0,2.0,,,,,,,,
stz_2h,Santa Tereza · 2 h,2,strict_common_cohort_causal,4,7_to_8,7,8,6,1178,214,37,2023-11-26T10:00:00,2024-04-13T20:00:00,20260919,True,Ridge,scikit-learn,0.0005574000533670187,37,16.420839150209684,29.266123727246512,1.8095206392777932,71.1680297851561,0.9628404981113958,0.9628404981113958,4.850205409864594,1,16.420839150209684,16.420839150209684,10.092483520507812,10.092483520507812,0.0,0.0,0.0,[],1178.0,,,,,,
stz_2h,Santa Tereza · 2 h,2,strict_common_cohort_causal,4,7_to_8,7,8,6,1178,214,37,2023-11-26T10:00:00,2024-04-13T20:00:00,20260919,True,Elastic Net,scikit-learn,0.022854299983009696,37,15.451523208940351,29.147494325181917,0.8916846304326445,74.19300231933582,0.9631411375302013,0.9631411375302013,4.40709345608506,1,15.451523208940351,15.451523208940351,9.263633728027344,9.263633728027344,0.0,0.0,0.0,[],1178.0,,,,,,
stz_2h,Santa Tereza · 2 h,2,strict_common_cohort_causal,4,7_to_8,7,8,6,1178,214,37,2023-11-26T10:00:00,2024-04-13T20:00:00,20260919,True,SVR,scikit-learn,0.05449499993119389,37,28.588420425931815,48.09535300345184,8.82011685422763,95.02358897515214,0.8996434533530582,0.8996434533530582,6.705684062268967,1,28.588420425931815,28.588420425931815,53.5095483539269,53.5095483539269,2.0,2.0,2.0,[],1178.0,,,,,,
stz_2h,Santa Tereza · 2 h,2,strict_common_cohort_causal,4,7_to_8,7,8,6,1178,214,37,2023-11-26T10:00:00,2024-04-13T20:00:00,20260919,True,MLP,scikit-learn,0.18696379999164492,37,17.982877731323242,26.19472019747261,2.1249288095010295,55.45661315917965,0.9702308110368464,0.9702308110368464,5.309469048382931,1,17.982877731323242,17.982877731323242,46.025390625,46.025390625,0.0,0.0,0.0,[],1178.0,,,,,,
stz_2h,Santa Tereza · 2 h,2,strict_common_cohort_causal,4,7_to_8,7,8,6,1178,214,37,2023-11-26T10:00:00,2024-04-13T20:00:00,20260919,True,Random Forest,scikit-learn,2.1357289999723434,37,14.302231880752771,34.63189544590867,0.2703689384698962,72.37170053799947,0.9479654265891654,0.9479654265891654,4.2430376079546575,1,14.302231880752771,14.302231880752771,0.9535797152379928,0.9535797152379928,1.0,1.0,1.0,[],1178.0,,,,,,
stz_2h,Santa Tereza · 2 h,2,strict_common_cohort_causal,4,7_to_8,7,8,6,1178,214,37,2023-11-26T10:00:00,2024-04-13T20:00:00,20260919,True,Extra Trees,scikit-learn,0.8995140999322757,37,12.629516311353317,31.463341280562044,-1.6063294279424432,79.42366570772323,0.9570513855982468,0.9570513855982468,3.596854874363966,1,12.629516311353317,12.629516311353317,4.357727047986373,4.357727047986373,1.0,1.0,1.0,[],1178.0,,,,,,
stz_2h,Santa Tereza · 2 h,2,strict_common_cohort_causal,4,7_to_8,7,8,6,1178,214,37,2023-11-26T10:00:00,2024-04-13T20:00:00,20260919,True,HistGradientBoosting,scikit-learn,0.4563131000613794,37,12.173007239280574,28.156387809197366,2.801336663491347,52.95786767910356,0.965605155390245,0.965605155390245,3.684970950082975,1,12.173007239280574,12.173007239280574,38.06577685650461,38.06577685650461,1.0,1.0,1.0,[],1178.0,,,,,,
stz_2h,Santa Tereza · 2 h,2,strict_common_cohort_causal,4,7_to_8,7,8,6,1178,214,37,2023-11-26T10:00:00,2024-04-13T20:00:00,20260919,True,XGBoost,xgboost,0.30997990001924336,37,14.118231232101852,33.74377519135784,1.0655000531995618,80.45295104980441,0.9506000154353662,0.9506000154353662,4.415154067226033,1,14.118231232101852,14.118231232101852,0.6342391967773438,0.6342391967773438,1.0,1.0,1.0,[],1178.0,,,,,,
stz_2h,Santa Tereza · 2 h,2,strict_common_cohort_causal,4,7_to_8,7,8,6,1178,214,37,2023-11-26T10:00:00,2024-04-13T20:00:00,20260919,True,LightGBM,lightgbm,0.30874679994303733,37,14.542121746064952,34.89805406657945,3.106583244299447,90.45106570733533,0.9471625442103538,0.9471625442103538,4.302768916344709,1,14.542121746064952,14.542121746064952,29.728699257418953,29.728699257418953,0.0,0.0,0.0,[],1178.0,,,,,,
stz_2h,Santa Tereza · 2 h,2,strict_common_cohort_causal,4,7_to_8,7,8,6,1178,214,37,2023-11-26T10:00:00,2024-04-13T20:00:00,20260919,True,CatBoost,catboost,3.7261829000199214,37,11.409013355023864,31.768192743273172,-4.806671488053191,39.520008865267556,0.9562150867928597,0.9562150867928597,2.971012933816414,1,11.409013355023864,11.409013355023864,4.890237819951267,4.890237819951267,1.0,1.0,1.0,[],1178.0,,,,,,
stz_2h,Santa Tereza · 2 h,2,strict_common_cohort_causal,4,7_to_8,7,8,6,1178,214,37,2023-11-26T10:00:00,2024-04-13T20:00:00,20260919,True,CNN-1D temporal,pytorch-cpu,0.05518650007434189,37,22.357392795066573,45.29480985253279,2.894565221113137,135.73052205312615,0.9109905009498412,0.9109905009498412,5.255441384308752,1,22.357392795066573,22.357392795066573,137.12477569210705,137.12477569210705,1.0,1.0,1.0,,1178.0,18.0,18.0,0.01909373141825199,214.0,4609.0,"[{'epoch': 14, 'train_loss': 0.23347488045692444, 'validation_loss': 0.02508443407714367}, {'epoch': 15, 'train_loss': 0.22792959213256836, 'validation_loss': 0.02401718683540821}, {'epoch': 16, 'train_loss': 0.21296600997447968, 'validation_loss': 0.022531768307089806}, {'epoch': 17, 'train_loss': 0.192313551902771, 'validation_loss': 0.020822912454605103}, {'epoch': 18, 'train_loss': 0.1701652705669403, 'validation_loss': 0.01909373141825199}]"
stz_2h,Santa Tereza · 2 h,2,strict_common_cohort_causal,4,7_to_8,7,8,6,1178,214,37,2023-11-26T10:00:00,2024-04-13T20:00:00,20260919,True,LSTM,pytorch-cpu,0.05313150002621114,37,19.636559023069946,47.04209173635155,-8.985547451103074,77.17901891699294,0.9039908280314501,0.9039908280314501,4.915035624351251,1,19.636559023069946,19.636559023069946,23.64469295388676,23.64469295388676,2.0,2.0,2.0,,1178.0,18.0,18.0,0.029614359140396118,214.0,6305.0,"[{'epoch': 14, 'train_loss': 0.5717513561248779, 'validation_loss': 0.031604569405317307}, {'epoch': 15, 'train_loss': 0.5436137318611145, 'validation_loss': 0.030612029135227203}, {'epoch': 16, 'train_loss': 0.5166897177696228, 'validation_loss': 0.029951106756925583}, {'epoch': 17, 'train_loss': 0.4911233186721802, 'validation_loss': 0.029621994122862816}, {'epoch': 18, 'train_loss': 0.46706488728523254, 'validation_loss': 0.029614359140396118}]"
stz_2h,Santa Tereza · 2 h,2,strict_common_cohort_causal,4,7_to_8,7,8,6,1178,214,37,2023-11-26T10:00:00,2024-04-13T20:00:00,20260919,True,GRU,pytorch-cpu,0.060855999938212335,37,18.347606904415702,46.03157995614124,-13.21595629161584,74.6566874059915,0.9080712746695926,0.9080712746695926,4.597378239875368,1,18.347606904415702,18.347606904415702,13.240303396098284,13.240303396098284,1.0,1.0,1.0,,1178.0,16.0,9.0,0.029541831463575363,214.0,4737.0,"[{'epoch': 12, 'train_loss': 0.3673919141292572, 'validation_loss': 0.032547727227211}, {'epoch': 13, 'train_loss': 0.34413161873817444, 'validation_loss': 0.03463315591216087}, {'epoch': 14, 'train_loss': 0.32511278986930847, 'validation_loss': 0.036958690732717514}, {'epoch': 15, 'train_loss': 0.3097379505634308, 'validation_loss': 0.039322346448898315}, {'epoch': 16, 'train_loss': 0.2973742187023163, 'validation_loss': 0.04152709245681763}]"
stz_2h,Santa Tereza · 2 h,2,strict_common_cohort_causal,4,7_to_8,7,8,6,1178,214,37,2023-11-26T10:00:00,2024-04-13T20:00:00,20260919,True,TCN,pytorch-cpu,0.07780249998904765,37,20.753624166267734,43.170363156212645,0.1502123743804581,113.36608105722816,0.9191442557120415,0.9191442557120415,5.1456528400679105,1,20.753624166267734,20.753624166267734,108.99425913010862,108.99425913010862,1.0,1.0,1.0,,1178.0,18.0,18.0,0.020542103797197342,214.0,7713.0,"[{'epoch': 14, 'train_loss': 0.24243904650211334, 'validation_loss': 0.02766476385295391}, {'epoch': 15, 'train_loss': 0.21192358434200287, 'validation_loss': 0.025245897471904755}, {'epoch': 16, 'train_loss': 0.17873764038085938, 'validation_loss': 0.023112796247005463}, {'epoch': 17, 'train_loss': 0.1536106914281845, 'validation_loss': 0.021538250148296356}, {'epoch': 18, 'train_loss': 0.1404525488615036, 'validation_loss': 0.020542103797197342}]"
stz_2h,Santa Tereza · 2 h,2,strict_common_cohort_causal,4,7_to_8,7,8,6,1178,214,37,2023-11-26T10:00:00,2024-04-13T20:00:00,20260919,True,Seq2Seq · decoder 1 passo,pytorch-cpu,0.0760973000433296,37,21.03822124218613,50.48389799018249,-10.082236172178058,86.40019905980554,0.8894279818986159,0.8894279818986159,5.245381063098069,1,21.03822124218613,21.03822124218613,13.635508669817796,13.635508669817796,2.0,2.0,2.0,,1178.0,18.0,18.0,0.03532455489039421,214.0,10785.0,"[{'epoch': 14, 'train_loss': 0.6721259355545044, 'validation_loss': 0.04197237268090248}, {'epoch': 15, 'train_loss': 0.6458161473274231, 'validation_loss': 0.039928462356328964}, {'epoch': 16, 'train_loss': 0.6196293234825134, 'validation_loss': 0.038118403404951096}, {'epoch': 17, 'train_loss': 0.5936735272407532, 'validation_loss': 0.03657388314604759}, {'epoch': 18, 'train_loss': 0.5680983662605286, 'validation_loss': 0.03532455489039421}]"
stz_2h,Santa Tereza · 2 h,2,strict_common_cohort_causal,4,7_to_8,7,8,6,1178,214,37,2023-11-26T10:00:00,2024-04-13T20:00:00,20260919,True,Transformer temporal,pytorch-cpu,0.12811699998565018,37,18.493418429485466,38.12230122640359,-2.2609728857190157,57.91778571857495,0.9369481705086218,0.9369481705086218,4.459731699209134,1,18.493418429485466,18.493418429485466,14.307321939221879,14.307321939221879,2.0,2.0,2.0,,1178.0,18.0,18.0,0.010051709599792957,214.0,9217.0,"[{'epoch': 14, 'train_loss': 0.34608200192451477, 'validation_loss': 0.022275229915976524}, {'epoch': 15, 'train_loss': 0.33364883065223694, 'validation_loss': 0.016435176134109497}, {'epoch': 16, 'train_loss': 0.32337287068367004, 'validation_loss': 0.013108805753290653}, {'epoch': 17, 'train_loss': 0.3124813139438629, 'validation_loss': 0.011205076240003109}, {'epoch': 18, 'train_loss': 0.29949161410331726, 'validation_loss': 0.010051709599792957}]"
stz_2h,Santa Tereza · 2 h,2,strict_common_cohort_causal,4,7_to_8,7,8,6,1178,214,37,2023-11-26T10:00:00,2024-04-13T20:00:00,20260919,True,DLinear experimental,pytorch-cpu,0.017295300029218197,37,32.67292103438929,58.66595006586368,-4.471716769422596,171.5761772066043,0.8506821624899442,0.8506821624899442,7.416207053081567,1,32.67292103438929,32.67292103438929,176.75280276563558,176.75280276563558,2.0,2.0,2.0,,1178.0,18.0,18.0,0.0341084823012352,214.0,32.0,"[{'epoch': 14, 'train_loss': 0.2867337167263031, 'validation_loss': 0.03789672255516052}, {'epoch': 15, 'train_loss': 0.2766943871974945, 'validation_loss': 0.03689200058579445}, {'epoch': 16, 'train_loss': 0.2671944797039032, 'validation_loss': 0.03593043237924576}, {'epoch': 17, 'train_loss': 0.2582090198993683, 'validation_loss': 0.035004813224077225}, {'epoch': 18, 'train_loss': 0.2497129589319229, 'validation_loss': 0.0341084823012352}]"
stz_2h,Santa Tereza · 2 h,2,strict_common_cohort_causal,4,7_to_8,7,8,6,1178,214,37,2023-11-26T10:00:00,2024-04-13T20:00:00,20260919,True,NLinear experimental,pytorch-cpu,0.01143370009958744,37,31.002680467852848,65.3064335889297,-13.276691489008577,146.8617327743285,0.814966054272745,0.814966054272745,7.013000123978499,1,31.002680467852848,31.002680467852848,48.559851699683236,48.559851699683236,2.0,2.0,2.0,,1178.0,18.0,18.0,0.06973662227392197,214.0,61.0,"[{'epoch': 14, 'train_loss': 1.0066454410552979, 'validation_loss': 0.08133633434772491}, {'epoch': 15, 'train_loss': 0.9898735284805298, 'validation_loss': 0.07795380055904388}, {'epoch': 16, 'train_loss': 0.9745784997940063, 'validation_loss': 0.07490737736225128}, {'epoch': 17, 'train_loss': 0.9606379270553589, 'validation_loss': 0.07217589765787125}, {'epoch': 18, 'train_loss': 0.9479236602783203, 'validation_loss': 0.06973662227392197}]"
stz_2h,Santa Tereza · 2 h,2,strict_common_cohort_causal,4,7_to_8,7,8,6,1178,214,37,2023-11-26T10:00:00,2024-04-13T20:00:00,20260919,True,TSMixer experimental,pytorch-cpu,0.06861750001553446,37,29.213477878739006,55.91624043925469,-2.32722833840995,100.91210962211629,0.8643513729363346,0.8643513729363346,8.874284910240583,1,29.213477878739006,29.213477878739006,5.91197154913516,5.91197154913516,3.0,3.0,3.0,,1178.0,18.0,18.0,0.1420029252767563,214.0,1619.0,"[{'epoch': 14, 'train_loss': 0.764137864112854, 'validation_loss': 0.158192440867424}, {'epoch': 15, 'train_loss': 0.7436150908470154, 'validation_loss': 0.15189458429813385}, {'epoch': 16, 'train_loss': 0.7249370813369751, 'validation_loss': 0.14719392359256744}, {'epoch': 17, 'train_loss': 0.7080296277999878, 'validation_loss': 0.14394450187683105}, {'epoch': 18, 'train_loss': 0.6928225159645081, 'validation_loss': 0.1420029252767563}]"
stz_2h,Santa Tereza · 2 h,2,strict_common_cohort_causal,4,7_to_8,7,8,6,1178,214,37,2023-11-26T10:00:00,2024-04-13T20:00:00,20260919,True,N-BEATS experimental,pytorch-cpu,0.05067199992481619,37,16.974446366353362,35.54012894226937,0.40699228667149495,105.62854359085567,0.9452003892795107,0.9452003892795107,3.982983937056576,1,16.974446366353362,16.974446366353362,116.4303379888936,116.4303379888936,0.0,0.0,0.0,,1178.0,18.0,14.0,0.010457571595907211,214.0,20158.0,"[{'epoch': 14, 'train_loss': 0.11360415816307068, 'validation_loss': 0.010457571595907211}, {'epoch': 15, 'train_loss': 0.11032696813344955, 'validation_loss': 0.01133526861667633}, {'epoch': 16, 'train_loss': 0.09877379983663559, 'validation_loss': 0.013594676740467548}, {'epoch': 17, 'train_loss': 0.08783002197742462, 'validation_loss': 0.01707548089325428}, {'epoch': 18, 'train_loss': 0.08450381457805634, 'validation_loss': 0.020356256514787674}]"
stz_2h,Santa Tereza · 2 h,2,strict_common_cohort_causal,4,7_to_8,7,8,6,1178,214,37,2023-11-26T10:00:00,2024-04-13T20:00:00,20260919,True,N-HiTS-lite experimental,pytorch-cpu,0.03177579992916435,37,21.5165695754876,41.304152959268706,0.4313792580974008,84.51535833296732,0.9259837776353157,0.9259837776353157,5.125505751889996,1,21.5165695754876,21.5165695754876,155.3887505333846,155.3887505333846,0.0,0.0,0.0,,1178.0,18.0,18.0,0.02788417972624302,214.0,2353.0,"[{'epoch': 14, 'train_loss': 0.2463252991437912, 'validation_loss': 0.038588643074035645}, {'epoch': 15, 'train_loss': 0.24251995980739594, 'validation_loss': 0.03539026156067848}, {'epoch': 16, 'train_loss': 0.2335464209318161, 'validation_loss': 0.03253493830561638}, {'epoch': 17, 'train_loss': 0.2202082872390747, 'validation_loss': 0.030027005821466446}, {'epoch': 18, 'train_loss': 0.20412780344486237, 'validation_loss': 0.02788417972624302}]"
stz_2h,Santa Tereza · 2 h,2,strict_common_cohort_causal,4,7_to_8,7,8,6,1178,214,37,2023-11-26T10:00:00,2024-04-13T20:00:00,20260919,True,PatchTST experimental,pytorch-cpu,0.055335699929855764,37,32.40728233695306,59.28586140230189,-5.986726530195708,99.97153571587955,0.8475098667453557,0.8475098667453557,8.776627785931247,1,32.40728233695306,32.40728233695306,45.41129877690321,45.41129877690321,3.0,3.0,3.0,,1178.0,9.0,2.0,0.13837191462516785,214.0,9089.0,"[{'epoch': 5, 'train_loss': 0.6332265734672546, 'validation_loss': 0.23207736015319824}, {'epoch': 6, 'train_loss': 0.626438558101654, 'validation_loss': 0.23781292140483856}, {'epoch': 7, 'train_loss': 0.6154549717903137, 'validation_loss': 0.22259503602981567}, {'epoch': 8, 'train_loss': 0.5895752310752869, 'validation_loss': 0.192821204662323}, {'epoch': 9, 'train_loss': 0.5509102940559387, 'validation_loss': 0.1560259312391281}]"
stz_2h,Santa Tereza · 2 h,2,strict_common_cohort_causal,4,7_to_8,7,8,6,1178,214,37,2023-11-26T10:00:00,2024-04-13T20:00:00,20260919,True,TFT-lite experimental,pytorch-cpu,0.1412537000142038,37,19.679236427440845,40.49445559744988,-7.994651899587521,89.16027113708859,0.9288572572172867,0.9288572572172867,4.622788195397861,1,19.679236427440845,19.679236427440845,74.11931909902853,74.11931909902853,1.0,1.0,1.0,,1178.0,18.0,17.0,0.031473685055971146,214.0,11889.0,"[{'epoch': 14, 'train_loss': 0.38354453444480896, 'validation_loss': 0.0521947406232357}, {'epoch': 15, 'train_loss': 0.3690418303012848, 'validation_loss': 0.0496944896876812}, {'epoch': 16, 'train_loss': 0.3447158634662628, 'validation_loss': 0.03802081570029259}, {'epoch': 17, 'train_loss': 0.31256866455078125, 'validation_loss': 0.031473685055971146}, {'epoch': 18, 'train_loss': 0.2865426242351532, 'validation_loss': 0.03938329592347145}]"
stz_2h,Santa Tereza · 2 h,2,strict_common_cohort_causal,4,8_to_9,8,9,7,1392,37,35,2023-12-09T13:00:00,2024-04-28T19:00:00,20260919,True,Persistência,baseline,0.0,35,19.114285714285714,27.507401601335282,-14.542857142857143,66.3,0.9967677014711074,0.9967677014711074,4.045634815167778,1,19.114285714285714,19.114285714285714,11.0,11.0,-2.0,2.0,2.0,,,,,,,,
stz_2h,Santa Tereza · 2 h,2,strict_common_cohort_causal,4,8_to_9,8,9,7,1392,37,35,2023-12-09T13:00:00,2024-04-28T19:00:00,20260919,True,Ridge,scikit-learn,0.0005830000154674053,35,14.703304134096419,21.778354485318836,-6.023401076453073,54.56419677734374,0.99797389264345,0.99797389264345,2.989073098263931,1,14.703304134096419,14.703304134096419,2.0437679290771484,2.0437679290771484,0.0,0.0,0.0,[],1392.0,,,,,,
stz_2h,Santa Tereza · 2 h,2,strict_common_cohort_causal,4,8_to_9,8,9,7,1392,37,35,2023-12-09T13:00:00,2024-04-28T19:00:00,20260919,True,Elastic Net,scikit-learn,0.01586949999909848,35,14.376847686086382,21.211377851980256,-5.038578506878444,52.76352920532226,0.9980780145784182,0.9980780145784182,2.872753300759971,1,14.376847686086382,14.376847686086382,4.216850280761719,4.216850280761719,0.0,0.0,0.0,[],1392.0,,,,,,
stz_2h,Santa Tereza · 2 h,2,strict_common_cohort_causal,4,8_to_9,8,9,7,1392,37,35,2023-12-09T13:00:00,2024-04-28T19:00:00,20260919,True,SVR,scikit-learn,0.06374769995454699,35,10.279703897282166,15.93192852420966,0.9234814349190255,39.64665926711054,0.998915701075272,0.998915701075272,2.0742901424017197,1,10.279703897282166,10.279703897282166,10.289800741269573,10.289800741269573,0.0,0.0,0.0,[],1392.0,,,,,,
stz_2h,Santa Tereza · 2 h,2,strict_common_cohort_causal,4,8_to_9,8,9,7,1392,37,35,2023-12-09T13:00:00,2024-04-28T19:00:00,20260919,True,MLP,scikit-learn,0.29483609995804727,35,13.875472378730773,21.870770339172747,-4.074635372843061,43.70109004974365,0.9979566606964888,0.9979566606964888,2.3782707367165417,1,13.875472378730773,13.875472378730773,22.67193102836609,22.67193102836609,0.0,0.0,0.0,[],1392.0,,,,,,
stz_2h,Santa Tereza · 2 h,2,strict_common_cohort_causal,4,8_to_9,8,9,7,1392,37,35,2023-12-09T13:00:00,2024-04-28T19:00:00,20260919,True,Random Forest,scikit-learn,2.67467380000744,35,12.24912206336222,18.933385533540427,-1.9590949037778274,42.835250136978594,0.9984686696674211,0.9984686696674211,2.2472581843418187,1,12.24912206336222,12.24912206336222,20.464453166202475,20.464453166202475,0.0,0.0,0.0,[],1392.0,,,,,,
stz_2h,Santa Tereza · 2 h,2,strict_common_cohort_causal,4,8_to_9,8,9,7,1392,37,35,2023-12-09T13:00:00,2024-04-28T19:00:00,20260919,True,Extra Trees,scikit-learn,1.0829479000531137,35,11.199570678434451,18.41106585818179,-3.3620620485787414,43.07971659700097,0.9985519945667966,0.9985519945667966,1.9909647733540288,1,11.199570678434451,11.199570678434451,5.010993989970302,5.010993989970302,0.0,0.0,0.0,[],1392.0,,,,,,
stz_2h,Santa Tereza · 2 h,2,strict_common_cohort_causal,4,8_to_9,8,9,7,1392,37,35,2023-12-09T13:00:00,2024-04-28T19:00:00,20260919,True,HistGradientBoosting,scikit-learn,0.45275409996975213,35,14.409140569671035,22.423498998756358,0.7206705322250725,46.82967879440509,0.9978520751056296,0.9978520751056296,2.595313303003968,1,14.409140569671035,14.409140569671035,18.89880073784161,18.89880073784161,0.0,0.0,0.0,[],1392.0,,,,,,
stz_2h,Santa Tereza · 2 h,2,strict_common_cohort_causal,4,8_to_9,8,9,7,1392,37,35,2023-12-09T13:00:00,2024-04-28T19:00:00,20260919,True,XGBoost,xgboost,0.3120391999837011,35,11.975726805414473,19.39099078021637,-2.3812294925962174,45.5785472869873,0.9983937530052661,0.9983937530052661,2.225123313435239,1,11.975726805414473,11.975726805414473,1.0091056823730469,1.0091056823730469,0.0,0.0,0.0,[],1392.0,,,,,,
stz_2h,Santa Tereza · 2 h,2,strict_common_cohort_causal,4,8_to_9,8,9,7,1392,37,35,2023-12-09T13:00:00,2024-04-28T19:00:00,20260919,True,LightGBM,lightgbm,0.3275511999381706,35,14.171138887332988,22.91107423441578,2.0062343182882714,48.59104666049088,0.9977576508653015,0.9977576508653015,2.5274904179175466,1,14.171138887332988,14.171138887332988,31.93565844433033,31.93565844433033,0.0,0.0,0.0,[],1392.0,,,,,,
stz_2h,Santa Tereza · 2 h,2,strict_common_cohort_causal,4,8_to_9,8,9,7,1392,37,35,2023-12-09T13:00:00,2024-04-28T19:00:00,20260919,True,CatBoost,catboost,3.9960475999396294,35,11.464372493022124,18.590747238753828,-3.0139811962131358,42.64436520648198,0.998523593254369,0.998523593254369,2.050296628134182,1,11.464372493022124,11.464372493022124,13.937352233457204,13.937352233457204,0.0,0.0,0.0,[],1392.0,,,,,,
stz_2h,Santa Tereza · 2 h,2,strict_common_cohort_causal,4,8_to_9,8,9,7,1392,37,35,2023-12-09T13:00:00,2024-04-28T19:00:00,20260919,True,CNN-1D temporal,pytorch-cpu,0.06316030002199113,35,21.521909675381877,31.30453658530694,-6.3113264286126425,73.56013568957259,0.995813733362024,0.995813733362024,3.656036498899847,1,21.521909675381877,21.521909675381877,75.20261709887154,75.20261709887154,0.0,0.0,0.0,,1392.0,18.0,18.0,1.0355702638626099,37.0,4609.0,"[{'epoch': 14, 'train_loss': 0.23416173458099365, 'validation_loss': 1.3212940692901611}, {'epoch': 15, 'train_loss': 0.22841642796993256, 'validation_loss': 1.263816237449646}, {'epoch': 16, 'train_loss': 0.21324826776981354, 'validation_loss': 1.1896753311157227}, {'epoch': 17, 'train_loss': 0.1923346221446991, 'validation_loss': 1.1122722625732422}, {'epoch': 18, 'train_loss': 0.17001472413539886, 'validation_loss': 1.0355702638626099}]"
stz_2h,Santa Tereza · 2 h,2,strict_common_cohort_causal,4,8_to_9,8,9,7,1392,37,35,2023-12-09T13:00:00,2024-04-28T19:00:00,20260919,True,LSTM,pytorch-cpu,0.05735330004245043,35,16.228560932671964,23.831823604833925,-7.639180966470141,54.69563006504898,0.9975737984278141,0.9975737984278141,2.9222915374644165,1,16.228560932671964,16.228560932671964,50.174717393163064,50.174717393163064,-2.0,2.0,2.0,,1392.0,18.0,18.0,1.171372652053833,37.0,6305.0,"[{'epoch': 14, 'train_loss': 0.5855041742324829, 'validation_loss': 1.3446216583251953}, {'epoch': 15, 'train_loss': 0.5583598613739014, 'validation_loss': 1.3001129627227783}, {'epoch': 16, 'train_loss': 0.5323814153671265, 'validation_loss': 1.2562496662139893}, {'epoch': 17, 'train_loss': 0.5077024698257446, 'validation_loss': 1.2132480144500732}, {'epoch': 18, 'train_loss': 0.48446452617645264, 'validation_loss': 1.171372652053833}]"
stz_2h,Santa Tereza · 2 h,2,strict_common_cohort_causal,4,8_to_9,8,9,7,1392,37,35,2023-12-09T13:00:00,2024-04-28T19:00:00,20260919,True,GRU,pytorch-cpu,0.07497369998600334,35,23.269455756974764,30.526896802646533,-3.336036820830441,59.46539983824985,0.9960191332077707,0.9960191332077707,4.368635680764891,1,23.269455756974764,23.269455756974764,75.24844265527827,75.24844265527827,0.0,0.0,0.0,,1392.0,18.0,18.0,0.788398265838623,37.0,4737.0,"[{'epoch': 14, 'train_loss': 0.3436197340488434, 'validation_loss': 0.8921369314193726}, {'epoch': 15, 'train_loss': 0.328233003616333, 'validation_loss': 0.861768901348114}, {'epoch': 16, 'train_loss': 0.31572744250297546, 'validation_loss': 0.8348090648651123}, {'epoch': 17, 'train_loss': 0.305489718914032, 'validation_loss': 0.8105567693710327}, {'epoch': 18, 'train_loss': 0.29693564772605896, 'validation_loss': 0.788398265838623}]"
stz_2h,Santa Tereza · 2 h,2,strict_common_cohort_causal,4,8_to_9,8,9,7,1392,37,35,2023-12-09T13:00:00,2024-04-28T19:00:00,20260919,True,TCN,pytorch-cpu,0.06412510003428906,35,17.36686504270657,24.843249749084755,-6.508220308443068,52.33060034928872,0.9973634917230803,0.9973634917230803,3.081469393447269,1,17.36686504270657,17.36686504270657,53.736266497373435,53.736266497373435,0.0,0.0,0.0,,1392.0,18.0,18.0,0.953370988368988,37.0,7713.0,"[{'epoch': 14, 'train_loss': 0.2446383386850357, 'validation_loss': 1.207900047302246}, {'epoch': 15, 'train_loss': 0.21405638754367828, 'validation_loss': 1.1253387928009033}, {'epoch': 16, 'train_loss': 0.18100470304489136, 'validation_loss': 1.0505679845809937}, {'epoch': 17, 'train_loss': 0.15609216690063477, 'validation_loss': 0.9940934181213379}, {'epoch': 18, 'train_loss': 0.14314867556095123, 'validation_loss': 0.953370988368988}]"
stz_2h,Santa Tereza · 2 h,2,strict_common_cohort_causal,4,8_to_9,8,9,7,1392,37,35,2023-12-09T13:00:00,2024-04-28T19:00:00,20260919,True,Seq2Seq · decoder 1 passo,pytorch-cpu,0.06577159999869764,35,15.910872514537488,24.77243659656241,-10.157894336306441,57.64067670348918,0.9973785004985604,0.9973785004985604,2.834754423468984,1,15.910872514537488,15.910872514537488,51.19044363682633,51.19044363682633,-2.0,2.0,2.0,,1392.0,18.0,18.0,1.3399255275726318,37.0,10785.0,"[{'epoch': 14, 'train_loss': 0.6843231320381165, 'validation_loss': 1.5184261798858643}, {'epoch': 15, 'train_loss': 0.6589428782463074, 'validation_loss': 1.474379301071167}, {'epoch': 16, 'train_loss': 0.6335801482200623, 'validation_loss': 1.4298425912857056}, {'epoch': 17, 'train_loss': 0.6083205938339233, 'validation_loss': 1.3849554061889648}, {'epoch': 18, 'train_loss': 0.5832898616790771, 'validation_loss': 1.3399255275726318}]"
stz_2h,Santa Tereza · 2 h,2,strict_common_cohort_causal,4,8_to_9,8,9,7,1392,37,35,2023-12-09T13:00:00,2024-04-28T19:00:00,20260919,True,Transformer temporal,pytorch-cpu,0.13850270002149045,35,12.707858960307352,18.781932925091514,-2.872448498275667,36.679151065515704,0.9984930706247274,0.9984930706247274,2.5292054165645603,1,12.707858960307352,12.707858960307352,20.10994543063498,20.10994543063498,0.0,0.0,0.0,,1392.0,18.0,18.0,0.7957932353019714,37.0,9217.0,"[{'epoch': 14, 'train_loss': 0.3670899569988251, 'validation_loss': 0.8371164798736572}, {'epoch': 15, 'train_loss': 0.35524842143058777, 'validation_loss': 0.8345534801483154}, {'epoch': 16, 'train_loss': 0.3448042869567871, 'validation_loss': 0.8279359340667725}, {'epoch': 17, 'train_loss': 0.3332843482494354, 'validation_loss': 0.8151850700378418}, {'epoch': 18, 'train_loss': 0.3195037841796875, 'validation_loss': 0.7957932353019714}]"
stz_2h,Santa Tereza · 2 h,2,strict_common_cohort_causal,4,8_to_9,8,9,7,1392,37,35,2023-12-09T13:00:00,2024-04-28T19:00:00,20260919,True,DLinear experimental,pytorch-cpu,0.016673399950377643,35,16.950656125199146,23.689638933100724,-4.38740885906626,48.6363888863925,0.9976026623208347,0.9976026623208347,3.360247605172431,1,16.950656125199146,16.950656125199146,22.021112731458288,22.021112731458288,0.0,0.0,0.0,,1392.0,18.0,18.0,1.7540584802627563,37.0,32.0,"[{'epoch': 14, 'train_loss': 0.28822553157806396, 'validation_loss': 1.8782896995544434}, {'epoch': 15, 'train_loss': 0.278131365776062, 'validation_loss': 1.8462589979171753}, {'epoch': 16, 'train_loss': 0.26857781410217285, 'validation_loss': 1.814875602722168}, {'epoch': 17, 'train_loss': 0.25954025983810425, 'validation_loss': 1.7841441631317139}, {'epoch': 18, 'train_loss': 0.2509937584400177, 'validation_loss': 1.7540584802627563}]"
stz_2h,Santa Tereza · 2 h,2,strict_common_cohort_causal,4,8_to_9,8,9,7,1392,37,35,2023-12-09T13:00:00,2024-04-28T19:00:00,20260919,True,NLinear experimental,pytorch-cpu,0.011274099932052195,35,18.531647032477473,26.07768398276746,-13.789933609530273,56.48338106400655,0.9970949717195325,0.9970949717195325,3.924525522009828,1,18.531647032477473,18.531647032477473,23.29801984681535,23.29801984681535,-1.0,1.0,1.0,,1392.0,18.0,18.0,2.188565254211426,37.0,61.0,"[{'epoch': 14, 'train_loss': 1.0066817998886108, 'validation_loss': 2.6562156677246094}, {'epoch': 15, 'train_loss': 0.9895856976509094, 'validation_loss': 2.521512746810913}, {'epoch': 16, 'train_loss': 0.9740065932273865, 'validation_loss': 2.3991336822509766}, {'epoch': 17, 'train_loss': 0.9598234295845032, 'validation_loss': 2.2883973121643066}, {'epoch': 18, 'train_loss': 0.9469082951545715, 'validation_loss': 2.188565254211426}]"
stz_2h,Santa Tereza · 2 h,2,strict_common_cohort_causal,4,8_to_9,8,9,7,1392,37,35,2023-12-09T13:00:00,2024-04-28T19:00:00,20260919,True,TSMixer experimental,pytorch-cpu,0.06950680003501475,35,20.5437979426796,27.207289296859226,-8.166228189752312,60.62417919477053,0.9968378470138948,0.9968378470138948,4.211915563403357,1,20.5437979426796,20.5437979426796,43.620971606459534,43.620971606459534,-2.0,2.0,2.0,,1392.0,18.0,18.0,1.6277252435684204,37.0,1619.0,"[{'epoch': 14, 'train_loss': 0.7877606153488159, 'validation_loss': 1.6624263525009155}, {'epoch': 15, 'train_loss': 0.768119752407074, 'validation_loss': 1.6535390615463257}, {'epoch': 16, 'train_loss': 0.7501289248466492, 'validation_loss': 1.6447447538375854}, {'epoch': 17, 'train_loss': 0.7337141036987305, 'validation_loss': 1.6361668109893799}, {'epoch': 18, 'train_loss': 0.7188166975975037, 'validation_loss': 1.6277252435684204}]"
stz_2h,Santa Tereza · 2 h,2,strict_common_cohort_causal,4,8_to_9,8,9,7,1392,37,35,2023-12-09T13:00:00,2024-04-28T19:00:00,20260919,True,N-BEATS experimental,pytorch-cpu,0.05111270002089441,35,13.760356505817859,22.06501914438349,-4.871711416927038,42.24057624530134,0.9979202030088856,0.9979202030088856,2.60800048707532,1,13.760356505817859,13.760356505817859,30.490620924352243,30.490620924352243,0.0,0.0,0.0,,1392.0,18.0,15.0,0.6256545782089233,37.0,20158.0,"[{'epoch': 14, 'train_loss': 0.11457278579473495, 'validation_loss': 0.6381686329841614}, {'epoch': 15, 'train_loss': 0.10998585820198059, 'validation_loss': 0.6256545782089233}, {'epoch': 16, 'train_loss': 0.09745095670223236, 'validation_loss': 0.6317434310913086}, {'epoch': 17, 'train_loss': 0.08669842034578323, 'validation_loss': 0.6541579365730286}, {'epoch': 18, 'train_loss': 0.08460794389247894, 'validation_loss': 0.6724310517311096}]"
stz_2h,Santa Tereza · 2 h,2,strict_common_cohort_causal,4,8_to_9,8,9,7,1392,37,35,2023-12-09T13:00:00,2024-04-28T19:00:00,20260919,True,N-HiTS-lite experimental,pytorch-cpu,0.029313000035472214,35,23.156048136788083,34.281827046030465,-6.338511649515289,81.77445918864784,0.9949795777290752,0.9949795777290752,3.911677775033283,1,23.156048136788083,23.156048136788083,95.01865369314191,95.01865369314191,0.0,0.0,0.0,,1392.0,18.0,18.0,0.8678349852561951,37.0,2353.0,"[{'epoch': 14, 'train_loss': 0.24869579076766968, 'validation_loss': 0.928986132144928}, {'epoch': 15, 'train_loss': 0.24492765963077545, 'validation_loss': 0.9237351417541504}, {'epoch': 16, 'train_loss': 0.23595429956912994, 'validation_loss': 0.9110581874847412}, {'epoch': 17, 'train_loss': 0.2226032316684723, 'validation_loss': 0.8917394876480103}, {'epoch': 18, 'train_loss': 0.20649094879627228, 'validation_loss': 0.8678349852561951}]"
stz_2h,Santa Tereza · 2 h,2,strict_common_cohort_causal,4,8_to_9,8,9,7,1392,37,35,2023-12-09T13:00:00,2024-04-28T19:00:00,20260919,True,PatchTST experimental,pytorch-cpu,0.08774350001476705,35,12.036251150685073,18.865989875626926,-3.3099909029625563,41.74093163139034,0.998479552172269,0.998479552172269,2.286774597667069,1,12.036251150685073,12.036251150685073,18.93381450768902,18.93381450768902,-2.0,2.0,2.0,,1392.0,18.0,18.0,0.7877987027168274,37.0,9089.0,"[{'epoch': 14, 'train_loss': 0.4032667875289917, 'validation_loss': 0.8633925914764404}, {'epoch': 15, 'train_loss': 0.39328867197036743, 'validation_loss': 0.8553239703178406}, {'epoch': 16, 'train_loss': 0.3849361538887024, 'validation_loss': 0.8412010669708252}, {'epoch': 17, 'train_loss': 0.3746787905693054, 'validation_loss': 0.8184472322463989}, {'epoch': 18, 'train_loss': 0.3607122600078583, 'validation_loss': 0.7877987027168274}]"
stz_2h,Santa Tereza · 2 h,2,strict_common_cohort_causal,4,8_to_9,8,9,7,1392,37,35,2023-12-09T13:00:00,2024-04-28T19:00:00,20260919,True,TFT-lite experimental,pytorch-cpu,0.13853210001252592,35,19.81979533990332,26.976483946634183,-6.662028555370791,56.56774835176954,0.9968912699121516,0.9968912699121516,3.5941193442475012,1,19.81979533990332,19.81979533990332,52.051283706332015,52.051283706332015,0.0,0.0,0.0,,1392.0,18.0,18.0,0.8035928606987,37.0,11889.0,"[{'epoch': 14, 'train_loss': 0.4005201458930969, 'validation_loss': 1.049364686012268}, {'epoch': 15, 'train_loss': 0.3869644105434418, 'validation_loss': 0.9941688776016235}, {'epoch': 16, 'train_loss': 0.36404696106910706, 'validation_loss': 0.9229450821876526}, {'epoch': 17, 'train_loss': 0.3327047526836395, 'validation_loss': 0.8541819453239441}, {'epoch': 18, 'train_loss': 0.3060767352581024, 'validation_loss': 0.8035928606987}]"
stz_2h,Santa Tereza · 2 h,2,strict_common_cohort_causal,4,9_to_11,9,11,8,1429,35,127,2024-04-15T08:00:00,2024-10-10T06:00:00,20260919,True,Persistência,baseline,0.0,127,15.952755905511811,22.606528218862714,-0.8976377952755905,47.39999999999998,0.9694367147651952,0.9694367147651952,3.082258129238828,1,15.952755905511811,15.952755905511811,0.0,0.0,2.0,2.0,2.0,,,,,,,,
stz_2h,Santa Tereza · 2 h,2,strict_common_cohort_causal,4,9_to_11,9,11,8,1429,35,127,2024-04-15T08:00:00,2024-10-10T06:00:00,20260919,True,Ridge,scikit-learn,0.0010043999645859003,127,8.369785698380058,9.089536203721643,8.188440220562493,12.649798679351798,0.995058989917538,0.995058989917538,1.8568087937412832,1,8.369785698380058,8.369785698380058,9.186159133911133,9.186159133911133,0.0,0.0,0.0,[],1429.0,,,,,,
stz_2h,Santa Tereza · 2 h,2,strict_common_cohort_causal,4,9_to_11,9,11,8,1429,35,127,2024-04-15T08:00:00,2024-10-10T06:00:00,20260919,True,Elastic Net,scikit-learn,0.03369510010816157,127,5.221015369798255,5.881475536454646,4.499943608374108,9.302215957641597,0.9979312649034124,0.9979312649034124,1.1349885528748809,1,5.221015369798255,5.221015369798255,5.80126953125,5.80126953125,1.0,1.0,1.0,[],1429.0,,,,,,
stz_2h,Santa Tereza · 2 h,2,strict_common_cohort_causal,4,9_to_11,9,11,8,1429,35,127,2024-04-15T08:00:00,2024-10-10T06:00:00,20260919,True,SVR,scikit-learn,0.08161640004254878,127,5.021551997700882,6.84354561581847,1.1788145440727213,15.057472589986581,0.9971991192074737,0.9971991192074737,1.0047421649697028,1,5.021551997700882,5.021551997700882,4.941206088875219,4.941206088875219,0.0,0.0,0.0,[],1429.0,,,,,,
stz_2h,Santa Tereza · 2 h,2,strict_common_cohort_causal,4,9_to_11,9,11,8,1429,35,127,2024-04-15T08:00:00,2024-10-10T06:00:00,20260919,True,MLP,scikit-learn,0.35420050006359816,127,4.44696089414161,6.023734960283654,0.9931461229099063,11.082502889633174,0.9978299786710599,0.9978299786710599,0.8867702589839436,1,4.44696089414161,4.44696089414161,1.3156051635742188,1.3156051635742188,0.0,0.0,0.0,[],1429.0,,,,,,
stz_2h,Santa Tereza · 2 h,2,strict_common_cohort_causal,4,9_to_11,9,11,8,1429,35,127,2024-04-15T08:00:00,2024-10-10T06:00:00,20260919,True,Random Forest,scikit-learn,3.0425457999808714,127,3.4223458640952558,4.832452904512512,1.0518195920263302,9.314361397995915,0.9986034144218169,0.9986034144218169,0.6751208996983251,1,3.4223458640952558,3.4223458640952558,4.7350143557787305,4.7350143557787305,0.0,0.0,0.0,[],1429.0,,,,,,
stz_2h,Santa Tereza · 2 h,2,strict_common_cohort_causal,4,9_to_11,9,11,8,1429,35,127,2024-04-15T08:00:00,2024-10-10T06:00:00,20260919,True,Extra Trees,scikit-learn,1.2912780999904498,127,3.269026867126424,4.809780832764296,0.3872517213905889,10.35743080546757,0.9986164882012823,0.9986164882012823,0.6397142490768406,1,3.269026867126424,3.269026867126424,4.132913465037177,4.132913465037177,0.0,0.0,0.0,[],1429.0,,,,,,
stz_2h,Santa Tereza · 2 h,2,strict_common_cohort_causal,4,9_to_11,9,11,8,1429,35,127,2024-04-15T08:00:00,2024-10-10T06:00:00,20260919,True,HistGradientBoosting,scikit-learn,0.49425939994398504,127,3.9078489862694945,5.687248783450247,0.9662744742662318,13.643203821783448,0.9980656424830543,0.9980656424830543,0.7687461037266187,1,3.9078489862694945,3.9078489862694945,4.511253376167815,4.511253376167815,-1.0,1.0,1.0,[],1429.0,,,,,,
stz_2h,Santa Tereza · 2 h,2,strict_common_cohort_causal,4,9_to_11,9,11,8,1429,35,127,2024-04-15T08:00:00,2024-10-10T06:00:00,20260919,True,XGBoost,xgboost,0.3492453000508249,127,3.45158344601083,4.916195786506966,0.9502809230736861,10.721732521057115,0.9985545914045173,0.9985545914045173,0.6848416322779457,1,3.45158344601083,3.45158344601083,3.0681304931640625,3.0681304931640625,0.0,0.0,0.0,[],1429.0,,,,,,
stz_2h,Santa Tereza · 2 h,2,strict_common_cohort_causal,4,9_to_11,9,11,8,1429,35,127,2024-04-15T08:00:00,2024-10-10T06:00:00,20260919,True,LightGBM,lightgbm,0.38134269998408854,127,3.8121917728247094,5.576472711158239,1.2132618704900693,11.70607557251668,0.9981402633273876,0.9981402633273876,0.748044767106747,1,3.8121917728247094,3.8121917728247094,1.062527738168228,1.062527738168228,0.0,0.0,0.0,[],1429.0,,,,,,
stz_2h,Santa Tereza · 2 h,2,strict_common_cohort_causal,4,9_to_11,9,11,8,1429,35,127,2024-04-15T08:00:00,2024-10-10T06:00:00,20260919,True,CatBoost,catboost,4.200138499960303,127,4.084528507184939,5.571375437007447,1.1994163711833572,11.497950435927883,0.9981436616243636,0.9981436616243636,0.7996647010885088,1,4.084528507184939,4.084528507184939,3.4500243292927735,3.4500243292927735,0.0,0.0,0.0,[],1429.0,,,,,,
stz_2h,Santa Tereza · 2 h,2,strict_common_cohort_causal,4,9_to_11,9,11,8,1429,35,127,2024-04-15T08:00:00,2024-10-10T06:00:00,20260919,True,CNN-1D temporal,pytorch-cpu,0.04810490005183965,127,12.927668053145078,18.621588545524283,-1.8954930144827975,42.21227303643257,0.9792620537071481,0.9792620537071481,2.5637119226451945,1,12.927668053145078,12.927668053145078,3.1014532472937617,3.1014532472937617,1.0,1.0,1.0,,1429.0,13.0,6.0,0.32096850872039795,35.0,4609.0,"[{'epoch': 9, 'train_loss': 0.28609877824783325, 'validation_loss': 0.3648928701877594}, {'epoch': 10, 'train_loss': 0.25164827704429626, 'validation_loss': 0.4020909368991852}, {'epoch': 11, 'train_loss': 0.23708681762218475, 'validation_loss': 0.44758594036102295}, {'epoch': 12, 'train_loss': 0.23799815773963928, 'validation_loss': 0.49483898282051086}, {'epoch': 13, 'train_loss': 0.24405169486999512, 'validation_loss': 0.5349671840667725}]"
stz_2h,Santa Tereza · 2 h,2,strict_common_cohort_causal,4,9_to_11,9,11,8,1429,35,127,2024-04-15T08:00:00,2024-10-10T06:00:00,20260919,True,LSTM,pytorch-cpu,0.06262780004180968,127,12.542965972070387,17.622064651876798,0.16331868066823815,40.06125387443532,0.9814285474500455,0.9814285474500455,2.474432182961897,1,12.542965972070387,12.542965972070387,2.4853882300304804,2.4853882300304804,0.0,0.0,0.0,,1429.0,18.0,15.0,0.2741937041282654,35.0,6305.0,"[{'epoch': 14, 'train_loss': 0.5867317914962769, 'validation_loss': 0.27430838346481323}, {'epoch': 15, 'train_loss': 0.5596154928207397, 'validation_loss': 0.2741937041282654}, {'epoch': 16, 'train_loss': 0.5337023138999939, 'validation_loss': 0.2761228382587433}, {'epoch': 17, 'train_loss': 0.509123682975769, 'validation_loss': 0.28016749024391174}, {'epoch': 18, 'train_loss': 0.486015260219574, 'validation_loss': 0.2863498032093048}]"
stz_2h,Santa Tereza · 2 h,2,strict_common_cohort_causal,4,9_to_11,9,11,8,1429,35,127,2024-04-15T08:00:00,2024-10-10T06:00:00,20260919,True,GRU,pytorch-cpu,0.053224300034344196,127,13.468284300795935,19.508544625419905,-0.6031685434557646,45.71033544572334,0.977239487579883,0.977239487579883,2.6463123565722073,1,13.468284300795935,13.468284300795935,1.3138020973968878,1.3138020973968878,0.0,0.0,0.0,,1429.0,12.0,5.0,0.285243421792984,35.0,4737.0,"[{'epoch': 8, 'train_loss': 0.5289209485054016, 'validation_loss': 0.30544352531433105}, {'epoch': 9, 'train_loss': 0.4857946038246155, 'validation_loss': 0.31950652599334717}, {'epoch': 10, 'train_loss': 0.4482537508010864, 'validation_loss': 0.3365602493286133}, {'epoch': 11, 'train_loss': 0.4160194396972656, 'validation_loss': 0.35595327615737915}, {'epoch': 12, 'train_loss': 0.3887391984462738, 'validation_loss': 0.3768730163574219}]"
stz_2h,Santa Tereza · 2 h,2,strict_common_cohort_causal,4,9_to_11,9,11,8,1429,35,127,2024-04-15T08:00:00,2024-10-10T06:00:00,20260919,True,TCN,pytorch-cpu,0.04559300001710653,127,14.64887021144612,20.620849175364146,1.0185010706864717,41.98726807581546,0.974570057158042,0.974570057158042,2.8788967682447044,1,14.64887021144612,14.64887021144612,4.3576431160418,4.3576431160418,1.0,1.0,1.0,,1429.0,11.0,4.0,0.308510959148407,35.0,7713.0,"[{'epoch': 7, 'train_loss': 0.4278547465801239, 'validation_loss': 0.35970672965049744}, {'epoch': 8, 'train_loss': 0.35508042573928833, 'validation_loss': 0.42341408133506775}, {'epoch': 9, 'train_loss': 0.29869237542152405, 'validation_loss': 0.5182623863220215}, {'epoch': 10, 'train_loss': 0.26728302240371704, 'validation_loss': 0.6404345035552979}, {'epoch': 11, 'train_loss': 0.26280444860458374, 'validation_loss': 0.7537253499031067}]"
stz_2h,Santa Tereza · 2 h,2,strict_common_cohort_causal,4,9_to_11,9,11,8,1429,35,127,2024-04-15T08:00:00,2024-10-10T06:00:00,20260919,True,Seq2Seq · decoder 1 passo,pytorch-cpu,0.06414030003361404,127,12.220463153385436,16.996203131973047,0.7452345175132319,34.08027774656637,0.9827242815134011,0.9827242815134011,2.432817065033348,1,12.220463153385436,12.220463153385436,1.9144243721062821,1.9144243721062821,0.0,0.0,0.0,,1429.0,18.0,17.0,0.2975498139858246,35.0,10785.0,"[{'epoch': 14, 'train_loss': 0.6813504695892334, 'validation_loss': 0.3060826063156128}, {'epoch': 15, 'train_loss': 0.6557103991508484, 'validation_loss': 0.3016537129878998}, {'epoch': 16, 'train_loss': 0.6302079558372498, 'validation_loss': 0.29872873425483704}, {'epoch': 17, 'train_loss': 0.6049602031707764, 'validation_loss': 0.2975498139858246}, {'epoch': 18, 'train_loss': 0.5801254510879517, 'validation_loss': 0.2983807921409607}]"
stz_2h,Santa Tereza · 2 h,2,strict_common_cohort_causal,4,9_to_11,9,11,8,1429,35,127,2024-04-15T08:00:00,2024-10-10T06:00:00,20260919,True,Transformer temporal,pytorch-cpu,0.10459799994714558,127,8.199680370692548,11.53586590175774,4.400714281506351,25.677353397447614,0.9920414730648065,0.9920414730648065,1.589603652849176,1,8.199680370692548,8.199680370692548,24.07746602885311,24.07746602885311,-2.0,2.0,2.0,,1429.0,18.0,15.0,0.16745978593826294,35.0,9217.0,"[{'epoch': 14, 'train_loss': 0.36764612793922424, 'validation_loss': 0.16859132051467896}, {'epoch': 15, 'train_loss': 0.3557527959346771, 'validation_loss': 0.16745978593826294}, {'epoch': 16, 'train_loss': 0.34531351923942566, 'validation_loss': 0.1701383888721466}, {'epoch': 17, 'train_loss': 0.33385100960731506, 'validation_loss': 0.1743897646665573}, {'epoch': 18, 'train_loss': 0.3201405107975006, 'validation_loss': 0.17920295894145966}]"
stz_2h,Santa Tereza · 2 h,2,strict_common_cohort_causal,4,9_to_11,9,11,8,1429,35,127,2024-04-15T08:00:00,2024-10-10T06:00:00,20260919,True,DLinear experimental,pytorch-cpu,0.007953699911013246,127,16.96868931302566,23.201928253132223,0.4265075249239006,49.188508410013604,0.9678055914100169,0.9678055914100169,3.3420470767111112,1,16.96868931302566,16.96868931302566,9.972958396264744,9.972958396264744,0.0,0.0,0.0,,1429.0,17.0,10.0,0.24561697244644165,35.0,32.0,"[{'epoch': 13, 'train_loss': 0.3247290253639221, 'validation_loss': 0.2473977506160736}, {'epoch': 14, 'train_loss': 0.31355398893356323, 'validation_loss': 0.24879080057144165}, {'epoch': 15, 'train_loss': 0.30295491218566895, 'validation_loss': 0.2505209743976593}, {'epoch': 16, 'train_loss': 0.2929103970527649, 'validation_loss': 0.2525423467159271}, {'epoch': 17, 'train_loss': 0.2833978235721588, 'validation_loss': 0.25480470061302185}]"
stz_2h,Santa Tereza · 2 h,2,strict_common_cohort_causal,4,9_to_11,9,11,8,1429,35,127,2024-04-15T08:00:00,2024-10-10T06:00:00,20260919,True,NLinear experimental,pytorch-cpu,0.006273700040765107,127,16.326374371917474,22.89749225913812,0.2641365567407424,47.21490370096144,0.968644904037676,0.968644904037676,3.147190209535717,1,16.326374371917474,16.326374371917474,0.8196520844107908,0.8196520844107908,5.0,5.0,5.0,,1429.0,18.0,18.0,0.3324946463108063,35.0,61.0,"[{'epoch': 14, 'train_loss': 1.0159094333648682, 'validation_loss': 0.38001811504364014}, {'epoch': 15, 'train_loss': 0.9967758655548096, 'validation_loss': 0.36543670296669006}, {'epoch': 16, 'train_loss': 0.9793093800544739, 'validation_loss': 0.35274985432624817}, {'epoch': 17, 'train_loss': 0.963394284248352, 'validation_loss': 0.3418186604976654}, {'epoch': 18, 'train_loss': 0.9489070177078247, 'validation_loss': 0.3324946463108063}]"
stz_2h,Santa Tereza · 2 h,2,strict_common_cohort_causal,4,9_to_11,9,11,8,1429,35,127,2024-04-15T08:00:00,2024-10-10T06:00:00,20260919,True,TSMixer experimental,pytorch-cpu,0.023317900020629168,127,25.019382593507885,29.177792125255962,2.3982478933538323,52.255355134323125,0.9490860086703024,0.9490860086703024,5.202111836089131,1,25.019382593507885,25.019382593507885,33.080293924976104,33.080293924976104,0.0,0.0,0.0,,1429.0,8.0,1.0,0.4097376763820648,35.0,1619.0,"[{'epoch': 4, 'train_loss': 1.105772614479065, 'validation_loss': 0.41316261887550354}, {'epoch': 5, 'train_loss': 1.0602456331253052, 'validation_loss': 0.41367074847221375}, {'epoch': 6, 'train_loss': 1.018570899963379, 'validation_loss': 0.41350069642066956}, {'epoch': 7, 'train_loss': 0.9804348349571228, 'validation_loss': 0.4123833477497101}, {'epoch': 8, 'train_loss': 0.9454737901687622, 'validation_loss': 0.4102141857147217}]"
stz_2h,Santa Tereza · 2 h,2,strict_common_cohort_causal,4,9_to_11,9,11,8,1429,35,127,2024-04-15T08:00:00,2024-10-10T06:00:00,20260919,True,N-BEATS experimental,pytorch-cpu,0.012358699925243855,127,15.481634418579862,21.177406205563965,3.3748802246489773,41.66704224677916,0.9731788233570743,0.9731788233570743,3.066465546875561,1,15.481634418579862,15.481634418579862,5.235297817432524,5.235297817432524,2.0,2.0,2.0,,1429.0,8.0,1.0,0.3341083526611328,35.0,20158.0,"[{'epoch': 4, 'train_loss': 0.37307536602020264, 'validation_loss': 0.6372187733650208}, {'epoch': 5, 'train_loss': 0.29606854915618896, 'validation_loss': 0.6947858929634094}, {'epoch': 6, 'train_loss': 0.2765038311481476, 'validation_loss': 0.664112389087677}, {'epoch': 7, 'train_loss': 0.2767229974269867, 'validation_loss': 0.5749582648277283}, {'epoch': 8, 'train_loss': 0.25405967235565186, 'validation_loss': 0.46657535433769226}]"
stz_2h,Santa Tereza · 2 h,2,strict_common_cohort_causal,4,9_to_11,9,11,8,1429,35,127,2024-04-15T08:00:00,2024-10-10T06:00:00,20260919,True,N-HiTS-lite experimental,pytorch-cpu,0.006535399938002229,127,20.242438985133262,25.345828736509908,7.500870573089872,49.20619014785212,0.9615810682942828,0.9615810682942828,4.110537789337181,1,20.242438985133262,20.242438985133262,13.481456989193816,13.481456989193816,2.0,2.0,2.0,,1429.0,8.0,1.0,0.6820592880249023,35.0,2353.0,"[{'epoch': 4, 'train_loss': 0.6658446788787842, 'validation_loss': 0.8376622200012207}, {'epoch': 5, 'train_loss': 0.5295811891555786, 'validation_loss': 0.9170995354652405}, {'epoch': 6, 'train_loss': 0.4245836138725281, 'validation_loss': 0.9906421303749084}, {'epoch': 7, 'train_loss': 0.34866249561309814, 'validation_loss': 1.049102783203125}, {'epoch': 8, 'train_loss': 0.298422247171402, 'validation_loss': 1.085671067237854}]"
stz_2h,Santa Tereza · 2 h,2,strict_common_cohort_causal,4,9_to_11,9,11,8,1429,35,127,2024-04-15T08:00:00,2024-10-10T06:00:00,20260919,True,PatchTST experimental,pytorch-cpu,0.03955119999591261,127,21.181514308088907,25.990248646785545,3.9652175399103684,48.723624398418515,0.9596026235584275,0.9596026235584275,4.345162993567964,1,21.181514308088907,21.181514308088907,17.223716564843812,17.223716564843812,1.0,1.0,1.0,,1429.0,9.0,2.0,0.35027235746383667,35.0,9089.0,"[{'epoch': 5, 'train_loss': 0.6576873660087585, 'validation_loss': 0.5208927989006042}, {'epoch': 6, 'train_loss': 0.6460350155830383, 'validation_loss': 0.5475120544433594}, {'epoch': 7, 'train_loss': 0.6308200359344482, 'validation_loss': 0.53171306848526}, {'epoch': 8, 'train_loss': 0.6023691296577454, 'validation_loss': 0.48244017362594604}, {'epoch': 9, 'train_loss': 0.5628412961959839, 'validation_loss': 0.41361361742019653}]"
stz_2h,Santa Tereza · 2 h,2,strict_common_cohort_causal,4,9_to_11,9,11,8,1429,35,127,2024-04-15T08:00:00,2024-10-10T06:00:00,20260919,True,TFT-lite experimental,pytorch-cpu,0.11432300007436424,127,16.63218445865687,21.43786085575037,7.826959881822016,40.046626805610664,0.9725150350119641,0.9725150350119641,3.3684777104404056,1,16.63218445865687,16.63218445865687,5.684910383415172,5.684910383415172,1.0,1.0,1.0,,1429.0,15.0,8.0,0.2323041409254074,35.0,11889.0,"[{'epoch': 11, 'train_loss': 0.503669023513794, 'validation_loss': 0.27473679184913635}, {'epoch': 12, 'train_loss': 0.45440250635147095, 'validation_loss': 0.32322967052459717}, {'epoch': 13, 'train_loss': 0.41976094245910645, 'validation_loss': 0.3797290623188019}, {'epoch': 14, 'train_loss': 0.40194639563560486, 'validation_loss': 0.42007046937942505}, {'epoch': 15, 'train_loss': 0.3879924714565277, 'validation_loss': 0.42667436599731445}]"
stz_2h,Santa Tereza · 2 h,2,strict_common_cohort_causal,4,11_to_12,11,12,9,1464,127,244,2024-05-02T01:00:00,2025-06-18T13:00:00,20260919,True,Persistência,baseline,0.0,244,20.184426229508198,33.38774929938657,0.11065573770491803,62.94999999999996,0.9839518817867099,0.9839518817867099,2.62392634696634,1,20.184426229508198,20.184426229508198,0.0,0.0,2.0,2.0,2.0,,,,,,,,
stz_2h,Santa Tereza · 2 h,2,strict_common_cohort_causal,4,11_to_12,11,12,9,1464,127,244,2024-05-02T01:00:00,2025-06-18T13:00:00,20260919,True,Ridge,scikit-learn,0.0005725999362766743,244,6.561655367984146,8.83642551732376,2.4841678460113337,20.865001106262206,0.9988759048620681,0.9988759048620681,0.9856394051525977,1,6.561655367984146,6.561655367984146,12.302263259887695,12.302263259887695,0.0,0.0,0.0,[],1464.0,,,,,,
stz_2h,Santa Tereza · 2 h,2,strict_common_cohort_causal,4,11_to_12,11,12,9,1464,127,244,2024-05-02T01:00:00,2025-06-18T13:00:00,20260919,True,Elastic Net,scikit-learn,0.011682999902404845,244,5.523408376535431,8.324176718843267,1.232747598505411,21.38988533020019,0.9990024551974586,0.9990024551974586,0.7870246940511407,1,5.523408376535431,5.523408376535431,10.301843643188477,10.301843643188477,0.0,0.0,0.0,[],1464.0,,,,,,
stz_2h,Santa Tereza · 2 h,2,strict_common_cohort_causal,4,11_to_12,11,12,9,1464,127,244,2024-05-02T01:00:00,2025-06-18T13:00:00,20260919,True,SVR,scikit-learn,0.07328210002742708,244,5.638981921570657,9.33853748813303,0.6734184102430808,21.422545701368126,0.9987445264712475,0.9987445264712475,0.7374010051406039,1,5.638981921570657,5.638981921570657,7.211777169771494,7.211777169771494,-2.0,2.0,2.0,[],1464.0,,,,,,
stz_2h,Santa Tereza · 2 h,2,strict_common_cohort_causal,4,11_to_12,11,12,9,1464,127,244,2024-05-02T01:00:00,2025-06-18T13:00:00,20260919,True,MLP,scikit-learn,0.35446510009933263,244,6.370459639635242,9.892070586013233,0.44074116769384164,20.025629043579098,0.9985912814272551,0.9985912814272551,0.8446732950093847,1,6.370459639635242,6.370459639635242,10.315147995948792,10.315147995948792,0.0,0.0,0.0,[],1464.0,,,,,,
stz_2h,Santa Tereza · 2 h,2,strict_common_cohort_causal,4,11_to_12,11,12,9,1464,127,244,2024-05-02T01:00:00,2025-06-18T13:00:00,20260919,True,Random Forest,scikit-learn,2.7826603999128565,244,4.622398723872909,8.282584591076688,1.054965579173029,17.774930507529273,0.9990123988492848,0.9990123988492848,0.6030885278292922,1,4.622398723872909,4.622398723872909,2.6968045437674846,2.6968045437674846,0.0,0.0,0.0,[],1464.0,,,,,,
stz_2h,Santa Tereza · 2 h,2,strict_common_cohort_causal,4,11_to_12,11,12,9,1464,127,244,2024-05-02T01:00:00,2025-06-18T13:00:00,20260919,True,Extra Trees,scikit-learn,1.1278008000226691,244,4.572629131802251,8.164088153536664,0.8057963666159842,17.423601145924273,0.9990404553285761,0.9990404553285761,0.5998138689022399,1,4.572629131802251,4.572629131802251,2.5822140951408983,2.5822140951408983,0.0,0.0,0.0,[],1464.0,,,,,,
stz_2h,Santa Tereza · 2 h,2,strict_common_cohort_causal,4,11_to_12,11,12,9,1464,127,244,2024-05-02T01:00:00,2025-06-18T13:00:00,20260919,True,HistGradientBoosting,scikit-learn,0.48358540004119277,244,5.216013591691814,9.287391513600166,0.3157545050093191,18.969756611814418,0.9987582409475484,0.9987582409475484,0.6909132161972695,1,5.216013591691814,5.216013591691814,2.8391265886446035,2.8391265886446035,0.0,0.0,0.0,[],1464.0,,,,,,
stz_2h,Santa Tereza · 2 h,2,strict_common_cohort_causal,4,11_to_12,11,12,9,1464,127,244,2024-05-02T01:00:00,2025-06-18T13:00:00,20260919,True,XGBoost,xgboost,0.34862649999558926,244,4.472351602110707,8.027763274912289,0.29344887298638705,17.019303512573238,0.9990722329551349,0.9990722329551349,0.5865548854281364,1,4.472351602110707,4.472351602110707,4.944796562194824,4.944796562194824,0.0,0.0,0.0,[],1464.0,,,,,,
stz_2h,Santa Tereza · 2 h,2,strict_common_cohort_causal,4,11_to_12,11,12,9,1464,127,244,2024-05-02T01:00:00,2025-06-18T13:00:00,20260919,True,LightGBM,lightgbm,0.32517029996961355,244,4.704583414795043,8.676497625351997,0.057795189310778074,17.745788844498694,0.9989162259908551,0.9989162259908551,0.6260947333634042,1,4.704583414795043,4.704583414795043,4.303812028594848,4.303812028594848,-1.0,1.0,1.0,[],1464.0,,,,,,
stz_2h,Santa Tereza · 2 h,2,strict_common_cohort_causal,4,11_to_12,11,12,9,1464,127,244,2024-05-02T01:00:00,2025-06-18T13:00:00,20260919,True,CatBoost,catboost,3.9842566000297666,244,4.941279740186615,8.656921289884448,-0.06536086291434792,19.58444538219758,0.9989211110008762,0.9989211110008762,0.6601784964920661,1,4.941279740186615,4.941279740186615,5.952596917968094,5.952596917968094,-1.0,1.0,1.0,[],1464.0,,,,,,
stz_2h,Santa Tereza · 2 h,2,strict_common_cohort_causal,4,11_to_12,11,12,9,1464,127,244,2024-05-02T01:00:00,2025-06-18T13:00:00,20260919,True,CNN-1D temporal,pytorch-cpu,0.054162400076165795,244,9.28471225090675,14.62103520754947,-3.077295122061292,33.164346535111676,0.9969224432296796,0.9969224432296796,1.25590628799444,1,9.28471225090675,9.28471225090675,11.085043850492639,11.085043850492639,-1.0,1.0,1.0,,1464.0,18.0,18.0,0.11638892441987991,127.0,4609.0,"[{'epoch': 14, 'train_loss': 0.25370049476623535, 'validation_loss': 0.14367762207984924}, {'epoch': 15, 'train_loss': 0.2464059740304947, 'validation_loss': 0.13829705119132996}, {'epoch': 16, 'train_loss': 0.2306581735610962, 'validation_loss': 0.13144445419311523}, {'epoch': 17, 'train_loss': 0.2104184776544571, 'validation_loss': 0.1239396408200264}, {'epoch': 18, 'train_loss': 0.18924471735954285, 'validation_loss': 0.11638892441987991}]"
stz_2h,Santa Tereza · 2 h,2,strict_common_cohort_causal,4,11_to_12,11,12,9,1464,127,244,2024-05-02T01:00:00,2025-06-18T13:00:00,20260919,True,LSTM,pytorch-cpu,0.06310160004068166,244,11.60097803832822,19.256816601899853,-1.927888031966815,45.04063241988033,0.994661505302415,0.994661505302415,1.6190300675094527,1,11.60097803832822,11.60097803832822,15.723067866810197,15.723067866810197,-1.0,1.0,1.0,,1464.0,18.0,18.0,0.1525787115097046,127.0,6305.0,"[{'epoch': 14, 'train_loss': 0.5894601941108704, 'validation_loss': 0.16194897890090942}, {'epoch': 15, 'train_loss': 0.5626145601272583, 'validation_loss': 0.15846318006515503}, {'epoch': 16, 'train_loss': 0.5369971990585327, 'validation_loss': 0.15572649240493774}, {'epoch': 17, 'train_loss': 0.5127404928207397, 'validation_loss': 0.153765007853508}, {'epoch': 18, 'train_loss': 0.48997923731803894, 'validation_loss': 0.1525787115097046}]"
stz_2h,Santa Tereza · 2 h,2,strict_common_cohort_causal,4,11_to_12,11,12,9,1464,127,244,2024-05-02T01:00:00,2025-06-18T13:00:00,20260919,True,GRU,pytorch-cpu,0.06503479997627437,244,10.770008077801473,17.57895136831591,-3.102246308782823,39.90037984184166,0.9955512729921122,0.9955512729921122,1.4912587501324097,1,10.770008077801473,10.770008077801473,21.757763014354396,21.757763014354396,-1.0,1.0,1.0,,1464.0,18.0,11.0,0.16130156815052032,127.0,4737.0,"[{'epoch': 14, 'train_loss': 0.3542461395263672, 'validation_loss': 0.16380049288272858}, {'epoch': 15, 'train_loss': 0.33917781710624695, 'validation_loss': 0.16521084308624268}, {'epoch': 16, 'train_loss': 0.32689350843429565, 'validation_loss': 0.16626742482185364}, {'epoch': 17, 'train_loss': 0.3167741596698761, 'validation_loss': 0.1666337549686432}, {'epoch': 18, 'train_loss': 0.30822959542274475, 'validation_loss': 0.16603732109069824}]"
stz_2h,Santa Tereza · 2 h,2,strict_common_cohort_causal,4,11_to_12,11,12,9,1464,127,244,2024-05-02T01:00:00,2025-06-18T13:00:00,20260919,True,TCN,pytorch-cpu,0.07626449991948903,244,8.605624639570845,14.4019077815042,-1.7001806502584405,33.558797200301505,0.9970139994832379,0.9970139994832379,1.230226774714675,1,8.605624639570845,8.605624639570845,2.0037922884475847,2.0037922884475847,-1.0,1.0,1.0,,1464.0,18.0,18.0,0.11687933653593063,127.0,7713.0,"[{'epoch': 14, 'train_loss': 0.2605794370174408, 'validation_loss': 0.1485701948404312}, {'epoch': 15, 'train_loss': 0.22863544523715973, 'validation_loss': 0.13932663202285767}, {'epoch': 16, 'train_loss': 0.19551733136177063, 'validation_loss': 0.1304313838481903}, {'epoch': 17, 'train_loss': 0.17139893770217896, 'validation_loss': 0.12286467105150223}, {'epoch': 18, 'train_loss': 0.15974673628807068, 'validation_loss': 0.11687933653593063}]"
stz_2h,Santa Tereza · 2 h,2,strict_common_cohort_causal,4,11_to_12,11,12,9,1464,127,244,2024-05-02T01:00:00,2025-06-18T13:00:00,20260919,True,Seq2Seq · decoder 1 passo,pytorch-cpu,0.07415190001484007,244,13.429904814438077,22.145901578273712,-1.157693669058476,46.17438044536724,0.992939482105322,0.992939482105322,1.8511510966420686,1,13.429904814438077,13.429904814438077,21.008288699563764,21.008288699563764,1.0,1.0,1.0,,1464.0,18.0,18.0,0.14245955646038055,127.0,10785.0,"[{'epoch': 14, 'train_loss': 0.6830300688743591, 'validation_loss': 0.16512340307235718}, {'epoch': 15, 'train_loss': 0.6575338840484619, 'validation_loss': 0.15870468318462372}, {'epoch': 16, 'train_loss': 0.6321927905082703, 'validation_loss': 0.1527048945426941}, {'epoch': 17, 'train_loss': 0.6071308851242065, 'validation_loss': 0.14724574983119965}, {'epoch': 18, 'train_loss': 0.5825139284133911, 'validation_loss': 0.14245955646038055}]"
stz_2h,Santa Tereza · 2 h,2,strict_common_cohort_causal,4,11_to_12,11,12,9,1464,127,244,2024-05-02T01:00:00,2025-06-18T13:00:00,20260919,True,Transformer temporal,pytorch-cpu,0.1302142000058666,244,7.8599250055425545,12.336514457498726,-1.1858960669913796,27.040759796450345,0.9978090383734782,0.9978090383734782,1.052481296357573,1,7.8599250055425545,7.8599250055425545,14.981002929953547,14.981002929953547,-1.0,1.0,1.0,,1464.0,18.0,18.0,0.05350681394338608,127.0,9217.0,"[{'epoch': 14, 'train_loss': 0.3728545010089874, 'validation_loss': 0.07794690877199173}, {'epoch': 15, 'train_loss': 0.3614497482776642, 'validation_loss': 0.06780808418989182}, {'epoch': 16, 'train_loss': 0.3514893054962158, 'validation_loss': 0.06115094944834709}, {'epoch': 17, 'train_loss': 0.34040775895118713, 'validation_loss': 0.05665156990289688}, {'epoch': 18, 'train_loss': 0.32699301838874817, 'validation_loss': 0.05350681394338608}]"
stz_2h,Santa Tereza · 2 h,2,strict_common_cohort_causal,4,11_to_12,11,12,9,1464,127,244,2024-05-02T01:00:00,2025-06-18T13:00:00,20260919,True,DLinear experimental,pytorch-cpu,0.00873250002041459,244,12.373076851363697,17.46095329580777,1.7670692836710602,38.07503847166448,0.9956107963819522,0.9956107963819522,1.7361387378421462,1,12.373076851363697,12.373076851363697,6.259698224596377,6.259698224596377,-1.0,1.0,1.0,,1464.0,18.0,18.0,0.21237695217132568,127.0,32.0,"[{'epoch': 14, 'train_loss': 0.3144170045852661, 'validation_loss': 0.23979146778583527}, {'epoch': 15, 'train_loss': 0.30400046706199646, 'validation_loss': 0.23270368576049805}, {'epoch': 16, 'train_loss': 0.2941315770149231, 'validation_loss': 0.22577472031116486}, {'epoch': 17, 'train_loss': 0.2847871482372284, 'validation_loss': 0.21900062263011932}, {'epoch': 18, 'train_loss': 0.27594298124313354, 'validation_loss': 0.21237695217132568}]"
stz_2h,Santa Tereza · 2 h,2,strict_common_cohort_causal,4,11_to_12,11,12,9,1464,127,244,2024-05-02T01:00:00,2025-06-18T13:00:00,20260919,True,NLinear experimental,pytorch-cpu,0.006361899897456169,244,20.368185478609256,31.83023935170851,1.6105114712247295,64.26925504445752,0.9854142207682338,0.9854142207682338,2.652876915583212,1,20.368185478609256,20.368185478609256,7.303924725560364,7.303924725560364,3.0,3.0,3.0,,1464.0,18.0,18.0,0.26621386408805847,127.0,61.0,"[{'epoch': 14, 'train_loss': 1.0148003101348877, 'validation_loss': 0.32626932859420776}, {'epoch': 15, 'train_loss': 0.9957572221755981, 'validation_loss': 0.30848628282546997}, {'epoch': 16, 'train_loss': 0.9783781170845032, 'validation_loss': 0.29261159896850586}, {'epoch': 17, 'train_loss': 0.9625483155250549, 'validation_loss': 0.2785545289516449}, {'epoch': 18, 'train_loss': 0.9481451511383057, 'validation_loss': 0.26621386408805847}]"
stz_2h,Santa Tereza · 2 h,2,strict_common_cohort_causal,4,11_to_12,11,12,9,1464,127,244,2024-05-02T01:00:00,2025-06-18T13:00:00,20260919,True,TSMixer experimental,pytorch-cpu,0.04962009994778782,244,21.307128417445753,29.808435399264685,-11.433317649213185,61.8589282445828,0.9872083022397921,0.9872083022397921,2.9737670289544935,1,21.307128417445753,21.307128417445753,22.750603253902227,22.750603253902227,1.0,1.0,1.0,,1464.0,18.0,18.0,0.20069746673107147,127.0,1619.0,"[{'epoch': 14, 'train_loss': 0.7864264845848083, 'validation_loss': 0.22855320572853088}, {'epoch': 15, 'train_loss': 0.7666947841644287, 'validation_loss': 0.22005079686641693}, {'epoch': 16, 'train_loss': 0.7486454844474792, 'validation_loss': 0.21256063878536224}, {'epoch': 17, 'train_loss': 0.7321994304656982, 'validation_loss': 0.206100732088089}, {'epoch': 18, 'train_loss': 0.7172935009002686, 'validation_loss': 0.20069746673107147}]"
stz_2h,Santa Tereza · 2 h,2,strict_common_cohort_causal,4,11_to_12,11,12,9,1464,127,244,2024-05-02T01:00:00,2025-06-18T13:00:00,20260919,True,N-BEATS experimental,pytorch-cpu,0.03044959995895624,244,7.818776096252743,12.355735263941865,-1.415711805565754,24.826649939722653,0.9978022058348934,0.9978022058348934,1.0700082922358893,1,7.818776096252743,7.818776096252743,2.211812868300285,2.211812868300285,1.0,1.0,1.0,,1464.0,18.0,14.0,0.07183025032281876,127.0,20158.0,"[{'epoch': 14, 'train_loss': 0.12425816804170609, 'validation_loss': 0.07183025032281876}, {'epoch': 15, 'train_loss': 0.11649442464113235, 'validation_loss': 0.07331337779760361}, {'epoch': 16, 'train_loss': 0.10269731283187866, 'validation_loss': 0.0767032578587532}, {'epoch': 17, 'train_loss': 0.09395750612020493, 'validation_loss': 0.08056026697158813}, {'epoch': 18, 'train_loss': 0.09478914737701416, 'validation_loss': 0.08130550384521484}]"
stz_2h,Santa Tereza · 2 h,2,strict_common_cohort_causal,4,11_to_12,11,12,9,1464,127,244,2024-05-02T01:00:00,2025-06-18T13:00:00,20260919,True,N-HiTS-lite experimental,pytorch-cpu,0.01708119991235435,244,9.840445734446748,16.79241965129075,1.4669049235798357,40.13669041644374,0.9959404641126764,0.9959404641126764,1.3404797451398176,1,9.840445734446748,9.840445734446748,10.350282858808669,10.350282858808669,-1.0,1.0,1.0,,1464.0,18.0,18.0,0.10864843428134918,127.0,2353.0,"[{'epoch': 14, 'train_loss': 0.26537051796913147, 'validation_loss': 0.12317702174186707}, {'epoch': 15, 'train_loss': 0.260444313287735, 'validation_loss': 0.11985135078430176}, {'epoch': 16, 'train_loss': 0.25070324540138245, 'validation_loss': 0.11622884124517441}, {'epoch': 17, 'train_loss': 0.23689401149749756, 'validation_loss': 0.11242211610078812}, {'epoch': 18, 'train_loss': 0.2204800844192505, 'validation_loss': 0.10864843428134918}]"
stz_2h,Santa Tereza · 2 h,2,strict_common_cohort_causal,4,11_to_12,11,12,9,1464,127,244,2024-05-02T01:00:00,2025-06-18T13:00:00,20260919,True,PatchTST experimental,pytorch-cpu,0.08210979995783418,244,10.603473698991083,16.94054716423065,-2.446204329251532,36.53645414296972,0.995868529137628,0.995868529137628,1.4467033105981433,1,10.603473698991083,10.603473698991083,16.651206640104192,16.651206640104192,-2.0,2.0,2.0,,1464.0,18.0,17.0,0.12098907679319382,127.0,9089.0,"[{'epoch': 14, 'train_loss': 0.4061652719974518, 'validation_loss': 0.13736961781978607}, {'epoch': 15, 'train_loss': 0.3965062201023102, 'validation_loss': 0.12630154192447662}, {'epoch': 16, 'train_loss': 0.3882306218147278, 'validation_loss': 0.12147507071495056}, {'epoch': 17, 'train_loss': 0.37770015001296997, 'validation_loss': 0.12098907679319382}, {'epoch': 18, 'train_loss': 0.3631942868232727, 'validation_loss': 0.12379538267850876}]"
stz_2h,Santa Tereza · 2 h,2,strict_common_cohort_causal,4,11_to_12,11,12,9,1464,127,244,2024-05-02T01:00:00,2025-06-18T13:00:00,20260919,True,TFT-lite experimental,pytorch-cpu,0.17071400000713766,244,10.000114194837845,16.084672849089053,-1.3914700386578922,38.14695069733034,0.9962754458622005,0.9962754458622005,1.4367293858963732,1,10.000114194837845,10.000114194837845,2.50227460735573,2.50227460735573,-1.0,1.0,1.0,,1464.0,18.0,17.0,0.16404129564762115,127.0,11889.0,"[{'epoch': 14, 'train_loss': 0.40775036811828613, 'validation_loss': 0.19792835414409637}, {'epoch': 15, 'train_loss': 0.39402955770492554, 'validation_loss': 0.19361652433872223}, {'epoch': 16, 'train_loss': 0.3706396520137787, 'validation_loss': 0.1774817854166031}, {'epoch': 17, 'train_loss': 0.3390495777130127, 'validation_loss': 0.16404129564762115}, {'epoch': 18, 'train_loss': 0.3126647472381592, 'validation_loss': 0.16441386938095093}]"
stz_2h,Santa Tereza · 2 h,2,strict_common_cohort_causal,4,12_to_13,12,13,10,1591,244,67,2024-10-15T12:00:00,2025-09-09T18:00:00,20260919,True,Persistência,baseline,0.0,67,17.35820895522388,24.057456100549178,4.074626865671642,51.79999999999998,0.9062002670523898,0.9062002670523898,3.4309397065910816,1,17.35820895522388,17.35820895522388,0.0,0.0,2.0,2.0,2.0,,,,,,,,
stz_2h,Santa Tereza · 2 h,2,strict_common_cohort_causal,4,12_to_13,12,13,10,1591,244,67,2024-10-15T12:00:00,2025-09-09T18:00:00,20260919,True,Ridge,scikit-learn,0.0010373999830335379,67,4.2418140333090255,5.504234138706252,3.014538743602696,10.32320156097412,0.9950898360075041,0.9950898360075041,0.8181058675300165,1,4.2418140333090255,4.2418140333090255,4.945795059204102,4.945795059204102,1.0,1.0,1.0,[],1591.0,,,,,,
stz_2h,Santa Tereza · 2 h,2,strict_common_cohort_causal,4,12_to_13,12,13,10,1591,244,67,2024-10-15T12:00:00,2025-09-09T18:00:00,20260919,True,Elastic Net,scikit-learn,0.032025599968619645,67,3.9248699359039763,5.1807505272750785,2.36153844577163,9.099025392532347,0.9956500170200375,0.9956500170200375,0.7486494282023751,1,3.9248699359039763,3.9248699359039763,3.7424583435058594,3.7424583435058594,1.0,1.0,1.0,[],1591.0,,,,,,
stz_2h,Santa Tereza · 2 h,2,strict_common_cohort_causal,4,12_to_13,12,13,10,1591,244,67,2024-10-15T12:00:00,2025-09-09T18:00:00,20260919,True,SVR,scikit-learn,0.15990089997649193,67,4.428610237525558,5.796456494377733,1.6468044008700793,12.518517679947964,0.9945546304416453,0.9945546304416453,0.8559101872046622,1,4.428610237525558,4.428610237525558,3.961404794182158,3.961404794182158,2.0,2.0,2.0,[],1591.0,,,,,,
stz_2h,Santa Tereza · 2 h,2,strict_common_cohort_causal,4,12_to_13,12,13,10,1591,244,67,2024-10-15T12:00:00,2025-09-09T18:00:00,20260919,True,MLP,scikit-learn,0.2425078001106158,67,5.85915245404884,7.514902344518508,1.2396615316618735,15.159841084480282,0.9908473073125484,0.9908473073125484,1.101004929069183,1,5.85915245404884,5.85915245404884,1.4256186485290527,1.4256186485290527,1.0,1.0,1.0,[],1591.0,,,,,,
stz_2h,Santa Tereza · 2 h,2,strict_common_cohort_causal,4,12_to_13,12,13,10,1591,244,67,2024-10-15T12:00:00,2025-09-09T18:00:00,20260919,True,Random Forest,scikit-learn,3.3326347999973223,67,3.4898271194130412,5.560248888711752,1.7589990128085768,11.175890111717388,0.9949893892951034,0.9949893892951034,0.6615920019547652,1,3.4898271194130412,3.4898271194130412,3.3503942829509015,3.3503942829509015,1.0,1.0,1.0,[],1591.0,,,,,,
stz_2h,Santa Tereza · 2 h,2,strict_common_cohort_causal,4,12_to_13,12,13,10,1591,244,67,2024-10-15T12:00:00,2025-09-09T18:00:00,20260919,True,Extra Trees,scikit-learn,1.372023200034164,67,3.3897395540314057,4.949789623506692,1.5362081098029692,10.44180906774829,0.9960292213349075,0.9960292213349075,0.6476755897200246,1,3.3897395540314057,3.3897395540314057,2.952983405214468,2.952983405214468,1.0,1.0,1.0,[],1591.0,,,,,,
stz_2h,Santa Tereza · 2 h,2,strict_common_cohort_causal,4,12_to_13,12,13,10,1591,244,67,2024-10-15T12:00:00,2025-09-09T18:00:00,20260919,True,HistGradientBoosting,scikit-learn,0.4727712000021711,67,4.424266222904098,8.262809878880928,2.3264929113661887,13.360239923981,0.9889348394903016,0.9889348394903016,0.8342715858349898,1,4.424266222904098,4.424266222904098,1.868793308996942,1.868793308996942,0.0,0.0,0.0,[],1591.0,,,,,,
stz_2h,Santa Tereza · 2 h,2,strict_common_cohort_causal,4,12_to_13,12,13,10,1591,244,67,2024-10-15T12:00:00,2025-09-09T18:00:00,20260919,True,XGBoost,xgboost,0.3434619000181556,67,3.777156947264031,6.543671734553453,1.795161233019473,11.853369712829588,0.993060227920026,0.993060227920026,0.7247048279913838,1,3.777156947264031,3.777156947264031,2.491055965423584,2.491055965423584,1.0,1.0,1.0,[],1591.0,,,,,,
stz_2h,Santa Tereza · 2 h,2,strict_common_cohort_causal,4,12_to_13,12,13,10,1591,244,67,2024-10-15T12:00:00,2025-09-09T18:00:00,20260919,True,LightGBM,lightgbm,0.32743330008815974,67,3.7770563763372538,5.924301812358553,1.1981279649913645,12.0071598280459,0.9943117778535551,0.9943117778535551,0.7153377139918762,1,3.7770563763372538,3.7770563763372538,1.539755036526799,1.539755036526799,1.0,1.0,1.0,[],1591.0,,,,,,
stz_2h,Santa Tereza · 2 h,2,strict_common_cohort_causal,4,12_to_13,12,13,10,1591,244,67,2024-10-15T12:00:00,2025-09-09T18:00:00,20260919,True,CatBoost,catboost,4.110478800022975,67,4.7684623855274095,7.079516864013846,2.3906165072371373,13.592139719335849,0.991877131188546,0.991877131188546,0.9416265842377286,1,4.7684623855274095,4.7684623855274095,5.5197360130623565,5.5197360130623565,1.0,1.0,1.0,[],1591.0,,,,,,
stz_2h,Santa Tereza · 2 h,2,strict_common_cohort_causal,4,12_to_13,12,13,10,1591,244,67,2024-10-15T12:00:00,2025-09-09T18:00:00,20260919,True,CNN-1D temporal,pytorch-cpu,0.056269200053066015,67,10.713305463140967,15.3682632629777,2.4873561728268045,34.412962765988276,0.9617217758728328,0.9617217758728328,2.0613659354212928,1,10.713305463140967,10.713305463140967,6.91240067332626,6.91240067332626,19.0,19.0,19.0,,1591.0,18.0,18.0,0.11036539822816849,244.0,4609.0,"[{'epoch': 14, 'train_loss': 0.25815361738204956, 'validation_loss': 0.14197850227355957}, {'epoch': 15, 'train_loss': 0.24976776540279388, 'validation_loss': 0.1362464874982834}, {'epoch': 16, 'train_loss': 0.23294253647327423, 'validation_loss': 0.12774603068828583}, {'epoch': 17, 'train_loss': 0.21164003014564514, 'validation_loss': 0.11870960891246796}, {'epoch': 18, 'train_loss': 0.18975858390331268, 'validation_loss': 0.11036539822816849}]"
stz_2h,Santa Tereza · 2 h,2,strict_common_cohort_causal,4,12_to_13,12,13,10,1591,244,67,2024-10-15T12:00:00,2025-09-09T18:00:00,20260919,True,LSTM,pytorch-cpu,0.0632622999837622,67,12.077912242270639,16.460117901334293,3.8061320281000675,36.15414994781509,0.956089530437516,0.956089530437516,2.3857204607158247,1,12.077912242270639,12.077912242270639,5.052366869494108,5.052366869494108,1.0,1.0,1.0,,1591.0,18.0,18.0,0.20318107306957245,244.0,6305.0,"[{'epoch': 14, 'train_loss': 0.5960842967033386, 'validation_loss': 0.2614876925945282}, {'epoch': 15, 'train_loss': 0.5697022676467896, 'validation_loss': 0.24454134702682495}, {'epoch': 16, 'train_loss': 0.5445365309715271, 'validation_loss': 0.22913706302642822}, {'epoch': 17, 'train_loss': 0.5207156538963318, 'validation_loss': 0.21533776819705963}, {'epoch': 18, 'train_loss': 0.49836957454681396, 'validation_loss': 0.20318107306957245}]"
stz_2h,Santa Tereza · 2 h,2,strict_common_cohort_causal,4,12_to_13,12,13,10,1591,244,67,2024-10-15T12:00:00,2025-09-09T18:00:00,20260919,True,GRU,pytorch-cpu,0.08716840005945414,67,12.837766975184186,18.03136156374874,0.860991848751933,43.10223052102766,0.9473062336018976,0.9473062336018976,2.4469182343948526,1,12.837766975184186,12.837766975184186,16.880242861727538,16.880242861727538,1.0,1.0,1.0,,1591.0,18.0,18.0,0.14732125401496887,244.0,4737.0,"[{'epoch': 14, 'train_loss': 0.3643611669540405, 'validation_loss': 0.1511513739824295}, {'epoch': 15, 'train_loss': 0.34909576177597046, 'validation_loss': 0.14963650703430176}, {'epoch': 16, 'train_loss': 0.3365078270435333, 'validation_loss': 0.14887511730194092}, {'epoch': 17, 'train_loss': 0.3259999454021454, 'validation_loss': 0.14826558530330658}, {'epoch': 18, 'train_loss': 0.31700435280799866, 'validation_loss': 0.14732125401496887}]"
stz_2h,Santa Tereza · 2 h,2,strict_common_cohort_causal,4,12_to_13,12,13,10,1591,244,67,2024-10-15T12:00:00,2025-09-09T18:00:00,20260919,True,TCN,pytorch-cpu,0.08997170010115951,67,10.5366871330131,14.47116166700109,3.1263146981909533,30.486812641361254,0.9660602226734061,0.9660602226734061,2.072303280456519,1,10.5366871330131,10.5366871330131,4.929094414983638,4.929094414983638,1.0,1.0,1.0,,1591.0,18.0,18.0,0.10995615273714066,244.0,7713.0,"[{'epoch': 14, 'train_loss': 0.2659095227718353, 'validation_loss': 0.15592896938323975}, {'epoch': 15, 'train_loss': 0.2339438796043396, 'validation_loss': 0.136919766664505}, {'epoch': 16, 'train_loss': 0.2011413425207138, 'validation_loss': 0.12199518829584122}, {'epoch': 17, 'train_loss': 0.1773620843887329, 'validation_loss': 0.11356916278600693}, {'epoch': 18, 'train_loss': 0.16560019552707672, 'validation_loss': 0.10995615273714066}]"
stz_2h,Santa Tereza · 2 h,2,strict_common_cohort_causal,4,12_to_13,12,13,10,1591,244,67,2024-10-15T12:00:00,2025-09-09T18:00:00,20260919,True,Seq2Seq · decoder 1 passo,pytorch-cpu,0.09324229997582734,67,12.59260939044626,17.142540226429464,4.3371803477409925,37.95621552408343,0.9523730739060549,0.9523730739060549,2.5119786464957223,1,12.59260939044626,12.59260939044626,6.4030890989529325,6.4030890989529325,1.0,1.0,1.0,,1591.0,18.0,18.0,0.2686310410499573,244.0,10785.0,"[{'epoch': 14, 'train_loss': 0.6871912479400635, 'validation_loss': 0.3392554223537445}, {'epoch': 15, 'train_loss': 0.6620294451713562, 'validation_loss': 0.32060062885284424}, {'epoch': 16, 'train_loss': 0.6370226740837097, 'validation_loss': 0.30248650908470154}, {'epoch': 17, 'train_loss': 0.6122982501983643, 'validation_loss': 0.2850962281227112}, {'epoch': 18, 'train_loss': 0.5880235433578491, 'validation_loss': 0.2686310410499573}]"
stz_2h,Santa Tereza · 2 h,2,strict_common_cohort_causal,4,12_to_13,12,13,10,1591,244,67,2024-10-15T12:00:00,2025-09-09T18:00:00,20260919,True,Transformer temporal,pytorch-cpu,0.13630730006843805,67,8.22090851965213,10.13634319229131,3.646005380087601,19.99720916534556,0.9833480610281876,0.9833480610281876,1.5650083070028586,1,8.22090851965213,8.22090851965213,27.218789805998426,27.218789805998426,1.0,1.0,1.0,,1591.0,18.0,18.0,0.08177424967288971,244.0,9217.0,"[{'epoch': 14, 'train_loss': 0.38265731930732727, 'validation_loss': 0.10240219533443451}, {'epoch': 15, 'train_loss': 0.37179309129714966, 'validation_loss': 0.0965723842382431}, {'epoch': 16, 'train_loss': 0.3620051443576813, 'validation_loss': 0.09173610806465149}, {'epoch': 17, 'train_loss': 0.3509012460708618, 'validation_loss': 0.08679582923650742}, {'epoch': 18, 'train_loss': 0.33740371465682983, 'validation_loss': 0.08177424967288971}]"
stz_2h,Santa Tereza · 2 h,2,strict_common_cohort_causal,4,12_to_13,12,13,10,1591,244,67,2024-10-15T12:00:00,2025-09-09T18:00:00,20260919,True,DLinear experimental,pytorch-cpu,0.018029200029559433,67,12.642303446397676,16.128873087197817,3.495105132524302,33.23010939167293,0.9578390636845464,0.9578390636845464,2.44771737302736,1,12.642303446397676,12.642303446397676,5.202982693829313,5.202982693829313,-3.0,3.0,3.0,,1591.0,18.0,18.0,0.1618974655866623,244.0,32.0,"[{'epoch': 14, 'train_loss': 0.32440614700317383, 'validation_loss': 0.1880454272031784}, {'epoch': 15, 'train_loss': 0.313513845205307, 'validation_loss': 0.18104766309261322}, {'epoch': 16, 'train_loss': 0.30318155884742737, 'validation_loss': 0.17436470091342926}, {'epoch': 17, 'train_loss': 0.2933875322341919, 'validation_loss': 0.16798509657382965}, {'epoch': 18, 'train_loss': 0.2841090261936188, 'validation_loss': 0.1618974655866623}]"
stz_2h,Santa Tereza · 2 h,2,strict_common_cohort_causal,4,12_to_13,12,13,10,1591,244,67,2024-10-15T12:00:00,2025-09-09T18:00:00,20260919,True,NLinear experimental,pytorch-cpu,0.011984999990090728,67,19.061433054091708,23.991094133069673,4.316158323399226,46.07822400750982,0.9067170423426704,0.9067170423426704,3.71042105030834,1,19.061433054091708,19.061433054091708,8.413242290712446,8.413242290712446,2.0,2.0,2.0,,1591.0,18.0,18.0,0.5473261475563049,244.0,61.0,"[{'epoch': 14, 'train_loss': 1.019733190536499, 'validation_loss': 0.588874101638794}, {'epoch': 15, 'train_loss': 0.9996872544288635, 'validation_loss': 0.5768827199935913}, {'epoch': 16, 'train_loss': 0.9814247488975525, 'validation_loss': 0.5660092234611511}, {'epoch': 17, 'train_loss': 0.9648323655128479, 'validation_loss': 0.5561825037002563}, {'epoch': 18, 'train_loss': 0.949787437915802, 'validation_loss': 0.5473261475563049}]"
stz_2h,Santa Tereza · 2 h,2,strict_common_cohort_causal,4,12_to_13,12,13,10,1591,244,67,2024-10-15T12:00:00,2025-09-09T18:00:00,20260919,True,TSMixer experimental,pytorch-cpu,0.05933109996840358,67,12.522609493600733,18.365718064563954,0.8422194475136415,37.25750208084959,0.9453339084716843,0.9453339084716843,2.5138970328113035,1,12.522609493600733,12.522609493600733,11.7501454065615,11.7501454065615,2.0,2.0,2.0,,1591.0,18.0,18.0,0.46482715010643005,244.0,1619.0,"[{'epoch': 14, 'train_loss': 0.7864410281181335, 'validation_loss': 0.5396273136138916}, {'epoch': 15, 'train_loss': 0.7667971849441528, 'validation_loss': 0.5192826986312866}, {'epoch': 16, 'train_loss': 0.7488752007484436, 'validation_loss': 0.5000094175338745}, {'epoch': 17, 'train_loss': 0.7326076030731201, 'validation_loss': 0.48185551166534424}, {'epoch': 18, 'train_loss': 0.7179381847381592, 'validation_loss': 0.46482715010643005}]"
stz_2h,Santa Tereza · 2 h,2,strict_common_cohort_causal,4,12_to_13,12,13,10,1591,244,67,2024-10-15T12:00:00,2025-09-09T18:00:00,20260919,True,N-BEATS experimental,pytorch-cpu,0.03986000001896173,67,9.336400629686544,13.761579555063335,4.336987627574582,25.076047328800232,0.9693070403680561,0.9693070403680561,1.7707620472408363,1,9.336400629686544,9.336400629686544,10.766056696228588,10.766056696228588,1.0,1.0,1.0,,1591.0,18.0,17.0,0.06092091649770737,244.0,20158.0,"[{'epoch': 14, 'train_loss': 0.12650413811206818, 'validation_loss': 0.07938981801271439}, {'epoch': 15, 'train_loss': 0.11803124845027924, 'validation_loss': 0.06883006542921066}, {'epoch': 16, 'train_loss': 0.10407532006502151, 'validation_loss': 0.06151712313294411}, {'epoch': 17, 'train_loss': 0.09595096856355667, 'validation_loss': 0.06092091649770737}, {'epoch': 18, 'train_loss': 0.09743748605251312, 'validation_loss': 0.06265918910503387}]"
stz_2h,Santa Tereza · 2 h,2,strict_common_cohort_causal,4,12_to_13,12,13,10,1591,244,67,2024-10-15T12:00:00,2025-09-09T18:00:00,20260919,True,N-HiTS-lite experimental,pytorch-cpu,0.03259239997714758,67,11.877484805868946,16.4652327359139,5.8313817893711,34.55541566060351,0.9560622366252987,0.9560622366252987,2.3122473230046228,1,11.877484805868946,11.877484805868946,17.306466834288017,17.306466834288017,1.0,1.0,1.0,,1591.0,18.0,18.0,0.15093868970870972,244.0,2353.0,"[{'epoch': 14, 'train_loss': 0.26931217312812805, 'validation_loss': 0.19111856818199158}, {'epoch': 15, 'train_loss': 0.2640964984893799, 'validation_loss': 0.18368269503116608}, {'epoch': 16, 'train_loss': 0.2541223466396332, 'validation_loss': 0.17392243444919586}, {'epoch': 17, 'train_loss': 0.24015389382839203, 'validation_loss': 0.16268561780452728}, {'epoch': 18, 'train_loss': 0.22364318370819092, 'validation_loss': 0.15093868970870972}]"
stz_2h,Santa Tereza · 2 h,2,strict_common_cohort_causal,4,12_to_13,12,13,10,1591,244,67,2024-10-15T12:00:00,2025-09-09T18:00:00,20260919,True,PatchTST experimental,pytorch-cpu,0.11338530003558844,67,10.99104173978718,13.915173822609644,5.2636984796002935,26.091680378089766,0.9686180830000172,0.9686180830000172,2.142609679278013,1,10.99104173978718,10.99104173978718,24.501542324554634,24.501542324554634,3.0,3.0,3.0,,1591.0,18.0,18.0,0.1498967409133911,244.0,9089.0,"[{'epoch': 14, 'train_loss': 0.4180210828781128, 'validation_loss': 0.16968637704849243}, {'epoch': 15, 'train_loss': 0.4091934263706207, 'validation_loss': 0.16625064611434937}, {'epoch': 16, 'train_loss': 0.4012589752674103, 'validation_loss': 0.16223250329494476}, {'epoch': 17, 'train_loss': 0.39066410064697266, 'validation_loss': 0.15654076635837555}, {'epoch': 18, 'train_loss': 0.37594133615493774, 'validation_loss': 0.1498967409133911}]"
stz_2h,Santa Tereza · 2 h,2,strict_common_cohort_causal,4,12_to_13,12,13,10,1591,244,67,2024-10-15T12:00:00,2025-09-09T18:00:00,20260919,True,TFT-lite experimental,pytorch-cpu,0.15476269996725023,67,13.18434869776724,17.3194797130373,5.9764553039096535,37.36338376551174,0.9513848219328125,0.9513848219328125,2.6141095723331382,1,13.18434869776724,13.18434869776724,4.18242147551382,4.18242147551382,19.0,19.0,19.0,,1591.0,18.0,18.0,0.13747379183769226,244.0,11889.0,"[{'epoch': 14, 'train_loss': 0.4208204746246338, 'validation_loss': 0.1957925707101822}, {'epoch': 15, 'train_loss': 0.40750592947006226, 'validation_loss': 0.18160811066627502}, {'epoch': 16, 'train_loss': 0.38467979431152344, 'validation_loss': 0.15937717258930206}, {'epoch': 17, 'train_loss': 0.3534705936908722, 'validation_loss': 0.14149914681911469}, {'epoch': 18, 'train_loss': 0.32692041993141174, 'validation_loss': 0.13747379183769226}]"
stz_2h,Santa Tereza · 2 h,2,strict_common_cohort_causal,4,13_to_14,13,14,11,1835,67,91,2025-07-04T15:00:00,2025-09-21T18:00:00,20260919,True,Persistência,baseline,0.0,91,25.252747252747252,33.168898446825516,-3.6263736263736264,71.0,0.9479074344042244,0.9479074344042244,4.903321706476568,1,25.252747252747252,25.252747252747252,0.0,0.0,2.0,2.0,2.0,,,,,,,,
stz_2h,Santa Tereza · 2 h,2,strict_common_cohort_causal,4,13_to_14,13,14,11,1835,67,91,2025-07-04T15:00:00,2025-09-21T18:00:00,20260919,True,Ridge,scikit-learn,0.0006128000095486641,91,5.138753876581297,8.44475789008111,0.7236731694294856,13.188613891601562,0.9966233343815858,0.9966233343815858,1.1091706538455175,1,5.138753876581297,5.138753876581297,4.6986188888549805,4.6986188888549805,0.0,0.0,0.0,[],1835.0,,,,,,
stz_2h,Santa Tereza · 2 h,2,strict_common_cohort_causal,4,13_to_14,13,14,11,1835,67,91,2025-07-04T15:00:00,2025-09-21T18:00:00,20260919,True,Elastic Net,scikit-learn,0.03183959994930774,91,5.2471711399791,8.580180703870408,0.3718634516328246,14.217310905456543,0.996514167466631,0.996514167466631,1.1203959553060885,1,5.2471711399791,5.2471711399791,5.2503461837768555,5.2503461837768555,0.0,0.0,0.0,[],1835.0,,,,,,
stz_2h,Santa Tereza · 2 h,2,strict_common_cohort_causal,4,13_to_14,13,14,11,1835,67,91,2025-07-04T15:00:00,2025-09-21T18:00:00,20260919,True,SVR,scikit-learn,0.23020350001752377,91,4.597789038649507,6.3861187233194805,0.07129074776530066,12.933262704674064,0.9980689762009108,0.9980689762009108,0.8909331973692564,1,4.597789038649507,4.597789038649507,1.6547328088915947,1.6547328088915947,0.0,0.0,0.0,[],1835.0,,,,,,
stz_2h,Santa Tereza · 2 h,2,strict_common_cohort_causal,4,13_to_14,13,14,11,1835,67,91,2025-07-04T15:00:00,2025-09-21T18:00:00,20260919,True,MLP,scikit-learn,0.24964179995004088,91,5.9326539275410415,7.771271467150599,0.21156960529285473,16.06246566772461,0.9971404492403113,0.9971404492403113,1.1061106794666795,1,5.9326539275410415,5.9326539275410415,4.677452087402344,4.677452087402344,-1.0,1.0,1.0,[],1835.0,,,,,,
stz_2h,Santa Tereza · 2 h,2,strict_common_cohort_causal,4,13_to_14,13,14,11,1835,67,91,2025-07-04T15:00:00,2025-09-21T18:00:00,20260919,True,Random Forest,scikit-learn,3.753439599997364,91,5.50388074687309,10.067978333414013,0.35812341211312354,18.61119416937953,0.9952004757040255,0.9952004757040255,1.2397306673660027,1,5.50388074687309,5.50388074687309,1.77395619372669,1.77395619372669,0.0,0.0,0.0,[],1835.0,,,,,,
stz_2h,Santa Tereza · 2 h,2,strict_common_cohort_causal,4,13_to_14,13,14,11,1835,67,91,2025-07-04T15:00:00,2025-09-21T18:00:00,20260919,True,Extra Trees,scikit-learn,1.4821547000901774,91,4.936352174811954,8.08185289737127,0.21586317965749055,16.23185011664799,0.9969073161062226,0.9969073161062226,1.0385114920086231,1,4.936352174811954,4.936352174811954,1.6615048913472492,1.6615048913472492,0.0,0.0,0.0,[],1835.0,,,,,,
stz_2h,Santa Tereza · 2 h,2,strict_common_cohort_causal,4,13_to_14,13,14,11,1835,67,91,2025-07-04T15:00:00,2025-09-21T18:00:00,20260919,True,HistGradientBoosting,scikit-learn,0.48315950005780905,91,4.98193447810645,8.8380703392898,0.5741033657969116,16.696040777504436,0.9963014750118098,0.9963014750118098,1.0885761524462225,1,4.98193447810645,4.98193447810645,3.161846074127311,3.161846074127311,0.0,0.0,0.0,[],1835.0,,,,,,
stz_2h,Santa Tereza · 2 h,2,strict_common_cohort_causal,4,13_to_14,13,14,11,1835,67,91,2025-07-04T15:00:00,2025-09-21T18:00:00,20260919,True,XGBoost,xgboost,0.4041247999994084,91,4.892895984125661,7.614036152241164,0.33657394136701313,15.579233169555664,0.9972549926030478,0.9972549926030478,1.0152243103161782,1,4.892895984125661,4.892895984125661,2.753133773803711,2.753133773803711,0.0,0.0,0.0,[],1835.0,,,,,,
stz_2h,Santa Tereza · 2 h,2,strict_common_cohort_causal,4,13_to_14,13,14,11,1835,67,91,2025-07-04T15:00:00,2025-09-21T18:00:00,20260919,True,LightGBM,lightgbm,0.3722503000171855,91,5.193981179540221,8.662979865381041,0.45645459608764777,17.226752605929732,0.9964465659466124,0.9964465659466124,1.145797976434365,1,5.193981179540221,5.193981179540221,2.803119152208069,2.803119152208069,0.0,0.0,0.0,[],1835.0,,,,,,
stz_2h,Santa Tereza · 2 h,2,strict_common_cohort_causal,4,13_to_14,13,14,11,1835,67,91,2025-07-04T15:00:00,2025-09-21T18:00:00,20260919,True,CatBoost,catboost,4.2373467000434175,91,5.411707881735296,8.348556790170099,0.7073523585945442,16.579763515487798,0.9966998288645572,0.9966998288645572,1.1307429712922539,1,5.411707881735296,5.411707881735296,6.17784445516304,6.17784445516304,-1.0,1.0,1.0,[],1835.0,,,,,,
stz_2h,Santa Tereza · 2 h,2,strict_common_cohort_causal,4,13_to_14,13,14,11,1835,67,91,2025-07-04T15:00:00,2025-09-21T18:00:00,20260919,True,CNN-1D temporal,pytorch-cpu,0.04509699996560812,91,15.079446143530111,20.32424350581478,-0.4000070488758676,43.123452440719745,0.9804411899431716,0.9804411899431716,3.0314541276043236,1,15.079446143530111,15.079446143530111,2.420430540193138,2.420430540193138,0.0,0.0,0.0,,1835.0,15.0,8.0,0.16867896914482117,67.0,4609.0,"[{'epoch': 11, 'train_loss': 0.25016969442367554, 'validation_loss': 0.1884916126728058}, {'epoch': 12, 'train_loss': 0.25100085139274597, 'validation_loss': 0.19671550393104553}, {'epoch': 13, 'train_loss': 0.2570044696331024, 'validation_loss': 0.19906869530677795}, {'epoch': 14, 'train_loss': 0.25836873054504395, 'validation_loss': 0.19416798651218414}, {'epoch': 15, 'train_loss': 0.24973434209823608, 'validation_loss': 0.18309487402439117}]"
stz_2h,Santa Tereza · 2 h,2,strict_common_cohort_causal,4,13_to_14,13,14,11,1835,67,91,2025-07-04T15:00:00,2025-09-21T18:00:00,20260919,True,LSTM,pytorch-cpu,0.05919119995087385,91,14.07555207240382,18.83498943347486,-1.5205120078941194,37.0575746178705,0.9832025092055074,0.9832025092055074,2.7588607774985254,1,14.07555207240382,14.07555207240382,4.678875859384334,4.678875859384334,-1.0,1.0,1.0,,1835.0,18.0,18.0,0.155465230345726,67.0,6305.0,"[{'epoch': 14, 'train_loss': 0.5908147692680359, 'validation_loss': 0.165929913520813}, {'epoch': 15, 'train_loss': 0.5643033385276794, 'validation_loss': 0.16157370805740356}, {'epoch': 16, 'train_loss': 0.5390949249267578, 'validation_loss': 0.15835689008235931}, {'epoch': 17, 'train_loss': 0.5153152942657471, 'validation_loss': 0.1563204824924469}, {'epoch': 18, 'train_loss': 0.49308764934539795, 'validation_loss': 0.155465230345726}]"
stz_2h,Santa Tereza · 2 h,2,strict_common_cohort_causal,4,13_to_14,13,14,11,1835,67,91,2025-07-04T15:00:00,2025-09-21T18:00:00,20260919,True,GRU,pytorch-cpu,0.06505390000529587,91,13.37741895876963,18.061422139975264,-2.719573986436641,34.653878805148935,0.9845539464375075,0.9845539464375075,2.5799423826390564,1,13.37741895876963,13.37741895876963,7.530001044360688,7.530001044360688,-1.0,1.0,1.0,,1835.0,17.0,10.0,0.15254570543766022,67.0,4737.0,"[{'epoch': 13, 'train_loss': 0.3790777325630188, 'validation_loss': 0.15965507924556732}, {'epoch': 14, 'train_loss': 0.36099493503570557, 'validation_loss': 0.1644083559513092}, {'epoch': 15, 'train_loss': 0.3460853695869446, 'validation_loss': 0.16934722661972046}, {'epoch': 16, 'train_loss': 0.3337346017360687, 'validation_loss': 0.17390768229961395}, {'epoch': 17, 'train_loss': 0.3233414590358734, 'validation_loss': 0.17759685218334198}]"
stz_2h,Santa Tereza · 2 h,2,strict_common_cohort_causal,4,13_to_14,13,14,11,1835,67,91,2025-07-04T15:00:00,2025-09-21T18:00:00,20260919,True,TCN,pytorch-cpu,0.07446690008509904,91,10.84115840199281,15.11320195137525,-0.7437009527021873,30.17280120313569,0.9891849975707815,0.9891849975707815,2.1616020623550183,1,10.84115840199281,10.84115840199281,0.8670531668890362,0.8670531668890362,1.0,1.0,1.0,,1835.0,18.0,18.0,0.11838164925575256,67.0,7713.0,"[{'epoch': 14, 'train_loss': 0.26589080691337585, 'validation_loss': 0.172469362616539}, {'epoch': 15, 'train_loss': 0.23474444448947906, 'validation_loss': 0.1532893180847168}, {'epoch': 16, 'train_loss': 0.20290954411029816, 'validation_loss': 0.13692989945411682}, {'epoch': 17, 'train_loss': 0.1797228306531906, 'validation_loss': 0.12538576126098633}, {'epoch': 18, 'train_loss': 0.1679268330335617, 'validation_loss': 0.11838164925575256}]"
stz_2h,Santa Tereza · 2 h,2,strict_common_cohort_causal,4,13_to_14,13,14,11,1835,67,91,2025-07-04T15:00:00,2025-09-21T18:00:00,20260919,True,Seq2Seq · decoder 1 passo,pytorch-cpu,0.07836139993742108,91,15.916940474194726,21.94420396481141,-1.8323553610583134,43.066035339329716,0.9771990305620644,0.9771990305620644,3.129130105920209,1,15.916940474194726,15.916940474194726,2.9051069603668793,2.9051069603668793,-1.0,1.0,1.0,,1835.0,18.0,18.0,0.16802218556404114,67.0,10785.0,"[{'epoch': 14, 'train_loss': 0.6843910813331604, 'validation_loss': 0.1937769204378128}, {'epoch': 15, 'train_loss': 0.6590244174003601, 'validation_loss': 0.18630832433700562}, {'epoch': 16, 'train_loss': 0.6338449716567993, 'validation_loss': 0.1794232875108719}, {'epoch': 17, 'train_loss': 0.60898756980896, 'validation_loss': 0.17327383160591125}, {'epoch': 18, 'train_loss': 0.5846260190010071, 'validation_loss': 0.16802218556404114}]"
stz_2h,Santa Tereza · 2 h,2,strict_common_cohort_causal,4,13_to_14,13,14,11,1835,67,91,2025-07-04T15:00:00,2025-09-21T18:00:00,20260919,True,Transformer temporal,pytorch-cpu,0.12570620002225041,91,9.799648977042738,12.697362428245883,2.1633525603341734,23.365716099519148,0.9923662016773648,0.9923662016773648,1.8365970033936985,1,9.799648977042738,9.799648977042738,24.5677607383642,24.5677607383642,-1.0,1.0,1.0,,1835.0,18.0,18.0,0.06086696684360504,67.0,9217.0,"[{'epoch': 14, 'train_loss': 0.376758337020874, 'validation_loss': 0.07766682654619217}, {'epoch': 15, 'train_loss': 0.3667660057544708, 'validation_loss': 0.07154513150453568}, {'epoch': 16, 'train_loss': 0.3582964241504669, 'validation_loss': 0.06759507954120636}, {'epoch': 17, 'train_loss': 0.34875476360321045, 'validation_loss': 0.06422636657953262}, {'epoch': 18, 'train_loss': 0.33678463101387024, 'validation_loss': 0.06086696684360504}]"
stz_2h,Santa Tereza · 2 h,2,strict_common_cohort_causal,4,13_to_14,13,14,11,1835,67,91,2025-07-04T15:00:00,2025-09-21T18:00:00,20260919,True,DLinear experimental,pytorch-cpu,0.009232799988240004,91,13.632256968180757,17.888146780532598,0.1795693418153922,34.837743073655815,0.9848488935476826,0.9848488935476826,2.749161522302142,1,13.632256968180757,13.632256968180757,1.5468182730704712,1.5468182730704712,-1.0,1.0,1.0,,1835.0,18.0,18.0,0.1474321037530899,67.0,32.0,"[{'epoch': 14, 'train_loss': 0.32343992590904236, 'validation_loss': 0.1623542159795761}, {'epoch': 15, 'train_loss': 0.312429815530777, 'validation_loss': 0.15853172540664673}, {'epoch': 16, 'train_loss': 0.30198293924331665, 'validation_loss': 0.15477688610553741}, {'epoch': 17, 'train_loss': 0.2920778691768646, 'validation_loss': 0.15107989311218262}, {'epoch': 18, 'train_loss': 0.28269222378730774, 'validation_loss': 0.1474321037530899}]"
stz_2h,Santa Tereza · 2 h,2,strict_common_cohort_causal,4,13_to_14,13,14,11,1835,67,91,2025-07-04T15:00:00,2025-09-21T18:00:00,20260919,True,NLinear experimental,pytorch-cpu,0.006526299985125661,91,24.106066418148757,31.810428988467997,-2.90544086154014,66.2879922757034,0.9520870730946526,0.9520870730946526,4.610331101889218,1,24.106066418148757,24.106066418148757,0.9685509187812613,0.9685509187812613,3.0,3.0,3.0,,1835.0,18.0,18.0,0.32803818583488464,67.0,61.0,"[{'epoch': 14, 'train_loss': 1.0190662145614624, 'validation_loss': 0.38407596945762634}, {'epoch': 15, 'train_loss': 0.9986978769302368, 'validation_loss': 0.367306649684906}, {'epoch': 16, 'train_loss': 0.9801549315452576, 'validation_loss': 0.3524528741836548}, {'epoch': 17, 'train_loss': 0.9633258581161499, 'validation_loss': 0.33940374851226807}, {'epoch': 18, 'train_loss': 0.9480886459350586, 'validation_loss': 0.32803818583488464}]"
stz_2h,Santa Tereza · 2 h,2,strict_common_cohort_causal,4,13_to_14,13,14,11,1835,67,91,2025-07-04T15:00:00,2025-09-21T18:00:00,20260919,True,TSMixer experimental,pytorch-cpu,0.05422489996999502,91,20.001221444118926,26.31851925339168,-9.962817570186367,50.650633674759035,0.9672028163125799,0.9672028163125799,3.8100323447778925,1,20.001221444118926,20.001221444118926,1.7170038910790026,1.7170038910790026,1.0,1.0,1.0,,1835.0,18.0,18.0,0.20036812126636505,67.0,1619.0,"[{'epoch': 14, 'train_loss': 0.7979682683944702, 'validation_loss': 0.21062301099300385}, {'epoch': 15, 'train_loss': 0.7778524160385132, 'validation_loss': 0.20658934116363525}, {'epoch': 16, 'train_loss': 0.7594428658485413, 'validation_loss': 0.20354029536247253}, {'epoch': 17, 'train_loss': 0.7427053451538086, 'validation_loss': 0.2014807164669037}, {'epoch': 18, 'train_loss': 0.7275859713554382, 'validation_loss': 0.20036812126636505}]"
stz_2h,Santa Tereza · 2 h,2,strict_common_cohort_causal,4,13_to_14,13,14,11,1835,67,91,2025-07-04T15:00:00,2025-09-21T18:00:00,20260919,True,N-BEATS experimental,pytorch-cpu,0.03244410001207143,91,9.094172600451284,12.365172293373787,-1.0698955340511533,25.83136341692847,0.9927604096220101,0.9927604096220101,1.767007387642092,1,9.094172600451284,9.094172600451284,5.661519583313634,5.661519583313634,1.0,1.0,1.0,,1835.0,18.0,12.0,0.08654467761516571,67.0,20158.0,"[{'epoch': 14, 'train_loss': 0.1288728415966034, 'validation_loss': 0.09253422170877457}, {'epoch': 15, 'train_loss': 0.11961546540260315, 'validation_loss': 0.09684037417173386}, {'epoch': 16, 'train_loss': 0.10529905557632446, 'validation_loss': 0.10346059501171112}, {'epoch': 17, 'train_loss': 0.0975172221660614, 'validation_loss': 0.10947182774543762}, {'epoch': 18, 'train_loss': 0.09964805841445923, 'validation_loss': 0.10876317322254181}]"
stz_2h,Santa Tereza · 2 h,2,strict_common_cohort_causal,4,13_to_14,13,14,11,1835,67,91,2025-07-04T15:00:00,2025-09-21T18:00:00,20260919,True,N-HiTS-lite experimental,pytorch-cpu,0.017417300026863813,91,12.081883008034438,16.45389499285011,2.8741698902000103,34.25219080505536,0.9871810901697451,0.9871810901697451,2.352460779460673,1,12.081883008034438,12.081883008034438,11.190190466643912,11.190190466643912,-1.0,1.0,1.0,,1835.0,18.0,18.0,0.1544962227344513,67.0,2353.0,"[{'epoch': 14, 'train_loss': 0.2736387252807617, 'validation_loss': 0.190781831741333}, {'epoch': 15, 'train_loss': 0.2683063745498657, 'validation_loss': 0.18370340764522552}, {'epoch': 16, 'train_loss': 0.25826579332351685, 'validation_loss': 0.17497310042381287}, {'epoch': 17, 'train_loss': 0.24425408244132996, 'validation_loss': 0.16508927941322327}, {'epoch': 18, 'train_loss': 0.2276996225118637, 'validation_loss': 0.1544962227344513}]"
stz_2h,Santa Tereza · 2 h,2,strict_common_cohort_causal,4,13_to_14,13,14,11,1835,67,91,2025-07-04T15:00:00,2025-09-21T18:00:00,20260919,True,PatchTST experimental,pytorch-cpu,0.09458150004502386,91,12.05461067334599,14.603245915256297,1.515831516550325,27.15356143733851,0.9899025328876658,0.9899025328876658,2.124713760651184,1,12.05461067334599,12.05461067334599,25.494611045533816,25.494611045533816,-1.0,1.0,1.0,,1835.0,18.0,18.0,0.11405690014362335,67.0,9089.0,"[{'epoch': 14, 'train_loss': 0.4181218445301056, 'validation_loss': 0.12247714400291443}, {'epoch': 15, 'train_loss': 0.40994036197662354, 'validation_loss': 0.11678198724985123}, {'epoch': 16, 'train_loss': 0.4031294882297516, 'validation_loss': 0.1147419810295105}, {'epoch': 17, 'train_loss': 0.3938852548599243, 'validation_loss': 0.1141062080860138}, {'epoch': 18, 'train_loss': 0.3805055320262909, 'validation_loss': 0.11405690014362335}]"
stz_2h,Santa Tereza · 2 h,2,strict_common_cohort_causal,4,13_to_14,13,14,11,1835,67,91,2025-07-04T15:00:00,2025-09-21T18:00:00,20260919,True,TFT-lite experimental,pytorch-cpu,0.17406740004662424,91,15.332272369511074,20.286624725826826,-5.713857537073298,41.79496940745622,0.9805135269661286,0.9805135269661286,3.0052513570244916,1,15.332272369511074,15.332272369511074,10.797796851361568,10.797796851361568,1.0,1.0,1.0,,1835.0,18.0,16.0,0.1524599939584732,67.0,11889.0,"[{'epoch': 14, 'train_loss': 0.41904500126838684, 'validation_loss': 0.16238878667354584}, {'epoch': 15, 'train_loss': 0.4055025577545166, 'validation_loss': 0.15840893983840942}, {'epoch': 16, 'train_loss': 0.38223111629486084, 'validation_loss': 0.1524599939584732}, {'epoch': 17, 'train_loss': 0.35091525316238403, 'validation_loss': 0.15529146790504456}, {'epoch': 18, 'train_loss': 0.32499101758003235, 'validation_loss': 0.17247848212718964}]"
stz_2h,Santa Tereza · 2 h,2,strict_common_cohort_causal,4,14_to_17,14,17,12,1902,91,87,2025-09-12T12:00:00,2025-11-07T20:00:00,20260919,True,Persistência,baseline,0.0,87,29.45977011494253,45.254199017722456,-1.4597701149425288,114.10000000000001,0.8938917730211398,0.8938917730211398,5.205972865352426,1,29.45977011494253,29.45977011494253,0.0,0.0,2.0,2.0,2.0,,,,,,,,
stz_2h,Santa Tereza · 2 h,2,strict_common_cohort_causal,4,14_to_17,14,17,12,1902,91,87,2025-09-12T12:00:00,2025-11-07T20:00:00,20260919,True,Ridge,scikit-learn,0.0006416999967768788,87,7.098421755878404,10.529655569666945,2.139179126969699,21.731408500671396,0.994255402251387,0.994255402251387,1.222442533421409,1,7.098421755878404,7.098421755878404,12.250097274780273,12.250097274780273,0.0,0.0,0.0,[],1902.0,,,,,,
stz_2h,Santa Tereza · 2 h,2,strict_common_cohort_causal,4,14_to_17,14,17,12,1902,91,87,2025-09-12T12:00:00,2025-11-07T20:00:00,20260919,True,Elastic Net,scikit-learn,0.015584300039336085,87,6.569001233440706,10.495290750784699,0.9540496667226156,22.564367675781266,0.9942928374591532,0.9942928374591532,1.1216653958470881,1,6.569001233440706,6.569001233440706,12.396492004394531,12.396492004394531,0.0,0.0,0.0,[],1902.0,,,,,,
stz_2h,Santa Tereza · 2 h,2,strict_common_cohort_causal,4,14_to_17,14,17,12,1902,91,87,2025-09-12T12:00:00,2025-11-07T20:00:00,20260919,True,SVR,scikit-learn,0.2119308999972418,87,12.700352318486004,21.383080168140165,2.4484106415317313,54.16110552469073,0.9763096312247848,0.9763096312247848,2.11349264136128,1,12.700352318486004,12.700352318486004,0.2635031788242941,0.2635031788242941,-1.0,1.0,1.0,[],1902.0,,,,,,
stz_2h,Santa Tereza · 2 h,2,strict_common_cohort_causal,4,14_to_17,14,17,12,1902,91,87,2025-09-12T12:00:00,2025-11-07T20:00:00,20260919,True,MLP,scikit-learn,0.2368805999867618,87,8.071989813070187,12.927707291605552,-1.6778181174705769,25.86641769409181,0.9913408689314704,0.9913408689314704,1.3364277450541513,1,8.071989813070187,8.071989813070187,10.697927474975586,10.697927474975586,0.0,0.0,0.0,[],1902.0,,,,,,
stz_2h,Santa Tereza · 2 h,2,strict_common_cohort_causal,4,14_to_17,14,17,12,1902,91,87,2025-09-12T12:00:00,2025-11-07T20:00:00,20260919,True,Random Forest,scikit-learn,3.9023680000100285,87,5.612362008466802,8.66130926541127,1.9635278009946957,20.136072790321162,0.9961131445935747,0.9961131445935747,0.9591548646447392,1,5.612362008466802,5.612362008466802,12.171918013450068,12.171918013450068,0.0,0.0,0.0,[],1902.0,,,,,,
stz_2h,Santa Tereza · 2 h,2,strict_common_cohort_causal,4,14_to_17,14,17,12,1902,91,87,2025-09-12T12:00:00,2025-11-07T20:00:00,20260919,True,Extra Trees,scikit-learn,1.400460800039582,87,6.253226154587284,10.201086054444904,2.2184132213576597,27.418456865057124,0.9946083199176446,0.9946083199176446,1.0537858732763368,1,6.253226154587284,6.253226154587284,11.848123162443926,11.848123162443926,0.0,0.0,0.0,[],1902.0,,,,,,
stz_2h,Santa Tereza · 2 h,2,strict_common_cohort_causal,4,14_to_17,14,17,12,1902,91,87,2025-09-12T12:00:00,2025-11-07T20:00:00,20260919,True,HistGradientBoosting,scikit-learn,0.4719772000098601,87,5.749674207026816,8.774762675630162,1.1381301755327349,17.928894342199428,0.9960106508160953,0.9960106508160953,0.9955923573476476,1,5.749674207026816,5.749674207026816,8.94275075740336,8.94275075740336,0.0,0.0,0.0,[],1902.0,,,,,,
stz_2h,Santa Tereza · 2 h,2,strict_common_cohort_causal,4,14_to_17,14,17,12,1902,91,87,2025-09-12T12:00:00,2025-11-07T20:00:00,20260919,True,XGBoost,xgboost,0.39222999999765307,87,5.768124879091635,9.012053058417898,1.1427463854866466,19.14345817565918,0.9957919705288502,0.9957919705288502,0.9625443561529279,1,5.768124879091635,5.768124879091635,10.49422836303711,10.49422836303711,0.0,0.0,0.0,[],1902.0,,,,,,
stz_2h,Santa Tereza · 2 h,2,strict_common_cohort_causal,4,14_to_17,14,17,12,1902,91,87,2025-09-12T12:00:00,2025-11-07T20:00:00,20260919,True,LightGBM,lightgbm,0.45827100006863475,87,6.091972970950753,9.912903588776272,1.7766214322013336,26.365833159409288,0.9949086487778148,0.9949086487778148,1.0358004936510612,1,6.091972970950753,6.091972970950753,9.098171584401257,9.098171584401257,0.0,0.0,0.0,[],1902.0,,,,,,
stz_2h,Santa Tereza · 2 h,2,strict_common_cohort_causal,4,14_to_17,14,17,12,1902,91,87,2025-09-12T12:00:00,2025-11-07T20:00:00,20260919,True,CatBoost,catboost,4.3545281999977306,87,6.503367165113141,9.699496828236567,1.6212415008797059,22.47102430311333,0.9951255041660796,0.9951255041660796,1.1131680896054315,1,6.503367165113141,6.503367165113141,14.49231316615851,14.49231316615851,0.0,0.0,0.0,[],1902.0,,,,,,
stz_2h,Santa Tereza · 2 h,2,strict_common_cohort_causal,4,14_to_17,14,17,12,1902,91,87,2025-09-12T12:00:00,2025-11-07T20:00:00,20260919,True,CNN-1D temporal,pytorch-cpu,0.0722033999627456,87,17.243519985888703,26.947657256668446,2.6826196825822786,68.78732570564414,0.9623752759999252,0.9623752759999252,2.876503294028277,1,17.243519985888703,17.243519985888703,23.893359905239436,23.893359905239436,-13.0,13.0,13.0,,1902.0,18.0,18.0,0.1253928542137146,91.0,4609.0,"[{'epoch': 14, 'train_loss': 0.26032528281211853, 'validation_loss': 0.17018146812915802}, {'epoch': 15, 'train_loss': 0.25146254897117615, 'validation_loss': 0.15923815965652466}, {'epoch': 16, 'train_loss': 0.23441092669963837, 'validation_loss': 0.14713214337825775}, {'epoch': 17, 'train_loss': 0.21299375593662262, 'validation_loss': 0.1354570984840393}, {'epoch': 18, 'train_loss': 0.19119393825531006, 'validation_loss': 0.1253928542137146}]"
stz_2h,Santa Tereza · 2 h,2,strict_common_cohort_causal,4,14_to_17,14,17,12,1902,91,87,2025-09-12T12:00:00,2025-11-07T20:00:00,20260919,True,LSTM,pytorch-cpu,0.06366500002332032,87,20.827728040194923,31.89958059469798,0.3430833326167509,67.7748521653475,0.947276863432704,0.947276863432704,3.565165624981902,1,20.827728040194923,20.827728040194923,16.39052796245892,16.39052796245892,1.0,1.0,1.0,,1902.0,18.0,18.0,0.20860134065151215,91.0,6305.0,"[{'epoch': 14, 'train_loss': 0.592484712600708, 'validation_loss': 0.2718307673931122}, {'epoch': 15, 'train_loss': 0.5661562085151672, 'validation_loss': 0.2527964115142822}, {'epoch': 16, 'train_loss': 0.5411475300788879, 'validation_loss': 0.2357758730649948}, {'epoch': 17, 'train_loss': 0.5175853371620178, 'validation_loss': 0.2209879457950592}, {'epoch': 18, 'train_loss': 0.49559250473976135, 'validation_loss': 0.20860134065151215}]"
stz_2h,Santa Tereza · 2 h,2,strict_common_cohort_causal,4,14_to_17,14,17,12,1902,91,87,2025-09-12T12:00:00,2025-11-07T20:00:00,20260919,True,GRU,pytorch-cpu,0.05527000001166016,87,20.22690006786356,28.381093097387343,-2.3805099293335603,57.46313131772368,0.958266046347532,0.958266046347532,3.402443477429315,1,20.22690006786356,20.22690006786356,16.568794469706972,16.568794469706972,1.0,1.0,1.0,,1902.0,18.0,14.0,0.1703868806362152,91.0,4737.0,"[{'epoch': 14, 'train_loss': 0.36497220396995544, 'validation_loss': 0.1703868806362152}, {'epoch': 15, 'train_loss': 0.350210964679718, 'validation_loss': 0.17151086032390594}, {'epoch': 16, 'train_loss': 0.3379520773887634, 'validation_loss': 0.17351852357387543}, {'epoch': 17, 'train_loss': 0.3275948762893677, 'validation_loss': 0.17563198506832123}, {'epoch': 18, 'train_loss': 0.31858643889427185, 'validation_loss': 0.17718945443630219}]"
stz_2h,Santa Tereza · 2 h,2,strict_common_cohort_causal,4,14_to_17,14,17,12,1902,91,87,2025-09-12T12:00:00,2025-11-07T20:00:00,20260919,True,TCN,pytorch-cpu,0.07685409998521209,87,16.919630132177446,26.60324299150977,1.2074439506261772,57.21593486524181,0.963330882730738,0.963330882730738,2.899551201093005,1,16.919630132177446,16.919630132177446,16.780966743925887,16.780966743925887,1.0,1.0,1.0,,1902.0,18.0,18.0,0.13351775705814362,91.0,7713.0,"[{'epoch': 14, 'train_loss': 0.26838448643684387, 'validation_loss': 0.16619838774204254}, {'epoch': 15, 'train_loss': 0.2375277727842331, 'validation_loss': 0.15225209295749664}, {'epoch': 16, 'train_loss': 0.20592834055423737, 'validation_loss': 0.1424935758113861}, {'epoch': 17, 'train_loss': 0.18265995383262634, 'validation_loss': 0.13723601400852203}, {'epoch': 18, 'train_loss': 0.17058005928993225, 'validation_loss': 0.13351775705814362}]"
stz_2h,Santa Tereza · 2 h,2,strict_common_cohort_causal,4,14_to_17,14,17,12,1902,91,87,2025-09-12T12:00:00,2025-11-07T20:00:00,20260919,True,Seq2Seq · decoder 1 passo,pytorch-cpu,0.0847355000441894,87,22.118783528039,34.54716773005655,-0.016999088200428093,71.5627059574831,0.9381618925023844,0.9381618925023844,3.8298056133344858,1,22.118783528039,22.118783528039,12.278053915264763,12.278053915264763,1.0,1.0,1.0,,1902.0,18.0,18.0,0.2828899025917053,91.0,10785.0,"[{'epoch': 14, 'train_loss': 0.685734748840332, 'validation_loss': 0.3693940341472626}, {'epoch': 15, 'train_loss': 0.6604574918746948, 'validation_loss': 0.34662699699401855}, {'epoch': 16, 'train_loss': 0.6353780031204224, 'validation_loss': 0.32440364360809326}, {'epoch': 17, 'train_loss': 0.6106385588645935, 'validation_loss': 0.3030398190021515}, {'epoch': 18, 'train_loss': 0.5864183902740479, 'validation_loss': 0.2828899025917053}]"
stz_2h,Santa Tereza · 2 h,2,strict_common_cohort_causal,4,14_to_17,14,17,12,1902,91,87,2025-09-12T12:00:00,2025-11-07T20:00:00,20260919,True,Transformer temporal,pytorch-cpu,0.13216979999560863,87,13.36466001400895,19.832003160978108,2.548086301326432,47.662287442514646,0.9796218638839704,0.9796218638839704,2.3586478680668694,1,13.36466001400895,13.36466001400895,17.730599028433744,17.730599028433744,0.0,0.0,0.0,,1902.0,18.0,18.0,0.094029501080513,91.0,9217.0,"[{'epoch': 14, 'train_loss': 0.3788142204284668, 'validation_loss': 0.09884662181138992}, {'epoch': 15, 'train_loss': 0.3689703643321991, 'validation_loss': 0.09598507732152939}, {'epoch': 16, 'train_loss': 0.3606463372707367, 'validation_loss': 0.09550023078918457}, {'epoch': 17, 'train_loss': 0.35123583674430847, 'validation_loss': 0.09510499984025955}, {'epoch': 18, 'train_loss': 0.3393957018852234, 'validation_loss': 0.094029501080513}]"
stz_2h,Santa Tereza · 2 h,2,strict_common_cohort_causal,4,14_to_17,14,17,12,1902,91,87,2025-09-12T12:00:00,2025-11-07T20:00:00,20260919,True,DLinear experimental,pytorch-cpu,0.009322899975813925,87,23.046057734553756,33.61734682008682,1.3126166041495932,80.44534813841373,0.9414457851202205,0.9414457851202205,3.893421788941856,1,23.046057734553756,23.046057734553756,12.951085090795004,12.951085090795004,-12.0,12.0,12.0,,1902.0,18.0,18.0,0.18570595979690552,91.0,32.0,"[{'epoch': 14, 'train_loss': 0.3246811032295227, 'validation_loss': 0.20837099850177765}, {'epoch': 15, 'train_loss': 0.3136358857154846, 'validation_loss': 0.20227143168449402}, {'epoch': 16, 'train_loss': 0.3031534254550934, 'validation_loss': 0.19647277891635895}, {'epoch': 17, 'train_loss': 0.29321232438087463, 'validation_loss': 0.19095690548419952}, {'epoch': 18, 'train_loss': 0.2837899923324585, 'validation_loss': 0.18570595979690552}]"
stz_2h,Santa Tereza · 2 h,2,strict_common_cohort_causal,4,14_to_17,14,17,12,1902,91,87,2025-09-12T12:00:00,2025-11-07T20:00:00,20260919,True,NLinear experimental,pytorch-cpu,0.00645659992005676,87,26.960974992772034,40.07649790953993,-1.596351644244698,102.7338219636829,0.9167832366793824,0.9167832366793824,4.789486597562669,1,26.960974992772034,26.960974992772034,1.6185620287782285,1.6185620287782285,1.0,1.0,1.0,,1902.0,18.0,18.0,0.5919976234436035,91.0,61.0,"[{'epoch': 14, 'train_loss': 1.020179033279419, 'validation_loss': 0.6589592099189758}, {'epoch': 15, 'train_loss': 0.9995018839836121, 'validation_loss': 0.6400924921035767}, {'epoch': 16, 'train_loss': 0.9806830286979675, 'validation_loss': 0.6226938962936401}, {'epoch': 17, 'train_loss': 0.9636104702949524, 'validation_loss': 0.6066890954971313}, {'epoch': 18, 'train_loss': 0.9481620192527771, 'validation_loss': 0.5919976234436035}]"
stz_2h,Santa Tereza · 2 h,2,strict_common_cohort_causal,4,14_to_17,14,17,12,1902,91,87,2025-09-12T12:00:00,2025-11-07T20:00:00,20260919,True,TSMixer experimental,pytorch-cpu,0.0537144000409171,87,23.544447425329295,37.83558482657325,-6.976730875842291,100.75291338350961,0.925829331151784,0.925829331151784,4.114824588454529,1,23.544447425329295,23.544447425329295,3.71456387166927,3.71456387166927,1.0,1.0,1.0,,1902.0,18.0,18.0,0.4024823307991028,91.0,1619.0,"[{'epoch': 14, 'train_loss': 0.7953137159347534, 'validation_loss': 0.4696796238422394}, {'epoch': 15, 'train_loss': 0.7753697037696838, 'validation_loss': 0.45078662037849426}, {'epoch': 16, 'train_loss': 0.7571414113044739, 'validation_loss': 0.43325117230415344}, {'epoch': 17, 'train_loss': 0.7406003475189209, 'validation_loss': 0.4171551764011383}, {'epoch': 18, 'train_loss': 0.7256965041160583, 'validation_loss': 0.4024823307991028}]"
stz_2h,Santa Tereza · 2 h,2,strict_common_cohort_causal,4,14_to_17,14,17,12,1902,91,87,2025-09-12T12:00:00,2025-11-07T20:00:00,20260919,True,N-BEATS experimental,pytorch-cpu,0.03300910000689328,87,10.778167724644678,15.922679873226404,4.035919398549363,38.48603114995815,0.9868639854699153,0.9868639854699153,1.8198090653520749,1,10.778167724644678,10.778167724644678,16.052988108768204,16.052988108768204,0.0,0.0,0.0,,1902.0,18.0,16.0,0.06297101080417633,91.0,20158.0,"[{'epoch': 14, 'train_loss': 0.12944550812244415, 'validation_loss': 0.07908818125724792}, {'epoch': 15, 'train_loss': 0.11947628110647202, 'validation_loss': 0.06847114115953445}, {'epoch': 16, 'train_loss': 0.1051967665553093, 'validation_loss': 0.06297101080417633}, {'epoch': 17, 'train_loss': 0.0982583612203598, 'validation_loss': 0.06393619626760483}, {'epoch': 18, 'train_loss': 0.10084023326635361, 'validation_loss': 0.06539875268936157}]"
stz_2h,Santa Tereza · 2 h,2,strict_common_cohort_causal,4,14_to_17,14,17,12,1902,91,87,2025-09-12T12:00:00,2025-11-07T20:00:00,20260919,True,N-HiTS-lite experimental,pytorch-cpu,0.017909899936057627,87,19.188505905376484,27.412733967785787,6.013512261137216,59.482358979845344,0.9610653750440336,0.9610653750440336,3.310126638961023,1,19.188505905376484,19.188505905376484,9.510486444619687,9.510486444619687,1.0,1.0,1.0,,1902.0,18.0,18.0,0.15700066089630127,91.0,2353.0,"[{'epoch': 14, 'train_loss': 0.27601000666618347, 'validation_loss': 0.19891218841075897}, {'epoch': 15, 'train_loss': 0.27058252692222595, 'validation_loss': 0.18928802013397217}, {'epoch': 16, 'train_loss': 0.26044341921806335, 'validation_loss': 0.17871615290641785}, {'epoch': 17, 'train_loss': 0.24633349478244781, 'validation_loss': 0.1677393615245819}, {'epoch': 18, 'train_loss': 0.2296895682811737, 'validation_loss': 0.15700066089630127}]"
stz_2h,Santa Tereza · 2 h,2,strict_common_cohort_causal,4,14_to_17,14,17,12,1902,91,87,2025-09-12T12:00:00,2025-11-07T20:00:00,20260919,True,PatchTST experimental,pytorch-cpu,0.09619370009750128,87,17.077564138913438,23.77818675139913,3.3163761021648788,50.34061093034005,0.9707053198827967,0.9707053198827967,2.986827052907529,1,17.077564138913438,17.077564138913438,11.326367240841819,11.326367240841819,1.0,1.0,1.0,,1902.0,18.0,18.0,0.12330349534749985,91.0,9089.0,"[{'epoch': 14, 'train_loss': 0.42159411311149597, 'validation_loss': 0.1420300453901291}, {'epoch': 15, 'train_loss': 0.41390711069107056, 'validation_loss': 0.13558341562747955}, {'epoch': 16, 'train_loss': 0.407395601272583, 'validation_loss': 0.13180282711982727}, {'epoch': 17, 'train_loss': 0.39821183681488037, 'validation_loss': 0.12788629531860352}, {'epoch': 18, 'train_loss': 0.38473019003868103, 'validation_loss': 0.12330349534749985}]"
stz_2h,Santa Tereza · 2 h,2,strict_common_cohort_causal,4,14_to_17,14,17,12,1902,91,87,2025-09-12T12:00:00,2025-11-07T20:00:00,20260919,True,TFT-lite experimental,pytorch-cpu,0.1821538999211043,87,22.30627837999671,32.01832945284888,2.365205968722628,64.74388545708646,0.9468836002394364,0.9468836002394364,3.78376491616613,1,22.30627837999671,22.30627837999671,19.46908436223123,19.46908436223123,1.0,1.0,1.0,,1902.0,18.0,18.0,0.200764462351799,91.0,11889.0,"[{'epoch': 14, 'train_loss': 0.42313459515571594, 'validation_loss': 0.2951517105102539}, {'epoch': 15, 'train_loss': 0.4097677767276764, 'validation_loss': 0.2746070623397827}, {'epoch': 16, 'train_loss': 0.38670605421066284, 'validation_loss': 0.2419550120830536}, {'epoch': 17, 'train_loss': 0.3555806577205658, 'validation_loss': 0.21328112483024597}, {'epoch': 18, 'train_loss': 0.3297487795352936, 'validation_loss': 0.200764462351799}]"
stz_2h,Santa Tereza · 2 h,2,strict_common_cohort_causal,4,17_to_18,17,18,13,1993,87,32,2025-09-25T12:00:00,2026-06-29T08:00:00,20260919,True,Persistência,baseline,0.0,32,19.25,23.65375234502974,4.5625,48.599999999999994,0.6359162591127696,0.6359162591127696,4.16658409688594,1,19.25,19.25,0.0,0.0,2.0,2.0,2.0,,,,,,,,
stz_2h,Santa Tereza · 2 h,2,strict_common_cohort_causal,4,17_to_18,17,18,13,1993,87,32,2025-09-25T12:00:00,2026-06-29T08:00:00,20260919,True,Ridge,scikit-learn,0.0006274000043049455,32,6.671237464994192,8.041558355755408,4.251739542931318,15.393546581268309,0.9579194284705062,0.9579194284705062,1.4848366555520094,1,6.671237464994192,6.671237464994192,7.815769195556641,7.815769195556641,0.0,0.0,0.0,[],1993.0,,,,,,
stz_2h,Santa Tereza · 2 h,2,strict_common_cohort_causal,4,17_to_18,17,18,13,1993,87,32,2025-09-25T12:00:00,2026-06-29T08:00:00,20260919,True,Elastic Net,scikit-learn,0.016456900048069656,32,5.994017396122217,7.319065367064895,2.899702552706003,14.619500398635864,0.9651411989483422,0.9651411989483422,1.3381769739708944,1,5.994017396122217,5.994017396122217,6.590875625610352,6.590875625610352,0.0,0.0,0.0,[],1993.0,,,,,,
stz_2h,Santa Tereza · 2 h,2,strict_common_cohort_causal,4,17_to_18,17,18,13,1993,87,32,2025-09-25T12:00:00,2026-06-29T08:00:00,20260919,True,SVR,scikit-learn,0.22752019995823503,32,5.8814801789705715,7.699598822074556,2.330201884947522,14.098364114373487,0.9614222060849703,0.9614222060849703,1.280730368822209,1,5.8814801789705715,5.8814801789705715,2.2974551778767136,2.2974551778767136,0.0,0.0,0.0,[],1993.0,,,,,,
stz_2h,Santa Tereza · 2 h,2,strict_common_cohort_causal,4,17_to_18,17,18,13,1993,87,32,2025-09-25T12:00:00,2026-06-29T08:00:00,20260919,True,MLP,scikit-learn,0.3708687999751419,32,6.703122466802597,8.56221406429639,2.1765188425779343,15.417305564880369,0.9522939612235622,0.9522939612235622,1.4555444488080131,1,6.703122466802597,6.703122466802597,3.7726287841796875,3.7726287841796875,0.0,0.0,0.0,[],1993.0,,,,,,
stz_2h,Santa Tereza · 2 h,2,strict_common_cohort_causal,4,17_to_18,17,18,13,1993,87,32,2025-09-25T12:00:00,2026-06-29T08:00:00,20260919,True,Random Forest,scikit-learn,3.8193488999968395,32,4.37792801133784,5.903186967646827,1.3990286082636558,12.51774649754368,0.977323591544573,0.977323591544573,0.9837621752812399,1,4.37792801133784,4.37792801133784,0.6110486071170271,0.6110486071170271,0.0,0.0,0.0,[],1993.0,,,,,,
stz_2h,Santa Tereza · 2 h,2,strict_common_cohort_causal,4,17_to_18,17,18,13,1993,87,32,2025-09-25T12:00:00,2026-06-29T08:00:00,20260919,True,Extra Trees,scikit-learn,1.6654292000457644,32,4.29421291203229,5.60244931013726,1.2575839324003333,11.032673118516037,0.9795752351328397,0.9795752351328397,0.9633207766860191,1,4.29421291203229,4.29421291203229,0.7299793538874155,0.7299793538874155,0.0,0.0,0.0,[],1993.0,,,,,,
stz_2h,Santa Tereza · 2 h,2,strict_common_cohort_causal,4,17_to_18,17,18,13,1993,87,32,2025-09-25T12:00:00,2026-06-29T08:00:00,20260919,True,HistGradientBoosting,scikit-learn,0.4980638000415638,32,4.165648276052048,5.360396575689281,0.577110659716185,10.207045608639339,0.9813020051375754,0.9813020051375754,0.9135005672150784,1,4.165648276052048,4.165648276052048,1.4645307001571837,1.4645307001571837,0.0,0.0,0.0,[],1993.0,,,,,,
stz_2h,Santa Tereza · 2 h,2,strict_common_cohort_causal,4,17_to_18,17,18,13,1993,87,32,2025-09-25T12:00:00,2026-06-29T08:00:00,20260919,True,XGBoost,xgboost,0.37626140005886555,32,4.371044371277094,5.923755402247029,1.2070764787495136,11.480577778816222,0.9771652937316179,0.9771652937316179,0.9823531068845752,1,4.371044371277094,4.371044371277094,1.1749916076660156,1.1749916076660156,0.0,0.0,0.0,[],1993.0,,,,,,
stz_2h,Santa Tereza · 2 h,2,strict_common_cohort_causal,4,17_to_18,17,18,13,1993,87,32,2025-09-25T12:00:00,2026-06-29T08:00:00,20260919,True,LightGBM,lightgbm,0.3727153999498114,32,4.338438979343376,5.675389603134472,1.060085158808704,12.90242333546308,0.9790399384100672,0.9790399384100672,0.9613098236890611,1,4.338438979343376,4.338438979343376,2.0651795800113177,2.0651795800113177,0.0,0.0,0.0,[],1993.0,,,,,,
stz_2h,Santa Tereza · 2 h,2,strict_common_cohort_causal,4,17_to_18,17,18,13,1993,87,32,2025-09-25T12:00:00,2026-06-29T08:00:00,20260919,True,CatBoost,catboost,4.417915099998936,32,4.340061371308476,5.725496327937186,0.9886438983198964,11.491254449511416,0.9786682013921747,0.9786682013921747,0.9718338357750971,1,4.340061371308476,4.340061371308476,3.623671114837407,3.623671114837407,0.0,0.0,0.0,[],1993.0,,,,,,
stz_2h,Santa Tereza · 2 h,2,strict_common_cohort_causal,4,17_to_18,17,18,13,1993,87,32,2025-09-25T12:00:00,2026-06-29T08:00:00,20260919,True,CNN-1D temporal,pytorch-cpu,0.06679720000829548,32,7.42701009929811,10.735018098396687,2.4557569660293925,24.39665082353203,0.9250094125258932,0.9250094125258932,1.5825226023632586,1,7.42701009929811,7.42701009929811,27.978328061316915,27.978328061316915,0.0,0.0,0.0,,1993.0,18.0,18.0,0.43075990676879883,87.0,4609.0,"[{'epoch': 14, 'train_loss': 0.26140153408050537, 'validation_loss': 0.6107904314994812}, {'epoch': 15, 'train_loss': 0.25221389532089233, 'validation_loss': 0.572283923625946}, {'epoch': 16, 'train_loss': 0.23506654798984528, 'validation_loss': 0.5254573822021484}, {'epoch': 17, 'train_loss': 0.21370509266853333, 'validation_loss': 0.47641342878341675}, {'epoch': 18, 'train_loss': 0.19201739132404327, 'validation_loss': 0.43075990676879883}]"
stz_2h,Santa Tereza · 2 h,2,strict_common_cohort_causal,4,17_to_18,17,18,13,1993,87,32,2025-09-25T12:00:00,2026-06-29T08:00:00,20260919,True,LSTM,pytorch-cpu,0.06966339994687587,32,11.224054796616592,15.133768340305009,2.9249595297854185,27.41562988160408,0.8509625684803086,0.8509625684803086,2.4267019480640886,1,11.224054796616592,11.224054796616592,22.465550775924953,22.465550775924953,1.0,1.0,1.0,,1993.0,18.0,18.0,0.6052612066268921,87.0,6305.0,"[{'epoch': 14, 'train_loss': 0.5893796682357788, 'validation_loss': 0.6864057779312134}, {'epoch': 15, 'train_loss': 0.5630193948745728, 'validation_loss': 0.6628966331481934}, {'epoch': 16, 'train_loss': 0.5380308032035828, 'validation_loss': 0.641524612903595}, {'epoch': 17, 'train_loss': 0.514546275138855, 'validation_loss': 0.6223238706588745}, {'epoch': 18, 'train_loss': 0.49269312620162964, 'validation_loss': 0.6052612066268921}]"
stz_2h,Santa Tereza · 2 h,2,strict_common_cohort_causal,4,17_to_18,17,18,13,1993,87,32,2025-09-25T12:00:00,2026-06-29T08:00:00,20260919,True,GRU,pytorch-cpu,0.06902709999121726,32,11.922589067365111,14.938441837475303,-1.6248800101087912,27.61850462783593,0.8547848944085522,0.8547848944085522,2.5262728954881464,1,11.922589067365111,11.922589067365111,38.49968050029713,38.49968050029713,0.0,0.0,0.0,,1993.0,18.0,18.0,0.4352693557739258,87.0,4737.0,"[{'epoch': 14, 'train_loss': 0.3646846115589142, 'validation_loss': 0.4804714322090149}, {'epoch': 15, 'train_loss': 0.3502722978591919, 'validation_loss': 0.4686948359012604}, {'epoch': 16, 'train_loss': 0.3383065462112427, 'validation_loss': 0.4576781690120697}, {'epoch': 17, 'train_loss': 0.32817232608795166, 'validation_loss': 0.44671639800071716}, {'epoch': 18, 'train_loss': 0.3193081021308899, 'validation_loss': 0.4352693557739258}]"
stz_2h,Santa Tereza · 2 h,2,strict_common_cohort_causal,4,17_to_18,17,18,13,1993,87,32,2025-09-25T12:00:00,2026-06-29T08:00:00,20260919,True,TCN,pytorch-cpu,0.0751669000601396,32,9.616320169287418,12.115796322630175,3.5989495733288503,24.68896608376167,0.9044776228608415,0.9044776228608415,2.0624295972619446,1,9.616320169287418,9.616320169287418,19.57430944900682,19.57430944900682,0.0,0.0,0.0,,1993.0,18.0,18.0,0.41662833094596863,87.0,7713.0,"[{'epoch': 14, 'train_loss': 0.26918038725852966, 'validation_loss': 0.6349863409996033}, {'epoch': 15, 'train_loss': 0.23830927908420563, 'validation_loss': 0.5631885528564453}, {'epoch': 16, 'train_loss': 0.20653580129146576, 'validation_loss': 0.5005835294723511}, {'epoch': 17, 'train_loss': 0.183015838265419, 'validation_loss': 0.4525108337402344}, {'epoch': 18, 'train_loss': 0.17072997987270355, 'validation_loss': 0.41662833094596863}]"
stz_2h,Santa Tereza · 2 h,2,strict_common_cohort_causal,4,17_to_18,17,18,13,1993,87,32,2025-09-25T12:00:00,2026-06-29T08:00:00,20260919,True,Seq2Seq · decoder 1 passo,pytorch-cpu,0.08194149995688349,32,13.129226612513333,16.934989393581557,3.0225431160655223,31.571194203685067,0.8133744709389221,0.8133744709389221,2.834251526747146,1,13.129226612513333,13.129226612513333,14.370903556139638,14.370903556139638,1.0,1.0,1.0,,1993.0,18.0,18.0,0.7102814316749573,87.0,10785.0,"[{'epoch': 14, 'train_loss': 0.684227705001831, 'validation_loss': 0.8220996856689453}, {'epoch': 15, 'train_loss': 0.6587415933609009, 'validation_loss': 0.7928573489189148}, {'epoch': 16, 'train_loss': 0.6334602236747742, 'validation_loss': 0.7642877697944641}, {'epoch': 17, 'train_loss': 0.6085348725318909, 'validation_loss': 0.7366617918014526}, {'epoch': 18, 'train_loss': 0.584155797958374, 'validation_loss': 0.7102814316749573}]"
stz_2h,Santa Tereza · 2 h,2,strict_common_cohort_causal,4,17_to_18,17,18,13,1993,87,32,2025-09-25T12:00:00,2026-06-29T08:00:00,20260919,True,Transformer temporal,pytorch-cpu,0.13431549991946667,32,7.584105676949159,8.78675552333011,4.722589140889918,13.739062037032975,0.9497589994192899,0.9497589994192899,1.6309741864507004,1,7.584105676949159,7.584105676949159,12.429357189257416,12.429357189257416,0.0,0.0,0.0,,1993.0,18.0,18.0,0.2403998076915741,87.0,9217.0,"[{'epoch': 14, 'train_loss': 0.3795470893383026, 'validation_loss': 0.26854783296585083}, {'epoch': 15, 'train_loss': 0.3706800937652588, 'validation_loss': 0.2646505534648895}, {'epoch': 16, 'train_loss': 0.3632201850414276, 'validation_loss': 0.26017385721206665}, {'epoch': 17, 'train_loss': 0.35440540313720703, 'validation_loss': 0.25224316120147705}, {'epoch': 18, 'train_loss': 0.34293460845947266, 'validation_loss': 0.2403998076915741}]"
stz_2h,Santa Tereza · 2 h,2,strict_common_cohort_causal,4,17_to_18,17,18,13,1993,87,32,2025-09-25T12:00:00,2026-06-29T08:00:00,20260919,True,DLinear experimental,pytorch-cpu,0.009434600011445582,32,10.827629696393869,14.670799181335152,4.214734915339898,29.635525361035253,0.8599417361122906,0.8599417361122906,2.388402939427545,1,10.827629696393869,10.827629696393869,21.913776249222337,21.913776249222337,0.0,0.0,0.0,,1993.0,18.0,18.0,0.6719263195991516,87.0,32.0,"[{'epoch': 14, 'train_loss': 0.3249017000198364, 'validation_loss': 0.752372682094574}, {'epoch': 15, 'train_loss': 0.3138883113861084, 'validation_loss': 0.7315851449966431}, {'epoch': 16, 'train_loss': 0.3034379184246063, 'validation_loss': 0.711255669593811}, {'epoch': 17, 'train_loss': 0.2935282588005066, 'validation_loss': 0.6913732886314392}, {'epoch': 18, 'train_loss': 0.28413599729537964, 'validation_loss': 0.6719263195991516}]"
stz_2h,Santa Tereza · 2 h,2,strict_common_cohort_causal,4,17_to_18,17,18,13,1993,87,32,2025-09-25T12:00:00,2026-06-29T08:00:00,20260919,True,NLinear experimental,pytorch-cpu,0.006587799987755716,32,16.593528690910276,21.13626466102291,3.9114915144405433,44.90561645309001,0.7092915398467572,0.7092915398467572,3.6167534145542355,1,16.593528690910276,16.593528690910276,1.6710329006489246,1.6710329006489246,2.0,2.0,2.0,,1993.0,18.0,18.0,0.9542211890220642,87.0,61.0,"[{'epoch': 14, 'train_loss': 1.0212812423706055, 'validation_loss': 1.13862943649292}, {'epoch': 15, 'train_loss': 1.0002431869506836, 'validation_loss': 1.084699034690857}, {'epoch': 16, 'train_loss': 0.9810812473297119, 'validation_loss': 1.0361937284469604}, {'epoch': 17, 'train_loss': 0.9636848568916321, 'validation_loss': 0.9928110241889954}, {'epoch': 18, 'train_loss': 0.94793301820755, 'validation_loss': 0.9542211890220642}]"
stz_2h,Santa Tereza · 2 h,2,strict_common_cohort_causal,4,17_to_18,17,18,13,1993,87,32,2025-09-25T12:00:00,2026-06-29T08:00:00,20260919,True,TSMixer experimental,pytorch-cpu,0.06093199993483722,32,17.58480920219585,22.091022452517045,6.116527287989362,40.23056627286947,0.6824348560579233,0.6824348560579233,3.7922234659902374,1,17.58480920219585,17.58480920219585,12.220115377252341,12.220115377252341,2.0,2.0,2.0,,1993.0,18.0,18.0,0.8453781008720398,87.0,1619.0,"[{'epoch': 14, 'train_loss': 0.7904974222183228, 'validation_loss': 0.8874532580375671}, {'epoch': 15, 'train_loss': 0.7703762054443359, 'validation_loss': 0.8759379982948303}, {'epoch': 16, 'train_loss': 0.7520561814308167, 'validation_loss': 0.8651365041732788}, {'epoch': 17, 'train_loss': 0.7355065941810608, 'validation_loss': 0.8549782037734985}, {'epoch': 18, 'train_loss': 0.720664381980896, 'validation_loss': 0.8453781008720398}]"
stz_2h,Santa Tereza · 2 h,2,strict_common_cohort_causal,4,17_to_18,17,18,13,1993,87,32,2025-09-25T12:00:00,2026-06-29T08:00:00,20260919,True,N-BEATS experimental,pytorch-cpu,0.03468420007266104,32,5.727299320052126,7.602144902826405,3.6908109461335172,11.804155260774325,0.962392585170375,0.962392585170375,1.212631069474312,1,5.727299320052126,5.727299320052126,26.586418917143874,26.586418917143874,0.0,0.0,0.0,,1993.0,18.0,15.0,0.1409309208393097,87.0,20158.0,"[{'epoch': 14, 'train_loss': 0.1292532980442047, 'validation_loss': 0.14859844744205475}, {'epoch': 15, 'train_loss': 0.11944671720266342, 'validation_loss': 0.1409309208393097}, {'epoch': 16, 'train_loss': 0.10559000819921494, 'validation_loss': 0.14888499677181244}, {'epoch': 17, 'train_loss': 0.09895028173923492, 'validation_loss': 0.1644749641418457}, {'epoch': 18, 'train_loss': 0.10158275067806244, 'validation_loss': 0.16738374531269073}]"
stz_2h,Santa Tereza · 2 h,2,strict_common_cohort_causal,4,17_to_18,17,18,13,1993,87,32,2025-09-25T12:00:00,2026-06-29T08:00:00,20260919,True,N-HiTS-lite experimental,pytorch-cpu,0.018421599990688264,32,12.064231561451345,15.009957625659581,1.6198756967395962,26.033972142809073,0.8533911705306285,0.8533911705306285,2.57742502733743,1,12.064231561451345,12.064231561451345,25.561959865839185,25.561959865839185,0.0,0.0,0.0,,1993.0,18.0,18.0,0.4439125955104828,87.0,2353.0,"[{'epoch': 14, 'train_loss': 0.27805033326148987, 'validation_loss': 0.5500814318656921}, {'epoch': 15, 'train_loss': 0.27222928404808044, 'validation_loss': 0.5283940434455872}, {'epoch': 16, 'train_loss': 0.26174211502075195, 'validation_loss': 0.5026971697807312}, {'epoch': 17, 'train_loss': 0.24732977151870728, 'validation_loss': 0.4740823805332184}, {'epoch': 18, 'train_loss': 0.23044542968273163, 'validation_loss': 0.4439125955104828}]"
stz_2h,Santa Tereza · 2 h,2,strict_common_cohort_causal,4,17_to_18,17,18,13,1993,87,32,2025-09-25T12:00:00,2026-06-29T08:00:00,20260919,True,PatchTST experimental,pytorch-cpu,0.09918870008550584,32,8.713974512607942,10.733775131442584,7.790792949781066,19.879320120128945,0.9250267772708766,0.9250267772708766,1.8681538600873473,1,8.713974512607942,8.713974512607942,18.254139909319292,18.254139909319292,0.0,0.0,0.0,,1993.0,18.0,18.0,0.33925914764404297,87.0,9089.0,"[{'epoch': 14, 'train_loss': 0.42218121886253357, 'validation_loss': 0.40506511926651}, {'epoch': 15, 'train_loss': 0.41562965512275696, 'validation_loss': 0.3905731737613678}, {'epoch': 16, 'train_loss': 0.41014689207077026, 'validation_loss': 0.3761301040649414}, {'epoch': 17, 'train_loss': 0.4016658067703247, 'validation_loss': 0.358873575925827}, {'epoch': 18, 'train_loss': 0.38847073912620544, 'validation_loss': 0.33925914764404297}]"
stz_2h,Santa Tereza · 2 h,2,strict_common_cohort_causal,4,17_to_18,17,18,13,1993,87,32,2025-09-25T12:00:00,2026-06-29T08:00:00,20260919,True,TFT-lite experimental,pytorch-cpu,0.1989851000253111,32,13.230080108761216,17.025857267663476,3.625842430528225,28.951405775946874,0.811366349048547,0.811366349048547,2.8691524134552004,1,13.230080108761216,13.230080108761216,24.643513647955842,24.643513647955842,1.0,1.0,1.0,,1993.0,18.0,18.0,0.6101359128952026,87.0,11889.0,"[{'epoch': 14, 'train_loss': 0.4245655834674835, 'validation_loss': 0.6836922764778137}, {'epoch': 15, 'train_loss': 0.4110746383666992, 'validation_loss': 0.6617960333824158}, {'epoch': 16, 'train_loss': 0.3878031373023987, 'validation_loss': 0.6343923807144165}, {'epoch': 17, 'train_loss': 0.35658884048461914, 'validation_loss': 0.6143836379051208}, {'epoch': 18, 'train_loss': 0.3309133052825928, 'validation_loss': 0.6101359128952026}]"
stz_2h,Santa Tereza · 2 h,2,strict_common_cohort_causal,4,18_to_19,18,19,14,2080,32,98,2025-11-11T10:00:00,2026-07-02T10:00:00,20260919,True,Persistência,baseline,0.0,98,18.071428571428573,24.778405674197483,2.4183673469387754,48.0,0.9671530407271663,0.9671530407271663,3.054472853557965,1,18.071428571428573,18.071428571428573,0.0,0.0,2.0,2.0,2.0,,,,,,,,
stz_2h,Santa Tereza · 2 h,2,strict_common_cohort_causal,4,18_to_19,18,19,14,2080,32,98,2025-11-11T10:00:00,2026-07-02T10:00:00,20260919,True,Ridge,scikit-learn,0.0006438000127673149,98,5.168748536280224,6.641490570544076,2.3558390024973423,12.823851537704455,0.9976401762112918,0.9976401762112918,0.8891708463309287,1,5.168748536280224,5.168748536280224,11.06928825378418,11.06928825378418,1.0,1.0,1.0,[],2080.0,,,,,,
stz_2h,Santa Tereza · 2 h,2,strict_common_cohort_causal,4,18_to_19,18,19,14,2080,32,98,2025-11-11T10:00:00,2026-07-02T10:00:00,20260919,True,Elastic Net,scikit-learn,0.014351199963130057,98,4.741287090340439,6.352373113971134,1.1436342268573993,12.360365629196163,0.9978411600214327,0.9978411600214327,0.8109621777423717,1,4.741287090340439,4.741287090340439,9.32729721069336,9.32729721069336,1.0,1.0,1.0,[],2080.0,,,,,,
stz_2h,Santa Tereza · 2 h,2,strict_common_cohort_causal,4,18_to_19,18,19,14,2080,32,98,2025-11-11T10:00:00,2026-07-02T10:00:00,20260919,True,SVR,scikit-learn,0.30138499999884516,98,4.561708107624286,7.455133889740209,-0.3842410504374394,16.762105114486673,0.9970265588383838,0.9970265588383838,0.765934604702152,1,4.561708107624286,4.561708107624286,0.609085431004246,0.609085431004246,1.0,1.0,1.0,[],2080.0,,,,,,
stz_2h,Santa Tereza · 2 h,2,strict_common_cohort_causal,4,18_to_19,18,19,14,2080,32,98,2025-11-11T10:00:00,2026-07-02T10:00:00,20260919,True,MLP,scikit-learn,0.4854696999536827,98,5.8808068389795265,8.38885093076034,-0.9757596899052056,16.640396463871003,0.9962351003217167,0.9962351003217167,0.9602451538513825,1,5.8808068389795265,5.8808068389795265,9.225471496582031,9.225471496582031,1.0,1.0,1.0,[],2080.0,,,,,,
stz_2h,Santa Tereza · 2 h,2,strict_common_cohort_causal,4,18_to_19,18,19,14,2080,32,98,2025-11-11T10:00:00,2026-07-02T10:00:00,20260919,True,Random Forest,scikit-learn,4.526080699986778,98,4.185014308722103,5.892551056214527,0.08091322057620977,14.270946476863877,0.9981423873391769,0.9981423873391769,0.6973342754645292,1,4.185014308722103,4.185014308722103,10.059872707724935,10.059872707724935,1.0,1.0,1.0,[],2080.0,,,,,,
stz_2h,Santa Tereza · 2 h,2,strict_common_cohort_causal,4,18_to_19,18,19,14,2080,32,98,2025-11-11T10:00:00,2026-07-02T10:00:00,20260919,True,Extra Trees,scikit-learn,1.7211744000669569,98,4.0259536307352555,5.843324395544807,0.10520538982274391,12.965623159403489,0.9981732948707792,0.9981732948707792,0.6659622234781121,1,4.0259536307352555,4.0259536307352555,12.074886691984602,12.074886691984602,1.0,1.0,1.0,[],2080.0,,,,,,
stz_2h,Santa Tereza · 2 h,2,strict_common_cohort_causal,4,18_to_19,18,19,14,2080,32,98,2025-11-11T10:00:00,2026-07-02T10:00:00,20260919,True,HistGradientBoosting,scikit-learn,0.47446910000871867,98,3.7566778585949647,5.25870304844572,-0.16884599613298545,10.399672280836914,0.9985205314106538,0.9985205314106538,0.6275072719725887,1,3.7566778585949647,3.7566778585949647,5.6327590198606,5.6327590198606,1.0,1.0,1.0,[],2080.0,,,,,,
stz_2h,Santa Tereza · 2 h,2,strict_common_cohort_causal,4,18_to_19,18,19,14,2080,32,98,2025-11-11T10:00:00,2026-07-02T10:00:00,20260919,True,XGBoost,xgboost,0.4391507999971509,98,4.287255585193634,6.035243156770707,-0.149996106721917,13.438442039489741,0.9980513313486652,0.9980513313486652,0.7078992065458872,1,4.287255585193634,4.287255585193634,6.005842208862305,6.005842208862305,1.0,1.0,1.0,[],2080.0,,,,,,
stz_2h,Santa Tereza · 2 h,2,strict_common_cohort_causal,4,18_to_19,18,19,14,2080,32,98,2025-11-11T10:00:00,2026-07-02T10:00:00,20260919,True,LightGBM,lightgbm,0.3989012000383809,98,3.7977548903225244,5.402493892393782,-0.021918136783732948,11.416158888585585,0.9984385178527594,0.9984385178527594,0.6300797451913532,1,3.7977548903225244,3.7977548903225244,6.131113021331998,6.131113021331998,1.0,1.0,1.0,[],2080.0,,,,,,
stz_2h,Santa Tereza · 2 h,2,strict_common_cohort_causal,4,18_to_19,18,19,14,2080,32,98,2025-11-11T10:00:00,2026-07-02T10:00:00,20260919,True,CatBoost,catboost,4.899687300086953,98,4.144592251487822,5.768542839275882,0.18288012899322684,11.406459318232296,0.9982197512132559,0.9982197512132559,0.6916819629836083,1,4.144592251487822,4.144592251487822,6.978339621357804,6.978339621357804,1.0,1.0,1.0,[],2080.0,,,,,,
stz_2h,Santa Tereza · 2 h,2,strict_common_cohort_causal,4,18_to_19,18,19,14,2080,32,98,2025-11-11T10:00:00,2026-07-02T10:00:00,20260919,True,CNN-1D temporal,pytorch-cpu,0.05623440002091229,98,10.010798297518107,15.235734992935077,-0.3009436311023752,30.98843506951701,0.9875813246429548,0.9875813246429548,1.6141994020277495,1,10.010798297518107,10.010798297518107,0.619273023849928,0.619273023849928,2.0,2.0,2.0,,2080.0,18.0,18.0,0.06444575637578964,32.0,4609.0,"[{'epoch': 14, 'train_loss': 0.26689964532852173, 'validation_loss': 0.09476441890001297}, {'epoch': 15, 'train_loss': 0.2571711838245392, 'validation_loss': 0.0865706354379654}, {'epoch': 16, 'train_loss': 0.23963993787765503, 'validation_loss': 0.07827278226613998}, {'epoch': 17, 'train_loss': 0.2179223597049713, 'validation_loss': 0.07077324390411377}, {'epoch': 18, 'train_loss': 0.19593584537506104, 'validation_loss': 0.06444575637578964}]"
stz_2h,Santa Tereza · 2 h,2,strict_common_cohort_causal,4,18_to_19,18,19,14,2080,32,98,2025-11-11T10:00:00,2026-07-02T10:00:00,20260919,True,LSTM,pytorch-cpu,0.06622629996854812,98,12.26692956831348,17.008996743570066,1.7828482116245499,34.925661417978986,0.9845223204758775,0.9845223204758775,2.043233900215517,1,12.26692956831348,12.26692956831348,3.4252429204890404,3.4252429204890404,2.0,2.0,2.0,,2080.0,18.0,18.0,0.13298413157463074,32.0,6305.0,"[{'epoch': 14, 'train_loss': 0.5880134105682373, 'validation_loss': 0.14492440223693848}, {'epoch': 15, 'train_loss': 0.5617721080780029, 'validation_loss': 0.14034974575042725}, {'epoch': 16, 'train_loss': 0.5369378924369812, 'validation_loss': 0.13682521879673004}, {'epoch': 17, 'train_loss': 0.5136409997940063, 'validation_loss': 0.13437531888484955}, {'epoch': 18, 'train_loss': 0.49200010299682617, 'validation_loss': 0.13298413157463074}]"
stz_2h,Santa Tereza · 2 h,2,strict_common_cohort_causal,4,18_to_19,18,19,14,2080,32,98,2025-11-11T10:00:00,2026-07-02T10:00:00,20260919,True,GRU,pytorch-cpu,0.061919899890199304,98,12.357480121365555,16.95792658713831,0.03210311512142588,36.107317067234284,0.984615125578037,0.984615125578037,2.0125051496928927,1,12.357480121365555,12.357480121365555,4.546255663204079,4.546255663204079,2.0,2.0,2.0,,2080.0,18.0,11.0,0.11529481410980225,32.0,4737.0,"[{'epoch': 14, 'train_loss': 0.3654538094997406, 'validation_loss': 0.12105441093444824}, {'epoch': 15, 'train_loss': 0.35100728273391724, 'validation_loss': 0.12364046275615692}, {'epoch': 16, 'train_loss': 0.33891722559928894, 'validation_loss': 0.1256599873304367}, {'epoch': 17, 'train_loss': 0.3285787105560303, 'validation_loss': 0.12669870257377625}, {'epoch': 18, 'train_loss': 0.319444477558136, 'validation_loss': 0.12646174430847168}]"
stz_2h,Santa Tereza · 2 h,2,strict_common_cohort_causal,4,18_to_19,18,19,14,2080,32,98,2025-11-11T10:00:00,2026-07-02T10:00:00,20260919,True,TCN,pytorch-cpu,0.09461180004291236,98,9.556491012118675,14.163636669185905,0.005892204209149612,29.55938703994323,0.9892675713694798,0.9892675713694798,1.5822110495652864,1,9.556491012118675,9.556491012118675,4.166836064817403,4.166836064817403,2.0,2.0,2.0,,2080.0,18.0,18.0,0.08044151216745377,32.0,7713.0,"[{'epoch': 14, 'train_loss': 0.2740740180015564, 'validation_loss': 0.1056453138589859}, {'epoch': 15, 'train_loss': 0.24242235720157623, 'validation_loss': 0.09513028711080551}, {'epoch': 16, 'train_loss': 0.2102891504764557, 'validation_loss': 0.08730876445770264}, {'epoch': 17, 'train_loss': 0.1865309178829193, 'validation_loss': 0.08255846053361893}, {'epoch': 18, 'train_loss': 0.17432445287704468, 'validation_loss': 0.08044151216745377}]"
stz_2h,Santa Tereza · 2 h,2,strict_common_cohort_causal,4,18_to_19,18,19,14,2080,32,98,2025-11-11T10:00:00,2026-07-02T10:00:00,20260919,True,Seq2Seq · decoder 1 passo,pytorch-cpu,0.08686050004325807,98,12.430329534911737,17.222354858617756,2.2157933570087884,32.92526211522168,0.9841315860585178,0.9841315860585178,2.0973041691661662,1,12.430329534911737,12.430329534911737,0.3320403380064363,0.3320403380064363,2.0,2.0,2.0,,2080.0,18.0,18.0,0.16695693135261536,32.0,10785.0,"[{'epoch': 14, 'train_loss': 0.6836763024330139, 'validation_loss': 0.19985659420490265}, {'epoch': 15, 'train_loss': 0.6581555008888245, 'validation_loss': 0.1910324990749359}, {'epoch': 16, 'train_loss': 0.6328507661819458, 'validation_loss': 0.18250779807567596}, {'epoch': 17, 'train_loss': 0.607915461063385, 'validation_loss': 0.17442792654037476}, {'epoch': 18, 'train_loss': 0.5835403800010681, 'validation_loss': 0.16695693135261536}]"
stz_2h,Santa Tereza · 2 h,2,strict_common_cohort_causal,4,18_to_19,18,19,14,2080,32,98,2025-11-11T10:00:00,2026-07-02T10:00:00,20260919,True,Transformer temporal,pytorch-cpu,0.14827050000894815,98,8.424780294270134,12.009392392251918,2.0066993454184625,27.686792694746234,0.9922840301095639,0.9922840301095639,1.3606318100442956,1,8.424780294270134,8.424780294270134,28.30507382263636,28.30507382263636,1.0,1.0,1.0,,2080.0,18.0,18.0,0.05097007378935814,32.0,9217.0,"[{'epoch': 14, 'train_loss': 0.37481632828712463, 'validation_loss': 0.05576415732502937}, {'epoch': 15, 'train_loss': 0.36643874645233154, 'validation_loss': 0.05513537675142288}, {'epoch': 16, 'train_loss': 0.35912346839904785, 'validation_loss': 0.05479441210627556}, {'epoch': 17, 'train_loss': 0.3500819206237793, 'validation_loss': 0.05338658019900322}, {'epoch': 18, 'train_loss': 0.3381716012954712, 'validation_loss': 0.05097007378935814}]"
stz_2h,Santa Tereza · 2 h,2,strict_common_cohort_causal,4,18_to_19,18,19,14,2080,32,98,2025-11-11T10:00:00,2026-07-02T10:00:00,20260919,True,DLinear experimental,pytorch-cpu,0.017596099991351366,98,12.662355621501876,18.06705127561896,2.743948216593282,39.0543511253522,0.9825368329550158,0.9825368329550158,2.1329428420691765,1,12.662355621501876,12.662355621501876,2.1983011773545513,2.1983011773545513,1.0,1.0,1.0,,2080.0,18.0,18.0,0.12312879413366318,32.0,32.0,"[{'epoch': 14, 'train_loss': 0.3368692398071289, 'validation_loss': 0.13481353223323822}, {'epoch': 15, 'train_loss': 0.32541218400001526, 'validation_loss': 0.13185656070709229}, {'epoch': 16, 'train_loss': 0.31452521681785583, 'validation_loss': 0.12892675399780273}, {'epoch': 17, 'train_loss': 0.3041873574256897, 'validation_loss': 0.12601882219314575}, {'epoch': 18, 'train_loss': 0.2943763732910156, 'validation_loss': 0.12312879413366318}]"
stz_2h,Santa Tereza · 2 h,2,strict_common_cohort_causal,4,18_to_19,18,19,14,2080,32,98,2025-11-11T10:00:00,2026-07-02T10:00:00,20260919,True,NLinear experimental,pytorch-cpu,0.011487899930216372,98,18.330027581313104,23.703114395957503,2.6690596938058375,51.29787950819306,0.9699420554403292,0.9699420554403292,3.080897574741277,1,18.330027581313104,18.330027581313104,4.062120797113494,4.062120797113494,1.0,1.0,1.0,,2080.0,18.0,18.0,0.26236382126808167,32.0,61.0,"[{'epoch': 14, 'train_loss': 1.0180572271347046, 'validation_loss': 0.31543874740600586}, {'epoch': 15, 'train_loss': 0.9957306981086731, 'validation_loss': 0.3001564145088196}, {'epoch': 16, 'train_loss': 0.9754012823104858, 'validation_loss': 0.28625935316085815}, {'epoch': 17, 'train_loss': 0.9569608569145203, 'validation_loss': 0.2736847698688507}, {'epoch': 18, 'train_loss': 0.9402908086776733, 'validation_loss': 0.26236382126808167}]"
stz_2h,Santa Tereza · 2 h,2,strict_common_cohort_causal,4,18_to_19,18,19,14,2080,32,98,2025-11-11T10:00:00,2026-07-02T10:00:00,20260919,True,TSMixer experimental,pytorch-cpu,0.07830269995611161,98,17.590743192967,23.61227038847848,-6.08829071174027,44.813991230564646,0.9701720126947284,0.9701720126947284,2.8831724869151856,1,17.590743192967,17.590743192967,28.895348677306288,28.895348677306288,2.0,2.0,2.0,,2080.0,17.0,10.0,0.25983020663261414,32.0,1619.0,"[{'epoch': 13, 'train_loss': 0.8089496493339539, 'validation_loss': 0.2638764977455139}, {'epoch': 14, 'train_loss': 0.7870991230010986, 'validation_loss': 0.2670542001724243}, {'epoch': 15, 'train_loss': 0.767108142375946, 'validation_loss': 0.27105990052223206}, {'epoch': 16, 'train_loss': 0.7489327192306519, 'validation_loss': 0.2758174538612366}, {'epoch': 17, 'train_loss': 0.7325230836868286, 'validation_loss': 0.28124773502349854}]"
stz_2h,Santa Tereza · 2 h,2,strict_common_cohort_causal,4,18_to_19,18,19,14,2080,32,98,2025-11-11T10:00:00,2026-07-02T10:00:00,20260919,True,N-BEATS experimental,pytorch-cpu,0.056444400106556714,98,7.883019128835052,11.439630285844371,-0.7634282966842261,25.073942173753007,0.9929988008442888,0.9929988008442888,1.297892592410113,1,7.883019128835052,7.883019128835052,7.47270163149733,7.47270163149733,-1.0,1.0,1.0,,2080.0,18.0,14.0,0.031121665611863136,32.0,20158.0,"[{'epoch': 14, 'train_loss': 0.12992876768112183, 'validation_loss': 0.031121665611863136}, {'epoch': 15, 'train_loss': 0.1186399832367897, 'validation_loss': 0.03146261349320412}, {'epoch': 16, 'train_loss': 0.10545478016138077, 'validation_loss': 0.03380294516682625}, {'epoch': 17, 'train_loss': 0.10108248144388199, 'validation_loss': 0.03620961681008339}, {'epoch': 18, 'train_loss': 0.10385185480117798, 'validation_loss': 0.03572168946266174}]"
stz_2h,Santa Tereza · 2 h,2,strict_common_cohort_causal,4,18_to_19,18,19,14,2080,32,98,2025-11-11T10:00:00,2026-07-02T10:00:00,20260919,True,N-HiTS-lite experimental,pytorch-cpu,0.03157569991890341,98,10.380540106257307,13.892841855369209,2.8134161509523956,30.006897713350757,0.989674035247907,0.989674035247907,1.7497069770791895,1,10.380540106257307,10.380540106257307,7.054041352965783,7.054041352965783,2.0,2.0,2.0,,2080.0,18.0,18.0,0.12562303245067596,32.0,2353.0,"[{'epoch': 14, 'train_loss': 0.28476032614707947, 'validation_loss': 0.1599639654159546}, {'epoch': 15, 'train_loss': 0.2779932916164398, 'validation_loss': 0.150454580783844}, {'epoch': 16, 'train_loss': 0.26671385765075684, 'validation_loss': 0.14156492054462433}, {'epoch': 17, 'train_loss': 0.25168511271476746, 'validation_loss': 0.13332703709602356}, {'epoch': 18, 'train_loss': 0.234304741024971, 'validation_loss': 0.12562303245067596}]"
stz_2h,Santa Tereza · 2 h,2,strict_common_cohort_causal,4,18_to_19,18,19,14,2080,32,98,2025-11-11T10:00:00,2026-07-02T10:00:00,20260919,True,PatchTST experimental,pytorch-cpu,0.10507639998104423,98,11.21841763921842,15.95651737263749,1.50095542442304,39.933275284331366,0.9863785082142846,0.9863785082142846,1.8147998453639826,1,11.21841763921842,11.21841763921842,18.528009052172706,18.528009052172706,1.0,1.0,1.0,,2080.0,18.0,18.0,0.06981564313173294,32.0,9089.0,"[{'epoch': 14, 'train_loss': 0.41889506578445435, 'validation_loss': 0.07767315208911896}, {'epoch': 15, 'train_loss': 0.4132854640483856, 'validation_loss': 0.0733761191368103}, {'epoch': 16, 'train_loss': 0.4083285927772522, 'validation_loss': 0.07186323404312134}, {'epoch': 17, 'train_loss': 0.3998382091522217, 'validation_loss': 0.07081539183855057}, {'epoch': 18, 'train_loss': 0.3862666189670563, 'validation_loss': 0.06981564313173294}]"
stz_2h,Santa Tereza · 2 h,2,strict_common_cohort_causal,4,18_to_19,18,19,14,2080,32,98,2025-11-11T10:00:00,2026-07-02T10:00:00,20260919,True,TFT-lite experimental,pytorch-cpu,0.1851718999678269,98,12.06061987922181,17.162975296776033,0.6572865233871669,35.22914180505591,0.9842408202607691,0.9842408202607691,2.0190097923787333,1,12.06061987922181,12.06061987922181,6.455448325189195,6.455448325189195,2.0,2.0,2.0,,2080.0,18.0,17.0,0.1588297188282013,32.0,11889.0,"[{'epoch': 14, 'train_loss': 0.4301777184009552, 'validation_loss': 0.18294577300548553}, {'epoch': 15, 'train_loss': 0.41655606031417847, 'validation_loss': 0.17780400812625885}, {'epoch': 16, 'train_loss': 0.39306870102882385, 'validation_loss': 0.1658962219953537}, {'epoch': 17, 'train_loss': 0.36186495423316956, 'validation_loss': 0.1588297188282013}, {'epoch': 18, 'train_loss': 0.33643558621406555, 'validation_loss': 0.1641901284456253}]"
stz_2h,Santa Tereza · 2 h,2,strict_common_cohort_causal,4,19_to_20,19,20,15,2112,98,89,2026-06-30T15:00:00,2026-07-21T18:00:00,20260919,True,Persistência,baseline,0.0,89,58.29213483146067,84.53441556981593,-1.550561797752809,184.9999999999998,0.9551270225850061,0.9551270225850061,5.839005631266052,1,58.29213483146067,58.29213483146067,0.0,0.0,2.0,2.0,2.0,,,,,,,,
stz_2h,Santa Tereza · 2 h,2,strict_common_cohort_causal,4,19_to_20,19,20,15,2112,98,89,2026-06-30T15:00:00,2026-07-21T18:00:00,20260919,True,Ridge,scikit-learn,0.0006619000341743231,89,15.17016809040241,24.025690617358162,0.7480708146363162,46.24030914306639,0.9963753211107168,0.9963753211107168,1.6255647751509852,1,15.17016809040241,15.17016809040241,30.437030792236328,30.437030792236328,0.0,0.0,0.0,[],2112.0,,,,,,
stz_2h,Santa Tereza · 2 h,2,strict_common_cohort_causal,4,19_to_20,19,20,15,2112,98,89,2026-06-30T15:00:00,2026-07-21T18:00:00,20260919,True,Elastic Net,scikit-learn,0.011508199968375266,89,14.807043161285058,23.852531106483138,-0.13649100935860967,47.50172424316402,0.9964273808681023,0.9964273808681023,1.5929230844554318,1,14.807043161285058,14.807043161285058,28.975757598876953,28.975757598876953,0.0,0.0,0.0,[],2112.0,,,,,,
stz_2h,Santa Tereza · 2 h,2,strict_common_cohort_causal,4,19_to_20,19,20,15,2112,98,89,2026-06-30T15:00:00,2026-07-21T18:00:00,20260919,True,SVR,scikit-learn,0.2092492999508977,89,27.757720163922983,49.495820796847084,-10.226030813171612,111.96876474231046,0.9846165112216462,0.9846165112216462,2.6486165455271258,1,27.757720163922983,27.757720163922983,27.928343335761156,27.928343335761156,1.0,1.0,1.0,[],2112.0,,,,,,
stz_2h,Santa Tereza · 2 h,2,strict_common_cohort_causal,4,19_to_20,19,20,15,2112,98,89,2026-06-30T15:00:00,2026-07-21T18:00:00,20260919,True,MLP,scikit-learn,0.40514769998844713,89,17.074705117204218,25.45449111493747,5.234839636288332,54.66210784912101,0.9959313848121676,0.9959313848121676,1.7948431610670987,1,17.074705117204218,17.074705117204218,23.030136108398438,23.030136108398438,-1.0,1.0,1.0,[],2112.0,,,,,,
stz_2h,Santa Tereza · 2 h,2,strict_common_cohort_causal,4,19_to_20,19,20,15,2112,98,89,2026-06-30T15:00:00,2026-07-21T18:00:00,20260919,True,Random Forest,scikit-learn,4.379514200030826,89,15.081815754794587,23.98841020061493,1.1476079032957456,45.79153939201292,0.9963865611372489,0.9963865611372489,1.612495962685444,1,15.081815754794587,15.081815754794587,20.66183283744681,20.66183283744681,0.0,0.0,0.0,[],2112.0,,,,,,
stz_2h,Santa Tereza · 2 h,2,strict_common_cohort_causal,4,19_to_20,19,20,15,2112,98,89,2026-06-30T15:00:00,2026-07-21T18:00:00,20260919,True,Extra Trees,scikit-learn,1.6313403999665752,89,14.017444952841945,23.21959709941707,1.0207727620015308,44.054670520302196,0.9966144663307891,0.9966144663307891,1.5365894299423346,1,14.017444952841945,14.017444952841945,21.09668674072941,21.09668674072941,0.0,0.0,0.0,[],2112.0,,,,,,
stz_2h,Santa Tereza · 2 h,2,strict_common_cohort_causal,4,19_to_20,19,20,15,2112,98,89,2026-06-30T15:00:00,2026-07-21T18:00:00,20260919,True,HistGradientBoosting,scikit-learn,0.5011079999385402,89,17.53313140755172,25.686581170550692,4.578058624390443,62.115968421980774,0.9958568525779362,0.9958568525779362,1.7529497621714394,1,17.53313140755172,17.53313140755172,14.071018294238911,14.071018294238911,0.0,0.0,0.0,[],2112.0,,,,,,
stz_2h,Santa Tereza · 2 h,2,strict_common_cohort_causal,4,19_to_20,19,20,15,2112,98,89,2026-06-30T15:00:00,2026-07-21T18:00:00,20260919,True,XGBoost,xgboost,0.42712040001060814,89,15.737047524264689,25.56585518938547,2.368187054489436,52.9788452148437,0.9958957063364466,0.9958957063364466,1.6818204737132807,1,15.737047524264689,15.737047524264689,22.780128479003906,22.780128479003906,0.0,0.0,0.0,[],2112.0,,,,,,
stz_2h,Santa Tereza · 2 h,2,strict_common_cohort_causal,4,19_to_20,19,20,15,2112,98,89,2026-06-30T15:00:00,2026-07-21T18:00:00,20260919,True,LightGBM,lightgbm,0.3767948999302462,89,17.752358664836116,27.77305089643864,1.8708493843296317,49.81672265412172,0.9951564369448656,0.9951564369448656,1.8266037125966905,1,17.752358664836116,17.752358664836116,17.870739426736236,17.870739426736236,0.0,0.0,0.0,[],2112.0,,,,,,
stz_2h,Santa Tereza · 2 h,2,strict_common_cohort_causal,4,19_to_20,19,20,15,2112,98,89,2026-06-30T15:00:00,2026-07-21T18:00:00,20260919,True,CatBoost,catboost,4.722528100013733,89,14.11777607535871,23.001264765465542,0.3200593687023578,58.80974379293018,0.9966778348960866,0.9966778348960866,1.53877550811466,1,14.11777607535871,14.11777607535871,18.85656919970984,18.85656919970984,0.0,0.0,0.0,[],2112.0,,,,,,
stz_2h,Santa Tereza · 2 h,2,strict_common_cohort_causal,4,19_to_20,19,20,15,2112,98,89,2026-06-30T15:00:00,2026-07-21T18:00:00,20260919,True,CNN-1D temporal,pytorch-cpu,0.057572799967601895,89,17.499606390956302,27.761417361655035,0.06847180635065286,53.21285154836339,0.9951604938241804,0.9951604938241804,1.9369609634804683,1,17.499606390956302,17.499606390956302,19.28406616182815,19.28406616182815,-1.0,1.0,1.0,,2112.0,18.0,18.0,0.13887901604175568,98.0,4609.0,"[{'epoch': 14, 'train_loss': 0.2672642171382904, 'validation_loss': 0.18763555586338043}, {'epoch': 15, 'train_loss': 0.25776877999305725, 'validation_loss': 0.17770639061927795}, {'epoch': 16, 'train_loss': 0.24029019474983215, 'validation_loss': 0.1655818223953247}, {'epoch': 17, 'train_loss': 0.21852968633174896, 'validation_loss': 0.15215793251991272}, {'epoch': 18, 'train_loss': 0.19638735055923462, 'validation_loss': 0.13887901604175568}]"
stz_2h,Santa Tereza · 2 h,2,strict_common_cohort_causal,4,19_to_20,19,20,15,2112,98,89,2026-06-30T15:00:00,2026-07-21T18:00:00,20260919,True,LSTM,pytorch-cpu,0.06819430005270988,89,34.85578517063176,55.82313744167579,-5.3304229358194,120.14018507174669,0.9804320080503084,0.9804320080503084,3.7101088342114616,1,34.85578517063176,34.85578517063176,4.559841132787142,4.559841132787142,1.0,1.0,1.0,,2112.0,18.0,18.0,0.1726786345243454,98.0,6305.0,"[{'epoch': 14, 'train_loss': 0.5883901119232178, 'validation_loss': 0.1936662793159485}, {'epoch': 15, 'train_loss': 0.5622444152832031, 'validation_loss': 0.18677997589111328}, {'epoch': 16, 'train_loss': 0.5375134348869324, 'validation_loss': 0.18095603585243225}, {'epoch': 17, 'train_loss': 0.5143266320228577, 'validation_loss': 0.17624950408935547}, {'epoch': 18, 'train_loss': 0.49280115962028503, 'validation_loss': 0.1726786345243454}]"
stz_2h,Santa Tereza · 2 h,2,strict_common_cohort_causal,4,19_to_20,19,20,15,2112,98,89,2026-06-30T15:00:00,2026-07-21T18:00:00,20260919,True,GRU,pytorch-cpu,0.087986099999398,89,22.059468983776256,37.7242174580551,-8.339341274587415,71.31003231854247,0.9910636893602023,0.9910636893602023,2.5439451196654,1,22.059468983776256,22.059468983776256,5.939446267658695,5.939446267658695,1.0,1.0,1.0,,2112.0,18.0,18.0,0.16373814642429352,98.0,4737.0,"[{'epoch': 14, 'train_loss': 0.36663034558296204, 'validation_loss': 0.16642634570598602}, {'epoch': 15, 'train_loss': 0.352231502532959, 'validation_loss': 0.16617996990680695}, {'epoch': 16, 'train_loss': 0.3401617705821991, 'validation_loss': 0.1659005880355835}, {'epoch': 17, 'train_loss': 0.3298170566558838, 'validation_loss': 0.16519120335578918}, {'epoch': 18, 'train_loss': 0.3206517994403839, 'validation_loss': 0.16373814642429352}]"
stz_2h,Santa Tereza · 2 h,2,strict_common_cohort_causal,4,19_to_20,19,20,15,2112,98,89,2026-06-30T15:00:00,2026-07-21T18:00:00,20260919,True,TCN,pytorch-cpu,0.10278710001148283,89,18.451815279109315,30.998348876979385,-2.60492568820622,63.306732745387244,0.9939661445548003,0.9939661445548003,2.0376516366935724,1,18.451815279109315,18.451815279109315,10.215465434566795,10.215465434566795,-1.0,1.0,1.0,,2112.0,18.0,18.0,0.11932379752397537,98.0,7713.0,"[{'epoch': 14, 'train_loss': 0.27434608340263367, 'validation_loss': 0.1752186417579651}, {'epoch': 15, 'train_loss': 0.24270178377628326, 'validation_loss': 0.15755225718021393}, {'epoch': 16, 'train_loss': 0.21039623022079468, 'validation_loss': 0.1412562131881714}, {'epoch': 17, 'train_loss': 0.1865721046924591, 'validation_loss': 0.12848696112632751}, {'epoch': 18, 'train_loss': 0.17448796331882477, 'validation_loss': 0.11932379752397537}]"
stz_2h,Santa Tereza · 2 h,2,strict_common_cohort_causal,4,19_to_20,19,20,15,2112,98,89,2026-06-30T15:00:00,2026-07-21T18:00:00,20260919,True,Seq2Seq · decoder 1 passo,pytorch-cpu,0.10012890002690256,89,39.880198609691654,62.35389322832127,-4.615648790744751,136.26321893064517,0.9755856634067044,0.9755856634067044,4.190628409794004,1,39.880198609691654,39.880198609691654,12.634098460399855,12.634098460399855,1.0,1.0,1.0,,2112.0,18.0,18.0,0.1767759770154953,98.0,10785.0,"[{'epoch': 14, 'train_loss': 0.6841844320297241, 'validation_loss': 0.21318240463733673}, {'epoch': 15, 'train_loss': 0.6586872339248657, 'validation_loss': 0.20325754582881927}, {'epoch': 16, 'train_loss': 0.6334092020988464, 'validation_loss': 0.1937628835439682}, {'epoch': 17, 'train_loss': 0.6085055470466614, 'validation_loss': 0.18487197160720825}, {'epoch': 18, 'train_loss': 0.5841684341430664, 'validation_loss': 0.1767759770154953}]"
stz_2h,Santa Tereza · 2 h,2,strict_common_cohort_causal,4,19_to_20,19,20,15,2112,98,89,2026-06-30T15:00:00,2026-07-21T18:00:00,20260919,True,Transformer temporal,pytorch-cpu,0.1373660999815911,89,27.514942717003844,46.7256044197776,-2.77021195365983,105.41339798652652,0.9862903100347409,0.9862903100347409,2.8083442256877684,1,27.514942717003844,27.514942717003844,22.82803434109178,22.82803434109178,1.0,1.0,1.0,,2112.0,18.0,18.0,0.08586334437131882,98.0,9217.0,"[{'epoch': 14, 'train_loss': 0.3761981427669525, 'validation_loss': 0.10004691034555435}, {'epoch': 15, 'train_loss': 0.368010014295578, 'validation_loss': 0.0953119695186615}, {'epoch': 16, 'train_loss': 0.36068281531333923, 'validation_loss': 0.09201622754335403}, {'epoch': 17, 'train_loss': 0.35148322582244873, 'validation_loss': 0.08892813324928284}, {'epoch': 18, 'train_loss': 0.3393704891204834, 'validation_loss': 0.08586334437131882}]"
stz_2h,Santa Tereza · 2 h,2,strict_common_cohort_causal,4,19_to_20,19,20,15,2112,98,89,2026-06-30T15:00:00,2026-07-21T18:00:00,20260919,True,DLinear experimental,pytorch-cpu,0.009864499908871949,89,26.820981166503604,39.559059315741386,1.9244517043893385,98.7813309891853,0.9901732549298083,0.9901732549298083,2.7900850048312686,1,26.820981166503604,26.820981166503604,21.350334985792642,21.350334985792642,0.0,0.0,0.0,,2112.0,18.0,18.0,0.19387869536876678,98.0,32.0,"[{'epoch': 14, 'train_loss': 0.33693331480026245, 'validation_loss': 0.22444084286689758}, {'epoch': 15, 'train_loss': 0.32548847794532776, 'validation_loss': 0.21646183729171753}, {'epoch': 16, 'train_loss': 0.31461215019226074, 'validation_loss': 0.2087126523256302}, {'epoch': 17, 'train_loss': 0.30428361892700195, 'validation_loss': 0.20118702948093414}, {'epoch': 18, 'train_loss': 0.2944807708263397, 'validation_loss': 0.19387869536876678}]"
stz_2h,Santa Tereza · 2 h,2,strict_common_cohort_causal,4,19_to_20,19,20,15,2112,98,89,2026-06-30T15:00:00,2026-07-21T18:00:00,20260919,True,NLinear experimental,pytorch-cpu,0.0070148000959306955,89,58.26459276164634,80.77881539391775,-1.148342645478903,161.32425280344836,0.9590255872534434,0.9590255872534434,5.795011251017181,1,58.26459276164634,58.26459276164634,44.18642775311082,44.18642775311082,2.0,2.0,2.0,,2112.0,18.0,18.0,0.3342451751232147,98.0,61.0,"[{'epoch': 14, 'train_loss': 1.0176368951797485, 'validation_loss': 0.36479875445365906}, {'epoch': 15, 'train_loss': 0.9951921105384827, 'validation_loss': 0.3548900783061981}, {'epoch': 16, 'train_loss': 0.9747516512870789, 'validation_loss': 0.3465768098831177}, {'epoch': 17, 'train_loss': 0.9562081694602966, 'validation_loss': 0.33973830938339233}, {'epoch': 18, 'train_loss': 0.9394426941871643, 'validation_loss': 0.3342451751232147}]"
stz_2h,Santa Tereza · 2 h,2,strict_common_cohort_causal,4,19_to_20,19,20,15,2112,98,89,2026-06-30T15:00:00,2026-07-21T18:00:00,20260919,True,TSMixer experimental,pytorch-cpu,0.055990700027905405,89,41.59719301494205,70.66186376156365,-16.810507545153417,164.34049889493525,0.9686463609722653,0.9686463609722653,4.170029846951209,1,41.59719301494205,41.59719301494205,11.341504975695216,11.341504975695216,2.0,2.0,2.0,,2112.0,18.0,18.0,0.22382214665412903,98.0,1619.0,"[{'epoch': 14, 'train_loss': 0.7870286703109741, 'validation_loss': 0.2657153308391571}, {'epoch': 15, 'train_loss': 0.7672319412231445, 'validation_loss': 0.25311049818992615}, {'epoch': 16, 'train_loss': 0.7492390275001526, 'validation_loss': 0.24196241796016693}, {'epoch': 17, 'train_loss': 0.7330024838447571, 'validation_loss': 0.23222115635871887}, {'epoch': 18, 'train_loss': 0.7184523344039917, 'validation_loss': 0.22382214665412903}]"
stz_2h,Santa Tereza · 2 h,2,strict_common_cohort_causal,4,19_to_20,19,20,15,2112,98,89,2026-06-30T15:00:00,2026-07-21T18:00:00,20260919,True,N-BEATS experimental,pytorch-cpu,0.034067200031131506,89,15.029722006010434,22.438214545340056,-1.9156973592628552,41.52701888586114,0.9968384913795247,0.9968384913795247,1.5735419599851526,1,15.029722006010434,15.029722006010434,3.652806739975631,3.652806739975631,-2.0,2.0,2.0,,2112.0,18.0,18.0,0.06729037314653397,98.0,20158.0,"[{'epoch': 14, 'train_loss': 0.12979599833488464, 'validation_loss': 0.07870160788297653}, {'epoch': 15, 'train_loss': 0.11862260848283768, 'validation_loss': 0.07570654153823853}, {'epoch': 16, 'train_loss': 0.10544741898775101, 'validation_loss': 0.07375488430261612}, {'epoch': 17, 'train_loss': 0.10090315341949463, 'validation_loss': 0.07200421392917633}, {'epoch': 18, 'train_loss': 0.10343746840953827, 'validation_loss': 0.06729037314653397}]"
stz_2h,Santa Tereza · 2 h,2,strict_common_cohort_causal,4,19_to_20,19,20,15,2112,98,89,2026-06-30T15:00:00,2026-07-21T18:00:00,20260919,True,N-HiTS-lite experimental,pytorch-cpu,0.01855110004544258,89,19.092963295485692,32.38337348137459,5.7421670912681675,85.62305774076964,0.9934149063584352,0.9934149063584352,2.1466768570413413,1,19.092963295485692,19.092963295485692,7.128390691441382,7.128390691441382,1.0,1.0,1.0,,2112.0,18.0,18.0,0.11527534574270248,98.0,2353.0,"[{'epoch': 14, 'train_loss': 0.285759836435318, 'validation_loss': 0.1410466730594635}, {'epoch': 15, 'train_loss': 0.27891987562179565, 'validation_loss': 0.13572046160697937}, {'epoch': 16, 'train_loss': 0.26757287979125977, 'validation_loss': 0.12937186658382416}, {'epoch': 17, 'train_loss': 0.25248295068740845, 'validation_loss': 0.1224088966846466}, {'epoch': 18, 'train_loss': 0.23504284024238586, 'validation_loss': 0.11527534574270248}]"
stz_2h,Santa Tereza · 2 h,2,strict_common_cohort_causal,4,19_to_20,19,20,15,2112,98,89,2026-06-30T15:00:00,2026-07-21T18:00:00,20260919,True,PatchTST experimental,pytorch-cpu,0.10218370007351041,89,33.29926304832443,53.686699231162734,-2.378519796899653,129.63464538657433,0.981901141496099,0.981901141496099,3.3386669659274686,1,33.29926304832443,33.29926304832443,20.09862015343151,20.09862015343151,1.0,1.0,1.0,,2112.0,18.0,15.0,0.1417636126279831,98.0,9089.0,"[{'epoch': 14, 'train_loss': 0.4192335903644562, 'validation_loss': 0.1441347897052765}, {'epoch': 15, 'train_loss': 0.41414275765419006, 'validation_loss': 0.1417636126279831}, {'epoch': 16, 'train_loss': 0.4094081223011017, 'validation_loss': 0.14315788447856903}, {'epoch': 17, 'train_loss': 0.40081658959388733, 'validation_loss': 0.14658991992473602}, {'epoch': 18, 'train_loss': 0.386959433555603, 'validation_loss': 0.1517593115568161}]"
stz_2h,Santa Tereza · 2 h,2,strict_common_cohort_causal,4,19_to_20,19,20,15,2112,98,89,2026-06-30T15:00:00,2026-07-21T18:00:00,20260919,True,TFT-lite experimental,pytorch-cpu,0.18634889996610582,89,24.555701624063136,41.52494770727165,-6.278203192899674,79.96478194814318,0.9891723061865931,0.9891723061865931,2.7892903351196723,1,24.555701624063136,24.555701624063136,20.046820458527236,20.046820458527236,-1.0,1.0,1.0,,2112.0,18.0,17.0,0.17541314661502838,98.0,11889.0,"[{'epoch': 14, 'train_loss': 0.4317370653152466, 'validation_loss': 0.20474249124526978}, {'epoch': 15, 'train_loss': 0.418178915977478, 'validation_loss': 0.19770266115665436}, {'epoch': 16, 'train_loss': 0.394767701625824, 'validation_loss': 0.183797687292099}, {'epoch': 17, 'train_loss': 0.3636126220226288, 'validation_loss': 0.17541314661502838}, {'epoch': 18, 'train_loss': 0.3381716012954712, 'validation_loss': 0.18049348890781403}]"
stz_2h,Santa Tereza · 2 h,2,strict_common_cohort_causal,4,20_to_21,20,21,16,2210,89,61,2026-07-06T11:00:00,2026-07-28T09:00:00,20260919,True,Persistência,baseline,0.0,61,46.39344262295082,56.80221653490899,-12.131147540983607,106.0,0.9390216288314531,0.9390216288314531,5.056477438215173,1,46.39344262295082,46.39344262295082,0.0,0.0,2.0,2.0,2.0,,,,,,,,
stz_2h,Santa Tereza · 2 h,2,strict_common_cohort_causal,4,20_to_21,20,21,16,2210,89,61,2026-07-06T11:00:00,2026-07-28T09:00:00,20260919,True,Ridge,scikit-learn,0.0007604999700561166,61,15.330795528458767,21.24808890466398,0.15241390564402596,44.54269790649414,0.9914673289522694,0.9914673289522694,1.7488663771688073,1,15.330795528458767,15.330795528458767,4.98589563369751,4.98589563369751,2.0,2.0,2.0,[],2210.0,,,,,,
stz_2h,Santa Tereza · 2 h,2,strict_common_cohort_causal,4,20_to_21,20,21,16,2210,89,61,2026-07-06T11:00:00,2026-07-28T09:00:00,20260919,True,Elastic Net,scikit-learn,0.014321799972094595,61,14.990651249885559,21.2947437047252,-0.5358432922206942,45.77545928955078,0.9914298171449573,0.9914298171449573,1.725420934497698,1,14.990651249885559,14.990651249885559,4.971798896789551,4.971798896789551,1.0,1.0,1.0,[],2210.0,,,,,,
stz_2h,Santa Tereza · 2 h,2,strict_common_cohort_causal,4,20_to_21,20,21,16,2210,89,61,2026-07-06T11:00:00,2026-07-28T09:00:00,20260919,True,SVR,scikit-learn,0.3294426000211388,61,11.664394213831377,16.455152009377535,-0.09727777222483978,39.302388851980595,0.9948826037036795,0.9948826037036795,1.304568740295762,1,11.664394213831377,11.664394213831377,7.030120334705771,7.030120334705771,1.0,1.0,1.0,[],2210.0,,,,,,
stz_2h,Santa Tereza · 2 h,2,strict_common_cohort_causal,4,20_to_21,20,21,16,2210,89,61,2026-07-06T11:00:00,2026-07-28T09:00:00,20260919,True,MLP,scikit-learn,0.6343211000785232,61,14.080894235704767,20.238660902714848,-1.8706352827978916,37.944759368896484,0.9922587908529436,0.9922587908529436,1.572768694278438,1,14.080894235704767,14.080894235704767,9.12841796875,9.12841796875,0.0,0.0,0.0,[],2210.0,,,,,,
stz_2h,Santa Tereza · 2 h,2,strict_common_cohort_causal,4,20_to_21,20,21,16,2210,89,61,2026-07-06T11:00:00,2026-07-28T09:00:00,20260919,True,Random Forest,scikit-learn,4.410155800054781,61,13.885750627300599,19.686258599105383,1.6546672654689876,37.63046563415696,0.9926756072387116,0.9926756072387116,1.5613542436454941,1,13.885750627300599,13.885750627300599,3.535308673732061,3.535308673732061,2.0,2.0,2.0,[],2210.0,,,,,,
stz_2h,Santa Tereza · 2 h,2,strict_common_cohort_causal,4,20_to_21,20,21,16,2210,89,61,2026-07-06T11:00:00,2026-07-28T09:00:00,20260919,True,Extra Trees,scikit-learn,1.6892329000402242,61,13.528972441105687,19.568513407540177,1.6262073136537287,41.17727255295085,0.9927629608559063,0.9927629608559063,1.5297842923832183,1,13.528972441105687,13.528972441105687,2.4861530404755285,2.4861530404755285,2.0,2.0,2.0,[],2210.0,,,,,,
stz_2h,Santa Tereza · 2 h,2,strict_common_cohort_causal,4,20_to_21,20,21,16,2210,89,61,2026-07-06T11:00:00,2026-07-28T09:00:00,20260919,True,HistGradientBoosting,scikit-learn,0.4605156999314204,61,15.27705031184857,28.72725053976552,2.5626903031590764,43.35033252800747,0.984403276342665,0.984403276342665,1.731841303882761,1,15.27705031184857,15.27705031184857,3.6737717298583448,3.6737717298583448,1.0,1.0,1.0,[],2210.0,,,,,,
stz_2h,Santa Tereza · 2 h,2,strict_common_cohort_causal,4,20_to_21,20,21,16,2210,89,61,2026-07-06T11:00:00,2026-07-28T09:00:00,20260919,True,XGBoost,xgboost,0.44212220003828406,61,13.107505860875865,17.998602281815774,0.9020029599549341,40.26781463623047,0.9938775842985722,0.9938775842985722,1.4774857585623629,1,13.107505860875865,13.107505860875865,5.3239593505859375,5.3239593505859375,2.0,2.0,2.0,[],2210.0,,,,,,
stz_2h,Santa Tereza · 2 h,2,strict_common_cohort_causal,4,20_to_21,20,21,16,2210,89,61,2026-07-06T11:00:00,2026-07-28T09:00:00,20260919,True,LightGBM,lightgbm,0.41514019994065166,61,12.32833024358496,18.97982683552661,0.3791026663152004,29.920921342698648,0.9931918401373102,0.9931918401373102,1.3995505738300003,1,12.32833024358496,12.32833024358496,2.0430461190971982,2.0430461190971982,1.0,1.0,1.0,[],2210.0,,,,,,
stz_2h,Santa Tereza · 2 h,2,strict_common_cohort_causal,4,20_to_21,20,21,16,2210,89,61,2026-07-06T11:00:00,2026-07-28T09:00:00,20260919,True,CatBoost,catboost,4.494371899985708,61,13.742240127338357,19.688278156280436,-0.00377860764551695,43.092825382426554,0.9926741043844628,0.9926741043844628,1.5829173806833026,1,13.742240127338357,13.742240127338357,4.273336868969636,4.273336868969636,-1.0,1.0,1.0,[],2210.0,,,,,,
stz_2h,Santa Tereza · 2 h,2,strict_common_cohort_causal,4,20_to_21,20,21,16,2210,89,61,2026-07-06T11:00:00,2026-07-28T09:00:00,20260919,True,CNN-1D temporal,pytorch-cpu,0.07329420000314713,61,19.999318941034975,28.798833680062554,-5.373491490588065,51.62136937936839,0.9843254510410069,0.9843254510410069,2.248536471124485,1,19.999318941034975,19.999318941034975,2.032699003898415,2.032699003898415,1.0,1.0,1.0,,2210.0,18.0,18.0,0.4734138250350952,89.0,4609.0,"[{'epoch': 14, 'train_loss': 0.26999273896217346, 'validation_loss': 0.7069979310035706}, {'epoch': 15, 'train_loss': 0.2600715756416321, 'validation_loss': 0.6501290202140808}, {'epoch': 16, 'train_loss': 0.24235118925571442, 'validation_loss': 0.5826361775398254}, {'epoch': 17, 'train_loss': 0.2204606533050537, 'validation_loss': 0.5193889737129211}, {'epoch': 18, 'train_loss': 0.19813233613967896, 'validation_loss': 0.4734138250350952}]"
stz_2h,Santa Tereza · 2 h,2,strict_common_cohort_causal,4,20_to_21,20,21,16,2210,89,61,2026-07-06T11:00:00,2026-07-28T09:00:00,20260919,True,LSTM,pytorch-cpu,0.07441920007113367,61,23.837981798228583,32.754100009432385,-10.862900097633126,58.905005928297214,0.9797242655430617,0.9797242655430617,2.6638477626546107,1,23.837981798228583,23.837981798228583,8.630075048762592,8.630075048762592,1.0,1.0,1.0,,2210.0,18.0,18.0,1.9302269220352173,89.0,6305.0,"[{'epoch': 14, 'train_loss': 0.5909834504127502, 'validation_loss': 2.4372384548187256}, {'epoch': 15, 'train_loss': 0.5649437308311462, 'validation_loss': 2.3040237426757812}, {'epoch': 16, 'train_loss': 0.5403181910514832, 'validation_loss': 2.1745493412017822}, {'epoch': 17, 'train_loss': 0.5172374844551086, 'validation_loss': 2.049659490585327}, {'epoch': 18, 'train_loss': 0.49581989645957947, 'validation_loss': 1.9302269220352173}]"
stz_2h,Santa Tereza · 2 h,2,strict_common_cohort_causal,4,20_to_21,20,21,16,2210,89,61,2026-07-06T11:00:00,2026-07-28T09:00:00,20260919,True,GRU,pytorch-cpu,0.079719900037162,61,16.937951643884777,22.960522007121387,-7.369814365151087,38.74064936689388,0.9900365724218835,0.9900365724218835,1.8356942673523433,1,16.937951643884777,16.937951643884777,4.5474559333554225,4.5474559333554225,1.0,1.0,1.0,,2210.0,18.0,18.0,0.8920268416404724,89.0,4737.0,"[{'epoch': 14, 'train_loss': 0.36998870968818665, 'validation_loss': 1.1556419134140015}, {'epoch': 15, 'train_loss': 0.3554816246032715, 'validation_loss': 1.0731474161148071}, {'epoch': 16, 'train_loss': 0.34328693151474, 'validation_loss': 1.0027254819869995}, {'epoch': 17, 'train_loss': 0.33281001448631287, 'validation_loss': 0.9428313374519348}, {'epoch': 18, 'train_loss': 0.3235129415988922, 'validation_loss': 0.8920268416404724}]"
stz_2h,Santa Tereza · 2 h,2,strict_common_cohort_causal,4,20_to_21,20,21,16,2210,89,61,2026-07-06T11:00:00,2026-07-28T09:00:00,20260919,True,TCN,pytorch-cpu,0.10372989997267723,61,19.94752181001475,28.918053338199286,-7.367775622841842,71.31147577868569,0.9841954053326202,0.9841954053326202,2.288635572453256,1,19.94752181001475,19.94752181001475,1.2258069305382833,1.2258069305382833,1.0,1.0,1.0,,2210.0,18.0,16.0,0.5590166449546814,89.0,7713.0,"[{'epoch': 14, 'train_loss': 0.2774946093559265, 'validation_loss': 0.6911818981170654}, {'epoch': 15, 'train_loss': 0.2458181530237198, 'validation_loss': 0.6054114699363708}, {'epoch': 16, 'train_loss': 0.2132936716079712, 'validation_loss': 0.5590166449546814}, {'epoch': 17, 'train_loss': 0.18901467323303223, 'validation_loss': 0.5626094341278076}, {'epoch': 18, 'train_loss': 0.17639212310314178, 'validation_loss': 0.5916228294372559}]"
stz_2h,Santa Tereza · 2 h,2,strict_common_cohort_causal,4,20_to_21,20,21,16,2210,89,61,2026-07-06T11:00:00,2026-07-28T09:00:00,20260919,True,Seq2Seq · decoder 1 passo,pytorch-cpu,0.09190579992718995,61,27.451318652991826,37.804640600939614,-10.786318446050897,72.65657224155905,0.9729893223059332,0.9729893223059332,3.097078555252369,1,27.451318652991826,27.451318652991826,7.581990673037126,7.581990673037126,1.0,1.0,1.0,,2210.0,18.0,18.0,2.398305892944336,89.0,10785.0,"[{'epoch': 14, 'train_loss': 0.6852405667304993, 'validation_loss': 2.8560922145843506}, {'epoch': 15, 'train_loss': 0.6597997546195984, 'validation_loss': 2.7422845363616943}, {'epoch': 16, 'train_loss': 0.6345807313919067, 'validation_loss': 2.6277737617492676}, {'epoch': 17, 'train_loss': 0.6097424626350403, 'validation_loss': 2.5129427909851074}, {'epoch': 18, 'train_loss': 0.5854800939559937, 'validation_loss': 2.398305892944336}]"
stz_2h,Santa Tereza · 2 h,2,strict_common_cohort_causal,4,20_to_21,20,21,16,2210,89,61,2026-07-06T11:00:00,2026-07-28T09:00:00,20260919,True,Transformer temporal,pytorch-cpu,0.1482128999195993,61,16.96573403894738,22.372894036419563,3.1625175571171806,35.26798024772029,0.9905400337986326,0.9905400337986326,1.8470585109728501,1,16.96573403894738,16.96573403894738,25.143708538241754,25.143708538241754,1.0,1.0,1.0,,2210.0,18.0,18.0,1.3663822412490845,89.0,9217.0,"[{'epoch': 14, 'train_loss': 0.3779976963996887, 'validation_loss': 1.5398966073989868}, {'epoch': 15, 'train_loss': 0.37021514773368835, 'validation_loss': 1.5322844982147217}, {'epoch': 16, 'train_loss': 0.3632214665412903, 'validation_loss': 1.4997440576553345}, {'epoch': 17, 'train_loss': 0.35425645112991333, 'validation_loss': 1.442827582359314}, {'epoch': 18, 'train_loss': 0.34230858087539673, 'validation_loss': 1.3663822412490845}]"
stz_2h,Santa Tereza · 2 h,2,strict_common_cohort_causal,4,20_to_21,20,21,16,2210,89,61,2026-07-06T11:00:00,2026-07-28T09:00:00,20260919,True,DLinear experimental,pytorch-cpu,0.00980530004017055,61,26.126928819208548,32.39401645966727,-0.42992057095519526,71.44835509390089,0.9801676193058799,0.9801676193058799,2.7514488245484574,1,26.126928819208548,26.126928819208548,21.369253276003292,21.369253276003292,-1.0,1.0,1.0,,2210.0,18.0,18.0,0.9567528963088989,89.0,32.0,"[{'epoch': 14, 'train_loss': 0.33985501527786255, 'validation_loss': 1.1183668375015259}, {'epoch': 15, 'train_loss': 0.3281986713409424, 'validation_loss': 1.0745543241500854}, {'epoch': 16, 'train_loss': 0.31711941957473755, 'validation_loss': 1.0330594778060913}, {'epoch': 17, 'train_loss': 0.3065967857837677, 'validation_loss': 0.9938163161277771}, {'epoch': 18, 'train_loss': 0.2966088354587555, 'validation_loss': 0.9567528963088989}]"
stz_2h,Santa Tereza · 2 h,2,strict_common_cohort_causal,4,20_to_21,20,21,16,2210,89,61,2026-07-06T11:00:00,2026-07-28T09:00:00,20260919,True,NLinear experimental,pytorch-cpu,0.006443699938245118,61,45.49036745646378,52.91108080784358,-11.494596319196292,94.74910948505556,0.9470899077020446,0.9470899077020446,4.8941816771789854,1,45.49036745646378,45.49036745646378,6.477299542814535,6.477299542814535,3.0,3.0,3.0,,2210.0,18.0,18.0,3.9968764781951904,89.0,61.0,"[{'epoch': 14, 'train_loss': 1.0166590213775635, 'validation_loss': 4.161515712738037}, {'epoch': 15, 'train_loss': 0.994225025177002, 'validation_loss': 4.115649700164795}, {'epoch': 16, 'train_loss': 0.9738132357597351, 'validation_loss': 4.073099613189697}, {'epoch': 17, 'train_loss': 0.9553148746490479, 'validation_loss': 4.033601760864258}, {'epoch': 18, 'train_loss': 0.9386100172996521, 'validation_loss': 3.9968764781951904}]"
stz_2h,Santa Tereza · 2 h,2,strict_common_cohort_causal,4,20_to_21,20,21,16,2210,89,61,2026-07-06T11:00:00,2026-07-28T09:00:00,20260919,True,TSMixer experimental,pytorch-cpu,0.06177710008341819,61,31.97562062096128,43.52328147518278,-23.79145418571305,82.87624522148246,0.9641995473975535,0.9641995473975535,3.504402704944296,1,31.97562062096128,31.97562062096128,22.48259507969533,22.48259507969533,2.0,2.0,2.0,,2210.0,18.0,18.0,3.0685720443725586,89.0,1619.0,"[{'epoch': 14, 'train_loss': 0.786375880241394, 'validation_loss': 3.2404537200927734}, {'epoch': 15, 'train_loss': 0.7665137648582458, 'validation_loss': 3.1938283443450928}, {'epoch': 16, 'train_loss': 0.7484865784645081, 'validation_loss': 3.149656057357788}, {'epoch': 17, 'train_loss': 0.7322330474853516, 'validation_loss': 3.107938528060913}, {'epoch': 18, 'train_loss': 0.7176864147186279, 'validation_loss': 3.0685720443725586}]"
stz_2h,Santa Tereza · 2 h,2,strict_common_cohort_causal,4,20_to_21,20,21,16,2210,89,61,2026-07-06T11:00:00,2026-07-28T09:00:00,20260919,True,N-BEATS experimental,pytorch-cpu,0.03416879998985678,61,15.346639476716067,23.90151027767296,-3.2912899907757684,40.17587367176077,0.9892031780136246,0.9892031780136246,1.6700088888822147,1,15.346639476716067,15.346639476716067,1.3078838045560133,1.3078838045560133,2.0,2.0,2.0,,2210.0,18.0,16.0,0.3043670952320099,89.0,20158.0,"[{'epoch': 14, 'train_loss': 0.12927000224590302, 'validation_loss': 0.44114500284194946}, {'epoch': 15, 'train_loss': 0.117682546377182, 'validation_loss': 0.3514624536037445}, {'epoch': 16, 'train_loss': 0.10510976612567902, 'validation_loss': 0.3043670952320099}, {'epoch': 17, 'train_loss': 0.10162696987390518, 'validation_loss': 0.3057897686958313}, {'epoch': 18, 'train_loss': 0.10437038540840149, 'validation_loss': 0.3109416663646698}]"
stz_2h,Santa Tereza · 2 h,2,strict_common_cohort_causal,4,20_to_21,20,21,16,2210,89,61,2026-07-06T11:00:00,2026-07-28T09:00:00,20260919,True,N-HiTS-lite experimental,pytorch-cpu,0.03738939994946122,61,19.217048354277846,30.477879013769204,0.4997714175636631,74.73765248488735,0.9824444380869746,0.9824444380869746,2.1831695327211023,1,19.217048354277846,19.217048354277846,2.350414080301789,2.350414080301789,1.0,1.0,1.0,,2210.0,18.0,18.0,0.6448609232902527,89.0,2353.0,"[{'epoch': 14, 'train_loss': 0.2865493595600128, 'validation_loss': 0.8276672959327698}, {'epoch': 15, 'train_loss': 0.2797435522079468, 'validation_loss': 0.7987914085388184}, {'epoch': 16, 'train_loss': 0.2684577405452728, 'validation_loss': 0.7541394233703613}, {'epoch': 17, 'train_loss': 0.2534598410129547, 'validation_loss': 0.7008962631225586}, {'epoch': 18, 'train_loss': 0.2360990345478058, 'validation_loss': 0.6448609232902527}]"
stz_2h,Santa Tereza · 2 h,2,strict_common_cohort_causal,4,20_to_21,20,21,16,2210,89,61,2026-07-06T11:00:00,2026-07-28T09:00:00,20260919,True,PatchTST experimental,pytorch-cpu,0.12006949994247407,61,15.939844088556729,25.66629643898417,-5.641410175510418,47.93516093680455,0.9875499336699893,0.9875499336699893,1.8099134605812737,1,15.939844088556729,15.939844088556729,3.674232241043228,3.674232241043228,1.0,1.0,1.0,,2210.0,16.0,9.0,1.5412429571151733,89.0,9089.0,"[{'epoch': 12, 'train_loss': 0.454582154750824, 'validation_loss': 1.6860135793685913}, {'epoch': 13, 'train_loss': 0.43448275327682495, 'validation_loss': 1.7509071826934814}, {'epoch': 14, 'train_loss': 0.4242900013923645, 'validation_loss': 1.7974853515625}, {'epoch': 15, 'train_loss': 0.4197879433631897, 'validation_loss': 1.8086371421813965}, {'epoch': 16, 'train_loss': 0.4154985845088959, 'validation_loss': 1.7747502326965332}]"
stz_2h,Santa Tereza · 2 h,2,strict_common_cohort_causal,4,20_to_21,20,21,16,2210,89,61,2026-07-06T11:00:00,2026-07-28T09:00:00,20260919,True,TFT-lite experimental,pytorch-cpu,0.20052679989021271,61,19.864743972408945,27.983301102787713,-4.589584590213194,52.2470500922218,0.9852006328530881,0.9852006328530881,2.25152171496014,1,19.864743972408945,19.864743972408945,8.499194347589082,8.499194347589082,2.0,2.0,2.0,,2210.0,18.0,18.0,1.011404037475586,89.0,11889.0,"[{'epoch': 14, 'train_loss': 0.43732401728630066, 'validation_loss': 1.365604281425476}, {'epoch': 15, 'train_loss': 0.4238012135028839, 'validation_loss': 1.2551242113113403}, {'epoch': 16, 'train_loss': 0.4005151689052582, 'validation_loss': 1.155921220779419}, {'epoch': 17, 'train_loss': 0.3693803548812866, 'validation_loss': 1.0741783380508423}, {'epoch': 18, 'train_loss': 0.3437007963657379, 'validation_loss': 1.011404037475586}]"
stz_4h,Santa Tereza · 4 h,4,strict_common_cohort_causal,4,6_to_7,6,7,5,597,214,196,2023-09-25T22:00:00,2023-11-28T10:00:00,20260919,True,Persistência,baseline,0.0,196,18.459183673469386,26.36459437834563,2.061224489795918,65.25,0.8010027928090644,0.8010027928090644,3.746859613264945,1,18.459183673469386,18.459183673469386,37.0,37.0,7.0,7.0,7.0,,,,,,,,
stz_4h,Santa Tereza · 4 h,4,strict_common_cohort_causal,4,6_to_7,6,7,5,597,214,196,2023-09-25T22:00:00,2023-11-28T10:00:00,20260919,True,Ridge,scikit-learn,0.0006136000156402588,196,7.145658128723806,10.971321074413057,-0.6088337563738531,25.80110263824463,0.9655394152233617,0.9655394152233617,1.4899318536537736,1,7.145658128723806,7.145658128723806,1.0918817520141602,1.0918817520141602,-1.0,1.0,1.0,[],597.0,,,,,,
stz_4h,Santa Tereza · 4 h,4,strict_common_cohort_causal,4,6_to_7,6,7,5,597,214,196,2023-09-25T22:00:00,2023-11-28T10:00:00,20260919,True,Elastic Net,scikit-learn,0.04035399993881583,196,7.063817321037759,10.88573692338979,0.16138873903118833,25.426286220550537,0.9660749526715348,0.9660749526715348,1.4788902453973745,1,7.063817321037759,7.063817321037759,0.85430908203125,0.85430908203125,-1.0,1.0,1.0,"['Objective did not converge. You might want to increase the number of iterations, check the scale of the features or consider increasing regularisation. Duality gap: 3.149805e-01, tolerance: 5.970e-02']",597.0,,,,,,
stz_4h,Santa Tereza · 4 h,4,strict_common_cohort_causal,4,6_to_7,6,7,5,597,214,196,2023-09-25T22:00:00,2023-11-28T10:00:00,20260919,True,SVR,scikit-learn,0.011624899925664067,196,7.15598822340367,10.781687637052185,2.6314538309318984,25.798527215078565,0.9667203857098086,0.9667203857098086,1.462543303718298,1,7.15598822340367,7.15598822340367,20.291175740286917,20.291175740286917,7.0,7.0,7.0,[],597.0,,,,,,
stz_4h,Santa Tereza · 4 h,4,strict_common_cohort_causal,4,6_to_7,6,7,5,597,214,196,2023-09-25T22:00:00,2023-11-28T10:00:00,20260919,True,MLP,scikit-learn,0.1593627999536693,196,7.705859182440505,11.568801041370213,1.926688984340551,24.575296640396118,0.9616838823875216,0.9616838823875216,1.584935216222553,1,7.705859182440505,7.705859182440505,10.408859252929688,10.408859252929688,-1.0,1.0,1.0,[],597.0,,,,,,
stz_4h,Santa Tereza · 4 h,4,strict_common_cohort_causal,4,6_to_7,6,7,5,597,214,196,2023-09-25T22:00:00,2023-11-28T10:00:00,20260919,True,Random Forest,scikit-learn,1.6785918000387028,196,6.269667050097538,9.607423749416608,0.3765616719929956,20.50748648941422,0.9735747754831313,0.9735747754831313,1.2907315313673893,1,6.269667050097538,6.269667050097538,0.6471751111052981,0.6471751111052981,-1.0,1.0,1.0,[],597.0,,,,,,
stz_4h,Santa Tereza · 4 h,4,strict_common_cohort_causal,4,6_to_7,6,7,5,597,214,196,2023-09-25T22:00:00,2023-11-28T10:00:00,20260919,True,Extra Trees,scikit-learn,0.8124352999730036,196,6.244841101059841,9.719321399827976,0.7339404837079234,21.25034800705302,0.9729556417304867,0.9729556417304867,1.2954374855682378,1,6.244841101059841,6.244841101059841,4.667168912195621,4.667168912195621,7.0,7.0,7.0,[],597.0,,,,,,
stz_4h,Santa Tereza · 4 h,4,strict_common_cohort_causal,4,6_to_7,6,7,5,597,214,196,2023-09-25T22:00:00,2023-11-28T10:00:00,20260919,True,HistGradientBoosting,scikit-learn,0.38223760004621,196,7.99637741864599,12.02776369604341,-1.0083245616798782,23.637398249121205,0.9585833881840777,0.9585833881840777,1.642195630254887,1,7.99637741864599,7.99637741864599,1.8764075685897978,1.8764075685897978,0.0,0.0,0.0,[],597.0,,,,,,
stz_4h,Santa Tereza · 4 h,4,strict_common_cohort_causal,4,6_to_7,6,7,5,597,214,196,2023-09-25T22:00:00,2023-11-28T10:00:00,20260919,True,XGBoost,xgboost,0.34982499992474914,196,5.985556924525572,9.1682447495084,-0.10398619910892175,20.791915893554688,0.9759354807419086,0.9759354807419086,1.242196880816073,1,5.985556924525572,5.985556924525572,2.3486108779907227,2.3486108779907227,-1.0,1.0,1.0,[],597.0,,,,,,
stz_4h,Santa Tereza · 4 h,4,strict_common_cohort_causal,4,6_to_7,6,7,5,597,214,196,2023-09-25T22:00:00,2023-11-28T10:00:00,20260919,True,LightGBM,lightgbm,0.3179682999616489,196,6.5283760397404675,9.464977859061356,-0.5501750061007633,18.603546194501718,0.9743525614452215,0.9743525614452215,1.3538204268219383,1,6.5283760397404675,6.5283760397404675,7.426223270812557,7.426223270812557,0.0,0.0,0.0,[],597.0,,,,,,
stz_4h,Santa Tereza · 4 h,4,strict_common_cohort_causal,4,6_to_7,6,7,5,597,214,196,2023-09-25T22:00:00,2023-11-28T10:00:00,20260919,True,CatBoost,catboost,5.604895700002089,196,7.626864759433724,11.92345113969549,1.136416922670453,27.158127100352488,0.9592986564020592,0.9592986564020592,1.5833584234275313,1,7.626864759433724,7.626864759433724,15.689315612277255,15.689315612277255,7.0,7.0,7.0,[],597.0,,,,,,
stz_4h,Santa Tereza · 4 h,4,strict_common_cohort_causal,4,6_to_7,6,7,5,597,214,196,2023-09-25T22:00:00,2023-11-28T10:00:00,20260919,True,CNN-1D temporal,pytorch-cpu,0.04646149999462068,196,12.686199829641321,16.357088532210206,4.814652503527737,35.45833794009032,0.9234021108249855,0.9234021108249855,2.647200214691591,1,12.686199829641321,12.686199829641321,27.88157698744658,27.88157698744658,7.0,7.0,7.0,,597.0,18.0,11.0,0.08215707540512085,214.0,5665.0,"[{'epoch': 14, 'train_loss': 0.16960996389389038, 'validation_loss': 0.12044602632522583}, {'epoch': 15, 'train_loss': 0.18195252120494843, 'validation_loss': 0.1248469278216362}, {'epoch': 16, 'train_loss': 0.17196416854858398, 'validation_loss': 0.11901804059743881}, {'epoch': 17, 'train_loss': 0.14752249419689178, 'validation_loss': 0.10599733144044876}, {'epoch': 18, 'train_loss': 0.11902348697185516, 'validation_loss': 0.09007879346609116}]"
stz_4h,Santa Tereza · 4 h,4,strict_common_cohort_causal,4,6_to_7,6,7,5,597,214,196,2023-09-25T22:00:00,2023-11-28T10:00:00,20260919,True,LSTM,pytorch-cpu,0.04393709998112172,196,12.187065782229352,17.02250162593711,-0.09210372785829885,38.94839719521747,0.917043281977827,0.917043281977827,2.528802721313221,1,12.187065782229352,12.187065782229352,11.778377979586821,11.778377979586821,7.0,7.0,7.0,,597.0,18.0,18.0,0.09340988844633102,214.0,7713.0,"[{'epoch': 14, 'train_loss': 0.5946998000144958, 'validation_loss': 0.1310860812664032}, {'epoch': 15, 'train_loss': 0.5757153630256653, 'validation_loss': 0.11776642501354218}, {'epoch': 16, 'train_loss': 0.5585113763809204, 'validation_loss': 0.10723958909511566}, {'epoch': 17, 'train_loss': 0.5429365038871765, 'validation_loss': 0.09923268109560013}, {'epoch': 18, 'train_loss': 0.5288124680519104, 'validation_loss': 0.09340988844633102}]"
stz_4h,Santa Tereza · 4 h,4,strict_common_cohort_causal,4,6_to_7,6,7,5,597,214,196,2023-09-25T22:00:00,2023-11-28T10:00:00,20260919,True,GRU,pytorch-cpu,0.040344899985939264,196,12.61236907974392,16.240613277141783,4.5093130854460215,34.52079688115316,0.9244891005682189,0.9244891005682189,2.670821406187094,1,12.61236907974392,12.61236907974392,10.718917378805259,10.718917378805259,7.0,7.0,7.0,,597.0,18.0,12.0,0.06006667762994766,214.0,5793.0,"[{'epoch': 14, 'train_loss': 0.3659963607788086, 'validation_loss': 0.07044636458158493}, {'epoch': 15, 'train_loss': 0.3560170829296112, 'validation_loss': 0.07892818748950958}, {'epoch': 16, 'train_loss': 0.34791016578674316, 'validation_loss': 0.08792421966791153}, {'epoch': 17, 'train_loss': 0.3409554064273834, 'validation_loss': 0.09639641642570496}, {'epoch': 18, 'train_loss': 0.3345884382724762, 'validation_loss': 0.10355443507432938}]"
stz_4h,Santa Tereza · 4 h,4,strict_common_cohort_causal,4,6_to_7,6,7,5,597,214,196,2023-09-25T22:00:00,2023-11-28T10:00:00,20260919,True,TCN,pytorch-cpu,0.04357370000798255,196,9.667979600884276,15.009556113856744,-2.517543527846972,38.21908752838162,0.9355028549897461,0.9355028549897461,1.9711256745456631,1,9.667979600884276,9.667979600884276,10.11993405445935,10.11993405445935,7.0,7.0,7.0,,597.0,18.0,17.0,0.05683617666363716,214.0,8769.0,"[{'epoch': 14, 'train_loss': 0.17428231239318848, 'validation_loss': 0.10855494439601898}, {'epoch': 15, 'train_loss': 0.13432134687900543, 'validation_loss': 0.08266942948102951}, {'epoch': 16, 'train_loss': 0.10700178891420364, 'validation_loss': 0.06365612894296646}, {'epoch': 17, 'train_loss': 0.09543503820896149, 'validation_loss': 0.05683617666363716}, {'epoch': 18, 'train_loss': 0.09567698836326599, 'validation_loss': 0.061438631266355515}]"
stz_4h,Santa Tereza · 4 h,4,strict_common_cohort_causal,4,6_to_7,6,7,5,597,214,196,2023-09-25T22:00:00,2023-11-28T10:00:00,20260919,True,Seq2Seq · decoder 1 passo,pytorch-cpu,0.06708780000917614,196,13.238651765663983,18.436973186382534,2.1665620795847618,42.091671923001755,0.9026840466788086,0.9026840466788086,2.740906361179885,1,13.238651765663983,13.238651765663983,26.30400666200876,26.30400666200876,7.0,7.0,7.0,,597.0,18.0,18.0,0.18313899636268616,214.0,12193.0,"[{'epoch': 14, 'train_loss': 0.6849356293678284, 'validation_loss': 0.27761051058769226}, {'epoch': 15, 'train_loss': 0.6586358547210693, 'validation_loss': 0.2522697150707245}, {'epoch': 16, 'train_loss': 0.6325112581253052, 'validation_loss': 0.22781530022621155}, {'epoch': 17, 'train_loss': 0.6067291498184204, 'validation_loss': 0.20462609827518463}, {'epoch': 18, 'train_loss': 0.5815032720565796, 'validation_loss': 0.18313899636268616}]"
stz_4h,Santa Tereza · 4 h,4,strict_common_cohort_causal,4,6_to_7,6,7,5,597,214,196,2023-09-25T22:00:00,2023-11-28T10:00:00,20260919,True,Transformer temporal,pytorch-cpu,0.09445690002758056,196,7.72234000115108,11.419674262609282,-0.8023505904833715,28.377378576436584,0.9626653378535722,0.9626653378535722,1.5715895598174834,1,7.72234000115108,7.72234000115108,25.3469697598955,25.3469697598955,-1.0,1.0,1.0,,597.0,18.0,18.0,0.10826759040355682,214.0,9569.0,"[{'epoch': 14, 'train_loss': 0.35876160860061646, 'validation_loss': 0.15000176429748535}, {'epoch': 15, 'train_loss': 0.34446248412132263, 'validation_loss': 0.13378320634365082}, {'epoch': 16, 'train_loss': 0.3343859612941742, 'validation_loss': 0.12247864902019501}, {'epoch': 17, 'train_loss': 0.3255314528942108, 'validation_loss': 0.1143147200345993}, {'epoch': 18, 'train_loss': 0.31590521335601807, 'validation_loss': 0.10826759040355682}]"
stz_4h,Santa Tereza · 4 h,4,strict_common_cohort_causal,4,6_to_7,6,7,5,597,214,196,2023-09-25T22:00:00,2023-11-28T10:00:00,20260919,True,DLinear experimental,pytorch-cpu,0.007981100003235042,196,26.436808661693693,32.11897874883824,12.348632899660986,68.95243918239761,0.7046559340993952,0.7046559340993952,5.471323659125761,1,26.436808661693693,26.436808661693693,20.023632740388848,20.023632740388848,7.0,7.0,7.0,,597.0,18.0,18.0,1.117569088935852,214.0,54.0,"[{'epoch': 14, 'train_loss': 2.3605287075042725, 'validation_loss': 1.2817169427871704}, {'epoch': 15, 'train_loss': 2.2690112590789795, 'validation_loss': 1.2387537956237793}, {'epoch': 16, 'train_loss': 2.180300235748291, 'validation_loss': 1.1970993280410767}, {'epoch': 17, 'train_loss': 2.0943856239318848, 'validation_loss': 1.1567165851593018}, {'epoch': 18, 'train_loss': 2.0112528800964355, 'validation_loss': 1.117569088935852}]"
stz_4h,Santa Tereza · 4 h,4,strict_common_cohort_causal,4,6_to_7,6,7,5,597,214,196,2023-09-25T22:00:00,2023-11-28T10:00:00,20260919,True,NLinear experimental,pytorch-cpu,0.0067995000863447785,196,19.61184085693726,29.675521195412784,-3.046873830138251,60.7777140298066,0.7478833639319733,0.7478833639319733,3.964030480675968,1,19.61184085693726,19.61184085693726,59.57750337065704,59.57750337065704,7.0,7.0,7.0,,597.0,18.0,18.0,0.568651020526886,214.0,105.0,"[{'epoch': 14, 'train_loss': 0.6912257671356201, 'validation_loss': 0.6066790223121643}, {'epoch': 15, 'train_loss': 0.6705307960510254, 'validation_loss': 0.5973923802375793}, {'epoch': 16, 'train_loss': 0.650619626045227, 'validation_loss': 0.5879236459732056}, {'epoch': 17, 'train_loss': 0.6314662098884583, 'validation_loss': 0.5783272385597229}, {'epoch': 18, 'train_loss': 0.6130476593971252, 'validation_loss': 0.568651020526886}]"
stz_4h,Santa Tereza · 4 h,4,strict_common_cohort_causal,4,6_to_7,6,7,5,597,214,196,2023-09-25T22:00:00,2023-11-28T10:00:00,20260919,True,TSMixer experimental,pytorch-cpu,0.037568200030364096,196,27.059794254365915,32.80130835778224,20.99588910399721,63.0468795839344,0.6919741766543128,0.6919741766543128,5.7532051735871725,1,27.059794254365915,27.059794254365915,51.5961803128057,51.5961803128057,7.0,7.0,7.0,,597.0,18.0,18.0,0.19655591249465942,214.0,2741.0,"[{'epoch': 14, 'train_loss': 0.6634981632232666, 'validation_loss': 0.23167766630649567}, {'epoch': 15, 'train_loss': 0.6515427231788635, 'validation_loss': 0.220839723944664}, {'epoch': 16, 'train_loss': 0.639165997505188, 'validation_loss': 0.2115086317062378}, {'epoch': 17, 'train_loss': 0.626420795917511, 'validation_loss': 0.2034456878900528}, {'epoch': 18, 'train_loss': 0.613534688949585, 'validation_loss': 0.19655591249465942}]"
stz_4h,Santa Tereza · 4 h,4,strict_common_cohort_causal,4,6_to_7,6,7,5,597,214,196,2023-09-25T22:00:00,2023-11-28T10:00:00,20260919,True,N-BEATS experimental,pytorch-cpu,0.08411519997753203,196,11.539305854542626,15.525867758011472,4.841536382493477,34.72422891179211,0.9309892799637061,0.9309892799637061,2.4073332578642916,1,11.539305854542626,11.539305854542626,22.049112165931433,22.049112165931433,7.0,7.0,7.0,,597.0,18.0,15.0,0.04871080443263054,214.0,28650.0,"[{'epoch': 14, 'train_loss': 0.09375481307506561, 'validation_loss': 0.052734095603227615}, {'epoch': 15, 'train_loss': 0.0752476155757904, 'validation_loss': 0.04871080443263054}, {'epoch': 16, 'train_loss': 0.05852131545543671, 'validation_loss': 0.05247288942337036}, {'epoch': 17, 'train_loss': 0.050360724329948425, 'validation_loss': 0.06345663964748383}, {'epoch': 18, 'train_loss': 0.05174650251865387, 'validation_loss': 0.07599899172782898}]"
stz_4h,Santa Tereza · 4 h,4,strict_common_cohort_causal,4,6_to_7,6,7,5,597,214,196,2023-09-25T22:00:00,2023-11-28T10:00:00,20260919,True,N-HiTS-lite experimental,pytorch-cpu,0.010475900024175644,196,12.635337847287847,17.053271343130717,2.7604277691389174,36.89248001303267,0.9167431073270939,0.9167431073270939,2.616820097868989,1,12.635337847287847,12.635337847287847,19.1487224105216,19.1487224105216,7.0,7.0,7.0,,597.0,13.0,6.0,0.05341377481818199,214.0,3937.0,"[{'epoch': 9, 'train_loss': 0.1489306539297104, 'validation_loss': 0.07497142255306244}, {'epoch': 10, 'train_loss': 0.16233856976032257, 'validation_loss': 0.07925475388765335}, {'epoch': 11, 'train_loss': 0.16827137768268585, 'validation_loss': 0.07937564700841904}, {'epoch': 12, 'train_loss': 0.16414019465446472, 'validation_loss': 0.07613404095172882}, {'epoch': 13, 'train_loss': 0.15143601596355438, 'validation_loss': 0.07067877799272537}]"
stz_4h,Santa Tereza · 4 h,4,strict_common_cohort_causal,4,6_to_7,6,7,5,597,214,196,2023-09-25T22:00:00,2023-11-28T10:00:00,20260919,True,PatchTST experimental,pytorch-cpu,0.030605899984948337,196,22.267617251586096,29.40032300382449,3.99303210123338,66.81321149760151,0.7525377275099832,0.7525377275099832,4.596056929211405,1,22.267617251586096,22.267617251586096,23.55906451652288,23.55906451652288,7.0,7.0,7.0,,597.0,10.0,3.0,0.24685007333755493,214.0,9441.0,"[{'epoch': 6, 'train_loss': 0.6132717132568359, 'validation_loss': 0.40441253781318665}, {'epoch': 7, 'train_loss': 0.6127504706382751, 'validation_loss': 0.42983776330947876}, {'epoch': 8, 'train_loss': 0.5968249440193176, 'validation_loss': 0.419350802898407}, {'epoch': 9, 'train_loss': 0.5643002390861511, 'validation_loss': 0.38313379883766174}, {'epoch': 10, 'train_loss': 0.5220078825950623, 'validation_loss': 0.33348485827445984}]"
stz_4h,Santa Tereza · 4 h,4,strict_common_cohort_causal,4,6_to_7,6,7,5,597,214,196,2023-09-25T22:00:00,2023-11-28T10:00:00,20260919,True,TFT-lite experimental,pytorch-cpu,0.11562739999499172,196,16.7419989167583,21.450329564860347,5.160889611891004,46.66280281699713,0.8682736277525691,0.8682736277525691,3.4686782768723403,1,16.7419989167583,16.7419989167583,24.605334193497583,24.605334193497583,7.0,7.0,7.0,,597.0,18.0,16.0,0.1390656977891922,214.0,13759.0,"[{'epoch': 14, 'train_loss': 0.33292630314826965, 'validation_loss': 0.15444958209991455}, {'epoch': 15, 'train_loss': 0.3083495795726776, 'validation_loss': 0.14140178263187408}, {'epoch': 16, 'train_loss': 0.2889762222766876, 'validation_loss': 0.1390656977891922}, {'epoch': 17, 'train_loss': 0.2675495147705078, 'validation_loss': 0.15758544206619263}, {'epoch': 18, 'train_loss': 0.2565059959888458, 'validation_loss': 0.17667551338672638}]"
stz_4h,Santa Tereza · 4 h,4,strict_common_cohort_causal,4,7_to_8,7,8,6,811,196,10,2023-11-26T06:00:00,2024-01-18T10:00:00,20260919,True,Persistência,baseline,0.0,10,71.0,83.58588397570489,-71.0,127.55,-0.2822178665550834,-0.2822178665550834,16.133278477520193,1,71.0,71.0,83.0,83.0,0.0,0.0,0.0,,,,,,,,
stz_4h,Santa Tereza · 4 h,4,strict_common_cohort_causal,4,7_to_8,7,8,6,811,196,10,2023-11-26T06:00:00,2024-01-18T10:00:00,20260919,True,Ridge,scikit-learn,0.0006874999962747097,10,58.70470805168152,69.98980900419875,-58.70470805168152,115.48993177413938,0.10098784980946018,0.10098784980946018,13.350659985352614,1,58.70470805168152,58.70470805168152,95.66439151763916,95.66439151763916,0.0,0.0,0.0,[],811.0,,,,,,
stz_4h,Santa Tereza · 4 h,4,strict_common_cohort_causal,4,7_to_8,7,8,6,811,196,10,2023-11-26T06:00:00,2024-01-18T10:00:00,20260919,True,Elastic Net,scikit-learn,0.04559589992277324,10,60.41226348876953,70.94564310353132,-60.41226348876953,114.73798723220821,0.07626498936036985,0.07626498936036985,13.797268107300761,1,60.41226348876953,60.41226348876953,93.6837100982666,93.6837100982666,0.0,0.0,0.0,"['Objective did not converge. You might want to increase the number of iterations, check the scale of the features or consider increasing regularisation. Duality gap: 1.589661e-01, tolerance: 8.110e-02']",811.0,,,,,,
stz_4h,Santa Tereza · 4 h,4,strict_common_cohort_causal,4,7_to_8,7,8,6,811,196,10,2023-11-26T06:00:00,2024-01-18T10:00:00,20260919,True,SVR,scikit-learn,0.028793000034056604,10,33.051115977224725,44.423665366119515,-27.23861058114024,86.36186548156361,0.6378197846585756,0.6378197846585756,7.861345625499287,1,33.051115977224725,33.051115977224725,16.771416197222834,16.771416197222834,0.0,0.0,0.0,[],811.0,,,,,,
stz_4h,Santa Tereza · 4 h,4,strict_common_cohort_causal,4,7_to_8,7,8,6,811,196,10,2023-11-26T06:00:00,2024-01-18T10:00:00,20260919,True,MLP,scikit-learn,0.3182974000228569,10,35.40363788604736,42.44687293726163,-11.406096839904786,76.88224248886105,0.6693356710507128,0.6693356710507128,9.048678479291853,1,35.40363788604736,35.40363788604736,0.6574630737304688,0.6574630737304688,0.0,0.0,0.0,[],811.0,,,,,,
stz_4h,Santa Tereza · 4 h,4,strict_common_cohort_causal,4,7_to_8,7,8,6,811,196,10,2023-11-26T06:00:00,2024-01-18T10:00:00,20260919,True,Random Forest,scikit-learn,2.360644100001082,10,41.62872178703381,51.57096103762957,-28.671174669076443,86.71798020950155,0.5119027128077338,0.5119027128077338,9.714133464399097,1,41.62872178703381,41.62872178703381,15.912621792832283,15.912621792832283,0.0,0.0,0.0,[],811.0,,,,,,
stz_4h,Santa Tereza · 4 h,4,strict_common_cohort_causal,4,7_to_8,7,8,6,811,196,10,2023-11-26T06:00:00,2024-01-18T10:00:00,20260919,True,Extra Trees,scikit-learn,1.1747310999780893,10,40.17256934846117,49.99809175335023,-35.73447862561131,83.2988525056544,0.5412217684908294,0.5412217684908294,9.312695082485764,1,40.17256934846117,40.17256934846117,18.09713869797008,18.09713869797008,0.0,0.0,0.0,[],811.0,,,,,,
stz_4h,Santa Tereza · 4 h,4,strict_common_cohort_causal,4,7_to_8,7,8,6,811,196,10,2023-11-26T06:00:00,2024-01-18T10:00:00,20260919,True,HistGradientBoosting,scikit-learn,0.4907604999607429,10,28.197396535343124,42.310602058489835,-23.180309760142052,86.72430925090202,0.6714553837969395,0.6714553837969395,6.814281595508648,1,28.197396535343124,28.197396535343124,3.3451331795079113,3.3451331795079113,0.0,0.0,0.0,[],811.0,,,,,,
stz_4h,Santa Tereza · 4 h,4,strict_common_cohort_causal,4,7_to_8,7,8,6,811,196,10,2023-11-26T06:00:00,2024-01-18T10:00:00,20260919,True,XGBoost,xgboost,0.43625200004316866,10,43.10327677726745,52.73618636279452,-27.10836787223816,86.48306529521938,0.489596803706588,0.489596803706588,9.899661208084275,1,43.10327677726745,43.10327677726745,22.826858520507812,22.826858520507812,-4.0,4.0,4.0,[],811.0,,,,,,
stz_4h,Santa Tereza · 4 h,4,strict_common_cohort_causal,4,7_to_8,7,8,6,811,196,10,2023-11-26T06:00:00,2024-01-18T10:00:00,20260919,True,LightGBM,lightgbm,0.5991967999143526,10,31.80471317294724,45.58746158293085,-21.03353031833121,87.72234454217784,0.6185946635292656,0.6185946635292656,7.588540415809038,1,31.80471317294724,31.80471317294724,14.807368067019297,14.807368067019297,0.0,0.0,0.0,[],811.0,,,,,,
stz_4h,Santa Tereza · 4 h,4,strict_common_cohort_causal,4,7_to_8,7,8,6,811,196,10,2023-11-26T06:00:00,2024-01-18T10:00:00,20260919,True,CatBoost,catboost,6.218826900003478,10,38.895639424230836,50.45496761574469,-38.0633900594881,87.04206266616725,0.5327989522346324,0.5327989522346324,8.93155227396817,1,38.895639424230836,38.895639424230836,21.650628434311727,21.650628434311727,0.0,0.0,0.0,[],811.0,,,,,,
stz_4h,Santa Tereza · 4 h,4,strict_common_cohort_causal,4,7_to_8,7,8,6,811,196,10,2023-11-26T06:00:00,2024-01-18T10:00:00,20260919,True,CNN-1D temporal,pytorch-cpu,0.061412999988533556,10,33.263631929855485,50.250694975655975,-29.400402029894035,100.2085042343187,0.5365743267307507,0.5365743267307507,7.836384654706577,1,33.263631929855485,33.263631929855485,8.93629288130387,8.93629288130387,0.0,0.0,0.0,,811.0,18.0,18.0,0.02365603670477867,196.0,5665.0,"[{'epoch': 14, 'train_loss': 0.15988023579120636, 'validation_loss': 0.0307230893522501}, {'epoch': 15, 'train_loss': 0.1807495355606079, 'validation_loss': 0.028222665190696716}, {'epoch': 16, 'train_loss': 0.1804398149251938, 'validation_loss': 0.026043351739645004}, {'epoch': 17, 'train_loss': 0.16121052205562592, 'validation_loss': 0.024447001516819}, {'epoch': 18, 'train_loss': 0.1323167234659195, 'validation_loss': 0.02365603670477867}]"
stz_4h,Santa Tereza · 4 h,4,strict_common_cohort_causal,4,7_to_8,7,8,6,811,196,10,2023-11-26T06:00:00,2024-01-18T10:00:00,20260919,True,LSTM,pytorch-cpu,0.05455280002206564,10,49.60185040249019,59.73539083134433,-41.3604923269955,97.43186934164689,0.3451235643231483,0.3451235643231483,11.52331241873555,1,49.60185040249019,49.60185040249019,45.11257579144814,45.11257579144814,0.0,0.0,0.0,,811.0,18.0,18.0,0.042636971920728683,196.0,7713.0,"[{'epoch': 14, 'train_loss': 0.5524007678031921, 'validation_loss': 0.05085298791527748}, {'epoch': 15, 'train_loss': 0.5323484539985657, 'validation_loss': 0.04832537844777107}, {'epoch': 16, 'train_loss': 0.5144214034080505, 'validation_loss': 0.04608754813671112}, {'epoch': 17, 'train_loss': 0.49849456548690796, 'validation_loss': 0.04417940974235535}, {'epoch': 18, 'train_loss': 0.48442503809928894, 'validation_loss': 0.042636971920728683}]"
stz_4h,Santa Tereza · 4 h,4,strict_common_cohort_causal,4,7_to_8,7,8,6,811,196,10,2023-11-26T06:00:00,2024-01-18T10:00:00,20260919,True,GRU,pytorch-cpu,0.07295890001114458,10,39.52365815336172,55.75228719693258,-29.41430859894073,101.05514790034358,0.4295450907552336,0.4295450907552336,9.21356896203148,1,39.52365815336172,39.52365815336172,13.352490467730604,13.352490467730604,0.0,0.0,0.0,,811.0,18.0,18.0,0.03444380685687065,196.0,5793.0,"[{'epoch': 14, 'train_loss': 0.33900541067123413, 'validation_loss': 0.04000576585531235}, {'epoch': 15, 'train_loss': 0.3323729634284973, 'validation_loss': 0.038670577108860016}, {'epoch': 16, 'train_loss': 0.3273759186267853, 'validation_loss': 0.03729815408587456}, {'epoch': 17, 'train_loss': 0.3230574131011963, 'validation_loss': 0.03588886559009552}, {'epoch': 18, 'train_loss': 0.3187079131603241, 'validation_loss': 0.03444380685687065}]"
stz_4h,Santa Tereza · 4 h,4,strict_common_cohort_causal,4,7_to_8,7,8,6,811,196,10,2023-11-26T06:00:00,2024-01-18T10:00:00,20260919,True,TCN,pytorch-cpu,0.06742310000117868,10,45.2119139024209,55.01740030627755,-14.964129050950907,94.65091001833649,0.4444846359112784,0.4444846359112784,10.400337152446614,1,45.2119139024209,45.2119139024209,81.49382071314176,81.49382071314176,0.0,0.0,0.0,,811.0,18.0,15.0,0.02544902265071869,196.0,8769.0,"[{'epoch': 14, 'train_loss': 0.18118350207805634, 'validation_loss': 0.025545522570610046}, {'epoch': 15, 'train_loss': 0.13131864368915558, 'validation_loss': 0.02544902265071869}, {'epoch': 16, 'train_loss': 0.09711532294750214, 'validation_loss': 0.026417603716254234}, {'epoch': 17, 'train_loss': 0.08748561888933182, 'validation_loss': 0.02779689058661461}, {'epoch': 18, 'train_loss': 0.09516111761331558, 'validation_loss': 0.02883637137711048}]"
stz_4h,Santa Tereza · 4 h,4,strict_common_cohort_causal,4,7_to_8,7,8,6,811,196,10,2023-11-26T06:00:00,2024-01-18T10:00:00,20260919,True,Seq2Seq · decoder 1 passo,pytorch-cpu,0.055689499946311116,10,52.20963166177942,64.88545788814679,-50.64074598430126,103.87787017360002,0.22733597511498416,0.22733597511498416,11.752808953865227,1,52.20963166177942,52.20963166177942,57.67636694263115,57.67636694263115,0.0,0.0,0.0,,811.0,18.0,18.0,0.04968414828181267,196.0,12193.0,"[{'epoch': 14, 'train_loss': 0.6689218282699585, 'validation_loss': 0.059879761189222336}, {'epoch': 15, 'train_loss': 0.6411163210868835, 'validation_loss': 0.05695804953575134}, {'epoch': 16, 'train_loss': 0.6135086417198181, 'validation_loss': 0.054254088550806046}, {'epoch': 17, 'train_loss': 0.5862873196601868, 'validation_loss': 0.05181556195020676}, {'epoch': 18, 'train_loss': 0.5597013235092163, 'validation_loss': 0.04968414828181267}]"
stz_4h,Santa Tereza · 4 h,4,strict_common_cohort_causal,4,7_to_8,7,8,6,811,196,10,2023-11-26T06:00:00,2024-01-18T10:00:00,20260919,True,Transformer temporal,pytorch-cpu,0.1075453000376001,10,51.14377504403311,61.69082571146293,-50.70456606286395,95.12286140205399,0.30154712251376514,0.30154712251376514,11.500875917006297,1,51.14377504403311,51.14377504403311,56.740340996512714,56.740340996512714,0.0,0.0,0.0,,811.0,18.0,17.0,0.01765122450888157,196.0,9569.0,"[{'epoch': 14, 'train_loss': 0.35590583086013794, 'validation_loss': 0.019185001030564308}, {'epoch': 15, 'train_loss': 0.34563538432121277, 'validation_loss': 0.018254678696393967}, {'epoch': 16, 'train_loss': 0.33948054909706116, 'validation_loss': 0.017879705876111984}, {'epoch': 17, 'train_loss': 0.33395370841026306, 'validation_loss': 0.01765122450888157}, {'epoch': 18, 'train_loss': 0.32699525356292725, 'validation_loss': 0.017733018845319748}]"
stz_4h,Santa Tereza · 4 h,4,strict_common_cohort_causal,4,7_to_8,7,8,6,811,196,10,2023-11-26T06:00:00,2024-01-18T10:00:00,20260919,True,DLinear experimental,pytorch-cpu,0.01099340000655502,10,132.25169630182225,198.66300369406903,-128.0537831467787,411.15593967503855,-6.243191034559593,-6.243191034559593,27.533221873048873,1,132.25169630182225,132.25169630182225,165.00431965094106,165.00431965094106,-5.0,5.0,5.0,,811.0,18.0,18.0,0.13300716876983643,196.0,54.0,"[{'epoch': 14, 'train_loss': 2.2828636169433594, 'validation_loss': 0.14199450612068176}, {'epoch': 15, 'train_loss': 2.196629047393799, 'validation_loss': 0.13973066210746765}, {'epoch': 16, 'train_loss': 2.1130192279815674, 'validation_loss': 0.13748128712177277}, {'epoch': 17, 'train_loss': 2.0320229530334473, 'validation_loss': 0.13524140417575836}, {'epoch': 18, 'train_loss': 1.9536246061325073, 'validation_loss': 0.13300716876983643}]"
stz_4h,Santa Tereza · 4 h,4,strict_common_cohort_causal,4,7_to_8,7,8,6,811,196,10,2023-11-26T06:00:00,2024-01-18T10:00:00,20260919,True,NLinear experimental,pytorch-cpu,0.00658559997100383,10,83.17606551375397,105.68401368854731,-29.83926474878232,185.71797724900662,-1.0498144099149647,-1.0498144099149647,19.005686129620692,1,83.17606551375397,83.17606551375397,134.06654814055833,134.06654814055833,-1.0,1.0,1.0,,811.0,18.0,18.0,0.09115743637084961,196.0,105.0,"[{'epoch': 14, 'train_loss': 0.7443028688430786, 'validation_loss': 0.09950199723243713}, {'epoch': 15, 'train_loss': 0.7232997417449951, 'validation_loss': 0.09735400229692459}, {'epoch': 16, 'train_loss': 0.7030889987945557, 'validation_loss': 0.09524580836296082}, {'epoch': 17, 'train_loss': 0.683647632598877, 'validation_loss': 0.0931793749332428}, {'epoch': 18, 'train_loss': 0.6649554371833801, 'validation_loss': 0.09115743637084961}]"
stz_4h,Santa Tereza · 4 h,4,strict_common_cohort_causal,4,7_to_8,7,8,6,811,196,10,2023-11-26T06:00:00,2024-01-18T10:00:00,20260919,True,TSMixer experimental,pytorch-cpu,0.02668969996739179,10,72.33859509348599,88.73009415647172,-72.33859509348599,155.5049760943309,-0.4449001271860318,-0.4449001271860318,17.265031520104465,1,72.33859509348599,72.33859509348599,15.683661598946344,15.683661598946344,0.0,0.0,0.0,,811.0,11.0,4.0,0.17095789313316345,196.0,2741.0,"[{'epoch': 7, 'train_loss': 0.6868362426757812, 'validation_loss': 0.21107903122901917}, {'epoch': 8, 'train_loss': 0.6632601618766785, 'validation_loss': 0.22694146633148193}, {'epoch': 9, 'train_loss': 0.6439667344093323, 'validation_loss': 0.23603980243206024}, {'epoch': 10, 'train_loss': 0.6275940537452698, 'validation_loss': 0.23709960281848907}, {'epoch': 11, 'train_loss': 0.6134185194969177, 'validation_loss': 0.23080229759216309}]"
stz_4h,Santa Tereza · 4 h,4,strict_common_cohort_causal,4,7_to_8,7,8,6,811,196,10,2023-11-26T06:00:00,2024-01-18T10:00:00,20260919,True,N-BEATS experimental,pytorch-cpu,0.02890439995098859,10,43.26239594775787,53.777024625700655,-39.5314302840583,91.68265366424421,0.46925063360399377,0.46925063360399377,9.842697083397155,1,43.26239594775787,43.26239594775787,57.65428661869208,57.65428661869208,0.0,0.0,0.0,,811.0,18.0,18.0,0.025505060330033302,196.0,28650.0,"[{'epoch': 14, 'train_loss': 0.10135646164417267, 'validation_loss': 0.032771289348602295}, {'epoch': 15, 'train_loss': 0.08238066732883453, 'validation_loss': 0.030654286965727806}, {'epoch': 16, 'train_loss': 0.06545501202344894, 'validation_loss': 0.0287378691136837}, {'epoch': 17, 'train_loss': 0.057040393352508545, 'validation_loss': 0.027063552290201187}, {'epoch': 18, 'train_loss': 0.05774227902293205, 'validation_loss': 0.025505060330033302}]"
stz_4h,Santa Tereza · 4 h,4,strict_common_cohort_causal,4,7_to_8,7,8,6,811,196,10,2023-11-26T06:00:00,2024-01-18T10:00:00,20260919,True,N-HiTS-lite experimental,pytorch-cpu,0.015861600055359304,10,38.87425546057983,49.19834885442584,-10.395449538366666,88.92694275634159,0.5557811332316999,0.5557811332316999,9.114935121915847,1,38.87425546057983,38.87425546057983,34.83981971969558,34.83981971969558,-1.0,1.0,1.0,,811.0,18.0,18.0,0.027343973517417908,196.0,3937.0,"[{'epoch': 14, 'train_loss': 0.1333654224872589, 'validation_loss': 0.0324452705681324}, {'epoch': 15, 'train_loss': 0.11537394672632217, 'validation_loss': 0.031215135008096695}, {'epoch': 16, 'train_loss': 0.0979723408818245, 'validation_loss': 0.02991511858999729}, {'epoch': 17, 'train_loss': 0.08330142498016357, 'validation_loss': 0.028598934412002563}, {'epoch': 18, 'train_loss': 0.07228356599807739, 'validation_loss': 0.027343973517417908}]"
stz_4h,Santa Tereza · 4 h,4,strict_common_cohort_causal,4,7_to_8,7,8,6,811,196,10,2023-11-26T06:00:00,2024-01-18T10:00:00,20260919,True,PatchTST experimental,pytorch-cpu,0.06361969991121441,10,49.6680319940362,61.90019816096473,-49.6680319940362,106.42740193355571,0.29679811989951965,0.29679811989951965,11.581617166766467,1,49.6680319940362,49.6680319940362,40.538485756738396,40.538485756738396,0.0,0.0,0.0,,811.0,18.0,17.0,0.02729547955095768,196.0,9441.0,"[{'epoch': 14, 'train_loss': 0.37675023078918457, 'validation_loss': 0.030883248895406723}, {'epoch': 15, 'train_loss': 0.3672241270542145, 'validation_loss': 0.02820020727813244}, {'epoch': 16, 'train_loss': 0.36290204524993896, 'validation_loss': 0.027445953339338303}, {'epoch': 17, 'train_loss': 0.35928604006767273, 'validation_loss': 0.02729547955095768}, {'epoch': 18, 'train_loss': 0.35341572761535645, 'validation_loss': 0.027427639812231064}]"
stz_4h,Santa Tereza · 4 h,4,strict_common_cohort_causal,4,7_to_8,7,8,6,811,196,10,2023-11-26T06:00:00,2024-01-18T10:00:00,20260919,True,TFT-lite experimental,pytorch-cpu,0.12226780003402382,10,41.698974699411686,57.93554117217263,-38.073978356417975,96.97011513172761,0.3839923853678012,0.3839923853678012,9.604082529999133,1,41.698974699411686,41.698974699411686,1.1390322841579064,1.1390322841579064,0.0,0.0,0.0,,811.0,18.0,18.0,0.05188211798667908,196.0,13759.0,"[{'epoch': 14, 'train_loss': 0.35979360342025757, 'validation_loss': 0.06778604537248611}, {'epoch': 15, 'train_loss': 0.3266966640949249, 'validation_loss': 0.07329435646533966}, {'epoch': 16, 'train_loss': 0.3060453534126282, 'validation_loss': 0.07274455577135086}, {'epoch': 17, 'train_loss': 0.2872876524925232, 'validation_loss': 0.06001831591129303}, {'epoch': 18, 'train_loss': 0.26965856552124023, 'validation_loss': 0.05188211798667908}]"
stz_4h,Santa Tereza · 4 h,4,strict_common_cohort_causal,4,8_to_9,8,9,7,1007,10,37,2023-12-09T09:00:00,2024-04-13T16:00:00,20260919,True,Persistência,baseline,0.0,37,55.648648648648646,104.31488194210161,-29.91891891891892,283.5999999999998,0.5607208518384972,0.5607208518384972,13.594735447069473,1,55.648648648648646,55.648648648648646,0.0,0.0,4.0,4.0,4.0,,,,,,,,
stz_4h,Santa Tereza · 4 h,4,strict_common_cohort_causal,4,8_to_9,8,9,7,1007,10,37,2023-12-09T09:00:00,2024-04-13T16:00:00,20260919,True,Ridge,scikit-learn,0.0011805999092757702,37,32.07715850907403,53.02966145161053,-18.450719749605334,98.22385253906248,0.8864765042854381,0.8864765042854381,8.414525530453854,1,32.07715850907403,32.07715850907403,26.09233283996582,26.09233283996582,8.0,8.0,8.0,[],1007.0,,,,,,
stz_4h,Santa Tereza · 4 h,4,strict_common_cohort_causal,4,8_to_9,8,9,7,1007,10,37,2023-12-09T09:00:00,2024-04-13T16:00:00,20260919,True,Elastic Net,scikit-learn,0.13436319993343204,37,34.762356622799025,54.89891779269471,-21.01469517398525,103.9041381835937,0.8783322116613997,0.8783322116613997,9.749857454588293,1,34.762356622799025,34.762356622799025,29.464458465576172,29.464458465576172,2.0,2.0,2.0,"['Objective did not converge. You might want to increase the number of iterations, check the scale of the features or consider increasing regularisation. Duality gap: 1.713905e-01, tolerance: 1.007e-01']",1007.0,,,,,,
stz_4h,Santa Tereza · 4 h,4,strict_common_cohort_causal,4,8_to_9,8,9,7,1007,10,37,2023-12-09T09:00:00,2024-04-13T16:00:00,20260919,True,SVR,scikit-learn,0.0675644000293687,37,56.413303385879,87.51796587579385,8.340697421800769,202.62379056112047,0.6907978700449147,0.6907978700449147,14.079555898497304,1,56.413303385879,56.413303385879,67.97264327660287,67.97264327660287,4.0,4.0,4.0,[],1007.0,,,,,,
stz_4h,Santa Tereza · 4 h,4,strict_common_cohort_causal,4,8_to_9,8,9,7,1007,10,37,2023-12-09T09:00:00,2024-04-13T16:00:00,20260919,True,MLP,scikit-learn,0.17931799998041242,37,33.29358688560692,54.11548888128975,-5.7730554632238436,108.80545349121061,0.881779928077628,0.881779928077628,8.44842409728014,1,33.29358688560692,33.29358688560692,0.43532562255859375,0.43532562255859375,9.0,9.0,9.0,[],1007.0,,,,,,
stz_4h,Santa Tereza · 4 h,4,strict_common_cohort_causal,4,8_to_9,8,9,7,1007,10,37,2023-12-09T09:00:00,2024-04-13T16:00:00,20260919,True,Random Forest,scikit-learn,3.115654799970798,37,24.005459083863503,49.03138877756328,-11.519376775059351,118.48316712664072,0.902949799771208,0.902949799771208,5.9844986198468,1,24.005459083863503,24.005459083863503,5.323388194415202,5.323388194415202,2.0,2.0,2.0,[],1007.0,,,,,,
stz_4h,Santa Tereza · 4 h,4,strict_common_cohort_causal,4,8_to_9,8,9,7,1007,10,37,2023-12-09T09:00:00,2024-04-13T16:00:00,20260919,True,Extra Trees,scikit-learn,1.2797514999983832,37,30.827504238730995,54.96055883147373,-8.416629035519525,142.1423833868245,0.8780588387227302,0.8780588387227302,7.404892779478407,1,30.827504238730995,30.827504238730995,14.71945337867237,14.71945337867237,2.0,2.0,2.0,[],1007.0,,,,,,
stz_4h,Santa Tereza · 4 h,4,strict_common_cohort_causal,4,8_to_9,8,9,7,1007,10,37,2023-12-09T09:00:00,2024-04-13T16:00:00,20260919,True,HistGradientBoosting,scikit-learn,0.5193562000058591,37,32.73813766584374,53.464475931161935,-3.7572966411196136,117.19624929112916,0.8846072097142127,0.8846072097142127,7.936954032044007,1,32.73813766584374,32.73813766584374,29.23323455413572,29.23323455413572,3.0,3.0,3.0,[],1007.0,,,,,,
stz_4h,Santa Tereza · 4 h,4,strict_common_cohort_causal,4,8_to_9,8,9,7,1007,10,37,2023-12-09T09:00:00,2024-04-13T16:00:00,20260919,True,XGBoost,xgboost,0.4496521999826655,37,27.95723970516308,48.47387084088829,-6.0037950180672315,114.75990600585922,0.9051442964807223,0.9051442964807223,6.918626205521286,1,27.95723970516308,27.95723970516308,9.697830200195312,9.697830200195312,2.0,2.0,2.0,[],1007.0,,,,,,
stz_4h,Santa Tereza · 4 h,4,strict_common_cohort_causal,4,8_to_9,8,9,7,1007,10,37,2023-12-09T09:00:00,2024-04-13T16:00:00,20260919,True,LightGBM,lightgbm,0.5279894999694079,37,30.697219560142113,51.458151535088675,-4.977239183871707,106.12761050835486,0.8931052416416769,0.8931052416416769,7.6190801658150304,1,30.697219560142113,30.697219560142113,57.87475215724464,57.87475215724464,2.0,2.0,2.0,[],1007.0,,,,,,
stz_4h,Santa Tereza · 4 h,4,strict_common_cohort_causal,4,8_to_9,8,9,7,1007,10,37,2023-12-09T09:00:00,2024-04-13T16:00:00,20260919,True,CatBoost,catboost,6.52917399990838,37,39.51200815552117,67.18087089778169,-8.341040986592159,185.15377939802815,0.8178038037874662,0.8178038037874662,9.302003602427158,1,39.51200815552117,39.51200815552117,17.177550267160086,17.177550267160086,3.0,3.0,3.0,[],1007.0,,,,,,
stz_4h,Santa Tereza · 4 h,4,strict_common_cohort_causal,4,8_to_9,8,9,7,1007,10,37,2023-12-09T09:00:00,2024-04-13T16:00:00,20260919,True,CNN-1D temporal,pytorch-cpu,0.06300970003940165,37,46.65083813030355,67.10065580367763,8.28292495999305,125.92051991002033,0.8182386347034594,0.8182386347034594,11.140686367780555,1,46.65083813030355,46.65083813030355,100.6150064807938,100.6150064807938,2.0,2.0,2.0,,1007.0,18.0,17.0,0.4179765582084656,10.0,5665.0,"[{'epoch': 14, 'train_loss': 0.16439424455165863, 'validation_loss': 0.5377562642097473}, {'epoch': 15, 'train_loss': 0.1860746443271637, 'validation_loss': 0.4905967712402344}, {'epoch': 16, 'train_loss': 0.1865222454071045, 'validation_loss': 0.4438243806362152}, {'epoch': 17, 'train_loss': 0.16718178987503052, 'validation_loss': 0.4179765582084656}, {'epoch': 18, 'train_loss': 0.13785645365715027, 'validation_loss': 0.4224214553833008}]"
stz_4h,Santa Tereza · 4 h,4,strict_common_cohort_causal,4,8_to_9,8,9,7,1007,10,37,2023-12-09T09:00:00,2024-04-13T16:00:00,20260919,True,LSTM,pytorch-cpu,0.05623580003157258,37,54.295845606247,90.58783466702663,-7.894861722611527,240.90521097912045,0.6687256547166952,0.6687256547166952,13.48487320174853,1,54.295845606247,54.295845606247,20.050569296648632,20.050569296648632,4.0,4.0,4.0,,1007.0,18.0,18.0,0.6227626204490662,10.0,7713.0,"[{'epoch': 14, 'train_loss': 0.5710901618003845, 'validation_loss': 0.7329177260398865}, {'epoch': 15, 'train_loss': 0.5514072179794312, 'validation_loss': 0.7043412923812866}, {'epoch': 16, 'train_loss': 0.5336846709251404, 'validation_loss': 0.6763421893119812}, {'epoch': 17, 'train_loss': 0.5177993774414062, 'validation_loss': 0.6490919589996338}, {'epoch': 18, 'train_loss': 0.5036220550537109, 'validation_loss': 0.6227626204490662}]"
stz_4h,Santa Tereza · 4 h,4,strict_common_cohort_causal,4,8_to_9,8,9,7,1007,10,37,2023-12-09T09:00:00,2024-04-13T16:00:00,20260919,True,GRU,pytorch-cpu,0.04394259990658611,37,56.08914522547495,83.59290764483771,4.1713168686187805,208.22135990274273,0.7179105070328868,0.7179105070328868,13.789264686725536,1,56.08914522547495,56.08914522547495,74.5598582748114,74.5598582748114,3.0,3.0,3.0,,1007.0,18.0,18.0,0.5182582139968872,10.0,5793.0,"[{'epoch': 14, 'train_loss': 0.35901424288749695, 'validation_loss': 0.5438011288642883}, {'epoch': 15, 'train_loss': 0.3512364625930786, 'validation_loss': 0.5323398113250732}, {'epoch': 16, 'train_loss': 0.34533339738845825, 'validation_loss': 0.5247887372970581}, {'epoch': 17, 'train_loss': 0.34035784006118774, 'validation_loss': 0.5203317403793335}, {'epoch': 18, 'train_loss': 0.33557212352752686, 'validation_loss': 0.5182582139968872}]"
stz_4h,Santa Tereza · 4 h,4,strict_common_cohort_causal,4,8_to_9,8,9,7,1007,10,37,2023-12-09T09:00:00,2024-04-13T16:00:00,20260919,True,TCN,pytorch-cpu,0.08035379997454584,37,49.68115466733418,71.98448929606865,4.559743390537321,146.39495846142134,0.790817233465591,0.790817233465591,11.983699242930053,1,49.68115466733418,49.68115466733418,69.52186612642038,69.52186612642038,3.0,3.0,3.0,,1007.0,18.0,18.0,0.43660029768943787,10.0,8769.0,"[{'epoch': 14, 'train_loss': 0.18666990101337433, 'validation_loss': 0.6033825278282166}, {'epoch': 15, 'train_loss': 0.13740316033363342, 'validation_loss': 0.5077304840087891}, {'epoch': 16, 'train_loss': 0.10231687128543854, 'validation_loss': 0.4553391933441162}, {'epoch': 17, 'train_loss': 0.09085865318775177, 'validation_loss': 0.4370347559452057}, {'epoch': 18, 'train_loss': 0.09711168706417084, 'validation_loss': 0.43660029768943787}]"
stz_4h,Santa Tereza · 4 h,4,strict_common_cohort_causal,4,8_to_9,8,9,7,1007,10,37,2023-12-09T09:00:00,2024-04-13T16:00:00,20260919,True,Seq2Seq · decoder 1 passo,pytorch-cpu,0.07401280000340194,37,51.42818966530737,91.10746297657396,-13.625222233247214,253.3702580367866,0.664914254642847,0.664914254642847,12.337310344517654,1,51.42818966530737,51.42818966530737,39.475520727080834,39.475520727080834,4.0,4.0,4.0,,1007.0,18.0,18.0,0.7242532968521118,10.0,12193.0,"[{'epoch': 14, 'train_loss': 0.6860272884368896, 'validation_loss': 0.9051904678344727}, {'epoch': 15, 'train_loss': 0.659450888633728, 'validation_loss': 0.8606401681900024}, {'epoch': 16, 'train_loss': 0.6330273151397705, 'validation_loss': 0.8154087066650391}, {'epoch': 17, 'train_loss': 0.6069179177284241, 'validation_loss': 0.769814670085907}, {'epoch': 18, 'train_loss': 0.5813405513763428, 'validation_loss': 0.7242532968521118}]"
stz_4h,Santa Tereza · 4 h,4,strict_common_cohort_causal,4,8_to_9,8,9,7,1007,10,37,2023-12-09T09:00:00,2024-04-13T16:00:00,20260919,True,Transformer temporal,pytorch-cpu,0.0919085000641644,37,61.45957735092868,83.72765106210359,15.855221887482962,205.11332918650086,0.7170003739306747,0.7170003739306747,17.212265355817305,1,61.45957735092868,61.45957735092868,57.14916566499153,57.14916566499153,4.0,4.0,4.0,,1007.0,16.0,9.0,0.2549915611743927,10.0,9569.0,"[{'epoch': 12, 'train_loss': 0.42248591780662537, 'validation_loss': 0.35489514470100403}, {'epoch': 13, 'train_loss': 0.39642074704170227, 'validation_loss': 0.4244278371334076}, {'epoch': 14, 'train_loss': 0.37892863154411316, 'validation_loss': 0.4978175163269043}, {'epoch': 15, 'train_loss': 0.3684571087360382, 'validation_loss': 0.5634019374847412}, {'epoch': 16, 'train_loss': 0.3618538975715637, 'validation_loss': 0.6127365827560425}]"
stz_4h,Santa Tereza · 4 h,4,strict_common_cohort_causal,4,8_to_9,8,9,7,1007,10,37,2023-12-09T09:00:00,2024-04-13T16:00:00,20260919,True,DLinear experimental,pytorch-cpu,0.008012200007215142,37,70.27118769001285,122.34044269759198,-46.58658373895944,285.1798867274101,0.39578967536840837,0.39578967536840837,17.753360791663646,1,70.27118769001285,70.27118769001285,47.26168638798822,47.26168638798822,2.0,2.0,2.0,,1007.0,18.0,18.0,6.697227478027344,10.0,54.0,"[{'epoch': 14, 'train_loss': 2.2720022201538086, 'validation_loss': 6.936152458190918}, {'epoch': 15, 'train_loss': 2.186643600463867, 'validation_loss': 6.874020576477051}, {'epoch': 16, 'train_loss': 2.103884220123291, 'validation_loss': 6.813478946685791}, {'epoch': 17, 'train_loss': 2.023710012435913, 'validation_loss': 6.754546165466309}, {'epoch': 18, 'train_loss': 1.946104884147644, 'validation_loss': 6.697227478027344}]"
stz_4h,Santa Tereza · 4 h,4,strict_common_cohort_causal,4,8_to_9,8,9,7,1007,10,37,2023-12-09T09:00:00,2024-04-13T16:00:00,20260919,True,NLinear experimental,pytorch-cpu,0.006354999961331487,37,56.60141846324208,100.02740696409425,-33.928603003102026,252.19657205427853,0.596088639864656,0.596088639864656,15.185865825955771,1,56.60141846324208,56.60141846324208,147.73035527704337,147.73035527704337,3.0,3.0,3.0,,1007.0,18.0,18.0,1.7370630502700806,10.0,105.0,"[{'epoch': 14, 'train_loss': 0.7502549290657043, 'validation_loss': 2.2122914791107178}, {'epoch': 15, 'train_loss': 0.7291797995567322, 'validation_loss': 2.0833659172058105}, {'epoch': 16, 'train_loss': 0.7089007496833801, 'validation_loss': 1.9611809253692627}, {'epoch': 17, 'train_loss': 0.68939608335495, 'validation_loss': 1.84574294090271}, {'epoch': 18, 'train_loss': 0.6706467866897583, 'validation_loss': 1.7370630502700806}]"
stz_4h,Santa Tereza · 4 h,4,strict_common_cohort_causal,4,8_to_9,8,9,7,1007,10,37,2023-12-09T09:00:00,2024-04-13T16:00:00,20260919,True,TSMixer experimental,pytorch-cpu,0.06030610005836934,37,76.9213350643981,109.8802875533331,7.722080730768745,272.8028645245618,0.5125976471520259,0.5125976471520259,19.448766252245232,1,76.9213350643981,76.9213350643981,70.53119350038514,70.53119350038514,5.0,5.0,5.0,,1007.0,18.0,12.0,0.750356137752533,10.0,2741.0,"[{'epoch': 14, 'train_loss': 0.6143813729286194, 'validation_loss': 0.761543333530426}, {'epoch': 15, 'train_loss': 0.6021859049797058, 'validation_loss': 0.7701443433761597}, {'epoch': 16, 'train_loss': 0.5901302695274353, 'validation_loss': 0.7783862352371216}, {'epoch': 17, 'train_loss': 0.5780766606330872, 'validation_loss': 0.7851980328559875}, {'epoch': 18, 'train_loss': 0.5660427808761597, 'validation_loss': 0.7901415824890137}]"
stz_4h,Santa Tereza · 4 h,4,strict_common_cohort_causal,4,8_to_9,8,9,7,1007,10,37,2023-12-09T09:00:00,2024-04-13T16:00:00,20260919,True,N-BEATS experimental,pytorch-cpu,0.043439899920485914,37,43.11772827187376,64.35992785596376,5.795828054360688,124.16857411547512,0.8327834942327927,0.8327834942327927,10.297835959682681,1,43.11772827187376,43.11772827187376,82.1364677333953,82.1364677333953,2.0,2.0,2.0,,1007.0,18.0,18.0,0.47102493047714233,10.0,28650.0,"[{'epoch': 14, 'train_loss': 0.10390171408653259, 'validation_loss': 0.5518032908439636}, {'epoch': 15, 'train_loss': 0.08451215922832489, 'validation_loss': 0.5212704539299011}, {'epoch': 16, 'train_loss': 0.06799368560314178, 'validation_loss': 0.49190598726272583}, {'epoch': 17, 'train_loss': 0.060589224100112915, 'validation_loss': 0.4723924994468689}, {'epoch': 18, 'train_loss': 0.062179192900657654, 'validation_loss': 0.47102493047714233}]"
stz_4h,Santa Tereza · 4 h,4,strict_common_cohort_causal,4,8_to_9,8,9,7,1007,10,37,2023-12-09T09:00:00,2024-04-13T16:00:00,20260919,True,N-HiTS-lite experimental,pytorch-cpu,0.006752899964340031,37,52.81955149678669,99.77554302545263,-18.54410261764416,268.58320352879724,0.5981201356862481,0.5981201356862481,12.57978883455165,1,52.81955149678669,52.81955149678669,81.55589951627405,81.55589951627405,5.0,5.0,5.0,,1007.0,8.0,1.0,0.8303311467170715,10.0,3937.0,"[{'epoch': 4, 'train_loss': 0.2862318754196167, 'validation_loss': 0.904090404510498}, {'epoch': 5, 'train_loss': 0.2033781111240387, 'validation_loss': 0.95619136095047}, {'epoch': 6, 'train_loss': 0.15551809966564178, 'validation_loss': 1.0054129362106323}, {'epoch': 7, 'train_loss': 0.1360151320695877, 'validation_loss': 1.041020393371582}, {'epoch': 8, 'train_loss': 0.13717205822467804, 'validation_loss': 1.050985336303711}]"
stz_4h,Santa Tereza · 4 h,4,strict_common_cohort_causal,4,8_to_9,8,9,7,1007,10,37,2023-12-09T09:00:00,2024-04-13T16:00:00,20260919,True,PatchTST experimental,pytorch-cpu,0.05739459989126772,37,69.32135009577928,87.88350561106218,24.0962031178348,191.17034751057707,0.6882095625364468,0.6882095625364468,21.833283540846963,1,69.32135009577928,69.32135009577928,88.90891319962702,88.90891319962702,3.0,3.0,3.0,,1007.0,13.0,6.0,0.1784529834985733,10.0,9441.0,"[{'epoch': 9, 'train_loss': 0.5621281266212463, 'validation_loss': 0.20163066685199738}, {'epoch': 10, 'train_loss': 0.5228860378265381, 'validation_loss': 0.22350940108299255}, {'epoch': 11, 'train_loss': 0.48204731941223145, 'validation_loss': 0.26153117418289185}, {'epoch': 12, 'train_loss': 0.44540268182754517, 'validation_loss': 0.3191351592540741}, {'epoch': 13, 'train_loss': 0.41720911860466003, 'validation_loss': 0.3928167223930359}]"
stz_4h,Santa Tereza · 4 h,4,strict_common_cohort_causal,4,8_to_9,8,9,7,1007,10,37,2023-12-09T09:00:00,2024-04-13T16:00:00,20260919,True,TFT-lite experimental,pytorch-cpu,0.11324869992677122,37,58.74350824159516,89.72692729483508,-1.2508352275293277,244.21534730227535,0.6749923092903112,0.6749923092903112,14.513767986800508,1,58.74350824159516,58.74350824159516,74.84208925026303,74.84208925026303,3.0,3.0,3.0,,1007.0,18.0,17.0,0.5262912511825562,10.0,13759.0,"[{'epoch': 14, 'train_loss': 0.3941870331764221, 'validation_loss': 0.7313343286514282}, {'epoch': 15, 'train_loss': 0.35948696732521057, 'validation_loss': 0.6029432415962219}, {'epoch': 16, 'train_loss': 0.33604052662849426, 'validation_loss': 0.5314608216285706}, {'epoch': 17, 'train_loss': 0.31875911355018616, 'validation_loss': 0.5262912511825562}, {'epoch': 18, 'train_loss': 0.2989934980869293, 'validation_loss': 0.5566508769989014}]"
stz_4h,Santa Tereza · 4 h,4,strict_common_cohort_causal,4,9_to_10,9,10,8,1017,37,14,2024-01-18T19:00:00,2024-04-29T13:00:00,20260919,True,Persistência,baseline,0.0,14,75.35714285714286,81.27774251645667,-75.35714285714286,112.99999999999999,-0.26606921974997166,-0.26606921974997166,14.505362553117838,1,75.35714285714286,75.35714285714286,139.0,139.0,0.0,0.0,0.0,,,,,,,,
stz_4h,Santa Tereza · 4 h,4,strict_common_cohort_causal,4,9_to_10,9,10,8,1017,37,14,2024-01-18T19:00:00,2024-04-29T13:00:00,20260919,True,Ridge,scikit-learn,0.000660700025036931,14,42.31877258845738,48.463046621686885,-37.78344522203718,72.3867938041687,0.5498724338190781,0.5498724338190781,7.8243489180934755,1,42.31877258845738,42.31877258845738,69.93844604492188,69.93844604492188,0.0,0.0,0.0,[],1017.0,,,,,,
stz_4h,Santa Tereza · 4 h,4,strict_common_cohort_causal,4,9_to_10,9,10,8,1017,37,14,2024-01-18T19:00:00,2024-04-29T13:00:00,20260919,True,Elastic Net,scikit-learn,0.05801430006977171,14,39.10501459666661,44.41122240620073,-32.254577432359966,65.9088807106018,0.6219931763738072,0.6219931763738072,7.272164067544094,1,39.10501459666661,39.10501459666661,62.31890869140625,62.31890869140625,0.0,0.0,0.0,"['Objective did not converge. You might want to increase the number of iterations, check the scale of the features or consider increasing regularisation. Duality gap: 2.463245e-01, tolerance: 1.017e-01']",1017.0,,,,,,
stz_4h,Santa Tereza · 4 h,4,strict_common_cohort_causal,4,9_to_10,9,10,8,1017,37,14,2024-01-18T19:00:00,2024-04-29T13:00:00,20260919,True,SVR,scikit-learn,0.039129800046794116,14,34.37939342358673,44.84511420041864,-12.061522934106266,88.83291080826702,0.6145709417277818,0.6145709417277818,6.126875503282695,1,34.37939342358673,34.37939342358673,61.006463920344004,61.006463920344004,-5.0,5.0,5.0,[],1017.0,,,,,,
stz_4h,Santa Tereza · 4 h,4,strict_common_cohort_causal,4,9_to_10,9,10,8,1017,37,14,2024-01-18T19:00:00,2024-04-29T13:00:00,20260919,True,MLP,scikit-learn,0.4227281999774277,14,38.309492996760774,46.37239462153848,-7.781687123434884,76.55678558349608,0.5878709469138637,0.5878709469138637,7.248775743192029,1,38.309492996760774,38.309492996760774,37.28742980957031,37.28742980957031,-5.0,5.0,5.0,[],1017.0,,,,,,
stz_4h,Santa Tereza · 4 h,4,strict_common_cohort_causal,4,9_to_10,9,10,8,1017,37,14,2024-01-18T19:00:00,2024-04-29T13:00:00,20260919,True,Random Forest,scikit-learn,3.1866575999883935,14,32.6090250662296,38.59029765062238,-18.004612308722255,65.96455017985909,0.7145891743189039,0.7145891743189039,6.450969309984311,1,32.6090250662296,32.6090250662296,38.58236047982973,38.58236047982973,0.0,0.0,0.0,[],1017.0,,,,,,
stz_4h,Santa Tereza · 4 h,4,strict_common_cohort_causal,4,9_to_10,9,10,8,1017,37,14,2024-01-18T19:00:00,2024-04-29T13:00:00,20260919,True,Extra Trees,scikit-learn,1.5526318000629544,14,31.609664004005026,36.28636778643268,-16.0477586987759,56.39158784023285,0.7476512362282397,0.7476512362282397,6.137001904176554,1,31.609664004005026,31.609664004005026,49.895337247904195,49.895337247904195,0.0,0.0,0.0,[],1017.0,,,,,,
stz_4h,Santa Tereza · 4 h,4,strict_common_cohort_causal,4,9_to_10,9,10,8,1017,37,14,2024-01-18T19:00:00,2024-04-29T13:00:00,20260919,True,HistGradientBoosting,scikit-learn,0.621186799951829,14,40.06010443956388,47.15096492127812,-20.398463398892726,80.71525759219733,0.5739158737739485,0.5739158737739485,7.529103353423748,1,40.06010443956388,40.06010443956388,80.74350802977654,80.74350802977654,0.0,0.0,0.0,[],1017.0,,,,,,
stz_4h,Santa Tereza · 4 h,4,strict_common_cohort_causal,4,9_to_10,9,10,8,1017,37,14,2024-01-18T19:00:00,2024-04-29T13:00:00,20260919,True,XGBoost,xgboost,0.4770972999976948,14,31.14035551888602,35.74536741921749,-13.281150000435966,57.679919433593746,0.7551197746918831,0.7551197746918831,5.99482463979621,1,31.14035551888602,31.14035551888602,52.0106201171875,52.0106201171875,0.0,0.0,0.0,[],1017.0,,,,,,
stz_4h,Santa Tereza · 4 h,4,strict_common_cohort_causal,4,9_to_10,9,10,8,1017,37,14,2024-01-18T19:00:00,2024-04-29T13:00:00,20260919,True,LightGBM,lightgbm,0.44650499999988824,14,33.14450113240255,39.20672439471533,-17.901424754051583,67.59669044729513,0.7053982618288324,0.7053982618288324,6.231606738712415,1,33.14450113240255,33.14450113240255,71.2498486229988,71.2498486229988,0.0,0.0,0.0,[],1017.0,,,,,,
stz_4h,Santa Tereza · 4 h,4,strict_common_cohort_causal,4,9_to_10,9,10,8,1017,37,14,2024-01-18T19:00:00,2024-04-29T13:00:00,20260919,True,CatBoost,catboost,6.246999599970877,14,29.24016824961695,32.9075839561783,-14.787889791244359,46.4490476308247,0.7924579122219912,0.7924579122219912,5.588848456434021,1,29.24016824961695,29.24016824961695,43.843502025722955,43.843502025722955,0.0,0.0,0.0,[],1017.0,,,,,,
stz_4h,Santa Tereza · 4 h,4,strict_common_cohort_causal,4,9_to_10,9,10,8,1017,37,14,2024-01-18T19:00:00,2024-04-29T13:00:00,20260919,True,CNN-1D temporal,pytorch-cpu,0.06202239997219294,14,24.10791268357375,28.34419372343981,-13.763872538348036,51.2838090523131,0.8460277697482125,0.8460277697482125,4.353292547976957,1,24.10791268357375,24.10791268357375,55.86053987728815,55.86053987728815,0.0,0.0,0.0,,1017.0,18.0,18.0,0.6939489841461182,37.0,5665.0,"[{'epoch': 14, 'train_loss': 0.1685032844543457, 'validation_loss': 0.9151560068130493}, {'epoch': 15, 'train_loss': 0.18793794512748718, 'validation_loss': 0.8556221723556519}, {'epoch': 16, 'train_loss': 0.1865268051624298, 'validation_loss': 0.7944162487983704}, {'epoch': 17, 'train_loss': 0.16629011929035187, 'validation_loss': 0.7374367713928223}, {'epoch': 18, 'train_loss': 0.13777665793895721, 'validation_loss': 0.6939489841461182}]"
stz_4h,Santa Tereza · 4 h,4,strict_common_cohort_causal,4,9_to_10,9,10,8,1017,37,14,2024-01-18T19:00:00,2024-04-29T13:00:00,20260919,True,LSTM,pytorch-cpu,0.05654359993059188,14,39.934728203479736,46.4220655094335,-39.14436739202996,76.65751280960502,0.5869875860428397,0.5869875860428397,7.549485150496567,1,39.934728203479736,39.934728203479736,96.23937583078919,96.23937583078919,0.0,0.0,0.0,,1017.0,18.0,18.0,1.3342763185501099,37.0,7713.0,"[{'epoch': 14, 'train_loss': 0.5711838006973267, 'validation_loss': 1.4459542036056519}, {'epoch': 15, 'train_loss': 0.5513889789581299, 'validation_loss': 1.4167248010635376}, {'epoch': 16, 'train_loss': 0.5335662961006165, 'validation_loss': 1.3882076740264893}, {'epoch': 17, 'train_loss': 0.517595648765564, 'validation_loss': 1.3606581687927246}, {'epoch': 18, 'train_loss': 0.5033466815948486, 'validation_loss': 1.3342763185501099}]"
stz_4h,Santa Tereza · 4 h,4,strict_common_cohort_causal,4,9_to_10,9,10,8,1017,37,14,2024-01-18T19:00:00,2024-04-29T13:00:00,20260919,True,GRU,pytorch-cpu,0.07769489998463541,14,21.217944025466057,27.486908403781527,0.21524031183486564,50.8018276733143,0.8552008622545715,0.8552008622545715,3.924273484309746,1,21.217944025466057,21.217944025466057,52.56483710273574,52.56483710273574,0.0,0.0,0.0,,1017.0,18.0,18.0,1.1303801536560059,37.0,5793.0,"[{'epoch': 14, 'train_loss': 0.36022311449050903, 'validation_loss': 1.2334858179092407}, {'epoch': 15, 'train_loss': 0.3525729775428772, 'validation_loss': 1.2056002616882324}, {'epoch': 16, 'train_loss': 0.34684455394744873, 'validation_loss': 1.1792891025543213}, {'epoch': 17, 'train_loss': 0.3420793414115906, 'validation_loss': 1.1542701721191406}, {'epoch': 18, 'train_loss': 0.33752676844596863, 'validation_loss': 1.1303801536560059}]"
stz_4h,Santa Tereza · 4 h,4,strict_common_cohort_causal,4,9_to_10,9,10,8,1017,37,14,2024-01-18T19:00:00,2024-04-29T13:00:00,20260919,True,TCN,pytorch-cpu,0.07782610005233437,14,34.53923582752945,38.76052509895339,-27.433054393932082,62.31455234160623,0.7120656429247201,0.7120656429247201,6.3575213580943535,1,34.53923582752945,34.53923582752945,75.80843205259941,75.80843205259941,0.0,0.0,0.0,,1017.0,18.0,18.0,0.8243499398231506,37.0,8769.0,"[{'epoch': 14, 'train_loss': 0.19436411559581757, 'validation_loss': 1.0331894159317017}, {'epoch': 15, 'train_loss': 0.14407552778720856, 'validation_loss': 0.9479544162750244}, {'epoch': 16, 'train_loss': 0.1065688356757164, 'validation_loss': 0.8894075751304626}, {'epoch': 17, 'train_loss': 0.09264970570802689, 'validation_loss': 0.8522976636886597}, {'epoch': 18, 'train_loss': 0.09741834551095963, 'validation_loss': 0.8243499398231506}]"
stz_4h,Santa Tereza · 4 h,4,strict_common_cohort_causal,4,9_to_10,9,10,8,1017,37,14,2024-01-18T19:00:00,2024-04-29T13:00:00,20260919,True,Seq2Seq · decoder 1 passo,pytorch-cpu,0.0766929000383243,14,45.06924643232912,52.10470663848666,-42.38036385610864,84.89903981783343,0.47968290435371586,0.47968290435371586,8.629252482628651,1,45.06924643232912,45.06924643232912,104.8171180417196,104.8171180417196,0.0,0.0,0.0,,1017.0,18.0,18.0,1.3537174463272095,37.0,12193.0,"[{'epoch': 14, 'train_loss': 0.6854414343833923, 'validation_loss': 1.4967061281204224}, {'epoch': 15, 'train_loss': 0.6587432026863098, 'validation_loss': 1.4607374668121338}, {'epoch': 16, 'train_loss': 0.6321864724159241, 'validation_loss': 1.4247287511825562}, {'epoch': 17, 'train_loss': 0.6059355735778809, 'validation_loss': 1.3889597654342651}, {'epoch': 18, 'train_loss': 0.5802159309387207, 'validation_loss': 1.3537174463272095}]"
stz_4h,Santa Tereza · 4 h,4,strict_common_cohort_causal,4,9_to_10,9,10,8,1017,37,14,2024-01-18T19:00:00,2024-04-29T13:00:00,20260919,True,Transformer temporal,pytorch-cpu,0.107914499938488,14,22.945078048081708,29.785729727415653,4.869787509264602,52.65719622605644,0.8299679957197457,0.8299679957197457,4.266790698957094,1,22.945078048081708,22.945078048081708,27.3682351648348,27.3682351648348,0.0,0.0,0.0,,1017.0,18.0,12.0,1.0952876806259155,37.0,9569.0,"[{'epoch': 14, 'train_loss': 0.37628358602523804, 'validation_loss': 1.1176384687423706}, {'epoch': 15, 'train_loss': 0.36609089374542236, 'validation_loss': 1.129356861114502}, {'epoch': 16, 'train_loss': 0.3597502112388611, 'validation_loss': 1.1351799964904785}, {'epoch': 17, 'train_loss': 0.3543042242527008, 'validation_loss': 1.1341625452041626}, {'epoch': 18, 'train_loss': 0.34762728214263916, 'validation_loss': 1.1274621486663818}]"
stz_4h,Santa Tereza · 4 h,4,strict_common_cohort_causal,4,9_to_10,9,10,8,1017,37,14,2024-01-18T19:00:00,2024-04-29T13:00:00,20260919,True,DLinear experimental,pytorch-cpu,0.0080893998965621,14,86.87368477009295,97.99388852641918,-84.10582389377957,146.60426320087018,-0.8403997603871578,-0.8403997603871578,16.79097407074604,1,86.87368477009295,86.87368477009295,125.6249738658064,125.6249738658064,-5.0,5.0,5.0,,1017.0,18.0,18.0,2.4108269214630127,37.0,54.0,"[{'epoch': 14, 'train_loss': 2.303208112716675, 'validation_loss': 2.570693016052246}, {'epoch': 15, 'train_loss': 2.2183446884155273, 'validation_loss': 2.5283000469207764}, {'epoch': 16, 'train_loss': 2.1360485553741455, 'validation_loss': 2.487550973892212}, {'epoch': 17, 'train_loss': 2.0563063621520996, 'validation_loss': 2.4484074115753174}, {'epoch': 18, 'train_loss': 1.9791007041931152, 'validation_loss': 2.4108269214630127}]"
stz_4h,Santa Tereza · 4 h,4,strict_common_cohort_causal,4,9_to_10,9,10,8,1017,37,14,2024-01-18T19:00:00,2024-04-29T13:00:00,20260919,True,NLinear experimental,pytorch-cpu,0.006297499989159405,14,81.54675546646084,89.47804520494127,-81.54675546646084,135.84753655773125,-0.5344302815086879,-0.5344302815086879,15.625833163369274,1,81.54675546646084,81.54675546646084,147.4425320386705,147.4425320386705,-2.0,2.0,2.0,,1017.0,18.0,18.0,1.568655014038086,37.0,105.0,"[{'epoch': 14, 'train_loss': 0.7550020217895508, 'validation_loss': 1.7233585119247437}, {'epoch': 15, 'train_loss': 0.7334995269775391, 'validation_loss': 1.6806737184524536}, {'epoch': 16, 'train_loss': 0.7128511071205139, 'validation_loss': 1.6407732963562012}, {'epoch': 17, 'train_loss': 0.6930351853370667, 'validation_loss': 1.6034876108169556}, {'epoch': 18, 'train_loss': 0.674031674861908, 'validation_loss': 1.568655014038086}]"
stz_4h,Santa Tereza · 4 h,4,strict_common_cohort_causal,4,9_to_10,9,10,8,1017,37,14,2024-01-18T19:00:00,2024-04-29T13:00:00,20260919,True,TSMixer experimental,pytorch-cpu,0.04379490006249398,14,21.203555137396254,31.508193709504013,-14.350494065413752,67.9005248805761,0.8097339952343262,0.8097339952343262,3.675652530907536,1,21.203555137396254,21.203555137396254,83.0317944031708,83.0317944031708,0.0,0.0,0.0,,1017.0,18.0,18.0,1.7982373237609863,37.0,2741.0,"[{'epoch': 14, 'train_loss': 0.618956983089447, 'validation_loss': 1.9152417182922363}, {'epoch': 15, 'train_loss': 0.6070693731307983, 'validation_loss': 1.8851261138916016}, {'epoch': 16, 'train_loss': 0.595263659954071, 'validation_loss': 1.855441689491272}, {'epoch': 17, 'train_loss': 0.5834141969680786, 'validation_loss': 1.826377034187317}, {'epoch': 18, 'train_loss': 0.5715393424034119, 'validation_loss': 1.7982373237609863}]"
stz_4h,Santa Tereza · 4 h,4,strict_common_cohort_causal,4,9_to_10,9,10,8,1017,37,14,2024-01-18T19:00:00,2024-04-29T13:00:00,20260919,True,N-BEATS experimental,pytorch-cpu,0.029835899942554533,14,27.948607330956953,36.23182403893734,-4.347201819991942,71.85716689172324,0.748409300669366,0.748409300669366,5.079529894629286,1,27.948607330956953,27.948607330956953,70.62819704504625,70.62819704504625,0.0,0.0,0.0,,1017.0,18.0,18.0,0.6356250643730164,37.0,28650.0,"[{'epoch': 14, 'train_loss': 0.10812224447727203, 'validation_loss': 0.7852445840835571}, {'epoch': 15, 'train_loss': 0.08898211270570755, 'validation_loss': 0.7379780411720276}, {'epoch': 16, 'train_loss': 0.07237635552883148, 'validation_loss': 0.6974550485610962}, {'epoch': 17, 'train_loss': 0.06469406187534332, 'validation_loss': 0.6641097068786621}, {'epoch': 18, 'train_loss': 0.06607669591903687, 'validation_loss': 0.6356250643730164}]"
stz_4h,Santa Tereza · 4 h,4,strict_common_cohort_causal,4,9_to_10,9,10,8,1017,37,14,2024-01-18T19:00:00,2024-04-29T13:00:00,20260919,True,N-HiTS-lite experimental,pytorch-cpu,0.015028199995867908,14,27.900842037740624,35.46978917721587,-20.12596881083967,63.938643016742624,0.7588810190057316,0.7588810190057316,5.1350634732209635,1,27.900842037740624,27.900842037740624,67.4921108373943,67.4921108373943,0.0,0.0,0.0,,1017.0,18.0,18.0,0.736179530620575,37.0,3937.0,"[{'epoch': 14, 'train_loss': 0.13703154027462006, 'validation_loss': 0.928235650062561}, {'epoch': 15, 'train_loss': 0.11875468492507935, 'validation_loss': 0.8713633418083191}, {'epoch': 16, 'train_loss': 0.10148108005523682, 'validation_loss': 0.819951057434082}, {'epoch': 17, 'train_loss': 0.08705814182758331, 'validation_loss': 0.7747586369514465}, {'epoch': 18, 'train_loss': 0.07646027207374573, 'validation_loss': 0.736179530620575}]"
stz_4h,Santa Tereza · 4 h,4,strict_common_cohort_causal,4,9_to_10,9,10,8,1017,37,14,2024-01-18T19:00:00,2024-04-29T13:00:00,20260919,True,PatchTST experimental,pytorch-cpu,0.06417929998133332,14,19.98759538135244,25.14625929617262,5.033037875861562,41.96979207766895,0.8788116244085831,0.8788116244085831,3.6706467639285867,1,19.98759538135244,19.98759538135244,53.95812286286616,53.95812286286616,0.0,0.0,0.0,,1017.0,18.0,12.0,1.154650092124939,37.0,9441.0,"[{'epoch': 14, 'train_loss': 0.3965107202529907, 'validation_loss': 1.1707018613815308}, {'epoch': 15, 'train_loss': 0.38789233565330505, 'validation_loss': 1.185261845588684}, {'epoch': 16, 'train_loss': 0.3839893937110901, 'validation_loss': 1.1962478160858154}, {'epoch': 17, 'train_loss': 0.3807108998298645, 'validation_loss': 1.201279640197754}, {'epoch': 18, 'train_loss': 0.3752972185611725, 'validation_loss': 1.201256275177002}]"
stz_4h,Santa Tereza · 4 h,4,strict_common_cohort_causal,4,9_to_10,9,10,8,1017,37,14,2024-01-18T19:00:00,2024-04-29T13:00:00,20260919,True,TFT-lite experimental,pytorch-cpu,0.11258860002271831,14,39.44432978844726,47.20379088652697,-32.797597947408505,86.277308884965,0.5729606053520317,0.5729606053520317,7.313360423816481,1,39.44432978844726,39.44432978844726,109.56541143442257,109.56541143442257,0.0,0.0,0.0,,1017.0,18.0,18.0,1.2909353971481323,37.0,13759.0,"[{'epoch': 14, 'train_loss': 0.39392292499542236, 'validation_loss': 1.4651528596878052}, {'epoch': 15, 'train_loss': 0.35932931303977966, 'validation_loss': 1.403455138206482}, {'epoch': 16, 'train_loss': 0.33615607023239136, 'validation_loss': 1.362036943435669}, {'epoch': 17, 'train_loss': 0.3188076317310333, 'validation_loss': 1.3258517980575562}, {'epoch': 18, 'train_loss': 0.2990189790725708, 'validation_loss': 1.2909353971481323}]"
stz_4h,Santa Tereza · 4 h,4,strict_common_cohort_causal,4,10_to_11,10,11,9,1054,14,38,2024-04-15T04:00:00,2024-10-02T08:00:00,20260919,True,Persistência,baseline,0.0,38,33.0,50.69412921475331,-5.473684210526316,144.99999999999997,0.8322862431782767,0.8322862431782767,7.393470963220169,1,33.0,33.0,0.0,0.0,4.0,4.0,4.0,,,,,,,,
stz_4h,Santa Tereza · 4 h,4,strict_common_cohort_causal,4,10_to_11,10,11,9,1054,14,38,2024-04-15T04:00:00,2024-10-02T08:00:00,20260919,True,Ridge,scikit-learn,0.0006831999635323882,38,21.936287999153137,24.654209034355514,16.468269919094286,40.98625297546386,0.9603324388258687,0.9603324388258687,5.753803413828079,1,21.936287999153137,21.936287999153137,15.582328796386719,15.582328796386719,1.0,1.0,1.0,[],1054.0,,,,,,
stz_4h,Santa Tereza · 4 h,4,strict_common_cohort_causal,4,10_to_11,10,11,9,1054,14,38,2024-04-15T04:00:00,2024-10-02T08:00:00,20260919,True,Elastic Net,scikit-learn,0.06702130008488894,38,18.198503447206395,21.801265623656914,10.892828530386874,39.60057425498961,0.9689817876340433,0.9689817876340433,4.657140018147195,1,18.198503447206395,18.198503447206395,10.860294342041016,10.860294342041016,1.0,1.0,1.0,"['Objective did not converge. You might want to increase the number of iterations, check the scale of the features or consider increasing regularisation. Duality gap: 1.686878e-01, tolerance: 1.054e-01']",1054.0,,,,,,
stz_4h,Santa Tereza · 4 h,4,strict_common_cohort_causal,4,10_to_11,10,11,9,1054,14,38,2024-04-15T04:00:00,2024-10-02T08:00:00,20260919,True,SVR,scikit-learn,0.04209430003538728,38,14.614030541883835,20.518143497511723,7.789298430139046,39.42540804452652,0.9725255202166341,0.9725255202166341,3.731495285693641,1,14.614030541883835,14.614030541883835,4.04646870057195,4.04646870057195,-7.0,7.0,7.0,[],1054.0,,,,,,
stz_4h,Santa Tereza · 4 h,4,strict_common_cohort_causal,4,10_to_11,10,11,9,1054,14,38,2024-04-15T04:00:00,2024-10-02T08:00:00,20260919,True,MLP,scikit-learn,0.3034514000173658,38,19.755077399705584,25.864302492963596,4.243276859584608,55.088579940795896,0.9563428989364128,0.9563428989364128,5.039152011150048,1,19.755077399705584,19.755077399705584,18.872417449951172,18.872417449951172,-1.0,1.0,1.0,[],1054.0,,,,,,
stz_4h,Santa Tereza · 4 h,4,strict_common_cohort_causal,4,10_to_11,10,11,9,1054,14,38,2024-04-15T04:00:00,2024-10-02T08:00:00,20260919,True,Random Forest,scikit-learn,3.4533949999604374,38,13.618455157901346,21.79406589163369,4.369539630799189,47.968115376020116,0.969002271393587,0.969002271393587,3.871621296733876,1,13.618455157901346,13.618455157901346,3.3204155167942417,3.3204155167942417,1.0,1.0,1.0,[],1054.0,,,,,,
stz_4h,Santa Tereza · 4 h,4,strict_common_cohort_causal,4,10_to_11,10,11,9,1054,14,38,2024-04-15T04:00:00,2024-10-02T08:00:00,20260919,True,Extra Trees,scikit-learn,1.29498829995282,38,13.583347962186949,20.088028355145056,3.3964561095824863,47.12506076843673,0.9736653241018641,0.9736653241018641,3.517885343489138,1,13.583347962186949,13.583347962186949,0.14733418276307475,0.14733418276307475,1.0,1.0,1.0,[],1054.0,,,,,,
stz_4h,Santa Tereza · 4 h,4,strict_common_cohort_causal,4,10_to_11,10,11,9,1054,14,38,2024-04-15T04:00:00,2024-10-02T08:00:00,20260919,True,HistGradientBoosting,scikit-learn,0.4600065000122413,38,21.414271612112504,30.226085776506352,8.742072743754893,68.66537270755825,0.9403765402174215,0.9403765402174215,5.319995906042951,1,21.414271612112504,21.414271612112504,2.3243429562076017,2.3243429562076017,0.0,0.0,0.0,[],1054.0,,,,,,
stz_4h,Santa Tereza · 4 h,4,strict_common_cohort_causal,4,10_to_11,10,11,9,1054,14,38,2024-04-15T04:00:00,2024-10-02T08:00:00,20260919,True,XGBoost,xgboost,0.549989499966614,38,17.059526123498614,22.99144000707512,6.737966619039836,48.83175201416014,0.9655026529054267,0.9655026529054267,4.525718651336337,1,17.059526123498614,17.059526123498614,4.478157043457031,4.478157043457031,0.0,0.0,0.0,[],1054.0,,,,,,
stz_4h,Santa Tereza · 4 h,4,strict_common_cohort_causal,4,10_to_11,10,11,9,1054,14,38,2024-04-15T04:00:00,2024-10-02T08:00:00,20260919,True,LightGBM,lightgbm,0.5099253000225872,38,19.571902627519744,30.367046848792974,6.5075096508318255,71.24557381555083,0.9398191286808227,0.9398191286808227,4.891451837078837,1,19.571902627519744,19.571902627519744,0.2929043917137051,0.2929043917137051,2.0,2.0,2.0,[],1054.0,,,,,,
stz_4h,Santa Tereza · 4 h,4,strict_common_cohort_causal,4,10_to_11,10,11,9,1054,14,38,2024-04-15T04:00:00,2024-10-02T08:00:00,20260919,True,CatBoost,catboost,5.9108117000432685,38,16.835716154710127,21.818584648913976,5.348951671997385,36.93175723206764,0.9689324860391901,0.9689324860391901,4.333230013643514,1,16.835716154710127,16.835716154710127,4.6222804394788,4.6222804394788,1.0,1.0,1.0,[],1054.0,,,,,,
stz_4h,Santa Tereza · 4 h,4,strict_common_cohort_causal,4,10_to_11,10,11,9,1054,14,38,2024-04-15T04:00:00,2024-10-02T08:00:00,20260919,True,CNN-1D temporal,pytorch-cpu,0.04289799998514354,38,17.387221237159828,21.07301650814155,0.005654258211270016,42.420070681097286,0.971019440406274,0.971019440406274,3.7542536715600434,1,17.387221237159828,17.387221237159828,17.88196964411088,17.88196964411088,1.0,1.0,1.0,,1054.0,18.0,15.0,0.09174191951751709,14.0,5665.0,"[{'epoch': 14, 'train_loss': 0.18491025269031525, 'validation_loss': 0.09238880127668381}, {'epoch': 15, 'train_loss': 0.20063506066799164, 'validation_loss': 0.09174191951751709}, {'epoch': 16, 'train_loss': 0.19539135694503784, 'validation_loss': 0.09352534264326096}, {'epoch': 17, 'train_loss': 0.17196863889694214, 'validation_loss': 0.09957952052354813}, {'epoch': 18, 'train_loss': 0.14202213287353516, 'validation_loss': 0.11096473038196564}]"
stz_4h,Santa Tereza · 4 h,4,strict_common_cohort_causal,4,10_to_11,10,11,9,1054,14,38,2024-04-15T04:00:00,2024-10-02T08:00:00,20260919,True,LSTM,pytorch-cpu,0.042986700078472495,38,22.168778940088306,33.57916081958947,-5.781561146864861,85.72139834466853,0.9264143671468499,0.9264143671468499,4.560875440797926,1,22.168778940088306,22.168778940088306,21.606566427699022,21.606566427699022,4.0,4.0,4.0,,1054.0,18.0,18.0,0.3191935420036316,14.0,7713.0,"[{'epoch': 14, 'train_loss': 0.5785546898841858, 'validation_loss': 0.47252583503723145}, {'epoch': 15, 'train_loss': 0.5585987567901611, 'validation_loss': 0.4315440356731415}, {'epoch': 16, 'train_loss': 0.540586531162262, 'validation_loss': 0.39217501878738403}, {'epoch': 17, 'train_loss': 0.5244166254997253, 'validation_loss': 0.35464945435523987}, {'epoch': 18, 'train_loss': 0.5099554657936096, 'validation_loss': 0.3191935420036316}]"
stz_4h,Santa Tereza · 4 h,4,strict_common_cohort_causal,4,10_to_11,10,11,9,1054,14,38,2024-04-15T04:00:00,2024-10-02T08:00:00,20260919,True,GRU,pytorch-cpu,0.04223999998066574,38,16.585403460502178,19.6385519705335,-0.969244078276142,34.49162061095182,0.9748306339421423,0.9748306339421423,3.669325539514662,1,16.585403460502178,16.585403460502178,15.520970121400751,15.520970121400751,-1.0,1.0,1.0,,1054.0,18.0,18.0,0.11036105453968048,14.0,5793.0,"[{'epoch': 14, 'train_loss': 0.375302255153656, 'validation_loss': 0.12857602536678314}, {'epoch': 15, 'train_loss': 0.3666935861110687, 'validation_loss': 0.11943364143371582}, {'epoch': 16, 'train_loss': 0.3599312901496887, 'validation_loss': 0.11431579291820526}, {'epoch': 17, 'train_loss': 0.3541170060634613, 'validation_loss': 0.11168408393859863}, {'epoch': 18, 'train_loss': 0.34854432940483093, 'validation_loss': 0.11036105453968048}]"
stz_4h,Santa Tereza · 4 h,4,strict_common_cohort_causal,4,10_to_11,10,11,9,1054,14,38,2024-04-15T04:00:00,2024-10-02T08:00:00,20260919,True,TCN,pytorch-cpu,0.056356299901381135,38,17.85426738313406,21.857900922907174,-0.3470903221189266,47.21751477224026,0.9688204201630138,0.9688204201630138,3.8028048716627794,1,17.85426738313406,17.85426738313406,13.014741951833003,13.014741951833003,-1.0,1.0,1.0,,1054.0,18.0,12.0,0.10280901193618774,14.0,8769.0,"[{'epoch': 14, 'train_loss': 0.21067683398723602, 'validation_loss': 0.113451287150383}, {'epoch': 15, 'train_loss': 0.15993916988372803, 'validation_loss': 0.1332113891839981}, {'epoch': 16, 'train_loss': 0.12230313569307327, 'validation_loss': 0.1636306494474411}, {'epoch': 17, 'train_loss': 0.10796987265348434, 'validation_loss': 0.19765543937683105}, {'epoch': 18, 'train_loss': 0.11137870699167252, 'validation_loss': 0.22609703242778778}]"
stz_4h,Santa Tereza · 4 h,4,strict_common_cohort_causal,4,10_to_11,10,11,9,1054,14,38,2024-04-15T04:00:00,2024-10-02T08:00:00,20260919,True,Seq2Seq · decoder 1 passo,pytorch-cpu,0.0568910000147298,38,22.89119007486209,34.84069214787036,-4.281586641033307,88.4033318149693,0.9207814478515196,0.9207814478515196,4.9017401861926775,1,22.89119007486209,22.89119007486209,10.007072386581285,10.007072386581285,4.0,4.0,4.0,,1054.0,18.0,18.0,0.40808552503585815,14.0,12193.0,"[{'epoch': 14, 'train_loss': 0.6887787580490112, 'validation_loss': 0.6249229311943054}, {'epoch': 15, 'train_loss': 0.6620585322380066, 'validation_loss': 0.569487988948822}, {'epoch': 16, 'train_loss': 0.6354921460151672, 'validation_loss': 0.5143977999687195}, {'epoch': 17, 'train_loss': 0.6092549562454224, 'validation_loss': 0.46033695340156555}, {'epoch': 18, 'train_loss': 0.5835810303688049, 'validation_loss': 0.40808552503585815}]"
stz_4h,Santa Tereza · 4 h,4,strict_common_cohort_causal,4,10_to_11,10,11,9,1054,14,38,2024-04-15T04:00:00,2024-10-02T08:00:00,20260919,True,Transformer temporal,pytorch-cpu,0.08239800005685538,38,21.73469590191651,27.842111742085162,0.06130510267323524,55.102817707695195,0.9494108133968767,0.9494108133968767,4.663267213240839,1,21.73469590191651,21.73469590191651,23.41128523820612,23.41128523820612,4.0,4.0,4.0,,1054.0,18.0,13.0,0.1230236291885376,14.0,9569.0,"[{'epoch': 14, 'train_loss': 0.3794878125190735, 'validation_loss': 0.1260373294353485}, {'epoch': 15, 'train_loss': 0.36964526772499084, 'validation_loss': 0.14027240872383118}, {'epoch': 16, 'train_loss': 0.3632441759109497, 'validation_loss': 0.158018097281456}, {'epoch': 17, 'train_loss': 0.3573949933052063, 'validation_loss': 0.17291226983070374}, {'epoch': 18, 'train_loss': 0.3499716520309448, 'validation_loss': 0.18284668028354645}]"
stz_4h,Santa Tereza · 4 h,4,strict_common_cohort_causal,4,10_to_11,10,11,9,1054,14,38,2024-04-15T04:00:00,2024-10-02T08:00:00,20260919,True,DLinear experimental,pytorch-cpu,0.008279100060462952,38,51.880452321259526,74.02311055686822,9.321041984886786,203.73660151601072,0.6424078190489962,0.6424078190489962,11.292695134849843,1,51.880452321259526,51.880452321259526,29.462891194016265,29.462891194016265,2.0,2.0,2.0,,1054.0,18.0,18.0,1.4758318662643433,14.0,54.0,"[{'epoch': 14, 'train_loss': 2.248088836669922, 'validation_loss': 1.6689947843551636}, {'epoch': 15, 'train_loss': 2.166883707046509, 'validation_loss': 1.6179689168930054}, {'epoch': 16, 'train_loss': 2.088111162185669, 'validation_loss': 1.5687901973724365}, {'epoch': 17, 'train_loss': 2.0117533206939697, 'validation_loss': 1.521422028541565}, {'epoch': 18, 'train_loss': 1.9377896785736084, 'validation_loss': 1.4758318662643433}]"
stz_4h,Santa Tereza · 4 h,4,strict_common_cohort_causal,4,10_to_11,10,11,9,1054,14,38,2024-04-15T04:00:00,2024-10-02T08:00:00,20260919,True,NLinear experimental,pytorch-cpu,0.006213800050318241,38,36.615262539171994,54.526983659081495,-11.527502123139849,144.79620715947382,0.8059666864841657,0.8059666864841657,8.059458339067112,1,36.615262539171994,36.615262539171994,2.6695548905622672,2.6695548905622672,2.0,2.0,2.0,,1054.0,18.0,18.0,1.1879867315292358,14.0,105.0,"[{'epoch': 14, 'train_loss': 0.7610552310943604, 'validation_loss': 1.3249257802963257}, {'epoch': 15, 'train_loss': 0.7399682998657227, 'validation_loss': 1.2882297039031982}, {'epoch': 16, 'train_loss': 0.7197432518005371, 'validation_loss': 1.253232717514038}, {'epoch': 17, 'train_loss': 0.7003579139709473, 'validation_loss': 1.219845175743103}, {'epoch': 18, 'train_loss': 0.6817915439605713, 'validation_loss': 1.1879867315292358}]"
stz_4h,Santa Tereza · 4 h,4,strict_common_cohort_causal,4,10_to_11,10,11,9,1054,14,38,2024-04-15T04:00:00,2024-10-02T08:00:00,20260919,True,TSMixer experimental,pytorch-cpu,0.047102599986828864,38,32.304187833515975,36.8263924183512,-3.209686474523717,63.867556004268415,0.9114942053647673,0.9114942053647673,8.119780247180723,1,32.304187833515975,32.304187833515975,11.389191161057852,11.389191161057852,-1.0,1.0,1.0,,1054.0,18.0,18.0,0.12739574909210205,14.0,2741.0,"[{'epoch': 14, 'train_loss': 0.6481455564498901, 'validation_loss': 0.13385909795761108}, {'epoch': 15, 'train_loss': 0.635267972946167, 'validation_loss': 0.13112099468708038}, {'epoch': 16, 'train_loss': 0.6225022077560425, 'validation_loss': 0.12919403612613678}, {'epoch': 17, 'train_loss': 0.6098864674568176, 'validation_loss': 0.12800128757953644}, {'epoch': 18, 'train_loss': 0.597503125667572, 'validation_loss': 0.12739574909210205}]"
stz_4h,Santa Tereza · 4 h,4,strict_common_cohort_causal,4,10_to_11,10,11,9,1054,14,38,2024-04-15T04:00:00,2024-10-02T08:00:00,20260919,True,N-BEATS experimental,pytorch-cpu,0.03987259999848902,38,15.076828566145506,19.704173619845132,-3.1176365519984324,31.516898580288544,0.9746621475084802,0.9746621475084802,3.3577031938394244,1,15.076828566145506,15.076828566145506,12.666212505543172,12.666212505543172,4.0,4.0,4.0,,1054.0,14.0,7.0,0.18019890785217285,14.0,28650.0,"[{'epoch': 10, 'train_loss': 0.10758160054683685, 'validation_loss': 0.2322961390018463}, {'epoch': 11, 'train_loss': 0.11498527228832245, 'validation_loss': 0.25372588634490967}, {'epoch': 12, 'train_loss': 0.12815482914447784, 'validation_loss': 0.2561744749546051}, {'epoch': 13, 'train_loss': 0.12837554514408112, 'validation_loss': 0.24050764739513397}, {'epoch': 14, 'train_loss': 0.11393823474645615, 'validation_loss': 0.2152293473482132}]"
stz_4h,Santa Tereza · 4 h,4,strict_common_cohort_causal,4,10_to_11,10,11,9,1054,14,38,2024-04-15T04:00:00,2024-10-02T08:00:00,20260919,True,N-HiTS-lite experimental,pytorch-cpu,0.023561200010590255,38,14.2862890341426,21.558763837822898,-2.0786646825732893,32.45235099876988,0.9696679989289572,0.9696679989289572,3.005622323533146,1,14.2862890341426,14.2862890341426,4.919198867593764,4.919198867593764,5.0,5.0,5.0,,1054.0,18.0,13.0,0.16423706710338593,14.0,3937.0,"[{'epoch': 14, 'train_loss': 0.15013116598129272, 'validation_loss': 0.16670970618724823}, {'epoch': 15, 'train_loss': 0.1316489428281784, 'validation_loss': 0.17155024409294128}, {'epoch': 16, 'train_loss': 0.11406966298818588, 'validation_loss': 0.17823295295238495}, {'epoch': 17, 'train_loss': 0.0992388054728508, 'validation_loss': 0.18612471222877502}, {'epoch': 18, 'train_loss': 0.08817118406295776, 'validation_loss': 0.19468948245048523}]"
stz_4h,Santa Tereza · 4 h,4,strict_common_cohort_causal,4,10_to_11,10,11,9,1054,14,38,2024-04-15T04:00:00,2024-10-02T08:00:00,20260919,True,PatchTST experimental,pytorch-cpu,0.06626130000222474,38,22.234776608620248,29.022243792015157,2.179996527126267,57.578480515166355,0.9450313179524384,0.9450313179524384,4.700950526131615,1,22.234776608620248,22.234776608620248,7.366079731572881,7.366079731572881,5.0,5.0,5.0,,1054.0,18.0,13.0,0.08935032784938812,14.0,9441.0,"[{'epoch': 14, 'train_loss': 0.40375325083732605, 'validation_loss': 0.10353441536426544}, {'epoch': 15, 'train_loss': 0.39651939272880554, 'validation_loss': 0.12590402364730835}, {'epoch': 16, 'train_loss': 0.3933505415916443, 'validation_loss': 0.14744117856025696}, {'epoch': 17, 'train_loss': 0.39029431343078613, 'validation_loss': 0.16232982277870178}, {'epoch': 18, 'train_loss': 0.38455718755722046, 'validation_loss': 0.16894017159938812}]"
stz_4h,Santa Tereza · 4 h,4,strict_common_cohort_causal,4,10_to_11,10,11,9,1054,14,38,2024-04-15T04:00:00,2024-10-02T08:00:00,20260919,True,TFT-lite experimental,pytorch-cpu,0.11147659993730485,38,22.474475964248157,27.720031836504557,6.3926143607997945,48.16958726808977,0.949853479767128,0.949853479767128,5.053528954331055,1,22.474475964248157,22.474475964248157,2.8901110630375797,2.8901110630375797,3.0,3.0,3.0,,1054.0,18.0,17.0,0.33032360672950745,14.0,13759.0,"[{'epoch': 14, 'train_loss': 0.4177241027355194, 'validation_loss': 0.5624480843544006}, {'epoch': 15, 'train_loss': 0.38227739930152893, 'validation_loss': 0.42804625630378723}, {'epoch': 16, 'train_loss': 0.3572089374065399, 'validation_loss': 0.34869712591171265}, {'epoch': 17, 'train_loss': 0.3391593098640442, 'validation_loss': 0.33032360672950745}, {'epoch': 18, 'train_loss': 0.31826940178871155, 'validation_loss': 0.34452155232429504}]"
stz_4h,Santa Tereza · 4 h,4,strict_common_cohort_causal,4,11_to_12,11,12,10,1068,38,93,2024-04-30T02:00:00,2024-10-11T07:00:00,20260919,True,Persistência,baseline,0.0,93,33.924731182795696,43.366033980821975,-0.5913978494623656,81.39999999999999,0.8521717323568553,0.8521717323568553,6.133883551580011,1,33.924731182795696,33.924731182795696,0.0,0.0,4.0,4.0,4.0,,,,,,,,
stz_4h,Santa Tereza · 4 h,4,strict_common_cohort_causal,4,11_to_12,11,12,10,1068,38,93,2024-04-30T02:00:00,2024-10-11T07:00:00,20260919,True,Ridge,scikit-learn,0.0006915000267326832,93,22.308638698311263,27.23469883246365,12.552342109782721,46.65584068298338,0.9416953449555254,0.9416953449555254,4.297202807064425,1,22.308638698311263,22.308638698311263,31.25279998779297,31.25279998779297,0.0,0.0,0.0,[],1068.0,,,,,,
stz_4h,Santa Tereza · 4 h,4,strict_common_cohort_causal,4,11_to_12,11,12,10,1068,38,93,2024-04-30T02:00:00,2024-10-11T07:00:00,20260919,True,Elastic Net,scikit-learn,0.06242870003916323,93,20.28847090531421,25.337037112250368,7.947672024849923,48.334604644775375,0.9495373874429922,0.9495373874429922,3.8831676761039295,1,20.28847090531421,20.28847090531421,26.223854064941406,26.223854064941406,0.0,0.0,0.0,"['Objective did not converge. You might want to increase the number of iterations, check the scale of the features or consider increasing regularisation. Duality gap: 2.135124e-01, tolerance: 1.068e-01']",1068.0,,,,,,
stz_4h,Santa Tereza · 4 h,4,strict_common_cohort_causal,4,11_to_12,11,12,10,1068,38,93,2024-04-30T02:00:00,2024-10-11T07:00:00,20260919,True,SVR,scikit-learn,0.04244039999321103,93,20.11333856513968,26.6927583166245,8.642778533210953,53.572957012259984,0.9439926551446497,0.9439926551446497,3.779561810427104,1,20.11333856513968,20.11333856513968,8.280558377030047,8.280558377030047,0.0,0.0,0.0,[],1068.0,,,,,,
stz_4h,Santa Tereza · 4 h,4,strict_common_cohort_causal,4,11_to_12,11,12,10,1068,38,93,2024-04-30T02:00:00,2024-10-11T07:00:00,20260919,True,MLP,scikit-learn,0.2259561000391841,93,28.793794988304057,39.15026332121157,-6.832766914880404,71.28757476806636,0.8795165344739445,0.8795165344739445,5.232526850541346,1,28.793794988304057,28.793794988304057,55.40388488769531,55.40388488769531,-6.0,6.0,6.0,[],1068.0,,,,,,
stz_4h,Santa Tereza · 4 h,4,strict_common_cohort_causal,4,11_to_12,11,12,10,1068,38,93,2024-04-30T02:00:00,2024-10-11T07:00:00,20260919,True,Random Forest,scikit-learn,3.4987262999638915,93,17.081684818802778,22.773785037662837,2.794660684694593,46.62562965846498,0.9592311454086587,0.9592311454086587,3.223066511433287,1,17.081684818802778,17.081684818802778,11.890956938575641,11.890956938575641,1.0,1.0,1.0,[],1068.0,,,,,,
stz_4h,Santa Tereza · 4 h,4,strict_common_cohort_causal,4,11_to_12,11,12,10,1068,38,93,2024-04-30T02:00:00,2024-10-11T07:00:00,20260919,True,Extra Trees,scikit-learn,1.3435078000184149,93,16.11912055601752,21.270099750023867,3.464843398927712,39.299609703185155,0.9644371032217156,0.9644371032217156,3.0667297030078955,1,16.11912055601752,16.11912055601752,7.953845545111562,7.953845545111562,1.0,1.0,1.0,[],1068.0,,,,,,
stz_4h,Santa Tereza · 4 h,4,strict_common_cohort_causal,4,11_to_12,11,12,10,1068,38,93,2024-04-30T02:00:00,2024-10-11T07:00:00,20260919,True,HistGradientBoosting,scikit-learn,0.5277685999171808,93,20.952091777805744,29.509191872433735,8.579477977169043,67.74363063725286,0.9315501172613216,0.9315501172613216,4.013377343912559,1,20.952091777805744,20.952091777805744,6.02068003106217,6.02068003106217,1.0,1.0,1.0,[],1068.0,,,,,,
stz_4h,Santa Tereza · 4 h,4,strict_common_cohort_causal,4,11_to_12,11,12,10,1068,38,93,2024-04-30T02:00:00,2024-10-11T07:00:00,20260919,True,XGBoost,xgboost,0.5505202000495046,93,17.20745224209242,22.694123839692807,3.6600404670161586,39.45094833374022,0.959515860108337,0.959515860108337,3.2689954155496186,1,17.20745224209242,17.20745224209242,2.860297203063965,2.860297203063965,2.0,2.0,2.0,[],1068.0,,,,,,
stz_4h,Santa Tereza · 4 h,4,strict_common_cohort_causal,4,11_to_12,11,12,10,1068,38,93,2024-04-30T02:00:00,2024-10-11T07:00:00,20260919,True,LightGBM,lightgbm,0.6287263999693096,93,16.70212151617587,23.316185291217636,5.594206668778578,50.99746564953692,0.9572660466178035,0.9572660466178035,3.214850946647058,1,16.70212151617587,16.70212151617587,12.509683388980648,12.509683388980648,1.0,1.0,1.0,[],1068.0,,,,,,
stz_4h,Santa Tereza · 4 h,4,strict_common_cohort_causal,4,11_to_12,11,12,10,1068,38,93,2024-04-30T02:00:00,2024-10-11T07:00:00,20260919,True,CatBoost,catboost,6.430957000004128,93,17.291675309140746,22.176635286719105,3.87938677378724,39.71584639254668,0.9613411096182924,0.9613411096182924,3.297375815926233,1,17.291675309140746,17.291675309140746,1.3146874981250676,1.3146874981250676,-1.0,1.0,1.0,[],1068.0,,,,,,
stz_4h,Santa Tereza · 4 h,4,strict_common_cohort_causal,4,11_to_12,11,12,10,1068,38,93,2024-04-30T02:00:00,2024-10-11T07:00:00,20260919,True,CNN-1D temporal,pytorch-cpu,0.055556199979037046,93,28.494451722784582,35.37634240705928,0.6017427172634899,67.15413778389512,0.901625183884645,0.901625183884645,5.327170089713119,1,28.494451722784582,28.494451722784582,3.54758530024651,3.54758530024651,0.0,0.0,0.0,,1068.0,18.0,16.0,0.07060378789901733,38.0,5665.0,"[{'epoch': 14, 'train_loss': 0.1858181208372116, 'validation_loss': 0.07480478286743164}, {'epoch': 15, 'train_loss': 0.20120640099048615, 'validation_loss': 0.07124624401330948}, {'epoch': 16, 'train_loss': 0.19583697617053986, 'validation_loss': 0.07060378789901733}, {'epoch': 17, 'train_loss': 0.17286239564418793, 'validation_loss': 0.07239970564842224}, {'epoch': 18, 'train_loss': 0.14276790618896484, 'validation_loss': 0.07645756751298904}]"
stz_4h,Santa Tereza · 4 h,4,strict_common_cohort_causal,4,11_to_12,11,12,10,1068,38,93,2024-04-30T02:00:00,2024-10-11T07:00:00,20260919,True,LSTM,pytorch-cpu,0.04310819995589554,93,26.87807081340707,32.37278546511874,-10.180461916029202,55.7939756180546,0.9176206777925868,0.9176206777925868,4.876599504206871,1,26.87807081340707,26.87807081340707,18.257786895641175,18.257786895641175,2.0,2.0,2.0,,1068.0,18.0,18.0,0.17745569348335266,38.0,7713.0,"[{'epoch': 14, 'train_loss': 0.5739688277244568, 'validation_loss': 0.2206840068101883}, {'epoch': 15, 'train_loss': 0.5537707209587097, 'validation_loss': 0.2090524286031723}, {'epoch': 16, 'train_loss': 0.5355506539344788, 'validation_loss': 0.19795498251914978}, {'epoch': 17, 'train_loss': 0.5192148685455322, 'validation_loss': 0.18742020428180695}, {'epoch': 18, 'train_loss': 0.5046298503875732, 'validation_loss': 0.17745569348335266}]"
stz_4h,Santa Tereza · 4 h,4,strict_common_cohort_causal,4,11_to_12,11,12,10,1068,38,93,2024-04-30T02:00:00,2024-10-11T07:00:00,20260919,True,GRU,pytorch-cpu,0.06653519999235868,93,30.74921113125682,38.934820707494865,-1.0880419329429392,73.27426436381184,0.8808389190260177,0.8808389190260177,5.799856652904299,1,30.74921113125682,30.74921113125682,2.554790813154,2.554790813154,1.0,1.0,1.0,,1068.0,18.0,18.0,0.06276420503854752,38.0,5793.0,"[{'epoch': 14, 'train_loss': 0.37121710181236267, 'validation_loss': 0.08491646498441696}, {'epoch': 15, 'train_loss': 0.3627903461456299, 'validation_loss': 0.07688532024621964}, {'epoch': 16, 'train_loss': 0.35629114508628845, 'validation_loss': 0.07074695080518723}, {'epoch': 17, 'train_loss': 0.3507874310016632, 'validation_loss': 0.06615179777145386}, {'epoch': 18, 'train_loss': 0.34553709626197815, 'validation_loss': 0.06276420503854752}]"
stz_4h,Santa Tereza · 4 h,4,strict_common_cohort_causal,4,11_to_12,11,12,10,1068,38,93,2024-04-30T02:00:00,2024-10-11T07:00:00,20260919,True,TCN,pytorch-cpu,0.07759719993919134,93,27.757540899600478,35.67054704790537,3.4174774957269185,70.07196671747406,0.8999821267571828,0.8999821267571828,5.153057961995808,1,27.757540899600478,27.757540899600478,9.457628894539312,9.457628894539312,-8.0,8.0,8.0,,1068.0,18.0,13.0,0.0744028240442276,38.0,8769.0,"[{'epoch': 14, 'train_loss': 0.21127580106258392, 'validation_loss': 0.07599224150180817}, {'epoch': 15, 'train_loss': 0.16051404178142548, 'validation_loss': 0.08047529309988022}, {'epoch': 16, 'train_loss': 0.12282900512218475, 'validation_loss': 0.08686433732509613}, {'epoch': 17, 'train_loss': 0.10782737284898758, 'validation_loss': 0.09326738119125366}, {'epoch': 18, 'train_loss': 0.11081232875585556, 'validation_loss': 0.09777285903692245}]"
stz_4h,Santa Tereza · 4 h,4,strict_common_cohort_causal,4,11_to_12,11,12,10,1068,38,93,2024-04-30T02:00:00,2024-10-11T07:00:00,20260919,True,Seq2Seq · decoder 1 passo,pytorch-cpu,0.07341119996272027,93,25.806706763200093,32.785515810242885,-2.3276758130145305,58.29453073765899,0.9155067301335726,0.9155067301335726,4.858916813971874,1,25.806706763200093,25.806706763200093,2.3697789603694446,2.3697789603694446,2.0,2.0,2.0,,1068.0,18.0,18.0,0.19176942110061646,38.0,12193.0,"[{'epoch': 14, 'train_loss': 0.686337411403656, 'validation_loss': 0.25507768988609314}, {'epoch': 15, 'train_loss': 0.6593262553215027, 'validation_loss': 0.2393883913755417}, {'epoch': 16, 'train_loss': 0.632461667060852, 'validation_loss': 0.2235172986984253}, {'epoch': 17, 'train_loss': 0.6059246063232422, 'validation_loss': 0.2075958102941513}, {'epoch': 18, 'train_loss': 0.5799560546875, 'validation_loss': 0.19176942110061646}]"
stz_4h,Santa Tereza · 4 h,4,strict_common_cohort_causal,4,11_to_12,11,12,10,1068,38,93,2024-04-30T02:00:00,2024-10-11T07:00:00,20260919,True,Transformer temporal,pytorch-cpu,0.08379950001835823,93,23.904431276584308,28.665049655258713,4.910181425002599,48.89546915078385,0.9354102694419602,0.9354102694419602,4.538922273614492,1,23.904431276584308,23.904431276584308,37.72846792464031,37.72846792464031,0.0,0.0,0.0,,1068.0,18.0,14.0,0.1132371798157692,38.0,9569.0,"[{'epoch': 14, 'train_loss': 0.3762781620025635, 'validation_loss': 0.1132371798157692}, {'epoch': 15, 'train_loss': 0.36678317189216614, 'validation_loss': 0.11358223110437393}, {'epoch': 16, 'train_loss': 0.36087584495544434, 'validation_loss': 0.11472848802804947}, {'epoch': 17, 'train_loss': 0.35551920533180237, 'validation_loss': 0.11540882289409637}, {'epoch': 18, 'train_loss': 0.34850528836250305, 'validation_loss': 0.11501334607601166}]"
stz_4h,Santa Tereza · 4 h,4,strict_common_cohort_causal,4,11_to_12,11,12,10,1068,38,93,2024-04-30T02:00:00,2024-10-11T07:00:00,20260919,True,DLinear experimental,pytorch-cpu,0.008125600055791438,93,54.39858917249011,75.0405958938796,2.880971007460411,165.03163717612108,0.5573600336413823,0.5573600336413823,9.9016651159863,1,54.39858917249011,54.39858917249011,20.57178216542445,20.57178216542445,7.0,7.0,7.0,,1068.0,18.0,18.0,0.8739498257637024,38.0,54.0,"[{'epoch': 14, 'train_loss': 2.2275140285491943, 'validation_loss': 0.9565413594245911}, {'epoch': 15, 'train_loss': 2.1471176147460938, 'validation_loss': 0.9355084300041199}, {'epoch': 16, 'train_loss': 2.06913161277771, 'validation_loss': 0.9147271513938904}, {'epoch': 17, 'train_loss': 1.9935373067855835, 'validation_loss': 0.8942050933837891}, {'epoch': 18, 'train_loss': 1.9203147888183594, 'validation_loss': 0.8739498257637024}]"
stz_4h,Santa Tereza · 4 h,4,strict_common_cohort_causal,4,11_to_12,11,12,10,1068,38,93,2024-04-30T02:00:00,2024-10-11T07:00:00,20260919,True,NLinear experimental,pytorch-cpu,0.006031599943526089,93,42.80187635521901,55.963752220712955,-6.1054389517808145,110.77524039448579,0.7538092529474223,0.7538092529474223,7.769572344889053,1,42.80187635521901,42.80187635521901,24.17476229054489,24.17476229054489,4.0,4.0,4.0,,1068.0,18.0,18.0,0.46721288561820984,38.0,105.0,"[{'epoch': 14, 'train_loss': 0.7653883695602417, 'validation_loss': 0.5137490630149841}, {'epoch': 15, 'train_loss': 0.7442243099212646, 'validation_loss': 0.500989556312561}, {'epoch': 16, 'train_loss': 0.7239246368408203, 'validation_loss': 0.4890080392360687}, {'epoch': 17, 'train_loss': 0.7044664025306702, 'validation_loss': 0.47776296734809875}, {'epoch': 18, 'train_loss': 0.6858285069465637, 'validation_loss': 0.46721288561820984}]"
stz_4h,Santa Tereza · 4 h,4,strict_common_cohort_causal,4,11_to_12,11,12,10,1068,38,93,2024-04-30T02:00:00,2024-10-11T07:00:00,20260919,True,TSMixer experimental,pytorch-cpu,0.04674460005480796,93,41.18770630383101,49.54583320871559,-1.0931269092970746,89.63243058774471,0.807037752611854,0.807037752611854,7.839897999928098,1,41.18770630383101,41.18770630383101,23.90029723536884,23.90029723536884,2.0,2.0,2.0,,1068.0,18.0,14.0,0.20452980697155,38.0,2741.0,"[{'epoch': 14, 'train_loss': 0.6439694762229919, 'validation_loss': 0.20452980697155}, {'epoch': 15, 'train_loss': 0.6311309933662415, 'validation_loss': 0.2055630087852478}, {'epoch': 16, 'train_loss': 0.6183172464370728, 'validation_loss': 0.20731818675994873}, {'epoch': 17, 'train_loss': 0.6056272387504578, 'validation_loss': 0.2094680219888687}, {'epoch': 18, 'train_loss': 0.5931675434112549, 'validation_loss': 0.21203675866127014}]"
stz_4h,Santa Tereza · 4 h,4,strict_common_cohort_causal,4,11_to_12,11,12,10,1068,38,93,2024-04-30T02:00:00,2024-10-11T07:00:00,20260919,True,N-BEATS experimental,pytorch-cpu,0.04075769998598844,93,25.361440811952342,32.33891060558604,1.8069064214301849,59.12014354038822,0.9177929909187807,0.9177929909187807,4.743206338998467,1,25.361440811952342,25.361440811952342,24.509255768014782,24.509255768014782,-6.0,6.0,6.0,,1068.0,14.0,7.0,0.06059650331735611,38.0,28650.0,"[{'epoch': 10, 'train_loss': 0.10837556421756744, 'validation_loss': 0.08502235263586044}, {'epoch': 11, 'train_loss': 0.11479116976261139, 'validation_loss': 0.09022639691829681}, {'epoch': 12, 'train_loss': 0.12811750173568726, 'validation_loss': 0.089316226541996}, {'epoch': 13, 'train_loss': 0.12956218421459198, 'validation_loss': 0.08315374702215195}, {'epoch': 14, 'train_loss': 0.11627044528722763, 'validation_loss': 0.07411197572946548}]"
stz_4h,Santa Tereza · 4 h,4,strict_common_cohort_causal,4,11_to_12,11,12,10,1068,38,93,2024-04-30T02:00:00,2024-10-11T07:00:00,20260919,True,N-HiTS-lite experimental,pytorch-cpu,0.028610400040633976,93,22.420529132870033,27.72726120348466,2.079174242193381,49.90841374779906,0.9395672964679533,0.9395672964679533,4.19169680975229,1,22.420529132870033,22.420529132870033,16.717764163936977,16.717764163936977,1.0,1.0,1.0,,1068.0,18.0,12.0,0.07019596546888351,38.0,3937.0,"[{'epoch': 14, 'train_loss': 0.1507207453250885, 'validation_loss': 0.07412490993738174}, {'epoch': 15, 'train_loss': 0.13240891695022583, 'validation_loss': 0.07804077863693237}, {'epoch': 16, 'train_loss': 0.11491870880126953, 'validation_loss': 0.08290702104568481}, {'epoch': 17, 'train_loss': 0.10011034458875656, 'validation_loss': 0.0882846787571907}, {'epoch': 18, 'train_loss': 0.08899465203285217, 'validation_loss': 0.09395506232976913}]"
stz_4h,Santa Tereza · 4 h,4,strict_common_cohort_causal,4,11_to_12,11,12,10,1068,38,93,2024-04-30T02:00:00,2024-10-11T07:00:00,20260919,True,PatchTST experimental,pytorch-cpu,0.09883730008732527,93,29.145893481642254,34.91643280934719,4.728551461503698,63.49184078479297,0.9041663978817998,0.9041663978817998,5.636972624848292,1,29.145893481642254,29.145893481642254,39.805727055674424,39.805727055674424,0.0,0.0,0.0,,1068.0,18.0,13.0,0.1295379400253296,38.0,9441.0,"[{'epoch': 14, 'train_loss': 0.40005189180374146, 'validation_loss': 0.1324472874403}, {'epoch': 15, 'train_loss': 0.3932381272315979, 'validation_loss': 0.137350395321846}, {'epoch': 16, 'train_loss': 0.3905703127384186, 'validation_loss': 0.1419321596622467}, {'epoch': 17, 'train_loss': 0.3880506753921509, 'validation_loss': 0.1446118801832199}, {'epoch': 18, 'train_loss': 0.3827667236328125, 'validation_loss': 0.14475511014461517}]"
stz_4h,Santa Tereza · 4 h,4,strict_common_cohort_causal,4,11_to_12,11,12,10,1068,38,93,2024-04-30T02:00:00,2024-10-11T07:00:00,20260919,True,TFT-lite experimental,pytorch-cpu,0.14841710007749498,93,23.088650499010978,28.64965508007302,-1.8524363517848284,52.61065501012955,0.9354796266886575,0.9354796266886575,4.295509369202468,1,23.088650499010978,23.088650499010978,14.855600788801667,14.855600788801667,1.0,1.0,1.0,,1068.0,18.0,18.0,0.10084260255098343,38.0,13759.0,"[{'epoch': 14, 'train_loss': 0.42013445496559143, 'validation_loss': 0.17380671203136444}, {'epoch': 15, 'train_loss': 0.38409504294395447, 'validation_loss': 0.157148078083992}, {'epoch': 16, 'train_loss': 0.35800519585609436, 'validation_loss': 0.14697255194187164}, {'epoch': 17, 'train_loss': 0.33962151408195496, 'validation_loss': 0.1258944571018219}, {'epoch': 18, 'train_loss': 0.3184809982776642, 'validation_loss': 0.10084260255098343}]"
stz_4h,Santa Tereza · 4 h,4,strict_common_cohort_causal,4,12_to_14,12,14,11,1106,93,72,2024-10-05T09:00:00,2025-09-08T16:00:00,20260919,True,Persistência,baseline,0.0,72,33.09722222222222,47.46416777130114,-9.458333333333334,108.70000000000007,0.7579451289150547,0.7579451289150547,6.733685091630788,1,33.09722222222222,33.09722222222222,0.0,0.0,4.0,4.0,4.0,,,,,,,,
stz_4h,Santa Tereza · 4 h,4,strict_common_cohort_causal,4,12_to_14,12,14,11,1106,93,72,2024-10-05T09:00:00,2025-09-08T16:00:00,20260919,True,Ridge,scikit-learn,0.001190899987705052,72,17.90691800084379,23.325380418576305,4.605705064204004,44.705551147460945,0.9415425917294368,0.9415425917294368,3.675049217716824,1,17.90691800084379,17.90691800084379,17.02444839477539,17.02444839477539,2.0,2.0,2.0,[],1106.0,,,,,,
stz_4h,Santa Tereza · 4 h,4,strict_common_cohort_causal,4,12_to_14,12,14,11,1106,93,72,2024-10-05T09:00:00,2025-09-08T16:00:00,20260919,True,Elastic Net,scikit-learn,0.1362126999301836,72,17.867558552159203,23.010175614322645,3.1270766390694513,43.72795994281769,0.9431118314524508,0.9431118314524508,3.6646772151339566,1,17.867558552159203,17.867558552159203,13.644294738769531,13.644294738769531,2.0,2.0,2.0,"['Objective did not converge. You might want to increase the number of iterations, check the scale of the features or consider increasing regularisation. Duality gap: 2.065239e-01, tolerance: 1.106e-01']",1106.0,,,,,,
stz_4h,Santa Tereza · 4 h,4,strict_common_cohort_causal,4,12_to_14,12,14,11,1106,93,72,2024-10-05T09:00:00,2025-09-08T16:00:00,20260919,True,SVR,scikit-learn,0.08226850000210106,72,17.081798235762186,23.131662592557614,-0.4068031560438783,48.11306330151946,0.9425095399888793,0.9425095399888793,3.5323707901745918,1,17.081798235762186,17.081798235762186,31.991429637590954,31.991429637590954,-3.0,3.0,3.0,[],1106.0,,,,,,
stz_4h,Santa Tereza · 4 h,4,strict_common_cohort_causal,4,12_to_14,12,14,11,1106,93,72,2024-10-05T09:00:00,2025-09-08T16:00:00,20260919,True,MLP,scikit-learn,0.1885499000782147,72,19.478463643127018,24.89455227996965,-6.032034046120113,50.5513298034668,0.9334128041634456,0.9334128041634456,4.0832674313073944,1,19.478463643127018,19.478463643127018,2.658782958984375,2.658782958984375,1.0,1.0,1.0,[],1106.0,,,,,,
stz_4h,Santa Tereza · 4 h,4,strict_common_cohort_causal,4,12_to_14,12,14,11,1106,93,72,2024-10-05T09:00:00,2025-09-08T16:00:00,20260919,True,Random Forest,scikit-learn,3.369307499960996,72,16.00442411563643,22.519864906819826,4.588505664753252,48.915607673448484,0.945510396497413,0.945510396497413,3.34301692909309,1,16.00442411563643,16.00442411563643,16.814624023271335,16.814624023271335,-4.0,4.0,4.0,[],1106.0,,,,,,
stz_4h,Santa Tereza · 4 h,4,strict_common_cohort_causal,4,12_to_14,12,14,11,1106,93,72,2024-10-05T09:00:00,2025-09-08T16:00:00,20260919,True,Extra Trees,scikit-learn,1.4279366999398917,72,14.417589848057727,20.84829247685989,4.444814828328149,48.11954923330867,0.953299334656547,0.953299334656547,2.9761032418066775,1,14.417589848057727,14.417589848057727,8.91178147852429,8.91178147852429,2.0,2.0,2.0,[],1106.0,,,,,,
stz_4h,Santa Tereza · 4 h,4,strict_common_cohort_causal,4,12_to_14,12,14,11,1106,93,72,2024-10-05T09:00:00,2025-09-08T16:00:00,20260919,True,HistGradientBoosting,scikit-learn,0.5242287000874057,72,17.85372621692864,25.269130861308422,2.0292553936273916,52.26994843533175,0.9313939058633829,0.9313939058633829,3.6894054551402746,1,17.85372621692864,17.85372621692864,47.19482363302404,47.19482363302404,-4.0,4.0,4.0,[],1106.0,,,,,,
stz_4h,Santa Tereza · 4 h,4,strict_common_cohort_causal,4,12_to_14,12,14,11,1106,93,72,2024-10-05T09:00:00,2025-09-08T16:00:00,20260919,True,XGBoost,xgboost,0.46848320006392896,72,14.568267120255364,21.17182865588469,3.871651040183173,46.93091745376588,0.9518386305908434,0.9518386305908434,2.9673180840038933,1,14.568267120255364,14.568267120255364,22.531753540039062,22.531753540039062,-4.0,4.0,4.0,[],1106.0,,,,,,
stz_4h,Santa Tereza · 4 h,4,strict_common_cohort_causal,4,12_to_14,12,14,11,1106,93,72,2024-10-05T09:00:00,2025-09-08T16:00:00,20260919,True,LightGBM,lightgbm,0.6186169000575319,72,15.425477569728407,22.03708002811751,5.734842135696672,47.24071131691418,0.9478216689900372,0.9478216689900372,3.1729016074472414,1,15.425477569728407,15.425477569728407,39.91626637395143,39.91626637395143,19.0,19.0,19.0,[],1106.0,,,,,,
stz_4h,Santa Tereza · 4 h,4,strict_common_cohort_causal,4,12_to_14,12,14,11,1106,93,72,2024-10-05T09:00:00,2025-09-08T16:00:00,20260919,True,CatBoost,catboost,6.4179896001005545,72,14.910133188644314,21.62848680207959,4.454739927841172,48.984956366960986,0.9497386258983094,0.9497386258983094,3.0526399134380235,1,14.910133188644314,14.910133188644314,12.791622344239272,12.791622344239272,2.0,2.0,2.0,[],1106.0,,,,,,
stz_4h,Santa Tereza · 4 h,4,strict_common_cohort_causal,4,12_to_14,12,14,11,1106,93,72,2024-10-05T09:00:00,2025-09-08T16:00:00,20260919,True,CNN-1D temporal,pytorch-cpu,0.056008300045505166,72,24.153694070524548,32.339410734863,3.3782755290145414,68.76240877062995,0.8876310583706696,0.8876310583706696,5.0698229280718206,1,24.153694070524548,24.153694070524548,10.525887269456803,10.525887269456803,3.0,3.0,3.0,,1106.0,16.0,9.0,0.14073090255260468,93.0,5665.0,"[{'epoch': 12, 'train_loss': 0.15313558280467987, 'validation_loss': 0.17650021612644196}, {'epoch': 13, 'train_loss': 0.16160520911216736, 'validation_loss': 0.197760671377182}, {'epoch': 14, 'train_loss': 0.18526482582092285, 'validation_loss': 0.210245743393898}, {'epoch': 15, 'train_loss': 0.20052780210971832, 'validation_loss': 0.2105018049478531}, {'epoch': 16, 'train_loss': 0.19538390636444092, 'validation_loss': 0.20135436952114105}]"
stz_4h,Santa Tereza · 4 h,4,strict_common_cohort_causal,4,12_to_14,12,14,11,1106,93,72,2024-10-05T09:00:00,2025-09-08T16:00:00,20260919,True,LSTM,pytorch-cpu,0.05773650004994124,72,23.396021393428516,33.54923310395861,-8.29437965472889,75.25641580959275,0.8790663167699784,0.8790663167699784,4.902525687491613,1,23.396021393428516,23.396021393428516,5.973816181612392,5.973816181612392,3.0,3.0,3.0,,1106.0,18.0,16.0,0.16869840025901794,93.0,7713.0,"[{'epoch': 14, 'train_loss': 0.5752320289611816, 'validation_loss': 0.17076408863067627}, {'epoch': 15, 'train_loss': 0.5549193024635315, 'validation_loss': 0.16915461421012878}, {'epoch': 16, 'train_loss': 0.5365616083145142, 'validation_loss': 0.16869840025901794}, {'epoch': 17, 'train_loss': 0.5200733542442322, 'validation_loss': 0.1692124307155609}, {'epoch': 18, 'train_loss': 0.5053202509880066, 'validation_loss': 0.17043520510196686}]"
stz_4h,Santa Tereza · 4 h,4,strict_common_cohort_causal,4,12_to_14,12,14,11,1106,93,72,2024-10-05T09:00:00,2025-09-08T16:00:00,20260919,True,GRU,pytorch-cpu,0.06418590003158897,72,26.577717958601447,36.572692697582205,-0.3422501047907684,84.9098111129287,0.8562870316925781,0.8562870316925781,5.7602684447155745,1,26.577717958601447,26.577717958601447,11.17462589847662,11.17462589847662,3.0,3.0,3.0,,1106.0,16.0,9.0,0.16262374818325043,93.0,5793.0,"[{'epoch': 12, 'train_loss': 0.39903485774993896, 'validation_loss': 0.18271294236183167}, {'epoch': 13, 'train_loss': 0.38302674889564514, 'validation_loss': 0.19423864781856537}, {'epoch': 14, 'train_loss': 0.3712720274925232, 'validation_loss': 0.2067212164402008}, {'epoch': 15, 'train_loss': 0.36261698603630066, 'validation_loss': 0.2191707193851471}, {'epoch': 16, 'train_loss': 0.35600218176841736, 'validation_loss': 0.23063668608665466}]"
stz_4h,Santa Tereza · 4 h,4,strict_common_cohort_causal,4,12_to_14,12,14,11,1106,93,72,2024-10-05T09:00:00,2025-09-08T16:00:00,20260919,True,TCN,pytorch-cpu,0.0669921999797225,72,24.258648095129352,33.17692847753508,0.5678227647733299,66.7937570597694,0.8817354893925738,0.8817354893925738,5.163011517648189,1,24.258648095129352,24.258648095129352,2.8982968225793684,2.8982968225793684,4.0,4.0,4.0,,1106.0,15.0,8.0,0.12618142366409302,93.0,8769.0,"[{'epoch': 11, 'train_loss': 0.2038801908493042, 'validation_loss': 0.20821739733219147}, {'epoch': 12, 'train_loss': 0.24430151283740997, 'validation_loss': 0.22050905227661133}, {'epoch': 13, 'train_loss': 0.25182002782821655, 'validation_loss': 0.20631293952465057}, {'epoch': 14, 'train_loss': 0.21574491262435913, 'validation_loss': 0.17873217165470123}, {'epoch': 15, 'train_loss': 0.1643833965063095, 'validation_loss': 0.15090595185756683}]"
stz_4h,Santa Tereza · 4 h,4,strict_common_cohort_causal,4,12_to_14,12,14,11,1106,93,72,2024-10-05T09:00:00,2025-09-08T16:00:00,20260919,True,Seq2Seq · decoder 1 passo,pytorch-cpu,0.08000870002433658,72,22.300816572226946,33.31209825876452,-4.450302698483206,82.37304868510672,0.8807698573409285,0.8807698573409285,4.691914082235699,1,22.300816572226946,22.300816572226946,0.9075205648827023,0.9075205648827023,5.0,5.0,5.0,,1106.0,18.0,18.0,0.17474845051765442,93.0,12193.0,"[{'epoch': 14, 'train_loss': 0.6863133907318115, 'validation_loss': 0.2028646171092987}, {'epoch': 15, 'train_loss': 0.6592185497283936, 'validation_loss': 0.19446946680545807}, {'epoch': 16, 'train_loss': 0.632260262966156, 'validation_loss': 0.18680375814437866}, {'epoch': 17, 'train_loss': 0.6056239604949951, 'validation_loss': 0.18013131618499756}, {'epoch': 18, 'train_loss': 0.5795543789863586, 'validation_loss': 0.17474845051765442}]"
stz_4h,Santa Tereza · 4 h,4,strict_common_cohort_causal,4,12_to_14,12,14,11,1106,93,72,2024-10-05T09:00:00,2025-09-08T16:00:00,20260919,True,Transformer temporal,pytorch-cpu,0.08592369989491999,72,20.449548265845834,27.2425970415505,-0.5479574813644743,53.81134502211672,0.9202594734582168,0.9202594734582168,4.250459612175653,1,20.449548265845834,20.449548265845834,25.871279464054737,25.871279464054737,3.0,3.0,3.0,,1106.0,18.0,17.0,0.11310258507728577,93.0,9569.0,"[{'epoch': 14, 'train_loss': 0.37817272543907166, 'validation_loss': 0.13272158801555634}, {'epoch': 15, 'train_loss': 0.3684253990650177, 'validation_loss': 0.12040194869041443}, {'epoch': 16, 'train_loss': 0.36231711506843567, 'validation_loss': 0.11465644836425781}, {'epoch': 17, 'train_loss': 0.35684654116630554, 'validation_loss': 0.11310258507728577}, {'epoch': 18, 'train_loss': 0.34983155131340027, 'validation_loss': 0.11364366859197617}]"
stz_4h,Santa Tereza · 4 h,4,strict_common_cohort_causal,4,12_to_14,12,14,11,1106,93,72,2024-10-05T09:00:00,2025-09-08T16:00:00,20260919,True,DLinear experimental,pytorch-cpu,0.008451299974694848,72,49.286841904383074,64.54232258773746,-9.590231701093431,134.28040363524286,0.5524193885972999,0.5524193885972999,9.97850702599171,1,49.286841904383074,49.286841904383074,28.98116366176987,28.98116366176987,21.0,21.0,21.0,,1106.0,18.0,18.0,0.9099823236465454,93.0,54.0,"[{'epoch': 14, 'train_loss': 2.2223732471466064, 'validation_loss': 0.9964542984962463}, {'epoch': 15, 'train_loss': 2.142385482788086, 'validation_loss': 0.9736286401748657}, {'epoch': 16, 'train_loss': 2.064781665802002, 'validation_loss': 0.951621949672699}, {'epoch': 17, 'train_loss': 1.989546537399292, 'validation_loss': 0.9304144978523254}, {'epoch': 18, 'train_loss': 1.9166606664657593, 'validation_loss': 0.9099823236465454}]"
stz_4h,Santa Tereza · 4 h,4,strict_common_cohort_causal,4,12_to_14,12,14,11,1106,93,72,2024-10-05T09:00:00,2025-09-08T16:00:00,20260919,True,NLinear experimental,pytorch-cpu,0.006330300006084144,72,37.79945240201494,50.028178249389626,-12.080101594182858,116.2331366907456,0.7310872072532231,0.7310872072532231,7.530406368338189,1,37.79945240201494,37.79945240201494,27.386475095964443,27.386475095964443,21.0,21.0,21.0,,1106.0,18.0,18.0,0.5042545795440674,93.0,105.0,"[{'epoch': 14, 'train_loss': 0.7731409072875977, 'validation_loss': 0.5291969776153564}, {'epoch': 15, 'train_loss': 0.7518386244773865, 'validation_loss': 0.5221003293991089}, {'epoch': 16, 'train_loss': 0.7314043045043945, 'validation_loss': 0.5155864357948303}, {'epoch': 17, 'train_loss': 0.7118152379989624, 'validation_loss': 0.5096405148506165}, {'epoch': 18, 'train_loss': 0.6930506825447083, 'validation_loss': 0.5042545795440674}]"
stz_4h,Santa Tereza · 4 h,4,strict_common_cohort_causal,4,12_to_14,12,14,11,1106,93,72,2024-10-05T09:00:00,2025-09-08T16:00:00,20260919,True,TSMixer experimental,pytorch-cpu,0.029533800086937845,72,37.431932138682505,51.14254236668824,-8.95349863271006,111.43596387846773,0.7189738633119711,0.7189738633119711,8.089460241291173,1,37.431932138682505,37.431932138682505,49.60499389915401,49.60499389915401,6.0,6.0,6.0,,1106.0,11.0,4.0,0.3669661283493042,93.0,2741.0,"[{'epoch': 7, 'train_loss': 0.7546152472496033, 'validation_loss': 0.3781069219112396}, {'epoch': 8, 'train_loss': 0.731145441532135, 'validation_loss': 0.3846602439880371}, {'epoch': 9, 'train_loss': 0.7123075127601624, 'validation_loss': 0.39069998264312744}, {'epoch': 10, 'train_loss': 0.6964976191520691, 'validation_loss': 0.39550238847732544}, {'epoch': 11, 'train_loss': 0.6825152635574341, 'validation_loss': 0.39852645993232727}]"
stz_4h,Santa Tereza · 4 h,4,strict_common_cohort_causal,4,12_to_14,12,14,11,1106,93,72,2024-10-05T09:00:00,2025-09-08T16:00:00,20260919,True,N-BEATS experimental,pytorch-cpu,0.03213940002024174,72,22.001356732877607,29.074932047036974,0.020400976187894396,62.78658991170286,0.9091720519963695,0.9091720519963695,4.685868121599195,1,22.001356732877607,22.001356732877607,5.3749978293891445,5.3749978293891445,-3.0,3.0,3.0,,1106.0,18.0,11.0,0.11754125356674194,93.0,28650.0,"[{'epoch': 14, 'train_loss': 0.11736933887004852, 'validation_loss': 0.12297915667295456}, {'epoch': 15, 'train_loss': 0.09745119512081146, 'validation_loss': 0.1282823085784912}, {'epoch': 16, 'train_loss': 0.08097879588603973, 'validation_loss': 0.13583220541477203}, {'epoch': 17, 'train_loss': 0.0741223692893982, 'validation_loss': 0.14373646676540375}, {'epoch': 18, 'train_loss': 0.07621708512306213, 'validation_loss': 0.14867115020751953}]"
stz_4h,Santa Tereza · 4 h,4,strict_common_cohort_causal,4,12_to_14,12,14,11,1106,93,72,2024-10-05T09:00:00,2025-09-08T16:00:00,20260919,True,N-HiTS-lite experimental,pytorch-cpu,0.01513190008699894,72,18.437584429699143,25.497874532549538,-0.9299767358546068,51.16378704345377,0.9301461985540105,0.9301461985540105,3.825528733527666,1,18.437584429699143,18.437584429699143,0.4084809193853971,0.4084809193853971,-3.0,3.0,3.0,,1106.0,18.0,18.0,0.09866557270288467,93.0,3937.0,"[{'epoch': 14, 'train_loss': 0.15268220007419586, 'validation_loss': 0.1137494221329689}, {'epoch': 15, 'train_loss': 0.13434521853923798, 'validation_loss': 0.10801204293966293}, {'epoch': 16, 'train_loss': 0.11689995229244232, 'validation_loss': 0.1034507155418396}, {'epoch': 17, 'train_loss': 0.10208095610141754, 'validation_loss': 0.10031992197036743}, {'epoch': 18, 'train_loss': 0.09091469645500183, 'validation_loss': 0.09866557270288467}]"
stz_4h,Santa Tereza · 4 h,4,strict_common_cohort_causal,4,12_to_14,12,14,11,1106,93,72,2024-10-05T09:00:00,2025-09-08T16:00:00,20260919,True,PatchTST experimental,pytorch-cpu,0.03734099993016571,72,38.00642049391022,48.58415044166314,-1.7994209518293063,104.04823788357463,0.7463871165811697,0.7463871165811697,7.725205854917101,1,38.00642049391022,38.00642049391022,69.09065466967763,69.09065466967763,4.0,4.0,4.0,,1106.0,10.0,3.0,0.22785551846027374,93.0,9441.0,"[{'epoch': 6, 'train_loss': 0.592622697353363, 'validation_loss': 0.3618808388710022}, {'epoch': 7, 'train_loss': 0.597122848033905, 'validation_loss': 0.3864351212978363}, {'epoch': 8, 'train_loss': 0.5856978893280029, 'validation_loss': 0.38025498390197754}, {'epoch': 9, 'train_loss': 0.5571264624595642, 'validation_loss': 0.35144007205963135}, {'epoch': 10, 'train_loss': 0.5185304284095764, 'validation_loss': 0.31072211265563965}]"
stz_4h,Santa Tereza · 4 h,4,strict_common_cohort_causal,4,12_to_14,12,14,11,1106,93,72,2024-10-05T09:00:00,2025-09-08T16:00:00,20260919,True,TFT-lite experimental,pytorch-cpu,0.1182191000552848,72,21.852047336780338,30.29559841051859,-1.4842364096046734,69.1511267673845,0.9013854138592549,0.9013854138592549,4.611548862957788,1,21.852047336780338,21.852047336780338,1.6785358889886766,1.6785358889886766,-3.0,3.0,3.0,,1106.0,18.0,18.0,0.13267022371292114,93.0,13759.0,"[{'epoch': 14, 'train_loss': 0.42258819937705994, 'validation_loss': 0.17243576049804688}, {'epoch': 15, 'train_loss': 0.38608667254447937, 'validation_loss': 0.15948647260665894}, {'epoch': 16, 'train_loss': 0.35930854082107544, 'validation_loss': 0.15317821502685547}, {'epoch': 17, 'train_loss': 0.34047889709472656, 'validation_loss': 0.14161443710327148}, {'epoch': 18, 'train_loss': 0.31896907091140747, 'validation_loss': 0.13267022371292114}]"
stz_4h,Santa Tereza · 4 h,4,strict_common_cohort_causal,4,14_to_15,14,15,12,1199,72,23,2024-10-15T08:00:00,2025-09-21T14:00:00,20260919,True,Persistência,baseline,0.0,23,72.8695652173913,88.17423462766158,-72.8695652173913,145.9,0.4625278876090153,0.4625278876090153,16.63377289094889,1,72.8695652173913,72.8695652173913,136.0,136.0,0.0,0.0,0.0,,,,,,,,
stz_4h,Santa Tereza · 4 h,4,strict_common_cohort_causal,4,14_to_15,14,15,12,1199,72,23,2024-10-15T08:00:00,2025-09-21T14:00:00,20260919,True,Ridge,scikit-learn,0.0012631999561563134,23,21.008438597554747,23.074902481343543,-9.365203349486642,36.00642502307891,0.9631911468376786,0.9631911468376786,5.496053862087669,1,21.008438597554747,21.008438597554747,3.56903076171875,3.56903076171875,0.0,0.0,0.0,[],1199.0,,,,,,
stz_4h,Santa Tereza · 4 h,4,strict_common_cohort_causal,4,14_to_15,14,15,12,1199,72,23,2024-10-15T08:00:00,2025-09-21T14:00:00,20260919,True,Elastic Net,scikit-learn,0.07087280007544905,23,21.365428820900295,23.267284030323268,-11.487796845643416,37.93694419860839,0.9625748180180415,0.9625748180180415,5.540012980788421,1,21.365428820900295,21.365428820900295,7.6188812255859375,7.6188812255859375,0.0,0.0,0.0,[],1199.0,,,,,,
stz_4h,Santa Tereza · 4 h,4,strict_common_cohort_causal,4,14_to_15,14,15,12,1199,72,23,2024-10-15T08:00:00,2025-09-21T14:00:00,20260919,True,SVR,scikit-learn,0.06205129995942116,23,17.236482168784793,21.496422734974335,1.2500983293621224,40.45159574351092,0.96805485041552,0.96805485041552,4.035891858190743,1,17.236482168784793,17.236482168784793,40.44113470771754,40.44113470771754,0.0,0.0,0.0,[],1199.0,,,,,,
stz_4h,Santa Tereza · 4 h,4,strict_common_cohort_causal,4,14_to_15,14,15,12,1199,72,23,2024-10-15T08:00:00,2025-09-21T14:00:00,20260919,True,MLP,scikit-learn,0.2740714999381453,23,23.925580138745516,28.550989693492376,-13.202110197233116,47.765339279174796,0.9436472813892665,0.9436472813892665,5.984602522592641,1,23.925580138745516,23.925580138745516,4.2187347412109375,4.2187347412109375,0.0,0.0,0.0,[],1199.0,,,,,,
stz_4h,Santa Tereza · 4 h,4,strict_common_cohort_causal,4,14_to_15,14,15,12,1199,72,23,2024-10-15T08:00:00,2025-09-21T14:00:00,20260919,True,Random Forest,scikit-learn,4.1889516999945045,23,22.466747039821122,27.879454942890437,-10.400279049107912,51.6365322418914,0.9462669991330801,0.9462669991330801,5.453749213349428,1,22.466747039821122,22.466747039821122,14.152431288223738,14.152431288223738,0.0,0.0,0.0,[],1199.0,,,,,,
stz_4h,Santa Tereza · 4 h,4,strict_common_cohort_causal,4,14_to_15,14,15,12,1199,72,23,2024-10-15T08:00:00,2025-09-21T14:00:00,20260919,True,Extra Trees,scikit-learn,1.5664884999860078,23,21.079686524347817,26.191206196921073,-7.580651161858542,44.85185402996807,0.9525775991402857,0.9525775991402857,5.193494291454757,1,21.079686524347817,21.079686524347817,12.354270466599019,12.354270466599019,0.0,0.0,0.0,[],1199.0,,,,,,
stz_4h,Santa Tereza · 4 h,4,strict_common_cohort_causal,4,14_to_15,14,15,12,1199,72,23,2024-10-15T08:00:00,2025-09-21T14:00:00,20260919,True,HistGradientBoosting,scikit-learn,0.5326914000324905,23,24.7356954978174,29.247782299016848,-16.552484388516515,47.683011387286314,0.940863118229577,0.940863118229577,5.979169118421717,1,24.7356954978174,24.7356954978174,37.590390196233216,37.590390196233216,0.0,0.0,0.0,[],1199.0,,,,,,
stz_4h,Santa Tereza · 4 h,4,strict_common_cohort_causal,4,14_to_15,14,15,12,1199,72,23,2024-10-15T08:00:00,2025-09-21T14:00:00,20260919,True,XGBoost,xgboost,0.458759400062263,23,21.205848699030668,24.738460765439925,-11.461896984473519,44.399420082569115,0.9576924490297284,0.9576924490297284,5.01288576404406,1,21.205848699030668,21.205848699030668,24.83684539794922,24.83684539794922,0.0,0.0,0.0,[],1199.0,,,,,,
stz_4h,Santa Tereza · 4 h,4,strict_common_cohort_causal,4,14_to_15,14,15,12,1199,72,23,2024-10-15T08:00:00,2025-09-21T14:00:00,20260919,True,LightGBM,lightgbm,0.4683554999064654,23,23.539069240876405,29.56570633099583,-10.827583653863483,54.86216629812492,0.9395704923796503,0.9395704923796503,5.386768548804762,1,23.539069240876405,23.539069240876405,53.73521561683674,53.73521561683674,0.0,0.0,0.0,[],1199.0,,,,,,
stz_4h,Santa Tereza · 4 h,4,strict_common_cohort_causal,4,14_to_15,14,15,12,1199,72,23,2024-10-15T08:00:00,2025-09-21T14:00:00,20260919,True,CatBoost,catboost,6.538288899930194,23,23.033181605831782,26.684834525657628,-8.426679319162359,50.8119559692101,0.9507732044447863,0.9507732044447863,5.473124127042057,1,23.033181605831782,23.033181605831782,21.668432199795006,21.668432199795006,0.0,0.0,0.0,[],1199.0,,,,,,
stz_4h,Santa Tereza · 4 h,4,strict_common_cohort_causal,4,14_to_15,14,15,12,1199,72,23,2024-10-15T08:00:00,2025-09-21T14:00:00,20260919,True,CNN-1D temporal,pytorch-cpu,0.04657570004928857,23,20.6164156872513,25.523885818197858,-9.32907869113379,45.232321324313276,0.954963345266274,0.954963345266274,5.272487576027234,1,20.6164156872513,20.6164156872513,0.2087272805201792,0.2087272805201792,0.0,0.0,0.0,,1199.0,18.0,18.0,0.12874753773212433,72.0,5665.0,"[{'epoch': 14, 'train_loss': 0.19161471724510193, 'validation_loss': 0.18016086518764496}, {'epoch': 15, 'train_loss': 0.2064833641052246, 'validation_loss': 0.17164890468120575}, {'epoch': 16, 'train_loss': 0.20193111896514893, 'validation_loss': 0.157659113407135}, {'epoch': 17, 'train_loss': 0.18003064393997192, 'validation_loss': 0.14229343831539154}, {'epoch': 18, 'train_loss': 0.1513708084821701, 'validation_loss': 0.12874753773212433}]"
stz_4h,Santa Tereza · 4 h,4,strict_common_cohort_causal,4,14_to_15,14,15,12,1199,72,23,2024-10-15T08:00:00,2025-09-21T14:00:00,20260919,True,LSTM,pytorch-cpu,0.04610630008392036,23,44.85117221020217,54.88498214530428,-35.834581283581294,90.14996649321975,0.7917525978035953,0.7917525978035953,10.337694910807333,1,44.85117221020217,44.85117221020217,78.52228773999832,78.52228773999832,0.0,0.0,0.0,,1199.0,18.0,18.0,0.18221279978752136,72.0,7713.0,"[{'epoch': 14, 'train_loss': 0.5793513655662537, 'validation_loss': 0.21163783967494965}, {'epoch': 15, 'train_loss': 0.559415876865387, 'validation_loss': 0.2029477208852768}, {'epoch': 16, 'train_loss': 0.5414074659347534, 'validation_loss': 0.19517339766025543}, {'epoch': 17, 'train_loss': 0.5252513289451599, 'validation_loss': 0.18828214704990387}, {'epoch': 18, 'train_loss': 0.5107988715171814, 'validation_loss': 0.18221279978752136}]"
stz_4h,Santa Tereza · 4 h,4,strict_common_cohort_causal,4,14_to_15,14,15,12,1199,72,23,2024-10-15T08:00:00,2025-09-21T14:00:00,20260919,True,GRU,pytorch-cpu,0.04759039997588843,23,37.871711469474455,45.485770468440556,-17.90012634865682,85.46382392566863,0.8569711493024763,0.8569711493024763,9.182292768293618,1,37.871711469474455,37.871711469474455,36.96453358244537,36.96453358244537,0.0,0.0,0.0,,1199.0,17.0,10.0,0.2289332002401352,72.0,5793.0,"[{'epoch': 13, 'train_loss': 0.39317891001701355, 'validation_loss': 0.24063876271247864}, {'epoch': 14, 'train_loss': 0.38194605708122253, 'validation_loss': 0.24701815843582153}, {'epoch': 15, 'train_loss': 0.3736925721168518, 'validation_loss': 0.25289127230644226}, {'epoch': 16, 'train_loss': 0.36733710765838623, 'validation_loss': 0.25734978914260864}, {'epoch': 17, 'train_loss': 0.361926406621933, 'validation_loss': 0.25969696044921875}]"
stz_4h,Santa Tereza · 4 h,4,strict_common_cohort_causal,4,14_to_15,14,15,12,1199,72,23,2024-10-15T08:00:00,2025-09-21T14:00:00,20260919,True,TCN,pytorch-cpu,0.0823757000034675,23,31.070848853012954,35.25864641756857,-17.5686037820247,55.95898401298115,0.9140583258929347,0.9140583258929347,7.506801055602567,1,31.070848853012954,31.070848853012954,33.18963296126287,33.18963296126287,0.0,0.0,0.0,,1199.0,18.0,18.0,0.12753838300704956,72.0,8769.0,"[{'epoch': 14, 'train_loss': 0.2204989194869995, 'validation_loss': 0.16467350721359253}, {'epoch': 15, 'train_loss': 0.17028027772903442, 'validation_loss': 0.1473059356212616}, {'epoch': 16, 'train_loss': 0.13301849365234375, 'validation_loss': 0.1361858993768692}, {'epoch': 17, 'train_loss': 0.11779950559139252, 'validation_loss': 0.13028594851493835}, {'epoch': 18, 'train_loss': 0.11985079944133759, 'validation_loss': 0.12753838300704956}]"
stz_4h,Santa Tereza · 4 h,4,strict_common_cohort_causal,4,14_to_15,14,15,12,1199,72,23,2024-10-15T08:00:00,2025-09-21T14:00:00,20260919,True,Seq2Seq · decoder 1 passo,pytorch-cpu,0.08161600003950298,23,44.341218412879144,58.2032834233539,-42.43781292412781,97.1444642407113,0.7658104520163043,0.7658104520163043,9.914319858862594,1,44.341218412879144,44.341218412879144,80.24053320938685,80.24053320938685,0.0,0.0,0.0,,1199.0,18.0,18.0,0.19301623106002808,72.0,12193.0,"[{'epoch': 14, 'train_loss': 0.6913245320320129, 'validation_loss': 0.2416413575410843}, {'epoch': 15, 'train_loss': 0.664605438709259, 'validation_loss': 0.2284412384033203}, {'epoch': 16, 'train_loss': 0.6380436420440674, 'validation_loss': 0.21576009690761566}, {'epoch': 17, 'train_loss': 0.6118298172950745, 'validation_loss': 0.2038540244102478}, {'epoch': 18, 'train_loss': 0.5862131118774414, 'validation_loss': 0.19301623106002808}]"
stz_4h,Santa Tereza · 4 h,4,strict_common_cohort_causal,4,14_to_15,14,15,12,1199,72,23,2024-10-15T08:00:00,2025-09-21T14:00:00,20260919,True,Transformer temporal,pytorch-cpu,0.09470190003048629,23,31.967419875807813,36.397646713607664,-26.9620321400002,61.51184206851375,0.9084160968420528,0.9084160968420528,7.577498631686104,1,31.967419875807813,31.967419875807813,43.27866911745468,43.27866911745468,0.0,0.0,0.0,,1199.0,18.0,18.0,0.12509970366954803,72.0,9569.0,"[{'epoch': 14, 'train_loss': 0.3896619379520416, 'validation_loss': 0.1646474003791809}, {'epoch': 15, 'train_loss': 0.38082030415534973, 'validation_loss': 0.14918076992034912}, {'epoch': 16, 'train_loss': 0.3751978278160095, 'validation_loss': 0.13887327909469604}, {'epoch': 17, 'train_loss': 0.369801789522171, 'validation_loss': 0.1314159482717514}, {'epoch': 18, 'train_loss': 0.36258089542388916, 'validation_loss': 0.12509970366954803}]"
stz_4h,Santa Tereza · 4 h,4,strict_common_cohort_causal,4,14_to_15,14,15,12,1199,72,23,2024-10-15T08:00:00,2025-09-21T14:00:00,20260919,True,DLinear experimental,pytorch-cpu,0.008861900074407458,23,116.7243134922481,141.29804515344162,-111.91902434111054,233.6523269953961,-0.3802089677681635,-0.3802089677681635,25.716115023983356,1,116.7243134922481,116.7243134922481,117.1193629727328,117.1193629727328,50.0,50.0,50.0,,1199.0,18.0,18.0,0.6994874477386475,72.0,54.0,"[{'epoch': 14, 'train_loss': 2.222073793411255, 'validation_loss': 0.7706704139709473}, {'epoch': 15, 'train_loss': 2.1431994438171387, 'validation_loss': 0.7519197463989258}, {'epoch': 16, 'train_loss': 2.0666677951812744, 'validation_loss': 0.7338297367095947}, {'epoch': 17, 'train_loss': 1.9924607276916504, 'validation_loss': 0.7163642048835754}, {'epoch': 18, 'train_loss': 1.9205571413040161, 'validation_loss': 0.6994874477386475}]"
stz_4h,Santa Tereza · 4 h,4,strict_common_cohort_causal,4,14_to_15,14,15,12,1199,72,23,2024-10-15T08:00:00,2025-09-21T14:00:00,20260919,True,NLinear experimental,pytorch-cpu,0.0064842000138014555,23,70.6381296171776,80.85091917736949,-60.79108979741418,121.68960890570764,0.5480998751806413,0.5480998751806413,16.180386921422986,1,70.6381296171776,70.6381296171776,110.17054865875161,110.17054865875161,0.0,0.0,0.0,,1199.0,18.0,18.0,0.3753874599933624,72.0,105.0,"[{'epoch': 14, 'train_loss': 0.7917565107345581, 'validation_loss': 0.42618528008461}, {'epoch': 15, 'train_loss': 0.7705321311950684, 'validation_loss': 0.4120670258998871}, {'epoch': 16, 'train_loss': 0.7502173781394958, 'validation_loss': 0.39892467856407166}, {'epoch': 17, 'train_loss': 0.7307899594306946, 'validation_loss': 0.386712908744812}, {'epoch': 18, 'train_loss': 0.7122280597686768, 'validation_loss': 0.3753874599933624}]"
stz_4h,Santa Tereza · 4 h,4,strict_common_cohort_causal,4,14_to_15,14,15,12,1199,72,23,2024-10-15T08:00:00,2025-09-21T14:00:00,20260919,True,TSMixer experimental,pytorch-cpu,0.05983350006863475,23,35.49614569529067,45.3681263754349,-25.243875871088623,86.12434799436602,0.8577100502496527,0.8577100502496527,8.314524123330948,1,35.49614569529067,35.49614569529067,52.12382177186703,52.12382177186703,0.0,0.0,0.0,,1199.0,18.0,18.0,0.24990344047546387,72.0,2741.0,"[{'epoch': 14, 'train_loss': 0.6539146304130554, 'validation_loss': 0.31452736258506775}, {'epoch': 15, 'train_loss': 0.641197144985199, 'validation_loss': 0.2988223135471344}, {'epoch': 16, 'train_loss': 0.6284086108207703, 'validation_loss': 0.28255632519721985}, {'epoch': 17, 'train_loss': 0.615632951259613, 'validation_loss': 0.2661140561103821}, {'epoch': 18, 'train_loss': 0.6030465364456177, 'validation_loss': 0.24990344047546387}]"
stz_4h,Santa Tereza · 4 h,4,strict_common_cohort_causal,4,14_to_15,14,15,12,1199,72,23,2024-10-15T08:00:00,2025-09-21T14:00:00,20260919,True,N-BEATS experimental,pytorch-cpu,0.03055210004094988,23,18.57070375062248,22.567405865165526,-8.723679717714166,36.75549582985245,0.9647924489974883,0.9647924489974883,4.874493899844974,1,18.57070375062248,18.57070375062248,11.13954739443443,11.13954739443443,0.0,0.0,0.0,,1199.0,18.0,15.0,0.1296667456626892,72.0,28650.0,"[{'epoch': 14, 'train_loss': 0.12349013984203339, 'validation_loss': 0.1304282397031784}, {'epoch': 15, 'train_loss': 0.10298746079206467, 'validation_loss': 0.1296667456626892}, {'epoch': 16, 'train_loss': 0.08633243292570114, 'validation_loss': 0.13143737614154816}, {'epoch': 17, 'train_loss': 0.07972505688667297, 'validation_loss': 0.1333106905221939}, {'epoch': 18, 'train_loss': 0.08186424523591995, 'validation_loss': 0.1321316510438919}]"
stz_4h,Santa Tereza · 4 h,4,strict_common_cohort_causal,4,14_to_15,14,15,12,1199,72,23,2024-10-15T08:00:00,2025-09-21T14:00:00,20260919,True,N-HiTS-lite experimental,pytorch-cpu,0.015650699962861836,23,25.29351162964468,28.601015466216715,-8.511856091539006,47.316523445152946,0.9434496309355067,0.9434496309355067,6.0474195657408405,1,25.29351162964468,25.29351162964468,4.682467323394349,4.682467323394349,0.0,0.0,0.0,,1199.0,18.0,18.0,0.11477518081665039,72.0,3937.0,"[{'epoch': 14, 'train_loss': 0.1586228311061859, 'validation_loss': 0.13725413382053375}, {'epoch': 15, 'train_loss': 0.14052164554595947, 'validation_loss': 0.1294000744819641}, {'epoch': 16, 'train_loss': 0.12311787158250809, 'validation_loss': 0.12295166403055191}, {'epoch': 17, 'train_loss': 0.1082397922873497, 'validation_loss': 0.11805851012468338}, {'epoch': 18, 'train_loss': 0.09696368128061295, 'validation_loss': 0.11477518081665039}]"
stz_4h,Santa Tereza · 4 h,4,strict_common_cohort_causal,4,14_to_15,14,15,12,1199,72,23,2024-10-15T08:00:00,2025-09-21T14:00:00,20260919,True,PatchTST experimental,pytorch-cpu,0.07231560000218451,23,31.7343742807071,35.96514049687089,-27.877564145933917,57.98247666336369,0.9105797128128194,0.9105797128128194,7.723547498923391,1,31.7343742807071,31.7343742807071,40.036699274966395,40.036699274966395,0.0,0.0,0.0,,1199.0,18.0,18.0,0.14942584931850433,72.0,9441.0,"[{'epoch': 14, 'train_loss': 0.4156116843223572, 'validation_loss': 0.1846485137939453}, {'epoch': 15, 'train_loss': 0.40924566984176636, 'validation_loss': 0.16862140595912933}, {'epoch': 16, 'train_loss': 0.4071010649204254, 'validation_loss': 0.1593668907880783}, {'epoch': 17, 'train_loss': 0.4048110544681549, 'validation_loss': 0.15360426902770996}, {'epoch': 18, 'train_loss': 0.3994794189929962, 'validation_loss': 0.14942584931850433}]"
stz_4h,Santa Tereza · 4 h,4,strict_common_cohort_causal,4,14_to_15,14,15,12,1199,72,23,2024-10-15T08:00:00,2025-09-21T14:00:00,20260919,True,TFT-lite experimental,pytorch-cpu,0.1258360999636352,23,31.819390545250684,42.618321986987766,-30.927268442782783,82.23572649055912,0.8744359745198349,0.8744359745198349,7.791482087484438,1,31.819390545250684,31.819390545250684,5.352803257024789,5.352803257024789,0.0,0.0,0.0,,1199.0,18.0,18.0,0.15892916917800903,72.0,13759.0,"[{'epoch': 14, 'train_loss': 0.43266627192497253, 'validation_loss': 0.21702085435390472}, {'epoch': 15, 'train_loss': 0.39599329233169556, 'validation_loss': 0.19485728442668915}, {'epoch': 16, 'train_loss': 0.3684552013874054, 'validation_loss': 0.1838628649711609}, {'epoch': 17, 'train_loss': 0.3493461608886719, 'validation_loss': 0.1709446907043457}, {'epoch': 18, 'train_loss': 0.32763558626174927, 'validation_loss': 0.15892916917800903}]"
stz_4h,Santa Tereza · 4 h,4,strict_common_cohort_causal,4,15_to_16,15,16,13,1271,23,44,2025-09-11T15:00:00,2025-10-01T14:00:00,20260919,True,Persistência,baseline,0.0,44,45.86363636363637,60.694091370352744,-7.5,132.45000000000002,-1.2861601379943948,-1.2861601379943948,9.820107335432683,1,45.86363636363637,45.86363636363637,0.0,0.0,4.0,4.0,4.0,,,,,,,,
stz_4h,Santa Tereza · 4 h,4,strict_common_cohort_causal,4,15_to_16,15,16,13,1271,23,44,2025-09-11T15:00:00,2025-10-01T14:00:00,20260919,True,Ridge,scikit-learn,0.0008165000472217798,44,22.567460900003258,27.58558815227969,4.934223386374387,57.71076622009278,0.5277430959376068,0.5277430959376068,4.868687512495232,1,22.567460900003258,22.567460900003258,16.92486572265625,16.92486572265625,1.0,1.0,1.0,[],1271.0,,,,,,
stz_4h,Santa Tereza · 4 h,4,strict_common_cohort_causal,4,15_to_16,15,16,13,1271,23,44,2025-09-11T15:00:00,2025-10-01T14:00:00,20260919,True,Elastic Net,scikit-learn,0.07183210004586726,44,22.355198215354573,27.454451883425428,3.7453670555895027,56.39330654144288,0.5322224499157706,0.5322224499157706,4.826293061365506,1,22.355198215354573,22.355198215354573,14.498611450195312,14.498611450195312,-11.0,11.0,11.0,"['Objective did not converge. You might want to increase the number of iterations, check the scale of the features or consider increasing regularisation. Duality gap: 1.483307e-01, tolerance: 1.271e-01']",1271.0,,,,,,
stz_4h,Santa Tereza · 4 h,4,strict_common_cohort_causal,4,15_to_16,15,16,13,1271,23,44,2025-09-11T15:00:00,2025-10-01T14:00:00,20260919,True,SVR,scikit-learn,0.07284659997094423,44,23.45593839563257,28.927250219208705,-3.300672961462469,58.381679381731956,0.48068827975543926,0.48068827975543926,5.007267306708199,1,23.45593839563257,23.45593839563257,2.5724252226189037,2.5724252226189037,1.0,1.0,1.0,[],1271.0,,,,,,
stz_4h,Santa Tereza · 4 h,4,strict_common_cohort_causal,4,15_to_16,15,16,13,1271,23,44,2025-09-11T15:00:00,2025-10-01T14:00:00,20260919,True,MLP,scikit-learn,0.30447089998051524,44,24.287569658322766,29.597359719758,4.0569453618743205,54.73957977294922,0.4563495379908883,0.4563495379908883,5.220771726781784,1,24.287569658322766,24.287569658322766,42.118873596191406,42.118873596191406,-22.0,22.0,22.0,[],1271.0,,,,,,
stz_4h,Santa Tereza · 4 h,4,strict_common_cohort_causal,4,15_to_16,15,16,13,1271,23,44,2025-09-11T15:00:00,2025-10-01T14:00:00,20260919,True,Random Forest,scikit-learn,4.187442500027828,44,20.28928330530458,26.50514957118856,0.8646368782936598,51.79121665755896,0.5640121983930598,0.5640121983930598,4.408897841782832,1,20.28928330530458,20.28928330530458,15.891650327041134,15.891650327041134,1.0,1.0,1.0,[],1271.0,,,,,,
stz_4h,Santa Tereza · 4 h,4,strict_common_cohort_causal,4,15_to_16,15,16,13,1271,23,44,2025-09-11T15:00:00,2025-10-01T14:00:00,20260919,True,Extra Trees,scikit-learn,1.5012570000253618,44,20.412316526576202,26.789072759728437,-0.8056078229812029,51.41964305642462,0.5546215665879748,0.5546215665879748,4.4169941032397455,1,20.412316526576202,20.412316526576202,8.42794767013038,8.42794767013038,1.0,1.0,1.0,[],1271.0,,,,,,
stz_4h,Santa Tereza · 4 h,4,strict_common_cohort_causal,4,15_to_16,15,16,13,1271,23,44,2025-09-11T15:00:00,2025-10-01T14:00:00,20260919,True,HistGradientBoosting,scikit-learn,0.47530270006973296,44,22.11850426035971,27.78908041452996,2.387437661248839,54.807253284382035,0.5207499456837255,0.5207499456837255,4.82593285640049,1,22.11850426035971,22.11850426035971,7.993077595678869,7.993077595678869,-25.0,25.0,25.0,[],1271.0,,,,,,
stz_4h,Santa Tereza · 4 h,4,strict_common_cohort_causal,4,15_to_16,15,16,13,1271,23,44,2025-09-11T15:00:00,2025-10-01T14:00:00,20260919,True,XGBoost,xgboost,0.5273012999678031,44,21.086599924347617,26.561240999939212,3.715117183598605,52.49519424438478,0.5621649305452153,0.5621649305452153,4.5904784169735455,1,21.086599924347617,21.086599924347617,16.985763549804688,16.985763549804688,1.0,1.0,1.0,[],1271.0,,,,,,
stz_4h,Santa Tereza · 4 h,4,strict_common_cohort_causal,4,15_to_16,15,16,13,1271,23,44,2025-09-11T15:00:00,2025-10-01T14:00:00,20260919,True,LightGBM,lightgbm,0.6050753999734297,44,19.99829716135282,26.35102632488602,6.084431495931631,53.280327695414115,0.5690678566171041,0.5690678566171041,4.344563939038973,1,19.99829716135282,19.99829716135282,45.96782262895897,45.96782262895897,-24.0,24.0,24.0,[],1271.0,,,,,,
stz_4h,Santa Tereza · 4 h,4,strict_common_cohort_causal,4,15_to_16,15,16,13,1271,23,44,2025-09-11T15:00:00,2025-10-01T14:00:00,20260919,True,CatBoost,catboost,6.5743045000126585,44,20.996228839363855,28.16538071186964,2.73628457481886,58.63285615352436,0.5076827288167592,0.5076827288167592,4.61876748211285,1,20.996228839363855,20.996228839363855,7.499607202073207,7.499607202073207,1.0,1.0,1.0,[],1271.0,,,,,,
stz_4h,Santa Tereza · 4 h,4,strict_common_cohort_causal,4,15_to_16,15,16,13,1271,23,44,2025-09-11T15:00:00,2025-10-01T14:00:00,20260919,True,CNN-1D temporal,pytorch-cpu,0.06531660002656281,44,29.059193269719664,36.80784136267642,1.711755258714822,67.10652107989239,0.159196488570299,0.159196488570299,6.236477984355376,1,29.059193269719664,29.059193269719664,30.71849142656879,30.71849142656879,2.0,2.0,2.0,,1271.0,18.0,18.0,0.11441265046596527,23.0,5665.0,"[{'epoch': 14, 'train_loss': 0.19626519083976746, 'validation_loss': 0.19861836731433868}, {'epoch': 15, 'train_loss': 0.21086743474006653, 'validation_loss': 0.16795559227466583}, {'epoch': 16, 'train_loss': 0.2063123732805252, 'validation_loss': 0.13716714084148407}, {'epoch': 17, 'train_loss': 0.18471109867095947, 'validation_loss': 0.11756059527397156}, {'epoch': 18, 'train_loss': 0.15636028349399567, 'validation_loss': 0.11441265046596527}]"
stz_4h,Santa Tereza · 4 h,4,strict_common_cohort_causal,4,15_to_16,15,16,13,1271,23,44,2025-09-11T15:00:00,2025-10-01T14:00:00,20260919,True,LSTM,pytorch-cpu,0.05386730004101992,44,36.26473446955841,46.162563261570554,-7.121646779509501,103.27197973635339,-0.322493820403021,-0.322493820403021,7.721238173299032,1,36.26473446955841,36.26473446955841,13.337179740917236,13.337179740917236,-20.0,20.0,20.0,,1271.0,18.0,18.0,0.5385289788246155,23.0,7713.0,"[{'epoch': 14, 'train_loss': 0.5812780261039734, 'validation_loss': 0.6975273489952087}, {'epoch': 15, 'train_loss': 0.5614180564880371, 'validation_loss': 0.6557581424713135}, {'epoch': 16, 'train_loss': 0.5434694886207581, 'validation_loss': 0.6153239607810974}, {'epoch': 17, 'train_loss': 0.5273688435554504, 'validation_loss': 0.5762430429458618}, {'epoch': 18, 'train_loss': 0.5129783153533936, 'validation_loss': 0.5385289788246155}]"
stz_4h,Santa Tereza · 4 h,4,strict_common_cohort_causal,4,15_to_16,15,16,13,1271,23,44,2025-09-11T15:00:00,2025-10-01T14:00:00,20260919,True,GRU,pytorch-cpu,0.0727688999613747,44,37.47835769611607,45.05683942656236,1.5070541147590446,83.89306705011232,-0.2598976570505087,-0.2598976570505087,7.936558422311866,1,37.47835769611607,37.47835769611607,56.31506355987665,56.31506355987665,-20.0,20.0,20.0,,1271.0,18.0,18.0,0.22127902507781982,23.0,5793.0,"[{'epoch': 14, 'train_loss': 0.3896096646785736, 'validation_loss': 0.26852574944496155}, {'epoch': 15, 'train_loss': 0.3812534511089325, 'validation_loss': 0.2557581663131714}, {'epoch': 16, 'train_loss': 0.37468206882476807, 'validation_loss': 0.2443600744009018}, {'epoch': 17, 'train_loss': 0.3689456880092621, 'validation_loss': 0.23311462998390198}, {'epoch': 18, 'train_loss': 0.36328691244125366, 'validation_loss': 0.22127902507781982}]"
stz_4h,Santa Tereza · 4 h,4,strict_common_cohort_causal,4,15_to_16,15,16,13,1271,23,44,2025-09-11T15:00:00,2025-10-01T14:00:00,20260919,True,TCN,pytorch-cpu,0.06185079994611442,44,29.645372312537333,36.90167299776365,2.3326144752486253,61.819371067291385,0.15490422231638468,0.15490422231638468,6.3768805073643255,1,29.645372312537333,29.645372312537333,17.829725263738737,17.829725263738737,-20.0,20.0,20.0,,1271.0,18.0,17.0,0.21038299798965454,23.0,8769.0,"[{'epoch': 14, 'train_loss': 0.22464582324028015, 'validation_loss': 0.27667436003685}, {'epoch': 15, 'train_loss': 0.17506125569343567, 'validation_loss': 0.23432111740112305}, {'epoch': 16, 'train_loss': 0.1382918804883957, 'validation_loss': 0.2138429582118988}, {'epoch': 17, 'train_loss': 0.12301003187894821, 'validation_loss': 0.21038299798965454}, {'epoch': 18, 'train_loss': 0.1243164911866188, 'validation_loss': 0.21450677514076233}]"
stz_4h,Santa Tereza · 4 h,4,strict_common_cohort_causal,4,15_to_16,15,16,13,1271,23,44,2025-09-11T15:00:00,2025-10-01T14:00:00,20260919,True,Seq2Seq · decoder 1 passo,pytorch-cpu,0.07717439997941256,44,39.94770977487728,49.33195350136873,-2.8630167156853874,106.09460744328294,-0.5103251234239126,-0.5103251234239126,8.539898522884224,1,39.94770977487728,39.94770977487728,23.023089889856692,23.023089889856692,-20.0,20.0,20.0,,1271.0,18.0,18.0,0.5995704531669617,23.0,12193.0,"[{'epoch': 14, 'train_loss': 0.6928896307945251, 'validation_loss': 0.8326255083084106}, {'epoch': 15, 'train_loss': 0.6662627458572388, 'validation_loss': 0.7739028930664062}, {'epoch': 16, 'train_loss': 0.6398088335990906, 'validation_loss': 0.7151082754135132}, {'epoch': 17, 'train_loss': 0.6137273907661438, 'validation_loss': 0.6567848920822144}, {'epoch': 18, 'train_loss': 0.5882775187492371, 'validation_loss': 0.5995704531669617}]"
stz_4h,Santa Tereza · 4 h,4,strict_common_cohort_causal,4,15_to_16,15,16,13,1271,23,44,2025-09-11T15:00:00,2025-10-01T14:00:00,20260919,True,Transformer temporal,pytorch-cpu,0.10432399995625019,44,27.252143623483583,34.21682952981945,-1.6109661084982205,65.8890279133426,0.2734034156020748,0.2734034156020748,5.816098464521112,1,27.252143623483583,27.252143623483583,39.54409673274347,39.54409673274347,-22.0,22.0,22.0,,1271.0,18.0,12.0,0.17111824452877045,23.0,9569.0,"[{'epoch': 14, 'train_loss': 0.3962521553039551, 'validation_loss': 0.19088637828826904}, {'epoch': 15, 'train_loss': 0.3877940773963928, 'validation_loss': 0.21559396386146545}, {'epoch': 16, 'train_loss': 0.3823919892311096, 'validation_loss': 0.23854871094226837}, {'epoch': 17, 'train_loss': 0.376953661441803, 'validation_loss': 0.252556711435318}, {'epoch': 18, 'train_loss': 0.36950981616973877, 'validation_loss': 0.2545296549797058}]"
stz_4h,Santa Tereza · 4 h,4,strict_common_cohort_causal,4,15_to_16,15,16,13,1271,23,44,2025-09-11T15:00:00,2025-10-01T14:00:00,20260919,True,DLinear experimental,pytorch-cpu,0.008113100077025592,44,51.46032298174237,65.26839994379525,3.64289270414105,128.78008286307596,-1.6437461479016457,-1.6437461479016457,11.158963823648834,1,51.46032298174237,51.46032298174237,35.559222568510336,35.559222568510336,-9.0,9.0,9.0,,1271.0,18.0,18.0,3.4895801544189453,23.0,54.0,"[{'epoch': 14, 'train_loss': 2.209524154663086, 'validation_loss': 3.82869815826416}, {'epoch': 15, 'train_loss': 2.1316916942596436, 'validation_loss': 3.7403218746185303}, {'epoch': 16, 'train_loss': 2.0561587810516357, 'validation_loss': 3.6544060707092285}, {'epoch': 17, 'train_loss': 1.9829044342041016, 'validation_loss': 3.570854902267456}, {'epoch': 18, 'train_loss': 1.9119044542312622, 'validation_loss': 3.4895801544189453}]"
stz_4h,Santa Tereza · 4 h,4,strict_common_cohort_causal,4,15_to_16,15,16,13,1271,23,44,2025-09-11T15:00:00,2025-10-01T14:00:00,20260919,True,NLinear experimental,pytorch-cpu,0.006640400039032102,44,40.02447270512823,50.22691797676257,-10.316990531279409,94.63333162380428,-0.5656218702152671,-0.5656218702152671,8.585045270943764,1,40.02447270512823,40.02447270512823,39.61291700407082,39.61291700407082,3.0,3.0,3.0,,1271.0,18.0,18.0,1.121127963066101,23.0,105.0,"[{'epoch': 14, 'train_loss': 0.7949586510658264, 'validation_loss': 1.2563899755477905}, {'epoch': 15, 'train_loss': 0.7739125490188599, 'validation_loss': 1.218571424484253}, {'epoch': 16, 'train_loss': 0.7538019418716431, 'validation_loss': 1.183608889579773}, {'epoch': 17, 'train_loss': 0.734591543674469, 'validation_loss': 1.1512154340744019}, {'epoch': 18, 'train_loss': 0.7162489891052246, 'validation_loss': 1.121127963066101}]"
stz_4h,Santa Tereza · 4 h,4,strict_common_cohort_causal,4,15_to_16,15,16,13,1271,23,44,2025-09-11T15:00:00,2025-10-01T14:00:00,20260919,True,TSMixer experimental,pytorch-cpu,0.0505565000930801,44,38.20063454713351,46.08232267405118,4.326724840832562,86.20043145702145,-0.3179002516828493,-0.3179002516828493,8.128196147203642,1,38.20063454713351,38.20063454713351,36.31677965278209,36.31677965278209,-19.0,19.0,19.0,,1271.0,18.0,18.0,0.35239377617836,23.0,2741.0,"[{'epoch': 14, 'train_loss': 0.6541887521743774, 'validation_loss': 0.3689289391040802}, {'epoch': 15, 'train_loss': 0.6414502263069153, 'validation_loss': 0.36086806654930115}, {'epoch': 16, 'train_loss': 0.6286726593971252, 'validation_loss': 0.3556695878505707}, {'epoch': 17, 'train_loss': 0.6159393787384033, 'validation_loss': 0.35294270515441895}, {'epoch': 18, 'train_loss': 0.6034254431724548, 'validation_loss': 0.35239377617836}]"
stz_4h,Santa Tereza · 4 h,4,strict_common_cohort_causal,4,15_to_16,15,16,13,1271,23,44,2025-09-11T15:00:00,2025-10-01T14:00:00,20260919,True,N-BEATS experimental,pytorch-cpu,0.030991200008429587,44,27.081188222581577,31.90981163444484,7.0280999754066436,51.46488787580569,0.3680797089883324,0.3680797089883324,5.8377026849605596,1,27.081188222581577,27.081188222581577,31.77587380118655,31.77587380118655,2.0,2.0,2.0,,1271.0,18.0,17.0,0.0735287070274353,23.0,28650.0,"[{'epoch': 14, 'train_loss': 0.12687654793262482, 'validation_loss': 0.11265866458415985}, {'epoch': 15, 'train_loss': 0.1060563400387764, 'validation_loss': 0.08831153810024261}, {'epoch': 16, 'train_loss': 0.08958588540554047, 'validation_loss': 0.07531969249248505}, {'epoch': 17, 'train_loss': 0.08370614051818848, 'validation_loss': 0.0735287070274353}, {'epoch': 18, 'train_loss': 0.08655978739261627, 'validation_loss': 0.07919031381607056}]"
stz_4h,Santa Tereza · 4 h,4,strict_common_cohort_causal,4,15_to_16,15,16,13,1271,23,44,2025-09-11T15:00:00,2025-10-01T14:00:00,20260919,True,N-HiTS-lite experimental,pytorch-cpu,0.015692699933424592,44,22.28022707186851,29.505253114425,3.692081340269863,62.32754508944411,0.45972793961225467,0.45972793961225467,4.874048241304356,1,22.28022707186851,22.28022707186851,19.26056852330646,19.26056852330646,1.0,1.0,1.0,,1271.0,18.0,18.0,0.137716606259346,23.0,3937.0,"[{'epoch': 14, 'train_loss': 0.16311177611351013, 'validation_loss': 0.20741388201713562}, {'epoch': 15, 'train_loss': 0.14497971534729004, 'validation_loss': 0.17855893075466156}, {'epoch': 16, 'train_loss': 0.12755845487117767, 'validation_loss': 0.15729333460330963}, {'epoch': 17, 'train_loss': 0.11263564229011536, 'validation_loss': 0.1438605934381485}, {'epoch': 18, 'train_loss': 0.10129670053720474, 'validation_loss': 0.137716606259346}]"
stz_4h,Santa Tereza · 4 h,4,strict_common_cohort_causal,4,15_to_16,15,16,13,1271,23,44,2025-09-11T15:00:00,2025-10-01T14:00:00,20260919,True,PatchTST experimental,pytorch-cpu,0.09569350001402199,44,34.258023636481546,40.79765183467815,1.1009053303139948,79.59072552089849,-0.032961546388922125,-0.032961546388922125,7.319263015885645,1,34.258023636481546,34.258023636481546,29.612453207130443,29.612453207130443,-20.0,20.0,20.0,,1271.0,18.0,12.0,0.1498560756444931,23.0,9441.0,"[{'epoch': 14, 'train_loss': 0.4224230647087097, 'validation_loss': 0.17322705686092377}, {'epoch': 15, 'train_loss': 0.41674569249153137, 'validation_loss': 0.20401155948638916}, {'epoch': 16, 'train_loss': 0.4151526689529419, 'validation_loss': 0.23261569440364838}, {'epoch': 17, 'train_loss': 0.4132431149482727, 'validation_loss': 0.25031277537345886}, {'epoch': 18, 'train_loss': 0.4081358015537262, 'validation_loss': 0.2529049813747406}]"
stz_4h,Santa Tereza · 4 h,4,strict_common_cohort_causal,4,15_to_16,15,16,13,1271,23,44,2025-09-11T15:00:00,2025-10-01T14:00:00,20260919,True,TFT-lite experimental,pytorch-cpu,0.15499650000128895,44,39.473214677466224,48.811695868566254,-0.39674666025278005,91.75012183953955,-0.4786371486958294,-0.4786371486958294,8.506694811225733,1,39.473214677466224,39.473214677466224,10.116440396934308,10.116440396934308,-22.0,22.0,22.0,,1271.0,18.0,18.0,0.3175436556339264,23.0,13759.0,"[{'epoch': 14, 'train_loss': 0.4399360716342926, 'validation_loss': 0.6371223330497742}, {'epoch': 15, 'train_loss': 0.4030713140964508, 'validation_loss': 0.48213303089141846}, {'epoch': 16, 'train_loss': 0.37487560510635376, 'validation_loss': 0.3737066090106964}, {'epoch': 17, 'train_loss': 0.3554898798465729, 'validation_loss': 0.32598111033439636}, {'epoch': 18, 'train_loss': 0.33367136120796204, 'validation_loss': 0.3175436556339264}]"
stz_4h,Santa Tereza · 4 h,4,strict_common_cohort_causal,4,16_to_17,16,17,14,1294,44,46,2025-09-24T13:00:00,2025-10-07T04:00:00,20260919,True,Persistência,baseline,0.0,46,30.847826086956523,38.240372474081916,1.6304347826086956,79.0,0.05855732647345624,0.05855732647345624,6.179769325416561,1,30.847826086956523,30.847826086956523,0.0,0.0,4.0,4.0,4.0,,,,,,,,
stz_4h,Santa Tereza · 4 h,4,strict_common_cohort_causal,4,16_to_17,16,17,14,1294,44,46,2025-09-24T13:00:00,2025-10-07T04:00:00,20260919,True,Ridge,scikit-learn,0.001423100009560585,46,14.896264501239942,20.27647029302089,5.345733341963395,43.58890962600708,0.7353119320779089,0.7353119320779089,3.034754334407591,1,14.896264501239942,14.896264501239942,16.413990020751953,16.413990020751953,1.0,1.0,1.0,[],1294.0,,,,,,
stz_4h,Santa Tereza · 4 h,4,strict_common_cohort_causal,4,16_to_17,16,17,14,1294,44,46,2025-09-24T13:00:00,2025-10-07T04:00:00,20260919,True,Elastic Net,scikit-learn,0.15638040006160736,46,14.395227605881898,20.143390181781154,4.374458030514095,44.14864540100098,0.7387749729532562,0.7387749729532562,2.933176361269941,1,14.395227605881898,14.395227605881898,17.26274871826172,17.26274871826172,1.0,1.0,1.0,"['Objective did not converge. You might want to increase the number of iterations, check the scale of the features or consider increasing regularisation. Duality gap: 1.684837e-01, tolerance: 1.294e-01']",1294.0,,,,,,
stz_4h,Santa Tereza · 4 h,4,strict_common_cohort_causal,4,16_to_17,16,17,14,1294,44,46,2025-09-24T13:00:00,2025-10-07T04:00:00,20260919,True,SVR,scikit-learn,0.12627429992426187,46,11.337606037062242,17.119597122559025,-0.11793960147312656,39.99306580995258,0.8113152795450954,0.8113152795450954,2.288503689840126,1,11.337606037062242,11.337606037062242,10.116214403339882,10.116214403339882,1.0,1.0,1.0,[],1294.0,,,,,,
stz_4h,Santa Tereza · 4 h,4,strict_common_cohort_causal,4,16_to_17,16,17,14,1294,44,46,2025-09-24T13:00:00,2025-10-07T04:00:00,20260919,True,MLP,scikit-learn,0.29221990006044507,46,12.932271109650964,17.85980277653257,1.805480897102667,41.61152744293213,0.794646093068245,0.794646093068245,2.6394504766771876,1,12.932271109650964,12.932271109650964,4.5825958251953125,4.5825958251953125,-1.0,1.0,1.0,[],1294.0,,,,,,
stz_4h,Santa Tereza · 4 h,4,strict_common_cohort_causal,4,16_to_17,16,17,14,1294,44,46,2025-09-24T13:00:00,2025-10-07T04:00:00,20260919,True,Random Forest,scikit-learn,4.185012200032361,46,12.848335383184372,19.50681384212222,0.6644885566340752,48.69330447733539,0.7550246813336956,0.7550246813336956,2.5871549391895954,1,12.848335383184372,12.848335383184372,11.98741619419502,11.98741619419502,2.0,2.0,2.0,[],1294.0,,,,,,
stz_4h,Santa Tereza · 4 h,4,strict_common_cohort_causal,4,16_to_17,16,17,14,1294,44,46,2025-09-24T13:00:00,2025-10-07T04:00:00,20260919,True,Extra Trees,scikit-learn,1.7017033000010997,46,11.794756606445473,18.81369386600426,1.1852680204662263,45.8437104294879,0.7721244140674239,0.7721244140674239,2.3711978912537015,1,11.794756606445473,11.794756606445473,11.02149545560394,11.02149545560394,1.0,1.0,1.0,[],1294.0,,,,,,
stz_4h,Santa Tereza · 4 h,4,strict_common_cohort_causal,4,16_to_17,16,17,14,1294,44,46,2025-09-24T13:00:00,2025-10-07T04:00:00,20260919,True,HistGradientBoosting,scikit-learn,0.5406388000119478,46,13.591687118213613,21.128022312032485,-1.7897766984114,50.203986119569734,0.7126128496289359,0.7126128496289359,2.7049209651290056,1,13.591687118213613,13.591687118213613,7.628943472223796,7.628943472223796,2.0,2.0,2.0,[],1294.0,,,,,,
stz_4h,Santa Tereza · 4 h,4,strict_common_cohort_causal,4,16_to_17,16,17,14,1294,44,46,2025-09-24T13:00:00,2025-10-07T04:00:00,20260919,True,XGBoost,xgboost,0.4917673000600189,46,12.272913582946943,19.84432614061919,1.4263865196186563,44.24414420127869,0.7464740816742234,0.7464740816742234,2.4706982350703828,1,12.272913582946943,12.272913582946943,11.047019958496094,11.047019958496094,1.0,1.0,1.0,[],1294.0,,,,,,
stz_4h,Santa Tereza · 4 h,4,strict_common_cohort_causal,4,16_to_17,16,17,14,1294,44,46,2025-09-24T13:00:00,2025-10-07T04:00:00,20260919,True,LightGBM,lightgbm,0.5998764999676496,46,12.698867935853702,19.289863119201446,-0.5436161440997802,45.3782301479761,0.7604435082924507,0.7604435082924507,2.540969784159136,1,12.698867935853702,12.698867935853702,10.64040427254281,10.64040427254281,2.0,2.0,2.0,[],1294.0,,,,,,
stz_4h,Santa Tereza · 4 h,4,strict_common_cohort_causal,4,16_to_17,16,17,14,1294,44,46,2025-09-24T13:00:00,2025-10-07T04:00:00,20260919,True,CatBoost,catboost,6.435940099996515,46,13.311916043998629,20.0453825859064,0.8602774104669134,49.67256608325805,0.7413107679054807,0.7413107679054807,2.6924598207089594,1,13.311916043998629,13.311916043998629,9.601818298836974,9.601818298836974,1.0,1.0,1.0,[],1294.0,,,,,,
stz_4h,Santa Tereza · 4 h,4,strict_common_cohort_causal,4,16_to_17,16,17,14,1294,44,46,2025-09-24T13:00:00,2025-10-07T04:00:00,20260919,True,CNN-1D temporal,pytorch-cpu,0.04857450001873076,46,18.305392179247498,24.799395497063514,2.3123036950371776,54.35334680037778,0.6040577544002221,0.6040577544002221,3.671980533249358,1,18.305392179247498,18.305392179247498,40.148544577150915,40.148544577150915,1.0,1.0,1.0,,1294.0,18.0,18.0,0.2382107377052307,44.0,5665.0,"[{'epoch': 14, 'train_loss': 0.19459597766399384, 'validation_loss': 0.29327449202537537}, {'epoch': 15, 'train_loss': 0.20849990844726562, 'validation_loss': 0.27885672450065613}, {'epoch': 16, 'train_loss': 0.20384112000465393, 'validation_loss': 0.26337406039237976}, {'epoch': 17, 'train_loss': 0.18252535164356232, 'validation_loss': 0.24930448830127716}, {'epoch': 18, 'train_loss': 0.15475983917713165, 'validation_loss': 0.2382107377052307}]"
stz_4h,Santa Tereza · 4 h,4,strict_common_cohort_causal,4,16_to_17,16,17,14,1294,44,46,2025-09-24T13:00:00,2025-10-07T04:00:00,20260919,True,LSTM,pytorch-cpu,0.048034299979917705,46,19.922155762334604,27.230021140393585,-2.414683796472589,58.438471638170284,0.5226404565720517,0.5226404565720517,4.0114279056993665,1,19.922155762334604,19.922155762334604,6.636076188859761,6.636076188859761,3.0,3.0,3.0,,1294.0,18.0,18.0,0.3730863332748413,44.0,7713.0,"[{'epoch': 14, 'train_loss': 0.5765945315361023, 'validation_loss': 0.42492055892944336}, {'epoch': 15, 'train_loss': 0.5564118027687073, 'validation_loss': 0.4110453426837921}, {'epoch': 16, 'train_loss': 0.5381819605827332, 'validation_loss': 0.39779236912727356}, {'epoch': 17, 'train_loss': 0.5218355655670166, 'validation_loss': 0.38514840602874756}, {'epoch': 18, 'train_loss': 0.5072275996208191, 'validation_loss': 0.3730863332748413}]"
stz_4h,Santa Tereza · 4 h,4,strict_common_cohort_causal,4,16_to_17,16,17,14,1294,44,46,2025-09-24T13:00:00,2025-10-07T04:00:00,20260919,True,GRU,pytorch-cpu,0.054680499946698546,46,21.23896870643901,27.191029227152644,1.9661585157891688,53.42048484773355,0.5240065837070307,0.5240065837070307,4.2718471492573356,1,21.23896870643901,21.23896870643901,49.12169763549389,49.12169763549389,1.0,1.0,1.0,,1294.0,18.0,18.0,0.3581646680831909,44.0,5793.0,"[{'epoch': 14, 'train_loss': 0.3835921585559845, 'validation_loss': 0.3857417106628418}, {'epoch': 15, 'train_loss': 0.3753040134906769, 'validation_loss': 0.37921568751335144}, {'epoch': 16, 'train_loss': 0.36883968114852905, 'validation_loss': 0.3727945387363434}, {'epoch': 17, 'train_loss': 0.36320993304252625, 'validation_loss': 0.36591199040412903}, {'epoch': 18, 'train_loss': 0.3576338589191437, 'validation_loss': 0.3581646680831909}]"
stz_4h,Santa Tereza · 4 h,4,strict_common_cohort_causal,4,16_to_17,16,17,14,1294,44,46,2025-09-24T13:00:00,2025-10-07T04:00:00,20260919,True,TCN,pytorch-cpu,0.05982890003360808,46,16.590159393610822,23.85202782480475,1.7399253147273355,55.30511410482522,0.6337309120276352,0.6337309120276352,3.33793541487313,1,16.590159393610822,16.590159393610822,14.503526933046942,14.503526933046942,1.0,1.0,1.0,,1294.0,18.0,18.0,0.23366285860538483,44.0,8769.0,"[{'epoch': 14, 'train_loss': 0.22703653573989868, 'validation_loss': 0.2751498520374298}, {'epoch': 15, 'train_loss': 0.17706502974033356, 'validation_loss': 0.258778840303421}, {'epoch': 16, 'train_loss': 0.1392647624015808, 'validation_loss': 0.24726368486881256}, {'epoch': 17, 'train_loss': 0.12274022400379181, 'validation_loss': 0.23980474472045898}, {'epoch': 18, 'train_loss': 0.12271364778280258, 'validation_loss': 0.23366285860538483}]"
stz_4h,Santa Tereza · 4 h,4,strict_common_cohort_causal,4,16_to_17,16,17,14,1294,44,46,2025-09-24T13:00:00,2025-10-07T04:00:00,20260919,True,Seq2Seq · decoder 1 passo,pytorch-cpu,0.07723819999955595,46,24.286746046354555,30.930328571499658,2.527105629306465,62.929471949584354,0.38408792369210154,0.38408792369210154,4.887445858767632,1,24.286746046354555,24.286746046354555,22.71173807767798,22.71173807767798,3.0,3.0,3.0,,1294.0,18.0,18.0,0.427825927734375,44.0,12193.0,"[{'epoch': 14, 'train_loss': 0.6894213557243347, 'validation_loss': 0.48232248425483704}, {'epoch': 15, 'train_loss': 0.6624079942703247, 'validation_loss': 0.46759188175201416}, {'epoch': 16, 'train_loss': 0.6355478763580322, 'validation_loss': 0.4534449875354767}, {'epoch': 17, 'train_loss': 0.6090510487556458, 'validation_loss': 0.44011038541793823}, {'epoch': 18, 'train_loss': 0.5831917524337769, 'validation_loss': 0.427825927734375}]"
stz_4h,Santa Tereza · 4 h,4,strict_common_cohort_causal,4,16_to_17,16,17,14,1294,44,46,2025-09-24T13:00:00,2025-10-07T04:00:00,20260919,True,Transformer temporal,pytorch-cpu,0.09743080008774996,46,14.285747018323502,18.997173586193817,0.7268979468763435,40.92925538515141,0.7676580475143092,0.7676580475143092,2.934940398597162,1,14.285747018323502,14.285747018323502,0.7180429585606589,0.7180429585606589,2.0,2.0,2.0,,1294.0,18.0,18.0,0.18657679855823517,44.0,9569.0,"[{'epoch': 14, 'train_loss': 0.39546072483062744, 'validation_loss': 0.19127310812473297}, {'epoch': 15, 'train_loss': 0.3867800831794739, 'validation_loss': 0.19126586616039276}, {'epoch': 16, 'train_loss': 0.38156914710998535, 'validation_loss': 0.19168072938919067}, {'epoch': 17, 'train_loss': 0.37672027945518494, 'validation_loss': 0.1904749870300293}, {'epoch': 18, 'train_loss': 0.36996862292289734, 'validation_loss': 0.18657679855823517}]"
stz_4h,Santa Tereza · 4 h,4,strict_common_cohort_causal,4,16_to_17,16,17,14,1294,44,46,2025-09-24T13:00:00,2025-10-07T04:00:00,20260919,True,DLinear experimental,pytorch-cpu,0.008823300013318658,46,36.715237621379295,45.5694178931419,11.812560441472087,96.49949208172251,-0.3368928920574914,-0.3368928920574914,7.503015272101445,1,36.715237621379295,36.715237621379295,9.399210567532805,9.399210567532805,7.0,7.0,7.0,,1294.0,18.0,18.0,0.7519482970237732,44.0,54.0,"[{'epoch': 14, 'train_loss': 2.203416585922241, 'validation_loss': 0.7872617244720459}, {'epoch': 15, 'train_loss': 2.126452922821045, 'validation_loss': 0.7781636714935303}, {'epoch': 16, 'train_loss': 2.0517454147338867, 'validation_loss': 0.769257128238678}, {'epoch': 17, 'train_loss': 1.979270100593567, 'validation_loss': 0.7605235576629639}, {'epoch': 18, 'train_loss': 1.9090023040771484, 'validation_loss': 0.7519482970237732}]"
stz_4h,Santa Tereza · 4 h,4,strict_common_cohort_causal,4,16_to_17,16,17,14,1294,44,46,2025-09-24T13:00:00,2025-10-07T04:00:00,20260919,True,NLinear experimental,pytorch-cpu,0.006307999952696264,46,22.884302126069052,29.172543191194105,-2.7611917341646093,55.14382592526066,0.4521038667349452,0.4521038667349452,4.590292056907925,1,22.884302126069052,22.884302126069052,16.581238412770972,16.581238412770972,1.0,1.0,1.0,,1294.0,18.0,18.0,0.4307211935520172,44.0,105.0,"[{'epoch': 14, 'train_loss': 0.7894909381866455, 'validation_loss': 0.47685301303863525}, {'epoch': 15, 'train_loss': 0.7690131664276123, 'validation_loss': 0.46235162019729614}, {'epoch': 16, 'train_loss': 0.7494683265686035, 'validation_loss': 0.44996678829193115}, {'epoch': 17, 'train_loss': 0.7308101654052734, 'validation_loss': 0.4394945800304413}, {'epoch': 18, 'train_loss': 0.7129969596862793, 'validation_loss': 0.4307211935520172}]"
stz_4h,Santa Tereza · 4 h,4,strict_common_cohort_causal,4,16_to_17,16,17,14,1294,44,46,2025-09-24T13:00:00,2025-10-07T04:00:00,20260919,True,TSMixer experimental,pytorch-cpu,0.0509777000406757,46,29.016070785469477,35.707815499360926,13.287185912208972,64.56984213619569,0.1791265359344204,0.1791265359344204,5.889803653899453,1,29.016070785469477,29.016070785469477,42.51297165780784,42.51297165780784,3.0,3.0,3.0,,1294.0,18.0,18.0,0.37160012125968933,44.0,2741.0,"[{'epoch': 14, 'train_loss': 0.64933842420578, 'validation_loss': 0.46153175830841064}, {'epoch': 15, 'train_loss': 0.6369965672492981, 'validation_loss': 0.4356319308280945}, {'epoch': 16, 'train_loss': 0.6245330572128296, 'validation_loss': 0.41192635893821716}, {'epoch': 17, 'train_loss': 0.6120232939720154, 'validation_loss': 0.39058342576026917}, {'epoch': 18, 'train_loss': 0.5996404886245728, 'validation_loss': 0.37160012125968933}]"
stz_4h,Santa Tereza · 4 h,4,strict_common_cohort_causal,4,16_to_17,16,17,14,1294,44,46,2025-09-24T13:00:00,2025-10-07T04:00:00,20260919,True,N-BEATS experimental,pytorch-cpu,0.03157580003608018,46,16.327478720857005,24.18673737448571,4.9938324863740196,54.45410711091492,0.6233792617425205,0.6233792617425205,3.2759573240301645,1,16.327478720857005,16.327478720857005,52.4222360753414,52.4222360753414,1.0,1.0,1.0,,1294.0,18.0,18.0,0.17522691190242767,44.0,28650.0,"[{'epoch': 14, 'train_loss': 0.12550130486488342, 'validation_loss': 0.2005004733800888}, {'epoch': 15, 'train_loss': 0.10508517920970917, 'validation_loss': 0.18893423676490784}, {'epoch': 16, 'train_loss': 0.0885794535279274, 'validation_loss': 0.1822507232427597}, {'epoch': 17, 'train_loss': 0.08225678652524948, 'validation_loss': 0.17879261076450348}, {'epoch': 18, 'train_loss': 0.08486632257699966, 'validation_loss': 0.17522691190242767}]"
stz_4h,Santa Tereza · 4 h,4,strict_common_cohort_causal,4,16_to_17,16,17,14,1294,44,46,2025-09-24T13:00:00,2025-10-07T04:00:00,20260919,True,N-HiTS-lite experimental,pytorch-cpu,0.01567389990668744,46,15.542498705521579,20.140123101884566,4.385762348903995,42.50682580078741,0.7388597028637816,0.7388597028637816,3.124333858950074,1,15.542498705521579,15.542498705521579,29.28148110634004,29.28148110634004,1.0,1.0,1.0,,1294.0,18.0,18.0,0.15067386627197266,44.0,3937.0,"[{'epoch': 14, 'train_loss': 0.16195006668567657, 'validation_loss': 0.19237595796585083}, {'epoch': 15, 'train_loss': 0.14396269619464874, 'validation_loss': 0.1795205920934677}, {'epoch': 16, 'train_loss': 0.12673026323318481, 'validation_loss': 0.16816139221191406}, {'epoch': 17, 'train_loss': 0.11200571060180664, 'validation_loss': 0.15851885080337524}, {'epoch': 18, 'train_loss': 0.10071181505918503, 'validation_loss': 0.15067386627197266}]"
stz_4h,Santa Tereza · 4 h,4,strict_common_cohort_causal,4,16_to_17,16,17,14,1294,44,46,2025-09-24T13:00:00,2025-10-07T04:00:00,20260919,True,PatchTST experimental,pytorch-cpu,0.07579249993432313,46,19.439359840903276,23.639903122141057,3.2570858853215525,42.16542400894326,0.6402166698284053,0.6402166698284053,3.9592999312170094,1,19.439359840903276,19.439359840903276,23.82101597369956,23.82101597369956,2.0,2.0,2.0,,1294.0,18.0,18.0,0.22525431215763092,44.0,9441.0,"[{'epoch': 14, 'train_loss': 0.4179648458957672, 'validation_loss': 0.25090786814689636}, {'epoch': 15, 'train_loss': 0.41211503744125366, 'validation_loss': 0.2418372631072998}, {'epoch': 16, 'train_loss': 0.4108322560787201, 'validation_loss': 0.2358180433511734}, {'epoch': 17, 'train_loss': 0.40954574942588806, 'validation_loss': 0.23065099120140076}, {'epoch': 18, 'train_loss': 0.40521112084388733, 'validation_loss': 0.22525431215763092}]"
stz_4h,Santa Tereza · 4 h,4,strict_common_cohort_causal,4,16_to_17,16,17,14,1294,44,46,2025-09-24T13:00:00,2025-10-07T04:00:00,20260919,True,TFT-lite experimental,pytorch-cpu,0.12307800003327429,46,24.45889957501038,30.514089541931597,2.8407500727335027,61.834420381199635,0.4005534223760868,0.4005534223760868,4.935094272044093,1,24.45889957501038,24.45889957501038,6.181978117488143,6.181978117488143,3.0,3.0,3.0,,1294.0,18.0,18.0,0.42141255736351013,44.0,13759.0,"[{'epoch': 14, 'train_loss': 0.43923789262771606, 'validation_loss': 0.5121954083442688}, {'epoch': 15, 'train_loss': 0.40154364705085754, 'validation_loss': 0.4858863651752472}, {'epoch': 16, 'train_loss': 0.3723340630531311, 'validation_loss': 0.4683648943901062}, {'epoch': 17, 'train_loss': 0.3521772027015686, 'validation_loss': 0.44609034061431885}, {'epoch': 18, 'train_loss': 0.32975420355796814, 'validation_loss': 0.42141255736351013}]"
stz_4h,Santa Tereza · 4 h,4,strict_common_cohort_causal,4,17_to_18,17,18,15,1338,46,87,2025-10-03T09:00:00,2025-11-07T16:00:00,20260919,True,Persistência,baseline,0.0,87,56.87356321839081,83.52547962823343,-10.482758620689655,204.3,0.65311803988426,0.65311803988426,10.107279993226882,1,56.87356321839081,56.87356321839081,0.0,0.0,4.0,4.0,4.0,,,,,,,,
stz_4h,Santa Tereza · 4 h,4,strict_common_cohort_causal,4,17_to_18,17,18,15,1338,46,87,2025-10-03T09:00:00,2025-11-07T16:00:00,20260919,True,Ridge,scikit-learn,0.0008323000511154532,87,22.21997343945777,32.303875834351146,2.9683037749652206,71.04466094970704,0.9481136617063022,0.9481136617063022,3.884526153423212,1,22.21997343945777,22.21997343945777,23.129638671875,23.129638671875,-12.0,12.0,12.0,[],1338.0,,,,,,
stz_4h,Santa Tereza · 4 h,4,strict_common_cohort_causal,4,17_to_18,17,18,15,1338,46,87,2025-10-03T09:00:00,2025-11-07T16:00:00,20260919,True,Elastic Net,scikit-learn,0.0804647000040859,87,21.535640008148107,31.93092920113561,1.2406929155875897,72.44285583496094,0.9493047963591419,0.9493047963591419,3.774787323404658,1,21.535640008148107,21.535640008148107,17.13580322265625,17.13580322265625,-12.0,12.0,12.0,"['Objective did not converge. You might want to increase the number of iterations, check the scale of the features or consider increasing regularisation. Duality gap: 2.194061e-01, tolerance: 1.338e-01']",1338.0,,,,,,
stz_4h,Santa Tereza · 4 h,4,strict_common_cohort_causal,4,17_to_18,17,18,15,1338,46,87,2025-10-03T09:00:00,2025-11-07T16:00:00,20260919,True,SVR,scikit-learn,0.07795629999600351,87,26.866259663271858,40.33200040830345,-0.015254638442110493,86.67716248829768,0.919119601181417,0.919119601181417,4.589262360646316,1,26.866259663271858,26.866259663271858,15.816397256371715,15.816397256371715,3.0,3.0,3.0,[],1338.0,,,,,,
stz_4h,Santa Tereza · 4 h,4,strict_common_cohort_causal,4,17_to_18,17,18,15,1338,46,87,2025-10-03T09:00:00,2025-11-07T16:00:00,20260919,True,MLP,scikit-learn,0.22718180005904287,87,26.638479906080782,37.419237394038376,5.229553504065535,75.93289337158205,0.9303800634930925,0.9303800634930925,4.5897107545494515,1,26.638479906080782,26.638479906080782,38.92185974121094,38.92185974121094,-12.0,12.0,12.0,[],1338.0,,,,,,
stz_4h,Santa Tereza · 4 h,4,strict_common_cohort_causal,4,17_to_18,17,18,15,1338,46,87,2025-10-03T09:00:00,2025-11-07T16:00:00,20260919,True,Random Forest,scikit-learn,4.614355499972589,87,23.237113083938173,35.15102782874452,-0.534127684566843,80.1216034184384,0.9385644408681036,0.9385644408681036,4.045360955832733,1,23.237113083938173,23.237113083938173,19.039860732134457,19.039860732134457,-12.0,12.0,12.0,[],1338.0,,,,,,
stz_4h,Santa Tereza · 4 h,4,strict_common_cohort_causal,4,17_to_18,17,18,15,1338,46,87,2025-10-03T09:00:00,2025-11-07T16:00:00,20260919,True,Extra Trees,scikit-learn,1.6403818000108004,87,22.153109473848343,33.37531153921023,0.5604888496783579,72.185816280703,0.9446147124523231,0.9446147124523231,3.8978880473748916,1,22.153109473848343,22.153109473848343,12.069563803886581,12.069563803886581,-12.0,12.0,12.0,[],1338.0,,,,,,
stz_4h,Santa Tereza · 4 h,4,strict_common_cohort_causal,4,17_to_18,17,18,15,1338,46,87,2025-10-03T09:00:00,2025-11-07T16:00:00,20260919,True,HistGradientBoosting,scikit-learn,0.5194495000177994,87,24.644268488185027,39.28201536153647,8.398844485341636,97.09409320019608,0.9232759922499083,0.9232759922499083,4.393587364921124,1,24.644268488185027,24.644268488185027,70.72848757097336,70.72848757097336,-13.0,13.0,13.0,[],1338.0,,,,,,
stz_4h,Santa Tereza · 4 h,4,strict_common_cohort_causal,4,17_to_18,17,18,15,1338,46,87,2025-10-03T09:00:00,2025-11-07T16:00:00,20260919,True,XGBoost,xgboost,0.6384430999169126,87,20.05670699991029,29.588420846522595,2.541236366348705,66.25787086486817,0.9564701337598418,0.9564701337598418,3.588712910575229,1,20.05670699991029,20.05670699991029,16.696548461914062,16.696548461914062,-12.0,12.0,12.0,[],1338.0,,,,,,
stz_4h,Santa Tereza · 4 h,4,strict_common_cohort_causal,4,17_to_18,17,18,15,1338,46,87,2025-10-03T09:00:00,2025-11-07T16:00:00,20260919,True,LightGBM,lightgbm,0.7857027999125421,87,23.56291854763326,35.610839779112425,1.7137815270338441,92.2808055125383,0.9369466465746443,0.9369466465746443,4.229684634886708,1,23.56291854763326,23.56291854763326,23.45783787106302,23.45783787106302,-12.0,12.0,12.0,[],1338.0,,,,,,
stz_4h,Santa Tereza · 4 h,4,strict_common_cohort_causal,4,17_to_18,17,18,15,1338,46,87,2025-10-03T09:00:00,2025-11-07T16:00:00,20260919,True,CatBoost,catboost,7.1014877000125125,87,22.021650463717233,33.67919074102966,-1.0449479895063216,77.75068739723635,0.9436015649490791,0.9436015649490791,3.886568175659607,1,22.021650463717233,22.021650463717233,16.28127790550377,16.28127790550377,0.0,0.0,0.0,[],1338.0,,,,,,
stz_4h,Santa Tereza · 4 h,4,strict_common_cohort_causal,4,17_to_18,17,18,15,1338,46,87,2025-10-03T09:00:00,2025-11-07T16:00:00,20260919,True,CNN-1D temporal,pytorch-cpu,0.051231799996457994,87,32.76186248427885,48.332778786109415,0.5217094063937197,117.0668792295087,0.8838478407795882,0.8838478407795882,5.830493391782829,1,32.76186248427885,32.76186248427885,37.47863259410758,37.47863259410758,-11.0,11.0,11.0,,1338.0,18.0,18.0,0.10842932015657425,46.0,5665.0,"[{'epoch': 14, 'train_loss': 0.20076189935207367, 'validation_loss': 0.12540890276432037}, {'epoch': 15, 'train_loss': 0.21394003927707672, 'validation_loss': 0.12292592227458954}, {'epoch': 16, 'train_loss': 0.2088199108839035, 'validation_loss': 0.11861059069633484}, {'epoch': 17, 'train_loss': 0.18723192811012268, 'validation_loss': 0.11352849751710892}, {'epoch': 18, 'train_loss': 0.15940111875534058, 'validation_loss': 0.10842932015657425}]"
stz_4h,Santa Tereza · 4 h,4,strict_common_cohort_causal,4,17_to_18,17,18,15,1338,46,87,2025-10-03T09:00:00,2025-11-07T16:00:00,20260919,True,LSTM,pytorch-cpu,0.052455299999564886,87,35.69423074606247,58.464073862063024,-18.81174755179783,146.14112947191154,0.8300497111895264,0.8300497111895264,6.355918526860954,1,35.69423074606247,35.69423074606247,11.06467367717778,11.06467367717778,1.0,1.0,1.0,,1338.0,18.0,18.0,0.13136133551597595,46.0,7713.0,"[{'epoch': 14, 'train_loss': 0.5786747932434082, 'validation_loss': 0.14660139381885529}, {'epoch': 15, 'train_loss': 0.55854332447052, 'validation_loss': 0.14171992242336273}, {'epoch': 16, 'train_loss': 0.5403333306312561, 'validation_loss': 0.13757094740867615}, {'epoch': 17, 'train_loss': 0.5239782929420471, 'validation_loss': 0.13413429260253906}, {'epoch': 18, 'train_loss': 0.50934898853302, 'validation_loss': 0.13136133551597595}]"
stz_4h,Santa Tereza · 4 h,4,strict_common_cohort_causal,4,17_to_18,17,18,15,1338,46,87,2025-10-03T09:00:00,2025-11-07T16:00:00,20260919,True,GRU,pytorch-cpu,0.07500880002044141,87,34.66258441845364,50.498769802512015,-11.443281397560192,118.51441045333566,0.8732040578323073,0.8732040578323073,6.10682340434677,1,34.66258441845364,34.66258441845364,16.716463769043457,16.716463769043457,-11.0,11.0,11.0,,1338.0,18.0,14.0,0.13012312352657318,46.0,5793.0,"[{'epoch': 14, 'train_loss': 0.38940560817718506, 'validation_loss': 0.13012312352657318}, {'epoch': 15, 'train_loss': 0.38079333305358887, 'validation_loss': 0.1304563581943512}, {'epoch': 16, 'train_loss': 0.37397390604019165, 'validation_loss': 0.13087201118469238}, {'epoch': 17, 'train_loss': 0.36797305941581726, 'validation_loss': 0.13098488748073578}, {'epoch': 18, 'train_loss': 0.36202219128608704, 'validation_loss': 0.13049879670143127}]"
stz_4h,Santa Tereza · 4 h,4,strict_common_cohort_causal,4,17_to_18,17,18,15,1338,46,87,2025-10-03T09:00:00,2025-11-07T16:00:00,20260919,True,TCN,pytorch-cpu,0.08512520010117441,87,31.937871371950802,47.47820460362956,0.4271421706270912,114.01937232853643,0.8879189131631692,0.8879189131631692,5.751309405911119,1,31.937871371950802,31.937871371950802,1.400589731422997,1.400589731422997,0.0,0.0,0.0,,1338.0,18.0,18.0,0.09911998361349106,46.0,8769.0,"[{'epoch': 14, 'train_loss': 0.23169031739234924, 'validation_loss': 0.11358263343572617}, {'epoch': 15, 'train_loss': 0.18204282224178314, 'validation_loss': 0.10804939270019531}, {'epoch': 16, 'train_loss': 0.14434374868869781, 'validation_loss': 0.10410777479410172}, {'epoch': 17, 'train_loss': 0.12763212621212006, 'validation_loss': 0.10126128047704697}, {'epoch': 18, 'train_loss': 0.12729166448116302, 'validation_loss': 0.09911998361349106}]"
stz_4h,Santa Tereza · 4 h,4,strict_common_cohort_causal,4,17_to_18,17,18,15,1338,46,87,2025-10-03T09:00:00,2025-11-07T16:00:00,20260919,True,Seq2Seq · decoder 1 passo,pytorch-cpu,0.06986940000206232,87,41.505876989502404,62.739859906304574,-9.5259199304596,153.5243338480425,0.8042819646994954,0.8042819646994954,7.403600873744,1,41.505876989502404,41.505876989502404,1.1786938846925068,1.1786938846925068,2.0,2.0,2.0,,1338.0,18.0,18.0,0.17056013643741608,46.0,12193.0,"[{'epoch': 14, 'train_loss': 0.691592812538147, 'validation_loss': 0.1888028383255005}, {'epoch': 15, 'train_loss': 0.6647500395774841, 'validation_loss': 0.18334653973579407}, {'epoch': 16, 'train_loss': 0.6380873918533325, 'validation_loss': 0.1783665120601654}, {'epoch': 17, 'train_loss': 0.6118167638778687, 'validation_loss': 0.17404012382030487}, {'epoch': 18, 'train_loss': 0.5862115025520325, 'validation_loss': 0.17056013643741608}]"
stz_4h,Santa Tereza · 4 h,4,strict_common_cohort_causal,4,17_to_18,17,18,15,1338,46,87,2025-10-03T09:00:00,2025-11-07T16:00:00,20260919,True,Transformer temporal,pytorch-cpu,0.10775460000149906,87,28.545756334319865,45.54318147974084,-9.67701815234408,105.27401261264322,0.8968687006697685,0.8968687006697685,5.1097398795710225,1,28.545756334319865,28.545756334319865,30.91445255262761,30.91445255262761,1.0,1.0,1.0,,1338.0,18.0,18.0,0.06841744482517242,46.0,9569.0,"[{'epoch': 14, 'train_loss': 0.39915555715560913, 'validation_loss': 0.08893651515245438}, {'epoch': 15, 'train_loss': 0.39115452766418457, 'validation_loss': 0.0820067822933197}, {'epoch': 16, 'train_loss': 0.38601014018058777, 'validation_loss': 0.07660697400569916}, {'epoch': 17, 'train_loss': 0.38065361976623535, 'validation_loss': 0.07217757403850555}, {'epoch': 18, 'train_loss': 0.37311065196990967, 'validation_loss': 0.06841744482517242}]"
stz_4h,Santa Tereza · 4 h,4,strict_common_cohort_causal,4,17_to_18,17,18,15,1338,46,87,2025-10-03T09:00:00,2025-11-07T16:00:00,20260919,True,DLinear experimental,pytorch-cpu,0.016369699966162443,87,83.84020797534419,119.16893762250163,-19.431615079951037,291.4690854489936,0.29389401339551313,0.29389401339551313,14.338487718582652,1,83.84020797534419,83.84020797534419,10.031428388664153,10.031428388664153,5.0,5.0,5.0,,1338.0,18.0,18.0,0.3663492202758789,46.0,54.0,"[{'epoch': 14, 'train_loss': 2.192852258682251, 'validation_loss': 0.38952770829200745}, {'epoch': 15, 'train_loss': 2.116684913635254, 'validation_loss': 0.3835859000682831}, {'epoch': 16, 'train_loss': 2.0427298545837402, 'validation_loss': 0.3777486979961395}, {'epoch': 17, 'train_loss': 1.9709668159484863, 'validation_loss': 0.37200674414634705}, {'epoch': 18, 'train_loss': 1.9013726711273193, 'validation_loss': 0.3663492202758789}]"
stz_4h,Santa Tereza · 4 h,4,strict_common_cohort_causal,4,17_to_18,17,18,15,1338,46,87,2025-10-03T09:00:00,2025-11-07T16:00:00,20260919,True,NLinear experimental,pytorch-cpu,0.010978000005707145,87,50.605656436812126,74.07958956171296,-12.158825894634392,162.17167181208777,0.7271393601574125,0.7271393601574125,8.719500301156641,1,50.605656436812126,50.605656436812126,76.95574393353616,76.95574393353616,0.0,0.0,0.0,,1338.0,18.0,18.0,0.14546480774879456,46.0,105.0,"[{'epoch': 14, 'train_loss': 0.7885401844978333, 'validation_loss': 0.16781415045261383}, {'epoch': 15, 'train_loss': 0.7681127786636353, 'validation_loss': 0.16096076369285583}, {'epoch': 16, 'train_loss': 0.7486872673034668, 'validation_loss': 0.1550087034702301}, {'epoch': 17, 'train_loss': 0.7302078008651733, 'validation_loss': 0.14987289905548096}, {'epoch': 18, 'train_loss': 0.712621808052063, 'validation_loss': 0.14546480774879456}]"
stz_4h,Santa Tereza · 4 h,4,strict_common_cohort_causal,4,17_to_18,17,18,15,1338,46,87,2025-10-03T09:00:00,2025-11-07T16:00:00,20260919,True,TSMixer experimental,pytorch-cpu,0.0528112999163568,87,40.302461527863116,61.1773584319893,-15.343264809255805,156.66662386679764,0.8139090728343712,0.8139090728343712,7.107139230227598,1,40.302461527863116,40.302461527863116,3.6046602931623966,3.6046602931623966,-10.0,10.0,10.0,,1338.0,18.0,18.0,0.22031481564044952,46.0,2741.0,"[{'epoch': 14, 'train_loss': 0.6478229761123657, 'validation_loss': 0.26984724402427673}, {'epoch': 15, 'train_loss': 0.6357875466346741, 'validation_loss': 0.25791803002357483}, {'epoch': 16, 'train_loss': 0.6237000226974487, 'validation_loss': 0.2453172355890274}, {'epoch': 17, 'train_loss': 0.6115596294403076, 'validation_loss': 0.23260711133480072}, {'epoch': 18, 'train_loss': 0.5995053648948669, 'validation_loss': 0.22031481564044952}]"
stz_4h,Santa Tereza · 4 h,4,strict_common_cohort_causal,4,17_to_18,17,18,15,1338,46,87,2025-10-03T09:00:00,2025-11-07T16:00:00,20260919,True,N-BEATS experimental,pytorch-cpu,0.031856800080277026,87,29.56187269190617,43.57538077841207,1.869312124141515,108.49501740584682,0.9055882299569169,0.9055882299569169,5.090605636531242,1,29.56187269190617,29.56187269190617,39.276681378337116,39.276681378337116,-12.0,12.0,12.0,,1338.0,18.0,15.0,0.09795206785202026,46.0,28650.0,"[{'epoch': 14, 'train_loss': 0.12596268951892853, 'validation_loss': 0.09879179298877716}, {'epoch': 15, 'train_loss': 0.10547655075788498, 'validation_loss': 0.09795206785202026}, {'epoch': 16, 'train_loss': 0.09028113633394241, 'validation_loss': 0.09937509149312973}, {'epoch': 17, 'train_loss': 0.085643470287323, 'validation_loss': 0.1016639918088913}, {'epoch': 18, 'train_loss': 0.08879667520523071, 'validation_loss': 0.10283830016851425}]"
stz_4h,Santa Tereza · 4 h,4,strict_common_cohort_causal,4,17_to_18,17,18,15,1338,46,87,2025-10-03T09:00:00,2025-11-07T16:00:00,20260919,True,N-HiTS-lite experimental,pytorch-cpu,0.015503300004638731,87,30.374905067591833,45.661101985088024,3.3075095609985787,112.82828416894094,0.8963339537081271,0.8963339537081271,5.278058999931198,1,30.374905067591833,30.374905067591833,46.95603157618268,46.95603157618268,-12.0,12.0,12.0,,1338.0,18.0,18.0,0.07094605267047882,46.0,3937.0,"[{'epoch': 14, 'train_loss': 0.16452543437480927, 'validation_loss': 0.08911497890949249}, {'epoch': 15, 'train_loss': 0.14656805992126465, 'validation_loss': 0.08408686518669128}, {'epoch': 16, 'train_loss': 0.12934109568595886, 'validation_loss': 0.07923062145709991}, {'epoch': 17, 'train_loss': 0.11462116986513138, 'validation_loss': 0.0747905820608139}, {'epoch': 18, 'train_loss': 0.10334187000989914, 'validation_loss': 0.07094605267047882}]"
stz_4h,Santa Tereza · 4 h,4,strict_common_cohort_causal,4,17_to_18,17,18,15,1338,46,87,2025-10-03T09:00:00,2025-11-07T16:00:00,20260919,True,PatchTST experimental,pytorch-cpu,0.07714239996857941,87,32.21851990195779,47.910711424570906,-9.965247507139333,121.97801778890903,0.8858675874076681,0.8858675874076681,5.696846999104996,1,32.21851990195779,32.21851990195779,25.60502944250868,25.60502944250868,2.0,2.0,2.0,,1338.0,18.0,18.0,0.10751280933618546,46.0,9441.0,"[{'epoch': 14, 'train_loss': 0.422110915184021, 'validation_loss': 0.13076990842819214}, {'epoch': 15, 'train_loss': 0.41742363572120667, 'validation_loss': 0.12159373611211777}, {'epoch': 16, 'train_loss': 0.41671282052993774, 'validation_loss': 0.11523490399122238}, {'epoch': 17, 'train_loss': 0.4153292775154114, 'validation_loss': 0.11063914000988007}, {'epoch': 18, 'train_loss': 0.410398006439209, 'validation_loss': 0.10751280933618546}]"
stz_4h,Santa Tereza · 4 h,4,strict_common_cohort_causal,4,17_to_18,17,18,15,1338,46,87,2025-10-03T09:00:00,2025-11-07T16:00:00,20260919,True,TFT-lite experimental,pytorch-cpu,0.1334459000499919,87,41.525338460677936,54.59549624704909,1.62991306546497,118.96319868087782,0.8517968638203375,0.8517968638203375,7.410603666446749,1,41.525338460677936,41.525338460677936,65.65791665536517,65.65791665536517,-11.0,11.0,11.0,,1338.0,18.0,18.0,0.1664762943983078,46.0,13759.0,"[{'epoch': 14, 'train_loss': 0.4485591650009155, 'validation_loss': 0.19909526407718658}, {'epoch': 15, 'train_loss': 0.4110528826713562, 'validation_loss': 0.19534173607826233}, {'epoch': 16, 'train_loss': 0.38179582357406616, 'validation_loss': 0.1956842690706253}, {'epoch': 17, 'train_loss': 0.3613984286785126, 'validation_loss': 0.18398888409137726}, {'epoch': 18, 'train_loss': 0.3387099504470825, 'validation_loss': 0.1664762943983078}]"
stz_4h,Santa Tereza · 4 h,4,strict_common_cohort_causal,4,18_to_19,18,19,16,1384,87,20,2025-10-09T01:00:00,2025-12-30T21:00:00,20260919,True,Persistência,baseline,0.0,20,23.5,31.34804619111054,3.7,70.4,-0.6806119089661424,-0.6806119089661424,6.460019110540169,1,23.5,23.5,0.0,0.0,4.0,4.0,4.0,,,,,,,,
stz_4h,Santa Tereza · 4 h,4,strict_common_cohort_causal,4,18_to_19,18,19,16,1384,87,20,2025-10-09T01:00:00,2025-12-30T21:00:00,20260919,True,Ridge,scikit-learn,0.0008555999957025051,20,13.125394821166992,18.507063799574734,11.403559970855714,41.17520651817322,0.41423755427694164,0.41423755427694164,3.4829888801251796,1,13.125394821166992,13.125394821166992,10.464225769042969,10.464225769042969,1.0,1.0,1.0,[],1384.0,,,,,,
stz_4h,Santa Tereza · 4 h,4,strict_common_cohort_causal,4,18_to_19,18,19,16,1384,87,20,2025-10-09T01:00:00,2025-12-30T21:00:00,20260919,True,Elastic Net,scikit-learn,0.071806599968113,20,10.934409070014954,16.66084281497478,8.739007163047791,39.45989050865174,0.5252768455301027,0.5252768455301027,2.9212463183805193,1,10.934409070014954,10.934409070014954,7.258537292480469,7.258537292480469,1.0,1.0,1.0,"['Objective did not converge. You might want to increase the number of iterations, check the scale of the features or consider increasing regularisation. Duality gap: 2.149811e-01, tolerance: 1.384e-01']",1384.0,,,,,,
stz_4h,Santa Tereza · 4 h,4,strict_common_cohort_causal,4,18_to_19,18,19,16,1384,87,20,2025-10-09T01:00:00,2025-12-30T21:00:00,20260919,True,SVR,scikit-learn,0.11327049997635186,20,11.16952327568244,16.228807978638308,5.94360587811434,34.03004846613351,0.54957786591615,0.54957786591615,2.9908848776152426,1,11.16952327568244,11.16952327568244,2.614912611025261,2.614912611025261,1.0,1.0,1.0,[],1384.0,,,,,,
stz_4h,Santa Tereza · 4 h,4,strict_common_cohort_causal,4,18_to_19,18,19,16,1384,87,20,2025-10-09T01:00:00,2025-12-30T21:00:00,20260919,True,MLP,scikit-learn,0.2667824000818655,20,11.506386464834213,16.31194976142459,4.436389201879502,33.026958423852925,0.5449509301012185,0.5449509301012185,3.106271306259139,1,11.506386464834213,11.506386464834213,1.462681770324707,1.462681770324707,0.0,0.0,0.0,[],1384.0,,,,,,
stz_4h,Santa Tereza · 4 h,4,strict_common_cohort_causal,4,18_to_19,18,19,16,1384,87,20,2025-10-09T01:00:00,2025-12-30T21:00:00,20260919,True,Random Forest,scikit-learn,4.632727599935606,20,10.999763026321366,17.297192472036773,9.196255126189508,38.072742540882444,0.48832085473201525,0.48832085473201525,3.035879293942387,1,10.999763026321366,10.999763026321366,6.439939468754687,6.439939468754687,2.0,2.0,2.0,[],1384.0,,,,,,
stz_4h,Santa Tereza · 4 h,4,strict_common_cohort_causal,4,18_to_19,18,19,16,1384,87,20,2025-10-09T01:00:00,2025-12-30T21:00:00,20260919,True,Extra Trees,scikit-learn,1.880011499975808,20,10.19016835152426,16.53166694338891,8.209445118581959,38.323825280842165,0.5326096140045788,0.5326096140045788,2.810235079752065,1,10.19016835152426,10.19016835152426,7.052956743432048,7.052956743432048,2.0,2.0,2.0,[],1384.0,,,,,,
stz_4h,Santa Tereza · 4 h,4,strict_common_cohort_causal,4,18_to_19,18,19,16,1384,87,20,2025-10-09T01:00:00,2025-12-30T21:00:00,20260919,True,HistGradientBoosting,scikit-learn,0.5266984000336379,20,13.158206073063198,18.221291314299034,11.280888665950252,38.07094815254889,0.4321877162258497,0.4321877162258497,3.5946175869358625,1,13.158206073063198,13.158206073063198,7.42432551379261,7.42432551379261,2.0,2.0,2.0,[],1384.0,,,,,,
stz_4h,Santa Tereza · 4 h,4,strict_common_cohort_causal,4,18_to_19,18,19,16,1384,87,20,2025-10-09T01:00:00,2025-12-30T21:00:00,20260919,True,XGBoost,xgboost,0.5978095999453217,20,13.49874975681305,17.37119193421167,11.579546332359314,33.26610207557679,0.4839334404227258,0.4839334404227258,3.6591319549498733,1,13.49874975681305,13.49874975681305,5.880938529968262,5.880938529968262,1.0,1.0,1.0,[],1384.0,,,,,,
stz_4h,Santa Tereza · 4 h,4,strict_common_cohort_causal,4,18_to_19,18,19,16,1384,87,20,2025-10-09T01:00:00,2025-12-30T21:00:00,20260919,True,LightGBM,lightgbm,0.6975473000202328,20,12.45726932274737,18.762076603871424,10.881092162542481,40.03022211981316,0.3979836445360625,0.3979836445360625,3.435414938526578,1,12.45726932274737,12.45726932274737,7.554645523473823,7.554645523473823,2.0,2.0,2.0,[],1384.0,,,,,,
stz_4h,Santa Tereza · 4 h,4,strict_common_cohort_causal,4,18_to_19,18,19,16,1384,87,20,2025-10-09T01:00:00,2025-12-30T21:00:00,20260919,True,CatBoost,catboost,7.324430600041524,20,11.412977782031732,18.71443902019997,9.424123705769949,39.54404545072642,0.40103684564043385,0.40103684564043385,3.191364582923745,1,11.412977782031732,11.412977782031732,2.220678543811516,2.220678543811516,1.0,1.0,1.0,[],1384.0,,,,,,
stz_4h,Santa Tereza · 4 h,4,strict_common_cohort_causal,4,18_to_19,18,19,16,1384,87,20,2025-10-09T01:00:00,2025-12-30T21:00:00,20260919,True,CNN-1D temporal,pytorch-cpu,0.06686709995847195,20,12.569666472192585,20.940577528703898,4.59972858916804,43.061379383055986,0.25006471008177544,0.25006471008177544,3.4854986622385273,1,12.569666472192585,12.569666472192585,1.4575961150018202,1.4575961150018202,2.0,2.0,2.0,,1384.0,18.0,18.0,0.4253925085067749,87.0,5665.0,"[{'epoch': 14, 'train_loss': 0.2028365433216095, 'validation_loss': 0.6875437498092651}, {'epoch': 15, 'train_loss': 0.21633709967136383, 'validation_loss': 0.6491829752922058}, {'epoch': 16, 'train_loss': 0.21153439581394196, 'validation_loss': 0.5804334282875061}, {'epoch': 17, 'train_loss': 0.19009220600128174, 'validation_loss': 0.4998897314071655}, {'epoch': 18, 'train_loss': 0.1620817631483078, 'validation_loss': 0.4253925085067749}]"
stz_4h,Santa Tereza · 4 h,4,strict_common_cohort_causal,4,18_to_19,18,19,16,1384,87,20,2025-10-09T01:00:00,2025-12-30T21:00:00,20260919,True,LSTM,pytorch-cpu,0.06387170008383691,20,16.257943652361966,24.639428439373734,3.5439471297831204,56.6674759421826,-0.0382638644822062,-0.0382638644822062,4.488572178779939,1,16.257943652361966,16.257943652361966,0.854227042380046,0.854227042380046,2.0,2.0,2.0,,1384.0,18.0,18.0,0.6323810815811157,87.0,7713.0,"[{'epoch': 14, 'train_loss': 0.5822542309761047, 'validation_loss': 0.7335619330406189}, {'epoch': 15, 'train_loss': 0.5621947646141052, 'validation_loss': 0.7057955265045166}, {'epoch': 16, 'train_loss': 0.5440254211425781, 'validation_loss': 0.6797711849212646}, {'epoch': 17, 'train_loss': 0.527681827545166, 'validation_loss': 0.6553629040718079}, {'epoch': 18, 'train_loss': 0.5130441784858704, 'validation_loss': 0.6323810815811157}]"
stz_4h,Santa Tereza · 4 h,4,strict_common_cohort_causal,4,18_to_19,18,19,16,1384,87,20,2025-10-09T01:00:00,2025-12-30T21:00:00,20260919,True,GRU,pytorch-cpu,0.07579619996249676,20,16.320401285550332,25.093575689401188,8.59135540765655,55.941942485604926,-0.07689058729015885,-0.07689058729015885,4.486321658091837,1,16.320401285550332,16.320401285550332,7.9483128917648855,7.9483128917648855,2.0,2.0,2.0,,1384.0,18.0,18.0,0.4310492277145386,87.0,5793.0,"[{'epoch': 14, 'train_loss': 0.3929862380027771, 'validation_loss': 0.46899405121803284}, {'epoch': 15, 'train_loss': 0.38426530361175537, 'validation_loss': 0.4565841555595398}, {'epoch': 16, 'train_loss': 0.37734636664390564, 'validation_loss': 0.4468716084957123}, {'epoch': 17, 'train_loss': 0.3712599575519562, 'validation_loss': 0.4386860728263855}, {'epoch': 18, 'train_loss': 0.36523711681365967, 'validation_loss': 0.4310492277145386}]"
stz_4h,Santa Tereza · 4 h,4,strict_common_cohort_causal,4,18_to_19,18,19,16,1384,87,20,2025-10-09T01:00:00,2025-12-30T21:00:00,20260919,True,TCN,pytorch-cpu,0.08715219993609935,20,14.600562579404308,20.29409586661095,3.136712193301142,45.449204190221806,0.29565425425827296,0.29565425425827296,3.994821672032593,1,14.600562579404308,14.600562579404308,3.759041976317633,3.759041976317633,2.0,2.0,2.0,,1384.0,18.0,18.0,0.40973198413848877,87.0,8769.0,"[{'epoch': 14, 'train_loss': 0.23347818851470947, 'validation_loss': 0.6456222534179688}, {'epoch': 15, 'train_loss': 0.18347695469856262, 'validation_loss': 0.5522942543029785}, {'epoch': 16, 'train_loss': 0.14594398438930511, 'validation_loss': 0.48392626643180847}, {'epoch': 17, 'train_loss': 0.12969650328159332, 'validation_loss': 0.4388691186904907}, {'epoch': 18, 'train_loss': 0.1298896223306656, 'validation_loss': 0.40973198413848877}]"
stz_4h,Santa Tereza · 4 h,4,strict_common_cohort_causal,4,18_to_19,18,19,16,1384,87,20,2025-10-09T01:00:00,2025-12-30T21:00:00,20260919,True,Seq2Seq · decoder 1 passo,pytorch-cpu,0.08747580007184297,20,16.204722327561644,27.089813832837528,7.9276605646041505,62.389306316035885,-0.2550427566649347,-0.2550427566649347,4.536331677626105,1,16.204722327561644,16.204722327561644,3.7285039745358404,3.7285039745358404,2.0,2.0,2.0,,1384.0,18.0,18.0,0.7252858281135559,87.0,12193.0,"[{'epoch': 14, 'train_loss': 0.6941225528717041, 'validation_loss': 0.8783965706825256}, {'epoch': 15, 'train_loss': 0.667482316493988, 'validation_loss': 0.8391253352165222}, {'epoch': 16, 'train_loss': 0.6410309076309204, 'validation_loss': 0.80028235912323}, {'epoch': 17, 'train_loss': 0.6149803400039673, 'validation_loss': 0.7622137069702148}, {'epoch': 18, 'train_loss': 0.5896021723747253, 'validation_loss': 0.7252858281135559}]"
stz_4h,Santa Tereza · 4 h,4,strict_common_cohort_causal,4,18_to_19,18,19,16,1384,87,20,2025-10-09T01:00:00,2025-12-30T21:00:00,20260919,True,Transformer temporal,pytorch-cpu,0.12854279996827245,20,11.435377479001147,14.737493776667092,0.39999562246702,23.734215839519617,0.6285556557245875,0.6285556557245875,3.017140304636513,1,11.435377479001147,11.435377479001147,3.671751201780353,3.671751201780353,1.0,1.0,1.0,,1384.0,18.0,14.0,0.37433141469955444,87.0,9569.0,"[{'epoch': 14, 'train_loss': 0.4025326669216156, 'validation_loss': 0.37433141469955444}, {'epoch': 15, 'train_loss': 0.3945428133010864, 'validation_loss': 0.3775697946548462}, {'epoch': 16, 'train_loss': 0.38907116651535034, 'validation_loss': 0.381168007850647}, {'epoch': 17, 'train_loss': 0.38317909836769104, 'validation_loss': 0.38241612911224365}, {'epoch': 18, 'train_loss': 0.3750661015510559, 'validation_loss': 0.3802100419998169}]"
stz_4h,Santa Tereza · 4 h,4,strict_common_cohort_causal,4,18_to_19,18,19,16,1384,87,20,2025-10-09T01:00:00,2025-12-30T21:00:00,20260919,True,DLinear experimental,pytorch-cpu,0.01632860000245273,20,21.696467804673556,37.582388487337305,20.531342682618423,83.3818639614657,-1.415545573644379,-1.415545573644379,6.068590563700908,1,21.696467804673556,21.696467804673556,36.056491306224416,36.056491306224416,4.0,4.0,4.0,,1384.0,18.0,18.0,2.616468906402588,87.0,54.0,"[{'epoch': 14, 'train_loss': 2.1907622814178467, 'validation_loss': 2.9286296367645264}, {'epoch': 15, 'train_loss': 2.1148061752319336, 'validation_loss': 2.847097873687744}, {'epoch': 16, 'train_loss': 2.0410492420196533, 'validation_loss': 2.7679357528686523}, {'epoch': 17, 'train_loss': 1.9694727659225464, 'validation_loss': 2.691080093383789}, {'epoch': 18, 'train_loss': 1.9000544548034668, 'validation_loss': 2.616468906402588}]"
stz_4h,Santa Tereza · 4 h,4,strict_common_cohort_causal,4,18_to_19,18,19,16,1384,87,20,2025-10-09T01:00:00,2025-12-30T21:00:00,20260919,True,NLinear experimental,pytorch-cpu,0.011422800016589463,20,22.08640876584348,25.635198224671257,-4.886374126810059,47.74258891589769,-0.12387973546342268,-0.12387973546342268,5.913792204422121,1,22.08640876584348,22.08640876584348,4.386980221100316,4.386980221100316,2.0,2.0,2.0,,1384.0,18.0,18.0,1.0057669878005981,87.0,105.0,"[{'epoch': 14, 'train_loss': 0.7882756590843201, 'validation_loss': 1.1145366430282593}, {'epoch': 15, 'train_loss': 0.7678042054176331, 'validation_loss': 1.0832196474075317}, {'epoch': 16, 'train_loss': 0.7483522891998291, 'validation_loss': 1.0547658205032349}, {'epoch': 17, 'train_loss': 0.729864776134491, 'validation_loss': 1.029004454612732}, {'epoch': 18, 'train_loss': 0.712287962436676, 'validation_loss': 1.0057669878005981}]"
stz_4h,Santa Tereza · 4 h,4,strict_common_cohort_causal,4,18_to_19,18,19,16,1384,87,20,2025-10-09T01:00:00,2025-12-30T21:00:00,20260919,True,TSMixer experimental,pytorch-cpu,0.07606140000279993,20,35.168159997520014,43.88202122399556,30.325344763484555,87.67539795088895,-2.2932122855572836,-2.2932122855572836,9.437552750920686,1,35.168159997520014,35.168159997520014,41.032543203518856,41.032543203518856,-9.0,9.0,9.0,,1384.0,18.0,18.0,0.6776643991470337,87.0,2741.0,"[{'epoch': 14, 'train_loss': 0.6486151814460754, 'validation_loss': 0.7359918355941772}, {'epoch': 15, 'train_loss': 0.636954665184021, 'validation_loss': 0.7194040417671204}, {'epoch': 16, 'train_loss': 0.6252576112747192, 'validation_loss': 0.7044572234153748}, {'epoch': 17, 'train_loss': 0.6134885549545288, 'validation_loss': 0.690639853477478}, {'epoch': 18, 'train_loss': 0.6017862558364868, 'validation_loss': 0.6776643991470337}]"
stz_4h,Santa Tereza · 4 h,4,strict_common_cohort_causal,4,18_to_19,18,19,16,1384,87,20,2025-10-09T01:00:00,2025-12-30T21:00:00,20260919,True,N-BEATS experimental,pytorch-cpu,0.04001360002439469,20,13.807162765653734,18.705568262117797,6.285858071915319,39.05705970403317,0.40160453543103636,0.40160453543103636,3.7427392670529316,1,13.807162765653734,13.807162765653734,0.9626045565188406,0.9626045565188406,2.0,2.0,2.0,,1384.0,18.0,18.0,0.32734552025794983,87.0,28650.0,"[{'epoch': 14, 'train_loss': 0.1279003620147705, 'validation_loss': 0.357132226228714}, {'epoch': 15, 'train_loss': 0.10731144994497299, 'validation_loss': 0.3422122299671173}, {'epoch': 16, 'train_loss': 0.09241826832294464, 'validation_loss': 0.3359900712966919}, {'epoch': 17, 'train_loss': 0.08849284797906876, 'validation_loss': 0.3332172632217407}, {'epoch': 18, 'train_loss': 0.09214862436056137, 'validation_loss': 0.32734552025794983}]"
stz_4h,Santa Tereza · 4 h,4,strict_common_cohort_causal,4,18_to_19,18,19,16,1384,87,20,2025-10-09T01:00:00,2025-12-30T21:00:00,20260919,True,N-HiTS-lite experimental,pytorch-cpu,0.01634650002233684,20,11.198404409636343,16.83533390228446,5.005531311591918,36.52467832533577,0.5152811051277586,0.5152811051277586,3.0667926480507597,1,11.198404409636343,11.198404409636343,1.3045270609668478,1.3045270609668478,2.0,2.0,2.0,,1384.0,18.0,18.0,0.38048580288887024,87.0,3937.0,"[{'epoch': 14, 'train_loss': 0.16622795164585114, 'validation_loss': 0.5438558459281921}, {'epoch': 15, 'train_loss': 0.14824417233467102, 'validation_loss': 0.49527981877326965}, {'epoch': 16, 'train_loss': 0.13103999197483063, 'validation_loss': 0.450969398021698}, {'epoch': 17, 'train_loss': 0.11633221060037613, 'validation_loss': 0.41252654790878296}, {'epoch': 18, 'train_loss': 0.10505427420139313, 'validation_loss': 0.38048580288887024}]"
stz_4h,Santa Tereza · 4 h,4,strict_common_cohort_causal,4,18_to_19,18,19,16,1384,87,20,2025-10-09T01:00:00,2025-12-30T21:00:00,20260919,True,PatchTST experimental,pytorch-cpu,0.07761919999029487,20,14.366791425413421,20.240881959240774,-0.5626920330698993,44.786669455232754,0.2993431940725918,0.2993431940725918,3.856177127629394,1,14.366791425413421,14.366791425413421,0.5188886909804182,0.5188886909804182,2.0,2.0,2.0,,1384.0,18.0,13.0,0.38790223002433777,87.0,9441.0,"[{'epoch': 14, 'train_loss': 0.4264756441116333, 'validation_loss': 0.39280930161476135}, {'epoch': 15, 'train_loss': 0.42203521728515625, 'validation_loss': 0.4025040864944458}, {'epoch': 16, 'train_loss': 0.4212658405303955, 'validation_loss': 0.41220271587371826}, {'epoch': 17, 'train_loss': 0.4195649325847626, 'validation_loss': 0.4184526801109314}, {'epoch': 18, 'train_loss': 0.41422104835510254, 'validation_loss': 0.42015504837036133}]"
stz_4h,Santa Tereza · 4 h,4,strict_common_cohort_causal,4,18_to_19,18,19,16,1384,87,20,2025-10-09T01:00:00,2025-12-30T21:00:00,20260919,True,TFT-lite experimental,pytorch-cpu,0.1340652999933809,20,17.861471225103294,27.89625111206509,7.824219591653289,62.542255596362594,-0.3308777611919962,-0.3308777611919962,4.986957583625684,1,17.861471225103294,17.861471225103294,1.175196464733574,1.175196464733574,2.0,2.0,2.0,,1384.0,18.0,18.0,0.5479334592819214,87.0,13759.0,"[{'epoch': 14, 'train_loss': 0.45444706082344055, 'validation_loss': 0.689691960811615}, {'epoch': 15, 'train_loss': 0.417119562625885, 'validation_loss': 0.6514148116111755}, {'epoch': 16, 'train_loss': 0.3876611888408661, 'validation_loss': 0.6208498477935791}, {'epoch': 17, 'train_loss': 0.36724671721458435, 'validation_loss': 0.5847179889678955}, {'epoch': 18, 'train_loss': 0.3446759581565857, 'validation_loss': 0.5479334592819214}]"
stz_4h,Santa Tereza · 4 h,4,strict_common_cohort_causal,4,21_to_22,21,22,19,1494,54,12,2026-06-27T22:00:00,2026-07-22T22:00:00,20260919,True,Persistência,baseline,0.0,12,120.75,128.43318626170313,120.75,194.5,0.6550773344981332,0.6550773344981332,11.350227969748525,1,120.75,120.75,200.0,200.0,0.0,0.0,0.0,,,,,,,,
stz_4h,Santa Tereza · 4 h,4,strict_common_cohort_causal,4,21_to_22,21,22,19,1494,54,12,2026-06-27T22:00:00,2026-07-22T22:00:00,20260919,True,Ridge,scikit-learn,0.0015094999689608812,12,25.386180877685547,32.96851290257236,-2.0944849650065103,60.113485717773436,0.9772717532473897,0.9772717532473897,2.495171272163833,1,25.386180877685547,25.386180877685547,58.99444580078125,58.99444580078125,0.0,0.0,0.0,[],1494.0,,,,,,
stz_4h,Santa Tereza · 4 h,4,strict_common_cohort_causal,4,21_to_22,21,22,19,1494,54,12,2026-06-27T22:00:00,2026-07-22T22:00:00,20260919,True,Elastic Net,scikit-learn,0.17551049997564405,12,26.206146717071533,34.13924887674091,-5.941156546274821,63.24743118286132,0.9756288993691669,0.9756288993691669,2.561904702760755,1,26.206146717071533,26.206146717071533,54.05274963378906,54.05274963378906,0.0,0.0,0.0,"['Objective did not converge. You might want to increase the number of iterations, check the scale of the features or consider increasing regularisation. Duality gap: 3.219757e-01, tolerance: 1.494e-01']",1494.0,,,,,,
stz_4h,Santa Tereza · 4 h,4,strict_common_cohort_causal,4,21_to_22,21,22,19,1494,54,12,2026-06-27T22:00:00,2026-07-22T22:00:00,20260919,True,SVR,scikit-learn,0.17911520006600767,12,36.963671011597945,47.41296885405618,18.343654128798505,94.29857996132019,0.9529931098528558,0.9529931098528558,3.4109302854632007,1,36.963671011597945,36.963671011597945,97.39317871129924,97.39317871129924,0.0,0.0,0.0,[],1494.0,,,,,,
stz_4h,Santa Tereza · 4 h,4,strict_common_cohort_causal,4,21_to_22,21,22,19,1494,54,12,2026-06-27T22:00:00,2026-07-22T22:00:00,20260919,True,MLP,scikit-learn,0.13369559997227043,12,34.82812786102295,40.66829483892853,9.433436393737793,73.01026115417478,0.9654156875162251,0.9654156875162251,3.545485722028318,1,34.82812786102295,34.82812786102295,83.67234802246094,83.67234802246094,0.0,0.0,0.0,[],1494.0,,,,,,
stz_4h,Santa Tereza · 4 h,4,strict_common_cohort_causal,4,21_to_22,21,22,19,1494,54,12,2026-06-27T22:00:00,2026-07-22T22:00:00,20260919,True,Random Forest,scikit-learn,5.315586499986239,12,37.486962359985235,43.98863142770617,11.095775048169164,67.77155340490198,0.9595379278166203,0.9595379278166203,3.5935605306050062,1,37.486962359985235,37.486962359985235,72.27982586541748,72.27982586541748,0.0,0.0,0.0,[],1494.0,,,,,,
stz_4h,Santa Tereza · 4 h,4,strict_common_cohort_causal,4,21_to_22,21,22,19,1494,54,12,2026-06-27T22:00:00,2026-07-22T22:00:00,20260919,True,Extra Trees,scikit-learn,2.0784667999250814,12,29.18972609266454,33.05675055405895,5.588820487191659,52.46702386763907,0.9771499296827869,0.9771499296827869,2.874646605014185,1,29.18972609266454,29.18972609266454,52.66704873617664,52.66704873617664,0.0,0.0,0.0,[],1494.0,,,,,,
stz_4h,Santa Tereza · 4 h,4,strict_common_cohort_causal,4,21_to_22,21,22,19,1494,54,12,2026-06-27T22:00:00,2026-07-22T22:00:00,20260919,True,HistGradientBoosting,scikit-learn,0.5247000000672415,12,39.77863102561826,50.83783942408627,9.64848993124331,88.19893593230941,0.94595675853611,0.94595675853611,3.7856957161770044,1,39.77863102561826,39.77863102561826,96.6400467936744,96.6400467936744,0.0,0.0,0.0,[],1494.0,,,,,,
stz_4h,Santa Tereza · 4 h,4,strict_common_cohort_causal,4,21_to_22,21,22,19,1494,54,12,2026-06-27T22:00:00,2026-07-22T22:00:00,20260919,True,XGBoost,xgboost,0.5387748000212014,12,39.3104248046875,46.3453319194222,18.085750579833984,79.19394645690917,0.955086260745179,0.955086260745179,3.8007195646497594,1,39.3104248046875,39.3104248046875,84.23954772949219,84.23954772949219,0.0,0.0,0.0,[],1494.0,,,,,,
stz_4h,Santa Tereza · 4 h,4,strict_common_cohort_causal,4,21_to_22,21,22,19,1494,54,12,2026-06-27T22:00:00,2026-07-22T22:00:00,20260919,True,LightGBM,lightgbm,0.6271599000319839,12,40.1123316971952,45.23672861325618,4.957599172145724,69.55830426012407,0.9572092793482747,0.9572092793482747,3.9030083818319343,1,40.1123316971952,40.1123316971952,65.8386191615316,65.8386191615316,0.0,0.0,0.0,[],1494.0,,,,,,
stz_4h,Santa Tereza · 4 h,4,strict_common_cohort_causal,4,21_to_22,21,22,19,1494,54,12,2026-06-27T22:00:00,2026-07-22T22:00:00,20260919,True,CatBoost,catboost,7.709306599921547,12,33.33115146394727,40.5481730148432,-7.76431147874023,69.9293042652415,0.9656196889576166,0.9656196889576166,3.284650196200018,1,33.33115146394727,33.33115146394727,50.66090222659477,50.66090222659477,0.0,0.0,0.0,[],1494.0,,,,,,
stz_4h,Santa Tereza · 4 h,4,strict_common_cohort_causal,4,21_to_22,21,22,19,1494,54,12,2026-06-27T22:00:00,2026-07-22T22:00:00,20260919,True,CNN-1D temporal,pytorch-cpu,0.06941039999946952,12,41.8547107762442,49.4581303075142,-30.767715355944887,87.93510078247097,0.9488503568013339,0.9488503568013339,4.052111249276991,1,41.8547107762442,41.8547107762442,14.878087825892408,14.878087825892408,0.0,0.0,0.0,,1494.0,18.0,18.0,0.1258648782968521,54.0,5665.0,"[{'epoch': 14, 'train_loss': 0.22133390605449677, 'validation_loss': 0.15244261920452118}, {'epoch': 15, 'train_loss': 0.22950074076652527, 'validation_loss': 0.14595633745193481}, {'epoch': 16, 'train_loss': 0.22012782096862793, 'validation_loss': 0.13682644069194794}, {'epoch': 17, 'train_loss': 0.196734219789505, 'validation_loss': 0.12899534404277802}, {'epoch': 18, 'train_loss': 0.16883409023284912, 'validation_loss': 0.1258648782968521}]"
stz_4h,Santa Tereza · 4 h,4,strict_common_cohort_causal,4,21_to_22,21,22,19,1494,54,12,2026-06-27T22:00:00,2026-07-22T22:00:00,20260919,True,LSTM,pytorch-cpu,0.06639360007829964,12,29.700194992083407,39.14432233837268,23.136477912407354,78.93533468494327,0.9679590947507944,0.9679590947507944,2.8771656529588614,1,29.700194992083407,29.700194992083407,84.07182689056435,84.07182689056435,0.0,0.0,0.0,,1494.0,18.0,18.0,0.27389198541641235,54.0,7713.0,"[{'epoch': 14, 'train_loss': 0.5779884457588196, 'validation_loss': 0.3475823700428009}, {'epoch': 15, 'train_loss': 0.5575963258743286, 'validation_loss': 0.32667526602745056}, {'epoch': 16, 'train_loss': 0.5391267538070679, 'validation_loss': 0.3075214922428131}, {'epoch': 17, 'train_loss': 0.5224964022636414, 'validation_loss': 0.28999486565589905}, {'epoch': 18, 'train_loss': 0.5075802206993103, 'validation_loss': 0.27389198541641235}]"
stz_4h,Santa Tereza · 4 h,4,strict_common_cohort_causal,4,21_to_22,21,22,19,1494,54,12,2026-06-27T22:00:00,2026-07-22T22:00:00,20260919,True,GRU,pytorch-cpu,0.07912380003836006,12,29.499553283868977,31.40440392534007,-8.03889843408363,46.557202793693406,0.9793771668107489,0.9793771668107489,2.925684839626404,1,29.499553283868977,29.499553283868977,41.51583887896027,41.51583887896027,0.0,0.0,0.0,,1494.0,18.0,14.0,0.19298239052295685,54.0,5793.0,"[{'epoch': 14, 'train_loss': 0.39054444432258606, 'validation_loss': 0.19298239052295685}, {'epoch': 15, 'train_loss': 0.38162943720817566, 'validation_loss': 0.19471415877342224}, {'epoch': 16, 'train_loss': 0.37461116909980774, 'validation_loss': 0.19749262928962708}, {'epoch': 17, 'train_loss': 0.3684689998626709, 'validation_loss': 0.20013806223869324}, {'epoch': 18, 'train_loss': 0.3624018430709839, 'validation_loss': 0.20171692967414856}]"
stz_4h,Santa Tereza · 4 h,4,strict_common_cohort_causal,4,21_to_22,21,22,19,1494,54,12,2026-06-27T22:00:00,2026-07-22T22:00:00,20260919,True,TCN,pytorch-cpu,0.09224639995954931,12,25.324220335359854,30.345436674904438,-2.550874179572446,49.583608827914375,0.9807445353705347,0.9807445353705347,2.586957213490525,1,25.324220335359854,25.324220335359854,46.56327116040052,46.56327116040052,0.0,0.0,0.0,,1494.0,18.0,15.0,0.10549303144216537,54.0,8769.0,"[{'epoch': 14, 'train_loss': 0.24163921177387238, 'validation_loss': 0.10799436271190643}, {'epoch': 15, 'train_loss': 0.1927279829978943, 'validation_loss': 0.10549303144216537}, {'epoch': 16, 'train_loss': 0.15638376772403717, 'validation_loss': 0.11164385080337524}, {'epoch': 17, 'train_loss': 0.14081743359565735, 'validation_loss': 0.12288860231637955}, {'epoch': 18, 'train_loss': 0.14078880846500397, 'validation_loss': 0.13399069011211395}]"
stz_4h,Santa Tereza · 4 h,4,strict_common_cohort_causal,4,21_to_22,21,22,19,1494,54,12,2026-06-27T22:00:00,2026-07-22T22:00:00,20260919,True,Seq2Seq · decoder 1 passo,pytorch-cpu,0.0852170999860391,12,66.10551565849094,74.30847310825763,66.10551565849094,128.72141530748428,0.8845367188864255,0.8845367188864255,6.329417351786863,1,66.10551565849094,66.10551565849094,134.36168322111666,134.36168322111666,0.0,0.0,0.0,,1494.0,18.0,18.0,0.3131283223628998,54.0,12193.0,"[{'epoch': 14, 'train_loss': 0.6927968859672546, 'validation_loss': 0.4307504892349243}, {'epoch': 15, 'train_loss': 0.6657469868659973, 'validation_loss': 0.4004620313644409}, {'epoch': 16, 'train_loss': 0.6388909220695496, 'validation_loss': 0.3704565465450287}, {'epoch': 17, 'train_loss': 0.6124559640884399, 'validation_loss': 0.3411741852760315}, {'epoch': 18, 'train_loss': 0.5867254734039307, 'validation_loss': 0.3131283223628998}]"
stz_4h,Santa Tereza · 4 h,4,strict_common_cohort_causal,4,21_to_22,21,22,19,1494,54,12,2026-06-27T22:00:00,2026-07-22T22:00:00,20260919,True,Transformer temporal,pytorch-cpu,0.1043420999776572,12,41.681060035983336,48.350295151838814,39.897220259962324,83.30413665126869,0.951116141450154,0.951116141450154,3.994771580418378,1,41.681060035983336,41.681060035983336,91.75613876212606,91.75613876212606,0.0,0.0,0.0,,1494.0,18.0,13.0,0.11522095650434494,54.0,9569.0,"[{'epoch': 14, 'train_loss': 0.4042934477329254, 'validation_loss': 0.11689723283052444}, {'epoch': 15, 'train_loss': 0.39685893058776855, 'validation_loss': 0.12278569489717484}, {'epoch': 16, 'train_loss': 0.3916911482810974, 'validation_loss': 0.12876726686954498}, {'epoch': 17, 'train_loss': 0.38576799631118774, 'validation_loss': 0.13234025239944458}, {'epoch': 18, 'train_loss': 0.3775346279144287, 'validation_loss': 0.13273173570632935}]"
stz_4h,Santa Tereza · 4 h,4,strict_common_cohort_causal,4,21_to_22,21,22,19,1494,54,12,2026-06-27T22:00:00,2026-07-22T22:00:00,20260919,True,DLinear experimental,pytorch-cpu,0.008825200027786195,12,159.03986281075777,163.2004226633179,159.03986281075777,195.38278387474887,0.4430582463008612,0.4430582463008612,15.162932855248238,1,159.03986281075777,159.03986281075777,180.3270268398892,180.3270268398892,0.0,0.0,0.0,,1494.0,18.0,18.0,1.394901990890503,54.0,54.0,"[{'epoch': 14, 'train_loss': 2.16813325881958, 'validation_loss': 1.5621272325515747}, {'epoch': 15, 'train_loss': 2.0934131145477295, 'validation_loss': 1.5187115669250488}, {'epoch': 16, 'train_loss': 2.0208187103271484, 'validation_loss': 1.4763816595077515}, {'epoch': 17, 'train_loss': 1.9503377676010132, 'validation_loss': 1.4351190328598022}, {'epoch': 18, 'train_loss': 1.8819541931152344, 'validation_loss': 1.394901990890503}]"
stz_4h,Santa Tereza · 4 h,4,strict_common_cohort_causal,4,21_to_22,21,22,19,1494,54,12,2026-06-27T22:00:00,2026-07-22T22:00:00,20260919,True,NLinear experimental,pytorch-cpu,0.006276999949477613,12,104.12729712707976,108.00211909024931,104.12729712707976,142.51174127064226,0.7560887829502594,0.7560887829502594,10.031809100865987,1,104.12729712707976,104.12729712707976,117.5830086546382,117.5830086546382,0.0,0.0,0.0,,1494.0,18.0,18.0,0.4972856640815735,54.0,105.0,"[{'epoch': 14, 'train_loss': 0.7863460779190063, 'validation_loss': 0.5637522339820862}, {'epoch': 15, 'train_loss': 0.7663784027099609, 'validation_loss': 0.545173704624176}, {'epoch': 16, 'train_loss': 0.7475130558013916, 'validation_loss': 0.5279452800750732}, {'epoch': 17, 'train_loss': 0.7296838760375977, 'validation_loss': 0.5120083689689636}, {'epoch': 18, 'train_loss': 0.7128252387046814, 'validation_loss': 0.4972856640815735}]"
stz_4h,Santa Tereza · 4 h,4,strict_common_cohort_causal,4,21_to_22,21,22,19,1494,54,12,2026-06-27T22:00:00,2026-07-22T22:00:00,20260919,True,TSMixer experimental,pytorch-cpu,0.05676730000413954,12,43.23352423586227,56.66470664457079,43.23352423586227,109.14293318762329,0.9328582728000563,0.9328582728000563,3.8127308206616743,1,43.23352423586227,43.23352423586227,117.15710563032371,117.15710563032371,0.0,0.0,0.0,,1494.0,18.0,18.0,0.31110215187072754,54.0,2741.0,"[{'epoch': 14, 'train_loss': 0.6478241086006165, 'validation_loss': 0.34810101985931396}, {'epoch': 15, 'train_loss': 0.6365132927894592, 'validation_loss': 0.3421888053417206}, {'epoch': 16, 'train_loss': 0.6251145005226135, 'validation_loss': 0.33399665355682373}, {'epoch': 17, 'train_loss': 0.6135194301605225, 'validation_loss': 0.3235067129135132}, {'epoch': 18, 'train_loss': 0.6018316745758057, 'validation_loss': 0.31110215187072754}]"
stz_4h,Santa Tereza · 4 h,4,strict_common_cohort_causal,4,21_to_22,21,22,19,1494,54,12,2026-06-27T22:00:00,2026-07-22T22:00:00,20260919,True,N-BEATS experimental,pytorch-cpu,0.03316679992713034,12,38.04282840709978,43.528177135315374,-24.948194653892244,73.23840951155528,0.9603805739213934,0.9603805739213934,3.6442931026401393,1,38.04282840709978,38.04282840709978,36.11599538752171,36.11599538752171,0.0,0.0,0.0,,1494.0,18.0,18.0,0.16021005809307098,54.0,28650.0,"[{'epoch': 14, 'train_loss': 0.1318233609199524, 'validation_loss': 0.17651642858982086}, {'epoch': 15, 'train_loss': 0.1111655980348587, 'validation_loss': 0.1702243685722351}, {'epoch': 16, 'train_loss': 0.09847677499055862, 'validation_loss': 0.1679454892873764}, {'epoch': 17, 'train_loss': 0.0975218415260315, 'validation_loss': 0.16591058671474457}, {'epoch': 18, 'train_loss': 0.10209289193153381, 'validation_loss': 0.16021005809307098}]"
stz_4h,Santa Tereza · 4 h,4,strict_common_cohort_causal,4,21_to_22,21,22,19,1494,54,12,2026-06-27T22:00:00,2026-07-22T22:00:00,20260919,True,N-HiTS-lite experimental,pytorch-cpu,0.01605170010589063,12,33.31459291423741,36.946299068828374,-10.990464407017262,59.572727522196175,0.9714563766192388,0.9714563766192388,3.187030803125107,1,33.31459291423741,33.31459291423741,56.9084774205412,56.9084774205412,0.0,0.0,0.0,,1494.0,18.0,17.0,0.1450742781162262,54.0,3937.0,"[{'epoch': 14, 'train_loss': 0.1763187050819397, 'validation_loss': 0.15487109124660492}, {'epoch': 15, 'train_loss': 0.15764042735099792, 'validation_loss': 0.14962288737297058}, {'epoch': 16, 'train_loss': 0.14017386734485626, 'validation_loss': 0.1463027447462082}, {'epoch': 17, 'train_loss': 0.12537983059883118, 'validation_loss': 0.1450742781162262}, {'epoch': 18, 'train_loss': 0.11406990885734558, 'validation_loss': 0.14580877125263214}]"
stz_4h,Santa Tereza · 4 h,4,strict_common_cohort_causal,4,21_to_22,21,22,19,1494,54,12,2026-06-27T22:00:00,2026-07-22T22:00:00,20260919,True,PatchTST experimental,pytorch-cpu,0.08116780000273138,12,41.76221203085211,51.252510749431195,41.76221203085211,93.02189474227569,0.9450715289552233,0.9450715289552233,4.007486641005566,1,41.76221203085211,41.76221203085211,102.72142282822847,102.72142282822847,0.0,0.0,0.0,,1494.0,18.0,13.0,0.12438341230154037,54.0,9441.0,"[{'epoch': 14, 'train_loss': 0.42188799381256104, 'validation_loss': 0.1313823163509369}, {'epoch': 15, 'train_loss': 0.41803550720214844, 'validation_loss': 0.14397013187408447}, {'epoch': 16, 'train_loss': 0.4178042709827423, 'validation_loss': 0.15670397877693176}, {'epoch': 17, 'train_loss': 0.4164693057537079, 'validation_loss': 0.1656157225370407}, {'epoch': 18, 'train_loss': 0.4112228453159332, 'validation_loss': 0.16920459270477295}]"
stz_4h,Santa Tereza · 4 h,4,strict_common_cohort_causal,4,21_to_22,21,22,19,1494,54,12,2026-06-27T22:00:00,2026-07-22T22:00:00,20260919,True,TFT-lite experimental,pytorch-cpu,0.14107020001392812,12,34.55393904167111,40.25739797209668,-8.540803915749715,66.82709939817191,0.9661110103243844,0.9661110103243844,3.6056457344912562,1,34.55393904167111,34.55393904167111,40.50363409928923,40.50363409928923,0.0,0.0,0.0,,1494.0,18.0,18.0,0.26802441477775574,54.0,13759.0,"[{'epoch': 14, 'train_loss': 0.4624619483947754, 'validation_loss': 0.39782407879829407}, {'epoch': 15, 'train_loss': 0.4252300560474396, 'validation_loss': 0.34749242663383484}, {'epoch': 16, 'train_loss': 0.396110475063324, 'validation_loss': 0.31134718656539917}, {'epoch': 17, 'train_loss': 0.37552520632743835, 'validation_loss': 0.28436172008514404}, {'epoch': 18, 'train_loss': 0.3523130714893341, 'validation_loss': 0.26802441477775574}]"
stz_8h_v001,Santa Tereza · 8 h V001,8,strict_common_cohort_causal,4,9_to_10,9,10,7,357,31,20,2024-01-18T15:00:00,2024-04-29T07:00:00,20260919,True,Persistência,baseline,0.0,20,291.45,299.19266368011097,291.45,383.35,-13.277261129556981,-13.277261129556981,602.3118591355563,1,291.45,291.45,271.0,271.0,0.0,0.0,0.0,,,,,,,,
stz_8h_v001,Santa Tereza · 8 h V001,8,strict_common_cohort_causal,4,9_to_10,9,10,7,357,31,20,2024-01-18T15:00:00,2024-04-29T07:00:00,20260919,True,Ridge,scikit-learn,0.0011826999252662063,20,102.83792572021484,126.49362889180767,-32.79572296142578,229.6906005859375,-1.5519979792520258,-1.5519979792520258,140.19855497678407,1,102.83792572021484,102.83792572021484,17.730712890625,17.730712890625,-11.0,11.0,11.0,[],357.0,,,,,,
stz_8h_v001,Santa Tereza · 8 h V001,8,strict_common_cohort_causal,4,9_to_10,9,10,7,357,31,20,2024-01-18T15:00:00,2024-04-29T07:00:00,20260919,True,Elastic Net,scikit-learn,0.022018600022420287,20,109.60333862304688,138.38591886487154,-44.69762268066406,234.91558837890625,-2.0544064333422485,-2.0544064333422485,233.29403198743117,1,109.60333862304688,109.60333862304688,86.1641845703125,86.1641845703125,-11.0,11.0,11.0,[],357.0,,,,,,
stz_8h_v001,Santa Tereza · 8 h V001,8,strict_common_cohort_causal,4,9_to_10,9,10,7,357,31,20,2024-01-18T15:00:00,2024-04-29T07:00:00,20260919,True,SVR,scikit-learn,0.003693099948577583,20,214.68775271307155,235.6238337242863,-214.68775271307155,361.6532004853294,-7.854855085220196,-7.854855085220196,440.5920715838772,1,214.68775271307155,214.68775271307155,187.05995357273935,187.05995357273935,-12.0,12.0,12.0,[],357.0,,,,,,
stz_8h_v001,Santa Tereza · 8 h V001,8,strict_common_cohort_causal,4,9_to_10,9,10,7,357,31,20,2024-01-18T15:00:00,2024-04-29T07:00:00,20260919,True,MLP,scikit-learn,0.08292309998068959,20,217.13094482421874,262.3553627471011,132.26033630371094,495.66774291992186,-9.977992106213586,-9.977992106213586,656.860521644488,1,217.13094482421874,217.13094482421874,279.6683349609375,279.6683349609375,-17.0,17.0,17.0,[],357.0,,,,,,
stz_8h_v001,Santa Tereza · 8 h V001,8,strict_common_cohort_causal,4,9_to_10,9,10,7,357,31,20,2024-01-18T15:00:00,2024-04-29T07:00:00,20260919,True,Random Forest,scikit-learn,1.3439675000263378,20,60.79739355243309,71.21679502808945,13.110801638702526,137.43743390532865,0.19107571690174185,0.19107571690174185,180.8339303708669,1,60.79739355243309,60.79739355243309,63.120488086713294,63.120488086713294,-4.0,4.0,4.0,[],357.0,,,,,,
stz_8h_v001,Santa Tereza · 8 h V001,8,strict_common_cohort_causal,4,9_to_10,9,10,7,357,31,20,2024-01-18T15:00:00,2024-04-29T07:00:00,20260919,True,Extra Trees,scikit-learn,0.7905085999518633,20,66.10134542575544,78.24718141300873,12.3968629132632,154.44988915216257,0.023481607952936523,0.023481607952936523,199.46917809248276,1,66.10134542575544,66.10134542575544,73.23990856964849,73.23990856964849,-4.0,4.0,4.0,[],357.0,,,,,,
stz_8h_v001,Santa Tereza · 8 h V001,8,strict_common_cohort_causal,4,9_to_10,9,10,7,357,31,20,2024-01-18T15:00:00,2024-04-29T07:00:00,20260919,True,HistGradientBoosting,scikit-learn,0.28783300006762147,20,59.21971040856147,74.63678328793453,11.557336779441936,140.7441755511949,0.11151755771251126,0.11151755771251126,115.73054179847576,1,59.21971040856147,59.21971040856147,70.60823163436504,70.60823163436504,-3.0,3.0,3.0,[],357.0,,,,,,
stz_8h_v001,Santa Tereza · 8 h V001,8,strict_common_cohort_causal,4,9_to_10,9,10,7,357,31,20,2024-01-18T15:00:00,2024-04-29T07:00:00,20260919,True,XGBoost,xgboost,0.5041539999656379,20,74.92872924804688,94.17580566452165,7.802395629882812,162.44912109375002,-0.4145610993826805,-0.4145610993826805,219.35305157239097,1,74.92872924804688,74.92872924804688,74.99212646484375,74.99212646484375,-17.0,17.0,17.0,[],357.0,,,,,,
stz_8h_v001,Santa Tereza · 8 h V001,8,strict_common_cohort_causal,4,9_to_10,9,10,7,357,31,20,2024-01-18T15:00:00,2024-04-29T07:00:00,20260919,True,LightGBM,lightgbm,0.3305579998996109,20,85.86613517638126,99.7690728602066,37.01259541967681,172.01850872863466,-0.5875773532586266,-0.5875773532586266,246.6674006296904,1,85.86613517638126,85.86613517638126,12.895937825247643,12.895937825247643,-5.0,5.0,5.0,[],357.0,,,,,,
stz_8h_v001,Santa Tereza · 8 h V001,8,strict_common_cohort_causal,4,9_to_10,9,10,7,357,31,20,2024-01-18T15:00:00,2024-04-29T07:00:00,20260919,True,CatBoost,catboost,6.433570499997586,20,68.50560202474784,82.59157838972337,-38.835829198191256,156.78333431733918,-0.08796407263586903,-0.08796407263586903,60.52420480296023,1,68.50560202474784,68.50560202474784,68.40546559641234,68.40546559641234,-5.0,5.0,5.0,[],357.0,,,,,,
stz_8h_v001,Santa Tereza · 8 h V001,8,strict_common_cohort_causal,4,9_to_10,9,10,7,357,31,20,2024-01-18T15:00:00,2024-04-29T07:00:00,20260919,True,CNN-1D temporal,pytorch-cpu,0.048217999981716275,20,106.2184983676153,131.01287117512254,-47.8609024038228,248.68941277008426,-1.737606044413242,-1.737606044413242,181.15118755926883,1,106.2184983676153,106.2184983676153,12.12735352336091,12.12735352336091,-6.0,6.0,6.0,,357.0,18.0,18.0,0.4460061192512512,31.0,6145.0,"[{'epoch': 14, 'train_loss': 0.15925410389900208, 'validation_loss': 0.4895535111427307}, {'epoch': 15, 'train_loss': 0.15034599602222443, 'validation_loss': 0.47465455532073975}, {'epoch': 16, 'train_loss': 0.12333054840564728, 'validation_loss': 0.46387794613838196}, {'epoch': 17, 'train_loss': 0.09047189354896545, 'validation_loss': 0.45505765080451965}, {'epoch': 18, 'train_loss': 0.06328202784061432, 'validation_loss': 0.4460061192512512}]"
stz_8h_v001,Santa Tereza · 8 h V001,8,strict_common_cohort_causal,4,9_to_10,9,10,7,357,31,20,2024-01-18T15:00:00,2024-04-29T07:00:00,20260919,True,LSTM,pytorch-cpu,0.04027640004642308,20,110.29014224497675,139.91072841481318,-109.9241401675794,257.6178333736857,-2.122087407319494,-2.122087407319494,128.9027277607647,1,110.29014224497675,110.29014224497675,100.19696027344878,100.19696027344878,-2.0,2.0,2.0,,357.0,18.0,18.0,0.42570096254348755,31.0,8353.0,"[{'epoch': 14, 'train_loss': 0.3842628002166748, 'validation_loss': 0.5009037256240845}, {'epoch': 15, 'train_loss': 0.35136547684669495, 'validation_loss': 0.4795091450214386}, {'epoch': 16, 'train_loss': 0.32184121012687683, 'validation_loss': 0.4599064886569977}, {'epoch': 17, 'train_loss': 0.2954326868057251, 'validation_loss': 0.4420001208782196}, {'epoch': 18, 'train_loss': 0.271922767162323, 'validation_loss': 0.42570096254348755}]"
stz_8h_v001,Santa Tereza · 8 h V001,8,strict_common_cohort_causal,4,9_to_10,9,10,7,357,31,20,2024-01-18T15:00:00,2024-04-29T07:00:00,20260919,True,GRU,pytorch-cpu,0.05438079999294132,20,82.17764200791116,97.38251764608017,-14.113969522178689,161.89221314304146,-0.512533557329603,-0.512533557329603,210.80949392846154,1,82.17764200791116,82.17764200791116,66.4604957465155,66.4604957465155,-9.0,9.0,9.0,,357.0,18.0,18.0,0.35024747252464294,31.0,6273.0,"[{'epoch': 14, 'train_loss': 0.2820678949356079, 'validation_loss': 0.43814507126808167}, {'epoch': 15, 'train_loss': 0.25621140003204346, 'validation_loss': 0.4100809097290039}, {'epoch': 16, 'train_loss': 0.23354852199554443, 'validation_loss': 0.3863885998725891}, {'epoch': 17, 'train_loss': 0.21356157958507538, 'validation_loss': 0.3665822446346283}, {'epoch': 18, 'train_loss': 0.19579774141311646, 'validation_loss': 0.35024747252464294}]"
stz_8h_v001,Santa Tereza · 8 h V001,8,strict_common_cohort_causal,4,9_to_10,9,10,7,357,31,20,2024-01-18T15:00:00,2024-04-29T07:00:00,20260919,True,TCN,pytorch-cpu,0.0590438999934122,20,103.99809879887798,113.94328960551817,5.616990183492726,169.02830927605018,-1.0707159537974391,-1.0707159537974391,197.25260651987085,1,103.99809879887798,103.99809879887798,43.754545077248736,43.754545077248736,-5.0,5.0,5.0,,357.0,18.0,14.0,0.41655784845352173,31.0,9249.0,"[{'epoch': 14, 'train_loss': 0.06300204992294312, 'validation_loss': 0.41655784845352173}, {'epoch': 15, 'train_loss': 0.044386040419340134, 'validation_loss': 0.42068934440612793}, {'epoch': 16, 'train_loss': 0.05247827619314194, 'validation_loss': 0.4247598648071289}, {'epoch': 17, 'train_loss': 0.0678805261850357, 'validation_loss': 0.42499247193336487}, {'epoch': 18, 'train_loss': 0.07474537938833237, 'validation_loss': 0.4193921387195587}]"
stz_8h_v001,Santa Tereza · 8 h V001,8,strict_common_cohort_causal,4,9_to_10,9,10,7,357,31,20,2024-01-18T15:00:00,2024-04-29T07:00:00,20260919,True,Seq2Seq · decoder 1 passo,pytorch-cpu,0.05639979999978095,20,154.91926263206292,169.76457430203106,-154.91926263206292,275.24588883568896,-3.5966047320847645,-3.5966047320847645,188.20848664382166,1,154.91926263206292,154.91926263206292,161.62664857578397,161.62664857578397,0.0,0.0,0.0,,357.0,18.0,18.0,0.452066034078598,31.0,12833.0,"[{'epoch': 14, 'train_loss': 0.5095629096031189, 'validation_loss': 0.5397306680679321}, {'epoch': 15, 'train_loss': 0.47690510749816895, 'validation_loss': 0.5177382826805115}, {'epoch': 16, 'train_loss': 0.445768266916275, 'validation_loss': 0.49573221802711487}, {'epoch': 17, 'train_loss': 0.4163539707660675, 'validation_loss': 0.4738052487373352}, {'epoch': 18, 'train_loss': 0.38880524039268494, 'validation_loss': 0.452066034078598}]"
stz_8h_v001,Santa Tereza · 8 h V001,8,strict_common_cohort_causal,4,9_to_10,9,10,7,357,31,20,2024-01-18T15:00:00,2024-04-29T07:00:00,20260919,True,Transformer temporal,pytorch-cpu,0.06137390004005283,20,127.9880685036355,151.18043306656116,16.7359626688445,280.60334453545164,-2.6453076956326274,-2.6453076956326274,183.87693020519623,1,127.9880685036355,127.9880685036355,185.24388774734086,185.24388774734086,-3.0,3.0,3.0,,357.0,14.0,7.0,0.14659851789474487,31.0,9729.0,"[{'epoch': 10, 'train_loss': 0.43588533997535706, 'validation_loss': 0.1584215611219406}, {'epoch': 11, 'train_loss': 0.3979441821575165, 'validation_loss': 0.16825954616069794}, {'epoch': 12, 'train_loss': 0.3569135367870331, 'validation_loss': 0.18626026809215546}, {'epoch': 13, 'train_loss': 0.3200744688510895, 'validation_loss': 0.21538014709949493}, {'epoch': 14, 'train_loss': 0.2921406328678131, 'validation_loss': 0.2545948326587677}]"
stz_8h_v001,Santa Tereza · 8 h V001,8,strict_common_cohort_causal,4,9_to_10,9,10,7,357,31,20,2024-01-18T15:00:00,2024-04-29T07:00:00,20260919,True,DLinear experimental,pytorch-cpu,0.017097400035709143,20,405.6575534292713,433.71971052639043,-265.151422410481,656.3983422972168,-29.00276917406618,-29.00276917406618,837.6120436408302,1,405.6575534292713,405.6575534292713,294.37614676555813,294.37614676555813,-1.0,1.0,1.0,,357.0,18.0,11.0,0.508094072341919,31.0,64.0,"[{'epoch': 14, 'train_loss': 0.3868805766105652, 'validation_loss': 0.509607195854187}, {'epoch': 15, 'train_loss': 0.3676827847957611, 'validation_loss': 0.5107148289680481}, {'epoch': 16, 'train_loss': 0.3494665026664734, 'validation_loss': 0.5120697617530823}, {'epoch': 17, 'train_loss': 0.33220404386520386, 'validation_loss': 0.5136450529098511}, {'epoch': 18, 'train_loss': 0.3158643841743469, 'validation_loss': 0.515417218208313}]"
stz_8h_v001,Santa Tereza · 8 h V001,8,strict_common_cohort_causal,4,9_to_10,9,10,7,357,31,20,2024-01-18T15:00:00,2024-04-29T07:00:00,20260919,True,NLinear experimental,pytorch-cpu,0.010966399917379022,20,367.4842662174694,387.50201048937095,-367.4842662174694,553.9595208116453,-22.949196233768777,-22.949196233768777,469.36447054611523,1,367.4842662174694,367.4842662174694,303.10360894998234,303.10360894998234,-5.0,5.0,5.0,,357.0,18.0,18.0,1.1984831094741821,31.0,125.0,"[{'epoch': 14, 'train_loss': 0.869490921497345, 'validation_loss': 1.2123315334320068}, {'epoch': 15, 'train_loss': 0.8494260311126709, 'validation_loss': 1.2076021432876587}, {'epoch': 16, 'train_loss': 0.8303459286689758, 'validation_loss': 1.2037744522094727}, {'epoch': 17, 'train_loss': 0.8121883273124695, 'validation_loss': 1.200760841369629}, {'epoch': 18, 'train_loss': 0.7948903441429138, 'validation_loss': 1.1984831094741821}]"
stz_8h_v001,Santa Tereza · 8 h V001,8,strict_common_cohort_causal,4,9_to_10,9,10,7,357,31,20,2024-01-18T15:00:00,2024-04-29T07:00:00,20260919,True,TSMixer experimental,pytorch-cpu,0.05253190000075847,20,84.96429359749217,113.6176326524822,-71.66640214060263,238.80692354161934,-1.0588964005192136,-1.0588964005192136,99.27509809822756,1,84.96429359749217,84.96429359749217,60.77221511194347,60.77221511194347,-1.0,1.0,1.0,,357.0,18.0,16.0,0.5689391493797302,31.0,3251.0,"[{'epoch': 14, 'train_loss': 0.4419401288032532, 'validation_loss': 0.5751541256904602}, {'epoch': 15, 'train_loss': 0.4136594831943512, 'validation_loss': 0.569591760635376}, {'epoch': 16, 'train_loss': 0.38733962178230286, 'validation_loss': 0.5689391493797302}, {'epoch': 17, 'train_loss': 0.362615168094635, 'validation_loss': 0.5728867053985596}, {'epoch': 18, 'train_loss': 0.3391963243484497, 'validation_loss': 0.5810099840164185}]"
stz_8h_v001,Santa Tereza · 8 h V001,8,strict_common_cohort_causal,4,9_to_10,9,10,7,357,31,20,2024-01-18T15:00:00,2024-04-29T07:00:00,20260919,True,N-BEATS experimental,pytorch-cpu,0.020192999974824488,20,112.07647890272725,130.55313490164505,-47.92521365677693,205.96251837385392,-1.7184267293019704,-1.7184267293019704,111.24742203708003,1,112.07647890272725,112.07647890272725,100.26333319109426,100.26333319109426,-5.0,5.0,5.0,,357.0,17.0,10.0,0.1946955919265747,31.0,32510.0,"[{'epoch': 13, 'train_loss': 0.056766487658023834, 'validation_loss': 0.20023439824581146}, {'epoch': 14, 'train_loss': 0.03121289424598217, 'validation_loss': 0.20175662636756897}, {'epoch': 15, 'train_loss': 0.020554421469569206, 'validation_loss': 0.20457904040813446}, {'epoch': 16, 'train_loss': 0.024313459172844887, 'validation_loss': 0.2108907401561737}, {'epoch': 17, 'train_loss': 0.030410561710596085, 'validation_loss': 0.22151418030261993}]"
stz_8h_v001,Santa Tereza · 8 h V001,8,strict_common_cohort_causal,4,9_to_10,9,10,7,357,31,20,2024-01-18T15:00:00,2024-04-29T07:00:00,20260919,True,N-HiTS-lite experimental,pytorch-cpu,0.01258340000640601,20,131.54945816726223,172.27187677016119,43.07398948882385,350.9716665583973,-3.733384588048371,-3.733384588048371,140.42873251599062,1,131.54945816726223,131.54945816726223,341.4184733733763,341.4184733733763,-4.0,4.0,4.0,,357.0,18.0,18.0,0.21953275799751282,31.0,4657.0,"[{'epoch': 14, 'train_loss': 0.07970903813838959, 'validation_loss': 0.27623069286346436}, {'epoch': 15, 'train_loss': 0.07309630513191223, 'validation_loss': 0.25483059883117676}, {'epoch': 16, 'train_loss': 0.0643853098154068, 'validation_loss': 0.2374570220708847}, {'epoch': 17, 'train_loss': 0.05636584013700485, 'validation_loss': 0.22559754550457}, {'epoch': 18, 'train_loss': 0.05021174997091293, 'validation_loss': 0.21953275799751282}]"
stz_8h_v001,Santa Tereza · 8 h V001,8,strict_common_cohort_causal,4,9_to_10,9,10,7,357,31,20,2024-01-18T15:00:00,2024-04-29T07:00:00,20260919,True,PatchTST experimental,pytorch-cpu,0.039099000045098364,20,78.53011415151998,91.52812528269192,75.49135154966697,158.20359678493682,-0.33614058679483816,-0.33614058679483816,67.32822630981026,1,78.53011415151998,78.53011415151998,104.46904763181772,104.46904763181772,-2.0,2.0,2.0,,357.0,16.0,9.0,0.1374732404947281,31.0,9601.0,"[{'epoch': 12, 'train_loss': 0.3529188930988312, 'validation_loss': 0.17626012861728668}, {'epoch': 13, 'train_loss': 0.3190135359764099, 'validation_loss': 0.21548987925052643}, {'epoch': 14, 'train_loss': 0.2944982647895813, 'validation_loss': 0.26599422097206116}, {'epoch': 15, 'train_loss': 0.27880555391311646, 'validation_loss': 0.3195275664329529}, {'epoch': 16, 'train_loss': 0.26793962717056274, 'validation_loss': 0.3660613000392914}]"
stz_8h_v001,Santa Tereza · 8 h V001,8,strict_common_cohort_causal,4,9_to_10,9,10,7,357,31,20,2024-01-18T15:00:00,2024-04-29T07:00:00,20260919,True,TFT-lite experimental,pytorch-cpu,0.0648669000947848,20,154.1595254654777,171.29577025452633,-154.1595254654777,288.35663385313455,-3.6798970640181397,-3.6798970640181397,200.3279703997298,1,154.1595254654777,154.1595254654777,170.3356253894966,170.3356253894966,0.0,0.0,0.0,,357.0,17.0,10.0,0.36577335000038147,31.0,14689.0,"[{'epoch': 13, 'train_loss': 0.22057947516441345, 'validation_loss': 0.43739569187164307}, {'epoch': 14, 'train_loss': 0.1773741990327835, 'validation_loss': 0.4906860888004303}, {'epoch': 15, 'train_loss': 0.15756124258041382, 'validation_loss': 0.5307571291923523}, {'epoch': 16, 'train_loss': 0.15206608176231384, 'validation_loss': 0.5352945923805237}, {'epoch': 17, 'train_loss': 0.14314846694469452, 'validation_loss': 0.5022746324539185}]"
stz_8h_v001,Santa Tereza · 8 h V001,8,strict_common_cohort_causal,4,10_to_11,10,11,8,388,20,38,2024-04-15T08:00:00,2024-10-02T08:00:00,20260919,True,Persistência,baseline,0.0,38,412.13157894736844,449.06613626151113,412.13157894736844,636.5,-34.615414213602264,-34.615414213602264,1888.093792452517,1,412.13157894736844,412.13157894736844,384.0,384.0,17.0,17.0,17.0,,,,,,,,
stz_8h_v001,Santa Tereza · 8 h V001,8,strict_common_cohort_causal,4,10_to_11,10,11,8,388,20,38,2024-04-15T08:00:00,2024-10-02T08:00:00,20260919,True,Ridge,scikit-learn,0.0005819000070914626,38,44.23236565840872,61.086773740847164,-33.13627062345806,144.91537780761718,0.34096001583645097,0.34096001583645097,242.7263078407889,1,44.23236565840872,44.23236565840872,66.43389892578125,66.43389892578125,1.0,1.0,1.0,[],388.0,,,,,,
stz_8h_v001,Santa Tereza · 8 h V001,8,strict_common_cohort_causal,4,10_to_11,10,11,8,388,20,38,2024-04-15T08:00:00,2024-10-02T08:00:00,20260919,True,Elastic Net,scikit-learn,0.030030100024305284,38,34.69582487407484,47.474119879470365,-16.360137939453125,107.71803894042968,0.601955863403371,0.601955863403371,181.7226520377611,1,34.69582487407484,34.69582487407484,53.934722900390625,53.934722900390625,1.0,1.0,1.0,"['Objective did not converge. You might want to increase the number of iterations, check the scale of the features or consider increasing regularisation. Duality gap: 7.128012e-02, tolerance: 3.880e-02']",388.0,,,,,,
stz_8h_v001,Santa Tereza · 8 h V001,8,strict_common_cohort_causal,4,10_to_11,10,11,8,388,20,38,2024-04-15T08:00:00,2024-10-02T08:00:00,20260919,True,SVR,scikit-learn,0.004466900019906461,38,82.6789965612638,109.19219968596866,-45.77293455072326,266.02569465404315,-1.1057199737021177,-1.1057199737021177,296.2128187621036,1,82.6789965612638,82.6789965612638,2.093783016313523,2.093783016313523,-13.0,13.0,13.0,[],388.0,,,,,,
stz_8h_v001,Santa Tereza · 8 h V001,8,strict_common_cohort_causal,4,10_to_11,10,11,8,388,20,38,2024-04-15T08:00:00,2024-10-02T08:00:00,20260919,True,MLP,scikit-learn,0.08325030002743006,38,107.05855761076275,133.49444016840565,-66.09228917172081,271.97901916503906,-2.14734059558035,-2.14734059558035,490.3046741346924,1,107.05855761076275,107.05855761076275,140.08212280273438,140.08212280273438,45.0,45.0,45.0,[],388.0,,,,,,
stz_8h_v001,Santa Tereza · 8 h V001,8,strict_common_cohort_causal,4,10_to_11,10,11,8,388,20,38,2024-04-15T08:00:00,2024-10-02T08:00:00,20260919,True,Random Forest,scikit-learn,1.338744700071402,38,51.857846679073226,83.30177444622008,-44.19006747970864,239.02781350151034,-0.2255354884811085,-0.2255354884811085,180.64658464556703,1,51.857846679073226,51.857846679073226,180.1514387318262,180.1514387318262,-12.0,12.0,12.0,[],388.0,,,,,,
stz_8h_v001,Santa Tereza · 8 h V001,8,strict_common_cohort_causal,4,10_to_11,10,11,8,388,20,38,2024-04-15T08:00:00,2024-10-02T08:00:00,20260919,True,Extra Trees,scikit-learn,0.7245507999323308,38,39.04186675480306,72.71769330345931,-32.1122768904494,235.65539276130468,0.06610602233480245,0.06610602233480245,126.30304386819711,1,39.04186675480306,39.04186675480306,133.87876535060752,133.87876535060752,-12.0,12.0,12.0,[],388.0,,,,,,
stz_8h_v001,Santa Tereza · 8 h V001,8,strict_common_cohort_causal,4,10_to_11,10,11,8,388,20,38,2024-04-15T08:00:00,2024-10-02T08:00:00,20260919,True,HistGradientBoosting,scikit-learn,0.2347612000303343,38,64.32339893207539,86.6293575064991,-46.98337354438783,212.89605042025977,-0.3254018533366576,-0.3254018533366576,247.928604378947,1,64.32339893207539,64.32339893207539,154.98911465723478,154.98911465723478,-15.0,15.0,15.0,[],388.0,,,,,,
stz_8h_v001,Santa Tereza · 8 h V001,8,strict_common_cohort_causal,4,10_to_11,10,11,8,388,20,38,2024-04-15T08:00:00,2024-10-02T08:00:00,20260919,True,XGBoost,xgboost,0.5262579000554979,38,55.41773826197574,90.97247699780543,-43.180613467567845,261.5360626220703,-0.4616299259863357,-0.4616299259863357,206.28013323242715,1,55.41773826197574,55.41773826197574,173.30477905273438,173.30477905273438,-17.0,17.0,17.0,[],388.0,,,,,,
stz_8h_v001,Santa Tereza · 8 h V001,8,strict_common_cohort_causal,4,10_to_11,10,11,8,388,20,38,2024-04-15T08:00:00,2024-10-02T08:00:00,20260919,True,LightGBM,lightgbm,0.4043553000083193,38,63.89918605783689,108.71336184147647,-43.807661331154335,308.4019922313825,-1.0872921449158879,-1.0872921449158879,257.0740730503856,1,63.89918605783689,63.89918605783689,94.71578366738117,94.71578366738117,-13.0,13.0,13.0,[],388.0,,,,,,
stz_8h_v001,Santa Tereza · 8 h V001,8,strict_common_cohort_causal,4,10_to_11,10,11,8,388,20,38,2024-04-15T08:00:00,2024-10-02T08:00:00,20260919,True,CatBoost,catboost,6.897725599934347,38,70.78630668287767,94.53105857596219,-70.73015237836174,233.32995837766256,-0.5782159533965594,-0.5782159533965594,256.4317020309202,1,70.78630668287767,70.78630668287767,189.1379913025579,189.1379913025579,-13.0,13.0,13.0,[],388.0,,,,,,
stz_8h_v001,Santa Tereza · 8 h V001,8,strict_common_cohort_causal,4,10_to_11,10,11,8,388,20,38,2024-04-15T08:00:00,2024-10-02T08:00:00,20260919,True,CNN-1D temporal,pytorch-cpu,0.04686770006082952,38,131.79489638344216,153.16276893865324,-131.79489638344216,294.3264635831739,-3.1430846322203054,-3.1430846322203054,389.1768785045977,1,131.79489638344216,131.79489638344216,263.4009630645337,263.4009630645337,12.0,12.0,12.0,,388.0,18.0,18.0,0.06322424113750458,20.0,6145.0,"[{'epoch': 14, 'train_loss': 0.17006167769432068, 'validation_loss': 0.08348216861486435}, {'epoch': 15, 'train_loss': 0.16677549481391907, 'validation_loss': 0.07868634909391403}, {'epoch': 16, 'train_loss': 0.14502063393592834, 'validation_loss': 0.07337082177400589}, {'epoch': 17, 'train_loss': 0.11303237080574036, 'validation_loss': 0.06805326044559479}, {'epoch': 18, 'train_loss': 0.08276133984327316, 'validation_loss': 0.06322424113750458}]"
stz_8h_v001,Santa Tereza · 8 h V001,8,strict_common_cohort_causal,4,10_to_11,10,11,8,388,20,38,2024-04-15T08:00:00,2024-10-02T08:00:00,20260919,True,LSTM,pytorch-cpu,0.040472500026226044,38,159.51635127425573,176.89836174228802,-154.0364112684179,301.4725705396503,-4.526688771436715,-4.526688771436715,487.8990694351636,1,159.51635127425573,159.51635127425573,147.7572002610857,147.7572002610857,8.0,8.0,8.0,,388.0,18.0,18.0,0.07029323279857635,20.0,8353.0,"[{'epoch': 14, 'train_loss': 0.40412572026252747, 'validation_loss': 0.11150829493999481}, {'epoch': 15, 'train_loss': 0.3717667758464813, 'validation_loss': 0.09898744523525238}, {'epoch': 16, 'train_loss': 0.3425983190536499, 'validation_loss': 0.08802985399961472}, {'epoch': 17, 'train_loss': 0.3164074420928955, 'validation_loss': 0.07850810140371323}, {'epoch': 18, 'train_loss': 0.2929868698120117, 'validation_loss': 0.07029323279857635}]"
stz_8h_v001,Santa Tereza · 8 h V001,8,strict_common_cohort_causal,4,10_to_11,10,11,8,388,20,38,2024-04-15T08:00:00,2024-10-02T08:00:00,20260919,True,GRU,pytorch-cpu,0.054403800051659346,38,152.87724711013158,169.41413858859215,-152.87724711013158,285.7442506278957,-4.068934629372102,-4.068934629372102,609.2820872360152,1,152.87724711013158,152.87724711013158,17.34226346634898,17.34226346634898,1.0,1.0,1.0,,388.0,18.0,18.0,0.03240272402763367,20.0,6273.0,"[{'epoch': 14, 'train_loss': 0.3097575008869171, 'validation_loss': 0.057542186230421066}, {'epoch': 15, 'train_loss': 0.283478319644928, 'validation_loss': 0.04522659629583359}, {'epoch': 16, 'train_loss': 0.25995269417762756, 'validation_loss': 0.03760508447885513}, {'epoch': 17, 'train_loss': 0.23875513672828674, 'validation_loss': 0.03363238647580147}, {'epoch': 18, 'train_loss': 0.219538614153862, 'validation_loss': 0.03240272402763367}]"
stz_8h_v001,Santa Tereza · 8 h V001,8,strict_common_cohort_causal,4,10_to_11,10,11,8,388,20,38,2024-04-15T08:00:00,2024-10-02T08:00:00,20260919,True,TCN,pytorch-cpu,0.05980029993224889,38,68.22719917425319,98.0107328202537,-64.87288706297852,229.40354257091198,-0.6965421713520066,-0.6965421713520066,152.4978754496334,1,68.22719917425319,68.22719917425319,220.19254370950307,220.19254370950307,12.0,12.0,12.0,,388.0,18.0,18.0,0.04301569610834122,20.0,9249.0,"[{'epoch': 14, 'train_loss': 0.0814661979675293, 'validation_loss': 0.053242433816194534}, {'epoch': 15, 'train_loss': 0.06045776978135109, 'validation_loss': 0.04994550347328186}, {'epoch': 16, 'train_loss': 0.06376461684703827, 'validation_loss': 0.047266628593206406}, {'epoch': 17, 'train_loss': 0.07796892523765564, 'validation_loss': 0.0452469065785408}, {'epoch': 18, 'train_loss': 0.08697512000799179, 'validation_loss': 0.04301569610834122}]"
stz_8h_v001,Santa Tereza · 8 h V001,8,strict_common_cohort_causal,4,10_to_11,10,11,8,388,20,38,2024-04-15T08:00:00,2024-10-02T08:00:00,20260919,True,Seq2Seq · decoder 1 passo,pytorch-cpu,0.05730069999117404,38,177.66070288264194,196.65281100135584,-177.57593468341383,294.03867523813693,-5.8299528263016756,-5.8299528263016756,540.4452461223622,1,177.66070288264194,177.66070288264194,213.38940421466611,213.38940421466611,8.0,8.0,8.0,,388.0,18.0,18.0,0.10211298614740372,20.0,12833.0,"[{'epoch': 14, 'train_loss': 0.5181350111961365, 'validation_loss': 0.17223934829235077}, {'epoch': 15, 'train_loss': 0.48636388778686523, 'validation_loss': 0.15374204516410828}, {'epoch': 16, 'train_loss': 0.45615634322166443, 'validation_loss': 0.13575395941734314}, {'epoch': 17, 'train_loss': 0.42770007252693176, 'validation_loss': 0.11847436428070068}, {'epoch': 18, 'train_loss': 0.4011092782020569, 'validation_loss': 0.10211298614740372}]"
stz_8h_v001,Santa Tereza · 8 h V001,8,strict_common_cohort_causal,4,10_to_11,10,11,8,388,20,38,2024-04-15T08:00:00,2024-10-02T08:00:00,20260919,True,Transformer temporal,pytorch-cpu,0.08090329996775836,38,139.88470300470345,184.73403563443816,-62.932934995825356,435.2267242394097,-5.0271392054393695,-5.0271392054393695,586.9037006625292,1,139.88470300470345,139.88470300470345,69.45598588147976,69.45598588147976,40.0,40.0,40.0,,388.0,18.0,15.0,0.06677643954753876,20.0,9729.0,"[{'epoch': 14, 'train_loss': 0.3135090470314026, 'validation_loss': 0.06713959574699402}, {'epoch': 15, 'train_loss': 0.2926555275917053, 'validation_loss': 0.06677643954753876}, {'epoch': 16, 'train_loss': 0.27995437383651733, 'validation_loss': 0.07215026766061783}, {'epoch': 17, 'train_loss': 0.2710699141025543, 'validation_loss': 0.07874899357557297}, {'epoch': 18, 'train_loss': 0.26141422986984253, 'validation_loss': 0.08268831670284271}]"
stz_8h_v001,Santa Tereza · 8 h V001,8,strict_common_cohort_causal,4,10_to_11,10,11,8,388,20,38,2024-04-15T08:00:00,2024-10-02T08:00:00,20260919,True,DLinear experimental,pytorch-cpu,0.014980999985709786,38,121.57678546276652,150.81038464955586,-90.08827103094069,293.9567781535246,-3.016796981006782,-3.016796981006782,404.1717666442985,1,121.57678546276652,121.57678546276652,67.64047157670592,67.64047157670592,8.0,8.0,8.0,,388.0,18.0,18.0,0.5865814089775085,20.0,64.0,"[{'epoch': 14, 'train_loss': 0.40592947602272034, 'validation_loss': 0.6758809685707092}, {'epoch': 15, 'train_loss': 0.3875494599342346, 'validation_loss': 0.6523112654685974}, {'epoch': 16, 'train_loss': 0.37006551027297974, 'validation_loss': 0.6295666694641113}, {'epoch': 17, 'train_loss': 0.3534538149833679, 'validation_loss': 0.607656717300415}, {'epoch': 18, 'train_loss': 0.3376881778240204, 'validation_loss': 0.5865814089775085}]"
stz_8h_v001,Santa Tereza · 8 h V001,8,strict_common_cohort_causal,4,10_to_11,10,11,8,388,20,38,2024-04-15T08:00:00,2024-10-02T08:00:00,20260919,True,NLinear experimental,pytorch-cpu,0.010573399951681495,38,217.0878784525009,274.2851023070462,-210.3006166559868,540.7943388851951,-12.28684369620528,-12.28684369620528,579.6701322314965,1,217.0878784525009,217.0878784525009,153.32168308414612,153.32168308414612,9.0,9.0,9.0,,388.0,18.0,18.0,0.5654044151306152,20.0,125.0,"[{'epoch': 14, 'train_loss': 0.898463785648346, 'validation_loss': 0.6008609533309937}, {'epoch': 15, 'train_loss': 0.8792214393615723, 'validation_loss': 0.5913390517234802}, {'epoch': 16, 'train_loss': 0.8608905673027039, 'validation_loss': 0.5822982788085938}, {'epoch': 17, 'train_loss': 0.8434138894081116, 'validation_loss': 0.5736733675003052}, {'epoch': 18, 'train_loss': 0.8267344832420349, 'validation_loss': 0.5654044151306152}]"
stz_8h_v001,Santa Tereza · 8 h V001,8,strict_common_cohort_causal,4,10_to_11,10,11,8,388,20,38,2024-04-15T08:00:00,2024-10-02T08:00:00,20260919,True,TSMixer experimental,pytorch-cpu,0.05584769998677075,38,71.14381536064984,88.95175359376033,6.099421114234188,171.28063666855877,-0.39741826377991485,-0.39741826377991485,239.35889430380635,1,71.14381536064984,71.14381536064984,70.40829730533767,70.40829730533767,-14.0,14.0,14.0,,388.0,18.0,18.0,0.03581070154905319,20.0,3251.0,"[{'epoch': 14, 'train_loss': 0.4817216992378235, 'validation_loss': 0.0854867696762085}, {'epoch': 15, 'train_loss': 0.45469149947166443, 'validation_loss': 0.06463389098644257}, {'epoch': 16, 'train_loss': 0.4296344816684723, 'validation_loss': 0.049670685082674026}, {'epoch': 17, 'train_loss': 0.4062129259109497, 'validation_loss': 0.04022188484668732}, {'epoch': 18, 'train_loss': 0.38404303789138794, 'validation_loss': 0.03581070154905319}]"
stz_8h_v001,Santa Tereza · 8 h V001,8,strict_common_cohort_causal,4,10_to_11,10,11,8,388,20,38,2024-04-15T08:00:00,2024-10-02T08:00:00,20260919,True,N-BEATS experimental,pytorch-cpu,0.04554580000694841,38,51.8386765028364,73.14911146785985,-5.197778811367029,183.83367654531642,0.05499197395063493,0.05499197395063493,172.1803137518779,1,51.8386765028364,51.8386765028364,107.90642165082045,107.90642165082045,-12.0,12.0,12.0,,388.0,18.0,15.0,0.03770365193486214,20.0,32510.0,"[{'epoch': 14, 'train_loss': 0.037644144147634506, 'validation_loss': 0.039341919124126434}, {'epoch': 15, 'train_loss': 0.025896916165947914, 'validation_loss': 0.03770365193486214}, {'epoch': 16, 'train_loss': 0.027998607605695724, 'validation_loss': 0.03927002474665642}, {'epoch': 17, 'train_loss': 0.03291444107890129, 'validation_loss': 0.044624004513025284}, {'epoch': 18, 'train_loss': 0.031985703855752945, 'validation_loss': 0.05295808985829353}]"
stz_8h_v001,Santa Tereza · 8 h V001,8,strict_common_cohort_causal,4,10_to_11,10,11,8,388,20,38,2024-04-15T08:00:00,2024-10-02T08:00:00,20260919,True,N-HiTS-lite experimental,pytorch-cpu,0.026605600025504827,38,83.73114022305323,104.91348645107657,23.566959596296503,169.48383512993666,-0.9439273311383043,-0.9439273311383043,266.45836251889097,1,83.73114022305323,83.73114022305323,71.1241332545452,71.1241332545452,-13.0,13.0,13.0,,388.0,18.0,14.0,0.11100540310144424,20.0,4657.0,"[{'epoch': 14, 'train_loss': 0.0837617740035057, 'validation_loss': 0.11100540310144424}, {'epoch': 15, 'train_loss': 0.07905346900224686, 'validation_loss': 0.11140183359384537}, {'epoch': 16, 'train_loss': 0.0726756751537323, 'validation_loss': 0.11445794254541397}, {'epoch': 17, 'train_loss': 0.0666332021355629, 'validation_loss': 0.11739510297775269}, {'epoch': 18, 'train_loss': 0.06167300045490265, 'validation_loss': 0.11790677160024643}]"
stz_8h_v001,Santa Tereza · 8 h V001,8,strict_common_cohort_causal,4,10_to_11,10,11,8,388,20,38,2024-04-15T08:00:00,2024-10-02T08:00:00,20260919,True,PatchTST experimental,pytorch-cpu,0.03918649989645928,38,150.86925906502117,204.63921744212803,-33.59684449087184,540.0362020030492,-6.395969634103844,-6.395969634103844,651.2537669173214,1,150.86925906502117,150.86925906502117,31.60217542834812,31.60217542834812,1.0,1.0,1.0,,388.0,14.0,7.0,0.02193858101963997,20.0,9601.0,"[{'epoch': 10, 'train_loss': 0.44922882318496704, 'validation_loss': 0.05971075966954231}, {'epoch': 11, 'train_loss': 0.41320300102233887, 'validation_loss': 0.05560591071844101}, {'epoch': 12, 'train_loss': 0.37428760528564453, 'validation_loss': 0.04837809503078461}, {'epoch': 13, 'train_loss': 0.33954212069511414, 'validation_loss': 0.04380900412797928}, {'epoch': 14, 'train_loss': 0.3137018084526062, 'validation_loss': 0.045221395790576935}]"
stz_8h_v001,Santa Tereza · 8 h V001,8,strict_common_cohort_causal,4,10_to_11,10,11,8,388,20,38,2024-04-15T08:00:00,2024-10-02T08:00:00,20260919,True,TFT-lite experimental,pytorch-cpu,0.06496049999259412,38,111.51833820213659,138.1268729286671,-46.39629919631788,255.082221031715,-2.3695642858824946,-2.3695642858824946,383.95380360016367,1,111.51833820213659,111.51833820213659,51.00775272710507,51.00775272710507,8.0,8.0,8.0,,388.0,17.0,10.0,0.11001894623041153,20.0,14689.0,"[{'epoch': 13, 'train_loss': 0.25137460231781006, 'validation_loss': 0.214742511510849}, {'epoch': 14, 'train_loss': 0.20793789625167847, 'validation_loss': 0.2855980694293976}, {'epoch': 15, 'train_loss': 0.18705406785011292, 'validation_loss': 0.3394862711429596}, {'epoch': 16, 'train_loss': 0.1810123473405838, 'validation_loss': 0.3470277190208435}, {'epoch': 17, 'train_loss': 0.17257696390151978, 'validation_loss': 0.30117079615592957}]"
stz_8h_v001,Santa Tereza · 8 h V001,8,strict_common_cohort_causal,4,11_to_12,11,12,9,408,38,82,2024-04-30T02:00:00,2024-10-11T23:00:00,20260919,True,Persistência,baseline,0.0,82,586.7073170731708,600.6194566506458,586.7073170731708,780.95,-178.68167870351658,-178.68167870351658,884149266.3816413,1,586.7073170731708,586.7073170731708,579.0,579.0,14.0,14.0,14.0,,,,,,,,
stz_8h_v001,Santa Tereza · 8 h V001,8,strict_common_cohort_causal,4,11_to_12,11,12,9,408,38,82,2024-04-30T02:00:00,2024-10-11T23:00:00,20260919,True,Ridge,scikit-learn,0.0006034000543877482,82,43.24162106397675,53.291436828316684,-19.777827565262957,118.65267028808599,-0.4145550787782126,-0.4145550787782126,2210413.346641151,1,43.24162106397675,43.24162106397675,82.44473266601562,82.44473266601562,0.0,0.0,0.0,[],408.0,,,,,,
stz_8h_v001,Santa Tereza · 8 h V001,8,strict_common_cohort_causal,4,11_to_12,11,12,9,408,38,82,2024-04-30T02:00:00,2024-10-11T23:00:00,20260919,True,Elastic Net,scikit-learn,0.03466329991351813,82,39.84082403415587,50.78527856726459,-13.90271591558689,98.39352722167969,-0.2846377527542894,-0.2846377527542894,20258595.82108109,1,39.84082403415587,39.84082403415587,126.80477905273438,126.80477905273438,0.0,0.0,0.0,"['Objective did not converge. You might want to increase the number of iterations, check the scale of the features or consider increasing regularisation. Duality gap: 1.137724e-01, tolerance: 4.080e-02']",408.0,,,,,,
stz_8h_v001,Santa Tereza · 8 h V001,8,strict_common_cohort_causal,4,11_to_12,11,12,9,408,38,82,2024-04-30T02:00:00,2024-10-11T23:00:00,20260919,True,SVR,scikit-learn,0.004993499955162406,82,54.23835115577462,66.80691843278099,-45.92432241907342,133.35065957253224,-1.2230430977393874,-1.2230430977393874,70670458.50941053,1,54.23835115577462,54.23835115577462,84.47401967651945,84.47401967651945,5.0,5.0,5.0,[],408.0,,,,,,
stz_8h_v001,Santa Tereza · 8 h V001,8,strict_common_cohort_causal,4,11_to_12,11,12,9,408,38,82,2024-04-30T02:00:00,2024-10-11T23:00:00,20260919,True,MLP,scikit-learn,0.11028869997244328,82,53.10736530583079,66.74435220340332,-25.947062422589557,132.79160156250003,-1.2188811846222825,-1.2188811846222825,227151086.63282073,1,53.10736530583079,53.10736530583079,36.118194580078125,36.118194580078125,0.0,0.0,0.0,[],408.0,,,,,,
stz_8h_v001,Santa Tereza · 8 h V001,8,strict_common_cohort_causal,4,11_to_12,11,12,9,408,38,82,2024-04-30T02:00:00,2024-10-11T23:00:00,20260919,True,Random Forest,scikit-learn,1.242212099954486,82,40.196069785921516,53.604160016270974,-17.898568773215608,111.12500658629256,-0.43120548770576717,-0.43120548770576717,58887935.79769514,1,40.196069785921516,40.196069785921516,15.45796660266791,15.45796660266791,0.0,0.0,0.0,[],408.0,,,,,,
stz_8h_v001,Santa Tereza · 8 h V001,8,strict_common_cohort_causal,4,11_to_12,11,12,9,408,38,82,2024-04-30T02:00:00,2024-10-11T23:00:00,20260919,True,Extra Trees,scikit-learn,0.7637363000540063,82,33.13051438772796,40.69217253220768,-18.058953589316364,74.23046540300477,0.17524158127816047,0.17524158127816047,16511848.795107989,1,33.13051438772796,33.13051438772796,124.26673464735791,124.26673464735791,0.0,0.0,0.0,[],408.0,,,,,,
stz_8h_v001,Santa Tereza · 8 h V001,8,strict_common_cohort_causal,4,11_to_12,11,12,9,408,38,82,2024-04-30T02:00:00,2024-10-11T23:00:00,20260919,True,HistGradientBoosting,scikit-learn,0.31675220001488924,82,50.44243779347003,73.36732532730636,-28.110992807405903,152.52666094499853,-1.681083725266126,-1.681083725266126,7756341.868382617,1,50.44243779347003,50.44243779347003,21.644695893151322,21.644695893151322,0.0,0.0,0.0,[],408.0,,,,,,
stz_8h_v001,Santa Tereza · 8 h V001,8,strict_common_cohort_causal,4,11_to_12,11,12,9,408,38,82,2024-04-30T02:00:00,2024-10-11T23:00:00,20260919,True,XGBoost,xgboost,0.5029132999479771,82,46.87399105909394,64.65886860426127,-16.80154009563167,133.35587463378909,-1.0823858549038081,-1.0823858549038081,23396233.084752906,1,46.87399105909394,46.87399105909394,44.392120361328125,44.392120361328125,0.0,0.0,0.0,[],408.0,,,,,,
stz_8h_v001,Santa Tereza · 8 h V001,8,strict_common_cohort_causal,4,11_to_12,11,12,9,408,38,82,2024-04-30T02:00:00,2024-10-11T23:00:00,20260919,True,LightGBM,lightgbm,0.5194448999827728,82,48.453106745482096,69.89123088452347,-21.231088979883957,111.11520833127733,-1.4330463424563948,-1.4330463424563948,11886988.431341505,1,48.453106745482096,48.453106745482096,42.03461943717474,42.03461943717474,0.0,0.0,0.0,[],408.0,,,,,,
stz_8h_v001,Santa Tereza · 8 h V001,8,strict_common_cohort_causal,4,11_to_12,11,12,9,408,38,82,2024-04-30T02:00:00,2024-10-11T23:00:00,20260919,True,CatBoost,catboost,7.108480300055817,82,54.91596493771943,67.20840281771318,-43.07887791431258,125.15956221553262,-1.2498426854867235,-1.2498426854867235,38970874.25878251,1,54.91596493771943,54.91596493771943,121.65289544197339,121.65289544197339,0.0,0.0,0.0,[],408.0,,,,,,
stz_8h_v001,Santa Tereza · 8 h V001,8,strict_common_cohort_causal,4,11_to_12,11,12,9,408,38,82,2024-04-30T02:00:00,2024-10-11T23:00:00,20260919,True,CNN-1D temporal,pytorch-cpu,0.045016500051133335,82,74.21850486795392,84.92405996524305,-73.96937606378503,141.06368448740406,-2.5922495537390615,-2.5922495537390615,55737483.57345746,1,74.21850486795392,74.21850486795392,26.945055083397733,26.945055083397733,0.0,0.0,0.0,,408.0,18.0,18.0,0.09473846107721329,38.0,6145.0,"[{'epoch': 14, 'train_loss': 0.16864176094532013, 'validation_loss': 0.1653948873281479}, {'epoch': 15, 'train_loss': 0.1669582724571228, 'validation_loss': 0.14472799003124237}, {'epoch': 16, 'train_loss': 0.1456095576286316, 'validation_loss': 0.12563568353652954}, {'epoch': 17, 'train_loss': 0.11429794877767563, 'validation_loss': 0.10907603800296783}, {'epoch': 18, 'train_loss': 0.08418472856283188, 'validation_loss': 0.09473846107721329}]"
stz_8h_v001,Santa Tereza · 8 h V001,8,strict_common_cohort_causal,4,11_to_12,11,12,9,408,38,82,2024-04-30T02:00:00,2024-10-11T23:00:00,20260919,True,LSTM,pytorch-cpu,0.04072139994241297,82,124.83357052400932,138.25531979515577,-116.15939264202746,219.16235179121236,-8.520696151736546,-8.520696151736546,99068077.20892486,1,124.83357052400932,124.83357052400932,11.834521111230629,11.834521111230629,5.0,5.0,5.0,,408.0,18.0,18.0,0.13694411516189575,38.0,8353.0,"[{'epoch': 14, 'train_loss': 0.4065273106098175, 'validation_loss': 0.17511746287345886}, {'epoch': 15, 'train_loss': 0.37452569603919983, 'validation_loss': 0.16543817520141602}, {'epoch': 16, 'train_loss': 0.34573566913604736, 'validation_loss': 0.15588831901550293}, {'epoch': 17, 'train_loss': 0.3199155330657959, 'validation_loss': 0.14640319347381592}, {'epoch': 18, 'train_loss': 0.29684239625930786, 'validation_loss': 0.13694411516189575}]"
stz_8h_v001,Santa Tereza · 8 h V001,8,strict_common_cohort_causal,4,11_to_12,11,12,9,408,38,82,2024-04-30T02:00:00,2024-10-11T23:00:00,20260919,True,GRU,pytorch-cpu,0.05599259992595762,82,160.33209567669437,183.2057075813754,-135.89412805714124,302.9603122726872,-15.717949227491331,-15.717949227491331,115889678.30738805,1,160.33209567669437,160.33209567669437,203.99943881405056,203.99943881405056,0.0,0.0,0.0,,408.0,18.0,18.0,0.13985081017017365,38.0,6273.0,"[{'epoch': 14, 'train_loss': 0.31505629420280457, 'validation_loss': 0.2331715077161789}, {'epoch': 15, 'train_loss': 0.28965044021606445, 'validation_loss': 0.20713795721530914}, {'epoch': 16, 'train_loss': 0.2668904960155487, 'validation_loss': 0.18283891677856445}, {'epoch': 17, 'train_loss': 0.24631713330745697, 'validation_loss': 0.16037416458129883}, {'epoch': 18, 'train_loss': 0.22756390273571014, 'validation_loss': 0.13985081017017365}]"
stz_8h_v001,Santa Tereza · 8 h V001,8,strict_common_cohort_causal,4,11_to_12,11,12,9,408,38,82,2024-04-30T02:00:00,2024-10-11T23:00:00,20260919,True,TCN,pytorch-cpu,0.06014900002628565,82,47.0047844361735,56.7222014544379,-14.2178570235255,101.29003482485149,-0.6025484144797184,-0.6025484144797184,9446338.622203961,1,47.0047844361735,47.0047844361735,57.49512561467316,57.49512561467316,0.0,0.0,0.0,,408.0,18.0,18.0,0.04656993970274925,38.0,9249.0,"[{'epoch': 14, 'train_loss': 0.07841399312019348, 'validation_loss': 0.06726808100938797}, {'epoch': 15, 'train_loss': 0.061801403760910034, 'validation_loss': 0.05999203026294708}, {'epoch': 16, 'train_loss': 0.0706159770488739, 'validation_loss': 0.056117359548807144}, {'epoch': 17, 'train_loss': 0.08545926213264465, 'validation_loss': 0.052239224314689636}, {'epoch': 18, 'train_loss': 0.09057030826807022, 'validation_loss': 0.04656993970274925}]"
stz_8h_v001,Santa Tereza · 8 h V001,8,strict_common_cohort_causal,4,11_to_12,11,12,9,408,38,82,2024-04-30T02:00:00,2024-10-11T23:00:00,20260919,True,Seq2Seq · decoder 1 passo,pytorch-cpu,0.05804019991774112,82,115.08681521544646,129.18068811271374,-109.00605814649636,201.2471918768189,-7.311897711977835,-7.311897711977835,92390030.09001376,1,115.08681521544646,115.08681521544646,54.90293290994123,54.90293290994123,5.0,5.0,5.0,,408.0,18.0,18.0,0.16654902696609497,38.0,12833.0,"[{'epoch': 14, 'train_loss': 0.5172587037086487, 'validation_loss': 0.19668257236480713}, {'epoch': 15, 'train_loss': 0.4857010841369629, 'validation_loss': 0.18983709812164307}, {'epoch': 16, 'train_loss': 0.4557647407054901, 'validation_loss': 0.18260763585567474}, {'epoch': 17, 'train_loss': 0.42764046788215637, 'validation_loss': 0.17488276958465576}, {'epoch': 18, 'train_loss': 0.40143799781799316, 'validation_loss': 0.16654902696609497}]"
stz_8h_v001,Santa Tereza · 8 h V001,8,strict_common_cohort_causal,4,11_to_12,11,12,9,408,38,82,2024-04-30T02:00:00,2024-10-11T23:00:00,20260919,True,Transformer temporal,pytorch-cpu,0.05007650004699826,82,152.28456455516755,184.22897074317166,-127.08545860690242,342.2070606358148,-15.905221070607904,-15.905221070607904,132624434.74019285,1,152.28456455516755,152.28456455516755,99.09249856664763,99.09249856664763,0.0,0.0,0.0,,408.0,11.0,4.0,0.16264498233795166,38.0,9729.0,"[{'epoch': 7, 'train_loss': 0.49996188282966614, 'validation_loss': 0.21547327935695648}, {'epoch': 8, 'train_loss': 0.4947316348552704, 'validation_loss': 0.2334173619747162}, {'epoch': 9, 'train_loss': 0.4832364320755005, 'validation_loss': 0.24141080677509308}, {'epoch': 10, 'train_loss': 0.4597509801387787, 'validation_loss': 0.23765067756175995}, {'epoch': 11, 'train_loss': 0.42596226930618286, 'validation_loss': 0.22383880615234375}]"
stz_8h_v001,Santa Tereza · 8 h V001,8,strict_common_cohort_causal,4,11_to_12,11,12,9,408,38,82,2024-04-30T02:00:00,2024-10-11T23:00:00,20260919,True,DLinear experimental,pytorch-cpu,0.015215400024317205,82,83.83181054478688,108.71984176148446,26.585085064454827,224.26430153241714,-4.887387563544307,-4.887387563544307,160807729.86990798,1,83.83181054478688,83.83181054478688,237.1384793278936,237.1384793278936,0.0,0.0,0.0,,408.0,18.0,18.0,0.09191685914993286,38.0,64.0,"[{'epoch': 14, 'train_loss': 0.41314896941185, 'validation_loss': 0.09980648010969162}, {'epoch': 15, 'train_loss': 0.3944818079471588, 'validation_loss': 0.0976404994726181}, {'epoch': 16, 'train_loss': 0.3767106235027313, 'validation_loss': 0.09560901671648026}, {'epoch': 17, 'train_loss': 0.3598136901855469, 'validation_loss': 0.09370402991771698}, {'epoch': 18, 'train_loss': 0.34376761317253113, 'validation_loss': 0.09191685914993286}]"
stz_8h_v001,Santa Tereza · 8 h V001,8,strict_common_cohort_causal,4,11_to_12,11,12,9,408,38,82,2024-04-30T02:00:00,2024-10-11T23:00:00,20260919,True,NLinear experimental,pytorch-cpu,0.010771200060844421,82,126.94410805099362,145.53778977109624,-30.475401202217963,243.69999982076686,-9.55009944274053,-9.55009944274053,92346354.2550491,1,126.94410805099362,126.94410805099362,116.0267107540563,116.0267107540563,0.0,0.0,0.0,,408.0,18.0,18.0,0.3091110289096832,38.0,125.0,"[{'epoch': 14, 'train_loss': 0.9052451848983765, 'validation_loss': 0.3136274218559265}, {'epoch': 15, 'train_loss': 0.8861621618270874, 'validation_loss': 0.31239238381385803}, {'epoch': 16, 'train_loss': 0.8679640293121338, 'validation_loss': 0.3112422525882721}, {'epoch': 17, 'train_loss': 0.8505908250808716, 'validation_loss': 0.3101549446582794}, {'epoch': 18, 'train_loss': 0.8339846730232239, 'validation_loss': 0.3091110289096832}]"
stz_8h_v001,Santa Tereza · 8 h V001,8,strict_common_cohort_causal,4,11_to_12,11,12,9,408,38,82,2024-04-30T02:00:00,2024-10-11T23:00:00,20260919,True,TSMixer experimental,pytorch-cpu,0.057064799941144884,82,143.22636668232167,180.49006510631637,-68.88831679241233,345.6867821672937,-15.226005022676244,-15.226005022676244,131516610.88568564,1,143.22636668232167,143.22636668232167,127.72903796038486,127.72903796038486,84.0,84.0,84.0,,408.0,18.0,18.0,0.028196467086672783,38.0,3251.0,"[{'epoch': 14, 'train_loss': 0.4910573363304138, 'validation_loss': 0.04658927768468857}, {'epoch': 15, 'train_loss': 0.4636247158050537, 'validation_loss': 0.039082322269678116}, {'epoch': 16, 'train_loss': 0.4385802745819092, 'validation_loss': 0.03391841799020767}, {'epoch': 17, 'train_loss': 0.41554000973701477, 'validation_loss': 0.03050631657242775}, {'epoch': 18, 'train_loss': 0.3940775990486145, 'validation_loss': 0.028196467086672783}]"
stz_8h_v001,Santa Tereza · 8 h V001,8,strict_common_cohort_causal,4,11_to_12,11,12,9,408,38,82,2024-04-30T02:00:00,2024-10-11T23:00:00,20260919,True,N-BEATS experimental,pytorch-cpu,0.044936500024050474,82,49.45403809612075,60.96995136584081,-39.54333471111826,114.95925965139082,-0.8515553533567319,-0.8515553533567319,44347426.65706921,1,49.45403809612075,49.45403809612075,32.27909405819105,32.27909405819105,0.0,0.0,0.0,,408.0,18.0,17.0,0.01739293895661831,38.0,32510.0,"[{'epoch': 14, 'train_loss': 0.04061271250247955, 'validation_loss': 0.027912482619285583}, {'epoch': 15, 'train_loss': 0.02864750288426876, 'validation_loss': 0.02140413597226143}, {'epoch': 16, 'train_loss': 0.02993272989988327, 'validation_loss': 0.0177947748452425}, {'epoch': 17, 'train_loss': 0.034166812896728516, 'validation_loss': 0.01739293895661831}, {'epoch': 18, 'train_loss': 0.03302858769893646, 'validation_loss': 0.01979728974401951}]"
stz_8h_v001,Santa Tereza · 8 h V001,8,strict_common_cohort_causal,4,11_to_12,11,12,9,408,38,82,2024-04-30T02:00:00,2024-10-11T23:00:00,20260919,True,N-HiTS-lite experimental,pytorch-cpu,0.0219930000603199,82,46.635473891978194,57.08552273793003,-14.764198525824286,111.13608947230098,-0.6231436888251498,-0.6231436888251498,18190174.16088565,1,46.635473891978194,46.635473891978194,85.53369532298262,85.53369532298262,0.0,0.0,0.0,,408.0,15.0,8.0,0.022450625896453857,38.0,4657.0,"[{'epoch': 11, 'train_loss': 0.07114111632108688, 'validation_loss': 0.032638031989336014}, {'epoch': 12, 'train_loss': 0.07776156812906265, 'validation_loss': 0.035192906856536865}, {'epoch': 13, 'train_loss': 0.08235011994838715, 'validation_loss': 0.035826295614242554}, {'epoch': 14, 'train_loss': 0.08217381685972214, 'validation_loss': 0.03481629118323326}, {'epoch': 15, 'train_loss': 0.07806774228811264, 'validation_loss': 0.03271647170186043}]"
stz_8h_v001,Santa Tereza · 8 h V001,8,strict_common_cohort_causal,4,11_to_12,11,12,9,408,38,82,2024-04-30T02:00:00,2024-10-11T23:00:00,20260919,True,PatchTST experimental,pytorch-cpu,0.050757699995301664,82,155.13085918755283,183.417613480726,-118.32813254174071,350.98290766103275,-15.756645411313048,-15.756645411313048,27976253.1839515,1,155.13085918755283,155.13085918755283,169.0780576427931,169.0780576427931,5.0,5.0,5.0,,408.0,11.0,4.0,0.11299171298742294,38.0,9601.0,"[{'epoch': 7, 'train_loss': 0.49114635586738586, 'validation_loss': 0.20466026663780212}, {'epoch': 8, 'train_loss': 0.491089791059494, 'validation_loss': 0.2312125414609909}, {'epoch': 9, 'train_loss': 0.47992467880249023, 'validation_loss': 0.24473825097084045}, {'epoch': 10, 'train_loss': 0.4544050097465515, 'validation_loss': 0.24475865066051483}, {'epoch': 11, 'train_loss': 0.4185795187950134, 'validation_loss': 0.2340029627084732}]"
stz_8h_v001,Santa Tereza · 8 h V001,8,strict_common_cohort_causal,4,11_to_12,11,12,9,408,38,82,2024-04-30T02:00:00,2024-10-11T23:00:00,20260919,True,TFT-lite experimental,pytorch-cpu,0.07089909992646426,82,100.11651913762826,126.66156586666264,70.11186313138131,231.64029064753467,-6.99088183051872,-6.99088183051872,322321511.738278,1,100.11651913762826,100.11651913762826,97.57827844717008,97.57827844717008,12.0,12.0,12.0,,408.0,18.0,11.0,0.07970287650823593,38.0,14689.0,"[{'epoch': 14, 'train_loss': 0.21868717670440674, 'validation_loss': 0.1596091240644455}, {'epoch': 15, 'train_loss': 0.19737766683101654, 'validation_loss': 0.19633200764656067}, {'epoch': 16, 'train_loss': 0.19062049686908722, 'validation_loss': 0.2042214274406433}, {'epoch': 17, 'train_loss': 0.18131977319717407, 'validation_loss': 0.17564484477043152}, {'epoch': 18, 'train_loss': 0.16090524196624756, 'validation_loss': 0.12578342854976654}]"
stz_8h_v001,Santa Tereza · 8 h V001,8,strict_common_cohort_causal,4,12_to_13,12,13,10,446,82,109,2024-10-05T12:00:00,2025-06-18T13:00:00,20260919,True,Persistência,baseline,0.0,109,810.5229357798165,834.0969791590195,810.5229357798165,1127.6,-113.77763021020864,-113.77763021020864,3462.23200642071,1,810.5229357798165,810.5229357798165,763.0,763.0,-102.0,102.0,102.0,,,,,,,,
stz_8h_v001,Santa Tereza · 8 h V001,8,strict_common_cohort_causal,4,12_to_13,12,13,10,446,82,109,2024-10-05T12:00:00,2025-06-18T13:00:00,20260919,True,Ridge,scikit-learn,0.0006182999350130558,109,35.99578717432985,52.554268589497866,-17.91718733201333,109.84230957031247,0.5443407933740545,0.5443407933740545,144.5256110829292,1,35.99578717432985,35.99578717432985,58.51739501953125,58.51739501953125,0.0,0.0,0.0,[],446.0,,,,,,
stz_8h_v001,Santa Tereza · 8 h V001,8,strict_common_cohort_causal,4,12_to_13,12,13,10,446,82,109,2024-10-05T12:00:00,2025-06-18T13:00:00,20260919,True,Elastic Net,scikit-learn,0.04519639990758151,109,29.870664264084002,44.99407543039818,-5.562444564399369,110.75546874999998,0.6660089560963265,0.6660089560963265,92.00706535757739,1,29.870664264084002,29.870664264084002,60.208740234375,60.208740234375,0.0,0.0,0.0,"['Objective did not converge. You might want to increase the number of iterations, check the scale of the features or consider increasing regularisation. Duality gap: 7.332277e-02, tolerance: 4.460e-02']",446.0,,,,,,
stz_8h_v001,Santa Tereza · 8 h V001,8,strict_common_cohort_causal,4,12_to_13,12,13,10,446,82,109,2024-10-05T12:00:00,2025-06-18T13:00:00,20260919,True,SVR,scikit-learn,0.005613099900074303,109,90.6961147103117,133.66445835921792,71.67093193688147,309.29122615132076,-1.9475151282071121,-1.9475151282071121,333.90829922968663,1,90.6961147103117,90.6961147103117,8.441496480124556,8.441496480124556,-105.0,105.0,105.0,[],446.0,,,,,,
stz_8h_v001,Santa Tereza · 8 h V001,8,strict_common_cohort_causal,4,12_to_13,12,13,10,446,82,109,2024-10-05T12:00:00,2025-06-18T13:00:00,20260919,True,MLP,scikit-learn,0.05997039994690567,109,112.41542067221545,149.35378695702883,103.27629411329917,315.58909912109374,-2.6800747047194897,-2.6800747047194897,487.08793311326406,1,112.41542067221545,112.41542067221545,218.49755859375,218.49755859375,-110.0,110.0,110.0,[],446.0,,,,,,
stz_8h_v001,Santa Tereza · 8 h V001,8,strict_common_cohort_causal,4,12_to_13,12,13,10,446,82,109,2024-10-05T12:00:00,2025-06-18T13:00:00,20260919,True,Random Forest,scikit-learn,1.6095448998967186,109,99.61483714968865,147.4714289843419,91.69210734394674,323.3025570942376,-2.5878967288364416,-2.5878967288364416,281.31897833834256,1,99.61483714968865,99.61483714968865,104.87789032011807,104.87789032011807,-1.0,1.0,1.0,[],446.0,,,,,,
stz_8h_v001,Santa Tereza · 8 h V001,8,strict_common_cohort_causal,4,12_to_13,12,13,10,446,82,109,2024-10-05T12:00:00,2025-06-18T13:00:00,20260919,True,Extra Trees,scikit-learn,0.7577620000811294,109,84.47742302051299,128.62018927570196,67.9992777564901,286.8261078901035,-1.7292445125324556,-1.7292445125324556,227.06607840342824,1,84.47742302051299,84.47742302051299,45.278980619336835,45.278980619336835,-106.0,106.0,106.0,[],446.0,,,,,,
stz_8h_v001,Santa Tereza · 8 h V001,8,strict_common_cohort_causal,4,12_to_13,12,13,10,446,82,109,2024-10-05T12:00:00,2025-06-18T13:00:00,20260919,True,HistGradientBoosting,scikit-learn,0.3329487999435514,109,97.45220182666911,133.29267987772383,75.33085994342257,280.62133190089435,-1.931141310749406,-1.931141310749406,313.05391299383007,1,97.45220182666911,97.45220182666911,35.25916639098273,35.25916639098273,-1.0,1.0,1.0,[],446.0,,,,,,
stz_8h_v001,Santa Tereza · 8 h V001,8,strict_common_cohort_causal,4,12_to_13,12,13,10,446,82,109,2024-10-05T12:00:00,2025-06-18T13:00:00,20260919,True,XGBoost,xgboost,0.5847937000216916,109,71.0367168461511,91.87105821835817,61.69039273043291,182.33117675781247,-0.3924563651487982,-0.3924563651487982,295.1166861477151,1,71.0367168461511,71.0367168461511,17.185333251953125,17.185333251953125,-1.0,1.0,1.0,[],446.0,,,,,,
stz_8h_v001,Santa Tereza · 8 h V001,8,strict_common_cohort_causal,4,12_to_13,12,13,10,446,82,109,2024-10-05T12:00:00,2025-06-18T13:00:00,20260919,True,LightGBM,lightgbm,0.3798716999590397,109,78.94781676826238,108.69775168657557,68.71532060090887,233.0627299494107,-0.9492398410832168,-0.9492398410832168,279.1283144228341,1,78.94781676826238,78.94781676826238,28.901550396257278,28.901550396257278,-1.0,1.0,1.0,[],446.0,,,,,,
stz_8h_v001,Santa Tereza · 8 h V001,8,strict_common_cohort_causal,4,12_to_13,12,13,10,446,82,109,2024-10-05T12:00:00,2025-06-18T13:00:00,20260919,True,CatBoost,catboost,7.375710999942385,109,112.1113439052584,156.2325261589496,104.43133287780704,346.4486483204776,-3.0268649715785516,-3.0268649715785516,342.3520232222312,1,112.1113439052584,112.1113439052584,19.540123500286768,19.540123500286768,-105.0,105.0,105.0,[],446.0,,,,,,
stz_8h_v001,Santa Tereza · 8 h V001,8,strict_common_cohort_causal,4,12_to_13,12,13,10,446,82,109,2024-10-05T12:00:00,2025-06-18T13:00:00,20260919,True,CNN-1D temporal,pytorch-cpu,0.04909710003994405,109,119.57891730329608,170.400474652618,113.36099659751487,406.9363239593131,-3.790333584218293,-3.790333584218293,429.24949628810253,1,119.57891730329608,119.57891730329608,113.26187845277957,113.26187845277957,-104.0,104.0,104.0,,446.0,18.0,18.0,0.025899628177285194,82.0,6145.0,"[{'epoch': 14, 'train_loss': 0.16771697998046875, 'validation_loss': 0.0963977575302124}, {'epoch': 15, 'train_loss': 0.16689494252204895, 'validation_loss': 0.07901056855916977}, {'epoch': 16, 'train_loss': 0.1468353569507599, 'validation_loss': 0.05909482389688492}, {'epoch': 17, 'train_loss': 0.11567559093236923, 'validation_loss': 0.040472932159900665}, {'epoch': 18, 'train_loss': 0.08540072292089462, 'validation_loss': 0.025899628177285194}]"
stz_8h_v001,Santa Tereza · 8 h V001,8,strict_common_cohort_causal,4,12_to_13,12,13,10,446,82,109,2024-10-05T12:00:00,2025-06-18T13:00:00,20260919,True,LSTM,pytorch-cpu,0.039614400011487305,109,224.11697530894605,293.08951798400096,199.8090339409483,606.8675102197441,-13.171790722769773,-13.171790722769773,899.5811993127849,1,224.11697530894605,224.11697530894605,307.70259558176997,307.70259558176997,-103.0,103.0,103.0,,446.0,17.0,10.0,0.060646429657936096,82.0,8353.0,"[{'epoch': 13, 'train_loss': 0.4538109004497528, 'validation_loss': 0.06383565813302994}, {'epoch': 14, 'train_loss': 0.4187779724597931, 'validation_loss': 0.06621566414833069}, {'epoch': 15, 'train_loss': 0.38706475496292114, 'validation_loss': 0.06904291361570358}, {'epoch': 16, 'train_loss': 0.35835325717926025, 'validation_loss': 0.07212672382593155}, {'epoch': 17, 'train_loss': 0.33242690563201904, 'validation_loss': 0.07523917406797409}]"
stz_8h_v001,Santa Tereza · 8 h V001,8,strict_common_cohort_causal,4,12_to_13,12,13,10,446,82,109,2024-10-05T12:00:00,2025-06-18T13:00:00,20260919,True,GRU,pytorch-cpu,0.05898229999002069,109,139.386065520262,176.83291549485614,86.79951063975763,359.71767603699453,-4.158819962757768,-4.158819962757768,640.489226746879,1,139.386065520262,139.386065520262,302.6675066336061,302.6675066336061,0.0,0.0,0.0,,446.0,18.0,18.0,0.13683097064495087,82.0,6273.0,"[{'epoch': 14, 'train_loss': 0.3271685540676117, 'validation_loss': 0.17557522654533386}, {'epoch': 15, 'train_loss': 0.30079156160354614, 'validation_loss': 0.1674048900604248}, {'epoch': 16, 'train_loss': 0.2771221697330475, 'validation_loss': 0.15804250538349152}, {'epoch': 17, 'train_loss': 0.25574150681495667, 'validation_loss': 0.14774486422538757}, {'epoch': 18, 'train_loss': 0.236309215426445, 'validation_loss': 0.13683097064495087}]"
stz_8h_v001,Santa Tereza · 8 h V001,8,strict_common_cohort_causal,4,12_to_13,12,13,10,446,82,109,2024-10-05T12:00:00,2025-06-18T13:00:00,20260919,True,TCN,pytorch-cpu,0.06156639999244362,109,146.79932268837695,171.27517773936358,144.65583042142637,319.0247240315922,-3.839639479446028,-3.839639479446028,585.7016719673724,1,146.79932268837695,146.79932268837695,122.48259486605252,122.48259486605252,-107.0,107.0,107.0,,446.0,18.0,18.0,0.013973419554531574,82.0,9249.0,"[{'epoch': 14, 'train_loss': 0.08637501299381256, 'validation_loss': 0.024264544248580933}, {'epoch': 15, 'train_loss': 0.06327977776527405, 'validation_loss': 0.01726263388991356}, {'epoch': 16, 'train_loss': 0.06623110920190811, 'validation_loss': 0.014786582440137863}, {'epoch': 17, 'train_loss': 0.0803830549120903, 'validation_loss': 0.014265889301896095}, {'epoch': 18, 'train_loss': 0.08935652673244476, 'validation_loss': 0.013973419554531574}]"
stz_8h_v001,Santa Tereza · 8 h V001,8,strict_common_cohort_causal,4,12_to_13,12,13,10,446,82,109,2024-10-05T12:00:00,2025-06-18T13:00:00,20260919,True,Seq2Seq · decoder 1 passo,pytorch-cpu,0.04806019994430244,109,205.28078609829078,271.53841890039934,184.98903788665308,566.1890868377487,-11.164288923279887,-11.164288923279887,785.3103603750516,1,205.28078609829078,205.28078609829078,217.51253635680928,217.51253635680928,-96.0,96.0,96.0,,446.0,18.0,12.0,0.048451654613018036,82.0,12833.0,"[{'epoch': 14, 'train_loss': 0.528243899345398, 'validation_loss': 0.0504976250231266}, {'epoch': 15, 'train_loss': 0.49714428186416626, 'validation_loss': 0.05299147590994835}, {'epoch': 16, 'train_loss': 0.46756449341773987, 'validation_loss': 0.05646197497844696}, {'epoch': 17, 'train_loss': 0.43969064950942993, 'validation_loss': 0.06078656017780304}, {'epoch': 18, 'train_loss': 0.4136291742324829, 'validation_loss': 0.06572708487510681}]"
stz_8h_v001,Santa Tereza · 8 h V001,8,strict_common_cohort_causal,4,12_to_13,12,13,10,446,82,109,2024-10-05T12:00:00,2025-06-18T13:00:00,20260919,True,Transformer temporal,pytorch-cpu,0.04381699999794364,109,209.67367450394977,241.06651508145535,189.79553398765756,397.29733366349535,-8.587335743368298,-8.587335743368298,1063.4782942763231,1,209.67367450394977,209.67367450394977,198.07042120834353,198.07042120834353,-78.0,78.0,78.0,,446.0,9.0,2.0,0.0687364712357521,82.0,9729.0,"[{'epoch': 5, 'train_loss': 0.5729174613952637, 'validation_loss': 0.24139395356178284}, {'epoch': 6, 'train_loss': 0.5248842239379883, 'validation_loss': 0.3149968087673187}, {'epoch': 7, 'train_loss': 0.5119583606719971, 'validation_loss': 0.3628169596195221}, {'epoch': 8, 'train_loss': 0.507861316204071, 'validation_loss': 0.38434112071990967}, {'epoch': 9, 'train_loss': 0.49764981865882874, 'validation_loss': 0.3821989595890045}]"
stz_8h_v001,Santa Tereza · 8 h V001,8,strict_common_cohort_causal,4,12_to_13,12,13,10,446,82,109,2024-10-05T12:00:00,2025-06-18T13:00:00,20260919,True,DLinear experimental,pytorch-cpu,0.015566000016406178,109,199.7642388262402,250.11719056497995,191.5165024189459,501.71863964742755,-9.320749584258957,-9.320749584258957,623.7360613842295,1,199.7642388262402,199.7642388262402,387.3420863644458,387.3420863644458,0.0,0.0,0.0,,446.0,18.0,18.0,0.05930475890636444,82.0,64.0,"[{'epoch': 14, 'train_loss': 0.41546905040740967, 'validation_loss': 0.07391427457332611}, {'epoch': 15, 'train_loss': 0.3969499170780182, 'validation_loss': 0.06980989873409271}, {'epoch': 16, 'train_loss': 0.37931498885154724, 'validation_loss': 0.06601660698652267}, {'epoch': 17, 'train_loss': 0.36254119873046875, 'validation_loss': 0.06251982599496841}, {'epoch': 18, 'train_loss': 0.3466038405895233, 'validation_loss': 0.05930475890636444}]"
stz_8h_v001,Santa Tereza · 8 h V001,8,strict_common_cohort_causal,4,12_to_13,12,13,10,446,82,109,2024-10-05T12:00:00,2025-06-18T13:00:00,20260919,True,NLinear experimental,pytorch-cpu,0.01102320000063628,109,234.73661295607383,284.8757646363157,217.15334375101023,556.7923316254557,-12.388599942750597,-12.388599942750597,925.3640795602221,1,234.73661295607383,234.73661295607383,216.301391816658,216.301391816658,-101.0,101.0,101.0,,446.0,18.0,18.0,0.09712609648704529,82.0,125.0,"[{'epoch': 14, 'train_loss': 0.90754634141922, 'validation_loss': 0.09742362052202225}, {'epoch': 15, 'train_loss': 0.8887245059013367, 'validation_loss': 0.09726063907146454}, {'epoch': 16, 'train_loss': 0.8707764148712158, 'validation_loss': 0.09717456251382828}, {'epoch': 17, 'train_loss': 0.8536375164985657, 'validation_loss': 0.09713704884052277}, {'epoch': 18, 'train_loss': 0.8372452259063721, 'validation_loss': 0.09712609648704529}]"
stz_8h_v001,Santa Tereza · 8 h V001,8,strict_common_cohort_causal,4,12_to_13,12,13,10,446,82,109,2024-10-05T12:00:00,2025-06-18T13:00:00,20260919,True,TSMixer experimental,pytorch-cpu,0.050198900047689676,109,178.4074459849016,226.17397440067495,-28.6490054299549,408.34769072874917,-7.439358120984638,-7.439358120984638,1089.751389296455,1,178.4074459849016,178.4074459849016,50.13116425727651,50.13116425727651,-102.0,102.0,102.0,,446.0,15.0,8.0,0.057961586862802505,82.0,3251.0,"[{'epoch': 11, 'train_loss': 0.5928508043289185, 'validation_loss': 0.07504180818796158}, {'epoch': 12, 'train_loss': 0.5575099587440491, 'validation_loss': 0.08566313236951828}, {'epoch': 13, 'train_loss': 0.5252078175544739, 'validation_loss': 0.09777477383613586}, {'epoch': 14, 'train_loss': 0.4958989918231964, 'validation_loss': 0.11088249087333679}, {'epoch': 15, 'train_loss': 0.46942999958992004, 'validation_loss': 0.12449309974908829}]"
stz_8h_v001,Santa Tereza · 8 h V001,8,strict_common_cohort_causal,4,12_to_13,12,13,10,446,82,109,2024-10-05T12:00:00,2025-06-18T13:00:00,20260919,True,N-BEATS experimental,pytorch-cpu,0.04662889998871833,109,101.80121820790538,120.88708325912393,92.58682362313728,244.4314115347779,-1.4109264153785026,-1.4109264153785026,416.1828690050074,1,101.80121820790538,101.80121820790538,48.616287832527064,48.616287832527064,0.0,0.0,0.0,,446.0,18.0,15.0,0.011853586882352829,82.0,32510.0,"[{'epoch': 14, 'train_loss': 0.0394534170627594, 'validation_loss': 0.012758935801684856}, {'epoch': 15, 'train_loss': 0.028492175042629242, 'validation_loss': 0.011853586882352829}, {'epoch': 16, 'train_loss': 0.0311908982694149, 'validation_loss': 0.013881943188607693}, {'epoch': 17, 'train_loss': 0.03601226583123207, 'validation_loss': 0.01614307425916195}, {'epoch': 18, 'train_loss': 0.034653373062610626, 'validation_loss': 0.01731492392718792}]"
stz_8h_v001,Santa Tereza · 8 h V001,8,strict_common_cohort_causal,4,12_to_13,12,13,10,446,82,109,2024-10-05T12:00:00,2025-06-18T13:00:00,20260919,True,N-HiTS-lite experimental,pytorch-cpu,0.02464359998703003,109,144.55278162358974,180.58073400989423,143.4579274510397,381.6720834248138,-4.379810584366399,-4.379810584366399,460.13988483303774,1,144.55278162358974,144.55278162358974,115.53737582973793,115.53737582973793,0.0,0.0,0.0,,446.0,16.0,9.0,0.015466662123799324,82.0,4657.0,"[{'epoch': 12, 'train_loss': 0.07873740792274475, 'validation_loss': 0.025368567556142807}, {'epoch': 13, 'train_loss': 0.08323009312152863, 'validation_loss': 0.026681432500481606}, {'epoch': 14, 'train_loss': 0.08285847306251526, 'validation_loss': 0.02642984874546528}, {'epoch': 15, 'train_loss': 0.07869967073202133, 'validation_loss': 0.025206321850419044}, {'epoch': 16, 'train_loss': 0.0731126144528389, 'validation_loss': 0.02373947761952877}]"
stz_8h_v001,Santa Tereza · 8 h V001,8,strict_common_cohort_causal,4,12_to_13,12,13,10,446,82,109,2024-10-05T12:00:00,2025-06-18T13:00:00,20260919,True,PatchTST experimental,pytorch-cpu,0.049003600026480854,109,136.6139588285105,185.75088466995157,98.59020251753432,403.09427859822216,-4.692275859804536,-4.692275859804536,732.760135152896,1,136.6139588285105,136.6139588285105,98.38206269102034,98.38206269102034,-104.0,104.0,104.0,,446.0,10.0,3.0,0.06473682820796967,82.0,9601.0,"[{'epoch': 6, 'train_loss': 0.5045322775840759, 'validation_loss': 0.35346442461013794}, {'epoch': 7, 'train_loss': 0.5027440786361694, 'validation_loss': 0.41233038902282715}, {'epoch': 8, 'train_loss': 0.5045247673988342, 'validation_loss': 0.4372658133506775}, {'epoch': 9, 'train_loss': 0.4950558841228485, 'validation_loss': 0.432749480009079}, {'epoch': 10, 'train_loss': 0.4709088206291199, 'validation_loss': 0.4063003361225128}]"
stz_8h_v001,Santa Tereza · 8 h V001,8,strict_common_cohort_causal,4,12_to_13,12,13,10,446,82,109,2024-10-05T12:00:00,2025-06-18T13:00:00,20260919,True,TFT-lite experimental,pytorch-cpu,0.0787521000020206,109,207.10583509033654,255.90652700995577,205.4076158937749,490.90089945545014,-9.804057400906322,-9.804057400906322,827.8154283340642,1,207.10583509033654,207.10583509033654,202.85374661456444,202.85374661456444,-103.0,103.0,103.0,,446.0,18.0,13.0,0.04905174300074577,82.0,14689.0,"[{'epoch': 14, 'train_loss': 0.2303498089313507, 'validation_loss': 0.056539978832006454}, {'epoch': 15, 'train_loss': 0.20926803350448608, 'validation_loss': 0.0746740996837616}, {'epoch': 16, 'train_loss': 0.2024616301059723, 'validation_loss': 0.08475448191165924}, {'epoch': 17, 'train_loss': 0.19288532435894012, 'validation_loss': 0.07666638493537903}, {'epoch': 18, 'train_loss': 0.17209671437740326, 'validation_loss': 0.05780096724629402}]"
stz_8h_v001,Santa Tereza · 8 h V001,8,strict_common_cohort_causal,4,13_to_14,13,14,11,528,109,70,2024-10-15T12:00:00,2025-06-27T13:00:00,20260919,True,Persistência,baseline,0.0,70,724.8571428571429,858.0879242328758,724.8571428571429,1472.75,-18.526735665651536,-18.526735665651536,2782.3075684839773,1,724.8571428571429,724.8571428571429,803.0,803.0,19.0,19.0,19.0,,,,,,,,
stz_8h_v001,Santa Tereza · 8 h V001,8,strict_common_cohort_causal,4,13_to_14,13,14,11,528,109,70,2024-10-15T12:00:00,2025-06-27T13:00:00,20260919,True,Ridge,scikit-learn,0.0006388999754562974,70,39.641631208147324,58.72630609423147,-2.9797258649553573,143.80897827148436,0.9085399497615934,0.9085399497615934,60.47122104745684,1,39.641631208147324,39.641631208147324,35.3729248046875,35.3729248046875,5.0,5.0,5.0,[],528.0,,,,,,
stz_8h_v001,Santa Tereza · 8 h V001,8,strict_common_cohort_causal,4,13_to_14,13,14,11,528,109,70,2024-10-15T12:00:00,2025-06-27T13:00:00,20260919,True,Elastic Net,scikit-learn,0.04197509994264692,70,36.978414045061385,56.81085625583079,-3.448651559012277,140.0947250366211,0.9144088745884429,0.9144088745884429,59.54090969562436,1,36.978414045061385,36.978414045061385,40.742919921875,40.742919921875,2.0,2.0,2.0,[],528.0,,,,,,
stz_8h_v001,Santa Tereza · 8 h V001,8,strict_common_cohort_causal,4,13_to_14,13,14,11,528,109,70,2024-10-15T12:00:00,2025-06-27T13:00:00,20260919,True,SVR,scikit-learn,0.007816400029696524,70,167.30252380234822,240.2033774752667,49.367577437728485,490.3619418304007,-0.5301157521175641,-0.5301157521175641,354.12054725923645,1,167.30252380234822,167.30252380234822,63.2048575044962,63.2048575044962,13.0,13.0,13.0,[],528.0,,,,,,
stz_8h_v001,Santa Tereza · 8 h V001,8,strict_common_cohort_causal,4,13_to_14,13,14,11,528,109,70,2024-10-15T12:00:00,2025-06-27T13:00:00,20260919,True,MLP,scikit-learn,0.1417440000222996,70,83.95858023507255,117.32902880611717,13.637151663643973,254.50776367187495,0.6349292665401538,0.6349292665401538,307.5712054854121,1,83.95858023507255,83.95858023507255,53.740814208984375,53.740814208984375,1.0,1.0,1.0,[],528.0,,,,,,
stz_8h_v001,Santa Tereza · 8 h V001,8,strict_common_cohort_causal,4,13_to_14,13,14,11,528,109,70,2024-10-15T12:00:00,2025-06-27T13:00:00,20260919,True,Random Forest,scikit-learn,1.681220299913548,70,87.90189061265383,126.21951095602171,29.950953578537195,259.95332960418546,0.5775074521393861,0.5775074521393861,228.69874319562706,1,87.90189061265383,87.90189061265383,27.80662289720044,27.80662289720044,0.0,0.0,0.0,[],528.0,,,,,,
stz_8h_v001,Santa Tereza · 8 h V001,8,strict_common_cohort_causal,4,13_to_14,13,14,11,528,109,70,2024-10-15T12:00:00,2025-06-27T13:00:00,20260919,True,Extra Trees,scikit-learn,0.9535588999278843,70,113.49205731202824,147.35224355818224,15.388349752629292,286.7294340741157,0.4241895103997543,0.4241895103997543,223.83771055706939,1,113.49205731202824,113.49205731202824,99.660780655841,99.660780655841,8.0,8.0,8.0,[],528.0,,,,,,
stz_8h_v001,Santa Tereza · 8 h V001,8,strict_common_cohort_causal,4,13_to_14,13,14,11,528,109,70,2024-10-15T12:00:00,2025-06-27T13:00:00,20260919,True,HistGradientBoosting,scikit-learn,0.3469339000293985,70,87.36826246740726,128.58703616611243,22.959414094334743,282.3768348496997,0.5615092469841418,0.5615092469841418,151.22973186511902,1,87.36826246740726,87.36826246740726,116.55914028353834,116.55914028353834,6.0,6.0,6.0,[],528.0,,,,,,
stz_8h_v001,Santa Tereza · 8 h V001,8,strict_common_cohort_causal,4,13_to_14,13,14,11,528,109,70,2024-10-15T12:00:00,2025-06-27T13:00:00,20260919,True,XGBoost,xgboost,0.6133509000064805,70,167.2954110281808,250.1894017889966,-140.83079746791296,513.040380859375,-0.6599839316503993,-0.6599839316503993,285.25735968709387,1,167.2954110281808,167.2954110281808,11.0826416015625,11.0826416015625,7.0,7.0,7.0,[],528.0,,,,,,
stz_8h_v001,Santa Tereza · 8 h V001,8,strict_common_cohort_causal,4,13_to_14,13,14,11,528,109,70,2024-10-15T12:00:00,2025-06-27T13:00:00,20260919,True,LightGBM,lightgbm,0.4892960999859497,70,87.86174552966874,115.36905923769409,38.31184731290574,208.3595907314148,0.6470243316336535,0.6470243316336535,169.46126515512947,1,87.86174552966874,87.86174552966874,19.410725151800477,19.410725151800477,5.0,5.0,5.0,[],528.0,,,,,,
stz_8h_v001,Santa Tereza · 8 h V001,8,strict_common_cohort_causal,4,13_to_14,13,14,11,528,109,70,2024-10-15T12:00:00,2025-06-27T13:00:00,20260919,True,CatBoost,catboost,7.163159199990332,70,121.89046558997823,168.49543773020366,32.16799150718175,356.60714902821104,0.24709122441536835,0.24709122441536835,357.4851932358165,1,121.89046558997823,121.89046558997823,15.376792031091327,15.376792031091327,13.0,13.0,13.0,[],528.0,,,,,,
stz_8h_v001,Santa Tereza · 8 h V001,8,strict_common_cohort_causal,4,13_to_14,13,14,11,528,109,70,2024-10-15T12:00:00,2025-06-27T13:00:00,20260919,True,CNN-1D temporal,pytorch-cpu,0.0334335999796167,70,116.45447133597052,147.6920149313307,2.839526262002786,314.93968065070953,0.4215309898610399,0.4215309898610399,444.5258639927931,1,116.45447133597052,116.45447133597052,0.044529252139682285,0.044529252139682285,7.0,7.0,7.0,,528.0,18.0,18.0,0.15165206789970398,109.0,6145.0,"[{'epoch': 14, 'train_loss': 0.1669672429561615, 'validation_loss': 0.2101830691099167}, {'epoch': 15, 'train_loss': 0.16850191354751587, 'validation_loss': 0.18652823567390442}, {'epoch': 16, 'train_loss': 0.1518511325120926, 'validation_loss': 0.16837021708488464}, {'epoch': 17, 'train_loss': 0.12103957682847977, 'validation_loss': 0.1566411405801773}, {'epoch': 18, 'train_loss': 0.08933862298727036, 'validation_loss': 0.15165206789970398}]"
stz_8h_v001,Santa Tereza · 8 h V001,8,strict_common_cohort_causal,4,13_to_14,13,14,11,528,109,70,2024-10-15T12:00:00,2025-06-27T13:00:00,20260919,True,LSTM,pytorch-cpu,0.03366790001746267,70,203.25926138771152,270.8535976920329,84.68174503101937,572.6555196342165,-0.9455181375167552,-0.9455181375167552,703.4796252188029,1,203.25926138771152,203.25926138771152,193.72080801674736,193.72080801674736,13.0,13.0,13.0,,528.0,18.0,18.0,0.41473570466041565,109.0,8353.0,"[{'epoch': 14, 'train_loss': 0.4443577527999878, 'validation_loss': 0.45218273997306824}, {'epoch': 15, 'train_loss': 0.413637638092041, 'validation_loss': 0.4426276385784149}, {'epoch': 16, 'train_loss': 0.3855891823768616, 'validation_loss': 0.43328040838241577}, {'epoch': 17, 'train_loss': 0.36001458764076233, 'validation_loss': 0.424017995595932}, {'epoch': 18, 'train_loss': 0.3367554843425751, 'validation_loss': 0.41473570466041565}]"
stz_8h_v001,Santa Tereza · 8 h V001,8,strict_common_cohort_causal,4,13_to_14,13,14,11,528,109,70,2024-10-15T12:00:00,2025-06-27T13:00:00,20260919,True,GRU,pytorch-cpu,0.055725399986840785,70,190.87971314873192,274.6663553863178,94.3310806475265,628.7370827277103,-1.0006770776873823,-1.0006770776873823,581.0523047346289,1,190.87971314873192,190.87971314873192,349.4438787221052,349.4438787221052,7.0,7.0,7.0,,528.0,18.0,18.0,0.17669148743152618,109.0,6273.0,"[{'epoch': 14, 'train_loss': 0.35146939754486084, 'validation_loss': 0.2101871222257614}, {'epoch': 15, 'train_loss': 0.32427486777305603, 'validation_loss': 0.20201702415943146}, {'epoch': 16, 'train_loss': 0.2997633218765259, 'validation_loss': 0.19363580644130707}, {'epoch': 17, 'train_loss': 0.27758294343948364, 'validation_loss': 0.1851501613855362}, {'epoch': 18, 'train_loss': 0.2574416697025299, 'validation_loss': 0.17669148743152618}]"
stz_8h_v001,Santa Tereza · 8 h V001,8,strict_common_cohort_causal,4,13_to_14,13,14,11,528,109,70,2024-10-15T12:00:00,2025-06-27T13:00:00,20260919,True,TCN,pytorch-cpu,0.06380739994347095,70,203.9255074572738,267.35178188000145,13.017668796425847,564.8863393033347,-0.8955368544665465,-0.8955368544665465,556.6258788330535,1,203.9255074572738,203.9255074572738,327.24271934964304,327.24271934964304,8.0,8.0,8.0,,528.0,18.0,11.0,0.12069541215896606,109.0,9249.0,"[{'epoch': 14, 'train_loss': 0.09219849854707718, 'validation_loss': 0.13869567215442657}, {'epoch': 15, 'train_loss': 0.0647297203540802, 'validation_loss': 0.15137873589992523}, {'epoch': 16, 'train_loss': 0.06291046738624573, 'validation_loss': 0.16136039793491364}, {'epoch': 17, 'train_loss': 0.07604856789112091, 'validation_loss': 0.16417545080184937}, {'epoch': 18, 'train_loss': 0.08815483748912811, 'validation_loss': 0.15953300893306732}]"
stz_8h_v001,Santa Tereza · 8 h V001,8,strict_common_cohort_causal,4,13_to_14,13,14,11,528,109,70,2024-10-15T12:00:00,2025-06-27T13:00:00,20260919,True,Seq2Seq · decoder 1 passo,pytorch-cpu,0.04294680000748485,70,237.631829664407,294.4156143586499,83.39529447019424,590.1337114182675,-1.2987288424058359,-1.2987288424058359,756.0974559896933,1,237.631829664407,237.631829664407,209.10587462106696,209.10587462106696,13.0,13.0,13.0,,528.0,18.0,18.0,0.3855399787425995,109.0,12833.0,"[{'epoch': 14, 'train_loss': 0.5496110916137695, 'validation_loss': 0.4097873568534851}, {'epoch': 15, 'train_loss': 0.5197134017944336, 'validation_loss': 0.40247970819473267}, {'epoch': 16, 'train_loss': 0.4912028908729553, 'validation_loss': 0.3960284888744354}, {'epoch': 17, 'train_loss': 0.46425479650497437, 'validation_loss': 0.3904041647911072}, {'epoch': 18, 'train_loss': 0.4389610290527344, 'validation_loss': 0.3855399787425995}]"
stz_8h_v001,Santa Tereza · 8 h V001,8,strict_common_cohort_causal,4,13_to_14,13,14,11,528,109,70,2024-10-15T12:00:00,2025-06-27T13:00:00,20260919,True,Transformer temporal,pytorch-cpu,0.03915140009485185,70,278.098265087288,346.59204711260656,135.79235482091048,624.3965065312327,-2.1856880992290244,-2.1856880992290244,704.8577366206983,1,278.098265087288,278.098265087288,174.38666732129832,174.38666732129832,13.0,13.0,13.0,,528.0,10.0,3.0,0.18724414706230164,109.0,9729.0,"[{'epoch': 6, 'train_loss': 0.5509945154190063, 'validation_loss': 0.343528151512146}, {'epoch': 7, 'train_loss': 0.5435705184936523, 'validation_loss': 0.3875015079975128}, {'epoch': 8, 'train_loss': 0.5442836284637451, 'validation_loss': 0.4020560681819916}, {'epoch': 9, 'train_loss': 0.5378689169883728, 'validation_loss': 0.3903941512107849}, {'epoch': 10, 'train_loss': 0.5181677937507629, 'validation_loss': 0.3589742183685303}]"
stz_8h_v001,Santa Tereza · 8 h V001,8,strict_common_cohort_causal,4,13_to_14,13,14,11,528,109,70,2024-10-15T12:00:00,2025-06-27T13:00:00,20260919,True,DLinear experimental,pytorch-cpu,0.008007700089365244,70,340.80752102405285,496.5341185163908,246.5754444754879,1060.235621179005,-5.53829118481485,-5.53829118481485,737.9561385798157,1,340.80752102405285,340.80752102405285,823.6284228452989,823.6284228452989,6.0,6.0,6.0,,528.0,18.0,18.0,0.34481462836265564,109.0,64.0,"[{'epoch': 14, 'train_loss': 0.4192468822002411, 'validation_loss': 0.3835028409957886}, {'epoch': 15, 'train_loss': 0.4006185531616211, 'validation_loss': 0.3734026849269867}, {'epoch': 16, 'train_loss': 0.3828962743282318, 'validation_loss': 0.3635954260826111}, {'epoch': 17, 'train_loss': 0.36605536937713623, 'validation_loss': 0.3540700376033783}, {'epoch': 18, 'train_loss': 0.3500690758228302, 'validation_loss': 0.34481462836265564}]"
stz_8h_v001,Santa Tereza · 8 h V001,8,strict_common_cohort_causal,4,13_to_14,13,14,11,528,109,70,2024-10-15T12:00:00,2025-06-27T13:00:00,20260919,True,NLinear experimental,pytorch-cpu,0.006400699960067868,70,312.0126820540069,400.40203496618483,133.90713531741176,741.0803459613126,-3.251660896445606,-3.251660896445606,833.3747130768945,1,312.0126820540069,312.0126820540069,164.52432524557037,164.52432524557037,25.0,25.0,25.0,,528.0,18.0,18.0,0.4535501003265381,109.0,125.0,"[{'epoch': 14, 'train_loss': 0.9134637117385864, 'validation_loss': 0.4683211147785187}, {'epoch': 15, 'train_loss': 0.8950908184051514, 'validation_loss': 0.46424323320388794}, {'epoch': 16, 'train_loss': 0.8775577545166016, 'validation_loss': 0.46044501662254333}, {'epoch': 17, 'train_loss': 0.8608003258705139, 'validation_loss': 0.4568910300731659}, {'epoch': 18, 'train_loss': 0.8447579741477966, 'validation_loss': 0.4535501003265381}]"
stz_8h_v001,Santa Tereza · 8 h V001,8,strict_common_cohort_causal,4,13_to_14,13,14,11,528,109,70,2024-10-15T12:00:00,2025-06-27T13:00:00,20260919,True,TSMixer experimental,pytorch-cpu,0.04265850002411753,70,144.3570193826606,168.86571510288712,92.99782579233963,304.6738732014402,0.24377847708739042,0.24377847708739042,554.3841125282725,1,144.3570193826606,144.3570193826606,26.202280512609946,26.202280512609946,4.0,4.0,4.0,,528.0,18.0,18.0,0.18659046292304993,109.0,3251.0,"[{'epoch': 14, 'train_loss': 0.5214388370513916, 'validation_loss': 0.19652901589870453}, {'epoch': 15, 'train_loss': 0.49808642268180847, 'validation_loss': 0.1928270310163498}, {'epoch': 16, 'train_loss': 0.4770500063896179, 'validation_loss': 0.19012367725372314}, {'epoch': 17, 'train_loss': 0.4578109681606293, 'validation_loss': 0.1881268173456192}, {'epoch': 18, 'train_loss': 0.4398709833621979, 'validation_loss': 0.18659046292304993}]"
stz_8h_v001,Santa Tereza · 8 h V001,8,strict_common_cohort_causal,4,13_to_14,13,14,11,528,109,70,2024-10-15T12:00:00,2025-06-27T13:00:00,20260919,True,N-BEATS experimental,pytorch-cpu,0.025141599937342107,70,85.42338559696722,108.7624449108646,-19.368246774931414,226.8796525097978,0.6862931585086707,0.6862931585086707,215.78792097386977,1,85.42338559696722,85.42338559696722,10.78817985934461,10.78817985934461,6.0,6.0,6.0,,528.0,18.0,17.0,0.0669897273182869,109.0,32510.0,"[{'epoch': 14, 'train_loss': 0.04336639866232872, 'validation_loss': 0.09716350585222244}, {'epoch': 15, 'train_loss': 0.029773274436593056, 'validation_loss': 0.07995273917913437}, {'epoch': 16, 'train_loss': 0.031095873564481735, 'validation_loss': 0.07049486041069031}, {'epoch': 17, 'train_loss': 0.03630444407463074, 'validation_loss': 0.0669897273182869}, {'epoch': 18, 'train_loss': 0.036235470324754715, 'validation_loss': 0.06765244156122208}]"
stz_8h_v001,Santa Tereza · 8 h V001,8,strict_common_cohort_causal,4,13_to_14,13,14,11,528,109,70,2024-10-15T12:00:00,2025-06-27T13:00:00,20260919,True,N-HiTS-lite experimental,pytorch-cpu,0.01087500003632158,70,135.31043549324406,208.98816227475268,56.758646697405396,477.0061711819293,-0.15826902090838257,-0.15826902090838257,284.1129901986819,1,135.31043549324406,135.31043549324406,343.99499757742547,343.99499757742547,5.0,5.0,5.0,,528.0,14.0,7.0,0.17763055860996246,109.0,4657.0,"[{'epoch': 10, 'train_loss': 0.07138484716415405, 'validation_loss': 0.1894402801990509}, {'epoch': 11, 'train_loss': 0.07371038943529129, 'validation_loss': 0.19733826816082}, {'epoch': 12, 'train_loss': 0.08089333027601242, 'validation_loss': 0.20501644909381866}, {'epoch': 13, 'train_loss': 0.08636148273944855, 'validation_loss': 0.21167878806591034}, {'epoch': 14, 'train_loss': 0.08693593740463257, 'validation_loss': 0.21708595752716064}]"
stz_8h_v001,Santa Tereza · 8 h V001,8,strict_common_cohort_causal,4,13_to_14,13,14,11,528,109,70,2024-10-15T12:00:00,2025-06-27T13:00:00,20260919,True,PatchTST experimental,pytorch-cpu,0.029590099933557212,70,271.76733742337177,350.08270806684754,158.3596305394112,644.8934219537526,-2.25017979676853,-2.25017979676853,631.4594839551664,1,271.76733742337177,271.76733742337177,213.3871778419616,213.3871778419616,7.0,7.0,7.0,,528.0,10.0,3.0,0.19430147111415863,109.0,9601.0,"[{'epoch': 6, 'train_loss': 0.5326520204544067, 'validation_loss': 0.36052176356315613}, {'epoch': 7, 'train_loss': 0.535567581653595, 'validation_loss': 0.41243335604667664}, {'epoch': 8, 'train_loss': 0.541832685470581, 'validation_loss': 0.42959174513816833}, {'epoch': 9, 'train_loss': 0.5362812280654907, 'validation_loss': 0.4152491092681885}, {'epoch': 10, 'train_loss': 0.5152410864830017, 'validation_loss': 0.3776821494102478}]"
stz_8h_v001,Santa Tereza · 8 h V001,8,strict_common_cohort_causal,4,13_to_14,13,14,11,528,109,70,2024-10-15T12:00:00,2025-06-27T13:00:00,20260919,True,TFT-lite experimental,pytorch-cpu,0.049430200015194714,70,353.4128163547254,390.55570462235397,-28.526422437576528,626.1128837667871,-3.0451258536364705,-3.0451258536364705,1250.6481162407085,1,353.4128163547254,353.4128163547254,1.5768773091569983,1.5768773091569983,17.0,17.0,17.0,,528.0,11.0,4.0,0.20084688067436218,109.0,14689.0,"[{'epoch': 7, 'train_loss': 0.5390326380729675, 'validation_loss': 0.416954904794693}, {'epoch': 8, 'train_loss': 0.4788285195827484, 'validation_loss': 0.5438596606254578}, {'epoch': 9, 'train_loss': 0.4535301625728607, 'validation_loss': 0.6306821703910828}, {'epoch': 10, 'train_loss': 0.43605026602745056, 'validation_loss': 0.6442107558250427}, {'epoch': 11, 'train_loss': 0.4031675457954407, 'validation_loss': 0.5859081149101257}]"
stz_8h_v001,Santa Tereza · 8 h V001,8,strict_common_cohort_causal,4,14_to_15,14,15,12,637,70,59,2025-06-23T05:00:00,2025-09-09T10:00:00,20260919,True,Persistência,baseline,0.0,59,539.8983050847457,558.1665203205757,539.8983050847457,673.1,-45.492213351660915,-45.492213351660915,1059324937.5677768,1,539.8983050847457,539.8983050847457,424.0,424.0,11.0,11.0,11.0,,,,,,,,
stz_8h_v001,Santa Tereza · 8 h V001,8,strict_common_cohort_causal,4,14_to_15,14,15,12,637,70,59,2025-06-23T05:00:00,2025-09-09T10:00:00,20260919,True,Ridge,scikit-learn,0.0006730000022798777,59,24.452282921742583,32.31851174074013,5.53057861328125,58.58021240234373,0.8441325744161017,0.8441325744161017,12573319.49656399,1,24.452282921742583,24.452282921742583,4.7120361328125,4.7120361328125,2.0,2.0,2.0,[],637.0,,,,,,
stz_8h_v001,Santa Tereza · 8 h V001,8,strict_common_cohort_causal,4,14_to_15,14,15,12,637,70,59,2025-06-23T05:00:00,2025-09-09T10:00:00,20260919,True,Elastic Net,scikit-learn,0.046631200006231666,59,24.33017588469942,31.68500382980243,2.8336507506289723,57.26074829101562,0.8501833149146629,0.8501833149146629,974155.15603806,1,24.33017588469942,24.33017588469942,10.926116943359375,10.926116943359375,2.0,2.0,2.0,[],637.0,,,,,,
stz_8h_v001,Santa Tereza · 8 h V001,8,strict_common_cohort_causal,4,14_to_15,14,15,12,637,70,59,2025-06-23T05:00:00,2025-09-09T10:00:00,20260919,True,SVR,scikit-learn,0.010370700038038194,59,36.86960273404199,43.538798059760985,-15.324017356508671,88.61636799434561,0.7171178612637275,0.7171178612637275,26171195.50121748,1,36.86960273404199,36.86960273404199,18.157197432737007,18.157197432737007,-4.0,4.0,4.0,[],637.0,,,,,,
stz_8h_v001,Santa Tereza · 8 h V001,8,strict_common_cohort_causal,4,14_to_15,14,15,12,637,70,59,2025-06-23T05:00:00,2025-09-09T10:00:00,20260919,True,MLP,scikit-learn,0.10192180005833507,59,52.1852592856197,70.2663803599575,-28.697871838585804,137.69563293457026,0.2632030489512118,0.2632030489512118,56959736.36167223,1,52.1852592856197,52.1852592856197,32.96600341796875,32.96600341796875,-5.0,5.0,5.0,[],637.0,,,,,,
stz_8h_v001,Santa Tereza · 8 h V001,8,strict_common_cohort_causal,4,14_to_15,14,15,12,637,70,59,2025-06-23T05:00:00,2025-09-09T10:00:00,20260919,True,Random Forest,scikit-learn,2.501007499988191,59,46.40139220321289,68.51201253790396,-20.504236173157977,183.65316278927278,0.2995355389358654,0.2995355389358654,26299056.325362727,1,46.40139220321289,46.40139220321289,140.08249328131149,140.08249328131149,-5.0,5.0,5.0,[],637.0,,,,,,
stz_8h_v001,Santa Tereza · 8 h V001,8,strict_common_cohort_causal,4,14_to_15,14,15,12,637,70,59,2025-06-23T05:00:00,2025-09-09T10:00:00,20260919,True,Extra Trees,scikit-learn,1.2385442000813782,59,43.297234949088285,61.366635479409446,-14.6989532816817,144.8870092714247,0.43802463033319095,0.43802463033319095,30408504.086823482,1,43.297234949088285,43.297234949088285,121.2535076360789,121.2535076360789,4.0,4.0,4.0,[],637.0,,,,,,
stz_8h_v001,Santa Tereza · 8 h V001,8,strict_common_cohort_causal,4,14_to_15,14,15,12,637,70,59,2025-06-23T05:00:00,2025-09-09T10:00:00,20260919,True,HistGradientBoosting,scikit-learn,0.4554190000053495,59,54.50214027109753,81.75272256382986,-30.754710268998085,199.224627931309,0.002628153811661482,0.002628153811661482,2987025.6747483416,1,54.50214027109753,54.50214027109753,120.32783361637968,120.32783361637968,-5.0,5.0,5.0,[],637.0,,,,,,
stz_8h_v001,Santa Tereza · 8 h V001,8,strict_common_cohort_causal,4,14_to_15,14,15,12,637,70,59,2025-06-23T05:00:00,2025-09-09T10:00:00,20260919,True,XGBoost,xgboost,0.6629945000167936,59,40.304790949417374,56.508389102583415,-19.070050772974046,139.9424163818359,0.5234828787856154,0.5234828787856154,32293131.757326826,1,40.304790949417374,40.304790949417374,60.69268798828125,60.69268798828125,-4.0,4.0,4.0,[],637.0,,,,,,
stz_8h_v001,Santa Tereza · 8 h V001,8,strict_common_cohort_causal,4,14_to_15,14,15,12,637,70,59,2025-06-23T05:00:00,2025-09-09T10:00:00,20260919,True,LightGBM,lightgbm,0.47427470004186034,59,42.7100937736312,63.89779648390908,-16.63738513441685,172.912868590458,0.3907094826552384,0.3907094826552384,31147651.72183502,1,42.7100937736312,42.7100937736312,69.26817618424332,69.26817618424332,-4.0,4.0,4.0,[],637.0,,,,,,
stz_8h_v001,Santa Tereza · 8 h V001,8,strict_common_cohort_causal,4,14_to_15,14,15,12,637,70,59,2025-06-23T05:00:00,2025-09-09T10:00:00,20260919,True,CatBoost,catboost,7.673637399915606,59,34.70590034719147,46.934235153332736,-18.548770990877156,103.07515655325889,0.6712754455540777,0.6712754455540777,19100777.216089133,1,34.70590034719147,34.70590034719147,73.61991320141982,73.61991320141982,-4.0,4.0,4.0,[],637.0,,,,,,
stz_8h_v001,Santa Tereza · 8 h V001,8,strict_common_cohort_causal,4,14_to_15,14,15,12,637,70,59,2025-06-23T05:00:00,2025-09-09T10:00:00,20260919,True,CNN-1D temporal,pytorch-cpu,0.03641780000180006,59,70.82164644977946,93.38731378557245,-61.501352563368904,186.64132718383826,-0.30145280087809545,-0.30145280087809545,33665957.556926504,1,70.82164644977946,70.82164644977946,138.55016283043824,138.55016283043824,2.0,2.0,2.0,,637.0,18.0,18.0,0.12292961031198502,70.0,6145.0,"[{'epoch': 14, 'train_loss': 0.18482589721679688, 'validation_loss': 0.3626503050327301}, {'epoch': 15, 'train_loss': 0.18255813419818878, 'validation_loss': 0.2999786138534546}, {'epoch': 16, 'train_loss': 0.16413964331150055, 'validation_loss': 0.22826819121837616}, {'epoch': 17, 'train_loss': 0.1353362798690796, 'validation_loss': 0.16578461229801178}, {'epoch': 18, 'train_loss': 0.10523728281259537, 'validation_loss': 0.12292961031198502}]"
stz_8h_v001,Santa Tereza · 8 h V001,8,strict_common_cohort_causal,4,14_to_15,14,15,12,637,70,59,2025-06-23T05:00:00,2025-09-09T10:00:00,20260919,True,LSTM,pytorch-cpu,0.03689490002579987,59,97.30292772061851,120.32418670093755,-80.38177603908622,234.74774193890994,-1.1605211656320393,-1.1605211656320393,131394883.05123283,1,97.30292772061851,97.30292772061851,104.4360203663748,104.4360203663748,5.0,5.0,5.0,,637.0,18.0,18.0,0.4308902323246002,70.0,8353.0,"[{'epoch': 14, 'train_loss': 0.47532573342323303, 'validation_loss': 0.592714250087738}, {'epoch': 15, 'train_loss': 0.4423845708370209, 'validation_loss': 0.5457229614257812}, {'epoch': 16, 'train_loss': 0.41183438897132874, 'validation_loss': 0.503273606300354}, {'epoch': 17, 'train_loss': 0.38353231549263, 'validation_loss': 0.46508854627609253}, {'epoch': 18, 'train_loss': 0.3573702871799469, 'validation_loss': 0.4308902323246002}]"
stz_8h_v001,Santa Tereza · 8 h V001,8,strict_common_cohort_causal,4,14_to_15,14,15,12,637,70,59,2025-06-23T05:00:00,2025-09-09T10:00:00,20260919,True,GRU,pytorch-cpu,0.06468280008994043,59,106.62462290390208,122.41146635464443,-48.067980459145524,219.58320588078496,-1.2361290116236026,-1.2361290116236026,160587353.7248069,1,106.62462290390208,106.62462290390208,133.11153884651986,133.11153884651986,4.0,4.0,4.0,,637.0,18.0,18.0,0.43101057410240173,70.0,6273.0,"[{'epoch': 14, 'train_loss': 0.353679895401001, 'validation_loss': 0.580234944820404}, {'epoch': 15, 'train_loss': 0.3245706260204315, 'validation_loss': 0.5418362617492676}, {'epoch': 16, 'train_loss': 0.29859331250190735, 'validation_loss': 0.5043509602546692}, {'epoch': 17, 'train_loss': 0.27546241879463196, 'validation_loss': 0.46746084094047546}, {'epoch': 18, 'train_loss': 0.25490686297416687, 'validation_loss': 0.43101057410240173}]"
stz_8h_v001,Santa Tereza · 8 h V001,8,strict_common_cohort_causal,4,14_to_15,14,15,12,637,70,59,2025-06-23T05:00:00,2025-09-09T10:00:00,20260919,True,TCN,pytorch-cpu,0.04691640008240938,59,54.04301927428907,70.42777021174543,-38.294187926392866,148.06835382426058,0.259814569002203,0.259814569002203,26141668.092760917,1,54.04301927428907,54.04301927428907,65.9387067657035,65.9387067657035,-3.0,3.0,3.0,,637.0,18.0,15.0,0.10928592085838318,70.0,9249.0,"[{'epoch': 14, 'train_loss': 0.10031141340732574, 'validation_loss': 0.14375120401382446}, {'epoch': 15, 'train_loss': 0.07256334275007248, 'validation_loss': 0.10928592085838318}, {'epoch': 16, 'train_loss': 0.07083752751350403, 'validation_loss': 0.11580784618854523}, {'epoch': 17, 'train_loss': 0.08395423740148544, 'validation_loss': 0.12985165417194366}, {'epoch': 18, 'train_loss': 0.09546120464801788, 'validation_loss': 0.13022150099277496}]"
stz_8h_v001,Santa Tereza · 8 h V001,8,strict_common_cohort_causal,4,14_to_15,14,15,12,637,70,59,2025-06-23T05:00:00,2025-09-09T10:00:00,20260919,True,Seq2Seq · decoder 1 passo,pytorch-cpu,0.06591919995844364,59,100.9380017245234,124.12226228315814,-96.4740962887797,253.9708402198593,-1.299069079608545,-1.299069079608545,53925477.65984336,1,100.9380017245234,100.9380017245234,132.83373865514102,132.83373865514102,5.0,5.0,5.0,,637.0,18.0,18.0,0.52262943983078,70.0,12833.0,"[{'epoch': 14, 'train_loss': 0.5793329477310181, 'validation_loss': 0.6870690584182739}, {'epoch': 15, 'train_loss': 0.5487356185913086, 'validation_loss': 0.6425905227661133}, {'epoch': 16, 'train_loss': 0.5187886953353882, 'validation_loss': 0.6002737283706665}, {'epoch': 17, 'train_loss': 0.48966047167778015, 'validation_loss': 0.5602452754974365}, {'epoch': 18, 'train_loss': 0.4615074694156647, 'validation_loss': 0.52262943983078}]"
stz_8h_v001,Santa Tereza · 8 h V001,8,strict_common_cohort_causal,4,14_to_15,14,15,12,637,70,59,2025-06-23T05:00:00,2025-09-09T10:00:00,20260919,True,Transformer temporal,pytorch-cpu,0.09387620002962649,59,92.0706761005773,108.1320803419371,-38.43605936018338,187.94978184884516,-0.7448647632762433,-0.7448647632762433,151503066.28806508,1,92.0706761005773,92.0706761005773,1.4791268905472066,1.4791268905472066,-4.0,4.0,4.0,,637.0,18.0,15.0,0.1240614652633667,70.0,9729.0,"[{'epoch': 14, 'train_loss': 0.36982280015945435, 'validation_loss': 0.13150033354759216}, {'epoch': 15, 'train_loss': 0.3452385663986206, 'validation_loss': 0.1240614652633667}, {'epoch': 16, 'train_loss': 0.3290691375732422, 'validation_loss': 0.12567295134067535}, {'epoch': 17, 'train_loss': 0.31878936290740967, 'validation_loss': 0.131286159157753}, {'epoch': 18, 'train_loss': 0.31078535318374634, 'validation_loss': 0.13639076054096222}]"
stz_8h_v001,Santa Tereza · 8 h V001,8,strict_common_cohort_causal,4,14_to_15,14,15,12,637,70,59,2025-06-23T05:00:00,2025-09-09T10:00:00,20260919,True,DLinear experimental,pytorch-cpu,0.01612439996097237,59,109.44460871008472,132.2214381220043,13.670384089724799,234.55395593727295,-1.6088938472375727,-1.6088938472375727,302245694.3503621,1,109.44460871008472,109.44460871008472,151.92902926765476,151.92902926765476,8.0,8.0,8.0,,637.0,18.0,18.0,1.4547004699707031,70.0,64.0,"[{'epoch': 14, 'train_loss': 0.43362727761268616, 'validation_loss': 1.764234185218811}, {'epoch': 15, 'train_loss': 0.41535407304763794, 'validation_loss': 1.6815061569213867}, {'epoch': 16, 'train_loss': 0.3979357182979584, 'validation_loss': 1.6023998260498047}, {'epoch': 17, 'train_loss': 0.3813432455062866, 'validation_loss': 1.5268419981002808}, {'epoch': 18, 'train_loss': 0.36554646492004395, 'validation_loss': 1.4547004699707031}]"
stz_8h_v001,Santa Tereza · 8 h V001,8,strict_common_cohort_causal,4,14_to_15,14,15,12,637,70,59,2025-06-23T05:00:00,2025-09-09T10:00:00,20260919,True,NLinear experimental,pytorch-cpu,0.011059200041927397,59,141.81432337118127,197.48675744677055,-101.75962993754712,457.5815421598546,-4.8200754373235,-4.8200754373235,134866499.4304591,1,141.81432337118127,141.81432337118127,89.39165366324414,89.39165366324414,13.0,13.0,13.0,,637.0,18.0,18.0,0.9204192161560059,70.0,125.0,"[{'epoch': 14, 'train_loss': 0.9158216118812561, 'validation_loss': 1.0646425485610962}, {'epoch': 15, 'train_loss': 0.8985491991043091, 'validation_loss': 1.0248113870620728}, {'epoch': 16, 'train_loss': 0.8820980787277222, 'validation_loss': 0.9875816106796265}, {'epoch': 17, 'train_loss': 0.8664013147354126, 'validation_loss': 0.9528258442878723}, {'epoch': 18, 'train_loss': 0.8513986468315125, 'validation_loss': 0.9204192161560059}]"
stz_8h_v001,Santa Tereza · 8 h V001,8,strict_common_cohort_causal,4,14_to_15,14,15,12,637,70,59,2025-06-23T05:00:00,2025-09-09T10:00:00,20260919,True,TSMixer experimental,pytorch-cpu,0.06543830002192408,59,102.18190195178072,124.84443742620557,-34.67315596527734,225.93906935429686,-1.3259000545712332,-1.3259000545712332,70615025.23991492,1,102.18190195178072,102.18190195178072,131.18794769079045,131.18794769079045,-5.0,5.0,5.0,,637.0,18.0,18.0,0.19442947208881378,70.0,3251.0,"[{'epoch': 14, 'train_loss': 0.4940508008003235, 'validation_loss': 0.27319854497909546}, {'epoch': 15, 'train_loss': 0.47368818521499634, 'validation_loss': 0.2440491020679474}, {'epoch': 16, 'train_loss': 0.4559537470340729, 'validation_loss': 0.2223816215991974}, {'epoch': 17, 'train_loss': 0.4401455819606781, 'validation_loss': 0.20644733309745789}, {'epoch': 18, 'train_loss': 0.42558205127716064, 'validation_loss': 0.19442947208881378}]"
stz_8h_v001,Santa Tereza · 8 h V001,8,strict_common_cohort_causal,4,14_to_15,14,15,12,637,70,59,2025-06-23T05:00:00,2025-09-09T10:00:00,20260919,True,N-BEATS experimental,pytorch-cpu,0.04305949993431568,59,74.51932997562562,87.91145002961453,0.37930806219269353,145.28514941859643,-0.1533033205617771,-0.1533033205617771,12802277.950057585,1,74.51932997562562,74.51932997562562,145.69286312605539,145.69286312605539,58.0,58.0,58.0,,637.0,16.0,9.0,0.03657153993844986,70.0,32510.0,"[{'epoch': 12, 'train_loss': 0.0962190106511116, 'validation_loss': 0.08397697657346725}, {'epoch': 13, 'train_loss': 0.07794509083032608, 'validation_loss': 0.06230086088180542}, {'epoch': 14, 'train_loss': 0.05254621431231499, 'validation_loss': 0.04886087030172348}, {'epoch': 15, 'train_loss': 0.035441212356090546, 'validation_loss': 0.051806431263685226}, {'epoch': 16, 'train_loss': 0.030402658507227898, 'validation_loss': 0.06493762135505676}]"
stz_8h_v001,Santa Tereza · 8 h V001,8,strict_common_cohort_causal,4,14_to_15,14,15,12,637,70,59,2025-06-23T05:00:00,2025-09-09T10:00:00,20260919,True,N-HiTS-lite experimental,pytorch-cpu,0.026753899990580976,59,50.126625881092586,63.2483573285668,-10.510469201258564,121.40993252961444,0.40303185568624045,0.40303185568624045,1523845.4887998474,1,50.126625881092586,50.126625881092586,26.220906574743935,26.220906574743935,-4.0,4.0,4.0,,637.0,17.0,10.0,0.03560371324419975,70.0,4657.0,"[{'epoch': 13, 'train_loss': 0.10216181725263596, 'validation_loss': 0.052894096821546555}, {'epoch': 14, 'train_loss': 0.10127381980419159, 'validation_loss': 0.0544978491961956}, {'epoch': 15, 'train_loss': 0.0963788628578186, 'validation_loss': 0.05502888187766075}, {'epoch': 16, 'train_loss': 0.08968561887741089, 'validation_loss': 0.05751866474747658}, {'epoch': 17, 'train_loss': 0.08316827565431595, 'validation_loss': 0.06210832670331001}]"
stz_8h_v001,Santa Tereza · 8 h V001,8,strict_common_cohort_causal,4,14_to_15,14,15,12,637,70,59,2025-06-23T05:00:00,2025-09-09T10:00:00,20260919,True,PatchTST experimental,pytorch-cpu,0.08773330005351454,59,93.37328209517449,109.7014491691345,-43.75096201190506,199.2689487881856,-0.7958802936048777,-0.7958802936048777,53236257.72986429,1,93.37328209517449,93.37328209517449,4.332282570118309,4.332282570118309,-5.0,5.0,5.0,,637.0,18.0,15.0,0.13732688128948212,70.0,9601.0,"[{'epoch': 14, 'train_loss': 0.3738884925842285, 'validation_loss': 0.14052942395210266}, {'epoch': 15, 'train_loss': 0.3542494773864746, 'validation_loss': 0.13732688128948212}, {'epoch': 16, 'train_loss': 0.3418826758861542, 'validation_loss': 0.14114873111248016}, {'epoch': 17, 'train_loss': 0.3332173228263855, 'validation_loss': 0.14650999009609222}, {'epoch': 18, 'train_loss': 0.32454225420951843, 'validation_loss': 0.14969880878925323}]"
stz_8h_v001,Santa Tereza · 8 h V001,8,strict_common_cohort_causal,4,14_to_15,14,15,12,637,70,59,2025-06-23T05:00:00,2025-09-09T10:00:00,20260919,True,TFT-lite experimental,pytorch-cpu,0.10823890008032322,59,87.29453270826446,112.02051777842591,-74.89745158211635,263.9211383378477,-0.872612021061695,-0.872612021061695,71529944.9952232,1,87.29453270826446,87.29453270826446,112.87424604365913,112.87424604365913,5.0,5.0,5.0,,637.0,18.0,18.0,0.18355633318424225,70.0,14689.0,"[{'epoch': 14, 'train_loss': 0.30255863070487976, 'validation_loss': 0.32302698493003845}, {'epoch': 15, 'train_loss': 0.2809155583381653, 'validation_loss': 0.26877304911613464}, {'epoch': 16, 'train_loss': 0.27321121096611023, 'validation_loss': 0.23322860896587372}, {'epoch': 17, 'train_loss': 0.26337873935699463, 'validation_loss': 0.2050871104001999}, {'epoch': 18, 'train_loss': 0.24206334352493286, 'validation_loss': 0.18355633318424225}]"
stz_8h_v001,Santa Tereza · 8 h V001,8,strict_common_cohort_causal,4,15_to_16,15,16,13,707,59,28,2025-06-30T10:00:00,2025-09-21T14:00:00,20260919,True,Persistência,baseline,0.0,28,290.75,369.24880307379277,290.75,733.9,-9.197842920507004,-9.197842920507004,309.6671767689637,1,290.75,290.75,379.0,379.0,40.0,40.0,40.0,,,,,,,,
stz_8h_v001,Santa Tereza · 8 h V001,8,strict_common_cohort_causal,4,15_to_16,15,16,13,707,59,28,2025-06-30T10:00:00,2025-09-21T14:00:00,20260919,True,Ridge,scikit-learn,0.0006745000137016177,28,41.13010951450893,47.47552697300968,3.633082798549107,70.26508178710938,0.8314185776083789,0.8314185776083789,34.67962418174938,1,41.13010951450893,41.13010951450893,16.6474609375,16.6474609375,0.0,0.0,0.0,[],707.0,,,,,,
stz_8h_v001,Santa Tereza · 8 h V001,8,strict_common_cohort_causal,4,15_to_16,15,16,13,707,59,28,2025-06-30T10:00:00,2025-09-21T14:00:00,20260919,True,Elastic Net,scikit-learn,0.04166750004515052,28,44.003814697265625,49.72121899185692,8.273134504045759,78.76280822753905,0.8150928687718247,0.8150928687718247,40.355395833559314,1,44.003814697265625,44.003814697265625,20.921295166015625,20.921295166015625,0.0,0.0,0.0,[],707.0,,,,,,
stz_8h_v001,Santa Tereza · 8 h V001,8,strict_common_cohort_causal,4,15_to_16,15,16,13,707,59,28,2025-06-30T10:00:00,2025-09-21T14:00:00,20260919,True,SVR,scikit-learn,0.012353199999779463,28,110.24736211456435,132.30460577228595,-5.3428286290928195,215.12754404934375,-0.3092423707392764,-0.3092423707392764,100.09463025792074,1,110.24736211456435,110.24736211456435,146.67611438702988,146.67611438702988,0.0,0.0,0.0,[],707.0,,,,,,
stz_8h_v001,Santa Tereza · 8 h V001,8,strict_common_cohort_causal,4,15_to_16,15,16,13,707,59,28,2025-06-30T10:00:00,2025-09-21T14:00:00,20260919,True,MLP,scikit-learn,0.09578590001910925,28,91.32610866001674,119.86132271670105,17.06298828125,259.5331298828125,-0.074554031097122,-0.074554031097122,84.83390322101103,1,91.32610866001674,91.32610866001674,74.134765625,74.134765625,-7.0,7.0,7.0,[],707.0,,,,,,
stz_8h_v001,Santa Tereza · 8 h V001,8,strict_common_cohort_causal,4,15_to_16,15,16,13,707,59,28,2025-06-30T10:00:00,2025-09-21T14:00:00,20260919,True,Random Forest,scikit-learn,2.445290100062266,28,45.75564675112395,53.011985106523355,-21.463295528333564,85.66388594061382,0.7898069944085848,0.7898069944085848,36.3372778263161,1,45.75564675112395,45.75564675112395,15.169834225885154,15.169834225885154,2.0,2.0,2.0,[],707.0,,,,,,
stz_8h_v001,Santa Tereza · 8 h V001,8,strict_common_cohort_causal,4,15_to_16,15,16,13,707,59,28,2025-06-30T10:00:00,2025-09-21T14:00:00,20260919,True,Extra Trees,scikit-learn,1.1813363999826834,28,52.255480135629796,58.83028717960456,-27.37507183373709,90.600941997265,0.7411357586804748,0.7411357586804748,40.93350643997474,1,52.255480135629796,52.255480135629796,43.685124332743044,43.685124332743044,1.0,1.0,1.0,[],707.0,,,,,,
stz_8h_v001,Santa Tereza · 8 h V001,8,strict_common_cohort_causal,4,15_to_16,15,16,13,707,59,28,2025-06-30T10:00:00,2025-09-21T14:00:00,20260919,True,HistGradientBoosting,scikit-learn,0.45465390000026673,28,50.7321145986095,60.24429738649508,-32.64929649419245,103.51204890833883,0.7285423950090182,0.7285423950090182,37.04294646621857,1,50.7321145986095,50.7321145986095,20.400911416839506,20.400911416839506,2.0,2.0,2.0,[],707.0,,,,,,
stz_8h_v001,Santa Tereza · 8 h V001,8,strict_common_cohort_causal,4,15_to_16,15,16,13,707,59,28,2025-06-30T10:00:00,2025-09-21T14:00:00,20260919,True,XGBoost,xgboost,0.662544299964793,28,55.35744149344308,63.31517746265869,-21.741398402622767,106.55761566162109,0.7001626142395788,0.7001626142395788,45.76405584763646,1,55.35744149344308,55.35744149344308,93.1396484375,93.1396484375,2.0,2.0,2.0,[],707.0,,,,,,
stz_8h_v001,Santa Tereza · 8 h V001,8,strict_common_cohort_causal,4,15_to_16,15,16,13,707,59,28,2025-06-30T10:00:00,2025-09-21T14:00:00,20260919,True,LightGBM,lightgbm,0.55500050005503,28,64.96971435463446,71.50792059282153,-45.64617833092826,113.89002334865592,0.6175466898306687,0.6175466898306687,55.35364535351614,1,64.96971435463446,64.96971435463446,23.56997128011301,23.56997128011301,2.0,2.0,2.0,[],707.0,,,,,,
stz_8h_v001,Santa Tereza · 8 h V001,8,strict_common_cohort_causal,4,15_to_16,15,16,13,707,59,28,2025-06-30T10:00:00,2025-09-21T14:00:00,20260919,True,CatBoost,catboost,8.576920000021346,28,52.8850107013219,59.65756994961365,-2.6573520242006317,100.10617758658657,0.733804172392944,0.733804172392944,52.147076839253145,1,52.8850107013219,52.8850107013219,2.4355556496162194,2.4355556496162194,1.0,1.0,1.0,[],707.0,,,,,,
stz_8h_v001,Santa Tereza · 8 h V001,8,strict_common_cohort_causal,4,15_to_16,15,16,13,707,59,28,2025-06-30T10:00:00,2025-09-21T14:00:00,20260919,True,CNN-1D temporal,pytorch-cpu,0.053987399907782674,28,95.06411613377142,125.0149549701504,-77.9529280047127,265.35971073096005,-0.1689449613488483,-0.1689449613488483,66.79628929644414,1,95.06411613377142,95.06411613377142,87.91991148767772,87.91991148767772,-7.0,7.0,7.0,,707.0,18.0,18.0,0.06297095865011215,59.0,6145.0,"[{'epoch': 14, 'train_loss': 0.178096204996109, 'validation_loss': 0.12077203392982483}, {'epoch': 15, 'train_loss': 0.1706305742263794, 'validation_loss': 0.10337091237306595}, {'epoch': 16, 'train_loss': 0.15121789276599884, 'validation_loss': 0.08653637766838074}, {'epoch': 17, 'train_loss': 0.12483905255794525, 'validation_loss': 0.0727817490696907}, {'epoch': 18, 'train_loss': 0.09862417727708817, 'validation_loss': 0.06297095865011215}]"
stz_8h_v001,Santa Tereza · 8 h V001,8,strict_common_cohort_causal,4,15_to_16,15,16,13,707,59,28,2025-06-30T10:00:00,2025-09-21T14:00:00,20260919,True,LSTM,pytorch-cpu,0.03853190003428608,28,168.7307853788971,198.4710130509717,-168.7307853788971,354.8913999778949,-1.9462140661738854,-1.9462140661738854,126.98057481209963,1,168.7307853788971,168.7307853788971,94.69546280534797,94.69546280534797,2.0,2.0,2.0,,707.0,18.0,18.0,0.10100823640823364,59.0,8353.0,"[{'epoch': 14, 'train_loss': 0.4637594521045685, 'validation_loss': 0.11300210654735565}, {'epoch': 15, 'train_loss': 0.4296741187572479, 'validation_loss': 0.11021841317415237}, {'epoch': 16, 'train_loss': 0.3980436325073242, 'validation_loss': 0.10737799108028412}, {'epoch': 17, 'train_loss': 0.3687443733215332, 'validation_loss': 0.1043473407626152}, {'epoch': 18, 'train_loss': 0.3416880667209625, 'validation_loss': 0.10100823640823364}]"
stz_8h_v001,Santa Tereza · 8 h V001,8,strict_common_cohort_causal,4,15_to_16,15,16,13,707,59,28,2025-06-30T10:00:00,2025-09-21T14:00:00,20260919,True,GRU,pytorch-cpu,0.038233499974012375,28,96.74904347474987,128.13811325276868,-62.200215563954906,285.6771211639217,-0.22808033102858172,-0.22808033102858172,73.03775740796533,1,96.74904347474987,96.74904347474987,101.82351135999807,101.82351135999807,2.0,2.0,2.0,,707.0,18.0,18.0,0.06974761933088303,59.0,6273.0,"[{'epoch': 14, 'train_loss': 0.3431052565574646, 'validation_loss': 0.1062004417181015}, {'epoch': 15, 'train_loss': 0.3109897971153259, 'validation_loss': 0.0969197228550911}, {'epoch': 16, 'train_loss': 0.28228065371513367, 'validation_loss': 0.08760461956262589}, {'epoch': 17, 'train_loss': 0.2568122446537018, 'validation_loss': 0.07846333086490631}, {'epoch': 18, 'train_loss': 0.23444287478923798, 'validation_loss': 0.06974761933088303}]"
stz_8h_v001,Santa Tereza · 8 h V001,8,strict_common_cohort_causal,4,15_to_16,15,16,13,707,59,28,2025-06-30T10:00:00,2025-09-21T14:00:00,20260919,True,TCN,pytorch-cpu,0.04821560007985681,28,128.28518120428632,144.20787573537945,39.724657748012,223.90530273479675,-0.5554214532894728,-0.5554214532894728,116.14456917161743,1,128.28518120428632,128.28518120428632,93.38938532277803,93.38938532277803,-1.0,1.0,1.0,,707.0,18.0,15.0,0.031403105705976486,59.0,9249.0,"[{'epoch': 14, 'train_loss': 0.09559494256973267, 'validation_loss': 0.033238157629966736}, {'epoch': 15, 'train_loss': 0.07242501527070999, 'validation_loss': 0.031403105705976486}, {'epoch': 16, 'train_loss': 0.0744783952832222, 'validation_loss': 0.03366350382566452}, {'epoch': 17, 'train_loss': 0.08901634067296982, 'validation_loss': 0.03609943389892578}, {'epoch': 18, 'train_loss': 0.10079768300056458, 'validation_loss': 0.036398135125637054}]"
stz_8h_v001,Santa Tereza · 8 h V001,8,strict_common_cohort_causal,4,15_to_16,15,16,13,707,59,28,2025-06-30T10:00:00,2025-09-21T14:00:00,20260919,True,Seq2Seq · decoder 1 passo,pytorch-cpu,0.04771329998038709,28,200.07114733280588,232.61653261726337,-200.07114733280588,399.1808785456829,-3.047168455381515,-3.047168455381515,149.44018935765507,1,200.07114733280588,200.07114733280588,135.73912598137736,135.73912598137736,2.0,2.0,2.0,,707.0,18.0,18.0,0.11094734817743301,59.0,12833.0,"[{'epoch': 14, 'train_loss': 0.5672420859336853, 'validation_loss': 0.11513511836528778}, {'epoch': 15, 'train_loss': 0.5355475544929504, 'validation_loss': 0.11431878060102463}, {'epoch': 16, 'train_loss': 0.5046237707138062, 'validation_loss': 0.11345303803682327}, {'epoch': 17, 'train_loss': 0.4746870696544647, 'validation_loss': 0.11238963901996613}, {'epoch': 18, 'train_loss': 0.4458909034729004, 'validation_loss': 0.11094734817743301}]"
stz_8h_v001,Santa Tereza · 8 h V001,8,strict_common_cohort_causal,4,15_to_16,15,16,13,707,59,28,2025-06-30T10:00:00,2025-09-21T14:00:00,20260919,True,Transformer temporal,pytorch-cpu,0.032587200053967535,28,380.04371916311504,416.5948628232416,-331.260426019002,564.5553224340982,-11.9806950142144,-11.9806950142144,309.26015305556615,1,380.04371916311504,380.04371916311504,155.0981561864881,155.0981561864881,2.0,2.0,2.0,,707.0,9.0,2.0,0.10602043569087982,59.0,9729.0,"[{'epoch': 5, 'train_loss': 0.5319469571113586, 'validation_loss': 0.2648331820964813}, {'epoch': 6, 'train_loss': 0.48743030428886414, 'validation_loss': 0.29874250292778015}, {'epoch': 7, 'train_loss': 0.4775385558605194, 'validation_loss': 0.302472859621048}, {'epoch': 8, 'train_loss': 0.4797635078430176, 'validation_loss': 0.28340575098991394}, {'epoch': 9, 'train_loss': 0.4776703417301178, 'validation_loss': 0.25018012523651123}]"
stz_8h_v001,Santa Tereza · 8 h V001,8,strict_common_cohort_causal,4,15_to_16,15,16,13,707,59,28,2025-06-30T10:00:00,2025-09-21T14:00:00,20260919,True,DLinear experimental,pytorch-cpu,0.008065500063821673,28,188.38506090894913,241.0731589645976,-152.1237186695384,443.66922530504826,-3.3467818335571975,-3.3467818335571975,128.32575403283914,1,188.38506090894913,188.38506090894913,50.381348440013255,50.381348440013255,2.0,2.0,2.0,,707.0,18.0,18.0,0.11191410571336746,59.0,64.0,"[{'epoch': 14, 'train_loss': 0.5300508141517639, 'validation_loss': 0.12228497862815857}, {'epoch': 15, 'train_loss': 0.5076078176498413, 'validation_loss': 0.11954274773597717}, {'epoch': 16, 'train_loss': 0.4862373471260071, 'validation_loss': 0.11690236628055573}, {'epoch': 17, 'train_loss': 0.4659103453159332, 'validation_loss': 0.11436072736978531}, {'epoch': 18, 'train_loss': 0.4465934634208679, 'validation_loss': 0.11191410571336746}]"
stz_8h_v001,Santa Tereza · 8 h V001,8,strict_common_cohort_causal,4,15_to_16,15,16,13,707,59,28,2025-06-30T10:00:00,2025-09-21T14:00:00,20260919,True,NLinear experimental,pytorch-cpu,0.0048034000210464,28,351.4737910295386,395.2388116605185,-320.9186562816769,602.491263271911,-10.683939390667442,-10.683939390667442,268.3776020557148,1,351.4737910295386,351.4737910295386,226.82338597142393,226.82338597142393,40.0,40.0,40.0,,707.0,14.0,7.0,0.2145039439201355,59.0,125.0,"[{'epoch': 10, 'train_loss': 0.9910873770713806, 'validation_loss': 0.21674424409866333}, {'epoch': 11, 'train_loss': 0.9675567746162415, 'validation_loss': 0.21830755472183228}, {'epoch': 12, 'train_loss': 0.9453153610229492, 'validation_loss': 0.22017206251621246}, {'epoch': 13, 'train_loss': 0.9243163466453552, 'validation_loss': 0.22226713597774506}, {'epoch': 14, 'train_loss': 0.9045050740242004, 'validation_loss': 0.22452080249786377}]"
stz_8h_v001,Santa Tereza · 8 h V001,8,strict_common_cohort_causal,4,15_to_16,15,16,13,707,59,28,2025-06-30T10:00:00,2025-09-21T14:00:00,20260919,True,TSMixer experimental,pytorch-cpu,0.04348889994435012,28,106.14971681787097,141.56240286933908,-101.68545193470202,270.87697872945284,-0.4988769367206938,-0.4988769367206938,112.85095729134586,1,106.14971681787097,106.14971681787097,5.67022950888861,5.67022950888861,-1.0,1.0,1.0,,707.0,18.0,18.0,0.10024730861186981,59.0,3251.0,"[{'epoch': 14, 'train_loss': 0.44505807757377625, 'validation_loss': 0.10986274480819702}, {'epoch': 15, 'train_loss': 0.4250617027282715, 'validation_loss': 0.10710254311561584}, {'epoch': 16, 'train_loss': 0.40823066234588623, 'validation_loss': 0.10460874438285828}, {'epoch': 17, 'train_loss': 0.39374154806137085, 'validation_loss': 0.10235791653394699}, {'epoch': 18, 'train_loss': 0.38074615597724915, 'validation_loss': 0.10024730861186981}]"
stz_8h_v001,Santa Tereza · 8 h V001,8,strict_common_cohort_causal,4,15_to_16,15,16,13,707,59,28,2025-06-30T10:00:00,2025-09-21T14:00:00,20260919,True,N-BEATS experimental,pytorch-cpu,0.028262199950404465,28,46.558703188456306,51.88855215581602,-19.598344548018595,88.01833474920785,0.7986214398906547,0.7986214398906547,43.371734628116435,1,46.558703188456306,46.558703188456306,17.974949533840572,17.974949533840572,2.0,2.0,2.0,,707.0,18.0,15.0,0.015461341477930546,59.0,32510.0,"[{'epoch': 14, 'train_loss': 0.04567403346300125, 'validation_loss': 0.018255366012454033}, {'epoch': 15, 'train_loss': 0.03358030691742897, 'validation_loss': 0.015461341477930546}, {'epoch': 16, 'train_loss': 0.034589607268571854, 'validation_loss': 0.0167853981256485}, {'epoch': 17, 'train_loss': 0.04035823792219162, 'validation_loss': 0.01970045082271099}, {'epoch': 18, 'train_loss': 0.04279281944036484, 'validation_loss': 0.022190919145941734}]"
stz_8h_v001,Santa Tereza · 8 h V001,8,strict_common_cohort_causal,4,15_to_16,15,16,13,707,59,28,2025-06-30T10:00:00,2025-09-21T14:00:00,20260919,True,N-HiTS-lite experimental,pytorch-cpu,0.030430199927650392,28,117.33655046497259,139.210111042714,109.6712812187636,250.90695872615112,-0.44947819169940617,-0.44947819169940617,114.29997447555158,1,117.33655046497259,117.33655046497259,143.59570015723534,143.59570015723534,0.0,0.0,0.0,,707.0,18.0,18.0,0.019969837740063667,59.0,4657.0,"[{'epoch': 14, 'train_loss': 0.1015980988740921, 'validation_loss': 0.029192207381129265}, {'epoch': 15, 'train_loss': 0.09808260202407837, 'validation_loss': 0.0264545027166605}, {'epoch': 16, 'train_loss': 0.09432327002286911, 'validation_loss': 0.023970773443579674}, {'epoch': 17, 'train_loss': 0.09002774208784103, 'validation_loss': 0.021808912977576256}, {'epoch': 18, 'train_loss': 0.08427361398935318, 'validation_loss': 0.019969837740063667}]"
stz_8h_v001,Santa Tereza · 8 h V001,8,strict_common_cohort_causal,4,15_to_16,15,16,13,707,59,28,2025-06-30T10:00:00,2025-09-21T14:00:00,20260919,True,PatchTST experimental,pytorch-cpu,0.0654662000015378,28,385.3707358981921,413.51225979510315,-333.1135892433104,546.3609489852312,-11.789303857718258,-11.789303857718258,305.56883230781983,1,385.3707358981921,385.3707358981921,175.9461237565605,175.9461237565605,42.0,42.0,42.0,,707.0,9.0,2.0,0.09302052855491638,59.0,9601.0,"[{'epoch': 5, 'train_loss': 0.511837363243103, 'validation_loss': 0.27567994594573975}, {'epoch': 6, 'train_loss': 0.47598278522491455, 'validation_loss': 0.3196353614330292}, {'epoch': 7, 'train_loss': 0.4723791778087616, 'validation_loss': 0.3247208595275879}, {'epoch': 8, 'train_loss': 0.47666627168655396, 'validation_loss': 0.29981017112731934}, {'epoch': 9, 'train_loss': 0.473625123500824, 'validation_loss': 0.25767311453819275}]"
stz_8h_v001,Santa Tereza · 8 h V001,8,strict_common_cohort_causal,4,15_to_16,15,16,13,707,59,28,2025-06-30T10:00:00,2025-09-21T14:00:00,20260919,True,TFT-lite experimental,pytorch-cpu,0.13757879997137934,28,157.78822286579202,199.07177614456603,-107.81816023490468,419.1784455932456,-1.9640771835189117,-1.9640771835189117,113.91114147031011,1,157.78822286579202,157.78822286579202,60.28015595253288,60.28015595253288,2.0,2.0,2.0,,707.0,18.0,12.0,0.05488327145576477,59.0,14689.0,"[{'epoch': 14, 'train_loss': 0.2972032129764557, 'validation_loss': 0.08860386162996292}, {'epoch': 15, 'train_loss': 0.2755075991153717, 'validation_loss': 0.11387981474399567}, {'epoch': 16, 'train_loss': 0.2663100063800812, 'validation_loss': 0.12086251378059387}, {'epoch': 17, 'train_loss': 0.2530639171600342, 'validation_loss': 0.10284958779811859}, {'epoch': 18, 'train_loss': 0.22821688652038574, 'validation_loss': 0.07211773097515106}]"
stz_8h_v001,Santa Tereza · 8 h V001,8,strict_common_cohort_causal,4,16_to_17,16,17,14,766,28,41,2025-09-12T03:00:00,2025-10-01T13:00:00,20260919,True,Persistência,baseline,0.0,41,459.5121951219512,481.3054909407913,459.5121951219512,635.0,-29.850708094598946,-29.850708094598946,2740.92235599394,1,459.5121951219512,459.5121951219512,325.0,325.0,32.0,32.0,32.0,,,,,,,,
stz_8h_v001,Santa Tereza · 8 h V001,8,strict_common_cohort_causal,4,16_to_17,16,17,14,766,28,41,2025-09-12T03:00:00,2025-10-01T13:00:00,20260919,True,Ridge,scikit-learn,0.000851999968290329,41,35.44699394412157,43.31869210063796,2.9867084782298017,77.5928955078125,0.7500954431245133,0.7500954431245133,132.4577640805265,1,35.44699394412157,35.44699394412157,43.114227294921875,43.114227294921875,2.0,2.0,2.0,[],766.0,,,,,,
stz_8h_v001,Santa Tereza · 8 h V001,8,strict_common_cohort_causal,4,16_to_17,16,17,14,766,28,41,2025-09-12T03:00:00,2025-10-01T13:00:00,20260919,True,Elastic Net,scikit-learn,0.09469129994977266,41,35.47108124523628,44.890502836821945,0.4853872903963415,86.05303955078125,0.7316309405191734,0.7316309405191734,122.67042621637863,1,35.47108124523628,35.47108124523628,66.75924682617188,66.75924682617188,2.0,2.0,2.0,[],766.0,,,,,,
stz_8h_v001,Santa Tereza · 8 h V001,8,strict_common_cohort_causal,4,16_to_17,16,17,14,766,28,41,2025-09-12T03:00:00,2025-10-01T13:00:00,20260919,True,SVR,scikit-learn,0.0318769000004977,41,45.853748562441034,62.29240194415234,-41.198525187931516,128.46451915594838,0.4832343256466167,0.4832343256466167,233.38639044631032,1,45.853748562441034,45.853748562441034,128.46451915594838,128.46451915594838,0.0,0.0,0.0,[],766.0,,,,,,
stz_8h_v001,Santa Tereza · 8 h V001,8,strict_common_cohort_causal,4,16_to_17,16,17,14,766,28,41,2025-09-12T03:00:00,2025-10-01T13:00:00,20260919,True,MLP,scikit-learn,0.13377890002448112,41,53.866688798113564,67.56838263891541,-43.341445550685975,122.7110595703125,0.39199023987628356,0.39199023987628356,333.9034850645829,1,53.866688798113564,53.866688798113564,61.2197265625,61.2197265625,0.0,0.0,0.0,[],766.0,,,,,,
stz_8h_v001,Santa Tereza · 8 h V001,8,strict_common_cohort_causal,4,16_to_17,16,17,14,766,28,41,2025-09-12T03:00:00,2025-10-01T13:00:00,20260919,True,Random Forest,scikit-learn,2.8810772999422625,41,53.183871189852034,68.17883376099394,-11.456907588974174,159.59956017741172,0.3809544014593864,0.3809544014593864,159.02749764696784,1,53.183871189852034,53.183871189852034,125.87887792600304,125.87887792600304,4.0,4.0,4.0,[],766.0,,,,,,
stz_8h_v001,Santa Tereza · 8 h V001,8,strict_common_cohort_causal,4,16_to_17,16,17,14,766,28,41,2025-09-12T03:00:00,2025-10-01T13:00:00,20260919,True,Extra Trees,scikit-learn,1.4107050000457093,41,53.28470426065607,69.50307930870903,-11.381754234021397,161.82112874581992,0.35667327017295014,0.35667327017295014,152.7131439075283,1,53.28470426065607,53.28470426065607,147.3229791672913,147.3229791672913,4.0,4.0,4.0,[],766.0,,,,,,
stz_8h_v001,Santa Tereza · 8 h V001,8,strict_common_cohort_causal,4,16_to_17,16,17,14,766,28,41,2025-09-12T03:00:00,2025-10-01T13:00:00,20260919,True,HistGradientBoosting,scikit-learn,0.4515299000777304,41,45.1668615319784,58.39357462570773,-11.477019404560998,139.2010286992869,0.5458977773224367,0.5458977773224367,168.8706817871962,1,45.1668615319784,45.1668615319784,111.33514456687072,111.33514456687072,5.0,5.0,5.0,[],766.0,,,,,,
stz_8h_v001,Santa Tereza · 8 h V001,8,strict_common_cohort_causal,4,16_to_17,16,17,14,766,28,41,2025-09-12T03:00:00,2025-10-01T13:00:00,20260919,True,XGBoost,xgboost,0.6648257999913767,41,48.54109675709794,61.88936047290177,-6.9739491532488564,137.36471557617188,0.48989979995105803,0.48989979995105803,148.19387742900955,1,48.54109675709794,48.54109675709794,127.36886596679688,127.36886596679688,-1.0,1.0,1.0,[],766.0,,,,,,
stz_8h_v001,Santa Tereza · 8 h V001,8,strict_common_cohort_causal,4,16_to_17,16,17,14,766,28,41,2025-09-12T03:00:00,2025-10-01T13:00:00,20260919,True,LightGBM,lightgbm,0.5756702000508085,41,47.155717912848296,63.966805754762774,-11.94059393181127,139.1806865027067,0.45507989382867386,0.45507989382867386,124.42326075259844,1,47.155717912848296,47.155717912848296,132.0139191284435,132.0139191284435,-1.0,1.0,1.0,[],766.0,,,,,,
stz_8h_v001,Santa Tereza · 8 h V001,8,strict_common_cohort_causal,4,16_to_17,16,17,14,766,28,41,2025-09-12T03:00:00,2025-10-01T13:00:00,20260919,True,CatBoost,catboost,8.012487199972384,41,65.16952562367486,86.59091103831132,-35.22358579616064,203.07297604570118,0.0014538953844980274,0.0014538953844980274,172.95898958107887,1,65.16952562367486,65.16952562367486,182.20923424600892,182.20923424600892,5.0,5.0,5.0,[],766.0,,,,,,
stz_8h_v001,Santa Tereza · 8 h V001,8,strict_common_cohort_causal,4,16_to_17,16,17,14,766,28,41,2025-09-12T03:00:00,2025-10-01T13:00:00,20260919,True,CNN-1D temporal,pytorch-cpu,0.0591252000303939,41,106.09614019680089,140.7298063132885,-96.38918496594098,292.5237159291654,-1.6375195278913122,-1.6375195278913122,553.9254731513798,1,106.09614019680089,106.09614019680089,181.81241638573067,181.81241638573067,4.0,4.0,4.0,,766.0,18.0,18.0,0.09149415791034698,28.0,6145.0,"[{'epoch': 14, 'train_loss': 0.1779746264219284, 'validation_loss': 0.171203151345253}, {'epoch': 15, 'train_loss': 0.17054131627082825, 'validation_loss': 0.14860649406909943}, {'epoch': 16, 'train_loss': 0.15146037936210632, 'validation_loss': 0.1280571073293686}, {'epoch': 17, 'train_loss': 0.12502150237560272, 'validation_loss': 0.10930425673723221}, {'epoch': 18, 'train_loss': 0.09869061410427094, 'validation_loss': 0.09149415791034698}]"
stz_8h_v001,Santa Tereza · 8 h V001,8,strict_common_cohort_causal,4,16_to_17,16,17,14,766,28,41,2025-09-12T03:00:00,2025-10-01T13:00:00,20260919,True,LSTM,pytorch-cpu,0.039072300074622035,41,156.6494886973839,197.2243953760458,-141.247584192011,414.6054026593612,-4.180179042903513,-4.180179042903513,602.644767703524,1,156.6494886973839,156.6494886973839,179.2656809384364,179.2656809384364,8.0,8.0,8.0,,766.0,18.0,18.0,0.23889033496379852,28.0,8353.0,"[{'epoch': 14, 'train_loss': 0.4749071002006531, 'validation_loss': 0.34139662981033325}, {'epoch': 15, 'train_loss': 0.44124919176101685, 'validation_loss': 0.31262728571891785}, {'epoch': 16, 'train_loss': 0.40990227460861206, 'validation_loss': 0.2861422598361969}, {'epoch': 17, 'train_loss': 0.3807488679885864, 'validation_loss': 0.26165059208869934}, {'epoch': 18, 'train_loss': 0.3537098169326782, 'validation_loss': 0.23889033496379852}]"
stz_8h_v001,Santa Tereza · 8 h V001,8,strict_common_cohort_causal,4,16_to_17,16,17,14,766,28,41,2025-09-12T03:00:00,2025-10-01T13:00:00,20260919,True,GRU,pytorch-cpu,0.04065350000746548,41,125.2533408733028,148.83830659233664,-109.82580944125522,248.99014951745528,-1.950210091838652,-1.950210091838652,560.8960547697432,1,125.2533408733028,125.2533408733028,75.78905763917578,75.78905763917578,5.0,5.0,5.0,,766.0,18.0,18.0,0.1057031899690628,28.0,6273.0,"[{'epoch': 14, 'train_loss': 0.3516291379928589, 'validation_loss': 0.18258057534694672}, {'epoch': 15, 'train_loss': 0.3194587230682373, 'validation_loss': 0.1583167463541031}, {'epoch': 16, 'train_loss': 0.29060259461402893, 'validation_loss': 0.13776592910289764}, {'epoch': 17, 'train_loss': 0.26492762565612793, 'validation_loss': 0.12037400901317596}, {'epoch': 18, 'train_loss': 0.24232013523578644, 'validation_loss': 0.1057031899690628}]"
stz_8h_v001,Santa Tereza · 8 h V001,8,strict_common_cohort_causal,4,16_to_17,16,17,14,766,28,41,2025-09-12T03:00:00,2025-10-01T13:00:00,20260919,True,TCN,pytorch-cpu,0.05525480001233518,41,88.76938253306446,108.44310157205156,-53.680867623347005,211.44953939292196,-0.5661283979113065,-0.5661283979113065,382.87756562062515,1,88.76938253306446,88.76938253306446,178.40339555277,178.40339555277,38.0,38.0,38.0,,766.0,18.0,18.0,0.08286412805318832,28.0,9249.0,"[{'epoch': 14, 'train_loss': 0.09247740358114243, 'validation_loss': 0.15496842563152313}, {'epoch': 15, 'train_loss': 0.07032106071710587, 'validation_loss': 0.12427205592393875}, {'epoch': 16, 'train_loss': 0.07471387833356857, 'validation_loss': 0.1014665812253952}, {'epoch': 17, 'train_loss': 0.0902092307806015, 'validation_loss': 0.0884048342704773}, {'epoch': 18, 'train_loss': 0.10089173167943954, 'validation_loss': 0.08286412805318832}]"
stz_8h_v001,Santa Tereza · 8 h V001,8,strict_common_cohort_causal,4,16_to_17,16,17,14,766,28,41,2025-09-12T03:00:00,2025-10-01T13:00:00,20260919,True,Seq2Seq · decoder 1 passo,pytorch-cpu,0.05142239993438125,41,161.0929487888173,199.97602899046893,-157.71411134934664,417.1612119175676,-4.325732931988848,-4.325732931988848,684.467463995538,1,161.0929487888173,161.0929487888173,230.39653931463783,230.39653931463783,5.0,5.0,5.0,,766.0,18.0,18.0,0.32789501547813416,28.0,12833.0,"[{'epoch': 14, 'train_loss': 0.5752666592597961, 'validation_loss': 0.45369523763656616}, {'epoch': 15, 'train_loss': 0.5441408753395081, 'validation_loss': 0.4221692979335785}, {'epoch': 16, 'train_loss': 0.5137463808059692, 'validation_loss': 0.3906339704990387}, {'epoch': 17, 'train_loss': 0.484274297952652, 'validation_loss': 0.35917261242866516}, {'epoch': 18, 'train_loss': 0.4558495581150055, 'validation_loss': 0.32789501547813416}]"
stz_8h_v001,Santa Tereza · 8 h V001,8,strict_common_cohort_causal,4,16_to_17,16,17,14,766,28,41,2025-09-12T03:00:00,2025-10-01T13:00:00,20260919,True,Transformer temporal,pytorch-cpu,0.10215209994930774,41,109.57993875110147,152.9904999587413,-13.272451657845888,297.1013159884958,-2.117112176296507,-2.117112176296507,575.4165870254961,1,109.57993875110147,109.57993875110147,44.88594950113645,44.88594950113645,11.0,11.0,11.0,,766.0,18.0,12.0,0.02504652924835682,28.0,9729.0,"[{'epoch': 14, 'train_loss': 0.3456016778945923, 'validation_loss': 0.049440059810876846}, {'epoch': 15, 'train_loss': 0.3223661482334137, 'validation_loss': 0.077062226831913}, {'epoch': 16, 'train_loss': 0.30664587020874023, 'validation_loss': 0.1066855788230896}, {'epoch': 17, 'train_loss': 0.29624006152153015, 'validation_loss': 0.13030041754245758}, {'epoch': 18, 'train_loss': 0.28796127438545227, 'validation_loss': 0.14218387007713318}]"
stz_8h_v001,Santa Tereza · 8 h V001,8,strict_common_cohort_causal,4,16_to_17,16,17,14,766,28,41,2025-09-12T03:00:00,2025-10-01T13:00:00,20260919,True,DLinear experimental,pytorch-cpu,0.0157689000479877,41,163.81181007004693,222.67009642845548,-88.529232743514,465.26382970966347,-5.603091239766646,-5.603091239766646,738.307686262434,1,163.81181007004693,163.81181007004693,0.7546965002940738,0.7546965002940738,5.0,5.0,5.0,,766.0,18.0,18.0,0.364949494600296,28.0,64.0,"[{'epoch': 14, 'train_loss': 0.5327938199043274, 'validation_loss': 0.38566499948501587}, {'epoch': 15, 'train_loss': 0.5104380249977112, 'validation_loss': 0.38081094622612}, {'epoch': 16, 'train_loss': 0.4891391694545746, 'validation_loss': 0.37572863698005676}, {'epoch': 17, 'train_loss': 0.46886542439460754, 'validation_loss': 0.37043818831443787}, {'epoch': 18, 'train_loss': 0.4495833218097687, 'validation_loss': 0.364949494600296}]"
stz_8h_v001,Santa Tereza · 8 h V001,8,strict_common_cohort_causal,4,16_to_17,16,17,14,766,28,41,2025-09-12T03:00:00,2025-10-01T13:00:00,20260919,True,NLinear experimental,pytorch-cpu,0.011150000034831464,41,187.46387348848975,265.5842026578386,-182.1736312719078,620.8168424618058,-8.393511726397454,-8.393511726397454,527.9849452438427,1,187.46387348848975,187.46387348848975,201.20007356536695,201.20007356536695,30.0,30.0,30.0,,766.0,18.0,18.0,0.7804868817329407,28.0,125.0,"[{'epoch': 14, 'train_loss': 0.9112111926078796, 'validation_loss': 0.8282908201217651}, {'epoch': 15, 'train_loss': 0.8929779529571533, 'validation_loss': 0.8146371245384216}, {'epoch': 16, 'train_loss': 0.8757681250572205, 'validation_loss': 0.8021740317344666}, {'epoch': 17, 'train_loss': 0.859510600566864, 'validation_loss': 0.7908157706260681}, {'epoch': 18, 'train_loss': 0.8441352248191833, 'validation_loss': 0.7804868817329407}]"
stz_8h_v001,Santa Tereza · 8 h V001,8,strict_common_cohort_causal,4,16_to_17,16,17,14,766,28,41,2025-09-12T03:00:00,2025-10-01T13:00:00,20260919,True,TSMixer experimental,pytorch-cpu,0.06789619999472052,41,80.85713881983334,104.60898007220494,-27.92466713507249,208.29652261473808,-0.45734185970052565,-0.45734185970052565,559.1387295596802,1,80.85713881983334,80.85713881983334,11.29652261473808,11.29652261473808,14.0,14.0,14.0,,766.0,18.0,18.0,0.12384481728076935,28.0,3251.0,"[{'epoch': 14, 'train_loss': 0.45184868574142456, 'validation_loss': 0.20575366914272308}, {'epoch': 15, 'train_loss': 0.4320399761199951, 'validation_loss': 0.17278936505317688}, {'epoch': 16, 'train_loss': 0.41536930203437805, 'validation_loss': 0.14928388595581055}, {'epoch': 17, 'train_loss': 0.4010222554206848, 'validation_loss': 0.13364674150943756}, {'epoch': 18, 'train_loss': 0.3881623446941376, 'validation_loss': 0.12384481728076935}]"
stz_8h_v001,Santa Tereza · 8 h V001,8,strict_common_cohort_causal,4,16_to_17,16,17,14,766,28,41,2025-09-12T03:00:00,2025-10-01T13:00:00,20260919,True,N-BEATS experimental,pytorch-cpu,0.04993760003708303,41,73.47349968742047,88.92837472181297,-49.26258813869746,164.6293981746224,-0.053183906484264964,-0.053183906484264964,316.05617257778766,1,73.47349968742047,73.47349968742047,118.37545049613306,118.37545049613306,-1.0,1.0,1.0,,766.0,18.0,15.0,0.016159871593117714,28.0,32510.0,"[{'epoch': 14, 'train_loss': 0.046144288033246994, 'validation_loss': 0.016202950850129128}, {'epoch': 15, 'train_loss': 0.03446204960346222, 'validation_loss': 0.016159871593117714}, {'epoch': 16, 'train_loss': 0.035946544259786606, 'validation_loss': 0.026048213243484497}, {'epoch': 17, 'train_loss': 0.04161626100540161, 'validation_loss': 0.034605078399181366}, {'epoch': 18, 'train_loss': 0.0432615764439106, 'validation_loss': 0.03642357513308525}]"
stz_8h_v001,Santa Tereza · 8 h V001,8,strict_common_cohort_causal,4,16_to_17,16,17,14,766,28,41,2025-09-12T03:00:00,2025-10-01T13:00:00,20260919,True,N-HiTS-lite experimental,pytorch-cpu,0.028833999997004867,41,86.0257558556939,111.80259733906969,-63.49169930531252,222.6192759465473,-0.6646666917013031,-0.6646666917013031,432.666432250385,1,86.0257558556939,86.0257558556939,155.58308969141763,155.58308969141763,29.0,29.0,29.0,,766.0,18.0,13.0,0.04670468345284462,28.0,4657.0,"[{'epoch': 14, 'train_loss': 0.1023469865322113, 'validation_loss': 0.058203261345624924}, {'epoch': 15, 'train_loss': 0.09885439276695251, 'validation_loss': 0.07917948812246323}, {'epoch': 16, 'train_loss': 0.09505613893270493, 'validation_loss': 0.10154601186513901}, {'epoch': 17, 'train_loss': 0.09075255692005157, 'validation_loss': 0.11779706925153732}, {'epoch': 18, 'train_loss': 0.08505713194608688, 'validation_loss': 0.12290329486131668}]"
stz_8h_v001,Santa Tereza · 8 h V001,8,strict_common_cohort_causal,4,16_to_17,16,17,14,766,28,41,2025-09-12T03:00:00,2025-10-01T13:00:00,20260919,True,PatchTST experimental,pytorch-cpu,0.09032239997759461,41,102.88735587698297,130.403666164567,-9.949136847506328,218.3357070768859,-1.2646605066504186,-1.2646605066504186,727.787950580213,1,102.88735587698297,102.88735587698297,13.33570707688591,13.33570707688591,13.0,13.0,13.0,,766.0,18.0,11.0,0.017406003549695015,28.0,9601.0,"[{'epoch': 14, 'train_loss': 0.3490414619445801, 'validation_loss': 0.07419933378696442}, {'epoch': 15, 'train_loss': 0.33064723014831543, 'validation_loss': 0.11238265037536621}, {'epoch': 16, 'train_loss': 0.31784066557884216, 'validation_loss': 0.14515039324760437}, {'epoch': 17, 'train_loss': 0.3078344762325287, 'validation_loss': 0.16418646275997162}, {'epoch': 18, 'train_loss': 0.2979671061038971, 'validation_loss': 0.16641338169574738}]"
stz_8h_v001,Santa Tereza · 8 h V001,8,strict_common_cohort_causal,4,16_to_17,16,17,14,766,28,41,2025-09-12T03:00:00,2025-10-01T13:00:00,20260919,True,TFT-lite experimental,pytorch-cpu,0.09606430004350841,41,151.49339349331495,190.7479537269256,-137.29543351577058,413.2645966580259,-3.8455522313584938,-3.8455522313584938,526.4871299400281,1,151.49339349331495,151.49339349331495,200.03450858144845,200.03450858144845,8.0,8.0,8.0,,766.0,18.0,18.0,0.22954602539539337,28.0,14689.0,"[{'epoch': 14, 'train_loss': 0.30415481328964233, 'validation_loss': 0.2935454845428467}, {'epoch': 15, 'train_loss': 0.28224635124206543, 'validation_loss': 0.30708760023117065}, {'epoch': 16, 'train_loss': 0.2729139029979706, 'validation_loss': 0.29587602615356445}, {'epoch': 17, 'train_loss': 0.25993025302886963, 'validation_loss': 0.2636464834213257}, {'epoch': 18, 'train_loss': 0.23550064861774445, 'validation_loss': 0.22954602539539337}]"
stz_8h_v001,Santa Tereza · 8 h V001,8,strict_common_cohort_causal,4,17_to_18,17,18,15,794,41,36,2025-09-24T13:00:00,2025-10-07T12:00:00,20260919,True,Persistência,baseline,0.0,36,505.3333333333333,513.8437938171916,505.3333333333333,617.25,-73.22949084273557,-73.22949084273557,1707.0929211231955,1,505.3333333333333,505.3333333333333,465.0,465.0,8.0,8.0,8.0,,,,,,,,
stz_8h_v001,Santa Tereza · 8 h V001,8,strict_common_cohort_causal,4,17_to_18,17,18,15,794,41,36,2025-09-24T13:00:00,2025-10-07T12:00:00,20260919,True,Ridge,scikit-learn,0.0007164999842643738,36,22.731144375271267,28.972866644480217,-2.1943706936306424,53.748779296875,0.7640080517998926,0.7640080517998926,57.37136852126458,1,22.731144375271267,22.731144375271267,9.5770263671875,9.5770263671875,3.0,3.0,3.0,[],794.0,,,,,,
stz_8h_v001,Santa Tereza · 8 h V001,8,strict_common_cohort_causal,4,17_to_18,17,18,15,794,41,36,2025-09-24T13:00:00,2025-10-07T12:00:00,20260919,True,Elastic Net,scikit-learn,0.047075900016352534,36,22.1591551038954,29.096942060837648,-4.881106058756511,51.115699768066406,0.761982467196607,0.761982467196607,52.51095986173875,1,22.1591551038954,22.1591551038954,21.311614990234375,21.311614990234375,3.0,3.0,3.0,[],794.0,,,,,,
stz_8h_v001,Santa Tereza · 8 h V001,8,strict_common_cohort_causal,4,17_to_18,17,18,15,794,41,36,2025-09-24T13:00:00,2025-10-07T12:00:00,20260919,True,SVR,scikit-learn,0.016488100052811205,36,19.105816651407352,24.414031880772313,-12.267814878145991,44.721770035289325,0.8324311591969453,0.8324311591969453,61.221848347071514,1,19.105816651407352,19.105816651407352,15.052894219017844,15.052894219017844,1.0,1.0,1.0,[],794.0,,,,,,
stz_8h_v001,Santa Tereza · 8 h V001,8,strict_common_cohort_causal,4,17_to_18,17,18,15,794,41,36,2025-09-24T13:00:00,2025-10-07T12:00:00,20260919,True,MLP,scikit-learn,0.1847002999857068,36,44.3409678141276,56.76018287817087,-28.843509250217014,101.16471862792969,0.09426359770880333,0.09426359770880333,120.14498901592351,1,44.3409678141276,44.3409678141276,34.88702392578125,34.88702392578125,2.0,2.0,2.0,[],794.0,,,,,,
stz_8h_v001,Santa Tereza · 8 h V001,8,strict_common_cohort_causal,4,17_to_18,17,18,15,794,41,36,2025-09-24T13:00:00,2025-10-07T12:00:00,20260919,True,Random Forest,scikit-learn,3.0417893000412732,36,33.43289745198271,39.06851038908689,-13.084383569576062,67.9863592573789,0.5708906713622015,0.5708906713622015,87.33245669263219,1,33.43289745198271,33.43289745198271,63.04706456146164,63.04706456146164,0.0,0.0,0.0,[],794.0,,,,,,
stz_8h_v001,Santa Tereza · 8 h V001,8,strict_common_cohort_causal,4,17_to_18,17,18,15,794,41,36,2025-09-24T13:00:00,2025-10-07T12:00:00,20260919,True,Extra Trees,scikit-learn,1.4356461999705061,36,26.279135712399793,32.02916407018836,-16.78160194191309,59.401881621558715,0.711593224539443,0.711593224539443,65.04250987638635,1,26.279135712399793,26.279135712399793,54.1671348670659,54.1671348670659,0.0,0.0,0.0,[],794.0,,,,,,
stz_8h_v001,Santa Tereza · 8 h V001,8,strict_common_cohort_causal,4,17_to_18,17,18,15,794,41,36,2025-09-24T13:00:00,2025-10-07T12:00:00,20260919,True,HistGradientBoosting,scikit-learn,0.47619850002229214,36,28.282305168116537,34.082792366398046,-14.799223415723654,67.2048724554605,0.6734237571734139,0.6734237571734139,76.86816363352213,1,28.282305168116537,28.282305168116537,27.066585877862337,27.066585877862337,3.0,3.0,3.0,[],794.0,,,,,,
stz_8h_v001,Santa Tereza · 8 h V001,8,strict_common_cohort_causal,4,17_to_18,17,18,15,794,41,36,2025-09-24T13:00:00,2025-10-07T12:00:00,20260919,True,XGBoost,xgboost,0.8007511000614613,36,27.793506198459202,34.321139447273744,-8.860597398546007,61.42189025878906,0.6688401736103284,0.6688401736103284,67.33188489390133,1,27.793506198459202,27.793506198459202,42.54150390625,42.54150390625,4.0,4.0,4.0,[],794.0,,,,,,
stz_8h_v001,Santa Tereza · 8 h V001,8,strict_common_cohort_causal,4,17_to_18,17,18,15,794,41,36,2025-09-24T13:00:00,2025-10-07T12:00:00,20260919,True,LightGBM,lightgbm,0.6689734999090433,36,25.35510518023492,29.514462980138035,-15.825420193289018,50.600131141462626,0.7551026860482424,0.7551026860482424,67.54634461879931,1,25.35510518023492,25.35510518023492,30.282698641276284,30.282698641276284,0.0,0.0,0.0,[],794.0,,,,,,
stz_8h_v001,Santa Tereza · 8 h V001,8,strict_common_cohort_causal,4,17_to_18,17,18,15,794,41,36,2025-09-24T13:00:00,2025-10-07T12:00:00,20260919,True,CatBoost,catboost,8.685968899982981,36,33.298267932367935,44.61272013150433,-20.922779829263014,88.76953236421016,0.4404593301532046,0.4404593301532046,84.61123373828214,1,33.298267932367935,33.298267932367935,78.82808135038192,78.82808135038192,4.0,4.0,4.0,[],794.0,,,,,,
stz_8h_v001,Santa Tereza · 8 h V001,8,strict_common_cohort_causal,4,17_to_18,17,18,15,794,41,36,2025-09-24T13:00:00,2025-10-07T12:00:00,20260919,True,CNN-1D temporal,pytorch-cpu,0.03945789998397231,36,66.18380862901546,85.88871229593283,-65.92871856337587,158.79426352057402,-1.07389342010836,-1.07389342010836,198.2752433377446,1,66.18380862901546,66.18380862901546,95.31553447282283,95.31553447282283,5.0,5.0,5.0,,794.0,18.0,18.0,0.12627457082271576,41.0,6145.0,"[{'epoch': 14, 'train_loss': 0.175498828291893, 'validation_loss': 0.2576539218425751}, {'epoch': 15, 'train_loss': 0.1671876460313797, 'validation_loss': 0.22290171682834625}, {'epoch': 16, 'train_loss': 0.14830060303211212, 'validation_loss': 0.1872154027223587}, {'epoch': 17, 'train_loss': 0.1230081245303154, 'validation_loss': 0.1546221524477005}, {'epoch': 18, 'train_loss': 0.09802737832069397, 'validation_loss': 0.12627457082271576}]"
stz_8h_v001,Santa Tereza · 8 h V001,8,strict_common_cohort_causal,4,17_to_18,17,18,15,794,41,36,2025-09-24T13:00:00,2025-10-07T12:00:00,20260919,True,LSTM,pytorch-cpu,0.03737529995851219,36,127.092927532805,150.7096177749714,-125.9391151514232,267.86284748656146,-5.385518793343067,-5.385518793343067,388.1602090244256,1,127.092927532805,127.092927532805,109.81595421119391,109.81595421119391,5.0,5.0,5.0,,794.0,18.0,18.0,0.2540986239910126,41.0,8353.0,"[{'epoch': 14, 'train_loss': 0.4732550084590912, 'validation_loss': 0.28385522961616516}, {'epoch': 15, 'train_loss': 0.44013723731040955, 'validation_loss': 0.2778995633125305}, {'epoch': 16, 'train_loss': 0.40927571058273315, 'validation_loss': 0.27098774909973145}, {'epoch': 17, 'train_loss': 0.38053610920906067, 'validation_loss': 0.2630624771118164}, {'epoch': 18, 'train_loss': 0.3538360297679901, 'validation_loss': 0.2540986239910126}]"
stz_8h_v001,Santa Tereza · 8 h V001,8,strict_common_cohort_causal,4,17_to_18,17,18,15,794,41,36,2025-09-24T13:00:00,2025-10-07T12:00:00,20260919,True,GRU,pytorch-cpu,0.06561310007236898,36,105.39917235878488,120.69942416369315,-99.84312734423578,192.41282391146962,-3.095667075824652,-3.095667075824652,270.1609240432207,1,105.39917235878488,105.39917235878488,37.10628467866178,37.10628467866178,5.0,5.0,5.0,,794.0,18.0,18.0,0.1519169956445694,41.0,6273.0,"[{'epoch': 14, 'train_loss': 0.3559291660785675, 'validation_loss': 0.22824810445308685}, {'epoch': 15, 'train_loss': 0.32412126660346985, 'validation_loss': 0.20818382501602173}, {'epoch': 16, 'train_loss': 0.29538848996162415, 'validation_loss': 0.1886034458875656}, {'epoch': 17, 'train_loss': 0.2696089744567871, 'validation_loss': 0.1697576493024826}, {'epoch': 18, 'train_loss': 0.24668918550014496, 'validation_loss': 0.1519169956445694}]"
stz_8h_v001,Santa Tereza · 8 h V001,8,strict_common_cohort_causal,4,17_to_18,17,18,15,794,41,36,2025-09-24T13:00:00,2025-10-07T12:00:00,20260919,True,TCN,pytorch-cpu,0.021707599982619286,36,118.53534017828188,150.42812867514473,-118.12138571645573,262.8907471424899,-5.3616878612624435,-5.3616878612624435,432.6423966400698,1,118.53534017828188,118.53534017828188,153.09844087116085,153.09844087116085,9.0,9.0,9.0,,794.0,8.0,1.0,0.30454763770103455,41.0,9249.0,"[{'epoch': 4, 'train_loss': 0.6445348858833313, 'validation_loss': 0.3329131305217743}, {'epoch': 5, 'train_loss': 0.531497597694397, 'validation_loss': 0.3380354940891266}, {'epoch': 6, 'train_loss': 0.4152403473854065, 'validation_loss': 0.3398212194442749}, {'epoch': 7, 'train_loss': 0.30819374322891235, 'validation_loss': 0.33762162923812866}, {'epoch': 8, 'train_loss': 0.22557085752487183, 'validation_loss': 0.3305591642856598}]"
stz_8h_v001,Santa Tereza · 8 h V001,8,strict_common_cohort_causal,4,17_to_18,17,18,15,794,41,36,2025-09-24T13:00:00,2025-10-07T12:00:00,20260919,True,Seq2Seq · decoder 1 passo,pytorch-cpu,0.022562299971468747,36,96.46712254703566,127.08262000146071,-88.19722849311874,226.00610489324953,-3.5403211244733317,-3.5403211244733317,350.99283977601965,1,96.46712254703566,96.46712254703566,132.95276971454587,132.95276971454587,8.0,8.0,8.0,,794.0,8.0,1.0,0.24207636713981628,41.0,12833.0,"[{'epoch': 4, 'train_loss': 0.9027657508850098, 'validation_loss': 0.24969922006130219}, {'epoch': 5, 'train_loss': 0.8676701784133911, 'validation_loss': 0.2521321773529053}, {'epoch': 6, 'train_loss': 0.8329082131385803, 'validation_loss': 0.254562646150589}, {'epoch': 7, 'train_loss': 0.7985743284225464, 'validation_loss': 0.25693604350090027}, {'epoch': 8, 'train_loss': 0.764732837677002, 'validation_loss': 0.25918132066726685}]"
stz_8h_v001,Santa Tereza · 8 h V001,8,strict_common_cohort_causal,4,17_to_18,17,18,15,794,41,36,2025-09-24T13:00:00,2025-10-07T12:00:00,20260919,True,Transformer temporal,pytorch-cpu,0.07368819997645915,36,82.31243412992332,100.51063433486826,21.652701345418897,179.5809595476104,-1.8401303866249545,-1.8401303866249545,356.5677407395378,1,82.31243412992332,82.31243412992332,176.8761163063176,176.8761163063176,0.0,0.0,0.0,,794.0,18.0,13.0,0.14096306264400482,41.0,9729.0,"[{'epoch': 14, 'train_loss': 0.350795716047287, 'validation_loss': 0.14473620057106018}, {'epoch': 15, 'train_loss': 0.326416552066803, 'validation_loss': 0.15402302145957947}, {'epoch': 16, 'train_loss': 0.30933237075805664, 'validation_loss': 0.16720455884933472}, {'epoch': 17, 'train_loss': 0.29814979434013367, 'validation_loss': 0.18135470151901245}, {'epoch': 18, 'train_loss': 0.29010987281799316, 'validation_loss': 0.1927717626094818}]"
stz_8h_v001,Santa Tereza · 8 h V001,8,strict_common_cohort_causal,4,17_to_18,17,18,15,794,41,36,2025-09-24T13:00:00,2025-10-07T12:00:00,20260919,True,DLinear experimental,pytorch-cpu,0.01601050002500415,36,95.77656415566156,116.41529479428533,-57.5216545014238,194.06754905111202,-2.8100821097770408,-2.8100821097770408,262.24610068558627,1,95.77656415566156,95.77656415566156,12.800173969676052,12.800173969676052,9.0,9.0,9.0,,794.0,18.0,18.0,0.3088935911655426,41.0,64.0,"[{'epoch': 14, 'train_loss': 0.5316219925880432, 'validation_loss': 0.3180222511291504}, {'epoch': 15, 'train_loss': 0.5093112587928772, 'validation_loss': 0.3157805800437927}, {'epoch': 16, 'train_loss': 0.4880080223083496, 'validation_loss': 0.3135140836238861}, {'epoch': 17, 'train_loss': 0.46768516302108765, 'validation_loss': 0.3112192749977112}, {'epoch': 18, 'train_loss': 0.4483141005039215, 'validation_loss': 0.3088935911655426}]"
stz_8h_v001,Santa Tereza · 8 h V001,8,strict_common_cohort_causal,4,17_to_18,17,18,15,794,41,36,2025-09-24T13:00:00,2025-10-07T12:00:00,20260919,True,NLinear experimental,pytorch-cpu,0.008954400080256164,36,126.29737711885956,158.66530906847342,-111.75762875041084,291.45576746570976,-6.077472893318384,-6.077472893318384,462.29762080832694,1,126.29737711885956,126.29737711885956,94.06332559122836,94.06332559122836,9.0,9.0,9.0,,794.0,15.0,8.0,0.39011329412460327,41.0,125.0,"[{'epoch': 11, 'train_loss': 0.9701361060142517, 'validation_loss': 0.3933360278606415}, {'epoch': 12, 'train_loss': 0.9484047889709473, 'validation_loss': 0.3959183096885681}, {'epoch': 13, 'train_loss': 0.9279150366783142, 'validation_loss': 0.3990304172039032}, {'epoch': 14, 'train_loss': 0.9086076021194458, 'validation_loss': 0.402521550655365}, {'epoch': 15, 'train_loss': 0.8904169201850891, 'validation_loss': 0.4062400460243225}]"
stz_8h_v001,Santa Tereza · 8 h V001,8,strict_common_cohort_causal,4,17_to_18,17,18,15,794,41,36,2025-09-24T13:00:00,2025-10-07T12:00:00,20260919,True,TSMixer experimental,pytorch-cpu,0.029216599999926984,36,108.51873990422925,128.31789340559882,-9.285052862601523,208.28846996394356,-3.6290161182504077,-3.6290161182504077,309.36505071438063,1,108.51873990422925,108.51873990422925,39.21035024930001,39.21035024930001,30.0,30.0,30.0,,794.0,8.0,1.0,0.11112654209136963,41.0,3251.0,"[{'epoch': 4, 'train_loss': 0.919645369052887, 'validation_loss': 0.13078172504901886}, {'epoch': 5, 'train_loss': 0.8465155959129333, 'validation_loss': 0.13653436303138733}, {'epoch': 6, 'train_loss': 0.7802236080169678, 'validation_loss': 0.14072397351264954}, {'epoch': 7, 'train_loss': 0.7201744318008423, 'validation_loss': 0.1427687257528305}, {'epoch': 8, 'train_loss': 0.6659383177757263, 'validation_loss': 0.14219877123832703}]"
stz_8h_v001,Santa Tereza · 8 h V001,8,strict_common_cohort_causal,4,17_to_18,17,18,15,794,41,36,2025-09-24T13:00:00,2025-10-07T12:00:00,20260919,True,N-BEATS experimental,pytorch-cpu,0.05102959997020662,36,40.42546025205057,46.98447708898186,7.055182844442502,83.36615461601178,0.37938388813159185,0.37938388813159185,116.14036774828374,1,40.42546025205057,40.42546025205057,57.39521209349624,57.39521209349624,25.0,25.0,25.0,,794.0,18.0,13.0,0.03923652321100235,41.0,32510.0,"[{'epoch': 14, 'train_loss': 0.04554726555943489, 'validation_loss': 0.0420229434967041}, {'epoch': 15, 'train_loss': 0.033677443861961365, 'validation_loss': 0.04988432675600052}, {'epoch': 16, 'train_loss': 0.03509071469306946, 'validation_loss': 0.06041823327541351}, {'epoch': 17, 'train_loss': 0.041302330791950226, 'validation_loss': 0.07033928483724594}, {'epoch': 18, 'train_loss': 0.04370354115962982, 'validation_loss': 0.07751596719026566}]"
stz_8h_v001,Santa Tereza · 8 h V001,8,strict_common_cohort_causal,4,17_to_18,17,18,15,794,41,36,2025-09-24T13:00:00,2025-10-07T12:00:00,20260919,True,N-HiTS-lite experimental,pytorch-cpu,0.02907669998239726,36,55.255366388163644,62.125257148849975,-10.013666259016402,97.89058010874201,-0.0850522437945862,-0.0850522437945862,166.86954689367545,1,55.255366388163644,55.255366388163644,9.696377224131481,9.696377224131481,28.0,28.0,28.0,,794.0,18.0,17.0,0.06796509772539139,41.0,4657.0,"[{'epoch': 14, 'train_loss': 0.10075013339519501, 'validation_loss': 0.07540170103311539}, {'epoch': 15, 'train_loss': 0.09753244370222092, 'validation_loss': 0.07147451490163803}, {'epoch': 16, 'train_loss': 0.09408601373434067, 'validation_loss': 0.06902696192264557}, {'epoch': 17, 'train_loss': 0.09039141982793808, 'validation_loss': 0.06796509772539139}, {'epoch': 18, 'train_loss': 0.08556527644395828, 'validation_loss': 0.06805543601512909}]"
stz_8h_v001,Santa Tereza · 8 h V001,8,strict_common_cohort_causal,4,17_to_18,17,18,15,794,41,36,2025-09-24T13:00:00,2025-10-07T12:00:00,20260919,True,PatchTST experimental,pytorch-cpu,0.09157980000600219,36,87.0356910087483,106.76778016087638,30.30324689437486,189.97748553840412,-2.2047538443641788,-2.2047538443641788,372.46027655515263,1,87.0356910087483,87.0356910087483,123.47623662122794,123.47623662122794,2.0,2.0,2.0,,794.0,18.0,12.0,0.10098956525325775,41.0,9601.0,"[{'epoch': 14, 'train_loss': 0.35356807708740234, 'validation_loss': 0.1143050342798233}, {'epoch': 15, 'train_loss': 0.334710031747818, 'validation_loss': 0.12779885530471802}, {'epoch': 16, 'train_loss': 0.32133203744888306, 'validation_loss': 0.1439136564731598}, {'epoch': 17, 'train_loss': 0.31114816665649414, 'validation_loss': 0.15989899635314941}, {'epoch': 18, 'train_loss': 0.30172082781791687, 'validation_loss': 0.17265675961971283}]"
stz_8h_v001,Santa Tereza · 8 h V001,8,strict_common_cohort_causal,4,17_to_18,17,18,15,794,41,36,2025-09-24T13:00:00,2025-10-07T12:00:00,20260919,True,TFT-lite experimental,pytorch-cpu,0.09418539993930608,36,77.43256109001805,87.50776801431054,-10.048289116440024,144.85714405816023,-1.1528187349831454,-1.1528187349831454,216.72578609653718,1,77.43256109001805,77.43256109001805,14.303423340779318,14.303423340779318,7.0,7.0,7.0,,794.0,17.0,10.0,0.13044476509094238,41.0,14689.0,"[{'epoch': 13, 'train_loss': 0.34475454688072205, 'validation_loss': 0.19709989428520203}, {'epoch': 14, 'train_loss': 0.302706241607666, 'validation_loss': 0.25119301676750183}, {'epoch': 15, 'train_loss': 0.28148549795150757, 'validation_loss': 0.2973474860191345}, {'epoch': 16, 'train_loss': 0.2724760174751282, 'validation_loss': 0.31017255783081055}, {'epoch': 17, 'train_loss': 0.2594820261001587, 'validation_loss': 0.28122806549072266}]"
stz_8h_v001,Santa Tereza · 8 h V001,8,strict_common_cohort_causal,4,18_to_19,18,19,16,835,36,93,2025-10-03T05:00:00,2025-11-07T14:00:00,20260919,True,Persistência,baseline,0.0,93,580.9677419354839,626.9057482622895,569.3333333333334,949.3999999999999,-21.295621294574804,-21.295621294574804,2352.462876322775,1,580.9677419354839,580.9677419354839,510.0,510.0,30.0,30.0,30.0,,,,,,,,
stz_8h_v001,Santa Tereza · 8 h V001,8,strict_common_cohort_causal,4,18_to_19,18,19,16,835,36,93,2025-10-03T05:00:00,2025-11-07T14:00:00,20260919,True,Ridge,scikit-learn,0.0007196000078693032,93,50.84803755565356,81.17913740720543,30.590715305779568,110.16130981445284,0.6261443576637971,0.6261443576637971,107.03884450388944,1,50.84803755565356,50.84803755565356,239.5511474609375,239.5511474609375,4.0,4.0,4.0,[],835.0,,,,,,
stz_8h_v001,Santa Tereza · 8 h V001,8,strict_common_cohort_causal,4,18_to_19,18,19,16,835,36,93,2025-10-03T05:00:00,2025-11-07T14:00:00,20260919,True,Elastic Net,scikit-learn,0.042263500043191016,93,47.79130636235719,76.68605356771822,29.751609227990592,116.14285888671863,0.6663832462420594,0.6663832462420594,69.56921103790442,1,47.79130636235719,47.79130636235719,209.64990234375,209.64990234375,4.0,4.0,4.0,[],835.0,,,,,,
stz_8h_v001,Santa Tereza · 8 h V001,8,strict_common_cohort_causal,4,18_to_19,18,19,16,835,36,93,2025-10-03T05:00:00,2025-11-07T14:00:00,20260919,True,SVR,scikit-learn,0.018111899960786104,93,104.49839915806375,193.59295896695875,-64.42174917834289,567.029415366304,-1.1261514191438091,-1.1261514191438091,149.16085902706854,1,104.49839915806375,104.49839915806375,230.22842810519649,230.22842810519649,14.0,14.0,14.0,[],835.0,,,,,,
stz_8h_v001,Santa Tereza · 8 h V001,8,strict_common_cohort_causal,4,18_to_19,18,19,16,835,36,93,2025-10-03T05:00:00,2025-11-07T14:00:00,20260919,True,MLP,scikit-learn,0.14662560005672276,93,60.33350068779402,77.60121967440138,19.573336037256386,158.2013488769531,0.658373014029161,0.658373014029161,149.53796265644982,1,60.33350068779402,60.33350068779402,173.45062255859375,173.45062255859375,2.0,2.0,2.0,[],835.0,,,,,,
stz_8h_v001,Santa Tereza · 8 h V001,8,strict_common_cohort_causal,4,18_to_19,18,19,16,835,36,93,2025-10-03T05:00:00,2025-11-07T14:00:00,20260919,True,Random Forest,scikit-learn,2.7002999000251293,93,61.02601165043835,78.71996495084156,4.7387572822607105,154.49707205520414,0.6484518157984035,0.6484518157984035,211.05581971937127,1,61.02601165043835,61.02601165043835,29.720594510615626,29.720594510615626,13.0,13.0,13.0,[],835.0,,,,,,
stz_8h_v001,Santa Tereza · 8 h V001,8,strict_common_cohort_causal,4,18_to_19,18,19,16,835,36,93,2025-10-03T05:00:00,2025-11-07T14:00:00,20260919,True,Extra Trees,scikit-learn,1.3263010999653488,93,58.98263482582913,75.01123329640863,-1.7976748852776667,160.33862547007837,0.6807964689466077,0.6807964689466077,180.16068307913193,1,58.98263482582913,58.98263482582913,80.50680888950967,80.50680888950967,14.0,14.0,14.0,[],835.0,,,,,,
stz_8h_v001,Santa Tereza · 8 h V001,8,strict_common_cohort_causal,4,18_to_19,18,19,16,835,36,93,2025-10-03T05:00:00,2025-11-07T14:00:00,20260919,True,HistGradientBoosting,scikit-learn,0.5342794999014586,93,69.82720767051082,98.31017753622987,25.29838721813254,188.93623874743128,0.45170784030107636,0.45170784030107636,214.44390973144726,1,69.82720767051082,69.82720767051082,149.33651001520616,149.33651001520616,13.0,13.0,13.0,[],835.0,,,,,,
stz_8h_v001,Santa Tereza · 8 h V001,8,strict_common_cohort_causal,4,18_to_19,18,19,16,835,36,93,2025-10-03T05:00:00,2025-11-07T14:00:00,20260919,True,XGBoost,xgboost,0.7983367000706494,93,61.07596022082913,83.05264024733975,22.2878664078251,173.91845703124991,0.6086890855100977,0.6086890855100977,226.93697665405267,1,61.07596022082913,61.07596022082913,78.30096435546875,78.30096435546875,12.0,12.0,12.0,[],835.0,,,,,,
stz_8h_v001,Santa Tereza · 8 h V001,8,strict_common_cohort_causal,4,18_to_19,18,19,16,835,36,93,2025-10-03T05:00:00,2025-11-07T14:00:00,20260919,True,LightGBM,lightgbm,0.6225526999915019,93,68.0812504333118,92.71924267303922,20.546464246907984,187.24042984009878,0.5122976746431744,0.5122976746431744,247.53482570426658,1,68.0812504333118,68.0812504333118,131.4609459676787,131.4609459676787,13.0,13.0,13.0,[],835.0,,,,,,
stz_8h_v001,Santa Tereza · 8 h V001,8,strict_common_cohort_causal,4,18_to_19,18,19,16,835,36,93,2025-10-03T05:00:00,2025-11-07T14:00:00,20260919,True,CatBoost,catboost,8.64479129994288,93,55.120574693361675,71.11159399974758,-0.5126155585633707,139.31261900739918,0.7131228866081119,0.7131228866081119,133.82549396367094,1,55.120574693361675,55.120574693361675,47.48080649592487,47.48080649592487,6.0,6.0,6.0,[],835.0,,,,,,
stz_8h_v001,Santa Tereza · 8 h V001,8,strict_common_cohort_causal,4,18_to_19,18,19,16,835,36,93,2025-10-03T05:00:00,2025-11-07T14:00:00,20260919,True,CNN-1D temporal,pytorch-cpu,0.055700100027024746,93,112.62805487806764,140.94214666665195,-29.921086383203818,278.9607839678597,-0.12692973617503722,-0.12692973617503722,362.8208219519409,1,112.62805487806764,112.62805487806764,257.459046808115,257.459046808115,4.0,4.0,4.0,,835.0,18.0,18.0,0.04115831106901169,36.0,6145.0,"[{'epoch': 14, 'train_loss': 0.1764828860759735, 'validation_loss': 0.12956970930099487}, {'epoch': 15, 'train_loss': 0.16936957836151123, 'validation_loss': 0.1038961261510849}, {'epoch': 16, 'train_loss': 0.15204542875289917, 'validation_loss': 0.07894571870565414}, {'epoch': 17, 'train_loss': 0.127528578042984, 'validation_loss': 0.057388417422771454}, {'epoch': 18, 'train_loss': 0.10219833254814148, 'validation_loss': 0.04115831106901169}]"
stz_8h_v001,Santa Tereza · 8 h V001,8,strict_common_cohort_causal,4,18_to_19,18,19,16,835,36,93,2025-10-03T05:00:00,2025-11-07T14:00:00,20260919,True,LSTM,pytorch-cpu,0.017524999915622175,93,214.59084579871828,287.5286080843564,-28.23711677713151,602.812645423736,-3.6900470427821572,-3.6900470427821572,595.9033492067337,1,214.59084579871828,214.59084579871828,38.93261186935405,38.93261186935405,30.0,30.0,30.0,,835.0,8.0,1.0,0.14983387291431427,36.0,8353.0,"[{'epoch': 4, 'train_loss': 0.9887433052062988, 'validation_loss': 0.15319113433361053}, {'epoch': 5, 'train_loss': 0.920570433139801, 'validation_loss': 0.15436671674251556}, {'epoch': 6, 'train_loss': 0.856274425983429, 'validation_loss': 0.15540000796318054}, {'epoch': 7, 'train_loss': 0.7960867285728455, 'validation_loss': 0.15622447431087494}, {'epoch': 8, 'train_loss': 0.7401472926139832, 'validation_loss': 0.15678852796554565}]"
stz_8h_v001,Santa Tereza · 8 h V001,8,strict_common_cohort_causal,4,18_to_19,18,19,16,835,36,93,2025-10-03T05:00:00,2025-11-07T14:00:00,20260919,True,GRU,pytorch-cpu,0.04032919998280704,93,123.33361275316149,156.32436190429056,-67.86153215734757,336.0871592163038,-0.3863356909449618,-0.3863356909449618,331.4321875472811,1,123.33361275316149,123.33361275316149,14.813629141237357,14.813629141237357,14.0,14.0,14.0,,835.0,18.0,18.0,0.0833287313580513,36.0,6273.0,"[{'epoch': 14, 'train_loss': 0.3605453073978424, 'validation_loss': 0.14948414266109467}, {'epoch': 15, 'train_loss': 0.3287712037563324, 'validation_loss': 0.13183635473251343}, {'epoch': 16, 'train_loss': 0.3000655770301819, 'validation_loss': 0.11468964070081711}, {'epoch': 17, 'train_loss': 0.27431368827819824, 'validation_loss': 0.09840211272239685}, {'epoch': 18, 'train_loss': 0.2514236271381378, 'validation_loss': 0.0833287313580513}]"
stz_8h_v001,Santa Tereza · 8 h V001,8,strict_common_cohort_causal,4,18_to_19,18,19,16,835,36,93,2025-10-03T05:00:00,2025-11-07T14:00:00,20260919,True,TCN,pytorch-cpu,0.023797699948772788,93,178.728842045516,248.39872923946297,-48.0183777373615,605.3854220818989,-2.500368882855648,-2.500368882855648,529.6952266464478,1,178.728842045516,178.728842045516,123.82019319025835,123.82019319025835,16.0,16.0,16.0,,835.0,8.0,1.0,0.1368042528629303,36.0,9249.0,"[{'epoch': 4, 'train_loss': 0.6476735472679138, 'validation_loss': 0.1510123610496521}, {'epoch': 5, 'train_loss': 0.5353482961654663, 'validation_loss': 0.15499591827392578}, {'epoch': 6, 'train_loss': 0.4194668233394623, 'validation_loss': 0.1588752418756485}, {'epoch': 7, 'train_loss': 0.31230223178863525, 'validation_loss': 0.1626369059085846}, {'epoch': 8, 'train_loss': 0.22873052954673767, 'validation_loss': 0.16440285742282867}]"
stz_8h_v001,Santa Tereza · 8 h V001,8,strict_common_cohort_causal,4,18_to_19,18,19,16,835,36,93,2025-10-03T05:00:00,2025-11-07T14:00:00,20260919,True,Seq2Seq · decoder 1 passo,pytorch-cpu,0.031905599986203015,93,191.89314168531692,258.06175762005404,-11.128520721929627,605.8311318315735,-2.7780036806527333,-2.7780036806527333,569.4064706427259,1,191.89314168531692,191.89314168531692,80.67714489740104,80.67714489740104,30.0,30.0,30.0,,835.0,8.0,1.0,0.0975249707698822,36.0,12833.0,"[{'epoch': 4, 'train_loss': 0.9047173261642456, 'validation_loss': 0.10397343337535858}, {'epoch': 5, 'train_loss': 0.870236337184906, 'validation_loss': 0.10636606812477112}, {'epoch': 6, 'train_loss': 0.8360938429832458, 'validation_loss': 0.1089038997888565}, {'epoch': 7, 'train_loss': 0.8023849129676819, 'validation_loss': 0.11155658215284348}, {'epoch': 8, 'train_loss': 0.7691551446914673, 'validation_loss': 0.11427995562553406}]"
stz_8h_v001,Santa Tereza · 8 h V001,8,strict_common_cohort_causal,4,18_to_19,18,19,16,835,36,93,2025-10-03T05:00:00,2025-11-07T14:00:00,20260919,True,Transformer temporal,pytorch-cpu,0.04408080002758652,93,280.28390209191446,366.3480871671976,3.052390121450823,850.1879296361086,-6.613825718215415,-6.613825718215415,641.1396428250004,1,280.28390209191446,280.28390209191446,210.72261867398902,210.72261867398902,21.0,21.0,21.0,,835.0,8.0,1.0,0.06220263987779617,36.0,9729.0,"[{'epoch': 4, 'train_loss': 0.6631286144256592, 'validation_loss': 0.2706616520881653}, {'epoch': 5, 'train_loss': 0.5566211938858032, 'validation_loss': 0.2990151345729828}, {'epoch': 6, 'train_loss': 0.5118123888969421, 'validation_loss': 0.2880750894546509}, {'epoch': 7, 'train_loss': 0.4970344305038452, 'validation_loss': 0.25742658972740173}, {'epoch': 8, 'train_loss': 0.4939699172973633, 'validation_loss': 0.22210921347141266}]"
stz_8h_v001,Santa Tereza · 8 h V001,8,strict_common_cohort_causal,4,18_to_19,18,19,16,835,36,93,2025-10-03T05:00:00,2025-11-07T14:00:00,20260919,True,DLinear experimental,pytorch-cpu,0.016240200027823448,93,214.78567765759695,290.8044732630182,45.96407572782654,706.9843832980646,-3.797524932287282,-3.797524932287282,937.4002202739903,1,214.78567765759695,214.78567765759695,605.6687677311278,605.6687677311278,3.0,3.0,3.0,,835.0,18.0,18.0,0.08524814248085022,36.0,64.0,"[{'epoch': 14, 'train_loss': 0.5426208972930908, 'validation_loss': 0.09571090340614319}, {'epoch': 15, 'train_loss': 0.520413875579834, 'validation_loss': 0.09290964156389236}, {'epoch': 16, 'train_loss': 0.4991892874240875, 'validation_loss': 0.09023480862379074}, {'epoch': 17, 'train_loss': 0.4789186418056488, 'validation_loss': 0.08768216520547867}, {'epoch': 18, 'train_loss': 0.4595727026462555, 'validation_loss': 0.08524814248085022}]"
stz_8h_v001,Santa Tereza · 8 h V001,8,strict_common_cohort_causal,4,18_to_19,18,19,16,835,36,93,2025-10-03T05:00:00,2025-11-07T14:00:00,20260919,True,NLinear experimental,pytorch-cpu,0.010929599986411631,93,188.1450221563224,247.0562542250725,-37.69576080377301,483.8711915496741,-2.4626355221170892,-2.4626355221170892,462.6860092334804,1,188.1450221563224,188.1450221563224,69.07591767218435,69.07591767218435,26.0,26.0,26.0,,835.0,18.0,13.0,0.14881253242492676,36.0,125.0,"[{'epoch': 14, 'train_loss': 0.9169749617576599, 'validation_loss': 0.1489410698413849}, {'epoch': 15, 'train_loss': 0.8992668390274048, 'validation_loss': 0.1492190808057785}, {'epoch': 16, 'train_loss': 0.8825727701187134, 'validation_loss': 0.14960308372974396}, {'epoch': 17, 'train_loss': 0.8668113350868225, 'validation_loss': 0.15005312860012054}, {'epoch': 18, 'train_loss': 0.851902186870575, 'validation_loss': 0.15053492784500122}]"
stz_8h_v001,Santa Tereza · 8 h V001,8,strict_common_cohort_causal,4,18_to_19,18,19,16,835,36,93,2025-10-03T05:00:00,2025-11-07T14:00:00,20260919,True,TSMixer experimental,pytorch-cpu,0.06774690002202988,93,137.4833838558512,173.14155276482194,-95.66024736725252,345.37425084283564,-0.7006607593836534,-0.7006607593836534,451.90777094982104,1,137.4833838558512,137.4833838558512,153.48769457414323,153.48769457414323,6.0,6.0,6.0,,835.0,18.0,18.0,0.03917128965258598,36.0,3251.0,"[{'epoch': 14, 'train_loss': 0.45049452781677246, 'validation_loss': 0.06191381439566612}, {'epoch': 15, 'train_loss': 0.4305781126022339, 'validation_loss': 0.05423068255186081}, {'epoch': 16, 'train_loss': 0.4140707850456238, 'validation_loss': 0.04771868884563446}, {'epoch': 17, 'train_loss': 0.40017250180244446, 'validation_loss': 0.04270070046186447}, {'epoch': 18, 'train_loss': 0.3879987597465515, 'validation_loss': 0.03917128965258598}]"
stz_8h_v001,Santa Tereza · 8 h V001,8,strict_common_cohort_causal,4,18_to_19,18,19,16,835,36,93,2025-10-03T05:00:00,2025-11-07T14:00:00,20260919,True,N-BEATS experimental,pytorch-cpu,0.05021999997552484,93,82.86332143303295,106.17282429835153,13.853761587992306,203.18165384551526,0.36049813512205475,0.36049813512205475,214.94931514332598,1,82.86332143303295,82.86332143303295,229.04012378866173,229.04012378866173,2.0,2.0,2.0,,835.0,18.0,14.0,0.00860921572893858,36.0,32510.0,"[{'epoch': 14, 'train_loss': 0.04701859876513481, 'validation_loss': 0.00860921572893858}, {'epoch': 15, 'train_loss': 0.03470773622393608, 'validation_loss': 0.010129564441740513}, {'epoch': 16, 'train_loss': 0.03636237606406212, 'validation_loss': 0.015375801362097263}, {'epoch': 17, 'train_loss': 0.042784858494997025, 'validation_loss': 0.02153412252664566}, {'epoch': 18, 'train_loss': 0.04504150152206421, 'validation_loss': 0.026441389694809914}]"
stz_8h_v001,Santa Tereza · 8 h V001,8,strict_common_cohort_causal,4,18_to_19,18,19,16,835,36,93,2025-10-03T05:00:00,2025-11-07T14:00:00,20260919,True,N-HiTS-lite experimental,pytorch-cpu,0.029069500043988228,93,105.96789495709294,175.50200571671002,10.082205559751097,317.4061751280055,-0.7473473402506949,-0.7473473402506949,371.7131110704919,1,105.96789495709294,105.96789495709294,697.1260844756976,697.1260844756976,4.0,4.0,4.0,,835.0,18.0,18.0,0.022794507443904877,36.0,4657.0,"[{'epoch': 14, 'train_loss': 0.1031738817691803, 'validation_loss': 0.030680013820528984}, {'epoch': 15, 'train_loss': 0.1001698449254036, 'validation_loss': 0.02867896296083927}, {'epoch': 16, 'train_loss': 0.09694737195968628, 'validation_loss': 0.02653152123093605}, {'epoch': 17, 'train_loss': 0.09350895136594772, 'validation_loss': 0.024522265419363976}, {'epoch': 18, 'train_loss': 0.08892357349395752, 'validation_loss': 0.022794507443904877}]"
stz_8h_v001,Santa Tereza · 8 h V001,8,strict_common_cohort_causal,4,18_to_19,18,19,16,835,36,93,2025-10-03T05:00:00,2025-11-07T14:00:00,20260919,True,PatchTST experimental,pytorch-cpu,0.03810370003338903,93,271.18442881328224,357.2686878049212,4.668407480189711,827.9945849236101,-6.241107329182891,-6.241107329182891,593.4819982289442,1,271.18442881328224,271.18442881328224,182.97034568592676,182.97034568592676,23.0,23.0,23.0,,835.0,8.0,1.0,0.03943537920713425,36.0,9601.0,"[{'epoch': 4, 'train_loss': 0.6338359713554382, 'validation_loss': 0.25625836849212646}, {'epoch': 5, 'train_loss': 0.5351347923278809, 'validation_loss': 0.2964419722557068}, {'epoch': 6, 'train_loss': 0.5007891654968262, 'validation_loss': 0.2908734083175659}, {'epoch': 7, 'train_loss': 0.4929506182670593, 'validation_loss': 0.25794753432273865}, {'epoch': 8, 'train_loss': 0.4913736879825592, 'validation_loss': 0.21614472568035126}]"
stz_8h_v001,Santa Tereza · 8 h V001,8,strict_common_cohort_causal,4,18_to_19,18,19,16,835,36,93,2025-10-03T05:00:00,2025-11-07T14:00:00,20260919,True,TFT-lite experimental,pytorch-cpu,0.09344029997009784,93,149.04442790025692,186.18981798441482,75.12345578314786,376.12107347513904,-0.9666493355499297,-0.9666493355499297,601.1163411967445,1,149.04442790025692,149.04442790025692,7.744788940950627,7.744788940950627,16.0,16.0,16.0,,835.0,17.0,10.0,0.049184754490852356,36.0,14689.0,"[{'epoch': 13, 'train_loss': 0.35369807481765747, 'validation_loss': 0.09142521023750305}, {'epoch': 14, 'train_loss': 0.3114967346191406, 'validation_loss': 0.13680130243301392}, {'epoch': 15, 'train_loss': 0.28984904289245605, 'validation_loss': 0.17993582785129547}, {'epoch': 16, 'train_loss': 0.28060582280158997, 'validation_loss': 0.19686146080493927}, {'epoch': 17, 'train_loss': 0.2677885591983795, 'validation_loss': 0.1777449995279312}]"
stz_8h_v001,Santa Tereza · 8 h V001,8,strict_common_cohort_causal,4,21_to_22,21,22,19,971,62,17,2026-06-30T11:00:00,2026-07-21T12:00:00,20260919,True,Persistência,baseline,0.0,17,1168.6470588235295,1253.983089293988,1168.6470588235295,1710.2,-93.1992870663716,-93.1992870663716,738.6838766209526,1,1168.6470588235295,1168.6470588235295,1212.0,1212.0,34.0,34.0,34.0,,,,,,,,
stz_8h_v001,Santa Tereza · 8 h V001,8,strict_common_cohort_causal,4,21_to_22,21,22,19,971,62,17,2026-06-30T11:00:00,2026-07-21T12:00:00,20260919,True,Ridge,scikit-learn,0.0007652000058442354,17,63.59727388269761,76.52711153451352,-46.90366318646599,125.85132446289062,0.6491714736282987,0.6491714736282987,33.79137985192382,1,63.59727388269761,63.59727388269761,130.57595825195312,130.57595825195312,0.0,0.0,0.0,[],971.0,,,,,,
stz_8h_v001,Santa Tereza · 8 h V001,8,strict_common_cohort_causal,4,21_to_22,21,22,19,971,62,17,2026-06-30T11:00:00,2026-07-21T12:00:00,20260919,True,Elastic Net,scikit-learn,0.05961970007047057,17,60.44357120289522,72.29027156267951,-46.78482235179228,111.3789794921875,0.6869426038487888,0.6869426038487888,32.44561177913427,1,60.44357120289522,60.44357120289522,108.77545166015625,108.77545166015625,0.0,0.0,0.0,"['Objective did not converge. You might want to increase the number of iterations, check the scale of the features or consider increasing regularisation. Duality gap: 1.028781e-01, tolerance: 9.710e-02']",971.0,,,,,,
stz_8h_v001,Santa Tereza · 8 h V001,8,strict_common_cohort_causal,4,21_to_22,21,22,19,971,62,17,2026-06-30T11:00:00,2026-07-21T12:00:00,20260919,True,SVR,scikit-learn,0.026939400006085634,17,82.44778743955044,122.2032892723182,-60.77169596034886,241.53904098227443,0.1053976231759084,0.1053976231759084,38.17315647760991,1,82.44778743955044,82.44778743955044,293.07418124542244,293.07418124542244,0.0,0.0,0.0,[],971.0,,,,,,
stz_8h_v001,Santa Tereza · 8 h V001,8,strict_common_cohort_causal,4,21_to_22,21,22,19,971,62,17,2026-06-30T11:00:00,2026-07-21T12:00:00,20260919,True,MLP,scikit-learn,0.14574710000306368,17,76.12980741613052,93.34282104415901,-36.829521627987134,165.158984375,0.478053366691057,0.478053366691057,39.48201513344763,1,76.12980741613052,76.12980741613052,34.8106689453125,34.8106689453125,0.0,0.0,0.0,[],971.0,,,,,,
stz_8h_v001,Santa Tereza · 8 h V001,8,strict_common_cohort_causal,4,21_to_22,21,22,19,971,62,17,2026-06-30T11:00:00,2026-07-21T12:00:00,20260919,True,Random Forest,scikit-learn,3.87053770001512,17,71.28572497918424,114.91350899677482,-36.884532615001305,255.63511145571684,0.20894545667300313,0.20894545667300313,35.42605302369803,1,71.28572497918424,71.28572497918424,112.04299950625489,112.04299950625489,0.0,0.0,0.0,[],971.0,,,,,,
stz_8h_v001,Santa Tereza · 8 h V001,8,strict_common_cohort_causal,4,21_to_22,21,22,19,971,62,17,2026-06-30T11:00:00,2026-07-21T12:00:00,20260919,True,Extra Trees,scikit-learn,1.8802712000906467,17,61.6956353479311,79.59716014234567,-36.78118949101323,156.35746952650715,0.6204583835539229,0.6204583835539229,30.9712036988459,1,61.6956353479311,61.6956353479311,149.93802267052843,149.93802267052843,0.0,0.0,0.0,[],971.0,,,,,,
stz_8h_v001,Santa Tereza · 8 h V001,8,strict_common_cohort_causal,4,21_to_22,21,22,19,971,62,17,2026-06-30T11:00:00,2026-07-21T12:00:00,20260919,True,HistGradientBoosting,scikit-learn,0.5570711999898776,17,136.15275376379282,234.99076376411264,-97.28611446645012,542.1707734798094,-2.3080025974243368,-2.3080025974243368,59.99084753743391,1,136.15275376379282,136.15275376379282,81.65977756891141,81.65977756891141,0.0,0.0,0.0,[],971.0,,,,,,
stz_8h_v001,Santa Tereza · 8 h V001,8,strict_common_cohort_causal,4,21_to_22,21,22,19,971,62,17,2026-06-30T11:00:00,2026-07-21T12:00:00,20260919,True,XGBoost,xgboost,0.757191100041382,17,61.99203311695772,84.89412554366609,-18.130791159237134,174.06533203124997,0.5682627362777666,0.5682627362777666,35.8498891584621,1,61.99203311695772,61.99203311695772,68.89666748046875,68.89666748046875,0.0,0.0,0.0,[],971.0,,,,,,
stz_8h_v001,Santa Tereza · 8 h V001,8,strict_common_cohort_causal,4,21_to_22,21,22,19,971,62,17,2026-06-30T11:00:00,2026-07-21T12:00:00,20260919,True,LightGBM,lightgbm,0.7980360999936238,17,63.00425023774604,84.31388159278609,26.12344143843302,166.9686912651241,0.5741443403817513,0.5741443403817513,32.13638586734997,1,63.00425023774604,63.00425023774604,66.84264386200346,66.84264386200346,0.0,0.0,0.0,[],971.0,,,,,,
stz_8h_v001,Santa Tereza · 8 h V001,8,strict_common_cohort_causal,4,21_to_22,21,22,19,971,62,17,2026-06-30T11:00:00,2026-07-21T12:00:00,20260919,True,CatBoost,catboost,8.410421499982476,17,64.93399893754895,90.19455650172395,-46.89254337971258,192.615710923634,0.5126680208173899,0.5126680208173899,29.6259594017226,1,64.93399893754895,64.93399893754895,99.67226721749591,99.67226721749591,0.0,0.0,0.0,[],971.0,,,,,,
stz_8h_v001,Santa Tereza · 8 h V001,8,strict_common_cohort_causal,4,21_to_22,21,22,19,971,62,17,2026-06-30T11:00:00,2026-07-21T12:00:00,20260919,True,CNN-1D temporal,pytorch-cpu,0.04441229999065399,17,209.3008651253851,245.17939618542022,-154.3241546578049,379.1407172300368,-2.601075265490118,-2.601075265490118,116.60742571079861,1,209.3008651253851,209.3008651253851,78.17177395191521,78.17177395191521,0.0,0.0,0.0,,971.0,18.0,18.0,0.0901627391576767,62.0,6145.0,"[{'epoch': 14, 'train_loss': 0.17857366800308228, 'validation_loss': 0.10406363755464554}, {'epoch': 15, 'train_loss': 0.17175088822841644, 'validation_loss': 0.0990338996052742}, {'epoch': 16, 'train_loss': 0.156607985496521, 'validation_loss': 0.09445279091596603}, {'epoch': 17, 'train_loss': 0.13479886949062347, 'validation_loss': 0.09146935492753983}, {'epoch': 18, 'train_loss': 0.11185585707426071, 'validation_loss': 0.0901627391576767}]"
stz_8h_v001,Santa Tereza · 8 h V001,8,strict_common_cohort_causal,4,21_to_22,21,22,19,971,62,17,2026-06-30T11:00:00,2026-07-21T12:00:00,20260919,True,LSTM,pytorch-cpu,0.042254699976183474,17,173.50695490332723,220.76512991834787,153.3578624714277,434.7604210712485,-1.919612475342079,-1.919612475342079,82.71390512202116,1,173.50695490332723,173.50695490332723,54.39660156891432,54.39660156891432,34.0,34.0,34.0,,971.0,18.0,18.0,0.06778305768966675,62.0,8353.0,"[{'epoch': 14, 'train_loss': 0.5013816952705383, 'validation_loss': 0.09174506366252899}, {'epoch': 15, 'train_loss': 0.46883872151374817, 'validation_loss': 0.08456704765558243}, {'epoch': 16, 'train_loss': 0.4383496940135956, 'validation_loss': 0.0782228335738182}, {'epoch': 17, 'train_loss': 0.4098053574562073, 'validation_loss': 0.0726514607667923}, {'epoch': 18, 'train_loss': 0.3831430673599243, 'validation_loss': 0.06778305768966675}]"
stz_8h_v001,Santa Tereza · 8 h V001,8,strict_common_cohort_causal,4,21_to_22,21,22,19,971,62,17,2026-06-30T11:00:00,2026-07-21T12:00:00,20260919,True,GRU,pytorch-cpu,0.07768800004851073,17,85.50758771784552,105.69590532142288,59.92678016030449,189.7089144810475,0.33076201604386946,0.33076201604386946,64.52089208114342,1,85.50758771784552,85.50758771784552,166.3928064784077,166.3928064784077,63.0,63.0,63.0,,971.0,18.0,18.0,0.052039872854948044,62.0,6273.0,"[{'epoch': 14, 'train_loss': 0.3769732713699341, 'validation_loss': 0.0887090265750885}, {'epoch': 15, 'train_loss': 0.34499722719192505, 'validation_loss': 0.07810003310441971}, {'epoch': 16, 'train_loss': 0.3160824179649353, 'validation_loss': 0.06830185651779175}, {'epoch': 17, 'train_loss': 0.29016876220703125, 'validation_loss': 0.05953678488731384}, {'epoch': 18, 'train_loss': 0.2672055661678314, 'validation_loss': 0.052039872854948044}]"
stz_8h_v001,Santa Tereza · 8 h V001,8,strict_common_cohort_causal,4,21_to_22,21,22,19,971,62,17,2026-06-30T11:00:00,2026-07-21T12:00:00,20260919,True,TCN,pytorch-cpu,0.07620719994883984,17,241.3787160387193,297.66045073306947,-203.00778700925426,485.9648467047761,-4.307701937599852,-4.307701937599852,123.19062765521397,1,241.3787160387193,241.3787160387193,11.365471303072695,11.365471303072695,0.0,0.0,0.0,,971.0,18.0,13.0,0.05911087617278099,62.0,9249.0,"[{'epoch': 14, 'train_loss': 0.10777048021554947, 'validation_loss': 0.06022559851408005}, {'epoch': 15, 'train_loss': 0.08029785752296448, 'validation_loss': 0.06912250816822052}, {'epoch': 16, 'train_loss': 0.08058948814868927, 'validation_loss': 0.07962176948785782}, {'epoch': 17, 'train_loss': 0.09631229192018509, 'validation_loss': 0.08581661432981491}, {'epoch': 18, 'train_loss': 0.108143150806427, 'validation_loss': 0.08564038574695587}]"
stz_8h_v001,Santa Tereza · 8 h V001,8,strict_common_cohort_causal,4,21_to_22,21,22,19,971,62,17,2026-06-30T11:00:00,2026-07-21T12:00:00,20260919,True,Seq2Seq · decoder 1 passo,pytorch-cpu,0.06188179994933307,17,270.77153229861,327.89532477709304,232.33191710757163,577.0082906203971,-5.440724238724598,-5.440724238724598,128.3958946601458,1,270.77153229861,270.77153229861,79.29709637703945,79.29709637703945,34.0,34.0,34.0,,971.0,18.0,18.0,0.08166047930717468,62.0,12833.0,"[{'epoch': 14, 'train_loss': 0.5839359760284424, 'validation_loss': 0.10856841504573822}, {'epoch': 15, 'train_loss': 0.5542157888412476, 'validation_loss': 0.10067392885684967}, {'epoch': 16, 'train_loss': 0.525322675704956, 'validation_loss': 0.09352125972509384}, {'epoch': 17, 'train_loss': 0.49738797545433044, 'validation_loss': 0.08717671036720276}, {'epoch': 18, 'train_loss': 0.47050413489341736, 'validation_loss': 0.08166047930717468}]"
stz_8h_v001,Santa Tereza · 8 h V001,8,strict_common_cohort_causal,4,21_to_22,21,22,19,971,62,17,2026-06-30T11:00:00,2026-07-21T12:00:00,20260919,True,Transformer temporal,pytorch-cpu,0.060665199998766184,17,411.51983236965714,482.3099044726841,345.1656019499479,729.2484441210353,-12.935309451056845,-12.935309451056845,197.16068693277478,1,411.51983236965714,411.51983236965714,239.7075445621756,239.7075445621756,34.0,34.0,34.0,,971.0,10.0,3.0,0.09699243307113647,62.0,9729.0,"[{'epoch': 6, 'train_loss': 0.5166417360305786, 'validation_loss': 0.22598545253276825}, {'epoch': 7, 'train_loss': 0.49905216693878174, 'validation_loss': 0.2608165144920349}, {'epoch': 8, 'train_loss': 0.4950343072414398, 'validation_loss': 0.27849218249320984}, {'epoch': 9, 'train_loss': 0.4926702678203583, 'validation_loss': 0.27629759907722473}, {'epoch': 10, 'train_loss': 0.48373058438301086, 'validation_loss': 0.25594794750213623}]"
stz_8h_v001,Santa Tereza · 8 h V001,8,strict_common_cohort_causal,4,21_to_22,21,22,19,971,62,17,2026-06-30T11:00:00,2026-07-21T12:00:00,20260919,True,DLinear experimental,pytorch-cpu,0.01643700001295656,17,136.38256548090854,190.95337624462263,24.172392250479295,325.78821607720863,-1.1843334646565133,-1.1843334646565133,120.37744959811907,1,136.38256548090854,136.38256548090854,110.5267611153563,110.5267611153563,51.0,51.0,51.0,,971.0,18.0,18.0,0.1287871152162552,62.0,64.0,"[{'epoch': 14, 'train_loss': 0.572698712348938, 'validation_loss': 0.14774048328399658}, {'epoch': 15, 'train_loss': 0.5500898361206055, 'validation_loss': 0.1426200419664383}, {'epoch': 16, 'train_loss': 0.5285313725471497, 'validation_loss': 0.13776043057441711}, {'epoch': 17, 'train_loss': 0.5079860091209412, 'validation_loss': 0.1331523209810257}, {'epoch': 18, 'train_loss': 0.48841577768325806, 'validation_loss': 0.1287871152162552}]"
stz_8h_v001,Santa Tereza · 8 h V001,8,strict_common_cohort_causal,4,21_to_22,21,22,19,971,62,17,2026-06-30T11:00:00,2026-07-21T12:00:00,20260919,True,NLinear experimental,pytorch-cpu,0.011731200036592782,17,617.0095714912849,708.4684335164732,574.3346389309629,1026.848621206175,-29.06805012064018,-29.06805012064018,315.9128717283473,1,617.0095714912849,617.0095714912849,576.0838078852441,576.0838078852441,34.0,34.0,34.0,,971.0,18.0,18.0,0.20646509528160095,62.0,125.0,"[{'epoch': 14, 'train_loss': 0.9172147512435913, 'validation_loss': 0.22778454422950745}, {'epoch': 15, 'train_loss': 0.8995431065559387, 'validation_loss': 0.22171656787395477}, {'epoch': 16, 'train_loss': 0.8829591870307922, 'validation_loss': 0.2161748856306076}, {'epoch': 17, 'train_loss': 0.8673722743988037, 'validation_loss': 0.21110756695270538}, {'epoch': 18, 'train_loss': 0.8526931405067444, 'validation_loss': 0.20646509528160095}]"
stz_8h_v001,Santa Tereza · 8 h V001,8,strict_common_cohort_causal,4,21_to_22,21,22,19,971,62,17,2026-06-30T11:00:00,2026-07-21T12:00:00,20260919,True,TSMixer experimental,pytorch-cpu,0.0644118000054732,17,227.8064615961124,279.60712689690894,181.9661423037637,518.0372030502243,-3.683394376612413,-3.683394376612413,115.19563308633414,1,227.8064615961124,227.8064615961124,36.064484155249374,36.064484155249374,34.0,34.0,34.0,,971.0,18.0,14.0,0.14946280419826508,62.0,3251.0,"[{'epoch': 14, 'train_loss': 0.46553048491477966, 'validation_loss': 0.14946280419826508}, {'epoch': 15, 'train_loss': 0.44699156284332275, 'validation_loss': 0.14983156323432922}, {'epoch': 16, 'train_loss': 0.4312223792076111, 'validation_loss': 0.1510765254497528}, {'epoch': 17, 'train_loss': 0.41744858026504517, 'validation_loss': 0.15247900784015656}, {'epoch': 18, 'train_loss': 0.40486517548561096, 'validation_loss': 0.15331591665744781}]"
stz_8h_v001,Santa Tereza · 8 h V001,8,strict_common_cohort_causal,4,21_to_22,21,22,19,971,62,17,2026-06-30T11:00:00,2026-07-21T12:00:00,20260919,True,N-BEATS experimental,pytorch-cpu,0.044511400046758354,17,183.103809485699,214.88368239802833,-153.0358566590362,352.6431636029635,-1.7661207326817507,-1.7661207326817507,97.08043962649873,1,183.103809485699,183.103809485699,180.82640821513843,180.82640821513843,0.0,0.0,0.0,,971.0,18.0,15.0,0.033895086497068405,62.0,32510.0,"[{'epoch': 14, 'train_loss': 0.050052057951688766, 'validation_loss': 0.03726557642221451}, {'epoch': 15, 'train_loss': 0.03876674920320511, 'validation_loss': 0.033895086497068405}, {'epoch': 16, 'train_loss': 0.04128960520029068, 'validation_loss': 0.03606734797358513}, {'epoch': 17, 'train_loss': 0.0482177808880806, 'validation_loss': 0.03911850228905678}, {'epoch': 18, 'train_loss': 0.049640629440546036, 'validation_loss': 0.040346354246139526}]"
stz_8h_v001,Santa Tereza · 8 h V001,8,strict_common_cohort_causal,4,21_to_22,21,22,19,971,62,17,2026-06-30T11:00:00,2026-07-21T12:00:00,20260919,True,N-HiTS-lite experimental,pytorch-cpu,0.023709199973382056,17,194.43200180143967,224.71748181594484,-139.26981428292382,372.84916780857463,-2.0250877387063535,-2.0250877387063535,108.9187274532052,1,194.43200180143967,194.43200180143967,218.2172144319028,218.2172144319028,74.0,74.0,74.0,,971.0,14.0,7.0,0.03669965639710426,62.0,4657.0,"[{'epoch': 10, 'train_loss': 0.10145735740661621, 'validation_loss': 0.05924488604068756}, {'epoch': 11, 'train_loss': 0.10513511300086975, 'validation_loss': 0.06722122430801392}, {'epoch': 12, 'train_loss': 0.11091309040784836, 'validation_loss': 0.06987500190734863}, {'epoch': 13, 'train_loss': 0.11372379213571548, 'validation_loss': 0.0672941654920578}, {'epoch': 14, 'train_loss': 0.11271895468235016, 'validation_loss': 0.06107588857412338}]"
stz_8h_v001,Santa Tereza · 8 h V001,8,strict_common_cohort_causal,4,21_to_22,21,22,19,971,62,17,2026-06-30T11:00:00,2026-07-21T12:00:00,20260919,True,PatchTST experimental,pytorch-cpu,0.05781959998421371,17,409.7360361488626,482.54738769823774,338.1520382097061,739.6803334889369,-12.94903596573335,-12.94903596573335,193.2014282975304,1,409.7360361488626,409.7360361488626,244.11799256064182,244.11799256064182,34.0,34.0,34.0,,971.0,10.0,3.0,0.07430965453386307,62.0,9601.0,"[{'epoch': 6, 'train_loss': 0.505607545375824, 'validation_loss': 0.23665979504585266}, {'epoch': 7, 'train_loss': 0.49430298805236816, 'validation_loss': 0.27456122636795044}, {'epoch': 8, 'train_loss': 0.4917600452899933, 'validation_loss': 0.28981706500053406}, {'epoch': 9, 'train_loss': 0.4875400960445404, 'validation_loss': 0.2828122675418854}, {'epoch': 10, 'train_loss': 0.47619688510894775, 'validation_loss': 0.2580623924732208}]"
stz_8h_v001,Santa Tereza · 8 h V001,8,strict_common_cohort_causal,4,21_to_22,21,22,19,971,62,17,2026-06-30T11:00:00,2026-07-21T12:00:00,20260919,True,TFT-lite experimental,pytorch-cpu,0.13640629989095032,17,70.37166958876912,91.15027474146984,-6.936722511575831,151.7607531130676,0.5022855836268347,0.5022855836268347,41.28977060200798,1,70.37166958876912,70.37166958876912,253.94077554952815,253.94077554952815,0.0,0.0,0.0,,971.0,18.0,18.0,0.09477601200342178,62.0,14689.0,"[{'epoch': 14, 'train_loss': 0.3309182822704315, 'validation_loss': 0.11637138575315475}, {'epoch': 15, 'train_loss': 0.3085995316505432, 'validation_loss': 0.12598367035388947}, {'epoch': 16, 'train_loss': 0.2989172041416168, 'validation_loss': 0.12778261303901672}, {'epoch': 17, 'train_loss': 0.2861262857913971, 'validation_loss': 0.1145562008023262}, {'epoch': 18, 'train_loss': 0.26199039816856384, 'validation_loss': 0.09477601200342178}]"
stz_8h_v002,Santa Tereza · 8 h V002,8,strict_common_cohort_causal,4,9_to_10,9,10,6,172,27,103,2025-06-07T00:00:00,2025-09-08T18:00:00,20260919,True,Persistência,baseline,0.0,103,476.0,496.0361324139545,476.0,669.9,-46.477126673208005,-46.477126673208005,606798655.0816978,1,476.0,476.0,424.0,424.0,11.0,11.0,11.0,,,,,,,,
stz_8h_v002,Santa Tereza · 8 h V002,8,strict_common_cohort_causal,4,9_to_10,9,10,6,172,27,103,2025-06-07T00:00:00,2025-09-08T18:00:00,20260919,True,Ridge,scikit-learn,0.0007561999373137951,103,36.89256034777002,43.867647855998484,7.151710880612864,77.89453735351562,0.6286815753401058,0.6286815753401058,2686401.4980130787,1,36.89256034777002,36.89256034777002,57.769744873046875,57.769744873046875,1.0,1.0,1.0,[],172.0,,,,,,
stz_8h_v002,Santa Tereza · 8 h V002,8,strict_common_cohort_causal,4,9_to_10,9,10,6,172,27,103,2025-06-07T00:00:00,2025-09-08T18:00:00,20260919,True,Elastic Net,scikit-learn,0.025808600010350347,103,34.442615694212684,40.77418732176976,5.225836300155492,72.42951354980468,0.6792043801758963,0.6792043801758963,6942618.767587967,1,34.442615694212684,34.442615694212684,54.826385498046875,54.826385498046875,1.0,1.0,1.0,[],172.0,,,,,,
stz_8h_v002,Santa Tereza · 8 h V002,8,strict_common_cohort_causal,4,9_to_10,9,10,6,172,27,103,2025-06-07T00:00:00,2025-09-08T18:00:00,20260919,True,SVR,scikit-learn,0.002089100074954331,103,61.730833005635134,77.82350040275894,47.35565502917172,153.8940740288404,-0.16863617042441903,-0.16863617042441903,158333272.0342138,1,61.730833005635134,61.730833005635134,29.4607194266938,29.4607194266938,7.0,7.0,7.0,[],172.0,,,,,,
stz_8h_v002,Santa Tereza · 8 h V002,8,strict_common_cohort_causal,4,9_to_10,9,10,6,172,27,103,2025-06-07T00:00:00,2025-09-08T18:00:00,20260919,True,MLP,scikit-learn,0.06589570001233369,103,71.8812001052412,87.25461296789383,22.9539794921875,152.69231872558584,-0.46904329433149083,-0.46904329433149083,85574263.3141892,1,71.8812001052412,71.8812001052412,98.71759033203125,98.71759033203125,7.0,7.0,7.0,[],172.0,,,,,,
stz_8h_v002,Santa Tereza · 8 h V002,8,strict_common_cohort_causal,4,9_to_10,9,10,6,172,27,103,2025-06-07T00:00:00,2025-09-08T18:00:00,20260919,True,Random Forest,scikit-learn,0.45589510002173483,103,46.331722579688545,56.45806041777836,28.58923258243498,94.36261719603476,0.3849510088676932,0.3849510088676932,79316501.2148593,1,46.331722579688545,46.331722579688545,15.47257608704814,15.47257608704814,4.0,4.0,4.0,[],172.0,,,,,,
stz_8h_v002,Santa Tereza · 8 h V002,8,strict_common_cohort_causal,4,9_to_10,9,10,6,172,27,103,2025-06-07T00:00:00,2025-09-08T18:00:00,20260919,True,Extra Trees,scikit-learn,0.2928043999709189,103,48.375060226253666,58.17995659602015,22.968092203351528,103.60366690509703,0.34686254747682843,0.34686254747682843,100421550.95187324,1,48.375060226253666,48.375060226253666,68.91457294588326,68.91457294588326,4.0,4.0,4.0,[],172.0,,,,,,
stz_8h_v002,Santa Tereza · 8 h V002,8,strict_common_cohort_causal,4,9_to_10,9,10,6,172,27,103,2025-06-07T00:00:00,2025-09-08T18:00:00,20260919,True,HistGradientBoosting,scikit-learn,0.1588273000670597,103,53.439206841354235,68.13888864249768,-13.939498945153295,128.44602024238228,0.10412401720744524,0.10412401720744524,88972423.59526998,1,53.439206841354235,53.439206841354235,75.62271708605397,75.62271708605397,4.0,4.0,4.0,[],172.0,,,,,,
stz_8h_v002,Santa Tereza · 8 h V002,8,strict_common_cohort_causal,4,9_to_10,9,10,6,172,27,103,2025-06-07T00:00:00,2025-09-08T18:00:00,20260919,True,XGBoost,xgboost,0.22038549999706447,103,54.51580869804308,65.95604777693453,27.638599284644265,128.05554199218747,0.1606037009990735,0.1606037009990735,110876313.4617106,1,54.51580869804308,54.51580869804308,42.32135009765625,42.32135009765625,4.0,4.0,4.0,[],172.0,,,,,,
stz_8h_v002,Santa Tereza · 8 h V002,8,strict_common_cohort_causal,4,9_to_10,9,10,6,172,27,103,2025-06-07T00:00:00,2025-09-08T18:00:00,20260919,True,LightGBM,lightgbm,0.1448771000141278,103,57.487847894323814,71.38730862211783,24.990345583186777,135.95861226341142,0.016668797935271984,0.016668797935271984,37050901.2264866,1,57.487847894323814,57.487847894323814,63.228083217171275,63.228083217171275,4.0,4.0,4.0,[],172.0,,,,,,
stz_8h_v002,Santa Tereza · 8 h V002,8,strict_common_cohort_causal,4,9_to_10,9,10,6,172,27,103,2025-06-07T00:00:00,2025-09-08T18:00:00,20260919,True,CatBoost,catboost,3.1329422999406233,103,58.29946078175858,73.83684785932732,35.6732377382657,147.39843157267967,-0.05197180113742195,-0.05197180113742195,168618993.8513187,1,58.29946078175858,58.29946078175858,22.123986494245344,22.123986494245344,6.0,6.0,6.0,[],172.0,,,,,,
stz_8h_v002,Santa Tereza · 8 h V002,8,strict_common_cohort_causal,4,9_to_10,9,10,6,172,27,103,2025-06-07T00:00:00,2025-09-08T18:00:00,20260919,True,CNN-1D temporal,pytorch-cpu,0.02098859997931868,103,107.78104275458222,130.87555119617102,78.71717790850381,224.2333585405935,-2.305025766820816,-2.305025766820816,220986834.88853425,1,107.78104275458222,107.78104275458222,46.52350736630865,46.52350736630865,5.0,5.0,5.0,,172.0,13.0,6.0,0.3619466722011566,27.0,5857.0,"[{'epoch': 9, 'train_loss': 0.381463885307312, 'validation_loss': 0.39100974798202515}, {'epoch': 10, 'train_loss': 0.32068172097206116, 'validation_loss': 0.42036712169647217}, {'epoch': 11, 'train_loss': 0.2737736999988556, 'validation_loss': 0.46121227741241455}, {'epoch': 12, 'train_loss': 0.24396668374538422, 'validation_loss': 0.5084709525108337}, {'epoch': 13, 'train_loss': 0.2307511866092682, 'validation_loss': 0.5528599619865417}]"
stz_8h_v002,Santa Tereza · 8 h V002,8,strict_common_cohort_causal,4,9_to_10,9,10,6,172,27,103,2025-06-07T00:00:00,2025-09-08T18:00:00,20260919,True,LSTM,pytorch-cpu,0.01454309991095215,103,123.14623937241886,149.53425616967277,90.5958026008594,252.14513597616696,-3.3145866131394124,-3.3145866131394124,255196322.74615294,1,123.14623937241886,123.14623937241886,62.23091205607989,62.23091205607989,5.0,5.0,5.0,,172.0,11.0,4.0,0.4101720452308655,27.0,7969.0,"[{'epoch': 7, 'train_loss': 0.653352677822113, 'validation_loss': 0.4173187017440796}, {'epoch': 8, 'train_loss': 0.6173826456069946, 'validation_loss': 0.42220771312713623}, {'epoch': 9, 'train_loss': 0.583279013633728, 'validation_loss': 0.4281662106513977}, {'epoch': 10, 'train_loss': 0.5509433150291443, 'validation_loss': 0.4350530505180359}, {'epoch': 11, 'train_loss': 0.52048659324646, 'validation_loss': 0.4426976442337036}]"
stz_8h_v002,Santa Tereza · 8 h V002,8,strict_common_cohort_causal,4,9_to_10,9,10,6,172,27,103,2025-06-07T00:00:00,2025-09-08T18:00:00,20260919,True,GRU,pytorch-cpu,0.010819900082424283,103,129.2600277320149,160.75060625170948,64.54543826317715,275.27326902090886,-3.9861236138846765,-3.9861236138846765,251094133.9067548,1,129.2600277320149,129.2600277320149,76.1290275647109,76.1290275647109,8.0,8.0,8.0,,172.0,8.0,1.0,0.8176789283752441,27.0,5985.0,"[{'epoch': 4, 'train_loss': 0.8293507695198059, 'validation_loss': 0.837100625038147}, {'epoch': 5, 'train_loss': 0.7646651268005371, 'validation_loss': 0.8434441089630127}, {'epoch': 6, 'train_loss': 0.709439218044281, 'validation_loss': 0.847771942615509}, {'epoch': 7, 'train_loss': 0.6623010635375977, 'validation_loss': 0.8487815260887146}, {'epoch': 8, 'train_loss': 0.6217722296714783, 'validation_loss': 0.8453388214111328}]"
stz_8h_v002,Santa Tereza · 8 h V002,8,strict_common_cohort_causal,4,9_to_10,9,10,6,172,27,103,2025-06-07T00:00:00,2025-09-08T18:00:00,20260919,True,TCN,pytorch-cpu,0.025938799954019487,103,115.2026480482014,138.9815939073543,99.35182871620806,241.046812720795,-2.7271114402375045,-2.7271114402375045,239932616.5456373,1,115.2026480482014,115.2026480482014,99.49622910428968,99.49622910428968,5.0,5.0,5.0,,172.0,16.0,9.0,0.3067311644554138,27.0,8961.0,"[{'epoch': 12, 'train_loss': 0.26899710297584534, 'validation_loss': 0.35595229268074036}, {'epoch': 13, 'train_loss': 0.20697453618049622, 'validation_loss': 0.41260090470314026}, {'epoch': 14, 'train_loss': 0.16556303203105927, 'validation_loss': 0.48053842782974243}, {'epoch': 15, 'train_loss': 0.14967356622219086, 'validation_loss': 0.5298600196838379}, {'epoch': 16, 'train_loss': 0.1535620540380478, 'validation_loss': 0.5163960456848145}]"
stz_8h_v002,Santa Tereza · 8 h V002,8,strict_common_cohort_causal,4,9_to_10,9,10,6,172,27,103,2025-06-07T00:00:00,2025-09-08T18:00:00,20260919,True,Seq2Seq · decoder 1 passo,pytorch-cpu,0.024591199937276542,103,133.24985038504474,159.82907641802396,101.74366459395176,271.637281979038,-3.929119894103054,-3.929119894103054,255889941.2936059,1,133.24985038504474,133.24985038504474,57.565958390109586,57.565958390109586,10.0,10.0,10.0,,172.0,14.0,7.0,0.46074849367141724,27.0,12449.0,"[{'epoch': 10, 'train_loss': 0.6897174715995789, 'validation_loss': 0.47194015979766846}, {'epoch': 11, 'train_loss': 0.6531620621681213, 'validation_loss': 0.4808792471885681}, {'epoch': 12, 'train_loss': 0.6173276901245117, 'validation_loss': 0.49315857887268066}, {'epoch': 13, 'train_loss': 0.5828270316123962, 'validation_loss': 0.5091376900672913}, {'epoch': 14, 'train_loss': 0.5503334999084473, 'validation_loss': 0.5289468765258789}]"
stz_8h_v002,Santa Tereza · 8 h V002,8,strict_common_cohort_causal,4,9_to_10,9,10,6,172,27,103,2025-06-07T00:00:00,2025-09-08T18:00:00,20260919,True,Transformer temporal,pytorch-cpu,0.028685699915513396,103,72.48397793062254,106.71581632477007,65.49728861574044,249.67357866471892,-1.1974316928524882,-1.1974316928524882,308595460.09832495,1,72.48397793062254,72.48397793062254,123.43228419781803,123.43228419781803,9.0,9.0,9.0,,172.0,14.0,7.0,0.042348042130470276,27.0,9633.0,"[{'epoch': 10, 'train_loss': 0.2092355489730835, 'validation_loss': 0.07488066703081131}, {'epoch': 11, 'train_loss': 0.1908009797334671, 'validation_loss': 0.09594850242137909}, {'epoch': 12, 'train_loss': 0.18639063835144043, 'validation_loss': 0.1089577004313469}, {'epoch': 13, 'train_loss': 0.1865251660346985, 'validation_loss': 0.10847987234592438}, {'epoch': 14, 'train_loss': 0.18168462812900543, 'validation_loss': 0.0983324944972992}]"
stz_8h_v002,Santa Tereza · 8 h V002,8,strict_common_cohort_causal,4,9_to_10,9,10,6,172,27,103,2025-06-07T00:00:00,2025-09-08T18:00:00,20260919,True,DLinear experimental,pytorch-cpu,0.007184699992649257,103,112.2236275404463,139.96226456486198,69.53042549269787,267.88604229399647,-2.7798948919705504,-2.7798948919705504,241071230.28485173,1,112.2236275404463,112.2236275404463,242.98826233318334,242.98826233318334,6.0,6.0,6.0,,172.0,18.0,18.0,0.5710780620574951,27.0,58.0,"[{'epoch': 14, 'train_loss': 0.37223291397094727, 'validation_loss': 0.6216572523117065}, {'epoch': 15, 'train_loss': 0.36373046040534973, 'validation_loss': 0.6081946492195129}, {'epoch': 16, 'train_loss': 0.3555755317211151, 'validation_loss': 0.5952914953231812}, {'epoch': 17, 'train_loss': 0.3477190136909485, 'validation_loss': 0.5829281210899353}, {'epoch': 18, 'train_loss': 0.34011706709861755, 'validation_loss': 0.5710780620574951}]"
stz_8h_v002,Santa Tereza · 8 h V002,8,strict_common_cohort_causal,4,9_to_10,9,10,6,172,27,103,2025-06-07T00:00:00,2025-09-08T18:00:00,20260919,True,NLinear experimental,pytorch-cpu,0.005031800013966858,103,140.4229024603868,170.68713185658524,99.75177898693934,300.36757832401224,-4.621592533910897,-4.621592533910897,236953046.82423744,1,140.4229024603868,140.4229024603868,75.7802047787369,75.7802047787369,23.0,23.0,23.0,,172.0,18.0,12.0,0.39048102498054504,27.0,113.0,"[{'epoch': 14, 'train_loss': 0.8336977362632751, 'validation_loss': 0.3926950693130493}, {'epoch': 15, 'train_loss': 0.8230805397033691, 'validation_loss': 0.3955478072166443}, {'epoch': 16, 'train_loss': 0.8131670355796814, 'validation_loss': 0.3994179368019104}, {'epoch': 17, 'train_loss': 0.8038599491119385, 'validation_loss': 0.4042004346847534}, {'epoch': 18, 'train_loss': 0.7950730323791504, 'validation_loss': 0.40978869795799255}]"
stz_8h_v002,Santa Tereza · 8 h V002,8,strict_common_cohort_causal,4,9_to_10,9,10,6,172,27,103,2025-06-07T00:00:00,2025-09-08T18:00:00,20260919,True,TSMixer experimental,pytorch-cpu,0.02496930002234876,103,56.160895915806336,70.60069006121509,39.5335443140952,138.1883915804036,0.038220105741670785,0.038220105741670785,73981045.7884509,1,56.160895915806336,56.160895915806336,46.21165621641228,46.21165621641228,4.0,4.0,4.0,,172.0,18.0,18.0,0.12242225557565689,27.0,2945.0,"[{'epoch': 14, 'train_loss': 0.44953081011772156, 'validation_loss': 0.2491997480392456}, {'epoch': 15, 'train_loss': 0.4265250861644745, 'validation_loss': 0.21143046021461487}, {'epoch': 16, 'train_loss': 0.40441396832466125, 'validation_loss': 0.1774691939353943}, {'epoch': 17, 'train_loss': 0.382829487323761, 'validation_loss': 0.1477542668581009}, {'epoch': 18, 'train_loss': 0.36173316836357117, 'validation_loss': 0.12242225557565689}]"
stz_8h_v002,Santa Tereza · 8 h V002,8,strict_common_cohort_causal,4,9_to_10,9,10,6,172,27,103,2025-06-07T00:00:00,2025-09-08T18:00:00,20260919,True,N-BEATS experimental,pytorch-cpu,0.018110100063495338,103,55.61367925387356,68.49280200385228,14.369431108830533,121.48974106185355,0.0947934895759952,0.0947934895759952,135362308.54988858,1,55.61367925387356,55.61367925387356,30.9062368295817,30.9062368295817,5.0,5.0,5.0,,172.0,18.0,13.0,0.10162230581045151,27.0,30194.0,"[{'epoch': 14, 'train_loss': 0.049978528171777725, 'validation_loss': 0.11100354790687561}, {'epoch': 15, 'train_loss': 0.05021947622299194, 'validation_loss': 0.12629954516887665}, {'epoch': 16, 'train_loss': 0.048950158059597015, 'validation_loss': 0.12969745695590973}, {'epoch': 17, 'train_loss': 0.03838286176323891, 'validation_loss': 0.12345410138368607}, {'epoch': 18, 'train_loss': 0.025402609258890152, 'validation_loss': 0.11689940840005875}]"
stz_8h_v002,Santa Tereza · 8 h V002,8,strict_common_cohort_causal,4,9_to_10,9,10,6,172,27,103,2025-06-07T00:00:00,2025-09-08T18:00:00,20260919,True,N-HiTS-lite experimental,pytorch-cpu,0.005719600012525916,103,127.74542236568547,153.73716779646278,82.21123911230958,257.7420978640604,-3.560532492649763,-3.560532492649763,247768306.55214208,1,127.74542236568547,127.74542236568547,62.78200825856055,62.78200825856055,7.0,7.0,7.0,,172.0,8.0,1.0,0.37596210837364197,27.0,4225.0,"[{'epoch': 4, 'train_loss': 0.43238601088523865, 'validation_loss': 0.4318312406539917}, {'epoch': 5, 'train_loss': 0.36958304047584534, 'validation_loss': 0.4575168788433075}, {'epoch': 6, 'train_loss': 0.3286813199520111, 'validation_loss': 0.48098263144493103}, {'epoch': 7, 'train_loss': 0.2928350269794464, 'validation_loss': 0.4972655773162842}, {'epoch': 8, 'train_loss': 0.2580656111240387, 'validation_loss': 0.5033268928527832}]"
stz_8h_v002,Santa Tereza · 8 h V002,8,strict_common_cohort_causal,4,9_to_10,9,10,6,172,27,103,2025-06-07T00:00:00,2025-09-08T18:00:00,20260919,True,PatchTST experimental,pytorch-cpu,0.028748499928042293,103,66.47937077284469,92.70729119686077,50.89287166873849,207.00007959200596,-0.6583858575105035,-0.6583858575105035,221674206.77440268,1,66.47937077284469,66.47937077284469,36.17338548707883,36.17338548707883,-4.0,4.0,4.0,,172.0,15.0,8.0,0.06179826706647873,27.0,9505.0,"[{'epoch': 11, 'train_loss': 0.19183078408241272, 'validation_loss': 0.09550701826810837}, {'epoch': 12, 'train_loss': 0.18700945377349854, 'validation_loss': 0.10770608484745026}, {'epoch': 13, 'train_loss': 0.1878308355808258, 'validation_loss': 0.10494763404130936}, {'epoch': 14, 'train_loss': 0.18407146632671356, 'validation_loss': 0.090199775993824}, {'epoch': 15, 'train_loss': 0.17430539429187775, 'validation_loss': 0.07247871905565262}]"
stz_8h_v002,Santa Tereza · 8 h V002,8,strict_common_cohort_causal,4,9_to_10,9,10,6,172,27,103,2025-06-07T00:00:00,2025-09-08T18:00:00,20260919,True,TFT-lite experimental,pytorch-cpu,0.03770570002961904,103,144.62534773279822,172.98611210755968,122.41384669735199,297.008908113083,-4.774046513329251,-4.774046513329251,263285806.22810367,1,144.62534773279822,144.62534773279822,65.18358681768984,65.18358681768984,10.0,10.0,10.0,,172.0,10.0,3.0,0.3822998106479645,27.0,14125.0,"[{'epoch': 6, 'train_loss': 0.6514055132865906, 'validation_loss': 0.4799773693084717}, {'epoch': 7, 'train_loss': 0.6186445951461792, 'validation_loss': 0.5034102201461792}, {'epoch': 8, 'train_loss': 0.5760599970817566, 'validation_loss': 0.4843606650829315}, {'epoch': 9, 'train_loss': 0.5186284184455872, 'validation_loss': 0.4438638389110565}, {'epoch': 10, 'train_loss': 0.46329182386398315, 'validation_loss': 0.409544438123703}]"
stz_8h_v002,Santa Tereza · 8 h V002,8,strict_common_cohort_causal,4,10_to_11,10,11,7,199,103,71,2025-09-08T14:00:00,2025-11-08T18:00:00,20260919,True,Persistência,baseline,0.0,71,587.1267605633802,623.6257906473749,587.1267605633802,963.0,-70.45415912880411,-70.45415912880411,1748.2205183697438,1,587.1267605633802,587.1267605633802,732.0,732.0,-64.0,64.0,64.0,,,,,,,,
stz_8h_v002,Santa Tereza · 8 h V002,8,strict_common_cohort_causal,4,10_to_11,10,11,7,199,103,71,2025-09-08T14:00:00,2025-11-08T18:00:00,20260919,True,Ridge,scikit-learn,0.000925700063817203,71,31.087438663966218,42.4728277724739,1.2403218443964568,79.4954833984375,0.6685624340577743,0.6685624340577743,62.66460689503523,1,31.087438663966218,31.087438663966218,7.78326416015625,7.78326416015625,0.0,0.0,0.0,[],199.0,,,,,,
stz_8h_v002,Santa Tereza · 8 h V002,8,strict_common_cohort_causal,4,10_to_11,10,11,7,199,103,71,2025-09-08T14:00:00,2025-11-08T18:00:00,20260919,True,Elastic Net,scikit-learn,0.015507200034335256,71,30.17281954053422,40.490258049062874,3.324399491431008,77.861328125,0.6987823146957606,0.6987823146957606,67.98494358017442,1,30.17281954053422,30.17281954053422,11.28277587890625,11.28277587890625,0.0,0.0,0.0,[],199.0,,,,,,
stz_8h_v002,Santa Tereza · 8 h V002,8,strict_common_cohort_causal,4,10_to_11,10,11,7,199,103,71,2025-09-08T14:00:00,2025-11-08T18:00:00,20260919,True,SVR,scikit-learn,0.0028664000565186143,71,127.15076737364564,207.37638645818578,121.49364829308912,532.447076550364,-6.90128965402952,-6.90128965402952,395.7798891560503,1,127.15076737364564,127.15076737364564,339.197914730175,339.197914730175,-61.0,61.0,61.0,[],199.0,,,,,,
stz_8h_v002,Santa Tereza · 8 h V002,8,strict_common_cohort_causal,4,10_to_11,10,11,7,199,103,71,2025-09-08T14:00:00,2025-11-08T18:00:00,20260919,True,MLP,scikit-learn,0.06515289994422346,71,54.853565699617626,69.25404374184706,34.758974961831534,147.02066040039062,0.11880981425889636,0.11880981425889636,191.45196550032844,1,54.853565699617626,54.853565699617626,21.5079345703125,21.5079345703125,-69.0,69.0,69.0,[],199.0,,,,,,
stz_8h_v002,Santa Tereza · 8 h V002,8,strict_common_cohort_causal,4,10_to_11,10,11,7,199,103,71,2025-09-08T14:00:00,2025-11-08T18:00:00,20260919,True,Random Forest,scikit-learn,0.5609110000077635,71,70.56278587486051,92.88940751717391,37.474795363144345,185.22507816621084,-0.5853011085174693,-0.5853011085174693,264.57805623134044,1,70.56278587486051,70.56278587486051,94.78464869423738,94.78464869423738,-66.0,66.0,66.0,[],199.0,,,,,,
stz_8h_v002,Santa Tereza · 8 h V002,8,strict_common_cohort_causal,4,10_to_11,10,11,7,199,103,71,2025-09-08T14:00:00,2025-11-08T18:00:00,20260919,True,Extra Trees,scikit-learn,0.34216210001613945,71,56.97196960795675,69.16210015912992,20.98704680354987,134.25680004341677,0.12114804597234041,0.12114804597234041,181.0182139090514,1,56.97196960795675,56.97196960795675,55.12298832893157,55.12298832893157,-69.0,69.0,69.0,[],199.0,,,,,,
stz_8h_v002,Santa Tereza · 8 h V002,8,strict_common_cohort_causal,4,10_to_11,10,11,7,199,103,71,2025-09-08T14:00:00,2025-11-08T18:00:00,20260919,True,HistGradientBoosting,scikit-learn,0.1573255000403151,71,74.05244905386343,93.24843128562657,41.614941793225775,175.5528753973851,-0.5975793804018223,-0.5975793804018223,223.78064203629896,1,74.05244905386343,74.05244905386343,47.669834835598635,47.669834835598635,-27.0,27.0,27.0,[],199.0,,,,,,
stz_8h_v002,Santa Tereza · 8 h V002,8,strict_common_cohort_causal,4,10_to_11,10,11,7,199,103,71,2025-09-08T14:00:00,2025-11-08T18:00:00,20260919,True,XGBoost,xgboost,0.2116940999403596,71,64.02211729237732,87.7187189485521,50.060360975668466,187.44415283203125,-0.41372174749176094,-0.41372174749176094,159.6790274729208,1,64.02211729237732,64.02211729237732,56.788330078125,56.788330078125,-66.0,66.0,66.0,[],199.0,,,,,,
stz_8h_v002,Santa Tereza · 8 h V002,8,strict_common_cohort_causal,4,10_to_11,10,11,7,199,103,71,2025-09-08T14:00:00,2025-11-08T18:00:00,20260919,True,LightGBM,lightgbm,0.11585459997877479,71,73.02888164335558,92.67896236353641,16.875237043014568,173.33100902616314,-0.5781261026721773,-0.5781261026721773,283.0484023447242,1,73.02888164335558,73.02888164335558,49.02099273109502,49.02099273109502,-68.0,68.0,68.0,[],199.0,,,,,,
stz_8h_v002,Santa Tereza · 8 h V002,8,strict_common_cohort_causal,4,10_to_11,10,11,7,199,103,71,2025-09-08T14:00:00,2025-11-08T18:00:00,20260919,True,CatBoost,catboost,3.246402099961415,71,82.76228273862323,115.39099579933128,67.11868001280337,270.31493665709627,-1.446376071568805,-1.446376071568805,263.91724560176937,1,82.76228273862323,82.76228273862323,198.0939988767435,198.0939988767435,-68.0,68.0,68.0,[],199.0,,,,,,
stz_8h_v002,Santa Tereza · 8 h V002,8,strict_common_cohort_causal,4,10_to_11,10,11,7,199,103,71,2025-09-08T14:00:00,2025-11-08T18:00:00,20260919,True,CNN-1D temporal,pytorch-cpu,0.03766419994644821,71,78.23115180875546,108.15589063076334,-56.77247498024852,203.45368324231367,-1.1492143597711069,-1.1492143597711069,246.3131818253648,1,78.23115180875546,78.23115180875546,6.944444425534584,6.944444425534584,-69.0,69.0,69.0,,199.0,18.0,18.0,0.17267155647277832,103.0,5857.0,"[{'epoch': 14, 'train_loss': 0.24320122599601746, 'validation_loss': 0.20287063717842102}, {'epoch': 15, 'train_loss': 0.23658613860607147, 'validation_loss': 0.21125823259353638}, {'epoch': 16, 'train_loss': 0.22628448903560638, 'validation_loss': 0.20941750705242157}, {'epoch': 17, 'train_loss': 0.20685899257659912, 'validation_loss': 0.1947600543498993}, {'epoch': 18, 'train_loss': 0.17927810549736023, 'validation_loss': 0.17267155647277832}]"
stz_8h_v002,Santa Tereza · 8 h V002,8,strict_common_cohort_causal,4,10_to_11,10,11,7,199,103,71,2025-09-08T14:00:00,2025-11-08T18:00:00,20260919,True,LSTM,pytorch-cpu,0.03708699997514486,71,120.98991937080817,167.2372839526821,80.50201194231227,382.14775516913045,-4.138609188156304,-4.138609188156304,305.900768568012,1,120.98991937080817,120.98991937080817,197.15335466817362,197.15335466817362,-64.0,64.0,64.0,,199.0,18.0,18.0,0.2773743271827698,103.0,7969.0,"[{'epoch': 14, 'train_loss': 0.4740496575832367, 'validation_loss': 0.3504965603351593}, {'epoch': 15, 'train_loss': 0.45062685012817383, 'validation_loss': 0.3292442858219147}, {'epoch': 16, 'train_loss': 0.42843854427337646, 'validation_loss': 0.310020387172699}, {'epoch': 17, 'train_loss': 0.40731972455978394, 'validation_loss': 0.29276469349861145}, {'epoch': 18, 'train_loss': 0.3871156573295593, 'validation_loss': 0.2773743271827698}]"
stz_8h_v002,Santa Tereza · 8 h V002,8,strict_common_cohort_causal,4,10_to_11,10,11,7,199,103,71,2025-09-08T14:00:00,2025-11-08T18:00:00,20260919,True,GRU,pytorch-cpu,0.050272799911908805,71,119.89513228396511,155.07926093875528,79.85669042157235,333.15979619238374,-3.418621719258767,-3.418621719258767,312.975502455841,1,119.89513228396511,119.89513228396511,133.9152053231138,133.9152053231138,-69.0,69.0,69.0,,199.0,18.0,18.0,0.30242371559143066,103.0,5985.0,"[{'epoch': 14, 'train_loss': 0.4830709993839264, 'validation_loss': 0.349418580532074}, {'epoch': 15, 'train_loss': 0.45582595467567444, 'validation_loss': 0.3363618850708008}, {'epoch': 16, 'train_loss': 0.429439514875412, 'validation_loss': 0.32424435019493103}, {'epoch': 17, 'train_loss': 0.4039037525653839, 'validation_loss': 0.3129609525203705}, {'epoch': 18, 'train_loss': 0.37926313281059265, 'validation_loss': 0.30242371559143066}]"
stz_8h_v002,Santa Tereza · 8 h V002,8,strict_common_cohort_causal,4,10_to_11,10,11,7,199,103,71,2025-09-08T14:00:00,2025-11-08T18:00:00,20260919,True,TCN,pytorch-cpu,0.03266679996158928,71,62.170967866326976,82.347588844853,-11.747998850377522,173.28045838926005,-0.245894167160857,-0.245894167160857,254.6311842479438,1,62.170967866326976,62.170967866326976,135.506631384078,135.506631384078,-69.0,69.0,69.0,,199.0,18.0,14.0,0.17195631563663483,103.0,8961.0,"[{'epoch': 14, 'train_loss': 0.18239198625087738, 'validation_loss': 0.17195631563663483}, {'epoch': 15, 'train_loss': 0.15404239296913147, 'validation_loss': 0.17761848866939545}, {'epoch': 16, 'train_loss': 0.14461557567119598, 'validation_loss': 0.2004377543926239}, {'epoch': 17, 'train_loss': 0.13915249705314636, 'validation_loss': 0.2115505486726761}, {'epoch': 18, 'train_loss': 0.12275756150484085, 'validation_loss': 0.20540812611579895}]"
stz_8h_v002,Santa Tereza · 8 h V002,8,strict_common_cohort_causal,4,10_to_11,10,11,7,199,103,71,2025-09-08T14:00:00,2025-11-08T18:00:00,20260919,True,Seq2Seq · decoder 1 passo,pytorch-cpu,0.0359170000301674,71,131.26308371012723,171.5387988408601,78.2666769417179,356.1679068241092,-4.406349367615683,-4.406349367615683,326.1657964358853,1,131.26308371012723,131.26308371012723,165.09210152563287,165.09210152563287,-69.0,69.0,69.0,,199.0,18.0,18.0,0.2640368938446045,103.0,12449.0,"[{'epoch': 14, 'train_loss': 0.5902546048164368, 'validation_loss': 0.40118512511253357}, {'epoch': 15, 'train_loss': 0.5614504814147949, 'validation_loss': 0.3579806387424469}, {'epoch': 16, 'train_loss': 0.5348381996154785, 'validation_loss': 0.3205174505710602}, {'epoch': 17, 'train_loss': 0.5103926658630371, 'validation_loss': 0.28925299644470215}, {'epoch': 18, 'train_loss': 0.4877803921699524, 'validation_loss': 0.2640368938446045}]"
stz_8h_v002,Santa Tereza · 8 h V002,8,strict_common_cohort_causal,4,10_to_11,10,11,7,199,103,71,2025-09-08T14:00:00,2025-11-08T18:00:00,20260919,True,Transformer temporal,pytorch-cpu,0.04297199996653944,71,73.29778260707084,99.80848689068588,38.67448131331501,228.5993262833332,-0.8302664592188873,-0.8302664592188873,194.72521287419477,1,73.29778260707084,73.29778260707084,72.62005045307933,72.62005045307933,-69.0,69.0,69.0,,199.0,17.0,10.0,0.20794829726219177,103.0,9633.0,"[{'epoch': 13, 'train_loss': 0.19493767619132996, 'validation_loss': 0.20877878367900848}, {'epoch': 14, 'train_loss': 0.185871884226799, 'validation_loss': 0.2081652581691742}, {'epoch': 15, 'train_loss': 0.17402620613574982, 'validation_loss': 0.21388620138168335}, {'epoch': 16, 'train_loss': 0.1620386242866516, 'validation_loss': 0.22880582511425018}, {'epoch': 17, 'train_loss': 0.15069793164730072, 'validation_loss': 0.252132773399353}]"
stz_8h_v002,Santa Tereza · 8 h V002,8,strict_common_cohort_causal,4,10_to_11,10,11,7,199,103,71,2025-09-08T14:00:00,2025-11-08T18:00:00,20260919,True,DLinear experimental,pytorch-cpu,0.011683099903166294,71,144.64273905562223,181.47469438417613,89.82875343457741,344.6561881063795,-5.050782262182676,-5.050782262182676,422.07620087911454,1,144.64273905562223,144.64273905562223,313.36281465967147,313.36281465967147,-69.0,69.0,69.0,,199.0,18.0,18.0,0.5183051228523254,103.0,58.0,"[{'epoch': 14, 'train_loss': 0.4186823070049286, 'validation_loss': 0.5632829666137695}, {'epoch': 15, 'train_loss': 0.4089709222316742, 'validation_loss': 0.5515925884246826}, {'epoch': 16, 'train_loss': 0.39965903759002686, 'validation_loss': 0.5402123928070068}, {'epoch': 17, 'train_loss': 0.39071428775787354, 'validation_loss': 0.5291240215301514}, {'epoch': 18, 'train_loss': 0.38210391998291016, 'validation_loss': 0.5183051228523254}]"
stz_8h_v002,Santa Tereza · 8 h V002,8,strict_common_cohort_causal,4,10_to_11,10,11,7,199,103,71,2025-09-08T14:00:00,2025-11-08T18:00:00,20260919,True,NLinear experimental,pytorch-cpu,0.010776399984024465,71,229.5459549713753,286.61932663727856,206.82576489567248,589.8840578771242,-14.093512558587477,-14.093512558587477,687.8131370654115,1,229.5459549713753,229.5459549713753,344.8690769661638,344.8690769661638,-59.0,59.0,59.0,,199.0,18.0,18.0,0.8026403188705444,103.0,113.0,"[{'epoch': 14, 'train_loss': 0.8467075228691101, 'validation_loss': 0.8323250412940979}, {'epoch': 15, 'train_loss': 0.8377611041069031, 'validation_loss': 0.8243233561515808}, {'epoch': 16, 'train_loss': 0.8292841911315918, 'validation_loss': 0.8166951537132263}, {'epoch': 17, 'train_loss': 0.8211712837219238, 'validation_loss': 0.8094591498374939}, {'epoch': 18, 'train_loss': 0.8133467435836792, 'validation_loss': 0.8026403188705444}]"
stz_8h_v002,Santa Tereza · 8 h V002,8,strict_common_cohort_causal,4,10_to_11,10,11,7,199,103,71,2025-09-08T14:00:00,2025-11-08T18:00:00,20260919,True,TSMixer experimental,pytorch-cpu,0.05526990001089871,71,115.71715471013918,166.37371833430356,102.95100785122948,384.71867748034157,-4.085677580360281,-4.085677580360281,316.6620817470517,1,115.71715471013918,115.71715471013918,175.4523307357847,175.4523307357847,-63.0,63.0,63.0,,199.0,18.0,18.0,0.10733024775981903,103.0,2945.0,"[{'epoch': 14, 'train_loss': 0.4458572566509247, 'validation_loss': 0.14236325025558472}, {'epoch': 15, 'train_loss': 0.42175838351249695, 'validation_loss': 0.12600675225257874}, {'epoch': 16, 'train_loss': 0.3996414244174957, 'validation_loss': 0.11532951146364212}, {'epoch': 17, 'train_loss': 0.3790160119533539, 'validation_loss': 0.1094154492020607}, {'epoch': 18, 'train_loss': 0.359591543674469, 'validation_loss': 0.10733024775981903}]"
stz_8h_v002,Santa Tereza · 8 h V002,8,strict_common_cohort_causal,4,10_to_11,10,11,7,199,103,71,2025-09-08T14:00:00,2025-11-08T18:00:00,20260919,True,N-BEATS experimental,pytorch-cpu,0.025129200075753033,71,57.65899800476216,71.53117673045969,8.551512198561776,135.92553932523214,0.05990851998329316,0.05990851998329316,171.79695418638514,1,57.65899800476216,57.65899800476216,37.80453786220755,37.80453786220755,-69.0,69.0,69.0,,199.0,16.0,9.0,0.1214374303817749,103.0,30194.0,"[{'epoch': 12, 'train_loss': 0.08895374834537506, 'validation_loss': 0.1323946863412857}, {'epoch': 13, 'train_loss': 0.07417582720518112, 'validation_loss': 0.13624416291713715}, {'epoch': 14, 'train_loss': 0.061172448098659515, 'validation_loss': 0.15238641202449799}, {'epoch': 15, 'train_loss': 0.05788933485746384, 'validation_loss': 0.1553107053041458}, {'epoch': 16, 'train_loss': 0.052878815680742264, 'validation_loss': 0.138896644115448}]"
stz_8h_v002,Santa Tereza · 8 h V002,8,strict_common_cohort_causal,4,10_to_11,10,11,7,199,103,71,2025-09-08T14:00:00,2025-11-08T18:00:00,20260919,True,N-HiTS-lite experimental,pytorch-cpu,0.0208329000743106,71,57.8270385032498,70.77858462498358,-7.867374402093169,131.43799274253882,0.07958619240170461,0.07958619240170461,199.80875453579387,1,57.8270385032498,57.8270385032498,85.27109627012112,85.27109627012112,-69.0,69.0,69.0,,199.0,18.0,18.0,0.12454193830490112,103.0,4225.0,"[{'epoch': 14, 'train_loss': 0.12236542254686356, 'validation_loss': 0.1555722951889038}, {'epoch': 15, 'train_loss': 0.11057650297880173, 'validation_loss': 0.14405237138271332}, {'epoch': 16, 'train_loss': 0.10138331353664398, 'validation_loss': 0.13518568873405457}, {'epoch': 17, 'train_loss': 0.09324388951063156, 'validation_loss': 0.12881718575954437}, {'epoch': 18, 'train_loss': 0.08537162095308304, 'validation_loss': 0.12454193830490112}]"
stz_8h_v002,Santa Tereza · 8 h V002,8,strict_common_cohort_causal,4,10_to_11,10,11,7,199,103,71,2025-09-08T14:00:00,2025-11-08T18:00:00,20260919,True,PatchTST experimental,pytorch-cpu,0.03632050007581711,71,80.82096343225314,106.2330758463348,42.960214591549885,212.99783465218042,-1.0734754130736643,-1.0734754130736643,257.0084472548275,1,80.82096343225314,80.82096343225314,173.48840255169432,173.48840255169432,-69.0,69.0,69.0,,199.0,17.0,10.0,0.2000482678413391,103.0,9505.0,"[{'epoch': 13, 'train_loss': 0.201525017619133, 'validation_loss': 0.22860166430473328}, {'epoch': 14, 'train_loss': 0.19290868937969208, 'validation_loss': 0.23062185943126678}, {'epoch': 15, 'train_loss': 0.18141084909439087, 'validation_loss': 0.235697403550148}, {'epoch': 16, 'train_loss': 0.16948296129703522, 'validation_loss': 0.2479151338338852}, {'epoch': 17, 'train_loss': 0.15773510932922363, 'validation_loss': 0.2677057981491089}]"
stz_8h_v002,Santa Tereza · 8 h V002,8,strict_common_cohort_causal,4,10_to_11,10,11,7,199,103,71,2025-09-08T14:00:00,2025-11-08T18:00:00,20260919,True,TFT-lite experimental,pytorch-cpu,0.07360690005589277,71,91.83902588346396,113.29448547577246,30.56127795619943,214.08482151446765,-1.3582884312941332,-1.3582884312941332,245.51709141064433,1,91.83902588346396,91.83902588346396,20.127727520493636,20.127727520493636,-69.0,69.0,69.0,,199.0,18.0,16.0,0.1994524449110031,103.0,14125.0,"[{'epoch': 14, 'train_loss': 0.36677151918411255, 'validation_loss': 0.25811031460762024}, {'epoch': 15, 'train_loss': 0.33797699213027954, 'validation_loss': 0.21275697648525238}, {'epoch': 16, 'train_loss': 0.32408568263053894, 'validation_loss': 0.1994524449110031}, {'epoch': 17, 'train_loss': 0.3068276643753052, 'validation_loss': 0.20799392461776733}, {'epoch': 18, 'train_loss': 0.2840621769428253, 'validation_loss': 0.23293744027614594}]"
stz_8h_v002,Santa Tereza · 8 h V002,8,strict_common_cohort_causal,4,11_to_12,11,12,8,302,71,38,2025-09-13T12:00:00,2025-12-25T15:00:00,20260919,True,Persistência,baseline,0.0,38,348.7631578947368,383.6280064964249,348.7631578947368,514.8,-13.13462384180277,-13.13462384180277,896.3664611973252,1,348.7631578947368,348.7631578947368,278.0,278.0,28.0,28.0,28.0,,,,,,,,
stz_8h_v002,Santa Tereza · 8 h V002,8,strict_common_cohort_causal,4,11_to_12,11,12,8,302,71,38,2025-09-13T12:00:00,2025-12-25T15:00:00,20260919,True,Ridge,scikit-learn,0.0009476999985054135,38,61.75492858886719,68.11194307640247,-3.426814832185444,108.33125305175781,0.5544359067516961,0.5544359067516961,107.65578309023567,1,61.75492858886719,61.75492858886719,18.88311767578125,18.88311767578125,2.0,2.0,2.0,[],302.0,,,,,,
stz_8h_v002,Santa Tereza · 8 h V002,8,strict_common_cohort_causal,4,11_to_12,11,12,8,302,71,38,2025-09-13T12:00:00,2025-12-25T15:00:00,20260919,True,Elastic Net,scikit-learn,0.03061699995305389,38,60.51380759791324,66.28348552091724,-2.3056696841591284,98.81828155517577,0.5780370491523927,0.5780370491523927,104.04956746707855,1,60.51380759791324,60.51380759791324,22.060638427734375,22.060638427734375,2.0,2.0,2.0,[],302.0,,,,,,
stz_8h_v002,Santa Tereza · 8 h V002,8,strict_common_cohort_causal,4,11_to_12,11,12,8,302,71,38,2025-09-13T12:00:00,2025-12-25T15:00:00,20260919,True,SVR,scikit-learn,0.006353299948386848,38,64.87640831504014,72.0459965680011,28.276500774921516,116.38214331639875,0.5014791218271735,0.5014791218271735,132.1097145040945,1,64.87640831504014,64.87640831504014,20.314853864688814,20.314853864688814,1.0,1.0,1.0,[],302.0,,,,,,
stz_8h_v002,Santa Tereza · 8 h V002,8,strict_common_cohort_causal,4,11_to_12,11,12,8,302,71,38,2025-09-13T12:00:00,2025-12-25T15:00:00,20260919,True,MLP,scikit-learn,0.10415029991418123,38,45.738537437037415,54.69654832589748,-2.5134036415501644,101.20886993408202,0.7126683369143172,0.7126683369143172,114.79856151325171,1,45.738537437037415,45.738537437037415,54.031005859375,54.031005859375,1.0,1.0,1.0,[],302.0,,,,,,
stz_8h_v002,Santa Tereza · 8 h V002,8,strict_common_cohort_causal,4,11_to_12,11,12,8,302,71,38,2025-09-13T12:00:00,2025-12-25T15:00:00,20260919,True,Random Forest,scikit-learn,0.8464687999803573,38,66.08433479709845,72.64585345427658,8.155694283395489,115.51863059121295,0.4931431667859397,0.4931431667859397,109.26256472894804,1,66.08433479709845,66.08433479709845,84.17653906378933,84.17653906378933,1.0,1.0,1.0,[],302.0,,,,,,
stz_8h_v002,Santa Tereza · 8 h V002,8,strict_common_cohort_causal,4,11_to_12,11,12,8,302,71,38,2025-09-13T12:00:00,2025-12-25T15:00:00,20260919,True,Extra Trees,scikit-learn,0.5717921999748796,38,65.02147291208439,72.04367240271685,-2.0785856409787464,110.2221987343186,0.5015112853417358,0.5015112853417358,80.74629129362648,1,65.02147291208439,65.02147291208439,77.3151380621411,77.3151380621411,3.0,3.0,3.0,[],302.0,,,,,,
stz_8h_v002,Santa Tereza · 8 h V002,8,strict_common_cohort_causal,4,11_to_12,11,12,8,302,71,38,2025-09-13T12:00:00,2025-12-25T15:00:00,20260919,True,HistGradientBoosting,scikit-learn,0.23977550002746284,38,57.43964775823548,65.15305827190323,3.1081492346233537,108.93299541099395,0.5923069972478334,0.5923069972478334,105.42533786063916,1,57.43964775823548,57.43964775823548,65.40266499798952,65.40266499798952,1.0,1.0,1.0,[],302.0,,,,,,
stz_8h_v002,Santa Tereza · 8 h V002,8,strict_common_cohort_causal,4,11_to_12,11,12,8,302,71,38,2025-09-13T12:00:00,2025-12-25T15:00:00,20260919,True,XGBoost,xgboost,0.28034200007095933,38,58.24324356882196,66.06025040641556,3.460666857267681,105.11061401367186,0.5808745078254036,0.5808745078254036,110.18375955027156,1,58.24324356882196,58.24324356882196,67.28889465332031,67.28889465332031,3.0,3.0,3.0,[],302.0,,,,,,
stz_8h_v002,Santa Tereza · 8 h V002,8,strict_common_cohort_causal,4,11_to_12,11,12,8,302,71,38,2025-09-13T12:00:00,2025-12-25T15:00:00,20260919,True,LightGBM,lightgbm,0.21821169997565448,38,68.08548593450931,75.27439389415439,8.864786527856023,111.21327525475547,0.4558004481319028,0.4558004481319028,130.4137780381533,1,68.08548593450931,68.08548593450931,81.03021459026098,81.03021459026098,-1.0,1.0,1.0,[],302.0,,,,,,
stz_8h_v002,Santa Tereza · 8 h V002,8,strict_common_cohort_causal,4,11_to_12,11,12,8,302,71,38,2025-09-13T12:00:00,2025-12-25T15:00:00,20260919,True,CatBoost,catboost,4.12273359997198,38,63.59905032867452,70.63390748188043,8.0506501337967,101.21668409063716,0.5208294595988554,0.5208294595988554,102.2343626187962,1,63.59905032867452,63.59905032867452,82.97386930027702,82.97386930027702,2.0,2.0,2.0,[],302.0,,,,,,
stz_8h_v002,Santa Tereza · 8 h V002,8,strict_common_cohort_causal,4,11_to_12,11,12,8,302,71,38,2025-09-13T12:00:00,2025-12-25T15:00:00,20260919,True,CNN-1D temporal,pytorch-cpu,0.02967479999642819,38,105.18164011418315,134.6223837222679,-65.76466186717566,233.585159677184,-0.7405968679124153,-0.7405968679124153,243.64267764033158,1,105.18164011418315,105.18164011418315,103.33577630976487,103.33577630976487,5.0,5.0,5.0,,302.0,18.0,11.0,0.20339345932006836,71.0,5857.0,"[{'epoch': 14, 'train_loss': 0.25104600191116333, 'validation_loss': 0.5414630174636841}, {'epoch': 15, 'train_loss': 0.24748124182224274, 'validation_loss': 0.6062299609184265}, {'epoch': 16, 'train_loss': 0.23271723091602325, 'validation_loss': 0.5843327641487122}, {'epoch': 17, 'train_loss': 0.2066187858581543, 'validation_loss': 0.48588207364082336}, {'epoch': 18, 'train_loss': 0.17530812323093414, 'validation_loss': 0.3572029769420624}]"
stz_8h_v002,Santa Tereza · 8 h V002,8,strict_common_cohort_causal,4,11_to_12,11,12,8,302,71,38,2025-09-13T12:00:00,2025-12-25T15:00:00,20260919,True,LSTM,pytorch-cpu,0.026128400000743568,38,103.42731761771283,132.78371538599913,-59.381917641342575,227.65953021456883,-0.6933755231158754,-0.6933755231158754,230.51147017641452,1,103.42731761771283,103.42731761771283,95.63831017338595,95.63831017338595,5.0,5.0,5.0,,302.0,18.0,18.0,0.7035775184631348,71.0,7969.0,"[{'epoch': 14, 'train_loss': 0.4726431667804718, 'validation_loss': 0.9698628187179565}, {'epoch': 15, 'train_loss': 0.4489807188510895, 'validation_loss': 0.8983967900276184}, {'epoch': 16, 'train_loss': 0.4266575276851654, 'validation_loss': 0.8300022482872009}, {'epoch': 17, 'train_loss': 0.40550485253334045, 'validation_loss': 0.7649757862091064}, {'epoch': 18, 'train_loss': 0.38534748554229736, 'validation_loss': 0.7035775184631348}]"
stz_8h_v002,Santa Tereza · 8 h V002,8,strict_common_cohort_causal,4,11_to_12,11,12,8,302,71,38,2025-09-13T12:00:00,2025-12-25T15:00:00,20260919,True,GRU,pytorch-cpu,0.027889400022104383,38,81.83622272393434,107.3098823876822,-55.58408755583762,198.72499520213808,-0.1059693285772334,-0.1059693285772334,187.62972353920208,1,81.83622272393434,81.83622272393434,126.08273767961452,126.08273767961452,2.0,2.0,2.0,,302.0,18.0,18.0,0.4921344220638275,71.0,5985.0,"[{'epoch': 14, 'train_loss': 0.4720255434513092, 'validation_loss': 0.6291117072105408}, {'epoch': 15, 'train_loss': 0.4450029730796814, 'validation_loss': 0.5871671438217163}, {'epoch': 16, 'train_loss': 0.4189242124557495, 'validation_loss': 0.5508219599723816}, {'epoch': 17, 'train_loss': 0.3938429355621338, 'validation_loss': 0.5193809866905212}, {'epoch': 18, 'train_loss': 0.36988958716392517, 'validation_loss': 0.4921344220638275}]"
stz_8h_v002,Santa Tereza · 8 h V002,8,strict_common_cohort_causal,4,11_to_12,11,12,8,302,71,38,2025-09-13T12:00:00,2025-12-25T15:00:00,20260919,True,TCN,pytorch-cpu,0.03491519996896386,38,98.17196205048965,122.54057318292821,-48.59681839976844,220.39061081514922,-0.4421932550031147,-0.4421932550031147,229.35021162147464,1,98.17196205048965,98.17196205048965,115.405493665206,115.405493665206,5.0,5.0,5.0,,302.0,18.0,12.0,0.20456407964229584,71.0,8961.0,"[{'epoch': 14, 'train_loss': 0.18830278515815735, 'validation_loss': 0.33666688203811646}, {'epoch': 15, 'train_loss': 0.18597698211669922, 'validation_loss': 0.4907534420490265}, {'epoch': 16, 'train_loss': 0.1836516261100769, 'validation_loss': 0.5405524969100952}, {'epoch': 17, 'train_loss': 0.1651086062192917, 'validation_loss': 0.4687255620956421}, {'epoch': 18, 'train_loss': 0.13600821793079376, 'validation_loss': 0.34209662675857544}]"
stz_8h_v002,Santa Tereza · 8 h V002,8,strict_common_cohort_causal,4,11_to_12,11,12,8,302,71,38,2025-09-13T12:00:00,2025-12-25T15:00:00,20260919,True,Seq2Seq · decoder 1 passo,pytorch-cpu,0.03515090001747012,38,119.0246452789988,155.08368633831745,-78.64948996191434,261.0571559167102,-1.3099143482368656,-1.3099143482368656,222.23771331558052,1,119.0246452789988,119.0246452789988,133.67820409084703,133.67820409084703,26.0,26.0,26.0,,302.0,18.0,18.0,0.7670626640319824,71.0,12449.0,"[{'epoch': 14, 'train_loss': 0.5734456777572632, 'validation_loss': 1.1078052520751953}, {'epoch': 15, 'train_loss': 0.5425658822059631, 'validation_loss': 1.0110678672790527}, {'epoch': 16, 'train_loss': 0.5141397714614868, 'validation_loss': 0.9219464659690857}, {'epoch': 17, 'train_loss': 0.48836633563041687, 'validation_loss': 0.8406957387924194}, {'epoch': 18, 'train_loss': 0.46511396765708923, 'validation_loss': 0.7670626640319824}]"
stz_8h_v002,Santa Tereza · 8 h V002,8,strict_common_cohort_causal,4,11_to_12,11,12,8,302,71,38,2025-09-13T12:00:00,2025-12-25T15:00:00,20260919,True,Transformer temporal,pytorch-cpu,0.05774900002870709,38,53.6074612168541,63.03116706701497,-41.18241395121168,111.07922419090234,0.6184298944301942,0.6184298944301942,141.71521101275704,1,53.6074612168541,53.6074612168541,19.776378494210576,19.776378494210576,-1.0,1.0,1.0,,302.0,18.0,11.0,0.26413190364837646,71.0,9633.0,"[{'epoch': 14, 'train_loss': 0.20211654901504517, 'validation_loss': 0.307589590549469}, {'epoch': 15, 'train_loss': 0.19086423516273499, 'validation_loss': 0.339199036359787}, {'epoch': 16, 'train_loss': 0.1791415810585022, 'validation_loss': 0.36953797936439514}, {'epoch': 17, 'train_loss': 0.16840827465057373, 'validation_loss': 0.39264538884162903}, {'epoch': 18, 'train_loss': 0.15978111326694489, 'validation_loss': 0.4060240387916565}]"
stz_8h_v002,Santa Tereza · 8 h V002,8,strict_common_cohort_causal,4,11_to_12,11,12,8,302,71,38,2025-09-13T12:00:00,2025-12-25T15:00:00,20260919,True,DLinear experimental,pytorch-cpu,0.015141400042921305,38,115.82663331822098,144.79796903326337,-48.33855658622631,253.18214197624332,-1.0136713266861785,-1.0136713266861785,275.99886069961167,1,115.82663331822098,115.82663331822098,42.33276977992932,42.33276977992932,27.0,27.0,27.0,,302.0,18.0,18.0,0.6386222243309021,71.0,58.0,"[{'epoch': 14, 'train_loss': 0.44792377948760986, 'validation_loss': 0.7673097252845764}, {'epoch': 15, 'train_loss': 0.4359912872314453, 'validation_loss': 0.7330213785171509}, {'epoch': 16, 'train_loss': 0.4246180057525635, 'validation_loss': 0.7001210451126099}, {'epoch': 17, 'train_loss': 0.4137769639492035, 'validation_loss': 0.6686526536941528}, {'epoch': 18, 'train_loss': 0.40344035625457764, 'validation_loss': 0.6386222243309021}]"
stz_8h_v002,Santa Tereza · 8 h V002,8,strict_common_cohort_causal,4,11_to_12,11,12,8,302,71,38,2025-09-13T12:00:00,2025-12-25T15:00:00,20260919,True,NLinear experimental,pytorch-cpu,0.010623599984683096,38,111.18949365503651,141.03086762077763,-49.501797215926686,266.6609571268078,-0.9102578834019119,-0.9102578834019119,196.67157423920187,1,111.18949365503651,111.18949365503651,92.32649194927407,92.32649194927407,23.0,23.0,23.0,,302.0,18.0,18.0,2.1706442832946777,71.0,113.0,"[{'epoch': 14, 'train_loss': 0.8510560393333435, 'validation_loss': 2.242457628250122}, {'epoch': 15, 'train_loss': 0.842005729675293, 'validation_loss': 2.223149061203003}, {'epoch': 16, 'train_loss': 0.8336034417152405, 'validation_loss': 2.2047786712646484}, {'epoch': 17, 'train_loss': 0.825721025466919, 'validation_loss': 2.1872923374176025}, {'epoch': 18, 'train_loss': 0.8182528018951416, 'validation_loss': 2.1706442832946777}]"
stz_8h_v002,Santa Tereza · 8 h V002,8,strict_common_cohort_causal,4,11_to_12,11,12,8,302,71,38,2025-09-13T12:00:00,2025-12-25T15:00:00,20260919,True,TSMixer experimental,pytorch-cpu,0.05321510008070618,38,85.65383360147366,92.6496988696043,13.138464216279731,131.92333703672816,0.1755740194211225,0.1755740194211225,127.59100157652287,1,85.65383360147366,85.65383360147366,107.11981137757095,107.11981137757095,32.0,32.0,32.0,,302.0,18.0,18.0,0.654507577419281,71.0,2945.0,"[{'epoch': 14, 'train_loss': 0.35151734948158264, 'validation_loss': 0.9009215235710144}, {'epoch': 15, 'train_loss': 0.3312270939350128, 'validation_loss': 0.8215206265449524}, {'epoch': 16, 'train_loss': 0.3159772753715515, 'validation_loss': 0.7548326253890991}, {'epoch': 17, 'train_loss': 0.3045535087585449, 'validation_loss': 0.6996192336082458}, {'epoch': 18, 'train_loss': 0.2957577407360077, 'validation_loss': 0.654507577419281}]"
stz_8h_v002,Santa Tereza · 8 h V002,8,strict_common_cohort_causal,4,11_to_12,11,12,8,302,71,38,2025-09-13T12:00:00,2025-12-25T15:00:00,20260919,True,N-BEATS experimental,pytorch-cpu,0.04288680001627654,38,56.55197199176123,63.71138901050621,1.0631732451159113,98.19111860185264,0.6101497722613318,0.6101497722613318,112.04063913954539,1,56.55197199176123,56.55197199176123,46.93462870679224,46.93462870679224,-1.0,1.0,1.0,,302.0,18.0,17.0,0.05830211192369461,71.0,30194.0,"[{'epoch': 14, 'train_loss': 0.07134798914194107, 'validation_loss': 0.1886426955461502}, {'epoch': 15, 'train_loss': 0.059998709708452225, 'validation_loss': 0.16924239695072174}, {'epoch': 16, 'train_loss': 0.053352903574705124, 'validation_loss': 0.1073087602853775}, {'epoch': 17, 'train_loss': 0.04467353597283363, 'validation_loss': 0.05830211192369461}, {'epoch': 18, 'train_loss': 0.036231908947229385, 'validation_loss': 0.06016109511256218}]"
stz_8h_v002,Santa Tereza · 8 h V002,8,strict_common_cohort_causal,4,11_to_12,11,12,8,302,71,38,2025-09-13T12:00:00,2025-12-25T15:00:00,20260919,True,N-HiTS-lite experimental,pytorch-cpu,0.02022979990579188,38,103.75441203822473,130.94828236622524,-60.29937663239836,232.09084943899498,-0.6468849381972741,-0.6468849381972741,255.85363270576414,1,103.75441203822473,103.75441203822473,113.28529213345678,113.28529213345678,5.0,5.0,5.0,,302.0,14.0,7.0,0.2623926103115082,71.0,4225.0,"[{'epoch': 10, 'train_loss': 0.2515384256839752, 'validation_loss': 0.3192123770713806}, {'epoch': 11, 'train_loss': 0.21483033895492554, 'validation_loss': 0.3255075216293335}, {'epoch': 12, 'train_loss': 0.18190805613994598, 'validation_loss': 0.3198934495449066}, {'epoch': 13, 'train_loss': 0.15458209812641144, 'validation_loss': 0.3049112856388092}, {'epoch': 14, 'train_loss': 0.13341407477855682, 'validation_loss': 0.28468969464302063}]"
stz_8h_v002,Santa Tereza · 8 h V002,8,strict_common_cohort_causal,4,11_to_12,11,12,8,302,71,38,2025-09-13T12:00:00,2025-12-25T15:00:00,20260919,True,PatchTST experimental,pytorch-cpu,0.07646549993660301,38,43.02308181159657,52.06809108720113,-26.028160466595626,88.81209204993435,0.7396203990323137,0.7396203990323137,100.07678895267543,1,43.02308181159657,43.02308181159657,30.36555365122308,30.36555365122308,-2.0,2.0,2.0,,302.0,18.0,12.0,0.2861311137676239,71.0,9505.0,"[{'epoch': 14, 'train_loss': 0.20528730750083923, 'validation_loss': 0.328470915555954}, {'epoch': 15, 'train_loss': 0.19367821514606476, 'validation_loss': 0.3656083345413208}, {'epoch': 16, 'train_loss': 0.18235288560390472, 'validation_loss': 0.402435839176178}, {'epoch': 17, 'train_loss': 0.17221778631210327, 'validation_loss': 0.43120473623275757}, {'epoch': 18, 'train_loss': 0.16388443112373352, 'validation_loss': 0.44841861724853516}]"
stz_8h_v002,Santa Tereza · 8 h V002,8,strict_common_cohort_causal,4,11_to_12,11,12,8,302,71,38,2025-09-13T12:00:00,2025-12-25T15:00:00,20260919,True,TFT-lite experimental,pytorch-cpu,0.08733390003908426,38,96.84835871444571,123.88119037690427,-36.252216158733354,239.39617952588623,-0.4739216052994111,-0.4739216052994111,244.1482134417178,1,96.84835871444571,96.84835871444571,10.005169632751574,10.005169632751574,5.0,5.0,5.0,,302.0,18.0,18.0,0.24398347735404968,71.0,14125.0,"[{'epoch': 14, 'train_loss': 0.34752601385116577, 'validation_loss': 0.4646005630493164}, {'epoch': 15, 'train_loss': 0.32007479667663574, 'validation_loss': 0.38240528106689453}, {'epoch': 16, 'train_loss': 0.3094739019870758, 'validation_loss': 0.3279096186161041}, {'epoch': 17, 'train_loss': 0.2956824004650116, 'validation_loss': 0.28093570470809937}, {'epoch': 18, 'train_loss': 0.2746962606906891, 'validation_loss': 0.24398347735404968}]"
stz_8h_v002,Santa Tereza · 8 h V002,8,strict_common_cohort_causal,4,12_to_13,12,13,9,373,38,22,2025-11-12T11:00:00,2025-12-30T18:00:00,20260919,True,Persistência,baseline,0.0,22,356.8636363636364,367.44430623132286,356.8636363636364,471.9,-29.04057545953326,-29.04057545953326,1288.503398380954,1,356.8636363636364,356.8636363636364,238.0,238.0,-5.0,5.0,5.0,,,,,,,,
stz_8h_v002,Santa Tereza · 8 h V002,8,strict_common_cohort_causal,4,12_to_13,12,13,9,373,38,22,2025-11-12T11:00:00,2025-12-30T18:00:00,20260919,True,Ridge,scikit-learn,0.0005602000746876001,22,77.51280489834872,90.84061411359268,32.523644187233664,130.59356536865232,-0.8360534782509912,-0.8360534782509912,218.81549884810542,1,77.51280489834872,77.51280489834872,39.171478271484375,39.171478271484375,-14.0,14.0,14.0,[],373.0,,,,,,
stz_8h_v002,Santa Tereza · 8 h V002,8,strict_common_cohort_causal,4,12_to_13,12,13,9,373,38,22,2025-11-12T11:00:00,2025-12-30T18:00:00,20260919,True,Elastic Net,scikit-learn,0.01963580003939569,22,76.85079262473367,89.54048870265936,33.196448586203836,144.83180084228513,-0.7838737890464815,-0.7838737890464815,216.91921970106134,1,76.85079262473367,76.85079262473367,48.75970458984375,48.75970458984375,-14.0,14.0,14.0,[],373.0,,,,,,
stz_8h_v002,Santa Tereza · 8 h V002,8,strict_common_cohort_causal,4,12_to_13,12,13,9,373,38,22,2025-11-12T11:00:00,2025-12-30T18:00:00,20260919,True,SVR,scikit-learn,0.005805999971926212,22,47.2074448187374,65.03889228943811,-1.848017723186137,148.12125708024726,0.05882263178967018,0.05882263178967018,103.7523534507169,1,47.2074448187374,47.2074448187374,114.27098399668091,114.27098399668091,-20.0,20.0,20.0,[],373.0,,,,,,
stz_8h_v002,Santa Tereza · 8 h V002,8,strict_common_cohort_causal,4,12_to_13,12,13,9,373,38,22,2025-11-12T11:00:00,2025-12-30T18:00:00,20260919,True,MLP,scikit-learn,0.07879940001294017,22,36.85351493141868,44.18174530048505,7.528850902210582,64.08194580078124,0.5656788896206668,0.5656788896206668,110.11809284098138,1,36.85351493141868,36.85351493141868,4.457855224609375,4.457855224609375,0.0,0.0,0.0,[],373.0,,,,,,
stz_8h_v002,Santa Tereza · 8 h V002,8,strict_common_cohort_causal,4,12_to_13,12,13,9,373,38,22,2025-11-12T11:00:00,2025-12-30T18:00:00,20260919,True,Random Forest,scikit-learn,1.0589185999706388,22,43.20496353099324,57.84566007258035,3.6267262924843844,128.9807590102447,0.25549646215655364,0.25549646215655364,88.50646334194842,1,43.20496353099324,43.20496353099324,107.09582796768814,107.09582796768814,2.0,2.0,2.0,[],373.0,,,,,,
stz_8h_v002,Santa Tereza · 8 h V002,8,strict_common_cohort_causal,4,12_to_13,12,13,9,373,38,22,2025-11-12T11:00:00,2025-12-30T18:00:00,20260919,True,Extra Trees,scikit-learn,0.5844806999666616,22,44.42580516311925,61.29379492668409,-3.2032572653217217,136.6314782786999,0.16409249300076445,0.16409249300076445,92.09259275780532,1,44.42580516311925,44.42580516311925,122.0644150972044,122.0644150972044,-15.0,15.0,15.0,[],373.0,,,,,,
stz_8h_v002,Santa Tereza · 8 h V002,8,strict_common_cohort_causal,4,12_to_13,12,13,9,373,38,22,2025-11-12T11:00:00,2025-12-30T18:00:00,20260919,True,HistGradientBoosting,scikit-learn,0.28797300008591264,22,52.510834644522944,63.88408445729702,13.543432912509695,129.00633313483755,0.09194834585385647,0.09194834585385647,123.08807052632163,1,52.510834644522944,52.510834644522944,83.26384678582554,83.26384678582554,-19.0,19.0,19.0,[],373.0,,,,,,
stz_8h_v002,Santa Tereza · 8 h V002,8,strict_common_cohort_causal,4,12_to_13,12,13,9,373,38,22,2025-11-12T11:00:00,2025-12-30T18:00:00,20260919,True,XGBoost,xgboost,0.32367109996266663,22,49.08650207519531,68.62155700805296,5.773585926402699,145.33465423583982,-0.04772266589070462,-0.04772266589070462,101.19313733918761,1,49.08650207519531,49.08650207519531,91.00787353515625,91.00787353515625,2.0,2.0,2.0,[],373.0,,,,,,
stz_8h_v002,Santa Tereza · 8 h V002,8,strict_common_cohort_causal,4,12_to_13,12,13,9,373,38,22,2025-11-12T11:00:00,2025-12-30T18:00:00,20260919,True,LightGBM,lightgbm,0.2562828999944031,22,45.56155789247373,63.625770257132224,1.3841230906019357,148.8441353442395,0.09927688202175244,0.09927688202175244,85.12994917725987,1,45.56155789247373,45.56155789247373,92.52435237523184,92.52435237523184,-19.0,19.0,19.0,[],373.0,,,,,,
stz_8h_v002,Santa Tereza · 8 h V002,8,strict_common_cohort_causal,4,12_to_13,12,13,9,373,38,22,2025-11-12T11:00:00,2025-12-30T18:00:00,20260919,True,CatBoost,catboost,4.501079399953596,22,36.99634933627897,56.943503173196596,-7.405984680331236,131.1310935945631,0.27853782528898163,0.27853782528898163,66.01231898070938,1,36.99634933627897,36.99634933627897,108.33613577956316,108.33613577956316,2.0,2.0,2.0,[],373.0,,,,,,
stz_8h_v002,Santa Tereza · 8 h V002,8,strict_common_cohort_causal,4,12_to_13,12,13,9,373,38,22,2025-11-12T11:00:00,2025-12-30T18:00:00,20260919,True,CNN-1D temporal,pytorch-cpu,0.030195500003173947,22,21.33941617691248,27.029443753544495,-8.487099119178792,38.996162886608055,0.8374453414399377,0.8374453414399377,62.95071440383613,1,21.33941617691248,21.33941617691248,16.615500194975766,16.615500194975766,2.0,2.0,2.0,,373.0,18.0,18.0,0.20423159003257751,38.0,5857.0,"[{'epoch': 14, 'train_loss': 0.23879605531692505, 'validation_loss': 0.350902259349823}, {'epoch': 15, 'train_loss': 0.2403998076915741, 'validation_loss': 0.3002690374851227}, {'epoch': 16, 'train_loss': 0.2256859987974167, 'validation_loss': 0.2574968636035919}, {'epoch': 17, 'train_loss': 0.19909831881523132, 'validation_loss': 0.22499854862689972}, {'epoch': 18, 'train_loss': 0.1688050627708435, 'validation_loss': 0.20423159003257751}]"
stz_8h_v002,Santa Tereza · 8 h V002,8,strict_common_cohort_causal,4,12_to_13,12,13,9,373,38,22,2025-11-12T11:00:00,2025-12-30T18:00:00,20260919,True,LSTM,pytorch-cpu,0.027094500022940338,22,56.35893999095267,75.04719256555516,-45.93076106573781,157.87014916574688,-0.25312416336753474,-0.25312416336753474,156.35502142378962,1,56.35893999095267,56.35893999095267,98.80332724267873,98.80332724267873,2.0,2.0,2.0,,373.0,18.0,18.0,0.4770731031894684,38.0,7969.0,"[{'epoch': 14, 'train_loss': 0.432206392288208, 'validation_loss': 0.5574602484703064}, {'epoch': 15, 'train_loss': 0.40618860721588135, 'validation_loss': 0.5387274622917175}, {'epoch': 16, 'train_loss': 0.3815685510635376, 'validation_loss': 0.5191076993942261}, {'epoch': 17, 'train_loss': 0.3584612309932709, 'validation_loss': 0.4985552430152893}, {'epoch': 18, 'train_loss': 0.3368357717990875, 'validation_loss': 0.4770731031894684}]"
stz_8h_v002,Santa Tereza · 8 h V002,8,strict_common_cohort_causal,4,12_to_13,12,13,9,373,38,22,2025-11-12T11:00:00,2025-12-30T18:00:00,20260919,True,GRU,pytorch-cpu,0.030240499996580184,22,64.32973348968059,74.52846561945691,-62.2213677107884,113.14636756449009,-0.23586081896278288,-0.23586081896278288,252.4116823899724,1,64.32973348968059,64.32973348968059,5.74430358943431,5.74430358943431,2.0,2.0,2.0,,373.0,18.0,18.0,0.2775081694126129,38.0,5985.0,"[{'epoch': 14, 'train_loss': 0.38751381635665894, 'validation_loss': 0.4432525634765625}, {'epoch': 15, 'train_loss': 0.36256417632102966, 'validation_loss': 0.39642077684402466}, {'epoch': 16, 'train_loss': 0.3389410376548767, 'validation_loss': 0.35298943519592285}, {'epoch': 17, 'train_loss': 0.31651782989501953, 'validation_loss': 0.3132694661617279}, {'epoch': 18, 'train_loss': 0.295299232006073, 'validation_loss': 0.2775081694126129}]"
stz_8h_v002,Santa Tereza · 8 h V002,8,strict_common_cohort_causal,4,12_to_13,12,13,9,373,38,22,2025-11-12T11:00:00,2025-12-30T18:00:00,20260919,True,TCN,pytorch-cpu,0.037138800020329654,22,26.545563716279844,38.56584545945139,20.037051429646024,88.94143115521565,0.6690739794993773,0.6690739794993773,61.123064861735756,1,26.545563716279844,26.545563716279844,95.6406673226985,95.6406673226985,2.0,2.0,2.0,,373.0,18.0,18.0,0.17766201496124268,38.0,8961.0,"[{'epoch': 14, 'train_loss': 0.18545182049274445, 'validation_loss': 0.37279725074768066}, {'epoch': 15, 'train_loss': 0.2002970576286316, 'validation_loss': 0.3014889359474182}, {'epoch': 16, 'train_loss': 0.19263073801994324, 'validation_loss': 0.2314564287662506}, {'epoch': 17, 'train_loss': 0.16068272292613983, 'validation_loss': 0.18668358027935028}, {'epoch': 18, 'train_loss': 0.12442266196012497, 'validation_loss': 0.17766201496124268}]"
stz_8h_v002,Santa Tereza · 8 h V002,8,strict_common_cohort_causal,4,12_to_13,12,13,9,373,38,22,2025-11-12T11:00:00,2025-12-30T18:00:00,20260919,True,Seq2Seq · decoder 1 passo,pytorch-cpu,0.037962600006721914,22,81.67711945590445,107.95224401934865,-77.98541296681186,246.3805081090028,-1.5929166266732668,-1.5929166266732668,240.2066434634489,1,81.67711945590445,81.67711945590445,196.678277457604,196.678277457604,2.0,2.0,2.0,,373.0,18.0,18.0,0.6916897892951965,38.0,12449.0,"[{'epoch': 14, 'train_loss': 0.5331476330757141, 'validation_loss': 0.7380082011222839}, {'epoch': 15, 'train_loss': 0.49817344546318054, 'validation_loss': 0.7302649021148682}, {'epoch': 16, 'train_loss': 0.4652543365955353, 'validation_loss': 0.7204685807228088}, {'epoch': 17, 'train_loss': 0.43477535247802734, 'validation_loss': 0.7078738808631897}, {'epoch': 18, 'train_loss': 0.4069756269454956, 'validation_loss': 0.6916897892951965}]"
stz_8h_v002,Santa Tereza · 8 h V002,8,strict_common_cohort_causal,4,12_to_13,12,13,9,373,38,22,2025-11-12T11:00:00,2025-12-30T18:00:00,20260919,True,Transformer temporal,pytorch-cpu,0.05282499990426004,22,73.15026088921698,83.50049521406201,68.6765473070342,128.0385191384879,-0.5513268379748584,-0.5513268379748584,249.93618821406517,1,73.15026088921698,73.15026088921698,7.633727699362282,7.633727699362282,2.0,2.0,2.0,,373.0,18.0,18.0,0.14243005216121674,38.0,9633.0,"[{'epoch': 14, 'train_loss': 0.1651502549648285, 'validation_loss': 0.16487812995910645}, {'epoch': 15, 'train_loss': 0.15957504510879517, 'validation_loss': 0.158295676112175}, {'epoch': 16, 'train_loss': 0.15292105078697205, 'validation_loss': 0.15119639039039612}, {'epoch': 17, 'train_loss': 0.1456417292356491, 'validation_loss': 0.14588387310504913}, {'epoch': 18, 'train_loss': 0.1379443109035492, 'validation_loss': 0.14243005216121674}]"
stz_8h_v002,Santa Tereza · 8 h V002,8,strict_common_cohort_causal,4,12_to_13,12,13,9,373,38,22,2025-11-12T11:00:00,2025-12-30T18:00:00,20260919,True,DLinear experimental,pytorch-cpu,0.007386299897916615,22,50.39804565178304,78.37376479527018,-11.662133167023507,122.61869446728593,-0.3666793171353979,-0.3666793171353979,119.46680521358356,1,50.39804565178304,50.39804565178304,46.28326893498922,46.28326893498922,2.0,2.0,2.0,,373.0,18.0,18.0,0.5617772340774536,38.0,58.0,"[{'epoch': 14, 'train_loss': 0.416967511177063, 'validation_loss': 0.6489139199256897}, {'epoch': 15, 'train_loss': 0.4031756520271301, 'validation_loss': 0.6252462267875671}, {'epoch': 16, 'train_loss': 0.39003658294677734, 'validation_loss': 0.6028568148612976}, {'epoch': 17, 'train_loss': 0.3775305151939392, 'validation_loss': 0.5817129015922546}, {'epoch': 18, 'train_loss': 0.36563605070114136, 'validation_loss': 0.5617772340774536}]"
stz_8h_v002,Santa Tereza · 8 h V002,8,strict_common_cohort_causal,4,12_to_13,12,13,9,373,38,22,2025-11-12T11:00:00,2025-12-30T18:00:00,20260919,True,NLinear experimental,pytorch-cpu,0.005969700054265559,22,89.2321677001501,104.7579525848394,-77.69795165294323,153.82047550326118,-1.4417388167670517,-1.4417388167670517,306.4825511412752,1,89.2321677001501,89.2321677001501,122.78594557028885,122.78594557028885,1.0,1.0,1.0,,373.0,18.0,18.0,0.6021853685379028,38.0,113.0,"[{'epoch': 14, 'train_loss': 0.8704423308372498, 'validation_loss': 0.6167423129081726}, {'epoch': 15, 'train_loss': 0.8614591956138611, 'validation_loss': 0.6099965572357178}, {'epoch': 16, 'train_loss': 0.8531065583229065, 'validation_loss': 0.6054761409759521}, {'epoch': 17, 'train_loss': 0.8452774286270142, 'validation_loss': 0.6029495596885681}, {'epoch': 18, 'train_loss': 0.8378852009773254, 'validation_loss': 0.6021853685379028}]"
stz_8h_v002,Santa Tereza · 8 h V002,8,strict_common_cohort_causal,4,12_to_13,12,13,9,373,38,22,2025-11-12T11:00:00,2025-12-30T18:00:00,20260919,True,TSMixer experimental,pytorch-cpu,0.03081889997702092,22,46.72096711309628,67.26947023021421,-23.37363032340229,160.7653934094878,-0.006841756225439255,-0.006841756225439255,118.393313459812,1,46.72096711309628,46.72096711309628,96.29473863633467,96.29473863633467,-21.0,21.0,21.0,,373.0,18.0,18.0,0.3638816773891449,38.0,2945.0,"[{'epoch': 14, 'train_loss': 0.32759785652160645, 'validation_loss': 0.39358797669410706}, {'epoch': 15, 'train_loss': 0.30312877893447876, 'validation_loss': 0.3805178105831146}, {'epoch': 16, 'train_loss': 0.2855214774608612, 'validation_loss': 0.3720000386238098}, {'epoch': 17, 'train_loss': 0.2736717760562897, 'validation_loss': 0.3668898344039917}, {'epoch': 18, 'train_loss': 0.2661384046077728, 'validation_loss': 0.3638816773891449}]"
stz_8h_v002,Santa Tereza · 8 h V002,8,strict_common_cohort_causal,4,12_to_13,12,13,9,373,38,22,2025-11-12T11:00:00,2025-12-30T18:00:00,20260919,True,N-BEATS experimental,pytorch-cpu,0.022097100038081408,22,35.11147346998,38.96956800914691,16.400606215664723,57.88259917377431,0.6621091848193008,0.6621091848193008,106.61360160400332,1,35.11147346998,35.11147346998,14.328934364069255,14.328934364069255,2.0,2.0,2.0,,373.0,18.0,16.0,0.09774292260408401,38.0,30194.0,"[{'epoch': 14, 'train_loss': 0.0620882585644722, 'validation_loss': 0.11139418929815292}, {'epoch': 15, 'train_loss': 0.04668142646551132, 'validation_loss': 0.09873402118682861}, {'epoch': 16, 'train_loss': 0.04558688402175903, 'validation_loss': 0.09774292260408401}, {'epoch': 17, 'train_loss': 0.0491357147693634, 'validation_loss': 0.10407105088233948}, {'epoch': 18, 'train_loss': 0.04689555615186691, 'validation_loss': 0.11375223845243454}]"
stz_8h_v002,Santa Tereza · 8 h V002,8,strict_common_cohort_causal,4,12_to_13,12,13,9,373,38,22,2025-11-12T11:00:00,2025-12-30T18:00:00,20260919,True,N-HiTS-lite experimental,pytorch-cpu,0.013102700002491474,22,32.16132078245301,37.724957193909425,-10.058015121586664,67.41789378994919,0.6833476504137892,0.6833476504137892,97.76073144087736,1,32.16132078245301,32.16132078245301,19.298408905530607,19.298408905530607,2.0,2.0,2.0,,373.0,18.0,18.0,0.23277202248573303,38.0,4225.0,"[{'epoch': 14, 'train_loss': 0.13719670474529266, 'validation_loss': 0.26340365409851074}, {'epoch': 15, 'train_loss': 0.12434892356395721, 'validation_loss': 0.25284042954444885}, {'epoch': 16, 'train_loss': 0.11634958535432816, 'validation_loss': 0.24515731632709503}, {'epoch': 17, 'train_loss': 0.111944779753685, 'validation_loss': 0.23887091875076294}, {'epoch': 18, 'train_loss': 0.10918446630239487, 'validation_loss': 0.23277202248573303}]"
stz_8h_v002,Santa Tereza · 8 h V002,8,strict_common_cohort_causal,4,12_to_13,12,13,9,373,38,22,2025-11-12T11:00:00,2025-12-30T18:00:00,20260919,True,PatchTST experimental,pytorch-cpu,0.04291720001492649,22,50.32503760584661,59.53639772700317,39.57085201752216,103.43479268023376,0.2113390974208088,0.2113390974208088,157.86466865504224,1,50.32503760584661,50.32503760584661,39.34855084323476,39.34855084323476,2.0,2.0,2.0,,373.0,17.0,10.0,0.09212338924407959,38.0,9505.0,"[{'epoch': 13, 'train_loss': 0.17296259105205536, 'validation_loss': 0.10986296832561493}, {'epoch': 14, 'train_loss': 0.1671183854341507, 'validation_loss': 0.11246250569820404}, {'epoch': 15, 'train_loss': 0.1616046130657196, 'validation_loss': 0.11114765703678131}, {'epoch': 16, 'train_loss': 0.1557665318250656, 'validation_loss': 0.10780072212219238}, {'epoch': 17, 'train_loss': 0.14936421811580658, 'validation_loss': 0.10417888313531876}]"
stz_8h_v002,Santa Tereza · 8 h V002,8,strict_common_cohort_causal,4,12_to_13,12,13,9,373,38,22,2025-11-12T11:00:00,2025-12-30T18:00:00,20260919,True,TFT-lite experimental,pytorch-cpu,0.06783319998066872,22,32.221645968404175,42.353804404007036,14.865616046238962,65.13890043662853,0.6008739658178708,0.6008739658178708,88.6673544738179,1,32.221645968404175,32.221645968404175,98.60502652690946,98.60502652690946,2.0,2.0,2.0,,373.0,18.0,18.0,0.3944607377052307,38.0,14125.0,"[{'epoch': 14, 'train_loss': 0.2870195806026459, 'validation_loss': 0.521735668182373}, {'epoch': 15, 'train_loss': 0.25861918926239014, 'validation_loss': 0.5541149377822876}, {'epoch': 16, 'train_loss': 0.24963690340518951, 'validation_loss': 0.5366074442863464}, {'epoch': 17, 'train_loss': 0.23988480865955353, 'validation_loss': 0.4668026864528656}, {'epoch': 18, 'train_loss': 0.22233043611049652, 'validation_loss': 0.3944607377052307}]"
